"","x"
"1","AAACCCAAGCTAAATG-1_2_2"
"2","AAACCCAGTGGTACAG-1_2_2"
"3","AAACGAAAGCTCCATA-1_2_2"
"4","AAACGAAAGGCGAACT-1_2_2"
"5","AAACGAAAGTCAGCGA-1_2_2"
"6","AAACGAACAGGTGGAT-1_2_2"
"7","AAACGAACATCGATAC-1_2_2"
"8","AAACGAATCATTGTTC-1_2_2"
"9","AAACGAATCTACAGGT-1_2_2"
"10","AAACGCTCAGGCGTTC-1_2_2"
"11","AAACGCTGTATAATGG-1_2_2"
"12","AAAGAACCAATCACGT-1_2_2"
"13","AAAGAACGTACGAGTG-1_2_2"
"14","AAAGAACTCGACGATT-1_2_2"
"15","AAAGAACTCGGCATTA-1_2_2"
"16","AAAGAACTCTACCAGA-1_2_2"
"17","AAAGAACTCTGGACTA-1_2_2"
"18","AAAGGATAGGCTATCT-1_2_2"
"19","AAAGGATAGTACAACA-1_2_2"
"20","AAAGGATCACAATGTC-1_2_2"
"21","AAAGGATTCATGCCCT-1_2_2"
"22","AAAGGGCTCGCAATGT-1_2_2"
"23","AAAGGGCTCGTGAGAG-1_2_2"
"24","AAAGGTAAGTTGCATC-1_2_2"
"25","AAAGGTAGTGGCGTAA-1_2_2"
"26","AAAGGTATCCCTCTAG-1_2_2"
"27","AAAGGTATCGAAATCC-1_2_2"
"28","AAAGTCCAGTCCCAGC-1_2_2"
"29","AAAGTCCCATGGCGCT-1_2_2"
"30","AAAGTCCTCACTTCTA-1_2_2"
"31","AAAGTCCTCAGACATC-1_2_2"
"32","AAAGTGATCAACTCTT-1_2_2"
"33","AAATGGAAGGTACATA-1_2_2"
"34","AAATGGAAGTGAGGCT-1_2_2"
"35","AAATGGATCAAGGTGG-1_2_2"
"36","AACAAAGCAGCTATAC-1_2_2"
"37","AACAAAGTCCATCGTC-1_2_2"
"38","AACAAAGTCCCATAGA-1_2_2"
"39","AACAAAGTCGTGCACG-1_2_2"
"40","AACAACCCAGCTACCG-1_2_2"
"41","AACAACCGTTCTAAGC-1_2_2"
"42","AACAACCTCGGAGTGA-1_2_2"
"43","AACAACCTCTTGGCTC-1_2_2"
"44","AACAAGACACGGTGTC-1_2_2"
"45","AACAAGAGTCCTATAG-1_2_2"
"46","AACAAGATCACTACTT-1_2_2"
"47","AACACACAGACCCTTA-1_2_2"
"48","AACACACAGCGTATGG-1_2_2"
"49","AACACACGTATCGATC-1_2_2"
"50","AACACACGTTACACTG-1_2_2"
"51","AACACACTCCGGTAGC-1_2_2"
"52","AACACACTCGTTACCC-1_2_2"
"53","AACAGGGAGATACGAT-1_2_2"
"54","AACCAACAGTTACTCG-1_2_2"
"55","AACCACACACATTACG-1_2_2"
"56","AACCACACATTGTGCA-1_2_2"
"57","AACCATGCAGTCAGAG-1_2_2"
"58","AACCATGTCAAGTCTG-1_2_2"
"59","AACCATGTCAGGCGAA-1_2_2"
"60","AACCATGTCTCCCATG-1_2_2"
"61","AACCCAAAGAGATTCA-1_2_2"
"62","AACCCAACAAGACGGT-1_2_2"
"63","AACCCAACAGTCGGTC-1_2_2"
"64","AACCCAAGTCTCAGAT-1_2_2"
"65","AACCCAATCACGAGGA-1_2_2"
"66","AACCCAATCTATTGTC-1_2_2"
"67","AACCTGACAACGACAG-1_2_2"
"68","AACCTGAGTACCGTGC-1_2_2"
"69","AACCTGAGTCACTGAT-1_2_2"
"70","AACCTGAGTTGGACTT-1_2_2"
"71","AACCTTTAGCGCCCAT-1_2_2"
"72","AACCTTTGTAGAGACC-1_2_2"
"73","AACCTTTGTTAGAAGT-1_2_2"
"74","AACGGGAGTGGCATCC-1_2_2"
"75","AACGGGATCGCTTACC-1_2_2"
"76","AACGTCAAGATGACCG-1_2_2"
"77","AACGTCACAGCTGAAG-1_2_2"
"78","AACGTCAGTATCTCTT-1_2_2"
"79","AACTTCTAGCGCAATG-1_2_2"
"80","AACTTCTGTTTGACAC-1_2_2"
"81","AAGAACACAACCACGC-1_2_2"
"82","AAGAACACATCTTTCA-1_2_2"
"83","AAGACAAAGCTAAACA-1_2_2"
"84","AAGACAATCCGTTTCG-1_2_2"
"85","AAGACTCAGCTGTCCG-1_2_2"
"86","AAGACTCAGTCCCAAT-1_2_2"
"87","AAGACTCCAATGAAAC-1_2_2"
"88","AAGACTCGTCATGGCC-1_2_2"
"89","AAGATAGAGACATAGT-1_2_2"
"90","AAGATAGAGCAGCAGT-1_2_2"
"91","AAGATAGAGTCTGGTT-1_2_2"
"92","AAGATAGCAAGGCCTC-1_2_2"
"93","AAGATAGCACGTTCGG-1_2_2"
"94","AAGATAGGTAAGGCTG-1_2_2"
"95","AAGATAGGTACGTACT-1_2_2"
"96","AAGATAGGTTTCTATC-1_2_2"
"97","AAGATAGTCACAATGC-1_2_2"
"98","AAGCATCCAGGTCAGA-1_2_2"
"99","AAGCATCTCACTGAAC-1_2_2"
"100","AAGCATCTCATGGGAG-1_2_2"
"101","AAGCCATAGCTAGAAT-1_2_2"
"102","AAGCCATAGGCCACTC-1_2_2"
"103","AAGCCATAGTAAATGC-1_2_2"
"104","AAGCCATTCATATGGC-1_2_2"
"105","AAGCGAGTCCAAGCCG-1_2_2"
"106","AAGCGTTCACGACTAT-1_2_2"
"107","AAGCGTTCATGACACT-1_2_2"
"108","AAGCGTTTCACCTGGG-1_2_2"
"109","AAGGAATAGGAACGAA-1_2_2"
"110","AAGGAATAGGGCCTCT-1_2_2"
"111","AAGGAATCACGTAACT-1_2_2"
"112","AAGGAATGTGAGTAAT-1_2_2"
"113","AAGGAATGTTAAGACA-1_2_2"
"114","AAGGTAAAGACCTCAT-1_2_2"
"115","AAGGTAAAGGCCTGAA-1_2_2"
"116","AAGGTAAGTAACTGCT-1_2_2"
"117","AAGGTAAGTAAGTTGA-1_2_2"
"118","AAGGTAAGTAGGTGCA-1_2_2"
"119","AAGGTAAGTTCTTGTT-1_2_2"
"120","AAGGTAATCGACATAC-1_2_2"
"121","AAGTACCCAGCGAGTA-1_2_2"
"122","AAGTCGTAGGGTATAT-1_2_2"
"123","AAGTCGTCAGTATACC-1_2_2"
"124","AAGTGAACACCGGCTA-1_2_2"
"125","AAGTGAAGTATACGGG-1_2_2"
"126","AAGTGAAGTTATGGTC-1_2_2"
"127","AAGTGAATCGTCCTCA-1_2_2"
"128","AAGTGAATCTAGTTCT-1_2_2"
"129","AAGTTCGAGCATGTTC-1_2_2"
"130","AAGTTCGAGGCGCTTC-1_2_2"
"131","AAGTTCGCAGTCGCTG-1_2_2"
"132","AAGTTCGTCAGTCTTT-1_2_2"
"133","AAGTTCGTCCGTATAG-1_2_2"
"134","AATAGAGCAAAGAGTT-1_2_2"
"135","AATAGAGTCGCACGAC-1_2_2"
"136","AATAGAGTCTCTCTAA-1_2_2"
"137","AATCACGCACCGCTGA-1_2_2"
"138","AATCGACCAATGGCCC-1_2_2"
"139","AATCGACCACTCAAGT-1_2_2"
"140","AATCGACCATTAGGCT-1_2_2"
"141","AATCGACGTTCCGGTG-1_2_2"
"142","AATCGTGGTCACCGCA-1_2_2"
"143","AATGAAGGTTCGGCTG-1_2_2"
"144","AATGACCAGGCTCAAG-1_2_2"
"145","AATGACCCAAAGGCGT-1_2_2"
"146","AATGACCCACTGGACC-1_2_2"
"147","AATGACCCATGTGCCG-1_2_2"
"148","AATGACCTCATTTGCT-1_2_2"
"149","AATGACCTCCATAGAC-1_2_2"
"150","AATGACCTCCGAAATC-1_2_2"
"151","AATGACCTCGGTCGGT-1_2_2"
"152","AATGACCTCTCTAAGG-1_2_2"
"153","AATGACCTCTGAGCAT-1_2_2"
"154","AATGCCAAGGCTAAAT-1_2_2"
"155","AATGCCACAAAGGCGT-1_2_2"
"156","AATGCCAGTATGAGAT-1_2_2"
"157","AATGCCATCAACTACG-1_2_2"
"158","AATGGAAGTCACCTTC-1_2_2"
"159","AATGGCTCATCGCTGG-1_2_2"
"160","AATGGCTCATTCGATG-1_2_2"
"161","AATGGCTGTTCTCTAT-1_2_2"
"162","AATTCCTAGTGGTCAG-1_2_2"
"163","AATTCCTCACTCCTTG-1_2_2"
"164","AATTCCTCAGAACTAA-1_2_2"
"165","AATTTCCAGCGATGAC-1_2_2"
"166","AATTTCCGTAGAATAC-1_2_2"
"167","AATTTCCTCATTATCC-1_2_2"
"168","AATTTCCTCTATGCCC-1_2_2"
"169","AATTTCCTCTGAGAAA-1_2_2"
"170","ACAAAGATCCTACCAC-1_2_2"
"171","ACAAAGATCGGTTAGT-1_2_2"
"172","ACAACCAGTCAACACT-1_2_2"
"173","ACAAGCTGTTTACCAG-1_2_2"
"174","ACAAGCTTCCGTAATG-1_2_2"
"175","ACACAGTAGGCGTTAG-1_2_2"
"176","ACACAGTCAGCGCTTG-1_2_2"
"177","ACACAGTGTTGTGCCG-1_2_2"
"178","ACACCAAAGGAGGTTC-1_2_2"
"179","ACACCAAGTTGTAAAG-1_2_2"
"180","ACACGCGAGAAGATCT-1_2_2"
"181","ACACTGAGTTGGCCGT-1_2_2"
"182","ACACTGATCGAGTGGA-1_2_2"
"183","ACAGAAAAGAATCGCG-1_2_2"
"184","ACAGAAAGTAACGGTG-1_2_2"
"185","ACAGAAAGTAAGATTG-1_2_2"
"186","ACAGCCGGTCAGGCAA-1_2_2"
"187","ACAGCCGGTGGCGCTT-1_2_2"
"188","ACAGCCGGTTAAGGGC-1_2_2"
"189","ACAGCCGTCGGAATTC-1_2_2"
"190","ACAGCCGTCGTTAGTG-1_2_2"
"191","ACATCCCAGCGACCCT-1_2_2"
"192","ACATCCCCAATCAAGA-1_2_2"
"193","ACATCCCCATACAGGG-1_2_2"
"194","ACATCCCGTTCAATCG-1_2_2"
"195","ACATCGAAGAGTTGCG-1_2_2"
"196","ACATCGACAATTCTCT-1_2_2"
"197","ACATCGACACATTACG-1_2_2"
"198","ACATCGACACTTGTCC-1_2_2"
"199","ACATCGATCCTAGCCT-1_2_2"
"200","ACATGCAAGCCAAGCA-1_2_2"
"201","ACATTTCAGACACACG-1_2_2"
"202","ACATTTCAGATGGTCG-1_2_2"
"203","ACATTTCGTAGGATAT-1_2_2"
"204","ACCAAACAGGTGCGAT-1_2_2"
"205","ACCAAACCAAACACGG-1_2_2"
"206","ACCAAACCAAAGGATT-1_2_2"
"207","ACCAAACGTCACTCAA-1_2_2"
"208","ACCAAACTCCCGTTGT-1_2_2"
"209","ACCAACAAGCAACTCT-1_2_2"
"210","ACCAACAAGCCAAGTG-1_2_2"
"211","ACCAACAAGGGAACAA-1_2_2"
"212","ACCAACACAATTCTTC-1_2_2"
"213","ACCAACATCGTAGGAG-1_2_2"
"214","ACCAACATCTATTCGT-1_2_2"
"215","ACCACAACACATTCGA-1_2_2"
"216","ACCACAACATCGATCA-1_2_2"
"217","ACCACAATCCGTCAAA-1_2_2"
"218","ACCATTTAGGGCTTCC-1_2_2"
"219","ACCATTTCAAGTCGTT-1_2_2"
"220","ACCATTTCATCTTAGG-1_2_2"
"221","ACCATTTGTCGAAGCA-1_2_2"
"222","ACCCAAAGTAGTGATA-1_2_2"
"223","ACCCTCAAGGATACCG-1_2_2"
"224","ACCCTCACATTGAAGA-1_2_2"
"225","ACCGTTCCATGAATAG-1_2_2"
"226","ACCTACCAGAAGTCAT-1_2_2"
"227","ACCTACCAGCACCAGA-1_2_2"
"228","ACCTACCCAGGTGAGT-1_2_2"
"229","ACCTACCGTCTTAGTG-1_2_2"
"230","ACCTACCGTTCGTACA-1_2_2"
"231","ACCTGAACAACTTGCA-1_2_2"
"232","ACCTGTCAGCAGGGAG-1_2_2"
"233","ACCTGTCAGCGAGAAA-1_2_2"
"234","ACGATCAGTCGTACAT-1_2_2"
"235","ACGATGTAGGCCCGTT-1_2_2"
"236","ACGATGTAGTTTGAGA-1_2_2"
"237","ACGATGTCACGGCCAT-1_2_2"
"238","ACGATGTGTCACTGAT-1_2_2"
"239","ACGATGTTCTCGGCTT-1_2_2"
"240","ACGCACGAGAGCATAT-1_2_2"
"241","ACGCACGGTGTTAACC-1_2_2"
"242","ACGCACGTCTCGTTTA-1_2_2"
"243","ACGGAAGAGGGCTGAT-1_2_2"
"244","ACGGAAGGTTATCCAG-1_2_2"
"245","ACGGAAGGTTCTTAGG-1_2_2"
"246","ACGGGTCAGGACCCAA-1_2_2"
"247","ACGGGTCCAGGTAGTG-1_2_2"
"248","ACGGGTCGTCCCTCAT-1_2_2"
"249","ACGGGTCTCCATCTCG-1_2_2"
"250","ACGGGTCTCTGGTCAA-1_2_2"
"251","ACGGTCGAGGCTATCT-1_2_2"
"252","ACGGTCGCAAAGCAAT-1_2_2"
"253","ACGGTCGCACCGGTCA-1_2_2"
"254","ACGGTCGCACGACGCT-1_2_2"
"255","ACGGTCGGTCAAAGAT-1_2_2"
"256","ACGGTCGTCAAACTGC-1_2_2"
"257","ACGGTCGTCACCATCC-1_2_2"
"258","ACGGTTAAGAAATTCG-1_2_2"
"259","ACGGTTAGTGCAGGAT-1_2_2"
"260","ACGTAACGTACTGGGA-1_2_2"
"261","ACGTAACTCAACCCGG-1_2_2"
"262","ACGTAACTCCGGCAGT-1_2_2"
"263","ACGTACAAGACTTCCA-1_2_2"
"264","ACGTACAAGATGTTAG-1_2_2"
"265","ACGTACAAGGATGCGT-1_2_2"
"266","ACGTACAGTGACCGAA-1_2_2"
"267","ACGTACAGTGTATACC-1_2_2"
"268","ACGTAGTCATTGCTGA-1_2_2"
"269","ACGTAGTGTCATCTAG-1_2_2"
"270","ACGTCCTAGGCAGGTT-1_2_2"
"271","ACGTCCTTCATCACCC-1_2_2"
"272","ACGTTCCAGTGTTCAC-1_2_2"
"273","ACGTTCCGTAGGTCAG-1_2_2"
"274","ACGTTCCGTCCCTGTT-1_2_2"
"275","ACGTTCCGTCTGCAAT-1_2_2"
"276","ACTACGATCAGTGGGA-1_2_2"
"277","ACTATCTAGGCAGTCA-1_2_2"
"278","ACTATCTTCACCATGA-1_2_2"
"279","ACTATCTTCCTCACGT-1_2_2"
"280","ACTATGGGTCGAGTGA-1_2_2"
"281","ACTATGGGTTAAGGAT-1_2_2"
"282","ACTATGGGTTACGATC-1_2_2"
"283","ACTATGGTCCAACCAA-1_2_2"
"284","ACTATTCAGGATATGT-1_2_2"
"285","ACTATTCCAATTCTCT-1_2_2"
"286","ACTATTCCACTGTGTA-1_2_2"
"287","ACTATTCCAGAGTCAG-1_2_2"
"288","ACTATTCGTAAGCGGT-1_2_2"
"289","ACTCCCAAGTTAACGA-1_2_2"
"290","ACTCCCACAGGACGAT-1_2_2"
"291","ACTCCCAGTCAACGCC-1_2_2"
"292","ACTCTCGCACCTCAGG-1_2_2"
"293","ACTCTCGGTGTTAGCT-1_2_2"
"294","ACTCTCGTCTCTGCCA-1_2_2"
"295","ACTGATGAGGCTCTCG-1_2_2"
"296","ACTGATGAGGGTCTTT-1_2_2"
"297","ACTGCAAAGGTAGTAT-1_2_2"
"298","ACTGCAACACAGCCAC-1_2_2"
"299","ACTGCAACACGACGTC-1_2_2"
"300","ACTGTCCCAATACAGA-1_2_2"
"301","ACTGTCCGTAACATGA-1_2_2"
"302","ACTGTGAGTAGCCCTG-1_2_2"
"303","ACTTAGGTCAGGGATG-1_2_2"
"304","ACTTATCCAAGCCTGC-1_2_2"
"305","ACTTATCGTACTGCGC-1_2_2"
"306","ACTTCCGAGAAGTCCG-1_2_2"
"307","ACTTCCGAGCGAGGAG-1_2_2"
"308","ACTTCCGAGCTCGTGC-1_2_2"
"309","ACTTCCGAGTTTCTTC-1_2_2"
"310","ACTTCCGCATTGACTG-1_2_2"
"311","ACTTCCGTCCCGAATA-1_2_2"
"312","ACTTCGCAGTGGCGAT-1_2_2"
"313","ACTTCGCCATCACAGT-1_2_2"
"314","ACTTTCAGTGTTGCCG-1_2_2"
"315","ACTTTGTAGCATGCGA-1_2_2"
"316","ACTTTGTCAATACCCA-1_2_2"
"317","ACTTTGTCATACAGAA-1_2_2"
"318","ACTTTGTGTAGTTCCA-1_2_2"
"319","AGAAATGAGAAGATCT-1_2_2"
"320","AGAAATGGTGATGTAA-1_2_2"
"321","AGAAATGGTTCACCGG-1_2_2"
"322","AGAACCTCAAAGGCGT-1_2_2"
"323","AGAACCTTCAGGACGA-1_2_2"
"324","AGAACCTTCCGTTTCG-1_2_2"
"325","AGAACCTTCGATTCCC-1_2_2"
"326","AGAAGCGCAACACACT-1_2_2"
"327","AGAAGCGGTGTTAAAG-1_2_2"
"328","AGAAGCGTCATGGAGG-1_2_2"
"329","AGAAGTACAACGCATT-1_2_2"
"330","AGACAAACAATAACGA-1_2_2"
"331","AGACAAAGTGATTCAC-1_2_2"
"332","AGACACTAGACCATAA-1_2_2"
"333","AGACACTGTTACACTG-1_2_2"
"334","AGACAGGAGAAACCAT-1_2_2"
"335","AGACAGGCAGCCGTCA-1_2_2"
"336","AGACCATTCTCATAGG-1_2_2"
"337","AGACCATTCTCATTTG-1_2_2"
"338","AGACCCGAGATGGTAT-1_2_2"
"339","AGACCCGAGGTTCACT-1_2_2"
"340","AGACCCGCACATCCCT-1_2_2"
"341","AGACCCGGTCGAGATG-1_2_2"
"342","AGACTCAGTTCTGACA-1_2_2"
"343","AGAGAATAGATGTTAG-1_2_2"
"344","AGAGAATCATCTATCT-1_2_2"
"345","AGAGAATGTTTCCATT-1_2_2"
"346","AGAGAATTCAGCGCAC-1_2_2"
"347","AGAGAATTCCATAAGC-1_2_2"
"348","AGAGAGCGTGCGAACA-1_2_2"
"349","AGAGAGCGTTTCAGAC-1_2_2"
"350","AGAGCAGAGTAAAGCT-1_2_2"
"351","AGAGCAGCAACCGTGC-1_2_2"
"352","AGAGCAGCAGAAGTTA-1_2_2"
"353","AGAGCAGTCGACCACG-1_2_2"
"354","AGAGCCCAGCGGTATG-1_2_2"
"355","AGAGCCCCACTTGTCC-1_2_2"
"356","AGAGCCCGTCGCTCGA-1_2_2"
"357","AGAGCCCGTTCATCGA-1_2_2"
"358","AGAGCCCTCCTACACC-1_2_2"
"359","AGAGCCCTCTTAATCC-1_2_2"
"360","AGATAGACATCATTGG-1_2_2"
"361","AGATAGAGTATCCTCC-1_2_2"
"362","AGATAGATCACTACGA-1_2_2"
"363","AGATCCACACACTTAG-1_2_2"
"364","AGATCGTAGTACCGGA-1_2_2"
"365","AGATCGTCAAGACAAT-1_2_2"
"366","AGATCGTCAGAAGTGC-1_2_2"
"367","AGATCGTCATGACGAG-1_2_2"
"368","AGATCGTGTGCGGATA-1_2_2"
"369","AGATGAAGTGTACGCC-1_2_2"
"370","AGATGCTAGGGAGAAT-1_2_2"
"371","AGCATCAAGAAGTCTA-1_2_2"
"372","AGCATCAAGCTGACCC-1_2_2"
"373","AGCATCAAGTACAGAT-1_2_2"
"374","AGCATCAAGTTTGAGA-1_2_2"
"375","AGCATCACAAGATGGC-1_2_2"
"376","AGCCAATCACAAGCTT-1_2_2"
"377","AGCCACGAGGTGCTAG-1_2_2"
"378","AGCCACGCACCTCAGG-1_2_2"
"379","AGCCACGTCTCCTACG-1_2_2"
"380","AGCCAGCAGAAGCGGG-1_2_2"
"381","AGCCAGCAGGGATCTG-1_2_2"
"382","AGCCAGCAGTTCCAGT-1_2_2"
"383","AGCCAGCTCGCCAGTG-1_2_2"
"384","AGCGATTAGCACTCAT-1_2_2"
"385","AGCGATTGTCGTGCCA-1_2_2"
"386","AGCGATTTCCGATCTC-1_2_2"
"387","AGCGATTTCTGTGTGA-1_2_2"
"388","AGCGCCACACGGTGTC-1_2_2"
"389","AGCGCTGAGGCCTTCG-1_2_2"
"390","AGCGCTGGTCCTTAAG-1_2_2"
"391","AGCGCTGGTGAGCCAA-1_2_2"
"392","AGCGTATGTGCCCACA-1_2_2"
"393","AGCTACACAACAGCTT-1_2_2"
"394","AGCTTCCAGCGTCTGC-1_2_2"
"395","AGCTTCCGTGAGGATC-1_2_2"
"396","AGCTTCCTCGCAATGT-1_2_2"
"397","AGGAAATAGATGGTCG-1_2_2"
"398","AGGAAATAGGCTGGAT-1_2_2"
"399","AGGAAATAGTTGGAGC-1_2_2"
"400","AGGAAATCATGGCCCA-1_2_2"
"401","AGGAATAAGAGTTGTA-1_2_2"
"402","AGGAATAGTAACGTTC-1_2_2"
"403","AGGAATATCGCCATAA-1_2_2"
"404","AGGACGACAAACGTGG-1_2_2"
"405","AGGACGACATTAAAGG-1_2_2"
"406","AGGACGATCTCTAGGA-1_2_2"
"407","AGGACGATCTTAATCC-1_2_2"
"408","AGGACTTCATGACGGA-1_2_2"
"409","AGGACTTGTGATGTAA-1_2_2"
"410","AGGACTTTCAGCTAGT-1_2_2"
"411","AGGACTTTCGCAAGAG-1_2_2"
"412","AGGAGGTAGAAATTCG-1_2_2"
"413","AGGAGGTCAATCTAGC-1_2_2"
"414","AGGATAACACGTAACT-1_2_2"
"415","AGGATAAGTCATCGGC-1_2_2"
"416","AGGATAAGTGGTCCGT-1_2_2"
"417","AGGATAATCGCCGAAC-1_2_2"
"418","AGGATAATCTTTGGAG-1_2_2"
"419","AGGATCTAGTCTGGAG-1_2_2"
"420","AGGATCTGTTTAGACC-1_2_2"
"421","AGGATCTTCGTTAGTG-1_2_2"
"422","AGGCATTCAATACAGA-1_2_2"
"423","AGGCATTCAGTCTGGC-1_2_2"
"424","AGGCCACAGATGAAGG-1_2_2"
"425","AGGCCACCAATAACGA-1_2_2"
"426","AGGCCACCATCGGATT-1_2_2"
"427","AGGCTGCTCTGACAGT-1_2_2"
"428","AGGGAGTGTTTGCAGT-1_2_2"
"429","AGGGCCTCATTGCTGA-1_2_2"
"430","AGGGCTCAGCGCCTCA-1_2_2"
"431","AGGGCTCCACACACTA-1_2_2"
"432","AGGGTCCAGATAGCTA-1_2_2"
"433","AGGGTCCAGCGAAACC-1_2_2"
"434","AGGGTGAAGCCAGTAG-1_2_2"
"435","AGGGTGACATGTTACG-1_2_2"
"436","AGGGTTTAGAAGCGGG-1_2_2"
"437","AGGGTTTGTATCAAGA-1_2_2"
"438","AGGGTTTGTATCACCA-1_2_2"
"439","AGGGTTTGTGCCCGTA-1_2_2"
"440","AGGGTTTTCGAGGCAA-1_2_2"
"441","AGGTAGGAGACGTCCC-1_2_2"
"442","AGGTAGGTCCTTCGAC-1_2_2"
"443","AGGTCTACACATGTTG-1_2_2"
"444","AGGTCTACAGCTGAAG-1_2_2"
"445","AGGTCTACATCCGAAT-1_2_2"
"446","AGGTCTATCTTCGTGC-1_2_2"
"447","AGGTGTTAGTCGCCCA-1_2_2"
"448","AGGTGTTGTACGGTTT-1_2_2"
"449","AGGTTACAGCCTCGTG-1_2_2"
"450","AGGTTACGTACCCGCA-1_2_2"
"451","AGGTTACGTCGGAACA-1_2_2"
"452","AGGTTACTCCTCTAGC-1_2_2"
"453","AGGTTGTTCGTTCTCG-1_2_2"
"454","AGTAACCAGACGCTCC-1_2_2"
"455","AGTACCAAGAGTACCG-1_2_2"
"456","AGTACCAAGTGAGTGC-1_2_2"
"457","AGTACCACAACGGTAG-1_2_2"
"458","AGTACCATCGGAGCAA-1_2_2"
"459","AGTACTGGTCTGTCCT-1_2_2"
"460","AGTAGCTGTGCATACT-1_2_2"
"461","AGTAGCTTCCATCCGT-1_2_2"
"462","AGTAGTCAGCATGGGT-1_2_2"
"463","AGTAGTCCAGGTGTTT-1_2_2"
"464","AGTAGTCCATGGAATA-1_2_2"
"465","AGTCAACAGCGCCTAC-1_2_2"
"466","AGTCAACGTCCACACG-1_2_2"
"467","AGTCAACGTGCCGGTT-1_2_2"
"468","AGTCACAAGCGATGCA-1_2_2"
"469","AGTCACATCACCTCGT-1_2_2"
"470","AGTCATGAGGAGTATT-1_2_2"
"471","AGTCATGAGGCTCAAG-1_2_2"
"472","AGTCATGGTCTTCTAT-1_2_2"
"473","AGTCTCCCACGGTCTG-1_2_2"
"474","AGTCTCCGTAAGATTG-1_2_2"
"475","AGTCTCCTCACTACTT-1_2_2"
"476","AGTCTCCTCGTTCCTG-1_2_2"
"477","AGTGACTCAGGCCTGT-1_2_2"
"478","AGTGACTGTCAGATTC-1_2_2"
"479","AGTGATCAGTTGCGCC-1_2_2"
"480","AGTGATCGTGATTGGG-1_2_2"
"481","AGTGATCGTGTCCGTG-1_2_2"
"482","AGTGCCGCATACATCG-1_2_2"
"483","AGTGCCGGTTGGGACA-1_2_2"
"484","AGTGTTGCACTGTGAT-1_2_2"
"485","AGTGTTGCAGAAACCG-1_2_2"
"486","AGTTAGCGTCACAGTT-1_2_2"
"487","AGTTAGCTCTCTCTAA-1_2_2"
"488","AGTTAGCTCTTCACAT-1_2_2"
"489","AGTTCCCCAATGAACA-1_2_2"
"490","AGTTCCCGTCTAACTG-1_2_2"
"491","AGTTCCCTCAGAGTTC-1_2_2"
"492","AGTTCGAAGTCGAATA-1_2_2"
"493","AGTTCGACAGAAGTTA-1_2_2"
"494","AGTTCGATCTTCTAAC-1_2_2"
"495","ATACCGAAGAGGGTAA-1_2_2"
"496","ATACCGACATACTGTG-1_2_2"
"497","ATACCGAGTGCCTACG-1_2_2"
"498","ATACCGATCCATAGGT-1_2_2"
"499","ATACCTTAGCAACAGC-1_2_2"
"500","ATACCTTTCTGAGAGG-1_2_2"
"501","ATACTTCAGCTTCTAG-1_2_2"
"502","ATACTTCAGTAGATCA-1_2_2"
"503","ATACTTCCATTCTCCG-1_2_2"
"504","ATACTTCTCGAGTACT-1_2_2"
"505","ATAGACCAGGTTGAGC-1_2_2"
"506","ATAGACCGTTCGGACC-1_2_2"
"507","ATAGACCTCAGAACCT-1_2_2"
"508","ATAGACCTCGACCAAT-1_2_2"
"509","ATAGAGACAAATGGAT-1_2_2"
"510","ATAGGCTCAGCTAACT-1_2_2"
"511","ATAGGCTGTAACGGTG-1_2_2"
"512","ATAGGCTGTATGCTTG-1_2_2"
"513","ATAGGCTTCACGGTCG-1_2_2"
"514","ATATCCTAGATGAATC-1_2_2"
"515","ATATCCTAGGCTTAGG-1_2_2"
"516","ATATCCTCAACCTATG-1_2_2"
"517","ATATCCTTCCATCAGA-1_2_2"
"518","ATCACAGTCCTAGCCT-1_2_2"
"519","ATCACGAAGTCTCTGA-1_2_2"
"520","ATCACGAGTGTACATC-1_2_2"
"521","ATCACGATCATGAGGG-1_2_2"
"522","ATCACTTCAATCAAGA-1_2_2"
"523","ATCACTTTCATTCACT-1_2_2"
"524","ATCACTTTCCTTCTGG-1_2_2"
"525","ATCAGGTAGTTTGCTG-1_2_2"
"526","ATCAGGTCAGCGTACC-1_2_2"
"527","ATCAGGTGTATCGGTT-1_2_2"
"528","ATCCACCAGATCGCCC-1_2_2"
"529","ATCCACCGTCGACTGC-1_2_2"
"530","ATCCACCGTTTAGACC-1_2_2"
"531","ATCCACCTCCGAGATT-1_2_2"
"532","ATCCACCTCGAGTTGT-1_2_2"
"533","ATCCATTAGCGTCTGC-1_2_2"
"534","ATCCATTCATCGATGT-1_2_2"
"535","ATCCATTGTTTACGAC-1_2_2"
"536","ATCCATTTCCATTGGA-1_2_2"
"537","ATCCATTTCTTGGAAC-1_2_2"
"538","ATCCCTGGTACAATAG-1_2_2"
"539","ATCCCTGTCCGATTAG-1_2_2"
"540","ATCCGTCTCAGATTGC-1_2_2"
"541","ATCCTATAGACATAGT-1_2_2"
"542","ATCCTATGTACTAGCT-1_2_2"
"543","ATCCTATTCCGATTAG-1_2_2"
"544","ATCCTATTCCGTGGTG-1_2_2"
"545","ATCCTATTCGCTTAAG-1_2_2"
"546","ATCGCCTAGTTCGCAT-1_2_2"
"547","ATCGCCTCATCCCACT-1_2_2"
"548","ATCGCCTGTCAACGCC-1_2_2"
"549","ATCGCCTGTTGGTAGG-1_2_2"
"550","ATCGGATCAATAACCC-1_2_2"
"551","ATCGGATCAATCAAGA-1_2_2"
"552","ATCGGATCATGGCTAT-1_2_2"
"553","ATCGGATGTGAGTTTC-1_2_2"
"554","ATCGGCGAGATGGTCG-1_2_2"
"555","ATCGGCGAGCAAGGAA-1_2_2"
"556","ATCGGCGGTGAATTAG-1_2_2"
"557","ATCGGCGTCCGTGGGT-1_2_2"
"558","ATCGGCGTCTAGCCTC-1_2_2"
"559","ATCGTAGAGTGATGGC-1_2_2"
"560","ATCGTAGTCCCTCAAC-1_2_2"
"561","ATCGTAGTCTGCACCT-1_2_2"
"562","ATCGTCCCACGACTAT-1_2_2"
"563","ATCGTGAGTATCGCAT-1_2_2"
"564","ATCTCTAAGCGATGCA-1_2_2"
"565","ATCTTCAAGAATTGTG-1_2_2"
"566","ATCTTCAAGTTGTCAC-1_2_2"
"567","ATCTTCAGTCCTTAAG-1_2_2"
"568","ATCTTCATCGGTAGGA-1_2_2"
"569","ATGAAAGAGAAGCGGG-1_2_2"
"570","ATGAAAGAGTCTGCGC-1_2_2"
"571","ATGACCAGTAAGGCCA-1_2_2"
"572","ATGACCAGTTGAAGTA-1_2_2"
"573","ATGACCATCACAAGAA-1_2_2"
"574","ATGAGTCAGCGTTAGG-1_2_2"
"575","ATGAGTCGTCTTCATT-1_2_2"
"576","ATGAGTCGTGCCCAGT-1_2_2"
"577","ATGATCGAGCGATTCT-1_2_2"
"578","ATGATCGTCTACTGAG-1_2_2"
"579","ATGCATGAGGTGCATG-1_2_2"
"580","ATGCATGCACCCTGAG-1_2_2"
"581","ATGCATGCAGGATGAC-1_2_2"
"582","ATGCCTCAGCTGTGCC-1_2_2"
"583","ATGCCTCCAGAGTCAG-1_2_2"
"584","ATGCCTCTCGTGTGGC-1_2_2"
"585","ATGCGATAGCGACCCT-1_2_2"
"586","ATGCGATAGTGCGCTC-1_2_2"
"587","ATGCGATCACCTGCAG-1_2_2"
"588","ATGCGATGTCATCTAG-1_2_2"
"589","ATGCGATGTTGCTGAT-1_2_2"
"590","ATGCGATTCAGGAAAT-1_2_2"
"591","ATGCGATTCAGGTGTT-1_2_2"
"592","ATGGAGGAGAGGTTTA-1_2_2"
"593","ATGGAGGAGCTAAACA-1_2_2"
"594","ATGGAGGAGGACACTG-1_2_2"
"595","ATGGAGGCAACTTGGT-1_2_2"
"596","ATGGAGGGTACCCACG-1_2_2"
"597","ATGGAGGGTCTGTTAG-1_2_2"
"598","ATGGATCCAGCATCTA-1_2_2"
"599","ATGGATCTCATCGACA-1_2_2"
"600","ATGGATCTCTTGAACG-1_2_2"
"601","ATGGGAGAGTGGTGGT-1_2_2"
"602","ATGGGAGCAGAGCCCT-1_2_2"
"603","ATGGGAGCAGATTAAG-1_2_2"
"604","ATGGGAGCATCCAATG-1_2_2"
"605","ATGGGAGGTACGACTT-1_2_2"
"606","ATGGGAGTCAGCACCG-1_2_2"
"607","ATGGGAGTCCGAACGC-1_2_2"
"608","ATGGGTTAGACCATAA-1_2_2"
"609","ATGGGTTAGTTGGAAT-1_2_2"
"610","ATGGGTTCATGACGAG-1_2_2"
"611","ATGGGTTTCGAAGTGG-1_2_2"
"612","ATGGTTGGTAGCTTAC-1_2_2"
"613","ATGGTTGTCAACTTTC-1_2_2"
"614","ATGGTTGTCAAGCCCG-1_2_2"
"615","ATGGTTGTCCAACTAG-1_2_2"
"616","ATGTCCCGTCTCGACG-1_2_2"
"617","ATGTCCCTCCCGAGGT-1_2_2"
"618","ATGTCTTCACTCAGAT-1_2_2"
"619","ATGTCTTCATGTGACT-1_2_2"
"620","ATGTCTTGTCATTCCC-1_2_2"
"621","ATTACCTGTCGAATGG-1_2_2"
"622","ATTACTCAGTGCCCGT-1_2_2"
"623","ATTACTCTCGGTCTAA-1_2_2"
"624","ATTATCCGTCAAAGCG-1_2_2"
"625","ATTATCCGTGTATACC-1_2_2"
"626","ATTATCCTCGTCCATC-1_2_2"
"627","ATTCACTAGAGTTGTA-1_2_2"
"628","ATTCACTCACTCCTTG-1_2_2"
"629","ATTCAGGCATGCCGAC-1_2_2"
"630","ATTCAGGGTGTCTTGA-1_2_2"
"631","ATTCATCTCAGCTCTC-1_2_2"
"632","ATTCATCTCCCGAACG-1_2_2"
"633","ATTCATCTCCTTATAC-1_2_2"
"634","ATTCATCTCGCTCTCA-1_2_2"
"635","ATTCCATTCGCCAATA-1_2_2"
"636","ATTCCCGAGAAAGCGA-1_2_2"
"637","ATTCCCGAGGTTAAAC-1_2_2"
"638","ATTCCCGCAGTGTATC-1_2_2"
"639","ATTCCTAAGCCTCACG-1_2_2"
"640","ATTCCTAAGTGCAAAT-1_2_2"
"641","ATTCCTACAACTGGTT-1_2_2"
"642","ATTCGTTAGTATGATG-1_2_2"
"643","ATTCGTTGTCCACTCT-1_2_2"
"644","ATTCGTTTCCAAGCTA-1_2_2"
"645","ATTCTACGTATCGTAC-1_2_2"
"646","ATTCTTGCACAAGCCC-1_2_2"
"647","ATTCTTGTCCTATGGA-1_2_2"
"648","ATTGGGTCAAGCGATG-1_2_2"
"649","ATTGGGTGTCATATGC-1_2_2"
"650","ATTGGGTTCATCCTGC-1_2_2"
"651","ATTGGGTTCTCATTTG-1_2_2"
"652","ATTGTTCCACAAAGCG-1_2_2"
"653","ATTGTTCCATACGCAT-1_2_2"
"654","ATTGTTCGTTACCGTA-1_2_2"
"655","ATTGTTCTCGTCTCAC-1_2_2"
"656","ATTTACCAGATGGTAT-1_2_2"
"657","ATTTACCAGCGAGGAG-1_2_2"
"658","ATTTACCCAAGTTCGT-1_2_2"
"659","ATTTACCCAGCAAGAC-1_2_2"
"660","ATTTACCGTCAGTCGC-1_2_2"
"661","ATTTACCTCTTGCAAG-1_2_2"
"662","ATTTCACAGTCATGGG-1_2_2"
"663","ATTTCTGGTATGCGTT-1_2_2"
"664","CAACAACAGAATCTAG-1_2_2"
"665","CAACAACCAACCACGC-1_2_2"
"666","CAACAACGTAGCCAGA-1_2_2"
"667","CAACCAAGTGAGTGAC-1_2_2"
"668","CAACCAATCGAGTCTA-1_2_2"
"669","CAACCTCAGAGCCTGA-1_2_2"
"670","CAACCTCAGGGCAACT-1_2_2"
"671","CAACCTCCAACCGACC-1_2_2"
"672","CAACGATAGGAATCGC-1_2_2"
"673","CAACGATCACCAGTTA-1_2_2"
"674","CAACGATTCGTCACCT-1_2_2"
"675","CAACGGCCAACCCGCA-1_2_2"
"676","CAACGGCGTAGTCTGT-1_2_2"
"677","CAAGACTCAATATCCG-1_2_2"
"678","CAAGACTGTGAAGCTG-1_2_2"
"679","CAAGACTGTGCCGAAA-1_2_2"
"680","CAAGACTGTGCTCTTC-1_2_2"
"681","CAAGACTTCCGTGTGG-1_2_2"
"682","CAAGAGGAGGCCCAAA-1_2_2"
"683","CAAGAGGCACCGTACG-1_2_2"
"684","CAAGCTAAGACTGGGT-1_2_2"
"685","CAAGCTACACAGCCTG-1_2_2"
"686","CAAGCTACATAAGATG-1_2_2"
"687","CAAGCTAGTCATGCAT-1_2_2"
"688","CAAGCTAGTTGCTCCT-1_2_2"
"689","CAAGCTATCACCTCTG-1_2_2"
"690","CAAGCTATCTTGATTC-1_2_2"
"691","CAAGGGAAGTTGCCTA-1_2_2"
"692","CAAGGGACAAGAGCTG-1_2_2"
"693","CAAGGGAGTGAGGCAT-1_2_2"
"694","CAAGGGATCCGACAGC-1_2_2"
"695","CAATACGAGGAACGCT-1_2_2"
"696","CAATACGAGTAACGTA-1_2_2"
"697","CAATACGCATCGAACT-1_2_2"
"698","CAATACGCATGCTGCG-1_2_2"
"699","CAATCGACAGCACGAA-1_2_2"
"700","CAATCGATCCTCATAT-1_2_2"
"701","CAATCGATCGCGAAGA-1_2_2"
"702","CAATCGATCGCGCTGA-1_2_2"
"703","CAATGACAGGCATCTT-1_2_2"
"704","CAATGACCAAGTATAG-1_2_2"
"705","CAATGACGTGCAGTGA-1_2_2"
"706","CAATGACGTGGCCTCA-1_2_2"
"707","CAATGACTCCTTATCA-1_2_2"
"708","CAATGACTCGAGATAA-1_2_2"
"709","CAATTTCAGAGGCCAT-1_2_2"
"710","CAATTTCTCAGACCTA-1_2_2"
"711","CACAACAAGGTGGGTT-1_2_2"
"712","CACAACACACCTCGTT-1_2_2"
"713","CACAACAGTCAACCAT-1_2_2"
"714","CACAACAGTCGTTGGC-1_2_2"
"715","CACACAACATACTGAC-1_2_2"
"716","CACACAAGTCATCGGC-1_2_2"
"717","CACACAATCATGGATC-1_2_2"
"718","CACAGATAGTGGACGT-1_2_2"
"719","CACAGATCAGGGCTTC-1_2_2"
"720","CACAGATCATCCGTGG-1_2_2"
"721","CACAGATGTTCGGACC-1_2_2"
"722","CACAGGCCATAATCGC-1_2_2"
"723","CACAGGCGTACTAGCT-1_2_2"
"724","CACAGGCGTCGGCTAC-1_2_2"
"725","CACAGGCTCCGAGCTG-1_2_2"
"726","CACATGAAGTGAACAT-1_2_2"
"727","CACATGAAGTGGCCTC-1_2_2"
"728","CACATGACAGATCACT-1_2_2"
"729","CACATGAGTAAGAACT-1_2_2"
"730","CACATGATCCTTATAC-1_2_2"
"731","CACCAAATCGCCAGAC-1_2_2"
"732","CACCGTTAGAGTCACG-1_2_2"
"733","CACCGTTAGTGGTTGG-1_2_2"
"734","CACCGTTCAACAACAA-1_2_2"
"735","CACCGTTGTCCTACAA-1_2_2"
"736","CACCGTTTCACGGACC-1_2_2"
"737","CACGGGTAGGATTTCC-1_2_2"
"738","CACGGGTAGGTCATAA-1_2_2"
"739","CACGGGTCAGTTTGGT-1_2_2"
"740","CACGGGTGTCGGCTAC-1_2_2"
"741","CACGGGTGTGCGAACA-1_2_2"
"742","CACGTGGAGCAAGCCA-1_2_2"
"743","CACGTGGGTCGCCTAG-1_2_2"
"744","CACGTGGTCATAGCAC-1_2_2"
"745","CACGTGGTCGGTCATA-1_2_2"
"746","CACGTGGTCTCAATCT-1_2_2"
"747","CACGTTCTCTTCCCAG-1_2_2"
"748","CACTAAGAGTTTAGGA-1_2_2"
"749","CACTAAGGTTAAGGAT-1_2_2"
"750","CACTAAGTCCTTCGAC-1_2_2"
"751","CACTGAAAGTAGTGCG-1_2_2"
"752","CACTGAAGTACCGGAA-1_2_2"
"753","CACTGAATCCCGAGTG-1_2_2"
"754","CACTGAATCCGCACTT-1_2_2"
"755","CACTGAATCTTGCGCT-1_2_2"
"756","CACTGGGAGGTTGGAC-1_2_2"
"757","CACTGGGAGTGCGCTC-1_2_2"
"758","CACTGGGCACGGCTAC-1_2_2"
"759","CACTGGGGTGCGGATA-1_2_2"
"760","CACTGTCCACATATCG-1_2_2"
"761","CACTTCGTCTCTTGCG-1_2_2"
"762","CAGAGCCGTAACGATA-1_2_2"
"763","CAGATACTCAGGTGTT-1_2_2"
"764","CAGATCACACCAGTTA-1_2_2"
"765","CAGATCACATGACGAG-1_2_2"
"766","CAGATTGCAAATGCGG-1_2_2"
"767","CAGATTGCAGTTCCAA-1_2_2"
"768","CAGATTGCATTCACAG-1_2_2"
"769","CAGCAATAGAACTCCT-1_2_2"
"770","CAGCAATGTAGGCTCC-1_2_2"
"771","CAGCACGCAATGGCCC-1_2_2"
"772","CAGCACGTCGCATTAG-1_2_2"
"773","CAGCCAGAGCCTCCAG-1_2_2"
"774","CAGCCAGGTCAATCTG-1_2_2"
"775","CAGCCAGGTCCCTAAA-1_2_2"
"776","CAGCCAGGTCGTGTTA-1_2_2"
"777","CAGCCAGTCTAGACCA-1_2_2"
"778","CAGCGTGAGTAGGTTA-1_2_2"
"779","CAGCGTGGTACATACC-1_2_2"
"780","CAGGCCACAAAGACGC-1_2_2"
"781","CAGGGCTCACTACCGG-1_2_2"
"782","CAGGGCTGTACCGGCT-1_2_2"
"783","CAGGGCTGTTGAGAGC-1_2_2"
"784","CAGGTATCACAGTACT-1_2_2"
"785","CAGGTATCAGCTATAC-1_2_2"
"786","CAGGTATGTATGGTAA-1_2_2"
"787","CAGGTATGTCTAGTGT-1_2_2"
"788","CAGTGCGCAATCGAAA-1_2_2"
"789","CAGTTAGCACGTCGGT-1_2_2"
"790","CAGTTAGGTCCTCCTA-1_2_2"
"791","CAGTTCCAGACATCCT-1_2_2"
"792","CAGTTCCGTCGCGTCA-1_2_2"
"793","CAGTTCCTCTTGCGCT-1_2_2"
"794","CATAAGCTCGCCACTT-1_2_2"
"795","CATACAGTCAGAACCT-1_2_2"
"796","CATACCCAGCACTAAA-1_2_2"
"797","CATACCCCACCTATCC-1_2_2"
"798","CATACCCTCCAGCAAT-1_2_2"
"799","CATACCCTCCCTCGAT-1_2_2"
"800","CATACTTCAGGAGGTT-1_2_2"
"801","CATACTTTCTGGGATT-1_2_2"
"802","CATAGACAGGCTATCT-1_2_2"
"803","CATAGACAGTCTACCA-1_2_2"
"804","CATAGACCAACAAGTA-1_2_2"
"805","CATAGACTCAAAGAAC-1_2_2"
"806","CATAGACTCAGACTGT-1_2_2"
"807","CATCAAGCACGACGAA-1_2_2"
"808","CATCAAGCAGCACAGA-1_2_2"
"809","CATCAAGGTAGATGTA-1_2_2"
"810","CATCAAGTCATCGCAA-1_2_2"
"811","CATCCCACATTCAGGT-1_2_2"
"812","CATCCCAGTCCAAAGG-1_2_2"
"813","CATCCCAGTCGCCTAG-1_2_2"
"814","CATCCCATCCACCTCA-1_2_2"
"815","CATCCCATCCGGCAGT-1_2_2"
"816","CATCGCTGTTACAGCT-1_2_2"
"817","CATCGTCAGTAGTCCT-1_2_2"
"818","CATCGTCTCAGTGCGC-1_2_2"
"819","CATGAGTAGCGTATAA-1_2_2"
"820","CATGAGTCAACCCGCA-1_2_2"
"821","CATGAGTTCGGTTAGT-1_2_2"
"822","CATGAGTTCTGTCCGT-1_2_2"
"823","CATGCAACATCTCCCA-1_2_2"
"824","CATGCAACATTCTGTT-1_2_2"
"825","CATGCCTAGGTAGATT-1_2_2"
"826","CATGCCTGTTCCGCTT-1_2_2"
"827","CATGCCTTCTACTATC-1_2_2"
"828","CATGCGGAGCTCGAAG-1_2_2"
"829","CATGCGGAGGTGCTAG-1_2_2"
"830","CATGCGGGTCCCGTGA-1_2_2"
"831","CATGCTCCAAGCTACT-1_2_2"
"832","CATGCTCCAGCTCCTT-1_2_2"
"833","CATGCTCCATATGGCT-1_2_2"
"834","CATGCTCTCGAAGAAT-1_2_2"
"835","CATGCTCTCGCCATAA-1_2_2"
"836","CATGGATCATACGCAT-1_2_2"
"837","CATGGATGTAAGTTAG-1_2_2"
"838","CATGGATTCCGCCTAT-1_2_2"
"839","CATGGATTCTATTGTC-1_2_2"
"840","CATGGTAAGCTTGTTG-1_2_2"
"841","CATGGTACAGAGATTA-1_2_2"
"842","CATGGTAGTCGGAACA-1_2_2"
"843","CATGGTATCCTCAGAA-1_2_2"
"844","CATTCATGTGCGTGCT-1_2_2"
"845","CATTCATGTGGTCTCG-1_2_2"
"846","CATTCATTCAAAGCCT-1_2_2"
"847","CATTCTAAGTTCATGC-1_2_2"
"848","CATTCTAGTGTGCCTG-1_2_2"
"849","CATTCTATCTCGTGGG-1_2_2"
"850","CATTCTATCTGCTCTG-1_2_2"
"851","CATTGAGAGTACCCTA-1_2_2"
"852","CATTGAGCAAGAATAC-1_2_2"
"853","CATTGAGCACGTAGAG-1_2_2"
"854","CATTGAGTCGAAGCCC-1_2_2"
"855","CATTGCCAGGTTGTTC-1_2_2"
"856","CATTGCCGTGCAACGA-1_2_2"
"857","CATTGCCTCACCCTCA-1_2_2"
"858","CATTGTTAGAGCTGAC-1_2_2"
"859","CATTGTTAGGGCTGAT-1_2_2"
"860","CATTGTTCAGATCCAT-1_2_2"
"861","CATTGTTTCGCGTAGC-1_2_2"
"862","CATTTCAGTAACAAGT-1_2_2"
"863","CCAAGCGAGGGAGTTC-1_2_2"
"864","CCAAGCGCAGCCGTTG-1_2_2"
"865","CCAAGCGCATCGCCTT-1_2_2"
"866","CCAAGCGGTCGTACTA-1_2_2"
"867","CCAATGAAGTACAGAT-1_2_2"
"868","CCAATGAGTAGCTTTG-1_2_2"
"869","CCAATTTAGAGTTCGG-1_2_2"
"870","CCACAAAAGTTCTACG-1_2_2"
"871","CCACAAAGTGTAGGAC-1_2_2"
"872","CCACAAAGTTACGATC-1_2_2"
"873","CCACAAATCCAAGCTA-1_2_2"
"874","CCACAAATCTGCGATA-1_2_2"
"875","CCACACTCAGGTGTTT-1_2_2"
"876","CCACACTTCCGTGTCT-1_2_2"
"877","CCACCATCAATGAACA-1_2_2"
"878","CCACCATGTAGAGACC-1_2_2"
"879","CCACGAGCATCGAACT-1_2_2"
"880","CCACGAGGTCCAATCA-1_2_2"
"881","CCACGAGGTTCAAGGG-1_2_2"
"882","CCACGAGTCAGACCTA-1_2_2"
"883","CCACGAGTCTCGTGGG-1_2_2"
"884","CCACGTTAGACAGTCG-1_2_2"
"885","CCACGTTAGGCTCAAG-1_2_2"
"886","CCACGTTCACAGTATC-1_2_2"
"887","CCACGTTCACCGCTGA-1_2_2"
"888","CCACGTTTCCAGTTCC-1_2_2"
"889","CCACGTTTCCGCTGTT-1_2_2"
"890","CCACTTGAGCGCCATC-1_2_2"
"891","CCACTTGCAAATACAG-1_2_2"
"892","CCACTTGCAAGCCATT-1_2_2"
"893","CCACTTGCAATCAGCT-1_2_2"
"894","CCACTTGTCCCATACC-1_2_2"
"895","CCACTTGTCGTGTCAA-1_2_2"
"896","CCATAAGAGACGCATG-1_2_2"
"897","CCATAAGGTACAGAAT-1_2_2"
"898","CCATAAGTCCATTGCC-1_2_2"
"899","CCATCACTCTCTGAGA-1_2_2"
"900","CCCAACTAGGCTCCCA-1_2_2"
"901","CCCAACTCAAACGTGG-1_2_2"
"902","CCCAACTGTTAAGTCC-1_2_2"
"903","CCCATTGAGCATCCCG-1_2_2"
"904","CCCATTGGTATTGAGA-1_2_2"
"905","CCCATTGTCGCTCTAC-1_2_2"
"906","CCCATTGTCTCTCAAT-1_2_2"
"907","CCCGAAGAGGTAAAGG-1_2_2"
"908","CCCGGAAAGCAATAGT-1_2_2"
"909","CCCGGAAGTATTCCTT-1_2_2"
"910","CCCGGAAGTCGGAAAC-1_2_2"
"911","CCCGGAATCACAGTGT-1_2_2"
"912","CCCGGAATCCAAGCAT-1_2_2"
"913","CCCGGAATCCTGGGTG-1_2_2"
"914","CCCGGAATCTCGGGAC-1_2_2"
"915","CCCTAACAGTTTGCTG-1_2_2"
"916","CCCTAACGTTGGCCTG-1_2_2"
"917","CCCTAACTCGTCGATA-1_2_2"
"918","CCCTCAAGTTGATCGT-1_2_2"
"919","CCCTCAAGTTTCCATT-1_2_2"
"920","CCCTCTCCATCATGAC-1_2_2"
"921","CCCTCTCGTGACGTCC-1_2_2"
"922","CCCTCTCGTGTTACAC-1_2_2"
"923","CCCTGATGTTCCGGTG-1_2_2"
"924","CCCTGATTCCATTCAT-1_2_2"
"925","CCCTTAGAGTGGACGT-1_2_2"
"926","CCCTTAGTCACTACGA-1_2_2"
"927","CCGAACGAGTTGAATG-1_2_2"
"928","CCGAACGCAACTGGTT-1_2_2"
"929","CCGAACGGTACATTGC-1_2_2"
"930","CCGAACGGTTCTATCT-1_2_2"
"931","CCGAACGTCTCGCTTG-1_2_2"
"932","CCGATGGGTTACGTAC-1_2_2"
"933","CCGATGGTCATCTCTA-1_2_2"
"934","CCGCAAGGTACGAAAT-1_2_2"
"935","CCGCAAGTCTCCGTGT-1_2_2"
"936","CCGGACACATCAGCGC-1_2_2"
"937","CCGGACATCATTGCGA-1_2_2"
"938","CCGGACATCTAGTCAG-1_2_2"
"939","CCGGGTAAGATGCGAC-1_2_2"
"940","CCGGGTAAGTGGATAT-1_2_2"
"941","CCGGGTAGTGCCCAGT-1_2_2"
"942","CCGGGTATCTACCAGA-1_2_2"
"943","CCGGGTATCTCTCGCA-1_2_2"
"944","CCGGTGACAAATTGCC-1_2_2"
"945","CCGGTGACAATTGCAC-1_2_2"
"946","CCGTAGGGTTTACACG-1_2_2"
"947","CCGTGAGGTAGAGGAA-1_2_2"
"948","CCGTGAGTCACACCGG-1_2_2"
"949","CCGTGAGTCACCTTGC-1_2_2"
"950","CCGTTCAAGGAAAGTG-1_2_2"
"951","CCGTTCACACGGTGAA-1_2_2"
"952","CCGTTCATCCAACCGG-1_2_2"
"953","CCGTTCATCCTATTTG-1_2_2"
"954","CCTAACCCAGTAGTGG-1_2_2"
"955","CCTAACCGTTACGTAC-1_2_2"
"956","CCTAACCTCGTGGCGT-1_2_2"
"957","CCTAAGAAGCTCCACG-1_2_2"
"958","CCTAAGAAGTTAACGA-1_2_2"
"959","CCTAAGACATATGCGT-1_2_2"
"960","CCTAAGAGTGCAACAG-1_2_2"
"961","CCTAAGATCCGTAATG-1_2_2"
"962","CCTACGTGTATCGCAT-1_2_2"
"963","CCTATCGAGGCCTTCG-1_2_2"
"964","CCTATCGGTGAGCAGT-1_2_2"
"965","CCTATCGTCAATCGGT-1_2_2"
"966","CCTATCGTCGGCATCG-1_2_2"
"967","CCTCACACAAGATGTA-1_2_2"
"968","CCTCACACACGTGAGA-1_2_2"
"969","CCTCAGTGTGTCTCCT-1_2_2"
"970","CCTCAGTGTTAAGCAA-1_2_2"
"971","CCTCAGTGTTACCCTC-1_2_2"
"972","CCTCAGTTCAAACGAA-1_2_2"
"973","CCTCAGTTCCCGTGAG-1_2_2"
"974","CCTCATGAGGCCTTCG-1_2_2"
"975","CCTCCAAGTACCGTGC-1_2_2"
"976","CCTCCAAGTCCCAAAT-1_2_2"
"977","CCTCCAAGTCGTATTG-1_2_2"
"978","CCTCCTCGTGTCCATA-1_2_2"
"979","CCTCCTCTCAGCGGAA-1_2_2"
"980","CCTCCTCTCTTCCACG-1_2_2"
"981","CCTCTAGTCTCTGCTG-1_2_2"
"982","CCTCTCCAGTAGATCA-1_2_2"
"983","CCTCTCCCAACCGACC-1_2_2"
"984","CCTCTCCCAAGCGCTC-1_2_2"
"985","CCTCTCCTCTTCACAT-1_2_2"
"986","CCTGCATAGTCCGCCA-1_2_2"
"987","CCTGCATGTGTTAAAG-1_2_2"
"988","CCTGCATTCAGGCGAA-1_2_2"
"989","CCTGTTGGTAGATCCT-1_2_2"
"990","CCTTCAGAGACACACG-1_2_2"
"991","CCTTCAGAGTACTCGT-1_2_2"
"992","CCTTCAGCAAGATGGC-1_2_2"
"993","CCTTCAGGTATGACAA-1_2_2"
"994","CCTTCAGTCAGCCTTC-1_2_2"
"995","CCTTGTGAGCAGCACA-1_2_2"
"996","CCTTGTGCAGGCGAAT-1_2_2"
"997","CCTTGTGGTACGTGAG-1_2_2"
"998","CCTTGTGGTCGTACAT-1_2_2"
"999","CCTTGTGTCGCTCCTA-1_2_2"
"1000","CCTTTGGGTCGCACAC-1_2_2"
"1001","CGAAGGACACAATTCG-1_2_2"
"1002","CGAAGGAGTTCAAGTC-1_2_2"
"1003","CGAAGGATCGAGAGCA-1_2_2"
"1004","CGAAGTTAGCTACGTT-1_2_2"
"1005","CGAAGTTAGTTCCAGT-1_2_2"
"1006","CGAAGTTGTGTCGATT-1_2_2"
"1007","CGAATTGCACGGTAGA-1_2_2"
"1008","CGAATTGGTATGGGAC-1_2_2"
"1009","CGAATTGGTGACAGCA-1_2_2"
"1010","CGACAGCAGAGAGTGA-1_2_2"
"1011","CGACAGCAGTGGATAT-1_2_2"
"1012","CGACAGCCACCTATCC-1_2_2"
"1013","CGACAGCCAGGTGTGA-1_2_2"
"1014","CGACAGCGTACTTGTG-1_2_2"
"1015","CGACAGCGTCAAGGCA-1_2_2"
"1016","CGACAGCTCCACTTCG-1_2_2"
"1017","CGAGAAGTCCTGTACC-1_2_2"
"1018","CGAGAAGTCTTCACAT-1_2_2"
"1019","CGAGGAAGTCCACAGC-1_2_2"
"1020","CGAGGAATCATGAGTC-1_2_2"
"1021","CGAGGCTAGAACCCGA-1_2_2"
"1022","CGAGGCTTCCCTCTCC-1_2_2"
"1023","CGAGGCTTCGAAACAA-1_2_2"
"1024","CGAGGCTTCTGAATCG-1_2_2"
"1025","CGAGTGCAGGTACCTT-1_2_2"
"1026","CGAGTGCCAGCTCCTT-1_2_2"
"1027","CGAGTGCCATAACTCG-1_2_2"
"1028","CGATCGGAGCTGTTCA-1_2_2"
"1029","CGATCGGCATCGATGT-1_2_2"
"1030","CGATCGGTCCCGATCT-1_2_2"
"1031","CGATGCGAGGATGCGT-1_2_2"
"1032","CGATGGCCACATAACC-1_2_2"
"1033","CGCAGGTGTGGGAGAG-1_2_2"
"1034","CGCAGGTGTTCGTGCG-1_2_2"
"1035","CGCAGGTTCGGTCGAC-1_2_2"
"1036","CGCATAAGTGGAGGTT-1_2_2"
"1037","CGCATAATCTCCGCAT-1_2_2"
"1038","CGCATGGCATTGCTTT-1_2_2"
"1039","CGCATGGTCATGCATG-1_2_2"
"1040","CGCATGGTCCTACCGT-1_2_2"
"1041","CGCCAGAGTTTGGGTT-1_2_2"
"1042","CGCCATTGTTAGAAAC-1_2_2"
"1043","CGCCATTTCTTACGGA-1_2_2"
"1044","CGCGTGAAGATACGAT-1_2_2"
"1045","CGCGTGAAGTTCTCTT-1_2_2"
"1046","CGCGTGATCGTTATCT-1_2_2"
"1047","CGGAACCAGGACTTCT-1_2_2"
"1048","CGGAACCCAACGATCT-1_2_2"
"1049","CGGAACCGTAGGCAGT-1_2_2"
"1050","CGGAACCGTCATCGCG-1_2_2"
"1051","CGGAATTAGAGTCCGA-1_2_2"
"1052","CGGAATTCAACGTAAA-1_2_2"
"1053","CGGAATTCAACGTATC-1_2_2"
"1054","CGGAATTGTTCGAACT-1_2_2"
"1055","CGGAATTTCTGTGCGG-1_2_2"
"1056","CGGAGAACAGGCCTGT-1_2_2"
"1057","CGGGACTAGAGACAAG-1_2_2"
"1058","CGGGACTAGTAGCATA-1_2_2"
"1059","CGGGACTCAGACAAGC-1_2_2"
"1060","CGGGACTGTTGGATCT-1_2_2"
"1061","CGGGACTTCCCAGGAC-1_2_2"
"1062","CGGGCATAGGTACATA-1_2_2"
"1063","CGGGTCAAGAGCACTG-1_2_2"
"1064","CGGGTCACACGACAGA-1_2_2"
"1065","CGGGTCACAGTATGAA-1_2_2"
"1066","CGGGTCAGTTCCAGGC-1_2_2"
"1067","CGGGTCATCATCGCCT-1_2_2"
"1068","CGGGTGTCAGACCCGT-1_2_2"
"1069","CGGGTGTTCAGCTTGA-1_2_2"
"1070","CGGTCAGAGCGACTAG-1_2_2"
"1071","CGGTCAGGTAGACTGG-1_2_2"
"1072","CGGTCAGTCAGCCCAG-1_2_2"
"1073","CGTAAGTGTCTAGATC-1_2_2"
"1074","CGTAAGTTCTCGGTAA-1_2_2"
"1075","CGTAAGTTCTTCCACG-1_2_2"
"1076","CGTAAGTTCTTGGATG-1_2_2"
"1077","CGTAATGCACGTCATA-1_2_2"
"1078","CGTAATGGTATCGTTG-1_2_2"
"1079","CGTAATGTCCTTGAAG-1_2_2"
"1080","CGTAGTAGTGAATATG-1_2_2"
"1081","CGTAGTATCGTGCGAC-1_2_2"
"1082","CGTAGTATCTCAATCT-1_2_2"
"1083","CGTCAAAAGGTCGCCT-1_2_2"
"1084","CGTCAAAAGTATGGCG-1_2_2"
"1085","CGTCAAATCGGCTGAC-1_2_2"
"1086","CGTCCATCAGTATGAA-1_2_2"
"1087","CGTCCATGTACCAATC-1_2_2"
"1088","CGTCCATGTCTTACTT-1_2_2"
"1089","CGTCCATGTTTCACTT-1_2_2"
"1090","CGTGAATAGACCTGGA-1_2_2"
"1091","CGTGAATAGAGTGTGC-1_2_2"
"1092","CGTGAATCACTTGACA-1_2_2"
"1093","CGTGAATGTAAGGAGA-1_2_2"
"1094","CGTGAATGTGACTATC-1_2_2"
"1095","CGTGAATGTGCCGAAA-1_2_2"
"1096","CGTGAATTCCGCACTT-1_2_2"
"1097","CGTGAATTCTTTCTAG-1_2_2"
"1098","CGTGATAGTCATGCAT-1_2_2"
"1099","CGTGCTTCACGACGCT-1_2_2"
"1100","CGTGCTTGTTCGGACC-1_2_2"
"1101","CGTGCTTGTTGGTGTT-1_2_2"
"1102","CGTGCTTTCAGAGCGA-1_2_2"
"1103","CGTTAGAAGAATTCAG-1_2_2"
"1104","CGTTAGAAGTTGTACC-1_2_2"
"1105","CGTTAGAGTACCGTCG-1_2_2"
"1106","CGTTAGAGTATCTCTT-1_2_2"
"1107","CGTTAGATCCCTTGTG-1_2_2"
"1108","CGTTGGGAGGTTCTTG-1_2_2"
"1109","CGTTGGGAGTCGCCAC-1_2_2"
"1110","CGTTGGGCACGCCACA-1_2_2"
"1111","CGTTGGGGTATCGTGT-1_2_2"
"1112","CTAACCCAGCTAATCC-1_2_2"
"1113","CTAACCCCACTACCCT-1_2_2"
"1114","CTAACTTAGGACACTG-1_2_2"
"1115","CTAACTTCAATCTCTT-1_2_2"
"1116","CTAACTTTCCACTGGG-1_2_2"
"1117","CTAAGTGAGAGCTGCA-1_2_2"
"1118","CTAAGTGAGAGGCCAT-1_2_2"
"1119","CTAAGTGAGTTGTACC-1_2_2"
"1120","CTAAGTGCAAGCGGAT-1_2_2"
"1121","CTAAGTGCACAACGTT-1_2_2"
"1122","CTACAGACAGAGGGTT-1_2_2"
"1123","CTACATTAGACGAAGA-1_2_2"
"1124","CTACCTGCAAACACCT-1_2_2"
"1125","CTACCTGTCCTACACC-1_2_2"
"1126","CTACCTGTCGCACGGT-1_2_2"
"1127","CTACCTGTCGTTCTCG-1_2_2"
"1128","CTACGGGAGATACATG-1_2_2"
"1129","CTACGGGAGCAACTCT-1_2_2"
"1130","CTACGGGAGCATCAAA-1_2_2"
"1131","CTACGGGAGGTACAAT-1_2_2"
"1132","CTACGGGCAAGGTTGG-1_2_2"
"1133","CTACTATCAAGCCATT-1_2_2"
"1134","CTACTATCAGGTCCCA-1_2_2"
"1135","CTACTATCATCGGATT-1_2_2"
"1136","CTACTATGTTGCATTG-1_2_2"
"1137","CTAGACATCCACGTGG-1_2_2"
"1138","CTAGGTAAGACAAGCC-1_2_2"
"1139","CTAGGTAAGAGAGCGG-1_2_2"
"1140","CTAGGTAAGATCACTC-1_2_2"
"1141","CTAGGTAAGCGACAGT-1_2_2"
"1142","CTAGGTACATGGAAGC-1_2_2"
"1143","CTAGGTAGTAACCCGC-1_2_2"
"1144","CTATAGGCAAAGCGTG-1_2_2"
"1145","CTATAGGCAATGCAAA-1_2_2"
"1146","CTATAGGTCAAAGGTA-1_2_2"
"1147","CTATAGGTCCAATCCC-1_2_2"
"1148","CTATCCGCAGTATACC-1_2_2"
"1149","CTATCCGGTGTCGATT-1_2_2"
"1150","CTATCCGTCTTCTAAC-1_2_2"
"1151","CTATCTACACCATATG-1_2_2"
"1152","CTCAACCAGAGTCCGA-1_2_2"
"1153","CTCAACCAGCGGTAAC-1_2_2"
"1154","CTCAAGAAGATTGATG-1_2_2"
"1155","CTCAAGATCAGCCCAG-1_2_2"
"1156","CTCAAGATCCACTTCG-1_2_2"
"1157","CTCAATTAGTCTCGTA-1_2_2"
"1158","CTCAATTAGTGGCCTC-1_2_2"
"1159","CTCACTGAGCACTCGC-1_2_2"
"1160","CTCACTGAGGTAGCAC-1_2_2"
"1161","CTCACTGAGGTCTACT-1_2_2"
"1162","CTCACTGGTTTACTGG-1_2_2"
"1163","CTCAGAATCGAGAGCA-1_2_2"
"1164","CTCAGGGAGAATGTTG-1_2_2"
"1165","CTCAGGGCAGAACTTC-1_2_2"
"1166","CTCAGGGGTAACATGA-1_2_2"
"1167","CTCAGTCAGCCGTTAT-1_2_2"
"1168","CTCAGTCAGGGATGTC-1_2_2"
"1169","CTCATCGAGTGATAAC-1_2_2"
"1170","CTCATTAAGGTGCTGA-1_2_2"
"1171","CTCATTACAATGGCCC-1_2_2"
"1172","CTCATTATCCATTGTT-1_2_2"
"1173","CTCCAACCAGTAGAAT-1_2_2"
"1174","CTCCAACGTCAACCTA-1_2_2"
"1175","CTCCAACTCGAAGCAG-1_2_2"
"1176","CTCCACAAGCCATTGT-1_2_2"
"1177","CTCCACAGTCGAGCAA-1_2_2"
"1178","CTCCATGAGTACAGCG-1_2_2"
"1179","CTCCATGCACTAGTAC-1_2_2"
"1180","CTCCATGTCTGGTCAA-1_2_2"
"1181","CTCCCAAAGTCAATCC-1_2_2"
"1182","CTCCCAAGTAGAAACT-1_2_2"
"1183","CTCCCAAGTGCGGATA-1_2_2"
"1184","CTCCCAATCGCACGAC-1_2_2"
"1185","CTCCCTCCAAACACGG-1_2_2"
"1186","CTCCTCCAGACCAACG-1_2_2"
"1187","CTCCTCCAGGGTCACA-1_2_2"
"1188","CTCCTCCCACGGGCTT-1_2_2"
"1189","CTCCTCCGTCCCACGA-1_2_2"
"1190","CTCCTTTCAACAACAA-1_2_2"
"1191","CTCCTTTTCGCTTACC-1_2_2"
"1192","CTCGAGGCAGTAACAA-1_2_2"
"1193","CTCGAGGGTCGTACAT-1_2_2"
"1194","CTCTCAGAGTGAATAC-1_2_2"
"1195","CTCTCAGCATGGTGGA-1_2_2"
"1196","CTCTCAGGTTTCGGCG-1_2_2"
"1197","CTCTCAGTCTGACGCG-1_2_2"
"1198","CTCTCGAGTTGCTTGA-1_2_2"
"1199","CTCTGGTGTCCACTTC-1_2_2"
"1200","CTCTGGTGTGCCTGCA-1_2_2"
"1201","CTGAATGTCATTACGG-1_2_2"
"1202","CTGAGCGCATGTGTCA-1_2_2"
"1203","CTGAGGCAGATTACCC-1_2_2"
"1204","CTGAGGCAGTAAACTG-1_2_2"
"1205","CTGAGGCGTGATTCAC-1_2_2"
"1206","CTGATCCAGATCACTC-1_2_2"
"1207","CTGATCCAGGAACGCT-1_2_2"
"1208","CTGATCCAGTTCGCAT-1_2_2"
"1209","CTGATCCCAAACGTGG-1_2_2"
"1210","CTGATCCCAACTCATG-1_2_2"
"1211","CTGATCCGTAAGCGGT-1_2_2"
"1212","CTGATCCTCCGCACTT-1_2_2"
"1213","CTGCAGGAGACTGAGC-1_2_2"
"1214","CTGCAGGGTCAACACT-1_2_2"
"1215","CTGCAGGGTTCCTAGA-1_2_2"
"1216","CTGCAGGTCTCCGTGT-1_2_2"
"1217","CTGCATCAGCCGGAAT-1_2_2"
"1218","CTGCATCCAGATAAAC-1_2_2"
"1219","CTGCATCGTCAAGCGA-1_2_2"
"1220","CTGCATCGTCCAGCGT-1_2_2"
"1221","CTGCATCGTTAAGCAA-1_2_2"
"1222","CTGCCATAGCCTAACT-1_2_2"
"1223","CTGCCATCACAAGCTT-1_2_2"
"1224","CTGCCATCATGGGATG-1_2_2"
"1225","CTGCCATGTCGCTTGG-1_2_2"
"1226","CTGCCATGTGCATGTT-1_2_2"
"1227","CTGCCATGTTAGAAAC-1_2_2"
"1228","CTGCCTAAGGCGACAT-1_2_2"
"1229","CTGCCTAAGTGGCCTC-1_2_2"
"1230","CTGCCTAGTAATGTGA-1_2_2"
"1231","CTGCCTAGTAGTTACC-1_2_2"
"1232","CTGCCTAGTGTTGACT-1_2_2"
"1233","CTGCCTAGTTACCCTC-1_2_2"
"1234","CTGCCTATCGACCCAG-1_2_2"
"1235","CTGCGAGAGCGGTAAC-1_2_2"
"1236","CTGCGAGGTGGCATCC-1_2_2"
"1237","CTGCGAGGTTGTCCCT-1_2_2"
"1238","CTGCGAGTCGCGATCG-1_2_2"
"1239","CTGCTCAAGGGATCTG-1_2_2"
"1240","CTGGACGCAGCTATAC-1_2_2"
"1241","CTGGACGGTCGAGCAA-1_2_2"
"1242","CTGGACGTCGGAAACG-1_2_2"
"1243","CTGGCAGTCAGCCTCT-1_2_2"
"1244","CTGGTCTAGACATCCT-1_2_2"
"1245","CTGTACCAGCGCTTCG-1_2_2"
"1246","CTGTACCCAAAGGAGA-1_2_2"
"1247","CTGTAGACACGTCATA-1_2_2"
"1248","CTGTAGAGTTTCTATC-1_2_2"
"1249","CTGTATTCAATTCTCT-1_2_2"
"1250","CTGTATTCACGCAGTC-1_2_2"
"1251","CTGTCGTAGACCTTTG-1_2_2"
"1252","CTGTCGTTCGATACGT-1_2_2"
"1253","CTGTCGTTCTTCTTCC-1_2_2"
"1254","CTGTGAAAGTGCCAGA-1_2_2"
"1255","CTGTGAAGTGCTCTTC-1_2_2"
"1256","CTTACCGAGGACTATA-1_2_2"
"1257","CTTACCGCATGACACT-1_2_2"
"1258","CTTACCGTCAAACGAA-1_2_2"
"1259","CTTAGGAAGAGCACTG-1_2_2"
"1260","CTTAGGAAGTGATTCC-1_2_2"
"1261","CTTAGGAGTTTCCAAG-1_2_2"
"1262","CTTCAATAGCTTGTTG-1_2_2"
"1263","CTTCAATAGGAAAGAC-1_2_2"
"1264","CTTCAATGTGACTGTT-1_2_2"
"1265","CTTCAATTCGTCCTTG-1_2_2"
"1266","CTTCCGAAGACCGTTT-1_2_2"
"1267","CTTCCGACAAGGCGTA-1_2_2"
"1268","CTTCCGACACGCTGAC-1_2_2"
"1269","CTTCCGAGTGTCATGT-1_2_2"
"1270","CTTCCTTAGGGATCGT-1_2_2"
"1271","CTTCCTTGTAGCTGTT-1_2_2"
"1272","CTTCCTTTCAAGCCGC-1_2_2"
"1273","CTTCGGTAGGTAAAGG-1_2_2"
"1274","CTTCGGTTCAAATAGG-1_2_2"
"1275","CTTCGGTTCAGCCCAG-1_2_2"
"1276","CTTCGGTTCCACGTCT-1_2_2"
"1277","CTTCTAAAGACACACG-1_2_2"
"1278","CTTCTAAAGCTAAGTA-1_2_2"
"1279","CTTCTCTTCAACACCA-1_2_2"
"1280","CTTCTCTTCTACTATC-1_2_2"
"1281","CTTGAGAAGATTGGGC-1_2_2"
"1282","CTTGAGAAGCGGATCA-1_2_2"
"1283","CTTGAGACAATTGAGA-1_2_2"
"1284","CTTGAGACATCGAGCC-1_2_2"
"1285","CTTGAGAGTCAAAGCG-1_2_2"
"1286","CTTGAGAGTGCAATAA-1_2_2"
"1287","CTTGATTAGATGAACT-1_2_2"
"1288","CTTGATTAGCGACCCT-1_2_2"
"1289","CTTGATTCACCCTATC-1_2_2"
"1290","CTTTCAACAAGCTGTT-1_2_2"
"1291","CTTTCAACACACACTA-1_2_2"
"1292","CTTTCAAGTCTACATG-1_2_2"
"1293","CTTTCGGGTCGGTAAG-1_2_2"
"1294","GAAACCTAGTGATGGC-1_2_2"
"1295","GAAACCTCAGCTGTGC-1_2_2"
"1296","GAAACCTCATGAGTAA-1_2_2"
"1297","GAAACCTGTCAGCGTC-1_2_2"
"1298","GAAACCTGTCCATCTC-1_2_2"
"1299","GAAACCTTCTGCTGAA-1_2_2"
"1300","GAAATGACAAGAGTTA-1_2_2"
"1301","GAAATGACATCACAGT-1_2_2"
"1302","GAAATGAGTAACGTTC-1_2_2"
"1303","GAAATGAGTGCGTTTA-1_2_2"
"1304","GAACACTAGCGATGCA-1_2_2"
"1305","GAACACTAGGTCGAGT-1_2_2"
"1306","GAACACTAGGTTTGAA-1_2_2"
"1307","GAACACTGTATCCTTT-1_2_2"
"1308","GAACGTTAGCACGATG-1_2_2"
"1309","GAACGTTCAACGTTAC-1_2_2"
"1310","GAACGTTCACGTACAT-1_2_2"
"1311","GAACTGTTCACTGGTA-1_2_2"
"1312","GAAGAATAGCAAGTCG-1_2_2"
"1313","GAAGAATTCTGCGGCA-1_2_2"
"1314","GAAGCCCCAACCCTAA-1_2_2"
"1315","GAAGCCCGTAATCAAG-1_2_2"
"1316","GAAGCCCTCATCACTT-1_2_2"
"1317","GAAGCCCTCTATGTGG-1_2_2"
"1318","GAAGCGAGTATTGACC-1_2_2"
"1319","GAAGGACCACTCCGAG-1_2_2"
"1320","GAAGGGTCAAGCGATG-1_2_2"
"1321","GAAGGGTCACTAAACC-1_2_2"
"1322","GAAGTAAAGCACTCTA-1_2_2"
"1323","GAAGTAAAGTTACGAA-1_2_2"
"1324","GAATAGAAGAGCACTG-1_2_2"
"1325","GAATAGAAGCTCCATA-1_2_2"
"1326","GAATAGAGTGAGTTTC-1_2_2"
"1327","GAATCACGTGCATTTG-1_2_2"
"1328","GAATCACTCTCAGGCG-1_2_2"
"1329","GAATCGTCACCGTGCA-1_2_2"
"1330","GAATCGTCACTCCACT-1_2_2"
"1331","GACACGCCACTACACA-1_2_2"
"1332","GACACGCTCACTTATC-1_2_2"
"1333","GACAGCCAGCTTACGT-1_2_2"
"1334","GACAGCCTCATGAGGG-1_2_2"
"1335","GACATCAAGCATTGTC-1_2_2"
"1336","GACATCATCTATACTC-1_2_2"
"1337","GACCAATCAGAGGCTA-1_2_2"
"1338","GACCAATGTACAAAGT-1_2_2"
"1339","GACCAATGTTCCCAAA-1_2_2"
"1340","GACCCAGGTTTAGACC-1_2_2"
"1341","GACCCAGTCGCCGAAC-1_2_2"
"1342","GACCCTTAGATCCCGC-1_2_2"
"1343","GACCCTTAGGTGAGCT-1_2_2"
"1344","GACCCTTGTAATCAAG-1_2_2"
"1345","GACCCTTGTGATACCT-1_2_2"
"1346","GACCCTTTCGCCGAGT-1_2_2"
"1347","GACCGTGAGTATAGAC-1_2_2"
"1348","GACCGTGAGTATTCCG-1_2_2"
"1349","GACCGTGAGTCATTGC-1_2_2"
"1350","GACCGTGTCCATCTAT-1_2_2"
"1351","GACCGTGTCCCAGGAC-1_2_2"
"1352","GACCTTCAGGCTCCCA-1_2_2"
"1353","GACCTTCGTAGCGTCC-1_2_2"
"1354","GACCTTCTCCACGTAA-1_2_2"
"1355","GACCTTCTCCGAGGCT-1_2_2"
"1356","GACGCTGCAATGTTGC-1_2_2"
"1357","GACGCTGTCTCGAGTA-1_2_2"
"1358","GACGTTACACACCTTC-1_2_2"
"1359","GACTATGCAGTTGGTT-1_2_2"
"1360","GACTATGTCTAACGGT-1_2_2"
"1361","GACTCAAAGCGATCGA-1_2_2"
"1362","GACTCAAAGGGAGTGG-1_2_2"
"1363","GACTCAAAGTCTGGAG-1_2_2"
"1364","GACTCAATCAAGTCTG-1_2_2"
"1365","GACTCAATCGTCCTCA-1_2_2"
"1366","GACTCTCCACGACGTC-1_2_2"
"1367","GACTCTCTCTCCTGAC-1_2_2"
"1368","GACTGATCAATCGCCG-1_2_2"
"1369","GACTGATCACTCCTTG-1_2_2"
"1370","GACTGATGTGCATGTT-1_2_2"
"1371","GACTGATTCAGAATAG-1_2_2"
"1372","GACTGATTCTCAGTCC-1_2_2"
"1373","GACTTCCAGGTTTGAA-1_2_2"
"1374","GACTTCCCATTGAAAG-1_2_2"
"1375","GACTTCCTCCTCGATC-1_2_2"
"1376","GACTTCCTCTACCTTA-1_2_2"
"1377","GAGAAATAGTTAACGA-1_2_2"
"1378","GAGAAATCAGAGAGGG-1_2_2"
"1379","GAGAAATGTGTGGACA-1_2_2"
"1380","GAGAAATTCGTGTCAA-1_2_2"
"1381","GAGAAATTCTCACCCA-1_2_2"
"1382","GAGACCCGTGATACCT-1_2_2"
"1383","GAGACCCTCTCGTTTA-1_2_2"
"1384","GAGAGGTGTATGAGAT-1_2_2"
"1385","GAGCCTGAGGTAGTAT-1_2_2"
"1386","GAGCCTGGTATGAAGT-1_2_2"
"1387","GAGCCTGTCCGATTAG-1_2_2"
"1388","GAGCCTGTCTGTCTCG-1_2_2"
"1389","GAGCTGCTCGGATAAA-1_2_2"
"1390","GAGGCAACACGTTCGG-1_2_2"
"1391","GAGGCCTAGGTGCAGT-1_2_2"
"1392","GAGGCCTAGTATGATG-1_2_2"
"1393","GAGGCCTTCAATCTTC-1_2_2"
"1394","GAGGGATAGAAGGATG-1_2_2"
"1395","GAGGGATAGTGAGGCT-1_2_2"
"1396","GAGGGATCAACTCGAT-1_2_2"
"1397","GAGGGATCATCATCCC-1_2_2"
"1398","GAGGGTAAGAGGTCGT-1_2_2"
"1399","GAGTCATCAGCCTATA-1_2_2"
"1400","GAGTCATTCGAGCCAC-1_2_2"
"1401","GAGTCTAAGTCCGTCG-1_2_2"
"1402","GAGTCTAAGTGCACAG-1_2_2"
"1403","GAGTCTACAGAGCCCT-1_2_2"
"1404","GAGTCTAGTGGTCTCG-1_2_2"
"1405","GAGTCTATCACTAGCA-1_2_2"
"1406","GAGTGAGAGACCAACG-1_2_2"
"1407","GAGTGAGCAGGATGAC-1_2_2"
"1408","GAGTGAGCATAATCGC-1_2_2"
"1409","GAGTGAGGTGCTTCAA-1_2_2"
"1410","GAGTGAGTCCTCACTG-1_2_2"
"1411","GAGTGAGTCTCATGCC-1_2_2"
"1412","GAGTGTTAGCGATGCA-1_2_2"
"1413","GAGTGTTGTAGACAGC-1_2_2"
"1414","GAGTGTTGTAGTTAGA-1_2_2"
"1415","GAGTGTTTCATTGCGA-1_2_2"
"1416","GAGTTACCAACCCTAA-1_2_2"
"1417","GAGTTACGTATTGCCA-1_2_2"
"1418","GAGTTACGTGCGAACA-1_2_2"
"1419","GAGTTACTCCATCAGA-1_2_2"
"1420","GAGTTGTAGCCTAGGA-1_2_2"
"1421","GAGTTGTAGGGAGGAC-1_2_2"
"1422","GAGTTGTAGGGTAGCT-1_2_2"
"1423","GAGTTGTCAGCGTTGC-1_2_2"
"1424","GAGTTGTGTCCGTACG-1_2_2"
"1425","GAGTTTGCAGCCTACG-1_2_2"
"1426","GAGTTTGGTTGTTGTG-1_2_2"
"1427","GAGTTTGTCAACTGGT-1_2_2"
"1428","GATAGAAAGTGGGAAA-1_2_2"
"1429","GATAGAACAGCTTCGG-1_2_2"
"1430","GATAGAAGTCGTCATA-1_2_2"
"1431","GATAGAATCACACGAT-1_2_2"
"1432","GATAGAATCTGAGCAT-1_2_2"
"1433","GATAGCTAGCGCAATG-1_2_2"
"1434","GATAGCTCAAACACCT-1_2_2"
"1435","GATAGCTCACGTAGTT-1_2_2"
"1436","GATAGCTTCAGAGTTC-1_2_2"
"1437","GATAGCTTCTTAGCTT-1_2_2"
"1438","GATCACACAGGACTAG-1_2_2"
"1439","GATCACACATCAGCTA-1_2_2"
"1440","GATCACAGTTTGGAGG-1_2_2"
"1441","GATCAGTTCGTCGCTT-1_2_2"
"1442","GATCATGCATGGAACG-1_2_2"
"1443","GATCATGTCCCATTTA-1_2_2"
"1444","GATCCCTAGTGAGCCA-1_2_2"
"1445","GATCCCTAGTGTGTTC-1_2_2"
"1446","GATCCCTTCATGGGAG-1_2_2"
"1447","GATCGTACAAGGTACG-1_2_2"
"1448","GATCGTACAGCAGTTT-1_2_2"
"1449","GATCGTACAGCGTATT-1_2_2"
"1450","GATCGTAGTACGTGAG-1_2_2"
"1451","GATCGTAGTGGAACAC-1_2_2"
"1452","GATCGTATCGGTCAGC-1_2_2"
"1453","GATGACTCATAACGGG-1_2_2"
"1454","GATGACTCATTCATCT-1_2_2"
"1455","GATGACTGTTATGACC-1_2_2"
"1456","GATGACTTCAGGACGA-1_2_2"
"1457","GATGAGGCACAAGCTT-1_2_2"
"1458","GATGAGGTCTCCTGTG-1_2_2"
"1459","GATGAGGTCTCTATGT-1_2_2"
"1460","GATGATCGTAGCGATG-1_2_2"
"1461","GATGATCTCGGTCGAC-1_2_2"
"1462","GATGCTAAGCCTATCA-1_2_2"
"1463","GATGCTAGTACCTATG-1_2_2"
"1464","GATGCTAGTATCCTCC-1_2_2"
"1465","GATGGAGAGAGGTTTA-1_2_2"
"1466","GATGGAGAGATTAGAC-1_2_2"
"1467","GATGGAGTCCGATCTC-1_2_2"
"1468","GATGTTGCAGCAATTC-1_2_2"
"1469","GATGTTGGTATTGACC-1_2_2"
"1470","GATTCGAAGGCCATAG-1_2_2"
"1471","GATTCGAGTCTGCCTT-1_2_2"
"1472","GATTCTTAGGCTCACC-1_2_2"
"1473","GATTCTTCAAGTGGAC-1_2_2"
"1474","GATTCTTGTCTGTTAG-1_2_2"
"1475","GATTTCTAGAGGCTGT-1_2_2"
"1476","GATTTCTAGATACATG-1_2_2"
"1477","GATTTCTCACCTCGTT-1_2_2"
"1478","GATTTCTTCTCTGCTG-1_2_2"
"1479","GCAACATCACTTCTCG-1_2_2"
"1480","GCAACATGTCCGGATC-1_2_2"
"1481","GCAACCGCACTGCGAC-1_2_2"
"1482","GCAACCGGTTCAAGGG-1_2_2"
"1483","GCACATAAGGGTAGCT-1_2_2"
"1484","GCACATACAGGCGATA-1_2_2"
"1485","GCACATATCACACCCT-1_2_2"
"1486","GCACGGTAGCACCGAA-1_2_2"
"1487","GCACGGTAGTCTGGAG-1_2_2"
"1488","GCACGGTCAACTGTGT-1_2_2"
"1489","GCACGTGCAACAGCTT-1_2_2"
"1490","GCACGTGCATTGGGAG-1_2_2"
"1491","GCACTAACACGACGCT-1_2_2"
"1492","GCACTAACAGACCCGT-1_2_2"
"1493","GCACTAAGTCATAGTC-1_2_2"
"1494","GCACTAAGTCGCAACC-1_2_2"
"1495","GCAGCCACAAATGAGT-1_2_2"
"1496","GCAGCCAGTATAGCTC-1_2_2"
"1497","GCAGCTGAGAGAGCCT-1_2_2"
"1498","GCAGCTGGTTACCCTC-1_2_2"
"1499","GCAGCTGTCTACGCGG-1_2_2"
"1500","GCAGGCTCAGATTCGT-1_2_2"
"1501","GCAGTTAGTGCGGATA-1_2_2"
"1502","GCAGTTAGTTCAAGTC-1_2_2"
"1503","GCATCGGAGACGGTTG-1_2_2"
"1504","GCATCGGAGGTAAACT-1_2_2"
"1505","GCATCGGCAAATTAGG-1_2_2"
"1506","GCATCGGGTTACAGCT-1_2_2"
"1507","GCATCTCCACTGCGTG-1_2_2"
"1508","GCATCTCCAGGTCTCG-1_2_2"
"1509","GCATGATGTAGAAACT-1_2_2"
"1510","GCATTAGAGTCCCGGT-1_2_2"
"1511","GCATTAGCATGCCGCA-1_2_2"
"1512","GCATTAGGTAGCTGTT-1_2_2"
"1513","GCCAACGAGTGATGGC-1_2_2"
"1514","GCCAACGCACAACCGC-1_2_2"
"1515","GCCAACGGTAGTGCGA-1_2_2"
"1516","GCCAACGGTTAGGACG-1_2_2"
"1517","GCCAGCAGTGCCTACG-1_2_2"
"1518","GCCAGCAGTTCATCTT-1_2_2"
"1519","GCCAGCATCTCTGACC-1_2_2"
"1520","GCCAGGTCAAGGCCTC-1_2_2"
"1521","GCCAGGTCACGCCAGT-1_2_2"
"1522","GCCAGGTCACTTCATT-1_2_2"
"1523","GCCAGGTTCACCACAA-1_2_2"
"1524","GCCAGGTTCCGCTAGG-1_2_2"
"1525","GCCAGTGAGAATTGCA-1_2_2"
"1526","GCCAGTGAGGCGAAGG-1_2_2"
"1527","GCCAGTGCAAGACCGA-1_2_2"
"1528","GCCAGTGCACCAGCGT-1_2_2"
"1529","GCCAGTGCAGCTGTTA-1_2_2"
"1530","GCCAGTGGTACCAGAG-1_2_2"
"1531","GCCAGTGGTCAATGGG-1_2_2"
"1532","GCCAGTGTCCTATTTG-1_2_2"
"1533","GCCATTCAGCCGAATG-1_2_2"
"1534","GCCATTCGTGCGTGCT-1_2_2"
"1535","GCCATTCTCAAGCTGT-1_2_2"
"1536","GCCCAGAAGGCTCACC-1_2_2"
"1537","GCCCAGACACATACTG-1_2_2"
"1538","GCCCGAACAAATGCGG-1_2_2"
"1539","GCCCGAAGTGATTAGA-1_2_2"
"1540","GCCGATGAGAGCCCAA-1_2_2"
"1541","GCCGATGTCCTGCTAC-1_2_2"
"1542","GCCGATGTCGAATGCT-1_2_2"
"1543","GCCTGTTTCAGCGCAC-1_2_2"
"1544","GCGAGAAAGAAACACT-1_2_2"
"1545","GCGAGAAAGAGAGGGC-1_2_2"
"1546","GCGAGAAGTCCTTGTC-1_2_2"
"1547","GCGAGAAGTTCCGTTC-1_2_2"
"1548","GCGATCGCAACCAATC-1_2_2"
"1549","GCGATCGCACCAACAT-1_2_2"
"1550","GCGATCGCAGCTGTAT-1_2_2"
"1551","GCGATCGTCCGTCAAA-1_2_2"
"1552","GCGGAAAAGCTCTGTA-1_2_2"
"1553","GCGGAAACACGACAAG-1_2_2"
"1554","GCGGAAATCCGCAGTG-1_2_2"
"1555","GCGGATCAGTGATAAC-1_2_2"
"1556","GCGGATCGTGAAGCTG-1_2_2"
"1557","GCGGATCTCTTGGAAC-1_2_2"
"1558","GCGTTTCAGGGCCTCT-1_2_2"
"1559","GCGTTTCCATTAAGCC-1_2_2"
"1560","GCGTTTCGTACCTATG-1_2_2"
"1561","GCGTTTCTCCTTCTTC-1_2_2"
"1562","GCGTTTCTCGCCCAGA-1_2_2"
"1563","GCTACAAAGCCTCACG-1_2_2"
"1564","GCTACAAAGCTGAGCA-1_2_2"
"1565","GCTACAAAGGCCTAGA-1_2_2"
"1566","GCTACAAGTGAATTGA-1_2_2"
"1567","GCTACAAGTTCATCTT-1_2_2"
"1568","GCTACAATCCGTTGAA-1_2_2"
"1569","GCTACCTAGACATACA-1_2_2"
"1570","GCTACCTAGCGACTGA-1_2_2"
"1571","GCTACCTAGCTCTATG-1_2_2"
"1572","GCTACCTAGTGAGTGC-1_2_2"
"1573","GCTACCTTCACGAGGA-1_2_2"
"1574","GCTACCTTCATAGACC-1_2_2"
"1575","GCTCAAAAGATTCGCT-1_2_2"
"1576","GCTCAAAAGGCGAAGG-1_2_2"
"1577","GCTCAAACACAATCTG-1_2_2"
"1578","GCTCAAACAGTAGTGG-1_2_2"
"1579","GCTCAAAGTGAATTGA-1_2_2"
"1580","GCTCAAATCTCTGAGA-1_2_2"
"1581","GCTCAAATCTTGCAAG-1_2_2"
"1582","GCTGAATAGCCATGCC-1_2_2"
"1583","GCTGAATAGGGCAAGG-1_2_2"
"1584","GCTGAATAGTGTACCT-1_2_2"
"1585","GCTGAATTCGACCTAA-1_2_2"
"1586","GCTGCAGAGTAGGTTA-1_2_2"
"1587","GCTGCAGCATCGATAC-1_2_2"
"1588","GCTGCAGGTGAGCAGT-1_2_2"
"1589","GCTGCAGTCAACTACG-1_2_2"
"1590","GCTGGGTAGGACAGTC-1_2_2"
"1591","GCTGGGTAGTTTCAGC-1_2_2"
"1592","GCTGGGTCAAATGAGT-1_2_2"
"1593","GCTGGGTGTGTTGACT-1_2_2"
"1594","GCTTCACAGACGCATG-1_2_2"
"1595","GCTTCACAGGTTCATC-1_2_2"
"1596","GCTTGGGAGACCGTTT-1_2_2"
"1597","GCTTGGGGTACGAGCA-1_2_2"
"1598","GGAACCCAGTAGGCCA-1_2_2"
"1599","GGAACCCCAAGAGCTG-1_2_2"
"1600","GGAATGGAGAGTCGAC-1_2_2"
"1601","GGAATGGTCCATCACC-1_2_2"
"1602","GGAATGGTCTATCCAT-1_2_2"
"1603","GGACGTCAGACGGTTG-1_2_2"
"1604","GGACGTCCACGGTGCT-1_2_2"
"1605","GGACGTCCATAACCCA-1_2_2"
"1606","GGACGTCGTACTCGTA-1_2_2"
"1607","GGACGTCTCTACAGGT-1_2_2"
"1608","GGAGATGAGGTACAGC-1_2_2"
"1609","GGAGATGCAAGGACAC-1_2_2"
"1610","GGAGATGCACGCGCTA-1_2_2"
"1611","GGAGATGCACTCATAG-1_2_2"
"1612","GGAGATGCATATCGGT-1_2_2"
"1613","GGAGATGGTATCTCGA-1_2_2"
"1614","GGAGATGGTGAATGTA-1_2_2"
"1615","GGAGATGTCTATGTGG-1_2_2"
"1616","GGAGCAACACATACTG-1_2_2"
"1617","GGAGCAAGTGACTATC-1_2_2"
"1618","GGAGCAAGTTATGTGC-1_2_2"
"1619","GGAGCAATCATTGTTC-1_2_2"
"1620","GGAGGATCAAATCGTC-1_2_2"
"1621","GGAGGATGTCATCCCT-1_2_2"
"1622","GGAGGATGTTTACTGG-1_2_2"
"1623","GGAGGATTCCCATAAG-1_2_2"
"1624","GGAGGATTCGTAGGGA-1_2_2"
"1625","GGAGGTATCTACGCGG-1_2_2"
"1626","GGATCTACAAGCTGCC-1_2_2"
"1627","GGATGTTGTTGACGGA-1_2_2"
"1628","GGCAGTCCACCTCGTT-1_2_2"
"1629","GGCAGTCGTCCGGCAT-1_2_2"
"1630","GGCAGTCTCGTCCATC-1_2_2"
"1631","GGCGTCAAGCCTCAGC-1_2_2"
"1632","GGCGTCAGTAACTTCG-1_2_2"
"1633","GGCGTCAGTTAGCTAC-1_2_2"
"1634","GGCGTCATCGTCACCT-1_2_2"
"1635","GGCTGTGAGACGAGCT-1_2_2"
"1636","GGCTGTGCAGAATGTA-1_2_2"
"1637","GGCTGTGGTCTAACGT-1_2_2"
"1638","GGCTGTGGTTCAAACC-1_2_2"
"1639","GGCTGTGTCATAAGGA-1_2_2"
"1640","GGCTTGGAGCCTTTCC-1_2_2"
"1641","GGCTTGGAGGGTTTCT-1_2_2"
"1642","GGCTTGGGTTGGTGTT-1_2_2"
"1643","GGCTTGGTCAATCCAG-1_2_2"
"1644","GGCTTGGTCCCTCTTT-1_2_2"
"1645","GGCTTGGTCGCTTGCT-1_2_2"
"1646","GGCTTTCGTAGCGTAG-1_2_2"
"1647","GGCTTTCGTCACCGCA-1_2_2"
"1648","GGCTTTCTCTGGGAGA-1_2_2"
"1649","GGGAAGTAGCACCAGA-1_2_2"
"1650","GGGAAGTAGGCGAAGG-1_2_2"
"1651","GGGAAGTCATTCACAG-1_2_2"
"1652","GGGAAGTTCTAACGCA-1_2_2"
"1653","GGGACAAAGCATGGGT-1_2_2"
"1654","GGGACAAAGGTGCGAT-1_2_2"
"1655","GGGACAAGTAGAATAC-1_2_2"
"1656","GGGACAAGTGAAAGTT-1_2_2"
"1657","GGGACAATCATCAGTG-1_2_2"
"1658","GGGACAATCCGCATAA-1_2_2"
"1659","GGGACCTTCTGCGGAC-1_2_2"
"1660","GGGACTCCAACTCCCT-1_2_2"
"1661","GGGAGTACAACAACAA-1_2_2"
"1662","GGGAGTAGTCACCCTT-1_2_2"
"1663","GGGAGTATCGATGGAG-1_2_2"
"1664","GGGATCCCACCCAAGC-1_2_2"
"1665","GGGATCCTCTTAGCAG-1_2_2"
"1666","GGGATGACACGTTGGC-1_2_2"
"1667","GGGATGACACTTGTCC-1_2_2"
"1668","GGGATGAGTGCTCTTC-1_2_2"
"1669","GGGATGATCGTCCTCA-1_2_2"
"1670","GGGCCATAGGCATGGT-1_2_2"
"1671","GGGCCATCAACACAAA-1_2_2"
"1672","GGGCCATCACTCAGAT-1_2_2"
"1673","GGGCTCATCCACCCTA-1_2_2"
"1674","GGGCTCATCTAGGCAT-1_2_2"
"1675","GGGTAGAAGGCTGTAG-1_2_2"
"1676","GGGTAGACAATCTAGC-1_2_2"
"1677","GGGTAGATCCGATAGT-1_2_2"
"1678","GGGTATTCAGCGTGCT-1_2_2"
"1679","GGGTATTCAGGTCAAG-1_2_2"
"1680","GGGTATTTCACTTTGT-1_2_2"
"1681","GGGTCACGTCGGATTT-1_2_2"
"1682","GGGTCTGAGATCGCTT-1_2_2"
"1683","GGGTCTGGTAAGCTCT-1_2_2"
"1684","GGGTCTGGTTTACACG-1_2_2"
"1685","GGGTGAACAAATGGCG-1_2_2"
"1686","GGGTGAACAATCAAGA-1_2_2"
"1687","GGGTGAAGTCATCCGG-1_2_2"
"1688","GGGTTATAGCACGGAT-1_2_2"
"1689","GGGTTATAGTAGCATA-1_2_2"
"1690","GGGTTATGTCATCCGG-1_2_2"
"1691","GGGTTATGTTGGGATG-1_2_2"
"1692","GGGTTTAGTGTAAATG-1_2_2"
"1693","GGGTTTATCTCGTGGG-1_2_2"
"1694","GGTAACTAGGGCCTCT-1_2_2"
"1695","GGTAACTGTAATGATG-1_2_2"
"1696","GGTAACTTCTCAGTCC-1_2_2"
"1697","GGTAGAGAGACGGTCA-1_2_2"
"1698","GGTCACGAGGAATCGC-1_2_2"
"1699","GGTCACGCAGAACTAA-1_2_2"
"1700","GGTCACGCATTCTCTA-1_2_2"
"1701","GGTCTGGAGATCGCTT-1_2_2"
"1702","GGTCTGGTCATTGCTT-1_2_2"
"1703","GGTCTGGTCCGGACTG-1_2_2"
"1704","GGTGAAGCACTGAGGA-1_2_2"
"1705","GGTGAAGGTTGCCATA-1_2_2"
"1706","GGTGATTGTCCCTCAT-1_2_2"
"1707","GGTGGCTGTGCAGTGA-1_2_2"
"1708","GGTGGCTTCCAGTGCG-1_2_2"
"1709","GGTGTCGCACCCTAAA-1_2_2"
"1710","GGTGTCGTCGAACTCA-1_2_2"
"1711","GGTGTTAAGGAACATT-1_2_2"
"1712","GGTGTTAGTCTGCGCA-1_2_2"
"1713","GGTTAACAGACCTTTG-1_2_2"
"1714","GGTTAACCAGACGATG-1_2_2"
"1715","GGTTAACTCAACACCA-1_2_2"
"1716","GGTTAACTCTCTCTAA-1_2_2"
"1717","GGTTAACTCTGTAAGC-1_2_2"
"1718","GGTTCTCCACAGCCAC-1_2_2"
"1719","GGTTCTCTCGTAGAGG-1_2_2"
"1720","GGTTGTACAACGGGTA-1_2_2"
"1721","GGTTGTACAATCTAGC-1_2_2"
"1722","GTAACACGTGTCGATT-1_2_2"
"1723","GTAACACTCTCACGAA-1_2_2"
"1724","GTAACCACACGTAACT-1_2_2"
"1725","GTAACCACACTTCAAG-1_2_2"
"1726","GTAAGTCCATCCGGTG-1_2_2"
"1727","GTAATCGAGCACTAGG-1_2_2"
"1728","GTAATCGAGCCAACCC-1_2_2"
"1729","GTAATCGAGCCTAACT-1_2_2"
"1730","GTAATCGGTCCTTGTC-1_2_2"
"1731","GTAATCGTCACTGAAC-1_2_2"
"1732","GTAATCGTCCAATGCA-1_2_2"
"1733","GTAATGCAGCAGGCAT-1_2_2"
"1734","GTAATGCAGTAGGATT-1_2_2"
"1735","GTAATGCCAAATCAGA-1_2_2"
"1736","GTAATGCCAGACCTAT-1_2_2"
"1737","GTAATGCGTGTGTGTT-1_2_2"
"1738","GTAATGCTCGCGTCGA-1_2_2"
"1739","GTACAACGTAGATCGG-1_2_2"
"1740","GTACAACTCCGATAAC-1_2_2"
"1741","GTACAGTAGTCAGCCC-1_2_2"
"1742","GTACAGTGTCCATACA-1_2_2"
"1743","GTAGAAACACCGTCTT-1_2_2"
"1744","GTAGAAACACTAGTAC-1_2_2"
"1745","GTAGAAACACTTGAAC-1_2_2"
"1746","GTAGAAACAGCCCACA-1_2_2"
"1747","GTAGAAATCATTCTTG-1_2_2"
"1748","GTAGAGGAGTGGTTGG-1_2_2"
"1749","GTAGAGGCACTAGGCC-1_2_2"
"1750","GTAGAGGTCGGCATTA-1_2_2"
"1751","GTAGATCAGGTAGACC-1_2_2"
"1752","GTAGATCGTGAATTGA-1_2_2"
"1753","GTAGCTACACAGCATT-1_2_2"
"1754","GTAGGTTAGTCAGAGC-1_2_2"
"1755","GTAGTACAGCGTACAG-1_2_2"
"1756","GTAGTACAGGCTCACC-1_2_2"
"1757","GTAGTACCACGGTGAA-1_2_2"
"1758","GTAGTACGTTATGACC-1_2_2"
"1759","GTATTGGAGTCACTCA-1_2_2"
"1760","GTATTGGGTGATACAA-1_2_2"
"1761","GTATTGGTCACGATAC-1_2_2"
"1762","GTATTGGTCCCTTGTG-1_2_2"
"1763","GTATTTCCACTAGGTT-1_2_2"
"1764","GTATTTCCACTGCGTG-1_2_2"
"1765","GTATTTCCAGAACATA-1_2_2"
"1766","GTATTTCCATTGTAGC-1_2_2"
"1767","GTATTTCTCATGCCAA-1_2_2"
"1768","GTCAAACAGATTCGCT-1_2_2"
"1769","GTCAAACAGTTCACTG-1_2_2"
"1770","GTCAAACGTCTCAAGT-1_2_2"
"1771","GTCAAACGTTTCACAG-1_2_2"
"1772","GTCAAACTCTTCTGGC-1_2_2"
"1773","GTCAAGTCACCAGCCA-1_2_2"
"1774","GTCAAGTGTGCATACT-1_2_2"
"1775","GTCACGGAGATTCGAA-1_2_2"
"1776","GTCACGGGTTTCGTTT-1_2_2"
"1777","GTCACGGTCTAGATCG-1_2_2"
"1778","GTCACTCAGGTTGGTG-1_2_2"
"1779","GTCACTCCAGACGCTC-1_2_2"
"1780","GTCACTCTCACTACTT-1_2_2"
"1781","GTCAGCGCACCCATAA-1_2_2"
"1782","GTCAGCGCACCTGCAG-1_2_2"
"1783","GTCATCCAGGACAAGA-1_2_2"
"1784","GTCATGACAAAGGATT-1_2_2"
"1785","GTCATGACATCAGCTA-1_2_2"
"1786","GTCATGACATCGGTTA-1_2_2"
"1787","GTCATTTAGAAACCAT-1_2_2"
"1788","GTCATTTAGCACACCC-1_2_2"
"1789","GTCATTTCACCTGTCT-1_2_2"
"1790","GTCATTTCAGTTACCA-1_2_2"
"1791","GTCATTTTCGTAGCCG-1_2_2"
"1792","GTCCCATAGCGCAATG-1_2_2"
"1793","GTCCCATAGCGTGCCT-1_2_2"
"1794","GTCCCATAGGCACTCC-1_2_2"
"1795","GTCCCATGTTAGAGAT-1_2_2"
"1796","GTCCCATGTTGATCGT-1_2_2"
"1797","GTCCTCAAGACTTCGT-1_2_2"
"1798","GTCCTCAGTCACGCTG-1_2_2"
"1799","GTCCTCAGTCTGTGAT-1_2_2"
"1800","GTCGAATAGACCGCCT-1_2_2"
"1801","GTCGAATGTCAGTCTA-1_2_2"
"1802","GTCGCGAAGCCACCGT-1_2_2"
"1803","GTCGCGACACACCTTC-1_2_2"
"1804","GTCGCGACACGCCAGT-1_2_2"
"1805","GTCGCGACAGAGAATT-1_2_2"
"1806","GTCGCGACATCATCCC-1_2_2"
"1807","GTCGTAACAAACCGGA-1_2_2"
"1808","GTCGTAAGTCCGACGT-1_2_2"
"1809","GTCGTAATCTGGGCAC-1_2_2"
"1810","GTCGTTCCATGTGCCG-1_2_2"
"1811","GTCTACCAGACTCATC-1_2_2"
"1812","GTCTACCCACCGCTGA-1_2_2"
"1813","GTCTACCCAGCACACC-1_2_2"
"1814","GTCTACCCAGTCCGTG-1_2_2"
"1815","GTCTACCGTCGTTCAA-1_2_2"
"1816","GTCTACCTCCATAGAC-1_2_2"
"1817","GTCTACCTCGATTGGT-1_2_2"
"1818","GTCTACCTCTCTGGTC-1_2_2"
"1819","GTCTAGAAGACCTCCG-1_2_2"
"1820","GTCTAGAAGTTTGAGA-1_2_2"
"1821","GTCTAGAGTAGCGATG-1_2_2"
"1822","GTCTAGAGTCAGCTTA-1_2_2"
"1823","GTCTAGATCAAGCCAT-1_2_2"
"1824","GTCTAGATCACCGACG-1_2_2"
"1825","GTCTCACCAATACGAA-1_2_2"
"1826","GTCTCACCATGAGATA-1_2_2"
"1827","GTCTCACGTTGTATGC-1_2_2"
"1828","GTCTGTCCAAACTCTG-1_2_2"
"1829","GTCTGTCCAACTTCTT-1_2_2"
"1830","GTCTGTCTCGCCAACG-1_2_2"
"1831","GTCTGTCTCTCTTGCG-1_2_2"
"1832","GTCTTTAAGACGAGCT-1_2_2"
"1833","GTCTTTACACCAAAGG-1_2_2"
"1834","GTCTTTACACTTCATT-1_2_2"
"1835","GTCTTTAGTGCCTGAC-1_2_2"
"1836","GTGACGCAGGGTTGCA-1_2_2"
"1837","GTGACGCCATCCTAAG-1_2_2"
"1838","GTGACGCCATTGACTG-1_2_2"
"1839","GTGACGCGTGTTATCG-1_2_2"
"1840","GTGACGCTCAGTGATC-1_2_2"
"1841","GTGAGCCGTGATCGTT-1_2_2"
"1842","GTGAGGAAGAATCCCT-1_2_2"
"1843","GTGAGTTAGTAAGGGA-1_2_2"
"1844","GTGAGTTAGTTAACAG-1_2_2"
"1845","GTGAGTTGTACTTCCC-1_2_2"
"1846","GTGAGTTGTCCTTAAG-1_2_2"
"1847","GTGATGTCAGATCCAT-1_2_2"
"1848","GTGATGTGTACCCGAC-1_2_2"
"1849","GTGATGTTCATCAGTG-1_2_2"
"1850","GTGATGTTCGTCAAAC-1_2_2"
"1851","GTGCACGCACAGTCCG-1_2_2"
"1852","GTGCACGCATAAGCGG-1_2_2"
"1853","GTGCACGGTTCCCAAA-1_2_2"
"1854","GTGCAGCGTTGGTAGG-1_2_2"
"1855","GTGCGTGGTTCGATTG-1_2_2"
"1856","GTGCTGGCACTCCCTA-1_2_2"
"1857","GTGCTTCAGTCCCGGT-1_2_2"
"1858","GTGGAAGAGTATTAGG-1_2_2"
"1859","GTGGAAGCATTATGCG-1_2_2"
"1860","GTGGAGAGTTCGCGTG-1_2_2"
"1861","GTGGCGTCACGCACCA-1_2_2"
"1862","GTGGCGTCAGAGGGTT-1_2_2"
"1863","GTGGCGTCAGTTAGAA-1_2_2"
"1864","GTGGGAACAATTGCGT-1_2_2"
"1865","GTGGGAATCGTGCGAC-1_2_2"
"1866","GTGGTTACAGTTACCA-1_2_2"
"1867","GTGGTTACATTGACAC-1_2_2"
"1868","GTGGTTAGTTATAGCC-1_2_2"
"1869","GTGGTTATCATTGCGA-1_2_2"
"1870","GTGGTTATCTTCGGAA-1_2_2"
"1871","GTGTAACAGACATGCG-1_2_2"
"1872","GTGTAACGTAGAAACT-1_2_2"
"1873","GTGTCCTAGCGATGAC-1_2_2"
"1874","GTGTCCTCAGGCTATT-1_2_2"
"1875","GTGTGATAGGCGCTTC-1_2_2"
"1876","GTGTGATCAGGTGTTT-1_2_2"
"1877","GTGTGATGTACCACGC-1_2_2"
"1878","GTGTGGCAGGAGTCTG-1_2_2"
"1879","GTGTGGCCAACGATCT-1_2_2"
"1880","GTGTGGCCAAGCTGCC-1_2_2"
"1881","GTGTGGCCATCTCGTC-1_2_2"
"1882","GTGTGGCTCAATCCAG-1_2_2"
"1883","GTGTGGCTCATTCCTA-1_2_2"
"1884","GTGTGGCTCTGCACCT-1_2_2"
"1885","GTTACAGCAAAGCACG-1_2_2"
"1886","GTTACAGCAGTCTCTC-1_2_2"
"1887","GTTACAGTCGTAGGAG-1_2_2"
"1888","GTTACAGTCTAGTACG-1_2_2"
"1889","GTTACCCAGAGGTCGT-1_2_2"
"1890","GTTACCCGTCTGATCA-1_2_2"
"1891","GTTACCCGTTAGCTAC-1_2_2"
"1892","GTTACCCTCGTAGCTA-1_2_2"
"1893","GTTACCCTCTGACGCG-1_2_2"
"1894","GTTACGACACAACATC-1_2_2"
"1895","GTTAGACAGATGAAGG-1_2_2"
"1896","GTTAGACAGCAGGCTA-1_2_2"
"1897","GTTAGACGTCGTGGTC-1_2_2"
"1898","GTTAGACTCCTAGCTC-1_2_2"
"1899","GTTAGTGAGCGCCGTT-1_2_2"
"1900","GTTAGTGCATCCTAAG-1_2_2"
"1901","GTTCATTCATGAAGGC-1_2_2"
"1902","GTTCATTGTTGACTGT-1_2_2"
"1903","GTTCATTGTTGCTCCT-1_2_2"
"1904","GTTCATTTCCACCCTA-1_2_2"
"1905","GTTCCGTGTCCATCTC-1_2_2"
"1906","GTTCCGTTCGATCCCT-1_2_2"
"1907","GTTCGCTTCCGCGATG-1_2_2"
"1908","GTTCTATTCGCCATAA-1_2_2"
"1909","GTTGAACCAATTCTCT-1_2_2"
"1910","GTTGAACCATAATGCC-1_2_2"
"1911","GTTGAACGTAGCGAGT-1_2_2"
"1912","GTTGAACTCCGCACTT-1_2_2"
"1913","GTTGCGGAGTCACTCA-1_2_2"
"1914","GTTGCGGCATGGATCT-1_2_2"
"1915","GTTGCGGGTGGCTGCT-1_2_2"
"1916","GTTGCGGGTTAGCTAC-1_2_2"
"1917","GTTGCGGTCACCGCTT-1_2_2"
"1918","GTTGCTCTCTCACCCA-1_2_2"
"1919","GTTGTAGAGCATCTTG-1_2_2"
"1920","GTTGTAGCACCGTGCA-1_2_2"
"1921","GTTGTCCAGAAGAGCA-1_2_2"
"1922","GTTGTCCAGGAGTATT-1_2_2"
"1923","GTTGTCCTCCTTTGAT-1_2_2"
"1924","GTTGTGAAGGGTAGCT-1_2_2"
"1925","GTTGTGAGTAGACACG-1_2_2"
"1926","GTTTACTCAAGATGTA-1_2_2"
"1927","GTTTACTTCCGCAACG-1_2_2"
"1928","GTTTGGAGTGAGCAGT-1_2_2"
"1929","TAACACGAGTAAGCAT-1_2_2"
"1930","TAACCAGCAGCAATTC-1_2_2"
"1931","TAACCAGGTGCGTCGT-1_2_2"
"1932","TAACCAGTCCTCTGCA-1_2_2"
"1933","TAACGACCACTGGATT-1_2_2"
"1934","TAACTTCAGCCGATAG-1_2_2"
"1935","TAACTTCCAAGACGAC-1_2_2"
"1936","TAACTTCGTCTTGTCC-1_2_2"
"1937","TAACTTCGTGCAATAA-1_2_2"
"1938","TAAGCACAGCTGACAG-1_2_2"
"1939","TAAGCACAGGAAGTGA-1_2_2"
"1940","TAAGCACCACGACTAT-1_2_2"
"1941","TAAGCACGTGACCGTC-1_2_2"
"1942","TAAGCACTCTGCTTAT-1_2_2"
"1943","TAAGCCAAGAAACCAT-1_2_2"
"1944","TAAGCCAGTGGCAGAT-1_2_2"
"1945","TAAGCCATCGCTCCTA-1_2_2"
"1946","TAAGCGTAGGAAACGA-1_2_2"
"1947","TAAGCGTGTATAATGG-1_2_2"
"1948","TAAGTCGAGCCAAGTG-1_2_2"
"1949","TAAGTCGCACTAACGT-1_2_2"
"1950","TAAGTCGCATCCGATA-1_2_2"
"1951","TAAGTCGGTGCGGCTT-1_2_2"
"1952","TAAGTCGTCGAGGCAA-1_2_2"
"1953","TAATCTCCACAAAGTA-1_2_2"
"1954","TAATCTCTCCCAAGTA-1_2_2"
"1955","TAATCTCTCGTCCTTG-1_2_2"
"1956","TAATCTCTCTTGGCTC-1_2_2"
"1957","TAATTCCAGACATCCT-1_2_2"
"1958","TAATTCCAGGATCATA-1_2_2"
"1959","TAATTCCCAAATGCTC-1_2_2"
"1960","TAATTCCCATCATTTC-1_2_2"
"1961","TAATTCCTCTCGTGGG-1_2_2"
"1962","TACAACGCACTCACTC-1_2_2"
"1963","TACAACGCAGTGCGCT-1_2_2"
"1964","TACAACGTCGTCAACA-1_2_2"
"1965","TACACCCGTTGATGTC-1_2_2"
"1966","TACACCCTCGAAGGAC-1_2_2"
"1967","TACAGGTCAAATGCTC-1_2_2"
"1968","TACAGGTCAACACGTT-1_2_2"
"1969","TACAGGTTCGTAGCTA-1_2_2"
"1970","TACAGGTTCTCCAATT-1_2_2"
"1971","TACATTCAGTAACGAT-1_2_2"
"1972","TACATTCCAATTCGTG-1_2_2"
"1973","TACATTCTCTGGCCGA-1_2_2"
"1974","TACCCACAGGTTGCCC-1_2_2"
"1975","TACCCACCAACACGTT-1_2_2"
"1976","TACCCACCATCGATAC-1_2_2"
"1977","TACCCGTCACCTTCGT-1_2_2"
"1978","TACCGAAAGGGATCTG-1_2_2"
"1979","TACCGAACAACACGAG-1_2_2"
"1980","TACCGAACACAGCGCT-1_2_2"
"1981","TACCGAACACCCTTGT-1_2_2"
"1982","TACCGGGCAAATGATG-1_2_2"
"1983","TACCGGGCATTCCTAT-1_2_2"
"1984","TACCGGGGTCTGTCAA-1_2_2"
"1985","TACCTCGGTACGAGTG-1_2_2"
"1986","TACCTCGTCTTCGCTG-1_2_2"
"1987","TACCTGCCACTGTGTA-1_2_2"
"1988","TACCTGCGTAGAATGT-1_2_2"
"1989","TACCTGCTCAAACTGC-1_2_2"
"1990","TACGCTCCATAATGCC-1_2_2"
"1991","TACGCTCCATCGCTGG-1_2_2"
"1992","TACGCTCTCGAGAATA-1_2_2"
"1993","TACGGGCCAATACAGA-1_2_2"
"1994","TACGGGCCATCGCTCT-1_2_2"
"1995","TACGGGCTCTCCGTGT-1_2_2"
"1996","TACGGTACACCAGCCA-1_2_2"
"1997","TACGGTATCCTAAGTG-1_2_2"
"1998","TACGTCCGTCCGGACT-1_2_2"
"1999","TACGTCCTCGCATTAG-1_2_2"
"2000","TACTGCCCAATTCACG-1_2_2"
"2001","TACTTACCACGCAAAG-1_2_2"
"2002","TACTTACGTCTACAGT-1_2_2"
"2003","TACTTACTCCTTGAAG-1_2_2"
"2004","TACTTCAAGCCACTCG-1_2_2"
"2005","TACTTGTAGCACTAAA-1_2_2"
"2006","TACTTGTAGCCGTTAT-1_2_2"
"2007","TACTTGTCAATCACGT-1_2_2"
"2008","TACTTGTTCTCTCAAT-1_2_2"
"2009","TAGACCAGTGCCCTTT-1_2_2"
"2010","TAGACCAGTTTACTTC-1_2_2"
"2011","TAGACCATCCTGGGAC-1_2_2"
"2012","TAGACCATCTCTAGGA-1_2_2"
"2013","TAGACTGCACCTGCGA-1_2_2"
"2014","TAGAGTCGTGGCCCAT-1_2_2"
"2015","TAGAGTCTCGCAATGT-1_2_2"
"2016","TAGATCGAGATGCTAA-1_2_2"
"2017","TAGATCGAGTTTGGCT-1_2_2"
"2018","TAGATCGCACGTACTA-1_2_2"
"2019","TAGATCGCATTCTCTA-1_2_2"
"2020","TAGATCGGTGCGGATA-1_2_2"
"2021","TAGATCGTCAATCTTC-1_2_2"
"2022","TAGCACAGTCTGATCA-1_2_2"
"2023","TAGCACAGTTTCGTTT-1_2_2"
"2024","TAGGGTTAGTTACTCG-1_2_2"
"2025","TAGGGTTAGTTGGAGC-1_2_2"
"2026","TAGGTACGTCCTGTCT-1_2_2"
"2027","TAGGTACGTTGACTGT-1_2_2"
"2028","TAGGTTGAGGGATGTC-1_2_2"
"2029","TAGGTTGCAGTAGTGG-1_2_2"
"2030","TAGTGCACAATTGGTC-1_2_2"
"2031","TAGTGCACATACAGCT-1_2_2"
"2032","TAGTGCATCGCCGATG-1_2_2"
"2033","TATACCTGTAGGACTG-1_2_2"
"2034","TATACCTTCCGTCCTA-1_2_2"
"2035","TATACCTTCGCTAATG-1_2_2"
"2036","TATATCCCAGAGGGTT-1_2_2"
"2037","TATATCCCAGGGAATC-1_2_2"
"2038","TATATCCGTGATATAG-1_2_2"
"2039","TATATCCTCGTAACTG-1_2_2"
"2040","TATCAGGGTAGTCTTG-1_2_2"
"2041","TATCAGGGTCCGAAGA-1_2_2"
"2042","TATCAGGGTGACAGGT-1_2_2"
"2043","TATCCTAAGAGTACCG-1_2_2"
"2044","TATCCTACATCCGTGG-1_2_2"
"2045","TATCCTAGTGATACTC-1_2_2"
"2046","TATCGCCAGCGTATGG-1_2_2"
"2047","TATCGCCAGCTAGAAT-1_2_2"
"2048","TATCGCCCACAGCGCT-1_2_2"
"2049","TATCGCCCACCTGATA-1_2_2"
"2050","TATCGCCTCATCTACT-1_2_2"
"2051","TATCGCCTCCCTTGTG-1_2_2"
"2052","TATGTTCAGATGACCG-1_2_2"
"2053","TATGTTCCACACACGC-1_2_2"
"2054","TATGTTCGTCATCGGC-1_2_2"
"2055","TATGTTCGTTGTGCAT-1_2_2"
"2056","TATTCCAAGAATTGTG-1_2_2"
"2057","TATTCCACAAGTCCCG-1_2_2"
"2058","TATTGCTAGATCCAAA-1_2_2"
"2059","TATTGCTCACATGGTT-1_2_2"
"2060","TATTGCTTCAATCCGA-1_2_2"
"2061","TATTGCTTCCTCTAGC-1_2_2"
"2062","TATTGGGCAGCTTTCC-1_2_2"
"2063","TATTTCGCAGCTGTCG-1_2_2"
"2064","TCAAGACGTAGTCTGT-1_2_2"
"2065","TCAAGACGTTAGAAGT-1_2_2"
"2066","TCAAGACTCATCGCCT-1_2_2"
"2067","TCAAGACTCCGATAAC-1_2_2"
"2068","TCAAGCAAGGTGGCTA-1_2_2"
"2069","TCAAGCACAAATGCGG-1_2_2"
"2070","TCAAGCATCAAGGCTT-1_2_2"
"2071","TCAAGTGTCCGTCCTA-1_2_2"
"2072","TCAAGTGTCTAGGCAT-1_2_2"
"2073","TCAATCTGTAGGTACG-1_2_2"
"2074","TCAATTCGTAGCTGAG-1_2_2"
"2075","TCAATTCTCTAGCCTC-1_2_2"
"2076","TCACAAGTCTACGCGG-1_2_2"
"2077","TCACACCAGAACTTCC-1_2_2"
"2078","TCACACCAGTCGAAGC-1_2_2"
"2079","TCACACCCACCTGATA-1_2_2"
"2080","TCACACCTCACAACCA-1_2_2"
"2081","TCACACCTCAGCCCAG-1_2_2"
"2082","TCACATTCACCTAAAC-1_2_2"
"2083","TCACATTGTCGTAATC-1_2_2"
"2084","TCACATTTCGACGCTG-1_2_2"
"2085","TCACGCTCATCCTATT-1_2_2"
"2086","TCACGCTTCCTGCCAT-1_2_2"
"2087","TCACGGGCACCTATCC-1_2_2"
"2088","TCACGGGCACGTATAC-1_2_2"
"2089","TCACTATCACTCGATA-1_2_2"
"2090","TCACTCGGTCGTAATC-1_2_2"
"2091","TCACTCGTCCTACGAA-1_2_2"
"2092","TCACTCGTCGGTTCAA-1_2_2"
"2093","TCAGCAAAGTGAGTTA-1_2_2"
"2094","TCAGCCTAGAGGTTTA-1_2_2"
"2095","TCAGCCTAGCTCCCTT-1_2_2"
"2096","TCAGCCTCAGCCCACA-1_2_2"
"2097","TCAGCCTCATAGTCAC-1_2_2"
"2098","TCAGCCTTCGACCACG-1_2_2"
"2099","TCAGCCTTCTCCAAGA-1_2_2"
"2100","TCAGCCTTCTGCTTTA-1_2_2"
"2101","TCAGGTACAAATGGAT-1_2_2"
"2102","TCAGGTAGTCCAGAAG-1_2_2"
"2103","TCAGTCCCAGATTAAG-1_2_2"
"2104","TCAGTCCGTAGATGTA-1_2_2"
"2105","TCAGTCCTCAAGGACG-1_2_2"
"2106","TCAGTGATCAGAGCGA-1_2_2"
"2107","TCAGTTTAGAGGCGTT-1_2_2"
"2108","TCAGTTTAGCAATAGT-1_2_2"
"2109","TCAGTTTAGTAGGAAG-1_2_2"
"2110","TCAGTTTCAGTATGAA-1_2_2"
"2111","TCAGTTTGTAGGACCA-1_2_2"
"2112","TCAGTTTTCACAATGC-1_2_2"
"2113","TCAGTTTTCAGAGCAG-1_2_2"
"2114","TCAGTTTTCCATCACC-1_2_2"
"2115","TCATATCCAACCGATT-1_2_2"
"2116","TCATATCCAGATACCT-1_2_2"
"2117","TCATATCCATGGGATG-1_2_2"
"2118","TCATATCGTTGGAGAC-1_2_2"
"2119","TCATATCGTTTGAACC-1_2_2"
"2120","TCATATCTCCGTGCGA-1_2_2"
"2121","TCATCATAGATTGAGT-1_2_2"
"2122","TCATCATTCCATCGTC-1_2_2"
"2123","TCATCCGCAGGACTTT-1_2_2"
"2124","TCATCCGCATACCGTA-1_2_2"
"2125","TCATCCGGTCAGGTGA-1_2_2"
"2126","TCATCCGGTGGCTTAT-1_2_2"
"2127","TCATCCGGTTACCCTC-1_2_2"
"2128","TCATGAGCAGAGGCAT-1_2_2"
"2129","TCATGAGTCGAGAAAT-1_2_2"
"2130","TCATGCCCACGCCAGT-1_2_2"
"2131","TCATGCCGTTGGGAAC-1_2_2"
"2132","TCATGGAGTCAAGGCA-1_2_2"
"2133","TCATGGATCCGTCACT-1_2_2"
"2134","TCATGTTAGCCACAAG-1_2_2"
"2135","TCATGTTAGCGCTTCG-1_2_2"
"2136","TCATGTTGTTGGAGGT-1_2_2"
"2137","TCATGTTTCCGTGCGA-1_2_2"
"2138","TCATGTTTCGCACTCT-1_2_2"
"2139","TCATTACGTTTCGTGA-1_2_2"
"2140","TCATTACTCTATTGTC-1_2_2"
"2141","TCATTCACAACTGGTT-1_2_2"
"2142","TCATTGTCATCGCTAA-1_2_2"
"2143","TCATTGTCATTGAGCT-1_2_2"
"2144","TCATTGTGTGTTGCCG-1_2_2"
"2145","TCATTGTTCACAGTGT-1_2_2"
"2146","TCATTGTTCGTTCCCA-1_2_2"
"2147","TCATTTGAGGTTCATC-1_2_2"
"2148","TCCACCAGTATGTGTC-1_2_2"
"2149","TCCACCAGTGTGTACT-1_2_2"
"2150","TCCACGTCAAATCAGA-1_2_2"
"2151","TCCAGAAAGAACTGAT-1_2_2"
"2152","TCCAGAATCATTCCTA-1_2_2"
"2153","TCCAGAATCTCAACCC-1_2_2"
"2154","TCCATCGAGCGCCATC-1_2_2"
"2155","TCCATCGCACCAGTTA-1_2_2"
"2156","TCCATCGGTTCGGACC-1_2_2"
"2157","TCCATCGTCCTACTGC-1_2_2"
"2158","TCCATCGTCGCTAATG-1_2_2"
"2159","TCCATGCCATTCCTAT-1_2_2"
"2160","TCCATGCTCCGAGCTG-1_2_2"
"2161","TCCATGCTCCTGGCTT-1_2_2"
"2162","TCCCACAAGACGCAGT-1_2_2"
"2163","TCCCACATCAGGGTAG-1_2_2"
"2164","TCCCAGTCAACCAGAG-1_2_2"
"2165","TCCCAGTGTAATTAGG-1_2_2"
"2166","TCCCAGTTCAGACATC-1_2_2"
"2167","TCCCATGAGGTCATTC-1_2_2"
"2168","TCCCATGAGTTAACAG-1_2_2"
"2169","TCCCATGGTAACGCGA-1_2_2"
"2170","TCCCATGGTGGCTACC-1_2_2"
"2171","TCCCATGTCACCTTGC-1_2_2"
"2172","TCCGAAACAAGTGACG-1_2_2"
"2173","TCCGATCCATGTCGTA-1_2_2"
"2174","TCCGGGAAGCCATATC-1_2_2"
"2175","TCCGGGATCGATCCAA-1_2_2"
"2176","TCCGTGTCAACCAATC-1_2_2"
"2177","TCCGTGTCAGTCGGTC-1_2_2"
"2178","TCCGTGTCATCCCACT-1_2_2"
"2179","TCCGTGTGTACGGTTT-1_2_2"
"2180","TCCTAATAGGTTATAG-1_2_2"
"2181","TCCTAATCATCTATCT-1_2_2"
"2182","TCCTAATGTCGGCTAC-1_2_2"
"2183","TCCTAATTCATGACAC-1_2_2"
"2184","TCCTCCCTCTTCCTAA-1_2_2"
"2185","TCCTCCCTCTTCTTCC-1_2_2"
"2186","TCCTCGACATACCGTA-1_2_2"
"2187","TCCTCGAGTAAGCGGT-1_2_2"
"2188","TCCTCGATCATCACCC-1_2_2"
"2189","TCCTCGATCTGGGAGA-1_2_2"
"2190","TCCTCTTAGGAACATT-1_2_2"
"2191","TCCTCTTCAAGATGGC-1_2_2"
"2192","TCCTCTTGTCTAACGT-1_2_2"
"2193","TCCTCTTGTTGTCATG-1_2_2"
"2194","TCCTGCAAGCGTGAAC-1_2_2"
"2195","TCCTGCAAGGCATGCA-1_2_2"
"2196","TCCTGCACAGTAGAAT-1_2_2"
"2197","TCCTGCATCCACCCTA-1_2_2"
"2198","TCCTTCTCATGTACGT-1_2_2"
"2199","TCCTTTCAGAAACTAC-1_2_2"
"2200","TCCTTTCAGCTGCGAA-1_2_2"
"2201","TCCTTTCTCATTGTTC-1_2_2"
"2202","TCGAACACAGGACATG-1_2_2"
"2203","TCGAACATCCGCGGAT-1_2_2"
"2204","TCGAACATCGGCAGTC-1_2_2"
"2205","TCGAAGTAGCTCAGAG-1_2_2"
"2206","TCGAAGTCAACATCGT-1_2_2"
"2207","TCGAAGTCACAGGATG-1_2_2"
"2208","TCGAAGTCATCATGAC-1_2_2"
"2209","TCGAAGTGTACGAGCA-1_2_2"
"2210","TCGACCTCAAATTAGG-1_2_2"
"2211","TCGACCTGTCACTAGT-1_2_2"
"2212","TCGACCTGTTCGTAAC-1_2_2"
"2213","TCGACGGAGTAGAGTT-1_2_2"
"2214","TCGACGGCAAGCACAG-1_2_2"
"2215","TCGACGGCACCTGAAT-1_2_2"
"2216","TCGACGGCACTCTCGT-1_2_2"
"2217","TCGACGGCAGACCAGA-1_2_2"
"2218","TCGACGGTCAGAGTTC-1_2_2"
"2219","TCGATTTCAGGGACTA-1_2_2"
"2220","TCGATTTCATCTGCGG-1_2_2"
"2221","TCGATTTGTCCTTTGC-1_2_2"
"2222","TCGCACTCACGCAGTC-1_2_2"
"2223","TCGCACTGTGTACATC-1_2_2"
"2224","TCGCACTTCAGTGTGT-1_2_2"
"2225","TCGCACTTCCTGGGAC-1_2_2"
"2226","TCGCAGGGTGAGAACC-1_2_2"
"2227","TCGCAGGTCGTCTAAG-1_2_2"
"2228","TCGCTCAAGCAACAGC-1_2_2"
"2229","TCGCTCAAGCCTCTTC-1_2_2"
"2230","TCGCTCAAGGGTGAAA-1_2_2"
"2231","TCGCTCACAAAGCGTG-1_2_2"
"2232","TCGCTCACATTCACAG-1_2_2"
"2233","TCGCTCACATTCAGCA-1_2_2"
"2234","TCGCTTGAGACTCGAG-1_2_2"
"2235","TCGCTTGAGCGACCCT-1_2_2"
"2236","TCGCTTGCATGGGTTT-1_2_2"
"2237","TCGGATAAGAAGGCTC-1_2_2"
"2238","TCGGATAGTCATATGC-1_2_2"
"2239","TCGGATATCCTTCGAC-1_2_2"
"2240","TCGGGACAGAGTCGAC-1_2_2"
"2241","TCGGGACAGGCCCACT-1_2_2"
"2242","TCGGGCAAGTGAGCCA-1_2_2"
"2243","TCGGTCTGTCGGTACC-1_2_2"
"2244","TCGTAGAAGGACCCAA-1_2_2"
"2245","TCGTAGAGTGCGACAA-1_2_2"
"2246","TCGTAGAGTTATGTCG-1_2_2"
"2247","TCGTAGATCAGCGGAA-1_2_2"
"2248","TCGTAGATCTAGCAAC-1_2_2"
"2249","TCGTAGATCTTAGCTT-1_2_2"
"2250","TCGTCCAAGACATATG-1_2_2"
"2251","TCGTCCACACAAATGA-1_2_2"
"2252","TCGTCCAGTCCGAAAG-1_2_2"
"2253","TCGTGCTCAGACCATT-1_2_2"
"2254","TCGTGCTTCCCAGCGA-1_2_2"
"2255","TCGTGCTTCGATTGAC-1_2_2"
"2256","TCTAACTCACAACGCC-1_2_2"
"2257","TCTAACTGTCCAGCGT-1_2_2"
"2258","TCTAACTGTGCTCTCT-1_2_2"
"2259","TCTAACTTCGAACCAT-1_2_2"
"2260","TCTACATCAGGAATAT-1_2_2"
"2261","TCTACATTCGGACTTA-1_2_2"
"2262","TCTACATTCGGCTATA-1_2_2"
"2263","TCTACCGAGAGGTTTA-1_2_2"
"2264","TCTACCGAGATAGGGA-1_2_2"
"2265","TCTACCGAGTGGTGGT-1_2_2"
"2266","TCTACCGGTAAGATTG-1_2_2"
"2267","TCTATACGTAAGCTCT-1_2_2"
"2268","TCTATACGTCCTTGTC-1_2_2"
"2269","TCTATACTCAGGAAAT-1_2_2"
"2270","TCTATCACAGAGTTGG-1_2_2"
"2271","TCTCACGGTAGGTTTC-1_2_2"
"2272","TCTCAGCAGATCCTAC-1_2_2"
"2273","TCTCAGCAGCGATGCA-1_2_2"
"2274","TCTCAGCGTTCCTACC-1_2_2"
"2275","TCTCAGCTCTAGTACG-1_2_2"
"2276","TCTCCGACACTGTCGG-1_2_2"
"2277","TCTCCGACAGTCACGC-1_2_2"
"2278","TCTCCGAGTATGGTAA-1_2_2"
"2279","TCTCCGAGTCAATGGG-1_2_2"
"2280","TCTCCGATCATTCCTA-1_2_2"
"2281","TCTCTGGAGTGCAACG-1_2_2"
"2282","TCTGCCACAACGACTT-1_2_2"
"2283","TCTGCCATCCTGTAGA-1_2_2"
"2284","TCTGCCATCGCTAGCG-1_2_2"
"2285","TCTGGCTAGGTTAAAC-1_2_2"
"2286","TCTGTCGCAATGTGGG-1_2_2"
"2287","TCTGTCGGTGTCCATA-1_2_2"
"2288","TCTGTCGGTTCCGCTT-1_2_2"
"2289","TCTGTCGTCCAATGCA-1_2_2"
"2290","TCTTAGTAGTGGCAGT-1_2_2"
"2291","TCTTAGTCATTCACAG-1_2_2"
"2292","TCTTAGTGTACTCGCG-1_2_2"
"2293","TCTTAGTGTGATCATC-1_2_2"
"2294","TCTTAGTTCATTGCGA-1_2_2"
"2295","TCTTAGTTCGAGATGG-1_2_2"
"2296","TCTTCCTGTATGGTTC-1_2_2"
"2297","TCTTCCTTCCCTTTGG-1_2_2"
"2298","TCTTCCTTCGGCTGAC-1_2_2"
"2299","TCTTCCTTCTTAAGGC-1_2_2"
"2300","TCTTGCGAGTTAGAAC-1_2_2"
"2301","TCTTTGACACCCTAGG-1_2_2"
"2302","TGAACGTAGGCACCAA-1_2_2"
"2303","TGAACGTAGGCGCTTC-1_2_2"
"2304","TGAACGTTCGATACTG-1_2_2"
"2305","TGAATCGGTTAAGTCC-1_2_2"
"2306","TGAATCGGTTTGATCG-1_2_2"
"2307","TGAATCGTCTCTGACC-1_2_2"
"2308","TGAATGCCAGTTAGGG-1_2_2"
"2309","TGAATGCGTATTGACC-1_2_2"
"2310","TGACAGTCACTTCTCG-1_2_2"
"2311","TGACCCTTCGCATTGA-1_2_2"
"2312","TGACGCGCAAGGTCTT-1_2_2"
"2313","TGACGCGCATATGAAG-1_2_2"
"2314","TGACGCGTCTGTCCCA-1_2_2"
"2315","TGACTCCAGCAGTCTT-1_2_2"
"2316","TGACTCCAGCCAAGGT-1_2_2"
"2317","TGACTCCCAGTAACCT-1_2_2"
"2318","TGACTCCTCAGTGATC-1_2_2"
"2319","TGAGACTTCGAGTACT-1_2_2"
"2320","TGAGCATAGGATAATC-1_2_2"
"2321","TGAGCATAGTCTGCGC-1_2_2"
"2322","TGAGCATCAGTTTCGA-1_2_2"
"2323","TGAGCATGTATGAAGT-1_2_2"
"2324","TGAGCATGTATTCTCT-1_2_2"
"2325","TGAGCGCAGTAAACTG-1_2_2"
"2326","TGAGCGCGTCAGGTGA-1_2_2"
"2327","TGAGCGCTCACGGGCT-1_2_2"
"2328","TGAGGAGAGAGCAGAA-1_2_2"
"2329","TGAGGAGAGCATCAGG-1_2_2"
"2330","TGAGGGATCGTGCATA-1_2_2"
"2331","TGAGGTTAGAACCGCA-1_2_2"
"2332","TGAGGTTGTTATAGCC-1_2_2"
"2333","TGAGGTTTCCGGGACT-1_2_2"
"2334","TGAGGTTTCGGCATAT-1_2_2"
"2335","TGAGTCACATCCCGTT-1_2_2"
"2336","TGATCAGAGACAACTA-1_2_2"
"2337","TGATCAGCAGGAAGTC-1_2_2"
"2338","TGATCTTAGGTAAGGA-1_2_2"
"2339","TGATCTTGTTGAGAGC-1_2_2"
"2340","TGATCTTGTTTCGATG-1_2_2"
"2341","TGATCTTTCGTGGACC-1_2_2"
"2342","TGATGCAAGTTACGTC-1_2_2"
"2343","TGATGGTAGGCTGTAG-1_2_2"
"2344","TGATGGTGTTGCATTG-1_2_2"
"2345","TGATTCTCATAGCACT-1_2_2"
"2346","TGATTCTTCCTACACC-1_2_2"
"2347","TGATTTCAGGATACAT-1_2_2"
"2348","TGATTTCTCGGAGCAA-1_2_2"
"2349","TGCACGGCACATAACC-1_2_2"
"2350","TGCAGATAGGGCTAAC-1_2_2"
"2351","TGCAGATCACGGTCTG-1_2_2"
"2352","TGCAGATCAGATAAAC-1_2_2"
"2353","TGCAGATGTATCGTAC-1_2_2"
"2354","TGCAGATGTGCCTACG-1_2_2"
"2355","TGCAGATGTTTGGCTA-1_2_2"
"2356","TGCAGATTCACTCGAA-1_2_2"
"2357","TGCAGGCCATAAGCGG-1_2_2"
"2358","TGCAGGCCATCGTCCT-1_2_2"
"2359","TGCAGGCGTGCTTCAA-1_2_2"
"2360","TGCAGGCGTTAAGACA-1_2_2"
"2361","TGCAGTACAGAACTCT-1_2_2"
"2362","TGCAGTACAGGCCTGT-1_2_2"
"2363","TGCAGTATCCGGTAGC-1_2_2"
"2364","TGCATCCAGGACTTCT-1_2_2"
"2365","TGCATCCAGGCATCAG-1_2_2"
"2366","TGCATCCGTAGGTTTC-1_2_2"
"2367","TGCATCCTCTGCATGA-1_2_2"
"2368","TGCATGACAATAGTGA-1_2_2"
"2369","TGCCGAGGTACGCTTA-1_2_2"
"2370","TGCCGAGGTCAGGCAA-1_2_2"
"2371","TGCGACGAGAACTCCT-1_2_2"
"2372","TGCGACGCAATGACCT-1_2_2"
"2373","TGCGACGCACAACGAG-1_2_2"
"2374","TGCGATAAGACGCCCT-1_2_2"
"2375","TGCGATAAGTAATTGG-1_2_2"
"2376","TGCGATACAATTAGGA-1_2_2"
"2377","TGCGATATCAGAACCT-1_2_2"
"2378","TGCGATATCCCTGGTT-1_2_2"
"2379","TGCGATATCCGTGCGA-1_2_2"
"2380","TGCGATATCCTACTGC-1_2_2"
"2381","TGCGGCAGTCGAATTC-1_2_2"
"2382","TGCGGGTGTCACCACG-1_2_2"
"2383","TGCGGGTGTTGGGACA-1_2_2"
"2384","TGCGGGTTCGGCATTA-1_2_2"
"2385","TGCTCCAAGGTACAAT-1_2_2"
"2386","TGCTCCAGTTTGGGAG-1_2_2"
"2387","TGCTCGTAGCCTCAAT-1_2_2"
"2388","TGCTCGTGTGAGCTCC-1_2_2"
"2389","TGCTGAAAGGAAGTGA-1_2_2"
"2390","TGCTGAAGTCGCATCG-1_2_2"
"2391","TGCTGAAGTGATACCT-1_2_2"
"2392","TGCTTCGCAAGTGGTG-1_2_2"
"2393","TGCTTCGCATATCGGT-1_2_2"
"2394","TGCTTCGGTGATGGCA-1_2_2"
"2395","TGCTTCGGTTACGCCG-1_2_2"
"2396","TGCTTCGTCGGTGCAC-1_2_2"
"2397","TGCTTCGTCTCCTGCA-1_2_2"
"2398","TGCTTGCCAGAGTTCT-1_2_2"
"2399","TGCTTGCCAGTAGTGG-1_2_2"
"2400","TGCTTGCTCCACCTCA-1_2_2"
"2401","TGCTTGCTCGAGCCTG-1_2_2"
"2402","TGGAGAGAGTGCAGCA-1_2_2"
"2403","TGGAGAGCACTATCCC-1_2_2"
"2404","TGGAGAGTCTCTCTAA-1_2_2"
"2405","TGGAGGAAGTCAGAGC-1_2_2"
"2406","TGGATCAAGGCCTGCT-1_2_2"
"2407","TGGATCAAGGTTTGAA-1_2_2"
"2408","TGGATCACAGAATGTA-1_2_2"
"2409","TGGATCATCATTACGG-1_2_2"
"2410","TGGATCATCCCGATCT-1_2_2"
"2411","TGGATCATCTTCCACG-1_2_2"
"2412","TGGATGTTCTATACTC-1_2_2"
"2413","TGGCGTGAGACATCAA-1_2_2"
"2414","TGGCGTGGTCCCTGAG-1_2_2"
"2415","TGGGAAGGTAACGGTG-1_2_2"
"2416","TGGGAAGTCCACGGGT-1_2_2"
"2417","TGGGATTAGTAACCTC-1_2_2"
"2418","TGGGATTCATAATGCC-1_2_2"
"2419","TGGGCGTAGAGTTGCG-1_2_2"
"2420","TGGGCGTAGCTCATAC-1_2_2"
"2421","TGGGCGTAGTCACGCC-1_2_2"
"2422","TGGGCGTCACCATAAC-1_2_2"
"2423","TGGGCGTGTCGGTAAG-1_2_2"
"2424","TGGGCTGAGAGTACCG-1_2_2"
"2425","TGGGCTGAGCGTGCCT-1_2_2"
"2426","TGGGCTGAGTAATACG-1_2_2"
"2427","TGGGCTGCATCGAACT-1_2_2"
"2428","TGGGTTACACTTCAGA-1_2_2"
"2429","TGGTACAAGCCAACCC-1_2_2"
"2430","TGGTACAAGTTAGAAC-1_2_2"
"2431","TGGTACACATCGCTCT-1_2_2"
"2432","TGGTACATCATGCCGG-1_2_2"
"2433","TGGTACATCGCCCAGA-1_2_2"
"2434","TGGTAGTAGACTAGAT-1_2_2"
"2435","TGGTAGTAGTACGAGC-1_2_2"
"2436","TGGTAGTCAGCGGATA-1_2_2"
"2437","TGGTAGTCAGGTCTCG-1_2_2"
"2438","TGGTGATAGTAGACCG-1_2_2"
"2439","TGGTGATCACAAGCCC-1_2_2"
"2440","TGGTGATTCGAGAGAC-1_2_2"
"2441","TGGTTAGAGAGTCCGA-1_2_2"
"2442","TGGTTAGGTCGATTTG-1_2_2"
"2443","TGGTTAGTCTGGGCCA-1_2_2"
"2444","TGTAACGAGTCGCTAT-1_2_2"
"2445","TGTAACGCACTAGAGG-1_2_2"
"2446","TGTAAGCTCTGGCCTT-1_2_2"
"2447","TGTACAGCACTACGGC-1_2_2"
"2448","TGTAGACAGACCCTTA-1_2_2"
"2449","TGTAGACCAGTCGTTA-1_2_2"
"2450","TGTCAGAGTAACGATA-1_2_2"
"2451","TGTCAGAGTAATGTGA-1_2_2"
"2452","TGTCAGAGTACCCGCA-1_2_2"
"2453","TGTCCACGTCGACGCT-1_2_2"
"2454","TGTCCACGTGGCTGCT-1_2_2"
"2455","TGTCCACTCAACTGGT-1_2_2"
"2456","TGTCCACTCGGTCAGC-1_2_2"
"2457","TGTCCACTCTCCACTG-1_2_2"
"2458","TGTCCCATCATGCCGG-1_2_2"
"2459","TGTCCTGAGCCTCTGG-1_2_2"
"2460","TGTCCTGCACTGTGAT-1_2_2"
"2461","TGTGAGTAGTGCACTT-1_2_2"
"2462","TGTGAGTAGTGTAGAT-1_2_2"
"2463","TGTGAGTCAGGTTCGC-1_2_2"
"2464","TGTGAGTCATAGAGGC-1_2_2"
"2465","TGTGAGTGTCGTGGTC-1_2_2"
"2466","TGTGAGTGTTGCTGAT-1_2_2"
"2467","TGTGATGAGAAGTGTT-1_2_2"
"2468","TGTGATGTCTAGTGAC-1_2_2"
"2469","TGTGCGGAGCGGTATG-1_2_2"
"2470","TGTGCGGCAGGACTTT-1_2_2"
"2471","TGTGCGGGTACCTATG-1_2_2"
"2472","TGTGCGGGTGGCCCAT-1_2_2"
"2473","TGTGCGGGTTCATCTT-1_2_2"
"2474","TGTGCGGTCGGAGCAA-1_2_2"
"2475","TGTGGCGAGGAAGTAG-1_2_2"
"2476","TGTGGCGAGTCTAACC-1_2_2"
"2477","TGTGGCGCAAATTGCC-1_2_2"
"2478","TGTGGCGCACACCTAA-1_2_2"
"2479","TGTGTGAAGGTATTGA-1_2_2"
"2480","TGTGTGACACGCGCAT-1_2_2"
"2481","TGTGTGATCATCGCTC-1_2_2"
"2482","TGTGTGATCGCGCCAA-1_2_2"
"2483","TGTTACTCAGCTACAT-1_2_2"
"2484","TGTTACTGTACCGGAA-1_2_2"
"2485","TGTTACTTCGCTGATA-1_2_2"
"2486","TGTTACTTCGTTCTCG-1_2_2"
"2487","TGTTACTTCTTGTTAC-1_2_2"
"2488","TGTTCATGTCGTGCCA-1_2_2"
"2489","TGTTCATTCATACAGC-1_2_2"
"2490","TGTTCCGCAGCCATTA-1_2_2"
"2491","TGTTCCGGTGTCCGGT-1_2_2"
"2492","TGTTCTATCGCTCATC-1_2_2"
"2493","TGTTGAGAGTCGTCTA-1_2_2"
"2494","TGTTGAGGTGTTCCTC-1_2_2"
"2495","TGTTGAGTCAACACGT-1_2_2"
"2496","TGTTTGTAGCGCCTTG-1_2_2"
"2497","TGTTTGTCAACCCGCA-1_2_2"
"2498","TGTTTGTCATGTCTAG-1_2_2"
"2499","TGTTTGTGTTCGCGTG-1_2_2"
"2500","TGTTTGTTCGCTTACC-1_2_2"
"2501","TTAATCCGTTGGCCGT-1_2_2"
"2502","TTAATCCTCCCATTTA-1_2_2"
"2503","TTACAGGAGGCCTTGC-1_2_2"
"2504","TTACAGGGTCGCGGTT-1_2_2"
"2505","TTACAGGTCTCATTGT-1_2_2"
"2506","TTACCATAGTAAACGT-1_2_2"
"2507","TTACCATTCGTGGAAG-1_2_2"
"2508","TTACCGCGTTAAGCAA-1_2_2"
"2509","TTACGCCCACGGCCAT-1_2_2"
"2510","TTACGCCTCAAGCTGT-1_2_2"
"2511","TTACGTTAGCACCTGC-1_2_2"
"2512","TTACGTTCACACCAGC-1_2_2"
"2513","TTACGTTTCTCGTCAC-1_2_2"
"2514","TTACGTTTCTCGTTTA-1_2_2"
"2515","TTACTGTAGAATTGTG-1_2_2"
"2516","TTACTGTGTTGGACCC-1_2_2"
"2517","TTAGGCAGTGGTTTGT-1_2_2"
"2518","TTAGGCAGTTCCAGGC-1_2_2"
"2519","TTAGGCATCGCCGTGA-1_2_2"
"2520","TTAGGCATCTTGGAAC-1_2_2"
"2521","TTAGGGTAGCTAAATG-1_2_2"
"2522","TTAGGGTCACTATGTG-1_2_2"
"2523","TTAGGGTGTATTGACC-1_2_2"
"2524","TTAGTCTAGAAATGGG-1_2_2"
"2525","TTAGTCTCATACTGTG-1_2_2"
"2526","TTAGTCTGTTCGTTCC-1_2_2"
"2527","TTAGTCTTCAAGGTGG-1_2_2"
"2528","TTAGTCTTCTCGCAGG-1_2_2"
"2529","TTATTGCGTCATCCCT-1_2_2"
"2530","TTATTGCGTCCGGCAT-1_2_2"
"2531","TTATTGCGTGAGGATC-1_2_2"
"2532","TTATTGCTCCCGAGGT-1_2_2"
"2533","TTATTGCTCGCATTAG-1_2_2"
"2534","TTATTGCTCGGTCTAA-1_2_2"
"2535","TTATTGCTCGTAGCTA-1_2_2"
"2536","TTCAATCAGACAGCTG-1_2_2"
"2537","TTCAATCGTCGTACAT-1_2_2"
"2538","TTCAATCTCAGGACGA-1_2_2"
"2539","TTCACCGCAAGTCCCG-1_2_2"
"2540","TTCACCGCAGTCAGTT-1_2_2"
"2541","TTCACCGGTGAAGCTG-1_2_2"
"2542","TTCACGCAGAGGCTGT-1_2_2"
"2543","TTCACGCAGGTCACCC-1_2_2"
"2544","TTCACGCTCGTCTAAG-1_2_2"
"2545","TTCAGGAAGATGGCAC-1_2_2"
"2546","TTCAGGAAGGAGATAG-1_2_2"
"2547","TTCAGGAAGTCACGCC-1_2_2"
"2548","TTCAGGACAACTGAAA-1_2_2"
"2549","TTCAGGACACCTTCGT-1_2_2"
"2550","TTCAGGATCGCTCATC-1_2_2"
"2551","TTCATGTGTACAGTCT-1_2_2"
"2552","TTCATGTGTGGCTCTG-1_2_2"
"2553","TTCATGTTCAAAGCCT-1_2_2"
"2554","TTCATTGAGATTGAGT-1_2_2"
"2555","TTCATTGGTCGCTGCA-1_2_2"
"2556","TTCATTGTCAAAGCCT-1_2_2"
"2557","TTCCAATAGGTAGACC-1_2_2"
"2558","TTCCAATAGTGCGCTC-1_2_2"
"2559","TTCCAATCACACCAGC-1_2_2"
"2560","TTCCAATCACCTATCC-1_2_2"
"2561","TTCCAATCAGACAATA-1_2_2"
"2562","TTCCACGCATGGAACG-1_2_2"
"2563","TTCCACGGTTAATCGC-1_2_2"
"2564","TTCCGGTTCGCTACAA-1_2_2"
"2565","TTCCGGTTCGGTCACG-1_2_2"
"2566","TTCCGTGCATGGAGAC-1_2_2"
"2567","TTCCTAAAGTATGGAT-1_2_2"
"2568","TTCCTAACATTGAAAG-1_2_2"
"2569","TTCCTAAGTAGCCAGA-1_2_2"
"2570","TTCCTAAGTGTCCATA-1_2_2"
"2571","TTCCTAATCAGCTCTC-1_2_2"
"2572","TTCCTCTAGGTTGTTC-1_2_2"
"2573","TTCCTCTCACTCAAGT-1_2_2"
"2574","TTCCTCTCAGCTGCCA-1_2_2"
"2575","TTCCTCTGTACTTCCC-1_2_2"
"2576","TTCCTCTGTCCGGACT-1_2_2"
"2577","TTCCTCTTCCTGCTAC-1_2_2"
"2578","TTCCTTCAGGATTTAG-1_2_2"
"2579","TTCCTTCCAACCCGCA-1_2_2"
"2580","TTCCTTCTCGACATTG-1_2_2"
"2581","TTCGATTCACCCTTGT-1_2_2"
"2582","TTCGATTCACGTACTA-1_2_2"
"2583","TTCGATTCATCGATAC-1_2_2"
"2584","TTCGCTGAGGACTATA-1_2_2"
"2585","TTCGCTGCACATCATG-1_2_2"
"2586","TTCGGTCAGATACAGT-1_2_2"
"2587","TTCGGTCCAACAACAA-1_2_2"
"2588","TTCGGTCTCGCTGATA-1_2_2"
"2589","TTCTAACAGGCAGGTT-1_2_2"
"2590","TTCTAACCATTCTCCG-1_2_2"
"2591","TTCTAACGTGAGATTA-1_2_2"
"2592","TTCTAACTCGTCAACA-1_2_2"
"2593","TTCTAGTCACGACCTG-1_2_2"
"2594","TTCTAGTGTATTCCGA-1_2_2"
"2595","TTCTAGTGTTCTCAGA-1_2_2"
"2596","TTCTAGTTCCAATCTT-1_2_2"
"2597","TTCTAGTTCGTGGGTC-1_2_2"
"2598","TTCTCTCAGAGTGTTA-1_2_2"
"2599","TTCTCTCAGCACCTGC-1_2_2"
"2600","TTCTCTCAGGATTACA-1_2_2"
"2601","TTCTCTCGTATGAGGC-1_2_2"
"2602","TTCTCTCTCCTTTGAT-1_2_2"
"2603","TTCTGTAAGCATGTTC-1_2_2"
"2604","TTCTGTACAGGCTCTG-1_2_2"
"2605","TTCTGTATCGAGTGGA-1_2_2"
"2606","TTCTGTATCTAACACG-1_2_2"
"2607","TTCTTCCAGATGCGAC-1_2_2"
"2608","TTCTTCCGTAAGGCTG-1_2_2"
"2609","TTCTTCCGTACAAGTA-1_2_2"
"2610","TTCTTCCGTACTCGAT-1_2_2"
"2611","TTCTTCCGTATGAAGT-1_2_2"
"2612","TTCTTGAAGACTAAGT-1_2_2"
"2613","TTCTTGAAGGATATGT-1_2_2"
"2614","TTGAACGAGACTACGG-1_2_2"
"2615","TTGAACGAGCGTGCCT-1_2_2"
"2616","TTGAACGCATTAGGCT-1_2_2"
"2617","TTGACCCAGCAATAAC-1_2_2"
"2618","TTGACCCAGCCTCTGG-1_2_2"
"2619","TTGACCCAGTGCCGAA-1_2_2"
"2620","TTGAGTGTCCTTCACG-1_2_2"
"2621","TTGAGTGTCTGCGAGC-1_2_2"
"2622","TTGATGGAGCGACAGT-1_2_2"
"2623","TTGCATTAGCATGTTC-1_2_2"
"2624","TTGCATTGTCGCACAC-1_2_2"
"2625","TTGCATTTCGATACAC-1_2_2"
"2626","TTGCCTGAGCATGCAG-1_2_2"
"2627","TTGCCTGAGGTTCCAT-1_2_2"
"2628","TTGCCTGGTCGTGGAA-1_2_2"
"2629","TTGCCTGTCTATACGG-1_2_2"
"2630","TTGCGTCCATAATGAG-1_2_2"
"2631","TTGCTGCAGAGTGACC-1_2_2"
"2632","TTGCTGCAGGAACGCT-1_2_2"
"2633","TTGCTGCCATGACGTT-1_2_2"
"2634","TTGGATGAGGGCAACT-1_2_2"
"2635","TTGGGATCAAAGCTAA-1_2_2"
"2636","TTGGGATCAACAAGTA-1_2_2"
"2637","TTGGGATGTGAGTAAT-1_2_2"
"2638","TTGGGATTCTCCAAGA-1_2_2"
"2639","TTGGGCGAGGGAGGAC-1_2_2"
"2640","TTGGGCGCACCGCTAG-1_2_2"
"2641","TTGGGTAAGGGTCAAC-1_2_2"
"2642","TTGGGTAAGGTACTGG-1_2_2"
"2643","TTGGGTAGTACCTAAC-1_2_2"
"2644","TTGGGTATCATTTACC-1_2_2"
"2645","TTGGTTTGTCCTCAGG-1_2_2"
"2646","TTGTGGAAGATGGCAC-1_2_2"
"2647","TTGTGGACACCGCTAG-1_2_2"
"2648","TTGTGGACATCTGGGC-1_2_2"
"2649","TTGTGGAGTACGAAAT-1_2_2"
"2650","TTGTGGATCTCGGGAC-1_2_2"
"2651","TTGTGTTCAGATTAAG-1_2_2"
"2652","TTGTGTTGTACGGCAA-1_2_2"
"2653","TTGTGTTTCATCACTT-1_2_2"
"2654","TTGTTCACAGGTGTTT-1_2_2"
"2655","TTGTTTGCAAGTTGGG-1_2_2"
"2656","TTGTTTGGTCTAGATC-1_2_2"
"2657","TTTACCAAGAAGCCTG-1_2_2"
"2658","TTTACCAAGTCTTCGA-1_2_2"
"2659","TTTACGTCAACTGATC-1_2_2"
"2660","TTTACGTGTTGCAAGG-1_2_2"
"2661","TTTACGTTCAAAGAAC-1_2_2"
"2662","TTTACTGCACCGCTGA-1_2_2"
"2663","TTTACTGGTCACTCAA-1_2_2"
"2664","TTTACTGGTGTCTCCT-1_2_2"
"2665","TTTACTGGTGTGAATA-1_2_2"
"2666","TTTACTGGTTGTGTTG-1_2_2"
"2667","TTTACTGTCTGAGGCC-1_2_2"
"2668","TTTAGTCAGACGATAT-1_2_2"
"2669","TTTAGTCCAACGTAAA-1_2_2"
"2670","TTTAGTCCAAGAGGTC-1_2_2"
"2671","TTTAGTCCATCTCGTC-1_2_2"
"2672","TTTAGTCGTGTCATTG-1_2_2"
"2673","TTTAGTCTCCGTACGG-1_2_2"
"2674","TTTATGCCAACAGCCC-1_2_2"
"2675","TTTATGCGTCAGCGTC-1_2_2"
"2676","TTTATGCTCCCTATTA-1_2_2"
"2677","TTTCACACAAAGCTCT-1_2_2"
"2678","TTTCAGTTCCCTCGAT-1_2_2"
"2679","TTTCATGAGTGGAAAG-1_2_2"
"2680","TTTCATGCACAAATGA-1_2_2"
"2681","TTTCATGCAGAGGACT-1_2_2"
"2682","TTTCATGCATAACAGA-1_2_2"
"2683","TTTCCTCAGCGTTCCG-1_2_2"
"2684","TTTCCTCCAACACAAA-1_2_2"
"2685","TTTCCTCGTACCTGTA-1_2_2"
"2686","TTTCCTCGTTTACGTG-1_2_2"
"2687","TTTCCTCGTTTAGACC-1_2_2"
"2688","TTTCGATGTGCCCAGT-1_2_2"
"2689","TTTCGATGTTGAAGTA-1_2_2"
"2690","TTTCGATTCCGGTTCT-1_2_2"
"2691","TTTGACTGTGTCTTGA-1_2_2"
"2692","TTTGATCCATGTGGTT-1_2_2"
"2693","TTTGATCTCGACGACC-1_2_2"
"2694","TTTGGAGAGCGATTCT-1_2_2"
"2695","TTTGGTTGTACCAATC-1_2_2"
"2696","TTTGTTGAGATGGTAT-1_2_2"
"2697","TTTGTTGCAATGGCCC-1_2_2"
"2698","TTTGTTGCAATTGCAC-1_2_2"
"2699","TTTGTTGCATAATGCC-1_2_2"
"2700","TTTGTTGGTTGGTACT-1_2_2"
