"","x"
"1","AAACCCACAACGGCTC-1_3_1"
"2","AAACCCATCGTTAGTG-1_3_1"
"3","AAACGAAAGGGTAGCT-1_3_1"
"4","AAACGAAAGTAGATCA-1_3_1"
"5","AAACGAAGTGGTCTAT-1_3_1"
"6","AAACGAAGTTATGGTC-1_3_1"
"7","AAACGAATCCGTCCTA-1_3_1"
"8","AAACGCTAGTAACGTA-1_3_1"
"9","AAACGCTGTCCTGTTC-1_3_1"
"10","AAACGCTTCTTCGGTC-1_3_1"
"11","AAAGAACTCTCAACGA-1_3_1"
"12","AAAGAACTCTCGTGAA-1_3_1"
"13","AAAGGATAGCCATATC-1_3_1"
"14","AAAGGATCAGACCTAT-1_3_1"
"15","AAAGGATGTCTGTGTA-1_3_1"
"16","AAAGGATTCTAGTGAC-1_3_1"
"17","AAAGGGCCACCAGCCA-1_3_1"
"18","AAAGGGCGTGTTACAC-1_3_1"
"19","AAAGGGCGTTTGATCG-1_3_1"
"20","AAAGGGCTCGCAGATT-1_3_1"
"21","AAAGGGCTCGCCTAGG-1_3_1"
"22","AAAGGGCTCGGTCGGT-1_3_1"
"23","AAAGGTACATCAGCGC-1_3_1"
"24","AAAGGTACATCCTTGC-1_3_1"
"25","AAAGGTAGTCGTCATA-1_3_1"
"26","AAAGGTATCATTTGGG-1_3_1"
"27","AAAGTCCAGAAACTAC-1_3_1"
"28","AAAGTCCCATCCCGTT-1_3_1"
"29","AAAGTCCGTGTCTTCC-1_3_1"
"30","AAAGTCCTCCTTCACG-1_3_1"
"31","AAAGTCCTCTCTGAGA-1_3_1"
"32","AAAGTGACACATAACC-1_3_1"
"33","AAAGTGAGTGTGCTTA-1_3_1"
"34","AAAGTGAGTTTGCCGG-1_3_1"
"35","AAATGGACATAATCGC-1_3_1"
"36","AAATGGATCTTCCTAA-1_3_1"
"37","AACAAAGAGAGTACCG-1_3_1"
"38","AACAAAGCAGCTCATA-1_3_1"
"39","AACAAAGGTAGCACGA-1_3_1"
"40","AACAAAGGTGTGCCTG-1_3_1"
"41","AACAACCCACACAGCC-1_3_1"
"42","AACAACCGTCCTACAA-1_3_1"
"43","AACAACCGTGGTAATA-1_3_1"
"44","AACAACCTCCGAAATC-1_3_1"
"45","AACAAGAAGAGCTTTC-1_3_1"
"46","AACAAGAAGGTCCGAA-1_3_1"
"47","AACACACAGTTTCGGT-1_3_1"
"48","AACACACCAACACGAG-1_3_1"
"49","AACAGGGAGTAAACGT-1_3_1"
"50","AACAGGGGTTGTCCCT-1_3_1"
"51","AACAGGGTCACTGGTA-1_3_1"
"52","AACCAACAGAAATCCA-1_3_1"
"53","AACCAACGTGTCTAAC-1_3_1"
"54","AACCAACTCTGCAGCG-1_3_1"
"55","AACCACAAGCTAAGTA-1_3_1"
"56","AACCACAAGGACTGGT-1_3_1"
"57","AACCACACAGAAATCA-1_3_1"
"58","AACCACACATTCTCTA-1_3_1"
"59","AACCACATCTGCATAG-1_3_1"
"60","AACCATGAGCGTGAGT-1_3_1"
"61","AACCATGTCAAGCCGC-1_3_1"
"62","AACCCAAAGAGCATCG-1_3_1"
"63","AACCCAAAGCAAATCA-1_3_1"
"64","AACCCAACACTTTAGG-1_3_1"
"65","AACCCAACAGGAGACT-1_3_1"
"66","AACCCAACATAACGGG-1_3_1"
"67","AACCCAAGTACCGGCT-1_3_1"
"68","AACCCAAGTACGCTAT-1_3_1"
"69","AACCTGAAGTTTCAGC-1_3_1"
"70","AACCTGACAATACCCA-1_3_1"
"71","AACCTGACACTCAAGT-1_3_1"
"72","AACCTGACAGAGACTG-1_3_1"
"73","AACCTGATCAATCTTC-1_3_1"
"74","AACCTGATCCTATTTG-1_3_1"
"75","AACCTTTTCAGTCACA-1_3_1"
"76","AACCTTTTCCATCAGA-1_3_1"
"77","AACGAAAAGCTCAGAG-1_3_1"
"78","AACGAAATCCTAGCTC-1_3_1"
"79","AACGAAATCGATGGAG-1_3_1"
"80","AACGGGAAGGCACTAG-1_3_1"
"81","AACGGGAAGTTTCTTC-1_3_1"
"82","AACGTCAGTACCCGAC-1_3_1"
"83","AACGTCAGTTTAGACC-1_3_1"
"84","AACGTCATCGCTAAAC-1_3_1"
"85","AACGTCATCGTCGACG-1_3_1"
"86","AACGTCATCTGGTCAA-1_3_1"
"87","AACTTCTAGGAAAGAC-1_3_1"
"88","AACTTCTCAACCCTAA-1_3_1"
"89","AACTTCTGTCCTATAG-1_3_1"
"90","AACTTCTTCGAACGCC-1_3_1"
"91","AAGAACACAAGGAGTC-1_3_1"
"92","AAGAACAGTCCACGCA-1_3_1"
"93","AAGAACATCACAACCA-1_3_1"
"94","AAGAACATCTGGGCAC-1_3_1"
"95","AAGACAAGTTCTTAGG-1_3_1"
"96","AAGACAATCGGCATCG-1_3_1"
"97","AAGACTCAGTAGCAAT-1_3_1"
"98","AAGATAGAGAGGGTAA-1_3_1"
"99","AAGCATCCATTGTGCA-1_3_1"
"100","AAGCATCGTGTGTCGC-1_3_1"
"101","AAGCATCTCAGAGCGA-1_3_1"
"102","AAGCCATAGAGGATCC-1_3_1"
"103","AAGCCATAGCTGTCCG-1_3_1"
"104","AAGCCATGTCCTTGTC-1_3_1"
"105","AAGCCATGTTATTCTC-1_3_1"
"106","AAGCCATTCTCTTGCG-1_3_1"
"107","AAGCGAGCAAATCAAG-1_3_1"
"108","AAGCGTTGTATCTCGA-1_3_1"
"109","AAGCGTTTCTCAGTCC-1_3_1"
"110","AAGGAATGTAGGCAGT-1_3_1"
"111","AAGGTAAAGTCGGCCT-1_3_1"
"112","AAGGTAACAAGGGCAT-1_3_1"
"113","AAGGTAACACTACACA-1_3_1"
"114","AAGGTAAGTGGTAATA-1_3_1"
"115","AAGTACCAGGGCAGAG-1_3_1"
"116","AAGTACCCAAATGGAT-1_3_1"
"117","AAGTACCCATTGACCA-1_3_1"
"118","AAGTCGTCATCGTGCG-1_3_1"
"119","AAGTGAAAGCGTCTCG-1_3_1"
"120","AAGTGAAAGTCTCCTC-1_3_1"
"121","AAGTGAAAGTGCACCC-1_3_1"
"122","AAGTGAAGTGGAGGTT-1_3_1"
"123","AAGTGAATCTGGGCCA-1_3_1"
"124","AAGTTCGAGTACAGCG-1_3_1"
"125","AAGTTCGCAAGTGGGT-1_3_1"
"126","AAGTTCGGTTAAACAG-1_3_1"
"127","AAGTTCGTCCCGGTAG-1_3_1"
"128","AAGTTCGTCCGCACTT-1_3_1"
"129","AATAGAGAGCCGAACA-1_3_1"
"130","AATAGAGCATCGATCA-1_3_1"
"131","AATAGAGTCTCGACGG-1_3_1"
"132","AATCACGCAACCAACT-1_3_1"
"133","AATCGTGCAAACAGGC-1_3_1"
"134","AATGACCAGCCTGTCG-1_3_1"
"135","AATGACCGTCGCACGT-1_3_1"
"136","AATGACCTCCCAGCGA-1_3_1"
"137","AATGCCAAGACCTGGA-1_3_1"
"138","AATGCCAAGTCATGCT-1_3_1"
"139","AATGGAAGTCCTTGTC-1_3_1"
"140","AATGGAATCGATTCCC-1_3_1"
"141","AATGGCTAGAGCTGAC-1_3_1"
"142","AATGGCTAGCCTATTG-1_3_1"
"143","AATGGCTAGTGCGCTC-1_3_1"
"144","AATGGCTGTTGGCCTG-1_3_1"
"145","AATGGCTTCTCTCCGA-1_3_1"
"146","AATGGCTTCTTGGGCG-1_3_1"
"147","AATTCCTAGAGTCAAT-1_3_1"
"148","AATTTCCGTCAAAGTA-1_3_1"
"149","AATTTCCTCTACTATC-1_3_1"
"150","ACAAAGAAGTTGCATC-1_3_1"
"151","ACAAAGAGTGGCTTAT-1_3_1"
"152","ACAACCATCACGAGGA-1_3_1"
"153","ACAACCATCCAGCCTT-1_3_1"
"154","ACAACCATCTACACAG-1_3_1"
"155","ACAAGCTTCATTGTTC-1_3_1"
"156","ACAAGCTTCGAGAGCA-1_3_1"
"157","ACAAGCTTCGAGTTGT-1_3_1"
"158","ACACAGTCACATCCCT-1_3_1"
"159","ACACCAAGTGATAGAT-1_3_1"
"160","ACACCAAGTGCCTTTC-1_3_1"
"161","ACACGCGGTCCTATAG-1_3_1"
"162","ACACGCGTCCCAATAG-1_3_1"
"163","ACACTGAAGAAGGATG-1_3_1"
"164","ACAGAAAAGTGCCTCG-1_3_1"
"165","ACAGCCGCAACCAGAG-1_3_1"
"166","ACAGCCGCACTAGGTT-1_3_1"
"167","ACAGCCGGTAACACCT-1_3_1"
"168","ACAGCCGGTCAACACT-1_3_1"
"169","ACAGGGAAGTATTCCG-1_3_1"
"170","ACAGGGAGTACTCGAT-1_3_1"
"171","ACAGGGAGTCACAATC-1_3_1"
"172","ACATCGACAGTCACGC-1_3_1"
"173","ACATCGAGTATGTCAC-1_3_1"
"174","ACATGCACAGACAAGC-1_3_1"
"175","ACATGCACATCATTGG-1_3_1"
"176","ACATGCAGTACGTTCA-1_3_1"
"177","ACATGCATCTCAGTCC-1_3_1"
"178","ACATTTCAGTAACCGG-1_3_1"
"179","ACCAAACAGCAGGCAT-1_3_1"
"180","ACCAACAAGGGATGTC-1_3_1"
"181","ACCAACAAGTGCAGCA-1_3_1"
"182","ACCAACACACGCTTAA-1_3_1"
"183","ACCACAAAGCGGACAT-1_3_1"
"184","ACCACAACACCAGCTG-1_3_1"
"185","ACCATTTAGGACTAAT-1_3_1"
"186","ACCCAAAGTACTAACC-1_3_1"
"187","ACCCTCAAGAGCCTGA-1_3_1"
"188","ACCCTTGAGACCTTTG-1_3_1"
"189","ACCCTTGAGCTGACTT-1_3_1"
"190","ACCCTTGGTCCACTTC-1_3_1"
"191","ACCCTTGGTGTATTCG-1_3_1"
"192","ACCGTTCGTATCGATC-1_3_1"
"193","ACCTACCAGACTGGGT-1_3_1"
"194","ACCTACCTCTGGGCCA-1_3_1"
"195","ACCTGAAGTTGCACGC-1_3_1"
"196","ACCTGAATCGTGCTCT-1_3_1"
"197","ACCTGTCCAGTCAGTT-1_3_1"
"198","ACCTGTCTCAAGCCTA-1_3_1"
"199","ACGATCAAGCCTGACC-1_3_1"
"200","ACGATCAAGGCCACTC-1_3_1"
"201","ACGATCAAGGCTCTCG-1_3_1"
"202","ACGATCACACCTCTAC-1_3_1"
"203","ACGATGTCAAACTCGT-1_3_1"
"204","ACGATGTCACTCCGGA-1_3_1"
"205","ACGATGTCACTGAGGA-1_3_1"
"206","ACGATGTCATCAGCAT-1_3_1"
"207","ACGATGTGTCTGCCTT-1_3_1"
"208","ACGCACGGTGGAAGTC-1_3_1"
"209","ACGGAAGCACGCTGCA-1_3_1"
"210","ACGGAAGGTTCTCCCA-1_3_1"
"211","ACGGAAGTCACGGGCT-1_3_1"
"212","ACGGGTCAGCCGTAAG-1_3_1"
"213","ACGGGTCAGGACGCTA-1_3_1"
"214","ACGGGTCAGTTAACAG-1_3_1"
"215","ACGGGTCCAAGGAGTC-1_3_1"
"216","ACGGGTCCACTAGGCC-1_3_1"
"217","ACGGGTCCAGCCGTCA-1_3_1"
"218","ACGGGTCGTTTAAGGA-1_3_1"
"219","ACGGTCGCAACCAACT-1_3_1"
"220","ACGGTCGCATCGGCCA-1_3_1"
"221","ACGGTTACACGGCCAT-1_3_1"
"222","ACGTAACGTCGCTCGA-1_3_1"
"223","ACGTAACGTGTGCCTG-1_3_1"
"224","ACGTAACTCCCGTTCA-1_3_1"
"225","ACGTAACTCCCTCGAT-1_3_1"
"226","ACGTAACTCTCGTGAA-1_3_1"
"227","ACGTACAAGTTGCTCA-1_3_1"
"228","ACGTACACAAGCACAG-1_3_1"
"229","ACGTACACACTTTATC-1_3_1"
"230","ACGTACAGTGTTTGCA-1_3_1"
"231","ACGTACATCCATGAGT-1_3_1"
"232","ACGTACATCCGGCTTT-1_3_1"
"233","ACGTAGTAGGGTAATT-1_3_1"
"234","ACGTAGTCAGGACAGT-1_3_1"
"235","ACGTAGTTCTTTGCAT-1_3_1"
"236","ACGTCCTGTACCTAAC-1_3_1"
"237","ACGTCCTTCGCCAGAC-1_3_1"
"238","ACGTTCCAGAGGGTGG-1_3_1"
"239","ACGTTCCAGTTCGCAT-1_3_1"
"240","ACGTTCCCAAATACGA-1_3_1"
"241","ACGTTCCCATCCGAGC-1_3_1"
"242","ACGTTCCTCGTCAAAC-1_3_1"
"243","ACGTTCCTCTCGAACA-1_3_1"
"244","ACTACGAAGCATCCTA-1_3_1"
"245","ACTACGAAGCTAGCCC-1_3_1"
"246","ACTACGAGTAACTAAG-1_3_1"
"247","ACTACGAGTCTAACTG-1_3_1"
"248","ACTACGATCATATGGC-1_3_1"
"249","ACTACGATCTCGCTCA-1_3_1"
"250","ACTATCTAGCTAAATG-1_3_1"
"251","ACTATCTCAGGCTTGC-1_3_1"
"252","ACTATCTTCCGAGATT-1_3_1"
"253","ACTATGGCAGCGCGTT-1_3_1"
"254","ACTATGGTCAGTAGGG-1_3_1"
"255","ACTATTCGTTAGGGTG-1_3_1"
"256","ACTATTCTCGACATCA-1_3_1"
"257","ACTCCCACAGCGACAA-1_3_1"
"258","ACTCCCAGTGCATTAC-1_3_1"
"259","ACTCTCGAGACCTTTG-1_3_1"
"260","ACTCTCGAGCGCCCAT-1_3_1"
"261","ACTCTCGGTAGACACG-1_3_1"
"262","ACTCTCGGTGTTGACT-1_3_1"
"263","ACTGATGCATACTGAC-1_3_1"
"264","ACTGATGGTCAGCGTC-1_3_1"
"265","ACTGATGTCCTATTTG-1_3_1"
"266","ACTGCAAAGACTTAAG-1_3_1"
"267","ACTGCAAAGATACCAA-1_3_1"
"268","ACTGTCCAGCCTGAGA-1_3_1"
"269","ACTGTCCAGGAACGAA-1_3_1"
"270","ACTGTCCAGTTGTAAG-1_3_1"
"271","ACTGTCCGTTAGGCTT-1_3_1"
"272","ACTGTCCGTTTAGACC-1_3_1"
"273","ACTGTGAAGGTGCTAG-1_3_1"
"274","ACTGTGATCGAACTCA-1_3_1"
"275","ACTTAGGAGCGCTTCG-1_3_1"
"276","ACTTAGGGTAGAGACC-1_3_1"
"277","ACTTATCGTCAGTCTA-1_3_1"
"278","ACTTATCTCAGCTCTC-1_3_1"
"279","ACTTATCTCGTCCTCA-1_3_1"
"280","ACTTCCGAGACCCGCT-1_3_1"
"281","ACTTCCGTCGTACCTC-1_3_1"
"282","ACTTCGCCATCTGCGG-1_3_1"
"283","ACTTCGCCATGCCGGT-1_3_1"
"284","ACTTCGCCATGGCCCA-1_3_1"
"285","ACTTCGCTCGATTGAC-1_3_1"
"286","ACTTTCAAGCCGATTT-1_3_1"
"287","ACTTTCAGTAATGCGG-1_3_1"
"288","ACTTTCAGTGGTTCTA-1_3_1"
"289","ACTTTCATCTGGGAGA-1_3_1"
"290","ACTTTGTAGGAGTATT-1_3_1"
"291","ACTTTGTGTGTGTACT-1_3_1"
"292","ACTTTGTGTTAATCGC-1_3_1"
"293","ACTTTGTTCCTCGATC-1_3_1"
"294","ACTTTGTTCTATCGCC-1_3_1"
"295","AGAAATGAGATACAGT-1_3_1"
"296","AGAAATGCATTGTGCA-1_3_1"
"297","AGAAATGGTTCTGAGT-1_3_1"
"298","AGAAATGTCGGAAACG-1_3_1"
"299","AGAACAAAGTCACGCC-1_3_1"
"300","AGAACAACATGGTGGA-1_3_1"
"301","AGAACAAGTCCTACGG-1_3_1"
"302","AGAACAATCATCACCC-1_3_1"
"303","AGAACAATCATCCTGC-1_3_1"
"304","AGAACCTCACTAGGCC-1_3_1"
"305","AGAACCTCAGTGTGCC-1_3_1"
"306","AGAACCTGTGTTCATG-1_3_1"
"307","AGAAGCGAGTGTTCCA-1_3_1"
"308","AGAAGCGAGTTTGTCG-1_3_1"
"309","AGAAGTAAGTCCTACA-1_3_1"
"310","AGAAGTACAACCCGCA-1_3_1"
"311","AGACAAACAGAATGTA-1_3_1"
"312","AGACACTCAGCACGAA-1_3_1"
"313","AGACACTCAGGAGGTT-1_3_1"
"314","AGACAGGAGTTCCGTA-1_3_1"
"315","AGACAGGCAAACGGCA-1_3_1"
"316","AGACAGGCAAGTCGTT-1_3_1"
"317","AGACAGGTCGGCTATA-1_3_1"
"318","AGACCATAGGGTATAT-1_3_1"
"319","AGACCCGAGAGTGGCT-1_3_1"
"320","AGACCCGAGCAAGTGC-1_3_1"
"321","AGACCCGCAGACAATA-1_3_1"
"322","AGACCCGCAGCGCGTT-1_3_1"
"323","AGAGAATAGCGCACAA-1_3_1"
"324","AGAGAATTCAGCAGAG-1_3_1"
"325","AGAGAATTCTCATTGT-1_3_1"
"326","AGAGAATTCTCCATAT-1_3_1"
"327","AGAGAGCAGCGACTAG-1_3_1"
"328","AGAGAGCAGGACAAGA-1_3_1"
"329","AGAGAGCCAATACCCA-1_3_1"
"330","AGAGCAGAGCATGGGT-1_3_1"
"331","AGAGCAGAGGAGACCT-1_3_1"
"332","AGAGCAGGTCATCCCT-1_3_1"
"333","AGAGCAGGTGGATGAC-1_3_1"
"334","AGAGCAGGTTCCGGTG-1_3_1"
"335","AGAGCCCAGCCGTTAT-1_3_1"
"336","AGAGCCCAGTGCAACG-1_3_1"
"337","AGAGCCCCAGGAATCG-1_3_1"
"338","AGAGCCCCATGATCTG-1_3_1"
"339","AGAGCCCGTAGCGAGT-1_3_1"
"340","AGAGCCCGTCACTAGT-1_3_1"
"341","AGAGCCCGTCGCGTCA-1_3_1"
"342","AGATAGAAGCGCCTAC-1_3_1"
"343","AGATAGACATACAGAA-1_3_1"
"344","AGATAGAGTGTTCGAT-1_3_1"
"345","AGATAGATCGCTGACG-1_3_1"
"346","AGATAGATCTCATTTG-1_3_1"
"347","AGATCCACAGATCACT-1_3_1"
"348","AGATCGTAGTTGTACC-1_3_1"
"349","AGATCGTTCGATGGAG-1_3_1"
"350","AGATGAAAGCATCGAG-1_3_1"
"351","AGATGAACACTGGAAG-1_3_1"
"352","AGATGAATCGATTGGT-1_3_1"
"353","AGATGCTAGCGAATGC-1_3_1"
"354","AGATGCTAGGACGCAT-1_3_1"
"355","AGATGCTCAGGCGAAT-1_3_1"
"356","AGATGCTCATCACCAA-1_3_1"
"357","AGATGCTCATGGGTTT-1_3_1"
"358","AGATGCTTCACCATAG-1_3_1"
"359","AGCATCAAGAACCGCA-1_3_1"
"360","AGCATCAAGGATTTCC-1_3_1"
"361","AGCATCACAACTTCTT-1_3_1"
"362","AGCATCACAAGAGCTG-1_3_1"
"363","AGCATCACATGACAAA-1_3_1"
"364","AGCATCAGTAGCTAAA-1_3_1"
"365","AGCCAATGTATCAGCT-1_3_1"
"366","AGCCACGCACATCATG-1_3_1"
"367","AGCCACGGTGCTCCGA-1_3_1"
"368","AGCCAGCAGAGAAGGT-1_3_1"
"369","AGCCAGCCAAACAGGC-1_3_1"
"370","AGCGATTAGCGGACAT-1_3_1"
"371","AGCGATTAGGTTCCGC-1_3_1"
"372","AGCGATTCAGTATGAA-1_3_1"
"373","AGCGATTTCACACGAT-1_3_1"
"374","AGCGCTGCAACAAAGT-1_3_1"
"375","AGCGCTGGTGACTATC-1_3_1"
"376","AGCGTATTCGCTCTCA-1_3_1"
"377","AGCTACAGTAACTTCG-1_3_1"
"378","AGCTACATCCTTATGT-1_3_1"
"379","AGCTACATCGGAATGG-1_3_1"
"380","AGCTCAAAGACGACTG-1_3_1"
"381","AGCTCAAAGGATACGC-1_3_1"
"382","AGCTCAACAAGCCATT-1_3_1"
"383","AGCTCAACAGAACCGA-1_3_1"
"384","AGCTCAATCTCATTTG-1_3_1"
"385","AGCTTCCGTAGGTTTC-1_3_1"
"386","AGCTTCCTCGACATTG-1_3_1"
"387","AGGAAATAGCCTCAAT-1_3_1"
"388","AGGAAATGTGACTGTT-1_3_1"
"389","AGGAAATTCGAGTGAG-1_3_1"
"390","AGGAATAAGCCTATTG-1_3_1"
"391","AGGAATACACAGCGCT-1_3_1"
"392","AGGAATATCGCGAAGA-1_3_1"
"393","AGGACGACAAGGTCAG-1_3_1"
"394","AGGACGATCTCGCTTG-1_3_1"
"395","AGGACTTAGTGTACAA-1_3_1"
"396","AGGACTTGTATGGTTC-1_3_1"
"397","AGGACTTTCAGGTGTT-1_3_1"
"398","AGGACTTTCCCTATTA-1_3_1"
"399","AGGAGGTGTGTCTAAC-1_3_1"
"400","AGGAGGTGTTGGTGTT-1_3_1"
"401","AGGATAAAGGCCTGCT-1_3_1"
"402","AGGATAAGTCAGGCAA-1_3_1"
"403","AGGATAAGTGATCATC-1_3_1"
"404","AGGATAAGTGTCGCTG-1_3_1"
"405","AGGATCTAGCTCGGCT-1_3_1"
"406","AGGATCTAGGTCACTT-1_3_1"
"407","AGGATCTCAACGGTAG-1_3_1"
"408","AGGATCTGTCGGTACC-1_3_1"
"409","AGGCATTGTCGTACTA-1_3_1"
"410","AGGCATTTCTTTGGAG-1_3_1"
"411","AGGCCACGTGATTGGG-1_3_1"
"412","AGGCTGCTCCGAGGCT-1_3_1"
"413","AGGGAGTCAACTAGAA-1_3_1"
"414","AGGGAGTCAGTCGAGA-1_3_1"
"415","AGGGAGTGTCCCTGTT-1_3_1"
"416","AGGGAGTTCCTCACTG-1_3_1"
"417","AGGGCCTAGGCGCTCT-1_3_1"
"418","AGGGCCTGTACGATCT-1_3_1"
"419","AGGGCCTGTGATGGCA-1_3_1"
"420","AGGGCTCAGAGCAGAA-1_3_1"
"421","AGGGCTCCAACCCTCT-1_3_1"
"422","AGGGCTCGTCTCAGGC-1_3_1"
"423","AGGGCTCGTGACGTCC-1_3_1"
"424","AGGGCTCTCGAGATAA-1_3_1"
"425","AGGGTCCGTCCACGCA-1_3_1"
"426","AGGGTCCGTTAGTCGT-1_3_1"
"427","AGGGTGAAGAGATTCA-1_3_1"
"428","AGGGTGACACTACCGG-1_3_1"
"429","AGGGTGATCGGTGTAT-1_3_1"
"430","AGGGTTTCAAGTCGTT-1_3_1"
"431","AGGGTTTTCACCATCC-1_3_1"
"432","AGGGTTTTCGTGAGAG-1_3_1"
"433","AGGTAGGAGGTCACAG-1_3_1"
"434","AGGTCATCACACCAGC-1_3_1"
"435","AGGTCATCAGATAAAC-1_3_1"
"436","AGGTCATGTTGCGGCT-1_3_1"
"437","AGGTCTAAGGTAAAGG-1_3_1"
"438","AGGTCTATCAAATAGG-1_3_1"
"439","AGGTGTTCAGGCACTC-1_3_1"
"440","AGGTGTTGTTGGCTAT-1_3_1"
"441","AGGTTACAGGCACTAG-1_3_1"
"442","AGGTTACTCCACATAG-1_3_1"
"443","AGGTTACTCCATTGCC-1_3_1"
"444","AGGTTGTCACTTTAGG-1_3_1"
"445","AGGTTGTGTCGGAAAC-1_3_1"
"446","AGGTTGTGTGCGGCTT-1_3_1"
"447","AGGTTGTGTTAGGAGC-1_3_1"
"448","AGGTTGTTCCGCACGA-1_3_1"
"449","AGTAACCCATGAGGGT-1_3_1"
"450","AGTAACCGTTGGTAGG-1_3_1"
"451","AGTAACCTCTTCGTAT-1_3_1"
"452","AGTACCACAAACTCGT-1_3_1"
"453","AGTACCATCCCTAGGG-1_3_1"
"454","AGTACCATCCTGTTGC-1_3_1"
"455","AGTAGCTAGGTTAAAC-1_3_1"
"456","AGTAGCTAGTGCTACT-1_3_1"
"457","AGTAGCTGTTCAGGTT-1_3_1"
"458","AGTAGTCAGATTAGCA-1_3_1"
"459","AGTAGTCAGCAACAGC-1_3_1"
"460","AGTAGTCGTGTCATCA-1_3_1"
"461","AGTCAACAGAGAGCCT-1_3_1"
"462","AGTCAACCAAGGCCTC-1_3_1"
"463","AGTCAACCATGTTCAG-1_3_1"
"464","AGTCACAAGATTGAGT-1_3_1"
"465","AGTCACACAAGAGTAT-1_3_1"
"466","AGTCACACAGGTGAGT-1_3_1"
"467","AGTCACAGTAACATCC-1_3_1"
"468","AGTCACATCGGTCTAA-1_3_1"
"469","AGTCATGAGATACCAA-1_3_1"
"470","AGTCATGGTAAGGCTG-1_3_1"
"471","AGTCATGGTACGATTC-1_3_1"
"472","AGTCATGTCGACCCAG-1_3_1"
"473","AGTCTCCCAACGGGTA-1_3_1"
"474","AGTCTCCCAGTCTCTC-1_3_1"
"475","AGTGACTGTACGACAG-1_3_1"
"476","AGTGATCAGTGAGTTA-1_3_1"
"477","AGTGATCCACTACGGC-1_3_1"
"478","AGTGATCGTTCTCCTG-1_3_1"
"479","AGTGCCGTCGGATTAC-1_3_1"
"480","AGTGTTGAGAGCATAT-1_3_1"
"481","AGTGTTGAGTCACACT-1_3_1"
"482","AGTGTTGCAAGTGGTG-1_3_1"
"483","AGTTAGCGTAGACGGT-1_3_1"
"484","AGTTAGCTCGCAACAT-1_3_1"
"485","AGTTCGAAGTAACCTC-1_3_1"
"486","AGTTCGACAGTAGTTC-1_3_1"
"487","AGTTCGAGTAGTTCCA-1_3_1"
"488","AGTTCGAGTCGCTGCA-1_3_1"
"489","AGTTCGATCAAGTCTG-1_3_1"
"490","ATACCGAAGGTCTTTG-1_3_1"
"491","ATACCTTGTAACTAAG-1_3_1"
"492","ATACCTTGTCCAACGC-1_3_1"
"493","ATACTTCAGGACTTCT-1_3_1"
"494","ATACTTCCACAGCGCT-1_3_1"
"495","ATACTTCGTGATACTC-1_3_1"
"496","ATAGACCAGGTCCTGC-1_3_1"
"497","ATAGACCAGTGGATTA-1_3_1"
"498","ATAGACCCAGTTGTCA-1_3_1"
"499","ATAGACCTCGGCTATA-1_3_1"
"500","ATAGAGAGTAGCTGTT-1_3_1"
"501","ATAGAGATCAGCCTTC-1_3_1"
"502","ATAGGCTAGGAGGGTG-1_3_1"
"503","ATAGGCTCAACCCTCT-1_3_1"
"504","ATAGGCTCAATCTCGA-1_3_1"
"505","ATAGGCTGTTTGGGAG-1_3_1"
"506","ATAGGCTTCGGACCAC-1_3_1"
"507","ATATCCTAGACCATAA-1_3_1"
"508","ATATCCTAGTAGATCA-1_3_1"
"509","ATATCCTCAATTGGTC-1_3_1"
"510","ATATCCTTCCAAGGGA-1_3_1"
"511","ATATCCTTCTATGCCC-1_3_1"
"512","ATCACAGAGTGGAATT-1_3_1"
"513","ATCACGAAGAATCGTA-1_3_1"
"514","ATCACGATCTACTGCC-1_3_1"
"515","ATCACTTCACTTGACA-1_3_1"
"516","ATCACTTCAGACAAAT-1_3_1"
"517","ATCACTTCATGACACT-1_3_1"
"518","ATCACTTTCGTTAGTG-1_3_1"
"519","ATCAGGTAGCTGTGCC-1_3_1"
"520","ATCAGGTCACTCTGCT-1_3_1"
"521","ATCAGGTCAGAGGTTG-1_3_1"
"522","ATCAGGTCAGGTTACT-1_3_1"
"523","ATCAGGTTCCCTTCCC-1_3_1"
"524","ATCAGGTTCTCAGTCC-1_3_1"
"525","ATCATTCCACTGGCCA-1_3_1"
"526","ATCATTCCATCTGTTT-1_3_1"
"527","ATCATTCGTCCTACGG-1_3_1"
"528","ATCCACCGTAAGATCA-1_3_1"
"529","ATCCACCGTCCCTGTT-1_3_1"
"530","ATCCACCTCAGCAGAG-1_3_1"
"531","ATCCATTGTTATCTGG-1_3_1"
"532","ATCCATTTCCGTGACG-1_3_1"
"533","ATCCCTGAGCACTCTA-1_3_1"
"534","ATCCCTGCAAATGCTC-1_3_1"
"535","ATCCCTGGTTTGGGAG-1_3_1"
"536","ATCCCTGTCCCAGTGG-1_3_1"
"537","ATCCGTCAGATCACTC-1_3_1"
"538","ATCCGTCCAAACTGCT-1_3_1"
"539","ATCCGTCGTCCGAAAG-1_3_1"
"540","ATCCGTCGTCCTCAGG-1_3_1"
"541","ATCCTATCAACCGCCA-1_3_1"
"542","ATCCTATTCTACGCAA-1_3_1"
"543","ATCGATGCACGACGCT-1_3_1"
"544","ATCGATGGTTCATCTT-1_3_1"
"545","ATCGCCTAGTATTAGG-1_3_1"
"546","ATCGCCTGTCCACACG-1_3_1"
"547","ATCGGATAGTTAACGA-1_3_1"
"548","ATCGGATCAACGATTC-1_3_1"
"549","ATCGGATGTATCCCAA-1_3_1"
"550","ATCGGATTCCGCGAGT-1_3_1"
"551","ATCGGCGGTGCCGGTT-1_3_1"
"552","ATCGGCGTCGGAAACG-1_3_1"
"553","ATCGTAGCAACAGCTT-1_3_1"
"554","ATCGTAGCAAGAATGT-1_3_1"
"555","ATCGTAGGTAGGTCAG-1_3_1"
"556","ATCGTAGTCTGCGGCA-1_3_1"
"557","ATCGTCCAGATGCTGG-1_3_1"
"558","ATCGTCCCACGCAAAG-1_3_1"
"559","ATCGTCCCACGTCGGT-1_3_1"
"560","ATCGTCCGTAAGGAGA-1_3_1"
"561","ATCGTCCGTGTGAGCA-1_3_1"
"562","ATCTCTAAGAGGGCGA-1_3_1"
"563","ATCTCTACAACACAAA-1_3_1"
"564","ATCTCTACAGACACCC-1_3_1"
"565","ATCTCTAGTGCCTATA-1_3_1"
"566","ATCTCTATCCACGGAC-1_3_1"
"567","ATCTTCACATACTGTG-1_3_1"
"568","ATGAAAGAGAACTTCC-1_3_1"
"569","ATGAAAGAGGATAATC-1_3_1"
"570","ATGAAAGGTTGCGGAA-1_3_1"
"571","ATGAAAGTCAGTGGGA-1_3_1"
"572","ATGAAAGTCGGCTTGG-1_3_1"
"573","ATGAAAGTCTGAGAGG-1_3_1"
"574","ATGACCAAGTAATCCC-1_3_1"
"575","ATGACCACACTTCAAG-1_3_1"
"576","ATGACCAGTCACCGCA-1_3_1"
"577","ATGACCAGTGTGTACT-1_3_1"
"578","ATGACCATCCTTATAC-1_3_1"
"579","ATGAGGGGTTCACCGG-1_3_1"
"580","ATGAGTCAGAGCATAT-1_3_1"
"581","ATGAGTCCAAATGGAT-1_3_1"
"582","ATGAGTCCAACAGCCC-1_3_1"
"583","ATGAGTCCACAACATC-1_3_1"
"584","ATGAGTCCAGGTGTGA-1_3_1"
"585","ATGATCGAGCATGCGA-1_3_1"
"586","ATGATCGCATGTGCCG-1_3_1"
"587","ATGCATGCACCAAATC-1_3_1"
"588","ATGCATGTCTTAGCAG-1_3_1"
"589","ATGCCTCAGTAACGAT-1_3_1"
"590","ATGCCTCAGTGCGACA-1_3_1"
"591","ATGCCTCCAAGCGCTC-1_3_1"
"592","ATGCCTCCAAGTGGCA-1_3_1"
"593","ATGCCTCGTTGAGTCT-1_3_1"
"594","ATGCCTCTCGTAATGC-1_3_1"
"595","ATGCGATGTAGATTAG-1_3_1"
"596","ATGCGATGTCATCCGG-1_3_1"
"597","ATGCGATGTCCAGAAG-1_3_1"
"598","ATGCGATGTCTGTGCG-1_3_1"
"599","ATGCGATTCTTACTGT-1_3_1"
"600","ATGGAGGCAGTGTGCC-1_3_1"
"601","ATGGAGGGTAAGTCAA-1_3_1"
"602","ATGGAGGGTGACATCT-1_3_1"
"603","ATGGAGGGTTCCGGTG-1_3_1"
"604","ATGGATCCATATAGCC-1_3_1"
"605","ATGGATCTCGATTCCC-1_3_1"
"606","ATGGATCTCGTGGCGT-1_3_1"
"607","ATGGGTTAGGAATCGC-1_3_1"
"608","ATGGGTTAGGACAGCT-1_3_1"
"609","ATGGGTTGTAGTGATA-1_3_1"
"610","ATGGTTGTCTGCATAG-1_3_1"
"611","ATGTCCCAGACTTAAG-1_3_1"
"612","ATGTCCCCACTACGGC-1_3_1"
"613","ATGTCCCGTTCAGTAC-1_3_1"
"614","ATGTCTTGTGCTCCGA-1_3_1"
"615","ATGTCTTTCGCGGACT-1_3_1"
"616","ATTACCTCAGAAGCGT-1_3_1"
"617","ATTACCTTCCGGCAGT-1_3_1"
"618","ATTACCTTCGTTGTGA-1_3_1"
"619","ATTACTCAGTTCATGC-1_3_1"
"620","ATTATCCAGACATCAA-1_3_1"
"621","ATTATCCAGCGGCTCT-1_3_1"
"622","ATTATCCGTATGACAA-1_3_1"
"623","ATTATCCGTCAAGCGA-1_3_1"
"624","ATTATCCGTCGTCATA-1_3_1"
"625","ATTCACTCAAATGCTC-1_3_1"
"626","ATTCACTCAGTTGTTG-1_3_1"
"627","ATTCAGGGTCCGAAAG-1_3_1"
"628","ATTCAGGGTGATACAA-1_3_1"
"629","ATTCAGGTCCATAAGC-1_3_1"
"630","ATTCAGGTCCATACTT-1_3_1"
"631","ATTCATCCACGGCACT-1_3_1"
"632","ATTCATCCACTGTCGG-1_3_1"
"633","ATTCATCGTTAAGGGC-1_3_1"
"634","ATTCCATAGAATCCCT-1_3_1"
"635","ATTCCATCAACTTCTT-1_3_1"
"636","ATTCCATCAATCGAAA-1_3_1"
"637","ATTCCATCACAGCGCT-1_3_1"
"638","ATTCCATTCACATTGG-1_3_1"
"639","ATTCCCGAGTAGGATT-1_3_1"
"640","ATTCCCGGTTCTTGCC-1_3_1"
"641","ATTCCTAGTCGTGGAA-1_3_1"
"642","ATTCGTTCATCCTCAC-1_3_1"
"643","ATTCTACAGTAACGTA-1_3_1"
"644","ATTCTACCAATAGGAT-1_3_1"
"645","ATTCTACGTTCGGTTA-1_3_1"
"646","ATTCTACGTTTACTGG-1_3_1"
"647","ATTCTTGAGAAGTCAT-1_3_1"
"648","ATTCTTGAGTGTACCT-1_3_1"
"649","ATTGGGTCACCAGTTA-1_3_1"
"650","ATTGGGTCAGAATCGG-1_3_1"
"651","ATTGGGTGTAATCAGA-1_3_1"
"652","ATTGTTCAGCCTAACT-1_3_1"
"653","ATTGTTCAGCGGATCA-1_3_1"
"654","ATTGTTCGTACGCTAT-1_3_1"
"655","ATTTACCGTATCGCTA-1_3_1"
"656","ATTTACCTCTGCACCT-1_3_1"
"657","ATTTCACTCGTAACCA-1_3_1"
"658","ATTTCACTCTCAGTCC-1_3_1"
"659","ATTTCTGCAGACTCTA-1_3_1"
"660","ATTTCTGGTACAACGG-1_3_1"
"661","CAACAACAGGAGCTGT-1_3_1"
"662","CAACAACCAGACCTAT-1_3_1"
"663","CAACAACGTTATAGCC-1_3_1"
"664","CAACAACTCAACACCA-1_3_1"
"665","CAACAACTCAAGTAAG-1_3_1"
"666","CAACAACTCTTGTTAC-1_3_1"
"667","CAACAGTCACGCGCTA-1_3_1"
"668","CAACAGTGTTCCACAA-1_3_1"
"669","CAACAGTTCCCTCTTT-1_3_1"
"670","CAACCAAAGAGCTTTC-1_3_1"
"671","CAACCAACACGCGTGT-1_3_1"
"672","CAACCAACAGGTCCGT-1_3_1"
"673","CAACCAAGTAGGTCAG-1_3_1"
"674","CAACCAAGTGTGGTCC-1_3_1"
"675","CAACGATGTACAGGTG-1_3_1"
"676","CAACGATGTATGGAAT-1_3_1"
"677","CAACGGCTCCAAATGC-1_3_1"
"678","CAACGGCTCGGACAAG-1_3_1"
"679","CAACGGCTCTTAAGGC-1_3_1"
"680","CAAGACTAGCGTGCCT-1_3_1"
"681","CAAGACTGTATCGTAC-1_3_1"
"682","CAAGACTGTCGCGTCA-1_3_1"
"683","CAAGACTTCTAACACG-1_3_1"
"684","CAAGACTTCTTTCCAA-1_3_1"
"685","CAAGAGGAGCAGCGAT-1_3_1"
"686","CAAGAGGGTACCCACG-1_3_1"
"687","CAAGCTACATAGAATG-1_3_1"
"688","CAAGCTAGTCCACTTC-1_3_1"
"689","CAAGCTAGTTGGGACA-1_3_1"
"690","CAAGGGAGTATCGTTG-1_3_1"
"691","CAAGGGAGTGCGAACA-1_3_1"
"692","CAATACGAGAGGTTTA-1_3_1"
"693","CAATCGACAAGTGATA-1_3_1"
"694","CAATCGACACGCGTGT-1_3_1"
"695","CAATCGATCCGAAGGA-1_3_1"
"696","CAATCGATCCTAGCTC-1_3_1"
"697","CAATGACCATCGGCCA-1_3_1"
"698","CAATGACGTTTCGATG-1_3_1"
"699","CAATTTCCAGAATCGG-1_3_1"
"700","CAATTTCGTACGTGTT-1_3_1"
"701","CAATTTCGTCAAGGCA-1_3_1"
"702","CACAACAAGGGCAAGG-1_3_1"
"703","CACAACATCCGATGCG-1_3_1"
"704","CACAACATCTCAATCT-1_3_1"
"705","CACACAAAGTCCCGAC-1_3_1"
"706","CACACAAGTATACCTG-1_3_1"
"707","CACAGGCAGATAGCAT-1_3_1"
"708","CACAGGCGTGCCTAAT-1_3_1"
"709","CACAGGCGTTCTTAGG-1_3_1"
"710","CACAGGCTCCGGCAGT-1_3_1"
"711","CACATGAAGAATTGTG-1_3_1"
"712","CACCAAAAGCGTCTGC-1_3_1"
"713","CACCAAAAGTATTAGG-1_3_1"
"714","CACCAAATCTCCCAAC-1_3_1"
"715","CACCGTTGTATGTCCA-1_3_1"
"716","CACGAATCAGAAGTTA-1_3_1"
"717","CACGGGTAGGTGCTGA-1_3_1"
"718","CACGGGTCAAGCCCAC-1_3_1"
"719","CACGGGTCAGCAGAAC-1_3_1"
"720","CACGGGTGTTGGGCCT-1_3_1"
"721","CACGGGTTCTCCAATT-1_3_1"
"722","CACGTGGAGCAATTCC-1_3_1"
"723","CACGTGGAGTCCCGAC-1_3_1"
"724","CACGTGGTCAAAGAAC-1_3_1"
"725","CACGTTCAGATGTAGT-1_3_1"
"726","CACGTTCCAGCGGATA-1_3_1"
"727","CACGTTCTCGCCGATG-1_3_1"
"728","CACTAAGAGATTACCC-1_3_1"
"729","CACTAAGAGGGACTGT-1_3_1"
"730","CACTAAGCAGCGGTCT-1_3_1"
"731","CACTAAGTCAAGTTGC-1_3_1"
"732","CACTGAAAGCTACTAC-1_3_1"
"733","CACTGAAAGCTACTGT-1_3_1"
"734","CACTGAAAGGAGTATT-1_3_1"
"735","CACTGAAAGGGTTAAT-1_3_1"
"736","CACTGAACACTTTAGG-1_3_1"
"737","CACTGAAGTCTCAAGT-1_3_1"
"738","CACTGAATCACCACAA-1_3_1"
"739","CACTGAATCACTGCTC-1_3_1"
"740","CACTGGGCAAGGACAC-1_3_1"
"741","CACTGGGGTAGACAAT-1_3_1"
"742","CACTGGGGTGTGGACA-1_3_1"
"743","CACTGGGTCATACAGC-1_3_1"
"744","CACTGGGTCTCGCGTT-1_3_1"
"745","CACTGTCAGGTCTTTG-1_3_1"
"746","CACTTCGAGAATAACC-1_3_1"
"747","CACTTCGGTATGGTAA-1_3_1"
"748","CACTTCGTCAAAGACA-1_3_1"
"749","CACTTCGTCTTAGCCC-1_3_1"
"750","CAGAGCCAGCGTGTTT-1_3_1"
"751","CAGAGCCAGGACTTCT-1_3_1"
"752","CAGAGCCGTCCCTGTT-1_3_1"
"753","CAGAGCCGTCGTAATC-1_3_1"
"754","CAGAGCCGTTTGGCTA-1_3_1"
"755","CAGAGCCTCCTTATAC-1_3_1"
"756","CAGATACAGCACGTCC-1_3_1"
"757","CAGATACAGCATGATA-1_3_1"
"758","CAGATACGTTGGACTT-1_3_1"
"759","CAGATACTCGCAGTCG-1_3_1"
"760","CAGATCAAGTGCGCTC-1_3_1"
"761","CAGATCACAGCGTACC-1_3_1"
"762","CAGATTGAGAGCAGAA-1_3_1"
"763","CAGATTGAGTGAGTTA-1_3_1"
"764","CAGATTGTCATGCTAG-1_3_1"
"765","CAGATTGTCGAATGCT-1_3_1"
"766","CAGCAATAGCAAGCCA-1_3_1"
"767","CAGCAATCAACTGAAA-1_3_1"
"768","CAGCAATCACGTACTA-1_3_1"
"769","CAGCAATCATCTGTTT-1_3_1"
"770","CAGCAATGTGCCTTCT-1_3_1"
"771","CAGCAATTCACTGAAC-1_3_1"
"772","CAGCAATTCCTAGCGG-1_3_1"
"773","CAGCACGAGACACACG-1_3_1"
"774","CAGCACGAGGTGCTAG-1_3_1"
"775","CAGCACGCACAGAAGC-1_3_1"
"776","CAGCACGCAGTAGAGC-1_3_1"
"777","CAGCACGCAGTGAGCA-1_3_1"
"778","CAGCAGCCACACTGGC-1_3_1"
"779","CAGCCAGCACCTTCCA-1_3_1"
"780","CAGCCAGCAGTCGGTC-1_3_1"
"781","CAGCGTGAGGTTCAGG-1_3_1"
"782","CAGCGTGAGTGGCGAT-1_3_1"
"783","CAGCGTGGTTCAGGTT-1_3_1"
"784","CAGCGTGTCCCTATTA-1_3_1"
"785","CAGGCCAGTTGGACCC-1_3_1"
"786","CAGGCCAGTTGTTTGG-1_3_1"
"787","CAGGCCAGTTTACACG-1_3_1"
"788","CAGGGCTAGAAGATCT-1_3_1"
"789","CAGGGCTCACTAGGTT-1_3_1"
"790","CAGGGCTGTAACACCT-1_3_1"
"791","CAGGTATAGAACCCGA-1_3_1"
"792","CAGGTATAGAGGATCC-1_3_1"
"793","CAGTGCGAGCAGCCCT-1_3_1"
"794","CAGTGCGCAGGCGATA-1_3_1"
"795","CAGTGCGGTTAGAGAT-1_3_1"
"796","CAGTGCGTCGCTTGCT-1_3_1"
"797","CAGTTAGAGCGAGAAA-1_3_1"
"798","CAGTTAGAGTAACAGT-1_3_1"
"799","CAGTTAGGTGAATATG-1_3_1"
"800","CAGTTAGTCATCTACT-1_3_1"
"801","CAGTTAGTCTAGTCAG-1_3_1"
"802","CAGTTCCTCGAGTGAG-1_3_1"
"803","CATAAGCAGCATGTTC-1_3_1"
"804","CATAAGCTCCACGGAC-1_3_1"
"805","CATACCCCATCCAACA-1_3_1"
"806","CATACCCGTAGACTGG-1_3_1"
"807","CATACCCTCAAACGTC-1_3_1"
"808","CATACTTAGTTGAATG-1_3_1"
"809","CATACTTCAGCAGTGA-1_3_1"
"810","CATAGACTCTTGCAGA-1_3_1"
"811","CATCAAGAGCACCCAC-1_3_1"
"812","CATCAAGGTAGACTGG-1_3_1"
"813","CATCCACCAGTAACAA-1_3_1"
"814","CATCCACCATGTGCCG-1_3_1"
"815","CATCCACCATTGTACG-1_3_1"
"816","CATCCACGTCACAATC-1_3_1"
"817","CATCCACGTCGAATTC-1_3_1"
"818","CATCCACGTTGGAGGT-1_3_1"
"819","CATCCCAAGAAGGGAT-1_3_1"
"820","CATCCCAAGGCAGGGA-1_3_1"
"821","CATCCGTAGGCAGCTA-1_3_1"
"822","CATCCGTAGGTTGCCC-1_3_1"
"823","CATCCGTCACAAAGTA-1_3_1"
"824","CATCCGTGTACACTCA-1_3_1"
"825","CATCGCTGTCACCGCA-1_3_1"
"826","CATCGCTGTCGATTCA-1_3_1"
"827","CATCGCTTCAGTCATG-1_3_1"
"828","CATCGGGCAAGCCCAC-1_3_1"
"829","CATCGGGCACAACGAG-1_3_1"
"830","CATCGTCAGGTGATAT-1_3_1"
"831","CATCGTCTCGTTTACT-1_3_1"
"832","CATGAGTGTTAGAAGT-1_3_1"
"833","CATGAGTTCCTGTTGC-1_3_1"
"834","CATGCAAAGTAACAGT-1_3_1"
"835","CATGCAACACGGGTAA-1_3_1"
"836","CATGCAAGTTTGTGGT-1_3_1"
"837","CATGCCTCAGGAATCG-1_3_1"
"838","CATGCCTGTCGCTTAA-1_3_1"
"839","CATGCCTTCATCGCCT-1_3_1"
"840","CATGCCTTCTGGCCGA-1_3_1"
"841","CATGCGGAGAGGTTAT-1_3_1"
"842","CATGCGGCATTGAGGG-1_3_1"
"843","CATGCGGGTATACAGA-1_3_1"
"844","CATGCGGTCCAAGCCG-1_3_1"
"845","CATGCTCAGGTGTGAC-1_3_1"
"846","CATGCTCCAGGTGGAT-1_3_1"
"847","CATGGATAGAGCCCAA-1_3_1"
"848","CATGGATAGGGACAGG-1_3_1"
"849","CATGGATGTTTATGCG-1_3_1"
"850","CATGGATTCAAGTCTG-1_3_1"
"851","CATGGTAAGCGTGCTC-1_3_1"
"852","CATGGTAAGCTGTTCA-1_3_1"
"853","CATGGTACAACGGCTC-1_3_1"
"854","CATGGTAGTACCGGCT-1_3_1"
"855","CATTCATAGTTCCAGT-1_3_1"
"856","CATTCATCAAACTCGT-1_3_1"
"857","CATTCATCAACACTAC-1_3_1"
"858","CATTCATCACATATGC-1_3_1"
"859","CATTCCGAGTTTCGAC-1_3_1"
"860","CATTCCGGTCAGACGA-1_3_1"
"861","CATTCCGTCGTAGTCA-1_3_1"
"862","CATTCTAGTAACCCTA-1_3_1"
"863","CATTCTAGTATTGGCT-1_3_1"
"864","CATTCTAGTCGTTGGC-1_3_1"
"865","CATTCTAGTTGCGTAT-1_3_1"
"866","CATTCTATCTCAACCC-1_3_1"
"867","CATTGAGAGCACCAGA-1_3_1"
"868","CATTGAGAGTTGCTGT-1_3_1"
"869","CATTGAGGTACGAAAT-1_3_1"
"870","CATTGCCAGGAGTATT-1_3_1"
"871","CATTGCCAGGCTTAGG-1_3_1"
"872","CATTGCCAGTAGAGTT-1_3_1"
"873","CATTGCCCACTAGTAC-1_3_1"
"874","CATTGCCCAGGTTCCG-1_3_1"
"875","CATTGTTGTTCCCACT-1_3_1"
"876","CATTGTTTCATGGAGG-1_3_1"
"877","CATTTCAAGGAGTCTG-1_3_1"
"878","CATTTCACACCTCGTT-1_3_1"
"879","CATTTCACATGTGCTA-1_3_1"
"880","CCAAGCGAGTGCGACA-1_3_1"
"881","CCAAGCGCAAGCGATG-1_3_1"
"882","CCAAGCGCATAATGCC-1_3_1"
"883","CCAAGCGTCCGATAAC-1_3_1"
"884","CCAAGCGTCTAACACG-1_3_1"
"885","CCAATGAAGGCGTTGA-1_3_1"
"886","CCAATGAGTATCAGGG-1_3_1"
"887","CCAATGATCCGGCAAC-1_3_1"
"888","CCAATGATCTCGCGTT-1_3_1"
"889","CCAATTTAGGTTTGAA-1_3_1"
"890","CCAATTTGTTAGAAAC-1_3_1"
"891","CCACAAAAGAGTGTGC-1_3_1"
"892","CCACAAAAGTTGGAAT-1_3_1"
"893","CCACAAACAAAGACGC-1_3_1"
"894","CCACAAACACAGTACT-1_3_1"
"895","CCACAAACACATCATG-1_3_1"
"896","CCACAAACAGCGGTTC-1_3_1"
"897","CCACAAATCCGTGGGT-1_3_1"
"898","CCACACTCAACAGCTT-1_3_1"
"899","CCACACTCACAGTGAG-1_3_1"
"900","CCACACTCATCCTCAC-1_3_1"
"901","CCACACTGTGGCACTC-1_3_1"
"902","CCACACTTCAGCCCAG-1_3_1"
"903","CCACCATGTGGCCTCA-1_3_1"
"904","CCACCATGTTGCGTAT-1_3_1"
"905","CCACCATTCGCCAGAC-1_3_1"
"906","CCACGAGAGGGTGGGA-1_3_1"
"907","CCACGAGAGTAGGGTC-1_3_1"
"908","CCACGAGCAGTAGTGG-1_3_1"
"909","CCACGAGGTCTACGAT-1_3_1"
"910","CCACGTTAGATTGACA-1_3_1"
"911","CCACGTTCAACCACAT-1_3_1"
"912","CCACGTTTCACCTTAT-1_3_1"
"913","CCACTTGAGACACACG-1_3_1"
"914","CCACTTGCACGTACTA-1_3_1"
"915","CCACTTGCAGCTTTGA-1_3_1"
"916","CCACTTGTCCTAGCCT-1_3_1"
"917","CCACTTGTCTTAAGGC-1_3_1"
"918","CCATAAGGTCCTCAGG-1_3_1"
"919","CCATAAGTCATTTCGT-1_3_1"
"920","CCATCACAGGATGTTA-1_3_1"
"921","CCATCACGTGAAGCTG-1_3_1"
"922","CCATCACTCGCCTCTA-1_3_1"
"923","CCCAACTAGAGTTGAT-1_3_1"
"924","CCCAACTCATTCACCC-1_3_1"
"925","CCCATTGGTTAAAGTG-1_3_1"
"926","CCCGAAGTCCACTAGA-1_3_1"
"927","CCCGAAGTCGGATTAC-1_3_1"
"928","CCCGAAGTCGTGCATA-1_3_1"
"929","CCCGGAAAGAGTGTGC-1_3_1"
"930","CCCGGAAGTGCTCTCT-1_3_1"
"931","CCCTAACTCGAAGTGG-1_3_1"
"932","CCCTAACTCTGACAGT-1_3_1"
"933","CCCTAACTCTGTGCTC-1_3_1"
"934","CCCTCTCAGGTAGATT-1_3_1"
"935","CCCTGATAGGAAGTAG-1_3_1"
"936","CCCTGATTCACCGGGT-1_3_1"
"937","CCCTTAGAGAAGGTAG-1_3_1"
"938","CCCTTAGAGTATGGCG-1_3_1"
"939","CCCTTAGGTACCCAGC-1_3_1"
"940","CCCTTAGGTTGTCAGT-1_3_1"
"941","CCGAACGAGAATAGTC-1_3_1"
"942","CCGAACGCAAGTTGGG-1_3_1"
"943","CCGAACGGTCGTTTCC-1_3_1"
"944","CCGATCTGTCCCTAAA-1_3_1"
"945","CCGATCTTCTTACTGT-1_3_1"
"946","CCGATGGTCTGTGCTC-1_3_1"
"947","CCGCAAGGTCAAAGAT-1_3_1"
"948","CCGGACACAACGCCCA-1_3_1"
"949","CCGGACACATGAGAAT-1_3_1"
"950","CCGGACAGTCAGACTT-1_3_1"
"951","CCGGACAGTTACCTGA-1_3_1"
"952","CCGGACATCAATCAGC-1_3_1"
"953","CCGGGTAAGACACACG-1_3_1"
"954","CCGGGTACAGCTCTGG-1_3_1"
"955","CCGGGTACAGGGATAC-1_3_1"
"956","CCGGTAGAGCAGGCTA-1_3_1"
"957","CCGGTAGAGCTATCCA-1_3_1"
"958","CCGGTAGGTGCATTTG-1_3_1"
"959","CCGGTGAAGACCAGCA-1_3_1"
"960","CCGGTGAGTGCCTATA-1_3_1"
"961","CCGGTGAGTGGATCAG-1_3_1"
"962","CCGGTGATCCCGTGTT-1_3_1"
"963","CCGTAGGAGAGGTGCT-1_3_1"
"964","CCGTAGGAGCGCACAA-1_3_1"
"965","CCGTAGGCACCAGCCA-1_3_1"
"966","CCGTAGGCATTCGATG-1_3_1"
"967","CCGTGAGTCCACTTTA-1_3_1"
"968","CCGTTCAAGAATTGTG-1_3_1"
"969","CCGTTCACATACCAGT-1_3_1"
"970","CCTAACCGTGCTCCGA-1_3_1"
"971","CCTAAGAGTACTTCCC-1_3_1"
"972","CCTAAGAGTTCTGAGT-1_3_1"
"973","CCTAAGATCGGCCAAC-1_3_1"
"974","CCTAAGATCTTCTTCC-1_3_1"
"975","CCTATCGAGAGTTGAT-1_3_1"
"976","CCTATCGAGCGATGAC-1_3_1"
"977","CCTCAACGTATAATGG-1_3_1"
"978","CCTCACAAGCCAGAGT-1_3_1"
"979","CCTCACAGTAGCGATG-1_3_1"
"980","CCTCAGTAGCCTCACG-1_3_1"
"981","CCTCATGCAAGAGTTA-1_3_1"
"982","CCTCCAAAGTCATTGC-1_3_1"
"983","CCTCCAAGTGACCGAA-1_3_1"
"984","CCTCCAATCATGTCAG-1_3_1"
"985","CCTCCAATCCCATTCG-1_3_1"
"986","CCTCTAGAGTGCACAG-1_3_1"
"987","CCTCTAGAGTTGGCGA-1_3_1"
"988","CCTCTCCTCCTTCACG-1_3_1"
"989","CCTCTCCTCGGTTAGT-1_3_1"
"990","CCTGCATGTTGCATAC-1_3_1"
"991","CCTGCATTCCTACTGC-1_3_1"
"992","CCTGTTGAGGACACTG-1_3_1"
"993","CCTGTTGGTACCCACG-1_3_1"
"994","CCTTGTGCACTTGGCG-1_3_1"
"995","CCTTGTGCAGTCGCTG-1_3_1"
"996","CCTTGTGGTCATCGCG-1_3_1"
"997","CCTTGTGGTGGACTGA-1_3_1"
"998","CCTTGTGGTTTAGACC-1_3_1"
"999","CCTTGTGTCCCTAGGG-1_3_1"
"1000","CCTTGTGTCCGTATAG-1_3_1"
"1001","CCTTTGGAGCCATTTG-1_3_1"
"1002","CCTTTGGAGTTGTCGT-1_3_1"
"1003","CCTTTGGCAACGTAAA-1_3_1"
"1004","CCTTTGGTCCTTCTAA-1_3_1"
"1005","CGAAGGAAGTGCAAAT-1_3_1"
"1006","CGAAGGAAGTGCTAGG-1_3_1"
"1007","CGAAGGACAAAGCTCT-1_3_1"
"1008","CGAAGGACACTCCACT-1_3_1"
"1009","CGAAGGATCCGTAGTA-1_3_1"
"1010","CGAAGTTGTCACGCTG-1_3_1"
"1011","CGAATTGAGCGTGAAC-1_3_1"
"1012","CGAATTGCACCAGTAT-1_3_1"
"1013","CGAATTGCAGGTCCGT-1_3_1"
"1014","CGAATTGGTATTGGCT-1_3_1"
"1015","CGACAGCAGGGTAATT-1_3_1"
"1016","CGACAGCTCGATTGGT-1_3_1"
"1017","CGAGGAACACAATGTC-1_3_1"
"1018","CGAGGAACAGACCCGT-1_3_1"
"1019","CGAGGAACAGTATTCG-1_3_1"
"1020","CGAGGAAGTACGGTTT-1_3_1"
"1021","CGAGGAAGTCTGTCCT-1_3_1"
"1022","CGAGGAAGTGATTGGG-1_3_1"
"1023","CGAGGAAGTGGCTTAT-1_3_1"
"1024","CGAGGAATCCTCCACA-1_3_1"
"1025","CGAGGCTAGATGAATC-1_3_1"
"1026","CGAGGCTAGCGACCCT-1_3_1"
"1027","CGAGTGCCATTACTCT-1_3_1"
"1028","CGAGTGCTCATGCTAG-1_3_1"
"1029","CGAGTTAAGATGACAT-1_3_1"
"1030","CGAGTTAAGGAAGAAC-1_3_1"
"1031","CGAGTTACAAACTCTG-1_3_1"
"1032","CGAGTTAGTATGTCCA-1_3_1"
"1033","CGAGTTAGTTCGGTTA-1_3_1"
"1034","CGATCGGAGTGAGGTC-1_3_1"
"1035","CGATCGGCACTAACCA-1_3_1"
"1036","CGATCGGGTCGTGCCA-1_3_1"
"1037","CGATGCGGTATCGCGC-1_3_1"
"1038","CGATGCGTCTCATTTG-1_3_1"
"1039","CGATGGCAGGTATTGA-1_3_1"
"1040","CGATGGCTCGAGGCAA-1_3_1"
"1041","CGATGGCTCTCGCGTT-1_3_1"
"1042","CGCAGGTAGAGTCTGG-1_3_1"
"1043","CGCAGGTCAGAGAATT-1_3_1"
"1044","CGCAGGTGTTACCGTA-1_3_1"
"1045","CGCATAAAGTTACGTC-1_3_1"
"1046","CGCATAACACCGGTCA-1_3_1"
"1047","CGCATAACAGCGTGAA-1_3_1"
"1048","CGCATAATCATGCGGC-1_3_1"
"1049","CGCATGGAGATGGCGT-1_3_1"
"1050","CGCATGGAGTAGTGCG-1_3_1"
"1051","CGCATGGCAAACGAGC-1_3_1"
"1052","CGCATGGCATCGCTCT-1_3_1"
"1053","CGCATGGCATGATAGA-1_3_1"
"1054","CGCATGGGTCATCTAG-1_3_1"
"1055","CGCATGGTCGAGATAA-1_3_1"
"1056","CGCCAGACACACGTGC-1_3_1"
"1057","CGCCAGACACCCAATA-1_3_1"
"1058","CGCCAGACAGAACTAA-1_3_1"
"1059","CGCCATTAGCTCATAC-1_3_1"
"1060","CGCCATTAGGAACTCG-1_3_1"
"1061","CGCCATTGTAACCCTA-1_3_1"
"1062","CGCCATTGTACGATCT-1_3_1"
"1063","CGCCATTGTGCAAGAC-1_3_1"
"1064","CGCCATTGTTCTCGTC-1_3_1"
"1065","CGCGTGACAGTAACAA-1_3_1"
"1066","CGCGTGAGTAGATTAG-1_3_1"
"1067","CGCGTGAGTGGCCCAT-1_3_1"
"1068","CGCGTGATCTAGATCG-1_3_1"
"1069","CGGAACCAGGTCTTTG-1_3_1"
"1070","CGGAACCGTGTCCAAT-1_3_1"
"1071","CGGAATTCAATACGCT-1_3_1"
"1072","CGGAATTCATGGATCT-1_3_1"
"1073","CGGAATTGTTATGTCG-1_3_1"
"1074","CGGAATTTCTACCAGA-1_3_1"
"1075","CGGACACAGATGAAGG-1_3_1"
"1076","CGGACACAGGGTCAAC-1_3_1"
"1077","CGGACACTCACTCCGT-1_3_1"
"1078","CGGAGAAGTTAGCTAC-1_3_1"
"1079","CGGAGAAGTTGTGCCG-1_3_1"
"1080","CGGAGAATCATCCTAT-1_3_1"
"1081","CGGGACTAGATACATG-1_3_1"
"1082","CGGGACTCAACACTAC-1_3_1"
"1083","CGGGACTCAACCTAAC-1_3_1"
"1084","CGGGACTTCTGCGTCT-1_3_1"
"1085","CGGGACTTCTTCTCAA-1_3_1"
"1086","CGGGTCAAGACTGGGT-1_3_1"
"1087","CGGGTCAGTAACTGCT-1_3_1"
"1088","CGGGTCAGTACCGTCG-1_3_1"
"1089","CGGGTCATCAATCGGT-1_3_1"
"1090","CGGGTGTAGGCGAACT-1_3_1"
"1091","CGGGTGTCACCGTACG-1_3_1"
"1092","CGGGTGTGTACACGTT-1_3_1"
"1093","CGGGTGTGTCTACAAC-1_3_1"
"1094","CGGTCAGAGGTGCCAA-1_3_1"
"1095","CGGTCAGTCCCGAATA-1_3_1"
"1096","CGGTCAGTCGCATTGA-1_3_1"
"1097","CGTAAGTGTCAAGTTC-1_3_1"
"1098","CGTAAGTGTTAGGCTT-1_3_1"
"1099","CGTAGTAAGGGCAGGA-1_3_1"
"1100","CGTAGTATCGCACTCT-1_3_1"
"1101","CGTCAAAAGGAACGAA-1_3_1"
"1102","CGTCCATTCAGCTGAT-1_3_1"
"1103","CGTCCATTCGTTGCCT-1_3_1"
"1104","CGTGATAAGACATAAC-1_3_1"
"1105","CGTGATACAGCTGTAT-1_3_1"
"1106","CGTGATAGTTCAGGTT-1_3_1"
"1107","CGTGATAGTTCTGAGT-1_3_1"
"1108","CGTGATAGTTTGGGTT-1_3_1"
"1109","CGTGATATCAACACGT-1_3_1"
"1110","CGTGCTTAGCATGTTC-1_3_1"
"1111","CGTGTCTAGCTGACCC-1_3_1"
"1112","CGTGTCTAGTTGAATG-1_3_1"
"1113","CGTGTCTGTACTCAAC-1_3_1"
"1114","CGTGTCTGTAGGCAAC-1_3_1"
"1115","CGTTAGAAGAGGATCC-1_3_1"
"1116","CGTTAGAAGCTGAGTG-1_3_1"
"1117","CGTTAGAGTCCTACGG-1_3_1"
"1118","CGTTAGATCAAGTGGG-1_3_1"
"1119","CGTTCTGAGCCACTCG-1_3_1"
"1120","CGTTGGGAGAGGTTTA-1_3_1"
"1121","CGTTGGGGTCAAGCCC-1_3_1"
"1122","CGTTGGGGTGATCATC-1_3_1"
"1123","CTAACCCCAGTTGCGC-1_3_1"
"1124","CTAACCCGTGCATTTG-1_3_1"
"1125","CTAACTTAGCAGTAAT-1_3_1"
"1126","CTAACTTCATCCTCAC-1_3_1"
"1127","CTAACTTGTTTCCCAC-1_3_1"
"1128","CTAAGTGAGATAACGT-1_3_1"
"1129","CTAAGTGTCTTCACGC-1_3_1"
"1130","CTACAGACACACAGCC-1_3_1"
"1131","CTACAGAGTCAGACTT-1_3_1"
"1132","CTACAGATCGCCTCTA-1_3_1"
"1133","CTACATTAGTAGACAT-1_3_1"
"1134","CTACATTCAATGGCAG-1_3_1"
"1135","CTACATTTCTTGGTGA-1_3_1"
"1136","CTACCCACAATAACCC-1_3_1"
"1137","CTACCCACACGCGGTT-1_3_1"
"1138","CTACCCAGTGGTTTAC-1_3_1"
"1139","CTACCCATCAACTTTC-1_3_1"
"1140","CTACCCATCTCGGTAA-1_3_1"
"1141","CTACCTGAGCCTTTGA-1_3_1"
"1142","CTACCTGAGTGCACCC-1_3_1"
"1143","CTACCTGCAAAGCAAT-1_3_1"
"1144","CTACCTGTCTGCCCTA-1_3_1"
"1145","CTACGGGCAAATTGGA-1_3_1"
"1146","CTACGGGCATCTAACG-1_3_1"
"1147","CTACGGGCATTGCTGA-1_3_1"
"1148","CTACGGGTCCTTGAAG-1_3_1"
"1149","CTACGGGTCGCCGATG-1_3_1"
"1150","CTAGACAAGCGACTAG-1_3_1"
"1151","CTAGACAAGGCATCTT-1_3_1"
"1152","CTAGACAAGTAAACGT-1_3_1"
"1153","CTAGACACAACTCCAA-1_3_1"
"1154","CTAGACACATTGGGAG-1_3_1"
"1155","CTAGACATCGAACCAT-1_3_1"
"1156","CTAGGTAAGCTCCGAC-1_3_1"
"1157","CTAGGTACACGACTAT-1_3_1"
"1158","CTATAGGAGGAGTCTG-1_3_1"
"1159","CTATAGGGTGGGTATG-1_3_1"
"1160","CTATAGGTCGGACCAC-1_3_1"
"1161","CTATCCGAGCATGTTC-1_3_1"
"1162","CTATCTAGTCTTGCTC-1_3_1"
"1163","CTATCTATCCTTATAC-1_3_1"
"1164","CTCAACCCACGCTGTG-1_3_1"
"1165","CTCAACCGTAATTAGG-1_3_1"
"1166","CTCAACCTCAAGTGTC-1_3_1"
"1167","CTCAACCTCACGGACC-1_3_1"
"1168","CTCAACCTCCTACGGG-1_3_1"
"1169","CTCAACCTCGCGTGAC-1_3_1"
"1170","CTCAAGAGTGCAACGA-1_3_1"
"1171","CTCAAGATCTTAGCCC-1_3_1"
"1172","CTCAATTAGACAACAT-1_3_1"
"1173","CTCAATTCATCTCATT-1_3_1"
"1174","CTCACTGCAAAGGCTG-1_3_1"
"1175","CTCACTGCATCGCTCT-1_3_1"
"1176","CTCAGAAAGAGTCAAT-1_3_1"
"1177","CTCAGGGAGCTCCGAC-1_3_1"
"1178","CTCAGGGCAAGTCGTT-1_3_1"
"1179","CTCAGGGCACGCTGTG-1_3_1"
"1180","CTCAGGGGTGCAAGAC-1_3_1"
"1181","CTCAGGGTCTGCTTTA-1_3_1"
"1182","CTCAGTCAGACTACGG-1_3_1"
"1183","CTCAGTCCACGGTGAA-1_3_1"
"1184","CTCAGTCGTCGTGATT-1_3_1"
"1185","CTCATCGAGTTCGCAT-1_3_1"
"1186","CTCATCGCAAGGTCGA-1_3_1"
"1187","CTCATCGGTGACTGAG-1_3_1"
"1188","CTCATCGTCCTGGCTT-1_3_1"
"1189","CTCATGCTCCCGTGAG-1_3_1"
"1190","CTCATTACAAATGGCG-1_3_1"
"1191","CTCATTAGTACTTCCC-1_3_1"
"1192","CTCATTAGTCACCGCA-1_3_1"
"1193","CTCATTAGTGGAACAC-1_3_1"
"1194","CTCATTATCCATTCGC-1_3_1"
"1195","CTCATTATCTTCCTAA-1_3_1"
"1196","CTCCAACAGGACGCAT-1_3_1"
"1197","CTCCACAGTTCACCGG-1_3_1"
"1198","CTCCATGAGGTGGTTG-1_3_1"
"1199","CTCCATGCATGGTGGA-1_3_1"
"1200","CTCCATGGTCTTCTAT-1_3_1"
"1201","CTCCATGTCACCGCTT-1_3_1"
"1202","CTCCCAACATACAGAA-1_3_1"
"1203","CTCCCAAGTAGTCCTA-1_3_1"
"1204","CTCCCAAGTCATAACC-1_3_1"
"1205","CTCCCAAGTTAAGGGC-1_3_1"
"1206","CTCCCAATCCATTGGA-1_3_1"
"1207","CTCCCTCAGGTTCCGC-1_3_1"
"1208","CTCCCTCCACAAGTGG-1_3_1"
"1209","CTCCCTCCATCCTGTC-1_3_1"
"1210","CTCCCTCTCCTACACC-1_3_1"
"1211","CTCCGATAGCACTCAT-1_3_1"
"1212","CTCCGATAGGTGCTAG-1_3_1"
"1213","CTCCGATGTGTTTACG-1_3_1"
"1214","CTCCGATGTTTGTTCT-1_3_1"
"1215","CTCCGATTCGTACCTC-1_3_1"
"1216","CTCCTCCAGACGTCGA-1_3_1"
"1217","CTCCTCCAGCAGCAGT-1_3_1"
"1218","CTCCTCCCAGCTATTG-1_3_1"
"1219","CTCCTTTGTAACTGCT-1_3_1"
"1220","CTCCTTTGTCTAGGTT-1_3_1"
"1221","CTCGAGGGTAGGTACG-1_3_1"
"1222","CTCGAGGTCCCTCTCC-1_3_1"
"1223","CTCTCAGCAGTATTCG-1_3_1"
"1224","CTCTCAGGTCGCGGTT-1_3_1"
"1225","CTCTCAGGTCTCACAA-1_3_1"
"1226","CTCTCAGTCGCTTGCT-1_3_1"
"1227","CTCTCGAAGGAAACGA-1_3_1"
"1228","CTCTCGAGTATGATCC-1_3_1"
"1229","CTCTCGATCAGCTAGT-1_3_1"
"1230","CTGAATGAGAGCCGAT-1_3_1"
"1231","CTGAATGCATCGGAGA-1_3_1"
"1232","CTGAATGCATGACTAC-1_3_1"
"1233","CTGAGCGCACCGTCGA-1_3_1"
"1234","CTGAGGCCAATTAGGA-1_3_1"
"1235","CTGAGGCTCGTAGCCG-1_3_1"
"1236","CTGAGGCTCTAAGGAA-1_3_1"
"1237","CTGATCCGTATGCGGA-1_3_1"
"1238","CTGATCCGTCTAATCG-1_3_1"
"1239","CTGATCCTCGAACACT-1_3_1"
"1240","CTGCAGGAGACACACG-1_3_1"
"1241","CTGCAGGAGAGTACCG-1_3_1"
"1242","CTGCAGGCAAAGGGTC-1_3_1"
"1243","CTGCAGGTCATGACAC-1_3_1"
"1244","CTGCAGGTCTGGGTCG-1_3_1"
"1245","CTGCATCAGACTTCGT-1_3_1"
"1246","CTGCATCAGAGAGGTA-1_3_1"
"1247","CTGCATCTCAGGTGTT-1_3_1"
"1248","CTGCCATCAATTGCAC-1_3_1"
"1249","CTGCCATCACTTGTGA-1_3_1"
"1250","CTGCCATGTATCAGGG-1_3_1"
"1251","CTGCCATGTCACAATC-1_3_1"
"1252","CTGCCTAAGGATACAT-1_3_1"
"1253","CTGCCTAGTCGCACAC-1_3_1"
"1254","CTGCCTATCCTAGCTC-1_3_1"
"1255","CTGCGAGAGGAAAGAC-1_3_1"
"1256","CTGCGAGCATTGCTGA-1_3_1"
"1257","CTGCTCACAACTTCTT-1_3_1"
"1258","CTGCTCAGTAAGCAAT-1_3_1"
"1259","CTGCTCATCTTTGATC-1_3_1"
"1260","CTGGACGGTCGCTTAA-1_3_1"
"1261","CTGGCAGAGGCCTGAA-1_3_1"
"1262","CTGGCAGCACTACCCT-1_3_1"
"1263","CTGGCAGGTTCGTGCG-1_3_1"
"1264","CTGGCAGTCAAGGACG-1_3_1"
"1265","CTGGTCTTCATGCCCT-1_3_1"
"1266","CTGGTCTTCGACATCA-1_3_1"
"1267","CTGTACCGTCAGTCCG-1_3_1"
"1268","CTGTACCGTGAATTAG-1_3_1"
"1269","CTGTACCTCTACTCAT-1_3_1"
"1270","CTGTATTAGGCCTGCT-1_3_1"
"1271","CTGTATTCAACCGCTG-1_3_1"
"1272","CTGTATTCAAGCGGAT-1_3_1"
"1273","CTGTATTGTTGCGAAG-1_3_1"
"1274","CTGTATTTCCACTGAA-1_3_1"
"1275","CTGTATTTCTAAGCCA-1_3_1"
"1276","CTGTCGTCAACGTAAA-1_3_1"
"1277","CTGTCGTCATGACCCG-1_3_1"
"1278","CTGTGAAAGCTCCATA-1_3_1"
"1279","CTGTGAAGTCCAGCAC-1_3_1"
"1280","CTGTGAAGTCTTACTT-1_3_1"
"1281","CTGTGAAGTTGTGTAC-1_3_1"
"1282","CTGTGAATCAGCATTG-1_3_1"
"1283","CTGTGAATCCGACATA-1_3_1"
"1284","CTGTGGGCAAATCAGA-1_3_1"
"1285","CTGTGGGCAAGAGTAT-1_3_1"
"1286","CTGTGGGCACTGAGGA-1_3_1"
"1287","CTGTGGGCACTTCAGA-1_3_1"
"1288","CTGTGGGTCCCTCGTA-1_3_1"
"1289","CTTACCGAGTTCAACC-1_3_1"
"1290","CTTACCGCAGGTACGA-1_3_1"
"1291","CTTACCGTCGCGCTGA-1_3_1"
"1292","CTTACCGTCTATCGGA-1_3_1"
"1293","CTTAGGAAGAGCCCAA-1_3_1"
"1294","CTTAGGAAGTACCGGA-1_3_1"
"1295","CTTCAATAGGCCTAGA-1_3_1"
"1296","CTTCAATGTCGGAAAC-1_3_1"
"1297","CTTCCGACAGTGCCTG-1_3_1"
"1298","CTTCCTTAGGAGGTTC-1_3_1"
"1299","CTTCCTTCAGAAGCGT-1_3_1"
"1300","CTTCCTTTCTGCTTAT-1_3_1"
"1301","CTTCGGTCATGGGAAC-1_3_1"
"1302","CTTCGGTTCTAGCATG-1_3_1"
"1303","CTTCTAACAATGCTCA-1_3_1"
"1304","CTTCTAAGTCAACCAT-1_3_1"
"1305","CTTCTAATCAGCTTCC-1_3_1"
"1306","CTTGAGAAGACGAGCT-1_3_1"
"1307","CTTGAGATCCATGCAA-1_3_1"
"1308","CTTGATTCATCGGAAG-1_3_1"
"1309","CTTTCAACATGACAGG-1_3_1"
"1310","CTTTCAATCCCTGTTG-1_3_1"
"1311","CTTTCGGGTGTGATGG-1_3_1"
"1312","CTTTCGGTCTCGGTCT-1_3_1"
"1313","GAAACCTAGACATAAC-1_3_1"
"1314","GAAACCTCAACCTAAC-1_3_1"
"1315","GAAACCTGTTTGGAGG-1_3_1"
"1316","GAAACCTTCGATTCCC-1_3_1"
"1317","GAAACCTTCGCTCTCA-1_3_1"
"1318","GAAATGATCGCAAGAG-1_3_1"
"1319","GAACACTAGAGAGTGA-1_3_1"
"1320","GAACACTCACGTGTGC-1_3_1"
"1321","GAACACTGTAGCTTGT-1_3_1"
"1322","GAACACTTCATTCCTA-1_3_1"
"1323","GAACACTTCTAGTCAG-1_3_1"
"1324","GAACACTTCTGACGCG-1_3_1"
"1325","GAACGTTGTGAGCAGT-1_3_1"
"1326","GAACGTTTCTGCTAGA-1_3_1"
"1327","GAACTGTAGGCCTGAA-1_3_1"
"1328","GAAGAATCACGAAAGC-1_3_1"
"1329","GAAGAATCATAAGCGG-1_3_1"
"1330","GAAGCCCCACGACGTC-1_3_1"
"1331","GAAGCCCCAGCCCACA-1_3_1"
"1332","GAAGCGAGTGTGTTTG-1_3_1"
"1333","GAAGCGATCTCACCCA-1_3_1"
"1334","GAAGGACCAACCAATC-1_3_1"
"1335","GAAGGACGTACCCAGC-1_3_1"
"1336","GAAGGACGTATTGACC-1_3_1"
"1337","GAAGGACTCCGTTTCG-1_3_1"
"1338","GAAGGGTAGGGCAGTT-1_3_1"
"1339","GAAGGGTAGTAGGTTA-1_3_1"
"1340","GAAGGGTGTACCTTCC-1_3_1"
"1341","GAAGTAAAGGGACAGG-1_3_1"
"1342","GAAGTAATCCGATGTA-1_3_1"
"1343","GAATAGAAGCTAAACA-1_3_1"
"1344","GAATAGACAACACGTT-1_3_1"
"1345","GAATAGACACTTGAGT-1_3_1"
"1346","GAATAGACATTGGCAT-1_3_1"
"1347","GAATAGAGTTCCACAA-1_3_1"
"1348","GAATAGATCAGGAAGC-1_3_1"
"1349","GAATCACAGCGCGTTC-1_3_1"
"1350","GAATCACCAACAACAA-1_3_1"
"1351","GAATCACCAATGGCCC-1_3_1"
"1352","GAATCACCACAAATCC-1_3_1"
"1353","GAATCACCAGGACATG-1_3_1"
"1354","GAATCACCATGGCCAC-1_3_1"
"1355","GAATCACGTGATCATC-1_3_1"
"1356","GAATCGTAGATCGACG-1_3_1"
"1357","GAATCGTAGGCCCAAA-1_3_1"
"1358","GAATCGTAGTCCGCGT-1_3_1"
"1359","GAATCGTAGTTCCAGT-1_3_1"
"1360","GACACGCAGGACACTG-1_3_1"
"1361","GACACGCCACCCTAGG-1_3_1"
"1362","GACACGCCAGAAATCA-1_3_1"
"1363","GACACGCGTATACGGG-1_3_1"
"1364","GACACGCGTATGCGTT-1_3_1"
"1365","GACACGCGTTGCGGCT-1_3_1"
"1366","GACACGCTCGTTACCC-1_3_1"
"1367","GACACGCTCTATTCGT-1_3_1"
"1368","GACAGCCCAGAGTAAT-1_3_1"
"1369","GACAGCCCATGCAGCC-1_3_1"
"1370","GACATCAGTGTCATCA-1_3_1"
"1371","GACATCAGTTTCAGAC-1_3_1"
"1372","GACATCATCAGTAGGG-1_3_1"
"1373","GACCAATGTAACCCTA-1_3_1"
"1374","GACCAATGTGTTTCTT-1_3_1"
"1375","GACCAATGTGTTTGCA-1_3_1"
"1376","GACCCAGGTACGTTCA-1_3_1"
"1377","GACCCAGGTCCAACGC-1_3_1"
"1378","GACCCAGTCAGTGATC-1_3_1"
"1379","GACCCAGTCGACGCGT-1_3_1"
"1380","GACCCAGTCTGTCGTC-1_3_1"
"1381","GACCCTTCAACGACAG-1_3_1"
"1382","GACCCTTGTTTAGACC-1_3_1"
"1383","GACCCTTTCCGTAATG-1_3_1"
"1384","GACCTTCAGATGCGAC-1_3_1"
"1385","GACCTTCCAACTCCCT-1_3_1"
"1386","GACCTTCCAGACAATA-1_3_1"
"1387","GACCTTCGTCACGACC-1_3_1"
"1388","GACGCTGAGTAGTGCG-1_3_1"
"1389","GACGCTGCAATGAGCG-1_3_1"
"1390","GACGTTACATTCCTCG-1_3_1"
"1391","GACGTTAGTACAGTAA-1_3_1"
"1392","GACGTTAGTCATTGCA-1_3_1"
"1393","GACGTTATCTAAGAAG-1_3_1"
"1394","GACTATGCAGCCGTCA-1_3_1"
"1395","GACTATGGTACAACGG-1_3_1"
"1396","GACTCAACATTCTTCA-1_3_1"
"1397","GACTCAAGTCGGCTAC-1_3_1"
"1398","GACTCTCGTTCCCAAA-1_3_1"
"1399","GACTGATAGTGCAAAT-1_3_1"
"1400","GACTTCCTCAGCGTCG-1_3_1"
"1401","GACTTCCTCTAGAGCT-1_3_1"
"1402","GAGAAATAGATGGGCT-1_3_1"
"1403","GAGAAATAGCAGTAAT-1_3_1"
"1404","GAGAAATTCAGTGCGC-1_3_1"
"1405","GAGACCCAGGCTTCCG-1_3_1"
"1406","GAGACCCAGGTTGTTC-1_3_1"
"1407","GAGAGGTAGAGCCGAT-1_3_1"
"1408","GAGAGGTTCTGAGATC-1_3_1"
"1409","GAGATGGCACAAGCTT-1_3_1"
"1410","GAGATGGCATAGACTC-1_3_1"
"1411","GAGATGGGTCGATTAC-1_3_1"
"1412","GAGATGGTCCAAACCA-1_3_1"
"1413","GAGCCTGAGATACTGA-1_3_1"
"1414","GAGCCTGCAGGGATAC-1_3_1"
"1415","GAGCTGCCATTGAAAG-1_3_1"
"1416","GAGCTGCGTCGAACGA-1_3_1"
"1417","GAGGCAAAGCGCCTCA-1_3_1"
"1418","GAGGCAAAGTTCCGTA-1_3_1"
"1419","GAGGCAACAATGGGTG-1_3_1"
"1420","GAGGCCTAGGTTCTAC-1_3_1"
"1421","GAGGCCTAGTGTTCAC-1_3_1"
"1422","GAGGCCTGTACCGTCG-1_3_1"
"1423","GAGGCCTTCGATTTCT-1_3_1"
"1424","GAGGCCTTCTTGCAAG-1_3_1"
"1425","GAGGGATAGGCTAACG-1_3_1"
"1426","GAGGGATAGTATTAGG-1_3_1"
"1427","GAGGGATTCACTTATC-1_3_1"
"1428","GAGGGATTCCACCTGT-1_3_1"
"1429","GAGGGTATCCCAAGCG-1_3_1"
"1430","GAGTCATAGGAGGCAG-1_3_1"
"1431","GAGTCATGTTCGGACC-1_3_1"
"1432","GAGTCATTCAAGCTGT-1_3_1"
"1433","GAGTCTAAGCCATTTG-1_3_1"
"1434","GAGTCTAAGTGGTGGT-1_3_1"
"1435","GAGTCTACATTGTACG-1_3_1"
"1436","GAGTCTAGTTGTAAAG-1_3_1"
"1437","GAGTCTATCTGGACCG-1_3_1"
"1438","GAGTGAGGTCAGCGTC-1_3_1"
"1439","GAGTGAGTCTTGTGCC-1_3_1"
"1440","GAGTGTTTCTTCCCAG-1_3_1"
"1441","GAGTTACAGATGCGAC-1_3_1"
"1442","GAGTTACAGTCGAAAT-1_3_1"
"1443","GAGTTACCACCCTATC-1_3_1"
"1444","GAGTTGTGTGTACGCC-1_3_1"
"1445","GAGTTGTTCGAATCCA-1_3_1"
"1446","GAGTTTGAGCACAAAT-1_3_1"
"1447","GAGTTTGAGGACGGAG-1_3_1"
"1448","GAGTTTGCACCAACAT-1_3_1"
"1449","GAGTTTGGTTAGGGTG-1_3_1"
"1450","GAGTTTGGTTCGGGTC-1_3_1"
"1451","GAGTTTGTCAACCCGG-1_3_1"
"1452","GAGTTTGTCTATCCAT-1_3_1"
"1453","GATAGAAAGTCAATCC-1_3_1"
"1454","GATAGAACAAGGGTCA-1_3_1"
"1455","GATAGCTCAGCTGGTC-1_3_1"
"1456","GATAGCTGTAGATTGA-1_3_1"
"1457","GATAGCTGTATCGAGG-1_3_1"
"1458","GATAGCTTCGACCACG-1_3_1"
"1459","GATCACAAGCACGGAT-1_3_1"
"1460","GATCACAAGGTCCCTG-1_3_1"
"1461","GATCACAAGTAAACGT-1_3_1"
"1462","GATCACACATCGAGCC-1_3_1"
"1463","GATCACATCAAGCGTT-1_3_1"
"1464","GATCACATCAGGTGTT-1_3_1"
"1465","GATCACATCGATGCAT-1_3_1"
"1466","GATCAGTAGAGGGTAA-1_3_1"
"1467","GATCAGTAGTAAAGCT-1_3_1"
"1468","GATCAGTGTCCTTAAG-1_3_1"
"1469","GATCAGTGTTCTGACA-1_3_1"
"1470","GATCATGCATCCTAAG-1_3_1"
"1471","GATCATGTCTTTGGAG-1_3_1"
"1472","GATCCCTCAAATACAG-1_3_1"
"1473","GATCCCTGTCACTACA-1_3_1"
"1474","GATCCCTGTCGCAGTC-1_3_1"
"1475","GATCCCTTCCACGTAA-1_3_1"
"1476","GATCCCTTCCACGTGG-1_3_1"
"1477","GATCCCTTCCTAGCTC-1_3_1"
"1478","GATCCCTTCGTGCATA-1_3_1"
"1479","GATCGTAAGGCATGGT-1_3_1"
"1480","GATCGTACACGGGCTT-1_3_1"
"1481","GATCGTACAGAAATCA-1_3_1"
"1482","GATCGTAGTATGAGAT-1_3_1"
"1483","GATCGTAGTATGCGGA-1_3_1"
"1484","GATCGTAGTTACAGCT-1_3_1"
"1485","GATGACTAGCGACTAG-1_3_1"
"1486","GATGACTCAGCGTGCT-1_3_1"
"1487","GATGACTTCGGAGTAG-1_3_1"
"1488","GATGAGGTCGTAACAC-1_3_1"
"1489","GATGATCGTTCTGACA-1_3_1"
"1490","GATGCTACAATCGCGC-1_3_1"
"1491","GATGCTATCCGAGCTG-1_3_1"
"1492","GATGCTATCGCTCTAC-1_3_1"
"1493","GATGGAGAGGCTCTAT-1_3_1"
"1494","GATGGAGAGTGCGCTC-1_3_1"
"1495","GATGGAGCACGTGTGC-1_3_1"
"1496","GATGGAGCATGTTACG-1_3_1"
"1497","GATGGAGTCATGTCAG-1_3_1"
"1498","GATGTTGAGACTGAGC-1_3_1"
"1499","GATTCGATCTACGCAA-1_3_1"
"1500","GATTGGTGTGGACCTC-1_3_1"
"1501","GATTGGTTCATGCGGC-1_3_1"
"1502","GATTTCTGTCCATAGT-1_3_1"
"1503","GATTTCTTCGGCATCG-1_3_1"
"1504","GCAACATGTGGGTATG-1_3_1"
"1505","GCAACATGTTACGTAC-1_3_1"
"1506","GCAACATTCTGTCCGT-1_3_1"
"1507","GCAACATTCTTAGCTT-1_3_1"
"1508","GCAACCGAGTGACCTT-1_3_1"
"1509","GCAACCGGTCACTCTC-1_3_1"
"1510","GCAACCGTCCGTCAAA-1_3_1"
"1511","GCACATACACTATCGA-1_3_1"
"1512","GCACATATCCGCAACG-1_3_1"
"1513","GCACGGTGTTAAGTCC-1_3_1"
"1514","GCACGTGAGACGGAAA-1_3_1"
"1515","GCACGTGGTACAATAG-1_3_1"
"1516","GCACTAACACACTGGC-1_3_1"
"1517","GCACTAAGTGAGCGAT-1_3_1"
"1518","GCACTAAGTTATTCCT-1_3_1"
"1519","GCAGCCAAGATGAACT-1_3_1"
"1520","GCAGCCAAGCTCATAC-1_3_1"
"1521","GCAGCCACAAGAGGTC-1_3_1"
"1522","GCAGCCACAAGGTCAG-1_3_1"
"1523","GCAGCCACACCTTCCA-1_3_1"
"1524","GCAGCCACAGGTCCCA-1_3_1"
"1525","GCAGCTGAGAATGTTG-1_3_1"
"1526","GCAGCTGAGACTAGAT-1_3_1"
"1527","GCAGCTGAGCCTATCA-1_3_1"
"1528","GCAGCTGCATGGCACC-1_3_1"
"1529","GCAGCTGGTGTCCGTG-1_3_1"
"1530","GCAGGCTGTAGACAAT-1_3_1"
"1531","GCAGTTAAGGTTTGAA-1_3_1"
"1532","GCAGTTACAACACGAG-1_3_1"
"1533","GCAGTTAGTAGAAACT-1_3_1"
"1534","GCATCGGAGTAGACAT-1_3_1"
"1535","GCATCGGCAGGAACCA-1_3_1"
"1536","GCATCGGGTCTCAGAT-1_3_1"
"1537","GCATCGGTCCACATAG-1_3_1"
"1538","GCATGATAGTCAGCGA-1_3_1"
"1539","GCATGATAGTCCTGTA-1_3_1"
"1540","GCATGATGTCCGTACG-1_3_1"
"1541","GCATGATGTGTGTGGA-1_3_1"
"1542","GCATGATTCGAGCTGC-1_3_1"
"1543","GCATGATTCGTTCAGA-1_3_1"
"1544","GCATTAGCAACATCGT-1_3_1"
"1545","GCATTAGGTTTACTGG-1_3_1"
"1546","GCCAACGGTCTCGGAC-1_3_1"
"1547","GCCAACGGTGACTCTA-1_3_1"
"1548","GCCAACGGTTCGTTCC-1_3_1"
"1549","GCCAACGGTTCTAACG-1_3_1"
"1550","GCCAGCAAGCAGTACG-1_3_1"
"1551","GCCAGCACATTCACCC-1_3_1"
"1552","GCCAGCAGTTGCTGAT-1_3_1"
"1553","GCCAGCAGTTTGGGAG-1_3_1"
"1554","GCCAGCATCAAACCCA-1_3_1"
"1555","GCCAGCATCCAATCCC-1_3_1"
"1556","GCCAGCATCTATTGTC-1_3_1"
"1557","GCCAGGTTCGTTCAGA-1_3_1"
"1558","GCCAGTGAGCCATTGT-1_3_1"
"1559","GCCAGTGGTATGAGCG-1_3_1"
"1560","GCCAGTGTCAGCTAGT-1_3_1"
"1561","GCCATTCAGTAGCTCT-1_3_1"
"1562","GCCCAGACACCCTGAG-1_3_1"
"1563","GCCCAGACAGCTGAGA-1_3_1"
"1564","GCCCAGATCAGCCTTC-1_3_1"
"1565","GCCCAGATCGGTGTTA-1_3_1"
"1566","GCCCGAACAGCTACCG-1_3_1"
"1567","GCCCGAATCAACCGAT-1_3_1"
"1568","GCCCGAATCCACGGGT-1_3_1"
"1569","GCCCGAATCCGAAATC-1_3_1"
"1570","GCCGATGAGTCCGCCA-1_3_1"
"1571","GCCGATGAGTGCTAGG-1_3_1"
"1572","GCCGATGTCGGCTTGG-1_3_1"
"1573","GCCGTGAAGTAAATGC-1_3_1"
"1574","GCCGTGATCCCTTCCC-1_3_1"
"1575","GCCGTGATCTAAGGAA-1_3_1"
"1576","GCCTGTTAGAGCATAT-1_3_1"
"1577","GCCTGTTTCGTAGAGG-1_3_1"
"1578","GCGAGAAGTCAAGTTC-1_3_1"
"1579","GCGAGAAGTTTAGTCG-1_3_1"
"1580","GCGAGAAGTTTCTTAC-1_3_1"
"1581","GCGATCGGTTAGGCTT-1_3_1"
"1582","GCGATCGTCCGGCTTT-1_3_1"
"1583","GCGGAAACAGCAGTTT-1_3_1"
"1584","GCGGAAAGTACTGTTG-1_3_1"
"1585","GCGGATCAGCATTGTC-1_3_1"
"1586","GCGGATCAGGTACTGG-1_3_1"
"1587","GCGGATCCAATTGAAG-1_3_1"
"1588","GCGTGCAAGAAATCCA-1_3_1"
"1589","GCGTGCAGTCGCAACC-1_3_1"
"1590","GCGTTTCAGATGGTAT-1_3_1"
"1591","GCGTTTCAGTTGCGAG-1_3_1"
"1592","GCGTTTCGTAGAGCTG-1_3_1"
"1593","GCGTTTCGTGAGTTTC-1_3_1"
"1594","GCGTTTCGTGCATTTG-1_3_1"
"1595","GCGTTTCGTTCAACGT-1_3_1"
"1596","GCTACAAAGACTGTTC-1_3_1"
"1597","GCTACAACAAAGGCAC-1_3_1"
"1598","GCTACAAGTAAGCTCT-1_3_1"
"1599","GCTACCTAGGAGATAG-1_3_1"
"1600","GCTACCTCACGACAAG-1_3_1"
"1601","GCTACCTGTCAGTCGC-1_3_1"
"1602","GCTACCTGTTAACAGA-1_3_1"
"1603","GCTACCTTCCACAAGT-1_3_1"
"1604","GCTCAAAAGAGGTTTA-1_3_1"
"1605","GCTCAAAAGGTCCAGA-1_3_1"
"1606","GCTCAAAGTATCGATC-1_3_1"
"1607","GCTCAAAGTCCGGACT-1_3_1"
"1608","GCTCAAAGTGGAACAC-1_3_1"
"1609","GCTGAATAGGTAATCA-1_3_1"
"1610","GCTGCAGAGGAGGCAG-1_3_1"
"1611","GCTGCAGAGTTATGGA-1_3_1"
"1612","GCTGCAGGTGAGACCA-1_3_1"
"1613","GCTGCAGTCCACCCTA-1_3_1"
"1614","GCTGGGTCAGAGTTGG-1_3_1"
"1615","GCTGGGTGTAAGTCAA-1_3_1"
"1616","GCTGGGTGTTGGATCT-1_3_1"
"1617","GCTGGGTTCCTTGGAA-1_3_1"
"1618","GCTTCACAGTCGCGAA-1_3_1"
"1619","GCTTCACCATGATCTG-1_3_1"
"1620","GCTTGGGCACGCCAGT-1_3_1"
"1621","GCTTGGGGTACCCACG-1_3_1"
"1622","GCTTGGGGTGGCTCTG-1_3_1"
"1623","GCTTGGGTCCGGTAGC-1_3_1"
"1624","GCTTTCGCATAACGGG-1_3_1"
"1625","GCTTTCGTCGAAGCAG-1_3_1"
"1626","GGAACCCAGATTAGTG-1_3_1"
"1627","GGAACCCAGCTGGTGA-1_3_1"
"1628","GGAACCCAGTCCGTCG-1_3_1"
"1629","GGAACCCTCAATCTCT-1_3_1"
"1630","GGAACCCTCTCACTCG-1_3_1"
"1631","GGAATCTAGGTATAGT-1_3_1"
"1632","GGAATCTCAGACGGAT-1_3_1"
"1633","GGAATCTCAGCTATAC-1_3_1"
"1634","GGAATGGAGCGATGAC-1_3_1"
"1635","GGAATGGGTTCGGACC-1_3_1"
"1636","GGAATGGGTTCGTGCG-1_3_1"
"1637","GGACGTCAGAACTTCC-1_3_1"
"1638","GGACGTCCAATGGCCC-1_3_1"
"1639","GGACGTCGTGCACATT-1_3_1"
"1640","GGAGAACAGGGAGAAT-1_3_1"
"1641","GGAGAACTCGCCCAGA-1_3_1"
"1642","GGAGATGAGCAGCAGT-1_3_1"
"1643","GGAGATGTCACATACG-1_3_1"
"1644","GGAGCAAAGCGAGTCA-1_3_1"
"1645","GGAGCAAAGCGTGCTC-1_3_1"
"1646","GGAGCAATCAACGTGT-1_3_1"
"1647","GGAGGTAAGGGACTGT-1_3_1"
"1648","GGAGGTACATGAGGGT-1_3_1"
"1649","GGAGGTAGTCAACATC-1_3_1"
"1650","GGATCTAAGCCGAATG-1_3_1"
"1651","GGATCTAAGGAGCTGT-1_3_1"
"1652","GGATCTATCGTCAACA-1_3_1"
"1653","GGATGTTCATCGCTAA-1_3_1"
"1654","GGCACGTAGAGTGACC-1_3_1"
"1655","GGCACGTAGTATGTAG-1_3_1"
"1656","GGCACGTGTCCAACGC-1_3_1"
"1657","GGCAGTCAGCCTATTG-1_3_1"
"1658","GGCAGTCAGTCACGAG-1_3_1"
"1659","GGCAGTCGTCGCTCGA-1_3_1"
"1660","GGCAGTCTCAGCTCTC-1_3_1"
"1661","GGCAGTCTCCAGTGCG-1_3_1"
"1662","GGCGTCAAGTGCGTCC-1_3_1"
"1663","GGCGTCACAAATGGAT-1_3_1"
"1664","GGCGTCACAGTTGGTT-1_3_1"
"1665","GGCGTCAGTCCCGTGA-1_3_1"
"1666","GGCGTCAGTTGCGAAG-1_3_1"
"1667","GGCGTCATCGGTAACT-1_3_1"
"1668","GGCTGTGAGCCACTCG-1_3_1"
"1669","GGCTGTGAGTGCACTT-1_3_1"
"1670","GGCTGTGCAGCAGTTT-1_3_1"
"1671","GGCTGTGGTTCTAAGC-1_3_1"
"1672","GGCTTGGAGTATGCAA-1_3_1"
"1673","GGCTTTCAGGCACAAC-1_3_1"
"1674","GGCTTTCGTTTGTTCT-1_3_1"
"1675","GGCTTTCTCCCTGGTT-1_3_1"
"1676","GGGAAGTCAAGGCCTC-1_3_1"
"1677","GGGACAAAGTTACGGG-1_3_1"
"1678","GGGACAACAATAGTCC-1_3_1"
"1679","GGGACAAGTCAAACGG-1_3_1"
"1680","GGGACAATCCACTTCG-1_3_1"
"1681","GGGACCTAGGTCCTGC-1_3_1"
"1682","GGGACCTAGTAGGATT-1_3_1"
"1683","GGGACCTTCTACGGTA-1_3_1"
"1684","GGGACCTTCTAGTACG-1_3_1"
"1685","GGGACCTTCTTACTGT-1_3_1"
"1686","GGGACTCAGGACTGGT-1_3_1"
"1687","GGGACTCCACGCTGTG-1_3_1"
"1688","GGGACTCCAGCACAAG-1_3_1"
"1689","GGGACTCCATTCTCCG-1_3_1"
"1690","GGGACTCTCGTTAGTG-1_3_1"
"1691","GGGAGATAGCCTAGGA-1_3_1"
"1692","GGGAGATCATCCGGCA-1_3_1"
"1693","GGGAGATCATGTGTCA-1_3_1"
"1694","GGGAGATGTGAGACCA-1_3_1"
"1695","GGGAGTAAGCTAGATA-1_3_1"
"1696","GGGAGTAAGCTGCCAC-1_3_1"
"1697","GGGAGTAGTAGTCGTT-1_3_1"
"1698","GGGATCCAGCTGTTCA-1_3_1"
"1699","GGGATCCTCATGTCAG-1_3_1"
"1700","GGGATCCTCTAGGAAA-1_3_1"
"1701","GGGATGAAGGAACGAA-1_3_1"
"1702","GGGATGAGTCCCAAAT-1_3_1"
"1703","GGGATGAGTGGTCTCG-1_3_1"
"1704","GGGCCATAGCATCCTA-1_3_1"
"1705","GGGCCATAGCGACTTT-1_3_1"
"1706","GGGCCATAGGCACCAA-1_3_1"
"1707","GGGCCATCAATTTCGG-1_3_1"
"1708","GGGCCATTCCCTCGTA-1_3_1"
"1709","GGGCGTTCACGGCGTT-1_3_1"
"1710","GGGCGTTCACTAGGCC-1_3_1"
"1711","GGGCTACCATCCCACT-1_3_1"
"1712","GGGCTACTCAGAATAG-1_3_1"
"1713","GGGCTCAAGTCGCGAA-1_3_1"
"1714","GGGCTCACACCTAAAC-1_3_1"
"1715","GGGCTCACAGACCTGC-1_3_1"
"1716","GGGTAGAAGCGTTCAT-1_3_1"
"1717","GGGTAGAAGCTCGACC-1_3_1"
"1718","GGGTAGACAAGCAATA-1_3_1"
"1719","GGGTATTCAATAGGAT-1_3_1"
"1720","GGGTCACAGGTCATAA-1_3_1"
"1721","GGGTCACGTCAACCTA-1_3_1"
"1722","GGGTCTGGTATGAGGC-1_3_1"
"1723","GGGTCTGTCTCGTGAA-1_3_1"
"1724","GGGTGTCGTCAGCTTA-1_3_1"
"1725","GGGTTATCAAGCGAGT-1_3_1"
"1726","GGGTTATGTATAGCTC-1_3_1"
"1727","GGGTTTATCAAGCTGT-1_3_1"
"1728","GGTAACTAGGACACTG-1_3_1"
"1729","GGTAACTCAGTCGAGA-1_3_1"
"1730","GGTAACTGTTGGTACT-1_3_1"
"1731","GGTAATCCATCCGATA-1_3_1"
"1732","GGTAATCTCCTCTAAT-1_3_1"
"1733","GGTAGAGGTGAGGCAT-1_3_1"
"1734","GGTCACGAGCATCCTA-1_3_1"
"1735","GGTCACGCACATGTTG-1_3_1"
"1736","GGTCACGGTGCGGCTT-1_3_1"
"1737","GGTCTGGAGAAATGGG-1_3_1"
"1738","GGTCTGGCAAAGGCAC-1_3_1"
"1739","GGTCTGGCAACTCGAT-1_3_1"
"1740","GGTCTGGCAAGTTCGT-1_3_1"
"1741","GGTCTGGCATGACAAA-1_3_1"
"1742","GGTCTGGGTGTGATGG-1_3_1"
"1743","GGTGAAGCACATGACT-1_3_1"
"1744","GGTGAAGCACTAACGT-1_3_1"
"1745","GGTGATTAGATGCCGA-1_3_1"
"1746","GGTGATTTCCCAAGTA-1_3_1"
"1747","GGTGTCGAGGGCTTCC-1_3_1"
"1748","GGTGTTACAAGCTGTT-1_3_1"
"1749","GGTGTTAGTATGCGTT-1_3_1"
"1750","GGTGTTAGTTAAACAG-1_3_1"
"1751","GGTGTTATCACCATCC-1_3_1"
"1752","GGTTAACCAAATAGCA-1_3_1"
"1753","GGTTAACCAACAGAGC-1_3_1"
"1754","GGTTAACCAGTGGCTC-1_3_1"
"1755","GGTTAACCATTGCTGA-1_3_1"
"1756","GGTTAACGTCCCGCAA-1_3_1"
"1757","GGTTAACTCAAGGTGG-1_3_1"
"1758","GGTTAACTCTGCGAGC-1_3_1"
"1759","GGTTCTCCAGCTCCTT-1_3_1"
"1760","GGTTCTCGTCACCGAC-1_3_1"
"1761","GGTTCTCTCCCGATCT-1_3_1"
"1762","GGTTGTAAGCAATAGT-1_3_1"
"1763","GGTTGTATCGCGCTGA-1_3_1"
"1764","GTAACACAGAATACAC-1_3_1"
"1765","GTAACACAGTCCGTCG-1_3_1"
"1766","GTAACACCAAGATTGA-1_3_1"
"1767","GTAACACCATTGCCTC-1_3_1"
"1768","GTAACACTCATCGCAA-1_3_1"
"1769","GTAACCAAGCGGCTCT-1_3_1"
"1770","GTAACCAAGTCCCTAA-1_3_1"
"1771","GTAACCAGTCTTCATT-1_3_1"
"1772","GTAACCATCATTTGGG-1_3_1"
"1773","GTAACCATCCAACTGA-1_3_1"
"1774","GTAACCATCTGGAAGG-1_3_1"
"1775","GTAAGTCAGCAATAAC-1_3_1"
"1776","GTAAGTCAGGTGCTGA-1_3_1"
"1777","GTAAGTCAGGTTAGTA-1_3_1"
"1778","GTAAGTCGTATAGGAT-1_3_1"
"1779","GTAAGTCGTGAATGAT-1_3_1"
"1780","GTAAGTCTCACCATCC-1_3_1"
"1781","GTAATCGTCATGCTAG-1_3_1"
"1782","GTAATGCAGAAATCCA-1_3_1"
"1783","GTAATGCGTGTTTACG-1_3_1"
"1784","GTAATGCGTTGCTAGT-1_3_1"
"1785","GTAATGCTCCGTACGG-1_3_1"
"1786","GTACAACCATAACCCA-1_3_1"
"1787","GTACAACGTCGTCATA-1_3_1"
"1788","GTACAGTAGCTCCACG-1_3_1"
"1789","GTACAGTCAAGAGAGA-1_3_1"
"1790","GTACAGTCACCTGCTT-1_3_1"
"1791","GTACAGTGTGAATGAT-1_3_1"
"1792","GTACAGTTCACCGCTT-1_3_1"
"1793","GTACAGTTCTCCGAAA-1_3_1"
"1794","GTAGAGGGTGAGTGAC-1_3_1"
"1795","GTAGAGGTCGTTCTCG-1_3_1"
"1796","GTAGATCAGACCATGG-1_3_1"
"1797","GTAGATCTCGAACTCA-1_3_1"
"1798","GTAGATCTCTACGCAA-1_3_1"
"1799","GTAGCTAAGCCGAATG-1_3_1"
"1800","GTAGCTACAATCCTTT-1_3_1"
"1801","GTAGCTACACTCGATA-1_3_1"
"1802","GTAGCTACAGACTGCC-1_3_1"
"1803","GTAGCTAGTAGTCACT-1_3_1"
"1804","GTAGGAGTCGATTGGT-1_3_1"
"1805","GTAGGAGTCTGCGAGC-1_3_1"
"1806","GTAGGTTAGTATGACA-1_3_1"
"1807","GTAGGTTCATCGCCTT-1_3_1"
"1808","GTAGGTTGTTCTTGTT-1_3_1"
"1809","GTAGTACCACGTTGGC-1_3_1"
"1810","GTAGTACGTCGTGGAA-1_3_1"
"1811","GTAGTACTCAACTTTC-1_3_1"
"1812","GTATTGGCAGAGGCTA-1_3_1"
"1813","GTATTGGGTTTCTATC-1_3_1"
"1814","GTATTGGTCTGTGCTC-1_3_1"
"1815","GTCAAACAGGCAGTCA-1_3_1"
"1816","GTCAAACTCGTACACA-1_3_1"
"1817","GTCAAGTAGCCGAATG-1_3_1"
"1818","GTCAAGTCAGAGTTGG-1_3_1"
"1819","GTCAAGTGTGTTGCCG-1_3_1"
"1820","GTCAGCGGTCATGACT-1_3_1"
"1821","GTCAGCGTCACATCAG-1_3_1"
"1822","GTCAGCGTCTGTACAG-1_3_1"
"1823","GTCATCCCACTTCCTG-1_3_1"
"1824","GTCATCCGTGAGACCA-1_3_1"
"1825","GTCATCCGTTTACGAC-1_3_1"
"1826","GTCATGATCTGGTCAA-1_3_1"
"1827","GTCATTTGTACCAGAG-1_3_1"
"1828","GTCATTTTCCATAGAC-1_3_1"
"1829","GTCATTTTCGCAGTCG-1_3_1"
"1830","GTCCACTAGTCACACT-1_3_1"
"1831","GTCCACTGTAAGTTGA-1_3_1"
"1832","GTCCACTGTTCCGGTG-1_3_1"
"1833","GTCCACTTCACCTTAT-1_3_1"
"1834","GTCCACTTCCGCCTAT-1_3_1"
"1835","GTCCACTTCTGACCCT-1_3_1"
"1836","GTCCCATAGTGAATAC-1_3_1"
"1837","GTCCCATCACTTACAG-1_3_1"
"1838","GTCCCATTCGAAGCCC-1_3_1"
"1839","GTCCTCAAGCGGCTCT-1_3_1"
"1840","GTCCTCAAGGATTTCC-1_3_1"
"1841","GTCCTCAAGGGAGATA-1_3_1"
"1842","GTCCTCACACGTAGAG-1_3_1"
"1843","GTCCTCACACTACCCT-1_3_1"
"1844","GTCCTCAGTTAGAAAC-1_3_1"
"1845","GTCCTCATCCGGACGT-1_3_1"
"1846","GTCGAATCAAGACGAC-1_3_1"
"1847","GTCGAATCAGCGAGTA-1_3_1"
"1848","GTCGCGAAGCTAGTTC-1_3_1"
"1849","GTCGCGAAGGGTTAAT-1_3_1"
"1850","GTCGCGACAATTCTCT-1_3_1"
"1851","GTCGCGACATTGTACG-1_3_1"
"1852","GTCGCGAGTCTTGAGT-1_3_1"
"1853","GTCGTAAGTTGGCCGT-1_3_1"
"1854","GTCGTTCAGAGTCACG-1_3_1"
"1855","GTCTACCAGCAGCCCT-1_3_1"
"1856","GTCTACCTCCCATAAG-1_3_1"
"1857","GTCTACCTCTACAGGT-1_3_1"
"1858","GTCTAGAAGTTATGGA-1_3_1"
"1859","GTCTAGACAGCCTATA-1_3_1"
"1860","GTCTAGATCCTCTCTT-1_3_1"
"1861","GTCTCACCAGAGTTGG-1_3_1"
"1862","GTCTGTCCACTGGATT-1_3_1"
"1863","GTCTGTCGTACGTACT-1_3_1"
"1864","GTCTTTAAGCTAGCCC-1_3_1"
"1865","GTCTTTAAGTCATGGG-1_3_1"
"1866","GTCTTTAAGTGAGTGC-1_3_1"
"1867","GTCTTTACAGGGTTGA-1_3_1"
"1868","GTCTTTACATCCGGCA-1_3_1"
"1869","GTCTTTAGTCCACAGC-1_3_1"
"1870","GTGACGCCATCCGTGG-1_3_1"
"1871","GTGACGCGTTTCTTAC-1_3_1"
"1872","GTGAGCCCAAATGATG-1_3_1"
"1873","GTGAGCCCAGGAGACT-1_3_1"
"1874","GTGAGCCTCGCTTAAG-1_3_1"
"1875","GTGAGGAAGACTGAGC-1_3_1"
"1876","GTGAGGAAGCAGCGAT-1_3_1"
"1877","GTGAGTTCAAAGTATG-1_3_1"
"1878","GTGATGTAGAGGTCGT-1_3_1"
"1879","GTGATGTAGATGGTCG-1_3_1"
"1880","GTGATGTAGCTGACCC-1_3_1"
"1881","GTGATGTAGGCCTTCG-1_3_1"
"1882","GTGATGTCAAAGACTA-1_3_1"
"1883","GTGATGTCACGTCGGT-1_3_1"
"1884","GTGATGTGTCGAAACG-1_3_1"
"1885","GTGATGTGTGCAGTGA-1_3_1"
"1886","GTGCACGAGGCTTCCG-1_3_1"
"1887","GTGCACGCATCCTAAG-1_3_1"
"1888","GTGCACGGTATACCCA-1_3_1"
"1889","GTGCACGTCTGAACGT-1_3_1"
"1890","GTGCAGCAGGATTACA-1_3_1"
"1891","GTGCAGCGTACGTAGG-1_3_1"
"1892","GTGCAGCGTCGCTCGA-1_3_1"
"1893","GTGCAGCTCACTTGTT-1_3_1"
"1894","GTGCAGCTCCCGATCT-1_3_1"
"1895","GTGCAGCTCCCGTAAA-1_3_1"
"1896","GTGCAGCTCGATTCCC-1_3_1"
"1897","GTGCGTGGTGGCAGAT-1_3_1"
"1898","GTGCGTGGTGTCATGT-1_3_1"
"1899","GTGCGTGGTTTAGAGA-1_3_1"
"1900","GTGCTGGAGCCTGGAA-1_3_1"
"1901","GTGCTGGGTCCTTAAG-1_3_1"
"1902","GTGCTGGGTCGTGGAA-1_3_1"
"1903","GTGCTGGTCAGAGCGA-1_3_1"
"1904","GTGCTTCAGATCCGAG-1_3_1"
"1905","GTGCTTCCACAACGCC-1_3_1"
"1906","GTGCTTCTCGCAGTGC-1_3_1"
"1907","GTGGAAGGTGTCGATT-1_3_1"
"1908","GTGGAGAGTACAACGG-1_3_1"
"1909","GTGGAGATCCATGAGT-1_3_1"
"1910","GTGGCGTAGGAGAATG-1_3_1"
"1911","GTGGCGTGTCGTGGAA-1_3_1"
"1912","GTGGCGTTCTCGGTCT-1_3_1"
"1913","GTGGTTACACTAGGCC-1_3_1"
"1914","GTGGTTACACTGAGTT-1_3_1"
"1915","GTGGTTATCAGGAAAT-1_3_1"
"1916","GTGTAACCAGCGCTTG-1_3_1"
"1917","GTGTAACTCACTGTTT-1_3_1"
"1918","GTGTAACTCCTAGCGG-1_3_1"
"1919","GTGTCCTAGACTCGAG-1_3_1"
"1920","GTGTGATGTTAGAAGT-1_3_1"
"1921","GTGTGATTCTCGCGTT-1_3_1"
"1922","GTGTGGCAGCGATGGT-1_3_1"
"1923","GTGTTAGAGTGCACAG-1_3_1"
"1924","GTGTTAGCACGTCGTG-1_3_1"
"1925","GTGTTAGCAGGCAATG-1_3_1"
"1926","GTTACCCCAAGTATAG-1_3_1"
"1927","GTTACCCCACTTGAAC-1_3_1"
"1928","GTTACCCCAGCTGAGA-1_3_1"
"1929","GTTACCCTCAGCGCGT-1_3_1"
"1930","GTTACGAGTAGTATAG-1_3_1"
"1931","GTTACGAGTGGATCGA-1_3_1"
"1932","GTTACGATCTCAACCC-1_3_1"
"1933","GTTAGACAGACACACG-1_3_1"
"1934","GTTAGACCACCAAATC-1_3_1"
"1935","GTTAGTGAGTGGACTG-1_3_1"
"1936","GTTAGTGCATGCCATA-1_3_1"
"1937","GTTAGTGGTATGAAAC-1_3_1"
"1938","GTTAGTGTCGTGGAAG-1_3_1"
"1939","GTTATGGGTTTGAAAG-1_3_1"
"1940","GTTCATTCAATCTCTT-1_3_1"
"1941","GTTCCGTAGTCTGCGC-1_3_1"
"1942","GTTCCGTCAATAGTAG-1_3_1"
"1943","GTTCCGTCAGTCGGAA-1_3_1"
"1944","GTTCCGTGTAAGTTGA-1_3_1"
"1945","GTTCCGTTCGTACCTC-1_3_1"
"1946","GTTCGCTAGCTCCGAC-1_3_1"
"1947","GTTCGCTTCGGACGTC-1_3_1"
"1948","GTTCTATTCACTGTTT-1_3_1"
"1949","GTTCTATTCGAACGCC-1_3_1"
"1950","GTTCTATTCTGAATCG-1_3_1"
"1951","GTTGAACAGCTAGATA-1_3_1"
"1952","GTTGAACCAGCAGAAC-1_3_1"
"1953","GTTGAACGTTTCGTTT-1_3_1"
"1954","GTTGAACTCAACCCGG-1_3_1"
"1955","GTTGCGGCAGCTTTCC-1_3_1"
"1956","GTTGCGGTCCCACAGG-1_3_1"
"1957","GTTGCTCGTAACGCGA-1_3_1"
"1958","GTTGTAGAGATGGCGT-1_3_1"
"1959","GTTGTAGAGGAAACGA-1_3_1"
"1960","GTTGTAGAGTGCAACG-1_3_1"
"1961","GTTGTAGCAAACTCTG-1_3_1"
"1962","GTTGTAGCAAGGCAAC-1_3_1"
"1963","GTTGTAGCAATTGCGT-1_3_1"
"1964","GTTGTAGGTTACCTGA-1_3_1"
"1965","GTTGTCCGTAGTCTTG-1_3_1"
"1966","GTTGTCCGTCGGTGAA-1_3_1"
"1967","GTTGTCCGTGAGAACC-1_3_1"
"1968","GTTGTGAAGCTAGTTC-1_3_1"
"1969","GTTGTGACACCTGAAT-1_3_1"
"1970","GTTGTGAGTCGTGCCA-1_3_1"
"1971","GTTGTGAGTGGGCTTC-1_3_1"
"1972","GTTGTGAGTTGTGTAC-1_3_1"
"1973","GTTTACTAGTGTTGTC-1_3_1"
"1974","GTTTACTGTGCGACAA-1_3_1"
"1975","GTTTGGACATAACTCG-1_3_1"
"1976","GTTTGGATCATCACTT-1_3_1"
"1977","TAACACGCACACCTAA-1_3_1"
"1978","TAACACGGTGTTACTG-1_3_1"
"1979","TAACACGGTTACAGCT-1_3_1"
"1980","TAACACGTCCTGCTAC-1_3_1"
"1981","TAACCAGAGATGTTGA-1_3_1"
"1982","TAACGACCAAGAGGCT-1_3_1"
"1983","TAACGACCACACCTTC-1_3_1"
"1984","TAACGACGTTCGGCGT-1_3_1"
"1985","TAACGACTCTACCACC-1_3_1"
"1986","TAACGACTCTCGAGTA-1_3_1"
"1987","TAACTTCCAAAGGCAC-1_3_1"
"1988","TAACTTCCACTGTCGG-1_3_1"
"1989","TAACTTCCATAACCCA-1_3_1"
"1990","TAAGCACAGGCTATCT-1_3_1"
"1991","TAAGCCACAGGTTACT-1_3_1"
"1992","TAAGCCAGTATAGGGC-1_3_1"
"1993","TAAGCCAGTCGTTGGC-1_3_1"
"1994","TAAGCGTTCGCCGATG-1_3_1"
"1995","TAAGTCGCAACGCATT-1_3_1"
"1996","TAAGTCGCAATTTCTC-1_3_1"
"1997","TAAGTCGCATGTTCGA-1_3_1"
"1998","TAATCTCGTGCAGTGA-1_3_1"
"1999","TAATCTCTCCAGTGCG-1_3_1"
"2000","TAATTCCAGTTTGCTG-1_3_1"
"2001","TAATTCCCACAAAGCG-1_3_1"
"2002","TAATTCCGTAACGCGA-1_3_1"
"2003","TAATTCCTCGATTGAC-1_3_1"
"2004","TACAACGAGAAATGGG-1_3_1"
"2005","TACAACGCATTGGCAT-1_3_1"
"2006","TACACCCAGCTGTTCA-1_3_1"
"2007","TACACCCGTGTCCACG-1_3_1"
"2008","TACACCCGTTCAATCG-1_3_1"
"2009","TACACCCTCGAGAAAT-1_3_1"
"2010","TACACCCTCTCATGGA-1_3_1"
"2011","TACAGGTTCTCTGCTG-1_3_1"
"2012","TACATTCCAAGTAGTA-1_3_1"
"2013","TACATTCCACAGCGCT-1_3_1"
"2014","TACATTCGTGAGTCAG-1_3_1"
"2015","TACATTCTCGGCTTGG-1_3_1"
"2016","TACCCACCAAGCGCTC-1_3_1"
"2017","TACCCACGTACACTCA-1_3_1"
"2018","TACCCACTCCTGTAAG-1_3_1"
"2019","TACCCGTCAAGTTCGT-1_3_1"
"2020","TACCCGTCATACCACA-1_3_1"
"2021","TACCGAAGTCGATGCC-1_3_1"
"2022","TACCGGGGTCGTCTCT-1_3_1"
"2023","TACCGGGTCAGGAACG-1_3_1"
"2024","TACCGGGTCCCGATCT-1_3_1"
"2025","TACCTCGAGGAACTAT-1_3_1"
"2026","TACCTCGTCTACTTCA-1_3_1"
"2027","TACGCTCCAAATGGAT-1_3_1"
"2028","TACGCTCGTCGTTGCG-1_3_1"
"2029","TACGCTCTCACGGGCT-1_3_1"
"2030","TACGCTCTCGGTCATA-1_3_1"
"2031","TACGCTCTCTCGACCT-1_3_1"
"2032","TACGGGCCACACAGCC-1_3_1"
"2033","TACGGGCCACGAAGAC-1_3_1"
"2034","TACGGGCCACGACCTG-1_3_1"
"2035","TACGGGCGTGTTGACT-1_3_1"
"2036","TACGGGCTCAAGCTTG-1_3_1"
"2037","TACGGTAGTGAGACGT-1_3_1"
"2038","TACGTCCAGATGCAGC-1_3_1"
"2039","TACGTCCTCAGTGGGA-1_3_1"
"2040","TACGTCCTCGTAGGGA-1_3_1"
"2041","TACTGCCCAAGTGGAC-1_3_1"
"2042","TACTGCCGTTGGGTAG-1_3_1"
"2043","TACTGCCTCTCTTGCG-1_3_1"
"2044","TACTTACGTACTCGCG-1_3_1"
"2045","TACTTCAAGAAAGTCT-1_3_1"
"2046","TACTTCAGTACAGAGC-1_3_1"
"2047","TACTTCATCGGAGTAG-1_3_1"
"2048","TACTTCATCGGTAGAG-1_3_1"
"2049","TACTTGTCAGGTCTCG-1_3_1"
"2050","TACTTGTGTACGGGAT-1_3_1"
"2051","TAGACCAAGATGAACT-1_3_1"
"2052","TAGACCACAAATACGA-1_3_1"
"2053","TAGACCACAAGGTACG-1_3_1"
"2054","TAGACCAGTCTCGACG-1_3_1"
"2055","TAGACCAGTTCAGCGC-1_3_1"
"2056","TAGACTGGTCTGATCA-1_3_1"
"2057","TAGACTGGTTATGGTC-1_3_1"
"2058","TAGACTGTCGGTCAGC-1_3_1"
"2059","TAGAGTCAGATTGATG-1_3_1"
"2060","TAGAGTCAGTTGAAGT-1_3_1"
"2061","TAGAGTCGTGGTCAAG-1_3_1"
"2062","TAGAGTCTCCATTCAT-1_3_1"
"2063","TAGAGTCTCTCCGATC-1_3_1"
"2064","TAGATCGAGCGACTGA-1_3_1"
"2065","TAGATCGCAAGTTTGC-1_3_1"
"2066","TAGATCGGTTAAGGGC-1_3_1"
"2067","TAGATCGTCTAGTGAC-1_3_1"
"2068","TAGCACAAGCAACTTC-1_3_1"
"2069","TAGCACAAGTCTACCA-1_3_1"
"2070","TAGGAGGAGAGAGGGC-1_3_1"
"2071","TAGGAGGAGCTCCACG-1_3_1"
"2072","TAGGAGGCATTGCTTT-1_3_1"
"2073","TAGGGTTAGCCTCCAG-1_3_1"
"2074","TAGGGTTAGGGAGTGG-1_3_1"
"2075","TAGGGTTCAGTACTAC-1_3_1"
"2076","TAGGGTTGTGCTTATG-1_3_1"
"2077","TAGGGTTGTGTGTGGA-1_3_1"
"2078","TAGGGTTGTTGATGTC-1_3_1"
"2079","TAGGGTTTCATTGCTT-1_3_1"
"2080","TAGGGTTTCGAGCCTG-1_3_1"
"2081","TAGGTACAGGATACAT-1_3_1"
"2082","TAGGTACGTACCTATG-1_3_1"
"2083","TAGGTTGGTCTACAAC-1_3_1"
"2084","TAGGTTGGTTACGTAC-1_3_1"
"2085","TAGGTTGGTTAGAGAT-1_3_1"
"2086","TAGGTTGGTTATAGCC-1_3_1"
"2087","TAGGTTGTCATACGAC-1_3_1"
"2088","TATACCTAGACCTCAT-1_3_1"
"2089","TATACCTTCAGCTTGA-1_3_1"
"2090","TATATCCAGACAGCTG-1_3_1"
"2091","TATATCCAGAGAGGTA-1_3_1"
"2092","TATATCCAGGTAGATT-1_3_1"
"2093","TATATCCCAATGTTGC-1_3_1"
"2094","TATATCCGTTGAGGAC-1_3_1"
"2095","TATCAGGAGCAGCCCT-1_3_1"
"2096","TATCAGGAGGGAGTGG-1_3_1"
"2097","TATCAGGCAATAAGGT-1_3_1"
"2098","TATCCTAAGCTCCACG-1_3_1"
"2099","TATCCTACAGGACGAT-1_3_1"
"2100","TATCCTAGTTCGTACA-1_3_1"
"2101","TATCCTATCGAGATAA-1_3_1"
"2102","TATCGCCCAAGACCGA-1_3_1"
"2103","TATCGCCCATAATCGC-1_3_1"
"2104","TATCGCCCATCCTAAG-1_3_1"
"2105","TATCGCCGTTGTGTAC-1_3_1"
"2106","TATCTGTCACCCAATA-1_3_1"
"2107","TATCTTGCATACAGAA-1_3_1"
"2108","TATCTTGGTACCCACG-1_3_1"
"2109","TATGTTCCACCTTCCA-1_3_1"
"2110","TATGTTCGTATTAAGG-1_3_1"
"2111","TATGTTCGTCAATCTG-1_3_1"
"2112","TATTCCAAGAACCCGA-1_3_1"
"2113","TATTCCACAAGTGGGT-1_3_1"
"2114","TATTCCACAGAATTCC-1_3_1"
"2115","TATTCCAGTAGATCCT-1_3_1"
"2116","TATTCCAGTCCAGCGT-1_3_1"
"2117","TATTGCTAGTGTCATC-1_3_1"
"2118","TATTGCTCAGTGTATC-1_3_1"
"2119","TATTGCTGTATCGATC-1_3_1"
"2120","TATTGGGAGATGCCGA-1_3_1"
"2121","TATTGGGCATGATCTG-1_3_1"
"2122","TATTTCGAGGCTCCCA-1_3_1"
"2123","TCAAGACTCATGACAC-1_3_1"
"2124","TCAAGACTCTCCGTGT-1_3_1"
"2125","TCAAGCAAGGGCCTCT-1_3_1"
"2126","TCAAGTGAGGCAGTCA-1_3_1"
"2127","TCAAGTGCAGAAATTG-1_3_1"
"2128","TCAAGTGGTGCTTATG-1_3_1"
"2129","TCAAGTGTCATTTGGG-1_3_1"
"2130","TCAATCTAGCGCCTAC-1_3_1"
"2131","TCAATCTCAATTGCGT-1_3_1"
"2132","TCAATCTGTACTTGTG-1_3_1"
"2133","TCAATTCAGATGAACT-1_3_1"
"2134","TCAATTCAGCGCGTTC-1_3_1"
"2135","TCAATTCAGGTTCCGC-1_3_1"
"2136","TCAATTCCACATGGTT-1_3_1"
"2137","TCAATTCCACGTATAC-1_3_1"
"2138","TCAATTCCAGCCATTA-1_3_1"
"2139","TCAATTCTCCAGTGCG-1_3_1"
"2140","TCACAAGCAGTCTGGC-1_3_1"
"2141","TCACACCAGATCCTAC-1_3_1"
"2142","TCACACCAGTTAGTGA-1_3_1"
"2143","TCACACCGTGAATAAC-1_3_1"
"2144","TCACATTAGAGATGCC-1_3_1"
"2145","TCACATTGTAGACAAT-1_3_1"
"2146","TCACATTGTCGTCTCT-1_3_1"
"2147","TCACGCTAGTTGAATG-1_3_1"
"2148","TCACGCTCATAACTCG-1_3_1"
"2149","TCACGCTGTGCAATGG-1_3_1"
"2150","TCACGCTGTGCCCAGT-1_3_1"
"2151","TCACGGGCATTGTACG-1_3_1"
"2152","TCACGGGGTCGAAGCA-1_3_1"
"2153","TCACGGGTCCTGCCAT-1_3_1"
"2154","TCACGGGTCGAGTCCG-1_3_1"
"2155","TCACTATAGGAGGGTG-1_3_1"
"2156","TCACTATAGGTACAGC-1_3_1"
"2157","TCACTATCATGTACGT-1_3_1"
"2158","TCACTATGTTCAAAGA-1_3_1"
"2159","TCACTCGTCCATCGTC-1_3_1"
"2160","TCACTCGTCTTGATTC-1_3_1"
"2161","TCAGCAAGTGTATTCG-1_3_1"
"2162","TCAGCCTGTCAATGGG-1_3_1"
"2163","TCAGGTACAACCGCTG-1_3_1"
"2164","TCAGGTACACAGTCCG-1_3_1"
"2165","TCAGGTAGTAGCTCGC-1_3_1"
"2166","TCAGGTATCATGGATC-1_3_1"
"2167","TCAGGTATCGTGCTCT-1_3_1"
"2168","TCAGGTATCTCGACCT-1_3_1"
"2169","TCAGTCCAGAGTAACT-1_3_1"
"2170","TCAGTCCCAAAGGCTG-1_3_1"
"2171","TCAGTCCCATCAGTGT-1_3_1"
"2172","TCAGTCCGTAGTGGCA-1_3_1"
"2173","TCAGTCCTCTGTCTCG-1_3_1"
"2174","TCAGTTTGTGGCACTC-1_3_1"
"2175","TCAGTTTTCAATCCAG-1_3_1"
"2176","TCATACTAGACCTCCG-1_3_1"
"2177","TCATACTAGATCGGTG-1_3_1"
"2178","TCATACTAGCGCCTTG-1_3_1"
"2179","TCATACTTCTGTCCCA-1_3_1"
"2180","TCATATCAGACAACAT-1_3_1"
"2181","TCATCCGGTACTCGCG-1_3_1"
"2182","TCATCCGGTGTCTTAG-1_3_1"
"2183","TCATCCGTCTCAAAGC-1_3_1"
"2184","TCATGAGAGCCATGCC-1_3_1"
"2185","TCATGCCAGCGACAGT-1_3_1"
"2186","TCATGCCTCTTGCAGA-1_3_1"
"2187","TCATGGACAATGTTGC-1_3_1"
"2188","TCATGGAGTTTACCAG-1_3_1"
"2189","TCATTACAGACACACG-1_3_1"
"2190","TCATTACAGCAGCCCT-1_3_1"
"2191","TCATTACAGGAAGTAG-1_3_1"
"2192","TCATTACAGGAAGTCC-1_3_1"
"2193","TCATTACTCGCTCATC-1_3_1"
"2194","TCATTCACAACTCCAA-1_3_1"
"2195","TCATTCAGTCACTGAT-1_3_1"
"2196","TCATTTGGTCACCGAC-1_3_1"
"2197","TCATTTGTCGCCAATA-1_3_1"
"2198","TCCACCACATCTCCCA-1_3_1"
"2199","TCCACCAGTATCATGC-1_3_1"
"2200","TCCACCAGTGTAAATG-1_3_1"
"2201","TCCACCAGTGTCTTGA-1_3_1"
"2202","TCCACCAGTGTGACCC-1_3_1"
"2203","TCCAGAAAGCGTCTCG-1_3_1"
"2204","TCCATGCCATTCACCC-1_3_1"
"2205","TCCCACAAGATTCGAA-1_3_1"
"2206","TCCCACAAGGCCATAG-1_3_1"
"2207","TCCCACACACCTGATA-1_3_1"
"2208","TCCCAGTCACAGCTTA-1_3_1"
"2209","TCCCAGTCACTACCGG-1_3_1"
"2210","TCCCAGTGTACTCGAT-1_3_1"
"2211","TCCCATGAGATGTTAG-1_3_1"
"2212","TCCCATGAGGGTACGT-1_3_1"
"2213","TCCCATGAGTAATCCC-1_3_1"
"2214","TCCCATGCACTGCATA-1_3_1"
"2215","TCCCATGCATCCCGTT-1_3_1"
"2216","TCCGAAAAGCTAAATG-1_3_1"
"2217","TCCGAAACAAGGCTTT-1_3_1"
"2218","TCCGAAAGTAGATCCT-1_3_1"
"2219","TCCGAAAGTAGCTTGT-1_3_1"
"2220","TCCGAAAGTCAACATC-1_3_1"
"2221","TCCGATCAGAGCCTGA-1_3_1"
"2222","TCCGATCAGCTTTCTT-1_3_1"
"2223","TCCGATCAGTTGCGCC-1_3_1"
"2224","TCCGATCTCCGACATA-1_3_1"
"2225","TCCGGGATCGGTATGT-1_3_1"
"2226","TCCGTGTTCAGGAAAT-1_3_1"
"2227","TCCGTGTTCGTAACCA-1_3_1"
"2228","TCCTAATAGCTAGATA-1_3_1"
"2229","TCCTCCCAGCTTCTAG-1_3_1"
"2230","TCCTCCCCACATCATG-1_3_1"
"2231","TCCTCCCCACGCTGCA-1_3_1"
"2232","TCCTCGAAGAGAAGGT-1_3_1"
"2233","TCCTCTTAGCGCCTAC-1_3_1"
"2234","TCCTCTTCATTCTCTA-1_3_1"
"2235","TCCTCTTGTACTAAGA-1_3_1"
"2236","TCCTCTTTCTTACCGC-1_3_1"
"2237","TCCTGCAAGAGTCACG-1_3_1"
"2238","TCCTGCATCCTCGCAT-1_3_1"
"2239","TCCTTCTAGACGTCCC-1_3_1"
"2240","TCCTTCTAGCTCTGTA-1_3_1"
"2241","TCCTTCTCAAGGGCAT-1_3_1"
"2242","TCCTTTCTCCAACCAA-1_3_1"
"2243","TCGAACACAGAGCGTA-1_3_1"
"2244","TCGAAGTAGTCAAGCG-1_3_1"
"2245","TCGAAGTGTCTTTCTA-1_3_1"
"2246","TCGAAGTGTGCCTGCA-1_3_1"
"2247","TCGACCTAGCGGGTAT-1_3_1"
"2248","TCGACCTCAATCTAGC-1_3_1"
"2249","TCGACCTTCTGATGGT-1_3_1"
"2250","TCGACGGAGACCATAA-1_3_1"
"2251","TCGACGGAGTGAACAT-1_3_1"
"2252","TCGACGGCATCTTTCA-1_3_1"
"2253","TCGACGGTCATTACTC-1_3_1"
"2254","TCGACGGTCTGAACGT-1_3_1"
"2255","TCGATTTCATCGCTCT-1_3_1"
"2256","TCGATTTTCATGCTAG-1_3_1"
"2257","TCGCACTCACGACCTG-1_3_1"
"2258","TCGCACTCACGGATCC-1_3_1"
"2259","TCGCACTCAGCGGTCT-1_3_1"
"2260","TCGCACTCAGCTTTCC-1_3_1"
"2261","TCGCACTCAGGTGTGA-1_3_1"
"2262","TCGCAGGCATCAGCGC-1_3_1"
"2263","TCGCAGGCATGGAGAC-1_3_1"
"2264","TCGCTCAAGCCGAACA-1_3_1"
"2265","TCGCTTGAGTCATGCT-1_3_1"
"2266","TCGCTTGCACTAAACC-1_3_1"
"2267","TCGGGACAGGTAACTA-1_3_1"
"2268","TCGGGACCATATCTGG-1_3_1"
"2269","TCGGGACGTACCGTCG-1_3_1"
"2270","TCGGGCACAAATGATG-1_3_1"
"2271","TCGGGCACAGGCTTGC-1_3_1"
"2272","TCGGGCAGTATTGACC-1_3_1"
"2273","TCGGGTGCAAGTCCCG-1_3_1"
"2274","TCGGGTGCACAATCTG-1_3_1"
"2275","TCGGGTGTCGCAGTTA-1_3_1"
"2276","TCGGTCTTCCTGGTCT-1_3_1"
"2277","TCGGTCTTCGTCAACA-1_3_1"
"2278","TCGTAGACAAGCGGAT-1_3_1"
"2279","TCGTAGAGTAGAATAC-1_3_1"
"2280","TCGTCCACAGAGTAAT-1_3_1"
"2281","TCGTCCACAGGCTACC-1_3_1"
"2282","TCGTCCATCATTCGTT-1_3_1"
"2283","TCGTCCATCGTGTGGC-1_3_1"
"2284","TCGTGCTCATACTGAC-1_3_1"
"2285","TCGTGGGAGTTCCATG-1_3_1"
"2286","TCTAACTCAAGCGAAC-1_3_1"
"2287","TCTACATCAGGCTCTG-1_3_1"
"2288","TCTACATGTCTGTGAT-1_3_1"
"2289","TCTACATTCTATACGG-1_3_1"
"2290","TCTACCGGTTAACCTG-1_3_1"
"2291","TCTACCGGTTCGTACA-1_3_1"
"2292","TCTACCGTCTGAACGT-1_3_1"
"2293","TCTATACAGGTCATCT-1_3_1"
"2294","TCTATACGTCCATCTC-1_3_1"
"2295","TCTATACGTCCGCAGT-1_3_1"
"2296","TCTATCATCAACCGAT-1_3_1"
"2297","TCTATCATCGTGGTAT-1_3_1"
"2298","TCTCACGGTATGACAA-1_3_1"
"2299","TCTCACGTCATTGCTT-1_3_1"
"2300","TCTCACGTCCGCACTT-1_3_1"
"2301","TCTCACGTCCGGACGT-1_3_1"
"2302","TCTCACGTCCTATTTG-1_3_1"
"2303","TCTCAGCTCCTCACTG-1_3_1"
"2304","TCTCAGCTCGATGGAG-1_3_1"
"2305","TCTCAGCTCGGTAACT-1_3_1"
"2306","TCTCCGACAACTGAAA-1_3_1"
"2307","TCTCCGAGTGGCCTCA-1_3_1"
"2308","TCTCCGATCAATGTCG-1_3_1"
"2309","TCTCTGGAGTGGGAAA-1_3_1"
"2310","TCTCTGGCAATCTAGC-1_3_1"
"2311","TCTCTGGGTGTAGGAC-1_3_1"
"2312","TCTCTGGTCAGCCTCT-1_3_1"
"2313","TCTCTGGTCTCTGAGA-1_3_1"
"2314","TCTGCCAAGTACAACA-1_3_1"
"2315","TCTGCCAAGTAGAGTT-1_3_1"
"2316","TCTGCCAGTGCCTATA-1_3_1"
"2317","TCTGCCAGTGTGTCCG-1_3_1"
"2318","TCTGCCATCGAACTCA-1_3_1"
"2319","TCTGGCTAGATTCGAA-1_3_1"
"2320","TCTGGCTAGCATTGTC-1_3_1"
"2321","TCTGTCGAGTTCTACG-1_3_1"
"2322","TCTTAGTCACACCTGG-1_3_1"
"2323","TCTTAGTCACGAAGAC-1_3_1"
"2324","TCTTAGTCAGTAACGG-1_3_1"
"2325","TCTTAGTGTTTCGGCG-1_3_1"
"2326","TCTTCCTGTTTGCAGT-1_3_1"
"2327","TCTTGCGAGTCCTGTA-1_3_1"
"2328","TCTTTGAAGGATTTAG-1_3_1"
"2329","TGAACGTTCGAGCCAC-1_3_1"
"2330","TGAATCGAGTAAGGGA-1_3_1"
"2331","TGAATCGCAGGACAGT-1_3_1"
"2332","TGAATGCAGATGTTCC-1_3_1"
"2333","TGAATGCTCTGAGAAA-1_3_1"
"2334","TGACAGTAGTCCCTAA-1_3_1"
"2335","TGACAGTCAGCACCCA-1_3_1"
"2336","TGACAGTGTTGCGTAT-1_3_1"
"2337","TGACAGTGTTTACTGG-1_3_1"
"2338","TGACCCTTCACCCTTG-1_3_1"
"2339","TGACGCGCAGGCCTGT-1_3_1"
"2340","TGACGCGGTGGTCCGT-1_3_1"
"2341","TGACGCGGTGTTCGTA-1_3_1"
"2342","TGACGCGTCCCAAGTA-1_3_1"
"2343","TGACTCCAGCATGCGA-1_3_1"
"2344","TGACTCCCAAGAGTTA-1_3_1"
"2345","TGACTCCGTCCGAAAG-1_3_1"
"2346","TGAGACTAGTGTGTTC-1_3_1"
"2347","TGAGACTCACCCAATA-1_3_1"
"2348","TGAGACTTCTAACACG-1_3_1"
"2349","TGAGACTTCTCAAAGC-1_3_1"
"2350","TGAGCATGTACAGAAT-1_3_1"
"2351","TGAGCATTCGATTCCC-1_3_1"
"2352","TGAGCGCAGCAGGTCA-1_3_1"
"2353","TGAGCGCAGCGCATCC-1_3_1"
"2354","TGAGCGCTCACTTCTA-1_3_1"
"2355","TGAGCGCTCGGCACTG-1_3_1"
"2356","TGAGGAGAGTAAACAC-1_3_1"
"2357","TGAGGAGGTAACAAGT-1_3_1"
"2358","TGAGGGAAGCATGATA-1_3_1"
"2359","TGAGGGATCGCAATGT-1_3_1"
"2360","TGAGGTTAGGCCACCT-1_3_1"
"2361","TGAGGTTAGTCAATCC-1_3_1"
"2362","TGAGGTTAGTCTGGTT-1_3_1"
"2363","TGAGGTTGTATTAAGG-1_3_1"
"2364","TGAGGTTGTGGAGGTT-1_3_1"
"2365","TGAGTCAAGTCAGGGT-1_3_1"
"2366","TGAGTCATCTTACCAT-1_3_1"
"2367","TGATCAGAGCCTCAGC-1_3_1"
"2368","TGATCAGCAAGGTCGA-1_3_1"
"2369","TGATCAGGTAGAATGT-1_3_1"
"2370","TGATCTTAGACCATAA-1_3_1"
"2371","TGATCTTTCGACGCGT-1_3_1"
"2372","TGATGCAAGTATAACG-1_3_1"
"2373","TGATGCACATCGGCCA-1_3_1"
"2374","TGATGCAGTACAACGG-1_3_1"
"2375","TGATGCAGTGCTAGCC-1_3_1"
"2376","TGATGCAGTTGGCCTG-1_3_1"
"2377","TGATGCATCATGGAGG-1_3_1"
"2378","TGATGCATCGGACTTA-1_3_1"
"2379","TGATGGTAGTCGGGAT-1_3_1"
"2380","TGATGGTAGTTACTCG-1_3_1"
"2381","TGATGGTCATACACCA-1_3_1"
"2382","TGATGGTTCGGTCGGT-1_3_1"
"2383","TGATTCTAGCATCGAG-1_3_1"
"2384","TGATTCTGTACATTGC-1_3_1"
"2385","TGATTTCGTACGCGTC-1_3_1"
"2386","TGCACGGCATGAGAAT-1_3_1"
"2387","TGCACGGTCCGTAGTA-1_3_1"
"2388","TGCAGATAGTAGACAT-1_3_1"
"2389","TGCAGATCATTGAAAG-1_3_1"
"2390","TGCAGGCCAGGTCAGA-1_3_1"
"2391","TGCAGGCTCTTTCCGG-1_3_1"
"2392","TGCAGTAAGGCAGGTT-1_3_1"
"2393","TGCAGTACACGATTCA-1_3_1"
"2394","TGCAGTAGTCGCGGTT-1_3_1"
"2395","TGCAGTATCGAAGGAC-1_3_1"
"2396","TGCAGTATCTGTGCTC-1_3_1"
"2397","TGCATCCAGACTTCAC-1_3_1"
"2398","TGCATCCTCTCCATAT-1_3_1"
"2399","TGCATCCTCTGTCGCT-1_3_1"
"2400","TGCATGAAGCTCAGAG-1_3_1"
"2401","TGCATGAGTAGCACAG-1_3_1"
"2402","TGCATGAGTCGAGTTT-1_3_1"
"2403","TGCCGAGAGCATTGAA-1_3_1"
"2404","TGCCGAGAGTGGTTCT-1_3_1"
"2405","TGCCGAGCACTTGGCG-1_3_1"
"2406","TGCCGAGGTTGGAGGT-1_3_1"
"2407","TGCGACGGTTGGTACT-1_3_1"
"2408","TGCGACGTCGACACCG-1_3_1"
"2409","TGCGATAAGAAAGCGA-1_3_1"
"2410","TGCGATAAGCACTGGA-1_3_1"
"2411","TGCGATAGTAACGGTG-1_3_1"
"2412","TGCGGCACAGCTGGTC-1_3_1"
"2413","TGCGGCATCGTGCACG-1_3_1"
"2414","TGCGGCATCTCATTAC-1_3_1"
"2415","TGCGGGTAGTACCATC-1_3_1"
"2416","TGCGGGTGTTTCGTAG-1_3_1"
"2417","TGCTCCAAGAAACTCA-1_3_1"
"2418","TGCTCCAAGCCAGTAG-1_3_1"
"2419","TGCTCCAAGGATTTAG-1_3_1"
"2420","TGCTCCAGTACCTATG-1_3_1"
"2421","TGCTCCAGTCTGTCAA-1_3_1"
"2422","TGCTCCATCCGAAGGA-1_3_1"
"2423","TGCTCCATCGACCATA-1_3_1"
"2424","TGCTCGTAGAGTGACC-1_3_1"
"2425","TGCTCGTGTACGTACT-1_3_1"
"2426","TGCTCGTGTCTGCATA-1_3_1"
"2427","TGCTGAAAGGCCTTCG-1_3_1"
"2428","TGCTGAACACATCATG-1_3_1"
"2429","TGCTGAACAGCGCGTT-1_3_1"
"2430","TGCTGAAGTCGTGGAA-1_3_1"
"2431","TGCTGAAGTTGAAGTA-1_3_1"
"2432","TGCTGAATCAGCTAGT-1_3_1"
"2433","TGCTGAATCGCCACTT-1_3_1"
"2434","TGCTGAATCTCCTGAC-1_3_1"
"2435","TGCTTCGAGACCGTTT-1_3_1"
"2436","TGCTTCGAGCCAGTAG-1_3_1"
"2437","TGCTTCGTCAGGAACG-1_3_1"
"2438","TGCTTGCGTTCCCAAA-1_3_1"
"2439","TGCTTGCTCATCGCTC-1_3_1"
"2440","TGGAACTAGTGTTCCA-1_3_1"
"2441","TGGAGAGTCAAACCCA-1_3_1"
"2442","TGGAGGAAGACTTCGT-1_3_1"
"2443","TGGAGGACATTGAAGA-1_3_1"
"2444","TGGATCACAGTGAGCA-1_3_1"
"2445","TGGATGTAGGAAAGAC-1_3_1"
"2446","TGGATGTGTCCAGAAG-1_3_1"
"2447","TGGATGTGTTCAGTAC-1_3_1"
"2448","TGGATGTTCGCGATCG-1_3_1"
"2449","TGGATGTTCTCAGAAC-1_3_1"
"2450","TGGCGTGAGATACGAT-1_3_1"
"2451","TGGCGTGGTTGCGGAA-1_3_1"
"2452","TGGGAAGAGCCTTTGA-1_3_1"
"2453","TGGGAAGCACGCGTCA-1_3_1"
"2454","TGGGAAGCAGCGTGCT-1_3_1"
"2455","TGGGAAGGTCGGCCTA-1_3_1"
"2456","TGGGAAGTCCTTTAGT-1_3_1"
"2457","TGGGAGAGTGGCTACC-1_3_1"
"2458","TGGGATTAGACGGTTG-1_3_1"
"2459","TGGGCGTCATGCAGCC-1_3_1"
"2460","TGGGCTGGTCGCATTA-1_3_1"
"2461","TGGGCTGGTGACAGCA-1_3_1"
"2462","TGGGCTGTCACGTCCT-1_3_1"
"2463","TGGGCTGTCGAGAATA-1_3_1"
"2464","TGGGTTAAGTCCTGTA-1_3_1"
"2465","TGGGTTAAGTGGAATT-1_3_1"
"2466","TGGGTTACATCTGCGG-1_3_1"
"2467","TGGGTTATCACGTAGT-1_3_1"
"2468","TGGGTTATCCGAAATC-1_3_1"
"2469","TGGGTTATCTACCAGA-1_3_1"
"2470","TGGTACAAGGCCTTGC-1_3_1"
"2471","TGGTACAGTACGACAG-1_3_1"
"2472","TGGTACAGTCCTCATC-1_3_1"
"2473","TGGTACAGTCTCAAGT-1_3_1"
"2474","TGGTACATCAATCGGT-1_3_1"
"2475","TGGTAGTAGATTGAGT-1_3_1"
"2476","TGGTAGTGTGATGAAT-1_3_1"
"2477","TGGTAGTTCTGGTTGA-1_3_1"
"2478","TGGTGATCACGGCTAC-1_3_1"
"2479","TGGTGATCAGACATCT-1_3_1"
"2480","TGGTGATCATCGAGCC-1_3_1"
"2481","TGGTGATGTCCTACGG-1_3_1"
"2482","TGGTTAGAGCCGTAAG-1_3_1"
"2483","TGGTTAGAGGTACATA-1_3_1"
"2484","TGGTTAGCAGCGCGTT-1_3_1"
"2485","TGTAACGCACGGCACT-1_3_1"
"2486","TGTAAGCTCATCTGTT-1_3_1"
"2487","TGTAAGCTCCACTTTA-1_3_1"
"2488","TGTAAGCTCTTAGCAG-1_3_1"
"2489","TGTACAGAGCACAAAT-1_3_1"
"2490","TGTACAGTCTCGCTTG-1_3_1"
"2491","TGTAGACAGATAGTCA-1_3_1"
"2492","TGTAGACCAAAGCTCT-1_3_1"
"2493","TGTAGACCAAGTTGGG-1_3_1"
"2494","TGTAGACGTGACACAG-1_3_1"
"2495","TGTAGACTCCTAAACG-1_3_1"
"2496","TGTAGACTCGATAACC-1_3_1"
"2497","TGTAGACTCGCAAGAG-1_3_1"
"2498","TGTAGACTCGCTTTAT-1_3_1"
"2499","TGTCAGAAGGGTCACA-1_3_1"
"2500","TGTCAGAGTAGGCAGT-1_3_1"
"2501","TGTCAGAGTTTCTATC-1_3_1"
"2502","TGTCAGATCCTAAACG-1_3_1"
"2503","TGTCCACGTATGGGAC-1_3_1"
"2504","TGTCCCAGTACTCGCG-1_3_1"
"2505","TGTCCTGGTAACCCGC-1_3_1"
"2506","TGTCCTGTCGCAGTTA-1_3_1"
"2507","TGTGAGTAGAATTGCA-1_3_1"
"2508","TGTGAGTAGCGCCTAC-1_3_1"
"2509","TGTGAGTCATATCGGT-1_3_1"
"2510","TGTGAGTGTTACGATC-1_3_1"
"2511","TGTGATGGTATCGTGT-1_3_1"
"2512","TGTGATGTCCATCTCG-1_3_1"
"2513","TGTGCGGGTAGCGATG-1_3_1"
"2514","TGTGCGGGTATCGCTA-1_3_1"
"2515","TGTGCGGGTCGAGTGA-1_3_1"
"2516","TGTGCGGGTCGTATTG-1_3_1"
"2517","TGTGCGGTCTCGTTTA-1_3_1"
"2518","TGTGGCGGTAATCAGA-1_3_1"
"2519","TGTGGCGTCATTCGGA-1_3_1"
"2520","TGTGTGAAGAGCTGCA-1_3_1"
"2521","TGTGTGAAGCGCGTTC-1_3_1"
"2522","TGTGTGACAGGTCCCA-1_3_1"
"2523","TGTGTGATCTCTCTAA-1_3_1"
"2524","TGTTACTAGCATGTTC-1_3_1"
"2525","TGTTACTGTACTCGCG-1_3_1"
"2526","TGTTCATAGATGCTGG-1_3_1"
"2527","TGTTCATAGCCTTTGA-1_3_1"
"2528","TGTTCATCACTGTGAT-1_3_1"
"2529","TGTTCCGCAAGCGAGT-1_3_1"
"2530","TGTTCCGGTACGATTC-1_3_1"
"2531","TGTTCCGGTAGAAACT-1_3_1"
"2532","TGTTCCGTCTCTCCGA-1_3_1"
"2533","TGTTCTACAACTTGGT-1_3_1"
"2534","TGTTCTACAAGAGGCT-1_3_1"
"2535","TGTTCTACACCTTCCA-1_3_1"
"2536","TGTTCTAGTATTGGCT-1_3_1"
"2537","TGTTCTATCAAGATAG-1_3_1"
"2538","TGTTCTATCTATACGG-1_3_1"
"2539","TGTTGAGAGAAACCAT-1_3_1"
"2540","TGTTGGAAGCAGCACA-1_3_1"
"2541","TGTTGGAAGCAGTCTT-1_3_1"
"2542","TGTTGGAAGCCTGCCA-1_3_1"
"2543","TGTTGGATCGGCAGTC-1_3_1"
"2544","TGTTTGTAGAAGTCAT-1_3_1"
"2545","TGTTTGTAGCTGACCC-1_3_1"
"2546","TGTTTGTAGTCATGGG-1_3_1"
"2547","TGTTTGTAGTTCACTG-1_3_1"
"2548","TGTTTGTCAGACAAAT-1_3_1"
"2549","TTAATCCAGCACTAAA-1_3_1"
"2550","TTAATCCCATGGTACT-1_3_1"
"2551","TTAATCCGTAAGCGGT-1_3_1"
"2552","TTACAGGCACAATGAA-1_3_1"
"2553","TTACAGGCATATCTGG-1_3_1"
"2554","TTACAGGGTTACGATC-1_3_1"
"2555","TTACAGGTCTGCTGAA-1_3_1"
"2556","TTACCATAGACTGTTC-1_3_1"
"2557","TTACCATAGAGCATTA-1_3_1"
"2558","TTACCATCAAACCATC-1_3_1"
"2559","TTACCATTCGATACGT-1_3_1"
"2560","TTACCGCAGGAACGCT-1_3_1"
"2561","TTACCGCTCACTTGGA-1_3_1"
"2562","TTACCGCTCGCAGATT-1_3_1"
"2563","TTACGCCGTACAAGTA-1_3_1"
"2564","TTACGCCGTATAGCTC-1_3_1"
"2565","TTACGTTAGAATCCCT-1_3_1"
"2566","TTACGTTAGGCGTTAG-1_3_1"
"2567","TTACGTTCACCATTCC-1_3_1"
"2568","TTACGTTCACTGTCCT-1_3_1"
"2569","TTACGTTTCGTTCATT-1_3_1"
"2570","TTACTGTAGGTCCGAA-1_3_1"
"2571","TTACTGTAGTTTGGCT-1_3_1"
"2572","TTAGGCACAGAGTAAT-1_3_1"
"2573","TTAGGCACATGACTTG-1_3_1"
"2574","TTAGGGTAGAGTGTTA-1_3_1"
"2575","TTAGGGTAGTACTGTC-1_3_1"
"2576","TTAGGGTAGTCGAAGC-1_3_1"
"2577","TTAGGGTGTATCATGC-1_3_1"
"2578","TTAGTCTAGGAACGTC-1_3_1"
"2579","TTAGTCTGTCAACCAT-1_3_1"
"2580","TTAGTCTTCGAGAGAC-1_3_1"
"2581","TTAGTCTTCGCCGTGA-1_3_1"
"2582","TTATTGCCACATTCTT-1_3_1"
"2583","TTATTGCTCGGCTGTG-1_3_1"
"2584","TTATTGCTCGTTCTGC-1_3_1"
"2585","TTCAATCCAGGGCTTC-1_3_1"
"2586","TTCAATCCAGTGACCC-1_3_1"
"2587","TTCAATCGTTGGAGGT-1_3_1"
"2588","TTCAATCTCACAAGAA-1_3_1"
"2589","TTCACCGCAAGGTACG-1_3_1"
"2590","TTCACCGGTACCGGAA-1_3_1"
"2591","TTCACCGTCCGAGTGC-1_3_1"
"2592","TTCACGCAGAAATTGC-1_3_1"
"2593","TTCACGCAGCATGCAG-1_3_1"
"2594","TTCAGGAAGCCTGTCG-1_3_1"
"2595","TTCAGGAAGCGTTCCG-1_3_1"
"2596","TTCATGTCATCTGGGC-1_3_1"
"2597","TTCATGTTCTTACGGA-1_3_1"
"2598","TTCATTGGTCTGTCCT-1_3_1"
"2599","TTCCAATAGACTTCGT-1_3_1"
"2600","TTCCAATCACTTCAGA-1_3_1"
"2601","TTCCAATGTCGTGATT-1_3_1"
"2602","TTCCAATGTGCAGGAT-1_3_1"
"2603","TTCCAATTCACATCAG-1_3_1"
"2604","TTCCAATTCAGCGTCG-1_3_1"
"2605","TTCCAATTCATCTACT-1_3_1"
"2606","TTCCAATTCCCGAGAC-1_3_1"
"2607","TTCCACGCAACAACAA-1_3_1"
"2608","TTCCACGGTTCGCGTG-1_3_1"
"2609","TTCCGGTGTCGGCCTA-1_3_1"
"2610","TTCCGGTGTTTGGGAG-1_3_1"
"2611","TTCCGTGAGTAGCCAG-1_3_1"
"2612","TTCCGTGCACCCTTAC-1_3_1"
"2613","TTCCGTGCAGTCCCGA-1_3_1"
"2614","TTCCGTGGTTTCGTTT-1_3_1"
"2615","TTCCGTGTCGAAGCAG-1_3_1"
"2616","TTCCGTGTCTGGGCGT-1_3_1"
"2617","TTCCGTGTCTGTGCGG-1_3_1"
"2618","TTCCTAAAGCTAAACA-1_3_1"
"2619","TTCCTAAAGTTGGCTT-1_3_1"
"2620","TTCCTAACATACAGAA-1_3_1"
"2621","TTCCTAAGTGGAACAC-1_3_1"
"2622","TTCCTCTAGTTCCTGA-1_3_1"
"2623","TTCCTCTGTCTAACTG-1_3_1"
"2624","TTCCTTCTCTGGCTGG-1_3_1"
"2625","TTCGATTCAGCCTTCT-1_3_1"
"2626","TTCGATTGTATGAGGC-1_3_1"
"2627","TTCGATTGTGGATGAC-1_3_1"
"2628","TTCGCTGCAAAGGTTA-1_3_1"
"2629","TTCGCTGCAAATGAGT-1_3_1"
"2630","TTCGCTGGTCAGTCCG-1_3_1"
"2631","TTCGGTCAGAGAGGTA-1_3_1"
"2632","TTCGGTCGTGCTTCAA-1_3_1"
"2633","TTCGGTCTCAGTGGGA-1_3_1"
"2634","TTCTAACAGGCGCTCT-1_3_1"
"2635","TTCTAACAGTCGGGAT-1_3_1"
"2636","TTCTAACCACGGGTAA-1_3_1"
"2637","TTCTAACGTACGATGG-1_3_1"
"2638","TTCTCTCTCTCGACGG-1_3_1"
"2639","TTCTGTAAGGCTAGCA-1_3_1"
"2640","TTCTGTACAGTTCTAG-1_3_1"
"2641","TTCTGTATCACTCTTA-1_3_1"
"2642","TTCTTCCAGTTGGAGC-1_3_1"
"2643","TTCTTCCGTCTCACGG-1_3_1"
"2644","TTCTTCCGTTCGAGCC-1_3_1"
"2645","TTCTTCCGTTGCATTG-1_3_1"
"2646","TTCTTGAAGGTAGCAC-1_3_1"
"2647","TTCTTGACATCCGGTG-1_3_1"
"2648","TTCTTGAGTAGACAAT-1_3_1"
"2649","TTCTTGATCTGAACGT-1_3_1"
"2650","TTGAACGAGAGGTTAT-1_3_1"
"2651","TTGAACGAGCCATCCG-1_3_1"
"2652","TTGAACGAGCGCACAA-1_3_1"
"2653","TTGAACGTCGCTTGCT-1_3_1"
"2654","TTGACCCAGAAATTCG-1_3_1"
"2655","TTGACCCAGTATTGCC-1_3_1"
"2656","TTGACCCCATGAAGGC-1_3_1"
"2657","TTGACCCGTCTTGAGT-1_3_1"
"2658","TTGACCCTCACCTTAT-1_3_1"
"2659","TTGACCCTCAGAACCT-1_3_1"
"2660","TTGAGTGCATCGCCTT-1_3_1"
"2661","TTGAGTGGTTCTCAGA-1_3_1"
"2662","TTGAGTGTCTCACTCG-1_3_1"
"2663","TTGATGGTCGGTAAGG-1_3_1"
"2664","TTGCATTAGGCATGGT-1_3_1"
"2665","TTGCATTAGGGTACGT-1_3_1"
"2666","TTGCATTGTCGCCTAG-1_3_1"
"2667","TTGCGTCAGGCCTGCT-1_3_1"
"2668","TTGCTGCCAGCACGAA-1_3_1"
"2669","TTGCTGCGTCTCCTGT-1_3_1"
"2670","TTGCTGCTCGTAGAGG-1_3_1"
"2671","TTGCTGCTCTGTCAGA-1_3_1"
"2672","TTGGATGTCGAGCACC-1_3_1"
"2673","TTGGATGTCTCGGGAC-1_3_1"
"2674","TTGGGCGAGAAGCGGG-1_3_1"
"2675","TTGGGCGGTAAGATTG-1_3_1"
"2676","TTGGGCGGTATGAGCG-1_3_1"
"2677","TTGGGCGGTCCTTAAG-1_3_1"
"2678","TTGGGCGTCATACAGC-1_3_1"
"2679","TTGGGTACATGTACGT-1_3_1"
"2680","TTGGTTTGTTCGGCCA-1_3_1"
"2681","TTGGTTTTCGCCAGAC-1_3_1"
"2682","TTGGTTTTCTTGGTGA-1_3_1"
"2683","TTGTGGAAGTGCGACA-1_3_1"
"2684","TTGTGGATCTTCCAGC-1_3_1"
"2685","TTGTGGATCTTCGATT-1_3_1"
"2686","TTGTGTTAGCGCCTCA-1_3_1"
"2687","TTGTGTTAGTAAACAC-1_3_1"
"2688","TTGTTCAAGCGCTTCG-1_3_1"
"2689","TTGTTCAAGTCATTGC-1_3_1"
"2690","TTGTTCAGTCTTCATT-1_3_1"
"2691","TTGTTCAGTGGCGCTT-1_3_1"
"2692","TTGTTGTAGAAGATCT-1_3_1"
"2693","TTGTTGTGTGTGTTTG-1_3_1"
"2694","TTGTTGTGTTCCTAAG-1_3_1"
"2695","TTGTTGTTCATCGCAA-1_3_1"
"2696","TTGTTTGGTGACTGAG-1_3_1"
"2697","TTGTTTGTCTCGACCT-1_3_1"
"2698","TTTACCAAGAAGTCCG-1_3_1"
"2699","TTTACCAAGATGCGAC-1_3_1"
"2700","TTTACCAGTCTCGACG-1_3_1"
"2701","TTTACCAGTGCATACT-1_3_1"
"2702","TTTACCAGTTTACCAG-1_3_1"
"2703","TTTACCATCCATCGTC-1_3_1"
"2704","TTTACGTCAAGCTCTA-1_3_1"
"2705","TTTACGTGTGACCGAA-1_3_1"
"2706","TTTACGTTCCACCTCA-1_3_1"
"2707","TTTACGTTCTTTCAGT-1_3_1"
"2708","TTTACTGAGACACACG-1_3_1"
"2709","TTTACTGGTAACACGG-1_3_1"
"2710","TTTACTGTCCACAAGT-1_3_1"
"2711","TTTAGTCTCGCTAGCG-1_3_1"
"2712","TTTATGCTCAAAGGTA-1_3_1"
"2713","TTTATGCTCTCCAAGA-1_3_1"
"2714","TTTCACAGTGAGCCAA-1_3_1"
"2715","TTTCACATCCCAGGAC-1_3_1"
"2716","TTTCAGTTCGGAATTC-1_3_1"
"2717","TTTCATGTCCATCCGT-1_3_1"
"2718","TTTCATGTCTGTACAG-1_3_1"
"2719","TTTCCTCAGTCATGGG-1_3_1"
"2720","TTTCCTCCATCGATGT-1_3_1"
"2721","TTTCCTCGTACCCACG-1_3_1"
"2722","TTTCCTCTCGCCGAAC-1_3_1"
"2723","TTTCGATCAGTCGAGA-1_3_1"
"2724","TTTCGATTCATACAGC-1_3_1"
"2725","TTTCGATTCTCAGGCG-1_3_1"
"2726","TTTGACTAGCTATCTG-1_3_1"
"2727","TTTGACTAGCTGAAGC-1_3_1"
"2728","TTTGACTCAAAGGATT-1_3_1"
"2729","TTTGACTCATCGCTCT-1_3_1"
"2730","TTTGACTTCATGCCCT-1_3_1"
"2731","TTTGATCCAACCGTAT-1_3_1"
"2732","TTTGATCGTGACTAAA-1_3_1"
"2733","TTTGATCTCCTTGAAG-1_3_1"
"2734","TTTGGTTAGTTGCTGT-1_3_1"
"2735","TTTGGTTTCAAGTCTG-1_3_1"
"2736","TTTGGTTTCAGACCTA-1_3_1"
"2737","TTTGGTTTCTGGAGAG-1_3_1"
"2738","TTTGTTGAGCCAGACA-1_3_1"
"2739","TTTGTTGAGTTCCATG-1_3_1"
"2740","TTTGTTGGTGGTTCTA-1_3_1"
"2741","TTTGTTGTCATCCCGT-1_3_1"
