"","x"
"1","AAACCCAAGCTGAAAT-1_3_2"
"2","AAACCCAGTCGCACGT-1_3_2"
"3","AAACGAAGTTCTCCCA-1_3_2"
"4","AAACGCTAGCCTATCA-1_3_2"
"5","AAAGAACAGCCTCCAG-1_3_2"
"6","AAAGGATGTATGCGTT-1_3_2"
"7","AAAGGATTCAAGATAG-1_3_2"
"8","AAAGGGCGTTTATGCG-1_3_2"
"9","AAAGGGCTCTACGCAA-1_3_2"
"10","AAAGGTAGTTGCTCCT-1_3_2"
"11","AAAGTCCAGATGAACT-1_3_2"
"12","AAAGTGAAGTATCCTG-1_3_2"
"13","AAAGTGACATATCTCT-1_3_2"
"14","AAAGTGAGTAGTCTTG-1_3_2"
"15","AAATGGACATACTGAC-1_3_2"
"16","AAATGGAGTCGGTAAG-1_3_2"
"17","AACAAAGCACACGGAA-1_3_2"
"18","AACAAAGCATGAAGGC-1_3_2"
"19","AACAAAGTCTCGGCTT-1_3_2"
"20","AACAACCAGTAATCCC-1_3_2"
"21","AACAACCAGTAGAGTT-1_3_2"
"22","AACACACTCATTGAGC-1_3_2"
"23","AACAGGGCAGCTGTGC-1_3_2"
"24","AACAGGGTCAGACCTA-1_3_2"
"25","AACAGGGTCTTCGTGC-1_3_2"
"26","AACCAACGTTCCTAAG-1_3_2"
"27","AACCACAGTCCTTGTC-1_3_2"
"28","AACCATGGTACTGTTG-1_3_2"
"29","AACCATGTCACCTGGG-1_3_2"
"30","AACCCAAGTGGGTATG-1_3_2"
"31","AACCCAATCCAAGCTA-1_3_2"
"32","AACCTTTAGGTTAGTA-1_3_2"
"33","AACCTTTCAAGGCGTA-1_3_2"
"34","AACCTTTGTCACCGAC-1_3_2"
"35","AACGAAAAGACTCGAG-1_3_2"
"36","AACGGGACAGCAGACA-1_3_2"
"37","AACGGGAGTCTCAGAT-1_3_2"
"38","AACGGGATCAGGGTAG-1_3_2"
"39","AACGTCACATGCACTA-1_3_2"
"40","AACGTCAGTACTTCCC-1_3_2"
"41","AACGTCAGTGGCCACT-1_3_2"
"42","AACGTCATCCACGTCT-1_3_2"
"43","AACTTCTCAGAGATGC-1_3_2"
"44","AACTTCTTCGCCACTT-1_3_2"
"45","AACTTCTTCGTAGTGT-1_3_2"
"46","AAGAACACACGCTATA-1_3_2"
"47","AAGACAAAGACTCGAG-1_3_2"
"48","AAGACAAAGTATAGGT-1_3_2"
"49","AAGATAGAGCCGATAG-1_3_2"
"50","AAGATAGGTCCTACAA-1_3_2"
"51","AAGCATCCAATCAGCT-1_3_2"
"52","AAGCGAGAGAGCGACT-1_3_2"
"53","AAGCGAGAGTTAGTGA-1_3_2"
"54","AAGCGAGCACCCTGTT-1_3_2"
"55","AAGCGAGTCACTCTTA-1_3_2"
"56","AAGCGTTGTCAGTCTA-1_3_2"
"57","AAGGTAACAATGCAAA-1_3_2"
"58","AAGTACCAGCGTGTTT-1_3_2"
"59","AATAGAGCACAACATC-1_3_2"
"60","AATAGAGGTCCATAGT-1_3_2"
"61","AATAGAGTCAACTTTC-1_3_2"
"62","AATCACGCAAGAGAGA-1_3_2"
"63","AATCACGTCACGGTCG-1_3_2"
"64","AATCGACTCCCTCGAT-1_3_2"
"65","AATCGTGTCAGCTCTC-1_3_2"
"66","AATGACCTCCGTGGTG-1_3_2"
"67","AATGACCTCCTGTACC-1_3_2"
"68","AATGGAACAGCAGTAG-1_3_2"
"69","AATGGAAGTCCGTACG-1_3_2"
"70","AATGGAAGTGCGACAA-1_3_2"
"71","AATTCCTTCAAGCGTT-1_3_2"
"72","AATTTCCGTTGCCTAA-1_3_2"
"73","ACAACCAAGCGTTCAT-1_3_2"
"74","ACAACCAGTATGTGTC-1_3_2"
"75","ACAAGCTAGTACGTCT-1_3_2"
"76","ACACAGTAGTTACTCG-1_3_2"
"77","ACACAGTTCCTACAAG-1_3_2"
"78","ACACCAAAGGCTAACG-1_3_2"
"79","ACACCAAAGTCGCCAC-1_3_2"
"80","ACACCAAGTAGTCACT-1_3_2"
"81","ACACCAAGTTAAAGTG-1_3_2"
"82","ACACCAATCCTGGTCT-1_3_2"
"83","ACACCAATCTCTCGAC-1_3_2"
"84","ACACGCGCACCCGTAG-1_3_2"
"85","ACACGCGCAGTTTCAG-1_3_2"
"86","ACACTGACACAAGCCC-1_3_2"
"87","ACACTGACAGACCAGA-1_3_2"
"88","ACAGCCGAGTATGTAG-1_3_2"
"89","ACAGCCGCATGTGTCA-1_3_2"
"90","ACAGCCGTCCATAGAC-1_3_2"
"91","ACAGGGACAATTCTCT-1_3_2"
"92","ACATCCCAGAGAGTGA-1_3_2"
"93","ACATCCCGTTCTTGTT-1_3_2"
"94","ACATGCACATAGGTAA-1_3_2"
"95","ACATTTCCACCCGTAG-1_3_2"
"96","ACATTTCTCGCCATAA-1_3_2"
"97","ACCAACACACGCTGCA-1_3_2"
"98","ACCAACATCACTCACC-1_3_2"
"99","ACCAACATCTTCCCGA-1_3_2"
"100","ACCACAAGTTTGAACC-1_3_2"
"101","ACCATTTAGATTCGCT-1_3_2"
"102","ACCATTTAGTAGAGTT-1_3_2"
"103","ACCATTTGTGTGTCGC-1_3_2"
"104","ACCCAAATCACTGTTT-1_3_2"
"105","ACCCTCAAGAGGGCGA-1_3_2"
"106","ACCCTCACATTGAAAG-1_3_2"
"107","ACCCTCATCCAATGCA-1_3_2"
"108","ACCCTCATCCGCAACG-1_3_2"
"109","ACCCTTGCAAGAGGTC-1_3_2"
"110","ACCCTTGGTGTGAGCA-1_3_2"
"111","ACCGTTCAGCTCGTGC-1_3_2"
"112","ACCGTTCAGGTTTGAA-1_3_2"
"113","ACCGTTCTCCCTAGGG-1_3_2"
"114","ACCTACCGTACCGTGC-1_3_2"
"115","ACCTACCTCTCATAGG-1_3_2"
"116","ACCTGTCAGCAGCGAT-1_3_2"
"117","ACCTGTCAGGAGGGTG-1_3_2"
"118","ACGATCAAGATGTTAG-1_3_2"
"119","ACGATCACAAGTAGTA-1_3_2"
"120","ACGATCACAGGTCCGT-1_3_2"
"121","ACGATGTTCCGTGCGA-1_3_2"
"122","ACGATGTTCGCCTCTA-1_3_2"
"123","ACGATGTTCTACTGCC-1_3_2"
"124","ACGCACGTCCGTAATG-1_3_2"
"125","ACGGGTCAGTCAACAA-1_3_2"
"126","ACGGGTCCATGGCTAT-1_3_2"
"127","ACGGGTCGTCGGATTT-1_3_2"
"128","ACGGTCGGTGAGTTTC-1_3_2"
"129","ACGGTCGGTTAGAAGT-1_3_2"
"130","ACGGTTATCGTCTACC-1_3_2"
"131","ACGTAACTCCGAGCTG-1_3_2"
"132","ACTACGAGTAGGACCA-1_3_2"
"133","ACTATCTAGACGACGT-1_3_2"
"134","ACTATGGAGATGCTAA-1_3_2"
"135","ACTGATGGTCGTACAT-1_3_2"
"136","ACTGATGTCTCGCTTG-1_3_2"
"137","ACTGTCCAGGGTTTCT-1_3_2"
"138","ACTGTGAAGGCCTTCG-1_3_2"
"139","ACTGTGACAGGTACGA-1_3_2"
"140","ACTTAGGGTGTATTGC-1_3_2"
"141","ACTTATCTCCCGAGTG-1_3_2"
"142","ACTTCCGAGCGTTCAT-1_3_2"
"143","ACTTCCGTCACTCACC-1_3_2"
"144","ACTTCGCCAAGTCATC-1_3_2"
"145","ACTTCGCTCTGAATCG-1_3_2"
"146","ACTTTCAAGTCCCAAT-1_3_2"
"147","AGAAATGGTGATACTC-1_3_2"
"148","AGAACAAAGGCAGGTT-1_3_2"
"149","AGAACCTAGTTGGGAC-1_3_2"
"150","AGAACCTGTAGGATAT-1_3_2"
"151","AGAACCTTCGAAGAAT-1_3_2"
"152","AGACAAACATCATGAC-1_3_2"
"153","AGACAAATCAGCGGAA-1_3_2"
"154","AGACACTGTAAGTCAA-1_3_2"
"155","AGACTCATCGGAGATG-1_3_2"
"156","AGACTCATCTGACAGT-1_3_2"
"157","AGAGAATAGATACAGT-1_3_2"
"158","AGAGAATAGCCAAGGT-1_3_2"
"159","AGAGAATCACGTCATA-1_3_2"
"160","AGAGAATGTAGACTGG-1_3_2"
"161","AGAGAATGTTTACCTT-1_3_2"
"162","AGAGAATTCGCAAGAG-1_3_2"
"163","AGAGAGCAGTGCTCAT-1_3_2"
"164","AGATAGAAGTTCTCTT-1_3_2"
"165","AGATAGATCGTGCATA-1_3_2"
"166","AGATCCACAATCGTCA-1_3_2"
"167","AGATCCACATCCGTGG-1_3_2"
"168","AGATCCAGTCGCCACA-1_3_2"
"169","AGATGCTCACCTAAAC-1_3_2"
"170","AGATGCTGTGGCTGAA-1_3_2"
"171","AGATGCTTCCCGTAAA-1_3_2"
"172","AGCATCAAGATCCCGC-1_3_2"
"173","AGCCAATTCGCAGTCG-1_3_2"
"174","AGCCAGCAGGGTGGGA-1_3_2"
"175","AGCGATTAGACTAGAT-1_3_2"
"176","AGCGATTAGAGACAAG-1_3_2"
"177","AGCGATTAGCAGTACG-1_3_2"
"178","AGCGATTAGCCTGACC-1_3_2"
"179","AGCGATTCAGACCTAT-1_3_2"
"180","AGCGATTTCTCCGAGG-1_3_2"
"181","AGCGCCACATCGGATT-1_3_2"
"182","AGCTCAAAGGATCACG-1_3_2"
"183","AGCTCAATCTTACACT-1_3_2"
"184","AGCTTCCGTATCAGCT-1_3_2"
"185","AGCTTCCGTTTCGACA-1_3_2"
"186","AGCTTCCTCCAACCGG-1_3_2"
"187","AGGAAATGTCTATGAC-1_3_2"
"188","AGGAATAAGTACAACA-1_3_2"
"189","AGGAATACATCGGAGA-1_3_2"
"190","AGGAATAGTGAATGAT-1_3_2"
"191","AGGACGAGTACTGTTG-1_3_2"
"192","AGGACGATCATCTACT-1_3_2"
"193","AGGACTTAGGAACTCG-1_3_2"
"194","AGGACTTCATCGTGCG-1_3_2"
"195","AGGACTTGTAATGATG-1_3_2"
"196","AGGAGGTCACCCAAGC-1_3_2"
"197","AGGATAAAGGCTCTCG-1_3_2"
"198","AGGATAAAGTTAGTGA-1_3_2"
"199","AGGATCTCATCCTAAG-1_3_2"
"200","AGGCCACTCCCTCTCC-1_3_2"
"201","AGGCCACTCCGCATAA-1_3_2"
"202","AGGCCACTCGCCTATC-1_3_2"
"203","AGGCTGCGTCTACGAT-1_3_2"
"204","AGGCTGCTCAAAGCCT-1_3_2"
"205","AGGGAGTCATGGAACG-1_3_2"
"206","AGGGTCCAGCATCAGG-1_3_2"
"207","AGGGTCCTCGCTGCGA-1_3_2"
"208","AGGGTGAAGGACGGAG-1_3_2"
"209","AGGGTGACAGGTCAGA-1_3_2"
"210","AGGGTGATCCATAGGT-1_3_2"
"211","AGGGTGATCGACATAC-1_3_2"
"212","AGGTAGGGTCCACTTC-1_3_2"
"213","AGGTAGGTCCGTGACG-1_3_2"
"214","AGGTAGGTCTCTGGTC-1_3_2"
"215","AGGTCATTCGGTTCAA-1_3_2"
"216","AGGTGTTAGTATTCCG-1_3_2"
"217","AGGTGTTTCGTGCGAC-1_3_2"
"218","AGGTGTTTCTATTCGT-1_3_2"
"219","AGGTTACCAAGCAATA-1_3_2"
"220","AGGTTGTAGAATCGAT-1_3_2"
"221","AGTAACCAGATACCAA-1_3_2"
"222","AGTACCAAGCGTGCTC-1_3_2"
"223","AGTACCACAGCTTCGG-1_3_2"
"224","AGTACTGGTGTTAGCT-1_3_2"
"225","AGTACTGTCGCCTCTA-1_3_2"
"226","AGTAGCTGTGCGACAA-1_3_2"
"227","AGTAGTCTCCGCCTAT-1_3_2"
"228","AGTCAACAGGGTCACA-1_3_2"
"229","AGTCACACATCCGAAT-1_3_2"
"230","AGTCATGGTCACCGAC-1_3_2"
"231","AGTGACTTCCCTGTTG-1_3_2"
"232","AGTGATCCACTGCTTC-1_3_2"
"233","AGTTAGCAGCAGGTCA-1_3_2"
"234","AGTTAGCGTGTTGACT-1_3_2"
"235","AGTTAGCTCTGGGCGT-1_3_2"
"236","AGTTCCCAGAAATCCA-1_3_2"
"237","AGTTCCCAGACGCTCC-1_3_2"
"238","AGTTCCCTCGATCCAA-1_3_2"
"239","AGTTCGAAGTAAGACT-1_3_2"
"240","AGTTCGAAGTACAACA-1_3_2"
"241","AGTTCGACAGATAAAC-1_3_2"
"242","AGTTCGATCAAGCCAT-1_3_2"
"243","ATACCGAGTACAGTAA-1_3_2"
"244","ATAGAGACATTGGCAT-1_3_2"
"245","ATAGAGAGTTCTCCCA-1_3_2"
"246","ATAGGCTCACGCGCTA-1_3_2"
"247","ATAGGCTCACTCACTC-1_3_2"
"248","ATAGGCTGTAACACCT-1_3_2"
"249","ATCACAGAGTAGACCG-1_3_2"
"250","ATCACAGCACGACTAT-1_3_2"
"251","ATCACAGGTACCTAAC-1_3_2"
"252","ATCACAGGTCAAATCC-1_3_2"
"253","ATCACAGGTCGTTCAA-1_3_2"
"254","ATCACAGTCATCACTT-1_3_2"
"255","ATCAGGTAGTGGATAT-1_3_2"
"256","ATCAGGTCACTGTGTA-1_3_2"
"257","ATCATTCGTGTAAATG-1_3_2"
"258","ATCCACCAGGGAGAAT-1_3_2"
"259","ATCCACCCAACAGATA-1_3_2"
"260","ATCCACCGTAAGTTGA-1_3_2"
"261","ATCCATTCATCATCTT-1_3_2"
"262","ATCCATTGTGTGCTTA-1_3_2"
"263","ATCCATTTCACCGCTT-1_3_2"
"264","ATCCGTCAGCGTGTTT-1_3_2"
"265","ATCCGTCCACTGAGTT-1_3_2"
"266","ATCCGTCTCACTGTCC-1_3_2"
"267","ATCCGTCTCATTTACC-1_3_2"
"268","ATCGATGTCGTGGCTG-1_3_2"
"269","ATCGCCTAGCTGTGCC-1_3_2"
"270","ATCGCCTAGTGTCATC-1_3_2"
"271","ATCGCCTCAGAGGTTG-1_3_2"
"272","ATCGGATCAAATCAGA-1_3_2"
"273","ATCGGATCATAATGAG-1_3_2"
"274","ATCGGCGTCTAACGGT-1_3_2"
"275","ATCGTAGAGTACCGGA-1_3_2"
"276","ATCGTAGCACCAGGTC-1_3_2"
"277","ATCGTCCAGCTCCGAC-1_3_2"
"278","ATCGTCCTCTCAATCT-1_3_2"
"279","ATCGTGAAGACAACAT-1_3_2"
"280","ATGAAAGCACACCTGG-1_3_2"
"281","ATGACCAAGGACAGTC-1_3_2"
"282","ATGACCAAGGTGCCTC-1_3_2"
"283","ATGACCACATGACACT-1_3_2"
"284","ATGACCATCGTCAACA-1_3_2"
"285","ATGACCATCTGCCCTA-1_3_2"
"286","ATGAGGGAGAACTGAT-1_3_2"
"287","ATGAGGGTCTATGCCC-1_3_2"
"288","ATGAGTCAGTGTGTTC-1_3_2"
"289","ATGAGTCGTCACAATC-1_3_2"
"290","ATGAGTCGTCGGCCTA-1_3_2"
"291","ATGAGTCTCCGGGACT-1_3_2"
"292","ATGATCGAGATTCGAA-1_3_2"
"293","ATGATCGTCTCTCTAA-1_3_2"
"294","ATGCGATCACTACTTT-1_3_2"
"295","ATGCGATTCCGTGTGG-1_3_2"
"296","ATGGAGGGTACAAGTA-1_3_2"
"297","ATGGAGGGTTGATGTC-1_3_2"
"298","ATGGATCGTACCCAGC-1_3_2"
"299","ATGGATCGTGCTATTG-1_3_2"
"300","ATGGATCGTGGCAGAT-1_3_2"
"301","ATGGGTTTCGTGACTA-1_3_2"
"302","ATGGTTGTCATATGGC-1_3_2"
"303","ATGGTTGTCGGACGTC-1_3_2"
"304","ATGTCCCAGATGAATC-1_3_2"
"305","ATGTCCCTCCGAAGGA-1_3_2"
"306","ATTACCTGTTTGGGTT-1_3_2"
"307","ATTACCTTCAGCGTCG-1_3_2"
"308","ATTACCTTCGCTAATG-1_3_2"
"309","ATTACTCCACCCTGTT-1_3_2"
"310","ATTATCCAGTCATACC-1_3_2"
"311","ATTATCCCAGGGAGAG-1_3_2"
"312","ATTATCCTCTGGTCAA-1_3_2"
"313","ATTCACTCATGGCCCA-1_3_2"
"314","ATTCAGGTCCTGGGTG-1_3_2"
"315","ATTCATCCAATTGCTG-1_3_2"
"316","ATTCCATGTCTTCATT-1_3_2"
"317","ATTCCCGTCAAGCCAT-1_3_2"
"318","ATTCCTAAGCTAGTTC-1_3_2"
"319","ATTCCTACAGGTCAAG-1_3_2"
"320","ATTCCTAGTATAATGG-1_3_2"
"321","ATTCTACAGTCTTGGT-1_3_2"
"322","ATTCTACCATACTGTG-1_3_2"
"323","ATTCTACGTCACTCGG-1_3_2"
"324","ATTCTACTCTATTGTC-1_3_2"
"325","ATTCTTGAGCATTGAA-1_3_2"
"326","ATTCTTGAGTCATAGA-1_3_2"
"327","ATTCTTGCACCATTCC-1_3_2"
"328","ATTGGGTAGGAGAGTA-1_3_2"
"329","ATTGGGTAGGAGATAG-1_3_2"
"330","ATTGGGTTCTTTCCGG-1_3_2"
"331","ATTGTTCAGCCTGCCA-1_3_2"
"332","ATTGTTCAGGAAGTCC-1_3_2"
"333","ATTGTTCGTATGTCCA-1_3_2"
"334","ATTGTTCGTTCGATTG-1_3_2"
"335","ATTGTTCTCGGCATAT-1_3_2"
"336","ATTGTTCTCTACGCGG-1_3_2"
"337","ATTGTTCTCTGCCCTA-1_3_2"
"338","ATTTACCAGACTTCGT-1_3_2"
"339","ATTTACCAGATTGACA-1_3_2"
"340","ATTTCTGGTCGTGCCA-1_3_2"
"341","ATTTCTGTCAAGTTGC-1_3_2"
"342","ATTTCTGTCATTACTC-1_3_2"
"343","ATTTCTGTCGCCTAGG-1_3_2"
"344","CAAAGAAGTGGACCAA-1_3_2"
"345","CAACAGTAGGAATGTT-1_3_2"
"346","CAACAGTTCTCGCCTA-1_3_2"
"347","CAACAGTTCTGGGATT-1_3_2"
"348","CAACCTCAGTCAATCC-1_3_2"
"349","CAACCTCGTGTGTGGA-1_3_2"
"350","CAACCTCTCAGGAAGC-1_3_2"
"351","CAACGATCAAATGATG-1_3_2"
"352","CAAGAGGCAGGCAATG-1_3_2"
"353","CAAGAGGGTCCTGAAT-1_3_2"
"354","CAAGCTACAATCGCCG-1_3_2"
"355","CAAGCTACACAAGTGG-1_3_2"
"356","CAAGGGAAGCGCCTTG-1_3_2"
"357","CAAGGGATCTGAATGC-1_3_2"
"358","CAATACGTCCCAGGAC-1_3_2"
"359","CAATTTCAGATACCAA-1_3_2"
"360","CACAACAAGCTCACTA-1_3_2"
"361","CACAACACAGAGAATT-1_3_2"
"362","CACAACATCGTAGCTA-1_3_2"
"363","CACACAAAGGTACAAT-1_3_2"
"364","CACACAACAAGAGGTC-1_3_2"
"365","CACACAATCATTGCCC-1_3_2"
"366","CACAGGCAGATTAGTG-1_3_2"
"367","CACAGGCCATGGCGCT-1_3_2"
"368","CACATGAAGTGTAGAT-1_3_2"
"369","CACCAAACACAAACGG-1_3_2"
"370","CACCAAAGTACTAGCT-1_3_2"
"371","CACCAAAGTGACTGTT-1_3_2"
"372","CACCGTTAGTCCTACA-1_3_2"
"373","CACCGTTCAAGTCGTT-1_3_2"
"374","CACCGTTTCGACACTA-1_3_2"
"375","CACCGTTTCTAGCATG-1_3_2"
"376","CACGAATAGATGCAGC-1_3_2"
"377","CACGAATCATACCACA-1_3_2"
"378","CACGAATCATGTACGT-1_3_2"
"379","CACGGGTAGCAAGCCA-1_3_2"
"380","CACGGGTCACTTCAAG-1_3_2"
"381","CACGTGGTCTGCATGA-1_3_2"
"382","CACGTTCCAAGTACCT-1_3_2"
"383","CACGTTCGTAGGATAT-1_3_2"
"384","CACGTTCGTGTGTGTT-1_3_2"
"385","CACTAAGAGAGTTGCG-1_3_2"
"386","CACTGAAAGGTACATA-1_3_2"
"387","CACTGAAGTCTGTGCG-1_3_2"
"388","CACTGGGGTTCCTAAG-1_3_2"
"389","CACTGTCAGATCCCAT-1_3_2"
"390","CACTGTCCACGGTGTC-1_3_2"
"391","CACTGTCTCATGGTAC-1_3_2"
"392","CACTTCGTCTCTATAC-1_3_2"
"393","CAGAGCCCAGAGACTG-1_3_2"
"394","CAGATACAGATCGCCC-1_3_2"
"395","CAGATACCAATCTGCA-1_3_2"
"396","CAGATCACAAAGTATG-1_3_2"
"397","CAGATCACACAGCTGC-1_3_2"
"398","CAGATCACAGTTACCA-1_3_2"
"399","CAGATCACAGTTCTAG-1_3_2"
"400","CAGATCATCACAAGGG-1_3_2"
"401","CAGATTGGTAGTGGCA-1_3_2"
"402","CAGCAATAGCAGCCCT-1_3_2"
"403","CAGCAATAGGAACATT-1_3_2"
"404","CAGCAATAGGCGCTTC-1_3_2"
"405","CAGCAATCAGGTCCCA-1_3_2"
"406","CAGCAATGTTGGACCC-1_3_2"
"407","CAGCACGCAGCTAACT-1_3_2"
"408","CAGCACGGTATCAGGG-1_3_2"
"409","CAGCAGCGTCAATCTG-1_3_2"
"410","CAGCCAGAGGAATTAC-1_3_2"
"411","CAGCCAGTCTGCTCTG-1_3_2"
"412","CAGGCCAGTGACTCGC-1_3_2"
"413","CAGGCCAGTGCCGTAC-1_3_2"
"414","CAGGCCAGTGTGGTCC-1_3_2"
"415","CAGGTATCACCAGCTG-1_3_2"
"416","CAGTGCGAGTATTCCG-1_3_2"
"417","CAGTGCGGTCTACGTA-1_3_2"
"418","CAGTTAGAGTAACGTA-1_3_2"
"419","CAGTTAGCACTTTATC-1_3_2"
"420","CAGTTAGTCAAGGCTT-1_3_2"
"421","CAGTTCCAGAATAACC-1_3_2"
"422","CATAAGCCACAGCTGC-1_3_2"
"423","CATAAGCTCCACAGCG-1_3_2"
"424","CATACAGCAGTTACCA-1_3_2"
"425","CATACCCAGGATACGC-1_3_2"
"426","CATACCCGTCACATTG-1_3_2"
"427","CATACTTCACAGCCTG-1_3_2"
"428","CATCAAGAGCGTTAGG-1_3_2"
"429","CATCAAGCACGCGGTT-1_3_2"
"430","CATCAAGGTACGTTCA-1_3_2"
"431","CATCAAGGTTGCGGCT-1_3_2"
"432","CATCAAGGTTGGTAGG-1_3_2"
"433","CATCCACAGACATAAC-1_3_2"
"434","CATCCACAGGTACAAT-1_3_2"
"435","CATCCACCAGCGTTTA-1_3_2"
"436","CATCCACGTTCCTAGA-1_3_2"
"437","CATCCACTCCTACTGC-1_3_2"
"438","CATCCCAGTCGTTGGC-1_3_2"
"439","CATCCCAGTGCTTATG-1_3_2"
"440","CATCCCATCTTCTCAA-1_3_2"
"441","CATCCGTTCCACGTCT-1_3_2"
"442","CATCGCTCAGGGAATC-1_3_2"
"443","CATCGCTGTTCCTAAG-1_3_2"
"444","CATCGTCCAGTGCCTG-1_3_2"
"445","CATGAGTAGAGATTCA-1_3_2"
"446","CATGAGTGTTGCTCCT-1_3_2"
"447","CATGAGTTCATTACTC-1_3_2"
"448","CATGCAACATACCGTA-1_3_2"
"449","CATGCAAGTCAATCTG-1_3_2"
"450","CATGCAAGTCTTGGTA-1_3_2"
"451","CATGCCTCAGAAATTG-1_3_2"
"452","CATGCGGAGGTAAACT-1_3_2"
"453","CATGCTCGTTCGAACT-1_3_2"
"454","CATGGATCACCAAATC-1_3_2"
"455","CATGGATCACGACGCT-1_3_2"
"456","CATGGATGTAGTTACC-1_3_2"
"457","CATGGATGTGTAGTGG-1_3_2"
"458","CATTCTATCGAACCAT-1_3_2"
"459","CATTGTTTCATAAGGA-1_3_2"
"460","CATTTCAAGAGTATAC-1_3_2"
"461","CCAAGCGAGTCCTGTA-1_3_2"
"462","CCAATGATCCGATCTC-1_3_2"
"463","CCAATTTAGATACGAT-1_3_2"
"464","CCAATTTCATGATGCT-1_3_2"
"465","CCACAAAGTACCTAGT-1_3_2"
"466","CCACACTCAGCTCATA-1_3_2"
"467","CCACACTTCCTAACAG-1_3_2"
"468","CCACACTTCTGCCTGT-1_3_2"
"469","CCACCATCAAGACCGA-1_3_2"
"470","CCACCATTCTCATTTG-1_3_2"
"471","CCACGAGAGTGCACAG-1_3_2"
"472","CCACGAGCAATAGAGT-1_3_2"
"473","CCACGAGTCCAGCACG-1_3_2"
"474","CCACTTGAGGCGCTTC-1_3_2"
"475","CCACTTGTCACCTCTG-1_3_2"
"476","CCATAAGTCCAACCGG-1_3_2"
"477","CCATCACGTGTTGAGG-1_3_2"
"478","CCATCACTCGTCAAAC-1_3_2"
"479","CCATCACTCTATGTGG-1_3_2"
"480","CCCAACTAGGGCCCTT-1_3_2"
"481","CCCAACTCATGACAAA-1_3_2"
"482","CCCATTGGTAACAGTA-1_3_2"
"483","CCCATTGTCTCGGTAA-1_3_2"
"484","CCCGAAGTCTACCAGA-1_3_2"
"485","CCCGGAACAAGATCCT-1_3_2"
"486","CCCGGAACAGCTTTCC-1_3_2"
"487","CCCTAACCAAAGCACG-1_3_2"
"488","CCCTAACGTTTAGTCG-1_3_2"
"489","CCCTAACGTTTCTTAC-1_3_2"
"490","CCCTCAACACGTTGGC-1_3_2"
"491","CCCTCTCAGGTCTACT-1_3_2"
"492","CCCTCTCGTCCGACGT-1_3_2"
"493","CCCTGATAGGGTGAAA-1_3_2"
"494","CCCTGATCAGCTTCGG-1_3_2"
"495","CCCTGATGTCAATGGG-1_3_2"
"496","CCCTTAGAGCACTCTA-1_3_2"
"497","CCGAACGCACAGTCGC-1_3_2"
"498","CCGGACAAGTCATGCT-1_3_2"
"499","CCGGACACAAGACGGT-1_3_2"
"500","CCGGACAGTGTCCTAA-1_3_2"
"501","CCGGGTACAGCAGTCC-1_3_2"
"502","CCGGTAGTCGCGTGAC-1_3_2"
"503","CCGGTAGTCGCGTTTC-1_3_2"
"504","CCGGTGACATACATCG-1_3_2"
"505","CCGGTGAGTTGCTAGT-1_3_2"
"506","CCGGTGATCCTGGTCT-1_3_2"
"507","CCGTAGGCAGAAATCA-1_3_2"
"508","CCGTGAGCATGCGTGC-1_3_2"
"509","CCGTGAGTCCGCAAAT-1_3_2"
"510","CCGTTCAGTGTTGAGG-1_3_2"
"511","CCGTTCAGTTATGTGC-1_3_2"
"512","CCTAAGAAGTCTCCTC-1_3_2"
"513","CCTAAGAGTATCGAAA-1_3_2"
"514","CCTACGTAGTGCCCGT-1_3_2"
"515","CCTACGTGTCCTCAGG-1_3_2"
"516","CCTCAACTCCAAGCAT-1_3_2"
"517","CCTCAACTCCTCTCGA-1_3_2"
"518","CCTCACATCTACGCAA-1_3_2"
"519","CCTCAGTTCAGCTAGT-1_3_2"
"520","CCTCATGTCCTACCGT-1_3_2"
"521","CCTCCAAAGTGGACTG-1_3_2"
"522","CCTCCAACATGTTCGA-1_3_2"
"523","CCTCCTCAGTATAGGT-1_3_2"
"524","CCTCCTCGTACTCGAT-1_3_2"
"525","CCTCTAGCAACCTAAC-1_3_2"
"526","CCTCTCCGTATGTCCA-1_3_2"
"527","CCTCTCCGTTGTCAGT-1_3_2"
"528","CCTCTCCTCCTCGCAT-1_3_2"
"529","CCTCTCCTCCTCTGCA-1_3_2"
"530","CCTGCATCACCAACAT-1_3_2"
"531","CCTGCATCATGGCGCT-1_3_2"
"532","CCTGCATGTCGCTTGG-1_3_2"
"533","CCTGCATTCACCGACG-1_3_2"
"534","CCTGTTGAGCACCAGA-1_3_2"
"535","CCTGTTGCAAATGGAT-1_3_2"
"536","CCTGTTGGTCCTACGG-1_3_2"
"537","CCTTCAGAGGCATTTC-1_3_2"
"538","CCTTGTGGTACCGCGT-1_3_2"
"539","CGAAGTTAGAGTTGAT-1_3_2"
"540","CGAAGTTAGGCTAACG-1_3_2"
"541","CGAAGTTGTCCGCAGT-1_3_2"
"542","CGAGGCTTCCAGTACA-1_3_2"
"543","CGAGTGCAGCTCGAAG-1_3_2"
"544","CGAGTGCTCTAGAGCT-1_3_2"
"545","CGAGTTATCTGGGTCG-1_3_2"
"546","CGATCGGGTTCAGGTT-1_3_2"
"547","CGATGCGAGTACAGCG-1_3_2"
"548","CGATGCGGTCCTTTGC-1_3_2"
"549","CGATGCGGTGCCTGAC-1_3_2"
"550","CGATGCGTCTCGGGAC-1_3_2"
"551","CGATGGCCAGACCAGA-1_3_2"
"552","CGCATAAAGTTGCTGT-1_3_2"
"553","CGCATGGTCGCCCAGA-1_3_2"
"554","CGCCATTTCAAGGCTT-1_3_2"
"555","CGCCATTTCATGAGAA-1_3_2"
"556","CGCGTGAAGGAGGGTG-1_3_2"
"557","CGCGTGACACATTCGA-1_3_2"
"558","CGCGTGAGTACGAAAT-1_3_2"
"559","CGCGTGATCACAATGC-1_3_2"
"560","CGCGTGATCATGCAGT-1_3_2"
"561","CGGAACCGTCCGGATC-1_3_2"
"562","CGGAACCGTGGCTTGC-1_3_2"
"563","CGGAATTAGTTGCTGT-1_3_2"
"564","CGGAATTCATAGGAGC-1_3_2"
"565","CGGACACCAAGTGACG-1_3_2"
"566","CGGAGAAGTAAGTCAA-1_3_2"
"567","CGGCAGTAGTGCCCGT-1_3_2"
"568","CGGGACTGTAGCTTGT-1_3_2"
"569","CGGGCATAGCCTAGGA-1_3_2"
"570","CGGGCATCACATATGC-1_3_2"
"571","CGGGTCAAGCTACTGT-1_3_2"
"572","CGGGTCATCAAGCCCG-1_3_2"
"573","CGGGTGTCAGGCTTGC-1_3_2"
"574","CGGTCAGAGCAAGTCG-1_3_2"
"575","CGGTCAGTCGATACGT-1_3_2"
"576","CGTAAGTAGCTAATGA-1_3_2"
"577","CGTCAAACATCTCCCA-1_3_2"
"578","CGTCCATAGTGTGTTC-1_3_2"
"579","CGTCCATAGTTCGGTT-1_3_2"
"580","CGTCCATCAAAGGCTG-1_3_2"
"581","CGTCCATCAGCAGACA-1_3_2"
"582","CGTGAATTCTGCGGAC-1_3_2"
"583","CGTGCTTGTCGTTTCC-1_3_2"
"584","CGTGTCTCAGACTCTA-1_3_2"
"585","CGTGTCTGTTCTCTCG-1_3_2"
"586","CGTGTCTTCGAAGGAC-1_3_2"
"587","CGTTAGACAAATAAGC-1_3_2"
"588","CGTTAGACAACGGTAG-1_3_2"
"589","CGTTAGACACTCCGGA-1_3_2"
"590","CGTTAGATCGGACGTC-1_3_2"
"591","CGTTCTGGTATTCCTT-1_3_2"
"592","CGTTGGGAGAGGCTGT-1_3_2"
"593","CGTTGGGTCGGTGAAG-1_3_2"
"594","CTAACCCGTACAGTCT-1_3_2"
"595","CTAACCCGTTATAGCC-1_3_2"
"596","CTAAGTGGTTTATGCG-1_3_2"
"597","CTACAGAGTACACGTT-1_3_2"
"598","CTACAGAGTTCCGCAG-1_3_2"
"599","CTACATTCACGGTAGA-1_3_2"
"600","CTACCTGGTAGCGAGT-1_3_2"
"601","CTACCTGTCCAATGCA-1_3_2"
"602","CTACTATAGACCATGG-1_3_2"
"603","CTACTATGTAGCTGAG-1_3_2"
"604","CTAGACAAGGAATTAC-1_3_2"
"605","CTAGACATCGTAGGGA-1_3_2"
"606","CTAGGTAAGCCTGAGA-1_3_2"
"607","CTAGGTATCGTCGACG-1_3_2"
"608","CTATAGGGTCCTGTTC-1_3_2"
"609","CTATAGGTCAGACCCG-1_3_2"
"610","CTATCCGCACCAATTG-1_3_2"
"611","CTATCCGGTAAGACCG-1_3_2"
"612","CTATCCGTCGGATTAC-1_3_2"
"613","CTCAACCCAAATCCCA-1_3_2"
"614","CTCAACCTCGGTGTAT-1_3_2"
"615","CTCAAGAGTACAACGG-1_3_2"
"616","CTCAATTGTACGATCT-1_3_2"
"617","CTCAATTGTCATCTAG-1_3_2"
"618","CTCAGAAGTCCTGAAT-1_3_2"
"619","CTCAGAAGTTTACTGG-1_3_2"
"620","CTCAGTCCATCATTTC-1_3_2"
"621","CTCATGCTCTGGTCAA-1_3_2"
"622","CTCATGCTCTGTCTCG-1_3_2"
"623","CTCATTACAGGCGAAT-1_3_2"
"624","CTCATTATCCCTGTTG-1_3_2"
"625","CTCCAACGTTCGGTAT-1_3_2"
"626","CTCCACAAGAAGCGGG-1_3_2"
"627","CTCCACAGTACCCGAC-1_3_2"
"628","CTCCACATCGCGTTTC-1_3_2"
"629","CTCCACATCGCTCCTA-1_3_2"
"630","CTCCACATCTCGAGTA-1_3_2"
"631","CTCCATGGTCTGTGTA-1_3_2"
"632","CTCCCAACAAGCTACT-1_3_2"
"633","CTCCCTCGTATCGAAA-1_3_2"
"634","CTCCGATAGTAGCCAG-1_3_2"
"635","CTCCGATCATCGCCTT-1_3_2"
"636","CTCCTCCCAGGGACTA-1_3_2"
"637","CTCCTTTCAGCACAGA-1_3_2"
"638","CTCGAGGTCTAGGAAA-1_3_2"
"639","CTCTCGACAGTTGTCA-1_3_2"
"640","CTCTGGTCACGAGGAT-1_3_2"
"641","CTCTGGTTCCCGTTGT-1_3_2"
"642","CTGAATGAGTCACGCC-1_3_2"
"643","CTGAGCGAGCAAACAT-1_3_2"
"644","CTGAGCGCAACCACAT-1_3_2"
"645","CTGAGGCCATCGGAAG-1_3_2"
"646","CTGAGGCTCAACACCA-1_3_2"
"647","CTGATCCCAAGCCCAC-1_3_2"
"648","CTGATCCTCGCTGATA-1_3_2"
"649","CTGCAGGAGCGAATGC-1_3_2"
"650","CTGCCATAGATCCGAG-1_3_2"
"651","CTGCCATAGTCTAGAA-1_3_2"
"652","CTGCCATCACCCTTAC-1_3_2"
"653","CTGCCATCATTCTGTT-1_3_2"
"654","CTGCCATGTCACTTAG-1_3_2"
"655","CTGCCATTCTGGCCTT-1_3_2"
"656","CTGCCTAAGCAGAAAG-1_3_2"
"657","CTGCGAGCAATTTCCT-1_3_2"
"658","CTGCGAGTCTGTTGGA-1_3_2"
"659","CTGCTCACACATACTG-1_3_2"
"660","CTGCTCACACGTAGTT-1_3_2"
"661","CTGCTCACATGTGCCG-1_3_2"
"662","CTGGACGCAACTGCCG-1_3_2"
"663","CTGGCAGTCCAAACCA-1_3_2"
"664","CTGGTCTCAGGGTCTC-1_3_2"
"665","CTGGTCTGTTACTCAG-1_3_2"
"666","CTGGTCTTCAGCAATC-1_3_2"
"667","CTGTATTAGGGCTAAC-1_3_2"
"668","CTGTCGTTCTGTAACG-1_3_2"
"669","CTGTGAATCTCTGGTC-1_3_2"
"670","CTGTGGGCAATTCACG-1_3_2"
"671","CTTACCGCAGGTCAGA-1_3_2"
"672","CTTACCGGTGGCATCC-1_3_2"
"673","CTTCAATCAGGACTAG-1_3_2"
"674","CTTCAATGTTACCGTA-1_3_2"
"675","CTTCCGACACAAGCTT-1_3_2"
"676","CTTCCTTCAAATCGTC-1_3_2"
"677","CTTCGGTGTCAACACT-1_3_2"
"678","CTTCTCTAGGGCAAGG-1_3_2"
"679","CTTCTCTGTGGCACTC-1_3_2"
"680","CTTGAGAAGTCTACCA-1_3_2"
"681","CTTGATTCACGCCACA-1_3_2"
"682","CTTTCAAAGACGCATG-1_3_2"
"683","CTTTCAACATCGGCCA-1_3_2"
"684","CTTTCAAGTCCTACAA-1_3_2"
"685","CTTTCAAGTGGTCAAG-1_3_2"
"686","CTTTCAATCCCAAGTA-1_3_2"
"687","CTTTCAATCTACTGAG-1_3_2"
"688","CTTTCAATCTAGACAC-1_3_2"
"689","GAAACCTGTCTGATCA-1_3_2"
"690","GAAATGACAAGAGAGA-1_3_2"
"691","GAACGTTGTAGTGATA-1_3_2"
"692","GAAGAATAGGGACACT-1_3_2"
"693","GAAGAATCAAGCACAG-1_3_2"
"694","GAAGAATGTATGAGGC-1_3_2"
"695","GAAGCCCCACGAGAAC-1_3_2"
"696","GAAGCGATCCATCGTC-1_3_2"
"697","GAAGCGATCCTTGGAA-1_3_2"
"698","GAAGGGTAGTTGGCTT-1_3_2"
"699","GAAGGGTCAGAGGTTG-1_3_2"
"700","GAAGTAACAACACGAG-1_3_2"
"701","GAAGTAACAAGCACCC-1_3_2"
"702","GAAGTAACATCGATAC-1_3_2"
"703","GAATAGAAGCTACTGT-1_3_2"
"704","GAATCACAGTTTGGCT-1_3_2"
"705","GAATCGTAGTTGCTCA-1_3_2"
"706","GACACGCCATCCCACT-1_3_2"
"707","GACACGCCATCTAACG-1_3_2"
"708","GACACGCGTTACAGCT-1_3_2"
"709","GACATCAAGCGAGTCA-1_3_2"
"710","GACCCAGTCCCGTTCA-1_3_2"
"711","GACCCAGTCTTTGATC-1_3_2"
"712","GACCTTCCATCCGTGG-1_3_2"
"713","GACTCTCAGTCATTGC-1_3_2"
"714","GACTGATCAGTATTCG-1_3_2"
"715","GACTTCCAGCCGATTT-1_3_2"
"716","GACTTCCAGGCATCTT-1_3_2"
"717","GACTTCCCAGCTATTG-1_3_2"
"718","GAGACCCTCTCGTCAC-1_3_2"
"719","GAGAGGTCAGCGCGTT-1_3_2"
"720","GAGATGGCAGCCTATA-1_3_2"
"721","GAGCTGCCACTGATTG-1_3_2"
"722","GAGGCCTGTCATACCA-1_3_2"
"723","GAGGGATAGTTCAACC-1_3_2"
"724","GAGGGATCAGGGATAC-1_3_2"
"725","GAGGGTACATAGTCAC-1_3_2"
"726","GAGGGTATCGTGTTCC-1_3_2"
"727","GAGTCATGTTACACTG-1_3_2"
"728","GAGTCTATCTTCGCTG-1_3_2"
"729","GAGTGAGAGCAGGTCA-1_3_2"
"730","GAGTGAGCACATTGTG-1_3_2"
"731","GAGTGAGCAGCCTACG-1_3_2"
"732","GAGTTGTAGGAAGTAG-1_3_2"
"733","GAGTTGTCAGCTACCG-1_3_2"
"734","GAGTTGTGTAATGCTC-1_3_2"
"735","GAGTTTGAGAACTTCC-1_3_2"
"736","GAGTTTGCACCAGCTG-1_3_2"
"737","GAGTTTGCATCGATCA-1_3_2"
"738","GAGTTTGTCGGCCTTT-1_3_2"
"739","GATAGAAAGCTCGTGC-1_3_2"
"740","GATAGCTAGCTCCATA-1_3_2"
"741","GATCACACACCCATAA-1_3_2"
"742","GATCACAGTCTTGCTC-1_3_2"
"743","GATCATGTCTCTAGGA-1_3_2"
"744","GATCGTATCTACTATC-1_3_2"
"745","GATGACTGTGGCCACT-1_3_2"
"746","GATGAGGTCCTGTACC-1_3_2"
"747","GATGATCCAGTCGTTA-1_3_2"
"748","GATGATCGTGGTTTGT-1_3_2"
"749","GATGGAGAGATACCAA-1_3_2"
"750","GATGTTGAGGGACCAT-1_3_2"
"751","GATGTTGAGGTATAGT-1_3_2"
"752","GATGTTGAGTTACGAA-1_3_2"
"753","GATTCGAAGATAGGGA-1_3_2"
"754","GATTCGACATCTTAGG-1_3_2"
"755","GATTCGAGTCTACGAT-1_3_2"
"756","GATTCGAGTCTCCTGT-1_3_2"
"757","GATTCGATCAAGTCGT-1_3_2"
"758","GATTCGATCCTGTTGC-1_3_2"
"759","GATTCTTAGAAGTCAT-1_3_2"
"760","GATTCTTTCGGCATTA-1_3_2"
"761","GATTGGTGTAGATTGA-1_3_2"
"762","GATTTCTTCCTGGGAC-1_3_2"
"763","GCACGGTCACTACCCT-1_3_2"
"764","GCACGTGAGGCGCTCT-1_3_2"
"765","GCACGTGGTCTACAAC-1_3_2"
"766","GCACGTGTCCTTATCA-1_3_2"
"767","GCACTAAAGTTATGGA-1_3_2"
"768","GCAGCCAAGCGCCTAC-1_3_2"
"769","GCAGCCAAGCTAAATG-1_3_2"
"770","GCAGCCAGTTATGTCG-1_3_2"
"771","GCAGCCATCCGAGTGC-1_3_2"
"772","GCAGCTGAGTCACTAC-1_3_2"
"773","GCAGGCTAGCCGTCGT-1_3_2"
"774","GCAGGCTGTTAAGTCC-1_3_2"
"775","GCATCGGTCTCATTTG-1_3_2"
"776","GCATCTCAGTGCTCGC-1_3_2"
"777","GCATCTCTCGCGCCAA-1_3_2"
"778","GCATTAGCACATGACT-1_3_2"
"779","GCATTAGGTACCCGCA-1_3_2"
"780","GCCAACGAGTTAGTGA-1_3_2"
"781","GCCAACGCATTGCCGG-1_3_2"
"782","GCCAACGTCCGTAATG-1_3_2"
"783","GCCAGGTAGTAATACG-1_3_2"
"784","GCCAGGTTCAATCGGT-1_3_2"
"785","GCCAGTGCAGCGATTT-1_3_2"
"786","GCCAGTGTCTCGTGGG-1_3_2"
"787","GCCATGGCAAGCCCAC-1_3_2"
"788","GCCATTCTCGTTCAGA-1_3_2"
"789","GCCCAGACATACCATG-1_3_2"
"790","GCCCAGAGTTGCCGAC-1_3_2"
"791","GCCCAGATCCATGAGT-1_3_2"
"792","GCCCAGATCCTCTTTC-1_3_2"
"793","GCCGATGAGTCTGCAT-1_3_2"
"794","GCCGATGCAAGTAGTA-1_3_2"
"795","GCCGATGGTCCTCATC-1_3_2"
"796","GCCGTGAGTAAGATCA-1_3_2"
"797","GCCGTGAGTGCCTTTC-1_3_2"
"798","GCCGTGATCTAGCATG-1_3_2"
"799","GCGAGAAAGGTATAGT-1_3_2"
"800","GCGATCGCAGGTGTTT-1_3_2"
"801","GCGTGCAAGCCTGTGC-1_3_2"
"802","GCTACCTAGAAGATCT-1_3_2"
"803","GCTACCTAGCGACTTT-1_3_2"
"804","GCTACCTAGGGATCGT-1_3_2"
"805","GCTACCTCAATGCTCA-1_3_2"
"806","GCTACCTTCCACGGAC-1_3_2"
"807","GCTACCTTCTAGTCAG-1_3_2"
"808","GCTCAAAGTCCTACGG-1_3_2"
"809","GCTCAAAGTCTAGTGT-1_3_2"
"810","GCTGAATAGCGTACAG-1_3_2"
"811","GCTGAATAGTAGGCCA-1_3_2"
"812","GCTGAATGTGCGTGCT-1_3_2"
"813","GCTGCAGTCCTTGGAA-1_3_2"
"814","GCTGCAGTCGCTGATA-1_3_2"
"815","GCTGGGTAGTCACAGG-1_3_2"
"816","GCTGGGTCAAAGACTA-1_3_2"
"817","GCTTCACGTCTGATAC-1_3_2"
"818","GCTTTCGTCCGATAAC-1_3_2"
"819","GCTTTCGTCTCTGGTC-1_3_2"
"820","GGAAGTGAGTGCCAGA-1_3_2"
"821","GGAAGTGGTGAATGAT-1_3_2"
"822","GGAATCTTCCTTTAGT-1_3_2"
"823","GGAATGGAGAGTTCGG-1_3_2"
"824","GGAATGGAGATAACGT-1_3_2"
"825","GGACGTCAGACGTCGA-1_3_2"
"826","GGACGTCGTAACGATA-1_3_2"
"827","GGACGTCGTTCGTTCC-1_3_2"
"828","GGACGTCTCGTGCAGC-1_3_2"
"829","GGAGAACCAGAGCCCT-1_3_2"
"830","GGAGAACGTGCCTTTC-1_3_2"
"831","GGAGATGCACGTACTA-1_3_2"
"832","GGAGATGTCGTCGGGT-1_3_2"
"833","GGAGCAAAGAGCCATG-1_3_2"
"834","GGAGCAATCCCATTCG-1_3_2"
"835","GGAGGTACACAGTCAT-1_3_2"
"836","GGAGGTATCGATACTG-1_3_2"
"837","GGATGTTCATTCAGCA-1_3_2"
"838","GGCACGTGTTTGATCG-1_3_2"
"839","GGCACGTTCGACGATT-1_3_2"
"840","GGCAGTCCACATTGTG-1_3_2"
"841","GGCGTCATCTCATGCC-1_3_2"
"842","GGCTGTGAGTTTCAGC-1_3_2"
"843","GGCTTGGCAAGGACAC-1_3_2"
"844","GGCTTGGGTATGACAA-1_3_2"
"845","GGCTTGGTCAACTGGT-1_3_2"
"846","GGCTTTCAGGAACGTC-1_3_2"
"847","GGCTTTCCATGCACTA-1_3_2"
"848","GGGAAGTCAGTCAGTT-1_3_2"
"849","GGGACAACATGGAGAC-1_3_2"
"850","GGGACCTGTTACGGAG-1_3_2"
"851","GGGACTCAGCAACTCT-1_3_2"
"852","GGGACTCAGCGGGTTA-1_3_2"
"853","GGGACTCAGCTTACGT-1_3_2"
"854","GGGACTCCATCGAACT-1_3_2"
"855","GGGACTCGTTTCCCAC-1_3_2"
"856","GGGAGTAAGGAGACCT-1_3_2"
"857","GGGAGTAGTAGGAAAG-1_3_2"
"858","GGGAGTATCCGGCTTT-1_3_2"
"859","GGGAGTATCGCGGACT-1_3_2"
"860","GGGATCCGTAGGGTAC-1_3_2"
"861","GGGATCCTCAGACCTA-1_3_2"
"862","GGGATGAAGGTCACTT-1_3_2"
"863","GGGCGTTCACTACACA-1_3_2"
"864","GGGCTACTCTCCACTG-1_3_2"
"865","GGGCTCAAGAAGGATG-1_3_2"
"866","GGGCTCACAGCGTGAA-1_3_2"
"867","GGGTATTCACCTAAAC-1_3_2"
"868","GGGTATTCAGTTGTCA-1_3_2"
"869","GGGTCTGGTACTGTTG-1_3_2"
"870","GGGTGAATCGAATGCT-1_3_2"
"871","GGGTGTCAGCTCCCTT-1_3_2"
"872","GGGTGTCGTAGCGAGT-1_3_2"
"873","GGGTGTCTCGTTCCTG-1_3_2"
"874","GGGTGTCTCGTTGTGA-1_3_2"
"875","GGGTTATAGTGGCGAT-1_3_2"
"876","GGGTTATCATGGCACC-1_3_2"
"877","GGGTTATGTTGTGTAC-1_3_2"
"878","GGGTTATTCCGATGTA-1_3_2"
"879","GGGTTTAAGGCTCCCA-1_3_2"
"880","GGGTTTAAGGGATCTG-1_3_2"
"881","GGGTTTACAGATTCGT-1_3_2"
"882","GGGTTTACAGGGTTGA-1_3_2"
"883","GGTAACTAGAATTCAG-1_3_2"
"884","GGTAACTCAGCATGCC-1_3_2"
"885","GGTAATCCAGAGCGTA-1_3_2"
"886","GGTAATCTCCATACAG-1_3_2"
"887","GGTAGAGAGAGCGACT-1_3_2"
"888","GGTAGAGCACGGGCTT-1_3_2"
"889","GGTAGAGCATGCCATA-1_3_2"
"890","GGTAGAGGTAGCGTAG-1_3_2"
"891","GGTAGAGGTGTACATC-1_3_2"
"892","GGTAGAGTCCAGCTCT-1_3_2"
"893","GGTCTGGAGCCTTCTC-1_3_2"
"894","GGTCTGGGTACCCAGC-1_3_2"
"895","GGTGAAGGTCCAGCGT-1_3_2"
"896","GGTGATTGTCTACGAT-1_3_2"
"897","GGTGATTGTGAGACCA-1_3_2"
"898","GGTGTCGAGGTATCTC-1_3_2"
"899","GGTGTCGAGGTCCAGA-1_3_2"
"900","GGTGTCGGTCAACCAT-1_3_2"
"901","GGTGTTAAGCACTGGA-1_3_2"
"902","GGTGTTACAGGACAGT-1_3_2"
"903","GGTGTTAGTCGTGGTC-1_3_2"
"904","GGTGTTATCCGCACGA-1_3_2"
"905","GGTTAACAGGGTATAT-1_3_2"
"906","GGTTAACCAAGCCATT-1_3_2"
"907","GGTTAACGTACCAATC-1_3_2"
"908","GGTTCTCCAAATCCCA-1_3_2"
"909","GGTTCTCGTTCGTTCC-1_3_2"
"910","GGTTGTAGTCCGGATC-1_3_2"
"911","GTAACACCACGGTGCT-1_3_2"
"912","GTAACACTCCTTCTTC-1_3_2"
"913","GTAAGTCAGACCATAA-1_3_2"
"914","GTAAGTCTCCAGTTCC-1_3_2"
"915","GTAATCGGTGTGACCC-1_3_2"
"916","GTAATGCAGGTTCTTG-1_3_2"
"917","GTACAACAGGAAAGTG-1_3_2"
"918","GTACAACGTGCTTATG-1_3_2"
"919","GTACAACTCGGTCGGT-1_3_2"
"920","GTACAACTCTAGTCAG-1_3_2"
"921","GTACAGTCACCTCTGT-1_3_2"
"922","GTACAGTTCGCCGAGT-1_3_2"
"923","GTAGAAAAGTTCTCTT-1_3_2"
"924","GTAGATCCAACAGCTT-1_3_2"
"925","GTAGATCCACCGGAAA-1_3_2"
"926","GTAGGTTCATATCTGG-1_3_2"
"927","GTAGTACAGCCACCGT-1_3_2"
"928","GTATTGGAGTTGCCCG-1_3_2"
"929","GTATTGGGTACAATAG-1_3_2"
"930","GTATTGGGTATCATGC-1_3_2"
"931","GTATTGGTCAATCCAG-1_3_2"
"932","GTATTTCAGCCTGTCG-1_3_2"
"933","GTATTTCCAGTTTCAG-1_3_2"
"934","GTATTTCGTAGGTACG-1_3_2"
"935","GTATTTCGTGCTCTCT-1_3_2"
"936","GTATTTCTCAGACAAA-1_3_2"
"937","GTCAAACAGAGCCGAT-1_3_2"
"938","GTCAAACCAGCTGCCA-1_3_2"
"939","GTCAAGTAGATGAATC-1_3_2"
"940","GTCACGGCATCGCTAA-1_3_2"
"941","GTCACGGCATGGCTGC-1_3_2"
"942","GTCACGGTCCGAGATT-1_3_2"
"943","GTCACTCTCAGTCCGG-1_3_2"
"944","GTCAGCGGTGGAATGC-1_3_2"
"945","GTCATCCCAATGCTCA-1_3_2"
"946","GTCATCCTCCTCAGGG-1_3_2"
"947","GTCATGACAAGGATGC-1_3_2"
"948","GTCATTTAGACGACTG-1_3_2"
"949","GTCATTTTCCGATTAG-1_3_2"
"950","GTCCACTTCGATAACC-1_3_2"
"951","GTCCACTTCTTCCACG-1_3_2"
"952","GTCCCATCAGGGCTTC-1_3_2"
"953","GTCGAATGTAATTGGA-1_3_2"
"954","GTCGCGAAGGCCCGTT-1_3_2"
"955","GTCGCGACAATCTCTT-1_3_2"
"956","GTCGCGACAGCAAGAC-1_3_2"
"957","GTCGCGAGTCGGCACT-1_3_2"
"958","GTCGTAACATGTTTGG-1_3_2"
"959","GTCTACCAGCAGATAT-1_3_2"
"960","GTCTACCGTATCGCTA-1_3_2"
"961","GTCTAGAGTGTCCTAA-1_3_2"
"962","GTCTAGATCTCTCCGA-1_3_2"
"963","GTCTGTCCAATCGTCA-1_3_2"
"964","GTGACGCCAGTAGTTC-1_3_2"
"965","GTGAGCCAGTAAACGT-1_3_2"
"966","GTGAGGACAGACACCC-1_3_2"
"967","GTGAGTTAGAAGAACG-1_3_2"
"968","GTGAGTTCAATAGTAG-1_3_2"
"969","GTGCACGAGAGCAACC-1_3_2"
"970","GTGCACGAGCGTTGTT-1_3_2"
"971","GTGCACGCATGAAGGC-1_3_2"
"972","GTGCACGGTACTGCCG-1_3_2"
"973","GTGCACGGTTGACGGA-1_3_2"
"974","GTGCAGCAGGAAAGAC-1_3_2"
"975","GTGCGTGAGCCATATC-1_3_2"
"976","GTGCGTGCACGACTAT-1_3_2"
"977","GTGCTTCAGAAAGCGA-1_3_2"
"978","GTGCTTCAGCGATGCA-1_3_2"
"979","GTGCTTCCAAGAGCTG-1_3_2"
"980","GTGCTTCGTACTTCCC-1_3_2"
"981","GTGGAAGCAGCGTATT-1_3_2"
"982","GTGGAAGGTTGCCAAT-1_3_2"
"983","GTGGAAGTCAGCACCG-1_3_2"
"984","GTGGCGTAGCCGCACT-1_3_2"
"985","GTGGCGTCATCAGTGT-1_3_2"
"986","GTGGGAAAGAACCGCA-1_3_2"
"987","GTGGGAAGTAGTCCTA-1_3_2"
"988","GTGGTTAAGACTCCGC-1_3_2"
"989","GTGGTTATCATTACCT-1_3_2"
"990","GTGTCCTTCCACACCT-1_3_2"
"991","GTGTGGCCAGGCGTTC-1_3_2"
"992","GTGTGGCTCATCACCC-1_3_2"
"993","GTGTGGCTCCGTAATG-1_3_2"
"994","GTGTGGCTCCTATTTG-1_3_2"
"995","GTTACAGGTCGAGATG-1_3_2"
"996","GTTACAGTCACACCGG-1_3_2"
"997","GTTACCCCACATACTG-1_3_2"
"998","GTTACCCCATCACGGC-1_3_2"
"999","GTTACGACATAACAGA-1_3_2"
"1000","GTTACGAGTTAGGAGC-1_3_2"
"1001","GTTACGATCAGACCCG-1_3_2"
"1002","GTTAGACAGAGAGCGG-1_3_2"
"1003","GTTAGACGTATGACAA-1_3_2"
"1004","GTTAGTGTCGCTCTCA-1_3_2"
"1005","GTTATGGCAAGACAAT-1_3_2"
"1006","GTTCATTAGCACACCC-1_3_2"
"1007","GTTCCGTCAGCTGTTA-1_3_2"
"1008","GTTCGCTTCATAGCAC-1_3_2"
"1009","GTTGAACAGTTAGAAC-1_3_2"
"1010","GTTGAACCAGCAGAAC-1_3_2"
"1011","GTTGCTCTCCGTAGTA-1_3_2"
"1012","GTTGTCCAGACCATGG-1_3_2"
"1013","GTTGTGAAGCTGCGAA-1_3_2"
"1014","GTTGTGAGTTTCGTAG-1_3_2"
"1015","GTTGTGATCCTCTCGA-1_3_2"
"1016","GTTGTGATCGATGCTA-1_3_2"
"1017","GTTTACTCAACCGATT-1_3_2"
"1018","GTTTGGACAGCACAGA-1_3_2"
"1019","GTTTGGACATTGTAGC-1_3_2"
"1020","GTTTGGATCGATTGGT-1_3_2"
"1021","GTTTGGATCTTTCCAA-1_3_2"
"1022","TAACACGCAAGTCCCG-1_3_2"
"1023","TAACACGCACTAGTAC-1_3_2"
"1024","TAACCAGAGGAACGCT-1_3_2"
"1025","TAACGACTCACCTCGT-1_3_2"
"1026","TAACTTCAGTCGCCCA-1_3_2"
"1027","TAACTTCGTGCCGTAC-1_3_2"
"1028","TAACTTCTCGACATTG-1_3_2"
"1029","TAAGCACCACTACACA-1_3_2"
"1030","TAAGCACGTTCTCTCG-1_3_2"
"1031","TAAGCCAAGACGTCCC-1_3_2"
"1032","TAAGCCAGTGATGGCA-1_3_2"
"1033","TAAGCGTTCAGGTGTT-1_3_2"
"1034","TAAGTCGGTCGTGATT-1_3_2"
"1035","TAAGTCGTCCGACATA-1_3_2"
"1036","TAATTCCAGGTCGAGT-1_3_2"
"1037","TAATTCCTCGCTTACC-1_3_2"
"1038","TAATTCCTCTCACTCG-1_3_2"
"1039","TACAACGCATCACGGC-1_3_2"
"1040","TACACCCAGTTGCGCC-1_3_2"
"1041","TACAGGTCAACAGCCC-1_3_2"
"1042","TACAGGTTCAGCCCAG-1_3_2"
"1043","TACATTCCACAACATC-1_3_2"
"1044","TACCCACAGCACCGTC-1_3_2"
"1045","TACCCACGTCCATACA-1_3_2"
"1046","TACCCGTAGTCATCCA-1_3_2"
"1047","TACCCGTCATCATCTT-1_3_2"
"1048","TACCGAAGTTATCTGG-1_3_2"
"1049","TACCTCGCAATGTCAC-1_3_2"
"1050","TACGCTCAGATCGCCC-1_3_2"
"1051","TACGGGCAGTGAGTGC-1_3_2"
"1052","TACGGTACAAGATGGC-1_3_2"
"1053","TACTGCCAGCCTCAAT-1_3_2"
"1054","TACTGCCGTCGGTGTC-1_3_2"
"1055","TACTGCCTCAACTCTT-1_3_2"
"1056","TACTGCCTCTGTCTCG-1_3_2"
"1057","TACTTACCAGGAATCG-1_3_2"
"1058","TACTTACGTTGGAGAC-1_3_2"
"1059","TACTTACTCCTACCGT-1_3_2"
"1060","TACTTACTCCTTATAC-1_3_2"
"1061","TACTTCAGTTCTTCAT-1_3_2"
"1062","TACTTGTAGTAACCTC-1_3_2"
"1063","TACTTGTTCTCCACTG-1_3_2"
"1064","TAGACTGCATAACAGA-1_3_2"
"1065","TAGACTGCATGGGCAA-1_3_2"
"1066","TAGACTGGTATTGACC-1_3_2"
"1067","TAGAGTCTCATCGCTC-1_3_2"
"1068","TAGAGTCTCTACTTCA-1_3_2"
"1069","TAGAGTCTCTCAGGCG-1_3_2"
"1070","TAGATCGGTGTAAACA-1_3_2"
"1071","TAGATCGTCGCTACGG-1_3_2"
"1072","TAGGAGGGTAAGCAAT-1_3_2"
"1073","TAGGGTTGTGGATTTC-1_3_2"
"1074","TAGGGTTTCCTTGGAA-1_3_2"
"1075","TAGTGCACATTCTGTT-1_3_2"
"1076","TAGTGCAGTATTTCCT-1_3_2"
"1077","TAGTGCAGTTGTGGAG-1_3_2"
"1078","TAGTGCATCTGATTCT-1_3_2"
"1079","TATACCTCAGTCACGC-1_3_2"
"1080","TATATCCAGGATATGT-1_3_2"
"1081","TATATCCTCTATCACT-1_3_2"
"1082","TATCCTACAGCGCTTG-1_3_2"
"1083","TATCTTGCATGGGTCC-1_3_2"
"1084","TATCTTGTCGGACAAG-1_3_2"
"1085","TATGTTCCAACTAGAA-1_3_2"
"1086","TATTCCAGTCTTCGAA-1_3_2"
"1087","TATTGCTGTCCAAGAG-1_3_2"
"1088","TATTGGGAGCTGAAGC-1_3_2"
"1089","TATTGGGCAGAGGGTT-1_3_2"
"1090","TCAAGACCATTCGGGC-1_3_2"
"1091","TCAAGACGTAGCTTTG-1_3_2"
"1092","TCAAGCACAAGTGTCT-1_3_2"
"1093","TCAAGCACATCCTTGC-1_3_2"
"1094","TCAATCTCAGTATTCG-1_3_2"
"1095","TCAATCTCAGTCGCAC-1_3_2"
"1096","TCAATCTGTGTTCCTC-1_3_2"
"1097","TCAATTCGTCCGGATC-1_3_2"
"1098","TCAATTCTCGTGCATA-1_3_2"
"1099","TCACAAGCAAAGACGC-1_3_2"
"1100","TCACAAGCATGTACGT-1_3_2"
"1101","TCACAAGTCATCCTAT-1_3_2"
"1102","TCACACCCAGACCAAG-1_3_2"
"1103","TCACATTAGTAATACG-1_3_2"
"1104","TCACATTTCCAACACA-1_3_2"
"1105","TCACGGGCAGGAGACT-1_3_2"
"1106","TCACGGGGTCTCAGAT-1_3_2"
"1107","TCACTATCAAGTGGGT-1_3_2"
"1108","TCACTATCACTGTGAT-1_3_2"
"1109","TCACTCGTCGAAGCCC-1_3_2"
"1110","TCACTCGTCGTCAAAC-1_3_2"
"1111","TCAGCAACATATGAAG-1_3_2"
"1112","TCAGCCTCAACCGACC-1_3_2"
"1113","TCAGCCTGTTTGTTCT-1_3_2"
"1114","TCAGGGCCACCTGCAG-1_3_2"
"1115","TCAGGTATCCGAGGCT-1_3_2"
"1116","TCAGTCCTCCGTATAG-1_3_2"
"1117","TCAGTGAAGGTCATCT-1_3_2"
"1118","TCAGTGAGTGTGTCGC-1_3_2"
"1119","TCAGTGATCAAAGGTA-1_3_2"
"1120","TCAGTGATCGTACACA-1_3_2"
"1121","TCAGTTTAGACGGTTG-1_3_2"
"1122","TCAGTTTTCTCCATAT-1_3_2"
"1123","TCATACTGTCAGTCTA-1_3_2"
"1124","TCATATCCATAGGTTC-1_3_2"
"1125","TCATATCGTAACGCGA-1_3_2"
"1126","TCATCATAGGTCCTGC-1_3_2"
"1127","TCATCATTCCATTGCC-1_3_2"
"1128","TCATCCGAGAAGGCTC-1_3_2"
"1129","TCATCCGCAAATTGGA-1_3_2"
"1130","TCATGAGCATTGCTGA-1_3_2"
"1131","TCATGAGTCCTCCACA-1_3_2"
"1132","TCATGGATCTAGTTCT-1_3_2"
"1133","TCATGTTAGTGCACCC-1_3_2"
"1134","TCATGTTCAATAGAGT-1_3_2"
"1135","TCATGTTCAATATCCG-1_3_2"
"1136","TCATGTTGTTCTAAGC-1_3_2"
"1137","TCATTACAGTACCGGA-1_3_2"
"1138","TCATTGTGTCTTGTCC-1_3_2"
"1139","TCATTGTGTTCTATCT-1_3_2"
"1140","TCCAGAAAGACTACCT-1_3_2"
"1141","TCCAGAACACCATAAC-1_3_2"
"1142","TCCAGAAGTCATCGGC-1_3_2"
"1143","TCCCACACATCTCAAG-1_3_2"
"1144","TCCCAGTCACTGGATT-1_3_2"
"1145","TCCCAGTCACTGGCGT-1_3_2"
"1146","TCCGAAAAGTCCCTAA-1_3_2"
"1147","TCCGAAATCCCTCTAG-1_3_2"
"1148","TCCGATCAGCGGGTTA-1_3_2"
"1149","TCCGATCGTTAGAAAC-1_3_2"
"1150","TCCGGGAGTCACTAGT-1_3_2"
"1151","TCCGGGAGTCCATCTC-1_3_2"
"1152","TCCGTGTGTAGAGGAA-1_3_2"
"1153","TCCGTGTGTCGAACAG-1_3_2"
"1154","TCCGTGTGTTGTCAGT-1_3_2"
"1155","TCCTAATCAAACCATC-1_3_2"
"1156","TCCTAATGTACCGTGC-1_3_2"
"1157","TCCTCCCAGCCTCTCT-1_3_2"
"1158","TCCTCGAAGGCTCCCA-1_3_2"
"1159","TCCTCGAAGGTGATAT-1_3_2"
"1160","TCCTCGACAAAGCTCT-1_3_2"
"1161","TCCTCTTAGTGGTTCT-1_3_2"
"1162","TCCTCTTCACAGCTTA-1_3_2"
"1163","TCCTCTTGTCTAGATC-1_3_2"
"1164","TCCTGCACAGAAGTGC-1_3_2"
"1165","TCCTTCTGTCACCCTT-1_3_2"
"1166","TCGAAGTCAATCTGCA-1_3_2"
"1167","TCGAAGTGTAGTTAGA-1_3_2"
"1168","TCGACCTAGGAACGAA-1_3_2"
"1169","TCGACCTGTTAATCGC-1_3_2"
"1170","TCGACCTTCGTAACAC-1_3_2"
"1171","TCGATTTAGATACCAA-1_3_2"
"1172","TCGATTTCAATGAGCG-1_3_2"
"1173","TCGATTTCATCCTTCG-1_3_2"
"1174","TCGATTTTCACTAGCA-1_3_2"
"1175","TCGATTTTCAGTGTGT-1_3_2"
"1176","TCGCAGGCAGGGTCTC-1_3_2"
"1177","TCGCAGGGTTTCGTTT-1_3_2"
"1178","TCGCTCAAGATGACCG-1_3_2"
"1179","TCGCTCAGTCACTCGG-1_3_2"
"1180","TCGCTCAGTGTGTCGC-1_3_2"
"1181","TCGCTCATCATTGGTG-1_3_2"
"1182","TCGCTTGAGCTGCGAA-1_3_2"
"1183","TCGCTTGCACCCAAGC-1_3_2"
"1184","TCGCTTGGTCGGAAAC-1_3_2"
"1185","TCGCTTGTCTAGGCAT-1_3_2"
"1186","TCGGGACTCCGATAAC-1_3_2"
"1187","TCGGGACTCTATCGCC-1_3_2"
"1188","TCGGGCAGTGACTGTT-1_3_2"
"1189","TCGGGCAGTTAAGGAT-1_3_2"
"1190","TCGGGTGCACTTTAGG-1_3_2"
"1191","TCGGGTGGTCGATGCC-1_3_2"
"1192","TCGTAGAAGGTTCATC-1_3_2"
"1193","TCGTAGAAGTATGCAA-1_3_2"
"1194","TCGTAGACATAATGCC-1_3_2"
"1195","TCGTAGAGTGTTCAGT-1_3_2"
"1196","TCGTAGATCATGCCCT-1_3_2"
"1197","TCGTGCTTCTGGTCAA-1_3_2"
"1198","TCGTGGGTCTCGACCT-1_3_2"
"1199","TCTAACTAGACCAAAT-1_3_2"
"1200","TCTAACTAGGCGTTGA-1_3_2"
"1201","TCTAACTTCATCGCAA-1_3_2"
"1202","TCTACATAGTATGGAT-1_3_2"
"1203","TCTATACCACGCAGTC-1_3_2"
"1204","TCTATACCATCGATGT-1_3_2"
"1205","TCTATCACAGCTCCTT-1_3_2"
"1206","TCTCACGAGAGATCGC-1_3_2"
"1207","TCTCACGCAGTAGAGC-1_3_2"
"1208","TCTCACGTCAAATAGG-1_3_2"
"1209","TCTCCGACAACTGCCG-1_3_2"
"1210","TCTCCGACAAGTGATA-1_3_2"
"1211","TCTCCGACACACGTGC-1_3_2"
"1212","TCTCCGACAGAGGTAC-1_3_2"
"1213","TCTCCGACATCATTTC-1_3_2"
"1214","TCTCTGGTCCCTCAAC-1_3_2"
"1215","TCTGCCATCACCTCGT-1_3_2"
"1216","TCTGGCTGTCGCTGCA-1_3_2"
"1217","TCTGGCTTCGATTGAC-1_3_2"
"1218","TCTTAGTGTCGTGGAA-1_3_2"
"1219","TCTTCCTCACAAATCC-1_3_2"
"1220","TCTTCCTCATATGCGT-1_3_2"
"1221","TCTTCCTGTGTCATTG-1_3_2"
"1222","TCTTCCTTCTGAGTCA-1_3_2"
"1223","TCTTTGAAGTGTACAA-1_3_2"
"1224","TCTTTGACATAACGGG-1_3_2"
"1225","TCTTTGAGTGGCTACC-1_3_2"
"1226","TCTTTGATCGAAATCC-1_3_2"
"1227","TCTTTGATCGTAGCTA-1_3_2"
"1228","TGAACGTCAGAATGTA-1_3_2"
"1229","TGAATCGCACGCGCTA-1_3_2"
"1230","TGAATGCAGATAGCTA-1_3_2"
"1231","TGAATGCTCCGTATAG-1_3_2"
"1232","TGACAGTCAGTTGCGC-1_3_2"
"1233","TGACGCGAGGATGTTA-1_3_2"
"1234","TGACGCGGTTCACGAT-1_3_2"
"1235","TGACTCCCACATGTTG-1_3_2"
"1236","TGACTCCTCGCCATAA-1_3_2"
"1237","TGACTCCTCGCCGATG-1_3_2"
"1238","TGAGACTAGCCACCGT-1_3_2"
"1239","TGAGACTTCTTGCGCT-1_3_2"
"1240","TGAGCGCCAAATGAGT-1_3_2"
"1241","TGAGGAGAGGATTCCT-1_3_2"
"1242","TGAGGAGAGGTGCTGA-1_3_2"
"1243","TGAGGGACATTCTGTT-1_3_2"
"1244","TGAGTCAAGCAACCAG-1_3_2"
"1245","TGATCAGCACCTCGTT-1_3_2"
"1246","TGATCAGGTCCTGTCT-1_3_2"
"1247","TGATGCAGTGAATTGA-1_3_2"
"1248","TGATGCAGTTTACCTT-1_3_2"
"1249","TGATGGTAGCATGTTC-1_3_2"
"1250","TGATGGTAGTAGCCAG-1_3_2"
"1251","TGATGGTGTAGGTTTC-1_3_2"
"1252","TGATGGTGTGACACGA-1_3_2"
"1253","TGATTCTTCAGACCGC-1_3_2"
"1254","TGATTTCAGCCTGAAG-1_3_2"
"1255","TGATTTCTCCCGAGGT-1_3_2"
"1256","TGCACGGAGCAGCAGT-1_3_2"
"1257","TGCACGGAGGCACTAG-1_3_2"
"1258","TGCAGATAGGCTCTCG-1_3_2"
"1259","TGCAGATAGTGGCCTC-1_3_2"
"1260","TGCAGTATCCTGCCAT-1_3_2"
"1261","TGCATGATCTTTCTAG-1_3_2"
"1262","TGCCGAGAGGAGGGTG-1_3_2"
"1263","TGCCGAGGTGTACGCC-1_3_2"
"1264","TGCGACGCAGCTATAC-1_3_2"
"1265","TGCGACGGTATGAGCG-1_3_2"
"1266","TGCGATAAGGCAGGTT-1_3_2"
"1267","TGCGATAAGGCATCGA-1_3_2"
"1268","TGCGGCAAGTAAACGT-1_3_2"
"1269","TGCGGCACATGTTCAG-1_3_2"
"1270","TGCGGCATCCGCACGA-1_3_2"
"1271","TGCTCCAAGATGCGAC-1_3_2"
"1272","TGCTCGTAGTTGGAGC-1_3_2"
"1273","TGCTCGTCAAGCGGAT-1_3_2"
"1274","TGCTCGTGTCTTACAG-1_3_2"
"1275","TGCTGAAGTAGCACGA-1_3_2"
"1276","TGCTGAAGTATCCTCC-1_3_2"
"1277","TGCTTCGAGCTGTACT-1_3_2"
"1278","TGCTTCGCAGCATGCC-1_3_2"
"1279","TGCTTCGCATGGAGAC-1_3_2"
"1280","TGGAGAGCAATTAGGA-1_3_2"
"1281","TGGAGAGGTCCAGCCA-1_3_2"
"1282","TGGAGGACAATTGAAG-1_3_2"
"1283","TGGAGGATCTAGTGAC-1_3_2"
"1284","TGGATCAGTATAGGAT-1_3_2"
"1285","TGGATGTCAACACACT-1_3_2"
"1286","TGGATGTCAGAGAATT-1_3_2"
"1287","TGGATGTCATGGGAAC-1_3_2"
"1288","TGGATGTTCACAACCA-1_3_2"
"1289","TGGCGTGAGACCCGCT-1_3_2"
"1290","TGGCGTGCATAATGAG-1_3_2"
"1291","TGGCGTGTCTGGCCTT-1_3_2"
"1292","TGGGAAGCATGGGATG-1_3_2"
"1293","TGGGAGAGTAGTTAGA-1_3_2"
"1294","TGGGATTAGCATCCTA-1_3_2"
"1295","TGGGATTAGGCTCTCG-1_3_2"
"1296","TGGGATTGTGCCTACG-1_3_2"
"1297","TGGGATTTCAAGCCGC-1_3_2"
"1298","TGGGCGTTCGTTCAGA-1_3_2"
"1299","TGGGTTAGTCGAACAG-1_3_2"
"1300","TGGTACAGTAGCCAGA-1_3_2"
"1301","TGGTAGTTCCGCTGTT-1_3_2"
"1302","TGGTGATAGAACCCGA-1_3_2"
"1303","TGGTGATAGGATTTAG-1_3_2"
"1304","TGGTGATGTCGTGGTC-1_3_2"
"1305","TGGTTAGCATTCAGCA-1_3_2"
"1306","TGTAACGAGGAGGGTG-1_3_2"
"1307","TGTAACGAGTGGAATT-1_3_2"
"1308","TGTAACGCACCGGCTA-1_3_2"
"1309","TGTAACGTCGTCTAAG-1_3_2"
"1310","TGTAAGCAGGTAAACT-1_3_2"
"1311","TGTAAGCTCAGAGCAG-1_3_2"
"1312","TGTACAGCAGTAGATA-1_3_2"
"1313","TGTAGACGTCGCTTGG-1_3_2"
"1314","TGTCAGACAAGTCCAT-1_3_2"
"1315","TGTCCACCAGCCGTCA-1_3_2"
"1316","TGTCCACGTAATGCTC-1_3_2"
"1317","TGTCCACTCGATACAC-1_3_2"
"1318","TGTCCCACATTGGATC-1_3_2"
"1319","TGTCCCATCCAAACCA-1_3_2"
"1320","TGTGAGTTCATTGCCC-1_3_2"
"1321","TGTGAGTTCCACTAGA-1_3_2"
"1322","TGTGATGAGATGCGAC-1_3_2"
"1323","TGTGCGGGTCCCAAAT-1_3_2"
"1324","TGTGGCGCATAGGAGC-1_3_2"
"1325","TGTGTGAAGCTGTCCG-1_3_2"
"1326","TGTGTGATCATACGAC-1_3_2"
"1327","TGTTACTGTTTAGACC-1_3_2"
"1328","TGTTCCGCAACAGATA-1_3_2"
"1329","TGTTCTAAGTAATCCC-1_3_2"
"1330","TGTTCTAGTTATTCCT-1_3_2"
"1331","TGTTGAGAGGAGACCT-1_3_2"
"1332","TGTTGAGAGGATTTCC-1_3_2"
"1333","TGTTGAGGTCTGCGCA-1_3_2"
"1334","TGTTGAGGTGTTGAGG-1_3_2"
"1335","TGTTGGAAGCACTGGA-1_3_2"
"1336","TGTTGGATCACCGGGT-1_3_2"
"1337","TGTTTGTCACAACATC-1_3_2"
"1338","TGTTTGTCAGCGTGAA-1_3_2"
"1339","TGTTTGTGTTCCCACT-1_3_2"
"1340","TTAATCCAGACATAGT-1_3_2"
"1341","TTAATCCAGTACTGTC-1_3_2"
"1342","TTAATCCGTAACATAG-1_3_2"
"1343","TTACAGGCAAGTTCGT-1_3_2"
"1344","TTACAGGTCCACTGGG-1_3_2"
"1345","TTACCGCAGTCCCAGC-1_3_2"
"1346","TTACCGCCAGCATGCC-1_3_2"
"1347","TTACGCCAGCCTCTCT-1_3_2"
"1348","TTACGCCCAGGCTTGC-1_3_2"
"1349","TTACGCCTCACATCAG-1_3_2"
"1350","TTACGCCTCTATCGGA-1_3_2"
"1351","TTACGTTCAAATGATG-1_3_2"
"1352","TTACGTTCATGAAGCG-1_3_2"
"1353","TTAGGCATCCCTCAAC-1_3_2"
"1354","TTAGGGTAGCGTGAAC-1_3_2"
"1355","TTAGGGTAGTTGCGCC-1_3_2"
"1356","TTAGGGTCATCAGCGC-1_3_2"
"1357","TTAGGGTTCAGCTTCC-1_3_2"
"1358","TTAGTCTCACCGTCTT-1_3_2"
"1359","TTATTGCAGCTGACAG-1_3_2"
"1360","TTATTGCGTGATAGAT-1_3_2"
"1361","TTCACCGCAAATTAGG-1_3_2"
"1362","TTCACCGGTTTGTTCT-1_3_2"
"1363","TTCACCGTCAACTGAC-1_3_2"
"1364","TTCACGCCATCGTGGC-1_3_2"
"1365","TTCACGCGTAGGGTAC-1_3_2"
"1366","TTCAGGAGTGCACATT-1_3_2"
"1367","TTCATGTAGTTGGACG-1_3_2"
"1368","TTCATTGAGGAACTCG-1_3_2"
"1369","TTCATTGCAGGGACTA-1_3_2"
"1370","TTCATTGTCTCTATGT-1_3_2"
"1371","TTCATTGTCTTACGGA-1_3_2"
"1372","TTCCACGAGAATAGTC-1_3_2"
"1373","TTCCACGAGGGATGTC-1_3_2"
"1374","TTCCACGAGTATGCAA-1_3_2"
"1375","TTCCACGGTACGTGTT-1_3_2"
"1376","TTCCACGGTGGCACTC-1_3_2"
"1377","TTCCGGTAGAACGTGC-1_3_2"
"1378","TTCCGGTCATATTCGG-1_3_2"
"1379","TTCCGGTGTGGACTAG-1_3_2"
"1380","TTCCGTGAGGTGGGTT-1_3_2"
"1381","TTCCTAACACAAATGA-1_3_2"
"1382","TTCCTAAGTTGGATCT-1_3_2"
"1383","TTCCTTCAGGACGCAT-1_3_2"
"1384","TTCCTTCAGGTCACAG-1_3_2"
"1385","TTCCTTCGTTGCGTAT-1_3_2"
"1386","TTCCTTCTCTTGGGCG-1_3_2"
"1387","TTCGCTGCATTGAGCT-1_3_2"
"1388","TTCGCTGTCGGTCTAA-1_3_2"
"1389","TTCTCTCTCGCGAAGA-1_3_2"
"1390","TTCTTCCGTAGTTAGA-1_3_2"
"1391","TTCTTGAGTAAGTTGA-1_3_2"
"1392","TTCTTGATCGAAGCCC-1_3_2"
"1393","TTGAACGCAGGATGAC-1_3_2"
"1394","TTGAACGTCGATTCCC-1_3_2"
"1395","TTGACCCTCGAGCCAC-1_3_2"
"1396","TTGAGTGCAGAACATA-1_3_2"
"1397","TTGAGTGGTAAGCTCT-1_3_2"
"1398","TTGATGGAGACATATG-1_3_2"
"1399","TTGATGGCAGGCACAA-1_3_2"
"1400","TTGATGGCATTCACAG-1_3_2"
"1401","TTGCATTAGACGACGT-1_3_2"
"1402","TTGCATTGTCCATCTC-1_3_2"
"1403","TTGCATTTCAGTGCGC-1_3_2"
"1404","TTGCATTTCCTTCTAA-1_3_2"
"1405","TTGCTGCAGCCGATAG-1_3_2"
"1406","TTGCTGCAGGATAATC-1_3_2"
"1407","TTGCTGCCATGCGGTC-1_3_2"
"1408","TTGGGCGCACTGGATT-1_3_2"
"1409","TTGGTTTAGCGTGCTC-1_3_2"
"1410","TTGGTTTAGGGTGAAA-1_3_2"
"1411","TTGGTTTTCCCTCAAC-1_3_2"
"1412","TTGTGGATCTGGGCGT-1_3_2"
"1413","TTGTGTTCACTCATAG-1_3_2"
"1414","TTGTGTTGTCATCAGT-1_3_2"
"1415","TTGTGTTTCGCGATCG-1_3_2"
"1416","TTGTTCAAGCGACTAG-1_3_2"
"1417","TTGTTGTCACTACAGT-1_3_2"
"1418","TTGTTGTCAGCTGTGC-1_3_2"
"1419","TTGTTGTCATAGTCGT-1_3_2"
"1420","TTGTTGTTCGAAATCC-1_3_2"
"1421","TTGTTTGAGACGACTG-1_3_2"
"1422","TTGTTTGAGTTGGCTT-1_3_2"
"1423","TTGTTTGCACTGGCCA-1_3_2"
"1424","TTTACCATCCGCGATG-1_3_2"
"1425","TTTACCATCGCTTTAT-1_3_2"
"1426","TTTACGTCAGGACGAT-1_3_2"
"1427","TTTACGTGTTGCGAAG-1_3_2"
"1428","TTTACTGAGAAATTGC-1_3_2"
"1429","TTTAGTCAGTGCAACG-1_3_2"
"1430","TTTCACAAGGATGGCT-1_3_2"
"1431","TTTCACACAGTAACGG-1_3_2"
"1432","TTTCAGTTCAAATAGG-1_3_2"
"1433","TTTCATGAGGTCATAA-1_3_2"
"1434","TTTCCTCCAATTGAAG-1_3_2"
"1435","TTTCGATCAGCTGTTA-1_3_2"
"1436","TTTCGATTCACTGATG-1_3_2"
"1437","TTTGACTCACGCCACA-1_3_2"
"1438","TTTGACTGTTGTGCCG-1_3_2"
"1439","TTTGATCAGGAACTAT-1_3_2"
"1440","TTTGATCGTTTGGCTA-1_3_2"
"1441","TTTGGTTTCAACTTTC-1_3_2"
"1442","TTTGTTGGTACCAATC-1_3_2"
