"","x"
"1","AAACCCAAGCCTAACT-1_1_1"
"2","AAACCCACACCTCTGT-1_1_1"
"3","AAACCCATCGTTAGAC-1_1_1"
"4","AAACGAAGTAATCAGA-1_1_1"
"5","AAACGAATCGACGTCG-1_1_1"
"6","AAACGAATCGGTAACT-1_1_1"
"7","AAACGCTCAATTGAGA-1_1_1"
"8","AAACGCTGTATCTCTT-1_1_1"
"9","AAACGCTTCCCAGGCA-1_1_1"
"10","AAAGAACGTACAGAAT-1_1_1"
"11","AAAGAACTCTCCGATC-1_1_1"
"12","AAAGGATAGACAACTA-1_1_1"
"13","AAAGGATTCCAGTGCG-1_1_1"
"14","AAAGGATTCCATGAGT-1_1_1"
"15","AAAGGGCCATACCATG-1_1_1"
"16","AAAGGGCGTTCTCCCA-1_1_1"
"17","AAAGGGCTCGAAATCC-1_1_1"
"18","AAAGGTAAGGGTGGGA-1_1_1"
"19","AAAGGTAGTGACCTGC-1_1_1"
"20","AAAGGTATCATAAGGA-1_1_1"
"21","AAAGTCCCAACTCGAT-1_1_1"
"22","AAAGTCCCACACGCCA-1_1_1"
"23","AAAGTCCGTATTTCGG-1_1_1"
"24","AAAGTCCTCCAAAGGG-1_1_1"
"25","AAAGTGAGTCCAGCAC-1_1_1"
"26","AAAGTGAGTTCGGCGT-1_1_1"
"27","AAATGGACATCGAACT-1_1_1"
"28","AAATGGATCCGTCAAA-1_1_1"
"29","AACAAAGTCTGAGATC-1_1_1"
"30","AACAACCGTCCAGGTC-1_1_1"
"31","AACAACCTCTCTATGT-1_1_1"
"32","AACACACAGGATCATA-1_1_1"
"33","AACACACCAAATTGGA-1_1_1"
"34","AACACACCAAGAGGCT-1_1_1"
"35","AACACACGTACTCCCT-1_1_1"
"36","AACACACGTCTACACA-1_1_1"
"37","AACACACTCAGACATC-1_1_1"
"38","AACAGGGAGAAGCTGC-1_1_1"
"39","AACAGGGTCAGCTAGT-1_1_1"
"40","AACAGGGTCTACTGCC-1_1_1"
"41","AACCAACCAAGTGGGT-1_1_1"
"42","AACCAACTCTACTTCA-1_1_1"
"43","AACCACAGTTCTTAGG-1_1_1"
"44","AACCATGGTATCCTCC-1_1_1"
"45","AACCCAAAGCCTTTCC-1_1_1"
"46","AACCCAACATGAAGCG-1_1_1"
"47","AACCCAAGTAACACCT-1_1_1"
"48","AACCCAATCGCAGAGA-1_1_1"
"49","AACCCAATCTAGACCA-1_1_1"
"50","AACCTGAGTCGACTGC-1_1_1"
"51","AACCTGAGTTTCGACA-1_1_1"
"52","AACCTGATCATGGGAG-1_1_1"
"53","AACCTTTAGGACTGGT-1_1_1"
"54","AACCTTTAGTCCCAAT-1_1_1"
"55","AACGAAAAGGTTGCCC-1_1_1"
"56","AACGGGAAGATGGTCG-1_1_1"
"57","AACGGGACATGAATCC-1_1_1"
"58","AACGTCACAGCGAGTA-1_1_1"
"59","AACGTCATCGAATCCA-1_1_1"
"60","AACTTCTAGCGGATCA-1_1_1"
"61","AACTTCTGTCACTCAA-1_1_1"
"62","AAGAACAAGGACGGAG-1_1_1"
"63","AAGAACAGTAGCTGCC-1_1_1"
"64","AAGAACATCTGCACCT-1_1_1"
"65","AAGACAAAGACGGTTG-1_1_1"
"66","AAGACAAAGCCGTAAG-1_1_1"
"67","AAGACAAGTTACCCTC-1_1_1"
"68","AAGATAGAGCATGTTC-1_1_1"
"69","AAGATAGAGCCGTTAT-1_1_1"
"70","AAGATAGAGTTGCCCG-1_1_1"
"71","AAGATAGCATGTGCTA-1_1_1"
"72","AAGATAGGTGCCCAGT-1_1_1"
"73","AAGATAGTCGTGACTA-1_1_1"
"74","AAGATAGTCTGGCCTT-1_1_1"
"75","AAGCATCAGATGGTAT-1_1_1"
"76","AAGCATCGTAGCTTAC-1_1_1"
"77","AAGCATCTCTCTTGCG-1_1_1"
"78","AAGCCATCACAACGAG-1_1_1"
"79","AAGCCATTCCCGATCT-1_1_1"
"80","AAGCCATTCGTGCACG-1_1_1"
"81","AAGCGAGCACATTACG-1_1_1"
"82","AAGCGTTGTAGTAAGT-1_1_1"
"83","AAGCGTTGTGTACATC-1_1_1"
"84","AAGCGTTTCCCACAGG-1_1_1"
"85","AAGGTAACAGCTGAGA-1_1_1"
"86","AAGTCGTCATATCTGG-1_1_1"
"87","AAGTCGTTCGTCAACA-1_1_1"
"88","AAGTGAAAGGAACGAA-1_1_1"
"89","AAGTTCGCACCGTCGA-1_1_1"
"90","AAGTTCGGTACAATAG-1_1_1"
"91","AAGTTCGGTCTGTCAA-1_1_1"
"92","AAGTTCGGTCTGTGTA-1_1_1"
"93","AATAGAGAGAAGTCAT-1_1_1"
"94","AATAGAGGTCGCGTCA-1_1_1"
"95","AATAGAGTCCGTTGGG-1_1_1"
"96","AATCACGAGGGAGGGT-1_1_1"
"97","AATCACGCAGCACGAA-1_1_1"
"98","AATCGACAGACACACG-1_1_1"
"99","AATCGACTCCGTCACT-1_1_1"
"100","AATCGACTCGTTGTAG-1_1_1"
"101","AATCGTGAGCGGTAAC-1_1_1"
"102","AATCGTGCATGGCACC-1_1_1"
"103","AATGCCACAACGGCCT-1_1_1"
"104","AATGCCACACGGTGTC-1_1_1"
"105","AATGCCACAGAACGCA-1_1_1"
"106","AATGCCACATATTCGG-1_1_1"
"107","AATGCCAGTCCTACAA-1_1_1"
"108","AATGCCATCAGGCGAA-1_1_1"
"109","AATGGAAAGGGTTAAT-1_1_1"
"110","AATGGCTAGTAAGACT-1_1_1"
"111","AATGGCTTCATAGAGA-1_1_1"
"112","AATTCCTAGTCCGCGT-1_1_1"
"113","AATTCCTCAGTAACAA-1_1_1"
"114","AATTCCTGTGAATATG-1_1_1"
"115","AATTCCTTCCGTGTCT-1_1_1"
"116","AATTCCTTCGTTCTCG-1_1_1"
"117","AATTCCTTCTCTATAC-1_1_1"
"118","AATTTCCCATATGAAG-1_1_1"
"119","AATTTCCGTTACCCTC-1_1_1"
"120","AATTTCCGTTCTAAGC-1_1_1"
"121","ACAAAGATCCTCTAAT-1_1_1"
"122","ACAACCAGTACAGAGC-1_1_1"
"123","ACAACCAGTGTACAGG-1_1_1"
"124","ACAACCAGTTTCGACA-1_1_1"
"125","ACAAGCTGTCAACCTA-1_1_1"
"126","ACAAGCTGTTTCTATC-1_1_1"
"127","ACACAGTAGATCACCT-1_1_1"
"128","ACACAGTAGTAACCTC-1_1_1"
"129","ACACAGTCAGTCGGAA-1_1_1"
"130","ACACAGTTCCTCACGT-1_1_1"
"131","ACACAGTTCGATTGGT-1_1_1"
"132","ACACCAAAGCCTCACG-1_1_1"
"133","ACACCAAGTTATGTCG-1_1_1"
"134","ACACCAAGTTTGATCG-1_1_1"
"135","ACACGCGAGTTCAACC-1_1_1"
"136","ACACTGACAAACGTGG-1_1_1"
"137","ACACTGACATCGCCTT-1_1_1"
"138","ACACTGATCGCAGTGC-1_1_1"
"139","ACAGAAAAGCGAGGAG-1_1_1"
"140","ACAGAAACATCAGCAT-1_1_1"
"141","ACAGAAACATTCTGTT-1_1_1"
"142","ACAGAAAGTGATGTAA-1_1_1"
"143","ACAGCCGCACATAGCT-1_1_1"
"144","ACAGCCGGTCTCCTGT-1_1_1"
"145","ACAGCCGGTGAATTAG-1_1_1"
"146","ACAGCCGGTTCCGTTC-1_1_1"
"147","ACAGGGACAGGGATAC-1_1_1"
"148","ACAGGGATCGGAGTGA-1_1_1"
"149","ACATCCCAGTGACCTT-1_1_1"
"150","ACATCCCCACAAGCAG-1_1_1"
"151","ACATCGAGTCGGTGTC-1_1_1"
"152","ACATGCAAGGGCCCTT-1_1_1"
"153","ACATTTCAGGTAAGAG-1_1_1"
"154","ACATTTCTCCCGATCT-1_1_1"
"155","ACCAACAGTGGACTAG-1_1_1"
"156","ACCATTTAGTCACGAG-1_1_1"
"157","ACCATTTCAACCGGAA-1_1_1"
"158","ACCATTTGTAACATAG-1_1_1"
"159","ACCCAAAAGAGCAGTC-1_1_1"
"160","ACCCAAAAGCATGCAG-1_1_1"
"161","ACCCAAAGTCGGTACC-1_1_1"
"162","ACCCTCAAGGTACCTT-1_1_1"
"163","ACCCTCATCACTGGGC-1_1_1"
"164","ACCCTTGAGTAACAGT-1_1_1"
"165","ACCCTTGGTGCTGTCG-1_1_1"
"166","ACCGTTCAGTGGTGGT-1_1_1"
"167","ACCGTTCAGTTACGTC-1_1_1"
"168","ACCGTTCCAGAGCCCT-1_1_1"
"169","ACCGTTCGTGGACTAG-1_1_1"
"170","ACCGTTCTCAATGTCG-1_1_1"
"171","ACCTGAACAATTGCGT-1_1_1"
"172","ACCTGAAGTTTGATCG-1_1_1"
"173","ACCTGTCCAGACAAAT-1_1_1"
"174","ACCTGTCGTTCCGCTT-1_1_1"
"175","ACGATCAAGGGCTTCC-1_1_1"
"176","ACGATCATCGTCGATA-1_1_1"
"177","ACGATGTTCCTCTTTC-1_1_1"
"178","ACGGAAGAGAAGCGGG-1_1_1"
"179","ACGGAAGGTTATAGCC-1_1_1"
"180","ACGGAAGGTTTATGCG-1_1_1"
"181","ACGGTCGAGTGGATAT-1_1_1"
"182","ACGGTCGTCCCGAAAT-1_1_1"
"183","ACGGTCGTCTGCCCTA-1_1_1"
"184","ACGGTTACATCGATAC-1_1_1"
"185","ACGTACAGTGTCGCTG-1_1_1"
"186","ACGTACATCGATACAC-1_1_1"
"187","ACGTAGTGTGCGTCGT-1_1_1"
"188","ACGTCCTAGGCCACCT-1_1_1"
"189","ACGTCCTCAAGCCATT-1_1_1"
"190","ACGTCCTCACTCCGGA-1_1_1"
"191","ACGTTCCAGCTGGAGT-1_1_1"
"192","ACGTTCCCAATGCAGG-1_1_1"
"193","ACGTTCCTCATGACAC-1_1_1"
"194","ACTACGAAGTGATGGC-1_1_1"
"195","ACTACGACAGGTACGA-1_1_1"
"196","ACTACGATCTCTGCCA-1_1_1"
"197","ACTATCTCAGCATGCC-1_1_1"
"198","ACTATCTCAGTCTCTC-1_1_1"
"199","ACTATCTGTGTGAATA-1_1_1"
"200","ACTATGGCACGAGGTA-1_1_1"
"201","ACTATTCAGTGAATAC-1_1_1"
"202","ACTATTCCAATCGAAA-1_1_1"
"203","ACTCTCGAGTATGCAA-1_1_1"
"204","ACTGATGCAACAGCTT-1_1_1"
"205","ACTGATGCATCCGATA-1_1_1"
"206","ACTGCAACAAAGAGTT-1_1_1"
"207","ACTGCAACAAGAAACT-1_1_1"
"208","ACTGCAAGTATTTCCT-1_1_1"
"209","ACTGCAAGTTCTCCCA-1_1_1"
"210","ACTGTCCAGCTAAGTA-1_1_1"
"211","ACTGTCCAGCTACAAA-1_1_1"
"212","ACTGTCCCAAATACGA-1_1_1"
"213","ACTGTCCCAGGACTTT-1_1_1"
"214","ACTGTCCTCATGACAC-1_1_1"
"215","ACTGTGAAGACGCCCT-1_1_1"
"216","ACTGTGACATCCGTGG-1_1_1"
"217","ACTGTGAGTACCTTCC-1_1_1"
"218","ACTTAGGCATCATTTC-1_1_1"
"219","ACTTAGGGTTAAGACA-1_1_1"
"220","ACTTAGGTCAACTCTT-1_1_1"
"221","ACTTATCAGAATTGTG-1_1_1"
"222","ACTTATCCAGGCGATA-1_1_1"
"223","ACTTCCGGTACAAGCG-1_1_1"
"224","ACTTCCGGTCACTGAT-1_1_1"
"225","ACTTCCGGTTCCTACC-1_1_1"
"226","ACTTCCGGTTTACCAG-1_1_1"
"227","ACTTCCGTCAGTGATC-1_1_1"
"228","ACTTCGCAGGAGGCAG-1_1_1"
"229","ACTTCGCCAAAGGATT-1_1_1"
"230","ACTTCGCGTAAGATAC-1_1_1"
"231","ACTTTCACAGGGACTA-1_1_1"
"232","ACTTTGTAGGTGTGAC-1_1_1"
"233","ACTTTGTCATATGGCT-1_1_1"
"234","ACTTTGTGTCGAAACG-1_1_1"
"235","ACTTTGTGTGCTTATG-1_1_1"
"236","AGAAATGAGCCGTCGT-1_1_1"
"237","AGAAATGAGCGCTGAA-1_1_1"
"238","AGAAATGCAGCCCAGT-1_1_1"
"239","AGAAATGGTACGACTT-1_1_1"
"240","AGAAATGTCCATTTCA-1_1_1"
"241","AGAACAACACGTCGTG-1_1_1"
"242","AGAACAAGTATGCGGA-1_1_1"
"243","AGAACAATCCCGAAAT-1_1_1"
"244","AGAACAATCGATTTCT-1_1_1"
"245","AGAACCTAGACAAGCC-1_1_1"
"246","AGAACCTAGGCACTCC-1_1_1"
"247","AGAACCTAGGCGAAGG-1_1_1"
"248","AGAAGCGAGTATAGAC-1_1_1"
"249","AGAAGCGCACCCTAAA-1_1_1"
"250","AGAAGCGCAGACGGAT-1_1_1"
"251","AGACACTAGAGCAGCT-1_1_1"
"252","AGACACTGTATACCCA-1_1_1"
"253","AGACACTGTTTCGTAG-1_1_1"
"254","AGACAGGCAGCGTGCT-1_1_1"
"255","AGACAGGGTTTGCCGG-1_1_1"
"256","AGACCATCAAAGCACG-1_1_1"
"257","AGACCATCACAACGTT-1_1_1"
"258","AGACCATGTTCCGCAG-1_1_1"
"259","AGACCCGTCCGACATA-1_1_1"
"260","AGACCCGTCGTCCTCA-1_1_1"
"261","AGACTCAAGAACTCCT-1_1_1"
"262","AGACTCAGTATCGTAC-1_1_1"
"263","AGAGAATCATGGGTTT-1_1_1"
"264","AGAGAATGTCCTATAG-1_1_1"
"265","AGAGAATGTCTTACTT-1_1_1"
"266","AGAGAGCCATGAGATA-1_1_1"
"267","AGAGAGCTCAGAGTGG-1_1_1"
"268","AGAGCAGAGCATGATA-1_1_1"
"269","AGAGCAGAGCCTCTCT-1_1_1"
"270","AGAGCAGAGTCGAAGC-1_1_1"
"271","AGAGCAGCAATACCCA-1_1_1"
"272","AGAGCCCAGCAAATCA-1_1_1"
"273","AGAGCCCCAAGCTGCC-1_1_1"
"274","AGATAGAAGCAAGTGC-1_1_1"
"275","AGATAGATCACTCCGT-1_1_1"
"276","AGATAGATCCGTGGTG-1_1_1"
"277","AGATCCAGTACTAACC-1_1_1"
"278","AGATGAAAGGATACAT-1_1_1"
"279","AGATGAAAGTATTCCG-1_1_1"
"280","AGATGAACAAATGCGG-1_1_1"
"281","AGATGAACATAATCGC-1_1_1"
"282","AGATGAACATTGGGAG-1_1_1"
"283","AGATGCTCATTGGATC-1_1_1"
"284","AGATGCTGTGAACGGT-1_1_1"
"285","AGCATCAAGACCCGCT-1_1_1"
"286","AGCATCACATTCTTCA-1_1_1"
"287","AGCATCAGTGACAGCA-1_1_1"
"288","AGCATCATCTGAACGT-1_1_1"
"289","AGCATCATCTGTGTGA-1_1_1"
"290","AGCCAATTCACGGGAA-1_1_1"
"291","AGCCACGGTGTGCTTA-1_1_1"
"292","AGCCACGTCTGCTGAA-1_1_1"
"293","AGCCAGCAGAGGCGTT-1_1_1"
"294","AGCCAGCAGCTACTAC-1_1_1"
"295","AGCCAGCCACCTTCGT-1_1_1"
"296","AGCCAGCCAGACCTGC-1_1_1"
"297","AGCGATTCAGATACTC-1_1_1"
"298","AGCGATTTCTGGGCAC-1_1_1"
"299","AGCGCCAAGCGGGTTA-1_1_1"
"300","AGCGCCACATAATCGC-1_1_1"
"301","AGCGCCAGTACGACTT-1_1_1"
"302","AGCGCTGGTGCTCCGA-1_1_1"
"303","AGCGTATGTCCTGTCT-1_1_1"
"304","AGCGTATGTTAAAGTG-1_1_1"
"305","AGCGTCGGTAACATGA-1_1_1"
"306","AGCTCAAAGGGTTAGC-1_1_1"
"307","AGCTCAACATGATCTG-1_1_1"
"308","AGCTTCCAGGTAAGAG-1_1_1"
"309","AGCTTCCTCCATGATG-1_1_1"
"310","AGGAAATAGGAATTAC-1_1_1"
"311","AGGAAATCAACAAGTA-1_1_1"
"312","AGGAAATCAGAGGTTG-1_1_1"
"313","AGGAATAAGCAATAGT-1_1_1"
"314","AGGAATAGTCAAGCCC-1_1_1"
"315","AGGACGACATTGCCTC-1_1_1"
"316","AGGACGAGTCGGAAAC-1_1_1"
"317","AGGACGAGTCGTATTG-1_1_1"
"318","AGGACTTAGCTGAAAT-1_1_1"
"319","AGGACTTGTACCAGAG-1_1_1"
"320","AGGACTTTCCAAGCAT-1_1_1"
"321","AGGATCTTCATGCATG-1_1_1"
"322","AGGCATTAGCATCAAA-1_1_1"
"323","AGGCATTTCATTGTGG-1_1_1"
"324","AGGCCACAGAGTTGTA-1_1_1"
"325","AGGCCACAGTGAGCCA-1_1_1"
"326","AGGCCACCACATACTG-1_1_1"
"327","AGGCCACGTGACCGTC-1_1_1"
"328","AGGGAGTAGCTCACTA-1_1_1"
"329","AGGGAGTGTATCTTCT-1_1_1"
"330","AGGGCCTAGCTGTGCC-1_1_1"
"331","AGGGCCTGTCCAAATC-1_1_1"
"332","AGGGCCTGTTACGGAG-1_1_1"
"333","AGGGCTCAGCCGTCGT-1_1_1"
"334","AGGGCTCTCCATCCGT-1_1_1"
"335","AGGGTCCAGACTCAAA-1_1_1"
"336","AGGGTCCAGACTCGAG-1_1_1"
"337","AGGGTCCCAAAGAGTT-1_1_1"
"338","AGGGTTTGTAAGGCCA-1_1_1"
"339","AGGGTTTTCCCATAAG-1_1_1"
"340","AGGTAGGAGCTTTGTG-1_1_1"
"341","AGGTAGGCAGTCTGGC-1_1_1"
"342","AGGTAGGTCGTGAGAG-1_1_1"
"343","AGGTCATCACAGAAGC-1_1_1"
"344","AGGTCATCAGCAGTAG-1_1_1"
"345","AGGTCATGTCCTTTGC-1_1_1"
"346","AGGTCATTCGGTTCAA-1_1_1"
"347","AGGTCTAAGCACTTTG-1_1_1"
"348","AGGTCTACAAGGCCTC-1_1_1"
"349","AGGTCTATCCGATGTA-1_1_1"
"350","AGGTCTATCTAGGAAA-1_1_1"
"351","AGGTGTTAGTAAACGT-1_1_1"
"352","AGGTGTTCACGACGTC-1_1_1"
"353","AGGTGTTTCCATAAGC-1_1_1"
"354","AGGTTACCAAAGGCTG-1_1_1"
"355","AGGTTACGTAAGGAGA-1_1_1"
"356","AGGTTACTCCGTAATG-1_1_1"
"357","AGGTTGTGTAGTAAGT-1_1_1"
"358","AGGTTGTGTGGGACAT-1_1_1"
"359","AGTAACCCAGGCTCTG-1_1_1"
"360","AGTAACCCAGTAGAGC-1_1_1"
"361","AGTAACCGTACTGAGG-1_1_1"
"362","AGTAACCGTAGCGTTT-1_1_1"
"363","AGTAACCGTCCCGTGA-1_1_1"
"364","AGTAACCGTTCTTAGG-1_1_1"
"365","AGTACTGCAGCAGAAC-1_1_1"
"366","AGTACTGTCAAGTAAG-1_1_1"
"367","AGTACTGTCTCTCGAC-1_1_1"
"368","AGTAGCTGTATACCTG-1_1_1"
"369","AGTAGCTGTGGAAGTC-1_1_1"
"370","AGTAGCTTCCAGCAAT-1_1_1"
"371","AGTAGTCCAAGTGACG-1_1_1"
"372","AGTCAACAGCCGTAAG-1_1_1"
"373","AGTCAACGTTGCGTAT-1_1_1"
"374","AGTCAACTCCGTTTCG-1_1_1"
"375","AGTCACACAGCATTGT-1_1_1"
"376","AGTCACATCATGCTAG-1_1_1"
"377","AGTCACATCTGCAGCG-1_1_1"
"378","AGTCATGAGATGAATC-1_1_1"
"379","AGTCATGCAGGTGTGA-1_1_1"
"380","AGTCTCCCATGAGAAT-1_1_1"
"381","AGTGACTCAAGGACAC-1_1_1"
"382","AGTGATCAGATGGTAT-1_1_1"
"383","AGTGCCGCACGGTCTG-1_1_1"
"384","AGTGTTGCAACTGAAA-1_1_1"
"385","AGTTCCCCAGAGTTGG-1_1_1"
"386","AGTTCCCTCTTACCAT-1_1_1"
"387","AGTTCGAAGAGGTTTA-1_1_1"
"388","ATACCGACAAGTGGGT-1_1_1"
"389","ATACCTTTCGACGCGT-1_1_1"
"390","ATACCTTTCGCATTAG-1_1_1"
"391","ATACTTCCATTGTCGA-1_1_1"
"392","ATAGACCCATGAAGCG-1_1_1"
"393","ATAGACCTCTTACCAT-1_1_1"
"394","ATAGGCTTCCGGGACT-1_1_1"
"395","ATATCCTCAACCCTCT-1_1_1"
"396","ATATCCTGTTGGTGTT-1_1_1"
"397","ATCACAGCAGCACGAA-1_1_1"
"398","ATCACTTAGAATTGCA-1_1_1"
"399","ATCACTTAGTCTCCTC-1_1_1"
"400","ATCACTTCACTTGGCG-1_1_1"
"401","ATCACTTCATCTGCGG-1_1_1"
"402","ATCACTTTCCATAAGC-1_1_1"
"403","ATCAGGTCACCCTTGT-1_1_1"
"404","ATCAGGTCAGAGGTAC-1_1_1"
"405","ATCAGGTTCATCCTGC-1_1_1"
"406","ATCATTCAGGCCTAAG-1_1_1"
"407","ATCATTCCAACCGGAA-1_1_1"
"408","ATCATTCCAATGCTCA-1_1_1"
"409","ATCCACCTCTCGCTCA-1_1_1"
"410","ATCCATTCAATGCTCA-1_1_1"
"411","ATCCCTGCAACTCCAA-1_1_1"
"412","ATCCCTGGTGCGCTCA-1_1_1"
"413","ATCCTATGTCAGACTT-1_1_1"
"414","ATCGATGAGCTGACTT-1_1_1"
"415","ATCGATGCACCACATA-1_1_1"
"416","ATCGATGGTATCGATC-1_1_1"
"417","ATCGCCTGTCACTTAG-1_1_1"
"418","ATCGCCTTCAAGTAAG-1_1_1"
"419","ATCGGCGCAGGTGACA-1_1_1"
"420","ATCGGCGGTGAGGAAA-1_1_1"
"421","ATCGTAGAGCTAAACA-1_1_1"
"422","ATCGTAGCAGTGGGTA-1_1_1"
"423","ATCGTAGTCCTTCACG-1_1_1"
"424","ATCGTCCAGGGAGGTG-1_1_1"
"425","ATCGTCCCATGAAGGC-1_1_1"
"426","ATCGTCCGTCCTGTCT-1_1_1"
"427","ATCGTCCTCCAATCTT-1_1_1"
"428","ATCGTCCTCCCAGGAC-1_1_1"
"429","ATCGTGATCGTAACTG-1_1_1"
"430","ATCTCTACAGGATCTT-1_1_1"
"431","ATCTCTAGTGACAACG-1_1_1"
"432","ATCTTCATCGCGTAGC-1_1_1"
"433","ATGAAAGGTCGGCACT-1_1_1"
"434","ATGAAAGTCTCCCATG-1_1_1"
"435","ATGACCAAGATTGCGG-1_1_1"
"436","ATGACCACATGGAACG-1_1_1"
"437","ATGAGGGCAACTGATC-1_1_1"
"438","ATGAGTCCACATGGTT-1_1_1"
"439","ATGAGTCGTGGCTCTG-1_1_1"
"440","ATGATCGCAGATCACT-1_1_1"
"441","ATGATCGGTAGGACCA-1_1_1"
"442","ATGATCGGTAGGTCAG-1_1_1"
"443","ATGATCGGTTCGTGCG-1_1_1"
"444","ATGATCGTCGAGAATA-1_1_1"
"445","ATGCATGAGCAGTACG-1_1_1"
"446","ATGCATGAGTCACTGT-1_1_1"
"447","ATGCATGGTGCCTATA-1_1_1"
"448","ATGCCTCGTAGATTGA-1_1_1"
"449","ATGCCTCTCGCTACGG-1_1_1"
"450","ATGCGATAGCATCTTG-1_1_1"
"451","ATGCGATAGCTAATGA-1_1_1"
"452","ATGGAGGCACCCTCTA-1_1_1"
"453","ATGGAGGGTATGGTTC-1_1_1"
"454","ATGGAGGTCTATTCGT-1_1_1"
"455","ATGGATCAGTTACGAA-1_1_1"
"456","ATGGGAGAGAAGTATC-1_1_1"
"457","ATGGGAGCAGCTGTAT-1_1_1"
"458","ATGGGAGGTAATCAGA-1_1_1"
"459","ATGGGTTCATCGCCTT-1_1_1"
"460","ATGGGTTTCTTACGTT-1_1_1"
"461","ATGGTTGAGAGAGGGC-1_1_1"
"462","ATGGTTGGTTTGCCGG-1_1_1"
"463","ATGGTTGTCGCGCTGA-1_1_1"
"464","ATTATCCTCCGATGCG-1_1_1"
"465","ATTCACTAGCTTGTTG-1_1_1"
"466","ATTCAGGAGTTGTAGA-1_1_1"
"467","ATTCATCCATGGCGCT-1_1_1"
"468","ATTCATCTCTCCTACG-1_1_1"
"469","ATTCCATCAATCTGCA-1_1_1"
"470","ATTCCCGAGCCAGACA-1_1_1"
"471","ATTCCTAGTATTTCCT-1_1_1"
"472","ATTCGTTAGGTCGTAG-1_1_1"
"473","ATTCGTTCACACAGAG-1_1_1"
"474","ATTCTACCACACTGGC-1_1_1"
"475","ATTCTTGCAACACGTT-1_1_1"
"476","ATTCTTGCACATGACT-1_1_1"
"477","ATTCTTGTCACACCGG-1_1_1"
"478","ATTGGGTAGAGCCATG-1_1_1"
"479","ATTGGGTAGAGTTCGG-1_1_1"
"480","ATTGGGTAGATTGTGA-1_1_1"
"481","ATTGGGTCAATGCAGG-1_1_1"
"482","ATTGGGTCAGTTTCGA-1_1_1"
"483","ATTGGGTTCAAATGAG-1_1_1"
"484","ATTGTTCCACCTTCCA-1_1_1"
"485","ATTTACCAGTATCCTG-1_1_1"
"486","ATTTCACAGAGTGTGC-1_1_1"
"487","ATTTCTGAGTCTGCAT-1_1_1"
"488","CAAAGAAGTGATATAG-1_1_1"
"489","CAAAGAAGTGTCTAAC-1_1_1"
"490","CAAAGAATCGACATCA-1_1_1"
"491","CAACAACAGGCACAAC-1_1_1"
"492","CAACAACAGTTCCAGT-1_1_1"
"493","CAACAACGTTCCCACT-1_1_1"
"494","CAACAACTCCACAGCG-1_1_1"
"495","CAACAACTCCCAACTC-1_1_1"
"496","CAACAGTGTAGCACAG-1_1_1"
"497","CAACCAACAATAAGGT-1_1_1"
"498","CAACCAAGTATTGGCT-1_1_1"
"499","CAACCTCAGATTTGCC-1_1_1"
"500","CAACGATAGGTGCCTC-1_1_1"
"501","CAACGATCAGGACGAT-1_1_1"
"502","CAACGATTCCAAGGGA-1_1_1"
"503","CAACGATTCGAGTGGA-1_1_1"
"504","CAACGGCGTATCTTCT-1_1_1"
"505","CAAGACTAGACCGCCT-1_1_1"
"506","CAAGACTAGCGTATAA-1_1_1"
"507","CAAGACTTCCCTAGGG-1_1_1"
"508","CAAGACTTCCTCATAT-1_1_1"
"509","CAAGAGGGTTCGGCCA-1_1_1"
"510","CAAGCTAAGAACTTCC-1_1_1"
"511","CAAGCTATCTTACGGA-1_1_1"
"512","CAAGGGACATATGAAG-1_1_1"
"513","CAAGGGAGTATACCTG-1_1_1"
"514","CAAGGGAGTGGCTACC-1_1_1"
"515","CAATACGTCTAAACGC-1_1_1"
"516","CAATCGACATTGACCA-1_1_1"
"517","CAATCGAGTGAGCGAT-1_1_1"
"518","CAATCGATCGTTAGAC-1_1_1"
"519","CACAACAAGCCATGCC-1_1_1"
"520","CACAACATCCACGTGG-1_1_1"
"521","CACACAAAGAAATTCG-1_1_1"
"522","CACACAAAGGAGCAAA-1_1_1"
"523","CACACAACATAGACTC-1_1_1"
"524","CACACAAGTCACTCGG-1_1_1"
"525","CACACAAGTGTCCACG-1_1_1"
"526","CACAGATAGAAGCCAC-1_1_1"
"527","CACAGATAGTATGGCG-1_1_1"
"528","CACAGATCAGAGATTA-1_1_1"
"529","CACAGATGTGCGAACA-1_1_1"
"530","CACAGGCAGGTAAGTT-1_1_1"
"531","CACCGTTAGAAGGCTC-1_1_1"
"532","CACCGTTTCCATTCAT-1_1_1"
"533","CACGAATGTATGTGTC-1_1_1"
"534","CACGGGTGTACCACGC-1_1_1"
"535","CACGGGTGTTGCATCA-1_1_1"
"536","CACGGGTTCCATTGCC-1_1_1"
"537","CACGTGGAGGAAAGAC-1_1_1"
"538","CACGTTCAGAGCACTG-1_1_1"
"539","CACGTTCAGATTGTGA-1_1_1"
"540","CACTAAGCACTTCCTG-1_1_1"
"541","CACTAAGTCCAACTAG-1_1_1"
"542","CACTAAGTCTGCTAGA-1_1_1"
"543","CACTGAAGTACTAAGA-1_1_1"
"544","CACTGAATCTGCCTCA-1_1_1"
"545","CACTGGGGTTTCACAG-1_1_1"
"546","CACTGTCAGTAGGGTC-1_1_1"
"547","CACTTCGAGGGTGAAA-1_1_1"
"548","CACTTCGCATGGCCAC-1_1_1"
"549","CAGAGCCAGCAGGGAG-1_1_1"
"550","CAGAGCCGTAACCAGG-1_1_1"
"551","CAGAGCCGTGTTCCTC-1_1_1"
"552","CAGATACCAAAGTGTA-1_1_1"
"553","CAGATACGTCCGTACG-1_1_1"
"554","CAGATACGTTCTCTCG-1_1_1"
"555","CAGATACTCCATACAG-1_1_1"
"556","CAGATCACAAGTCCCG-1_1_1"
"557","CAGATCAGTTCGGCTG-1_1_1"
"558","CAGATCATCCAGTTCC-1_1_1"
"559","CAGATCATCCTGTAAG-1_1_1"
"560","CAGATTGGTATGCGGA-1_1_1"
"561","CAGATTGTCGACGCGT-1_1_1"
"562","CAGCAATGTCTCAAGT-1_1_1"
"563","CAGCAATGTGAGAACC-1_1_1"
"564","CAGCAATGTGTCTCCT-1_1_1"
"565","CAGCAATTCATAGACC-1_1_1"
"566","CAGCACGCACGACGAA-1_1_1"
"567","CAGCACGCAGCGACCT-1_1_1"
"568","CAGCACGCATGGAAGC-1_1_1"
"569","CAGCACGTCAAACCTG-1_1_1"
"570","CAGCCAGCACCAGACC-1_1_1"
"571","CAGCCAGCAGCTGCCA-1_1_1"
"572","CAGGCCAGTACCGGAA-1_1_1"
"573","CAGGCCAGTTGGGCCT-1_1_1"
"574","CAGGGCTTCCATCACC-1_1_1"
"575","CAGGGCTTCTGGACCG-1_1_1"
"576","CAGGTATGTGTCATTG-1_1_1"
"577","CAGTGCGAGCTCTTCC-1_1_1"
"578","CAGTGCGCATAATCCG-1_1_1"
"579","CAGTGCGGTCAGTCTA-1_1_1"
"580","CAGTGCGGTCCTGGGT-1_1_1"
"581","CAGTTAGAGGAGAGGC-1_1_1"
"582","CAGTTAGAGTCCCTAA-1_1_1"
"583","CAGTTCCGTATCTCTT-1_1_1"
"584","CATAAGCAGGGAGATA-1_1_1"
"585","CATAAGCCAATCCTTT-1_1_1"
"586","CATAAGCCAGTGAGCA-1_1_1"
"587","CATAAGCTCCTTCTTC-1_1_1"
"588","CATAAGCTCTTCCAGC-1_1_1"
"589","CATACAGCAGCACCCA-1_1_1"
"590","CATACAGGTTGTACGT-1_1_1"
"591","CATACCCCAGACCAGA-1_1_1"
"592","CATACCCTCCTTTAGT-1_1_1"
"593","CATACTTAGAGAACCC-1_1_1"
"594","CATACTTAGCTTCTAG-1_1_1"
"595","CATACTTAGGCGCTCT-1_1_1"
"596","CATACTTCAAATGGAT-1_1_1"
"597","CATACTTGTCGCTGCA-1_1_1"
"598","CATAGACAGGCCCACT-1_1_1"
"599","CATAGACTCCAAACCA-1_1_1"
"600","CATCCACTCTTCGCTG-1_1_1"
"601","CATCCCACAACACGTT-1_1_1"
"602","CATCCCACACGGCGTT-1_1_1"
"603","CATCCCAGTCGGTGTC-1_1_1"
"604","CATCCGTAGTATCTGC-1_1_1"
"605","CATCCGTAGTTCGCAT-1_1_1"
"606","CATCCGTGTCAAGCGA-1_1_1"
"607","CATCCGTTCGTCGCTT-1_1_1"
"608","CATCGCTAGCCAACCC-1_1_1"
"609","CATCGCTCATAGAATG-1_1_1"
"610","CATCGGGAGCGACTTT-1_1_1"
"611","CATCGGGCACTACAGT-1_1_1"
"612","CATCGGGGTTCGGCCA-1_1_1"
"613","CATCGTCGTTAAACAG-1_1_1"
"614","CATGAGTCAGACCTGC-1_1_1"
"615","CATGCAACATGCAGGA-1_1_1"
"616","CATGCAAGTATCTCGA-1_1_1"
"617","CATGCAAGTTGGGCCT-1_1_1"
"618","CATGCAATCGCAATGT-1_1_1"
"619","CATGCAATCTCTCGAC-1_1_1"
"620","CATGCCTCAATTTCGG-1_1_1"
"621","CATGCCTGTACTCGCG-1_1_1"
"622","CATGCCTGTGGCAACA-1_1_1"
"623","CATGCCTTCTCTGGTC-1_1_1"
"624","CATGCGGAGATGCGAC-1_1_1"
"625","CATGCGGGTATACCCA-1_1_1"
"626","CATGCGGGTGAGGCAT-1_1_1"
"627","CATGCGGGTGATAGTA-1_1_1"
"628","CATGCTCCACGTCATA-1_1_1"
"629","CATGCTCCACTAAACC-1_1_1"
"630","CATGCTCGTTGACGGA-1_1_1"
"631","CATGGATTCGACACTA-1_1_1"
"632","CATGGTAAGTGCTCAT-1_1_1"
"633","CATGGTACACTTGACA-1_1_1"
"634","CATGGTAGTAACCAGG-1_1_1"
"635","CATGGTATCTAGGAAA-1_1_1"
"636","CATTCATAGCGACTTT-1_1_1"
"637","CATTCATCACTACCCT-1_1_1"
"638","CATTCATTCGGAAGGT-1_1_1"
"639","CATTCCGAGGTCCCTG-1_1_1"
"640","CATTCCGGTGCATGAG-1_1_1"
"641","CATTCTAAGCATTTCG-1_1_1"
"642","CATTCTAAGCTCAGAG-1_1_1"
"643","CATTCTAAGGTTTGAA-1_1_1"
"644","CATTCTACAGTAGTTC-1_1_1"
"645","CATTGCCAGGCTCTCG-1_1_1"
"646","CATTGCCAGGCTGTAG-1_1_1"
"647","CATTGCCCAGAAATCA-1_1_1"
"648","CATTGCCGTAGTGATA-1_1_1"
"649","CATTGCCTCATCCCGT-1_1_1"
"650","CATTGTTAGGTAAGGA-1_1_1"
"651","CATTGTTGTACTTGTG-1_1_1"
"652","CATTTCAAGAGCTGCA-1_1_1"
"653","CATTTCAAGTCATGCT-1_1_1"
"654","CATTTCACATTAAAGG-1_1_1"
"655","CCAAGCGGTGAGGCAT-1_1_1"
"656","CCAATGAAGAGTTGCG-1_1_1"
"657","CCAATGACAAGGTTGG-1_1_1"
"658","CCAATTTCACCTTCCA-1_1_1"
"659","CCAATTTCATAGCACT-1_1_1"
"660","CCAATTTTCCTATGGA-1_1_1"
"661","CCACAAAAGTCCCAAT-1_1_1"
"662","CCACAAACAGATCCTA-1_1_1"
"663","CCACAAACAGCCTTCT-1_1_1"
"664","CCACAAATCGTTCTCG-1_1_1"
"665","CCACACTTCACAATGC-1_1_1"
"666","CCACCATGTGTAAACA-1_1_1"
"667","CCACGAGGTTCAGTAC-1_1_1"
"668","CCACGTTAGGTAAGTT-1_1_1"
"669","CCACGTTTCTTCGATT-1_1_1"
"670","CCACTTGAGGGTAATT-1_1_1"
"671","CCACTTGTCACCTGTC-1_1_1"
"672","CCACTTGTCATCTCTA-1_1_1"
"673","CCACTTGTCCTTATAC-1_1_1"
"674","CCATAAGGTGAGATTA-1_1_1"
"675","CCATCACAGATTGCGG-1_1_1"
"676","CCATCACGTTAGGGAC-1_1_1"
"677","CCCAACTTCATTTCCA-1_1_1"
"678","CCCATTGCACTCAGAT-1_1_1"
"679","CCCGGAAAGAAATCCA-1_1_1"
"680","CCCGGAAAGTTCTCTT-1_1_1"
"681","CCCTAACTCATGTCAG-1_1_1"
"682","CCCTAACTCGACGCGT-1_1_1"
"683","CCCTCAACACCAACAT-1_1_1"
"684","CCCTCTCAGGTCTACT-1_1_1"
"685","CCCTCTCCAAAGGTTA-1_1_1"
"686","CCCTCTCGTCGTTATG-1_1_1"
"687","CCCTGATGTGTGAATA-1_1_1"
"688","CCCTGATTCACGTCCT-1_1_1"
"689","CCCTGATTCGCTAAAC-1_1_1"
"690","CCCTTAGAGTTGCATC-1_1_1"
"691","CCGAACGAGAACTTCC-1_1_1"
"692","CCGATCTAGCGTTACT-1_1_1"
"693","CCGATCTCAAGCGGAT-1_1_1"
"694","CCGATCTTCTAGACAC-1_1_1"
"695","CCGATGGAGGCACAAC-1_1_1"
"696","CCGATGGCAGGGCTTC-1_1_1"
"697","CCGCAAGCAGCGGTTC-1_1_1"
"698","CCGGACACACTCTAGA-1_1_1"
"699","CCGGACACACTCTGCT-1_1_1"
"700","CCGGGTAAGAGGACTC-1_1_1"
"701","CCGGGTACAGACATCT-1_1_1"
"702","CCGGGTAGTAATTGGA-1_1_1"
"703","CCGGTAGAGTCACGAG-1_1_1"
"704","CCGGTAGCATATACCG-1_1_1"
"705","CCGGTGAAGCAGAAAG-1_1_1"
"706","CCGGTGAAGGTCTACT-1_1_1"
"707","CCGTAGGAGTGCCTCG-1_1_1"
"708","CCGTAGGGTGTTATCG-1_1_1"
"709","CCGTGAGCATGGGAAC-1_1_1"
"710","CCGTTCACAGGAGGAG-1_1_1"
"711","CCTAACCAGCGCCATC-1_1_1"
"712","CCTAAGACACAATTCG-1_1_1"
"713","CCTAAGAGTCGAGCAA-1_1_1"
"714","CCTAAGATCGAAGGAC-1_1_1"
"715","CCTACGTCAAGTCCAT-1_1_1"
"716","CCTACGTCAGGGACTA-1_1_1"
"717","CCTACGTGTGCCTTCT-1_1_1"
"718","CCTACGTTCTATTCGT-1_1_1"
"719","CCTATCGGTCACCTTC-1_1_1"
"720","CCTCAACAGTAATACG-1_1_1"
"721","CCTCAACTCATCCTAT-1_1_1"
"722","CCTCACAAGTCATCGT-1_1_1"
"723","CCTCACATCTCGTGGG-1_1_1"
"724","CCTCAGTGTGGAATGC-1_1_1"
"725","CCTCAGTGTTTGAAAG-1_1_1"
"726","CCTCATGAGACCAAGC-1_1_1"
"727","CCTCATGCATTGACCA-1_1_1"
"728","CCTCATGTCGTAGGGA-1_1_1"
"729","CCTCCAAAGCACCTGC-1_1_1"
"730","CCTCCAAGTCTGTAAC-1_1_1"
"731","CCTCCAAGTTCCACGG-1_1_1"
"732","CCTCCTCAGGCCCGTT-1_1_1"
"733","CCTCCTCCAAAGACGC-1_1_1"
"734","CCTCTAGAGACAACAT-1_1_1"
"735","CCTCTAGGTCAATGGG-1_1_1"
"736","CCTCTCCCACACACGC-1_1_1"
"737","CCTCTCCCATCCCACT-1_1_1"
"738","CCTCTCCTCTCCTGAC-1_1_1"
"739","CCTGCATCACTCCGAG-1_1_1"
"740","CCTGCATGTATCATGC-1_1_1"
"741","CCTGCATGTCACTCAA-1_1_1"
"742","CCTGCATGTTAGAAAC-1_1_1"
"743","CCTGTTGCAAATCCCA-1_1_1"
"744","CCTGTTGGTGATAGAT-1_1_1"
"745","CCTGTTGGTTAAGAAC-1_1_1"
"746","CCTGTTGGTTCTCAGA-1_1_1"
"747","CCTTCAGGTCTGATAC-1_1_1"
"748","CCTTGTGCAGCGACCT-1_1_1"
"749","CCTTGTGCATCGTGCG-1_1_1"
"750","CCTTTGGTCCAACCGG-1_1_1"
"751","CGAAGGACAAGTATAG-1_1_1"
"752","CGAAGGACACACCTAA-1_1_1"
"753","CGAAGGAGTGCTCCGA-1_1_1"
"754","CGAAGTTCAGCACAAG-1_1_1"
"755","CGAAGTTTCGCCAATA-1_1_1"
"756","CGAAGTTTCGTCACCT-1_1_1"
"757","CGAATTGCATAGGAGC-1_1_1"
"758","CGAATTGGTGCGTCGT-1_1_1"
"759","CGACAGCAGCACTAAA-1_1_1"
"760","CGACAGCCACATTCTT-1_1_1"
"761","CGACAGCTCTGGAGAG-1_1_1"
"762","CGAGAAGAGAATCGAT-1_1_1"
"763","CGAGAAGAGCCTGAAG-1_1_1"
"764","CGAGAAGAGTGCCAGA-1_1_1"
"765","CGAGAAGCACATATCG-1_1_1"
"766","CGAGAAGTCTCTCGAC-1_1_1"
"767","CGAGAAGTCTTAGGAC-1_1_1"
"768","CGAGGAACAGAGTCTT-1_1_1"
"769","CGAGGAATCATCTGTT-1_1_1"
"770","CGAGGAATCTGTCGCT-1_1_1"
"771","CGAGGCTGTATTCTCT-1_1_1"
"772","CGAGGCTGTCTCAGGC-1_1_1"
"773","CGAGGCTTCCACATAG-1_1_1"
"774","CGAGTGCAGACTACGG-1_1_1"
"775","CGAGTGCAGATGAATC-1_1_1"
"776","CGAGTGCAGTCTAGCT-1_1_1"
"777","CGAGTGCCACATATCG-1_1_1"
"778","CGAGTGCCATCTCAAG-1_1_1"
"779","CGAGTGCGTATCGTGT-1_1_1"
"780","CGAGTTATCACTAGCA-1_1_1"
"781","CGAGTTATCATGGTAC-1_1_1"
"782","CGATCGGCATTGAGCT-1_1_1"
"783","CGATGCGAGCAAGTCG-1_1_1"
"784","CGATGCGCAGTCGGTC-1_1_1"
"785","CGATGCGGTGGCGTAA-1_1_1"
"786","CGATGCGGTGGTAACG-1_1_1"
"787","CGATGGCAGTCGCCCA-1_1_1"
"788","CGATGGCGTTCCTTGC-1_1_1"
"789","CGCATAATCTACCTTA-1_1_1"
"790","CGCATGGAGGACATCG-1_1_1"
"791","CGCATGGGTGCGGCTT-1_1_1"
"792","CGCATGGTCTCCTGCA-1_1_1"
"793","CGCCAGAAGTAGATCA-1_1_1"
"794","CGCCATTTCAAGAGTA-1_1_1"
"795","CGCGTGACATCCAACA-1_1_1"
"796","CGCGTGATCATATGGC-1_1_1"
"797","CGGAACCGTGGGATTG-1_1_1"
"798","CGGAACCGTGTATACC-1_1_1"
"799","CGGAACCTCCGTTGAA-1_1_1"
"800","CGGAATTTCGCATTGA-1_1_1"
"801","CGGAATTTCGTAGAGG-1_1_1"
"802","CGGACACAGATAACGT-1_1_1"
"803","CGGACACGTGCCGAAA-1_1_1"
"804","CGGAGAAAGGTCACAG-1_1_1"
"805","CGGAGAACATACCGTA-1_1_1"
"806","CGGAGAAGTTATGACC-1_1_1"
"807","CGGAGAATCAGCTGTA-1_1_1"
"808","CGGCAGTAGCTCCATA-1_1_1"
"809","CGGCAGTAGGAACGTC-1_1_1"
"810","CGGCAGTCACAGAGAC-1_1_1"
"811","CGGCAGTCAGGTCCGT-1_1_1"
"812","CGGGACTAGATAGGGA-1_1_1"
"813","CGGGACTAGGTAAGTT-1_1_1"
"814","CGGGACTCAAATGGCG-1_1_1"
"815","CGGGACTCATGGGATG-1_1_1"
"816","CGGGACTTCTAAGAAG-1_1_1"
"817","CGGGACTTCTGGGCAC-1_1_1"
"818","CGGGCATCACAGTGTT-1_1_1"
"819","CGGGCATGTCACTGAT-1_1_1"
"820","CGGGTCACACAAATCC-1_1_1"
"821","CGGGTCAGTATCGTAC-1_1_1"
"822","CGGGTGTAGGGCAAGG-1_1_1"
"823","CGGGTGTAGGTTACCT-1_1_1"
"824","CGGTCAGCAAAGGTTA-1_1_1"
"825","CGGTCAGCAATTGCCA-1_1_1"
"826","CGTAAGTCAAGCACAG-1_1_1"
"827","CGTAAGTTCTCGGGAC-1_1_1"
"828","CGTAATGTCCCAATAG-1_1_1"
"829","CGTAATGTCCTTCTGG-1_1_1"
"830","CGTAGTATCGTTATCT-1_1_1"
"831","CGTCAAACAGCTGTGC-1_1_1"
"832","CGTCCATAGCATGCAG-1_1_1"
"833","CGTCCATAGGCTCAAG-1_1_1"
"834","CGTCCATAGTAAGAGG-1_1_1"
"835","CGTGCTTCAAATGATG-1_1_1"
"836","CGTGCTTCATGGGTCC-1_1_1"
"837","CGTGTCTCAAGGGTCA-1_1_1"
"838","CGTGTCTGTGACCGTC-1_1_1"
"839","CGTTAGAAGCCTGAAG-1_1_1"
"840","CGTTAGAAGTAGGATT-1_1_1"
"841","CGTTAGAGTCTAGTGT-1_1_1"
"842","CGTTCTGAGCGAGAAA-1_1_1"
"843","CGTTCTGAGGCTCACC-1_1_1"
"844","CGTTCTGCATCTCGTC-1_1_1"
"845","CGTTGGGCAGAGTTGG-1_1_1"
"846","CGTTGGGTCTCCAAGA-1_1_1"
"847","CTAACCCAGAATTTGG-1_1_1"
"848","CTAACCCAGGGAGGAC-1_1_1"
"849","CTAACCCGTGTCTCCT-1_1_1"
"850","CTAACCCTCCATTTAC-1_1_1"
"851","CTAACTTCAACACACT-1_1_1"
"852","CTAACTTCACCCAACG-1_1_1"
"853","CTAAGTGAGCCATCCG-1_1_1"
"854","CTAAGTGGTCAGCTTA-1_1_1"
"855","CTAAGTGTCACCATCC-1_1_1"
"856","CTACAGAAGAGATGCC-1_1_1"
"857","CTACAGAAGTTCGGTT-1_1_1"
"858","CTACAGACACTCAAGT-1_1_1"
"859","CTACATTAGCCTGTCG-1_1_1"
"860","CTACCCACAGCTTCCT-1_1_1"
"861","CTACCTGAGAACGTGC-1_1_1"
"862","CTACCTGAGCGCTTCG-1_1_1"
"863","CTACTATAGCACTCGC-1_1_1"
"864","CTAGACACAATTGAAG-1_1_1"
"865","CTAGACATCGAAGCCC-1_1_1"
"866","CTAGGTACAGTATGAA-1_1_1"
"867","CTAGGTAGTTGCTCCT-1_1_1"
"868","CTATAGGAGGATAATC-1_1_1"
"869","CTATAGGCAAACCGGA-1_1_1"
"870","CTATAGGCATCATTGG-1_1_1"
"871","CTATAGGTCCATCGTC-1_1_1"
"872","CTATCCGAGTGCGACA-1_1_1"
"873","CTATCTACAGCAAGAC-1_1_1"
"874","CTATCTAGTAGGTAGC-1_1_1"
"875","CTCAACCTCTATTCGT-1_1_1"
"876","CTCAAGAAGTCGGCAA-1_1_1"
"877","CTCAAGATCCTCTGCA-1_1_1"
"878","CTCAAGATCTCGCAGG-1_1_1"
"879","CTCAATTCAGAGGCTA-1_1_1"
"880","CTCAATTTCGTTGTGA-1_1_1"
"881","CTCACTGAGAGTGTGC-1_1_1"
"882","CTCACTGCAATGAAAC-1_1_1"
"883","CTCACTGTCCGTATGA-1_1_1"
"884","CTCAGAAAGGTTTACC-1_1_1"
"885","CTCAGAACAGACCAGA-1_1_1"
"886","CTCAGGGGTCAACCTA-1_1_1"
"887","CTCAGTCAGAATTCAG-1_1_1"
"888","CTCAGTCAGGCAGCTA-1_1_1"
"889","CTCAGTCAGGTGAGCT-1_1_1"
"890","CTCAGTCCAGAGCTAG-1_1_1"
"891","CTCAGTCCATGTGACT-1_1_1"
"892","CTCAGTCGTAGACAAT-1_1_1"
"893","CTCAGTCGTCCAGTTA-1_1_1"
"894","CTCATCGAGCTGGAGT-1_1_1"
"895","CTCATCGCAAGGAGTC-1_1_1"
"896","CTCATCGCAGCGGTCT-1_1_1"
"897","CTCATCGCATCTCGTC-1_1_1"
"898","CTCATCGCATGAGATA-1_1_1"
"899","CTCATCGTCTGGGCGT-1_1_1"
"900","CTCATGCCACGTCATA-1_1_1"
"901","CTCATGCTCTTCGGTC-1_1_1"
"902","CTCCAACAGAGTCACG-1_1_1"
"903","CTCCACAGTAAGGCCA-1_1_1"
"904","CTCCATGAGGGTCACA-1_1_1"
"905","CTCCCAATCTCCCTAG-1_1_1"
"906","CTCCCTCCACTTGAAC-1_1_1"
"907","CTCCCTCGTGGCGCTT-1_1_1"
"908","CTCCCTCTCAAACGTC-1_1_1"
"909","CTCCGATAGCTGTGCC-1_1_1"
"910","CTCCGATCATATCTCT-1_1_1"
"911","CTCCGATCATATGAAG-1_1_1"
"912","CTCCGATGTGGCAGAT-1_1_1"
"913","CTCCGATTCATTACGG-1_1_1"
"914","CTCCTCCCAGGTCAGA-1_1_1"
"915","CTCCTCCTCACGATCA-1_1_1"
"916","CTCCTCCTCCAAGCCG-1_1_1"
"917","CTCGAGGAGTGAACAT-1_1_1"
"918","CTCGAGGCACACAGAG-1_1_1"
"919","CTCGAGGGTGTTCGAT-1_1_1"
"920","CTCGAGGGTTGGAGAC-1_1_1"
"921","CTCTCAGTCATCCCGT-1_1_1"
"922","CTCTCAGTCTCGAGTA-1_1_1"
"923","CTCTCGAGTCACTCGG-1_1_1"
"924","CTCTGGTCACTACAGT-1_1_1"
"925","CTCTGGTCAGAGATTA-1_1_1"
"926","CTCTGGTTCTCGTGGG-1_1_1"
"927","CTGAGCGAGACTTGTC-1_1_1"
"928","CTGAGCGAGGTAAAGG-1_1_1"
"929","CTGAGGCTCACCTCAC-1_1_1"
"930","CTGATCCAGACTAGAT-1_1_1"
"931","CTGATCCAGCATCTTG-1_1_1"
"932","CTGATCCGTGGGTATG-1_1_1"
"933","CTGCAGGTCCACTGAA-1_1_1"
"934","CTGCATCCAGCGCGTT-1_1_1"
"935","CTGCATCGTCAAAGCG-1_1_1"
"936","CTGCATCTCGCTGATA-1_1_1"
"937","CTGCATCTCTGAGGTT-1_1_1"
"938","CTGCCATCACCGTCGA-1_1_1"
"939","CTGCCATGTTCTCGCT-1_1_1"
"940","CTGCCTAAGGTAGACC-1_1_1"
"941","CTGCCTAGTACTCGAT-1_1_1"
"942","CTGCGAGAGCAGCCCT-1_1_1"
"943","CTGCGAGAGTTACGTC-1_1_1"
"944","CTGCGAGCACTCATAG-1_1_1"
"945","CTGCTCAGTAGCGTCC-1_1_1"
"946","CTGCTCAGTGAGAACC-1_1_1"
"947","CTGCTCATCAAGGACG-1_1_1"
"948","CTGCTCATCTCTCCGA-1_1_1"
"949","CTGGACGCAGGCAATG-1_1_1"
"950","CTGGACGGTTTGGAGG-1_1_1"
"951","CTGGCAGCATTCTGTT-1_1_1"
"952","CTGGCAGGTCTTGAAC-1_1_1"
"953","CTGGCAGTCACCGGTG-1_1_1"
"954","CTGTACCCACCTGATA-1_1_1"
"955","CTGTACCGTAGCTAAA-1_1_1"
"956","CTGTAGAAGAATCTAG-1_1_1"
"957","CTGTAGATCACGTCCT-1_1_1"
"958","CTGTAGATCTAGCATG-1_1_1"
"959","CTGTATTCAAGCGCAA-1_1_1"
"960","CTGTATTTCGGCTGAC-1_1_1"
"961","CTGTCGTTCTAGCAAC-1_1_1"
"962","CTGTGAAGTCTGTAAC-1_1_1"
"963","CTGTGAAGTCTTCGAA-1_1_1"
"964","CTGTGGGCAACAAGTA-1_1_1"
"965","CTTACCGGTCGGCCTA-1_1_1"
"966","CTTAGGAAGCTAATCC-1_1_1"
"967","CTTAGGAAGCTCGACC-1_1_1"
"968","CTTAGGAAGTGCCCGT-1_1_1"
"969","CTTAGGACAAGCTGTT-1_1_1"
"970","CTTCAATCACAGTCGC-1_1_1"
"971","CTTCAATCACTGAGGA-1_1_1"
"972","CTTCCGACATGTACGT-1_1_1"
"973","CTTCCGATCAAACCTG-1_1_1"
"974","CTTCCTTAGATTCGCT-1_1_1"
"975","CTTCCTTCAAATACAG-1_1_1"
"976","CTTCCTTCAGGTCCGT-1_1_1"
"977","CTTCCTTTCCTTCTGG-1_1_1"
"978","CTTCGGTAGCATGGGT-1_1_1"
"979","CTTCGGTGTATACCCA-1_1_1"
"980","CTTCGGTTCAGTGATC-1_1_1"
"981","CTTCGGTTCGTGCAGC-1_1_1"
"982","CTTCTAAAGGGCGAGA-1_1_1"
"983","CTTCTAATCGGTAGGA-1_1_1"
"984","CTTCTCTAGAGAGCGG-1_1_1"
"985","CTTCTCTCAAATTAGG-1_1_1"
"986","CTTCTCTCAATAACGA-1_1_1"
"987","CTTCTCTGTAGGTCAG-1_1_1"
"988","CTTCTCTTCGATAACC-1_1_1"
"989","CTTGAGAGTAACACGG-1_1_1"
"990","CTTGAGAGTCCGTTTC-1_1_1"
"991","CTTGATTCAATGGGTG-1_1_1"
"992","CTTGATTTCCGAGCTG-1_1_1"
"993","CTTTCGGAGGACTAAT-1_1_1"
"994","CTTTCGGAGGTGGTTG-1_1_1"
"995","CTTTCGGCAAATCGTC-1_1_1"
"996","CTTTCGGGTTCAGCGC-1_1_1"
"997","GAAACCTAGCTATCCA-1_1_1"
"998","GAAACCTGTAACAGGC-1_1_1"
"999","GAAATGAGTGTGACCC-1_1_1"
"1000","GAAATGATCCAAGCTA-1_1_1"
"1001","GAAATGATCGGCTCTT-1_1_1"
"1002","GAACGTTGTCATTCCC-1_1_1"
"1003","GAACTGTAGGTACATA-1_1_1"
"1004","GAACTGTAGTCCCTAA-1_1_1"
"1005","GAACTGTGTCGAGCTC-1_1_1"
"1006","GAACTGTTCTTCGTAT-1_1_1"
"1007","GAAGAATCAGTTGCGC-1_1_1"
"1008","GAAGAATGTTCGTGCG-1_1_1"
"1009","GAAGCCCAGGGTACAC-1_1_1"
"1010","GAAGCCCCATAGGTAA-1_1_1"
"1011","GAAGCGACAAATACAG-1_1_1"
"1012","GAAGCGATCTCGTCAC-1_1_1"
"1013","GAAGGGTAGGAGAGTA-1_1_1"
"1014","GAAGGGTGTTCCACAA-1_1_1"
"1015","GAAGGGTTCTTACCAT-1_1_1"
"1016","GAATAGACATTCGATG-1_1_1"
"1017","GAATCACAGAGGATCC-1_1_1"
"1018","GAATCACGTTGGTAGG-1_1_1"
"1019","GAATCACTCTGCGTCT-1_1_1"
"1020","GAATCGTAGTTGGACG-1_1_1"
"1021","GAATCGTCACATCCCT-1_1_1"
"1022","GAATCGTGTTGGTACT-1_1_1"
"1023","GACACGCCAGTATGAA-1_1_1"
"1024","GACACGCCATGGTACT-1_1_1"
"1025","GACACGCGTCACAATC-1_1_1"
"1026","GACAGCCGTGGCAGAT-1_1_1"
"1027","GACAGCCTCGAGTGGA-1_1_1"
"1028","GACATCAAGAATTCAG-1_1_1"
"1029","GACATCAAGATTGTGA-1_1_1"
"1030","GACATCAAGGCTCTCG-1_1_1"
"1031","GACATCACAACAGCTT-1_1_1"
"1032","GACATCATCCGATGCG-1_1_1"
"1033","GACCAATGTTGCCAAT-1_1_1"
"1034","GACCAATTCGTGGCGT-1_1_1"
"1035","GACCCAGGTTAGGCTT-1_1_1"
"1036","GACCCTTCATGAGATA-1_1_1"
"1037","GACCGTGAGTATAGAC-1_1_1"
"1038","GACCGTGGTCTACAGT-1_1_1"
"1039","GACCTTCAGTAGCCAG-1_1_1"
"1040","GACGCTGAGAAATGGG-1_1_1"
"1041","GACTATGTCTATACGG-1_1_1"
"1042","GACTCAAAGAAACCCG-1_1_1"
"1043","GACTCAAAGGAACATT-1_1_1"
"1044","GACTCAACAGACGATG-1_1_1"
"1045","GACTCAATCTGAGGCC-1_1_1"
"1046","GACTCTCCACCGAATT-1_1_1"
"1047","GACTCTCCACCGTCTT-1_1_1"
"1048","GACTCTCGTCCGTTTC-1_1_1"
"1049","GACTCTCTCCACGGAC-1_1_1"
"1050","GACTGATCAGGACAGT-1_1_1"
"1051","GACTGATGTGGAATGC-1_1_1"
"1052","GACTTCCAGTCATGAA-1_1_1"
"1053","GACTTCCCAGACGATG-1_1_1"
"1054","GACTTCCTCGCAGATT-1_1_1"
"1055","GAGACCCCAGGCATGA-1_1_1"
"1056","GAGACTTAGAGTCAAT-1_1_1"
"1057","GAGACTTGTTAGGGAC-1_1_1"
"1058","GAGACTTGTTTACTGG-1_1_1"
"1059","GAGAGGTAGATACCAA-1_1_1"
"1060","GAGATGGAGTAATACG-1_1_1"
"1061","GAGATGGAGTAATCCC-1_1_1"
"1062","GAGATGGGTAATCAGA-1_1_1"
"1063","GAGATGGTCCACGGAC-1_1_1"
"1064","GAGGCAAAGCAAATCA-1_1_1"
"1065","GAGGCAATCTTGGTCC-1_1_1"
"1066","GAGGGATAGACTTCCA-1_1_1"
"1067","GAGGGATGTACGAAAT-1_1_1"
"1068","GAGGGATTCATTCCTA-1_1_1"
"1069","GAGGGTACAACCGGAA-1_1_1"
"1070","GAGGGTACACAGGATG-1_1_1"
"1071","GAGTCATGTGGTCTAT-1_1_1"
"1072","GAGTCATTCGCTGATA-1_1_1"
"1073","GAGTGAGTCAATCTCT-1_1_1"
"1074","GAGTGAGTCGAGGCAA-1_1_1"
"1075","GAGTGTTAGCACACAG-1_1_1"
"1076","GAGTGTTAGGTAGCAC-1_1_1"
"1077","GAGTTGTAGCTGAGCA-1_1_1"
"1078","GAGTTGTAGTTAGTGA-1_1_1"
"1079","GAGTTGTCACGAGGAT-1_1_1"
"1080","GAGTTTGCACTTCTCG-1_1_1"
"1081","GATAGAATCTATCCAT-1_1_1"
"1082","GATAGCTCAGATACTC-1_1_1"
"1083","GATAGCTGTGAGTAGC-1_1_1"
"1084","GATCACAAGAGGTTTA-1_1_1"
"1085","GATCACAAGTGAGGCT-1_1_1"
"1086","GATCACACAAGTGGTG-1_1_1"
"1087","GATCACAGTAAGATTG-1_1_1"
"1088","GATCACAGTACTCGCG-1_1_1"
"1089","GATCAGTCATAGCACT-1_1_1"
"1090","GATCAGTGTCCTTGTC-1_1_1"
"1091","GATCAGTGTTATTCTC-1_1_1"
"1092","GATCCCTCATGGGATG-1_1_1"
"1093","GATCCCTGTTTACCAG-1_1_1"
"1094","GATCGTAAGCGATGAC-1_1_1"
"1095","GATCGTATCACTCACC-1_1_1"
"1096","GATCGTATCGACGCTG-1_1_1"
"1097","GATGAGGAGGGTATAT-1_1_1"
"1098","GATGAGGGTAATGATG-1_1_1"
"1099","GATGAGGGTATTTCTC-1_1_1"
"1100","GATGAGGTCAACACCA-1_1_1"
"1101","GATGATCAGAGATCGC-1_1_1"
"1102","GATGATCCAAACCACT-1_1_1"
"1103","GATGATCGTATACGGG-1_1_1"
"1104","GATGATCGTTGCTCAA-1_1_1"
"1105","GATGATCGTTTCCATT-1_1_1"
"1106","GATGATCTCGTCCATC-1_1_1"
"1107","GATGCTACAGATTCGT-1_1_1"
"1108","GATGGAGCAACACACT-1_1_1"
"1109","GATGGAGCATAGAAAC-1_1_1"
"1110","GATGGAGGTGTTCGTA-1_1_1"
"1111","GATGGAGTCCCGGTAG-1_1_1"
"1112","GATGGAGTCTCCTGCA-1_1_1"
"1113","GATGTTGTCTTAGGAC-1_1_1"
"1114","GATTCGAAGTGGTGAC-1_1_1"
"1115","GATTCTTAGGCTCTAT-1_1_1"
"1116","GATTCTTCACCCAATA-1_1_1"
"1117","GATTCTTTCTACCAGA-1_1_1"
"1118","GATTGGTAGGTAAGTT-1_1_1"
"1119","GATTGGTGTCCATAGT-1_1_1"
"1120","GATTGGTTCGTCGCTT-1_1_1"
"1121","GCAACATAGGGAGGAC-1_1_1"
"1122","GCAACATCACTGGCGT-1_1_1"
"1123","GCAACATGTGACAGGT-1_1_1"
"1124","GCAACCGCATCGATGT-1_1_1"
"1125","GCAACCGGTCCGGCAT-1_1_1"
"1126","GCACATAAGAGAGCCT-1_1_1"
"1127","GCACATAGTCTACAAC-1_1_1"
"1128","GCACATATCCGTAGGC-1_1_1"
"1129","GCACGGTGTAGACTGG-1_1_1"
"1130","GCACGTGCATGTTCAG-1_1_1"
"1131","GCACGTGTCGTGGGTC-1_1_1"
"1132","GCACTAAGTGCCTGCA-1_1_1"
"1133","GCACTAATCCATCCGT-1_1_1"
"1134","GCAGCCATCTACGGTA-1_1_1"
"1135","GCAGCCATCTAGGCAT-1_1_1"
"1136","GCAGCTGAGGCACTCC-1_1_1"
"1137","GCAGCTGTCTGAATCG-1_1_1"
"1138","GCAGGCTAGCAACAGC-1_1_1"
"1139","GCAGGCTCATGATGCT-1_1_1"
"1140","GCAGGCTCATGCGGTC-1_1_1"
"1141","GCAGGCTTCTTCCCAG-1_1_1"
"1142","GCAGTTAAGACGCCAA-1_1_1"
"1143","GCAGTTAGTCATATGC-1_1_1"
"1144","GCATCGGTCTTACACT-1_1_1"
"1145","GCATCTCAGACTCATC-1_1_1"
"1146","GCATCTCAGTTCTCTT-1_1_1"
"1147","GCATCTCGTCCTTAAG-1_1_1"
"1148","GCATCTCGTTGTGCCG-1_1_1"
"1149","GCATCTCTCTCCGATC-1_1_1"
"1150","GCATGATAGGCTCAAG-1_1_1"
"1151","GCATGATAGTATGCAA-1_1_1"
"1152","GCATGATCAGTATGAA-1_1_1"
"1153","GCATGATTCTCACGAA-1_1_1"
"1154","GCCAACGTCATACAGC-1_1_1"
"1155","GCCAGCACAACTTGCA-1_1_1"
"1156","GCCAGCACACCAGTAT-1_1_1"
"1157","GCCAGCAGTATCGTAC-1_1_1"
"1158","GCCAGCATCTTCTCAA-1_1_1"
"1159","GCCAGGTTCCGATTAG-1_1_1"
"1160","GCCAGTGTCTGATGGT-1_1_1"
"1161","GCCATGGGTGTCCGGT-1_1_1"
"1162","GCCATTCGTTGAATCC-1_1_1"
"1163","GCCATTCTCTCGTCGT-1_1_1"
"1164","GCCCAGAAGGAACTAT-1_1_1"
"1165","GCCCAGACAACGTAAA-1_1_1"
"1166","GCCCAGACACGGATCC-1_1_1"
"1167","GCCCGAAAGCACTCCG-1_1_1"
"1168","GCCCGAACATGGCTAT-1_1_1"
"1169","GCCGATGCAGTCGAGA-1_1_1"
"1170","GCCGTGATCTTACACT-1_1_1"
"1171","GCCTGTTCACTTGACA-1_1_1"
"1172","GCCTGTTGTCCAAATC-1_1_1"
"1173","GCGAGAAAGCATTTCG-1_1_1"
"1174","GCGATCGCAAAGACGC-1_1_1"
"1175","GCGATCGTCAGTAGGG-1_1_1"
"1176","GCGGAAAGTTCAGTAC-1_1_1"
"1177","GCGGATCAGCGCAATG-1_1_1"
"1178","GCGGATCAGTCGGCAA-1_1_1"
"1179","GCGTGCACATTCACCC-1_1_1"
"1180","GCGTTTCGTGGAAATT-1_1_1"
"1181","GCTACAATCAGAGCAG-1_1_1"
"1182","GCTACCTAGGAGAGGC-1_1_1"
"1183","GCTACCTAGGTCGTCC-1_1_1"
"1184","GCTACCTGTCAAAGCG-1_1_1"
"1185","GCTACCTGTGCATGTT-1_1_1"
"1186","GCTCAAAAGGCGTTAG-1_1_1"
"1187","GCTCAAACAATGGCAG-1_1_1"
"1188","GCTCAAACACTATGTG-1_1_1"
"1189","GCTCAAATCTCATGGA-1_1_1"
"1190","GCTGCAGCAGCACAAG-1_1_1"
"1191","GCTGCAGGTACACTCA-1_1_1"
"1192","GCTGCAGGTGTAAATG-1_1_1"
"1193","GCTGCAGTCATGAGTC-1_1_1"
"1194","GCTTCACAGCTTCTAG-1_1_1"
"1195","GCTTCACCATGTCGTA-1_1_1"
"1196","GCTTGGGTCATCCTGC-1_1_1"
"1197","GCTTTCGAGTCACGCC-1_1_1"
"1198","GCTTTCGTCTACAGGT-1_1_1"
"1199","GGAACCCCATGAGAAT-1_1_1"
"1200","GGAACCCGTATCCTTT-1_1_1"
"1201","GGAACCCGTCTAGTGT-1_1_1"
"1202","GGAAGTGAGGTTACCT-1_1_1"
"1203","GGAAGTGCAATCGAAA-1_1_1"
"1204","GGAATCTAGTTATGGA-1_1_1"
"1205","GGAATCTTCGAGAACG-1_1_1"
"1206","GGAATGGGTGGACCAA-1_1_1"
"1207","GGACGTCCACCGAATT-1_1_1"
"1208","GGACGTCGTTATGGTC-1_1_1"
"1209","GGAGAACCATTCGGGC-1_1_1"
"1210","GGAGAACTCTCCCATG-1_1_1"
"1211","GGAGATGCATAACGGG-1_1_1"
"1212","GGAGGATCATCGGATT-1_1_1"
"1213","GGAGGTAAGCTGACAG-1_1_1"
"1214","GGAGGTACAAGATCCT-1_1_1"
"1215","GGAGGTACAGTGCGCT-1_1_1"
"1216","GGAGGTATCATGTCAG-1_1_1"
"1217","GGATCTAAGCATAGGC-1_1_1"
"1218","GGATGTTAGGTTCAGG-1_1_1"
"1219","GGATGTTCAACCAGAG-1_1_1"
"1220","GGCACGTAGAATCGAT-1_1_1"
"1221","GGCAGTCGTTCTTGCC-1_1_1"
"1222","GGCAGTCTCGTCGGGT-1_1_1"
"1223","GGCAGTCTCTTTCAGT-1_1_1"
"1224","GGCGTCAAGAAGTGTT-1_1_1"
"1225","GGCGTCAAGCCTGTCG-1_1_1"
"1226","GGCGTCAGTGCACAAG-1_1_1"
"1227","GGCTGTGTCGAGAACG-1_1_1"
"1228","GGCTTGGCACCACATA-1_1_1"
"1229","GGCTTGGTCGTCCTTG-1_1_1"
"1230","GGGACCTTCTTTACAC-1_1_1"
"1231","GGGACTCCAAAGGGTC-1_1_1"
"1232","GGGACTCGTAAGTTAG-1_1_1"
"1233","GGGACTCTCGGCATTA-1_1_1"
"1234","GGGAGATAGTGGAAAG-1_1_1"
"1235","GGGAGATCATTAGGAA-1_1_1"
"1236","GGGAGATGTCGGAAAC-1_1_1"
"1237","GGGAGTATCATTACGG-1_1_1"
"1238","GGGATCCAGCATAGGC-1_1_1"
"1239","GGGATCCCAGCAAGAC-1_1_1"
"1240","GGGATCCCATACCACA-1_1_1"
"1241","GGGATCCGTAGCACAG-1_1_1"
"1242","GGGATCCTCATTTGGG-1_1_1"
"1243","GGGATGATCATCCCGT-1_1_1"
"1244","GGGCCATCATGTTCGA-1_1_1"
"1245","GGGCCATGTAACGCGA-1_1_1"
"1246","GGGCGTTGTCAACCAT-1_1_1"
"1247","GGGCTACAGCATGATA-1_1_1"
"1248","GGGCTACAGTATTCCG-1_1_1"
"1249","GGGCTCATCGGTCGAC-1_1_1"
"1250","GGGTAGAAGTCTCGTA-1_1_1"
"1251","GGGTAGAAGTGGTTGG-1_1_1"
"1252","GGGTAGATCAGGAAGC-1_1_1"
"1253","GGGTATTTCAGTGTTG-1_1_1"
"1254","GGGTATTTCTGTGCTC-1_1_1"
"1255","GGGTCACGTAATGCTC-1_1_1"
"1256","GGGTCACGTAGGTTTC-1_1_1"
"1257","GGGTCACGTTGAGAGC-1_1_1"
"1258","GGGTCTGAGCTACAAA-1_1_1"
"1259","GGGTGAAAGCGTCAAG-1_1_1"
"1260","GGGTGAACAGTCAGAG-1_1_1"
"1261","GGGTGAAGTTGGGTTT-1_1_1"
"1262","GGGTGAAGTTTACTGG-1_1_1"
"1263","GGGTGTCCACACGGAA-1_1_1"
"1264","GGGTGTCTCATTATCC-1_1_1"
"1265","GGGTTATCAGTTAGAA-1_1_1"
"1266","GGGTTATCATTGACTG-1_1_1"
"1267","GGGTTTATCAACGAGG-1_1_1"
"1268","GGTAACTGTTTAAGGA-1_1_1"
"1269","GGTAATCCATGTGTCA-1_1_1"
"1270","GGTAATCGTCCAAAGG-1_1_1"
"1271","GGTAGAGAGGAAACGA-1_1_1"
"1272","GGTCTGGGTTGACGGA-1_1_1"
"1273","GGTGAAGAGCTAAATG-1_1_1"
"1274","GGTGAAGCAACACAAA-1_1_1"
"1275","GGTGAAGCACTACTTT-1_1_1"
"1276","GGTGATTGTACTGACT-1_1_1"
"1277","GGTGATTTCGACGCGT-1_1_1"
"1278","GGTGGCTAGACAACAT-1_1_1"
"1279","GGTGGCTAGCCGAATG-1_1_1"
"1280","GGTGGCTGTGTCCTAA-1_1_1"
"1281","GGTGGCTGTTCCACGG-1_1_1"
"1282","GGTGTCGAGCACTCGC-1_1_1"
"1283","GGTGTCGCACCGTCGA-1_1_1"
"1284","GGTTAACGTGCTGTCG-1_1_1"
"1285","GGTTAACTCCATAGGT-1_1_1"
"1286","GTAACACCAAATAGCA-1_1_1"
"1287","GTAACACCACACCTAA-1_1_1"
"1288","GTAACACGTCTTGTCC-1_1_1"
"1289","GTAACCACAGGAGACT-1_1_1"
"1290","GTAACCATCCGAGATT-1_1_1"
"1291","GTAAGTCCACCTTCCA-1_1_1"
"1292","GTAAGTCCAGAATCGG-1_1_1"
"1293","GTAAGTCGTCGCACGT-1_1_1"
"1294","GTAAGTCTCCGAGCTG-1_1_1"
"1295","GTAAGTCTCGAACCTA-1_1_1"
"1296","GTAATCGAGCCGAATG-1_1_1"
"1297","GTAATGCAGGAAAGGT-1_1_1"
"1298","GTAATGCCATTGACCA-1_1_1"
"1299","GTACAACAGGACTGGT-1_1_1"
"1300","GTACAACCAAGAAACT-1_1_1"
"1301","GTACAGTAGCAACCAG-1_1_1"
"1302","GTACAGTGTAATCAGA-1_1_1"
"1303","GTACAGTTCGACGCGT-1_1_1"
"1304","GTAGAAAGTACAAACA-1_1_1"
"1305","GTAGAAATCCTCTAAT-1_1_1"
"1306","GTAGAAATCTGGCCAG-1_1_1"
"1307","GTAGAGGAGGTTCTTG-1_1_1"
"1308","GTAGAGGCAGCTACCG-1_1_1"
"1309","GTAGAGGCATATGCGT-1_1_1"
"1310","GTAGCTAAGACCCGCT-1_1_1"
"1311","GTAGCTAGTACGTAGG-1_1_1"
"1312","GTAGCTAGTATGGAAT-1_1_1"
"1313","GTAGCTAGTGCTCGTG-1_1_1"
"1314","GTAGGAGAGCTGGTGA-1_1_1"
"1315","GTAGGAGCAATAGTCC-1_1_1"
"1316","GTAGGAGGTATGGGAC-1_1_1"
"1317","GTAGGAGTCAATGTCG-1_1_1"
"1318","GTAGGAGTCTCGACGG-1_1_1"
"1319","GTAGGTTAGAAAGTCT-1_1_1"
"1320","GTAGGTTGTGCAATGG-1_1_1"
"1321","GTAGGTTTCCAGTTCC-1_1_1"
"1322","GTAGTACAGGAACGAA-1_1_1"
"1323","GTAGTACGTCGAACAG-1_1_1"
"1324","GTATTGGAGCCGTTAT-1_1_1"
"1325","GTATTGGCAAGTGGGT-1_1_1"
"1326","GTATTGGCACGGTAGA-1_1_1"
"1327","GTATTGGGTGAGAGGG-1_1_1"
"1328","GTATTGGTCATCTGTT-1_1_1"
"1329","GTATTGGTCTCGGTCT-1_1_1"
"1330","GTATTTCGTGACCTGC-1_1_1"
"1331","GTCAAACTCGCGCTGA-1_1_1"
"1332","GTCACGGCACTTCCTG-1_1_1"
"1333","GTCACTCAGCCTGAGA-1_1_1"
"1334","GTCACTCGTGGGTATG-1_1_1"
"1335","GTCACTCGTTCGAGCC-1_1_1"
"1336","GTCAGCGAGGCATCAG-1_1_1"
"1337","GTCATCCAGTGCCGAA-1_1_1"
"1338","GTCATCCTCAGTGCGC-1_1_1"
"1339","GTCATCCTCCTAGAGT-1_1_1"
"1340","GTCATGAAGATGCAGC-1_1_1"
"1341","GTCATGACAGCTTCGG-1_1_1"
"1342","GTCATGACATGTACGT-1_1_1"
"1343","GTCATTTAGCGTGTTT-1_1_1"
"1344","GTCATTTCAATACAGA-1_1_1"
"1345","GTCATTTTCGGAACTT-1_1_1"
"1346","GTCCTCATCGGTGTTA-1_1_1"
"1347","GTCGAATAGACCACGA-1_1_1"
"1348","GTCGAATAGCGCAATG-1_1_1"
"1349","GTCGAATCAGCATCTA-1_1_1"
"1350","GTCGAATTCATGCAGT-1_1_1"
"1351","GTCGCGATCCAGCAAT-1_1_1"
"1352","GTCGCGATCTCGCCTA-1_1_1"
"1353","GTCGTAAAGGTGCGAT-1_1_1"
"1354","GTCGTAAGTGCTCCGA-1_1_1"
"1355","GTCGTTCCATACTGAC-1_1_1"
"1356","GTCGTTCGTAGGGAGG-1_1_1"
"1357","GTCTACCGTTAACCTG-1_1_1"
"1358","GTCTAGAAGTCGGCAA-1_1_1"
"1359","GTCTCACCAAACTAGA-1_1_1"
"1360","GTCTCACGTGTCCGGT-1_1_1"
"1361","GTCTGTCAGTCTAACC-1_1_1"
"1362","GTCTGTCCAAGTGATA-1_1_1"
"1363","GTCTGTCGTGTCATTG-1_1_1"
"1364","GTCTGTCGTTCGTGCG-1_1_1"
"1365","GTCTGTCGTTCTAACG-1_1_1"
"1366","GTCTTTAAGATGTAGT-1_1_1"
"1367","GTCTTTATCCAACTAG-1_1_1"
"1368","GTGACGCAGATCGCTT-1_1_1"
"1369","GTGACGCTCACGATAC-1_1_1"
"1370","GTGAGCCCATTGTAGC-1_1_1"
"1371","GTGAGGACATATCTGG-1_1_1"
"1372","GTGAGGACATGATCTG-1_1_1"
"1373","GTGAGTTTCGTCACCT-1_1_1"
"1374","GTGATGTTCCATAGGT-1_1_1"
"1375","GTGCACGAGATGCTAA-1_1_1"
"1376","GTGCACGGTTCGTACA-1_1_1"
"1377","GTGCAGCGTACGGTTT-1_1_1"
"1378","GTGCGTGAGCGATTCT-1_1_1"
"1379","GTGCGTGCAAACGGCA-1_1_1"
"1380","GTGCGTGCACTCAAGT-1_1_1"
"1381","GTGCGTGTCACCTACC-1_1_1"
"1382","GTGCGTGTCCAATGCA-1_1_1"
"1383","GTGCTGGGTGGTAACG-1_1_1"
"1384","GTGCTGGTCGATGCTA-1_1_1"
"1385","GTGCTTCAGATCGGTG-1_1_1"
"1386","GTGCTTCAGTATGCAA-1_1_1"
"1387","GTGGAAGCATTGACAC-1_1_1"
"1388","GTGGAAGGTCTAGGTT-1_1_1"
"1389","GTGGAAGTCTTCTGTA-1_1_1"
"1390","GTGGAGACACCGTGCA-1_1_1"
"1391","GTGGAGAGTAGCGCCT-1_1_1"
"1392","GTGGCGTCATGGCCAC-1_1_1"
"1393","GTGGGAAAGCGGACAT-1_1_1"
"1394","GTGGTTATCGCCATAA-1_1_1"
"1395","GTGTAACCAAAGCAAT-1_1_1"
"1396","GTGTAACGTTCGAAGG-1_1_1"
"1397","GTGTAACTCTGGTCAA-1_1_1"
"1398","GTGTCCTAGGAATGTT-1_1_1"
"1399","GTGTCCTCAAGGCGTA-1_1_1"
"1400","GTGTCCTGTCCACACG-1_1_1"
"1401","GTGTCCTTCATCGCCT-1_1_1"
"1402","GTGTGATCACATCCCT-1_1_1"
"1403","GTGTTAGTCTACACTT-1_1_1"
"1404","GTGTTCCCATGTTCGA-1_1_1"
"1405","GTGTTCCGTCGCAGTC-1_1_1"
"1406","GTTACAGGTAGCCCTG-1_1_1"
"1407","GTTACAGGTAGGGAGG-1_1_1"
"1408","GTTACGAAGGTAGCCA-1_1_1"
"1409","GTTACGAGTCTCAAGT-1_1_1"
"1410","GTTAGACCATGGGCAA-1_1_1"
"1411","GTTAGACGTCGTCATA-1_1_1"
"1412","GTTAGTGAGATACATG-1_1_1"
"1413","GTTAGTGCAAGCACAG-1_1_1"
"1414","GTTATGGAGACGGAAA-1_1_1"
"1415","GTTATGGAGTGGTTAA-1_1_1"
"1416","GTTATGGGTGCCGGTT-1_1_1"
"1417","GTTCATTGTCTGCATA-1_1_1"
"1418","GTTCGCTGTTTCGATG-1_1_1"
"1419","GTTCGCTTCGAAGGAC-1_1_1"
"1420","GTTCGCTTCTGCCTGT-1_1_1"
"1421","GTTCTATTCATAGGCT-1_1_1"
"1422","GTTGAACTCGTAGAGG-1_1_1"
"1423","GTTGCGGCAGACCCGT-1_1_1"
"1424","GTTGCGGCAGCAGTCC-1_1_1"
"1425","GTTGCGGCAGGCTACC-1_1_1"
"1426","GTTGCGGCATGACGTT-1_1_1"
"1427","GTTGCGGTCAAGGAGC-1_1_1"
"1428","GTTGCTCGTGCCTGCA-1_1_1"
"1429","GTTGCTCGTGGGCTCT-1_1_1"
"1430","GTTGTAGAGGTGCTAG-1_1_1"
"1431","GTTGTAGAGTCGGGAT-1_1_1"
"1432","GTTGTGAAGACCCGCT-1_1_1"
"1433","GTTGTGAGTCCCGTGA-1_1_1"
"1434","GTTGTGATCGCCTTGT-1_1_1"
"1435","GTTTACTAGCTCGTGC-1_1_1"
"1436","GTTTACTCACACACTA-1_1_1"
"1437","GTTTACTGTTCGGTAT-1_1_1"
"1438","GTTTACTTCTAGTGAC-1_1_1"
"1439","GTTTGGATCTACACTT-1_1_1"
"1440","TAACACGAGCGAAACC-1_1_1"
"1441","TAACACGCACGCGGTT-1_1_1"
"1442","TAACCAGCACGGGTAA-1_1_1"
"1443","TAACCAGGTACCTTCC-1_1_1"
"1444","TAACCAGTCCGATCGG-1_1_1"
"1445","TAACCAGTCGCCTTGT-1_1_1"
"1446","TAACCAGTCTCGGTAA-1_1_1"
"1447","TAACTTCGTAACACCT-1_1_1"
"1448","TAAGCACAGTGCCCGT-1_1_1"
"1449","TAAGCACGTACCGTGC-1_1_1"
"1450","TAAGCACGTGCTTCAA-1_1_1"
"1451","TAAGCACGTTAGAGTA-1_1_1"
"1452","TAAGCACTCCCATACC-1_1_1"
"1453","TAAGCCAGTCTCTCCA-1_1_1"
"1454","TAAGCCAGTGTCGCTG-1_1_1"
"1455","TAAGCCATCAGATTGC-1_1_1"
"1456","TAAGCCATCATCGCCT-1_1_1"
"1457","TAAGTCGCAACTGTGT-1_1_1"
"1458","TAAGTCGCAATCGTCA-1_1_1"
"1459","TAAGTCGGTCGCGTTG-1_1_1"
"1460","TAAGTCGTCTAGTACG-1_1_1"
"1461","TAATCTCTCTTTACAC-1_1_1"
"1462","TAATTCCAGAAGAGCA-1_1_1"
"1463","TACAACGAGTTCCATG-1_1_1"
"1464","TACAACGGTCCAGAAG-1_1_1"
"1465","TACAACGGTGTACGCC-1_1_1"
"1466","TACACCCCATGGCACC-1_1_1"
"1467","TACAGGTAGACTGAGC-1_1_1"
"1468","TACATTCTCAGACATC-1_1_1"
"1469","TACCCACAGCATTTGC-1_1_1"
"1470","TACCCACCAGCTGTGC-1_1_1"
"1471","TACCCACTCAGAGCGA-1_1_1"
"1472","TACCCACTCGTCGGGT-1_1_1"
"1473","TACCCGTAGCAGCACA-1_1_1"
"1474","TACCCGTAGTAGCATA-1_1_1"
"1475","TACCCGTGTTCGTACA-1_1_1"
"1476","TACCGAACAACACAGG-1_1_1"
"1477","TACCGAACACATTGTG-1_1_1"
"1478","TACCGAAGTATCTCTT-1_1_1"
"1479","TACCGAAGTGACTCGC-1_1_1"
"1480","TACCGGGTCGGTAACT-1_1_1"
"1481","TACCTCGCACCGCTGA-1_1_1"
"1482","TACCTCGGTACCATAC-1_1_1"
"1483","TACCTGCGTAAGGAGA-1_1_1"
"1484","TACCTGCGTGTTAACC-1_1_1"
"1485","TACCTGCTCACTCACC-1_1_1"
"1486","TACGCTCAGTTTAGGA-1_1_1"
"1487","TACGCTCCACAATGTC-1_1_1"
"1488","TACGGGCCAACATACC-1_1_1"
"1489","TACGGGCCACTATCCC-1_1_1"
"1490","TACGGGCGTAACGTTC-1_1_1"
"1491","TACGGGCGTTACACTG-1_1_1"
"1492","TACGTCCCAATTGCAC-1_1_1"
"1493","TACGTCCTCGTTGCCT-1_1_1"
"1494","TACTGCCAGCATCAGG-1_1_1"
"1495","TACTGCCGTTGGCCTG-1_1_1"
"1496","TACTGCCTCAAAGCCT-1_1_1"
"1497","TACTTACCAGGTCAGA-1_1_1"
"1498","TACTTACTCCCATTCG-1_1_1"
"1499","TACTTCAAGGATTTAG-1_1_1"
"1500","TACTTCACAAGCTACT-1_1_1"
"1501","TACTTCAGTACCATAC-1_1_1"
"1502","TACTTCATCTTTGCTA-1_1_1"
"1503","TACTTGTCAGGCTATT-1_1_1"
"1504","TACTTGTCATTCAGGT-1_1_1"
"1505","TACTTGTGTCGCACAC-1_1_1"
"1506","TACTTGTGTGCCGTTG-1_1_1"
"1507","TACTTGTGTTGCTCGG-1_1_1"
"1508","TACTTGTTCTAGTCAG-1_1_1"
"1509","TAGACCACACGCCACA-1_1_1"
"1510","TAGACCAGTTGCCAAT-1_1_1"
"1511","TAGACTGGTGTGGACA-1_1_1"
"1512","TAGAGTCGTAGCTCGC-1_1_1"
"1513","TAGATCGAGTGATTCC-1_1_1"
"1514","TAGCACACAGTTAGAA-1_1_1"
"1515","TAGCACATCTGTCTCG-1_1_1"
"1516","TAGGAGGAGCACACAG-1_1_1"
"1517","TAGGAGGCATACTGAC-1_1_1"
"1518","TAGGAGGGTCACTTCC-1_1_1"
"1519","TAGGGTTCAGGTGGAT-1_1_1"
"1520","TAGGTACCAACGCCCA-1_1_1"
"1521","TAGGTACGTAAGATCA-1_1_1"
"1522","TAGGTTGCAGTCGGTC-1_1_1"
"1523","TAGGTTGCATGAGATA-1_1_1"
"1524","TAGGTTGTCGACGCTG-1_1_1"
"1525","TAGTGCATCACTCGAA-1_1_1"
"1526","TAGTGCATCGCACTCT-1_1_1"
"1527","TATACCTAGAACTTCC-1_1_1"
"1528","TATACCTAGACGAAGA-1_1_1"
"1529","TATACCTAGTTGTAAG-1_1_1"
"1530","TATACCTCAACCGATT-1_1_1"
"1531","TATACCTCAGCGCGTT-1_1_1"
"1532","TATCAGGAGAATCCCT-1_1_1"
"1533","TATCGCCAGGTCATTC-1_1_1"
"1534","TATCGCCCAGGTTACT-1_1_1"
"1535","TATCGCCTCACGACTA-1_1_1"
"1536","TATCTGTAGACTTAAG-1_1_1"
"1537","TATCTGTAGCGACCCT-1_1_1"
"1538","TATCTTGCAAGGCAAC-1_1_1"
"1539","TATCTTGGTTAGGAGC-1_1_1"
"1540","TATGTTCCACTGCACG-1_1_1"
"1541","TATGTTCGTCTCTCTG-1_1_1"
"1542","TATTCCACAGCATACT-1_1_1"
"1543","TATTCCAGTATGAGAT-1_1_1"
"1544","TATTGCTAGCAACAGC-1_1_1"
"1545","TATTGCTCAATAGAGT-1_1_1"
"1546","TATTGCTGTACACGCC-1_1_1"
"1547","TATTGGGGTAGGGTAC-1_1_1"
"1548","TATTGGGTCCGCCTAT-1_1_1"
"1549","TATTTCGAGACCATTC-1_1_1"
"1550","TCAAGACCACGCGTCA-1_1_1"
"1551","TCAAGACGTCTCAGGC-1_1_1"
"1552","TCAAGCAAGCTTAAGA-1_1_1"
"1553","TCAAGCAAGTTACGAA-1_1_1"
"1554","TCAAGCACAAATTAGG-1_1_1"
"1555","TCAAGCACAGGGAATC-1_1_1"
"1556","TCAAGCACATCGTCCT-1_1_1"
"1557","TCAAGTGGTTCAAGTC-1_1_1"
"1558","TCAATCTCAACAAGTA-1_1_1"
"1559","TCAATCTCATCGCTAA-1_1_1"
"1560","TCAATCTTCGGAGCAA-1_1_1"
"1561","TCACAAGAGTGGAAGA-1_1_1"
"1562","TCACAAGGTTATGACC-1_1_1"
"1563","TCACACCCACAACGCC-1_1_1"
"1564","TCACACCGTCAAAGCG-1_1_1"
"1565","TCACACCTCACCTACC-1_1_1"
"1566","TCACACCTCTAATTCC-1_1_1"
"1567","TCACATTAGCAATTCC-1_1_1"
"1568","TCACATTGTCCCTGAG-1_1_1"
"1569","TCACGGGAGATGCTAA-1_1_1"
"1570","TCACGGGTCAGAACCT-1_1_1"
"1571","TCACTATAGACTGTTC-1_1_1"
"1572","TCACTATAGGAATCGC-1_1_1"
"1573","TCACTATCAGCGTTTA-1_1_1"
"1574","TCACTATCATCGGTTA-1_1_1"
"1575","TCACTATGTCATAACC-1_1_1"
"1576","TCACTCGGTTCGGTCG-1_1_1"
"1577","TCACTCGTCAACTGGT-1_1_1"
"1578","TCAGCAAAGACGAAGA-1_1_1"
"1579","TCAGCAACACCCTCTA-1_1_1"
"1580","TCAGCCTAGGCGATAC-1_1_1"
"1581","TCAGCCTGTATAATGG-1_1_1"
"1582","TCAGCCTGTGCATTTG-1_1_1"
"1583","TCAGCCTTCTCCAATT-1_1_1"
"1584","TCAGGGCCACCCAACG-1_1_1"
"1585","TCAGGGCCACTGTCCT-1_1_1"
"1586","TCAGGGCGTCTCACAA-1_1_1"
"1587","TCAGGGCGTGTCCGGT-1_1_1"
"1588","TCAGGGCTCTAGCAAC-1_1_1"
"1589","TCAGGTATCGAGAAGC-1_1_1"
"1590","TCAGTCCAGAATAGTC-1_1_1"
"1591","TCAGTCCTCCCATTCG-1_1_1"
"1592","TCAGTGATCCATTGCC-1_1_1"
"1593","TCAGTTTTCACGGTCG-1_1_1"
"1594","TCAGTTTTCGGTTCAA-1_1_1"
"1595","TCATACTAGATCCCAT-1_1_1"
"1596","TCATACTAGCAGCCCT-1_1_1"
"1597","TCATACTAGCGATCGA-1_1_1"
"1598","TCATACTCAGGGTCTC-1_1_1"
"1599","TCATACTGTGGTCCGT-1_1_1"
"1600","TCATACTGTGGTTTGT-1_1_1"
"1601","TCATCATGTTGCCTAA-1_1_1"
"1602","TCATCATTCACGAGGA-1_1_1"
"1603","TCATCCGAGTATTCCG-1_1_1"
"1604","TCATCCGTCATGCATG-1_1_1"
"1605","TCATGAGAGTAGGGTC-1_1_1"
"1606","TCATGTTAGCTCGCAC-1_1_1"
"1607","TCATGTTCAGCCTTCT-1_1_1"
"1608","TCATTACGTGAGTTGG-1_1_1"
"1609","TCATTACGTGTTGACT-1_1_1"
"1610","TCATTCAGTGAGACCA-1_1_1"
"1611","TCATTCATCAAACGAA-1_1_1"
"1612","TCATTCATCCTCTAAT-1_1_1"
"1613","TCATTGTAGATGGCGT-1_1_1"
"1614","TCATTGTCACATTCTT-1_1_1"
"1615","TCATTGTCACTTGTCC-1_1_1"
"1616","TCATTGTCAGACTGCC-1_1_1"
"1617","TCATTTGGTCGAGCTC-1_1_1"
"1618","TCATTTGGTCTACGTA-1_1_1"
"1619","TCATTTGTCCCATTCG-1_1_1"
"1620","TCCACCACACTTGAGT-1_1_1"
"1621","TCCACCACAGTCGAGA-1_1_1"
"1622","TCCACCAGTAAGCTCT-1_1_1"
"1623","TCCACCAGTATGCAAA-1_1_1"
"1624","TCCACGTAGAACTCCT-1_1_1"
"1625","TCCACGTAGACATAGT-1_1_1"
"1626","TCCACGTAGATGTTCC-1_1_1"
"1627","TCCACGTAGGTTTACC-1_1_1"
"1628","TCCACGTCATGGGAAC-1_1_1"
"1629","TCCACGTCATTCTCCG-1_1_1"
"1630","TCCATCGAGTTGGAAT-1_1_1"
"1631","TCCATCGCACCTGAAT-1_1_1"
"1632","TCCATGCAGGGACTGT-1_1_1"
"1633","TCCCACAGTCGCACAC-1_1_1"
"1634","TCCCAGTAGAGTCAAT-1_1_1"
"1635","TCCCAGTGTACTCGAT-1_1_1"
"1636","TCCCAGTTCCGTGGTG-1_1_1"
"1637","TCCCAGTTCGGTTCAA-1_1_1"
"1638","TCCCATGTCGTCTCAC-1_1_1"
"1639","TCCGATCAGGCTATCT-1_1_1"
"1640","TCCGATCTCACAGTGT-1_1_1"
"1641","TCCTAATAGTCCCTAA-1_1_1"
"1642","TCCTAATCAGACCAGA-1_1_1"
"1643","TCCTCCCAGATGCCGA-1_1_1"
"1644","TCCTCCCCACGACTAT-1_1_1"
"1645","TCCTCCCGTGACGCCT-1_1_1"
"1646","TCCTCGAGTCTACGTA-1_1_1"
"1647","TCCTCGAGTGACTCTA-1_1_1"
"1648","TCCTCTTGTACCATAC-1_1_1"
"1649","TCCTGCAAGTCCTGTA-1_1_1"
"1650","TCCTTCTAGTGAGTGC-1_1_1"
"1651","TCCTTCTGTATCGCAT-1_1_1"
"1652","TCCTTTCTCCCGTGAG-1_1_1"
"1653","TCGACCTAGGTCTGGA-1_1_1"
"1654","TCGACCTAGTATGCAA-1_1_1"
"1655","TCGACCTCAAGTCCCG-1_1_1"
"1656","TCGACCTGTGAGACGT-1_1_1"
"1657","TCGACCTGTTGCCATA-1_1_1"
"1658","TCGATTTAGCGCGTTC-1_1_1"
"1659","TCGATTTAGTATAGAC-1_1_1"
"1660","TCGATTTAGTTTGGCT-1_1_1"
"1661","TCGATTTCAGGTAGTG-1_1_1"
"1662","TCGATTTTCGGTGCAC-1_1_1"
"1663","TCGCACTAGCCACAAG-1_1_1"
"1664","TCGCACTCAACGTTAC-1_1_1"
"1665","TCGCAGGAGCTGCCAC-1_1_1"
"1666","TCGCAGGGTGATGTAA-1_1_1"
"1667","TCGCAGGGTGTCCATA-1_1_1"
"1668","TCGCAGGTCGAGTTGT-1_1_1"
"1669","TCGCTCAAGGTCATTC-1_1_1"
"1670","TCGCTCAGTCATCGGC-1_1_1"
"1671","TCGCTCAGTGCAAGAC-1_1_1"
"1672","TCGCTTGAGCGGGTAT-1_1_1"
"1673","TCGCTTGCACTGTGTA-1_1_1"
"1674","TCGCTTGGTAGTTCCA-1_1_1"
"1675","TCGCTTGGTCCGATCG-1_1_1"
"1676","TCGCTTGTCTTGGTCC-1_1_1"
"1677","TCGGATAAGGAGACCT-1_1_1"
"1678","TCGGGACAGGAGACCT-1_1_1"
"1679","TCGGGACCAAAGGATT-1_1_1"
"1680","TCGGGACGTGTCTTAG-1_1_1"
"1681","TCGGGCACAGACAAAT-1_1_1"
"1682","TCGGGCACAGGTCTCG-1_1_1"
"1683","TCGGGCAGTCACAGTT-1_1_1"
"1684","TCGGGTGGTCGCATCG-1_1_1"
"1685","TCGGGTGTCGCTTAAG-1_1_1"
"1686","TCGGTCTGTATATGGA-1_1_1"
"1687","TCGGTCTGTGGCTACC-1_1_1"
"1688","TCGGTCTTCCATATGG-1_1_1"
"1689","TCGTAGAAGACTGTTC-1_1_1"
"1690","TCGTCCACAGCGTATT-1_1_1"
"1691","TCGTGCTTCGGCTTGG-1_1_1"
"1692","TCGTGGGAGATAGTCA-1_1_1"
"1693","TCGTGGGCAGGCTATT-1_1_1"
"1694","TCGTGGGCATGGCCCA-1_1_1"
"1695","TCGTGGGTCTCTCCGA-1_1_1"
"1696","TCTAACTCAGCCCAGT-1_1_1"
"1697","TCTAACTTCTCGCTCA-1_1_1"
"1698","TCTACATGTGTATTCG-1_1_1"
"1699","TCTATCACACGCGTCA-1_1_1"
"1700","TCTATCACATCTGCGG-1_1_1"
"1701","TCTATCATCCGAAATC-1_1_1"
"1702","TCTCACGAGGACAGTC-1_1_1"
"1703","TCTCACGGTTCGAAGG-1_1_1"
"1704","TCTCCGAAGCACTTTG-1_1_1"
"1705","TCTCCGAGTATTGAGA-1_1_1"
"1706","TCTCCGATCAAAGGTA-1_1_1"
"1707","TCTCCGATCCGTACGG-1_1_1"
"1708","TCTCCGATCGGCATTA-1_1_1"
"1709","TCTCCGATCGTCAAAC-1_1_1"
"1710","TCTCCGATCGTGGCTG-1_1_1"
"1711","TCTCCGATCTGTCCGT-1_1_1"
"1712","TCTCTGGGTTTACCAG-1_1_1"
"1713","TCTGCCACAACTACGT-1_1_1"
"1714","TCTGCCAGTATGTCTG-1_1_1"
"1715","TCTGCCAGTGTCCCTT-1_1_1"
"1716","TCTGGCTGTACCGTGC-1_1_1"
"1717","TCTGGCTGTATCAAGA-1_1_1"
"1718","TCTGGCTTCGGCCCAA-1_1_1"
"1719","TCTGTCGAGAGCTGCA-1_1_1"
"1720","TCTTAGTGTACAAAGT-1_1_1"
"1721","TCTTAGTGTGCAGGAT-1_1_1"
"1722","TCTTAGTTCTGGGAGA-1_1_1"
"1723","TCTTCCTAGATGACAT-1_1_1"
"1724","TCTTCCTCACTCTCGT-1_1_1"
"1725","TCTTCCTGTTGAGAGC-1_1_1"
"1726","TCTTCCTTCAAGTCGT-1_1_1"
"1727","TCTTGCGGTTGGTACT-1_1_1"
"1728","TCTTGCGTCTATTGTC-1_1_1"
"1729","TCTTGCGTCTCCTGAC-1_1_1"
"1730","TCTTTGAGTCCGAAGA-1_1_1"
"1731","TGAACGTAGTATTGCC-1_1_1"
"1732","TGAACGTGTGATACCT-1_1_1"
"1733","TGAACGTTCTCTTGCG-1_1_1"
"1734","TGAATCGCATAGCACT-1_1_1"
"1735","TGAATCGGTAAGACCG-1_1_1"
"1736","TGAATCGGTAGGATAT-1_1_1"
"1737","TGAATCGGTGGACTGA-1_1_1"
"1738","TGAATGCAGTGGACGT-1_1_1"
"1739","TGAATGCCACGTTGGC-1_1_1"
"1740","TGACAGTCACTAGAGG-1_1_1"
"1741","TGACCCTGTACGATGG-1_1_1"
"1742","TGACGCGAGCTCGACC-1_1_1"
"1743","TGACTCCAGCTCTATG-1_1_1"
"1744","TGACTCCAGTTAGTAG-1_1_1"
"1745","TGACTCCCATGGTGGA-1_1_1"
"1746","TGACTCCGTTTGGCTA-1_1_1"
"1747","TGAGACTAGCCATGCC-1_1_1"
"1748","TGAGACTGTATCTTCT-1_1_1"
"1749","TGAGCATAGACCCTTA-1_1_1"
"1750","TGAGCATAGCTTCGTA-1_1_1"
"1751","TGAGCATGTCCTGTTC-1_1_1"
"1752","TGAGCATTCACCGGGT-1_1_1"
"1753","TGAGCGCTCGGTATGT-1_1_1"
"1754","TGAGGAGCAGTCAGTT-1_1_1"
"1755","TGAGGAGGTCGCTCGA-1_1_1"
"1756","TGAGGAGGTCGTGGAA-1_1_1"
"1757","TGAGGAGGTTGAGGAC-1_1_1"
"1758","TGAGGAGTCTCGCAGG-1_1_1"
"1759","TGAGGGAAGACTCCGC-1_1_1"
"1760","TGAGGGAAGACTGTTC-1_1_1"
"1761","TGAGGGACAGGTGTGA-1_1_1"
"1762","TGAGTCAAGGGTCACA-1_1_1"
"1763","TGAGTCACATCCTAAG-1_1_1"
"1764","TGATCAGAGATCGCTT-1_1_1"
"1765","TGATCAGGTAACCCTA-1_1_1"
"1766","TGATCAGTCGCACGGT-1_1_1"
"1767","TGATCTTTCTGATGGT-1_1_1"
"1768","TGATGCACAGAGAGGG-1_1_1"
"1769","TGATGCACATCCGATA-1_1_1"
"1770","TGATGGTAGGTAGGCT-1_1_1"
"1771","TGATGGTCACTGGATT-1_1_1"
"1772","TGATGGTCAGGTTCCG-1_1_1"
"1773","TGATGGTCATGAAGCG-1_1_1"
"1774","TGATGGTCATTGTACG-1_1_1"
"1775","TGATGGTGTACGTTCA-1_1_1"
"1776","TGATTCTAGAGTGAAG-1_1_1"
"1777","TGATTCTCAGTCTTCC-1_1_1"
"1778","TGATTCTGTTCTGACA-1_1_1"
"1779","TGATTTCGTGATGAAT-1_1_1"
"1780","TGCACGGCACGCTATA-1_1_1"
"1781","TGCAGATAGAAGTATC-1_1_1"
"1782","TGCAGATAGCCGAACA-1_1_1"
"1783","TGCAGATCAAGGATGC-1_1_1"
"1784","TGCAGGCAGTGCCGAA-1_1_1"
"1785","TGCAGTATCAGGAGAC-1_1_1"
"1786","TGCATCCAGCATGGGT-1_1_1"
"1787","TGCATGACAACATCGT-1_1_1"
"1788","TGCATGACATGGAGAC-1_1_1"
"1789","TGCCGAGCAGCTGGTC-1_1_1"
"1790","TGCCGAGTCCGTGTCT-1_1_1"
"1791","TGCGACGCACTGCGTG-1_1_1"
"1792","TGCGATACACATCATG-1_1_1"
"1793","TGCGGCACACAGTACT-1_1_1"
"1794","TGCGGCACACTTGAGT-1_1_1"
"1795","TGCGGCAGTACGAAAT-1_1_1"
"1796","TGCGGCAGTCATGGCC-1_1_1"
"1797","TGCGGCATCTTGCAGA-1_1_1"
"1798","TGCTCCAGTGGCAACA-1_1_1"
"1799","TGCTCCATCCCGAACG-1_1_1"
"1800","TGCTCGTAGCGTCGAA-1_1_1"
"1801","TGCTCGTCAAGACGAC-1_1_1"
"1802","TGCTCGTGTGTGTACT-1_1_1"
"1803","TGCTGAAAGCGTATAA-1_1_1"
"1804","TGCTGAACACTACGGC-1_1_1"
"1805","TGCTGAATCAGGAAGC-1_1_1"
"1806","TGCTTCGGTGAGCCAA-1_1_1"
"1807","TGCTTGCAGAACTGAT-1_1_1"
"1808","TGCTTGCTCTGAGTCA-1_1_1"
"1809","TGGAACTCAGAGACTG-1_1_1"
"1810","TGGAACTTCCGAAGGA-1_1_1"
"1811","TGGAGAGCACCAGCGT-1_1_1"
"1812","TGGAGAGTCGAGCCTG-1_1_1"
"1813","TGGAGGACAACTCGTA-1_1_1"
"1814","TGGAGGAGTCATCGGC-1_1_1"
"1815","TGGAGGATCGGTCAGC-1_1_1"
"1816","TGGATCACAATGAGCG-1_1_1"
"1817","TGGATCACAGAGTCTT-1_1_1"
"1818","TGGATCATCGTAGAGG-1_1_1"
"1819","TGGATCATCTTAGGAC-1_1_1"
"1820","TGGATGTGTAGATCCT-1_1_1"
"1821","TGGATGTGTATAATGG-1_1_1"
"1822","TGGCGTGTCATCACTT-1_1_1"
"1823","TGGGAGAAGGGTGAGG-1_1_1"
"1824","TGGGAGAGTGACAACG-1_1_1"
"1825","TGGGATTTCTCCGAAA-1_1_1"
"1826","TGGGCGTTCAGGCGAA-1_1_1"
"1827","TGGGCGTTCATCACCC-1_1_1"
"1828","TGGGCGTTCGCAGTTA-1_1_1"
"1829","TGGGCTGCATTGCTGA-1_1_1"
"1830","TGGGTTAAGAACGTGC-1_1_1"
"1831","TGGGTTAAGGCGTTAG-1_1_1"
"1832","TGGTACAGTAGTTACC-1_1_1"
"1833","TGGTAGTAGAGCAGCT-1_1_1"
"1834","TGGTAGTAGCTGTACT-1_1_1"
"1835","TGGTAGTAGGCTCAAG-1_1_1"
"1836","TGGTAGTCACTCTAGA-1_1_1"
"1837","TGGTAGTGTTCAATCG-1_1_1"
"1838","TGGTGATCACATTACG-1_1_1"
"1839","TGGTGATCATGGGTTT-1_1_1"
"1840","TGGTGATGTTAAGCAA-1_1_1"
"1841","TGGTTAGAGACTCATC-1_1_1"
"1842","TGGTTAGCAACAAGTA-1_1_1"
"1843","TGGTTAGGTCCTCAGG-1_1_1"
"1844","TGTAAGCCAGAACCGA-1_1_1"
"1845","TGTAAGCCATATGAAG-1_1_1"
"1846","TGTAAGCGTATACCTG-1_1_1"
"1847","TGTAAGCGTGCATCTA-1_1_1"
"1848","TGTAAGCTCTCATGCC-1_1_1"
"1849","TGTACAGAGCTACTGT-1_1_1"
"1850","TGTACAGAGTGGAAAG-1_1_1"
"1851","TGTACAGCATGTGGTT-1_1_1"
"1852","TGTACAGGTGGTCTCG-1_1_1"
"1853","TGTAGACGTGGTCCGT-1_1_1"
"1854","TGTCAGACACAGCTGC-1_1_1"
"1855","TGTCAGACACCCTAGG-1_1_1"
"1856","TGTCAGACACTAACGT-1_1_1"
"1857","TGTCAGATCCACTGGG-1_1_1"
"1858","TGTCCACGTCACTCTC-1_1_1"
"1859","TGTCCACTCTTCGATT-1_1_1"
"1860","TGTCCCACAGAACGCA-1_1_1"
"1861","TGTCCCACAGCCTATA-1_1_1"
"1862","TGTCCCACAGCTCGGT-1_1_1"
"1863","TGTGATGAGTTGCGCC-1_1_1"
"1864","TGTGATGCACTTCATT-1_1_1"
"1865","TGTGGCGCAGGCTCTG-1_1_1"
"1866","TGTGGCGCATGGAACG-1_1_1"
"1867","TGTGGCGTCACATTGG-1_1_1"
"1868","TGTGGCGTCTGGGCCA-1_1_1"
"1869","TGTGTGATCGTTCATT-1_1_1"
"1870","TGTTACTGTCAATGGG-1_1_1"
"1871","TGTTCATAGGTCGTAG-1_1_1"
"1872","TGTTCCGAGCCGCTTG-1_1_1"
"1873","TGTTCCGCAGTATACC-1_1_1"
"1874","TGTTCCGCATTATGCG-1_1_1"
"1875","TGTTCCGGTCCTGTCT-1_1_1"
"1876","TGTTCCGGTCGTACTA-1_1_1"
"1877","TGTTCTACAATGAGCG-1_1_1"
"1878","TGTTCTAGTTGGACCC-1_1_1"
"1879","TGTTCTATCCATCTCG-1_1_1"
"1880","TGTTCTATCGTTCTCG-1_1_1"
"1881","TGTTCTATCTTCACGC-1_1_1"
"1882","TGTTGAGAGGAACTAT-1_1_1"
"1883","TGTTGAGCATAACCCA-1_1_1"
"1884","TGTTGAGTCGTGCTCT-1_1_1"
"1885","TGTTGGACATTCACCC-1_1_1"
"1886","TGTTGGATCAGCGTCG-1_1_1"
"1887","TTAATCCAGCGACATG-1_1_1"
"1888","TTACAGGGTGCGGCTT-1_1_1"
"1889","TTACCATAGGTTCTAC-1_1_1"
"1890","TTACCATAGTGAGGCT-1_1_1"
"1891","TTACCATCAATGTCAC-1_1_1"
"1892","TTACCATCAGAGGACT-1_1_1"
"1893","TTACCATGTTCTCTAT-1_1_1"
"1894","TTACCATTCTCTGACC-1_1_1"
"1895","TTACCATTCTGACGCG-1_1_1"
"1896","TTACCGCCAGGAGGAG-1_1_1"
"1897","TTACCGCCAGGATCTT-1_1_1"
"1898","TTACCGCGTACAGAGC-1_1_1"
"1899","TTACCGCTCAGCGTCG-1_1_1"
"1900","TTACCGCTCTGTGCGG-1_1_1"
"1901","TTACGCCAGAATTGTG-1_1_1"
"1902","TTACGCCAGCTCAGAG-1_1_1"
"1903","TTACGCCGTCCACATA-1_1_1"
"1904","TTACGCCGTTTCCATT-1_1_1"
"1905","TTACGCCTCACAGAGG-1_1_1"
"1906","TTACGTTAGATAGTCA-1_1_1"
"1907","TTACGTTCAACAGCCC-1_1_1"
"1908","TTACGTTCATGTGTCA-1_1_1"
"1909","TTACGTTTCCGTGTCT-1_1_1"
"1910","TTACTGTCATCAGCGC-1_1_1"
"1911","TTACTGTTCGAGTCTA-1_1_1"
"1912","TTAGGCAAGGCATGGT-1_1_1"
"1913","TTAGGCATCATTGTGG-1_1_1"
"1914","TTAGTCTGTTAGGAGC-1_1_1"
"1915","TTAGTCTTCTTCCACG-1_1_1"
"1916","TTATTGCTCAGCCCAG-1_1_1"
"1917","TTCAATCAGACTGTTC-1_1_1"
"1918","TTCAATCAGTCGGCAA-1_1_1"
"1919","TTCACCGTCGCTGTCT-1_1_1"
"1920","TTCACGCAGACTGAGC-1_1_1"
"1921","TTCACGCAGTCGCGAA-1_1_1"
"1922","TTCACGCCACACCGAC-1_1_1"
"1923","TTCAGGATCTGAGTCA-1_1_1"
"1924","TTCATGTCAACCGTAT-1_1_1"
"1925","TTCATTGGTCATCCGG-1_1_1"
"1926","TTCATTGTCTTTGCGC-1_1_1"
"1927","TTCCAATCAATCGAAA-1_1_1"
"1928","TTCCAATGTGCATCTA-1_1_1"
"1929","TTCCACGAGACCTTTG-1_1_1"
"1930","TTCCACGCACAGCGCT-1_1_1"
"1931","TTCCACGTCGAACACT-1_1_1"
"1932","TTCCGTGCATCCTGTC-1_1_1"
"1933","TTCCGTGTCAATGTCG-1_1_1"
"1934","TTCCTCTCACCTTCGT-1_1_1"
"1935","TTCCTCTTCCGGACGT-1_1_1"
"1936","TTCCTTCAGCATGATA-1_1_1"
"1937","TTCCTTCCACATATCG-1_1_1"
"1938","TTCCTTCCAGATCATC-1_1_1"
"1939","TTCCTTCCAGCGCGTT-1_1_1"
"1940","TTCCTTCCATGACTCA-1_1_1"
"1941","TTCGATTAGATCCAAA-1_1_1"
"1942","TTCGATTCACCTGCGA-1_1_1"
"1943","TTCGATTCATGGCTGC-1_1_1"
"1944","TTCGATTGTGAGTAGC-1_1_1"
"1945","TTCGCTGCACGTACTA-1_1_1"
"1946","TTCGCTGGTAATCAAG-1_1_1"
"1947","TTCGCTGGTACTGTTG-1_1_1"
"1948","TTCGCTGGTAGCGTAG-1_1_1"
"1949","TTCGCTGGTCATCGCG-1_1_1"
"1950","TTCGGTCAGATGAATC-1_1_1"
"1951","TTCGGTCCAGGCATGA-1_1_1"
"1952","TTCTAACCAGCCGTTG-1_1_1"
"1953","TTCTAACGTGAGCGAT-1_1_1"
"1954","TTCTAACGTTTATGCG-1_1_1"
"1955","TTCTAACTCGGCCTTT-1_1_1"
"1956","TTCTAGTAGGCTCACC-1_1_1"
"1957","TTCTAGTCACTACCGG-1_1_1"
"1958","TTCTAGTTCGAATCCA-1_1_1"
"1959","TTCTAGTTCTCTGGTC-1_1_1"
"1960","TTCTCTCAGTGGTCAG-1_1_1"
"1961","TTCTCTCAGTTGCGAG-1_1_1"
"1962","TTCTCTCGTTCCTAAG-1_1_1"
"1963","TTCTCTCTCTATCGGA-1_1_1"
"1964","TTCTGTAAGGGAGGTG-1_1_1"
"1965","TTCTGTAGTCGGTACC-1_1_1"
"1966","TTCTGTATCACATTGG-1_1_1"
"1967","TTCTTCCAGAAACACT-1_1_1"
"1968","TTCTTCCAGGAATGTT-1_1_1"
"1969","TTCTTCCAGTCGAAAT-1_1_1"
"1970","TTCTTCCCACATAGCT-1_1_1"
"1971","TTCTTCCGTGACAGGT-1_1_1"
"1972","TTCTTCCGTGGGTCAA-1_1_1"
"1973","TTCTTGACAGCGTATT-1_1_1"
"1974","TTCTTGATCCAACACA-1_1_1"
"1975","TTGAACGAGGGTGGGA-1_1_1"
"1976","TTGACCCAGGACACTG-1_1_1"
"1977","TTGACCCGTACAGAGC-1_1_1"
"1978","TTGACCCGTCAGTTTG-1_1_1"
"1979","TTGACCCTCTACCCAC-1_1_1"
"1980","TTGAGTGCAACGGCTC-1_1_1"
"1981","TTGAGTGTCTCCTGCA-1_1_1"
"1982","TTGATGGCATGACTGT-1_1_1"
"1983","TTGCATTAGTAACCGG-1_1_1"
"1984","TTGCATTCAGCGTGCT-1_1_1"
"1985","TTGCATTGTGTATTGC-1_1_1"
"1986","TTGCCTGAGTCATGAA-1_1_1"
"1987","TTGCCTGCATAACAGA-1_1_1"
"1988","TTGCCTGGTGTCTAAC-1_1_1"
"1989","TTGCCTGTCAGCTGAT-1_1_1"
"1990","TTGCCTGTCTCATGGA-1_1_1"
"1991","TTGCCTGTCTGACCCT-1_1_1"
"1992","TTGCGTCAGTTCGGTT-1_1_1"
"1993","TTGCGTCCATTATGCG-1_1_1"
"1994","TTGCTGCAGCTTACGT-1_1_1"
"1995","TTGCTGCCAAGACCGA-1_1_1"
"1996","TTGCTGCGTTTGCCGG-1_1_1"
"1997","TTGCTGCGTTTGGAAA-1_1_1"
"1998","TTGGATGCACAAATCC-1_1_1"
"1999","TTGGATGTCATAGAGA-1_1_1"
"2000","TTGGGATCATACAGCT-1_1_1"
"2001","TTGGGATGTTGCTGAT-1_1_1"
"2002","TTGGGATTCCTACACC-1_1_1"
"2003","TTGGGCGGTAGGAGGG-1_1_1"
"2004","TTGGGTAAGCGTCAAG-1_1_1"
"2005","TTGGGTAAGGCCTGAA-1_1_1"
"2006","TTGGGTAGTACTCAAC-1_1_1"
"2007","TTGGGTATCAAATGCC-1_1_1"
"2008","TTGGGTATCCGAGGCT-1_1_1"
"2009","TTGGTTTAGAGTCACG-1_1_1"
"2010","TTGGTTTGTCCCTAAA-1_1_1"
"2011","TTGGTTTGTGCGGCTT-1_1_1"
"2012","TTGTGTTAGCTCATAC-1_1_1"
"2013","TTGTTCAAGAAATGGG-1_1_1"
"2014","TTGTTGTGTGCGCTCA-1_1_1"
"2015","TTGTTGTTCTGTCCCA-1_1_1"
"2016","TTGTTTGCACTTGGCG-1_1_1"
"2017","TTGTTTGGTGTGTTTG-1_1_1"
"2018","TTTACCAAGCACGGAT-1_1_1"
"2019","TTTACCACATTACTCT-1_1_1"
"2020","TTTACCATCTCCGAGG-1_1_1"
"2021","TTTACGTAGTGGATAT-1_1_1"
"2022","TTTACGTCAGCAGTAG-1_1_1"
"2023","TTTACGTGTCTCCCTA-1_1_1"
"2024","TTTACGTTCCCACAGG-1_1_1"
"2025","TTTACTGAGTGGATTA-1_1_1"
"2026","TTTACTGCACCTGTCT-1_1_1"
"2027","TTTACTGTCGCAACAT-1_1_1"
"2028","TTTAGTCCACGTTGGC-1_1_1"
"2029","TTTAGTCGTTGGTACT-1_1_1"
"2030","TTTATGCCAAGCCCAC-1_1_1"
"2031","TTTATGCCAATCGCAT-1_1_1"
"2032","TTTATGCGTGAGTAGC-1_1_1"
"2033","TTTATGCGTTGCAACT-1_1_1"
"2034","TTTATGCGTTTCGTAG-1_1_1"
"2035","TTTATGCTCATAGCAC-1_1_1"
"2036","TTTCACAAGACTCAAA-1_1_1"
"2037","TTTCACAGTAGCTGTT-1_1_1"
"2038","TTTCACAGTCTGCAAT-1_1_1"
"2039","TTTCAGTGTTCTCCAC-1_1_1"
"2040","TTTCATGAGGCATGCA-1_1_1"
"2041","TTTCATGGTATACCTG-1_1_1"
"2042","TTTCCTCCAAACGGCA-1_1_1"
"2043","TTTCCTCCAAATGGTA-1_1_1"
"2044","TTTCCTCCAACCAACT-1_1_1"
"2045","TTTCCTCGTGAACTAA-1_1_1"
"2046","TTTCCTCTCGCGCTGA-1_1_1"
"2047","TTTCGATAGTTGGCGA-1_1_1"
"2048","TTTGACTAGAGGATCC-1_1_1"
"2049","TTTGACTAGCCTCTTC-1_1_1"
"2050","TTTGACTAGGTTGTTC-1_1_1"
"2051","TTTGATCCACAGTCAT-1_1_1"
"2052","TTTGATCCATGGAAGC-1_1_1"
"2053","TTTGGAGAGTATGACA-1_1_1"
"2054","TTTGGAGGTCTATGAC-1_1_1"
"2055","TTTGGTTAGAACCCGA-1_1_1"
"2056","TTTGGTTAGATGACAT-1_1_1"
"2057","TTTGGTTTCGTGAGAG-1_1_1"
"2058","TTTGTTGGTATGCTTG-1_1_1"
