"","x"
"1","AAACCCAGTCGATTCA-1_1_2"
"2","AAACCCATCAAAGAAC-1_1_2"
"3","AAACGAAAGCCTCGTG-1_1_2"
"4","AAACGAAAGTCCTGCG-1_1_2"
"5","AAACGAACACAAATCC-1_1_2"
"6","AAACGAACACTTGTGA-1_1_2"
"7","AAACGCTAGCCACAAG-1_1_2"
"8","AAACGCTGTTGGCCTG-1_1_2"
"9","AAAGAACAGAGCCGAT-1_1_2"
"10","AAAGAACAGGCATCAG-1_1_2"
"11","AAAGAACTCCAACTGA-1_1_2"
"12","AAAGGATAGAATCGCG-1_1_2"
"13","AAAGGATAGCATGAAT-1_1_2"
"14","AAAGGATTCGTCCATC-1_1_2"
"15","AAAGGTAAGAAACCAT-1_1_2"
"16","AAAGGTACAGGCGTTC-1_1_2"
"17","AAAGGTATCGAGTCCG-1_1_2"
"18","AAAGTCCGTGACCGAA-1_1_2"
"19","AAAGTCCGTTAGGGAC-1_1_2"
"20","AAAGTGAAGAGCAAGA-1_1_2"
"21","AAAGTGACACCAGGTC-1_1_2"
"22","AAAGTGATCAGAGTGG-1_1_2"
"23","AAATGGAAGTCTGGTT-1_1_2"
"24","AAATGGAGTACCGGCT-1_1_2"
"25","AAATGGATCGAAGCCC-1_1_2"
"26","AACAAAGCAATGCAAA-1_1_2"
"27","AACAAAGGTACAGCGA-1_1_2"
"28","AACAAAGGTTCCTAAG-1_1_2"
"29","AACAACCAGTTGTCAC-1_1_2"
"30","AACAACCGTCATCACA-1_1_2"
"31","AACAACCTCGCATTAG-1_1_2"
"32","AACAACCTCTGGCCAG-1_1_2"
"33","AACAAGAAGAGCAAGA-1_1_2"
"34","AACAAGAAGCAATAGT-1_1_2"
"35","AACAAGAAGCCAGACA-1_1_2"
"36","AACACACAGTTTGAGA-1_1_2"
"37","AACACACGTTAATGAG-1_1_2"
"38","AACACACTCAATCAGC-1_1_2"
"39","AACACACTCAGAGCAG-1_1_2"
"40","AACACACTCATGGGAG-1_1_2"
"41","AACAGGGAGAGGGTCT-1_1_2"
"42","AACAGGGAGTCGGCAA-1_1_2"
"43","AACAGGGCAAACTGCT-1_1_2"
"44","AACAGGGCACAACGAG-1_1_2"
"45","AACCAACCATCGTGGC-1_1_2"
"46","AACCAACCATTGCTTT-1_1_2"
"47","AACCAACGTAACGTTC-1_1_2"
"48","AACCAACGTAATACCC-1_1_2"
"49","AACCAACTCACACCCT-1_1_2"
"50","AACCACAAGTCACGCC-1_1_2"
"51","AACCACATCCTACTGC-1_1_2"
"52","AACCATGCAAGACAAT-1_1_2"
"53","AACCATGCAATGAGCG-1_1_2"
"54","AACCATGGTGACACAG-1_1_2"
"55","AACCATGTCGCAGTGC-1_1_2"
"56","AACCATGTCTCGTCAC-1_1_2"
"57","AACCCAACAAGTTGGG-1_1_2"
"58","AACCCAACACAAAGTA-1_1_2"
"59","AACCCAACATTGGCAT-1_1_2"
"60","AACCCAAGTATAATGG-1_1_2"
"61","AACCCAATCAAAGAAC-1_1_2"
"62","AACCTGAAGTCACGAG-1_1_2"
"63","AACCTGAGTAGCTGTT-1_1_2"
"64","AACCTTTCAATGTCAC-1_1_2"
"65","AACCTTTCATCTGGGC-1_1_2"
"66","AACCTTTTCGGCTCTT-1_1_2"
"67","AACGAAAGTGGCAGAT-1_1_2"
"68","AACGAAATCTCTGACC-1_1_2"
"69","AACGGGAAGTCATTGC-1_1_2"
"70","AACGGGAGTACCTGTA-1_1_2"
"71","AACGGGATCAACCTTT-1_1_2"
"72","AACGTCACAGTAACAA-1_1_2"
"73","AACGTCAGTGAGTTTC-1_1_2"
"74","AACTTCTAGAAGCTCG-1_1_2"
"75","AACTTCTCAGACAAAT-1_1_2"
"76","AAGAACACAAAGGCTG-1_1_2"
"77","AAGAACACAAGGAGTC-1_1_2"
"78","AAGAACACAGCGGTCT-1_1_2"
"79","AAGAACAGTAGAGATT-1_1_2"
"80","AAGAACAGTCAGCGTC-1_1_2"
"81","AAGAACATCGAAGCCC-1_1_2"
"82","AAGACTCGTTCAGCGC-1_1_2"
"83","AAGCATCGTATCAGGG-1_1_2"
"84","AAGCCATAGAATCGTA-1_1_2"
"85","AAGCCATGTATCGATC-1_1_2"
"86","AAGCCATTCCGTAGTA-1_1_2"
"87","AAGCGTTAGACAACAT-1_1_2"
"88","AAGCGTTAGCTCGGCT-1_1_2"
"89","AAGCGTTAGGGCAATC-1_1_2"
"90","AAGCGTTCATAACAGA-1_1_2"
"91","AAGCGTTGTAAGATAC-1_1_2"
"92","AAGCGTTGTCGTGCCA-1_1_2"
"93","AAGCGTTGTGCTTATG-1_1_2"
"94","AAGCGTTTCGTCTCAC-1_1_2"
"95","AAGGAATCAGTAGGAC-1_1_2"
"96","AAGGAATTCGGTTAGT-1_1_2"
"97","AAGGTAACACTACCCT-1_1_2"
"98","AAGGTAATCGCATTGA-1_1_2"
"99","AAGTACCAGCTGACTT-1_1_2"
"100","AAGTACCCAATACAGA-1_1_2"
"101","AAGTACCTCAAACCTG-1_1_2"
"102","AAGTACCTCGTGGGTC-1_1_2"
"103","AAGTCGTAGTTTGGCT-1_1_2"
"104","AAGTCGTCAACACAAA-1_1_2"
"105","AAGTCGTCAACCGGAA-1_1_2"
"106","AAGTCGTCAGAGTGTG-1_1_2"
"107","AAGTCGTGTCCCTAAA-1_1_2"
"108","AAGTCGTGTGGGTCAA-1_1_2"
"109","AAGTTCGAGTCTGCAT-1_1_2"
"110","AAGTTCGCACTTGAGT-1_1_2"
"111","AAGTTCGCAGTAACGG-1_1_2"
"112","AAGTTCGGTTAGTTCG-1_1_2"
"113","AAGTTCGTCCAAGCCG-1_1_2"
"114","AAGTTCGTCCTATTTG-1_1_2"
"115","AAGTTCGTCTCTAAGG-1_1_2"
"116","AATAGAGAGACTACCT-1_1_2"
"117","AATAGAGCACCTTCGT-1_1_2"
"118","AATAGAGCAGCAGATG-1_1_2"
"119","AATAGAGTCGGCACTG-1_1_2"
"120","AATCACGAGCACGATG-1_1_2"
"121","AATCACGCAGACGCTC-1_1_2"
"122","AATCACGGTGCAACGA-1_1_2"
"123","AATCACGGTTGGATCT-1_1_2"
"124","AATCACGTCTCTGCCA-1_1_2"
"125","AATCGACAGGGAGATA-1_1_2"
"126","AATCGACCAAACGGCA-1_1_2"
"127","AATCGTGCAGATCATC-1_1_2"
"128","AATCGTGCAGGCCTGT-1_1_2"
"129","AATCGTGGTCGATTCA-1_1_2"
"130","AATCGTGTCCCTGGTT-1_1_2"
"131","AATGAAGCACAAACGG-1_1_2"
"132","AATGAAGCACCCTAGG-1_1_2"
"133","AATGAAGGTATGCTAC-1_1_2"
"134","AATGACCAGCTCATAC-1_1_2"
"135","AATGACCAGGCTTTCA-1_1_2"
"136","AATGACCAGTCTGCGC-1_1_2"
"137","AATGACCGTAGGAGGG-1_1_2"
"138","AATGACCGTCACTCGG-1_1_2"
"139","AATGCCAAGATCACTC-1_1_2"
"140","AATGCCAAGCCGTTGC-1_1_2"
"141","AATGCCAAGGCCTGAA-1_1_2"
"142","AATGGAAAGTATCTGC-1_1_2"
"143","AATGGAACAGTAACCT-1_1_2"
"144","AATGGAAGTAGTGATA-1_1_2"
"145","AATGGAAGTCTCAGGC-1_1_2"
"146","AATGGCTAGCCTGAGA-1_1_2"
"147","AATGGCTTCGTAGTGT-1_1_2"
"148","AATTCCTCAGCGAGTA-1_1_2"
"149","AATTCCTGTCGAACAG-1_1_2"
"150","AATTCCTTCGTTATCT-1_1_2"
"151","AATTTCCCACGACCTG-1_1_2"
"152","AATTTCCTCGTTCCTG-1_1_2"
"153","ACAAAGACAAAGACTA-1_1_2"
"154","ACAAAGATCAGACAAA-1_1_2"
"155","ACAAAGATCTATGCCC-1_1_2"
"156","ACAACCAAGCTCGCAC-1_1_2"
"157","ACAACCAAGGTGCCAA-1_1_2"
"158","ACAACCACAACCAGAG-1_1_2"
"159","ACAACCACAATCCTTT-1_1_2"
"160","ACAACCACAATGGGTG-1_1_2"
"161","ACAACCACACCATAAC-1_1_2"
"162","ACAACCACACCATTCC-1_1_2"
"163","ACAACCACACGTAGAG-1_1_2"
"164","ACAACCAGTCTCACAA-1_1_2"
"165","ACAACCATCATGGCCG-1_1_2"
"166","ACAAGCTAGGCCTAGA-1_1_2"
"167","ACAAGCTAGGTAAGAG-1_1_2"
"168","ACAAGCTGTCGCATTA-1_1_2"
"169","ACAAGCTTCAGACCTA-1_1_2"
"170","ACACAGTAGGGTGAGG-1_1_2"
"171","ACACAGTCACAGTCAT-1_1_2"
"172","ACACAGTCAGCGGTCT-1_1_2"
"173","ACACAGTCATGGCACC-1_1_2"
"174","ACACAGTTCAAAGACA-1_1_2"
"175","ACACAGTTCATTCCTA-1_1_2"
"176","ACACCAACAGCGATTT-1_1_2"
"177","ACACGCGCAACTAGAA-1_1_2"
"178","ACACTGAGTAATTGGA-1_1_2"
"179","ACACTGATCAGACCTA-1_1_2"
"180","ACAGAAAAGAAACACT-1_1_2"
"181","ACAGAAAAGAGGACTC-1_1_2"
"182","ACAGAAATCCTACGAA-1_1_2"
"183","ACAGCCGAGGTCACCC-1_1_2"
"184","ACAGCCGCATCATCCC-1_1_2"
"185","ACAGCCGTCACAACCA-1_1_2"
"186","ACAGGGAGTACCCGCA-1_1_2"
"187","ACATCCCTCAGCGTCG-1_1_2"
"188","ACATCCCTCGTCGGGT-1_1_2"
"189","ACATCGACAACATCGT-1_1_2"
"190","ACATCGACAACGACTT-1_1_2"
"191","ACATCGACAGCCTTCT-1_1_2"
"192","ACATCGAGTACCTAGT-1_1_2"
"193","ACATGCAAGTAGGATT-1_1_2"
"194","ACATGCACACATTCTT-1_1_2"
"195","ACATGCACATGGATCT-1_1_2"
"196","ACATGCAGTACCGGCT-1_1_2"
"197","ACATGCATCATAAGGA-1_1_2"
"198","ACATGCATCCAACCAA-1_1_2"
"199","ACATGCATCCGTGTAA-1_1_2"
"200","ACATTTCTCTCAAAGC-1_1_2"
"201","ACCAAACAGCCGATAG-1_1_2"
"202","ACCAAACCACTACACA-1_1_2"
"203","ACCAAACGTCAAGCGA-1_1_2"
"204","ACCAAACTCCAGTTCC-1_1_2"
"205","ACCAACAAGAACGCGT-1_1_2"
"206","ACCAACACAACCTAAC-1_1_2"
"207","ACCAACACAACTGCCG-1_1_2"
"208","ACCAACACATTGGATC-1_1_2"
"209","ACCAACAGTCTACACA-1_1_2"
"210","ACCACAAGTGCTCGTG-1_1_2"
"211","ACCATTTAGAAGTCTA-1_1_2"
"212","ACCATTTAGGGTTAGC-1_1_2"
"213","ACCATTTTCCATTTAC-1_1_2"
"214","ACCCAAAAGCAGCCTC-1_1_2"
"215","ACCCAAAGTCTAGGTT-1_1_2"
"216","ACCCAAAGTTGCAAGG-1_1_2"
"217","ACCCAAATCCTAAGTG-1_1_2"
"218","ACCCTCAAGACCAAAT-1_1_2"
"219","ACCCTCAGTCTTGAAC-1_1_2"
"220","ACCCTTGAGATTGGGC-1_1_2"
"221","ACCCTTGCATCGGAGA-1_1_2"
"222","ACCCTTGGTACGCTTA-1_1_2"
"223","ACCCTTGGTGCCCTTT-1_1_2"
"224","ACCGTTCGTGTCCATA-1_1_2"
"225","ACCTACCGTCAGCGTC-1_1_2"
"226","ACCTACCTCGACCACG-1_1_2"
"227","ACCTACCTCGCCTCTA-1_1_2"
"228","ACCTACCTCGGTTAGT-1_1_2"
"229","ACCTACCTCTCATTAC-1_1_2"
"230","ACCTGTCAGGCTGTAG-1_1_2"
"231","ACCTGTCCAATCCTTT-1_1_2"
"232","ACCTGTCCATCGTCCT-1_1_2"
"233","ACCTGTCGTTATGTGC-1_1_2"
"234","ACGATCATCTTTCGAT-1_1_2"
"235","ACGATGTCAAAGGCAC-1_1_2"
"236","ACGATGTGTCTGATAC-1_1_2"
"237","ACGATGTTCAAGATAG-1_1_2"
"238","ACGCACGAGACGCTCC-1_1_2"
"239","ACGCACGAGATGCCGA-1_1_2"
"240","ACGCACGAGGATATAC-1_1_2"
"241","ACGCACGCAATTGGTC-1_1_2"
"242","ACGCACGCAGTCTGGC-1_1_2"
"243","ACGGAAGCAGAAGTGC-1_1_2"
"244","ACGGAAGGTCGATTAC-1_1_2"
"245","ACGGAAGGTCTGTAGT-1_1_2"
"246","ACGGGTCAGCAGCCTC-1_1_2"
"247","ACGGGTCAGGGCCAAT-1_1_2"
"248","ACGGGTCCAAGTTGGG-1_1_2"
"249","ACGGGTCTCGAACCAT-1_1_2"
"250","ACGGTCGCAAGACTGG-1_1_2"
"251","ACGGTCGCACAACATC-1_1_2"
"252","ACGGTCGGTCAGTCTA-1_1_2"
"253","ACGGTTAAGCTCGGCT-1_1_2"
"254","ACGGTTATCTTCTGGC-1_1_2"
"255","ACGTACATCCGATGTA-1_1_2"
"256","ACGTAGTAGGCTTAGG-1_1_2"
"257","ACGTAGTGTACTCAAC-1_1_2"
"258","ACGTAGTTCGTAGAGG-1_1_2"
"259","ACGTCCTGTTACCGTA-1_1_2"
"260","ACGTTCCAGATGATTG-1_1_2"
"261","ACGTTCCCATACCAGT-1_1_2"
"262","ACGTTCCTCACTTATC-1_1_2"
"263","ACTATCTGTAAGATCA-1_1_2"
"264","ACTATCTGTGAGAACC-1_1_2"
"265","ACTATCTTCGCAGAGA-1_1_2"
"266","ACTATCTTCTGTCAGA-1_1_2"
"267","ACTATGGAGACTTGTC-1_1_2"
"268","ACTATGGAGCCTAGGA-1_1_2"
"269","ACTATGGCAGCGGATA-1_1_2"
"270","ACTCCCAAGGGTACAC-1_1_2"
"271","ACTCCCACAGGTTCCG-1_1_2"
"272","ACTCCCAGTCGCATCG-1_1_2"
"273","ACTCCCATCCACGTAA-1_1_2"
"274","ACTCCCATCGATACAC-1_1_2"
"275","ACTCCCATCGCGGTAC-1_1_2"
"276","ACTCTCGGTGGTCTCG-1_1_2"
"277","ACTCTCGTCAAGTGTC-1_1_2"
"278","ACTCTCGTCTCGACGG-1_1_2"
"279","ACTGATGAGATGATTG-1_1_2"
"280","ACTGATGAGCAATAAC-1_1_2"
"281","ACTGATGAGCCGATCC-1_1_2"
"282","ACTGATGCATGAGTAA-1_1_2"
"283","ACTGCAAAGGGACAGG-1_1_2"
"284","ACTGCAACACGCTTAA-1_1_2"
"285","ACTGCAATCGGCAGTC-1_1_2"
"286","ACTGCAATCGTGCTCT-1_1_2"
"287","ACTGTCCCACGGCGTT-1_1_2"
"288","ACTGTCCGTAGAGTTA-1_1_2"
"289","ACTGTCCTCGGCTATA-1_1_2"
"290","ACTGTGACATTGAAGA-1_1_2"
"291","ACTTAGGAGATGAATC-1_1_2"
"292","ACTTAGGCAGTGCCTG-1_1_2"
"293","ACTTAGGTCAACACCA-1_1_2"
"294","ACTTAGGTCACCCTGT-1_1_2"
"295","ACTTATCTCTGCCTGT-1_1_2"
"296","ACTTCCGGTGGCTTAT-1_1_2"
"297","ACTTCGCCAAGCGATG-1_1_2"
"298","ACTTCGCGTATACAGA-1_1_2"
"299","ACTTTCACACAAGCCC-1_1_2"
"300","ACTTTCACACCGGTCA-1_1_2"
"301","ACTTTCATCAAGTAAG-1_1_2"
"302","ACTTTGTAGGTGCTAG-1_1_2"
"303","ACTTTGTAGTATGCAA-1_1_2"
"304","ACTTTGTCACCTGCGA-1_1_2"
"305","ACTTTGTCAGACCAGA-1_1_2"
"306","ACTTTGTGTCGGTGTC-1_1_2"
"307","ACTTTGTTCTGGGCAC-1_1_2"
"308","AGAAATGAGAAGTATC-1_1_2"
"309","AGAAATGAGGTAAAGG-1_1_2"
"310","AGAAATGAGTCCTGCG-1_1_2"
"311","AGAAATGAGTTCCTGA-1_1_2"
"312","AGAAATGTCTAGCAAC-1_1_2"
"313","AGAACAAAGTAAGACT-1_1_2"
"314","AGAACAACATGTGCCG-1_1_2"
"315","AGAACAAGTCTTCAAG-1_1_2"
"316","AGAACAAGTGCCTTTC-1_1_2"
"317","AGAAGCGAGTAGCAAT-1_1_2"
"318","AGAAGTAAGCCTCTTC-1_1_2"
"319","AGAAGTAGTAGCTTTG-1_1_2"
"320","AGACAAACAAGAGTTA-1_1_2"
"321","AGACAAAGTCACAATC-1_1_2"
"322","AGACAAAGTTTACGTG-1_1_2"
"323","AGACACTAGAAACCAT-1_1_2"
"324","AGACACTAGACCGTTT-1_1_2"
"325","AGACACTAGAGAACCC-1_1_2"
"326","AGACACTAGGATATAC-1_1_2"
"327","AGACACTGTTGCATTG-1_1_2"
"328","AGACACTTCGCAGATT-1_1_2"
"329","AGACACTTCTTGATTC-1_1_2"
"330","AGACAGGAGACCATAA-1_1_2"
"331","AGACAGGAGTTCCGTA-1_1_2"
"332","AGACAGGTCTGGGCGT-1_1_2"
"333","AGACCATTCTACCACC-1_1_2"
"334","AGACCCGAGACATCCT-1_1_2"
"335","AGACCCGCATGGGATG-1_1_2"
"336","AGACCCGGTAGGTTTC-1_1_2"
"337","AGACCCGGTATCCTCC-1_1_2"
"338","AGACTCAAGATCCGAG-1_1_2"
"339","AGACTCAAGCAGGTCA-1_1_2"
"340","AGAGAATAGTGCACTT-1_1_2"
"341","AGAGAATCAATGCAGG-1_1_2"
"342","AGAGAATGTCGTGGTC-1_1_2"
"343","AGAGAGCAGACTAAGT-1_1_2"
"344","AGAGAGCCATACCAGT-1_1_2"
"345","AGAGCAGTCTACTGCC-1_1_2"
"346","AGAGCCCGTTGTCAGT-1_1_2"
"347","AGAGCCCTCCTAGCCT-1_1_2"
"348","AGAGCCCTCGCTACAA-1_1_2"
"349","AGAGCCCTCTACGCAA-1_1_2"
"350","AGATAGACACTTCTCG-1_1_2"
"351","AGATAGACAGAATTCC-1_1_2"
"352","AGATAGACATTGCCGG-1_1_2"
"353","AGATAGAGTCCTTTGC-1_1_2"
"354","AGATAGAGTGAGCGAT-1_1_2"
"355","AGATCCACACGCTGTG-1_1_2"
"356","AGATCCACATAGAATG-1_1_2"
"357","AGATCCACATCTCGTC-1_1_2"
"358","AGATCCAGTACGTACT-1_1_2"
"359","AGATCCAGTTCAATCG-1_1_2"
"360","AGATCCATCACGAACT-1_1_2"
"361","AGATCCATCTGACGCG-1_1_2"
"362","AGATCGTGTAAGAACT-1_1_2"
"363","AGATGAAAGCCAGTAG-1_1_2"
"364","AGATGAAAGGCCCAAA-1_1_2"
"365","AGATGAACAATGGCCC-1_1_2"
"366","AGATGAACACAGCTGC-1_1_2"
"367","AGATGAACACGCGCTA-1_1_2"
"368","AGATGCTGTGCGGCTT-1_1_2"
"369","AGCATCAAGGGAGGTG-1_1_2"
"370","AGCATCACAACCTAAC-1_1_2"
"371","AGCATCACAGTGTGCC-1_1_2"
"372","AGCATCAGTGCATGTT-1_1_2"
"373","AGCATCAGTGTTGCCG-1_1_2"
"374","AGCCAATAGACCTGGA-1_1_2"
"375","AGCCAATAGTCACTGT-1_1_2"
"376","AGCCACGCAACTACGT-1_1_2"
"377","AGCCACGGTGAGAGGG-1_1_2"
"378","AGCCAGCAGGAAACGA-1_1_2"
"379","AGCCAGCCAATCTCGA-1_1_2"
"380","AGCCAGCGTAGAGTTA-1_1_2"
"381","AGCCAGCTCCTCAGGG-1_1_2"
"382","AGCCAGCTCGGTGCAC-1_1_2"
"383","AGCGATTGTGCCCGTA-1_1_2"
"384","AGCGATTTCAGTGCGC-1_1_2"
"385","AGCGCCAAGAAGCCTG-1_1_2"
"386","AGCGCCAGTTGCTGAT-1_1_2"
"387","AGCGCCATCGTAGGAG-1_1_2"
"388","AGCGCTGAGTGGATTA-1_1_2"
"389","AGCGCTGCAAGAGAGA-1_1_2"
"390","AGCGCTGCAGGTGACA-1_1_2"
"391","AGCGTATCAGGTTACT-1_1_2"
"392","AGCGTATTCCTGGGAC-1_1_2"
"393","AGCGTCGAGCCTCTCT-1_1_2"
"394","AGCGTCGGTATACGGG-1_1_2"
"395","AGCGTCGGTTCCCAAA-1_1_2"
"396","AGCTACAAGTTCAACC-1_1_2"
"397","AGCTACAGTCTACAGT-1_1_2"
"398","AGCTACATCGACACCG-1_1_2"
"399","AGCTCAAAGGAACGCT-1_1_2"
"400","AGCTCAAAGTAGTCAA-1_1_2"
"401","AGCTCAAAGTCCGCCA-1_1_2"
"402","AGCTCAAGTCGTCGGT-1_1_2"
"403","AGCTCAATCTCCTGAC-1_1_2"
"404","AGCTTCCAGTGCCAGA-1_1_2"
"405","AGCTTCCGTGCCCGTA-1_1_2"
"406","AGGAAATCAGCCTACG-1_1_2"
"407","AGGAAATGTCCGAAGA-1_1_2"
"408","AGGAATACACCAGTTA-1_1_2"
"409","AGGAATACACGAGAAC-1_1_2"
"410","AGGAATATCGTTCTGC-1_1_2"
"411","AGGACGAAGTCTAGCT-1_1_2"
"412","AGGACGAAGTTCCTGA-1_1_2"
"413","AGGACGACACTTGAGT-1_1_2"
"414","AGGACGATCCCTCTAG-1_1_2"
"415","AGGACGATCCTTCGAC-1_1_2"
"416","AGGACTTCACCTGATA-1_1_2"
"417","AGGACTTTCCGATAAC-1_1_2"
"418","AGGACTTTCGATTCCC-1_1_2"
"419","AGGAGGTCAAGTTTGC-1_1_2"
"420","AGGAGGTGTGCATACT-1_1_2"
"421","AGGATAAGTACAGTTC-1_1_2"
"422","AGGATAATCTCCGAGG-1_1_2"
"423","AGGATCTAGGTACCTT-1_1_2"
"424","AGGCATTAGGCCATAG-1_1_2"
"425","AGGCATTAGTTCGGTT-1_1_2"
"426","AGGCATTCAGAGGAAA-1_1_2"
"427","AGGCATTTCAAATGCC-1_1_2"
"428","AGGCCACAGCTATCCA-1_1_2"
"429","AGGCCACTCCTACTGC-1_1_2"
"430","AGGCCACTCGGCATTA-1_1_2"
"431","AGGCTGCAGACATACA-1_1_2"
"432","AGGCTGCCAAGAATGT-1_1_2"
"433","AGGGAGTAGACAGTCG-1_1_2"
"434","AGGGAGTAGCCGTCGT-1_1_2"
"435","AGGGAGTAGCTGGCCT-1_1_2"
"436","AGGGAGTAGTCATCCA-1_1_2"
"437","AGGGCCTCAGCTGTCG-1_1_2"
"438","AGGGCTCCACAAGCCC-1_1_2"
"439","AGGGCTCGTCGCAGTC-1_1_2"
"440","AGGGTCCCACTAGAGG-1_1_2"
"441","AGGGTCCGTCCATACA-1_1_2"
"442","AGGGTGACATGTAACC-1_1_2"
"443","AGGGTTTAGAAACTAC-1_1_2"
"444","AGGGTTTCACAAACGG-1_1_2"
"445","AGGGTTTCACTTCTCG-1_1_2"
"446","AGGGTTTCAGCCATTA-1_1_2"
"447","AGGGTTTCATGATCTG-1_1_2"
"448","AGGTAGGCAGGAATCG-1_1_2"
"449","AGGTAGGGTGACCGTC-1_1_2"
"450","AGGTAGGGTGGAACCA-1_1_2"
"451","AGGTCATCACGCTATA-1_1_2"
"452","AGGTCATTCAGTGTGT-1_1_2"
"453","AGGTCTAGTAAGGTCG-1_1_2"
"454","AGGTCTATCACCCTCA-1_1_2"
"455","AGGTCTATCTGTAAGC-1_1_2"
"456","AGGTGTTCAAGTATCC-1_1_2"
"457","AGGTGTTGTATTGGCT-1_1_2"
"458","AGGTGTTGTCGCAACC-1_1_2"
"459","AGGTTACAGAAGGGAT-1_1_2"
"460","AGGTTACGTGAACTAA-1_1_2"
"461","AGGTTGTAGGTGGCTA-1_1_2"
"462","AGGTTGTCAACAGCTT-1_1_2"
"463","AGGTTGTCAGCACACC-1_1_2"
"464","AGGTTGTCATCCAATG-1_1_2"
"465","AGGTTGTTCACTGCTC-1_1_2"
"466","AGTAACCAGGTACAAT-1_1_2"
"467","AGTAACCCACTGAGGA-1_1_2"
"468","AGTAACCGTCGACTGC-1_1_2"
"469","AGTAACCGTTCCACAA-1_1_2"
"470","AGTACCAGTACTCGTA-1_1_2"
"471","AGTACTGTCTAAACGC-1_1_2"
"472","AGTAGCTTCAAATGAG-1_1_2"
"473","AGTAGTCAGTATGGCG-1_1_2"
"474","AGTAGTCCACCAAAGG-1_1_2"
"475","AGTAGTCCACTTCTCG-1_1_2"
"476","AGTAGTCGTACGACTT-1_1_2"
"477","AGTAGTCTCAACTGAC-1_1_2"
"478","AGTAGTCTCTGTCTCG-1_1_2"
"479","AGTCAACAGCAACTCT-1_1_2"
"480","AGTCAACCACGTCGGT-1_1_2"
"481","AGTCAACCAGCTCATA-1_1_2"
"482","AGTCAACGTCGGCTAC-1_1_2"
"483","AGTCAACTCGGTAACT-1_1_2"
"484","AGTCATGAGGCTATCT-1_1_2"
"485","AGTCATGCAGTCGCAC-1_1_2"
"486","AGTCATGTCGGTTAGT-1_1_2"
"487","AGTCTCCCACTGGCGT-1_1_2"
"488","AGTCTCCCAGAGAATT-1_1_2"
"489","AGTCTCCCATTGCCTC-1_1_2"
"490","AGTCTCCGTGAGTTGG-1_1_2"
"491","AGTCTCCTCAACCTTT-1_1_2"
"492","AGTGACTAGGCCATAG-1_1_2"
"493","AGTGACTTCCGATGTA-1_1_2"
"494","AGTGATCAGTCATGGG-1_1_2"
"495","AGTGATCTCCTAACAG-1_1_2"
"496","AGTGCCGGTCTGATAC-1_1_2"
"497","AGTGCCGTCAAGATAG-1_1_2"
"498","AGTGCCGTCTGAGGCC-1_1_2"
"499","AGTGTTGAGATGAAGG-1_1_2"
"500","AGTGTTGAGCCTAACT-1_1_2"
"501","AGTGTTGCAACCGCCA-1_1_2"
"502","AGTGTTGCATGACCCG-1_1_2"
"503","AGTGTTGTCGACATAC-1_1_2"
"504","AGTTAGCAGACGTCCC-1_1_2"
"505","AGTTAGCCAAGCGAGT-1_1_2"
"506","AGTTAGCCATCGGTTA-1_1_2"
"507","AGTTAGCTCGTCTAAG-1_1_2"
"508","AGTTCCCAGGGTTGCA-1_1_2"
"509","AGTTCCCCAAGATTGA-1_1_2"
"510","AGTTCCCCACCCTGAG-1_1_2"
"511","AGTTCGAAGCACCGAA-1_1_2"
"512","AGTTCGAGTATTTCGG-1_1_2"
"513","ATACCGAAGGTCACCC-1_1_2"
"514","ATACCGATCTCAACGA-1_1_2"
"515","ATACCTTAGGATGAGA-1_1_2"
"516","ATACCTTCATCGCTGG-1_1_2"
"517","ATACCTTTCTGACAGT-1_1_2"
"518","ATACTTCCATGCCGGT-1_1_2"
"519","ATACTTCGTTCGTAAC-1_1_2"
"520","ATACTTCGTTCTCTAT-1_1_2"
"521","ATACTTCTCCAAGGGA-1_1_2"
"522","ATAGACCAGCGCTTCG-1_1_2"
"523","ATAGACCCAACGTTAC-1_1_2"
"524","ATAGAGAAGGTCCTGC-1_1_2"
"525","ATAGAGACAGGAATCG-1_1_2"
"526","ATAGAGAGTCAACATC-1_1_2"
"527","ATAGAGAGTGGCTTAT-1_1_2"
"528","ATAGAGAGTTGCTCAA-1_1_2"
"529","ATAGAGATCATACGAC-1_1_2"
"530","ATAGGCTAGCACTCTA-1_1_2"
"531","ATAGGCTTCACGGACC-1_1_2"
"532","ATAGGCTTCGGCTGAC-1_1_2"
"533","ATATCCTAGCAAGTGC-1_1_2"
"534","ATATCCTAGGATCATA-1_1_2"
"535","ATATCCTAGGTGCATG-1_1_2"
"536","ATATCCTGTGATCGTT-1_1_2"
"537","ATATCCTTCGGTCTGG-1_1_2"
"538","ATCACAGTCTGAGGTT-1_1_2"
"539","ATCACGAAGGTGCTGA-1_1_2"
"540","ATCACGACAATTTCTC-1_1_2"
"541","ATCACGATCCACAGGC-1_1_2"
"542","ATCACTTCACATTGTG-1_1_2"
"543","ATCACTTGTATCAAGA-1_1_2"
"544","ATCAGGTAGATTGTGA-1_1_2"
"545","ATCAGGTCACAATGAA-1_1_2"
"546","ATCAGGTCATGACTAC-1_1_2"
"547","ATCATTCCACCATTCC-1_1_2"
"548","ATCATTCGTGAGTAGC-1_1_2"
"549","ATCCACCCAGTCCGTG-1_1_2"
"550","ATCCACCGTTCTCCAC-1_1_2"
"551","ATCCACCTCCTCTAAT-1_1_2"
"552","ATCCATTAGCAAATCA-1_1_2"
"553","ATCCATTCAGCCCAGT-1_1_2"
"554","ATCCATTTCAGCTAGT-1_1_2"
"555","ATCCATTTCATGCTAG-1_1_2"
"556","ATCCATTTCCCATAAG-1_1_2"
"557","ATCCCTGAGAGTCACG-1_1_2"
"558","ATCCCTGAGATCACTC-1_1_2"
"559","ATCCCTGAGCATCCTA-1_1_2"
"560","ATCCCTGAGGAGCAAA-1_1_2"
"561","ATCCCTGAGTTACGTC-1_1_2"
"562","ATCCCTGCACCACATA-1_1_2"
"563","ATCCCTGGTGAGTAGC-1_1_2"
"564","ATCCCTGTCATAGACC-1_1_2"
"565","ATCCGTCAGGAACGTC-1_1_2"
"566","ATCCTATCAAAGTGTA-1_1_2"
"567","ATCCTATCAGATACTC-1_1_2"
"568","ATCGATGTCTCTGAGA-1_1_2"
"569","ATCGATGTCTGCTTAT-1_1_2"
"570","ATCGCCTAGATGAATC-1_1_2"
"571","ATCGCCTAGCTAAATG-1_1_2"
"572","ATCGCCTAGGATCATA-1_1_2"
"573","ATCGCCTCACAACCGC-1_1_2"
"574","ATCGCCTCACAATGCT-1_1_2"
"575","ATCGCCTCACTACGGC-1_1_2"
"576","ATCGCCTGTCATCGGC-1_1_2"
"577","ATCGCCTTCAACTACG-1_1_2"
"578","ATCGCCTTCATTACCT-1_1_2"
"579","ATCGCCTTCGCTGATA-1_1_2"
"580","ATCGGATGTACGGATG-1_1_2"
"581","ATCGGATGTTACAGCT-1_1_2"
"582","ATCGGCGAGTTCAACC-1_1_2"
"583","ATCGTAGAGTAGGTTA-1_1_2"
"584","ATCGTAGGTATGGGAC-1_1_2"
"585","ATCGTAGTCGTGTCAA-1_1_2"
"586","ATCGTCCAGAGTTCGG-1_1_2"
"587","ATCGTCCCACGGTGCT-1_1_2"
"588","ATCGTGACAATACGCT-1_1_2"
"589","ATCGTGACAATAGTCC-1_1_2"
"590","ATCGTGAGTACCACGC-1_1_2"
"591","ATCGTGATCTGGTTGA-1_1_2"
"592","ATCTCTATCACCCTTG-1_1_2"
"593","ATCTTCAAGCACTGGA-1_1_2"
"594","ATCTTCAAGCATGAAT-1_1_2"
"595","ATCTTCAAGGATTTCC-1_1_2"
"596","ATCTTCAAGGGAGATA-1_1_2"
"597","ATCTTCAAGTCGCTAT-1_1_2"
"598","ATCTTCAGTTTGTTGG-1_1_2"
"599","ATGAAAGAGCAGCGAT-1_1_2"
"600","ATGAAAGTCCGCTTAC-1_1_2"
"601","ATGAAAGTCGGTCTGG-1_1_2"
"602","ATGACCAAGAAGTATC-1_1_2"
"603","ATGACCACAGCATACT-1_1_2"
"604","ATGACCAGTAGATCCT-1_1_2"
"605","ATGAGGGAGGTTCTTG-1_1_2"
"606","ATGAGGGCAGCATACT-1_1_2"
"607","ATGAGGGGTAGTTCCA-1_1_2"
"608","ATGAGGGTCGACCCAG-1_1_2"
"609","ATGAGTCCAGCTGTCG-1_1_2"
"610","ATGAGTCGTAGCTTAC-1_1_2"
"611","ATGAGTCGTATAGGAT-1_1_2"
"612","ATGAGTCTCCACTGGG-1_1_2"
"613","ATGAGTCTCGTCCTTG-1_1_2"
"614","ATGATCGAGCCTAGGA-1_1_2"
"615","ATGATCGAGTTCGGTT-1_1_2"
"616","ATGATCGTCCCGGTAG-1_1_2"
"617","ATGCATGAGTTACTCG-1_1_2"
"618","ATGCATGTCATGGCCG-1_1_2"
"619","ATGCATGTCCTTCGAC-1_1_2"
"620","ATGCCTCAGGCTGAAC-1_1_2"
"621","ATGCGATAGATTGAGT-1_1_2"
"622","ATGCGATAGGATTTAG-1_1_2"
"623","ATGCGATCAAGGTCTT-1_1_2"
"624","ATGCGATGTACAGAAT-1_1_2"
"625","ATGCGATGTATCTCGA-1_1_2"
"626","ATGCGATGTTAAGACA-1_1_2"
"627","ATGCGATTCGGTGCAC-1_1_2"
"628","ATGGAGGAGTCAAGCG-1_1_2"
"629","ATGGAGGCAATCTGCA-1_1_2"
"630","ATGGAGGGTGAACGGT-1_1_2"
"631","ATGGATCAGAATTTGG-1_1_2"
"632","ATGGATCAGTTGGGAC-1_1_2"
"633","ATGGATCCACCGCTGA-1_1_2"
"634","ATGGATCGTCCATCTC-1_1_2"
"635","ATGGATCGTCTACAAC-1_1_2"
"636","ATGGGAGCAATGTGGG-1_1_2"
"637","ATGGGAGCATCTCCCA-1_1_2"
"638","ATGGGAGGTCGTTTCC-1_1_2"
"639","ATGGGTTAGCCGAACA-1_1_2"
"640","ATGGGTTAGGACTATA-1_1_2"
"641","ATGGGTTGTAGTAAGT-1_1_2"
"642","ATGGGTTGTCCAGGTC-1_1_2"
"643","ATGGTTGAGCACAAAT-1_1_2"
"644","ATGGTTGTCAAACCCA-1_1_2"
"645","ATGGTTGTCTTAATCC-1_1_2"
"646","ATGTCCCAGCCTCGTG-1_1_2"
"647","ATGTCCCCAATACCTG-1_1_2"
"648","ATGTCCCGTCAACCTA-1_1_2"
"649","ATGTCCCTCAACCGAT-1_1_2"
"650","ATGTCCCTCAAGGACG-1_1_2"
"651","ATGTCTTAGAATGTTG-1_1_2"
"652","ATGTCTTTCAAACGAA-1_1_2"
"653","ATGTCTTTCAAGTGGG-1_1_2"
"654","ATGTCTTTCACGATCA-1_1_2"
"655","ATGTCTTTCCATAAGC-1_1_2"
"656","ATGTCTTTCTATCGGA-1_1_2"
"657","ATTACCTCAGACCCGT-1_1_2"
"658","ATTACCTGTACCCGAC-1_1_2"
"659","ATTACCTTCAAGCCGC-1_1_2"
"660","ATTACTCAGCAGTCTT-1_1_2"
"661","ATTACTCCATCCGTTC-1_1_2"
"662","ATTATCCAGGTAGTCG-1_1_2"
"663","ATTATCCGTGGAGGTT-1_1_2"
"664","ATTATCCTCAAACTGC-1_1_2"
"665","ATTCACTTCTTTGCGC-1_1_2"
"666","ATTCAGGGTCACATTG-1_1_2"
"667","ATTCAGGGTTTGGAGG-1_1_2"
"668","ATTCAGGTCGTTACCC-1_1_2"
"669","ATTCATCAGCCAACCC-1_1_2"
"670","ATTCCATAGAGGTTTA-1_1_2"
"671","ATTCCATCACAAGTTC-1_1_2"
"672","ATTCCATCATCGGATT-1_1_2"
"673","ATTCCCGAGCCGAACA-1_1_2"
"674","ATTCCTACAAGAGTAT-1_1_2"
"675","ATTCCTACAGAGTCAG-1_1_2"
"676","ATTCCTAGTGCGTCGT-1_1_2"
"677","ATTCGTTCATACATCG-1_1_2"
"678","ATTCGTTTCGTGACTA-1_1_2"
"679","ATTCGTTTCTGGGCCA-1_1_2"
"680","ATTCTACAGACCTCCG-1_1_2"
"681","ATTCTACGTTGATGTC-1_1_2"
"682","ATTCTACTCTCGCCTA-1_1_2"
"683","ATTCTTGCACATTGTG-1_1_2"
"684","ATTCTTGCACCGTCTT-1_1_2"
"685","ATTCTTGCATCCGCGA-1_1_2"
"686","ATTCTTGCATCGTGCG-1_1_2"
"687","ATTGGGTCAAGATGGC-1_1_2"
"688","ATTGGGTCACTGCGTG-1_1_2"
"689","ATTGTTCAGCCGATAG-1_1_2"
"690","ATTGTTCGTCCACTCT-1_1_2"
"691","ATTGTTCTCATCGCTC-1_1_2"
"692","ATTGTTCTCATTACTC-1_1_2"
"693","ATTGTTCTCATTGCGA-1_1_2"
"694","ATTTACCAGATAGCTA-1_1_2"
"695","ATTTACCAGGCGCTCT-1_1_2"
"696","ATTTACCCACTGCATA-1_1_2"
"697","ATTTACCGTGACACGA-1_1_2"
"698","ATTTACCGTGTGTCCG-1_1_2"
"699","ATTTACCTCGTAGTGT-1_1_2"
"700","ATTTCACCATTATGCG-1_1_2"
"701","ATTTCTGTCCTCACGT-1_1_2"
"702","CAAAGAAGTTAGTTCG-1_1_2"
"703","CAAAGAATCCATAGAC-1_1_2"
"704","CAACAGTAGCTTCTAG-1_1_2"
"705","CAACAGTCAGTCAGCC-1_1_2"
"706","CAACAGTGTCTGTGAT-1_1_2"
"707","CAACAGTTCTGTGCTC-1_1_2"
"708","CAACCAAAGAAATCCA-1_1_2"
"709","CAACCAAAGGACAGTC-1_1_2"
"710","CAACCAACACTGTTCC-1_1_2"
"711","CAACCAATCCAATCTT-1_1_2"
"712","CAACCAATCTCTCGAC-1_1_2"
"713","CAACCTCAGGTACTGG-1_1_2"
"714","CAACCTCCACGCGCTA-1_1_2"
"715","CAACCTCCAGTCGGAA-1_1_2"
"716","CAACCTCGTAAGGCCA-1_1_2"
"717","CAACCTCGTTGGGTTT-1_1_2"
"718","CAACGATAGCAACCAG-1_1_2"
"719","CAACGATGTAGGAAAG-1_1_2"
"720","CAACGATGTTGTTGCA-1_1_2"
"721","CAACGGCAGCTCGGCT-1_1_2"
"722","CAACGGCGTGCGAACA-1_1_2"
"723","CAACGGCTCAGTGTCA-1_1_2"
"724","CAACGGCTCTCGACGG-1_1_2"
"725","CAAGACTAGAATAGTC-1_1_2"
"726","CAAGACTAGAGGGTGG-1_1_2"
"727","CAAGAGGAGCTGTGCC-1_1_2"
"728","CAAGAGGCAAACCATC-1_1_2"
"729","CAAGAGGCAAAGCGTG-1_1_2"
"730","CAAGAGGCACTAACCA-1_1_2"
"731","CAAGAGGCAGTAACAA-1_1_2"
"732","CAAGAGGGTCGCGTCA-1_1_2"
"733","CAAGAGGTCCAAGAGG-1_1_2"
"734","CAAGCTAAGCTACTGT-1_1_2"
"735","CAAGCTACACCAGTAT-1_1_2"
"736","CAAGCTATCCAACTAG-1_1_2"
"737","CAATACGAGGGACCAT-1_1_2"
"738","CAATACGCAATCGAAA-1_1_2"
"739","CAATACGCACCTCTAC-1_1_2"
"740","CAATACGGTCAGCGTC-1_1_2"
"741","CAATACGTCTGCGGCA-1_1_2"
"742","CAATCGACAACGACTT-1_1_2"
"743","CAATCGAGTTCGATTG-1_1_2"
"744","CAATCGATCGAGTGGA-1_1_2"
"745","CAATGACAGCTTCATG-1_1_2"
"746","CAATGACCAGGACTTT-1_1_2"
"747","CAATGACGTGGACCTC-1_1_2"
"748","CAATGACTCACGGGAA-1_1_2"
"749","CAATTTCCATTGTAGC-1_1_2"
"750","CAATTTCGTTCTCGTC-1_1_2"
"751","CAATTTCTCCTTTAGT-1_1_2"
"752","CACAACAAGACCAACG-1_1_2"
"753","CACAACAAGCAAGTCG-1_1_2"
"754","CACAACAAGCGTATAA-1_1_2"
"755","CACAACATCCTACACC-1_1_2"
"756","CACACAAGTCCGACGT-1_1_2"
"757","CACACAATCTCAACCC-1_1_2"
"758","CACAGATGTAAGACCG-1_1_2"
"759","CACAGATTCAGTGCGC-1_1_2"
"760","CACAGGCCAGACACCC-1_1_2"
"761","CACATGAGTCTCCTGT-1_1_2"
"762","CACATGAGTTCGTGCG-1_1_2"
"763","CACATGATCTCCTGCA-1_1_2"
"764","CACATGATCTTCTAAC-1_1_2"
"765","CACCAAAAGATTAGCA-1_1_2"
"766","CACCAAAAGGAACGTC-1_1_2"
"767","CACCAAAGTAGATGTA-1_1_2"
"768","CACCAAAGTGATACAA-1_1_2"
"769","CACCGTTAGGTAACTA-1_1_2"
"770","CACCGTTTCAAGTCTG-1_1_2"
"771","CACGAATAGCCTCAAT-1_1_2"
"772","CACGAATCACGATTCA-1_1_2"
"773","CACGAATCATGACTCA-1_1_2"
"774","CACGAATGTCAACCTA-1_1_2"
"775","CACGAATGTTGCTGAT-1_1_2"
"776","CACGGGTAGCACTAGG-1_1_2"
"777","CACGGGTTCAATGCAC-1_1_2"
"778","CACGTGGGTCTTGAAC-1_1_2"
"779","CACGTGGGTTTCGCTC-1_1_2"
"780","CACGTGGGTTTGAAAG-1_1_2"
"781","CACGTTCAGAAGCTGC-1_1_2"
"782","CACGTTCAGGAGATAG-1_1_2"
"783","CACTAAGAGGTTCATC-1_1_2"
"784","CACTAAGCAGAGGGTT-1_1_2"
"785","CACTAAGGTAGATCGG-1_1_2"
"786","CACTAAGGTGTTTCTT-1_1_2"
"787","CACTAAGTCCGAACGC-1_1_2"
"788","CACTGAACATCTTTCA-1_1_2"
"789","CACTGAATCATAGCAC-1_1_2"
"790","CACTGGGCAAGTGGGT-1_1_2"
"791","CACTGGGCACGGTGCT-1_1_2"
"792","CACTGGGCAGGAATAT-1_1_2"
"793","CACTGGGTCTCAACCC-1_1_2"
"794","CACTGTCAGCTAGAGC-1_1_2"
"795","CACTGTCGTTGGGATG-1_1_2"
"796","CACTGTCTCGTGACTA-1_1_2"
"797","CACTTCGGTTACCCAA-1_1_2"
"798","CACTTCGGTTTCAGAC-1_1_2"
"799","CAGAGCCAGGATACAT-1_1_2"
"800","CAGAGCCAGTCTGTAC-1_1_2"
"801","CAGAGCCCACCCTAAA-1_1_2"
"802","CAGAGCCCATCGAGCC-1_1_2"
"803","CAGAGCCTCCCAGCGA-1_1_2"
"804","CAGATACCAGAACTTC-1_1_2"
"805","CAGATACCAGCGAGTA-1_1_2"
"806","CAGATACGTGCATCTA-1_1_2"
"807","CAGATCAAGTTTGGCT-1_1_2"
"808","CAGATTGCACCGTCGA-1_1_2"
"809","CAGATTGCATATTCGG-1_1_2"
"810","CAGATTGTCGCCGAGT-1_1_2"
"811","CAGATTGTCGGCTCTT-1_1_2"
"812","CAGCAATAGATGACAT-1_1_2"
"813","CAGCAATTCAAGTTGC-1_1_2"
"814","CAGCACGAGAGCGACT-1_1_2"
"815","CAGCACGCAGCTTCCT-1_1_2"
"816","CAGCACGCAGTCGTTA-1_1_2"
"817","CAGCACGCAGTTGGTT-1_1_2"
"818","CAGCACGGTACAGTTC-1_1_2"
"819","CAGCAGCTCCGCTTAC-1_1_2"
"820","CAGCAGCTCTGTTCAT-1_1_2"
"821","CAGCCAGAGTTGTCGT-1_1_2"
"822","CAGCCAGGTATGATCC-1_1_2"
"823","CAGCCAGTCGACCCAG-1_1_2"
"824","CAGCGTGAGTCTGCGC-1_1_2"
"825","CAGCGTGCACTGAGTT-1_1_2"
"826","CAGCGTGCAGAGCCCT-1_1_2"
"827","CAGCGTGGTACGGGAT-1_1_2"
"828","CAGGCCAAGTCCCAGC-1_1_2"
"829","CAGGCCAGTGAACCGA-1_1_2"
"830","CAGGGCTCATGGAAGC-1_1_2"
"831","CAGGGCTGTTCGTACA-1_1_2"
"832","CAGGGCTTCATGTCAG-1_1_2"
"833","CAGGGCTTCTGCACCT-1_1_2"
"834","CAGGTATAGGAATCGC-1_1_2"
"835","CAGGTATCAGACCATT-1_1_2"
"836","CAGGTATCAGCCTTCT-1_1_2"
"837","CAGGTATGTTGGGATG-1_1_2"
"838","CAGTGCGAGCCAGTAG-1_1_2"
"839","CAGTGCGAGTCACAGG-1_1_2"
"840","CAGTTAGAGTAGCAAT-1_1_2"
"841","CAGTTAGCAGGTCAAG-1_1_2"
"842","CAGTTAGTCCCTCTCC-1_1_2"
"843","CAGTTAGTCTGGGATT-1_1_2"
"844","CAGTTCCTCATGCCAA-1_1_2"
"845","CAGTTCCTCCACCCTA-1_1_2"
"846","CATAAGCGTACACGCC-1_1_2"
"847","CATAAGCTCATCCTAT-1_1_2"
"848","CATACAGCAAATCGTC-1_1_2"
"849","CATACAGTCCCTCATG-1_1_2"
"850","CATACCCCAAGCTACT-1_1_2"
"851","CATACCCTCCCTCTTT-1_1_2"
"852","CATACTTAGCCGGAAT-1_1_2"
"853","CATACTTAGCCTCTGG-1_1_2"
"854","CATACTTAGTTTCAGC-1_1_2"
"855","CATACTTGTCTCAGGC-1_1_2"
"856","CATACTTGTGGCTCTG-1_1_2"
"857","CATACTTTCCATGCAA-1_1_2"
"858","CATACTTTCGTTAGAC-1_1_2"
"859","CATAGACAGTTTGAGA-1_1_2"
"860","CATAGACCAGCGTTTA-1_1_2"
"861","CATAGACGTCTAACGT-1_1_2"
"862","CATAGACTCGCCTAGG-1_1_2"
"863","CATAGACTCTTAGTTC-1_1_2"
"864","CATCAAGAGTATAACG-1_1_2"
"865","CATCAAGCAAGCTCTA-1_1_2"
"866","CATCAAGTCCACCCTA-1_1_2"
"867","CATCCACGTATCGCAT-1_1_2"
"868","CATCCCACACTCTAGA-1_1_2"
"869","CATCCCAGTCTCCTGT-1_1_2"
"870","CATCCCAGTGGCGCTT-1_1_2"
"871","CATCCGTAGCTCCACG-1_1_2"
"872","CATCCGTCATCCTAAG-1_1_2"
"873","CATCGCTAGTGGCCTC-1_1_2"
"874","CATCGCTCATAGGTAA-1_1_2"
"875","CATCGCTCATCTCCCA-1_1_2"
"876","CATCGTCAGGATCACG-1_1_2"
"877","CATCGTCCAATGTTGC-1_1_2"
"878","CATCGTCGTGGTCCCA-1_1_2"
"879","CATCGTCTCTGGTTGA-1_1_2"
"880","CATCGTCTCTGTAACG-1_1_2"
"881","CATGAGTAGTGCAGGT-1_1_2"
"882","CATGAGTGTGAGGAAA-1_1_2"
"883","CATGAGTTCGCGGACT-1_1_2"
"884","CATGAGTTCTACTCAT-1_1_2"
"885","CATGCAAAGGCTTTCA-1_1_2"
"886","CATGCAACACGATTCA-1_1_2"
"887","CATGCAACAGACCTAT-1_1_2"
"888","CATGCAAGTAGGCTGA-1_1_2"
"889","CATGCAATCGGCCCAA-1_1_2"
"890","CATGCAATCGTGGACC-1_1_2"
"891","CATGCCTAGTAAATGC-1_1_2"
"892","CATGCCTCATTGCCTC-1_1_2"
"893","CATGCCTGTACCACGC-1_1_2"
"894","CATGCGGAGACGGATC-1_1_2"
"895","CATGCGGAGGCAGGGA-1_1_2"
"896","CATGCTCTCATCTGTT-1_1_2"
"897","CATGCTCTCCTCACCA-1_1_2"
"898","CATGCTCTCGGCGATC-1_1_2"
"899","CATGGATAGGAAAGGT-1_1_2"
"900","CATGGATGTCTTCAAG-1_1_2"
"901","CATGGATTCACACCGG-1_1_2"
"902","CATGGTAAGCATCCTA-1_1_2"
"903","CATGGTATCTGAACGT-1_1_2"
"904","CATTCATCATAATCCG-1_1_2"
"905","CATTCATCATTCAGCA-1_1_2"
"906","CATTCATGTATGCGTT-1_1_2"
"907","CATTCATTCTAGCAAC-1_1_2"
"908","CATTCCGAGATGACCG-1_1_2"
"909","CATTCCGGTGTCTTCC-1_1_2"
"910","CATTCCGTCAGTCAGT-1_1_2"
"911","CATTCTAGTCCAGGTC-1_1_2"
"912","CATTGAGCAACTTGGT-1_1_2"
"913","CATTGAGGTGTTCGAT-1_1_2"
"914","CATTGAGTCCAGGACC-1_1_2"
"915","CATTGAGTCTTTGGAG-1_1_2"
"916","CATTGCCAGGTGCATG-1_1_2"
"917","CATTGCCTCACCGGTG-1_1_2"
"918","CATTGCCTCGCAAGAG-1_1_2"
"919","CATTGCCTCTCTATGT-1_1_2"
"920","CATTGTTAGGCTAACG-1_1_2"
"921","CATTGTTCAACGTTAC-1_1_2"
"922","CATTGTTCACCAAATC-1_1_2"
"923","CATTGTTGTTATCCAG-1_1_2"
"924","CATTGTTGTTTGGCTA-1_1_2"
"925","CATTTCAAGGTAGCCA-1_1_2"
"926","CCAATGAGTGGACAGT-1_1_2"
"927","CCAATGAGTTCCGCAG-1_1_2"
"928","CCAATGATCCCGAACG-1_1_2"
"929","CCAATGATCCTTGGAA-1_1_2"
"930","CCAATTTCACGGTGTC-1_1_2"
"931","CCAATTTGTTCTCCCA-1_1_2"
"932","CCAATTTGTTTGCAGT-1_1_2"
"933","CCAATTTTCAGTCATG-1_1_2"
"934","CCACAAAAGCACTCAT-1_1_2"
"935","CCACAAAGTGTCTCCT-1_1_2"
"936","CCACACTAGTTGCCTA-1_1_2"
"937","CCACCATGTAAGATCA-1_1_2"
"938","CCACCATTCAGTGGGA-1_1_2"
"939","CCACCATTCGTTTACT-1_1_2"
"940","CCACGAGAGAGCATAT-1_1_2"
"941","CCACGAGAGATAGGGA-1_1_2"
"942","CCACGAGCAAGTGGCA-1_1_2"
"943","CCACGAGTCCCGTTGT-1_1_2"
"944","CCACGTTAGATACTGA-1_1_2"
"945","CCACGTTCACTCATAG-1_1_2"
"946","CCACGTTCAGTTTGGT-1_1_2"
"947","CCACGTTGTCCGCAGT-1_1_2"
"948","CCACGTTGTGACTCGC-1_1_2"
"949","CCACGTTTCCTACTGC-1_1_2"
"950","CCACTTGCAGGTGTTT-1_1_2"
"951","CCACTTGGTCTCAGAT-1_1_2"
"952","CCACTTGTCCCTTTGG-1_1_2"
"953","CCATAAGCATCTGTTT-1_1_2"
"954","CCATAAGTCTGCATGA-1_1_2"
"955","CCATCACGTACGGATG-1_1_2"
"956","CCATCACGTGTAAATG-1_1_2"
"957","CCCAACTGTAAGGCTG-1_1_2"
"958","CCCATTGCATGAAGCG-1_1_2"
"959","CCCATTGTCAGACCGC-1_1_2"
"960","CCCGGAACACGACGAA-1_1_2"
"961","CCCGGAAGTAGAGGAA-1_1_2"
"962","CCCGGAAGTTAAGACA-1_1_2"
"963","CCCGGAATCACATCAG-1_1_2"
"964","CCCGGAATCTGAATGC-1_1_2"
"965","CCCTAACAGCGTATAA-1_1_2"
"966","CCCTAACCAGCTAACT-1_1_2"
"967","CCCTAACGTGGCATCC-1_1_2"
"968","CCCTCAAAGTTGTCAC-1_1_2"
"969","CCCTCAAGTCAGTTTG-1_1_2"
"970","CCCTCAAGTGGATCAG-1_1_2"
"971","CCCTCAAGTGTTTACG-1_1_2"
"972","CCCTCAATCACCTGTC-1_1_2"
"973","CCCTCAATCGAACCAT-1_1_2"
"974","CCCTCTCAGATACTGA-1_1_2"
"975","CCCTCTCCACTTCTCG-1_1_2"
"976","CCCTCTCGTATCGAAA-1_1_2"
"977","CCCTCTCGTCGGCTAC-1_1_2"
"978","CCCTCTCGTGAGTTTC-1_1_2"
"979","CCCTCTCGTTGGTACT-1_1_2"
"980","CCCTCTCTCAACTACG-1_1_2"
"981","CCCTCTCTCGCATTAG-1_1_2"
"982","CCCTGATAGAAGCGGG-1_1_2"
"983","CCCTGATAGCGATTCT-1_1_2"
"984","CCCTGATAGGGCCAAT-1_1_2"
"985","CCCTGATTCGCAGATT-1_1_2"
"986","CCCTTAGCAACCACGC-1_1_2"
"987","CCCTTAGCACGACCTG-1_1_2"
"988","CCCTTAGGTGGTCCCA-1_1_2"
"989","CCGAACGGTCTCACAA-1_1_2"
"990","CCGAACGTCTCACCCA-1_1_2"
"991","CCGATCTAGAAGATCT-1_1_2"
"992","CCGATCTTCAGCTAGT-1_1_2"
"993","CCGATCTTCCAGTTCC-1_1_2"
"994","CCGATGGAGCAGCGAT-1_1_2"
"995","CCGATGGAGGAAAGGT-1_1_2"
"996","CCGATGGAGGTAAGGA-1_1_2"
"997","CCGATGGGTATCAAGA-1_1_2"
"998","CCGATGGTCAACACCA-1_1_2"
"999","CCGCAAGAGTAACCTC-1_1_2"
"1000","CCGCAAGCACATAACC-1_1_2"
"1001","CCGCAAGGTCAGATTC-1_1_2"
"1002","CCGCAAGGTGTAAATG-1_1_2"
"1003","CCGGACAAGCTCGAAG-1_1_2"
"1004","CCGGACAAGTCTAGAA-1_1_2"
"1005","CCGGACAGTCCAAGAG-1_1_2"
"1006","CCGGACATCAATCGGT-1_1_2"
"1007","CCGGGTAGTCACCACG-1_1_2"
"1008","CCGGGTAGTCCGTTTC-1_1_2"
"1009","CCGGTAGTCTCCGAGG-1_1_2"
"1010","CCGGTGAAGGAGTCTG-1_1_2"
"1011","CCGGTGAAGTTGGCGA-1_1_2"
"1012","CCGTAGGAGGGTAATT-1_1_2"
"1013","CCGTAGGGTATGAAGT-1_1_2"
"1014","CCGTAGGTCAGGGTAG-1_1_2"
"1015","CCGTAGGTCGAGCCTG-1_1_2"
"1016","CCGTAGGTCTCGCTCA-1_1_2"
"1017","CCGTGAGAGGTTGGTG-1_1_2"
"1018","CCGTGAGCAACACACT-1_1_2"
"1019","CCGTGAGCACGGTGTC-1_1_2"
"1020","CCGTGAGCAGGATGAC-1_1_2"
"1021","CCGTGAGGTTCGCGTG-1_1_2"
"1022","CCGTTCACAACCTAAC-1_1_2"
"1023","CCTAACCAGACGCATG-1_1_2"
"1024","CCTAACCAGCCAAGCA-1_1_2"
"1025","CCTAACCCAACCCGCA-1_1_2"
"1026","CCTAACCCAAGCGATG-1_1_2"
"1027","CCTAACCCAGCTGTGC-1_1_2"
"1028","CCTAACCGTTTCGTTT-1_1_2"
"1029","CCTAACCTCACAAGAA-1_1_2"
"1030","CCTAAGAAGCTCCGAC-1_1_2"
"1031","CCTAAGACAACGTTAC-1_1_2"
"1032","CCTAAGACAGGACGAT-1_1_2"
"1033","CCTACGTAGATTAGTG-1_1_2"
"1034","CCTACGTCAGCTTCGG-1_1_2"
"1035","CCTACGTCATTCACCC-1_1_2"
"1036","CCTACGTGTGGCCTCA-1_1_2"
"1037","CCTACGTTCGATTGGT-1_1_2"
"1038","CCTATCGCACATGTTG-1_1_2"
"1039","CCTATCGGTGAGTAAT-1_1_2"
"1040","CCTATCGTCGATCCAA-1_1_2"
"1041","CCTCAACAGTCACTAC-1_1_2"
"1042","CCTCAACTCGCCACTT-1_1_2"
"1043","CCTCACAAGTATGAGT-1_1_2"
"1044","CCTCACACACCTCAGG-1_1_2"
"1045","CCTCACAGTGACACGA-1_1_2"
"1046","CCTCACATCAACCCGG-1_1_2"
"1047","CCTCACATCCGCGATG-1_1_2"
"1048","CCTCAGTAGAACGTGC-1_1_2"
"1049","CCTCAGTAGCATATGA-1_1_2"
"1050","CCTCAGTAGCCTGACC-1_1_2"
"1051","CCTCAGTCACCGTGGT-1_1_2"
"1052","CCTCAGTGTTCCCACT-1_1_2"
"1053","CCTCATGAGGTCGACA-1_1_2"
"1054","CCTCATGTCGACACCG-1_1_2"
"1055","CCTCCAAAGAGGGTGG-1_1_2"
"1056","CCTCCAAGTACGATGG-1_1_2"
"1057","CCTCCAAGTCAAAGTA-1_1_2"
"1058","CCTCCAAGTGCGACAA-1_1_2"
"1059","CCTCCAATCGCCAGAC-1_1_2"
"1060","CCTCCAATCTACACTT-1_1_2"
"1061","CCTCCAATCTTGCGCT-1_1_2"
"1062","CCTCCTCCAAACGGCA-1_1_2"
"1063","CCTCCTCCACCTGAAT-1_1_2"
"1064","CCTCCTCGTCAGTTTG-1_1_2"
"1065","CCTCCTCTCACGGGAA-1_1_2"
"1066","CCTCTAGAGAAGTATC-1_1_2"
"1067","CCTCTAGCAATGCTCA-1_1_2"
"1068","CCTCTCCAGATAACAC-1_1_2"
"1069","CCTGCATAGTTAGTGA-1_1_2"
"1070","CCTGCATCAAAGGGTC-1_1_2"
"1071","CCTGCATCATCATCCC-1_1_2"
"1072","CCTGCATGTCAAACGG-1_1_2"
"1073","CCTGTTGAGGCAGGTT-1_1_2"
"1074","CCTGTTGAGGCCTGAA-1_1_2"
"1075","CCTGTTGAGTTCTACG-1_1_2"
"1076","CCTGTTGGTCCAGTTA-1_1_2"
"1077","CCTTCAGAGCCGTAAG-1_1_2"
"1078","CCTTCAGAGGCCGCTT-1_1_2"
"1079","CCTTCAGCAACACGTT-1_1_2"
"1080","CCTTCAGGTGAATGTA-1_1_2"
"1081","CCTTCAGGTGCCTGAC-1_1_2"
"1082","CCTTGTGAGCGGGTAT-1_1_2"
"1083","CCTTGTGAGCTAGATA-1_1_2"
"1084","CCTTGTGCAAGGACAC-1_1_2"
"1085","CCTTGTGCAGGTTACT-1_1_2"
"1086","CCTTTGGCACAGCCAC-1_1_2"
"1087","CGAAGGAGTACCGGCT-1_1_2"
"1088","CGAAGTTGTCGAGCTC-1_1_2"
"1089","CGAAGTTTCACTGTCC-1_1_2"
"1090","CGAATTGAGTGTTCAC-1_1_2"
"1091","CGAATTGGTAGAGGAA-1_1_2"
"1092","CGAATTGTCCGTGACG-1_1_2"
"1093","CGACAGCCACCATAAC-1_1_2"
"1094","CGACAGCTCACCGGTG-1_1_2"
"1095","CGAGAAGGTAACATAG-1_1_2"
"1096","CGAGAAGTCGCCAGAC-1_1_2"
"1097","CGAGGAAGTCCCGGTA-1_1_2"
"1098","CGAGGCTAGGTGCTAG-1_1_2"
"1099","CGAGTGCAGGGTTGCA-1_1_2"
"1100","CGAGTGCAGTGGCCTC-1_1_2"
"1101","CGAGTGCAGTTGCGCC-1_1_2"
"1102","CGAGTGCCAGGCGAAT-1_1_2"
"1103","CGAGTGCCATCCGTGG-1_1_2"
"1104","CGAGTGCGTGTGAATA-1_1_2"
"1105","CGAGTGCTCGCATGAT-1_1_2"
"1106","CGAGTTAGTGACAACG-1_1_2"
"1107","CGAGTTATCATCACTT-1_1_2"
"1108","CGATCGGAGGTTGTTC-1_1_2"
"1109","CGATCGGTCAGTCACA-1_1_2"
"1110","CGATGCGCAACTGATC-1_1_2"
"1111","CGATGCGTCGCTGCGA-1_1_2"
"1112","CGATGGCAGAGTGTTA-1_1_2"
"1113","CGATGGCTCGTTGTTT-1_1_2"
"1114","CGCAGGTGTGTTACAC-1_1_2"
"1115","CGCAGGTTCGAGTACT-1_1_2"
"1116","CGCATAACACTAACCA-1_1_2"
"1117","CGCATAACAGTCGCTG-1_1_2"
"1118","CGCATAAGTAACGGTG-1_1_2"
"1119","CGCATAAGTCCTGTCT-1_1_2"
"1120","CGCATAAGTCGAACAG-1_1_2"
"1121","CGCATGGCACGGTGTC-1_1_2"
"1122","CGCATGGTCTGGTGGC-1_1_2"
"1123","CGCCAGACAGACCAGA-1_1_2"
"1124","CGCCATTAGAGGACTC-1_1_2"
"1125","CGCCATTAGCGAGTCA-1_1_2"
"1126","CGCCATTTCAATCGGT-1_1_2"
"1127","CGCGTGAAGAGGGTGG-1_1_2"
"1128","CGGAACCAGATTCGAA-1_1_2"
"1129","CGGAACCAGGGAGTGG-1_1_2"
"1130","CGGAACCCACCCTTGT-1_1_2"
"1131","CGGAACCCAGCTATAC-1_1_2"
"1132","CGGAATTCATGCAGGA-1_1_2"
"1133","CGGAATTGTCGCAACC-1_1_2"
"1134","CGGAATTTCATGCCCT-1_1_2"
"1135","CGGAATTTCCTGGGAC-1_1_2"
"1136","CGGACACCAGCGTACC-1_1_2"
"1137","CGGACACGTCAAGCCC-1_1_2"
"1138","CGGACACGTTGTCATG-1_1_2"
"1139","CGGAGAACATATGAAG-1_1_2"
"1140","CGGAGAAGTGAGATAT-1_1_2"
"1141","CGGAGAATCAGACCTA-1_1_2"
"1142","CGGAGAATCTATGCCC-1_1_2"
"1143","CGGCAGTGTAACATAG-1_1_2"
"1144","CGGCAGTGTCAAGCCC-1_1_2"
"1145","CGGCAGTGTCTTGTCC-1_1_2"
"1146","CGGCAGTTCATGACAC-1_1_2"
"1147","CGGGACTGTACGGGAT-1_1_2"
"1148","CGGGACTTCCCATTCG-1_1_2"
"1149","CGGGCATAGTTGCGCC-1_1_2"
"1150","CGGGCATCAACGAGGT-1_1_2"
"1151","CGGGCATCACAGTCAT-1_1_2"
"1152","CGGGCATTCCGGTTCT-1_1_2"
"1153","CGGGTCACATAACGGG-1_1_2"
"1154","CGGGTCATCGGTTCAA-1_1_2"
"1155","CGGGTGTTCATTCACT-1_1_2"
"1156","CGGTCAGCAAAGAACT-1_1_2"
"1157","CGGTCAGCAGGAGGAG-1_1_2"
"1158","CGGTCAGGTGAACGGT-1_1_2"
"1159","CGGTCAGTCTCTCGAC-1_1_2"
"1160","CGTAAGTCAGCAGTGA-1_1_2"
"1161","CGTAAGTTCTTGTTAC-1_1_2"
"1162","CGTAATGCACCCTGAG-1_1_2"
"1163","CGTAGTAAGCTACGTT-1_1_2"
"1164","CGTAGTACAAGAGATT-1_1_2"
"1165","CGTAGTACACGCGTCA-1_1_2"
"1166","CGTAGTACACTTGTGA-1_1_2"
"1167","CGTAGTATCACATACG-1_1_2"
"1168","CGTCAAAAGTGAGGCT-1_1_2"
"1169","CGTCAAACAAAGACGC-1_1_2"
"1170","CGTCAAACAATTCTCT-1_1_2"
"1171","CGTCAAAGTATGAAGT-1_1_2"
"1172","CGTCAAATCGTGCATA-1_1_2"
"1173","CGTCCATAGCCTGTGC-1_1_2"
"1174","CGTCCATGTCACCCTT-1_1_2"
"1175","CGTCCATTCCCTTCCC-1_1_2"
"1176","CGTGAATAGGTCGAGT-1_1_2"
"1177","CGTGAATAGTGTACCT-1_1_2"
"1178","CGTGATAAGTGCCAGA-1_1_2"
"1179","CGTGATATCACGATCA-1_1_2"
"1180","CGTGATATCCGTGTGG-1_1_2"
"1181","CGTGCTTTCTCTCTAA-1_1_2"
"1182","CGTGTCTAGAGGACTC-1_1_2"
"1183","CGTGTCTCATTGTCGA-1_1_2"
"1184","CGTGTCTGTAAGCTCT-1_1_2"
"1185","CGTGTCTGTAGAAACT-1_1_2"
"1186","CGTGTCTGTGACTCTA-1_1_2"
"1187","CGTTAGACATCGTTCC-1_1_2"
"1188","CGTTAGACATGACAAA-1_1_2"
"1189","CGTTAGAGTGGTACAG-1_1_2"
"1190","CGTTGGGAGTGGTTCT-1_1_2"
"1191","CGTTGGGCAACGTATC-1_1_2"
"1192","CGTTGGGCAAGAGCTG-1_1_2"
"1193","CGTTGGGGTTTGGCTA-1_1_2"
"1194","CTAACCCCAAGTCCCG-1_1_2"
"1195","CTAACCCGTTCAGGTT-1_1_2"
"1196","CTAACCCTCCTAAGTG-1_1_2"
"1197","CTAACCCTCTACACAG-1_1_2"
"1198","CTAACTTAGGCTCCCA-1_1_2"
"1199","CTAACTTCACAGAGAC-1_1_2"
"1200","CTAACTTGTCTCGACG-1_1_2"
"1201","CTAACTTGTGGGCTCT-1_1_2"
"1202","CTAACTTTCTTGGCTC-1_1_2"
"1203","CTAAGTGAGAGAGAAC-1_1_2"
"1204","CTAAGTGCAACGACAG-1_1_2"
"1205","CTAAGTGGTCTGTAGT-1_1_2"
"1206","CTACAGACATGCCGCA-1_1_2"
"1207","CTACAGAGTGAGATCG-1_1_2"
"1208","CTACATTAGTGGGAAA-1_1_2"
"1209","CTACATTCACTCCTGT-1_1_2"
"1210","CTACATTGTAACGCGA-1_1_2"
"1211","CTACCCAGTGTCATGT-1_1_2"
"1212","CTACCCATCGTTCTCG-1_1_2"
"1213","CTACCTGAGGAGACCT-1_1_2"
"1214","CTACCTGAGTACGAGC-1_1_2"
"1215","CTACCTGGTCGCTTAA-1_1_2"
"1216","CTACCTGGTTCAGCGC-1_1_2"
"1217","CTACCTGTCCAAGAGG-1_1_2"
"1218","CTACCTGTCTCCTGCA-1_1_2"
"1219","CTACGGGCACACGTGC-1_1_2"
"1220","CTACGGGTCATTTACC-1_1_2"
"1221","CTACTATAGGGATGTC-1_1_2"
"1222","CTACTATGTAGCTTTG-1_1_2"
"1223","CTACTATGTGGAGAAA-1_1_2"
"1224","CTAGACAAGCGTCTCG-1_1_2"
"1225","CTAGACACAGCTGCCA-1_1_2"
"1226","CTAGACAGTCGAGCAA-1_1_2"
"1227","CTAGACAGTTACAGCT-1_1_2"
"1228","CTAGACATCCTGTTAT-1_1_2"
"1229","CTAGGTATCATTCGGA-1_1_2"
"1230","CTATAGGCACTTGACA-1_1_2"
"1231","CTATAGGCAGTAGAGC-1_1_2"
"1232","CTATAGGTCCTTGAAG-1_1_2"
"1233","CTATAGGTCGTCTACC-1_1_2"
"1234","CTATCCGCATAGAATG-1_1_2"
"1235","CTATCCGCATGATCTG-1_1_2"
"1236","CTATCTAAGCCTAGGA-1_1_2"
"1237","CTATCTAAGCTTTGTG-1_1_2"
"1238","CTATCTAAGGTTTACC-1_1_2"
"1239","CTATCTACAGTTGAAA-1_1_2"
"1240","CTATCTATCTGTAAGC-1_1_2"
"1241","CTCAACCAGCTTACGT-1_1_2"
"1242","CTCAACCAGGATTTAG-1_1_2"
"1243","CTCAACCGTTCTGACA-1_1_2"
"1244","CTCAACCTCAAGTGGG-1_1_2"
"1245","CTCAAGATCCGTCACT-1_1_2"
"1246","CTCAATTCAGAGATGC-1_1_2"
"1247","CTCAATTTCTCAAAGC-1_1_2"
"1248","CTCACTGAGCGTTCCG-1_1_2"
"1249","CTCACTGAGGGACAGG-1_1_2"
"1250","CTCACTGAGTGCAAAT-1_1_2"
"1251","CTCACTGCAAAGTGTA-1_1_2"
"1252","CTCACTGGTTCTGAGT-1_1_2"
"1253","CTCACTGTCCTCACTG-1_1_2"
"1254","CTCAGAAAGTGCAGGT-1_1_2"
"1255","CTCAGAACACCAGTAT-1_1_2"
"1256","CTCAGAACATGGAAGC-1_1_2"
"1257","CTCAGAATCGGCAGTC-1_1_2"
"1258","CTCAGAATCTAGTTCT-1_1_2"
"1259","CTCAGGGAGCTCGCAC-1_1_2"
"1260","CTCAGGGCAGGGAGAG-1_1_2"
"1261","CTCAGGGTCATGCATG-1_1_2"
"1262","CTCAGGGTCTACGCAA-1_1_2"
"1263","CTCATCGGTCCGGATC-1_1_2"
"1264","CTCATCGGTTCACCGG-1_1_2"
"1265","CTCATCGTCAGCTTGA-1_1_2"
"1266","CTCATGCAGCGTATAA-1_1_2"
"1267","CTCATGCAGTCGTTAC-1_1_2"
"1268","CTCATGCGTGTGAGCA-1_1_2"
"1269","CTCATGCTCAGGAAGC-1_1_2"
"1270","CTCATGCTCGATGGAG-1_1_2"
"1271","CTCATTAAGACCTCAT-1_1_2"
"1272","CTCATTAAGAGTGTGC-1_1_2"
"1273","CTCCAACGTCAACCAT-1_1_2"
"1274","CTCCAACTCTGCGGGT-1_1_2"
"1275","CTCCACAAGACTCAAA-1_1_2"
"1276","CTCCACAAGCTTAAGA-1_1_2"
"1277","CTCCATGAGCACAAAT-1_1_2"
"1278","CTCCATGAGGGTAGCT-1_1_2"
"1279","CTCCATGCAAAGGGTC-1_1_2"
"1280","CTCCATGTCACACGAT-1_1_2"
"1281","CTCCATGTCGCCGATG-1_1_2"
"1282","CTCCCAAAGTCCCGAC-1_1_2"
"1283","CTCCCAACAATGAGCG-1_1_2"
"1284","CTCCCAACAGTTACCA-1_1_2"
"1285","CTCCCAACATGTGACT-1_1_2"
"1286","CTCCCAAGTGGTCCGT-1_1_2"
"1287","CTCCCAATCCATTTCA-1_1_2"
"1288","CTCCCTCGTAATGCTC-1_1_2"
"1289","CTCCCTCTCTGGTGCG-1_1_2"
"1290","CTCCGATCATGAGTAA-1_1_2"
"1291","CTCCGATTCACGGGAA-1_1_2"
"1292","CTCCTCCTCGGAGTGA-1_1_2"
"1293","CTCCTCCTCGTCTCAC-1_1_2"
"1294","CTCCTTTAGCCTGTCG-1_1_2"
"1295","CTCGAGGAGCCTGGAA-1_1_2"
"1296","CTCGAGGCAATTGGTC-1_1_2"
"1297","CTCGAGGCACAGTCGC-1_1_2"
"1298","CTCGAGGTCCGATTAG-1_1_2"
"1299","CTCTCAGAGGCCACCT-1_1_2"
"1300","CTCTCAGAGTGGAAAG-1_1_2"
"1301","CTCTCAGCAAGGACAC-1_1_2"
"1302","CTCTCAGCACAGAGAC-1_1_2"
"1303","CTCTCAGCACGAAGAC-1_1_2"
"1304","CTCTCAGGTCAAAGAT-1_1_2"
"1305","CTCTCGAAGCAGTACG-1_1_2"
"1306","CTCTCGAGTGTCTAAC-1_1_2"
"1307","CTCTGGTAGCTGTACT-1_1_2"
"1308","CTCTGGTCACCCTGAG-1_1_2"
"1309","CTGAATGAGGTTATAG-1_1_2"
"1310","CTGAATGGTAGACGGT-1_1_2"
"1311","CTGAATGGTCCTTGTC-1_1_2"
"1312","CTGAATGTCACTGGTA-1_1_2"
"1313","CTGAATGTCTGCACCT-1_1_2"
"1314","CTGAGCGAGACTGAGC-1_1_2"
"1315","CTGAGCGAGCCGTTAT-1_1_2"
"1316","CTGAGCGCAAATGATG-1_1_2"
"1317","CTGAGCGCAGGCTATT-1_1_2"
"1318","CTGAGGCGTCGACGCT-1_1_2"
"1319","CTGATCCAGCATCAGG-1_1_2"
"1320","CTGATCCCATGCGGTC-1_1_2"
"1321","CTGCAGGAGAGTGTGC-1_1_2"
"1322","CTGCAGGGTCCAATCA-1_1_2"
"1323","CTGCATCAGGGAGGAC-1_1_2"
"1324","CTGCATCAGGTTATAG-1_1_2"
"1325","CTGCATCGTCGCGTCA-1_1_2"
"1326","CTGCATCTCTACTGCC-1_1_2"
"1327","CTGCCATTCAAACGAA-1_1_2"
"1328","CTGCCATTCATCTCTA-1_1_2"
"1329","CTGCCTACAAGAGTAT-1_1_2"
"1330","CTGCCTATCCATCACC-1_1_2"
"1331","CTGCGAGAGATGTAGT-1_1_2"
"1332","CTGCGAGAGCTTCATG-1_1_2"
"1333","CTGCGAGAGGAACTAT-1_1_2"
"1334","CTGCGAGAGTAGACCG-1_1_2"
"1335","CTGCGAGCAACGATTC-1_1_2"
"1336","CTGCGAGTCAACCGAT-1_1_2"
"1337","CTGCTCAAGAGAGGGC-1_1_2"
"1338","CTGCTCAGTAGTCGGA-1_1_2"
"1339","CTGCTCAGTGAACCGA-1_1_2"
"1340","CTGCTCAGTGATATAG-1_1_2"
"1341","CTGCTCATCGTCGGGT-1_1_2"
"1342","CTGGACGCAGCTGTCG-1_1_2"
"1343","CTGGCAGAGCTGACAG-1_1_2"
"1344","CTGGCAGCACTCCGGA-1_1_2"
"1345","CTGGCAGTCATGCAGT-1_1_2"
"1346","CTGGTCTCATGACAGG-1_1_2"
"1347","CTGGTCTGTGACCGAA-1_1_2"
"1348","CTGTACCAGTCGAAAT-1_1_2"
"1349","CTGTACCGTTGCATCA-1_1_2"
"1350","CTGTACCTCCAGTACA-1_1_2"
"1351","CTGTAGACAGAGAAAG-1_1_2"
"1352","CTGTAGACATCGGATT-1_1_2"
"1353","CTGTATTAGACTTAAG-1_1_2"
"1354","CTGTATTAGTCTAACC-1_1_2"
"1355","CTGTCGTAGGTCGTCC-1_1_2"
"1356","CTGTCGTTCGACGAGA-1_1_2"
"1357","CTGTGAAAGCGTTCCG-1_1_2"
"1358","CTGTGAAAGGTTGGAC-1_1_2"
"1359","CTGTGAACACTATGTG-1_1_2"
"1360","CTGTGGGAGCCTATTG-1_1_2"
"1361","CTGTGGGAGTCATGCT-1_1_2"
"1362","CTGTGGGGTACCGGCT-1_1_2"
"1363","CTGTGGGGTATAGGAT-1_1_2"
"1364","CTTACCGAGACATAAC-1_1_2"
"1365","CTTACCGAGTTCCTGA-1_1_2"
"1366","CTTACCGGTGAACCGA-1_1_2"
"1367","CTTACCGGTTGGCCTG-1_1_2"
"1368","CTTACCGTCCCATTTA-1_1_2"
"1369","CTTACCGTCGAAGCAG-1_1_2"
"1370","CTTACCGTCTCCGAAA-1_1_2"
"1371","CTTAGGATCATAGAGA-1_1_2"
"1372","CTTAGGATCGCTACGG-1_1_2"
"1373","CTTAGGATCGGCTGGT-1_1_2"
"1374","CTTAGGATCGTGGGAA-1_1_2"
"1375","CTTCAATCAATTGCGT-1_1_2"
"1376","CTTCAATTCGAACACT-1_1_2"
"1377","CTTCCGAAGAAACACT-1_1_2"
"1378","CTTCCGACATAGGTAA-1_1_2"
"1379","CTTCCTTAGCTCCCTT-1_1_2"
"1380","CTTCCTTAGTATGACA-1_1_2"
"1381","CTTCCTTCACTCCACT-1_1_2"
"1382","CTTCCTTGTCCGTTTC-1_1_2"
"1383","CTTCCTTTCGCGAAGA-1_1_2"
"1384","CTTCGGTCATGATAGA-1_1_2"
"1385","CTTCGGTGTACCAATC-1_1_2"
"1386","CTTCTAAAGAGTTCGG-1_1_2"
"1387","CTTCTAATCATGAGGG-1_1_2"
"1388","CTTCTCTAGAGCCTGA-1_1_2"
"1389","CTTCTCTCACTCAGAT-1_1_2"
"1390","CTTCTCTGTAACAAGT-1_1_2"
"1391","CTTCTCTGTAGGACCA-1_1_2"
"1392","CTTCTCTGTGATAGAT-1_1_2"
"1393","CTTCTCTTCCCTGGTT-1_1_2"
"1394","CTTCTCTTCGGCAGTC-1_1_2"
"1395","CTTGAGACAAACAGGC-1_1_2"
"1396","CTTGAGAGTTAGTCGT-1_1_2"
"1397","CTTGAGAGTTTGCCGG-1_1_2"
"1398","CTTGATTAGGTTCACT-1_1_2"
"1399","CTTGATTCAAGGCAAC-1_1_2"
"1400","CTTGATTCATCGAGCC-1_1_2"
"1401","CTTGATTTCCCTCGTA-1_1_2"
"1402","CTTTCAACAATGACCT-1_1_2"
"1403","CTTTCAAGTAACCCTA-1_1_2"
"1404","CTTTCGGCAAATGCTC-1_1_2"
"1405","CTTTCGGCACAGAAGC-1_1_2"
"1406","CTTTCGGCAGGCATGA-1_1_2"
"1407","CTTTCGGGTTGTGTTG-1_1_2"
"1408","CTTTCGGTCGTGGACC-1_1_2"
"1409","GAAACCTCATAGCTGT-1_1_2"
"1410","GAAATGAAGAGCTTTC-1_1_2"
"1411","GAAATGACATGACAAA-1_1_2"
"1412","GAACACTAGTCTGGTT-1_1_2"
"1413","GAACACTCAAGAATAC-1_1_2"
"1414","GAACACTCATGACAAA-1_1_2"
"1415","GAACTGTAGGCAGGTT-1_1_2"
"1416","GAACTGTCATTCTGTT-1_1_2"
"1417","GAACTGTGTGAACTAA-1_1_2"
"1418","GAACTGTGTGTTCAGT-1_1_2"
"1419","GAACTGTTCGGACGTC-1_1_2"
"1420","GAAGAATCAGAGGTTG-1_1_2"
"1421","GAAGAATCATAACCCA-1_1_2"
"1422","GAAGCCCTCATCCTAT-1_1_2"
"1423","GAAGCGACAAGAATAC-1_1_2"
"1424","GAAGCGACACAATGAA-1_1_2"
"1425","GAAGCGACATCGTCCT-1_1_2"
"1426","GAAGCGATCCAAGAGG-1_1_2"
"1427","GAAGGACGTAGACGTG-1_1_2"
"1428","GAAGGACGTTCCGCAG-1_1_2"
"1429","GAAGGACTCAGCTCTC-1_1_2"
"1430","GAAGGGTCAACGGGTA-1_1_2"
"1431","GAAGGGTGTGTGTCGC-1_1_2"
"1432","GAAGGGTTCAGCTGTA-1_1_2"
"1433","GAAGGGTTCCTTGACC-1_1_2"
"1434","GAAGGGTTCGGAATGG-1_1_2"
"1435","GAAGTAACAAGAATAC-1_1_2"
"1436","GAATAGACAACAGCCC-1_1_2"
"1437","GAATAGACACAAATGA-1_1_2"
"1438","GAATCACTCACCTTGC-1_1_2"
"1439","GAATCACTCCTTCAGC-1_1_2"
"1440","GAATCGTAGACCAAGC-1_1_2"
"1441","GAATCGTCAAGCGATG-1_1_2"
"1442","GAATCGTCACAACGCC-1_1_2"
"1443","GAATCGTGTCCATCTC-1_1_2"
"1444","GAATCGTGTCTTTCTA-1_1_2"
"1445","GAATCGTTCTCAGGCG-1_1_2"
"1446","GACACGCAGATAGCTA-1_1_2"
"1447","GACACGCAGCTGACTT-1_1_2"
"1448","GACACGCTCACTTGGA-1_1_2"
"1449","GACACGCTCGGTATGT-1_1_2"
"1450","GACATCACAATTCGTG-1_1_2"
"1451","GACATCACATCTCATT-1_1_2"
"1452","GACCAATTCACCTTGC-1_1_2"
"1453","GACCCAGCAGTGTGGA-1_1_2"
"1454","GACCCAGCATACTTTC-1_1_2"
"1455","GACCCAGGTCACTCGG-1_1_2"
"1456","GACCCTTAGATTGCGG-1_1_2"
"1457","GACCCTTCAGTCGGAA-1_1_2"
"1458","GACCCTTTCCCTTGTG-1_1_2"
"1459","GACCCTTTCTGCAGCG-1_1_2"
"1460","GACCGTGAGCGTGCCT-1_1_2"
"1461","GACCGTGCAGTCACGC-1_1_2"
"1462","GACCGTGGTATGCAAA-1_1_2"
"1463","GACCTTCAGCTCTTCC-1_1_2"
"1464","GACCTTCCAAGCGAGT-1_1_2"
"1465","GACCTTCTCAAGCGTT-1_1_2"
"1466","GACCTTCTCTGCGTCT-1_1_2"
"1467","GACGCTGCAGCGGTTC-1_1_2"
"1468","GACGCTGGTTGGGACA-1_1_2"
"1469","GACGCTGTCTTCCCAG-1_1_2"
"1470","GACGTTACACAGAAGC-1_1_2"
"1471","GACGTTAGTCTACATG-1_1_2"
"1472","GACGTTATCGATACGT-1_1_2"
"1473","GACTATGAGACTCATC-1_1_2"
"1474","GACTATGCAGAACGCA-1_1_2"
"1475","GACTCAAGTAGGGTAC-1_1_2"
"1476","GACTCAAGTCCCTCAT-1_1_2"
"1477","GACTCAAGTGGATCAG-1_1_2"
"1478","GACTCTCCAACGGCCT-1_1_2"
"1479","GACTCTCCACATTACG-1_1_2"
"1480","GACTCTCCACTACCCT-1_1_2"
"1481","GACTCTCTCGAGTTGT-1_1_2"
"1482","GACTGATAGACGCAGT-1_1_2"
"1483","GACTGATCAATTTCGG-1_1_2"
"1484","GACTGATCACATGAAA-1_1_2"
"1485","GACTGATCACATTGTG-1_1_2"
"1486","GACTTCCAGAGCGACT-1_1_2"
"1487","GACTTCCGTTGCTTGA-1_1_2"
"1488","GACTTCCTCGAGGCAA-1_1_2"
"1489","GAGAAATAGCAAGGAA-1_1_2"
"1490","GAGAAATAGCGAGTCA-1_1_2"
"1491","GAGAAATGTGCGAACA-1_1_2"
"1492","GAGACCCAGGACACTG-1_1_2"
"1493","GAGACCCAGTGGTCAG-1_1_2"
"1494","GAGACTTAGTGGTTAA-1_1_2"
"1495","GAGACTTCAAGCGAAC-1_1_2"
"1496","GAGAGGTTCCACAAGT-1_1_2"
"1497","GAGAGGTTCTCTCTAA-1_1_2"
"1498","GAGATGGAGCTAGTTC-1_1_2"
"1499","GAGCCTGGTCTACATG-1_1_2"
"1500","GAGCTGCCAGACCCGT-1_1_2"
"1501","GAGCTGCTCAGGAACG-1_1_2"
"1502","GAGCTGCTCGTGGTAT-1_1_2"
"1503","GAGGCAAAGGTAAGAG-1_1_2"
"1504","GAGGCAACACGAAGAC-1_1_2"
"1505","GAGGCAACACTGGCCA-1_1_2"
"1506","GAGGCAACATGACTCA-1_1_2"
"1507","GAGGCAATCATGAGAA-1_1_2"
"1508","GAGGCCTGTGGAATGC-1_1_2"
"1509","GAGGCCTTCAGTGTGT-1_1_2"
"1510","GAGGGATAGACCTCCG-1_1_2"
"1511","GAGGGATTCCGTAATG-1_1_2"
"1512","GAGGGATTCGAGTTGT-1_1_2"
"1513","GAGGGTAAGAGGCTGT-1_1_2"
"1514","GAGGGTAAGAGTCACG-1_1_2"
"1515","GAGGGTAAGCTCGCAC-1_1_2"
"1516","GAGGGTAGTATCACGT-1_1_2"
"1517","GAGTCATCAATCGCCG-1_1_2"
"1518","GAGTCTACACAACGTT-1_1_2"
"1519","GAGTCTACACTGCATA-1_1_2"
"1520","GAGTGAGTCTACACTT-1_1_2"
"1521","GAGTGTTGTATCAGCT-1_1_2"
"1522","GAGTGTTGTCATCCGG-1_1_2"
"1523","GAGTGTTGTCTACAGT-1_1_2"
"1524","GAGTGTTTCATTGTTC-1_1_2"
"1525","GAGTGTTTCCGACATA-1_1_2"
"1526","GAGTTACAGCTGAGCA-1_1_2"
"1527","GAGTTACAGGGTCACA-1_1_2"
"1528","GAGTTACCAATCCTAG-1_1_2"
"1529","GAGTTACCAGGCAATG-1_1_2"
"1530","GAGTTACGTGCAAGAC-1_1_2"
"1531","GAGTTACTCAAGCCAT-1_1_2"
"1532","GAGTTGTAGACATAAC-1_1_2"
"1533","GAGTTGTAGACCACGA-1_1_2"
"1534","GAGTTGTGTGACCTGC-1_1_2"
"1535","GAGTTTGAGTCCGCCA-1_1_2"
"1536","GATAGAAAGGTTCAGG-1_1_2"
"1537","GATAGAAGTATTCTCT-1_1_2"
"1538","GATAGAATCAGGAGAC-1_1_2"
"1539","GATAGAATCTAGCAAC-1_1_2"
"1540","GATAGCTAGAAAGCGA-1_1_2"
"1541","GATAGCTCACTGCGAC-1_1_2"
"1542","GATAGCTGTCTTCATT-1_1_2"
"1543","GATAGCTTCCGACAGC-1_1_2"
"1544","GATCAGTAGCACCCAC-1_1_2"
"1545","GATCAGTAGGTTCCAT-1_1_2"
"1546","GATCATGGTCAGATTC-1_1_2"
"1547","GATCATGTCTCGTCGT-1_1_2"
"1548","GATCCCTAGAACCGCA-1_1_2"
"1549","GATCCCTGTTGCATCA-1_1_2"
"1550","GATCCCTGTTTGATCG-1_1_2"
"1551","GATCGTAAGTCGCTAT-1_1_2"
"1552","GATCGTACAAACTAGA-1_1_2"
"1553","GATCGTAGTTCGTAAC-1_1_2"
"1554","GATCGTATCAATCTTC-1_1_2"
"1555","GATGACTCAAGTCATC-1_1_2"
"1556","GATGACTCATGAGGGT-1_1_2"
"1557","GATGACTTCACGATAC-1_1_2"
"1558","GATGAGGGTCACCGCA-1_1_2"
"1559","GATGAGGGTTCATCGA-1_1_2"
"1560","GATGAGGTCAACCTTT-1_1_2"
"1561","GATGATCAGTTTCTTC-1_1_2"
"1562","GATGCTAAGGTTCTTG-1_1_2"
"1563","GATGCTAAGTCTTCCC-1_1_2"
"1564","GATGCTAGTTTGTGGT-1_1_2"
"1565","GATGCTATCCCTCGTA-1_1_2"
"1566","GATGGAGAGAGCAGCT-1_1_2"
"1567","GATGGAGAGATTGACA-1_1_2"
"1568","GATGGAGCAAATCGGG-1_1_2"
"1569","GATGGAGCATACACCA-1_1_2"
"1570","GATGGAGGTTCGCGTG-1_1_2"
"1571","GATGGAGTCTCTCGCA-1_1_2"
"1572","GATGTTGTCAGAGTTC-1_1_2"
"1573","GATTCGACAAGTGGGT-1_1_2"
"1574","GATTCGACACTGGCCA-1_1_2"
"1575","GATTCGACAGCGACCT-1_1_2"
"1576","GATTCGACAGGGAATC-1_1_2"
"1577","GATTCGAGTGACTAAA-1_1_2"
"1578","GATTCGATCCGTAATG-1_1_2"
"1579","GATTCTTAGCGATCGA-1_1_2"
"1580","GATTGGTGTGAAGCTG-1_1_2"
"1581","GATTGGTGTTTACTTC-1_1_2"
"1582","GATTGGTTCAGCTGAT-1_1_2"
"1583","GATTGGTTCTCATTGT-1_1_2"
"1584","GATTTCTGTCAACGCC-1_1_2"
"1585","GATTTCTGTGCGACAA-1_1_2"
"1586","GATTTCTTCCCATACC-1_1_2"
"1587","GCAACATAGCACGATG-1_1_2"
"1588","GCAACATGTTTGAACC-1_1_2"
"1589","GCAACCGGTGGGCTTC-1_1_2"
"1590","GCAACCGTCTTTCGAT-1_1_2"
"1591","GCACATAGTAACCCGC-1_1_2"
"1592","GCACGGTCAAAGACTA-1_1_2"
"1593","GCACGGTCAAGGTACG-1_1_2"
"1594","GCACGGTGTGGCTACC-1_1_2"
"1595","GCACGTGCAGTGCGCT-1_1_2"
"1596","GCACGTGGTTCCGCTT-1_1_2"
"1597","GCACGTGTCGTAACTG-1_1_2"
"1598","GCACTAAAGGGTTAGC-1_1_2"
"1599","GCACTAACATGTGCTA-1_1_2"
"1600","GCACTAAGTTCGATTG-1_1_2"
"1601","GCACTAATCCAACACA-1_1_2"
"1602","GCAGCCAAGGCCACTC-1_1_2"
"1603","GCAGCCACAACACGTT-1_1_2"
"1604","GCAGCCACAATAGTAG-1_1_2"
"1605","GCAGCTGAGGACTTCT-1_1_2"
"1606","GCAGCTGGTCAGCGTC-1_1_2"
"1607","GCAGGCTCAACCAATC-1_1_2"
"1608","GCAGGCTCAATTCGTG-1_1_2"
"1609","GCAGGCTGTAATCAGA-1_1_2"
"1610","GCAGTTAAGGTGGTTG-1_1_2"
"1611","GCAGTTAGTCATGGCC-1_1_2"
"1612","GCATCGGGTGAGCTCC-1_1_2"
"1613","GCATGATCACCTCTGT-1_1_2"
"1614","GCATGATTCACTGGTA-1_1_2"
"1615","GCATTAGCATGGCGCT-1_1_2"
"1616","GCATTAGTCCTGTTAT-1_1_2"
"1617","GCATTAGTCTCATGGA-1_1_2"
"1618","GCATTAGTCTTCTTCC-1_1_2"
"1619","GCCAACGAGGTCGCCT-1_1_2"
"1620","GCCAACGCACCTGCGA-1_1_2"
"1621","GCCAACGCAGAATGTA-1_1_2"
"1622","GCCAACGCATGAATCC-1_1_2"
"1623","GCCAGGTGTAAGTAGT-1_1_2"
"1624","GCCAGGTGTGTGACCC-1_1_2"
"1625","GCCAGGTTCATGGATC-1_1_2"
"1626","GCCAGGTTCTTGTTAC-1_1_2"
"1627","GCCAGTGCAATAGTAG-1_1_2"
"1628","GCCAGTGTCGTCGATA-1_1_2"
"1629","GCCATGGAGAAACTAC-1_1_2"
"1630","GCCATGGAGACGTCGA-1_1_2"
"1631","GCCATGGCAGAAGTGC-1_1_2"
"1632","GCCATGGTCTAACGCA-1_1_2"
"1633","GCCATGGTCTACTCAT-1_1_2"
"1634","GCCATTCAGCTAGAAT-1_1_2"
"1635","GCCATTCCAAACTAGA-1_1_2"
"1636","GCCATTCCAGCAGTCC-1_1_2"
"1637","GCCATTCGTACAGTTC-1_1_2"
"1638","GCCATTCGTCAACCTA-1_1_2"
"1639","GCCCAGAAGAGATCGC-1_1_2"
"1640","GCCCGAACACTATCGA-1_1_2"
"1641","GCCGATGAGTCTGGAG-1_1_2"
"1642","GCCGATGCACTAGTAC-1_1_2"
"1643","GCCGATGTCCACTGGG-1_1_2"
"1644","GCCGATGTCCTGGCTT-1_1_2"
"1645","GCCGTGAAGTCATACC-1_1_2"
"1646","GCCGTGAGTGTGAATA-1_1_2"
"1647","GCCGTGATCATGCGGC-1_1_2"
"1648","GCCTGTTAGATGAATC-1_1_2"
"1649","GCCTGTTAGCATTGTC-1_1_2"
"1650","GCCTGTTAGGAGTCTG-1_1_2"
"1651","GCCTGTTAGGCTCACC-1_1_2"
"1652","GCCTGTTGTATCGGTT-1_1_2"
"1653","GCCTGTTGTTAAGGGC-1_1_2"
"1654","GCGATCGTCGAACCTA-1_1_2"
"1655","GCGGAAAAGCCATTGT-1_1_2"
"1656","GCGGAAAGTGATCATC-1_1_2"
"1657","GCGGAAAGTTGGCCGT-1_1_2"
"1658","GCGGAAATCTTCGGAA-1_1_2"
"1659","GCGGATCTCGTTCATT-1_1_2"
"1660","GCGTGCAAGAGTACCG-1_1_2"
"1661","GCGTTTCAGACCGTTT-1_1_2"
"1662","GCGTTTCTCCTGCTAC-1_1_2"
"1663","GCGTTTCTCGTCACCT-1_1_2"
"1664","GCTACAACAACCGCCA-1_1_2"
"1665","GCTACAAGTGTCGATT-1_1_2"
"1666","GCTACAATCCATTCAT-1_1_2"
"1667","GCTACCTAGTAGCAAT-1_1_2"
"1668","GCTACCTAGTTGGGAC-1_1_2"
"1669","GCTACCTCACCCTCTA-1_1_2"
"1670","GCTACCTCAGTGTGCC-1_1_2"
"1671","GCTACCTCATTCACCC-1_1_2"
"1672","GCTACCTGTACCCGCA-1_1_2"
"1673","GCTACCTGTGTATACC-1_1_2"
"1674","GCTCAAACACTACGGC-1_1_2"
"1675","GCTCAAATCGTGGAAG-1_1_2"
"1676","GCTGCAGAGCACTCCG-1_1_2"
"1677","GCTGCAGTCAGTCAGT-1_1_2"
"1678","GCTGGGTAGATTCGAA-1_1_2"
"1679","GCTGGGTTCGATGGAG-1_1_2"
"1680","GCTGGGTTCGTGGCTG-1_1_2"
"1681","GCTTCACCACCTCTAC-1_1_2"
"1682","GCTTGGGAGAGGTCGT-1_1_2"
"1683","GCTTGGGCACATTGTG-1_1_2"
"1684","GCTTGGGTCGTTCCTG-1_1_2"
"1685","GCTTTCGTCGTTCTGC-1_1_2"
"1686","GGAACCCAGCCTGAAG-1_1_2"
"1687","GGAACCCCAACGACAG-1_1_2"
"1688","GGAACCCCAGCTGAAG-1_1_2"
"1689","GGAACCCCATCTGCGG-1_1_2"
"1690","GGAACCCGTCGGTGAA-1_1_2"
"1691","GGAAGTGAGGGCCCTT-1_1_2"
"1692","GGAAGTGCAAGGAGTC-1_1_2"
"1693","GGAATCTCAGCCCACA-1_1_2"
"1694","GGAATCTTCGTAGTCA-1_1_2"
"1695","GGAATGGAGCACCGTC-1_1_2"
"1696","GGAATGGAGCGCATCC-1_1_2"
"1697","GGAATGGCAGAGACTG-1_1_2"
"1698","GGAGAACTCAGTGCGC-1_1_2"
"1699","GGAGATGAGCACCCAC-1_1_2"
"1700","GGAGATGGTCACAATC-1_1_2"
"1701","GGAGCAAAGGTACAGC-1_1_2"
"1702","GGAGCAAAGTCGGGAT-1_1_2"
"1703","GGAGCAACAATGTCTG-1_1_2"
"1704","GGAGCAACACTTTAGG-1_1_2"
"1705","GGAGCAACATTGCCTC-1_1_2"
"1706","GGAGCAAGTGGCTGAA-1_1_2"
"1707","GGAGCAATCTGCGTCT-1_1_2"
"1708","GGAGGATCAAAGCACG-1_1_2"
"1709","GGAGGATCACAGTACT-1_1_2"
"1710","GGAGGATCATCTCAAG-1_1_2"
"1711","GGAGGATCATGTGGTT-1_1_2"
"1712","GGAGGATTCCGTTGAA-1_1_2"
"1713","GGAGGATTCTCGCGTT-1_1_2"
"1714","GGAGGTAAGGTAGATT-1_1_2"
"1715","GGAGGTACACTCCTTG-1_1_2"
"1716","GGAGGTACAGGCGTTC-1_1_2"
"1717","GGATCTAAGTCCGCCA-1_1_2"
"1718","GGATCTACATCGATGT-1_1_2"
"1719","GGATCTAGTGGACAGT-1_1_2"
"1720","GGATGTTAGAATCCCT-1_1_2"
"1721","GGATGTTAGGAATGTT-1_1_2"
"1722","GGATGTTCACCCAATA-1_1_2"
"1723","GGATGTTGTACCCACG-1_1_2"
"1724","GGATGTTGTCCACATA-1_1_2"
"1725","GGATGTTTCGCGGACT-1_1_2"
"1726","GGCACGTAGTCCTGCG-1_1_2"
"1727","GGCACGTGTGAGTTGG-1_1_2"
"1728","GGCACGTTCAGACCCG-1_1_2"
"1729","GGCAGTCAGTCAACAA-1_1_2"
"1730","GGCGTCAAGATGAAGG-1_1_2"
"1731","GGCGTCAGTAGTGGCA-1_1_2"
"1732","GGCTGTGAGGACCCAA-1_1_2"
"1733","GGCTGTGCATCTCGTC-1_1_2"
"1734","GGCTTGGAGCCTTCTC-1_1_2"
"1735","GGCTTGGAGGCTGGAT-1_1_2"
"1736","GGCTTTCAGCACTCTA-1_1_2"
"1737","GGCTTTCTCCGGGACT-1_1_2"
"1738","GGCTTTCTCGCGCTGA-1_1_2"
"1739","GGGAAGTCACCGTACG-1_1_2"
"1740","GGGACAACAGTGCCTG-1_1_2"
"1741","GGGACCTCATGCCATA-1_1_2"
"1742","GGGACCTTCAATGCAC-1_1_2"
"1743","GGGACCTTCGCCTCTA-1_1_2"
"1744","GGGACTCCAAGAATAC-1_1_2"
"1745","GGGACTCCACCCTAAA-1_1_2"
"1746","GGGACTCCAGGAGGAG-1_1_2"
"1747","GGGACTCGTACCTAGT-1_1_2"
"1748","GGGACTCGTGCATCTA-1_1_2"
"1749","GGGACTCGTTGGGATG-1_1_2"
"1750","GGGACTCTCACCTTGC-1_1_2"
"1751","GGGACTCTCTGGGAGA-1_1_2"
"1752","GGGAGTAAGAGCAACC-1_1_2"
"1753","GGGAGTACAAATAGCA-1_1_2"
"1754","GGGAGTAGTGGCTTAT-1_1_2"
"1755","GGGAGTATCTCGCGTT-1_1_2"
"1756","GGGATCCTCGACCACG-1_1_2"
"1757","GGGATGAAGTCCGCCA-1_1_2"
"1758","GGGATGAAGTGAGGTC-1_1_2"
"1759","GGGATGACAGAGTAAT-1_1_2"
"1760","GGGATGACATGATGCT-1_1_2"
"1761","GGGCCATAGGGCTGAT-1_1_2"
"1762","GGGCCATGTCATCGGC-1_1_2"
"1763","GGGCCATGTGTTCAGT-1_1_2"
"1764","GGGCCATTCCACCTGT-1_1_2"
"1765","GGGCCATTCTGCATGA-1_1_2"
"1766","GGGCGTTGTCATATGC-1_1_2"
"1767","GGGCGTTTCTAGGAAA-1_1_2"
"1768","GGGCTACAGAAATCCA-1_1_2"
"1769","GGGCTACAGTTGTAAG-1_1_2"
"1770","GGGCTACGTGATTCTG-1_1_2"
"1771","GGGCTCACACGCACCA-1_1_2"
"1772","GGGCTCACACGTAGAG-1_1_2"
"1773","GGGCTCAGTTCATCTT-1_1_2"
"1774","GGGCTCATCAGACCGC-1_1_2"
"1775","GGGTAGACACTGCATA-1_1_2"
"1776","GGGTAGACAGACACAG-1_1_2"
"1777","GGGTATTAGAGTGGCT-1_1_2"
"1778","GGGTATTAGTAAGGGA-1_1_2"
"1779","GGGTATTCAATACCCA-1_1_2"
"1780","GGGTATTCAATTAGGA-1_1_2"
"1781","GGGTATTCACACGGTC-1_1_2"
"1782","GGGTATTTCGAGAGCA-1_1_2"
"1783","GGGTCACAGATACAGT-1_1_2"
"1784","GGGTCACCAAGAGGCT-1_1_2"
"1785","GGGTCACTCGGTTAGT-1_1_2"
"1786","GGGTCACTCTGCTGAA-1_1_2"
"1787","GGGTCTGCAATCGCCG-1_1_2"
"1788","GGGTCTGGTTCGGCTG-1_1_2"
"1789","GGGTGAAAGCGCCTTG-1_1_2"
"1790","GGGTGAAGTCCAGTTA-1_1_2"
"1791","GGGTGAATCGTTGTTT-1_1_2"
"1792","GGGTGTCAGTATAGGT-1_1_2"
"1793","GGGTGTCGTACGAGTG-1_1_2"
"1794","GGGTGTCGTCCAAAGG-1_1_2"
"1795","GGGTGTCGTCGAATTC-1_1_2"
"1796","GGGTGTCTCATCTCTA-1_1_2"
"1797","GGGTGTCTCGTGTTCC-1_1_2"
"1798","GGGTTATAGGCTAAAT-1_1_2"
"1799","GGGTTATCAGTGTACT-1_1_2"
"1800","GGGTTTAAGCGGTATG-1_1_2"
"1801","GGGTTTACATATGGCT-1_1_2"
"1802","GGGTTTAGTGTTCAGT-1_1_2"
"1803","GGGTTTATCCACCTCA-1_1_2"
"1804","GGTAACTAGGTCATAA-1_1_2"
"1805","GGTAACTTCGTTGTTT-1_1_2"
"1806","GGTAATCCAACACACT-1_1_2"
"1807","GGTAATCCAGCTTTCC-1_1_2"
"1808","GGTAGAGAGTGTAGTA-1_1_2"
"1809","GGTAGAGCAAGGGTCA-1_1_2"
"1810","GGTAGAGTCATGGGAG-1_1_2"
"1811","GGTCACGCAGTATACC-1_1_2"
"1812","GGTCACGGTAGGAAAG-1_1_2"
"1813","GGTCACGGTCAAAGCG-1_1_2"
"1814","GGTCTGGAGGACGGAG-1_1_2"
"1815","GGTCTGGAGTACGAGC-1_1_2"
"1816","GGTCTGGCATGATGCT-1_1_2"
"1817","GGTCTGGTCATGGAGG-1_1_2"
"1818","GGTGAAGGTACACTCA-1_1_2"
"1819","GGTGATTAGATGGTCG-1_1_2"
"1820","GGTGATTCAGCGTATT-1_1_2"
"1821","GGTGGCTAGAGGATCC-1_1_2"
"1822","GGTGGCTAGCATATGA-1_1_2"
"1823","GGTGGCTCATCGTGCG-1_1_2"
"1824","GGTGGCTCATTGCTGA-1_1_2"
"1825","GGTGGCTGTCGTATGT-1_1_2"
"1826","GGTGTCGAGCATTTGC-1_1_2"
"1827","GGTGTCGTCGGATAAA-1_1_2"
"1828","GGTGTCGTCGGCTGGT-1_1_2"
"1829","GGTGTTAGTAACACCT-1_1_2"
"1830","GGTGTTAGTCAGACTT-1_1_2"
"1831","GGTTCTCAGAGGTGCT-1_1_2"
"1832","GGTTCTCAGGCTCTAT-1_1_2"
"1833","GGTTCTCCATTCCTCG-1_1_2"
"1834","GGTTCTCGTCGCAACC-1_1_2"
"1835","GGTTCTCGTTGACGGA-1_1_2"
"1836","GGTTCTCTCCGTTGAA-1_1_2"
"1837","GGTTGTAAGAGCGACT-1_1_2"
"1838","GGTTGTAAGCTAAATG-1_1_2"
"1839","GGTTGTACATGAGGGT-1_1_2"
"1840","GGTTGTAGTACTGCCG-1_1_2"
"1841","GTAACACAGCAATTAG-1_1_2"
"1842","GTAACACCAATAAGGT-1_1_2"
"1843","GTAACACCAGAGTAAT-1_1_2"
"1844","GTAACACGTCAACACT-1_1_2"
"1845","GTAACACGTCGCCACA-1_1_2"
"1846","GTAAGTCCACCTGCGA-1_1_2"
"1847","GTAAGTCGTGTCATCA-1_1_2"
"1848","GTAATCGGTTCCGCTT-1_1_2"
"1849","GTAATGCAGGGCTGAT-1_1_2"
"1850","GTAATGCAGTCACTGT-1_1_2"
"1851","GTAATGCGTCGAACGA-1_1_2"
"1852","GTAATGCGTTGTACGT-1_1_2"
"1853","GTACAACCAAGAGTGC-1_1_2"
"1854","GTACAACCACGGCACT-1_1_2"
"1855","GTACAACCAGCAGACA-1_1_2"
"1856","GTACAACGTTCGGCGT-1_1_2"
"1857","GTACAGTAGCTTGTTG-1_1_2"
"1858","GTACAGTGTCTCAAGT-1_1_2"
"1859","GTACAGTGTGTGGTCC-1_1_2"
"1860","GTACAGTTCATTACCT-1_1_2"
"1861","GTAGAAAAGTGATAGT-1_1_2"
"1862","GTAGAAAGTCAGCGTC-1_1_2"
"1863","GTAGAAATCTCACTCG-1_1_2"
"1864","GTAGAGGAGAAACTCA-1_1_2"
"1865","GTAGAGGGTAACATGA-1_1_2"
"1866","GTAGAGGGTGCTCTTC-1_1_2"
"1867","GTAGATCCAGGTCCCA-1_1_2"
"1868","GTAGATCGTACACGTT-1_1_2"
"1869","GTAGATCTCCTCCACA-1_1_2"
"1870","GTAGCTAAGTATGCAA-1_1_2"
"1871","GTAGCTACACGCTTAA-1_1_2"
"1872","GTAGCTACAGATTAAG-1_1_2"
"1873","GTAGCTATCTCTTGCG-1_1_2"
"1874","GTAGGAGAGTTGCATC-1_1_2"
"1875","GTAGGTTAGAAATTGC-1_1_2"
"1876","GTAGGTTAGCATAGGC-1_1_2"
"1877","GTAGGTTCAATAGAGT-1_1_2"
"1878","GTAGGTTGTCCGAAAG-1_1_2"
"1879","GTAGTACGTCTTTATC-1_1_2"
"1880","GTATTGGCAGTGCGCT-1_1_2"
"1881","GTATTTCAGGATATAC-1_1_2"
"1882","GTATTTCCAACTGTGT-1_1_2"
"1883","GTATTTCCACGTAACT-1_1_2"
"1884","GTATTTCGTGGCGTAA-1_1_2"
"1885","GTCAAACAGTAGTGCG-1_1_2"
"1886","GTCAAACCAACACAGG-1_1_2"
"1887","GTCAAACGTTCAAAGA-1_1_2"
"1888","GTCAAACTCATGTCAG-1_1_2"
"1889","GTCAAGTTCAAGCCAT-1_1_2"
"1890","GTCACGGGTTAGTTCG-1_1_2"
"1891","GTCACGGTCTCTCTAA-1_1_2"
"1892","GTCACTCAGTCGCCAC-1_1_2"
"1893","GTCACTCCACGTACAT-1_1_2"
"1894","GTCACTCTCCATCGTC-1_1_2"
"1895","GTCACTCTCGCGTCGA-1_1_2"
"1896","GTCAGCGGTAGAGACC-1_1_2"
"1897","GTCAGCGGTTGCCGAC-1_1_2"
"1898","GTCATCCAGTGCTCGC-1_1_2"
"1899","GTCATCCGTCCTATAG-1_1_2"
"1900","GTCATCCGTTCCAAAC-1_1_2"
"1901","GTCATCCTCAGCATTG-1_1_2"
"1902","GTCATGAAGTTGTCGT-1_1_2"
"1903","GTCATGATCATGGGAG-1_1_2"
"1904","GTCATTTCATCTCAAG-1_1_2"
"1905","GTCATTTGTACCATAC-1_1_2"
"1906","GTCCACTCACAAATGA-1_1_2"
"1907","GTCCACTGTCATACCA-1_1_2"
"1908","GTCCCATCAAGGTCGA-1_1_2"
"1909","GTCCTCAAGAGCTGCA-1_1_2"
"1910","GTCCTCAAGGACTAAT-1_1_2"
"1911","GTCCTCAAGGCATGCA-1_1_2"
"1912","GTCCTCAGTATGAGCG-1_1_2"
"1913","GTCCTCAGTCGTGTTA-1_1_2"
"1914","GTCCTCATCACCACAA-1_1_2"
"1915","GTCCTCATCCTACCGT-1_1_2"
"1916","GTCGAATGTCTAGTGT-1_1_2"
"1917","GTCGAATGTTCCGCAG-1_1_2"
"1918","GTCGAATTCTGCGGCA-1_1_2"
"1919","GTCGCGAAGAAGCCAC-1_1_2"
"1920","GTCGCGAAGCCAACCC-1_1_2"
"1921","GTCGCGACAGTGCCTG-1_1_2"
"1922","GTCGCGATCTGAATGC-1_1_2"
"1923","GTCGTAAAGATTGTGA-1_1_2"
"1924","GTCGTAAAGTACAACA-1_1_2"
"1925","GTCGTAAGTATCGCGC-1_1_2"
"1926","GTCGTAATCAAGCCTA-1_1_2"
"1927","GTCGTTCCACCTGCAG-1_1_2"
"1928","GTCTACCCAACGGTAG-1_1_2"
"1929","GTCTACCCAAGTCCCG-1_1_2"
"1930","GTCTACCGTCACCACG-1_1_2"
"1931","GTCTACCGTGTCCATA-1_1_2"
"1932","GTCTACCTCGCGGACT-1_1_2"
"1933","GTCTAGAGTGACAGGT-1_1_2"
"1934","GTCTAGATCATTTACC-1_1_2"
"1935","GTCTCACTCTGCCTGT-1_1_2"
"1936","GTCTGTCAGATACTGA-1_1_2"
"1937","GTCTGTCAGCAGATAT-1_1_2"
"1938","GTCTGTCAGGACAGTC-1_1_2"
"1939","GTCTGTCCACTTGACA-1_1_2"
"1940","GTCTTTAAGAATCGCG-1_1_2"
"1941","GTCTTTACATAATGCC-1_1_2"
"1942","GTCTTTATCTCGTTTA-1_1_2"
"1943","GTGACGCAGCCTCTTC-1_1_2"
"1944","GTGACGCCACGACAAG-1_1_2"
"1945","GTGACGCGTAATGCTC-1_1_2"
"1946","GTGACGCGTCTGTGTA-1_1_2"
"1947","GTGACGCGTTTACTTC-1_1_2"
"1948","GTGAGCCAGTCATTGC-1_1_2"
"1949","GTGAGCCCATAATCCG-1_1_2"
"1950","GTGAGCCCATGATCTG-1_1_2"
"1951","GTGAGGAAGACTCATC-1_1_2"
"1952","GTGAGGAAGGGCAACT-1_1_2"
"1953","GTGAGGACAAGTGATA-1_1_2"
"1954","GTGAGGAGTCCCTGAG-1_1_2"
"1955","GTGAGTTAGGACAAGA-1_1_2"
"1956","GTGAGTTAGGGACTGT-1_1_2"
"1957","GTGAGTTGTAACAGGC-1_1_2"
"1958","GTGAGTTGTCCAGTTA-1_1_2"
"1959","GTGAGTTGTGGCACTC-1_1_2"
"1960","GTGAGTTTCCGCAACG-1_1_2"
"1961","GTGATGTCACACACTA-1_1_2"
"1962","GTGATGTGTTTGATCG-1_1_2"
"1963","GTGATGTTCTAGCCTC-1_1_2"
"1964","GTGCACGCATGGAAGC-1_1_2"
"1965","GTGCAGCAGCAATAAC-1_1_2"
"1966","GTGCAGCAGGAACATT-1_1_2"
"1967","GTGCAGCAGTTGCCTA-1_1_2"
"1968","GTGCAGCCAGAGCCCT-1_1_2"
"1969","GTGCAGCTCCGTGTGG-1_1_2"
"1970","GTGCAGCTCTAAGCGT-1_1_2"
"1971","GTGCGTGAGGTTAAAC-1_1_2"
"1972","GTGCGTGTCCACAAGT-1_1_2"
"1973","GTGCGTGTCGGTTGTA-1_1_2"
"1974","GTGCTGGAGTGCGACA-1_1_2"
"1975","GTGCTGGCAGCTCATA-1_1_2"
"1976","GTGCTGGCAGTATGAA-1_1_2"
"1977","GTGCTGGGTCCAGGTC-1_1_2"
"1978","GTGCTGGGTGAGGATC-1_1_2"
"1979","GTGCTGGGTGTGTCGC-1_1_2"
"1980","GTGCTGGTCTCCGATC-1_1_2"
"1981","GTGCTTCAGGGATCGT-1_1_2"
"1982","GTGCTTCAGGTCATTC-1_1_2"
"1983","GTGGAAGAGTTCCGGC-1_1_2"
"1984","GTGGAAGCAATTCTTC-1_1_2"
"1985","GTGGAAGGTGGAGAAA-1_1_2"
"1986","GTGGAGATCAGCCCAG-1_1_2"
"1987","GTGGCGTCACGTGAGA-1_1_2"
"1988","GTGGCGTGTGGGAGAG-1_1_2"
"1989","GTGGCGTTCTAGGAAA-1_1_2"
"1990","GTGGGAAGTAACATAG-1_1_2"
"1991","GTGGGAAGTACACTCA-1_1_2"
"1992","GTGGGAATCTAGTTCT-1_1_2"
"1993","GTGGTTACACAAAGTA-1_1_2"
"1994","GTGTAACAGCTGTTCA-1_1_2"
"1995","GTGTAACCAGTTGTCA-1_1_2"
"1996","GTGTAACGTACCACGC-1_1_2"
"1997","GTGTCCTGTCGAACGA-1_1_2"
"1998","GTGTCCTTCCATATGG-1_1_2"
"1999","GTGTGATCACTCCTTG-1_1_2"
"2000","GTGTGATGTTCCATTT-1_1_2"
"2001","GTGTGATTCGCGTTTC-1_1_2"
"2002","GTGTGATTCTTCCAGC-1_1_2"
"2003","GTGTGGCAGCACTTTG-1_1_2"
"2004","GTGTGGCAGGACGCAT-1_1_2"
"2005","GTGTGGCCACCAGTAT-1_1_2"
"2006","GTGTGGCGTCATGGCC-1_1_2"
"2007","GTGTGGCTCACGGAGA-1_1_2"
"2008","GTGTTAGAGAAGCCTG-1_1_2"
"2009","GTGTTAGGTATGCAAA-1_1_2"
"2010","GTGTTAGGTCACTAGT-1_1_2"
"2011","GTGTTCCGTTGTCAGT-1_1_2"
"2012","GTGTTCCTCTTCGCTG-1_1_2"
"2013","GTTACCCAGTCACGCC-1_1_2"
"2014","GTTACCCGTGCCGGTT-1_1_2"
"2015","GTTACGAAGATCGACG-1_1_2"
"2016","GTTACGATCTAATTCC-1_1_2"
"2017","GTTAGACGTACGATGG-1_1_2"
"2018","GTTAGTGAGCACGATG-1_1_2"
"2019","GTTAGTGCAATGTCAC-1_1_2"
"2020","GTTAGTGTCCAGTGCG-1_1_2"
"2021","GTTATGGAGGGATGTC-1_1_2"
"2022","GTTATGGCATACTGAC-1_1_2"
"2023","GTTCATTCAAGCTGCC-1_1_2"
"2024","GTTCATTCACATTCTT-1_1_2"
"2025","GTTCATTGTACCCGAC-1_1_2"
"2026","GTTCATTGTCGAACGA-1_1_2"
"2027","GTTCCGTCAGAAACCG-1_1_2"
"2028","GTTCCGTTCGCTCATC-1_1_2"
"2029","GTTCGCTCATCTGGGC-1_1_2"
"2030","GTTCGCTTCAAGCTGT-1_1_2"
"2031","GTTCTATAGCGAAACC-1_1_2"
"2032","GTTCTATCAGCAGTTT-1_1_2"
"2033","GTTCTATCAGTTAGAA-1_1_2"
"2034","GTTCTATCATCCGAAT-1_1_2"
"2035","GTTGAACAGACCGTTT-1_1_2"
"2036","GTTGAACAGCAATAAC-1_1_2"
"2037","GTTGAACAGCCTCGTG-1_1_2"
"2038","GTTGAACGTGTTAACC-1_1_2"
"2039","GTTGAACTCGGTAGGA-1_1_2"
"2040","GTTGCGGGTGCGAGTA-1_1_2"
"2041","GTTGCTCAGGAGCAAA-1_1_2"
"2042","GTTGTAGAGCACCGTC-1_1_2"
"2043","GTTGTCCGTGATCATC-1_1_2"
"2044","GTTGTCCGTTATCCAG-1_1_2"
"2045","GTTGTGAAGTGCAAAT-1_1_2"
"2046","GTTGTGACAGTCTCTC-1_1_2"
"2047","GTTGTGATCAGGACAG-1_1_2"
"2048","GTTTACTAGACATACA-1_1_2"
"2049","GTTTACTCAACTCATG-1_1_2"
"2050","GTTTGGAAGTGTAGAT-1_1_2"
"2051","GTTTGGAGTGTCTCCT-1_1_2"
"2052","GTTTGGAGTTGACTAC-1_1_2"
"2053","GTTTGGATCGCTTGCT-1_1_2"
"2054","TAACACGAGGTTTGAA-1_1_2"
"2055","TAACACGTCGTTACCC-1_1_2"
"2056","TAACCAGAGTTCGGTT-1_1_2"
"2057","TAACCAGCACAGTCCG-1_1_2"
"2058","TAACCAGCACGGCCAT-1_1_2"
"2059","TAACCAGGTCGCTCGA-1_1_2"
"2060","TAACCAGGTGTATCCA-1_1_2"
"2061","TAACCAGGTTCTCCCA-1_1_2"
"2062","TAACGACAGAGAGCCT-1_1_2"
"2063","TAACGACCACCCAAGC-1_1_2"
"2064","TAACGACCATGTGGTT-1_1_2"
"2065","TAACGACGTTACACAC-1_1_2"
"2066","TAACTTCCAACGATTC-1_1_2"
"2067","TAACTTCCATGACAGG-1_1_2"
"2068","TAAGCACCACGACTAT-1_1_2"
"2069","TAAGCACGTACCAATC-1_1_2"
"2070","TAAGCACGTACGACAG-1_1_2"
"2071","TAAGCACGTCTACATG-1_1_2"
"2072","TAAGCCAAGGATACAT-1_1_2"
"2073","TAAGCCACACACGGAA-1_1_2"
"2074","TAAGCCATCACTCCGT-1_1_2"
"2075","TAAGCCATCGTAACTG-1_1_2"
"2076","TAAGCGTAGCATGCGA-1_1_2"
"2077","TAAGCGTAGCCGATAG-1_1_2"
"2078","TAAGCGTAGCCTTGAT-1_1_2"
"2079","TAAGCGTCACAGTATC-1_1_2"
"2080","TAAGCGTCAGGACTTT-1_1_2"
"2081","TAAGCGTTCTGCGAGC-1_1_2"
"2082","TAAGTCGAGAACAGGA-1_1_2"
"2083","TAATCTCAGGAGATAG-1_1_2"
"2084","TAATCTCCAGTTCACA-1_1_2"
"2085","TAATCTCCATGGCTAT-1_1_2"
"2086","TAATCTCTCTTCGCTG-1_1_2"
"2087","TAATTCCAGTGGTTAA-1_1_2"
"2088","TAATTCCCAGGAACCA-1_1_2"
"2089","TAATTCCGTTCAACGT-1_1_2"
"2090","TAATTCCTCACTGTCC-1_1_2"
"2091","TACAACGAGCATTTGC-1_1_2"
"2092","TACAACGGTTCTCCCA-1_1_2"
"2093","TACAACGTCGATACAC-1_1_2"
"2094","TACACCCCAGCTGTGC-1_1_2"
"2095","TACACCCGTCTAGGCC-1_1_2"
"2096","TACACCCTCAGCGCAC-1_1_2"
"2097","TACACCCTCAGCTTCC-1_1_2"
"2098","TACAGGTCAAAGGTTA-1_1_2"
"2099","TACAGGTGTCACTTAG-1_1_2"
"2100","TACAGGTTCCAACACA-1_1_2"
"2101","TACAGGTTCGGAGCAA-1_1_2"
"2102","TACATTCAGCTGACCC-1_1_2"
"2103","TACATTCCACCGTACG-1_1_2"
"2104","TACATTCTCGATTGAC-1_1_2"
"2105","TACCCACCACCATATG-1_1_2"
"2106","TACCCACGTAGGCAAC-1_1_2"
"2107","TACCCACGTTCTAACG-1_1_2"
"2108","TACCCACGTTGGAGGT-1_1_2"
"2109","TACCCACTCAAGCCGC-1_1_2"
"2110","TACCCACTCGAGGCAA-1_1_2"
"2111","TACCCGTAGTGCCGAA-1_1_2"
"2112","TACCCGTGTCGCATGC-1_1_2"
"2113","TACCCGTGTTTGATCG-1_1_2"
"2114","TACCCGTTCCCTTCCC-1_1_2"
"2115","TACCGAAAGGAAGTAG-1_1_2"
"2116","TACCGAAAGGTAGACC-1_1_2"
"2117","TACCGAAGTAGCTCGC-1_1_2"
"2118","TACCGGGAGTCATAGA-1_1_2"
"2119","TACCGGGCAATACAGA-1_1_2"
"2120","TACCGGGCACTACAGT-1_1_2"
"2121","TACCTCGGTACTAGCT-1_1_2"
"2122","TACCTCGTCCCGAAAT-1_1_2"
"2123","TACCTCGTCGTAGGAG-1_1_2"
"2124","TACCTGCCATGTCGTA-1_1_2"
"2125","TACCTGCGTGAACGGT-1_1_2"
"2126","TACGCTCGTCGCTTGG-1_1_2"
"2127","TACGCTCGTTCCTACC-1_1_2"
"2128","TACGGGCAGCCTGTCG-1_1_2"
"2129","TACGGGCAGTCTGGTT-1_1_2"
"2130","TACGGGCGTAATGCTC-1_1_2"
"2131","TACGTCCCACAACGAG-1_1_2"
"2132","TACTGCCAGAGCAGAA-1_1_2"
"2133","TACTGCCCACGACGAA-1_1_2"
"2134","TACTGCCCATAATCCG-1_1_2"
"2135","TACTGCCTCCTCTCTT-1_1_2"
"2136","TACTTACTCATTGAGC-1_1_2"
"2137","TACTTACTCTCGTTTA-1_1_2"
"2138","TACTTCAAGTAGTGCG-1_1_2"
"2139","TACTTCAGTCTGGTTA-1_1_2"
"2140","TACTTCATCCTCAGGG-1_1_2"
"2141","TACTTGTAGGCTGTAG-1_1_2"
"2142","TACTTGTTCAACACGT-1_1_2"
"2143","TAGACCACAGTGGCTC-1_1_2"
"2144","TAGACCATCCAGGACC-1_1_2"
"2145","TAGACCATCGCGCTGA-1_1_2"
"2146","TAGACTGAGTAGCCAG-1_1_2"
"2147","TAGACTGGTACCTAGT-1_1_2"
"2148","TAGACTGTCGCTGACG-1_1_2"
"2149","TAGAGTCAGATGAATC-1_1_2"
"2150","TAGAGTCAGCACTCAT-1_1_2"
"2151","TAGAGTCCAAGACGGT-1_1_2"
"2152","TAGAGTCGTGCCTTTC-1_1_2"
"2153","TAGATCGCAGCAAGAC-1_1_2"
"2154","TAGATCGGTCAGGTAG-1_1_2"
"2155","TAGCACAAGGTCGTAG-1_1_2"
"2156","TAGCACAGTTTGGCTA-1_1_2"
"2157","TAGCACATCCGAGGCT-1_1_2"
"2158","TAGGAGGCAGAGGTAC-1_1_2"
"2159","TAGGAGGCATTGCCTC-1_1_2"
"2160","TAGGGTTCATCCGGCA-1_1_2"
"2161","TAGGGTTGTCGCAACC-1_1_2"
"2162","TAGGGTTTCGGCTGGT-1_1_2"
"2163","TAGGTACAGCGAATGC-1_1_2"
"2164","TAGGTACCAGGCCTGT-1_1_2"
"2165","TAGGTACTCTCCTGTG-1_1_2"
"2166","TAGGTTGCAACCGCCA-1_1_2"
"2167","TAGGTTGCAGAAATTG-1_1_2"
"2168","TAGGTTGCAGCTATAC-1_1_2"
"2169","TAGGTTGGTCACGACC-1_1_2"
"2170","TAGGTTGGTCTACGTA-1_1_2"
"2171","TAGGTTGGTGAGTAAT-1_1_2"
"2172","TAGTGCAGTCCAGCAC-1_1_2"
"2173","TAGTGCATCGGCATCG-1_1_2"
"2174","TATACCTAGTATGACA-1_1_2"
"2175","TATACCTAGTCCGTCG-1_1_2"
"2176","TATACCTGTCCAGGTC-1_1_2"
"2177","TATACCTGTTGTGGCC-1_1_2"
"2178","TATACCTTCCGTGACG-1_1_2"
"2179","TATATCCAGTCATCGT-1_1_2"
"2180","TATATCCCACGTGAGA-1_1_2"
"2181","TATATCCGTCAATCTG-1_1_2"
"2182","TATATCCTCCATTGTT-1_1_2"
"2183","TATCAGGAGATTCGAA-1_1_2"
"2184","TATCCTACAATTGCAC-1_1_2"
"2185","TATCCTACAGATCCAT-1_1_2"
"2186","TATCCTAGTAACAAGT-1_1_2"
"2187","TATCCTATCTTCCCAG-1_1_2"
"2188","TATCGCCAGGTCACCC-1_1_2"
"2189","TATCGCCCAGAACTAA-1_1_2"
"2190","TATCGCCCAGCGACAA-1_1_2"
"2191","TATCGCCTCTCTAAGG-1_1_2"
"2192","TATCTGTAGGTTCTAC-1_1_2"
"2193","TATCTGTGTATTGACC-1_1_2"
"2194","TATCTGTTCAGCTGTA-1_1_2"
"2195","TATCTTGAGACTCATC-1_1_2"
"2196","TATCTTGCAATTTCCT-1_1_2"
"2197","TATCTTGTCCGTCAAA-1_1_2"
"2198","TATCTTGTCTTTACAC-1_1_2"
"2199","TATGTTCAGAAGCGGG-1_1_2"
"2200","TATGTTCCACGAGGAT-1_1_2"
"2201","TATGTTCTCACCCTTG-1_1_2"
"2202","TATTCCAAGTTCAACC-1_1_2"
"2203","TATTCCAGTAGCTGAG-1_1_2"
"2204","TATTCCAGTCAGTTTG-1_1_2"
"2205","TATTCCATCCTTCAGC-1_1_2"
"2206","TATTCCATCTCGAACA-1_1_2"
"2207","TATTCCATCTTGCGCT-1_1_2"
"2208","TATTGCTAGGTAACTA-1_1_2"
"2209","TATTGCTCATGGGTTT-1_1_2"
"2210","TATTGCTGTGGTCTTA-1_1_2"
"2211","TATTGCTTCAGTGCGC-1_1_2"
"2212","TATTGCTTCTGCTAGA-1_1_2"
"2213","TATTGGGAGTTCATCG-1_1_2"
"2214","TATTGGGGTGGTATGG-1_1_2"
"2215","TATTTCGGTACGTGAG-1_1_2"
"2216","TATTTCGGTTAGGGAC-1_1_2"
"2217","TCAAGACAGATCACTC-1_1_2"
"2218","TCAAGACAGCACTAAA-1_1_2"
"2219","TCAAGACAGGAATGTT-1_1_2"
"2220","TCAAGCAGTCCGAAAG-1_1_2"
"2221","TCAAGCATCACCCTGT-1_1_2"
"2222","TCAAGCATCCTAGCTC-1_1_2"
"2223","TCAAGTGCACAAATAG-1_1_2"
"2224","TCAAGTGGTTCCGGTG-1_1_2"
"2225","TCAAGTGGTTCGAGCC-1_1_2"
"2226","TCAATCTCACAGCCTG-1_1_2"
"2227","TCAATTCAGACGAAGA-1_1_2"
"2228","TCAATTCCAGGACATG-1_1_2"
"2229","TCAATTCGTATACAGA-1_1_2"
"2230","TCAATTCGTTAACAGA-1_1_2"
"2231","TCACAAGAGCTGAGTG-1_1_2"
"2232","TCACAAGCATCGGTTA-1_1_2"
"2233","TCACAAGGTGGATTTC-1_1_2"
"2234","TCACAAGGTTGACTAC-1_1_2"
"2235","TCACAAGTCGCCGAGT-1_1_2"
"2236","TCACACCAGTCAGCCC-1_1_2"
"2237","TCACACCCAATAACGA-1_1_2"
"2238","TCACACCTCATAGACC-1_1_2"
"2239","TCACATTCATTCGATG-1_1_2"
"2240","TCACGCTAGCTACTGT-1_1_2"
"2241","TCACGCTCACCTGCGA-1_1_2"
"2242","TCACGGGGTTATAGAG-1_1_2"
"2243","TCACGGGGTTGCTAGT-1_1_2"
"2244","TCACTATCATTGACTG-1_1_2"
"2245","TCACTATGTAACTTCG-1_1_2"
"2246","TCACTCGAGGGCGAAG-1_1_2"
"2247","TCACTCGCATCTCCCA-1_1_2"
"2248","TCACTCGGTCATCCCT-1_1_2"
"2249","TCAGCAAGTTCTCCCA-1_1_2"
"2250","TCAGCAATCAGTCTTT-1_1_2"
"2251","TCAGCCTAGAGTTGCG-1_1_2"
"2252","TCAGCCTAGCATCAGG-1_1_2"
"2253","TCAGCCTCACGTACTA-1_1_2"
"2254","TCAGCCTTCCGCAACG-1_1_2"
"2255","TCAGGGCAGAGTATAC-1_1_2"
"2256","TCAGGGCAGATGCGAC-1_1_2"
"2257","TCAGGGCGTGCGTGCT-1_1_2"
"2258","TCAGGGCTCGTGTTCC-1_1_2"
"2259","TCAGGTAAGGGAGGGT-1_1_2"
"2260","TCAGGTACACCGTGCA-1_1_2"
"2261","TCAGGTACAGCACAAG-1_1_2"
"2262","TCAGGTAGTACGATGG-1_1_2"
"2263","TCAGGTAGTCACTCTC-1_1_2"
"2264","TCAGTCCAGGGAGGGT-1_1_2"
"2265","TCAGTCCGTCCCTCAT-1_1_2"
"2266","TCAGTGAAGTAAACTG-1_1_2"
"2267","TCAGTGAAGTAGTCTC-1_1_2"
"2268","TCAGTGAGTACAAACA-1_1_2"
"2269","TCAGTGAGTACACTCA-1_1_2"
"2270","TCAGTGAGTATACAGA-1_1_2"
"2271","TCAGTGAGTCCAGCCA-1_1_2"
"2272","TCAGTTTAGCGTCTCG-1_1_2"
"2273","TCAGTTTCAACCGATT-1_1_2"
"2274","TCATACTAGAGCTGCA-1_1_2"
"2275","TCATACTCAACGGCCT-1_1_2"
"2276","TCATACTTCTGACCCT-1_1_2"
"2277","TCATATCGTATCGGTT-1_1_2"
"2278","TCATCATAGCACTCAT-1_1_2"
"2279","TCATCATAGGTACATA-1_1_2"
"2280","TCATCATTCCACATAG-1_1_2"
"2281","TCATCCGCAAGTTGGG-1_1_2"
"2282","TCATCCGCACGTATAC-1_1_2"
"2283","TCATCCGGTGAGTAAT-1_1_2"
"2284","TCATGAGCACCGTCGA-1_1_2"
"2285","TCATGAGGTATTGCCA-1_1_2"
"2286","TCATGAGTCCGTTGAA-1_1_2"
"2287","TCATGAGTCGACATTG-1_1_2"
"2288","TCATGAGTCGCTACGG-1_1_2"
"2289","TCATGCCAGTTGGAAT-1_1_2"
"2290","TCATGCCTCACGTAGT-1_1_2"
"2291","TCATGGAAGCACCTGC-1_1_2"
"2292","TCATGGAAGCGATGAC-1_1_2"
"2293","TCATGGAGTGCGTTTA-1_1_2"
"2294","TCATGGAGTGGTTTGT-1_1_2"
"2295","TCATGTTCAGCGCGTT-1_1_2"
"2296","TCATGTTTCACAACCA-1_1_2"
"2297","TCATTACAGAATAACC-1_1_2"
"2298","TCATTCACACTCTGCT-1_1_2"
"2299","TCATTCATCATTTGCT-1_1_2"
"2300","TCATTGTAGAGCAGTC-1_1_2"
"2301","TCATTGTAGGATGGCT-1_1_2"
"2302","TCATTGTCACATGACT-1_1_2"
"2303","TCATTGTGTCTGTGCG-1_1_2"
"2304","TCATTGTGTTGACTAC-1_1_2"
"2305","TCATTGTTCGTGGGAA-1_1_2"
"2306","TCATTTGAGGACAAGA-1_1_2"
"2307","TCATTTGCAATGAACA-1_1_2"
"2308","TCATTTGCAGAACATA-1_1_2"
"2309","TCCACCAGTGGCAACA-1_1_2"
"2310","TCCACCAGTGTGTCGC-1_1_2"
"2311","TCCACCAGTTGCTAGT-1_1_2"
"2312","TCCACCAGTTGTATGC-1_1_2"
"2313","TCCACGTTCAACCTCC-1_1_2"
"2314","TCCACGTTCAGTCATG-1_1_2"
"2315","TCCACGTTCGCGGTAC-1_1_2"
"2316","TCCACGTTCTTCCAGC-1_1_2"
"2317","TCCAGAAAGGCATGGT-1_1_2"
"2318","TCCAGAATCAGGACGA-1_1_2"
"2319","TCCAGAATCGTCACCT-1_1_2"
"2320","TCCATCGCACCTGCAG-1_1_2"
"2321","TCCATGCAGCCTGTGC-1_1_2"
"2322","TCCATGCCATGACTGT-1_1_2"
"2323","TCCATGCGTTCGTGCG-1_1_2"
"2324","TCCCACATCTGCTCTG-1_1_2"
"2325","TCCCAGTAGCGGTAAC-1_1_2"
"2326","TCCCAGTCAAGATCCT-1_1_2"
"2327","TCCCAGTCACTGGACC-1_1_2"
"2328","TCCCAGTGTCGTTATG-1_1_2"
"2329","TCCCAGTGTGGCTAGA-1_1_2"
"2330","TCCCATGAGAACGTGC-1_1_2"
"2331","TCCCATGAGCTACAAA-1_1_2"
"2332","TCCCATGCAACCTAAC-1_1_2"
"2333","TCCCATGCAATTAGGA-1_1_2"
"2334","TCCCATGTCCTGGGTG-1_1_2"
"2335","TCCGAAAAGCGTATAA-1_1_2"
"2336","TCCGAAACAGAGTTCT-1_1_2"
"2337","TCCGAAAGTGTGCTTA-1_1_2"
"2338","TCCGAAATCAGTCCGG-1_1_2"
"2339","TCCGAAATCTATCACT-1_1_2"
"2340","TCCGATCAGCCGGATA-1_1_2"
"2341","TCCGATCAGGAGATAG-1_1_2"
"2342","TCCGATCAGTTTGTCG-1_1_2"
"2343","TCCGATCCATAGCACT-1_1_2"
"2344","TCCGATCGTGACAGGT-1_1_2"
"2345","TCCGGGACATACTTTC-1_1_2"
"2346","TCCGGGAGTCATCGCG-1_1_2"
"2347","TCCGGGAGTTATGTGC-1_1_2"
"2348","TCCGTGTGTTTCAGAC-1_1_2"
"2349","TCCTAATCAATTGAGA-1_1_2"
"2350","TCCTAATGTACCCGAC-1_1_2"
"2351","TCCTAATGTTGGGAAC-1_1_2"
"2352","TCCTCCCCAAATAGCA-1_1_2"
"2353","TCCTCCCCAGCACGAA-1_1_2"
"2354","TCCTCCCGTATGGTAA-1_1_2"
"2355","TCCTCGAAGGTGGGTT-1_1_2"
"2356","TCCTCGACAGCGAGTA-1_1_2"
"2357","TCCTCTTAGGTCACTT-1_1_2"
"2358","TCCTCTTGTTATCTTC-1_1_2"
"2359","TCCTCTTTCAAGCCAT-1_1_2"
"2360","TCCTCTTTCGATCCCT-1_1_2"
"2361","TCCTCTTTCGGTGTTA-1_1_2"
"2362","TCCTGCAGTGTTCGTA-1_1_2"
"2363","TCCTGCATCGTAACTG-1_1_2"
"2364","TCCTGCATCGTCCTTG-1_1_2"
"2365","TCCTTCTAGGTCTACT-1_1_2"
"2366","TCCTTCTTCCCAGTGG-1_1_2"
"2367","TCCTTTCAGGTCATTC-1_1_2"
"2368","TCCTTTCTCGGCTCTT-1_1_2"
"2369","TCGAACATCATCTACT-1_1_2"
"2370","TCGAACATCTCTTGCG-1_1_2"
"2371","TCGAAGTAGTAATACG-1_1_2"
"2372","TCGAAGTCAGCTGTTA-1_1_2"
"2373","TCGACCTTCGTCAGAT-1_1_2"
"2374","TCGACGGAGCAGGTCA-1_1_2"
"2375","TCGACGGAGTCATTGC-1_1_2"
"2376","TCGACGGTCTGAATCG-1_1_2"
"2377","TCGATTTAGAGGCTGT-1_1_2"
"2378","TCGATTTAGTCATAGA-1_1_2"
"2379","TCGATTTCAAATCAAG-1_1_2"
"2380","TCGATTTCAGAACTTC-1_1_2"
"2381","TCGATTTTCCCTTGGT-1_1_2"
"2382","TCGCACTCAGGGAATC-1_1_2"
"2383","TCGCAGGTCATCGCAA-1_1_2"
"2384","TCGCAGGTCTAGTTCT-1_1_2"
"2385","TCGCTCAAGCAGGCAT-1_1_2"
"2386","TCGCTCAAGTAGCATA-1_1_2"
"2387","TCGCTCAGTTGTTTGG-1_1_2"
"2388","TCGCTTGCACGACGCT-1_1_2"
"2389","TCGGATAAGCTTAGTC-1_1_2"
"2390","TCGGATAAGGTAGCAC-1_1_2"
"2391","TCGGATACAGGTGACA-1_1_2"
"2392","TCGGATAGTACAGAGC-1_1_2"
"2393","TCGGATAGTGGCTCTG-1_1_2"
"2394","TCGGATAGTTGTAAAG-1_1_2"
"2395","TCGGATATCGTTCATT-1_1_2"
"2396","TCGGGACCAGGACTTT-1_1_2"
"2397","TCGGGACGTCCGAAGA-1_1_2"
"2398","TCGGGCAAGAGGATCC-1_1_2"
"2399","TCGGGCAAGGCACGAT-1_1_2"
"2400","TCGGGCACAATGCTCA-1_1_2"
"2401","TCGGGCACAATGGCAG-1_1_2"
"2402","TCGGGCACATCGGATT-1_1_2"
"2403","TCGGGTGAGTAGCTCT-1_1_2"
"2404","TCGGGTGAGTGGATAT-1_1_2"
"2405","TCGGGTGTCGAACCTA-1_1_2"
"2406","TCGGTCTAGGACGCTA-1_1_2"
"2407","TCGTAGAAGACGCATG-1_1_2"
"2408","TCGTAGAAGACTCATC-1_1_2"
"2409","TCGTAGATCCTTCTTC-1_1_2"
"2410","TCGTCCAAGCGCGTTC-1_1_2"
"2411","TCGTCCATCGCCTTTG-1_1_2"
"2412","TCGTGCTAGAAAGCGA-1_1_2"
"2413","TCGTGCTAGAGGCGTT-1_1_2"
"2414","TCGTGCTAGTACGAGC-1_1_2"
"2415","TCGTGCTTCATTTACC-1_1_2"
"2416","TCTAACTAGATACGAT-1_1_2"
"2417","TCTAACTTCTCCAATT-1_1_2"
"2418","TCTACATAGACTCTAC-1_1_2"
"2419","TCTACATCAACGATCT-1_1_2"
"2420","TCTACATCACCGCTAG-1_1_2"
"2421","TCTACATCATAATCGC-1_1_2"
"2422","TCTACCGCATTCTTCA-1_1_2"
"2423","TCTATACAGGACACTG-1_1_2"
"2424","TCTATACCAGAAGCGT-1_1_2"
"2425","TCTATCAAGACATAGT-1_1_2"
"2426","TCTATCAAGGGTTAGC-1_1_2"
"2427","TCTATCAAGGTGCAGT-1_1_2"
"2428","TCTCACGCAACCGTAT-1_1_2"
"2429","TCTCACGCACACAGAG-1_1_2"
"2430","TCTCACGTCCACATAG-1_1_2"
"2431","TCTCCGAAGTCGGCCT-1_1_2"
"2432","TCTCCGAGTCGCGTTG-1_1_2"
"2433","TCTCCGATCCCGAGTG-1_1_2"
"2434","TCTCTGGCACAGTGAG-1_1_2"
"2435","TCTCTGGCAGAGATGC-1_1_2"
"2436","TCTCTGGGTGTGTCCG-1_1_2"
"2437","TCTCTGGTCGAATGCT-1_1_2"
"2438","TCTGCCAAGTCGTTAC-1_1_2"
"2439","TCTGCCAGTTCAGGTT-1_1_2"
"2440","TCTGCCATCGATAACC-1_1_2"
"2441","TCTGGCTCAAATGGCG-1_1_2"
"2442","TCTGGCTCAGCCTTCT-1_1_2"
"2443","TCTGGCTCATTCACCC-1_1_2"
"2444","TCTGTCGAGCCTCCAG-1_1_2"
"2445","TCTGTCGCAGCTGGTC-1_1_2"
"2446","TCTGTCGGTGGTAACG-1_1_2"
"2447","TCTGTCGGTTTCGGCG-1_1_2"
"2448","TCTTCCTAGGAATTAC-1_1_2"
"2449","TCTTCCTCAGAGGACT-1_1_2"
"2450","TCTTCCTGTCAAGGCA-1_1_2"
"2451","TCTTCCTGTCGAATTC-1_1_2"
"2452","TCTTCCTGTTACAGCT-1_1_2"
"2453","TCTTGCGCAATTGCGT-1_1_2"
"2454","TCTTGCGTCAGGGTAG-1_1_2"
"2455","TCTTTGAGTGAAAGTT-1_1_2"
"2456","TGAACGTCACTTCTCG-1_1_2"
"2457","TGAACGTGTTCGGACC-1_1_2"
"2458","TGAATCGAGCATCCCG-1_1_2"
"2459","TGAATCGCATGACTCA-1_1_2"
"2460","TGAATCGGTGACTGAG-1_1_2"
"2461","TGAATGCAGTGGTCAG-1_1_2"
"2462","TGAATGCCATCCTCAC-1_1_2"
"2463","TGAATGCGTAGTTACC-1_1_2"
"2464","TGAATGCGTCAACCAT-1_1_2"
"2465","TGAATGCGTTACCCTC-1_1_2"
"2466","TGAATGCTCCTTCAGC-1_1_2"
"2467","TGACAGTAGATTCGAA-1_1_2"
"2468","TGACAGTGTACTCGTA-1_1_2"
"2469","TGACAGTGTGGCTGAA-1_1_2"
"2470","TGACAGTGTTGCTCAA-1_1_2"
"2471","TGACAGTTCACTAGCA-1_1_2"
"2472","TGACAGTTCCATCAGA-1_1_2"
"2473","TGACAGTTCTTGCGCT-1_1_2"
"2474","TGACCCTTCGAAATCC-1_1_2"
"2475","TGACGCGAGCTGCCTG-1_1_2"
"2476","TGACGCGAGTTGTAGA-1_1_2"
"2477","TGACGCGCAGTTGAAA-1_1_2"
"2478","TGACGCGGTGGCGCTT-1_1_2"
"2479","TGAGACTCAATGGGTG-1_1_2"
"2480","TGAGACTGTAAGACCG-1_1_2"
"2481","TGAGACTGTAGAGTTA-1_1_2"
"2482","TGAGACTTCGTTCTAT-1_1_2"
"2483","TGAGCATCAGTCTCTC-1_1_2"
"2484","TGAGCGCCACAGCCTG-1_1_2"
"2485","TGAGGAGGTCGTCATA-1_1_2"
"2486","TGAGGGAAGCTCAGAG-1_1_2"
"2487","TGAGGGACAACAAGAT-1_1_2"
"2488","TGAGGGACATCATGAC-1_1_2"
"2489","TGAGGGACATGACCCG-1_1_2"
"2490","TGAGGGATCGCTCATC-1_1_2"
"2491","TGAGGTTAGCGCCTAC-1_1_2"
"2492","TGAGGTTGTGGAAGTC-1_1_2"
"2493","TGAGTCAAGGCATCAG-1_1_2"
"2494","TGAGTCATCCATAAGC-1_1_2"
"2495","TGATCAGAGGCCTGCT-1_1_2"
"2496","TGATCAGTCAGAGCAG-1_1_2"
"2497","TGATCTTTCGCTGATA-1_1_2"
"2498","TGATGCAAGGCATTTC-1_1_2"
"2499","TGATGCAAGTAGATCA-1_1_2"
"2500","TGATGCACAACACTAC-1_1_2"
"2501","TGATGCAGTGATATAG-1_1_2"
"2502","TGATGCAGTTGGTAGG-1_1_2"
"2503","TGATGGTCATGGCACC-1_1_2"
"2504","TGATTCTAGCCACCGT-1_1_2"
"2505","TGATTCTAGTAACGTA-1_1_2"
"2506","TGATTCTCACATCCCT-1_1_2"
"2507","TGATTTCAGTTGGGAC-1_1_2"
"2508","TGATTTCGTCCAACGC-1_1_2"
"2509","TGCACGGAGTTGCCTA-1_1_2"
"2510","TGCACGGGTTAAGCAA-1_1_2"
"2511","TGCAGATCATAATGCC-1_1_2"
"2512","TGCAGATTCATCGCTC-1_1_2"
"2513","TGCAGATTCCATAGAC-1_1_2"
"2514","TGCAGTAGTCTGATCA-1_1_2"
"2515","TGCAGTATCACGGGAA-1_1_2"
"2516","TGCATCCAGCTACAAA-1_1_2"
"2517","TGCATCCCAGGCAATG-1_1_2"
"2518","TGCATCCTCACTAGCA-1_1_2"
"2519","TGCATGAAGAGGCTGT-1_1_2"
"2520","TGCATGAAGTGGAAGA-1_1_2"
"2521","TGCCGAGCAGTCGGAA-1_1_2"
"2522","TGCCGAGCATAGAAAC-1_1_2"
"2523","TGCCGAGCATTAAGCC-1_1_2"
"2524","TGCCGAGGTAGGCAAC-1_1_2"
"2525","TGCCGAGGTTTGGAAA-1_1_2"
"2526","TGCGACGAGCTCGACC-1_1_2"
"2527","TGCGACGGTCTTCATT-1_1_2"
"2528","TGCGACGGTGAGTGAC-1_1_2"
"2529","TGCGATACACGCCAGT-1_1_2"
"2530","TGCGATAGTGGTCCCA-1_1_2"
"2531","TGCGATAGTTCCGGTG-1_1_2"
"2532","TGCGATATCGCAGATT-1_1_2"
"2533","TGCGGCAAGCGATTCT-1_1_2"
"2534","TGCGGGTCACGACGCT-1_1_2"
"2535","TGCTCCAAGTCGCGAA-1_1_2"
"2536","TGCTCCACAGAGTGAC-1_1_2"
"2537","TGCTCCAGTAGTAAGT-1_1_2"
"2538","TGCTCCAGTCGAAACG-1_1_2"
"2539","TGCTCCAGTTCCTAAG-1_1_2"
"2540","TGCTCGTAGCTTCATG-1_1_2"
"2541","TGCTCGTCATGCGGTC-1_1_2"
"2542","TGCTCGTGTCACAATC-1_1_2"
"2543","TGCTGAAAGCTAGCCC-1_1_2"
"2544","TGCTGAAAGGCGCTTC-1_1_2"
"2545","TGCTGAACAGAGATGC-1_1_2"
"2546","TGCTTCGAGCGCACAA-1_1_2"
"2547","TGCTTCGGTAGATGTA-1_1_2"
"2548","TGCTTCGTCCAAGCCG-1_1_2"
"2549","TGCTTCGTCTACACTT-1_1_2"
"2550","TGCTTGCAGACGACTG-1_1_2"
"2551","TGCTTGCAGATACCAA-1_1_2"
"2552","TGCTTGCCATGGCCAC-1_1_2"
"2553","TGCTTGCTCGACGTCG-1_1_2"
"2554","TGGAACTCACTAACCA-1_1_2"
"2555","TGGAACTGTTCCGCGA-1_1_2"
"2556","TGGAACTTCAAGCCGC-1_1_2"
"2557","TGGAACTTCCCTCTAG-1_1_2"
"2558","TGGAGAGAGACCTCAT-1_1_2"
"2559","TGGAGAGAGCTGGCCT-1_1_2"
"2560","TGGAGAGCATTATGCG-1_1_2"
"2561","TGGAGAGGTACGTTCA-1_1_2"
"2562","TGGAGAGGTCTTGCTC-1_1_2"
"2563","TGGAGGAAGAGGGTCT-1_1_2"
"2564","TGGAGGATCATAGCAC-1_1_2"
"2565","TGGAGGATCGTGGCTG-1_1_2"
"2566","TGGATCAAGCTTAGTC-1_1_2"
"2567","TGGATCAAGTCCGTCG-1_1_2"
"2568","TGGATCACACAACATC-1_1_2"
"2569","TGGATGTCAAGTCCAT-1_1_2"
"2570","TGGATGTGTTGGAGAC-1_1_2"
"2571","TGGCGTGAGCGTGTCC-1_1_2"
"2572","TGGCGTGCATGGTGGA-1_1_2"
"2573","TGGGAAGCACAACGTT-1_1_2"
"2574","TGGGAAGCAGCGGTTC-1_1_2"
"2575","TGGGAAGGTAGCGCTC-1_1_2"
"2576","TGGGAAGTCTCCGTGT-1_1_2"
"2577","TGGGAGACACTGATTG-1_1_2"
"2578","TGGGATTAGCGAACTG-1_1_2"
"2579","TGGGATTGTCTCAAGT-1_1_2"
"2580","TGGGCGTCAAATGAGT-1_1_2"
"2581","TGGGCGTTCCAGCAAT-1_1_2"
"2582","TGGGCTGCAATAGTGA-1_1_2"
"2583","TGGGCTGCACGGTGTC-1_1_2"
"2584","TGGGCTGCATGAAAGT-1_1_2"
"2585","TGGGCTGGTACGGCAA-1_1_2"
"2586","TGGTACACAACTGTGT-1_1_2"
"2587","TGGTACAGTCCAAATC-1_1_2"
"2588","TGGTACAGTTAGTTCG-1_1_2"
"2589","TGGTACATCCAATCTT-1_1_2"
"2590","TGGTAGTAGCACTCCG-1_1_2"
"2591","TGGTAGTTCCGCAACG-1_1_2"
"2592","TGGTGATGTTCACCGG-1_1_2"
"2593","TGGTTAGCAAGTGTCT-1_1_2"
"2594","TGTAACGAGAATTCAG-1_1_2"
"2595","TGTAACGAGGGCTAAC-1_1_2"
"2596","TGTAACGGTAGCACGA-1_1_2"
"2597","TGTAAGCAGAAGCGCT-1_1_2"
"2598","TGTAAGCAGACTGTTC-1_1_2"
"2599","TGTAAGCCAGAAATCA-1_1_2"
"2600","TGTAAGCGTGGGTTGA-1_1_2"
"2601","TGTAAGCGTGTACATC-1_1_2"
"2602","TGTACAGAGAAGGATG-1_1_2"
"2603","TGTACAGGTAATCAAG-1_1_2"
"2604","TGTACAGGTGGCTTAT-1_1_2"
"2605","TGTACAGTCGTGTCAA-1_1_2"
"2606","TGTACAGTCTGCCTGT-1_1_2"
"2607","TGTAGACAGACAACTA-1_1_2"
"2608","TGTAGACAGCCGTCGT-1_1_2"
"2609","TGTAGACAGTATGATG-1_1_2"
"2610","TGTAGACCAACTAGAA-1_1_2"
"2611","TGTAGACCAAGTCCAT-1_1_2"
"2612","TGTAGACCAGAGAAAG-1_1_2"
"2613","TGTAGACCAGCTACAT-1_1_2"
"2614","TGTAGACCATCAGTGT-1_1_2"
"2615","TGTAGACGTCGCTGCA-1_1_2"
"2616","TGTAGACGTTAAACAG-1_1_2"
"2617","TGTCAGAAGAAACTCA-1_1_2"
"2618","TGTCAGAGTCCGGTGT-1_1_2"
"2619","TGTCAGAGTCGGCACT-1_1_2"
"2620","TGTCCACAGTCGGCCT-1_1_2"
"2621","TGTCCACGTGTCACAT-1_1_2"
"2622","TGTCCCACATCACCAA-1_1_2"
"2623","TGTCCCACATCCAATG-1_1_2"
"2624","TGTCCCATCGAACTCA-1_1_2"
"2625","TGTCCTGGTCGACGCT-1_1_2"
"2626","TGTGAGTGTATCGAAA-1_1_2"
"2627","TGTGAGTGTATCGTAC-1_1_2"
"2628","TGTGATGAGCCACTCG-1_1_2"
"2629","TGTGATGGTACCCGAC-1_1_2"
"2630","TGTGATGTCCCGTTCA-1_1_2"
"2631","TGTGCGGTCGACATTG-1_1_2"
"2632","TGTGGCGCAGGGATAC-1_1_2"
"2633","TGTGGCGTCAGCCTCT-1_1_2"
"2634","TGTGTGAAGAATAACC-1_1_2"
"2635","TGTGTGAAGCCATATC-1_1_2"
"2636","TGTGTGAAGTCCCAAT-1_1_2"
"2637","TGTGTGACAAGGATGC-1_1_2"
"2638","TGTGTGAGTGTCGATT-1_1_2"
"2639","TGTTACTAGCCTATCA-1_1_2"
"2640","TGTTACTAGGTCACAG-1_1_2"
"2641","TGTTACTGTCATGCAT-1_1_2"
"2642","TGTTACTGTTTGGAGG-1_1_2"
"2643","TGTTCATAGCTCGAAG-1_1_2"
"2644","TGTTCATCACAAACGG-1_1_2"
"2645","TGTTCCGCATGACGGA-1_1_2"
"2646","TGTTCCGGTATCGCTA-1_1_2"
"2647","TGTTCCGGTCAAAGCG-1_1_2"
"2648","TGTTCCGGTCAAATCC-1_1_2"
"2649","TGTTCTAAGTAAACGT-1_1_2"
"2650","TGTTCTAAGTTAGTGA-1_1_2"
"2651","TGTTCTACAGACGATG-1_1_2"
"2652","TGTTCTACATTCATCT-1_1_2"
"2653","TGTTCTAGTATGAGAT-1_1_2"
"2654","TGTTCTATCGACCTAA-1_1_2"
"2655","TGTTGAGAGGTGTGAC-1_1_2"
"2656","TGTTGAGGTACAACGG-1_1_2"
"2657","TGTTGAGTCACTACTT-1_1_2"
"2658","TGTTGAGTCGACGACC-1_1_2"
"2659","TGTTGGAAGTGTAGAT-1_1_2"
"2660","TGTTGGAGTCCACTCT-1_1_2"
"2661","TGTTGGAGTCGCTGCA-1_1_2"
"2662","TGTTTGTAGGACAGTC-1_1_2"
"2663","TGTTTGTCACTTCATT-1_1_2"
"2664","TGTTTGTCATGATGCT-1_1_2"
"2665","TGTTTGTTCAATCTTC-1_1_2"
"2666","TGTTTGTTCATACAGC-1_1_2"
"2667","TTAATCCCAGCGCGTT-1_1_2"
"2668","TTAATCCTCGGCTTCT-1_1_2"
"2669","TTACAGGGTCGCACAC-1_1_2"
"2670","TTACAGGTCCACCTCA-1_1_2"
"2671","TTACAGGTCTCCGATC-1_1_2"
"2672","TTACCATAGTCCCAAT-1_1_2"
"2673","TTACCGCCACGTCGGT-1_1_2"
"2674","TTACCGCCAGGGAGAG-1_1_2"
"2675","TTACCGCGTCCGACGT-1_1_2"
"2676","TTACGCCAGAAGATCT-1_1_2"
"2677","TTACGCCCATATTCGG-1_1_2"
"2678","TTACGCCTCAGGGATG-1_1_2"
"2679","TTACGTTAGGTCTGGA-1_1_2"
"2680","TTACGTTCACTGTCGG-1_1_2"
"2681","TTACGTTCATGGAATA-1_1_2"
"2682","TTACGTTGTTAGGCCC-1_1_2"
"2683","TTACGTTTCGCTACAA-1_1_2"
"2684","TTACTGTGTCGGTACC-1_1_2"
"2685","TTACTGTGTCTTCATT-1_1_2"
"2686","TTACTGTTCTATCCAT-1_1_2"
"2687","TTAGGCATCACCGGTG-1_1_2"
"2688","TTAGGCATCGGCCCAA-1_1_2"
"2689","TTAGGGTCAAGAAACT-1_1_2"
"2690","TTAGGGTGTACGCTAT-1_1_2"
"2691","TTAGGGTGTGGCTGAA-1_1_2"
"2692","TTAGGGTTCATTACGG-1_1_2"
"2693","TTAGTCTAGGTTCACT-1_1_2"
"2694","TTAGTCTAGTGAGGCT-1_1_2"
"2695","TTAGTCTCACAGTACT-1_1_2"
"2696","TTAGTCTCATTCCTAT-1_1_2"
"2697","TTAGTCTTCAGTGCGC-1_1_2"
"2698","TTAGTCTTCCGATTAG-1_1_2"
"2699","TTATTGCCAACAAGTA-1_1_2"
"2700","TTCAATCAGTCTTCCC-1_1_2"
"2701","TTCAATCCATCTTTCA-1_1_2"
"2702","TTCAATCGTAGAGACC-1_1_2"
"2703","TTCAATCTCCTCTGCA-1_1_2"
"2704","TTCACCGGTAGAATGT-1_1_2"
"2705","TTCACCGGTTGTGTTG-1_1_2"
"2706","TTCAGGAAGGGCGAAG-1_1_2"
"2707","TTCAGGACACTACAGT-1_1_2"
"2708","TTCAGGATCAAGGCTT-1_1_2"
"2709","TTCAGGATCCAAAGGG-1_1_2"
"2710","TTCAGGATCTCGCGTT-1_1_2"
"2711","TTCATGTAGCAAGTCG-1_1_2"
"2712","TTCATGTGTTCTCTCG-1_1_2"
"2713","TTCATGTTCCAGTACA-1_1_2"
"2714","TTCATTGAGACAGCTG-1_1_2"
"2715","TTCATTGGTCGCACAC-1_1_2"
"2716","TTCATTGTCCAGCTCT-1_1_2"
"2717","TTCCAATAGATTGTGA-1_1_2"
"2718","TTCCACGCAGGTACGA-1_1_2"
"2719","TTCCACGGTCCCACGA-1_1_2"
"2720","TTCCACGGTGTTACAC-1_1_2"
"2721","TTCCACGGTGTTAGCT-1_1_2"
"2722","TTCCACGTCTTACGTT-1_1_2"
"2723","TTCCGGTAGCAAATGT-1_1_2"
"2724","TTCCGGTCATCTGTTT-1_1_2"
"2725","TTCCGGTGTATTTCTC-1_1_2"
"2726","TTCCGGTGTCCACTTC-1_1_2"
"2727","TTCCGGTGTCGCCTAG-1_1_2"
"2728","TTCCGGTTCCGTGTAA-1_1_2"
"2729","TTCCGTGCATCGATGT-1_1_2"
"2730","TTCCGTGGTCATCTAG-1_1_2"
"2731","TTCCTAACAACCAATC-1_1_2"
"2732","TTCCTAACATACAGAA-1_1_2"
"2733","TTCCTCTAGATGCAGC-1_1_2"
"2734","TTCCTCTAGTCCTGTA-1_1_2"
"2735","TTCCTCTCAAAGGGCT-1_1_2"
"2736","TTCCTCTCACATTGTG-1_1_2"
"2737","TTCCTCTCACGACCTG-1_1_2"
"2738","TTCCTCTGTCATAAAG-1_1_2"
"2739","TTCCTTCGTCGGATTT-1_1_2"
"2740","TTCCTTCTCCGGACGT-1_1_2"
"2741","TTCGATTAGGCCTAAG-1_1_2"
"2742","TTCGATTCACCAGGTC-1_1_2"
"2743","TTCGATTTCCAAATGC-1_1_2"
"2744","TTCGCTGAGATGTAGT-1_1_2"
"2745","TTCGCTGGTTGGACCC-1_1_2"
"2746","TTCGCTGTCATGTCAG-1_1_2"
"2747","TTCGCTGTCATTCTTG-1_1_2"
"2748","TTCGCTGTCCAAGAGG-1_1_2"
"2749","TTCGGTCAGGTCATAA-1_1_2"
"2750","TTCGGTCTCATGAGGG-1_1_2"
"2751","TTCTAACAGCAACTTC-1_1_2"
"2752","TTCTAACAGTCACTCA-1_1_2"
"2753","TTCTAACGTCCTACAA-1_1_2"
"2754","TTCTAACGTGAGCTCC-1_1_2"
"2755","TTCTAACTCCAAACCA-1_1_2"
"2756","TTCTAGTGTGATTCTG-1_1_2"
"2757","TTCTCTCTCCGCTAGG-1_1_2"
"2758","TTCTGTAAGGCGCTTC-1_1_2"
"2759","TTCTTCCGTTGACTGT-1_1_2"
"2760","TTCTTGATCTTAGCAG-1_1_2"
"2761","TTGAACGCAGAACCGA-1_1_2"
"2762","TTGAACGGTCTCGACG-1_1_2"
"2763","TTGAACGTCACTACTT-1_1_2"
"2764","TTGACCCAGAAACACT-1_1_2"
"2765","TTGACCCAGCAGCACA-1_1_2"
"2766","TTGACCCAGGTGGCTA-1_1_2"
"2767","TTGACCCTCGGTCGAC-1_1_2"
"2768","TTGAGTGAGTTGAAAC-1_1_2"
"2769","TTGAGTGGTAACCCTA-1_1_2"
"2770","TTGATGGGTCGACTGC-1_1_2"
"2771","TTGATGGGTGAGAACC-1_1_2"
"2772","TTGATGGTCAAGCCTA-1_1_2"
"2773","TTGCATTAGAACTGAT-1_1_2"
"2774","TTGCATTCACCTGATA-1_1_2"
"2775","TTGCATTTCATACAGC-1_1_2"
"2776","TTGCATTTCCAATGCA-1_1_2"
"2777","TTGCGTCAGAGGCTGT-1_1_2"
"2778","TTGCGTCAGTCGTCTA-1_1_2"
"2779","TTGCGTCCAGGGATAC-1_1_2"
"2780","TTGCTGCAGAATTTGG-1_1_2"
"2781","TTGCTGCGTACGAGCA-1_1_2"
"2782","TTGCTGCGTAGGCAGT-1_1_2"
"2783","TTGGGATCAGTAGAAT-1_1_2"
"2784","TTGGGATGTACTGTTG-1_1_2"
"2785","TTGGGATGTGAGGATC-1_1_2"
"2786","TTGGGCGGTTCGGACC-1_1_2"
"2787","TTGGGCGTCTCGCGTT-1_1_2"
"2788","TTGGGTAAGGCTGAAC-1_1_2"
"2789","TTGGGTAGTTCAATCG-1_1_2"
"2790","TTGGTTTGTCCCTAAA-1_1_2"
"2791","TTGGTTTGTTCTATCT-1_1_2"
"2792","TTGTGGAAGCGACTAG-1_1_2"
"2793","TTGTGGACAATTGTGC-1_1_2"
"2794","TTGTGGACACCGTCTT-1_1_2"
"2795","TTGTGGACAGCACAAG-1_1_2"
"2796","TTGTGGAGTAATCAAG-1_1_2"
"2797","TTGTGGATCACTCCGT-1_1_2"
"2798","TTGTGGATCGAACCAT-1_1_2"
"2799","TTGTGTTAGCCATCCG-1_1_2"
"2800","TTGTGTTTCCCGATCT-1_1_2"
"2801","TTGTGTTTCCGAGGCT-1_1_2"
"2802","TTGTTCACAGCATTGT-1_1_2"
"2803","TTGTTCATCTCTCGCA-1_1_2"
"2804","TTGTTGTAGGATAATC-1_1_2"
"2805","TTGTTGTCAGTCTTCC-1_1_2"
"2806","TTGTTGTTCACCATCC-1_1_2"
"2807","TTGTTTGAGGCGATAC-1_1_2"
"2808","TTTACCACAAATCGTC-1_1_2"
"2809","TTTACGTCAGTCACGC-1_1_2"
"2810","TTTACGTCATAGGCGA-1_1_2"
"2811","TTTACGTCATGGTGGA-1_1_2"
"2812","TTTACTGCACCAATTG-1_1_2"
"2813","TTTACTGTCCATTGTT-1_1_2"
"2814","TTTAGTCGTAGGCTGA-1_1_2"
"2815","TTTAGTCTCTGTCAGA-1_1_2"
"2816","TTTCACACAAGTATAG-1_1_2"
"2817","TTTCACACACGACGAA-1_1_2"
"2818","TTTCACACATAGGTTC-1_1_2"
"2819","TTTCACATCTATACGG-1_1_2"
"2820","TTTCAGTCAGTCGGAA-1_1_2"
"2821","TTTCAGTGTGACTAAA-1_1_2"
"2822","TTTCAGTGTTAACCTG-1_1_2"
"2823","TTTCAGTTCGGATAAA-1_1_2"
"2824","TTTCATGAGCAGTACG-1_1_2"
"2825","TTTCATGAGTAACAGT-1_1_2"
"2826","TTTCATGGTGGTAATA-1_1_2"
"2827","TTTCATGTCCTTCACG-1_1_2"
"2828","TTTCCTCAGGGTTTCT-1_1_2"
"2829","TTTCCTCGTAGATTGA-1_1_2"
"2830","TTTCCTCGTTACCCAA-1_1_2"
"2831","TTTCGATAGGACAAGA-1_1_2"
"2832","TTTCGATCAAATTGCC-1_1_2"
"2833","TTTCGATCACAGTCGC-1_1_2"
"2834","TTTCGATGTAGGGAGG-1_1_2"
"2835","TTTCGATTCGTGACTA-1_1_2"
"2836","TTTCGATTCTGCTGAA-1_1_2"
"2837","TTTGACTCACTGATTG-1_1_2"
"2838","TTTGACTCAGCATACT-1_1_2"
"2839","TTTGACTGTCACTTAG-1_1_2"
"2840","TTTGACTTCACAAGAA-1_1_2"
"2841","TTTGACTTCGAGCCTG-1_1_2"
"2842","TTTGACTTCGATACAC-1_1_2"
"2843","TTTGATCAGCTCAGAG-1_1_2"
"2844","TTTGATCTCCGTTTCG-1_1_2"
"2845","TTTGGAGAGACGTCGA-1_1_2"
"2846","TTTGGAGAGGCAGGTT-1_1_2"
"2847","TTTGGAGGTCAGCGTC-1_1_2"
"2848","TTTGGAGTCATGAGGG-1_1_2"
"2849","TTTGGTTCATAATCCG-1_1_2"
"2850","TTTGTTGAGAGCCTGA-1_1_2"
"2851","TTTGTTGAGGTTGTTC-1_1_2"
"2852","TTTGTTGAGTTAGTGA-1_1_2"
"2853","TTTGTTGGTGCTATTG-1_1_2"
