"","x"
"1","AAACCCACAGAGTTCT-1_4_2"
"2","AAACCCATCACAGTGT-1_4_2"
"3","AAACGCTAGCCATTCA-1_4_2"
"4","AAACGCTCATGGGATG-1_4_2"
"5","AAACGCTTCGGTCGAC-1_4_2"
"6","AAAGAACCAACCGCCA-1_4_2"
"7","AAAGAACCACTAGGTT-1_4_2"
"8","AAAGAACCACTTGGGC-1_4_2"
"9","AAAGGATCATCTCGTC-1_4_2"
"10","AAAGGTAGTGATTGGG-1_4_2"
"11","AAAGTCCCAGCCTTCT-1_4_2"
"12","AAAGTGACACGGTCTG-1_4_2"
"13","AAAGTGACAGGTCCCA-1_4_2"
"14","AAAGTGAGTTTGCCGG-1_4_2"
"15","AAAGTGATCCATCTCG-1_4_2"
"16","AAATGGAAGCTGTGCC-1_4_2"
"17","AAATGGAAGGGCAAGG-1_4_2"
"18","AAATGGAAGTGCTACT-1_4_2"
"19","AAATGGACAAGGGCAT-1_4_2"
"20","AAATGGACAAGTAGTA-1_4_2"
"21","AAATGGACAATCTCTT-1_4_2"
"22","AAATGGACAGATCACT-1_4_2"
"23","AAATGGAGTCTAATCG-1_4_2"
"24","AAATGGATCCGAAGGA-1_4_2"
"25","AACAAAGCAACACAAA-1_4_2"
"26","AACAAAGGTTAGGACG-1_4_2"
"27","AACAACCAGTTGCTGT-1_4_2"
"28","AACAAGAAGTAGTCAA-1_4_2"
"29","AACAAGACATAACGGG-1_4_2"
"30","AACACACTCATGCCGG-1_4_2"
"31","AACACACTCGTAGAGG-1_4_2"
"32","AACACACTCTAGCCAA-1_4_2"
"33","AACAGGGAGCACGATG-1_4_2"
"34","AACCAACGTCTTCTAT-1_4_2"
"35","AACCAACTCCTTTAGT-1_4_2"
"36","AACCACACAACCTAAC-1_4_2"
"37","AACCACACAATGCAGG-1_4_2"
"38","AACCATGAGCACGGAT-1_4_2"
"39","AACCATGAGCGCTGAA-1_4_2"
"40","AACCATGTCCTCTCGA-1_4_2"
"41","AACCCAAAGTGCTAGG-1_4_2"
"42","AACCTGAAGTACCATC-1_4_2"
"43","AACGAAAAGTTCCATG-1_4_2"
"44","AACGGGAAGAGGGTCT-1_4_2"
"45","AACGGGACATACAGAA-1_4_2"
"46","AACGTCAGTCGGCTAC-1_4_2"
"47","AACTTCTCATCCTTGC-1_4_2"
"48","AACTTCTGTGAACCGA-1_4_2"
"49","AAGAACAAGATACTGA-1_4_2"
"50","AAGAACAAGCCAGTAG-1_4_2"
"51","AAGAACACATCTCAAG-1_4_2"
"52","AAGAACAGTATTTCCT-1_4_2"
"53","AAGAACATCTGAATGC-1_4_2"
"54","AAGACAAAGTAGGATT-1_4_2"
"55","AAGACAACAATCGTCA-1_4_2"
"56","AAGACAAGTCCGAAGA-1_4_2"
"57","AAGACTCAGCTGACTT-1_4_2"
"58","AAGACTCAGGACCCAA-1_4_2"
"59","AAGACTCCAAGCTACT-1_4_2"
"60","AAGACTCGTTGTCAGT-1_4_2"
"61","AAGATAGGTGAGTAAT-1_4_2"
"62","AAGCATCCAAGCACAG-1_4_2"
"63","AAGCATCCATGGGTTT-1_4_2"
"64","AAGCATCGTTCAGCGC-1_4_2"
"65","AAGCATCTCTGCAGCG-1_4_2"
"66","AAGCCATTCTGTGCAA-1_4_2"
"67","AAGCGAGAGCAGCCTC-1_4_2"
"68","AAGCGTTGTATAATGG-1_4_2"
"69","AAGGAATTCTGCTTAT-1_4_2"
"70","AAGGTAAAGATGCTAA-1_4_2"
"71","AAGGTAAGTTCGGCGT-1_4_2"
"72","AAGTACCCAGCTTTGA-1_4_2"
"73","AAGTCGTAGTGAGCCA-1_4_2"
"74","AAGTCGTTCTCGCTCA-1_4_2"
"75","AAGTGAACACCCTCTA-1_4_2"
"76","AAGTGAACATGCAGCC-1_4_2"
"77","AAGTGAATCCGTGACG-1_4_2"
"78","AAGTGAATCTAATTCC-1_4_2"
"79","AATAGAGCACCAAAGG-1_4_2"
"80","AATAGAGCATAGGAGC-1_4_2"
"81","AATCACGGTAATGTGA-1_4_2"
"82","AATCACGGTATAATGG-1_4_2"
"83","AATCACGTCGTTCTCG-1_4_2"
"84","AATCGACCAAACGGCA-1_4_2"
"85","AATCGACCACCTGCTT-1_4_2"
"86","AATCGACCATTCCTAT-1_4_2"
"87","AATCGACGTAGAATAC-1_4_2"
"88","AATCGACGTCTATGAC-1_4_2"
"89","AATCGACGTGCCTAAT-1_4_2"
"90","AATCGACTCGGAGATG-1_4_2"
"91","AATCGACTCTCCTGCA-1_4_2"
"92","AATCGTGGTAACGTTC-1_4_2"
"93","AATGAAGGTAACGATA-1_4_2"
"94","AATGAAGTCCTCTCTT-1_4_2"
"95","AATGACCTCAGCGGAA-1_4_2"
"96","AATGCCAAGACCATTC-1_4_2"
"97","AATGCCAAGCGACCCT-1_4_2"
"98","AATGCCAAGCTGACAG-1_4_2"
"99","AATGCCACAAAGCAAT-1_4_2"
"100","AATGCCACACTGCACG-1_4_2"
"101","AATGCCAGTACCTAAC-1_4_2"
"102","AATGGCTCAGTACTAC-1_4_2"
"103","AATGGCTGTTTAAGGA-1_4_2"
"104","AATGGCTTCTCATTGT-1_4_2"
"105","AATGGCTTCTCTCGCA-1_4_2"
"106","AATTCCTAGAAGAGCA-1_4_2"
"107","AATTCCTAGCCTTCTC-1_4_2"
"108","AATTCCTGTGCTATTG-1_4_2"
"109","AATTCCTTCGACATAC-1_4_2"
"110","AATTTCCAGCCTAGGA-1_4_2"
"111","AATTTCCAGCTAGAGC-1_4_2"
"112","AATTTCCCAGGCTTGC-1_4_2"
"113","AATTTCCCATCCGTGG-1_4_2"
"114","AATTTCCGTAGATCGG-1_4_2"
"115","AATTTCCTCGCCAGAC-1_4_2"
"116","ACAACCAGTTCCTTGC-1_4_2"
"117","ACAAGCTAGAGGGCGA-1_4_2"
"118","ACACAGTGTGTACAGG-1_4_2"
"119","ACACCAAAGTATTAGG-1_4_2"
"120","ACACCAACATTAAGCC-1_4_2"
"121","ACACCAAGTAGGAGGG-1_4_2"
"122","ACACGCGCAACGATCT-1_4_2"
"123","ACACGCGTCGTTATCT-1_4_2"
"124","ACACTGACACAGCTTA-1_4_2"
"125","ACACTGATCGCTGTTC-1_4_2"
"126","ACAGAAAGTCCATAGT-1_4_2"
"127","ACAGAAAGTGGAACAC-1_4_2"
"128","ACAGCCGAGGAACATT-1_4_2"
"129","ACAGCCGAGTCGAATA-1_4_2"
"130","ACAGCCGCAAGAAACT-1_4_2"
"131","ACAGCCGGTATGTCTG-1_4_2"
"132","ACAGGGACAAACAGGC-1_4_2"
"133","ACAGGGATCAGAGTTC-1_4_2"
"134","ACAGGGATCGGTAACT-1_4_2"
"135","ACATCCCCAATGGCAG-1_4_2"
"136","ACATCCCCAGGAGGTT-1_4_2"
"137","ACATCGACATGTTACG-1_4_2"
"138","ACATGCATCTTAGCCC-1_4_2"
"139","ACATTTCTCATGGAGG-1_4_2"
"140","ACCAAACAGAATAGTC-1_4_2"
"141","ACCAACAAGGTTGCCC-1_4_2"
"142","ACCAACAAGTAGCTCT-1_4_2"
"143","ACCAACATCCTTTGAT-1_4_2"
"144","ACCACAAAGACCATTC-1_4_2"
"145","ACCACAAAGACGAGCT-1_4_2"
"146","ACCACAAAGGAAAGAC-1_4_2"
"147","ACCACAACACCCTTGT-1_4_2"
"148","ACCACAAGTGGGAGAG-1_4_2"
"149","ACCACAAGTGGTTCTA-1_4_2"
"150","ACCACAAGTTAAGACA-1_4_2"
"151","ACCACAATCAGTGTGT-1_4_2"
"152","ACCATTTCAGGCACTC-1_4_2"
"153","ACCATTTCATGAGTAA-1_4_2"
"154","ACCATTTTCATTCGGA-1_4_2"
"155","ACCATTTTCTTGGTGA-1_4_2"
"156","ACCCAAATCCTACAAG-1_4_2"
"157","ACCCTCATCGCGATCG-1_4_2"
"158","ACCCTCATCTGTCAGA-1_4_2"
"159","ACCCTTGGTGCGAACA-1_4_2"
"160","ACCCTTGTCAGGACGA-1_4_2"
"161","ACCGTTCCAGAGGAAA-1_4_2"
"162","ACCGTTCTCCTACCAC-1_4_2"
"163","ACCTACCCAAATAAGC-1_4_2"
"164","ACCTACCCAGATACCT-1_4_2"
"165","ACCTACCCAGGCAATG-1_4_2"
"166","ACCTACCTCGTGCTCT-1_4_2"
"167","ACCTGAATCCAAGGGA-1_4_2"
"168","ACCTGAATCCCATGGG-1_4_2"
"169","ACCTGTCAGTCACTCA-1_4_2"
"170","ACCTGTCCACAGCCAC-1_4_2"
"171","ACCTGTCTCATCACAG-1_4_2"
"172","ACCTGTCTCCCATACC-1_4_2"
"173","ACGATCACAAATCGTC-1_4_2"
"174","ACGATCACAGCCTACG-1_4_2"
"175","ACGATCATCCGATGTA-1_4_2"
"176","ACGATCATCCGTTGAA-1_4_2"
"177","ACGATCATCTCACCCA-1_4_2"
"178","ACGATGTAGAATTGTG-1_4_2"
"179","ACGATGTAGACTACGG-1_4_2"
"180","ACGATGTAGGCTTTCA-1_4_2"
"181","ACGCACGAGAGCAACC-1_4_2"
"182","ACGCACGCACAGTACT-1_4_2"
"183","ACGGAAGCAGCAGAAC-1_4_2"
"184","ACGGGTCGTTTACGAC-1_4_2"
"185","ACGGTCGCACTGTTCC-1_4_2"
"186","ACGGTTAAGGGACACT-1_4_2"
"187","ACGGTTATCGGAGATG-1_4_2"
"188","ACGTACATCGAGTACT-1_4_2"
"189","ACGTAGTAGTGGAAAG-1_4_2"
"190","ACGTAGTTCAGTAGGG-1_4_2"
"191","ACGTAGTTCGGCACTG-1_4_2"
"192","ACGTTCCAGATCGACG-1_4_2"
"193","ACGTTCCAGCACGTCC-1_4_2"
"194","ACGTTCCAGGGTCACA-1_4_2"
"195","ACGTTCCGTTAGAGTA-1_4_2"
"196","ACTATGGAGTGCGACA-1_4_2"
"197","ACTATGGTCTGGTGCG-1_4_2"
"198","ACTCCCATCCCGTGAG-1_4_2"
"199","ACTCTCGAGGTATCTC-1_4_2"
"200","ACTCTCGCAGACCTAT-1_4_2"
"201","ACTGATGTCATCACTT-1_4_2"
"202","ACTGATGTCCAACTAG-1_4_2"
"203","ACTGATGTCGAGAACG-1_4_2"
"204","ACTGCAAGTTCTAACG-1_4_2"
"205","ACTGTCCAGCACTCTA-1_4_2"
"206","ACTGTCCCATAGGAGC-1_4_2"
"207","ACTGTGAAGACATCAA-1_4_2"
"208","ACTTAGGAGTGCAGGT-1_4_2"
"209","ACTTATCCACATGACT-1_4_2"
"210","ACTTATCTCCTTCTAA-1_4_2"
"211","ACTTCCGAGTCTGGAG-1_4_2"
"212","ACTTCGCCAGAGCTAG-1_4_2"
"213","ACTTCGCTCTCCGAAA-1_4_2"
"214","ACTTTCAAGCAGCGAT-1_4_2"
"215","ACTTTCACAGCCCAGT-1_4_2"
"216","ACTTTCAGTCGCATGC-1_4_2"
"217","ACTTTGTTCGAAGCCC-1_4_2"
"218","ACTTTGTTCTGCGATA-1_4_2"
"219","AGAAATGAGTTGGAGC-1_4_2"
"220","AGAACCTAGCTCTATG-1_4_2"
"221","AGAAGCGAGCAGCCCT-1_4_2"
"222","AGAAGTAAGACAGCGT-1_4_2"
"223","AGACAAAAGGTAATCA-1_4_2"
"224","AGACAAACAAAGACGC-1_4_2"
"225","AGACAAACAAGTGGAC-1_4_2"
"226","AGACAAAGTGCTGATT-1_4_2"
"227","AGACACTAGGTGCCTC-1_4_2"
"228","AGACACTCAGAGGTAC-1_4_2"
"229","AGACAGGGTTTAGACC-1_4_2"
"230","AGACCATCACGCTATA-1_4_2"
"231","AGACCATTCTATCACT-1_4_2"
"232","AGACCCGAGAGGCGTT-1_4_2"
"233","AGACCCGGTCGACTGC-1_4_2"
"234","AGACCCGTCAACACGT-1_4_2"
"235","AGACCCGTCGGCTTGG-1_4_2"
"236","AGACTCAGTCCAAAGG-1_4_2"
"237","AGACTCATCTTACTGT-1_4_2"
"238","AGAGAGCGTGGTCCCA-1_4_2"
"239","AGAGCCCAGTCGGCCT-1_4_2"
"240","AGAGCCCCATTAAAGG-1_4_2"
"241","AGATAGAAGCATACTC-1_4_2"
"242","AGATAGACACAAGCCC-1_4_2"
"243","AGATAGACAGAAACCG-1_4_2"
"244","AGATAGAGTTAATCGC-1_4_2"
"245","AGATCCATCTGTCTCG-1_4_2"
"246","AGATCGTTCAGACATC-1_4_2"
"247","AGATGAACAGGGACTA-1_4_2"
"248","AGATGAAGTCATTCCC-1_4_2"
"249","AGATGCTGTCCCTAAA-1_4_2"
"250","AGCATCAAGCAGTAAT-1_4_2"
"251","AGCATCAAGGTTACCT-1_4_2"
"252","AGCCAATCAACACGAG-1_4_2"
"253","AGCCAATTCCCATTTA-1_4_2"
"254","AGCCAATTCTACCACC-1_4_2"
"255","AGCCACGAGATTAGCA-1_4_2"
"256","AGCCACGAGGACGCTA-1_4_2"
"257","AGCCACGGTATGATCC-1_4_2"
"258","AGCCAGCAGCTGAAAT-1_4_2"
"259","AGCCAGCGTGGCTTAT-1_4_2"
"260","AGCGATTCAAGACCTT-1_4_2"
"261","AGCGATTCACCTATCC-1_4_2"
"262","AGCGATTGTAACACGG-1_4_2"
"263","AGCGATTGTGACACGA-1_4_2"
"264","AGCGATTTCACCTGGG-1_4_2"
"265","AGCGCCAAGAATGTTG-1_4_2"
"266","AGCGCCAAGCATAGGC-1_4_2"
"267","AGCGCCAGTCTACATG-1_4_2"
"268","AGCGCCATCCGTGGTG-1_4_2"
"269","AGCGTATAGAATCGAT-1_4_2"
"270","AGCGTATGTGTTGACT-1_4_2"
"271","AGCTACAAGAATAGTC-1_4_2"
"272","AGCTACAGTATCAAGA-1_4_2"
"273","AGCTACAGTGAGATTA-1_4_2"
"274","AGCTTCCAGCTGCCTG-1_4_2"
"275","AGCTTCCGTAATTAGG-1_4_2"
"276","AGCTTCCTCCGACATA-1_4_2"
"277","AGGAAATCACGTCGGT-1_4_2"
"278","AGGAAATCAGTGTATC-1_4_2"
"279","AGGAATACATACCACA-1_4_2"
"280","AGGAATAGTAGAGACC-1_4_2"
"281","AGGACGAGTACATTGC-1_4_2"
"282","AGGACGATCGCCGATG-1_4_2"
"283","AGGACTTTCTCATTGT-1_4_2"
"284","AGGACTTTCTGTTCAT-1_4_2"
"285","AGGAGGTCAATTGCTG-1_4_2"
"286","AGGAGGTTCCTGCTAC-1_4_2"
"287","AGGATAAAGAGGTATT-1_4_2"
"288","AGGATAAAGCAGGGAG-1_4_2"
"289","AGGCATTCACACCTTC-1_4_2"
"290","AGGCATTGTTCGAACT-1_4_2"
"291","AGGCATTTCAGTCAGT-1_4_2"
"292","AGGCCACGTAGTGTGG-1_4_2"
"293","AGGCCACGTGAATTAG-1_4_2"
"294","AGGCCACTCCTATTTG-1_4_2"
"295","AGGGAGTAGATGAACT-1_4_2"
"296","AGGGAGTCAATCAAGA-1_4_2"
"297","AGGGAGTTCAGCCTCT-1_4_2"
"298","AGGGAGTTCTTCCAGC-1_4_2"
"299","AGGGCCTAGTATGAAC-1_4_2"
"300","AGGGCTCAGGCTTCCG-1_4_2"
"301","AGGGTGAAGTACAGAT-1_4_2"
"302","AGGGTTTAGATGTTAG-1_4_2"
"303","AGGGTTTGTAGTATAG-1_4_2"
"304","AGGTCATCAATCTAGC-1_4_2"
"305","AGGTCATTCATCACTT-1_4_2"
"306","AGGTCTAAGAAGCTCG-1_4_2"
"307","AGGTCTAAGAGAAGGT-1_4_2"
"308","AGGTCTACATGGACAG-1_4_2"
"309","AGGTGTTCATGATCTG-1_4_2"
"310","AGGTGTTGTCCACAGC-1_4_2"
"311","AGTAACCAGTGTACAA-1_4_2"
"312","AGTAACCTCTGGAAGG-1_4_2"
"313","AGTACCACATCCTCAC-1_4_2"
"314","AGTACCAGTTTATGCG-1_4_2"
"315","AGTACTGAGATGTTAG-1_4_2"
"316","AGTACTGTCCCATAGA-1_4_2"
"317","AGTACTGTCGTACACA-1_4_2"
"318","AGTACTGTCTGGGATT-1_4_2"
"319","AGTAGTCAGGTGCATG-1_4_2"
"320","AGTCAACGTGGATCAG-1_4_2"
"321","AGTCACAAGTGATCGG-1_4_2"
"322","AGTCACATCGAACGCC-1_4_2"
"323","AGTCATGGTCGTCGGT-1_4_2"
"324","AGTGACTAGTCACGCC-1_4_2"
"325","AGTGACTCAAGCACAG-1_4_2"
"326","AGTGACTCACCGTACG-1_4_2"
"327","AGTGACTGTACCGCGT-1_4_2"
"328","AGTGATCAGCCAAGCA-1_4_2"
"329","AGTGATCGTCGCGGTT-1_4_2"
"330","AGTGATCTCTGAGGCC-1_4_2"
"331","AGTGCCGAGTAGAATC-1_4_2"
"332","AGTGCCGCACCAGTAT-1_4_2"
"333","AGTGCCGTCCATGATG-1_4_2"
"334","AGTGCCGTCTGAGAAA-1_4_2"
"335","AGTGTTGAGCTTTGTG-1_4_2"
"336","AGTGTTGTCGCATGAT-1_4_2"
"337","AGTTAGCGTAGGGAGG-1_4_2"
"338","AGTTCCCAGCAACTCT-1_4_2"
"339","AGTTCGACACCAAAGG-1_4_2"
"340","AGTTCGAGTTCTCAGA-1_4_2"
"341","AGTTCGATCCGAGTGC-1_4_2"
"342","AGTTCGATCTGAGATC-1_4_2"
"343","ATACCGAGTCAACGCC-1_4_2"
"344","ATACCGAGTGATCGTT-1_4_2"
"345","ATACCGATCATCTCTA-1_4_2"
"346","ATACCTTGTTTATGCG-1_4_2"
"347","ATACTTCAGGGTCACA-1_4_2"
"348","ATACTTCCAATAGGAT-1_4_2"
"349","ATAGACCCAGCGTGAA-1_4_2"
"350","ATAGACCGTAGTGTGG-1_4_2"
"351","ATAGAGACACACAGCC-1_4_2"
"352","ATAGAGACATACTGTG-1_4_2"
"353","ATAGGCTAGCTCACTA-1_4_2"
"354","ATATCCTCATGAGATA-1_4_2"
"355","ATATCCTGTAGTATAG-1_4_2"
"356","ATATCCTGTGAACCGA-1_4_2"
"357","ATATCCTTCCATCGTC-1_4_2"
"358","ATCACAGAGCTGTACT-1_4_2"
"359","ATCACAGTCACCCTGT-1_4_2"
"360","ATCACGACACACAGCC-1_4_2"
"361","ATCACTTCAGCCGGTT-1_4_2"
"362","ATCACTTTCTGTGCGG-1_4_2"
"363","ATCAGGTAGCTCGAAG-1_4_2"
"364","ATCCACCCAGCGTATT-1_4_2"
"365","ATCCATTCATTGGGAG-1_4_2"
"366","ATCCATTGTGTGCTTA-1_4_2"
"367","ATCCCTGAGTCACACT-1_4_2"
"368","ATCCCTGTCCTCAGAA-1_4_2"
"369","ATCCTATAGATCGACG-1_4_2"
"370","ATCCTATCAGTAGATA-1_4_2"
"371","ATCCTATGTCGAGCTC-1_4_2"
"372","ATCCTATTCAATCAGC-1_4_2"
"373","ATCGCCTAGTTACGAA-1_4_2"
"374","ATCGCCTCAGCCGTTG-1_4_2"
"375","ATCGCCTTCAACTGGT-1_4_2"
"376","ATCGGATAGACGAAGA-1_4_2"
"377","ATCGGATCAGAGTTCT-1_4_2"
"378","ATCGGCGGTCGGCACT-1_4_2"
"379","ATCGGCGTCGTCACCT-1_4_2"
"380","ATCGTAGCAGTTCACA-1_4_2"
"381","ATCGTAGGTACAGAGC-1_4_2"
"382","ATCGTAGTCCAACCAA-1_4_2"
"383","ATCGTCCCACAGCATT-1_4_2"
"384","ATCGTCCGTATCGCAT-1_4_2"
"385","ATCTCTAAGATTCGCT-1_4_2"
"386","ATCTTCAAGCTGTACT-1_4_2"
"387","ATCTTCAAGGCATGGT-1_4_2"
"388","ATCTTCACACTCTAGA-1_4_2"
"389","ATCTTCAGTTGCCGCA-1_4_2"
"390","ATGAAAGCATAATCGC-1_4_2"
"391","ATGAAAGTCCGGTAGC-1_4_2"
"392","ATGACCACACAAGCAG-1_4_2"
"393","ATGACCACAGGGACTA-1_4_2"
"394","ATGAGGGCACGACCTG-1_4_2"
"395","ATGAGTCAGAGGGTCT-1_4_2"
"396","ATGAGTCCAAACGGCA-1_4_2"
"397","ATGAGTCCAGACACAG-1_4_2"
"398","ATGATCGAGCGATGCA-1_4_2"
"399","ATGATCGCAATTGCCA-1_4_2"
"400","ATGATCGTCCTAAGTG-1_4_2"
"401","ATGCATGCAAGCCTGC-1_4_2"
"402","ATGCATGGTCACCGCA-1_4_2"
"403","ATGCATGTCTGACCCT-1_4_2"
"404","ATGCCTCAGGACAAGA-1_4_2"
"405","ATGCCTCGTCTGGTTA-1_4_2"
"406","ATGCGATCAAGGCCTC-1_4_2"
"407","ATGCGATGTTCGAACT-1_4_2"
"408","ATGGAGGCAGACGCTC-1_4_2"
"409","ATGGAGGTCCATCTAT-1_4_2"
"410","ATGGATCCAGATGCGA-1_4_2"
"411","ATGGGAGGTAGTTACC-1_4_2"
"412","ATGGGAGGTTGCTGAT-1_4_2"
"413","ATGGTTGAGAAACACT-1_4_2"
"414","ATGGTTGTCCTCTCGA-1_4_2"
"415","ATGTCCCAGAGGGTAA-1_4_2"
"416","ATGTCCCAGTCACGCC-1_4_2"
"417","ATGTCCCAGTCCCAAT-1_4_2"
"418","ATGTCCCCATGAAGCG-1_4_2"
"419","ATGTCCCTCGAGAATA-1_4_2"
"420","ATGTCTTGTCCTTAAG-1_4_2"
"421","ATTACCTCAGAACTCT-1_4_2"
"422","ATTACTCAGAACAAGG-1_4_2"
"423","ATTATCCCAACGACTT-1_4_2"
"424","ATTATCCCAAGCGATG-1_4_2"
"425","ATTATCCGTATAATGG-1_4_2"
"426","ATTATCCGTGGGTTGA-1_4_2"
"427","ATTATCCTCGATGCAT-1_4_2"
"428","ATTCACTCAAAGACTA-1_4_2"
"429","ATTCACTCACGCTGAC-1_4_2"
"430","ATTCACTGTGACAACG-1_4_2"
"431","ATTCACTTCTGGAAGG-1_4_2"
"432","ATTCAGGAGCACGATG-1_4_2"
"433","ATTCAGGAGCGTTCAT-1_4_2"
"434","ATTCAGGAGTCAACAA-1_4_2"
"435","ATTCATCGTAAGCTCT-1_4_2"
"436","ATTCATCGTGGATCGA-1_4_2"
"437","ATTCCCGAGATGCTGG-1_4_2"
"438","ATTCCCGAGATTAGTG-1_4_2"
"439","ATTCCTAAGTATAGGT-1_4_2"
"440","ATTCCTACAGTAGTTC-1_4_2"
"441","ATTCGTTGTCCACGCA-1_4_2"
"442","ATTCGTTTCATCGCTC-1_4_2"
"443","ATTCTACAGGTGGCTA-1_4_2"
"444","ATTCTACAGTACCCTA-1_4_2"
"445","ATTCTACCAACACGAG-1_4_2"
"446","ATTCTACTCCTACGGG-1_4_2"
"447","ATTCTTGGTGTTTGCA-1_4_2"
"448","ATTCTTGTCACTCCGT-1_4_2"
"449","ATTCTTGTCAGCGCAC-1_4_2"
"450","ATTGGGTAGTTGGAAT-1_4_2"
"451","ATTTACCAGAAGCCAC-1_4_2"
"452","ATTTACCAGGCACTCC-1_4_2"
"453","ATTTACCTCTTACCGC-1_4_2"
"454","ATTTCACAGGTTCACT-1_4_2"
"455","ATTTCTGCACTTCAAG-1_4_2"
"456","ATTTCTGGTATCGTGT-1_4_2"
"457","ATTTCTGTCTGGGTCG-1_4_2"
"458","CAAAGAATCAAGGAGC-1_4_2"
"459","CAAAGAATCACACCCT-1_4_2"
"460","CAACAACGTCAAAGCG-1_4_2"
"461","CAACAGTTCGACCACG-1_4_2"
"462","CAACCAAAGGTACTGG-1_4_2"
"463","CAACCTCAGAGGTTTA-1_4_2"
"464","CAACCTCCAGCTGGTC-1_4_2"
"465","CAACCTCGTCATATGC-1_4_2"
"466","CAACCTCGTCTAGATC-1_4_2"
"467","CAACGATCAGCAAGAC-1_4_2"
"468","CAACGGCGTGCAAGAC-1_4_2"
"469","CAAGAGGTCCTACCAC-1_4_2"
"470","CAAGCTAAGCCTTTCC-1_4_2"
"471","CAAGCTACATCATTTC-1_4_2"
"472","CAAGCTACATCCGTGG-1_4_2"
"473","CAAGGGAGTCGTGCCA-1_4_2"
"474","CAAGGGAGTTCCGCTT-1_4_2"
"475","CAATACGTCCAAATGC-1_4_2"
"476","CAATACGTCTTTCCGG-1_4_2"
"477","CAATCGAAGGAACGCT-1_4_2"
"478","CAATCGAGTCCGATCG-1_4_2"
"479","CAATGACCACAGTCGC-1_4_2"
"480","CAATTTCAGCATTTGC-1_4_2"
"481","CAATTTCCAATACGAA-1_4_2"
"482","CAATTTCTCAGTGTCA-1_4_2"
"483","CACAACAAGACCAACG-1_4_2"
"484","CACACAATCCGCGAGT-1_4_2"
"485","CACAGATAGCTGACCC-1_4_2"
"486","CACAGATCAGTATTCG-1_4_2"
"487","CACAGATCAGTCGAGA-1_4_2"
"488","CACAGATGTCACTACA-1_4_2"
"489","CACAGATGTCCAAGAG-1_4_2"
"490","CACAGGCAGAATTGCA-1_4_2"
"491","CACAGGCAGCCAGTAG-1_4_2"
"492","CACAGGCAGCTCTATG-1_4_2"
"493","CACAGGCCAAATTAGG-1_4_2"
"494","CACAGGCCAATTGAGA-1_4_2"
"495","CACATGAGTGACTGAG-1_4_2"
"496","CACCAAACAGGTCCCA-1_4_2"
"497","CACCGTTAGTCCCGGT-1_4_2"
"498","CACCGTTGTCGTTCAA-1_4_2"
"499","CACGAATCAATCCAGT-1_4_2"
"500","CACGAATCACTCGATA-1_4_2"
"501","CACGAATCAGAAACCG-1_4_2"
"502","CACGAATTCAAGAATG-1_4_2"
"503","CACGGGTCAACGATCT-1_4_2"
"504","CACGGGTCACTGTGAT-1_4_2"
"505","CACGTGGGTGCCTACG-1_4_2"
"506","CACGTGGTCGTAACCA-1_4_2"
"507","CACGTTCAGTGAATAC-1_4_2"
"508","CACTAAGAGCTGTGCC-1_4_2"
"509","CACTAAGGTGCACGCT-1_4_2"
"510","CACTAAGTCAAAGGAT-1_4_2"
"511","CACTAAGTCAAGCCGC-1_4_2"
"512","CACTGAAGTCCAGGTC-1_4_2"
"513","CACTGTCCATATACCG-1_4_2"
"514","CACTTCGAGTCACTCA-1_4_2"
"515","CACTTCGTCCACAAGT-1_4_2"
"516","CAGAGCCAGATACGAT-1_4_2"
"517","CAGAGCCCAACCGATT-1_4_2"
"518","CAGATCAGTGAGTTTC-1_4_2"
"519","CAGATTGCACTTGAAC-1_4_2"
"520","CAGCACGAGAGTTCGG-1_4_2"
"521","CAGCACGCACACGTGC-1_4_2"
"522","CAGCAGCAGACTCGAG-1_4_2"
"523","CAGCCAGAGCATATGA-1_4_2"
"524","CAGCCAGGTCGACGCT-1_4_2"
"525","CAGCCAGGTGGAATGC-1_4_2"
"526","CAGCCAGGTTCAAGTC-1_4_2"
"527","CAGCGTGCACCCTGAG-1_4_2"
"528","CAGCGTGCAGCCCAGT-1_4_2"
"529","CAGCGTGTCGAGTCTA-1_4_2"
"530","CAGCGTGTCGGAAGGT-1_4_2"
"531","CAGGCCACAATTGTGC-1_4_2"
"532","CAGGCCACACCGTCTT-1_4_2"
"533","CAGGCCAGTATGGTAA-1_4_2"
"534","CAGGCCATCGATTTCT-1_4_2"
"535","CAGGCCATCTCTCTAA-1_4_2"
"536","CAGGGCTAGATGCTTC-1_4_2"
"537","CAGGGCTTCCTTGACC-1_4_2"
"538","CAGGGCTTCTCGGTCT-1_4_2"
"539","CAGGTATAGATGAATC-1_4_2"
"540","CAGGTATAGTGAACAT-1_4_2"
"541","CAGGTATAGTGTTGTC-1_4_2"
"542","CAGGTATCAGTGACCC-1_4_2"
"543","CAGGTATCATCATGAC-1_4_2"
"544","CAGTGCGCAGAAGTTA-1_4_2"
"545","CAGTTAGTCGCACGGT-1_4_2"
"546","CAGTTCCAGCAAGTGC-1_4_2"
"547","CAGTTCCCAAGTCCCG-1_4_2"
"548","CAGTTCCCATAGATCC-1_4_2"
"549","CAGTTCCGTGGCGCTT-1_4_2"
"550","CAGTTCCGTTATTCCT-1_4_2"
"551","CAGTTCCTCAGTGTTG-1_4_2"
"552","CAGTTCCTCCTACCGT-1_4_2"
"553","CATAAGCAGCGCCGTT-1_4_2"
"554","CATAAGCGTATCGAAA-1_4_2"
"555","CATAAGCGTGGCAACA-1_4_2"
"556","CATACCCGTACTAACC-1_4_2"
"557","CATACTTAGCCATTCA-1_4_2"
"558","CATACTTGTAGGCTCC-1_4_2"
"559","CATCAAGCAGCAGAAC-1_4_2"
"560","CATCAAGCATCTAGAC-1_4_2"
"561","CATCCACGTATAATGG-1_4_2"
"562","CATCCACGTGTTCATG-1_4_2"
"563","CATCCCAAGTTCCATG-1_4_2"
"564","CATCCGTAGTATTGCC-1_4_2"
"565","CATCGCTGTTAATCGC-1_4_2"
"566","CATCGCTTCATCACAG-1_4_2"
"567","CATCGGGGTCACAATC-1_4_2"
"568","CATCGTCGTACGACAG-1_4_2"
"569","CATGAGTAGCTCCGAC-1_4_2"
"570","CATGAGTCAGCGACAA-1_4_2"
"571","CATGAGTTCAGCAATC-1_4_2"
"572","CATGCAACACGTTGGC-1_4_2"
"573","CATGCAAGTCCAGCGT-1_4_2"
"574","CATGCCTAGCGTTCCG-1_4_2"
"575","CATGCCTCAAATACAG-1_4_2"
"576","CATGCCTCAAGTTCCA-1_4_2"
"577","CATGCGGCACTTCAAG-1_4_2"
"578","CATGCGGCAGATACCT-1_4_2"
"579","CATGCGGCAGCTGAAG-1_4_2"
"580","CATGGATAGTTGGCTT-1_4_2"
"581","CATGGATCACAAGTGG-1_4_2"
"582","CATTCATAGCACTCCG-1_4_2"
"583","CATTCATGTGTTCGTA-1_4_2"
"584","CATTCATTCTGGAAGG-1_4_2"
"585","CATTCTAAGGAGGTTC-1_4_2"
"586","CATTCTACAGTCGCAC-1_4_2"
"587","CATTCTAGTCTTGTCC-1_4_2"
"588","CATTGAGCAAGAATAC-1_4_2"
"589","CATTGAGGTAACTAAG-1_4_2"
"590","CATTGCCAGAGGTCAC-1_4_2"
"591","CATTGCCGTTGTAAAG-1_4_2"
"592","CATTTCAAGTCATGGG-1_4_2"
"593","CATTTCACAAGTATAG-1_4_2"
"594","CATTTCACAGAGAGGG-1_4_2"
"595","CATTTCACAGCGTACC-1_4_2"
"596","CATTTCATCCAATCTT-1_4_2"
"597","CCAATGAGTCTACACA-1_4_2"
"598","CCAATTTCATGACTAC-1_4_2"
"599","CCACAAAAGAAGCGCT-1_4_2"
"600","CCACAAAAGTAAGCAT-1_4_2"
"601","CCACAAACACTGTGAT-1_4_2"
"602","CCACCATAGGCTTAGG-1_4_2"
"603","CCACCATGTGCGTGCT-1_4_2"
"604","CCACCATTCTCCTGCA-1_4_2"
"605","CCACGAGGTAGCACAG-1_4_2"
"606","CCACGAGTCTTTGCTA-1_4_2"
"607","CCACTTGCACCATATG-1_4_2"
"608","CCACTTGTCCTTATCA-1_4_2"
"609","CCATAAGGTATGTCAC-1_4_2"
"610","CCATCACCAATACCCA-1_4_2"
"611","CCATCACCACTTACAG-1_4_2"
"612","CCATCACTCCGCAAAT-1_4_2"
"613","CCATCACTCGTGCGAC-1_4_2"
"614","CCCGAAGAGCGACCCT-1_4_2"
"615","CCCGAAGTCGTAATGC-1_4_2"
"616","CCCGGAAAGCCATTCA-1_4_2"
"617","CCCTAACCAACGATCT-1_4_2"
"618","CCCTAACCATAGGTAA-1_4_2"
"619","CCCTAACTCCTGTACC-1_4_2"
"620","CCCTGATCATACTGTG-1_4_2"
"621","CCCTGATGTCCTTAAG-1_4_2"
"622","CCCTTAGGTGCCTTTC-1_4_2"
"623","CCCTTAGTCAGCTTGA-1_4_2"
"624","CCGATGGAGCCAAGCA-1_4_2"
"625","CCGCAAGTCCCGTAAA-1_4_2"
"626","CCGGACAAGCGACAGT-1_4_2"
"627","CCGGACACATTGTCGA-1_4_2"
"628","CCGGACATCTCAACCC-1_4_2"
"629","CCGGGTAAGGGTAATT-1_4_2"
"630","CCGGGTAAGTAGCTCT-1_4_2"
"631","CCGGGTAGTGGCGCTT-1_4_2"
"632","CCGGGTAGTTGCCGCA-1_4_2"
"633","CCGGGTATCGGTTGTA-1_4_2"
"634","CCGGTAGTCACTCTTA-1_4_2"
"635","CCGGTAGTCTGTCTCG-1_4_2"
"636","CCGGTGACAAGTGCTT-1_4_2"
"637","CCGGTGACACACCAGC-1_4_2"
"638","CCGGTGACAGCAGGAT-1_4_2"
"639","CCGGTGAGTAGATTAG-1_4_2"
"640","CCGGTGATCACCGGGT-1_4_2"
"641","CCGTGAGGTGCGCTCA-1_4_2"
"642","CCGTTCAAGTAAGACT-1_4_2"
"643","CCGTTCATCCCAATAG-1_4_2"
"644","CCTAAGAGTATCAGGG-1_4_2"
"645","CCTATCGAGTATGACA-1_4_2"
"646","CCTATCGCACACGCCA-1_4_2"
"647","CCTATCGGTTGAATCC-1_4_2"
"648","CCTCAACTCGAAGCCC-1_4_2"
"649","CCTCAACTCGAGAAAT-1_4_2"
"650","CCTCACAAGGGTTGCA-1_4_2"
"651","CCTCACACACTATGTG-1_4_2"
"652","CCTCACAGTTCAGCGC-1_4_2"
"653","CCTCATGAGGGATCAC-1_4_2"
"654","CCTCCAAAGAAGTCAT-1_4_2"
"655","CCTCCAACACAGCTTA-1_4_2"
"656","CCTCCAATCTCGCCTA-1_4_2"
"657","CCTCCTCAGCGCCATC-1_4_2"
"658","CCTCCTCGTCTACTGA-1_4_2"
"659","CCTCCTCTCACGAACT-1_4_2"
"660","CCTCTAGAGTGCTACT-1_4_2"
"661","CCTCTAGTCTTAGCAG-1_4_2"
"662","CCTCTCCAGCCAAGGT-1_4_2"
"663","CCTCTCCCAATCTAGC-1_4_2"
"664","CCTGTTGAGTGCACAG-1_4_2"
"665","CCTGTTGCACATTCTT-1_4_2"
"666","CCTGTTGGTATTCTCT-1_4_2"
"667","CCTTGTGAGAGGTCAC-1_4_2"
"668","CCTTGTGAGATCGACG-1_4_2"
"669","CCTTGTGAGCTACTAC-1_4_2"
"670","CCTTTGGAGAGCTGCA-1_4_2"
"671","CCTTTGGCAAACCATC-1_4_2"
"672","CCTTTGGCAATGGCCC-1_4_2"
"673","CCTTTGGGTACAGAGC-1_4_2"
"674","CCTTTGGTCTTCTGGC-1_4_2"
"675","CGAAGGAAGTTCCGTA-1_4_2"
"676","CGAATTGAGCTCACTA-1_4_2"
"677","CGAATTGCAGACCATT-1_4_2"
"678","CGAATTGGTATGCGGA-1_4_2"
"679","CGACAGCAGACATACA-1_4_2"
"680","CGACAGCGTTTCGATG-1_4_2"
"681","CGAGAAGCAAGAAACT-1_4_2"
"682","CGAGAAGTCGCTGACG-1_4_2"
"683","CGAGGAAAGGACTATA-1_4_2"
"684","CGAGGAACACTCCACT-1_4_2"
"685","CGAGGAAGTCCACTTC-1_4_2"
"686","CGAGGAAGTTGCCGCA-1_4_2"
"687","CGAGGCTAGAGTCCGA-1_4_2"
"688","CGAGGCTCACACCGAC-1_4_2"
"689","CGAGGCTTCCTCGCAT-1_4_2"
"690","CGAGGCTTCTAAACGC-1_4_2"
"691","CGAGTGCCAAATTGCC-1_4_2"
"692","CGATCGGGTACTGGGA-1_4_2"
"693","CGATCGGGTCCAGCAC-1_4_2"
"694","CGATCGGTCATATGGC-1_4_2"
"695","CGATGCGGTTGCACGC-1_4_2"
"696","CGATGGCAGACCAAAT-1_4_2"
"697","CGATGGCTCGCCATAA-1_4_2"
"698","CGCAGGTTCCCATACC-1_4_2"
"699","CGCATAAAGACTACGG-1_4_2"
"700","CGCATAACATGGCCAC-1_4_2"
"701","CGCATAAGTAATGATG-1_4_2"
"702","CGCATGGAGCGTGAAC-1_4_2"
"703","CGCATGGCAGCGTAGA-1_4_2"
"704","CGCATGGGTTATAGAG-1_4_2"
"705","CGCCATTCATTCTGTT-1_4_2"
"706","CGCCATTTCCGAAGGA-1_4_2"
"707","CGCCATTTCTTCCCAG-1_4_2"
"708","CGGAACCCACTACAGT-1_4_2"
"709","CGGAACCGTGAATGTA-1_4_2"
"710","CGGAATTCACTGGATT-1_4_2"
"711","CGGAATTCACTTCTCG-1_4_2"
"712","CGGAATTGTCTCGGGT-1_4_2"
"713","CGGAATTGTGGAAATT-1_4_2"
"714","CGGACACAGGCCTAAG-1_4_2"
"715","CGGACACTCTTAGCAG-1_4_2"
"716","CGGGCATAGCGGCTCT-1_4_2"
"717","CGGGCATAGGTTATAG-1_4_2"
"718","CGGGCATAGTGGACTG-1_4_2"
"719","CGGGTGTCACTAAACC-1_4_2"
"720","CGGGTGTGTGCGTCGT-1_4_2"
"721","CGGGTGTGTTGGAGGT-1_4_2"
"722","CGGTCAGAGGACAACC-1_4_2"
"723","CGGTCAGAGTTCGGTT-1_4_2"
"724","CGGTCAGCAGAAATTG-1_4_2"
"725","CGGTCAGGTCAGATTC-1_4_2"
"726","CGGTCAGTCCACGTGG-1_4_2"
"727","CGTAAGTAGCGGACAT-1_4_2"
"728","CGTAAGTAGGTGATAT-1_4_2"
"729","CGTAATGCATCACGGC-1_4_2"
"730","CGTAGTATCGAGATGG-1_4_2"
"731","CGTCAAAAGGCTAAAT-1_4_2"
"732","CGTCAAATCCATAGAC-1_4_2"
"733","CGTCCATAGTCCCGGT-1_4_2"
"734","CGTCCATAGTGCCGAA-1_4_2"
"735","CGTCCATGTTGGATCT-1_4_2"
"736","CGTGAATTCTACAGGT-1_4_2"
"737","CGTGATAGTAACGTTC-1_4_2"
"738","CGTGCTTCAAGCGCTC-1_4_2"
"739","CGTTCTGCATTATGCG-1_4_2"
"740","CGTTCTGGTGTCCACG-1_4_2"
"741","CGTTCTGTCAACTTTC-1_4_2"
"742","CGTTCTGTCGCCAATA-1_4_2"
"743","CGTTGGGAGCGTTCAT-1_4_2"
"744","CTAACTTAGGACGCAT-1_4_2"
"745","CTAACTTAGGGTCAAC-1_4_2"
"746","CTAACTTCAGGAGGTT-1_4_2"
"747","CTAACTTGTAGTTCCA-1_4_2"
"748","CTAACTTGTCTGATCA-1_4_2"
"749","CTAACTTTCGGTCACG-1_4_2"
"750","CTAAGTGTCTCGGGAC-1_4_2"
"751","CTACAGACACAGAGAC-1_4_2"
"752","CTACAGAGTACGACTT-1_4_2"
"753","CTACAGATCTCGAACA-1_4_2"
"754","CTACATTCAACAGAGC-1_4_2"
"755","CTACATTGTTCCTAGA-1_4_2"
"756","CTACCTGTCCCGTAAA-1_4_2"
"757","CTACTATAGACTTCAC-1_4_2"
"758","CTACTATAGCTGAAGC-1_4_2"
"759","CTAGACAGTGCAACAG-1_4_2"
"760","CTAGACATCGCCACTT-1_4_2"
"761","CTAGGTAAGTCCGCCA-1_4_2"
"762","CTAGGTACAAACCACT-1_4_2"
"763","CTAGGTACAATCTCGA-1_4_2"
"764","CTAGGTAGTCAACACT-1_4_2"
"765","CTAGGTATCAGACAAA-1_4_2"
"766","CTATAGGAGACTGAGC-1_4_2"
"767","CTATAGGCAACCAGAG-1_4_2"
"768","CTATAGGGTCTAACGT-1_4_2"
"769","CTATCCGAGACTTCCA-1_4_2"
"770","CTCAACCAGGCAGCTA-1_4_2"
"771","CTCAACCCACCAGGTC-1_4_2"
"772","CTCAACCCAGGTCCCA-1_4_2"
"773","CTCAAGACATGACTTG-1_4_2"
"774","CTCACTGAGAAATCCA-1_4_2"
"775","CTCACTGCACCATAAC-1_4_2"
"776","CTCACTGCACTTCCTG-1_4_2"
"777","CTCAGAAAGGCTTTCA-1_4_2"
"778","CTCAGAAAGGTTCTAC-1_4_2"
"779","CTCAGAATCGGTCGAC-1_4_2"
"780","CTCAGGGAGAATGTTG-1_4_2"
"781","CTCAGGGAGACCCGCT-1_4_2"
"782","CTCAGGGAGTGTACCT-1_4_2"
"783","CTCAGGGCAGTAGAGC-1_4_2"
"784","CTCAGGGCATGACGGA-1_4_2"
"785","CTCAGGGTCCTAACAG-1_4_2"
"786","CTCAGGGTCGCCGAGT-1_4_2"
"787","CTCAGTCCAACGCCCA-1_4_2"
"788","CTCAGTCTCACACCGG-1_4_2"
"789","CTCATTAAGCCTGGAA-1_4_2"
"790","CTCATTATCTTCCAGC-1_4_2"
"791","CTCCAACAGGTGCCTC-1_4_2"
"792","CTCCAACAGTGTTGTC-1_4_2"
"793","CTCCAACGTCCATCTC-1_4_2"
"794","CTCCACATCCATGATG-1_4_2"
"795","CTCCCAAGTTCAGCTA-1_4_2"
"796","CTCCCAATCCATCTAT-1_4_2"
"797","CTCCCTCTCAACACCA-1_4_2"
"798","CTCCCTCTCAAGGCTT-1_4_2"
"799","CTCCCTCTCAGGGTAG-1_4_2"
"800","CTCCGATGTAGTACGG-1_4_2"
"801","CTCCTCCCACCATATG-1_4_2"
"802","CTCCTTTCAGTCCCGA-1_4_2"
"803","CTCCTTTTCATGTCTT-1_4_2"
"804","CTCGAGGTCGTTGCCT-1_4_2"
"805","CTCTCAGGTGTATTCG-1_4_2"
"806","CTCTCGACAAGAAATC-1_4_2"
"807","CTCTCGAGTAACACCT-1_4_2"
"808","CTCTCGAGTTTCCAAG-1_4_2"
"809","CTCTGGTTCCAAGCTA-1_4_2"
"810","CTGAATGAGCTGAAGC-1_4_2"
"811","CTGAATGGTTTACGTG-1_4_2"
"812","CTGAGGCGTACAGTAA-1_4_2"
"813","CTGAGGCGTAGGCTGA-1_4_2"
"814","CTGAGGCGTGTCCACG-1_4_2"
"815","CTGATCCGTGGCGCTT-1_4_2"
"816","CTGATCCTCATTTGGG-1_4_2"
"817","CTGCAGGAGCGGTAAC-1_4_2"
"818","CTGCAGGTCCCATACC-1_4_2"
"819","CTGCATCCACATACTG-1_4_2"
"820","CTGCATCGTATCCTTT-1_4_2"
"821","CTGCATCTCATGCAGT-1_4_2"
"822","CTGCCATCACGATAGG-1_4_2"
"823","CTGCCATGTCCAGAAG-1_4_2"
"824","CTGCCTACAGGCCTGT-1_4_2"
"825","CTGCGAGTCTACGGGC-1_4_2"
"826","CTGCTCAAGAGGTATT-1_4_2"
"827","CTGCTCAAGCGCAATG-1_4_2"
"828","CTGCTCAAGGTCCCTG-1_4_2"
"829","CTGCTCAGTAGACAAT-1_4_2"
"830","CTGCTCATCATGGTAC-1_4_2"
"831","CTGGCAGAGCAGATAT-1_4_2"
"832","CTGGCAGTCGCCTTGT-1_4_2"
"833","CTGGCAGTCTCTAGGA-1_4_2"
"834","CTGGTCTTCGAGCTGC-1_4_2"
"835","CTGTAGACACAGACGA-1_4_2"
"836","CTGTAGACACCCTATC-1_4_2"
"837","CTGTAGAGTATACAGA-1_4_2"
"838","CTGTAGAGTGCGGATA-1_4_2"
"839","CTGTATTCAATGCAAA-1_4_2"
"840","CTGTCGTCATCGATGT-1_4_2"
"841","CTGTCGTCATGTGACT-1_4_2"
"842","CTGTCGTTCCCTCTCC-1_4_2"
"843","CTGTGAAAGAAGGATG-1_4_2"
"844","CTGTGAACAAGTCCAT-1_4_2"
"845","CTGTGAAGTCTCGACG-1_4_2"
"846","CTTACCGCATGACTGT-1_4_2"
"847","CTTACCGTCAGGACAG-1_4_2"
"848","CTTAGGACAAGTCCAT-1_4_2"
"849","CTTAGGACAAGTCGTT-1_4_2"
"850","CTTAGGATCTGCCCTA-1_4_2"
"851","CTTCAATAGTGGATAT-1_4_2"
"852","CTTCAATCAATACGAA-1_4_2"
"853","CTTCAATGTTAAGAAC-1_4_2"
"854","CTTCCGAAGGAGAGTA-1_4_2"
"855","CTTCGGTAGCGGGTAT-1_4_2"
"856","CTTCGGTCACGTAACT-1_4_2"
"857","CTTCTAAAGCAATAAC-1_4_2"
"858","CTTCTAAAGTATGAAC-1_4_2"
"859","CTTCTAACAGAACTCT-1_4_2"
"860","CTTCTAACAGAGTCAG-1_4_2"
"861","CTTCTAATCATCGCCT-1_4_2"
"862","CTTCTCTGTCTTGCGG-1_4_2"
"863","CTTCTCTTCTAGGAAA-1_4_2"
"864","CTTGATTGTTGGGACA-1_4_2"
"865","CTTTCAAAGCTGACAG-1_4_2"
"866","CTTTCAAAGGGCAACT-1_4_2"
"867","CTTTCAACACAAACGG-1_4_2"
"868","CTTTCGGGTCCCACGA-1_4_2"
"869","GAAATGATCGATCCAA-1_4_2"
"870","GAACGTTGTCAGGAGT-1_4_2"
"871","GAACGTTGTTGGCTAT-1_4_2"
"872","GAACTGTCAACCAATC-1_4_2"
"873","GAAGAATAGCAGTACG-1_4_2"
"874","GAAGAATGTCTTTCTA-1_4_2"
"875","GAAGAATGTTACACAC-1_4_2"
"876","GAAGCCCTCGCTCTAC-1_4_2"
"877","GAAGCGATCGGTGTAT-1_4_2"
"878","GAAGGACCAAAGGCGT-1_4_2"
"879","GAAGGGTAGCTCGCAC-1_4_2"
"880","GAAGGGTGTACGGATG-1_4_2"
"881","GAAGGGTGTCCCGCAA-1_4_2"
"882","GAATAGAGTACCGTGC-1_4_2"
"883","GAATCACAGCAGCGAT-1_4_2"
"884","GAATCACGTTAGAGAT-1_4_2"
"885","GAATCGTAGGCGAAGG-1_4_2"
"886","GAATCGTGTACTCCGG-1_4_2"
"887","GAATCGTTCATCCTGC-1_4_2"
"888","GAATCGTTCTGCTTAT-1_4_2"
"889","GACACGCGTATCGGTT-1_4_2"
"890","GACACGCTCTGGCTGG-1_4_2"
"891","GACAGCCGTCCGCAGT-1_4_2"
"892","GACATCAGTTCCAAAC-1_4_2"
"893","GACATCAGTTTCGCTC-1_4_2"
"894","GACCAATCACATGTTG-1_4_2"
"895","GACCAATCATACCAGT-1_4_2"
"896","GACCCTTCACACAGCC-1_4_2"
"897","GACCCTTTCTACCAGA-1_4_2"
"898","GACCGTGAGCATGCAG-1_4_2"
"899","GACCGTGAGTTCATCG-1_4_2"
"900","GACCTTCGTGGCGCTT-1_4_2"
"901","GACCTTCTCGGTCTAA-1_4_2"
"902","GACGCTGTCATTGCTT-1_4_2"
"903","GACGCTGTCCACTAGA-1_4_2"
"904","GACTATGAGGACATCG-1_4_2"
"905","GACTATGCAGAGAATT-1_4_2"
"906","GACTATGGTTTGCAGT-1_4_2"
"907","GACTCAAGTATTGAGA-1_4_2"
"908","GACTCAAGTCCTTAAG-1_4_2"
"909","GACTCAATCCTGCCAT-1_4_2"
"910","GACTCTCGTATCTTCT-1_4_2"
"911","GACTCTCTCTTAGGAC-1_4_2"
"912","GACTGATGTCACAGAG-1_4_2"
"913","GACTTCCGTGGCATCC-1_4_2"
"914","GACTTCCGTGGCTACC-1_4_2"
"915","GACTTCCGTTACTCAG-1_4_2"
"916","GACTTCCTCATTACCT-1_4_2"
"917","GAGAAATGTTCCGCGA-1_4_2"
"918","GAGACCCAGAATCGTA-1_4_2"
"919","GAGACTTAGAAATCCA-1_4_2"
"920","GAGAGGTCAAACAGGC-1_4_2"
"921","GAGAGGTGTCTAACGT-1_4_2"
"922","GAGAGGTTCCAAACCA-1_4_2"
"923","GAGATGGTCAAGCCAT-1_4_2"
"924","GAGCCTGCACAAGCCC-1_4_2"
"925","GAGCCTGTCGACACTA-1_4_2"
"926","GAGCTGCTCATGTCAG-1_4_2"
"927","GAGGCAAGTCGCCACA-1_4_2"
"928","GAGGCCTAGAGGCGTT-1_4_2"
"929","GAGGCCTTCCTGTAAG-1_4_2"
"930","GAGGGATGTCATGACT-1_4_2"
"931","GAGGGTAAGCCATGCC-1_4_2"
"932","GAGTCATAGAGCCTGA-1_4_2"
"933","GAGTCATAGCGCTTCG-1_4_2"
"934","GAGTCTAAGGTTGGTG-1_4_2"
"935","GAGTCTATCAAATGCC-1_4_2"
"936","GAGTGAGCAACAAGAT-1_4_2"
"937","GAGTTACCACAAGCCC-1_4_2"
"938","GAGTTACCACAGTATC-1_4_2"
"939","GAGTTACCAGCTATAC-1_4_2"
"940","GAGTTACGTACGTGTT-1_4_2"
"941","GAGTTACGTGTGTCCG-1_4_2"
"942","GATAGAATCACTTGGA-1_4_2"
"943","GATAGAATCTCCAAGA-1_4_2"
"944","GATAGCTGTCGCTTAA-1_4_2"
"945","GATAGCTGTTGGCCTG-1_4_2"
"946","GATCAGTCACAGCCTG-1_4_2"
"947","GATCAGTCACGTACTA-1_4_2"
"948","GATCAGTGTAGCTTTG-1_4_2"
"949","GATCATGAGCCACCGT-1_4_2"
"950","GATCATGGTAGCGCTC-1_4_2"
"951","GATCATGGTTGACTGT-1_4_2"
"952","GATCCCTCACTCATAG-1_4_2"
"953","GATCCCTCATCAGCTA-1_4_2"
"954","GATCCCTTCATGAAAG-1_4_2"
"955","GATCGTACAGCTCATA-1_4_2"
"956","GATCGTAGTGTTCGTA-1_4_2"
"957","GATCGTATCCAGTTCC-1_4_2"
"958","GATGACTCAAGAATAC-1_4_2"
"959","GATGACTCAATCACGT-1_4_2"
"960","GATGACTTCGCCGTGA-1_4_2"
"961","GATGACTTCGTTAGTG-1_4_2"
"962","GATGAGGTCCTAACAG-1_4_2"
"963","GATGAGGTCTGCCTGT-1_4_2"
"964","GATGATCGTCCACAGC-1_4_2"
"965","GATGGAGAGTAGACCG-1_4_2"
"966","GATGGAGCAGACATCT-1_4_2"
"967","GATGGAGGTCGAACGA-1_4_2"
"968","GATGTTGTCGCTGATA-1_4_2"
"969","GATTTCTTCCTACCGT-1_4_2"
"970","GCAACATCACCAACAT-1_4_2"
"971","GCAACATGTGCAATGG-1_4_2"
"972","GCAACCGCACACGGTC-1_4_2"
"973","GCAACCGCACGACGAA-1_4_2"
"974","GCACATAAGCTAAACA-1_4_2"
"975","GCACGGTAGACTCTAC-1_4_2"
"976","GCACGGTCACAGAAGC-1_4_2"
"977","GCACGTGGTAAGACCG-1_4_2"
"978","GCACGTGTCACCCTGT-1_4_2"
"979","GCACGTGTCCAATCTT-1_4_2"
"980","GCACTAAAGTCATACC-1_4_2"
"981","GCACTAACAATCTAGC-1_4_2"
"982","GCACTAACAGGAAGTC-1_4_2"
"983","GCACTAAGTCACCGAC-1_4_2"
"984","GCACTAATCCTCAGAA-1_4_2"
"985","GCAGCTGCATGCGGTC-1_4_2"
"986","GCAGCTGGTACTTCCC-1_4_2"
"987","GCAGGCTCACTATCGA-1_4_2"
"988","GCAGGCTTCCTCAGGG-1_4_2"
"989","GCAGGCTTCGTACCTC-1_4_2"
"990","GCAGGCTTCTTCGGTC-1_4_2"
"991","GCAGTTAAGTACAGCG-1_4_2"
"992","GCAGTTATCCTACCGT-1_4_2"
"993","GCAGTTATCGCTTGAA-1_4_2"
"994","GCATCTCCAGGGTTGA-1_4_2"
"995","GCATCTCCAGGTGACA-1_4_2"
"996","GCATCTCTCAACGTGT-1_4_2"
"997","GCATCTCTCAGAGTTC-1_4_2"
"998","GCATTAGAGTCGCCCA-1_4_2"
"999","GCATTAGCACCATATG-1_4_2"
"1000","GCATTAGGTATAGGGC-1_4_2"
"1001","GCATTAGTCCGTGGGT-1_4_2"
"1002","GCCAACGCACTACCGG-1_4_2"
"1003","GCCAACGGTAGGTCAG-1_4_2"
"1004","GCCAGCACATTCGATG-1_4_2"
"1005","GCCAGCAGTCTCAAGT-1_4_2"
"1006","GCCAGGTCAATTGCCA-1_4_2"
"1007","GCCAGGTGTGTGTGGA-1_4_2"
"1008","GCCAGGTTCGTGCAGC-1_4_2"
"1009","GCCAGTGAGGATTACA-1_4_2"
"1010","GCCAGTGCAACCTAAC-1_4_2"
"1011","GCCAGTGTCAGGTAAA-1_4_2"
"1012","GCCAGTGTCGACATTG-1_4_2"
"1013","GCCATGGCACCGGTCA-1_4_2"
"1014","GCCATGGGTTACGCCG-1_4_2"
"1015","GCCATGGGTTCCGGTG-1_4_2"
"1016","GCCCAGAAGTGCGCTC-1_4_2"
"1017","GCCCAGAGTACAGTCT-1_4_2"
"1018","GCCCGAACAGTAGGAC-1_4_2"
"1019","GCCCGAAGTCGGTGTC-1_4_2"
"1020","GCCGATGAGGATATGT-1_4_2"
"1021","GCCGATGCACCTCGTT-1_4_2"
"1022","GCCGATGGTGTATACC-1_4_2"
"1023","GCCTGTTAGCGAGGAG-1_4_2"
"1024","GCCTGTTAGCTAATCC-1_4_2"
"1025","GCGAGAAAGAGTTGTA-1_4_2"
"1026","GCGAGAACAATAGTGA-1_4_2"
"1027","GCGAGAAGTACCACGC-1_4_2"
"1028","GCGATCGCACAACGTT-1_4_2"
"1029","GCGGAAAGTTGTGGCC-1_4_2"
"1030","GCGGATCCAAATTAGG-1_4_2"
"1031","GCGGATCGTGTGCCTG-1_4_2"
"1032","GCGGATCTCATAGGCT-1_4_2"
"1033","GCGTGCACATCCTAAG-1_4_2"
"1034","GCGTTTCCAAGTGATA-1_4_2"
"1035","GCTACAAAGCGTACAG-1_4_2"
"1036","GCTACAACAGTTAAAG-1_4_2"
"1037","GCTACCTAGTCTGGTT-1_4_2"
"1038","GCTACCTAGTGGCAGT-1_4_2"
"1039","GCTACCTCACGACGAA-1_4_2"
"1040","GCTACCTGTATACCCA-1_4_2"
"1041","GCTCAAAAGGGTAGCT-1_4_2"
"1042","GCTCAAACACAGTGAG-1_4_2"
"1043","GCTCAAAGTCGCCACA-1_4_2"
"1044","GCTGAATAGAGAATCT-1_4_2"
"1045","GCTGAATCAAACTAAG-1_4_2"
"1046","GCTGAATGTCTTACAG-1_4_2"
"1047","GCTGCAGGTCGCAACC-1_4_2"
"1048","GCTGCAGGTTTGCAGT-1_4_2"
"1049","GCTGGGTAGACTTCGT-1_4_2"
"1050","GCTGGGTGTCAGACTT-1_4_2"
"1051","GCTTCACCAGGTTCGC-1_4_2"
"1052","GCTTCACTCAGAGCGA-1_4_2"
"1053","GCTTGGGAGGAACTAT-1_4_2"
"1054","GCTTGGGCAAGTGGGT-1_4_2"
"1055","GCTTGGGGTTACTCAG-1_4_2"
"1056","GCTTGGGTCCTCTGCA-1_4_2"
"1057","GCTTTCGTCTGTCCCA-1_4_2"
"1058","GGAACCCCACAAATAG-1_4_2"
"1059","GGAACCCCATGAAAGT-1_4_2"
"1060","GGAAGTGAGTTGTCGT-1_4_2"
"1061","GGAAGTGCACAGCGCT-1_4_2"
"1062","GGAAGTGGTGGCCTCA-1_4_2"
"1063","GGAATCTTCCCTTCCC-1_4_2"
"1064","GGAATGGGTTAAGAAC-1_4_2"
"1065","GGAATGGTCTACAGGT-1_4_2"
"1066","GGACGTCAGGAGACCT-1_4_2"
"1067","GGACGTCCAAAGCTAA-1_4_2"
"1068","GGACGTCCACGAGGAT-1_4_2"
"1069","GGACGTCCAGCTCCTT-1_4_2"
"1070","GGAGAACAGCACCGTC-1_4_2"
"1071","GGAGAACCACAACGAG-1_4_2"
"1072","GGAGAACTCTCTTGCG-1_4_2"
"1073","GGAGATGCAGTGTGCC-1_4_2"
"1074","GGAGATGGTTTCGGCG-1_4_2"
"1075","GGAGATGTCGCCATAA-1_4_2"
"1076","GGAGCAAGTCTAACTG-1_4_2"
"1077","GGAGCAAGTGCAGTGA-1_4_2"
"1078","GGAGCAATCATCGTAG-1_4_2"
"1079","GGAGGATTCACATACG-1_4_2"
"1080","GGAGGATTCCATTTGT-1_4_2"
"1081","GGATCTAAGATGTAGT-1_4_2"
"1082","GGATCTAGTCTTCAAG-1_4_2"
"1083","GGATGTTCAATTTCTC-1_4_2"
"1084","GGCACGTCAAGCCTGC-1_4_2"
"1085","GGCAGTCAGCCTCAAT-1_4_2"
"1086","GGCAGTCCAGGCATTT-1_4_2"
"1087","GGCGTCAAGCAATTCC-1_4_2"
"1088","GGCTGTGAGGAACGTC-1_4_2"
"1089","GGCTTGGAGGCACAAC-1_4_2"
"1090","GGCTTGGCAAGGTCAG-1_4_2"
"1091","GGCTTGGTCCTATGGA-1_4_2"
"1092","GGCTTGGTCTTACCGC-1_4_2"
"1093","GGCTTTCAGGATCATA-1_4_2"
"1094","GGCTTTCCAGATACTC-1_4_2"
"1095","GGCTTTCGTATCAAGA-1_4_2"
"1096","GGGAAGTAGAGCAGCT-1_4_2"
"1097","GGGAAGTAGGAACGTC-1_4_2"
"1098","GGGACAAAGAGGGTAA-1_4_2"
"1099","GGGACAACACTGCATA-1_4_2"
"1100","GGGACTCTCGAGTACT-1_4_2"
"1101","GGGAGATCACTCTAGA-1_4_2"
"1102","GGGAGTAGTGGCCACT-1_4_2"
"1103","GGGATCCCACAAGTGG-1_4_2"
"1104","GGGATCCCACACTGGC-1_4_2"
"1105","GGGATCCGTGTGTCCG-1_4_2"
"1106","GGGATCCTCCCTATTA-1_4_2"
"1107","GGGATGAAGAACTTCC-1_4_2"
"1108","GGGATGACACACCGCA-1_4_2"
"1109","GGGATGACATGGGATG-1_4_2"
"1110","GGGATGAGTGAATGTA-1_4_2"
"1111","GGGCCATAGGATCACG-1_4_2"
"1112","GGGCCATTCTCATTAC-1_4_2"
"1113","GGGCGTTAGAGCTTTC-1_4_2"
"1114","GGGCGTTCACGACAAG-1_4_2"
"1115","GGGCTACTCACTGAAC-1_4_2"
"1116","GGGCTCAGTTTGAAAG-1_4_2"
"1117","GGGTAGACAATTGAAG-1_4_2"
"1118","GGGTAGACACAAATAG-1_4_2"
"1119","GGGTAGACATGGCTGC-1_4_2"
"1120","GGGTAGATCTACTTCA-1_4_2"
"1121","GGGTATTGTATTCCTT-1_4_2"
"1122","GGGTCACTCTACTATC-1_4_2"
"1123","GGGTCTGCAGTTCTAG-1_4_2"
"1124","GGGTCTGGTTAATGAG-1_4_2"
"1125","GGGTCTGTCTATACTC-1_4_2"
"1126","GGGTGAAAGCTACGTT-1_4_2"
"1127","GGGTGAACAACAGCCC-1_4_2"
"1128","GGGTGAACATCTCAAG-1_4_2"
"1129","GGGTGAATCGTTCTGC-1_4_2"
"1130","GGGTGTCTCTTGTGCC-1_4_2"
"1131","GGGTTATAGAAGAGCA-1_4_2"
"1132","GGGTTATAGATAACAC-1_4_2"
"1133","GGGTTATGTACAGTTC-1_4_2"
"1134","GGGTTTAAGTAAACAC-1_4_2"
"1135","GGGTTTATCCAAGGGA-1_4_2"
"1136","GGGTTTATCCTACTGC-1_4_2"
"1137","GGTAATCCACACAGAG-1_4_2"
"1138","GGTAATCTCTAGCAAC-1_4_2"
"1139","GGTAGAGGTGCATCTA-1_4_2"
"1140","GGTCACGGTTTCGCTC-1_4_2"
"1141","GGTGAAGCAAATCAAG-1_4_2"
"1142","GGTGGCTGTGAGACCA-1_4_2"
"1143","GGTGTCGAGAATTTGG-1_4_2"
"1144","GGTGTCGAGTTACGGG-1_4_2"
"1145","GGTGTCGGTCCTGTTC-1_4_2"
"1146","GGTGTTACATGGGCAA-1_4_2"
"1147","GGTTAACCACTTGTGA-1_4_2"
"1148","GGTTAACGTATCGAAA-1_4_2"
"1149","GGTTCTCAGGATATGT-1_4_2"
"1150","GGTTGTACAAGCTGTT-1_4_2"
"1151","GTAACACCATAGATGA-1_4_2"
"1152","GTAACCAAGACCAGCA-1_4_2"
"1153","GTAAGTCAGGTACAAT-1_4_2"
"1154","GTAAGTCAGTAAATGC-1_4_2"
"1155","GTAATCGGTCTTGAGT-1_4_2"
"1156","GTAATGCTCCACTGAA-1_4_2"
"1157","GTACAACAGTAGGTTA-1_4_2"
"1158","GTACAACCAAAGAGTT-1_4_2"
"1159","GTACAGTCAGGACTAG-1_4_2"
"1160","GTACAGTCATTGACAC-1_4_2"
"1161","GTACAGTGTACGTTCA-1_4_2"
"1162","GTACAGTGTACTAAGA-1_4_2"
"1163","GTAGAAAAGCCGGATA-1_4_2"
"1164","GTAGATCAGGTCACAG-1_4_2"
"1165","GTAGATCCAGCTACCG-1_4_2"
"1166","GTAGCTAAGTTAACAG-1_4_2"
"1167","GTAGTACCAGCCCACA-1_4_2"
"1168","GTATTGGCACACGGAA-1_4_2"
"1169","GTATTGGGTTTACTTC-1_4_2"
"1170","GTATTTCAGTCGAATA-1_4_2"
"1171","GTATTTCGTATCGCTA-1_4_2"
"1172","GTATTTCGTGAGCTCC-1_4_2"
"1173","GTATTTCGTGCTAGCC-1_4_2"
"1174","GTCAAACTCTTTACAC-1_4_2"
"1175","GTCAAGTGTATAGGAT-1_4_2"
"1176","GTCAAGTGTCGACTGC-1_4_2"
"1177","GTCACTCAGTCACACT-1_4_2"
"1178","GTCAGCGAGGGCATGT-1_4_2"
"1179","GTCAGCGCAACGTAAA-1_4_2"
"1180","GTCAGCGGTTGCGGAA-1_4_2"
"1181","GTCATGACATCAGTCA-1_4_2"
"1182","GTCATTTAGCATGATA-1_4_2"
"1183","GTCATTTCAGGCTTGC-1_4_2"
"1184","GTCCACTAGAATTCAG-1_4_2"
"1185","GTCCACTGTCATAAAG-1_4_2"
"1186","GTCCACTTCGGAATGG-1_4_2"
"1187","GTCCCATAGCGTGTCC-1_4_2"
"1188","GTCCCATCAAATCGGG-1_4_2"
"1189","GTCCCATCAGACAAAT-1_4_2"
"1190","GTCGAATAGTTCAACC-1_4_2"
"1191","GTCGAATTCACGGACC-1_4_2"
"1192","GTCGCGACATCATCTT-1_4_2"
"1193","GTCTACCAGCACGATG-1_4_2"
"1194","GTCTACCCAGATTAAG-1_4_2"
"1195","GTCTACCTCAACGCTA-1_4_2"
"1196","GTCTAGAGTACGTGAG-1_4_2"
"1197","GTCTAGATCGTTCCCA-1_4_2"
"1198","GTCTCACGTTTCGTGA-1_4_2"
"1199","GTCTGTCAGAGGGTAA-1_4_2"
"1200","GTCTGTCAGATTTGCC-1_4_2"
"1201","GTCTGTCCATCAGCAT-1_4_2"
"1202","GTCTTTACAGGATTCT-1_4_2"
"1203","GTCTTTAGTACGAAAT-1_4_2"
"1204","GTCTTTAGTCCGGATC-1_4_2"
"1205","GTCTTTAGTGGACCAA-1_4_2"
"1206","GTCTTTAGTTCCGCAG-1_4_2"
"1207","GTGACGCCACTCTCGT-1_4_2"
"1208","GTGACGCGTGAATTGA-1_4_2"
"1209","GTGAGCCCAACTAGAA-1_4_2"
"1210","GTGAGCCCACGCCACA-1_4_2"
"1211","GTGAGTTAGGTTATAG-1_4_2"
"1212","GTGCACGGTTGAGTCT-1_4_2"
"1213","GTGCAGCCAGCTACCG-1_4_2"
"1214","GTGCGTGAGTCAGCGA-1_4_2"
"1215","GTGCGTGCACGGTGCT-1_4_2"
"1216","GTGCGTGCATGGGAAC-1_4_2"
"1217","GTGCGTGTCAAGTCTG-1_4_2"
"1218","GTGCTGGAGCCAAGGT-1_4_2"
"1219","GTGCTGGCAGTGCGCT-1_4_2"
"1220","GTGCTGGTCGCCACTT-1_4_2"
"1221","GTGCTTCTCTTAGCCC-1_4_2"
"1222","GTGGAGAAGACATCCT-1_4_2"
"1223","GTGGAGATCGCAACAT-1_4_2"
"1224","GTGGGAACAGTTACCA-1_4_2"
"1225","GTGGGAACATGACTAC-1_4_2"
"1226","GTGGGAAGTGTCCGGT-1_4_2"
"1227","GTGGGAATCGCCTCTA-1_4_2"
"1228","GTGGTTAAGAATTGTG-1_4_2"
"1229","GTGGTTATCTCGCGTT-1_4_2"
"1230","GTGGTTATCTGGTGGC-1_4_2"
"1231","GTGTAACGTGTCCCTT-1_4_2"
"1232","GTGTCCTCAAACCACT-1_4_2"
"1233","GTGTCCTCAGAGAGGG-1_4_2"
"1234","GTGTGATAGTAACCTC-1_4_2"
"1235","GTGTGATCAACAGCCC-1_4_2"
"1236","GTGTGGCAGTCCGCGT-1_4_2"
"1237","GTGTTAGAGCGATTCT-1_4_2"
"1238","GTGTTAGGTACTCAAC-1_4_2"
"1239","GTGTTAGGTGAGATAT-1_4_2"
"1240","GTGTTAGTCATTGTTC-1_4_2"
"1241","GTGTTAGTCTCTGCCA-1_4_2"
"1242","GTTACAGCAGGGCTTC-1_4_2"
"1243","GTTACAGTCTACGCGG-1_4_2"
"1244","GTTACCCCATTGCCTC-1_4_2"
"1245","GTTACCCTCTGGACCG-1_4_2"
"1246","GTTACGAGTTGGACTT-1_4_2"
"1247","GTTAGTGCACTGGACC-1_4_2"
"1248","GTTAGTGTCCGCAACG-1_4_2"
"1249","GTTATGGGTAACACCT-1_4_2"
"1250","GTTCCGTAGTCGGCCT-1_4_2"
"1251","GTTCCGTGTCGCGTCA-1_4_2"
"1252","GTTCGCTTCGCAACAT-1_4_2"
"1253","GTTCTATGTCACCGAC-1_4_2"
"1254","GTTGCGGCAACACTAC-1_4_2"
"1255","GTTGCGGCATCCGATA-1_4_2"
"1256","GTTGCTCGTACGTACT-1_4_2"
"1257","GTTGCTCGTTTCACTT-1_4_2"
"1258","GTTGCTCTCGCATGAT-1_4_2"
"1259","GTTGTAGGTTCAAACC-1_4_2"
"1260","GTTGTCCAGGTTGACG-1_4_2"
"1261","GTTGTCCGTAGAGCTG-1_4_2"
"1262","GTTGTCCGTCGTGCCA-1_4_2"
"1263","GTTGTCCGTTATTCTC-1_4_2"
"1264","GTTGTGACATGCGTGC-1_4_2"
"1265","TAACACGAGTCCTGCG-1_4_2"
"1266","TAACACGCAGTAGAAT-1_4_2"
"1267","TAACACGTCAGAATAG-1_4_2"
"1268","TAACCAGAGCACCGAA-1_4_2"
"1269","TAACCAGAGGCTAAAT-1_4_2"
"1270","TAACCAGGTACTAAGA-1_4_2"
"1271","TAACGACCAACCTATG-1_4_2"
"1272","TAACTTCCAACAGCTT-1_4_2"
"1273","TAACTTCTCTACGGGC-1_4_2"
"1274","TAAGCACAGCACTCCG-1_4_2"
"1275","TAAGCACCATCCTATT-1_4_2"
"1276","TAAGCACTCGTCTACC-1_4_2"
"1277","TAAGCCAGTGACACGA-1_4_2"
"1278","TAAGCCAGTGCCTATA-1_4_2"
"1279","TAAGTCGGTCAAAGCG-1_4_2"
"1280","TAATCTCTCTCTAGGA-1_4_2"
"1281","TACAACGAGACGGATC-1_4_2"
"1282","TACACCCTCGTAGCTA-1_4_2"
"1283","TACAGGTTCATCGGGC-1_4_2"
"1284","TACAGGTTCTGAGGTT-1_4_2"
"1285","TACATTCCAGTTTCGA-1_4_2"
"1286","TACCCACTCAGCCTCT-1_4_2"
"1287","TACCCACTCTTACCGC-1_4_2"
"1288","TACCCGTAGGCCATAG-1_4_2"
"1289","TACCCGTCAGAACTTC-1_4_2"
"1290","TACCCGTTCTGCTTTA-1_4_2"
"1291","TACCGAAGTGCGTTTA-1_4_2"
"1292","TACCGAATCCTTACCG-1_4_2"
"1293","TACCGGGAGTCACTGT-1_4_2"
"1294","TACCGGGCAGTCGGTC-1_4_2"
"1295","TACCTCGCACTACTTT-1_4_2"
"1296","TACCTCGCAGGTCTCG-1_4_2"
"1297","TACCTCGGTCCATACA-1_4_2"
"1298","TACCTCGTCTGCGAGC-1_4_2"
"1299","TACCTGCAGAGTCAAT-1_4_2"
"1300","TACCTGCGTATGGTTC-1_4_2"
"1301","TACCTGCTCCCAGGAC-1_4_2"
"1302","TACGCTCGTAGCTGTT-1_4_2"
"1303","TACGCTCGTGCCAAGA-1_4_2"
"1304","TACGGGCGTCCATAGT-1_4_2"
"1305","TACGGGCTCACATACG-1_4_2"
"1306","TACGGGCTCATCGCCT-1_4_2"
"1307","TACGGGCTCGACGAGA-1_4_2"
"1308","TACGGTAAGCTGAGTG-1_4_2"
"1309","TACGTCCCACGCACCA-1_4_2"
"1310","TACGTCCCAGCAGGAT-1_4_2"
"1311","TACGTCCTCCGGTAAT-1_4_2"
"1312","TACGTCCTCGATGCTA-1_4_2"
"1313","TACTGCCAGTCGAATA-1_4_2"
"1314","TACTGCCTCCGAGATT-1_4_2"
"1315","TACTTACCAGTCGAGA-1_4_2"
"1316","TACTTACCATCAGCAT-1_4_2"
"1317","TACTTACGTCGTGATT-1_4_2"
"1318","TACTTACTCGTAACCA-1_4_2"
"1319","TACTTCACAAATTGCC-1_4_2"
"1320","TACTTCAGTTCCAAAC-1_4_2"
"1321","TACTTCATCGAGATGG-1_4_2"
"1322","TACTTGTCATGTCGTA-1_4_2"
"1323","TACTTGTTCTGAGCAT-1_4_2"
"1324","TAGACCATCCATGAGT-1_4_2"
"1325","TAGACCATCTCGTGGG-1_4_2"
"1326","TAGACTGAGAGTCCGA-1_4_2"
"1327","TAGACTGGTGAGTGAC-1_4_2"
"1328","TAGACTGGTTCCGGTG-1_4_2"
"1329","TAGACTGTCATTCCTA-1_4_2"
"1330","TAGAGTCTCTACTGCC-1_4_2"
"1331","TAGATCGGTGTAACGG-1_4_2"
"1332","TAGATCGGTTGGACTT-1_4_2"
"1333","TAGATCGTCCCAGCGA-1_4_2"
"1334","TAGCACACACGCAAAG-1_4_2"
"1335","TAGCACAGTCACAATC-1_4_2"
"1336","TAGCACAGTGGATCGA-1_4_2"
"1337","TAGCACATCGGACGTC-1_4_2"
"1338","TAGGAGGCAGAGGTAC-1_4_2"
"1339","TAGGAGGTCAGCATTG-1_4_2"
"1340","TAGGGTTAGAACTGAT-1_4_2"
"1341","TAGGGTTAGTCACGCC-1_4_2"
"1342","TAGGGTTTCGCCAATA-1_4_2"
"1343","TAGGTTGGTGTATTGC-1_4_2"
"1344","TAGTGCACAGAAACCG-1_4_2"
"1345","TATACCTAGTCTGGAG-1_4_2"
"1346","TATACCTCAGCAGTGA-1_4_2"
"1347","TATACCTTCGCATTGA-1_4_2"
"1348","TATATCCAGTGGTTGG-1_4_2"
"1349","TATATCCCACTGTGTA-1_4_2"
"1350","TATATCCTCCCAAGCG-1_4_2"
"1351","TATCAGGCAGTAGAGC-1_4_2"
"1352","TATCAGGTCATCGTAG-1_4_2"
"1353","TATCAGGTCGCAACAT-1_4_2"
"1354","TATCAGGTCTGAACGT-1_4_2"
"1355","TATCAGGTCTGAGGCC-1_4_2"
"1356","TATCCTAAGCTAAATG-1_4_2"
"1357","TATCCTACACTGGAAG-1_4_2"
"1358","TATCCTACATAGGAGC-1_4_2"
"1359","TATCGCCGTAGATTAG-1_4_2"
"1360","TATCGCCGTTTGGGAG-1_4_2"
"1361","TATCTGTAGAAGCCAC-1_4_2"
"1362","TATCTGTCAAGAGGTC-1_4_2"
"1363","TATCTGTCACAAATCC-1_4_2"
"1364","TATCTTGAGTAGCCAG-1_4_2"
"1365","TATCTTGGTACATTGC-1_4_2"
"1366","TATGTTCGTGTTGAGG-1_4_2"
"1367","TATGTTCTCAGCTGAT-1_4_2"
"1368","TATGTTCTCCACGGAC-1_4_2"
"1369","TATTCCATCCGTATAG-1_4_2"
"1370","TATTGCTCAAGTGGAC-1_4_2"
"1371","TATTGGGAGTCTCCTC-1_4_2"
"1372","TATTGGGCACATAGCT-1_4_2"
"1373","TATTGGGCATCCAATG-1_4_2"
"1374","TATTGGGGTCACTCAA-1_4_2"
"1375","TATTTCGCACTGGCCA-1_4_2"
"1376","TATTTCGTCCTCTGCA-1_4_2"
"1377","TCAAGACCAGTCGAGA-1_4_2"
"1378","TCAAGACGTGTATCCA-1_4_2"
"1379","TCAAGACTCAAACGTC-1_4_2"
"1380","TCAAGCACAACGCATT-1_4_2"
"1381","TCAAGCACATCCGGTG-1_4_2"
"1382","TCAAGTGTCAAGTCGT-1_4_2"
"1383","TCAAGTGTCACGGGAA-1_4_2"
"1384","TCAATCTTCTGCTGAA-1_4_2"
"1385","TCACACCAGGGACCAT-1_4_2"
"1386","TCACACCTCAGGACGA-1_4_2"
"1387","TCACGCTGTGTTCGTA-1_4_2"
"1388","TCACGCTTCAAGATAG-1_4_2"
"1389","TCACGGGGTCGTGGTC-1_4_2"
"1390","TCACTATCATCTCGTC-1_4_2"
"1391","TCACTATTCCTACAAG-1_4_2"
"1392","TCACTCGAGGATGTTA-1_4_2"
"1393","TCACTCGAGGGCAGAG-1_4_2"
"1394","TCACTCGTCCTGGGTG-1_4_2"
"1395","TCAGCAAAGTTCGCAT-1_4_2"
"1396","TCAGCAAGTGATTGGG-1_4_2"
"1397","TCAGCCTAGGCATCTT-1_4_2"
"1398","TCAGGTAAGTCATCCA-1_4_2"
"1399","TCAGGTAAGTGATCGG-1_4_2"
"1400","TCAGGTAGTAGACGGT-1_4_2"
"1401","TCAGGTAGTTATCTTC-1_4_2"
"1402","TCAGTCCCAACACGTT-1_4_2"
"1403","TCAGTCCCAGGTTCAT-1_4_2"
"1404","TCAGTCCTCAGTCTTT-1_4_2"
"1405","TCAGTCCTCTAGCCTC-1_4_2"
"1406","TCAGTCCTCTCCGAGG-1_4_2"
"1407","TCAGTGAGTCATCCGG-1_4_2"
"1408","TCAGTGATCGATCCCT-1_4_2"
"1409","TCATACTAGCCACTCG-1_4_2"
"1410","TCATACTAGTTGAAAC-1_4_2"
"1411","TCATACTCACATTACG-1_4_2"
"1412","TCATATCCAGATTCGT-1_4_2"
"1413","TCATATCCAGCGTACC-1_4_2"
"1414","TCATATCCATGAATAG-1_4_2"
"1415","TCATCATGTGAACCGA-1_4_2"
"1416","TCATCCGCAAGGCAAC-1_4_2"
"1417","TCATCCGCAGCATGCC-1_4_2"
"1418","TCATCCGTCACAACCA-1_4_2"
"1419","TCATCCGTCCTTCACG-1_4_2"
"1420","TCATGAGCACTCCTGT-1_4_2"
"1421","TCATGAGGTGCCCGTA-1_4_2"
"1422","TCATGCCAGAAACTGT-1_4_2"
"1423","TCATGCCTCTCTCCGA-1_4_2"
"1424","TCATGGATCGGTCTAA-1_4_2"
"1425","TCATGTTAGACGGAAA-1_4_2"
"1426","TCATGTTAGGTAAGAG-1_4_2"
"1427","TCATGTTCAAGAGATT-1_4_2"
"1428","TCATTACAGCGTTGTT-1_4_2"
"1429","TCATTACGTATGCTTG-1_4_2"
"1430","TCATTACTCCATCTGC-1_4_2"
"1431","TCATTACTCGCTGCGA-1_4_2"
"1432","TCATTACTCTGATGGT-1_4_2"
"1433","TCATTCATCGTCACCT-1_4_2"
"1434","TCATTGTAGTGTACCT-1_4_2"
"1435","TCATTGTCACTATGTG-1_4_2"
"1436","TCATTTGCAGTGGGTA-1_4_2"
"1437","TCATTTGGTATGTGTC-1_4_2"
"1438","TCCACGTCAGGCGTTC-1_4_2"
"1439","TCCACGTTCCCATAGA-1_4_2"
"1440","TCCACGTTCGCGTGCA-1_4_2"
"1441","TCCAGAACAGACCTGC-1_4_2"
"1442","TCCAGAACATTGACAC-1_4_2"
"1443","TCCATCGAGTCCGCCA-1_4_2"
"1444","TCCATCGGTTGCTGAT-1_4_2"
"1445","TCCATCGTCGAGAACG-1_4_2"
"1446","TCCATGCAGGACAACC-1_4_2"
"1447","TCCATGCGTGTGTCGC-1_4_2"
"1448","TCCCACAGTACACGTT-1_4_2"
"1449","TCCCAGTCAACCGTAT-1_4_2"
"1450","TCCCAGTGTTCTGAGT-1_4_2"
"1451","TCCCAGTTCCTGCCAT-1_4_2"
"1452","TCCCATGAGCATTGTC-1_4_2"
"1453","TCCCATGGTTGAGGAC-1_4_2"
"1454","TCCGAAAAGTAAGACT-1_4_2"
"1455","TCCGAAACACTACTTT-1_4_2"
"1456","TCCGAAACATCCTAAG-1_4_2"
"1457","TCCGAAAGTTAAGAAC-1_4_2"
"1458","TCCGATCAGGCATGGT-1_4_2"
"1459","TCCGATCCAAGAGATT-1_4_2"
"1460","TCCGATCTCAAAGCCT-1_4_2"
"1461","TCCGGGACAAACGTGG-1_4_2"
"1462","TCCGGGACATGTCTAG-1_4_2"
"1463","TCCGTGTCAGGGATAC-1_4_2"
"1464","TCCTAATAGAGGTTTA-1_4_2"
"1465","TCCTCCCGTGCCGGTT-1_4_2"
"1466","TCCTCCCTCAGCCTTC-1_4_2"
"1467","TCCTCGAGTAATCAGA-1_4_2"
"1468","TCCTCGAGTTAGTCGT-1_4_2"
"1469","TCCTCTTAGAGAGCGG-1_4_2"
"1470","TCCTCTTAGAGCTGCA-1_4_2"
"1471","TCCTGCAGTAGGTTTC-1_4_2"
"1472","TCCTTCTGTCTGCATA-1_4_2"
"1473","TCCTTCTTCCCGTTCA-1_4_2"
"1474","TCCTTCTTCTCAGTCC-1_4_2"
"1475","TCCTTTCAGCCATTCA-1_4_2"
"1476","TCCTTTCCACACTTAG-1_4_2"
"1477","TCGAACAAGATGTTCC-1_4_2"
"1478","TCGAACATCCATCGTC-1_4_2"
"1479","TCGACCTGTGAGTAGC-1_4_2"
"1480","TCGACGGAGTGTTCCA-1_4_2"
"1481","TCGACGGGTCTGTCAA-1_4_2"
"1482","TCGATTTGTCGCCTAG-1_4_2"
"1483","TCGCACTGTTAGAAAC-1_4_2"
"1484","TCGCAGGAGGAACATT-1_4_2"
"1485","TCGCAGGCAGCTATTG-1_4_2"
"1486","TCGCTCAAGTGTTGTC-1_4_2"
"1487","TCGCTCAGTACAGAGC-1_4_2"
"1488","TCGCTCATCGTAGGGA-1_4_2"
"1489","TCGCTTGAGAGCCCAA-1_4_2"
"1490","TCGGATAAGTAAACAC-1_4_2"
"1491","TCGGATAAGTTTCGAC-1_4_2"
"1492","TCGGATATCCGTCAAA-1_4_2"
"1493","TCGGATATCGGCAGTC-1_4_2"
"1494","TCGGGACAGGTCACCC-1_4_2"
"1495","TCGGGACCACTCCACT-1_4_2"
"1496","TCGGGACGTTATGTGC-1_4_2"
"1497","TCGGGTGAGAAACACT-1_4_2"
"1498","TCGGGTGAGTTCAACC-1_4_2"
"1499","TCGGTCTCACAACCGC-1_4_2"
"1500","TCGTAGATCACTTATC-1_4_2"
"1501","TCGTCCATCGCCAGTG-1_4_2"
"1502","TCGTCCATCTTAGCCC-1_4_2"
"1503","TCGTGGGAGTCATAGA-1_4_2"
"1504","TCTAACTCAGCTTCCT-1_4_2"
"1505","TCTAACTGTCATCCCT-1_4_2"
"1506","TCTAACTGTCTTCGAA-1_4_2"
"1507","TCTACATAGCCGGAAT-1_4_2"
"1508","TCTACATGTCATCCGG-1_4_2"
"1509","TCTACATTCATGGCCG-1_4_2"
"1510","TCTACATTCCATACTT-1_4_2"
"1511","TCTACATTCTCCGCAT-1_4_2"
"1512","TCTACCGAGGCAGTCA-1_4_2"
"1513","TCTACCGAGTCACTGT-1_4_2"
"1514","TCTACCGCACAGTGTT-1_4_2"
"1515","TCTACCGCACCATAAC-1_4_2"
"1516","TCTATACAGGCCCGTT-1_4_2"
"1517","TCTATACAGGTGCGAT-1_4_2"
"1518","TCTATACCATTCCTAT-1_4_2"
"1519","TCTATCATCAGCTAGT-1_4_2"
"1520","TCTCACGAGCCTCATA-1_4_2"
"1521","TCTCACGGTTCCTACC-1_4_2"
"1522","TCTCAGCAGGATGTTA-1_4_2"
"1523","TCTCAGCTCCCTCTTT-1_4_2"
"1524","TCTCCGACAGAGCTAG-1_4_2"
"1525","TCTCCGAGTGGTAATA-1_4_2"
"1526","TCTCCGAGTTTACGTG-1_4_2"
"1527","TCTCCGATCACAACCA-1_4_2"
"1528","TCTCTGGTCTCGAACA-1_4_2"
"1529","TCTGCCATCCCTCATG-1_4_2"
"1530","TCTGGCTTCCACCTCA-1_4_2"
"1531","TCTTAGTAGCATTGTC-1_4_2"
"1532","TCTTAGTCAGTGCCTG-1_4_2"
"1533","TCTTCCTAGAAGCGAA-1_4_2"
"1534","TCTTCCTAGATTCGAA-1_4_2"
"1535","TCTTCCTAGCTGAAGC-1_4_2"
"1536","TCTTCCTCATCTCAAG-1_4_2"
"1537","TCTTGCGAGATTGCGG-1_4_2"
"1538","TCTTGCGAGCAATAGT-1_4_2"
"1539","TCTTGCGAGTTGCTCA-1_4_2"
"1540","TCTTGCGTCAATGTCG-1_4_2"
"1541","TCTTTGAAGAGCAGTC-1_4_2"
"1542","TCTTTGATCAGTCCGG-1_4_2"
"1543","TGAACGTAGGTCGCCT-1_4_2"
"1544","TGAACGTAGTGCGACA-1_4_2"
"1545","TGAACGTCAGGGATAC-1_4_2"
"1546","TGAACGTTCAAAGAAC-1_4_2"
"1547","TGAATCGAGAAGGGAT-1_4_2"
"1548","TGAATCGGTCGTCATA-1_4_2"
"1549","TGAATCGGTCTTCATT-1_4_2"
"1550","TGAATCGTCACCGGTG-1_4_2"
"1551","TGAATGCAGCACGTCC-1_4_2"
"1552","TGACAGTAGGCCTGAA-1_4_2"
"1553","TGACAGTCATCGGATT-1_4_2"
"1554","TGACCCTCAAGTGGGT-1_4_2"
"1555","TGACCCTGTTCCAGGC-1_4_2"
"1556","TGACGCGAGGACGCTA-1_4_2"
"1557","TGACGCGCACTACCCT-1_4_2"
"1558","TGACTCCTCTCCGATC-1_4_2"
"1559","TGAGCATAGGTTACCT-1_4_2"
"1560","TGAGCATCAGTAGTTC-1_4_2"
"1561","TGAGCATCATCCGCGA-1_4_2"
"1562","TGAGCATTCAGCCTTC-1_4_2"
"1563","TGAGCATTCAGTGTCA-1_4_2"
"1564","TGAGCGCAGATTGCGG-1_4_2"
"1565","TGAGCGCTCCTTACCG-1_4_2"
"1566","TGAGCGCTCTCAACGA-1_4_2"
"1567","TGAGGGACAGCATCTA-1_4_2"
"1568","TGAGGGAGTCGAGTTT-1_4_2"
"1569","TGAGGGAGTTTACTTC-1_4_2"
"1570","TGAGGTTAGTAGCATA-1_4_2"
"1571","TGAGGTTAGTATGGCG-1_4_2"
"1572","TGAGGTTTCGCCTAGG-1_4_2"
"1573","TGATCAGCACCGCTGA-1_4_2"
"1574","TGATCAGTCGAGGCAA-1_4_2"
"1575","TGATCAGTCGGTTCAA-1_4_2"
"1576","TGATCTTCAATCAAGA-1_4_2"
"1577","TGATGCACACCTTCCA-1_4_2"
"1578","TGATGCACATTCTGTT-1_4_2"
"1579","TGATGCATCTACCAGA-1_4_2"
"1580","TGATGGTCATATGAAG-1_4_2"
"1581","TGATTCTCAGACAAAT-1_4_2"
"1582","TGATTCTGTCCCTGTT-1_4_2"
"1583","TGATTCTGTGCCTGAC-1_4_2"
"1584","TGATTCTTCATTTGCT-1_4_2"
"1585","TGATTCTTCCCATAGA-1_4_2"
"1586","TGATTTCTCATAGACC-1_4_2"
"1587","TGCACGGCACCTGCTT-1_4_2"
"1588","TGCACGGGTGGACCTC-1_4_2"
"1589","TGCAGATCAGTGTATC-1_4_2"
"1590","TGCAGATTCGTTCTCG-1_4_2"
"1591","TGCAGATTCTTCCCGA-1_4_2"
"1592","TGCAGTAGTCGCATCG-1_4_2"
"1593","TGCAGTATCGAGAGAC-1_4_2"
"1594","TGCATCCTCGGCGATC-1_4_2"
"1595","TGCATCCTCTAGTGTG-1_4_2"
"1596","TGCATGACACAATGTC-1_4_2"
"1597","TGCATGACAGGTGACA-1_4_2"
"1598","TGCATGATCAGCACCG-1_4_2"
"1599","TGCCGAGTCTGTCTCG-1_4_2"
"1600","TGCGACGCAGTAGGAC-1_4_2"
"1601","TGCGATAGTTCCACGG-1_4_2"
"1602","TGCGGCAAGTCGGCAA-1_4_2"
"1603","TGCGGGTAGCTCCCTT-1_4_2"
"1604","TGCGGGTTCTGTAACG-1_4_2"
"1605","TGCTCCACACGCGTCA-1_4_2"
"1606","TGCTCCACATCGTGCG-1_4_2"
"1607","TGCTCCAGTGGTTCTA-1_4_2"
"1608","TGCTGAAAGGCGCTTC-1_4_2"
"1609","TGCTTCGGTAACATAG-1_4_2"
"1610","TGCTTGCAGCGCCTAC-1_4_2"
"1611","TGCTTGCCAGATTAAG-1_4_2"
"1612","TGCTTGCCAGGTCAGA-1_4_2"
"1613","TGGAACTAGGGTACGT-1_4_2"
"1614","TGGAACTCAATCTAGC-1_4_2"
"1615","TGGAGAGCAGGTTACT-1_4_2"
"1616","TGGATGTAGCCGATCC-1_4_2"
"1617","TGGATGTCACGTGTGC-1_4_2"
"1618","TGGATGTTCACGAACT-1_4_2"
"1619","TGGATGTTCCTAGCGG-1_4_2"
"1620","TGGCGTGGTATACCTG-1_4_2"
"1621","TGGCGTGGTTGGCCTG-1_4_2"
"1622","TGGGAAGAGTGTGTTC-1_4_2"
"1623","TGGGAAGTCTATCGGA-1_4_2"
"1624","TGGGAAGTCTTAGCAG-1_4_2"
"1625","TGGGAGACACCAGCCA-1_4_2"
"1626","TGGGATTGTAAGGTCG-1_4_2"
"1627","TGGGCGTAGCGCTGCT-1_4_2"
"1628","TGGGCGTAGTGAGGTC-1_4_2"
"1629","TGGGCTGAGGTTCCGC-1_4_2"
"1630","TGGGCTGAGTGATAAC-1_4_2"
"1631","TGGGCTGGTACCGGAA-1_4_2"
"1632","TGGGCTGGTTTCGCTC-1_4_2"
"1633","TGGGTTATCTGAGGCC-1_4_2"
"1634","TGGTACACACCTAAAC-1_4_2"
"1635","TGGTAGTCAGTACTAC-1_4_2"
"1636","TGGTAGTCATGCACTA-1_4_2"
"1637","TGGTAGTTCACGAGGA-1_4_2"
"1638","TGGTGATAGACTGAGC-1_4_2"
"1639","TGGTTAGCACAAGCTT-1_4_2"
"1640","TGGTTAGCAGTAGTGG-1_4_2"
"1641","TGTAACGGTTCAGCGC-1_4_2"
"1642","TGTAAGCGTGCGGCTT-1_4_2"
"1643","TGTAAGCTCCTGATAG-1_4_2"
"1644","TGTACAGGTATTGAGA-1_4_2"
"1645","TGTACAGTCGAAGTGG-1_4_2"
"1646","TGTACAGTCGACGACC-1_4_2"
"1647","TGTAGACTCACCATCC-1_4_2"
"1648","TGTAGACTCGCATAGT-1_4_2"
"1649","TGTCCCACATTGTGCA-1_4_2"
"1650","TGTCCCAGTGAGAACC-1_4_2"
"1651","TGTCCTGAGCACCAGA-1_4_2"
"1652","TGTCCTGCATTCACAG-1_4_2"
"1653","TGTGAGTCACTACAGT-1_4_2"
"1654","TGTGAGTGTCCCAAAT-1_4_2"
"1655","TGTGATGAGTATGACA-1_4_2"
"1656","TGTGATGGTTAAGACA-1_4_2"
"1657","TGTGCGGTCCCAACTC-1_4_2"
"1658","TGTGGCGAGCTAGCCC-1_4_2"
"1659","TGTGGCGTCTCAGGCG-1_4_2"
"1660","TGTGTGAAGCCGATAG-1_4_2"
"1661","TGTGTGACACAATGTC-1_4_2"
"1662","TGTTCATCAGTGTATC-1_4_2"
"1663","TGTTCATTCCAGTTCC-1_4_2"
"1664","TGTTCATTCTCTCGAC-1_4_2"
"1665","TGTTCCGTCACAAGGG-1_4_2"
"1666","TGTTCTACATCTTAGG-1_4_2"
"1667","TGTTCTAGTACGAGTG-1_4_2"
"1668","TGTTGAGAGCACCGTC-1_4_2"
"1669","TGTTGAGAGTGTTGAA-1_4_2"
"1670","TGTTGAGCAAAGAACT-1_4_2"
"1671","TGTTGGATCGCTTGCT-1_4_2"
"1672","TGTTTGTCAACTACGT-1_4_2"
"1673","TGTTTGTGTGGGTTGA-1_4_2"
"1674","TGTTTGTGTTAAGTCC-1_4_2"
"1675","TTAATCCCACCTATCC-1_4_2"
"1676","TTACAGGCACTCACTC-1_4_2"
"1677","TTACAGGCATCTGGGC-1_4_2"
"1678","TTACAGGGTCATACCA-1_4_2"
"1679","TTACCATAGTGCGCTC-1_4_2"
"1680","TTACCATCACCAGGTC-1_4_2"
"1681","TTACCATCATAACGGG-1_4_2"
"1682","TTACCGCAGCACCAGA-1_4_2"
"1683","TTACCGCAGGGTCTTT-1_4_2"
"1684","TTACCGCTCATTACCT-1_4_2"
"1685","TTACGCCAGGCTCACC-1_4_2"
"1686","TTACGCCAGTCCCAGC-1_4_2"
"1687","TTACGCCCATGTCTAG-1_4_2"
"1688","TTACGTTAGCTTCGTA-1_4_2"
"1689","TTACGTTCAAATTAGG-1_4_2"
"1690","TTACGTTCAGCCCAGT-1_4_2"
"1691","TTAGGCATCCACTAGA-1_4_2"
"1692","TTAGTCTCATCATTTC-1_4_2"
"1693","TTAGTCTGTAGACAAT-1_4_2"
"1694","TTATTGCCACCCAAGC-1_4_2"
"1695","TTCAATCAGAGAGCGG-1_4_2"
"1696","TTCAATCCAATGACCT-1_4_2"
"1697","TTCAATCGTACTGACT-1_4_2"
"1698","TTCACCGAGGTAATCA-1_4_2"
"1699","TTCACCGTCAGCATTG-1_4_2"
"1700","TTCACGCGTTCGTAAC-1_4_2"
"1701","TTCACGCTCAAGTGGG-1_4_2"
"1702","TTCACGCTCACGGGAA-1_4_2"
"1703","TTCAGGAGTTCGGTAT-1_4_2"
"1704","TTCCAATGTGGCCACT-1_4_2"
"1705","TTCCTAAAGAGCCCAA-1_4_2"
"1706","TTCCTAATCAGACCTA-1_4_2"
"1707","TTCCTAATCCCAATAG-1_4_2"
"1708","TTCCTCTGTTCATCGA-1_4_2"
"1709","TTCCTTCCACGTCATA-1_4_2"
"1710","TTCCTTCCATACCATG-1_4_2"
"1711","TTCGATTCAGACGCTC-1_4_2"
"1712","TTCGATTGTTCGAACT-1_4_2"
"1713","TTCGCTGAGCTCCATA-1_4_2"
"1714","TTCGCTGAGTCGAATA-1_4_2"
"1715","TTCGCTGTCACCTCGT-1_4_2"
"1716","TTCGGTCCAGAGGACT-1_4_2"
"1717","TTCGGTCTCCCTTCCC-1_4_2"
"1718","TTCTAACAGAATCGCG-1_4_2"
"1719","TTCTAACGTACACTCA-1_4_2"
"1720","TTCTAACGTCCACGCA-1_4_2"
"1721","TTCTAGTAGGTATAGT-1_4_2"
"1722","TTCTAGTCACTCCTGT-1_4_2"
"1723","TTCTAGTTCGAACTCA-1_4_2"
"1724","TTCTGTACATTGAAGA-1_4_2"
"1725","TTCTGTAGTTTGACAC-1_4_2"
"1726","TTCTTCCTCTGAACGT-1_4_2"
"1727","TTCTTGAAGTAGACAT-1_4_2"
"1728","TTCTTGAGTCAAGTTC-1_4_2"
"1729","TTCTTGATCATACGGT-1_4_2"
"1730","TTGACCCGTACCAGAG-1_4_2"
"1731","TTGAGTGAGAATCCCT-1_4_2"
"1732","TTGAGTGGTCCGGATC-1_4_2"
"1733","TTGAGTGGTGATACAA-1_4_2"
"1734","TTGATGGAGTAGTGCG-1_4_2"
"1735","TTGATGGAGTGTCATC-1_4_2"
"1736","TTGATGGGTGAACTAA-1_4_2"
"1737","TTGCATTCAGTGAGCA-1_4_2"
"1738","TTGCCTGCACCCTGAG-1_4_2"
"1739","TTGCCTGCAGCGATTT-1_4_2"
"1740","TTGCGTCAGATCCAAA-1_4_2"
"1741","TTGCGTCAGTCCCAAT-1_4_2"
"1742","TTGCGTCTCCGTACGG-1_4_2"
"1743","TTGCTGCAGCTGGCTC-1_4_2"
"1744","TTGCTGCCACCTGTCT-1_4_2"
"1745","TTGCTGCCAGCTCTGG-1_4_2"
"1746","TTGCTGCGTCCTATAG-1_4_2"
"1747","TTGGATGCAGCTTTCC-1_4_2"
"1748","TTGGATGCATATGGCT-1_4_2"
"1749","TTGGATGTCCCTAGGG-1_4_2"
"1750","TTGGGATCATTAGGAA-1_4_2"
"1751","TTGGGATGTTAGAAGT-1_4_2"
"1752","TTGGGATTCGACGCTG-1_4_2"
"1753","TTGGGTAAGTAATCCC-1_4_2"
"1754","TTGGTTTAGCATGATA-1_4_2"
"1755","TTGGTTTTCGACATTG-1_4_2"
"1756","TTGTGGACATAATGCC-1_4_2"
"1757","TTGTGGAGTCACGACC-1_4_2"
"1758","TTGTGTTGTCTCGGGT-1_4_2"
"1759","TTGTGTTTCTTCCCGA-1_4_2"
"1760","TTGTTCACACTAGAGG-1_4_2"
"1761","TTGTTGTAGAAGCTGC-1_4_2"
"1762","TTGTTTGCAGTGCCTG-1_4_2"
"1763","TTGTTTGGTCCACATA-1_4_2"
"1764","TTTACCAAGACCGTTT-1_4_2"
"1765","TTTACCAAGTTCCGGC-1_4_2"
"1766","TTTACCATCCATTCGC-1_4_2"
"1767","TTTACCATCGTGAGAG-1_4_2"
"1768","TTTACGTAGACCAGAC-1_4_2"
"1769","TTTACTGAGGGCCTCT-1_4_2"
"1770","TTTAGTCCACGAGGTA-1_4_2"
"1771","TTTAGTCCACGATAGG-1_4_2"
"1772","TTTAGTCTCTATCCAT-1_4_2"
"1773","TTTATGCGTCATTCCC-1_4_2"
"1774","TTTATGCTCCATTGTT-1_4_2"
"1775","TTTATGCTCCGTTTCG-1_4_2"
"1776","TTTATGCTCTTGCGCT-1_4_2"
"1777","TTTCACAAGGGCTAAC-1_4_2"
"1778","TTTCACATCGAATCCA-1_4_2"
"1779","TTTCAGTAGACTCCGC-1_4_2"
"1780","TTTCAGTAGGGTTAAT-1_4_2"
"1781","TTTCAGTCAAGATGTA-1_4_2"
"1782","TTTCAGTTCTTAGCTT-1_4_2"
"1783","TTTCATGAGGCCTTGC-1_4_2"
"1784","TTTCATGAGGTCGCCT-1_4_2"
"1785","TTTCATGCAGGGAATC-1_4_2"
"1786","TTTCATGCAGGTCTCG-1_4_2"
"1787","TTTCATGTCCCAATAG-1_4_2"
"1788","TTTCCTCAGAGTGTTA-1_4_2"
"1789","TTTCCTCCACCTGCGA-1_4_2"
"1790","TTTCCTCCATGCAGCC-1_4_2"
"1791","TTTCCTCGTGTCCGTG-1_4_2"
"1792","TTTCGATAGAGGCCAT-1_4_2"
"1793","TTTCGATAGGCTATCT-1_4_2"
"1794","TTTGACTGTAACCAGG-1_4_2"
"1795","TTTGACTTCAGATGCT-1_4_2"
"1796","TTTGGAGAGCGGTAAC-1_4_2"
"1797","TTTGGAGAGCTGCGAA-1_4_2"
"1798","TTTGGAGGTCAGGCAA-1_4_2"
"1799","TTTGGAGTCATTCATC-1_4_2"
"1800","TTTGGTTAGACAACTA-1_4_2"
"1801","TTTGGTTCATCTATCT-1_4_2"
"1802","TTTGGTTTCCTACCGT-1_4_2"
"1803","TTTGTTGAGGATGGCT-1_4_2"
"1804","TTTGTTGAGTGGTGAC-1_4_2"
