"","x"
"1","AAACCCAAGACTCATC-1_2_1"
"2","AAACCCACACAGTACT-1_2_1"
"3","AAACCCACACGGGTAA-1_2_1"
"4","AAACCCACATGATAGA-1_2_1"
"5","AAACGAAAGAATCGCG-1_2_1"
"6","AAACGAAAGACCCGCT-1_2_1"
"7","AAACGAACAGAATTCC-1_2_1"
"8","AAACGAATCAGCGCGT-1_2_1"
"9","AAACGAATCCTGATAG-1_2_1"
"10","AAACGCTAGCAGGGAG-1_2_1"
"11","AAAGAACTCTCGTCAC-1_2_1"
"12","AAAGGATAGAATTTGG-1_2_1"
"13","AAAGGATAGGTCCAGA-1_2_1"
"14","AAAGGATTCAGACCGC-1_2_1"
"15","AAAGGGCCACCTATCC-1_2_1"
"16","AAAGGGCGTTTGCCGG-1_2_1"
"17","AAAGGGCTCCAACTAG-1_2_1"
"18","AAAGGGCTCCTCTAAT-1_2_1"
"19","AAAGGGCTCGTTCAGA-1_2_1"
"20","AAAGGTAAGTCTACCA-1_2_1"
"21","AAAGTCCAGCCGTTGC-1_2_1"
"22","AAAGTCCAGTCCCAAT-1_2_1"
"23","AAAGTCCCAACCCGCA-1_2_1"
"24","AAAGTCCTCACCCTGT-1_2_1"
"25","AAAGTGAAGAAGCGCT-1_2_1"
"26","AAAGTGACAGTAGTGG-1_2_1"
"27","AAAGTGATCGAGAAAT-1_2_1"
"28","AAATGGAAGAACTGAT-1_2_1"
"29","AAATGGATCAGGAACG-1_2_1"
"30","AACAAAGGTGGGCTTC-1_2_1"
"31","AACAACCAGTGTTGTC-1_2_1"
"32","AACAACCCAACATCGT-1_2_1"
"33","AACAACCTCGCTAGCG-1_2_1"
"34","AACACACAGCAAGTGC-1_2_1"
"35","AACACACTCGCAATGT-1_2_1"
"36","AACACACTCTCTCTAA-1_2_1"
"37","AACAGGGAGATCCGAG-1_2_1"
"38","AACAGGGAGCAAGTCG-1_2_1"
"39","AACAGGGAGTAAACGT-1_2_1"
"40","AACAGGGCATCAGCAT-1_2_1"
"41","AACAGGGGTGTATACC-1_2_1"
"42","AACAGGGTCCTACACC-1_2_1"
"43","AACCAACAGCTCGCAC-1_2_1"
"44","AACCAACTCGTAGTGT-1_2_1"
"45","AACCACACAAGATCCT-1_2_1"
"46","AACCACACAGGTAGTG-1_2_1"
"47","AACCACACATTGAGGG-1_2_1"
"48","AACCACAGTGGCACTC-1_2_1"
"49","AACCACATCGACATCA-1_2_1"
"50","AACCATGCACCGCTGA-1_2_1"
"51","AACCATGCACGAGGTA-1_2_1"
"52","AACCATGGTGATCATC-1_2_1"
"53","AACCATGTCACTTTGT-1_2_1"
"54","AACCATGTCGTAATGC-1_2_1"
"55","AACCCAAAGCGAACTG-1_2_1"
"56","AACCCAAGTTCTCTAT-1_2_1"
"57","AACCCAATCACTGCTC-1_2_1"
"58","AACCCAATCCTGCCAT-1_2_1"
"59","AACCTGACACCGGTCA-1_2_1"
"60","AACCTGACATCCTGTC-1_2_1"
"61","AACCTGATCCGCGATG-1_2_1"
"62","AACCTTTGTGTCATGT-1_2_1"
"63","AACCTTTTCAGGAAGC-1_2_1"
"64","AACGAAAAGATGTTCC-1_2_1"
"65","AACGAAATCACTAGCA-1_2_1"
"66","AACGGGACAAGCTGTT-1_2_1"
"67","AACTTCTCACACCTAA-1_2_1"
"68","AACTTCTTCCAAGCAT-1_2_1"
"69","AACTTCTTCGCTCTCA-1_2_1"
"70","AACTTCTTCTTGGCTC-1_2_1"
"71","AAGAACACAATCCAGT-1_2_1"
"72","AAGAACAGTAGCTTAC-1_2_1"
"73","AAGAACATCGGTTGTA-1_2_1"
"74","AAGACAAAGTAGACCG-1_2_1"
"75","AAGACAACATCTCCCA-1_2_1"
"76","AAGACAATCAGACCTA-1_2_1"
"77","AAGACTCCATGACTTG-1_2_1"
"78","AAGACTCGTGGCAACA-1_2_1"
"79","AAGATAGGTAATGCTC-1_2_1"
"80","AAGATAGGTCCCGGTA-1_2_1"
"81","AAGATAGTCTGCGTCT-1_2_1"
"82","AAGCATCGTCGATTTG-1_2_1"
"83","AAGCATCTCACTTGGA-1_2_1"
"84","AAGCATCTCCGAACGC-1_2_1"
"85","AAGCCATAGCCAAGCA-1_2_1"
"86","AAGCCATAGCGAGAAA-1_2_1"
"87","AAGCCATAGGTTCATC-1_2_1"
"88","AAGCGAGAGTATAGGT-1_2_1"
"89","AAGCGAGGTTTAAGGA-1_2_1"
"90","AAGCGAGTCGCGGTAC-1_2_1"
"91","AAGCGTTAGCTCGAAG-1_2_1"
"92","AAGCGTTAGGGTCTTT-1_2_1"
"93","AAGCGTTCAGATAAAC-1_2_1"
"94","AAGCGTTTCCGCTAGG-1_2_1"
"95","AAGGAATAGGTCATAA-1_2_1"
"96","AAGGAATCAAAGGCGT-1_2_1"
"97","AAGGAATCACGCGTCA-1_2_1"
"98","AAGGAATGTTGAGAGC-1_2_1"
"99","AAGGAATTCTTACTGT-1_2_1"
"100","AAGGTAAAGTGGAAGA-1_2_1"
"101","AAGTACCAGCACTTTG-1_2_1"
"102","AAGTACCCAAGCGCTC-1_2_1"
"103","AAGTACCGTGATACAA-1_2_1"
"104","AAGTACCTCCATTTCA-1_2_1"
"105","AAGTCGTAGTCCTGTA-1_2_1"
"106","AAGTCGTCACCGTGCA-1_2_1"
"107","AAGTGAACAATCAAGA-1_2_1"
"108","AAGTGAAGTATCAAGA-1_2_1"
"109","AAGTGAAGTGTTCATG-1_2_1"
"110","AAGTTCGGTTCGAGCC-1_2_1"
"111","AAGTTCGTCGTTCATT-1_2_1"
"112","AATAGAGGTACAAGTA-1_2_1"
"113","AATAGAGGTAGCGATG-1_2_1"
"114","AATAGAGGTTGTGCCG-1_2_1"
"115","AATAGAGTCCTGGCTT-1_2_1"
"116","AATAGAGTCGTAACCA-1_2_1"
"117","AATCACGAGCTGTCCG-1_2_1"
"118","AATCACGCAAGAAATC-1_2_1"
"119","AATCACGCAGAGGCTA-1_2_1"
"120","AATCACGCATCAGTGT-1_2_1"
"121","AATCACGGTACACGCC-1_2_1"
"122","AATCGACGTGAGTAGC-1_2_1"
"123","AATCGACTCCCGAATA-1_2_1"
"124","AATGAAGCAATACGCT-1_2_1"
"125","AATGAAGCAGTTCACA-1_2_1"
"126","AATGAAGGTAACAAGT-1_2_1"
"127","AATGAAGGTCAAACGG-1_2_1"
"128","AATGAAGGTCCACTCT-1_2_1"
"129","AATGACCCATGTCAGT-1_2_1"
"130","AATGCCAAGTCGAGGT-1_2_1"
"131","AATGCCACACGTCGTG-1_2_1"
"132","AATGCCAGTATAGGGC-1_2_1"
"133","AATGCCAGTATTGCCA-1_2_1"
"134","AATGGAATCCGTGGGT-1_2_1"
"135","AATGGCTAGAGCTGCA-1_2_1"
"136","AATGGCTAGGAAAGTG-1_2_1"
"137","AATGGCTCAATTGAGA-1_2_1"
"138","AATGGCTTCAGACCGC-1_2_1"
"139","AATTCCTCAATCGTCA-1_2_1"
"140","AATTCCTCAGAGGCAT-1_2_1"
"141","AATTCCTGTCAAGGCA-1_2_1"
"142","AATTCCTTCAGCCCAG-1_2_1"
"143","AATTCCTTCCTCGATC-1_2_1"
"144","AATTTCCCACGTAGTT-1_2_1"
"145","AATTTCCCAGGTTCAT-1_2_1"
"146","AATTTCCGTTAGCTAC-1_2_1"
"147","ACAAAGACAAATTAGG-1_2_1"
"148","ACAAAGACACAACGCC-1_2_1"
"149","ACAACCAAGACCAAAT-1_2_1"
"150","ACAACCATCGGAGTAG-1_2_1"
"151","ACAAGCTCAAGTCCCG-1_2_1"
"152","ACAAGCTGTGCAGGAT-1_2_1"
"153","ACAAGCTTCTAGACAC-1_2_1"
"154","ACACAGTAGGCAGGTT-1_2_1"
"155","ACACCAAAGAATGTTG-1_2_1"
"156","ACACCAACACGACGTC-1_2_1"
"157","ACACCAATCATTCGGA-1_2_1"
"158","ACACGCGAGACCATAA-1_2_1"
"159","ACACGCGAGCCTGCCA-1_2_1"
"160","ACACGCGTCTGAGTCA-1_2_1"
"161","ACACTGACAAGTCATC-1_2_1"
"162","ACACTGATCTCAAAGC-1_2_1"
"163","ACAGAAACAGCAAGAC-1_2_1"
"164","ACAGAAAGTGGGTCAA-1_2_1"
"165","ACAGCCGAGGTGCTTT-1_2_1"
"166","ACAGCCGCAGTGTGGA-1_2_1"
"167","ACAGCCGTCGTCCTTG-1_2_1"
"168","ACAGGGACAGCTCATA-1_2_1"
"169","ACAGGGACATCGGATT-1_2_1"
"170","ACAGGGAGTCACTCAA-1_2_1"
"171","ACAGGGATCTCTCGAC-1_2_1"
"172","ACATCCCAGCTCACTA-1_2_1"
"173","ACATCCCCAGATCCTA-1_2_1"
"174","ACATCGAAGAATACAC-1_2_1"
"175","ACATCGAAGAGTTGCG-1_2_1"
"176","ACATCGAGTTGCCGAC-1_2_1"
"177","ACATCGATCTCCTGCA-1_2_1"
"178","ACATGCAAGAGCATTA-1_2_1"
"179","ACATGCACAGTTGGTT-1_2_1"
"180","ACATTTCAGCTACAAA-1_2_1"
"181","ACATTTCCAGTAGTGG-1_2_1"
"182","ACATTTCCATTGTGCA-1_2_1"
"183","ACATTTCGTTGTATGC-1_2_1"
"184","ACCAAACAGCGGGTTA-1_2_1"
"185","ACCAAACAGGGAGAAT-1_2_1"
"186","ACCAAACCAACTAGAA-1_2_1"
"187","ACCAAACGTAGTCTGT-1_2_1"
"188","ACCAAACGTGAAGCGT-1_2_1"
"189","ACCAACAAGGTCCGAA-1_2_1"
"190","ACCAACAGTAGGTACG-1_2_1"
"191","ACCAACATCCCTGGTT-1_2_1"
"192","ACCACAACATGGTGGA-1_2_1"
"193","ACCATTTAGGTGCGAT-1_2_1"
"194","ACCATTTAGTTCTCTT-1_2_1"
"195","ACCCAAAAGACGACTG-1_2_1"
"196","ACCCAAAAGATAGCAT-1_2_1"
"197","ACCCAAAAGCCTGACC-1_2_1"
"198","ACCCAAACATAATGAG-1_2_1"
"199","ACCCAAAGTCCAGGTC-1_2_1"
"200","ACCCAAAGTCTGTTAG-1_2_1"
"201","ACCCTCACAAGCGCAA-1_2_1"
"202","ACCCTCAGTCATCACA-1_2_1"
"203","ACCCTCAGTTGTACGT-1_2_1"
"204","ACCCTCATCCACGGAC-1_2_1"
"205","ACCCTTGAGATGAACT-1_2_1"
"206","ACCCTTGGTTACACAC-1_2_1"
"207","ACCCTTGGTTTCGCTC-1_2_1"
"208","ACCGTTCAGAGGTCGT-1_2_1"
"209","ACCGTTCCAACCACAT-1_2_1"
"210","ACCGTTCCAGCGGATA-1_2_1"
"211","ACCGTTCGTAGGAAAG-1_2_1"
"212","ACCGTTCTCGAGAGCA-1_2_1"
"213","ACCTACCAGCGAATGC-1_2_1"
"214","ACCTACCAGGGCGAGA-1_2_1"
"215","ACCTACCAGGGTGAAA-1_2_1"
"216","ACCTACCAGTCCTGCG-1_2_1"
"217","ACCTACCCACTGCGTG-1_2_1"
"218","ACCTACCCAGGTGACA-1_2_1"
"219","ACCTACCGTACACGCC-1_2_1"
"220","ACCTACCGTCTAACTG-1_2_1"
"221","ACCTGAAAGACCAAGC-1_2_1"
"222","ACCTGAAAGACGAGCT-1_2_1"
"223","ACCTGAAAGACTTAAG-1_2_1"
"224","ACCTGAAAGTAGACCG-1_2_1"
"225","ACCTGAATCGCCAATA-1_2_1"
"226","ACCTGAATCTCCGCAT-1_2_1"
"227","ACCTGTCCAACCCTAA-1_2_1"
"228","ACCTGTCTCGATTTCT-1_2_1"
"229","ACCTGTCTCTCAGAAC-1_2_1"
"230","ACGATCAAGGAATCGC-1_2_1"
"231","ACGATCAGTGCTAGCC-1_2_1"
"232","ACGATCATCGGCGATC-1_2_1"
"233","ACGATGTCACCTTCGT-1_2_1"
"234","ACGATGTCATGATAGA-1_2_1"
"235","ACGATGTTCCACACAA-1_2_1"
"236","ACGCACGTCGATACAC-1_2_1"
"237","ACGCACGTCTGGGATT-1_2_1"
"238","ACGGAAGGTCGGTGTC-1_2_1"
"239","ACGGAAGGTGCTGCAC-1_2_1"
"240","ACGGGTCCAAATGCTC-1_2_1"
"241","ACGGGTCGTTCATCGA-1_2_1"
"242","ACGGGTCTCGATGCAT-1_2_1"
"243","ACGGTCGCAGGCACTC-1_2_1"
"244","ACGGTCGGTGGTGATG-1_2_1"
"245","ACGGTCGTCCAAAGGG-1_2_1"
"246","ACGGTTAGTCCAACGC-1_2_1"
"247","ACGGTTAGTCGGTGAA-1_2_1"
"248","ACGGTTAGTGGCTACC-1_2_1"
"249","ACGTAACAGCCAAGGT-1_2_1"
"250","ACGTAACCAGATGCGA-1_2_1"
"251","ACGTACACAGTAGGAC-1_2_1"
"252","ACGTACAGTACGTTCA-1_2_1"
"253","ACGTACATCCTATTGT-1_2_1"
"254","ACGTACATCCTGCCAT-1_2_1"
"255","ACGTAGTAGCTTTCTT-1_2_1"
"256","ACGTAGTCAAGCTGCC-1_2_1"
"257","ACGTAGTGTAACTGCT-1_2_1"
"258","ACGTAGTGTATCAAGA-1_2_1"
"259","ACGTAGTGTCTTACAG-1_2_1"
"260","ACGTAGTGTGATAGTA-1_2_1"
"261","ACGTAGTTCAGTCATG-1_2_1"
"262","ACGTCCTCAGAACTTC-1_2_1"
"263","ACGTTCCGTCTAGGTT-1_2_1"
"264","ACGTTCCGTCTGTGAT-1_2_1"
"265","ACGTTCCTCAGAGCAG-1_2_1"
"266","ACTACGACAAGCGAAC-1_2_1"
"267","ACTACGACATGAAAGT-1_2_1"
"268","ACTACGAGTTAGGACG-1_2_1"
"269","ACTACGAGTTATCCAG-1_2_1"
"270","ACTACGATCCTATGGA-1_2_1"
"271","ACTACGATCGCCAGAC-1_2_1"
"272","ACTATCTAGGCACTAG-1_2_1"
"273","ACTATCTCATAATCGC-1_2_1"
"274","ACTATCTGTAATGCTC-1_2_1"
"275","ACTATCTTCCTCTGCA-1_2_1"
"276","ACTATCTTCGCAGTGC-1_2_1"
"277","ACTATGGAGACTGAGC-1_2_1"
"278","ACTATGGAGATTAGCA-1_2_1"
"279","ACTATGGCAGCTGTAT-1_2_1"
"280","ACTATGGCAGGTTTAC-1_2_1"
"281","ACTATGGGTTACCTGA-1_2_1"
"282","ACTATGGTCACTTCTA-1_2_1"
"283","ACTATGGTCTCGTGGG-1_2_1"
"284","ACTATTCAGCATGGGT-1_2_1"
"285","ACTATTCCAGGTCCGT-1_2_1"
"286","ACTATTCGTATTGCCA-1_2_1"
"287","ACTCCCAGTCATAACC-1_2_1"
"288","ACTCCCATCATGGATC-1_2_1"
"289","ACTCTCGAGAGGCTGT-1_2_1"
"290","ACTCTCGAGGGACACT-1_2_1"
"291","ACTCTCGTCTGCCCTA-1_2_1"
"292","ACTGATGGTGAACGGT-1_2_1"
"293","ACTGATGTCATGCGGC-1_2_1"
"294","ACTGATGTCCGTATGA-1_2_1"
"295","ACTGCAAAGCAGCACA-1_2_1"
"296","ACTGCAACACACGGTC-1_2_1"
"297","ACTGCAACAGGCGATA-1_2_1"
"298","ACTGCAAGTTGCAAGG-1_2_1"
"299","ACTGTCCAGGTGCTAG-1_2_1"
"300","ACTGTCCGTTTCGACA-1_2_1"
"301","ACTGTGAGTCCATCTC-1_2_1"
"302","ACTTAGGAGTCTTCCC-1_2_1"
"303","ACTTAGGGTCCCTAAA-1_2_1"
"304","ACTTAGGGTCCGGTCA-1_2_1"
"305","ACTTATCCACGAAAGC-1_2_1"
"306","ACTTCCGAGATAGCAT-1_2_1"
"307","ACTTCCGGTTGTGGCC-1_2_1"
"308","ACTTCCGTCGGCCTTT-1_2_1"
"309","ACTTCCGTCTGGCCTT-1_2_1"
"310","ACTTCGCAGCATCTTG-1_2_1"
"311","ACTTCGCAGTGAGTTA-1_2_1"
"312","ACTTCGCGTGGAGGTT-1_2_1"
"313","ACTTCGCGTTACGGAG-1_2_1"
"314","ACTTTCAAGAGTGTTA-1_2_1"
"315","ACTTTCAAGGGAGTTC-1_2_1"
"316","ACTTTCACAACGTATC-1_2_1"
"317","ACTTTCAGTCCCGTGA-1_2_1"
"318","ACTTTCAGTTGAAGTA-1_2_1"
"319","ACTTTCAGTTGCCGAC-1_2_1"
"320","ACTTTGTAGAAGGCTC-1_2_1"
"321","ACTTTGTAGTGCAGCA-1_2_1"
"322","ACTTTGTCACCAGTTA-1_2_1"
"323","ACTTTGTGTAACATAG-1_2_1"
"324","ACTTTGTGTATCATGC-1_2_1"
"325","ACTTTGTGTCCCTGAG-1_2_1"
"326","AGAAATGCAGATCCAT-1_2_1"
"327","AGAAATGGTCCCGCAA-1_2_1"
"328","AGAAATGTCACACGAT-1_2_1"
"329","AGAACAAGTTGCACGC-1_2_1"
"330","AGAACAATCGTAACTG-1_2_1"
"331","AGAACCTAGCTGACCC-1_2_1"
"332","AGAACCTCAGTGCGCT-1_2_1"
"333","AGAACCTTCAAGTCGT-1_2_1"
"334","AGAAGCGGTATGAGAT-1_2_1"
"335","AGAAGCGTCACTGCTC-1_2_1"
"336","AGAAGTACACCAGCTG-1_2_1"
"337","AGAAGTAGTGAGCCAA-1_2_1"
"338","AGACAAACAGTTAGAA-1_2_1"
"339","AGACAAAGTAACCCGC-1_2_1"
"340","AGACACTGTATATGGA-1_2_1"
"341","AGACAGGCAAAGGCGT-1_2_1"
"342","AGACCATTCTCATTTG-1_2_1"
"343","AGACCCGAGAGTGAAG-1_2_1"
"344","AGACCCGAGCTCCATA-1_2_1"
"345","AGACCCGCAGTAACGG-1_2_1"
"346","AGACCCGGTCCTGTTC-1_2_1"
"347","AGACTCACAACATCGT-1_2_1"
"348","AGACTCAGTTAGGAGC-1_2_1"
"349","AGAGAATCATCCTATT-1_2_1"
"350","AGAGAATCATGACGAG-1_2_1"
"351","AGAGAGCAGTAACCTC-1_2_1"
"352","AGAGAGCCACAGACGA-1_2_1"
"353","AGAGAGCGTGCCTAAT-1_2_1"
"354","AGAGAGCTCTCCTGTG-1_2_1"
"355","AGAGCAGAGATGCAGC-1_2_1"
"356","AGAGCAGCAAGCAATA-1_2_1"
"357","AGAGCAGTCGGACAAG-1_2_1"
"358","AGAGCCCAGCTAAATG-1_2_1"
"359","AGAGCCCCAACCGATT-1_2_1"
"360","AGATAGAAGGCCTAAG-1_2_1"
"361","AGATCCACAGTAACGG-1_2_1"
"362","AGATCGTCACTGGCGT-1_2_1"
"363","AGATCGTGTGTCTAAC-1_2_1"
"364","AGATCGTTCATTTGCT-1_2_1"
"365","AGATGAAAGGGAGGCA-1_2_1"
"366","AGATGAACAAGACCTT-1_2_1"
"367","AGATGAAGTATAGCTC-1_2_1"
"368","AGATGAAGTTCCGCAG-1_2_1"
"369","AGATGCTCAACGTAAA-1_2_1"
"370","AGATGCTGTGATATAG-1_2_1"
"371","AGCATCAAGTAAGGGA-1_2_1"
"372","AGCATCACACGAGAAC-1_2_1"
"373","AGCATCATCCGGACTG-1_2_1"
"374","AGCATCATCTCCCTAG-1_2_1"
"375","AGCCAATAGTAGTCCT-1_2_1"
"376","AGCCAATCAATGAAAC-1_2_1"
"377","AGCCACGAGCCTGTGC-1_2_1"
"378","AGCGATTCATGTGGCC-1_2_1"
"379","AGCGATTGTCCAGAAG-1_2_1"
"380","AGCGCCAAGGGTCACA-1_2_1"
"381","AGCGCCAAGGTCGAGT-1_2_1"
"382","AGCGCTGGTAACTAAG-1_2_1"
"383","AGCGCTGGTGATAGTA-1_2_1"
"384","AGCGTATAGCGTCTGC-1_2_1"
"385","AGCGTATAGGCCCACT-1_2_1"
"386","AGCGTATGTGAGGATC-1_2_1"
"387","AGCGTATTCTTCCTAA-1_2_1"
"388","AGCTACAGTCATAACC-1_2_1"
"389","AGCTACATCAGACCGC-1_2_1"
"390","AGCTTCCAGAGATTCA-1_2_1"
"391","AGCTTCCAGGTAGCAC-1_2_1"
"392","AGCTTCCCATCTATCT-1_2_1"
"393","AGGAAATAGTATGATG-1_2_1"
"394","AGGAAATGTAATGCGG-1_2_1"
"395","AGGAATACATCCTAAG-1_2_1"
"396","AGGAATATCGAAGGAC-1_2_1"
"397","AGGACTTAGCAGCCCT-1_2_1"
"398","AGGACTTCATAACAGA-1_2_1"
"399","AGGACTTGTTGACTAC-1_2_1"
"400","AGGACTTTCTGTCAGA-1_2_1"
"401","AGGAGGTAGCAAACAT-1_2_1"
"402","AGGAGGTAGGCTCAAG-1_2_1"
"403","AGGAGGTCATCGCCTT-1_2_1"
"404","AGGATCTCACGTCGGT-1_2_1"
"405","AGGATCTCAGCTACAT-1_2_1"
"406","AGGATCTCATCTCATT-1_2_1"
"407","AGGATCTCATGAAAGT-1_2_1"
"408","AGGATCTGTGCCTTTC-1_2_1"
"409","AGGCATTCAACCACAT-1_2_1"
"410","AGGCATTCACCTCTGT-1_2_1"
"411","AGGCATTCACGTACAT-1_2_1"
"412","AGGCCACAGCGTCTGC-1_2_1"
"413","AGGCCACTCGATGCAT-1_2_1"
"414","AGGCCACTCTAGTACG-1_2_1"
"415","AGGCTGCAGAGTATAC-1_2_1"
"416","AGGCTGCGTACCGGAA-1_2_1"
"417","AGGCTGCTCTACGCGG-1_2_1"
"418","AGGGAGTGTCCAATCA-1_2_1"
"419","AGGGCCTGTGTGATGG-1_2_1"
"420","AGGGCCTTCTTGGCTC-1_2_1"
"421","AGGGCTCCAAATCGGG-1_2_1"
"422","AGGGCTCGTGATTCTG-1_2_1"
"423","AGGGTCCAGAGGTTAT-1_2_1"
"424","AGGGTCCTCAGCAATC-1_2_1"
"425","AGGGTGAAGATTACCC-1_2_1"
"426","AGGGTGACAGTATACC-1_2_1"
"427","AGGGTGACATGGAGAC-1_2_1"
"428","AGGGTGAGTTAGGAGC-1_2_1"
"429","AGGTAGGAGTGCTAGG-1_2_1"
"430","AGGTAGGCATTCTTCA-1_2_1"
"431","AGGTAGGGTACAAGTA-1_2_1"
"432","AGGTAGGGTTCATCTT-1_2_1"
"433","AGGTCATCAGTATTCG-1_2_1"
"434","AGGTCATGTCCTACAA-1_2_1"
"435","AGGTCATTCGGTCGAC-1_2_1"
"436","AGGTCTAAGGAGAATG-1_2_1"
"437","AGGTCTAGTAGCGTAG-1_2_1"
"438","AGGTCTAGTTACGCCG-1_2_1"
"439","AGGTCTATCAAGGACG-1_2_1"
"440","AGGTGTTAGCGATGCA-1_2_1"
"441","AGGTGTTAGCTAATGA-1_2_1"
"442","AGGTTACCAGGCATGA-1_2_1"
"443","AGGTTGTAGGATCATA-1_2_1"
"444","AGGTTGTAGGCTGTAG-1_2_1"
"445","AGGTTGTAGGTAGCCA-1_2_1"
"446","AGGTTGTCAGGTCAGA-1_2_1"
"447","AGGTTGTGTGCTTCAA-1_2_1"
"448","AGTAACCCACGCGGTT-1_2_1"
"449","AGTAACCCATCCTTCG-1_2_1"
"450","AGTAACCGTTCTATCT-1_2_1"
"451","AGTACCAGTAGTGTGG-1_2_1"
"452","AGTACCAGTATTGAGA-1_2_1"
"453","AGTACCAGTTAATCGC-1_2_1"
"454","AGTACTGAGACATCCT-1_2_1"
"455","AGTACTGAGCATATGA-1_2_1"
"456","AGTACTGAGTCACAGG-1_2_1"
"457","AGTACTGGTACCCAGC-1_2_1"
"458","AGTACTGTCGCGCCAA-1_2_1"
"459","AGTAGCTCACTGATTG-1_2_1"
"460","AGTAGCTGTCAATGGG-1_2_1"
"461","AGTAGCTGTTCTCCCA-1_2_1"
"462","AGTAGCTTCAAGCCGC-1_2_1"
"463","AGTAGCTTCCCATAAG-1_2_1"
"464","AGTAGCTTCTCTCTAA-1_2_1"
"465","AGTAGTCCAAGTTCCA-1_2_1"
"466","AGTAGTCGTAACGGTG-1_2_1"
"467","AGTCAACAGAAGCGAA-1_2_1"
"468","AGTCAACAGGGATGTC-1_2_1"
"469","AGTCAACCAGCATCTA-1_2_1"
"470","AGTCAACGTGAGTCAG-1_2_1"
"471","AGTCAACTCCAACCGG-1_2_1"
"472","AGTCACACAGACATCT-1_2_1"
"473","AGTCACACAGCTACCG-1_2_1"
"474","AGTCATGAGTTTAGGA-1_2_1"
"475","AGTCATGTCGCAGTCG-1_2_1"
"476","AGTGACTAGCCTGACC-1_2_1"
"477","AGTGACTAGTTACGAA-1_2_1"
"478","AGTGACTCACTCCGAG-1_2_1"
"479","AGTGACTGTATAGGAT-1_2_1"
"480","AGTGATCTCTGGGAGA-1_2_1"
"481","AGTGCCGCATCGGCCA-1_2_1"
"482","AGTGCCGGTAATTAGG-1_2_1"
"483","AGTGTTGAGAGTACCG-1_2_1"
"484","AGTGTTGAGCAATTCC-1_2_1"
"485","AGTGTTGAGCGATCGA-1_2_1"
"486","AGTGTTGTCGGAATGG-1_2_1"
"487","AGTTAGCAGTGGCGAT-1_2_1"
"488","AGTTAGCCAAGTGTCT-1_2_1"
"489","AGTTAGCCACGACCTG-1_2_1"
"490","AGTTCCCGTCTGTAAC-1_2_1"
"491","AGTTCGACACACGTGC-1_2_1"
"492","AGTTCGACAGAGTCAG-1_2_1"
"493","AGTTCGACATATACCG-1_2_1"
"494","AGTTCGATCCTGGCTT-1_2_1"
"495","ATACCGAAGACTCTTG-1_2_1"
"496","ATACCGACACAAACGG-1_2_1"
"497","ATACCGAGTCTGCGCA-1_2_1"
"498","ATACCTTAGTCACACT-1_2_1"
"499","ATACCTTGTGCCAAGA-1_2_1"
"500","ATACCTTGTTGAGAGC-1_2_1"
"501","ATACCTTTCATCAGTG-1_2_1"
"502","ATACCTTTCCAGCCTT-1_2_1"
"503","ATACCTTTCGTGTGGC-1_2_1"
"504","ATACTTCCACGTTCGG-1_2_1"
"505","ATACTTCCAGACCTGC-1_2_1"
"506","ATACTTCGTTCCAAAC-1_2_1"
"507","ATACTTCTCGAGAAGC-1_2_1"
"508","ATAGACCGTAATGATG-1_2_1"
"509","ATAGACCGTGCTAGCC-1_2_1"
"510","ATAGACCGTTAGAGAT-1_2_1"
"511","ATAGACCGTTTCGGCG-1_2_1"
"512","ATAGACCTCGATCCAA-1_2_1"
"513","ATAGAGAGTCTAGTGT-1_2_1"
"514","ATAGAGATCAGATGCT-1_2_1"
"515","ATAGGCTTCCTAGAGT-1_2_1"
"516","ATATCCTCATATACCG-1_2_1"
"517","ATATCCTCATCAGCAT-1_2_1"
"518","ATATCCTGTTGCCAAT-1_2_1"
"519","ATCACAGAGCTTTCTT-1_2_1"
"520","ATCACAGCACTTGACA-1_2_1"
"521","ATCACAGGTCTTGCTC-1_2_1"
"522","ATCACAGTCTCCGAAA-1_2_1"
"523","ATCACGACACTAGGCC-1_2_1"
"524","ATCACGAGTAGGCTGA-1_2_1"
"525","ATCACTTAGGGCTGAT-1_2_1"
"526","ATCACTTCAGCCTTCT-1_2_1"
"527","ATCACTTGTTAAGAAC-1_2_1"
"528","ATCACTTTCTTACTGT-1_2_1"
"529","ATCAGGTAGGTTACCT-1_2_1"
"530","ATCAGGTCAACAGCTT-1_2_1"
"531","ATCAGGTTCCCTCTTT-1_2_1"
"532","ATCAGGTTCGAGAGAC-1_2_1"
"533","ATCATTCGTAGATCCT-1_2_1"
"534","ATCCATTCAAGGCCTC-1_2_1"
"535","ATCCCTGAGCCGCTTG-1_2_1"
"536","ATCCCTGAGCGCCTAC-1_2_1"
"537","ATCCCTGCAATCAGCT-1_2_1"
"538","ATCCCTGCATCGGATT-1_2_1"
"539","ATCCCTGGTTCTCTCG-1_2_1"
"540","ATCCGTCCAAGGCCTC-1_2_1"
"541","ATCCTATGTCGAGATG-1_2_1"
"542","ATCCTATTCACCCATC-1_2_1"
"543","ATCGATGAGTCAGAGC-1_2_1"
"544","ATCGCCTAGATAACAC-1_2_1"
"545","ATCGCCTCATAGACTC-1_2_1"
"546","ATCGCCTCATTGCAAC-1_2_1"
"547","ATCGCCTGTCTTTCTA-1_2_1"
"548","ATCGCCTTCTAGAGCT-1_2_1"
"549","ATCGCCTTCTGCTGAA-1_2_1"
"550","ATCGGATCAGGCTTGC-1_2_1"
"551","ATCGGATCATCCGGCA-1_2_1"
"552","ATCGGATGTCCATCTC-1_2_1"
"553","ATCGGCGCAACCGCTG-1_2_1"
"554","ATCGGCGCATGCCATA-1_2_1"
"555","ATCGGCGTCCAATCTT-1_2_1"
"556","ATCGTAGAGTTCCAGT-1_2_1"
"557","ATCGTAGCAAAGGGCT-1_2_1"
"558","ATCGTCCCAAAGGAGA-1_2_1"
"559","ATCGTCCCAACCCTAA-1_2_1"
"560","ATCGTGACACTCAAGT-1_2_1"
"561","ATCGTGATCCAAATGC-1_2_1"
"562","ATCTCTACATGGATCT-1_2_1"
"563","ATCTCTAGTCGAGTTT-1_2_1"
"564","ATCTCTATCGAGGCAA-1_2_1"
"565","ATCTTCAAGGAGAATG-1_2_1"
"566","ATCTTCAAGTTAACAG-1_2_1"
"567","ATCTTCAGTAAGTCAA-1_2_1"
"568","ATCTTCAGTACTAGCT-1_2_1"
"569","ATGAAAGAGATTAGCA-1_2_1"
"570","ATGAAAGCACCGTCGA-1_2_1"
"571","ATGAAAGTCATACGGT-1_2_1"
"572","ATGACCAAGATGAATC-1_2_1"
"573","ATGACCACAAGGGCAT-1_2_1"
"574","ATGAGGGAGGTTAGTA-1_2_1"
"575","ATGAGGGCAAACGTGG-1_2_1"
"576","ATGAGGGTCGAGAGCA-1_2_1"
"577","ATGAGTCCAGGAGACT-1_2_1"
"578","ATGATCGAGATAGGGA-1_2_1"
"579","ATGATCGGTGGCTACC-1_2_1"
"580","ATGATCGTCGTAGAGG-1_2_1"
"581","ATGCCTCAGTCATCGT-1_2_1"
"582","ATGCCTCCAATTGTGC-1_2_1"
"583","ATGCCTCGTCGTATTG-1_2_1"
"584","ATGCGATCACTGCATA-1_2_1"
"585","ATGCGATGTAAGCAAT-1_2_1"
"586","ATGCGATGTCTGTGTA-1_2_1"
"587","ATGCGATGTTTCCAAG-1_2_1"
"588","ATGCGATTCCTTCTAA-1_2_1"
"589","ATGGAGGAGCGCCGTT-1_2_1"
"590","ATGGAGGCAAAGGTTA-1_2_1"
"591","ATGGAGGCAGGTATGG-1_2_1"
"592","ATGGAGGCATAATGCC-1_2_1"
"593","ATGGATCGTGTTGATC-1_2_1"
"594","ATGGATCTCATGGGAG-1_2_1"
"595","ATGGATCTCCACGTGG-1_2_1"
"596","ATGGGAGAGAACTTCC-1_2_1"
"597","ATGGGAGCACAAATAG-1_2_1"
"598","ATGGGAGCAGACTGCC-1_2_1"
"599","ATGGGAGGTCTACAGT-1_2_1"
"600","ATGGGAGTCTTGGTGA-1_2_1"
"601","ATGGGTTCAATAGTGA-1_2_1"
"602","ATGGGTTTCTCCGTGT-1_2_1"
"603","ATGGTTGCATTGCCTC-1_2_1"
"604","ATGGTTGGTAGTTAGA-1_2_1"
"605","ATGTCCCAGGGTACAC-1_2_1"
"606","ATGTCCCCACGCGTGT-1_2_1"
"607","ATGTCCCGTTCCTACC-1_2_1"
"608","ATGTCTTCAAACCGGA-1_2_1"
"609","ATGTCTTCAACCCTCT-1_2_1"
"610","ATGTCTTTCAGCCTTC-1_2_1"
"611","ATGTCTTTCCAAGCAT-1_2_1"
"612","ATTACCTAGCAGCCTC-1_2_1"
"613","ATTACCTAGGTCGTAG-1_2_1"
"614","ATTACCTAGTACTGTC-1_2_1"
"615","ATTACCTCAAGTTCCA-1_2_1"
"616","ATTACCTCACTACCCT-1_2_1"
"617","ATTACCTCATCAGTCA-1_2_1"
"618","ATTACCTTCTCATGGA-1_2_1"
"619","ATTACCTTCTTACTGT-1_2_1"
"620","ATTACTCAGGTTAGTA-1_2_1"
"621","ATTACTCCAAACTCTG-1_2_1"
"622","ATTACTCCAGCACAAG-1_2_1"
"623","ATTACTCCATCGGATT-1_2_1"
"624","ATTACTCGTGGGTATG-1_2_1"
"625","ATTACTCGTTCTCGCT-1_2_1"
"626","ATTATCCCAGGGACTA-1_2_1"
"627","ATTATCCTCTCTCGCA-1_2_1"
"628","ATTCACTCAGACCGCT-1_2_1"
"629","ATTCACTTCTCATTAC-1_2_1"
"630","ATTCAGGAGACTGTTC-1_2_1"
"631","ATTCAGGAGTATGCAA-1_2_1"
"632","ATTCATCGTAGAAACT-1_2_1"
"633","ATTCATCGTATTGGCT-1_2_1"
"634","ATTCATCTCTGCGGGT-1_2_1"
"635","ATTCCATAGAGGGTAA-1_2_1"
"636","ATTCCATAGAGTTGTA-1_2_1"
"637","ATTCCATCACACTGGC-1_2_1"
"638","ATTCCATGTATTCCTT-1_2_1"
"639","ATTCCATGTTGCTCCT-1_2_1"
"640","ATTCCCGAGGTGATCG-1_2_1"
"641","ATTCCCGAGTGCAACG-1_2_1"
"642","ATTCCCGGTACACGCC-1_2_1"
"643","ATTCCCGGTTCTATCT-1_2_1"
"644","ATTCCTAAGCTCATAC-1_2_1"
"645","ATTCCTAAGTGGAAAG-1_2_1"
"646","ATTCGTTAGCCGTTGC-1_2_1"
"647","ATTCGTTCACACGTGC-1_2_1"
"648","ATTCGTTCATAAGCAA-1_2_1"
"649","ATTCTACAGGGAGTGG-1_2_1"
"650","ATTCTACCACTAGGCC-1_2_1"
"651","ATTCTACCATCGTTCC-1_2_1"
"652","ATTGGGTGTAGGGAGG-1_2_1"
"653","ATTGTTCAGGAACTCG-1_2_1"
"654","ATTGTTCAGGTGCCAA-1_2_1"
"655","ATTGTTCTCCTTGAAG-1_2_1"
"656","ATTTCACAGCACTCAT-1_2_1"
"657","ATTTCACAGGGCATGT-1_2_1"
"658","ATTTCACAGTTCTCTT-1_2_1"
"659","ATTTCACGTCCCTGTT-1_2_1"
"660","ATTTCACGTCGCCACA-1_2_1"
"661","ATTTCTGAGCACGTCC-1_2_1"
"662","ATTTCTGCACCGTACG-1_2_1"
"663","ATTTCTGGTCCGATCG-1_2_1"
"664","CAAAGAACACGACGCT-1_2_1"
"665","CAACAACAGGTCGCCT-1_2_1"
"666","CAACAACCACCCTAAA-1_2_1"
"667","CAACAACCAGAGAATT-1_2_1"
"668","CAACAACGTGGAAATT-1_2_1"
"669","CAACAACTCAGGGATG-1_2_1"
"670","CAACAACTCCTTGAAG-1_2_1"
"671","CAACAACTCTAGGCCG-1_2_1"
"672","CAACAGTAGTCTTGGT-1_2_1"
"673","CAACCAAAGCACTAGG-1_2_1"
"674","CAACCAACACCCTATC-1_2_1"
"675","CAACCAATCCTACGAA-1_2_1"
"676","CAACCAATCTAATTCC-1_2_1"
"677","CAACCTCAGAGCAGCT-1_2_1"
"678","CAACGATCAAGTCGTT-1_2_1"
"679","CAACGATCACCCTCTA-1_2_1"
"680","CAACGATCAGGTCCCA-1_2_1"
"681","CAACGATGTCTGGTTA-1_2_1"
"682","CAACGATGTTGGAGAC-1_2_1"
"683","CAACGGCAGGCTCTCG-1_2_1"
"684","CAACGGCAGTTCCTGA-1_2_1"
"685","CAACGGCCACTAAACC-1_2_1"
"686","CAACGGCTCTTTCCGG-1_2_1"
"687","CAAGACTAGGAAACGA-1_2_1"
"688","CAAGACTCATATTCGG-1_2_1"
"689","CAAGACTCATGACGGA-1_2_1"
"690","CAAGACTGTGAGCAGT-1_2_1"
"691","CAAGAGGGTACCAGAG-1_2_1"
"692","CAAGCTAAGGGACTGT-1_2_1"
"693","CAAGCTAAGGGCCTCT-1_2_1"
"694","CAAGCTAGTGTTGCCG-1_2_1"
"695","CAAGGGACACCGGCTA-1_2_1"
"696","CAAGGGATCTTCACAT-1_2_1"
"697","CAATACGAGTGACCTT-1_2_1"
"698","CAATACGGTTGCGTAT-1_2_1"
"699","CAATCGACAACGCATT-1_2_1"
"700","CAATCGAGTCAGGAGT-1_2_1"
"701","CAATCGAGTTAGCTAC-1_2_1"
"702","CAATCGATCCTAACAG-1_2_1"
"703","CAATGACCACCCTCTA-1_2_1"
"704","CAATGACCATTGACCA-1_2_1"
"705","CAATGACGTGTTAACC-1_2_1"
"706","CAATGACGTTCTCCCA-1_2_1"
"707","CAATTTCAGTCAGCGA-1_2_1"
"708","CAATTTCCATTACGGT-1_2_1"
"709","CACAACAGTCTATGAC-1_2_1"
"710","CACAACAGTGTTCGAT-1_2_1"
"711","CACACAAAGAGCGACT-1_2_1"
"712","CACACAACAGAGTCAG-1_2_1"
"713","CACACAACATGTGTCA-1_2_1"
"714","CACACAATCTGACAGT-1_2_1"
"715","CACACAATCTGGGCCA-1_2_1"
"716","CACAGATAGAAATCCA-1_2_1"
"717","CACAGATCAAGGTCTT-1_2_1"
"718","CACAGATCATGTACGT-1_2_1"
"719","CACAGATGTACACTCA-1_2_1"
"720","CACAGATGTAGTATAG-1_2_1"
"721","CACATGAAGAAGCCTG-1_2_1"
"722","CACATGAAGTGCCCGT-1_2_1"
"723","CACATGACAGCGATTT-1_2_1"
"724","CACATGAGTAGATTGA-1_2_1"
"725","CACATGATCAAAGCCT-1_2_1"
"726","CACCAAACAGCTCCTT-1_2_1"
"727","CACCAAAGTACGATTC-1_2_1"
"728","CACCAAAGTTTCTTAC-1_2_1"
"729","CACCGTTAGTATAACG-1_2_1"
"730","CACCGTTGTTCTAAGC-1_2_1"
"731","CACCGTTTCCCGTAAA-1_2_1"
"732","CACCGTTTCGTCCTCA-1_2_1"
"733","CACGAATAGCGACTGA-1_2_1"
"734","CACGGGTAGTAGTCCT-1_2_1"
"735","CACGGGTCATAAGATG-1_2_1"
"736","CACGTGGAGAAGCCAC-1_2_1"
"737","CACGTGGAGAGTTGCG-1_2_1"
"738","CACGTGGCATCACAGT-1_2_1"
"739","CACGTGGGTCGGTAAG-1_2_1"
"740","CACGTGGGTGGGACAT-1_2_1"
"741","CACGTGGGTTGCTTGA-1_2_1"
"742","CACGTTCCAGCAGTCC-1_2_1"
"743","CACGTTCCATATACCG-1_2_1"
"744","CACGTTCGTCTCACGG-1_2_1"
"745","CACGTTCGTGGTCCGT-1_2_1"
"746","CACGTTCGTTGAGTCT-1_2_1"
"747","CACTAAGAGAGAATCT-1_2_1"
"748","CACTGAAAGAGTGTTA-1_2_1"
"749","CACTGAAAGCAACTTC-1_2_1"
"750","CACTGAACACAGACGA-1_2_1"
"751","CACTGAACACGGCCAT-1_2_1"
"752","CACTGAAGTATCACCA-1_2_1"
"753","CACTGGGCAATCGTCA-1_2_1"
"754","CACTGGGCATCGGCCA-1_2_1"
"755","CACTGTCAGCGCAATG-1_2_1"
"756","CACTGTCGTAATCAGA-1_2_1"
"757","CACTGTCGTATTCTCT-1_2_1"
"758","CACTGTCGTGATTGGG-1_2_1"
"759","CACTTCGAGGCTGTAG-1_2_1"
"760","CACTTCGGTGGACCTC-1_2_1"
"761","CAGAGCCAGGGTCACA-1_2_1"
"762","CAGAGCCAGTTGAATG-1_2_1"
"763","CAGAGCCCAGGCAATG-1_2_1"
"764","CAGAGCCCATTGAAAG-1_2_1"
"765","CAGAGCCGTGTTCGAT-1_2_1"
"766","CAGATACCAACACGAG-1_2_1"
"767","CAGATACCACTTCAGA-1_2_1"
"768","CAGATACTCATCACTT-1_2_1"
"769","CAGATACTCGTCGATA-1_2_1"
"770","CAGATCAGTGATGAAT-1_2_1"
"771","CAGATCATCACGGTCG-1_2_1"
"772","CAGATTGTCTTCGATT-1_2_1"
"773","CAGCAATAGGATATGT-1_2_1"
"774","CAGCAATCACAATGAA-1_2_1"
"775","CAGCACGAGTGATAAC-1_2_1"
"776","CAGCACGCATACCAGT-1_2_1"
"777","CAGCAGCCAGTCGAGA-1_2_1"
"778","CAGCAGCCATTGGCAT-1_2_1"
"779","CAGCCAGCATTAAGCC-1_2_1"
"780","CAGCCAGTCATAAGGA-1_2_1"
"781","CAGCCAGTCTCTTGCG-1_2_1"
"782","CAGCGTGGTGAGGATC-1_2_1"
"783","CAGGGCTAGAGCCTGA-1_2_1"
"784","CAGGGCTAGCTAGCCC-1_2_1"
"785","CAGGGCTCAGGTTCAT-1_2_1"
"786","CAGGGCTGTTCCGTTC-1_2_1"
"787","CAGGTATAGCGGTATG-1_2_1"
"788","CAGTGCGAGACATGCG-1_2_1"
"789","CAGTGCGAGGGTCAAC-1_2_1"
"790","CAGTGCGCAACTGATC-1_2_1"
"791","CAGTGCGGTTACCCTC-1_2_1"
"792","CAGTTAGCAAGAGTTA-1_2_1"
"793","CAGTTAGGTGTCGCTG-1_2_1"
"794","CAGTTCCAGAGCTGAC-1_2_1"
"795","CAGTTCCCAGCAGTAG-1_2_1"
"796","CAGTTCCGTGAACGGT-1_2_1"
"797","CATAAGCGTTGCCGCA-1_2_1"
"798","CATAAGCTCGCGGACT-1_2_1"
"799","CATACAGCACGCGCAT-1_2_1"
"800","CATACAGCAGCGCGTT-1_2_1"
"801","CATACAGCATTGCCTC-1_2_1"
"802","CATACCCTCCCATGGG-1_2_1"
"803","CATACCCTCCGACAGC-1_2_1"
"804","CATACTTGTACGAGTG-1_2_1"
"805","CATACTTTCCATAAGC-1_2_1"
"806","CATACTTTCCTATTTG-1_2_1"
"807","CATAGACAGACATAGT-1_2_1"
"808","CATAGACCAGAGTTGG-1_2_1"
"809","CATAGACGTCCTATAG-1_2_1"
"810","CATAGACGTTACCGTA-1_2_1"
"811","CATCAAGGTACGACAG-1_2_1"
"812","CATCAAGGTGCTGATT-1_2_1"
"813","CATCAAGGTTTGACAC-1_2_1"
"814","CATCAAGTCACCTACC-1_2_1"
"815","CATCCACAGAGGTATT-1_2_1"
"816","CATCCACTCGTTAGTG-1_2_1"
"817","CATCCCAAGATACTGA-1_2_1"
"818","CATCCCACAAGCTGTT-1_2_1"
"819","CATCCCAGTCGATGCC-1_2_1"
"820","CATCCCAGTCTGTCAA-1_2_1"
"821","CATCCCAGTTACACAC-1_2_1"
"822","CATCCCATCGTTCAGA-1_2_1"
"823","CATCCGTCAGTCTACA-1_2_1"
"824","CATCGCTAGCACTAAA-1_2_1"
"825","CATCGCTAGCGATGCA-1_2_1"
"826","CATCGCTCAGTGTATC-1_2_1"
"827","CATCGGGAGGCGTCCT-1_2_1"
"828","CATCGGGGTTTCGTAG-1_2_1"
"829","CATCGTCCAAGCGAGT-1_2_1"
"830","CATGAGTAGAGTCACG-1_2_1"
"831","CATGAGTCAGAGTTGG-1_2_1"
"832","CATGAGTCAGCGTATT-1_2_1"
"833","CATGCAAAGATTGACA-1_2_1"
"834","CATGCAACATGTGGCC-1_2_1"
"835","CATGCAAGTCATCTAG-1_2_1"
"836","CATGCAATCGTGTTCC-1_2_1"
"837","CATGCCTCAAATGATG-1_2_1"
"838","CATGCCTTCCTCACTG-1_2_1"
"839","CATGCGGAGACATCAA-1_2_1"
"840","CATGCGGGTCAGACGA-1_2_1"
"841","CATGCGGGTGGTCCGT-1_2_1"
"842","CATGCGGTCGAATCCA-1_2_1"
"843","CATGCGGTCGCAATTG-1_2_1"
"844","CATGCTCAGTGCAGGT-1_2_1"
"845","CATGCTCCAGGTCAAG-1_2_1"
"846","CATGCTCGTGGTCAAG-1_2_1"
"847","CATGCTCGTGTTTACG-1_2_1"
"848","CATGCTCTCTTTCCGG-1_2_1"
"849","CATGGATCACTACCGG-1_2_1"
"850","CATGGATCATCAGTGT-1_2_1"
"851","CATGGATTCTATTTCG-1_2_1"
"852","CATGGTACAGCTGAGA-1_2_1"
"853","CATTCATAGATAACAC-1_2_1"
"854","CATTCATAGCATGTTC-1_2_1"
"855","CATTCATCACGTCATA-1_2_1"
"856","CATTCATGTAGTCGTT-1_2_1"
"857","CATTCATGTGTAAACA-1_2_1"
"858","CATTCATTCCACTTCG-1_2_1"
"859","CATTCCGAGTTTGAGA-1_2_1"
"860","CATTCCGGTCAGATTC-1_2_1"
"861","CATTCTAAGGGTCACA-1_2_1"
"862","CATTCTAAGTGCTCAT-1_2_1"
"863","CATTGAGTCTGTCCCA-1_2_1"
"864","CATTGCCCAAACCACT-1_2_1"
"865","CATTGCCCAATGCAGG-1_2_1"
"866","CATTGTTAGATGACAT-1_2_1"
"867","CATTGTTTCCCTCGTA-1_2_1"
"868","CATTGTTTCTTACTGT-1_2_1"
"869","CATTTCAAGGTCATTC-1_2_1"
"870","CATTTCACACGCGTCA-1_2_1"
"871","CATTTCACAGCTGAGA-1_2_1"
"872","CATTTCACAGTGTGGA-1_2_1"
"873","CCAAGCGAGTAAGAGG-1_2_1"
"874","CCAAGCGCACGGTCTG-1_2_1"
"875","CCAAGCGTCCTTATGT-1_2_1"
"876","CCAAGCGTCGCCAGAC-1_2_1"
"877","CCAATGAAGTAGTCAA-1_2_1"
"878","CCAATGAGTGTTAGCT-1_2_1"
"879","CCAATTTGTAGAATGT-1_2_1"
"880","CCACAAAAGGTGCTTT-1_2_1"
"881","CCACAAACAGCATCTA-1_2_1"
"882","CCACAAACATTAAGCC-1_2_1"
"883","CCACAAATCCACGGGT-1_2_1"
"884","CCACACTGTGTATCCA-1_2_1"
"885","CCACCATCAACTACGT-1_2_1"
"886","CCACCATCATGGGAAC-1_2_1"
"887","CCACGAGAGAGATCGC-1_2_1"
"888","CCACGAGCATGTCTAG-1_2_1"
"889","CCACGAGGTGCACATT-1_2_1"
"890","CCACGAGTCGGCGATC-1_2_1"
"891","CCACGTTCACCGGCTA-1_2_1"
"892","CCACGTTCATACCACA-1_2_1"
"893","CCACGTTGTCAGACTT-1_2_1"
"894","CCACGTTGTCTTGCGG-1_2_1"
"895","CCACTTGCAAGTAGTA-1_2_1"
"896","CCACTTGGTCCGCAGT-1_2_1"
"897","CCATAAGGTCTCACAA-1_2_1"
"898","CCATAAGTCGGTATGT-1_2_1"
"899","CCATCACCAGACGCTC-1_2_1"
"900","CCATCACTCCAACACA-1_2_1"
"901","CCATCACTCTGGCCAG-1_2_1"
"902","CCCAACTCATGACGTT-1_2_1"
"903","CCCAACTGTAGCGTCC-1_2_1"
"904","CCCATTGAGACTTCGT-1_2_1"
"905","CCCGGAACAAATGAAC-1_2_1"
"906","CCCGGAACACTAGGCC-1_2_1"
"907","CCCGGAACAGAGAGGG-1_2_1"
"908","CCCGGAATCCTCTCTT-1_2_1"
"909","CCCTAACAGTCATCCA-1_2_1"
"910","CCCTAACAGTCTGCAT-1_2_1"
"911","CCCTAACGTTACACTG-1_2_1"
"912","CCCTCAAAGGAGAGGC-1_2_1"
"913","CCCTCTCAGCCGATAG-1_2_1"
"914","CCCTCTCAGGCCCGTT-1_2_1"
"915","CCCTCTCAGGTGCAGT-1_2_1"
"916","CCCTCTCCAACTCCAA-1_2_1"
"917","CCCTCTCCATAAGCAA-1_2_1"
"918","CCCTCTCGTATCGCTA-1_2_1"
"919","CCCTCTCGTCGTGGAA-1_2_1"
"920","CCCTGATCACAAGGTG-1_2_1"
"921","CCCTGATCATAATGCC-1_2_1"
"922","CCCTGATTCAAGCCAT-1_2_1"
"923","CCCTTAGCAGACGCTC-1_2_1"
"924","CCCTTAGTCTGCGGCA-1_2_1"
"925","CCGAACGGTGCCGGTT-1_2_1"
"926","CCGAACGTCTGCGGAC-1_2_1"
"927","CCGATCTAGAATCTAG-1_2_1"
"928","CCGATCTGTACGAAAT-1_2_1"
"929","CCGATCTTCTGGTGGC-1_2_1"
"930","CCGATGGGTAATCAAG-1_2_1"
"931","CCGATGGGTTGGTACT-1_2_1"
"932","CCGCAAGCAGCTTCCT-1_2_1"
"933","CCGGACAAGAACAGGA-1_2_1"
"934","CCGGACAAGGGTAGCT-1_2_1"
"935","CCGGACACAAGTGGTG-1_2_1"
"936","CCGGACAGTCCAGCAC-1_2_1"
"937","CCGGGTAGTTCACCGG-1_2_1"
"938","CCGGTAGAGGCACCAA-1_2_1"
"939","CCGGTAGAGTTAGAAC-1_2_1"
"940","CCGGTAGAGTTTAGGA-1_2_1"
"941","CCGGTGACAACCCTCT-1_2_1"
"942","CCGGTGACAGATAAAC-1_2_1"
"943","CCGGTGAGTAGGTGCA-1_2_1"
"944","CCGGTGAGTTAAGGGC-1_2_1"
"945","CCGTAGGCAACACAGG-1_2_1"
"946","CCGTAGGCACGGGTAA-1_2_1"
"947","CCGTAGGCACTTTATC-1_2_1"
"948","CCGTAGGGTCCAGCAC-1_2_1"
"949","CCGTAGGGTGTATCCA-1_2_1"
"950","CCGTTCACAAGTTCCA-1_2_1"
"951","CCGTTCAGTTAAACAG-1_2_1"
"952","CCTAACCCAGGCTATT-1_2_1"
"953","CCTAACCCAGTTCACA-1_2_1"
"954","CCTAACCGTCAAGTTC-1_2_1"
"955","CCTAACCTCTCAGTCC-1_2_1"
"956","CCTAAGACAGTCAGCC-1_2_1"
"957","CCTAAGATCGAACCAT-1_2_1"
"958","CCTACGTAGTCGAAGC-1_2_1"
"959","CCTACGTCAAACCGGA-1_2_1"
"960","CCTACGTGTTACGTAC-1_2_1"
"961","CCTACGTTCCTAGCGG-1_2_1"
"962","CCTATCGAGTCACGAG-1_2_1"
"963","CCTCAACGTCGCATGC-1_2_1"
"964","CCTCAACTCTCTAAGG-1_2_1"
"965","CCTCACAGTATGCGGA-1_2_1"
"966","CCTCACATCATGCGGC-1_2_1"
"967","CCTCATGAGCATTGTC-1_2_1"
"968","CCTCATGGTAGGAGGG-1_2_1"
"969","CCTCCAACACGTTCGG-1_2_1"
"970","CCTCCAAGTAGATTGA-1_2_1"
"971","CCTCCAAGTGTTATCG-1_2_1"
"972","CCTCCTCAGAGTATAC-1_2_1"
"973","CCTCCTCCATACAGAA-1_2_1"
"974","CCTCCTCGTACTTGTG-1_2_1"
"975","CCTCCTCGTATAGGGC-1_2_1"
"976","CCTCCTCTCATCCTGC-1_2_1"
"977","CCTCCTCTCCCTCGAT-1_2_1"
"978","CCTCCTCTCCGTGCGA-1_2_1"
"979","CCTCTAGAGAATAACC-1_2_1"
"980","CCTCTAGCAACACGAG-1_2_1"
"981","CCTCTAGGTGTAGGAC-1_2_1"
"982","CCTCTAGTCAGAACCT-1_2_1"
"983","CCTCTCCGTCCCGCAA-1_2_1"
"984","CCTCTCCTCAGACCGC-1_2_1"
"985","CCTGCATCACTATCGA-1_2_1"
"986","CCTGCATCAGAGGCTA-1_2_1"
"987","CCTGCATGTCATCGCG-1_2_1"
"988","CCTGCATGTGGTAATA-1_2_1"
"989","CCTGCATTCCGCGATG-1_2_1"
"990","CCTGTTGAGGGAGGAC-1_2_1"
"991","CCTGTTGGTTCAGCTA-1_2_1"
"992","CCTTCAGAGGGAGGAC-1_2_1"
"993","CCTTCAGCACAACCGC-1_2_1"
"994","CCTTCAGCATAGAGGC-1_2_1"
"995","CCTTCAGCATGAGTAA-1_2_1"
"996","CCTTCAGTCTGCTTTA-1_2_1"
"997","CCTTGTGCACGTCTCT-1_2_1"
"998","CCTTGTGCAGGTGGAT-1_2_1"
"999","CCTTGTGTCCCGTTCA-1_2_1"
"1000","CCTTTGGAGATACCAA-1_2_1"
"1001","CCTTTGGGTGGCCACT-1_2_1"
"1002","CGAAGGACACATTGTG-1_2_1"
"1003","CGAAGGAGTCGCGTCA-1_2_1"
"1004","CGAAGGAGTGTAACGG-1_2_1"
"1005","CGAATTGCAGCTAACT-1_2_1"
"1006","CGACAGCAGAGGTATT-1_2_1"
"1007","CGACAGCCAAGACCGA-1_2_1"
"1008","CGACAGCCATAGCTGT-1_2_1"
"1009","CGACAGCGTCCTTTGC-1_2_1"
"1010","CGACAGCTCGAGAATA-1_2_1"
"1011","CGAGAAGAGGGCAGTT-1_2_1"
"1012","CGAGAAGCATTCATCT-1_2_1"
"1013","CGAGAAGGTACGTGAG-1_2_1"
"1014","CGAGAAGGTCGACTGC-1_2_1"
"1015","CGAGGAAAGGCTTCCG-1_2_1"
"1016","CGAGGAACATTGGATC-1_2_1"
"1017","CGAGGAAGTGATTCAC-1_2_1"
"1018","CGAGGAATCAACTACG-1_2_1"
"1019","CGAGGCTAGGAGTCTG-1_2_1"
"1020","CGAGGCTCAACAGCCC-1_2_1"
"1021","CGAGGCTCAGTCAGAG-1_2_1"
"1022","CGAGGCTTCCTATTGT-1_2_1"
"1023","CGAGGCTTCGCCTCTA-1_2_1"
"1024","CGAGTGCAGAACCGCA-1_2_1"
"1025","CGAGTGCAGACGCTCC-1_2_1"
"1026","CGAGTGCAGAGCCATG-1_2_1"
"1027","CGAGTTAAGCACCCAC-1_2_1"
"1028","CGAGTTAGTCAACCAT-1_2_1"
"1029","CGATCGGAGCACACAG-1_2_1"
"1030","CGATCGGAGTGCGACA-1_2_1"
"1031","CGATCGGCATTGAGCT-1_2_1"
"1032","CGATGCGAGCTCTTCC-1_2_1"
"1033","CGATGCGCAGAGTGTG-1_2_1"
"1034","CGATGCGCATATCTCT-1_2_1"
"1035","CGATGGCAGCTGACAG-1_2_1"
"1036","CGATGGCCATGTGTCA-1_2_1"
"1037","CGATGGCGTTGGACTT-1_2_1"
"1038","CGATGGCTCGGCTCTT-1_2_1"
"1039","CGATGGCTCTCAGAAC-1_2_1"
"1040","CGCAGGTAGATGCGAC-1_2_1"
"1041","CGCAGGTGTACACGTT-1_2_1"
"1042","CGCATAACAATTGAAG-1_2_1"
"1043","CGCATAACAGACTCTA-1_2_1"
"1044","CGCATAACAGCCATTA-1_2_1"
"1045","CGCATAAGTATTTCCT-1_2_1"
"1046","CGCATAAGTTAAAGTG-1_2_1"
"1047","CGCATAATCATCCCGT-1_2_1"
"1048","CGCATAATCATGTCTT-1_2_1"
"1049","CGCATAATCCCGGTAG-1_2_1"
"1050","CGCATGGAGCATATGA-1_2_1"
"1051","CGCATGGAGCTAAGTA-1_2_1"
"1052","CGCCAGAAGCACCTGC-1_2_1"
"1053","CGCCAGACACACCTTC-1_2_1"
"1054","CGCCAGACATTCTCCG-1_2_1"
"1055","CGCCATTGTAGACACG-1_2_1"
"1056","CGCGTGACAATGAACA-1_2_1"
"1057","CGCGTGACAATTAGGA-1_2_1"
"1058","CGCGTGATCCCTTGGT-1_2_1"
"1059","CGGAACCAGACTACGG-1_2_1"
"1060","CGGAATTCAAAGAACT-1_2_1"
"1061","CGGAATTCACATTACG-1_2_1"
"1062","CGGAATTCAGGCTTGC-1_2_1"
"1063","CGGAATTCAGGGTCTC-1_2_1"
"1064","CGGAATTCATCGTCCT-1_2_1"
"1065","CGGAATTTCGTCGATA-1_2_1"
"1066","CGGACACCAGCACGAA-1_2_1"
"1067","CGGACACGTATCAGGG-1_2_1"
"1068","CGGACACGTCGTCGGT-1_2_1"
"1069","CGGAGAAAGCTGAGTG-1_2_1"
"1070","CGGAGAAGTCGATTTG-1_2_1"
"1071","CGGAGAAGTTTAGACC-1_2_1"
"1072","CGGAGAATCTAAACGC-1_2_1"
"1073","CGGGACTTCGTGGTAT-1_2_1"
"1074","CGGGCATAGGTGCTAG-1_2_1"
"1075","CGGGCATGTTTGATCG-1_2_1"
"1076","CGGGCATTCTTAATCC-1_2_1"
"1077","CGGGTCAGTACAGTCT-1_2_1"
"1078","CGGGTCATCATCTCTA-1_2_1"
"1079","CGGGTGTCAGCTCCTT-1_2_1"
"1080","CGGGTGTCAGGTTCCG-1_2_1"
"1081","CGGGTGTTCCACGAAT-1_2_1"
"1082","CGGGTGTTCGCCGAAC-1_2_1"
"1083","CGGTCAGGTCCCGTGA-1_2_1"
"1084","CGGTCAGGTGGCTGAA-1_2_1"
"1085","CGTAAGTAGCAAGGAA-1_2_1"
"1086","CGTAAGTAGTCACTGT-1_2_1"
"1087","CGTAAGTCACGTTCGG-1_2_1"
"1088","CGTAAGTGTGCGCTCA-1_2_1"
"1089","CGTAATGCACTTGAAC-1_2_1"
"1090","CGTAATGCATTAGGCT-1_2_1"
"1091","CGTAATGGTTGTGCAT-1_2_1"
"1092","CGTAGTAAGGAGCAAA-1_2_1"
"1093","CGTAGTATCGAGTGGA-1_2_1"
"1094","CGTCAAAAGACTCTAC-1_2_1"
"1095","CGTCAAAAGGCTAACG-1_2_1"
"1096","CGTCCATGTCACCACG-1_2_1"
"1097","CGTCCATGTTCAAGTC-1_2_1"
"1098","CGTCCATGTTTACTTC-1_2_1"
"1099","CGTGAATAGGTCGTCC-1_2_1"
"1100","CGTGAATAGGTGGTTG-1_2_1"
"1101","CGTGAATAGTAAATGC-1_2_1"
"1102","CGTGAATCACTCATAG-1_2_1"
"1103","CGTGATAAGACCTGGA-1_2_1"
"1104","CGTGATAGTTAGAGTA-1_2_1"
"1105","CGTGATATCCCGAGTG-1_2_1"
"1106","CGTGCTTGTCAGTCCG-1_2_1"
"1107","CGTGCTTTCGTGGGAA-1_2_1"
"1108","CGTTAGAAGAAGCCAC-1_2_1"
"1109","CGTTAGAAGACGGATC-1_2_1"
"1110","CGTTAGAAGGGATCGT-1_2_1"
"1111","CGTTAGAAGTCATCCA-1_2_1"
"1112","CGTTAGAGTAAGTTGA-1_2_1"
"1113","CGTTAGATCAAGTGGG-1_2_1"
"1114","CGTTCTGAGCTATCCA-1_2_1"
"1115","CGTTCTGCAGAAGTTA-1_2_1"
"1116","CGTTCTGCAGGATGAC-1_2_1"
"1117","CGTTCTGTCCGTGTGG-1_2_1"
"1118","CGTTGGGAGAGTCTTC-1_2_1"
"1119","CGTTGGGAGATGCCGA-1_2_1"
"1120","CGTTGGGAGGTAAACT-1_2_1"
"1121","CGTTGGGGTAACATCC-1_2_1"
"1122","CGTTGGGGTCATGACT-1_2_1"
"1123","CGTTGGGTCGCCTAGG-1_2_1"
"1124","CGTTGGGTCTCTTGCG-1_2_1"
"1125","CTAACCCGTCATAACC-1_2_1"
"1126","CTAACCCTCCGTGGCA-1_2_1"
"1127","CTAACTTCACCTCAGG-1_2_1"
"1128","CTAAGTGCAATCGTCA-1_2_1"
"1129","CTAAGTGCAGTGAGCA-1_2_1"
"1130","CTAAGTGGTCCGTACG-1_2_1"
"1131","CTAAGTGTCATTTGCT-1_2_1"
"1132","CTACAGACAAACTCTG-1_2_1"
"1133","CTACAGATCATTTGCT-1_2_1"
"1134","CTACAGATCTGGGATT-1_2_1"
"1135","CTACATTCAGGTCAAG-1_2_1"
"1136","CTACATTCATAACAGA-1_2_1"
"1137","CTACATTGTAGCACGA-1_2_1"
"1138","CTACCCAAGATGAATC-1_2_1"
"1139","CTACCCAGTCGAGTGA-1_2_1"
"1140","CTACCTGAGTGGACGT-1_2_1"
"1141","CTACCTGTCCCTCTCC-1_2_1"
"1142","CTACGGGAGTTTGGCT-1_2_1"
"1143","CTACGGGGTCGGAACA-1_2_1"
"1144","CTACTATCAGCGGTTC-1_2_1"
"1145","CTACTATTCGAGATGG-1_2_1"
"1146","CTAGACAAGAACCCGA-1_2_1"
"1147","CTAGACAAGCAATAGT-1_2_1"
"1148","CTAGACACAGAGTTGG-1_2_1"
"1149","CTAGACACAGGAGGAG-1_2_1"
"1150","CTAGGTATCAGCTCTC-1_2_1"
"1151","CTAGGTATCTTCTCAA-1_2_1"
"1152","CTATAGGAGAGCCTGA-1_2_1"
"1153","CTATAGGAGGACTATA-1_2_1"
"1154","CTATAGGTCACACCCT-1_2_1"
"1155","CTATCCGAGCGACTGA-1_2_1"
"1156","CTATCCGAGTGCACTT-1_2_1"
"1157","CTATCCGCAAGTCCCG-1_2_1"
"1158","CTATCCGCAATGGCCC-1_2_1"
"1159","CTATCCGCATGAGGGT-1_2_1"
"1160","CTATCCGCATTAAGCC-1_2_1"
"1161","CTCAACCAGGATGCGT-1_2_1"
"1162","CTCAACCCATCGATAC-1_2_1"
"1163","CTCAAGAAGGTAGTCG-1_2_1"
"1164","CTCAAGACAATGGCAG-1_2_1"
"1165","CTCAAGAGTAGCTGTT-1_2_1"
"1166","CTCAAGAGTCGAACAG-1_2_1"
"1167","CTCAAGAGTTGGGTTT-1_2_1"
"1168","CTCAAGATCGCACTCT-1_2_1"
"1169","CTCAAGATCGCTGTCT-1_2_1"
"1170","CTCAATTAGAGGGCGA-1_2_1"
"1171","CTCAATTGTCCTGTTC-1_2_1"
"1172","CTCACTGAGTAGACAT-1_2_1"
"1173","CTCACTGGTCGATTTG-1_2_1"
"1174","CTCACTGTCCGTAATG-1_2_1"
"1175","CTCAGAAAGTCAATCC-1_2_1"
"1176","CTCAGAAGTCGCTCGA-1_2_1"
"1177","CTCAGGGAGCCGATTT-1_2_1"
"1178","CTCAGGGAGTGTGTTC-1_2_1"
"1179","CTCAGGGCAAAGGAGA-1_2_1"
"1180","CTCAGGGCAGTTCCAA-1_2_1"
"1181","CTCAGGGCATCCTCAC-1_2_1"
"1182","CTCAGTCAGGAGGCAG-1_2_1"
"1183","CTCAGTCCAACCGCTG-1_2_1"
"1184","CTCATCGAGTAACCTC-1_2_1"
"1185","CTCATCGGTAATACCC-1_2_1"
"1186","CTCATCGGTACAAACA-1_2_1"
"1187","CTCATCGGTTGTTGTG-1_2_1"
"1188","CTCATGCAGGACGCAT-1_2_1"
"1189","CTCATGCAGTCATCCA-1_2_1"
"1190","CTCATGCCATAATCCG-1_2_1"
"1191","CTCATGCTCAAAGCCT-1_2_1"
"1192","CTCATTACAATTCTTC-1_2_1"
"1193","CTCCAACGTCCAAGAG-1_2_1"
"1194","CTCCAACGTGGCCACT-1_2_1"
"1195","CTCCAACGTTATCTTC-1_2_1"
"1196","CTCCACAAGACGGTTG-1_2_1"
"1197","CTCCACACAACCCGCA-1_2_1"
"1198","CTCCACACAGTACTAC-1_2_1"
"1199","CTCCACAGTGTCATTG-1_2_1"
"1200","CTCCACATCTGTAAGC-1_2_1"
"1201","CTCCATGAGGACAGCT-1_2_1"
"1202","CTCCATGAGGAGCAAA-1_2_1"
"1203","CTCCATGCACAGTACT-1_2_1"
"1204","CTCCATGGTAGTGTGG-1_2_1"
"1205","CTCCCAACAAGAGTGC-1_2_1"
"1206","CTCCCAAGTAATGCTC-1_2_1"
"1207","CTCCCAAGTATGTGTC-1_2_1"
"1208","CTCCCTCTCCGCAGTG-1_2_1"
"1209","CTCCGATAGTGGCGAT-1_2_1"
"1210","CTCCGATGTTCGTACA-1_2_1"
"1211","CTCCGATTCACCTCTG-1_2_1"
"1212","CTCCGATTCCTAGAGT-1_2_1"
"1213","CTCCGATTCTACACAG-1_2_1"
"1214","CTCCTCCAGGTCTACT-1_2_1"
"1215","CTCCTCCTCACCTCGT-1_2_1"
"1216","CTCCTCCTCGGCCCAA-1_2_1"
"1217","CTCCTTTAGGTACAGC-1_2_1"
"1218","CTCCTTTCATTCATCT-1_2_1"
"1219","CTCCTTTGTGCAAGAC-1_2_1"
"1220","CTCCTTTGTGGTCTAT-1_2_1"
"1221","CTCGAGGCAGCTGAAG-1_2_1"
"1222","CTCGAGGGTCACATTG-1_2_1"
"1223","CTCTCAGAGGTACAGC-1_2_1"
"1224","CTCTCAGTCGTAGGAG-1_2_1"
"1225","CTCTCAGTCTTCGGTC-1_2_1"
"1226","CTCTCGAAGCTTCGTA-1_2_1"
"1227","CTCTCGAGTCCACACG-1_2_1"
"1228","CTCTGGTAGCATCAAA-1_2_1"
"1229","CTCTGGTCAGGTACGA-1_2_1"
"1230","CTCTGGTTCTGAATGC-1_2_1"
"1231","CTGAATGGTATCGATC-1_2_1"
"1232","CTGAGCGCAACATCGT-1_2_1"
"1233","CTGAGCGCAAGGCCTC-1_2_1"
"1234","CTGAGCGGTGCTTCAA-1_2_1"
"1235","CTGAGGCGTTTCCCAC-1_2_1"
"1236","CTGATCCGTTGTGGAG-1_2_1"
"1237","CTGATCCTCACCCATC-1_2_1"
"1238","CTGCAGGAGTTTGAGA-1_2_1"
"1239","CTGCAGGCAAGAATGT-1_2_1"
"1240","CTGCAGGGTAGACACG-1_2_1"
"1241","CTGCAGGGTCTTACTT-1_2_1"
"1242","CTGCAGGGTGGCTAGA-1_2_1"
"1243","CTGCATCGTCACATTG-1_2_1"
"1244","CTGCATCTCGTTATCT-1_2_1"
"1245","CTGCCATCAAGTCGTT-1_2_1"
"1246","CTGCCATCACCACATA-1_2_1"
"1247","CTGCCATCATATAGCC-1_2_1"
"1248","CTGCCATGTGGAGAAA-1_2_1"
"1249","CTGCCTACAACGTATC-1_2_1"
"1250","CTGCCTACACTGTCCT-1_2_1"
"1251","CTGCCTACATTGACCA-1_2_1"
"1252","CTGCCTAGTCGTCAGC-1_2_1"
"1253","CTGCCTATCGACCTAA-1_2_1"
"1254","CTGCGAGAGGTTCATC-1_2_1"
"1255","CTGCTCAAGAGAATCT-1_2_1"
"1256","CTGCTCACATGCCGAC-1_2_1"
"1257","CTGCTCATCGTAACTG-1_2_1"
"1258","CTGGACGAGTTTCTTC-1_2_1"
"1259","CTGGACGCACCCTTAC-1_2_1"
"1260","CTGGACGGTCGTCAGC-1_2_1"
"1261","CTGGCAGTCCTCCACA-1_2_1"
"1262","CTGGTCTCAATGGCAG-1_2_1"
"1263","CTGGTCTCAGATACTC-1_2_1"
"1264","CTGGTCTTCAAATGAG-1_2_1"
"1265","CTGGTCTTCCTCTCGA-1_2_1"
"1266","CTGTACCAGGCCTGAA-1_2_1"
"1267","CTGTACCCAGCAGTGA-1_2_1"
"1268","CTGTACCGTCAGGAGT-1_2_1"
"1269","CTGTACCTCGTTCAGA-1_2_1"
"1270","CTGTACCTCTCCTGAC-1_2_1"
"1271","CTGTAGACACCTCGTT-1_2_1"
"1272","CTGTAGACATCAACCA-1_2_1"
"1273","CTGTAGAGTATCGAAA-1_2_1"
"1274","CTGTAGAGTGGAGAAA-1_2_1"
"1275","CTGTAGATCTCAATCT-1_2_1"
"1276","CTGTATTGTATCGATC-1_2_1"
"1277","CTGTATTTCACTGAAC-1_2_1"
"1278","CTGTATTTCGACGCTG-1_2_1"
"1279","CTGTCGTCAGCAGTAG-1_2_1"
"1280","CTGTCGTGTTCCTACC-1_2_1"
"1281","CTGTGAACACCCAACG-1_2_1"
"1282","CTGTGAACATGAAGCG-1_2_1"
"1283","CTGTGAACATGAAGGC-1_2_1"
"1284","CTGTGAATCAGAGCAG-1_2_1"
"1285","CTTACCGAGACTCTAC-1_2_1"
"1286","CTTACCGAGATAGGGA-1_2_1"
"1287","CTTACCGAGATCCTAC-1_2_1"
"1288","CTTACCGAGTAGCATA-1_2_1"
"1289","CTTACCGAGTGCTAGG-1_2_1"
"1290","CTTACCGTCACCTCGT-1_2_1"
"1291","CTTAGGACATCGGAGA-1_2_1"
"1292","CTTAGGAGTGCAACGA-1_2_1"
"1293","CTTCAATGTCATAACC-1_2_1"
"1294","CTTCAATTCCACGAAT-1_2_1"
"1295","CTTCCTTAGTCGGCCT-1_2_1"
"1296","CTTCGGTCACATTCTT-1_2_1"
"1297","CTTCGGTTCGATTGGT-1_2_1"
"1298","CTTCGGTTCTGACAGT-1_2_1"
"1299","CTTCTCTAGGCCACCT-1_2_1"
"1300","CTTCTCTCACAGGATG-1_2_1"
"1301","CTTCTCTGTAATACCC-1_2_1"
"1302","CTTCTCTGTGGGCTCT-1_2_1"
"1303","CTTCTCTTCAGCCTCT-1_2_1"
"1304","CTTGAGACAAGCCTGC-1_2_1"
"1305","CTTGAGAGTCACTTCC-1_2_1"
"1306","CTTGATTGTATGGAAT-1_2_1"
"1307","CTTTCAACAGTATACC-1_2_1"
"1308","CTTTCAAGTCAAGGCA-1_2_1"
"1309","CTTTCAATCTCTCCGA-1_2_1"
"1310","GAAACCTCACTCCGGA-1_2_1"
"1311","GAAACCTCACTGAATC-1_2_1"
"1312","GAAACCTGTTCTAAGC-1_2_1"
"1313","GAAATGACATAGATCC-1_2_1"
"1314","GAAATGAGTCTACAAC-1_2_1"
"1315","GAAATGATCGAGTCTA-1_2_1"
"1316","GAACACTAGATTGATG-1_2_1"
"1317","GAACACTTCACCTTGC-1_2_1"
"1318","GAACGTTAGAAGAGCA-1_2_1"
"1319","GAACGTTCAGTAGTGG-1_2_1"
"1320","GAACTGTAGCTCCGAC-1_2_1"
"1321","GAACTGTTCGTTGTGA-1_2_1"
"1322","GAAGAATTCTACGGTA-1_2_1"
"1323","GAAGCCCAGCTCGACC-1_2_1"
"1324","GAAGCCCAGGCCACCT-1_2_1"
"1325","GAAGCCCTCAAACTGC-1_2_1"
"1326","GAAGCCCTCGTCGATA-1_2_1"
"1327","GAAGCGACACGACGTC-1_2_1"
"1328","GAAGCGAGTGCTTCAA-1_2_1"
"1329","GAAGCGAGTGGTACAG-1_2_1"
"1330","GAAGCGAGTTGGCCTG-1_2_1"
"1331","GAAGCGATCAGATTGC-1_2_1"
"1332","GAAGCGATCCGCTAGG-1_2_1"
"1333","GAAGGACGTCTCGGAC-1_2_1"
"1334","GAAGGACTCAGATGCT-1_2_1"
"1335","GAAGGGTGTACTCGAT-1_2_1"
"1336","GAAGGGTTCCCTCAAC-1_2_1"
"1337","GAAGGGTTCCGTTTCG-1_2_1"
"1338","GAAGTAAGTCATCGGC-1_2_1"
"1339","GAAGTAAGTCGACTTA-1_2_1"
"1340","GAAGTAAGTTACGTAC-1_2_1"
"1341","GAAGTAATCGCCTAGG-1_2_1"
"1342","GAATAGAAGTCTGGAG-1_2_1"
"1343","GAATCACAGTAAATGC-1_2_1"
"1344","GAATCACCAGAGTCTT-1_2_1"
"1345","GAATCACGTACCCAGC-1_2_1"
"1346","GAATCACTCGCCTTGT-1_2_1"
"1347","GACACGCAGTGATAAC-1_2_1"
"1348","GACACGCGTGTATCCA-1_2_1"
"1349","GACAGCCCACCTATCC-1_2_1"
"1350","GACAGCCCAGGAATAT-1_2_1"
"1351","GACAGCCGTTCCACGG-1_2_1"
"1352","GACAGCCTCAAGATAG-1_2_1"
"1353","GACATCATCACCCTTG-1_2_1"
"1354","GACATCATCCAAGCCG-1_2_1"
"1355","GACATCATCTACGCGG-1_2_1"
"1356","GACCAATCACTACGGC-1_2_1"
"1357","GACCAATGTGGCTGCT-1_2_1"
"1358","GACCCAGAGACGTCCC-1_2_1"
"1359","GACCCAGAGTAAGACT-1_2_1"
"1360","GACCCAGGTGAATTGA-1_2_1"
"1361","GACCCTTAGCTCCACG-1_2_1"
"1362","GACCCTTCAATTCTTC-1_2_1"
"1363","GACCCTTGTGATACCT-1_2_1"
"1364","GACCGTGAGACTTCCA-1_2_1"
"1365","GACCGTGAGCAGCAGT-1_2_1"
"1366","GACCTTCAGGGCAATC-1_2_1"
"1367","GACCTTCCAAAGCTCT-1_2_1"
"1368","GACCTTCGTGCCGGTT-1_2_1"
"1369","GACCTTCTCCAGCCTT-1_2_1"
"1370","GACGCTGCAGACCAAG-1_2_1"
"1371","GACGCTGCATCGATGT-1_2_1"
"1372","GACGCTGGTCATCCGG-1_2_1"
"1373","GACGCTGGTTGAGTCT-1_2_1"
"1374","GACGTTAAGCACCCAC-1_2_1"
"1375","GACGTTAAGGCTCTAT-1_2_1"
"1376","GACGTTATCATGGATC-1_2_1"
"1377","GACGTTATCTCCAAGA-1_2_1"
"1378","GACGTTATCTTGCAGA-1_2_1"
"1379","GACTATGAGCCGATAG-1_2_1"
"1380","GACTATGAGCCTCATA-1_2_1"
"1381","GACTATGGTGGCTTGC-1_2_1"
"1382","GACTCAAAGGATACCG-1_2_1"
"1383","GACTCAACAAGCTACT-1_2_1"
"1384","GACTCTCAGGTAAGTT-1_2_1"
"1385","GACTCTCAGTATGGAT-1_2_1"
"1386","GACTCTCTCAGTGTCA-1_2_1"
"1387","GACTCTCTCTATCGGA-1_2_1"
"1388","GACTGATAGGGTTAAT-1_2_1"
"1389","GACTGATAGTGCAACG-1_2_1"
"1390","GACTGATTCAAGCCCG-1_2_1"
"1391","GACTGATTCAGGACGA-1_2_1"
"1392","GACTGATTCCAGGACC-1_2_1"
"1393","GACTGATTCTTACGTT-1_2_1"
"1394","GACTTCCGTCATCGCG-1_2_1"
"1395","GAGAAATAGCGACTTT-1_2_1"
"1396","GAGAAATCATGCCGGT-1_2_1"
"1397","GAGAAATGTTGCTGAT-1_2_1"
"1398","GAGAAATTCTGGGCAC-1_2_1"
"1399","GAGACCCAGCAAACAT-1_2_1"
"1400","GAGACCCCAAGGTCTT-1_2_1"
"1401","GAGACCCGTGAGCAGT-1_2_1"
"1402","GAGACTTCAAGTGCAG-1_2_1"
"1403","GAGACTTCATGACCCG-1_2_1"
"1404","GAGACTTTCGCTCTAC-1_2_1"
"1405","GAGAGGTAGCTATCCA-1_2_1"
"1406","GAGAGGTGTCACCGAC-1_2_1"
"1407","GAGAGGTGTGGAAGTC-1_2_1"
"1408","GAGATGGAGATAGCAT-1_2_1"
"1409","GAGATGGAGTTTCAGC-1_2_1"
"1410","GAGATGGCATGGACAG-1_2_1"
"1411","GAGATGGGTGAGTTTC-1_2_1"
"1412","GAGCCTGCATGGGTCC-1_2_1"
"1413","GAGCCTGGTGTGTACT-1_2_1"
"1414","GAGCTGCAGACGCCCT-1_2_1"
"1415","GAGCTGCAGGGCCCTT-1_2_1"
"1416","GAGCTGCTCGCACGAC-1_2_1"
"1417","GAGGCAAAGTCGAGGT-1_2_1"
"1418","GAGGCAAGTTGGCCGT-1_2_1"
"1419","GAGGCAATCCTGGGTG-1_2_1"
"1420","GAGGCCTAGTATCTGC-1_2_1"
"1421","GAGGCCTAGTGCACAG-1_2_1"
"1422","GAGGCCTCACCGCTGA-1_2_1"
"1423","GAGGCCTGTGTAAACA-1_2_1"
"1424","GAGGGATAGTTGCTCA-1_2_1"
"1425","GAGGGATCACTAGTAC-1_2_1"
"1426","GAGGGATCAGACACCC-1_2_1"
"1427","GAGGGATGTCCGTTTC-1_2_1"
"1428","GAGGGATGTGTTAAAG-1_2_1"
"1429","GAGGGATTCGGTGTAT-1_2_1"
"1430","GAGGGATTCTAGACCA-1_2_1"
"1431","GAGGGTACAATGTTGC-1_2_1"
"1432","GAGTCATAGGACAACC-1_2_1"
"1433","GAGTCATAGGTCGAGT-1_2_1"
"1434","GAGTCATGTGCTCGTG-1_2_1"
"1435","GAGTCTAAGACCAAAT-1_2_1"
"1436","GAGTCTAAGGTCATTC-1_2_1"
"1437","GAGTGAGGTGTCCAAT-1_2_1"
"1438","GAGTGTTCACGCACCA-1_2_1"
"1439","GAGTGTTGTAGGTGCA-1_2_1"
"1440","GAGTGTTGTCTTCATT-1_2_1"
"1441","GAGTGTTTCCCGAGAC-1_2_1"
"1442","GAGTTACAGTTACGTC-1_2_1"
"1443","GAGTTACCAGTTAGGG-1_2_1"
"1444","GAGTTACGTCATAAAG-1_2_1"
"1445","GAGTTACGTCTAATCG-1_2_1"
"1446","GAGTTACGTGGCTTAT-1_2_1"
"1447","GAGTTGTGTCGGAAAC-1_2_1"
"1448","GAGTTTGCACCAGGTC-1_2_1"
"1449","GAGTTTGCAGCTGTAT-1_2_1"
"1450","GAGTTTGCATCTTAGG-1_2_1"
"1451","GATAGAAAGCTCGCAC-1_2_1"
"1452","GATAGAACAAGCGAGT-1_2_1"
"1453","GATAGAACAGCTGAAG-1_2_1"
"1454","GATAGAATCTCTTGCG-1_2_1"
"1455","GATAGCTTCCAGCTCT-1_2_1"
"1456","GATAGCTTCCCGTAAA-1_2_1"
"1457","GATCACAAGAGGTTAT-1_2_1"
"1458","GATCACACATCCGGCA-1_2_1"
"1459","GATCACAGTTCTCCCA-1_2_1"
"1460","GATCATGTCGAATGCT-1_2_1"
"1461","GATCCCTCAGTAACCT-1_2_1"
"1462","GATCCCTGTGCTCCGA-1_2_1"
"1463","GATCCCTGTTAATCGC-1_2_1"
"1464","GATCGTAGTTGCAAGG-1_2_1"
"1465","GATCGTATCCAAGCTA-1_2_1"
"1466","GATGACTAGAGTAACT-1_2_1"
"1467","GATGACTAGCTCCATA-1_2_1"
"1468","GATGACTTCAACCTTT-1_2_1"
"1469","GATGAGGCAGACATCT-1_2_1"
"1470","GATGATCCAAACTCTG-1_2_1"
"1471","GATGATCCAAAGGTTA-1_2_1"
"1472","GATGATCTCGCTCATC-1_2_1"
"1473","GATGATCTCTGACAGT-1_2_1"
"1474","GATGCTAAGTATGAAC-1_2_1"
"1475","GATGCTACAATGAAAC-1_2_1"
"1476","GATGGAGCAGCTTTGA-1_2_1"
"1477","GATGGAGTCTCAGGCG-1_2_1"
"1478","GATGGAGTCTGCGGCA-1_2_1"
"1479","GATGTTGAGATGACAT-1_2_1"
"1480","GATGTTGCAAATACAG-1_2_1"
"1481","GATGTTGCACATTCTT-1_2_1"
"1482","GATGTTGCACCCTTGT-1_2_1"
"1483","GATGTTGTCCCGAACG-1_2_1"
"1484","GATGTTGTCGCTAGCG-1_2_1"
"1485","GATTCGAAGACTAAGT-1_2_1"
"1486","GATTCGACACGTAACT-1_2_1"
"1487","GATTCGACACTCATAG-1_2_1"
"1488","GATTCGAGTAGGCTCC-1_2_1"
"1489","GATTCGAGTTGGCCGT-1_2_1"
"1490","GATTCTTAGGTAAGGA-1_2_1"
"1491","GATTCTTGTCACCACG-1_2_1"
"1492","GATTCTTGTTGGACTT-1_2_1"
"1493","GATTCTTGTTTCTTAC-1_2_1"
"1494","GATTGGTTCCTAAGTG-1_2_1"
"1495","GATTTCTAGAACGTGC-1_2_1"
"1496","GATTTCTCACTTCATT-1_2_1"
"1497","GATTTCTTCAACTTTC-1_2_1"
"1498","GCAACATAGAGTCGAC-1_2_1"
"1499","GCACATACATGTCTAG-1_2_1"
"1500","GCACATAGTCGTCTCT-1_2_1"
"1501","GCACATAGTTCGGTAT-1_2_1"
"1502","GCACGGTAGTACTGGG-1_2_1"
"1503","GCACGGTTCCGCGATG-1_2_1"
"1504","GCACGGTTCCTTCTAA-1_2_1"
"1505","GCACGTGAGCCATCCG-1_2_1"
"1506","GCACTAACATCGCTAA-1_2_1"
"1507","GCACTAATCACACCCT-1_2_1"
"1508","GCAGCCAAGCGTCTCG-1_2_1"
"1509","GCAGCCAGTCAAAGAT-1_2_1"
"1510","GCAGCTGCACGGTAGA-1_2_1"
"1511","GCAGCTGCATATTCGG-1_2_1"
"1512","GCAGCTGGTGTTCCAA-1_2_1"
"1513","GCAGGCTGTCTGTCCT-1_2_1"
"1514","GCAGTTAAGACCCTTA-1_2_1"
"1515","GCAGTTACATGAGAAT-1_2_1"
"1516","GCAGTTATCCATCACC-1_2_1"
"1517","GCATCGGGTAAGCGGT-1_2_1"
"1518","GCATCGGGTCATTGCA-1_2_1"
"1519","GCATCGGTCTAACGGT-1_2_1"
"1520","GCATCTCCATGATGCT-1_2_1"
"1521","GCATCTCGTGGAATGC-1_2_1"
"1522","GCATCTCTCCTTGAAG-1_2_1"
"1523","GCATGATAGAGTTCGG-1_2_1"
"1524","GCATTAGAGATGACCG-1_2_1"
"1525","GCATTAGGTACGGGAT-1_2_1"
"1526","GCATTAGGTACTGAGG-1_2_1"
"1527","GCATTAGTCCATCTAT-1_2_1"
"1528","GCCAACGAGACCACGA-1_2_1"
"1529","GCCAACGCAGCCATTA-1_2_1"
"1530","GCCAACGCATTCGGGC-1_2_1"
"1531","GCCAACGGTCTGTGAT-1_2_1"
"1532","GCCAACGGTTATGGTC-1_2_1"
"1533","GCCAACGGTTCAAGGG-1_2_1"
"1534","GCCAACGTCAAGAATG-1_2_1"
"1535","GCCAGCAAGTTGTCAC-1_2_1"
"1536","GCCAGCACATACGCAT-1_2_1"
"1537","GCCAGCAGTAAGGAGA-1_2_1"
"1538","GCCAGCATCACCTCGT-1_2_1"
"1539","GCCAGGTCACAACGCC-1_2_1"
"1540","GCCAGGTGTCCTCAGG-1_2_1"
"1541","GCCAGGTTCTGGTGCG-1_2_1"
"1542","GCCAGTGCAGGAGGAG-1_2_1"
"1543","GCCAGTGGTGCTCGTG-1_2_1"
"1544","GCCATGGCAGCGAGTA-1_2_1"
"1545","GCCATGGGTAGCTGCC-1_2_1"
"1546","GCCATGGTCTTAAGGC-1_2_1"
"1547","GCCATTCAGCGTTAGG-1_2_1"
"1548","GCCATTCGTTGCACGC-1_2_1"
"1549","GCCCAGACAGGTGTGA-1_2_1"
"1550","GCCCAGAGTGTGAATA-1_2_1"
"1551","GCCCGAAGTCCAACGC-1_2_1"
"1552","GCCCGAAGTCCAATCA-1_2_1"
"1553","GCCGATGAGAGCCATG-1_2_1"
"1554","GCCGATGCACCTGTCT-1_2_1"
"1555","GCCGATGCAGCGACCT-1_2_1"
"1556","GCCGTGAGTATACCCA-1_2_1"
"1557","GCCGTGAGTTAGCTAC-1_2_1"
"1558","GCCTGTTAGGGATCGT-1_2_1"
"1559","GCGAGAATCTCCACTG-1_2_1"
"1560","GCGATCGAGCATCCTA-1_2_1"
"1561","GCGATCGAGCCGAACA-1_2_1"
"1562","GCGATCGAGGTAGTCG-1_2_1"
"1563","GCGATCGGTCACGTGC-1_2_1"
"1564","GCGGAAAAGTAAACTG-1_2_1"
"1565","GCGGAAACAAAGACTA-1_2_1"
"1566","GCGGAAACATATCGGT-1_2_1"
"1567","GCGGAAACATCAGCAT-1_2_1"
"1568","GCGGAAAGTACGTACT-1_2_1"
"1569","GCGGATCCAAGCGAGT-1_2_1"
"1570","GCGGATCCACACCGAC-1_2_1"
"1571","GCGTGCACACATTCTT-1_2_1"
"1572","GCGTGCATCGTTCTCG-1_2_1"
"1573","GCTACAAAGGTAAGGA-1_2_1"
"1574","GCTACAACAAAGCTAA-1_2_1"
"1575","GCTACAATCATCGGGC-1_2_1"
"1576","GCTACCTAGATACGAT-1_2_1"
"1577","GCTACCTCAACGATCT-1_2_1"
"1578","GCTCAAAAGACGGTCA-1_2_1"
"1579","GCTCAAAGTACGTTCA-1_2_1"
"1580","GCTCAAATCTTAATCC-1_2_1"
"1581","GCTGAATCAACTCATG-1_2_1"
"1582","GCTGCAGAGCCTTTGA-1_2_1"
"1583","GCTGCAGGTTCCGCAG-1_2_1"
"1584","GCTGCAGTCCGTCCTA-1_2_1"
"1585","GCTGGGTAGTGGACTG-1_2_1"
"1586","GCTTCACAGTAAGCAT-1_2_1"
"1587","GCTTCACTCTGTGCAA-1_2_1"
"1588","GCTTGGGTCCTAGCTC-1_2_1"
"1589","GCTTTCGGTGCAATGG-1_2_1"
"1590","GCTTTCGTCCATTGGA-1_2_1"
"1591","GCTTTCGTCGACGATT-1_2_1"
"1592","GGAACCCAGAACTGAT-1_2_1"
"1593","GGAACCCAGAATTGTG-1_2_1"
"1594","GGAACCCGTGTGTGGA-1_2_1"
"1595","GGAACCCTCAACTTTC-1_2_1"
"1596","GGAAGTGCAATGGCAG-1_2_1"
"1597","GGAAGTGCAGACTGCC-1_2_1"
"1598","GGAAGTGGTAATCAAG-1_2_1"
"1599","GGAATCTGTCCCGGTA-1_2_1"
"1600","GGAATCTGTTCTCAGA-1_2_1"
"1601","GGAATCTTCTTGGGCG-1_2_1"
"1602","GGAATGGCACTGCGAC-1_2_1"
"1603","GGAATGGTCTGGAGAG-1_2_1"
"1604","GGACGTCAGATCACCT-1_2_1"
"1605","GGACGTCAGCTTCGTA-1_2_1"
"1606","GGACGTCCAAATTAGG-1_2_1"
"1607","GGACGTCCACTGGATT-1_2_1"
"1608","GGACGTCGTATTGCCA-1_2_1"
"1609","GGACGTCGTCAATGGG-1_2_1"
"1610","GGACGTCGTGTCTTAG-1_2_1"
"1611","GGAGAACCAAGGCAAC-1_2_1"
"1612","GGAGAACCACTACACA-1_2_1"
"1613","GGAGAACCATACCATG-1_2_1"
"1614","GGAGAACGTAATGCGG-1_2_1"
"1615","GGAGAACGTTAACCTG-1_2_1"
"1616","GGAGATGGTCACTTAG-1_2_1"
"1617","GGAGATGTCAGCGTCG-1_2_1"
"1618","GGAGCAACAATTTCCT-1_2_1"
"1619","GGAGCAACATGAGATA-1_2_1"
"1620","GGAGCAATCTCTTAAC-1_2_1"
"1621","GGAGGATAGGGCAGTT-1_2_1"
"1622","GGAGGATGTAATGCGG-1_2_1"
"1623","GGAGGATTCGACATTG-1_2_1"
"1624","GGAGGATTCTGATTCT-1_2_1"
"1625","GGAGGTAAGTATAGGT-1_2_1"
"1626","GGAGGTACATAGATGA-1_2_1"
"1627","GGAGGTAGTTGCTCCT-1_2_1"
"1628","GGATCTAAGCTGTTAC-1_2_1"
"1629","GGATCTAAGGGTGGGA-1_2_1"
"1630","GGATCTACAGAAATTG-1_2_1"
"1631","GGATCTAGTCGTGCCA-1_2_1"
"1632","GGATGTTCAACCGCCA-1_2_1"
"1633","GGCACGTGTCACTAGT-1_2_1"
"1634","GGCAGTCAGAGCACTG-1_2_1"
"1635","GGCAGTCAGCACGGAT-1_2_1"
"1636","GGCAGTCTCGACCTAA-1_2_1"
"1637","GGCGTCACATAGAGGC-1_2_1"
"1638","GGCGTCAGTTTCGACA-1_2_1"
"1639","GGCTGTGCACCTCGTT-1_2_1"
"1640","GGCTTGGCACTGAGTT-1_2_1"
"1641","GGCTTGGCATGCGGTC-1_2_1"
"1642","GGCTTGGTCGCGGTAC-1_2_1"
"1643","GGCTTTCAGATAGGGA-1_2_1"
"1644","GGCTTTCCACTACCGG-1_2_1"
"1645","GGCTTTCCAGTATTCG-1_2_1"
"1646","GGGAAGTGTTTGACAC-1_2_1"
"1647","GGGACAAGTGAGAACC-1_2_1"
"1648","GGGACAATCGCCTTTG-1_2_1"
"1649","GGGACCTGTACTCCCT-1_2_1"
"1650","GGGACCTTCTCATTTG-1_2_1"
"1651","GGGACTCAGTCACGAG-1_2_1"
"1652","GGGACTCGTCAGGTGA-1_2_1"
"1653","GGGAGATAGGGTGAAA-1_2_1"
"1654","GGGAGATCAAAGTATG-1_2_1"
"1655","GGGAGATGTGCAAGAC-1_2_1"
"1656","GGGATCCAGGGCGAAG-1_2_1"
"1657","GGGATGAAGTTGAAAC-1_2_1"
"1658","GGGATGACAATCTCTT-1_2_1"
"1659","GGGATGAGTAGCGTTT-1_2_1"
"1660","GGGATGAGTCTTCTAT-1_2_1"
"1661","GGGATGATCGAACACT-1_2_1"
"1662","GGGCCATGTAGGTACG-1_2_1"
"1663","GGGCCATTCCACACCT-1_2_1"
"1664","GGGCCATTCCGTCACT-1_2_1"
"1665","GGGCGTTGTACGATCT-1_2_1"
"1666","GGGCGTTGTTCGGCGT-1_2_1"
"1667","GGGCTACAGAACCGCA-1_2_1"
"1668","GGGCTACCAGCTGTTA-1_2_1"
"1669","GGGCTACGTAGTTCCA-1_2_1"
"1670","GGGCTACGTTGAGAGC-1_2_1"
"1671","GGGCTACGTTGTAGCT-1_2_1"
"1672","GGGCTACTCAAGCCAT-1_2_1"
"1673","GGGCTACTCATCGCCT-1_2_1"
"1674","GGGTAGAAGGAGCTGT-1_2_1"
"1675","GGGTAGAAGGTGCAGT-1_2_1"
"1676","GGGTAGAGTCGTCAGC-1_2_1"
"1677","GGGTAGATCCTCTAAT-1_2_1"
"1678","GGGTATTAGGTCGACA-1_2_1"
"1679","GGGTATTCAGGCTTGC-1_2_1"
"1680","GGGTATTGTATTCCTT-1_2_1"
"1681","GGGTATTTCCTGTTGC-1_2_1"
"1682","GGGTCACGTCTTCATT-1_2_1"
"1683","GGGTCACTCCGCGAGT-1_2_1"
"1684","GGGTCTGAGACGAAGA-1_2_1"
"1685","GGGTCTGGTCTTGAGT-1_2_1"
"1686","GGGTCTGTCCTACCAC-1_2_1"
"1687","GGGTGAAGTACTCCGG-1_2_1"
"1688","GGGTGAATCATGAGAA-1_2_1"
"1689","GGGTGTCAGCCATATC-1_2_1"
"1690","GGGTGTCCAAGGGCAT-1_2_1"
"1691","GGGTGTCGTTCGAGCC-1_2_1"
"1692","GGGTTATCATGGCACC-1_2_1"
"1693","GGGTTTAAGGTATCTC-1_2_1"
"1694","GGTAACTAGAGGGTAA-1_2_1"
"1695","GGTAACTCAAGAGAGA-1_2_1"
"1696","GGTAACTCACACGCCA-1_2_1"
"1697","GGTAACTCACATCATG-1_2_1"
"1698","GGTAACTCACTCCTGT-1_2_1"
"1699","GGTAATCAGTATGCAA-1_2_1"
"1700","GGTAATCCACCAAATC-1_2_1"
"1701","GGTAATCCATTGAAGA-1_2_1"
"1702","GGTAGAGCATCCCACT-1_2_1"
"1703","GGTAGAGCATGTTCGA-1_2_1"
"1704","GGTAGAGGTTATGTCG-1_2_1"
"1705","GGTCTGGCACTGGAAG-1_2_1"
"1706","GGTGAAGAGCATGCGA-1_2_1"
"1707","GGTGAAGAGCGAGGAG-1_2_1"
"1708","GGTGAAGGTCAGCTTA-1_2_1"
"1709","GGTGAAGGTGATGTAA-1_2_1"
"1710","GGTGAAGTCAGGTAAA-1_2_1"
"1711","GGTGATTAGTAAACTG-1_2_1"
"1712","GGTGATTCAAATTAGG-1_2_1"
"1713","GGTGATTTCAGTCACA-1_2_1"
"1714","GGTGGCTGTACAATAG-1_2_1"
"1715","GGTGTCGCACAGCCTG-1_2_1"
"1716","GGTGTCGTCAAATGCC-1_2_1"
"1717","GGTGTTAGTCACAATC-1_2_1"
"1718","GGTGTTAGTTCCTTGC-1_2_1"
"1719","GGTTAACAGTTATGGA-1_2_1"
"1720","GGTTAACGTATGTGTC-1_2_1"
"1721","GGTTCTCAGAGTGTTA-1_2_1"
"1722","GGTTCTCTCAGTCAGT-1_2_1"
"1723","GGTTCTCTCCACGAAT-1_2_1"
"1724","GGTTCTCTCCTGGGTG-1_2_1"
"1725","GGTTGTACATCACGGC-1_2_1"
"1726","GGTTGTATCTCTAAGG-1_2_1"
"1727","GTAACACAGCGGGTTA-1_2_1"
"1728","GTAACACCACTGTGAT-1_2_1"
"1729","GTAACACCAGACGATG-1_2_1"
"1730","GTAACACCAGGATGAC-1_2_1"
"1731","GTAACCAAGACGGATC-1_2_1"
"1732","GTAAGTCAGTATTGCC-1_2_1"
"1733","GTAAGTCCAACATCGT-1_2_1"
"1734","GTAAGTCGTGCAAGAC-1_2_1"
"1735","GTAATCGAGCGATGGT-1_2_1"
"1736","GTAATCGAGTCGAAGC-1_2_1"
"1737","GTAATCGCATGACTAC-1_2_1"
"1738","GTAATGCAGATGCTAA-1_2_1"
"1739","GTAATGCAGGCTAGCA-1_2_1"
"1740","GTAATGCCAAATGCGG-1_2_1"
"1741","GTAATGCTCACTGGGC-1_2_1"
"1742","GTACAACAGCAGCACA-1_2_1"
"1743","GTACAGTCATATCTGG-1_2_1"
"1744","GTACAGTTCCACTTTA-1_2_1"
"1745","GTAGAAAGTACCTATG-1_2_1"
"1746","GTAGAAATCTGTACAG-1_2_1"
"1747","GTAGAAATCTGTGCGG-1_2_1"
"1748","GTAGAGGAGCGTATAA-1_2_1"
"1749","GTAGAGGGTAGCTGCC-1_2_1"
"1750","GTAGATCCAATACGCT-1_2_1"
"1751","GTAGCTAAGAAGGCTC-1_2_1"
"1752","GTAGCTACAGGGATAC-1_2_1"
"1753","GTAGCTAGTAGGAAAG-1_2_1"
"1754","GTAGCTATCACCTGGG-1_2_1"
"1755","GTAGGAGAGCTGTCCG-1_2_1"
"1756","GTAGGAGAGGCCTTGC-1_2_1"
"1757","GTAGGAGCAGAGTGTG-1_2_1"
"1758","GTAGGAGGTTGGGAAC-1_2_1"
"1759","GTAGGTTTCGTCTAAG-1_2_1"
"1760","GTAGTACCAGTCTCTC-1_2_1"
"1761","GTAGTACGTGTTGCCG-1_2_1"
"1762","GTAGTACTCAGAATAG-1_2_1"
"1763","GTATTGGGTACAGGTG-1_2_1"
"1764","GTATTGGGTATCGTTG-1_2_1"
"1765","GTATTGGGTTTACGAC-1_2_1"
"1766","GTCAAACAGAGCAACC-1_2_1"
"1767","GTCAAACGTGTGATGG-1_2_1"
"1768","GTCAAACTCATCCTGC-1_2_1"
"1769","GTCAAGTAGCTCCATA-1_2_1"
"1770","GTCACGGCACTTGGCG-1_2_1"
"1771","GTCACGGTCCGTGTAA-1_2_1"
"1772","GTCACGGTCTTTCAGT-1_2_1"
"1773","GTCACTCAGGCTTAAA-1_2_1"
"1774","GTCACTCCAGGAGACT-1_2_1"
"1775","GTCACTCGTGGTAACG-1_2_1"
"1776","GTCACTCGTGGTACAG-1_2_1"
"1777","GTCACTCGTTGTGCCG-1_2_1"
"1778","GTCACTCTCCCATGGG-1_2_1"
"1779","GTCAGCGTCCGAGGCT-1_2_1"
"1780","GTCATCCAGACGAAGA-1_2_1"
"1781","GTCATCCAGGTTGAGC-1_2_1"
"1782","GTCATCCCAGGGAGAG-1_2_1"
"1783","GTCATCCCAGTACTAC-1_2_1"
"1784","GTCATGAGTGCAAGAC-1_2_1"
"1785","GTCATTTAGGAATTAC-1_2_1"
"1786","GTCATTTCAACCCGCA-1_2_1"
"1787","GTCATTTCAGAACTAA-1_2_1"
"1788","GTCCACTAGCTCCATA-1_2_1"
"1789","GTCCACTGTTACAGCT-1_2_1"
"1790","GTCCACTTCGGTATGT-1_2_1"
"1791","GTCCACTTCTGAATGC-1_2_1"
"1792","GTCCCATAGTCATACC-1_2_1"
"1793","GTCCCATAGTTGTCAC-1_2_1"
"1794","GTCCCATGTTTCGACA-1_2_1"
"1795","GTCCCATTCATGGATC-1_2_1"
"1796","GTCCTCAAGTGCGACA-1_2_1"
"1797","GTCCTCATCTCGGCTT-1_2_1"
"1798","GTCGAATAGCGGATCA-1_2_1"
"1799","GTCGAATAGGTTACAA-1_2_1"
"1800","GTCGAATCAACTCGTA-1_2_1"
"1801","GTCGAATCAGATTTCG-1_2_1"
"1802","GTCGAATTCGCATGAT-1_2_1"
"1803","GTCGAATTCTGAGGCC-1_2_1"
"1804","GTCGCGAAGTAGTGCG-1_2_1"
"1805","GTCGCGACAGAGACTG-1_2_1"
"1806","GTCGCGAGTCCACATA-1_2_1"
"1807","GTCGCGATCGGTTCAA-1_2_1"
"1808","GTCGCGATCTACACAG-1_2_1"
"1809","GTCGTAAAGCGAGAAA-1_2_1"
"1810","GTCGTTCAGGTAGGCT-1_2_1"
"1811","GTCTAGACAGAGCCCT-1_2_1"
"1812","GTCTAGACATCCGAAT-1_2_1"
"1813","GTCTAGAGTGAGCAGT-1_2_1"
"1814","GTCTCACTCGGACTGC-1_2_1"
"1815","GTCTGTCAGAGTCCGA-1_2_1"
"1816","GTCTTTACATTCGGGC-1_2_1"
"1817","GTCTTTAGTGGTCTCG-1_2_1"
"1818","GTCTTTATCCTCCACA-1_2_1"
"1819","GTGACGCTCAGTCTTT-1_2_1"
"1820","GTGACGCTCCAAGGGA-1_2_1"
"1821","GTGAGCCAGAAATCCA-1_2_1"
"1822","GTGAGCCGTCCCTGAG-1_2_1"
"1823","GTGAGCCGTCCCTGTT-1_2_1"
"1824","GTGAGCCGTGAGATCG-1_2_1"
"1825","GTGAGCCGTGTATTGC-1_2_1"
"1826","GTGAGCCGTTGCCTAA-1_2_1"
"1827","GTGAGGAAGAGCATTA-1_2_1"
"1828","GTGAGGAAGTCATGAA-1_2_1"
"1829","GTGAGGAAGTGGACTG-1_2_1"
"1830","GTGAGGAGTGATACCT-1_2_1"
"1831","GTGAGTTCATGTCGTA-1_2_1"
"1832","GTGAGTTGTAGCTGAG-1_2_1"
"1833","GTGAGTTTCTCATTTG-1_2_1"
"1834","GTGATGTAGAGGTCAC-1_2_1"
"1835","GTGATGTCACGTATAC-1_2_1"
"1836","GTGATGTTCCATGATG-1_2_1"
"1837","GTGATGTTCCTACCGT-1_2_1"
"1838","GTGATGTTCGCATAGT-1_2_1"
"1839","GTGCACGAGCCGTAAG-1_2_1"
"1840","GTGCACGAGTAGTGCG-1_2_1"
"1841","GTGCACGTCCGTATGA-1_2_1"
"1842","GTGCAGCCAATGAGCG-1_2_1"
"1843","GTGCTGGAGGACCCAA-1_2_1"
"1844","GTGCTGGCAGACCTAT-1_2_1"
"1845","GTGCTGGCAGTTACCA-1_2_1"
"1846","GTGCTGGCATCATTTC-1_2_1"
"1847","GTGCTGGGTGACGCCT-1_2_1"
"1848","GTGCTTCCATCCGAAT-1_2_1"
"1849","GTGCTTCGTGCGCTCA-1_2_1"
"1850","GTGCTTCGTGTGCTTA-1_2_1"
"1851","GTGGAAGAGTCTCCTC-1_2_1"
"1852","GTGGAAGGTGTCGATT-1_2_1"
"1853","GTGGAAGTCATGAGTC-1_2_1"
"1854","GTGGAGAAGCTGCGAA-1_2_1"
"1855","GTGGAGACAGGCGATA-1_2_1"
"1856","GTGGCGTTCTACTCAT-1_2_1"
"1857","GTGGGAAAGGCCTAAG-1_2_1"
"1858","GTGGTTAAGGATTCAA-1_2_1"
"1859","GTGGTTAGTCGATTTG-1_2_1"
"1860","GTGGTTAGTCGTCAGC-1_2_1"
"1861","GTGGTTATCATCACTT-1_2_1"
"1862","GTGGTTATCCCATAAG-1_2_1"
"1863","GTGGTTATCGCGTTTC-1_2_1"
"1864","GTGTAACTCATTTCGT-1_2_1"
"1865","GTGTAACTCCTTGACC-1_2_1"
"1866","GTGTCCTCAGGAGACT-1_2_1"
"1867","GTGTCCTCATGTGGCC-1_2_1"
"1868","GTGTCCTTCGGATAAA-1_2_1"
"1869","GTGTGATAGCACGTCC-1_2_1"
"1870","GTGTGATCAGGCATTT-1_2_1"
"1871","GTGTGGCCATCACAGT-1_2_1"
"1872","GTGTGGCGTTTACACG-1_2_1"
"1873","GTGTTAGAGCTGCCAC-1_2_1"
"1874","GTGTTAGCACCTATCC-1_2_1"
"1875","GTGTTAGGTTGGCTAT-1_2_1"
"1876","GTTACAGGTGGTTCTA-1_2_1"
"1877","GTTACAGGTTCATCTT-1_2_1"
"1878","GTTACCCAGGATTCAA-1_2_1"
"1879","GTTACCCCATGAATAG-1_2_1"
"1880","GTTACCCGTACAGCGA-1_2_1"
"1881","GTTACCCTCCTACACC-1_2_1"
"1882","GTTACGAAGAGTGACC-1_2_1"
"1883","GTTACGACAACTACGT-1_2_1"
"1884","GTTACGATCTCTAGGA-1_2_1"
"1885","GTTAGACAGCATCAAA-1_2_1"
"1886","GTTAGACCAAGAAATC-1_2_1"
"1887","GTTAGACTCAAAGACA-1_2_1"
"1888","GTTAGTGCAGCTGCCA-1_2_1"
"1889","GTTAGTGCATTGTCGA-1_2_1"
"1890","GTTATGGCACCCAACG-1_2_1"
"1891","GTTATGGGTGGTCCCA-1_2_1"
"1892","GTTATGGTCAAGCCTA-1_2_1"
"1893","GTTATGGTCGAGAAAT-1_2_1"
"1894","GTTCATTGTGCCTGCA-1_2_1"
"1895","GTTCATTGTTCCCAAA-1_2_1"
"1896","GTTCCGTAGATAACGT-1_2_1"
"1897","GTTCCGTGTGTGTCGC-1_2_1"
"1898","GTTCCGTTCATTCATC-1_2_1"
"1899","GTTCCGTTCGGAGCAA-1_2_1"
"1900","GTTCGCTCATCGATCA-1_2_1"
"1901","GTTCGCTGTTCCACGG-1_2_1"
"1902","GTTCGCTTCGTACACA-1_2_1"
"1903","GTTGAACAGGTCGCCT-1_2_1"
"1904","GTTGAACCAGGGTCTC-1_2_1"
"1905","GTTGAACGTACTCGCG-1_2_1"
"1906","GTTGAACGTCTAACGT-1_2_1"
"1907","GTTGAACGTTCCGCAG-1_2_1"
"1908","GTTGAACTCCAAGCAT-1_2_1"
"1909","GTTGCGGCAACACTAC-1_2_1"
"1910","GTTGCGGTCCAGCTCT-1_2_1"
"1911","GTTGCGGTCTTGGAAC-1_2_1"
"1912","GTTGCTCAGAGTTGAT-1_2_1"
"1913","GTTGCTCAGCCACTCG-1_2_1"
"1914","GTTGCTCAGTTCCGGC-1_2_1"
"1915","GTTGCTCTCGCTCATC-1_2_1"
"1916","GTTGCTCTCGTAGCCG-1_2_1"
"1917","GTTGTAGCATTGAGCT-1_2_1"
"1918","GTTGTAGGTAGTCGGA-1_2_1"
"1919","GTTGTAGTCTCTTCAA-1_2_1"
"1920","GTTGTAGTCTGAGAAA-1_2_1"
"1921","GTTGTCCAGGACTAAT-1_2_1"
"1922","GTTGTCCAGTTGTCGT-1_2_1"
"1923","GTTGTCCCAACTACGT-1_2_1"
"1924","GTTGTCCCAATCGCGC-1_2_1"
"1925","GTTGTCCCACAACCGC-1_2_1"
"1926","GTTGTCCCACTGCTTC-1_2_1"
"1927","GTTGTCCTCATGCCGG-1_2_1"
"1928","GTTGTGATCGCCCAGA-1_2_1"
"1929","GTTTACTGTGATTGGG-1_2_1"
"1930","GTTTACTTCGCTGCGA-1_2_1"
"1931","GTTTGGAAGACTCGAG-1_2_1"
"1932","GTTTGGAAGTAAATGC-1_2_1"
"1933","GTTTGGACACGTACAT-1_2_1"
"1934","GTTTGGATCCCATTCG-1_2_1"
"1935","TAACACGGTAGTCTGT-1_2_1"
"1936","TAACCAGAGCCATTGT-1_2_1"
"1937","TAACCAGAGTTACGAA-1_2_1"
"1938","TAACCAGGTAACGTTC-1_2_1"
"1939","TAACCAGGTAGTAAGT-1_2_1"
"1940","TAACGACAGGACAAGA-1_2_1"
"1941","TAACGACCACATATCG-1_2_1"
"1942","TAACGACGTCTACATG-1_2_1"
"1943","TAACTTCAGTAGCATA-1_2_1"
"1944","TAACTTCCAAGAGGCT-1_2_1"
"1945","TAACTTCCACACCAGC-1_2_1"
"1946","TAACTTCTCGTGGCTG-1_2_1"
"1947","TAAGCACCACTATGTG-1_2_1"
"1948","TAAGCACCACTCCACT-1_2_1"
"1949","TAAGCACGTGTCCGTG-1_2_1"
"1950","TAAGCACTCAAAGACA-1_2_1"
"1951","TAAGCCAGTGGGATTG-1_2_1"
"1952","TAAGCCAGTTTACCAG-1_2_1"
"1953","TAAGCCATCTAGTGAC-1_2_1"
"1954","TAAGCGTCACACGCCA-1_2_1"
"1955","TAAGCGTCAGTGGGTA-1_2_1"
"1956","TAAGTCGAGACCGCCT-1_2_1"
"1957","TAAGTCGGTGTCCGTG-1_2_1"
"1958","TAATCTCAGATCACTC-1_2_1"
"1959","TAATCTCAGATTGACA-1_2_1"
"1960","TAATCTCAGTTGGAGC-1_2_1"
"1961","TAATCTCCATTGAAAG-1_2_1"
"1962","TAATCTCTCCCTCATG-1_2_1"
"1963","TAATTCCCACGGTGAA-1_2_1"
"1964","TAATTCCCATTACGGT-1_2_1"
"1965","TAATTCCGTACTAAGA-1_2_1"
"1966","TAATTCCGTACTCCCT-1_2_1"
"1967","TACAACGCAGACTGCC-1_2_1"
"1968","TACAACGCATAGTCGT-1_2_1"
"1969","TACAACGGTTCTCCAC-1_2_1"
"1970","TACACCCCACGTTGGC-1_2_1"
"1971","TACACCCCAGAGATTA-1_2_1"
"1972","TACACCCGTCGGCACT-1_2_1"
"1973","TACACCCGTTGCCATA-1_2_1"
"1974","TACACCCTCTTAGTTC-1_2_1"
"1975","TACAGGTGTCCAAATC-1_2_1"
"1976","TACAGGTTCTCGCGTT-1_2_1"
"1977","TACATTCAGGAAACGA-1_2_1"
"1978","TACATTCCATGTGCCG-1_2_1"
"1979","TACATTCTCGCCTTGT-1_2_1"
"1980","TACCCACAGGCACGAT-1_2_1"
"1981","TACCCGTAGATAGTCA-1_2_1"
"1982","TACCCGTAGTAGGGTC-1_2_1"
"1983","TACCCGTCAGCTTTGA-1_2_1"
"1984","TACCCGTCATGGCACC-1_2_1"
"1985","TACCCGTTCCCAGTGG-1_2_1"
"1986","TACCGGGAGCAGAAAG-1_2_1"
"1987","TACCGGGAGTGTACCT-1_2_1"
"1988","TACCGGGTCAACACGT-1_2_1"
"1989","TACCGGGTCTCGAACA-1_2_1"
"1990","TACCTCGAGACAACAT-1_2_1"
"1991","TACCTCGCAGGCATTT-1_2_1"
"1992","TACCTCGGTCCAGCGT-1_2_1"
"1993","TACCTCGTCCAGGACC-1_2_1"
"1994","TACCTGCAGAAGCGCT-1_2_1"
"1995","TACCTGCCAAGGTCAG-1_2_1"
"1996","TACCTGCTCCATAGGT-1_2_1"
"1997","TACCTGCTCCTGTTAT-1_2_1"
"1998","TACGCTCAGGTCCAGA-1_2_1"
"1999","TACGCTCCACGTATAC-1_2_1"
"2000","TACGCTCCAGCTTTGA-1_2_1"
"2001","TACGCTCGTAGACAGC-1_2_1"
"2002","TACGGGCCAAGCCTGC-1_2_1"
"2003","TACGGGCGTACTTGTG-1_2_1"
"2004","TACGGGCGTGTTCATG-1_2_1"
"2005","TACGGGCGTGTTGAGG-1_2_1"
"2006","TACGGGCGTTGCCTAA-1_2_1"
"2007","TACGGGCTCATGAAAG-1_2_1"
"2008","TACGGGCTCATGGTAC-1_2_1"
"2009","TACGGGCTCCATTCAT-1_2_1"
"2010","TACGGTAAGGCCACTC-1_2_1"
"2011","TACGGTACATTCCTCG-1_2_1"
"2012","TACGTCCCACGTTGGC-1_2_1"
"2013","TACGTCCTCAAACGTC-1_2_1"
"2014","TACGTCCTCTTTACAC-1_2_1"
"2015","TACTGCCAGATGTTAG-1_2_1"
"2016","TACTGCCGTAACCCGC-1_2_1"
"2017","TACTTACCAACCAATC-1_2_1"
"2018","TACTTACTCAACTACG-1_2_1"
"2019","TACTTCACACAAGTGG-1_2_1"
"2020","TACTTCACATCTATCT-1_2_1"
"2021","TACTTCAGTATGTCCA-1_2_1"
"2022","TACTTCATCCACGGGT-1_2_1"
"2023","TACTTGTAGGAAGTGA-1_2_1"
"2024","TACTTGTAGTCATGGG-1_2_1"
"2025","TACTTGTCAAGTGGTG-1_2_1"
"2026","TACTTGTTCCCTCAAC-1_2_1"
"2027","TAGACCACACAATGTC-1_2_1"
"2028","TAGACCAGTACAGTAA-1_2_1"
"2029","TAGACCATCTACTATC-1_2_1"
"2030","TAGACTGCACCTAAAC-1_2_1"
"2031","TAGAGTCCAACCGTGC-1_2_1"
"2032","TAGAGTCGTCGACTGC-1_2_1"
"2033","TAGATCGGTCACTTCC-1_2_1"
"2034","TAGCACAAGGGAGTTC-1_2_1"
"2035","TAGCACACAATTTCCT-1_2_1"
"2036","TAGGAGGAGAGAGAAC-1_2_1"
"2037","TAGGAGGGTAGTTACC-1_2_1"
"2038","TAGGGTTAGGCTGAAC-1_2_1"
"2039","TAGGGTTCAATGAGCG-1_2_1"
"2040","TAGGGTTTCAGCGGAA-1_2_1"
"2041","TAGGGTTTCCGACGGT-1_2_1"
"2042","TAGGTTGCACCCAAGC-1_2_1"
"2043","TAGGTTGTCTATCCAT-1_2_1"
"2044","TAGGTTGTCTCTCTAA-1_2_1"
"2045","TAGTGCAAGCACTCTA-1_2_1"
"2046","TAGTGCACACGAGGAT-1_2_1"
"2047","TAGTGCATCGGAGTAG-1_2_1"
"2048","TATACCTGTCGTTGCG-1_2_1"
"2049","TATATCCCAACGACAG-1_2_1"
"2050","TATATCCGTTCCAGGC-1_2_1"
"2051","TATATCCTCCACGGAC-1_2_1"
"2052","TATCAGGGTAGGACCA-1_2_1"
"2053","TATCAGGTCCGACGGT-1_2_1"
"2054","TATCCTAAGGAGAGGC-1_2_1"
"2055","TATCCTACAATTAGGA-1_2_1"
"2056","TATCGCCAGTGACACG-1_2_1"
"2057","TATCGCCCAATTGCAC-1_2_1"
"2058","TATCGCCCAGACCCGT-1_2_1"
"2059","TATCGCCCAGCCCACA-1_2_1"
"2060","TATCGCCTCTATCCAT-1_2_1"
"2061","TATCTGTAGCAGAAAG-1_2_1"
"2062","TATCTGTCACTAACCA-1_2_1"
"2063","TATCTTGAGGGTAGCT-1_2_1"
"2064","TATCTTGCATCCTTGC-1_2_1"
"2065","TATCTTGTCAAGGCTT-1_2_1"
"2066","TATGTTCAGGCTAACG-1_2_1"
"2067","TATGTTCCATAGGAGC-1_2_1"
"2068","TATGTTCTCTTGTGCC-1_2_1"
"2069","TATTCCAAGGAATCGC-1_2_1"
"2070","TATTCCATCCATACTT-1_2_1"
"2071","TATTGCTGTAGTCACT-1_2_1"
"2072","TATTGCTGTCGACGCT-1_2_1"
"2073","TATTGGGAGACGGTCA-1_2_1"
"2074","TATTGGGGTCCACTCT-1_2_1"
"2075","TATTGGGGTGGGACAT-1_2_1"
"2076","TATTGGGGTGTCCACG-1_2_1"
"2077","TATTGGGGTTCTCAGA-1_2_1"
"2078","TATTGGGTCGTCACCT-1_2_1"
"2079","TATTTCGAGTAGACAT-1_2_1"
"2080","TATTTCGCACATAGCT-1_2_1"
"2081","TATTTCGGTCAAAGCG-1_2_1"
"2082","TATTTCGGTTAAAGTG-1_2_1"
"2083","TATTTCGTCCATAGAC-1_2_1"
"2084","TCAAGACAGTGACACG-1_2_1"
"2085","TCAAGACCAATGGCCC-1_2_1"
"2086","TCAAGACCAGAGATTA-1_2_1"
"2087","TCAAGACCAGAGGTAC-1_2_1"
"2088","TCAAGACGTCGGAACA-1_2_1"
"2089","TCAAGACGTGATTCTG-1_2_1"
"2090","TCAAGACGTTAAAGTG-1_2_1"
"2091","TCAAGACTCCGCTGTT-1_2_1"
"2092","TCAAGTGAGAATGTTG-1_2_1"
"2093","TCAAGTGCAAAGACGC-1_2_1"
"2094","TCAATCTAGACATAAC-1_2_1"
"2095","TCAATCTCATCCAACA-1_2_1"
"2096","TCAATCTGTTGGTACT-1_2_1"
"2097","TCAATCTTCATGCGGC-1_2_1"
"2098","TCAATCTTCTCTGGTC-1_2_1"
"2099","TCAATTCAGTCTGGAG-1_2_1"
"2100","TCACAAGCACCCAATA-1_2_1"
"2101","TCACACCCAGGTAGTG-1_2_1"
"2102","TCACACCCATCTCCCA-1_2_1"
"2103","TCACACCGTCTCACAA-1_2_1"
"2104","TCACACCTCTTTGATC-1_2_1"
"2105","TCACATTAGTCTAACC-1_2_1"
"2106","TCACATTCAGCACCCA-1_2_1"
"2107","TCACATTCATGGGTTT-1_2_1"
"2108","TCACGCTCACTAGGCC-1_2_1"
"2109","TCACGGGAGCGTGAAC-1_2_1"
"2110","TCACTATAGATGTAGT-1_2_1"
"2111","TCACTCGCATCAGTCA-1_2_1"
"2112","TCACTCGCATCGCTCT-1_2_1"
"2113","TCAGCAAAGCAGAAAG-1_2_1"
"2114","TCAGCAAAGTTGGGAC-1_2_1"
"2115","TCAGCCTGTGCTATTG-1_2_1"
"2116","TCAGCCTTCCGACAGC-1_2_1"
"2117","TCAGGGCAGAAAGTCT-1_2_1"
"2118","TCAGGGCAGAAGGATG-1_2_1"
"2119","TCAGGTACATAACCCA-1_2_1"
"2120","TCAGGTATCCCGTGAG-1_2_1"
"2121","TCAGTCCAGCATGGGT-1_2_1"
"2122","TCAGTCCAGGACTGGT-1_2_1"
"2123","TCAGTCCAGTGATAGT-1_2_1"
"2124","TCAGTCCAGTGATGGC-1_2_1"
"2125","TCAGTCCCACAACGTT-1_2_1"
"2126","TCAGTCCCAGGACGAT-1_2_1"
"2127","TCAGTCCCATGTGACT-1_2_1"
"2128","TCAGTCCGTAATGATG-1_2_1"
"2129","TCAGTCCGTGTCCCTT-1_2_1"
"2130","TCAGTCCTCCGCAAAT-1_2_1"
"2131","TCAGTCCTCTTAGCAG-1_2_1"
"2132","TCAGTGAAGAGATTCA-1_2_1"
"2133","TCAGTGAAGTGTGTTC-1_2_1"
"2134","TCAGTGACAGTCTGGC-1_2_1"
"2135","TCAGTGAGTGTCGATT-1_2_1"
"2136","TCAGTGATCCTCTGCA-1_2_1"
"2137","TCAGTTTAGAAGCTGC-1_2_1"
"2138","TCAGTTTAGTTAGAAC-1_2_1"
"2139","TCATACTCAACAAGTA-1_2_1"
"2140","TCATACTCACTCACTC-1_2_1"
"2141","TCATACTGTCCCACGA-1_2_1"
"2142","TCATACTGTGCCTGAC-1_2_1"
"2143","TCATATCCAACTCCCT-1_2_1"
"2144","TCATATCGTTTCCCAC-1_2_1"
"2145","TCATATCTCCGCACGA-1_2_1"
"2146","TCATCATAGCACGATG-1_2_1"
"2147","TCATCATCATCCGCGA-1_2_1"
"2148","TCATCCGCAAGAAACT-1_2_1"
"2149","TCATCCGCAGCTGTCG-1_2_1"
"2150","TCATGAGAGTTTGGCT-1_2_1"
"2151","TCATGAGCAATCGCCG-1_2_1"
"2152","TCATGAGTCCGATCGG-1_2_1"
"2153","TCATGCCGTAGATTGA-1_2_1"
"2154","TCATGCCGTCATCAGT-1_2_1"
"2155","TCATGCCGTGGTTCTA-1_2_1"
"2156","TCATGGAAGGTAGACC-1_2_1"
"2157","TCATGGAGTCCACTTC-1_2_1"
"2158","TCATGGATCGACCCAG-1_2_1"
"2159","TCATGTTCAAGGACAC-1_2_1"
"2160","TCATGTTCAGCAAGAC-1_2_1"
"2161","TCATGTTGTAGACGTG-1_2_1"
"2162","TCATGTTGTAGATTAG-1_2_1"
"2163","TCATTACGTCACAGTT-1_2_1"
"2164","TCATTGTAGAAGCTGC-1_2_1"
"2165","TCATTGTAGCTACAAA-1_2_1"
"2166","TCATTGTAGGACACTG-1_2_1"
"2167","TCATTGTAGTCGCTAT-1_2_1"
"2168","TCATTGTCAGATCCAT-1_2_1"
"2169","TCATTTGAGGCTGTAG-1_2_1"
"2170","TCATTTGTCAATCCAG-1_2_1"
"2171","TCATTTGTCTCACTCG-1_2_1"
"2172","TCCACCACATGATAGA-1_2_1"
"2173","TCCACCATCTTACTGT-1_2_1"
"2174","TCCACGTGTGGTCAAG-1_2_1"
"2175","TCCAGAAAGACGCCCT-1_2_1"
"2176","TCCAGAAGTTGAGAGC-1_2_1"
"2177","TCCATCGGTCTTTCAT-1_2_1"
"2178","TCCATCGGTGTTAAAG-1_2_1"
"2179","TCCATGCAGGTCCGAA-1_2_1"
"2180","TCCCACAAGCAGCCCT-1_2_1"
"2181","TCCCACAAGGTAACTA-1_2_1"
"2182","TCCCACAGTGCTCTTC-1_2_1"
"2183","TCCCACAGTTGGGTAG-1_2_1"
"2184","TCCCAGTAGGTAAGGA-1_2_1"
"2185","TCCCATGAGACGGAAA-1_2_1"
"2186","TCCCATGAGTCGAGGT-1_2_1"
"2187","TCCCATGCAAGAGTTA-1_2_1"
"2188","TCCCATGCATTGGGAG-1_2_1"
"2189","TCCCATGGTCTCCTGT-1_2_1"
"2190","TCCCATGTCGACCAAT-1_2_1"
"2191","TCCGAAATCAGCCCAG-1_2_1"
"2192","TCCGAAATCATGCCAA-1_2_1"
"2193","TCCGATCAGGTTCCAT-1_2_1"
"2194","TCCGATCAGGTTGTTC-1_2_1"
"2195","TCCGATCGTGCAATGG-1_2_1"
"2196","TCCGGGAGTGGTATGG-1_2_1"
"2197","TCCGGGATCATCACCC-1_2_1"
"2198","TCCGTGTCAATAAGGT-1_2_1"
"2199","TCCGTGTCACTTCATT-1_2_1"
"2200","TCCGTGTCATCCGATA-1_2_1"
"2201","TCCGTGTGTATTTCGG-1_2_1"
"2202","TCCTAATCATCGCTGG-1_2_1"
"2203","TCCTCCCTCTGGGCAC-1_2_1"
"2204","TCCTCTTAGATACAGT-1_2_1"
"2205","TCCTCTTCAATCCAGT-1_2_1"
"2206","TCCTCTTGTTGTCCCT-1_2_1"
"2207","TCCTGCAGTCCAGCAC-1_2_1"
"2208","TCCTGCATCAACACCA-1_2_1"
"2209","TCCTTCTAGCGCCTTG-1_2_1"
"2210","TCCTTCTCAATAAGGT-1_2_1"
"2211","TCCTTCTCACAGAGAC-1_2_1"
"2212","TCCTTCTGTGACTCTA-1_2_1"
"2213","TCCTTTCAGGAGACCT-1_2_1"
"2214","TCCTTTCAGGATCACG-1_2_1"
"2215","TCCTTTCCAGGTATGG-1_2_1"
"2216","TCGAACAAGAATTGTG-1_2_1"
"2217","TCGAACACAGCGTGCT-1_2_1"
"2218","TCGAACACATTACTCT-1_2_1"
"2219","TCGAACAGTCTGTGAT-1_2_1"
"2220","TCGAAGTAGACCACGA-1_2_1"
"2221","TCGAAGTAGATAGGGA-1_2_1"
"2222","TCGAAGTAGATTTGCC-1_2_1"
"2223","TCGAAGTAGGGTACAC-1_2_1"
"2224","TCGAAGTAGTCCTACA-1_2_1"
"2225","TCGAAGTCAAACACGG-1_2_1"
"2226","TCGACCTAGTGCTCGC-1_2_1"
"2227","TCGACGGAGCAGGTCA-1_2_1"
"2228","TCGACGGCAATTGCGT-1_2_1"
"2229","TCGATTTGTAGGCTGA-1_2_1"
"2230","TCGATTTGTGCGTTTA-1_2_1"
"2231","TCGCACTAGGGCTTCC-1_2_1"
"2232","TCGCACTGTGGTCTCG-1_2_1"
"2233","TCGCACTTCTAACACG-1_2_1"
"2234","TCGCAGGAGACTCGAG-1_2_1"
"2235","TCGCAGGAGTCGGCAA-1_2_1"
"2236","TCGCAGGGTATACCCA-1_2_1"
"2237","TCGCAGGTCGCTAAAC-1_2_1"
"2238","TCGCTCACACTTGTCC-1_2_1"
"2239","TCGCTCAGTTCTATCT-1_2_1"
"2240","TCGCTTGGTCTTGTCC-1_2_1"
"2241","TCGGATAAGTAGGGTC-1_2_1"
"2242","TCGGATACATTGGCAT-1_2_1"
"2243","TCGGATAGTGCGCTCA-1_2_1"
"2244","TCGGGACCAGGGACTA-1_2_1"
"2245","TCGGGACGTCAGGTAG-1_2_1"
"2246","TCGGGACGTGGTCTCG-1_2_1"
"2247","TCGGGACGTTCCTTGC-1_2_1"
"2248","TCGGGACGTTGCTCCT-1_2_1"
"2249","TCGGGCAAGCATTTCG-1_2_1"
"2250","TCGGGCAAGTCAGAGC-1_2_1"
"2251","TCGGGCACACTCTCGT-1_2_1"
"2252","TCGGGCAGTGCACATT-1_2_1"
"2253","TCGGGTGCAACACGAG-1_2_1"
"2254","TCGGGTGGTCTCCCTA-1_2_1"
"2255","TCGGTCTCAACCGATT-1_2_1"
"2256","TCGGTCTCAAGTGCTT-1_2_1"
"2257","TCGGTCTCACGAGAAC-1_2_1"
"2258","TCGGTCTCAGGACTAG-1_2_1"
"2259","TCGGTCTGTTGTCAGT-1_2_1"
"2260","TCGGTCTTCTCAATCT-1_2_1"
"2261","TCGTAGAAGAATACAC-1_2_1"
"2262","TCGTAGAAGAGGTATT-1_2_1"
"2263","TCGTAGAAGGCTCCCA-1_2_1"
"2264","TCGTAGAAGTCATGGG-1_2_1"
"2265","TCGTAGAAGTCTGGTT-1_2_1"
"2266","TCGTAGACAGCAGACA-1_2_1"
"2267","TCGTAGAGTGTCATCA-1_2_1"
"2268","TCGTCCAGTCATATGC-1_2_1"
"2269","TCGTCCAGTCTCAAGT-1_2_1"
"2270","TCGTGCTAGTACTCGT-1_2_1"
"2271","TCGTGCTCATTAGGAA-1_2_1"
"2272","TCGTGGGTCGCCTTTG-1_2_1"
"2273","TCGTGGGTCGTTCAGA-1_2_1"
"2274","TCTAACTAGGATGTTA-1_2_1"
"2275","TCTAACTAGGTACAAT-1_2_1"
"2276","TCTAACTTCGCCATAA-1_2_1"
"2277","TCTAACTTCTGCTTAT-1_2_1"
"2278","TCTACATAGGCTCACC-1_2_1"
"2279","TCTACCGAGCCGAACA-1_2_1"
"2280","TCTACCGAGGTCTTTG-1_2_1"
"2281","TCTACCGCAAGTAGTA-1_2_1"
"2282","TCTACCGCACAATGAA-1_2_1"
"2283","TCTACCGCAGGTTTAC-1_2_1"
"2284","TCTACCGGTCCTTTGC-1_2_1"
"2285","TCTATACAGAGGATCC-1_2_1"
"2286","TCTATACAGCGCATCC-1_2_1"
"2287","TCTATACAGCGTGCCT-1_2_1"
"2288","TCTATACCACCGTCGA-1_2_1"
"2289","TCTATCAGTCTATGAC-1_2_1"
"2290","TCTATCATCCTCCACA-1_2_1"
"2291","TCTCACGGTATTAAGG-1_2_1"
"2292","TCTCACGGTGGAATGC-1_2_1"
"2293","TCTCAGCAGGAAAGAC-1_2_1"
"2294","TCTCAGCCATCCCACT-1_2_1"
"2295","TCTCAGCCATCCGGCA-1_2_1"
"2296","TCTCAGCTCTGATTCT-1_2_1"
"2297","TCTCCGAAGAAGAGCA-1_2_1"
"2298","TCTCCGAGTTGCCATA-1_2_1"
"2299","TCTCTGGGTAACCCGC-1_2_1"
"2300","TCTGCCAAGTAGGCCA-1_2_1"
"2301","TCTGCCACAGCCCAGT-1_2_1"
"2302","TCTGCCACAGGTATGG-1_2_1"
"2303","TCTGCCAGTCGCGTCA-1_2_1"
"2304","TCTGCCAGTTTCGTTT-1_2_1"
"2305","TCTGCCATCGCTAATG-1_2_1"
"2306","TCTGGCTAGGCCATAG-1_2_1"
"2307","TCTGGCTCAACACACT-1_2_1"
"2308","TCTGGCTCAGGCCTGT-1_2_1"
"2309","TCTGTCGAGATAGCTA-1_2_1"
"2310","TCTGTCGAGCAGCCCT-1_2_1"
"2311","TCTGTCGCACTGCTTC-1_2_1"
"2312","TCTGTCGCAGATGCGA-1_2_1"
"2313","TCTGTCGCAGGTGGAT-1_2_1"
"2314","TCTGTCGCATGATAGA-1_2_1"
"2315","TCTGTCGGTTACTCAG-1_2_1"
"2316","TCTTAGTAGGTTTGAA-1_2_1"
"2317","TCTTAGTAGTATTAGG-1_2_1"
"2318","TCTTAGTCAAGGCCTC-1_2_1"
"2319","TCTTAGTGTCCCGCAA-1_2_1"
"2320","TCTTAGTTCTTAAGGC-1_2_1"
"2321","TCTTCCTAGACCGCCT-1_2_1"
"2322","TCTTCCTAGATGACCG-1_2_1"
"2323","TCTTGCGAGAGCATCG-1_2_1"
"2324","TCTTGCGGTTATCTGG-1_2_1"
"2325","TCTTTGAAGCGAAACC-1_2_1"
"2326","TCTTTGACAAATGCGG-1_2_1"
"2327","TCTTTGAGTATTGGCT-1_2_1"
"2328","TCTTTGAGTCATCCCT-1_2_1"
"2329","TCTTTGAGTGAGTCAG-1_2_1"
"2330","TGAACGTCAAAGGGTC-1_2_1"
"2331","TGAACGTGTCACCTTC-1_2_1"
"2332","TGAACGTGTCTACAAC-1_2_1"
"2333","TGAACGTGTGCCGAAA-1_2_1"
"2334","TGAACGTGTTCGGCTG-1_2_1"
"2335","TGAACGTTCGTACACA-1_2_1"
"2336","TGAATCGAGATGATTG-1_2_1"
"2337","TGAATCGAGGCCTAAG-1_2_1"
"2338","TGAATCGCAGGGTCTC-1_2_1"
"2339","TGAATCGTCCATCTCG-1_2_1"
"2340","TGAATGCGTACCCGAC-1_2_1"
"2341","TGAATGCTCTGCATAG-1_2_1"
"2342","TGACAGTAGGCCACCT-1_2_1"
"2343","TGACAGTGTAGTAAGT-1_2_1"
"2344","TGACAGTGTGTCTTGA-1_2_1"
"2345","TGACAGTTCACACCCT-1_2_1"
"2346","TGACAGTTCATAAGGA-1_2_1"
"2347","TGACAGTTCTTCTGGC-1_2_1"
"2348","TGACCCTGTTTCACTT-1_2_1"
"2349","TGACGCGCAACTTGGT-1_2_1"
"2350","TGACGCGGTCGGAACA-1_2_1"
"2351","TGACGCGTCATCGCTC-1_2_1"
"2352","TGACGCGTCCGATTAG-1_2_1"
"2353","TGACGCGTCCTCACGT-1_2_1"
"2354","TGACTCCAGGCATTTC-1_2_1"
"2355","TGACTCCAGGTACAAT-1_2_1"
"2356","TGACTCCAGTAGCATA-1_2_1"
"2357","TGACTCCAGTGGCAGT-1_2_1"
"2358","TGACTCCGTATTCCTT-1_2_1"
"2359","TGAGACTCAAACTCTG-1_2_1"
"2360","TGAGCATAGCTTCGTA-1_2_1"
"2361","TGAGCATAGTCACTGT-1_2_1"
"2362","TGAGCGCAGATGGCAC-1_2_1"
"2363","TGAGCGCCACGTGTGC-1_2_1"
"2364","TGAGCGCTCCGGTAAT-1_2_1"
"2365","TGAGGAGCACGCTGAC-1_2_1"
"2366","TGAGGAGGTCAATCTG-1_2_1"
"2367","TGAGGAGGTGAGTGAC-1_2_1"
"2368","TGAGGAGTCTTTGATC-1_2_1"
"2369","TGAGGGAAGCACGGAT-1_2_1"
"2370","TGAGGGAAGTGCGTCC-1_2_1"
"2371","TGAGGGACATAGGAGC-1_2_1"
"2372","TGAGGGATCACCCTTG-1_2_1"
"2373","TGAGGTTCAAATTAGG-1_2_1"
"2374","TGAGGTTCAGCTGCCA-1_2_1"
"2375","TGAGGTTGTCATCCCT-1_2_1"
"2376","TGAGTCAGTAGTGGCA-1_2_1"
"2377","TGATCAGCAATTGGTC-1_2_1"
"2378","TGATCTTAGTGGTCAG-1_2_1"
"2379","TGATCTTCAATGGCCC-1_2_1"
"2380","TGATCTTCAGGACTTT-1_2_1"
"2381","TGATGCAGTACGACTT-1_2_1"
"2382","TGATGCAGTCGCATCG-1_2_1"
"2383","TGATGGTAGGGTGAGG-1_2_1"
"2384","TGATGGTTCTCCAAGA-1_2_1"
"2385","TGATTCTCAAGGTCGA-1_2_1"
"2386","TGATTCTCAGCTGAGA-1_2_1"
"2387","TGATTCTGTTCACCGG-1_2_1"
"2388","TGATTCTTCACTGGTA-1_2_1"
"2389","TGATTCTTCGATTGAC-1_2_1"
"2390","TGATTTCAGTAGTGCG-1_2_1"
"2391","TGATTTCCACGGCACT-1_2_1"
"2392","TGATTTCCATGACTCA-1_2_1"
"2393","TGATTTCGTACGATGG-1_2_1"
"2394","TGATTTCGTTACGATC-1_2_1"
"2395","TGATTTCTCATTCGGA-1_2_1"
"2396","TGCACGGAGTGATCGG-1_2_1"
"2397","TGCACGGCACCAGCGT-1_2_1"
"2398","TGCACGGCATGAGGGT-1_2_1"
"2399","TGCAGATCACACACGC-1_2_1"
"2400","TGCAGGCAGCGCGTTC-1_2_1"
"2401","TGCAGGCAGCTTAGTC-1_2_1"
"2402","TGCAGGCAGGTCGAGT-1_2_1"
"2403","TGCAGGCCAATTGAAG-1_2_1"
"2404","TGCAGGCGTGTTACTG-1_2_1"
"2405","TGCAGTAAGTTCCTGA-1_2_1"
"2406","TGCAGTATCCAACACA-1_2_1"
"2407","TGCATCCAGGTCCCTG-1_2_1"
"2408","TGCATCCGTGAATTGA-1_2_1"
"2409","TGCATCCTCCTGGTCT-1_2_1"
"2410","TGCATGAAGGTCCCTG-1_2_1"
"2411","TGCATGACAACCACAT-1_2_1"
"2412","TGCATGACACGCGCTA-1_2_1"
"2413","TGCATGAGTCAGGTGA-1_2_1"
"2414","TGCCGAGAGCTCGGCT-1_2_1"
"2415","TGCCGAGGTACCGCGT-1_2_1"
"2416","TGCCGAGTCAGACAAA-1_2_1"
"2417","TGCGACGCAACCAGAG-1_2_1"
"2418","TGCGACGCAACCGGAA-1_2_1"
"2419","TGCGACGCAGCTATAC-1_2_1"
"2420","TGCGACGGTGTCGCTG-1_2_1"
"2421","TGCGACGGTTAGGGTG-1_2_1"
"2422","TGCGACGTCGCAGTTA-1_2_1"
"2423","TGCGATAAGCGTCTCG-1_2_1"
"2424","TGCGATATCATCTATC-1_2_1"
"2425","TGCGGCACAGCACAAG-1_2_1"
"2426","TGCGGCACAGTCGCAC-1_2_1"
"2427","TGCGGCATCGAGCACC-1_2_1"
"2428","TGCGGGTAGCGACATG-1_2_1"
"2429","TGCGGGTCACGTGAGA-1_2_1"
"2430","TGCTCCAAGAGCCGTA-1_2_1"
"2431","TGCTCCAAGGGACAGG-1_2_1"
"2432","TGCTCCAGTGAGTTGG-1_2_1"
"2433","TGCTCGTAGGCTTCCG-1_2_1"
"2434","TGCTCGTCATGGGAAC-1_2_1"
"2435","TGCTCGTGTAAGCTCT-1_2_1"
"2436","TGCTCGTGTTTACACG-1_2_1"
"2437","TGCTGAACACTAGGCC-1_2_1"
"2438","TGCTGAATCAGAGTGG-1_2_1"
"2439","TGCTTCGCAACAAGTA-1_2_1"
"2440","TGCTTGCAGGACTAAT-1_2_1"
"2441","TGCTTGCAGTTGGAAT-1_2_1"
"2442","TGCTTGCCAACTTCTT-1_2_1"
"2443","TGCTTGCTCAACTTTC-1_2_1"
"2444","TGCTTGCTCCCTAGGG-1_2_1"
"2445","TGCTTGCTCGGCCCAA-1_2_1"
"2446","TGGAACTAGAGAGCAA-1_2_1"
"2447","TGGAACTCAGATCCTA-1_2_1"
"2448","TGGAACTTCTCCCAAC-1_2_1"
"2449","TGGAGAGTCGCTAGCG-1_2_1"
"2450","TGGAGGACAAACGGCA-1_2_1"
"2451","TGGAGGACATACAGCT-1_2_1"
"2452","TGGATCAAGTGGAAGA-1_2_1"
"2453","TGGATCATCTGGGCGT-1_2_1"
"2454","TGGATCATCTTAGTTC-1_2_1"
"2455","TGGATGTAGACGAGCT-1_2_1"
"2456","TGGATGTAGCAAATGT-1_2_1"
"2457","TGGATGTTCGACACTA-1_2_1"
"2458","TGGCGTGTCGGATAAA-1_2_1"
"2459","TGGGAAGCAGTCAGTT-1_2_1"
"2460","TGGGAAGGTACAGTAA-1_2_1"
"2461","TGGGAAGGTTAGCTAC-1_2_1"
"2462","TGGGAGAGTACCGTGC-1_2_1"
"2463","TGGGAGAGTCGAGTGA-1_2_1"
"2464","TGGGATTAGCAAGGAA-1_2_1"
"2465","TGGGATTCAACTCCAA-1_2_1"
"2466","TGGGATTTCCTCATAT-1_2_1"
"2467","TGGGCGTCAAAGAGTT-1_2_1"
"2468","TGGGCGTCATGACGTT-1_2_1"
"2469","TGGGCTGGTAGCACAG-1_2_1"
"2470","TGGGTTAAGCGAATGC-1_2_1"
"2471","TGGGTTACACACACTA-1_2_1"
"2472","TGGGTTACACCGTGGT-1_2_1"
"2473","TGGGTTATCAAAGAAC-1_2_1"
"2474","TGGTACACACGTCTCT-1_2_1"
"2475","TGGTACAGTTGTGCAT-1_2_1"
"2476","TGGTAGTAGACCTCCG-1_2_1"
"2477","TGGTAGTAGCTTGTGT-1_2_1"
"2478","TGGTAGTCAGCAGTAG-1_2_1"
"2479","TGGTGATAGAATACAC-1_2_1"
"2480","TGGTGATAGCAGAAAG-1_2_1"
"2481","TGGTGATAGTCAGCGA-1_2_1"
"2482","TGGTGATCATGAGGGT-1_2_1"
"2483","TGGTGATTCTCTGCCA-1_2_1"
"2484","TGGTTAGGTAGAAACT-1_2_1"
"2485","TGTAACGCACACACGC-1_2_1"
"2486","TGTAACGCAGGTGACA-1_2_1"
"2487","TGTAAGCCAACCTAAC-1_2_1"
"2488","TGTAAGCGTGACACAG-1_2_1"
"2489","TGTAAGCGTTAAGTCC-1_2_1"
"2490","TGTAAGCTCTGGCTGG-1_2_1"
"2491","TGTACAGAGGAAGTGA-1_2_1"
"2492","TGTACAGCAAATGCTC-1_2_1"
"2493","TGTACAGGTGGCATCC-1_2_1"
"2494","TGTCAGAAGACCAAAT-1_2_1"
"2495","TGTCAGAAGACCAGCA-1_2_1"
"2496","TGTCAGACAGGTCTCG-1_2_1"
"2497","TGTCAGACATCCGGCA-1_2_1"
"2498","TGTCCACAGACATCCT-1_2_1"
"2499","TGTCCACAGTCCCTAA-1_2_1"
"2500","TGTCCCACAGTCAGTT-1_2_1"
"2501","TGTCCTGGTGCTGATT-1_2_1"
"2502","TGTGAGTCACTATCCC-1_2_1"
"2503","TGTGAGTCACTCAAGT-1_2_1"
"2504","TGTGAGTCATGTACGT-1_2_1"
"2505","TGTGATGAGCATCGAG-1_2_1"
"2506","TGTGATGGTGGACAGT-1_2_1"
"2507","TGTGATGGTGTAGCAG-1_2_1"
"2508","TGTGCGGGTACTGACT-1_2_1"
"2509","TGTGCGGTCCGTTTCG-1_2_1"
"2510","TGTGGCGTCTGACGCG-1_2_1"
"2511","TGTGTGATCGACGTCG-1_2_1"
"2512","TGTGTGATCTGGGATT-1_2_1"
"2513","TGTTACTAGGCCCGTT-1_2_1"
"2514","TGTTCATAGATGTAGT-1_2_1"
"2515","TGTTCATCAAGACAAT-1_2_1"
"2516","TGTTCATGTCATCACA-1_2_1"
"2517","TGTTCATGTGTTCAGT-1_2_1"
"2518","TGTTCATTCAAGTCTG-1_2_1"
"2519","TGTTCCGAGCTCCATA-1_2_1"
"2520","TGTTCCGAGTAAACAC-1_2_1"
"2521","TGTTCCGAGTAAAGCT-1_2_1"
"2522","TGTTCCGGTACAGTCT-1_2_1"
"2523","TGTTCCGGTACTCGAT-1_2_1"
"2524","TGTTGAGAGCTTACGT-1_2_1"
"2525","TGTTGAGCACACACGC-1_2_1"
"2526","TGTTGAGGTGGTTCTA-1_2_1"
"2527","TGTTGGACAGGCTTGC-1_2_1"
"2528","TGTTGGAGTCTTGCTC-1_2_1"
"2529","TGTTGGATCTACGCGG-1_2_1"
"2530","TGTTTGTCATGCGTGC-1_2_1"
"2531","TGTTTGTGTACGTACT-1_2_1"
"2532","TTAATCCAGACGTCCC-1_2_1"
"2533","TTAATCCCAAGAGAGA-1_2_1"
"2534","TTAATCCGTTAAGCAA-1_2_1"
"2535","TTAATCCTCCTGCCAT-1_2_1"
"2536","TTACAGGAGCCGATAG-1_2_1"
"2537","TTACAGGCATTCAGCA-1_2_1"
"2538","TTACCATAGTGGAAAG-1_2_1"
"2539","TTACCATGTATTTCCT-1_2_1"
"2540","TTACCATTCACTAGCA-1_2_1"
"2541","TTACCGCAGCTTAAGA-1_2_1"
"2542","TTACCGCAGGGTACAC-1_2_1"
"2543","TTACCGCCAACTCGTA-1_2_1"
"2544","TTACCGCCATGGGCAA-1_2_1"
"2545","TTACGCCGTCTTGGTA-1_2_1"
"2546","TTACGCCGTTAGGCCC-1_2_1"
"2547","TTACGCCTCCAACACA-1_2_1"
"2548","TTACGCCTCCGCACGA-1_2_1"
"2549","TTACGTTCAGCAATTC-1_2_1"
"2550","TTACGTTGTGTTTGCA-1_2_1"
"2551","TTACTGTAGGGTTGCA-1_2_1"
"2552","TTACTGTTCAAGCGTT-1_2_1"
"2553","TTACTGTTCTCGGCTT-1_2_1"
"2554","TTAGGCACAGCAGACA-1_2_1"
"2555","TTAGGGTCAGAGTGAC-1_2_1"
"2556","TTAGGGTCAGGCAATG-1_2_1"
"2557","TTAGGGTCAGTCGCTG-1_2_1"
"2558","TTAGGGTCATCGTGCG-1_2_1"
"2559","TTAGGGTGTAGAGCTG-1_2_1"
"2560","TTAGGGTTCGACATAC-1_2_1"
"2561","TTAGTCTAGGGATCAC-1_2_1"
"2562","TTAGTCTCAGTATTCG-1_2_1"
"2563","TTAGTCTTCCGAAATC-1_2_1"
"2564","TTAGTCTTCTTCTTCC-1_2_1"
"2565","TTATTGCCAAACGAGC-1_2_1"
"2566","TTATTGCCAGGTCAGA-1_2_1"
"2567","TTATTGCTCACTCTTA-1_2_1"
"2568","TTCAATCGTTCGGGTC-1_2_1"
"2569","TTCAATCTCCTACAAG-1_2_1"
"2570","TTCACCGCAACTGCTA-1_2_1"
"2571","TTCACCGCAAGCGAGT-1_2_1"
"2572","TTCACGCAGGACAGCT-1_2_1"
"2573","TTCAGGAAGACGCAGT-1_2_1"
"2574","TTCAGGAAGGTGAGAA-1_2_1"
"2575","TTCAGGACACAGTACT-1_2_1"
"2576","TTCAGGAGTGTTAGCT-1_2_1"
"2577","TTCATTGGTCACTCTC-1_2_1"
"2578","TTCATTGGTCTGTGGC-1_2_1"
"2579","TTCATTGTCCTCTTTC-1_2_1"
"2580","TTCATTGTCTCTGAGA-1_2_1"
"2581","TTCCAATAGAGTGGCT-1_2_1"
"2582","TTCCAATCACTACCGG-1_2_1"
"2583","TTCCAATGTGTCGCTG-1_2_1"
"2584","TTCCAATTCAGGACAG-1_2_1"
"2585","TTCCAATTCGGAAGGT-1_2_1"
"2586","TTCCACGAGGGCAGTT-1_2_1"
"2587","TTCCACGCAACCAATC-1_2_1"
"2588","TTCCACGTCATCGGGC-1_2_1"
"2589","TTCCGGTCACATCATG-1_2_1"
"2590","TTCCGTGCAGCTAACT-1_2_1"
"2591","TTCCGTGGTGTGATGG-1_2_1"
"2592","TTCCTAAAGAGCATTA-1_2_1"
"2593","TTCCTAAAGTGGATTA-1_2_1"
"2594","TTCCTAAGTGAATTAG-1_2_1"
"2595","TTCCTAAGTGGTACAG-1_2_1"
"2596","TTCCTAAGTTGCTAGT-1_2_1"
"2597","TTCCTCTAGAATCGAT-1_2_1"
"2598","TTCCTCTCAAGAATGT-1_2_1"
"2599","TTCCTCTGTCTTGGTA-1_2_1"
"2600","TTCCTTCGTCCAGTTA-1_2_1"
"2601","TTCCTTCGTTGCGGAA-1_2_1"
"2602","TTCCTTCTCAGAGTTC-1_2_1"
"2603","TTCGATTCAGGTGTTT-1_2_1"
"2604","TTCGATTCAGTAACCT-1_2_1"
"2605","TTCGCTGAGACGGTCA-1_2_1"
"2606","TTCGGTCGTGTCTTGA-1_2_1"
"2607","TTCGGTCGTGTTTCTT-1_2_1"
"2608","TTCGGTCTCCGTCAAA-1_2_1"
"2609","TTCTAACAGTTCACTG-1_2_1"
"2610","TTCTAACTCACATCAG-1_2_1"
"2611","TTCTAACTCTCTAGGA-1_2_1"
"2612","TTCTAGTCAAGCGAAC-1_2_1"
"2613","TTCTCTCAGACTTCAC-1_2_1"
"2614","TTCTCTCAGATGTTGA-1_2_1"
"2615","TTCTCTCAGTACGAGC-1_2_1"
"2616","TTCTCTCGTAAGAACT-1_2_1"
"2617","TTCTGTAAGCTCCCTT-1_2_1"
"2618","TTCTGTAGTGATACAA-1_2_1"
"2619","TTCTTCCGTGTGCTTA-1_2_1"
"2620","TTCTTGAAGCGCACAA-1_2_1"
"2621","TTGAACGAGCGTACAG-1_2_1"
"2622","TTGAACGCAGGTTCCG-1_2_1"
"2623","TTGAACGCATACCAGT-1_2_1"
"2624","TTGAACGGTCGTCAGC-1_2_1"
"2625","TTGAACGGTTCTGAGT-1_2_1"
"2626","TTGAACGGTTGGACTT-1_2_1"
"2627","TTGAACGTCAAGTCTG-1_2_1"
"2628","TTGACCCCACGGTGTC-1_2_1"
"2629","TTGACCCCACGTAACT-1_2_1"
"2630","TTGAGTGAGCATATGA-1_2_1"
"2631","TTGAGTGCACCATAAC-1_2_1"
"2632","TTGAGTGTCTGCATGA-1_2_1"
"2633","TTGATGGTCTCGACCT-1_2_1"
"2634","TTGCATTAGTTGCGCC-1_2_1"
"2635","TTGCCTGTCACTTGGA-1_2_1"
"2636","TTGCCTGTCGCCTATC-1_2_1"
"2637","TTGCTGCCATCCTGTC-1_2_1"
"2638","TTGCTGCGTATGCTTG-1_2_1"
"2639","TTGCTGCGTCACATTG-1_2_1"
"2640","TTGCTGCTCCACTTCG-1_2_1"
"2641","TTGGATGCACAGTGAG-1_2_1"
"2642","TTGGATGCACGCTGTG-1_2_1"
"2643","TTGGATGTCCATACTT-1_2_1"
"2644","TTGGATGTCGGCCTTT-1_2_1"
"2645","TTGGGATAGAATCGAT-1_2_1"
"2646","TTGGGATCAGGCTACC-1_2_1"
"2647","TTGGGATGTAGCGTCC-1_2_1"
"2648","TTGGGCGAGAAGGCTC-1_2_1"
"2649","TTGGGCGCACCTGCTT-1_2_1"
"2650","TTGGGCGTCGGACAAG-1_2_1"
"2651","TTGGGTACAAAGGGCT-1_2_1"
"2652","TTGGGTATCGTTACCC-1_2_1"
"2653","TTGGGTATCTGCTTTA-1_2_1"
"2654","TTGGGTATCTTCGATT-1_2_1"
"2655","TTGGTTTGTTCACGAT-1_2_1"
"2656","TTGTGGAAGGTCACTT-1_2_1"
"2657","TTGTGGAAGTCGTCTA-1_2_1"
"2658","TTGTGGATCTAGCATG-1_2_1"
"2659","TTGTTCAAGGTGCTGA-1_2_1"
"2660","TTGTTCACATATCTCT-1_2_1"
"2661","TTGTTCAGTCAAAGTA-1_2_1"
"2662","TTGTTCAGTGAACGGT-1_2_1"
"2663","TTGTTGTAGAAGGCTC-1_2_1"
"2664","TTGTTGTCAAGCCTGC-1_2_1"
"2665","TTGTTGTCATAATGAG-1_2_1"
"2666","TTGTTTGAGTGCACAG-1_2_1"
"2667","TTGTTTGCAGAGTTCT-1_2_1"
"2668","TTGTTTGCAGGGATAC-1_2_1"
"2669","TTGTTTGGTACTAAGA-1_2_1"
"2670","TTTACCAGTCACGCTG-1_2_1"
"2671","TTTACCATCCGTGGTG-1_2_1"
"2672","TTTACGTCAGAGCTAG-1_2_1"
"2673","TTTACGTGTCGTTGGC-1_2_1"
"2674","TTTACTGCACCTTCCA-1_2_1"
"2675","TTTACTGGTGAGTAGC-1_2_1"
"2676","TTTACTGTCGAAATCC-1_2_1"
"2677","TTTAGTCAGAGAATCT-1_2_1"
"2678","TTTAGTCCATCTCGTC-1_2_1"
"2679","TTTAGTCGTCCCTAAA-1_2_1"
"2680","TTTAGTCGTGACACAG-1_2_1"
"2681","TTTAGTCGTGCGTGCT-1_2_1"
"2682","TTTAGTCGTGGCACTC-1_2_1"
"2683","TTTATGCCAGCACAAG-1_2_1"
"2684","TTTATGCTCGTTCCCA-1_2_1"
"2685","TTTCACACATACCATG-1_2_1"
"2686","TTTCAGTAGCTCTATG-1_2_1"
"2687","TTTCAGTCAAATGCTC-1_2_1"
"2688","TTTCAGTTCGCCTTGT-1_2_1"
"2689","TTTCATGCACGAGAAC-1_2_1"
"2690","TTTCCTCAGGCATGCA-1_2_1"
"2691","TTTCCTCCACGCAGTC-1_2_1"
"2692","TTTCGATAGGCTAACG-1_2_1"
"2693","TTTCGATCAGCCCACA-1_2_1"
"2694","TTTCGATGTAGGGAGG-1_2_1"
"2695","TTTCGATGTCAGTTTG-1_2_1"
"2696","TTTGACTAGGACCCAA-1_2_1"
"2697","TTTGACTAGTCTGGTT-1_2_1"
"2698","TTTGACTAGTGTCATC-1_2_1"
"2699","TTTGACTTCTAGACCA-1_2_1"
"2700","TTTGATCAGATTAGAC-1_2_1"
"2701","TTTGATCGTCATCGGC-1_2_1"
"2702","TTTGGAGCAAGCACCC-1_2_1"
"2703","TTTGGAGCAGAATCGG-1_2_1"
"2704","TTTGGAGGTGGCATCC-1_2_1"
"2705","TTTGGAGTCTTTGCAT-1_2_1"
"2706","TTTGTTGCATGACTCA-1_2_1"
"2707","TTTGTTGGTGGACTAG-1_2_1"
