"","x"
"1","AAACCCACAAGCGCTC-1_4_2"
"2","AAACCCAGTCATACCA-1_4_2"
"3","AAACCCAGTTGCTCCT-1_4_2"
"4","AAACCCATCCACGTCT-1_4_2"
"5","AAACGAAAGGCCCGTT-1_4_2"
"6","AAACGAAAGGTGATCG-1_4_2"
"7","AAACGAATCAAATGCC-1_4_2"
"8","AAACGCTGTCTTGAAC-1_4_2"
"9","AAACGCTTCAATGCAC-1_4_2"
"10","AAAGAACGTACCTATG-1_4_2"
"11","AAAGAACTCCGCAGTG-1_4_2"
"12","AAAGGATAGCTGGCCT-1_4_2"
"13","AAAGGATAGGAAGAAC-1_4_2"
"14","AAAGGATGTCGGATTT-1_4_2"
"15","AAAGGATGTTACGATC-1_4_2"
"16","AAAGGATTCCTGTAGA-1_4_2"
"17","AAAGGATTCGCCAACG-1_4_2"
"18","AAAGGATTCTACTCAT-1_4_2"
"19","AAAGGGCAGAGAGGTA-1_4_2"
"20","AAAGGGCAGGTTCATC-1_4_2"
"21","AAAGGGCCAACCGCTG-1_4_2"
"22","AAAGGGCCATAATGAG-1_4_2"
"23","AAAGGGCTCTCGTGAA-1_4_2"
"24","AAAGGTAAGTACCATC-1_4_2"
"25","AAAGGTATCATTACCT-1_4_2"
"26","AAAGTCCAGAGCAGCT-1_4_2"
"27","AAAGTCCCAATGACCT-1_4_2"
"28","AAAGTCCGTACGAGCA-1_4_2"
"29","AAAGTGAAGCATCTTG-1_4_2"
"30","AAAGTGACACACTTAG-1_4_2"
"31","AAAGTGACACCCAATA-1_4_2"
"32","AAAGTGACACCTCTAC-1_4_2"
"33","AAAGTGACAGTAGAGC-1_4_2"
"34","AAAGTGAGTACTCAAC-1_4_2"
"35","AAAGTGAGTGGCTACC-1_4_2"
"36","AAAGTGATCTTGGTGA-1_4_2"
"37","AAATGGATCGTAATGC-1_4_2"
"38","AACAAAGAGACAACAT-1_4_2"
"39","AACAAAGCACTTGTGA-1_4_2"
"40","AACAACCAGTACGAGC-1_4_2"
"41","AACAACCCATGACGAG-1_4_2"
"42","AACAAGAAGCGGTAGT-1_4_2"
"43","AACAAGACATTGAAGA-1_4_2"
"44","AACACACAGACTCAAA-1_4_2"
"45","AACACACAGCACTAAA-1_4_2"
"46","AACACACCAGGTGTTT-1_4_2"
"47","AACACACCATGCACTA-1_4_2"
"48","AACACACTCCTGTAAG-1_4_2"
"49","AACACACTCGCCTCTA-1_4_2"
"50","AACAGGGAGTTGCGAG-1_4_2"
"51","AACAGGGGTATTCTCT-1_4_2"
"52","AACAGGGTCACCCTTG-1_4_2"
"53","AACAGGGTCTGCGGAC-1_4_2"
"54","AACCAACCAAAGAGTT-1_4_2"
"55","AACCAACCAAGAAACT-1_4_2"
"56","AACCAACCACTGTGAT-1_4_2"
"57","AACCACAGTCCTTTGC-1_4_2"
"58","AACCACAGTCGATTTG-1_4_2"
"59","AACCATGGTTCACCGG-1_4_2"
"60","AACCATGTCCAACTGA-1_4_2"
"61","AACCCAAAGACTCTAC-1_4_2"
"62","AACCCAAAGCCTCTCT-1_4_2"
"63","AACCCAACACAAAGCG-1_4_2"
"64","AACCCAACACAAGGTG-1_4_2"
"65","AACCCAACAGCCTTCT-1_4_2"
"66","AACCCAAGTTTCGTGA-1_4_2"
"67","AACCTGAAGAAGAACG-1_4_2"
"68","AACCTGAAGGCGCTCT-1_4_2"
"69","AACCTGAGTGTTAAAG-1_4_2"
"70","AACCTGATCCGCAGTG-1_4_2"
"71","AACCTGATCCGCTAGG-1_4_2"
"72","AACCTGATCCGTGTCT-1_4_2"
"73","AACCTTTAGCTCGAAG-1_4_2"
"74","AACCTTTGTATCACGT-1_4_2"
"75","AACCTTTGTCGTCTCT-1_4_2"
"76","AACCTTTTCACCCTCA-1_4_2"
"77","AACGAAATCCAATGCA-1_4_2"
"78","AACGGGACACTGTCCT-1_4_2"
"79","AACGGGAGTGTATCCA-1_4_2"
"80","AACGGGAGTTTCCAAG-1_4_2"
"81","AACGTCACACCAGTTA-1_4_2"
"82","AACGTCACATCCGATA-1_4_2"
"83","AACGTCAGTATCAGGG-1_4_2"
"84","AACGTCAGTCGGCTAC-1_4_2"
"85","AACGTCAGTCTACAGT-1_4_2"
"86","AACTTCTCATCCGAGC-1_4_2"
"87","AACTTCTGTTGTTGAC-1_4_2"
"88","AACTTCTTCCTTATAC-1_4_2"
"89","AAGAACAAGGAACGCT-1_4_2"
"90","AAGAACAAGTAGAGTT-1_4_2"
"91","AAGAACACAGCATGCC-1_4_2"
"92","AAGACAAAGGACGGAG-1_4_2"
"93","AAGACTCCATAGATGA-1_4_2"
"94","AAGACTCCATGCCGCA-1_4_2"
"95","AAGACTCGTTCGGACC-1_4_2"
"96","AAGACTCTCCTCACTG-1_4_2"
"97","AAGACTCTCTGAGCAT-1_4_2"
"98","AAGATAGAGCATGATA-1_4_2"
"99","AAGATAGCATCTTAGG-1_4_2"
"100","AAGATAGGTCCTCAGG-1_4_2"
"101","AAGCATCAGGAGTATT-1_4_2"
"102","AAGCATCAGGTTTGAA-1_4_2"
"103","AAGCATCAGTTAGTGA-1_4_2"
"104","AAGCATCGTCGAACGA-1_4_2"
"105","AAGCATCTCACAAGAA-1_4_2"
"106","AAGCATCTCATTGGTG-1_4_2"
"107","AAGCCATAGTGGTTGG-1_4_2"
"108","AAGCCATTCGTACCTC-1_4_2"
"109","AAGCCATTCTGGGCCA-1_4_2"
"110","AAGCGAGAGCCACTCG-1_4_2"
"111","AAGCGAGCAGAGTGAC-1_4_2"
"112","AAGCGAGTCGGATACT-1_4_2"
"113","AAGCGTTCATAATCCG-1_4_2"
"114","AAGCGTTCATCCGTGG-1_4_2"
"115","AAGGAATAGCGCACAA-1_4_2"
"116","AAGGAATGTAGTGCGA-1_4_2"
"117","AAGGAATGTCAGGCAA-1_4_2"
"118","AAGGAATTCGTGTGGC-1_4_2"
"119","AAGGTAAAGCTCGAAG-1_4_2"
"120","AAGGTAACATTACGGT-1_4_2"
"121","AAGGTAATCCTCAGAA-1_4_2"
"122","AAGTACCCACGACAAG-1_4_2"
"123","AAGTACCCAGGTCTCG-1_4_2"
"124","AAGTACCCATCACAGT-1_4_2"
"125","AAGTACCCATCAGTGT-1_4_2"
"126","AAGTCGTAGTCGAGGT-1_4_2"
"127","AAGTCGTCAACTTGCA-1_4_2"
"128","AAGTCGTCATTGACTG-1_4_2"
"129","AAGTCGTGTCTAGGTT-1_4_2"
"130","AAGTGAATCACCGGGT-1_4_2"
"131","AATCACGAGGCCATAG-1_4_2"
"132","AATCACGCAATAGAGT-1_4_2"
"133","AATCACGGTAGCGAGT-1_4_2"
"134","AATCGACGTGTGGTCC-1_4_2"
"135","AATCGACGTTACAGCT-1_4_2"
"136","AATCGACTCAACCTCC-1_4_2"
"137","AATCGTGCAGAAATTG-1_4_2"
"138","AATGAAGAGAACAAGG-1_4_2"
"139","AATGAAGGTGTCACAT-1_4_2"
"140","AATGAAGTCAACTACG-1_4_2"
"141","AATGAAGTCTAGCCAA-1_4_2"
"142","AATGACCAGAGAAGGT-1_4_2"
"143","AATGACCCATCGATAC-1_4_2"
"144","AATGACCGTTCGCGTG-1_4_2"
"145","AATGACCTCAGTCATG-1_4_2"
"146","AATGCCACAGGGTTGA-1_4_2"
"147","AATGCCAGTAGTACGG-1_4_2"
"148","AATGCCATCCAAGGGA-1_4_2"
"149","AATGCCATCGCTATTT-1_4_2"
"150","AATGGAAAGACGACGT-1_4_2"
"151","AATGGAAAGGTCATAA-1_4_2"
"152","AATGGAACACGTACAT-1_4_2"
"153","AATGGCTAGGCACTAG-1_4_2"
"154","AATGGCTCAACACAGG-1_4_2"
"155","AATGGCTCATATACCG-1_4_2"
"156","AATGGCTGTGTATCCA-1_4_2"
"157","AATGGCTGTTTAAGGA-1_4_2"
"158","AATTCCTCAGCCGTTG-1_4_2"
"159","AATTTCCAGGCCACTC-1_4_2"
"160","AATTTCCAGGCTAAAT-1_4_2"
"161","AATTTCCTCCGAGTGC-1_4_2"
"162","ACAAAGACATGCGGTC-1_4_2"
"163","ACAAAGATCCTCACCA-1_4_2"
"164","ACAACCAAGGATCACG-1_4_2"
"165","ACAACCATCTTGATTC-1_4_2"
"166","ACAAGCTCAGGAGGTT-1_4_2"
"167","ACAAGCTGTGTTTACG-1_4_2"
"168","ACACAGTGTCAATCTG-1_4_2"
"169","ACACAGTGTCGCGTCA-1_4_2"
"170","ACACAGTGTCGTGATT-1_4_2"
"171","ACACAGTGTCTCACAA-1_4_2"
"172","ACACAGTGTGCATTTG-1_4_2"
"173","ACACAGTTCCGATAAC-1_4_2"
"174","ACACAGTTCTCCTACG-1_4_2"
"175","ACACCAACAGCAGACA-1_4_2"
"176","ACACGCGCAACTCGAT-1_4_2"
"177","ACACTGAAGCGCCATC-1_4_2"
"178","ACACTGAGTCATCCCT-1_4_2"
"179","ACACTGAGTGGCCTCA-1_4_2"
"180","ACACTGAGTTCGTTCC-1_4_2"
"181","ACAGAAACAATGGGTG-1_4_2"
"182","ACAGCCGCAAATGCTC-1_4_2"
"183","ACAGCCGGTGTTTGCA-1_4_2"
"184","ACAGCCGTCCTGCCAT-1_4_2"
"185","ACAGGGAGTGCGTCGT-1_4_2"
"186","ACATCCCGTTCGGTCG-1_4_2"
"187","ACATCCCTCTAGTACG-1_4_2"
"188","ACATCGAAGCTCACTA-1_4_2"
"189","ACATCGAAGTCGCGAA-1_4_2"
"190","ACATCGAAGTGGATAT-1_4_2"
"191","ACATCGACAACAGTGG-1_4_2"
"192","ACATCGAGTCCTATAG-1_4_2"
"193","ACATCGAGTTCTCCTG-1_4_2"
"194","ACATCGATCCCTCTCC-1_4_2"
"195","ACATCGATCTCACGAA-1_4_2"
"196","ACATGCAGTAGACAGC-1_4_2"
"197","ACATGCAGTCAGTTTG-1_4_2"
"198","ACATGCAGTGACAACG-1_4_2"
"199","ACATGCAGTGACACAG-1_4_2"
"200","ACATTTCAGCCTAACT-1_4_2"
"201","ACATTTCAGTCCTGCG-1_4_2"
"202","ACATTTCAGTTAGTGA-1_4_2"
"203","ACATTTCCAAAGGGCT-1_4_2"
"204","ACATTTCCACCTATCC-1_4_2"
"205","ACATTTCGTAACATAG-1_4_2"
"206","ACCAACAAGTGTTCCA-1_4_2"
"207","ACCAACAGTATCGCGC-1_4_2"
"208","ACCAACAGTCTGTCCT-1_4_2"
"209","ACCAACATCAGTGGGA-1_4_2"
"210","ACCACAACACGCTGCA-1_4_2"
"211","ACCACAACAGAATTCC-1_4_2"
"212","ACCACAAGTGCCTGAC-1_4_2"
"213","ACCACAATCGATTCCC-1_4_2"
"214","ACCATTTAGAAGCTGC-1_4_2"
"215","ACCATTTCACGTCGGT-1_4_2"
"216","ACCATTTCATCTAGAC-1_4_2"
"217","ACCATTTCATTAGGCT-1_4_2"
"218","ACCATTTGTAACATAG-1_4_2"
"219","ACCATTTGTATTTCCT-1_4_2"
"220","ACCATTTTCCACTGAA-1_4_2"
"221","ACCATTTTCGAGGCAA-1_4_2"
"222","ACCCAAAGTACTGACT-1_4_2"
"223","ACCCAAATCGCTCTCA-1_4_2"
"224","ACCCTTGAGAATAACC-1_4_2"
"225","ACCCTTGAGAGATTCA-1_4_2"
"226","ACCCTTGAGCTAGAGC-1_4_2"
"227","ACCCTTGAGGATGTTA-1_4_2"
"228","ACCCTTGCACGACAAG-1_4_2"
"229","ACCCTTGGTGGCAACA-1_4_2"
"230","ACCGTTCCAACCACAT-1_4_2"
"231","ACCGTTCGTTAAGCAA-1_4_2"
"232","ACCTACCCACACCGAC-1_4_2"
"233","ACCTACCCATCGGCCA-1_4_2"
"234","ACCTACCCATGACTGT-1_4_2"
"235","ACCTACCGTGCATTTG-1_4_2"
"236","ACCTGAAGTTGTCAGT-1_4_2"
"237","ACCTGAATCCAGCCTT-1_4_2"
"238","ACCTGAATCGCCTTGT-1_4_2"
"239","ACCTGAATCGTGCAGC-1_4_2"
"240","ACCTGTCAGGCGATAC-1_4_2"
"241","ACCTGTCGTCTTTATC-1_4_2"
"242","ACCTGTCGTGGGCTCT-1_4_2"
"243","ACCTGTCTCATACAGC-1_4_2"
"244","ACCTGTCTCGCGGTAC-1_4_2"
"245","ACGATCAAGATTAGAC-1_4_2"
"246","ACGATCAAGCGCCGTT-1_4_2"
"247","ACGATCAAGTCCTGTA-1_4_2"
"248","ACGATGTAGCACCGTC-1_4_2"
"249","ACGATGTCAACCTATG-1_4_2"
"250","ACGCACGAGCCACTCG-1_4_2"
"251","ACGCACGCAGCAATTC-1_4_2"
"252","ACGCACGGTGAGATAT-1_4_2"
"253","ACGCACGTCAGACCGC-1_4_2"
"254","ACGGAAGAGCCACTCG-1_4_2"
"255","ACGGAAGCAACATACC-1_4_2"
"256","ACGGAAGCACTTGGGC-1_4_2"
"257","ACGGAAGGTGAATTAG-1_4_2"
"258","ACGGTCGAGAGCATAT-1_4_2"
"259","ACGGTTAAGACAGTCG-1_4_2"
"260","ACGGTTAAGCGTACAG-1_4_2"
"261","ACGGTTAGTCAGTCCG-1_4_2"
"262","ACGTAACCATCCCGTT-1_4_2"
"263","ACGTAACTCGATTCCC-1_4_2"
"264","ACGTAACTCTCTATGT-1_4_2"
"265","ACGTACAAGTCTGCAT-1_4_2"
"266","ACGTACACACTAGGCC-1_4_2"
"267","ACGTACACAGTCGCTG-1_4_2"
"268","ACGTACACATCGCTGG-1_4_2"
"269","ACGTACACATCTGGGC-1_4_2"
"270","ACGTACAGTCACCGCA-1_4_2"
"271","ACGTACAGTGCGTGCT-1_4_2"
"272","ACGTACATCTACACAG-1_4_2"
"273","ACGTAGTAGTATGTAG-1_4_2"
"274","ACGTCCTGTAACTGCT-1_4_2"
"275","ACGTTCCGTCATATGC-1_4_2"
"276","ACGTTCCTCGCCGTGA-1_4_2"
"277","ACTACGACATCATCCC-1_4_2"
"278","ACTATGGAGCTGAAGC-1_4_2"
"279","ACTATGGAGCTGGCCT-1_4_2"
"280","ACTATGGCAATTGAAG-1_4_2"
"281","ACTATGGGTCCGAAAG-1_4_2"
"282","ACTATGGTCACGGGCT-1_4_2"
"283","ACTATGGTCTGGTGCG-1_4_2"
"284","ACTCTCGAGAGCTTTC-1_4_2"
"285","ACTCTCGTCTTCCCGA-1_4_2"
"286","ACTGATGCAGCGTTGC-1_4_2"
"287","ACTGCAAAGAGTGTGC-1_4_2"
"288","ACTGCAACAAGGTACG-1_4_2"
"289","ACTGCAACATAATGAG-1_4_2"
"290","ACTGCAATCCGAAGGA-1_4_2"
"291","ACTGCAATCTCCTGAC-1_4_2"
"292","ACTGTCCAGCCGTTAT-1_4_2"
"293","ACTGTCCGTAGCTTGT-1_4_2"
"294","ACTGTCCGTCGCTTAA-1_4_2"
"295","ACTGTCCGTTAGGAGC-1_4_2"
"296","ACTTAGGAGCTGCGAA-1_4_2"
"297","ACTTAGGAGGTTGTTC-1_4_2"
"298","ACTTAGGCAAGGGCAT-1_4_2"
"299","ACTTATCGTATCATGC-1_4_2"
"300","ACTTATCTCCTCGCAT-1_4_2"
"301","ACTTATCTCTTGCAGA-1_4_2"
"302","ACTTCCGAGCTCATAC-1_4_2"
"303","ACTTCCGCAGTTTCAG-1_4_2"
"304","ACTTCGCTCCGATCTC-1_4_2"
"305","ACTTCGCTCGAGAAGC-1_4_2"
"306","ACTTCGCTCTGATTCT-1_4_2"
"307","ACTTCGCTCTTCTCAA-1_4_2"
"308","ACTTTCACAGTGGCTC-1_4_2"
"309","ACTTTCAGTCCCTGAG-1_4_2"
"310","ACTTTCATCACCGCTT-1_4_2"
"311","ACTTTCATCACTCTTA-1_4_2"
"312","AGAAATGGTTGTGTTG-1_4_2"
"313","AGAAATGTCAGAGCGA-1_4_2"
"314","AGAAATGTCAGGTAAA-1_4_2"
"315","AGAACAAGTAGCGTAG-1_4_2"
"316","AGAACAATCGATTGAC-1_4_2"
"317","AGAACCTAGCATACTC-1_4_2"
"318","AGAACCTAGGGAGAAT-1_4_2"
"319","AGAACCTAGTGGCAGT-1_4_2"
"320","AGAACCTCACATTACG-1_4_2"
"321","AGAAGCGCACTCCTTG-1_4_2"
"322","AGAAGTAGTAGTGGCA-1_4_2"
"323","AGACACTCAAGGGTCA-1_4_2"
"324","AGACACTCAGGAAGTC-1_4_2"
"325","AGACACTGTGTACAGG-1_4_2"
"326","AGACACTGTTGTTGCA-1_4_2"
"327","AGACACTTCACGATCA-1_4_2"
"328","AGACAGGCAAGCTGTT-1_4_2"
"329","AGACAGGTCCAGGACC-1_4_2"
"330","AGACAGGTCGTAGTCA-1_4_2"
"331","AGACCATAGCAAATCA-1_4_2"
"332","AGACCATGTAGTCACT-1_4_2"
"333","AGACCATGTTGTTTGG-1_4_2"
"334","AGACCATTCGAGAATA-1_4_2"
"335","AGACCCGAGCCTCTGG-1_4_2"
"336","AGACCCGAGGAGCTGT-1_4_2"
"337","AGACCCGAGGAGGTTC-1_4_2"
"338","AGAGAATGTGTATTCG-1_4_2"
"339","AGAGAATGTTAAGAAC-1_4_2"
"340","AGAGAATGTTGCATGT-1_4_2"
"341","AGAGAGCCAAACACCT-1_4_2"
"342","AGAGAGCCAATGGCCC-1_4_2"
"343","AGAGAGCCACTGCGAC-1_4_2"
"344","AGAGAGCGTCTACTGA-1_4_2"
"345","AGAGAGCTCATTTGGG-1_4_2"
"346","AGAGCAGCACGTACAT-1_4_2"
"347","AGAGCAGCAGGTTCCG-1_4_2"
"348","AGAGCAGTCAGCGTCG-1_4_2"
"349","AGAGCAGTCGACATTG-1_4_2"
"350","AGAGCCCAGAAACTGT-1_4_2"
"351","AGAGCCCCAGCATGCC-1_4_2"
"352","AGAGCCCGTACTAACC-1_4_2"
"353","AGATAGAAGGTACAGC-1_4_2"
"354","AGATAGACAGCGAGTA-1_4_2"
"355","AGATAGACATGTAACC-1_4_2"
"356","AGATAGAGTAAGGCCA-1_4_2"
"357","AGATAGAGTGATTGGG-1_4_2"
"358","AGATAGATCCGTATAG-1_4_2"
"359","AGATCCAAGAATCGCG-1_4_2"
"360","AGATCCAAGGATTTGA-1_4_2"
"361","AGATCCAGTAATTGGA-1_4_2"
"362","AGATCCATCGTACACA-1_4_2"
"363","AGATCCATCTTCCTAA-1_4_2"
"364","AGATCGTAGCAGTAAT-1_4_2"
"365","AGATCGTAGCCTGCCA-1_4_2"
"366","AGATCGTCAGCATGCC-1_4_2"
"367","AGATCGTGTCTCGGAC-1_4_2"
"368","AGATCGTTCATCACTT-1_4_2"
"369","AGATCGTTCCTCAGGG-1_4_2"
"370","AGATCGTTCCTCTTTC-1_4_2"
"371","AGATGAATCCGTCCTA-1_4_2"
"372","AGATGCTCAAGCTGTT-1_4_2"
"373","AGATGCTCAAGGACAC-1_4_2"
"374","AGATGCTCAAGGAGTC-1_4_2"
"375","AGATGCTCACATTACG-1_4_2"
"376","AGATGCTGTACTGTTG-1_4_2"
"377","AGATGCTGTATATGGA-1_4_2"
"378","AGATGCTGTGACTGAG-1_4_2"
"379","AGATGCTTCGTTGTTT-1_4_2"
"380","AGATGCTTCTCGGGAC-1_4_2"
"381","AGCATCACAGCAATTC-1_4_2"
"382","AGCCAGCGTTAGAAAC-1_4_2"
"383","AGCCAGCTCTCATTAC-1_4_2"
"384","AGCGATTCAAGGAGTC-1_4_2"
"385","AGCGATTGTGCGGCTT-1_4_2"
"386","AGCGATTTCCAAGCCG-1_4_2"
"387","AGCGATTTCCAGTTCC-1_4_2"
"388","AGCGCCATCATTGCTT-1_4_2"
"389","AGCGCCATCCGTGGTG-1_4_2"
"390","AGCGTATCACTACCCT-1_4_2"
"391","AGCGTCGAGGTGGGTT-1_4_2"
"392","AGCGTCGGTGGTCAAG-1_4_2"
"393","AGCTCAAAGTGGAAAG-1_4_2"
"394","AGCTCAATCAGAATAG-1_4_2"
"395","AGCTTCCCAAAGAACT-1_4_2"
"396","AGGAAATGTACTAGCT-1_4_2"
"397","AGGAAATGTCGTGATT-1_4_2"
"398","AGGAAATGTGATCGTT-1_4_2"
"399","AGGAAATGTTCTCTCG-1_4_2"
"400","AGGAAATTCACTACGA-1_4_2"
"401","AGGAATAAGATTAGTG-1_4_2"
"402","AGGAATAGTCGTATTG-1_4_2"
"403","AGGAATATCAAACCTG-1_4_2"
"404","AGGAATATCGGATTAC-1_4_2"
"405","AGGACGACATCGTCCT-1_4_2"
"406","AGGACGAGTAAGATAC-1_4_2"
"407","AGGACGATCACTTATC-1_4_2"
"408","AGGACGATCCCATTTA-1_4_2"
"409","AGGACTTAGAAGCTCG-1_4_2"
"410","AGGACTTAGTCAGAGC-1_4_2"
"411","AGGACTTCAGGAGGTT-1_4_2"
"412","AGGACTTGTTCGAAGG-1_4_2"
"413","AGGACTTTCTGCTTTA-1_4_2"
"414","AGGAGGTAGACTCTTG-1_4_2"
"415","AGGAGGTAGCGTATGG-1_4_2"
"416","AGGAGGTCACCGTGGT-1_4_2"
"417","AGGAGGTGTCCAGGTC-1_4_2"
"418","AGGAGGTGTCCTCCAT-1_4_2"
"419","AGGATAACAAGTCCAT-1_4_2"
"420","AGGATAACAGCGACAA-1_4_2"
"421","AGGATAAGTCCACTCT-1_4_2"
"422","AGGATCTGTTGTACGT-1_4_2"
"423","AGGCATTAGTCGCCCA-1_4_2"
"424","AGGCATTCATCACGGC-1_4_2"
"425","AGGCATTGTCCAAGAG-1_4_2"
"426","AGGCCACAGACTCTTG-1_4_2"
"427","AGGCCACAGGTAGTCG-1_4_2"
"428","AGGCCACAGTGCTCGC-1_4_2"
"429","AGGCCACCAAAGGCGT-1_4_2"
"430","AGGCCACCACCACTGG-1_4_2"
"431","AGGCCACCATTGCTTT-1_4_2"
"432","AGGCCACGTGGGAGAG-1_4_2"
"433","AGGCTGCAGTCTCTGA-1_4_2"
"434","AGGCTGCCAGTCACGC-1_4_2"
"435","AGGGAGTAGCGTGAAC-1_4_2"
"436","AGGGCCTAGAAACCCG-1_4_2"
"437","AGGGCCTAGGTTCACT-1_4_2"
"438","AGGGCCTCATACTGTG-1_4_2"
"439","AGGGCCTGTCTAGATC-1_4_2"
"440","AGGGCCTGTTGGACCC-1_4_2"
"441","AGGGCTCAGATAGCAT-1_4_2"
"442","AGGGCTCTCCATCCGT-1_4_2"
"443","AGGGTCCCACCAAAGG-1_4_2"
"444","AGGGTCCTCCTTGAAG-1_4_2"
"445","AGGGTCCTCTGGGCAC-1_4_2"
"446","AGGGTGAAGTGGACGT-1_4_2"
"447","AGGGTGAAGTTCTACG-1_4_2"
"448","AGGGTGACATCCGAAT-1_4_2"
"449","AGGGTGACATTCTCCG-1_4_2"
"450","AGGGTTTTCGGAGTGA-1_4_2"
"451","AGGTAGGAGTCACAGG-1_4_2"
"452","AGGTAGGTCCTCTTTC-1_4_2"
"453","AGGTAGGTCGAACTCA-1_4_2"
"454","AGGTCATGTGCAATAA-1_4_2"
"455","AGGTCATGTGTACATC-1_4_2"
"456","AGGTCATTCTGAACGT-1_4_2"
"457","AGGTCTAAGCTCGTGC-1_4_2"
"458","AGGTGTTAGTGGTGAC-1_4_2"
"459","AGGTGTTCATGTCAGT-1_4_2"
"460","AGGTGTTGTCTCAGAT-1_4_2"
"461","AGGTTACAGAGAGGGC-1_4_2"
"462","AGGTTACGTCCTTAAG-1_4_2"
"463","AGGTTGTGTATCACCA-1_4_2"
"464","AGTAACCAGATTGATG-1_4_2"
"465","AGTAACCAGTATGGCG-1_4_2"
"466","AGTAACCCAAGATGGC-1_4_2"
"467","AGTACCAAGGCATGGT-1_4_2"
"468","AGTACCACATGATAGA-1_4_2"
"469","AGTACCATCACCCTCA-1_4_2"
"470","AGTACCATCTACCTTA-1_4_2"
"471","AGTACTGAGCATTGAA-1_4_2"
"472","AGTAGCTGTGCTCTCT-1_4_2"
"473","AGTAGTCCACCATAAC-1_4_2"
"474","AGTAGTCCAGGTCAGA-1_4_2"
"475","AGTAGTCTCCGCGATG-1_4_2"
"476","AGTCAACTCCAACTGA-1_4_2"
"477","AGTCAACTCGAGCCAC-1_4_2"
"478","AGTCAACTCTTAGTTC-1_4_2"
"479","AGTCACAAGCTTACGT-1_4_2"
"480","AGTCACACACACACGC-1_4_2"
"481","AGTCACACAGAGTTGG-1_4_2"
"482","AGTCACAGTACCAATC-1_4_2"
"483","AGTCACATCCAAGGGA-1_4_2"
"484","AGTCACATCCGATTAG-1_4_2"
"485","AGTCACATCCTGTAAG-1_4_2"
"486","AGTCATGAGACCCGCT-1_4_2"
"487","AGTCATGAGATAGTCA-1_4_2"
"488","AGTCATGCACTGCGAC-1_4_2"
"489","AGTCATGCATCGAAGG-1_4_2"
"490","AGTCTCCTCATCAGTG-1_4_2"
"491","AGTCTCCTCCATTGGA-1_4_2"
"492","AGTGACTAGCAATTCC-1_4_2"
"493","AGTGACTAGTATCTGC-1_4_2"
"494","AGTGACTCAGCGGTTC-1_4_2"
"495","AGTGACTTCAAAGGTA-1_4_2"
"496","AGTGACTTCTACCACC-1_4_2"
"497","AGTGATCTCCGCATAA-1_4_2"
"498","AGTGCCGAGCGACAGT-1_4_2"
"499","AGTGTTGCACAACCGC-1_4_2"
"500","AGTGTTGTCCATCTGC-1_4_2"
"501","AGTTAGCAGACCTGGA-1_4_2"
"502","AGTTCCCCAAGAGATT-1_4_2"
"503","AGTTCGAAGCAGTAAT-1_4_2"
"504","AGTTCGACATGTCGTA-1_4_2"
"505","AGTTCGATCGCGATCG-1_4_2"
"506","ATACCGAAGAGTTGCG-1_4_2"
"507","ATACCGAAGGTACTGG-1_4_2"
"508","ATACCGACAACACGAG-1_4_2"
"509","ATACCTTGTGACAACG-1_4_2"
"510","ATACTTCAGACGATAT-1_4_2"
"511","ATACTTCAGATACTGA-1_4_2"
"512","ATACTTCCACTGGACC-1_4_2"
"513","ATACTTCCACTTCTCG-1_4_2"
"514","ATACTTCTCCCTCGAT-1_4_2"
"515","ATACTTCTCGACCATA-1_4_2"
"516","ATAGACCGTTATAGCC-1_4_2"
"517","ATAGACCTCTTGCAAG-1_4_2"
"518","ATAGACCTCTTTACAC-1_4_2"
"519","ATAGAGAAGCACTCTA-1_4_2"
"520","ATAGAGACACTTCCTG-1_4_2"
"521","ATAGAGACAGAAATCA-1_4_2"
"522","ATAGAGACATCGCTGG-1_4_2"
"523","ATAGAGAGTATGGAAT-1_4_2"
"524","ATAGGCTAGTAGCAAT-1_4_2"
"525","ATAGGCTCATTGTCGA-1_4_2"
"526","ATAGGCTTCATCTATC-1_4_2"
"527","ATATCCTAGACAGCGT-1_4_2"
"528","ATATCCTCATACCACA-1_4_2"
"529","ATATCCTCATTCGATG-1_4_2"
"530","ATCACAGAGCTCGGCT-1_4_2"
"531","ATCACAGGTCTACAGT-1_4_2"
"532","ATCACGAAGACAACTA-1_4_2"
"533","ATCACGAAGTAGCCAG-1_4_2"
"534","ATCACGACACCCAATA-1_4_2"
"535","ATCACGATCACCCTTG-1_4_2"
"536","ATCACTTAGAAACCAT-1_4_2"
"537","ATCACTTAGCTCCACG-1_4_2"
"538","ATCACTTAGTAGAGTT-1_4_2"
"539","ATCACTTAGTTGTCAC-1_4_2"
"540","ATCAGGTTCTCGCCTA-1_4_2"
"541","ATCATTCAGAGTACCG-1_4_2"
"542","ATCATTCCATAGGCGA-1_4_2"
"543","ATCATTCGTAGAATGT-1_4_2"
"544","ATCATTCTCATTACGG-1_4_2"
"545","ATCCACCCAATTCTTC-1_4_2"
"546","ATCCACCGTGGATACG-1_4_2"
"547","ATCCACCGTGGTCTAT-1_4_2"
"548","ATCCACCTCCCAAGCG-1_4_2"
"549","ATCCACCTCTACGGGC-1_4_2"
"550","ATCCATTCAGACGCTC-1_4_2"
"551","ATCCATTCAGGATGAC-1_4_2"
"552","ATCCATTGTACATTGC-1_4_2"
"553","ATCCATTGTACTGGGA-1_4_2"
"554","ATCCATTTCAGCTGTA-1_4_2"
"555","ATCCCTGAGGATATGT-1_4_2"
"556","ATCCCTGCATTGACAC-1_4_2"
"557","ATCCCTGGTGAGTTGG-1_4_2"
"558","ATCCGTCTCATTTCGT-1_4_2"
"559","ATCCGTCTCGAGCACC-1_4_2"
"560","ATCCTATCAGTTACCA-1_4_2"
"561","ATCCTATGTAAGATTG-1_4_2"
"562","ATCCTATTCGACATTG-1_4_2"
"563","ATCCTATTCGGTGCAC-1_4_2"
"564","ATCGATGAGCACTCGC-1_4_2"
"565","ATCGATGAGCTGAGCA-1_4_2"
"566","ATCGATGAGGACAACC-1_4_2"
"567","ATCGATGGTCATACCA-1_4_2"
"568","ATCGATGGTCCAGGTC-1_4_2"
"569","ATCGATGTCTTGCAAG-1_4_2"
"570","ATCGCCTCACGGATCC-1_4_2"
"571","ATCGCCTGTGAAAGTT-1_4_2"
"572","ATCGGATAGGTAAGTT-1_4_2"
"573","ATCGGATAGGTCGTCC-1_4_2"
"574","ATCGGATCAAATCGTC-1_4_2"
"575","ATCGGATGTACAACGG-1_4_2"
"576","ATCGGATGTGATGAAT-1_4_2"
"577","ATCGGCGAGACTCTTG-1_4_2"
"578","ATCGGCGCAAAGGGCT-1_4_2"
"579","ATCGGCGCAATAACGA-1_4_2"
"580","ATCGGCGGTCCAGTTA-1_4_2"
"581","ATCGTAGAGATGTTGA-1_4_2"
"582","ATCGTAGAGCGCCATC-1_4_2"
"583","ATCGTAGCACCGTCTT-1_4_2"
"584","ATCGTCCAGCGACCCT-1_4_2"
"585","ATCGTCCCACCAGACC-1_4_2"
"586","ATCGTCCCAGCACCCA-1_4_2"
"587","ATCGTCCGTATTCTCT-1_4_2"
"588","ATCGTCCGTTCGGACC-1_4_2"
"589","ATCGTCCTCCGCACGA-1_4_2"
"590","ATCGTGAGTAGAAACT-1_4_2"
"591","ATCGTGAGTGTTACTG-1_4_2"
"592","ATCTCTAAGTCTGGTT-1_4_2"
"593","ATCTCTACACAGCTGC-1_4_2"
"594","ATCTCTATCACTTGTT-1_4_2"
"595","ATCTCTATCTAGAGCT-1_4_2"
"596","ATCTTCAAGATAGTGT-1_4_2"
"597","ATCTTCAAGTGTACAA-1_4_2"
"598","ATCTTCACACTGGCGT-1_4_2"
"599","ATCTTCACAGTCTTCC-1_4_2"
"600","ATCTTCACATACTGTG-1_4_2"
"601","ATCTTCACATCGGTTA-1_4_2"
"602","ATGAAAGAGTCCGTCG-1_4_2"
"603","ATGAAAGCAGTTAGGG-1_4_2"
"604","ATGAAAGCATAAGCGG-1_4_2"
"605","ATGAAAGTCGGCTGGT-1_4_2"
"606","ATGACCACACCAGCCA-1_4_2"
"607","ATGACCAGTTGGCCTG-1_4_2"
"608","ATGAGGGAGGCCTAGA-1_4_2"
"609","ATGAGGGAGTAACCGG-1_4_2"
"610","ATGAGGGTCCCTCATG-1_4_2"
"611","ATGAGTCCACCCTCTA-1_4_2"
"612","ATGAGTCCAGGGACTA-1_4_2"
"613","ATGAGTCGTAAGATCA-1_4_2"
"614","ATGAGTCGTCTTTATC-1_4_2"
"615","ATGATCGAGGAGAGTA-1_4_2"
"616","ATGATCGCACAAAGCG-1_4_2"
"617","ATGATCGCAGGTGACA-1_4_2"
"618","ATGCATGCAGTGTGCC-1_4_2"
"619","ATGCATGCATTCACAG-1_4_2"
"620","ATGCATGGTTCAGCTA-1_4_2"
"621","ATGCATGTCGTACACA-1_4_2"
"622","ATGCCTCCAGATTTCG-1_4_2"
"623","ATGCGATAGAACCGCA-1_4_2"
"624","ATGCGATAGCAAGCCA-1_4_2"
"625","ATGCGATCAGAGTTGG-1_4_2"
"626","ATGGAGGGTTCTCCTG-1_4_2"
"627","ATGGAGGTCTAAACGC-1_4_2"
"628","ATGGATCGTATGTCTG-1_4_2"
"629","ATGGATCTCGGCCTTT-1_4_2"
"630","ATGGGAGCAGCATACT-1_4_2"
"631","ATGGGAGGTTGTACGT-1_4_2"
"632","ATGGGTTCACCCAATA-1_4_2"
"633","ATGGGTTGTGCCAAGA-1_4_2"
"634","ATGGGTTTCGTTAGTG-1_4_2"
"635","ATGGTTGCAAGTAGTA-1_4_2"
"636","ATGGTTGGTCCTGAAT-1_4_2"
"637","ATGGTTGGTTCTTCAT-1_4_2"
"638","ATGTCCCAGGGCAAGG-1_4_2"
"639","ATGTCCCCAAGGCAAC-1_4_2"
"640","ATGTCCCCACCGCTGA-1_4_2"
"641","ATGTCCCCATGAAGCG-1_4_2"
"642","ATGTCCCGTGAGTCAG-1_4_2"
"643","ATGTCTTGTTGGGATG-1_4_2"
"644","ATTACCTCAACTTGCA-1_4_2"
"645","ATTACCTGTCAAAGCG-1_4_2"
"646","ATTACCTTCGTCTCAC-1_4_2"
"647","ATTACTCAGCGTACAG-1_4_2"
"648","ATTACTCTCCAGCCTT-1_4_2"
"649","ATTATCCAGTTCGCAT-1_4_2"
"650","ATTATCCCATCGTGCG-1_4_2"
"651","ATTCACTAGTGGTCAG-1_4_2"
"652","ATTCACTAGTTGCATC-1_4_2"
"653","ATTCACTCAGGCTACC-1_4_2"
"654","ATTCACTGTATGCTTG-1_4_2"
"655","ATTCACTGTTTGGGTT-1_4_2"
"656","ATTCAGGAGGGTATAT-1_4_2"
"657","ATTCAGGCACTGAGTT-1_4_2"
"658","ATTCAGGGTATATGGA-1_4_2"
"659","ATTCATCAGAGATTCA-1_4_2"
"660","ATTCATCCAAAGCACG-1_4_2"
"661","ATTCATCTCAAACCCA-1_4_2"
"662","ATTCATCTCGCTGATA-1_4_2"
"663","ATTCCATAGGATATAC-1_4_2"
"664","ATTCCATAGGGCAAGG-1_4_2"
"665","ATTCCATTCGCATGAT-1_4_2"
"666","ATTCCCGAGTACAGAT-1_4_2"
"667","ATTCCCGCACCAATTG-1_4_2"
"668","ATTCCCGTCTCACTCG-1_4_2"
"669","ATTCCTAAGACATATG-1_4_2"
"670","ATTCCTAAGTGCAACG-1_4_2"
"671","ATTCCTATCTTGGCTC-1_4_2"
"672","ATTCTACCATAATGAG-1_4_2"
"673","ATTCTACTCAACACGT-1_4_2"
"674","ATTCTACTCGAGAAAT-1_4_2"
"675","ATTCTTGCAGTTGCGC-1_4_2"
"676","ATTCTTGTCAAGTTGC-1_4_2"
"677","ATTGGGTCAGTAGAAT-1_4_2"
"678","ATTGGGTCATCATTGG-1_4_2"
"679","ATTGGGTCATTGAAGA-1_4_2"
"680","ATTGGGTTCCGCAACG-1_4_2"
"681","ATTGGGTTCTAAGAAG-1_4_2"
"682","ATTGTTCAGGTCGCCT-1_4_2"
"683","ATTGTTCCAAGTGGCA-1_4_2"
"684","ATTGTTCGTAGATTGA-1_4_2"
"685","ATTGTTCGTTGCTAGT-1_4_2"
"686","ATTGTTCTCTGGAGAG-1_4_2"
"687","ATTTACCCAAATCGTC-1_4_2"
"688","ATTTACCGTACAAACA-1_4_2"
"689","ATTTACCGTGGCTGCT-1_4_2"
"690","ATTTACCTCACTTGGA-1_4_2"
"691","ATTTCACAGCGTGCTC-1_4_2"
"692","ATTTCACGTACCAGAG-1_4_2"
"693","ATTTCACTCCTGTTGC-1_4_2"
"694","ATTTCTGCACAAAGTA-1_4_2"
"695","ATTTCTGCACTGGAAG-1_4_2"
"696","ATTTCTGCATCATGAC-1_4_2"
"697","ATTTCTGGTACATACC-1_4_2"
"698","ATTTCTGTCCAACACA-1_4_2"
"699","CAAAGAACAGGTCAAG-1_4_2"
"700","CAACCAAAGTGCAAAT-1_4_2"
"701","CAACCAACAGCTGTGC-1_4_2"
"702","CAACCAATCGTTCCTG-1_4_2"
"703","CAACCTCAGTTGCTCA-1_4_2"
"704","CAACCTCGTGTTACTG-1_4_2"
"705","CAACCTCTCGTTATCT-1_4_2"
"706","CAACGATAGATACGAT-1_4_2"
"707","CAACGATGTAGATGTA-1_4_2"
"708","CAACGATGTGGAGAAA-1_4_2"
"709","CAACGATTCATCGGGC-1_4_2"
"710","CAACGGCAGCTGAAAT-1_4_2"
"711","CAACGGCAGTCGGGAT-1_4_2"
"712","CAACGGCCATCAGTCA-1_4_2"
"713","CAACGGCGTGGCTGCT-1_4_2"
"714","CAACGGCGTTCACCGG-1_4_2"
"715","CAACGGCTCAAGGAGC-1_4_2"
"716","CAAGACTCAGAAGTTA-1_4_2"
"717","CAAGACTTCCCGTAAA-1_4_2"
"718","CAAGAGGCAAACTCTG-1_4_2"
"719","CAAGAGGCAATGCTCA-1_4_2"
"720","CAAGAGGCATGGTACT-1_4_2"
"721","CAAGAGGGTATGCGGA-1_4_2"
"722","CAAGAGGTCCTTCAGC-1_4_2"
"723","CAAGCTAAGGTACAGC-1_4_2"
"724","CAAGCTACAGCAGTTT-1_4_2"
"725","CAAGCTAGTTCACGAT-1_4_2"
"726","CAAGCTATCCAAGCAT-1_4_2"
"727","CAAGGGAAGAATTGTG-1_4_2"
"728","CAAGGGAAGACCGCCT-1_4_2"
"729","CAAGGGAAGTTGGCGA-1_4_2"
"730","CAATACGAGGAACGAA-1_4_2"
"731","CAATACGGTAGGACTG-1_4_2"
"732","CAATACGTCACATACG-1_4_2"
"733","CAATCGAAGGATTTAG-1_4_2"
"734","CAATCGATCAGCCTTC-1_4_2"
"735","CAATCGATCCCAGTGG-1_4_2"
"736","CAATGACCAAACTAGA-1_4_2"
"737","CAATGACCAACGACTT-1_4_2"
"738","CAATGACTCCTCTCTT-1_4_2"
"739","CAATTTCCAATGGGTG-1_4_2"
"740","CAATTTCCATGAATCC-1_4_2"
"741","CAATTTCGTTGCTAGT-1_4_2"
"742","CACAACAAGAGTGACC-1_4_2"
"743","CACAACAGTGAACGGT-1_4_2"
"744","CACAACATCACCGACG-1_4_2"
"745","CACACAACACGGCACT-1_4_2"
"746","CACACAACAGAATTCC-1_4_2"
"747","CACACAAGTACTAACC-1_4_2"
"748","CACACAAGTCGCTCGA-1_4_2"
"749","CACACAATCCGTGGGT-1_4_2"
"750","CACACAATCCTACAAG-1_4_2"
"751","CACACAATCGCAAGAG-1_4_2"
"752","CACAGATAGGAACGAA-1_4_2"
"753","CACAGGCAGAGTTGTA-1_4_2"
"754","CACAGGCTCGAGCCTG-1_4_2"
"755","CACATGAAGCTCCCTT-1_4_2"
"756","CACATGAAGGATCATA-1_4_2"
"757","CACATGACAAGGCGTA-1_4_2"
"758","CACATGACACTCCTGT-1_4_2"
"759","CACATGAGTACAAGTA-1_4_2"
"760","CACATGATCCACTAGA-1_4_2"
"761","CACATGATCTGGACCG-1_4_2"
"762","CACGAATAGGGTCTTT-1_4_2"
"763","CACGGGTAGTAGTCAA-1_4_2"
"764","CACGGGTGTAGAAACT-1_4_2"
"765","CACGGGTGTAGTCCTA-1_4_2"
"766","CACGGGTGTGGCTTAT-1_4_2"
"767","CACGGGTTCCTAGAGT-1_4_2"
"768","CACGGGTTCGAGCCAC-1_4_2"
"769","CACGTGGGTATCGTGT-1_4_2"
"770","CACGTGGTCTACCTTA-1_4_2"
"771","CACGTTCAGCAGAAAG-1_4_2"
"772","CACGTTCAGGTGGTTG-1_4_2"
"773","CACGTTCAGTGTAGTA-1_4_2"
"774","CACGTTCGTTGGATCT-1_4_2"
"775","CACTAAGAGGATCACG-1_4_2"
"776","CACTAAGCAAACCGGA-1_4_2"
"777","CACTAAGCACGGCCAT-1_4_2"
"778","CACTAAGGTACCCGAC-1_4_2"
"779","CACTGAAGTTAGGGTG-1_4_2"
"780","CACTGGGAGCGAAACC-1_4_2"
"781","CACTGGGCAAATGCTC-1_4_2"
"782","CACTGGGCAATACCTG-1_4_2"
"783","CACTGGGCATCGATCA-1_4_2"
"784","CACTGTCGTCCGTACG-1_4_2"
"785","CACTTCGTCATGCGGC-1_4_2"
"786","CACTTCGTCCACGAAT-1_4_2"
"787","CAGAGCCAGGATACAT-1_4_2"
"788","CAGAGCCCAATCCAGT-1_4_2"
"789","CAGAGCCGTTGCCATA-1_4_2"
"790","CAGAGCCTCACCCATC-1_4_2"
"791","CAGATACAGATGGCAC-1_4_2"
"792","CAGATACAGGTGCCAA-1_4_2"
"793","CAGATCAAGCTGTTAC-1_4_2"
"794","CAGATCAAGGTACATA-1_4_2"
"795","CAGATCAGTCTTCTAT-1_4_2"
"796","CAGATCAGTGCCGGTT-1_4_2"
"797","CAGATTGAGATTGAGT-1_4_2"
"798","CAGATTGCAACGCCCA-1_4_2"
"799","CAGATTGCAAGCAATA-1_4_2"
"800","CAGATTGCACGCAGTC-1_4_2"
"801","CAGATTGGTTGGGACA-1_4_2"
"802","CAGCAATTCACCCATC-1_4_2"
"803","CAGCACGAGTGGAATT-1_4_2"
"804","CAGCACGAGTTCCAGT-1_4_2"
"805","CAGCACGAGTTGGCTT-1_4_2"
"806","CAGCACGCACGCTTAA-1_4_2"
"807","CAGCACGGTCTCTCTG-1_4_2"
"808","CAGCACGGTGACTGAG-1_4_2"
"809","CAGCACGGTGTGGTCC-1_4_2"
"810","CAGCAGCCACTGGAAG-1_4_2"
"811","CAGCAGCCAGCTGAAG-1_4_2"
"812","CAGCAGCTCAGACCGC-1_4_2"
"813","CAGCCAGAGCAAGGAA-1_4_2"
"814","CAGCCAGCAACATACC-1_4_2"
"815","CAGCCAGCACGAGGTA-1_4_2"
"816","CAGCCAGCAGGGATAC-1_4_2"
"817","CAGCCAGGTGTCACAT-1_4_2"
"818","CAGCCAGTCATGGCCG-1_4_2"
"819","CAGCCAGTCCGACATA-1_4_2"
"820","CAGCCAGTCGCATGAT-1_4_2"
"821","CAGCGTGGTAGTTCCA-1_4_2"
"822","CAGGCCAGTGGATCAG-1_4_2"
"823","CAGGCCAGTGTGGACA-1_4_2"
"824","CAGGGCTAGAAGCGCT-1_4_2"
"825","CAGGGCTAGCCAGACA-1_4_2"
"826","CAGGGCTCAGAGGGTT-1_4_2"
"827","CAGGGCTGTGGGTATG-1_4_2"
"828","CAGGGCTTCCTGGGTG-1_4_2"
"829","CAGGTATAGCAGTACG-1_4_2"
"830","CAGGTATGTCACGACC-1_4_2"
"831","CAGGTATGTGCTCGTG-1_4_2"
"832","CAGGTATTCAGCTGTA-1_4_2"
"833","CAGTGCGGTGAGTTTC-1_4_2"
"834","CAGTGCGTCCGTTGAA-1_4_2"
"835","CAGTTCCTCTCTAAGG-1_4_2"
"836","CATAAGCAGTAATACG-1_4_2"
"837","CATAAGCTCACCGGGT-1_4_2"
"838","CATACAGCATGAAGGC-1_4_2"
"839","CATACAGGTCAGGAGT-1_4_2"
"840","CATACAGGTCGAGCAA-1_4_2"
"841","CATACCCAGTCCCAAT-1_4_2"
"842","CATACCCGTGAATTAG-1_4_2"
"843","CATACCCGTTGGTAGG-1_4_2"
"844","CATACTTCAGCCGTCA-1_4_2"
"845","CATACTTCAGTTGTCA-1_4_2"
"846","CATACTTGTCAGGCAA-1_4_2"
"847","CATACTTGTGGCGTAA-1_4_2"
"848","CATACTTGTTAGGGTG-1_4_2"
"849","CATAGACCACCCAAGC-1_4_2"
"850","CATAGACGTGGTTTGT-1_4_2"
"851","CATCAAGGTCCACTTC-1_4_2"
"852","CATCCACCATGGCTAT-1_4_2"
"853","CATCCGTAGCCGAATG-1_4_2"
"854","CATCCGTAGCGAACTG-1_4_2"
"855","CATCCGTAGTAGCCAG-1_4_2"
"856","CATCCGTCAGGACAGT-1_4_2"
"857","CATCCGTCATACAGAA-1_4_2"
"858","CATCGCTAGAATAGTC-1_4_2"
"859","CATCGCTAGTTTCGAC-1_4_2"
"860","CATCGCTCATTCAGGT-1_4_2"
"861","CATCGGGCAACAGTGG-1_4_2"
"862","CATCGGGCATGCCGCA-1_4_2"
"863","CATCGTCCACTGCGTG-1_4_2"
"864","CATCGTCCAGTAACAA-1_4_2"
"865","CATCGTCGTAGTGGCA-1_4_2"
"866","CATCGTCTCTCTCGCA-1_4_2"
"867","CATGAGTTCATTTCGT-1_4_2"
"868","CATGAGTTCCTCTCTT-1_4_2"
"869","CATGCAAGTCAAAGTA-1_4_2"
"870","CATGCCTAGATCGGTG-1_4_2"
"871","CATGCCTCACTCCGAG-1_4_2"
"872","CATGCGGAGTATGACA-1_4_2"
"873","CATGCGGGTCCAGCCA-1_4_2"
"874","CATGCGGTCAGAACCT-1_4_2"
"875","CATGCGGTCTAGACCA-1_4_2"
"876","CATGCTCAGGTGAGAA-1_4_2"
"877","CATGCTCAGTAGGTTA-1_4_2"
"878","CATGCTCTCCACTGAA-1_4_2"
"879","CATGCTCTCGGTGTAT-1_4_2"
"880","CATGGATCATCTCGTC-1_4_2"
"881","CATGGTACAAAGTATG-1_4_2"
"882","CATGGTAGTTCACGAT-1_4_2"
"883","CATGGTATCACAAGAA-1_4_2"
"884","CATGGTATCATCGCTC-1_4_2"
"885","CATGGTATCCATGCAA-1_4_2"
"886","CATTCATAGTCATGGG-1_4_2"
"887","CATTCATCAGCCCAGT-1_4_2"
"888","CATTCATTCATGCAGT-1_4_2"
"889","CATTCATTCTGGCCTT-1_4_2"
"890","CATTCCGAGAAGGCTC-1_4_2"
"891","CATTCCGAGCTGACTT-1_4_2"
"892","CATTCCGCAAGCGAGT-1_4_2"
"893","CATTCCGTCCAGCAAT-1_4_2"
"894","CATTCTACATTCTTCA-1_4_2"
"895","CATTCTATCCGTGTCT-1_4_2"
"896","CATTGAGAGCGCCTCA-1_4_2"
"897","CATTGAGAGTACAGAT-1_4_2"
"898","CATTGCCGTATCATGC-1_4_2"
"899","CATTGCCGTGTCATCA-1_4_2"
"900","CATTGTTAGCAAGTGC-1_4_2"
"901","CATTGTTCATTAGGCT-1_4_2"
"902","CATTGTTGTCTCACAA-1_4_2"
"903","CATTTCAAGTCGAAAT-1_4_2"
"904","CATTTCACAAAGTGTA-1_4_2"
"905","CATTTCACATCTGCGG-1_4_2"
"906","CATTTCATCTATGTGG-1_4_2"
"907","CATTTCATCTGTAACG-1_4_2"
"908","CCAAGCGGTGTCCGGT-1_4_2"
"909","CCAAGCGTCTATTCGT-1_4_2"
"910","CCAATGAAGTGGTCAG-1_4_2"
"911","CCAATGAAGTTAGTGA-1_4_2"
"912","CCAATGAGTAACACCT-1_4_2"
"913","CCAATGAGTCTCGACG-1_4_2"
"914","CCAATGAGTTACCTTT-1_4_2"
"915","CCACAAAAGCGTTACT-1_4_2"
"916","CCACAAAAGTCCGTCG-1_4_2"
"917","CCACAAACAGTCGCTG-1_4_2"
"918","CCACAAAGTAGGTTTC-1_4_2"
"919","CCACAAATCAGATGCT-1_4_2"
"920","CCACACTGTTTGTTGG-1_4_2"
"921","CCACCATAGCCTAGGA-1_4_2"
"922","CCACGAGAGATGCTAA-1_4_2"
"923","CCACGTTAGTTCCTGA-1_4_2"
"924","CCACGTTCAAAGGCAC-1_4_2"
"925","CCACGTTGTGTCACAT-1_4_2"
"926","CCACTTGCATCCGGTG-1_4_2"
"927","CCATAAGAGACGGTCA-1_4_2"
"928","CCATAAGAGCCGTAAG-1_4_2"
"929","CCATCACAGGGCAGAG-1_4_2"
"930","CCATCACAGTAACGTA-1_4_2"
"931","CCCAACTGTCCTCAGG-1_4_2"
"932","CCCATTGAGAATCCCT-1_4_2"
"933","CCCATTGCAAGAAATC-1_4_2"
"934","CCCATTGCAATCGCCG-1_4_2"
"935","CCCGAAGCACGGCTAC-1_4_2"
"936","CCCGAAGGTGTGTCCG-1_4_2"
"937","CCCGAAGTCACGATAC-1_4_2"
"938","CCCGAAGTCCACGGGT-1_4_2"
"939","CCCGAAGTCTTACACT-1_4_2"
"940","CCCGGAACACGGTCTG-1_4_2"
"941","CCCGGAAGTACACGTT-1_4_2"
"942","CCCTAACAGTCAGAGC-1_4_2"
"943","CCCTAACAGTCCGCGT-1_4_2"
"944","CCCTCAATCGGTGTTA-1_4_2"
"945","CCCTCTCCACGAGGTA-1_4_2"
"946","CCCTCTCGTCGTGGTC-1_4_2"
"947","CCCTCTCTCATGACAC-1_4_2"
"948","CCCTCTCTCTCTGAGA-1_4_2"
"949","CCCTGATAGGCTGGAT-1_4_2"
"950","CCCTGATCAAGTGCTT-1_4_2"
"951","CCCTGATTCGGCTGGT-1_4_2"
"952","CCCTTAGGTCGCAGTC-1_4_2"
"953","CCCTTAGGTGTGTACT-1_4_2"
"954","CCCTTAGGTGTTCGTA-1_4_2"
"955","CCCTTAGGTTTCGCTC-1_4_2"
"956","CCGAACGCAACACAGG-1_4_2"
"957","CCGAACGCAAGTACCT-1_4_2"
"958","CCGAACGCAGCTATTG-1_4_2"
"959","CCGAACGCATGAAGCG-1_4_2"
"960","CCGAACGGTCGATTAC-1_4_2"
"961","CCGAACGGTGTGTGTT-1_4_2"
"962","CCGAACGTCAGACATC-1_4_2"
"963","CCGAACGTCTACGGGC-1_4_2"
"964","CCGATCTAGCTACAAA-1_4_2"
"965","CCGATCTGTATCGTTG-1_4_2"
"966","CCGATCTTCGTAGAGG-1_4_2"
"967","CCGATGGAGACATCCT-1_4_2"
"968","CCGATGGCATACATCG-1_4_2"
"969","CCGATGGTCCTCACCA-1_4_2"
"970","CCGCAAGAGTAGGTTA-1_4_2"
"971","CCGCAAGCAGAAATCA-1_4_2"
"972","CCGCAAGGTTATAGAG-1_4_2"
"973","CCGGACAAGGGTACAC-1_4_2"
"974","CCGGACAAGTAACCTC-1_4_2"
"975","CCGGACACACCTGATA-1_4_2"
"976","CCGGACATCTCGTTTA-1_4_2"
"977","CCGGGTAAGCCGCTTG-1_4_2"
"978","CCGGGTAGTGATACTC-1_4_2"
"979","CCGGGTAGTGCATACT-1_4_2"
"980","CCGGGTAGTTCCGTTC-1_4_2"
"981","CCGGTAGAGTTCGGTT-1_4_2"
"982","CCGGTAGCATGGGTTT-1_4_2"
"983","CCGGTAGGTAACATGA-1_4_2"
"984","CCGGTGAAGGCGTTGA-1_4_2"
"985","CCGGTGAAGTCATAGA-1_4_2"
"986","CCGTAGGCACCCGTAG-1_4_2"
"987","CCGTAGGCAGTATGAA-1_4_2"
"988","CCGTAGGGTTGTCCCT-1_4_2"
"989","CCGTGAGAGGCATGCA-1_4_2"
"990","CCGTGAGAGTAGCCAG-1_4_2"
"991","CCGTGAGGTAGGTAGC-1_4_2"
"992","CCGTTCACAAGTTTGC-1_4_2"
"993","CCGTTCACATACAGAA-1_4_2"
"994","CCGTTCATCAGGAAAT-1_4_2"
"995","CCGTTCATCCTTACCG-1_4_2"
"996","CCGTTCATCTAATTCC-1_4_2"
"997","CCTAACCAGAGCCCAA-1_4_2"
"998","CCTAACCAGGAGTACC-1_4_2"
"999","CCTAACCGTTACCCTC-1_4_2"
"1000","CCTAAGAAGGGAGTGG-1_4_2"
"1001","CCTAAGATCCTTGACC-1_4_2"
"1002","CCTACGTAGGGTACGT-1_4_2"
"1003","CCTACGTCAAGGTCAG-1_4_2"
"1004","CCTACGTCAATGCAAA-1_4_2"
"1005","CCTACGTCATTGTGCA-1_4_2"
"1006","CCTACGTGTGGAATGC-1_4_2"
"1007","CCTACGTTCCACACCT-1_4_2"
"1008","CCTATCGAGGTTGAGC-1_4_2"
"1009","CCTATCGGTACCGCGT-1_4_2"
"1010","CCTATCGGTTTCAGAC-1_4_2"
"1011","CCTATCGTCGAACTCA-1_4_2"
"1012","CCTCAACAGGCTGTAG-1_4_2"
"1013","CCTCAACAGTGCTAGG-1_4_2"
"1014","CCTCAACCATACAGAA-1_4_2"
"1015","CCTCAACTCAGTCCGG-1_4_2"
"1016","CCTCAACTCGGCAGTC-1_4_2"
"1017","CCTCACAGTAGTGTGG-1_4_2"
"1018","CCTCACAGTGGAGAAA-1_4_2"
"1019","CCTCACATCATTGCTT-1_4_2"
"1020","CCTCACATCTCGACGG-1_4_2"
"1021","CCTCAGTCAAAGGATT-1_4_2"
"1022","CCTCATGAGGGCATGT-1_4_2"
"1023","CCTCATGAGGGTGAGG-1_4_2"
"1024","CCTCCAAGTATTTCCT-1_4_2"
"1025","CCTCCTCAGCGTCTCG-1_4_2"
"1026","CCTCCTCGTACAGTCT-1_4_2"
"1027","CCTCCTCGTCGTGCCA-1_4_2"
"1028","CCTCTCCCAGGGCTTC-1_4_2"
"1029","CCTGCATAGGAGATAG-1_4_2"
"1030","CCTGCATGTTCGGTCG-1_4_2"
"1031","CCTGCATTCAACTCTT-1_4_2"
"1032","CCTGCATTCCTCCACA-1_4_2"
"1033","CCTGTTGAGTCTGCAT-1_4_2"
"1034","CCTGTTGGTCTACATG-1_4_2"
"1035","CCTGTTGGTGACACGA-1_4_2"
"1036","CCTTCAGGTTATGTGC-1_4_2"
"1037","CCTTGTGAGTTTGGCT-1_4_2"
"1038","CCTTGTGGTCCACTTC-1_4_2"
"1039","CCTTGTGTCCTGTTGC-1_4_2"
"1040","CCTTTGGAGACGCAGT-1_4_2"
"1041","CCTTTGGGTATGAAGT-1_4_2"
"1042","CGAAGGACAGCGTTGC-1_4_2"
"1043","CGAAGGACATTAAAGG-1_4_2"
"1044","CGAAGTTAGACCTCCG-1_4_2"
"1045","CGAAGTTAGGCGTTGA-1_4_2"
"1046","CGAAGTTCAGGCCTGT-1_4_2"
"1047","CGAAGTTTCATCTACT-1_4_2"
"1048","CGAATTGAGTGACACG-1_4_2"
"1049","CGAATTGCATAGTCAC-1_4_2"
"1050","CGAATTGGTCTACATG-1_4_2"
"1051","CGAATTGGTCTTGAGT-1_4_2"
"1052","CGACAGCAGATTAGCA-1_4_2"
"1053","CGACAGCGTGCGCTCA-1_4_2"
"1054","CGACAGCGTTCCACGG-1_4_2"
"1055","CGAGAAGGTACTTGTG-1_4_2"
"1056","CGAGAAGGTCATGACT-1_4_2"
"1057","CGAGAAGTCGTGCATA-1_4_2"
"1058","CGAGGAAGTGACTAAA-1_4_2"
"1059","CGAGGAATCGCCAATA-1_4_2"
"1060","CGAGGAATCTACTGCC-1_4_2"
"1061","CGAGGCTCACAAAGCG-1_4_2"
"1062","CGAGGCTCACACCGAC-1_4_2"
"1063","CGAGGCTCAGCCATTA-1_4_2"
"1064","CGAGTGCAGGCGATAC-1_4_2"
"1065","CGAGTGCTCAGCCTCT-1_4_2"
"1066","CGAGTTATCAATGCAC-1_4_2"
"1067","CGAGTTATCTGTAACG-1_4_2"
"1068","CGATCGGAGCTGCCAC-1_4_2"
"1069","CGATCGGAGTAGCATA-1_4_2"
"1070","CGATCGGTCACGTAGT-1_4_2"
"1071","CGATGCGGTAGTCGTT-1_4_2"
"1072","CGATGCGTCCATGCAA-1_4_2"
"1073","CGATGGCAGAACTTCC-1_4_2"
"1074","CGATGGCAGGACAACC-1_4_2"
"1075","CGATGGCCAGCCTATA-1_4_2"
"1076","CGATGGCGTCAACCTA-1_4_2"
"1077","CGATGGCGTCAGGAGT-1_4_2"
"1078","CGATGGCGTTGGCTAT-1_4_2"
"1079","CGATGGCTCCGCGAGT-1_4_2"
"1080","CGCAGGTAGTGGTTGG-1_4_2"
"1081","CGCAGGTGTCGTTGGC-1_4_2"
"1082","CGCAGGTGTTTGACAC-1_4_2"
"1083","CGCAGGTTCAAGGCTT-1_4_2"
"1084","CGCAGGTTCACTGATG-1_4_2"
"1085","CGCAGGTTCCGCTTAC-1_4_2"
"1086","CGCATAAAGAGGTGCT-1_4_2"
"1087","CGCATAAAGGCCTAGA-1_4_2"
"1088","CGCATAATCAGCGTCG-1_4_2"
"1089","CGCATGGAGCGCGTTC-1_4_2"
"1090","CGCATGGCACTCCGGA-1_4_2"
"1091","CGCATGGGTCGTATTG-1_4_2"
"1092","CGCCAGACAACACGAG-1_4_2"
"1093","CGCCAGACACTCAAGT-1_4_2"
"1094","CGCCAGAGTGCACGCT-1_4_2"
"1095","CGCCAGAGTGTACAGG-1_4_2"
"1096","CGCCAGATCACGGGCT-1_4_2"
"1097","CGCCATTCAGACCGCT-1_4_2"
"1098","CGCCATTGTCCCACGA-1_4_2"
"1099","CGCGTGATCTACACAG-1_4_2"
"1100","CGGAACCAGGTGAGAA-1_4_2"
"1101","CGGAACCCAAATTGGA-1_4_2"
"1102","CGGAACCGTACGATTC-1_4_2"
"1103","CGGAACCGTGCCAAGA-1_4_2"
"1104","CGGAACCGTGGGACAT-1_4_2"
"1105","CGGAACCTCAGAGCGA-1_4_2"
"1106","CGGAATTAGGTCGTCC-1_4_2"
"1107","CGGAATTAGTTCTCTT-1_4_2"
"1108","CGGAATTCACTACACA-1_4_2"
"1109","CGGAATTGTTCTCGTC-1_4_2"
"1110","CGGAATTGTTGGGCCT-1_4_2"
"1111","CGGACACCAGAGATTA-1_4_2"
"1112","CGGACACGTCTTTCAT-1_4_2"
"1113","CGGACACGTGCCTTCT-1_4_2"
"1114","CGGAGAACAAGAGAGA-1_4_2"
"1115","CGGAGAAGTTCTTAGG-1_4_2"
"1116","CGGAGAATCACGGAGA-1_4_2"
"1117","CGGCAGTCAAGTGGTG-1_4_2"
"1118","CGGCAGTGTAATCAGA-1_4_2"
"1119","CGGCAGTGTTCTCCAC-1_4_2"
"1120","CGGCAGTTCACGATCA-1_4_2"
"1121","CGGGACTGTCCTCATC-1_4_2"
"1122","CGGGACTGTTCCAAAC-1_4_2"
"1123","CGGGCATCACCTTCCA-1_4_2"
"1124","CGGGTCAAGGAAGTAG-1_4_2"
"1125","CGGGTCAGTAGCTGCC-1_4_2"
"1126","CGGGTCAGTCTGTTAG-1_4_2"
"1127","CGGGTCAGTGCGGCTT-1_4_2"
"1128","CGGGTCATCAACCTCC-1_4_2"
"1129","CGGGTGTAGTGGTTAA-1_4_2"
"1130","CGGGTGTGTACCCACG-1_4_2"
"1131","CGGGTGTTCCCATAGA-1_4_2"
"1132","CGGTCAGAGGCCTGCT-1_4_2"
"1133","CGGTCAGAGGTAAAGG-1_4_2"
"1134","CGGTCAGCAGAGACTG-1_4_2"
"1135","CGGTCAGGTTCCGTTC-1_4_2"
"1136","CGGTCAGGTTCTCACC-1_4_2"
"1137","CGTAAGTAGGCAGGGA-1_4_2"
"1138","CGTAAGTGTGTATTGC-1_4_2"
"1139","CGTAATGAGCGCCCAT-1_4_2"
"1140","CGTAATGCAACAAAGT-1_4_2"
"1141","CGTAATGGTCAGGAGT-1_4_2"
"1142","CGTAATGTCCTGGGAC-1_4_2"
"1143","CGTAATGTCTGACAGT-1_4_2"
"1144","CGTAGTAGTCCAACGC-1_4_2"
"1145","CGTCAAAAGTTGCTCA-1_4_2"
"1146","CGTCAAAAGTTGGAAT-1_4_2"
"1147","CGTCAAACACAAGCTT-1_4_2"
"1148","CGTCAAACAGCACGAA-1_4_2"
"1149","CGTCCATAGGGTACAC-1_4_2"
"1150","CGTCCATCATCGTGCG-1_4_2"
"1151","CGTCCATTCATGGCCG-1_4_2"
"1152","CGTGAATCAGCCGTTG-1_4_2"
"1153","CGTGAATCATGGGCAA-1_4_2"
"1154","CGTGAATGTCATCAGT-1_4_2"
"1155","CGTGAATGTCCATACA-1_4_2"
"1156","CGTGATAAGGCCACTC-1_4_2"
"1157","CGTGATACATATACCG-1_4_2"
"1158","CGTGATAGTGATCGTT-1_4_2"
"1159","CGTGCTTAGTCAGCCC-1_4_2"
"1160","CGTGCTTGTACGCTAT-1_4_2"
"1161","CGTGCTTTCAATCTTC-1_4_2"
"1162","CGTGCTTTCTCGGTAA-1_4_2"
"1163","CGTGTCTCAAGGTCGA-1_4_2"
"1164","CGTTAGAAGGTTAGTA-1_4_2"
"1165","CGTTAGATCCTGATAG-1_4_2"
"1166","CGTTAGATCGAGTTGT-1_4_2"
"1167","CGTTAGATCGTGGCGT-1_4_2"
"1168","CGTTCTGAGCTATCCA-1_4_2"
"1169","CGTTCTGCACGACGCT-1_4_2"
"1170","CGTTGGGCACATACGT-1_4_2"
"1171","CGTTGGGGTTCTTAGG-1_4_2"
"1172","CGTTGGGTCCGTTTCG-1_4_2"
"1173","CGTTGGGTCGCGGACT-1_4_2"
"1174","CTAACCCAGGAACTCG-1_4_2"
"1175","CTAACTTCAAGACCTT-1_4_2"
"1176","CTAACTTTCAAACGAA-1_4_2"
"1177","CTAAGTGAGTAGGATT-1_4_2"
"1178","CTAAGTGTCTCCTGAC-1_4_2"
"1179","CTAAGTGTCTGTTGGA-1_4_2"
"1180","CTACAGAAGATGCGAC-1_4_2"
"1181","CTACAGACAAAGCAAT-1_4_2"
"1182","CTACAGACAACCAACT-1_4_2"
"1183","CTACAGATCGGACGTC-1_4_2"
"1184","CTACATTAGATTGTGA-1_4_2"
"1185","CTACATTAGTTTGCTG-1_4_2"
"1186","CTACATTGTGTCCGGT-1_4_2"
"1187","CTACCCACAAGTGTCT-1_4_2"
"1188","CTACCCACAAGTTTGC-1_4_2"
"1189","CTACCCAGTATCGGTT-1_4_2"
"1190","CTACCCATCTGGACTA-1_4_2"
"1191","CTACCTGAGACGAAGA-1_4_2"
"1192","CTACCTGAGCAGTAAT-1_4_2"
"1193","CTACGGGCATCGCTAA-1_4_2"
"1194","CTACGGGCATTGTGCA-1_4_2"
"1195","CTACGGGTCGTGCACG-1_4_2"
"1196","CTACTATAGGTGAGCT-1_4_2"
"1197","CTACTATCAAACTCTG-1_4_2"
"1198","CTACTATGTAACGTTC-1_4_2"
"1199","CTAGACAAGATGGCGT-1_4_2"
"1200","CTAGACAGTCAGGTGA-1_4_2"
"1201","CTAGGTACATGTTACG-1_4_2"
"1202","CTATAGGTCGACGACC-1_4_2"
"1203","CTATCCGAGGTAAAGG-1_4_2"
"1204","CTATCCGGTGTCGATT-1_4_2"
"1205","CTATCCGTCATCCCGT-1_4_2"
"1206","CTATCCGTCATGCTAG-1_4_2"
"1207","CTATCCGTCCCAACTC-1_4_2"
"1208","CTATCTACATGGAATA-1_4_2"
"1209","CTATCTATCGGCTTGG-1_4_2"
"1210","CTCAACCAGAGAGCCT-1_4_2"
"1211","CTCAACCAGCGTATGG-1_4_2"
"1212","CTCAACCAGGAACATT-1_4_2"
"1213","CTCAACCTCAGGTAAA-1_4_2"
"1214","CTCAAGAAGGTCCGAA-1_4_2"
"1215","CTCAAGAAGTAACAGT-1_4_2"
"1216","CTCAAGACACAGTGAG-1_4_2"
"1217","CTCAATTAGGGACACT-1_4_2"
"1218","CTCAATTCACACAGCC-1_4_2"
"1219","CTCAATTGTTCTCGTC-1_4_2"
"1220","CTCAATTTCCTTGGAA-1_4_2"
"1221","CTCACTGCAAAGCACG-1_4_2"
"1222","CTCACTGCAAGCTGTT-1_4_2"
"1223","CTCACTGCAGACCAAG-1_4_2"
"1224","CTCACTGGTTAGAAGT-1_4_2"
"1225","CTCAGAAGTCCTACAA-1_4_2"
"1226","CTCAGAATCGTAGGAG-1_4_2"
"1227","CTCAGGGCACCTGCTT-1_4_2"
"1228","CTCAGGGTCCGAGAAG-1_4_2"
"1229","CTCAGTCCATCCTTCG-1_4_2"
"1230","CTCAGTCGTCTTGAAC-1_4_2"
"1231","CTCATCGCATCAGCGC-1_4_2"
"1232","CTCATCGCATCGGATT-1_4_2"
"1233","CTCATCGTCTGCGGGT-1_4_2"
"1234","CTCATCGTCTTACGGA-1_4_2"
"1235","CTCATGCAGCCTAGGA-1_4_2"
"1236","CTCATGCAGGTTCTAC-1_4_2"
"1237","CTCATGCGTGTCACAT-1_4_2"
"1238","CTCATGCTCCTTATAC-1_4_2"
"1239","CTCATTAAGCACTAGG-1_4_2"
"1240","CTCATTACATACCGTA-1_4_2"
"1241","CTCATTACATCATTGG-1_4_2"
"1242","CTCATTAGTCCGCAGT-1_4_2"
"1243","CTCATTATCATTGCCC-1_4_2"
"1244","CTCCAACGTGTACGCC-1_4_2"
"1245","CTCCAACTCATGCCGG-1_4_2"
"1246","CTCCAACTCGTGGACC-1_4_2"
"1247","CTCCAACTCTGCTTAT-1_4_2"
"1248","CTCCACAAGTGTTGTC-1_4_2"
"1249","CTCCACACAAACACGG-1_4_2"
"1250","CTCCATGAGAATGTTG-1_4_2"
"1251","CTCCATGAGCTACTAC-1_4_2"
"1252","CTCCATGAGTGCGCTC-1_4_2"
"1253","CTCCATGCAAACCATC-1_4_2"
"1254","CTCCATGGTACTCCCT-1_4_2"
"1255","CTCCATGTCGGAAGGT-1_4_2"
"1256","CTCCCAAAGTCCCGAC-1_4_2"
"1257","CTCCCAAGTTTGAAAG-1_4_2"
"1258","CTCCCAATCGCTAAAC-1_4_2"
"1259","CTCCCTCAGAAATGGG-1_4_2"
"1260","CTCCGATTCGATTTCT-1_4_2"
"1261","CTCCGATTCTGAGAAA-1_4_2"
"1262","CTCCTCCCACCTGATA-1_4_2"
"1263","CTCCTCCTCAACTGAC-1_4_2"
"1264","CTCCTCCTCCTATTTG-1_4_2"
"1265","CTCCTTTCAATTCGTG-1_4_2"
"1266","CTCCTTTGTGATCATC-1_4_2"
"1267","CTCCTTTGTTCTTAGG-1_4_2"
"1268","CTCCTTTTCATAAGGA-1_4_2"
"1269","CTCCTTTTCTAGTGAC-1_4_2"
"1270","CTCGAGGAGATCGCTT-1_4_2"
"1271","CTCGAGGCAAATAAGC-1_4_2"
"1272","CTCGAGGCAGCTATAC-1_4_2"
"1273","CTCGAGGGTAGGTCAG-1_4_2"
"1274","CTCGAGGGTCGAAGCA-1_4_2"
"1275","CTCGAGGGTGTCTAAC-1_4_2"
"1276","CTCTCAGAGTAGCATA-1_4_2"
"1277","CTCTCAGGTACGTAGG-1_4_2"
"1278","CTCTCAGTCAAGAAAC-1_4_2"
"1279","CTCTCGAAGACCCTTA-1_4_2"
"1280","CTCTGGTCATAAGATG-1_4_2"
"1281","CTGAATGAGACCTTTG-1_4_2"
"1282","CTGAATGAGACTTCCA-1_4_2"
"1283","CTGAATGAGGACAGTC-1_4_2"
"1284","CTGAATGAGTAGATCA-1_4_2"
"1285","CTGAATGCACACCTGG-1_4_2"
"1286","CTGAGCGAGGATTCAA-1_4_2"
"1287","CTGAGCGAGTATCCTG-1_4_2"
"1288","CTGAGCGGTCTTACTT-1_4_2"
"1289","CTGAGCGGTTATGACC-1_4_2"
"1290","CTGAGCGTCTCCAAGA-1_4_2"
"1291","CTGAGGCAGTAGGAAG-1_4_2"
"1292","CTGAGGCCAAATCGTC-1_4_2"
"1293","CTGAGGCCAGCTCCTT-1_4_2"
"1294","CTGAGGCCAGGAGGAG-1_4_2"
"1295","CTGATCCAGTTTGTCG-1_4_2"
"1296","CTGCAGGAGCAGCGAT-1_4_2"
"1297","CTGCAGGAGCGACTGA-1_4_2"
"1298","CTGCAGGGTAATTAGG-1_4_2"
"1299","CTGCAGGGTGACAGGT-1_4_2"
"1300","CTGCAGGTCTCGCTCA-1_4_2"
"1301","CTGCATCAGAGGTTAT-1_4_2"
"1302","CTGCCATAGCTGAGCA-1_4_2"
"1303","CTGCCATGTAGGTGCA-1_4_2"
"1304","CTGCCATGTCCAGAAG-1_4_2"
"1305","CTGCCATTCGGCTGGT-1_4_2"
"1306","CTGCCTAAGTATAACG-1_4_2"
"1307","CTGCCTACAACCTAAC-1_4_2"
"1308","CTGCCTATCTTCGTGC-1_4_2"
"1309","CTGCGAGTCCCAAGCG-1_4_2"
"1310","CTGCTCAAGGTAGCAC-1_4_2"
"1311","CTGCTCACACGGATCC-1_4_2"
"1312","CTGCTCACACTAACCA-1_4_2"
"1313","CTGCTCAGTCTAGTGT-1_4_2"
"1314","CTGCTCAGTTACCCAA-1_4_2"
"1315","CTGCTCAGTTCAAACC-1_4_2"
"1316","CTGCTCAGTTGGACTT-1_4_2"
"1317","CTGGACGCAACCCTAA-1_4_2"
"1318","CTGGCAGAGCCTCATA-1_4_2"
"1319","CTGGCAGCATGAGGGT-1_4_2"
"1320","CTGGCAGTCGCTAGCG-1_4_2"
"1321","CTGGTCTTCCACACCT-1_4_2"
"1322","CTGTACCAGATACGAT-1_4_2"
"1323","CTGTACCAGTAGTCTC-1_4_2"
"1324","CTGTACCCACGATAGG-1_4_2"
"1325","CTGTACCGTGTATACC-1_4_2"
"1326","CTGTACCGTTAAACAG-1_4_2"
"1327","CTGTACCTCTTAGTTC-1_4_2"
"1328","CTGTAGAAGCCTCATA-1_4_2"
"1329","CTGTAGACAGACTGCC-1_4_2"
"1330","CTGTAGACATTGAGCT-1_4_2"
"1331","CTGTAGAGTCATGACT-1_4_2"
"1332","CTGTAGAGTGCTGATT-1_4_2"
"1333","CTGTAGATCTCGGTCT-1_4_2"
"1334","CTGTATTAGTGCCTCG-1_4_2"
"1335","CTGTATTGTATCGCTA-1_4_2"
"1336","CTGTATTGTGGTAATA-1_4_2"
"1337","CTGTATTTCATCACTT-1_4_2"
"1338","CTGTATTTCCGTCCTA-1_4_2"
"1339","CTGTCGTAGCTCATAC-1_4_2"
"1340","CTGTCGTAGTACCGGA-1_4_2"
"1341","CTGTCGTCAGGTGGAT-1_4_2"
"1342","CTGTCGTCATCACGGC-1_4_2"
"1343","CTGTCGTGTCTACGTA-1_4_2"
"1344","CTGTGGGAGGTGCGAT-1_4_2"
"1345","CTGTGGGTCTGGCCTT-1_4_2"
"1346","CTTACCGTCCGGTAGC-1_4_2"
"1347","CTTAGGAAGAGAGCAA-1_4_2"
"1348","CTTAGGAAGCTGCGAA-1_4_2"
"1349","CTTAGGAAGGAACTCG-1_4_2"
"1350","CTTAGGAGTGACTGAG-1_4_2"
"1351","CTTAGGATCATGAGAA-1_4_2"
"1352","CTTCAATAGTGCAGCA-1_4_2"
"1353","CTTCAATAGTGGATAT-1_4_2"
"1354","CTTCAATGTACAGCGA-1_4_2"
"1355","CTTCAATGTTCCACGG-1_4_2"
"1356","CTTCCGAGTATGTGTC-1_4_2"
"1357","CTTCCGATCGCTCATC-1_4_2"
"1358","CTTCCTTAGATGCTGG-1_4_2"
"1359","CTTCCTTAGCTGGCCT-1_4_2"
"1360","CTTCGGTTCATGACAC-1_4_2"
"1361","CTTCGGTTCGACGTCG-1_4_2"
"1362","CTTCGGTTCGTAGAGG-1_4_2"
"1363","CTTCTAAAGGACACTG-1_4_2"
"1364","CTTCTAAGTATCACGT-1_4_2"
"1365","CTTCTAATCCTCTCTT-1_4_2"
"1366","CTTCTCTTCATCACTT-1_4_2"
"1367","CTTGAGATCGCTTGAA-1_4_2"
"1368","CTTGATTCACAGAGCA-1_4_2"
"1369","CTTGATTCAGTTCCAA-1_4_2"
"1370","CTTGATTTCGACGCTG-1_4_2"
"1371","CTTTCGGGTCGTGCCA-1_4_2"
"1372","CTTTCGGTCAAATGAG-1_4_2"
"1373","GAAACCTGTCCATCTC-1_4_2"
"1374","GAAATGAAGTACAACA-1_4_2"
"1375","GAAATGATCCAAGCCG-1_4_2"
"1376","GAAATGATCTGGACCG-1_4_2"
"1377","GAACACTCAACAAGTA-1_4_2"
"1378","GAACACTCAATAGTAG-1_4_2"
"1379","GAACACTCATCATCTT-1_4_2"
"1380","GAACACTTCTCTCTAA-1_4_2"
"1381","GAACGTTAGCCTCAGC-1_4_2"
"1382","GAACGTTGTACTAAGA-1_4_2"
"1383","GAACGTTTCGTCCATC-1_4_2"
"1384","GAACTGTGTCGCTTGG-1_4_2"
"1385","GAACTGTTCAGCGTCG-1_4_2"
"1386","GAAGAATAGGAAAGAC-1_4_2"
"1387","GAAGAATGTATCCCAA-1_4_2"
"1388","GAAGAATGTGAATTGA-1_4_2"
"1389","GAAGCCCGTGGCAACA-1_4_2"
"1390","GAAGCCCGTTAAGACA-1_4_2"
"1391","GAAGCCCTCTATCGGA-1_4_2"
"1392","GAAGCGAAGATCCTAC-1_4_2"
"1393","GAAGCGAAGTGAACAT-1_4_2"
"1394","GAAGCGATCACCGACG-1_4_2"
"1395","GAAGGACGTTAGGCTT-1_4_2"
"1396","GAAGGGTGTCGTGGAA-1_4_2"
"1397","GAAGGGTGTTCGAGCC-1_4_2"
"1398","GAAGGGTTCACTACTT-1_4_2"
"1399","GAAGTAAAGCAGAAAG-1_4_2"
"1400","GAAGTAAAGCTGAAGC-1_4_2"
"1401","GAAGTAACAGAGGTTG-1_4_2"
"1402","GAAGTAAGTCACTCGG-1_4_2"
"1403","GAATAGAGTGTCCACG-1_4_2"
"1404","GAATCACGTCCTCCAT-1_4_2"
"1405","GAATCACTCTCAATCT-1_4_2"
"1406","GAATCGTAGAGATTCA-1_4_2"
"1407","GAATCGTCAACTCGTA-1_4_2"
"1408","GAATCGTCACTCCTGT-1_4_2"
"1409","GAATCGTGTCGTATTG-1_4_2"
"1410","GAATCGTTCTAGACCA-1_4_2"
"1411","GACACGCAGCTCAGAG-1_4_2"
"1412","GACACGCAGGTTCTTG-1_4_2"
"1413","GACACGCAGTATAGAC-1_4_2"
"1414","GACACGCCAACCTATG-1_4_2"
"1415","GACACGCCACCTCAGG-1_4_2"
"1416","GACACGCTCGACCAAT-1_4_2"
"1417","GACAGCCGTCAACCTA-1_4_2"
"1418","GACAGCCTCACGGAGA-1_4_2"
"1419","GACATCATCACTACTT-1_4_2"
"1420","GACCAATAGATCCTAC-1_4_2"
"1421","GACCAATAGCAATAAC-1_4_2"
"1422","GACCAATTCGATGCAT-1_4_2"
"1423","GACCCAGAGATACCAA-1_4_2"
"1424","GACCCAGCATCCGAAT-1_4_2"
"1425","GACCCAGGTATGAAGT-1_4_2"
"1426","GACCCAGGTCTGTCCT-1_4_2"
"1427","GACCCAGTCATGCATG-1_4_2"
"1428","GACCCAGTCGATACAC-1_4_2"
"1429","GACCCAGTCGCAAGAG-1_4_2"
"1430","GACCCTTAGATGACAT-1_4_2"
"1431","GACCCTTCACACAGCC-1_4_2"
"1432","GACCCTTGTGTAGTGG-1_4_2"
"1433","GACCGTGGTCCCGCAA-1_4_2"
"1434","GACCTTCAGTTGCGAG-1_4_2"
"1435","GACGCTGGTCAAGCGA-1_4_2"
"1436","GACGCTGTCCACTAGA-1_4_2"
"1437","GACGTTACACCAAATC-1_4_2"
"1438","GACGTTACACGTCGGT-1_4_2"
"1439","GACGTTATCGCTATTT-1_4_2"
"1440","GACTATGAGGGACCAT-1_4_2"
"1441","GACTATGGTTAGGACG-1_4_2"
"1442","GACTCAAAGGTCGTGA-1_4_2"
"1443","GACTCAACAGCTTCGG-1_4_2"
"1444","GACTCAATCTCCTGTG-1_4_2"
"1445","GACTCTCCAAAGCACG-1_4_2"
"1446","GACTCTCCAGAGTAAT-1_4_2"
"1447","GACTCTCCAGCTGTCG-1_4_2"
"1448","GACTCTCGTACGTACT-1_4_2"
"1449","GACTCTCGTCCTGAAT-1_4_2"
"1450","GACTCTCTCACGGTCG-1_4_2"
"1451","GACTGATAGCAAATGT-1_4_2"
"1452","GACTGATGTTTGAAAG-1_4_2"
"1453","GACTTCCAGATTGCGG-1_4_2"
"1454","GACTTCCAGGGCATGT-1_4_2"
"1455","GACTTCCAGGGCCCTT-1_4_2"
"1456","GACTTCCCATAATGCC-1_4_2"
"1457","GACTTCCGTATGAAAC-1_4_2"
"1458","GACTTCCGTCTAGATC-1_4_2"
"1459","GACTTCCTCCAACTGA-1_4_2"
"1460","GAGAAATCAGCGAACA-1_4_2"
"1461","GAGAAATCAGTGGCTC-1_4_2"
"1462","GAGACCCCACCAACAT-1_4_2"
"1463","GAGACTTCAGAACGCA-1_4_2"
"1464","GAGACTTGTGCACATT-1_4_2"
"1465","GAGAGGTCAGTCAACT-1_4_2"
"1466","GAGAGGTCATCCAATG-1_4_2"
"1467","GAGAGGTGTAGCACAG-1_4_2"
"1468","GAGATGGAGACGAAGA-1_4_2"
"1469","GAGATGGAGGGCAGAG-1_4_2"
"1470","GAGATGGGTATCGAGG-1_4_2"
"1471","GAGATGGTCCACCTGT-1_4_2"
"1472","GAGATGGTCCTGTTGC-1_4_2"
"1473","GAGCCTGAGCGATTCT-1_4_2"
"1474","GAGCCTGTCGCACTCT-1_4_2"
"1475","GAGCTGCAGGTTCTAC-1_4_2"
"1476","GAGCTGCGTCATGGCC-1_4_2"
"1477","GAGCTGCGTTAAAGTG-1_4_2"
"1478","GAGCTGCTCAACTACG-1_4_2"
"1479","GAGGCAACAATTCACG-1_4_2"
"1480","GAGGCAATCAACCCGG-1_4_2"
"1481","GAGGCCTAGGTGATAT-1_4_2"
"1482","GAGGCCTCAACCCTAA-1_4_2"
"1483","GAGGCCTCACTACGGC-1_4_2"
"1484","GAGGCCTGTGGCATCC-1_4_2"
"1485","GAGGCCTTCACGGGAA-1_4_2"
"1486","GAGGCCTTCGGCAGTC-1_4_2"
"1487","GAGGGATAGAAATTGC-1_4_2"
"1488","GAGGGATCAGGAGGTT-1_4_2"
"1489","GAGGGATGTTTCGTAG-1_4_2"
"1490","GAGGGATTCCACGTGG-1_4_2"
"1491","GAGGGTATCCGATAAC-1_4_2"
"1492","GAGTCATCAAATGGCG-1_4_2"
"1493","GAGTCATCAGAACTTC-1_4_2"
"1494","GAGTCATCATTCACCC-1_4_2"
"1495","GAGTCATTCTGCGGCA-1_4_2"
"1496","GAGTCTACAAGAGTAT-1_4_2"
"1497","GAGTCTACAGACAAGC-1_4_2"
"1498","GAGTGAGAGCGCTGAA-1_4_2"
"1499","GAGTGAGCATCGTGGC-1_4_2"
"1500","GAGTGAGTCATGACAC-1_4_2"
"1501","GAGTGAGTCTCTAGGA-1_4_2"
"1502","GAGTGTTCAAGTTCGT-1_4_2"
"1503","GAGTGTTCACCCAACG-1_4_2"
"1504","GAGTGTTCACCGGCTA-1_4_2"
"1505","GAGTGTTCACTTCTCG-1_4_2"
"1506","GAGTGTTGTAGGCTGA-1_4_2"
"1507","GAGTGTTTCTTGGCTC-1_4_2"
"1508","GAGTTACTCGAATGCT-1_4_2"
"1509","GAGTTGTAGCTGCCTG-1_4_2"
"1510","GAGTTGTCAGCATACT-1_4_2"
"1511","GAGTTTGAGCATGGGT-1_4_2"
"1512","GAGTTTGCATCAGCTA-1_4_2"
"1513","GAGTTTGGTAGTGATA-1_4_2"
"1514","GATAGAAAGGCGAACT-1_4_2"
"1515","GATAGAACACCGGAAA-1_4_2"
"1516","GATAGAACATCGTTCC-1_4_2"
"1517","GATAGCTCACGGCGTT-1_4_2"
"1518","GATAGCTCAGCTACTA-1_4_2"
"1519","GATCACAAGCACACCC-1_4_2"
"1520","GATCACAAGCATCCCG-1_4_2"
"1521","GATCAGTTCAAGAGGC-1_4_2"
"1522","GATCAGTTCACAGTGT-1_4_2"
"1523","GATCAGTTCTCAGGCG-1_4_2"
"1524","GATCATGTCGGACTTA-1_4_2"
"1525","GATCATGTCTTCCGTG-1_4_2"
"1526","GATCCCTCATTAAAGG-1_4_2"
"1527","GATCCCTGTCAATGGG-1_4_2"
"1528","GATCCCTTCTTGAACG-1_4_2"
"1529","GATCGTAAGCGTATGG-1_4_2"
"1530","GATCGTACACTTTAGG-1_4_2"
"1531","GATCGTACATACTGTG-1_4_2"
"1532","GATCGTAGTCCTGAAT-1_4_2"
"1533","GATGACTAGTATAGGT-1_4_2"
"1534","GATGACTGTAGTCTTG-1_4_2"
"1535","GATGAGGGTGAGTAAT-1_4_2"
"1536","GATGATCAGCAAGTGC-1_4_2"
"1537","GATGATCAGCCTGCCA-1_4_2"
"1538","GATGATCCACCGTGGT-1_4_2"
"1539","GATGATCTCGTGTGAT-1_4_2"
"1540","GATGCTACATAAGCAA-1_4_2"
"1541","GATGCTAGTCAAGTTC-1_4_2"
"1542","GATGCTAGTGCGGATA-1_4_2"
"1543","GATGCTATCAGACAAA-1_4_2"
"1544","GATGGAGAGGTACCTT-1_4_2"
"1545","GATGGAGAGTATTCCG-1_4_2"
"1546","GATGGAGCACGGGTAA-1_4_2"
"1547","GATGGAGCAGCTGTAT-1_4_2"
"1548","GATGGAGGTTTGAACC-1_4_2"
"1549","GATGGAGTCCTACCGT-1_4_2"
"1550","GATGGAGTCTCTTCAA-1_4_2"
"1551","GATGTTGAGTACGAGC-1_4_2"
"1552","GATGTTGCAGGTTCAT-1_4_2"
"1553","GATTCGACAGCAGATG-1_4_2"
"1554","GATTCGAGTACAAGTA-1_4_2"
"1555","GATTCGAGTGCGGATA-1_4_2"
"1556","GATTCGAGTTCCAGGC-1_4_2"
"1557","GATTCTTCAGTAGTGG-1_4_2"
"1558","GATTCTTGTTGCGTAT-1_4_2"
"1559","GATTGGTGTACCGCGT-1_4_2"
"1560","GATTGGTTCGAAGTGG-1_4_2"
"1561","GATTGGTTCTCCTACG-1_4_2"
"1562","GATTTCTCAGGAATAT-1_4_2"
"1563","GATTTCTCATAGTCGT-1_4_2"
"1564","GATTTCTTCGCTGACG-1_4_2"
"1565","GCAACATAGGTTCCAT-1_4_2"
"1566","GCAACATCAACCGTGC-1_4_2"
"1567","GCAACATCACAGCCAC-1_4_2"
"1568","GCAACATCATGACGGA-1_4_2"
"1569","GCAACATTCGCTAATG-1_4_2"
"1570","GCAACCGGTAGATCGG-1_4_2"
"1571","GCACATAGTGCTGCAC-1_4_2"
"1572","GCACATAGTTATGGTC-1_4_2"
"1573","GCACATATCAAGCCGC-1_4_2"
"1574","GCACGGTAGCTTCATG-1_4_2"
"1575","GCACGGTCAATGAAAC-1_4_2"
"1576","GCACGGTCATCGCTAA-1_4_2"
"1577","GCACGTGAGCCATATC-1_4_2"
"1578","GCACGTGGTGGCGCTT-1_4_2"
"1579","GCACGTGTCACCCTGT-1_4_2"
"1580","GCACGTGTCTCAAAGC-1_4_2"
"1581","GCACTAAAGCTTGTTG-1_4_2"
"1582","GCACTAAGTGCATCTA-1_4_2"
"1583","GCACTAATCCGCACTT-1_4_2"
"1584","GCACTAATCTACGCGG-1_4_2"
"1585","GCAGCCAAGCTCCACG-1_4_2"
"1586","GCAGCCAAGTAGGATT-1_4_2"
"1587","GCAGCCAGTGTTAACC-1_4_2"
"1588","GCAGCTGAGCTAGATA-1_4_2"
"1589","GCAGCTGCATGCGGTC-1_4_2"
"1590","GCAGCTGGTCACCCTT-1_4_2"
"1591","GCAGGCTGTCAGCTTA-1_4_2"
"1592","GCAGTTAAGTAGACAT-1_4_2"
"1593","GCAGTTACAATACCCA-1_4_2"
"1594","GCAGTTACAGGGTCTC-1_4_2"
"1595","GCAGTTAGTCTGTAGT-1_4_2"
"1596","GCAGTTATCATAGGCT-1_4_2"
"1597","GCAGTTATCCTCATAT-1_4_2"
"1598","GCATCGGAGTGGTGGT-1_4_2"
"1599","GCATCGGCAACACTAC-1_4_2"
"1600","GCATCGGCAGCGTGAA-1_4_2"
"1601","GCATCTCCAGAACTCT-1_4_2"
"1602","GCATCTCTCCCTCTAG-1_4_2"
"1603","GCATGATAGTGTACCT-1_4_2"
"1604","GCATGATCAAGAGGTC-1_4_2"
"1605","GCATTAGCACGCGTCA-1_4_2"
"1606","GCATTAGTCTTCGTGC-1_4_2"
"1607","GCCAACGAGGCTCTCG-1_4_2"
"1608","GCCAACGCAGCCGTCA-1_4_2"
"1609","GCCAACGCATGACTTG-1_4_2"
"1610","GCCAACGGTATCGCAT-1_4_2"
"1611","GCCAGCAGTTCGAAGG-1_4_2"
"1612","GCCAGCATCGAGTACT-1_4_2"
"1613","GCCAGGTAGCACACAG-1_4_2"
"1614","GCCAGGTAGCGTCTGC-1_4_2"
"1615","GCCAGGTTCCACGTAA-1_4_2"
"1616","GCCAGGTTCGCCGATG-1_4_2"
"1617","GCCAGTGCAAATTGCC-1_4_2"
"1618","GCCAGTGCAACCGCTG-1_4_2"
"1619","GCCAGTGCAGCTCCTT-1_4_2"
"1620","GCCAGTGGTCGTTGGC-1_4_2"
"1621","GCCATGGCACGACGCT-1_4_2"
"1622","GCCATGGGTACGCTAT-1_4_2"
"1623","GCCATGGGTGGCAGAT-1_4_2"
"1624","GCCATGGGTGTCCAAT-1_4_2"
"1625","GCCATTCCAAGCCATT-1_4_2"
"1626","GCCATTCGTACCTATG-1_4_2"
"1627","GCCATTCTCCGCATAA-1_4_2"
"1628","GCCATTCTCCTGCCAT-1_4_2"
"1629","GCCCAGACAACGACAG-1_4_2"
"1630","GCCCAGAGTCCGAAAG-1_4_2"
"1631","GCCCAGATCACACCCT-1_4_2"
"1632","GCCCGAAAGCACGTCC-1_4_2"
"1633","GCCCGAACAAAGAACT-1_4_2"
"1634","GCCGTGAAGTAGTGCG-1_4_2"
"1635","GCCGTGACAAATCGTC-1_4_2"
"1636","GCCGTGAGTACAAACA-1_4_2"
"1637","GCCGTGAGTTAATGAG-1_4_2"
"1638","GCCTGTTAGCTGAGTG-1_4_2"
"1639","GCCTGTTAGTCGCCCA-1_4_2"
"1640","GCCTGTTGTTGCCGCA-1_4_2"
"1641","GCCTGTTTCAAGATAG-1_4_2"
"1642","GCCTGTTTCTACAGGT-1_4_2"
"1643","GCGAGAACACACACGC-1_4_2"
"1644","GCGAGAATCAAGTGGG-1_4_2"
"1645","GCGATCGCAACATACC-1_4_2"
"1646","GCGATCGCATGAGATA-1_4_2"
"1647","GCGGAAAAGAGTCACG-1_4_2"
"1648","GCGGAAATCACCTACC-1_4_2"
"1649","GCGGAAATCGCGCTGA-1_4_2"
"1650","GCGGATCAGAAGTCCG-1_4_2"
"1651","GCGGATCAGTGCAAAT-1_4_2"
"1652","GCGTGCACAGTAGTGG-1_4_2"
"1653","GCGTGCACATGACTTG-1_4_2"
"1654","GCGTGCAGTTCTCTAT-1_4_2"
"1655","GCGTTTCAGAGAGGTA-1_4_2"
"1656","GCGTTTCAGCTCACTA-1_4_2"
"1657","GCGTTTCAGTTAGTGA-1_4_2"
"1658","GCGTTTCCACTAGAGG-1_4_2"
"1659","GCGTTTCGTGAGGATC-1_4_2"
"1660","GCGTTTCTCTCAAAGC-1_4_2"
"1661","GCTACAAAGGTTGCCC-1_4_2"
"1662","GCTACAAAGTGTTCCA-1_4_2"
"1663","GCTACAACAATAACCC-1_4_2"
"1664","GCTACAATCATGCCGG-1_4_2"
"1665","GCTACCTTCCATCTCG-1_4_2"
"1666","GCTACCTTCGCCACTT-1_4_2"
"1667","GCTCAAAGTGTTAAAG-1_4_2"
"1668","GCTCAAAGTTATTCTC-1_4_2"
"1669","GCTCAAATCCTACACC-1_4_2"
"1670","GCTGAATAGACCTGGA-1_4_2"
"1671","GCTGAATAGAGAGTTT-1_4_2"
"1672","GCTGAATCAGGAGACT-1_4_2"
"1673","GCTGCAGCACCTGCAG-1_4_2"
"1674","GCTGCAGCATCCTCAC-1_4_2"
"1675","GCTGCAGCATGGAAGC-1_4_2"
"1676","GCTGCAGGTCTTCGAA-1_4_2"
"1677","GCTGCAGGTTAGAAAC-1_4_2"
"1678","GCTGCAGTCGACCAAT-1_4_2"
"1679","GCTGGGTAGACGAAGA-1_4_2"
"1680","GCTGGGTCACTGCGAC-1_4_2"
"1681","GCTGGGTGTATTAAGG-1_4_2"
"1682","GCTTCACAGAAGCGAA-1_4_2"
"1683","GCTTCACGTCGCACAC-1_4_2"
"1684","GCTTCACTCATACAGC-1_4_2"
"1685","GCTTGGGAGACCTTTG-1_4_2"
"1686","GCTTGGGGTTTGATCG-1_4_2"
"1687","GCTTGGGTCGAAGAAT-1_4_2"
"1688","GCTTGGGTCGGACGTC-1_4_2"
"1689","GCTTTCGCATGTTCGA-1_4_2"
"1690","GCTTTCGGTAGACGGT-1_4_2"
"1691","GCTTTCGGTCCTACGG-1_4_2"
"1692","GGAACCCGTTAGGGAC-1_4_2"
"1693","GGAAGTGGTAGCTTTG-1_4_2"
"1694","GGAAGTGGTCTTCTAT-1_4_2"
"1695","GGAAGTGTCATTACGG-1_4_2"
"1696","GGAAGTGTCGCCGAAC-1_4_2"
"1697","GGAATCTAGACTCCGC-1_4_2"
"1698","GGAATCTCACAACATC-1_4_2"
"1699","GGAATCTGTACGATTC-1_4_2"
"1700","GGAATGGCAAACCACT-1_4_2"
"1701","GGAATGGCACACCTGG-1_4_2"
"1702","GGAATGGGTAACAGGC-1_4_2"
"1703","GGAATGGGTGATTCTG-1_4_2"
"1704","GGACGTCAGACGACGT-1_4_2"
"1705","GGACGTCCAGCTGTGC-1_4_2"
"1706","GGACGTCGTGGCTGCT-1_4_2"
"1707","GGACGTCTCGTCTCAC-1_4_2"
"1708","GGAGAACAGCTAAATG-1_4_2"
"1709","GGAGAACAGCTGTCCG-1_4_2"
"1710","GGAGAACCACCCTGAG-1_4_2"
"1711","GGAGATGCACGGGCTT-1_4_2"
"1712","GGAGATGCACTCCGGA-1_4_2"
"1713","GGAGATGGTACGGATG-1_4_2"
"1714","GGAGATGTCAGCCTCT-1_4_2"
"1715","GGAGATGTCATGAAAG-1_4_2"
"1716","GGAGCAAAGCGCTGAA-1_4_2"
"1717","GGAGCAAAGTAGGTTA-1_4_2"
"1718","GGAGCAAGTCATCGGC-1_4_2"
"1719","GGAGCAATCGACATAC-1_4_2"
"1720","GGAGGATTCAGCGTCG-1_4_2"
"1721","GGAGGTACAAGTCATC-1_4_2"
"1722","GGAGGTACATCGGAAG-1_4_2"
"1723","GGAGGTAGTAGTGTGG-1_4_2"
"1724","GGAGGTAGTCACCACG-1_4_2"
"1725","GGAGGTATCTCTGCCA-1_4_2"
"1726","GGATCTAAGATGTAGT-1_4_2"
"1727","GGATCTAGTGTAGGAC-1_4_2"
"1728","GGATGTTAGAGATTCA-1_4_2"
"1729","GGATGTTAGCTCTATG-1_4_2"
"1730","GGATGTTAGGTCGACA-1_4_2"
"1731","GGATGTTCAGACATCT-1_4_2"
"1732","GGATGTTCAGCCATTA-1_4_2"
"1733","GGATGTTGTACCTAGT-1_4_2"
"1734","GGATGTTGTGATGGCA-1_4_2"
"1735","GGCAGTCAGGCACCAA-1_4_2"
"1736","GGCAGTCCAGGTCAGA-1_4_2"
"1737","GGCAGTCTCCATGCAA-1_4_2"
"1738","GGCAGTCTCCGAGGCT-1_4_2"
"1739","GGCGTCAAGCGCCTAC-1_4_2"
"1740","GGCGTCATCGGTAGAG-1_4_2"
"1741","GGCTGTGGTGTTGACT-1_4_2"
"1742","GGCTTGGAGATCGCCC-1_4_2"
"1743","GGCTTGGAGCATGAAT-1_4_2"
"1744","GGCTTGGAGTGTCATC-1_4_2"
"1745","GGCTTGGCAGGTTCCG-1_4_2"
"1746","GGCTTGGGTAGAAACT-1_4_2"
"1747","GGCTTGGGTGATCATC-1_4_2"
"1748","GGCTTGGTCCACCCTA-1_4_2"
"1749","GGCTTTCAGCGTGAGT-1_4_2"
"1750","GGCTTTCGTACAGCGA-1_4_2"
"1751","GGCTTTCGTAGCGTAG-1_4_2"
"1752","GGGAAGTCATCACCAA-1_4_2"
"1753","GGGAAGTGTAGGAAAG-1_4_2"
"1754","GGGAAGTTCATGCATG-1_4_2"
"1755","GGGACAAAGAGGACTC-1_4_2"
"1756","GGGACAACAGAGTCTT-1_4_2"
"1757","GGGACAACATCACAGT-1_4_2"
"1758","GGGACCTAGTAAGCAT-1_4_2"
"1759","GGGACCTTCTTCCCAG-1_4_2"
"1760","GGGACTCAGGACCCAA-1_4_2"
"1761","GGGACTCCAGCTCTGG-1_4_2"
"1762","GGGACTCCATCTCATT-1_4_2"
"1763","GGGACTCGTTCGAGCC-1_4_2"
"1764","GGGAGATCAAGTCCCG-1_4_2"
"1765","GGGAGATGTGTGGTCC-1_4_2"
"1766","GGGAGTAAGTGTTCAC-1_4_2"
"1767","GGGAGTACAGAGGCTA-1_4_2"
"1768","GGGATCCAGGCATCTT-1_4_2"
"1769","GGGATGACAACGAGGT-1_4_2"
"1770","GGGATGACACAGGATG-1_4_2"
"1771","GGGATGACAGGTTCAT-1_4_2"
"1772","GGGATGACAGTCGCAC-1_4_2"
"1773","GGGATGAGTGGCCACT-1_4_2"
"1774","GGGCCATTCTACGGGC-1_4_2"
"1775","GGGCGTTAGATGTTGA-1_4_2"
"1776","GGGCGTTAGTTGGCTT-1_4_2"
"1777","GGGCGTTGTCCGGCAT-1_4_2"
"1778","GGGCTACAGCACCTGC-1_4_2"
"1779","GGGCTACAGCTATCTG-1_4_2"
"1780","GGGCTACTCAGCTCTC-1_4_2"
"1781","GGGCTACTCATTACCT-1_4_2"
"1782","GGGCTACTCCAGCTCT-1_4_2"
"1783","GGGCTCAGTAGCCCTG-1_4_2"
"1784","GGGCTCAGTCAGGCAA-1_4_2"
"1785","GGGCTCAGTCGCACGT-1_4_2"
"1786","GGGCTCATCCGATGCG-1_4_2"
"1787","GGGTAGAGTTGGACCC-1_4_2"
"1788","GGGTATTCAACAAAGT-1_4_2"
"1789","GGGTATTCATCCTATT-1_4_2"
"1790","GGGTATTGTCGCATGC-1_4_2"
"1791","GGGTATTTCGCAGAGA-1_4_2"
"1792","GGGTCACAGCTAAGTA-1_4_2"
"1793","GGGTCACAGGTCCGAA-1_4_2"
"1794","GGGTCACCAAAGTGTA-1_4_2"
"1795","GGGTCACCATAGACTC-1_4_2"
"1796","GGGTCTGCACCAGCCA-1_4_2"
"1797","GGGTCTGTCTGCACCT-1_4_2"
"1798","GGGTGAAAGGATGTTA-1_4_2"
"1799","GGGTGAATCCGTTGGG-1_4_2"
"1800","GGGTGTCAGCACTAGG-1_4_2"
"1801","GGGTGTCCAATAGAGT-1_4_2"
"1802","GGGTGTCCAATTGCCA-1_4_2"
"1803","GGGTGTCTCGAGCACC-1_4_2"
"1804","GGGTTATGTCGGATTT-1_4_2"
"1805","GGGTTATTCATGGAGG-1_4_2"
"1806","GGGTTATTCCGCGGAT-1_4_2"
"1807","GGGTTATTCTATCCAT-1_4_2"
"1808","GGGTTTAAGGCAGTCA-1_4_2"
"1809","GGGTTTACAATGTGGG-1_4_2"
"1810","GGGTTTAGTGAATAAC-1_4_2"
"1811","GGGTTTAGTGTAGTGG-1_4_2"
"1812","GGTAACTAGAGTTGTA-1_4_2"
"1813","GGTAATCCAACTTCTT-1_4_2"
"1814","GGTAATCCAATAAGGT-1_4_2"
"1815","GGTAATCCAGTCGGTC-1_4_2"
"1816","GGTAGAGAGACCTCCG-1_4_2"
"1817","GGTAGAGCAATCGCAT-1_4_2"
"1818","GGTAGAGCATCTATCT-1_4_2"
"1819","GGTAGAGGTATCAGGG-1_4_2"
"1820","GGTAGAGTCCCGAGGT-1_4_2"
"1821","GGTCACGAGTCATACC-1_4_2"
"1822","GGTCACGGTAACTTCG-1_4_2"
"1823","GGTCACGGTGTCACAT-1_4_2"
"1824","GGTCTGGCAAGTACCT-1_4_2"
"1825","GGTCTGGCAGAACGCA-1_4_2"
"1826","GGTCTGGGTAAGGTCG-1_4_2"
"1827","GGTCTGGGTCTTACAG-1_4_2"
"1828","GGTGAAGAGTATCTGC-1_4_2"
"1829","GGTGAAGGTACGACAG-1_4_2"
"1830","GGTGAAGGTGGTCCGT-1_4_2"
"1831","GGTGAAGTCGCTATTT-1_4_2"
"1832","GGTGATTAGTTGTAAG-1_4_2"
"1833","GGTGATTGTATTGAGA-1_4_2"
"1834","GGTGATTTCTCAACGA-1_4_2"
"1835","GGTGTCGAGACGATAT-1_4_2"
"1836","GGTGTCGAGGAAAGAC-1_4_2"
"1837","GGTGTCGCAGTCGCTG-1_4_2"
"1838","GGTGTCGGTGTTCAGT-1_4_2"
"1839","GGTGTTAAGACTTAAG-1_4_2"
"1840","GGTGTTAAGGTAATCA-1_4_2"
"1841","GGTGTTAAGTCGTCTA-1_4_2"
"1842","GGTGTTAGTGCCTTCT-1_4_2"
"1843","GGTGTTATCCAGGACC-1_4_2"
"1844","GGTGTTATCTGTGCTC-1_4_2"
"1845","GGTTAACTCTTGGCTC-1_4_2"
"1846","GGTTCTCAGGTTATAG-1_4_2"
"1847","GGTTGTAGTAGTGCGA-1_4_2"
"1848","GGTTGTAGTCTCGACG-1_4_2"
"1849","GTAACACAGAACTTCC-1_4_2"
"1850","GTAACACCATTACTCT-1_4_2"
"1851","GTAACACGTAGACGGT-1_4_2"
"1852","GTAACACGTCAACATC-1_4_2"
"1853","GTAACCAAGGAGACCT-1_4_2"
"1854","GTAACCACAAAGGGCT-1_4_2"
"1855","GTAACCATCAAACCCA-1_4_2"
"1856","GTAAGTCCACTGAGGA-1_4_2"
"1857","GTAATCGCAGCTGTTA-1_4_2"
"1858","GTAATCGGTACCGCGT-1_4_2"
"1859","GTAATCGGTACGTGTT-1_4_2"
"1860","GTAATCGTCCGTCAAA-1_4_2"
"1861","GTAATGCAGAGAAGGT-1_4_2"
"1862","GTAATGCCAAAGACGC-1_4_2"
"1863","GTAATGCCAATATCCG-1_4_2"
"1864","GTAATGCCATAGATGA-1_4_2"
"1865","GTAATGCGTATCAAGA-1_4_2"
"1866","GTAATGCGTCAGTCGC-1_4_2"
"1867","GTAATGCTCAGTCTTT-1_4_2"
"1868","GTACAACCAAGCTACT-1_4_2"
"1869","GTACAACCACCAAATC-1_4_2"
"1870","GTAGAAAGTCGCATTA-1_4_2"
"1871","GTAGAAATCAAGATAG-1_4_2"
"1872","GTAGAAATCGTGCATA-1_4_2"
"1873","GTAGAGGGTACGGATG-1_4_2"
"1874","GTAGATCAGAGATTCA-1_4_2"
"1875","GTAGATCCACGCAAAG-1_4_2"
"1876","GTAGATCGTCACTGAT-1_4_2"
"1877","GTAGATCGTCCTGGTG-1_4_2"
"1878","GTAGATCGTGGGATTG-1_4_2"
"1879","GTAGATCTCAGGGTAG-1_4_2"
"1880","GTAGATCTCATCAGTG-1_4_2"
"1881","GTAGCTATCAGGCGAA-1_4_2"
"1882","GTAGGAGAGAGTGTGC-1_4_2"
"1883","GTAGGAGCACGCGGTT-1_4_2"
"1884","GTAGGAGCAGAAACCG-1_4_2"
"1885","GTAGGAGCAGTGACCC-1_4_2"
"1886","GTAGGAGTCATCGGGC-1_4_2"
"1887","GTAGGAGTCGCGTGAC-1_4_2"
"1888","GTAGGTTAGGAAAGGT-1_4_2"
"1889","GTAGGTTAGTCTAGCT-1_4_2"
"1890","GTAGGTTCAACCACAT-1_4_2"
"1891","GTAGGTTTCACTTGTT-1_4_2"
"1892","GTAGTACAGACAGCTG-1_4_2"
"1893","GTAGTACAGAGAGTGA-1_4_2"
"1894","GTAGTACCAAGGTTGG-1_4_2"
"1895","GTAGTACCACCAGGTC-1_4_2"
"1896","GTAGTACGTATGGGAC-1_4_2"
"1897","GTAGTACGTCACTTAG-1_4_2"
"1898","GTAGTACTCAAATGCC-1_4_2"
"1899","GTATTGGCAGTCAACT-1_4_2"
"1900","GTATTTCAGTCACTCA-1_4_2"
"1901","GTATTTCCAAGCTACT-1_4_2"
"1902","GTATTTCCACACACTA-1_4_2"
"1903","GTATTTCTCCGCGATG-1_4_2"
"1904","GTATTTCTCGTAGTGT-1_4_2"
"1905","GTCAAGTAGATGCCGA-1_4_2"
"1906","GTCAAGTAGCTAGCCC-1_4_2"
"1907","GTCAAGTGTTGCTGAT-1_4_2"
"1908","GTCAAGTGTTTCACAG-1_4_2"
"1909","GTCACGGAGTATGGAT-1_4_2"
"1910","GTCACGGCATGAATCC-1_4_2"
"1911","GTCACGGTCGGTCATA-1_4_2"
"1912","GTCACTCAGCCATTTG-1_4_2"
"1913","GTCACTCCATAACGGG-1_4_2"
"1914","GTCACTCCATGCCATA-1_4_2"
"1915","GTCAGCGAGGTCATTC-1_4_2"
"1916","GTCAGCGAGTTAGAAC-1_4_2"
"1917","GTCAGCGGTGCTCCGA-1_4_2"
"1918","GTCAGCGTCACTAGCA-1_4_2"
"1919","GTCATCCAGCTGAAGC-1_4_2"
"1920","GTCATCCCAGAGCTAG-1_4_2"
"1921","GTCATCCGTGCATGAG-1_4_2"
"1922","GTCATGACAACAAGTA-1_4_2"
"1923","GTCATGACACTTCAAG-1_4_2"
"1924","GTCATGAGTTAAGTCC-1_4_2"
"1925","GTCATGATCATAGCAC-1_4_2"
"1926","GTCATTTAGAACGTGC-1_4_2"
"1927","GTCATTTGTATCGAAA-1_4_2"
"1928","GTCATTTTCGTCGATA-1_4_2"
"1929","GTCCACTCACCCTGAG-1_4_2"
"1930","GTCCACTCACTGTCGG-1_4_2"
"1931","GTCCACTTCAGCGGAA-1_4_2"
"1932","GTCCCATAGGTATAGT-1_4_2"
"1933","GTCCCATAGTGTACCT-1_4_2"
"1934","GTCCCATTCAAGTGTC-1_4_2"
"1935","GTCCTCAGTATGGAAT-1_4_2"
"1936","GTCGAATAGATGCTGG-1_4_2"
"1937","GTCGAATAGGTTCACT-1_4_2"
"1938","GTCGAATAGTTCCGTA-1_4_2"
"1939","GTCGAATGTTAAGGAT-1_4_2"
"1940","GTCGAATTCAGCGGAA-1_4_2"
"1941","GTCGAATTCCTCAGAA-1_4_2"
"1942","GTCGCGAAGCCTGTGC-1_4_2"
"1943","GTCGTAAAGCTTACGT-1_4_2"
"1944","GTCGTAACACCAAAGG-1_4_2"
"1945","GTCGTAATCGCCCAGA-1_4_2"
"1946","GTCGTAATCTAGCAAC-1_4_2"
"1947","GTCGTAATCTATCGCC-1_4_2"
"1948","GTCGTTCCATCGGTTA-1_4_2"
"1949","GTCGTTCGTCTGCGCA-1_4_2"
"1950","GTCGTTCTCGGTGTTA-1_4_2"
"1951","GTCTACCGTCTGATAC-1_4_2"
"1952","GTCTACCGTGTATTCG-1_4_2"
"1953","GTCTAGAAGAGCAACC-1_4_2"
"1954","GTCTAGACACTTACAG-1_4_2"
"1955","GTCTAGACATTCACCC-1_4_2"
"1956","GTCTAGATCACTTCTA-1_4_2"
"1957","GTCTCACGTACAGTAA-1_4_2"
"1958","GTCTCACGTTACCCTC-1_4_2"
"1959","GTCTGTCAGCCTCACG-1_4_2"
"1960","GTCTGTCGTGAGCAGT-1_4_2"
"1961","GTCTTTACACACGGTC-1_4_2"
"1962","GTCTTTACACCTGCAG-1_4_2"
"1963","GTCTTTACAGCTTCGG-1_4_2"
"1964","GTCTTTAGTATAATGG-1_4_2"
"1965","GTCTTTAGTCAGTCTA-1_4_2"
"1966","GTGACGCAGGGACCAT-1_4_2"
"1967","GTGACGCAGTCAGGGT-1_4_2"
"1968","GTGACGCCATCGTTCC-1_4_2"
"1969","GTGAGCCAGATTAGTG-1_4_2"
"1970","GTGAGGAGTGGTCTGC-1_4_2"
"1971","GTGAGGATCCGGTTCT-1_4_2"
"1972","GTGAGTTAGTTACGTC-1_4_2"
"1973","GTGAGTTCACTTGTCC-1_4_2"
"1974","GTGAGTTGTCAAACGG-1_4_2"
"1975","GTGAGTTTCCGTTTCG-1_4_2"
"1976","GTGAGTTTCTGCGGAC-1_4_2"
"1977","GTGATGTCACAAGCTT-1_4_2"
"1978","GTGATGTCAGGATGAC-1_4_2"
"1979","GTGCACGAGCCAAGGT-1_4_2"
"1980","GTGCACGAGCCTAGGA-1_4_2"
"1981","GTGCACGCAGTAGATA-1_4_2"
"1982","GTGCACGTCGTGCTCT-1_4_2"
"1983","GTGCAGCAGAGTTGCG-1_4_2"
"1984","GTGCAGCAGCGGACAT-1_4_2"
"1985","GTGCAGCCACCTGCGA-1_4_2"
"1986","GTGCAGCTCGGAGTGA-1_4_2"
"1987","GTGCGTGCACTTTAGG-1_4_2"
"1988","GTGCGTGTCCGTCCTA-1_4_2"
"1989","GTGCTGGAGAACTTCC-1_4_2"
"1990","GTGCTGGGTACTTGTG-1_4_2"
"1991","GTGCTGGGTCCTGTCT-1_4_2"
"1992","GTGCTGGTCCGAGTGC-1_4_2"
"1993","GTGCTTCCAAACCACT-1_4_2"
"1994","GTGCTTCCAACGGCCT-1_4_2"
"1995","GTGCTTCCAATTCTCT-1_4_2"
"1996","GTGCTTCCACGCTGCA-1_4_2"
"1997","GTGCTTCCAGTTCCAA-1_4_2"
"1998","GTGCTTCCATTGACTG-1_4_2"
"1999","GTGCTTCTCCACATAG-1_4_2"
"2000","GTGGAAGAGATAACAC-1_4_2"
"2001","GTGGAAGAGGTTGAGC-1_4_2"
"2002","GTGGAAGAGTCTGTAC-1_4_2"
"2003","GTGGAAGCAAGCGAAC-1_4_2"
"2004","GTGGAAGCACTACACA-1_4_2"
"2005","GTGGAAGGTCGGTGTC-1_4_2"
"2006","GTGGAAGTCGTACCTC-1_4_2"
"2007","GTGGAGAAGAATGTTG-1_4_2"
"2008","GTGGAGAGTCTAGTGT-1_4_2"
"2009","GTGGAGATCCGGCAAC-1_4_2"
"2010","GTGGCGTAGCGTCTGC-1_4_2"
"2011","GTGGGAAAGCAGTAAT-1_4_2"
"2012","GTGGGAAAGGAGAATG-1_4_2"
"2013","GTGGGAAGTAGACAGC-1_4_2"
"2014","GTGGGAAGTCTTACAG-1_4_2"
"2015","GTGGGAATCTGAATGC-1_4_2"
"2016","GTGGTTAAGCTGGTGA-1_4_2"
"2017","GTGGTTACAAAGGCTG-1_4_2"
"2018","GTGGTTAGTGTGTCCG-1_4_2"
"2019","GTGGTTATCCAACACA-1_4_2"
"2020","GTGTAACAGTCCTGCG-1_4_2"
"2021","GTGTAACGTGGTAACG-1_4_2"
"2022","GTGTAACTCCACGAAT-1_4_2"
"2023","GTGTAACTCTTAGCTT-1_4_2"
"2024","GTGTCCTAGCTCTATG-1_4_2"
"2025","GTGTCCTGTCGCTGCA-1_4_2"
"2026","GTGTGATCAAAGGGTC-1_4_2"
"2027","GTGTGATCAACTCATG-1_4_2"
"2028","GTGTGGCAGGAAAGTG-1_4_2"
"2029","GTGTTAGAGCACCGTC-1_4_2"
"2030","GTGTTAGAGCGCCCAT-1_4_2"
"2031","GTGTTAGCACCGGTCA-1_4_2"
"2032","GTGTTCCAGGTCCCGT-1_4_2"
"2033","GTGTTCCAGTTCCGTA-1_4_2"
"2034","GTGTTCCTCCGTGACG-1_4_2"
"2035","GTTACAGAGCCTAACT-1_4_2"
"2036","GTTACAGCAGAACTTC-1_4_2"
"2037","GTTACAGTCGACACCG-1_4_2"
"2038","GTTACCCAGAAGCGGG-1_4_2"
"2039","GTTACCCAGAGGATCC-1_4_2"
"2040","GTTACCCAGCAACAGC-1_4_2"
"2041","GTTACGACAATGTGGG-1_4_2"
"2042","GTTACGACAGAGGTAC-1_4_2"
"2043","GTTACGACATAACCCA-1_4_2"
"2044","GTTACGAGTGTCCGGT-1_4_2"
"2045","GTTACGAGTTACGGAG-1_4_2"
"2046","GTTACGAGTTGCCAAT-1_4_2"
"2047","GTTAGACCAGTCTACA-1_4_2"
"2048","GTTAGACGTAGCGCTC-1_4_2"
"2049","GTTAGACTCCTCTCGA-1_4_2"
"2050","GTTAGACTCTCATTAC-1_4_2"
"2051","GTTAGTGCAACAAAGT-1_4_2"
"2052","GTTAGTGTCAGTGGGA-1_4_2"
"2053","GTTATGGAGAAGCGAA-1_4_2"
"2054","GTTATGGAGACCATGG-1_4_2"
"2055","GTTCATTCACATAGCT-1_4_2"
"2056","GTTCATTTCCCGAAAT-1_4_2"
"2057","GTTCCGTAGGCCGCTT-1_4_2"
"2058","GTTCGCTCAAGAGAGA-1_4_2"
"2059","GTTCGCTGTAGGACCA-1_4_2"
"2060","GTTCGCTGTATTGACC-1_4_2"
"2061","GTTCTATAGGGTGAGG-1_4_2"
"2062","GTTCTATAGGTAGCCA-1_4_2"
"2063","GTTCTATAGTGGGAAA-1_4_2"
"2064","GTTCTATCACCTGATA-1_4_2"
"2065","GTTCTATGTATCGAAA-1_4_2"
"2066","GTTCTATGTCGCTCGA-1_4_2"
"2067","GTTCTATGTTAAGACA-1_4_2"
"2068","GTTGAACAGATCGGTG-1_4_2"
"2069","GTTGAACCAACCGCTG-1_4_2"
"2070","GTTGAACCACTATCGA-1_4_2"
"2071","GTTGCGGAGCGCCATC-1_4_2"
"2072","GTTGCGGAGGCTGAAC-1_4_2"
"2073","GTTGCGGAGGGTAATT-1_4_2"
"2074","GTTGCGGCAAAGGCGT-1_4_2"
"2075","GTTGCGGTCGCGATCG-1_4_2"
"2076","GTTGCTCAGAGTCACG-1_4_2"
"2077","GTTGCTCAGCCTTCTC-1_4_2"
"2078","GTTGCTCTCTCCCTAG-1_4_2"
"2079","GTTGTAGAGAGCATCG-1_4_2"
"2080","GTTGTAGAGCTCACTA-1_4_2"
"2081","GTTGTAGGTAGTCTGT-1_4_2"
"2082","GTTGTCCAGAGCTTTC-1_4_2"
"2083","GTTGTCCAGAGGGTCT-1_4_2"
"2084","GTTGTCCCAGCTATAC-1_4_2"
"2085","GTTGTGAAGGGTACGT-1_4_2"
"2086","GTTGTGACACTGCACG-1_4_2"
"2087","GTTGTGACAGTAGTGG-1_4_2"
"2088","GTTTACTCAATTAGGA-1_4_2"
"2089","GTTTACTCATGATGCT-1_4_2"
"2090","GTTTGGAGTGACTGAG-1_4_2"
"2091","TAACACGCATTCTCCG-1_4_2"
"2092","TAACACGTCAGGGATG-1_4_2"
"2093","TAACCAGAGCCACAAG-1_4_2"
"2094","TAACCAGAGCCTTTGA-1_4_2"
"2095","TAACCAGCACTATCCC-1_4_2"
"2096","TAACCAGGTTACGTAC-1_4_2"
"2097","TAACGACAGGTCCAGA-1_4_2"
"2098","TAACGACGTAGCTTAC-1_4_2"
"2099","TAACTTCCAGACACAG-1_4_2"
"2100","TAACTTCCATAGCACT-1_4_2"
"2101","TAAGCACGTATCGCTA-1_4_2"
"2102","TAAGCACGTTAAGTCC-1_4_2"
"2103","TAAGCCAAGGCACAAC-1_4_2"
"2104","TAAGCCAGTTAGGCTT-1_4_2"
"2105","TAAGCCAGTTGTCATG-1_4_2"
"2106","TAAGCGTAGGATTACA-1_4_2"
"2107","TAAGCGTTCCTTTAGT-1_4_2"
"2108","TAAGCGTTCGAGAAGC-1_4_2"
"2109","TAAGTCGCACTGATTG-1_4_2"
"2110","TAAGTCGCAGTGCGCT-1_4_2"
"2111","TAAGTCGTCCCTCTTT-1_4_2"
"2112","TAATCTCTCACTCTTA-1_4_2"
"2113","TAATCTCTCTGGGCGT-1_4_2"
"2114","TAATTCCAGCTCCCTT-1_4_2"
"2115","TAATTCCAGGCTTAGG-1_4_2"
"2116","TACAACGAGTACAGCG-1_4_2"
"2117","TACAACGGTTGCGAAG-1_4_2"
"2118","TACAACGTCAACTTTC-1_4_2"
"2119","TACAACGTCTATTCGT-1_4_2"
"2120","TACACCCCAAAGGCTG-1_4_2"
"2121","TACACCCCAGTATTCG-1_4_2"
"2122","TACACCCCATCTTAGG-1_4_2"
"2123","TACACCCGTAACATCC-1_4_2"
"2124","TACACCCGTCTAGTGT-1_4_2"
"2125","TACACCCTCAAGTCGT-1_4_2"
"2126","TACAGGTCACGTAGAG-1_4_2"
"2127","TACAGGTGTATGGTTC-1_4_2"
"2128","TACATTCGTCTGATCA-1_4_2"
"2129","TACCCACCATGGCACC-1_4_2"
"2130","TACCCACGTTATTCTC-1_4_2"
"2131","TACCCACGTTCCATTT-1_4_2"
"2132","TACCCACTCTGTGCTC-1_4_2"
"2133","TACCCGTGTTGATGTC-1_4_2"
"2134","TACCCGTTCGGTCTAA-1_4_2"
"2135","TACCCGTTCGTCCATC-1_4_2"
"2136","TACCCGTTCTCTAAGG-1_4_2"
"2137","TACCCGTTCTGGCTGG-1_4_2"
"2138","TACCGAAAGACTCTTG-1_4_2"
"2139","TACCGAAGTCTTGCGG-1_4_2"
"2140","TACCGAATCTATCGCC-1_4_2"
"2141","TACCGGGAGACCAAGC-1_4_2"
"2142","TACCGGGAGCAGGCTA-1_4_2"
"2143","TACCGGGCAAGGACAC-1_4_2"
"2144","TACCGGGCACATCATG-1_4_2"
"2145","TACCGGGCAGAGGAAA-1_4_2"
"2146","TACCGGGTCAGGACAG-1_4_2"
"2147","TACCGGGTCGAAGGAC-1_4_2"
"2148","TACCTCGAGACCATAA-1_4_2"
"2149","TACCTGCTCCAGGACC-1_4_2"
"2150","TACCTGCTCCCGAGAC-1_4_2"
"2151","TACGCTCCATATGGCT-1_4_2"
"2152","TACGCTCTCGTCGCTT-1_4_2"
"2153","TACGGGCAGGCTCCCA-1_4_2"
"2154","TACGGGCCACGGATCC-1_4_2"
"2155","TACGGTAAGTCGGGAT-1_4_2"
"2156","TACGGTAGTTGCAAGG-1_4_2"
"2157","TACGGTATCGTAGAGG-1_4_2"
"2158","TACGTCCCACAAATGA-1_4_2"
"2159","TACGTCCGTAAGATTG-1_4_2"
"2160","TACGTCCGTCTTCATT-1_4_2"
"2161","TACGTCCTCATACGGT-1_4_2"
"2162","TACGTCCTCGACGATT-1_4_2"
"2163","TACTGCCAGACTCTTG-1_4_2"
"2164","TACTGCCTCAGAGCAG-1_4_2"
"2165","TACTTACAGGAAAGGT-1_4_2"
"2166","TACTTCAGTCCTCATC-1_4_2"
"2167","TACTTCAGTGAGGATC-1_4_2"
"2168","TACTTCATCGCACGAC-1_4_2"
"2169","TACTTCATCTTCCAGC-1_4_2"
"2170","TACTTGTAGTCAGCCC-1_4_2"
"2171","TAGACCAGTCGTTGGC-1_4_2"
"2172","TAGACCATCTCGTGGG-1_4_2"
"2173","TAGACTGGTACTAACC-1_4_2"
"2174","TAGACTGTCCCAGGAC-1_4_2"
"2175","TAGACTGTCGTTCTGC-1_4_2"
"2176","TAGACTGTCTTTCCAA-1_4_2"
"2177","TAGAGTCCATTGAAGA-1_4_2"
"2178","TAGAGTCCATTGGGAG-1_4_2"
"2179","TAGAGTCGTCACGTGC-1_4_2"
"2180","TAGATCGAGAGCATTA-1_4_2"
"2181","TAGATCGCAGTCGTTA-1_4_2"
"2182","TAGATCGGTAAGGTCG-1_4_2"
"2183","TAGATCGTCTAGCAAC-1_4_2"
"2184","TAGCACAAGTGTTGAA-1_4_2"
"2185","TAGGAGGAGGGTAATT-1_4_2"
"2186","TAGGAGGGTCTGTGAT-1_4_2"
"2187","TAGGAGGTCAGAGCGA-1_4_2"
"2188","TAGGGTTCACTCTGCT-1_4_2"
"2189","TAGGGTTGTGCACAAG-1_4_2"
"2190","TAGGTACAGTGGAATT-1_4_2"
"2191","TAGGTACGTACTTGTG-1_4_2"
"2192","TAGGTACGTTGCATGT-1_4_2"
"2193","TAGGTTGTCAGCCTCT-1_4_2"
"2194","TAGGTTGTCATAGAGA-1_4_2"
"2195","TAGTGCACACTGTTCC-1_4_2"
"2196","TATACCTCACTAACGT-1_4_2"
"2197","TATACCTGTCGTCAGC-1_4_2"
"2198","TATATCCCAAACACCT-1_4_2"
"2199","TATATCCCATTGACTG-1_4_2"
"2200","TATATCCGTAAGCTCT-1_4_2"
"2201","TATATCCGTACCCAGC-1_4_2"
"2202","TATATCCGTGAACTAA-1_4_2"
"2203","TATCAGGAGATGAAGG-1_4_2"
"2204","TATCAGGCAGAGGTAC-1_4_2"
"2205","TATCAGGCAGCGAACA-1_4_2"
"2206","TATCAGGGTTAGAGAT-1_4_2"
"2207","TATCAGGTCTCATTGT-1_4_2"
"2208","TATCCTAAGCGTTAGG-1_4_2"
"2209","TATCGCCTCGTTTACT-1_4_2"
"2210","TATCTTGCAACGACAG-1_4_2"
"2211","TATCTTGTCCTGTACC-1_4_2"
"2212","TATGTTCAGAAGCCAC-1_4_2"
"2213","TATGTTCAGACTTAAG-1_4_2"
"2214","TATGTTCAGCGCCTAC-1_4_2"
"2215","TATGTTCAGTAATACG-1_4_2"
"2216","TATGTTCAGTGACACG-1_4_2"
"2217","TATGTTCCAACACTAC-1_4_2"
"2218","TATGTTCCACAGTACT-1_4_2"
"2219","TATGTTCGTACGGTTT-1_4_2"
"2220","TATGTTCTCATCGCCT-1_4_2"
"2221","TATGTTCTCCGATAGT-1_4_2"
"2222","TATTCCACAGCACAAG-1_4_2"
"2223","TATTCCAGTATGATCC-1_4_2"
"2224","TATTGCTAGTCTTGGT-1_4_2"
"2225","TATTGCTCAGAGATTA-1_4_2"
"2226","TATTGCTGTCAGCTTA-1_4_2"
"2227","TATTGCTGTGTGTGGA-1_4_2"
"2228","TATTGCTTCGGTGCAC-1_4_2"
"2229","TATTGCTTCTAGTGAC-1_4_2"
"2230","TATTGGGAGGAGAATG-1_4_2"
"2231","TATTGGGGTCACCCTT-1_4_2"
"2232","TATTGGGTCGACGAGA-1_4_2"
"2233","TATTTCGAGTCAGAGC-1_4_2"
"2234","TATTTCGCACTAACGT-1_4_2"
"2235","TATTTCGGTACGTGTT-1_4_2"
"2236","TATTTCGTCCCGAATA-1_4_2"
"2237","TATTTCGTCTGCTCTG-1_4_2"
"2238","TCAAGACGTGGAACCA-1_4_2"
"2239","TCAAGCAAGGTACAAT-1_4_2"
"2240","TCAAGCACAAGCACAG-1_4_2"
"2241","TCAAGCACAATAACGA-1_4_2"
"2242","TCAAGCAGTCGCATGC-1_4_2"
"2243","TCAAGCATCGTTCGCT-1_4_2"
"2244","TCAAGTGTCTCATAGG-1_4_2"
"2245","TCAATCTCACGACAGA-1_4_2"
"2246","TCAATCTGTTCCGCAG-1_4_2"
"2247","TCAATTCAGAGGCGGA-1_4_2"
"2248","TCAATTCGTCTATGAC-1_4_2"
"2249","TCAATTCTCGCTTGCT-1_4_2"
"2250","TCAATTCTCTCACCCA-1_4_2"
"2251","TCACAAGAGAAGAACG-1_4_2"
"2252","TCACAAGAGGGAGATA-1_4_2"
"2253","TCACAAGTCTTCGACC-1_4_2"
"2254","TCACATTCATACCATG-1_4_2"
"2255","TCACATTGTAGAGGAA-1_4_2"
"2256","TCACATTGTCTTCGAA-1_4_2"
"2257","TCACATTTCGCTAAAC-1_4_2"
"2258","TCACGCTAGACCTGGA-1_4_2"
"2259","TCACGCTAGGATCATA-1_4_2"
"2260","TCACGCTCACCTAAAC-1_4_2"
"2261","TCACGCTGTGCAATGG-1_4_2"
"2262","TCACGGGCAAATCGGG-1_4_2"
"2263","TCACTCGGTGCCGTTG-1_4_2"
"2264","TCAGCAAAGGACTATA-1_4_2"
"2265","TCAGCAACAGGTGAGT-1_4_2"
"2266","TCAGCAAGTTAAGAAC-1_4_2"
"2267","TCAGCCTCAACCCTAA-1_4_2"
"2268","TCAGGGCAGACCATAA-1_4_2"
"2269","TCAGGGCAGGGACAGG-1_4_2"
"2270","TCAGGGCTCATGAGTC-1_4_2"
"2271","TCAGGGCTCGTGTTCC-1_4_2"
"2272","TCAGTCCAGTATGGCG-1_4_2"
"2273","TCAGTCCCACACAGAG-1_4_2"
"2274","TCAGTGAAGTCACTCA-1_4_2"
"2275","TCAGTGACACATGAAA-1_4_2"
"2276","TCAGTGACAGACACAG-1_4_2"
"2277","TCAGTGACATCGAACT-1_4_2"
"2278","TCAGTGAGTCATCCGG-1_4_2"
"2279","TCAGTGATCAACTACG-1_4_2"
"2280","TCAGTTTGTGATGTAA-1_4_2"
"2281","TCATACTAGGGAGTTC-1_4_2"
"2282","TCATACTCAAGCCCAC-1_4_2"
"2283","TCATACTCATAGGTTC-1_4_2"
"2284","TCATACTGTAGTTCCA-1_4_2"
"2285","TCATACTTCGTCAAAC-1_4_2"
"2286","TCATATCTCAAGGACG-1_4_2"
"2287","TCATATCTCCGTGACG-1_4_2"
"2288","TCATATCTCCGTGCGA-1_4_2"
"2289","TCATCATAGTTCCATG-1_4_2"
"2290","TCATCATCACGACAAG-1_4_2"
"2291","TCATCCGAGGATGGCT-1_4_2"
"2292","TCATCCGAGGCGAAGG-1_4_2"
"2293","TCATCCGCACACACGC-1_4_2"
"2294","TCATCCGTCCGTGGGT-1_4_2"
"2295","TCATGAGGTCGTATTG-1_4_2"
"2296","TCATGAGTCTGCCTCA-1_4_2"
"2297","TCATGCCAGTAGGTTA-1_4_2"
"2298","TCATGCCCACAATGAA-1_4_2"
"2299","TCATGCCTCTCTCCGA-1_4_2"
"2300","TCATGGAAGGCACAAC-1_4_2"
"2301","TCATGGAAGTTCCTGA-1_4_2"
"2302","TCATGGACAAATCAGA-1_4_2"
"2303","TCATGGACAGCTGGTC-1_4_2"
"2304","TCATGGAGTATGCGTT-1_4_2"
"2305","TCATGGAGTCAAGGCA-1_4_2"
"2306","TCATGGAGTGGCATCC-1_4_2"
"2307","TCATGTTAGCGTTACT-1_4_2"
"2308","TCATGTTCATAACCCA-1_4_2"
"2309","TCATGTTGTAGCTTTG-1_4_2"
"2310","TCATGTTTCCTTCAGC-1_4_2"
"2311","TCATTACAGCTCGCAC-1_4_2"
"2312","TCATTACAGGGATGTC-1_4_2"
"2313","TCATTACGTGTCATTG-1_4_2"
"2314","TCATTACGTTCAGCGC-1_4_2"
"2315","TCATTCAAGGGTTGCA-1_4_2"
"2316","TCATTCATCATCGGGC-1_4_2"
"2317","TCATTCATCTCGTTTA-1_4_2"
"2318","TCATTGTCAACGCCCA-1_4_2"
"2319","TCATTGTCATTGCTGA-1_4_2"
"2320","TCATTGTTCCACTTCG-1_4_2"
"2321","TCATTTGAGGTCGACA-1_4_2"
"2322","TCATTTGCACACCTGG-1_4_2"
"2323","TCATTTGCAGAACTCT-1_4_2"
"2324","TCATTTGGTGAGTAGC-1_4_2"
"2325","TCATTTGGTTGGCCGT-1_4_2"
"2326","TCCACCACAGGACAGT-1_4_2"
"2327","TCCACCACAGGCATGA-1_4_2"
"2328","TCCACCAGTGTACGCC-1_4_2"
"2329","TCCACGTCAAGCTGCC-1_4_2"
"2330","TCCACGTCAGTTTGGT-1_4_2"
"2331","TCCAGAAAGGTTACCT-1_4_2"
"2332","TCCAGAAAGTAGCTCT-1_4_2"
"2333","TCCAGAAAGTTCGGTT-1_4_2"
"2334","TCCAGAACACACGTGC-1_4_2"
"2335","TCCAGAAGTGCGACAA-1_4_2"
"2336","TCCAGAATCTCGTGAA-1_4_2"
"2337","TCCAGAATCTGCGTCT-1_4_2"
"2338","TCCATCGGTAACGCGA-1_4_2"
"2339","TCCATCGGTTTCGTTT-1_4_2"
"2340","TCCATCGTCGAGAACG-1_4_2"
"2341","TCCCACAAGGTCATCT-1_4_2"
"2342","TCCCACACAGCATTGT-1_4_2"
"2343","TCCCACATCAAATGCC-1_4_2"
"2344","TCCCAGTCAAACTGCT-1_4_2"
"2345","TCCCAGTTCTAAGGAA-1_4_2"
"2346","TCCCATGGTGCTCCGA-1_4_2"
"2347","TCCCATGTCGCCTATC-1_4_2"
"2348","TCCGAAAAGCACTCAT-1_4_2"
"2349","TCCGAAAAGGCCCACT-1_4_2"
"2350","TCCGAAACATATGCGT-1_4_2"
"2351","TCCGAAACATGTGACT-1_4_2"
"2352","TCCGAAAGTCCTGGTG-1_4_2"
"2353","TCCGAAAGTCTAGGCC-1_4_2"
"2354","TCCGAAATCGTCCTTG-1_4_2"
"2355","TCCGATCAGCTCTTCC-1_4_2"
"2356","TCCGATCGTAACTAAG-1_4_2"
"2357","TCCGATCTCTCTCTTC-1_4_2"
"2358","TCCGGGACAAGAGATT-1_4_2"
"2359","TCCGGGACACCCTTGT-1_4_2"
"2360","TCCGGGACACTGGACC-1_4_2"
"2361","TCCGGGAGTATCCTCC-1_4_2"
"2362","TCCGTGTCAAATCCCA-1_4_2"
"2363","TCCGTGTCACTTGGCG-1_4_2"
"2364","TCCTAATAGGTGCTAG-1_4_2"
"2365","TCCTAATCATGGAACG-1_4_2"
"2366","TCCTAATTCTGGGAGA-1_4_2"
"2367","TCCTCCCGTACAGTAA-1_4_2"
"2368","TCCTCCCTCTCTGAGA-1_4_2"
"2369","TCCTCGAAGCGTCAGA-1_4_2"
"2370","TCCTCGATCGCAGATT-1_4_2"
"2371","TCCTCGATCGGAGCAA-1_4_2"
"2372","TCCTCTTCACTCTGCT-1_4_2"
"2373","TCCTCTTCAGTTGCGC-1_4_2"
"2374","TCCTCTTGTCATAGTC-1_4_2"
"2375","TCCTCTTGTGACATCT-1_4_2"
"2376","TCCTGCAAGCACACCC-1_4_2"
"2377","TCCTGCACAAAGCGTG-1_4_2"
"2378","TCCTGCACAAGCTACT-1_4_2"
"2379","TCCTGCAGTTTGACAC-1_4_2"
"2380","TCCTTCTAGGTCGTGA-1_4_2"
"2381","TCCTTCTAGTGAGGCT-1_4_2"
"2382","TCCTTTCCACTTGAAC-1_4_2"
"2383","TCCTTTCTCAAGTCGT-1_4_2"
"2384","TCGAACACAACACAAA-1_4_2"
"2385","TCGAAGTAGGAACTAT-1_4_2"
"2386","TCGAAGTCAAATGAAC-1_4_2"
"2387","TCGAAGTCAGACCTGC-1_4_2"
"2388","TCGAAGTGTATCGAGG-1_4_2"
"2389","TCGAAGTGTTGACGGA-1_4_2"
"2390","TCGACCTGTTAACAGA-1_4_2"
"2391","TCGACCTTCAAGATAG-1_4_2"
"2392","TCGACCTTCCAGTTCC-1_4_2"
"2393","TCGACCTTCGGTAGAG-1_4_2"
"2394","TCGACGGGTTTCGTGA-1_4_2"
"2395","TCGACGGTCAAACCCA-1_4_2"
"2396","TCGACGGTCACAAGGG-1_4_2"
"2397","TCGACGGTCTTCGGTC-1_4_2"
"2398","TCGATTTAGGTTGACG-1_4_2"
"2399","TCGATTTGTCCGAAGA-1_4_2"
"2400","TCGATTTGTCGCCTAG-1_4_2"
"2401","TCGATTTTCATTATCC-1_4_2"
"2402","TCGCACTCAGGATTCT-1_4_2"
"2403","TCGCACTCATGGAATA-1_4_2"
"2404","TCGCACTGTGCCTATA-1_4_2"
"2405","TCGCAGGAGAGGATCC-1_4_2"
"2406","TCGCTCAAGGTCCCTG-1_4_2"
"2407","TCGCTCAAGTCGCGAA-1_4_2"
"2408","TCGCTCATCTGTAAGC-1_4_2"
"2409","TCGCTTGAGGTTAAAC-1_4_2"
"2410","TCGCTTGAGTTCGGTT-1_4_2"
"2411","TCGCTTGCACATAACC-1_4_2"
"2412","TCGCTTGTCCATTTCA-1_4_2"
"2413","TCGGATATCGCACGAC-1_4_2"
"2414","TCGGGACAGCAAGTGC-1_4_2"
"2415","TCGGGACAGGCAGCTA-1_4_2"
"2416","TCGGGACAGGGAACAA-1_4_2"
"2417","TCGGGACCACTGAGTT-1_4_2"
"2418","TCGGGACGTCGAAGCA-1_4_2"
"2419","TCGGGACTCTGACCCT-1_4_2"
"2420","TCGGGCAAGTAGTGCG-1_4_2"
"2421","TCGGGCACAATTTCTC-1_4_2"
"2422","TCGGGCACATGACAAA-1_4_2"
"2423","TCGGGCAGTATCTCTT-1_4_2"
"2424","TCGGGCATCCTTCTAA-1_4_2"
"2425","TCGGGTGAGAAAGTCT-1_4_2"
"2426","TCGGGTGAGATACTGA-1_4_2"
"2427","TCGGGTGAGGCCTGCT-1_4_2"
"2428","TCGGGTGAGTCGCTAT-1_4_2"
"2429","TCGGGTGCAAGAGCTG-1_4_2"
"2430","TCGTAGACAAGTCCCG-1_4_2"
"2431","TCGTAGATCTGGGCAC-1_4_2"
"2432","TCGTCCAAGAGCATAT-1_4_2"
"2433","TCGTCCAAGAGCCGTA-1_4_2"
"2434","TCGTCCAGTTCTAAGC-1_4_2"
"2435","TCGTGCTAGTAGTCTC-1_4_2"
"2436","TCGTGCTCAACCGCTG-1_4_2"
"2437","TCGTGCTCACCTCTGT-1_4_2"
"2438","TCGTGGGCATCCTTCG-1_4_2"
"2439","TCGTGGGTCCCTTTGG-1_4_2"
"2440","TCTAACTGTCTAGATC-1_4_2"
"2441","TCTAACTTCAGATGCT-1_4_2"
"2442","TCTACATAGCGTCAGA-1_4_2"
"2443","TCTACATAGCTCAGAG-1_4_2"
"2444","TCTACATAGGTGGCTA-1_4_2"
"2445","TCTACATGTGACAGCA-1_4_2"
"2446","TCTACCGAGTCCCGAC-1_4_2"
"2447","TCTATACAGTGATTCC-1_4_2"
"2448","TCTATACGTACGACTT-1_4_2"
"2449","TCTATACTCCGTTTCG-1_4_2"
"2450","TCTATACTCTCCCAAC-1_4_2"
"2451","TCTATCAAGAGATGCC-1_4_2"
"2452","TCTATCACATAATCCG-1_4_2"
"2453","TCTATCAGTCTCTCTG-1_4_2"
"2454","TCTATCATCGCAAGAG-1_4_2"
"2455","TCTATCATCGTACCTC-1_4_2"
"2456","TCTCACGTCCAAATGC-1_4_2"
"2457","TCTCACGTCGTTCCTG-1_4_2"
"2458","TCTCAGCAGATACTGA-1_4_2"
"2459","TCTCAGCGTATACCCA-1_4_2"
"2460","TCTCAGCGTGACTAAA-1_4_2"
"2461","TCTCAGCTCACATCAG-1_4_2"
"2462","TCTCAGCTCCCTCGAT-1_4_2"
"2463","TCTCAGCTCTTGATTC-1_4_2"
"2464","TCTCCGACATGACAAA-1_4_2"
"2465","TCTCCGATCAACTCTT-1_4_2"
"2466","TCTCCGATCCCTGTTG-1_4_2"
"2467","TCTCTGGAGTGACACG-1_4_2"
"2468","TCTCTGGGTGGCGCTT-1_4_2"
"2469","TCTGCCAGTGGCTGCT-1_4_2"
"2470","TCTGGCTAGGGCTTCC-1_4_2"
"2471","TCTGGCTAGTCAGCCC-1_4_2"
"2472","TCTGGCTGTGTCATTG-1_4_2"
"2473","TCTGTCGGTAAGCAAT-1_4_2"
"2474","TCTGTCGGTGTAAATG-1_4_2"
"2475","TCTGTCGTCCGTGTAA-1_4_2"
"2476","TCTGTCGTCCTCAGAA-1_4_2"
"2477","TCTTAGTAGCTTTCCC-1_4_2"
"2478","TCTTAGTTCAAGCGTT-1_4_2"
"2479","TCTTAGTTCTTGGATG-1_4_2"
"2480","TCTTCCTGTAGCGTCC-1_4_2"
"2481","TCTTGCGAGTGAATAC-1_4_2"
"2482","TCTTGCGCAAGTACCT-1_4_2"
"2483","TCTTTGACACGCTATA-1_4_2"
"2484","TCTTTGAGTTCGAACT-1_4_2"
"2485","TCTTTGAGTTTAGACC-1_4_2"
"2486","TGAACGTAGGTCGACA-1_4_2"
"2487","TGAACGTCAATGTCTG-1_4_2"
"2488","TGAACGTCACACGCCA-1_4_2"
"2489","TGAACGTTCGCTTTAT-1_4_2"
"2490","TGAATCGGTATGCTAC-1_4_2"
"2491","TGAATGCCATGCCATA-1_4_2"
"2492","TGACAGTAGCTCCACG-1_4_2"
"2493","TGACAGTCATACCGTA-1_4_2"
"2494","TGACAGTGTAAGGCTG-1_4_2"
"2495","TGACCCTAGCCATTTG-1_4_2"
"2496","TGACCCTAGGATTCAA-1_4_2"
"2497","TGACCCTCAGTTAAAG-1_4_2"
"2498","TGACCCTCAGTTTGGT-1_4_2"
"2499","TGACGCGCATCCGGCA-1_4_2"
"2500","TGACGCGGTCGTACAT-1_4_2"
"2501","TGACGCGGTTGAGTCT-1_4_2"
"2502","TGACGCGTCACAAGGG-1_4_2"
"2503","TGACGCGTCGCTACGG-1_4_2"
"2504","TGACTCCAGTAAAGCT-1_4_2"
"2505","TGACTCCCACCGTGGT-1_4_2"
"2506","TGACTCCGTGCCGTAC-1_4_2"
"2507","TGACTCCTCCAAAGGG-1_4_2"
"2508","TGAGACTGTCGTGATT-1_4_2"
"2509","TGAGACTTCCTGTAAG-1_4_2"
"2510","TGAGCATAGGTAGGCT-1_4_2"
"2511","TGAGCATGTCGAGCAA-1_4_2"
"2512","TGAGCATGTCGCTTGG-1_4_2"
"2513","TGAGCGCAGCCTATTG-1_4_2"
"2514","TGAGCGCCAACTGCTA-1_4_2"
"2515","TGAGGAGAGTAACCTC-1_4_2"
"2516","TGAGGAGGTCCACAGC-1_4_2"
"2517","TGAGGAGGTGCCTGAC-1_4_2"
"2518","TGAGGGAAGATCGACG-1_4_2"
"2519","TGAGGGAGTGGCTTAT-1_4_2"
"2520","TGAGGTTAGCAAGGAA-1_4_2"
"2521","TGAGGTTAGTGCACAG-1_4_2"
"2522","TGATCAGGTGTGTCCG-1_4_2"
"2523","TGATCTTCACTGGCCA-1_4_2"
"2524","TGATCTTCAGTCTGGC-1_4_2"
"2525","TGATCTTGTACTAACC-1_4_2"
"2526","TGATCTTGTTACACAC-1_4_2"
"2527","TGATCTTGTTGTGGAG-1_4_2"
"2528","TGATCTTTCACTGATG-1_4_2"
"2529","TGATGGTCAATAGTAG-1_4_2"
"2530","TGATGGTGTAAGATTG-1_4_2"
"2531","TGATGGTTCGGTCTAA-1_4_2"
"2532","TGATTCTGTATGAAGT-1_4_2"
"2533","TGATTCTTCGCAATGT-1_4_2"
"2534","TGATTTCGTACTGCCG-1_4_2"
"2535","TGATTTCTCATAGACC-1_4_2"
"2536","TGATTTCTCGCTTGCT-1_4_2"
"2537","TGCACGGCAGGTCCCA-1_4_2"
"2538","TGCACGGCATCGTGGC-1_4_2"
"2539","TGCACGGCATCTGTTT-1_4_2"
"2540","TGCACGGGTTTCCCAC-1_4_2"
"2541","TGCACGGTCCATACAG-1_4_2"
"2542","TGCAGATAGTTGCCCG-1_4_2"
"2543","TGCAGGCAGACAAGCC-1_4_2"
"2544","TGCAGGCCACAACGTT-1_4_2"
"2545","TGCAGGCCACACCAGC-1_4_2"
"2546","TGCAGGCCATAGCACT-1_4_2"
"2547","TGCAGGCCATTCGATG-1_4_2"
"2548","TGCAGTACACAATGAA-1_4_2"
"2549","TGCAGTAGTACTGCCG-1_4_2"
"2550","TGCAGTATCTGCTTTA-1_4_2"
"2551","TGCATCCTCTACAGGT-1_4_2"
"2552","TGCATGACATCCGTGG-1_4_2"
"2553","TGCCGAGAGCCGATTT-1_4_2"
"2554","TGCCGAGGTCTTTCTA-1_4_2"
"2555","TGCCGAGGTTCGGCGT-1_4_2"
"2556","TGCCGAGTCCAAACCA-1_4_2"
"2557","TGCCGAGTCTGGGCCA-1_4_2"
"2558","TGCGACGAGTTGAAAC-1_4_2"
"2559","TGCGACGCACTCATAG-1_4_2"
"2560","TGCGACGGTTGGTGTT-1_4_2"
"2561","TGCGACGTCTGTCGTC-1_4_2"
"2562","TGCGACGTCTTCGTAT-1_4_2"
"2563","TGCGGCAAGCCTTCTC-1_4_2"
"2564","TGCGGCAGTGCAATAA-1_4_2"
"2565","TGCGGGTAGCATTTCG-1_4_2"
"2566","TGCGGGTCATACAGCT-1_4_2"
"2567","TGCGGGTGTCTCAAGT-1_4_2"
"2568","TGCGGGTGTGAGGATC-1_4_2"
"2569","TGCGGGTTCAAGTCGT-1_4_2"
"2570","TGCTCCAAGACGCTCC-1_4_2"
"2571","TGCTCCAAGATGATTG-1_4_2"
"2572","TGCTCCAAGTTCACTG-1_4_2"
"2573","TGCTCGTGTATGTCCA-1_4_2"
"2574","TGCTCGTTCGCGCTGA-1_4_2"
"2575","TGCTGAAAGTTACTCG-1_4_2"
"2576","TGCTGAACAAGCTGCC-1_4_2"
"2577","TGCTGAAGTACAGGTG-1_4_2"
"2578","TGCTGAAGTGCACAAG-1_4_2"
"2579","TGCTGAAGTTTCGCTC-1_4_2"
"2580","TGCTGAATCACAAGGG-1_4_2"
"2581","TGCTTCGCAGTCAGAG-1_4_2"
"2582","TGCTTCGTCTTTCAGT-1_4_2"
"2583","TGCTTGCCACGCTTAA-1_4_2"
"2584","TGGAACTGTCGAGATG-1_4_2"
"2585","TGGAACTTCCCAAGCG-1_4_2"
"2586","TGGAACTTCGCCGATG-1_4_2"
"2587","TGGAGAGCACCAGACC-1_4_2"
"2588","TGGAGAGGTATCATGC-1_4_2"
"2589","TGGAGAGTCACTGGGC-1_4_2"
"2590","TGGAGAGTCCGCAACG-1_4_2"
"2591","TGGAGGAAGATGACCG-1_4_2"
"2592","TGGAGGAAGGATACGC-1_4_2"
"2593","TGGAGGAAGTAAGAGG-1_4_2"
"2594","TGGAGGATCAACTCTT-1_4_2"
"2595","TGGATCACACGCGCTA-1_4_2"
"2596","TGGATCACATTAAAGG-1_4_2"
"2597","TGGATCATCCAGTGTA-1_4_2"
"2598","TGGATCATCTTTGCTA-1_4_2"
"2599","TGGATGTCAACCTAAC-1_4_2"
"2600","TGGATGTCAGGTGAGT-1_4_2"
"2601","TGGATGTGTCTTCGAA-1_4_2"
"2602","TGGCGTGAGTTCCTGA-1_4_2"
"2603","TGGCGTGCAATTGAGA-1_4_2"
"2604","TGGCGTGGTGCAGATG-1_4_2"
"2605","TGGCGTGTCGTTAGAC-1_4_2"
"2606","TGGCGTGTCTAACGGT-1_4_2"
"2607","TGGCGTGTCTGGGCCA-1_4_2"
"2608","TGGGAAGAGAGCAGTC-1_4_2"
"2609","TGGGAAGAGCGTGAAC-1_4_2"
"2610","TGGGAAGGTTACCGTA-1_4_2"
"2611","TGGGAAGTCTGATGGT-1_4_2"
"2612","TGGGAGAAGATGCAGC-1_4_2"
"2613","TGGGAGAGTAACGTTC-1_4_2"
"2614","TGGGAGAGTATCCTTT-1_4_2"
"2615","TGGGATTGTGCTAGCC-1_4_2"
"2616","TGGGATTTCAAACGTC-1_4_2"
"2617","TGGGATTTCGTAGCCG-1_4_2"
"2618","TGGGATTTCGTCCTTG-1_4_2"
"2619","TGGGCGTAGTATAGGT-1_4_2"
"2620","TGGGCGTAGTTTCGGT-1_4_2"
"2621","TGGGCGTCAACCAGAG-1_4_2"
"2622","TGGGCGTGTAGCTGCC-1_4_2"
"2623","TGGGCTGAGACGGTTG-1_4_2"
"2624","TGGGCTGAGAGCATTA-1_4_2"
"2625","TGGGCTGCAAACCGGA-1_4_2"
"2626","TGGGCTGCAATACGCT-1_4_2"
"2627","TGGGCTGGTCATTGCA-1_4_2"
"2628","TGGGCTGGTTCGGCCA-1_4_2"
"2629","TGGGCTGTCCCAGTGG-1_4_2"
"2630","TGGGCTGTCCTGCTAC-1_4_2"
"2631","TGGGTTAAGCCATGCC-1_4_2"
"2632","TGGGTTATCCATTTGT-1_4_2"
"2633","TGGTACAGTCCTACGG-1_4_2"
"2634","TGGTACATCCACACCT-1_4_2"
"2635","TGGTAGTCAGCAAGAC-1_4_2"
"2636","TGGTGATAGATTGTGA-1_4_2"
"2637","TGGTGATAGGTTAGTA-1_4_2"
"2638","TGGTGATCAGGCTTGC-1_4_2"
"2639","TGGTGATGTCCTGGTG-1_4_2"
"2640","TGGTGATTCGTCCTTG-1_4_2"
"2641","TGGTTAGGTGCGAACA-1_4_2"
"2642","TGGTTAGTCCGAGATT-1_4_2"
"2643","TGTAACGAGACTTCAC-1_4_2"
"2644","TGTAACGCAAAGCTAA-1_4_2"
"2645","TGTAACGTCGGATACT-1_4_2"
"2646","TGTAAGCAGACTGAGC-1_4_2"
"2647","TGTAAGCGTAATTAGG-1_4_2"
"2648","TGTAAGCGTACCGTGC-1_4_2"
"2649","TGTAAGCTCAGAGTGG-1_4_2"
"2650","TGTAAGCTCAGTGTCA-1_4_2"
"2651","TGTACAGCAGGAATCG-1_4_2"
"2652","TGTACAGGTACCACGC-1_4_2"
"2653","TGTACAGTCGGTTAGT-1_4_2"
"2654","TGTAGACGTGTTGAGG-1_4_2"
"2655","TGTCAGAAGACCAAAT-1_4_2"
"2656","TGTCCACAGCTGCCAC-1_4_2"
"2657","TGTCCACCATGACACT-1_4_2"
"2658","TGTCCACTCCTCAGGG-1_4_2"
"2659","TGTCCCACATCGTGCG-1_4_2"
"2660","TGTCCCATCACTGTCC-1_4_2"
"2661","TGTCCCATCGCACTCT-1_4_2"
"2662","TGTCCTGAGTTCGGTT-1_4_2"
"2663","TGTCCTGGTCGGCCTA-1_4_2"
"2664","TGTCCTGGTTACCTGA-1_4_2"
"2665","TGTCCTGTCGTTAGAC-1_4_2"
"2666","TGTGAGTTCTCGCCTA-1_4_2"
"2667","TGTGATGAGATTAGTG-1_4_2"
"2668","TGTGATGAGTTTGTCG-1_4_2"
"2669","TGTGATGTCGACCTAA-1_4_2"
"2670","TGTGATGTCTCGTCAC-1_4_2"
"2671","TGTGCGGCATCCCGTT-1_4_2"
"2672","TGTGCGGTCCGATGTA-1_4_2"
"2673","TGTGCGGTCCTACGGG-1_4_2"
"2674","TGTGGCGAGGTCGAGT-1_4_2"
"2675","TGTGGCGAGTTGAAGT-1_4_2"
"2676","TGTGTGACAATGACCT-1_4_2"
"2677","TGTGTGACAGTCAGTT-1_4_2"
"2678","TGTGTGACATTAAAGG-1_4_2"
"2679","TGTTACTAGGATCATA-1_4_2"
"2680","TGTTACTAGTCATGCT-1_4_2"
"2681","TGTTACTGTATTGCCA-1_4_2"
"2682","TGTTACTTCATTCATC-1_4_2"
"2683","TGTTCATAGAGAGGGC-1_4_2"
"2684","TGTTCATAGCGACATG-1_4_2"
"2685","TGTTCATAGTCAGCCC-1_4_2"
"2686","TGTTCCGAGTCTGGAG-1_4_2"
"2687","TGTTCTAAGAACGCGT-1_4_2"
"2688","TGTTCTACAATTTCTC-1_4_2"
"2689","TGTTCTATCCCACAGG-1_4_2"
"2690","TGTTGAGAGTCGTTAC-1_4_2"
"2691","TGTTGAGCATCCGTTC-1_4_2"
"2692","TGTTGAGTCTTAAGGC-1_4_2"
"2693","TGTTGGATCACGGACC-1_4_2"
"2694","TGTTTGTAGGCATCGA-1_4_2"
"2695","TGTTTGTCAAGATCCT-1_4_2"
"2696","TGTTTGTGTACTCCGG-1_4_2"
"2697","TGTTTGTGTTCATCTT-1_4_2"
"2698","TGTTTGTTCTTGTGCC-1_4_2"
"2699","TTAATCCAGCCATATC-1_4_2"
"2700","TTAATCCAGCTAAGTA-1_4_2"
"2701","TTAATCCAGCTAGAAT-1_4_2"
"2702","TTAATCCCAACAGCCC-1_4_2"
"2703","TTAATCCCACAAACGG-1_4_2"
"2704","TTAATCCTCCGAGCTG-1_4_2"
"2705","TTACAGGAGGCGTTAG-1_4_2"
"2706","TTACAGGGTCCTCAGG-1_4_2"
"2707","TTACAGGGTCGGCACT-1_4_2"
"2708","TTACAGGTCCGTAATG-1_4_2"
"2709","TTACAGGTCTCATTGT-1_4_2"
"2710","TTACCATAGCAGAAAG-1_4_2"
"2711","TTACCATGTCCTGTCT-1_4_2"
"2712","TTACCATTCGGTTCAA-1_4_2"
"2713","TTACCGCCACTGTCGG-1_4_2"
"2714","TTACCGCCATATAGCC-1_4_2"
"2715","TTACGCCAGTCACACT-1_4_2"
"2716","TTACGCCCACTGAGTT-1_4_2"
"2717","TTACGCCCATTCACAG-1_4_2"
"2718","TTACGCCGTAGTCTTG-1_4_2"
"2719","TTACGCCGTCTGTGTA-1_4_2"
"2720","TTACGTTAGCAACAGC-1_4_2"
"2721","TTACGTTTCCACGTCT-1_4_2"
"2722","TTACTGTAGCCGTCGT-1_4_2"
"2723","TTACTGTAGCTGACTT-1_4_2"
"2724","TTACTGTCAGCTCCTT-1_4_2"
"2725","TTACTGTCAGGTTCCG-1_4_2"
"2726","TTAGGCACAGCCCAGT-1_4_2"
"2727","TTAGGCAGTCACTAGT-1_4_2"
"2728","TTAGGCATCATCACTT-1_4_2"
"2729","TTAGGGTGTAACAGTA-1_4_2"
"2730","TTAGGGTGTATGTGTC-1_4_2"
"2731","TTAGGGTGTCCGAAAG-1_4_2"
"2732","TTAGGGTTCTCTATAC-1_4_2"
"2733","TTAGTCTAGAAATTCG-1_4_2"
"2734","TTAGTCTGTATCACGT-1_4_2"
"2735","TTATTGCGTGACTCTA-1_4_2"
"2736","TTATTGCGTTAAGTCC-1_4_2"
"2737","TTCAATCAGGGCATGT-1_4_2"
"2738","TTCAATCAGTTCGCAT-1_4_2"
"2739","TTCAATCCAATGACCT-1_4_2"
"2740","TTCAATCCATGCCGAC-1_4_2"
"2741","TTCAATCTCACTCTTA-1_4_2"
"2742","TTCAATCTCGGCATAT-1_4_2"
"2743","TTCACCGGTTCTCCAC-1_4_2"
"2744","TTCACGCAGGACGCTA-1_4_2"
"2745","TTCACGCGTCCGGATC-1_4_2"
"2746","TTCACGCGTGGTCTCG-1_4_2"
"2747","TTCAGGAAGAAATCCA-1_4_2"
"2748","TTCAGGACAATCTGCA-1_4_2"
"2749","TTCAGGAGTGCCCTTT-1_4_2"
"2750","TTCATGTGTAGATCCT-1_4_2"
"2751","TTCATGTGTATCGGTT-1_4_2"
"2752","TTCATGTGTCGATTAC-1_4_2"
"2753","TTCATGTGTGCGACAA-1_4_2"
"2754","TTCATGTGTTGGACTT-1_4_2"
"2755","TTCATGTTCGAGTTGT-1_4_2"
"2756","TTCATTGAGGTTCTTG-1_4_2"
"2757","TTCATTGGTGAGCAGT-1_4_2"
"2758","TTCATTGGTTGGCCGT-1_4_2"
"2759","TTCCAATAGGAGCAAA-1_4_2"
"2760","TTCCAATAGGCGATAC-1_4_2"
"2761","TTCCAATCAGAGGCTA-1_4_2"
"2762","TTCCAATGTCGAAACG-1_4_2"
"2763","TTCCACGAGATTGACA-1_4_2"
"2764","TTCCACGCACTCTAGA-1_4_2"
"2765","TTCCGGTAGACGCTCC-1_4_2"
"2766","TTCCGGTAGTCCCGAC-1_4_2"
"2767","TTCCGGTCAACGATTC-1_4_2"
"2768","TTCCGGTTCATAGGCT-1_4_2"
"2769","TTCCGTGAGCTCTTCC-1_4_2"
"2770","TTCCGTGCATCGGTTA-1_4_2"
"2771","TTCCGTGGTACTGACT-1_4_2"
"2772","TTCCGTGGTAGATCGG-1_4_2"
"2773","TTCCGTGTCGCTGACG-1_4_2"
"2774","TTCCTAAAGTAGCATA-1_4_2"
"2775","TTCCTAAAGTTAGTGA-1_4_2"
"2776","TTCCTAACATCTGGGC-1_4_2"
"2777","TTCCTAAGTTGGCCTG-1_4_2"
"2778","TTCCTAATCCTCTTTC-1_4_2"
"2779","TTCCTAATCTAAGCCA-1_4_2"
"2780","TTCCTCTGTCGCTTAA-1_4_2"
"2781","TTCCTCTGTTCGAACT-1_4_2"
"2782","TTCCTTCAGTCACAGG-1_4_2"
"2783","TTCGATTCAAACTAAG-1_4_2"
"2784","TTCGATTCACAGCTGC-1_4_2"
"2785","TTCGATTCACTGGACC-1_4_2"
"2786","TTCGATTGTGAGGCAT-1_4_2"
"2787","TTCGGTCCAAGAGATT-1_4_2"
"2788","TTCGGTCCAGGTTCAT-1_4_2"
"2789","TTCGGTCGTAAGTTAG-1_4_2"
"2790","TTCGGTCTCGGCATTA-1_4_2"
"2791","TTCTAACAGACTTCAC-1_4_2"
"2792","TTCTAACCATGCCGCA-1_4_2"
"2793","TTCTAACGTTAGAAAC-1_4_2"
"2794","TTCTAACGTTTGGGTT-1_4_2"
"2795","TTCTAGTCACAAGCAG-1_4_2"
"2796","TTCTAGTCACGTACTA-1_4_2"
"2797","TTCTAGTCATAGCTGT-1_4_2"
"2798","TTCTAGTTCGCTATTT-1_4_2"
"2799","TTCTCTCTCGCAGTTA-1_4_2"
"2800","TTCTGTAGTGCGAACA-1_4_2"
"2801","TTCTGTATCAAGCTTG-1_4_2"
"2802","TTCTGTATCGAGTACT-1_4_2"
"2803","TTCTGTATCGCTCATC-1_4_2"
"2804","TTCTTCCAGATTTGCC-1_4_2"
"2805","TTCTTCCGTACGACTT-1_4_2"
"2806","TTCTTCCGTTAGGAGC-1_4_2"
"2807","TTCTTCCTCATCGGGC-1_4_2"
"2808","TTCTTGAAGACTTCAC-1_4_2"
"2809","TTCTTGAGTATTGACC-1_4_2"
"2810","TTCTTGAGTCCTGTTC-1_4_2"
"2811","TTGAACGGTGTAAACA-1_4_2"
"2812","TTGAACGTCTCTCAAT-1_4_2"
"2813","TTGACCCAGTATGGCG-1_4_2"
"2814","TTGACCCCACGCCAGT-1_4_2"
"2815","TTGACCCCACGCTTAA-1_4_2"
"2816","TTGACCCCACTTGGCG-1_4_2"
"2817","TTGACCCGTACGCGTC-1_4_2"
"2818","TTGACCCGTTAGAGAT-1_4_2"
"2819","TTGACCCTCCTGGGTG-1_4_2"
"2820","TTGAGTGAGACCGCCT-1_4_2"
"2821","TTGAGTGAGCCAAGGT-1_4_2"
"2822","TTGAGTGTCATCACTT-1_4_2"
"2823","TTGATGGAGACGTCGA-1_4_2"
"2824","TTGATGGAGGTAATCA-1_4_2"
"2825","TTGATGGAGTTGTCAC-1_4_2"
"2826","TTGATGGCACTGTTCC-1_4_2"
"2827","TTGATGGGTGAACGGT-1_4_2"
"2828","TTGCATTCAGAGGGTT-1_4_2"
"2829","TTGCATTGTTAAGTCC-1_4_2"
"2830","TTGCCTGTCGTAGCTA-1_4_2"
"2831","TTGCTGCGTCGGAACA-1_4_2"
"2832","TTGCTGCGTTTACGTG-1_4_2"
"2833","TTGCTGCTCCATGATG-1_4_2"
"2834","TTGGATGAGCTTAAGA-1_4_2"
"2835","TTGGATGCACCAAATC-1_4_2"
"2836","TTGGGATCACTATGTG-1_4_2"
"2837","TTGGGCGCACTATCGA-1_4_2"
"2838","TTGGGCGCAGAACTTC-1_4_2"
"2839","TTGGGCGTCAGACCGC-1_4_2"
"2840","TTGGGCGTCGTTACCC-1_4_2"
"2841","TTGGGTAAGCTTCTAG-1_4_2"
"2842","TTGGTTTAGTGAGTTA-1_4_2"
"2843","TTGGTTTCACAGTGTT-1_4_2"
"2844","TTGGTTTCAGCGTTTA-1_4_2"
"2845","TTGGTTTGTATGCGGA-1_4_2"
"2846","TTGGTTTGTCCTGGTG-1_4_2"
"2847","TTGGTTTTCACAAGGG-1_4_2"
"2848","TTGTGGACAACTGAAA-1_4_2"
"2849","TTGTGGAGTCGCGTCA-1_4_2"
"2850","TTGTGGATCTTCTAAC-1_4_2"
"2851","TTGTGTTAGGTGATAT-1_4_2"
"2852","TTGTGTTCAGTAGTGG-1_4_2"
"2853","TTGTGTTGTACTGCCG-1_4_2"
"2854","TTGTGTTTCGAAGCAG-1_4_2"
"2855","TTGTGTTTCGCGCCAA-1_4_2"
"2856","TTGTTCAAGTAGATCA-1_4_2"
"2857","TTGTTGTCACAAGCAG-1_4_2"
"2858","TTGTTGTCACACAGCC-1_4_2"
"2859","TTGTTTGAGACGACGT-1_4_2"
"2860","TTGTTTGAGTAGGATT-1_4_2"
"2861","TTGTTTGCAAATCGTC-1_4_2"
"2862","TTGTTTGCACTCATAG-1_4_2"
"2863","TTGTTTGGTGCTCCGA-1_4_2"
"2864","TTGTTTGGTTTGTGGT-1_4_2"
"2865","TTTACCATCAGCATTG-1_4_2"
"2866","TTTACGTAGACTACCT-1_4_2"
"2867","TTTACGTCATCTCATT-1_4_2"
"2868","TTTACGTTCAGTCAGT-1_4_2"
"2869","TTTACTGAGGTCACCC-1_4_2"
"2870","TTTACTGCAACGATCT-1_4_2"
"2871","TTTACTGGTCGCTCGA-1_4_2"
"2872","TTTACTGGTTCATCGA-1_4_2"
"2873","TTTACTGTCCCATACC-1_4_2"
"2874","TTTAGTCCAGGTCTCG-1_4_2"
"2875","TTTATGCGTGGTCTCG-1_4_2"
"2876","TTTATGCTCGTCCATC-1_4_2"
"2877","TTTCACACACACTGGC-1_4_2"
"2878","TTTCACAGTTTCCAAG-1_4_2"
"2879","TTTCAGTAGAGTTGAT-1_4_2"
"2880","TTTCAGTAGGGCCTCT-1_4_2"
"2881","TTTCAGTAGGTGCCAA-1_4_2"
"2882","TTTCAGTCAATAGAGT-1_4_2"
"2883","TTTCAGTCAGATCATC-1_4_2"
"2884","TTTCAGTCATGTTCAG-1_4_2"
"2885","TTTCAGTGTGTGTCCG-1_4_2"
"2886","TTTCATGAGAAGTATC-1_4_2"
"2887","TTTCATGAGGTACAGC-1_4_2"
"2888","TTTCATGCAGCGTTTA-1_4_2"
"2889","TTTCCTCGTAGACTGG-1_4_2"
"2890","TTTCGATAGCCTAACT-1_4_2"
"2891","TTTCGATCAGCGTGCT-1_4_2"
"2892","TTTGACTAGGACTATA-1_4_2"
"2893","TTTGATCGTGTTCCAA-1_4_2"
"2894","TTTGATCTCCCTTGTG-1_4_2"
"2895","TTTGGAGTCTGGGAGA-1_4_2"
"2896","TTTGGTTCATCTGCGG-1_4_2"
"2897","TTTGGTTGTCTTACTT-1_4_2"
"2898","TTTGTTGAGCGTATGG-1_4_2"
"2899","TTTGTTGGTCCCACGA-1_4_2"
