"","x"
"1","AAACCCAGTCATGACT-1_6_1"
"2","AAACGAAAGATGAAGG-1_6_1"
"3","AAACGAACAACACACT-1_6_1"
"4","AAACGAAGTTGGGATG-1_6_1"
"5","AAACGCTGTATCCTTT-1_6_1"
"6","AAAGAACAGCAAGGAA-1_6_1"
"7","AAAGGATAGTCACGCC-1_6_1"
"8","AAAGGGCCAGCTACAT-1_6_1"
"9","AAAGGGCCATACCAGT-1_6_1"
"10","AAAGGGCGTTTCGCTC-1_6_1"
"11","AAAGGTAGTGCTCGTG-1_6_1"
"12","AAAGGTAGTTCTCACC-1_6_1"
"13","AAAGTCCCAGTTCCAA-1_6_1"
"14","AAAGTCCTCAGCGTCG-1_6_1"
"15","AAAGTCCTCGCATTAG-1_6_1"
"16","AAAGTGACATCTTAGG-1_6_1"
"17","AAATGGATCCATGAGT-1_6_1"
"18","AAATGGATCCCTCGTA-1_6_1"
"19","AACAAGACATTGCCGG-1_6_1"
"20","AACAAGATCAAAGAAC-1_6_1"
"21","AACAAGATCACCTGTC-1_6_1"
"22","AACACACAGTTGGGAC-1_6_1"
"23","AACACACCATGTGGTT-1_6_1"
"24","AACACACGTAGCGCCT-1_6_1"
"25","AACACACGTCGGTGAA-1_6_1"
"26","AACACACTCTGCGTCT-1_6_1"
"27","AACAGGGTCGTTCTGC-1_6_1"
"28","AACCAACCATGGATCT-1_6_1"
"29","AACCAACGTGCATTAC-1_6_1"
"30","AACCACACAAGTACCT-1_6_1"
"31","AACCACAGTTGTTGTG-1_6_1"
"32","AACCACATCCTACGAA-1_6_1"
"33","AACCATGCAAGACGGT-1_6_1"
"34","AACCCAACAATTGGTC-1_6_1"
"35","AACCTGAGTAGTTCCA-1_6_1"
"36","AACCTTTTCTGGCTGG-1_6_1"
"37","AACGAAACACTCCGGA-1_6_1"
"38","AACGTCAAGAATAGTC-1_6_1"
"39","AACTTCTCACCTGCAG-1_6_1"
"40","AAGACAACAATTTCGG-1_6_1"
"41","AAGACAATCAGAGCGA-1_6_1"
"42","AAGACAATCGCGTGAC-1_6_1"
"43","AAGACTCAGCGACAGT-1_6_1"
"44","AAGACTCCATGGCCAC-1_6_1"
"45","AAGCATCAGAGAAGGT-1_6_1"
"46","AAGCCATAGTTAACGA-1_6_1"
"47","AAGCCATGTACGAGCA-1_6_1"
"48","AAGCCATTCATACAGC-1_6_1"
"49","AAGCCATTCGCGGACT-1_6_1"
"50","AAGCGAGGTACTAAGA-1_6_1"
"51","AAGCGTTCAAGGTCAG-1_6_1"
"52","AAGCGTTGTGAATATG-1_6_1"
"53","AAGCGTTTCAGATTGC-1_6_1"
"54","AAGGAATCAGAAGTTA-1_6_1"
"55","AAGGTAACAATAAGGT-1_6_1"
"56","AAGGTAAGTTCTAACG-1_6_1"
"57","AAGTACCTCCGGGACT-1_6_1"
"58","AAGTCGTCATGGAGAC-1_6_1"
"59","AAGTCGTTCAACTGAC-1_6_1"
"60","AAGTCGTTCTCTCAAT-1_6_1"
"61","AAGTGAATCTCTATAC-1_6_1"
"62","AAGTTCGGTTAGGACG-1_6_1"
"63","AATAGAGAGGGCAAGG-1_6_1"
"64","AATCACGTCCCTGGTT-1_6_1"
"65","AATCGACAGTCTCGTA-1_6_1"
"66","AATCGACGTGAGGAAA-1_6_1"
"67","AATCGTGAGACGTCCC-1_6_1"
"68","AATCGTGAGGGTGAGG-1_6_1"
"69","AATGAAGCAAGAAATC-1_6_1"
"70","AATGAAGGTCCAAAGG-1_6_1"
"71","AATGACCCAGAGTAAT-1_6_1"
"72","AATGACCCATGTGACT-1_6_1"
"73","AATGCCAAGGGACAGG-1_6_1"
"74","AATGCCAAGTAGGGTC-1_6_1"
"75","AATGCCATCGTCTACC-1_6_1"
"76","AATGCCATCGTGGCTG-1_6_1"
"77","ACAAAGAAGCATGCAG-1_6_1"
"78","ACAAAGAAGCTTTCTT-1_6_1"
"79","ACAAAGATCTCAAAGC-1_6_1"
"80","ACAACCACAATAAGGT-1_6_1"
"81","ACAACCACACAGCTTA-1_6_1"
"82","ACAACCAGTACGATTC-1_6_1"
"83","ACAAGCTCACTGGAAG-1_6_1"
"84","ACAAGCTCATGGCTGC-1_6_1"
"85","ACACCAAAGTCATGAA-1_6_1"
"86","ACACGCGTCACTGAAC-1_6_1"
"87","ACACTGAGTGAGATTA-1_6_1"
"88","ACACTGATCCACAGGC-1_6_1"
"89","ACAGCCGAGTCACTCA-1_6_1"
"90","ACAGCCGCATCAGCTA-1_6_1"
"91","ACAGGGAGTGTCTTGA-1_6_1"
"92","ACAGGGATCCACGTCT-1_6_1"
"93","ACAGGGATCCCGAGTG-1_6_1"
"94","ACATCCCAGAGCCGTA-1_6_1"
"95","ACATCGAGTACGAAAT-1_6_1"
"96","ACCAACAGTACGATCT-1_6_1"
"97","ACCAACATCGGCTTGG-1_6_1"
"98","ACCAACATCGTGTGGC-1_6_1"
"99","ACCACAAAGCTGAAGC-1_6_1"
"100","ACCATTTTCAGCTTGA-1_6_1"
"101","ACCCAAACAACGGCTC-1_6_1"
"102","ACCCAAACAAGCACAG-1_6_1"
"103","ACCCAAACACCAGCGT-1_6_1"
"104","ACCCAAACACTACCGG-1_6_1"
"105","ACCCTTGGTCGCATTA-1_6_1"
"106","ACCCTTGTCCCATTCG-1_6_1"
"107","ACCGTTCCACAGTCCG-1_6_1"
"108","ACCGTTCTCGGTAGGA-1_6_1"
"109","ACCTACCAGCACTCGC-1_6_1"
"110","ACCTACCGTACAAGCG-1_6_1"
"111","ACCTGAACATCCGCGA-1_6_1"
"112","ACCTGAATCATACGGT-1_6_1"
"113","ACCTGAATCTGCGGAC-1_6_1"
"114","ACCTGTCGTCACTCTC-1_6_1"
"115","ACCTGTCGTGAAAGTT-1_6_1"
"116","ACCTGTCGTGGGATTG-1_6_1"
"117","ACCTGTCTCAGCCCAG-1_6_1"
"118","ACGATCAAGCTAATCC-1_6_1"
"119","ACGATCAAGCTGACCC-1_6_1"
"120","ACGATCACAAAGCACG-1_6_1"
"121","ACGATCAGTAAGAACT-1_6_1"
"122","ACGATGTGTCTTGCTC-1_6_1"
"123","ACGCACGGTGTCATCA-1_6_1"
"124","ACGGAAGGTACTGGGA-1_6_1"
"125","ACGGGTCTCATTCTTG-1_6_1"
"126","ACGGTTAGTCATCACA-1_6_1"
"127","ACGTAACTCTAGCATG-1_6_1"
"128","ACGTACACACTATCGA-1_6_1"
"129","ACGTACACAGTGCGCT-1_6_1"
"130","ACGTAGTTCCTACCAC-1_6_1"
"131","ACGTCCTAGTCTAGAA-1_6_1"
"132","ACGTTCCGTCCGATCG-1_6_1"
"133","ACTACGACAATTGAAG-1_6_1"
"134","ACTACGACAGAGACTG-1_6_1"
"135","ACTATCTAGGCAGTCA-1_6_1"
"136","ACTATCTCAGCCTACG-1_6_1"
"137","ACTATCTGTATGCTAC-1_6_1"
"138","ACTATCTTCTCGAGTA-1_6_1"
"139","ACTATGGGTCTCTCCA-1_6_1"
"140","ACTATTCAGCTACGTT-1_6_1"
"141","ACTATTCCAGGTCTCG-1_6_1"
"142","ACTCCCAAGTCTAGCT-1_6_1"
"143","ACTCTCGTCTTCGACC-1_6_1"
"144","ACTGATGGTTCGGCCA-1_6_1"
"145","ACTGCAAAGATCCGAG-1_6_1"
"146","ACTGCAATCGCATTAG-1_6_1"
"147","ACTGTCCCACCCAATA-1_6_1"
"148","ACTGTCCGTGAGATCG-1_6_1"
"149","ACTGTCCGTGAGCGAT-1_6_1"
"150","ACTTAGGTCGAGATAA-1_6_1"
"151","ACTTCCGCACCAGCGT-1_6_1"
"152","ACTTTCAAGACGGATC-1_6_1"
"153","ACTTTCACACACTGGC-1_6_1"
"154","ACTTTCATCTACGCAA-1_6_1"
"155","ACTTTGTAGCACAAAT-1_6_1"
"156","ACTTTGTGTTGCGGAA-1_6_1"
"157","ACTTTGTTCAAGAGGC-1_6_1"
"158","AGAAATGGTATAATGG-1_6_1"
"159","AGAACAATCGTCTAAG-1_6_1"
"160","AGAACCTAGTAACGTA-1_6_1"
"161","AGAACCTCAGAAACCG-1_6_1"
"162","AGAACCTCAGGGCTTC-1_6_1"
"163","AGAACCTGTCAAGTTC-1_6_1"
"164","AGAAGCGTCACGGAGA-1_6_1"
"165","AGAAGTAAGCTGACTT-1_6_1"
"166","AGAAGTAGTTACGTAC-1_6_1"
"167","AGACAAAGTCGTAATC-1_6_1"
"168","AGACACTCAGGTTCGC-1_6_1"
"169","AGACCATAGCGATGGT-1_6_1"
"170","AGACTCACAACTTCTT-1_6_1"
"171","AGAGAATAGCATTTCG-1_6_1"
"172","AGAGAATCAACTCATG-1_6_1"
"173","AGAGAATCAAGTGACG-1_6_1"
"174","AGAGAATGTCGTTCAA-1_6_1"
"175","AGAGAATTCGTGGCTG-1_6_1"
"176","AGAGAGCGTGATATAG-1_6_1"
"177","AGAGCAGAGCCAAGGT-1_6_1"
"178","AGAGCAGCAAGGCAAC-1_6_1"
"179","AGATAGAAGGGATCAC-1_6_1"
"180","AGATCCACAGCTCATA-1_6_1"
"181","AGATCCAGTATCAAGA-1_6_1"
"182","AGATCGTGTACCGGCT-1_6_1"
"183","AGATGAACAGAGTTGG-1_6_1"
"184","AGATGAATCTACAGGT-1_6_1"
"185","AGATGCTGTAAGGCCA-1_6_1"
"186","AGCCAATAGACATACA-1_6_1"
"187","AGCCAATAGCTGTACT-1_6_1"
"188","AGCCAATCAACTCGAT-1_6_1"
"189","AGCCAATTCCCATAGA-1_6_1"
"190","AGCGATTAGCACCAGA-1_6_1"
"191","AGCGATTAGCTTTCCC-1_6_1"
"192","AGCGATTCAAAGGGCT-1_6_1"
"193","AGCGATTGTCGTCATA-1_6_1"
"194","AGCGATTGTGTGAATA-1_6_1"
"195","AGCGATTTCCACATAG-1_6_1"
"196","AGCGCCAAGAAGAGCA-1_6_1"
"197","AGCGCCACACTGTTCC-1_6_1"
"198","AGCGCCACAGCAAGAC-1_6_1"
"199","AGCGCCAGTAGCTTGT-1_6_1"
"200","AGCGCTGAGTTAGTGA-1_6_1"
"201","AGCGTATGTTCTCACC-1_6_1"
"202","AGCGTCGAGTGACCTT-1_6_1"
"203","AGCGTCGCAACGGCCT-1_6_1"
"204","AGCGTCGGTGCATCTA-1_6_1"
"205","AGCTACATCAAGCCAT-1_6_1"
"206","AGCTCAACACTAGAGG-1_6_1"
"207","AGCTTCCAGAATCGTA-1_6_1"
"208","AGCTTCCAGGCAGGGA-1_6_1"
"209","AGGAAATTCAACCTTT-1_6_1"
"210","AGGACGAAGCGTTACT-1_6_1"
"211","AGGACGATCTAAGGAA-1_6_1"
"212","AGGACTTTCACAGTGT-1_6_1"
"213","AGGAGGTAGACCGCCT-1_6_1"
"214","AGGAGGTAGTGAGTTA-1_6_1"
"215","AGGAGGTCACCCGTAG-1_6_1"
"216","AGGATAACAAGTTGGG-1_6_1"
"217","AGGATAAGTGCTTCAA-1_6_1"
"218","AGGATCTTCCTCAGAA-1_6_1"
"219","AGGCTGCCACCGTCTT-1_6_1"
"220","AGGGAGTCAGAGTCTT-1_6_1"
"221","AGGGCCTAGCCGGAAT-1_6_1"
"222","AGGGCCTTCAGCTAGT-1_6_1"
"223","AGGGCTCCACCATAAC-1_6_1"
"224","AGGGCTCCAGTTCCAA-1_6_1"
"225","AGGGTCCAGACCTGGA-1_6_1"
"226","AGGGTGAAGAGCCTGA-1_6_1"
"227","AGGGTGAGTCTCCCTA-1_6_1"
"228","AGGGTGAGTGAGCTCC-1_6_1"
"229","AGGGTTTCAGCAGAAC-1_6_1"
"230","AGGTAGGAGGGTACAC-1_6_1"
"231","AGGTAGGTCATAAGGA-1_6_1"
"232","AGGTCATCATTCACAG-1_6_1"
"233","AGGTCTAGTTGGTAGG-1_6_1"
"234","AGGTGTTGTTCCACGG-1_6_1"
"235","AGGTTGTCATGAATAG-1_6_1"
"236","AGGTTGTTCCCGAAAT-1_6_1"
"237","AGTAACCCATCATTTC-1_6_1"
"238","AGTACCAAGGCTGAAC-1_6_1"
"239","AGTACCAAGTTAACGA-1_6_1"
"240","AGTACCACAATTAGGA-1_6_1"
"241","AGTACCAGTCCTGAAT-1_6_1"
"242","AGTACTGTCTGGGTCG-1_6_1"
"243","AGTAGCTCAAGGCCTC-1_6_1"
"244","AGTAGCTGTCGAACGA-1_6_1"
"245","AGTAGCTGTGTCATGT-1_6_1"
"246","AGTAGCTTCGCATAGT-1_6_1"
"247","AGTCAACGTCCACATA-1_6_1"
"248","AGTCACACACGACAAG-1_6_1"
"249","AGTCACAGTCAGTCCG-1_6_1"
"250","AGTGACTGTCACTCGG-1_6_1"
"251","AGTGACTTCTCGGTAA-1_6_1"
"252","AGTGATCAGGGTACAC-1_6_1"
"253","AGTGATCCAACGGCCT-1_6_1"
"254","AGTGATCCAGAACTAA-1_6_1"
"255","AGTGATCCATCCGAGC-1_6_1"
"256","AGTTAGCTCTATCCAT-1_6_1"
"257","AGTTCCCCACACTTAG-1_6_1"
"258","AGTTCCCCAGTGTGGA-1_6_1"
"259","AGTTCGAAGATAACGT-1_6_1"
"260","AGTTCGATCTTGGTCC-1_6_1"
"261","ATACCGATCTCACGAA-1_6_1"
"262","ATACCTTCAAGTATAG-1_6_1"
"263","ATACTTCGTGTGTGGA-1_6_1"
"264","ATAGACCAGCCAGAGT-1_6_1"
"265","ATAGACCTCCGTCACT-1_6_1"
"266","ATAGAGAAGGTAAAGG-1_6_1"
"267","ATAGAGACAGTTGTCA-1_6_1"
"268","ATAGAGAGTCCTCATC-1_6_1"
"269","ATAGAGAGTTCTTGTT-1_6_1"
"270","ATAGGCTCACGTTCGG-1_6_1"
"271","ATCACAGAGGGACTGT-1_6_1"
"272","ATCACAGCACTGCACG-1_6_1"
"273","ATCACTTCACGTCGTG-1_6_1"
"274","ATCACTTGTTCTATCT-1_6_1"
"275","ATCACTTGTTCTCACC-1_6_1"
"276","ATCACTTTCTCCTACG-1_6_1"
"277","ATCAGGTGTCCAAATC-1_6_1"
"278","ATCATTCAGACCATGG-1_6_1"
"279","ATCCACCCAAGAATGT-1_6_1"
"280","ATCCATTAGAGGCCAT-1_6_1"
"281","ATCCCTGCAACCAACT-1_6_1"
"282","ATCCCTGGTGTGTCCG-1_6_1"
"283","ATCCCTGTCGGTGTTA-1_6_1"
"284","ATCCGTCCACGTGAGA-1_6_1"
"285","ATCCTATAGGTAACTA-1_6_1"
"286","ATCCTATGTCATAGTC-1_6_1"
"287","ATCGATGAGACATCAA-1_6_1"
"288","ATCGGATTCTCATAGG-1_6_1"
"289","ATCGGCGAGAGTTGCG-1_6_1"
"290","ATCGGCGAGCAATTCC-1_6_1"
"291","ATCGGCGTCCTCCACA-1_6_1"
"292","ATCGGCGTCGAGGCAA-1_6_1"
"293","ATCGTAGAGGCATGCA-1_6_1"
"294","ATCGTAGTCCTACTGC-1_6_1"
"295","ATCGTCCCAGGTCAGA-1_6_1"
"296","ATCGTCCGTCCGATCG-1_6_1"
"297","ATCGTGAAGGTTGGAC-1_6_1"
"298","ATCGTGAAGTTTCTTC-1_6_1"
"299","ATCGTGACAAGAGGTC-1_6_1"
"300","ATCGTGACACTGGATT-1_6_1"
"301","ATCGTGAGTACTGCGC-1_6_1"
"302","ATCGTGATCCGTGGTG-1_6_1"
"303","ATCGTGATCGGTTAGT-1_6_1"
"304","ATCTCTAAGGACGCTA-1_6_1"
"305","ATCTCTAAGTCTGGTT-1_6_1"
"306","ATGAAAGAGTCGCTAT-1_6_1"
"307","ATGAAAGGTTTGGCTA-1_6_1"
"308","ATGACCAGTCGCATTA-1_6_1"
"309","ATGAGTCGTGTATTCG-1_6_1"
"310","ATGATCGGTACCGTCG-1_6_1"
"311","ATGATCGTCGCCTATC-1_6_1"
"312","ATGCATGCATCTCCCA-1_6_1"
"313","ATGCATGTCATCACAG-1_6_1"
"314","ATGCATGTCCGACGGT-1_6_1"
"315","ATGCATGTCTCAAAGC-1_6_1"
"316","ATGCGATGTACAGGTG-1_6_1"
"317","ATGGAGGAGTATAGGT-1_6_1"
"318","ATGGGAGAGACAGTCG-1_6_1"
"319","ATGGGAGAGAGCCCAA-1_6_1"
"320","ATGGGTTCAGAGATTA-1_6_1"
"321","ATGGGTTTCCTGTACC-1_6_1"
"322","ATGGTTGAGCGCCCAT-1_6_1"
"323","ATGGTTGCATGCCGAC-1_6_1"
"324","ATGGTTGTCATGGCCG-1_6_1"
"325","ATGTCCCAGCAGATAT-1_6_1"
"326","ATGTCCCAGGGCCCTT-1_6_1"
"327","ATGTCCCGTTTCGTAG-1_6_1"
"328","ATGTCCCTCTTCGATT-1_6_1"
"329","ATGTCTTCAAATAGCA-1_6_1"
"330","ATTACCTAGCTCATAC-1_6_1"
"331","ATTACCTAGCTTCATG-1_6_1"
"332","ATTACCTTCTAGAACC-1_6_1"
"333","ATTACTCAGAGTCAGC-1_6_1"
"334","ATTACTCAGATGTTGA-1_6_1"
"335","ATTATCCAGCTTTCTT-1_6_1"
"336","ATTATCCCACTCGATA-1_6_1"
"337","ATTATCCTCGTAACAC-1_6_1"
"338","ATTCAGGAGTACCCTA-1_6_1"
"339","ATTCATCAGCCTCGTG-1_6_1"
"340","ATTCCATAGGGTGAGG-1_6_1"
"341","ATTCCATAGTATAGGT-1_6_1"
"342","ATTCCATCAGCCCACA-1_6_1"
"343","ATTCCATGTCGTCATA-1_6_1"
"344","ATTCCCGCACCTGCAG-1_6_1"
"345","ATTCCCGCAGCCGGTT-1_6_1"
"346","ATTCCTAAGAGATCGC-1_6_1"
"347","ATTCCTAAGTATGATG-1_6_1"
"348","ATTCCTATCATTGTGG-1_6_1"
"349","ATTCGTTCATTCTTCA-1_6_1"
"350","ATTCTACGTCAAAGTA-1_6_1"
"351","ATTCTACGTTCAATCG-1_6_1"
"352","ATTCTACGTTCCCAAA-1_6_1"
"353","ATTCTTGAGAGGGCGA-1_6_1"
"354","ATTGGGTCACTCTCGT-1_6_1"
"355","ATTGTTCTCCGAAGGA-1_6_1"
"356","ATTGTTCTCGCCATAA-1_6_1"
"357","ATTTACCAGGCCTTGC-1_6_1"
"358","ATTTACCCAACAGAGC-1_6_1"
"359","ATTTCACCAACTGCTA-1_6_1"
"360","ATTTCACCAAGATTGA-1_6_1"
"361","CAAAGAAGTATCGATC-1_6_1"
"362","CAAAGAAGTTGCAACT-1_6_1"
"363","CAACAACCACTACCGG-1_6_1"
"364","CAACAGTAGCCAGACA-1_6_1"
"365","CAACCAACACCTGATA-1_6_1"
"366","CAACCTCTCACCGCTT-1_6_1"
"367","CAACGGCCACAATGTC-1_6_1"
"368","CAACGGCTCCATACTT-1_6_1"
"369","CAAGACTGTTCAGGTT-1_6_1"
"370","CAAGAGGCAACCGATT-1_6_1"
"371","CAAGAGGCAAGCGATG-1_6_1"
"372","CAAGAGGTCATTGGTG-1_6_1"
"373","CAAGCTAAGCGTGTCC-1_6_1"
"374","CAAGCTAAGTCACGAG-1_6_1"
"375","CAAGCTACATATACCG-1_6_1"
"376","CAATACGAGAACCGCA-1_6_1"
"377","CAATACGGTCGTGCCA-1_6_1"
"378","CAATCGACACCGTCTT-1_6_1"
"379","CACAACAAGGTACATA-1_6_1"
"380","CACAACACACCCTTAC-1_6_1"
"381","CACAACAGTAGTCCTA-1_6_1"
"382","CACAACATCCTCACTG-1_6_1"
"383","CACAGATAGGAGTACC-1_6_1"
"384","CACAGATCACCGTCGA-1_6_1"
"385","CACAGATGTCCAAGAG-1_6_1"
"386","CACAGGCAGCCTCATA-1_6_1"
"387","CACAGGCAGGTAATCA-1_6_1"
"388","CACAGGCGTAGGACCA-1_6_1"
"389","CACAGGCGTGAGAACC-1_6_1"
"390","CACATGATCTTGCGCT-1_6_1"
"391","CACCGTTGTCGTACAT-1_6_1"
"392","CACCGTTGTGTGATGG-1_6_1"
"393","CACGAATAGTCACACT-1_6_1"
"394","CACGGGTTCCAAATGC-1_6_1"
"395","CACGTGGAGTCGTCTA-1_6_1"
"396","CACGTGGCAAATTAGG-1_6_1"
"397","CACGTGGCAATAGGAT-1_6_1"
"398","CACGTTCGTCTTGAAC-1_6_1"
"399","CACGTTCGTGCCAAGA-1_6_1"
"400","CACTGAACAACGCCCA-1_6_1"
"401","CACTGAATCATCCTAT-1_6_1"
"402","CACTGTCCAAGTCCAT-1_6_1"
"403","CACTGTCGTCGAATTC-1_6_1"
"404","CACTTCGCATCGATCA-1_6_1"
"405","CACTTCGGTCAGTTTG-1_6_1"
"406","CAGAGCCTCACGGTCG-1_6_1"
"407","CAGAGCCTCGTCGACG-1_6_1"
"408","CAGATACTCCCTTTGG-1_6_1"
"409","CAGATCACACATAACC-1_6_1"
"410","CAGATCAGTAGACGGT-1_6_1"
"411","CAGATCATCATTGTGG-1_6_1"
"412","CAGATTGCAAGTGGCA-1_6_1"
"413","CAGCAATAGCTGTTCA-1_6_1"
"414","CAGCAATAGTGAGGCT-1_6_1"
"415","CAGCAGCCATTAGGCT-1_6_1"
"416","CAGCCAGTCGTAGCTA-1_6_1"
"417","CAGCGTGAGTCTCTGA-1_6_1"
"418","CAGCGTGCATAACCCA-1_6_1"
"419","CAGGCCAAGAATCCCT-1_6_1"
"420","CAGGCCAGTTTGGCTA-1_6_1"
"421","CAGGGCTAGTACTCGT-1_6_1"
"422","CAGGGCTCAAACCACT-1_6_1"
"423","CAGGTATCAGAGTCTT-1_6_1"
"424","CAGTTCCGTGACTATC-1_6_1"
"425","CAGTTCCGTTCGGCGT-1_6_1"
"426","CATAAGCCAGAGGAAA-1_6_1"
"427","CATAAGCGTTTAGACC-1_6_1"
"428","CATACAGGTCCGCAGT-1_6_1"
"429","CATACCCGTTGTTTGG-1_6_1"
"430","CATACCCGTTTGCAGT-1_6_1"
"431","CATACCCTCGGTTAGT-1_6_1"
"432","CATACTTCAGGTTCAT-1_6_1"
"433","CATAGACAGGAGACCT-1_6_1"
"434","CATAGACTCTATTTCG-1_6_1"
"435","CATCAAGAGTTGAAGT-1_6_1"
"436","CATCAAGCAGTTCACA-1_6_1"
"437","CATCAAGGTAAGATTG-1_6_1"
"438","CATCAAGTCCTCTAAT-1_6_1"
"439","CATCCCATCGAACGGA-1_6_1"
"440","CATCCGTTCGCTTTAT-1_6_1"
"441","CATCGCTAGACTGAGC-1_6_1"
"442","CATCGGGAGACGCCAA-1_6_1"
"443","CATCGGGAGGAAGTCC-1_6_1"
"444","CATCGGGCAGAGTTGG-1_6_1"
"445","CATCGGGGTACACGTT-1_6_1"
"446","CATCGGGGTAGTCGGA-1_6_1"
"447","CATGAGTAGCCAACCC-1_6_1"
"448","CATGAGTCAAGGCCTC-1_6_1"
"449","CATGCAAAGCGTGTCC-1_6_1"
"450","CATGCAAAGTATGAAC-1_6_1"
"451","CATGCAACACCCTCTA-1_6_1"
"452","CATGCAAGTACGAGCA-1_6_1"
"453","CATGCCTAGTAATCCC-1_6_1"
"454","CATGCCTCACTGTCCT-1_6_1"
"455","CATGCCTCAGGCACAA-1_6_1"
"456","CATGCGGAGTGCACAG-1_6_1"
"457","CATGCTCCAAAGGCGT-1_6_1"
"458","CATGCTCTCGTGGGAA-1_6_1"
"459","CATGGTAAGCAAGTGC-1_6_1"
"460","CATTGAGAGATGTTGA-1_6_1"
"461","CATTGCCTCAGCTCTC-1_6_1"
"462","CCAAGCGAGTGAGCCA-1_6_1"
"463","CCAAGCGGTTCCAAAC-1_6_1"
"464","CCAAGCGTCGGCCCAA-1_6_1"
"465","CCAATGAAGCACTAAA-1_6_1"
"466","CCAATGAAGGGTATAT-1_6_1"
"467","CCAATTTAGTATTGCC-1_6_1"
"468","CCACAAAGTGAGGAAA-1_6_1"
"469","CCACAAAGTTAATCGC-1_6_1"
"470","CCACAAAGTTGGCTAT-1_6_1"
"471","CCACCATCAGAAACCG-1_6_1"
"472","CCACCATCAGAATCGG-1_6_1"
"473","CCACGAGGTCTGATAC-1_6_1"
"474","CCACGTTAGGAAGTGA-1_6_1"
"475","CCACGTTGTATACCCA-1_6_1"
"476","CCACGTTGTATCCTCC-1_6_1"
"477","CCACTTGCATCATGAC-1_6_1"
"478","CCACTTGTCCTCTGCA-1_6_1"
"479","CCATCACAGATGGCGT-1_6_1"
"480","CCATCACAGCACCAGA-1_6_1"
"481","CCATCACAGCCTGTGC-1_6_1"
"482","CCATCACTCCGCTGTT-1_6_1"
"483","CCCAACTTCGGTATGT-1_6_1"
"484","CCCATTGCATTGCCGG-1_6_1"
"485","CCCATTGTCTTGGGCG-1_6_1"
"486","CCCGAAGAGGCCTAAG-1_6_1"
"487","CCCGAAGCATCATTTC-1_6_1"
"488","CCCGAAGTCCGTTTCG-1_6_1"
"489","CCCGGAAAGGTAGGCT-1_6_1"
"490","CCCGGAACAGCACAAG-1_6_1"
"491","CCCTGATAGAAGGGAT-1_6_1"
"492","CCCTGATAGAGGTATT-1_6_1"
"493","CCCTGATAGGACATCG-1_6_1"
"494","CCCTGATCAATAAGGT-1_6_1"
"495","CCCTGATGTCTGATCA-1_6_1"
"496","CCCTTAGGTGCTTCAA-1_6_1"
"497","CCCTTAGGTTTGGAGG-1_6_1"
"498","CCGAACGAGGTCGAGT-1_6_1"
"499","CCGAACGTCGATTGGT-1_6_1"
"500","CCGATCTCAATGTTGC-1_6_1"
"501","CCGATGGAGGCTCAAG-1_6_1"
"502","CCGCAAGCAGTATGAA-1_6_1"
"503","CCGCAAGGTACAAAGT-1_6_1"
"504","CCGCAAGGTGCTCCGA-1_6_1"
"505","CCGGACATCGCTGTCT-1_6_1"
"506","CCGGGTAAGTTCCGTA-1_6_1"
"507","CCGGTAGAGCTTGTTG-1_6_1"
"508","CCGGTAGGTGCGTTTA-1_6_1"
"509","CCGGTGATCATGGGAG-1_6_1"
"510","CCGTAGGAGTTGTCGT-1_6_1"
"511","CCGTAGGGTTCCCAAA-1_6_1"
"512","CCGTGAGCATCATCCC-1_6_1"
"513","CCGTGAGGTACGACAG-1_6_1"
"514","CCGTGAGGTCTCGGGT-1_6_1"
"515","CCGTGAGTCCAACTAG-1_6_1"
"516","CCGTGAGTCTGGAAGG-1_6_1"
"517","CCGTTCAAGCCGGAAT-1_6_1"
"518","CCGTTCACACGCCAGT-1_6_1"
"519","CCGTTCAGTGTCCGTG-1_6_1"
"520","CCTAACCCACTTGGCG-1_6_1"
"521","CCTAACCGTCACTCGG-1_6_1"
"522","CCTATCGAGAGCAGTC-1_6_1"
"523","CCTATCGAGCATCGAG-1_6_1"
"524","CCTATCGTCAGGACGA-1_6_1"
"525","CCTCAACCACAGAGCA-1_6_1"
"526","CCTCAACGTATCCCTC-1_6_1"
"527","CCTCAACGTCATAAAG-1_6_1"
"528","CCTCAACTCAAACCTG-1_6_1"
"529","CCTCAGTCATCTTTCA-1_6_1"
"530","CCTCATGAGGCTGTAG-1_6_1"
"531","CCTCATGGTCGCACGT-1_6_1"
"532","CCTCATGTCCTGTTGC-1_6_1"
"533","CCTCATGTCGACCAAT-1_6_1"
"534","CCTCCTCAGTACGTCT-1_6_1"
"535","CCTCTAGTCCTCGCAT-1_6_1"
"536","CCTCTCCAGTTACGGG-1_6_1"
"537","CCTGCATGTTATTCCT-1_6_1"
"538","CCTGCATTCACATTGG-1_6_1"
"539","CCTGTTGGTTGGGACA-1_6_1"
"540","CCTTCAGGTTTCGCTC-1_6_1"
"541","CCTTGTGAGCTAAATG-1_6_1"
"542","CCTTGTGTCTGTCGTC-1_6_1"
"543","CCTTTGGGTAGCTTGT-1_6_1"
"544","CCTTTGGGTCGAGTGA-1_6_1"
"545","CGAAGTTCACGCGTGT-1_6_1"
"546","CGAATTGCACCTGCGA-1_6_1"
"547","CGAATTGCAGCAGATG-1_6_1"
"548","CGAATTGTCCAAAGGG-1_6_1"
"549","CGAATTGTCCATCAGA-1_6_1"
"550","CGACAGCAGGATGTTA-1_6_1"
"551","CGACAGCAGTGCGCTC-1_6_1"
"552","CGAGGAAGTATGCAAA-1_6_1"
"553","CGAGGAAGTGTAAACA-1_6_1"
"554","CGAGTGCAGGAAGTAG-1_6_1"
"555","CGAGTGCAGGTGGTTG-1_6_1"
"556","CGAGTGCAGGTTATAG-1_6_1"
"557","CGAGTGCTCTTCGATT-1_6_1"
"558","CGAGTTACACGGAAGT-1_6_1"
"559","CGAGTTAGTCGGTAAG-1_6_1"
"560","CGATCGGAGAGCAGCT-1_6_1"
"561","CGATGCGGTATTCTCT-1_6_1"
"562","CGATGCGGTTGTCCCT-1_6_1"
"563","CGATGCGTCTTTGCTA-1_6_1"
"564","CGCATAATCATGGATC-1_6_1"
"565","CGCATGGAGCACGATG-1_6_1"
"566","CGCATGGTCCGTTTCG-1_6_1"
"567","CGCCAGAAGAATAACC-1_6_1"
"568","CGCGTGAAGACGTCCC-1_6_1"
"569","CGCGTGAGTCGCCTAG-1_6_1"
"570","CGGAACCGTGACTGAG-1_6_1"
"571","CGGACACAGCAAATGT-1_6_1"
"572","CGGACACTCCGCAGTG-1_6_1"
"573","CGGAGAAAGCGTCGAA-1_6_1"
"574","CGGAGAACACTCCTGT-1_6_1"
"575","CGGCAGTAGAGCAACC-1_6_1"
"576","CGGCAGTAGCTGGAGT-1_6_1"
"577","CGGCAGTAGGAGTATT-1_6_1"
"578","CGGCAGTCAGTTCTAG-1_6_1"
"579","CGGCAGTGTGCCTTTC-1_6_1"
"580","CGGGACTAGACAGTCG-1_6_1"
"581","CGGGACTTCTCTTGCG-1_6_1"
"582","CGGGTCAAGCCTCACG-1_6_1"
"583","CGGGTGTAGTGGCCTC-1_6_1"
"584","CGGGTGTTCACCTGTC-1_6_1"
"585","CGGTCAGAGAAGCGGG-1_6_1"
"586","CGGTCAGGTCACTTAG-1_6_1"
"587","CGGTCAGGTTCTTCAT-1_6_1"
"588","CGTAAGTAGGGCAGTT-1_6_1"
"589","CGTAATGAGCGGTAAC-1_6_1"
"590","CGTAATGAGTCTTCGA-1_6_1"
"591","CGTAATGCAGGATCTT-1_6_1"
"592","CGTAATGGTAATTGGA-1_6_1"
"593","CGTCAAACAAGCACAG-1_6_1"
"594","CGTCAAAGTGAGACGT-1_6_1"
"595","CGTCCATGTGTCACAT-1_6_1"
"596","CGTGAATCAGGCTATT-1_6_1"
"597","CGTGATAAGGCCTTCG-1_6_1"
"598","CGTGATAGTACGTGAG-1_6_1"
"599","CGTGCTTTCGCGGTAC-1_6_1"
"600","CGTGTCTAGGGTTGCA-1_6_1"
"601","CGTTGGGCAAATCAGA-1_6_1"
"602","CGTTGGGCAGTCTCTC-1_6_1"
"603","CGTTGGGTCTTCGACC-1_6_1"
"604","CTACAGAAGACGAGCT-1_6_1"
"605","CTACAGAGTCGCTTGG-1_6_1"
"606","CTACATTGTAACGATA-1_6_1"
"607","CTACATTTCTGTGTGA-1_6_1"
"608","CTACCCAAGTCAGCCC-1_6_1"
"609","CTACCTGAGCATTTCG-1_6_1"
"610","CTACCTGGTCGGTACC-1_6_1"
"611","CTACGGGTCATACAGC-1_6_1"
"612","CTACTATAGGTTCCAT-1_6_1"
"613","CTAGACACACACACTA-1_6_1"
"614","CTAGACAGTCACGACC-1_6_1"
"615","CTAGACAGTCGAACAG-1_6_1"
"616","CTAGGTAGTGTCCACG-1_6_1"
"617","CTATAGGAGCGACATG-1_6_1"
"618","CTATCTACATAGAATG-1_6_1"
"619","CTCAACCGTGCCCACA-1_6_1"
"620","CTCAACCTCTCGAACA-1_6_1"
"621","CTCAAGAAGAGCAGAA-1_6_1"
"622","CTCAAGACATAATGAG-1_6_1"
"623","CTCAAGAGTAACGCGA-1_6_1"
"624","CTCACTGAGTACCGGA-1_6_1"
"625","CTCAGAACATAGACTC-1_6_1"
"626","CTCAGAATCCACTAGA-1_6_1"
"627","CTCAGAATCTCGACCT-1_6_1"
"628","CTCAGGGGTTCGATTG-1_6_1"
"629","CTCAGGGTCGTGTGAT-1_6_1"
"630","CTCATTAAGTGCACTT-1_6_1"
"631","CTCATTACAGGAACCA-1_6_1"
"632","CTCATTAGTCAAGTTC-1_6_1"
"633","CTCATTAGTTCAAAGA-1_6_1"
"634","CTCCAACAGTGCTCGC-1_6_1"
"635","CTCCATGCATAGAGGC-1_6_1"
"636","CTCCCAACACTACACA-1_6_1"
"637","CTCCCAAGTGATAGTA-1_6_1"
"638","CTCCCAAGTGTGGACA-1_6_1"
"639","CTCCCAATCATCTATC-1_6_1"
"640","CTCCCTCCACTGAGTT-1_6_1"
"641","CTCCGATCAGGGTTGA-1_6_1"
"642","CTCCGATCATGGGTCC-1_6_1"
"643","CTCCGATTCGTGCACG-1_6_1"
"644","CTCCTTTAGTGATGGC-1_6_1"
"645","CTCCTTTCACTACAGT-1_6_1"
"646","CTCCTTTTCACCTGTC-1_6_1"
"647","CTCGAGGAGGCGTTAG-1_6_1"
"648","CTCTCAGAGTGCCCGT-1_6_1"
"649","CTCTGGTGTGTGTCGC-1_6_1"
"650","CTGAATGCACCGTACG-1_6_1"
"651","CTGAATGTCCAATCCC-1_6_1"
"652","CTGAGCGAGCGGGTAT-1_6_1"
"653","CTGAGCGAGGATATGT-1_6_1"
"654","CTGAGCGCAGAATGTA-1_6_1"
"655","CTGAGCGCAGCGGTCT-1_6_1"
"656","CTGAGCGTCGCTAGCG-1_6_1"
"657","CTGAGGCCAGGAAGTC-1_6_1"
"658","CTGCAGGCACTCGATA-1_6_1"
"659","CTGCAGGGTCCGAAAG-1_6_1"
"660","CTGCATCTCCGTAGGC-1_6_1"
"661","CTGCCATGTTTGAACC-1_6_1"
"662","CTGCCTAGTTTCACAG-1_6_1"
"663","CTGCGAGCAACGGCCT-1_6_1"
"664","CTGCTCAGTAACACGG-1_6_1"
"665","CTGCTCATCAACGAGG-1_6_1"
"666","CTGCTCATCAGCGCGT-1_6_1"
"667","CTGGACGAGAGGGTCT-1_6_1"
"668","CTGGACGAGTGGAAAG-1_6_1"
"669","CTGGCAGAGAGTGACC-1_6_1"
"670","CTGGCAGGTTGGACCC-1_6_1"
"671","CTGGCAGTCCTAGCGG-1_6_1"
"672","CTGGTCTAGAGCAGCT-1_6_1"
"673","CTGGTCTGTAAGCTCT-1_6_1"
"674","CTGTACCGTGCGAACA-1_6_1"
"675","CTGTAGAAGACGCCCT-1_6_1"
"676","CTGTAGAGTAGCACAG-1_6_1"
"677","CTGTATTCAAAGCGTG-1_6_1"
"678","CTGTATTGTACAAACA-1_6_1"
"679","CTGTCGTTCCCAAGTA-1_6_1"
"680","CTGTCGTTCGACATCA-1_6_1"
"681","CTGTCGTTCGGACCAC-1_6_1"
"682","CTGTGAAGTGAATAAC-1_6_1"
"683","CTTACCGCACGAAAGC-1_6_1"
"684","CTTACCGGTCGAGATG-1_6_1"
"685","CTTAGGATCGTTGTTT-1_6_1"
"686","CTTCCTTCAAGGGTCA-1_6_1"
"687","CTTCCTTCATTGACCA-1_6_1"
"688","CTTCCTTCATTGTCGA-1_6_1"
"689","CTTCCTTGTTCTATCT-1_6_1"
"690","CTTCGGTGTATCGGTT-1_6_1"
"691","CTTCTAAAGTAAGCAT-1_6_1"
"692","CTTCTCTAGATTGATG-1_6_1"
"693","CTTGAGATCCACTTCG-1_6_1"
"694","CTTGATTCAAGGTACG-1_6_1"
"695","CTTGATTGTCAACATC-1_6_1"
"696","CTTGATTTCAGCGCGT-1_6_1"
"697","CTTTCAAGTCTAATCG-1_6_1"
"698","GAAACCTCATGTTTGG-1_6_1"
"699","GAAACCTGTATACCCA-1_6_1"
"700","GAAACCTTCAGCAATC-1_6_1"
"701","GAAATGAGTTCCAAAC-1_6_1"
"702","GAACACTAGCGCGTTC-1_6_1"
"703","GAACACTTCTTAAGGC-1_6_1"
"704","GAAGAATGTATGTGTC-1_6_1"
"705","GAAGCCCAGGTAAACT-1_6_1"
"706","GAAGGACTCATGGAGG-1_6_1"
"707","GAAGTAAAGTTGCGAG-1_6_1"
"708","GAATAGATCCCATAGA-1_6_1"
"709","GAATCGTCAGAGCCCT-1_6_1"
"710","GAATCGTTCATGCCAA-1_6_1"
"711","GACACGCGTAAGATAC-1_6_1"
"712","GACCCAGCAAAGGTTA-1_6_1"
"713","GACCCAGTCACAACCA-1_6_1"
"714","GACCCTTTCGGCGATC-1_6_1"
"715","GACCGTGTCATGCAGT-1_6_1"
"716","GACCTTCAGATACGAT-1_6_1"
"717","GACCTTCCATCGTGGC-1_6_1"
"718","GACGCTGAGAAGGTAG-1_6_1"
"719","GACGCTGTCGTGGAAG-1_6_1"
"720","GACTCAAGTATGGTTC-1_6_1"
"721","GACTCTCTCGAGATGG-1_6_1"
"722","GACTGATCACGTAGAG-1_6_1"
"723","GACTGATGTCCTCAGG-1_6_1"
"724","GACTTCCCATTCGATG-1_6_1"
"725","GAGAAATGTCGAAGCA-1_6_1"
"726","GAGACCCAGGGCGAGA-1_6_1"
"727","GAGACCCGTGACGTCC-1_6_1"
"728","GAGACCCTCGTAATGC-1_6_1"
"729","GAGACCCTCTGCCTCA-1_6_1"
"730","GAGATGGTCGAGAAGC-1_6_1"
"731","GAGCTGCAGGTACCTT-1_6_1"
"732","GAGCTGCCAAACTGCT-1_6_1"
"733","GAGGCCTAGCGACAGT-1_6_1"
"734","GAGGGTAAGTACGTCT-1_6_1"
"735","GAGGGTAAGTGGTTGG-1_6_1"
"736","GAGGGTACATGACCCG-1_6_1"
"737","GAGGGTAGTAGCTTTG-1_6_1"
"738","GAGTCATAGCGCTTCG-1_6_1"
"739","GAGTCTATCTGGTTGA-1_6_1"
"740","GAGTGAGAGGATGAGA-1_6_1"
"741","GAGTGAGAGTATCCTG-1_6_1"
"742","GAGTGAGCAAGTCCCG-1_6_1"
"743","GAGTGAGGTAGGCTGA-1_6_1"
"744","GAGTGAGTCCATTGCC-1_6_1"
"745","GAGTGTTAGTCTCGTA-1_6_1"
"746","GAGTTACTCCATTGCC-1_6_1"
"747","GAGTTGTCAATTGGTC-1_6_1"
"748","GAGTTTGTCTGAGGTT-1_6_1"
"749","GATAGCTCATCCTAAG-1_6_1"
"750","GATAGCTTCCGTGGCA-1_6_1"
"751","GATCAGTTCCAAGCCG-1_6_1"
"752","GATCCCTCAGTTTCGA-1_6_1"
"753","GATCCCTCATGACTAC-1_6_1"
"754","GATCCCTGTATCACCA-1_6_1"
"755","GATCCCTGTCACTACA-1_6_1"
"756","GATCCCTTCGCAGTCG-1_6_1"
"757","GATCGTAAGGTCATAA-1_6_1"
"758","GATCGTATCTACGGTA-1_6_1"
"759","GATGACTCACAGTGAG-1_6_1"
"760","GATGAGGTCCCTGGTT-1_6_1"
"761","GATGATCCAGAAGCTG-1_6_1"
"762","GATGATCCAGAGTTGG-1_6_1"
"763","GATGCTACAAGTTCCA-1_6_1"
"764","GATGCTACAGACATCT-1_6_1"
"765","GATGGAGGTCATGCAT-1_6_1"
"766","GATGGAGTCCGTGCGA-1_6_1"
"767","GATGTTGGTCGTGGAA-1_6_1"
"768","GATGTTGGTTTGCAGT-1_6_1"
"769","GATTCGACAGTGGTGA-1_6_1"
"770","GATTCGATCAAGAAAC-1_6_1"
"771","GATTCTTCAGACACAG-1_6_1"
"772","GATTGGTAGGACGCTA-1_6_1"
"773","GATTGGTCACCCAATA-1_6_1"
"774","GATTGGTGTATGTCTG-1_6_1"
"775","GATTTCTAGAAGAGCA-1_6_1"
"776","GCAACATAGTAACCTC-1_6_1"
"777","GCACATATCCGCGATG-1_6_1"
"778","GCACGTGAGATGGCAC-1_6_1"
"779","GCACGTGCACGCCACA-1_6_1"
"780","GCACGTGCACGTAGAG-1_6_1"
"781","GCACGTGTCTGAGAGG-1_6_1"
"782","GCAGCCAGTGTTAGCT-1_6_1"
"783","GCAGCTGAGCAGAAAG-1_6_1"
"784","GCAGCTGTCACCGGTG-1_6_1"
"785","GCAGCTGTCGCATAGT-1_6_1"
"786","GCAGGCTCAGCGACAA-1_6_1"
"787","GCAGGCTCATGGCCCA-1_6_1"
"788","GCAGTTAAGCACGGAT-1_6_1"
"789","GCAGTTACATTGCAAC-1_6_1"
"790","GCAGTTATCGCCTTTG-1_6_1"
"791","GCATCGGGTTCCCACT-1_6_1"
"792","GCATCTCGTCGAACAG-1_6_1"
"793","GCATCTCTCGTGACTA-1_6_1"
"794","GCATGATGTGCAGGAT-1_6_1"
"795","GCCAACGAGCACTAAA-1_6_1"
"796","GCCAGCAGTATTGACC-1_6_1"
"797","GCCAGTGGTAGGTACG-1_6_1"
"798","GCCAGTGGTTAAAGTG-1_6_1"
"799","GCCAGTGTCACGGACC-1_6_1"
"800","GCCAGTGTCGTTGTAG-1_6_1"
"801","GCCATGGAGCTGTTAC-1_6_1"
"802","GCCATGGCAGAAGTTA-1_6_1"
"803","GCCATGGCATCAGTGT-1_6_1"
"804","GCCATGGTCGCGATCG-1_6_1"
"805","GCCCAGAAGTATGACA-1_6_1"
"806","GCCCAGACACGGTGTC-1_6_1"
"807","GCCCAGACACTTGGGC-1_6_1"
"808","GCCCGAAAGCAGTAAT-1_6_1"
"809","GCCCGAAGTCTGTAGT-1_6_1"
"810","GCCCGAAGTTGCAACT-1_6_1"
"811","GCCGATGCACCACATA-1_6_1"
"812","GCCGTGAAGAGCCTGA-1_6_1"
"813","GCCGTGAAGTCCGTCG-1_6_1"
"814","GCCTGTTAGCCTGAAG-1_6_1"
"815","GCCTGTTAGGTATAGT-1_6_1"
"816","GCCTGTTTCATACGGT-1_6_1"
"817","GCCTGTTTCGGTTGTA-1_6_1"
"818","GCGATCGGTAGTCCTA-1_6_1"
"819","GCGATCGGTGGCTACC-1_6_1"
"820","GCGATCGTCGATGCTA-1_6_1"
"821","GCGGAAACAAGCAATA-1_6_1"
"822","GCGGATCTCTTCGACC-1_6_1"
"823","GCGTGCAAGAGATTCA-1_6_1"
"824","GCGTGCATCACATCAG-1_6_1"
"825","GCGTTTCCATGGCGCT-1_6_1"
"826","GCTACAAAGCTCTTCC-1_6_1"
"827","GCTACAAGTACGATCT-1_6_1"
"828","GCTACAAGTTCACGAT-1_6_1"
"829","GCTACCTTCAGCGCGT-1_6_1"
"830","GCTCAAAGTCGCATTA-1_6_1"
"831","GCTCAAAGTCGTTGCG-1_6_1"
"832","GCTGAATTCAGCGCAC-1_6_1"
"833","GCTGCAGAGACGAGCT-1_6_1"
"834","GCTGCAGCACGCTATA-1_6_1"
"835","GCTGCAGGTGACTATC-1_6_1"
"836","GCTGGGTAGGGTAGCT-1_6_1"
"837","GCTGGGTGTCTTAGTG-1_6_1"
"838","GCTTGGGAGACCACGA-1_6_1"
"839","GCTTGGGAGTAACGTA-1_6_1"
"840","GCTTGGGTCAATCTTC-1_6_1"
"841","GCTTTCGCAGACGGAT-1_6_1"
"842","GCTTTCGCATTGCCGG-1_6_1"
"843","GCTTTCGGTCCACTCT-1_6_1"
"844","GCTTTCGTCTGCTAGA-1_6_1"
"845","GGAACCCAGCCGTAAG-1_6_1"
"846","GGAACCCCACCTGCTT-1_6_1"
"847","GGAACCCTCCAGTGTA-1_6_1"
"848","GGAATCTAGAGTTGCG-1_6_1"
"849","GGAATCTTCCTAGCCT-1_6_1"
"850","GGAATGGGTAATGCGG-1_6_1"
"851","GGAATGGTCCACCTGT-1_6_1"
"852","GGACGTCAGTTGAAAC-1_6_1"
"853","GGACGTCCACGCGTCA-1_6_1"
"854","GGACGTCGTACGAAAT-1_6_1"
"855","GGACGTCGTCCAGCCA-1_6_1"
"856","GGAGAACTCCATGATG-1_6_1"
"857","GGAGATGGTCTAACTG-1_6_1"
"858","GGAGCAAAGTCCGCGT-1_6_1"
"859","GGAGCAATCGGCACTG-1_6_1"
"860","GGAGGATGTCTGATCA-1_6_1"
"861","GGAGGTAAGCATCAGG-1_6_1"
"862","GGAGGTACAATCGAAA-1_6_1"
"863","GGAGGTACAGTAGTGG-1_6_1"
"864","GGATGTTCATTCAGCA-1_6_1"
"865","GGCAGTCAGACCCGCT-1_6_1"
"866","GGCAGTCCACGCTGCA-1_6_1"
"867","GGCAGTCCAGGCACAA-1_6_1"
"868","GGCAGTCCAGGTACGA-1_6_1"
"869","GGCGTCACAATGGCCC-1_6_1"
"870","GGCGTCACATGATCTG-1_6_1"
"871","GGCGTCATCTCGTGGG-1_6_1"
"872","GGCTGTGTCTCCGAAA-1_6_1"
"873","GGCTTGGTCACTTGTT-1_6_1"
"874","GGCTTGGTCCTAAACG-1_6_1"
"875","GGGAAGTAGCTGCCAC-1_6_1"
"876","GGGAAGTGTATGTGTC-1_6_1"
"877","GGGACAAAGTGGTGGT-1_6_1"
"878","GGGACAACAACATCGT-1_6_1"
"879","GGGACAAGTATGAGAT-1_6_1"
"880","GGGACCTAGAGAGCAA-1_6_1"
"881","GGGACCTAGTATGAAC-1_6_1"
"882","GGGACCTGTGAATGAT-1_6_1"
"883","GGGACTCGTGACTAAA-1_6_1"
"884","GGGAGATCATCTTCGC-1_6_1"
"885","GGGAGATGTGGACAGT-1_6_1"
"886","GGGATCCAGGTCCAGA-1_6_1"
"887","GGGATGAAGGATATGT-1_6_1"
"888","GGGCCATGTAGAATAC-1_6_1"
"889","GGGCTCACACTATGTG-1_6_1"
"890","GGGCTCACAGGAAGTC-1_6_1"
"891","GGGTAGACAAATGGTA-1_6_1"
"892","GGGTATTCACGGCACT-1_6_1"
"893","GGGTCTGTCTACAGGT-1_6_1"
"894","GGGTGTCGTTGCTCCT-1_6_1"
"895","GGGTGTCTCACGTAGT-1_6_1"
"896","GGGTGTCTCCGAAATC-1_6_1"
"897","GGGTTATGTGTATACC-1_6_1"
"898","GGGTTATTCCGGTAAT-1_6_1"
"899","GGGTTTACAACTGCCG-1_6_1"
"900","GGGTTTATCTTACACT-1_6_1"
"901","GGTAATCAGTTCATGC-1_6_1"
"902","GGTAGAGCAGCGTTGC-1_6_1"
"903","GGTCTGGAGCTCCCTT-1_6_1"
"904","GGTGAAGTCGCTACAA-1_6_1"
"905","GGTGATTAGGTGAGCT-1_6_1"
"906","GGTGGCTCATTGAAAG-1_6_1"
"907","GGTGGCTGTACGCTAT-1_6_1"
"908","GGTGTCGAGGGAGTTC-1_6_1"
"909","GGTGTTATCGAAGAAT-1_6_1"
"910","GGTTCTCAGCACAAAT-1_6_1"
"911","GGTTCTCAGTCAGGGT-1_6_1"
"912","GGTTCTCGTACCGGAA-1_6_1"
"913","GGTTCTCGTCTGCATA-1_6_1"
"914","GGTTGTATCGAAATCC-1_6_1"
"915","GTAACACAGACATAAC-1_6_1"
"916","GTAACACCATGGTACT-1_6_1"
"917","GTAACACGTGATGGCA-1_6_1"
"918","GTAAGTCAGATCACTC-1_6_1"
"919","GTAATCGAGTAAGACT-1_6_1"
"920","GTAATCGCAAGAGAGA-1_6_1"
"921","GTAATCGCATCCGGCA-1_6_1"
"922","GTAATGCCAAGAGTGC-1_6_1"
"923","GTAATGCGTGTTGCCG-1_6_1"
"924","GTACAACAGGTTCATC-1_6_1"
"925","GTACAGTGTCTTCGAA-1_6_1"
"926","GTACAGTTCGTAACTG-1_6_1"
"927","GTAGAAAAGGCAGTCA-1_6_1"
"928","GTAGAAACATCCGATA-1_6_1"
"929","GTAGAAACATCGGTTA-1_6_1"
"930","GTAGAGGCAGAGTCAG-1_6_1"
"931","GTAGAGGGTCATAAAG-1_6_1"
"932","GTAGAGGGTCTTGTCC-1_6_1"
"933","GTAGATCAGCAATTAG-1_6_1"
"934","GTAGATCCACCGTCGA-1_6_1"
"935","GTAGCTACAAGCGATG-1_6_1"
"936","GTAGCTACACCTATCC-1_6_1"
"937","GTAGCTAGTCCTTGTC-1_6_1"
"938","GTAGGAGAGTTAACGA-1_6_1"
"939","GTAGGAGCAAGGCTTT-1_6_1"
"940","GTAGGAGCAGTGTGGA-1_6_1"
"941","GTAGGAGCAGTTGTCA-1_6_1"
"942","GTAGGAGTCACTGCTC-1_6_1"
"943","GTAGGAGTCCCATTTA-1_6_1"
"944","GTAGGTTAGGGCGAGA-1_6_1"
"945","GTAGGTTCAACAACAA-1_6_1"
"946","GTAGGTTCAGTCGTTA-1_6_1"
"947","GTAGTACGTCTTCCGT-1_6_1"
"948","GTATTTCCAAATCCCA-1_6_1"
"949","GTCAAACCACTAACGT-1_6_1"
"950","GTCAAGTAGTGCGTCC-1_6_1"
"951","GTCAAGTGTGACTATC-1_6_1"
"952","GTCAAGTTCACCCATC-1_6_1"
"953","GTCAAGTTCAGTCTTT-1_6_1"
"954","GTCACGGGTGGTCTTA-1_6_1"
"955","GTCACTCCAGCCTACG-1_6_1"
"956","GTCACTCGTATCGCAT-1_6_1"
"957","GTCAGCGCAGACCAAG-1_6_1"
"958","GTCATGAAGGAGAGGC-1_6_1"
"959","GTCATGAAGTGATCGG-1_6_1"
"960","GTCATGATCTTGGTCC-1_6_1"
"961","GTCATTTAGACTAAGT-1_6_1"
"962","GTCATTTAGTAAACTG-1_6_1"
"963","GTCCACTTCGTCGCTT-1_6_1"
"964","GTCCCATAGGCATCTT-1_6_1"
"965","GTCCCATCACCGTCTT-1_6_1"
"966","GTCCCATCATCTCGTC-1_6_1"
"967","GTCCCATCATGACGGA-1_6_1"
"968","GTCCCATTCGACGCGT-1_6_1"
"969","GTCCTCATCGACACTA-1_6_1"
"970","GTCGAATCATTGCCTC-1_6_1"
"971","GTCGAATGTCCCACGA-1_6_1"
"972","GTCGAATTCTGTTCAT-1_6_1"
"973","GTCGCGAGTTGTGTTG-1_6_1"
"974","GTCGTAAAGACGCCAA-1_6_1"
"975","GTCGTAAAGCACCGTC-1_6_1"
"976","GTCGTAAAGTATTAGG-1_6_1"
"977","GTCTACCAGCGTCTCG-1_6_1"
"978","GTCTAGAAGCTGCCAC-1_6_1"
"979","GTCTAGAAGTAGGAAG-1_6_1"
"980","GTCTGTCAGCGGGTTA-1_6_1"
"981","GTCTTTAAGGACGGAG-1_6_1"
"982","GTCTTTACATTCTCCG-1_6_1"
"983","GTCTTTAGTTAATCGC-1_6_1"
"984","GTCTTTATCGGTGAAG-1_6_1"
"985","GTGAGCCCAATCGTCA-1_6_1"
"986","GTGAGCCGTAGGCTGA-1_6_1"
"987","GTGAGCCTCGAACCAT-1_6_1"
"988","GTGAGGAGTTTCGATG-1_6_1"
"989","GTGAGGATCATCGCCT-1_6_1"
"990","GTGAGTTAGGGCCTCT-1_6_1"
"991","GTGATGTGTGTCATTG-1_6_1"
"992","GTGATGTTCTCCTGTG-1_6_1"
"993","GTGCACGAGGATTACA-1_6_1"
"994","GTGCAGCTCTTCGGTC-1_6_1"
"995","GTGCGTGGTAGTGTGG-1_6_1"
"996","GTGCTGGAGCCGGATA-1_6_1"
"997","GTGGAGACAGAGTTCT-1_6_1"
"998","GTGGAGAGTACAGAGC-1_6_1"
"999","GTGGCGTCACAATGTC-1_6_1"
"1000","GTGGCGTGTACAGTTC-1_6_1"
"1001","GTGGGAACACCTATCC-1_6_1"
"1002","GTGGTTAAGCGCAATG-1_6_1"
"1003","GTGGTTACACATCCCT-1_6_1"
"1004","GTGGTTATCAAGTTGC-1_6_1"
"1005","GTGGTTATCTAGTCAG-1_6_1"
"1006","GTGTAACCACAGACGA-1_6_1"
"1007","GTGTAACGTGATACAA-1_6_1"
"1008","GTGTAACTCAGCAATC-1_6_1"
"1009","GTGTCCTTCAGGACGA-1_6_1"
"1010","GTGTGGCGTTGTGCAT-1_6_1"
"1011","GTGTTAGCAATGGGTG-1_6_1"
"1012","GTGTTCCCAGCTACCG-1_6_1"
"1013","GTGTTCCTCTAAGCGT-1_6_1"
"1014","GTTACAGAGCAACAGC-1_6_1"
"1015","GTTACCCAGCTTGTGT-1_6_1"
"1016","GTTACCCCATGTTTGG-1_6_1"
"1017","GTTACGACAAGCTGTT-1_6_1"
"1018","GTTAGACAGAGCAAGA-1_6_1"
"1019","GTTAGACGTTAGTCGT-1_6_1"
"1020","GTTAGACTCCCAAGCG-1_6_1"
"1021","GTTAGTGAGGCCTGCT-1_6_1"
"1022","GTTATGGAGGGTACAC-1_6_1"
"1023","GTTATGGAGTCCCAGC-1_6_1"
"1024","GTTATGGCAAGTGCTT-1_6_1"
"1025","GTTATGGGTGTCATTG-1_6_1"
"1026","GTTCATTAGGATATAC-1_6_1"
"1027","GTTCATTAGGGACTGT-1_6_1"
"1028","GTTCATTAGTATTCCG-1_6_1"
"1029","GTTCATTGTCAAGGCA-1_6_1"
"1030","GTTCCGTAGGACAAGA-1_6_1"
"1031","GTTCCGTAGTTGAATG-1_6_1"
"1032","GTTCCGTAGTTGTAGA-1_6_1"
"1033","GTTCCGTCAATGAAAC-1_6_1"
"1034","GTTCCGTGTGTCTTGA-1_6_1"
"1035","GTTCGCTCACTTCAAG-1_6_1"
"1036","GTTCGCTGTCCAGTTA-1_6_1"
"1037","GTTCGCTTCGGAATGG-1_6_1"
"1038","GTTCGCTTCGTTGTTT-1_6_1"
"1039","GTTCTATGTTACGCCG-1_6_1"
"1040","GTTGCGGAGAGGGCGA-1_6_1"
"1041","GTTGCTCGTGTGAATA-1_6_1"
"1042","GTTGTGATCTACCTTA-1_6_1"
"1043","GTTTACTGTCTGTGAT-1_6_1"
"1044","GTTTACTGTTAGAAGT-1_6_1"
"1045","GTTTGGAGTACTTGTG-1_6_1"
"1046","TAACACGCATCCGATA-1_6_1"
"1047","TAACCAGAGGGAGTGG-1_6_1"
"1048","TAACGACAGTGGGAAA-1_6_1"
"1049","TAACGACGTAACGATA-1_6_1"
"1050","TAACTTCCATGGATCT-1_6_1"
"1051","TAAGCACGTTCGGTCG-1_6_1"
"1052","TAAGCCAAGTTATGGA-1_6_1"
"1053","TAAGCCATCATAGCAC-1_6_1"
"1054","TAAGCGTAGGTCGACA-1_6_1"
"1055","TAATCTCGTTGGATCT-1_6_1"
"1056","TAATTCCCAAAGCTCT-1_6_1"
"1057","TACAACGAGTGCCGAA-1_6_1"
"1058","TACAACGCAAAGAACT-1_6_1"
"1059","TACAACGCAATTTCCT-1_6_1"
"1060","TACAACGCAGCATCTA-1_6_1"
"1061","TACAACGTCAGCAGAG-1_6_1"
"1062","TACACCCCAAATAAGC-1_6_1"
"1063","TACACCCCAAGTGGCA-1_6_1"
"1064","TACACCCGTTAACCTG-1_6_1"
"1065","TACAGGTGTCCTGAAT-1_6_1"
"1066","TACAGGTGTTATGTCG-1_6_1"
"1067","TACAGGTTCCGTATGA-1_6_1"
"1068","TACCCACGTTAAACAG-1_6_1"
"1069","TACCGAAAGGCAATGC-1_6_1"
"1070","TACCGAAAGGTACCTT-1_6_1"
"1071","TACCGGGGTCAGACTT-1_6_1"
"1072","TACCGGGGTCCTCCTA-1_6_1"
"1073","TACCTCGTCTGCGGCA-1_6_1"
"1074","TACCTGCGTGCCTATA-1_6_1"
"1075","TACGCTCAGCGACAGT-1_6_1"
"1076","TACGGGCCAGCGGTTC-1_6_1"
"1077","TACGGTACAAACCGGA-1_6_1"
"1078","TACGGTACAGTTAAAG-1_6_1"
"1079","TACGGTATCCATACAG-1_6_1"
"1080","TACGTCCCAGTGACCC-1_6_1"
"1081","TACGTCCGTAAGCAAT-1_6_1"
"1082","TACTGCCCATGTGGTT-1_6_1"
"1083","TACTGCCGTTGGGAAC-1_6_1"
"1084","TACTGCCTCGTGCATA-1_6_1"
"1085","TACTTACGTGCCAAGA-1_6_1"
"1086","TACTTCAGTAATGATG-1_6_1"
"1087","TACTTCATCCAAATGC-1_6_1"
"1088","TAGACCACAGGCATGA-1_6_1"
"1089","TAGACCATCGGCTTCT-1_6_1"
"1090","TAGACCATCTGAACGT-1_6_1"
"1091","TAGACCATCTGTAAGC-1_6_1"
"1092","TAGATCGGTTCGGTAT-1_6_1"
"1093","TAGATCGTCTGCGATA-1_6_1"
"1094","TAGCACAAGTCATACC-1_6_1"
"1095","TAGCACACATCGATGT-1_6_1"
"1096","TAGGAGGGTAAGTTGA-1_6_1"
"1097","TAGGAGGTCGATACTG-1_6_1"
"1098","TAGGGTTAGCGCCCAT-1_6_1"
"1099","TAGGTACAGGGTTGCA-1_6_1"
"1100","TAGGTTGAGAAGCGAA-1_6_1"
"1101","TAGGTTGTCATGACAC-1_6_1"
"1102","TAGGTTGTCTATGCCC-1_6_1"
"1103","TAGTGCAAGACAGTCG-1_6_1"
"1104","TAGTGCATCGAACGCC-1_6_1"
"1105","TAGTGCATCGTCTAAG-1_6_1"
"1106","TATACCTCATTGAAGA-1_6_1"
"1107","TATACCTGTACCAATC-1_6_1"
"1108","TATACCTTCGCTCTCA-1_6_1"
"1109","TATATCCTCCAATGCA-1_6_1"
"1110","TATCAGGAGGCAGCTA-1_6_1"
"1111","TATCCTATCCTACAAG-1_6_1"
"1112","TATCGCCGTAGCGTAG-1_6_1"
"1113","TATCTGTAGTCGTTAC-1_6_1"
"1114","TATCTGTCAAGATCCT-1_6_1"
"1115","TATCTGTCAAGCGAAC-1_6_1"
"1116","TATCTGTCATGGCACC-1_6_1"
"1117","TATCTTGTCTGGACTA-1_6_1"
"1118","TATTGCTCAGGGATAC-1_6_1"
"1119","TATTGCTGTTACCCAA-1_6_1"
"1120","TATTGGGGTGTAGTGG-1_6_1"
"1121","TATTTCGAGGTACAGC-1_6_1"
"1122","TATTTCGCACCAACAT-1_6_1"
"1123","TCAAGACAGTGCCTCG-1_6_1"
"1124","TCAAGACGTTGGATCT-1_6_1"
"1125","TCAAGACTCCGTGACG-1_6_1"
"1126","TCAAGCACATCCGAAT-1_6_1"
"1127","TCAAGCATCCACTGGG-1_6_1"
"1128","TCAAGCATCGGCCCAA-1_6_1"
"1129","TCAAGTGAGATCGCCC-1_6_1"
"1130","TCAATCTTCGGTTCAA-1_6_1"
"1131","TCAATCTTCGTTGCCT-1_6_1"
"1132","TCAATTCGTTGAATCC-1_6_1"
"1133","TCACAAGCATCTAGAC-1_6_1"
"1134","TCACACCAGCACAAAT-1_6_1"
"1135","TCACACCCAGAGTCTT-1_6_1"
"1136","TCACATTCACGTAGTT-1_6_1"
"1137","TCACATTGTTCGGCCA-1_6_1"
"1138","TCACATTTCTCCAAGA-1_6_1"
"1139","TCACGCTAGGAATCGC-1_6_1"
"1140","TCACGCTTCTGCGTCT-1_6_1"
"1141","TCACTATGTGCGAACA-1_6_1"
"1142","TCACTCGAGTACGTCT-1_6_1"
"1143","TCACTCGCACTTCAAG-1_6_1"
"1144","TCAGCAAAGGCTGGAT-1_6_1"
"1145","TCAGCAAGTTCTCGCT-1_6_1"
"1146","TCAGCCTAGAGGATCC-1_6_1"
"1147","TCAGCCTAGCACGGAT-1_6_1"
"1148","TCAGGTAGTATCGCGC-1_6_1"
"1149","TCAGTGACAAGGGCAT-1_6_1"
"1150","TCAGTGATCGAGAGCA-1_6_1"
"1151","TCAGTTTGTGTGCTTA-1_6_1"
"1152","TCATACTCAGGTATGG-1_6_1"
"1153","TCATACTGTCGTTCAA-1_6_1"
"1154","TCATATCCACACCTTC-1_6_1"
"1155","TCATATCCACATAGCT-1_6_1"
"1156","TCATCATAGCTGTTAC-1_6_1"
"1157","TCATCATCAGGACTAG-1_6_1"
"1158","TCATCCGGTGGAACCA-1_6_1"
"1159","TCATGCCCAGAAATCA-1_6_1"
"1160","TCATGCCGTAGACACG-1_6_1"
"1161","TCATGGACACCAGCTG-1_6_1"
"1162","TCATGTTGTAATGCGG-1_6_1"
"1163","TCATGTTTCAACCGAT-1_6_1"
"1164","TCATGTTTCCGTCCTA-1_6_1"
"1165","TCATTCAAGGCTGAAC-1_6_1"
"1166","TCATTCACAAACCATC-1_6_1"
"1167","TCATTGTGTTGATGTC-1_6_1"
"1168","TCATTGTTCCGTGGGT-1_6_1"
"1169","TCATTTGAGATGGCAC-1_6_1"
"1170","TCATTTGAGCATGATA-1_6_1"
"1171","TCCACCAAGAGTTGCG-1_6_1"
"1172","TCCACCAGTAAGGAGA-1_6_1"
"1173","TCCACCATCAACGAGG-1_6_1"
"1174","TCCACCATCATCACAG-1_6_1"
"1175","TCCACGTGTGCAATAA-1_6_1"
"1176","TCCACGTTCGCTTACC-1_6_1"
"1177","TCCAGAAAGCCTGAGA-1_6_1"
"1178","TCCAGAACAGAGGAAA-1_6_1"
"1179","TCCATGCTCGGACAAG-1_6_1"
"1180","TCCCACACAAGACGAC-1_6_1"
"1181","TCCCATGGTAAGAACT-1_6_1"
"1182","TCCCATGTCAGTGTTG-1_6_1"
"1183","TCCCATGTCTAACGGT-1_6_1"
"1184","TCCGATCGTAGACTGG-1_6_1"
"1185","TCCGATCGTTGCAACT-1_6_1"
"1186","TCCGATCTCACGGAGA-1_6_1"
"1187","TCCGGGATCACTGTCC-1_6_1"
"1188","TCCGGGATCTCCGAAA-1_6_1"
"1189","TCCTAATTCCCTCAAC-1_6_1"
"1190","TCCTCCCGTCATAACC-1_6_1"
"1191","TCCTCGAAGAGAGCGG-1_6_1"
"1192","TCCTCGACACAATGCT-1_6_1"
"1193","TCCTCGATCGATTCCC-1_6_1"
"1194","TCCTCTTGTTGTGGAG-1_6_1"
"1195","TCCTGCAAGATGAAGG-1_6_1"
"1196","TCCTGCAAGCATCAAA-1_6_1"
"1197","TCCTTCTCATCCGGCA-1_6_1"
"1198","TCGAACAGTATGAGGC-1_6_1"
"1199","TCGAACAGTCCAGGTC-1_6_1"
"1200","TCGAAGTAGAGCCGAT-1_6_1"
"1201","TCGACCTCAAATACGA-1_6_1"
"1202","TCGACCTCAATCCAGT-1_6_1"
"1203","TCGACCTCACGACGAA-1_6_1"
"1204","TCGACGGCAAGTATAG-1_6_1"
"1205","TCGACGGGTAGAATGT-1_6_1"
"1206","TCGATTTGTAGTGGCA-1_6_1"
"1207","TCGCTTGCAATACCTG-1_6_1"
"1208","TCGCTTGGTAGGCTGA-1_6_1"
"1209","TCGGATAAGCAACTCT-1_6_1"
"1210","TCGGATAGTAGGACCA-1_6_1"
"1211","TCGGGACAGAAGAGCA-1_6_1"
"1212","TCGGGACAGTGATCGG-1_6_1"
"1213","TCGGGCAAGATGTTAG-1_6_1"
"1214","TCGGGCAAGCTCATAC-1_6_1"
"1215","TCGGGCAAGGGTACGT-1_6_1"
"1216","TCGGGTGAGCAGTAAT-1_6_1"
"1217","TCGGTCTAGGGCGAAG-1_6_1"
"1218","TCGGTCTAGGGCTTCC-1_6_1"
"1219","TCGGTCTTCTTTGGAG-1_6_1"
"1220","TCGTCCAGTAATGCGG-1_6_1"
"1221","TCGTGCTCAAGAGTGC-1_6_1"
"1222","TCGTGCTGTGGTAATA-1_6_1"
"1223","TCTAACTTCGGTCGAC-1_6_1"
"1224","TCTACCGAGACTTCCA-1_6_1"
"1225","TCTACCGAGAGGGTAA-1_6_1"
"1226","TCTACCGCAATTCACG-1_6_1"
"1227","TCTACCGGTTGCGGCT-1_6_1"
"1228","TCTATACAGGTGCTAG-1_6_1"
"1229","TCTATACCATGAATAG-1_6_1"
"1230","TCTATACGTCAAGCGA-1_6_1"
"1231","TCTATCAAGGTGGTTG-1_6_1"
"1232","TCTCCGAGTCTACAGT-1_6_1"
"1233","TCTCCGATCGCCGTGA-1_6_1"
"1234","TCTCTGGGTTTCGCTC-1_6_1"
"1235","TCTCTGGTCTGCTGAA-1_6_1"
"1236","TCTGTCGCACGAGAAC-1_6_1"
"1237","TCTGTCGGTGTGTCCG-1_6_1"
"1238","TCTGTCGTCGACTCCT-1_6_1"
"1239","TCTTAGTTCTGTTCAT-1_6_1"
"1240","TCTTCCTAGAATACAC-1_6_1"
"1241","TCTTCCTAGTCATACC-1_6_1"
"1242","TCTTCCTGTCTCGCGA-1_6_1"
"1243","TCTTCCTGTTGGAGAC-1_6_1"
"1244","TCTTGCGGTGTTCAGT-1_6_1"
"1245","TCTTTGAGTATACCCA-1_6_1"
"1246","TGAACGTCATACGCAT-1_6_1"
"1247","TGAACGTTCGGCCCAA-1_6_1"
"1248","TGAATCGTCGCTCATC-1_6_1"
"1249","TGAATGCGTCTTTCAT-1_6_1"
"1250","TGAATGCGTGACACGA-1_6_1"
"1251","TGACAGTAGTCGAGGT-1_6_1"
"1252","TGACCCTGTCGTCATA-1_6_1"
"1253","TGACCCTTCGGATTAC-1_6_1"
"1254","TGACGCGCAGGTACGA-1_6_1"
"1255","TGACGCGCATACACCA-1_6_1"
"1256","TGAGACTTCTAGTCAG-1_6_1"
"1257","TGAGCATGTTGCGGAA-1_6_1"
"1258","TGAGGAGCACCCAACG-1_6_1"
"1259","TGAGGAGGTGGCTGCT-1_6_1"
"1260","TGAGGGACAAATGAGT-1_6_1"
"1261","TGAGGGATCGCGCTGA-1_6_1"
"1262","TGAGTCAAGATGCAGC-1_6_1"
"1263","TGAGTCAAGCACTTTG-1_6_1"
"1264","TGAGTCATCGTCGGGT-1_6_1"
"1265","TGATCAGCAGTCGCTG-1_6_1"
"1266","TGATCTTCACTCATAG-1_6_1"
"1267","TGATGCATCCACAGGC-1_6_1"
"1268","TGATGGTAGAGTCAAT-1_6_1"
"1269","TGATGGTTCAATCTCT-1_6_1"
"1270","TGATTCTGTCACATTG-1_6_1"
"1271","TGATTCTTCCCTTGGT-1_6_1"
"1272","TGATTTCCATACTGTG-1_6_1"
"1273","TGCAGATCACTTCAGA-1_6_1"
"1274","TGCAGGCCATACAGAA-1_6_1"
"1275","TGCAGGCTCAGGCGAA-1_6_1"
"1276","TGCAGTAGTCAAACGG-1_6_1"
"1277","TGCAGTAGTGTGTGTT-1_6_1"
"1278","TGCATGAGTCCAGGTC-1_6_1"
"1279","TGCCGAGAGTAGAGTT-1_6_1"
"1280","TGCGATAGTATTTCGG-1_6_1"
"1281","TGCGATAGTCGATGCC-1_6_1"
"1282","TGCGGCACATACAGAA-1_6_1"
"1283","TGCGGCAGTACCCGAC-1_6_1"
"1284","TGCTCCACAAATAGCA-1_6_1"
"1285","TGCTCCAGTTTGGAAA-1_6_1"
"1286","TGCTCGTCAGAGTGAC-1_6_1"
"1287","TGCTCGTCATCCGCGA-1_6_1"
"1288","TGCTCGTGTATCACGT-1_6_1"
"1289","TGCTCGTGTTCCGCTT-1_6_1"
"1290","TGCTTCGGTTTAAGGA-1_6_1"
"1291","TGCTTGCCAGAGACTG-1_6_1"
"1292","TGCTTGCGTAGAGGAA-1_6_1"
"1293","TGCTTGCGTTATTCTC-1_6_1"
"1294","TGGAGGACACCAGCTG-1_6_1"
"1295","TGGAGGACATACAGGG-1_6_1"
"1296","TGGAGGAGTACGTAGG-1_6_1"
"1297","TGGATCAAGGAGATAG-1_6_1"
"1298","TGGATGTGTGAGCCAA-1_6_1"
"1299","TGGATGTGTGCTGATT-1_6_1"
"1300","TGGCGTGAGAGAGCCT-1_6_1"
"1301","TGGCGTGCACGCAAAG-1_6_1"
"1302","TGGCGTGCACGCGTCA-1_6_1"
"1303","TGGCGTGGTAACGATA-1_6_1"
"1304","TGGGAGACATCCCACT-1_6_1"
"1305","TGGGATTCAGACCTAT-1_6_1"
"1306","TGGGATTTCGACGCGT-1_6_1"
"1307","TGGGCGTGTTACCGTA-1_6_1"
"1308","TGGGTTATCCGTGGCA-1_6_1"
"1309","TGGTACAGTCCGATCG-1_6_1"
"1310","TGGTACATCGCACTCT-1_6_1"
"1311","TGGTAGTTCATCCTGC-1_6_1"
"1312","TGGTGATTCTGAGAAA-1_6_1"
"1313","TGGTGATTCTGTGCTC-1_6_1"
"1314","TGGTTAGTCAGCAATC-1_6_1"
"1315","TGGTTAGTCGTTCGCT-1_6_1"
"1316","TGTAACGAGGGCGAGA-1_6_1"
"1317","TGTAACGGTCTCACGG-1_6_1"
"1318","TGTAACGGTGCTGATT-1_6_1"
"1319","TGTAAGCGTACGGCAA-1_6_1"
"1320","TGTACAGAGTCCCGGT-1_6_1"
"1321","TGTACAGGTTCACCGG-1_6_1"
"1322","TGTACAGTCAATCTCT-1_6_1"
"1323","TGTAGACAGAGTTGTA-1_6_1"
"1324","TGTAGACAGCACTGGA-1_6_1"
"1325","TGTCCACCACTGCGAC-1_6_1"
"1326","TGTCCACGTCGGTGTC-1_6_1"
"1327","TGTCCCACACGCTTAA-1_6_1"
"1328","TGTCCTGAGACGCATG-1_6_1"
"1329","TGTCCTGAGGAACTAT-1_6_1"
"1330","TGTGAGTCATATTCGG-1_6_1"
"1331","TGTGAGTTCTGGCCAG-1_6_1"
"1332","TGTGATGCACATGGTT-1_6_1"
"1333","TGTGATGCACCCTGAG-1_6_1"
"1334","TGTGATGTCACAGAGG-1_6_1"
"1335","TGTGATGTCTCTGGTC-1_6_1"
"1336","TGTGCGGAGCCTGACC-1_6_1"
"1337","TGTGCGGCACAGTCAT-1_6_1"
"1338","TGTGCGGGTCCTCCAT-1_6_1"
"1339","TGTGCGGGTTCTAAGC-1_6_1"
"1340","TGTGCGGTCCTACACC-1_6_1"
"1341","TGTGGCGAGGGTGAGG-1_6_1"
"1342","TGTGGCGAGGTCATCT-1_6_1"
"1343","TGTGTGATCCGAGCTG-1_6_1"
"1344","TGTGTGATCGAAACAA-1_6_1"
"1345","TGTTACTAGATGGCGT-1_6_1"
"1346","TGTTACTAGATTGGGC-1_6_1"
"1347","TGTTACTCAGAGACTG-1_6_1"
"1348","TGTTCATTCTCGGGAC-1_6_1"
"1349","TGTTCCGCATCCGCGA-1_6_1"
"1350","TGTTCCGGTCTACGAT-1_6_1"
"1351","TGTTCCGTCCGAGGCT-1_6_1"
"1352","TGTTCTACAGCTATAC-1_6_1"
"1353","TGTTCTAGTCACCACG-1_6_1"
"1354","TGTTCTAGTCGCTCGA-1_6_1"
"1355","TGTTCTAGTCTAGTGT-1_6_1"
"1356","TGTTGAGGTTAGGAGC-1_6_1"
"1357","TGTTGGATCAGACTGT-1_6_1"
"1358","TGTTGGATCCAACACA-1_6_1"
"1359","TGTTGGATCGCTCATC-1_6_1"
"1360","TTAATCCGTACCTTCC-1_6_1"
"1361","TTAATCCGTTATGTCG-1_6_1"
"1362","TTACAGGAGCATCGAG-1_6_1"
"1363","TTACAGGCATTGAAAG-1_6_1"
"1364","TTACAGGGTCGTCAGC-1_6_1"
"1365","TTACGCCCACAGCGCT-1_6_1"
"1366","TTACGCCGTTCGAAGG-1_6_1"
"1367","TTAGGCAAGGGAGTTC-1_6_1"
"1368","TTAGGCATCCCTGTTG-1_6_1"
"1369","TTAGGGTAGAACGCGT-1_6_1"
"1370","TTAGGGTCACAGACGA-1_6_1"
"1371","TTAGGGTGTGCTATTG-1_6_1"
"1372","TTAGGGTTCACCATAG-1_6_1"
"1373","TTAGTCTCAAAGGCAC-1_6_1"
"1374","TTAGTCTCACTGTGTA-1_6_1"
"1375","TTATTGCGTTCGGTAT-1_6_1"
"1376","TTCAATCCACGTGTGC-1_6_1"
"1377","TTCAATCGTATAGCTC-1_6_1"
"1378","TTCAATCGTCGATTCA-1_6_1"
"1379","TTCACCGAGAAGCCAC-1_6_1"
"1380","TTCACCGCAGGAAGTC-1_6_1"
"1381","TTCACCGCATAAGATG-1_6_1"
"1382","TTCACCGGTATGAAGT-1_6_1"
"1383","TTCACGCCACGGAAGT-1_6_1"
"1384","TTCAGGAAGGCTGGAT-1_6_1"
"1385","TTCAGGACACCCAATA-1_6_1"
"1386","TTCATTGCACCAATTG-1_6_1"
"1387","TTCATTGCAGTTGAAA-1_6_1"
"1388","TTCATTGTCAAGTTGC-1_6_1"
"1389","TTCATTGTCACGGAGA-1_6_1"
"1390","TTCCAATCACAGTACT-1_6_1"
"1391","TTCCAATCAGTCTTCC-1_6_1"
"1392","TTCCACGAGGCTGTAG-1_6_1"
"1393","TTCCACGAGTGATCGG-1_6_1"
"1394","TTCCACGGTATATGGA-1_6_1"
"1395","TTCCACGGTCAAAGAT-1_6_1"
"1396","TTCCGTGGTGAGATAT-1_6_1"
"1397","TTCCTAAAGTTTCGGT-1_6_1"
"1398","TTCCTCTAGCCTTTGA-1_6_1"
"1399","TTCCTCTGTGTTTCTT-1_6_1"
"1400","TTCGCTGAGAAGCCTG-1_6_1"
"1401","TTCGCTGGTCCACTCT-1_6_1"
"1402","TTCGGTCAGTCCCAAT-1_6_1"
"1403","TTCGGTCCAAACCACT-1_6_1"
"1404","TTCGGTCGTAAGAACT-1_6_1"
"1405","TTCGGTCGTATCGCGC-1_6_1"
"1406","TTCTAACGTCGATGCC-1_6_1"
"1407","TTCTAACTCACCTGTC-1_6_1"
"1408","TTCTAGTAGATGTTAG-1_6_1"
"1409","TTCTCTCAGCCTGAGA-1_6_1"
"1410","TTCTCTCCAACTTGCA-1_6_1"
"1411","TTCTCTCTCTAGACCA-1_6_1"
"1412","TTCTGTAAGATACGAT-1_6_1"
"1413","TTCTGTACAGACCATT-1_6_1"
"1414","TTGAACGAGGTGCATG-1_6_1"
"1415","TTGAACGCACGGTGAA-1_6_1"
"1416","TTGACCCAGCACGTCC-1_6_1"
"1417","TTGAGTGGTTCGGCTG-1_6_1"
"1418","TTGATGGAGTTGAATG-1_6_1"
"1419","TTGATGGGTCTATGAC-1_6_1"
"1420","TTGATGGTCACGATCA-1_6_1"
"1421","TTGCATTAGGGCAGGA-1_6_1"
"1422","TTGCATTGTGGAATGC-1_6_1"
"1423","TTGCCTGCACTCTGCT-1_6_1"
"1424","TTGCCTGCAGCATTGT-1_6_1"
"1425","TTGCGTCAGTCGCGAA-1_6_1"
"1426","TTGCGTCCACTTCCTG-1_6_1"
"1427","TTGCTGCTCCCTCTTT-1_6_1"
"1428","TTGGATGCACCCATAA-1_6_1"
"1429","TTGGGATCACAATGAA-1_6_1"
"1430","TTGGGATGTGCATGTT-1_6_1"
"1431","TTGGTTTCAGTGTGGA-1_6_1"
"1432","TTGTGGACACAGAAGC-1_6_1"
"1433","TTGTGGAGTTGCATGT-1_6_1"
"1434","TTGTGGATCAGGAACG-1_6_1"
"1435","TTGTGTTAGCGTGAAC-1_6_1"
"1436","TTGTGTTGTCGTCATA-1_6_1"
"1437","TTGTTCATCGTTCGCT-1_6_1"
"1438","TTGTTTGAGAAACTGT-1_6_1"
"1439","TTTACCACACGTCATA-1_6_1"
"1440","TTTACCAGTCACTCAA-1_6_1"
"1441","TTTACGTTCTCCAATT-1_6_1"
"1442","TTTACTGCAATCCAGT-1_6_1"
"1443","TTTACTGGTACTCCCT-1_6_1"
"1444","TTTAGTCTCACTCCGT-1_6_1"
"1445","TTTAGTCTCATTCTTG-1_6_1"
"1446","TTTATGCCAGAGAAAG-1_6_1"
"1447","TTTATGCGTGTCACAT-1_6_1"
"1448","TTTCACACACCTCGTT-1_6_1"
"1449","TTTCACATCAGTGTCA-1_6_1"
"1450","TTTCACATCGAGAAGC-1_6_1"
"1451","TTTCACATCGTCCTCA-1_6_1"
"1452","TTTCATGTCTAAGAAG-1_6_1"
"1453","TTTGATCGTCAAAGTA-1_6_1"
"1454","TTTGGAGAGCTAAGTA-1_6_1"
"1455","TTTGGTTGTATCAGCT-1_6_1"
"1456","TTTGGTTTCTGAGATC-1_6_1"
"1457","TTTGTTGCACGGCACT-1_6_1"
"1458","TTTGTTGTCTTGCGCT-1_6_1"
