"","x"
"1","AAACGAAAGTTCACTG-1_3_1"
"2","AAACGCTCAGAAATCA-1_3_1"
"3","AAACGCTCAGCCATTA-1_3_1"
"4","AAAGAACAGAGGTATT-1_3_1"
"5","AAAGAACTCGTGTTCC-1_3_1"
"6","AAAGGATTCACTGCTC-1_3_1"
"7","AAAGGATTCGGAAACG-1_3_1"
"8","AAAGGGCCACCGGTCA-1_3_1"
"9","AAAGGGCGTCTGGTTA-1_3_1"
"10","AAAGGGCTCGGTCATA-1_3_1"
"11","AAAGGTACACGCACCA-1_3_1"
"12","AAAGGTAGTATGCAAA-1_3_1"
"13","AAAGGTAGTCCTCCAT-1_3_1"
"14","AAAGGTATCGACGAGA-1_3_1"
"15","AAAGTCCAGCACAAAT-1_3_1"
"16","AAAGTCCGTCGTGGAA-1_3_1"
"17","AAAGTGACATACTGTG-1_3_1"
"18","AAAGTGACATCAGCGC-1_3_1"
"19","AAAGTGAGTAACCCGC-1_3_1"
"20","AAAGTGATCCTACACC-1_3_1"
"21","AAAGTGATCGACGCGT-1_3_1"
"22","AAATGGACAGAGGTTG-1_3_1"
"23","AAATGGAGTCCTCATC-1_3_1"
"24","AACAAAGAGGAGTACC-1_3_1"
"25","AACAACCGTAGATCGG-1_3_1"
"26","AACAACCTCCGTACGG-1_3_1"
"27","AACAACCTCTTCTTCC-1_3_1"
"28","AACAAGACAGGCGTTC-1_3_1"
"29","AACAAGAGTACGACTT-1_3_1"
"30","AACACACCACGGCACT-1_3_1"
"31","AACACACCATGCAGCC-1_3_1"
"32","AACAGGGAGGTAGCCA-1_3_1"
"33","AACAGGGAGTACAACA-1_3_1"
"34","AACAGGGCACATCATG-1_3_1"
"35","AACAGGGCACATGTTG-1_3_1"
"36","AACCAACAGCACGATG-1_3_1"
"37","AACCACACAAACGGCA-1_3_1"
"38","AACCACATCGAGAACG-1_3_1"
"39","AACCATGGTTTGAACC-1_3_1"
"40","AACCCAATCAAACTGC-1_3_1"
"41","AACCTGAAGAGGTTTA-1_3_1"
"42","AACCTGACACCGAATT-1_3_1"
"43","AACCTGACATCCAACA-1_3_1"
"44","AACCTGACATTCTCCG-1_3_1"
"45","AACCTGATCACCGGGT-1_3_1"
"46","AACCTTTAGATGGCGT-1_3_1"
"47","AACCTTTAGCACGTCC-1_3_1"
"48","AACCTTTAGGAATGTT-1_3_1"
"49","AACCTTTCAAATCCCA-1_3_1"
"50","AACGAAATCCTTTGAT-1_3_1"
"51","AACGGGAAGTAGCATA-1_3_1"
"52","AACGGGAGTCAGTTTG-1_3_1"
"53","AACGGGATCCGAGAAG-1_3_1"
"54","AACGGGATCGCGAAGA-1_3_1"
"55","AACGTCACAGGTTCAT-1_3_1"
"56","AACGTCATCACTTTGT-1_3_1"
"57","AACTTCTAGAGGTCAC-1_3_1"
"58","AACTTCTCAGACACAG-1_3_1"
"59","AACTTCTGTAGATTAG-1_3_1"
"60","AACTTCTGTCATACCA-1_3_1"
"61","AACTTCTGTCTACATG-1_3_1"
"62","AACTTCTTCGCACGAC-1_3_1"
"63","AACTTCTTCTTACCAT-1_3_1"
"64","AAGACAAGTGATACAA-1_3_1"
"65","AAGACAATCTGATTCT-1_3_1"
"66","AAGATAGAGGGTACGT-1_3_1"
"67","AAGATAGGTCGTCAGC-1_3_1"
"68","AAGCCATAGTCAACAA-1_3_1"
"69","AAGCCATAGTGGTTAA-1_3_1"
"70","AAGCCATTCGTTAGTG-1_3_1"
"71","AAGCGAGAGGCTTAAA-1_3_1"
"72","AAGCGAGAGTGGTTGG-1_3_1"
"73","AAGCGAGCAAGAATGT-1_3_1"
"74","AAGCGAGCATCCGGTG-1_3_1"
"75","AAGCGAGGTGGGATTG-1_3_1"
"76","AAGCGAGGTGTCCTAA-1_3_1"
"77","AAGGAATAGACAACAT-1_3_1"
"78","AAGGTAAGTAGTTAGA-1_3_1"
"79","AAGGTAATCTATCGGA-1_3_1"
"80","AAGTACCAGGTACAAT-1_3_1"
"81","AAGTACCAGTACTCGT-1_3_1"
"82","AAGTACCAGTAGGGTC-1_3_1"
"83","AAGTACCCAAATCGGG-1_3_1"
"84","AAGTACCGTTGCCTAA-1_3_1"
"85","AAGTGAAAGGTAAAGG-1_3_1"
"86","AAGTGAAAGTGGGAAA-1_3_1"
"87","AAGTGAACATCGGAGA-1_3_1"
"88","AAGTTCGGTACAACGG-1_3_1"
"89","AATAGAGAGCCTTTCC-1_3_1"
"90","AATAGAGTCACCCTCA-1_3_1"
"91","AATCACGGTCCAAGAG-1_3_1"
"92","AATCGACAGGTCCGAA-1_3_1"
"93","AATCGACTCACGGACC-1_3_1"
"94","AATCGTGAGGGTCACA-1_3_1"
"95","AATCGTGAGTTCTCTT-1_3_1"
"96","AATCGTGCATAGAAAC-1_3_1"
"97","AATCGTGGTTATGTGC-1_3_1"
"98","AATGAAGAGGGATCAC-1_3_1"
"99","AATGAAGAGTGGAAAG-1_3_1"
"100","AATGAAGTCACTACTT-1_3_1"
"101","AATGAAGTCCTTCTAA-1_3_1"
"102","AATGACCTCATGAAAG-1_3_1"
"103","AATGCCACAAACTAGA-1_3_1"
"104","AATGCCACAGTTTCGA-1_3_1"
"105","AATGCCAGTATGAAAC-1_3_1"
"106","AATGCCAGTGACTCGC-1_3_1"
"107","AATGCCATCAATCCGA-1_3_1"
"108","AATGCCATCACAGTGT-1_3_1"
"109","AATGCCATCCCTTTGG-1_3_1"
"110","AATGGAAAGAGCCCAA-1_3_1"
"111","AATGGAAAGGATTCCT-1_3_1"
"112","AATGGAATCAAGCCGC-1_3_1"
"113","AATGGAATCGAAGCAG-1_3_1"
"114","AATGGCTCAGTGGCTC-1_3_1"
"115","AATGGCTCATGGATCT-1_3_1"
"116","AATTCCTCAATCGCCG-1_3_1"
"117","AATTCCTCAATTTCCT-1_3_1"
"118","AATTCCTGTTCCGCAG-1_3_1"
"119","AATTTCCAGACCAAGC-1_3_1"
"120","AATTTCCCAAGGTCAG-1_3_1"
"121","AATTTCCGTCATGACT-1_3_1"
"122","ACAAAGAAGTTGGCTT-1_3_1"
"123","ACAAAGAGTATGGTAA-1_3_1"
"124","ACAACCAAGTCCCGGT-1_3_1"
"125","ACAACCAGTGGCTGCT-1_3_1"
"126","ACAACCAGTTACTCAG-1_3_1"
"127","ACAAGCTAGATGGTAT-1_3_1"
"128","ACAAGCTCAACACTAC-1_3_1"
"129","ACACAGTAGACTGAGC-1_3_1"
"130","ACACAGTCAGAACTAA-1_3_1"
"131","ACACAGTGTGACAGGT-1_3_1"
"132","ACACAGTGTGTCCGTG-1_3_1"
"133","ACACCAACAAGAGATT-1_3_1"
"134","ACACCAATCCACGTCT-1_3_1"
"135","ACACCAATCGGCACTG-1_3_1"
"136","ACACCAATCTGAGTCA-1_3_1"
"137","ACACTGAAGACGGAAA-1_3_1"
"138","ACACTGACACCCAACG-1_3_1"
"139","ACACTGATCGCATGAT-1_3_1"
"140","ACAGCCGCATCTCAAG-1_3_1"
"141","ACATCCCAGTCTAGCT-1_3_1"
"142","ACATCCCGTAGCTCGC-1_3_1"
"143","ACATCGATCTGAGGTT-1_3_1"
"144","ACATGCAAGACGGATC-1_3_1"
"145","ACATGCACAAGCTGCC-1_3_1"
"146","ACATGCACAAGTCCAT-1_3_1"
"147","ACATGCACAATACGCT-1_3_1"
"148","ACATGCAGTCCTGTCT-1_3_1"
"149","ACATGCAGTCTAGGCC-1_3_1"
"150","ACATTTCCAAGGGCAT-1_3_1"
"151","ACATTTCTCTCGAGTA-1_3_1"
"152","ACATTTCTCTCTAGGA-1_3_1"
"153","ACATTTCTCTTCTGGC-1_3_1"
"154","ACCAAACAGTATGGCG-1_3_1"
"155","ACCAAACCAATGTTGC-1_3_1"
"156","ACCAAACCATATGAAG-1_3_1"
"157","ACCAAACCATCCCGTT-1_3_1"
"158","ACCAAACCATTCATCT-1_3_1"
"159","ACCAAACGTGTGCTTA-1_3_1"
"160","ACCAACAGTTGTTGAC-1_3_1"
"161","ACCACAAAGTCATAGA-1_3_1"
"162","ACCACAACAGGTCCCA-1_3_1"
"163","ACCACAAGTTCTCTAT-1_3_1"
"164","ACCACAATCACCGCTT-1_3_1"
"165","ACCACAATCACGACTA-1_3_1"
"166","ACCACAATCAGACCCG-1_3_1"
"167","ACCACAATCTCCTGCA-1_3_1"
"168","ACCATTTGTAAGGCTG-1_3_1"
"169","ACCCAAAAGACGACTG-1_3_1"
"170","ACCCAAACAGTATACC-1_3_1"
"171","ACCCAAACATCGATCA-1_3_1"
"172","ACCCTTGAGGTCCGAA-1_3_1"
"173","ACCCTTGTCAACTCTT-1_3_1"
"174","ACCCTTGTCTGCCTCA-1_3_1"
"175","ACCTACCGTACCCAGC-1_3_1"
"176","ACCTACCTCTGCGGGT-1_3_1"
"177","ACCTGAACATCCAATG-1_3_1"
"178","ACCTGAAGTAGTCACT-1_3_1"
"179","ACCTGAATCGCTACAA-1_3_1"
"180","ACCTGTCAGAACTCCT-1_3_1"
"181","ACCTGTCCAATTGCAC-1_3_1"
"182","ACCTGTCGTCCTTGTC-1_3_1"
"183","ACCTGTCTCGTGTGGC-1_3_1"
"184","ACGATCACAAAGTATG-1_3_1"
"185","ACGATCACACAACATC-1_3_1"
"186","ACGATCAGTCCAGAAG-1_3_1"
"187","ACGATCAGTTCAGGTT-1_3_1"
"188","ACGATGTCAGCGAGTA-1_3_1"
"189","ACGATGTTCCTCTCTT-1_3_1"
"190","ACGCACGCAGTACTAC-1_3_1"
"191","ACGGAAGCAGCTGAGA-1_3_1"
"192","ACGGAAGCATCAGTCA-1_3_1"
"193","ACGGAAGTCGACGACC-1_3_1"
"194","ACGGGTCTCGTCGATA-1_3_1"
"195","ACGGTCGCATCATCTT-1_3_1"
"196","ACGGTTAGTGACTCTA-1_3_1"
"197","ACGTAACCATGAGTAA-1_3_1"
"198","ACGTACACAGAGCCCT-1_3_1"
"199","ACGTAGTCAGTGGCTC-1_3_1"
"200","ACGTAGTGTAATTAGG-1_3_1"
"201","ACGTAGTGTACCTATG-1_3_1"
"202","ACGTCCTCAAGCACCC-1_3_1"
"203","ACGTCCTTCCTACGGG-1_3_1"
"204","ACGTCCTTCTTGCGCT-1_3_1"
"205","ACTACGACACTGAGTT-1_3_1"
"206","ACTACGACAGCGACAA-1_3_1"
"207","ACTACGACATTACTCT-1_3_1"
"208","ACTATCTAGTCTAGAA-1_3_1"
"209","ACTATCTTCCTCGATC-1_3_1"
"210","ACTATGGAGCACCGAA-1_3_1"
"211","ACTATGGGTACGGATG-1_3_1"
"212","ACTATGGGTAGTCCTA-1_3_1"
"213","ACTATGGGTTAACAGA-1_3_1"
"214","ACTATTCCAACACTAC-1_3_1"
"215","ACTATTCGTTATGTGC-1_3_1"
"216","ACTATTCTCGCTTGAA-1_3_1"
"217","ACTCCCATCTAGTCAG-1_3_1"
"218","ACTCTCGGTGGCTGCT-1_3_1"
"219","ACTCTCGGTGTTTGCA-1_3_1"
"220","ACTCTCGTCGACCTAA-1_3_1"
"221","ACTGATGTCAGCCTCT-1_3_1"
"222","ACTGATGTCTAGGCAT-1_3_1"
"223","ACTGCAACAGCTACAT-1_3_1"
"224","ACTGCAAGTTCCTAGA-1_3_1"
"225","ACTGTCCTCCAACTGA-1_3_1"
"226","ACTTAGGAGTGAGGCT-1_3_1"
"227","ACTTAGGGTGTGGACA-1_3_1"
"228","ACTTATCGTCGATTCA-1_3_1"
"229","ACTTATCTCCACTTCG-1_3_1"
"230","ACTTCCGCACTAAACC-1_3_1"
"231","ACTTCGCAGGAATTAC-1_3_1"
"232","ACTTCGCAGGTTACCT-1_3_1"
"233","ACTTCGCTCTGTCGCT-1_3_1"
"234","ACTTTCAAGCAAATGT-1_3_1"
"235","ACTTTCACAAATGGCG-1_3_1"
"236","ACTTTCACACTGAGTT-1_3_1"
"237","ACTTTGTAGAGAAGGT-1_3_1"
"238","ACTTTGTAGAGCAGTC-1_3_1"
"239","AGAAATGAGTTGTCAC-1_3_1"
"240","AGAAATGCACAGTGTT-1_3_1"
"241","AGAAATGTCTCTATAC-1_3_1"
"242","AGAACAACAACCTAAC-1_3_1"
"243","AGAACAACATCCTTCG-1_3_1"
"244","AGAACAATCCGTCACT-1_3_1"
"245","AGAACCTCAACGCCCA-1_3_1"
"246","AGAACCTTCCGACAGC-1_3_1"
"247","AGAAGTAAGGCTGTAG-1_3_1"
"248","AGAAGTACAGCGGTTC-1_3_1"
"249","AGAAGTAGTAAGTAGT-1_3_1"
"250","AGAAGTAGTGAGATTA-1_3_1"
"251","AGACAAACATACAGGG-1_3_1"
"252","AGACAAAGTAGGAGTC-1_3_1"
"253","AGACAAAGTGTCATCA-1_3_1"
"254","AGACACTCACTCTCGT-1_3_1"
"255","AGACACTGTAGCCAGA-1_3_1"
"256","AGACACTTCAATCGGT-1_3_1"
"257","AGACACTTCTTCGGTC-1_3_1"
"258","AGACAGGTCAACTGGT-1_3_1"
"259","AGACCATCAATACCTG-1_3_1"
"260","AGACCATCACGAGAAC-1_3_1"
"261","AGACCATGTCCATCTC-1_3_1"
"262","AGACCCGAGCAGCCCT-1_3_1"
"263","AGACCCGCATATGCGT-1_3_1"
"264","AGACCCGGTGACTATC-1_3_1"
"265","AGACCCGTCCCAGGAC-1_3_1"
"266","AGACTCAAGGTAGTAT-1_3_1"
"267","AGACTCAAGTCACTCA-1_3_1"
"268","AGACTCAGTCTTGCGG-1_3_1"
"269","AGACTCATCCGATCGG-1_3_1"
"270","AGAGAATAGTTTAGGA-1_3_1"
"271","AGAGAATCATGGCGCT-1_3_1"
"272","AGAGAGCAGGAAGTAG-1_3_1"
"273","AGAGAGCCAGTCTCTC-1_3_1"
"274","AGAGCAGCACAATGAA-1_3_1"
"275","AGAGCCCGTGATACTC-1_3_1"
"276","AGAGCCCGTGCTTATG-1_3_1"
"277","AGAGCCCTCGCATTAG-1_3_1"
"278","AGATAGAAGCAATAGT-1_3_1"
"279","AGATAGACATCCGATA-1_3_1"
"280","AGATAGAGTCGACGCT-1_3_1"
"281","AGATAGAGTGACTGTT-1_3_1"
"282","AGATCCATCATACAGC-1_3_1"
"283","AGATCCATCATAGGCT-1_3_1"
"284","AGATCCATCTGCTTTA-1_3_1"
"285","AGATCGTCATTCATCT-1_3_1"
"286","AGATCGTGTCCCTGTT-1_3_1"
"287","AGATCGTGTGTCTTGA-1_3_1"
"288","AGATCGTTCGCTATTT-1_3_1"
"289","AGATCGTTCGTTCTAT-1_3_1"
"290","AGATGAATCAAGTGGG-1_3_1"
"291","AGATGAATCCATCTCG-1_3_1"
"292","AGATGAATCCCTGTTG-1_3_1"
"293","AGATGCTGTACCTAAC-1_3_1"
"294","AGATGCTTCATGGGAG-1_3_1"
"295","AGATGCTTCTGCTGAA-1_3_1"
"296","AGCATCACAAGTACCT-1_3_1"
"297","AGCCAATAGCGTTACT-1_3_1"
"298","AGCCAATAGGATATGT-1_3_1"
"299","AGCCAATAGGGAGTTC-1_3_1"
"300","AGCCAATCAGCCGTTG-1_3_1"
"301","AGCCACGAGGCAGGGA-1_3_1"
"302","AGCCACGCACCGGTCA-1_3_1"
"303","AGCCACGGTCAGGTGA-1_3_1"
"304","AGCCACGGTGGCTCTG-1_3_1"
"305","AGCCAGCAGAAAGCGA-1_3_1"
"306","AGCCAGCCATTCGATG-1_3_1"
"307","AGCCAGCGTGGTCCGT-1_3_1"
"308","AGCCAGCGTGTGCCTG-1_3_1"
"309","AGCGATTGTCTTGCTC-1_3_1"
"310","AGCGCCACAGCACGAA-1_3_1"
"311","AGCGCTGAGAAGCGCT-1_3_1"
"312","AGCGCTGCAAATGAAC-1_3_1"
"313","AGCGCTGGTCGTGGAA-1_3_1"
"314","AGCGCTGTCATCCTGC-1_3_1"
"315","AGCTACAGTAGCCCTG-1_3_1"
"316","AGCTACAGTCGCCACA-1_3_1"
"317","AGCTACAGTCTTTCAT-1_3_1"
"318","AGCTACATCGCTAAAC-1_3_1"
"319","AGCTCAAAGCAATAGT-1_3_1"
"320","AGCTCAAAGGTACCTT-1_3_1"
"321","AGCTCAAGTACGTACT-1_3_1"
"322","AGCTTCCAGGATCACG-1_3_1"
"323","AGGAAATTCGATTTCT-1_3_1"
"324","AGGAATAAGCTAATCC-1_3_1"
"325","AGGAATACAGCACAAG-1_3_1"
"326","AGGAATACAGTTAGAA-1_3_1"
"327","AGGAATATCCGATGCG-1_3_1"
"328","AGGACGATCACTCTTA-1_3_1"
"329","AGGACTTCACATTCGA-1_3_1"
"330","AGGACTTCAGATCCAT-1_3_1"
"331","AGGACTTTCATTTGCT-1_3_1"
"332","AGGACTTTCTGCTTTA-1_3_1"
"333","AGGAGGTAGCTCGTGC-1_3_1"
"334","AGGATCTAGACAGTCG-1_3_1"
"335","AGGATCTAGTGGTCAG-1_3_1"
"336","AGGATCTCATTCAGCA-1_3_1"
"337","AGGATCTCATTCTTCA-1_3_1"
"338","AGGCATTGTCCGTTTC-1_3_1"
"339","AGGCATTTCGCCTTTG-1_3_1"
"340","AGGCCACCAACGTTAC-1_3_1"
"341","AGGCCACTCTACCACC-1_3_1"
"342","AGGCTGCAGAGTTGAT-1_3_1"
"343","AGGCTGCCAAGGAGTC-1_3_1"
"344","AGGCTGCCACAAGTTC-1_3_1"
"345","AGGCTGCCACAGTGTT-1_3_1"
"346","AGGCTGCCACATATCG-1_3_1"
"347","AGGGAGTCACGATTCA-1_3_1"
"348","AGGGAGTGTCGCGTCA-1_3_1"
"349","AGGGCCTTCCGAAATC-1_3_1"
"350","AGGGCTCAGTGGTTGG-1_3_1"
"351","AGGGCTCCATTACTCT-1_3_1"
"352","AGGGCTCGTGCAGTGA-1_3_1"
"353","AGGGCTCTCTCGAGTA-1_3_1"
"354","AGGGTCCTCTCTCGAC-1_3_1"
"355","AGGGTGAAGTGAGCCA-1_3_1"
"356","AGGGTGACAGTTTCGA-1_3_1"
"357","AGGGTGATCAGCGCAC-1_3_1"
"358","AGGGTGATCCGCTAGG-1_3_1"
"359","AGGGTTTAGAATCCCT-1_3_1"
"360","AGGGTTTAGCAACAGC-1_3_1"
"361","AGGGTTTAGGTGCTTT-1_3_1"
"362","AGGTAGGAGGTGAGCT-1_3_1"
"363","AGGTCATAGCGGTAGT-1_3_1"
"364","AGGTCATCATGTTTGG-1_3_1"
"365","AGGTCATGTGGCAACA-1_3_1"
"366","AGGTCATTCGGTAGAG-1_3_1"
"367","AGGTGTTAGCTCCCTT-1_3_1"
"368","AGGTGTTAGGTGGCTA-1_3_1"
"369","AGGTGTTGTCACTCAA-1_3_1"
"370","AGGTGTTGTTCCCAAA-1_3_1"
"371","AGGTGTTGTTGACGGA-1_3_1"
"372","AGGTGTTTCGTAGTCA-1_3_1"
"373","AGGTTGTCAATCGCAT-1_3_1"
"374","AGGTTGTCACCAAAGG-1_3_1"
"375","AGGTTGTTCATCTCTA-1_3_1"
"376","AGGTTGTTCCTACTGC-1_3_1"
"377","AGGTTGTTCTCGTGGG-1_3_1"
"378","AGTAACCCAAGCGCAA-1_3_1"
"379","AGTACCACAAGCAGGT-1_3_1"
"380","AGTACCACAATGAACA-1_3_1"
"381","AGTACCACAGCGTGCT-1_3_1"
"382","AGTACCACAGGTGTTT-1_3_1"
"383","AGTACCATCGGCTGGT-1_3_1"
"384","AGTACTGCAACTTCTT-1_3_1"
"385","AGTACTGCACAAAGTA-1_3_1"
"386","AGTAGCTAGCCATCCG-1_3_1"
"387","AGTAGCTCACATGTTG-1_3_1"
"388","AGTAGCTTCTCCTGTG-1_3_1"
"389","AGTAGTCAGCTCACTA-1_3_1"
"390","AGTAGTCCATACTGTG-1_3_1"
"391","AGTAGTCTCACTTTGT-1_3_1"
"392","AGTAGTCTCGCTACGG-1_3_1"
"393","AGTAGTCTCGGTGCAC-1_3_1"
"394","AGTCAACAGGACGCAT-1_3_1"
"395","AGTCAACCAAGATCCT-1_3_1"
"396","AGTCAACGTATAGGGC-1_3_1"
"397","AGTCAACTCTTGGTGA-1_3_1"
"398","AGTCACAAGGGCAGAG-1_3_1"
"399","AGTCACAGTTTAGACC-1_3_1"
"400","AGTCATGAGGAAAGTG-1_3_1"
"401","AGTCATGGTTTCAGAC-1_3_1"
"402","AGTCTCCAGGCGACAT-1_3_1"
"403","AGTCTCCCACTATCGA-1_3_1"
"404","AGTCTCCCAGTGTATC-1_3_1"
"405","AGTCTCCGTCCAGAAG-1_3_1"
"406","AGTGACTCACGATTCA-1_3_1"
"407","AGTGACTCATACCATG-1_3_1"
"408","AGTGATCAGACCGCCT-1_3_1"
"409","AGTGATCGTTCAGCTA-1_3_1"
"410","AGTGATCTCCTTCTTC-1_3_1"
"411","AGTGATCTCGCAAGAG-1_3_1"
"412","AGTGATCTCGTAGGAG-1_3_1"
"413","AGTGATCTCTGCTGAA-1_3_1"
"414","AGTGCCGAGCCACTCG-1_3_1"
"415","AGTGCCGAGCTGTTAC-1_3_1"
"416","AGTGTTGAGCCGTAAG-1_3_1"
"417","AGTGTTGAGGTAGTAT-1_3_1"
"418","AGTTAGCCAGCCCACA-1_3_1"
"419","AGTTAGCTCCATACAG-1_3_1"
"420","AGTTAGCTCGGCGATC-1_3_1"
"421","AGTTCCCTCAAGCCGC-1_3_1"
"422","AGTTCGAAGCTTAAGA-1_3_1"
"423","AGTTCGACAGCTTTGA-1_3_1"
"424","AGTTCGATCTGTCCGT-1_3_1"
"425","ATACCTTCAAGCACCC-1_3_1"
"426","ATACTTCGTTCTGACA-1_3_1"
"427","ATACTTCTCAGCATTG-1_3_1"
"428","ATAGAGAGTGCCGTTG-1_3_1"
"429","ATAGGCTCAGTAGAGC-1_3_1"
"430","ATAGGCTCATTGACAC-1_3_1"
"431","ATAGGCTGTAACGCGA-1_3_1"
"432","ATAGGCTGTGAGTAAT-1_3_1"
"433","ATAGGCTTCTTAGCTT-1_3_1"
"434","ATATCCTAGCGTCAAG-1_3_1"
"435","ATATCCTCAGGGACTA-1_3_1"
"436","ATATCCTTCGGTGTTA-1_3_1"
"437","ATCACAGCAAGCAGGT-1_3_1"
"438","ATCACAGCACCAAAGG-1_3_1"
"439","ATCACAGCAGTACTAC-1_3_1"
"440","ATCACAGCATGGAACG-1_3_1"
"441","ATCACGAAGCCAACCC-1_3_1"
"442","ATCACGAGTCGTCTCT-1_3_1"
"443","ATCACTTGTGGACTAG-1_3_1"
"444","ATCACTTTCCGTAGGC-1_3_1"
"445","ATCAGGTCATCTTTCA-1_3_1"
"446","ATCATTCCACTTGAGT-1_3_1"
"447","ATCATTCCATAGTCAC-1_3_1"
"448","ATCATTCGTAGGAGGG-1_3_1"
"449","ATCATTCGTCGTATGT-1_3_1"
"450","ATCCACCTCTGGGCAC-1_3_1"
"451","ATCCATTCAGTATACC-1_3_1"
"452","ATCCCTGAGGGTTTCT-1_3_1"
"453","ATCCCTGCACTGCGAC-1_3_1"
"454","ATCCGTCCACAGGATG-1_3_1"
"455","ATCCGTCCACCAGTTA-1_3_1"
"456","ATCCGTCCATGGGAAC-1_3_1"
"457","ATCCTATCACTCGATA-1_3_1"
"458","ATCCTATTCGAACACT-1_3_1"
"459","ATCCTATTCTTCCTAA-1_3_1"
"460","ATCGCCTAGGTCGCCT-1_3_1"
"461","ATCGGATAGCGGTAGT-1_3_1"
"462","ATCGGATCAATACCCA-1_3_1"
"463","ATCGGATCACTACCCT-1_3_1"
"464","ATCGGCGGTAAGTTAG-1_3_1"
"465","ATCGGCGGTTCTAACG-1_3_1"
"466","ATCGGCGTCTGCCCTA-1_3_1"
"467","ATCGTAGAGTAAGAGG-1_3_1"
"468","ATCGTAGCATAATCCG-1_3_1"
"469","ATCGTAGGTCGACTTA-1_3_1"
"470","ATCGTCCCAATATCCG-1_3_1"
"471","ATCGTCCGTTCATCGA-1_3_1"
"472","ATCGTGACATGCAGGA-1_3_1"
"473","ATCGTGAGTTACGCCG-1_3_1"
"474","ATCGTGATCTAGGAAA-1_3_1"
"475","ATCTCTAAGCCAGTAG-1_3_1"
"476","ATCTCTAAGTTCCATG-1_3_1"
"477","ATCTTCAAGACCTTTG-1_3_1"
"478","ATCTTCAGTGAAGCTG-1_3_1"
"479","ATCTTCATCGTTAGAC-1_3_1"
"480","ATGAAAGAGCACACAG-1_3_1"
"481","ATGAAAGAGGTTTGAA-1_3_1"
"482","ATGAAAGAGTATGACA-1_3_1"
"483","ATGAAAGCAAGTGGCA-1_3_1"
"484","ATGAAAGGTTTCACTT-1_3_1"
"485","ATGACCACAAGCGCAA-1_3_1"
"486","ATGACCAGTGTTGATC-1_3_1"
"487","ATGAGGGAGTCAGCCC-1_3_1"
"488","ATGAGGGCAAGTGGTG-1_3_1"
"489","ATGAGGGCAGTTGGTT-1_3_1"
"490","ATGAGGGTCGGTCACG-1_3_1"
"491","ATGAGGGTCGTTGTGA-1_3_1"
"492","ATGAGGGTCTCAAAGC-1_3_1"
"493","ATGAGGGTCTCCGAAA-1_3_1"
"494","ATGAGTCAGCTCATAC-1_3_1"
"495","ATGAGTCAGCTCTTCC-1_3_1"
"496","ATGAGTCCACGACGAA-1_3_1"
"497","ATGAGTCCATATCTCT-1_3_1"
"498","ATGAGTCGTCTACGAT-1_3_1"
"499","ATGAGTCTCAAATGCC-1_3_1"
"500","ATGATCGAGGTCCGAA-1_3_1"
"501","ATGATCGCAATAGGGC-1_3_1"
"502","ATGCATGAGCCACCGT-1_3_1"
"503","ATGCATGCATCGGAGA-1_3_1"
"504","ATGCATGGTACGTAGG-1_3_1"
"505","ATGCATGTCATCCTAT-1_3_1"
"506","ATGCCTCAGGTTAGTA-1_3_1"
"507","ATGCCTCCACCTGCGA-1_3_1"
"508","ATGCCTCGTGTTAAAG-1_3_1"
"509","ATGCCTCTCAGATTGC-1_3_1"
"510","ATGGAGGAGACATATG-1_3_1"
"511","ATGGATCAGTACCCTA-1_3_1"
"512","ATGGATCCATATAGCC-1_3_1"
"513","ATGGATCGTTGTAGCT-1_3_1"
"514","ATGGGAGAGGGCATGT-1_3_1"
"515","ATGGGTTCACAACATC-1_3_1"
"516","ATGGGTTGTTGGGAAC-1_3_1"
"517","ATGGTTGAGGTATAGT-1_3_1"
"518","ATGGTTGCAAGCCCAC-1_3_1"
"519","ATGGTTGGTTCATCTT-1_3_1"
"520","ATGGTTGTCTCTGACC-1_3_1"
"521","ATGTCCCGTGTCTTGA-1_3_1"
"522","ATGTCCCTCAGCGCGT-1_3_1"
"523","ATGTCCCTCTCGGTCT-1_3_1"
"524","ATTACCTGTATTTCGG-1_3_1"
"525","ATTACCTTCCCTTGTG-1_3_1"
"526","ATTACTCAGCTCGAAG-1_3_1"
"527","ATTACTCCAACAGATA-1_3_1"
"528","ATTACTCCACGGGTAA-1_3_1"
"529","ATTACTCTCGGAATTC-1_3_1"
"530","ATTATCCAGTACTGGG-1_3_1"
"531","ATTATCCTCAACTGGT-1_3_1"
"532","ATTATCCTCTCAGTCC-1_3_1"
"533","ATTCACTCATTGTAGC-1_3_1"
"534","ATTCACTGTGTAACGG-1_3_1"
"535","ATTCAGGAGCAAATCA-1_3_1"
"536","ATTCAGGGTAGATTAG-1_3_1"
"537","ATTCATCAGCGCGTTC-1_3_1"
"538","ATTCATCGTGTCGATT-1_3_1"
"539","ATTCCATCACATACTG-1_3_1"
"540","ATTCCATCAGGCTTGC-1_3_1"
"541","ATTCCATTCATACGGT-1_3_1"
"542","ATTCCATTCCTACGAA-1_3_1"
"543","ATTCCCGAGGTATCTC-1_3_1"
"544","ATTCCCGGTTTGATCG-1_3_1"
"545","ATTCCCGTCAAGCTGT-1_3_1"
"546","ATTCGTTAGGCAGCTA-1_3_1"
"547","ATTCTACCAAAGGAGA-1_3_1"
"548","ATTCTACGTATGCTAC-1_3_1"
"549","ATTCTTGGTGAAAGTT-1_3_1"
"550","ATTCTTGTCTCATAGG-1_3_1"
"551","ATTGGGTTCTTAGCCC-1_3_1"
"552","ATTGTTCAGTTGTAGA-1_3_1"
"553","ATTGTTCCAATAAGGT-1_3_1"
"554","ATTGTTCGTTGCCATA-1_3_1"
"555","ATTGTTCTCTCATTGT-1_3_1"
"556","ATTTACCCACCAGACC-1_3_1"
"557","ATTTACCGTGGCTGAA-1_3_1"
"558","ATTTACCTCGAGCCTG-1_3_1"
"559","ATTTCACTCTTTGCGC-1_3_1"
"560","ATTTCTGAGAGTGTGC-1_3_1"
"561","ATTTCTGCATTGAGGG-1_3_1"
"562","CAAAGAACACCGTGCA-1_3_1"
"563","CAAAGAACAGGACAGT-1_3_1"
"564","CAAAGAAGTTAGAGAT-1_3_1"
"565","CAAAGAATCACGTCCT-1_3_1"
"566","CAACAGTTCCTCTAAT-1_3_1"
"567","CAACCAAAGGAGCTGT-1_3_1"
"568","CAACCAAGTTGGGAAC-1_3_1"
"569","CAACCAATCTACTTCA-1_3_1"
"570","CAACCTCTCAAGGACG-1_3_1"
"571","CAACGATTCCCGAATA-1_3_1"
"572","CAACGATTCGCCTTGT-1_3_1"
"573","CAACGGCAGCAGCAGT-1_3_1"
"574","CAACGGCTCGAAGGAC-1_3_1"
"575","CAAGACTAGCTCGGCT-1_3_1"
"576","CAAGACTAGGAATTAC-1_3_1"
"577","CAAGACTAGGGACTGT-1_3_1"
"578","CAAGACTCAAGCTGTT-1_3_1"
"579","CAAGACTGTCGTATTG-1_3_1"
"580","CAAGACTGTTGTATGC-1_3_1"
"581","CAAGACTTCCACAGCG-1_3_1"
"582","CAAGACTTCCAGGACC-1_3_1"
"583","CAAGAGGCAATCCAGT-1_3_1"
"584","CAAGGGAAGTGGTCAG-1_3_1"
"585","CAAGGGAGTCCAGCGT-1_3_1"
"586","CAAGGGAGTGGTCTGC-1_3_1"
"587","CAAGGGAGTTCCTAGA-1_3_1"
"588","CAAGGGAGTTGCGAAG-1_3_1"
"589","CAATACGGTCTCGCGA-1_3_1"
"590","CAATACGTCCCGAACG-1_3_1"
"591","CAATACGTCTGACGCG-1_3_1"
"592","CAATGACAGATTAGCA-1_3_1"
"593","CAATTTCAGGTAAACT-1_3_1"
"594","CAATTTCAGTCCTGTA-1_3_1"
"595","CACAACAAGGATACGC-1_3_1"
"596","CACAACACAAGCTACT-1_3_1"
"597","CACAACACATCGGAGA-1_3_1"
"598","CACACAACATACTTTC-1_3_1"
"599","CACACAATCCGGTAAT-1_3_1"
"600","CACACAATCCTACTGC-1_3_1"
"601","CACAGATTCCGTGGCA-1_3_1"
"602","CACATGAGTAGCGTAG-1_3_1"
"603","CACATGATCAAGTGTC-1_3_1"
"604","CACATGATCTCAATCT-1_3_1"
"605","CACCAAACACAATGCT-1_3_1"
"606","CACCAAACAGCCTTCT-1_3_1"
"607","CACCAAAGTACGTTCA-1_3_1"
"608","CACCAAAGTGAGCAGT-1_3_1"
"609","CACCGTTAGGGATGTC-1_3_1"
"610","CACCGTTGTCCTGTCT-1_3_1"
"611","CACCGTTGTTGTCCCT-1_3_1"
"612","CACGAATTCTGAGAAA-1_3_1"
"613","CACGGGTGTTATCTGG-1_3_1"
"614","CACGGGTTCGATGCTA-1_3_1"
"615","CACGTTCTCCCAAGCG-1_3_1"
"616","CACTAAGAGACATGCG-1_3_1"
"617","CACTAAGAGAGATTCA-1_3_1"
"618","CACTAAGCATCGTGGC-1_3_1"
"619","CACTAAGGTGTTCCAA-1_3_1"
"620","CACTAAGTCTAGCCTC-1_3_1"
"621","CACTGAAAGCTGGCCT-1_3_1"
"622","CACTGGGAGCGCACAA-1_3_1"
"623","CACTGGGAGCTCCATA-1_3_1"
"624","CACTGGGAGTAAGGGA-1_3_1"
"625","CACTGGGGTATCGGTT-1_3_1"
"626","CACTGGGGTGCTGATT-1_3_1"
"627","CACTGGGGTGGACCAA-1_3_1"
"628","CACTGTCCAAATAGCA-1_3_1"
"629","CACTGTCCATTGTACG-1_3_1"
"630","CACTTCGAGTACTGGG-1_3_1"
"631","CACTTCGCAGGCTACC-1_3_1"
"632","CACTTCGTCGTCCTTG-1_3_1"
"633","CACTTCGTCTATTCGT-1_3_1"
"634","CAGAGCCCAGAAACCG-1_3_1"
"635","CAGAGCCCAGATCCAT-1_3_1"
"636","CAGATACTCATGCCAA-1_3_1"
"637","CAGATCAAGCTAATCC-1_3_1"
"638","CAGATCATCCGCGAGT-1_3_1"
"639","CAGATCATCGAACTCA-1_3_1"
"640","CAGATTGGTGGGCTCT-1_3_1"
"641","CAGCAGCAGACTGGGT-1_3_1"
"642","CAGCCAGAGCGAATGC-1_3_1"
"643","CAGCCAGCAACTCGTA-1_3_1"
"644","CAGCCAGGTAGTGATA-1_3_1"
"645","CAGCCAGGTGTCGCTG-1_3_1"
"646","CAGCCAGGTTTGGCTA-1_3_1"
"647","CAGCGTGCAGTGCCTG-1_3_1"
"648","CAGCGTGGTACCGGAA-1_3_1"
"649","CAGCGTGTCATGCTAG-1_3_1"
"650","CAGGCCAAGCAAACAT-1_3_1"
"651","CAGGCCACAAAGGCAC-1_3_1"
"652","CAGGCCACAGATTTCG-1_3_1"
"653","CAGGGCTAGAGCAAGA-1_3_1"
"654","CAGGGCTCAACGGCCT-1_3_1"
"655","CAGGTATCAACCGACC-1_3_1"
"656","CAGGTATGTATGACAA-1_3_1"
"657","CAGGTATTCCAGTACA-1_3_1"
"658","CAGTGCGCACGCTGAC-1_3_1"
"659","CAGTGCGCATGACTTG-1_3_1"
"660","CAGTGCGGTATGAGCG-1_3_1"
"661","CAGTGCGTCGTAATGC-1_3_1"
"662","CAGTGCGTCTAGACCA-1_3_1"
"663","CAGTTAGAGTAGCTCT-1_3_1"
"664","CAGTTAGCACTTGTGA-1_3_1"
"665","CAGTTCCGTATACCTG-1_3_1"
"666","CATAAGCCAAACAGGC-1_3_1"
"667","CATAAGCCACTGCATA-1_3_1"
"668","CATAAGCTCATTCTTG-1_3_1"
"669","CATACAGAGAGGATGA-1_3_1"
"670","CATACAGAGTGCAACG-1_3_1"
"671","CATACAGTCGGTCATA-1_3_1"
"672","CATACAGTCGTCCTTG-1_3_1"
"673","CATACCCCAAACACCT-1_3_1"
"674","CATACCCCATTGAAGA-1_3_1"
"675","CATACCCTCAGACATC-1_3_1"
"676","CATACTTCACAGTCCG-1_3_1"
"677","CATAGACAGTTCACTG-1_3_1"
"678","CATAGACGTAGTCTGT-1_3_1"
"679","CATCAAGTCGCCTAGG-1_3_1"
"680","CATCCACAGACTTCGT-1_3_1"
"681","CATCCACAGGACTATA-1_3_1"
"682","CATCCACCACAAGGTG-1_3_1"
"683","CATCCACGTCCTCATC-1_3_1"
"684","CATCCACGTGGACCAA-1_3_1"
"685","CATCCCAAGAGTTGCG-1_3_1"
"686","CATCCGTGTAACTGCT-1_3_1"
"687","CATCCGTTCGGATACT-1_3_1"
"688","CATCGCTAGGCCTAGA-1_3_1"
"689","CATCGGGCACGGTGTC-1_3_1"
"690","CATCGGGCACTGGCCA-1_3_1"
"691","CATCGGGGTCGTCGGT-1_3_1"
"692","CATCGGGTCTCAAAGC-1_3_1"
"693","CATCGTCAGACGCCAA-1_3_1"
"694","CATCGTCAGCCTGAGA-1_3_1"
"695","CATCGTCAGGCACGAT-1_3_1"
"696","CATCGTCAGGCGTCCT-1_3_1"
"697","CATCGTCTCTCGTTTA-1_3_1"
"698","CATGAGTAGTGTTCCA-1_3_1"
"699","CATGAGTGTAGCTTGT-1_3_1"
"700","CATGCAACATTGAGCT-1_3_1"
"701","CATGCGGAGATCACTC-1_3_1"
"702","CATGCGGAGCCGAATG-1_3_1"
"703","CATGCGGAGTCATGCT-1_3_1"
"704","CATGCTCAGGCTTAAA-1_3_1"
"705","CATGCTCTCGCCAATA-1_3_1"
"706","CATGGATAGGAGTCTG-1_3_1"
"707","CATGGATGTATTAAGG-1_3_1"
"708","CATGGATTCATCGACA-1_3_1"
"709","CATGGATTCTAAGAAG-1_3_1"
"710","CATGGTAAGAAACTCA-1_3_1"
"711","CATGGTAAGAGATTCA-1_3_1"
"712","CATGGTAAGCTGTCCG-1_3_1"
"713","CATGGTAAGGACCCAA-1_3_1"
"714","CATGGTACACAAGCAG-1_3_1"
"715","CATTCATTCGGCCCAA-1_3_1"
"716","CATTCATTCTCTTGCG-1_3_1"
"717","CATTCATTCTGAACGT-1_3_1"
"718","CATTCCGAGACCATAA-1_3_1"
"719","CATTCCGAGCGACTAG-1_3_1"
"720","CATTCTAAGCAGCCTC-1_3_1"
"721","CATTCTAAGCGTCGAA-1_3_1"
"722","CATTGAGCAAAGCTAA-1_3_1"
"723","CATTGAGGTATGTGTC-1_3_1"
"724","CATTGAGGTCTCCCTA-1_3_1"
"725","CATTGAGTCATCACAG-1_3_1"
"726","CATTGAGTCCACAGCG-1_3_1"
"727","CATTGCCAGTAGTCCT-1_3_1"
"728","CATTGCCCACACCAGC-1_3_1"
"729","CATTGTTTCCCACAGG-1_3_1"
"730","CATTGTTTCTGGGCGT-1_3_1"
"731","CATTTCACAGGTATGG-1_3_1"
"732","CCAAGCGAGGTTCCGC-1_3_1"
"733","CCAAGCGCATTGCCTC-1_3_1"
"734","CCAAGCGGTAAGCAAT-1_3_1"
"735","CCAAGCGTCCACACAA-1_3_1"
"736","CCAAGCGTCGTTCTAT-1_3_1"
"737","CCAATGAAGAATACAC-1_3_1"
"738","CCAATGAAGATGGTAT-1_3_1"
"739","CCAATGAAGCACCGTC-1_3_1"
"740","CCAATGAGTGTGCTTA-1_3_1"
"741","CCAATTTAGCGCCTCA-1_3_1"
"742","CCACAAATCCGATGTA-1_3_1"
"743","CCACAAATCTTCACAT-1_3_1"
"744","CCACACTCAGGTAGTG-1_3_1"
"745","CCACACTGTGATACCT-1_3_1"
"746","CCACACTTCAAGTGGG-1_3_1"
"747","CCACACTTCTAGTCAG-1_3_1"
"748","CCACCATCATCCTCAC-1_3_1"
"749","CCACCATTCCTTCTGG-1_3_1"
"750","CCACGAGCAAGGGCAT-1_3_1"
"751","CCACGAGTCGCAATTG-1_3_1"
"752","CCACGTTCATGTGCCG-1_3_1"
"753","CCACGTTGTTATAGAG-1_3_1"
"754","CCACTTGAGGTAGGCT-1_3_1"
"755","CCACTTGCACAGCGCT-1_3_1"
"756","CCATAAGGTGGCCACT-1_3_1"
"757","CCATAAGTCCGTATAG-1_3_1"
"758","CCATAAGTCTCTCGAC-1_3_1"
"759","CCATCACAGAAGTCCG-1_3_1"
"760","CCATCACCAAGGATGC-1_3_1"
"761","CCATCACGTTAGTCGT-1_3_1"
"762","CCATCACGTTGTGTTG-1_3_1"
"763","CCCAACTAGCTGCCAC-1_3_1"
"764","CCCAACTCACTTACAG-1_3_1"
"765","CCCAACTCAGAGTGAC-1_3_1"
"766","CCCATTGTCATCGCAA-1_3_1"
"767","CCCGAAGCAAGGCGTA-1_3_1"
"768","CCCGAAGCAGACCATT-1_3_1"
"769","CCCGAAGTCTCGTCGT-1_3_1"
"770","CCCGGAATCCTACCAC-1_3_1"
"771","CCCTAACAGTAAACTG-1_3_1"
"772","CCCTAACGTCGTGATT-1_3_1"
"773","CCCTCAAGTATCGCAT-1_3_1"
"774","CCCTCTCCACAAGCTT-1_3_1"
"775","CCCTCTCCACGACGCT-1_3_1"
"776","CCCTGATCAAACAGGC-1_3_1"
"777","CCCTGATCATAATCCG-1_3_1"
"778","CCCTGATGTGATAGTA-1_3_1"
"779","CCCTGATGTGTTTCTT-1_3_1"
"780","CCCTTAGGTTCGCGTG-1_3_1"
"781","CCCTTAGTCACAGTGT-1_3_1"
"782","CCGAACGCAGTGCCTG-1_3_1"
"783","CCGAACGCATGTGGCC-1_3_1"
"784","CCGAACGTCATTTGCT-1_3_1"
"785","CCGAACGTCCTGGGTG-1_3_1"
"786","CCGATCTAGTTCCTGA-1_3_1"
"787","CCGATCTGTAGCTTTG-1_3_1"
"788","CCGATCTGTCACGACC-1_3_1"
"789","CCGATCTTCAATCTCT-1_3_1"
"790","CCGATGGGTTGCGGAA-1_3_1"
"791","CCGATGGTCGACGCTG-1_3_1"
"792","CCGATGGTCTGGAAGG-1_3_1"
"793","CCGCAAGCATGGCCCA-1_3_1"
"794","CCGCAAGTCCCAGCGA-1_3_1"
"795","CCGGACAAGCTAGAAT-1_3_1"
"796","CCGGACAGTAACGATA-1_3_1"
"797","CCGGTAGAGGCAGGTT-1_3_1"
"798","CCGGTAGGTACATACC-1_3_1"
"799","CCGGTAGTCACGAACT-1_3_1"
"800","CCGGTGACAGTTCTAG-1_3_1"
"801","CCGGTGAGTCTGATCA-1_3_1"
"802","CCGGTGATCATGCCGG-1_3_1"
"803","CCGTAGGCAGCCGTCA-1_3_1"
"804","CCGTAGGTCAAATAGG-1_3_1"
"805","CCGTGAGAGTAAGGGA-1_3_1"
"806","CCGTGAGGTCTACGTA-1_3_1"
"807","CCGTTCACACGTTCGG-1_3_1"
"808","CCGTTCAGTGATACTC-1_3_1"
"809","CCTAAGAGTCATGGCC-1_3_1"
"810","CCTAAGATCGTTCAGA-1_3_1"
"811","CCTACGTTCACATACG-1_3_1"
"812","CCTATCGTCTCTCTTC-1_3_1"
"813","CCTCAACAGGAAAGTG-1_3_1"
"814","CCTCAACAGGAGTACC-1_3_1"
"815","CCTCAACCAGTACTAC-1_3_1"
"816","CCTCAACCAGTTGAAA-1_3_1"
"817","CCTCAACGTATTCCGA-1_3_1"
"818","CCTCACACAACCACAT-1_3_1"
"819","CCTCACATCACTTCTA-1_3_1"
"820","CCTCAGTAGCGCTGAA-1_3_1"
"821","CCTCAGTAGGACAGCT-1_3_1"
"822","CCTCAGTGTGTTACAC-1_3_1"
"823","CCTCATGAGACATAAC-1_3_1"
"824","CCTCATGAGCAGAAAG-1_3_1"
"825","CCTCATGGTGCAACGA-1_3_1"
"826","CCTCCAAGTGAGCAGT-1_3_1"
"827","CCTCCAAGTTAGAAGT-1_3_1"
"828","CCTCCTCTCTTAGCAG-1_3_1"
"829","CCTCTAGGTCACGCTG-1_3_1"
"830","CCTCTAGGTCTCGACG-1_3_1"
"831","CCTCTCCAGTGCGACA-1_3_1"
"832","CCTCTCCCAGCTCGGT-1_3_1"
"833","CCTCTCCGTCTATGAC-1_3_1"
"834","CCTGCATAGACATATG-1_3_1"
"835","CCTGCATAGCTCCCTT-1_3_1"
"836","CCTGCATAGGGCCTCT-1_3_1"
"837","CCTGCATTCTCTGGTC-1_3_1"
"838","CCTGCATTCTGCACCT-1_3_1"
"839","CCTGTTGGTCACTCGG-1_3_1"
"840","CCTGTTGGTCGCGTCA-1_3_1"
"841","CCTTCAGCATCCAATG-1_3_1"
"842","CCTTCAGTCGATTGGT-1_3_1"
"843","CCTTTGGTCCTATTTG-1_3_1"
"844","CGAAGGACAGCTGAGA-1_3_1"
"845","CGAAGGAGTGTGTGGA-1_3_1"
"846","CGAAGGAGTTGCATAC-1_3_1"
"847","CGAATTGAGCAGTCTT-1_3_1"
"848","CGAATTGGTTGAGTCT-1_3_1"
"849","CGAATTGTCGTGTCAA-1_3_1"
"850","CGACAGCGTAGCGTCC-1_3_1"
"851","CGACAGCTCGCTATTT-1_3_1"
"852","CGAGAAGCACAAACGG-1_3_1"
"853","CGAGGAAGTTGCATAC-1_3_1"
"854","CGAGGAATCTGCGTCT-1_3_1"
"855","CGAGGCTAGCTGACAG-1_3_1"
"856","CGAGGCTCACTCGATA-1_3_1"
"857","CGAGGCTCATGGCCCA-1_3_1"
"858","CGAGGCTTCACCTTAT-1_3_1"
"859","CGAGTGCCAAAGAACT-1_3_1"
"860","CGAGTGCCAAGCGCTC-1_3_1"
"861","CGAGTGCTCATCGCTC-1_3_1"
"862","CGAGTTAGTGACAGCA-1_3_1"
"863","CGATGCGTCATCACTT-1_3_1"
"864","CGATGGCAGGTTCCGC-1_3_1"
"865","CGATGGCGTAAGTCAA-1_3_1"
"866","CGATGGCGTACGATTC-1_3_1"
"867","CGATGGCGTCTGTCAA-1_3_1"
"868","CGATGGCTCACTGCTC-1_3_1"
"869","CGCAGGTAGAAGTCTA-1_3_1"
"870","CGCAGGTGTTAGGCCC-1_3_1"
"871","CGCAGGTGTTGGTGTT-1_3_1"
"872","CGCAGGTTCGTTGTTT-1_3_1"
"873","CGCATAAAGTACGAGC-1_3_1"
"874","CGCATAACACTAGGCC-1_3_1"
"875","CGCATAACATGCAGGA-1_3_1"
"876","CGCATAATCGAGAGAC-1_3_1"
"877","CGCATGGCAAACTCTG-1_3_1"
"878","CGCATGGGTCATACCA-1_3_1"
"879","CGCATGGGTGCATCTA-1_3_1"
"880","CGCATGGGTGGCACTC-1_3_1"
"881","CGCCAGAAGACCTCAT-1_3_1"
"882","CGCCAGACAACTGTGT-1_3_1"
"883","CGCCAGACAGTCGGAA-1_3_1"
"884","CGCCATTCATTACGGT-1_3_1"
"885","CGCGTGAAGCCGATTT-1_3_1"
"886","CGGAACCCATTGACAC-1_3_1"
"887","CGGAACCGTGACAGCA-1_3_1"
"888","CGGAACCTCTATCGGA-1_3_1"
"889","CGGAATTCAGAGTCTT-1_3_1"
"890","CGGAATTTCCTTCGAC-1_3_1"
"891","CGGAATTTCTGGCTGG-1_3_1"
"892","CGGACACAGTGCTAGG-1_3_1"
"893","CGGACACCAGATAAAC-1_3_1"
"894","CGGACACGTACGGGAT-1_3_1"
"895","CGGACACGTTGCCGAC-1_3_1"
"896","CGGACACTCCACGGGT-1_3_1"
"897","CGGACACTCGCCTTGT-1_3_1"
"898","CGGAGAAAGAACGCGT-1_3_1"
"899","CGGAGAACATGCTGCG-1_3_1"
"900","CGGAGAAGTTCGTAAC-1_3_1"
"901","CGGCAGTCATAGCACT-1_3_1"
"902","CGGCAGTGTTCAATCG-1_3_1"
"903","CGGGACTCATAACCCA-1_3_1"
"904","CGGGACTGTTAGAGTA-1_3_1"
"905","CGGGACTTCAGCAATC-1_3_1"
"906","CGGGACTTCGGTCATA-1_3_1"
"907","CGGGCATAGTGAATAC-1_3_1"
"908","CGGGTCAAGCTGACCC-1_3_1"
"909","CGGGTCAAGGGTATAT-1_3_1"
"910","CGGGTGTAGGGAACAA-1_3_1"
"911","CGGGTGTTCAGTGTTG-1_3_1"
"912","CGGTCAGCACTACACA-1_3_1"
"913","CGTAAGTTCGAGTACT-1_3_1"
"914","CGTAATGAGTTACTCG-1_3_1"
"915","CGTAATGCATAACTCG-1_3_1"
"916","CGTAATGTCCGGCAGT-1_3_1"
"917","CGTAATGTCGACCATA-1_3_1"
"918","CGTAATGTCGAGCACC-1_3_1"
"919","CGTAGTAAGTGGTTAA-1_3_1"
"920","CGTAGTAGTGTCGCTG-1_3_1"
"921","CGTAGTATCGGTCAGC-1_3_1"
"922","CGTCAAAGTCTAGATC-1_3_1"
"923","CGTCAAATCATGGTAC-1_3_1"
"924","CGTCAAATCCACAGGC-1_3_1"
"925","CGTCAAATCCCGTTCA-1_3_1"
"926","CGTCCATAGCTGACAG-1_3_1"
"927","CGTCCATGTATCCCTC-1_3_1"
"928","CGTCCATTCAGTGTGT-1_3_1"
"929","CGTGAATTCACCTCGT-1_3_1"
"930","CGTGAATTCCGGGACT-1_3_1"
"931","CGTGATAAGGTAGTCG-1_3_1"
"932","CGTGATACAGCATCTA-1_3_1"
"933","CGTGATACATGACGAG-1_3_1"
"934","CGTGATACATGCTGCG-1_3_1"
"935","CGTGATAGTCCTTAAG-1_3_1"
"936","CGTGATATCGCATTGA-1_3_1"
"937","CGTGCTTCAACGACAG-1_3_1"
"938","CGTGCTTCACCTTCCA-1_3_1"
"939","CGTGCTTTCAAAGAAC-1_3_1"
"940","CGTGCTTTCAAGCCCG-1_3_1"
"941","CGTTAGAAGTAACCGG-1_3_1"
"942","CGTTCTGAGATGTAGT-1_3_1"
"943","CGTTCTGTCATGAGAA-1_3_1"
"944","CGTTCTGTCGCTGTCT-1_3_1"
"945","CGTTGGGGTAACCCTA-1_3_1"
"946","CTAACCCCAACACGAG-1_3_1"
"947","CTAACCCCACTCTGCT-1_3_1"
"948","CTAACCCGTTTCGACA-1_3_1"
"949","CTAAGTGAGCCATGCC-1_3_1"
"950","CTAAGTGCAAAGAGTT-1_3_1"
"951","CTAAGTGGTCGGCTAC-1_3_1"
"952","CTAAGTGTCTTCGTAT-1_3_1"
"953","CTACAGAAGCTAAATG-1_3_1"
"954","CTACAGATCACGGACC-1_3_1"
"955","CTACATTAGAGCAGCT-1_3_1"
"956","CTACCCAAGGTGTGAC-1_3_1"
"957","CTACCCAGTTCGGTTA-1_3_1"
"958","CTACCCATCTACCACC-1_3_1"
"959","CTACCTGCAATGTCTG-1_3_1"
"960","CTACCTGCAGCGAGTA-1_3_1"
"961","CTACCTGGTATCTCGA-1_3_1"
"962","CTACCTGGTTGCGTAT-1_3_1"
"963","CTACCTGTCCGATGCG-1_3_1"
"964","CTACTATCACTTACAG-1_3_1"
"965","CTACTATCAGAGTTCT-1_3_1"
"966","CTACTATGTGCCCAGT-1_3_1"
"967","CTACTATGTGTCTCCT-1_3_1"
"968","CTAGACAAGATGATTG-1_3_1"
"969","CTAGACAAGGACTTCT-1_3_1"
"970","CTAGACACACTAAACC-1_3_1"
"971","CTAGACACATTCAGGT-1_3_1"
"972","CTAGACAGTCCGGACT-1_3_1"
"973","CTAGACAGTGGTAACG-1_3_1"
"974","CTAGGTACACACCTGG-1_3_1"
"975","CTAGGTAGTGTAAACA-1_3_1"
"976","CTAGGTATCTCACTCG-1_3_1"
"977","CTATAGGAGGTTTGAA-1_3_1"
"978","CTATAGGAGTGAACAT-1_3_1"
"979","CTATAGGCATACCATG-1_3_1"
"980","CTATAGGTCTTCCAGC-1_3_1"
"981","CTATCCGCAATTCACG-1_3_1"
"982","CTATCCGTCAGATGCT-1_3_1"
"983","CTATCTACAAGAGATT-1_3_1"
"984","CTATCTACAGCCTACG-1_3_1"
"985","CTATCTACAGTCGGAA-1_3_1"
"986","CTATCTACATCCTATT-1_3_1"
"987","CTATCTATCATTGTTC-1_3_1"
"988","CTCAACCAGGTAAGTT-1_3_1"
"989","CTCAAGAAGATACGAT-1_3_1"
"990","CTCAAGAGTACACTCA-1_3_1"
"991","CTCAAGAGTCGCGTTG-1_3_1"
"992","CTCAATTTCTCGGTCT-1_3_1"
"993","CTCACTGCAGGGTTGA-1_3_1"
"994","CTCAGAAAGACATGCG-1_3_1"
"995","CTCAGAAAGGCTGGAT-1_3_1"
"996","CTCAGAATCCAGCAAT-1_3_1"
"997","CTCAGGGGTCAAGCCC-1_3_1"
"998","CTCAGTCCAATCAAGA-1_3_1"
"999","CTCAGTCGTGTGCTTA-1_3_1"
"1000","CTCAGTCTCGCAGAGA-1_3_1"
"1001","CTCATCGTCAACGTGT-1_3_1"
"1002","CTCATTACAAACGGCA-1_3_1"
"1003","CTCCAACAGTAATTGG-1_3_1"
"1004","CTCCAACCATTCAGCA-1_3_1"
"1005","CTCCAACTCGCAGAGA-1_3_1"
"1006","CTCCACAGTGGACCTC-1_3_1"
"1007","CTCCATGAGCATGTTC-1_3_1"
"1008","CTCCATGGTGCATACT-1_3_1"
"1009","CTCCCAAAGATAGCTA-1_3_1"
"1010","CTCCCAACAAATAGCA-1_3_1"
"1011","CTCCCAATCCCTATTA-1_3_1"
"1012","CTCCCAATCCTAGAGT-1_3_1"
"1013","CTCCCTCAGAGGTATT-1_3_1"
"1014","CTCCCTCCACCCATAA-1_3_1"
"1015","CTCCGATAGACTAAGT-1_3_1"
"1016","CTCCGATCACTTGACA-1_3_1"
"1017","CTCCGATGTACTAAGA-1_3_1"
"1018","CTCCTTTCATCCTAAG-1_3_1"
"1019","CTCCTTTCATGCGTGC-1_3_1"
"1020","CTCCTTTGTAGCTAAA-1_3_1"
"1021","CTCGAGGTCGGCATAT-1_3_1"
"1022","CTCTCAGGTTACTCAG-1_3_1"
"1023","CTCTCGATCGAGGCAA-1_3_1"
"1024","CTCTCGATCTATGCCC-1_3_1"
"1025","CTCTGGTAGCCGCTTG-1_3_1"
"1026","CTGAATGCAACTGCCG-1_3_1"
"1027","CTGAATGGTAGAGATT-1_3_1"
"1028","CTGAATGGTCCCTGAG-1_3_1"
"1029","CTGAATGGTCGCAACC-1_3_1"
"1030","CTGAATGTCAGCTGTA-1_3_1"
"1031","CTGAGCGAGGTAAGTT-1_3_1"
"1032","CTGAGCGAGTCCCTAA-1_3_1"
"1033","CTGAGGCGTACAACGG-1_3_1"
"1034","CTGCAGGAGGAACGCT-1_3_1"
"1035","CTGCAGGCATAACTCG-1_3_1"
"1036","CTGCAGGGTGACGTCC-1_3_1"
"1037","CTGCAGGTCGCCAACG-1_3_1"
"1038","CTGCATCAGTGCGACA-1_3_1"
"1039","CTGCATCCATTGCTTT-1_3_1"
"1040","CTGCATCGTACGCTTA-1_3_1"
"1041","CTGCATCGTGCCCTTT-1_3_1"
"1042","CTGCATCTCGGTATGT-1_3_1"
"1043","CTGCCATAGGTCACAG-1_3_1"
"1044","CTGCCATCAAACACCT-1_3_1"
"1045","CTGCCATTCACCCTTG-1_3_1"
"1046","CTGCCATTCCTACTGC-1_3_1"
"1047","CTGCCATTCGGAGCAA-1_3_1"
"1048","CTGCCATTCTGGACCG-1_3_1"
"1049","CTGCCTAAGCTAAGTA-1_3_1"
"1050","CTGCCTAGTCCTCCTA-1_3_1"
"1051","CTGCCTAGTTCCGTTC-1_3_1"
"1052","CTGCGAGGTGCCCAGT-1_3_1"
"1053","CTGCTCAAGCCATTCA-1_3_1"
"1054","CTGCTCAGTGATACAA-1_3_1"
"1055","CTGGACGAGTAAACTG-1_3_1"
"1056","CTGGACGGTACTCCGG-1_3_1"
"1057","CTGGACGTCTCTGGTC-1_3_1"
"1058","CTGGCAGCAACCCTCT-1_3_1"
"1059","CTGGTCTGTGGAAGTC-1_3_1"
"1060","CTGGTCTGTTGTACGT-1_3_1"
"1061","CTGTACCGTGACGCCT-1_3_1"
"1062","CTGTACCTCCCAGCGA-1_3_1"
"1063","CTGTATTCATCATCTT-1_3_1"
"1064","CTGTATTCATCCAATG-1_3_1"
"1065","CTGTATTGTACAAGCG-1_3_1"
"1066","CTGTCGTAGCTGTTAC-1_3_1"
"1067","CTGTCGTCACACGGTC-1_3_1"
"1068","CTGTGAAAGACGCAGT-1_3_1"
"1069","CTGTGAACAAATACGA-1_3_1"
"1070","CTGTGAATCGGAACTT-1_3_1"
"1071","CTTACCGAGCAGGGAG-1_3_1"
"1072","CTTAGGAAGGTTAAAC-1_3_1"
"1073","CTTAGGAGTAGCTGAG-1_3_1"
"1074","CTTAGGAGTGTAGCAG-1_3_1"
"1075","CTTCAATAGCATGCGA-1_3_1"
"1076","CTTCAATCAAGTTGGG-1_3_1"
"1077","CTTCAATTCAGACCTA-1_3_1"
"1078","CTTCCGACAATCGCAT-1_3_1"
"1079","CTTCCGAGTGTACATC-1_3_1"
"1080","CTTCGGTGTCATATGC-1_3_1"
"1081","CTTCGGTGTCTAACGT-1_3_1"
"1082","CTTCGGTTCAAATGAG-1_3_1"
"1083","CTTCTAATCACCTTAT-1_3_1"
"1084","CTTCTAATCCGATAGT-1_3_1"
"1085","CTTCTCTCAAGTTTGC-1_3_1"
"1086","CTTCTCTCAGAGTTGG-1_3_1"
"1087","CTTCTCTGTATCGTGT-1_3_1"
"1088","CTTCTCTGTGGAAATT-1_3_1"
"1089","CTTCTCTTCCATAGAC-1_3_1"
"1090","CTTGAGAGTACCGCGT-1_3_1"
"1091","CTTGAGAGTAGCGAGT-1_3_1"
"1092","CTTGAGAGTCGGCACT-1_3_1"
"1093","CTTGAGATCCGTTTCG-1_3_1"
"1094","CTTGATTAGCCTCTTC-1_3_1"
"1095","CTTGATTCACTTGAAC-1_3_1"
"1096","CTTGATTCAGTGTGGA-1_3_1"
"1097","CTTTCAACACTGTGTA-1_3_1"
"1098","CTTTCGGCACATATGC-1_3_1"
"1099","CTTTCGGCAGAGTTGG-1_3_1"
"1100","CTTTCGGTCCGGCAAC-1_3_1"
"1101","GAAACCTAGAGGGTCT-1_3_1"
"1102","GAAACCTCATGACTCA-1_3_1"
"1103","GAAACCTGTCACTACA-1_3_1"
"1104","GAAACCTGTGCGACAA-1_3_1"
"1105","GAAACCTGTGTGAGCA-1_3_1"
"1106","GAACACTCACGGGTAA-1_3_1"
"1107","GAACACTCAGACAAGC-1_3_1"
"1108","GAACACTGTGCTGATT-1_3_1"
"1109","GAACACTGTTTCACAG-1_3_1"
"1110","GAACGTTCACGACAGA-1_3_1"
"1111","GAACGTTGTGTATTGC-1_3_1"
"1112","GAACGTTTCTCGTCAC-1_3_1"
"1113","GAACTGTCAATCTCGA-1_3_1"
"1114","GAACTGTCACCCATAA-1_3_1"
"1115","GAACTGTGTTCAGCGC-1_3_1"
"1116","GAACTGTTCGCCGAGT-1_3_1"
"1117","GAAGAATAGTGCAGGT-1_3_1"
"1118","GAAGCCCAGCGACTTT-1_3_1"
"1119","GAAGCCCCAGACCATT-1_3_1"
"1120","GAAGCCCCAGAGATTA-1_3_1"
"1121","GAAGCCCGTTCGGTAT-1_3_1"
"1122","GAAGCGACAGAAGTGC-1_3_1"
"1123","GAAGCGACAGGCATGA-1_3_1"
"1124","GAAGCGAGTCACCGCA-1_3_1"
"1125","GAAGCGATCAAGCCCG-1_3_1"
"1126","GAAGGACAGAAGAGCA-1_3_1"
"1127","GAAGGACCACTGAGGA-1_3_1"
"1128","GAAGGACCATAGTCAC-1_3_1"
"1129","GAAGGACGTCAACATC-1_3_1"
"1130","GAAGTAAAGCGAAACC-1_3_1"
"1131","GAAGTAAAGTTGCTGT-1_3_1"
"1132","GAATAGAAGCCTCAAT-1_3_1"
"1133","GAATAGACAAGTTCGT-1_3_1"
"1134","GAATAGACATGACAAA-1_3_1"
"1135","GAATCACTCAGCTCTC-1_3_1"
"1136","GAATCGTAGAGTCACG-1_3_1"
"1137","GAATCGTAGGTTGGAC-1_3_1"
"1138","GAATCGTTCCCTTGTG-1_3_1"
"1139","GACACGCCATAGCTGT-1_3_1"
"1140","GACAGCCCAAGAGAGA-1_3_1"
"1141","GACAGCCCAAGCGAAC-1_3_1"
"1142","GACAGCCCAGTTACCA-1_3_1"
"1143","GACCAATAGGAACGTC-1_3_1"
"1144","GACCAATTCTCAATCT-1_3_1"
"1145","GACCGTGAGAGTGTTA-1_3_1"
"1146","GACCGTGGTGCCTTTC-1_3_1"
"1147","GACCGTGTCCATTTAC-1_3_1"
"1148","GACCGTGTCGCTCCTA-1_3_1"
"1149","GACGTTAAGTGTAGTA-1_3_1"
"1150","GACGTTACAGGGAGAG-1_3_1"
"1151","GACGTTACAGTGGGTA-1_3_1"
"1152","GACTATGCATCTCCCA-1_3_1"
"1153","GACTATGTCACGGGAA-1_3_1"
"1154","GACTCAAAGCCTATCA-1_3_1"
"1155","GACTCAACAACTGAAA-1_3_1"
"1156","GACTCAAGTGCTGTCG-1_3_1"
"1157","GACTCAATCCATCTCG-1_3_1"
"1158","GACTCTCAGAATCGTA-1_3_1"
"1159","GACTCTCAGTCCTACA-1_3_1"
"1160","GACTCTCCAAGTGTCT-1_3_1"
"1161","GACTCTCTCACGGACC-1_3_1"
"1162","GACTCTCTCTACGCAA-1_3_1"
"1163","GACTGATAGGTCTACT-1_3_1"
"1164","GACTGATCAGGTCCGT-1_3_1"
"1165","GACTGATCAGTTCACA-1_3_1"
"1166","GACTGATTCATGCATG-1_3_1"
"1167","GACTGATTCGAGAAAT-1_3_1"
"1168","GACTTCCCACTCCACT-1_3_1"
"1169","GAGAAATAGCTTCGTA-1_3_1"
"1170","GAGAAATCAGTTTGGT-1_3_1"
"1171","GAGAAATCATGCAGCC-1_3_1"
"1172","GAGAAATGTCGACGCT-1_3_1"
"1173","GAGAAATGTTGTCATG-1_3_1"
"1174","GAGAAATTCCGCTAGG-1_3_1"
"1175","GAGACCCAGGGATCGT-1_3_1"
"1176","GAGACCCCATCCGAAT-1_3_1"
"1177","GAGACCCCATGACGAG-1_3_1"
"1178","GAGACCCTCCCGAACG-1_3_1"
"1179","GAGACTTCACAGCCAC-1_3_1"
"1180","GAGACTTCATGTGCTA-1_3_1"
"1181","GAGACTTGTCCGGACT-1_3_1"
"1182","GAGATGGCACTTGAGT-1_3_1"
"1183","GAGATGGTCCCGTTGT-1_3_1"
"1184","GAGCCTGAGTGGTTGG-1_3_1"
"1185","GAGCCTGGTTGTGGCC-1_3_1"
"1186","GAGCCTGTCTGAATGC-1_3_1"
"1187","GAGCTGCGTAATCAGA-1_3_1"
"1188","GAGCTGCTCCTTATCA-1_3_1"
"1189","GAGGCAAAGAAAGTCT-1_3_1"
"1190","GAGGCAAAGAACGCGT-1_3_1"
"1191","GAGGCAACAATAGTCC-1_3_1"
"1192","GAGGCAAGTACAAAGT-1_3_1"
"1193","GAGGCCTAGCTGAGCA-1_3_1"
"1194","GAGGCCTGTATGGAAT-1_3_1"
"1195","GAGGGATCAATCGTCA-1_3_1"
"1196","GAGGGATGTGGCCACT-1_3_1"
"1197","GAGGGTATCAAGGACG-1_3_1"
"1198","GAGTCATAGGGCAATC-1_3_1"
"1199","GAGTCATGTCGTACTA-1_3_1"
"1200","GAGTCATTCCGCAACG-1_3_1"
"1201","GAGTGTTAGATGCTAA-1_3_1"
"1202","GAGTGTTCAGGACGAT-1_3_1"
"1203","GAGTGTTTCCGCAGTG-1_3_1"
"1204","GAGTTACGTATGAGAT-1_3_1"
"1205","GAGTTACTCATAGAGA-1_3_1"
"1206","GAGTTACTCCTTGGAA-1_3_1"
"1207","GAGTTGTTCCTTCTAA-1_3_1"
"1208","GAGTTGTTCTAGGAAA-1_3_1"
"1209","GAGTTTGAGACCATAA-1_3_1"
"1210","GAGTTTGCAAACCGGA-1_3_1"
"1211","GATAGCTAGACCTGGA-1_3_1"
"1212","GATAGCTAGCGTGCTC-1_3_1"
"1213","GATAGCTCAATGAACA-1_3_1"
"1214","GATCACAAGTAGGATT-1_3_1"
"1215","GATCACACAAGGTACG-1_3_1"
"1216","GATCACAGTACAATAG-1_3_1"
"1217","GATCACAGTGGTCTTA-1_3_1"
"1218","GATCACATCTCTAAGG-1_3_1"
"1219","GATCAGTAGGAGGTTC-1_3_1"
"1220","GATCAGTAGGCTAACG-1_3_1"
"1221","GATCCCTCACCTGCGA-1_3_1"
"1222","GATCCCTCATAGTCAC-1_3_1"
"1223","GATCCCTTCAAACGAA-1_3_1"
"1224","GATCGTAAGACGAAGA-1_3_1"
"1225","GATCGTAAGGTGGCTA-1_3_1"
"1226","GATCGTACAACCACAT-1_3_1"
"1227","GATCGTAGTTTGAAAG-1_3_1"
"1228","GATCGTATCTTGATTC-1_3_1"
"1229","GATGACTAGGCTTAAA-1_3_1"
"1230","GATGACTCAAGTGTCT-1_3_1"
"1231","GATGAGGCACGGGTAA-1_3_1"
"1232","GATGAGGCATGTTACG-1_3_1"
"1233","GATGAGGTCAAGATAG-1_3_1"
"1234","GATGAGGTCGGCCAAC-1_3_1"
"1235","GATGATCAGAAAGCGA-1_3_1"
"1236","GATGATCGTCCAGGTC-1_3_1"
"1237","GATGATCGTGGTATGG-1_3_1"
"1238","GATGATCTCTCAGAAC-1_3_1"
"1239","GATGCTAAGAACTCCT-1_3_1"
"1240","GATGCTAAGTTGAAAC-1_3_1"
"1241","GATGCTAGTCAAGGCA-1_3_1"
"1242","GATGCTATCAACTACG-1_3_1"
"1243","GATGCTATCATTTACC-1_3_1"
"1244","GATGCTATCGCTAATG-1_3_1"
"1245","GATGGAGAGGCCCACT-1_3_1"
"1246","GATGGAGAGTCAGGGT-1_3_1"
"1247","GATGTTGCAAGCTACT-1_3_1"
"1248","GATGTTGGTATCGATC-1_3_1"
"1249","GATGTTGTCTACCAGA-1_3_1"
"1250","GATTCGAAGCTGTTCA-1_3_1"
"1251","GATTCGACATCTTAGG-1_3_1"
"1252","GATTCGAGTACAGTAA-1_3_1"
"1253","GATTCTTCATTGCCGG-1_3_1"
"1254","GATTGGTAGCGTTACT-1_3_1"
"1255","GATTGGTAGCTCGTGC-1_3_1"
"1256","GATTGGTCAGCCGTTG-1_3_1"
"1257","GATTGGTCAGTCGAGA-1_3_1"
"1258","GATTGGTGTAGACACG-1_3_1"
"1259","GATTGGTTCATCTGTT-1_3_1"
"1260","GATTGGTTCGCTAAAC-1_3_1"
"1261","GATTTCTAGTTGTAGA-1_3_1"
"1262","GATTTCTGTCCTTAAG-1_3_1"
"1263","GCAACATCAACTCGTA-1_3_1"
"1264","GCACATAAGAGTCTTC-1_3_1"
"1265","GCACATAAGCTCCGAC-1_3_1"
"1266","GCACATAGTCAGGAGT-1_3_1"
"1267","GCACGGTCACGTGTGC-1_3_1"
"1268","GCACTAAAGCAAGTGC-1_3_1"
"1269","GCACTAAAGCGACTAG-1_3_1"
"1270","GCACTAAAGGACTAAT-1_3_1"
"1271","GCACTAAGTCGCACGT-1_3_1"
"1272","GCACTAATCACATTGG-1_3_1"
"1273","GCAGCCAAGATCGCTT-1_3_1"
"1274","GCAGCCATCTGTGCTC-1_3_1"
"1275","GCAGCTGGTCCTGAAT-1_3_1"
"1276","GCAGGCTAGACTTGTC-1_3_1"
"1277","GCAGGCTGTCGCTTGG-1_3_1"
"1278","GCAGGCTTCTGTTGGA-1_3_1"
"1279","GCAGTTAAGAGAGTGA-1_3_1"
"1280","GCATCGGCAGTCTACA-1_3_1"
"1281","GCATCGGTCCACGTGG-1_3_1"
"1282","GCATGATCAACAGCTT-1_3_1"
"1283","GCATGATGTTAAACCC-1_3_1"
"1284","GCATGATTCCCAACTC-1_3_1"
"1285","GCATTAGCAAGCAGGT-1_3_1"
"1286","GCATTAGCAGACGGAT-1_3_1"
"1287","GCATTAGTCCCACAGG-1_3_1"
"1288","GCCAACGCAGCATGCC-1_3_1"
"1289","GCCAACGGTCGTACAT-1_3_1"
"1290","GCCAGCACAAATCAGA-1_3_1"
"1291","GCCAGGTCAAATACAG-1_3_1"
"1292","GCCAGGTCATGACCCG-1_3_1"
"1293","GCCAGTGCACCTCTGT-1_3_1"
"1294","GCCAGTGCAGGTGGAT-1_3_1"
"1295","GCCAGTGTCCTGGGAC-1_3_1"
"1296","GCCATGGAGTCGAGGT-1_3_1"
"1297","GCCATTCAGCGATTCT-1_3_1"
"1298","GCCATTCAGTGAGGCT-1_3_1"
"1299","GCCCAGATCAAAGCCT-1_3_1"
"1300","GCCCGAAGTCTCCCTA-1_3_1"
"1301","GCCGATGGTCGCTTAA-1_3_1"
"1302","GCCGATGGTCTTAGTG-1_3_1"
"1303","GCCGATGGTGACAGGT-1_3_1"
"1304","GCCGATGGTGACGCCT-1_3_1"
"1305","GCCGATGTCAAAGCCT-1_3_1"
"1306","GCCGATGTCGTTAGTG-1_3_1"
"1307","GCCGTGAAGGTACATA-1_3_1"
"1308","GCCTGTTAGAGTATAC-1_3_1"
"1309","GCCTGTTCAATCTCGA-1_3_1"
"1310","GCGAGAAGTACGATGG-1_3_1"
"1311","GCGAGAATCGCTGCGA-1_3_1"
"1312","GCGATCGGTACACGCC-1_3_1"
"1313","GCGATCGTCAAGCCCG-1_3_1"
"1314","GCGATCGTCCCTCAAC-1_3_1"
"1315","GCGGAAAAGATGTAGT-1_3_1"
"1316","GCGGAAAAGGATGTTA-1_3_1"
"1317","GCGGATCAGATTAGCA-1_3_1"
"1318","GCGGATCCATCTCCCA-1_3_1"
"1319","GCGGATCCATGCTGCG-1_3_1"
"1320","GCGTTTCGTAGGAAAG-1_3_1"
"1321","GCTACAAAGTGATAGT-1_3_1"
"1322","GCTACCTCACGCAGTC-1_3_1"
"1323","GCTCAAAAGGCCTTGC-1_3_1"
"1324","GCTCAAACAGCCATTA-1_3_1"
"1325","GCTCAAAGTTTCTATC-1_3_1"
"1326","GCTCAAATCTATTTCG-1_3_1"
"1327","GCTCAAATCTCCTGCA-1_3_1"
"1328","GCTGAATAGTGTAGAT-1_3_1"
"1329","GCTGAATCAATATCCG-1_3_1"
"1330","GCTGAATTCACGTCCT-1_3_1"
"1331","GCTGAATTCACTTGTT-1_3_1"
"1332","GCTGCAGCAAGATGTA-1_3_1"
"1333","GCTGCAGCATGGCGCT-1_3_1"
"1334","GCTGCAGTCGAACGCC-1_3_1"
"1335","GCTGGGTGTCTCTCCA-1_3_1"
"1336","GCTTCACCACTTGGGC-1_3_1"
"1337","GCTTCACGTACTGTTG-1_3_1"
"1338","GCTTCACGTGCGGCTT-1_3_1"
"1339","GCTTGGGAGCCATATC-1_3_1"
"1340","GCTTGGGCAGATCATC-1_3_1"
"1341","GCTTGGGGTAGAGCTG-1_3_1"
"1342","GCTTGGGGTAGTCACT-1_3_1"
"1343","GCTTTCGAGGTTACCT-1_3_1"
"1344","GCTTTCGAGTATGGCG-1_3_1"
"1345","GCTTTCGTCATAGGCT-1_3_1"
"1346","GGAACCCCATCATCCC-1_3_1"
"1347","GGAACCCTCACTGCTC-1_3_1"
"1348","GGAACCCTCTCCGAGG-1_3_1"
"1349","GGAAGTGAGTCAGAGC-1_3_1"
"1350","GGAAGTGCAGTCTGGC-1_3_1"
"1351","GGAAGTGGTCTTCAAG-1_3_1"
"1352","GGAATCTAGACTCAAA-1_3_1"
"1353","GGAATCTAGATGTAGT-1_3_1"
"1354","GGAATCTAGCCATTGT-1_3_1"
"1355","GGAATCTAGGGTTAAT-1_3_1"
"1356","GGAATGGAGAAAGTCT-1_3_1"
"1357","GGAATGGAGGATTCCT-1_3_1"
"1358","GGAATGGGTTGTCATG-1_3_1"
"1359","GGACGTCGTAGCTGCC-1_3_1"
"1360","GGACGTCGTCTCGACG-1_3_1"
"1361","GGACGTCTCCAACTAG-1_3_1"
"1362","GGAGATGAGTCACAGG-1_3_1"
"1363","GGAGATGCAGTGGGTA-1_3_1"
"1364","GGAGCAATCGCAATTG-1_3_1"
"1365","GGAGGATGTATCTCTT-1_3_1"
"1366","GGAGGATTCGAGGCAA-1_3_1"
"1367","GGAGGTACACGCTTAA-1_3_1"
"1368","GGATCTACAGGCACTC-1_3_1"
"1369","GGATCTAGTTTGTTCT-1_3_1"
"1370","GGATCTATCACTGGGC-1_3_1"
"1371","GGATGTTCAGCAGGAT-1_3_1"
"1372","GGATGTTGTGATACCT-1_3_1"
"1373","GGATGTTGTTTGACAC-1_3_1"
"1374","GGATGTTTCAATCAGC-1_3_1"
"1375","GGATGTTTCCTGTAGA-1_3_1"
"1376","GGCACGTAGCCAGAGT-1_3_1"
"1377","GGCACGTGTTCTCCCA-1_3_1"
"1378","GGCAGTCAGATGCTTC-1_3_1"
"1379","GGCAGTCCAAAGTATG-1_3_1"
"1380","GGCGTCAAGTGGCCTC-1_3_1"
"1381","GGCGTCAGTGAGCAGT-1_3_1"
"1382","GGCGTCAGTGGCTCTG-1_3_1"
"1383","GGCGTCAGTGTGTCGC-1_3_1"
"1384","GGCGTCATCATAAGGA-1_3_1"
"1385","GGCTGTGCACCAGTTA-1_3_1"
"1386","GGCTGTGGTATTGCCA-1_3_1"
"1387","GGCTGTGTCAAGTCGT-1_3_1"
"1388","GGCTTGGAGTAGGATT-1_3_1"
"1389","GGCTTTCGTCGAAACG-1_3_1"
"1390","GGCTTTCTCACTCTTA-1_3_1"
"1391","GGCTTTCTCTGCCTCA-1_3_1"
"1392","GGGACAATCGATGGAG-1_3_1"
"1393","GGGACCTAGGCCGCTT-1_3_1"
"1394","GGGACCTTCAATCCGA-1_3_1"
"1395","GGGACCTTCTACTGCC-1_3_1"
"1396","GGGACTCGTATGTCTG-1_3_1"
"1397","GGGACTCTCAACCTTT-1_3_1"
"1398","GGGACTCTCTTCACAT-1_3_1"
"1399","GGGAGATGTTGGACTT-1_3_1"
"1400","GGGAGTATCCTGATAG-1_3_1"
"1401","GGGAGTATCTGTCGCT-1_3_1"
"1402","GGGATCCAGCATCAAA-1_3_1"
"1403","GGGATCCCATGATAGA-1_3_1"
"1404","GGGATCCCATGTGACT-1_3_1"
"1405","GGGATCCTCAAGAATG-1_3_1"
"1406","GGGATCCTCCACACCT-1_3_1"
"1407","GGGCCATAGCGTCTGC-1_3_1"
"1408","GGGCCATTCGGCATTA-1_3_1"
"1409","GGGCGTTAGGATAATC-1_3_1"
"1410","GGGCGTTGTGATTCTG-1_3_1"
"1411","GGGCTACCACGACAGA-1_3_1"
"1412","GGGCTACCATATGGCT-1_3_1"
"1413","GGGCTACGTCATGACT-1_3_1"
"1414","GGGTAGATCGTGCGAC-1_3_1"
"1415","GGGTATTGTGGCTAGA-1_3_1"
"1416","GGGTCACGTGGCCTCA-1_3_1"
"1417","GGGTCACTCTAGACCA-1_3_1"
"1418","GGGTCTGCAAATCGTC-1_3_1"
"1419","GGGTGAAAGACGTCCC-1_3_1"
"1420","GGGTGAACAGCACCCA-1_3_1"
"1421","GGGTGAACAGCCATTA-1_3_1"
"1422","GGGTGAAGTACGGCAA-1_3_1"
"1423","GGGTGTCCATATGGCT-1_3_1"
"1424","GGGTGTCCATGACGGA-1_3_1"
"1425","GGGTGTCTCCGTGCGA-1_3_1"
"1426","GGGTTATAGATCGCCC-1_3_1"
"1427","GGGTTATAGCAATTAG-1_3_1"
"1428","GGGTTATAGCCATCCG-1_3_1"
"1429","GGGTTATAGCTAGAAT-1_3_1"
"1430","GGGTTATCAACACAAA-1_3_1"
"1431","GGGTTTACAATGACCT-1_3_1"
"1432","GGGTTTAGTCCCAAAT-1_3_1"
"1433","GGGTTTATCAGCTTGA-1_3_1"
"1434","GGGTTTATCTCTAGGA-1_3_1"
"1435","GGTAACTCAGCTACTA-1_3_1"
"1436","GGTAACTTCAGGAACG-1_3_1"
"1437","GGTAATCGTGGATCGA-1_3_1"
"1438","GGTAGAGAGATCCAAA-1_3_1"
"1439","GGTAGAGGTGTGAGCA-1_3_1"
"1440","GGTCACGCAAAGGTTA-1_3_1"
"1441","GGTCACGGTCACCCTT-1_3_1"
"1442","GGTCACGGTGGGCTTC-1_3_1"
"1443","GGTCACGGTTAGGCCC-1_3_1"
"1444","GGTCTGGGTGCGCTCA-1_3_1"
"1445","GGTGAAGAGCAGCACA-1_3_1"
"1446","GGTGAAGAGTGGCCTC-1_3_1"
"1447","GGTGAAGCATGCCGAC-1_3_1"
"1448","GGTGAAGTCGGACTGC-1_3_1"
"1449","GGTGATTAGGTATCTC-1_3_1"
"1450","GGTGATTGTATCGTGT-1_3_1"
"1451","GGTGATTGTTGTGCCG-1_3_1"
"1452","GGTGATTTCGATCCCT-1_3_1"
"1453","GGTGGCTAGGAAGTGA-1_3_1"
"1454","GGTGTCGAGATCCCGC-1_3_1"
"1455","GGTGTCGCAGAACTAA-1_3_1"
"1456","GGTGTCGTCGCGTGCA-1_3_1"
"1457","GGTGTTAAGCTCATAC-1_3_1"
"1458","GGTGTTATCGCCTTTG-1_3_1"
"1459","GGTTAACAGATGATTG-1_3_1"
"1460","GGTTAACCAACTGCTA-1_3_1"
"1461","GGTTAACTCCGAACGC-1_3_1"
"1462","GGTTAACTCTCCGTGT-1_3_1"
"1463","GGTTCTCAGACTAAGT-1_3_1"
"1464","GGTTCTCCACGCGTCA-1_3_1"
"1465","GGTTCTCGTCATCGGC-1_3_1"
"1466","GGTTGTACACTAACCA-1_3_1"
"1467","GGTTGTATCTCAACGA-1_3_1"
"1468","GGTTGTATCTCCAAGA-1_3_1"
"1469","GTAACACAGCATCTTG-1_3_1"
"1470","GTAACACAGTCAGCGA-1_3_1"
"1471","GTAACACCACATGACT-1_3_1"
"1472","GTAACACTCGTAACAC-1_3_1"
"1473","GTAACCAAGACTGTTC-1_3_1"
"1474","GTAACCAGTACAGTAA-1_3_1"
"1475","GTAACCAGTCAACATC-1_3_1"
"1476","GTAAGTCCACGTTCGG-1_3_1"
"1477","GTAAGTCCACTATGTG-1_3_1"
"1478","GTAAGTCCATTGGATC-1_3_1"
"1479","GTAAGTCTCATGAGTC-1_3_1"
"1480","GTAATCGAGGTCATTC-1_3_1"
"1481","GTAATCGTCGCTAAAC-1_3_1"
"1482","GTAATCGTCTTGGATG-1_3_1"
"1483","GTAATGCAGAGCTTTC-1_3_1"
"1484","GTAATGCTCTGCAGCG-1_3_1"
"1485","GTACAACTCGAGTACT-1_3_1"
"1486","GTACAGTAGGTGCCAA-1_3_1"
"1487","GTACAGTCATGGCCCA-1_3_1"
"1488","GTACAGTGTACAGAAT-1_3_1"
"1489","GTACAGTGTAGACAGC-1_3_1"
"1490","GTACAGTTCCAATCTT-1_3_1"
"1491","GTACAGTTCTAAGCGT-1_3_1"
"1492","GTAGAGGAGAAATCCA-1_3_1"
"1493","GTAGAGGTCGCTAAAC-1_3_1"
"1494","GTAGATCAGACGAAGA-1_3_1"
"1495","GTAGCTAAGCGTGCCT-1_3_1"
"1496","GTAGGAGAGACGATAT-1_3_1"
"1497","GTAGGAGAGCGTATGG-1_3_1"
"1498","GTAGGAGCACTACGGC-1_3_1"
"1499","GTAGGAGGTCAGTCGC-1_3_1"
"1500","GTAGGTTTCTGATTCT-1_3_1"
"1501","GTAGTACGTGATGAAT-1_3_1"
"1502","GTAGTACTCATTGCTT-1_3_1"
"1503","GTATTGGAGAGTTGTA-1_3_1"
"1504","GTATTGGAGGATTCAA-1_3_1"
"1505","GTATTGGCAGGTAGTG-1_3_1"
"1506","GTATTGGGTCACGCTG-1_3_1"
"1507","GTATTTCAGAGCATCG-1_3_1"
"1508","GTATTTCTCCTAAACG-1_3_1"
"1509","GTATTTCTCCTAGCTC-1_3_1"
"1510","GTCAAACCAACTCGAT-1_3_1"
"1511","GTCAAACCAGCTCCTT-1_3_1"
"1512","GTCAAGTTCTGAACGT-1_3_1"
"1513","GTCACGGAGTCCCTAA-1_3_1"
"1514","GTCACGGCACTATGTG-1_3_1"
"1515","GTCACGGTCAGGAAAT-1_3_1"
"1516","GTCACGGTCGGTAGGA-1_3_1"
"1517","GTCAGCGAGTAGTCTC-1_3_1"
"1518","GTCAGCGGTCGTCATA-1_3_1"
"1519","GTCATCCCAAAGCACG-1_3_1"
"1520","GTCATCCCAATAGGAT-1_3_1"
"1521","GTCATTTTCGTGGCTG-1_3_1"
"1522","GTCCACTTCGAGATAA-1_3_1"
"1523","GTCCACTTCGCGTGAC-1_3_1"
"1524","GTCCCATCATGGAAGC-1_3_1"
"1525","GTCCTCAAGATTTGCC-1_3_1"
"1526","GTCCTCACAACCCGCA-1_3_1"
"1527","GTCCTCATCCGAACGC-1_3_1"
"1528","GTCGAATGTGCTTCAA-1_3_1"
"1529","GTCGCGACAGCCCACA-1_3_1"
"1530","GTCGCGAGTGTCATTG-1_3_1"
"1531","GTCGCGAGTTGGCTAT-1_3_1"
"1532","GTCGCGAGTTTACACG-1_3_1"
"1533","GTCGTAAGTGGATACG-1_3_1"
"1534","GTCGTAATCCAGTGCG-1_3_1"
"1535","GTCGTAATCTTGGAAC-1_3_1"
"1536","GTCGTTCAGCCGTTGC-1_3_1"
"1537","GTCTACCAGGTAAGGA-1_3_1"
"1538","GTCTACCCAATTGCAC-1_3_1"
"1539","GTCTACCGTTCCACGG-1_3_1"
"1540","GTCTACCTCATGTCAG-1_3_1"
"1541","GTCTCACTCCAGCACG-1_3_1"
"1542","GTCTGTCGTCGGTGAA-1_3_1"
"1543","GTCTGTCGTGCCGTTG-1_3_1"
"1544","GTCTGTCTCTGTGTGA-1_3_1"
"1545","GTCTTTAAGGCACTCC-1_3_1"
"1546","GTCTTTAGTCATCAGT-1_3_1"
"1547","GTCTTTATCAAACGAA-1_3_1"
"1548","GTGACGCAGACATAGT-1_3_1"
"1549","GTGACGCAGGTTCAGG-1_3_1"
"1550","GTGACGCCATGTTCGA-1_3_1"
"1551","GTGAGCCAGAGTGGCT-1_3_1"
"1552","GTGAGCCCATGCCGGT-1_3_1"
"1553","GTGAGCCGTTCTGACA-1_3_1"
"1554","GTGAGGACATATGCGT-1_3_1"
"1555","GTGAGGACATTGAGCT-1_3_1"
"1556","GTGAGGATCCGCATAA-1_3_1"
"1557","GTGAGGATCTCATTTG-1_3_1"
"1558","GTGAGTTCACAAATGA-1_3_1"
"1559","GTGAGTTGTAGAGTTA-1_3_1"
"1560","GTGAGTTGTATCCTCC-1_3_1"
"1561","GTGATGTTCCGAAATC-1_3_1"
"1562","GTGCACGAGATGTTGA-1_3_1"
"1563","GTGCACGCACAGAGAC-1_3_1"
"1564","GTGCACGGTGCTGTCG-1_3_1"
"1565","GTGCAGCCATCTAGAC-1_3_1"
"1566","GTGCAGCCATGAATAG-1_3_1"
"1567","GTGCAGCGTTGGACTT-1_3_1"
"1568","GTGCAGCTCCAAATGC-1_3_1"
"1569","GTGCGTGCAGGAGGAG-1_3_1"
"1570","GTGCGTGTCATCTATC-1_3_1"
"1571","GTGCTGGAGGTTACAA-1_3_1"
"1572","GTGCTGGGTGTTCGTA-1_3_1"
"1573","GTGCTTCAGTGGTTGG-1_3_1"
"1574","GTGGAAGAGGCTTTCA-1_3_1"
"1575","GTGGAAGTCTCGAACA-1_3_1"
"1576","GTGGAGAGTCACTAGT-1_3_1"
"1577","GTGGAGAGTTCTTCAT-1_3_1"
"1578","GTGGAGAGTTGGTGTT-1_3_1"
"1579","GTGGAGATCGTACACA-1_3_1"
"1580","GTGGCGTCAATCACGT-1_3_1"
"1581","GTGGCGTGTCGTTCAA-1_3_1"
"1582","GTGGCGTGTCTCTCAC-1_3_1"
"1583","GTGTAACGTACGCTAT-1_3_1"
"1584","GTGTAACGTAGGACTG-1_3_1"
"1585","GTGTAACGTCATTGCA-1_3_1"
"1586","GTGTAACGTTCATCTT-1_3_1"
"1587","GTGTAACTCATTACCT-1_3_1"
"1588","GTGTAACTCTTCCCGA-1_3_1"
"1589","GTGTCCTAGCTGACAG-1_3_1"
"1590","GTGTGATGTGCCCAGT-1_3_1"
"1591","GTGTGGCTCCGCGAGT-1_3_1"
"1592","GTGTTCCTCGTACACA-1_3_1"
"1593","GTTACAGAGCTACTGT-1_3_1"
"1594","GTTACAGCAATGTCTG-1_3_1"
"1595","GTTACAGGTACAGAAT-1_3_1"
"1596","GTTACCCAGGGATCGT-1_3_1"
"1597","GTTACCCCAACAAAGT-1_3_1"
"1598","GTTACCCGTATCGCGC-1_3_1"
"1599","GTTAGACGTGTACATC-1_3_1"
"1600","GTTAGACTCGGTTCAA-1_3_1"
"1601","GTTAGTGGTGATATAG-1_3_1"
"1602","GTTAGTGTCTCCGCAT-1_3_1"
"1603","GTTATGGAGCTACTAC-1_3_1"
"1604","GTTATGGCACGTAGAG-1_3_1"
"1605","GTTCCGTAGCACAAAT-1_3_1"
"1606","GTTCCGTCATTCTCCG-1_3_1"
"1607","GTTCCGTTCTATTCGT-1_3_1"
"1608","GTTCGCTAGTGATAGT-1_3_1"
"1609","GTTCGCTCAATGAAAC-1_3_1"
"1610","GTTCGCTGTGGATTTC-1_3_1"
"1611","GTTCGCTTCCAACTGA-1_3_1"
"1612","GTTCTATAGCTCACTA-1_3_1"
"1613","GTTCTATGTAGTTAGA-1_3_1"
"1614","GTTCTATGTGTATACC-1_3_1"
"1615","GTTGAACAGCGCCATC-1_3_1"
"1616","GTTGCGGTCCGACGGT-1_3_1"
"1617","GTTGCTCAGCGAACTG-1_3_1"
"1618","GTTGCTCGTGTCTAAC-1_3_1"
"1619","GTTGTAGAGCCTGGAA-1_3_1"
"1620","GTTGTAGCAACGACTT-1_3_1"
"1621","GTTGTCCCATGACTCA-1_3_1"
"1622","GTTGTGAAGCAGAAAG-1_3_1"
"1623","GTTGTGAAGCCATTCA-1_3_1"
"1624","GTTGTGATCCATGAGT-1_3_1"
"1625","GTTGTGATCTCAATCT-1_3_1"
"1626","TAACACGAGTAGCATA-1_3_1"
"1627","TAACCAGAGGAGAGGC-1_3_1"
"1628","TAACCAGTCACTTGGA-1_3_1"
"1629","TAACGACCAAACAGGC-1_3_1"
"1630","TAACGACCAAGATCCT-1_3_1"
"1631","TAACTTCAGAAGCTGC-1_3_1"
"1632","TAACTTCTCGCCTAGG-1_3_1"
"1633","TAAGCACCACAGCGCT-1_3_1"
"1634","TAAGCACTCCCACAGG-1_3_1"
"1635","TAAGCACTCCTGCTAC-1_3_1"
"1636","TAAGCCACAGCTACCG-1_3_1"
"1637","TAAGCCATCCACGTAA-1_3_1"
"1638","TAAGCGTAGCCATCCG-1_3_1"
"1639","TAAGCGTCAAATAAGC-1_3_1"
"1640","TAAGCGTCAGCTATTG-1_3_1"
"1641","TAAGCGTTCATTGCGA-1_3_1"
"1642","TAAGTCGGTAGAGTTA-1_3_1"
"1643","TAAGTCGGTCTTGGTA-1_3_1"
"1644","TAATCTCAGAGGCTGT-1_3_1"
"1645","TAATCTCAGTGGTGGT-1_3_1"
"1646","TAATCTCAGTTGTACC-1_3_1"
"1647","TAATCTCCAGACTCTA-1_3_1"
"1648","TAATTCCGTAGCACAG-1_3_1"
"1649","TAATTCCTCCTATGGA-1_3_1"
"1650","TACAACGTCTAGATCG-1_3_1"
"1651","TACAGGTAGTGATAGT-1_3_1"
"1652","TACAGGTCACTCCGAG-1_3_1"
"1653","TACATTCTCCGCCTAT-1_3_1"
"1654","TACATTCTCGAAGTGG-1_3_1"
"1655","TACCCACGTGATACCT-1_3_1"
"1656","TACCCACGTGCGGTAA-1_3_1"
"1657","TACCCACTCCGTTTCG-1_3_1"
"1658","TACCCGTCAAGTTGGG-1_3_1"
"1659","TACCCGTCAGTTCTAG-1_3_1"
"1660","TACCCGTCATGAGTAA-1_3_1"
"1661","TACCCGTTCCTGTTAT-1_3_1"
"1662","TACCCGTTCGAAGCAG-1_3_1"
"1663","TACCTCGAGCGGGTTA-1_3_1"
"1664","TACCTCGCAAGAATGT-1_3_1"
"1665","TACCTCGCACAGCATT-1_3_1"
"1666","TACCTCGGTGAGTGAC-1_3_1"
"1667","TACCTCGTCGACGTCG-1_3_1"
"1668","TACCTGCCATGCACTA-1_3_1"
"1669","TACCTGCGTCATAGTC-1_3_1"
"1670","TACCTGCGTCCAGGTC-1_3_1"
"1671","TACGCTCAGCGCGTTC-1_3_1"
"1672","TACGCTCCATGATAGA-1_3_1"
"1673","TACGGGCCAAATACAG-1_3_1"
"1674","TACGGGCGTACAAACA-1_3_1"
"1675","TACGGTAAGTATGACA-1_3_1"
"1676","TACGGTAGTCCCTCAT-1_3_1"
"1677","TACGGTAGTGGACCAA-1_3_1"
"1678","TACGGTATCATTCTTG-1_3_1"
"1679","TACGGTATCGCAGTCG-1_3_1"
"1680","TACGGTATCTGCCTGT-1_3_1"
"1681","TACGTCCCAAGAGCTG-1_3_1"
"1682","TACGTCCCAAGGGCAT-1_3_1"
"1683","TACTGCCAGGAGACCT-1_3_1"
"1684","TACTGCCTCAAACCCA-1_3_1"
"1685","TACTTACGTACCCACG-1_3_1"
"1686","TACTTACGTTAGTCGT-1_3_1"
"1687","TACTTCACAACGCCCA-1_3_1"
"1688","TACTTCACAGATGCGA-1_3_1"
"1689","TACTTCAGTAGACAAT-1_3_1"
"1690","TACTTGTAGCACGATG-1_3_1"
"1691","TACTTGTCAAGACGAC-1_3_1"
"1692","TAGACCACAGACCTAT-1_3_1"
"1693","TAGACCAGTGATCATC-1_3_1"
"1694","TAGACCAGTGCGTTTA-1_3_1"
"1695","TAGACCAGTTAGGCCC-1_3_1"
"1696","TAGACCATCTAGACCA-1_3_1"
"1697","TAGACTGCAAGCACCC-1_3_1"
"1698","TAGACTGCATCCTTCG-1_3_1"
"1699","TAGAGTCCACAGCCAC-1_3_1"
"1700","TAGAGTCTCAGTGTCA-1_3_1"
"1701","TAGATCGAGATGTAGT-1_3_1"
"1702","TAGATCGCATACAGAA-1_3_1"
"1703","TAGATCGGTCTTGCTC-1_3_1"
"1704","TAGCACAGTATGTGTC-1_3_1"
"1705","TAGCACATCCGATAAC-1_3_1"
"1706","TAGGGTTAGTAACCTC-1_3_1"
"1707","TAGGGTTCAGTCTCTC-1_3_1"
"1708","TAGGGTTTCGTTACCC-1_3_1"
"1709","TAGGTACAGGCGTCCT-1_3_1"
"1710","TAGGTACAGGTCGAGT-1_3_1"
"1711","TAGGTTGAGTTAGTAG-1_3_1"
"1712","TAGTGCAAGCTCTTCC-1_3_1"
"1713","TAGTGCAAGTGGTGGT-1_3_1"
"1714","TAGTGCATCTACTATC-1_3_1"
"1715","TAGTGCATCTAGCCAA-1_3_1"
"1716","TATACCTAGCACTTTG-1_3_1"
"1717","TATACCTCACAATGTC-1_3_1"
"1718","TATACCTCATCTATCT-1_3_1"
"1719","TATATCCGTCTCACAA-1_3_1"
"1720","TATATCCTCAGCTGTA-1_3_1"
"1721","TATCAGGTCTCCCATG-1_3_1"
"1722","TATCCTAAGATTGTGA-1_3_1"
"1723","TATCCTAAGTCCGCGT-1_3_1"
"1724","TATCCTAGTTATGTCG-1_3_1"
"1725","TATCCTAGTTTCGTTT-1_3_1"
"1726","TATCCTATCTTGCGCT-1_3_1"
"1727","TATCGCCAGTCGGCAA-1_3_1"
"1728","TATCGCCAGTGGAAGA-1_3_1"
"1729","TATCGCCTCCTCTCGA-1_3_1"
"1730","TATCTGTAGACCATGG-1_3_1"
"1731","TATCTGTAGTGCCGAA-1_3_1"
"1732","TATGTTCAGACTCTTG-1_3_1"
"1733","TATGTTCCACAAATCC-1_3_1"
"1734","TATGTTCCAGCAGTAG-1_3_1"
"1735","TATTCCACAGGTCAAG-1_3_1"
"1736","TATTCCATCCTAACAG-1_3_1"
"1737","TATTGGGCACGAAAGC-1_3_1"
"1738","TATTTCGGTGGTTTAC-1_3_1"
"1739","TCAAGACAGTGACACG-1_3_1"
"1740","TCAAGCAAGGGAGGCA-1_3_1"
"1741","TCAAGCAAGGTCCAGA-1_3_1"
"1742","TCAAGCAAGTGAGCCA-1_3_1"
"1743","TCAAGCACACAAATCC-1_3_1"
"1744","TCAAGCACAGCCGTTG-1_3_1"
"1745","TCAAGCAGTGATACCT-1_3_1"
"1746","TCAAGCAGTGCTTATG-1_3_1"
"1747","TCAAGTGCACCCTAGG-1_3_1"
"1748","TCAAGTGCATAGTCAC-1_3_1"
"1749","TCAAGTGTCGTTAGAC-1_3_1"
"1750","TCAATCTGTTCTCGCT-1_3_1"
"1751","TCAATTCAGAGGCCAT-1_3_1"
"1752","TCAATTCTCATTTCCA-1_3_1"
"1753","TCAATTCTCGTTAGAC-1_3_1"
"1754","TCACAAGCAGCTTTGA-1_3_1"
"1755","TCACACCTCTGGCCTT-1_3_1"
"1756","TCACATTAGAACAAGG-1_3_1"
"1757","TCACATTAGTTTGCTG-1_3_1"
"1758","TCACATTGTGACACGA-1_3_1"
"1759","TCACGCTTCACCATCC-1_3_1"
"1760","TCACGCTTCAGCTGTA-1_3_1"
"1761","TCACGCTTCGACATTG-1_3_1"
"1762","TCACGGGCAGCACAGA-1_3_1"
"1763","TCACGGGGTAGGCTGA-1_3_1"
"1764","TCACGGGTCACATTGG-1_3_1"
"1765","TCACTATAGACAACTA-1_3_1"
"1766","TCACTATAGTTGCGCC-1_3_1"
"1767","TCACTATCACCGTCTT-1_3_1"
"1768","TCACTATCACTGCGAC-1_3_1"
"1769","TCACTCGCAACGCCCA-1_3_1"
"1770","TCACTCGCAGTCGAGA-1_3_1"
"1771","TCACTCGTCGTCAACA-1_3_1"
"1772","TCAGCAACAATATCCG-1_3_1"
"1773","TCAGCAACATATAGCC-1_3_1"
"1774","TCAGCAAGTCACTCGG-1_3_1"
"1775","TCAGCAAGTTCAAACC-1_3_1"
"1776","TCAGCAATCACGATAC-1_3_1"
"1777","TCAGCCTTCAAATGAG-1_3_1"
"1778","TCAGGGCAGCCGTAAG-1_3_1"
"1779","TCAGGGCCAAGAGGCT-1_3_1"
"1780","TCAGGGCGTATGGGAC-1_3_1"
"1781","TCAGGTACAAATGAGT-1_3_1"
"1782","TCAGGTACAATTCGTG-1_3_1"
"1783","TCAGGTAGTGATACAA-1_3_1"
"1784","TCAGGTATCATCACCC-1_3_1"
"1785","TCAGGTATCTCCGAGG-1_3_1"
"1786","TCAGTCCAGCACAAAT-1_3_1"
"1787","TCAGTCCAGGGTAATT-1_3_1"
"1788","TCAGTCCAGGTACTGG-1_3_1"
"1789","TCAGTCCCAATGCAAA-1_3_1"
"1790","TCAGTCCGTAGATGTA-1_3_1"
"1791","TCAGTCCGTTCGGACC-1_3_1"
"1792","TCAGTGATCATCGACA-1_3_1"
"1793","TCAGTTTAGGCCTTGC-1_3_1"
"1794","TCAGTTTAGGTAGATT-1_3_1"
"1795","TCAGTTTGTGGACCAA-1_3_1"
"1796","TCATACTAGACATGCG-1_3_1"
"1797","TCATACTCACGTAGAG-1_3_1"
"1798","TCATACTGTAACTGCT-1_3_1"
"1799","TCATACTGTCGTTATG-1_3_1"
"1800","TCATACTTCTCTAGGA-1_3_1"
"1801","TCATATCCAGGTGACA-1_3_1"
"1802","TCATATCTCCGTGGTG-1_3_1"
"1803","TCATATCTCGGCTCTT-1_3_1"
"1804","TCATATCTCTCGTCAC-1_3_1"
"1805","TCATCATAGACAAGCC-1_3_1"
"1806","TCATCATGTCACCGCA-1_3_1"
"1807","TCATCCGCAACGACAG-1_3_1"
"1808","TCATCCGGTTAGAGAT-1_3_1"
"1809","TCATCCGTCGAACACT-1_3_1"
"1810","TCATCCGTCGTTCATT-1_3_1"
"1811","TCATGAGAGGCCATAG-1_3_1"
"1812","TCATGAGCAACAGCCC-1_3_1"
"1813","TCATGCCTCGCACTCT-1_3_1"
"1814","TCATGCCTCTCCAATT-1_3_1"
"1815","TCATGGATCACGAACT-1_3_1"
"1816","TCATGGATCCATCACC-1_3_1"
"1817","TCATGTTCACGCCACA-1_3_1"
"1818","TCATGTTCAGCGAGTA-1_3_1"
"1819","TCATGTTGTACATTGC-1_3_1"
"1820","TCATGTTGTAGATCGG-1_3_1"
"1821","TCATGTTTCATCGGGC-1_3_1"
"1822","TCATTACCAACGTTAC-1_3_1"
"1823","TCATTACGTAGCGTAG-1_3_1"
"1824","TCATTACGTTGCCGCA-1_3_1"
"1825","TCATTACTCTCGGTCT-1_3_1"
"1826","TCATTCAGTCACCGCA-1_3_1"
"1827","TCATTCATCAGGTAAA-1_3_1"
"1828","TCATTGTAGCATGCAG-1_3_1"
"1829","TCATTGTTCTCCCATG-1_3_1"
"1830","TCATTTGTCAGGGTAG-1_3_1"
"1831","TCCACCAAGAATCTAG-1_3_1"
"1832","TCCACCATCTAATTCC-1_3_1"
"1833","TCCACGTCAATTGAGA-1_3_1"
"1834","TCCACGTCATATCGGT-1_3_1"
"1835","TCCAGAACATGTAACC-1_3_1"
"1836","TCCATCGAGCGATGGT-1_3_1"
"1837","TCCATGCCACTCCACT-1_3_1"
"1838","TCCATGCTCTCCAAGA-1_3_1"
"1839","TCCCACAAGCACTTTG-1_3_1"
"1840","TCCCACAAGTGATGGC-1_3_1"
"1841","TCCCACACAAGCACCC-1_3_1"
"1842","TCCCACACATCCGCGA-1_3_1"
"1843","TCCCACATCCGGACGT-1_3_1"
"1844","TCCCACATCGCGTGAC-1_3_1"
"1845","TCCCACATCGTGTGAT-1_3_1"
"1846","TCCCAGTAGACGCTCC-1_3_1"
"1847","TCCCAGTAGTCCTGCG-1_3_1"
"1848","TCCCATGCAGGTAGTG-1_3_1"
"1849","TCCCATGGTGCGTTTA-1_3_1"
"1850","TCCGAAAAGTCACACT-1_3_1"
"1851","TCCGAAAGTCCGAAAG-1_3_1"
"1852","TCCGAAATCTACAGGT-1_3_1"
"1853","TCCGATCAGGGAGTTC-1_3_1"
"1854","TCCGATCCAAGTATCC-1_3_1"
"1855","TCCGATCCATCCTCAC-1_3_1"
"1856","TCCGATCGTCTCTCAC-1_3_1"
"1857","TCCGGGAAGAGGTTAT-1_3_1"
"1858","TCCGGGAAGTACAGCG-1_3_1"
"1859","TCCGGGAGTATTAAGG-1_3_1"
"1860","TCCGGGAGTGGTCCCA-1_3_1"
"1861","TCCGTGTGTACAGTCT-1_3_1"
"1862","TCCTAATAGATAGCAT-1_3_1"
"1863","TCCTAATAGATGCTGG-1_3_1"
"1864","TCCTAATAGCTCTGTA-1_3_1"
"1865","TCCTAATGTACAGTTC-1_3_1"
"1866","TCCTAATTCATTGTTC-1_3_1"
"1867","TCCTAATTCTCTAAGG-1_3_1"
"1868","TCCTCGATCACGTAGT-1_3_1"
"1869","TCCTCTTGTCTGTAAC-1_3_1"
"1870","TCCTCTTGTGAGGAAA-1_3_1"
"1871","TCCTGCAAGAGATCGC-1_3_1"
"1872","TCCTGCACACGGATCC-1_3_1"
"1873","TCCTGCATCCATTGCC-1_3_1"
"1874","TCCTTCTCACTCTCGT-1_3_1"
"1875","TCCTTCTCACTGGCCA-1_3_1"
"1876","TCCTTCTCAGAACGCA-1_3_1"
"1877","TCCTTCTGTTCAGTAC-1_3_1"
"1878","TCCTTCTGTTTCGTGA-1_3_1"
"1879","TCCTTTCAGCGTTGTT-1_3_1"
"1880","TCCTTTCCATACTGAC-1_3_1"
"1881","TCCTTTCTCATTCATC-1_3_1"
"1882","TCGAACAGTTGCAAGG-1_3_1"
"1883","TCGAACATCGCTAATG-1_3_1"
"1884","TCGAACATCTGCCTCA-1_3_1"
"1885","TCGAAGTGTTGTACGT-1_3_1"
"1886","TCGAAGTTCCATCTAT-1_3_1"
"1887","TCGAAGTTCCTTGAAG-1_3_1"
"1888","TCGACCTCAAACGAGC-1_3_1"
"1889","TCGACGGCAATAGAGT-1_3_1"
"1890","TCGACGGGTGGATGAC-1_3_1"
"1891","TCGACGGTCCGATTAG-1_3_1"
"1892","TCGACGGTCGCCAGTG-1_3_1"
"1893","TCGACGGTCTGTCGCT-1_3_1"
"1894","TCGATTTGTCATCGGC-1_3_1"
"1895","TCGATTTTCGTGGAAG-1_3_1"
"1896","TCGCACTAGAGCCTGA-1_3_1"
"1897","TCGCACTAGTGCGACA-1_3_1"
"1898","TCGCAGGAGCTCTTCC-1_3_1"
"1899","TCGCAGGGTCATAACC-1_3_1"
"1900","TCGCAGGTCGTTGTAG-1_3_1"
"1901","TCGCTCAAGAGTCTTC-1_3_1"
"1902","TCGCTCAAGCGATCGA-1_3_1"
"1903","TCGCTCACATACAGCT-1_3_1"
"1904","TCGCTTGAGAGAGTTT-1_3_1"
"1905","TCGCTTGAGCAACTTC-1_3_1"
"1906","TCGCTTGTCATCTGTT-1_3_1"
"1907","TCGGATACATATCGGT-1_3_1"
"1908","TCGGGACCACTTGGGC-1_3_1"
"1909","TCGGGACTCAGTGGGA-1_3_1"
"1910","TCGGGCACATAAGATG-1_3_1"
"1911","TCGGGTGAGAATCCCT-1_3_1"
"1912","TCGGGTGAGCTGGCCT-1_3_1"
"1913","TCGGGTGAGTTGCCTA-1_3_1"
"1914","TCGGGTGCACCTGAAT-1_3_1"
"1915","TCGTAGATCGGAGTGA-1_3_1"
"1916","TCGTCCAGTGCAACGA-1_3_1"
"1917","TCGTCCATCACGGGAA-1_3_1"
"1918","TCGTGCTAGCCGTTAT-1_3_1"
"1919","TCGTGCTCAGACCTGC-1_3_1"
"1920","TCGTGGGTCCTCTCTT-1_3_1"
"1921","TCTACATAGAGCATTA-1_3_1"
"1922","TCTACATCACGCCACA-1_3_1"
"1923","TCTACATGTGTTCATG-1_3_1"
"1924","TCTACCGAGAGCCATG-1_3_1"
"1925","TCTATACAGAAGCTCG-1_3_1"
"1926","TCTATCACAATAGTCC-1_3_1"
"1927","TCTATCACAGCGTTGC-1_3_1"
"1928","TCTATCACAGTGTATC-1_3_1"
"1929","TCTATCAGTCGCAGTC-1_3_1"
"1930","TCTCACGGTCAGGAGT-1_3_1"
"1931","TCTCAGCAGAGGATGA-1_3_1"
"1932","TCTCAGCCATTCGATG-1_3_1"
"1933","TCTCCGAAGGCTCACC-1_3_1"
"1934","TCTCCGATCGGAAACG-1_3_1"
"1935","TCTGCCAAGGGCGAAG-1_3_1"
"1936","TCTGCCAGTTGAGTCT-1_3_1"
"1937","TCTGGCTTCATTTCCA-1_3_1"
"1938","TCTGTCGAGTGACACG-1_3_1"
"1939","TCTGTCGCATTAAAGG-1_3_1"
"1940","TCTGTCGGTAGAATGT-1_3_1"
"1941","TCTGTCGTCCCGAATA-1_3_1"
"1942","TCTTAGTCAGGACTTT-1_3_1"
"1943","TCTTCCTAGCACACAG-1_3_1"
"1944","TCTTTGACAATCTCTT-1_3_1"
"1945","TCTTTGAGTAGGTACG-1_3_1"
"1946","TCTTTGATCTAGCATG-1_3_1"
"1947","TGAACGTCAATGAGCG-1_3_1"
"1948","TGAACGTCATACTGTG-1_3_1"
"1949","TGAACGTGTAGAAACT-1_3_1"
"1950","TGAACGTGTGACAGCA-1_3_1"
"1951","TGAACGTGTTTACGTG-1_3_1"
"1952","TGAATCGCAGCCGTCA-1_3_1"
"1953","TGAATCGGTCAGACGA-1_3_1"
"1954","TGAATGCGTAGGAGTC-1_3_1"
"1955","TGACAGTGTCTCACGG-1_3_1"
"1956","TGACAGTGTGAATTAG-1_3_1"
"1957","TGACAGTTCCATAGGT-1_3_1"
"1958","TGACCCTAGACATCAA-1_3_1"
"1959","TGACCCTTCAAGCCAT-1_3_1"
"1960","TGACGCGAGAGTTGCG-1_3_1"
"1961","TGACTCCGTGTCGCTG-1_3_1"
"1962","TGAGCATCATCTATCT-1_3_1"
"1963","TGAGCGCGTTGTTGAC-1_3_1"
"1964","TGAGGAGAGCCAAGCA-1_3_1"
"1965","TGAGGAGAGGCCTAAG-1_3_1"
"1966","TGAGGAGCATGGGATG-1_3_1"
"1967","TGAGGAGGTAACGATA-1_3_1"
"1968","TGAGGGAAGCCAAGTG-1_3_1"
"1969","TGAGGGAAGCTGTGCC-1_3_1"
"1970","TGAGGGAAGGTCGTGA-1_3_1"
"1971","TGAGGTTAGAGGGTCT-1_3_1"
"1972","TGAGGTTAGGTCGTGA-1_3_1"
"1973","TGAGTCAAGGACAAGA-1_3_1"
"1974","TGAGTCAAGGTTGCCC-1_3_1"
"1975","TGAGTCAAGTAAACTG-1_3_1"
"1976","TGAGTCAAGTAGAATC-1_3_1"
"1977","TGATCAGAGACCTCAT-1_3_1"
"1978","TGATCAGGTTCTGACA-1_3_1"
"1979","TGATCTTCAGTATTCG-1_3_1"
"1980","TGATCTTGTACTTGTG-1_3_1"
"1981","TGATGCAAGAGGATCC-1_3_1"
"1982","TGATGCACAAGTTTGC-1_3_1"
"1983","TGATGCATCTCACTCG-1_3_1"
"1984","TGATGGTCATGGAACG-1_3_1"
"1985","TGATGGTGTGTCCTAA-1_3_1"
"1986","TGATTCTCAAAGGGCT-1_3_1"
"1987","TGATTCTCACTAGGCC-1_3_1"
"1988","TGATTCTCAGTAGTGG-1_3_1"
"1989","TGATTCTGTGTAAACA-1_3_1"
"1990","TGATTTCAGGATATGT-1_3_1"
"1991","TGCACGGAGCTTAAGA-1_3_1"
"1992","TGCACGGGTACACTCA-1_3_1"
"1993","TGCAGATAGTTCGCAT-1_3_1"
"1994","TGCAGATCAGTCAGCC-1_3_1"
"1995","TGCAGATGTCATCGCG-1_3_1"
"1996","TGCAGATGTCCTGTCT-1_3_1"
"1997","TGCAGATTCGACGCTG-1_3_1"
"1998","TGCAGATTCTTCGTGC-1_3_1"
"1999","TGCAGATTCTTTGCGC-1_3_1"
"2000","TGCAGGCCATAGGTAA-1_3_1"
"2001","TGCAGTAAGGACCCAA-1_3_1"
"2002","TGCATCCCAGATCATC-1_3_1"
"2003","TGCATCCCATCCAACA-1_3_1"
"2004","TGCATGAAGACCGTTT-1_3_1"
"2005","TGCATGACATGTCAGT-1_3_1"
"2006","TGCATGACATTCATCT-1_3_1"
"2007","TGCATGAGTTGGGAAC-1_3_1"
"2008","TGCATGATCGTTGTTT-1_3_1"
"2009","TGCGATAAGTCTAACC-1_3_1"
"2010","TGCGATATCACACCCT-1_3_1"
"2011","TGCGATATCAGGTGTT-1_3_1"
"2012","TGCGATATCCATCAGA-1_3_1"
"2013","TGCGGCAAGATAGGGA-1_3_1"
"2014","TGCGGCAGTCATGGCC-1_3_1"
"2015","TGCGGCAGTGTCTCCT-1_3_1"
"2016","TGCGGGTTCCACGTGG-1_3_1"
"2017","TGCTCCACATGCTGCG-1_3_1"
"2018","TGCTCCAGTCAAATCC-1_3_1"
"2019","TGCTCGTCAGACGATG-1_3_1"
"2020","TGCTCGTGTGAATAAC-1_3_1"
"2021","TGCTGAACAGATCCTA-1_3_1"
"2022","TGCTTCGTCCAGCACG-1_3_1"
"2023","TGCTTGCTCACTCCGT-1_3_1"
"2024","TGGAACTAGATACATG-1_3_1"
"2025","TGGAACTAGCCGGAAT-1_3_1"
"2026","TGGAACTTCCGTAGTA-1_3_1"
"2027","TGGAGAGCAAAGAGTT-1_3_1"
"2028","TGGAGAGTCCTCGATC-1_3_1"
"2029","TGGAGGATCCATTCGC-1_3_1"
"2030","TGGATGTAGCTGAAAT-1_3_1"
"2031","TGGATGTGTGATCGTT-1_3_1"
"2032","TGGCGTGAGCCGTTGC-1_3_1"
"2033","TGGCGTGAGCTCCCTT-1_3_1"
"2034","TGGCGTGGTGGTCTGC-1_3_1"
"2035","TGGGAAGAGGTTGGTG-1_3_1"
"2036","TGGGAAGCATCATGAC-1_3_1"
"2037","TGGGAAGGTCCAATCA-1_3_1"
"2038","TGGGAAGGTTCAACGT-1_3_1"
"2039","TGGGAGACAGAGACTG-1_3_1"
"2040","TGGGATTCATGAAGCG-1_3_1"
"2041","TGGGATTTCTGGTGGC-1_3_1"
"2042","TGGGCGTCAGTCGGAA-1_3_1"
"2043","TGGGCGTGTCCTCCAT-1_3_1"
"2044","TGGGCGTTCTCATTTG-1_3_1"
"2045","TGGGCTGGTTCAGGTT-1_3_1"
"2046","TGGGCTGTCACTTCTA-1_3_1"
"2047","TGGGTTAAGTTGAAGT-1_3_1"
"2048","TGGTACAAGCAAACAT-1_3_1"
"2049","TGGTACACAGGCGATA-1_3_1"
"2050","TGGTACATCATGCCAA-1_3_1"
"2051","TGGTAGTAGACGCCCT-1_3_1"
"2052","TGGTAGTAGCGTCAAG-1_3_1"
"2053","TGGTAGTCATAGATCC-1_3_1"
"2054","TGGTAGTTCCATCTCG-1_3_1"
"2055","TGGTGATAGAGAGAAC-1_3_1"
"2056","TGGTGATAGCAGGCTA-1_3_1"
"2057","TGGTGATGTAAGTTGA-1_3_1"
"2058","TGGTGATTCTTCGACC-1_3_1"
"2059","TGGTTAGAGGTCACTT-1_3_1"
"2060","TGGTTAGCACGGCTAC-1_3_1"
"2061","TGGTTAGGTTCTTGCC-1_3_1"
"2062","TGTAACGAGTCGAAGC-1_3_1"
"2063","TGTAACGCATTGAGGG-1_3_1"
"2064","TGTAACGTCTAAGAAG-1_3_1"
"2065","TGTAAGCGTCAGCTTA-1_3_1"
"2066","TGTACAGAGGAGTATT-1_3_1"
"2067","TGTACAGCAAGCGGAT-1_3_1"
"2068","TGTACAGCATGACGAG-1_3_1"
"2069","TGTACAGTCGACGCTG-1_3_1"
"2070","TGTAGACCACCCTAGG-1_3_1"
"2071","TGTAGACGTCCTGGGT-1_3_1"
"2072","TGTAGACTCTTCGGTC-1_3_1"
"2073","TGTCAGAAGTCAACAA-1_3_1"
"2074","TGTCAGACATCAGCAT-1_3_1"
"2075","TGTCAGACATCTAACG-1_3_1"
"2076","TGTCAGATCTCTGCCA-1_3_1"
"2077","TGTCCACCAAGCTGTT-1_3_1"
"2078","TGTCCACTCCCATTCG-1_3_1"
"2079","TGTCCACTCGCCACTT-1_3_1"
"2080","TGTCCCAGTCAAAGAT-1_3_1"
"2081","TGTCCCAGTGGACAGT-1_3_1"
"2082","TGTCCTGCACGCTGAC-1_3_1"
"2083","TGTCCTGCACTCCGGA-1_3_1"
"2084","TGTCCTGGTTCCCACT-1_3_1"
"2085","TGTGAGTCAAAGGCTG-1_3_1"
"2086","TGTGAGTCAACTGGTT-1_3_1"
"2087","TGTGAGTCAGCTTCCT-1_3_1"
"2088","TGTGATGCAGTGGTGA-1_3_1"
"2089","TGTGATGTCGTAACAC-1_3_1"
"2090","TGTGCGGAGGCAATGC-1_3_1"
"2091","TGTGCGGAGGCAGTCA-1_3_1"
"2092","TGTGGCGGTACAGAGC-1_3_1"
"2093","TGTGTGAAGTATAGGT-1_3_1"
"2094","TGTGTGATCTAGTACG-1_3_1"
"2095","TGTTACTCAAGACCGA-1_3_1"
"2096","TGTTACTTCGCCTATC-1_3_1"
"2097","TGTTCATGTGATGGCA-1_3_1"
"2098","TGTTCATTCGCTCCTA-1_3_1"
"2099","TGTTCCGAGGGCATGT-1_3_1"
"2100","TGTTCCGGTTAGTTCG-1_3_1"
"2101","TGTTCCGTCAAGTAAG-1_3_1"
"2102","TGTTCTACAATACGAA-1_3_1"
"2103","TGTTCTACACACCTAA-1_3_1"
"2104","TGTTCTACAGCAAGAC-1_3_1"
"2105","TGTTCTATCCATGCAA-1_3_1"
"2106","TGTTGAGCACGCACCA-1_3_1"
"2107","TGTTTGTAGAATACAC-1_3_1"
"2108","TGTTTGTAGGCACCAA-1_3_1"
"2109","TGTTTGTCAAGGTCTT-1_3_1"
"2110","TGTTTGTGTCTGCCTT-1_3_1"
"2111","TTAATCCCAGTTGTTG-1_3_1"
"2112","TTAATCCCATAGACTC-1_3_1"
"2113","TTAATCCTCGCGCCAA-1_3_1"
"2114","TTACAGGAGCTAATCC-1_3_1"
"2115","TTACAGGGTACGCGTC-1_3_1"
"2116","TTACAGGTCAGCGGAA-1_3_1"
"2117","TTACCATAGATAGTCA-1_3_1"
"2118","TTACCGCCAACGCCCA-1_3_1"
"2119","TTACCGCTCCGTCACT-1_3_1"
"2120","TTACCGCTCTACTGCC-1_3_1"
"2121","TTACGCCAGGGAGATA-1_3_1"
"2122","TTACGCCGTACGACTT-1_3_1"
"2123","TTACGTTCAGCAGTTT-1_3_1"
"2124","TTACTGTCATGCACTA-1_3_1"
"2125","TTAGGCAAGGTCCTGC-1_3_1"
"2126","TTAGGCAAGTACTCGT-1_3_1"
"2127","TTAGGCATCGAGTTGT-1_3_1"
"2128","TTAGTCTGTCATACCA-1_3_1"
"2129","TTAGTCTTCGGTCGGT-1_3_1"
"2130","TTATTGCTCCATGAGT-1_3_1"
"2131","TTCAATCGTCTTACTT-1_3_1"
"2132","TTCACCGCAAATAAGC-1_3_1"
"2133","TTCACCGCACCATAAC-1_3_1"
"2134","TTCACCGCAGTCGGAA-1_3_1"
"2135","TTCACCGCATAGATGA-1_3_1"
"2136","TTCACCGGTGTTATCG-1_3_1"
"2137","TTCACCGTCCGACATA-1_3_1"
"2138","TTCACGCAGACTACCT-1_3_1"
"2139","TTCAGGAAGGCCTAGA-1_3_1"
"2140","TTCAGGAGTTGCATGT-1_3_1"
"2141","TTCAGGATCGCTGATA-1_3_1"
"2142","TTCATGTAGGGATCGT-1_3_1"
"2143","TTCATGTCAGGAACCA-1_3_1"
"2144","TTCATGTGTTTGACAC-1_3_1"
"2145","TTCATTGCATACCACA-1_3_1"
"2146","TTCATTGGTTGCTAGT-1_3_1"
"2147","TTCCAATCAGGGTCTC-1_3_1"
"2148","TTCCAATTCATGAGTC-1_3_1"
"2149","TTCCGGTTCACTGAAC-1_3_1"
"2150","TTCCGGTTCATCCCGT-1_3_1"
"2151","TTCCGTGCAAAGAGTT-1_3_1"
"2152","TTCCGTGCACTAGGTT-1_3_1"
"2153","TTCCGTGCATCAGTCA-1_3_1"
"2154","TTCCTAAAGTTTAGGA-1_3_1"
"2155","TTCCTAAGTGTCCAAT-1_3_1"
"2156","TTCCTAAGTTTCGATG-1_3_1"
"2157","TTCCTAATCAGACAAA-1_3_1"
"2158","TTCCTCTAGACTCCGC-1_3_1"
"2159","TTCCTCTAGGATACGC-1_3_1"
"2160","TTCCTCTTCATCGCCT-1_3_1"
"2161","TTCCTTCAGCTACGTT-1_3_1"
"2162","TTCCTTCCATGAGGGT-1_3_1"
"2163","TTCGATTAGTACAACA-1_3_1"
"2164","TTCGATTTCACCTTAT-1_3_1"
"2165","TTCGATTTCCATCTAT-1_3_1"
"2166","TTCGCTGGTCACTTCC-1_3_1"
"2167","TTCGCTGTCCATTGTT-1_3_1"
"2168","TTCGGTCAGAGAGAAC-1_3_1"
"2169","TTCGGTCAGCGTGAAC-1_3_1"
"2170","TTCGGTCGTTACCTGA-1_3_1"
"2171","TTCTAACGTGGCAACA-1_3_1"
"2172","TTCTAGTAGGATGGCT-1_3_1"
"2173","TTCTCTCCACCCTAGG-1_3_1"
"2174","TTCTCTCCATGGCTAT-1_3_1"
"2175","TTCTGTACACAGCATT-1_3_1"
"2176","TTCTGTAGTACTTGTG-1_3_1"
"2177","TTCTTCCCACGGTGAA-1_3_1"
"2178","TTCTTCCTCAGGTAAA-1_3_1"
"2179","TTCTTCCTCCATGCAA-1_3_1"
"2180","TTCTTGAAGTACCATC-1_3_1"
"2181","TTCTTGACATGTGCTA-1_3_1"
"2182","TTCTTGAGTTCAGGTT-1_3_1"
"2183","TTCTTGATCGGAAACG-1_3_1"
"2184","TTGAACGAGACTCCGC-1_3_1"
"2185","TTGAACGAGCGAGTCA-1_3_1"
"2186","TTGAACGGTCGTTGGC-1_3_1"
"2187","TTGACCCGTGGATCGA-1_3_1"
"2188","TTGACCCTCACCTCAC-1_3_1"
"2189","TTGAGTGCAACCGACC-1_3_1"
"2190","TTGAGTGCATACAGAA-1_3_1"
"2191","TTGAGTGGTTATAGAG-1_3_1"
"2192","TTGATGGCAGAAGTTA-1_3_1"
"2193","TTGATGGGTGACACAG-1_3_1"
"2194","TTGATGGTCATGAGAA-1_3_1"
"2195","TTGATGGTCATTGCTT-1_3_1"
"2196","TTGCATTAGCCTCTGG-1_3_1"
"2197","TTGCATTCAACCCGCA-1_3_1"
"2198","TTGCATTCAGCCTTCT-1_3_1"
"2199","TTGCATTGTCAACCTA-1_3_1"
"2200","TTGCCTGCACCCTCTA-1_3_1"
"2201","TTGCCTGGTAAGCGGT-1_3_1"
"2202","TTGCCTGGTGCCGAAA-1_3_1"
"2203","TTGCCTGTCGTAGAGG-1_3_1"
"2204","TTGCGTCAGGCCGCTT-1_3_1"
"2205","TTGCGTCAGGTCACAG-1_3_1"
"2206","TTGCGTCTCCACGGAC-1_3_1"
"2207","TTGCTGCGTCTGATAC-1_3_1"
"2208","TTGCTGCGTGACTGAG-1_3_1"
"2209","TTGGATGAGTAAGCAT-1_3_1"
"2210","TTGGATGAGTTGTACC-1_3_1"
"2211","TTGGATGGTGTCTCCT-1_3_1"
"2212","TTGGGATCAACGCATT-1_3_1"
"2213","TTGGGATGTTGGACTT-1_3_1"
"2214","TTGGGCGCATTGACCA-1_3_1"
"2215","TTGGGCGGTACTCAAC-1_3_1"
"2216","TTGGGCGTCGACATAC-1_3_1"
"2217","TTGGGCGTCTGTGTGA-1_3_1"
"2218","TTGGGTAGTTGCCATA-1_3_1"
"2219","TTGGTTTCACAGCTTA-1_3_1"
"2220","TTGTGGAAGCTCTATG-1_3_1"
"2221","TTGTGTTAGCCTCGTG-1_3_1"
"2222","TTGTGTTCACTTCCTG-1_3_1"
"2223","TTGTGTTCATTCGGGC-1_3_1"
"2224","TTGTGTTTCTTGTGCC-1_3_1"
"2225","TTGTTCAGTGTGTTTG-1_3_1"
"2226","TTGTTCATCCCAAGTA-1_3_1"
"2227","TTGTTGTCACTGGCGT-1_3_1"
"2228","TTGTTGTGTAGCGTTT-1_3_1"
"2229","TTGTTTGAGACCTCAT-1_3_1"
"2230","TTGTTTGAGGCAGGGA-1_3_1"
"2231","TTGTTTGAGTGAGGTC-1_3_1"
"2232","TTTACCAAGCCGGATA-1_3_1"
"2233","TTTACCAAGGTCACTT-1_3_1"
"2234","TTTACCACAGACCATT-1_3_1"
"2235","TTTACCACAGCCTACG-1_3_1"
"2236","TTTACCAGTACATTGC-1_3_1"
"2237","TTTACCATCCATTGGA-1_3_1"
"2238","TTTACCATCTCTCCGA-1_3_1"
"2239","TTTACGTCACGTAGAG-1_3_1"
"2240","TTTACGTCACTTGGGC-1_3_1"
"2241","TTTACTGCATGGATCT-1_3_1"
"2242","TTTAGTCGTCTTCAAG-1_3_1"
"2243","TTTATGCCAAGGTCGA-1_3_1"
"2244","TTTATGCGTACATACC-1_3_1"
"2245","TTTATGCTCACGGACC-1_3_1"
"2246","TTTCACAAGGGTATAT-1_3_1"
"2247","TTTCACACACTGGACC-1_3_1"
"2248","TTTCACAGTGCGAGTA-1_3_1"
"2249","TTTCACATCCAGCAAT-1_3_1"
"2250","TTTCAGTAGGTAAACT-1_3_1"
"2251","TTTCAGTAGTGAATAC-1_3_1"
"2252","TTTCATGCATAGCACT-1_3_1"
"2253","TTTCATGCATCTGCGG-1_3_1"
"2254","TTTCATGGTGAGTAAT-1_3_1"
"2255","TTTCGATAGCACACAG-1_3_1"
"2256","TTTCGATCAGAACGCA-1_3_1"
"2257","TTTCGATTCGAGAATA-1_3_1"
"2258","TTTGACTAGACAACAT-1_3_1"
"2259","TTTGACTCACCGGTCA-1_3_1"
"2260","TTTGATCCAGAGTTCT-1_3_1"
"2261","TTTGATCGTCACCCTT-1_3_1"
"2262","TTTGGAGTCGACCATA-1_3_1"
"2263","TTTGGTTAGTATTAGG-1_3_1"
"2264","TTTGGTTGTTGAGAGC-1_3_1"
"2265","TTTGTTGAGAATCTAG-1_3_1"
"2266","TTTGTTGAGTCTAGCT-1_3_1"
"2267","TTTGTTGCAAGCGAAC-1_3_1"
"2268","TTTGTTGCACGGTGCT-1_3_1"
"2269","TTTGTTGTCCGACAGC-1_3_1"
