"","x"
"1","AAACCCACAACTTGGT-1_2_1"
"2","AAACCCACACAAGTGG-1_2_1"
"3","AAACCCACACCAGCCA-1_2_1"
"4","AAACCCACAGAAATTG-1_2_1"
"5","AAACCCACATGTTCGA-1_2_1"
"6","AAACCCAGTACGACTT-1_2_1"
"7","AAACCCAGTTCTCCCA-1_2_1"
"8","AAACCCATCATCGCCT-1_2_1"
"9","AAACGAAAGAGTCACG-1_2_1"
"10","AAACGAACAAGTTCCA-1_2_1"
"11","AAACGAATCACCGGGT-1_2_1"
"12","AAACGAATCTTTGGAG-1_2_1"
"13","AAACGCTGTCCATACA-1_2_1"
"14","AAACGCTTCGCAGTCG-1_2_1"
"15","AAAGAACAGTACAACA-1_2_1"
"16","AAAGAACAGTGCGCTC-1_2_1"
"17","AAAGAACGTGCATCTA-1_2_1"
"18","AAAGAACGTGGATACG-1_2_1"
"19","AAAGGGCAGGTGAGAA-1_2_1"
"20","AAAGGTAAGAGAGTTT-1_2_1"
"21","AAAGGTACATCATTTC-1_2_1"
"22","AAAGGTATCGATCCCT-1_2_1"
"23","AAAGGTATCTACGCAA-1_2_1"
"24","AAAGTCCGTGTGGTCC-1_2_1"
"25","AAAGTCCGTTGTGGCC-1_2_1"
"26","AAAGTGAAGCAACCAG-1_2_1"
"27","AAAGTGACAGTCTTCC-1_2_1"
"28","AAAGTGATCACCGGGT-1_2_1"
"29","AAAGTGATCCGCATAA-1_2_1"
"30","AAAGTGATCGGCTGTG-1_2_1"
"31","AAATGGAAGCTGGCTC-1_2_1"
"32","AAATGGAGTCCGAAGA-1_2_1"
"33","AACAAAGCATGCACTA-1_2_1"
"34","AACAAAGGTTAAAGTG-1_2_1"
"35","AACAAAGGTTTCACAG-1_2_1"
"36","AACAAAGTCCCAGTGG-1_2_1"
"37","AACAACCAGCGCTTCG-1_2_1"
"38","AACAACCCAACGATTC-1_2_1"
"39","AACAACCGTCGCGTTG-1_2_1"
"40","AACAACCTCTCATTGT-1_2_1"
"41","AACAAGAGTAACGGTG-1_2_1"
"42","AACAAGATCGTTCGCT-1_2_1"
"43","AACACACAGTAGCTCT-1_2_1"
"44","AACAGGGAGTCGGCAA-1_2_1"
"45","AACAGGGCAGGGCTTC-1_2_1"
"46","AACAGGGTCCAACCGG-1_2_1"
"47","AACCACATCTCCGCAT-1_2_1"
"48","AACCACATCTTCGATT-1_2_1"
"49","AACCATGTCACCATAG-1_2_1"
"50","AACCCAACAATTGCCA-1_2_1"
"51","AACCCAACACCGTGGT-1_2_1"
"52","AACCCAACATATGAAG-1_2_1"
"53","AACCTGAAGCTCTTCC-1_2_1"
"54","AACCTGAGTGATAGAT-1_2_1"
"55","AACCTTTAGAGCGACT-1_2_1"
"56","AACCTTTGTACGAGTG-1_2_1"
"57","AACCTTTGTTCCTAAG-1_2_1"
"58","AACGAAACACATTGTG-1_2_1"
"59","AACGAAAGTGCGAACA-1_2_1"
"60","AACGAAAGTGTTGATC-1_2_1"
"61","AACGAAATCCACACCT-1_2_1"
"62","AACGGGAAGCAGAAAG-1_2_1"
"63","AACGGGACAAGCGGAT-1_2_1"
"64","AACGGGACACATTCTT-1_2_1"
"65","AACGGGATCAATCTTC-1_2_1"
"66","AACTTCTTCCATAAGC-1_2_1"
"67","AAGAACAAGAGCCATG-1_2_1"
"68","AAGAACAAGGCAGGGA-1_2_1"
"69","AAGAACACACAGCCTG-1_2_1"
"70","AAGACAACACTGCATA-1_2_1"
"71","AAGACAAGTGAGATTA-1_2_1"
"72","AAGACAATCATAGACC-1_2_1"
"73","AAGACAATCGTGAGAG-1_2_1"
"74","AAGACTCGTAAGCGGT-1_2_1"
"75","AAGACTCGTGTCCACG-1_2_1"
"76","AAGACTCTCCTAGCCT-1_2_1"
"77","AAGACTCTCCTCACTG-1_2_1"
"78","AAGATAGAGATGCAGC-1_2_1"
"79","AAGATAGCAGCTACCG-1_2_1"
"80","AAGATAGTCCTTATCA-1_2_1"
"81","AAGCATCCATCAGTGT-1_2_1"
"82","AAGCATCGTGTTAGCT-1_2_1"
"83","AAGCATCGTTCAACGT-1_2_1"
"84","AAGCATCTCTCTAGGA-1_2_1"
"85","AAGCATCTCTTTGCAT-1_2_1"
"86","AAGCCATCATCCTAAG-1_2_1"
"87","AAGCCATTCTGAGAAA-1_2_1"
"88","AAGCGAGAGACTCAAA-1_2_1"
"89","AAGCGAGAGCAAGGAA-1_2_1"
"90","AAGCGAGAGTGCCCGT-1_2_1"
"91","AAGCGAGTCATTGGTG-1_2_1"
"92","AAGCGTTAGCACGATG-1_2_1"
"93","AAGCGTTAGCTAGTTC-1_2_1"
"94","AAGCGTTAGTAACCGG-1_2_1"
"95","AAGCGTTTCTCGCTCA-1_2_1"
"96","AAGGAATAGGTCGCCT-1_2_1"
"97","AAGGAATCACCTGATA-1_2_1"
"98","AAGGAATGTTGGCCGT-1_2_1"
"99","AAGGAATTCCTCAGGG-1_2_1"
"100","AAGGTAAAGTCATGCT-1_2_1"
"101","AAGGTAACACTCCTTG-1_2_1"
"102","AAGTACCAGCTCCGAC-1_2_1"
"103","AAGTCGTCAGGAATAT-1_2_1"
"104","AAGTGAAAGACGCTCC-1_2_1"
"105","AAGTGAAAGTTACTCG-1_2_1"
"106","AAGTGAATCAGTCCGG-1_2_1"
"107","AAGTTCGGTAAGATTG-1_2_1"
"108","AAGTTCGGTTGTGCCG-1_2_1"
"109","AATAGAGGTCCTGGGT-1_2_1"
"110","AATAGAGGTTGACGGA-1_2_1"
"111","AATAGAGTCCAATCCC-1_2_1"
"112","AATCACGCAAGAGGTC-1_2_1"
"113","AATCACGCATTGGATC-1_2_1"
"114","AATCACGTCTGTTGGA-1_2_1"
"115","AATCGACCATCTGCGG-1_2_1"
"116","AATCGTGAGCACCGTC-1_2_1"
"117","AATCGTGAGGCATGCA-1_2_1"
"118","AATGAAGGTAGCGAGT-1_2_1"
"119","AATGAAGGTCACCACG-1_2_1"
"120","AATGACCTCGTTCCTG-1_2_1"
"121","AATGCCAAGAAAGCGA-1_2_1"
"122","AATGCCACAACACAAA-1_2_1"
"123","AATGCCAGTTCTGACA-1_2_1"
"124","AATGGAACAACTGGTT-1_2_1"
"125","AATGGAACAGGGAATC-1_2_1"
"126","AATGGAACAGTATACC-1_2_1"
"127","AATGGAAGTAGTCACT-1_2_1"
"128","AATGGAAGTGTAAACA-1_2_1"
"129","AATGGCTAGAGTCTGG-1_2_1"
"130","AATGGCTGTCTCAGAT-1_2_1"
"131","AATGGCTGTGTGAGCA-1_2_1"
"132","AATTCCTAGTTCAACC-1_2_1"
"133","AATTCCTCATATCTGG-1_2_1"
"134","AATTCCTCATTGGGAG-1_2_1"
"135","AATTCCTGTTAAACAG-1_2_1"
"136","AATTTCCAGGCCACCT-1_2_1"
"137","AATTTCCCAGGCGAAT-1_2_1"
"138","AATTTCCGTGCTTCAA-1_2_1"
"139","AATTTCCGTTCAGCTA-1_2_1"
"140","AATTTCCTCCGTATGA-1_2_1"
"141","AATTTCCTCGCTCTCA-1_2_1"
"142","AATTTCCTCTTGTTAC-1_2_1"
"143","ACAAAGAAGCGTGCTC-1_2_1"
"144","ACAAAGAAGCTTCGTA-1_2_1"
"145","ACAAAGAAGGTCGTCC-1_2_1"
"146","ACAAAGACACCCAACG-1_2_1"
"147","ACAAAGAGTTGCCAAT-1_2_1"
"148","ACAAAGATCCACGGGT-1_2_1"
"149","ACAACCACAAGTACCT-1_2_1"
"150","ACAACCACAGCGATTT-1_2_1"
"151","ACAACCAGTCGTACAT-1_2_1"
"152","ACAACCATCATAAGGA-1_2_1"
"153","ACAAGCTAGGTTGGAC-1_2_1"
"154","ACAAGCTAGTGCTCGC-1_2_1"
"155","ACAAGCTCAGTTAGGG-1_2_1"
"156","ACACAGTAGCACACCC-1_2_1"
"157","ACACAGTGTGTTAAAG-1_2_1"
"158","ACACCAAAGTTTGAGA-1_2_1"
"159","ACACCAATCTGCAGCG-1_2_1"
"160","ACACGCGAGTATAGGT-1_2_1"
"161","ACACGCGCACGGGCTT-1_2_1"
"162","ACACTGACAATGGCCC-1_2_1"
"163","ACACTGAGTTGCTCAA-1_2_1"
"164","ACAGCCGAGTCATCCA-1_2_1"
"165","ACAGCCGCACGAGAAC-1_2_1"
"166","ACAGCCGTCCATTGTT-1_2_1"
"167","ACAGGGAGTAACTTCG-1_2_1"
"168","ACATCCCCAAGGCTTT-1_2_1"
"169","ACATCCCGTGTCGATT-1_2_1"
"170","ACATCCCGTTACGGAG-1_2_1"
"171","ACATCCCTCACTCCGT-1_2_1"
"172","ACATCGAAGTTCCGGC-1_2_1"
"173","ACATCGACACTGGCGT-1_2_1"
"174","ACATCGACAGCTAACT-1_2_1"
"175","ACATCGATCGCTTACC-1_2_1"
"176","ACATGCAAGCAAGTGC-1_2_1"
"177","ACATGCACAATGTGGG-1_2_1"
"178","ACATGCACAGGACAGT-1_2_1"
"179","ACATGCAGTAGAAACT-1_2_1"
"180","ACATGCATCCATTTCA-1_2_1"
"181","ACATTTCGTAACACCT-1_2_1"
"182","ACATTTCGTTCAGTAC-1_2_1"
"183","ACATTTCTCGGAATGG-1_2_1"
"184","ACCAAACAGGGTAATT-1_2_1"
"185","ACCAAACCAAGGATGC-1_2_1"
"186","ACCAAACGTAGAAACT-1_2_1"
"187","ACCAAACGTAGCCCTG-1_2_1"
"188","ACCAAACGTCGTTGGC-1_2_1"
"189","ACCAAACGTGCCGTAC-1_2_1"
"190","ACCAAACTCATCCCGT-1_2_1"
"191","ACCAACACAAGTCCCG-1_2_1"
"192","ACCAACACAGAAACCG-1_2_1"
"193","ACCAACATCATACAGC-1_2_1"
"194","ACCAACATCCAAAGGG-1_2_1"
"195","ACCACAAAGCCATTGT-1_2_1"
"196","ACCACAATCATTTGTC-1_2_1"
"197","ACCATTTAGTGAGCCA-1_2_1"
"198","ACCATTTCAAGCCTGC-1_2_1"
"199","ACCATTTTCACTCGAA-1_2_1"
"200","ACCCAAAAGCCGTAAG-1_2_1"
"201","ACCCAAAGTACAGAGC-1_2_1"
"202","ACCCAAAGTCTAGGTT-1_2_1"
"203","ACCCTCAAGAGGGTAA-1_2_1"
"204","ACCCTCACACGGTGAA-1_2_1"
"205","ACCCTCAGTACCTAGT-1_2_1"
"206","ACCCTCATCTAAGGAA-1_2_1"
"207","ACCCTCATCTGCTAGA-1_2_1"
"208","ACCCTTGAGGAGGCAG-1_2_1"
"209","ACCCTTGAGGTTACAA-1_2_1"
"210","ACCCTTGAGTATAGGT-1_2_1"
"211","ACCCTTGGTAACTGCT-1_2_1"
"212","ACCGTTCAGAGTATAC-1_2_1"
"213","ACCGTTCAGCATGTTC-1_2_1"
"214","ACCGTTCGTTGGATCT-1_2_1"
"215","ACCTACCAGGGTTGCA-1_2_1"
"216","ACCTACCCACAAACGG-1_2_1"
"217","ACCTACCGTACTAGCT-1_2_1"
"218","ACCTACCTCACAGAGG-1_2_1"
"219","ACCTGAAGTCAAGCGA-1_2_1"
"220","ACCTGAATCAGATGCT-1_2_1"
"221","ACCTGAATCGGAGTGA-1_2_1"
"222","ACCTGAATCGGCAGTC-1_2_1"
"223","ACCTGTCAGTTCCGTA-1_2_1"
"224","ACCTGTCCATCATTTC-1_2_1"
"225","ACCTGTCCATTGACAC-1_2_1"
"226","ACCTGTCTCCTGGGTG-1_2_1"
"227","ACCTGTCTCTAAACGC-1_2_1"
"228","ACCTGTCTCTAAGAAG-1_2_1"
"229","ACGATCAAGCTCGGCT-1_2_1"
"230","ACGATCAAGTAAGGGA-1_2_1"
"231","ACGATGTCAATGTCTG-1_2_1"
"232","ACGATGTCAGAGGTTG-1_2_1"
"233","ACGATGTTCCTGGGTG-1_2_1"
"234","ACGATGTTCTGGTTGA-1_2_1"
"235","ACGCACGGTAGGTAGC-1_2_1"
"236","ACGGAAGAGAGGCGGA-1_2_1"
"237","ACGGAAGGTATCAGGG-1_2_1"
"238","ACGGGTCCAGGCACTC-1_2_1"
"239","ACGGGTCGTGTTAAAG-1_2_1"
"240","ACGGGTCTCGTGGTAT-1_2_1"
"241","ACGGTCGAGAGCATCG-1_2_1"
"242","ACGGTCGTCTCGCTTG-1_2_1"
"243","ACGGTTAAGCAATAAC-1_2_1"
"244","ACGTAACCAAGAGTAT-1_2_1"
"245","ACGTAACCACAACGTT-1_2_1"
"246","ACGTAACCAGGCGTTC-1_2_1"
"247","ACGTAACCATCTCAAG-1_2_1"
"248","ACGTAACGTCCGTACG-1_2_1"
"249","ACGTAACTCCGACAGC-1_2_1"
"250","ACGTACAAGCTGACCC-1_2_1"
"251","ACGTACACACAAGCAG-1_2_1"
"252","ACGTACATCAGAGCGA-1_2_1"
"253","ACGTACATCTAGCAAC-1_2_1"
"254","ACGTAGTCAGAGAGGG-1_2_1"
"255","ACGTAGTCATAAGCAA-1_2_1"
"256","ACGTAGTTCAAACCCA-1_2_1"
"257","ACGTAGTTCACGATAC-1_2_1"
"258","ACGTCCTGTTAAGACA-1_2_1"
"259","ACGTCCTTCCTAGCGG-1_2_1"
"260","ACGTTCCAGCTCCATA-1_2_1"
"261","ACGTTCCTCGAGCACC-1_2_1"
"262","ACTACGAAGACCGCCT-1_2_1"
"263","ACTACGAGTTCTGAGT-1_2_1"
"264","ACTACGATCTAGCCAA-1_2_1"
"265","ACTATCTGTGGCAGAT-1_2_1"
"266","ACTATCTGTTAGGAGC-1_2_1"
"267","ACTATCTGTTGAGGAC-1_2_1"
"268","ACTATGGAGGCTCCCA-1_2_1"
"269","ACTATGGAGTGGTTGG-1_2_1"
"270","ACTATGGAGTTCGCAT-1_2_1"
"271","ACTATGGCAAGATCCT-1_2_1"
"272","ACTATGGCAGCATCTA-1_2_1"
"273","ACTATGGGTAGCGTAG-1_2_1"
"274","ACTATGGGTATCAAGA-1_2_1"
"275","ACTATTCAGAGCAAGA-1_2_1"
"276","ACTATTCAGATGGCAC-1_2_1"
"277","ACTATTCAGCTAGAAT-1_2_1"
"278","ACTATTCGTTATAGCC-1_2_1"
"279","ACTATTCTCGAACGGA-1_2_1"
"280","ACTCCCACACCCTGAG-1_2_1"
"281","ACTCCCACACCGTCGA-1_2_1"
"282","ACTCTCGGTTCAGGTT-1_2_1"
"283","ACTCTCGTCGACACCG-1_2_1"
"284","ACTGATGAGGTCACTT-1_2_1"
"285","ACTGATGCATCTCAAG-1_2_1"
"286","ACTGATGTCCAAATGC-1_2_1"
"287","ACTGATGTCGGCCCAA-1_2_1"
"288","ACTGATGTCGTGGTAT-1_2_1"
"289","ACTGCAAAGCTATCCA-1_2_1"
"290","ACTGCAACAGCGGTTC-1_2_1"
"291","ACTGCAACATCGTCCT-1_2_1"
"292","ACTGCAATCCACAAGT-1_2_1"
"293","ACTGTCCAGCAGATAT-1_2_1"
"294","ACTGTCCCAGCAGATG-1_2_1"
"295","ACTGTCCGTTGCGGCT-1_2_1"
"296","ACTGTGAAGTTTGCTG-1_2_1"
"297","ACTGTGAGTGTGCCTG-1_2_1"
"298","ACTGTGAGTTCGTTCC-1_2_1"
"299","ACTGTGAGTTGACTGT-1_2_1"
"300","ACTTAGGAGACGTCCC-1_2_1"
"301","ACTTAGGAGATTGACA-1_2_1"
"302","ACTTAGGAGGTGATAT-1_2_1"
"303","ACTTAGGGTGCGGTAA-1_2_1"
"304","ACTTAGGGTTGATCGT-1_2_1"
"305","ACTTAGGTCTTACTGT-1_2_1"
"306","ACTTATCCAAATACGA-1_2_1"
"307","ACTTCCGAGAGGGTCT-1_2_1"
"308","ACTTCCGAGTCAAGCG-1_2_1"
"309","ACTTCCGCAGGCGAAT-1_2_1"
"310","ACTTCCGCAGTCACGC-1_2_1"
"311","ACTTCCGCAGTGAGCA-1_2_1"
"312","ACTTCCGGTAGGCTCC-1_2_1"
"313","ACTTCCGGTGGTTTAC-1_2_1"
"314","ACTTCGCAGGGTGAAA-1_2_1"
"315","ACTTCGCCATAGGAGC-1_2_1"
"316","ACTTCGCTCCATGATG-1_2_1"
"317","ACTTTCACACTCAGAT-1_2_1"
"318","ACTTTCACACTGTGTA-1_2_1"
"319","ACTTTCATCCACATAG-1_2_1"
"320","ACTTTGTCATCGGAGA-1_2_1"
"321","ACTTTGTTCCTTGAAG-1_2_1"
"322","ACTTTGTTCTACCACC-1_2_1"
"323","AGAAATGGTATGTCTG-1_2_1"
"324","AGAAATGGTGCTCGTG-1_2_1"
"325","AGAAATGTCCCAAGCG-1_2_1"
"326","AGAACAAAGCTTCTAG-1_2_1"
"327","AGAACAACACCCGTAG-1_2_1"
"328","AGAACCTGTCAAACGG-1_2_1"
"329","AGAACCTGTCATAGTC-1_2_1"
"330","AGAAGCGAGGCTCACC-1_2_1"
"331","AGAAGCGCAGGTAGTG-1_2_1"
"332","AGAAGCGTCAGCGCAC-1_2_1"
"333","AGAAGCGTCCACGTGG-1_2_1"
"334","AGAAGCGTCTAGCATG-1_2_1"
"335","AGAAGTAAGGAGTCTG-1_2_1"
"336","AGAAGTACAAGTTGGG-1_2_1"
"337","AGAAGTATCCATCGTC-1_2_1"
"338","AGACACTAGATCACTC-1_2_1"
"339","AGACACTAGCAAGTCG-1_2_1"
"340","AGACACTCAGACGATG-1_2_1"
"341","AGACACTTCTCCGTGT-1_2_1"
"342","AGACAGGCAAAGCTCT-1_2_1"
"343","AGACAGGCAGCACGAA-1_2_1"
"344","AGACAGGTCGGACCAC-1_2_1"
"345","AGACCATAGACATGCG-1_2_1"
"346","AGACCATTCTCGGCTT-1_2_1"
"347","AGACCATTCTTAATCC-1_2_1"
"348","AGACCCGAGGAAACGA-1_2_1"
"349","AGACTCAAGAACTTCC-1_2_1"
"350","AGACTCACAACTACGT-1_2_1"
"351","AGACTCACACAATTCG-1_2_1"
"352","AGACTCACAGCGACAA-1_2_1"
"353","AGACTCAGTTGTTGCA-1_2_1"
"354","AGAGAATAGCTGTCCG-1_2_1"
"355","AGAGAATTCTCGCTTG-1_2_1"
"356","AGAGAGCAGGAGGCAG-1_2_1"
"357","AGAGAGCAGGTTCTTG-1_2_1"
"358","AGAGAGCTCACCTGTC-1_2_1"
"359","AGAGCCCCAGGTGTGA-1_2_1"
"360","AGAGCCCTCAAACGAA-1_2_1"
"361","AGAGCCCTCACTGGGC-1_2_1"
"362","AGATAGAGTCACCTTC-1_2_1"
"363","AGATAGAGTTGGACCC-1_2_1"
"364","AGATCCAAGCCTTGAT-1_2_1"
"365","AGATCCAAGGTCGTAG-1_2_1"
"366","AGATCGTCATTCTGTT-1_2_1"
"367","AGATCGTGTTAGAAAC-1_2_1"
"368","AGATCGTTCAATCAGC-1_2_1"
"369","AGATGAAAGCCGGAAT-1_2_1"
"370","AGATGAAAGGCAGCTA-1_2_1"
"371","AGATGAAAGTCAATCC-1_2_1"
"372","AGATGAAAGTTTCGAC-1_2_1"
"373","AGATGAATCCGCCTAT-1_2_1"
"374","AGATGCTAGTGGGAAA-1_2_1"
"375","AGATGCTGTTTACCTT-1_2_1"
"376","AGCATCACAAGTTGGG-1_2_1"
"377","AGCATCACACTTCAGA-1_2_1"
"378","AGCATCAGTAGTGGCA-1_2_1"
"379","AGCATCATCCGGTTCT-1_2_1"
"380","AGCATCATCCTGATAG-1_2_1"
"381","AGCATCATCGTCGCTT-1_2_1"
"382","AGCCAATCATAACGGG-1_2_1"
"383","AGCCAATGTTGCCGAC-1_2_1"
"384","AGCCAATTCATCACAG-1_2_1"
"385","AGCCAGCAGCTAGAAT-1_2_1"
"386","AGCCAGCAGTGCACAG-1_2_1"
"387","AGCCAGCAGTTCAACC-1_2_1"
"388","AGCCAGCCACAAATAG-1_2_1"
"389","AGCCAGCCATCATTGG-1_2_1"
"390","AGCCAGCTCACTCGAA-1_2_1"
"391","AGCCAGCTCCAAAGGG-1_2_1"
"392","AGCCAGCTCTACCACC-1_2_1"
"393","AGCGATTGTTGGCTAT-1_2_1"
"394","AGCGATTTCATAGACC-1_2_1"
"395","AGCGCCAAGGCCCAAA-1_2_1"
"396","AGCGCTGAGAGGTCAC-1_2_1"
"397","AGCGCTGAGATGATTG-1_2_1"
"398","AGCGCTGAGCTTTGTG-1_2_1"
"399","AGCGCTGAGTCCTACA-1_2_1"
"400","AGCGCTGGTATACCTG-1_2_1"
"401","AGCGCTGTCGTCAGAT-1_2_1"
"402","AGCGTATCACCCATAA-1_2_1"
"403","AGCGTATCACCGAATT-1_2_1"
"404","AGCGTCGCAGTTAGAA-1_2_1"
"405","AGCGTCGCATTCAGGT-1_2_1"
"406","AGCTACACAATAGGGC-1_2_1"
"407","AGCTACAGTTAAGACA-1_2_1"
"408","AGCTCAAAGCCGGAAT-1_2_1"
"409","AGCTCAAGTGGCATCC-1_2_1"
"410","AGCTCAAGTTCGTGCG-1_2_1"
"411","AGCTTCCAGATTGTGA-1_2_1"
"412","AGCTTCCAGGATACGC-1_2_1"
"413","AGCTTCCCATGCAGGA-1_2_1"
"414","AGCTTCCGTGTCCCTT-1_2_1"
"415","AGCTTCCTCACCGGGT-1_2_1"
"416","AGCTTCCTCTACTGCC-1_2_1"
"417","AGGAAATGTACCTATG-1_2_1"
"418","AGGAAATTCAGGTGTT-1_2_1"
"419","AGGAATAAGAAACCAT-1_2_1"
"420","AGGAATAAGAACAGGA-1_2_1"
"421","AGGAATAAGACTTGTC-1_2_1"
"422","AGGAATACAGGAATCG-1_2_1"
"423","AGGACGAAGAGTGTTA-1_2_1"
"424","AGGACGAAGCACCGAA-1_2_1"
"425","AGGACGAGTAGCTGAG-1_2_1"
"426","AGGACTTAGCAAATGT-1_2_1"
"427","AGGACTTAGCTCCACG-1_2_1"
"428","AGGACTTAGTTCGGTT-1_2_1"
"429","AGGACTTCAAGCTGTT-1_2_1"
"430","AGGACTTCACGTCATA-1_2_1"
"431","AGGACTTGTTCTCGTC-1_2_1"
"432","AGGACTTTCTATCGGA-1_2_1"
"433","AGGAGGTAGTCATCCA-1_2_1"
"434","AGGAGGTCAGACACAG-1_2_1"
"435","AGGAGGTCATTGGATC-1_2_1"
"436","AGGATAACAATCGCAT-1_2_1"
"437","AGGATAAGTTGTCAGT-1_2_1"
"438","AGGATCTAGAAGCCAC-1_2_1"
"439","AGGATCTAGATTGATG-1_2_1"
"440","AGGATCTGTACTTGTG-1_2_1"
"441","AGGATCTTCGCACGAC-1_2_1"
"442","AGGCATTCAGGCACTC-1_2_1"
"443","AGGCATTCATAACGGG-1_2_1"
"444","AGGCATTGTATCAGGG-1_2_1"
"445","AGGCATTGTTTGGGTT-1_2_1"
"446","AGGCATTTCAGATGCT-1_2_1"
"447","AGGCCACAGACCATGG-1_2_1"
"448","AGGCCACAGATTCGAA-1_2_1"
"449","AGGCCACTCGGAGTGA-1_2_1"
"450","AGGGAGTTCGTAGAGG-1_2_1"
"451","AGGGCCTAGAATACAC-1_2_1"
"452","AGGGCCTGTACGATTC-1_2_1"
"453","AGGGCTCGTACAGTAA-1_2_1"
"454","AGGGTCCGTGGCTTAT-1_2_1"
"455","AGGGTGAAGGAGGCAG-1_2_1"
"456","AGGGTGACACGGCCAT-1_2_1"
"457","AGGGTGACAGCTACTA-1_2_1"
"458","AGGGTGATCCATTGGA-1_2_1"
"459","AGGGTGATCGGAATGG-1_2_1"
"460","AGGGTTTCAAGTTCCA-1_2_1"
"461","AGGGTTTCATTGCCTC-1_2_1"
"462","AGGGTTTGTGCCTTCT-1_2_1"
"463","AGGGTTTTCACCTCTG-1_2_1"
"464","AGGGTTTTCTCGAGTA-1_2_1"
"465","AGGTAGGCAAGCCATT-1_2_1"
"466","AGGTAGGGTCGACTTA-1_2_1"
"467","AGGTCATAGGTCCCTG-1_2_1"
"468","AGGTCATTCTGGGCGT-1_2_1"
"469","AGGTCTACAGATCACT-1_2_1"
"470","AGGTCTATCATGAAAG-1_2_1"
"471","AGGTTACCAATACCTG-1_2_1"
"472","AGGTTACGTAAGGCCA-1_2_1"
"473","AGGTTACGTCAAGTTC-1_2_1"
"474","AGGTTACTCATAGACC-1_2_1"
"475","AGGTTACTCGGTGAAG-1_2_1"
"476","AGGTTACTCTGGACTA-1_2_1"
"477","AGGTTGTCAGTGGTGA-1_2_1"
"478","AGGTTGTGTGTCTAAC-1_2_1"
"479","AGGTTGTGTTACCCTC-1_2_1"
"480","AGTAACCAGACACACG-1_2_1"
"481","AGTACCAAGATAACGT-1_2_1"
"482","AGTACCACACAACGCC-1_2_1"
"483","AGTACCACACATTCTT-1_2_1"
"484","AGTACCACAGTTGGTT-1_2_1"
"485","AGTACTGAGAAGGATG-1_2_1"
"486","AGTACTGAGCACGATG-1_2_1"
"487","AGTACTGCAGCGTATT-1_2_1"
"488","AGTACTGGTTCAACGT-1_2_1"
"489","AGTAGCTAGGACAAGA-1_2_1"
"490","AGTAGCTCAAGGGCAT-1_2_1"
"491","AGTAGTCTCGAGAACG-1_2_1"
"492","AGTAGTCTCTGTCCGT-1_2_1"
"493","AGTCAACAGCAGCGAT-1_2_1"
"494","AGTCAACAGCTCAGAG-1_2_1"
"495","AGTCAACCAAGACGAC-1_2_1"
"496","AGTCAACGTCATAAAG-1_2_1"
"497","AGTCAACGTGGCTCTG-1_2_1"
"498","AGTCAACGTTCTTCAT-1_2_1"
"499","AGTCACAAGTACGTCT-1_2_1"
"500","AGTCACAAGTGCGCTC-1_2_1"
"501","AGTCACATCTTCTGTA-1_2_1"
"502","AGTCTCCCAAGGTCGA-1_2_1"
"503","AGTCTCCCATCGGCCA-1_2_1"
"504","AGTCTCCTCCTTCTGG-1_2_1"
"505","AGTGACTCAAAGGTTA-1_2_1"
"506","AGTGACTGTACTCGCG-1_2_1"
"507","AGTGACTGTATCTTCT-1_2_1"
"508","AGTGACTTCACGGGCT-1_2_1"
"509","AGTGACTTCCCGAGTG-1_2_1"
"510","AGTGACTTCTTGGTCC-1_2_1"
"511","AGTGATCCATTGCCTC-1_2_1"
"512","AGTGCCGAGTAGAGTT-1_2_1"
"513","AGTGCCGTCGGACGTC-1_2_1"
"514","AGTGCCGTCTGTGCAA-1_2_1"
"515","AGTGTTGAGCAGTAAT-1_2_1"
"516","AGTGTTGCATGAATAG-1_2_1"
"517","AGTGTTGGTACCCGCA-1_2_1"
"518","AGTGTTGTCATTACTC-1_2_1"
"519","AGTGTTGTCTGTCCGT-1_2_1"
"520","AGTTAGCAGAAGAACG-1_2_1"
"521","AGTTAGCAGACTAAGT-1_2_1"
"522","AGTTAGCAGCACCGAA-1_2_1"
"523","AGTTAGCGTCTGTGGC-1_2_1"
"524","AGTTCCCAGGTTATAG-1_2_1"
"525","AGTTCGACACGTACTA-1_2_1"
"526","AGTTCGACAGGTCAAG-1_2_1"
"527","ATACCGATCACCCTGT-1_2_1"
"528","ATACCGATCAGGGTAG-1_2_1"
"529","ATACCGATCTACCCAC-1_2_1"
"530","ATACCGATCTCGTCGT-1_2_1"
"531","ATACCTTCATTACGGT-1_2_1"
"532","ATACCTTTCACTACGA-1_2_1"
"533","ATACTTCAGATGGGCT-1_2_1"
"534","ATAGACCCACATATGC-1_2_1"
"535","ATAGAGAAGACCGTTT-1_2_1"
"536","ATAGAGAAGGAATCGC-1_2_1"
"537","ATAGAGACAATCGCAT-1_2_1"
"538","ATAGAGAGTTATTCCT-1_2_1"
"539","ATAGAGATCCTAAACG-1_2_1"
"540","ATAGGCTAGCCTATCA-1_2_1"
"541","ATAGGCTCAGCACACC-1_2_1"
"542","ATAGGCTCAGTGGTGA-1_2_1"
"543","ATAGGCTGTAAGGCCA-1_2_1"
"544","ATAGGCTGTCCCAAAT-1_2_1"
"545","ATAGGCTGTCCGATCG-1_2_1"
"546","ATAGGCTGTTATGTGC-1_2_1"
"547","ATATCCTCACAAAGCG-1_2_1"
"548","ATATCCTGTAAGTTGA-1_2_1"
"549","ATATCCTGTGGGCTTC-1_2_1"
"550","ATATCCTTCCACCCTA-1_2_1"
"551","ATCACAGAGTTGAAGT-1_2_1"
"552","ATCACAGTCACTTCTA-1_2_1"
"553","ATCACGAAGGACCCAA-1_2_1"
"554","ATCACGAAGGTAGACC-1_2_1"
"555","ATCACGACATGCCGGT-1_2_1"
"556","ATCACGAGTATGTCTG-1_2_1"
"557","ATCACGAGTCGCTTGG-1_2_1"
"558","ATCACGATCGACGCTG-1_2_1"
"559","ATCACGATCGAGTGAG-1_2_1"
"560","ATCACTTAGCCTTCTC-1_2_1"
"561","ATCACTTAGCGTCTGC-1_2_1"
"562","ATCACTTGTCCCTAAA-1_2_1"
"563","ATCAGGTTCCGTCCTA-1_2_1"
"564","ATCATTCAGAGCTTTC-1_2_1"
"565","ATCCACCAGCCTCTTC-1_2_1"
"566","ATCCACCGTACCGGAA-1_2_1"
"567","ATCCATTAGCCTCGTG-1_2_1"
"568","ATCCATTAGCTTCGTA-1_2_1"
"569","ATCCATTGTCGTGATT-1_2_1"
"570","ATCCCTGAGTTGGAAT-1_2_1"
"571","ATCCGTCTCACTACGA-1_2_1"
"572","ATCCTATAGCCGTCGT-1_2_1"
"573","ATCCTATTCACACCGG-1_2_1"
"574","ATCCTATTCCAGGACC-1_2_1"
"575","ATCGATGAGTAATCCC-1_2_1"
"576","ATCGATGCAATGTTGC-1_2_1"
"577","ATCGATGTCGGAACTT-1_2_1"
"578","ATCGCCTAGAGGACTC-1_2_1"
"579","ATCGCCTAGCAACAAT-1_2_1"
"580","ATCGCCTGTACCAGAG-1_2_1"
"581","ATCGCCTTCACTGGGC-1_2_1"
"582","ATCGGATAGTAGCAAT-1_2_1"
"583","ATCGGATCAGGTCCGT-1_2_1"
"584","ATCGGATGTCTCTCTG-1_2_1"
"585","ATCGGCGCACCTGAAT-1_2_1"
"586","ATCGGCGGTAACTAAG-1_2_1"
"587","ATCGGCGGTAGCTAAA-1_2_1"
"588","ATCGGCGTCACCACAA-1_2_1"
"589","ATCGGCGTCGAGAGAC-1_2_1"
"590","ATCGGCGTCGAGAGCA-1_2_1"
"591","ATCGGCGTCTACACAG-1_2_1"
"592","ATCGTAGAGTAAATGC-1_2_1"
"593","ATCGTAGTCACGGAGA-1_2_1"
"594","ATCGTAGTCATCTCTA-1_2_1"
"595","ATCGTCCAGATACATG-1_2_1"
"596","ATCGTCCAGCGACTGA-1_2_1"
"597","ATCGTCCAGGTGAGAA-1_2_1"
"598","ATCGTCCCAACGATTC-1_2_1"
"599","ATCGTCCTCCAAGCCG-1_2_1"
"600","ATCGTGACACTTCAAG-1_2_1"
"601","ATCGTGAGTGCATGTT-1_2_1"
"602","ATCGTGAGTTTCGTGA-1_2_1"
"603","ATCGTGATCATGGTAC-1_2_1"
"604","ATCTCTACAGGCAATG-1_2_1"
"605","ATCTCTAGTACCCACG-1_2_1"
"606","ATCTCTAGTGTTCCAA-1_2_1"
"607","ATCTCTATCAACGCTA-1_2_1"
"608","ATCTTCAAGGTTAGTA-1_2_1"
"609","ATCTTCACATTACGGT-1_2_1"
"610","ATCTTCATCGGAGCAA-1_2_1"
"611","ATGAAAGCATGCAGGA-1_2_1"
"612","ATGAAAGCATGTTTGG-1_2_1"
"613","ATGAAAGTCGATCCAA-1_2_1"
"614","ATGACCACAATGTCAC-1_2_1"
"615","ATGACCATCATTTGCT-1_2_1"
"616","ATGACCATCCGGTTCT-1_2_1"
"617","ATGAGGGTCAAGCCGC-1_2_1"
"618","ATGAGTCGTTCTAAGC-1_2_1"
"619","ATGAGTCTCAGCTCTC-1_2_1"
"620","ATGAGTCTCTCATTAC-1_2_1"
"621","ATGATCGAGCCGATCC-1_2_1"
"622","ATGATCGGTGCGGATA-1_2_1"
"623","ATGCATGAGTCGGCAA-1_2_1"
"624","ATGCATGAGTGTACCT-1_2_1"
"625","ATGCATGGTAGAATGT-1_2_1"
"626","ATGCATGGTTCGAAGG-1_2_1"
"627","ATGCATGTCCAGCAAT-1_2_1"
"628","ATGCCTCAGAATAACC-1_2_1"
"629","ATGCCTCCAATCGAAA-1_2_1"
"630","ATGCCTCCAATGACCT-1_2_1"
"631","ATGCGATAGGAGTCTG-1_2_1"
"632","ATGCGATGTTTAAGGA-1_2_1"
"633","ATGGAGGTCATCCCGT-1_2_1"
"634","ATGGATCAGCTTCATG-1_2_1"
"635","ATGGATCAGTCTGGTT-1_2_1"
"636","ATGGATCCATAGAAAC-1_2_1"
"637","ATGGATCTCGTCTAAG-1_2_1"
"638","ATGGGAGAGAGGTATT-1_2_1"
"639","ATGGGAGGTGGCGTAA-1_2_1"
"640","ATGGGAGTCACGTCCT-1_2_1"
"641","ATGGGTTCAGTAGTTC-1_2_1"
"642","ATGGTTGAGAAACACT-1_2_1"
"643","ATGGTTGAGGAGATAG-1_2_1"
"644","ATGGTTGCAACTAGAA-1_2_1"
"645","ATGGTTGGTCGCTCGA-1_2_1"
"646","ATGTCCCAGCTTGTTG-1_2_1"
"647","ATGTCCCAGGTGAGAA-1_2_1"
"648","ATGTCCCAGTCACTCA-1_2_1"
"649","ATGTCCCGTCTCAGAT-1_2_1"
"650","ATGTCTTTCTCATGCC-1_2_1"
"651","ATTACCTCAAATCGGG-1_2_1"
"652","ATTACCTCAGATCACT-1_2_1"
"653","ATTACCTGTCCGGACT-1_2_1"
"654","ATTACTCGTATGGAGC-1_2_1"
"655","ATTACTCGTGTCTTGA-1_2_1"
"656","ATTACTCTCCCACAGG-1_2_1"
"657","ATTATCCCAGGATCTT-1_2_1"
"658","ATTATCCTCATCGCTC-1_2_1"
"659","ATTATCCTCCATCTCG-1_2_1"
"660","ATTCACTAGGGAGGAC-1_2_1"
"661","ATTCACTCATGACCCG-1_2_1"
"662","ATTCACTTCGTGCACG-1_2_1"
"663","ATTCAGGAGTCGGCAA-1_2_1"
"664","ATTCAGGGTCCAGTTA-1_2_1"
"665","ATTCAGGGTGCAATGG-1_2_1"
"666","ATTCATCAGGGAACAA-1_2_1"
"667","ATTCATCCACCATTCC-1_2_1"
"668","ATTCATCCAGGCCTGT-1_2_1"
"669","ATTCCATAGTTTAGGA-1_2_1"
"670","ATTCCATGTCATCTAG-1_2_1"
"671","ATTCCATGTGCATTTG-1_2_1"
"672","ATTCCCGAGTAGGTTA-1_2_1"
"673","ATTCCCGCATTGCCGG-1_2_1"
"674","ATTCCCGGTCTGGTTA-1_2_1"
"675","ATTCCTACACGATTCA-1_2_1"
"676","ATTCCTACAGGCTACC-1_2_1"
"677","ATTCCTATCGTCGGGT-1_2_1"
"678","ATTCGTTCAGTTACCA-1_2_1"
"679","ATTCGTTGTCCGTACG-1_2_1"
"680","ATTCGTTGTGTGTACT-1_2_1"
"681","ATTCGTTGTGTTCATG-1_2_1"
"682","ATTCGTTTCAATGCAC-1_2_1"
"683","ATTCTACTCATCGCAA-1_2_1"
"684","ATTCTACTCCGTATGA-1_2_1"
"685","ATTCTTGAGAGTGTTA-1_2_1"
"686","ATTCTTGTCGCCAATA-1_2_1"
"687","ATTCTTGTCTAGCATG-1_2_1"
"688","ATTGGGTGTAACAGTA-1_2_1"
"689","ATTGGGTGTGACTAAA-1_2_1"
"690","ATTGGGTTCTAGACAC-1_2_1"
"691","ATTGGGTTCTGTCGTC-1_2_1"
"692","ATTGTTCCATCGCTAA-1_2_1"
"693","ATTGTTCGTGCCCACA-1_2_1"
"694","ATTTACCCAGTTGAAA-1_2_1"
"695","ATTTCACAGCAATAGT-1_2_1"
"696","ATTTCACAGCTTAGTC-1_2_1"
"697","ATTTCACCAGTGAGCA-1_2_1"
"698","ATTTCACGTAGGTCAG-1_2_1"
"699","ATTTCACGTCTGATCA-1_2_1"
"700","ATTTCTGAGAATACAC-1_2_1"
"701","ATTTCTGAGGTTGCCC-1_2_1"
"702","ATTTCTGCAAGACGAC-1_2_1"
"703","ATTTCTGTCCCTTGGT-1_2_1"
"704","CAAAGAAAGAAGGTAG-1_2_1"
"705","CAAAGAACAAATTGCC-1_2_1"
"706","CAAAGAACAACCCTAA-1_2_1"
"707","CAAAGAACAGTGTATC-1_2_1"
"708","CAACAACCACGGCACT-1_2_1"
"709","CAACAACTCTGTCCGT-1_2_1"
"710","CAACAACTCTTACGGA-1_2_1"
"711","CAACAGTAGTCAGCGA-1_2_1"
"712","CAACAGTCATTGACTG-1_2_1"
"713","CAACCAAAGCGACTTT-1_2_1"
"714","CAACCAACAAGGACAC-1_2_1"
"715","CAACCAAGTGCCTAAT-1_2_1"
"716","CAACCAATCCACAAGT-1_2_1"
"717","CAACCTCAGCTGAAAT-1_2_1"
"718","CAACCTCTCCATGATG-1_2_1"
"719","CAACGATCAAGGTCTT-1_2_1"
"720","CAACGATCATACTGTG-1_2_1"
"721","CAACGATGTACACGCC-1_2_1"
"722","CAACGGCAGAGCATAT-1_2_1"
"723","CAAGACTCATTCGATG-1_2_1"
"724","CAAGAGGTCCGTGCGA-1_2_1"
"725","CAAGAGGTCGCTGTTC-1_2_1"
"726","CAAGCTACACTTTAGG-1_2_1"
"727","CAAGGGACACGACAGA-1_2_1"
"728","CAAGGGACAGCATGCC-1_2_1"
"729","CAAGGGAGTGTCCCTT-1_2_1"
"730","CAATACGCACGTTGGC-1_2_1"
"731","CAATACGCATACCACA-1_2_1"
"732","CAATACGGTCAGGAGT-1_2_1"
"733","CAATACGTCCAGTTCC-1_2_1"
"734","CAATCGAAGGAAGAAC-1_2_1"
"735","CAATCGATCATCACAG-1_2_1"
"736","CAATCGATCCTGCCAT-1_2_1"
"737","CAATCGATCGGTAGGA-1_2_1"
"738","CAATGACCACAATCTG-1_2_1"
"739","CAATGACCATACACCA-1_2_1"
"740","CAATGACGTGCATACT-1_2_1"
"741","CAATGACTCTGAACGT-1_2_1"
"742","CAATTTCAGAAACTGT-1_2_1"
"743","CAATTTCAGTAAACTG-1_2_1"
"744","CAATTTCCAGACAAGC-1_2_1"
"745","CAATTTCCATGGAAGC-1_2_1"
"746","CAATTTCGTTGTTGTG-1_2_1"
"747","CAATTTCTCGTGGTAT-1_2_1"
"748","CACAACAAGAGCTGCA-1_2_1"
"749","CACAACAAGAGGCGGA-1_2_1"
"750","CACAACACATCGGTTA-1_2_1"
"751","CACAACAGTACGTACT-1_2_1"
"752","CACACAAAGATGTAGT-1_2_1"
"753","CACACAAAGTGATTCC-1_2_1"
"754","CACACAACAAAGGATT-1_2_1"
"755","CACACAATCCATAGAC-1_2_1"
"756","CACAGATAGAGTATAC-1_2_1"
"757","CACAGATCAATGGCAG-1_2_1"
"758","CACAGATGTGGCACTC-1_2_1"
"759","CACAGATGTTGAAGTA-1_2_1"
"760","CACAGGCAGCCTGTGC-1_2_1"
"761","CACAGGCAGGACTATA-1_2_1"
"762","CACAGGCAGGTCATTC-1_2_1"
"763","CACAGGCAGTTCATGC-1_2_1"
"764","CACAGGCGTTTCTTAC-1_2_1"
"765","CACATGAAGTGATGGC-1_2_1"
"766","CACATGACACCCTGAG-1_2_1"
"767","CACCAAAAGAGGGTCT-1_2_1"
"768","CACCAAATCACTGGTA-1_2_1"
"769","CACCGTTTCTCCACTG-1_2_1"
"770","CACGAATCAACGACAG-1_2_1"
"771","CACGAATTCAGACCGC-1_2_1"
"772","CACGAATTCCCTCGAT-1_2_1"
"773","CACGGGTAGAGTGAAG-1_2_1"
"774","CACGGGTGTTACGTAC-1_2_1"
"775","CACGGGTTCGGCTGGT-1_2_1"
"776","CACGTGGCAGAAACCG-1_2_1"
"777","CACGTGGGTATCTTCT-1_2_1"
"778","CACGTGGTCCATCGTC-1_2_1"
"779","CACGTGGTCCTTACCG-1_2_1"
"780","CACGTTCGTCTAGGCC-1_2_1"
"781","CACGTTCTCGGTAGAG-1_2_1"
"782","CACTAAGCACCTGCAG-1_2_1"
"783","CACTAAGCACTGCACG-1_2_1"
"784","CACTGAACACGACGCT-1_2_1"
"785","CACTGAAGTCTCCCTA-1_2_1"
"786","CACTGAAGTGTTATCG-1_2_1"
"787","CACTGAATCAGATGCT-1_2_1"
"788","CACTGAATCCAGTGTA-1_2_1"
"789","CACTGGGAGCAGAAAG-1_2_1"
"790","CACTGGGAGCTCGACC-1_2_1"
"791","CACTGTCGTAGGGAGG-1_2_1"
"792","CACTGTCTCCTCACCA-1_2_1"
"793","CACTGTCTCGTGAGAG-1_2_1"
"794","CACTGTCTCGTTGTGA-1_2_1"
"795","CACTTCGGTATGTGTC-1_2_1"
"796","CAGAGCCCAGCGTATT-1_2_1"
"797","CAGATACAGAATCGCG-1_2_1"
"798","CAGATACCAATAGTCC-1_2_1"
"799","CAGATACGTAATACCC-1_2_1"
"800","CAGATACGTCAGGAGT-1_2_1"
"801","CAGATACGTTCCTAGA-1_2_1"
"802","CAGATACTCATTTGGG-1_2_1"
"803","CAGATCAGTTCGTTCC-1_2_1"
"804","CAGATTGAGTGAACAT-1_2_1"
"805","CAGATTGCAACCACGC-1_2_1"
"806","CAGCAATAGTGGTGGT-1_2_1"
"807","CAGCAATCACCAACAT-1_2_1"
"808","CAGCACGGTAGCACAG-1_2_1"
"809","CAGCAGCAGATGTTAG-1_2_1"
"810","CAGCAGCAGCAATAAC-1_2_1"
"811","CAGCAGCAGCAGGGAG-1_2_1"
"812","CAGCAGCCAGTAGTGG-1_2_1"
"813","CAGCAGCTCTCTCGAC-1_2_1"
"814","CAGCCAGTCGCATTAG-1_2_1"
"815","CAGCGTGAGGGTTAAT-1_2_1"
"816","CAGGCCACAGTCAGCC-1_2_1"
"817","CAGGGCTAGCGGGTTA-1_2_1"
"818","CAGGGCTCAGCTCATA-1_2_1"
"819","CAGGGCTGTAATACCC-1_2_1"
"820","CAGGGCTGTCCCTCAT-1_2_1"
"821","CAGGGCTGTGTTGCCG-1_2_1"
"822","CAGGGCTTCGGTTGTA-1_2_1"
"823","CAGGTATAGTTTCTTC-1_2_1"
"824","CAGGTATCACAATGCT-1_2_1"
"825","CAGGTATGTCAGGAGT-1_2_1"
"826","CAGGTATGTGGCAACA-1_2_1"
"827","CAGGTATGTGGGAGAG-1_2_1"
"828","CAGGTATTCCAACTGA-1_2_1"
"829","CAGTGCGAGCTTTGTG-1_2_1"
"830","CAGTGCGTCGGACTGC-1_2_1"
"831","CAGTGCGTCTCCCAAC-1_2_1"
"832","CAGTGCGTCTTGATTC-1_2_1"
"833","CAGTTAGCATAATCGC-1_2_1"
"834","CAGTTCCCATATGGCT-1_2_1"
"835","CAGTTCCTCGAATGCT-1_2_1"
"836","CATAAGCTCCATACAG-1_2_1"
"837","CATACAGAGCTACTGT-1_2_1"
"838","CATACAGCACGGCACT-1_2_1"
"839","CATACAGCACTACGGC-1_2_1"
"840","CATACAGGTGTTCCTC-1_2_1"
"841","CATACAGTCCCATTTA-1_2_1"
"842","CATACCCCACATGGTT-1_2_1"
"843","CATACCCTCGAAGAAT-1_2_1"
"844","CATACCCTCGTGTTCC-1_2_1"
"845","CATACTTCAATTCTCT-1_2_1"
"846","CATACTTCATCTGCGG-1_2_1"
"847","CATACTTGTGTCCGGT-1_2_1"
"848","CATACTTTCCACGAAT-1_2_1"
"849","CATAGACCAGTTGTCA-1_2_1"
"850","CATAGACTCGTAGGGA-1_2_1"
"851","CATAGACTCTACTGAG-1_2_1"
"852","CATCAAGAGGTAAGGA-1_2_1"
"853","CATCAAGCAATGACCT-1_2_1"
"854","CATCAAGGTCATATGC-1_2_1"
"855","CATCAAGGTCCAAGAG-1_2_1"
"856","CATCAAGGTGGCCACT-1_2_1"
"857","CATCCACAGCTTCATG-1_2_1"
"858","CATCCACAGGGCAAGG-1_2_1"
"859","CATCCACAGTGATAGT-1_2_1"
"860","CATCCACGTCTAGGTT-1_2_1"
"861","CATCCACGTGACTGTT-1_2_1"
"862","CATCCACGTGCAGATG-1_2_1"
"863","CATCCACGTTCCGGTG-1_2_1"
"864","CATCCACGTTTAGACC-1_2_1"
"865","CATCCACTCCCTTTGG-1_2_1"
"866","CATCCACTCGGACTTA-1_2_1"
"867","CATCCCAAGATTAGCA-1_2_1"
"868","CATCCCACAATAACCC-1_2_1"
"869","CATCCCAGTCGCAGTC-1_2_1"
"870","CATCGCTAGTGGAATT-1_2_1"
"871","CATCGCTCAGACAATA-1_2_1"
"872","CATCGCTTCGCAGTGC-1_2_1"
"873","CATCGCTTCTCGCTTG-1_2_1"
"874","CATCGGGCAAAGCTCT-1_2_1"
"875","CATCGGGCACATTACG-1_2_1"
"876","CATCGGGCAGATCCTA-1_2_1"
"877","CATCGGGGTAATCAGA-1_2_1"
"878","CATCGGGTCGACGACC-1_2_1"
"879","CATCGGGTCTCTGGTC-1_2_1"
"880","CATCGTCCACGACGTC-1_2_1"
"881","CATCGTCGTTCTTGCC-1_2_1"
"882","CATGAGTAGAAGGATG-1_2_1"
"883","CATGAGTAGGTACAGC-1_2_1"
"884","CATGAGTCAACGTATC-1_2_1"
"885","CATGCAAAGGGAACAA-1_2_1"
"886","CATGCAACAAGAGTTA-1_2_1"
"887","CATGCAAGTTCGGTAT-1_2_1"
"888","CATGCAAGTTGGTACT-1_2_1"
"889","CATGCAATCAGCAGAG-1_2_1"
"890","CATGCAATCCACGTGG-1_2_1"
"891","CATGCAATCCGAGCTG-1_2_1"
"892","CATGCCTCAGGAATAT-1_2_1"
"893","CATGCCTGTACGCTAT-1_2_1"
"894","CATGCCTGTCCACTCT-1_2_1"
"895","CATGCGGAGAGGCGGA-1_2_1"
"896","CATGCTCAGCATCGAG-1_2_1"
"897","CATGCTCTCCTAGCGG-1_2_1"
"898","CATGCTCTCCTATGGA-1_2_1"
"899","CATGCTCTCGACCTAA-1_2_1"
"900","CATGCTCTCTGTTCAT-1_2_1"
"901","CATGGATAGAAGGCTC-1_2_1"
"902","CATGGATCAAGCGCTC-1_2_1"
"903","CATGGATTCCCGAGGT-1_2_1"
"904","CATGGTATCCTGTAAG-1_2_1"
"905","CATTCATAGCATCGAG-1_2_1"
"906","CATTCATAGGAAGTAG-1_2_1"
"907","CATTCATCATCAACCA-1_2_1"
"908","CATTCATTCCTATGGA-1_2_1"
"909","CATTCCGAGGGTACAC-1_2_1"
"910","CATTCCGTCAAATGAG-1_2_1"
"911","CATTCCGTCTTCGCTG-1_2_1"
"912","CATTCTATCCTGTTAT-1_2_1"
"913","CATTGAGCATGTAACC-1_2_1"
"914","CATTGAGGTCCGGACT-1_2_1"
"915","CATTGAGGTCCGTTTC-1_2_1"
"916","CATTGAGGTGTAGGAC-1_2_1"
"917","CATTGCCTCCATAGAC-1_2_1"
"918","CATTGTTAGGTGATCG-1_2_1"
"919","CATTGTTCAAGCCTGC-1_2_1"
"920","CATTGTTGTAGTATAG-1_2_1"
"921","CATTGTTGTGCATGAG-1_2_1"
"922","CATTGTTGTTCTTGTT-1_2_1"
"923","CATTTCACACTGCGAC-1_2_1"
"924","CATTTCAGTATGCGTT-1_2_1"
"925","CCAAGCGAGGCTAACG-1_2_1"
"926","CCAAGCGTCCTGGGTG-1_2_1"
"927","CCAAGCGTCTAATTCC-1_2_1"
"928","CCAATGAAGACTCAAA-1_2_1"
"929","CCAATGAGTTAAGAAC-1_2_1"
"930","CCAATGAGTTTCCAAG-1_2_1"
"931","CCAATGATCTCCTGCA-1_2_1"
"932","CCAATTTAGGACATCG-1_2_1"
"933","CCAATTTCACTCACTC-1_2_1"
"934","CCAATTTCATTGACAC-1_2_1"
"935","CCAATTTGTCGACGCT-1_2_1"
"936","CCACAAAAGGGATCGT-1_2_1"
"937","CCACAAACACATAACC-1_2_1"
"938","CCACAAAGTGTTATCG-1_2_1"
"939","CCACACTGTTGCTTGA-1_2_1"
"940","CCACACTTCGTTGCCT-1_2_1"
"941","CCACCATAGAAGCTCG-1_2_1"
"942","CCACCATAGGCTCAAG-1_2_1"
"943","CCACCATCACAAACGG-1_2_1"
"944","CCACCATGTCGCGTTG-1_2_1"
"945","CCACCATGTCTCCTGT-1_2_1"
"946","CCACCATGTTCCACAA-1_2_1"
"947","CCACCATTCATGCAGT-1_2_1"
"948","CCACGAGAGTCATGGG-1_2_1"
"949","CCACGAGCATCGCTCT-1_2_1"
"950","CCACGAGCATTGTACG-1_2_1"
"951","CCACGAGGTGGCAGAT-1_2_1"
"952","CCACGAGGTGTATTGC-1_2_1"
"953","CCACGAGGTTCGGACC-1_2_1"
"954","CCACGAGGTTTGTTGG-1_2_1"
"955","CCACGTTAGATGCTTC-1_2_1"
"956","CCACGTTAGCACCGTC-1_2_1"
"957","CCACGTTGTACAAGCG-1_2_1"
"958","CCACGTTGTTTGTGGT-1_2_1"
"959","CCACTTGCAGGCATGA-1_2_1"
"960","CCACTTGGTGGCTACC-1_2_1"
"961","CCACTTGGTTAAGACA-1_2_1"
"962","CCATAAGGTTACCCAA-1_2_1"
"963","CCATCACCAAGTGGTG-1_2_1"
"964","CCATCACGTTGAGGAC-1_2_1"
"965","CCATCACTCTGGTTGA-1_2_1"
"966","CCCAACTCAGCTACCG-1_2_1"
"967","CCCATTGAGATTAGCA-1_2_1"
"968","CCCATTGAGTCCCAGC-1_2_1"
"969","CCCGAAGGTTAAACAG-1_2_1"
"970","CCCGGAAAGGACAGCT-1_2_1"
"971","CCCGGAAGTTTCCAAG-1_2_1"
"972","CCCTAACAGCTAGATA-1_2_1"
"973","CCCTAACCACAGTGTT-1_2_1"
"974","CCCTAACTCTTAGCTT-1_2_1"
"975","CCCTCAAAGCCTTCTC-1_2_1"
"976","CCCTCTCAGGTAGTCG-1_2_1"
"977","CCCTGATGTCCATCTC-1_2_1"
"978","CCCTGATGTCGCGTTG-1_2_1"
"979","CCCTGATTCTCAAAGC-1_2_1"
"980","CCCTTAGAGATGAATC-1_2_1"
"981","CCCTTAGAGCTGCGAA-1_2_1"
"982","CCCTTAGCAAACCGGA-1_2_1"
"983","CCCTTAGCAAACTCGT-1_2_1"
"984","CCCTTAGGTCACAATC-1_2_1"
"985","CCGAACGAGGTTCCGC-1_2_1"
"986","CCGAACGAGTAGTGCG-1_2_1"
"987","CCGAACGTCAAACTGC-1_2_1"
"988","CCGAACGTCGCCAGTG-1_2_1"
"989","CCGATCTAGACGCCCT-1_2_1"
"990","CCGATGGGTGGCACTC-1_2_1"
"991","CCGCAAGAGATGTTCC-1_2_1"
"992","CCGCAAGAGGGTAGCT-1_2_1"
"993","CCGCAAGGTGGGCTCT-1_2_1"
"994","CCGCAAGTCGATCCCT-1_2_1"
"995","CCGGACAAGCGCCTTG-1_2_1"
"996","CCGGACACAAATTAGG-1_2_1"
"997","CCGGACAGTCAACCTA-1_2_1"
"998","CCGGACAGTTTGAACC-1_2_1"
"999","CCGGACATCGAGAATA-1_2_1"
"1000","CCGGGTAAGACCCGCT-1_2_1"
"1001","CCGGGTACAACCGTGC-1_2_1"
"1002","CCGGGTAGTGTATACC-1_2_1"
"1003","CCGGTAGAGGACCCAA-1_2_1"
"1004","CCGGTAGAGGGCAACT-1_2_1"
"1005","CCGGTAGCAGTAGTTC-1_2_1"
"1006","CCGGTAGTCCAAGCCG-1_2_1"
"1007","CCGGTGATCAACCTCC-1_2_1"
"1008","CCGGTGATCTGTAACG-1_2_1"
"1009","CCGTGAGAGAATCTAG-1_2_1"
"1010","CCGTGAGTCCGGCTTT-1_2_1"
"1011","CCGTTCAAGCAAGGAA-1_2_1"
"1012","CCGTTCACATCGTTCC-1_2_1"
"1013","CCGTTCATCAGGTAAA-1_2_1"
"1014","CCTAACCAGAAGAGCA-1_2_1"
"1015","CCTAACCCATATGAAG-1_2_1"
"1016","CCTAACCTCAGCGGAA-1_2_1"
"1017","CCTAACCTCAGCTCTC-1_2_1"
"1018","CCTAACCTCCCGATCT-1_2_1"
"1019","CCTAAGAAGGCGACAT-1_2_1"
"1020","CCTAAGATCGCTGACG-1_2_1"
"1021","CCTAAGATCTCGTGAA-1_2_1"
"1022","CCTACGTAGCGAGAAA-1_2_1"
"1023","CCTACGTAGGGACAGG-1_2_1"
"1024","CCTACGTAGTTACTCG-1_2_1"
"1025","CCTACGTAGTTGGACG-1_2_1"
"1026","CCTACGTGTCCACGCA-1_2_1"
"1027","CCTATCGCAAGGACAC-1_2_1"
"1028","CCTATCGGTCCGTACG-1_2_1"
"1029","CCTATCGGTCTTCGAA-1_2_1"
"1030","CCTATCGGTGGTACAG-1_2_1"
"1031","CCTCAACAGTCTAGAA-1_2_1"
"1032","CCTCAACCAGGATCTT-1_2_1"
"1033","CCTCACAAGCATCCTA-1_2_1"
"1034","CCTCACAAGGTACTGG-1_2_1"
"1035","CCTCACATCGCTATTT-1_2_1"
"1036","CCTCACATCTCATGCC-1_2_1"
"1037","CCTCAGTAGAGTTGCG-1_2_1"
"1038","CCTCATGTCTTGGATG-1_2_1"
"1039","CCTCCAACACCGAATT-1_2_1"
"1040","CCTCCTCCATTGAGCT-1_2_1"
"1041","CCTCTAGAGTCATAGA-1_2_1"
"1042","CCTCTAGCACAGAGCA-1_2_1"
"1043","CCTCTAGGTGTCTCCT-1_2_1"
"1044","CCTCTAGTCAGAATAG-1_2_1"
"1045","CCTCTCCAGATTCGCT-1_2_1"
"1046","CCTCTCCTCCGTACGG-1_2_1"
"1047","CCTCTCCTCGTAGTGT-1_2_1"
"1048","CCTGCATCAACACTAC-1_2_1"
"1049","CCTGCATTCAGTGTTG-1_2_1"
"1050","CCTGTTGAGTATGTAG-1_2_1"
"1051","CCTGTTGGTCTTCCGT-1_2_1"
"1052","CCTGTTGGTTCCCAAA-1_2_1"
"1053","CCTGTTGTCTGCGATA-1_2_1"
"1054","CCTTCAGAGGATTCCT-1_2_1"
"1055","CCTTCAGTCGAGCTGC-1_2_1"
"1056","CCTTCAGTCGTTACCC-1_2_1"
"1057","CCTTCAGTCTAGGCAT-1_2_1"
"1058","CCTTGTGAGCATGCAG-1_2_1"
"1059","CCTTGTGAGGCGAAGG-1_2_1"
"1060","CCTTGTGAGTATGACA-1_2_1"
"1061","CCTTGTGCATCGCTAA-1_2_1"
"1062","CCTTGTGGTGGAACCA-1_2_1"
"1063","CCTTGTGGTTGCATTG-1_2_1"
"1064","CCTTTGGAGTAATACG-1_2_1"
"1065","CCTTTGGGTGACGTCC-1_2_1"
"1066","CGAAGGACAAGATTGA-1_2_1"
"1067","CGAAGGACACGTAGAG-1_2_1"
"1068","CGAAGGAGTATCTTCT-1_2_1"
"1069","CGAAGGAGTGCCTGCA-1_2_1"
"1070","CGAAGGATCACCTGTC-1_2_1"
"1071","CGAAGTTGTGCAAGAC-1_2_1"
"1072","CGAAGTTTCTAGAACC-1_2_1"
"1073","CGAATTGAGGTGCGAT-1_2_1"
"1074","CGAATTGCAATCGCGC-1_2_1"
"1075","CGACAGCCAGGGTCTC-1_2_1"
"1076","CGACAGCGTAGCGATG-1_2_1"
"1077","CGACAGCGTCAGGCAA-1_2_1"
"1078","CGACAGCTCAGGAAAT-1_2_1"
"1079","CGACAGCTCAGTGGGA-1_2_1"
"1080","CGAGAAGAGAAGCCTG-1_2_1"
"1081","CGAGAAGCAACTCCCT-1_2_1"
"1082","CGAGAAGTCGAAGTGG-1_2_1"
"1083","CGAGGAAAGGAAAGTG-1_2_1"
"1084","CGAGGAACACATTACG-1_2_1"
"1085","CGAGGAACAGTCAACT-1_2_1"
"1086","CGAGGAAGTAGCGCTC-1_2_1"
"1087","CGAGGCTGTCGCACAC-1_2_1"
"1088","CGAGGCTTCCCGAACG-1_2_1"
"1089","CGAGTGCGTAGCTAAA-1_2_1"
"1090","CGAGTGCGTAGTTACC-1_2_1"
"1091","CGAGTGCGTGGAGAAA-1_2_1"
"1092","CGAGTGCTCCCGAGGT-1_2_1"
"1093","CGAGTGCTCGCACTCT-1_2_1"
"1094","CGAGTTAAGATAGCAT-1_2_1"
"1095","CGAGTTACAAAGAACT-1_2_1"
"1096","CGAGTTAGTGGCAGAT-1_2_1"
"1097","CGATCGGGTTGCCAAT-1_2_1"
"1098","CGATCGGTCAGGAACG-1_2_1"
"1099","CGATCGGTCTCGACGG-1_2_1"
"1100","CGATGGCGTAAGTTGA-1_2_1"
"1101","CGATGGCGTACCAGAG-1_2_1"
"1102","CGATGGCGTATCGTTG-1_2_1"
"1103","CGCAGGTAGCTTTGTG-1_2_1"
"1104","CGCAGGTGTAGAATAC-1_2_1"
"1105","CGCAGGTGTCGCCACA-1_2_1"
"1106","CGCAGGTGTGACAGGT-1_2_1"
"1107","CGCAGGTGTTCGGGTC-1_2_1"
"1108","CGCAGGTTCGCCGAGT-1_2_1"
"1109","CGCAGGTTCTGAGATC-1_2_1"
"1110","CGCATAAAGACGCCAA-1_2_1"
"1111","CGCATAAAGAGAATCT-1_2_1"
"1112","CGCATAAAGGGAGGAC-1_2_1"
"1113","CGCATAACACGTAGTT-1_2_1"
"1114","CGCATAAGTACAATAG-1_2_1"
"1115","CGCATGGAGACAACAT-1_2_1"
"1116","CGCATGGCAGTTAAAG-1_2_1"
"1117","CGCATGGGTGAGATCG-1_2_1"
"1118","CGCATGGGTTCCGCGA-1_2_1"
"1119","CGCATGGTCGGAGTGA-1_2_1"
"1120","CGCCAGATCGGTGAAG-1_2_1"
"1121","CGCCATTAGAAATTGC-1_2_1"
"1122","CGCCATTCAAGTGACG-1_2_1"
"1123","CGCGTGAAGCGTTACT-1_2_1"
"1124","CGCGTGAGTATGGAAT-1_2_1"
"1125","CGCGTGAGTTGACTAC-1_2_1"
"1126","CGGAACCAGCACCCAC-1_2_1"
"1127","CGGAACCAGTACAGCG-1_2_1"
"1128","CGGAACCAGTGCAGCA-1_2_1"
"1129","CGGAACCGTGACGTCC-1_2_1"
"1130","CGGAATTAGACTACGG-1_2_1"
"1131","CGGAATTAGCCAACCC-1_2_1"
"1132","CGGAATTGTGATACCT-1_2_1"
"1133","CGGACACAGTCGCTAT-1_2_1"
"1134","CGGACACCAAGCTGCC-1_2_1"
"1135","CGGAGAAAGGTGCAGT-1_2_1"
"1136","CGGAGAACACCTGTCT-1_2_1"
"1137","CGGAGAATCCGTGGTG-1_2_1"
"1138","CGGAGAATCCGTTGGG-1_2_1"
"1139","CGGCAGTAGACGCCAA-1_2_1"
"1140","CGGCAGTCAGTCAGAG-1_2_1"
"1141","CGGGACTAGACTTGTC-1_2_1"
"1142","CGGGACTCAGCTTCGG-1_2_1"
"1143","CGGGACTGTTGTTGTG-1_2_1"
"1144","CGGGCATGTGAAGCTG-1_2_1"
"1145","CGGGCATTCCTTATCA-1_2_1"
"1146","CGGGCATTCTGAGGTT-1_2_1"
"1147","CGGGCATTCTGGGTCG-1_2_1"
"1148","CGGGTCAAGACGATAT-1_2_1"
"1149","CGGGTCAAGTCCTGTA-1_2_1"
"1150","CGGGTCAGTGGACTAG-1_2_1"
"1151","CGGGTCATCCTAAACG-1_2_1"
"1152","CGGGTGTAGCCTTCTC-1_2_1"
"1153","CGGGTGTAGGTCGACA-1_2_1"
"1154","CGGGTGTGTCCATACA-1_2_1"
"1155","CGGGTGTGTCGGTACC-1_2_1"
"1156","CGGTCAGGTAGTCCTA-1_2_1"
"1157","CGTAAGTGTACGGGAT-1_2_1"
"1158","CGTAAGTGTCAGACGA-1_2_1"
"1159","CGTAAGTTCAGGAAAT-1_2_1"
"1160","CGTAAGTTCCCTAGGG-1_2_1"
"1161","CGTAATGAGAACGCGT-1_2_1"
"1162","CGTAATGAGGATTTAG-1_2_1"
"1163","CGTAATGCACAAGGTG-1_2_1"
"1164","CGTAATGTCCCTCAAC-1_2_1"
"1165","CGTAGTAAGCGATGGT-1_2_1"
"1166","CGTAGTATCCTCGCAT-1_2_1"
"1167","CGTCAAATCCGACGGT-1_2_1"
"1168","CGTCAAATCTGGTGGC-1_2_1"
"1169","CGTCCATCACAATTCG-1_2_1"
"1170","CGTCCATTCACGGGAA-1_2_1"
"1171","CGTCCATTCGATGCTA-1_2_1"
"1172","CGTGAATAGCTAGTTC-1_2_1"
"1173","CGTGAATAGGAGAATG-1_2_1"
"1174","CGTGAATAGTGATGGC-1_2_1"
"1175","CGTGAATCATCCTGTC-1_2_1"
"1176","CGTGAATGTAACAGGC-1_2_1"
"1177","CGTGAATGTTGCACGC-1_2_1"
"1178","CGTGATAAGAAACACT-1_2_1"
"1179","CGTGATAAGTCTGTAC-1_2_1"
"1180","CGTGATACAGACCAGA-1_2_1"
"1181","CGTGATAGTGATGGCA-1_2_1"
"1182","CGTGCTTCAATTGCCA-1_2_1"
"1183","CGTGCTTTCAATGTCG-1_2_1"
"1184","CGTGTCTAGCATACTC-1_2_1"
"1185","CGTGTCTAGTCATGGG-1_2_1"
"1186","CGTTAGAAGCGGTAAC-1_2_1"
"1187","CGTTAGAAGGGAGTGG-1_2_1"
"1188","CGTTAGATCCTTTGAT-1_2_1"
"1189","CGTTCTGAGTGACCTT-1_2_1"
"1190","CGTTCTGCACGTGAGA-1_2_1"
"1191","CGTTCTGCACTGTTCC-1_2_1"
"1192","CGTTCTGCAGGGATAC-1_2_1"
"1193","CGTTGGGAGCCAGTAG-1_2_1"
"1194","CGTTGGGAGTATGACA-1_2_1"
"1195","CGTTGGGCAAATGCGG-1_2_1"
"1196","CGTTGGGCAGAAATTG-1_2_1"
"1197","CGTTGGGCAGAATTCC-1_2_1"
"1198","CGTTGGGCATGAAGCG-1_2_1"
"1199","CTAACCCAGCTCATAC-1_2_1"
"1200","CTAACCCAGGTTCCAT-1_2_1"
"1201","CTAACCCGTGGAAGTC-1_2_1"
"1202","CTAACCCGTTGAGTCT-1_2_1"
"1203","CTAACCCTCGTGGCGT-1_2_1"
"1204","CTAACTTCAGCAGTCC-1_2_1"
"1205","CTAACTTGTGTTCGTA-1_2_1"
"1206","CTAAGTGAGCGGGTTA-1_2_1"
"1207","CTAAGTGCATCGAACT-1_2_1"
"1208","CTAAGTGTCGGTCATA-1_2_1"
"1209","CTACAGAAGCCTGTCG-1_2_1"
"1210","CTACAGAAGTATAGAC-1_2_1"
"1211","CTACAGACACCCTTAC-1_2_1"
"1212","CTACAGAGTCATTGCA-1_2_1"
"1213","CTACAGATCATGGATC-1_2_1"
"1214","CTACATTAGGCGATAC-1_2_1"
"1215","CTACATTCACAGTACT-1_2_1"
"1216","CTACATTGTGGAAATT-1_2_1"
"1217","CTACATTGTTCATCTT-1_2_1"
"1218","CTACATTTCGGTATGT-1_2_1"
"1219","CTACCCAAGTTCCAGT-1_2_1"
"1220","CTACCCATCACTTATC-1_2_1"
"1221","CTACCCATCTCAATCT-1_2_1"
"1222","CTACCTGCACGTTGGC-1_2_1"
"1223","CTACCTGTCTCATGCC-1_2_1"
"1224","CTACGGGAGCTGAGTG-1_2_1"
"1225","CTACGGGGTACATACC-1_2_1"
"1226","CTACTATTCTTTGCAT-1_2_1"
"1227","CTAGACACATGGAGAC-1_2_1"
"1228","CTAGACAGTGATGTAA-1_2_1"
"1229","CTAGACATCAAGTGTC-1_2_1"
"1230","CTAGGTAAGTCCCAGC-1_2_1"
"1231","CTAGGTACAGTATACC-1_2_1"
"1232","CTAGGTAGTCGAAACG-1_2_1"
"1233","CTAGGTAGTGGATTTC-1_2_1"
"1234","CTATAGGCACCAGCTG-1_2_1"
"1235","CTATAGGGTATGTCAC-1_2_1"
"1236","CTATAGGTCTCCTGTG-1_2_1"
"1237","CTATCTAAGAACCCGA-1_2_1"
"1238","CTATCTAAGGCTTAGG-1_2_1"
"1239","CTATCTACAGTCTACA-1_2_1"
"1240","CTATCTAGTCTCGGGT-1_2_1"
"1241","CTCAACCCACACCGCA-1_2_1"
"1242","CTCAACCGTATCGTGT-1_2_1"
"1243","CTCAACCGTGATCGTT-1_2_1"
"1244","CTCAAGACACCGTGAC-1_2_1"
"1245","CTCAAGATCCTTACCG-1_2_1"
"1246","CTCAAGATCTTCGGAA-1_2_1"
"1247","CTCAATTAGAACTGAT-1_2_1"
"1248","CTCAATTAGGCAATGC-1_2_1"
"1249","CTCAATTGTTGCATCA-1_2_1"
"1250","CTCAATTGTTGGATCT-1_2_1"
"1251","CTCACTGAGAATTGCA-1_2_1"
"1252","CTCACTGCAGTGTGCC-1_2_1"
"1253","CTCAGAAAGCAGCCTC-1_2_1"
"1254","CTCAGAACATTCTCCG-1_2_1"
"1255","CTCAGAAGTGGGTCAA-1_2_1"
"1256","CTCAGGGAGACATATG-1_2_1"
"1257","CTCAGGGGTGCTAGCC-1_2_1"
"1258","CTCAGGGTCTCGAACA-1_2_1"
"1259","CTCAGTCAGACGGATC-1_2_1"
"1260","CTCAGTCAGGTAGCAC-1_2_1"
"1261","CTCAGTCTCCGCTAGG-1_2_1"
"1262","CTCATCGCAGCTCTGG-1_2_1"
"1263","CTCATCGCATTGTCGA-1_2_1"
"1264","CTCATCGGTTGGCTAT-1_2_1"
"1265","CTCATCGTCCACATAG-1_2_1"
"1266","CTCATGCAGAATTGCA-1_2_1"
"1267","CTCATGCCACATGTTG-1_2_1"
"1268","CTCATGCCATACGCAT-1_2_1"
"1269","CTCATGCGTCACAGAG-1_2_1"
"1270","CTCATGCGTCTAGGCC-1_2_1"
"1271","CTCATGCGTTCTCTAT-1_2_1"
"1272","CTCATTACACATAGCT-1_2_1"
"1273","CTCATTAGTCCTGTCT-1_2_1"
"1274","CTCATTAGTGATATAG-1_2_1"
"1275","CTCATTATCATAGCAC-1_2_1"
"1276","CTCCAACAGAGCAAGA-1_2_1"
"1277","CTCCAACAGCACTCGC-1_2_1"
"1278","CTCCAACGTGACTATC-1_2_1"
"1279","CTCCAACTCGACATAC-1_2_1"
"1280","CTCCAACTCGTTCCTG-1_2_1"
"1281","CTCCACAAGGGAACAA-1_2_1"
"1282","CTCCACAAGTGAATAC-1_2_1"
"1283","CTCCACACAAGAGAGA-1_2_1"
"1284","CTCCACACAGCTCTGG-1_2_1"
"1285","CTCCATGAGGTCCCGT-1_2_1"
"1286","CTCCATGAGTGAGGCT-1_2_1"
"1287","CTCCATGCACTAGGTT-1_2_1"
"1288","CTCCATGCAGACAATA-1_2_1"
"1289","CTCCATGCAGAGCTAG-1_2_1"
"1290","CTCCATGCAGGTTTAC-1_2_1"
"1291","CTCCATGCATGATGCT-1_2_1"
"1292","CTCCATGGTCGGCCTA-1_2_1"
"1293","CTCCATGTCACCGCTT-1_2_1"
"1294","CTCCCAAAGTATCTGC-1_2_1"
"1295","CTCCCAACACACCAGC-1_2_1"
"1296","CTCCCAACATCGGAAG-1_2_1"
"1297","CTCCCAATCTAGACCA-1_2_1"
"1298","CTCCCAATCTCGCTCA-1_2_1"
"1299","CTCCCTCAGGAAAGTG-1_2_1"
"1300","CTCCCTCAGGAGGTTC-1_2_1"
"1301","CTCCCTCCACTGGATT-1_2_1"
"1302","CTCCCTCTCGGATAAA-1_2_1"
"1303","CTCCGATAGATTGGGC-1_2_1"
"1304","CTCCGATTCACCTTGC-1_2_1"
"1305","CTCCGATTCTGGAGAG-1_2_1"
"1306","CTCCTCCAGTGCACTT-1_2_1"
"1307","CTCCTCCAGTGCCGAA-1_2_1"
"1308","CTCCTCCCAAGATCCT-1_2_1"
"1309","CTCCTCCCAAGTGGCA-1_2_1"
"1310","CTCCTCCCAATCGTCA-1_2_1"
"1311","CTCCTCCCAGCTTTGA-1_2_1"
"1312","CTCCTTTAGAAGTCAT-1_2_1"
"1313","CTCCTTTAGCATTGTC-1_2_1"
"1314","CTCCTTTAGGAATTAC-1_2_1"
"1315","CTCCTTTCACACAGAG-1_2_1"
"1316","CTCCTTTGTCACCTTC-1_2_1"
"1317","CTCGAGGCATGTTACG-1_2_1"
"1318","CTCGAGGCATTGACAC-1_2_1"
"1319","CTCGAGGGTCCAGCCA-1_2_1"
"1320","CTCGAGGTCTCAACGA-1_2_1"
"1321","CTCGAGGTCTCGCTTG-1_2_1"
"1322","CTCTCAGAGGGTACGT-1_2_1"
"1323","CTCTCGATCTACCTTA-1_2_1"
"1324","CTCTGGTAGACATACA-1_2_1"
"1325","CTCTGGTGTCGTCAGC-1_2_1"
"1326","CTCTGGTGTTGCTCAA-1_2_1"
"1327","CTCTGGTTCTACGGTA-1_2_1"
"1328","CTGAATGCACATACTG-1_2_1"
"1329","CTGAATGTCTGCTGAA-1_2_1"
"1330","CTGAGCGAGCTCAGAG-1_2_1"
"1331","CTGAGCGAGGGCAGTT-1_2_1"
"1332","CTGAGGCGTAAGCAAT-1_2_1"
"1333","CTGAGGCTCGCGTTTC-1_2_1"
"1334","CTGAGGCTCGGTAGAG-1_2_1"
"1335","CTGAGGCTCTTTCAGT-1_2_1"
"1336","CTGATCCGTCTACACA-1_2_1"
"1337","CTGATCCTCTTACGTT-1_2_1"
"1338","CTGATCCTCTTTCCAA-1_2_1"
"1339","CTGCAGGCAAAGTGTA-1_2_1"
"1340","CTGCAGGGTACAAGTA-1_2_1"
"1341","CTGCAGGGTACTGCGC-1_2_1"
"1342","CTGCAGGGTATTTCCT-1_2_1"
"1343","CTGCAGGGTGATGAAT-1_2_1"
"1344","CTGCAGGGTTAGGACG-1_2_1"
"1345","CTGCATCAGGTTATAG-1_2_1"
"1346","CTGCATCGTCCTTTGC-1_2_1"
"1347","CTGCATCGTGCAACAG-1_2_1"
"1348","CTGCATCTCCCGATCT-1_2_1"
"1349","CTGCATCTCGTAGTCA-1_2_1"
"1350","CTGCCATAGGAATTAC-1_2_1"
"1351","CTGCCATGTCATCGGC-1_2_1"
"1352","CTGCCTAAGGTCACTT-1_2_1"
"1353","CTGCCTACAATAGGGC-1_2_1"
"1354","CTGCGAGAGACTGTTC-1_2_1"
"1355","CTGCGAGAGAGCAAGA-1_2_1"
"1356","CTGCGAGGTAACATAG-1_2_1"
"1357","CTGCTCAAGGCTGTAG-1_2_1"
"1358","CTGCTCACATTGACCA-1_2_1"
"1359","CTGGACGAGCGGACAT-1_2_1"
"1360","CTGGACGTCCAAACCA-1_2_1"
"1361","CTGGCAGAGAGTTGTA-1_2_1"
"1362","CTGGCAGAGATCCCGC-1_2_1"
"1363","CTGGCAGCAGGGACTA-1_2_1"
"1364","CTGGCAGGTGGGTATG-1_2_1"
"1365","CTGGTCTAGACTCAAA-1_2_1"
"1366","CTGGTCTAGGCTTCCG-1_2_1"
"1367","CTGGTCTAGTGGTGAC-1_2_1"
"1368","CTGGTCTCAGAGGTAC-1_2_1"
"1369","CTGGTCTGTCAGCTTA-1_2_1"
"1370","CTGTACCGTACGTTCA-1_2_1"
"1371","CTGTACCTCGATGCAT-1_2_1"
"1372","CTGTAGACACTTGAGT-1_2_1"
"1373","CTGTATTGTCGATGCC-1_2_1"
"1374","CTGTCGTAGACGCCCT-1_2_1"
"1375","CTGTCGTCACTCCACT-1_2_1"
"1376","CTGTCGTCAGGTAGTG-1_2_1"
"1377","CTGTGAAAGCCGGAAT-1_2_1"
"1378","CTGTGAAAGTGATAAC-1_2_1"
"1379","CTGTGAATCCTCACTG-1_2_1"
"1380","CTGTGGGAGGTGATAT-1_2_1"
"1381","CTGTGGGTCTATCGGA-1_2_1"
"1382","CTTACCGAGACCTCAT-1_2_1"
"1383","CTTACCGAGCCTAGGA-1_2_1"
"1384","CTTAGGACACCTAAAC-1_2_1"
"1385","CTTAGGAGTCAAGGCA-1_2_1"
"1386","CTTAGGAGTGATGGCA-1_2_1"
"1387","CTTCAATAGGTTCAGG-1_2_1"
"1388","CTTCAATAGTACAACA-1_2_1"
"1389","CTTCAATCACGGCGTT-1_2_1"
"1390","CTTCAATTCAGAACCT-1_2_1"
"1391","CTTCAATTCAGTGTCA-1_2_1"
"1392","CTTCCGAAGCTGGAGT-1_2_1"
"1393","CTTCCGACAAGTGACG-1_2_1"
"1394","CTTCCGACACGTGTGC-1_2_1"
"1395","CTTCCGAGTATTGGCT-1_2_1"
"1396","CTTCCGATCTCCAATT-1_2_1"
"1397","CTTCCTTCAGACCGCT-1_2_1"
"1398","CTTCCTTGTTTACTTC-1_2_1"
"1399","CTTCCTTTCTTCGACC-1_2_1"
"1400","CTTCGGTAGACGAGCT-1_2_1"
"1401","CTTCGGTAGCAACTCT-1_2_1"
"1402","CTTCGGTTCAGCTTGA-1_2_1"
"1403","CTTCTAAAGGTCATTC-1_2_1"
"1404","CTTCTAACACGAGAAC-1_2_1"
"1405","CTTCTAACAGCTACTA-1_2_1"
"1406","CTTCTAACATTCCTCG-1_2_1"
"1407","CTTCTAAGTAGTTAGA-1_2_1"
"1408","CTTCTCTGTAGTTACC-1_2_1"
"1409","CTTCTCTTCATTGCGA-1_2_1"
"1410","CTTGAGAGTGCGTCGT-1_2_1"
"1411","CTTGATTAGGGCTTCC-1_2_1"
"1412","CTTGATTAGTCAGCGA-1_2_1"
"1413","CTTGATTCAGCACACC-1_2_1"
"1414","CTTGATTTCCGACGGT-1_2_1"
"1415","CTTGATTTCCGATGCG-1_2_1"
"1416","CTTGATTTCTCAATCT-1_2_1"
"1417","CTTTCAACAACCTAAC-1_2_1"
"1418","CTTTCAATCAACCTTT-1_2_1"
"1419","CTTTCGGAGGATATGT-1_2_1"
"1420","CTTTCGGCAAGTTCCA-1_2_1"
"1421","CTTTCGGCAGCTTCGG-1_2_1"
"1422","CTTTCGGGTGGATCAG-1_2_1"
"1423","CTTTCGGGTGGTCCGT-1_2_1"
"1424","GAAACCTTCAGTGTGT-1_2_1"
"1425","GAAATGACACGCTATA-1_2_1"
"1426","GAAATGAGTATCAGCT-1_2_1"
"1427","GAAATGAGTCGGCACT-1_2_1"
"1428","GAAATGATCTTCCAGC-1_2_1"
"1429","GAACACTGTACTGAGG-1_2_1"
"1430","GAACACTGTGGTGATG-1_2_1"
"1431","GAACACTTCCATTCAT-1_2_1"
"1432","GAACGTTAGGATGTTA-1_2_1"
"1433","GAACGTTAGTCTGCAT-1_2_1"
"1434","GAACGTTGTAAGTCAA-1_2_1"
"1435","GAACTGTAGAGTTGAT-1_2_1"
"1436","GAACTGTCAGGACTAG-1_2_1"
"1437","GAACTGTGTTCACCGG-1_2_1"
"1438","GAAGAATAGAGAAGGT-1_2_1"
"1439","GAAGAATAGCCGCTTG-1_2_1"
"1440","GAAGAATAGCTACTGT-1_2_1"
"1441","GAAGAATTCTACCTTA-1_2_1"
"1442","GAAGCCCGTGAATGAT-1_2_1"
"1443","GAAGCGAAGACCCTTA-1_2_1"
"1444","GAAGCGACACACAGCC-1_2_1"
"1445","GAAGCGACACCGTGAC-1_2_1"
"1446","GAAGCGACAGTCAGAG-1_2_1"
"1447","GAAGCGATCGACCAAT-1_2_1"
"1448","GAAGGACAGACGGATC-1_2_1"
"1449","GAAGGACCAACCACAT-1_2_1"
"1450","GAAGGACGTTGTTGAC-1_2_1"
"1451","GAAGGACTCCGTATGA-1_2_1"
"1452","GAAGGGTAGACTACGG-1_2_1"
"1453","GAAGGGTAGGCCTAGA-1_2_1"
"1454","GAAGGGTCACAGCTGC-1_2_1"
"1455","GAAGGGTCAGCTTCGG-1_2_1"
"1456","GAAGGGTGTGGGCTTC-1_2_1"
"1457","GAATAGACACTCCGAG-1_2_1"
"1458","GAATCACAGACTAAGT-1_2_1"
"1459","GAATCACCACCCTGTT-1_2_1"
"1460","GAATCACGTACGATGG-1_2_1"
"1461","GAATCACGTACTGCGC-1_2_1"
"1462","GAATCACGTGTTCCTC-1_2_1"
"1463","GAATCACTCATGAGGG-1_2_1"
"1464","GACACGCCAACTGATC-1_2_1"
"1465","GACACGCCAAGGTCGA-1_2_1"
"1466","GACACGCGTTCTCCTG-1_2_1"
"1467","GACACGCTCACCTCGT-1_2_1"
"1468","GACAGCCAGGAAAGGT-1_2_1"
"1469","GACAGCCAGTCTGTAC-1_2_1"
"1470","GACAGCCGTCAACCTA-1_2_1"
"1471","GACAGCCGTGGACCAA-1_2_1"
"1472","GACAGCCTCCGAAATC-1_2_1"
"1473","GACATCAAGTCATAGA-1_2_1"
"1474","GACATCAGTACTCCCT-1_2_1"
"1475","GACATCATCTTAAGGC-1_2_1"
"1476","GACCAATAGAGTCGAC-1_2_1"
"1477","GACCAATCACACTTAG-1_2_1"
"1478","GACCAATCAGTGACCC-1_2_1"
"1479","GACCAATGTAGCTAAA-1_2_1"
"1480","GACCAATGTTGGTGTT-1_2_1"
"1481","GACCAATGTTTAAGGA-1_2_1"
"1482","GACCCAGGTAGGTTTC-1_2_1"
"1483","GACCCAGGTGGGTATG-1_2_1"
"1484","GACCCTTTCTCGGCTT-1_2_1"
"1485","GACCTTCTCGGCTATA-1_2_1"
"1486","GACCTTCTCTGCGGAC-1_2_1"
"1487","GACGCTGCACAACGTT-1_2_1"
"1488","GACGCTGCATGAAGGC-1_2_1"
"1489","GACGCTGTCTGGGAGA-1_2_1"
"1490","GACGTTAAGCGATCGA-1_2_1"
"1491","GACGTTAAGGCGCTTC-1_2_1"
"1492","GACGTTACAATACAGA-1_2_1"
"1493","GACGTTACATCTTAGG-1_2_1"
"1494","GACTCAAAGCGACTGA-1_2_1"
"1495","GACTCAAAGTTCATCG-1_2_1"
"1496","GACTCAACAGAGGTAC-1_2_1"
"1497","GACTCAAGTAAGATTG-1_2_1"
"1498","GACTCAAGTACCCGCA-1_2_1"
"1499","GACTCTCCATTGGCAT-1_2_1"
"1500","GACTCTCGTCATGACT-1_2_1"
"1501","GACTGATAGAGGTCGT-1_2_1"
"1502","GACTGATAGGTGCGAT-1_2_1"
"1503","GACTGATCAGCGTTGC-1_2_1"
"1504","GACTGATGTACTAGCT-1_2_1"
"1505","GACTGATGTATGGAGC-1_2_1"
"1506","GACTTCCTCCAGCAAT-1_2_1"
"1507","GACTTCCTCGAGTTGT-1_2_1"
"1508","GAGAAATAGCATCGAG-1_2_1"
"1509","GAGAAATAGCTCCACG-1_2_1"
"1510","GAGAAATAGTGATGGC-1_2_1"
"1511","GAGAAATCAGCGATTT-1_2_1"
"1512","GAGAAATGTATCTTCT-1_2_1"
"1513","GAGAAATTCGACGACC-1_2_1"
"1514","GAGACCCGTGGCTAGA-1_2_1"
"1515","GAGACTTAGACGCTCC-1_2_1"
"1516","GAGACTTCATTCGATG-1_2_1"
"1517","GAGACTTTCTGTGTGA-1_2_1"
"1518","GAGAGGTCACGCTTAA-1_2_1"
"1519","GAGAGGTTCATATGGC-1_2_1"
"1520","GAGATGGAGGGACAGG-1_2_1"
"1521","GAGATGGCAGATCATC-1_2_1"
"1522","GAGATGGGTTTCGTGA-1_2_1"
"1523","GAGATGGTCGTGGAAG-1_2_1"
"1524","GAGCCTGTCCATAGAC-1_2_1"
"1525","GAGCTGCAGTAGTCAA-1_2_1"
"1526","GAGCTGCTCTATTTCG-1_2_1"
"1527","GAGGCAATCCGTTGGG-1_2_1"
"1528","GAGGCAATCGACTCCT-1_2_1"
"1529","GAGGCCTAGGATACCG-1_2_1"
"1530","GAGGCCTAGGGCCCTT-1_2_1"
"1531","GAGGCCTGTGAGATTA-1_2_1"
"1532","GAGGGATAGTCTCCTC-1_2_1"
"1533","GAGGGATCATCATCCC-1_2_1"
"1534","GAGGGTAAGATTAGCA-1_2_1"
"1535","GAGGGTAAGCGATCGA-1_2_1"
"1536","GAGTCATAGGCAGGTT-1_2_1"
"1537","GAGTCATTCGGAAGGT-1_2_1"
"1538","GAGTCATTCTGGCCTT-1_2_1"
"1539","GAGTCTAAGCGTTACT-1_2_1"
"1540","GAGTCTAGTCAGGTAG-1_2_1"
"1541","GAGTGAGAGAGCAGCT-1_2_1"
"1542","GAGTGAGAGCCAGAGT-1_2_1"
"1543","GAGTGAGAGCCTGACC-1_2_1"
"1544","GAGTGAGCAACCGACC-1_2_1"
"1545","GAGTGAGCACCGTCGA-1_2_1"
"1546","GAGTGAGGTACGAAAT-1_2_1"
"1547","GAGTGAGTCCACCTGT-1_2_1"
"1548","GAGTGAGTCGCCGATG-1_2_1"
"1549","GAGTGAGTCGTAACTG-1_2_1"
"1550","GAGTGTTAGCGTTCAT-1_2_1"
"1551","GAGTGTTGTGTTAAAG-1_2_1"
"1552","GAGTGTTTCTGGTGCG-1_2_1"
"1553","GAGTTACAGTGGAATT-1_2_1"
"1554","GAGTTACGTACATACC-1_2_1"
"1555","GAGTTACTCAAGCCGC-1_2_1"
"1556","GAGTTACTCCCAGCGA-1_2_1"
"1557","GAGTTACTCGATGCAT-1_2_1"
"1558","GAGTTGTAGATGAACT-1_2_1"
"1559","GAGTTGTTCGCGATCG-1_2_1"
"1560","GATAGAAAGCTCTATG-1_2_1"
"1561","GATAGAAAGTCGCTAT-1_2_1"
"1562","GATAGAACATACTGAC-1_2_1"
"1563","GATAGAATCCTCAGAA-1_2_1"
"1564","GATCACAGTTAAGGGC-1_2_1"
"1565","GATCAGTCAACGTATC-1_2_1"
"1566","GATCAGTCATTGGGAG-1_2_1"
"1567","GATCAGTGTCCGGCAT-1_2_1"
"1568","GATCAGTGTCTGCGCA-1_2_1"
"1569","GATCAGTTCACTGGGC-1_2_1"
"1570","GATCAGTTCCCAATAG-1_2_1"
"1571","GATCAGTTCGCTTACC-1_2_1"
"1572","GATCAGTTCGGTGTAT-1_2_1"
"1573","GATCATGAGGAGTACC-1_2_1"
"1574","GATCATGGTGACCTGC-1_2_1"
"1575","GATCATGTCGGCGATC-1_2_1"
"1576","GATCCCTCATACCGTA-1_2_1"
"1577","GATCCCTGTCAACCAT-1_2_1"
"1578","GATCGTAAGATTCGAA-1_2_1"
"1579","GATCGTAGTCAAATCC-1_2_1"
"1580","GATGACTAGGGTCACA-1_2_1"
"1581","GATGACTCATCCGTGG-1_2_1"
"1582","GATGACTGTCGCATGC-1_2_1"
"1583","GATGACTTCCGTGTGG-1_2_1"
"1584","GATGAGGAGACAGCGT-1_2_1"
"1585","GATGAGGAGACTGGGT-1_2_1"
"1586","GATGAGGAGATTACCC-1_2_1"
"1587","GATGAGGAGCCATCCG-1_2_1"
"1588","GATGAGGTCTACAGGT-1_2_1"
"1589","GATGATCAGTTAGTAG-1_2_1"
"1590","GATGATCGTACCGTCG-1_2_1"
"1591","GATGCTATCATCTCTA-1_2_1"
"1592","GATGGAGAGGATCACG-1_2_1"
"1593","GATGGAGGTGTGTCGC-1_2_1"
"1594","GATGGAGTCCTTGGAA-1_2_1"
"1595","GATGTTGAGGGTAGCT-1_2_1"
"1596","GATGTTGGTAGTTCCA-1_2_1"
"1597","GATGTTGTCAACCTTT-1_2_1"
"1598","GATGTTGTCTGGGCAC-1_2_1"
"1599","GATTCGAAGACTTCAC-1_2_1"
"1600","GATTCTTGTGTGACCC-1_2_1"
"1601","GATTCTTTCACTTGGA-1_2_1"
"1602","GATTGGTAGCTACAAA-1_2_1"
"1603","GATTGGTAGTGGAAGA-1_2_1"
"1604","GATTGGTGTGACGCCT-1_2_1"
"1605","GATTGGTGTGGATTTC-1_2_1"
"1606","GATTGGTTCAACGCTA-1_2_1"
"1607","GATTGGTTCGGTCATA-1_2_1"
"1608","GCAACATAGTGACCTT-1_2_1"
"1609","GCAACATCATCGATAC-1_2_1"
"1610","GCAACATGTCTCAGAT-1_2_1"
"1611","GCAACATTCGGAAACG-1_2_1"
"1612","GCAACCGAGTGGATTA-1_2_1"
"1613","GCAACCGCAAAGGAGA-1_2_1"
"1614","GCAACCGCATACGCAT-1_2_1"
"1615","GCACATAAGAACCCGA-1_2_1"
"1616","GCACATACAATGTTGC-1_2_1"
"1617","GCACGGTAGATCACCT-1_2_1"
"1618","GCACGGTCAAGGACAC-1_2_1"
"1619","GCACGGTGTATTAAGG-1_2_1"
"1620","GCACGTGGTACCCGCA-1_2_1"
"1621","GCACGTGGTCTTCATT-1_2_1"
"1622","GCACGTGGTGGGTCAA-1_2_1"
"1623","GCACGTGTCCTGCCAT-1_2_1"
"1624","GCACTAAAGAGCATCG-1_2_1"
"1625","GCACTAAAGCAACTTC-1_2_1"
"1626","GCACTAACAAGAGAGA-1_2_1"
"1627","GCACTAACATAGCTGT-1_2_1"
"1628","GCACTAACATGGGTTT-1_2_1"
"1629","GCACTAATCGCACTCT-1_2_1"
"1630","GCAGCCAAGCTTCGTA-1_2_1"
"1631","GCAGCCAAGTGCAACG-1_2_1"
"1632","GCAGCCATCTCAATCT-1_2_1"
"1633","GCAGCTGAGAGCTGAC-1_2_1"
"1634","GCAGCTGAGATGGTAT-1_2_1"
"1635","GCAGCTGGTTGCCTAA-1_2_1"
"1636","GCAGCTGTCGATGCAT-1_2_1"
"1637","GCAGGCTAGCACTCGC-1_2_1"
"1638","GCAGGCTTCAATGTCG-1_2_1"
"1639","GCAGGCTTCTGGAAGG-1_2_1"
"1640","GCAGTTAAGAGAGAAC-1_2_1"
"1641","GCAGTTAAGTACTGTC-1_2_1"
"1642","GCAGTTAAGTGCGCTC-1_2_1"
"1643","GCAGTTAAGTGCTACT-1_2_1"
"1644","GCAGTTAAGTTACGAA-1_2_1"
"1645","GCAGTTAGTATCCTTT-1_2_1"
"1646","GCATCGGAGCCTCTCT-1_2_1"
"1647","GCATCGGCAGCCTATA-1_2_1"
"1648","GCATCGGGTAGGAAAG-1_2_1"
"1649","GCATCGGGTAGGTCAG-1_2_1"
"1650","GCATCTCAGTGGTGAC-1_2_1"
"1651","GCATGATCAATCAAGA-1_2_1"
"1652","GCATGATCACGACAAG-1_2_1"
"1653","GCATGATGTGAGATAT-1_2_1"
"1654","GCATGATTCCACAAGT-1_2_1"
"1655","GCATTAGGTGGCTGCT-1_2_1"
"1656","GCCAACGAGAATCTAG-1_2_1"
"1657","GCCAACGAGAGACAAG-1_2_1"
"1658","GCCAACGAGGCATCGA-1_2_1"
"1659","GCCAACGCATGGAAGC-1_2_1"
"1660","GCCAACGGTAGCGCCT-1_2_1"
"1661","GCCAACGTCCTTCTAA-1_2_1"
"1662","GCCAGCAAGCGCCTCA-1_2_1"
"1663","GCCAGCACATCGTGGC-1_2_1"
"1664","GCCAGCACATGATCTG-1_2_1"
"1665","GCCAGGTAGTCTGGTT-1_2_1"
"1666","GCCAGGTCAAGCGAGT-1_2_1"
"1667","GCCAGGTCACGCTGAC-1_2_1"
"1668","GCCAGTGCATTCAGGT-1_2_1"
"1669","GCCAGTGGTGTAGTGG-1_2_1"
"1670","GCCAGTGTCGGCAGTC-1_2_1"
"1671","GCCATGGAGGATTCAA-1_2_1"
"1672","GCCATGGAGGCTCCCA-1_2_1"
"1673","GCCATGGAGTCACAGG-1_2_1"
"1674","GCCATGGAGTGTACCT-1_2_1"
"1675","GCCATGGCAAGACCGA-1_2_1"
"1676","GCCATGGCAATCAGCT-1_2_1"
"1677","GCCATGGCACCGCTGA-1_2_1"
"1678","GCCATGGGTTCCTAGA-1_2_1"
"1679","GCCATGGGTTCGTACA-1_2_1"
"1680","GCCATGGTCCTTCTGG-1_2_1"
"1681","GCCATGGTCGAACACT-1_2_1"
"1682","GCCATTCAGACGAGCT-1_2_1"
"1683","GCCATTCAGAGTCACG-1_2_1"
"1684","GCCATTCGTCAAGCCC-1_2_1"
"1685","GCCATTCTCACTTCTA-1_2_1"
"1686","GCCCAGAGTTTAGACC-1_2_1"
"1687","GCCCGAAAGGGCGAGA-1_2_1"
"1688","GCCCGAACAGAGCTAG-1_2_1"
"1689","GCCCGAACAGTTGTCA-1_2_1"
"1690","GCCCGAAGTATCTCGA-1_2_1"
"1691","GCCCGAATCTTACCAT-1_2_1"
"1692","GCCGATGGTTAGCGGA-1_2_1"
"1693","GCCGATGTCATGAGGG-1_2_1"
"1694","GCCGATGTCTCCGCAT-1_2_1"
"1695","GCCGTGACAGTCGGAA-1_2_1"
"1696","GCCGTGAGTGAGTAGC-1_2_1"
"1697","GCCGTGATCGAATGCT-1_2_1"
"1698","GCCTGTTCAACGTAAA-1_2_1"
"1699","GCCTGTTGTATGTGTC-1_2_1"
"1700","GCGAGAAGTATTCCGA-1_2_1"
"1701","GCGAGAATCCTAGAGT-1_2_1"
"1702","GCGATCGCAAGAAATC-1_2_1"
"1703","GCGATCGCACCCTATC-1_2_1"
"1704","GCGATCGGTCGATTCA-1_2_1"
"1705","GCGATCGGTTCTCCCA-1_2_1"
"1706","GCGATCGTCTTGATTC-1_2_1"
"1707","GCGGAAAAGCGTGTCC-1_2_1"
"1708","GCGGATCTCATCTGTT-1_2_1"
"1709","GCGGATCTCGCACGAC-1_2_1"
"1710","GCGTGCAAGCACCGAA-1_2_1"
"1711","GCGTGCAGTAGATTAG-1_2_1"
"1712","GCGTGCAGTGTAACGG-1_2_1"
"1713","GCGTTTCAGGGATCAC-1_2_1"
"1714","GCGTTTCAGTTTAGGA-1_2_1"
"1715","GCGTTTCCAAATGGCG-1_2_1"
"1716","GCGTTTCGTTGCAAGG-1_2_1"
"1717","GCTACAATCAGGGTAG-1_2_1"
"1718","GCTACAATCTGAACGT-1_2_1"
"1719","GCTACCTAGACATCAA-1_2_1"
"1720","GCTACCTAGCCTTCTC-1_2_1"
"1721","GCTACCTAGGGCATGT-1_2_1"
"1722","GCTACCTAGGGTGAAA-1_2_1"
"1723","GCTACCTAGTTCGGTT-1_2_1"
"1724","GCTCAAAAGTTGCGCC-1_2_1"
"1725","GCTGAATCACACCGCA-1_2_1"
"1726","GCTGAATCAGCATCTA-1_2_1"
"1727","GCTGAATTCTCGTGGG-1_2_1"
"1728","GCTGCAGAGACGCAGT-1_2_1"
"1729","GCTGCAGCAGCACCCA-1_2_1"
"1730","GCTGCAGGTAATTAGG-1_2_1"
"1731","GCTGCAGGTCCTTAAG-1_2_1"
"1732","GCTGCAGTCGCCCAGA-1_2_1"
"1733","GCTGGGTCACAAAGCG-1_2_1"
"1734","GCTTCACAGGGCAGGA-1_2_1"
"1735","GCTTCACAGTTTCGAC-1_2_1"
"1736","GCTTCACGTTGCGAAG-1_2_1"
"1737","GCTTCACTCTGGCCGA-1_2_1"
"1738","GCTTGGGAGACCTGGA-1_2_1"
"1739","GCTTGGGAGAGTGAAG-1_2_1"
"1740","GCTTGGGAGTTGCATC-1_2_1"
"1741","GCTTGGGTCGACCAAT-1_2_1"
"1742","GCTTGGGTCTGCGATA-1_2_1"
"1743","GCTTTCGAGAGCAACC-1_2_1"
"1744","GCTTTCGAGTGGCGAT-1_2_1"
"1745","GCTTTCGCAGCTGGTC-1_2_1"
"1746","GCTTTCGGTCAGGCAA-1_2_1"
"1747","GCTTTCGGTTTGCCGG-1_2_1"
"1748","GCTTTCGTCCTCACGT-1_2_1"
"1749","GGAACCCAGTGTTCAC-1_2_1"
"1750","GGAACCCCAGTTGGTT-1_2_1"
"1751","GGAACCCCATCACGGC-1_2_1"
"1752","GGAACCCGTACGTAGG-1_2_1"
"1753","GGAACCCTCACACCGG-1_2_1"
"1754","GGAACCCTCGAGCCTG-1_2_1"
"1755","GGAATCTCACATACGT-1_2_1"
"1756","GGAATCTCAGACGGAT-1_2_1"
"1757","GGAATCTGTGAGTAGC-1_2_1"
"1758","GGAATCTGTGTTACTG-1_2_1"
"1759","GGAATCTGTTAGAAGT-1_2_1"
"1760","GGAATGGTCCTGGGAC-1_2_1"
"1761","GGAATGGTCGATACTG-1_2_1"
"1762","GGACGTCTCTTTGCAT-1_2_1"
"1763","GGAGAACCAGCGGATA-1_2_1"
"1764","GGAGAACTCGAGTGAG-1_2_1"
"1765","GGAGATGAGCGTACAG-1_2_1"
"1766","GGAGATGTCGAGAGCA-1_2_1"
"1767","GGAGCAAAGAAGGGAT-1_2_1"
"1768","GGAGCAATCGATTTCT-1_2_1"
"1769","GGAGCAATCTTCGGAA-1_2_1"
"1770","GGAGGATAGCGTTACT-1_2_1"
"1771","GGAGGATGTTTCGTTT-1_2_1"
"1772","GGAGGTAAGGTGCTTT-1_2_1"
"1773","GGAGGTACAAATGAAC-1_2_1"
"1774","GGAGGTATCCACGTGG-1_2_1"
"1775","GGATCTAAGTAACCTC-1_2_1"
"1776","GGATCTACAGACCCGT-1_2_1"
"1777","GGATCTACATGGCCCA-1_2_1"
"1778","GGATCTATCTCTCAAT-1_2_1"
"1779","GGATCTATCTGGAAGG-1_2_1"
"1780","GGATGTTAGCTAGCCC-1_2_1"
"1781","GGATGTTCACCGTGAC-1_2_1"
"1782","GGATGTTGTAAGTAGT-1_2_1"
"1783","GGATGTTTCAGTGTCA-1_2_1"
"1784","GGCACGTAGGACATCG-1_2_1"
"1785","GGCACGTAGTACTGTC-1_2_1"
"1786","GGCACGTCATTGGCAT-1_2_1"
"1787","GGCACGTGTCGAACGA-1_2_1"
"1788","GGCACGTTCTGGACCG-1_2_1"
"1789","GGCAGTCCACTTCTCG-1_2_1"
"1790","GGCAGTCGTATCTCGA-1_2_1"
"1791","GGCGTCAAGGACAGCT-1_2_1"
"1792","GGCGTCATCAAGCTTG-1_2_1"
"1793","GGCTGTGCACGGTGCT-1_2_1"
"1794","GGCTGTGGTAACACCT-1_2_1"
"1795","GGCTGTGGTCTTGAGT-1_2_1"
"1796","GGCTGTGTCGCCGTGA-1_2_1"
"1797","GGCTTGGCAACCTAAC-1_2_1"
"1798","GGCTTTCCAGGCTCTG-1_2_1"
"1799","GGGAAGTCACAGCTGC-1_2_1"
"1800","GGGAAGTCAGGTATGG-1_2_1"
"1801","GGGAAGTTCTAGAACC-1_2_1"
"1802","GGGACAAAGGGAGAAT-1_2_1"
"1803","GGGACAACACATATCG-1_2_1"
"1804","GGGACAACATTGAAGA-1_2_1"
"1805","GGGACAAGTAGCGTAG-1_2_1"
"1806","GGGACCTAGCATGAAT-1_2_1"
"1807","GGGACCTCAAAGGTTA-1_2_1"
"1808","GGGACCTCAGCTATTG-1_2_1"
"1809","GGGACCTGTAATGCGG-1_2_1"
"1810","GGGACCTGTTCGGCTG-1_2_1"
"1811","GGGACCTTCAAAGGTA-1_2_1"
"1812","GGGACTCAGCTAGAGC-1_2_1"
"1813","GGGACTCCAAACGAGC-1_2_1"
"1814","GGGACTCCAGCACACC-1_2_1"
"1815","GGGACTCTCAAGCGTT-1_2_1"
"1816","GGGAGATAGCAGCCTC-1_2_1"
"1817","GGGAGATAGTCAATCC-1_2_1"
"1818","GGGAGATGTTGCATAC-1_2_1"
"1819","GGGAGTAAGTCGTTAC-1_2_1"
"1820","GGGAGTACATGAGAAT-1_2_1"
"1821","GGGAGTAGTTCAGCGC-1_2_1"
"1822","GGGATCCTCACGAACT-1_2_1"
"1823","GGGATGAGTAGCGTCC-1_2_1"
"1824","GGGATGAGTGCCTGCA-1_2_1"
"1825","GGGATGATCCTTACCG-1_2_1"
"1826","GGGATGATCCTTCTGG-1_2_1"
"1827","GGGATGATCGCCGATG-1_2_1"
"1828","GGGCCATGTACCGGAA-1_2_1"
"1829","GGGCCATGTAGGTCAG-1_2_1"
"1830","GGGCCATGTGGGATTG-1_2_1"
"1831","GGGCCATGTTGTGCAT-1_2_1"
"1832","GGGCCATTCCAGTTCC-1_2_1"
"1833","GGGCGTTAGGTTGTTC-1_2_1"
"1834","GGGCGTTGTAATTAGG-1_2_1"
"1835","GGGCGTTGTGAGCCAA-1_2_1"
"1836","GGGCGTTGTGTATCCA-1_2_1"
"1837","GGGCGTTTCTAGACCA-1_2_1"
"1838","GGGCTACCATTACTCT-1_2_1"
"1839","GGGCTACGTCAGATTC-1_2_1"
"1840","GGGCTACGTCTCGCGA-1_2_1"
"1841","GGGCTACTCTCGACGG-1_2_1"
"1842","GGGCTCAAGAGAGCCT-1_2_1"
"1843","GGGCTCAAGCATGATA-1_2_1"
"1844","GGGCTCAAGGTCACCC-1_2_1"
"1845","GGGCTCAAGTTATGGA-1_2_1"
"1846","GGGCTCATCTCTCCGA-1_2_1"
"1847","GGGTAGAGTTTACCAG-1_2_1"
"1848","GGGTAGATCCAACTGA-1_2_1"
"1849","GGGTATTGTGGTTTGT-1_2_1"
"1850","GGGTATTGTTCGGTAT-1_2_1"
"1851","GGGTCACAGCATGCGA-1_2_1"
"1852","GGGTCACCAAGTCCAT-1_2_1"
"1853","GGGTCACCAGTTGCGC-1_2_1"
"1854","GGGTCACCATGTGGTT-1_2_1"
"1855","GGGTCACGTCCTCCTA-1_2_1"
"1856","GGGTCACGTGGTCTTA-1_2_1"
"1857","GGGTCACGTGTCCATA-1_2_1"
"1858","GGGTCACTCTTAATCC-1_2_1"
"1859","GGGTCTGCAATACGAA-1_2_1"
"1860","GGGTCTGTCTCCATAT-1_2_1"
"1861","GGGTGAAAGGTGCTGA-1_2_1"
"1862","GGGTGAAAGTAGTCAA-1_2_1"
"1863","GGGTGAACAGACCGCT-1_2_1"
"1864","GGGTGAAGTATTGGCT-1_2_1"
"1865","GGGTGAAGTGTGCTTA-1_2_1"
"1866","GGGTGAAGTTTCAGAC-1_2_1"
"1867","GGGTGTCAGCCAGACA-1_2_1"
"1868","GGGTGTCAGGATATGT-1_2_1"
"1869","GGGTGTCCAAAGGATT-1_2_1"
"1870","GGGTGTCGTCGAATGG-1_2_1"
"1871","GGGTGTCGTTGCAAGG-1_2_1"
"1872","GGGTTATCAAACCGGA-1_2_1"
"1873","GGGTTATCAGGCATGA-1_2_1"
"1874","GGGTTATCATAATCGC-1_2_1"
"1875","GGGTTATCATCAGCAT-1_2_1"
"1876","GGGTTATGTATACGGG-1_2_1"
"1877","GGGTTATGTTAGGGAC-1_2_1"
"1878","GGGTTATTCTGCGGAC-1_2_1"
"1879","GGGTTTACATACGCAT-1_2_1"
"1880","GGGTTTACATCGAACT-1_2_1"
"1881","GGGTTTAGTATAGGGC-1_2_1"
"1882","GGTAACTAGTAGGAAG-1_2_1"
"1883","GGTAACTTCAAGCTTG-1_2_1"
"1884","GGTAATCAGAAATTGC-1_2_1"
"1885","GGTAATCCACAGTCGC-1_2_1"
"1886","GGTAATCGTGAGTGAC-1_2_1"
"1887","GGTAGAGCAAGCCATT-1_2_1"
"1888","GGTAGAGGTAACTGCT-1_2_1"
"1889","GGTAGAGGTCATCACA-1_2_1"
"1890","GGTAGAGGTGGTGATG-1_2_1"
"1891","GGTCACGAGACCTCAT-1_2_1"
"1892","GGTCTGGCAAACCGGA-1_2_1"
"1893","GGTCTGGGTATAATGG-1_2_1"
"1894","GGTCTGGGTTTACACG-1_2_1"
"1895","GGTCTGGTCCCTCGTA-1_2_1"
"1896","GGTGAAGAGATTACCC-1_2_1"
"1897","GGTGAAGAGGGCAAGG-1_2_1"
"1898","GGTGAAGAGTATGAGT-1_2_1"
"1899","GGTGAAGGTCTGTGAT-1_2_1"
"1900","GGTGATTAGGCATGGT-1_2_1"
"1901","GGTGATTTCTACGGGC-1_2_1"
"1902","GGTGGCTTCCTATTTG-1_2_1"
"1903","GGTGTCGAGCGAAACC-1_2_1"
"1904","GGTGTCGAGGTACAGC-1_2_1"
"1905","GGTGTTACACTCAGAT-1_2_1"
"1906","GGTGTTACAGAGATTA-1_2_1"
"1907","GGTGTTACATGTCTAG-1_2_1"
"1908","GGTGTTAGTGCTATTG-1_2_1"
"1909","GGTTAACAGTGAGGCT-1_2_1"
"1910","GGTTAACCACGCGTCA-1_2_1"
"1911","GGTTAACCAGCAGATG-1_2_1"
"1912","GGTTAACTCGATTCCC-1_2_1"
"1913","GGTTAACTCTGCGGAC-1_2_1"
"1914","GGTTCTCAGAGGGTAA-1_2_1"
"1915","GGTTCTCAGGGACTGT-1_2_1"
"1916","GGTTGTAAGAAGCCAC-1_2_1"
"1917","GGTTGTAAGACTGGGT-1_2_1"
"1918","GGTTGTATCGTGGCTG-1_2_1"
"1919","GTAACACAGTTCTACG-1_2_1"
"1920","GTAACACCAGGTTCAT-1_2_1"
"1921","GTAACACGTGACTGAG-1_2_1"
"1922","GTAACACTCCACATAG-1_2_1"
"1923","GTAACACTCCGGCAGT-1_2_1"
"1924","GTAACCAAGACTTCAC-1_2_1"
"1925","GTAACCAAGAGTGGCT-1_2_1"
"1926","GTAACCAGTTGGATCT-1_2_1"
"1927","GTAAGTCAGCACGATG-1_2_1"
"1928","GTAAGTCCAAGCCCAC-1_2_1"
"1929","GTAAGTCGTGTCTAAC-1_2_1"
"1930","GTAAGTCGTTGCAACT-1_2_1"
"1931","GTAATGCAGCGTGAAC-1_2_1"
"1932","GTAATGCCAGGTCTCG-1_2_1"
"1933","GTAATGCCATAACCCA-1_2_1"
"1934","GTAATGCGTGGTAACG-1_2_1"
"1935","GTACAACAGTAGAGTT-1_2_1"
"1936","GTACAACAGTAGCTCT-1_2_1"
"1937","GTACAACCACGCCACA-1_2_1"
"1938","GTACAACCACTGTCGG-1_2_1"
"1939","GTACAACTCACCTTAT-1_2_1"
"1940","GTACAGTAGATTGCGG-1_2_1"
"1941","GTACAGTAGCTAAATG-1_2_1"
"1942","GTACAGTGTAGCCCTG-1_2_1"
"1943","GTACAGTTCTGGGCCA-1_2_1"
"1944","GTAGAAACACCGAATT-1_2_1"
"1945","GTAGAAAGTCCGAAGA-1_2_1"
"1946","GTAGAAAGTCCTATAG-1_2_1"
"1947","GTAGAAAGTTCTCGTC-1_2_1"
"1948","GTAGAAATCGTCAACA-1_2_1"
"1949","GTAGAGGTCTCATAGG-1_2_1"
"1950","GTAGATCTCCGAGGCT-1_2_1"
"1951","GTAGATCTCCGTGGGT-1_2_1"
"1952","GTAGCTACATCCGCGA-1_2_1"
"1953","GTAGCTAGTAGGATAT-1_2_1"
"1954","GTAGGAGAGTTTGGCT-1_2_1"
"1955","GTAGGAGCAACCGCCA-1_2_1"
"1956","GTAGGTTCAGAATGTA-1_2_1"
"1957","GTAGGTTCAGAATTCC-1_2_1"
"1958","GTAGGTTTCGTTCCCA-1_2_1"
"1959","GTAGTACAGGTAAGTT-1_2_1"
"1960","GTAGTACCAACCCTCT-1_2_1"
"1961","GTATTGGGTGGGATTG-1_2_1"
"1962","GTATTGGTCTGGGAGA-1_2_1"
"1963","GTATTTCAGAGCTTTC-1_2_1"
"1964","GTATTTCCATCCGGTG-1_2_1"
"1965","GTCAAACCAACTGATC-1_2_1"
"1966","GTCAAACCAGTAACCT-1_2_1"
"1967","GTCAAGTCACATGAAA-1_2_1"
"1968","GTCAAGTCACCAGTTA-1_2_1"
"1969","GTCAAGTCACGTAGAG-1_2_1"
"1970","GTCACGGAGATGAAGG-1_2_1"
"1971","GTCACGGCACGTCATA-1_2_1"
"1972","GTCACGGGTCTTACAG-1_2_1"
"1973","GTCACGGGTGTATTCG-1_2_1"
"1974","GTCACGGTCCACAAGT-1_2_1"
"1975","GTCACGGTCGCGGTAC-1_2_1"
"1976","GTCACTCAGAAGGCTC-1_2_1"
"1977","GTCACTCAGTAATTGG-1_2_1"
"1978","GTCACTCGTCGTTATG-1_2_1"
"1979","GTCAGCGCAGAGTTGG-1_2_1"
"1980","GTCAGCGTCGTTACCC-1_2_1"
"1981","GTCATCCCAAGTGCAG-1_2_1"
"1982","GTCATCCCATATGCGT-1_2_1"
"1983","GTCATCCTCCTCATAT-1_2_1"
"1984","GTCATGACACTCCGGA-1_2_1"
"1985","GTCATGAGTATTGACC-1_2_1"
"1986","GTCATGAGTGAGTTGG-1_2_1"
"1987","GTCATGATCAGCTTGA-1_2_1"
"1988","GTCATTTAGCCTGTGC-1_2_1"
"1989","GTCATTTAGGACTTCT-1_2_1"
"1990","GTCATTTCAACTGTGT-1_2_1"
"1991","GTCATTTCACCCTTAC-1_2_1"
"1992","GTCATTTCACGTTCGG-1_2_1"
"1993","GTCATTTCACTTCAAG-1_2_1"
"1994","GTCATTTCAGGCTTGC-1_2_1"
"1995","GTCATTTGTTCGGTTA-1_2_1"
"1996","GTCCACTGTATTCCGA-1_2_1"
"1997","GTCCACTTCTGGTGGC-1_2_1"
"1998","GTCCTCAAGGCTTAAA-1_2_1"
"1999","GTCCTCACATGTTTGG-1_2_1"
"2000","GTCCTCAGTGGTCCGT-1_2_1"
"2001","GTCCTCAGTTGTTGTG-1_2_1"
"2002","GTCCTCATCGTCAAAC-1_2_1"
"2003","GTCGAATAGGAGGTTC-1_2_1"
"2004","GTCGAATCACCTATCC-1_2_1"
"2005","GTCGAATCACGGTGAA-1_2_1"
"2006","GTCGAATGTCACGACC-1_2_1"
"2007","GTCGAATGTCTGTAGT-1_2_1"
"2008","GTCGAATGTGCCTTCT-1_2_1"
"2009","GTCGAATGTGTCCATA-1_2_1"
"2010","GTCGCGAAGGTTGACG-1_2_1"
"2011","GTCGCGACACTGTCCT-1_2_1"
"2012","GTCGCGACAGTATTCG-1_2_1"
"2013","GTCGCGAGTTTCGTGA-1_2_1"
"2014","GTCGTAAAGATGAAGG-1_2_1"
"2015","GTCGTAAAGTATGAAC-1_2_1"
"2016","GTCGTAACAACCGACC-1_2_1"
"2017","GTCGTAATCAGTGTGT-1_2_1"
"2018","GTCGTTCAGTCATAGA-1_2_1"
"2019","GTCGTTCCACCGGCTA-1_2_1"
"2020","GTCGTTCGTACTTGTG-1_2_1"
"2021","GTCGTTCTCTTACCAT-1_2_1"
"2022","GTCTACCCAACCGTGC-1_2_1"
"2023","GTCTACCCAAGAGTAT-1_2_1"
"2024","GTCTACCCATGCCATA-1_2_1"
"2025","GTCTACCGTGAGAGGG-1_2_1"
"2026","GTCTAGAAGACATCCT-1_2_1"
"2027","GTCTAGACAGTTTGGT-1_2_1"
"2028","GTCTCACAGCTTGTTG-1_2_1"
"2029","GTCTCACAGGGTAGCT-1_2_1"
"2030","GTCTCACCAGAGAGGG-1_2_1"
"2031","GTCTGTCTCGTGGCGT-1_2_1"
"2032","GTCTTTAAGACCAACG-1_2_1"
"2033","GTCTTTACAGGTTCGC-1_2_1"
"2034","GTGACGCAGACGGATC-1_2_1"
"2035","GTGACGCTCGACCTAA-1_2_1"
"2036","GTGAGCCCAAGTGACG-1_2_1"
"2037","GTGAGCCCAGCAGAAC-1_2_1"
"2038","GTGAGCCGTCCACAGC-1_2_1"
"2039","GTGAGCCGTCTTGCGG-1_2_1"
"2040","GTGAGCCTCCATTGTT-1_2_1"
"2041","GTGAGCCTCGCTAAAC-1_2_1"
"2042","GTGAGCCTCTGCTTAT-1_2_1"
"2043","GTGAGGAAGGTGATAT-1_2_1"
"2044","GTGAGGACACGGGCTT-1_2_1"
"2045","GTGAGGAGTCTACAGT-1_2_1"
"2046","GTGAGTTAGCCATATC-1_2_1"
"2047","GTGAGTTAGGCGACAT-1_2_1"
"2048","GTGAGTTCAAATGCGG-1_2_1"
"2049","GTGAGTTTCGGCTTGG-1_2_1"
"2050","GTGAGTTTCTACACAG-1_2_1"
"2051","GTGATGTCATGACACT-1_2_1"
"2052","GTGATGTTCCTTCTGG-1_2_1"
"2053","GTGCACGGTACCTAAC-1_2_1"
"2054","GTGCACGTCCCAAGCG-1_2_1"
"2055","GTGCAGCAGTGTCATC-1_2_1"
"2056","GTGCAGCCAGGGAGAG-1_2_1"
"2057","GTGCAGCGTTTCGTTT-1_2_1"
"2058","GTGCGTGAGAGTACCG-1_2_1"
"2059","GTGCGTGAGTGCAACG-1_2_1"
"2060","GTGCGTGGTTTGTTCT-1_2_1"
"2061","GTGCGTGTCAGCTGTA-1_2_1"
"2062","GTGCGTGTCCATTCGC-1_2_1"
"2063","GTGCTGGAGCCAAGCA-1_2_1"
"2064","GTGCTTCTCACTTATC-1_2_1"
"2065","GTGGAAGCATAGAATG-1_2_1"
"2066","GTGGAAGGTGTTTACG-1_2_1"
"2067","GTGGAAGTCCGAGAAG-1_2_1"
"2068","GTGGAGAAGTGCACTT-1_2_1"
"2069","GTGGAGAGTGTCGATT-1_2_1"
"2070","GTGGCGTGTAGTAAGT-1_2_1"
"2071","GTGGCGTGTCTACTGA-1_2_1"
"2072","GTGGCGTTCGTGCAGC-1_2_1"
"2073","GTGGCGTTCTGATTCT-1_2_1"
"2074","GTGGGAACATAGGAGC-1_2_1"
"2075","GTGGGAATCAATCCGA-1_2_1"
"2076","GTGGGAATCCGAGAAG-1_2_1"
"2077","GTGGTTAAGTATCCTG-1_2_1"
"2078","GTGGTTAAGTATGGCG-1_2_1"
"2079","GTGGTTAAGTGTGTTC-1_2_1"
"2080","GTGGTTAGTCAGGAGT-1_2_1"
"2081","GTGTAACAGTTCCAGT-1_2_1"
"2082","GTGTAACCACAGCCAC-1_2_1"
"2083","GTGTAACGTCCTGTTC-1_2_1"
"2084","GTGTAACTCAGACTGT-1_2_1"
"2085","GTGTAACTCTTGTGCC-1_2_1"
"2086","GTGTGATCAACGAGGT-1_2_1"
"2087","GTGTGATGTACGTTCA-1_2_1"
"2088","GTGTGATGTAGCGCCT-1_2_1"
"2089","GTGTGATGTCGGTACC-1_2_1"
"2090","GTGTGATGTGTATACC-1_2_1"
"2091","GTGTGATTCTGCGGAC-1_2_1"
"2092","GTGTGGCAGCCGTAAG-1_2_1"
"2093","GTGTGGCAGGTAAAGG-1_2_1"
"2094","GTGTGGCGTAACATAG-1_2_1"
"2095","GTGTTAGGTCACCACG-1_2_1"
"2096","GTGTTCCAGAGCAGAA-1_2_1"
"2097","GTGTTCCAGGCCACTC-1_2_1"
"2098","GTGTTCCAGTAGGAAG-1_2_1"
"2099","GTGTTCCCATGAATAG-1_2_1"
"2100","GTGTTCCTCTACACAG-1_2_1"
"2101","GTTACAGAGACTTCCA-1_2_1"
"2102","GTTACAGAGGAGCTGT-1_2_1"
"2103","GTTACAGAGGCTCAAG-1_2_1"
"2104","GTTACAGGTGGTCCGT-1_2_1"
"2105","GTTACAGGTTAGAAGT-1_2_1"
"2106","GTTACCCAGTTCGCAT-1_2_1"
"2107","GTTACCCTCCTTCTAA-1_2_1"
"2108","GTTACCCTCTAAACGC-1_2_1"
"2109","GTTACGAGTCGTGATT-1_2_1"
"2110","GTTACGATCTTGCAGA-1_2_1"
"2111","GTTAGACAGACGGTCA-1_2_1"
"2112","GTTAGACAGTATGTAG-1_2_1"
"2113","GTTAGACAGTTCCTGA-1_2_1"
"2114","GTTAGACCAATAACGA-1_2_1"
"2115","GTTAGACCAGCGGATA-1_2_1"
"2116","GTTAGACCAGTAGTGG-1_2_1"
"2117","GTTAGACGTCGATTCA-1_2_1"
"2118","GTTAGTGAGAGCATCG-1_2_1"
"2119","GTTAGTGCAACTGCCG-1_2_1"
"2120","GTTAGTGGTTCTAAGC-1_2_1"
"2121","GTTATGGAGCAGAAAG-1_2_1"
"2122","GTTATGGAGCGAACTG-1_2_1"
"2123","GTTATGGAGCTGCCAC-1_2_1"
"2124","GTTATGGCAGTTGCGC-1_2_1"
"2125","GTTCATTGTGCCTTTC-1_2_1"
"2126","GTTCCGTAGGTGCGAT-1_2_1"
"2127","GTTCCGTCATGATCTG-1_2_1"
"2128","GTTCCGTGTGTTTACG-1_2_1"
"2129","GTTCCGTTCACCTCGT-1_2_1"
"2130","GTTCCGTTCACTGAAC-1_2_1"
"2131","GTTCCGTTCTTCTTCC-1_2_1"
"2132","GTTCGCTAGAACAAGG-1_2_1"
"2133","GTTCGCTAGGGCCTCT-1_2_1"
"2134","GTTCGCTCACGTAGAG-1_2_1"
"2135","GTTCGCTGTGCCCGTA-1_2_1"
"2136","GTTCTATAGATCACCT-1_2_1"
"2137","GTTCTATCATGTGCCG-1_2_1"
"2138","GTTCTATTCAGACATC-1_2_1"
"2139","GTTCTATTCATGGGAG-1_2_1"
"2140","GTTCTATTCTTTCGAT-1_2_1"
"2141","GTTGAACCACAAGCAG-1_2_1"
"2142","GTTGAACCATCCGGTG-1_2_1"
"2143","GTTGAACCATCGGAGA-1_2_1"
"2144","GTTGAACGTATCGCGC-1_2_1"
"2145","GTTGAACGTGGGTATG-1_2_1"
"2146","GTTGAACGTTGCAACT-1_2_1"
"2147","GTTGCGGAGCGCGTTC-1_2_1"
"2148","GTTGCGGCAGCGGTTC-1_2_1"
"2149","GTTGCGGTCAAGCCCG-1_2_1"
"2150","GTTGCGGTCACTCACC-1_2_1"
"2151","GTTGCTCAGAAATCCA-1_2_1"
"2152","GTTGCTCAGTTACGAA-1_2_1"
"2153","GTTGCTCTCAGAGCAG-1_2_1"
"2154","GTTGTAGAGACTCGAG-1_2_1"
"2155","GTTGTAGCACTTCTCG-1_2_1"
"2156","GTTGTAGCAGCATTGT-1_2_1"
"2157","GTTGTCCCATGATCTG-1_2_1"
"2158","GTTGTCCGTACAATAG-1_2_1"
"2159","GTTGTGAAGAAACTCA-1_2_1"
"2160","GTTGTGACACGCGCAT-1_2_1"
"2161","GTTGTGAGTAGCGTCC-1_2_1"
"2162","GTTGTGAGTCGAACGA-1_2_1"
"2163","GTTTACTAGCAATTAG-1_2_1"
"2164","GTTTACTGTGTTCATG-1_2_1"
"2165","GTTTACTTCTATCCAT-1_2_1"
"2166","TAACACGTCAGCCCAG-1_2_1"
"2167","TAACCAGAGGCATCAG-1_2_1"
"2168","TAACCAGAGTACTGTC-1_2_1"
"2169","TAACCAGGTTCGTACA-1_2_1"
"2170","TAACGACAGTGGAAGA-1_2_1"
"2171","TAACGACCAATACGCT-1_2_1"
"2172","TAACGACGTTGTGCAT-1_2_1"
"2173","TAACTTCAGAAGGGAT-1_2_1"
"2174","TAACTTCTCGCCAGTG-1_2_1"
"2175","TAAGCACAGATACATG-1_2_1"
"2176","TAAGCACCACCTCAGG-1_2_1"
"2177","TAAGCACTCCCAGGCA-1_2_1"
"2178","TAAGCCAGTACGGCAA-1_2_1"
"2179","TAAGCCAGTCTGTGTA-1_2_1"
"2180","TAAGCCATCGACCCAG-1_2_1"
"2181","TAAGCGTCATACGCAT-1_2_1"
"2182","TAAGCGTGTTTCGTTT-1_2_1"
"2183","TAAGTCGCAGAGGCTA-1_2_1"
"2184","TAATCTCCACAAATGA-1_2_1"
"2185","TAATCTCCATGACTCA-1_2_1"
"2186","TAATCTCGTCTTACAG-1_2_1"
"2187","TAATTCCAGACTCCGC-1_2_1"
"2188","TAATTCCAGGCTCTAT-1_2_1"
"2189","TAATTCCGTGCAGATG-1_2_1"
"2190","TAATTCCTCTGCACCT-1_2_1"
"2191","TACAACGTCATTTGGG-1_2_1"
"2192","TACACCCAGATTAGCA-1_2_1"
"2193","TACACCCCAGAAATTG-1_2_1"
"2194","TACACCCGTGGTAACG-1_2_1"
"2195","TACAGGTAGCCAAGGT-1_2_1"
"2196","TACAGGTCACTATCGA-1_2_1"
"2197","TACAGGTGTAATCAGA-1_2_1"
"2198","TACAGGTGTATGACAA-1_2_1"
"2199","TACATTCGTGGTACAG-1_2_1"
"2200","TACCCACAGATTTGCC-1_2_1"
"2201","TACCCACCACCGTCGA-1_2_1"
"2202","TACCCACCATTGGATC-1_2_1"
"2203","TACCCACGTGCAACAG-1_2_1"
"2204","TACCCACGTGGACAGT-1_2_1"
"2205","TACCCGTAGGTGAGCT-1_2_1"
"2206","TACCCGTGTCAGTTTG-1_2_1"
"2207","TACCGAACAAGACCGA-1_2_1"
"2208","TACCGAAGTGGAAATT-1_2_1"
"2209","TACCGAAGTTGTGGAG-1_2_1"
"2210","TACCGAATCACCGCTT-1_2_1"
"2211","TACCGGGAGCCTGACC-1_2_1"
"2212","TACCGGGAGTCCCAAT-1_2_1"
"2213","TACCGGGGTACCCGAC-1_2_1"
"2214","TACCTCGCAACGGTAG-1_2_1"
"2215","TACCTCGCATACACCA-1_2_1"
"2216","TACCTCGGTTCTCCCA-1_2_1"
"2217","TACCTGCAGACGGTCA-1_2_1"
"2218","TACCTGCCACTCCGAG-1_2_1"
"2219","TACCTGCCATCTGTTT-1_2_1"
"2220","TACGGGCCACCCAACG-1_2_1"
"2221","TACGGGCCACCTGTCT-1_2_1"
"2222","TACGGGCGTCCTACGG-1_2_1"
"2223","TACGGGCGTCTACTGA-1_2_1"
"2224","TACGGGCGTTAACCTG-1_2_1"
"2225","TACGGGCTCAAGCGTT-1_2_1"
"2226","TACGGGCTCTACTATC-1_2_1"
"2227","TACGGTACACAAATAG-1_2_1"
"2228","TACGGTACAGGCGATA-1_2_1"
"2229","TACGGTATCAAGCTGT-1_2_1"
"2230","TACGGTATCCGGTAGC-1_2_1"
"2231","TACGGTATCGATTGGT-1_2_1"
"2232","TACGTCCAGGCGTTAG-1_2_1"
"2233","TACGTCCCAACACGAG-1_2_1"
"2234","TACTGCCAGGTTACCT-1_2_1"
"2235","TACTGCCGTTCTATCT-1_2_1"
"2236","TACTTACTCATGGAGG-1_2_1"
"2237","TACTTCAAGAGTCTTC-1_2_1"
"2238","TACTTCAGTCTGCATA-1_2_1"
"2239","TACTTGTCAAAGGCAC-1_2_1"
"2240","TAGACCACAAAGGTTA-1_2_1"
"2241","TAGACTGAGGCATGGT-1_2_1"
"2242","TAGACTGTCAATCGGT-1_2_1"
"2243","TAGAGTCCACGACAAG-1_2_1"
"2244","TAGAGTCGTTCCGTTC-1_2_1"
"2245","TAGAGTCTCGATCCAA-1_2_1"
"2246","TAGATCGCAGAATCGG-1_2_1"
"2247","TAGATCGGTCTGTCAA-1_2_1"
"2248","TAGCACACATCCCGTT-1_2_1"
"2249","TAGGAGGAGAGTAACT-1_2_1"
"2250","TAGGAGGAGATCCCGC-1_2_1"
"2251","TAGGAGGAGGTGCTTT-1_2_1"
"2252","TAGGAGGCAGGACTTT-1_2_1"
"2253","TAGGAGGGTCAGACTT-1_2_1"
"2254","TAGGAGGTCACTTTGT-1_2_1"
"2255","TAGGAGGTCCCGAACG-1_2_1"
"2256","TAGGGTTAGCTGAAAT-1_2_1"
"2257","TAGGGTTAGTGTAGAT-1_2_1"
"2258","TAGGGTTCACATAACC-1_2_1"
"2259","TAGGGTTTCTTGAGCA-1_2_1"
"2260","TAGGTACCAATTGTGC-1_2_1"
"2261","TAGGTACCATAACAGA-1_2_1"
"2262","TAGGTACGTAACGTTC-1_2_1"
"2263","TAGGTACGTCATGCAT-1_2_1"
"2264","TAGGTTGAGGAAGAAC-1_2_1"
"2265","TAGGTTGGTTCTTCAT-1_2_1"
"2266","TAGGTTGTCGGAGATG-1_2_1"
"2267","TAGGTTGTCTCGCTCA-1_2_1"
"2268","TAGTGCAAGAAGCGGG-1_2_1"
"2269","TAGTGCACAATGGGTG-1_2_1"
"2270","TAGTGCATCTCGACGG-1_2_1"
"2271","TATACCTAGCAATAGT-1_2_1"
"2272","TATACCTCATGTTCGA-1_2_1"
"2273","TATACCTTCGTGCAGC-1_2_1"
"2274","TATACCTTCTAGAACC-1_2_1"
"2275","TATATCCAGATGACCG-1_2_1"
"2276","TATATCCAGCCTCAAT-1_2_1"
"2277","TATATCCCAAAGGCTG-1_2_1"
"2278","TATATCCGTGAGAACC-1_2_1"
"2279","TATATCCTCCTAGCCT-1_2_1"
"2280","TATCAGGTCCGCAACG-1_2_1"
"2281","TATCAGGTCGAAGCAG-1_2_1"
"2282","TATCCTAAGCAGGTCA-1_2_1"
"2283","TATCCTAAGCTTAGTC-1_2_1"
"2284","TATCCTAGTCACTACA-1_2_1"
"2285","TATCCTAGTTGTTTGG-1_2_1"
"2286","TATCCTATCTCTCGAC-1_2_1"
"2287","TATCGCCAGAAGTCAT-1_2_1"
"2288","TATCGCCAGCGCTTCG-1_2_1"
"2289","TATCGCCCATGAGTAA-1_2_1"
"2290","TATCTGTAGCAGCGAT-1_2_1"
"2291","TATCTGTAGGGCGAGA-1_2_1"
"2292","TATCTGTGTCAAAGTA-1_2_1"
"2293","TATCTGTGTCCGGATC-1_2_1"
"2294","TATCTGTGTGGAGAAA-1_2_1"
"2295","TATCTGTTCATCCTAT-1_2_1"
"2296","TATCTGTTCGGTCAGC-1_2_1"
"2297","TATCTTGCAGGTACGA-1_2_1"
"2298","TATCTTGGTGGTTTGT-1_2_1"
"2299","TATCTTGGTGTGTCCG-1_2_1"
"2300","TATCTTGGTTAATCGC-1_2_1"
"2301","TATCTTGTCGGATAAA-1_2_1"
"2302","TATGTTCAGAGTCAAT-1_2_1"
"2303","TATTCCAAGAGTTCGG-1_2_1"
"2304","TATTCCAAGGGCGAGA-1_2_1"
"2305","TATTCCACAACTGATC-1_2_1"
"2306","TATTCCACATGGGTCC-1_2_1"
"2307","TATTCCAGTACGACAG-1_2_1"
"2308","TATTCCAGTATGGTTC-1_2_1"
"2309","TATTCCAGTTACCCAA-1_2_1"
"2310","TATTCCAGTTCAAGGG-1_2_1"
"2311","TATTGCTAGAAGCCTG-1_2_1"
"2312","TATTGCTAGGGAACAA-1_2_1"
"2313","TATTGCTCAACGCCCA-1_2_1"
"2314","TATTGGGAGATTGGGC-1_2_1"
"2315","TATTGGGTCTGTCCGT-1_2_1"
"2316","TATTTCGAGCATTTCG-1_2_1"
"2317","TATTTCGTCTTAGCAG-1_2_1"
"2318","TCAAGACAGGTTGCCC-1_2_1"
"2319","TCAAGACCACCCTAGG-1_2_1"
"2320","TCAAGACGTAACGGTG-1_2_1"
"2321","TCAAGCAAGTCCGTCG-1_2_1"
"2322","TCAAGCATCGTCGATA-1_2_1"
"2323","TCAAGTGAGATAGTGT-1_2_1"
"2324","TCAAGTGTCTCCACTG-1_2_1"
"2325","TCAAGTGTCTCCTGAC-1_2_1"
"2326","TCAATCTGTCGTTATG-1_2_1"
"2327","TCAATCTTCCACATAG-1_2_1"
"2328","TCAATCTTCTGAACGT-1_2_1"
"2329","TCAATTCAGGGATCTG-1_2_1"
"2330","TCAATTCAGTTGCTGT-1_2_1"
"2331","TCACAAGCAGAGGGTT-1_2_1"
"2332","TCACAAGCAGCTACTA-1_2_1"
"2333","TCACAAGTCCACGAAT-1_2_1"
"2334","TCACAAGTCTGATTCT-1_2_1"
"2335","TCACACCCACCTTCCA-1_2_1"
"2336","TCACACCCATGTGGCC-1_2_1"
"2337","TCACATTAGATGACAT-1_2_1"
"2338","TCACATTAGCACTCTA-1_2_1"
"2339","TCACATTAGTGCTAGG-1_2_1"
"2340","TCACATTAGTTGCTGT-1_2_1"
"2341","TCACATTCATCATCCC-1_2_1"
"2342","TCACGCTCACCTATCC-1_2_1"
"2343","TCACGCTGTCGTTTCC-1_2_1"
"2344","TCACGCTGTCTCAAGT-1_2_1"
"2345","TCACGCTTCACTGATG-1_2_1"
"2346","TCACGCTTCGTGCTCT-1_2_1"
"2347","TCACGCTTCTCTGACC-1_2_1"
"2348","TCACGGGGTAGTCCTA-1_2_1"
"2349","TCACTATAGCTCTATG-1_2_1"
"2350","TCACTATGTAGATGTA-1_2_1"
"2351","TCACTATTCTGCGGGT-1_2_1"
"2352","TCACTCGGTTCAGGTT-1_2_1"
"2353","TCACTCGTCTCATTTG-1_2_1"
"2354","TCAGCAAGTAGTTCCA-1_2_1"
"2355","TCAGCAAGTCGTGGAA-1_2_1"
"2356","TCAGCAAGTGTGATGG-1_2_1"
"2357","TCAGCAAGTGTGCTTA-1_2_1"
"2358","TCAGCCTAGCTACTGT-1_2_1"
"2359","TCAGCCTGTAGAATAC-1_2_1"
"2360","TCAGCCTGTCACCACG-1_2_1"
"2361","TCAGGGCAGAGTTGAT-1_2_1"
"2362","TCAGGGCTCGAGATGG-1_2_1"
"2363","TCAGGGCTCTATCGCC-1_2_1"
"2364","TCAGGTAGTGAGCGAT-1_2_1"
"2365","TCAGGTAGTGGATCGA-1_2_1"
"2366","TCAGGTATCACCATGA-1_2_1"
"2367","TCAGGTATCTATCGGA-1_2_1"
"2368","TCAGGTATCTGTGCTC-1_2_1"
"2369","TCAGTCCCAACTCATG-1_2_1"
"2370","TCAGTCCCACGGATCC-1_2_1"
"2371","TCAGTCCGTCGGTGAA-1_2_1"
"2372","TCAGTCCGTTATTCTC-1_2_1"
"2373","TCAGTGACAGTAGATA-1_2_1"
"2374","TCAGTTTGTTCCTAAG-1_2_1"
"2375","TCAGTTTTCCACCTGT-1_2_1"
"2376","TCATACTAGAACTTCC-1_2_1"
"2377","TCATACTAGGTCCTGC-1_2_1"
"2378","TCATACTCACACTTAG-1_2_1"
"2379","TCATACTGTGTTAGCT-1_2_1"
"2380","TCATATCCAACTTGGT-1_2_1"
"2381","TCATATCGTCTCGACG-1_2_1"
"2382","TCATATCTCCAGCTCT-1_2_1"
"2383","TCATCATAGCGTATAA-1_2_1"
"2384","TCATCATAGTCACACT-1_2_1"
"2385","TCATCATGTCATAAAG-1_2_1"
"2386","TCATCATTCAAGCCCG-1_2_1"
"2387","TCATCATTCCATCTGC-1_2_1"
"2388","TCATCATTCCTCATAT-1_2_1"
"2389","TCATCATTCGAGAAAT-1_2_1"
"2390","TCATCCGAGCAACTCT-1_2_1"
"2391","TCATCCGTCTGAGAGG-1_2_1"
"2392","TCATGCCCATTACGGT-1_2_1"
"2393","TCATGGACATCATCCC-1_2_1"
"2394","TCATGGAGTAGCACGA-1_2_1"
"2395","TCATGTTAGCTGCCAC-1_2_1"
"2396","TCATGTTGTCGAATTC-1_2_1"
"2397","TCATGTTGTGCAATGG-1_2_1"
"2398","TCATGTTTCTATTTCG-1_2_1"
"2399","TCATTACAGCAGATAT-1_2_1"
"2400","TCATTACAGTATGACA-1_2_1"
"2401","TCATTACCAGCTGTTA-1_2_1"
"2402","TCATTACCATACACCA-1_2_1"
"2403","TCATTACGTCCTGGTG-1_2_1"
"2404","TCATTACTCTACCTTA-1_2_1"
"2405","TCATTCAAGTAGTGCG-1_2_1"
"2406","TCATTCACAGACCTGC-1_2_1"
"2407","TCATTCAGTCCACGCA-1_2_1"
"2408","TCATTGTAGTGCACCC-1_2_1"
"2409","TCATTGTCAACAACAA-1_2_1"
"2410","TCATTGTCACCTGCAG-1_2_1"
"2411","TCATTTGTCCCAGCGA-1_2_1"
"2412","TCATTTGTCGCGTGCA-1_2_1"
"2413","TCATTTGTCTCGGTAA-1_2_1"
"2414","TCCACCACAGCTCATA-1_2_1"
"2415","TCCACCAGTAGTTAGA-1_2_1"
"2416","TCCACGTCAACTCCCT-1_2_1"
"2417","TCCACGTCAGACAAAT-1_2_1"
"2418","TCCACGTCAGCAGGAT-1_2_1"
"2419","TCCACGTGTGGGTTGA-1_2_1"
"2420","TCCACGTTCATGCTAG-1_2_1"
"2421","TCCACGTTCGCCTTTG-1_2_1"
"2422","TCCACGTTCTCCACTG-1_2_1"
"2423","TCCATGCTCCGTATGA-1_2_1"
"2424","TCCATGCTCGTCGCTT-1_2_1"
"2425","TCCCACAAGCATGGGT-1_2_1"
"2426","TCCCACACAGAGTGTG-1_2_1"
"2427","TCCCACAGTGTCATCA-1_2_1"
"2428","TCCCACAGTTCTGACA-1_2_1"
"2429","TCCCACATCCCGATCT-1_2_1"
"2430","TCCCACATCTACGGGC-1_2_1"
"2431","TCCCAGTAGCATGCAG-1_2_1"
"2432","TCCCAGTAGCTATCCA-1_2_1"
"2433","TCCCAGTCAACAGCCC-1_2_1"
"2434","TCCCAGTCATGATCTG-1_2_1"
"2435","TCCCAGTGTCGCACGT-1_2_1"
"2436","TCCCAGTGTCTACTGA-1_2_1"
"2437","TCCCATGCACTAACGT-1_2_1"
"2438","TCCCATGTCCGCCTAT-1_2_1"
"2439","TCCGAAAAGGTAACTA-1_2_1"
"2440","TCCGAAACAACTCGAT-1_2_1"
"2441","TCCGAAACACACCGCA-1_2_1"
"2442","TCCGAAACACATGACT-1_2_1"
"2443","TCCGAAACAGGCTACC-1_2_1"
"2444","TCCGAAATCGTAGTGT-1_2_1"
"2445","TCCGATCCAAAGGGTC-1_2_1"
"2446","TCCGATCCAAGTTTGC-1_2_1"
"2447","TCCGGGACAACCTATG-1_2_1"
"2448","TCCGGGATCAGCTGAT-1_2_1"
"2449","TCCGGGATCCGTAATG-1_2_1"
"2450","TCCGGGATCGTAGTGT-1_2_1"
"2451","TCCGGGATCTAGACCA-1_2_1"
"2452","TCCGGGATCTCGCCTA-1_2_1"
"2453","TCCGTGTGTTCTCTCG-1_2_1"
"2454","TCCTAATCACTCCGAG-1_2_1"
"2455","TCCTAATCAGAAATCA-1_2_1"
"2456","TCCTAATCATCTCATT-1_2_1"
"2457","TCCTAATGTAAGACCG-1_2_1"
"2458","TCCTAATGTGGTATGG-1_2_1"
"2459","TCCTAATGTGTGTCCG-1_2_1"
"2460","TCCTCCCGTGACACGA-1_2_1"
"2461","TCCTCCCTCTCAGAAC-1_2_1"
"2462","TCCTCGAAGCAGGGAG-1_2_1"
"2463","TCCTCTTAGGAACGTC-1_2_1"
"2464","TCCTCTTCAGGCGTTC-1_2_1"
"2465","TCCTCTTGTCTGTGGC-1_2_1"
"2466","TCCTGCAAGACCAGCA-1_2_1"
"2467","TCCTGCAGTTTCGTAG-1_2_1"
"2468","TCCTGCATCACACCGG-1_2_1"
"2469","TCCTGCATCGCTTGCT-1_2_1"
"2470","TCCTTCTCACATTACG-1_2_1"
"2471","TCCTTCTCACGTTCGG-1_2_1"
"2472","TCCTTCTCATGTTTGG-1_2_1"
"2473","TCCTTCTTCGTTAGTG-1_2_1"
"2474","TCCTTTCAGTAGCTCT-1_2_1"
"2475","TCCTTTCCAAACGAGC-1_2_1"
"2476","TCCTTTCCACCCAACG-1_2_1"
"2477","TCCTTTCCATACCATG-1_2_1"
"2478","TCCTTTCGTGCATCTA-1_2_1"
"2479","TCGAACAGTACGATGG-1_2_1"
"2480","TCGAACAGTGTTTACG-1_2_1"
"2481","TCGAACATCTAGAGCT-1_2_1"
"2482","TCGAAGTAGCACTCCG-1_2_1"
"2483","TCGAAGTGTAAGGAGA-1_2_1"
"2484","TCGACCTGTCGAGATG-1_2_1"
"2485","TCGACGGAGAACTCCT-1_2_1"
"2486","TCGACGGAGCATCGAG-1_2_1"
"2487","TCGACGGGTGTTCATG-1_2_1"
"2488","TCGACGGTCGCCATAA-1_2_1"
"2489","TCGATTTAGACTCAAA-1_2_1"
"2490","TCGATTTAGGATACGC-1_2_1"
"2491","TCGCACTAGCTAGAGC-1_2_1"
"2492","TCGCAGGCAACACGTT-1_2_1"
"2493","TCGCAGGCACTGTCCT-1_2_1"
"2494","TCGCAGGTCCGAGGCT-1_2_1"
"2495","TCGCTCAAGTGGTCAG-1_2_1"
"2496","TCGCTCACAAGCAGGT-1_2_1"
"2497","TCGCTCACACAGCATT-1_2_1"
"2498","TCGCTTGAGGCCCACT-1_2_1"
"2499","TCGCTTGGTATGAGAT-1_2_1"
"2500","TCGCTTGTCCGCAGTG-1_2_1"
"2501","TCGGATAAGATTGTGA-1_2_1"
"2502","TCGGATACAAGTTTGC-1_2_1"
"2503","TCGGATACATCGATGT-1_2_1"
"2504","TCGGATAGTACAGTCT-1_2_1"
"2505","TCGGATAGTGCGGATA-1_2_1"
"2506","TCGGGACAGTGGCGAT-1_2_1"
"2507","TCGGGACGTCTGTAAC-1_2_1"
"2508","TCGGGACGTCTTGAGT-1_2_1"
"2509","TCGGGACTCTCGGTCT-1_2_1"
"2510","TCGGGACTCTGGGTCG-1_2_1"
"2511","TCGGGCAAGAGAATCT-1_2_1"
"2512","TCGGGCAAGATGGTAT-1_2_1"
"2513","TCGGGCAAGGATTCCT-1_2_1"
"2514","TCGGGCAAGGTATAGT-1_2_1"
"2515","TCGGGCATCAGTGGGA-1_2_1"
"2516","TCGGGTGAGAATCGTA-1_2_1"
"2517","TCGGGTGAGGGAGATA-1_2_1"
"2518","TCGGGTGAGGGATCAC-1_2_1"
"2519","TCGGGTGCATAGGAGC-1_2_1"
"2520","TCGGGTGGTATGCAAA-1_2_1"
"2521","TCGGGTGGTTCATCTT-1_2_1"
"2522","TCGGGTGGTTCTCGTC-1_2_1"
"2523","TCGGGTGTCTACTGAG-1_2_1"
"2524","TCGGTCTAGCAACTTC-1_2_1"
"2525","TCGGTCTTCATTGGTG-1_2_1"
"2526","TCGGTCTTCCGATCGG-1_2_1"
"2527","TCGTAGAAGCCAGAGT-1_2_1"
"2528","TCGTAGAAGGGCTGAT-1_2_1"
"2529","TCGTAGAAGTAGCAAT-1_2_1"
"2530","TCGTAGAGTAGCTTTG-1_2_1"
"2531","TCGTAGAGTTCGGCGT-1_2_1"
"2532","TCGTAGATCGGAGCAA-1_2_1"
"2533","TCGTCCATCATGCCGG-1_2_1"
"2534","TCGTGCTAGACGTCCC-1_2_1"
"2535","TCGTGCTAGACTTGTC-1_2_1"
"2536","TCGTGCTAGTCGGCAA-1_2_1"
"2537","TCGTGCTGTCCACTTC-1_2_1"
"2538","TCGTGCTTCATGAGGG-1_2_1"
"2539","TCGTGCTTCGACATCA-1_2_1"
"2540","TCGTGGGGTGAAAGTT-1_2_1"
"2541","TCGTGGGGTGAGTTTC-1_2_1"
"2542","TCGTGGGGTTCGAGCC-1_2_1"
"2543","TCGTGGGTCGGTGTAT-1_2_1"
"2544","TCTAACTAGTTTCGAC-1_2_1"
"2545","TCTAACTCATGCGGTC-1_2_1"
"2546","TCTAACTGTCCTTTGC-1_2_1"
"2547","TCTAACTGTCTGTGAT-1_2_1"
"2548","TCTAACTGTTACACAC-1_2_1"
"2549","TCTAACTTCCTGGGAC-1_2_1"
"2550","TCTACATAGGTGATAT-1_2_1"
"2551","TCTACATGTTAAGAAC-1_2_1"
"2552","TCTACATTCCTACGGG-1_2_1"
"2553","TCTACATTCTACCAGA-1_2_1"
"2554","TCTACCGAGGAGTATT-1_2_1"
"2555","TCTACCGGTTTGATCG-1_2_1"
"2556","TCTACCGTCTTGGGCG-1_2_1"
"2557","TCTACCGTCTTTGCGC-1_2_1"
"2558","TCTATACAGAAATCCA-1_2_1"
"2559","TCTATACAGCCTGAAG-1_2_1"
"2560","TCTATACCATCTGGGC-1_2_1"
"2561","TCTATACGTAATGTGA-1_2_1"
"2562","TCTATACGTACTCGCG-1_2_1"
"2563","TCTATACGTGCGACAA-1_2_1"
"2564","TCTATACGTTGCTTGA-1_2_1"
"2565","TCTATCAAGCAGTCTT-1_2_1"
"2566","TCTATCACACGACAAG-1_2_1"
"2567","TCTATCATCATAGACC-1_2_1"
"2568","TCTATCATCCACGGAC-1_2_1"
"2569","TCTCACGAGAGGGTCT-1_2_1"
"2570","TCTCACGAGCAGCACA-1_2_1"
"2571","TCTCACGCACGTTCGG-1_2_1"
"2572","TCTCACGCATACTGTG-1_2_1"
"2573","TCTCACGGTGCTGCAC-1_2_1"
"2574","TCTCACGTCTGCGGGT-1_2_1"
"2575","TCTCAGCAGAGTCAAT-1_2_1"
"2576","TCTCAGCCAACAGATA-1_2_1"
"2577","TCTCAGCCAGCTGCCA-1_2_1"
"2578","TCTCAGCCATTCGGGC-1_2_1"
"2579","TCTCAGCGTGATCGTT-1_2_1"
"2580","TCTCAGCTCACTTGGA-1_2_1"
"2581","TCTCCGAGTGCTGCAC-1_2_1"
"2582","TCTCTGGCAGTCAGTT-1_2_1"
"2583","TCTCTGGTCGTGTGAT-1_2_1"
"2584","TCTGCCATCGGCCTTT-1_2_1"
"2585","TCTGCCATCTCGAGTA-1_2_1"
"2586","TCTGGCTAGGAACGCT-1_2_1"
"2587","TCTGGCTAGGATCATA-1_2_1"
"2588","TCTGGCTAGGCAATGC-1_2_1"
"2589","TCTGGCTTCACTGGGC-1_2_1"
"2590","TCTGGCTTCCAGGACC-1_2_1"
"2591","TCTTAGTCAGAGAATT-1_2_1"
"2592","TCTTAGTTCGCTGTTC-1_2_1"
"2593","TCTTCCTAGTGTTCAC-1_2_1"
"2594","TCTTCCTCAAGTAGTA-1_2_1"
"2595","TCTTCCTCACTTGAAC-1_2_1"
"2596","TCTTCCTGTCGTTCAA-1_2_1"
"2597","TCTTCCTTCCAACTAG-1_2_1"
"2598","TCTTGCGAGAGTATAC-1_2_1"
"2599","TCTTGCGCAATTGCTG-1_2_1"
"2600","TCTTGCGGTGCCCGTA-1_2_1"
"2601","TCTTTGAAGCACTAAA-1_2_1"
"2602","TCTTTGACAAAGGGTC-1_2_1"
"2603","TCTTTGAGTTGAGGAC-1_2_1"
"2604","TCTTTGATCATGCTAG-1_2_1"
"2605","TGAACGTAGGGAGTGG-1_2_1"
"2606","TGAACGTTCCTTCTTC-1_2_1"
"2607","TGAATCGAGTCTTCCC-1_2_1"
"2608","TGAATCGGTATCCTCC-1_2_1"
"2609","TGAATCGGTCTCAGAT-1_2_1"
"2610","TGAATCGGTCTCGGAC-1_2_1"
"2611","TGAATGCAGACTAAGT-1_2_1"
"2612","TGAATGCCACACAGAG-1_2_1"
"2613","TGAATGCCACTAGGCC-1_2_1"
"2614","TGAATGCGTATGAGAT-1_2_1"
"2615","TGAATGCTCGGCACTG-1_2_1"
"2616","TGACAGTAGAAAGTCT-1_2_1"
"2617","TGACAGTAGAGCAAGA-1_2_1"
"2618","TGACAGTCAGGTCTCG-1_2_1"
"2619","TGACAGTTCGTTAGTG-1_2_1"
"2620","TGACCCTGTAGCTTAC-1_2_1"
"2621","TGACGCGAGTTTGGCT-1_2_1"
"2622","TGACGCGCACGTTGGC-1_2_1"
"2623","TGACGCGCAGGAATAT-1_2_1"
"2624","TGACTCCAGGAATGTT-1_2_1"
"2625","TGACTCCGTAGAGACC-1_2_1"
"2626","TGAGACTTCCCTTGTG-1_2_1"
"2627","TGAGACTTCTGAGGTT-1_2_1"
"2628","TGAGCATCAGACCCGT-1_2_1"
"2629","TGAGCATGTGGAGAAA-1_2_1"
"2630","TGAGCATTCCTTGGAA-1_2_1"
"2631","TGAGCGCAGCGAGAAA-1_2_1"
"2632","TGAGCGCCACGTTGGC-1_2_1"
"2633","TGAGCGCGTCGGCCTA-1_2_1"
"2634","TGAGCGCTCAACTGGT-1_2_1"
"2635","TGAGGAGAGTTTCGAC-1_2_1"
"2636","TGAGGAGCAATACCCA-1_2_1"
"2637","TGAGGAGCACGTTGGC-1_2_1"
"2638","TGAGGAGCATGACTCA-1_2_1"
"2639","TGAGGGAAGCTTTGTG-1_2_1"
"2640","TGAGGGAAGGGCAACT-1_2_1"
"2641","TGAGGGACAGCTCGGT-1_2_1"
"2642","TGAGGTTCATCTCCCA-1_2_1"
"2643","TGAGGTTGTCAATGGG-1_2_1"
"2644","TGAGTCAAGTAACCGG-1_2_1"
"2645","TGAGTCAGTAGTGGCA-1_2_1"
"2646","TGAGTCAGTCGTGCCA-1_2_1"
"2647","TGATCAGAGCCATTTG-1_2_1"
"2648","TGATCAGGTCGGCCTA-1_2_1"
"2649","TGATCTTAGGGCAGGA-1_2_1"
"2650","TGATCTTCATGCCGCA-1_2_1"
"2651","TGATGCAAGAGCTGAC-1_2_1"
"2652","TGATGCATCGATCCAA-1_2_1"
"2653","TGATGCATCGTTCCCA-1_2_1"
"2654","TGATGGTCAATCCTAG-1_2_1"
"2655","TGATGGTCATCGAAGG-1_2_1"
"2656","TGATGGTCATGTGTCA-1_2_1"
"2657","TGATGGTGTTATCCAG-1_2_1"
"2658","TGATTCTAGTCACAGG-1_2_1"
"2659","TGATTCTGTTAACAGA-1_2_1"
"2660","TGATTTCAGTGGACTG-1_2_1"
"2661","TGATTTCCACCGCTGA-1_2_1"
"2662","TGATTTCCATTGAGCT-1_2_1"
"2663","TGATTTCGTGGAGGTT-1_2_1"
"2664","TGATTTCGTGTGATGG-1_2_1"
"2665","TGATTTCTCATAGACC-1_2_1"
"2666","TGATTTCTCCGATAGT-1_2_1"
"2667","TGCACGGAGACTCTAC-1_2_1"
"2668","TGCACGGGTCTGTGTA-1_2_1"
"2669","TGCAGATAGTGATCGG-1_2_1"
"2670","TGCAGATGTATTAAGG-1_2_1"
"2671","TGCAGATGTTCTTCAT-1_2_1"
"2672","TGCAGATTCGCCATAA-1_2_1"
"2673","TGCAGGCAGGCTAGCA-1_2_1"
"2674","TGCAGTAAGTATTCCG-1_2_1"
"2675","TGCAGTACAAGGTCGA-1_2_1"
"2676","TGCAGTACAATAGTAG-1_2_1"
"2677","TGCAGTACACCCTAAA-1_2_1"
"2678","TGCAGTACACCGGCTA-1_2_1"
"2679","TGCAGTACAGCTGTAT-1_2_1"
"2680","TGCAGTACAGCTGTCG-1_2_1"
"2681","TGCAGTAGTACGCTTA-1_2_1"
"2682","TGCAGTATCACGTAGT-1_2_1"
"2683","TGCAGTATCACTGGTA-1_2_1"
"2684","TGCAGTATCGAATCCA-1_2_1"
"2685","TGCATCCAGGTAACTA-1_2_1"
"2686","TGCATCCCATCCGTGG-1_2_1"
"2687","TGCATCCGTCTCGCGA-1_2_1"
"2688","TGCATCCGTCTTTCTA-1_2_1"
"2689","TGCATGACACGTAACT-1_2_1"
"2690","TGCATGACACTAGGTT-1_2_1"
"2691","TGCATGACATTGAGGG-1_2_1"
"2692","TGCATGAGTCGTACTA-1_2_1"
"2693","TGCATGATCGTCTACC-1_2_1"
"2694","TGCCGAGAGAAATCCA-1_2_1"
"2695","TGCCGAGCATTGGCAT-1_2_1"
"2696","TGCCGAGGTAGGCAAC-1_2_1"
"2697","TGCCGAGGTCCTACAA-1_2_1"
"2698","TGCCGAGGTGAATGTA-1_2_1"
"2699","TGCCGAGGTTCTCACC-1_2_1"
"2700","TGCCGAGTCTCGACGG-1_2_1"
"2701","TGCGACGCACAGCTGC-1_2_1"
"2702","TGCGACGGTACCTTCC-1_2_1"
"2703","TGCGACGGTTCAGCTA-1_2_1"
"2704","TGCGACGTCCTTTGAT-1_2_1"
"2705","TGCGATAGTCTCCTGT-1_2_1"
"2706","TGCGGCAAGCACTAGG-1_2_1"
"2707","TGCGGCAAGCTATCCA-1_2_1"
"2708","TGCGGCACACTAGAGG-1_2_1"
"2709","TGCGGCACATCGTCCT-1_2_1"
"2710","TGCGGCAGTCCCAAAT-1_2_1"
"2711","TGCGGGTGTCGGTACC-1_2_1"
"2712","TGCTCCAAGACCATAA-1_2_1"
"2713","TGCTCCACAGCCTATA-1_2_1"
"2714","TGCTCCACATTCTCTA-1_2_1"
"2715","TGCTCCATCGATCCCT-1_2_1"
"2716","TGCTCGTGTATGGAGC-1_2_1"
"2717","TGCTGAAGTACGATTC-1_2_1"
"2718","TGCTGAATCCTAGCGG-1_2_1"
"2719","TGCTTCGCATCGAACT-1_2_1"
"2720","TGCTTCGCATTCCTAT-1_2_1"
"2721","TGCTTCGGTGCACGCT-1_2_1"
"2722","TGCTTGCAGAGCATTA-1_2_1"
"2723","TGGAACTCACAAACGG-1_2_1"
"2724","TGGAACTCACTCCGAG-1_2_1"
"2725","TGGAACTGTCACGCTG-1_2_1"
"2726","TGGAACTGTCGGTACC-1_2_1"
"2727","TGGAACTGTGACTCTA-1_2_1"
"2728","TGGAACTTCTTAGTTC-1_2_1"
"2729","TGGAGAGCAAACCGGA-1_2_1"
"2730","TGGAGAGGTGAGCAGT-1_2_1"
"2731","TGGAGAGGTGTTGAGG-1_2_1"
"2732","TGGAGGAAGTACAGCG-1_2_1"
"2733","TGGAGGAAGTCTCTGA-1_2_1"
"2734","TGGATCACACACCGAC-1_2_1"
"2735","TGGATCATCTCCGTGT-1_2_1"
"2736","TGGATGTGTCTAACGT-1_2_1"
"2737","TGGATGTGTTCTCGTC-1_2_1"
"2738","TGGATGTTCCATGATG-1_2_1"
"2739","TGGCGTGAGAATACAC-1_2_1"
"2740","TGGCGTGAGCCAGTAG-1_2_1"
"2741","TGGCGTGCAAGGTCGA-1_2_1"
"2742","TGGCGTGCATCGGCCA-1_2_1"
"2743","TGGCGTGGTACAGCGA-1_2_1"
"2744","TGGCGTGGTACGTGTT-1_2_1"
"2745","TGGCGTGTCTGCAGCG-1_2_1"
"2746","TGGGAGAAGGCACCAA-1_2_1"
"2747","TGGGAGAGTGCGTGCT-1_2_1"
"2748","TGGGAGATCACTTCTA-1_2_1"
"2749","TGGGATTCAAATGGTA-1_2_1"
"2750","TGGGATTCACCATATG-1_2_1"
"2751","TGGGATTGTCACTACA-1_2_1"
"2752","TGGGCGTAGCTGACAG-1_2_1"
"2753","TGGGCGTCATCTCAAG-1_2_1"
"2754","TGGGCGTGTAGAATGT-1_2_1"
"2755","TGGGCGTTCCGAGGCT-1_2_1"
"2756","TGGGCGTTCTGAGTCA-1_2_1"
"2757","TGGGCTGAGACATCAA-1_2_1"
"2758","TGGGCTGAGGTTGACG-1_2_1"
"2759","TGGGCTGAGTTTCGGT-1_2_1"
"2760","TGGGTTAGTACAATAG-1_2_1"
"2761","TGGTACAGTCTGGTTA-1_2_1"
"2762","TGGTACAGTTTGGGTT-1_2_1"
"2763","TGGTACATCATTTGCT-1_2_1"
"2764","TGGTAGTAGACACACG-1_2_1"
"2765","TGGTAGTTCAACGAGG-1_2_1"
"2766","TGGTGATAGCTGAAGC-1_2_1"
"2767","TGGTGATCACGGTAGA-1_2_1"
"2768","TGGTGATCATGGAGAC-1_2_1"
"2769","TGGTGATGTAGCGAGT-1_2_1"
"2770","TGGTGATGTTCTCTCG-1_2_1"
"2771","TGGTGATGTTCTTCAT-1_2_1"
"2772","TGGTGATTCATTCTTG-1_2_1"
"2773","TGGTTAGAGACGGTCA-1_2_1"
"2774","TGGTTAGAGCCAAGCA-1_2_1"
"2775","TGGTTAGAGTATTGCC-1_2_1"
"2776","TGGTTAGCACAGTCAT-1_2_1"
"2777","TGGTTAGCACTTGTCC-1_2_1"
"2778","TGGTTAGGTCGCACAC-1_2_1"
"2779","TGGTTAGTCCCGTTGT-1_2_1"
"2780","TGTAAGCGTTATAGAG-1_2_1"
"2781","TGTACAGAGTCGTTAC-1_2_1"
"2782","TGTACAGCAATCGCGC-1_2_1"
"2783","TGTACAGTCCCGTAAA-1_2_1"
"2784","TGTAGACAGCTAGCCC-1_2_1"
"2785","TGTAGACCACCAATTG-1_2_1"
"2786","TGTAGACCACTTTATC-1_2_1"
"2787","TGTAGACCATTCGGGC-1_2_1"
"2788","TGTCAGAAGCCTTTCC-1_2_1"
"2789","TGTCAGAGTGTGCTTA-1_2_1"
"2790","TGTCAGATCACATACG-1_2_1"
"2791","TGTCCACCAAGACGGT-1_2_1"
"2792","TGTCCACGTCTCTCTG-1_2_1"
"2793","TGTCCACTCGCTGCGA-1_2_1"
"2794","TGTCCCAGTGCATCTA-1_2_1"
"2795","TGTCCTGAGATCGCTT-1_2_1"
"2796","TGTCCTGAGTATTGCC-1_2_1"
"2797","TGTCCTGGTTCAAACC-1_2_1"
"2798","TGTCCTGTCAGCATTG-1_2_1"
"2799","TGTGAGTAGACCTGGA-1_2_1"
"2800","TGTGAGTAGCAGGCAT-1_2_1"
"2801","TGTGAGTAGTAAGCAT-1_2_1"
"2802","TGTGAGTTCCACGTCT-1_2_1"
"2803","TGTGAGTTCCCTGGTT-1_2_1"
"2804","TGTGAGTTCGCAGTTA-1_2_1"
"2805","TGTGATGAGATAGCTA-1_2_1"
"2806","TGTGATGCATCCTGTC-1_2_1"
"2807","TGTGATGTCACTCGAA-1_2_1"
"2808","TGTGGCGAGAGGTGCT-1_2_1"
"2809","TGTGGCGAGTATGAAC-1_2_1"
"2810","TGTGGCGGTCAGTCTA-1_2_1"
"2811","TGTGGCGTCAGACTGT-1_2_1"
"2812","TGTGGCGTCCGAGGCT-1_2_1"
"2813","TGTGTGAAGTCGCCAC-1_2_1"
"2814","TGTGTGAGTTCTCGTC-1_2_1"
"2815","TGTTACTAGACATAGT-1_2_1"
"2816","TGTTCCGAGACGGAAA-1_2_1"
"2817","TGTTCCGCAACTCGAT-1_2_1"
"2818","TGTTCCGGTAGGCTCC-1_2_1"
"2819","TGTTCCGGTGGGTCAA-1_2_1"
"2820","TGTTCCGGTTATGTCG-1_2_1"
"2821","TGTTCTAAGTCCGCCA-1_2_1"
"2822","TGTTCTAGTTGCATCA-1_2_1"
"2823","TGTTCTAGTTGGCCGT-1_2_1"
"2824","TGTTCTATCTCACGAA-1_2_1"
"2825","TGTTGAGCAGGTTCAT-1_2_1"
"2826","TGTTGGACAGTATGAA-1_2_1"
"2827","TGTTGGATCTACGCAA-1_2_1"
"2828","TGTTTGTAGCATTTCG-1_2_1"
"2829","TGTTTGTAGCCATTGT-1_2_1"
"2830","TGTTTGTAGCTAATGA-1_2_1"
"2831","TGTTTGTCAATAGTAG-1_2_1"
"2832","TGTTTGTCATGAAAGT-1_2_1"
"2833","TTAATCCCACATGTTG-1_2_1"
"2834","TTAATCCCATCGATAC-1_2_1"
"2835","TTAATCCGTAAGGCTG-1_2_1"
"2836","TTAATCCTCCCTCTAG-1_2_1"
"2837","TTAATCCTCTCGCTCA-1_2_1"
"2838","TTACAGGCAATGAACA-1_2_1"
"2839","TTACAGGCAGCGTATT-1_2_1"
"2840","TTACAGGGTGCTAGCC-1_2_1"
"2841","TTACCATGTTCTCGTC-1_2_1"
"2842","TTACCATTCCCTCTAG-1_2_1"
"2843","TTACCGCCACGAAGAC-1_2_1"
"2844","TTACCGCCAGACCAAG-1_2_1"
"2845","TTACCGCCAGCCTATA-1_2_1"
"2846","TTACCGCGTTAGCTAC-1_2_1"
"2847","TTACCGCTCGTGGGTC-1_2_1"
"2848","TTACGCCTCTAAGAAG-1_2_1"
"2849","TTACGTTCAGGGATAC-1_2_1"
"2850","TTACTGTAGAATTGCA-1_2_1"
"2851","TTACTGTGTGGATCAG-1_2_1"
"2852","TTACTGTGTGGATCGA-1_2_1"
"2853","TTACTGTTCCATTGGA-1_2_1"
"2854","TTAGGCAAGCCGAACA-1_2_1"
"2855","TTAGGCAAGCGTGAAC-1_2_1"
"2856","TTAGGCAAGTCCCGAC-1_2_1"
"2857","TTAGGCACAGAGTGTG-1_2_1"
"2858","TTAGGCACATCTGTTT-1_2_1"
"2859","TTAGGCAGTTGGGTAG-1_2_1"
"2860","TTAGGCAGTTGTCATG-1_2_1"
"2861","TTAGGGTAGCTGCCAC-1_2_1"
"2862","TTAGGGTTCTTGGTGA-1_2_1"
"2863","TTAGTCTTCACTACTT-1_2_1"
"2864","TTAGTCTTCCTCTCTT-1_2_1"
"2865","TTATTGCCATCCGGCA-1_2_1"
"2866","TTATTGCTCAGATTGC-1_2_1"
"2867","TTATTGCTCTCACCCA-1_2_1"
"2868","TTCAATCAGAGTACCG-1_2_1"
"2869","TTCAATCAGAGTCACG-1_2_1"
"2870","TTCAATCAGCTACAAA-1_2_1"
"2871","TTCAATCCATGAAAGT-1_2_1"
"2872","TTCACCGAGTCTAGCT-1_2_1"
"2873","TTCACCGTCTCATTTG-1_2_1"
"2874","TTCACGCCAACTACGT-1_2_1"
"2875","TTCACGCTCAAAGACA-1_2_1"
"2876","TTCACGCTCAAAGGTA-1_2_1"
"2877","TTCAGGACAAATGGCG-1_2_1"
"2878","TTCAGGAGTCGTGGAA-1_2_1"
"2879","TTCAGGAGTGCTGTCG-1_2_1"
"2880","TTCAGGATCGGTCTGG-1_2_1"
"2881","TTCAGGATCTCAAAGC-1_2_1"
"2882","TTCATGTAGGAGTCTG-1_2_1"
"2883","TTCATGTCAGCTGTTA-1_2_1"
"2884","TTCATGTGTGTCACAT-1_2_1"
"2885","TTCATGTGTTCAAGTC-1_2_1"
"2886","TTCATGTTCGTTCTGC-1_2_1"
"2887","TTCATTGAGCGAACTG-1_2_1"
"2888","TTCATTGAGGGCAGTT-1_2_1"
"2889","TTCATTGAGGTGTGAC-1_2_1"
"2890","TTCATTGGTTCAAGTC-1_2_1"
"2891","TTCCAATTCAAGGAGC-1_2_1"
"2892","TTCCACGCACTCAAGT-1_2_1"
"2893","TTCCACGGTTCTCTAT-1_2_1"
"2894","TTCCACGGTTGTTTGG-1_2_1"
"2895","TTCCACGTCCTCATAT-1_2_1"
"2896","TTCCGGTAGCCTATCA-1_2_1"
"2897","TTCCGGTAGGAACGTC-1_2_1"
"2898","TTCCGGTAGTTACTCG-1_2_1"
"2899","TTCCGGTGTTCTCTAT-1_2_1"
"2900","TTCCGTGAGAAGGTAG-1_2_1"
"2901","TTCCGTGAGGAGTCTG-1_2_1"
"2902","TTCCGTGTCTACTCAT-1_2_1"
"2903","TTCCGTGTCTATGTGG-1_2_1"
"2904","TTCCTAAAGATAGCTA-1_2_1"
"2905","TTCCTAAGTAACCCGC-1_2_1"
"2906","TTCCTAAGTTCCGGTG-1_2_1"
"2907","TTCCTCTAGATGGGCT-1_2_1"
"2908","TTCCTCTAGTGCCTCG-1_2_1"
"2909","TTCCTCTGTTCTCAGA-1_2_1"
"2910","TTCCTTCCAAACTAGA-1_2_1"
"2911","TTCCTTCGTTTAAGGA-1_2_1"
"2912","TTCGATTAGCGAGTCA-1_2_1"
"2913","TTCGATTCACTTCAGA-1_2_1"
"2914","TTCGCTGAGAGGTCGT-1_2_1"
"2915","TTCGCTGCACCTATCC-1_2_1"
"2916","TTCGCTGCATAGCTGT-1_2_1"
"2917","TTCGCTGGTCCAGCCA-1_2_1"
"2918","TTCGCTGGTTGCATGT-1_2_1"
"2919","TTCGCTGGTTTGAACC-1_2_1"
"2920","TTCGCTGTCACAAGAA-1_2_1"
"2921","TTCGGTCAGACTCCGC-1_2_1"
"2922","TTCGGTCAGCGTGTCC-1_2_1"
"2923","TTCGGTCCAGAACCGA-1_2_1"
"2924","TTCGGTCCATGCGGTC-1_2_1"
"2925","TTCGGTCGTAGCGTAG-1_2_1"
"2926","TTCGGTCGTGGAGGTT-1_2_1"
"2927","TTCGGTCTCTTCTAAC-1_2_1"
"2928","TTCTAACCAGGACATG-1_2_1"
"2929","TTCTCTCAGAATTTGG-1_2_1"
"2930","TTCTCTCAGACCTCAT-1_2_1"
"2931","TTCTCTCAGTTCTACG-1_2_1"
"2932","TTCTCTCGTTCCTTGC-1_2_1"
"2933","TTCTGTAAGTGAGGCT-1_2_1"
"2934","TTCTGTACAAGAGGTC-1_2_1"
"2935","TTCTGTACAATCCAGT-1_2_1"
"2936","TTCTGTAGTCGGATTT-1_2_1"
"2937","TTCTGTATCAGATGCT-1_2_1"
"2938","TTCTTCCGTCCCTGAG-1_2_1"
"2939","TTCTTCCGTTCTATCT-1_2_1"
"2940","TTCTTCCTCACACCGG-1_2_1"
"2941","TTCTTCCTCACTTGTT-1_2_1"
"2942","TTCTTCCTCCGTTTCG-1_2_1"
"2943","TTCTTCCTCTGGGTCG-1_2_1"
"2944","TTCTTGAAGCAAGTGC-1_2_1"
"2945","TTCTTGAGTGTTCGAT-1_2_1"
"2946","TTGAACGCACGTAGAG-1_2_1"
"2947","TTGAACGCAGGCTACC-1_2_1"
"2948","TTGAACGCATACCACA-1_2_1"
"2949","TTGACCCAGGCTGAAC-1_2_1"
"2950","TTGAGTGAGTTCCGGC-1_2_1"
"2951","TTGAGTGCAACTACGT-1_2_1"
"2952","TTGAGTGCAGACACAG-1_2_1"
"2953","TTGAGTGCAGGACGAT-1_2_1"
"2954","TTGAGTGGTATTCCTT-1_2_1"
"2955","TTGAGTGTCAGATGCT-1_2_1"
"2956","TTGAGTGTCTGAGCAT-1_2_1"
"2957","TTGATGGAGATGTTAG-1_2_1"
"2958","TTGATGGAGCATCAGG-1_2_1"
"2959","TTGATGGCAATCCTAG-1_2_1"
"2960","TTGATGGCACTCTCGT-1_2_1"
"2961","TTGCATTGTTCCAGGC-1_2_1"
"2962","TTGCATTGTTTAGAGA-1_2_1"
"2963","TTGCATTTCTACTGAG-1_2_1"
"2964","TTGCCTGAGTTGTAGA-1_2_1"
"2965","TTGCGTCTCACTTCTA-1_2_1"
"2966","TTGCGTCTCCGCGATG-1_2_1"
"2967","TTGCGTCTCCTGCCAT-1_2_1"
"2968","TTGCTGCCACAATGAA-1_2_1"
"2969","TTGCTGCTCCAGTACA-1_2_1"
"2970","TTGCTGCTCCATCTGC-1_2_1"
"2971","TTGCTGCTCGCTACGG-1_2_1"
"2972","TTGGATGAGCTAGCCC-1_2_1"
"2973","TTGGATGCAAGCGATG-1_2_1"
"2974","TTGGATGTCATCCCGT-1_2_1"
"2975","TTGGGATAGTGTTGTC-1_2_1"
"2976","TTGGGATCATGACTAC-1_2_1"
"2977","TTGGGATTCGCGGTAC-1_2_1"
"2978","TTGGGCGAGGAAAGTG-1_2_1"
"2979","TTGGTTTGTGCCTATA-1_2_1"
"2980","TTGTGGACATCTTCGC-1_2_1"
"2981","TTGTGGAGTCGTGGAA-1_2_1"
"2982","TTGTGTTAGTTAGTAG-1_2_1"
"2983","TTGTGTTGTCATACCA-1_2_1"
"2984","TTGTTCAAGACGTCGA-1_2_1"
"2985","TTGTTCAAGATCACTC-1_2_1"
"2986","TTGTTCACACCTGATA-1_2_1"
"2987","TTGTTCAGTTCTCCTG-1_2_1"
"2988","TTGTTCATCCAAAGGG-1_2_1"
"2989","TTGTTGTCAAATGGCG-1_2_1"
"2990","TTGTTGTCAGTCTGGC-1_2_1"
"2991","TTGTTGTGTGACACGA-1_2_1"
"2992","TTGTTTGAGCACCTGC-1_2_1"
"2993","TTTACCAAGGGCAGGA-1_2_1"
"2994","TTTACCACAGGAGGTT-1_2_1"
"2995","TTTACCAGTAGGTAGC-1_2_1"
"2996","TTTACCAGTCCACATA-1_2_1"
"2997","TTTACCATCCAACTGA-1_2_1"
"2998","TTTACGTCATACCATG-1_2_1"
"2999","TTTACGTGTATTTCTC-1_2_1"
"3000","TTTACGTGTGTTACAC-1_2_1"
"3001","TTTACGTTCTTTACAC-1_2_1"
"3002","TTTACTGGTCACTTCC-1_2_1"
"3003","TTTACTGGTTGAAGTA-1_2_1"
"3004","TTTACTGTCTCTGGTC-1_2_1"
"3005","TTTATGCAGTCGAAGC-1_2_1"
"3006","TTTATGCCAGAGTTGG-1_2_1"
"3007","TTTATGCGTCACTCTC-1_2_1"
"3008","TTTATGCGTTATAGCC-1_2_1"
"3009","TTTCACAAGAATCGCG-1_2_1"
"3010","TTTCACAAGAATTTGG-1_2_1"
"3011","TTTCACAAGTGACACG-1_2_1"
"3012","TTTCACATCCAGCAAT-1_2_1"
"3013","TTTCAGTGTCGGTGAA-1_2_1"
"3014","TTTCAGTTCTTCGATT-1_2_1"
"3015","TTTCATGCACCGGTCA-1_2_1"
"3016","TTTCATGTCAAGCGTT-1_2_1"
"3017","TTTCCTCGTGAACGGT-1_2_1"
"3018","TTTCCTCGTTACAGCT-1_2_1"
"3019","TTTCGATCAGCTTTGA-1_2_1"
"3020","TTTCGATGTATCGCGC-1_2_1"
"3021","TTTCGATGTCATCCCT-1_2_1"
"3022","TTTCGATGTCGCGGTT-1_2_1"
"3023","TTTCGATGTTGAGGAC-1_2_1"
"3024","TTTCGATTCGTTGCCT-1_2_1"
"3025","TTTGACTAGACGATAT-1_2_1"
"3026","TTTGACTGTCCATAGT-1_2_1"
"3027","TTTGACTGTGAGAGGG-1_2_1"
"3028","TTTGACTTCTGTTGGA-1_2_1"
"3029","TTTGATCCAGAGAAAG-1_2_1"
"3030","TTTGATCCATAAGATG-1_2_1"
"3031","TTTGATCGTCCTGGGT-1_2_1"
"3032","TTTGATCGTCGGTGAA-1_2_1"
"3033","TTTGGAGGTTGCGGCT-1_2_1"
"3034","TTTGGTTCATTGTGCA-1_2_1"
"3035","TTTGTTGAGCTATCCA-1_2_1"
"3036","TTTGTTGCAACAAAGT-1_2_1"
"3037","TTTGTTGGTGTCATCA-1_2_1"
"3038","TTTGTTGTCGGAATTC-1_2_1"
