"","x"
"1","AAACCCACACGCGTCA-1_1_2"
"2","AAACGAAAGGCCACCT-1_1_2"
"3","AAACGAAGTGTCCTAA-1_1_2"
"4","AAACGAATCAGACTGT-1_1_2"
"5","AAACGAATCTGAGCAT-1_1_2"
"6","AAACGCTAGATCGACG-1_1_2"
"7","AAACGCTAGGCCCAAA-1_1_2"
"8","AAACGCTAGGTAGACC-1_1_2"
"9","AAACGCTAGGTGCTAG-1_1_2"
"10","AAACGCTGTACAGTCT-1_1_2"
"11","AAACGCTTCATTTACC-1_1_2"
"12","AAACGCTTCTGTCTCG-1_1_2"
"13","AAAGAACGTATAATGG-1_1_2"
"14","AAAGAACGTATCGAAA-1_1_2"
"15","AAAGAACGTCACATTG-1_1_2"
"16","AAAGGATAGCACTCTA-1_1_2"
"17","AAAGGATAGGTCCGAA-1_1_2"
"18","AAAGGATCAGTCTGGC-1_1_2"
"19","AAAGGATTCGTAGTCA-1_1_2"
"20","AAAGGGCAGTTCCGGC-1_1_2"
"21","AAAGGGCCACGCTGCA-1_1_2"
"22","AAAGGGCGTAACGTTC-1_1_2"
"23","AAAGGTAAGCCGCACT-1_1_2"
"24","AAAGTCCAGGCCCAAA-1_1_2"
"25","AAAGTCCAGGTTAGTA-1_1_2"
"26","AAAGTCCGTTAACAGA-1_1_2"
"27","AAAGTGAAGTCTCGTA-1_1_2"
"28","AAAGTGAAGTGCACAG-1_1_2"
"29","AAAGTGACATATGGCT-1_1_2"
"30","AAAGTGATCGACACCG-1_1_2"
"31","AAATGGACAAGTCATC-1_1_2"
"32","AAATGGATCATGTCTT-1_1_2"
"33","AACAAAGAGGGTACAC-1_1_2"
"34","AACAAAGCAGGTAGTG-1_1_2"
"35","AACAAAGGTGGGCTCT-1_1_2"
"36","AACAAAGGTTCCCACT-1_1_2"
"37","AACAAAGTCCCTCTTT-1_1_2"
"38","AACAACCGTAGCGCTC-1_1_2"
"39","AACAACCGTCTACGAT-1_1_2"
"40","AACAACCGTGATGGCA-1_1_2"
"41","AACAACCTCGAACGGA-1_1_2"
"42","AACAACCTCTGCCTGT-1_1_2"
"43","AACAAGACAACGGCCT-1_1_2"
"44","AACAAGACATCAGCAT-1_1_2"
"45","AACAAGAGTGATTGGG-1_1_2"
"46","AACAAGAGTTGCATCA-1_1_2"
"47","AACAAGATCCATCTCG-1_1_2"
"48","AACACACAGCGCCCAT-1_1_2"
"49","AACACACCACAAATCC-1_1_2"
"50","AACACACGTATCCCAA-1_1_2"
"51","AACACACTCTCGTGAA-1_1_2"
"52","AACAGGGAGGGCAAGG-1_1_2"
"53","AACAGGGGTCAGGTAG-1_1_2"
"54","AACAGGGGTCCAGAAG-1_1_2"
"55","AACAGGGTCTCGACGG-1_1_2"
"56","AACCAACAGCCATATC-1_1_2"
"57","AACCAACAGCCATTCA-1_1_2"
"58","AACCAACCACGACTAT-1_1_2"
"59","AACCAACCATCGATCA-1_1_2"
"60","AACCAACGTTCTATCT-1_1_2"
"61","AACCAACGTTTGGAAA-1_1_2"
"62","AACCACAAGGAGACCT-1_1_2"
"63","AACCACAGTAGTATAG-1_1_2"
"64","AACCACAGTGCATACT-1_1_2"
"65","AACCATGAGACCATGG-1_1_2"
"66","AACCATGCAGAATCGG-1_1_2"
"67","AACCCAAAGCATGATA-1_1_2"
"68","AACCCAATCCTTACCG-1_1_2"
"69","AACCTGACAGAAATCA-1_1_2"
"70","AACCTGAGTAACAGTA-1_1_2"
"71","AACCTGATCGCCAGAC-1_1_2"
"72","AACCTGATCGGCTGGT-1_1_2"
"73","AACCTGATCGGTCATA-1_1_2"
"74","AACCTTTCACCAAAGG-1_1_2"
"75","AACCTTTCACGGGCTT-1_1_2"
"76","AACCTTTGTATGGGAC-1_1_2"
"77","AACCTTTGTCGGAACA-1_1_2"
"78","AACCTTTGTTTCGTTT-1_1_2"
"79","AACGAAACACAGCATT-1_1_2"
"80","AACGAAACAGACCAGA-1_1_2"
"81","AACGAAACATACTGTG-1_1_2"
"82","AACGAAAGTCGAGCTC-1_1_2"
"83","AACGAAATCGGTCACG-1_1_2"
"84","AACGGGAAGGTGCGAT-1_1_2"
"85","AACGGGATCGTCCTCA-1_1_2"
"86","AACTTCTTCAAGCCGC-1_1_2"
"87","AACTTCTTCCATAGGT-1_1_2"
"88","AACTTCTTCCGATGTA-1_1_2"
"89","AACTTCTTCTGGGCAC-1_1_2"
"90","AACTTCTTCTTCGCTG-1_1_2"
"91","AAGAACACACATGTTG-1_1_2"
"92","AAGACAAAGACCATTC-1_1_2"
"93","AAGACAAAGCATCCTA-1_1_2"
"94","AAGACAAAGGGCATGT-1_1_2"
"95","AAGACAACAGAACGCA-1_1_2"
"96","AAGACAACATTCAGGT-1_1_2"
"97","AAGACTCAGTGATAGT-1_1_2"
"98","AAGACTCCAGCGAGTA-1_1_2"
"99","AAGACTCCATGTGCCG-1_1_2"
"100","AAGATAGAGGTCATTC-1_1_2"
"101","AAGATAGCAAATAAGC-1_1_2"
"102","AAGATAGCACCAGCTG-1_1_2"
"103","AAGATAGCAGGAACCA-1_1_2"
"104","AAGATAGGTTCACGAT-1_1_2"
"105","AAGATAGTCATCGACA-1_1_2"
"106","AAGATAGTCCTGTTAT-1_1_2"
"107","AAGCATCAGCGTATGG-1_1_2"
"108","AAGCATCCAGTAACAA-1_1_2"
"109","AAGCATCGTAGCGCTC-1_1_2"
"110","AAGCCATGTGGGTATG-1_1_2"
"111","AAGCCATTCGTAACTG-1_1_2"
"112","AAGCGTTAGCTCGAAG-1_1_2"
"113","AAGCGTTCACACCGAC-1_1_2"
"114","AAGGAATAGTTGCTGT-1_1_2"
"115","AAGGAATCACGGTAGA-1_1_2"
"116","AAGGAATCACTCCTTG-1_1_2"
"117","AAGGTAAAGTCACTAC-1_1_2"
"118","AAGGTAACAGCTGGTC-1_1_2"
"119","AAGGTAAGTCTCGCGA-1_1_2"
"120","AAGGTAATCCGCCTAT-1_1_2"
"121","AAGTACCGTAACACCT-1_1_2"
"122","AAGTACCGTAACGCGA-1_1_2"
"123","AAGTACCTCATGCGGC-1_1_2"
"124","AAGTCGTAGCAACTTC-1_1_2"
"125","AAGTCGTTCATTCCTA-1_1_2"
"126","AAGTCGTTCGCGTGAC-1_1_2"
"127","AAGTGAAAGTTCATGC-1_1_2"
"128","AAGTGAACATCAGTGT-1_1_2"
"129","AAGTGAAGTCGTCTCT-1_1_2"
"130","AAGTTCGCAACAGAGC-1_1_2"
"131","AAGTTCGGTTACACAC-1_1_2"
"132","AAGTTCGGTTGTCATG-1_1_2"
"133","AATAGAGAGACAGCGT-1_1_2"
"134","AATAGAGAGTGAGGCT-1_1_2"
"135","AATAGAGCAGTAACCT-1_1_2"
"136","AATAGAGCATGGCCAC-1_1_2"
"137","AATAGAGCATTCAGGT-1_1_2"
"138","AATAGAGGTGCCCGTA-1_1_2"
"139","AATAGAGTCAAATAGG-1_1_2"
"140","AATCACGAGTGCACCC-1_1_2"
"141","AATCACGCACAAGCCC-1_1_2"
"142","AATCACGGTCCTGTTC-1_1_2"
"143","AATCACGGTCTTCAAG-1_1_2"
"144","AATCGACAGAATACAC-1_1_2"
"145","AATCGACAGGACAAGA-1_1_2"
"146","AATCGACCACTAACCA-1_1_2"
"147","AATCGACCAGGCAATG-1_1_2"
"148","AATCGACGTCGCCTAG-1_1_2"
"149","AATCGACGTGGTCCCA-1_1_2"
"150","AATCGACTCTTTGCGC-1_1_2"
"151","AATCGTGGTACCGCGT-1_1_2"
"152","AATCGTGTCTCCCAAC-1_1_2"
"153","AATGAAGAGTGCACAG-1_1_2"
"154","AATGAAGCAACTGGTT-1_1_2"
"155","AATGCCATCGTGAGAG-1_1_2"
"156","AATGGAACAGCATTGT-1_1_2"
"157","AATGGAAGTCGACGCT-1_1_2"
"158","AATGGAAGTGAGTCAG-1_1_2"
"159","AATGGAAGTTCTCCAC-1_1_2"
"160","AATGGAATCCCAAGCG-1_1_2"
"161","AATGGCTTCGTGCTCT-1_1_2"
"162","AATTCCTAGGAAGTCC-1_1_2"
"163","AATTCCTAGTCCCAGC-1_1_2"
"164","AATTCCTAGTGAGGTC-1_1_2"
"165","AATTCCTGTTCTGAGT-1_1_2"
"166","AATTCCTTCAGACATC-1_1_2"
"167","AATTCCTTCATCTACT-1_1_2"
"168","AATTCCTTCCGTATGA-1_1_2"
"169","AATTCCTTCTGGGATT-1_1_2"
"170","AATTTCCAGCACTCGC-1_1_2"
"171","ACAAAGAAGTAACGTA-1_1_2"
"172","ACAAAGACATAACAGA-1_1_2"
"173","ACAACCATCAAACGAA-1_1_2"
"174","ACAACCATCCAGCACG-1_1_2"
"175","ACAACCATCCATACAG-1_1_2"
"176","ACAAGCTCAACAGTGG-1_1_2"
"177","ACAAGCTCACTGCGTG-1_1_2"
"178","ACAAGCTTCTGGGAGA-1_1_2"
"179","ACACAGTAGCGCTTCG-1_1_2"
"180","ACACAGTCATATACCG-1_1_2"
"181","ACACAGTGTGGCGCTT-1_1_2"
"182","ACACCAAAGCATCCCG-1_1_2"
"183","ACACGCGCATCCTCAC-1_1_2"
"184","ACACTGACACAGTCAT-1_1_2"
"185","ACAGAAATCTACTATC-1_1_2"
"186","ACAGCCGAGTACAACA-1_1_2"
"187","ACAGGGAAGTTTCTTC-1_1_2"
"188","ACATCCCAGAAACCAT-1_1_2"
"189","ACATCCCGTGTGTACT-1_1_2"
"190","ACATCCCGTTAAAGTG-1_1_2"
"191","ACATCGAAGCGGTATG-1_1_2"
"192","ACATCGAAGCTCGTGC-1_1_2"
"193","ACATCGAGTGGACCAA-1_1_2"
"194","ACATGCAAGCTAGTTC-1_1_2"
"195","ACATGCACACCGTGAC-1_1_2"
"196","ACATGCACACCTCAGG-1_1_2"
"197","ACATGCACATGTGGTT-1_1_2"
"198","ACATGCATCACTTTGT-1_1_2"
"199","ACATTTCCACTTCAAG-1_1_2"
"200","ACATTTCCAGCACGAA-1_1_2"
"201","ACATTTCGTATGAGAT-1_1_2"
"202","ACATTTCGTGAACTAA-1_1_2"
"203","ACATTTCTCAGTGGGA-1_1_2"
"204","ACATTTCTCTTCTAAC-1_1_2"
"205","ACCAAACAGACCGCCT-1_1_2"
"206","ACCAAACAGGAACGAA-1_1_2"
"207","ACCAAACAGTAAGACT-1_1_2"
"208","ACCAAACCAACACGTT-1_1_2"
"209","ACCAAACCACATATGC-1_1_2"
"210","ACCAAACGTCTGTAAC-1_1_2"
"211","ACCAACAGTCTCGCGA-1_1_2"
"212","ACCACAAAGGACACTG-1_1_2"
"213","ACCACAACACAAACGG-1_1_2"
"214","ACCACAAGTCGAGTGA-1_1_2"
"215","ACCACAAGTGTGATGG-1_1_2"
"216","ACCACAAGTTAGTTCG-1_1_2"
"217","ACCATTTAGTCGGCAA-1_1_2"
"218","ACCATTTCAGTTGTTG-1_1_2"
"219","ACCATTTGTGTCGCTG-1_1_2"
"220","ACCCAAAAGACCAGAC-1_1_2"
"221","ACCCAAAAGTGCAGCA-1_1_2"
"222","ACCCAAACAAGTATAG-1_1_2"
"223","ACCCAAAGTGTCCATA-1_1_2"
"224","ACCCTCACAACACAGG-1_1_2"
"225","ACCCTTGAGCTGGCCT-1_1_2"
"226","ACCCTTGCAACTGAAA-1_1_2"
"227","ACCCTTGTCGTGCTCT-1_1_2"
"228","ACCGTTCGTACGAAAT-1_1_2"
"229","ACCGTTCGTAGCGTAG-1_1_2"
"230","ACCGTTCGTTCCCAAA-1_1_2"
"231","ACCTACCAGCCATTGT-1_1_2"
"232","ACCTACCGTGTCCCTT-1_1_2"
"233","ACCTACCTCGTAATGC-1_1_2"
"234","ACCTACCTCTTGAGCA-1_1_2"
"235","ACCTGAACACAGTGAG-1_1_2"
"236","ACCTGAAGTGATACAA-1_1_2"
"237","ACCTGAAGTGTTTCTT-1_1_2"
"238","ACCTGAATCATGCCGG-1_1_2"
"239","ACCTGAATCGTAGCCG-1_1_2"
"240","ACCTGTCGTCTCGGGT-1_1_2"
"241","ACCTGTCTCCGAGTGC-1_1_2"
"242","ACGATCACAGGCCTGT-1_1_2"
"243","ACGATCAGTTTGTTGG-1_1_2"
"244","ACGATGTAGGACAACC-1_1_2"
"245","ACGCACGAGAAGGCTC-1_1_2"
"246","ACGCACGAGCAGGCTA-1_1_2"
"247","ACGCACGAGCCAGTAG-1_1_2"
"248","ACGCACGTCACCTACC-1_1_2"
"249","ACGCACGTCCGTGTGG-1_1_2"
"250","ACGGAAGAGTCAGAGC-1_1_2"
"251","ACGGGTCAGATTCGAA-1_1_2"
"252","ACGGGTCAGCCGATTT-1_1_2"
"253","ACGGGTCCACTGAATC-1_1_2"
"254","ACGGGTCGTCCGATCG-1_1_2"
"255","ACGGGTCTCGGTAGGA-1_1_2"
"256","ACGGTCGAGTTAACGA-1_1_2"
"257","ACGGTCGGTCACGCTG-1_1_2"
"258","ACGGTCGGTGAGCGAT-1_1_2"
"259","ACGGTCGTCGCTTACC-1_1_2"
"260","ACGGTTAAGGCTATCT-1_1_2"
"261","ACGGTTATCGTGGGAA-1_1_2"
"262","ACGTAACCAACGGCCT-1_1_2"
"263","ACGTAACTCTTAGTTC-1_1_2"
"264","ACGTACAAGGACAAGA-1_1_2"
"265","ACGTACAAGTCCGTCG-1_1_2"
"266","ACGTACATCAATCCAG-1_1_2"
"267","ACGTAGTCAAAGGCTG-1_1_2"
"268","ACGTCCTAGAAGCGGG-1_1_2"
"269","ACGTCCTGTACATACC-1_1_2"
"270","ACGTCCTTCAATGCAC-1_1_2"
"271","ACGTTCCGTGTGTCCG-1_1_2"
"272","ACTACGAAGGAACGAA-1_1_2"
"273","ACTACGACAACTACGT-1_1_2"
"274","ACTACGACATGTTCGA-1_1_2"
"275","ACTACGAGTCGAGCAA-1_1_2"
"276","ACTACGAGTCTTGAAC-1_1_2"
"277","ACTACGAGTTACAGCT-1_1_2"
"278","ACTACGATCCATAAGC-1_1_2"
"279","ACTATCTAGCATCCCG-1_1_2"
"280","ACTATCTGTAGCTTTG-1_1_2"
"281","ACTATCTTCTTCTGTA-1_1_2"
"282","ACTATCTTCTTGAACG-1_1_2"
"283","ACTATGGAGGGCTGAT-1_1_2"
"284","ACTATGGCAGGCGAAT-1_1_2"
"285","ACTATGGGTCCTGGTG-1_1_2"
"286","ACTATGGGTTAGAAGT-1_1_2"
"287","ACTATGGTCGTTCCTG-1_1_2"
"288","ACTATTCAGGGCAAGG-1_1_2"
"289","ACTATTCCAAGGTACG-1_1_2"
"290","ACTATTCCACCAAATC-1_1_2"
"291","ACTATTCGTGGAACCA-1_1_2"
"292","ACTCCCACAAGTTGGG-1_1_2"
"293","ACTCCCAGTGACACAG-1_1_2"
"294","ACTCTCGAGCATGGGT-1_1_2"
"295","ACTCTCGCACGATTCA-1_1_2"
"296","ACTCTCGGTGACCTGC-1_1_2"
"297","ACTCTCGGTTGTATGC-1_1_2"
"298","ACTGATGAGTCTAGAA-1_1_2"
"299","ACTGATGCAGTTAAAG-1_1_2"
"300","ACTGCAAAGACGCATG-1_1_2"
"301","ACTGCAACAACAGCTT-1_1_2"
"302","ACTGCAACAGAGGGTT-1_1_2"
"303","ACTGCAAGTACGGGAT-1_1_2"
"304","ACTGCAAGTCCACTTC-1_1_2"
"305","ACTGCAAGTTAGGACG-1_1_2"
"306","ACTGTCCAGGGATCTG-1_1_2"
"307","ACTGTCCCAACCGTGC-1_1_2"
"308","ACTGTCCCATAGGAGC-1_1_2"
"309","ACTGTCCGTGGGACAT-1_1_2"
"310","ACTGTCCGTGTTAAAG-1_1_2"
"311","ACTGTCCTCGGCGATC-1_1_2"
"312","ACTGTGAAGGAAACGA-1_1_2"
"313","ACTGTGAGTCAGTCCG-1_1_2"
"314","ACTGTGATCCGAGGCT-1_1_2"
"315","ACTTAGGAGCACCGTC-1_1_2"
"316","ACTTAGGCAACTGTGT-1_1_2"
"317","ACTTAGGGTCCACGCA-1_1_2"
"318","ACTTAGGGTCCACTCT-1_1_2"
"319","ACTTAGGTCGGCCCAA-1_1_2"
"320","ACTTATCCAGTCGGAA-1_1_2"
"321","ACTTATCCATCGTCCT-1_1_2"
"322","ACTTATCCATGGAATA-1_1_2"
"323","ACTTATCGTAGCGTAG-1_1_2"
"324","ACTTATCGTTGCCAAT-1_1_2"
"325","ACTTATCTCGCCAACG-1_1_2"
"326","ACTTCCGCATCGAGCC-1_1_2"
"327","ACTTCGCAGAAGGGAT-1_1_2"
"328","ACTTCGCAGCTGAAGC-1_1_2"
"329","ACTTCGCAGTTGAAAC-1_1_2"
"330","ACTTTCAGTACGTGAG-1_1_2"
"331","ACTTTCAGTATCAGCT-1_1_2"
"332","ACTTTGTAGAGAACCC-1_1_2"
"333","ACTTTGTAGCCTTTGA-1_1_2"
"334","ACTTTGTGTGTTAGCT-1_1_2"
"335","AGAAATGAGACTGAGC-1_1_2"
"336","AGAAATGAGTAGAATC-1_1_2"
"337","AGAAATGTCCGTGGCA-1_1_2"
"338","AGAACAAAGGTTAGTA-1_1_2"
"339","AGAACAAAGTTTGAGA-1_1_2"
"340","AGAACAAGTCCGGTCA-1_1_2"
"341","AGAACAATCGTCGGGT-1_1_2"
"342","AGAACAATCTACACTT-1_1_2"
"343","AGAACAATCTGGTTGA-1_1_2"
"344","AGAACCTAGGTCTACT-1_1_2"
"345","AGAACCTCAGCAGGAT-1_1_2"
"346","AGAACCTGTGTGTACT-1_1_2"
"347","AGAAGCGAGTGGCAGT-1_1_2"
"348","AGAAGCGCAAGCGAAC-1_1_2"
"349","AGAAGCGGTTAGGACG-1_1_2"
"350","AGAAGCGTCCGGACTG-1_1_2"
"351","AGAAGTAGTCATTCCC-1_1_2"
"352","AGAAGTAGTTCTCGTC-1_1_2"
"353","AGACAAAAGCTCTGTA-1_1_2"
"354","AGACACTCAACAGTGG-1_1_2"
"355","AGACACTGTGAACGGT-1_1_2"
"356","AGACACTTCCATTTAC-1_1_2"
"357","AGACACTTCCTTGACC-1_1_2"
"358","AGACACTTCGTAACCA-1_1_2"
"359","AGACAGGAGCGTGTTT-1_1_2"
"360","AGACAGGCAATGGCAG-1_1_2"
"361","AGACAGGGTTCTTAGG-1_1_2"
"362","AGACAGGTCACTTCTA-1_1_2"
"363","AGACCATAGTACTGGG-1_1_2"
"364","AGACCATGTAGATTGA-1_1_2"
"365","AGACCATGTGCCTATA-1_1_2"
"366","AGACCATGTGTGAATA-1_1_2"
"367","AGACCCGAGCGTTGTT-1_1_2"
"368","AGACCCGAGCTGCGAA-1_1_2"
"369","AGACCCGCAGTTCACA-1_1_2"
"370","AGACCCGGTTAACAGA-1_1_2"
"371","AGACCCGGTTATAGAG-1_1_2"
"372","AGACCCGTCTCGCGTT-1_1_2"
"373","AGACTCAAGACGCATG-1_1_2"
"374","AGACTCACACGTACTA-1_1_2"
"375","AGAGAATCAGAAGTTA-1_1_2"
"376","AGAGAATCATAATCCG-1_1_2"
"377","AGAGAATTCTGGCCTT-1_1_2"
"378","AGAGAGCAGTAAGACT-1_1_2"
"379","AGAGAGCAGTCAACAA-1_1_2"
"380","AGAGAGCCAAAGCGTG-1_1_2"
"381","AGAGAGCCAACTTCTT-1_1_2"
"382","AGAGAGCCACACCGCA-1_1_2"
"383","AGAGAGCCAGCGTTGC-1_1_2"
"384","AGAGAGCGTTCTAACG-1_1_2"
"385","AGAGAGCGTTGCGTAT-1_1_2"
"386","AGAGCAGCAGGCGATA-1_1_2"
"387","AGAGCAGTCTGTCGCT-1_1_2"
"388","AGAGCCCAGAGCATAT-1_1_2"
"389","AGAGCCCAGGAAAGAC-1_1_2"
"390","AGAGCCCCACGTCGGT-1_1_2"
"391","AGAGCCCCAGTATTCG-1_1_2"
"392","AGAGCCCGTCAGGCAA-1_1_2"
"393","AGAGCCCTCATTTGGG-1_1_2"
"394","AGAGCCCTCGCACGGT-1_1_2"
"395","AGATAGAAGCCAAGCA-1_1_2"
"396","AGATAGAAGCTTCGTA-1_1_2"
"397","AGATAGACATTGGCAT-1_1_2"
"398","AGATCCAAGAATGTTG-1_1_2"
"399","AGATCCATCCGTCAAA-1_1_2"
"400","AGATCGTCAGAAATTG-1_1_2"
"401","AGATCGTGTGTTCAGT-1_1_2"
"402","AGATCGTTCGACATAC-1_1_2"
"403","AGATGAAGTGCTCGTG-1_1_2"
"404","AGATGCTCACTGTCGG-1_1_2"
"405","AGATGCTCAGCTTCGG-1_1_2"
"406","AGCATCACAGCTGAAG-1_1_2"
"407","AGCATCATCAAACTGC-1_1_2"
"408","AGCATCATCAACCTTT-1_1_2"
"409","AGCCAATAGCAAACAT-1_1_2"
"410","AGCCAATCACAAAGCG-1_1_2"
"411","AGCCAATGTATCAAGA-1_1_2"
"412","AGCCAATGTATTAAGG-1_1_2"
"413","AGCCAATTCTGAGTCA-1_1_2"
"414","AGCCACGAGAGAGGTA-1_1_2"
"415","AGCCACGCATAGGTAA-1_1_2"
"416","AGCCAGCAGGAGGTTC-1_1_2"
"417","AGCCAGCGTTAGGGAC-1_1_2"
"418","AGCGATTTCTCAACCC-1_1_2"
"419","AGCGCTGCAACTGATC-1_1_2"
"420","AGCGCTGGTAGATGTA-1_1_2"
"421","AGCGCTGGTGTAGTGG-1_1_2"
"422","AGCGTATCAACTAGAA-1_1_2"
"423","AGCGTATGTACTGCCG-1_1_2"
"424","AGCGTATGTAGCGTCC-1_1_2"
"425","AGCGTCGGTCTACGAT-1_1_2"
"426","AGCGTCGTCACTCCGT-1_1_2"
"427","AGCTACAAGTATGAAC-1_1_2"
"428","AGCTACACAAGAGCTG-1_1_2"
"429","AGCTCAAAGGGTATAT-1_1_2"
"430","AGCTCAAGTTAAACAG-1_1_2"
"431","AGGAAATGTGCGAACA-1_1_2"
"432","AGGAAATGTGCGAGTA-1_1_2"
"433","AGGAAATTCAGCGCAC-1_1_2"
"434","AGGAAATTCCCATTTA-1_1_2"
"435","AGGAAATTCCCTCTCC-1_1_2"
"436","AGGAATACAGGTGGAT-1_1_2"
"437","AGGACGAAGATCGCTT-1_1_2"
"438","AGGACGAAGTCTGTAC-1_1_2"
"439","AGGACGACATCTTAGG-1_1_2"
"440","AGGACGAGTAACCCGC-1_1_2"
"441","AGGACGAGTCACAGTT-1_1_2"
"442","AGGACGATCGGAGCAA-1_1_2"
"443","AGGACTTAGTCCCAGC-1_1_2"
"444","AGGACTTGTACCGGAA-1_1_2"
"445","AGGACTTGTCGAACGA-1_1_2"
"446","AGGACTTGTTAAAGTG-1_1_2"
"447","AGGACTTTCACGATAC-1_1_2"
"448","AGGAGGTAGATGCTAA-1_1_2"
"449","AGGAGGTAGGCGCTCT-1_1_2"
"450","AGGAGGTGTAAGAACT-1_1_2"
"451","AGGAGGTTCAATCCGA-1_1_2"
"452","AGGAGGTTCCAGGACC-1_1_2"
"453","AGGATAAAGGCCTGCT-1_1_2"
"454","AGGATAAGTCCAAATC-1_1_2"
"455","AGGATAATCGCCTCTA-1_1_2"
"456","AGGATCTAGCTCCCTT-1_1_2"
"457","AGGATCTCAATCGCAT-1_1_2"
"458","AGGATCTTCGATCCAA-1_1_2"
"459","AGGCATTGTTAGCTAC-1_1_2"
"460","AGGCCACCAAGAAACT-1_1_2"
"461","AGGCCACCACAACGAG-1_1_2"
"462","AGGCCACCAGCAGGAT-1_1_2"
"463","AGGCCACTCGGCTATA-1_1_2"
"464","AGGCTGCCAAGAGTAT-1_1_2"
"465","AGGCTGCCATTCTCTA-1_1_2"
"466","AGGCTGCGTCAGTCGC-1_1_2"
"467","AGGCTGCTCATGAGAA-1_1_2"
"468","AGGGAGTGTACTCGTA-1_1_2"
"469","AGGGCCTCAAATCCCA-1_1_2"
"470","AGGGCCTCATCGTTCC-1_1_2"
"471","AGGGCCTGTAACACCT-1_1_2"
"472","AGGGCCTGTAGCCCTG-1_1_2"
"473","AGGGCTCAGTAGACCG-1_1_2"
"474","AGGGCTCTCCATCGTC-1_1_2"
"475","AGGGTCCAGCTGACCC-1_1_2"
"476","AGGGTCCGTCCACATA-1_1_2"
"477","AGGGTCCGTCGTTGCG-1_1_2"
"478","AGGGTCCGTGTCATTG-1_1_2"
"479","AGGGTCCGTTCTTCAT-1_1_2"
"480","AGGGTCCTCACCCTTG-1_1_2"
"481","AGGGTCCTCGTTTACT-1_1_2"
"482","AGGGTGAAGCTGTGCC-1_1_2"
"483","AGGGTGAGTTGCATTG-1_1_2"
"484","AGGGTTTAGGTGCCAA-1_1_2"
"485","AGGGTTTAGTGAGCCA-1_1_2"
"486","AGGGTTTAGTGGTTGG-1_1_2"
"487","AGGGTTTTCTGGACTA-1_1_2"
"488","AGGTAGGAGATACCAA-1_1_2"
"489","AGGTAGGGTGCAATGG-1_1_2"
"490","AGGTCATCAACCAGAG-1_1_2"
"491","AGGTCATCATTACTCT-1_1_2"
"492","AGGTCATTCATGAGGG-1_1_2"
"493","AGGTCTACAGAAGTGC-1_1_2"
"494","AGGTCTATCTGCTGAA-1_1_2"
"495","AGGTGTTCAAGTAGTA-1_1_2"
"496","AGGTGTTGTAATCAGA-1_1_2"
"497","AGGTTACAGGGATCAC-1_1_2"
"498","AGGTTACGTTAAACAG-1_1_2"
"499","AGGTTACTCTACAGGT-1_1_2"
"500","AGGTTACTCTCAACGA-1_1_2"
"501","AGGTTGTAGACCCGCT-1_1_2"
"502","AGGTTGTAGTTCTCTT-1_1_2"
"503","AGGTTGTCATTGTAGC-1_1_2"
"504","AGGTTGTGTGAGTTTC-1_1_2"
"505","AGGTTGTTCACTGGTA-1_1_2"
"506","AGGTTGTTCTCCCATG-1_1_2"
"507","AGTAACCGTGGATTTC-1_1_2"
"508","AGTACCAGTAACAAGT-1_1_2"
"509","AGTACTGGTTGCGGCT-1_1_2"
"510","AGTAGCTAGCTTTCCC-1_1_2"
"511","AGTAGCTCACAAAGTA-1_1_2"
"512","AGTAGCTCAGGACATG-1_1_2"
"513","AGTAGCTGTTTGGGAG-1_1_2"
"514","AGTAGTCAGCGGATCA-1_1_2"
"515","AGTAGTCGTCGTTGGC-1_1_2"
"516","AGTAGTCGTTCTCTAT-1_1_2"
"517","AGTAGTCTCTGCTGAA-1_1_2"
"518","AGTCAACCACGGTGTC-1_1_2"
"519","AGTCAACCATCACGGC-1_1_2"
"520","AGTCAACGTTTCAGAC-1_1_2"
"521","AGTCAACTCGGCATCG-1_1_2"
"522","AGTCAACTCTCGAACA-1_1_2"
"523","AGTCACACAAGATTGA-1_1_2"
"524","AGTCACAGTTGAAGTA-1_1_2"
"525","AGTCACATCGTCACCT-1_1_2"
"526","AGTCATGCAGATAAAC-1_1_2"
"527","AGTCATGTCAACACGT-1_1_2"
"528","AGTCTCCCATCAACCA-1_1_2"
"529","AGTCTCCGTTAAGGAT-1_1_2"
"530","AGTCTCCGTTCCTTGC-1_1_2"
"531","AGTGACTCACAGTATC-1_1_2"
"532","AGTGACTTCCGGTAGC-1_1_2"
"533","AGTGACTTCGGTCTAA-1_1_2"
"534","AGTGATCGTACTTGTG-1_1_2"
"535","AGTGATCTCCTTCGAC-1_1_2"
"536","AGTGATCTCGGTTAGT-1_1_2"
"537","AGTGTTGAGAAACTAC-1_1_2"
"538","AGTGTTGAGGTTCTAC-1_1_2"
"539","AGTGTTGTCCATTCGC-1_1_2"
"540","AGTTAGCAGTTGAATG-1_1_2"
"541","AGTTAGCGTTCGAGCC-1_1_2"
"542","AGTTCCCAGCAATTCC-1_1_2"
"543","AGTTCGAGTATCTTCT-1_1_2"
"544","AGTTCGAGTCGGCACT-1_1_2"
"545","AGTTCGAGTTACGTAC-1_1_2"
"546","ATACCGAAGGCAGGTT-1_1_2"
"547","ATACCGAGTACCCGAC-1_1_2"
"548","ATACCTTAGAGTGACC-1_1_2"
"549","ATACCTTCACAAGTGG-1_1_2"
"550","ATACCTTCACACGGAA-1_1_2"
"551","ATACCTTGTGTGGTCC-1_1_2"
"552","ATACCTTGTTCTTGTT-1_1_2"
"553","ATACCTTTCCGTTGAA-1_1_2"
"554","ATACCTTTCTATACTC-1_1_2"
"555","ATACTTCAGTTGCCTA-1_1_2"
"556","ATACTTCCACGTAACT-1_1_2"
"557","ATACTTCGTCCGAAGA-1_1_2"
"558","ATACTTCTCTGGGATT-1_1_2"
"559","ATAGACCAGCACCAGA-1_1_2"
"560","ATAGACCAGCCACAAG-1_1_2"
"561","ATAGACCCATCCGAAT-1_1_2"
"562","ATAGACCGTGGAGAAA-1_1_2"
"563","ATAGAGAAGAGAGCGG-1_1_2"
"564","ATAGAGACAATTGCGT-1_1_2"
"565","ATAGAGAGTTTCGATG-1_1_2"
"566","ATAGAGATCAAGTAAG-1_1_2"
"567","ATAGAGATCCTACGGG-1_1_2"
"568","ATAGAGATCTACTCAT-1_1_2"
"569","ATAGGCTAGGGTCAAC-1_1_2"
"570","ATAGGCTGTCCTACAA-1_1_2"
"571","ATAGGCTGTGAGATCG-1_1_2"
"572","ATATCCTAGCCGGATA-1_1_2"
"573","ATATCCTCAAGAGGTC-1_1_2"
"574","ATATCCTGTGCAATAA-1_1_2"
"575","ATATCCTGTTCTCGTC-1_1_2"
"576","ATATCCTTCGATACTG-1_1_2"
"577","ATCACAGAGACAGTCG-1_1_2"
"578","ATCACAGTCAGGGATG-1_1_2"
"579","ATCACGAAGCAGGTCA-1_1_2"
"580","ATCACGAAGCTAAGTA-1_1_2"
"581","ATCACGATCATTCGGA-1_1_2"
"582","ATCACTTAGCCAGACA-1_1_2"
"583","ATCAGGTAGGAAGAAC-1_1_2"
"584","ATCAGGTTCTAGTCAG-1_1_2"
"585","ATCATTCAGCAGAAAG-1_1_2"
"586","ATCATTCAGGCGAAGG-1_1_2"
"587","ATCATTCCACAAGTGG-1_1_2"
"588","ATCATTCCAGTCAGTT-1_1_2"
"589","ATCATTCCATGGAACG-1_1_2"
"590","ATCCACCAGAGCCATG-1_1_2"
"591","ATCCACCGTCCCTCAT-1_1_2"
"592","ATCCATTAGGGTTAGC-1_1_2"
"593","ATCCATTAGGTGCTTT-1_1_2"
"594","ATCCATTCAGAACCGA-1_1_2"
"595","ATCCATTGTGTTACAC-1_1_2"
"596","ATCCATTTCCTTCTTC-1_1_2"
"597","ATCCCTGAGGTACAGC-1_1_2"
"598","ATCCCTGGTGGATACG-1_1_2"
"599","ATCCCTGGTTGCCGAC-1_1_2"
"600","ATCCTATAGCTCGAAG-1_1_2"
"601","ATCCTATAGTTACGGG-1_1_2"
"602","ATCCTATCAGCGTTTA-1_1_2"
"603","ATCCTATTCAGATTGC-1_1_2"
"604","ATCGATGAGGCCTTGC-1_1_2"
"605","ATCGATGAGGTATCTC-1_1_2"
"606","ATCGATGCATGTTCAG-1_1_2"
"607","ATCGCCTAGTGATCGG-1_1_2"
"608","ATCGCCTGTCATCCCT-1_1_2"
"609","ATCGCCTGTCCTACAA-1_1_2"
"610","ATCGCCTTCAACCGAT-1_1_2"
"611","ATCGCCTTCCCTGTTG-1_1_2"
"612","ATCGGATCAGGTGTGA-1_1_2"
"613","ATCGGATCATGAATCC-1_1_2"
"614","ATCGGATGTAACATCC-1_1_2"
"615","ATCGGCGAGGCTAAAT-1_1_2"
"616","ATCGGCGGTGTTCATG-1_1_2"
"617","ATCGTAGCATCGGAAG-1_1_2"
"618","ATCGTAGGTGGATGAC-1_1_2"
"619","ATCGTCCAGACTCTAC-1_1_2"
"620","ATCGTCCGTGATTCAC-1_1_2"
"621","ATCGTCCTCGCGATCG-1_1_2"
"622","ATCGTCCTCGCGGACT-1_1_2"
"623","ATCGTGAAGCTGAAGC-1_1_2"
"624","ATCGTGAGTAAGTCAA-1_1_2"
"625","ATCGTGAGTATCAGGG-1_1_2"
"626","ATCTCTAAGAGTGTTA-1_1_2"
"627","ATCTCTAAGGAAAGGT-1_1_2"
"628","ATCTCTAAGTGGCAGT-1_1_2"
"629","ATCTCTATCGCCCAGA-1_1_2"
"630","ATCTTCAAGCATGGGT-1_1_2"
"631","ATCTTCAGTTATGACC-1_1_2"
"632","ATGAAAGCAAGTTTGC-1_1_2"
"633","ATGACCATCTCTCAAT-1_1_2"
"634","ATGAGGGAGGAGCTGT-1_1_2"
"635","ATGAGGGCAGACAAAT-1_1_2"
"636","ATGAGTCAGCGAATGC-1_1_2"
"637","ATGATCGAGGTTCCAT-1_1_2"
"638","ATGATCGCAAGTACCT-1_1_2"
"639","ATGATCGCAGCACAGA-1_1_2"
"640","ATGATCGGTGTAACGG-1_1_2"
"641","ATGCATGAGTCACTCA-1_1_2"
"642","ATGCATGCACTGGACC-1_1_2"
"643","ATGCCTCAGAGGTCAC-1_1_2"
"644","ATGCCTCGTCTGATAC-1_1_2"
"645","ATGCGATAGCATGATA-1_1_2"
"646","ATGCGATAGCTTTCCC-1_1_2"
"647","ATGGAGGCACGCTTAA-1_1_2"
"648","ATGGAGGGTGTGTCGC-1_1_2"
"649","ATGGAGGGTTAGGCTT-1_1_2"
"650","ATGGATCAGGACAGTC-1_1_2"
"651","ATGGATCCATCCGGCA-1_1_2"
"652","ATGGATCCATCTTCGC-1_1_2"
"653","ATGGGAGAGAAGTGTT-1_1_2"
"654","ATGGGAGGTATCATGC-1_1_2"
"655","ATGGGAGGTATGCTAC-1_1_2"
"656","ATGGGAGTCCTATTTG-1_1_2"
"657","ATGGGAGTCGGACTGC-1_1_2"
"658","ATGGGAGTCTTTGCGC-1_1_2"
"659","ATGGGTTGTAGATCGG-1_1_2"
"660","ATGGGTTGTAGCTGTT-1_1_2"
"661","ATGGTTGTCCTTCGAC-1_1_2"
"662","ATGTCCCAGTGTTGTC-1_1_2"
"663","ATGTCCCGTTCAAAGA-1_1_2"
"664","ATGTCTTAGATGCTTC-1_1_2"
"665","ATGTCTTGTAGATCCT-1_1_2"
"666","ATGTCTTGTATGCTTG-1_1_2"
"667","ATGTCTTGTCTGTTAG-1_1_2"
"668","ATGTCTTGTGTTTCTT-1_1_2"
"669","ATTACCTCAGTAGAAT-1_1_2"
"670","ATTACCTCATCTCGTC-1_1_2"
"671","ATTACCTTCGACGCTG-1_1_2"
"672","ATTACTCAGACCTCAT-1_1_2"
"673","ATTACTCAGGTTGACG-1_1_2"
"674","ATTACTCCAAATGAGT-1_1_2"
"675","ATTACTCCAAGAGCTG-1_1_2"
"676","ATTATCCAGGATACGC-1_1_2"
"677","ATTATCCAGTGTTCAC-1_1_2"
"678","ATTATCCGTACCGTCG-1_1_2"
"679","ATTCACTAGTACAGAT-1_1_2"
"680","ATTCACTAGTCACGAG-1_1_2"
"681","ATTCACTCAGGTTACT-1_1_2"
"682","ATTCACTTCATCGTAG-1_1_2"
"683","ATTCAGGCAGAAACCG-1_1_2"
"684","ATTCAGGTCCGAGCTG-1_1_2"
"685","ATTCATCAGATGCGAC-1_1_2"
"686","ATTCCATAGCGACAGT-1_1_2"
"687","ATTCCATCACGTATAC-1_1_2"
"688","ATTCCATCAGATACCT-1_1_2"
"689","ATTCCATCAGCAGGAT-1_1_2"
"690","ATTCCATTCGTGACTA-1_1_2"
"691","ATTCCCGAGAGCCATG-1_1_2"
"692","ATTCCTACAGGACGAT-1_1_2"
"693","ATTCCTAGTTAGTCGT-1_1_2"
"694","ATTCGTTAGGGACCAT-1_1_2"
"695","ATTCGTTAGGGTCTTT-1_1_2"
"696","ATTCTACAGTAGTCAA-1_1_2"
"697","ATTCTACGTAGTCGGA-1_1_2"
"698","ATTCTTGAGGCTGTAG-1_1_2"
"699","ATTCTTGAGTCATGCT-1_1_2"
"700","ATTCTTGCAAAGGAGA-1_1_2"
"701","ATTCTTGCAAGAGGCT-1_1_2"
"702","ATTCTTGGTAGACAGC-1_1_2"
"703","ATTCTTGGTGTAGTGG-1_1_2"
"704","ATTGGGTGTGACATCT-1_1_2"
"705","ATTGTTCAGATCCGAG-1_1_2"
"706","ATTGTTCAGGCTCCCA-1_1_2"
"707","ATTGTTCAGTGGACGT-1_1_2"
"708","ATTGTTCCAGCAGACA-1_1_2"
"709","ATTGTTCGTGTCCGTG-1_1_2"
"710","ATTGTTCTCCTACTGC-1_1_2"
"711","ATTTACCCATCAGTGT-1_1_2"
"712","ATTTACCGTAGTATAG-1_1_2"
"713","ATTTCACAGGATCACG-1_1_2"
"714","ATTTCACAGTTAGTGA-1_1_2"
"715","ATTTCACCATATGAAG-1_1_2"
"716","ATTTCACTCCAAGCAT-1_1_2"
"717","ATTTCTGAGTGTTGAA-1_1_2"
"718","ATTTCTGCAGTTGGTT-1_1_2"
"719","ATTTCTGTCAATGTCG-1_1_2"
"720","ATTTCTGTCAGGGATG-1_1_2"
"721","CAAAGAACAACTGAAA-1_1_2"
"722","CAAAGAAGTAGGTAGC-1_1_2"
"723","CAAAGAAGTCGAGCAA-1_1_2"
"724","CAACAACAGGTGGCTA-1_1_2"
"725","CAACAACGTCCAAGAG-1_1_2"
"726","CAACAACTCACCACAA-1_1_2"
"727","CAACAGTAGACGAGCT-1_1_2"
"728","CAACAGTTCTCCACTG-1_1_2"
"729","CAACCAACAAGAATGT-1_1_2"
"730","CAACCAACACAGAGAC-1_1_2"
"731","CAACCAACATAATCCG-1_1_2"
"732","CAACCAAGTCGCCTAG-1_1_2"
"733","CAACCAAGTCGCGTCA-1_1_2"
"734","CAACCTCGTCCTGGGT-1_1_2"
"735","CAACCTCGTCGTGGAA-1_1_2"
"736","CAACCTCGTGAATGAT-1_1_2"
"737","CAACCTCGTTCAGCGC-1_1_2"
"738","CAACCTCGTTTGGCTA-1_1_2"
"739","CAACCTCTCCCAAGCG-1_1_2"
"740","CAACCTCTCCTTGACC-1_1_2"
"741","CAACGATGTTCGTTCC-1_1_2"
"742","CAACGATTCATCGCCT-1_1_2"
"743","CAACGGCAGACTGTTC-1_1_2"
"744","CAACGGCGTGGTCTAT-1_1_2"
"745","CAACGGCTCTCGTCGT-1_1_2"
"746","CAAGACTGTACATACC-1_1_2"
"747","CAAGACTTCTAGGCAT-1_1_2"
"748","CAAGACTTCTCCGATC-1_1_2"
"749","CAAGAGGGTCATGACT-1_1_2"
"750","CAAGAGGGTCTCGCGA-1_1_2"
"751","CAAGAGGGTGGGACAT-1_1_2"
"752","CAAGAGGGTTAATCGC-1_1_2"
"753","CAAGAGGTCGTTCATT-1_1_2"
"754","CAAGCTAGTGTCTTGA-1_1_2"
"755","CAAGCTATCACTACGA-1_1_2"
"756","CAATACGAGGGTCACA-1_1_2"
"757","CAATACGGTCACATTG-1_1_2"
"758","CAATCGAAGTCACACT-1_1_2"
"759","CAATCGAGTATCGCTA-1_1_2"
"760","CAATGACGTTGGACTT-1_1_2"
"761","CAATGACTCACGTAGT-1_1_2"
"762","CAATTTCAGCTAAATG-1_1_2"
"763","CAATTTCCAGAGTTGG-1_1_2"
"764","CAATTTCGTCGATTCA-1_1_2"
"765","CAATTTCTCACTAGCA-1_1_2"
"766","CAATTTCTCGTTGTTT-1_1_2"
"767","CACAACAAGGCACTAG-1_1_2"
"768","CACAACACATGACACT-1_1_2"
"769","CACAACAGTAGAGATT-1_1_2"
"770","CACAACAGTGAGACGT-1_1_2"
"771","CACAACATCAAAGGAT-1_1_2"
"772","CACAACATCCCGTAAA-1_1_2"
"773","CACACAAAGTTGGACG-1_1_2"
"774","CACAGATAGATTACCC-1_1_2"
"775","CACAGATAGTCGGCCT-1_1_2"
"776","CACAGATCAGCAGTGA-1_1_2"
"777","CACAGATCATGCACTA-1_1_2"
"778","CACAGATGTGGCTAGA-1_1_2"
"779","CACAGATTCCGCAGTG-1_1_2"
"780","CACAGGCAGACCACGA-1_1_2"
"781","CACATGAAGGCATCGA-1_1_2"
"782","CACATGAGTAGAATAC-1_1_2"
"783","CACCAAAAGTAATCCC-1_1_2"
"784","CACCAAAGTTACCCTC-1_1_2"
"785","CACCAAAGTTGCGTAT-1_1_2"
"786","CACCAAATCATAGCAC-1_1_2"
"787","CACCAAATCCGCTAGG-1_1_2"
"788","CACCAAATCTCGACGG-1_1_2"
"789","CACCGTTAGGCATGCA-1_1_2"
"790","CACCGTTTCGACGAGA-1_1_2"
"791","CACGAATAGGTGCAGT-1_1_2"
"792","CACGAATCATAGAATG-1_1_2"
"793","CACGAATGTAGTCTTG-1_1_2"
"794","CACGGGTAGGTAAGTT-1_1_2"
"795","CACGGGTTCGTCCATC-1_1_2"
"796","CACGTGGCACGAGGTA-1_1_2"
"797","CACGTGGCAGAGGACT-1_1_2"
"798","CACGTTCAGGGAGTGG-1_1_2"
"799","CACGTTCCAATCTGCA-1_1_2"
"800","CACGTTCCACATTCTT-1_1_2"
"801","CACGTTCTCTGATGGT-1_1_2"
"802","CACTGAAAGCGAATGC-1_1_2"
"803","CACTGAATCTAAGGAA-1_1_2"
"804","CACTGGGAGCCTTTCC-1_1_2"
"805","CACTGGGTCGTCTACC-1_1_2"
"806","CACTGTCAGCGTTGTT-1_1_2"
"807","CACTGTCTCCGTAGTA-1_1_2"
"808","CACTTCGTCACCGGGT-1_1_2"
"809","CACTTCGTCTTCGATT-1_1_2"
"810","CAGAGCCAGGAATCGC-1_1_2"
"811","CAGAGCCCAGTATACC-1_1_2"
"812","CAGAGCCCAGTGTACT-1_1_2"
"813","CAGAGCCGTGTCTAAC-1_1_2"
"814","CAGAGCCGTTTAGACC-1_1_2"
"815","CAGATACAGAATCGAT-1_1_2"
"816","CAGATACAGTCATGAA-1_1_2"
"817","CAGATACGTCGAACAG-1_1_2"
"818","CAGATACGTCTGTCAA-1_1_2"
"819","CAGATACGTGGAGAAA-1_1_2"
"820","CAGATACTCGCAGAGA-1_1_2"
"821","CAGATCAAGCGCATCC-1_1_2"
"822","CAGATCAAGCTTGTTG-1_1_2"
"823","CAGATCATCCAATCCC-1_1_2"
"824","CAGATCATCCACGTCT-1_1_2"
"825","CAGATCATCGAATCCA-1_1_2"
"826","CAGATTGCACCTGCAG-1_1_2"
"827","CAGATTGCAGAGAAAG-1_1_2"
"828","CAGATTGCATCGTGCG-1_1_2"
"829","CAGCAATAGATCGGTG-1_1_2"
"830","CAGCAATTCGGCTGAC-1_1_2"
"831","CAGCACGAGTAAAGCT-1_1_2"
"832","CAGCAGCAGGTCATCT-1_1_2"
"833","CAGCAGCCACAGACGA-1_1_2"
"834","CAGCCAGAGAGTGTGC-1_1_2"
"835","CAGCCAGCACGTTCGG-1_1_2"
"836","CAGCCAGCAGCGTTGC-1_1_2"
"837","CAGCCAGTCATAGAGA-1_1_2"
"838","CAGCCAGTCCTGCTAC-1_1_2"
"839","CAGCGTGCAAAGCAAT-1_1_2"
"840","CAGGCCACATTGCTGA-1_1_2"
"841","CAGGGCTCATCCGATA-1_1_2"
"842","CAGGGCTGTCACGACC-1_1_2"
"843","CAGGGCTTCCCTTCCC-1_1_2"
"844","CAGGGCTTCGGAATTC-1_1_2"
"845","CAGGTATAGCAAACAT-1_1_2"
"846","CAGTGCGAGCCAGACA-1_1_2"
"847","CAGTGCGTCACTCTTA-1_1_2"
"848","CAGTTCCTCGGATACT-1_1_2"
"849","CATAAGCCATCGGTTA-1_1_2"
"850","CATAAGCGTTCAGCTA-1_1_2"
"851","CATACAGAGCACTAGG-1_1_2"
"852","CATACAGCAGGTGGAT-1_1_2"
"853","CATACAGTCTGGACCG-1_1_2"
"854","CATACCCAGCCACCGT-1_1_2"
"855","CATACCCAGTACCATC-1_1_2"
"856","CATACCCGTAGCTGAG-1_1_2"
"857","CATACCCGTATTGACC-1_1_2"
"858","CATACCCGTCGGTACC-1_1_2"
"859","CATACCCGTTGGGTTT-1_1_2"
"860","CATACCCTCTACCAGA-1_1_2"
"861","CATACTTCAGGCGATA-1_1_2"
"862","CATACTTCATGTGACT-1_1_2"
"863","CATACTTGTTTCGTGA-1_1_2"
"864","CATACTTTCAAACGAA-1_1_2"
"865","CATACTTTCCATACAG-1_1_2"
"866","CATAGACGTATGCGGA-1_1_2"
"867","CATAGACTCAAAGACA-1_1_2"
"868","CATAGACTCACGAACT-1_1_2"
"869","CATAGACTCCGGCTTT-1_1_2"
"870","CATAGACTCGCGTAGC-1_1_2"
"871","CATCAAGCAAATCGTC-1_1_2"
"872","CATCAAGCAAGATGGC-1_1_2"
"873","CATCAAGCATGACTTG-1_1_2"
"874","CATCAAGGTGACGCCT-1_1_2"
"875","CATCAAGTCGTAGCCG-1_1_2"
"876","CATCCACCACTGGAAG-1_1_2"
"877","CATCCACCATCTGTTT-1_1_2"
"878","CATCCACGTGGCCCAT-1_1_2"
"879","CATCCCAGTAGGAGTC-1_1_2"
"880","CATCCGTGTACGTGAG-1_1_2"
"881","CATCCGTTCGGACCAC-1_1_2"
"882","CATCGCTAGGCTTAGG-1_1_2"
"883","CATCGCTAGTTGGACG-1_1_2"
"884","CATCGCTCAGTTAAAG-1_1_2"
"885","CATCGCTCATCCCACT-1_1_2"
"886","CATCGGGCACATATCG-1_1_2"
"887","CATCGTCGTCCACACG-1_1_2"
"888","CATGAGTCAAGGTCTT-1_1_2"
"889","CATGAGTGTGTCCGGT-1_1_2"
"890","CATGAGTTCATCAGTG-1_1_2"
"891","CATGAGTTCCCTCGTA-1_1_2"
"892","CATGCCTAGTACCGGA-1_1_2"
"893","CATGCCTTCGTCTACC-1_1_2"
"894","CATGCGGGTCTACGTA-1_1_2"
"895","CATGCGGTCGTAGTCA-1_1_2"
"896","CATGCTCAGATTACCC-1_1_2"
"897","CATGCTCCAGTAACAA-1_1_2"
"898","CATGCTCTCGCACGAC-1_1_2"
"899","CATGGATAGATGGGCT-1_1_2"
"900","CATGGATAGTCTAACC-1_1_2"
"901","CATGGATCACTGGCCA-1_1_2"
"902","CATGGTAAGGCATCTT-1_1_2"
"903","CATGGTATCCTGTAGA-1_1_2"
"904","CATGGTATCTAAGGAA-1_1_2"
"905","CATTCATCAAGGCAAC-1_1_2"
"906","CATTCATGTACAGAGC-1_1_2"
"907","CATTCATGTACGCTTA-1_1_2"
"908","CATTCCGAGAGTTGCG-1_1_2"
"909","CATTCCGAGCATTGTC-1_1_2"
"910","CATTCCGAGGAAGTAG-1_1_2"
"911","CATTCCGCATATCTGG-1_1_2"
"912","CATTCTAAGCCTCATA-1_1_2"
"913","CATTCTACAGCTGTCG-1_1_2"
"914","CATTCTAGTCACAGAG-1_1_2"
"915","CATTGAGCAAATGGAT-1_1_2"
"916","CATTGCCAGCTAAGTA-1_1_2"
"917","CATTGCCCAGTAACAA-1_1_2"
"918","CATTGCCTCCAAGCAT-1_1_2"
"919","CATTGTTGTTAGAAGT-1_1_2"
"920","CATTGTTTCACCGGTG-1_1_2"
"921","CCAAGCGGTCTAATCG-1_1_2"
"922","CCAAGCGTCAGCAGAG-1_1_2"
"923","CCAAGCGTCTCATGCC-1_1_2"
"924","CCAATGAAGATACCAA-1_1_2"
"925","CCAATGAAGTGATAAC-1_1_2"
"926","CCAATGACATGTCGTA-1_1_2"
"927","CCAATTTAGCGATTCT-1_1_2"
"928","CCAATTTAGTGCACAG-1_1_2"
"929","CCAATTTTCTGTCGCT-1_1_2"
"930","CCACAAAGTATCAAGA-1_1_2"
"931","CCACAAATCGCAGATT-1_1_2"
"932","CCACACTCAGCGGTCT-1_1_2"
"933","CCACACTCATATGGCT-1_1_2"
"934","CCACCATTCAGCAATC-1_1_2"
"935","CCACCATTCCGATTAG-1_1_2"
"936","CCACCATTCCTTGAAG-1_1_2"
"937","CCACGAGCAGCGAACA-1_1_2"
"938","CCACGAGGTCACAGAG-1_1_2"
"939","CCACGAGGTGTTACAC-1_1_2"
"940","CCACGAGTCGATCCCT-1_1_2"
"941","CCACGTTGTTGGGCCT-1_1_2"
"942","CCACGTTGTTGTTGAC-1_1_2"
"943","CCACGTTTCAGACATC-1_1_2"
"944","CCACTTGCACTGCGTG-1_1_2"
"945","CCACTTGCAGGTTTAC-1_1_2"
"946","CCACTTGCATCTTCGC-1_1_2"
"947","CCACTTGTCAACCGAT-1_1_2"
"948","CCACTTGTCTCCTGCA-1_1_2"
"949","CCATAAGAGGGACAGG-1_1_2"
"950","CCATAAGCATTGTGCA-1_1_2"
"951","CCATAAGGTATTAAGG-1_1_2"
"952","CCATAAGTCGAAGAAT-1_1_2"
"953","CCATAAGTCGCAAGAG-1_1_2"
"954","CCATCACAGTGGTTAA-1_1_2"
"955","CCATCACCATGTCTAG-1_1_2"
"956","CCATCACGTGGCAACA-1_1_2"
"957","CCCAACTAGGACAGTC-1_1_2"
"958","CCCATTGCAAGACCGA-1_1_2"
"959","CCCATTGGTTGGCCTG-1_1_2"
"960","CCCATTGTCTACTGCC-1_1_2"
"961","CCCGAAGAGAGCCGAT-1_1_2"
"962","CCCGAAGAGTCTTGGT-1_1_2"
"963","CCCGAAGCAAATTGCC-1_1_2"
"964","CCCGAAGCAACAGATA-1_1_2"
"965","CCCGAAGGTAGGCAAC-1_1_2"
"966","CCCGAAGTCTCATGCC-1_1_2"
"967","CCCGAAGTCTTTGGAG-1_1_2"
"968","CCCGGAAAGTCCCAAT-1_1_2"
"969","CCCGGAAGTATTCTCT-1_1_2"
"970","CCCGGAAGTCAAGTTC-1_1_2"
"971","CCCGGAATCATTGTGG-1_1_2"
"972","CCCGGAATCGCGATCG-1_1_2"
"973","CCCTAACAGAAGCCAC-1_1_2"
"974","CCCTAACAGCAGCACA-1_1_2"
"975","CCCTAACAGGCGTTGA-1_1_2"
"976","CCCTAACCAAATGGTA-1_1_2"
"977","CCCTAACGTCAGCTTA-1_1_2"
"978","CCCTCAACAGAAGTTA-1_1_2"
"979","CCCTCAAGTAATCAGA-1_1_2"
"980","CCCTCAATCGGACAAG-1_1_2"
"981","CCCTCTCCAGCACCCA-1_1_2"
"982","CCCTCTCTCGCTGCGA-1_1_2"
"983","CCCTGATCACCTCGTT-1_1_2"
"984","CCCTGATCAGATTAAG-1_1_2"
"985","CCCTTAGCAAAGCTAA-1_1_2"
"986","CCCTTAGCATGAAGCG-1_1_2"
"987","CCCTTAGGTTCGAAGG-1_1_2"
"988","CCCTTAGTCATTACCT-1_1_2"
"989","CCGAACGCACTCCACT-1_1_2"
"990","CCGAACGGTACCCAGC-1_1_2"
"991","CCGAACGGTTTGTTCT-1_1_2"
"992","CCGATCTGTATCAGGG-1_1_2"
"993","CCGATGGAGGGTCTTT-1_1_2"
"994","CCGATGGTCAGCGGAA-1_1_2"
"995","CCGCAAGAGTACCATC-1_1_2"
"996","CCGCAAGGTAGATGTA-1_1_2"
"997","CCGGACACACGCTATA-1_1_2"
"998","CCGGGTACACTATCCC-1_1_2"
"999","CCGGTAGCAAGAAATC-1_1_2"
"1000","CCGGTAGCACACGGTC-1_1_2"
"1001","CCGGTGAAGCGTACAG-1_1_2"
"1002","CCGGTGAAGGCAGCTA-1_1_2"
"1003","CCGGTGACAAACTGCT-1_1_2"
"1004","CCGGTGATCCACACAA-1_1_2"
"1005","CCGTAGGCAGCTACTA-1_1_2"
"1006","CCGTAGGGTTGGATCT-1_1_2"
"1007","CCGTAGGTCTTCCCGA-1_1_2"
"1008","CCGTGAGGTAGCGTTT-1_1_2"
"1009","CCGTGAGGTTTACACG-1_1_2"
"1010","CCGTGAGTCGGTAGAG-1_1_2"
"1011","CCTAACCAGTAGCCAG-1_1_2"
"1012","CCTAACCCAAGGAGTC-1_1_2"
"1013","CCTAACCTCAAACGTC-1_1_2"
"1014","CCTAAGACACTTTATC-1_1_2"
"1015","CCTAAGAGTGTCCTAA-1_1_2"
"1016","CCTAAGATCCTAGCTC-1_1_2"
"1017","CCTACGTGTACAGTCT-1_1_2"
"1018","CCTACGTGTCACCCTT-1_1_2"
"1019","CCTATCGCATCCTATT-1_1_2"
"1020","CCTATCGTCGTTCTGC-1_1_2"
"1021","CCTATCGTCTTGTGCC-1_1_2"
"1022","CCTCAACAGGGACTGT-1_1_2"
"1023","CCTCAACAGTCGCCCA-1_1_2"
"1024","CCTCACAAGTGGATTA-1_1_2"
"1025","CCTCACATCCTGGGAC-1_1_2"
"1026","CCTCAGTAGATTGAGT-1_1_2"
"1027","CCTCATGAGTGAGTTA-1_1_2"
"1028","CCTCATGCAGTGGGTA-1_1_2"
"1029","CCTCATGTCAAGCTGT-1_1_2"
"1030","CCTCATGTCATTGCGA-1_1_2"
"1031","CCTCATGTCTGTGTGA-1_1_2"
"1032","CCTCCAATCCACGGGT-1_1_2"
"1033","CCTCCAATCCATATGG-1_1_2"
"1034","CCTCCTCAGATGACAT-1_1_2"
"1035","CCTCCTCGTTCGTAAC-1_1_2"
"1036","CCTCCTCGTTCTGAGT-1_1_2"
"1037","CCTCCTCTCCGTGTCT-1_1_2"
"1038","CCTCCTCTCGGCTGGT-1_1_2"
"1039","CCTCCTCTCTGGGTCG-1_1_2"
"1040","CCTCTAGGTGTGCCTG-1_1_2"
"1041","CCTGCATCAACTCCAA-1_1_2"
"1042","CCTGCATTCATCGCAA-1_1_2"
"1043","CCTGCATTCGGTTGTA-1_1_2"
"1044","CCTGCATTCTTCTGGC-1_1_2"
"1045","CCTGTTGCACTGTCGG-1_1_2"
"1046","CCTTCAGCACAACATC-1_1_2"
"1047","CCTTCAGCACACACTA-1_1_2"
"1048","CCTTCAGCAGCATTGT-1_1_2"
"1049","CCTTGTGAGCTGACTT-1_1_2"
"1050","CCTTGTGAGGGACAGG-1_1_2"
"1051","CCTTGTGCAAGCAATA-1_1_2"
"1052","CCTTGTGCATGTGGTT-1_1_2"
"1053","CCTTGTGGTACAATAG-1_1_2"
"1054","CCTTGTGGTTGCGAAG-1_1_2"
"1055","CCTTTGGCAATGAAAC-1_1_2"
"1056","CGAAGTTAGCGCAATG-1_1_2"
"1057","CGAAGTTGTGTGTGTT-1_1_2"
"1058","CGAAGTTTCATCTCTA-1_1_2"
"1059","CGAATTGCAACACACT-1_1_2"
"1060","CGAATTGCACTAAACC-1_1_2"
"1061","CGAATTGGTGGACAGT-1_1_2"
"1062","CGAATTGGTTAAAGTG-1_1_2"
"1063","CGAATTGTCCGATAAC-1_1_2"
"1064","CGACAGCAGACGAAGA-1_1_2"
"1065","CGACAGCCACCAACAT-1_1_2"
"1066","CGAGAAGAGCAAGTCG-1_1_2"
"1067","CGAGAAGAGTGGTCAG-1_1_2"
"1068","CGAGGAAAGGTAGCCA-1_1_2"
"1069","CGAGGAAGTTGGTGTT-1_1_2"
"1070","CGAGGAATCCCGAGAC-1_1_2"
"1071","CGAGGAATCGAGTACT-1_1_2"
"1072","CGAGGCTGTACGATCT-1_1_2"
"1073","CGAGTGCAGTGGATTA-1_1_2"
"1074","CGAGTGCCAGCTGTAT-1_1_2"
"1075","CGAGTGCGTGCGTCGT-1_1_2"
"1076","CGAGTGCGTTATAGCC-1_1_2"
"1077","CGAGTGCTCAGTCCGG-1_1_2"
"1078","CGAGTTAAGCGACTTT-1_1_2"
"1079","CGAGTTACAACGTAAA-1_1_2"
"1080","CGAGTTAGTCGCTTGG-1_1_2"
"1081","CGAGTTATCGGTGAAG-1_1_2"
"1082","CGAGTTATCTGCTGAA-1_1_2"
"1083","CGAGTTATCTTGGTGA-1_1_2"
"1084","CGATCGGTCCGTGACG-1_1_2"
"1085","CGATGGCCAGACCTGC-1_1_2"
"1086","CGATGGCTCAAGGAGC-1_1_2"
"1087","CGCAGGTAGCTCGCAC-1_1_2"
"1088","CGCAGGTCAGATACCT-1_1_2"
"1089","CGCATAACAAGCCTGC-1_1_2"
"1090","CGCATAACACGATAGG-1_1_2"
"1091","CGCATAACAGTATGAA-1_1_2"
"1092","CGCATAACAGTCCGTG-1_1_2"
"1093","CGCATAAGTTCCACGG-1_1_2"
"1094","CGCATAATCCGTGTAA-1_1_2"
"1095","CGCATAATCTTTCTAG-1_1_2"
"1096","CGCATGGAGTTTCTTC-1_1_2"
"1097","CGCATGGGTGTGACCC-1_1_2"
"1098","CGCATGGGTTGCTCGG-1_1_2"
"1099","CGCCAGAAGCTTCATG-1_1_2"
"1100","CGCCAGAAGTGCGACA-1_1_2"
"1101","CGCCAGAGTAACAGGC-1_1_2"
"1102","CGCCAGAGTGATACCT-1_1_2"
"1103","CGCCAGATCACCTGTC-1_1_2"
"1104","CGCCAGATCCGTTGGG-1_1_2"
"1105","CGCCAGATCCTGTAGA-1_1_2"
"1106","CGCCATTAGTTTGCTG-1_1_2"
"1107","CGCCATTGTATCGATC-1_1_2"
"1108","CGCCATTTCCTATTGT-1_1_2"
"1109","CGCGTGAGTTACTCAG-1_1_2"
"1110","CGCGTGATCTTAGCAG-1_1_2"
"1111","CGGAACCCAAACCACT-1_1_2"
"1112","CGGAATTAGAAAGCGA-1_1_2"
"1113","CGGAATTAGACCCGCT-1_1_2"
"1114","CGGAATTCAGCGTTTA-1_1_2"
"1115","CGGAATTCATGGCTAT-1_1_2"
"1116","CGGACACCACTCAGAT-1_1_2"
"1117","CGGACACTCGTTAGAC-1_1_2"
"1118","CGGAGAACACAACGTT-1_1_2"
"1119","CGGAGAATCGATGGAG-1_1_2"
"1120","CGGAGAATCGCCGAGT-1_1_2"
"1121","CGGCAGTAGCAATTCC-1_1_2"
"1122","CGGCAGTTCAAAGAAC-1_1_2"
"1123","CGGCAGTTCATGGCCG-1_1_2"
"1124","CGGGACTAGCGCCTAC-1_1_2"
"1125","CGGGACTAGGTTATAG-1_1_2"
"1126","CGGGCATAGCTGAAGC-1_1_2"
"1127","CGGGCATAGTAACAGT-1_1_2"
"1128","CGGGCATGTTCTCTAT-1_1_2"
"1129","CGGGCATTCAACTTTC-1_1_2"
"1130","CGGGTGTAGTCGAAAT-1_1_2"
"1131","CGGGTGTAGTTGCGCC-1_1_2"
"1132","CGGGTGTGTGTTTGCA-1_1_2"
"1133","CGGGTGTTCACCTTAT-1_1_2"
"1134","CGGTCAGCAATGTTGC-1_1_2"
"1135","CGGTCAGCAGGCGATA-1_1_2"
"1136","CGTAAGTAGTTGGCGA-1_1_2"
"1137","CGTAAGTCATACTGAC-1_1_2"
"1138","CGTAATGCAAAGCTCT-1_1_2"
"1139","CGTAATGCACTCCCTA-1_1_2"
"1140","CGTAGTAAGAAGTATC-1_1_2"
"1141","CGTAGTAAGCGTTGTT-1_1_2"
"1142","CGTAGTACATTGCCGG-1_1_2"
"1143","CGTAGTATCCGTGGTG-1_1_2"
"1144","CGTAGTATCCTGTTGC-1_1_2"
"1145","CGTAGTATCTTAAGGC-1_1_2"
"1146","CGTCAAAAGAGAGTTT-1_1_2"
"1147","CGTCAAAAGCCTCTTC-1_1_2"
"1148","CGTCAAAAGGGATCAC-1_1_2"
"1149","CGTCCATAGCCTTTCC-1_1_2"
"1150","CGTCCATAGGAACATT-1_1_2"
"1151","CGTCCATAGGGACACT-1_1_2"
"1152","CGTCCATTCTTCGCTG-1_1_2"
"1153","CGTGAATGTTCTTGCC-1_1_2"
"1154","CGTGAATGTTGCGTAT-1_1_2"
"1155","CGTGAATTCGTGTTCC-1_1_2"
"1156","CGTGATACACCCTTGT-1_1_2"
"1157","CGTGATACAGGCATTT-1_1_2"
"1158","CGTGATACAGTCAGAG-1_1_2"
"1159","CGTGATAGTGAATGAT-1_1_2"
"1160","CGTGCTTGTATCAAGA-1_1_2"
"1161","CGTGCTTGTTGTCATG-1_1_2"
"1162","CGTGCTTTCAGACCCG-1_1_2"
"1163","CGTGCTTTCCAATGCA-1_1_2"
"1164","CGTGCTTTCTGTGCAA-1_1_2"
"1165","CGTGTCTCAGAGTGAC-1_1_2"
"1166","CGTGTCTCATTCATCT-1_1_2"
"1167","CGTTAGACACTGGAAG-1_1_2"
"1168","CGTTAGAGTGTGCCTG-1_1_2"
"1169","CGTTAGAGTTGTTGTG-1_1_2"
"1170","CGTTCTGCAGACAAAT-1_1_2"
"1171","CGTTCTGGTACCCACG-1_1_2"
"1172","CGTTCTGGTTGACTGT-1_1_2"
"1173","CGTTCTGTCCACTTTA-1_1_2"
"1174","CGTTGGGAGATGGCGT-1_1_2"
"1175","CGTTGGGCATGACTGT-1_1_2"
"1176","CGTTGGGTCTCGCGTT-1_1_2"
"1177","CGTTGGGTCTTACGGA-1_1_2"
"1178","CTAACCCCAAGAGGTC-1_1_2"
"1179","CTAACCCCATCGCTAA-1_1_2"
"1180","CTAACCCTCCATCTGC-1_1_2"
"1181","CTAACTTAGTAGCTCT-1_1_2"
"1182","CTAACTTCAAGTCCCG-1_1_2"
"1183","CTAACTTCAGACATCT-1_1_2"
"1184","CTAAGTGCACCCTGTT-1_1_2"
"1185","CTAAGTGGTATCCCAA-1_1_2"
"1186","CTAAGTGGTGTCATCA-1_1_2"
"1187","CTAAGTGGTTACCTTT-1_1_2"
"1188","CTACAGACAACTCCAA-1_1_2"
"1189","CTACAGATCTCCCAAC-1_1_2"
"1190","CTACATTAGCTACGTT-1_1_2"
"1191","CTACCCAAGCCTCAAT-1_1_2"
"1192","CTACCCAAGGCATCAG-1_1_2"
"1193","CTACCTGGTCCGTACG-1_1_2"
"1194","CTACGGGCAAGAATGT-1_1_2"
"1195","CTACGGGGTTACCCAA-1_1_2"
"1196","CTACGGGGTTGCTGAT-1_1_2"
"1197","CTACGGGTCCCATTTA-1_1_2"
"1198","CTACTATAGCACGGAT-1_1_2"
"1199","CTAGACAAGACACACG-1_1_2"
"1200","CTAGACAAGTCGTCTA-1_1_2"
"1201","CTAGACAGTGCATTAC-1_1_2"
"1202","CTAGGTACATTAAAGG-1_1_2"
"1203","CTAGGTAGTACGATGG-1_1_2"
"1204","CTAGGTAGTTCGATTG-1_1_2"
"1205","CTAGGTATCCGTTGGG-1_1_2"
"1206","CTAGGTATCGGAAACG-1_1_2"
"1207","CTATAGGAGTGCTACT-1_1_2"
"1208","CTATAGGCATGTGTCA-1_1_2"
"1209","CTATAGGTCGAAGAAT-1_1_2"
"1210","CTATCCGTCGTAACCA-1_1_2"
"1211","CTATCCGTCTCCACTG-1_1_2"
"1212","CTATCTAAGTCGGGAT-1_1_2"
"1213","CTATCTATCTTACCGC-1_1_2"
"1214","CTCAACCCAACCTATG-1_1_2"
"1215","CTCAACCCATTGACCA-1_1_2"
"1216","CTCAACCTCCAGCAAT-1_1_2"
"1217","CTCAACCTCCATAAGC-1_1_2"
"1218","CTCAAGATCCATTTAC-1_1_2"
"1219","CTCAAGATCGACGACC-1_1_2"
"1220","CTCAATTCAACAAAGT-1_1_2"
"1221","CTCAATTCAAGATGGC-1_1_2"
"1222","CTCAATTCAGAAGCTG-1_1_2"
"1223","CTCAATTCAGGAGGTT-1_1_2"
"1224","CTCACTGAGAGGCGGA-1_1_2"
"1225","CTCACTGAGGTCATTC-1_1_2"
"1226","CTCACTGCATGACAAA-1_1_2"
"1227","CTCACTGGTGAGGCAT-1_1_2"
"1228","CTCACTGTCTCCCTAG-1_1_2"
"1229","CTCAGAACACCAGACC-1_1_2"
"1230","CTCAGAACAGTCGGTC-1_1_2"
"1231","CTCAGAACATTACTCT-1_1_2"
"1232","CTCAGGGCAGGCACTC-1_1_2"
"1233","CTCAGGGTCGTCAGAT-1_1_2"
"1234","CTCAGTCCAAGAAACT-1_1_2"
"1235","CTCAGTCCACCATTCC-1_1_2"
"1236","CTCAGTCCACTCAAGT-1_1_2"
"1237","CTCAGTCGTAGAATAC-1_1_2"
"1238","CTCAGTCGTTCTCCCA-1_1_2"
"1239","CTCAGTCGTTGCATGT-1_1_2"
"1240","CTCAGTCTCGAGCACC-1_1_2"
"1241","CTCATCGAGATGGTCG-1_1_2"
"1242","CTCATCGAGTCATCGT-1_1_2"
"1243","CTCATCGCATCTCCCA-1_1_2"
"1244","CTCATCGGTGTTAGCT-1_1_2"
"1245","CTCATGCCAAGTGGGT-1_1_2"
"1246","CTCATGCCAGTAACAA-1_1_2"
"1247","CTCATGCGTCCCAAAT-1_1_2"
"1248","CTCATTAGTGTTAAAG-1_1_2"
"1249","CTCATTATCACCCATC-1_1_2"
"1250","CTCATTATCGTAGTCA-1_1_2"
"1251","CTCATTATCTCGCTCA-1_1_2"
"1252","CTCCAACCATGAATAG-1_1_2"
"1253","CTCCAACGTGATTAGA-1_1_2"
"1254","CTCCACAAGGCCTAGA-1_1_2"
"1255","CTCCACACACACGTGC-1_1_2"
"1256","CTCCACATCGTAGTGT-1_1_2"
"1257","CTCCATGCAGCCTATA-1_1_2"
"1258","CTCCATGGTCGGTACC-1_1_2"
"1259","CTCCATGGTGCCCACA-1_1_2"
"1260","CTCCATGTCCGAGCTG-1_1_2"
"1261","CTCCCAATCATTCGGA-1_1_2"
"1262","CTCCCAATCTAGGAAA-1_1_2"
"1263","CTCCCTCAGACCCTTA-1_1_2"
"1264","CTCCCTCAGCCGAATG-1_1_2"
"1265","CTCCCTCTCAAGTTGC-1_1_2"
"1266","CTCCGATCACTAGGTT-1_1_2"
"1267","CTCCGATGTTGGATCT-1_1_2"
"1268","CTCCTTTAGATAACGT-1_1_2"
"1269","CTCCTTTAGCCGAATG-1_1_2"
"1270","CTCCTTTGTCCACATA-1_1_2"
"1271","CTCCTTTGTGACCTGC-1_1_2"
"1272","CTCCTTTTCTACGCAA-1_1_2"
"1273","CTCGAGGAGGGAGGCA-1_1_2"
"1274","CTCGAGGCAACTCCAA-1_1_2"
"1275","CTCGAGGCACTGTCCT-1_1_2"
"1276","CTCGAGGCATTGTAGC-1_1_2"
"1277","CTCGAGGGTTCGGCTG-1_1_2"
"1278","CTCTCAGCAAACGTGG-1_1_2"
"1279","CTCTCAGCAACGGGTA-1_1_2"
"1280","CTCTCAGCAAGCGCTC-1_1_2"
"1281","CTCTCAGCATATAGCC-1_1_2"
"1282","CTCTCAGTCACTACTT-1_1_2"
"1283","CTCTCGAAGATCGCCC-1_1_2"
"1284","CTCTCGAAGGTAGTCG-1_1_2"
"1285","CTCTCGATCAATCGGT-1_1_2"
"1286","CTCTCGATCCTTATAC-1_1_2"
"1287","CTCTGGTGTAGTGGCA-1_1_2"
"1288","CTCTGGTGTCGTACAT-1_1_2"
"1289","CTCTGGTTCAAATGAG-1_1_2"
"1290","CTCTGGTTCCGCGGAT-1_1_2"
"1291","CTGAATGAGTGCAACG-1_1_2"
"1292","CTGAATGCAAACTAGA-1_1_2"
"1293","CTGAATGCACAACCGC-1_1_2"
"1294","CTGAATGGTAAGGAGA-1_1_2"
"1295","CTGAATGTCCTTGGAA-1_1_2"
"1296","CTGAGCGAGACCAAAT-1_1_2"
"1297","CTGAGCGAGTCGGGAT-1_1_2"
"1298","CTGAGCGCACCTCTGT-1_1_2"
"1299","CTGATCCAGTAAACTG-1_1_2"
"1300","CTGCAGGGTATGGGAC-1_1_2"
"1301","CTGCAGGTCGCTGATA-1_1_2"
"1302","CTGCATCCAAGGAGTC-1_1_2"
"1303","CTGCATCTCGCCGTGA-1_1_2"
"1304","CTGCATCTCTTCGGAA-1_1_2"
"1305","CTGCCATAGGATGCGT-1_1_2"
"1306","CTGCCATCACCTGTCT-1_1_2"
"1307","CTGCCATCACTACACA-1_1_2"
"1308","CTGCCTAAGGTCGAGT-1_1_2"
"1309","CTGCCTACAAAGCGTG-1_1_2"
"1310","CTGCCTACACAGCCTG-1_1_2"
"1311","CTGCCTATCTGGTTGA-1_1_2"
"1312","CTGCGAGAGAACGTGC-1_1_2"
"1313","CTGCGAGAGGATACGC-1_1_2"
"1314","CTGCGAGCACAGTGTT-1_1_2"
"1315","CTGCGAGGTCTGCAAT-1_1_2"
"1316","CTGCGAGGTGCCTGCA-1_1_2"
"1317","CTGCGAGGTGTTATCG-1_1_2"
"1318","CTGCTCAAGTGATCGG-1_1_2"
"1319","CTGCTCAAGTGGTGGT-1_1_2"
"1320","CTGCTCAGTTCCGCAG-1_1_2"
"1321","CTGGACGTCGCATAGT-1_1_2"
"1322","CTGGCAGCAAGTTGGG-1_1_2"
"1323","CTGGCAGCATCCGATA-1_1_2"
"1324","CTGGCAGGTACATTGC-1_1_2"
"1325","CTGGTCTCAGGCGAAT-1_1_2"
"1326","CTGGTCTCATGGCGCT-1_1_2"
"1327","CTGGTCTCATGGCTGC-1_1_2"
"1328","CTGGTCTTCGTCCTCA-1_1_2"
"1329","CTGTACCGTCCGTACG-1_1_2"
"1330","CTGTACCGTTCATCGA-1_1_2"
"1331","CTGTACCTCCCTATTA-1_1_2"
"1332","CTGTAGAGTAGAATAC-1_1_2"
"1333","CTGTAGAGTAGTATAG-1_1_2"
"1334","CTGTATTCAATTAGGA-1_1_2"
"1335","CTGTATTCAATTGCAC-1_1_2"
"1336","CTGTATTGTCCACAGC-1_1_2"
"1337","CTGTATTGTTATGTCG-1_1_2"
"1338","CTGTATTTCAATGCAC-1_1_2"
"1339","CTGTATTTCAGGTGTT-1_1_2"
"1340","CTGTATTTCCTCTAAT-1_1_2"
"1341","CTGTCGTAGAATTTGG-1_1_2"
"1342","CTGTCGTAGTGGTGGT-1_1_2"
"1343","CTGTCGTCATCTGGGC-1_1_2"
"1344","CTGTCGTGTTCGGCCA-1_1_2"
"1345","CTGTCGTGTTTGGCTA-1_1_2"
"1346","CTGTCGTTCGGTGTAT-1_1_2"
"1347","CTGTGAATCCACAAGT-1_1_2"
"1348","CTGTGGGAGACCAGAC-1_1_2"
"1349","CTGTGGGAGCTAAGTA-1_1_2"
"1350","CTGTGGGGTTACGCCG-1_1_2"
"1351","CTTACCGAGCGAATGC-1_1_2"
"1352","CTTACCGGTGCGGCTT-1_1_2"
"1353","CTTAGGAAGCTTACGT-1_1_2"
"1354","CTTAGGAGTTGGCCGT-1_1_2"
"1355","CTTAGGATCATCACAG-1_1_2"
"1356","CTTAGGATCCAGTACA-1_1_2"
"1357","CTTCAATAGGCCTTCG-1_1_2"
"1358","CTTCAATGTTAATGAG-1_1_2"
"1359","CTTCAATGTTGCAACT-1_1_2"
"1360","CTTCAATTCCAACCAA-1_1_2"
"1361","CTTCCGAGTAGCTTGT-1_1_2"
"1362","CTTCCGATCAAACGAA-1_1_2"
"1363","CTTCCGATCGTGGACC-1_1_2"
"1364","CTTCCTTAGAGAGCGG-1_1_2"
"1365","CTTCCTTCACTCACTC-1_1_2"
"1366","CTTCCTTTCGGAGCAA-1_1_2"
"1367","CTTCGGTAGATGAACT-1_1_2"
"1368","CTTCGGTAGGAAAGAC-1_1_2"
"1369","CTTCGGTGTTCCAGGC-1_1_2"
"1370","CTTCTAAAGTGCAGCA-1_1_2"
"1371","CTTCTAAAGTTAACAG-1_1_2"
"1372","CTTCTCTCACACGGAA-1_1_2"
"1373","CTTCTCTCAGGACTTT-1_1_2"
"1374","CTTCTCTTCGTCCTCA-1_1_2"
"1375","CTTGAGACAAGCGCTC-1_1_2"
"1376","CTTGAGAGTGAACCGA-1_1_2"
"1377","CTTGAGAGTTGGTACT-1_1_2"
"1378","CTTGATTAGAACTTCC-1_1_2"
"1379","CTTTCGGCATCGATAC-1_1_2"
"1380","CTTTCGGGTACGTGAG-1_1_2"
"1381","CTTTCGGTCATTCATC-1_1_2"
"1382","GAAACCTAGAGAGTGA-1_1_2"
"1383","GAAACCTTCCATACAG-1_1_2"
"1384","GAAATGAGTGAGCCAA-1_1_2"
"1385","GAACACTAGATGCTGG-1_1_2"
"1386","GAACACTAGTGGACTG-1_1_2"
"1387","GAACACTTCGTTCTCG-1_1_2"
"1388","GAACGTTCACTTTATC-1_1_2"
"1389","GAACGTTGTACAAAGT-1_1_2"
"1390","GAACTGTGTCCGTACG-1_1_2"
"1391","GAACTGTGTGGTTTAC-1_1_2"
"1392","GAACTGTTCCTTATGT-1_1_2"
"1393","GAAGAATGTAGTACGG-1_1_2"
"1394","GAAGAATGTGCCTTCT-1_1_2"
"1395","GAAGCCCGTCGCACGT-1_1_2"
"1396","GAAGCCCGTTCCGCGA-1_1_2"
"1397","GAAGCGACACATTACG-1_1_2"
"1398","GAAGCGAGTTTGGCTA-1_1_2"
"1399","GAAGCGATCATTCATC-1_1_2"
"1400","GAAGCGATCTCATGCC-1_1_2"
"1401","GAAGGACAGGAGCAAA-1_1_2"
"1402","GAAGGACAGTTGGCGA-1_1_2"
"1403","GAAGGACCAGGGTCTC-1_1_2"
"1404","GAAGGACTCAAGCCTA-1_1_2"
"1405","GAAGGACTCAGGAAGC-1_1_2"
"1406","GAAGGACTCATTTACC-1_1_2"
"1407","GAAGGGTAGCCTGCCA-1_1_2"
"1408","GAAGGGTCATCCGCGA-1_1_2"
"1409","GAAGGGTGTAGTTACC-1_1_2"
"1410","GAAGGGTTCTGTCTCG-1_1_2"
"1411","GAAGTAAAGACCCTTA-1_1_2"
"1412","GAAGTAACAAATGATG-1_1_2"
"1413","GAAGTAACAGCGCGTT-1_1_2"
"1414","GAAGTAAGTTTGTTCT-1_1_2"
"1415","GAAGTAATCGGCGATC-1_1_2"
"1416","GAATAGAAGCACCCAC-1_1_2"
"1417","GAATAGAGTACAGAAT-1_1_2"
"1418","GAATAGAGTTTCGATG-1_1_2"
"1419","GAATCACAGCTAAATG-1_1_2"
"1420","GAATCACAGTAAACGT-1_1_2"
"1421","GAATCACTCGGTCGGT-1_1_2"
"1422","GAATCGTAGAGCCGAT-1_1_2"
"1423","GAATCGTCAAGCCCAC-1_1_2"
"1424","GAATCGTGTCCCGCAA-1_1_2"
"1425","GAATCGTGTGTCTCCT-1_1_2"
"1426","GAATCGTTCGACGCTG-1_1_2"
"1427","GACACGCAGGCCTAAG-1_1_2"
"1428","GACACGCCATAGATCC-1_1_2"
"1429","GACAGCCCACATTCGA-1_1_2"
"1430","GACATCACAGCTCTGG-1_1_2"
"1431","GACATCAGTCCCGCAA-1_1_2"
"1432","GACATCATCATTTGCT-1_1_2"
"1433","GACCAATCACCCTGAG-1_1_2"
"1434","GACCAATGTCAAGTTC-1_1_2"
"1435","GACCAATGTGCTGCAC-1_1_2"
"1436","GACCCTTCAGGTGAGT-1_1_2"
"1437","GACCCTTCATTCCTAT-1_1_2"
"1438","GACCCTTGTTGTGCCG-1_1_2"
"1439","GACCGTGAGTTTGCTG-1_1_2"
"1440","GACCGTGGTGTCTTCC-1_1_2"
"1441","GACCTTCCAAGACCGA-1_1_2"
"1442","GACCTTCCACCCTTAC-1_1_2"
"1443","GACGCTGAGGACAAGA-1_1_2"
"1444","GACGCTGAGTAAACTG-1_1_2"
"1445","GACGCTGTCACCCTCA-1_1_2"
"1446","GACGCTGTCCCGAATA-1_1_2"
"1447","GACGCTGTCTCAGAAC-1_1_2"
"1448","GACGCTGTCTGTTCAT-1_1_2"
"1449","GACGTTACAGTTTCAG-1_1_2"
"1450","GACTATGAGAGCAACC-1_1_2"
"1451","GACTATGAGATGAAGG-1_1_2"
"1452","GACTATGCAGAACGCA-1_1_2"
"1453","GACTATGTCTGAGTCA-1_1_2"
"1454","GACTCTCAGATTAGCA-1_1_2"
"1455","GACTCTCCAGCATGCC-1_1_2"
"1456","GACTCTCCATGTCGTA-1_1_2"
"1457","GACTCTCGTATGGGAC-1_1_2"
"1458","GACTCTCGTGCCAAGA-1_1_2"
"1459","GACTGATAGATACGAT-1_1_2"
"1460","GACTGATGTAGCTGTT-1_1_2"
"1461","GACTGATTCATGCGGC-1_1_2"
"1462","GACTGATTCCTACCGT-1_1_2"
"1463","GACTTCCCAAATCAGA-1_1_2"
"1464","GACTTCCCAAGTCATC-1_1_2"
"1465","GACTTCCGTACTCGCG-1_1_2"
"1466","GAGAAATCACCGAATT-1_1_2"
"1467","GAGAAATGTCCTTTGC-1_1_2"
"1468","GAGAAATGTTACCTGA-1_1_2"
"1469","GAGAAATTCAGCTTCC-1_1_2"
"1470","GAGAAATTCGCCACTT-1_1_2"
"1471","GAGACCCCACAAAGCG-1_1_2"
"1472","GAGACCCGTGAATTGA-1_1_2"
"1473","GAGACCCGTGGAAATT-1_1_2"
"1474","GAGACCCGTGGAACAC-1_1_2"
"1475","GAGACCCGTTCGTGCG-1_1_2"
"1476","GAGACTTAGGAAGTAG-1_1_2"
"1477","GAGACTTAGGAGCTGT-1_1_2"
"1478","GAGACTTTCGCCTTTG-1_1_2"
"1479","GAGAGGTAGAATCGTA-1_1_2"
"1480","GAGAGGTAGGTGCCAA-1_1_2"
"1481","GAGAGGTCACAGTCCG-1_1_2"
"1482","GAGAGGTCATAGTCGT-1_1_2"
"1483","GAGATGGCAACAGCTT-1_1_2"
"1484","GAGATGGCATCACGGC-1_1_2"
"1485","GAGATGGTCATCACTT-1_1_2"
"1486","GAGATGGTCATCCCGT-1_1_2"
"1487","GAGCCTGAGCTTCATG-1_1_2"
"1488","GAGCCTGGTGTTCCAA-1_1_2"
"1489","GAGCTGCAGAGAGCCT-1_1_2"
"1490","GAGCTGCAGCCAGACA-1_1_2"
"1491","GAGCTGCGTACTGCCG-1_1_2"
"1492","GAGCTGCTCTGCGGAC-1_1_2"
"1493","GAGGCAACAATGGCAG-1_1_2"
"1494","GAGGCAACAGTGGGTA-1_1_2"
"1495","GAGGCAAGTAGACAAT-1_1_2"
"1496","GAGGCAATCTCGGTAA-1_1_2"
"1497","GAGGCCTAGTAAGGGA-1_1_2"
"1498","GAGGCCTGTACTTGTG-1_1_2"
"1499","GAGGCCTGTGAGATCG-1_1_2"
"1500","GAGGCCTTCGCTAGCG-1_1_2"
"1501","GAGGGATAGGGCCCTT-1_1_2"
"1502","GAGGGATCAAGTATCC-1_1_2"
"1503","GAGGGATGTGACTCGC-1_1_2"
"1504","GAGGGATTCCGCACTT-1_1_2"
"1505","GAGGGATTCTATCACT-1_1_2"
"1506","GAGGGTAAGACTTCCA-1_1_2"
"1507","GAGGGTACACACGCCA-1_1_2"
"1508","GAGGGTACACTCAGAT-1_1_2"
"1509","GAGGGTAGTCCAGTTA-1_1_2"
"1510","GAGGGTAGTGTATCCA-1_1_2"
"1511","GAGTCATAGATGCCGA-1_1_2"
"1512","GAGTCATAGCGACATG-1_1_2"
"1513","GAGTCATCAGCGAACA-1_1_2"
"1514","GAGTCTACAAGATTGA-1_1_2"
"1515","GAGTCTAGTGACTATC-1_1_2"
"1516","GAGTCTATCTTAAGGC-1_1_2"
"1517","GAGTGAGAGAGTAACT-1_1_2"
"1518","GAGTGAGGTATCTTCT-1_1_2"
"1519","GAGTGTTCAAGGTCTT-1_1_2"
"1520","GAGTGTTCAGCTATAC-1_1_2"
"1521","GAGTGTTGTGGGTCAA-1_1_2"
"1522","GAGTTACAGATACATG-1_1_2"
"1523","GAGTTGTTCCATAGAC-1_1_2"
"1524","GAGTTGTTCCGTAGGC-1_1_2"
"1525","GAGTTGTTCTGGAAGG-1_1_2"
"1526","GAGTTTGAGGTGATCG-1_1_2"
"1527","GAGTTTGCAAGGCGTA-1_1_2"
"1528","GATAGAAAGTGGATAT-1_1_2"
"1529","GATAGAAGTATACGGG-1_1_2"
"1530","GATAGAATCAGTAGGG-1_1_2"
"1531","GATAGCTCACAAATCC-1_1_2"
"1532","GATAGCTCAGACGGAT-1_1_2"
"1533","GATAGCTTCAAAGGAT-1_1_2"
"1534","GATCACAAGGTTCTTG-1_1_2"
"1535","GATCACAAGTTTCGAC-1_1_2"
"1536","GATCACATCCACTGAA-1_1_2"
"1537","GATCAGTAGCTCTTCC-1_1_2"
"1538","GATCAGTAGTCATAGA-1_1_2"
"1539","GATCATGCATCTCATT-1_1_2"
"1540","GATCATGGTCACGTGC-1_1_2"
"1541","GATCATGGTCCCTGTT-1_1_2"
"1542","GATCATGTCGCCTCTA-1_1_2"
"1543","GATCCCTAGATTACCC-1_1_2"
"1544","GATCCCTAGCGACTTT-1_1_2"
"1545","GATCCCTCACAGCTTA-1_1_2"
"1546","GATCCCTCATCCGGCA-1_1_2"
"1547","GATCCCTTCTGCTCTG-1_1_2"
"1548","GATCGTAAGTAGCATA-1_1_2"
"1549","GATCGTACAGGCTTGC-1_1_2"
"1550","GATCGTAGTTAACCTG-1_1_2"
"1551","GATGACTGTTGCATTG-1_1_2"
"1552","GATGAGGTCGCTGTTC-1_1_2"
"1553","GATGATCGTCTAATCG-1_1_2"
"1554","GATGATCTCGAGTGGA-1_1_2"
"1555","GATGCTACAGTATACC-1_1_2"
"1556","GATGCTAGTCAGACGA-1_1_2"
"1557","GATGGAGAGAAGCCAC-1_1_2"
"1558","GATGGAGCAGCTCATA-1_1_2"
"1559","GATGGAGCAGGATTCT-1_1_2"
"1560","GATGGAGTCACCTGGG-1_1_2"
"1561","GATGGAGTCGCTGATA-1_1_2"
"1562","GATGTTGAGATTGGGC-1_1_2"
"1563","GATGTTGGTCTCGACG-1_1_2"
"1564","GATTCGAAGCGATGAC-1_1_2"
"1565","GATTCGACATTACGGT-1_1_2"
"1566","GATTCGATCCGCATAA-1_1_2"
"1567","GATTCTTAGCTTAGTC-1_1_2"
"1568","GATTCTTGTCCCACGA-1_1_2"
"1569","GATTGGTAGACGCCCT-1_1_2"
"1570","GATTGGTAGATGGTAT-1_1_2"
"1571","GATTGGTCACCCAATA-1_1_2"
"1572","GATTGGTTCTCTGACC-1_1_2"
"1573","GATTTCTGTGTAGCAG-1_1_2"
"1574","GCAACATAGTGCGTCC-1_1_2"
"1575","GCAACATCAAGCCATT-1_1_2"
"1576","GCAACATGTCAGGAGT-1_1_2"
"1577","GCAACATTCTCTCTAA-1_1_2"
"1578","GCAACCGAGTGCAACG-1_1_2"
"1579","GCAACCGTCTCTAAGG-1_1_2"
"1580","GCAACCGTCTGAGATC-1_1_2"
"1581","GCACATACAATGAAAC-1_1_2"
"1582","GCACATATCATTTACC-1_1_2"
"1583","GCACATATCCGTTGGG-1_1_2"
"1584","GCACGGTCAGTAGATA-1_1_2"
"1585","GCACGTGAGGTAGATT-1_1_2"
"1586","GCACGTGGTTAGGCCC-1_1_2"
"1587","GCACTAAAGGGACAGG-1_1_2"
"1588","GCACTAATCCTGCTAC-1_1_2"
"1589","GCAGCCACACACGCCA-1_1_2"
"1590","GCAGCCATCGCTCATC-1_1_2"
"1591","GCAGCTGAGGCTGAAC-1_1_2"
"1592","GCAGCTGGTACACGCC-1_1_2"
"1593","GCAGCTGGTTGCGTAT-1_1_2"
"1594","GCAGCTGTCACAGTGT-1_1_2"
"1595","GCAGCTGTCACTTTGT-1_1_2"
"1596","GCAGGCTAGGCTTTCA-1_1_2"
"1597","GCAGGCTTCGGAATTC-1_1_2"
"1598","GCAGGCTTCGTAGAGG-1_1_2"
"1599","GCATCGGGTGACAACG-1_1_2"
"1600","GCATCGGGTTCATCTT-1_1_2"
"1601","GCATCGGTCACCGGGT-1_1_2"
"1602","GCATCGGTCCTATGGA-1_1_2"
"1603","GCATCGGTCGGAGTAG-1_1_2"
"1604","GCATCTCGTCGCAGTC-1_1_2"
"1605","GCATCTCGTGATTCAC-1_1_2"
"1606","GCATGATAGAAGCGCT-1_1_2"
"1607","GCATGATAGCTAGATA-1_1_2"
"1608","GCATGATAGTGCCCGT-1_1_2"
"1609","GCCAACGCAAAGGAGA-1_1_2"
"1610","GCCAACGGTACAGAAT-1_1_2"
"1611","GCCAACGGTTAGGCTT-1_1_2"
"1612","GCCAACGTCGGACCAC-1_1_2"
"1613","GCCAGCAAGTAGAATC-1_1_2"
"1614","GCCAGCACACGCCACA-1_1_2"
"1615","GCCAGCAGTAGAGCTG-1_1_2"
"1616","GCCAGCAGTTGTATGC-1_1_2"
"1617","GCCAGCATCGGCATTA-1_1_2"
"1618","GCCAGGTCATTGACTG-1_1_2"
"1619","GCCAGGTGTCATCCCT-1_1_2"
"1620","GCCAGGTGTGCTCGTG-1_1_2"
"1621","GCCAGTGAGTCATGAA-1_1_2"
"1622","GCCAGTGCACTGCTTC-1_1_2"
"1623","GCCAGTGCATCATTTC-1_1_2"
"1624","GCCATGGAGTCTTGGT-1_1_2"
"1625","GCCATGGTCATAGAGA-1_1_2"
"1626","GCCATTCAGAGGACTC-1_1_2"
"1627","GCCATTCCACCAGCTG-1_1_2"
"1628","GCCATTCCACTGGAAG-1_1_2"
"1629","GCCATTCGTGGTCCCA-1_1_2"
"1630","GCCATTCGTTACCTGA-1_1_2"
"1631","GCCATTCGTTCACGAT-1_1_2"
"1632","GCCCAGAAGCTCGACC-1_1_2"
"1633","GCCCAGACACCAGCCA-1_1_2"
"1634","GCCCAGATCAAGAAAC-1_1_2"
"1635","GCCCAGATCAAGCTTG-1_1_2"
"1636","GCCCAGATCCTGTTGC-1_1_2"
"1637","GCCCAGATCGGCAGTC-1_1_2"
"1638","GCCCGAATCCCTTGGT-1_1_2"
"1639","GCCCGAATCTAGGAAA-1_1_2"
"1640","GCCGATGAGCCAAGCA-1_1_2"
"1641","GCCGATGCACATGACT-1_1_2"
"1642","GCCGATGCACTTCATT-1_1_2"
"1643","GCCGATGGTCGGTAAG-1_1_2"
"1644","GCCGATGGTCGTTTCC-1_1_2"
"1645","GCCGTGAAGCAAGTCG-1_1_2"
"1646","GCCGTGACATGATGCT-1_1_2"
"1647","GCCGTGATCGATCCCT-1_1_2"
"1648","GCCTGTTAGGGCCTCT-1_1_2"
"1649","GCCTGTTGTCGTCAGC-1_1_2"
"1650","GCCTGTTGTGCTCTTC-1_1_2"
"1651","GCCTGTTTCAACGAGG-1_1_2"
"1652","GCCTGTTTCATTACGG-1_1_2"
"1653","GCGAGAACAAGTGTCT-1_1_2"
"1654","GCGAGAAGTTATGACC-1_1_2"
"1655","GCGAGAATCACATACG-1_1_2"
"1656","GCGATCGAGAGCAAGA-1_1_2"
"1657","GCGATCGAGATTTGCC-1_1_2"
"1658","GCGATCGGTCGTGGAA-1_1_2"
"1659","GCGGAAAAGATGCTAA-1_1_2"
"1660","GCGGAAAAGCTGCGAA-1_1_2"
"1661","GCGGAAACACCCTAAA-1_1_2"
"1662","GCGGAAATCCAGCTCT-1_1_2"
"1663","GCGGATCAGTCACACT-1_1_2"
"1664","GCGGATCCACACGTGC-1_1_2"
"1665","GCGGATCGTAGCTTTG-1_1_2"
"1666","GCGGATCGTAGGTGCA-1_1_2"
"1667","GCGGATCGTGTCATGT-1_1_2"
"1668","GCGGATCTCGCCAGAC-1_1_2"
"1669","GCGTGCAAGCCTATCA-1_1_2"
"1670","GCGTGCAAGGGCAGAG-1_1_2"
"1671","GCGTGCACAAGAGTAT-1_1_2"
"1672","GCGTGCACATTCACAG-1_1_2"
"1673","GCGTGCAGTACTCCCT-1_1_2"
"1674","GCGTGCAGTATTCTCT-1_1_2"
"1675","GCGTGCAGTTGTAGCT-1_1_2"
"1676","GCGTGCATCCGTAATG-1_1_2"
"1677","GCGTGCATCCGTGCGA-1_1_2"
"1678","GCGTTTCAGTAACAGT-1_1_2"
"1679","GCGTTTCCATCTAGAC-1_1_2"
"1680","GCGTTTCGTATCCTCC-1_1_2"
"1681","GCGTTTCTCGGAGCAA-1_1_2"
"1682","GCTACAATCCATGCAA-1_1_2"
"1683","GCTACCTAGCATCAAA-1_1_2"
"1684","GCTACCTAGTAACCGG-1_1_2"
"1685","GCTACCTGTAATACCC-1_1_2"
"1686","GCTCAAACAGCTGCCA-1_1_2"
"1687","GCTCAAACAGGAGGAG-1_1_2"
"1688","GCTCAAAGTACAGAAT-1_1_2"
"1689","GCTCAAAGTCGGCTAC-1_1_2"
"1690","GCTCAAAGTGCATTAC-1_1_2"
"1691","GCTGAATAGGGATGTC-1_1_2"
"1692","GCTGAATCATCTTAGG-1_1_2"
"1693","GCTGAATGTCTTCATT-1_1_2"
"1694","GCTGCAGAGTTCCATG-1_1_2"
"1695","GCTGCAGTCTCAATCT-1_1_2"
"1696","GCTGGGTAGGTAAGTT-1_1_2"
"1697","GCTGGGTTCCACTGGG-1_1_2"
"1698","GCTGGGTTCTCTGAGA-1_1_2"
"1699","GCTTCACAGAGGACTC-1_1_2"
"1700","GCTTCACAGTAACAGT-1_1_2"
"1701","GCTTCACTCTGGTGCG-1_1_2"
"1702","GCTTCACTCTTCACAT-1_1_2"
"1703","GCTTGGGGTGTCATCA-1_1_2"
"1704","GCTTTCGTCATCACTT-1_1_2"
"1705","GCTTTCGTCCTACGAA-1_1_2"
"1706","GGAACCCAGTCGGGAT-1_1_2"
"1707","GGAACCCTCGTCTCAC-1_1_2"
"1708","GGAACCCTCTCATGCC-1_1_2"
"1709","GGAACCCTCTGGGCCA-1_1_2"
"1710","GGAAGTGAGAGCCGAT-1_1_2"
"1711","GGAAGTGCATCTAGAC-1_1_2"
"1712","GGAAGTGTCCGGCAAC-1_1_2"
"1713","GGAATCTCATCCGCGA-1_1_2"
"1714","GGAATCTGTGTCACAT-1_1_2"
"1715","GGAATGGTCCGGTTCT-1_1_2"
"1716","GGACGTCCAAAGGAGA-1_1_2"
"1717","GGACGTCCAAGAGTGC-1_1_2"
"1718","GGAGAACAGAGAGTTT-1_1_2"
"1719","GGAGAACTCGAATGCT-1_1_2"
"1720","GGAGATGAGCTAATGA-1_1_2"
"1721","GGAGATGCAGGAGGAG-1_1_2"
"1722","GGAGGTAAGCGTGCTC-1_1_2"
"1723","GGAGGTAAGGGTATAT-1_1_2"
"1724","GGATCTAGTCAGATTC-1_1_2"
"1725","GGATGTTAGTTACTCG-1_1_2"
"1726","GGATGTTAGTTGCTCA-1_1_2"
"1727","GGATGTTGTGCCAAGA-1_1_2"
"1728","GGATGTTTCTCATGCC-1_1_2"
"1729","GGATGTTTCTCCTGCA-1_1_2"
"1730","GGCACGTCATGTTCGA-1_1_2"
"1731","GGCACGTCATTGAAAG-1_1_2"
"1732","GGCACGTGTTCTAAGC-1_1_2"
"1733","GGCAGTCTCCCAGCGA-1_1_2"
"1734","GGCAGTCTCTACCTTA-1_1_2"
"1735","GGCGTCAAGATAGGGA-1_1_2"
"1736","GGCGTCAAGATGTTGA-1_1_2"
"1737","GGCGTCACAGCTCTGG-1_1_2"
"1738","GGCGTCATCCTACACC-1_1_2"
"1739","GGCGTCATCTTTGCTA-1_1_2"
"1740","GGCTGTGCATGTTACG-1_1_2"
"1741","GGCTGTGGTTAAGGGC-1_1_2"
"1742","GGCTGTGTCATTCGTT-1_1_2"
"1743","GGCTTGGCAGTCGGAA-1_1_2"
"1744","GGCTTGGTCAAACTGC-1_1_2"
"1745","GGCTTTCCAATTGAAG-1_1_2"
"1746","GGCTTTCCATACCAGT-1_1_2"
"1747","GGCTTTCCATGGTACT-1_1_2"
"1748","GGCTTTCGTCGGTACC-1_1_2"
"1749","GGCTTTCTCACTGTCC-1_1_2"
"1750","GGCTTTCTCCCTTCCC-1_1_2"
"1751","GGCTTTCTCCGTTGAA-1_1_2"
"1752","GGGAAGTAGCACTCAT-1_1_2"
"1753","GGGAAGTCAGGTATGG-1_1_2"
"1754","GGGACAACACGTACTA-1_1_2"
"1755","GGGACAAGTAATGCGG-1_1_2"
"1756","GGGACAATCGGCATCG-1_1_2"
"1757","GGGACAATCTCGAACA-1_1_2"
"1758","GGGACCTCATAGCACT-1_1_2"
"1759","GGGACCTCATCTCGTC-1_1_2"
"1760","GGGACCTTCATACAGC-1_1_2"
"1761","GGGACTCAGGTGCCAA-1_1_2"
"1762","GGGACTCGTCCACGCA-1_1_2"
"1763","GGGACTCGTGATACCT-1_1_2"
"1764","GGGAGATAGTCATAGA-1_1_2"
"1765","GGGAGATCACTTCATT-1_1_2"
"1766","GGGAGATTCATCACTT-1_1_2"
"1767","GGGAGTAGTACTTGTG-1_1_2"
"1768","GGGATCCAGAGTGTGC-1_1_2"
"1769","GGGATCCGTTGCCGCA-1_1_2"
"1770","GGGATCCTCTAAGAAG-1_1_2"
"1771","GGGATGACACAGTACT-1_1_2"
"1772","GGGATGACAGGAGACT-1_1_2"
"1773","GGGCCATTCGTTCCCA-1_1_2"
"1774","GGGCCATTCTCCGAGG-1_1_2"
"1775","GGGCGTTAGAAGTCCG-1_1_2"
"1776","GGGCGTTCAATTGCTG-1_1_2"
"1777","GGGCTACAGTAGTCTC-1_1_2"
"1778","GGGCTACCACCAGCCA-1_1_2"
"1779","GGGCTACTCGCTCCTA-1_1_2"
"1780","GGGCTCAAGGAACGCT-1_1_2"
"1781","GGGCTCAGTGTGCTTA-1_1_2"
"1782","GGGCTCATCTGCCTGT-1_1_2"
"1783","GGGTAGAAGATCACTC-1_1_2"
"1784","GGGTAGAAGGTTCCAT-1_1_2"
"1785","GGGTAGAGTACACGCC-1_1_2"
"1786","GGGTAGATCAACGCTA-1_1_2"
"1787","GGGTAGATCAGAACCT-1_1_2"
"1788","GGGTATTAGGTCCCGT-1_1_2"
"1789","GGGTATTGTATCACGT-1_1_2"
"1790","GGGTATTGTCGTCATA-1_1_2"
"1791","GGGTATTGTTCATCTT-1_1_2"
"1792","GGGTATTGTTCCCACT-1_1_2"
"1793","GGGTCACAGGTCCTGC-1_1_2"
"1794","GGGTCACAGGTTTACC-1_1_2"
"1795","GGGTCACGTAGTCGGA-1_1_2"
"1796","GGGTCACGTGTGGACA-1_1_2"
"1797","GGGTCTGAGATACCAA-1_1_2"
"1798","GGGTCTGGTCCTCCAT-1_1_2"
"1799","GGGTCTGGTGCATACT-1_1_2"
"1800","GGGTCTGTCTGTCTCG-1_1_2"
"1801","GGGTGAAAGTACCCTA-1_1_2"
"1802","GGGTGAACAGTCTCTC-1_1_2"
"1803","GGGTGAACATAGCTGT-1_1_2"
"1804","GGGTGAAGTCACATTG-1_1_2"
"1805","GGGTGAATCTATGCCC-1_1_2"
"1806","GGGTGTCGTTTACTGG-1_1_2"
"1807","GGGTTATAGCACTAGG-1_1_2"
"1808","GGGTTATCACCCTTAC-1_1_2"
"1809","GGGTTATCACCGTCTT-1_1_2"
"1810","GGGTTATGTACAAGTA-1_1_2"
"1811","GGGTTATGTAGTTCCA-1_1_2"
"1812","GGGTTATGTGTTCAGT-1_1_2"
"1813","GGGTTTAAGAGGTCAC-1_1_2"
"1814","GGGTTTACAATAACGA-1_1_2"
"1815","GGTAACTCATTCAGGT-1_1_2"
"1816","GGTAACTGTCATAAAG-1_1_2"
"1817","GGTAACTGTCGCACGT-1_1_2"
"1818","GGTAACTGTCTTCATT-1_1_2"
"1819","GGTAATCCAGTTAGAA-1_1_2"
"1820","GGTAGAGGTTCTCTCG-1_1_2"
"1821","GGTAGAGTCGAGAATA-1_1_2"
"1822","GGTCACGAGTGGCCTC-1_1_2"
"1823","GGTCACGCATCTTAGG-1_1_2"
"1824","GGTCACGTCATCCTAT-1_1_2"
"1825","GGTCTGGCACCTCTAC-1_1_2"
"1826","GGTGAAGTCAAGTTGC-1_1_2"
"1827","GGTGAAGTCAGAGTTC-1_1_2"
"1828","GGTGATTAGCCTATTG-1_1_2"
"1829","GGTGATTCACGTCTCT-1_1_2"
"1830","GGTGATTCAGTCGAGA-1_1_2"
"1831","GGTGATTGTTCGGCTG-1_1_2"
"1832","GGTGGCTAGGAACGAA-1_1_2"
"1833","GGTGTCGAGCTCCACG-1_1_2"
"1834","GGTGTCGAGGTTATAG-1_1_2"
"1835","GGTGTCGCACACCTTC-1_1_2"
"1836","GGTGTCGTCCTCTCGA-1_1_2"
"1837","GGTGTTACACAAACGG-1_1_2"
"1838","GGTGTTACACATGAAA-1_1_2"
"1839","GGTGTTACACGGAAGT-1_1_2"
"1840","GGTGTTAGTATTTCCT-1_1_2"
"1841","GGTGTTATCCATCCGT-1_1_2"
"1842","GGTTAACAGGCGATAC-1_1_2"
"1843","GGTTAACTCACGTCCT-1_1_2"
"1844","GGTTCTCAGGTCGTAG-1_1_2"
"1845","GGTTCTCAGTCTTGGT-1_1_2"
"1846","GGTTCTCGTACGTTCA-1_1_2"
"1847","GGTTGTAAGATGGGCT-1_1_2"
"1848","GGTTGTACAGCGTGAA-1_1_2"
"1849","GGTTGTACATCGTCCT-1_1_2"
"1850","GTAACACAGACGTCCC-1_1_2"
"1851","GTAACACCAAACCGGA-1_1_2"
"1852","GTAACACGTAAGATAC-1_1_2"
"1853","GTAACACTCCTGGTCT-1_1_2"
"1854","GTAACCAAGAAGTGTT-1_1_2"
"1855","GTAACCAAGCAATAGT-1_1_2"
"1856","GTAACCAGTAGCTAAA-1_1_2"
"1857","GTAACCAGTAGGCAAC-1_1_2"
"1858","GTAACCAGTTATTCTC-1_1_2"
"1859","GTAACCATCCCTAGGG-1_1_2"
"1860","GTAAGTCCAGCGGTCT-1_1_2"
"1861","GTAAGTCCATCCTTGC-1_1_2"
"1862","GTAAGTCTCTCTTAAC-1_1_2"
"1863","GTAATCGGTCATACCA-1_1_2"
"1864","GTAATCGTCCATAGGT-1_1_2"
"1865","GTAATGCAGATAACAC-1_1_2"
"1866","GTAATGCAGGAACTAT-1_1_2"
"1867","GTACAACAGCAATTAG-1_1_2"
"1868","GTACAGTGTGGACAGT-1_1_2"
"1869","GTACAGTTCATTGTGG-1_1_2"
"1870","GTAGAAAAGCCGTAAG-1_1_2"
"1871","GTAGAAAAGTAAAGCT-1_1_2"
"1872","GTAGAAACACTCACTC-1_1_2"
"1873","GTAGAAAGTCTAACTG-1_1_2"
"1874","GTAGAAAGTGGTCAAG-1_1_2"
"1875","GTAGAGGCAACATACC-1_1_2"
"1876","GTAGAGGGTACTCGAT-1_1_2"
"1877","GTAGAGGTCAAACTGC-1_1_2"
"1878","GTAGATCAGCGTGAGT-1_1_2"
"1879","GTAGATCCAAATTAGG-1_1_2"
"1880","GTAGATCGTGTTCATG-1_1_2"
"1881","GTAGATCTCTTACGGA-1_1_2"
"1882","GTAGCTACAGAATGTA-1_1_2"
"1883","GTAGCTAGTCTAACTG-1_1_2"
"1884","GTAGGAGCAAAGGCGT-1_1_2"
"1885","GTAGGAGCAGCGTACC-1_1_2"
"1886","GTAGGAGCATCCTGTC-1_1_2"
"1887","GTAGGAGGTACTGCCG-1_1_2"
"1888","GTAGGAGGTCCGGTCA-1_1_2"
"1889","GTAGGAGTCAGCTGAT-1_1_2"
"1890","GTAGGTTGTGGTGATG-1_1_2"
"1891","GTAGGTTGTTTGCAGT-1_1_2"
"1892","GTAGGTTTCGCGCTGA-1_1_2"
"1893","GTAGTACGTAGGTAGC-1_1_2"
"1894","GTAGTACTCAGTGTGT-1_1_2"
"1895","GTATTGGTCTGAGGTT-1_1_2"
"1896","GTATTTCGTAGTGATA-1_1_2"
"1897","GTATTTCTCTTACCAT-1_1_2"
"1898","GTCAAACCAGGAATAT-1_1_2"
"1899","GTCAAACGTGGATCGA-1_1_2"
"1900","GTCAAACTCGTAGTCA-1_1_2"
"1901","GTCAAGTGTTTGCAGT-1_1_2"
"1902","GTCAAGTTCGTGCATA-1_1_2"
"1903","GTCACGGTCCGAAGGA-1_1_2"
"1904","GTCACGGTCTCTCTAA-1_1_2"
"1905","GTCACTCAGGTACCTT-1_1_2"
"1906","GTCACTCAGTACGTCT-1_1_2"
"1907","GTCACTCAGTTGCCCG-1_1_2"
"1908","GTCACTCGTGAGATCG-1_1_2"
"1909","GTCACTCGTGATACTC-1_1_2"
"1910","GTCACTCGTTCGTAAC-1_1_2"
"1911","GTCAGCGTCCTTCTGG-1_1_2"
"1912","GTCATCCAGCGATGAC-1_1_2"
"1913","GTCATCCCAGCGACAA-1_1_2"
"1914","GTCATCCGTGATAGAT-1_1_2"
"1915","GTCATCCGTGCCGGTT-1_1_2"
"1916","GTCATGACAATACGCT-1_1_2"
"1917","GTCATGACAGGTCCCA-1_1_2"
"1918","GTCATGAGTGAGAACC-1_1_2"
"1919","GTCATGATCACTGATG-1_1_2"
"1920","GTCATTTCATTGGATC-1_1_2"
"1921","GTCATTTGTTTCGATG-1_1_2"
"1922","GTCCACTCACATATGC-1_1_2"
"1923","GTCCACTCACGACAAG-1_1_2"
"1924","GTCCACTGTAGTCTGT-1_1_2"
"1925","GTCCCATGTCCAGCCA-1_1_2"
"1926","GTCCCATTCACCCTTG-1_1_2"
"1927","GTCCCATTCATGTCTT-1_1_2"
"1928","GTCCTCAGTTATTCTC-1_1_2"
"1929","GTCCTCATCAATGTCG-1_1_2"
"1930","GTCCTCATCGGATACT-1_1_2"
"1931","GTCGAATAGGTAATCA-1_1_2"
"1932","GTCGAATGTCACATTG-1_1_2"
"1933","GTCGCGACAAAGGCTG-1_1_2"
"1934","GTCGCGACACAATGCT-1_1_2"
"1935","GTCGCGACAGCAGTAG-1_1_2"
"1936","GTCGCGACAGTTAGGG-1_1_2"
"1937","GTCGCGAGTATGACAA-1_1_2"
"1938","GTCGCGAGTTGGGATG-1_1_2"
"1939","GTCGCGATCTGTCGTC-1_1_2"
"1940","GTCGTAAAGACCATAA-1_1_2"
"1941","GTCGTAAAGCGATGGT-1_1_2"
"1942","GTCGTAACACCCAAGC-1_1_2"
"1943","GTCGTAAGTTCTGACA-1_1_2"
"1944","GTCGTTCAGATGCAGC-1_1_2"
"1945","GTCGTTCCAAAGGATT-1_1_2"
"1946","GTCGTTCGTGGATGAC-1_1_2"
"1947","GTCGTTCTCCGTGCGA-1_1_2"
"1948","GTCTACCCACCCATAA-1_1_2"
"1949","GTCTACCTCCTTATGT-1_1_2"
"1950","GTCTAGACAGCAGTAG-1_1_2"
"1951","GTCTAGACATGGGAAC-1_1_2"
"1952","GTCTAGAGTAATTGGA-1_1_2"
"1953","GTCTAGAGTCGGTGTC-1_1_2"
"1954","GTCTCACAGCTGTGCC-1_1_2"
"1955","GTCTCACCAGCCTTCT-1_1_2"
"1956","GTCTCACGTGGAATGC-1_1_2"
"1957","GTCTGTCGTAATGCTC-1_1_2"
"1958","GTCTGTCTCAAGATAG-1_1_2"
"1959","GTCTGTCTCCCGAAAT-1_1_2"
"1960","GTCTTTAAGCGGTAGT-1_1_2"
"1961","GTGACGCAGTTGGAGC-1_1_2"
"1962","GTGACGCTCAAGCCTA-1_1_2"
"1963","GTGACGCTCTTCGGAA-1_1_2"
"1964","GTGAGCCGTACAAGTA-1_1_2"
"1965","GTGAGCCGTCTACGAT-1_1_2"
"1966","GTGAGCCTCACTCACC-1_1_2"
"1967","GTGAGGAAGACGACGT-1_1_2"
"1968","GTGAGGACACATCATG-1_1_2"
"1969","GTGAGGACATGGTGGA-1_1_2"
"1970","GTGAGTTAGTTGCCCG-1_1_2"
"1971","GTGAGTTAGTTGGGAC-1_1_2"
"1972","GTGCACGAGTCCTGCG-1_1_2"
"1973","GTGCACGAGTCGCGAA-1_1_2"
"1974","GTGCACGTCGTCCTTG-1_1_2"
"1975","GTGCAGCAGAGTCACG-1_1_2"
"1976","GTGCAGCTCATGCCCT-1_1_2"
"1977","GTGCGTGCAGACGGAT-1_1_2"
"1978","GTGCGTGGTGCATTAC-1_1_2"
"1979","GTGCGTGTCGCGCTGA-1_1_2"
"1980","GTGCTGGCAATGCAGG-1_1_2"
"1981","GTGCTGGGTCCACTTC-1_1_2"
"1982","GTGCTTCAGAGTCAGC-1_1_2"
"1983","GTGCTTCCAATTGCAC-1_1_2"
"1984","GTGCTTCGTGCGGATA-1_1_2"
"1985","GTGCTTCTCCTAACAG-1_1_2"
"1986","GTGCTTCTCTGTTGGA-1_1_2"
"1987","GTGGAAGTCCGGACTG-1_1_2"
"1988","GTGGAGAAGGGTATAT-1_1_2"
"1989","GTGGAGACACCCATAA-1_1_2"
"1990","GTGGAGACATTGCAAC-1_1_2"
"1991","GTGGAGAGTTACGCCG-1_1_2"
"1992","GTGGAGATCACACGAT-1_1_2"
"1993","GTGGAGATCAGGTAAA-1_1_2"
"1994","GTGGAGATCCGTGTCT-1_1_2"
"1995","GTGGCGTGTTCAGCTA-1_1_2"
"1996","GTGTAACTCGCGTAGC-1_1_2"
"1997","GTGTCCTGTCAATCTG-1_1_2"
"1998","GTGTGGCAGGTTCAGG-1_1_2"
"1999","GTGTGGCCAATCTAGC-1_1_2"
"2000","GTGTGGCCAGGATCTT-1_1_2"
"2001","GTGTTAGCAGAGGACT-1_1_2"
"2002","GTGTTAGGTTGCCGAC-1_1_2"
"2003","GTGTTCCAGAGAAGGT-1_1_2"
"2004","GTGTTCCCATGAATAG-1_1_2"
"2005","GTGTTCCCATGACGAG-1_1_2"
"2006","GTGTTCCGTCACCGAC-1_1_2"
"2007","GTTACCCAGCCGAATG-1_1_2"
"2008","GTTACCCCATCATCCC-1_1_2"
"2009","GTTACCCGTCGTCAGC-1_1_2"
"2010","GTTACGAAGAAATCCA-1_1_2"
"2011","GTTACGAAGGGTAGCT-1_1_2"
"2012","GTTACGACAACCGTAT-1_1_2"
"2013","GTTACGATCAAGCGTT-1_1_2"
"2014","GTTAGACAGCAACAGC-1_1_2"
"2015","GTTAGACAGTAAGACT-1_1_2"
"2016","GTTAGACCATACAGAA-1_1_2"
"2017","GTTAGACGTTAGGCCC-1_1_2"
"2018","GTTAGACTCCGATCTC-1_1_2"
"2019","GTTAGTGAGAAACCCG-1_1_2"
"2020","GTTAGTGAGTCCGTCG-1_1_2"
"2021","GTTAGTGCAGGTACGA-1_1_2"
"2022","GTTATGGCATGACGAG-1_1_2"
"2023","GTTCATTAGGATAATC-1_1_2"
"2024","GTTCATTTCCGAGAAG-1_1_2"
"2025","GTTCATTTCCGTGGGT-1_1_2"
"2026","GTTCCGTCAGATCACT-1_1_2"
"2027","GTTCCGTCATCGATCA-1_1_2"
"2028","GTTCCGTTCCCTCAAC-1_1_2"
"2029","GTTCGCTAGCATGCAG-1_1_2"
"2030","GTTCGCTGTCTTAGTG-1_1_2"
"2031","GTTCTATCACGAAGAC-1_1_2"
"2032","GTTCTATGTGGCCTCA-1_1_2"
"2033","GTTCTATGTTAGCGGA-1_1_2"
"2034","GTTGAACAGCGTCTCG-1_1_2"
"2035","GTTGAACCAAGTGCAG-1_1_2"
"2036","GTTGAACCAGGCATGA-1_1_2"
"2037","GTTGAACGTACGATTC-1_1_2"
"2038","GTTGAACGTGGATTTC-1_1_2"
"2039","GTTGAACTCAAAGCCT-1_1_2"
"2040","GTTGAACTCCTCACGT-1_1_2"
"2041","GTTGAACTCTGCGGGT-1_1_2"
"2042","GTTGCGGAGGACACTG-1_1_2"
"2043","GTTGCTCAGACCACGA-1_1_2"
"2044","GTTGCTCGTACGATGG-1_1_2"
"2045","GTTGCTCTCTATACGG-1_1_2"
"2046","GTTGTAGAGATAGCTA-1_1_2"
"2047","GTTGTAGCAAGACCGA-1_1_2"
"2048","GTTGTAGGTGGGATTG-1_1_2"
"2049","GTTGTAGTCAGGTAAA-1_1_2"
"2050","GTTGTAGTCATCGCCT-1_1_2"
"2051","GTTGTCCCATTCCTAT-1_1_2"
"2052","GTTGTCCGTACCTGTA-1_1_2"
"2053","GTTGTCCTCAAAGCCT-1_1_2"
"2054","GTTGTCCTCTCGACGG-1_1_2"
"2055","GTTGTGAAGAGTGAAG-1_1_2"
"2056","GTTGTGAAGCTCAGAG-1_1_2"
"2057","GTTGTGAGTAGCACGA-1_1_2"
"2058","GTTGTGAGTGTCCAAT-1_1_2"
"2059","GTTTACTAGGCCCACT-1_1_2"
"2060","GTTTACTAGTGGTGAC-1_1_2"
"2061","GTTTACTGTCAGACTT-1_1_2"
"2062","GTTTACTTCAATCCAG-1_1_2"
"2063","TAACACGAGCTCGAAG-1_1_2"
"2064","TAACACGGTAATCAGA-1_1_2"
"2065","TAACACGGTCTAGATC-1_1_2"
"2066","TAACACGTCTCGTGGG-1_1_2"
"2067","TAACCAGGTACGCGTC-1_1_2"
"2068","TAACCAGTCCGGCTTT-1_1_2"
"2069","TAACCAGTCGATACGT-1_1_2"
"2070","TAACGACAGCCAGAGT-1_1_2"
"2071","TAACGACAGCTTGTTG-1_1_2"
"2072","TAACGACAGTTGGCTT-1_1_2"
"2073","TAACGACCAGGCACTC-1_1_2"
"2074","TAACGACGTCGTTGCG-1_1_2"
"2075","TAACGACGTTAACCTG-1_1_2"
"2076","TAACGACTCAAACGAA-1_1_2"
"2077","TAACTTCAGACATGCG-1_1_2"
"2078","TAACTTCAGTCTTCGA-1_1_2"
"2079","TAACTTCGTTCGAACT-1_1_2"
"2080","TAACTTCTCGTCCTTG-1_1_2"
"2081","TAAGCACAGCTAGATA-1_1_2"
"2082","TAAGCACAGGATTTAG-1_1_2"
"2083","TAAGCACCAAACCATC-1_1_2"
"2084","TAAGCACGTCTCCTGT-1_1_2"
"2085","TAAGCCACATATGAAG-1_1_2"
"2086","TAAGCGTAGTTGCCCG-1_1_2"
"2087","TAAGCGTGTTCTTCAT-1_1_2"
"2088","TAAGTCGGTATGACAA-1_1_2"
"2089","TAATCTCAGATTGACA-1_1_2"
"2090","TAATCTCAGGCTAACG-1_1_2"
"2091","TAATCTCAGTAACGTA-1_1_2"
"2092","TAATCTCAGTTAGAAC-1_1_2"
"2093","TAATCTCTCCCGAAAT-1_1_2"
"2094","TAATTCCGTAATGTGA-1_1_2"
"2095","TAATTCCGTTTGCCGG-1_1_2"
"2096","TAATTCCTCTTCGATT-1_1_2"
"2097","TACAACGGTAGGGAGG-1_1_2"
"2098","TACAACGTCTGTCAGA-1_1_2"
"2099","TACACCCAGAAGCTCG-1_1_2"
"2100","TACACCCAGAAGGTAG-1_1_2"
"2101","TACACCCCAAGAAACT-1_1_2"
"2102","TACACCCGTGGGATTG-1_1_2"
"2103","TACACCCGTTCTCCAC-1_1_2"
"2104","TACAGGTAGAAGTCAT-1_1_2"
"2105","TACATTCAGCACCGAA-1_1_2"
"2106","TACATTCTCGCCGAAC-1_1_2"
"2107","TACATTCTCGGAGTGA-1_1_2"
"2108","TACATTCTCTGTGTGA-1_1_2"
"2109","TACCCACAGGGCTTCC-1_1_2"
"2110","TACCCACCAGGTCAGA-1_1_2"
"2111","TACCCACTCGATTGGT-1_1_2"
"2112","TACCCGTCATGACAAA-1_1_2"
"2113","TACCCGTGTAAGATCA-1_1_2"
"2114","TACCCGTTCTGTCCCA-1_1_2"
"2115","TACCGAAAGCACTCCG-1_1_2"
"2116","TACCGAAAGGAACTAT-1_1_2"
"2117","TACCGAATCGTCTCAC-1_1_2"
"2118","TACCGGGGTCATATGC-1_1_2"
"2119","TACCGGGTCGGCGATC-1_1_2"
"2120","TACCTCGAGCCGCTTG-1_1_2"
"2121","TACCTCGCAACCGCTG-1_1_2"
"2122","TACCTCGGTACCTATG-1_1_2"
"2123","TACCTCGGTCGACGCT-1_1_2"
"2124","TACCTCGTCCTGGTCT-1_1_2"
"2125","TACCTGCCAAATGATG-1_1_2"
"2126","TACCTGCGTAGTCTGT-1_1_2"
"2127","TACCTGCGTCTGATCA-1_1_2"
"2128","TACCTGCTCGACCATA-1_1_2"
"2129","TACGCTCCACTGCGTG-1_1_2"
"2130","TACGGGCCACCGCTAG-1_1_2"
"2131","TACGGGCCATACTGTG-1_1_2"
"2132","TACGGGCGTATTGAGA-1_1_2"
"2133","TACGGTAAGATGTTGA-1_1_2"
"2134","TACGGTACAATAAGGT-1_1_2"
"2135","TACGGTAGTAACTTCG-1_1_2"
"2136","TACGGTATCCCGAATA-1_1_2"
"2137","TACGTCCGTTGTATGC-1_1_2"
"2138","TACGTCCTCATGCCAA-1_1_2"
"2139","TACTGCCTCCGACGGT-1_1_2"
"2140","TACTTACCAATAGTGA-1_1_2"
"2141","TACTTACCACCTATCC-1_1_2"
"2142","TACTTACCATGACACT-1_1_2"
"2143","TACTTACGTACCTTCC-1_1_2"
"2144","TACTTACTCGTGGTAT-1_1_2"
"2145","TACTTACTCTGCTAGA-1_1_2"
"2146","TACTTCAAGCTAATCC-1_1_2"
"2147","TACTTGTAGGATTTAG-1_1_2"
"2148","TACTTGTTCTAGTGAC-1_1_2"
"2149","TAGACCAGTCCATCTC-1_1_2"
"2150","TAGACTGAGAAGCCAC-1_1_2"
"2151","TAGACTGGTCATACCA-1_1_2"
"2152","TAGACTGGTTCTCGTC-1_1_2"
"2153","TAGAGTCCAGCGCGTT-1_1_2"
"2154","TAGAGTCCAGGTTCCG-1_1_2"
"2155","TAGATCGAGAGGTGCT-1_1_2"
"2156","TAGATCGAGCGCTGAA-1_1_2"
"2157","TAGATCGTCAGCACCG-1_1_2"
"2158","TAGCACAAGTTCCGGC-1_1_2"
"2159","TAGCACAGTGAGATTA-1_1_2"
"2160","TAGCACATCAAGCCGC-1_1_2"
"2161","TAGGAGGCACCAACAT-1_1_2"
"2162","TAGGTACCAACCAATC-1_1_2"
"2163","TAGGTTGCATCAGCGC-1_1_2"
"2164","TAGTGCACACCACTGG-1_1_2"
"2165","TAGTGCAGTAGTGATA-1_1_2"
"2166","TATACCTAGTCATCGT-1_1_2"
"2167","TATACCTCAGTTACCA-1_1_2"
"2168","TATACCTCATATCTCT-1_1_2"
"2169","TATACCTGTGGCCACT-1_1_2"
"2170","TATACCTTCATCGTAG-1_1_2"
"2171","TATACCTTCGACCTAA-1_1_2"
"2172","TATATCCCAGTTGCGC-1_1_2"
"2173","TATCAGGAGCGTCAAG-1_1_2"
"2174","TATCAGGGTGTCTCCT-1_1_2"
"2175","TATCAGGTCGCAGATT-1_1_2"
"2176","TATCCTAAGTAAACTG-1_1_2"
"2177","TATCCTACATACACCA-1_1_2"
"2178","TATCGCCGTAGCGTCC-1_1_2"
"2179","TATCGCCTCAAGCCAT-1_1_2"
"2180","TATCGCCTCTCGTCGT-1_1_2"
"2181","TATCTGTCAACAAGAT-1_1_2"
"2182","TATCTGTGTGAACGGT-1_1_2"
"2183","TATCTGTTCGCCTATC-1_1_2"
"2184","TATCTGTTCTTGGGCG-1_1_2"
"2185","TATCTTGAGCGAATGC-1_1_2"
"2186","TATCTTGCAAAGCTAA-1_1_2"
"2187","TATCTTGCAAGGGCAT-1_1_2"
"2188","TATCTTGTCATGGGAG-1_1_2"
"2189","TATCTTGTCGGCAGTC-1_1_2"
"2190","TATGTTCAGGTTACAA-1_1_2"
"2191","TATGTTCCAGGCGAAT-1_1_2"
"2192","TATTCCAGTAGCTTTG-1_1_2"
"2193","TATTCCAGTCGACTGC-1_1_2"
"2194","TATTCCAGTCGTTGCG-1_1_2"
"2195","TATTCCAGTGAGCAGT-1_1_2"
"2196","TATTGCTCATCCTAAG-1_1_2"
"2197","TATTGCTGTGTATCCA-1_1_2"
"2198","TATTGCTGTGTTACAC-1_1_2"
"2199","TATTGCTGTTCAGCTA-1_1_2"
"2200","TATTGGGCACCTGCGA-1_1_2"
"2201","TATTGGGTCAGGTAAA-1_1_2"
"2202","TATTGGGTCGCGCTGA-1_1_2"
"2203","TATTGGGTCTGGGATT-1_1_2"
"2204","TATTTCGGTATCGTAC-1_1_2"
"2205","TATTTCGGTCAAGTTC-1_1_2"
"2206","TATTTCGTCCGTGCGA-1_1_2"
"2207","TATTTCGTCGATTTCT-1_1_2"
"2208","TCAAGACCAAGTTCCA-1_1_2"
"2209","TCAAGACCAGCTATAC-1_1_2"
"2210","TCAAGACGTCACTAGT-1_1_2"
"2211","TCAAGACGTGACTATC-1_1_2"
"2212","TCAAGACGTGATTAGA-1_1_2"
"2213","TCAAGCACAATTGCGT-1_1_2"
"2214","TCAAGCATCAACTGAC-1_1_2"
"2215","TCAAGTGTCACTGAAC-1_1_2"
"2216","TCAAGTGTCACTGGTA-1_1_2"
"2217","TCAATCTCACGAGGTA-1_1_2"
"2218","TCAATTCAGTTGAAAC-1_1_2"
"2219","TCAATTCCAGACGCTC-1_1_2"
"2220","TCAATTCGTTTACACG-1_1_2"
"2221","TCAATTCTCATCGTAG-1_1_2"
"2222","TCACAAGAGTGAATAC-1_1_2"
"2223","TCACAAGCATGACTAC-1_1_2"
"2224","TCACAAGGTAGCACAG-1_1_2"
"2225","TCACACCCAAAGCGTG-1_1_2"
"2226","TCACACCGTCATATGC-1_1_2"
"2227","TCACGCTGTGTGTACT-1_1_2"
"2228","TCACTATAGCTAGCCC-1_1_2"
"2229","TCACTATCATACAGAA-1_1_2"
"2230","TCACTCGCACCCTTAC-1_1_2"
"2231","TCACTCGGTATCAAGA-1_1_2"
"2232","TCAGCAAAGAGAGTTT-1_1_2"
"2233","TCAGCAAAGTCTACCA-1_1_2"
"2234","TCAGCAACAATCCTAG-1_1_2"
"2235","TCAGCCTGTTGTCTAG-1_1_2"
"2236","TCAGGGCAGTACTGTC-1_1_2"
"2237","TCAGGGCAGTTATGGA-1_1_2"
"2238","TCAGGGCCATAGGCGA-1_1_2"
"2239","TCAGGGCTCCAGCAAT-1_1_2"
"2240","TCAGTCCGTTAGGCTT-1_1_2"
"2241","TCAGTCCTCTCATGGA-1_1_2"
"2242","TCAGTGACACGCTATA-1_1_2"
"2243","TCAGTTTAGCAAGTGC-1_1_2"
"2244","TCAGTTTAGGGCAGGA-1_1_2"
"2245","TCAGTTTCAATTGGTC-1_1_2"
"2246","TCAGTTTCATGGTGGA-1_1_2"
"2247","TCAGTTTTCTGTCAGA-1_1_2"
"2248","TCATATCAGTCTCGTA-1_1_2"
"2249","TCATATCAGTTTGCTG-1_1_2"
"2250","TCATATCTCCTTCAGC-1_1_2"
"2251","TCATATCTCTCTATAC-1_1_2"
"2252","TCATGAGGTAGATCGG-1_1_2"
"2253","TCATGAGGTGGTTCTA-1_1_2"
"2254","TCATGAGTCACCGCTT-1_1_2"
"2255","TCATGCCAGCACCAGA-1_1_2"
"2256","TCATGCCCAATACGAA-1_1_2"
"2257","TCATGCCGTTATGGTC-1_1_2"
"2258","TCATGGATCATTGAGC-1_1_2"
"2259","TCATGGATCCTGTAAG-1_1_2"
"2260","TCATGGATCTTGCAAG-1_1_2"
"2261","TCATGTTAGACATGCG-1_1_2"
"2262","TCATGTTAGTCCCGAC-1_1_2"
"2263","TCATGTTGTAGACTGG-1_1_2"
"2264","TCATGTTTCATGTCAG-1_1_2"
"2265","TCATTACAGTGTTCCA-1_1_2"
"2266","TCATTCAAGCTTCTAG-1_1_2"
"2267","TCATTCACAATTGCAC-1_1_2"
"2268","TCATTGTAGATTGGGC-1_1_2"
"2269","TCATTGTCAACACGAG-1_1_2"
"2270","TCATTGTCAAGTTCGT-1_1_2"
"2271","TCATTGTTCCATCACC-1_1_2"
"2272","TCATTGTTCGGCTGAC-1_1_2"
"2273","TCATTTGAGTCAGCGA-1_1_2"
"2274","TCCACCAAGAGTTGAT-1_1_2"
"2275","TCCACCAAGTGTAGAT-1_1_2"
"2276","TCCACCATCACAGTGT-1_1_2"
"2277","TCCACCATCTCTCGCA-1_1_2"
"2278","TCCACGTGTGCAAGAC-1_1_2"
"2279","TCCACGTGTGGAGGTT-1_1_2"
"2280","TCCACGTTCGCTTTAT-1_1_2"
"2281","TCCACGTTCTTACGTT-1_1_2"
"2282","TCCAGAAAGACCGTTT-1_1_2"
"2283","TCCAGAACAATTGGTC-1_1_2"
"2284","TCCAGAATCCACGTAA-1_1_2"
"2285","TCCATCGTCTCTCTAA-1_1_2"
"2286","TCCCACAAGATTGGGC-1_1_2"
"2287","TCCCACAAGGCTTTCA-1_1_2"
"2288","TCCCACAGTAACAAGT-1_1_2"
"2289","TCCCACATCGAGCCAC-1_1_2"
"2290","TCCCACATCGCTTGAA-1_1_2"
"2291","TCCCAGTCAAGGATGC-1_1_2"
"2292","TCCCAGTGTAGCTTGT-1_1_2"
"2293","TCCCAGTTCATTCACT-1_1_2"
"2294","TCCCATGAGCTATCTG-1_1_2"
"2295","TCCCATGAGGAGAGTA-1_1_2"
"2296","TCCGATCGTTGCATAC-1_1_2"
"2297","TCCGATCTCTTCTGTA-1_1_2"
"2298","TCCGGGACACTCAGAT-1_1_2"
"2299","TCCGGGAGTCAGTCGC-1_1_2"
"2300","TCCGTGTTCGAGAACG-1_1_2"
"2301","TCCTAATAGTGGCCTC-1_1_2"
"2302","TCCTAATGTCGCATCG-1_1_2"
"2303","TCCTAATGTGAATATG-1_1_2"
"2304","TCCTCCCTCGCTAGCG-1_1_2"
"2305","TCCTCGACAAGGCAAC-1_1_2"
"2306","TCCTCTTCAGACGGAT-1_1_2"
"2307","TCCTCTTGTGTTGACT-1_1_2"
"2308","TCCTCTTTCGGCTATA-1_1_2"
"2309","TCCTGCAAGCCTATTG-1_1_2"
"2310","TCCTGCACACCGTCGA-1_1_2"
"2311","TCCTTCTCAGCGCTTG-1_1_2"
"2312","TCCTTCTCATGACGGA-1_1_2"
"2313","TCCTTTCAGAGCTGCA-1_1_2"
"2314","TCCTTTCAGTAGGAAG-1_1_2"
"2315","TCCTTTCAGTGGTTCT-1_1_2"
"2316","TCCTTTCTCCCAAGCG-1_1_2"
"2317","TCCTTTCTCGTCACCT-1_1_2"
"2318","TCGAACAAGAATAACC-1_1_2"
"2319","TCGAACACAGTCGCTG-1_1_2"
"2320","TCGAAGTAGAGAGGTA-1_1_2"
"2321","TCGAAGTGTCTAACTG-1_1_2"
"2322","TCGACCTTCGCAGTCG-1_1_2"
"2323","TCGACGGAGCATGCGA-1_1_2"
"2324","TCGACGGGTGGACTAG-1_1_2"
"2325","TCGACGGTCAGGAACG-1_1_2"
"2326","TCGACGGTCATTCTTG-1_1_2"
"2327","TCGATTTGTAATGATG-1_1_2"
"2328","TCGATTTGTCGATTTG-1_1_2"
"2329","TCGATTTGTGTAGCAG-1_1_2"
"2330","TCGATTTGTTTGCCGG-1_1_2"
"2331","TCGATTTTCCATTTAC-1_1_2"
"2332","TCGATTTTCTATACTC-1_1_2"
"2333","TCGCACTAGATCGCTT-1_1_2"
"2334","TCGCACTAGCAAGCCA-1_1_2"
"2335","TCGCACTGTGGCTGAA-1_1_2"
"2336","TCGCACTGTTCGTGCG-1_1_2"
"2337","TCGCAGGTCCATTGTT-1_1_2"
"2338","TCGCAGGTCGAAGGAC-1_1_2"
"2339","TCGCTCACAGAAGTTA-1_1_2"
"2340","TCGCTCATCCCGAGAC-1_1_2"
"2341","TCGCTTGAGCCTAGGA-1_1_2"
"2342","TCGCTTGCAGCGTGCT-1_1_2"
"2343","TCGCTTGTCCTGGCTT-1_1_2"
"2344","TCGGGACAGGGATCAC-1_1_2"
"2345","TCGGGACAGGGTAATT-1_1_2"
"2346","TCGGGACCAGTCTACA-1_1_2"
"2347","TCGGGACGTACAGTAA-1_1_2"
"2348","TCGGGACGTGCAATAA-1_1_2"
"2349","TCGGGACTCACACCGG-1_1_2"
"2350","TCGGGACTCTGACGCG-1_1_2"
"2351","TCGGGCAAGCGTGCCT-1_1_2"
"2352","TCGGGCAGTCCTTGTC-1_1_2"
"2353","TCGGGCATCCTGTAAG-1_1_2"
"2354","TCGGGTGAGCCTATTG-1_1_2"
"2355","TCGGGTGAGTTCCATG-1_1_2"
"2356","TCGGGTGCAATACCTG-1_1_2"
"2357","TCGGTCTCACAAGCCC-1_1_2"
"2358","TCGGTCTCAGCACCCA-1_1_2"
"2359","TCGGTCTCAGGTCAAG-1_1_2"
"2360","TCGGTCTCATCTTAGG-1_1_2"
"2361","TCGGTCTTCCCTCATG-1_1_2"
"2362","TCGTAGAAGCTACAAA-1_1_2"
"2363","TCGTAGACATCGGAAG-1_1_2"
"2364","TCGTAGAGTCTTCTAT-1_1_2"
"2365","TCGTCCAAGTGAGGCT-1_1_2"
"2366","TCGTGCTCAGGGATAC-1_1_2"
"2367","TCGTGCTTCCTAGAGT-1_1_2"
"2368","TCGTGGGCACGTACAT-1_1_2"
"2369","TCGTGGGTCACTTGGA-1_1_2"
"2370","TCGTGGGTCCGTGCGA-1_1_2"
"2371","TCTAACTAGCTAAGTA-1_1_2"
"2372","TCTAACTAGGCCCGTT-1_1_2"
"2373","TCTAACTCAAAGGTTA-1_1_2"
"2374","TCTAACTCATTCAGGT-1_1_2"
"2375","TCTAACTTCATAGACC-1_1_2"
"2376","TCTACATAGCTCGAAG-1_1_2"
"2377","TCTACATCAGAGTCTT-1_1_2"
"2378","TCTACATTCAAGGACG-1_1_2"
"2379","TCTACATTCGGAACTT-1_1_2"
"2380","TCTACATTCGTTCAGA-1_1_2"
"2381","TCTACATTCGTTGTAG-1_1_2"
"2382","TCTACCGGTAGCGCTC-1_1_2"
"2383","TCTACCGGTATTGGCT-1_1_2"
"2384","TCTATACAGTAGTCCT-1_1_2"
"2385","TCTATACCACTAACGT-1_1_2"
"2386","TCTATACGTGCATACT-1_1_2"
"2387","TCTATACTCATTGCTT-1_1_2"
"2388","TCTATACTCCCAGGAC-1_1_2"
"2389","TCTATCAAGCTTAGTC-1_1_2"
"2390","TCTATCACAGAGGCTA-1_1_2"
"2391","TCTATCATCGACGTCG-1_1_2"
"2392","TCTATCATCGCCAACG-1_1_2"
"2393","TCTCACGAGGCCTAGA-1_1_2"
"2394","TCTCACGAGTAGTCTC-1_1_2"
"2395","TCTCACGCACAAGCTT-1_1_2"
"2396","TCTCACGCAGACCCGT-1_1_2"
"2397","TCTCACGCAGCCTATA-1_1_2"
"2398","TCTCAGCAGGGAGTGG-1_1_2"
"2399","TCTCAGCCACTAGTAC-1_1_2"
"2400","TCTCAGCGTGTTGCCG-1_1_2"
"2401","TCTCAGCTCTGCTTTA-1_1_2"
"2402","TCTCCGAAGCACAAAT-1_1_2"
"2403","TCTCCGAAGGCGACAT-1_1_2"
"2404","TCTCCGAGTTGGCCGT-1_1_2"
"2405","TCTCCGATCTCTCCGA-1_1_2"
"2406","TCTCTGGAGCCGTAAG-1_1_2"
"2407","TCTCTGGGTGACTCTA-1_1_2"
"2408","TCTCTGGGTTGCATTG-1_1_2"
"2409","TCTCTGGTCATGAGTC-1_1_2"
"2410","TCTCTGGTCATTGCTT-1_1_2"
"2411","TCTGCCAGTATTCCGA-1_1_2"
"2412","TCTGGCTAGCATGGGT-1_1_2"
"2413","TCTGGCTAGGGAGTGG-1_1_2"
"2414","TCTGGCTCAGACAATA-1_1_2"
"2415","TCTGGCTGTGGCGCTT-1_1_2"
"2416","TCTGTCGAGCGGATCA-1_1_2"
"2417","TCTGTCGAGCTAGTTC-1_1_2"
"2418","TCTGTCGCAAAGACGC-1_1_2"
"2419","TCTGTCGGTCTGATAC-1_1_2"
"2420","TCTGTCGTCAGGACGA-1_1_2"
"2421","TCTTAGTCAGAGGTAC-1_1_2"
"2422","TCTTAGTGTACAGTCT-1_1_2"
"2423","TCTTAGTGTACGGATG-1_1_2"
"2424","TCTTAGTGTCCGAAGA-1_1_2"
"2425","TCTTAGTTCGACGTCG-1_1_2"
"2426","TCTTCCTAGCGCACAA-1_1_2"
"2427","TCTTCCTAGTGCCAGA-1_1_2"
"2428","TCTTCCTTCATGCCGG-1_1_2"
"2429","TCTTGCGAGCCTGAAG-1_1_2"
"2430","TCTTGCGAGGTAGACC-1_1_2"
"2431","TCTTGCGGTAGGAGTC-1_1_2"
"2432","TCTTGCGGTTGATGTC-1_1_2"
"2433","TCTTTGAAGATAGGGA-1_1_2"
"2434","TCTTTGAAGTCCGCGT-1_1_2"
"2435","TCTTTGACAGGTCTCG-1_1_2"
"2436","TCTTTGACAGTATTCG-1_1_2"
"2437","TGAACGTCACGGTCTG-1_1_2"
"2438","TGAACGTCAGTTGAAA-1_1_2"
"2439","TGAACGTTCTAGGCCG-1_1_2"
"2440","TGAATGCAGTGGTTCT-1_1_2"
"2441","TGAATGCCAGAGGACT-1_1_2"
"2442","TGAATGCCATATACCG-1_1_2"
"2443","TGAATGCCATTGAAGA-1_1_2"
"2444","TGAATGCGTGTTAGCT-1_1_2"
"2445","TGAATGCGTTCGAAGG-1_1_2"
"2446","TGACAGTCACCCTAAA-1_1_2"
"2447","TGACAGTGTCTTTATC-1_1_2"
"2448","TGACAGTTCGCAGATT-1_1_2"
"2449","TGACCCTAGTAATTGG-1_1_2"
"2450","TGACCCTGTAGCTGTT-1_1_2"
"2451","TGACCCTTCCTCTCTT-1_1_2"
"2452","TGACGCGAGGCTTAGG-1_1_2"
"2453","TGACTCCAGCTGAAGC-1_1_2"
"2454","TGACTCCCAGGTAGTG-1_1_2"
"2455","TGACTCCCATTCCTCG-1_1_2"
"2456","TGACTCCTCCCAAGTA-1_1_2"
"2457","TGACTCCTCCGCTTAC-1_1_2"
"2458","TGAGACTTCGTGGGAA-1_1_2"
"2459","TGAGCATCAGTCCCGA-1_1_2"
"2460","TGAGCATTCTGGGCAC-1_1_2"
"2461","TGAGCGCAGGGTTAAT-1_1_2"
"2462","TGAGCGCGTATTCCTT-1_1_2"
"2463","TGAGGGAAGAAACCAT-1_1_2"
"2464","TGAGGTTAGGGTGAAA-1_1_2"
"2465","TGAGGTTAGTAGTGCG-1_1_2"
"2466","TGAGGTTCAACCTATG-1_1_2"
"2467","TGAGGTTGTTCCGTTC-1_1_2"
"2468","TGAGTCAAGAGTTGAT-1_1_2"
"2469","TGAGTCAAGTGGGAAA-1_1_2"
"2470","TGAGTCACAAACTGCT-1_1_2"
"2471","TGAGTCATCACTGTTT-1_1_2"
"2472","TGAGTCATCGTTGTAG-1_1_2"
"2473","TGAGTCATCTTCCGTG-1_1_2"
"2474","TGATCAGCACATGGTT-1_1_2"
"2475","TGATCAGCAGTCGGAA-1_1_2"
"2476","TGATCAGTCTTACCGC-1_1_2"
"2477","TGATCTTCACATAGCT-1_1_2"
"2478","TGATCTTTCACTCACC-1_1_2"
"2479","TGATCTTTCGGTGTAT-1_1_2"
"2480","TGATCTTTCTTGTGCC-1_1_2"
"2481","TGATGCAGTTGTATGC-1_1_2"
"2482","TGATGCATCGCAAGAG-1_1_2"
"2483","TGATGGTGTTTGACAC-1_1_2"
"2484","TGATGGTTCGTCCATC-1_1_2"
"2485","TGATGGTTCTTGCGCT-1_1_2"
"2486","TGATTCTCACCGGTCA-1_1_2"
"2487","TGATTCTGTGAATGTA-1_1_2"
"2488","TGATTCTTCAGGACAG-1_1_2"
"2489","TGATTCTTCTACGGGC-1_1_2"
"2490","TGATTTCAGGTCGTGA-1_1_2"
"2491","TGATTTCCACACGTGC-1_1_2"
"2492","TGATTTCCACGTAGAG-1_1_2"
"2493","TGATTTCTCCATTGCC-1_1_2"
"2494","TGATTTCTCCCAACTC-1_1_2"
"2495","TGATTTCTCCGTTGGG-1_1_2"
"2496","TGATTTCTCTCGAGTA-1_1_2"
"2497","TGCACGGCACATTACG-1_1_2"
"2498","TGCACGGCAGCACCCA-1_1_2"
"2499","TGCACGGGTGTTAAAG-1_1_2"
"2500","TGCACGGTCATCAGTG-1_1_2"
"2501","TGCACGGTCCGTATGA-1_1_2"
"2502","TGCACGGTCGAGAACG-1_1_2"
"2503","TGCAGATCACACACGC-1_1_2"
"2504","TGCAGGCAGGTCCTGC-1_1_2"
"2505","TGCAGGCCATGAGAAT-1_1_2"
"2506","TGCAGGCGTCGCGTCA-1_1_2"
"2507","TGCAGGCTCAAATGAG-1_1_2"
"2508","TGCAGGCTCTCACCCA-1_1_2"
"2509","TGCAGTAGTCAGGCAA-1_1_2"
"2510","TGCAGTAGTGTCATTG-1_1_2"
"2511","TGCAGTATCAACCTTT-1_1_2"
"2512","TGCAGTATCACTACGA-1_1_2"
"2513","TGCAGTATCTGGGCGT-1_1_2"
"2514","TGCATCCAGTCGAATA-1_1_2"
"2515","TGCATCCCACAGTCAT-1_1_2"
"2516","TGCATCCCAGCGTGCT-1_1_2"
"2517","TGCATCCCATGGGAAC-1_1_2"
"2518","TGCATGACACTTGTGA-1_1_2"
"2519","TGCCGAGAGTTTGTCG-1_1_2"
"2520","TGCCGAGCAGCAAGAC-1_1_2"
"2521","TGCCGAGGTTTCGTTT-1_1_2"
"2522","TGCGACGAGAGTTGCG-1_1_2"
"2523","TGCGACGAGTTGCGCC-1_1_2"
"2524","TGCGACGCACGATAGG-1_1_2"
"2525","TGCGACGGTGAGCGAT-1_1_2"
"2526","TGCGATACAGGAGGAG-1_1_2"
"2527","TGCGATATCACTCTTA-1_1_2"
"2528","TGCGGCAAGCATGGGT-1_1_2"
"2529","TGCGGCAAGGATACAT-1_1_2"
"2530","TGCGGCAAGTTGCGAG-1_1_2"
"2531","TGCGGCACACACCTTC-1_1_2"
"2532","TGCGGCAGTAGATGTA-1_1_2"
"2533","TGCGGCATCACTTCTA-1_1_2"
"2534","TGCGGGTAGATCCGAG-1_1_2"
"2535","TGCGGGTAGCTACTAC-1_1_2"
"2536","TGCGGGTAGTGGATTA-1_1_2"
"2537","TGCGGGTCACTGCGAC-1_1_2"
"2538","TGCGGGTGTATGCAAA-1_1_2"
"2539","TGCGGGTGTGAAGCTG-1_1_2"
"2540","TGCGGGTTCACTGGGC-1_1_2"
"2541","TGCGGGTTCCGCTGTT-1_1_2"
"2542","TGCGGGTTCGGCTTGG-1_1_2"
"2543","TGCTCCACACGAGAAC-1_1_2"
"2544","TGCTCCACACGGCACT-1_1_2"
"2545","TGCTCGTAGTCGAGGT-1_1_2"
"2546","TGCTCGTCACACAGCC-1_1_2"
"2547","TGCTCGTGTACGTGAG-1_1_2"
"2548","TGCTGAAAGTCTCCTC-1_1_2"
"2549","TGCTGAAGTGTCCACG-1_1_2"
"2550","TGCTTCGAGTTAGTGA-1_1_2"
"2551","TGCTTGCAGGTCGCCT-1_1_2"
"2552","TGCTTGCCAGCGCTTG-1_1_2"
"2553","TGCTTGCTCCGGCAGT-1_1_2"
"2554","TGCTTGCTCTTCCCAG-1_1_2"
"2555","TGGAACTAGAACTCCT-1_1_2"
"2556","TGGAACTAGCAACCAG-1_1_2"
"2557","TGGAACTCATATGGCT-1_1_2"
"2558","TGGAACTTCCTGGGTG-1_1_2"
"2559","TGGAACTTCTCAATCT-1_1_2"
"2560","TGGAGAGAGTCATAGA-1_1_2"
"2561","TGGAGAGGTGGCATCC-1_1_2"
"2562","TGGAGGAAGAGGACTC-1_1_2"
"2563","TGGAGGAAGGCCTGCT-1_1_2"
"2564","TGGAGGAAGGGTATAT-1_1_2"
"2565","TGGAGGAGTATAGCTC-1_1_2"
"2566","TGGAGGAGTCGACGCT-1_1_2"
"2567","TGGAGGATCGTTCTCG-1_1_2"
"2568","TGGATCAGTGAGGCAT-1_1_2"
"2569","TGGATCATCACCGCTT-1_1_2"
"2570","TGGATCATCCGGGACT-1_1_2"
"2571","TGGATGTCACTCCTTG-1_1_2"
"2572","TGGATGTCATAGGAGC-1_1_2"
"2573","TGGATGTCATGGATCT-1_1_2"
"2574","TGGCGTGCATTCTCTA-1_1_2"
"2575","TGGCGTGGTTGCCATA-1_1_2"
"2576","TGGCGTGTCGACGACC-1_1_2"
"2577","TGGGAAGAGAGTACCG-1_1_2"
"2578","TGGGAAGAGGAGACCT-1_1_2"
"2579","TGGGAAGGTATTGACC-1_1_2"
"2580","TGGGAAGTCGGAGCAA-1_1_2"
"2581","TGGGAGATCCGGGACT-1_1_2"
"2582","TGGGAGATCCTAGCCT-1_1_2"
"2583","TGGGATTTCCTATTTG-1_1_2"
"2584","TGGGATTTCTCTGACC-1_1_2"
"2585","TGGGCGTAGTAGCAAT-1_1_2"
"2586","TGGGCGTGTCTAATCG-1_1_2"
"2587","TGGGCTGAGTCTCGTA-1_1_2"
"2588","TGGGCTGTCGTTCTAT-1_1_2"
"2589","TGGGTTAAGCATGATA-1_1_2"
"2590","TGGGTTACAGTTGGTT-1_1_2"
"2591","TGGTACAGTGTATTGC-1_1_2"
"2592","TGGTACATCGTTCTCG-1_1_2"
"2593","TGGTGATGTAGGAGGG-1_1_2"
"2594","TGGTTAGGTCGCCTAG-1_1_2"
"2595","TGTAACGCAGTATGAA-1_1_2"
"2596","TGTAACGCATGGGCAA-1_1_2"
"2597","TGTAACGGTCAACATC-1_1_2"
"2598","TGTAACGTCTATACTC-1_1_2"
"2599","TGTAAGCGTATGGGAC-1_1_2"
"2600","TGTAAGCTCCGGGACT-1_1_2"
"2601","TGTAAGCTCTAAGAAG-1_1_2"
"2602","TGTACAGGTCCGTTTC-1_1_2"
"2603","TGTAGACAGGCATCGA-1_1_2"
"2604","TGTAGACAGGTAAGGA-1_1_2"
"2605","TGTAGACCAAGTGGTG-1_1_2"
"2606","TGTAGACCAGTCTGGC-1_1_2"
"2607","TGTCAGACAGATACTC-1_1_2"
"2608","TGTCAGAGTAGCGTCC-1_1_2"
"2609","TGTCAGAGTATGTGTC-1_1_2"
"2610","TGTCAGAGTCGAAACG-1_1_2"
"2611","TGTCCACAGTGTGTTC-1_1_2"
"2612","TGTCCACTCTATTGTC-1_1_2"
"2613","TGTCCCACACGATTCA-1_1_2"
"2614","TGTCCCACAGATTAAG-1_1_2"
"2615","TGTCCCATCTTGCAAG-1_1_2"
"2616","TGTCCTGAGATCACTC-1_1_2"
"2617","TGTCCTGAGCATCAAA-1_1_2"
"2618","TGTCCTGCAATAACGA-1_1_2"
"2619","TGTCCTGCAGACTCTA-1_1_2"
"2620","TGTCCTGGTGGGCTCT-1_1_2"
"2621","TGTGAGTAGTCCCGGT-1_1_2"
"2622","TGTGAGTGTAACTGCT-1_1_2"
"2623","TGTGAGTGTACCGCGT-1_1_2"
"2624","TGTGAGTTCATCGCTC-1_1_2"
"2625","TGTGATGAGGCATCAG-1_1_2"
"2626","TGTGATGGTTTACCTT-1_1_2"
"2627","TGTGATGTCCAGGACC-1_1_2"
"2628","TGTGATGTCTCGACGG-1_1_2"
"2629","TGTGCGGCACATGGTT-1_1_2"
"2630","TGTGCGGCAGGAAGTC-1_1_2"
"2631","TGTGCGGGTCTTTATC-1_1_2"
"2632","TGTGCGGGTGTCACAT-1_1_2"
"2633","TGTGCGGTCATCACAG-1_1_2"
"2634","TGTGCGGTCCAGGACC-1_1_2"
"2635","TGTGGCGAGTCATGCT-1_1_2"
"2636","TGTGGCGCACTTGAGT-1_1_2"
"2637","TGTGGCGGTATCAGGG-1_1_2"
"2638","TGTGGCGGTCAAATCC-1_1_2"
"2639","TGTGGCGTCATGCAGT-1_1_2"
"2640","TGTGTGATCAACCGAT-1_1_2"
"2641","TGTTACTCAATGTCAC-1_1_2"
"2642","TGTTACTCAGGACTAG-1_1_2"
"2643","TGTTACTGTATCATGC-1_1_2"
"2644","TGTTCATGTCTTGCTC-1_1_2"
"2645","TGTTCTAGTTACACAC-1_1_2"
"2646","TGTTCTATCCAAACCA-1_1_2"
"2647","TGTTGAGAGACTTCAC-1_1_2"
"2648","TGTTGAGAGATCGGTG-1_1_2"
"2649","TGTTGAGGTAGAATGT-1_1_2"
"2650","TGTTGAGGTCACGCTG-1_1_2"
"2651","TGTTGAGTCACTGGGC-1_1_2"
"2652","TGTTGGAAGGCACCAA-1_1_2"
"2653","TGTTGGACAACTAGAA-1_1_2"
"2654","TGTTGGACAGACTGCC-1_1_2"
"2655","TGTTGGAGTCGTTCAA-1_1_2"
"2656","TGTTGGATCGTCCTCA-1_1_2"
"2657","TGTTTGTTCGTCCATC-1_1_2"
"2658","TTAATCCAGAAGCCAC-1_1_2"
"2659","TTAATCCCAATACCCA-1_1_2"
"2660","TTACAGGAGAGTGGCT-1_1_2"
"2661","TTACAGGCACTCCGAG-1_1_2"
"2662","TTACCATCACCCTATC-1_1_2"
"2663","TTACCGCAGCCATATC-1_1_2"
"2664","TTACCGCAGGTCATTC-1_1_2"
"2665","TTACCGCGTAGGAGGG-1_1_2"
"2666","TTACCGCGTCTACAGT-1_1_2"
"2667","TTACGCCAGCATAGGC-1_1_2"
"2668","TTACGCCCATTGCTTT-1_1_2"
"2669","TTACGCCGTCAAGCGA-1_1_2"
"2670","TTACGCCGTGAATTGA-1_1_2"
"2671","TTACGCCTCCATACAG-1_1_2"
"2672","TTACGTTAGTCTAACC-1_1_2"
"2673","TTACGTTAGTGCAAAT-1_1_2"
"2674","TTACGTTTCAGATTGC-1_1_2"
"2675","TTACTGTCACTTGTCC-1_1_2"
"2676","TTACTGTGTATGATCC-1_1_2"
"2677","TTAGGCAAGATCCCGC-1_1_2"
"2678","TTAGGCAAGATTAGTG-1_1_2"
"2679","TTAGGCAGTATTCCTT-1_1_2"
"2680","TTAGGGTAGGGTCTTT-1_1_2"
"2681","TTAGGGTCATCAGCAT-1_1_2"
"2682","TTAGGGTGTAACCAGG-1_1_2"
"2683","TTAGGGTTCAAAGGTA-1_1_2"
"2684","TTAGGGTTCTCTCTAA-1_1_2"
"2685","TTAGTCTAGTCACTCA-1_1_2"
"2686","TTAGTCTCATTGACCA-1_1_2"
"2687","TTAGTCTGTCACAGAG-1_1_2"
"2688","TTAGTCTTCACGAACT-1_1_2"
"2689","TTATTGCAGCATCTTG-1_1_2"
"2690","TTATTGCCATTCCTAT-1_1_2"
"2691","TTATTGCGTCCTGGGT-1_1_2"
"2692","TTCAATCCATTGGATC-1_1_2"
"2693","TTCAATCTCAATCGGT-1_1_2"
"2694","TTCACCGGTTGGTGTT-1_1_2"
"2695","TTCACCGTCGATCCAA-1_1_2"
"2696","TTCACGCGTGATATAG-1_1_2"
"2697","TTCACGCTCAGTCCGG-1_1_2"
"2698","TTCACGCTCGTAGCCG-1_1_2"
"2699","TTCACGCTCTAGCCAA-1_1_2"
"2700","TTCAGGAAGAGGGTGG-1_1_2"
"2701","TTCAGGAAGTGTTCCA-1_1_2"
"2702","TTCAGGAGTAAGTTGA-1_1_2"
"2703","TTCAGGATCAGCTAGT-1_1_2"
"2704","TTCATGTAGCCTATCA-1_1_2"
"2705","TTCATGTGTCCCAAAT-1_1_2"
"2706","TTCATGTGTGTTACTG-1_1_2"
"2707","TTCATGTTCCATTTGT-1_1_2"
"2708","TTCATTGGTCTGCCTT-1_1_2"
"2709","TTCCAATAGTTGGAAT-1_1_2"
"2710","TTCCAATTCCCATTCG-1_1_2"
"2711","TTCCAATTCGGTAACT-1_1_2"
"2712","TTCCACGCAACACGAG-1_1_2"
"2713","TTCCACGTCATTGTTC-1_1_2"
"2714","TTCCGGTGTTTGGAAA-1_1_2"
"2715","TTCCGGTTCGAGTACT-1_1_2"
"2716","TTCCGTGAGCGTCAGA-1_1_2"
"2717","TTCCGTGAGTCATGCT-1_1_2"
"2718","TTCCGTGCAGCACGAA-1_1_2"
"2719","TTCCTAACACGGCGTT-1_1_2"
"2720","TTCCTCTCACTCAGAT-1_1_2"
"2721","TTCCTCTTCTTCGTAT-1_1_2"
"2722","TTCCTTCAGAGCCATG-1_1_2"
"2723","TTCCTTCAGTGCTCAT-1_1_2"
"2724","TTCCTTCGTTGCTCAA-1_1_2"
"2725","TTCCTTCTCAGAGTGG-1_1_2"
"2726","TTCGATTGTACGATGG-1_1_2"
"2727","TTCGATTGTCTATGAC-1_1_2"
"2728","TTCGATTTCCGATAGT-1_1_2"
"2729","TTCGCTGAGAGGTCGT-1_1_2"
"2730","TTCGCTGCAAAGCTCT-1_1_2"
"2731","TTCGCTGGTGGGCTTC-1_1_2"
"2732","TTCGCTGGTGTTACAC-1_1_2"
"2733","TTCGGTCAGACATGCG-1_1_2"
"2734","TTCGGTCAGCTTAGTC-1_1_2"
"2735","TTCGGTCCAAATTGCC-1_1_2"
"2736","TTCGGTCTCACATTGG-1_1_2"
"2737","TTCTAGTAGATCCGAG-1_1_2"
"2738","TTCTAGTAGGAGGCAG-1_1_2"
"2739","TTCTAGTAGGTAACTA-1_1_2"
"2740","TTCTAGTCACAAGGTG-1_1_2"
"2741","TTCTCTCTCCTACGAA-1_1_2"
"2742","TTCTCTCTCGAGCTGC-1_1_2"
"2743","TTCTGTAAGCGATGAC-1_1_2"
"2744","TTCTGTAAGCTCATAC-1_1_2"
"2745","TTCTGTACAAGCAATA-1_1_2"
"2746","TTCTGTATCACATCAG-1_1_2"
"2747","TTCTGTATCCAGCTCT-1_1_2"
"2748","TTCTTGAAGGACAACC-1_1_2"
"2749","TTCTTGACAATCAAGA-1_1_2"
"2750","TTCTTGATCCCATAGA-1_1_2"
"2751","TTCTTGATCGGTGCAC-1_1_2"
"2752","TTGAACGAGTATTAGG-1_1_2"
"2753","TTGAACGGTATCAGCT-1_1_2"
"2754","TTGAACGGTTAGGGTG-1_1_2"
"2755","TTGAACGTCTTTCAGT-1_1_2"
"2756","TTGACCCCACGACCTG-1_1_2"
"2757","TTGACCCTCATTTCCA-1_1_2"
"2758","TTGAGTGAGGCTCACC-1_1_2"
"2759","TTGAGTGCACTTGTGA-1_1_2"
"2760","TTGAGTGGTCCTGGTG-1_1_2"
"2761","TTGAGTGTCTTAAGGC-1_1_2"
"2762","TTGATGGAGACAACAT-1_1_2"
"2763","TTGATGGGTACGACTT-1_1_2"
"2764","TTGATGGGTAGTGTGG-1_1_2"
"2765","TTGATGGGTTGGACCC-1_1_2"
"2766","TTGATGGTCATTGCTT-1_1_2"
"2767","TTGCATTAGACGACGT-1_1_2"
"2768","TTGCATTAGGGTTTCT-1_1_2"
"2769","TTGCATTAGTGCAACG-1_1_2"
"2770","TTGCATTCAGCGGTCT-1_1_2"
"2771","TTGCATTGTTACGGAG-1_1_2"
"2772","TTGCATTGTTGTCATG-1_1_2"
"2773","TTGCATTTCCATAGGT-1_1_2"
"2774","TTGCCTGAGTCTTGGT-1_1_2"
"2775","TTGCCTGCATGGGATG-1_1_2"
"2776","TTGCGTCGTCCCTGAG-1_1_2"
"2777","TTGCGTCTCCGATAAC-1_1_2"
"2778","TTGCGTCTCTGGGATT-1_1_2"
"2779","TTGCTGCAGTCTCCTC-1_1_2"
"2780","TTGCTGCGTAACTGCT-1_1_2"
"2781","TTGCTGCGTGTACGCC-1_1_2"
"2782","TTGCTGCTCATACGAC-1_1_2"
"2783","TTGCTGCTCCAAAGGG-1_1_2"
"2784","TTGGATGCAAGCAATA-1_1_2"
"2785","TTGGATGCAATGCAGG-1_1_2"
"2786","TTGGATGCATAATCGC-1_1_2"
"2787","TTGGATGGTCCCGCAA-1_1_2"
"2788","TTGGATGGTCTACTGA-1_1_2"
"2789","TTGGATGTCATCACCC-1_1_2"
"2790","TTGGGATAGTGTTCCA-1_1_2"
"2791","TTGGGATGTAAGTTAG-1_1_2"
"2792","TTGGGATGTAGCTGTT-1_1_2"
"2793","TTGGGATTCAGTGTTG-1_1_2"
"2794","TTGGGATTCCCGAACG-1_1_2"
"2795","TTGGGATTCGATGGAG-1_1_2"
"2796","TTGGGCGCAACCGTAT-1_1_2"
"2797","TTGGGCGGTCGAACAG-1_1_2"
"2798","TTGGGCGGTTCTCCAC-1_1_2"
"2799","TTGGGTAAGGTTCTTG-1_1_2"
"2800","TTGGGTAAGTAACCTC-1_1_2"
"2801","TTGGGTAAGTGTTCAC-1_1_2"
"2802","TTGGGTACAATCCTTT-1_1_2"
"2803","TTGGGTACACCATAAC-1_1_2"
"2804","TTGGTTTAGGTGTGAC-1_1_2"
"2805","TTGGTTTCATAGGTAA-1_1_2"
"2806","TTGTGGAGTCGTTATG-1_1_2"
"2807","TTGTGGATCAATGTCG-1_1_2"
"2808","TTGTGTTAGAGCAGTC-1_1_2"
"2809","TTGTGTTAGAGCCGAT-1_1_2"
"2810","TTGTGTTAGGAACGCT-1_1_2"
"2811","TTGTGTTCACCCTAGG-1_1_2"
"2812","TTGTGTTTCCCAACTC-1_1_2"
"2813","TTGTTCAAGGAAACGA-1_1_2"
"2814","TTGTTCATCACTGGTA-1_1_2"
"2815","TTGTTCATCAGACATC-1_1_2"
"2816","TTGTTCATCCTCTCGA-1_1_2"
"2817","TTGTTGTAGTCGCCAC-1_1_2"
"2818","TTGTTGTCATTCGATG-1_1_2"
"2819","TTGTTGTGTGACGTCC-1_1_2"
"2820","TTGTTGTTCATACGAC-1_1_2"
"2821","TTGTTTGAGCTGAGTG-1_1_2"
"2822","TTGTTTGAGTGTAGTA-1_1_2"
"2823","TTGTTTGGTTTGAACC-1_1_2"
"2824","TTTACCATCTTTGGAG-1_1_2"
"2825","TTTACGTAGTATCCTG-1_1_2"
"2826","TTTACGTGTGTGAGCA-1_1_2"
"2827","TTTACGTTCCCGAAAT-1_1_2"
"2828","TTTACTGAGACTTAAG-1_1_2"
"2829","TTTACTGAGCGTCTGC-1_1_2"
"2830","TTTACTGAGTAACAGT-1_1_2"
"2831","TTTACTGCATCTCGTC-1_1_2"
"2832","TTTAGTCAGCTGAAAT-1_1_2"
"2833","TTTAGTCCAAAGCACG-1_1_2"
"2834","TTTAGTCGTGAGAGGG-1_1_2"
"2835","TTTAGTCTCTGGTGGC-1_1_2"
"2836","TTTATGCAGCTAAATG-1_1_2"
"2837","TTTCACACAGACATCT-1_1_2"
"2838","TTTCACACATAGGAGC-1_1_2"
"2839","TTTCACAGTGGTCAAG-1_1_2"
"2840","TTTCAGTAGAGGGTCT-1_1_2"
"2841","TTTCAGTCAGTTGTCA-1_1_2"
"2842","TTTCATGTCGAGTGAG-1_1_2"
"2843","TTTCCTCCACCGTACG-1_1_2"
"2844","TTTCCTCTCGTTAGAC-1_1_2"
"2845","TTTCGATTCTGTACAG-1_1_2"
"2846","TTTGACTCAAATCAGA-1_1_2"
"2847","TTTGACTGTAGTCCTA-1_1_2"
"2848","TTTGATCAGTTAGAAC-1_1_2"
"2849","TTTGATCCAAGACCGA-1_1_2"
"2850","TTTGATCCACTGGACC-1_1_2"
"2851","TTTGATCGTAGCGATG-1_1_2"
"2852","TTTGATCGTTCAAGTC-1_1_2"
"2853","TTTGATCTCGTTCCCA-1_1_2"
"2854","TTTGGAGAGGAAGTAG-1_1_2"
"2855","TTTGGAGGTAGATTAG-1_1_2"
"2856","TTTGGAGGTGTCATGT-1_1_2"
"2857","TTTGGTTCAATGAACA-1_1_2"
"2858","TTTGGTTCACCCTAGG-1_1_2"
"2859","TTTGGTTGTATTGGCT-1_1_2"
"2860","TTTGGTTTCATTTGCT-1_1_2"
"2861","TTTGGTTTCCTTCACG-1_1_2"
"2862","TTTGGTTTCTGAGCAT-1_1_2"
"2863","TTTGTTGAGATCCAAA-1_1_2"
"2864","TTTGTTGCAGGCGATA-1_1_2"
