"","x"
"1","AAACCCAAGCTAAATG-1_2_2"
"2","AAACCCAGTGGTACAG-1_2_2"
"3","AAACGAAAGCTCCATA-1_2_2"
"4","AAACGAAAGGCGAACT-1_2_2"
"5","AAACGAAAGTCAGCGA-1_2_2"
"6","AAACGAACAGGTGGAT-1_2_2"
"7","AAACGAACATCGATAC-1_2_2"
"8","AAACGAATCATTGTTC-1_2_2"
"9","AAACGAATCTACAGGT-1_2_2"
"10","AAACGCTCAGGCGTTC-1_2_2"
"11","AAACGCTGTATAATGG-1_2_2"
"12","AAAGAACCAATCACGT-1_2_2"
"13","AAAGAACGTACGAGTG-1_2_2"
"14","AAAGAACTCGACGATT-1_2_2"
"15","AAAGAACTCGGCATTA-1_2_2"
"16","AAAGAACTCTACCAGA-1_2_2"
"17","AAAGAACTCTGGACTA-1_2_2"
"18","AAAGGATAGGCTATCT-1_2_2"
"19","AAAGGATAGTACAACA-1_2_2"
"20","AAAGGATCACAATGTC-1_2_2"
"21","AAAGGATTCATGCCCT-1_2_2"
"22","AAAGGGCTCGCAATGT-1_2_2"
"23","AAAGGGCTCGTGAGAG-1_2_2"
"24","AAAGGTAAGTTGCATC-1_2_2"
"25","AAAGGTAGTGGCGTAA-1_2_2"
"26","AAAGGTATCCCTCTAG-1_2_2"
"27","AAAGGTATCGAAATCC-1_2_2"
"28","AAAGTCCAGTCCCAGC-1_2_2"
"29","AAAGTCCCATGGCGCT-1_2_2"
"30","AAAGTCCTCACTTCTA-1_2_2"
"31","AAAGTCCTCAGACATC-1_2_2"
"32","AAAGTGATCAACTCTT-1_2_2"
"33","AAATGGAAGGTACATA-1_2_2"
"34","AAATGGAAGTGAGGCT-1_2_2"
"35","AAATGGATCAAGGTGG-1_2_2"
"36","AACAAAGCAGCTATAC-1_2_2"
"37","AACAAAGTCCATCGTC-1_2_2"
"38","AACAAAGTCCCATAGA-1_2_2"
"39","AACAAAGTCGTGCACG-1_2_2"
"40","AACAACCCAGCTACCG-1_2_2"
"41","AACAACCGTTCTAAGC-1_2_2"
"42","AACAACCTCGGAGTGA-1_2_2"
"43","AACAACCTCTTGGCTC-1_2_2"
"44","AACAAGACACGGTGTC-1_2_2"
"45","AACAAGAGTCCTATAG-1_2_2"
"46","AACAAGATCACTACTT-1_2_2"
"47","AACACACAGACCCTTA-1_2_2"
"48","AACACACAGCGTATGG-1_2_2"
"49","AACACACGTATCGATC-1_2_2"
"50","AACACACGTTACACTG-1_2_2"
"51","AACACACTCCGGTAGC-1_2_2"
"52","AACACACTCGTTACCC-1_2_2"
"53","AACAGGGAGATACGAT-1_2_2"
"54","AACCAACAGTTACTCG-1_2_2"
"55","AACCACACACATTACG-1_2_2"
"56","AACCACACATTGTGCA-1_2_2"
"57","AACCATGCAGTCAGAG-1_2_2"
"58","AACCATGTCAAGTCTG-1_2_2"
"59","AACCATGTCAGGCGAA-1_2_2"
"60","AACCATGTCTCCCATG-1_2_2"
"61","AACCCAAAGAGATTCA-1_2_2"
"62","AACCCAACAAGACGGT-1_2_2"
"63","AACCCAACAGTCGGTC-1_2_2"
"64","AACCCAAGTCTCAGAT-1_2_2"
"65","AACCCAATCACGAGGA-1_2_2"
"66","AACCCAATCTATTGTC-1_2_2"
"67","AACCTGACAACGACAG-1_2_2"
"68","AACCTGAGTACCGTGC-1_2_2"
"69","AACCTGAGTCACTGAT-1_2_2"
"70","AACCTGAGTTGGACTT-1_2_2"
"71","AACCTTTAGCGCCCAT-1_2_2"
"72","AACCTTTGTAGAGACC-1_2_2"
"73","AACCTTTGTTAGAAGT-1_2_2"
"74","AACGGGAGTGGCATCC-1_2_2"
"75","AACGGGATCGCTTACC-1_2_2"
"76","AACGTCAAGATGACCG-1_2_2"
"77","AACGTCACAGCTGAAG-1_2_2"
"78","AACGTCAGTATCTCTT-1_2_2"
"79","AACTTCTAGCGCAATG-1_2_2"
"80","AACTTCTGTTTGACAC-1_2_2"
"81","AAGAACACAACCACGC-1_2_2"
"82","AAGAACACATCTTTCA-1_2_2"
"83","AAGACAATCCGTTTCG-1_2_2"
"84","AAGACTCAGCTGTCCG-1_2_2"
"85","AAGACTCAGTCCCAAT-1_2_2"
"86","AAGACTCCAATGAAAC-1_2_2"
"87","AAGACTCGTCATGGCC-1_2_2"
"88","AAGATAGAGACATAGT-1_2_2"
"89","AAGATAGAGCAGCAGT-1_2_2"
"90","AAGATAGAGTCTGGTT-1_2_2"
"91","AAGATAGCAAGGCCTC-1_2_2"
"92","AAGATAGCACGTTCGG-1_2_2"
"93","AAGATAGGTAAGGCTG-1_2_2"
"94","AAGATAGGTACGTACT-1_2_2"
"95","AAGATAGTCACAATGC-1_2_2"
"96","AAGCATCCAGGTCAGA-1_2_2"
"97","AAGCATCTCACTGAAC-1_2_2"
"98","AAGCATCTCATGGGAG-1_2_2"
"99","AAGCCATAGCTAGAAT-1_2_2"
"100","AAGCCATAGGCCACTC-1_2_2"
"101","AAGCCATAGTAAATGC-1_2_2"
"102","AAGCCATTCATATGGC-1_2_2"
"103","AAGCGAGTCCAAGCCG-1_2_2"
"104","AAGCGTTCACGACTAT-1_2_2"
"105","AAGCGTTCATGACACT-1_2_2"
"106","AAGCGTTTCACCTGGG-1_2_2"
"107","AAGGAATAGGAACGAA-1_2_2"
"108","AAGGAATAGGGCCTCT-1_2_2"
"109","AAGGAATCACGTAACT-1_2_2"
"110","AAGGAATGTGAGTAAT-1_2_2"
"111","AAGGAATGTTAAGACA-1_2_2"
"112","AAGGTAAAGACCTCAT-1_2_2"
"113","AAGGTAAAGGCCTGAA-1_2_2"
"114","AAGGTAAGTAACTGCT-1_2_2"
"115","AAGGTAAGTAAGTTGA-1_2_2"
"116","AAGGTAAGTAGGTGCA-1_2_2"
"117","AAGGTAAGTTCTTGTT-1_2_2"
"118","AAGGTAATCGACATAC-1_2_2"
"119","AAGTACCCAGCGAGTA-1_2_2"
"120","AAGTCGTAGGGTATAT-1_2_2"
"121","AAGTCGTCAGTATACC-1_2_2"
"122","AAGTGAACACCGGCTA-1_2_2"
"123","AAGTGAAGTATACGGG-1_2_2"
"124","AAGTGAAGTTATGGTC-1_2_2"
"125","AAGTGAATCGTCCTCA-1_2_2"
"126","AAGTGAATCTAGTTCT-1_2_2"
"127","AAGTTCGAGCATGTTC-1_2_2"
"128","AAGTTCGAGGCGCTTC-1_2_2"
"129","AAGTTCGCAGTCGCTG-1_2_2"
"130","AAGTTCGTCAGTCTTT-1_2_2"
"131","AAGTTCGTCCGTATAG-1_2_2"
"132","AATAGAGCAAAGAGTT-1_2_2"
"133","AATAGAGTCGCACGAC-1_2_2"
"134","AATAGAGTCTCTCTAA-1_2_2"
"135","AATCACGCACCGCTGA-1_2_2"
"136","AATCGACCAATGGCCC-1_2_2"
"137","AATCGACCACTCAAGT-1_2_2"
"138","AATCGACCATTAGGCT-1_2_2"
"139","AATCGACGTTCCGGTG-1_2_2"
"140","AATCGTGGTCACCGCA-1_2_2"
"141","AATGACCAGGCTCAAG-1_2_2"
"142","AATGACCCAAAGGCGT-1_2_2"
"143","AATGACCCACTGGACC-1_2_2"
"144","AATGACCCATGTGCCG-1_2_2"
"145","AATGACCTCATTTGCT-1_2_2"
"146","AATGACCTCCATAGAC-1_2_2"
"147","AATGACCTCCGAAATC-1_2_2"
"148","AATGACCTCGGTCGGT-1_2_2"
"149","AATGACCTCTCTAAGG-1_2_2"
"150","AATGACCTCTGAGCAT-1_2_2"
"151","AATGCCAAGGCTAAAT-1_2_2"
"152","AATGCCACAAAGGCGT-1_2_2"
"153","AATGCCAGTATGAGAT-1_2_2"
"154","AATGCCATCAACTACG-1_2_2"
"155","AATGGAAGTCACCTTC-1_2_2"
"156","AATGGCTCATCGCTGG-1_2_2"
"157","AATGGCTCATTCGATG-1_2_2"
"158","AATGGCTGTTCTCTAT-1_2_2"
"159","AATTCCTAGTGGTCAG-1_2_2"
"160","AATTCCTCAGAACTAA-1_2_2"
"161","AATTTCCAGCGATGAC-1_2_2"
"162","AATTTCCTCATTATCC-1_2_2"
"163","AATTTCCTCTATGCCC-1_2_2"
"164","AATTTCCTCTGAGAAA-1_2_2"
"165","ACAAAGATCCTACCAC-1_2_2"
"166","ACAAAGATCGGTTAGT-1_2_2"
"167","ACAACCAGTCAACACT-1_2_2"
"168","ACAAGCTGTTTACCAG-1_2_2"
"169","ACAAGCTTCCGTAATG-1_2_2"
"170","ACACAGTAGGCGTTAG-1_2_2"
"171","ACACAGTCAGCGCTTG-1_2_2"
"172","ACACAGTGTTGTGCCG-1_2_2"
"173","ACACCAAAGGAGGTTC-1_2_2"
"174","ACACCAAGTTGTAAAG-1_2_2"
"175","ACACGCGAGAAGATCT-1_2_2"
"176","ACACTGAGTTGGCCGT-1_2_2"
"177","ACACTGATCGAGTGGA-1_2_2"
"178","ACAGAAAAGAATCGCG-1_2_2"
"179","ACAGAAAGTAAGATTG-1_2_2"
"180","ACAGCCGGTCAGGCAA-1_2_2"
"181","ACAGCCGGTGGCGCTT-1_2_2"
"182","ACAGCCGGTTAAGGGC-1_2_2"
"183","ACAGCCGTCGGAATTC-1_2_2"
"184","ACAGCCGTCGTTAGTG-1_2_2"
"185","ACATCCCAGCGACCCT-1_2_2"
"186","ACATCCCCAATCAAGA-1_2_2"
"187","ACATCCCCATACAGGG-1_2_2"
"188","ACATCCCGTTCAATCG-1_2_2"
"189","ACATCGAAGAGTTGCG-1_2_2"
"190","ACATCGACAATTCTCT-1_2_2"
"191","ACATCGACACATTACG-1_2_2"
"192","ACATCGACACTTGTCC-1_2_2"
"193","ACATCGATCCTAGCCT-1_2_2"
"194","ACATGCAAGCCAAGCA-1_2_2"
"195","ACATTTCAGACACACG-1_2_2"
"196","ACATTTCAGATGGTCG-1_2_2"
"197","ACATTTCGTAGGATAT-1_2_2"
"198","ACCAAACAGGTGCGAT-1_2_2"
"199","ACCAAACCAAACACGG-1_2_2"
"200","ACCAAACCAAAGGATT-1_2_2"
"201","ACCAAACGTCACTCAA-1_2_2"
"202","ACCAAACTCCCGTTGT-1_2_2"
"203","ACCAACAAGCAACTCT-1_2_2"
"204","ACCAACAAGCCAAGTG-1_2_2"
"205","ACCAACAAGGGAACAA-1_2_2"
"206","ACCAACACAATTCTTC-1_2_2"
"207","ACCAACATCGTAGGAG-1_2_2"
"208","ACCAACATCTATTCGT-1_2_2"
"209","ACCACAACACATTCGA-1_2_2"
"210","ACCACAACATCGATCA-1_2_2"
"211","ACCACAATCCGTCAAA-1_2_2"
"212","ACCATTTAGGGCTTCC-1_2_2"
"213","ACCATTTCAAGTCGTT-1_2_2"
"214","ACCATTTCATCTTAGG-1_2_2"
"215","ACCATTTGTCGAAGCA-1_2_2"
"216","ACCCAAAGTAGTGATA-1_2_2"
"217","ACCCTCAAGGATACCG-1_2_2"
"218","ACCGTTCCATGAATAG-1_2_2"
"219","ACCTACCAGAAGTCAT-1_2_2"
"220","ACCTACCAGCACCAGA-1_2_2"
"221","ACCTACCCAGGTGAGT-1_2_2"
"222","ACCTACCGTCTTAGTG-1_2_2"
"223","ACCTACCGTTCGTACA-1_2_2"
"224","ACCTGAACAACTTGCA-1_2_2"
"225","ACCTGTCAGCAGGGAG-1_2_2"
"226","ACCTGTCAGCGAGAAA-1_2_2"
"227","ACGATCAGTCGTACAT-1_2_2"
"228","ACGATGTAGGCCCGTT-1_2_2"
"229","ACGATGTAGTTTGAGA-1_2_2"
"230","ACGATGTCACGGCCAT-1_2_2"
"231","ACGATGTGTCACTGAT-1_2_2"
"232","ACGATGTTCTCGGCTT-1_2_2"
"233","ACGCACGAGAGCATAT-1_2_2"
"234","ACGCACGGTGTTAACC-1_2_2"
"235","ACGCACGTCTCGTTTA-1_2_2"
"236","ACGGAAGAGGGCTGAT-1_2_2"
"237","ACGGAAGGTTATCCAG-1_2_2"
"238","ACGGAAGGTTCTTAGG-1_2_2"
"239","ACGGGTCAGGACCCAA-1_2_2"
"240","ACGGGTCCAGGTAGTG-1_2_2"
"241","ACGGGTCTCCATCTCG-1_2_2"
"242","ACGGGTCTCTGGTCAA-1_2_2"
"243","ACGGTCGAGGCTATCT-1_2_2"
"244","ACGGTCGCAAAGCAAT-1_2_2"
"245","ACGGTCGCACCGGTCA-1_2_2"
"246","ACGGTCGCACGACGCT-1_2_2"
"247","ACGGTCGGTCAAAGAT-1_2_2"
"248","ACGGTCGTCAAACTGC-1_2_2"
"249","ACGGTCGTCACCATCC-1_2_2"
"250","ACGGTTAAGAAATTCG-1_2_2"
"251","ACGGTTAGTGCAGGAT-1_2_2"
"252","ACGTAACGTACTGGGA-1_2_2"
"253","ACGTAACTCAACCCGG-1_2_2"
"254","ACGTAACTCCGGCAGT-1_2_2"
"255","ACGTACAAGACTTCCA-1_2_2"
"256","ACGTACAAGATGTTAG-1_2_2"
"257","ACGTACAAGGATGCGT-1_2_2"
"258","ACGTACAGTGACCGAA-1_2_2"
"259","ACGTACAGTGTATACC-1_2_2"
"260","ACGTAGTCATTGCTGA-1_2_2"
"261","ACGTAGTGTCATCTAG-1_2_2"
"262","ACGTCCTAGGCAGGTT-1_2_2"
"263","ACGTCCTTCATCACCC-1_2_2"
"264","ACGTTCCAGTGTTCAC-1_2_2"
"265","ACGTTCCGTAGGTCAG-1_2_2"
"266","ACGTTCCGTCCCTGTT-1_2_2"
"267","ACGTTCCGTCTGCAAT-1_2_2"
"268","ACTACGATCAGTGGGA-1_2_2"
"269","ACTATCTAGGCAGTCA-1_2_2"
"270","ACTATCTTCACCATGA-1_2_2"
"271","ACTATCTTCCTCACGT-1_2_2"
"272","ACTATGGGTCGAGTGA-1_2_2"
"273","ACTATGGGTTAAGGAT-1_2_2"
"274","ACTATGGGTTACGATC-1_2_2"
"275","ACTATGGTCCAACCAA-1_2_2"
"276","ACTATTCAGGATATGT-1_2_2"
"277","ACTATTCCAATTCTCT-1_2_2"
"278","ACTATTCCACTGTGTA-1_2_2"
"279","ACTATTCCAGAGTCAG-1_2_2"
"280","ACTATTCGTAAGCGGT-1_2_2"
"281","ACTCCCAAGTTAACGA-1_2_2"
"282","ACTCCCACAGGACGAT-1_2_2"
"283","ACTCCCAGTCAACGCC-1_2_2"
"284","ACTCTCGCACCTCAGG-1_2_2"
"285","ACTCTCGGTGTTAGCT-1_2_2"
"286","ACTCTCGTCTCTGCCA-1_2_2"
"287","ACTGATGAGGCTCTCG-1_2_2"
"288","ACTGATGAGGGTCTTT-1_2_2"
"289","ACTGCAAAGGTAGTAT-1_2_2"
"290","ACTGCAACACAGCCAC-1_2_2"
"291","ACTGCAACACGACGTC-1_2_2"
"292","ACTGTCCCAATACAGA-1_2_2"
"293","ACTGTCCGTAACATGA-1_2_2"
"294","ACTGTGAGTAGCCCTG-1_2_2"
"295","ACTTAGGTCAGGGATG-1_2_2"
"296","ACTTATCCAAGCCTGC-1_2_2"
"297","ACTTCCGAGAAGTCCG-1_2_2"
"298","ACTTCCGAGCGAGGAG-1_2_2"
"299","ACTTCCGAGCTCGTGC-1_2_2"
"300","ACTTCCGAGTTTCTTC-1_2_2"
"301","ACTTCCGCATTGACTG-1_2_2"
"302","ACTTCCGTCCCGAATA-1_2_2"
"303","ACTTCGCAGTGGCGAT-1_2_2"
"304","ACTTCGCCATCACAGT-1_2_2"
"305","ACTTTCAGTGTTGCCG-1_2_2"
"306","ACTTTGTAGCATGCGA-1_2_2"
"307","ACTTTGTCAATACCCA-1_2_2"
"308","ACTTTGTCATACAGAA-1_2_2"
"309","ACTTTGTGTAGTTCCA-1_2_2"
"310","AGAAATGAGAAGATCT-1_2_2"
"311","AGAAATGGTGATGTAA-1_2_2"
"312","AGAAATGGTTCACCGG-1_2_2"
"313","AGAACCTCAAAGGCGT-1_2_2"
"314","AGAACCTTCAGGACGA-1_2_2"
"315","AGAACCTTCCGTTTCG-1_2_2"
"316","AGAACCTTCGATTCCC-1_2_2"
"317","AGAAGCGCAACACACT-1_2_2"
"318","AGAAGCGGTGTTAAAG-1_2_2"
"319","AGAAGCGTCATGGAGG-1_2_2"
"320","AGAAGTACAACGCATT-1_2_2"
"321","AGACAAAGTGATTCAC-1_2_2"
"322","AGACACTAGACCATAA-1_2_2"
"323","AGACACTGTTACACTG-1_2_2"
"324","AGACAGGAGAAACCAT-1_2_2"
"325","AGACAGGCAGCCGTCA-1_2_2"
"326","AGACCATTCTCATAGG-1_2_2"
"327","AGACCATTCTCATTTG-1_2_2"
"328","AGACCCGAGATGGTAT-1_2_2"
"329","AGACCCGAGGTTCACT-1_2_2"
"330","AGACCCGCACATCCCT-1_2_2"
"331","AGACCCGGTCGAGATG-1_2_2"
"332","AGACTCAGTTCTGACA-1_2_2"
"333","AGAGAATAGATGTTAG-1_2_2"
"334","AGAGAATCATCTATCT-1_2_2"
"335","AGAGAATGTTTCCATT-1_2_2"
"336","AGAGAATTCAGCGCAC-1_2_2"
"337","AGAGAATTCCATAAGC-1_2_2"
"338","AGAGAGCGTGCGAACA-1_2_2"
"339","AGAGAGCGTTTCAGAC-1_2_2"
"340","AGAGCAGAGTAAAGCT-1_2_2"
"341","AGAGCAGCAACCGTGC-1_2_2"
"342","AGAGCAGCAGAAGTTA-1_2_2"
"343","AGAGCAGTCGACCACG-1_2_2"
"344","AGAGCCCAGCGGTATG-1_2_2"
"345","AGAGCCCCACTTGTCC-1_2_2"
"346","AGAGCCCGTCGCTCGA-1_2_2"
"347","AGAGCCCGTTCATCGA-1_2_2"
"348","AGAGCCCTCCTACACC-1_2_2"
"349","AGAGCCCTCTTAATCC-1_2_2"
"350","AGATAGACATCATTGG-1_2_2"
"351","AGATAGAGTATCCTCC-1_2_2"
"352","AGATAGATCACTACGA-1_2_2"
"353","AGATCCACACACTTAG-1_2_2"
"354","AGATCGTAGTACCGGA-1_2_2"
"355","AGATCGTCAAGACAAT-1_2_2"
"356","AGATCGTCAGAAGTGC-1_2_2"
"357","AGATCGTCATGACGAG-1_2_2"
"358","AGATCGTGTGCGGATA-1_2_2"
"359","AGATGAAGTGTACGCC-1_2_2"
"360","AGATGCTAGGGAGAAT-1_2_2"
"361","AGCATCAAGAAGTCTA-1_2_2"
"362","AGCATCAAGCTGACCC-1_2_2"
"363","AGCATCAAGTACAGAT-1_2_2"
"364","AGCATCAAGTTTGAGA-1_2_2"
"365","AGCATCACAAGATGGC-1_2_2"
"366","AGCCAATCACAAGCTT-1_2_2"
"367","AGCCACGAGGTGCTAG-1_2_2"
"368","AGCCACGCACCTCAGG-1_2_2"
"369","AGCCACGTCTCCTACG-1_2_2"
"370","AGCCAGCAGAAGCGGG-1_2_2"
"371","AGCCAGCAGGGATCTG-1_2_2"
"372","AGCCAGCAGTTCCAGT-1_2_2"
"373","AGCCAGCTCGCCAGTG-1_2_2"
"374","AGCGATTAGCACTCAT-1_2_2"
"375","AGCGATTGTCGTGCCA-1_2_2"
"376","AGCGATTTCCGATCTC-1_2_2"
"377","AGCGATTTCTGTGTGA-1_2_2"
"378","AGCGCCACACGGTGTC-1_2_2"
"379","AGCGCTGAGGCCTTCG-1_2_2"
"380","AGCGCTGGTCCTTAAG-1_2_2"
"381","AGCGCTGGTGAGCCAA-1_2_2"
"382","AGCGTATGTGCCCACA-1_2_2"
"383","AGCTACACAACAGCTT-1_2_2"
"384","AGCTTCCAGCGTCTGC-1_2_2"
"385","AGCTTCCGTGAGGATC-1_2_2"
"386","AGCTTCCTCGCAATGT-1_2_2"
"387","AGGAAATAGATGGTCG-1_2_2"
"388","AGGAAATAGGCTGGAT-1_2_2"
"389","AGGAAATAGTTGGAGC-1_2_2"
"390","AGGAAATCATGGCCCA-1_2_2"
"391","AGGAATAAGAGTTGTA-1_2_2"
"392","AGGAATAGTAACGTTC-1_2_2"
"393","AGGAATATCGCCATAA-1_2_2"
"394","AGGACGACAAACGTGG-1_2_2"
"395","AGGACGACATTAAAGG-1_2_2"
"396","AGGACGATCTCTAGGA-1_2_2"
"397","AGGACGATCTTAATCC-1_2_2"
"398","AGGACTTCATGACGGA-1_2_2"
"399","AGGACTTGTGATGTAA-1_2_2"
"400","AGGACTTTCAGCTAGT-1_2_2"
"401","AGGACTTTCGCAAGAG-1_2_2"
"402","AGGAGGTAGAAATTCG-1_2_2"
"403","AGGAGGTCAATCTAGC-1_2_2"
"404","AGGATAACACGTAACT-1_2_2"
"405","AGGATAAGTCATCGGC-1_2_2"
"406","AGGATAAGTGGTCCGT-1_2_2"
"407","AGGATAATCGCCGAAC-1_2_2"
"408","AGGATAATCTTTGGAG-1_2_2"
"409","AGGATCTAGTCTGGAG-1_2_2"
"410","AGGATCTGTTTAGACC-1_2_2"
"411","AGGATCTTCGTTAGTG-1_2_2"
"412","AGGCATTCAATACAGA-1_2_2"
"413","AGGCATTCAGTCTGGC-1_2_2"
"414","AGGCCACAGATGAAGG-1_2_2"
"415","AGGCCACCAATAACGA-1_2_2"
"416","AGGCCACCATCGGATT-1_2_2"
"417","AGGCTGCTCTGACAGT-1_2_2"
"418","AGGGAGTGTTTGCAGT-1_2_2"
"419","AGGGCCTCATTGCTGA-1_2_2"
"420","AGGGCTCAGCGCCTCA-1_2_2"
"421","AGGGCTCCACACACTA-1_2_2"
"422","AGGGTCCAGATAGCTA-1_2_2"
"423","AGGGTCCAGCGAAACC-1_2_2"
"424","AGGGTGAAGCCAGTAG-1_2_2"
"425","AGGGTGACATGTTACG-1_2_2"
"426","AGGGTTTAGAAGCGGG-1_2_2"
"427","AGGGTTTGTATCAAGA-1_2_2"
"428","AGGGTTTGTATCACCA-1_2_2"
"429","AGGGTTTGTGCCCGTA-1_2_2"
"430","AGGGTTTTCGAGGCAA-1_2_2"
"431","AGGTAGGAGACGTCCC-1_2_2"
"432","AGGTAGGTCCTTCGAC-1_2_2"
"433","AGGTCTACACATGTTG-1_2_2"
"434","AGGTCTACAGCTGAAG-1_2_2"
"435","AGGTCTACATCCGAAT-1_2_2"
"436","AGGTCTATCTTCGTGC-1_2_2"
"437","AGGTGTTAGTCGCCCA-1_2_2"
"438","AGGTGTTGTACGGTTT-1_2_2"
"439","AGGTTACAGCCTCGTG-1_2_2"
"440","AGGTTACGTACCCGCA-1_2_2"
"441","AGGTTACGTCGGAACA-1_2_2"
"442","AGGTTACTCCTCTAGC-1_2_2"
"443","AGGTTGTTCGTTCTCG-1_2_2"
"444","AGTAACCAGACGCTCC-1_2_2"
"445","AGTACCAAGTGAGTGC-1_2_2"
"446","AGTACCACAACGGTAG-1_2_2"
"447","AGTACCATCGGAGCAA-1_2_2"
"448","AGTACTGGTCTGTCCT-1_2_2"
"449","AGTAGCTGTGCATACT-1_2_2"
"450","AGTAGCTTCCATCCGT-1_2_2"
"451","AGTAGTCAGCATGGGT-1_2_2"
"452","AGTAGTCCAGGTGTTT-1_2_2"
"453","AGTAGTCCATGGAATA-1_2_2"
"454","AGTCAACAGCGCCTAC-1_2_2"
"455","AGTCAACGTCCACACG-1_2_2"
"456","AGTCAACGTGCCGGTT-1_2_2"
"457","AGTCACAAGCGATGCA-1_2_2"
"458","AGTCACATCACCTCGT-1_2_2"
"459","AGTCATGAGGAGTATT-1_2_2"
"460","AGTCATGAGGCTCAAG-1_2_2"
"461","AGTCATGGTCTTCTAT-1_2_2"
"462","AGTCTCCCACGGTCTG-1_2_2"
"463","AGTCTCCGTAAGATTG-1_2_2"
"464","AGTCTCCTCACTACTT-1_2_2"
"465","AGTCTCCTCGTTCCTG-1_2_2"
"466","AGTGACTCAGGCCTGT-1_2_2"
"467","AGTGACTGTCAGATTC-1_2_2"
"468","AGTGATCAGTTGCGCC-1_2_2"
"469","AGTGATCGTGATTGGG-1_2_2"
"470","AGTGATCGTGTCCGTG-1_2_2"
"471","AGTGCCGCATACATCG-1_2_2"
"472","AGTGCCGGTTGGGACA-1_2_2"
"473","AGTGTTGCACTGTGAT-1_2_2"
"474","AGTGTTGCAGAAACCG-1_2_2"
"475","AGTTAGCGTCACAGTT-1_2_2"
"476","AGTTAGCTCTCTCTAA-1_2_2"
"477","AGTTAGCTCTTCACAT-1_2_2"
"478","AGTTCCCCAATGAACA-1_2_2"
"479","AGTTCCCGTCTAACTG-1_2_2"
"480","AGTTCCCTCAGAGTTC-1_2_2"
"481","AGTTCGACAGAAGTTA-1_2_2"
"482","AGTTCGATCTTCTAAC-1_2_2"
"483","ATACCGAAGAGGGTAA-1_2_2"
"484","ATACCGACATACTGTG-1_2_2"
"485","ATACCGAGTGCCTACG-1_2_2"
"486","ATACCGATCCATAGGT-1_2_2"
"487","ATACCTTTCTGAGAGG-1_2_2"
"488","ATACTTCAGCTTCTAG-1_2_2"
"489","ATACTTCAGTAGATCA-1_2_2"
"490","ATACTTCCATTCTCCG-1_2_2"
"491","ATACTTCTCGAGTACT-1_2_2"
"492","ATAGACCAGGTTGAGC-1_2_2"
"493","ATAGACCGTTCGGACC-1_2_2"
"494","ATAGACCTCAGAACCT-1_2_2"
"495","ATAGACCTCGACCAAT-1_2_2"
"496","ATAGAGACAAATGGAT-1_2_2"
"497","ATAGGCTCAGCTAACT-1_2_2"
"498","ATAGGCTGTAACGGTG-1_2_2"
"499","ATAGGCTGTATGCTTG-1_2_2"
"500","ATAGGCTTCACGGTCG-1_2_2"
"501","ATATCCTAGATGAATC-1_2_2"
"502","ATATCCTAGGCTTAGG-1_2_2"
"503","ATATCCTCAACCTATG-1_2_2"
"504","ATATCCTTCCATCAGA-1_2_2"
"505","ATCACAGTCCTAGCCT-1_2_2"
"506","ATCACGAAGTCTCTGA-1_2_2"
"507","ATCACGAGTGTACATC-1_2_2"
"508","ATCACGATCATGAGGG-1_2_2"
"509","ATCACTTCAATCAAGA-1_2_2"
"510","ATCACTTTCATTCACT-1_2_2"
"511","ATCACTTTCCTTCTGG-1_2_2"
"512","ATCAGGTAGTTTGCTG-1_2_2"
"513","ATCAGGTCAGCGTACC-1_2_2"
"514","ATCAGGTGTATCGGTT-1_2_2"
"515","ATCCACCAGATCGCCC-1_2_2"
"516","ATCCACCGTCGACTGC-1_2_2"
"517","ATCCACCGTTTAGACC-1_2_2"
"518","ATCCACCTCCGAGATT-1_2_2"
"519","ATCCACCTCGAGTTGT-1_2_2"
"520","ATCCATTAGCGTCTGC-1_2_2"
"521","ATCCATTCATCGATGT-1_2_2"
"522","ATCCATTGTTTACGAC-1_2_2"
"523","ATCCATTTCCATTGGA-1_2_2"
"524","ATCCATTTCTTGGAAC-1_2_2"
"525","ATCCCTGGTACAATAG-1_2_2"
"526","ATCCCTGTCCGATTAG-1_2_2"
"527","ATCCGTCTCAGATTGC-1_2_2"
"528","ATCCTATAGACATAGT-1_2_2"
"529","ATCCTATGTACTAGCT-1_2_2"
"530","ATCCTATTCCGATTAG-1_2_2"
"531","ATCCTATTCCGTGGTG-1_2_2"
"532","ATCCTATTCGCTTAAG-1_2_2"
"533","ATCGCCTAGTTCGCAT-1_2_2"
"534","ATCGCCTCATCCCACT-1_2_2"
"535","ATCGCCTGTCAACGCC-1_2_2"
"536","ATCGCCTGTTGGTAGG-1_2_2"
"537","ATCGGATCAATAACCC-1_2_2"
"538","ATCGGATCAATCAAGA-1_2_2"
"539","ATCGGATCATGGCTAT-1_2_2"
"540","ATCGGATGTGAGTTTC-1_2_2"
"541","ATCGGCGAGATGGTCG-1_2_2"
"542","ATCGGCGAGCAAGGAA-1_2_2"
"543","ATCGGCGGTGAATTAG-1_2_2"
"544","ATCGGCGTCCGTGGGT-1_2_2"
"545","ATCGGCGTCTAGCCTC-1_2_2"
"546","ATCGTAGAGTGATGGC-1_2_2"
"547","ATCGTAGTCCCTCAAC-1_2_2"
"548","ATCGTAGTCTGCACCT-1_2_2"
"549","ATCGTCCCACGACTAT-1_2_2"
"550","ATCGTGAGTATCGCAT-1_2_2"
"551","ATCTCTAAGCGATGCA-1_2_2"
"552","ATCTTCAAGAATTGTG-1_2_2"
"553","ATCTTCAAGTTGTCAC-1_2_2"
"554","ATCTTCAGTCCTTAAG-1_2_2"
"555","ATCTTCATCGGTAGGA-1_2_2"
"556","ATGAAAGAGAAGCGGG-1_2_2"
"557","ATGAAAGAGTCTGCGC-1_2_2"
"558","ATGACCAGTAAGGCCA-1_2_2"
"559","ATGACCAGTTGAAGTA-1_2_2"
"560","ATGACCATCACAAGAA-1_2_2"
"561","ATGAGTCAGCGTTAGG-1_2_2"
"562","ATGAGTCGTCTTCATT-1_2_2"
"563","ATGAGTCGTGCCCAGT-1_2_2"
"564","ATGATCGAGCGATTCT-1_2_2"
"565","ATGATCGTCTACTGAG-1_2_2"
"566","ATGCATGAGGTGCATG-1_2_2"
"567","ATGCATGCACCCTGAG-1_2_2"
"568","ATGCATGCAGGATGAC-1_2_2"
"569","ATGCCTCAGCTGTGCC-1_2_2"
"570","ATGCCTCCAGAGTCAG-1_2_2"
"571","ATGCCTCTCGTGTGGC-1_2_2"
"572","ATGCGATAGCGACCCT-1_2_2"
"573","ATGCGATAGTGCGCTC-1_2_2"
"574","ATGCGATCACCTGCAG-1_2_2"
"575","ATGCGATGTCATCTAG-1_2_2"
"576","ATGCGATGTTGCTGAT-1_2_2"
"577","ATGCGATTCAGGAAAT-1_2_2"
"578","ATGCGATTCAGGTGTT-1_2_2"
"579","ATGGAGGAGAGGTTTA-1_2_2"
"580","ATGGAGGAGCTAAACA-1_2_2"
"581","ATGGAGGAGGACACTG-1_2_2"
"582","ATGGAGGCAACTTGGT-1_2_2"
"583","ATGGAGGGTACCCACG-1_2_2"
"584","ATGGAGGGTCTGTTAG-1_2_2"
"585","ATGGATCCAGCATCTA-1_2_2"
"586","ATGGATCTCATCGACA-1_2_2"
"587","ATGGATCTCTTGAACG-1_2_2"
"588","ATGGGAGAGTGGTGGT-1_2_2"
"589","ATGGGAGCAGAGCCCT-1_2_2"
"590","ATGGGAGCAGATTAAG-1_2_2"
"591","ATGGGAGCATCCAATG-1_2_2"
"592","ATGGGAGGTACGACTT-1_2_2"
"593","ATGGGAGTCAGCACCG-1_2_2"
"594","ATGGGAGTCCGAACGC-1_2_2"
"595","ATGGGTTAGACCATAA-1_2_2"
"596","ATGGGTTAGTTGGAAT-1_2_2"
"597","ATGGGTTCATGACGAG-1_2_2"
"598","ATGGGTTTCGAAGTGG-1_2_2"
"599","ATGGTTGGTAGCTTAC-1_2_2"
"600","ATGGTTGTCAACTTTC-1_2_2"
"601","ATGGTTGTCAAGCCCG-1_2_2"
"602","ATGGTTGTCCAACTAG-1_2_2"
"603","ATGTCCCGTCTCGACG-1_2_2"
"604","ATGTCCCTCCCGAGGT-1_2_2"
"605","ATGTCTTCACTCAGAT-1_2_2"
"606","ATGTCTTCATGTGACT-1_2_2"
"607","ATGTCTTGTCATTCCC-1_2_2"
"608","ATTACCTGTCGAATGG-1_2_2"
"609","ATTACTCAGTGCCCGT-1_2_2"
"610","ATTACTCTCGGTCTAA-1_2_2"
"611","ATTATCCGTCAAAGCG-1_2_2"
"612","ATTATCCGTGTATACC-1_2_2"
"613","ATTATCCTCGTCCATC-1_2_2"
"614","ATTCACTAGAGTTGTA-1_2_2"
"615","ATTCACTCACTCCTTG-1_2_2"
"616","ATTCAGGCATGCCGAC-1_2_2"
"617","ATTCAGGGTGTCTTGA-1_2_2"
"618","ATTCATCTCAGCTCTC-1_2_2"
"619","ATTCATCTCCCGAACG-1_2_2"
"620","ATTCATCTCCTTATAC-1_2_2"
"621","ATTCATCTCGCTCTCA-1_2_2"
"622","ATTCCATTCGCCAATA-1_2_2"
"623","ATTCCCGAGAAAGCGA-1_2_2"
"624","ATTCCCGAGGTTAAAC-1_2_2"
"625","ATTCCCGCAGTGTATC-1_2_2"
"626","ATTCCTAAGCCTCACG-1_2_2"
"627","ATTCCTAAGTGCAAAT-1_2_2"
"628","ATTCCTACAACTGGTT-1_2_2"
"629","ATTCGTTAGTATGATG-1_2_2"
"630","ATTCGTTGTCCACTCT-1_2_2"
"631","ATTCGTTTCCAAGCTA-1_2_2"
"632","ATTCTACGTATCGTAC-1_2_2"
"633","ATTCTTGCACAAGCCC-1_2_2"
"634","ATTCTTGTCCTATGGA-1_2_2"
"635","ATTGGGTCAAGCGATG-1_2_2"
"636","ATTGGGTGTCATATGC-1_2_2"
"637","ATTGGGTTCATCCTGC-1_2_2"
"638","ATTGGGTTCTCATTTG-1_2_2"
"639","ATTGTTCCACAAAGCG-1_2_2"
"640","ATTGTTCCATACGCAT-1_2_2"
"641","ATTGTTCGTTACCGTA-1_2_2"
"642","ATTGTTCTCGTCTCAC-1_2_2"
"643","ATTTACCAGATGGTAT-1_2_2"
"644","ATTTACCAGCGAGGAG-1_2_2"
"645","ATTTACCCAAGTTCGT-1_2_2"
"646","ATTTACCCAGCAAGAC-1_2_2"
"647","ATTTACCGTCAGTCGC-1_2_2"
"648","ATTTACCTCTTGCAAG-1_2_2"
"649","ATTTCACAGTCATGGG-1_2_2"
"650","ATTTCTGGTATGCGTT-1_2_2"
"651","CAACAACAGAATCTAG-1_2_2"
"652","CAACAACCAACCACGC-1_2_2"
"653","CAACAACGTAGCCAGA-1_2_2"
"654","CAACCAAGTGAGTGAC-1_2_2"
"655","CAACCAATCGAGTCTA-1_2_2"
"656","CAACCTCAGAGCCTGA-1_2_2"
"657","CAACCTCAGGGCAACT-1_2_2"
"658","CAACCTCCAACCGACC-1_2_2"
"659","CAACGATAGGAATCGC-1_2_2"
"660","CAACGATCACCAGTTA-1_2_2"
"661","CAACGATTCGTCACCT-1_2_2"
"662","CAACGGCCAACCCGCA-1_2_2"
"663","CAACGGCGTAGTCTGT-1_2_2"
"664","CAAGACTCAATATCCG-1_2_2"
"665","CAAGACTGTGAAGCTG-1_2_2"
"666","CAAGACTGTGCCGAAA-1_2_2"
"667","CAAGACTGTGCTCTTC-1_2_2"
"668","CAAGACTTCCGTGTGG-1_2_2"
"669","CAAGAGGAGGCCCAAA-1_2_2"
"670","CAAGAGGCACCGTACG-1_2_2"
"671","CAAGCTAAGACTGGGT-1_2_2"
"672","CAAGCTACACAGCCTG-1_2_2"
"673","CAAGCTACATAAGATG-1_2_2"
"674","CAAGCTAGTCATGCAT-1_2_2"
"675","CAAGCTAGTTGCTCCT-1_2_2"
"676","CAAGCTATCACCTCTG-1_2_2"
"677","CAAGCTATCTTGATTC-1_2_2"
"678","CAAGGGAAGTTGCCTA-1_2_2"
"679","CAAGGGACAAGAGCTG-1_2_2"
"680","CAAGGGATCCGACAGC-1_2_2"
"681","CAATACGAGGAACGCT-1_2_2"
"682","CAATACGAGTAACGTA-1_2_2"
"683","CAATACGCATCGAACT-1_2_2"
"684","CAATACGCATGCTGCG-1_2_2"
"685","CAATCGACAGCACGAA-1_2_2"
"686","CAATCGATCCTCATAT-1_2_2"
"687","CAATCGATCGCGAAGA-1_2_2"
"688","CAATGACAGGCATCTT-1_2_2"
"689","CAATGACCAAGTATAG-1_2_2"
"690","CAATGACGTGCAGTGA-1_2_2"
"691","CAATGACGTGGCCTCA-1_2_2"
"692","CAATGACTCGAGATAA-1_2_2"
"693","CAATTTCAGAGGCCAT-1_2_2"
"694","CAATTTCTCAGACCTA-1_2_2"
"695","CACAACAAGGTGGGTT-1_2_2"
"696","CACAACACACCTCGTT-1_2_2"
"697","CACAACAGTCAACCAT-1_2_2"
"698","CACAACAGTCGTTGGC-1_2_2"
"699","CACACAACATACTGAC-1_2_2"
"700","CACACAAGTCATCGGC-1_2_2"
"701","CACACAATCATGGATC-1_2_2"
"702","CACAGATAGTGGACGT-1_2_2"
"703","CACAGATCAGGGCTTC-1_2_2"
"704","CACAGATCATCCGTGG-1_2_2"
"705","CACAGATGTTCGGACC-1_2_2"
"706","CACAGGCCATAATCGC-1_2_2"
"707","CACAGGCGTACTAGCT-1_2_2"
"708","CACAGGCGTCGGCTAC-1_2_2"
"709","CACAGGCTCCGAGCTG-1_2_2"
"710","CACATGAAGTGAACAT-1_2_2"
"711","CACATGAAGTGGCCTC-1_2_2"
"712","CACATGACAGATCACT-1_2_2"
"713","CACATGAGTAAGAACT-1_2_2"
"714","CACATGATCCTTATAC-1_2_2"
"715","CACCAAATCGCCAGAC-1_2_2"
"716","CACCGTTAGAGTCACG-1_2_2"
"717","CACCGTTAGTGGTTGG-1_2_2"
"718","CACCGTTCAACAACAA-1_2_2"
"719","CACCGTTGTCCTACAA-1_2_2"
"720","CACCGTTTCACGGACC-1_2_2"
"721","CACGGGTAGGATTTCC-1_2_2"
"722","CACGGGTAGGTCATAA-1_2_2"
"723","CACGGGTCAGTTTGGT-1_2_2"
"724","CACGGGTGTCGGCTAC-1_2_2"
"725","CACGGGTGTGCGAACA-1_2_2"
"726","CACGTGGAGCAAGCCA-1_2_2"
"727","CACGTGGGTCGCCTAG-1_2_2"
"728","CACGTGGTCATAGCAC-1_2_2"
"729","CACGTGGTCGGTCATA-1_2_2"
"730","CACGTGGTCTCAATCT-1_2_2"
"731","CACGTTCTCTTCCCAG-1_2_2"
"732","CACTAAGAGTTTAGGA-1_2_2"
"733","CACTAAGTCCTTCGAC-1_2_2"
"734","CACTGAAAGTAGTGCG-1_2_2"
"735","CACTGAAGTACCGGAA-1_2_2"
"736","CACTGAATCCCGAGTG-1_2_2"
"737","CACTGAATCCGCACTT-1_2_2"
"738","CACTGAATCTTGCGCT-1_2_2"
"739","CACTGGGAGGTTGGAC-1_2_2"
"740","CACTGGGAGTGCGCTC-1_2_2"
"741","CACTGGGCACGGCTAC-1_2_2"
"742","CACTGGGGTGCGGATA-1_2_2"
"743","CACTGTCCACATATCG-1_2_2"
"744","CACTTCGTCTCTTGCG-1_2_2"
"745","CAGAGCCGTAACGATA-1_2_2"
"746","CAGATACTCAGGTGTT-1_2_2"
"747","CAGATCACACCAGTTA-1_2_2"
"748","CAGATCACATGACGAG-1_2_2"
"749","CAGATTGCAAATGCGG-1_2_2"
"750","CAGATTGCAGTTCCAA-1_2_2"
"751","CAGATTGCATTCACAG-1_2_2"
"752","CAGCAATAGAACTCCT-1_2_2"
"753","CAGCAATGTAGGCTCC-1_2_2"
"754","CAGCACGCAATGGCCC-1_2_2"
"755","CAGCACGTCGCATTAG-1_2_2"
"756","CAGCAGCAGATTTGCC-1_2_2"
"757","CAGCCAGAGCCTCCAG-1_2_2"
"758","CAGCCAGGTCAATCTG-1_2_2"
"759","CAGCCAGGTCCCTAAA-1_2_2"
"760","CAGCCAGGTCGTGTTA-1_2_2"
"761","CAGCCAGTCTAGACCA-1_2_2"
"762","CAGCGTGAGTAGGTTA-1_2_2"
"763","CAGCGTGGTACATACC-1_2_2"
"764","CAGGCCACAAAGACGC-1_2_2"
"765","CAGGGCTCACTACCGG-1_2_2"
"766","CAGGGCTGTACCGGCT-1_2_2"
"767","CAGGGCTGTTGAGAGC-1_2_2"
"768","CAGGTATCACAGTACT-1_2_2"
"769","CAGGTATCAGCTATAC-1_2_2"
"770","CAGGTATGTATGGTAA-1_2_2"
"771","CAGGTATGTCTAGTGT-1_2_2"
"772","CAGTGCGCAATCGAAA-1_2_2"
"773","CAGTTAGCACGTCGGT-1_2_2"
"774","CAGTTAGGTCCTCCTA-1_2_2"
"775","CAGTTCCAGACATCCT-1_2_2"
"776","CAGTTCCGTCGCGTCA-1_2_2"
"777","CAGTTCCTCTTGCGCT-1_2_2"
"778","CATAAGCTCGCCACTT-1_2_2"
"779","CATACAGTCAGAACCT-1_2_2"
"780","CATACCCAGCACTAAA-1_2_2"
"781","CATACCCCACCTATCC-1_2_2"
"782","CATACCCTCCAGCAAT-1_2_2"
"783","CATACCCTCCCTCGAT-1_2_2"
"784","CATACTTCAGGAGGTT-1_2_2"
"785","CATACTTTCTGGGATT-1_2_2"
"786","CATAGACAGGCTATCT-1_2_2"
"787","CATAGACAGTCTACCA-1_2_2"
"788","CATAGACCAACAAGTA-1_2_2"
"789","CATAGACTCAAAGAAC-1_2_2"
"790","CATAGACTCAGACTGT-1_2_2"
"791","CATCAAGCACGACGAA-1_2_2"
"792","CATCAAGCAGCACAGA-1_2_2"
"793","CATCAAGGTAGATGTA-1_2_2"
"794","CATCAAGTCATCGCAA-1_2_2"
"795","CATCCCACATTCAGGT-1_2_2"
"796","CATCCCAGTCCAAAGG-1_2_2"
"797","CATCCCAGTCGCCTAG-1_2_2"
"798","CATCCCATCCACCTCA-1_2_2"
"799","CATCCCATCCGGCAGT-1_2_2"
"800","CATCGCTGTTACAGCT-1_2_2"
"801","CATCGTCAGTAGTCCT-1_2_2"
"802","CATCGTCTCAGTGCGC-1_2_2"
"803","CATGAGTAGCGTATAA-1_2_2"
"804","CATGAGTCAACCCGCA-1_2_2"
"805","CATGAGTTCGGTTAGT-1_2_2"
"806","CATGAGTTCTGTCCGT-1_2_2"
"807","CATGCAACATCTCCCA-1_2_2"
"808","CATGCAACATTCTGTT-1_2_2"
"809","CATGCCTAGGTAGATT-1_2_2"
"810","CATGCCTGTTCCGCTT-1_2_2"
"811","CATGCCTTCTACTATC-1_2_2"
"812","CATGCGGAGCTCGAAG-1_2_2"
"813","CATGCGGAGGTGCTAG-1_2_2"
"814","CATGCGGGTCCCGTGA-1_2_2"
"815","CATGCTCCAAGCTACT-1_2_2"
"816","CATGCTCCAGCTCCTT-1_2_2"
"817","CATGCTCCATATGGCT-1_2_2"
"818","CATGCTCTCGAAGAAT-1_2_2"
"819","CATGCTCTCGCCATAA-1_2_2"
"820","CATGGATCATACGCAT-1_2_2"
"821","CATGGATGTAAGTTAG-1_2_2"
"822","CATGGATTCCGCCTAT-1_2_2"
"823","CATGGATTCTATTGTC-1_2_2"
"824","CATGGTAAGCTTGTTG-1_2_2"
"825","CATGGTACAGAGATTA-1_2_2"
"826","CATGGTAGTCGGAACA-1_2_2"
"827","CATGGTATCCTCAGAA-1_2_2"
"828","CATTCATGTGCGTGCT-1_2_2"
"829","CATTCATGTGGTCTCG-1_2_2"
"830","CATTCATTCAAAGCCT-1_2_2"
"831","CATTCTAAGTTCATGC-1_2_2"
"832","CATTCTAGTGTGCCTG-1_2_2"
"833","CATTCTATCTCGTGGG-1_2_2"
"834","CATTCTATCTGCTCTG-1_2_2"
"835","CATTGAGAGTACCCTA-1_2_2"
"836","CATTGAGCAAGAATAC-1_2_2"
"837","CATTGAGTCGAAGCCC-1_2_2"
"838","CATTGCCAGGTTGTTC-1_2_2"
"839","CATTGCCGTGCAACGA-1_2_2"
"840","CATTGCCTCACCCTCA-1_2_2"
"841","CATTGTTAGAGCTGAC-1_2_2"
"842","CATTGTTAGGGCTGAT-1_2_2"
"843","CATTGTTCAGATCCAT-1_2_2"
"844","CATTGTTTCGCGTAGC-1_2_2"
"845","CATTTCAGTAACAAGT-1_2_2"
"846","CCAAGCGAGGGAGTTC-1_2_2"
"847","CCAAGCGCAGCCGTTG-1_2_2"
"848","CCAAGCGCATCGCCTT-1_2_2"
"849","CCAAGCGGTCGTACTA-1_2_2"
"850","CCAATGAAGTACAGAT-1_2_2"
"851","CCAATGAGTAGCTTTG-1_2_2"
"852","CCAATTTAGAGTTCGG-1_2_2"
"853","CCACAAAAGTTCTACG-1_2_2"
"854","CCACAAAGTGTAGGAC-1_2_2"
"855","CCACAAAGTTACGATC-1_2_2"
"856","CCACAAATCCAAGCTA-1_2_2"
"857","CCACAAATCTGCGATA-1_2_2"
"858","CCACACTCAGGTGTTT-1_2_2"
"859","CCACACTTCCGTGTCT-1_2_2"
"860","CCACCATCAATGAACA-1_2_2"
"861","CCACGAGCATCGAACT-1_2_2"
"862","CCACGAGGTCCAATCA-1_2_2"
"863","CCACGAGGTTCAAGGG-1_2_2"
"864","CCACGAGTCAGACCTA-1_2_2"
"865","CCACGAGTCTCGTGGG-1_2_2"
"866","CCACGTTAGACAGTCG-1_2_2"
"867","CCACGTTAGGCTCAAG-1_2_2"
"868","CCACGTTCACAGTATC-1_2_2"
"869","CCACGTTCACCGCTGA-1_2_2"
"870","CCACGTTTCCAGTTCC-1_2_2"
"871","CCACGTTTCCGCTGTT-1_2_2"
"872","CCACTTGAGCGCCATC-1_2_2"
"873","CCACTTGCAAATACAG-1_2_2"
"874","CCACTTGCAAGCCATT-1_2_2"
"875","CCACTTGCAATCAGCT-1_2_2"
"876","CCACTTGTCCCATACC-1_2_2"
"877","CCACTTGTCGTGTCAA-1_2_2"
"878","CCATAAGAGACGCATG-1_2_2"
"879","CCATAAGGTACAGAAT-1_2_2"
"880","CCATAAGTCCATTGCC-1_2_2"
"881","CCATCACTCTCTGAGA-1_2_2"
"882","CCCAACTAGGCTCCCA-1_2_2"
"883","CCCAACTGTTAAGTCC-1_2_2"
"884","CCCATTGAGCATCCCG-1_2_2"
"885","CCCATTGGTATTGAGA-1_2_2"
"886","CCCATTGTCGCTCTAC-1_2_2"
"887","CCCATTGTCTCTCAAT-1_2_2"
"888","CCCGAAGAGGTAAAGG-1_2_2"
"889","CCCGGAAAGCAATAGT-1_2_2"
"890","CCCGGAAGTATTCCTT-1_2_2"
"891","CCCGGAAGTCGGAAAC-1_2_2"
"892","CCCGGAATCACAGTGT-1_2_2"
"893","CCCGGAATCCAAGCAT-1_2_2"
"894","CCCGGAATCCTGGGTG-1_2_2"
"895","CCCGGAATCTCGGGAC-1_2_2"
"896","CCCTAACAGTTTGCTG-1_2_2"
"897","CCCTAACGTTGGCCTG-1_2_2"
"898","CCCTAACTCGTCGATA-1_2_2"
"899","CCCTCAAGTTGATCGT-1_2_2"
"900","CCCTCAAGTTTCCATT-1_2_2"
"901","CCCTCTCCATCATGAC-1_2_2"
"902","CCCTCTCGTGACGTCC-1_2_2"
"903","CCCTCTCGTGTTACAC-1_2_2"
"904","CCCTGATGTTCCGGTG-1_2_2"
"905","CCCTGATTCCATTCAT-1_2_2"
"906","CCCTTAGAGTGGACGT-1_2_2"
"907","CCCTTAGTCACTACGA-1_2_2"
"908","CCGAACGAGTTGAATG-1_2_2"
"909","CCGAACGCAACTGGTT-1_2_2"
"910","CCGAACGGTACATTGC-1_2_2"
"911","CCGAACGGTTCTATCT-1_2_2"
"912","CCGAACGTCTCGCTTG-1_2_2"
"913","CCGATGGGTTACGTAC-1_2_2"
"914","CCGATGGTCATCTCTA-1_2_2"
"915","CCGCAAGGTACGAAAT-1_2_2"
"916","CCGCAAGTCTCCGTGT-1_2_2"
"917","CCGGACACATCAGCGC-1_2_2"
"918","CCGGACATCATTGCGA-1_2_2"
"919","CCGGACATCTAGTCAG-1_2_2"
"920","CCGGGTAAGATGCGAC-1_2_2"
"921","CCGGGTAAGTGGATAT-1_2_2"
"922","CCGGGTAGTGCCCAGT-1_2_2"
"923","CCGGGTATCTACCAGA-1_2_2"
"924","CCGGGTATCTCTCGCA-1_2_2"
"925","CCGGTGACAAATTGCC-1_2_2"
"926","CCGGTGACAATTGCAC-1_2_2"
"927","CCGTAGGGTTTACACG-1_2_2"
"928","CCGTGAGGTAGAGGAA-1_2_2"
"929","CCGTGAGTCACACCGG-1_2_2"
"930","CCGTGAGTCACCTTGC-1_2_2"
"931","CCGTTCAAGGAAAGTG-1_2_2"
"932","CCGTTCACACGGTGAA-1_2_2"
"933","CCGTTCATCAGCTCTC-1_2_2"
"934","CCGTTCATCCAACCGG-1_2_2"
"935","CCGTTCATCCTATTTG-1_2_2"
"936","CCTAACCCAGTAGTGG-1_2_2"
"937","CCTAACCGTTACGTAC-1_2_2"
"938","CCTAACCTCGTGGCGT-1_2_2"
"939","CCTAAGAAGCTCCACG-1_2_2"
"940","CCTAAGAAGTTAACGA-1_2_2"
"941","CCTAAGACATATGCGT-1_2_2"
"942","CCTAAGAGTGCAACAG-1_2_2"
"943","CCTAAGATCCGTAATG-1_2_2"
"944","CCTACGTGTATCGCAT-1_2_2"
"945","CCTATCGAGGCCTTCG-1_2_2"
"946","CCTATCGGTGAGCAGT-1_2_2"
"947","CCTATCGTCAATCGGT-1_2_2"
"948","CCTATCGTCGGCATCG-1_2_2"
"949","CCTCACACAAGATGTA-1_2_2"
"950","CCTCACACACGTGAGA-1_2_2"
"951","CCTCAGTGTGTCTCCT-1_2_2"
"952","CCTCAGTGTTAAGCAA-1_2_2"
"953","CCTCAGTGTTACCCTC-1_2_2"
"954","CCTCAGTTCAAACGAA-1_2_2"
"955","CCTCAGTTCCCGTGAG-1_2_2"
"956","CCTCATGAGGCCTTCG-1_2_2"
"957","CCTCCAAGTACCGTGC-1_2_2"
"958","CCTCCAAGTCCCAAAT-1_2_2"
"959","CCTCCAAGTCGTATTG-1_2_2"
"960","CCTCCTCGTGTCCATA-1_2_2"
"961","CCTCCTCTCAGCGGAA-1_2_2"
"962","CCTCCTCTCTTCCACG-1_2_2"
"963","CCTCTAGTCTCTGCTG-1_2_2"
"964","CCTCTCCAGTAGATCA-1_2_2"
"965","CCTCTCCCAACCGACC-1_2_2"
"966","CCTCTCCCAAGCGCTC-1_2_2"
"967","CCTCTCCTCTTCACAT-1_2_2"
"968","CCTGCATAGTCCGCCA-1_2_2"
"969","CCTGCATGTGTTAAAG-1_2_2"
"970","CCTGCATTCAGGCGAA-1_2_2"
"971","CCTGTTGGTAGATCCT-1_2_2"
"972","CCTGTTGTCTCACGAA-1_2_2"
"973","CCTTCAGAGACACACG-1_2_2"
"974","CCTTCAGAGTACTCGT-1_2_2"
"975","CCTTCAGCAAGATGGC-1_2_2"
"976","CCTTCAGGTATGACAA-1_2_2"
"977","CCTTCAGTCAGCCTTC-1_2_2"
"978","CCTTGTGAGCAGCACA-1_2_2"
"979","CCTTGTGCAGGCGAAT-1_2_2"
"980","CCTTGTGGTACGTGAG-1_2_2"
"981","CCTTGTGGTCGTACAT-1_2_2"
"982","CCTTGTGTCGCTCCTA-1_2_2"
"983","CCTTTGGGTCGCACAC-1_2_2"
"984","CGAAGGACACAATTCG-1_2_2"
"985","CGAAGGAGTTCAAGTC-1_2_2"
"986","CGAAGGATCGAGAGCA-1_2_2"
"987","CGAAGTTAGCTACGTT-1_2_2"
"988","CGAAGTTAGTTCCAGT-1_2_2"
"989","CGAAGTTGTGTCGATT-1_2_2"
"990","CGAATTGCACGGTAGA-1_2_2"
"991","CGAATTGGTATGGGAC-1_2_2"
"992","CGAATTGGTGACAGCA-1_2_2"
"993","CGACAGCAGAGAGTGA-1_2_2"
"994","CGACAGCAGTGGATAT-1_2_2"
"995","CGACAGCCACCTATCC-1_2_2"
"996","CGACAGCCAGGTGTGA-1_2_2"
"997","CGACAGCGTACTTGTG-1_2_2"
"998","CGACAGCGTCAAGGCA-1_2_2"
"999","CGACAGCTCCACTTCG-1_2_2"
"1000","CGAGAAGTCCTGTACC-1_2_2"
"1001","CGAGAAGTCTTCACAT-1_2_2"
"1002","CGAGGAAGTCCACAGC-1_2_2"
"1003","CGAGGAATCATGAGTC-1_2_2"
"1004","CGAGGCTAGAACCCGA-1_2_2"
"1005","CGAGGCTTCCCTCTCC-1_2_2"
"1006","CGAGGCTTCGAAACAA-1_2_2"
"1007","CGAGGCTTCTGAATCG-1_2_2"
"1008","CGAGTGCAGGTACCTT-1_2_2"
"1009","CGAGTGCCAGCTCCTT-1_2_2"
"1010","CGAGTGCCATAACTCG-1_2_2"
"1011","CGATCGGCATCGATGT-1_2_2"
"1012","CGATCGGTCCCGATCT-1_2_2"
"1013","CGATGCGAGGATGCGT-1_2_2"
"1014","CGCAGGTGTGGGAGAG-1_2_2"
"1015","CGCAGGTGTTCGTGCG-1_2_2"
"1016","CGCAGGTTCGGTCGAC-1_2_2"
"1017","CGCATAAGTGGAGGTT-1_2_2"
"1018","CGCATAATCTCCGCAT-1_2_2"
"1019","CGCATGGCATTGCTTT-1_2_2"
"1020","CGCATGGTCATGCATG-1_2_2"
"1021","CGCATGGTCCTACCGT-1_2_2"
"1022","CGCCAGAGTTTGGGTT-1_2_2"
"1023","CGCCATTGTTAGAAAC-1_2_2"
"1024","CGCCATTTCTTACGGA-1_2_2"
"1025","CGCGTGAAGATACGAT-1_2_2"
"1026","CGCGTGAAGTTCTCTT-1_2_2"
"1027","CGCGTGATCGTTATCT-1_2_2"
"1028","CGGAACCAGGACTTCT-1_2_2"
"1029","CGGAACCCAACGATCT-1_2_2"
"1030","CGGAACCGTAGGCAGT-1_2_2"
"1031","CGGAACCGTCATCGCG-1_2_2"
"1032","CGGAATTAGAGTCCGA-1_2_2"
"1033","CGGAATTCAACGTAAA-1_2_2"
"1034","CGGAATTCAACGTATC-1_2_2"
"1035","CGGAATTGTTCGAACT-1_2_2"
"1036","CGGAATTTCTGTGCGG-1_2_2"
"1037","CGGAGAACAGGCCTGT-1_2_2"
"1038","CGGGACTAGAGACAAG-1_2_2"
"1039","CGGGACTAGTAGCATA-1_2_2"
"1040","CGGGACTCAGACAAGC-1_2_2"
"1041","CGGGACTGTTGGATCT-1_2_2"
"1042","CGGGACTTCCCAGGAC-1_2_2"
"1043","CGGGCATAGGTACATA-1_2_2"
"1044","CGGGTCAAGAGCACTG-1_2_2"
"1045","CGGGTCACACGACAGA-1_2_2"
"1046","CGGGTCACAGTATGAA-1_2_2"
"1047","CGGGTCAGTTCCAGGC-1_2_2"
"1048","CGGGTCATCATCGCCT-1_2_2"
"1049","CGGGTGTCAGACCCGT-1_2_2"
"1050","CGGGTGTTCAGCTTGA-1_2_2"
"1051","CGGTCAGAGCGACTAG-1_2_2"
"1052","CGGTCAGGTAGACTGG-1_2_2"
"1053","CGGTCAGTCAGCCCAG-1_2_2"
"1054","CGTAAGTGTCTAGATC-1_2_2"
"1055","CGTAAGTTCTCGGTAA-1_2_2"
"1056","CGTAAGTTCTTCCACG-1_2_2"
"1057","CGTAAGTTCTTGGATG-1_2_2"
"1058","CGTAATGCACGTCATA-1_2_2"
"1059","CGTAATGGTATCGTTG-1_2_2"
"1060","CGTAATGTCCTTGAAG-1_2_2"
"1061","CGTAGTAGTGAATATG-1_2_2"
"1062","CGTAGTATCGTGCGAC-1_2_2"
"1063","CGTAGTATCTCAATCT-1_2_2"
"1064","CGTCAAAAGGTCGCCT-1_2_2"
"1065","CGTCAAAAGTATGGCG-1_2_2"
"1066","CGTCAAATCGGCTGAC-1_2_2"
"1067","CGTCCATCAGTATGAA-1_2_2"
"1068","CGTCCATGTACCAATC-1_2_2"
"1069","CGTCCATGTCTTACTT-1_2_2"
"1070","CGTCCATGTTTCACTT-1_2_2"
"1071","CGTGAATAGACCTGGA-1_2_2"
"1072","CGTGAATAGAGTGTGC-1_2_2"
"1073","CGTGAATCACTTGACA-1_2_2"
"1074","CGTGAATGTAAGGAGA-1_2_2"
"1075","CGTGAATGTGACTATC-1_2_2"
"1076","CGTGAATGTGCCGAAA-1_2_2"
"1077","CGTGAATTCCGCACTT-1_2_2"
"1078","CGTGAATTCTTTCTAG-1_2_2"
"1079","CGTGATAGTCATGCAT-1_2_2"
"1080","CGTGCTTCACGACGCT-1_2_2"
"1081","CGTGCTTGTTCGGACC-1_2_2"
"1082","CGTGCTTGTTGGTGTT-1_2_2"
"1083","CGTGCTTTCAGAGCGA-1_2_2"
"1084","CGTTAGAAGAATTCAG-1_2_2"
"1085","CGTTAGAAGTTGTACC-1_2_2"
"1086","CGTTAGAGTACCGTCG-1_2_2"
"1087","CGTTAGAGTATCTCTT-1_2_2"
"1088","CGTTAGATCCCTTGTG-1_2_2"
"1089","CGTTGGGAGGTTCTTG-1_2_2"
"1090","CGTTGGGAGTCGCCAC-1_2_2"
"1091","CGTTGGGCACGCCACA-1_2_2"
"1092","CGTTGGGGTATCGTGT-1_2_2"
"1093","CTAACCCAGCTAATCC-1_2_2"
"1094","CTAACCCCACTACCCT-1_2_2"
"1095","CTAACTTAGGACACTG-1_2_2"
"1096","CTAACTTCAATCTCTT-1_2_2"
"1097","CTAACTTTCCACTGGG-1_2_2"
"1098","CTAAGTGAGAGCTGCA-1_2_2"
"1099","CTAAGTGAGAGGCCAT-1_2_2"
"1100","CTAAGTGAGTTGTACC-1_2_2"
"1101","CTAAGTGCAAGCGGAT-1_2_2"
"1102","CTAAGTGCACAACGTT-1_2_2"
"1103","CTACAGACAGAGGGTT-1_2_2"
"1104","CTACATTAGACGAAGA-1_2_2"
"1105","CTACCTGCAAACACCT-1_2_2"
"1106","CTACCTGTCCTACACC-1_2_2"
"1107","CTACCTGTCGCACGGT-1_2_2"
"1108","CTACCTGTCGTTCTCG-1_2_2"
"1109","CTACGGGAGATACATG-1_2_2"
"1110","CTACGGGAGCAACTCT-1_2_2"
"1111","CTACGGGAGCATCAAA-1_2_2"
"1112","CTACGGGAGGTACAAT-1_2_2"
"1113","CTACGGGCAAGGTTGG-1_2_2"
"1114","CTACTATCAAGCCATT-1_2_2"
"1115","CTACTATCAGGTCCCA-1_2_2"
"1116","CTACTATCATCGGATT-1_2_2"
"1117","CTACTATGTTGCATTG-1_2_2"
"1118","CTAGACATCCACGTGG-1_2_2"
"1119","CTAGGTAAGACAAGCC-1_2_2"
"1120","CTAGGTAAGAGAGCGG-1_2_2"
"1121","CTAGGTAAGATCACTC-1_2_2"
"1122","CTAGGTAAGCGACAGT-1_2_2"
"1123","CTAGGTACATGGAAGC-1_2_2"
"1124","CTAGGTAGTAACCCGC-1_2_2"
"1125","CTATAGGCAAAGCGTG-1_2_2"
"1126","CTATAGGCAATGCAAA-1_2_2"
"1127","CTATAGGTCAAAGGTA-1_2_2"
"1128","CTATAGGTCCAATCCC-1_2_2"
"1129","CTATCCGCAGTATACC-1_2_2"
"1130","CTATCCGGTGTCGATT-1_2_2"
"1131","CTATCCGTCTTCTAAC-1_2_2"
"1132","CTATCTACACCATATG-1_2_2"
"1133","CTCAACCAGAGTCCGA-1_2_2"
"1134","CTCAACCAGCGGTAAC-1_2_2"
"1135","CTCAAGAAGATTGATG-1_2_2"
"1136","CTCAAGATCAGCCCAG-1_2_2"
"1137","CTCAAGATCCACTTCG-1_2_2"
"1138","CTCAATTAGTCTCGTA-1_2_2"
"1139","CTCAATTAGTGGCCTC-1_2_2"
"1140","CTCACTGAGCACTCGC-1_2_2"
"1141","CTCACTGAGGTAGCAC-1_2_2"
"1142","CTCACTGAGGTCTACT-1_2_2"
"1143","CTCACTGGTTTACTGG-1_2_2"
"1144","CTCAGAATCGAGAGCA-1_2_2"
"1145","CTCAGGGAGAATGTTG-1_2_2"
"1146","CTCAGGGCAGAACTTC-1_2_2"
"1147","CTCAGGGGTAACATGA-1_2_2"
"1148","CTCAGTCAGCCGTTAT-1_2_2"
"1149","CTCAGTCAGGGATGTC-1_2_2"
"1150","CTCATCGAGTGATAAC-1_2_2"
"1151","CTCATTAAGGTGCTGA-1_2_2"
"1152","CTCATTACAATGGCCC-1_2_2"
"1153","CTCATTATCCATTGTT-1_2_2"
"1154","CTCCAACCAGTAGAAT-1_2_2"
"1155","CTCCAACGTCAACCTA-1_2_2"
"1156","CTCCAACTCGAAGCAG-1_2_2"
"1157","CTCCACAAGCCATTGT-1_2_2"
"1158","CTCCACAGTCGAGCAA-1_2_2"
"1159","CTCCATGAGTACAGCG-1_2_2"
"1160","CTCCATGCACTAGTAC-1_2_2"
"1161","CTCCATGTCTGGTCAA-1_2_2"
"1162","CTCCCAAAGTCAATCC-1_2_2"
"1163","CTCCCAAGTAGAAACT-1_2_2"
"1164","CTCCCAAGTGCGGATA-1_2_2"
"1165","CTCCCAATCGCACGAC-1_2_2"
"1166","CTCCCTCCAAACACGG-1_2_2"
"1167","CTCCTCCAGGGTCACA-1_2_2"
"1168","CTCCTCCCACGGGCTT-1_2_2"
"1169","CTCCTCCGTCCCACGA-1_2_2"
"1170","CTCCTTTCAACAACAA-1_2_2"
"1171","CTCCTTTTCGCTTACC-1_2_2"
"1172","CTCGAGGGTCGTACAT-1_2_2"
"1173","CTCTCAGAGTGAATAC-1_2_2"
"1174","CTCTCAGCATGGTGGA-1_2_2"
"1175","CTCTCAGGTTTCGGCG-1_2_2"
"1176","CTCTCAGTCTGACGCG-1_2_2"
"1177","CTCTCGAGTGAGATCG-1_2_2"
"1178","CTCTCGAGTTGCTTGA-1_2_2"
"1179","CTCTGGTGTCCACTTC-1_2_2"
"1180","CTCTGGTGTGCCTGCA-1_2_2"
"1181","CTGAATGTCATTACGG-1_2_2"
"1182","CTGAGCGCATGTGTCA-1_2_2"
"1183","CTGAGGCAGATTACCC-1_2_2"
"1184","CTGAGGCAGGTTCACT-1_2_2"
"1185","CTGAGGCAGTAAACTG-1_2_2"
"1186","CTGAGGCGTGATTCAC-1_2_2"
"1187","CTGATCCAGATCACTC-1_2_2"
"1188","CTGATCCAGGAACGCT-1_2_2"
"1189","CTGATCCAGTTCGCAT-1_2_2"
"1190","CTGATCCCAAACGTGG-1_2_2"
"1191","CTGATCCCAACTCATG-1_2_2"
"1192","CTGATCCGTAAGCGGT-1_2_2"
"1193","CTGATCCTCCGCACTT-1_2_2"
"1194","CTGCAGGAGACTGAGC-1_2_2"
"1195","CTGCAGGGTCAACACT-1_2_2"
"1196","CTGCAGGGTTCCTAGA-1_2_2"
"1197","CTGCAGGTCTCCGTGT-1_2_2"
"1198","CTGCATCAGCCGGAAT-1_2_2"
"1199","CTGCATCCAGATAAAC-1_2_2"
"1200","CTGCATCGTCAAGCGA-1_2_2"
"1201","CTGCATCGTTAAGCAA-1_2_2"
"1202","CTGCCATAGCCTAACT-1_2_2"
"1203","CTGCCATCACAAGCTT-1_2_2"
"1204","CTGCCATCATGGGATG-1_2_2"
"1205","CTGCCATGTCGCTTGG-1_2_2"
"1206","CTGCCATGTGCATGTT-1_2_2"
"1207","CTGCCATGTTAGAAAC-1_2_2"
"1208","CTGCCTAAGGCGACAT-1_2_2"
"1209","CTGCCTAAGTGGCCTC-1_2_2"
"1210","CTGCCTAGTAATGTGA-1_2_2"
"1211","CTGCCTAGTAGTTACC-1_2_2"
"1212","CTGCCTAGTGTTGACT-1_2_2"
"1213","CTGCCTAGTTACCCTC-1_2_2"
"1214","CTGCCTATCGACCCAG-1_2_2"
"1215","CTGCGAGAGCGGTAAC-1_2_2"
"1216","CTGCGAGGTGGCATCC-1_2_2"
"1217","CTGCGAGGTTGTCCCT-1_2_2"
"1218","CTGCGAGTCGCGATCG-1_2_2"
"1219","CTGCTCAAGGGATCTG-1_2_2"
"1220","CTGGACGCAGCTATAC-1_2_2"
"1221","CTGGACGGTCGAGCAA-1_2_2"
"1222","CTGGACGTCGGAAACG-1_2_2"
"1223","CTGGCAGTCAGCCTCT-1_2_2"
"1224","CTGGTCTAGACATCCT-1_2_2"
"1225","CTGTACCAGCGCTTCG-1_2_2"
"1226","CTGTACCCAAAGGAGA-1_2_2"
"1227","CTGTAGACACGTCATA-1_2_2"
"1228","CTGTAGAGTTTCTATC-1_2_2"
"1229","CTGTATTCAATTCTCT-1_2_2"
"1230","CTGTATTCACGCAGTC-1_2_2"
"1231","CTGTCGTAGACCTTTG-1_2_2"
"1232","CTGTCGTTCGATACGT-1_2_2"
"1233","CTGTCGTTCTTCTTCC-1_2_2"
"1234","CTGTGAAAGTGCCAGA-1_2_2"
"1235","CTGTGAAGTGCTCTTC-1_2_2"
"1236","CTTACCGAGGACTATA-1_2_2"
"1237","CTTACCGCATGACACT-1_2_2"
"1238","CTTACCGTCAAACGAA-1_2_2"
"1239","CTTAGGAAGAGCACTG-1_2_2"
"1240","CTTAGGAAGTGATTCC-1_2_2"
"1241","CTTAGGAGTTTCCAAG-1_2_2"
"1242","CTTCAATAGCTTGTTG-1_2_2"
"1243","CTTCAATAGGAAAGAC-1_2_2"
"1244","CTTCAATGTGACTGTT-1_2_2"
"1245","CTTCAATTCGTCCTTG-1_2_2"
"1246","CTTCCGAAGACCGTTT-1_2_2"
"1247","CTTCCGACAAGGCGTA-1_2_2"
"1248","CTTCCGACACGCTGAC-1_2_2"
"1249","CTTCCGAGTGTCATGT-1_2_2"
"1250","CTTCCTTAGGGATCGT-1_2_2"
"1251","CTTCCTTGTAGCTGTT-1_2_2"
"1252","CTTCCTTTCAAGCCGC-1_2_2"
"1253","CTTCGGTAGGTAAAGG-1_2_2"
"1254","CTTCGGTTCAAATAGG-1_2_2"
"1255","CTTCGGTTCAGCCCAG-1_2_2"
"1256","CTTCGGTTCCACGTCT-1_2_2"
"1257","CTTCTAAAGACACACG-1_2_2"
"1258","CTTCTAAAGCTAAGTA-1_2_2"
"1259","CTTCTCTTCAACACCA-1_2_2"
"1260","CTTCTCTTCTACTATC-1_2_2"
"1261","CTTGAGAAGATTGGGC-1_2_2"
"1262","CTTGAGACAATTGAGA-1_2_2"
"1263","CTTGAGACATCGAGCC-1_2_2"
"1264","CTTGAGAGTCAAAGCG-1_2_2"
"1265","CTTGAGAGTGCAATAA-1_2_2"
"1266","CTTGATTAGATGAACT-1_2_2"
"1267","CTTGATTAGCGACCCT-1_2_2"
"1268","CTTGATTCACCCTATC-1_2_2"
"1269","CTTTCAACAAGCTGTT-1_2_2"
"1270","CTTTCAAGTCTACATG-1_2_2"
"1271","CTTTCGGGTCGGTAAG-1_2_2"
"1272","GAAACCTAGTGATGGC-1_2_2"
"1273","GAAACCTCAGCTGTGC-1_2_2"
"1274","GAAACCTCATGAGTAA-1_2_2"
"1275","GAAACCTGTCAGCGTC-1_2_2"
"1276","GAAACCTGTCCATCTC-1_2_2"
"1277","GAAACCTTCTGCTGAA-1_2_2"
"1278","GAAATGACAAGAGTTA-1_2_2"
"1279","GAAATGACATCACAGT-1_2_2"
"1280","GAAATGAGTAACGTTC-1_2_2"
"1281","GAAATGAGTGCGTTTA-1_2_2"
"1282","GAACACTAGCGATGCA-1_2_2"
"1283","GAACACTAGGTCGAGT-1_2_2"
"1284","GAACACTAGGTTTGAA-1_2_2"
"1285","GAACACTGTATCCTTT-1_2_2"
"1286","GAACGTTAGCACGATG-1_2_2"
"1287","GAACGTTCAACGTTAC-1_2_2"
"1288","GAACGTTCACGTACAT-1_2_2"
"1289","GAACTGTTCACTGGTA-1_2_2"
"1290","GAAGAATAGCAAGTCG-1_2_2"
"1291","GAAGAATTCTGCGGCA-1_2_2"
"1292","GAAGCCCCAACCCTAA-1_2_2"
"1293","GAAGCCCGTAATCAAG-1_2_2"
"1294","GAAGCCCTCATCACTT-1_2_2"
"1295","GAAGCCCTCTATGTGG-1_2_2"
"1296","GAAGCGAGTATTGACC-1_2_2"
"1297","GAAGGACCACTCCGAG-1_2_2"
"1298","GAAGGGTCAAGCGATG-1_2_2"
"1299","GAAGGGTCACTAAACC-1_2_2"
"1300","GAAGTAAAGCACTCTA-1_2_2"
"1301","GAAGTAAAGTTACGAA-1_2_2"
"1302","GAATAGAAGAGCACTG-1_2_2"
"1303","GAATAGAAGCTCCATA-1_2_2"
"1304","GAATAGAGTGAGTTTC-1_2_2"
"1305","GAATCACGTGCATTTG-1_2_2"
"1306","GAATCACTCTCAGGCG-1_2_2"
"1307","GAATCGTCACCGTGCA-1_2_2"
"1308","GAATCGTCACTCCACT-1_2_2"
"1309","GACACGCCACTACACA-1_2_2"
"1310","GACACGCTCACTTATC-1_2_2"
"1311","GACAGCCAGCTTACGT-1_2_2"
"1312","GACAGCCTCATGAGGG-1_2_2"
"1313","GACATCAAGCATTGTC-1_2_2"
"1314","GACATCATCTATACTC-1_2_2"
"1315","GACCAATCAGAGGCTA-1_2_2"
"1316","GACCAATGTACAAAGT-1_2_2"
"1317","GACCAATGTTCCCAAA-1_2_2"
"1318","GACCCAGGTTTAGACC-1_2_2"
"1319","GACCCAGTCGCCGAAC-1_2_2"
"1320","GACCCTTAGATCCCGC-1_2_2"
"1321","GACCCTTAGGTGAGCT-1_2_2"
"1322","GACCCTTGTAATCAAG-1_2_2"
"1323","GACCCTTGTGATACCT-1_2_2"
"1324","GACCCTTTCGCCGAGT-1_2_2"
"1325","GACCGTGAGTATAGAC-1_2_2"
"1326","GACCGTGAGTATTCCG-1_2_2"
"1327","GACCGTGAGTCATTGC-1_2_2"
"1328","GACCGTGTCCATCTAT-1_2_2"
"1329","GACCGTGTCCCAGGAC-1_2_2"
"1330","GACCTTCAGGCTCCCA-1_2_2"
"1331","GACCTTCGTAGCGTCC-1_2_2"
"1332","GACCTTCTCCACGTAA-1_2_2"
"1333","GACCTTCTCCGAGGCT-1_2_2"
"1334","GACGCTGTCTCGAGTA-1_2_2"
"1335","GACGTTACACACCTTC-1_2_2"
"1336","GACTATGTCTAACGGT-1_2_2"
"1337","GACTCAAAGCGATCGA-1_2_2"
"1338","GACTCAAAGGGAGTGG-1_2_2"
"1339","GACTCAAAGTCTGGAG-1_2_2"
"1340","GACTCAATCAAGTCTG-1_2_2"
"1341","GACTCAATCGTCCTCA-1_2_2"
"1342","GACTCTCCACGACGTC-1_2_2"
"1343","GACTCTCTCTCCTGAC-1_2_2"
"1344","GACTGATCAATCGCCG-1_2_2"
"1345","GACTGATCACTCCTTG-1_2_2"
"1346","GACTGATGTGCATGTT-1_2_2"
"1347","GACTGATTCAGAATAG-1_2_2"
"1348","GACTGATTCTCAGTCC-1_2_2"
"1349","GACTTCCAGGTTTGAA-1_2_2"
"1350","GACTTCCCATTGAAAG-1_2_2"
"1351","GACTTCCTCCTCGATC-1_2_2"
"1352","GACTTCCTCTACCTTA-1_2_2"
"1353","GAGAAATAGTTAACGA-1_2_2"
"1354","GAGAAATCAGAGAGGG-1_2_2"
"1355","GAGAAATGTGTGGACA-1_2_2"
"1356","GAGAAATTCTCACCCA-1_2_2"
"1357","GAGACCCGTGATACCT-1_2_2"
"1358","GAGACCCTCTCGTTTA-1_2_2"
"1359","GAGAGGTGTATGAGAT-1_2_2"
"1360","GAGCCTGAGGTAGTAT-1_2_2"
"1361","GAGCCTGGTATGAAGT-1_2_2"
"1362","GAGCCTGTCCGATTAG-1_2_2"
"1363","GAGCCTGTCTGTCTCG-1_2_2"
"1364","GAGCTGCTCGGATAAA-1_2_2"
"1365","GAGGCAACACGTTCGG-1_2_2"
"1366","GAGGCCTAGGTGCAGT-1_2_2"
"1367","GAGGCCTAGTATGATG-1_2_2"
"1368","GAGGCCTTCAATCTTC-1_2_2"
"1369","GAGGGATAGAAGGATG-1_2_2"
"1370","GAGGGATAGTGAGGCT-1_2_2"
"1371","GAGGGATCAACTCGAT-1_2_2"
"1372","GAGGGATCATCATCCC-1_2_2"
"1373","GAGGGTAAGAGGTCGT-1_2_2"
"1374","GAGTCATCAGCCTATA-1_2_2"
"1375","GAGTCATTCGAGCCAC-1_2_2"
"1376","GAGTCTAAGTCCGTCG-1_2_2"
"1377","GAGTCTAAGTGCACAG-1_2_2"
"1378","GAGTCTACAGAGCCCT-1_2_2"
"1379","GAGTCTAGTGGTCTCG-1_2_2"
"1380","GAGTCTATCACTAGCA-1_2_2"
"1381","GAGTGAGAGACCAACG-1_2_2"
"1382","GAGTGAGCAGGATGAC-1_2_2"
"1383","GAGTGAGCATAATCGC-1_2_2"
"1384","GAGTGAGGTGCTTCAA-1_2_2"
"1385","GAGTGAGTCCTCACTG-1_2_2"
"1386","GAGTGAGTCTCATGCC-1_2_2"
"1387","GAGTGTTAGCGATGCA-1_2_2"
"1388","GAGTGTTGTAGACAGC-1_2_2"
"1389","GAGTGTTGTAGTTAGA-1_2_2"
"1390","GAGTGTTTCATTGCGA-1_2_2"
"1391","GAGTTACCAACCCTAA-1_2_2"
"1392","GAGTTACGTATTGCCA-1_2_2"
"1393","GAGTTACGTGCGAACA-1_2_2"
"1394","GAGTTACTCCATCAGA-1_2_2"
"1395","GAGTTGTAGCCTAGGA-1_2_2"
"1396","GAGTTGTAGGGAGGAC-1_2_2"
"1397","GAGTTGTAGGGTAGCT-1_2_2"
"1398","GAGTTGTCAGCGTTGC-1_2_2"
"1399","GAGTTGTGTCCGTACG-1_2_2"
"1400","GAGTTTGCAGCCTACG-1_2_2"
"1401","GAGTTTGGTTGTTGTG-1_2_2"
"1402","GAGTTTGTCAACTGGT-1_2_2"
"1403","GATAGAAAGTGGGAAA-1_2_2"
"1404","GATAGAACAGCTTCGG-1_2_2"
"1405","GATAGAAGTCGTCATA-1_2_2"
"1406","GATAGAATCACACGAT-1_2_2"
"1407","GATAGAATCTGAGCAT-1_2_2"
"1408","GATAGCTAGCGCAATG-1_2_2"
"1409","GATAGCTCAAACACCT-1_2_2"
"1410","GATAGCTCACGTAGTT-1_2_2"
"1411","GATAGCTTCAGAGTTC-1_2_2"
"1412","GATAGCTTCTTAGCTT-1_2_2"
"1413","GATCACACAGGACTAG-1_2_2"
"1414","GATCACACATCAGCTA-1_2_2"
"1415","GATCAGTTCGTCGCTT-1_2_2"
"1416","GATCATGCATGGAACG-1_2_2"
"1417","GATCATGTCCCATTTA-1_2_2"
"1418","GATCCCTAGTGAGCCA-1_2_2"
"1419","GATCCCTAGTGTGTTC-1_2_2"
"1420","GATCCCTTCATGGGAG-1_2_2"
"1421","GATCGTACAAGGTACG-1_2_2"
"1422","GATCGTACAGCAGTTT-1_2_2"
"1423","GATCGTACAGCGTATT-1_2_2"
"1424","GATCGTAGTACGTGAG-1_2_2"
"1425","GATCGTAGTGGAACAC-1_2_2"
"1426","GATCGTATCGGTCAGC-1_2_2"
"1427","GATGACTCATAACGGG-1_2_2"
"1428","GATGACTCATTCATCT-1_2_2"
"1429","GATGACTGTTATGACC-1_2_2"
"1430","GATGACTTCAGGACGA-1_2_2"
"1431","GATGAGGCACAAGCTT-1_2_2"
"1432","GATGAGGTCTCCTGTG-1_2_2"
"1433","GATGAGGTCTCTATGT-1_2_2"
"1434","GATGATCGTAGCGATG-1_2_2"
"1435","GATGATCTCGGTCGAC-1_2_2"
"1436","GATGCTAAGCCTATCA-1_2_2"
"1437","GATGCTAGTACCTATG-1_2_2"
"1438","GATGCTAGTATCCTCC-1_2_2"
"1439","GATGGAGAGAGGTTTA-1_2_2"
"1440","GATGGAGAGATTAGAC-1_2_2"
"1441","GATGGAGTCCGATCTC-1_2_2"
"1442","GATGTTGCAGCAATTC-1_2_2"
"1443","GATGTTGGTATTGACC-1_2_2"
"1444","GATTCGAAGGCCATAG-1_2_2"
"1445","GATTCGAGTCTGCCTT-1_2_2"
"1446","GATTCTTAGGCTCACC-1_2_2"
"1447","GATTCTTCAAGTGGAC-1_2_2"
"1448","GATTCTTGTCTGTTAG-1_2_2"
"1449","GATTTCTAGAGGCTGT-1_2_2"
"1450","GATTTCTAGATACATG-1_2_2"
"1451","GATTTCTCACCTCGTT-1_2_2"
"1452","GCAACATCACTTCTCG-1_2_2"
"1453","GCAACATGTCCGGATC-1_2_2"
"1454","GCAACCGCACTGCGAC-1_2_2"
"1455","GCAACCGGTTCAAGGG-1_2_2"
"1456","GCACATAAGGGTAGCT-1_2_2"
"1457","GCACATACAGGCGATA-1_2_2"
"1458","GCACATATCACACCCT-1_2_2"
"1459","GCACGGTAGCACCGAA-1_2_2"
"1460","GCACGGTAGTCTGGAG-1_2_2"
"1461","GCACGGTCAACTGTGT-1_2_2"
"1462","GCACGTGCAACAGCTT-1_2_2"
"1463","GCACGTGCATTGGGAG-1_2_2"
"1464","GCACTAACACGACGCT-1_2_2"
"1465","GCACTAACAGACCCGT-1_2_2"
"1466","GCACTAAGTCATAGTC-1_2_2"
"1467","GCACTAAGTCGCAACC-1_2_2"
"1468","GCAGCCACAAATGAGT-1_2_2"
"1469","GCAGCCAGTATAGCTC-1_2_2"
"1470","GCAGCTGGTTACCCTC-1_2_2"
"1471","GCAGCTGTCTACGCGG-1_2_2"
"1472","GCAGGCTCAGATTCGT-1_2_2"
"1473","GCAGTTAGTGCGGATA-1_2_2"
"1474","GCAGTTAGTTCAAGTC-1_2_2"
"1475","GCATCGGAGACGGTTG-1_2_2"
"1476","GCATCGGAGGTAAACT-1_2_2"
"1477","GCATCGGCAAATTAGG-1_2_2"
"1478","GCATCGGGTTACAGCT-1_2_2"
"1479","GCATCTCCACTGCGTG-1_2_2"
"1480","GCATCTCCAGGTCTCG-1_2_2"
"1481","GCATGATGTAGAAACT-1_2_2"
"1482","GCATTAGAGTCCCGGT-1_2_2"
"1483","GCATTAGCATGCCGCA-1_2_2"
"1484","GCATTAGGTAGCTGTT-1_2_2"
"1485","GCCAACGAGTGATGGC-1_2_2"
"1486","GCCAACGCACAACCGC-1_2_2"
"1487","GCCAACGGTAGTGCGA-1_2_2"
"1488","GCCAACGGTTAGGACG-1_2_2"
"1489","GCCAGCAGTGCCTACG-1_2_2"
"1490","GCCAGCAGTTCATCTT-1_2_2"
"1491","GCCAGCATCTCTGACC-1_2_2"
"1492","GCCAGGTCAAGGCCTC-1_2_2"
"1493","GCCAGGTCACGCCAGT-1_2_2"
"1494","GCCAGGTCACTTCATT-1_2_2"
"1495","GCCAGGTTCACCACAA-1_2_2"
"1496","GCCAGGTTCCGCTAGG-1_2_2"
"1497","GCCAGTGAGAATTGCA-1_2_2"
"1498","GCCAGTGAGGCGAAGG-1_2_2"
"1499","GCCAGTGCAAGACCGA-1_2_2"
"1500","GCCAGTGCACCAGCGT-1_2_2"
"1501","GCCAGTGCAGCTGTTA-1_2_2"
"1502","GCCAGTGGTACCAGAG-1_2_2"
"1503","GCCAGTGGTCAATGGG-1_2_2"
"1504","GCCAGTGTCCTATTTG-1_2_2"
"1505","GCCATTCAGCCGAATG-1_2_2"
"1506","GCCATTCGTGCGTGCT-1_2_2"
"1507","GCCATTCTCAAGCTGT-1_2_2"
"1508","GCCCAGAAGGCTCACC-1_2_2"
"1509","GCCCAGACACATACTG-1_2_2"
"1510","GCCCGAACAAATGCGG-1_2_2"
"1511","GCCCGAAGTGATTAGA-1_2_2"
"1512","GCCGATGAGAGCCCAA-1_2_2"
"1513","GCCGATGTCCTGCTAC-1_2_2"
"1514","GCCGATGTCGAATGCT-1_2_2"
"1515","GCCTGTTTCAGCGCAC-1_2_2"
"1516","GCGAGAAAGAAACACT-1_2_2"
"1517","GCGAGAAAGAGAGGGC-1_2_2"
"1518","GCGAGAAGTCCTTGTC-1_2_2"
"1519","GCGAGAAGTTCCGTTC-1_2_2"
"1520","GCGATCGCAACCAATC-1_2_2"
"1521","GCGATCGCACCAACAT-1_2_2"
"1522","GCGATCGCAGCTGTAT-1_2_2"
"1523","GCGATCGTCCGTCAAA-1_2_2"
"1524","GCGGAAAAGCTCTGTA-1_2_2"
"1525","GCGGAAACACGACAAG-1_2_2"
"1526","GCGGAAATCCGCAGTG-1_2_2"
"1527","GCGGATCAGTGATAAC-1_2_2"
"1528","GCGGATCGTGAAGCTG-1_2_2"
"1529","GCGGATCTCTTGGAAC-1_2_2"
"1530","GCGTTTCAGGGCCTCT-1_2_2"
"1531","GCGTTTCCATTAAGCC-1_2_2"
"1532","GCGTTTCGTACCTATG-1_2_2"
"1533","GCGTTTCTCCTTCTTC-1_2_2"
"1534","GCGTTTCTCGCCCAGA-1_2_2"
"1535","GCTACAAAGCCTCACG-1_2_2"
"1536","GCTACAAAGCTGAGCA-1_2_2"
"1537","GCTACAAAGGCCTAGA-1_2_2"
"1538","GCTACAAGTGAATTGA-1_2_2"
"1539","GCTACAAGTTCATCTT-1_2_2"
"1540","GCTACCTAGACATACA-1_2_2"
"1541","GCTACCTAGCGACTGA-1_2_2"
"1542","GCTACCTAGCTCTATG-1_2_2"
"1543","GCTACCTAGTGAGTGC-1_2_2"
"1544","GCTACCTTCACGAGGA-1_2_2"
"1545","GCTACCTTCATAGACC-1_2_2"
"1546","GCTCAAAAGATTCGCT-1_2_2"
"1547","GCTCAAAAGGCGAAGG-1_2_2"
"1548","GCTCAAACACAATCTG-1_2_2"
"1549","GCTCAAACAGTAGTGG-1_2_2"
"1550","GCTCAAATCTCTGAGA-1_2_2"
"1551","GCTCAAATCTTGCAAG-1_2_2"
"1552","GCTGAATAGCCATGCC-1_2_2"
"1553","GCTGAATAGGGCAAGG-1_2_2"
"1554","GCTGAATAGTGTACCT-1_2_2"
"1555","GCTGAATTCGACCTAA-1_2_2"
"1556","GCTGCAGAGTAGGTTA-1_2_2"
"1557","GCTGCAGCATCGATAC-1_2_2"
"1558","GCTGCAGGTGAGCAGT-1_2_2"
"1559","GCTGCAGTCAACTACG-1_2_2"
"1560","GCTGGGTAGGACAGTC-1_2_2"
"1561","GCTGGGTAGTTTCAGC-1_2_2"
"1562","GCTGGGTCAAATGAGT-1_2_2"
"1563","GCTGGGTGTGTTGACT-1_2_2"
"1564","GCTTCACAGACGCATG-1_2_2"
"1565","GCTTCACAGGTTCATC-1_2_2"
"1566","GCTTGGGAGACCGTTT-1_2_2"
"1567","GCTTGGGGTACGAGCA-1_2_2"
"1568","GGAACCCAGTAGGCCA-1_2_2"
"1569","GGAACCCCAAGAGCTG-1_2_2"
"1570","GGAATGGTCCATCACC-1_2_2"
"1571","GGAATGGTCTATCCAT-1_2_2"
"1572","GGACGTCAGACGGTTG-1_2_2"
"1573","GGACGTCCACGGTGCT-1_2_2"
"1574","GGACGTCCATAACCCA-1_2_2"
"1575","GGACGTCGTACTCGTA-1_2_2"
"1576","GGACGTCTCTACAGGT-1_2_2"
"1577","GGAGATGAGGTACAGC-1_2_2"
"1578","GGAGATGCAAGGACAC-1_2_2"
"1579","GGAGATGCACGCGCTA-1_2_2"
"1580","GGAGATGCACTCATAG-1_2_2"
"1581","GGAGATGCATATCGGT-1_2_2"
"1582","GGAGATGGTATCTCGA-1_2_2"
"1583","GGAGATGGTGAATGTA-1_2_2"
"1584","GGAGATGTCTATGTGG-1_2_2"
"1585","GGAGCAACACATACTG-1_2_2"
"1586","GGAGCAAGTGACTATC-1_2_2"
"1587","GGAGCAAGTTATGTGC-1_2_2"
"1588","GGAGCAATCATTGTTC-1_2_2"
"1589","GGAGGATCAAATCGTC-1_2_2"
"1590","GGAGGATGTCATCCCT-1_2_2"
"1591","GGAGGATGTTTACTGG-1_2_2"
"1592","GGAGGATTCCCATAAG-1_2_2"
"1593","GGAGGATTCGTAGGGA-1_2_2"
"1594","GGAGGTATCTACGCGG-1_2_2"
"1595","GGATCTACAAGCTGCC-1_2_2"
"1596","GGATGTTGTTGACGGA-1_2_2"
"1597","GGCAGTCCACCTCGTT-1_2_2"
"1598","GGCAGTCGTCCGGCAT-1_2_2"
"1599","GGCAGTCTCGTCCATC-1_2_2"
"1600","GGCGTCAAGCCTCAGC-1_2_2"
"1601","GGCGTCAGTAACTTCG-1_2_2"
"1602","GGCGTCAGTTAGCTAC-1_2_2"
"1603","GGCGTCATCGTCACCT-1_2_2"
"1604","GGCTGTGAGACGAGCT-1_2_2"
"1605","GGCTGTGCAGAATGTA-1_2_2"
"1606","GGCTGTGGTCTAACGT-1_2_2"
"1607","GGCTGTGGTTCAAACC-1_2_2"
"1608","GGCTGTGTCATAAGGA-1_2_2"
"1609","GGCTTGGAGCCTTTCC-1_2_2"
"1610","GGCTTGGAGGGTTTCT-1_2_2"
"1611","GGCTTGGGTTGGTGTT-1_2_2"
"1612","GGCTTGGTCAATCCAG-1_2_2"
"1613","GGCTTGGTCCCTCTTT-1_2_2"
"1614","GGCTTGGTCGCTTGCT-1_2_2"
"1615","GGCTTTCGTAGCGTAG-1_2_2"
"1616","GGCTTTCGTCACCGCA-1_2_2"
"1617","GGCTTTCTCTGGGAGA-1_2_2"
"1618","GGGAAGTAGCACCAGA-1_2_2"
"1619","GGGAAGTAGGCGAAGG-1_2_2"
"1620","GGGAAGTCATTCACAG-1_2_2"
"1621","GGGAAGTTCTAACGCA-1_2_2"
"1622","GGGACAAAGCATGGGT-1_2_2"
"1623","GGGACAAAGGTGCGAT-1_2_2"
"1624","GGGACAAGTAGAATAC-1_2_2"
"1625","GGGACAAGTGAAAGTT-1_2_2"
"1626","GGGACAATCATCAGTG-1_2_2"
"1627","GGGACAATCCGCATAA-1_2_2"
"1628","GGGACTCCAACTCCCT-1_2_2"
"1629","GGGAGTACAACAACAA-1_2_2"
"1630","GGGAGTAGTCACCCTT-1_2_2"
"1631","GGGAGTATCGATGGAG-1_2_2"
"1632","GGGATCCCACCCAAGC-1_2_2"
"1633","GGGATCCTCTTAGCAG-1_2_2"
"1634","GGGATGACACGTTGGC-1_2_2"
"1635","GGGATGACACTTGTCC-1_2_2"
"1636","GGGATGAGTGCTCTTC-1_2_2"
"1637","GGGATGATCGTCCTCA-1_2_2"
"1638","GGGCCATAGGCATGGT-1_2_2"
"1639","GGGCCATCAACACAAA-1_2_2"
"1640","GGGCCATCACTCAGAT-1_2_2"
"1641","GGGCTCATCCACCCTA-1_2_2"
"1642","GGGCTCATCTAGGCAT-1_2_2"
"1643","GGGTAGAAGGCTGTAG-1_2_2"
"1644","GGGTAGACAATCTAGC-1_2_2"
"1645","GGGTAGATCCGATAGT-1_2_2"
"1646","GGGTATTCAGGTCAAG-1_2_2"
"1647","GGGTCACGTCGGATTT-1_2_2"
"1648","GGGTCTGAGATCGCTT-1_2_2"
"1649","GGGTCTGGTAAGCTCT-1_2_2"
"1650","GGGTCTGGTTTACACG-1_2_2"
"1651","GGGTGAACAAATGGCG-1_2_2"
"1652","GGGTGAACAATCAAGA-1_2_2"
"1653","GGGTGAAGTCATCCGG-1_2_2"
"1654","GGGTTATAGCACGGAT-1_2_2"
"1655","GGGTTATAGTAGCATA-1_2_2"
"1656","GGGTTATGTCATCCGG-1_2_2"
"1657","GGGTTATGTTGGGATG-1_2_2"
"1658","GGGTTTAGTGTAAATG-1_2_2"
"1659","GGGTTTATCTCGTGGG-1_2_2"
"1660","GGTAACTAGGGCCTCT-1_2_2"
"1661","GGTAACTGTAATGATG-1_2_2"
"1662","GGTAACTTCTCAGTCC-1_2_2"
"1663","GGTAGAGAGACGGTCA-1_2_2"
"1664","GGTCACGAGGAATCGC-1_2_2"
"1665","GGTCACGCAGAACTAA-1_2_2"
"1666","GGTCACGCATTCTCTA-1_2_2"
"1667","GGTCTGGAGATCGCTT-1_2_2"
"1668","GGTCTGGTCATTGCTT-1_2_2"
"1669","GGTCTGGTCCGGACTG-1_2_2"
"1670","GGTGAAGCACTGAGGA-1_2_2"
"1671","GGTGAAGGTTGCCATA-1_2_2"
"1672","GGTGATTGTCCCTCAT-1_2_2"
"1673","GGTGGCTGTGCAGTGA-1_2_2"
"1674","GGTGGCTTCCAGTGCG-1_2_2"
"1675","GGTGTCGCACCCTAAA-1_2_2"
"1676","GGTGTCGTCGAACTCA-1_2_2"
"1677","GGTGTTAAGGAACATT-1_2_2"
"1678","GGTGTTAGTCTGCGCA-1_2_2"
"1679","GGTTAACAGACCTTTG-1_2_2"
"1680","GGTTAACCAGACGATG-1_2_2"
"1681","GGTTAACTCAACACCA-1_2_2"
"1682","GGTTAACTCTCTCTAA-1_2_2"
"1683","GGTTAACTCTGTAAGC-1_2_2"
"1684","GGTTCTCCACAGCCAC-1_2_2"
"1685","GGTTCTCTCGTAGAGG-1_2_2"
"1686","GGTTGTACAACGGGTA-1_2_2"
"1687","GGTTGTACAATCTAGC-1_2_2"
"1688","GTAACACGTGTCGATT-1_2_2"
"1689","GTAACCACACGTAACT-1_2_2"
"1690","GTAACCACACTTCAAG-1_2_2"
"1691","GTAAGTCCATCCGGTG-1_2_2"
"1692","GTAATCGAGCACTAGG-1_2_2"
"1693","GTAATCGAGCCAACCC-1_2_2"
"1694","GTAATCGAGCCTAACT-1_2_2"
"1695","GTAATCGGTCCTTGTC-1_2_2"
"1696","GTAATCGTCACTGAAC-1_2_2"
"1697","GTAATCGTCCAATGCA-1_2_2"
"1698","GTAATGCAGCAGGCAT-1_2_2"
"1699","GTAATGCAGTAGGATT-1_2_2"
"1700","GTAATGCCAAATCAGA-1_2_2"
"1701","GTAATGCCAGACCTAT-1_2_2"
"1702","GTAATGCGTGTGTGTT-1_2_2"
"1703","GTAATGCTCGCGTCGA-1_2_2"
"1704","GTACAACGTAGATCGG-1_2_2"
"1705","GTACAACTCCGATAAC-1_2_2"
"1706","GTACAGTAGTCAGCCC-1_2_2"
"1707","GTACAGTGTCCATACA-1_2_2"
"1708","GTAGAAACACCGTCTT-1_2_2"
"1709","GTAGAAACACTAGTAC-1_2_2"
"1710","GTAGAAACACTTGAAC-1_2_2"
"1711","GTAGAAACAGCCCACA-1_2_2"
"1712","GTAGAAATCATTCTTG-1_2_2"
"1713","GTAGAGGAGTGGTTGG-1_2_2"
"1714","GTAGAGGCACTAGGCC-1_2_2"
"1715","GTAGATCAGGTAGACC-1_2_2"
"1716","GTAGATCGTGAATTGA-1_2_2"
"1717","GTAGCTACACAGCATT-1_2_2"
"1718","GTAGGTTAGTCAGAGC-1_2_2"
"1719","GTAGTACAGGCTCACC-1_2_2"
"1720","GTAGTACCACGGTGAA-1_2_2"
"1721","GTAGTACGTTATGACC-1_2_2"
"1722","GTATTGGAGTCACTCA-1_2_2"
"1723","GTATTGGGTGATACAA-1_2_2"
"1724","GTATTGGTCACGATAC-1_2_2"
"1725","GTATTGGTCCCTTGTG-1_2_2"
"1726","GTATTTCCACTAGGTT-1_2_2"
"1727","GTATTTCCACTGCGTG-1_2_2"
"1728","GTATTTCCAGAACATA-1_2_2"
"1729","GTATTTCCATTGTAGC-1_2_2"
"1730","GTATTTCTCATGCCAA-1_2_2"
"1731","GTCAAACAGATTCGCT-1_2_2"
"1732","GTCAAACAGTTCACTG-1_2_2"
"1733","GTCAAACGTCTCAAGT-1_2_2"
"1734","GTCAAACGTTTCACAG-1_2_2"
"1735","GTCAAACTCTTCTGGC-1_2_2"
"1736","GTCAAGTCACCAGCCA-1_2_2"
"1737","GTCAAGTGTGCATACT-1_2_2"
"1738","GTCACGGAGATTCGAA-1_2_2"
"1739","GTCACGGGTTTCGTTT-1_2_2"
"1740","GTCACGGTCTAGATCG-1_2_2"
"1741","GTCACTCAGGTTGGTG-1_2_2"
"1742","GTCACTCCAGACGCTC-1_2_2"
"1743","GTCACTCTCACTACTT-1_2_2"
"1744","GTCAGCGCACCCATAA-1_2_2"
"1745","GTCAGCGCACCTGCAG-1_2_2"
"1746","GTCATCCAGGACAAGA-1_2_2"
"1747","GTCATGACAAAGGATT-1_2_2"
"1748","GTCATGACATCAGCTA-1_2_2"
"1749","GTCATGACATCGGTTA-1_2_2"
"1750","GTCATTTAGCACACCC-1_2_2"
"1751","GTCATTTCACCTGTCT-1_2_2"
"1752","GTCATTTCAGTTACCA-1_2_2"
"1753","GTCATTTTCGTAGCCG-1_2_2"
"1754","GTCCCATAGCGCAATG-1_2_2"
"1755","GTCCCATAGCGTGCCT-1_2_2"
"1756","GTCCCATAGGCACTCC-1_2_2"
"1757","GTCCCATGTTAGAGAT-1_2_2"
"1758","GTCCTCAGTCACGCTG-1_2_2"
"1759","GTCCTCAGTCTGTGAT-1_2_2"
"1760","GTCGAATAGACCGCCT-1_2_2"
"1761","GTCGAATGTCAGTCTA-1_2_2"
"1762","GTCGCGACACACCTTC-1_2_2"
"1763","GTCGCGACACGCCAGT-1_2_2"
"1764","GTCGCGACAGAGAATT-1_2_2"
"1765","GTCGCGACATCATCCC-1_2_2"
"1766","GTCGTAACAAACCGGA-1_2_2"
"1767","GTCGTAAGTCCGACGT-1_2_2"
"1768","GTCTACCAGACTCATC-1_2_2"
"1769","GTCTACCCACCGCTGA-1_2_2"
"1770","GTCTACCCAGCACACC-1_2_2"
"1771","GTCTACCCAGTCCGTG-1_2_2"
"1772","GTCTACCGTCGTTCAA-1_2_2"
"1773","GTCTACCTCCATAGAC-1_2_2"
"1774","GTCTACCTCGATTGGT-1_2_2"
"1775","GTCTACCTCTCTGGTC-1_2_2"
"1776","GTCTAGAAGACCTCCG-1_2_2"
"1777","GTCTAGAAGTTTGAGA-1_2_2"
"1778","GTCTAGAGTAGCGATG-1_2_2"
"1779","GTCTAGAGTCAGCTTA-1_2_2"
"1780","GTCTAGATCAAGCCAT-1_2_2"
"1781","GTCTAGATCACCGACG-1_2_2"
"1782","GTCTCACCAATACGAA-1_2_2"
"1783","GTCTCACCATGAGATA-1_2_2"
"1784","GTCTCACGTTGTATGC-1_2_2"
"1785","GTCTGTCCAAACTCTG-1_2_2"
"1786","GTCTGTCCAACTTCTT-1_2_2"
"1787","GTCTGTCTCGCCAACG-1_2_2"
"1788","GTCTGTCTCTCTTGCG-1_2_2"
"1789","GTCTTTAAGACGAGCT-1_2_2"
"1790","GTCTTTACACCAAAGG-1_2_2"
"1791","GTCTTTACACTTCATT-1_2_2"
"1792","GTCTTTAGTGCCTGAC-1_2_2"
"1793","GTGACGCAGGGTTGCA-1_2_2"
"1794","GTGACGCCATCCTAAG-1_2_2"
"1795","GTGACGCCATTGACTG-1_2_2"
"1796","GTGACGCGTGTTATCG-1_2_2"
"1797","GTGACGCTCAGTGATC-1_2_2"
"1798","GTGAGCCGTGATCGTT-1_2_2"
"1799","GTGAGGAAGAATCCCT-1_2_2"
"1800","GTGAGTTAGTAAGGGA-1_2_2"
"1801","GTGAGTTAGTTAACAG-1_2_2"
"1802","GTGAGTTGTACTTCCC-1_2_2"
"1803","GTGAGTTGTCCTTAAG-1_2_2"
"1804","GTGATGTCAGATCCAT-1_2_2"
"1805","GTGATGTGTACCCGAC-1_2_2"
"1806","GTGATGTTCATCAGTG-1_2_2"
"1807","GTGATGTTCGTCAAAC-1_2_2"
"1808","GTGCACGCACAGTCCG-1_2_2"
"1809","GTGCACGCATAAGCGG-1_2_2"
"1810","GTGCACGGTTCCCAAA-1_2_2"
"1811","GTGCGTGGTTCGATTG-1_2_2"
"1812","GTGCTGGCACTCCCTA-1_2_2"
"1813","GTGCTTCAGTCCCGGT-1_2_2"
"1814","GTGGAAGAGTATTAGG-1_2_2"
"1815","GTGGAAGCATTATGCG-1_2_2"
"1816","GTGGAGAGTTCGCGTG-1_2_2"
"1817","GTGGCGTCACGCACCA-1_2_2"
"1818","GTGGCGTCAGAGGGTT-1_2_2"
"1819","GTGGCGTCAGTTAGAA-1_2_2"
"1820","GTGGGAACAATTGCGT-1_2_2"
"1821","GTGGGAATCGTGCGAC-1_2_2"
"1822","GTGGTTACAGTTACCA-1_2_2"
"1823","GTGGTTACATTGACAC-1_2_2"
"1824","GTGGTTAGTTATAGCC-1_2_2"
"1825","GTGGTTATCATTGCGA-1_2_2"
"1826","GTGGTTATCTTCGGAA-1_2_2"
"1827","GTGTAACAGACATGCG-1_2_2"
"1828","GTGTAACGTAGAAACT-1_2_2"
"1829","GTGTCCTAGCGATGAC-1_2_2"
"1830","GTGTCCTCAGGCTATT-1_2_2"
"1831","GTGTGATAGGCGCTTC-1_2_2"
"1832","GTGTGATCAGGTGTTT-1_2_2"
"1833","GTGTGATGTACCACGC-1_2_2"
"1834","GTGTGGCAGGAGTCTG-1_2_2"
"1835","GTGTGGCCAACGATCT-1_2_2"
"1836","GTGTGGCCAAGCTGCC-1_2_2"
"1837","GTGTGGCCATCTCGTC-1_2_2"
"1838","GTGTGGCTCAATCCAG-1_2_2"
"1839","GTGTGGCTCATTCCTA-1_2_2"
"1840","GTGTGGCTCTGCACCT-1_2_2"
"1841","GTTACAGCAAAGCACG-1_2_2"
"1842","GTTACAGCAGTCTCTC-1_2_2"
"1843","GTTACAGTCGTAGGAG-1_2_2"
"1844","GTTACAGTCTAGTACG-1_2_2"
"1845","GTTACCCAGAGGTCGT-1_2_2"
"1846","GTTACCCGTTAGCTAC-1_2_2"
"1847","GTTACCCTCGTAGCTA-1_2_2"
"1848","GTTACCCTCTGACGCG-1_2_2"
"1849","GTTACGACACAACATC-1_2_2"
"1850","GTTAGACAGATGAAGG-1_2_2"
"1851","GTTAGACAGCAGGCTA-1_2_2"
"1852","GTTAGACGTCGTGGTC-1_2_2"
"1853","GTTAGACTCCTAGCTC-1_2_2"
"1854","GTTAGTGAGCGCCGTT-1_2_2"
"1855","GTTAGTGCATCCTAAG-1_2_2"
"1856","GTTCATTCATGAAGGC-1_2_2"
"1857","GTTCATTGTTGACTGT-1_2_2"
"1858","GTTCATTGTTGCTCCT-1_2_2"
"1859","GTTCATTTCCACCCTA-1_2_2"
"1860","GTTCCGTGTCCATCTC-1_2_2"
"1861","GTTCCGTTCGATCCCT-1_2_2"
"1862","GTTCGCTTCCGCGATG-1_2_2"
"1863","GTTCTATTCGCCATAA-1_2_2"
"1864","GTTGAACCAATTCTCT-1_2_2"
"1865","GTTGAACCATAATGCC-1_2_2"
"1866","GTTGAACGTAGCGAGT-1_2_2"
"1867","GTTGAACTCCGCACTT-1_2_2"
"1868","GTTGCGGAGTCACTCA-1_2_2"
"1869","GTTGCGGCATGGATCT-1_2_2"
"1870","GTTGCGGGTGGCTGCT-1_2_2"
"1871","GTTGCGGTCACCGCTT-1_2_2"
"1872","GTTGCTCGTAGAATGT-1_2_2"
"1873","GTTGTAGAGCATCTTG-1_2_2"
"1874","GTTGTAGCACCGTGCA-1_2_2"
"1875","GTTGTCCAGAAGAGCA-1_2_2"
"1876","GTTGTCCAGGAGTATT-1_2_2"
"1877","GTTGTCCTCCTTTGAT-1_2_2"
"1878","GTTGTGAAGGGTAGCT-1_2_2"
"1879","GTTGTGAGTAGACACG-1_2_2"
"1880","GTTTACTCAAGATGTA-1_2_2"
"1881","GTTTACTTCCGCAACG-1_2_2"
"1882","TAACACGAGTAAGCAT-1_2_2"
"1883","TAACCAGCAGCAATTC-1_2_2"
"1884","TAACCAGGTGCGTCGT-1_2_2"
"1885","TAACCAGTCCTCTGCA-1_2_2"
"1886","TAACGACCACTGGATT-1_2_2"
"1887","TAACTTCAGCCGATAG-1_2_2"
"1888","TAACTTCCAAGACGAC-1_2_2"
"1889","TAACTTCGTCTTGTCC-1_2_2"
"1890","TAACTTCGTGCAATAA-1_2_2"
"1891","TAAGCACAGCTGACAG-1_2_2"
"1892","TAAGCACAGGAAGTGA-1_2_2"
"1893","TAAGCACCACGACTAT-1_2_2"
"1894","TAAGCACGTGACCGTC-1_2_2"
"1895","TAAGCACTCTGCTTAT-1_2_2"
"1896","TAAGCCAAGAAACCAT-1_2_2"
"1897","TAAGCCAGTGGCAGAT-1_2_2"
"1898","TAAGCCATCGCTCCTA-1_2_2"
"1899","TAAGCGTAGGAAACGA-1_2_2"
"1900","TAAGCGTGTATAATGG-1_2_2"
"1901","TAAGTCGAGCCAAGTG-1_2_2"
"1902","TAAGTCGCACTAACGT-1_2_2"
"1903","TAAGTCGCATCCGATA-1_2_2"
"1904","TAAGTCGGTGCGGCTT-1_2_2"
"1905","TAAGTCGTCGAGGCAA-1_2_2"
"1906","TAATCTCCACAAAGTA-1_2_2"
"1907","TAATCTCTCCCAAGTA-1_2_2"
"1908","TAATCTCTCGTCCTTG-1_2_2"
"1909","TAATCTCTCTTGGCTC-1_2_2"
"1910","TAATTCCAGACATCCT-1_2_2"
"1911","TAATTCCAGGATCATA-1_2_2"
"1912","TAATTCCCAAATGCTC-1_2_2"
"1913","TAATTCCCATCATTTC-1_2_2"
"1914","TAATTCCTCTCGTGGG-1_2_2"
"1915","TACAACGCACTCACTC-1_2_2"
"1916","TACAACGCAGTGCGCT-1_2_2"
"1917","TACAACGTCGTCAACA-1_2_2"
"1918","TACACCCGTTGATGTC-1_2_2"
"1919","TACACCCTCGAAGGAC-1_2_2"
"1920","TACAGGTCAAATGCTC-1_2_2"
"1921","TACAGGTCAACACGTT-1_2_2"
"1922","TACAGGTTCTCCAATT-1_2_2"
"1923","TACATTCAGTAACGAT-1_2_2"
"1924","TACATTCCAATTCGTG-1_2_2"
"1925","TACATTCTCTGGCCGA-1_2_2"
"1926","TACCCACAGGTTGCCC-1_2_2"
"1927","TACCCACCAACACGTT-1_2_2"
"1928","TACCCACCATCGATAC-1_2_2"
"1929","TACCCGTCACCTTCGT-1_2_2"
"1930","TACCGAAAGGGATCTG-1_2_2"
"1931","TACCGAACAACACGAG-1_2_2"
"1932","TACCGAACACAGCGCT-1_2_2"
"1933","TACCGAACACCCTTGT-1_2_2"
"1934","TACCGGGCAAATGATG-1_2_2"
"1935","TACCGGGCATTCCTAT-1_2_2"
"1936","TACCGGGGTCTGTCAA-1_2_2"
"1937","TACCTCGGTACGAGTG-1_2_2"
"1938","TACCTCGTCTTCGCTG-1_2_2"
"1939","TACCTGCCACTGTGTA-1_2_2"
"1940","TACCTGCGTAGAATGT-1_2_2"
"1941","TACCTGCTCAAACTGC-1_2_2"
"1942","TACCTGCTCGGTCAGC-1_2_2"
"1943","TACGCTCCATAATGCC-1_2_2"
"1944","TACGCTCCATCGCTGG-1_2_2"
"1945","TACGCTCTCGAGAATA-1_2_2"
"1946","TACGGGCCAATACAGA-1_2_2"
"1947","TACGGGCCATCGCTCT-1_2_2"
"1948","TACGGGCTCTCCGTGT-1_2_2"
"1949","TACGGTACACCAGCCA-1_2_2"
"1950","TACGGTATCCTAAGTG-1_2_2"
"1951","TACGTCCGTCCGGACT-1_2_2"
"1952","TACGTCCTCGCATTAG-1_2_2"
"1953","TACTGCCCAATTCACG-1_2_2"
"1954","TACTTACCACGCAAAG-1_2_2"
"1955","TACTTACGTCTACAGT-1_2_2"
"1956","TACTTACTCCTTGAAG-1_2_2"
"1957","TACTTCAAGCCACTCG-1_2_2"
"1958","TACTTGTAGCACTAAA-1_2_2"
"1959","TACTTGTAGCCGTTAT-1_2_2"
"1960","TACTTGTCAATCACGT-1_2_2"
"1961","TACTTGTTCTCTCAAT-1_2_2"
"1962","TAGACCAGTGCCCTTT-1_2_2"
"1963","TAGACCAGTTTACTTC-1_2_2"
"1964","TAGACCATCTCTAGGA-1_2_2"
"1965","TAGACTGCACCTGCGA-1_2_2"
"1966","TAGAGTCGTGGCCCAT-1_2_2"
"1967","TAGAGTCTCGCAATGT-1_2_2"
"1968","TAGATCGAGATGCTAA-1_2_2"
"1969","TAGATCGAGTTTGGCT-1_2_2"
"1970","TAGATCGCACGTACTA-1_2_2"
"1971","TAGATCGCATTCTCTA-1_2_2"
"1972","TAGATCGGTGCGGATA-1_2_2"
"1973","TAGATCGTCAATCTTC-1_2_2"
"1974","TAGCACAGTTTCGTTT-1_2_2"
"1975","TAGGGTTAGTTACTCG-1_2_2"
"1976","TAGGGTTAGTTGGAGC-1_2_2"
"1977","TAGGTACGTCCTGTCT-1_2_2"
"1978","TAGGTACGTTGACTGT-1_2_2"
"1979","TAGGTTGAGGGATGTC-1_2_2"
"1980","TAGGTTGCAGTAGTGG-1_2_2"
"1981","TAGTGCACAATTGGTC-1_2_2"
"1982","TAGTGCACATACAGCT-1_2_2"
"1983","TAGTGCATCGCCGATG-1_2_2"
"1984","TATACCTGTAGGACTG-1_2_2"
"1985","TATACCTTCCGTCCTA-1_2_2"
"1986","TATACCTTCGCTAATG-1_2_2"
"1987","TATATCCCAGAGGGTT-1_2_2"
"1988","TATATCCCAGGGAATC-1_2_2"
"1989","TATATCCGTGATATAG-1_2_2"
"1990","TATATCCTCGTAACTG-1_2_2"
"1991","TATCAGGGTAGTCTTG-1_2_2"
"1992","TATCAGGGTCCGAAGA-1_2_2"
"1993","TATCAGGGTGACAGGT-1_2_2"
"1994","TATCCTAAGAGTACCG-1_2_2"
"1995","TATCCTACATCCGTGG-1_2_2"
"1996","TATCCTAGTGATACTC-1_2_2"
"1997","TATCGCCAGCGTATGG-1_2_2"
"1998","TATCGCCAGCTAGAAT-1_2_2"
"1999","TATCGCCCACAGCGCT-1_2_2"
"2000","TATCGCCCACCTGATA-1_2_2"
"2001","TATCGCCTCATCTACT-1_2_2"
"2002","TATCGCCTCCCTTGTG-1_2_2"
"2003","TATGTTCAGATGACCG-1_2_2"
"2004","TATGTTCCACACACGC-1_2_2"
"2005","TATTCCAAGAATTGTG-1_2_2"
"2006","TATTCCACAAGTCCCG-1_2_2"
"2007","TATTGCTAGATCCAAA-1_2_2"
"2008","TATTGCTCACATGGTT-1_2_2"
"2009","TATTGCTTCAATCCGA-1_2_2"
"2010","TATTGCTTCCTCTAGC-1_2_2"
"2011","TATTGGGCAGCTTTCC-1_2_2"
"2012","TATTTCGCAGCTGTCG-1_2_2"
"2013","TCAAGACGTAGTCTGT-1_2_2"
"2014","TCAAGACGTTAGAAGT-1_2_2"
"2015","TCAAGACTCATCGCCT-1_2_2"
"2016","TCAAGACTCCGATAAC-1_2_2"
"2017","TCAAGCAAGGTGGCTA-1_2_2"
"2018","TCAAGCACAAATGCGG-1_2_2"
"2019","TCAAGCATCAAGGCTT-1_2_2"
"2020","TCAAGTGTCCGTCCTA-1_2_2"
"2021","TCAAGTGTCTAGGCAT-1_2_2"
"2022","TCAATCTGTAGGTACG-1_2_2"
"2023","TCAATTCGTAGCTGAG-1_2_2"
"2024","TCAATTCTCTAGCCTC-1_2_2"
"2025","TCACAAGTCTACGCGG-1_2_2"
"2026","TCACACCAGAACTTCC-1_2_2"
"2027","TCACACCAGTCGAAGC-1_2_2"
"2028","TCACACCCACCTGATA-1_2_2"
"2029","TCACACCTCACAACCA-1_2_2"
"2030","TCACACCTCAGCCCAG-1_2_2"
"2031","TCACATTCACCTAAAC-1_2_2"
"2032","TCACATTGTCGTAATC-1_2_2"
"2033","TCACATTTCGACGCTG-1_2_2"
"2034","TCACGCTCATCCTATT-1_2_2"
"2035","TCACGCTTCCTGCCAT-1_2_2"
"2036","TCACGGGCACCTATCC-1_2_2"
"2037","TCACGGGCACGTATAC-1_2_2"
"2038","TCACTATCACTCGATA-1_2_2"
"2039","TCACTCGGTCGTAATC-1_2_2"
"2040","TCACTCGTCCTACGAA-1_2_2"
"2041","TCACTCGTCGGTTCAA-1_2_2"
"2042","TCAGCAAAGTGAGTTA-1_2_2"
"2043","TCAGCCTAGAGGTTTA-1_2_2"
"2044","TCAGCCTAGCTCCCTT-1_2_2"
"2045","TCAGCCTCAGCCCACA-1_2_2"
"2046","TCAGCCTCATAGTCAC-1_2_2"
"2047","TCAGCCTTCGACCACG-1_2_2"
"2048","TCAGCCTTCTCCAAGA-1_2_2"
"2049","TCAGCCTTCTGCTTTA-1_2_2"
"2050","TCAGGTACAAATGGAT-1_2_2"
"2051","TCAGGTAGTCCAGAAG-1_2_2"
"2052","TCAGTCCCAGATTAAG-1_2_2"
"2053","TCAGTCCGTAGATGTA-1_2_2"
"2054","TCAGTCCTCAAGGACG-1_2_2"
"2055","TCAGTGATCAGAGCGA-1_2_2"
"2056","TCAGTTTAGAGGCGTT-1_2_2"
"2057","TCAGTTTAGCAATAGT-1_2_2"
"2058","TCAGTTTAGTAGGAAG-1_2_2"
"2059","TCAGTTTCAGTATGAA-1_2_2"
"2060","TCAGTTTGTAGGACCA-1_2_2"
"2061","TCAGTTTTCACAATGC-1_2_2"
"2062","TCAGTTTTCCATCACC-1_2_2"
"2063","TCATATCAGCCAAGTG-1_2_2"
"2064","TCATATCCAACCGATT-1_2_2"
"2065","TCATATCCAGATACCT-1_2_2"
"2066","TCATATCCATGGGATG-1_2_2"
"2067","TCATATCGTTGGAGAC-1_2_2"
"2068","TCATATCGTTTGAACC-1_2_2"
"2069","TCATATCTCCGTGCGA-1_2_2"
"2070","TCATCATAGATTGAGT-1_2_2"
"2071","TCATCATTCCATCGTC-1_2_2"
"2072","TCATCCGCAGGACTTT-1_2_2"
"2073","TCATCCGCATACCGTA-1_2_2"
"2074","TCATCCGGTCAGGTGA-1_2_2"
"2075","TCATCCGGTGGCTTAT-1_2_2"
"2076","TCATCCGGTTACCCTC-1_2_2"
"2077","TCATGAGCAGAGGCAT-1_2_2"
"2078","TCATGAGTCGAGAAAT-1_2_2"
"2079","TCATGCCCACGCCAGT-1_2_2"
"2080","TCATGCCGTTGGGAAC-1_2_2"
"2081","TCATGGAGTCAAGGCA-1_2_2"
"2082","TCATGGATCCGTCACT-1_2_2"
"2083","TCATGTTAGCCACAAG-1_2_2"
"2084","TCATGTTAGCGCTTCG-1_2_2"
"2085","TCATGTTGTTGGAGGT-1_2_2"
"2086","TCATGTTTCCGTGCGA-1_2_2"
"2087","TCATGTTTCGCACTCT-1_2_2"
"2088","TCATTACGTTTCGTGA-1_2_2"
"2089","TCATTACTCTATTGTC-1_2_2"
"2090","TCATTCACAACTGGTT-1_2_2"
"2091","TCATTGTCATCGCTAA-1_2_2"
"2092","TCATTGTGTGTTGCCG-1_2_2"
"2093","TCATTGTTCACAGTGT-1_2_2"
"2094","TCATTGTTCGTTCCCA-1_2_2"
"2095","TCATTTGAGGTTCATC-1_2_2"
"2096","TCCACCAGTATGTGTC-1_2_2"
"2097","TCCACCAGTGTGTACT-1_2_2"
"2098","TCCAGAAAGAACTGAT-1_2_2"
"2099","TCCAGAATCATTCCTA-1_2_2"
"2100","TCCATCGAGCGCCATC-1_2_2"
"2101","TCCATCGCACCAGTTA-1_2_2"
"2102","TCCATCGGTTCGGACC-1_2_2"
"2103","TCCATCGTCCTACTGC-1_2_2"
"2104","TCCATCGTCGCTAATG-1_2_2"
"2105","TCCATGCCATTCCTAT-1_2_2"
"2106","TCCATGCTCCGAGCTG-1_2_2"
"2107","TCCCACAAGACGCAGT-1_2_2"
"2108","TCCCACATCAGGGTAG-1_2_2"
"2109","TCCCAGTCAACCAGAG-1_2_2"
"2110","TCCCAGTGTAATTAGG-1_2_2"
"2111","TCCCAGTTCAGACATC-1_2_2"
"2112","TCCCATGAGGTCATTC-1_2_2"
"2113","TCCCATGAGTTAACAG-1_2_2"
"2114","TCCCATGGTAACGCGA-1_2_2"
"2115","TCCCATGGTGGCTACC-1_2_2"
"2116","TCCCATGTCACCTTGC-1_2_2"
"2117","TCCGAAACAAGTGACG-1_2_2"
"2118","TCCGGGAAGCCATATC-1_2_2"
"2119","TCCGGGATCGATCCAA-1_2_2"
"2120","TCCGTGTCAACCAATC-1_2_2"
"2121","TCCGTGTCAGTCGGTC-1_2_2"
"2122","TCCGTGTCATCCCACT-1_2_2"
"2123","TCCGTGTGTACGGTTT-1_2_2"
"2124","TCCTAATAGGTTATAG-1_2_2"
"2125","TCCTAATCATCTATCT-1_2_2"
"2126","TCCTAATGTCGGCTAC-1_2_2"
"2127","TCCTAATTCATGACAC-1_2_2"
"2128","TCCTCCCTCTTCCTAA-1_2_2"
"2129","TCCTCCCTCTTCTTCC-1_2_2"
"2130","TCCTCGACATACCGTA-1_2_2"
"2131","TCCTCGAGTAAGCGGT-1_2_2"
"2132","TCCTCGATCATCACCC-1_2_2"
"2133","TCCTCGATCTGGGAGA-1_2_2"
"2134","TCCTCTTCAAGATGGC-1_2_2"
"2135","TCCTCTTGTCTAACGT-1_2_2"
"2136","TCCTCTTGTTGTCATG-1_2_2"
"2137","TCCTGCAAGACCACGA-1_2_2"
"2138","TCCTGCAAGCGTGAAC-1_2_2"
"2139","TCCTGCAAGGCATGCA-1_2_2"
"2140","TCCTGCACAGTAGAAT-1_2_2"
"2141","TCCTGCATCCACCCTA-1_2_2"
"2142","TCCTTCTCATGTACGT-1_2_2"
"2143","TCCTTTCAGAAACTAC-1_2_2"
"2144","TCCTTTCAGCTGCGAA-1_2_2"
"2145","TCCTTTCTCATTGTTC-1_2_2"
"2146","TCGAACAAGTCACGCC-1_2_2"
"2147","TCGAACACAGGACATG-1_2_2"
"2148","TCGAACATCCGCGGAT-1_2_2"
"2149","TCGAACATCGGCAGTC-1_2_2"
"2150","TCGAAGTAGCTCAGAG-1_2_2"
"2151","TCGAAGTCAACATCGT-1_2_2"
"2152","TCGAAGTCACAGGATG-1_2_2"
"2153","TCGAAGTCATCATGAC-1_2_2"
"2154","TCGAAGTGTACGAGCA-1_2_2"
"2155","TCGACCTCAAATTAGG-1_2_2"
"2156","TCGACCTGTCACTAGT-1_2_2"
"2157","TCGACCTGTTCGTAAC-1_2_2"
"2158","TCGACGGCAAGCACAG-1_2_2"
"2159","TCGACGGCACCTGAAT-1_2_2"
"2160","TCGACGGCACTCTCGT-1_2_2"
"2161","TCGACGGCAGACCAGA-1_2_2"
"2162","TCGACGGTCAGAGTTC-1_2_2"
"2163","TCGATTTCAGGGACTA-1_2_2"
"2164","TCGATTTCATCTGCGG-1_2_2"
"2165","TCGATTTGTCCTTTGC-1_2_2"
"2166","TCGCACTCACGCAGTC-1_2_2"
"2167","TCGCACTGTGTACATC-1_2_2"
"2168","TCGCACTTCAGTGTGT-1_2_2"
"2169","TCGCACTTCCTGGGAC-1_2_2"
"2170","TCGCAGGGTGAGAACC-1_2_2"
"2171","TCGCAGGTCGTCTAAG-1_2_2"
"2172","TCGCTCAAGCAACAGC-1_2_2"
"2173","TCGCTCAAGCCTCTTC-1_2_2"
"2174","TCGCTCAAGGGTGAAA-1_2_2"
"2175","TCGCTCACAAAGCGTG-1_2_2"
"2176","TCGCTCACATTCACAG-1_2_2"
"2177","TCGCTCACATTCAGCA-1_2_2"
"2178","TCGCTTGAGACTCGAG-1_2_2"
"2179","TCGCTTGAGCGACCCT-1_2_2"
"2180","TCGCTTGCATGGGTTT-1_2_2"
"2181","TCGGATAAGAAGGCTC-1_2_2"
"2182","TCGGATAGTCATATGC-1_2_2"
"2183","TCGGATATCCTTCGAC-1_2_2"
"2184","TCGGGACAGAGTCGAC-1_2_2"
"2185","TCGGGACAGGCCCACT-1_2_2"
"2186","TCGGGCAAGTGAGCCA-1_2_2"
"2187","TCGGGTGGTTGCGAAG-1_2_2"
"2188","TCGGTCTGTCGGTACC-1_2_2"
"2189","TCGTAGAAGGACCCAA-1_2_2"
"2190","TCGTAGAGTGCGACAA-1_2_2"
"2191","TCGTAGAGTTATGTCG-1_2_2"
"2192","TCGTAGATCAGCGGAA-1_2_2"
"2193","TCGTAGATCTAGCAAC-1_2_2"
"2194","TCGTAGATCTTAGCTT-1_2_2"
"2195","TCGTCCAAGACATATG-1_2_2"
"2196","TCGTCCACACAAATGA-1_2_2"
"2197","TCGTCCAGTCCGAAAG-1_2_2"
"2198","TCGTGCTCAGACCATT-1_2_2"
"2199","TCGTGCTTCCCAGCGA-1_2_2"
"2200","TCGTGCTTCGATTGAC-1_2_2"
"2201","TCTAACTCACAACGCC-1_2_2"
"2202","TCTAACTGTCCAGCGT-1_2_2"
"2203","TCTAACTGTGCTCTCT-1_2_2"
"2204","TCTAACTTCGAACCAT-1_2_2"
"2205","TCTACATCAGGAATAT-1_2_2"
"2206","TCTACATTCGGACTTA-1_2_2"
"2207","TCTACATTCGGCTATA-1_2_2"
"2208","TCTACCGAGAGGTTTA-1_2_2"
"2209","TCTACCGAGATAGGGA-1_2_2"
"2210","TCTACCGAGTGGTGGT-1_2_2"
"2211","TCTACCGGTAAGATTG-1_2_2"
"2212","TCTATACGTAAGCTCT-1_2_2"
"2213","TCTATACGTCCTTGTC-1_2_2"
"2214","TCTATACTCAGGAAAT-1_2_2"
"2215","TCTATCACAGAGTTGG-1_2_2"
"2216","TCTCACGGTAGGTTTC-1_2_2"
"2217","TCTCAGCAGATCCTAC-1_2_2"
"2218","TCTCAGCAGCGATGCA-1_2_2"
"2219","TCTCAGCGTTCCTACC-1_2_2"
"2220","TCTCAGCTCTAGTACG-1_2_2"
"2221","TCTCCGACACTGTCGG-1_2_2"
"2222","TCTCCGACAGTCACGC-1_2_2"
"2223","TCTCCGAGTATGGTAA-1_2_2"
"2224","TCTCCGAGTCAATGGG-1_2_2"
"2225","TCTCCGATCATTCCTA-1_2_2"
"2226","TCTCTGGAGTGCAACG-1_2_2"
"2227","TCTGCCACAACGACTT-1_2_2"
"2228","TCTGCCATCCTGTAGA-1_2_2"
"2229","TCTGCCATCGCTAGCG-1_2_2"
"2230","TCTGGCTAGGTTAAAC-1_2_2"
"2231","TCTGTCGCAATGTGGG-1_2_2"
"2232","TCTGTCGCACTTCTCG-1_2_2"
"2233","TCTGTCGGTGTCCATA-1_2_2"
"2234","TCTGTCGGTTCCGCTT-1_2_2"
"2235","TCTGTCGTCCAATGCA-1_2_2"
"2236","TCTTAGTAGTGGCAGT-1_2_2"
"2237","TCTTAGTCATTCACAG-1_2_2"
"2238","TCTTAGTGTACTCGCG-1_2_2"
"2239","TCTTAGTGTGATCATC-1_2_2"
"2240","TCTTAGTTCATTGCGA-1_2_2"
"2241","TCTTAGTTCGAGATGG-1_2_2"
"2242","TCTTCCTGTATGGTTC-1_2_2"
"2243","TCTTCCTTCCCTTTGG-1_2_2"
"2244","TCTTCCTTCGGCTGAC-1_2_2"
"2245","TCTTCCTTCTTAAGGC-1_2_2"
"2246","TCTTGCGAGTTAGAAC-1_2_2"
"2247","TCTTTGACACCCTAGG-1_2_2"
"2248","TGAACGTAGGCACCAA-1_2_2"
"2249","TGAACGTAGGCGCTTC-1_2_2"
"2250","TGAACGTTCGATACTG-1_2_2"
"2251","TGAATCGGTTAAGTCC-1_2_2"
"2252","TGAATCGGTTTGATCG-1_2_2"
"2253","TGAATCGTCTCTGACC-1_2_2"
"2254","TGAATGCCAGTTAGGG-1_2_2"
"2255","TGAATGCGTATTGACC-1_2_2"
"2256","TGACAGTCACTTCTCG-1_2_2"
"2257","TGACCCTTCGCATTGA-1_2_2"
"2258","TGACGCGCAAGGTCTT-1_2_2"
"2259","TGACGCGCATATGAAG-1_2_2"
"2260","TGACGCGTCTGTCCCA-1_2_2"
"2261","TGACTCCAGCAGTCTT-1_2_2"
"2262","TGACTCCAGCCAAGGT-1_2_2"
"2263","TGACTCCCAGTAACCT-1_2_2"
"2264","TGACTCCTCAGTGATC-1_2_2"
"2265","TGAGACTTCGAGTACT-1_2_2"
"2266","TGAGCATAGGATAATC-1_2_2"
"2267","TGAGCATAGTCTGCGC-1_2_2"
"2268","TGAGCATCAGTTTCGA-1_2_2"
"2269","TGAGCATGTATGAAGT-1_2_2"
"2270","TGAGCATGTATTCTCT-1_2_2"
"2271","TGAGCGCAGTAAACTG-1_2_2"
"2272","TGAGCGCGTCAGGTGA-1_2_2"
"2273","TGAGCGCTCACGGGCT-1_2_2"
"2274","TGAGGAGAGAGCAGAA-1_2_2"
"2275","TGAGGAGAGCATCAGG-1_2_2"
"2276","TGAGGGATCGTGCATA-1_2_2"
"2277","TGAGGTTGTTATAGCC-1_2_2"
"2278","TGAGGTTTCCGGGACT-1_2_2"
"2279","TGAGGTTTCGGCATAT-1_2_2"
"2280","TGAGTCACATCCCGTT-1_2_2"
"2281","TGATCAGAGACAACTA-1_2_2"
"2282","TGATCAGCAGGAAGTC-1_2_2"
"2283","TGATCTTAGGTAAGGA-1_2_2"
"2284","TGATCTTGTTGAGAGC-1_2_2"
"2285","TGATCTTGTTTCGATG-1_2_2"
"2286","TGATCTTTCGTGGACC-1_2_2"
"2287","TGATGCAAGTTACGTC-1_2_2"
"2288","TGATGGTAGGCTGTAG-1_2_2"
"2289","TGATGGTGTTGCATTG-1_2_2"
"2290","TGATTCTCATAGCACT-1_2_2"
"2291","TGATTCTTCCTACACC-1_2_2"
"2292","TGATTTCAGGATACAT-1_2_2"
"2293","TGATTTCTCGGAGCAA-1_2_2"
"2294","TGCACGGCACATAACC-1_2_2"
"2295","TGCAGATAGGGCTAAC-1_2_2"
"2296","TGCAGATCACGGTCTG-1_2_2"
"2297","TGCAGATCAGATAAAC-1_2_2"
"2298","TGCAGATGTATCGTAC-1_2_2"
"2299","TGCAGATGTGCCTACG-1_2_2"
"2300","TGCAGATGTTTGGCTA-1_2_2"
"2301","TGCAGATTCACTCGAA-1_2_2"
"2302","TGCAGGCCATAAGCGG-1_2_2"
"2303","TGCAGGCCATCGTCCT-1_2_2"
"2304","TGCAGGCGTTAAGACA-1_2_2"
"2305","TGCAGTACAGAACTCT-1_2_2"
"2306","TGCAGTATCCGGTAGC-1_2_2"
"2307","TGCATCCAGGACTTCT-1_2_2"
"2308","TGCATCCAGGCATCAG-1_2_2"
"2309","TGCATCCGTAGGTTTC-1_2_2"
"2310","TGCATCCTCTGCATGA-1_2_2"
"2311","TGCATGACAATAGTGA-1_2_2"
"2312","TGCCGAGGTACGCTTA-1_2_2"
"2313","TGCCGAGGTCAGGCAA-1_2_2"
"2314","TGCGACGAGAACTCCT-1_2_2"
"2315","TGCGACGCAATGACCT-1_2_2"
"2316","TGCGACGCACAACGAG-1_2_2"
"2317","TGCGATAAGACGCCCT-1_2_2"
"2318","TGCGATAAGTAATTGG-1_2_2"
"2319","TGCGATACAATTAGGA-1_2_2"
"2320","TGCGATATCAGAACCT-1_2_2"
"2321","TGCGATATCCCTGGTT-1_2_2"
"2322","TGCGATATCCGTGCGA-1_2_2"
"2323","TGCGATATCCTACTGC-1_2_2"
"2324","TGCGGCAGTCGAATTC-1_2_2"
"2325","TGCGGGTGTCACCACG-1_2_2"
"2326","TGCGGGTGTTGGGACA-1_2_2"
"2327","TGCGGGTTCGGCATTA-1_2_2"
"2328","TGCTCCAAGGTACAAT-1_2_2"
"2329","TGCTCCAGTTTGGGAG-1_2_2"
"2330","TGCTCGTAGCCTCAAT-1_2_2"
"2331","TGCTCGTGTGAGCTCC-1_2_2"
"2332","TGCTGAAAGGAAGTGA-1_2_2"
"2333","TGCTGAAGTCGCATCG-1_2_2"
"2334","TGCTGAAGTGATACCT-1_2_2"
"2335","TGCTTCGCAAGTGGTG-1_2_2"
"2336","TGCTTCGCATATCGGT-1_2_2"
"2337","TGCTTCGGTGATGGCA-1_2_2"
"2338","TGCTTCGGTTACGCCG-1_2_2"
"2339","TGCTTCGTCGGTGCAC-1_2_2"
"2340","TGCTTCGTCTCCTGCA-1_2_2"
"2341","TGCTTGCCAGAGTTCT-1_2_2"
"2342","TGCTTGCCAGTAGTGG-1_2_2"
"2343","TGCTTGCTCCACCTCA-1_2_2"
"2344","TGCTTGCTCGAGCCTG-1_2_2"
"2345","TGGAGAGAGTGCAGCA-1_2_2"
"2346","TGGAGAGCACTATCCC-1_2_2"
"2347","TGGAGAGTCTCTCTAA-1_2_2"
"2348","TGGAGGAAGTCAGAGC-1_2_2"
"2349","TGGATCAAGGCCTGCT-1_2_2"
"2350","TGGATCAAGGTTTGAA-1_2_2"
"2351","TGGATCACAGAATGTA-1_2_2"
"2352","TGGATCATCATTACGG-1_2_2"
"2353","TGGATCATCCCGATCT-1_2_2"
"2354","TGGATCATCTTCCACG-1_2_2"
"2355","TGGATGTTCTATACTC-1_2_2"
"2356","TGGCGTGAGACATCAA-1_2_2"
"2357","TGGCGTGGTCCCTGAG-1_2_2"
"2358","TGGGAAGGTAACGGTG-1_2_2"
"2359","TGGGAAGTCCACGGGT-1_2_2"
"2360","TGGGATTAGTAACCTC-1_2_2"
"2361","TGGGATTCATAATGCC-1_2_2"
"2362","TGGGCGTAGAGTTGCG-1_2_2"
"2363","TGGGCGTAGCTCATAC-1_2_2"
"2364","TGGGCGTAGTCACGCC-1_2_2"
"2365","TGGGCGTGTCGGTAAG-1_2_2"
"2366","TGGGCTGAGAGTACCG-1_2_2"
"2367","TGGGCTGAGCGTGCCT-1_2_2"
"2368","TGGGCTGAGTAATACG-1_2_2"
"2369","TGGGCTGCATCGAACT-1_2_2"
"2370","TGGTACAAGCCAACCC-1_2_2"
"2371","TGGTACAAGTTAGAAC-1_2_2"
"2372","TGGTACACATCGCTCT-1_2_2"
"2373","TGGTACATCATGCCGG-1_2_2"
"2374","TGGTACATCGCCCAGA-1_2_2"
"2375","TGGTAGTAGACTAGAT-1_2_2"
"2376","TGGTAGTAGTACGAGC-1_2_2"
"2377","TGGTAGTCAGCGGATA-1_2_2"
"2378","TGGTAGTCAGGTCTCG-1_2_2"
"2379","TGGTGATAGTAGACCG-1_2_2"
"2380","TGGTGATCACAAGCCC-1_2_2"
"2381","TGGTGATTCGAGAGAC-1_2_2"
"2382","TGGTTAGAGAGTCCGA-1_2_2"
"2383","TGGTTAGGTCGATTTG-1_2_2"
"2384","TGGTTAGTCTGGGCCA-1_2_2"
"2385","TGTAACGAGTCGCTAT-1_2_2"
"2386","TGTAACGCACTAGAGG-1_2_2"
"2387","TGTAAGCTCTGGCCTT-1_2_2"
"2388","TGTACAGCACTACGGC-1_2_2"
"2389","TGTAGACAGACCCTTA-1_2_2"
"2390","TGTAGACCAGTCGTTA-1_2_2"
"2391","TGTCAGAGTAACGATA-1_2_2"
"2392","TGTCAGAGTAATGTGA-1_2_2"
"2393","TGTCAGAGTACCCGCA-1_2_2"
"2394","TGTCCACAGTATAGGT-1_2_2"
"2395","TGTCCACGTCGACGCT-1_2_2"
"2396","TGTCCACGTGGCTGCT-1_2_2"
"2397","TGTCCACTCAACTGGT-1_2_2"
"2398","TGTCCACTCGGTCAGC-1_2_2"
"2399","TGTCCCATCATGCCGG-1_2_2"
"2400","TGTCCTGAGCCTCTGG-1_2_2"
"2401","TGTGAGTAGTGCACTT-1_2_2"
"2402","TGTGAGTAGTGTAGAT-1_2_2"
"2403","TGTGAGTCAGGTTCGC-1_2_2"
"2404","TGTGAGTCATAGAGGC-1_2_2"
"2405","TGTGAGTGTCGTGGTC-1_2_2"
"2406","TGTGAGTGTTGCTGAT-1_2_2"
"2407","TGTGATGAGAAGTGTT-1_2_2"
"2408","TGTGATGTCTAGTGAC-1_2_2"
"2409","TGTGCGGAGCGGTATG-1_2_2"
"2410","TGTGCGGCAGGACTTT-1_2_2"
"2411","TGTGCGGGTACCTATG-1_2_2"
"2412","TGTGCGGGTTCATCTT-1_2_2"
"2413","TGTGCGGTCGGAGCAA-1_2_2"
"2414","TGTGGCGAGGAAGTAG-1_2_2"
"2415","TGTGGCGAGTCTAACC-1_2_2"
"2416","TGTGGCGCAAATTGCC-1_2_2"
"2417","TGTGGCGCACACCTAA-1_2_2"
"2418","TGTGTGAAGGTATTGA-1_2_2"
"2419","TGTGTGACACGCGCAT-1_2_2"
"2420","TGTGTGATCATCGCTC-1_2_2"
"2421","TGTGTGATCGCGCCAA-1_2_2"
"2422","TGTTACTCAGCTACAT-1_2_2"
"2423","TGTTACTGTACCGGAA-1_2_2"
"2424","TGTTACTTCGCTGATA-1_2_2"
"2425","TGTTACTTCGTTCTCG-1_2_2"
"2426","TGTTACTTCTTGTTAC-1_2_2"
"2427","TGTTCATGTCGTGCCA-1_2_2"
"2428","TGTTCATTCATACAGC-1_2_2"
"2429","TGTTCCGCAGCCATTA-1_2_2"
"2430","TGTTCCGGTGTCCGGT-1_2_2"
"2431","TGTTCTATCGCTCATC-1_2_2"
"2432","TGTTGAGAGTCGTCTA-1_2_2"
"2433","TGTTGAGGTGTTCCTC-1_2_2"
"2434","TGTTGAGTCAACACGT-1_2_2"
"2435","TGTTTGTAGCGCCTTG-1_2_2"
"2436","TGTTTGTCAACCCGCA-1_2_2"
"2437","TGTTTGTCATGTCTAG-1_2_2"
"2438","TGTTTGTGTTCGCGTG-1_2_2"
"2439","TGTTTGTTCGCTTACC-1_2_2"
"2440","TTAATCCGTTGGCCGT-1_2_2"
"2441","TTAATCCTCCCATTTA-1_2_2"
"2442","TTACAGGAGGCCTTGC-1_2_2"
"2443","TTACAGGGTCGCGGTT-1_2_2"
"2444","TTACAGGTCTCATTGT-1_2_2"
"2445","TTACCATAGTAAACGT-1_2_2"
"2446","TTACCATTCGTGGAAG-1_2_2"
"2447","TTACGCCCACGGCCAT-1_2_2"
"2448","TTACGCCTCAAGCTGT-1_2_2"
"2449","TTACGTTAGCACCTGC-1_2_2"
"2450","TTACGTTCACACCAGC-1_2_2"
"2451","TTACGTTTCTCGTCAC-1_2_2"
"2452","TTACGTTTCTCGTTTA-1_2_2"
"2453","TTACTGTAGAATTGTG-1_2_2"
"2454","TTACTGTGTTGGACCC-1_2_2"
"2455","TTAGGCAGTGGTTTGT-1_2_2"
"2456","TTAGGCATCGCCGTGA-1_2_2"
"2457","TTAGGCATCTTGGAAC-1_2_2"
"2458","TTAGGGTAGCTAAATG-1_2_2"
"2459","TTAGGGTCACTATGTG-1_2_2"
"2460","TTAGGGTGTATTGACC-1_2_2"
"2461","TTAGTCTCATACTGTG-1_2_2"
"2462","TTAGTCTGTTCGTTCC-1_2_2"
"2463","TTAGTCTTCAAGGTGG-1_2_2"
"2464","TTAGTCTTCTCGCAGG-1_2_2"
"2465","TTATTGCGTCATCCCT-1_2_2"
"2466","TTATTGCGTCCGGCAT-1_2_2"
"2467","TTATTGCGTGAGGATC-1_2_2"
"2468","TTATTGCTCCCGAGGT-1_2_2"
"2469","TTATTGCTCGCATTAG-1_2_2"
"2470","TTATTGCTCGGTCTAA-1_2_2"
"2471","TTATTGCTCGTAGCTA-1_2_2"
"2472","TTCAATCAGACAGCTG-1_2_2"
"2473","TTCAATCGTCGTACAT-1_2_2"
"2474","TTCAATCTCAGGACGA-1_2_2"
"2475","TTCACCGCAAGTCCCG-1_2_2"
"2476","TTCACCGCAGTCAGTT-1_2_2"
"2477","TTCACCGGTGAAGCTG-1_2_2"
"2478","TTCACGCAGAGGCTGT-1_2_2"
"2479","TTCACGCAGGTCACCC-1_2_2"
"2480","TTCACGCTCGTCTAAG-1_2_2"
"2481","TTCAGGAAGATGGCAC-1_2_2"
"2482","TTCAGGAAGGAGATAG-1_2_2"
"2483","TTCAGGAAGTCACGCC-1_2_2"
"2484","TTCAGGACAACTGAAA-1_2_2"
"2485","TTCAGGACACCTTCGT-1_2_2"
"2486","TTCAGGATCGCTCATC-1_2_2"
"2487","TTCATGTGTACAGTCT-1_2_2"
"2488","TTCATGTGTGGCTCTG-1_2_2"
"2489","TTCATGTTCAAAGCCT-1_2_2"
"2490","TTCATTGAGATTGAGT-1_2_2"
"2491","TTCATTGGTCGCTGCA-1_2_2"
"2492","TTCATTGTCAAAGCCT-1_2_2"
"2493","TTCCAATAGGTAGACC-1_2_2"
"2494","TTCCAATAGTGCGCTC-1_2_2"
"2495","TTCCAATCACACCAGC-1_2_2"
"2496","TTCCAATCAGACAATA-1_2_2"
"2497","TTCCACGCATGGAACG-1_2_2"
"2498","TTCCACGGTTAATCGC-1_2_2"
"2499","TTCCGGTTCGCTACAA-1_2_2"
"2500","TTCCGGTTCGGTCACG-1_2_2"
"2501","TTCCGTGCATGGAGAC-1_2_2"
"2502","TTCCTAAAGTATGGAT-1_2_2"
"2503","TTCCTAACATTGAAAG-1_2_2"
"2504","TTCCTAAGTAGCCAGA-1_2_2"
"2505","TTCCTAAGTGTCCATA-1_2_2"
"2506","TTCCTAATCAGCTCTC-1_2_2"
"2507","TTCCTCTAGGTTGTTC-1_2_2"
"2508","TTCCTCTCACTCAAGT-1_2_2"
"2509","TTCCTCTCAGCTGCCA-1_2_2"
"2510","TTCCTCTGTACTTCCC-1_2_2"
"2511","TTCCTCTGTCCGGACT-1_2_2"
"2512","TTCCTCTTCCTGCTAC-1_2_2"
"2513","TTCCTTCAGGATTTAG-1_2_2"
"2514","TTCCTTCCAACCCGCA-1_2_2"
"2515","TTCCTTCTCGACATTG-1_2_2"
"2516","TTCGATTCACCCTTGT-1_2_2"
"2517","TTCGATTCACGTACTA-1_2_2"
"2518","TTCGATTCATCGATAC-1_2_2"
"2519","TTCGCTGAGGACTATA-1_2_2"
"2520","TTCGCTGCACATCATG-1_2_2"
"2521","TTCGGTCAGATACAGT-1_2_2"
"2522","TTCGGTCCAACAACAA-1_2_2"
"2523","TTCGGTCTCGCTGATA-1_2_2"
"2524","TTCTAACAGGCAGGTT-1_2_2"
"2525","TTCTAACCATTCTCCG-1_2_2"
"2526","TTCTAACGTGAGATTA-1_2_2"
"2527","TTCTAACTCGTCAACA-1_2_2"
"2528","TTCTAGTGTATTCCGA-1_2_2"
"2529","TTCTAGTGTTCTCAGA-1_2_2"
"2530","TTCTAGTTCCAATCTT-1_2_2"
"2531","TTCTAGTTCGTGGGTC-1_2_2"
"2532","TTCTCTCAGAGTGTTA-1_2_2"
"2533","TTCTCTCAGCACCTGC-1_2_2"
"2534","TTCTCTCAGGATTACA-1_2_2"
"2535","TTCTCTCGTATGAGGC-1_2_2"
"2536","TTCTCTCTCCTTTGAT-1_2_2"
"2537","TTCTGTAAGCATGTTC-1_2_2"
"2538","TTCTGTACAGGCTCTG-1_2_2"
"2539","TTCTGTATCGAGTGGA-1_2_2"
"2540","TTCTTCCAGATGCGAC-1_2_2"
"2541","TTCTTCCGTAAGGCTG-1_2_2"
"2542","TTCTTCCGTACAAGTA-1_2_2"
"2543","TTCTTCCGTACTCGAT-1_2_2"
"2544","TTCTTCCGTATGAAGT-1_2_2"
"2545","TTCTTGAAGACTAAGT-1_2_2"
"2546","TTCTTGAAGGATATGT-1_2_2"
"2547","TTGAACGAGACTACGG-1_2_2"
"2548","TTGAACGAGCGTGCCT-1_2_2"
"2549","TTGAACGCATTAGGCT-1_2_2"
"2550","TTGACCCAGCAATAAC-1_2_2"
"2551","TTGACCCAGCCTCTGG-1_2_2"
"2552","TTGACCCAGTGCCGAA-1_2_2"
"2553","TTGAGTGTCCTTCACG-1_2_2"
"2554","TTGAGTGTCTGCGAGC-1_2_2"
"2555","TTGATGGAGCGACAGT-1_2_2"
"2556","TTGCATTAGCATGTTC-1_2_2"
"2557","TTGCATTGTCGCACAC-1_2_2"
"2558","TTGCATTTCGATACAC-1_2_2"
"2559","TTGCCTGAGCATGCAG-1_2_2"
"2560","TTGCCTGAGGTTCCAT-1_2_2"
"2561","TTGCCTGGTCGTGGAA-1_2_2"
"2562","TTGCCTGTCTATACGG-1_2_2"
"2563","TTGCGTCCATAATGAG-1_2_2"
"2564","TTGCTGCAGAGTGACC-1_2_2"
"2565","TTGCTGCAGGAACGCT-1_2_2"
"2566","TTGCTGCCATGACGTT-1_2_2"
"2567","TTGGATGAGGGCAACT-1_2_2"
"2568","TTGGGATCAAAGCTAA-1_2_2"
"2569","TTGGGATCAACAAGTA-1_2_2"
"2570","TTGGGATGTGAGTAAT-1_2_2"
"2571","TTGGGATTCTCCAAGA-1_2_2"
"2572","TTGGGCGCACCGCTAG-1_2_2"
"2573","TTGGGTAAGGGTCAAC-1_2_2"
"2574","TTGGGTAAGGTACTGG-1_2_2"
"2575","TTGGGTAGTACCTAAC-1_2_2"
"2576","TTGGGTATCATTTACC-1_2_2"
"2577","TTGGTTTGTCCTCAGG-1_2_2"
"2578","TTGTGGAAGATGGCAC-1_2_2"
"2579","TTGTGGACACCGCTAG-1_2_2"
"2580","TTGTGGACATCTGGGC-1_2_2"
"2581","TTGTGGAGTACGAAAT-1_2_2"
"2582","TTGTGGATCTCGGGAC-1_2_2"
"2583","TTGTGTTCAGATTAAG-1_2_2"
"2584","TTGTGTTGTACGGCAA-1_2_2"
"2585","TTGTGTTTCATCACTT-1_2_2"
"2586","TTGTTCACAGGTGTTT-1_2_2"
"2587","TTGTTTGCAAGTTGGG-1_2_2"
"2588","TTGTTTGGTCTAGATC-1_2_2"
"2589","TTTACCAAGTCTTCGA-1_2_2"
"2590","TTTACGTCAACTGATC-1_2_2"
"2591","TTTACGTGTTGCAAGG-1_2_2"
"2592","TTTACGTTCAAAGAAC-1_2_2"
"2593","TTTACTGCACCGCTGA-1_2_2"
"2594","TTTACTGGTGTCTCCT-1_2_2"
"2595","TTTACTGGTGTGAATA-1_2_2"
"2596","TTTACTGGTTGTGTTG-1_2_2"
"2597","TTTACTGTCTGAGGCC-1_2_2"
"2598","TTTAGTCAGACGATAT-1_2_2"
"2599","TTTAGTCCAACGTAAA-1_2_2"
"2600","TTTAGTCCAAGAGGTC-1_2_2"
"2601","TTTAGTCCATCTCGTC-1_2_2"
"2602","TTTAGTCGTGTCATTG-1_2_2"
"2603","TTTAGTCTCCGTACGG-1_2_2"
"2604","TTTATGCCAACAGCCC-1_2_2"
"2605","TTTATGCGTCAGCGTC-1_2_2"
"2606","TTTATGCTCCCTATTA-1_2_2"
"2607","TTTCACACAAAGCTCT-1_2_2"
"2608","TTTCAGTTCCCTCGAT-1_2_2"
"2609","TTTCATGAGTGGAAAG-1_2_2"
"2610","TTTCATGCACAAATGA-1_2_2"
"2611","TTTCATGCAGAGGACT-1_2_2"
"2612","TTTCATGCATAACAGA-1_2_2"
"2613","TTTCCTCAGCGTTCCG-1_2_2"
"2614","TTTCCTCCAACACAAA-1_2_2"
"2615","TTTCCTCGTACCTGTA-1_2_2"
"2616","TTTCCTCGTTTACGTG-1_2_2"
"2617","TTTCCTCGTTTAGACC-1_2_2"
"2618","TTTCGATGTGCCCAGT-1_2_2"
"2619","TTTCGATGTTGAAGTA-1_2_2"
"2620","TTTCGATTCCGGTTCT-1_2_2"
"2621","TTTGACTGTGTCTTGA-1_2_2"
"2622","TTTGATCCATGTGGTT-1_2_2"
"2623","TTTGATCTCGACGACC-1_2_2"
"2624","TTTGGAGAGCGATTCT-1_2_2"
"2625","TTTGGTTGTACCAATC-1_2_2"
"2626","TTTGTTGAGATGGTAT-1_2_2"
"2627","TTTGTTGCAATGGCCC-1_2_2"
"2628","TTTGTTGCAATTGCAC-1_2_2"
"2629","TTTGTTGCATAATGCC-1_2_2"
"2630","TTTGTTGGTTGGTACT-1_2_2"
