"","x"
"1","AAACCCACAGAGTTCT-1_4_2"
"2","AAACCCATCACAGTGT-1_4_2"
"3","AAACGCTAGCCATTCA-1_4_2"
"4","AAACGCTCATGGGATG-1_4_2"
"5","AAACGCTTCGGTCGAC-1_4_2"
"6","AAAGAACCAACCGCCA-1_4_2"
"7","AAAGAACCACTAGGTT-1_4_2"
"8","AAAGAACCACTTGGGC-1_4_2"
"9","AAAGGTAGTGATTGGG-1_4_2"
"10","AAAGTCCCAGCCTTCT-1_4_2"
"11","AAAGTGACACGGTCTG-1_4_2"
"12","AAAGTGACAGGTCCCA-1_4_2"
"13","AAAGTGAGTTTGCCGG-1_4_2"
"14","AAAGTGATCCATCTCG-1_4_2"
"15","AAATGGAAGCTGTGCC-1_4_2"
"16","AAATGGAAGGGCAAGG-1_4_2"
"17","AAATGGAAGTGCTACT-1_4_2"
"18","AAATGGACAAGGGCAT-1_4_2"
"19","AAATGGACAAGTAGTA-1_4_2"
"20","AAATGGACAATCTCTT-1_4_2"
"21","AAATGGACAGATCACT-1_4_2"
"22","AAATGGAGTCTAATCG-1_4_2"
"23","AAATGGATCCGAAGGA-1_4_2"
"24","AACAAAGCAACACAAA-1_4_2"
"25","AACAAAGGTTAGGACG-1_4_2"
"26","AACAACCAGTTGCTGT-1_4_2"
"27","AACAAGAAGTAGTCAA-1_4_2"
"28","AACAAGACATAACGGG-1_4_2"
"29","AACACACTCATGCCGG-1_4_2"
"30","AACACACTCGTAGAGG-1_4_2"
"31","AACACACTCTAGCCAA-1_4_2"
"32","AACAGGGAGCACGATG-1_4_2"
"33","AACCAACGTCTTCTAT-1_4_2"
"34","AACCAACTCCTTTAGT-1_4_2"
"35","AACCACACAACCTAAC-1_4_2"
"36","AACCACACAATGCAGG-1_4_2"
"37","AACCATGAGCACGGAT-1_4_2"
"38","AACCATGAGCGCTGAA-1_4_2"
"39","AACCATGTCCTCTCGA-1_4_2"
"40","AACCCAAAGTGCTAGG-1_4_2"
"41","AACCTGAAGTACCATC-1_4_2"
"42","AACGAAAAGTTCCATG-1_4_2"
"43","AACGGGAAGAGGGTCT-1_4_2"
"44","AACGGGACATACAGAA-1_4_2"
"45","AACTTCTCATCCTTGC-1_4_2"
"46","AACTTCTGTGAACCGA-1_4_2"
"47","AAGAACAAGCCAGTAG-1_4_2"
"48","AAGAACACATCTCAAG-1_4_2"
"49","AAGAACAGTATTTCCT-1_4_2"
"50","AAGAACATCTGAATGC-1_4_2"
"51","AAGACAAAGTAGGATT-1_4_2"
"52","AAGACAACAATCGTCA-1_4_2"
"53","AAGACAAGTCCGAAGA-1_4_2"
"54","AAGACTCAGCTGACTT-1_4_2"
"55","AAGACTCAGGACCCAA-1_4_2"
"56","AAGACTCCAAGCTACT-1_4_2"
"57","AAGACTCGTTGTCAGT-1_4_2"
"58","AAGATAGGTGAGTAAT-1_4_2"
"59","AAGCATCCAAGCACAG-1_4_2"
"60","AAGCATCCATGGGTTT-1_4_2"
"61","AAGCATCGTTCAGCGC-1_4_2"
"62","AAGCATCTCTGCAGCG-1_4_2"
"63","AAGCCATTCTGTGCAA-1_4_2"
"64","AAGCGAGAGCAGCCTC-1_4_2"
"65","AAGCGTTGTATAATGG-1_4_2"
"66","AAGGAATTCTGCTTAT-1_4_2"
"67","AAGGTAAAGATGCTAA-1_4_2"
"68","AAGGTAAGTTCGGCGT-1_4_2"
"69","AAGTACCCAGCTTTGA-1_4_2"
"70","AAGTCGTAGTGAGCCA-1_4_2"
"71","AAGTCGTTCTCGCTCA-1_4_2"
"72","AAGTGAACACCCTCTA-1_4_2"
"73","AAGTGAACATGCAGCC-1_4_2"
"74","AAGTGAATCCGTGACG-1_4_2"
"75","AAGTGAATCTAATTCC-1_4_2"
"76","AATAGAGCACCAAAGG-1_4_2"
"77","AATAGAGCATAGGAGC-1_4_2"
"78","AATCACGGTAATGTGA-1_4_2"
"79","AATCACGGTATAATGG-1_4_2"
"80","AATCACGTCGTTCTCG-1_4_2"
"81","AATCGACCAAACGGCA-1_4_2"
"82","AATCGACCACCTGCTT-1_4_2"
"83","AATCGACCATTCCTAT-1_4_2"
"84","AATCGACGTAGAATAC-1_4_2"
"85","AATCGACGTCTATGAC-1_4_2"
"86","AATCGACTCGGAGATG-1_4_2"
"87","AATCGACTCTCCTGCA-1_4_2"
"88","AATCGTGGTAACGTTC-1_4_2"
"89","AATGAAGGTAACGATA-1_4_2"
"90","AATGAAGTCCTCTCTT-1_4_2"
"91","AATGACCTCAGCGGAA-1_4_2"
"92","AATGCCAAGACCATTC-1_4_2"
"93","AATGCCAAGCGACCCT-1_4_2"
"94","AATGCCAAGCTGACAG-1_4_2"
"95","AATGCCACAAAGCAAT-1_4_2"
"96","AATGCCACACTGCACG-1_4_2"
"97","AATGCCAGTACCTAAC-1_4_2"
"98","AATGGCTCAGTACTAC-1_4_2"
"99","AATGGCTTCTCTCGCA-1_4_2"
"100","AATTCCTAGAAGAGCA-1_4_2"
"101","AATTCCTGTGCTATTG-1_4_2"
"102","AATTCCTTCGACATAC-1_4_2"
"103","AATTTCCAGCCTAGGA-1_4_2"
"104","AATTTCCAGCTAGAGC-1_4_2"
"105","AATTTCCCAGGCTTGC-1_4_2"
"106","AATTTCCCATCCGTGG-1_4_2"
"107","AATTTCCGTAGATCGG-1_4_2"
"108","AATTTCCTCGCCAGAC-1_4_2"
"109","ACAACCAGTTCCTTGC-1_4_2"
"110","ACAAGCTAGAGGGCGA-1_4_2"
"111","ACACAGTGTGTACAGG-1_4_2"
"112","ACACCAACATTAAGCC-1_4_2"
"113","ACACCAAGTAGGAGGG-1_4_2"
"114","ACACGCGCAACGATCT-1_4_2"
"115","ACACGCGTCGTTATCT-1_4_2"
"116","ACACTGACACAGCTTA-1_4_2"
"117","ACACTGATCGCTGTTC-1_4_2"
"118","ACAGAAAGTCCATAGT-1_4_2"
"119","ACAGAAAGTGGAACAC-1_4_2"
"120","ACAGCCGAGGAACATT-1_4_2"
"121","ACAGCCGCAAGAAACT-1_4_2"
"122","ACAGCCGGTATGTCTG-1_4_2"
"123","ACAGGGACAAACAGGC-1_4_2"
"124","ACAGGGATCAGAGTTC-1_4_2"
"125","ACAGGGATCGGTAACT-1_4_2"
"126","ACATCCCCAATGGCAG-1_4_2"
"127","ACATCCCCAGGAGGTT-1_4_2"
"128","ACATCGACATGTTACG-1_4_2"
"129","ACATGCATCTTAGCCC-1_4_2"
"130","ACATTTCTCATGGAGG-1_4_2"
"131","ACCAAACAGAATAGTC-1_4_2"
"132","ACCAACAAGGTTGCCC-1_4_2"
"133","ACCAACAAGTAGCTCT-1_4_2"
"134","ACCAACATCCTTTGAT-1_4_2"
"135","ACCACAAAGACCATTC-1_4_2"
"136","ACCACAAAGACGAGCT-1_4_2"
"137","ACCACAAAGGAAAGAC-1_4_2"
"138","ACCACAAGTGGGAGAG-1_4_2"
"139","ACCACAAGTGGTTCTA-1_4_2"
"140","ACCACAAGTTAAGACA-1_4_2"
"141","ACCACAATCAGTGTGT-1_4_2"
"142","ACCATTTCAGGCACTC-1_4_2"
"143","ACCATTTCATGAGTAA-1_4_2"
"144","ACCATTTTCATTCGGA-1_4_2"
"145","ACCATTTTCTTGGTGA-1_4_2"
"146","ACCCAAATCCTACAAG-1_4_2"
"147","ACCCTCATCGCGATCG-1_4_2"
"148","ACCCTCATCTGTCAGA-1_4_2"
"149","ACCCTTGGTGCGAACA-1_4_2"
"150","ACCCTTGTCAGGACGA-1_4_2"
"151","ACCGTTCCAGAGGAAA-1_4_2"
"152","ACCGTTCTCCTACCAC-1_4_2"
"153","ACCTACCCAAATAAGC-1_4_2"
"154","ACCTACCCAGATACCT-1_4_2"
"155","ACCTACCCAGGCAATG-1_4_2"
"156","ACCTACCTCGTGCTCT-1_4_2"
"157","ACCTGAATCCAAGGGA-1_4_2"
"158","ACCTGAATCCCATGGG-1_4_2"
"159","ACCTGTCAGTCACTCA-1_4_2"
"160","ACCTGTCCACAGCCAC-1_4_2"
"161","ACCTGTCTCATCACAG-1_4_2"
"162","ACGATCACAAATCGTC-1_4_2"
"163","ACGATCACAGCCTACG-1_4_2"
"164","ACGATCATCCGATGTA-1_4_2"
"165","ACGATCATCCGTTGAA-1_4_2"
"166","ACGATCATCTCACCCA-1_4_2"
"167","ACGATGTAGAATTGTG-1_4_2"
"168","ACGATGTAGACTACGG-1_4_2"
"169","ACGATGTAGGCTTTCA-1_4_2"
"170","ACGCACGAGAGCAACC-1_4_2"
"171","ACGCACGCACAGTACT-1_4_2"
"172","ACGGAAGCAGCAGAAC-1_4_2"
"173","ACGGGTCGTTTACGAC-1_4_2"
"174","ACGGTCGCACTGTTCC-1_4_2"
"175","ACGGTTAAGGGACACT-1_4_2"
"176","ACGGTTATCGGAGATG-1_4_2"
"177","ACGTACATCGAGTACT-1_4_2"
"178","ACGTAGTAGTGGAAAG-1_4_2"
"179","ACGTAGTTCAGTAGGG-1_4_2"
"180","ACGTAGTTCGGCACTG-1_4_2"
"181","ACGTTCCAGATCGACG-1_4_2"
"182","ACGTTCCAGCACGTCC-1_4_2"
"183","ACGTTCCAGGGTCACA-1_4_2"
"184","ACGTTCCGTTAGAGTA-1_4_2"
"185","ACTATGGAGTGCGACA-1_4_2"
"186","ACTCCCATCCCGTGAG-1_4_2"
"187","ACTCTCGAGGTATCTC-1_4_2"
"188","ACTCTCGCAGACCTAT-1_4_2"
"189","ACTGATGTCATCACTT-1_4_2"
"190","ACTGATGTCCAACTAG-1_4_2"
"191","ACTGATGTCGAGAACG-1_4_2"
"192","ACTGTCCAGCACTCTA-1_4_2"
"193","ACTGTCCCATAGGAGC-1_4_2"
"194","ACTGTGAAGACATCAA-1_4_2"
"195","ACTTAGGAGTGCAGGT-1_4_2"
"196","ACTTATCCACATGACT-1_4_2"
"197","ACTTATCTCCTTCTAA-1_4_2"
"198","ACTTCCGAGTCTGGAG-1_4_2"
"199","ACTTCGCCAGAGCTAG-1_4_2"
"200","ACTTCGCTCTCCGAAA-1_4_2"
"201","ACTTTCAAGCAGCGAT-1_4_2"
"202","ACTTTCACAGCCCAGT-1_4_2"
"203","ACTTTCAGTCGCATGC-1_4_2"
"204","ACTTTGTTCGAAGCCC-1_4_2"
"205","ACTTTGTTCTGCGATA-1_4_2"
"206","AGAACCTAGCTCTATG-1_4_2"
"207","AGAAGCGAGCAGCCCT-1_4_2"
"208","AGAAGTAAGACAGCGT-1_4_2"
"209","AGACAAAAGGTAATCA-1_4_2"
"210","AGACAAACAAAGACGC-1_4_2"
"211","AGACAAACAAGTGGAC-1_4_2"
"212","AGACAAAGTGCTGATT-1_4_2"
"213","AGACACTAGGTGCCTC-1_4_2"
"214","AGACACTCAGAGGTAC-1_4_2"
"215","AGACAGGGTTTAGACC-1_4_2"
"216","AGACCATCACGCTATA-1_4_2"
"217","AGACCATTCTATCACT-1_4_2"
"218","AGACCCGAGAGGCGTT-1_4_2"
"219","AGACCCGGTCGACTGC-1_4_2"
"220","AGACCCGTCAACACGT-1_4_2"
"221","AGACCCGTCGGCTTGG-1_4_2"
"222","AGACTCAGTCCAAAGG-1_4_2"
"223","AGACTCATCTTACTGT-1_4_2"
"224","AGAGAGCGTGGTCCCA-1_4_2"
"225","AGAGCCCAGTCGGCCT-1_4_2"
"226","AGAGCCCCATTAAAGG-1_4_2"
"227","AGATAGAAGCATACTC-1_4_2"
"228","AGATAGACAGAAACCG-1_4_2"
"229","AGATAGAGTTAATCGC-1_4_2"
"230","AGATCCATCTGTCTCG-1_4_2"
"231","AGATCGTTCAGACATC-1_4_2"
"232","AGATGAACAGGGACTA-1_4_2"
"233","AGATGAAGTCATTCCC-1_4_2"
"234","AGATGCTGTCCCTAAA-1_4_2"
"235","AGCATCAAGCAGTAAT-1_4_2"
"236","AGCATCAAGGTTACCT-1_4_2"
"237","AGCCAATCAACACGAG-1_4_2"
"238","AGCCAATTCCCATTTA-1_4_2"
"239","AGCCAATTCTACCACC-1_4_2"
"240","AGCCACGAGATTAGCA-1_4_2"
"241","AGCCACGAGGACGCTA-1_4_2"
"242","AGCCACGGTATGATCC-1_4_2"
"243","AGCCAGCGTGGCTTAT-1_4_2"
"244","AGCGATTCAAGACCTT-1_4_2"
"245","AGCGATTCACCTATCC-1_4_2"
"246","AGCGATTGTAACACGG-1_4_2"
"247","AGCGATTGTGACACGA-1_4_2"
"248","AGCGATTTCACCTGGG-1_4_2"
"249","AGCGCCAAGAATGTTG-1_4_2"
"250","AGCGCCAAGCATAGGC-1_4_2"
"251","AGCGCCAGTCTACATG-1_4_2"
"252","AGCGTATAGAATCGAT-1_4_2"
"253","AGCGTATGTGTTGACT-1_4_2"
"254","AGCTACAAGAATAGTC-1_4_2"
"255","AGCTACAGTATCAAGA-1_4_2"
"256","AGCTACAGTGAGATTA-1_4_2"
"257","AGCTTCCAGCTGCCTG-1_4_2"
"258","AGCTTCCGTAATTAGG-1_4_2"
"259","AGCTTCCTCCGACATA-1_4_2"
"260","AGGAAATCACGTCGGT-1_4_2"
"261","AGGAAATCAGTGTATC-1_4_2"
"262","AGGAATACATACCACA-1_4_2"
"263","AGGAATAGTAGAGACC-1_4_2"
"264","AGGACGAGTACATTGC-1_4_2"
"265","AGGACGATCGCCGATG-1_4_2"
"266","AGGACTTTCTCATTGT-1_4_2"
"267","AGGACTTTCTGTTCAT-1_4_2"
"268","AGGAGGTCAATTGCTG-1_4_2"
"269","AGGAGGTTCCTGCTAC-1_4_2"
"270","AGGATAAAGAGGTATT-1_4_2"
"271","AGGATAAAGCAGGGAG-1_4_2"
"272","AGGCATTCACACCTTC-1_4_2"
"273","AGGCATTGTTCGAACT-1_4_2"
"274","AGGCATTTCAGTCAGT-1_4_2"
"275","AGGCCACGTAGTGTGG-1_4_2"
"276","AGGCCACGTGAATTAG-1_4_2"
"277","AGGCCACTCCTATTTG-1_4_2"
"278","AGGGAGTAGATGAACT-1_4_2"
"279","AGGGAGTCAATCAAGA-1_4_2"
"280","AGGGAGTTCAGCCTCT-1_4_2"
"281","AGGGAGTTCTTCCAGC-1_4_2"
"282","AGGGCCTAGTATGAAC-1_4_2"
"283","AGGGCTCAGGCTTCCG-1_4_2"
"284","AGGGTGAAGTACAGAT-1_4_2"
"285","AGGGTTTAGATGTTAG-1_4_2"
"286","AGGGTTTGTAGTATAG-1_4_2"
"287","AGGTCATCAATCTAGC-1_4_2"
"288","AGGTCATTCATCACTT-1_4_2"
"289","AGGTCTAAGAAGCTCG-1_4_2"
"290","AGGTCTACATGGACAG-1_4_2"
"291","AGGTGTTCATGATCTG-1_4_2"
"292","AGGTGTTGTCCACAGC-1_4_2"
"293","AGTAACCAGTGTACAA-1_4_2"
"294","AGTAACCTCTGGAAGG-1_4_2"
"295","AGTACCACATCCTCAC-1_4_2"
"296","AGTACCAGTTTATGCG-1_4_2"
"297","AGTACTGAGATGTTAG-1_4_2"
"298","AGTACTGTCCCATAGA-1_4_2"
"299","AGTACTGTCGTACACA-1_4_2"
"300","AGTACTGTCTGGGATT-1_4_2"
"301","AGTAGTCAGGTGCATG-1_4_2"
"302","AGTCAACGTGGATCAG-1_4_2"
"303","AGTCACAAGTGATCGG-1_4_2"
"304","AGTCACATCGAACGCC-1_4_2"
"305","AGTCATGGTCGTCGGT-1_4_2"
"306","AGTGACTAGTCACGCC-1_4_2"
"307","AGTGACTCAAGCACAG-1_4_2"
"308","AGTGACTCACCGTACG-1_4_2"
"309","AGTGACTGTACCGCGT-1_4_2"
"310","AGTGATCAGCCAAGCA-1_4_2"
"311","AGTGATCGTCGCGGTT-1_4_2"
"312","AGTGATCTCTGAGGCC-1_4_2"
"313","AGTGCCGAGTAGAATC-1_4_2"
"314","AGTGCCGCACCAGTAT-1_4_2"
"315","AGTGCCGTCCATGATG-1_4_2"
"316","AGTGCCGTCTGAGAAA-1_4_2"
"317","AGTGTTGAGCTTTGTG-1_4_2"
"318","AGTGTTGTCGCATGAT-1_4_2"
"319","AGTTAGCGTAGGGAGG-1_4_2"
"320","AGTTCCCAGCAACTCT-1_4_2"
"321","AGTTCGACACCAAAGG-1_4_2"
"322","AGTTCGAGTTCTCAGA-1_4_2"
"323","AGTTCGATCCGAGTGC-1_4_2"
"324","AGTTCGATCTGAGATC-1_4_2"
"325","ATACCGAGTCAACGCC-1_4_2"
"326","ATACCGAGTGATCGTT-1_4_2"
"327","ATACCGATCATCTCTA-1_4_2"
"328","ATACCTTGTTTATGCG-1_4_2"
"329","ATACTTCAGGGTCACA-1_4_2"
"330","ATACTTCCAATAGGAT-1_4_2"
"331","ATAGACCCAGCGTGAA-1_4_2"
"332","ATAGACCGTAGTGTGG-1_4_2"
"333","ATAGAGACACACAGCC-1_4_2"
"334","ATAGAGACATACTGTG-1_4_2"
"335","ATAGGCTAGCTCACTA-1_4_2"
"336","ATATCCTCATGAGATA-1_4_2"
"337","ATATCCTGTAGTATAG-1_4_2"
"338","ATATCCTGTGAACCGA-1_4_2"
"339","ATATCCTTCCATCGTC-1_4_2"
"340","ATCACAGAGCTGTACT-1_4_2"
"341","ATCACAGTCACCCTGT-1_4_2"
"342","ATCACGACACACAGCC-1_4_2"
"343","ATCACTTCAGCCGGTT-1_4_2"
"344","ATCACTTTCTGTGCGG-1_4_2"
"345","ATCAGGTAGCTCGAAG-1_4_2"
"346","ATCCACCCAGCGTATT-1_4_2"
"347","ATCCATTCATTGGGAG-1_4_2"
"348","ATCCATTGTGTGCTTA-1_4_2"
"349","ATCCCTGAGTCACACT-1_4_2"
"350","ATCCCTGTCCTCAGAA-1_4_2"
"351","ATCCTATAGATCGACG-1_4_2"
"352","ATCCTATCAGTAGATA-1_4_2"
"353","ATCCTATGTCGAGCTC-1_4_2"
"354","ATCCTATTCAATCAGC-1_4_2"
"355","ATCGCCTAGTTACGAA-1_4_2"
"356","ATCGCCTCAGCCGTTG-1_4_2"
"357","ATCGCCTTCAACTGGT-1_4_2"
"358","ATCGGATAGACGAAGA-1_4_2"
"359","ATCGGATCAGAGTTCT-1_4_2"
"360","ATCGGCGGTCGGCACT-1_4_2"
"361","ATCGGCGTCGTCACCT-1_4_2"
"362","ATCGTAGCAGTTCACA-1_4_2"
"363","ATCGTAGGTACAGAGC-1_4_2"
"364","ATCGTAGTCCAACCAA-1_4_2"
"365","ATCGTCCCACAGCATT-1_4_2"
"366","ATCTCTAAGATTCGCT-1_4_2"
"367","ATCTTCAAGCTGTACT-1_4_2"
"368","ATCTTCAAGGCATGGT-1_4_2"
"369","ATCTTCACACTCTAGA-1_4_2"
"370","ATCTTCAGTTGCCGCA-1_4_2"
"371","ATGAAAGCATAATCGC-1_4_2"
"372","ATGAAAGTCCGGTAGC-1_4_2"
"373","ATGACCACACAAGCAG-1_4_2"
"374","ATGACCACAGGGACTA-1_4_2"
"375","ATGAGGGCACGACCTG-1_4_2"
"376","ATGAGTCAGAGGGTCT-1_4_2"
"377","ATGAGTCCAAACGGCA-1_4_2"
"378","ATGAGTCCAGACACAG-1_4_2"
"379","ATGATCGAGCGATGCA-1_4_2"
"380","ATGATCGCAATTGCCA-1_4_2"
"381","ATGATCGTCCTAAGTG-1_4_2"
"382","ATGCATGCAAGCCTGC-1_4_2"
"383","ATGCATGGTCACCGCA-1_4_2"
"384","ATGCATGTCTGACCCT-1_4_2"
"385","ATGCCTCAGGACAAGA-1_4_2"
"386","ATGCCTCGTCTGGTTA-1_4_2"
"387","ATGCGATCAAGGCCTC-1_4_2"
"388","ATGCGATGTTCGAACT-1_4_2"
"389","ATGGAGGCAGACGCTC-1_4_2"
"390","ATGGAGGTCCATCTAT-1_4_2"
"391","ATGGATCCAGATGCGA-1_4_2"
"392","ATGGGAGGTAGTTACC-1_4_2"
"393","ATGGGAGGTTGCTGAT-1_4_2"
"394","ATGGTTGAGAAACACT-1_4_2"
"395","ATGGTTGTCCTCTCGA-1_4_2"
"396","ATGTCCCAGAGGGTAA-1_4_2"
"397","ATGTCCCAGTCACGCC-1_4_2"
"398","ATGTCCCAGTCCCAAT-1_4_2"
"399","ATGTCCCTCGAGAATA-1_4_2"
"400","ATGTCTTGTCCTTAAG-1_4_2"
"401","ATTACCTCAGAACTCT-1_4_2"
"402","ATTACTCAGAACAAGG-1_4_2"
"403","ATTATCCCAACGACTT-1_4_2"
"404","ATTATCCCAAGCGATG-1_4_2"
"405","ATTATCCGTATAATGG-1_4_2"
"406","ATTATCCGTGGGTTGA-1_4_2"
"407","ATTATCCTCGATGCAT-1_4_2"
"408","ATTCACTCAAAGACTA-1_4_2"
"409","ATTCACTCACGCTGAC-1_4_2"
"410","ATTCACTGTGACAACG-1_4_2"
"411","ATTCACTTCTGGAAGG-1_4_2"
"412","ATTCAGGAGCACGATG-1_4_2"
"413","ATTCAGGAGCGTTCAT-1_4_2"
"414","ATTCAGGAGTCAACAA-1_4_2"
"415","ATTCATCGTAAGCTCT-1_4_2"
"416","ATTCATCGTGGATCGA-1_4_2"
"417","ATTCCCGAGATGCTGG-1_4_2"
"418","ATTCCCGAGATTAGTG-1_4_2"
"419","ATTCCTAAGTATAGGT-1_4_2"
"420","ATTCCTACAGTAGTTC-1_4_2"
"421","ATTCGTTGTCCACGCA-1_4_2"
"422","ATTCTACAGGTGGCTA-1_4_2"
"423","ATTCTACAGTACCCTA-1_4_2"
"424","ATTCTACCAACACGAG-1_4_2"
"425","ATTCTACTCCTACGGG-1_4_2"
"426","ATTCTTGGTGTTTGCA-1_4_2"
"427","ATTCTTGTCACTCCGT-1_4_2"
"428","ATTCTTGTCAGCGCAC-1_4_2"
"429","ATTGGGTAGTTGGAAT-1_4_2"
"430","ATTTACCAGGCACTCC-1_4_2"
"431","ATTTACCTCTTACCGC-1_4_2"
"432","ATTTCACAGGTTCACT-1_4_2"
"433","ATTTCTGCACTTCAAG-1_4_2"
"434","ATTTCTGGTATCGTGT-1_4_2"
"435","ATTTCTGTCTGGGTCG-1_4_2"
"436","CAAAGAATCAAGGAGC-1_4_2"
"437","CAAAGAATCACACCCT-1_4_2"
"438","CAACAACGTCAAAGCG-1_4_2"
"439","CAACAGTTCGACCACG-1_4_2"
"440","CAACCAAAGGTACTGG-1_4_2"
"441","CAACCTCAGAGGTTTA-1_4_2"
"442","CAACCTCCAGCTGGTC-1_4_2"
"443","CAACCTCGTCATATGC-1_4_2"
"444","CAACGATCAGCAAGAC-1_4_2"
"445","CAACGGCGTGCAAGAC-1_4_2"
"446","CAAGAGGTCCTACCAC-1_4_2"
"447","CAAGCTAAGCCTTTCC-1_4_2"
"448","CAAGCTACATCATTTC-1_4_2"
"449","CAAGCTACATCCGTGG-1_4_2"
"450","CAAGGGAGTCGTGCCA-1_4_2"
"451","CAAGGGAGTTCCGCTT-1_4_2"
"452","CAATACGTCCAAATGC-1_4_2"
"453","CAATACGTCTTTCCGG-1_4_2"
"454","CAATCGAAGGAACGCT-1_4_2"
"455","CAATCGAGTCCGATCG-1_4_2"
"456","CAATGACCACAGTCGC-1_4_2"
"457","CAATTTCAGCATTTGC-1_4_2"
"458","CAATTTCCAATACGAA-1_4_2"
"459","CAATTTCTCAGTGTCA-1_4_2"
"460","CACAACAAGACCAACG-1_4_2"
"461","CACACAATCCGCGAGT-1_4_2"
"462","CACAGATAGCTGACCC-1_4_2"
"463","CACAGATCAGTATTCG-1_4_2"
"464","CACAGATCAGTCGAGA-1_4_2"
"465","CACAGATGTCACTACA-1_4_2"
"466","CACAGATGTCCAAGAG-1_4_2"
"467","CACAGGCAGAATTGCA-1_4_2"
"468","CACAGGCAGCCAGTAG-1_4_2"
"469","CACAGGCAGCTCTATG-1_4_2"
"470","CACAGGCCAAATTAGG-1_4_2"
"471","CACAGGCCAATTGAGA-1_4_2"
"472","CACATGAGTGACTGAG-1_4_2"
"473","CACCAAACAGGTCCCA-1_4_2"
"474","CACCGTTAGTCCCGGT-1_4_2"
"475","CACCGTTGTCGTTCAA-1_4_2"
"476","CACGAATCAATCCAGT-1_4_2"
"477","CACGAATCACTCGATA-1_4_2"
"478","CACGAATCAGAAACCG-1_4_2"
"479","CACGAATTCAAGAATG-1_4_2"
"480","CACGGGTCAACGATCT-1_4_2"
"481","CACGGGTCACTGTGAT-1_4_2"
"482","CACGTGGGTGCCTACG-1_4_2"
"483","CACGTGGTCGTAACCA-1_4_2"
"484","CACGTTCAGTGAATAC-1_4_2"
"485","CACTAAGAGCTGTGCC-1_4_2"
"486","CACTAAGGTGCACGCT-1_4_2"
"487","CACTAAGTCAAAGGAT-1_4_2"
"488","CACTAAGTCAAGCCGC-1_4_2"
"489","CACTGAAGTCCAGGTC-1_4_2"
"490","CACTGTCCATATACCG-1_4_2"
"491","CACTTCGAGTCACTCA-1_4_2"
"492","CACTTCGTCCACAAGT-1_4_2"
"493","CAGAGCCAGATACGAT-1_4_2"
"494","CAGAGCCCAACCGATT-1_4_2"
"495","CAGATCAGTGAGTTTC-1_4_2"
"496","CAGATTGCACTTGAAC-1_4_2"
"497","CAGCACGAGAGTTCGG-1_4_2"
"498","CAGCACGCACACGTGC-1_4_2"
"499","CAGCAGCAGACTCGAG-1_4_2"
"500","CAGCCAGAGCATATGA-1_4_2"
"501","CAGCCAGGTCGACGCT-1_4_2"
"502","CAGCCAGGTGGAATGC-1_4_2"
"503","CAGCCAGGTTCAAGTC-1_4_2"
"504","CAGCGTGCACCCTGAG-1_4_2"
"505","CAGCGTGCAGCCCAGT-1_4_2"
"506","CAGCGTGTCGAGTCTA-1_4_2"
"507","CAGCGTGTCGGAAGGT-1_4_2"
"508","CAGGCCACAATTGTGC-1_4_2"
"509","CAGGCCACACCGTCTT-1_4_2"
"510","CAGGCCAGTATGGTAA-1_4_2"
"511","CAGGCCATCGATTTCT-1_4_2"
"512","CAGGCCATCTCTCTAA-1_4_2"
"513","CAGGGCTAGATGCTTC-1_4_2"
"514","CAGGGCTTCCTTGACC-1_4_2"
"515","CAGGGCTTCTCGGTCT-1_4_2"
"516","CAGGTATAGATGAATC-1_4_2"
"517","CAGGTATAGTGAACAT-1_4_2"
"518","CAGGTATAGTGTTGTC-1_4_2"
"519","CAGGTATCAGTGACCC-1_4_2"
"520","CAGGTATCATCATGAC-1_4_2"
"521","CAGTGCGCAGAAGTTA-1_4_2"
"522","CAGTTAGTCGCACGGT-1_4_2"
"523","CAGTTCCAGCAAGTGC-1_4_2"
"524","CAGTTCCCAAGTCCCG-1_4_2"
"525","CAGTTCCCATAGATCC-1_4_2"
"526","CAGTTCCGTGGCGCTT-1_4_2"
"527","CAGTTCCGTTATTCCT-1_4_2"
"528","CAGTTCCTCAGTGTTG-1_4_2"
"529","CAGTTCCTCCTACCGT-1_4_2"
"530","CATAAGCAGCGCCGTT-1_4_2"
"531","CATAAGCGTATCGAAA-1_4_2"
"532","CATAAGCGTGGCAACA-1_4_2"
"533","CATACCCGTACTAACC-1_4_2"
"534","CATACTTAGCCATTCA-1_4_2"
"535","CATACTTGTAGGCTCC-1_4_2"
"536","CATCAAGCAGCAGAAC-1_4_2"
"537","CATCAAGCATCTAGAC-1_4_2"
"538","CATCCACGTATAATGG-1_4_2"
"539","CATCCACGTGTTCATG-1_4_2"
"540","CATCCCAAGTTCCATG-1_4_2"
"541","CATCCGTAGTATTGCC-1_4_2"
"542","CATCGCTGTTAATCGC-1_4_2"
"543","CATCGCTTCATCACAG-1_4_2"
"544","CATCGGGGTCACAATC-1_4_2"
"545","CATCGTCGTACGACAG-1_4_2"
"546","CATGAGTAGCTCCGAC-1_4_2"
"547","CATGAGTCAGCGACAA-1_4_2"
"548","CATGAGTTCAGCAATC-1_4_2"
"549","CATGCAACACGTTGGC-1_4_2"
"550","CATGCAAGTCCAGCGT-1_4_2"
"551","CATGCCTAGCGTTCCG-1_4_2"
"552","CATGCCTCAAATACAG-1_4_2"
"553","CATGCCTCAAGTTCCA-1_4_2"
"554","CATGCGGCACTTCAAG-1_4_2"
"555","CATGCGGCAGATACCT-1_4_2"
"556","CATGCGGCAGCTGAAG-1_4_2"
"557","CATGGATAGTTGGCTT-1_4_2"
"558","CATGGATCACAAGTGG-1_4_2"
"559","CATTCATAGCACTCCG-1_4_2"
"560","CATTCATGTGTTCGTA-1_4_2"
"561","CATTCATTCTGGAAGG-1_4_2"
"562","CATTCTAAGGAGGTTC-1_4_2"
"563","CATTCTACAGTCGCAC-1_4_2"
"564","CATTCTAGTCTTGTCC-1_4_2"
"565","CATTGAGCAAGAATAC-1_4_2"
"566","CATTGAGGTAACTAAG-1_4_2"
"567","CATTGCCAGAGGTCAC-1_4_2"
"568","CATTGCCGTTGTAAAG-1_4_2"
"569","CATTTCAAGTCATGGG-1_4_2"
"570","CATTTCACAAGTATAG-1_4_2"
"571","CATTTCACAGAGAGGG-1_4_2"
"572","CATTTCACAGCGTACC-1_4_2"
"573","CATTTCATCCAATCTT-1_4_2"
"574","CCAATGAGTCTACACA-1_4_2"
"575","CCACAAAAGAAGCGCT-1_4_2"
"576","CCACAAAAGTAAGCAT-1_4_2"
"577","CCACAAACACTGTGAT-1_4_2"
"578","CCACACTGTCCCGTGA-1_4_2"
"579","CCACCATAGGCTTAGG-1_4_2"
"580","CCACCATGTGCGTGCT-1_4_2"
"581","CCACCATTCTCCTGCA-1_4_2"
"582","CCACGAGGTAGCACAG-1_4_2"
"583","CCACGAGTCTTTGCTA-1_4_2"
"584","CCACTTGCACCATATG-1_4_2"
"585","CCACTTGTCCTTATCA-1_4_2"
"586","CCATAAGGTATGTCAC-1_4_2"
"587","CCATCACCAATACCCA-1_4_2"
"588","CCATCACCACTTACAG-1_4_2"
"589","CCATCACTCCGCAAAT-1_4_2"
"590","CCATCACTCGTGCGAC-1_4_2"
"591","CCCGAAGAGCGACCCT-1_4_2"
"592","CCCGAAGTCGTAATGC-1_4_2"
"593","CCCGGAAAGCCATTCA-1_4_2"
"594","CCCTAACCAACGATCT-1_4_2"
"595","CCCTAACCATAGGTAA-1_4_2"
"596","CCCTAACTCCTGTACC-1_4_2"
"597","CCCTGATCATACTGTG-1_4_2"
"598","CCCTGATGTCCTTAAG-1_4_2"
"599","CCCTTAGGTGCCTTTC-1_4_2"
"600","CCCTTAGTCAGCTTGA-1_4_2"
"601","CCGATGGAGCCAAGCA-1_4_2"
"602","CCGCAAGTCCCGTAAA-1_4_2"
"603","CCGGACAAGCGACAGT-1_4_2"
"604","CCGGACACATTGTCGA-1_4_2"
"605","CCGGACATCTCAACCC-1_4_2"
"606","CCGGGTAAGGGTAATT-1_4_2"
"607","CCGGGTAAGTAGCTCT-1_4_2"
"608","CCGGGTAGTGGCGCTT-1_4_2"
"609","CCGGGTAGTTGCCGCA-1_4_2"
"610","CCGGGTATCGGTTGTA-1_4_2"
"611","CCGGTAGTCACTCTTA-1_4_2"
"612","CCGGTAGTCTGTCTCG-1_4_2"
"613","CCGGTGACAAGTGCTT-1_4_2"
"614","CCGGTGACACACCAGC-1_4_2"
"615","CCGGTGACAGCAGGAT-1_4_2"
"616","CCGGTGAGTAGATTAG-1_4_2"
"617","CCGGTGATCACCGGGT-1_4_2"
"618","CCGTGAGGTGCGCTCA-1_4_2"
"619","CCGTTCAAGTAAGACT-1_4_2"
"620","CCGTTCATCCCAATAG-1_4_2"
"621","CCTAAGAGTATCAGGG-1_4_2"
"622","CCTATCGAGTATGACA-1_4_2"
"623","CCTATCGCACACGCCA-1_4_2"
"624","CCTATCGGTTGAATCC-1_4_2"
"625","CCTCAACTCGAAGCCC-1_4_2"
"626","CCTCAACTCGAGAAAT-1_4_2"
"627","CCTCACAAGGGTTGCA-1_4_2"
"628","CCTCACACACTATGTG-1_4_2"
"629","CCTCACAGTTCAGCGC-1_4_2"
"630","CCTCATGAGGGATCAC-1_4_2"
"631","CCTCCAAAGAAGTCAT-1_4_2"
"632","CCTCCAACACAGCTTA-1_4_2"
"633","CCTCCAATCTCGCCTA-1_4_2"
"634","CCTCCTCAGCGCCATC-1_4_2"
"635","CCTCCTCGTCTACTGA-1_4_2"
"636","CCTCCTCTCACGAACT-1_4_2"
"637","CCTCTAGAGTGCTACT-1_4_2"
"638","CCTCTAGTCTTAGCAG-1_4_2"
"639","CCTCTCCAGCCAAGGT-1_4_2"
"640","CCTCTCCCAATCTAGC-1_4_2"
"641","CCTCTCCGTACGGCAA-1_4_2"
"642","CCTGTTGAGTGCACAG-1_4_2"
"643","CCTGTTGCACATTCTT-1_4_2"
"644","CCTGTTGGTATTCTCT-1_4_2"
"645","CCTTGTGAGAGGTCAC-1_4_2"
"646","CCTTGTGAGATCGACG-1_4_2"
"647","CCTTGTGAGCTACTAC-1_4_2"
"648","CCTTTGGAGAGCTGCA-1_4_2"
"649","CCTTTGGCAAACCATC-1_4_2"
"650","CCTTTGGCAATGGCCC-1_4_2"
"651","CCTTTGGGTACAGAGC-1_4_2"
"652","CCTTTGGTCTTCTGGC-1_4_2"
"653","CGAAGGAAGTTCCGTA-1_4_2"
"654","CGAATTGAGCTCACTA-1_4_2"
"655","CGAATTGCAGACCATT-1_4_2"
"656","CGAATTGGTATGCGGA-1_4_2"
"657","CGACAGCAGACATACA-1_4_2"
"658","CGACAGCGTTTCGATG-1_4_2"
"659","CGAGAAGCAAGAAACT-1_4_2"
"660","CGAGAAGTCGCTGACG-1_4_2"
"661","CGAGGAAAGGACTATA-1_4_2"
"662","CGAGGAACACTCCACT-1_4_2"
"663","CGAGGAAGTCCACTTC-1_4_2"
"664","CGAGGAAGTTGCCGCA-1_4_2"
"665","CGAGGCTAGAGTCCGA-1_4_2"
"666","CGAGGCTTCCTCGCAT-1_4_2"
"667","CGAGGCTTCTAAACGC-1_4_2"
"668","CGAGTGCCAAATTGCC-1_4_2"
"669","CGATCGGGTACTGGGA-1_4_2"
"670","CGATCGGGTCCAGCAC-1_4_2"
"671","CGATCGGTCATATGGC-1_4_2"
"672","CGATGCGGTTGCACGC-1_4_2"
"673","CGATGGCAGACCAAAT-1_4_2"
"674","CGATGGCTCGCCATAA-1_4_2"
"675","CGCAGGTTCCCATACC-1_4_2"
"676","CGCATAAAGACTACGG-1_4_2"
"677","CGCATAACATGGCCAC-1_4_2"
"678","CGCATAAGTAATGATG-1_4_2"
"679","CGCATGGAGCGTGAAC-1_4_2"
"680","CGCATGGCAGCGTAGA-1_4_2"
"681","CGCATGGGTTATAGAG-1_4_2"
"682","CGCCATTCATTCTGTT-1_4_2"
"683","CGCCATTTCCGAAGGA-1_4_2"
"684","CGCCATTTCTTCCCAG-1_4_2"
"685","CGGAACCCACTACAGT-1_4_2"
"686","CGGAACCGTGAATGTA-1_4_2"
"687","CGGAATTCACTGGATT-1_4_2"
"688","CGGAATTCACTTCTCG-1_4_2"
"689","CGGAATTGTCTCGGGT-1_4_2"
"690","CGGAATTGTGGAAATT-1_4_2"
"691","CGGACACAGGCCTAAG-1_4_2"
"692","CGGACACTCTTAGCAG-1_4_2"
"693","CGGGCATAGCGGCTCT-1_4_2"
"694","CGGGCATAGGTTATAG-1_4_2"
"695","CGGGCATAGTGGACTG-1_4_2"
"696","CGGGTGTCACTAAACC-1_4_2"
"697","CGGGTGTGTGCGTCGT-1_4_2"
"698","CGGGTGTGTTGGAGGT-1_4_2"
"699","CGGTCAGAGGACAACC-1_4_2"
"700","CGGTCAGAGTTCGGTT-1_4_2"
"701","CGGTCAGCAGAAATTG-1_4_2"
"702","CGGTCAGGTCAGATTC-1_4_2"
"703","CGGTCAGTCCACGTGG-1_4_2"
"704","CGTAAGTAGCGGACAT-1_4_2"
"705","CGTAAGTAGGTGATAT-1_4_2"
"706","CGTAATGCATCACGGC-1_4_2"
"707","CGTAGTATCGAGATGG-1_4_2"
"708","CGTCAAAAGGCTAAAT-1_4_2"
"709","CGTCAAATCCATAGAC-1_4_2"
"710","CGTCCATAGTCCCGGT-1_4_2"
"711","CGTCCATAGTGCCGAA-1_4_2"
"712","CGTCCATGTTGGATCT-1_4_2"
"713","CGTGAATTCTACAGGT-1_4_2"
"714","CGTGATAGTAACGTTC-1_4_2"
"715","CGTGCTTCAAGCGCTC-1_4_2"
"716","CGTTCTGCATTATGCG-1_4_2"
"717","CGTTCTGGTGTCCACG-1_4_2"
"718","CGTTCTGTCAACTTTC-1_4_2"
"719","CGTTCTGTCGCCAATA-1_4_2"
"720","CGTTGGGAGCGTTCAT-1_4_2"
"721","CTAACTTAGGACGCAT-1_4_2"
"722","CTAACTTAGGGTCAAC-1_4_2"
"723","CTAACTTCAGGAGGTT-1_4_2"
"724","CTAACTTGTAGTTCCA-1_4_2"
"725","CTAACTTGTCTGATCA-1_4_2"
"726","CTAACTTTCGGTCACG-1_4_2"
"727","CTAAGTGTCTCGGGAC-1_4_2"
"728","CTACAGACACAGAGAC-1_4_2"
"729","CTACAGAGTACGACTT-1_4_2"
"730","CTACAGATCTCGAACA-1_4_2"
"731","CTACATTCAACAGAGC-1_4_2"
"732","CTACATTGTTCCTAGA-1_4_2"
"733","CTACCTGTCCCGTAAA-1_4_2"
"734","CTACTATAGACTTCAC-1_4_2"
"735","CTACTATAGCTGAAGC-1_4_2"
"736","CTAGACAGTGCAACAG-1_4_2"
"737","CTAGACATCGCCACTT-1_4_2"
"738","CTAGGTAAGTCCGCCA-1_4_2"
"739","CTAGGTACAAACCACT-1_4_2"
"740","CTAGGTACAATCTCGA-1_4_2"
"741","CTAGGTAGTCAACACT-1_4_2"
"742","CTATAGGAGACTGAGC-1_4_2"
"743","CTATAGGCAACCAGAG-1_4_2"
"744","CTATCCGAGACTTCCA-1_4_2"
"745","CTCAACCAGGCAGCTA-1_4_2"
"746","CTCAACCCACCAGGTC-1_4_2"
"747","CTCAACCCAGGTCCCA-1_4_2"
"748","CTCAAGACATGACTTG-1_4_2"
"749","CTCACTGAGAAATCCA-1_4_2"
"750","CTCACTGCACCATAAC-1_4_2"
"751","CTCACTGCACTTCCTG-1_4_2"
"752","CTCAGAAAGGCTTTCA-1_4_2"
"753","CTCAGAAAGGTTCTAC-1_4_2"
"754","CTCAGAATCGGTCGAC-1_4_2"
"755","CTCAGGGAGAATGTTG-1_4_2"
"756","CTCAGGGAGACCCGCT-1_4_2"
"757","CTCAGGGAGTGTACCT-1_4_2"
"758","CTCAGGGCAGTAGAGC-1_4_2"
"759","CTCAGGGCATGACGGA-1_4_2"
"760","CTCAGGGTCCTAACAG-1_4_2"
"761","CTCAGGGTCGCCGAGT-1_4_2"
"762","CTCAGTCCAACGCCCA-1_4_2"
"763","CTCAGTCTCACACCGG-1_4_2"
"764","CTCATGCGTATCGCTA-1_4_2"
"765","CTCATTAAGCCTGGAA-1_4_2"
"766","CTCATTATCTTCCAGC-1_4_2"
"767","CTCCAACAGGTGCCTC-1_4_2"
"768","CTCCAACAGTGTTGTC-1_4_2"
"769","CTCCACATCCATGATG-1_4_2"
"770","CTCCCAAGTTCAGCTA-1_4_2"
"771","CTCCCTCTCAACACCA-1_4_2"
"772","CTCCCTCTCAAGGCTT-1_4_2"
"773","CTCCCTCTCAGGGTAG-1_4_2"
"774","CTCCGATGTAGTACGG-1_4_2"
"775","CTCCTCCCACCATATG-1_4_2"
"776","CTCCTTTCAGTCCCGA-1_4_2"
"777","CTCCTTTTCATGTCTT-1_4_2"
"778","CTCGAGGTCGTTGCCT-1_4_2"
"779","CTCTCAGGTGTATTCG-1_4_2"
"780","CTCTCGACAAGAAATC-1_4_2"
"781","CTCTCGAGTAACACCT-1_4_2"
"782","CTCTCGAGTTTCCAAG-1_4_2"
"783","CTCTGGTTCCAAGCTA-1_4_2"
"784","CTGAATGAGCTGAAGC-1_4_2"
"785","CTGAATGGTTTACGTG-1_4_2"
"786","CTGAGGCGTACAGTAA-1_4_2"
"787","CTGAGGCGTAGGCTGA-1_4_2"
"788","CTGAGGCGTGTCCACG-1_4_2"
"789","CTGATCCGTGGCGCTT-1_4_2"
"790","CTGATCCTCATTTGGG-1_4_2"
"791","CTGCAGGAGCGGTAAC-1_4_2"
"792","CTGCAGGTCCCATACC-1_4_2"
"793","CTGCATCCACATACTG-1_4_2"
"794","CTGCATCGTATCCTTT-1_4_2"
"795","CTGCATCTCATGCAGT-1_4_2"
"796","CTGCCATCACGATAGG-1_4_2"
"797","CTGCCTACAGGCCTGT-1_4_2"
"798","CTGCGAGTCTACGGGC-1_4_2"
"799","CTGCTCAAGAGGTATT-1_4_2"
"800","CTGCTCAAGCGCAATG-1_4_2"
"801","CTGCTCAAGGTCCCTG-1_4_2"
"802","CTGCTCAGTAGACAAT-1_4_2"
"803","CTGGCAGAGCAGATAT-1_4_2"
"804","CTGGCAGTCGCCTTGT-1_4_2"
"805","CTGGCAGTCTCTAGGA-1_4_2"
"806","CTGGTCTTCGAGCTGC-1_4_2"
"807","CTGTAGACACAGACGA-1_4_2"
"808","CTGTAGACACCCTATC-1_4_2"
"809","CTGTAGAGTATACAGA-1_4_2"
"810","CTGTAGAGTGCGGATA-1_4_2"
"811","CTGTATTCAATGCAAA-1_4_2"
"812","CTGTCGTCATCGATGT-1_4_2"
"813","CTGTCGTCATGTGACT-1_4_2"
"814","CTGTCGTTCCCTCTCC-1_4_2"
"815","CTGTGAAAGAAGGATG-1_4_2"
"816","CTGTGAACAAGTCCAT-1_4_2"
"817","CTGTGAAGTCTCGACG-1_4_2"
"818","CTTACCGCATGACTGT-1_4_2"
"819","CTTACCGTCAGGACAG-1_4_2"
"820","CTTAGGACAAGTCCAT-1_4_2"
"821","CTTAGGACAAGTCGTT-1_4_2"
"822","CTTAGGATCTGCCCTA-1_4_2"
"823","CTTCAATAGTGGATAT-1_4_2"
"824","CTTCAATCAATACGAA-1_4_2"
"825","CTTCAATGTTAAGAAC-1_4_2"
"826","CTTCCGAAGGAGAGTA-1_4_2"
"827","CTTCGGTAGCGGGTAT-1_4_2"
"828","CTTCGGTCACGTAACT-1_4_2"
"829","CTTCTAAAGCAATAAC-1_4_2"
"830","CTTCTAAAGTATGAAC-1_4_2"
"831","CTTCTAACAGAACTCT-1_4_2"
"832","CTTCTAACAGAGTCAG-1_4_2"
"833","CTTCTAATCATCGCCT-1_4_2"
"834","CTTCTCTGTCTTGCGG-1_4_2"
"835","CTTCTCTTCTAGGAAA-1_4_2"
"836","CTTGATTGTTGGGACA-1_4_2"
"837","CTTTCAAAGCTGACAG-1_4_2"
"838","CTTTCAAAGGGCAACT-1_4_2"
"839","CTTTCAACACAAACGG-1_4_2"
"840","CTTTCGGGTCCCACGA-1_4_2"
"841","GAAATGATCGATCCAA-1_4_2"
"842","GAACGTTGTCAGGAGT-1_4_2"
"843","GAACGTTGTTGGCTAT-1_4_2"
"844","GAACTGTCAACCAATC-1_4_2"
"845","GAAGAATAGCAGTACG-1_4_2"
"846","GAAGAATGTCTTTCTA-1_4_2"
"847","GAAGAATGTTACACAC-1_4_2"
"848","GAAGCCCTCGCTCTAC-1_4_2"
"849","GAAGCGATCGGTGTAT-1_4_2"
"850","GAAGGACCAAAGGCGT-1_4_2"
"851","GAAGGGTAGCTCGCAC-1_4_2"
"852","GAAGGGTGTACGGATG-1_4_2"
"853","GAAGGGTGTCCCGCAA-1_4_2"
"854","GAATAGAGTACCGTGC-1_4_2"
"855","GAATCACAGCAGCGAT-1_4_2"
"856","GAATCACGTTAGAGAT-1_4_2"
"857","GAATCGTAGGCGAAGG-1_4_2"
"858","GAATCGTGTACTCCGG-1_4_2"
"859","GAATCGTTCATCCTGC-1_4_2"
"860","GAATCGTTCTGCTTAT-1_4_2"
"861","GACACGCGTATCGGTT-1_4_2"
"862","GACACGCTCTGGCTGG-1_4_2"
"863","GACAGCCGTCCGCAGT-1_4_2"
"864","GACATCAGTTCCAAAC-1_4_2"
"865","GACATCAGTTTCGCTC-1_4_2"
"866","GACCAATCACATGTTG-1_4_2"
"867","GACCAATCATACCAGT-1_4_2"
"868","GACCCTTTCTACCAGA-1_4_2"
"869","GACCGTGAGCATGCAG-1_4_2"
"870","GACCGTGAGTTCATCG-1_4_2"
"871","GACCTTCGTGGCGCTT-1_4_2"
"872","GACCTTCTCGGTCTAA-1_4_2"
"873","GACGCTGTCATTGCTT-1_4_2"
"874","GACTATGAGGACATCG-1_4_2"
"875","GACTATGCAGAGAATT-1_4_2"
"876","GACTATGGTTTGCAGT-1_4_2"
"877","GACTCAAGTATTGAGA-1_4_2"
"878","GACTCAAGTCCTTAAG-1_4_2"
"879","GACTCAATCCTGCCAT-1_4_2"
"880","GACTCTCGTATCTTCT-1_4_2"
"881","GACTCTCTCTTAGGAC-1_4_2"
"882","GACTGATGTCACAGAG-1_4_2"
"883","GACTTCCGTGGCATCC-1_4_2"
"884","GACTTCCGTGGCTACC-1_4_2"
"885","GACTTCCGTTACTCAG-1_4_2"
"886","GACTTCCTCATTACCT-1_4_2"
"887","GAGAAATGTTCCGCGA-1_4_2"
"888","GAGACCCAGAATCGTA-1_4_2"
"889","GAGACTTAGAAATCCA-1_4_2"
"890","GAGAGGTCAAACAGGC-1_4_2"
"891","GAGAGGTGTCTAACGT-1_4_2"
"892","GAGAGGTTCCAAACCA-1_4_2"
"893","GAGCCTGCACAAGCCC-1_4_2"
"894","GAGCCTGTCGACACTA-1_4_2"
"895","GAGCTGCTCATGTCAG-1_4_2"
"896","GAGGCAAGTCGCCACA-1_4_2"
"897","GAGGCCTAGAGGCGTT-1_4_2"
"898","GAGGCCTTCCTGTAAG-1_4_2"
"899","GAGGGATGTCATGACT-1_4_2"
"900","GAGGGTAAGCCATGCC-1_4_2"
"901","GAGTCATAGAGCCTGA-1_4_2"
"902","GAGTCATAGCGCTTCG-1_4_2"
"903","GAGTCTAAGGTTGGTG-1_4_2"
"904","GAGTCTATCAAATGCC-1_4_2"
"905","GAGTGAGCAACAAGAT-1_4_2"
"906","GAGTTACCACAAGCCC-1_4_2"
"907","GAGTTACCACAGTATC-1_4_2"
"908","GAGTTACCAGCTATAC-1_4_2"
"909","GAGTTACGTACGTGTT-1_4_2"
"910","GAGTTACGTGTGTCCG-1_4_2"
"911","GATAGAATCACTTGGA-1_4_2"
"912","GATAGAATCTCCAAGA-1_4_2"
"913","GATAGCTGTCGCTTAA-1_4_2"
"914","GATAGCTGTTGGCCTG-1_4_2"
"915","GATCAGTCACAGCCTG-1_4_2"
"916","GATCAGTCACGTACTA-1_4_2"
"917","GATCAGTGTAGCTTTG-1_4_2"
"918","GATCATGAGCCACCGT-1_4_2"
"919","GATCATGGTAGCGCTC-1_4_2"
"920","GATCATGGTTGACTGT-1_4_2"
"921","GATCCCTCACTCATAG-1_4_2"
"922","GATCCCTCATCAGCTA-1_4_2"
"923","GATCCCTTCATGAAAG-1_4_2"
"924","GATCGTACAGCTCATA-1_4_2"
"925","GATCGTAGTGTTCGTA-1_4_2"
"926","GATCGTATCCAGTTCC-1_4_2"
"927","GATGACTCAAGAATAC-1_4_2"
"928","GATGACTCAATCACGT-1_4_2"
"929","GATGACTTCGCCGTGA-1_4_2"
"930","GATGACTTCGTTAGTG-1_4_2"
"931","GATGAGGTCCTAACAG-1_4_2"
"932","GATGAGGTCTGCCTGT-1_4_2"
"933","GATGATCGTCCACAGC-1_4_2"
"934","GATGGAGAGTAGACCG-1_4_2"
"935","GATGGAGCAGACATCT-1_4_2"
"936","GATGGAGGTCGAACGA-1_4_2"
"937","GATGTTGCAGCACACC-1_4_2"
"938","GATGTTGTCGCTGATA-1_4_2"
"939","GATTTCTTCCTACCGT-1_4_2"
"940","GCAACATCACCAACAT-1_4_2"
"941","GCAACATGTGCAATGG-1_4_2"
"942","GCAACCGCACACGGTC-1_4_2"
"943","GCAACCGCACGACGAA-1_4_2"
"944","GCACATAAGCTAAACA-1_4_2"
"945","GCACGGTAGACTCTAC-1_4_2"
"946","GCACGGTCACAGAAGC-1_4_2"
"947","GCACGTGGTAAGACCG-1_4_2"
"948","GCACGTGTCCAATCTT-1_4_2"
"949","GCACTAAAGTCATACC-1_4_2"
"950","GCACTAACAATCTAGC-1_4_2"
"951","GCACTAACAGGAAGTC-1_4_2"
"952","GCACTAAGTCACCGAC-1_4_2"
"953","GCACTAATCCTCAGAA-1_4_2"
"954","GCAGCTGGTACTTCCC-1_4_2"
"955","GCAGGCTCACTATCGA-1_4_2"
"956","GCAGGCTTCCTCAGGG-1_4_2"
"957","GCAGGCTTCGTACCTC-1_4_2"
"958","GCAGGCTTCTTCGGTC-1_4_2"
"959","GCAGTTAAGTACAGCG-1_4_2"
"960","GCAGTTATCCTACCGT-1_4_2"
"961","GCAGTTATCGCTTGAA-1_4_2"
"962","GCATCTCCAGGGTTGA-1_4_2"
"963","GCATCTCCAGGTGACA-1_4_2"
"964","GCATCTCTCAACGTGT-1_4_2"
"965","GCATCTCTCAGAGTTC-1_4_2"
"966","GCATTAGAGTCGCCCA-1_4_2"
"967","GCATTAGCACCATATG-1_4_2"
"968","GCATTAGGTATAGGGC-1_4_2"
"969","GCATTAGTCCGTGGGT-1_4_2"
"970","GCCAACGCACTACCGG-1_4_2"
"971","GCCAGCACATTCGATG-1_4_2"
"972","GCCAGCAGTCTCAAGT-1_4_2"
"973","GCCAGGTCAATTGCCA-1_4_2"
"974","GCCAGGTGTGTGTGGA-1_4_2"
"975","GCCAGGTTCGTGCAGC-1_4_2"
"976","GCCAGTGAGGATTACA-1_4_2"
"977","GCCAGTGCAACCTAAC-1_4_2"
"978","GCCAGTGTCAGGTAAA-1_4_2"
"979","GCCAGTGTCGACATTG-1_4_2"
"980","GCCATGGCACCGGTCA-1_4_2"
"981","GCCATGGGTTACGCCG-1_4_2"
"982","GCCATGGGTTCCGGTG-1_4_2"
"983","GCCCAGAAGTGCGCTC-1_4_2"
"984","GCCCAGAGTACAGTCT-1_4_2"
"985","GCCCGAACAGTAGGAC-1_4_2"
"986","GCCCGAAGTCGGTGTC-1_4_2"
"987","GCCGATGAGGATATGT-1_4_2"
"988","GCCGATGCACCTCGTT-1_4_2"
"989","GCCTGTTAGCGAGGAG-1_4_2"
"990","GCCTGTTAGCTAATCC-1_4_2"
"991","GCGAGAAAGAGTTGTA-1_4_2"
"992","GCGAGAACAATAGTGA-1_4_2"
"993","GCGAGAAGTACCACGC-1_4_2"
"994","GCGATCGCACAACGTT-1_4_2"
"995","GCGGAAAGTTGTGGCC-1_4_2"
"996","GCGGATCGTGTGCCTG-1_4_2"
"997","GCGGATCTCATAGGCT-1_4_2"
"998","GCGTGCACATCCTAAG-1_4_2"
"999","GCGTTTCCAAGTGATA-1_4_2"
"1000","GCTACAAAGCGTACAG-1_4_2"
"1001","GCTACCTAGTCTGGTT-1_4_2"
"1002","GCTACCTAGTGGCAGT-1_4_2"
"1003","GCTACCTCACGACGAA-1_4_2"
"1004","GCTACCTGTATACCCA-1_4_2"
"1005","GCTCAAAAGGGTAGCT-1_4_2"
"1006","GCTCAAACACAGTGAG-1_4_2"
"1007","GCTCAAAGTCGCCACA-1_4_2"
"1008","GCTGAATAGAGAATCT-1_4_2"
"1009","GCTGAATCAAACTAAG-1_4_2"
"1010","GCTGAATGTCTTACAG-1_4_2"
"1011","GCTGCAGGTTTGCAGT-1_4_2"
"1012","GCTGGGTAGACTTCGT-1_4_2"
"1013","GCTGGGTGTCAGACTT-1_4_2"
"1014","GCTTCACCAGGTTCGC-1_4_2"
"1015","GCTTCACTCAGAGCGA-1_4_2"
"1016","GCTTGGGAGGAACTAT-1_4_2"
"1017","GCTTGGGCAAGTGGGT-1_4_2"
"1018","GCTTGGGGTTACTCAG-1_4_2"
"1019","GCTTGGGTCCTCTGCA-1_4_2"
"1020","GCTTTCGTCTGTCCCA-1_4_2"
"1021","GGAACCCCACAAATAG-1_4_2"
"1022","GGAACCCCATGAAAGT-1_4_2"
"1023","GGAAGTGAGTTGTCGT-1_4_2"
"1024","GGAAGTGCACAGCGCT-1_4_2"
"1025","GGAAGTGGTGGCCTCA-1_4_2"
"1026","GGAATCTTCCCTTCCC-1_4_2"
"1027","GGAATGGGTTAAGAAC-1_4_2"
"1028","GGAATGGTCTACAGGT-1_4_2"
"1029","GGACGTCAGACGACGT-1_4_2"
"1030","GGACGTCAGGAGACCT-1_4_2"
"1031","GGACGTCCAAAGCTAA-1_4_2"
"1032","GGACGTCCACGAGGAT-1_4_2"
"1033","GGACGTCCAGCTCCTT-1_4_2"
"1034","GGAGAACAGCACCGTC-1_4_2"
"1035","GGAGAACCACAACGAG-1_4_2"
"1036","GGAGAACTCTCTTGCG-1_4_2"
"1037","GGAGATGCAGTGTGCC-1_4_2"
"1038","GGAGATGGTTTCGGCG-1_4_2"
"1039","GGAGATGTCGCCATAA-1_4_2"
"1040","GGAGCAAGTCTAACTG-1_4_2"
"1041","GGAGCAAGTGCAGTGA-1_4_2"
"1042","GGAGCAATCATCGTAG-1_4_2"
"1043","GGAGGATTCACATACG-1_4_2"
"1044","GGAGGATTCCATTTGT-1_4_2"
"1045","GGATCTAGTCTTCAAG-1_4_2"
"1046","GGATGTTCAATTTCTC-1_4_2"
"1047","GGCACGTCAAGCCTGC-1_4_2"
"1048","GGCAGTCAGCCTCAAT-1_4_2"
"1049","GGCAGTCCAGGCATTT-1_4_2"
"1050","GGCGTCAAGCAATTCC-1_4_2"
"1051","GGCTGTGAGGAACGTC-1_4_2"
"1052","GGCTTGGCAAGGTCAG-1_4_2"
"1053","GGCTTGGTCCTATGGA-1_4_2"
"1054","GGCTTGGTCTTACCGC-1_4_2"
"1055","GGCTTTCAGGATCATA-1_4_2"
"1056","GGCTTTCCAGATACTC-1_4_2"
"1057","GGCTTTCGTATCAAGA-1_4_2"
"1058","GGGAAGTAGAGCAGCT-1_4_2"
"1059","GGGAAGTAGGAACGTC-1_4_2"
"1060","GGGACAAAGAGGGTAA-1_4_2"
"1061","GGGACAACACTGCATA-1_4_2"
"1062","GGGACTCTCGAGTACT-1_4_2"
"1063","GGGAGATCACTCTAGA-1_4_2"
"1064","GGGAGTAGTGGCCACT-1_4_2"
"1065","GGGATCCCACAAGTGG-1_4_2"
"1066","GGGATCCCACACTGGC-1_4_2"
"1067","GGGATCCGTGTGTCCG-1_4_2"
"1068","GGGATCCTCCCTATTA-1_4_2"
"1069","GGGATGAAGAACTTCC-1_4_2"
"1070","GGGATGACACACCGCA-1_4_2"
"1071","GGGATGACATGGGATG-1_4_2"
"1072","GGGCCATAGGATCACG-1_4_2"
"1073","GGGCCATTCTCATTAC-1_4_2"
"1074","GGGCGTTAGAGCTTTC-1_4_2"
"1075","GGGCGTTCACGACAAG-1_4_2"
"1076","GGGCTACTCACTGAAC-1_4_2"
"1077","GGGCTCAGTTTGAAAG-1_4_2"
"1078","GGGTAGACAATTGAAG-1_4_2"
"1079","GGGTAGACACAAATAG-1_4_2"
"1080","GGGTAGATCTACTTCA-1_4_2"
"1081","GGGTATTGTATTCCTT-1_4_2"
"1082","GGGTCACTCTACTATC-1_4_2"
"1083","GGGTCTGCAGTTCTAG-1_4_2"
"1084","GGGTCTGGTTAATGAG-1_4_2"
"1085","GGGTCTGTCTATACTC-1_4_2"
"1086","GGGTGAAAGCTACGTT-1_4_2"
"1087","GGGTGAACAACAGCCC-1_4_2"
"1088","GGGTGAACATCTCAAG-1_4_2"
"1089","GGGTGAATCGTTCTGC-1_4_2"
"1090","GGGTGTCTCTTGTGCC-1_4_2"
"1091","GGGTTATAGAAGAGCA-1_4_2"
"1092","GGGTTATAGATAACAC-1_4_2"
"1093","GGGTTATGTACAGTTC-1_4_2"
"1094","GGGTTTAAGTAAACAC-1_4_2"
"1095","GGGTTTATCCAAGGGA-1_4_2"
"1096","GGGTTTATCCTACTGC-1_4_2"
"1097","GGTAATCCACACAGAG-1_4_2"
"1098","GGTAATCTCTAGCAAC-1_4_2"
"1099","GGTAGAGGTGCATCTA-1_4_2"
"1100","GGTCACGGTTTCGCTC-1_4_2"
"1101","GGTGAAGCAAATCAAG-1_4_2"
"1102","GGTGGCTGTGAGACCA-1_4_2"
"1103","GGTGTCGAGAATTTGG-1_4_2"
"1104","GGTGTCGAGTTACGGG-1_4_2"
"1105","GGTGTCGGTCCTGTTC-1_4_2"
"1106","GGTGTTACATGGGCAA-1_4_2"
"1107","GGTTAACCACTTGTGA-1_4_2"
"1108","GGTTAACGTATCGAAA-1_4_2"
"1109","GGTTCTCAGGATATGT-1_4_2"
"1110","GTAACACCATAGATGA-1_4_2"
"1111","GTAACCAAGACCAGCA-1_4_2"
"1112","GTAAGTCAGGTACAAT-1_4_2"
"1113","GTAAGTCAGTAAATGC-1_4_2"
"1114","GTAATCGGTCTTGAGT-1_4_2"
"1115","GTAATGCTCCACTGAA-1_4_2"
"1116","GTACAACAGTAGGTTA-1_4_2"
"1117","GTACAACCAAAGAGTT-1_4_2"
"1118","GTACAGTCAGGACTAG-1_4_2"
"1119","GTACAGTCATTGACAC-1_4_2"
"1120","GTACAGTGTACGTTCA-1_4_2"
"1121","GTAGAAAAGCCGGATA-1_4_2"
"1122","GTAGATCAGGTCACAG-1_4_2"
"1123","GTAGATCCAGCTACCG-1_4_2"
"1124","GTAGCTAAGTTAACAG-1_4_2"
"1125","GTAGTACCAGCCCACA-1_4_2"
"1126","GTATTGGCACACGGAA-1_4_2"
"1127","GTATTGGGTTTACTTC-1_4_2"
"1128","GTATTTCAGTCGAATA-1_4_2"
"1129","GTATTTCGTATCGCTA-1_4_2"
"1130","GTATTTCGTGAGCTCC-1_4_2"
"1131","GTATTTCGTGCTAGCC-1_4_2"
"1132","GTCAAACTCTTTACAC-1_4_2"
"1133","GTCAAGTGTATAGGAT-1_4_2"
"1134","GTCAAGTGTCGACTGC-1_4_2"
"1135","GTCACTCAGTCACACT-1_4_2"
"1136","GTCAGCGAGGGCATGT-1_4_2"
"1137","GTCAGCGCAACGTAAA-1_4_2"
"1138","GTCAGCGGTTGCGGAA-1_4_2"
"1139","GTCATTTAGCATGATA-1_4_2"
"1140","GTCATTTCAGGCTTGC-1_4_2"
"1141","GTCCACTAGAATTCAG-1_4_2"
"1142","GTCCACTGTCATAAAG-1_4_2"
"1143","GTCCACTTCGGAATGG-1_4_2"
"1144","GTCCCATAGCGTGTCC-1_4_2"
"1145","GTCCCATCAAATCGGG-1_4_2"
"1146","GTCCCATCAGACAAAT-1_4_2"
"1147","GTCGAATAGTTCAACC-1_4_2"
"1148","GTCGAATTCACGGACC-1_4_2"
"1149","GTCGCGACATCATCTT-1_4_2"
"1150","GTCTACCAGCACGATG-1_4_2"
"1151","GTCTACCCAGATTAAG-1_4_2"
"1152","GTCTACCTCAACGCTA-1_4_2"
"1153","GTCTAGAGTACGTGAG-1_4_2"
"1154","GTCTAGATCGTTCCCA-1_4_2"
"1155","GTCTCACGTTTCGTGA-1_4_2"
"1156","GTCTGTCAGAGGGTAA-1_4_2"
"1157","GTCTGTCAGATTTGCC-1_4_2"
"1158","GTCTGTCCATCAGCAT-1_4_2"
"1159","GTCTTTACAGGATTCT-1_4_2"
"1160","GTCTTTAGTACGAAAT-1_4_2"
"1161","GTCTTTAGTCCGGATC-1_4_2"
"1162","GTCTTTAGTGGACCAA-1_4_2"
"1163","GTCTTTAGTTCCGCAG-1_4_2"
"1164","GTGACGCCACTCTCGT-1_4_2"
"1165","GTGACGCGTGAATTGA-1_4_2"
"1166","GTGAGCCCAACTAGAA-1_4_2"
"1167","GTGAGCCCACGCCACA-1_4_2"
"1168","GTGAGTTAGGTTATAG-1_4_2"
"1169","GTGATGTTCCACGTAA-1_4_2"
"1170","GTGCACGGTTGAGTCT-1_4_2"
"1171","GTGCAGCCAGCTACCG-1_4_2"
"1172","GTGCGTGAGTCAGCGA-1_4_2"
"1173","GTGCGTGCACGGTGCT-1_4_2"
"1174","GTGCGTGCATGGGAAC-1_4_2"
"1175","GTGCGTGTCAAGTCTG-1_4_2"
"1176","GTGCTGGAGCCAAGGT-1_4_2"
"1177","GTGCTGGCAGTGCGCT-1_4_2"
"1178","GTGCTGGTCGCCACTT-1_4_2"
"1179","GTGCTTCTCTTAGCCC-1_4_2"
"1180","GTGGAGAAGACATCCT-1_4_2"
"1181","GTGGAGATCGCAACAT-1_4_2"
"1182","GTGGGAACAGTTACCA-1_4_2"
"1183","GTGGGAACATGACTAC-1_4_2"
"1184","GTGGGAAGTGTCCGGT-1_4_2"
"1185","GTGGGAATCGCCTCTA-1_4_2"
"1186","GTGGTTAAGAATTGTG-1_4_2"
"1187","GTGGTTATCTCGCGTT-1_4_2"
"1188","GTGGTTATCTGGTGGC-1_4_2"
"1189","GTGTAACGTGTCCCTT-1_4_2"
"1190","GTGTCCTCAAACCACT-1_4_2"
"1191","GTGTGATAGTAACCTC-1_4_2"
"1192","GTGTGATCAACAGCCC-1_4_2"
"1193","GTGTGGCAGTCCGCGT-1_4_2"
"1194","GTGTTAGAGCGATTCT-1_4_2"
"1195","GTGTTAGGTACTCAAC-1_4_2"
"1196","GTGTTAGGTGAGATAT-1_4_2"
"1197","GTGTTAGTCATTGTTC-1_4_2"
"1198","GTGTTAGTCTCTGCCA-1_4_2"
"1199","GTTACAGCAGGGCTTC-1_4_2"
"1200","GTTACAGTCTACGCGG-1_4_2"
"1201","GTTACCCCATTGCCTC-1_4_2"
"1202","GTTACCCTCTGGACCG-1_4_2"
"1203","GTTACGAGTTGGACTT-1_4_2"
"1204","GTTAGTGCACTGGACC-1_4_2"
"1205","GTTAGTGTCCGCAACG-1_4_2"
"1206","GTTATGGGTAACACCT-1_4_2"
"1207","GTTCCGTGTCGCGTCA-1_4_2"
"1208","GTTCGCTTCGCAACAT-1_4_2"
"1209","GTTCTATGTCACCGAC-1_4_2"
"1210","GTTGCGGCAACACTAC-1_4_2"
"1211","GTTGCTCGTACGTACT-1_4_2"
"1212","GTTGCTCGTTTCACTT-1_4_2"
"1213","GTTGCTCTCGCATGAT-1_4_2"
"1214","GTTGTAGGTTCAAACC-1_4_2"
"1215","GTTGTCCAGGTTGACG-1_4_2"
"1216","GTTGTCCGTAGAGCTG-1_4_2"
"1217","GTTGTCCGTCGTGCCA-1_4_2"
"1218","GTTGTCCGTTATTCTC-1_4_2"
"1219","GTTGTGACATGCGTGC-1_4_2"
"1220","TAACACGAGTCCTGCG-1_4_2"
"1221","TAACACGCAGTAGAAT-1_4_2"
"1222","TAACACGTCAGAATAG-1_4_2"
"1223","TAACCAGAGCACCGAA-1_4_2"
"1224","TAACCAGAGGCTAAAT-1_4_2"
"1225","TAACCAGGTACTAAGA-1_4_2"
"1226","TAACGACCAACCTATG-1_4_2"
"1227","TAACTTCCAACAGCTT-1_4_2"
"1228","TAACTTCTCTACGGGC-1_4_2"
"1229","TAAGCACAGCACTCCG-1_4_2"
"1230","TAAGCACCATCCTATT-1_4_2"
"1231","TAAGCACTCGTCTACC-1_4_2"
"1232","TAAGCCAGTGACACGA-1_4_2"
"1233","TAAGCCAGTGCCTATA-1_4_2"
"1234","TAAGTCGGTCAAAGCG-1_4_2"
"1235","TACAACGAGACGGATC-1_4_2"
"1236","TACACCCTCGTAGCTA-1_4_2"
"1237","TACAGGTTCATCGGGC-1_4_2"
"1238","TACAGGTTCTGAGGTT-1_4_2"
"1239","TACATTCCAGTTTCGA-1_4_2"
"1240","TACCCACTCAGCCTCT-1_4_2"
"1241","TACCCACTCTTACCGC-1_4_2"
"1242","TACCCGTAGGCCATAG-1_4_2"
"1243","TACCCGTCAGAACTTC-1_4_2"
"1244","TACCCGTTCTGCTTTA-1_4_2"
"1245","TACCGAAGTGCGTTTA-1_4_2"
"1246","TACCGAATCCTTACCG-1_4_2"
"1247","TACCGGGAGTCACTGT-1_4_2"
"1248","TACCGGGCAGTCGGTC-1_4_2"
"1249","TACCTCGCACTACTTT-1_4_2"
"1250","TACCTCGCAGGTCTCG-1_4_2"
"1251","TACCTCGGTCCATACA-1_4_2"
"1252","TACCTCGTCTGCGAGC-1_4_2"
"1253","TACCTGCAGAGTCAAT-1_4_2"
"1254","TACCTGCGTATGGTTC-1_4_2"
"1255","TACCTGCTCCCAGGAC-1_4_2"
"1256","TACGCTCGTAGCTGTT-1_4_2"
"1257","TACGCTCGTGCCAAGA-1_4_2"
"1258","TACGGGCGTCCATAGT-1_4_2"
"1259","TACGGGCTCACATACG-1_4_2"
"1260","TACGGGCTCATCGCCT-1_4_2"
"1261","TACGGGCTCGACGAGA-1_4_2"
"1262","TACGGTAAGCTGAGTG-1_4_2"
"1263","TACGTCCCACGCACCA-1_4_2"
"1264","TACGTCCCAGCAGGAT-1_4_2"
"1265","TACGTCCTCCGGTAAT-1_4_2"
"1266","TACGTCCTCGATGCTA-1_4_2"
"1267","TACTGCCAGTCGAATA-1_4_2"
"1268","TACTGCCTCCGAGATT-1_4_2"
"1269","TACTTACCAGTCGAGA-1_4_2"
"1270","TACTTACCATCAGCAT-1_4_2"
"1271","TACTTACGTCGTGATT-1_4_2"
"1272","TACTTACTCGTAACCA-1_4_2"
"1273","TACTTCACAAATTGCC-1_4_2"
"1274","TACTTCAGTTCCAAAC-1_4_2"
"1275","TACTTCATCGAGATGG-1_4_2"
"1276","TACTTGTCATGTCGTA-1_4_2"
"1277","TACTTGTTCTGAGCAT-1_4_2"
"1278","TAGACCATCCATGAGT-1_4_2"
"1279","TAGACTGAGAGTCCGA-1_4_2"
"1280","TAGACTGGTGAGTGAC-1_4_2"
"1281","TAGACTGGTTCCGGTG-1_4_2"
"1282","TAGACTGTCATTCCTA-1_4_2"
"1283","TAGAGTCTCTACTGCC-1_4_2"
"1284","TAGATCGGTGTAACGG-1_4_2"
"1285","TAGATCGGTTGGACTT-1_4_2"
"1286","TAGATCGTCCCAGCGA-1_4_2"
"1287","TAGCACACACGCAAAG-1_4_2"
"1288","TAGCACAGTCACAATC-1_4_2"
"1289","TAGCACAGTGGATCGA-1_4_2"
"1290","TAGCACATCGGACGTC-1_4_2"
"1291","TAGGAGGCAGAGGTAC-1_4_2"
"1292","TAGGAGGTCAGCATTG-1_4_2"
"1293","TAGGGTTAGAACTGAT-1_4_2"
"1294","TAGGGTTAGTCACGCC-1_4_2"
"1295","TAGGGTTTCGCCAATA-1_4_2"
"1296","TAGGTTGGTGTATTGC-1_4_2"
"1297","TAGTGCACAGAAACCG-1_4_2"
"1298","TATACCTAGTCTGGAG-1_4_2"
"1299","TATACCTCAGCAGTGA-1_4_2"
"1300","TATACCTTCGCATTGA-1_4_2"
"1301","TATATCCAGTGGTTGG-1_4_2"
"1302","TATATCCCACTGTGTA-1_4_2"
"1303","TATATCCTCCCAAGCG-1_4_2"
"1304","TATCAGGCAGTAGAGC-1_4_2"
"1305","TATCAGGTCATCGTAG-1_4_2"
"1306","TATCAGGTCGCAACAT-1_4_2"
"1307","TATCAGGTCTGAACGT-1_4_2"
"1308","TATCAGGTCTGAGGCC-1_4_2"
"1309","TATCCTAAGCTAAATG-1_4_2"
"1310","TATCCTACACTGGAAG-1_4_2"
"1311","TATCCTACATAGGAGC-1_4_2"
"1312","TATCGCCGTAGATTAG-1_4_2"
"1313","TATCGCCGTTTGGGAG-1_4_2"
"1314","TATCTGTAGAAGCCAC-1_4_2"
"1315","TATCTGTCAAGAGGTC-1_4_2"
"1316","TATCTGTCACAAATCC-1_4_2"
"1317","TATCTTGAGTAGCCAG-1_4_2"
"1318","TATCTTGGTACATTGC-1_4_2"
"1319","TATGTTCGTGTTGAGG-1_4_2"
"1320","TATGTTCTCAGCTGAT-1_4_2"
"1321","TATGTTCTCCACGGAC-1_4_2"
"1322","TATTCCATCCGTATAG-1_4_2"
"1323","TATTGCTCAAGTGGAC-1_4_2"
"1324","TATTGGGAGTCTCCTC-1_4_2"
"1325","TATTGGGCACATAGCT-1_4_2"
"1326","TATTGGGCATCCAATG-1_4_2"
"1327","TATTGGGGTCACTCAA-1_4_2"
"1328","TATTTCGCACTGGCCA-1_4_2"
"1329","TATTTCGTCCTCTGCA-1_4_2"
"1330","TCAAGACCAGTCGAGA-1_4_2"
"1331","TCAAGACGTGTATCCA-1_4_2"
"1332","TCAAGACTCAAACGTC-1_4_2"
"1333","TCAAGCACAACGCATT-1_4_2"
"1334","TCAAGCACATCCGGTG-1_4_2"
"1335","TCAAGTGTCAAGTCGT-1_4_2"
"1336","TCAAGTGTCACGGGAA-1_4_2"
"1337","TCAATCTTCTGCTGAA-1_4_2"
"1338","TCACACCAGGGACCAT-1_4_2"
"1339","TCACACCTCAGGACGA-1_4_2"
"1340","TCACGCTGTGTTCGTA-1_4_2"
"1341","TCACGCTTCAAGATAG-1_4_2"
"1342","TCACGGGGTCGTGGTC-1_4_2"
"1343","TCACTATCATCTCGTC-1_4_2"
"1344","TCACTATTCCTACAAG-1_4_2"
"1345","TCACTCGAGGATGTTA-1_4_2"
"1346","TCACTCGAGGGCAGAG-1_4_2"
"1347","TCACTCGTCCTGGGTG-1_4_2"
"1348","TCAGCAAAGTTCGCAT-1_4_2"
"1349","TCAGCAAGTGATTGGG-1_4_2"
"1350","TCAGCCTAGGCATCTT-1_4_2"
"1351","TCAGGTAAGTCATCCA-1_4_2"
"1352","TCAGGTAAGTGATCGG-1_4_2"
"1353","TCAGGTAGTAGACGGT-1_4_2"
"1354","TCAGGTAGTTATCTTC-1_4_2"
"1355","TCAGTCCCAACACGTT-1_4_2"
"1356","TCAGTCCCAGGTTCAT-1_4_2"
"1357","TCAGTCCTCAGTCTTT-1_4_2"
"1358","TCAGTCCTCTAGCCTC-1_4_2"
"1359","TCAGTCCTCTCCGAGG-1_4_2"
"1360","TCAGTGATCGATCCCT-1_4_2"
"1361","TCATACTAGCCACTCG-1_4_2"
"1362","TCATACTAGTTGAAAC-1_4_2"
"1363","TCATACTCACATTACG-1_4_2"
"1364","TCATATCCAGATTCGT-1_4_2"
"1365","TCATATCCAGCGTACC-1_4_2"
"1366","TCATATCCATGAATAG-1_4_2"
"1367","TCATATCTCCGTGACG-1_4_2"
"1368","TCATCATGTGAACCGA-1_4_2"
"1369","TCATCCGCAAGGCAAC-1_4_2"
"1370","TCATCCGCAGCATGCC-1_4_2"
"1371","TCATCCGTCACAACCA-1_4_2"
"1372","TCATCCGTCCTTCACG-1_4_2"
"1373","TCATGAGCACTCCTGT-1_4_2"
"1374","TCATGAGGTGCCCGTA-1_4_2"
"1375","TCATGCCAGAAACTGT-1_4_2"
"1376","TCATGGATCGGTCTAA-1_4_2"
"1377","TCATGTTAGACGGAAA-1_4_2"
"1378","TCATGTTAGGTAAGAG-1_4_2"
"1379","TCATGTTCAAGAGATT-1_4_2"
"1380","TCATTACAGCGTTGTT-1_4_2"
"1381","TCATTACGTATGCTTG-1_4_2"
"1382","TCATTACTCGCTGCGA-1_4_2"
"1383","TCATTACTCTGATGGT-1_4_2"
"1384","TCATTCATCGTCACCT-1_4_2"
"1385","TCATTGTAGTGTACCT-1_4_2"
"1386","TCATTGTCACTATGTG-1_4_2"
"1387","TCATTTGCAGTGGGTA-1_4_2"
"1388","TCATTTGGTATGTGTC-1_4_2"
"1389","TCCACGTCAGGCGTTC-1_4_2"
"1390","TCCACGTTCCCATAGA-1_4_2"
"1391","TCCACGTTCGCGTGCA-1_4_2"
"1392","TCCAGAACAGACCTGC-1_4_2"
"1393","TCCAGAACATTGACAC-1_4_2"
"1394","TCCATCGAGTCCGCCA-1_4_2"
"1395","TCCATCGGTTGCTGAT-1_4_2"
"1396","TCCATGCAGGACAACC-1_4_2"
"1397","TCCATGCGTGTGTCGC-1_4_2"
"1398","TCCCACAGTACACGTT-1_4_2"
"1399","TCCCAGTCAACCGTAT-1_4_2"
"1400","TCCCAGTGTTCTGAGT-1_4_2"
"1401","TCCCAGTTCCTGCCAT-1_4_2"
"1402","TCCCATGAGCATTGTC-1_4_2"
"1403","TCCCATGGTTGAGGAC-1_4_2"
"1404","TCCGAAAAGTAAGACT-1_4_2"
"1405","TCCGAAACACTACTTT-1_4_2"
"1406","TCCGAAACATCCTAAG-1_4_2"
"1407","TCCGAAAGTTAAGAAC-1_4_2"
"1408","TCCGATCAGGCATGGT-1_4_2"
"1409","TCCGATCTCAAAGCCT-1_4_2"
"1410","TCCGGGACAAACGTGG-1_4_2"
"1411","TCCGGGACATGTCTAG-1_4_2"
"1412","TCCGTGTCAGGGATAC-1_4_2"
"1413","TCCTAATAGAGGTTTA-1_4_2"
"1414","TCCTCCCGTGCCGGTT-1_4_2"
"1415","TCCTCCCTCAGCCTTC-1_4_2"
"1416","TCCTCGAGTAATCAGA-1_4_2"
"1417","TCCTCGAGTTAGTCGT-1_4_2"
"1418","TCCTCTTAGAGAGCGG-1_4_2"
"1419","TCCTCTTAGAGCTGCA-1_4_2"
"1420","TCCTGCAGTAGGTTTC-1_4_2"
"1421","TCCTTCTGTCTGCATA-1_4_2"
"1422","TCCTTCTTCTCAGTCC-1_4_2"
"1423","TCCTTTCAGCCATTCA-1_4_2"
"1424","TCCTTTCCACACTTAG-1_4_2"
"1425","TCGAACAAGATGTTCC-1_4_2"
"1426","TCGAACATCCATCGTC-1_4_2"
"1427","TCGACCTGTGAGTAGC-1_4_2"
"1428","TCGACGGAGTGTTCCA-1_4_2"
"1429","TCGACGGGTCTGTCAA-1_4_2"
"1430","TCGCACTGTTAGAAAC-1_4_2"
"1431","TCGCAGGAGGAACATT-1_4_2"
"1432","TCGCAGGCAGCTATTG-1_4_2"
"1433","TCGCTCAAGTGTTGTC-1_4_2"
"1434","TCGCTCAGTACAGAGC-1_4_2"
"1435","TCGCTCATCGTAGGGA-1_4_2"
"1436","TCGCTTGAGAGCCCAA-1_4_2"
"1437","TCGGATAAGTAAACAC-1_4_2"
"1438","TCGGATAAGTTTCGAC-1_4_2"
"1439","TCGGATATCCGTCAAA-1_4_2"
"1440","TCGGATATCGGCAGTC-1_4_2"
"1441","TCGGGACAGGTCACCC-1_4_2"
"1442","TCGGGACCACTCCACT-1_4_2"
"1443","TCGGGACGTTATGTGC-1_4_2"
"1444","TCGGGTGAGAAACACT-1_4_2"
"1445","TCGGGTGAGTTCAACC-1_4_2"
"1446","TCGGTCTCACAACCGC-1_4_2"
"1447","TCGTAGATCACTTATC-1_4_2"
"1448","TCGTCCATCGCCAGTG-1_4_2"
"1449","TCGTCCATCTTAGCCC-1_4_2"
"1450","TCGTGGGAGTCATAGA-1_4_2"
"1451","TCTAACTCAGCTTCCT-1_4_2"
"1452","TCTAACTGTCATCCCT-1_4_2"
"1453","TCTAACTGTCTTCGAA-1_4_2"
"1454","TCTACATAGCCGGAAT-1_4_2"
"1455","TCTACATGTCATCCGG-1_4_2"
"1456","TCTACATTCATGGCCG-1_4_2"
"1457","TCTACATTCCATACTT-1_4_2"
"1458","TCTACATTCTCCGCAT-1_4_2"
"1459","TCTACCGAGGCAGTCA-1_4_2"
"1460","TCTACCGAGTCACTGT-1_4_2"
"1461","TCTACCGCACAGTGTT-1_4_2"
"1462","TCTACCGCACCATAAC-1_4_2"
"1463","TCTATACAGGCCCGTT-1_4_2"
"1464","TCTATACAGGTGCGAT-1_4_2"
"1465","TCTATACCATTCCTAT-1_4_2"
"1466","TCTATCATCAGCTAGT-1_4_2"
"1467","TCTCACGAGCCTCATA-1_4_2"
"1468","TCTCACGGTTCCTACC-1_4_2"
"1469","TCTCAGCAGGATGTTA-1_4_2"
"1470","TCTCAGCTCCCTCTTT-1_4_2"
"1471","TCTCCGACAGAGCTAG-1_4_2"
"1472","TCTCCGAGTGGTAATA-1_4_2"
"1473","TCTCCGAGTTTACGTG-1_4_2"
"1474","TCTCCGATCACAACCA-1_4_2"
"1475","TCTCTGGTCTCGAACA-1_4_2"
"1476","TCTGCCATCCCTCATG-1_4_2"
"1477","TCTTAGTAGCATTGTC-1_4_2"
"1478","TCTTAGTCAGTGCCTG-1_4_2"
"1479","TCTTCCTAGAAGCGAA-1_4_2"
"1480","TCTTCCTAGATTCGAA-1_4_2"
"1481","TCTTCCTAGCTGAAGC-1_4_2"
"1482","TCTTCCTCATCTCAAG-1_4_2"
"1483","TCTTGCGAGATTGCGG-1_4_2"
"1484","TCTTGCGAGCAATAGT-1_4_2"
"1485","TCTTGCGAGTTGCTCA-1_4_2"
"1486","TCTTGCGTCAATGTCG-1_4_2"
"1487","TCTTTGAAGAGCAGTC-1_4_2"
"1488","TCTTTGATCAGTCCGG-1_4_2"
"1489","TGAACGTAGGTCGCCT-1_4_2"
"1490","TGAACGTAGTGCGACA-1_4_2"
"1491","TGAACGTCAGGGATAC-1_4_2"
"1492","TGAACGTTCAAAGAAC-1_4_2"
"1493","TGAATCGAGAAGGGAT-1_4_2"
"1494","TGAATCGGTCGTCATA-1_4_2"
"1495","TGAATCGGTCTTCATT-1_4_2"
"1496","TGAATCGTCACCGGTG-1_4_2"
"1497","TGAATGCAGCACGTCC-1_4_2"
"1498","TGACAGTAGGCCTGAA-1_4_2"
"1499","TGACAGTCATCGGATT-1_4_2"
"1500","TGACCCTCAAGTGGGT-1_4_2"
"1501","TGACCCTGTTCCAGGC-1_4_2"
"1502","TGACGCGAGGACGCTA-1_4_2"
"1503","TGACGCGCACTACCCT-1_4_2"
"1504","TGACTCCTCTCCGATC-1_4_2"
"1505","TGAGCATAGGTTACCT-1_4_2"
"1506","TGAGCATCAGTAGTTC-1_4_2"
"1507","TGAGCATCATCCGCGA-1_4_2"
"1508","TGAGCATTCAGCCTTC-1_4_2"
"1509","TGAGCATTCAGTGTCA-1_4_2"
"1510","TGAGCGCAGATTGCGG-1_4_2"
"1511","TGAGCGCTCCTTACCG-1_4_2"
"1512","TGAGGGACAGCATCTA-1_4_2"
"1513","TGAGGGAGTCGAGTTT-1_4_2"
"1514","TGAGGGAGTTTACTTC-1_4_2"
"1515","TGAGGTTAGTAGCATA-1_4_2"
"1516","TGAGGTTAGTATGGCG-1_4_2"
"1517","TGAGGTTTCGCCTAGG-1_4_2"
"1518","TGATCAGCACCGCTGA-1_4_2"
"1519","TGATCAGTCGAGGCAA-1_4_2"
"1520","TGATCAGTCGGTTCAA-1_4_2"
"1521","TGATCTTCAATCAAGA-1_4_2"
"1522","TGATGCACACCTTCCA-1_4_2"
"1523","TGATGCACATTCTGTT-1_4_2"
"1524","TGATGCATCTACCAGA-1_4_2"
"1525","TGATGGTCATATGAAG-1_4_2"
"1526","TGATTCTCAGACAAAT-1_4_2"
"1527","TGATTCTGTGCCTGAC-1_4_2"
"1528","TGATTCTTCATTTGCT-1_4_2"
"1529","TGATTCTTCCCATAGA-1_4_2"
"1530","TGATTTCTCATAGACC-1_4_2"
"1531","TGCACGGCACCTGCTT-1_4_2"
"1532","TGCACGGGTGGACCTC-1_4_2"
"1533","TGCAGATCAGTGTATC-1_4_2"
"1534","TGCAGATTCGTTCTCG-1_4_2"
"1535","TGCAGATTCTTCCCGA-1_4_2"
"1536","TGCAGTAGTCGCATCG-1_4_2"
"1537","TGCAGTATCGAGAGAC-1_4_2"
"1538","TGCATCCTCGGCGATC-1_4_2"
"1539","TGCATCCTCTAGTGTG-1_4_2"
"1540","TGCATGACACAATGTC-1_4_2"
"1541","TGCATGACAGGTGACA-1_4_2"
"1542","TGCATGATCAGCACCG-1_4_2"
"1543","TGCCGAGTCTGTCTCG-1_4_2"
"1544","TGCGATAGTTCCACGG-1_4_2"
"1545","TGCGGCAAGTCGGCAA-1_4_2"
"1546","TGCGGGTAGCTCCCTT-1_4_2"
"1547","TGCGGGTTCTGTAACG-1_4_2"
"1548","TGCTCCACACGCGTCA-1_4_2"
"1549","TGCTCCACATCGTGCG-1_4_2"
"1550","TGCTCCAGTGGTTCTA-1_4_2"
"1551","TGCTGAAAGGCGCTTC-1_4_2"
"1552","TGCTTCGGTAACATAG-1_4_2"
"1553","TGCTTGCAGCGCCTAC-1_4_2"
"1554","TGCTTGCCAGATTAAG-1_4_2"
"1555","TGGAACTAGGGTACGT-1_4_2"
"1556","TGGAACTCAATCTAGC-1_4_2"
"1557","TGGAGAGCAGGTTACT-1_4_2"
"1558","TGGATGTAGCCGATCC-1_4_2"
"1559","TGGATGTCACGTGTGC-1_4_2"
"1560","TGGATGTTCACGAACT-1_4_2"
"1561","TGGATGTTCCTAGCGG-1_4_2"
"1562","TGGCGTGGTATACCTG-1_4_2"
"1563","TGGCGTGGTTGGCCTG-1_4_2"
"1564","TGGGAAGAGCCTGCCA-1_4_2"
"1565","TGGGAAGAGTGTGTTC-1_4_2"
"1566","TGGGAAGTCTATCGGA-1_4_2"
"1567","TGGGAGACACCAGCCA-1_4_2"
"1568","TGGGATTGTAAGGTCG-1_4_2"
"1569","TGGGCGTAGCGCTGCT-1_4_2"
"1570","TGGGCGTAGTGAGGTC-1_4_2"
"1571","TGGGCTGAGGTTCCGC-1_4_2"
"1572","TGGGCTGAGTGATAAC-1_4_2"
"1573","TGGGCTGGTACCGGAA-1_4_2"
"1574","TGGGCTGGTTTCGCTC-1_4_2"
"1575","TGGGTTATCTGAGGCC-1_4_2"
"1576","TGGTACACACCTAAAC-1_4_2"
"1577","TGGTAGTCAGTACTAC-1_4_2"
"1578","TGGTAGTCATGCACTA-1_4_2"
"1579","TGGTAGTTCACGAGGA-1_4_2"
"1580","TGGTGATAGACTGAGC-1_4_2"
"1581","TGGTTAGCACAAGCTT-1_4_2"
"1582","TGGTTAGCAGTAGTGG-1_4_2"
"1583","TGTAACGGTTCAGCGC-1_4_2"
"1584","TGTAAGCGTGCGGCTT-1_4_2"
"1585","TGTAAGCTCCTGATAG-1_4_2"
"1586","TGTACAGGTATTGAGA-1_4_2"
"1587","TGTACAGTCGAAGTGG-1_4_2"
"1588","TGTACAGTCGACGACC-1_4_2"
"1589","TGTAGACTCACCATCC-1_4_2"
"1590","TGTAGACTCGCATAGT-1_4_2"
"1591","TGTCCCACATTGTGCA-1_4_2"
"1592","TGTCCCAGTGAGAACC-1_4_2"
"1593","TGTCCTGAGCACCAGA-1_4_2"
"1594","TGTCCTGCATTCACAG-1_4_2"
"1595","TGTGAGTCACTACAGT-1_4_2"
"1596","TGTGAGTGTCCCAAAT-1_4_2"
"1597","TGTGATGAGTATGACA-1_4_2"
"1598","TGTGATGGTTAAGACA-1_4_2"
"1599","TGTGCGGTCCCAACTC-1_4_2"
"1600","TGTGGCGAGCTAGCCC-1_4_2"
"1601","TGTGGCGTCTCAGGCG-1_4_2"
"1602","TGTGTGAAGCCGATAG-1_4_2"
"1603","TGTGTGACACAATGTC-1_4_2"
"1604","TGTTCATCAGTGTATC-1_4_2"
"1605","TGTTCATTCCAGTTCC-1_4_2"
"1606","TGTTCATTCTCTCGAC-1_4_2"
"1607","TGTTCCGTCACAAGGG-1_4_2"
"1608","TGTTCTACATCTTAGG-1_4_2"
"1609","TGTTCTAGTACGAGTG-1_4_2"
"1610","TGTTGAGAGCACCGTC-1_4_2"
"1611","TGTTGAGAGTGTTGAA-1_4_2"
"1612","TGTTGAGCAAAGAACT-1_4_2"
"1613","TGTTGGATCGCTTGCT-1_4_2"
"1614","TGTTTGTCAACTACGT-1_4_2"
"1615","TGTTTGTGTGGGTTGA-1_4_2"
"1616","TGTTTGTGTTAAGTCC-1_4_2"
"1617","TTAATCCCACCTATCC-1_4_2"
"1618","TTACAGGCACTCACTC-1_4_2"
"1619","TTACAGGCATCTGGGC-1_4_2"
"1620","TTACAGGGTCATACCA-1_4_2"
"1621","TTACCATAGTGCGCTC-1_4_2"
"1622","TTACCATCACCAGGTC-1_4_2"
"1623","TTACCATCATAACGGG-1_4_2"
"1624","TTACCGCAGCACCAGA-1_4_2"
"1625","TTACCGCAGGGTCTTT-1_4_2"
"1626","TTACCGCTCATTACCT-1_4_2"
"1627","TTACGCCAGGCTCACC-1_4_2"
"1628","TTACGCCAGTCCCAGC-1_4_2"
"1629","TTACGCCCATGTCTAG-1_4_2"
"1630","TTACGTTAGCTTCGTA-1_4_2"
"1631","TTACGTTCAAATTAGG-1_4_2"
"1632","TTACGTTCAGCCCAGT-1_4_2"
"1633","TTAGGCATCCACTAGA-1_4_2"
"1634","TTAGTCTCATCATTTC-1_4_2"
"1635","TTAGTCTGTAGACAAT-1_4_2"
"1636","TTATTGCCACCCAAGC-1_4_2"
"1637","TTCAATCAGAGAGCGG-1_4_2"
"1638","TTCAATCCAATGACCT-1_4_2"
"1639","TTCACCGAGGTAATCA-1_4_2"
"1640","TTCACCGTCAGCATTG-1_4_2"
"1641","TTCACGCGTTCGTAAC-1_4_2"
"1642","TTCACGCTCAAGTGGG-1_4_2"
"1643","TTCACGCTCACGGGAA-1_4_2"
"1644","TTCAGGAGTTCGGTAT-1_4_2"
"1645","TTCCAATGTGGCCACT-1_4_2"
"1646","TTCCTAAAGAGCCCAA-1_4_2"
"1647","TTCCTAATCAGACCTA-1_4_2"
"1648","TTCCTAATCCCAATAG-1_4_2"
"1649","TTCCTCTGTTCATCGA-1_4_2"
"1650","TTCCTTCCACGTCATA-1_4_2"
"1651","TTCCTTCCATACCATG-1_4_2"
"1652","TTCGATTCAGACGCTC-1_4_2"
"1653","TTCGATTGTTCGAACT-1_4_2"
"1654","TTCGCTGAGCTCCATA-1_4_2"
"1655","TTCGCTGAGTCGAATA-1_4_2"
"1656","TTCGCTGTCACCTCGT-1_4_2"
"1657","TTCGGTCCAGAGGACT-1_4_2"
"1658","TTCTAACAGAATCGCG-1_4_2"
"1659","TTCTAACGTACACTCA-1_4_2"
"1660","TTCTAACGTCCACGCA-1_4_2"
"1661","TTCTAGTAGGTATAGT-1_4_2"
"1662","TTCTAGTCACTCCTGT-1_4_2"
"1663","TTCTAGTTCGAACTCA-1_4_2"
"1664","TTCTGTACATTGAAGA-1_4_2"
"1665","TTCTGTAGTTTGACAC-1_4_2"
"1666","TTCTTCCTCTGAACGT-1_4_2"
"1667","TTCTTGAAGTAGACAT-1_4_2"
"1668","TTCTTGAGTCAAGTTC-1_4_2"
"1669","TTCTTGATCATACGGT-1_4_2"
"1670","TTGACCCGTACCAGAG-1_4_2"
"1671","TTGAGTGAGAATCCCT-1_4_2"
"1672","TTGAGTGGTCCGGATC-1_4_2"
"1673","TTGAGTGGTGATACAA-1_4_2"
"1674","TTGATGGAGTAGTGCG-1_4_2"
"1675","TTGATGGAGTGTCATC-1_4_2"
"1676","TTGATGGGTGAACTAA-1_4_2"
"1677","TTGCATTCAGTGAGCA-1_4_2"
"1678","TTGCCTGCACCCTGAG-1_4_2"
"1679","TTGCCTGCAGCGATTT-1_4_2"
"1680","TTGCGTCAGATCCAAA-1_4_2"
"1681","TTGCGTCAGTCCCAAT-1_4_2"
"1682","TTGCGTCTCCGTACGG-1_4_2"
"1683","TTGCTGCAGCTGGCTC-1_4_2"
"1684","TTGCTGCCACCTGTCT-1_4_2"
"1685","TTGCTGCCAGCTCTGG-1_4_2"
"1686","TTGCTGCGTCCTATAG-1_4_2"
"1687","TTGGATGCAGCTTTCC-1_4_2"
"1688","TTGGATGCATATGGCT-1_4_2"
"1689","TTGGATGTCCCTAGGG-1_4_2"
"1690","TTGGGATCATTAGGAA-1_4_2"
"1691","TTGGGATGTTAGAAGT-1_4_2"
"1692","TTGGGATTCGACGCTG-1_4_2"
"1693","TTGGGTAAGTAATCCC-1_4_2"
"1694","TTGGTTTAGCATGATA-1_4_2"
"1695","TTGGTTTTCGACATTG-1_4_2"
"1696","TTGTGGACATAATGCC-1_4_2"
"1697","TTGTGGAGTCACGACC-1_4_2"
"1698","TTGTGTTGTCTCGGGT-1_4_2"
"1699","TTGTGTTTCTTCCCGA-1_4_2"
"1700","TTGTTCACACTAGAGG-1_4_2"
"1701","TTGTTGTAGAAGCTGC-1_4_2"
"1702","TTGTTTGCAGTGCCTG-1_4_2"
"1703","TTGTTTGGTCCACATA-1_4_2"
"1704","TTTACCAAGACCGTTT-1_4_2"
"1705","TTTACCAAGTTCCGGC-1_4_2"
"1706","TTTACCATCCATTCGC-1_4_2"
"1707","TTTACCATCGTGAGAG-1_4_2"
"1708","TTTACGTAGACCAGAC-1_4_2"
"1709","TTTACTGAGGGCCTCT-1_4_2"
"1710","TTTAGTCCACGAGGTA-1_4_2"
"1711","TTTAGTCCACGATAGG-1_4_2"
"1712","TTTAGTCTCTATCCAT-1_4_2"
"1713","TTTATGCGTCATTCCC-1_4_2"
"1714","TTTATGCTCCATTGTT-1_4_2"
"1715","TTTATGCTCCGTTTCG-1_4_2"
"1716","TTTATGCTCTTGCGCT-1_4_2"
"1717","TTTCACAAGGGCTAAC-1_4_2"
"1718","TTTCACATCGAATCCA-1_4_2"
"1719","TTTCAGTAGACTCCGC-1_4_2"
"1720","TTTCAGTAGGGTTAAT-1_4_2"
"1721","TTTCAGTCAAGATGTA-1_4_2"
"1722","TTTCAGTTCTTAGCTT-1_4_2"
"1723","TTTCATGAGGCCTTGC-1_4_2"
"1724","TTTCATGAGGTCGCCT-1_4_2"
"1725","TTTCATGCAGGGAATC-1_4_2"
"1726","TTTCATGCAGGTCTCG-1_4_2"
"1727","TTTCATGTCCCAATAG-1_4_2"
"1728","TTTCCTCAGAGTGTTA-1_4_2"
"1729","TTTCCTCCACCTGCGA-1_4_2"
"1730","TTTCCTCCATGCAGCC-1_4_2"
"1731","TTTCCTCGTGTCCGTG-1_4_2"
"1732","TTTCGATAGAGGCCAT-1_4_2"
"1733","TTTCGATAGGCTATCT-1_4_2"
"1734","TTTGACTGTAACCAGG-1_4_2"
"1735","TTTGACTTCAGATGCT-1_4_2"
"1736","TTTGGAGAGCGGTAAC-1_4_2"
"1737","TTTGGAGAGCTGCGAA-1_4_2"
"1738","TTTGGAGGTCAGGCAA-1_4_2"
"1739","TTTGGAGTCATTCATC-1_4_2"
"1740","TTTGGTTAGACAACTA-1_4_2"
"1741","TTTGGTTCATCTATCT-1_4_2"
"1742","TTTGGTTTCCTACCGT-1_4_2"
"1743","TTTGTTGAGGATGGCT-1_4_2"
"1744","TTTGTTGAGTGGTGAC-1_4_2"
