"","x"
"1","AAACCCAGTCGATTCA-1_1_2"
"2","AAACCCATCAAAGAAC-1_1_2"
"3","AAACGAAAGCCTCGTG-1_1_2"
"4","AAACGAAAGTCCTGCG-1_1_2"
"5","AAACGAACACAAATCC-1_1_2"
"6","AAACGAACACTTGTGA-1_1_2"
"7","AAACGCTAGCCACAAG-1_1_2"
"8","AAACGCTGTTGGCCTG-1_1_2"
"9","AAAGAACAGAGCCGAT-1_1_2"
"10","AAAGAACAGGCATCAG-1_1_2"
"11","AAAGAACTCCAACTGA-1_1_2"
"12","AAAGGATAGAATCGCG-1_1_2"
"13","AAAGGATAGCATGAAT-1_1_2"
"14","AAAGGATTCGTCCATC-1_1_2"
"15","AAAGGTAAGAAACCAT-1_1_2"
"16","AAAGGTACAGGCGTTC-1_1_2"
"17","AAAGGTATCGAGTCCG-1_1_2"
"18","AAAGTCCGTGACCGAA-1_1_2"
"19","AAAGTCCGTTAGGGAC-1_1_2"
"20","AAAGTGAAGAGCAAGA-1_1_2"
"21","AAAGTGACACCAGGTC-1_1_2"
"22","AAAGTGATCAGAGTGG-1_1_2"
"23","AAATGGAAGTCTGGTT-1_1_2"
"24","AAATGGAGTACCGGCT-1_1_2"
"25","AAATGGATCGAAGCCC-1_1_2"
"26","AACAAAGCAATGCAAA-1_1_2"
"27","AACAAAGGTACAGCGA-1_1_2"
"28","AACAAAGGTTCCTAAG-1_1_2"
"29","AACAACCAGTTGTCAC-1_1_2"
"30","AACAACCGTCATCACA-1_1_2"
"31","AACAACCTCGCATTAG-1_1_2"
"32","AACAACCTCTGGCCAG-1_1_2"
"33","AACAAGAAGAGCAAGA-1_1_2"
"34","AACAAGAAGCAATAGT-1_1_2"
"35","AACAAGAAGCCAGACA-1_1_2"
"36","AACACACAGTTTGAGA-1_1_2"
"37","AACACACGTTAATGAG-1_1_2"
"38","AACACACTCAATCAGC-1_1_2"
"39","AACACACTCAGAGCAG-1_1_2"
"40","AACACACTCATGGGAG-1_1_2"
"41","AACAGGGAGAGGGTCT-1_1_2"
"42","AACAGGGAGTCGGCAA-1_1_2"
"43","AACAGGGCAAACTGCT-1_1_2"
"44","AACAGGGCACAACGAG-1_1_2"
"45","AACCAACCATCGTGGC-1_1_2"
"46","AACCAACCATTGCTTT-1_1_2"
"47","AACCAACGTAACGTTC-1_1_2"
"48","AACCAACGTAATACCC-1_1_2"
"49","AACCAACTCACACCCT-1_1_2"
"50","AACCACAAGTCACGCC-1_1_2"
"51","AACCACATCCTACTGC-1_1_2"
"52","AACCATGCAAGACAAT-1_1_2"
"53","AACCATGCAATGAGCG-1_1_2"
"54","AACCATGGTGACACAG-1_1_2"
"55","AACCATGTCGCAGTGC-1_1_2"
"56","AACCATGTCTCGTCAC-1_1_2"
"57","AACCCAACAAGTTGGG-1_1_2"
"58","AACCCAACACAAAGTA-1_1_2"
"59","AACCCAACATTGGCAT-1_1_2"
"60","AACCCAAGTATAATGG-1_1_2"
"61","AACCCAATCAAAGAAC-1_1_2"
"62","AACCTGAAGTCACGAG-1_1_2"
"63","AACCTTTCAATGTCAC-1_1_2"
"64","AACCTTTCATCTGGGC-1_1_2"
"65","AACCTTTTCGGCTCTT-1_1_2"
"66","AACGAAAGTGGCAGAT-1_1_2"
"67","AACGAAATCTCTGACC-1_1_2"
"68","AACGGGAAGTCATTGC-1_1_2"
"69","AACGGGAGTACCTGTA-1_1_2"
"70","AACGGGATCAACCTTT-1_1_2"
"71","AACGTCACAGTAACAA-1_1_2"
"72","AACGTCAGTGAGTTTC-1_1_2"
"73","AACTTCTAGAAGCTCG-1_1_2"
"74","AACTTCTCAGACAAAT-1_1_2"
"75","AAGAACACAAAGGCTG-1_1_2"
"76","AAGAACACAAGGAGTC-1_1_2"
"77","AAGAACACAGCGGTCT-1_1_2"
"78","AAGAACAGTAGAGATT-1_1_2"
"79","AAGAACAGTCAGCGTC-1_1_2"
"80","AAGAACATCGAAGCCC-1_1_2"
"81","AAGACTCGTTCAGCGC-1_1_2"
"82","AAGCATCGTATCAGGG-1_1_2"
"83","AAGCCATAGAATCGTA-1_1_2"
"84","AAGCCATGTATCGATC-1_1_2"
"85","AAGCCATTCCGTAGTA-1_1_2"
"86","AAGCGTTAGACAACAT-1_1_2"
"87","AAGCGTTAGCTCGGCT-1_1_2"
"88","AAGCGTTAGGGCAATC-1_1_2"
"89","AAGCGTTCATAACAGA-1_1_2"
"90","AAGCGTTGTAAGATAC-1_1_2"
"91","AAGCGTTGTCGTGCCA-1_1_2"
"92","AAGCGTTGTGCTTATG-1_1_2"
"93","AAGCGTTTCGTCTCAC-1_1_2"
"94","AAGGAATCAGTAGGAC-1_1_2"
"95","AAGGAATTCGGTTAGT-1_1_2"
"96","AAGGTAACACTACCCT-1_1_2"
"97","AAGGTAATCGCATTGA-1_1_2"
"98","AAGTACCAGCTGACTT-1_1_2"
"99","AAGTACCCAATACAGA-1_1_2"
"100","AAGTACCTCAAACCTG-1_1_2"
"101","AAGTACCTCGTGGGTC-1_1_2"
"102","AAGTCGTAGTTTGGCT-1_1_2"
"103","AAGTCGTCAACACAAA-1_1_2"
"104","AAGTCGTCAACCGGAA-1_1_2"
"105","AAGTCGTGTCCCTAAA-1_1_2"
"106","AAGTCGTGTGGGTCAA-1_1_2"
"107","AAGTTCGAGTCTGCAT-1_1_2"
"108","AAGTTCGCACTTGAGT-1_1_2"
"109","AAGTTCGGTTAGTTCG-1_1_2"
"110","AAGTTCGTCCAAGCCG-1_1_2"
"111","AAGTTCGTCCTATTTG-1_1_2"
"112","AAGTTCGTCTCTAAGG-1_1_2"
"113","AATAGAGAGACTACCT-1_1_2"
"114","AATAGAGCACCTTCGT-1_1_2"
"115","AATAGAGCAGCAGATG-1_1_2"
"116","AATAGAGTCGGCACTG-1_1_2"
"117","AATCACGAGCACGATG-1_1_2"
"118","AATCACGCAGACGCTC-1_1_2"
"119","AATCACGGTGCAACGA-1_1_2"
"120","AATCACGGTTGGATCT-1_1_2"
"121","AATCACGTCTCTGCCA-1_1_2"
"122","AATCGACAGGGAGATA-1_1_2"
"123","AATCGACCAAACGGCA-1_1_2"
"124","AATCGTGCAGATCATC-1_1_2"
"125","AATCGTGCAGGCCTGT-1_1_2"
"126","AATCGTGGTCGATTCA-1_1_2"
"127","AATCGTGTCCCTGGTT-1_1_2"
"128","AATGAAGCACAAACGG-1_1_2"
"129","AATGAAGCACCCTAGG-1_1_2"
"130","AATGAAGGTATGCTAC-1_1_2"
"131","AATGACCAGCTCATAC-1_1_2"
"132","AATGACCAGGCTTTCA-1_1_2"
"133","AATGACCAGTCTGCGC-1_1_2"
"134","AATGACCGTAGGAGGG-1_1_2"
"135","AATGACCGTCACTCGG-1_1_2"
"136","AATGCCAAGATCACTC-1_1_2"
"137","AATGCCAAGCCGTTGC-1_1_2"
"138","AATGCCAAGGCCTGAA-1_1_2"
"139","AATGGAAAGTATCTGC-1_1_2"
"140","AATGGAACAGTAACCT-1_1_2"
"141","AATGGAAGTAGTGATA-1_1_2"
"142","AATGGAAGTCTCAGGC-1_1_2"
"143","AATGGCTAGCCTGAGA-1_1_2"
"144","AATGGCTTCGTAGTGT-1_1_2"
"145","AATTCCTCAGCGAGTA-1_1_2"
"146","AATTCCTGTCGAACAG-1_1_2"
"147","AATTCCTTCGTTATCT-1_1_2"
"148","AATTTCCCACGACCTG-1_1_2"
"149","AATTTCCTCGTTCCTG-1_1_2"
"150","ACAAAGACAAAGACTA-1_1_2"
"151","ACAAAGATCAGACAAA-1_1_2"
"152","ACAAAGATCTATGCCC-1_1_2"
"153","ACAACCAAGCTCGCAC-1_1_2"
"154","ACAACCAAGGTGCCAA-1_1_2"
"155","ACAACCACAACCAGAG-1_1_2"
"156","ACAACCACAATCCTTT-1_1_2"
"157","ACAACCACAATGGGTG-1_1_2"
"158","ACAACCACACCATAAC-1_1_2"
"159","ACAACCACACCATTCC-1_1_2"
"160","ACAACCACACGTAGAG-1_1_2"
"161","ACAACCAGTCTCACAA-1_1_2"
"162","ACAAGCTAGGCCTAGA-1_1_2"
"163","ACAAGCTAGGTAAGAG-1_1_2"
"164","ACAAGCTGTCGCATTA-1_1_2"
"165","ACAAGCTTCAGACCTA-1_1_2"
"166","ACACAGTAGGGTGAGG-1_1_2"
"167","ACACAGTCACAGTCAT-1_1_2"
"168","ACACAGTCAGCGGTCT-1_1_2"
"169","ACACAGTCATGGCACC-1_1_2"
"170","ACACAGTTCAAAGACA-1_1_2"
"171","ACACAGTTCATTCCTA-1_1_2"
"172","ACACCAACAGCGATTT-1_1_2"
"173","ACACGCGCAACTAGAA-1_1_2"
"174","ACACTGAGTAATTGGA-1_1_2"
"175","ACACTGATCAGACCTA-1_1_2"
"176","ACAGAAAAGAAACACT-1_1_2"
"177","ACAGAAAAGAGGACTC-1_1_2"
"178","ACAGAAATCCTACGAA-1_1_2"
"179","ACAGCCGAGGTCACCC-1_1_2"
"180","ACAGCCGCATCATCCC-1_1_2"
"181","ACAGCCGTCACAACCA-1_1_2"
"182","ACAGGGAGTACCCGCA-1_1_2"
"183","ACATCCCTCAGCGTCG-1_1_2"
"184","ACATCCCTCGTCGGGT-1_1_2"
"185","ACATCGACAACATCGT-1_1_2"
"186","ACATCGACAACGACTT-1_1_2"
"187","ACATCGACAGCCTTCT-1_1_2"
"188","ACATCGAGTACCTAGT-1_1_2"
"189","ACATGCAAGTAGGATT-1_1_2"
"190","ACATGCACACATTCTT-1_1_2"
"191","ACATGCACATGGATCT-1_1_2"
"192","ACATGCAGTACCGGCT-1_1_2"
"193","ACATGCATCATAAGGA-1_1_2"
"194","ACATGCATCCAACCAA-1_1_2"
"195","ACATGCATCCGTGTAA-1_1_2"
"196","ACATTTCTCTCAAAGC-1_1_2"
"197","ACCAAACAGCCGATAG-1_1_2"
"198","ACCAAACCACTACACA-1_1_2"
"199","ACCAAACGTCAAGCGA-1_1_2"
"200","ACCAAACTCCAGTTCC-1_1_2"
"201","ACCAACAAGAACGCGT-1_1_2"
"202","ACCAACACAACCTAAC-1_1_2"
"203","ACCAACACAACTGCCG-1_1_2"
"204","ACCAACACATTGGATC-1_1_2"
"205","ACCAACAGTCTACACA-1_1_2"
"206","ACCACAAGTGCTCGTG-1_1_2"
"207","ACCATTTAGAAGTCTA-1_1_2"
"208","ACCATTTAGGGTTAGC-1_1_2"
"209","ACCATTTTCCATTTAC-1_1_2"
"210","ACCCAAAAGCAGCCTC-1_1_2"
"211","ACCCAAAGTCTAGGTT-1_1_2"
"212","ACCCAAAGTTGCAAGG-1_1_2"
"213","ACCCAAATCCTAAGTG-1_1_2"
"214","ACCCTCAAGACCAAAT-1_1_2"
"215","ACCCTCAGTCTTGAAC-1_1_2"
"216","ACCCTTGAGATTGGGC-1_1_2"
"217","ACCCTTGCATCGGAGA-1_1_2"
"218","ACCCTTGGTACGCTTA-1_1_2"
"219","ACCCTTGGTGCCCTTT-1_1_2"
"220","ACCGTTCGTGTCCATA-1_1_2"
"221","ACCTACCGTCAGCGTC-1_1_2"
"222","ACCTACCTCGACCACG-1_1_2"
"223","ACCTACCTCGCCTCTA-1_1_2"
"224","ACCTACCTCGGTTAGT-1_1_2"
"225","ACCTACCTCTCATTAC-1_1_2"
"226","ACCTGTCAGGCTGTAG-1_1_2"
"227","ACCTGTCCAATCCTTT-1_1_2"
"228","ACCTGTCCATCGTCCT-1_1_2"
"229","ACCTGTCGTTATGTGC-1_1_2"
"230","ACGATCATCTTTCGAT-1_1_2"
"231","ACGATGTCAAAGGCAC-1_1_2"
"232","ACGATGTGTCTGATAC-1_1_2"
"233","ACGATGTTCAAGATAG-1_1_2"
"234","ACGCACGAGACGCTCC-1_1_2"
"235","ACGCACGAGATGCCGA-1_1_2"
"236","ACGCACGAGGATATAC-1_1_2"
"237","ACGCACGCAATTGGTC-1_1_2"
"238","ACGCACGCAGTCTGGC-1_1_2"
"239","ACGGAAGCAGAAGTGC-1_1_2"
"240","ACGGAAGGTCGATTAC-1_1_2"
"241","ACGGAAGGTCTGTAGT-1_1_2"
"242","ACGGGTCAGCAGCCTC-1_1_2"
"243","ACGGGTCAGGGCCAAT-1_1_2"
"244","ACGGGTCCAAGTTGGG-1_1_2"
"245","ACGGGTCTCGAACCAT-1_1_2"
"246","ACGGTCGCAAGACTGG-1_1_2"
"247","ACGGTCGCACAACATC-1_1_2"
"248","ACGGTCGGTCAGTCTA-1_1_2"
"249","ACGGTTAAGCTCGGCT-1_1_2"
"250","ACGTACATCCGATGTA-1_1_2"
"251","ACGTAGTAGGCTTAGG-1_1_2"
"252","ACGTAGTTCGTAGAGG-1_1_2"
"253","ACGTCCTGTTACCGTA-1_1_2"
"254","ACGTTCCAGATGATTG-1_1_2"
"255","ACGTTCCCATACCAGT-1_1_2"
"256","ACGTTCCTCACTTATC-1_1_2"
"257","ACTATCTGTAAGATCA-1_1_2"
"258","ACTATCTGTGAGAACC-1_1_2"
"259","ACTATCTTCGCAGAGA-1_1_2"
"260","ACTATCTTCTGTCAGA-1_1_2"
"261","ACTATGGAGACTTGTC-1_1_2"
"262","ACTATGGAGCCTAGGA-1_1_2"
"263","ACTATGGCAGCGGATA-1_1_2"
"264","ACTCCCAAGGGTACAC-1_1_2"
"265","ACTCCCACAGGTTCCG-1_1_2"
"266","ACTCCCAGTCGCATCG-1_1_2"
"267","ACTCCCATCCACGTAA-1_1_2"
"268","ACTCCCATCGATACAC-1_1_2"
"269","ACTCCCATCGCGGTAC-1_1_2"
"270","ACTCTCGGTGGTCTCG-1_1_2"
"271","ACTCTCGTCAAGTGTC-1_1_2"
"272","ACTCTCGTCTCGACGG-1_1_2"
"273","ACTGATGAGATGATTG-1_1_2"
"274","ACTGATGAGCAATAAC-1_1_2"
"275","ACTGATGAGCCGATCC-1_1_2"
"276","ACTGATGCATGAGTAA-1_1_2"
"277","ACTGCAAAGGGACAGG-1_1_2"
"278","ACTGCAATCGGCAGTC-1_1_2"
"279","ACTGCAATCGTGCTCT-1_1_2"
"280","ACTGTCCCACGGCGTT-1_1_2"
"281","ACTGTCCGTAGAGTTA-1_1_2"
"282","ACTGTCCTCGGCTATA-1_1_2"
"283","ACTGTGACATTGAAGA-1_1_2"
"284","ACTTAGGAGATGAATC-1_1_2"
"285","ACTTAGGCAGTGCCTG-1_1_2"
"286","ACTTAGGTCAACACCA-1_1_2"
"287","ACTTAGGTCACCCTGT-1_1_2"
"288","ACTTATCTCTGCCTGT-1_1_2"
"289","ACTTCCGGTGGCTTAT-1_1_2"
"290","ACTTCGCCAAGCGATG-1_1_2"
"291","ACTTCGCGTATACAGA-1_1_2"
"292","ACTTTCACACAAGCCC-1_1_2"
"293","ACTTTCACACCGGTCA-1_1_2"
"294","ACTTTCATCAAGTAAG-1_1_2"
"295","ACTTTGTAGTATGCAA-1_1_2"
"296","ACTTTGTCACCTGCGA-1_1_2"
"297","ACTTTGTCAGACCAGA-1_1_2"
"298","ACTTTGTTCTGGGCAC-1_1_2"
"299","AGAAATGAGAAGTATC-1_1_2"
"300","AGAAATGAGGTAAAGG-1_1_2"
"301","AGAAATGAGTCCTGCG-1_1_2"
"302","AGAAATGAGTTCCTGA-1_1_2"
"303","AGAACAAAGTAAGACT-1_1_2"
"304","AGAACAACATGTGCCG-1_1_2"
"305","AGAACAAGTCTTCAAG-1_1_2"
"306","AGAACAAGTGCCTTTC-1_1_2"
"307","AGAAGCGAGTAGCAAT-1_1_2"
"308","AGAAGTAAGCCTCTTC-1_1_2"
"309","AGAAGTAGTAGCTTTG-1_1_2"
"310","AGACAAACAAGAGTTA-1_1_2"
"311","AGACAAAGTCACAATC-1_1_2"
"312","AGACAAAGTTTACGTG-1_1_2"
"313","AGACACTAGAAACCAT-1_1_2"
"314","AGACACTAGACCGTTT-1_1_2"
"315","AGACACTAGAGAACCC-1_1_2"
"316","AGACACTAGGATATAC-1_1_2"
"317","AGACACTGTTGCATTG-1_1_2"
"318","AGACACTTCGCAGATT-1_1_2"
"319","AGACACTTCTTGATTC-1_1_2"
"320","AGACAGGAGACCATAA-1_1_2"
"321","AGACAGGAGTTCCGTA-1_1_2"
"322","AGACAGGTCTGGGCGT-1_1_2"
"323","AGACCATTCTACCACC-1_1_2"
"324","AGACCCGAGACATCCT-1_1_2"
"325","AGACCCGCATGGGATG-1_1_2"
"326","AGACCCGGTAGGTTTC-1_1_2"
"327","AGACCCGGTATCCTCC-1_1_2"
"328","AGACTCAAGATCCGAG-1_1_2"
"329","AGAGAATAGTGCACTT-1_1_2"
"330","AGAGAATCAATGCAGG-1_1_2"
"331","AGAGAATGTCGTGGTC-1_1_2"
"332","AGAGAGCAGACTAAGT-1_1_2"
"333","AGAGAGCCATACCAGT-1_1_2"
"334","AGAGCCCGTTGTCAGT-1_1_2"
"335","AGAGCCCTCCTAGCCT-1_1_2"
"336","AGAGCCCTCGCTACAA-1_1_2"
"337","AGAGCCCTCTACGCAA-1_1_2"
"338","AGATAGACACTTCTCG-1_1_2"
"339","AGATAGACAGAATTCC-1_1_2"
"340","AGATAGAGTCCTTTGC-1_1_2"
"341","AGATAGAGTGAGCGAT-1_1_2"
"342","AGATCCACACGCTGTG-1_1_2"
"343","AGATCCACATAGAATG-1_1_2"
"344","AGATCCACATCTCGTC-1_1_2"
"345","AGATCCAGTACGTACT-1_1_2"
"346","AGATCCAGTTCAATCG-1_1_2"
"347","AGATCCATCACGAACT-1_1_2"
"348","AGATCCATCTGACGCG-1_1_2"
"349","AGATGAAAGCCAGTAG-1_1_2"
"350","AGATGAAAGGCCCAAA-1_1_2"
"351","AGATGAACAATGGCCC-1_1_2"
"352","AGATGAACACAGCTGC-1_1_2"
"353","AGATGAACACGCGCTA-1_1_2"
"354","AGATGCTGTGCGGCTT-1_1_2"
"355","AGCATCAAGGGAGGTG-1_1_2"
"356","AGCATCACAACCTAAC-1_1_2"
"357","AGCATCACAGTGTGCC-1_1_2"
"358","AGCATCAGTGCATGTT-1_1_2"
"359","AGCATCAGTGTTGCCG-1_1_2"
"360","AGCCAATAGACCTGGA-1_1_2"
"361","AGCCAATAGTCACTGT-1_1_2"
"362","AGCCACGCAACTACGT-1_1_2"
"363","AGCCACGGTGAGAGGG-1_1_2"
"364","AGCCAGCAGGAAACGA-1_1_2"
"365","AGCCAGCCAATCTCGA-1_1_2"
"366","AGCCAGCGTAGAGTTA-1_1_2"
"367","AGCCAGCTCCTCAGGG-1_1_2"
"368","AGCCAGCTCGGTGCAC-1_1_2"
"369","AGCGATTGTGCCCGTA-1_1_2"
"370","AGCGATTTCAGTGCGC-1_1_2"
"371","AGCGCCAAGAAGCCTG-1_1_2"
"372","AGCGCCAGTTGCTGAT-1_1_2"
"373","AGCGCCATCGTAGGAG-1_1_2"
"374","AGCGCTGAGTGGATTA-1_1_2"
"375","AGCGCTGCAAGAGAGA-1_1_2"
"376","AGCGCTGCAGGTGACA-1_1_2"
"377","AGCGTATCAGGTTACT-1_1_2"
"378","AGCGTATTCCTGGGAC-1_1_2"
"379","AGCGTCGAGCCTCTCT-1_1_2"
"380","AGCGTCGGTATACGGG-1_1_2"
"381","AGCGTCGGTTCCCAAA-1_1_2"
"382","AGCTACAAGTTCAACC-1_1_2"
"383","AGCTACAGTCTACAGT-1_1_2"
"384","AGCTACATCGACACCG-1_1_2"
"385","AGCTCAAAGGAACGCT-1_1_2"
"386","AGCTCAAAGTAGTCAA-1_1_2"
"387","AGCTCAAAGTCCGCCA-1_1_2"
"388","AGCTCAAGTCGTCGGT-1_1_2"
"389","AGCTCAATCTCCTGAC-1_1_2"
"390","AGCTTCCAGTGCCAGA-1_1_2"
"391","AGCTTCCGTGCCCGTA-1_1_2"
"392","AGGAAATCAGCCTACG-1_1_2"
"393","AGGAAATGTCCGAAGA-1_1_2"
"394","AGGAATACACCAGTTA-1_1_2"
"395","AGGAATACACGAGAAC-1_1_2"
"396","AGGAATATCGTTCTGC-1_1_2"
"397","AGGACGAAGTCTAGCT-1_1_2"
"398","AGGACGAAGTTCCTGA-1_1_2"
"399","AGGACGACACTTGAGT-1_1_2"
"400","AGGACGATCCCTCTAG-1_1_2"
"401","AGGACGATCCTTCGAC-1_1_2"
"402","AGGACTTCACCTGATA-1_1_2"
"403","AGGACTTTCCGATAAC-1_1_2"
"404","AGGACTTTCGATTCCC-1_1_2"
"405","AGGAGGTCAAGTTTGC-1_1_2"
"406","AGGAGGTGTGCATACT-1_1_2"
"407","AGGATAAGTACAGTTC-1_1_2"
"408","AGGATAATCTCCGAGG-1_1_2"
"409","AGGATCTAGGTACCTT-1_1_2"
"410","AGGCATTAGGCCATAG-1_1_2"
"411","AGGCATTAGTTCGGTT-1_1_2"
"412","AGGCATTCAGAGGAAA-1_1_2"
"413","AGGCATTTCAAATGCC-1_1_2"
"414","AGGCCACAGCTATCCA-1_1_2"
"415","AGGCCACTCCTACTGC-1_1_2"
"416","AGGCCACTCGGCATTA-1_1_2"
"417","AGGCTGCAGACATACA-1_1_2"
"418","AGGCTGCCAAGAATGT-1_1_2"
"419","AGGGAGTAGACAGTCG-1_1_2"
"420","AGGGAGTAGCCGTCGT-1_1_2"
"421","AGGGAGTAGCTGGCCT-1_1_2"
"422","AGGGAGTAGTCATCCA-1_1_2"
"423","AGGGCCTCAGCTGTCG-1_1_2"
"424","AGGGCTCCACAAGCCC-1_1_2"
"425","AGGGCTCGTCGCAGTC-1_1_2"
"426","AGGGTCCCACTAGAGG-1_1_2"
"427","AGGGTCCGTCCATACA-1_1_2"
"428","AGGGTGACATGTAACC-1_1_2"
"429","AGGGTTTAGAAACTAC-1_1_2"
"430","AGGGTTTCACAAACGG-1_1_2"
"431","AGGGTTTCAGCCATTA-1_1_2"
"432","AGGGTTTCATGATCTG-1_1_2"
"433","AGGTAGGCAGGAATCG-1_1_2"
"434","AGGTAGGGTGACCGTC-1_1_2"
"435","AGGTAGGGTGGAACCA-1_1_2"
"436","AGGTCATCACGCTATA-1_1_2"
"437","AGGTCATTCAGTGTGT-1_1_2"
"438","AGGTCTAGTAAGGTCG-1_1_2"
"439","AGGTCTATCACCCTCA-1_1_2"
"440","AGGTCTATCTGTAAGC-1_1_2"
"441","AGGTGTTCAAGTATCC-1_1_2"
"442","AGGTGTTGTATTGGCT-1_1_2"
"443","AGGTGTTGTCGCAACC-1_1_2"
"444","AGGTTACAGAAGGGAT-1_1_2"
"445","AGGTTACGTGAACTAA-1_1_2"
"446","AGGTTGTAGGTGGCTA-1_1_2"
"447","AGGTTGTCAACAGCTT-1_1_2"
"448","AGGTTGTCATCCAATG-1_1_2"
"449","AGGTTGTTCACTGCTC-1_1_2"
"450","AGTAACCAGGTACAAT-1_1_2"
"451","AGTAACCCACTGAGGA-1_1_2"
"452","AGTAACCGTCGACTGC-1_1_2"
"453","AGTAACCGTTCCACAA-1_1_2"
"454","AGTACCAGTACTCGTA-1_1_2"
"455","AGTACTGTCTAAACGC-1_1_2"
"456","AGTAGTCAGTATGGCG-1_1_2"
"457","AGTAGTCCACCAAAGG-1_1_2"
"458","AGTAGTCCACTTCTCG-1_1_2"
"459","AGTAGTCGTACGACTT-1_1_2"
"460","AGTAGTCTCAACTGAC-1_1_2"
"461","AGTAGTCTCTGTCTCG-1_1_2"
"462","AGTCAACAGCAACTCT-1_1_2"
"463","AGTCAACCACGTCGGT-1_1_2"
"464","AGTCAACCAGCTCATA-1_1_2"
"465","AGTCAACGTCGGCTAC-1_1_2"
"466","AGTCAACTCGGTAACT-1_1_2"
"467","AGTCATGAGGCTATCT-1_1_2"
"468","AGTCATGCAGTCGCAC-1_1_2"
"469","AGTCATGTCGGTTAGT-1_1_2"
"470","AGTCTCCCACTGGCGT-1_1_2"
"471","AGTCTCCCAGAGAATT-1_1_2"
"472","AGTCTCCCATTGCCTC-1_1_2"
"473","AGTCTCCGTGAGTTGG-1_1_2"
"474","AGTCTCCTCAACCTTT-1_1_2"
"475","AGTGACTAGGCCATAG-1_1_2"
"476","AGTGACTTCCGATGTA-1_1_2"
"477","AGTGATCAGTCATGGG-1_1_2"
"478","AGTGATCTCCTAACAG-1_1_2"
"479","AGTGCCGGTCTGATAC-1_1_2"
"480","AGTGCCGTCAAGATAG-1_1_2"
"481","AGTGCCGTCTGAGGCC-1_1_2"
"482","AGTGTTGAGATGAAGG-1_1_2"
"483","AGTGTTGAGCCTAACT-1_1_2"
"484","AGTGTTGCAACCGCCA-1_1_2"
"485","AGTGTTGCATGACCCG-1_1_2"
"486","AGTGTTGTCGACATAC-1_1_2"
"487","AGTTAGCAGACGTCCC-1_1_2"
"488","AGTTAGCCAAGCGAGT-1_1_2"
"489","AGTTAGCCATCGGTTA-1_1_2"
"490","AGTTAGCTCGTCTAAG-1_1_2"
"491","AGTTCCCAGGGTTGCA-1_1_2"
"492","AGTTCCCCAAGATTGA-1_1_2"
"493","AGTTCCCCACCCTGAG-1_1_2"
"494","AGTTCGAAGCACCGAA-1_1_2"
"495","AGTTCGAGTATTTCGG-1_1_2"
"496","ATACCGAAGGTCACCC-1_1_2"
"497","ATACCGATCTCAACGA-1_1_2"
"498","ATACCTTAGGATGAGA-1_1_2"
"499","ATACCTTCATCGCTGG-1_1_2"
"500","ATACCTTTCTGACAGT-1_1_2"
"501","ATACTTCCATGCCGGT-1_1_2"
"502","ATACTTCGTTCGTAAC-1_1_2"
"503","ATACTTCGTTCTCTAT-1_1_2"
"504","ATACTTCTCCAAGGGA-1_1_2"
"505","ATAGACCAGCGCTTCG-1_1_2"
"506","ATAGACCCAACGTTAC-1_1_2"
"507","ATAGAGAAGGTCCTGC-1_1_2"
"508","ATAGAGACAGGAATCG-1_1_2"
"509","ATAGAGAGTCAACATC-1_1_2"
"510","ATAGAGAGTGGCTTAT-1_1_2"
"511","ATAGAGAGTTGCTCAA-1_1_2"
"512","ATAGAGATCATACGAC-1_1_2"
"513","ATAGGCTAGCACTCTA-1_1_2"
"514","ATAGGCTTCACGGACC-1_1_2"
"515","ATAGGCTTCGGCTGAC-1_1_2"
"516","ATATCCTAGCAAGTGC-1_1_2"
"517","ATATCCTAGGATCATA-1_1_2"
"518","ATATCCTAGGTGCATG-1_1_2"
"519","ATATCCTGTGATCGTT-1_1_2"
"520","ATATCCTTCGGTCTGG-1_1_2"
"521","ATCACAGTCTGAGGTT-1_1_2"
"522","ATCACGAAGGTGCTGA-1_1_2"
"523","ATCACGACAATTTCTC-1_1_2"
"524","ATCACGATCCACAGGC-1_1_2"
"525","ATCACTTCACATTGTG-1_1_2"
"526","ATCACTTGTATCAAGA-1_1_2"
"527","ATCAGGTAGATTGTGA-1_1_2"
"528","ATCAGGTCATGACTAC-1_1_2"
"529","ATCATTCCACCATTCC-1_1_2"
"530","ATCATTCGTGAGTAGC-1_1_2"
"531","ATCCACCCAGTCCGTG-1_1_2"
"532","ATCCACCGTTCTCCAC-1_1_2"
"533","ATCCACCTCCTCTAAT-1_1_2"
"534","ATCCATTAGCAAATCA-1_1_2"
"535","ATCCATTCAGCCCAGT-1_1_2"
"536","ATCCATTTCAGCTAGT-1_1_2"
"537","ATCCATTTCATGCTAG-1_1_2"
"538","ATCCATTTCCCATAAG-1_1_2"
"539","ATCCCTGAGAGTCACG-1_1_2"
"540","ATCCCTGAGATCACTC-1_1_2"
"541","ATCCCTGAGCATCCTA-1_1_2"
"542","ATCCCTGAGGAGCAAA-1_1_2"
"543","ATCCCTGAGTTACGTC-1_1_2"
"544","ATCCCTGCACCACATA-1_1_2"
"545","ATCCCTGGTGAGTAGC-1_1_2"
"546","ATCCCTGTCATAGACC-1_1_2"
"547","ATCCGTCAGGAACGTC-1_1_2"
"548","ATCCTATCAAAGTGTA-1_1_2"
"549","ATCCTATCAGATACTC-1_1_2"
"550","ATCGATGTCTCTGAGA-1_1_2"
"551","ATCGATGTCTGCTTAT-1_1_2"
"552","ATCGCCTAGATGAATC-1_1_2"
"553","ATCGCCTAGCTAAATG-1_1_2"
"554","ATCGCCTAGGATCATA-1_1_2"
"555","ATCGCCTCACAACCGC-1_1_2"
"556","ATCGCCTCACAATGCT-1_1_2"
"557","ATCGCCTCACTACGGC-1_1_2"
"558","ATCGCCTGTCATCGGC-1_1_2"
"559","ATCGCCTTCAACTACG-1_1_2"
"560","ATCGCCTTCATTACCT-1_1_2"
"561","ATCGCCTTCGCTGATA-1_1_2"
"562","ATCGGATGTTACAGCT-1_1_2"
"563","ATCGGCGAGTTCAACC-1_1_2"
"564","ATCGTAGAGTAGGTTA-1_1_2"
"565","ATCGTAGGTATGGGAC-1_1_2"
"566","ATCGTAGTCGTGTCAA-1_1_2"
"567","ATCGTCCAGAGTTCGG-1_1_2"
"568","ATCGTCCCACGGTGCT-1_1_2"
"569","ATCGTGACAATACGCT-1_1_2"
"570","ATCGTGACAATAGTCC-1_1_2"
"571","ATCGTGAGTACCACGC-1_1_2"
"572","ATCTCTATCACCCTTG-1_1_2"
"573","ATCTTCAAGCACTGGA-1_1_2"
"574","ATCTTCAAGCATGAAT-1_1_2"
"575","ATCTTCAAGGATTTCC-1_1_2"
"576","ATCTTCAAGGGAGATA-1_1_2"
"577","ATCTTCAAGTCGCTAT-1_1_2"
"578","ATCTTCAGTTTGTTGG-1_1_2"
"579","ATGAAAGAGCAGCGAT-1_1_2"
"580","ATGAAAGTCCGCTTAC-1_1_2"
"581","ATGAAAGTCGGTCTGG-1_1_2"
"582","ATGACCAAGAAGTATC-1_1_2"
"583","ATGACCACAGCATACT-1_1_2"
"584","ATGACCAGTAGATCCT-1_1_2"
"585","ATGAGGGAGGTTCTTG-1_1_2"
"586","ATGAGGGCAGCATACT-1_1_2"
"587","ATGAGGGGTAGTTCCA-1_1_2"
"588","ATGAGGGTCGACCCAG-1_1_2"
"589","ATGAGTCCAGCTGTCG-1_1_2"
"590","ATGAGTCGTATAGGAT-1_1_2"
"591","ATGAGTCTCCACTGGG-1_1_2"
"592","ATGAGTCTCGTCCTTG-1_1_2"
"593","ATGATCGAGCCTAGGA-1_1_2"
"594","ATGATCGAGTTCGGTT-1_1_2"
"595","ATGATCGTCCCGGTAG-1_1_2"
"596","ATGCATGAGTTACTCG-1_1_2"
"597","ATGCATGTCATGGCCG-1_1_2"
"598","ATGCATGTCCTTCGAC-1_1_2"
"599","ATGCCTCAGGCTGAAC-1_1_2"
"600","ATGCGATAGATTGAGT-1_1_2"
"601","ATGCGATAGGATTTAG-1_1_2"
"602","ATGCGATCAAGGTCTT-1_1_2"
"603","ATGCGATGTACAGAAT-1_1_2"
"604","ATGCGATGTATCTCGA-1_1_2"
"605","ATGCGATGTTAAGACA-1_1_2"
"606","ATGCGATTCGGTGCAC-1_1_2"
"607","ATGGAGGAGTCAAGCG-1_1_2"
"608","ATGGAGGCAATCTGCA-1_1_2"
"609","ATGGAGGGTGAACGGT-1_1_2"
"610","ATGGATCAGAATTTGG-1_1_2"
"611","ATGGATCAGTTGGGAC-1_1_2"
"612","ATGGATCCACCGCTGA-1_1_2"
"613","ATGGATCGTCCATCTC-1_1_2"
"614","ATGGGAGCAATGTGGG-1_1_2"
"615","ATGGGAGCATCTCCCA-1_1_2"
"616","ATGGGAGGTCGTTTCC-1_1_2"
"617","ATGGGTTAGCCGAACA-1_1_2"
"618","ATGGGTTAGGACTATA-1_1_2"
"619","ATGGGTTGTAGTAAGT-1_1_2"
"620","ATGGGTTGTCCAGGTC-1_1_2"
"621","ATGGTTGAGCACAAAT-1_1_2"
"622","ATGGTTGTCAAACCCA-1_1_2"
"623","ATGGTTGTCTTAATCC-1_1_2"
"624","ATGTCCCAGCCTCGTG-1_1_2"
"625","ATGTCCCCAATACCTG-1_1_2"
"626","ATGTCCCGTCAACCTA-1_1_2"
"627","ATGTCCCTCAAGGACG-1_1_2"
"628","ATGTCTTAGAATGTTG-1_1_2"
"629","ATGTCTTTCAAACGAA-1_1_2"
"630","ATGTCTTTCAAGTGGG-1_1_2"
"631","ATGTCTTTCACGATCA-1_1_2"
"632","ATGTCTTTCCATAAGC-1_1_2"
"633","ATGTCTTTCTATCGGA-1_1_2"
"634","ATTACCTCAGACCCGT-1_1_2"
"635","ATTACCTGTACCCGAC-1_1_2"
"636","ATTACCTTCAAGCCGC-1_1_2"
"637","ATTACTCAGCAGTCTT-1_1_2"
"638","ATTACTCCATCCGTTC-1_1_2"
"639","ATTATCCAGGTAGTCG-1_1_2"
"640","ATTATCCGTGGAGGTT-1_1_2"
"641","ATTATCCTCAAACTGC-1_1_2"
"642","ATTCACTTCTTTGCGC-1_1_2"
"643","ATTCAGGGTCACATTG-1_1_2"
"644","ATTCAGGGTTTGGAGG-1_1_2"
"645","ATTCATCAGCCAACCC-1_1_2"
"646","ATTCCATAGAGGTTTA-1_1_2"
"647","ATTCCATCACAAGTTC-1_1_2"
"648","ATTCCATCATCGGATT-1_1_2"
"649","ATTCCCGAGCCGAACA-1_1_2"
"650","ATTCCTACAGAGTCAG-1_1_2"
"651","ATTCGTTTCGTGACTA-1_1_2"
"652","ATTCGTTTCTGGGCCA-1_1_2"
"653","ATTCTACAGACCTCCG-1_1_2"
"654","ATTCTACGTTGATGTC-1_1_2"
"655","ATTCTACTCTCGCCTA-1_1_2"
"656","ATTCTTGCACATTGTG-1_1_2"
"657","ATTCTTGCACCGTCTT-1_1_2"
"658","ATTCTTGCATCCGCGA-1_1_2"
"659","ATTCTTGCATCGTGCG-1_1_2"
"660","ATTGGGTCAAGATGGC-1_1_2"
"661","ATTGGGTCACTGCGTG-1_1_2"
"662","ATTGTTCAGCCGATAG-1_1_2"
"663","ATTGTTCGTCCACTCT-1_1_2"
"664","ATTGTTCTCATCGCTC-1_1_2"
"665","ATTGTTCTCATTACTC-1_1_2"
"666","ATTGTTCTCATTGCGA-1_1_2"
"667","ATTTACCAGATAGCTA-1_1_2"
"668","ATTTACCAGGCGCTCT-1_1_2"
"669","ATTTACCCACTGCATA-1_1_2"
"670","ATTTACCGTGACACGA-1_1_2"
"671","ATTTACCGTGTGTCCG-1_1_2"
"672","ATTTACCTCGTAGTGT-1_1_2"
"673","ATTTCACCATTATGCG-1_1_2"
"674","ATTTCTGTCCTCACGT-1_1_2"
"675","CAAAGAAGTTAGTTCG-1_1_2"
"676","CAAAGAATCCATAGAC-1_1_2"
"677","CAACAGTAGCTTCTAG-1_1_2"
"678","CAACAGTCAGTCAGCC-1_1_2"
"679","CAACAGTGTCTGTGAT-1_1_2"
"680","CAACAGTTCTGTGCTC-1_1_2"
"681","CAACCAAAGAAATCCA-1_1_2"
"682","CAACCAAAGGACAGTC-1_1_2"
"683","CAACCAACACTGTTCC-1_1_2"
"684","CAACCAATCCAATCTT-1_1_2"
"685","CAACCTCAGGTACTGG-1_1_2"
"686","CAACCTCCACGCGCTA-1_1_2"
"687","CAACCTCCAGTCGGAA-1_1_2"
"688","CAACCTCGTAAGGCCA-1_1_2"
"689","CAACCTCGTTGGGTTT-1_1_2"
"690","CAACGATAGCAACCAG-1_1_2"
"691","CAACGATGTAGGAAAG-1_1_2"
"692","CAACGATGTTGTTGCA-1_1_2"
"693","CAACGGCAGCTCGGCT-1_1_2"
"694","CAACGGCGTGCGAACA-1_1_2"
"695","CAACGGCTCAGTGTCA-1_1_2"
"696","CAACGGCTCTCGACGG-1_1_2"
"697","CAAGACTAGAATAGTC-1_1_2"
"698","CAAGACTAGAGGGTGG-1_1_2"
"699","CAAGAGGAGCTGTGCC-1_1_2"
"700","CAAGAGGCAAACCATC-1_1_2"
"701","CAAGAGGCAAAGCGTG-1_1_2"
"702","CAAGAGGCACTAACCA-1_1_2"
"703","CAAGAGGCAGTAACAA-1_1_2"
"704","CAAGAGGGTCGCGTCA-1_1_2"
"705","CAAGAGGTCCAAGAGG-1_1_2"
"706","CAAGCTAAGCTACTGT-1_1_2"
"707","CAAGCTACACCAGTAT-1_1_2"
"708","CAAGCTATCCAACTAG-1_1_2"
"709","CAATACGAGGGACCAT-1_1_2"
"710","CAATACGCAATCGAAA-1_1_2"
"711","CAATACGCACCTCTAC-1_1_2"
"712","CAATACGGTCAGCGTC-1_1_2"
"713","CAATACGTCTGCGGCA-1_1_2"
"714","CAATCGACAACGACTT-1_1_2"
"715","CAATCGAGTTCGATTG-1_1_2"
"716","CAATCGATCGAGTGGA-1_1_2"
"717","CAATGACAGCTTCATG-1_1_2"
"718","CAATGACCAGGACTTT-1_1_2"
"719","CAATGACGTGGACCTC-1_1_2"
"720","CAATGACTCACGGGAA-1_1_2"
"721","CAATTTCCATTGTAGC-1_1_2"
"722","CAATTTCGTTCTCGTC-1_1_2"
"723","CAATTTCTCCTTTAGT-1_1_2"
"724","CACAACAAGACCAACG-1_1_2"
"725","CACAACAAGCAAGTCG-1_1_2"
"726","CACAACAAGCGTATAA-1_1_2"
"727","CACAACATCCTACACC-1_1_2"
"728","CACACAAGTCCGACGT-1_1_2"
"729","CACACAATCTCAACCC-1_1_2"
"730","CACAGATGTAAGACCG-1_1_2"
"731","CACAGATTCAGTGCGC-1_1_2"
"732","CACAGGCCAGACACCC-1_1_2"
"733","CACATGAGTTCGTGCG-1_1_2"
"734","CACATGATCTCCTGCA-1_1_2"
"735","CACATGATCTTCTAAC-1_1_2"
"736","CACCAAAAGGAACGTC-1_1_2"
"737","CACCAAAGTAGATGTA-1_1_2"
"738","CACCAAAGTGATACAA-1_1_2"
"739","CACCGTTAGGTAACTA-1_1_2"
"740","CACCGTTTCAAGTCTG-1_1_2"
"741","CACGAATAGCCTCAAT-1_1_2"
"742","CACGAATCACGATTCA-1_1_2"
"743","CACGAATCATGACTCA-1_1_2"
"744","CACGAATGTCAACCTA-1_1_2"
"745","CACGAATGTTGCTGAT-1_1_2"
"746","CACGGGTAGCACTAGG-1_1_2"
"747","CACGGGTTCAATGCAC-1_1_2"
"748","CACGTGGGTCTTGAAC-1_1_2"
"749","CACGTGGGTTTCGCTC-1_1_2"
"750","CACGTGGGTTTGAAAG-1_1_2"
"751","CACGTTCAGAAGCTGC-1_1_2"
"752","CACGTTCAGGAGATAG-1_1_2"
"753","CACTAAGAGGTTCATC-1_1_2"
"754","CACTAAGGTAGATCGG-1_1_2"
"755","CACTAAGGTGTTTCTT-1_1_2"
"756","CACTAAGTCCGAACGC-1_1_2"
"757","CACTGAACATCTTTCA-1_1_2"
"758","CACTGAATCATAGCAC-1_1_2"
"759","CACTGGGCAAGTGGGT-1_1_2"
"760","CACTGGGCACGGTGCT-1_1_2"
"761","CACTGGGCAGGAATAT-1_1_2"
"762","CACTGGGTCTCAACCC-1_1_2"
"763","CACTGTCAGCTAGAGC-1_1_2"
"764","CACTGTCGTTGGGATG-1_1_2"
"765","CACTGTCTCGTGACTA-1_1_2"
"766","CACTTCGGTTACCCAA-1_1_2"
"767","CACTTCGGTTTCAGAC-1_1_2"
"768","CAGAGCCAGTCTGTAC-1_1_2"
"769","CAGAGCCCACCCTAAA-1_1_2"
"770","CAGAGCCCATCGAGCC-1_1_2"
"771","CAGAGCCTCCCAGCGA-1_1_2"
"772","CAGATACCAGAACTTC-1_1_2"
"773","CAGATACCAGCGAGTA-1_1_2"
"774","CAGATACGTGCATCTA-1_1_2"
"775","CAGATCAAGTTTGGCT-1_1_2"
"776","CAGATTGCACCGTCGA-1_1_2"
"777","CAGATTGCATATTCGG-1_1_2"
"778","CAGATTGTCGCCGAGT-1_1_2"
"779","CAGATTGTCGGCTCTT-1_1_2"
"780","CAGCAATAGATGACAT-1_1_2"
"781","CAGCAATTCAAGTTGC-1_1_2"
"782","CAGCACGAGAGCGACT-1_1_2"
"783","CAGCACGCAGCTTCCT-1_1_2"
"784","CAGCACGCAGTCGTTA-1_1_2"
"785","CAGCACGCAGTTGGTT-1_1_2"
"786","CAGCACGGTACAGTTC-1_1_2"
"787","CAGCAGCTCTGTTCAT-1_1_2"
"788","CAGCCAGAGTTGTCGT-1_1_2"
"789","CAGCCAGGTATGATCC-1_1_2"
"790","CAGCCAGTCGACCCAG-1_1_2"
"791","CAGCGTGAGTCTGCGC-1_1_2"
"792","CAGCGTGCACTGAGTT-1_1_2"
"793","CAGCGTGGTACGGGAT-1_1_2"
"794","CAGGCCAAGTCCCAGC-1_1_2"
"795","CAGGCCAGTGAACCGA-1_1_2"
"796","CAGGGCTCATGGAAGC-1_1_2"
"797","CAGGGCTGTTCGTACA-1_1_2"
"798","CAGGGCTTCATGTCAG-1_1_2"
"799","CAGGGCTTCTGCACCT-1_1_2"
"800","CAGGTATAGGAATCGC-1_1_2"
"801","CAGGTATCAGACCATT-1_1_2"
"802","CAGGTATCAGCCTTCT-1_1_2"
"803","CAGGTATGTTGGGATG-1_1_2"
"804","CAGTGCGAGCCAGTAG-1_1_2"
"805","CAGTGCGAGTCACAGG-1_1_2"
"806","CAGTTAGAGTAGCAAT-1_1_2"
"807","CAGTTAGCAGGTCAAG-1_1_2"
"808","CAGTTAGTCTGGGATT-1_1_2"
"809","CAGTTCCTCATGCCAA-1_1_2"
"810","CAGTTCCTCCACCCTA-1_1_2"
"811","CATAAGCGTACACGCC-1_1_2"
"812","CATAAGCTCATCCTAT-1_1_2"
"813","CATACAGCAAATCGTC-1_1_2"
"814","CATACAGTCCCTCATG-1_1_2"
"815","CATACCCCAAGCTACT-1_1_2"
"816","CATACCCTCCCTCTTT-1_1_2"
"817","CATACTTAGCCGGAAT-1_1_2"
"818","CATACTTAGCCTCTGG-1_1_2"
"819","CATACTTAGTTTCAGC-1_1_2"
"820","CATACTTGTCTCAGGC-1_1_2"
"821","CATACTTGTGGCTCTG-1_1_2"
"822","CATACTTTCCATGCAA-1_1_2"
"823","CATACTTTCGTTAGAC-1_1_2"
"824","CATAGACAGTTTGAGA-1_1_2"
"825","CATAGACCAGCGTTTA-1_1_2"
"826","CATAGACGTCTAACGT-1_1_2"
"827","CATAGACTCGCCTAGG-1_1_2"
"828","CATAGACTCTTAGTTC-1_1_2"
"829","CATCAAGCAAGCTCTA-1_1_2"
"830","CATCAAGTCCACCCTA-1_1_2"
"831","CATCCACGTATCGCAT-1_1_2"
"832","CATCCCACACTCTAGA-1_1_2"
"833","CATCCCAGTCTCCTGT-1_1_2"
"834","CATCCCAGTGGCGCTT-1_1_2"
"835","CATCCGTAGCTCCACG-1_1_2"
"836","CATCCGTCATCCTAAG-1_1_2"
"837","CATCGCTAGTGGCCTC-1_1_2"
"838","CATCGCTCATAGGTAA-1_1_2"
"839","CATCGCTCATCTCCCA-1_1_2"
"840","CATCGTCCAATGTTGC-1_1_2"
"841","CATCGTCGTGGTCCCA-1_1_2"
"842","CATCGTCTCTGGTTGA-1_1_2"
"843","CATCGTCTCTGTAACG-1_1_2"
"844","CATGAGTAGTGCAGGT-1_1_2"
"845","CATGAGTGTGAGGAAA-1_1_2"
"846","CATGAGTTCGCGGACT-1_1_2"
"847","CATGAGTTCTACTCAT-1_1_2"
"848","CATGCAAAGGCTTTCA-1_1_2"
"849","CATGCAACACGATTCA-1_1_2"
"850","CATGCAACAGACCTAT-1_1_2"
"851","CATGCAAGTAGGCTGA-1_1_2"
"852","CATGCAATCGGCCCAA-1_1_2"
"853","CATGCAATCGTGGACC-1_1_2"
"854","CATGCCTAGTAAATGC-1_1_2"
"855","CATGCCTCATTGCCTC-1_1_2"
"856","CATGCCTGTACCACGC-1_1_2"
"857","CATGCGGAGACGGATC-1_1_2"
"858","CATGCGGAGGCAGGGA-1_1_2"
"859","CATGCTCTCATCTGTT-1_1_2"
"860","CATGCTCTCCTCACCA-1_1_2"
"861","CATGCTCTCGGCGATC-1_1_2"
"862","CATGGATAGGAAAGGT-1_1_2"
"863","CATGGATGTCTTCAAG-1_1_2"
"864","CATGGATTCACACCGG-1_1_2"
"865","CATGGTAAGCATCCTA-1_1_2"
"866","CATGGTATCTGAACGT-1_1_2"
"867","CATTCATCATAATCCG-1_1_2"
"868","CATTCATCATTCAGCA-1_1_2"
"869","CATTCATGTATGCGTT-1_1_2"
"870","CATTCATTCTAGCAAC-1_1_2"
"871","CATTCCGAGATGACCG-1_1_2"
"872","CATTCCGGTGTCTTCC-1_1_2"
"873","CATTCCGTCAGTCAGT-1_1_2"
"874","CATTCTAGTCCAGGTC-1_1_2"
"875","CATTGAGCAACTTGGT-1_1_2"
"876","CATTGAGGTGTTCGAT-1_1_2"
"877","CATTGAGTCCAGGACC-1_1_2"
"878","CATTGAGTCTTTGGAG-1_1_2"
"879","CATTGCCAGGTGCATG-1_1_2"
"880","CATTGCCTCACCGGTG-1_1_2"
"881","CATTGCCTCGCAAGAG-1_1_2"
"882","CATTGCCTCTCTATGT-1_1_2"
"883","CATTGTTAGGCTAACG-1_1_2"
"884","CATTGTTCAACGTTAC-1_1_2"
"885","CATTGTTCACCAAATC-1_1_2"
"886","CATTGTTGTTATCCAG-1_1_2"
"887","CATTGTTGTTTGGCTA-1_1_2"
"888","CATTTCAAGGTAGCCA-1_1_2"
"889","CCAATGAGTGGACAGT-1_1_2"
"890","CCAATGAGTTCCGCAG-1_1_2"
"891","CCAATGATCCCGAACG-1_1_2"
"892","CCAATGATCCTTGGAA-1_1_2"
"893","CCAATTTCACGGTGTC-1_1_2"
"894","CCAATTTGTTCTCCCA-1_1_2"
"895","CCAATTTGTTTGCAGT-1_1_2"
"896","CCAATTTTCAGTCATG-1_1_2"
"897","CCACAAAAGCACTCAT-1_1_2"
"898","CCACAAAGTGTCTCCT-1_1_2"
"899","CCACACTAGTTGCCTA-1_1_2"
"900","CCACCATGTAAGATCA-1_1_2"
"901","CCACCATTCAGTGGGA-1_1_2"
"902","CCACCATTCGTTTACT-1_1_2"
"903","CCACGAGAGAGCATAT-1_1_2"
"904","CCACGAGAGATAGGGA-1_1_2"
"905","CCACGAGCAAGTGGCA-1_1_2"
"906","CCACGAGTCCCGTTGT-1_1_2"
"907","CCACGTTAGATACTGA-1_1_2"
"908","CCACGTTCACTCATAG-1_1_2"
"909","CCACGTTCAGTTTGGT-1_1_2"
"910","CCACGTTGTCCGCAGT-1_1_2"
"911","CCACGTTGTGACTCGC-1_1_2"
"912","CCACGTTTCCTACTGC-1_1_2"
"913","CCACTTGCAGGTGTTT-1_1_2"
"914","CCACTTGGTCTCAGAT-1_1_2"
"915","CCACTTGTCCCTTTGG-1_1_2"
"916","CCATAAGCATCTGTTT-1_1_2"
"917","CCATAAGTCTGCATGA-1_1_2"
"918","CCATCACGTACGGATG-1_1_2"
"919","CCATCACGTGTAAATG-1_1_2"
"920","CCCAACTGTAAGGCTG-1_1_2"
"921","CCCATTGCATGAAGCG-1_1_2"
"922","CCCATTGTCAGACCGC-1_1_2"
"923","CCCGGAACACGACGAA-1_1_2"
"924","CCCGGAAGTAGAGGAA-1_1_2"
"925","CCCGGAAGTTAAGACA-1_1_2"
"926","CCCGGAATCACATCAG-1_1_2"
"927","CCCGGAATCTGAATGC-1_1_2"
"928","CCCTAACAGCGTATAA-1_1_2"
"929","CCCTAACGTGGCATCC-1_1_2"
"930","CCCTCAAAGTTGTCAC-1_1_2"
"931","CCCTCAAGTCAGTTTG-1_1_2"
"932","CCCTCAAGTGGATCAG-1_1_2"
"933","CCCTCAAGTGTTTACG-1_1_2"
"934","CCCTCAATCACCTGTC-1_1_2"
"935","CCCTCAATCGAACCAT-1_1_2"
"936","CCCTCTCAGATACTGA-1_1_2"
"937","CCCTCTCCACTTCTCG-1_1_2"
"938","CCCTCTCGTATCGAAA-1_1_2"
"939","CCCTCTCGTCGGCTAC-1_1_2"
"940","CCCTCTCGTTGGTACT-1_1_2"
"941","CCCTCTCTCAACTACG-1_1_2"
"942","CCCTCTCTCGCATTAG-1_1_2"
"943","CCCTGATAGAAGCGGG-1_1_2"
"944","CCCTGATAGCGATTCT-1_1_2"
"945","CCCTGATAGGGCCAAT-1_1_2"
"946","CCCTGATTCGCAGATT-1_1_2"
"947","CCCTTAGCAACCACGC-1_1_2"
"948","CCCTTAGCACGACCTG-1_1_2"
"949","CCCTTAGGTGGTCCCA-1_1_2"
"950","CCGAACGGTCTCACAA-1_1_2"
"951","CCGAACGTCTCACCCA-1_1_2"
"952","CCGATCTAGAAGATCT-1_1_2"
"953","CCGATCTTCAGCTAGT-1_1_2"
"954","CCGATCTTCCAGTTCC-1_1_2"
"955","CCGATGGAGCAGCGAT-1_1_2"
"956","CCGATGGAGGAAAGGT-1_1_2"
"957","CCGATGGAGGTAAGGA-1_1_2"
"958","CCGATGGGTATCAAGA-1_1_2"
"959","CCGATGGTCAACACCA-1_1_2"
"960","CCGCAAGAGTAACCTC-1_1_2"
"961","CCGCAAGCACATAACC-1_1_2"
"962","CCGCAAGGTCAGATTC-1_1_2"
"963","CCGCAAGGTGTAAATG-1_1_2"
"964","CCGGACAAGCTCGAAG-1_1_2"
"965","CCGGACAAGTCTAGAA-1_1_2"
"966","CCGGACAGTCCAAGAG-1_1_2"
"967","CCGGACATCAATCGGT-1_1_2"
"968","CCGGGTAGTCACCACG-1_1_2"
"969","CCGGGTAGTCCGTTTC-1_1_2"
"970","CCGGTAGTCTCCGAGG-1_1_2"
"971","CCGGTGAAGGAGTCTG-1_1_2"
"972","CCGGTGAAGTTGGCGA-1_1_2"
"973","CCGTAGGAGGGTAATT-1_1_2"
"974","CCGTAGGGTATGAAGT-1_1_2"
"975","CCGTAGGTCAGGGTAG-1_1_2"
"976","CCGTAGGTCGAGCCTG-1_1_2"
"977","CCGTAGGTCTCGCTCA-1_1_2"
"978","CCGTGAGAGGTTGGTG-1_1_2"
"979","CCGTGAGCAACACACT-1_1_2"
"980","CCGTGAGCACGGTGTC-1_1_2"
"981","CCGTGAGCAGGATGAC-1_1_2"
"982","CCGTGAGGTTCGCGTG-1_1_2"
"983","CCGTTCACAACCTAAC-1_1_2"
"984","CCTAACCAGACGCATG-1_1_2"
"985","CCTAACCAGCCAAGCA-1_1_2"
"986","CCTAACCCAACCCGCA-1_1_2"
"987","CCTAACCCAAGCGATG-1_1_2"
"988","CCTAACCGTTTCGTTT-1_1_2"
"989","CCTAACCTCACAAGAA-1_1_2"
"990","CCTAAGAAGCTCCGAC-1_1_2"
"991","CCTAAGACAACGTTAC-1_1_2"
"992","CCTAAGACAGGACGAT-1_1_2"
"993","CCTACGTAGATTAGTG-1_1_2"
"994","CCTACGTCAGCTTCGG-1_1_2"
"995","CCTACGTCATTCACCC-1_1_2"
"996","CCTACGTGTGGCCTCA-1_1_2"
"997","CCTACGTTCGATTGGT-1_1_2"
"998","CCTATCGCACATGTTG-1_1_2"
"999","CCTATCGGTGAGTAAT-1_1_2"
"1000","CCTATCGTCGATCCAA-1_1_2"
"1001","CCTCAACAGTCACTAC-1_1_2"
"1002","CCTCAACTCGCCACTT-1_1_2"
"1003","CCTCACAAGTATGAGT-1_1_2"
"1004","CCTCACACACCTCAGG-1_1_2"
"1005","CCTCACAGTGACACGA-1_1_2"
"1006","CCTCACATCAACCCGG-1_1_2"
"1007","CCTCACATCCGCGATG-1_1_2"
"1008","CCTCAGTAGAACGTGC-1_1_2"
"1009","CCTCAGTAGCATATGA-1_1_2"
"1010","CCTCAGTCACCGTGGT-1_1_2"
"1011","CCTCAGTGTTCCCACT-1_1_2"
"1012","CCTCATGAGGTCGACA-1_1_2"
"1013","CCTCATGTCGACACCG-1_1_2"
"1014","CCTCCAAAGAGGGTGG-1_1_2"
"1015","CCTCCAAGTACGATGG-1_1_2"
"1016","CCTCCAAGTCAAAGTA-1_1_2"
"1017","CCTCCAAGTGCGACAA-1_1_2"
"1018","CCTCCAATCGCCAGAC-1_1_2"
"1019","CCTCCAATCTACACTT-1_1_2"
"1020","CCTCCAATCTTGCGCT-1_1_2"
"1021","CCTCCTCCAAACGGCA-1_1_2"
"1022","CCTCCTCCACCTGAAT-1_1_2"
"1023","CCTCCTCGTCAGTTTG-1_1_2"
"1024","CCTCCTCTCACGGGAA-1_1_2"
"1025","CCTCTAGAGAAGTATC-1_1_2"
"1026","CCTCTAGCAATGCTCA-1_1_2"
"1027","CCTCTCCAGATAACAC-1_1_2"
"1028","CCTGCATAGTTAGTGA-1_1_2"
"1029","CCTGCATCAAAGGGTC-1_1_2"
"1030","CCTGCATCATCATCCC-1_1_2"
"1031","CCTGCATGTCAAACGG-1_1_2"
"1032","CCTGTTGAGGCAGGTT-1_1_2"
"1033","CCTGTTGAGGCCTGAA-1_1_2"
"1034","CCTGTTGGTCCAGTTA-1_1_2"
"1035","CCTTCAGAGCCGTAAG-1_1_2"
"1036","CCTTCAGAGGCCGCTT-1_1_2"
"1037","CCTTCAGCAACACGTT-1_1_2"
"1038","CCTTCAGGTGAATGTA-1_1_2"
"1039","CCTTCAGGTGCCTGAC-1_1_2"
"1040","CCTTGTGAGCGGGTAT-1_1_2"
"1041","CCTTGTGAGCTAGATA-1_1_2"
"1042","CCTTGTGCAAGGACAC-1_1_2"
"1043","CCTTGTGCAGGTTACT-1_1_2"
"1044","CCTTTGGCACAGCCAC-1_1_2"
"1045","CGAAGGAGTACCGGCT-1_1_2"
"1046","CGAAGTTGTCGAGCTC-1_1_2"
"1047","CGAAGTTTCACTGTCC-1_1_2"
"1048","CGAATTGAGTGTTCAC-1_1_2"
"1049","CGAATTGGTAGAGGAA-1_1_2"
"1050","CGAATTGTCCGTGACG-1_1_2"
"1051","CGACAGCCACCATAAC-1_1_2"
"1052","CGACAGCTCACCGGTG-1_1_2"
"1053","CGAGAAGGTAACATAG-1_1_2"
"1054","CGAGGAAGTCCCGGTA-1_1_2"
"1055","CGAGGCTAGGTGCTAG-1_1_2"
"1056","CGAGTGCAGGGTTGCA-1_1_2"
"1057","CGAGTGCAGTGGCCTC-1_1_2"
"1058","CGAGTGCAGTTGCGCC-1_1_2"
"1059","CGAGTGCCAGGCGAAT-1_1_2"
"1060","CGAGTGCCATCCGTGG-1_1_2"
"1061","CGAGTGCGTGTGAATA-1_1_2"
"1062","CGAGTGCTCGCATGAT-1_1_2"
"1063","CGAGTTAGTGACAACG-1_1_2"
"1064","CGAGTTATCATCACTT-1_1_2"
"1065","CGATCGGAGGTTGTTC-1_1_2"
"1066","CGATCGGTCAGTCACA-1_1_2"
"1067","CGATGCGCAACTGATC-1_1_2"
"1068","CGATGCGTCGCTGCGA-1_1_2"
"1069","CGATGGCAGAGTGTTA-1_1_2"
"1070","CGATGGCTCGTTGTTT-1_1_2"
"1071","CGCAGGTGTGTTACAC-1_1_2"
"1072","CGCAGGTTCGAGTACT-1_1_2"
"1073","CGCATAACACTAACCA-1_1_2"
"1074","CGCATAACAGTCGCTG-1_1_2"
"1075","CGCATAAGTCCTGTCT-1_1_2"
"1076","CGCATAAGTCGAACAG-1_1_2"
"1077","CGCATGGCACGGTGTC-1_1_2"
"1078","CGCATGGTCTGGTGGC-1_1_2"
"1079","CGCCAGACAGACCAGA-1_1_2"
"1080","CGCCATTAGAGGACTC-1_1_2"
"1081","CGCCATTAGCGAGTCA-1_1_2"
"1082","CGCCATTTCAATCGGT-1_1_2"
"1083","CGCGTGAAGAGGGTGG-1_1_2"
"1084","CGGAACCAGATTCGAA-1_1_2"
"1085","CGGAACCAGGGAGTGG-1_1_2"
"1086","CGGAACCCACCCTTGT-1_1_2"
"1087","CGGAACCCAGCTATAC-1_1_2"
"1088","CGGAATTCATGCAGGA-1_1_2"
"1089","CGGAATTGTCGCAACC-1_1_2"
"1090","CGGAATTTCATGCCCT-1_1_2"
"1091","CGGAATTTCCTGGGAC-1_1_2"
"1092","CGGACACCAGCGTACC-1_1_2"
"1093","CGGACACGTCAAGCCC-1_1_2"
"1094","CGGACACGTTGTCATG-1_1_2"
"1095","CGGAGAACATATGAAG-1_1_2"
"1096","CGGAGAAGTGAGATAT-1_1_2"
"1097","CGGAGAATCAGACCTA-1_1_2"
"1098","CGGAGAATCTATGCCC-1_1_2"
"1099","CGGCAGTGTAACATAG-1_1_2"
"1100","CGGCAGTGTCAAGCCC-1_1_2"
"1101","CGGCAGTGTCTTGTCC-1_1_2"
"1102","CGGCAGTTCATGACAC-1_1_2"
"1103","CGGGACTGTACGGGAT-1_1_2"
"1104","CGGGACTTCCCATTCG-1_1_2"
"1105","CGGGCATAGTTGCGCC-1_1_2"
"1106","CGGGCATCACAGTCAT-1_1_2"
"1107","CGGGCATTCCGGTTCT-1_1_2"
"1108","CGGGTCACATAACGGG-1_1_2"
"1109","CGGGTCATCGGTTCAA-1_1_2"
"1110","CGGGTGTTCATTCACT-1_1_2"
"1111","CGGTCAGCAAAGAACT-1_1_2"
"1112","CGGTCAGCAGGAGGAG-1_1_2"
"1113","CGGTCAGGTGAACGGT-1_1_2"
"1114","CGGTCAGTCTCTCGAC-1_1_2"
"1115","CGTAAGTCAGCAGTGA-1_1_2"
"1116","CGTAAGTTCTTGTTAC-1_1_2"
"1117","CGTAATGCACCCTGAG-1_1_2"
"1118","CGTAGTAAGCTACGTT-1_1_2"
"1119","CGTAGTACAAGAGATT-1_1_2"
"1120","CGTAGTACACGCGTCA-1_1_2"
"1121","CGTAGTACACTTGTGA-1_1_2"
"1122","CGTAGTATCACATACG-1_1_2"
"1123","CGTCAAAAGTGAGGCT-1_1_2"
"1124","CGTCAAACAAAGACGC-1_1_2"
"1125","CGTCAAAGTATGAAGT-1_1_2"
"1126","CGTCAAATCGTGCATA-1_1_2"
"1127","CGTCCATAGCCTGTGC-1_1_2"
"1128","CGTCCATGTCACCCTT-1_1_2"
"1129","CGTCCATTCCCTTCCC-1_1_2"
"1130","CGTGAATAGGTCGAGT-1_1_2"
"1131","CGTGAATAGTGTACCT-1_1_2"
"1132","CGTGATAAGTGCCAGA-1_1_2"
"1133","CGTGATATCACGATCA-1_1_2"
"1134","CGTGATATCCGTGTGG-1_1_2"
"1135","CGTGCTTTCTCTCTAA-1_1_2"
"1136","CGTGTCTAGAGGACTC-1_1_2"
"1137","CGTGTCTGTAAGCTCT-1_1_2"
"1138","CGTGTCTGTAGAAACT-1_1_2"
"1139","CGTGTCTGTGACTCTA-1_1_2"
"1140","CGTTAGACATGACAAA-1_1_2"
"1141","CGTTAGAGTGGTACAG-1_1_2"
"1142","CGTTGGGAGTGGTTCT-1_1_2"
"1143","CGTTGGGCAACGTATC-1_1_2"
"1144","CGTTGGGCAAGAGCTG-1_1_2"
"1145","CGTTGGGGTTTGGCTA-1_1_2"
"1146","CTAACCCCAAGTCCCG-1_1_2"
"1147","CTAACCCGTTCAGGTT-1_1_2"
"1148","CTAACCCTCCTAAGTG-1_1_2"
"1149","CTAACCCTCTACACAG-1_1_2"
"1150","CTAACTTAGGCTCCCA-1_1_2"
"1151","CTAACTTCACAGAGAC-1_1_2"
"1152","CTAACTTGTCTCGACG-1_1_2"
"1153","CTAACTTGTGGGCTCT-1_1_2"
"1154","CTAACTTTCTTGGCTC-1_1_2"
"1155","CTAAGTGAGAGAGAAC-1_1_2"
"1156","CTAAGTGCAACGACAG-1_1_2"
"1157","CTAAGTGGTCTGTAGT-1_1_2"
"1158","CTACAGACATGCCGCA-1_1_2"
"1159","CTACAGAGTGAGATCG-1_1_2"
"1160","CTACATTAGTGGGAAA-1_1_2"
"1161","CTACATTCACTCCTGT-1_1_2"
"1162","CTACATTGTAACGCGA-1_1_2"
"1163","CTACCCAGTGTCATGT-1_1_2"
"1164","CTACCCATCGTTCTCG-1_1_2"
"1165","CTACCTGAGGAGACCT-1_1_2"
"1166","CTACCTGAGTACGAGC-1_1_2"
"1167","CTACCTGGTCGCTTAA-1_1_2"
"1168","CTACCTGGTTCAGCGC-1_1_2"
"1169","CTACCTGTCCAAGAGG-1_1_2"
"1170","CTACCTGTCTCCTGCA-1_1_2"
"1171","CTACGGGCACACGTGC-1_1_2"
"1172","CTACGGGTCATTTACC-1_1_2"
"1173","CTACTATAGGGATGTC-1_1_2"
"1174","CTACTATGTAGCTTTG-1_1_2"
"1175","CTACTATGTGGAGAAA-1_1_2"
"1176","CTAGACAAGCGTCTCG-1_1_2"
"1177","CTAGACACAGCTGCCA-1_1_2"
"1178","CTAGACAGTCGAGCAA-1_1_2"
"1179","CTAGACAGTTACAGCT-1_1_2"
"1180","CTAGACATCCTGTTAT-1_1_2"
"1181","CTAGGTATCATTCGGA-1_1_2"
"1182","CTATAGGCACTTGACA-1_1_2"
"1183","CTATAGGCAGTAGAGC-1_1_2"
"1184","CTATAGGTCCTTGAAG-1_1_2"
"1185","CTATAGGTCGTCTACC-1_1_2"
"1186","CTATCCGCATAGAATG-1_1_2"
"1187","CTATCCGCATGATCTG-1_1_2"
"1188","CTATCTAAGCCTAGGA-1_1_2"
"1189","CTATCTAAGCTTTGTG-1_1_2"
"1190","CTATCTAAGGTTTACC-1_1_2"
"1191","CTATCTACAGTTGAAA-1_1_2"
"1192","CTATCTATCTGTAAGC-1_1_2"
"1193","CTCAACCAGCTTACGT-1_1_2"
"1194","CTCAACCAGGATTTAG-1_1_2"
"1195","CTCAACCGTTCTGACA-1_1_2"
"1196","CTCAACCTCAAGTGGG-1_1_2"
"1197","CTCAAGATCCGTCACT-1_1_2"
"1198","CTCAATTCAGAGATGC-1_1_2"
"1199","CTCAATTTCTCAAAGC-1_1_2"
"1200","CTCACTGAGCGTTCCG-1_1_2"
"1201","CTCACTGAGGGACAGG-1_1_2"
"1202","CTCACTGAGTGCAAAT-1_1_2"
"1203","CTCACTGCAAAGTGTA-1_1_2"
"1204","CTCACTGGTTCTGAGT-1_1_2"
"1205","CTCACTGTCCTCACTG-1_1_2"
"1206","CTCAGAAAGTGCAGGT-1_1_2"
"1207","CTCAGAACACCAGTAT-1_1_2"
"1208","CTCAGAACATGGAAGC-1_1_2"
"1209","CTCAGAATCGGCAGTC-1_1_2"
"1210","CTCAGAATCTAGTTCT-1_1_2"
"1211","CTCAGGGAGCTCGCAC-1_1_2"
"1212","CTCAGGGCAGGGAGAG-1_1_2"
"1213","CTCAGGGTCATGCATG-1_1_2"
"1214","CTCAGGGTCTACGCAA-1_1_2"
"1215","CTCATCGGTCCGGATC-1_1_2"
"1216","CTCATCGGTTCACCGG-1_1_2"
"1217","CTCATCGTCAGCTTGA-1_1_2"
"1218","CTCATGCAGCGTATAA-1_1_2"
"1219","CTCATGCGTGTGAGCA-1_1_2"
"1220","CTCATGCTCAGGAAGC-1_1_2"
"1221","CTCATGCTCGATGGAG-1_1_2"
"1222","CTCATTAAGACCTCAT-1_1_2"
"1223","CTCCAACGTCAACCAT-1_1_2"
"1224","CTCCAACTCTGCGGGT-1_1_2"
"1225","CTCCACAAGACTCAAA-1_1_2"
"1226","CTCCATGAGCACAAAT-1_1_2"
"1227","CTCCATGCAAAGGGTC-1_1_2"
"1228","CTCCATGTCACACGAT-1_1_2"
"1229","CTCCATGTCGCCGATG-1_1_2"
"1230","CTCCCAAAGTCCCGAC-1_1_2"
"1231","CTCCCAACAATGAGCG-1_1_2"
"1232","CTCCCAACAGTTACCA-1_1_2"
"1233","CTCCCAACATGTGACT-1_1_2"
"1234","CTCCCAAGTGGTCCGT-1_1_2"
"1235","CTCCCAATCCATTTCA-1_1_2"
"1236","CTCCCTCGTAATGCTC-1_1_2"
"1237","CTCCCTCTCTGGTGCG-1_1_2"
"1238","CTCCGATCATGAGTAA-1_1_2"
"1239","CTCCGATTCACGGGAA-1_1_2"
"1240","CTCCTCCTCGGAGTGA-1_1_2"
"1241","CTCCTCCTCGTCTCAC-1_1_2"
"1242","CTCCTTTAGCCTGTCG-1_1_2"
"1243","CTCGAGGAGCCTGGAA-1_1_2"
"1244","CTCGAGGCAATTGGTC-1_1_2"
"1245","CTCGAGGCACAGTCGC-1_1_2"
"1246","CTCGAGGTCCGATTAG-1_1_2"
"1247","CTCTCAGAGGCCACCT-1_1_2"
"1248","CTCTCAGAGTGGAAAG-1_1_2"
"1249","CTCTCAGCAAGGACAC-1_1_2"
"1250","CTCTCAGCACGAAGAC-1_1_2"
"1251","CTCTCAGGTCAAAGAT-1_1_2"
"1252","CTCTCGAAGCAGTACG-1_1_2"
"1253","CTCTCGAGTGTCTAAC-1_1_2"
"1254","CTCTGGTAGCTGTACT-1_1_2"
"1255","CTCTGGTCACCCTGAG-1_1_2"
"1256","CTGAATGAGGTTATAG-1_1_2"
"1257","CTGAATGGTAGACGGT-1_1_2"
"1258","CTGAATGGTCCTTGTC-1_1_2"
"1259","CTGAATGTCACTGGTA-1_1_2"
"1260","CTGAATGTCTGCACCT-1_1_2"
"1261","CTGAGCGAGACTGAGC-1_1_2"
"1262","CTGAGCGAGCCGTTAT-1_1_2"
"1263","CTGAGCGCAAATGATG-1_1_2"
"1264","CTGAGCGCAGGCTATT-1_1_2"
"1265","CTGAGGCGTCGACGCT-1_1_2"
"1266","CTGATCCAGCATCAGG-1_1_2"
"1267","CTGATCCCATGCGGTC-1_1_2"
"1268","CTGCAGGAGAGTGTGC-1_1_2"
"1269","CTGCAGGGTCCAATCA-1_1_2"
"1270","CTGCATCAGGGAGGAC-1_1_2"
"1271","CTGCATCAGGTTATAG-1_1_2"
"1272","CTGCATCGTCGCGTCA-1_1_2"
"1273","CTGCATCTCTACTGCC-1_1_2"
"1274","CTGCCATTCAAACGAA-1_1_2"
"1275","CTGCCATTCATCTCTA-1_1_2"
"1276","CTGCCTACAAGAGTAT-1_1_2"
"1277","CTGCCTATCCATCACC-1_1_2"
"1278","CTGCGAGAGATGTAGT-1_1_2"
"1279","CTGCGAGAGCTTCATG-1_1_2"
"1280","CTGCGAGAGGAACTAT-1_1_2"
"1281","CTGCGAGAGTAGACCG-1_1_2"
"1282","CTGCGAGCAACGATTC-1_1_2"
"1283","CTGCTCAAGAGAGGGC-1_1_2"
"1284","CTGCTCAGTAGTCGGA-1_1_2"
"1285","CTGCTCAGTGAACCGA-1_1_2"
"1286","CTGCTCAGTGATATAG-1_1_2"
"1287","CTGCTCATCGTCGGGT-1_1_2"
"1288","CTGGACGCAGCTGTCG-1_1_2"
"1289","CTGGCAGAGCTGACAG-1_1_2"
"1290","CTGGCAGCACTCCGGA-1_1_2"
"1291","CTGGCAGTCATGCAGT-1_1_2"
"1292","CTGGTCTCATGACAGG-1_1_2"
"1293","CTGGTCTGTGACCGAA-1_1_2"
"1294","CTGTACCAGTCGAAAT-1_1_2"
"1295","CTGTACCGTTGCATCA-1_1_2"
"1296","CTGTACCTCCAGTACA-1_1_2"
"1297","CTGTAGACAGAGAAAG-1_1_2"
"1298","CTGTAGACATCGGATT-1_1_2"
"1299","CTGTATTAGACTTAAG-1_1_2"
"1300","CTGTATTAGTCTAACC-1_1_2"
"1301","CTGTCGTAGGTCGTCC-1_1_2"
"1302","CTGTCGTTCGACGAGA-1_1_2"
"1303","CTGTGAAAGCGTTCCG-1_1_2"
"1304","CTGTGAAAGGTTGGAC-1_1_2"
"1305","CTGTGAACACTATGTG-1_1_2"
"1306","CTGTGGGAGCCTATTG-1_1_2"
"1307","CTGTGGGAGTCATGCT-1_1_2"
"1308","CTGTGGGGTACCGGCT-1_1_2"
"1309","CTGTGGGGTATAGGAT-1_1_2"
"1310","CTTACCGAGACATAAC-1_1_2"
"1311","CTTACCGAGTTCCTGA-1_1_2"
"1312","CTTACCGGTGAACCGA-1_1_2"
"1313","CTTACCGGTTGGCCTG-1_1_2"
"1314","CTTACCGTCCCATTTA-1_1_2"
"1315","CTTACCGTCGAAGCAG-1_1_2"
"1316","CTTACCGTCTCCGAAA-1_1_2"
"1317","CTTAGGATCATAGAGA-1_1_2"
"1318","CTTAGGATCGCTACGG-1_1_2"
"1319","CTTAGGATCGGCTGGT-1_1_2"
"1320","CTTAGGATCGTGGGAA-1_1_2"
"1321","CTTCAATCAATTGCGT-1_1_2"
"1322","CTTCAATTCGAACACT-1_1_2"
"1323","CTTCCGAAGAAACACT-1_1_2"
"1324","CTTCCGACATAGGTAA-1_1_2"
"1325","CTTCCTTAGCTCCCTT-1_1_2"
"1326","CTTCCTTAGTATGACA-1_1_2"
"1327","CTTCCTTCACTCCACT-1_1_2"
"1328","CTTCCTTGTCCGTTTC-1_1_2"
"1329","CTTCCTTTCGCGAAGA-1_1_2"
"1330","CTTCGGTCATGATAGA-1_1_2"
"1331","CTTCGGTGTACCAATC-1_1_2"
"1332","CTTCTAAAGAGTTCGG-1_1_2"
"1333","CTTCTAATCATGAGGG-1_1_2"
"1334","CTTCTCTAGAGCCTGA-1_1_2"
"1335","CTTCTCTCACTCAGAT-1_1_2"
"1336","CTTCTCTGTAACAAGT-1_1_2"
"1337","CTTCTCTGTAGGACCA-1_1_2"
"1338","CTTCTCTGTGATAGAT-1_1_2"
"1339","CTTCTCTTCCCTGGTT-1_1_2"
"1340","CTTCTCTTCGGCAGTC-1_1_2"
"1341","CTTGAGACAAACAGGC-1_1_2"
"1342","CTTGAGAGTTAGTCGT-1_1_2"
"1343","CTTGAGAGTTTGCCGG-1_1_2"
"1344","CTTGATTAGGTTCACT-1_1_2"
"1345","CTTGATTCAAGGCAAC-1_1_2"
"1346","CTTGATTCATCGAGCC-1_1_2"
"1347","CTTGATTTCCCTCGTA-1_1_2"
"1348","CTTTCAACAATGACCT-1_1_2"
"1349","CTTTCAAGTAACCCTA-1_1_2"
"1350","CTTTCGGCAAATGCTC-1_1_2"
"1351","CTTTCGGCACAGAAGC-1_1_2"
"1352","CTTTCGGCAGGCATGA-1_1_2"
"1353","CTTTCGGGTTGTGTTG-1_1_2"
"1354","CTTTCGGTCGTGGACC-1_1_2"
"1355","GAAACCTCATAGCTGT-1_1_2"
"1356","GAAATGAAGAGCTTTC-1_1_2"
"1357","GAAATGACATGACAAA-1_1_2"
"1358","GAACACTAGTCTGGTT-1_1_2"
"1359","GAACACTCATGACAAA-1_1_2"
"1360","GAACTGTAGGCAGGTT-1_1_2"
"1361","GAACTGTCATTCTGTT-1_1_2"
"1362","GAACTGTGTGAACTAA-1_1_2"
"1363","GAACTGTGTGTTCAGT-1_1_2"
"1364","GAACTGTTCGGACGTC-1_1_2"
"1365","GAAGAATCAGAGGTTG-1_1_2"
"1366","GAAGAATCATAACCCA-1_1_2"
"1367","GAAGCCCTCATCCTAT-1_1_2"
"1368","GAAGCGACAAGAATAC-1_1_2"
"1369","GAAGCGACACAATGAA-1_1_2"
"1370","GAAGCGACATCGTCCT-1_1_2"
"1371","GAAGCGATCCAAGAGG-1_1_2"
"1372","GAAGGACGTAGACGTG-1_1_2"
"1373","GAAGGACGTTCCGCAG-1_1_2"
"1374","GAAGGACTCAGCTCTC-1_1_2"
"1375","GAAGGGTCAACGGGTA-1_1_2"
"1376","GAAGGGTGTGTGTCGC-1_1_2"
"1377","GAAGGGTTCAGCTGTA-1_1_2"
"1378","GAAGGGTTCCTTGACC-1_1_2"
"1379","GAAGGGTTCGGAATGG-1_1_2"
"1380","GAAGTAACAAGAATAC-1_1_2"
"1381","GAATAGACACAAATGA-1_1_2"
"1382","GAATCACTCACCTTGC-1_1_2"
"1383","GAATCACTCCTTCAGC-1_1_2"
"1384","GAATCGTCAAGCGATG-1_1_2"
"1385","GAATCGTCACAACGCC-1_1_2"
"1386","GAATCGTGTCCATCTC-1_1_2"
"1387","GAATCGTGTCTTTCTA-1_1_2"
"1388","GAATCGTTCTCAGGCG-1_1_2"
"1389","GACACGCAGATAGCTA-1_1_2"
"1390","GACACGCAGCTGACTT-1_1_2"
"1391","GACACGCTCACTTGGA-1_1_2"
"1392","GACACGCTCGGTATGT-1_1_2"
"1393","GACATCACAATTCGTG-1_1_2"
"1394","GACATCACATCTCATT-1_1_2"
"1395","GACCAATTCACCTTGC-1_1_2"
"1396","GACCCAGCAGTGTGGA-1_1_2"
"1397","GACCCAGCATACTTTC-1_1_2"
"1398","GACCCAGGTCACTCGG-1_1_2"
"1399","GACCCTTAGATTGCGG-1_1_2"
"1400","GACCCTTCAGTCGGAA-1_1_2"
"1401","GACCCTTTCCCTTGTG-1_1_2"
"1402","GACCCTTTCTGCAGCG-1_1_2"
"1403","GACCGTGAGCGTGCCT-1_1_2"
"1404","GACCGTGCAGTCACGC-1_1_2"
"1405","GACCGTGGTATGCAAA-1_1_2"
"1406","GACCTTCAGCTCTTCC-1_1_2"
"1407","GACCTTCCAAGCGAGT-1_1_2"
"1408","GACCTTCTCAAGCGTT-1_1_2"
"1409","GACCTTCTCTGCGTCT-1_1_2"
"1410","GACGCTGCAGCGGTTC-1_1_2"
"1411","GACGCTGGTTGGGACA-1_1_2"
"1412","GACGCTGTCTTCCCAG-1_1_2"
"1413","GACGTTACACAGAAGC-1_1_2"
"1414","GACGTTAGTCTACATG-1_1_2"
"1415","GACGTTATCGATACGT-1_1_2"
"1416","GACTATGAGACTCATC-1_1_2"
"1417","GACTCAAGTCCCTCAT-1_1_2"
"1418","GACTCAAGTGGATCAG-1_1_2"
"1419","GACTCTCCAACGGCCT-1_1_2"
"1420","GACTCTCCACATTACG-1_1_2"
"1421","GACTCTCCACTACCCT-1_1_2"
"1422","GACTCTCTCGAGTTGT-1_1_2"
"1423","GACTGATAGACGCAGT-1_1_2"
"1424","GACTGATCAATTTCGG-1_1_2"
"1425","GACTGATCACATGAAA-1_1_2"
"1426","GACTGATCACATTGTG-1_1_2"
"1427","GACTTCCAGAGCGACT-1_1_2"
"1428","GACTTCCGTTGCTTGA-1_1_2"
"1429","GACTTCCTCGAGGCAA-1_1_2"
"1430","GAGAAATAGCAAGGAA-1_1_2"
"1431","GAGAAATAGCGAGTCA-1_1_2"
"1432","GAGAAATGTGCGAACA-1_1_2"
"1433","GAGACCCAGGACACTG-1_1_2"
"1434","GAGACCCAGTGGTCAG-1_1_2"
"1435","GAGACTTAGTGGTTAA-1_1_2"
"1436","GAGACTTCAAGCGAAC-1_1_2"
"1437","GAGAGGTTCCACAAGT-1_1_2"
"1438","GAGAGGTTCTCTCTAA-1_1_2"
"1439","GAGATGGAGCTAGTTC-1_1_2"
"1440","GAGCCTGGTCTACATG-1_1_2"
"1441","GAGCTGCCAGACCCGT-1_1_2"
"1442","GAGCTGCTCAGGAACG-1_1_2"
"1443","GAGCTGCTCGTGGTAT-1_1_2"
"1444","GAGGCAAAGGTAAGAG-1_1_2"
"1445","GAGGCAACACGAAGAC-1_1_2"
"1446","GAGGCAACACTGGCCA-1_1_2"
"1447","GAGGCAACATGACTCA-1_1_2"
"1448","GAGGCAATCATGAGAA-1_1_2"
"1449","GAGGCCTGTGGAATGC-1_1_2"
"1450","GAGGGATAGACCTCCG-1_1_2"
"1451","GAGGGATTCCGTAATG-1_1_2"
"1452","GAGGGATTCGAGTTGT-1_1_2"
"1453","GAGGGTAAGAGTCACG-1_1_2"
"1454","GAGGGTAAGCTCGCAC-1_1_2"
"1455","GAGGGTAGTATCACGT-1_1_2"
"1456","GAGTCATCAATCGCCG-1_1_2"
"1457","GAGTCTACACAACGTT-1_1_2"
"1458","GAGTCTACACTGCATA-1_1_2"
"1459","GAGTGTTGTATCAGCT-1_1_2"
"1460","GAGTGTTGTCATCCGG-1_1_2"
"1461","GAGTGTTGTCTACAGT-1_1_2"
"1462","GAGTGTTTCATTGTTC-1_1_2"
"1463","GAGTGTTTCCGACATA-1_1_2"
"1464","GAGTTACAGCTGAGCA-1_1_2"
"1465","GAGTTACAGGGTCACA-1_1_2"
"1466","GAGTTACCAATCCTAG-1_1_2"
"1467","GAGTTACCAGGCAATG-1_1_2"
"1468","GAGTTACGTGCAAGAC-1_1_2"
"1469","GAGTTACTCAAGCCAT-1_1_2"
"1470","GAGTTGTAGACATAAC-1_1_2"
"1471","GAGTTGTAGACCACGA-1_1_2"
"1472","GAGTTGTGTGACCTGC-1_1_2"
"1473","GAGTTTGAGTCCGCCA-1_1_2"
"1474","GATAGAAAGGTTCAGG-1_1_2"
"1475","GATAGAAGTATTCTCT-1_1_2"
"1476","GATAGAATCAGGAGAC-1_1_2"
"1477","GATAGCTAGAAAGCGA-1_1_2"
"1478","GATAGCTCACTGCGAC-1_1_2"
"1479","GATAGCTGTCTTCATT-1_1_2"
"1480","GATAGCTTCCGACAGC-1_1_2"
"1481","GATCAGTAGCACCCAC-1_1_2"
"1482","GATCAGTAGGTTCCAT-1_1_2"
"1483","GATCATGGTCAGATTC-1_1_2"
"1484","GATCATGTCTCGTCGT-1_1_2"
"1485","GATCCCTAGAACCGCA-1_1_2"
"1486","GATCCCTGTTTGATCG-1_1_2"
"1487","GATCGTAAGTCGCTAT-1_1_2"
"1488","GATCGTACAAACTAGA-1_1_2"
"1489","GATCGTAGTTCGTAAC-1_1_2"
"1490","GATCGTATCAATCTTC-1_1_2"
"1491","GATGACTCAAGTCATC-1_1_2"
"1492","GATGACTCATGAGGGT-1_1_2"
"1493","GATGACTTCACGATAC-1_1_2"
"1494","GATGAGGGTCACCGCA-1_1_2"
"1495","GATGAGGGTTCATCGA-1_1_2"
"1496","GATGAGGTCAACCTTT-1_1_2"
"1497","GATGATCAGTTTCTTC-1_1_2"
"1498","GATGCTAAGGTTCTTG-1_1_2"
"1499","GATGCTAAGTCTTCCC-1_1_2"
"1500","GATGCTAGTTTGTGGT-1_1_2"
"1501","GATGCTATCCCTCGTA-1_1_2"
"1502","GATGGAGAGAGCAGCT-1_1_2"
"1503","GATGGAGAGATTGACA-1_1_2"
"1504","GATGGAGCAAATCGGG-1_1_2"
"1505","GATGGAGCATACACCA-1_1_2"
"1506","GATGGAGGTTCGCGTG-1_1_2"
"1507","GATGGAGTCTCTCGCA-1_1_2"
"1508","GATGTTGTCAGAGTTC-1_1_2"
"1509","GATTCGACAAGTGGGT-1_1_2"
"1510","GATTCGACACTGGCCA-1_1_2"
"1511","GATTCGACAGCGACCT-1_1_2"
"1512","GATTCGACAGGGAATC-1_1_2"
"1513","GATTCGAGTGACTAAA-1_1_2"
"1514","GATTCGATCCGTAATG-1_1_2"
"1515","GATTCTTAGCGATCGA-1_1_2"
"1516","GATTGGTGTTTACTTC-1_1_2"
"1517","GATTGGTTCAGCTGAT-1_1_2"
"1518","GATTGGTTCTCATTGT-1_1_2"
"1519","GATTTCTGTCAACGCC-1_1_2"
"1520","GATTTCTGTGCGACAA-1_1_2"
"1521","GATTTCTTCCCATACC-1_1_2"
"1522","GCAACATAGCACGATG-1_1_2"
"1523","GCAACATGTTTGAACC-1_1_2"
"1524","GCAACCGGTGGGCTTC-1_1_2"
"1525","GCAACCGTCTTTCGAT-1_1_2"
"1526","GCACATAGTAACCCGC-1_1_2"
"1527","GCACGGTCAAAGACTA-1_1_2"
"1528","GCACGGTCAAGGTACG-1_1_2"
"1529","GCACGGTGTGGCTACC-1_1_2"
"1530","GCACGTGCAGTGCGCT-1_1_2"
"1531","GCACGTGGTTCCGCTT-1_1_2"
"1532","GCACGTGTCGTAACTG-1_1_2"
"1533","GCACTAAAGGGTTAGC-1_1_2"
"1534","GCACTAACATGTGCTA-1_1_2"
"1535","GCACTAAGTTCGATTG-1_1_2"
"1536","GCACTAATCCAACACA-1_1_2"
"1537","GCAGCCAAGGCCACTC-1_1_2"
"1538","GCAGCCACAACACGTT-1_1_2"
"1539","GCAGCCACAATAGTAG-1_1_2"
"1540","GCAGCTGAGGACTTCT-1_1_2"
"1541","GCAGCTGGTCAGCGTC-1_1_2"
"1542","GCAGGCTCAACCAATC-1_1_2"
"1543","GCAGGCTGTAATCAGA-1_1_2"
"1544","GCAGTTAAGGTGGTTG-1_1_2"
"1545","GCAGTTAGTCATGGCC-1_1_2"
"1546","GCATCGGGTGAGCTCC-1_1_2"
"1547","GCATGATCACCTCTGT-1_1_2"
"1548","GCATGATTCACTGGTA-1_1_2"
"1549","GCATTAGCATGGCGCT-1_1_2"
"1550","GCATTAGTCCTGTTAT-1_1_2"
"1551","GCATTAGTCTCATGGA-1_1_2"
"1552","GCATTAGTCTTCTTCC-1_1_2"
"1553","GCCAACGCACCTGCGA-1_1_2"
"1554","GCCAACGCAGAATGTA-1_1_2"
"1555","GCCAACGCATGAATCC-1_1_2"
"1556","GCCAGGTGTAAGTAGT-1_1_2"
"1557","GCCAGGTGTGTGACCC-1_1_2"
"1558","GCCAGGTTCATGGATC-1_1_2"
"1559","GCCAGGTTCTTGTTAC-1_1_2"
"1560","GCCAGTGTCGTCGATA-1_1_2"
"1561","GCCATGGAGAAACTAC-1_1_2"
"1562","GCCATGGAGACGTCGA-1_1_2"
"1563","GCCATGGCAGAAGTGC-1_1_2"
"1564","GCCATGGTCTAACGCA-1_1_2"
"1565","GCCATGGTCTACTCAT-1_1_2"
"1566","GCCATTCAGCTAGAAT-1_1_2"
"1567","GCCATTCCAAACTAGA-1_1_2"
"1568","GCCATTCCAGCAGTCC-1_1_2"
"1569","GCCATTCGTACAGTTC-1_1_2"
"1570","GCCATTCGTCAACCTA-1_1_2"
"1571","GCCCAGAAGAGATCGC-1_1_2"
"1572","GCCCGAACACTATCGA-1_1_2"
"1573","GCCGATGAGTCTGGAG-1_1_2"
"1574","GCCGATGCACTAGTAC-1_1_2"
"1575","GCCGATGTCCACTGGG-1_1_2"
"1576","GCCGATGTCCTGGCTT-1_1_2"
"1577","GCCGTGAAGTCATACC-1_1_2"
"1578","GCCGTGAGTGTGAATA-1_1_2"
"1579","GCCGTGATCATGCGGC-1_1_2"
"1580","GCCTGTTAGATGAATC-1_1_2"
"1581","GCCTGTTAGCATTGTC-1_1_2"
"1582","GCCTGTTAGGAGTCTG-1_1_2"
"1583","GCCTGTTAGGCTCACC-1_1_2"
"1584","GCCTGTTGTATCGGTT-1_1_2"
"1585","GCCTGTTGTTAAGGGC-1_1_2"
"1586","GCGATCGTCGAACCTA-1_1_2"
"1587","GCGGAAAAGCCATTGT-1_1_2"
"1588","GCGGAAAGTGATCATC-1_1_2"
"1589","GCGGATCTCGTTCATT-1_1_2"
"1590","GCGTGCAAGAGTACCG-1_1_2"
"1591","GCGTTTCAGACCGTTT-1_1_2"
"1592","GCGTTTCTCCTGCTAC-1_1_2"
"1593","GCGTTTCTCGTCACCT-1_1_2"
"1594","GCTACAACAACCGCCA-1_1_2"
"1595","GCTACAAGTGTCGATT-1_1_2"
"1596","GCTACAATCCATTCAT-1_1_2"
"1597","GCTACCTAGTAGCAAT-1_1_2"
"1598","GCTACCTAGTTGGGAC-1_1_2"
"1599","GCTACCTCACCCTCTA-1_1_2"
"1600","GCTACCTCAGTGTGCC-1_1_2"
"1601","GCTACCTCATTCACCC-1_1_2"
"1602","GCTACCTGTACCCGCA-1_1_2"
"1603","GCTACCTGTGTATACC-1_1_2"
"1604","GCTCAAACACTACGGC-1_1_2"
"1605","GCTCAAATCGTGGAAG-1_1_2"
"1606","GCTGCAGAGCACTCCG-1_1_2"
"1607","GCTGCAGTCAGTCAGT-1_1_2"
"1608","GCTGGGTTCGATGGAG-1_1_2"
"1609","GCTGGGTTCGTGGCTG-1_1_2"
"1610","GCTTCACCACCTCTAC-1_1_2"
"1611","GCTTGGGAGAGGTCGT-1_1_2"
"1612","GCTTGGGCACATTGTG-1_1_2"
"1613","GCTTGGGTCGTTCCTG-1_1_2"
"1614","GCTTTCGTCGTTCTGC-1_1_2"
"1615","GGAACCCAGCCTGAAG-1_1_2"
"1616","GGAACCCCAACGACAG-1_1_2"
"1617","GGAACCCCAGCTGAAG-1_1_2"
"1618","GGAACCCCATCTGCGG-1_1_2"
"1619","GGAACCCGTCGGTGAA-1_1_2"
"1620","GGAAGTGAGGGCCCTT-1_1_2"
"1621","GGAAGTGCAAGGAGTC-1_1_2"
"1622","GGAATCTCAGCCCACA-1_1_2"
"1623","GGAATCTTCGTAGTCA-1_1_2"
"1624","GGAATGGAGCACCGTC-1_1_2"
"1625","GGAATGGAGCGCATCC-1_1_2"
"1626","GGAATGGCAGAGACTG-1_1_2"
"1627","GGAGAACTCAGTGCGC-1_1_2"
"1628","GGAGATGAGCACCCAC-1_1_2"
"1629","GGAGATGGTCACAATC-1_1_2"
"1630","GGAGCAAAGGTACAGC-1_1_2"
"1631","GGAGCAAAGTCGGGAT-1_1_2"
"1632","GGAGCAACAATGTCTG-1_1_2"
"1633","GGAGCAACACTTTAGG-1_1_2"
"1634","GGAGCAACATTGCCTC-1_1_2"
"1635","GGAGCAAGTGGCTGAA-1_1_2"
"1636","GGAGCAATCTGCGTCT-1_1_2"
"1637","GGAGGATCAAAGCACG-1_1_2"
"1638","GGAGGATCACAGTACT-1_1_2"
"1639","GGAGGATCATCTCAAG-1_1_2"
"1640","GGAGGATCATGTGGTT-1_1_2"
"1641","GGAGGATTCCGTTGAA-1_1_2"
"1642","GGAGGATTCTCGCGTT-1_1_2"
"1643","GGAGGTAAGGTAGATT-1_1_2"
"1644","GGAGGTACACTCCTTG-1_1_2"
"1645","GGAGGTACAGGCGTTC-1_1_2"
"1646","GGATCTAAGTCCGCCA-1_1_2"
"1647","GGATCTACATCGATGT-1_1_2"
"1648","GGATCTAGTGGACAGT-1_1_2"
"1649","GGATGTTAGAATCCCT-1_1_2"
"1650","GGATGTTAGGAATGTT-1_1_2"
"1651","GGATGTTCACCCAATA-1_1_2"
"1652","GGATGTTGTACCCACG-1_1_2"
"1653","GGATGTTGTCCACATA-1_1_2"
"1654","GGATGTTTCGCGGACT-1_1_2"
"1655","GGCACGTAGTCCTGCG-1_1_2"
"1656","GGCACGTGTGAGTTGG-1_1_2"
"1657","GGCACGTTCAGACCCG-1_1_2"
"1658","GGCAGTCAGTCAACAA-1_1_2"
"1659","GGCGTCAAGATGAAGG-1_1_2"
"1660","GGCGTCAGTAGTGGCA-1_1_2"
"1661","GGCTGTGAGGACCCAA-1_1_2"
"1662","GGCTGTGCATCTCGTC-1_1_2"
"1663","GGCTTGGAGCCTTCTC-1_1_2"
"1664","GGCTTGGAGGCTGGAT-1_1_2"
"1665","GGCTTTCAGCACTCTA-1_1_2"
"1666","GGCTTTCTCCGGGACT-1_1_2"
"1667","GGCTTTCTCGCGCTGA-1_1_2"
"1668","GGGAAGTCACCGTACG-1_1_2"
"1669","GGGACAACAGTGCCTG-1_1_2"
"1670","GGGACCTCATGCCATA-1_1_2"
"1671","GGGACCTTCAATGCAC-1_1_2"
"1672","GGGACCTTCGCCTCTA-1_1_2"
"1673","GGGACTCCAAGAATAC-1_1_2"
"1674","GGGACTCCACCCTAAA-1_1_2"
"1675","GGGACTCCAGGAGGAG-1_1_2"
"1676","GGGACTCGTACCTAGT-1_1_2"
"1677","GGGACTCGTGCATCTA-1_1_2"
"1678","GGGACTCGTTGGGATG-1_1_2"
"1679","GGGACTCTCACCTTGC-1_1_2"
"1680","GGGACTCTCTGGGAGA-1_1_2"
"1681","GGGAGTAAGAGCAACC-1_1_2"
"1682","GGGAGTACAAATAGCA-1_1_2"
"1683","GGGAGTAGTGGCTTAT-1_1_2"
"1684","GGGAGTATCTCGCGTT-1_1_2"
"1685","GGGATCCTCGACCACG-1_1_2"
"1686","GGGATGAAGTCCGCCA-1_1_2"
"1687","GGGATGACAGAGTAAT-1_1_2"
"1688","GGGATGACATGATGCT-1_1_2"
"1689","GGGCCATAGGGCTGAT-1_1_2"
"1690","GGGCCATGTCATCGGC-1_1_2"
"1691","GGGCCATGTGTTCAGT-1_1_2"
"1692","GGGCCATTCCACCTGT-1_1_2"
"1693","GGGCCATTCTGCATGA-1_1_2"
"1694","GGGCGTTGTCATATGC-1_1_2"
"1695","GGGCTACAGAAATCCA-1_1_2"
"1696","GGGCTACAGTTGTAAG-1_1_2"
"1697","GGGCTACGTGATTCTG-1_1_2"
"1698","GGGCTCACACGCACCA-1_1_2"
"1699","GGGCTCACACGTAGAG-1_1_2"
"1700","GGGCTCAGTTCATCTT-1_1_2"
"1701","GGGCTCATCAGACCGC-1_1_2"
"1702","GGGTAGACACTGCATA-1_1_2"
"1703","GGGTAGACAGACACAG-1_1_2"
"1704","GGGTATTAGAGTGGCT-1_1_2"
"1705","GGGTATTAGTAAGGGA-1_1_2"
"1706","GGGTATTCAATACCCA-1_1_2"
"1707","GGGTATTCAATTAGGA-1_1_2"
"1708","GGGTATTCACACGGTC-1_1_2"
"1709","GGGTATTTCGAGAGCA-1_1_2"
"1710","GGGTCACAGATACAGT-1_1_2"
"1711","GGGTCACCAAGAGGCT-1_1_2"
"1712","GGGTCACTCGGTTAGT-1_1_2"
"1713","GGGTCACTCTGCTGAA-1_1_2"
"1714","GGGTCTGCAATCGCCG-1_1_2"
"1715","GGGTCTGGTTCGGCTG-1_1_2"
"1716","GGGTGAAAGCGCCTTG-1_1_2"
"1717","GGGTGAAGTCCAGTTA-1_1_2"
"1718","GGGTGTCAGTATAGGT-1_1_2"
"1719","GGGTGTCGTCCAAAGG-1_1_2"
"1720","GGGTGTCGTCGAATTC-1_1_2"
"1721","GGGTGTCTCATCTCTA-1_1_2"
"1722","GGGTGTCTCGTGTTCC-1_1_2"
"1723","GGGTTATAGGCTAAAT-1_1_2"
"1724","GGGTTATCAGTGTACT-1_1_2"
"1725","GGGTTTAAGCGGTATG-1_1_2"
"1726","GGGTTTACATATGGCT-1_1_2"
"1727","GGGTTTAGTGTTCAGT-1_1_2"
"1728","GGGTTTATCCACCTCA-1_1_2"
"1729","GGTAACTAGGTCATAA-1_1_2"
"1730","GGTAACTTCGTTGTTT-1_1_2"
"1731","GGTAATCCAACACACT-1_1_2"
"1732","GGTAATCCAGCTTTCC-1_1_2"
"1733","GGTAGAGAGTGTAGTA-1_1_2"
"1734","GGTAGAGCAAGGGTCA-1_1_2"
"1735","GGTAGAGTCATGGGAG-1_1_2"
"1736","GGTCACGCAGTATACC-1_1_2"
"1737","GGTCACGGTAGGAAAG-1_1_2"
"1738","GGTCACGGTCAAAGCG-1_1_2"
"1739","GGTCTGGAGGACGGAG-1_1_2"
"1740","GGTCTGGAGTACGAGC-1_1_2"
"1741","GGTCTGGCATGATGCT-1_1_2"
"1742","GGTCTGGTCATGGAGG-1_1_2"
"1743","GGTGAAGGTACACTCA-1_1_2"
"1744","GGTGATTAGATGGTCG-1_1_2"
"1745","GGTGATTCAGCGTATT-1_1_2"
"1746","GGTGGCTAGAGGATCC-1_1_2"
"1747","GGTGGCTAGCATATGA-1_1_2"
"1748","GGTGGCTCATCGTGCG-1_1_2"
"1749","GGTGGCTCATTGCTGA-1_1_2"
"1750","GGTGGCTGTCGTATGT-1_1_2"
"1751","GGTGTCGAGCATTTGC-1_1_2"
"1752","GGTGTCGTCGGATAAA-1_1_2"
"1753","GGTGTCGTCGGCTGGT-1_1_2"
"1754","GGTGTTAGTAACACCT-1_1_2"
"1755","GGTGTTAGTCAGACTT-1_1_2"
"1756","GGTTCTCAGAGGTGCT-1_1_2"
"1757","GGTTCTCAGGCTCTAT-1_1_2"
"1758","GGTTCTCCATTCCTCG-1_1_2"
"1759","GGTTCTCGTCGCAACC-1_1_2"
"1760","GGTTCTCGTTGACGGA-1_1_2"
"1761","GGTTCTCTCCGTTGAA-1_1_2"
"1762","GGTTGTAAGAGCGACT-1_1_2"
"1763","GGTTGTAAGCTAAATG-1_1_2"
"1764","GGTTGTACATGAGGGT-1_1_2"
"1765","GGTTGTAGTACTGCCG-1_1_2"
"1766","GTAACACAGCAATTAG-1_1_2"
"1767","GTAACACCAGAGTAAT-1_1_2"
"1768","GTAACACGTCAACACT-1_1_2"
"1769","GTAACACGTCGCCACA-1_1_2"
"1770","GTAAGTCCACCTGCGA-1_1_2"
"1771","GTAAGTCGTGTCATCA-1_1_2"
"1772","GTAATCGGTTCCGCTT-1_1_2"
"1773","GTAATGCAGGGCTGAT-1_1_2"
"1774","GTAATGCAGTCACTGT-1_1_2"
"1775","GTAATGCGTCGAACGA-1_1_2"
"1776","GTAATGCGTTGTACGT-1_1_2"
"1777","GTACAACCAAGAGTGC-1_1_2"
"1778","GTACAACCACGGCACT-1_1_2"
"1779","GTACAACCAGCAGACA-1_1_2"
"1780","GTACAACGTTCGGCGT-1_1_2"
"1781","GTACAGTGTCTCAAGT-1_1_2"
"1782","GTACAGTGTGTGGTCC-1_1_2"
"1783","GTACAGTTCATTACCT-1_1_2"
"1784","GTAGAAAAGTGATAGT-1_1_2"
"1785","GTAGAAATCTCACTCG-1_1_2"
"1786","GTAGAGGAGAAACTCA-1_1_2"
"1787","GTAGAGGGTAACATGA-1_1_2"
"1788","GTAGAGGGTGCTCTTC-1_1_2"
"1789","GTAGATCCAGGTCCCA-1_1_2"
"1790","GTAGATCGTACACGTT-1_1_2"
"1791","GTAGATCTCCTCCACA-1_1_2"
"1792","GTAGCTAAGTATGCAA-1_1_2"
"1793","GTAGCTACACGCTTAA-1_1_2"
"1794","GTAGCTACAGATTAAG-1_1_2"
"1795","GTAGCTATCTCTTGCG-1_1_2"
"1796","GTAGGTTAGAAATTGC-1_1_2"
"1797","GTAGGTTAGCATAGGC-1_1_2"
"1798","GTAGGTTCAATAGAGT-1_1_2"
"1799","GTAGGTTGTCCGAAAG-1_1_2"
"1800","GTAGTACGTCTTTATC-1_1_2"
"1801","GTATTGGCAGTGCGCT-1_1_2"
"1802","GTATTTCAGGATATAC-1_1_2"
"1803","GTATTTCCAACTGTGT-1_1_2"
"1804","GTATTTCCACGTAACT-1_1_2"
"1805","GTATTTCGTGGCGTAA-1_1_2"
"1806","GTCAAACAGTAGTGCG-1_1_2"
"1807","GTCAAACCAACACAGG-1_1_2"
"1808","GTCAAACGTTCAAAGA-1_1_2"
"1809","GTCAAACTCATGTCAG-1_1_2"
"1810","GTCAAGTTCAAGCCAT-1_1_2"
"1811","GTCACGGGTTAGTTCG-1_1_2"
"1812","GTCACTCAGTCGCCAC-1_1_2"
"1813","GTCACTCCACGTACAT-1_1_2"
"1814","GTCACTCTCCATCGTC-1_1_2"
"1815","GTCACTCTCGCGTCGA-1_1_2"
"1816","GTCAGCGGTAGAGACC-1_1_2"
"1817","GTCAGCGGTTGCCGAC-1_1_2"
"1818","GTCATCCAGTGCTCGC-1_1_2"
"1819","GTCATCCGTCCTATAG-1_1_2"
"1820","GTCATCCGTTCCAAAC-1_1_2"
"1821","GTCATCCTCAGCATTG-1_1_2"
"1822","GTCATGAAGTTGTCGT-1_1_2"
"1823","GTCATGATCATGGGAG-1_1_2"
"1824","GTCATTTCATCTCAAG-1_1_2"
"1825","GTCATTTGTACCATAC-1_1_2"
"1826","GTCCACTCACAAATGA-1_1_2"
"1827","GTCCACTGTCATACCA-1_1_2"
"1828","GTCCCATCAAGGTCGA-1_1_2"
"1829","GTCCTCAAGAGCTGCA-1_1_2"
"1830","GTCCTCAAGGACTAAT-1_1_2"
"1831","GTCCTCAAGGCATGCA-1_1_2"
"1832","GTCCTCAGTATGAGCG-1_1_2"
"1833","GTCCTCAGTCGTGTTA-1_1_2"
"1834","GTCCTCATCACCACAA-1_1_2"
"1835","GTCCTCATCCTACCGT-1_1_2"
"1836","GTCGAATGTCTAGTGT-1_1_2"
"1837","GTCGAATGTTCCGCAG-1_1_2"
"1838","GTCGAATTCTGCGGCA-1_1_2"
"1839","GTCGCGAAGAAGCCAC-1_1_2"
"1840","GTCGCGAAGCCAACCC-1_1_2"
"1841","GTCGCGACAGTGCCTG-1_1_2"
"1842","GTCGCGATCTGAATGC-1_1_2"
"1843","GTCGTAAAGATTGTGA-1_1_2"
"1844","GTCGTAAAGTACAACA-1_1_2"
"1845","GTCGTAAGTATCGCGC-1_1_2"
"1846","GTCGTAATCAAGCCTA-1_1_2"
"1847","GTCGTTCCACCTGCAG-1_1_2"
"1848","GTCTACCCAACGGTAG-1_1_2"
"1849","GTCTACCCAAGTCCCG-1_1_2"
"1850","GTCTACCGTCACCACG-1_1_2"
"1851","GTCTACCGTGTCCATA-1_1_2"
"1852","GTCTACCTCGCGGACT-1_1_2"
"1853","GTCTAGATCATTTACC-1_1_2"
"1854","GTCTCACTCTGCCTGT-1_1_2"
"1855","GTCTGTCAGATACTGA-1_1_2"
"1856","GTCTGTCAGCAGATAT-1_1_2"
"1857","GTCTGTCAGGACAGTC-1_1_2"
"1858","GTCTGTCCACTTGACA-1_1_2"
"1859","GTCTTTAAGAATCGCG-1_1_2"
"1860","GTCTTTACATAATGCC-1_1_2"
"1861","GTCTTTATCTCGTTTA-1_1_2"
"1862","GTGACGCAGCCTCTTC-1_1_2"
"1863","GTGACGCCACGACAAG-1_1_2"
"1864","GTGACGCGTAATGCTC-1_1_2"
"1865","GTGACGCGTCTGTGTA-1_1_2"
"1866","GTGACGCGTTTACTTC-1_1_2"
"1867","GTGAGCCAGTCATTGC-1_1_2"
"1868","GTGAGCCCATAATCCG-1_1_2"
"1869","GTGAGCCCATGATCTG-1_1_2"
"1870","GTGAGGAAGACTCATC-1_1_2"
"1871","GTGAGGAAGGGCAACT-1_1_2"
"1872","GTGAGGACAAGTGATA-1_1_2"
"1873","GTGAGTTAGGACAAGA-1_1_2"
"1874","GTGAGTTAGGGACTGT-1_1_2"
"1875","GTGAGTTGTAACAGGC-1_1_2"
"1876","GTGAGTTGTCCAGTTA-1_1_2"
"1877","GTGAGTTGTGGCACTC-1_1_2"
"1878","GTGAGTTTCCGCAACG-1_1_2"
"1879","GTGATGTCACACACTA-1_1_2"
"1880","GTGATGTGTTTGATCG-1_1_2"
"1881","GTGATGTTCTAGCCTC-1_1_2"
"1882","GTGCACGCATGGAAGC-1_1_2"
"1883","GTGCAGCAGCAATAAC-1_1_2"
"1884","GTGCAGCAGGAACATT-1_1_2"
"1885","GTGCAGCAGTTGCCTA-1_1_2"
"1886","GTGCAGCCAGAGCCCT-1_1_2"
"1887","GTGCAGCTCCGTGTGG-1_1_2"
"1888","GTGCAGCTCTAAGCGT-1_1_2"
"1889","GTGCGTGAGGTTAAAC-1_1_2"
"1890","GTGCGTGTCCACAAGT-1_1_2"
"1891","GTGCGTGTCGGTTGTA-1_1_2"
"1892","GTGCTGGAGTGCGACA-1_1_2"
"1893","GTGCTGGCAGCTCATA-1_1_2"
"1894","GTGCTGGCAGTATGAA-1_1_2"
"1895","GTGCTGGGTCCAGGTC-1_1_2"
"1896","GTGCTGGGTGAGGATC-1_1_2"
"1897","GTGCTGGGTGTGTCGC-1_1_2"
"1898","GTGCTGGTCTCCGATC-1_1_2"
"1899","GTGCTTCAGGGATCGT-1_1_2"
"1900","GTGCTTCAGGTCATTC-1_1_2"
"1901","GTGGAAGAGTTCCGGC-1_1_2"
"1902","GTGGAAGCAATTCTTC-1_1_2"
"1903","GTGGAAGGTGGAGAAA-1_1_2"
"1904","GTGGAGATCAGCCCAG-1_1_2"
"1905","GTGGCGTCACGTGAGA-1_1_2"
"1906","GTGGCGTGTGGGAGAG-1_1_2"
"1907","GTGGCGTTCTAGGAAA-1_1_2"
"1908","GTGGGAAGTAACATAG-1_1_2"
"1909","GTGGGAAGTACACTCA-1_1_2"
"1910","GTGGGAATCTAGTTCT-1_1_2"
"1911","GTGGTTACACAAAGTA-1_1_2"
"1912","GTGTAACAGCTGTTCA-1_1_2"
"1913","GTGTAACCAGTTGTCA-1_1_2"
"1914","GTGTAACGTACCACGC-1_1_2"
"1915","GTGTCCTGTCGAACGA-1_1_2"
"1916","GTGTCCTTCCATATGG-1_1_2"
"1917","GTGTGATCACTCCTTG-1_1_2"
"1918","GTGTGATGTTCCATTT-1_1_2"
"1919","GTGTGATTCGCGTTTC-1_1_2"
"1920","GTGTGGCAGCACTTTG-1_1_2"
"1921","GTGTGGCAGGACGCAT-1_1_2"
"1922","GTGTGGCCACCAGTAT-1_1_2"
"1923","GTGTGGCGTCATGGCC-1_1_2"
"1924","GTGTGGCTCACGGAGA-1_1_2"
"1925","GTGTTAGAGAAGCCTG-1_1_2"
"1926","GTGTTAGGTATGCAAA-1_1_2"
"1927","GTGTTAGGTCACTAGT-1_1_2"
"1928","GTGTTCCGTTGTCAGT-1_1_2"
"1929","GTGTTCCTCTTCGCTG-1_1_2"
"1930","GTTACCCAGTCACGCC-1_1_2"
"1931","GTTACCCGTGCCGGTT-1_1_2"
"1932","GTTACGAAGATCGACG-1_1_2"
"1933","GTTACGATCTAATTCC-1_1_2"
"1934","GTTAGACGTACGATGG-1_1_2"
"1935","GTTAGTGAGCACGATG-1_1_2"
"1936","GTTAGTGCAATGTCAC-1_1_2"
"1937","GTTAGTGTCCAGTGCG-1_1_2"
"1938","GTTATGGAGGGATGTC-1_1_2"
"1939","GTTATGGCATACTGAC-1_1_2"
"1940","GTTCATTCAAGCTGCC-1_1_2"
"1941","GTTCATTCACATTCTT-1_1_2"
"1942","GTTCATTGTACCCGAC-1_1_2"
"1943","GTTCATTGTCGAACGA-1_1_2"
"1944","GTTCCGTCAGAAACCG-1_1_2"
"1945","GTTCCGTTCGCTCATC-1_1_2"
"1946","GTTCGCTCATCTGGGC-1_1_2"
"1947","GTTCGCTTCAAGCTGT-1_1_2"
"1948","GTTCTATAGCGAAACC-1_1_2"
"1949","GTTCTATCAGCAGTTT-1_1_2"
"1950","GTTCTATCAGTTAGAA-1_1_2"
"1951","GTTCTATCATCCGAAT-1_1_2"
"1952","GTTGAACAGACCGTTT-1_1_2"
"1953","GTTGAACAGCAATAAC-1_1_2"
"1954","GTTGAACAGCCTCGTG-1_1_2"
"1955","GTTGAACGTGTTAACC-1_1_2"
"1956","GTTGAACTCGGTAGGA-1_1_2"
"1957","GTTGCGGGTGCGAGTA-1_1_2"
"1958","GTTGCTCAGGAGCAAA-1_1_2"
"1959","GTTGTAGAGCACCGTC-1_1_2"
"1960","GTTGTCCGTGATCATC-1_1_2"
"1961","GTTGTCCGTTATCCAG-1_1_2"
"1962","GTTGTGAAGTGCAAAT-1_1_2"
"1963","GTTGTGACAGTCTCTC-1_1_2"
"1964","GTTGTGATCAGGACAG-1_1_2"
"1965","GTTTACTAGACATACA-1_1_2"
"1966","GTTTACTCAACTCATG-1_1_2"
"1967","GTTTGGAAGTGTAGAT-1_1_2"
"1968","GTTTGGAGTGTCTCCT-1_1_2"
"1969","GTTTGGAGTTGACTAC-1_1_2"
"1970","GTTTGGATCGCTTGCT-1_1_2"
"1971","TAACACGAGGTTTGAA-1_1_2"
"1972","TAACACGTCGTTACCC-1_1_2"
"1973","TAACCAGAGTTCGGTT-1_1_2"
"1974","TAACCAGCACAGTCCG-1_1_2"
"1975","TAACCAGGTCGCTCGA-1_1_2"
"1976","TAACCAGGTGTATCCA-1_1_2"
"1977","TAACCAGGTTCTCCCA-1_1_2"
"1978","TAACGACAGAGAGCCT-1_1_2"
"1979","TAACGACCACCCAAGC-1_1_2"
"1980","TAACGACCATGTGGTT-1_1_2"
"1981","TAACTTCCAACGATTC-1_1_2"
"1982","TAACTTCCATGACAGG-1_1_2"
"1983","TAAGCACCACGACTAT-1_1_2"
"1984","TAAGCACGTACCAATC-1_1_2"
"1985","TAAGCACGTACGACAG-1_1_2"
"1986","TAAGCACGTCTACATG-1_1_2"
"1987","TAAGCCAAGGATACAT-1_1_2"
"1988","TAAGCCACACACGGAA-1_1_2"
"1989","TAAGCCATCACTCCGT-1_1_2"
"1990","TAAGCCATCGTAACTG-1_1_2"
"1991","TAAGCGTAGCATGCGA-1_1_2"
"1992","TAAGCGTAGCCGATAG-1_1_2"
"1993","TAAGCGTAGCCTTGAT-1_1_2"
"1994","TAAGCGTCACAGTATC-1_1_2"
"1995","TAAGCGTCAGGACTTT-1_1_2"
"1996","TAAGCGTTCTGCGAGC-1_1_2"
"1997","TAAGTCGAGAACAGGA-1_1_2"
"1998","TAATCTCAGGAGATAG-1_1_2"
"1999","TAATCTCCAGTTCACA-1_1_2"
"2000","TAATCTCCATGGCTAT-1_1_2"
"2001","TAATCTCTCTTCGCTG-1_1_2"
"2002","TAATTCCAGTGGTTAA-1_1_2"
"2003","TAATTCCCAGGAACCA-1_1_2"
"2004","TAATTCCGTTCAACGT-1_1_2"
"2005","TAATTCCTCACTGTCC-1_1_2"
"2006","TACAACGGTTCTCCCA-1_1_2"
"2007","TACAACGTCGATACAC-1_1_2"
"2008","TACACCCCAGCTGTGC-1_1_2"
"2009","TACACCCGTCTAGGCC-1_1_2"
"2010","TACACCCTCAGCGCAC-1_1_2"
"2011","TACACCCTCAGCTTCC-1_1_2"
"2012","TACAGGTCAAAGGTTA-1_1_2"
"2013","TACAGGTGTCACTTAG-1_1_2"
"2014","TACAGGTTCCAACACA-1_1_2"
"2015","TACAGGTTCGGAGCAA-1_1_2"
"2016","TACATTCCACCGTACG-1_1_2"
"2017","TACATTCTCGATTGAC-1_1_2"
"2018","TACCCACGTAGGCAAC-1_1_2"
"2019","TACCCACGTTCTAACG-1_1_2"
"2020","TACCCACGTTGGAGGT-1_1_2"
"2021","TACCCACTCAAGCCGC-1_1_2"
"2022","TACCCACTCGAGGCAA-1_1_2"
"2023","TACCCGTAGTGCCGAA-1_1_2"
"2024","TACCCGTGTCGCATGC-1_1_2"
"2025","TACCCGTGTTTGATCG-1_1_2"
"2026","TACCCGTTCCCTTCCC-1_1_2"
"2027","TACCGAAAGGAAGTAG-1_1_2"
"2028","TACCGAAAGGTAGACC-1_1_2"
"2029","TACCGAAGTAGCTCGC-1_1_2"
"2030","TACCGGGAGTCATAGA-1_1_2"
"2031","TACCGGGCAATACAGA-1_1_2"
"2032","TACCTCGGTACTAGCT-1_1_2"
"2033","TACCTCGTCCCGAAAT-1_1_2"
"2034","TACCTCGTCGTAGGAG-1_1_2"
"2035","TACCTGCCATGTCGTA-1_1_2"
"2036","TACCTGCGTGAACGGT-1_1_2"
"2037","TACGCTCGTCGCTTGG-1_1_2"
"2038","TACGCTCGTTCCTACC-1_1_2"
"2039","TACGGGCAGCCTGTCG-1_1_2"
"2040","TACGGGCAGTCTGGTT-1_1_2"
"2041","TACGGGCGTAATGCTC-1_1_2"
"2042","TACGTCCCACAACGAG-1_1_2"
"2043","TACTGCCAGAGCAGAA-1_1_2"
"2044","TACTGCCCACGACGAA-1_1_2"
"2045","TACTGCCCATAATCCG-1_1_2"
"2046","TACTGCCTCCTCTCTT-1_1_2"
"2047","TACTTACTCATTGAGC-1_1_2"
"2048","TACTTACTCTCGTTTA-1_1_2"
"2049","TACTTCAAGTAGTGCG-1_1_2"
"2050","TACTTCAGTCTGGTTA-1_1_2"
"2051","TACTTCATCCTCAGGG-1_1_2"
"2052","TACTTGTAGGCTGTAG-1_1_2"
"2053","TACTTGTTCAACACGT-1_1_2"
"2054","TAGACCACAGTGGCTC-1_1_2"
"2055","TAGACCATCCAGGACC-1_1_2"
"2056","TAGACCATCGCGCTGA-1_1_2"
"2057","TAGACTGAGTAGCCAG-1_1_2"
"2058","TAGACTGGTACCTAGT-1_1_2"
"2059","TAGACTGTCGCTGACG-1_1_2"
"2060","TAGAGTCAGATGAATC-1_1_2"
"2061","TAGAGTCAGCACTCAT-1_1_2"
"2062","TAGAGTCCAAGACGGT-1_1_2"
"2063","TAGAGTCGTGCCTTTC-1_1_2"
"2064","TAGATCGCAGCAAGAC-1_1_2"
"2065","TAGATCGGTCAGGTAG-1_1_2"
"2066","TAGCACAAGGTCGTAG-1_1_2"
"2067","TAGCACAGTTTGGCTA-1_1_2"
"2068","TAGCACATCCGAGGCT-1_1_2"
"2069","TAGGAGGCAGAGGTAC-1_1_2"
"2070","TAGGAGGCATTGCCTC-1_1_2"
"2071","TAGGGTTCATCCGGCA-1_1_2"
"2072","TAGGGTTGTCGCAACC-1_1_2"
"2073","TAGGGTTTCGGCTGGT-1_1_2"
"2074","TAGGTACAGCGAATGC-1_1_2"
"2075","TAGGTACCAGGCCTGT-1_1_2"
"2076","TAGGTACTCTCCTGTG-1_1_2"
"2077","TAGGTTGCAACCGCCA-1_1_2"
"2078","TAGGTTGCAGCTATAC-1_1_2"
"2079","TAGGTTGGTCACGACC-1_1_2"
"2080","TAGGTTGGTCTACGTA-1_1_2"
"2081","TAGGTTGGTGAGTAAT-1_1_2"
"2082","TAGTGCAGTCCAGCAC-1_1_2"
"2083","TAGTGCATCGGCATCG-1_1_2"
"2084","TATACCTAGTATGACA-1_1_2"
"2085","TATACCTAGTCCGTCG-1_1_2"
"2086","TATACCTGTCCAGGTC-1_1_2"
"2087","TATACCTGTTGTGGCC-1_1_2"
"2088","TATACCTTCCGTGACG-1_1_2"
"2089","TATATCCAGTCATCGT-1_1_2"
"2090","TATATCCCACGTGAGA-1_1_2"
"2091","TATATCCGTCAATCTG-1_1_2"
"2092","TATATCCTCCATTGTT-1_1_2"
"2093","TATCAGGAGATTCGAA-1_1_2"
"2094","TATCCTACAATTGCAC-1_1_2"
"2095","TATCCTACAGATCCAT-1_1_2"
"2096","TATCCTAGTAACAAGT-1_1_2"
"2097","TATCCTATCTTCCCAG-1_1_2"
"2098","TATCGCCAGGTCACCC-1_1_2"
"2099","TATCGCCCAGAACTAA-1_1_2"
"2100","TATCGCCCAGCGACAA-1_1_2"
"2101","TATCGCCTCTCTAAGG-1_1_2"
"2102","TATCTGTAGGTTCTAC-1_1_2"
"2103","TATCTGTGTATTGACC-1_1_2"
"2104","TATCTGTTCAGCTGTA-1_1_2"
"2105","TATCTTGAGACTCATC-1_1_2"
"2106","TATCTTGCAATTTCCT-1_1_2"
"2107","TATCTTGTCCGTCAAA-1_1_2"
"2108","TATCTTGTCTTTACAC-1_1_2"
"2109","TATGTTCAGAAGCGGG-1_1_2"
"2110","TATGTTCCACGAGGAT-1_1_2"
"2111","TATGTTCTCACCCTTG-1_1_2"
"2112","TATTCCAAGTTCAACC-1_1_2"
"2113","TATTCCAGTAGCTGAG-1_1_2"
"2114","TATTCCAGTCAGTTTG-1_1_2"
"2115","TATTCCATCCTTCAGC-1_1_2"
"2116","TATTCCATCTCGAACA-1_1_2"
"2117","TATTCCATCTTGCGCT-1_1_2"
"2118","TATTGCTAGGTAACTA-1_1_2"
"2119","TATTGCTCATGGGTTT-1_1_2"
"2120","TATTGCTGTGGTCTTA-1_1_2"
"2121","TATTGCTTCAGTGCGC-1_1_2"
"2122","TATTGCTTCTGCTAGA-1_1_2"
"2123","TATTGGGAGTTCATCG-1_1_2"
"2124","TATTGGGGTGGTATGG-1_1_2"
"2125","TATTTCGGTACGTGAG-1_1_2"
"2126","TATTTCGGTTAGGGAC-1_1_2"
"2127","TCAAGACAGATCACTC-1_1_2"
"2128","TCAAGACAGCACTAAA-1_1_2"
"2129","TCAAGACAGGAATGTT-1_1_2"
"2130","TCAAGCAGTCCGAAAG-1_1_2"
"2131","TCAAGCATCACCCTGT-1_1_2"
"2132","TCAAGCATCCTAGCTC-1_1_2"
"2133","TCAAGTGCACAAATAG-1_1_2"
"2134","TCAAGTGGTTCCGGTG-1_1_2"
"2135","TCAAGTGGTTCGAGCC-1_1_2"
"2136","TCAATCTCACAGCCTG-1_1_2"
"2137","TCAATTCAGACGAAGA-1_1_2"
"2138","TCAATTCCAGGACATG-1_1_2"
"2139","TCAATTCGTATACAGA-1_1_2"
"2140","TCAATTCGTTAACAGA-1_1_2"
"2141","TCACAAGAGCTGAGTG-1_1_2"
"2142","TCACAAGCATCGGTTA-1_1_2"
"2143","TCACAAGGTGGATTTC-1_1_2"
"2144","TCACAAGGTTGACTAC-1_1_2"
"2145","TCACAAGTCGCCGAGT-1_1_2"
"2146","TCACACCAGTCAGCCC-1_1_2"
"2147","TCACACCCAATAACGA-1_1_2"
"2148","TCACACCTCATAGACC-1_1_2"
"2149","TCACATTCATTCGATG-1_1_2"
"2150","TCACGCTAGCTACTGT-1_1_2"
"2151","TCACGCTCACCTGCGA-1_1_2"
"2152","TCACGGGGTTATAGAG-1_1_2"
"2153","TCACGGGGTTGCTAGT-1_1_2"
"2154","TCACTATCATTGACTG-1_1_2"
"2155","TCACTATGTAACTTCG-1_1_2"
"2156","TCACTCGAGGGCGAAG-1_1_2"
"2157","TCACTCGCATCTCCCA-1_1_2"
"2158","TCACTCGGTCATCCCT-1_1_2"
"2159","TCAGCAAGTTCTCCCA-1_1_2"
"2160","TCAGCAATCAGTCTTT-1_1_2"
"2161","TCAGCCTAGAGTTGCG-1_1_2"
"2162","TCAGCCTAGCATCAGG-1_1_2"
"2163","TCAGCCTCACGTACTA-1_1_2"
"2164","TCAGCCTTCCGCAACG-1_1_2"
"2165","TCAGGGCAGAGTATAC-1_1_2"
"2166","TCAGGGCAGATGCGAC-1_1_2"
"2167","TCAGGGCGTGCGTGCT-1_1_2"
"2168","TCAGGGCTCGTGTTCC-1_1_2"
"2169","TCAGGTAAGGGAGGGT-1_1_2"
"2170","TCAGGTACACCGTGCA-1_1_2"
"2171","TCAGGTACAGCACAAG-1_1_2"
"2172","TCAGGTAGTACGATGG-1_1_2"
"2173","TCAGGTAGTCACTCTC-1_1_2"
"2174","TCAGTCCAGGGAGGGT-1_1_2"
"2175","TCAGTCCGTCCCTCAT-1_1_2"
"2176","TCAGTGAAGTAAACTG-1_1_2"
"2177","TCAGTGAAGTAGTCTC-1_1_2"
"2178","TCAGTGAGTACAAACA-1_1_2"
"2179","TCAGTGAGTACACTCA-1_1_2"
"2180","TCAGTGAGTATACAGA-1_1_2"
"2181","TCAGTGAGTCCAGCCA-1_1_2"
"2182","TCAGTTTAGCGTCTCG-1_1_2"
"2183","TCAGTTTCAACCGATT-1_1_2"
"2184","TCATACTAGAGCTGCA-1_1_2"
"2185","TCATACTCAACGGCCT-1_1_2"
"2186","TCATATCGTATCGGTT-1_1_2"
"2187","TCATCATAGCACTCAT-1_1_2"
"2188","TCATCATAGGTACATA-1_1_2"
"2189","TCATCATTCCACATAG-1_1_2"
"2190","TCATCCGCAAGTTGGG-1_1_2"
"2191","TCATCCGCACGTATAC-1_1_2"
"2192","TCATCCGGTGAGTAAT-1_1_2"
"2193","TCATGAGCACCGTCGA-1_1_2"
"2194","TCATGAGTCCGTTGAA-1_1_2"
"2195","TCATGAGTCGACATTG-1_1_2"
"2196","TCATGAGTCGCTACGG-1_1_2"
"2197","TCATGCCAGTTGGAAT-1_1_2"
"2198","TCATGCCTCACGTAGT-1_1_2"
"2199","TCATGGAAGCACCTGC-1_1_2"
"2200","TCATGGAAGCGATGAC-1_1_2"
"2201","TCATGGAGTGCGTTTA-1_1_2"
"2202","TCATGGAGTGGTTTGT-1_1_2"
"2203","TCATGTTCAGCGCGTT-1_1_2"
"2204","TCATGTTTCACAACCA-1_1_2"
"2205","TCATTACAGAATAACC-1_1_2"
"2206","TCATTCACACTCTGCT-1_1_2"
"2207","TCATTCATCATTTGCT-1_1_2"
"2208","TCATTGTAGAGCAGTC-1_1_2"
"2209","TCATTGTAGGATGGCT-1_1_2"
"2210","TCATTGTCACATGACT-1_1_2"
"2211","TCATTGTGTCTGTGCG-1_1_2"
"2212","TCATTGTGTTGACTAC-1_1_2"
"2213","TCATTGTTCGTGGGAA-1_1_2"
"2214","TCATTTGAGGACAAGA-1_1_2"
"2215","TCATTTGCAATGAACA-1_1_2"
"2216","TCATTTGCAGAACATA-1_1_2"
"2217","TCCACCAGTGGCAACA-1_1_2"
"2218","TCCACCAGTGTGTCGC-1_1_2"
"2219","TCCACCAGTTGCTAGT-1_1_2"
"2220","TCCACCAGTTGTATGC-1_1_2"
"2221","TCCACGTTCAACCTCC-1_1_2"
"2222","TCCACGTTCAGTCATG-1_1_2"
"2223","TCCACGTTCGCGGTAC-1_1_2"
"2224","TCCACGTTCTTCCAGC-1_1_2"
"2225","TCCAGAAAGGCATGGT-1_1_2"
"2226","TCCAGAATCAGGACGA-1_1_2"
"2227","TCCAGAATCGTCACCT-1_1_2"
"2228","TCCATCGCACCTGCAG-1_1_2"
"2229","TCCATGCAGCCTGTGC-1_1_2"
"2230","TCCATGCCATGACTGT-1_1_2"
"2231","TCCATGCGTTCGTGCG-1_1_2"
"2232","TCCCACATCTGCTCTG-1_1_2"
"2233","TCCCAGTAGCGGTAAC-1_1_2"
"2234","TCCCAGTCAAGATCCT-1_1_2"
"2235","TCCCAGTCACTGGACC-1_1_2"
"2236","TCCCAGTGTCGTTATG-1_1_2"
"2237","TCCCAGTGTGGCTAGA-1_1_2"
"2238","TCCCATGAGAACGTGC-1_1_2"
"2239","TCCCATGAGCTACAAA-1_1_2"
"2240","TCCCATGCAACCTAAC-1_1_2"
"2241","TCCCATGCAATTAGGA-1_1_2"
"2242","TCCCATGTCCTGGGTG-1_1_2"
"2243","TCCGAAAAGCGTATAA-1_1_2"
"2244","TCCGAAACAGAGTTCT-1_1_2"
"2245","TCCGAAAGTGTGCTTA-1_1_2"
"2246","TCCGAAATCAGTCCGG-1_1_2"
"2247","TCCGAAATCTATCACT-1_1_2"
"2248","TCCGATCAGCCGGATA-1_1_2"
"2249","TCCGATCAGGAGATAG-1_1_2"
"2250","TCCGATCAGTTTGTCG-1_1_2"
"2251","TCCGATCCATAGCACT-1_1_2"
"2252","TCCGATCGTGACAGGT-1_1_2"
"2253","TCCGGGACATACTTTC-1_1_2"
"2254","TCCGGGAGTCATCGCG-1_1_2"
"2255","TCCGGGAGTTATGTGC-1_1_2"
"2256","TCCGTGTGTTTCAGAC-1_1_2"
"2257","TCCTAATCAATTGAGA-1_1_2"
"2258","TCCTAATGTACCCGAC-1_1_2"
"2259","TCCTAATGTTGGGAAC-1_1_2"
"2260","TCCTCCCCAAATAGCA-1_1_2"
"2261","TCCTCCCCAGCACGAA-1_1_2"
"2262","TCCTCCCGTATGGTAA-1_1_2"
"2263","TCCTCGAAGGTGGGTT-1_1_2"
"2264","TCCTCGACAGCGAGTA-1_1_2"
"2265","TCCTCTTAGGTCACTT-1_1_2"
"2266","TCCTCTTGTTATCTTC-1_1_2"
"2267","TCCTCTTTCAAGCCAT-1_1_2"
"2268","TCCTCTTTCGATCCCT-1_1_2"
"2269","TCCTCTTTCGGTGTTA-1_1_2"
"2270","TCCTGCAGTGTTCGTA-1_1_2"
"2271","TCCTGCATCGTAACTG-1_1_2"
"2272","TCCTGCATCGTCCTTG-1_1_2"
"2273","TCCTTCTAGGTCTACT-1_1_2"
"2274","TCCTTCTTCCCAGTGG-1_1_2"
"2275","TCCTTTCAGGTCATTC-1_1_2"
"2276","TCCTTTCTCGGCTCTT-1_1_2"
"2277","TCGAACATCATCTACT-1_1_2"
"2278","TCGAACATCTCTTGCG-1_1_2"
"2279","TCGAAGTAGTAATACG-1_1_2"
"2280","TCGAAGTCAGCTGTTA-1_1_2"
"2281","TCGACCTTCGTCAGAT-1_1_2"
"2282","TCGACGGAGTCATTGC-1_1_2"
"2283","TCGACGGTCTGAATCG-1_1_2"
"2284","TCGATTTAGAGGCTGT-1_1_2"
"2285","TCGATTTAGTCATAGA-1_1_2"
"2286","TCGATTTCAAATCAAG-1_1_2"
"2287","TCGATTTCAGAACTTC-1_1_2"
"2288","TCGATTTTCCCTTGGT-1_1_2"
"2289","TCGCACTCAGGGAATC-1_1_2"
"2290","TCGCAGGTCATCGCAA-1_1_2"
"2291","TCGCAGGTCTAGTTCT-1_1_2"
"2292","TCGCTCAAGCAGGCAT-1_1_2"
"2293","TCGCTCAAGTAGCATA-1_1_2"
"2294","TCGCTCAGTTGTTTGG-1_1_2"
"2295","TCGCTTGCACGACGCT-1_1_2"
"2296","TCGGATAAGCTTAGTC-1_1_2"
"2297","TCGGATAAGGTAGCAC-1_1_2"
"2298","TCGGATACAGGTGACA-1_1_2"
"2299","TCGGATAGTACAGAGC-1_1_2"
"2300","TCGGATAGTGGCTCTG-1_1_2"
"2301","TCGGATAGTTGTAAAG-1_1_2"
"2302","TCGGATATCGTTCATT-1_1_2"
"2303","TCGGGACGTCCGAAGA-1_1_2"
"2304","TCGGGCAAGAGGATCC-1_1_2"
"2305","TCGGGCAAGGCACGAT-1_1_2"
"2306","TCGGGCACAATGCTCA-1_1_2"
"2307","TCGGGCACAATGGCAG-1_1_2"
"2308","TCGGGCACATCGGATT-1_1_2"
"2309","TCGGGTGAGTAGCTCT-1_1_2"
"2310","TCGGGTGAGTGGATAT-1_1_2"
"2311","TCGGGTGTCGAACCTA-1_1_2"
"2312","TCGGTCTAGGACGCTA-1_1_2"
"2313","TCGTAGAAGACGCATG-1_1_2"
"2314","TCGTAGAAGACTCATC-1_1_2"
"2315","TCGTAGATCCTTCTTC-1_1_2"
"2316","TCGTCCAAGCGCGTTC-1_1_2"
"2317","TCGTCCATCGCCTTTG-1_1_2"
"2318","TCGTGCTAGAAAGCGA-1_1_2"
"2319","TCGTGCTAGAGGCGTT-1_1_2"
"2320","TCGTGCTAGTACGAGC-1_1_2"
"2321","TCGTGCTTCATTTACC-1_1_2"
"2322","TCTAACTAGATACGAT-1_1_2"
"2323","TCTAACTTCTCCAATT-1_1_2"
"2324","TCTACATAGACTCTAC-1_1_2"
"2325","TCTACATCAACGATCT-1_1_2"
"2326","TCTACATCACCGCTAG-1_1_2"
"2327","TCTACATCATAATCGC-1_1_2"
"2328","TCTACCGCATTCTTCA-1_1_2"
"2329","TCTATACCAGAAGCGT-1_1_2"
"2330","TCTATCAAGACATAGT-1_1_2"
"2331","TCTATCAAGGGTTAGC-1_1_2"
"2332","TCTATCAAGGTGCAGT-1_1_2"
"2333","TCTCACGCAACCGTAT-1_1_2"
"2334","TCTCACGCACACAGAG-1_1_2"
"2335","TCTCACGTCCACATAG-1_1_2"
"2336","TCTCCGAAGTCGGCCT-1_1_2"
"2337","TCTCCGAGTCGCGTTG-1_1_2"
"2338","TCTCCGATCCCGAGTG-1_1_2"
"2339","TCTCTGGCACAGTGAG-1_1_2"
"2340","TCTCTGGCAGAGATGC-1_1_2"
"2341","TCTCTGGGTGTGTCCG-1_1_2"
"2342","TCTCTGGTCGAATGCT-1_1_2"
"2343","TCTGCCAAGTCGTTAC-1_1_2"
"2344","TCTGCCAGTTCAGGTT-1_1_2"
"2345","TCTGCCATCGATAACC-1_1_2"
"2346","TCTGGCTCAAATGGCG-1_1_2"
"2347","TCTGGCTCAGCCTTCT-1_1_2"
"2348","TCTGGCTCATTCACCC-1_1_2"
"2349","TCTGTCGAGCCTCCAG-1_1_2"
"2350","TCTGTCGGTGGTAACG-1_1_2"
"2351","TCTGTCGGTTTCGGCG-1_1_2"
"2352","TCTTCCTCAGAGGACT-1_1_2"
"2353","TCTTCCTGTCAAGGCA-1_1_2"
"2354","TCTTCCTGTCGAATTC-1_1_2"
"2355","TCTTCCTGTTACAGCT-1_1_2"
"2356","TCTTGCGCAATTGCGT-1_1_2"
"2357","TCTTGCGTCAGGGTAG-1_1_2"
"2358","TCTTTGAGTGAAAGTT-1_1_2"
"2359","TGAACGTCACTTCTCG-1_1_2"
"2360","TGAACGTGTTCGGACC-1_1_2"
"2361","TGAATCGAGCATCCCG-1_1_2"
"2362","TGAATCGCATGACTCA-1_1_2"
"2363","TGAATCGGTGACTGAG-1_1_2"
"2364","TGAATGCAGTGGTCAG-1_1_2"
"2365","TGAATGCCATCCTCAC-1_1_2"
"2366","TGAATGCGTAGTTACC-1_1_2"
"2367","TGAATGCGTCAACCAT-1_1_2"
"2368","TGAATGCGTTACCCTC-1_1_2"
"2369","TGAATGCTCCTTCAGC-1_1_2"
"2370","TGACAGTAGATTCGAA-1_1_2"
"2371","TGACAGTGTACTCGTA-1_1_2"
"2372","TGACAGTGTGGCTGAA-1_1_2"
"2373","TGACAGTGTTGCTCAA-1_1_2"
"2374","TGACAGTTCACTAGCA-1_1_2"
"2375","TGACAGTTCCATCAGA-1_1_2"
"2376","TGACAGTTCTTGCGCT-1_1_2"
"2377","TGACCCTTCGAAATCC-1_1_2"
"2378","TGACGCGAGCTGCCTG-1_1_2"
"2379","TGACGCGAGTTGTAGA-1_1_2"
"2380","TGACGCGCAGTTGAAA-1_1_2"
"2381","TGACGCGGTGGCGCTT-1_1_2"
"2382","TGAGACTCAATGGGTG-1_1_2"
"2383","TGAGACTGTAAGACCG-1_1_2"
"2384","TGAGACTGTAGAGTTA-1_1_2"
"2385","TGAGACTTCGTTCTAT-1_1_2"
"2386","TGAGCATCAGTCTCTC-1_1_2"
"2387","TGAGCGCCACAGCCTG-1_1_2"
"2388","TGAGGAGGTCGTCATA-1_1_2"
"2389","TGAGGGAAGCTCAGAG-1_1_2"
"2390","TGAGGGACAACAAGAT-1_1_2"
"2391","TGAGGGACATCATGAC-1_1_2"
"2392","TGAGGGACATGACCCG-1_1_2"
"2393","TGAGGGATCGCTCATC-1_1_2"
"2394","TGAGGTTAGCGCCTAC-1_1_2"
"2395","TGAGGTTGTGGAAGTC-1_1_2"
"2396","TGAGTCAAGGCATCAG-1_1_2"
"2397","TGAGTCATCCATAAGC-1_1_2"
"2398","TGATCAGAGGCCTGCT-1_1_2"
"2399","TGATCTTTCGCTGATA-1_1_2"
"2400","TGATGCAAGGCATTTC-1_1_2"
"2401","TGATGCACAACACTAC-1_1_2"
"2402","TGATGCAGTGATATAG-1_1_2"
"2403","TGATGCAGTTGGTAGG-1_1_2"
"2404","TGATGGTCATGGCACC-1_1_2"
"2405","TGATTCTAGCCACCGT-1_1_2"
"2406","TGATTCTAGTAACGTA-1_1_2"
"2407","TGATTCTCACATCCCT-1_1_2"
"2408","TGATTTCGTCCAACGC-1_1_2"
"2409","TGCACGGGTTAAGCAA-1_1_2"
"2410","TGCAGATCATAATGCC-1_1_2"
"2411","TGCAGATTCATCGCTC-1_1_2"
"2412","TGCAGATTCCATAGAC-1_1_2"
"2413","TGCAGTAGTCTGATCA-1_1_2"
"2414","TGCAGTATCACGGGAA-1_1_2"
"2415","TGCATCCAGCTACAAA-1_1_2"
"2416","TGCATCCCAGGCAATG-1_1_2"
"2417","TGCATCCTCACTAGCA-1_1_2"
"2418","TGCATGAAGAGGCTGT-1_1_2"
"2419","TGCATGAAGTGGAAGA-1_1_2"
"2420","TGCCGAGCAGTCGGAA-1_1_2"
"2421","TGCCGAGCATAGAAAC-1_1_2"
"2422","TGCCGAGCATTAAGCC-1_1_2"
"2423","TGCCGAGGTAGGCAAC-1_1_2"
"2424","TGCCGAGGTTTGGAAA-1_1_2"
"2425","TGCGACGAGCTCGACC-1_1_2"
"2426","TGCGACGGTCTTCATT-1_1_2"
"2427","TGCGACGGTGAGTGAC-1_1_2"
"2428","TGCGATACACGCCAGT-1_1_2"
"2429","TGCGATAGTGGTCCCA-1_1_2"
"2430","TGCGATAGTTCCGGTG-1_1_2"
"2431","TGCGATATCGCAGATT-1_1_2"
"2432","TGCGGCAAGCGATTCT-1_1_2"
"2433","TGCGGGTCACGACGCT-1_1_2"
"2434","TGCTCCAAGTCGCGAA-1_1_2"
"2435","TGCTCCACAGAGTGAC-1_1_2"
"2436","TGCTCCAGTAGTAAGT-1_1_2"
"2437","TGCTCCAGTCGAAACG-1_1_2"
"2438","TGCTCCAGTTCCTAAG-1_1_2"
"2439","TGCTCGTAGCTTCATG-1_1_2"
"2440","TGCTCGTCATGCGGTC-1_1_2"
"2441","TGCTCGTGTCACAATC-1_1_2"
"2442","TGCTGAAAGCTAGCCC-1_1_2"
"2443","TGCTGAAAGGCGCTTC-1_1_2"
"2444","TGCTGAACAGAGATGC-1_1_2"
"2445","TGCTTCGAGCGCACAA-1_1_2"
"2446","TGCTTCGGTAGATGTA-1_1_2"
"2447","TGCTTCGTCCAAGCCG-1_1_2"
"2448","TGCTTCGTCTACACTT-1_1_2"
"2449","TGCTTGCAGACGACTG-1_1_2"
"2450","TGCTTGCAGATACCAA-1_1_2"
"2451","TGCTTGCCATGGCCAC-1_1_2"
"2452","TGCTTGCTCGACGTCG-1_1_2"
"2453","TGGAACTCACTAACCA-1_1_2"
"2454","TGGAACTGTTCCGCGA-1_1_2"
"2455","TGGAACTTCAAGCCGC-1_1_2"
"2456","TGGAACTTCCCTCTAG-1_1_2"
"2457","TGGAGAGAGACCTCAT-1_1_2"
"2458","TGGAGAGAGCTGGCCT-1_1_2"
"2459","TGGAGAGCATTATGCG-1_1_2"
"2460","TGGAGAGGTACGTTCA-1_1_2"
"2461","TGGAGAGGTCTTGCTC-1_1_2"
"2462","TGGAGGAAGAGGGTCT-1_1_2"
"2463","TGGAGGATCATAGCAC-1_1_2"
"2464","TGGAGGATCGTGGCTG-1_1_2"
"2465","TGGATCAAGCTTAGTC-1_1_2"
"2466","TGGATCAAGTCCGTCG-1_1_2"
"2467","TGGATCACACAACATC-1_1_2"
"2468","TGGATGTCAAGTCCAT-1_1_2"
"2469","TGGCGTGAGCGTGTCC-1_1_2"
"2470","TGGCGTGCATGGTGGA-1_1_2"
"2471","TGGGAAGCACAACGTT-1_1_2"
"2472","TGGGAAGCAGCGGTTC-1_1_2"
"2473","TGGGAAGGTAGCGCTC-1_1_2"
"2474","TGGGAAGTCTCCGTGT-1_1_2"
"2475","TGGGAGACACTGATTG-1_1_2"
"2476","TGGGATTAGCGAACTG-1_1_2"
"2477","TGGGATTGTCTCAAGT-1_1_2"
"2478","TGGGCGTCAAATGAGT-1_1_2"
"2479","TGGGCGTTCCAGCAAT-1_1_2"
"2480","TGGGCTGCAATAGTGA-1_1_2"
"2481","TGGGCTGCACGGTGTC-1_1_2"
"2482","TGGGCTGCATGAAAGT-1_1_2"
"2483","TGGGCTGGTACGGCAA-1_1_2"
"2484","TGGTACACAACTGTGT-1_1_2"
"2485","TGGTACAGTCCAAATC-1_1_2"
"2486","TGGTACAGTTAGTTCG-1_1_2"
"2487","TGGTACATCCAATCTT-1_1_2"
"2488","TGGTAGTAGCACTCCG-1_1_2"
"2489","TGGTAGTTCCGCAACG-1_1_2"
"2490","TGGTGATGTTCACCGG-1_1_2"
"2491","TGGTTAGCAAGTGTCT-1_1_2"
"2492","TGTAACGAGAATTCAG-1_1_2"
"2493","TGTAACGAGGGCTAAC-1_1_2"
"2494","TGTAACGGTAGCACGA-1_1_2"
"2495","TGTAAGCAGAAGCGCT-1_1_2"
"2496","TGTAAGCAGACTGTTC-1_1_2"
"2497","TGTAAGCCAGAAATCA-1_1_2"
"2498","TGTAAGCGTGGGTTGA-1_1_2"
"2499","TGTACAGAGAAGGATG-1_1_2"
"2500","TGTACAGGTAATCAAG-1_1_2"
"2501","TGTACAGGTGGCTTAT-1_1_2"
"2502","TGTACAGTCGTGTCAA-1_1_2"
"2503","TGTACAGTCTGCCTGT-1_1_2"
"2504","TGTAGACAGACAACTA-1_1_2"
"2505","TGTAGACAGCCGTCGT-1_1_2"
"2506","TGTAGACAGTATGATG-1_1_2"
"2507","TGTAGACCAACTAGAA-1_1_2"
"2508","TGTAGACCAAGTCCAT-1_1_2"
"2509","TGTAGACCAGAGAAAG-1_1_2"
"2510","TGTAGACCAGCTACAT-1_1_2"
"2511","TGTAGACCATCAGTGT-1_1_2"
"2512","TGTAGACGTCGCTGCA-1_1_2"
"2513","TGTAGACGTTAAACAG-1_1_2"
"2514","TGTCAGAAGAAACTCA-1_1_2"
"2515","TGTCAGAGTCCGGTGT-1_1_2"
"2516","TGTCAGAGTCGGCACT-1_1_2"
"2517","TGTCCACAGTCGGCCT-1_1_2"
"2518","TGTCCACGTGTCACAT-1_1_2"
"2519","TGTCCCACATCACCAA-1_1_2"
"2520","TGTCCCACATCCAATG-1_1_2"
"2521","TGTCCCATCGAACTCA-1_1_2"
"2522","TGTCCTGGTCGACGCT-1_1_2"
"2523","TGTGAGTGTATCGAAA-1_1_2"
"2524","TGTGAGTGTATCGTAC-1_1_2"
"2525","TGTGATGAGCCACTCG-1_1_2"
"2526","TGTGATGGTACCCGAC-1_1_2"
"2527","TGTGATGTCCCGTTCA-1_1_2"
"2528","TGTGCGGTCGACATTG-1_1_2"
"2529","TGTGGCGCAGGGATAC-1_1_2"
"2530","TGTGGCGTCAGCCTCT-1_1_2"
"2531","TGTGTGAAGAATAACC-1_1_2"
"2532","TGTGTGAAGCCATATC-1_1_2"
"2533","TGTGTGAAGTCCCAAT-1_1_2"
"2534","TGTGTGACAAGGATGC-1_1_2"
"2535","TGTTACTAGCCTATCA-1_1_2"
"2536","TGTTACTAGGTCACAG-1_1_2"
"2537","TGTTACTGTCATGCAT-1_1_2"
"2538","TGTTACTGTTTGGAGG-1_1_2"
"2539","TGTTCATAGCTCGAAG-1_1_2"
"2540","TGTTCATCACAAACGG-1_1_2"
"2541","TGTTCCGCATGACGGA-1_1_2"
"2542","TGTTCCGGTATCGCTA-1_1_2"
"2543","TGTTCCGGTCAAAGCG-1_1_2"
"2544","TGTTCCGGTCAAATCC-1_1_2"
"2545","TGTTCTAAGTAAACGT-1_1_2"
"2546","TGTTCTAAGTTAGTGA-1_1_2"
"2547","TGTTCTACAGACGATG-1_1_2"
"2548","TGTTCTACATTCATCT-1_1_2"
"2549","TGTTCTAGTATGAGAT-1_1_2"
"2550","TGTTCTATCGACCTAA-1_1_2"
"2551","TGTTGAGAGGTGTGAC-1_1_2"
"2552","TGTTGAGGTACAACGG-1_1_2"
"2553","TGTTGAGTCACTACTT-1_1_2"
"2554","TGTTGAGTCGACGACC-1_1_2"
"2555","TGTTGGAAGTGTAGAT-1_1_2"
"2556","TGTTGGAGTCCACTCT-1_1_2"
"2557","TGTTGGAGTCGCTGCA-1_1_2"
"2558","TGTTTGTAGGACAGTC-1_1_2"
"2559","TGTTTGTCACTTCATT-1_1_2"
"2560","TGTTTGTCATGATGCT-1_1_2"
"2561","TGTTTGTTCAATCTTC-1_1_2"
"2562","TGTTTGTTCATACAGC-1_1_2"
"2563","TTAATCCCAGCGCGTT-1_1_2"
"2564","TTAATCCTCGGCTTCT-1_1_2"
"2565","TTACAGGGTCGCACAC-1_1_2"
"2566","TTACAGGTCCACCTCA-1_1_2"
"2567","TTACAGGTCTCCGATC-1_1_2"
"2568","TTACCATAGTCCCAAT-1_1_2"
"2569","TTACCGCCACGTCGGT-1_1_2"
"2570","TTACCGCCAGGGAGAG-1_1_2"
"2571","TTACCGCGTCCGACGT-1_1_2"
"2572","TTACGCCAGAAGATCT-1_1_2"
"2573","TTACGCCCATATTCGG-1_1_2"
"2574","TTACGCCTCAGGGATG-1_1_2"
"2575","TTACGTTAGGTCTGGA-1_1_2"
"2576","TTACGTTCACTGTCGG-1_1_2"
"2577","TTACGTTCATGGAATA-1_1_2"
"2578","TTACGTTGTTAGGCCC-1_1_2"
"2579","TTACGTTTCGCTACAA-1_1_2"
"2580","TTACTGTGTCGGTACC-1_1_2"
"2581","TTACTGTGTCTTCATT-1_1_2"
"2582","TTACTGTTCTATCCAT-1_1_2"
"2583","TTAGGCATCACCGGTG-1_1_2"
"2584","TTAGGCATCGGCCCAA-1_1_2"
"2585","TTAGGGTCAAGAAACT-1_1_2"
"2586","TTAGGGTGTACGCTAT-1_1_2"
"2587","TTAGGGTGTGGCTGAA-1_1_2"
"2588","TTAGGGTTCATTACGG-1_1_2"
"2589","TTAGTCTAGGTTCACT-1_1_2"
"2590","TTAGTCTAGTGAGGCT-1_1_2"
"2591","TTAGTCTCACAGTACT-1_1_2"
"2592","TTAGTCTCATTCCTAT-1_1_2"
"2593","TTAGTCTTCAGTGCGC-1_1_2"
"2594","TTAGTCTTCCGATTAG-1_1_2"
"2595","TTATTGCCAACAAGTA-1_1_2"
"2596","TTCAATCAGTCTTCCC-1_1_2"
"2597","TTCAATCCATCTTTCA-1_1_2"
"2598","TTCAATCGTAGAGACC-1_1_2"
"2599","TTCAATCTCCTCTGCA-1_1_2"
"2600","TTCACCGGTAGAATGT-1_1_2"
"2601","TTCACCGGTTGTGTTG-1_1_2"
"2602","TTCAGGAAGGGCGAAG-1_1_2"
"2603","TTCAGGACACTACAGT-1_1_2"
"2604","TTCAGGATCAAGGCTT-1_1_2"
"2605","TTCAGGATCCAAAGGG-1_1_2"
"2606","TTCAGGATCTCGCGTT-1_1_2"
"2607","TTCATGTAGCAAGTCG-1_1_2"
"2608","TTCATGTGTTCTCTCG-1_1_2"
"2609","TTCATGTTCCAGTACA-1_1_2"
"2610","TTCATTGAGACAGCTG-1_1_2"
"2611","TTCATTGGTCGCACAC-1_1_2"
"2612","TTCATTGTCCAGCTCT-1_1_2"
"2613","TTCCAATAGATTGTGA-1_1_2"
"2614","TTCCACGGTCCCACGA-1_1_2"
"2615","TTCCACGGTGTTACAC-1_1_2"
"2616","TTCCACGGTGTTAGCT-1_1_2"
"2617","TTCCACGTCTTACGTT-1_1_2"
"2618","TTCCGGTAGCAAATGT-1_1_2"
"2619","TTCCGGTCATCTGTTT-1_1_2"
"2620","TTCCGGTGTATTTCTC-1_1_2"
"2621","TTCCGGTGTCCACTTC-1_1_2"
"2622","TTCCGGTGTCGCCTAG-1_1_2"
"2623","TTCCGGTTCCGTGTAA-1_1_2"
"2624","TTCCGTGCATCGATGT-1_1_2"
"2625","TTCCGTGGTCATCTAG-1_1_2"
"2626","TTCCTAACAACCAATC-1_1_2"
"2627","TTCCTAACATACAGAA-1_1_2"
"2628","TTCCTCTAGATGCAGC-1_1_2"
"2629","TTCCTCTAGTCCTGTA-1_1_2"
"2630","TTCCTCTCAAAGGGCT-1_1_2"
"2631","TTCCTCTCACATTGTG-1_1_2"
"2632","TTCCTCTCACGACCTG-1_1_2"
"2633","TTCCTCTGTCATAAAG-1_1_2"
"2634","TTCCTTCGTCGGATTT-1_1_2"
"2635","TTCCTTCTCCGGACGT-1_1_2"
"2636","TTCGATTAGGCCTAAG-1_1_2"
"2637","TTCGATTCACCAGGTC-1_1_2"
"2638","TTCGATTTCCAAATGC-1_1_2"
"2639","TTCGCTGAGATGTAGT-1_1_2"
"2640","TTCGCTGGTTGGACCC-1_1_2"
"2641","TTCGCTGTCATGTCAG-1_1_2"
"2642","TTCGCTGTCATTCTTG-1_1_2"
"2643","TTCGCTGTCCAAGAGG-1_1_2"
"2644","TTCGGTCAGGTCATAA-1_1_2"
"2645","TTCGGTCTCATGAGGG-1_1_2"
"2646","TTCTAACAGCAACTTC-1_1_2"
"2647","TTCTAACAGTCACTCA-1_1_2"
"2648","TTCTAACGTCCTACAA-1_1_2"
"2649","TTCTAACGTGAGCTCC-1_1_2"
"2650","TTCTAACTCCAAACCA-1_1_2"
"2651","TTCTAGTGTGATTCTG-1_1_2"
"2652","TTCTCTCTCCGCTAGG-1_1_2"
"2653","TTCTGTAAGGCGCTTC-1_1_2"
"2654","TTCTTCCGTTGACTGT-1_1_2"
"2655","TTCTTGATCTTAGCAG-1_1_2"
"2656","TTGAACGCAGAACCGA-1_1_2"
"2657","TTGAACGGTCTCGACG-1_1_2"
"2658","TTGAACGTCACTACTT-1_1_2"
"2659","TTGACCCAGAAACACT-1_1_2"
"2660","TTGACCCAGCAGCACA-1_1_2"
"2661","TTGACCCAGGTGGCTA-1_1_2"
"2662","TTGACCCTCGGTCGAC-1_1_2"
"2663","TTGAGTGAGTTGAAAC-1_1_2"
"2664","TTGAGTGGTAACCCTA-1_1_2"
"2665","TTGATGGGTCGACTGC-1_1_2"
"2666","TTGATGGGTGAGAACC-1_1_2"
"2667","TTGATGGTCAAGCCTA-1_1_2"
"2668","TTGCATTAGAACTGAT-1_1_2"
"2669","TTGCATTCACCTGATA-1_1_2"
"2670","TTGCATTTCATACAGC-1_1_2"
"2671","TTGCATTTCCAATGCA-1_1_2"
"2672","TTGCGTCAGAGGCTGT-1_1_2"
"2673","TTGCGTCAGTCGTCTA-1_1_2"
"2674","TTGCGTCCAGGGATAC-1_1_2"
"2675","TTGCTGCAGAATTTGG-1_1_2"
"2676","TTGCTGCGTACGAGCA-1_1_2"
"2677","TTGCTGCGTAGGCAGT-1_1_2"
"2678","TTGGGATCAGTAGAAT-1_1_2"
"2679","TTGGGATGTACTGTTG-1_1_2"
"2680","TTGGGATGTGAGGATC-1_1_2"
"2681","TTGGGCGGTTCGGACC-1_1_2"
"2682","TTGGGCGTCTCGCGTT-1_1_2"
"2683","TTGGGTAAGGCTGAAC-1_1_2"
"2684","TTGGGTAGTTCAATCG-1_1_2"
"2685","TTGGTTTGTCCCTAAA-1_1_2"
"2686","TTGGTTTGTTCTATCT-1_1_2"
"2687","TTGTGGACAATTGTGC-1_1_2"
"2688","TTGTGGACACCGTCTT-1_1_2"
"2689","TTGTGGAGTAATCAAG-1_1_2"
"2690","TTGTGGATCACTCCGT-1_1_2"
"2691","TTGTGGATCGAACCAT-1_1_2"
"2692","TTGTGTTAGCCATCCG-1_1_2"
"2693","TTGTGTTTCCCGATCT-1_1_2"
"2694","TTGTGTTTCCGAGGCT-1_1_2"
"2695","TTGTTCACAGCATTGT-1_1_2"
"2696","TTGTTCATCTCTCGCA-1_1_2"
"2697","TTGTTGTAGGATAATC-1_1_2"
"2698","TTGTTGTCAGTCTTCC-1_1_2"
"2699","TTGTTGTTCACCATCC-1_1_2"
"2700","TTGTTTGAGGCGATAC-1_1_2"
"2701","TTTACCACAAATCGTC-1_1_2"
"2702","TTTACGTCAGTCACGC-1_1_2"
"2703","TTTACGTCATAGGCGA-1_1_2"
"2704","TTTACGTCATGGTGGA-1_1_2"
"2705","TTTACTGCACCAATTG-1_1_2"
"2706","TTTACTGTCCATTGTT-1_1_2"
"2707","TTTAGTCGTAGGCTGA-1_1_2"
"2708","TTTAGTCTCTGTCAGA-1_1_2"
"2709","TTTCACACAAGTATAG-1_1_2"
"2710","TTTCACACACGACGAA-1_1_2"
"2711","TTTCACACATAGGTTC-1_1_2"
"2712","TTTCACATCTATACGG-1_1_2"
"2713","TTTCAGTCAGTCGGAA-1_1_2"
"2714","TTTCAGTGTGACTAAA-1_1_2"
"2715","TTTCAGTGTTAACCTG-1_1_2"
"2716","TTTCAGTTCGGATAAA-1_1_2"
"2717","TTTCATGAGCAGTACG-1_1_2"
"2718","TTTCATGAGTAACAGT-1_1_2"
"2719","TTTCATGGTGGTAATA-1_1_2"
"2720","TTTCATGTCCTTCACG-1_1_2"
"2721","TTTCCTCAGGGTTTCT-1_1_2"
"2722","TTTCCTCGTAGATTGA-1_1_2"
"2723","TTTCCTCGTTACCCAA-1_1_2"
"2724","TTTCGATAGGACAAGA-1_1_2"
"2725","TTTCGATCACAGTCGC-1_1_2"
"2726","TTTCGATGTAGGGAGG-1_1_2"
"2727","TTTCGATTCGTGACTA-1_1_2"
"2728","TTTCGATTCTGCTGAA-1_1_2"
"2729","TTTGACTCACTGATTG-1_1_2"
"2730","TTTGACTGTCACTTAG-1_1_2"
"2731","TTTGACTTCACAAGAA-1_1_2"
"2732","TTTGACTTCGAGCCTG-1_1_2"
"2733","TTTGACTTCGATACAC-1_1_2"
"2734","TTTGATCAGCTCAGAG-1_1_2"
"2735","TTTGATCTCCGTTTCG-1_1_2"
"2736","TTTGGAGAGACGTCGA-1_1_2"
"2737","TTTGGAGAGGCAGGTT-1_1_2"
"2738","TTTGGAGGTCAGCGTC-1_1_2"
"2739","TTTGGAGTCATGAGGG-1_1_2"
"2740","TTTGGTTCATAATCCG-1_1_2"
"2741","TTTGTTGAGAGCCTGA-1_1_2"
"2742","TTTGTTGAGGTTGTTC-1_1_2"
"2743","TTTGTTGAGTTAGTGA-1_1_2"
"2744","TTTGTTGGTGCTATTG-1_1_2"
