"","x"
"1","AAACCCAAGGACGGAG-1_5_1"
"2","AAACCCAAGTGGGAAA-1_5_1"
"3","AAACCCACAGAAACCG-1_5_1"
"4","AAACCCACAGCGGTCT-1_5_1"
"5","AAACCCACAGGTGGAT-1_5_1"
"6","AAACCCAGTAGACACG-1_5_1"
"7","AAACCCATCGTTCCTG-1_5_1"
"8","AAAGAACAGTTACGGG-1_5_1"
"9","AAAGGATGTCAATGGG-1_5_1"
"10","AAAGGATGTGTGATGG-1_5_1"
"11","AAAGGATTCCAAACCA-1_5_1"
"12","AAAGGATTCTGCGGGT-1_5_1"
"13","AAAGGGCGTAGCTGCC-1_5_1"
"14","AAAGGGCTCTCACCCA-1_5_1"
"15","AAAGGTACAAAGGGTC-1_5_1"
"16","AAAGGTATCCACGAAT-1_5_1"
"17","AAAGTCCCAATACGAA-1_5_1"
"18","AAAGTCCGTCAGACGA-1_5_1"
"19","AAAGTGAAGATAGTCA-1_5_1"
"20","AACAAAGCAGCCCACA-1_5_1"
"21","AACAACCCACTGCGAC-1_5_1"
"22","AACAACCGTTCTAACG-1_5_1"
"23","AACAAGAGTACCGGCT-1_5_1"
"24","AACAAGATCACAAGGG-1_5_1"
"25","AACACACGTTCTTAGG-1_5_1"
"26","AACAGGGCAGCAATTC-1_5_1"
"27","AACCAACCAGATTTCG-1_5_1"
"28","AACCAACGTGCCGGTT-1_5_1"
"29","AACCACAAGAGTCTTC-1_5_1"
"30","AACCACAAGTAGTGCG-1_5_1"
"31","AACCACAGTGTCATTG-1_5_1"
"32","AACCATGGTTGGGCCT-1_5_1"
"33","AACCATGTCCGGTTCT-1_5_1"
"34","AACCATGTCTAGACCA-1_5_1"
"35","AACCCAAAGGGTAGCT-1_5_1"
"36","AACCTGACACTAGGTT-1_5_1"
"37","AACCTGATCAAGTTGC-1_5_1"
"38","AACCTTTGTGATCGTT-1_5_1"
"39","AACGGGACAGACACCC-1_5_1"
"40","AACGTCACACCAAATC-1_5_1"
"41","AACTTCTCAGTAGAAT-1_5_1"
"42","AAGAACAGTAGGTAGC-1_5_1"
"43","AAGACAAGTTGTCCCT-1_5_1"
"44","AAGACTCGTAGGCAGT-1_5_1"
"45","AAGATAGCATGCCGCA-1_5_1"
"46","AAGATAGTCATACGGT-1_5_1"
"47","AAGGAATCATAGACTC-1_5_1"
"48","AAGGTAAAGCGATGCA-1_5_1"
"49","AAGTACCTCTAGTGAC-1_5_1"
"50","AAGTCGTCATCCTCAC-1_5_1"
"51","AAGTCGTTCCGATAGT-1_5_1"
"52","AAGTGAACATAACGGG-1_5_1"
"53","AAGTGAAGTGAGTGAC-1_5_1"
"54","AAGTTCGTCACTGATG-1_5_1"
"55","AATAGAGAGGTCGAGT-1_5_1"
"56","AATAGAGTCAGGTAAA-1_5_1"
"57","AATAGAGTCTTGGATG-1_5_1"
"58","AATCACGAGAGTCGAC-1_5_1"
"59","AATCACGTCGGAGCAA-1_5_1"
"60","AATCGACGTTAAGAAC-1_5_1"
"61","AATCGACGTTACGGAG-1_5_1"
"62","AATCGACTCTAAGGAA-1_5_1"
"63","AATCGTGCACTTCAAG-1_5_1"
"64","AATCGTGGTACAAAGT-1_5_1"
"65","AATGACCAGATAACGT-1_5_1"
"66","AATGACCCACGAGGAT-1_5_1"
"67","AATGACCTCCTAACAG-1_5_1"
"68","AATGCCACACCCATAA-1_5_1"
"69","AATGGAATCCTACACC-1_5_1"
"70","AATGGCTAGACGGTCA-1_5_1"
"71","AATGGCTAGCTAGTTC-1_5_1"
"72","AATTCCTAGATGCTTC-1_5_1"
"73","AATTCCTTCGTTCTAT-1_5_1"
"74","AATTTCCAGGTTCCGC-1_5_1"
"75","ACAAAGACATGCAGCC-1_5_1"
"76","ACAACCAAGCCTGCCA-1_5_1"
"77","ACAACCATCACTCTTA-1_5_1"
"78","ACAACCATCCCGTGTT-1_5_1"
"79","ACACCAACACATAACC-1_5_1"
"80","ACACCAATCTGGCCGA-1_5_1"
"81","ACACGCGAGAGCAAGA-1_5_1"
"82","ACACGCGAGCGTGAGT-1_5_1"
"83","ACACGCGCACCAACAT-1_5_1"
"84","ACACTGAAGCTAATCC-1_5_1"
"85","ACACTGACACTCACTC-1_5_1"
"86","ACAGCCGAGCATCAGG-1_5_1"
"87","ACAGGGAGTCAAGGCA-1_5_1"
"88","ACATCCCAGAGTGAAG-1_5_1"
"89","ACATCGACAAGTCCAT-1_5_1"
"90","ACATCGATCGGAGCAA-1_5_1"
"91","ACATCGATCTCATGGA-1_5_1"
"92","ACATTTCAGCACACCC-1_5_1"
"93","ACATTTCCAAATTGGA-1_5_1"
"94","ACATTTCCACCGGAAA-1_5_1"
"95","ACCAAACTCAATCCAG-1_5_1"
"96","ACCAACACAAGCGCAA-1_5_1"
"97","ACCACAACAATTCTCT-1_5_1"
"98","ACCACAATCATGTCTT-1_5_1"
"99","ACCCAAATCCAAGGGA-1_5_1"
"100","ACCTACCAGACGGAAA-1_5_1"
"101","ACCTACCAGATGAAGG-1_5_1"
"102","ACCTACCAGCCTCAAT-1_5_1"
"103","ACCTACCCAAAGCACG-1_5_1"
"104","ACCTACCTCCGAGGCT-1_5_1"
"105","ACCTGAACAGACCATT-1_5_1"
"106","ACCTGAACAGGCACTC-1_5_1"
"107","ACCTGAATCGCTCTCA-1_5_1"
"108","ACCTGTCCAGCGACCT-1_5_1"
"109","ACGATCAGTCGCTGCA-1_5_1"
"110","ACGATCAGTGATGGCA-1_5_1"
"111","ACGATCAGTGCCAAGA-1_5_1"
"112","ACGATCATCTCATGGA-1_5_1"
"113","ACGATGTAGTAGGCCA-1_5_1"
"114","ACGGAAGAGTTCTACG-1_5_1"
"115","ACGGAAGCACACACTA-1_5_1"
"116","ACGGAAGTCCTGTTGC-1_5_1"
"117","ACGGGTCAGAAATGGG-1_5_1"
"118","ACGGGTCCATCCTTGC-1_5_1"
"119","ACGGTCGCACCAGTAT-1_5_1"
"120","ACGGTCGGTCCAGCAC-1_5_1"
"121","ACGGTTAAGTCCTACA-1_5_1"
"122","ACGGTTACAACATCGT-1_5_1"
"123","ACGGTTAGTTTCTTAC-1_5_1"
"124","ACGTAACAGTTGTAGA-1_5_1"
"125","ACGTAACCAACCACAT-1_5_1"
"126","ACGTACAAGGAACTCG-1_5_1"
"127","ACGTACATCTACCAGA-1_5_1"
"128","ACGTCCTGTGGCCACT-1_5_1"
"129","ACGTCCTTCCATGCAA-1_5_1"
"130","ACGTTCCTCCGCGAGT-1_5_1"
"131","ACTATCTAGACATAAC-1_5_1"
"132","ACTATCTCATGATAGA-1_5_1"
"133","ACTATGGAGGAGAGGC-1_5_1"
"134","ACTATGGAGGGTCAAC-1_5_1"
"135","ACTATGGCAGCGATTT-1_5_1"
"136","ACTATGGGTCATGCAT-1_5_1"
"137","ACTATGGGTCCATACA-1_5_1"
"138","ACTATGGTCCCGTGAG-1_5_1"
"139","ACTATTCGTCTTCATT-1_5_1"
"140","ACTCCCACAACAAAGT-1_5_1"
"141","ACTCCCATCACTTTGT-1_5_1"
"142","ACTCTCGAGAACGTGC-1_5_1"
"143","ACTGATGCAGGACATG-1_5_1"
"144","ACTGATGCAGGAGGAG-1_5_1"
"145","ACTGCAACACCAACAT-1_5_1"
"146","ACTGCAACATCAGCAT-1_5_1"
"147","ACTGCAAGTACCAGAG-1_5_1"
"148","ACTGTCCAGCTAGCCC-1_5_1"
"149","ACTGTCCTCGAACCTA-1_5_1"
"150","ACTTAGGAGCAGCCCT-1_5_1"
"151","ACTTAGGAGGAACATT-1_5_1"
"152","ACTTATCGTAACTAAG-1_5_1"
"153","ACTTCCGAGGGTCTTT-1_5_1"
"154","ACTTTCACAGAGAATT-1_5_1"
"155","ACTTTCATCTGTCCCA-1_5_1"
"156","ACTTTGTAGACTCCGC-1_5_1"
"157","ACTTTGTCAATGGGTG-1_5_1"
"158","ACTTTGTGTTGTACGT-1_5_1"
"159","ACTTTGTTCCTCACTG-1_5_1"
"160","AGAAATGGTTGCATAC-1_5_1"
"161","AGAACAAAGTTTCTTC-1_5_1"
"162","AGAACAAGTTCGGCCA-1_5_1"
"163","AGAACAATCCGCGGAT-1_5_1"
"164","AGAACCTAGCTTTGTG-1_5_1"
"165","AGAACCTCATCATTTC-1_5_1"
"166","AGAAGCGCAAATGGCG-1_5_1"
"167","AGAAGCGGTACCATAC-1_5_1"
"168","AGAAGCGTCTGCTGAA-1_5_1"
"169","AGAAGTAGTCCGGACT-1_5_1"
"170","AGACAAAAGAAGTCTA-1_5_1"
"171","AGACAAAAGTCAAGCG-1_5_1"
"172","AGACAAACAGGATCTT-1_5_1"
"173","AGACACTAGGGAGTTC-1_5_1"
"174","AGACACTCAAATGCTC-1_5_1"
"175","AGACACTGTATAGGAT-1_5_1"
"176","AGACAGGGTGCCCACA-1_5_1"
"177","AGACCCGGTTTGGAGG-1_5_1"
"178","AGACTCAGTACCATAC-1_5_1"
"179","AGAGAATAGCCATTTG-1_5_1"
"180","AGAGAATAGGTTAAAC-1_5_1"
"181","AGAGAATGTGCGAACA-1_5_1"
"182","AGAGAATTCTCATTGT-1_5_1"
"183","AGAGAATTCTCGACCT-1_5_1"
"184","AGAGCAGTCACTTGGA-1_5_1"
"185","AGAGCCCCACGGGCTT-1_5_1"
"186","AGAGCCCTCGCAATGT-1_5_1"
"187","AGATAGAAGCGGACAT-1_5_1"
"188","AGATCCATCGTAACTG-1_5_1"
"189","AGATCGTAGGTTACAA-1_5_1"
"190","AGATCGTGTCGACTTA-1_5_1"
"191","AGATGAATCCACGGAC-1_5_1"
"192","AGATGCTCAAATGGAT-1_5_1"
"193","AGCATCACAGCGTTGC-1_5_1"
"194","AGCATCACATTACGGT-1_5_1"
"195","AGCATCATCATGTCTT-1_5_1"
"196","AGCCACGTCGGAGTAG-1_5_1"
"197","AGCCAGCTCTTCTGTA-1_5_1"
"198","AGCGCCAGTAACACCT-1_5_1"
"199","AGCGCTGGTCGTACAT-1_5_1"
"200","AGCGTATAGCGGTATG-1_5_1"
"201","AGCGTATGTAGTTCCA-1_5_1"
"202","AGCGTATGTTCGGTAT-1_5_1"
"203","AGCTACACATAACAGA-1_5_1"
"204","AGCTCAAAGACGACTG-1_5_1"
"205","AGCTCAAAGTATGAGT-1_5_1"
"206","AGCTCAAGTCAAAGCG-1_5_1"
"207","AGCTCAATCACACCCT-1_5_1"
"208","AGCTTCCGTAGATTGA-1_5_1"
"209","AGCTTCCGTGCTCTCT-1_5_1"
"210","AGCTTCCTCCACTAGA-1_5_1"
"211","AGGAAATGTCTTGAAC-1_5_1"
"212","AGGAATACATCTATCT-1_5_1"
"213","AGGAATAGTCACTTAG-1_5_1"
"214","AGGACTTAGCGTCAGA-1_5_1"
"215","AGGACTTGTGCAGTGA-1_5_1"
"216","AGGACTTTCACCATAG-1_5_1"
"217","AGGACTTTCCTAGCTC-1_5_1"
"218","AGGATAAAGCACTCCG-1_5_1"
"219","AGGATAACAGCAATTC-1_5_1"
"220","AGGATAACATCGATAC-1_5_1"
"221","AGGATCTTCGTTCAGA-1_5_1"
"222","AGGATCTTCTCGTTTA-1_5_1"
"223","AGGCCACAGGACTGGT-1_5_1"
"224","AGGCCACAGTTGTAGA-1_5_1"
"225","AGGCTGCAGCTAGATA-1_5_1"
"226","AGGCTGCGTTACTCAG-1_5_1"
"227","AGGCTGCTCTTTGATC-1_5_1"
"228","AGGGAGTGTTCCCAAA-1_5_1"
"229","AGGGAGTTCCATTCGC-1_5_1"
"230","AGGGAGTTCGTCAAAC-1_5_1"
"231","AGGGCCTAGCGACCCT-1_5_1"
"232","AGGGCCTAGTATTGCC-1_5_1"
"233","AGGGCCTTCTACTGCC-1_5_1"
"234","AGGGCTCCACCCTTGT-1_5_1"
"235","AGGGCTCCAGGAATCG-1_5_1"
"236","AGGGTCCCAAGGGTCA-1_5_1"
"237","AGGGTGAGTACCAATC-1_5_1"
"238","AGGGTTTCACACACTA-1_5_1"
"239","AGGGTTTGTTCCAGGC-1_5_1"
"240","AGGTCATCAGAGGCAT-1_5_1"
"241","AGGTGTTCACCGAATT-1_5_1"
"242","AGGTTACGTCGTCTCT-1_5_1"
"243","AGGTTGTAGGCGCTTC-1_5_1"
"244","AGGTTGTTCATTCCTA-1_5_1"
"245","AGTAACCGTGAGCTCC-1_5_1"
"246","AGTAACCTCCACCCTA-1_5_1"
"247","AGTACCACAACAGCTT-1_5_1"
"248","AGTACCACAGCGGTTC-1_5_1"
"249","AGTAGCTCAGAGTGTG-1_5_1"
"250","AGTAGCTCATCGATAC-1_5_1"
"251","AGTAGCTGTTCGAAGG-1_5_1"
"252","AGTCAACGTGAAGCGT-1_5_1"
"253","AGTCAACTCTCCCTAG-1_5_1"
"254","AGTCACAGTATAGCTC-1_5_1"
"255","AGTCATGGTAACAGGC-1_5_1"
"256","AGTCATGGTGCGTGCT-1_5_1"
"257","AGTCTCCAGTTGCATC-1_5_1"
"258","AGTCTCCCATACCACA-1_5_1"
"259","AGTGACTCATGGTACT-1_5_1"
"260","AGTGACTTCTAATTCC-1_5_1"
"261","AGTGATCCATGCACTA-1_5_1"
"262","AGTGATCGTATCTTCT-1_5_1"
"263","AGTGATCTCTTGGATG-1_5_1"
"264","AGTGCCGAGAGTCTTC-1_5_1"
"265","AGTGCCGGTTGCTTGA-1_5_1"
"266","AGTGTTGCATCTCGTC-1_5_1"
"267","AGTGTTGTCCCTGTTG-1_5_1"
"268","AGTGTTGTCTCTAAGG-1_5_1"
"269","AGTGTTGTCTGTCGCT-1_5_1"
"270","AGTTAGCTCTACGGGC-1_5_1"
"271","AGTTCGAAGGTCACTT-1_5_1"
"272","ATACCGAAGAGTGACC-1_5_1"
"273","ATACCGACACCCAATA-1_5_1"
"274","ATACTTCCAGCCTATA-1_5_1"
"275","ATAGGCTCACGCCAGT-1_5_1"
"276","ATATCCTTCCGTGGTG-1_5_1"
"277","ATCACAGTCCATCCGT-1_5_1"
"278","ATCACAGTCTATACTC-1_5_1"
"279","ATCACTTCATCACAGT-1_5_1"
"280","ATCAGGTAGGAACTCG-1_5_1"
"281","ATCAGGTCACGACCTG-1_5_1"
"282","ATCAGGTCATGTTACG-1_5_1"
"283","ATCAGGTTCCAGTACA-1_5_1"
"284","ATCATTCGTACAACGG-1_5_1"
"285","ATCCACCAGGGCTGAT-1_5_1"
"286","ATCCACCAGTGCAGGT-1_5_1"
"287","ATCCACCAGTGCTCAT-1_5_1"
"288","ATCCACCCACAGAGAC-1_5_1"
"289","ATCCACCCATTCAGCA-1_5_1"
"290","ATCCACCGTACGTAGG-1_5_1"
"291","ATCCATTTCTGTCGTC-1_5_1"
"292","ATCCCTGAGTAGGGTC-1_5_1"
"293","ATCCCTGCAAACGTGG-1_5_1"
"294","ATCCCTGTCGAAGGAC-1_5_1"
"295","ATCCTATCATCGCCTT-1_5_1"
"296","ATCGCCTCACAACGAG-1_5_1"
"297","ATCGCCTGTCCATACA-1_5_1"
"298","ATCGTAGGTCTTTCAT-1_5_1"
"299","ATCGTCCAGTGATCGG-1_5_1"
"300","ATCGTCCCAAACTCTG-1_5_1"
"301","ATCGTCCGTGCGAACA-1_5_1"
"302","ATGAAAGCATTGACCA-1_5_1"
"303","ATGAAAGTCCTGGGTG-1_5_1"
"304","ATGAGTCTCAACTGGT-1_5_1"
"305","ATGAGTCTCTCCCAAC-1_5_1"
"306","ATGATCGCATGGAATA-1_5_1"
"307","ATGATCGGTCTGCAAT-1_5_1"
"308","ATGCATGTCCTAACAG-1_5_1"
"309","ATGCCTCGTTGTAGCT-1_5_1"
"310","ATGCCTCTCGACGTCG-1_5_1"
"311","ATGCGATCAACACACT-1_5_1"
"312","ATGCGATTCAAACGTC-1_5_1"
"313","ATGCGATTCTAGCCAA-1_5_1"
"314","ATGGATCTCCAACTGA-1_5_1"
"315","ATGGGAGCACTGATTG-1_5_1"
"316","ATGGTTGAGATGGTCG-1_5_1"
"317","ATGGTTGAGGGAGGTG-1_5_1"
"318","ATGGTTGCATTCACAG-1_5_1"
"319","ATGTCCCCAAACTAAG-1_5_1"
"320","ATTACCTAGCATCCTA-1_5_1"
"321","ATTACTCAGACAGTCG-1_5_1"
"322","ATTACTCCACCTATCC-1_5_1"
"323","ATTACTCCATCACCAA-1_5_1"
"324","ATTACTCGTGACACAG-1_5_1"
"325","ATTACTCTCGCATAGT-1_5_1"
"326","ATTCACTAGATGGTAT-1_5_1"
"327","ATTCACTGTAACGTTC-1_5_1"
"328","ATTCACTTCACGGGCT-1_5_1"
"329","ATTCACTTCATGCCAA-1_5_1"
"330","ATTCAGGCAGCTGTCG-1_5_1"
"331","ATTCAGGTCCATTCGC-1_5_1"
"332","ATTCCATGTGCATTAC-1_5_1"
"333","ATTCCCGTCATGAGAA-1_5_1"
"334","ATTCCCGTCGAAACAA-1_5_1"
"335","ATTCGTTCATGACAAA-1_5_1"
"336","ATTCGTTTCATTCGTT-1_5_1"
"337","ATTCTACAGGTGCATG-1_5_1"
"338","ATTCTTGCACTATCCC-1_5_1"
"339","ATTGGGTCAATCTCGA-1_5_1"
"340","ATTGGGTTCCCGAGAC-1_5_1"
"341","ATTGGGTTCGTTATCT-1_5_1"
"342","ATTGTTCTCGCAATTG-1_5_1"
"343","ATTTACCTCTTGTGCC-1_5_1"
"344","ATTTCACAGCTGAAAT-1_5_1"
"345","ATTTCACAGCTGCGAA-1_5_1"
"346","ATTTCACAGGAACATT-1_5_1"
"347","ATTTCTGTCTAGAACC-1_5_1"
"348","CAAAGAAAGTCTCCTC-1_5_1"
"349","CAAAGAATCACTCTTA-1_5_1"
"350","CAACAACAGACAACTA-1_5_1"
"351","CAACCAAAGGTGCTAG-1_5_1"
"352","CAACCAACAGGCGATA-1_5_1"
"353","CAACCAACAGGTCTCG-1_5_1"
"354","CAACCTCGTCAATGGG-1_5_1"
"355","CAACGATAGGTCCCGT-1_5_1"
"356","CAACGATCACAAACGG-1_5_1"
"357","CAACGGCGTTCAGGTT-1_5_1"
"358","CAAGACTCAAAGGCGT-1_5_1"
"359","CAAGAGGAGCGCTTCG-1_5_1"
"360","CAAGAGGCAGCTACCG-1_5_1"
"361","CAAGCTATCACGGGAA-1_5_1"
"362","CAAGGGAGTAAGTAGT-1_5_1"
"363","CAATACGGTGTAGCAG-1_5_1"
"364","CAATGACGTGAGTAGC-1_5_1"
"365","CAATTTCCATTCTTCA-1_5_1"
"366","CACAACAAGTCAGCCC-1_5_1"
"367","CACAACACACCGGAAA-1_5_1"
"368","CACAACATCTCTATAC-1_5_1"
"369","CACAACATCTGTGCTC-1_5_1"
"370","CACACAATCGCCAGTG-1_5_1"
"371","CACAGATCAATCCAGT-1_5_1"
"372","CACAGATGTAAGGCTG-1_5_1"
"373","CACAGATGTACCGGCT-1_5_1"
"374","CACAGATGTGGTCTCG-1_5_1"
"375","CACAGGCTCCTATTGT-1_5_1"
"376","CACATGAAGATAGTGT-1_5_1"
"377","CACATGAAGCGACTTT-1_5_1"
"378","CACATGACACTGAGGA-1_5_1"
"379","CACATGAGTCAAATCC-1_5_1"
"380","CACATGATCAATCCAG-1_5_1"
"381","CACATGATCTGGGCAC-1_5_1"
"382","CACCAAACAGATACCT-1_5_1"
"383","CACCAAACAGGGACTA-1_5_1"
"384","CACCAAATCCATGAGT-1_5_1"
"385","CACCGTTCAGCTTTCC-1_5_1"
"386","CACGAATCACAGTATC-1_5_1"
"387","CACGAATGTGACTAAA-1_5_1"
"388","CACGGGTGTCCTGAAT-1_5_1"
"389","CACGGGTTCACCATGA-1_5_1"
"390","CACGTGGCATCCGGTG-1_5_1"
"391","CACGTGGCATGGCGCT-1_5_1"
"392","CACGTTCAGTTGTAGA-1_5_1"
"393","CACGTTCGTTCTTCAT-1_5_1"
"394","CACTAAGAGGGCAATC-1_5_1"
"395","CACTAAGCACACTGGC-1_5_1"
"396","CACTAAGCAGAAGTGC-1_5_1"
"397","CACTAAGTCTTGCAAG-1_5_1"
"398","CACTGAACAATTTCCT-1_5_1"
"399","CACTGGGGTCTGTCAA-1_5_1"
"400","CACTGGGGTTCGTGCG-1_5_1"
"401","CACTGTCCACGGAAGT-1_5_1"
"402","CACTGTCGTAGGCTCC-1_5_1"
"403","CACTTCGGTCTCTCTG-1_5_1"
"404","CACTTCGGTGCACGCT-1_5_1"
"405","CACTTCGGTTTACGTG-1_5_1"
"406","CACTTCGTCTCAGAAC-1_5_1"
"407","CAGAGCCCAAGGCCTC-1_5_1"
"408","CAGAGCCTCCCGATCT-1_5_1"
"409","CAGATACGTCTTGCTC-1_5_1"
"410","CAGATCATCGGTCTAA-1_5_1"
"411","CAGATTGTCTCCGCAT-1_5_1"
"412","CAGCAGCCACAGCCAC-1_5_1"
"413","CAGCCAGAGTTGGACG-1_5_1"
"414","CAGCCAGCATGGAAGC-1_5_1"
"415","CAGCGTGTCTATCGGA-1_5_1"
"416","CAGGCCACATACAGAA-1_5_1"
"417","CAGTGCGAGGATGCGT-1_5_1"
"418","CAGTTAGTCCGCGAGT-1_5_1"
"419","CAGTTCCTCCGTATAG-1_5_1"
"420","CATAAGCAGATGATTG-1_5_1"
"421","CATAAGCCAGAACTTC-1_5_1"
"422","CATAAGCTCACTTGGA-1_5_1"
"423","CATACAGAGAATTGTG-1_5_1"
"424","CATACAGGTTAGCTAC-1_5_1"
"425","CATACCCAGATACAGT-1_5_1"
"426","CATACTTGTCCATACA-1_5_1"
"427","CATACTTGTTGAATCC-1_5_1"
"428","CATACTTTCCGCCTAT-1_5_1"
"429","CATCAAGGTGTTAACC-1_5_1"
"430","CATCCACGTTAGAGAT-1_5_1"
"431","CATCCCAAGACGCCAA-1_5_1"
"432","CATCCCAAGGCCTTGC-1_5_1"
"433","CATCCCATCGCTAGCG-1_5_1"
"434","CATCCGTAGCCTGTGC-1_5_1"
"435","CATCCGTAGGCTAAAT-1_5_1"
"436","CATCGCTCACTAGTAC-1_5_1"
"437","CATCGTCCATTCAGGT-1_5_1"
"438","CATGAGTCACTGTGAT-1_5_1"
"439","CATGCAAAGATCCTAC-1_5_1"
"440","CATGCAACAGGTTTAC-1_5_1"
"441","CATGCAAGTGCAATGG-1_5_1"
"442","CATGCAATCTTGATTC-1_5_1"
"443","CATGCCTCAATGTTGC-1_5_1"
"444","CATGCCTCACTGCTTC-1_5_1"
"445","CATGCCTCAGAGGTTG-1_5_1"
"446","CATGCCTCATTGTAGC-1_5_1"
"447","CATGCGGGTCTAGTGT-1_5_1"
"448","CATGCGGTCAGACCCG-1_5_1"
"449","CATGCTCAGCGTTGTT-1_5_1"
"450","CATGCTCGTCGCACGT-1_5_1"
"451","CATGGTAAGAATACAC-1_5_1"
"452","CATGGTATCCGCAAAT-1_5_1"
"453","CATTCATAGAATCGAT-1_5_1"
"454","CATTCATCAGAGTGAC-1_5_1"
"455","CATTCATTCGCCTAGG-1_5_1"
"456","CATTCCGAGACCTCAT-1_5_1"
"457","CATTCCGCACGAAAGC-1_5_1"
"458","CATTCCGCACTTGTGA-1_5_1"
"459","CATTCCGGTAGGTCAG-1_5_1"
"460","CATTGAGAGCTGTTAC-1_5_1"
"461","CATTGCCCAGTCCGTG-1_5_1"
"462","CATTGCCTCATGGTAC-1_5_1"
"463","CATTGTTGTTGGGCCT-1_5_1"
"464","CATTGTTTCTGACCCT-1_5_1"
"465","CATTTCAAGAGGGCGA-1_5_1"
"466","CATTTCAAGTCCCAGC-1_5_1"
"467","CATTTCACAAGTCGTT-1_5_1"
"468","CCAAGCGGTACAACGG-1_5_1"
"469","CCAAGCGGTTCATCGA-1_5_1"
"470","CCAATGATCGATTTCT-1_5_1"
"471","CCAATTTAGGTGCGAT-1_5_1"
"472","CCAATTTCACATTCTT-1_5_1"
"473","CCAATTTGTTATGTGC-1_5_1"
"474","CCACAAAAGAGAGCAA-1_5_1"
"475","CCACAAAAGGAGTACC-1_5_1"
"476","CCACAAACAGGCATGA-1_5_1"
"477","CCACAAACAGTTCTAG-1_5_1"
"478","CCACAAAGTTACGTAC-1_5_1"
"479","CCACACTAGGTGCTTT-1_5_1"
"480","CCACACTCAATAGGGC-1_5_1"
"481","CCACCATCAGGCGATA-1_5_1"
"482","CCACCATCATCCCACT-1_5_1"
"483","CCACCATGTTTCGGCG-1_5_1"
"484","CCACCATTCTATTCGT-1_5_1"
"485","CCACCATTCTGTCCCA-1_5_1"
"486","CCACGAGTCTGGACTA-1_5_1"
"487","CCACGTTAGGCCGCTT-1_5_1"
"488","CCACGTTCAGCGGATA-1_5_1"
"489","CCACGTTGTTAGTCGT-1_5_1"
"490","CCACTTGCAGCTACAT-1_5_1"
"491","CCACTTGTCCGCAACG-1_5_1"
"492","CCATAAGGTACTGCGC-1_5_1"
"493","CCATCACGTTAGAGTA-1_5_1"
"494","CCCAACTCACATGAAA-1_5_1"
"495","CCCATTGCATGTGGCC-1_5_1"
"496","CCCGAAGTCTAGAGCT-1_5_1"
"497","CCCGGAAAGGTGGCTA-1_5_1"
"498","CCCGGAACAGAGATTA-1_5_1"
"499","CCCGGAACAGCTCATA-1_5_1"
"500","CCCTAACTCTCAGAAC-1_5_1"
"501","CCCTCAACACCGCTAG-1_5_1"
"502","CCCTTAGAGCGGGTAT-1_5_1"
"503","CCCTTAGGTAATCAAG-1_5_1"
"504","CCCTTAGTCAATGCAC-1_5_1"
"505","CCGAACGCACTAGAGG-1_5_1"
"506","CCGAACGCAGGTCCCA-1_5_1"
"507","CCGCAAGAGAGAGGGC-1_5_1"
"508","CCGCAAGCAGGCCCTA-1_5_1"
"509","CCGGACAGTCATAGTC-1_5_1"
"510","CCGGGTAAGGAGGTTC-1_5_1"
"511","CCGGGTACACGTCTCT-1_5_1"
"512","CCGGGTATCAGACAAA-1_5_1"
"513","CCGGTAGGTGATTAGA-1_5_1"
"514","CCGGTGAAGTTGTAAG-1_5_1"
"515","CCGGTGACAAGAGCTG-1_5_1"
"516","CCGTTCATCTCGCAGG-1_5_1"
"517","CCTAACCCATCTTTCA-1_5_1"
"518","CCTAAGACACTGCACG-1_5_1"
"519","CCTAAGAGTTCTCGTC-1_5_1"
"520","CCTACGTCACCTAAAC-1_5_1"
"521","CCTACGTGTCGAGCAA-1_5_1"
"522","CCTACGTGTCTGCCTT-1_5_1"
"523","CCTATCGTCCGCTGTT-1_5_1"
"524","CCTCAACAGGCTTAAA-1_5_1"
"525","CCTCACACAAAGCAAT-1_5_1"
"526","CCTCACAGTTGGGTTT-1_5_1"
"527","CCTCACATCAGACCCG-1_5_1"
"528","CCTCACATCCCTGTTG-1_5_1"
"529","CCTCAGTAGCTGCGAA-1_5_1"
"530","CCTCATGAGCAAGCCA-1_5_1"
"531","CCTCATGCAGGTGTTT-1_5_1"
"532","CCTCATGGTCAGGAGT-1_5_1"
"533","CCTCATGGTTGGGAAC-1_5_1"
"534","CCTCCAAAGCCTCCAG-1_5_1"
"535","CCTCCAAGTGGAATGC-1_5_1"
"536","CCTCCAATCATGACAC-1_5_1"
"537","CCTCCTCAGAGTCGAC-1_5_1"
"538","CCTCCTCTCAGGCGAA-1_5_1"
"539","CCTCTAGAGATAGCAT-1_5_1"
"540","CCTCTAGCAAGGGCAT-1_5_1"
"541","CCTCTAGCACTACTTT-1_5_1"
"542","CCTCTCCTCCGCAACG-1_5_1"
"543","CCTTCAGTCTCTATAC-1_5_1"
"544","CCTTGTGGTGTCCGGT-1_5_1"
"545","CCTTGTGTCATGCAGT-1_5_1"
"546","CCTTTGGAGAAGCTGC-1_5_1"
"547","CCTTTGGGTCGCAGTC-1_5_1"
"548","CGAAGGACAACCTAAC-1_5_1"
"549","CGAAGGAGTCATATGC-1_5_1"
"550","CGAAGTTTCTAGACAC-1_5_1"
"551","CGAATTGGTACGACTT-1_5_1"
"552","CGAATTGTCTGCCTGT-1_5_1"
"553","CGACAGCGTACAGAGC-1_5_1"
"554","CGAGAAGAGATACAGT-1_5_1"
"555","CGAGGAAAGCTCGAAG-1_5_1"
"556","CGAGGAATCGGATTAC-1_5_1"
"557","CGAGGCTCATGTTACG-1_5_1"
"558","CGAGGCTCATTCAGGT-1_5_1"
"559","CGAGTGCAGTCGCGAA-1_5_1"
"560","CGAGTTAAGTGGTGGT-1_5_1"
"561","CGATCGGCACTCCGAG-1_5_1"
"562","CGATCGGCATCGTCCT-1_5_1"
"563","CGATGGCAGGGCCCTT-1_5_1"
"564","CGATGGCTCTGCGATA-1_5_1"
"565","CGCAGGTAGATAGTCA-1_5_1"
"566","CGCAGGTTCGGTCTGG-1_5_1"
"567","CGCATAAGTGAGTTTC-1_5_1"
"568","CGCATGGAGGTCCGAA-1_5_1"
"569","CGCATGGGTAGTACGG-1_5_1"
"570","CGCCAGAGTTGTTGTG-1_5_1"
"571","CGCCAGATCGAGTCCG-1_5_1"
"572","CGCCAGATCGTTACCC-1_5_1"
"573","CGCCATTAGCGAATGC-1_5_1"
"574","CGCCATTGTCCATCTC-1_5_1"
"575","CGCGTGACAGTTCCAA-1_5_1"
"576","CGGAACCCACAGTGAG-1_5_1"
"577","CGGAACCTCCCATAGA-1_5_1"
"578","CGGAATTCATATCTCT-1_5_1"
"579","CGGAATTTCACCTGGG-1_5_1"
"580","CGGACACGTGAGATCG-1_5_1"
"581","CGGACACTCCCGTGAG-1_5_1"
"582","CGGACACTCGAGAATA-1_5_1"
"583","CGGAGAACACGTACAT-1_5_1"
"584","CGGAGAATCATTTCCA-1_5_1"
"585","CGGCAGTGTCACTCGG-1_5_1"
"586","CGGGCATAGCGGACAT-1_5_1"
"587","CGGGCATCAATGTTGC-1_5_1"
"588","CGGGCATTCATTTCCA-1_5_1"
"589","CGGGTGTCAGGGTCTC-1_5_1"
"590","CGGTCAGAGTGCACAG-1_5_1"
"591","CGGTCAGGTGTATTCG-1_5_1"
"592","CGGTCAGGTTAATCGC-1_5_1"
"593","CGTAAGTAGCGTGCTC-1_5_1"
"594","CGTAATGGTACGTGTT-1_5_1"
"595","CGTAATGGTTTAGTCG-1_5_1"
"596","CGTAGTAAGGGAGAAT-1_5_1"
"597","CGTCCATGTGTACATC-1_5_1"
"598","CGTCCATGTTTCACTT-1_5_1"
"599","CGTGAATTCTCTCGAC-1_5_1"
"600","CGTGATAGTCGATTTG-1_5_1"
"601","CGTGCTTCAGTGCGCT-1_5_1"
"602","CGTGCTTTCACTCACC-1_5_1"
"603","CGTGTCTCAAAGGGCT-1_5_1"
"604","CGTGTCTCAGTTTCAG-1_5_1"
"605","CGTTAGAGTATGAAAC-1_5_1"
"606","CGTTCTGAGTTGTAAG-1_5_1"
"607","CGTTGGGCACTGTGAT-1_5_1"
"608","CTAACCCAGGTAAGTT-1_5_1"
"609","CTAACCCCAGTCTCTC-1_5_1"
"610","CTAACTTAGCGTCGAA-1_5_1"
"611","CTAACTTGTATTGACC-1_5_1"
"612","CTAAGTGCAGCACGAA-1_5_1"
"613","CTAAGTGCATCATCTT-1_5_1"
"614","CTAAGTGGTAGCTTGT-1_5_1"
"615","CTAAGTGGTTTGACAC-1_5_1"
"616","CTAAGTGTCCACTAGA-1_5_1"
"617","CTACAGATCAACTCTT-1_5_1"
"618","CTACATTGTATGCTTG-1_5_1"
"619","CTACATTTCAGATGCT-1_5_1"
"620","CTACATTTCTCGCCTA-1_5_1"
"621","CTACCCACAAATGATG-1_5_1"
"622","CTACCCACAACGGCTC-1_5_1"
"623","CTACCCATCCACAAGT-1_5_1"
"624","CTACCTGCAAACACGG-1_5_1"
"625","CTACCTGTCGCGAAGA-1_5_1"
"626","CTACGGGAGGGATGTC-1_5_1"
"627","CTACGGGTCCGATCTC-1_5_1"
"628","CTACGGGTCCGTATGA-1_5_1"
"629","CTACTATCACCCAATA-1_5_1"
"630","CTACTATTCCATATGG-1_5_1"
"631","CTAGACACATCCGCGA-1_5_1"
"632","CTATAGGAGAAGAGCA-1_5_1"
"633","CTATAGGCACTGGCGT-1_5_1"
"634","CTATCCGAGATTGAGT-1_5_1"
"635","CTATCCGAGCGCTGCT-1_5_1"
"636","CTATCTATCCGCTTAC-1_5_1"
"637","CTATCTATCGAAGCCC-1_5_1"
"638","CTCAACCGTATTAAGG-1_5_1"
"639","CTCAACCGTTACGGAG-1_5_1"
"640","CTCAAGACAGGAATCG-1_5_1"
"641","CTCAATTGTAGTGGCA-1_5_1"
"642","CTCACTGCACACCTGG-1_5_1"
"643","CTCAGAATCCGCGGAT-1_5_1"
"644","CTCAGGGAGCGCCTCA-1_5_1"
"645","CTCAGGGAGCTCTGTA-1_5_1"
"646","CTCAGTCAGCCACCGT-1_5_1"
"647","CTCATCGAGTCTGCAT-1_5_1"
"648","CTCATTAAGATGCTTC-1_5_1"
"649","CTCATTATCACCCTCA-1_5_1"
"650","CTCCAACAGACCAACG-1_5_1"
"651","CTCCAACCAAGGTCTT-1_5_1"
"652","CTCCACACACTACCGG-1_5_1"
"653","CTCCATGCAAGTGTCT-1_5_1"
"654","CTCCATGCACGTCATA-1_5_1"
"655","CTCCATGTCGCTACAA-1_5_1"
"656","CTCCATGTCTTGGAAC-1_5_1"
"657","CTCCGATAGGATTCAA-1_5_1"
"658","CTCCGATGTGTAGCAG-1_5_1"
"659","CTCCGATTCTTCCCGA-1_5_1"
"660","CTCCTTTAGACTTCCA-1_5_1"
"661","CTCCTTTCACAAATCC-1_5_1"
"662","CTCCTTTGTAGGCAAC-1_5_1"
"663","CTCGAGGGTACTGACT-1_5_1"
"664","CTCTCAGAGAGTTGTA-1_5_1"
"665","CTCTCAGCACAAATAG-1_5_1"
"666","CTCTCAGTCGCCTAGG-1_5_1"
"667","CTCTCGAAGACTCTAC-1_5_1"
"668","CTCTCGAAGCAATTCC-1_5_1"
"669","CTCTCGAGTGCTCTTC-1_5_1"
"670","CTGAATGCACTCAAGT-1_5_1"
"671","CTGAATGTCTTCGTAT-1_5_1"
"672","CTGAGGCGTACGTACT-1_5_1"
"673","CTGCAGGCACGACGCT-1_5_1"
"674","CTGCATCAGCTTTCTT-1_5_1"
"675","CTGCATCAGGAACGAA-1_5_1"
"676","CTGCCATAGTGCTACT-1_5_1"
"677","CTGCCATCATAATCGC-1_5_1"
"678","CTGCCATCATCGTTCC-1_5_1"
"679","CTGCCATGTACGCTTA-1_5_1"
"680","CTGCCTAAGAATAACC-1_5_1"
"681","CTGCGAGAGATTACCC-1_5_1"
"682","CTGCGAGAGTGATAAC-1_5_1"
"683","CTGCGAGCAAGCGATG-1_5_1"
"684","CTGCGAGGTTACACAC-1_5_1"
"685","CTGCTCATCCGAAGGA-1_5_1"
"686","CTGGACGGTCGATTAC-1_5_1"
"687","CTGGACGTCCCAGCGA-1_5_1"
"688","CTGGCAGAGAAACACT-1_5_1"
"689","CTGGCAGCAAGTACCT-1_5_1"
"690","CTGGCAGTCTCAGGCG-1_5_1"
"691","CTGGTCTAGCCATTGT-1_5_1"
"692","CTGGTCTCACAAACGG-1_5_1"
"693","CTGTACCCAGTCTTCC-1_5_1"
"694","CTGTACCCATGTGACT-1_5_1"
"695","CTGTACCGTACCAGAG-1_5_1"
"696","CTGTACCTCAGCACCG-1_5_1"
"697","CTGTAGAAGGTCACTT-1_5_1"
"698","CTGTAGAAGTTGCATC-1_5_1"
"699","CTGTAGAGTACAAACA-1_5_1"
"700","CTGTATTAGACGGTCA-1_5_1"
"701","CTGTATTAGCCTCAGC-1_5_1"
"702","CTGTATTAGGTGAGCT-1_5_1"
"703","CTGTATTGTTGCAACT-1_5_1"
"704","CTGTGAATCACGTAGT-1_5_1"
"705","CTGTGGGAGAAGCTCG-1_5_1"
"706","CTGTGGGAGCACTAGG-1_5_1"
"707","CTGTGGGTCTACTCAT-1_5_1"
"708","CTTACCGAGCAGGCAT-1_5_1"
"709","CTTAGGAAGAACCGCA-1_5_1"
"710","CTTAGGAAGTGAGGTC-1_5_1"
"711","CTTAGGACACAGAGCA-1_5_1"
"712","CTTCAATAGTATGAGT-1_5_1"
"713","CTTCAATTCGGCTGAC-1_5_1"
"714","CTTCCGAAGATGTTGA-1_5_1"
"715","CTTCCGATCTCCTGCA-1_5_1"
"716","CTTCCTTAGGGCAGAG-1_5_1"
"717","CTTCCTTCAGTCTTCC-1_5_1"
"718","CTTCCTTCATCCTTGC-1_5_1"
"719","CTTCCTTGTGCTCGTG-1_5_1"
"720","CTTCCTTTCTACCAGA-1_5_1"
"721","CTTCGGTGTCAGGTGA-1_5_1"
"722","CTTCTAAAGCGATGGT-1_5_1"
"723","CTTCTAAAGTGGACGT-1_5_1"
"724","CTTCTAACACTGCTTC-1_5_1"
"725","CTTCTAACATACAGCT-1_5_1"
"726","CTTCTAAGTCATCGGC-1_5_1"
"727","CTTCTCTAGACAGCTG-1_5_1"
"728","CTTGAGATCCCTAGGG-1_5_1"
"729","CTTGATTTCGCTGTCT-1_5_1"
"730","CTTTCAAAGGGCATGT-1_5_1"
"731","CTTTCAAGTCGTATTG-1_5_1"
"732","CTTTCAATCGCTTGAA-1_5_1"
"733","CTTTCGGTCCGTGGGT-1_5_1"
"734","GAAACCTGTACTCGAT-1_5_1"
"735","GAAATGAGTTGTCCCT-1_5_1"
"736","GAACACTAGTTCCTGA-1_5_1"
"737","GAACGTTGTGTTGATC-1_5_1"
"738","GAACGTTTCGTGGAAG-1_5_1"
"739","GAACTGTCAATGTGGG-1_5_1"
"740","GAACTGTGTGGGTCAA-1_5_1"
"741","GAACTGTTCCGGTAGC-1_5_1"
"742","GAACTGTTCTGGACCG-1_5_1"
"743","GAAGAATGTGTCACAT-1_5_1"
"744","GAAGCCCAGAGTACCG-1_5_1"
"745","GAAGCCCTCCCTCTCC-1_5_1"
"746","GAAGCCCTCCTGCTAC-1_5_1"
"747","GAAGCCCTCTAGCAAC-1_5_1"
"748","GAAGCGAGTAGCTGAG-1_5_1"
"749","GAAGGACAGCCTGGAA-1_5_1"
"750","GAAGGACCACGCTGAC-1_5_1"
"751","GAAGGACGTATTGAGA-1_5_1"
"752","GAAGGACGTTAGTTCG-1_5_1"
"753","GAAGGACTCATGCCGG-1_5_1"
"754","GAAGGGTAGTGCCCGT-1_5_1"
"755","GAAGTAAAGTCTGCGC-1_5_1"
"756","GAATAGAAGTATAGAC-1_5_1"
"757","GAATAGACATCAGCTA-1_5_1"
"758","GAATAGATCCGATGTA-1_5_1"
"759","GAATAGATCCGTTTCG-1_5_1"
"760","GAATCGTAGGTAGCCA-1_5_1"
"761","GACACGCCACCTATCC-1_5_1"
"762","GACAGCCGTGACTCGC-1_5_1"
"763","GACATCAAGTAGCAAT-1_5_1"
"764","GACATCAGTCTAACGT-1_5_1"
"765","GACATCAGTGCAAGAC-1_5_1"
"766","GACCAATGTGTCATGT-1_5_1"
"767","GACCAATGTTGCAAGG-1_5_1"
"768","GACCCAGGTTACAGCT-1_5_1"
"769","GACCCAGTCTTCCACG-1_5_1"
"770","GACCCTTCACACACGC-1_5_1"
"771","GACCCTTGTAACATGA-1_5_1"
"772","GACCCTTTCTAAGGAA-1_5_1"
"773","GACCGTGCATGGGAAC-1_5_1"
"774","GACCGTGGTCCTGAAT-1_5_1"
"775","GACCTTCCAAGACCTT-1_5_1"
"776","GACTATGTCGCTGATA-1_5_1"
"777","GACTCTCGTCGCAGTC-1_5_1"
"778","GACTCTCTCAGCCCAG-1_5_1"
"779","GACTGATGTGTGTACT-1_5_1"
"780","GACTGATTCTGCGTCT-1_5_1"
"781","GAGAAATAGGCGAAGG-1_5_1"
"782","GAGAAATCACAAAGCG-1_5_1"
"783","GAGAAATGTTGCGGCT-1_5_1"
"784","GAGACCCAGTGAGGCT-1_5_1"
"785","GAGACCCCAAGGCCTC-1_5_1"
"786","GAGACCCTCATTTGCT-1_5_1"
"787","GAGACTTGTAATTGGA-1_5_1"
"788","GAGACTTGTCGAACAG-1_5_1"
"789","GAGACTTTCGCAGTTA-1_5_1"
"790","GAGAGGTCACGACCTG-1_5_1"
"791","GAGAGGTGTATGGAAT-1_5_1"
"792","GAGATGGAGCACCTGC-1_5_1"
"793","GAGATGGTCCGACAGC-1_5_1"
"794","GAGCCTGTCCGTGACG-1_5_1"
"795","GAGGCCTAGCAACCAG-1_5_1"
"796","GAGGCCTCAAGACAAT-1_5_1"
"797","GAGGCCTCAAGATGTA-1_5_1"
"798","GAGGGATTCCCTGTTG-1_5_1"
"799","GAGGGTATCACTAGCA-1_5_1"
"800","GAGTCATCAAAGGGCT-1_5_1"
"801","GAGTCATTCCTACACC-1_5_1"
"802","GAGTCATTCGCTGTTC-1_5_1"
"803","GAGTCTAGTACCTGTA-1_5_1"
"804","GAGTCTATCATTGAGC-1_5_1"
"805","GAGTGAGCAGCCTTCT-1_5_1"
"806","GAGTGTTGTATCTCGA-1_5_1"
"807","GAGTTACAGAATTGCA-1_5_1"
"808","GAGTTACGTCATACCA-1_5_1"
"809","GAGTTGTGTCACTACA-1_5_1"
"810","GAGTTTGAGATGGGCT-1_5_1"
"811","GAGTTTGAGCACACAG-1_5_1"
"812","GAGTTTGAGCAGGTCA-1_5_1"
"813","GAGTTTGTCTCCAATT-1_5_1"
"814","GATAGCTCATATAGCC-1_5_1"
"815","GATCAGTCAGCAGGAT-1_5_1"
"816","GATCATGAGCGAGGAG-1_5_1"
"817","GATCATGAGGCATTTC-1_5_1"
"818","GATCATGTCATGTCAG-1_5_1"
"819","GATCATGTCCACCTGT-1_5_1"
"820","GATCCCTGTACATTGC-1_5_1"
"821","GATCCCTGTTACGCCG-1_5_1"
"822","GATCGTAAGCTGACTT-1_5_1"
"823","GATCGTATCCGATGTA-1_5_1"
"824","GATGACTCAAACACCT-1_5_1"
"825","GATGACTGTCAAAGTA-1_5_1"
"826","GATGACTGTCACAGAG-1_5_1"
"827","GATGAGGAGGGAGGGT-1_5_1"
"828","GATGAGGCACTGCATA-1_5_1"
"829","GATGAGGGTACGCGTC-1_5_1"
"830","GATGATCCAGGCATGA-1_5_1"
"831","GATGATCTCCCAATAG-1_5_1"
"832","GATGATCTCTACCACC-1_5_1"
"833","GATGCTACAACCGTAT-1_5_1"
"834","GATGCTACATTCACAG-1_5_1"
"835","GATGGAGCAATAACCC-1_5_1"
"836","GATGGAGGTACCTAGT-1_5_1"
"837","GATGTTGAGGACCCAA-1_5_1"
"838","GATGTTGTCCTGGGTG-1_5_1"
"839","GATTCGAAGTTGTAGA-1_5_1"
"840","GATTCGACAGAAGTGC-1_5_1"
"841","GATTCTTTCCATTCAT-1_5_1"
"842","GATTGGTAGCCTGTGC-1_5_1"
"843","GATTGGTCAATCGCGC-1_5_1"
"844","GATTTCTCACCACTGG-1_5_1"
"845","GATTTCTGTCCCAAAT-1_5_1"
"846","GATTTCTTCAATCTCT-1_5_1"
"847","GCAACATGTCTTCCGT-1_5_1"
"848","GCAACCGCAGATGCGA-1_5_1"
"849","GCAACCGCAGTCGGTC-1_5_1"
"850","GCAACCGTCTTCCGTG-1_5_1"
"851","GCACATAAGGAATCGC-1_5_1"
"852","GCACATAGTATCAGCT-1_5_1"
"853","GCACATATCACCACAA-1_5_1"
"854","GCACGGTAGACTACGG-1_5_1"
"855","GCACGGTGTAAGATTG-1_5_1"
"856","GCACGGTGTGCCGTAC-1_5_1"
"857","GCACGGTTCCTGTTGC-1_5_1"
"858","GCACGTGTCCCGAAAT-1_5_1"
"859","GCACGTGTCCCTCGTA-1_5_1"
"860","GCACGTGTCGAACCAT-1_5_1"
"861","GCACTAACACGATAGG-1_5_1"
"862","GCACTAATCCCAAGCG-1_5_1"
"863","GCAGCCAGTGTTCCAA-1_5_1"
"864","GCAGCCATCCAAGGGA-1_5_1"
"865","GCAGCCATCCACACAA-1_5_1"
"866","GCAGCTGAGCATGGGT-1_5_1"
"867","GCAGCTGAGGTGTGAC-1_5_1"
"868","GCAGCTGCATTCTTCA-1_5_1"
"869","GCAGCTGGTACTGGGA-1_5_1"
"870","GCAGCTGGTGTCGCTG-1_5_1"
"871","GCAGCTGTCCGATCGG-1_5_1"
"872","GCAGCTGTCTACCTTA-1_5_1"
"873","GCAGGCTCATGAATAG-1_5_1"
"874","GCAGTTAGTTGCCTAA-1_5_1"
"875","GCATCGGAGTAGCATA-1_5_1"
"876","GCATCGGAGTTGGAGC-1_5_1"
"877","GCATCGGCAAACCATC-1_5_1"
"878","GCATCGGGTGGCTCTG-1_5_1"
"879","GCATTAGCACACCGCA-1_5_1"
"880","GCATTAGGTCAAGCCC-1_5_1"
"881","GCCAACGCAGATACTC-1_5_1"
"882","GCCAACGGTACCCGAC-1_5_1"
"883","GCCAGCACATCCTCAC-1_5_1"
"884","GCCAGGTCACTGCATA-1_5_1"
"885","GCCAGTGAGAGAGCAA-1_5_1"
"886","GCCAGTGAGCTCGAAG-1_5_1"
"887","GCCAGTGTCGACGTCG-1_5_1"
"888","GCCATGGTCTTGAACG-1_5_1"
"889","GCCATTCCAAACACCT-1_5_1"
"890","GCCATTCGTTGGTGTT-1_5_1"
"891","GCCCAGACAATCAGCT-1_5_1"
"892","GCCCGAACAATGGCCC-1_5_1"
"893","GCCGATGTCACCTGGG-1_5_1"
"894","GCCGATGTCGTACCTC-1_5_1"
"895","GCCGTGAGTGATTAGA-1_5_1"
"896","GCCTGTTTCAGTGTTG-1_5_1"
"897","GCCTGTTTCATGGCCG-1_5_1"
"898","GCGAGAACAAATTGCC-1_5_1"
"899","GCGAGAAGTGTCATGT-1_5_1"
"900","GCGATCGGTTATTCTC-1_5_1"
"901","GCGGAAAAGTCTGGTT-1_5_1"
"902","GCGGAAAGTTGCTTGA-1_5_1"
"903","GCGGATCTCTGGTTGA-1_5_1"
"904","GCGTTTCCAAGTCGTT-1_5_1"
"905","GCGTTTCGTAAGTTAG-1_5_1"
"906","GCTACAAAGTTGCGCC-1_5_1"
"907","GCTACAAGTTACCTGA-1_5_1"
"908","GCTACAATCCCAATAG-1_5_1"
"909","GCTACCTAGCAGGTCA-1_5_1"
"910","GCTACCTAGCATTTCG-1_5_1"
"911","GCTACCTAGTCCCGAC-1_5_1"
"912","GCTCAAAGTGAGATAT-1_5_1"
"913","GCTGAATAGTAAGAGG-1_5_1"
"914","GCTGAATCAAACACGG-1_5_1"
"915","GCTGAATCAACAAAGT-1_5_1"
"916","GCTGCAGCAAACGAGC-1_5_1"
"917","GCTGCAGCAAGCGCAA-1_5_1"
"918","GCTGGGTTCGCGTGCA-1_5_1"
"919","GCTTCACGTATTTCGG-1_5_1"
"920","GCTTGGGGTTTCAGAC-1_5_1"
"921","GCTTGGGTCCACGGAC-1_5_1"
"922","GCTTTCGCAGCGGATA-1_5_1"
"923","GCTTTCGGTCTGGTTA-1_5_1"
"924","GGAAGTGAGGCTTAAA-1_5_1"
"925","GGAAGTGTCCATTTAC-1_5_1"
"926","GGAATCTAGAGCCCAA-1_5_1"
"927","GGAATCTTCTGAATCG-1_5_1"
"928","GGACGTCCAACAGATA-1_5_1"
"929","GGACGTCCACGAAAGC-1_5_1"
"930","GGACGTCCAGATTTCG-1_5_1"
"931","GGAGAACCATAGCACT-1_5_1"
"932","GGAGATGAGACCATTC-1_5_1"
"933","GGAGATGCAACCGACC-1_5_1"
"934","GGAGATGGTGTAAATG-1_5_1"
"935","GGAGATGGTTGAGAGC-1_5_1"
"936","GGAGCAACACTAAACC-1_5_1"
"937","GGAGGATAGGGTAATT-1_5_1"
"938","GGAGGATAGTTTCGGT-1_5_1"
"939","GGAGGATTCTGAGATC-1_5_1"
"940","GGAGGTACACAATGTC-1_5_1"
"941","GGATCTAAGCAACCAG-1_5_1"
"942","GGATCTACACTACCGG-1_5_1"
"943","GGATCTATCGTGCTCT-1_5_1"
"944","GGATCTATCTTTCAGT-1_5_1"
"945","GGCAGTCCATAGGAGC-1_5_1"
"946","GGCGTCAAGGATACCG-1_5_1"
"947","GGCGTCAAGTTTGCTG-1_5_1"
"948","GGCGTCACAGAGCCCT-1_5_1"
"949","GGCGTCATCACTGATG-1_5_1"
"950","GGCTGTGAGCACTAAA-1_5_1"
"951","GGCTGTGCAGACGATG-1_5_1"
"952","GGCTGTGTCTAAGCGT-1_5_1"
"953","GGCTTGGAGTTGTCGT-1_5_1"
"954","GGCTTTCGTGAGTGAC-1_5_1"
"955","GGCTTTCGTGGCGCTT-1_5_1"
"956","GGCTTTCTCAACGCTA-1_5_1"
"957","GGGACAACACGCTGTG-1_5_1"
"958","GGGACAATCAGACTGT-1_5_1"
"959","GGGACCTAGTCTTGGT-1_5_1"
"960","GGGACTCTCGACCTAA-1_5_1"
"961","GGGAGTAAGGTAAAGG-1_5_1"
"962","GGGAGTAAGGTAGTCG-1_5_1"
"963","GGGAGTATCCGGACGT-1_5_1"
"964","GGGATCCAGGAAAGTG-1_5_1"
"965","GGGATCCAGGGAGTTC-1_5_1"
"966","GGGCCATCAGTAACAA-1_5_1"
"967","GGGCCATTCACTTCTA-1_5_1"
"968","GGGCCATTCATAGAGA-1_5_1"
"969","GGGCGTTAGGACACTG-1_5_1"
"970","GGGCGTTCAGACACAG-1_5_1"
"971","GGGCGTTTCTGCAGCG-1_5_1"
"972","GGGCTACGTAGCTGCC-1_5_1"
"973","GGGCTACTCAGACCCG-1_5_1"
"974","GGGCTCACACCAACAT-1_5_1"
"975","GGGCTCAGTAGAGCTG-1_5_1"
"976","GGGCTCAGTGACACAG-1_5_1"
"977","GGGCTCAGTGAGACGT-1_5_1"
"978","GGGCTCATCTTCCGTG-1_5_1"
"979","GGGTAGATCGTTCCCA-1_5_1"
"980","GGGTCACCAGTGTGCC-1_5_1"
"981","GGGTCTGCACCTCGTT-1_5_1"
"982","GGGTCTGCAGACGATG-1_5_1"
"983","GGGTCTGTCAGCTTGA-1_5_1"
"984","GGGTGAAAGAACAGGA-1_5_1"
"985","GGGTGAATCTCGCAGG-1_5_1"
"986","GGGTGTCGTTACCCTC-1_5_1"
"987","GGGTTTACACTGTGTA-1_5_1"
"988","GGTAACTAGGTACAGC-1_5_1"
"989","GGTAACTAGGTAGATT-1_5_1"
"990","GGTAACTAGGTCCCTG-1_5_1"
"991","GGTAACTTCCTCACTG-1_5_1"
"992","GGTAGAGGTGTTGACT-1_5_1"
"993","GGTCACGCACCCAAGC-1_5_1"
"994","GGTCACGCAGCTTCGG-1_5_1"
"995","GGTCACGGTCGTCATA-1_5_1"
"996","GGTCTGGCACAACCGC-1_5_1"
"997","GGTCTGGTCTCTGCTG-1_5_1"
"998","GGTCTGGTCTGGACCG-1_5_1"
"999","GGTCTGGTCTGGGCGT-1_5_1"
"1000","GGTGAAGGTCTCTCTG-1_5_1"
"1001","GGTGATTAGCGACCCT-1_5_1"
"1002","GGTGATTCACGTCGGT-1_5_1"
"1003","GGTGATTGTTCGTTCC-1_5_1"
"1004","GGTGGCTTCGTAACAC-1_5_1"
"1005","GGTGTCGGTATGATCC-1_5_1"
"1006","GGTGTTACATCACAGT-1_5_1"
"1007","GGTGTTACATTGTCGA-1_5_1"
"1008","GGTGTTAGTCAGTCCG-1_5_1"
"1009","GGTTAACAGTTTGGCT-1_5_1"
"1010","GGTTAACGTCTCTCCA-1_5_1"
"1011","GGTTAACGTTAGTTCG-1_5_1"
"1012","GGTTAACTCTAATTCC-1_5_1"
"1013","GGTTGTAAGCATGATA-1_5_1"
"1014","GGTTGTAGTTTCACAG-1_5_1"
"1015","GTAACACCAATCCAGT-1_5_1"
"1016","GTAACACGTACCAATC-1_5_1"
"1017","GTAAGTCGTGGATCAG-1_5_1"
"1018","GTAATCGAGACGTCCC-1_5_1"
"1019","GTAATGCCATCTATCT-1_5_1"
"1020","GTAATGCGTTGCTAGT-1_5_1"
"1021","GTACAACAGGCCTAAG-1_5_1"
"1022","GTACAACCATCAGCTA-1_5_1"
"1023","GTACAACGTTCTCCCA-1_5_1"
"1024","GTACAGTCACAGTCGC-1_5_1"
"1025","GTACAGTTCTATTTCG-1_5_1"
"1026","GTAGAGGAGCCGTTAT-1_5_1"
"1027","GTAGAGGAGGACAACC-1_5_1"
"1028","GTAGAGGCACAGAAGC-1_5_1"
"1029","GTAGAGGTCAAGCCCG-1_5_1"
"1030","GTAGCTACAAATACAG-1_5_1"
"1031","GTAGGAGAGGTAAGGA-1_5_1"
"1032","GTAGGAGAGTGGTGGT-1_5_1"
"1033","GTAGGAGCAGAGTTGG-1_5_1"
"1034","GTAGGAGGTCAAGCGA-1_5_1"
"1035","GTAGGAGTCAGACCTA-1_5_1"
"1036","GTAGGAGTCTGGTGCG-1_5_1"
"1037","GTAGGTTCAACGCCCA-1_5_1"
"1038","GTAGGTTCACGGTCTG-1_5_1"
"1039","GTAGTACCACTTGAGT-1_5_1"
"1040","GTATTGGGTTCAAGGG-1_5_1"
"1041","GTATTGGGTTTCGTAG-1_5_1"
"1042","GTATTTCCAAGGCGTA-1_5_1"
"1043","GTCAAACAGGCGTTGA-1_5_1"
"1044","GTCAAACGTGTCTTAG-1_5_1"
"1045","GTCAAGTCAATGAACA-1_5_1"
"1046","GTCACGGAGCCTCCAG-1_5_1"
"1047","GTCACGGGTCGTTCAA-1_5_1"
"1048","GTCACTCAGGAAACGA-1_5_1"
"1049","GTCAGCGGTCCGGATC-1_5_1"
"1050","GTCATCCAGCATGTTC-1_5_1"
"1051","GTCATCCAGCCTTGAT-1_5_1"
"1052","GTCATGACACCCTCTA-1_5_1"
"1053","GTCATGAGTCAAAGAT-1_5_1"
"1054","GTCATTTCAGATCACT-1_5_1"
"1055","GTCATTTGTGTGGTCC-1_5_1"
"1056","GTCATTTTCATGAGAA-1_5_1"
"1057","GTCATTTTCGCATTAG-1_5_1"
"1058","GTCATTTTCTTCCGTG-1_5_1"
"1059","GTCCACTAGGGCAACT-1_5_1"
"1060","GTCCACTGTATGGAGC-1_5_1"
"1061","GTCCCATCAAAGCTCT-1_5_1"
"1062","GTCCTCACACCCTAAA-1_5_1"
"1063","GTCCTCATCAAGTAAG-1_5_1"
"1064","GTCGAATAGGATTACA-1_5_1"
"1065","GTCGAATCAGAAGCTG-1_5_1"
"1066","GTCGAATCAGAAGTGC-1_5_1"
"1067","GTCGCGACAATCTCGA-1_5_1"
"1068","GTCGCGACACCGTGAC-1_5_1"
"1069","GTCGTAATCGCCGATG-1_5_1"
"1070","GTCTACCGTAATGCTC-1_5_1"
"1071","GTCTACCTCCGTACGG-1_5_1"
"1072","GTCTAGACAGAGTCTT-1_5_1"
"1073","GTCTAGATCACCTCTG-1_5_1"
"1074","GTCTCACTCGATCCCT-1_5_1"
"1075","GTCTGTCTCATAGGCT-1_5_1"
"1076","GTCTTTAAGCTCGGCT-1_5_1"
"1077","GTCTTTACATTGCAAC-1_5_1"
"1078","GTCTTTATCTTGCAGA-1_5_1"
"1079","GTGACGCTCACTTTGT-1_5_1"
"1080","GTGAGCCGTTACCCAA-1_5_1"
"1081","GTGAGTTGTAATTAGG-1_5_1"
"1082","GTGATGTAGAGTCGAC-1_5_1"
"1083","GTGATGTAGCATGAAT-1_5_1"
"1084","GTGCACGCACCTTCGT-1_5_1"
"1085","GTGCAGCCACGGGTAA-1_5_1"
"1086","GTGCGTGCACGTACTA-1_5_1"
"1087","GTGCTTCAGCGACAGT-1_5_1"
"1088","GTGCTTCAGCTCCGAC-1_5_1"
"1089","GTGCTTCCAGGATCTT-1_5_1"
"1090","GTGGAAGTCCTGCCAT-1_5_1"
"1091","GTGGAGAAGAAATGGG-1_5_1"
"1092","GTGGAGAAGCCTGAAG-1_5_1"
"1093","GTGGAGAAGGCCCAAA-1_5_1"
"1094","GTGGAGAGTAAGGCTG-1_5_1"
"1095","GTGGGAAAGAGTCGAC-1_5_1"
"1096","GTGGGAAGTCTCCTGT-1_5_1"
"1097","GTGGTTAGTACATTGC-1_5_1"
"1098","GTGGTTAGTCCAAGAG-1_5_1"
"1099","GTGGTTATCCAACCAA-1_5_1"
"1100","GTGTAACTCCCTCTAG-1_5_1"
"1101","GTGTAACTCCTCTAAT-1_5_1"
"1102","GTGTGATGTTATCTTC-1_5_1"
"1103","GTGTGATGTTGGGACA-1_5_1"
"1104","GTGTGGCGTTGCCGCA-1_5_1"
"1105","GTGTTAGCACAGCCAC-1_5_1"
"1106","GTGTTCCGTTGCTCAA-1_5_1"
"1107","GTTACCCTCCGCAAAT-1_5_1"
"1108","GTTACGAAGACGTCGA-1_5_1"
"1109","GTTACGAGTTTGGAGG-1_5_1"
"1110","GTTAGACTCCGCCTAT-1_5_1"
"1111","GTTAGTGCAGCGTACC-1_5_1"
"1112","GTTAGTGTCTACGGTA-1_5_1"
"1113","GTTATGGCATGCACTA-1_5_1"
"1114","GTTCATTTCCGGTAGC-1_5_1"
"1115","GTTCCGTAGCCAGAGT-1_5_1"
"1116","GTTCCGTCAACTCATG-1_5_1"
"1117","GTTCCGTCAGGGACTA-1_5_1"
"1118","GTTCCGTGTATACAGA-1_5_1"
"1119","GTTCCGTTCACGGGAA-1_5_1"
"1120","GTTCGCTAGAAATGGG-1_5_1"
"1121","GTTCGCTCACTGGAAG-1_5_1"
"1122","GTTCTATGTACTCGAT-1_5_1"
"1123","GTTGCGGGTTACACTG-1_5_1"
"1124","GTTGCTCGTCTTGCGG-1_5_1"
"1125","GTTGTAGAGCACTAAA-1_5_1"
"1126","GTTGTAGGTCTTGAGT-1_5_1"
"1127","GTTGTAGGTTCCTAGA-1_5_1"
"1128","GTTGTAGGTTCGGTCG-1_5_1"
"1129","GTTGTCCTCAAAGGAT-1_5_1"
"1130","GTTGTCCTCTGTCCGT-1_5_1"
"1131","GTTTACTCACGGCACT-1_5_1"
"1132","GTTTACTGTAGTCGGA-1_5_1"
"1133","GTTTACTGTCTACGAT-1_5_1"
"1134","GTTTGGAAGCGCCGTT-1_5_1"
"1135","GTTTGGACACGGCGTT-1_5_1"
"1136","GTTTGGATCAAAGGAT-1_5_1"
"1137","TAACACGCATCACAGT-1_5_1"
"1138","TAACACGGTACTGCGC-1_5_1"
"1139","TAACCAGCATCATGAC-1_5_1"
"1140","TAACGACAGGGCAGGA-1_5_1"
"1141","TAACGACTCATCACCC-1_5_1"
"1142","TAACTTCAGGAGTACC-1_5_1"
"1143","TAACTTCGTTGTTGTG-1_5_1"
"1144","TAACTTCTCTATTTCG-1_5_1"
"1145","TAAGCCAAGCAGTACG-1_5_1"
"1146","TAAGCCAAGGTACAGC-1_5_1"
"1147","TAAGCCACACCCAAGC-1_5_1"
"1148","TAAGCCATCATTTGTC-1_5_1"
"1149","TAAGCCATCTTACTGT-1_5_1"
"1150","TAAGCGTGTCGTCGGT-1_5_1"
"1151","TAAGCGTTCGCAATTG-1_5_1"
"1152","TAATCTCCATACCACA-1_5_1"
"1153","TAATTCCCATTCGGGC-1_5_1"
"1154","TAATTCCGTCCTTGTC-1_5_1"
"1155","TACAACGCAGTAACGG-1_5_1"
"1156","TACAACGGTGTGAGCA-1_5_1"
"1157","TACAACGTCGCTTACC-1_5_1"
"1158","TACACCCGTGTTTACG-1_5_1"
"1159","TACAGGTCAAATGCTC-1_5_1"
"1160","TACATTCTCGCTTGAA-1_5_1"
"1161","TACCCACAGAATTGTG-1_5_1"
"1162","TACCCACAGGACATCG-1_5_1"
"1163","TACCCACTCTCGACCT-1_5_1"
"1164","TACCCGTAGGTAAGGA-1_5_1"
"1165","TACCGAAAGCCGTCGT-1_5_1"
"1166","TACCGGGGTGCGACAA-1_5_1"
"1167","TACCTCGAGATGGCGT-1_5_1"
"1168","TACCTCGCAGAAATCA-1_5_1"
"1169","TACCTGCAGCAAACAT-1_5_1"
"1170","TACCTGCCATCGCTGG-1_5_1"
"1171","TACCTGCCATGAAGCG-1_5_1"
"1172","TACCTGCGTATCGAAA-1_5_1"
"1173","TACCTGCGTTAGAAAC-1_5_1"
"1174","TACCTGCTCATGGATC-1_5_1"
"1175","TACGGGCAGAGTTGCG-1_5_1"
"1176","TACGGGCTCATTGTTC-1_5_1"
"1177","TACGGGCTCTGCTTTA-1_5_1"
"1178","TACGGTAAGTGCCGAA-1_5_1"
"1179","TACGGTATCCTCCACA-1_5_1"
"1180","TACGTCCAGCGTGTTT-1_5_1"
"1181","TACTGCCAGGTTGTTC-1_5_1"
"1182","TACTGCCGTACTCGCG-1_5_1"
"1183","TACTGCCGTTAAGGGC-1_5_1"
"1184","TACTTCATCACCTTGC-1_5_1"
"1185","TACTTGTTCAAATGAG-1_5_1"
"1186","TAGACCAGTACTAGCT-1_5_1"
"1187","TAGACTGCAGCTCGGT-1_5_1"
"1188","TAGACTGCATCATCCC-1_5_1"
"1189","TAGACTGGTCGACTGC-1_5_1"
"1190","TAGACTGGTTCTCCAC-1_5_1"
"1191","TAGACTGTCAAGGTGG-1_5_1"
"1192","TAGGAGGTCATCTATC-1_5_1"
"1193","TAGGGTTCATTGTACG-1_5_1"
"1194","TAGGGTTGTAGCTTAC-1_5_1"
"1195","TAGGGTTGTATTGAGA-1_5_1"
"1196","TAGGTACTCTTTACAC-1_5_1"
"1197","TAGGTTGCAGTGTATC-1_5_1"
"1198","TAGGTTGTCCCAAGTA-1_5_1"
"1199","TAGTGCAAGTTCTCTT-1_5_1"
"1200","TATACCTGTAGAGTTA-1_5_1"
"1201","TATACCTTCCGTGCGA-1_5_1"
"1202","TATATCCCATTGAGCT-1_5_1"
"1203","TATATCCGTAATGCTC-1_5_1"
"1204","TATATCCGTGAACGGT-1_5_1"
"1205","TATCAGGCACGGGTAA-1_5_1"
"1206","TATCAGGCACGTACAT-1_5_1"
"1207","TATCGCCGTCATAACC-1_5_1"
"1208","TATCGCCTCTCTCGCA-1_5_1"
"1209","TATCTGTAGTTACGGG-1_5_1"
"1210","TATCTTGCAAACTAGA-1_5_1"
"1211","TATCTTGCAGACAATA-1_5_1"
"1212","TATCTTGCATTGAAAG-1_5_1"
"1213","TATCTTGGTGCAAGAC-1_5_1"
"1214","TATGTTCAGGAGCTGT-1_5_1"
"1215","TATGTTCCAGACAATA-1_5_1"
"1216","TATGTTCTCAATCTTC-1_5_1"
"1217","TATTCCATCGAACCAT-1_5_1"
"1218","TATTGCTAGTGAGTGC-1_5_1"
"1219","TATTGCTTCATGCATG-1_5_1"
"1220","TATTGGGAGTTGCTGT-1_5_1"
"1221","TATTGGGGTCGTCAGC-1_5_1"
"1222","TATTTCGAGAGCTGAC-1_5_1"
"1223","TATTTCGAGCGTATAA-1_5_1"
"1224","TATTTCGTCCTCACGT-1_5_1"
"1225","TCAAGACGTGAGTCAG-1_5_1"
"1226","TCAAGACGTTCGGTCG-1_5_1"
"1227","TCAATCTTCCATCACC-1_5_1"
"1228","TCAATTCAGTGGAAAG-1_5_1"
"1229","TCAATTCGTCTACACA-1_5_1"
"1230","TCAATTCGTGCATTAC-1_5_1"
"1231","TCACAAGCAAGGTCGA-1_5_1"
"1232","TCACACCCATCCGTGG-1_5_1"
"1233","TCACATTCACCCTGAG-1_5_1"
"1234","TCACATTGTTTACACG-1_5_1"
"1235","TCACGCTAGGCCCGTT-1_5_1"
"1236","TCACGCTCAGAACTAA-1_5_1"
"1237","TCACGCTGTCGAGCAA-1_5_1"
"1238","TCACGGGGTTGCGGCT-1_5_1"
"1239","TCACTATAGTTCATGC-1_5_1"
"1240","TCACTCGGTCTACTGA-1_5_1"
"1241","TCAGCAAAGCGTTGTT-1_5_1"
"1242","TCAGCAACAACTCATG-1_5_1"
"1243","TCAGCAAGTCCAGGTC-1_5_1"
"1244","TCAGCAATCAACTGGT-1_5_1"
"1245","TCAGGGCAGAGCACTG-1_5_1"
"1246","TCAGGGCTCATGCCCT-1_5_1"
"1247","TCAGGTATCACTCCGT-1_5_1"
"1248","TCAGTCCGTTGAGAGC-1_5_1"
"1249","TCAGTTTCAAATCCCA-1_5_1"
"1250","TCAGTTTGTTAACAGA-1_5_1"
"1251","TCAGTTTTCACCGACG-1_5_1"
"1252","TCATACTCAAGTGCAG-1_5_1"
"1253","TCATATCGTATCTCGA-1_5_1"
"1254","TCATATCTCTCGTGAA-1_5_1"
"1255","TCATCATCACCGTGAC-1_5_1"
"1256","TCATCCGGTTCTGACA-1_5_1"
"1257","TCATGAGAGCTCTTCC-1_5_1"
"1258","TCATGAGTCCCAGGAC-1_5_1"
"1259","TCATGCCGTCGGTGTC-1_5_1"
"1260","TCATGGACACCGCTGA-1_5_1"
"1261","TCATGTTCATCGCTCT-1_5_1"
"1262","TCATGTTGTTGAGGAC-1_5_1"
"1263","TCATGTTTCATCTGTT-1_5_1"
"1264","TCATTGTAGCTGTCCG-1_5_1"
"1265","TCATTGTGTAGCGTAG-1_5_1"
"1266","TCATTGTTCTTGAGCA-1_5_1"
"1267","TCATTTGGTCAACACT-1_5_1"
"1268","TCCACCAAGATCGCTT-1_5_1"
"1269","TCCACCACAATAACCC-1_5_1"
"1270","TCCACCACAATTTCCT-1_5_1"
"1271","TCCACCATCAGCTGAT-1_5_1"
"1272","TCCACGTAGTTACGTC-1_5_1"
"1273","TCCACGTTCAAGCCTA-1_5_1"
"1274","TCCAGAAGTTTGAACC-1_5_1"
"1275","TCCATCGAGAAGTATC-1_5_1"
"1276","TCCATCGAGCTGACTT-1_5_1"
"1277","TCCATCGCAGCACACC-1_5_1"
"1278","TCCATCGTCCCTCAAC-1_5_1"
"1279","TCCATGCAGAATCCCT-1_5_1"
"1280","TCCATGCCAGTTGAAA-1_5_1"
"1281","TCCCACAAGCATACTC-1_5_1"
"1282","TCCCACAAGTATCCTG-1_5_1"
"1283","TCCCACACACTGTCCT-1_5_1"
"1284","TCCCACACATCATTGG-1_5_1"
"1285","TCCCAGTAGATTAGCA-1_5_1"
"1286","TCCCAGTCACTACTTT-1_5_1"
"1287","TCCCAGTGTTCCGTTC-1_5_1"
"1288","TCCCATGGTTCTCCAC-1_5_1"
"1289","TCCGATCCAAGCGCAA-1_5_1"
"1290","TCCGGGAAGACCTGGA-1_5_1"
"1291","TCCGGGATCCACGTGG-1_5_1"
"1292","TCCTAATCACCACATA-1_5_1"
"1293","TCCTAATCAGGTGGAT-1_5_1"
"1294","TCCTAATGTAGACAGC-1_5_1"
"1295","TCCTCCCAGGCACTAG-1_5_1"
"1296","TCCTCCCAGTATCTGC-1_5_1"
"1297","TCCTCCCGTACAGTTC-1_5_1"
"1298","TCCTCCCGTGGGTTGA-1_5_1"
"1299","TCCTCCCGTGTCTAAC-1_5_1"
"1300","TCCTCCCGTTGGCTAT-1_5_1"
"1301","TCCTCGAAGCCTCCAG-1_5_1"
"1302","TCCTCGAAGCTGACTT-1_5_1"
"1303","TCCTCGAAGGTTACCT-1_5_1"
"1304","TCCTCGACAGCTGCCA-1_5_1"
"1305","TCCTCGATCTGCTCTG-1_5_1"
"1306","TCCTGCACACCTGCGA-1_5_1"
"1307","TCCTGCAGTAAGCGGT-1_5_1"
"1308","TCCTGCAGTGCACATT-1_5_1"
"1309","TCCTTCTAGGTTGACG-1_5_1"
"1310","TCCTTTCCATTGAGGG-1_5_1"
"1311","TCGAACAAGTATAACG-1_5_1"
"1312","TCGAACACATAACCCA-1_5_1"
"1313","TCGAACACATGCACTA-1_5_1"
"1314","TCGAAGTCAAGGCAAC-1_5_1"
"1315","TCGAAGTCATGGATCT-1_5_1"
"1316","TCGAAGTTCTTCGATT-1_5_1"
"1317","TCGACCTCACGAGGTA-1_5_1"
"1318","TCGACGGAGGTCACTT-1_5_1"
"1319","TCGCACTCACAGCTTA-1_5_1"
"1320","TCGCTTGAGAGAAGGT-1_5_1"
"1321","TCGCTTGCATGAATAG-1_5_1"
"1322","TCGGATACATGGTGGA-1_5_1"
"1323","TCGGGACAGCGAACTG-1_5_1"
"1324","TCGGGACCAGTTTGGT-1_5_1"
"1325","TCGGGACGTCGCATTA-1_5_1"
"1326","TCGGGACGTTACGCCG-1_5_1"
"1327","TCGGGACTCGTCGCTT-1_5_1"
"1328","TCGGGCATCGTACCTC-1_5_1"
"1329","TCGGTCTGTTGTACGT-1_5_1"
"1330","TCGGTCTTCCCTCGAT-1_5_1"
"1331","TCGTAGATCCGATGCG-1_5_1"
"1332","TCGTCCATCACTTGTT-1_5_1"
"1333","TCGTGGGGTAATTAGG-1_5_1"
"1334","TCTAACTAGGACTTCT-1_5_1"
"1335","TCTACATGTTATAGCC-1_5_1"
"1336","TCTACCGAGGCGAAGG-1_5_1"
"1337","TCTACCGAGTTGGACG-1_5_1"
"1338","TCTACCGCAACAACAA-1_5_1"
"1339","TCTACCGCACCCTAGG-1_5_1"
"1340","TCTATACCAAGTGGAC-1_5_1"
"1341","TCTATACGTTACGGAG-1_5_1"
"1342","TCTATCACACACGGAA-1_5_1"
"1343","TCTATCATCCGCGGAT-1_5_1"
"1344","TCTCACGAGGTAAGTT-1_5_1"
"1345","TCTCACGGTATGAGGC-1_5_1"
"1346","TCTCACGTCACCCTGT-1_5_1"
"1347","TCTCCGACACATGAAA-1_5_1"
"1348","TCTCCGAGTTAACCTG-1_5_1"
"1349","TCTCTGGTCGACCCAG-1_5_1"
"1350","TCTCTGGTCGGTAGAG-1_5_1"
"1351","TCTGGCTAGTAGGTTA-1_5_1"
"1352","TCTGGCTGTTGACGGA-1_5_1"
"1353","TCTGTCGAGGCTTAAA-1_5_1"
"1354","TCTGTCGAGGGTTTCT-1_5_1"
"1355","TCTGTCGGTGCGGTAA-1_5_1"
"1356","TCTGTCGTCACAGTGT-1_5_1"
"1357","TCTTAGTAGTAACGAT-1_5_1"
"1358","TCTTCCTAGTTCATGC-1_5_1"
"1359","TCTTCCTCACCCAACG-1_5_1"
"1360","TCTTGCGTCAAATGAG-1_5_1"
"1361","TCTTGCGTCACTTGGA-1_5_1"
"1362","TCTTGCGTCCGACATA-1_5_1"
"1363","TCTTGCGTCGCTATTT-1_5_1"
"1364","TCTTTGAAGGCTATCT-1_5_1"
"1365","TCTTTGACACTGCATA-1_5_1"
"1366","TCTTTGAGTTATTCCT-1_5_1"
"1367","TCTTTGATCCTAGAGT-1_5_1"
"1368","TGAACGTCACCCGTAG-1_5_1"
"1369","TGAATCGAGAGGTTAT-1_5_1"
"1370","TGAATCGCAGGATCTT-1_5_1"
"1371","TGAATCGTCTACCACC-1_5_1"
"1372","TGACCCTAGACCATAA-1_5_1"
"1373","TGACCCTCAGACCTGC-1_5_1"
"1374","TGACGCGCACTACCCT-1_5_1"
"1375","TGACGCGGTTCATCGA-1_5_1"
"1376","TGACTCCAGGCCTGCT-1_5_1"
"1377","TGACTCCCACTATCGA-1_5_1"
"1378","TGACTCCTCGAACGGA-1_5_1"
"1379","TGAGACTAGTGCAAAT-1_5_1"
"1380","TGAGACTCAAATCAAG-1_5_1"
"1381","TGAGACTGTCGTGGTC-1_5_1"
"1382","TGAGCATAGATCACCT-1_5_1"
"1383","TGAGCATGTACTGAGG-1_5_1"
"1384","TGAGCGCAGCATGCGA-1_5_1"
"1385","TGAGCGCGTTAAGCAA-1_5_1"
"1386","TGAGCGCTCTGCTTTA-1_5_1"
"1387","TGAGGAGGTCGCACGT-1_5_1"
"1388","TGAGGAGTCGAACTCA-1_5_1"
"1389","TGAGGTTGTCTGTTAG-1_5_1"
"1390","TGAGTCACACCTGCAG-1_5_1"
"1391","TGATCTTGTGAGCCAA-1_5_1"
"1392","TGATTTCTCCATAGGT-1_5_1"
"1393","TGATTTCTCTCCTACG-1_5_1"
"1394","TGCACGGAGTGCCTCG-1_5_1"
"1395","TGCAGATGTCGTACAT-1_5_1"
"1396","TGCAGTACACAGTCCG-1_5_1"
"1397","TGCAGTAGTTACGCCG-1_5_1"
"1398","TGCATCCGTAATTGGA-1_5_1"
"1399","TGCATCCGTTCGGTTA-1_5_1"
"1400","TGCATGACAGCATCTA-1_5_1"
"1401","TGCATGATCCACTTCG-1_5_1"
"1402","TGCGACGCAGCATCTA-1_5_1"
"1403","TGCGATACACGACGCT-1_5_1"
"1404","TGCGATACATGGGATG-1_5_1"
"1405","TGCGATATCGTGTTCC-1_5_1"
"1406","TGCGGGTAGCTATCCA-1_5_1"
"1407","TGCGGGTTCTTTCAGT-1_5_1"
"1408","TGCTCCACATAGTCGT-1_5_1"
"1409","TGCTGAAAGGTCTTTG-1_5_1"
"1410","TGCTGAACAAATAAGC-1_5_1"
"1411","TGCTGAAGTATGTCTG-1_5_1"
"1412","TGCTTCGGTGGCTGAA-1_5_1"
"1413","TGCTTGCTCGCCTTTG-1_5_1"
"1414","TGCTTGCTCTGTCAGA-1_5_1"
"1415","TGGAACTGTCGAACAG-1_5_1"
"1416","TGGAACTGTCGTATTG-1_5_1"
"1417","TGGAGAGGTTATCTTC-1_5_1"
"1418","TGGAGAGTCGCTAGCG-1_5_1"
"1419","TGGAGGAGTCTACATG-1_5_1"
"1420","TGGAGGATCTTAGGAC-1_5_1"
"1421","TGGATGTCAATTGTGC-1_5_1"
"1422","TGGATGTCACTTGAAC-1_5_1"
"1423","TGGATGTTCCTAGCTC-1_5_1"
"1424","TGGCGTGTCGTGGTAT-1_5_1"
"1425","TGGGATTAGAGGTCAC-1_5_1"
"1426","TGGGATTAGTCGCCAC-1_5_1"
"1427","TGGGATTCATTGTACG-1_5_1"
"1428","TGGGATTGTCAACCAT-1_5_1"
"1429","TGGGATTTCCTCATAT-1_5_1"
"1430","TGGGCGTTCTCGTGGG-1_5_1"
"1431","TGGGCTGAGATGGTAT-1_5_1"
"1432","TGGGCTGAGTACGAGC-1_5_1"
"1433","TGGGCTGTCAGTCTTT-1_5_1"
"1434","TGGTACACATGCAGGA-1_5_1"
"1435","TGGTACAGTGGCTCTG-1_5_1"
"1436","TGGTAGTCACCTTCGT-1_5_1"
"1437","TGGTAGTCAGTTACCA-1_5_1"
"1438","TGGTGATTCGACCAAT-1_5_1"
"1439","TGGTGATTCTCTAGGA-1_5_1"
"1440","TGTAACGCACAGCCAC-1_5_1"
"1441","TGTAACGGTTCCCAAA-1_5_1"
"1442","TGTAAGCTCGCTCCTA-1_5_1"
"1443","TGTACAGCATTGAGCT-1_5_1"
"1444","TGTAGACCACGTACAT-1_5_1"
"1445","TGTCAGACAATACGAA-1_5_1"
"1446","TGTCAGAGTTCAGCTA-1_5_1"
"1447","TGTCAGAGTTCAGGTT-1_5_1"
"1448","TGTCCACGTGACCTGC-1_5_1"
"1449","TGTCCACGTTTATGCG-1_5_1"
"1450","TGTCCCACAGGAACCA-1_5_1"
"1451","TGTCCCATCATGCTAG-1_5_1"
"1452","TGTCCTGTCTACGCAA-1_5_1"
"1453","TGTGAGTCAAACCGGA-1_5_1"
"1454","TGTGAGTCATTCAGCA-1_5_1"
"1455","TGTGAGTGTTAAAGTG-1_5_1"
"1456","TGTGATGCAGTAGAGC-1_5_1"
"1457","TGTGATGGTCTCCCTA-1_5_1"
"1458","TGTGTGAAGTGTTCCA-1_5_1"
"1459","TGTTACTCAATCGCCG-1_5_1"
"1460","TGTTACTTCAGCTTGA-1_5_1"
"1461","TGTTCATAGACATAAC-1_5_1"
"1462","TGTTCATCAGCAGGAT-1_5_1"
"1463","TGTTCATTCGAGAAAT-1_5_1"
"1464","TGTTCCGGTCTTACTT-1_5_1"
"1465","TGTTCTACACCTCAGG-1_5_1"
"1466","TGTTCTAGTGGTAATA-1_5_1"
"1467","TGTTGAGAGGGCGAGA-1_5_1"
"1468","TGTTGAGCATGACAGG-1_5_1"
"1469","TGTTGAGGTTGGTACT-1_5_1"
"1470","TGTTTGTAGTCGGGAT-1_5_1"
"1471","TTACAGGCAGTCAGCC-1_5_1"
"1472","TTACCATAGGCTGAAC-1_5_1"
"1473","TTACCATGTAGGGAGG-1_5_1"
"1474","TTACCATGTTGTCTAG-1_5_1"
"1475","TTACCATTCCTCACGT-1_5_1"
"1476","TTACCGCAGGTTGACG-1_5_1"
"1477","TTACCGCAGTGAGCCA-1_5_1"
"1478","TTACCGCCACCGTGGT-1_5_1"
"1479","TTACCGCCACTCAGAT-1_5_1"
"1480","TTACCGCGTACGATGG-1_5_1"
"1481","TTACCGCGTAGCGCCT-1_5_1"
"1482","TTACCGCGTGCCCAGT-1_5_1"
"1483","TTACGCCCAGTAACGG-1_5_1"
"1484","TTACGTTTCGGCAGTC-1_5_1"
"1485","TTACTGTAGGCCTTGC-1_5_1"
"1486","TTACTGTCACGTATAC-1_5_1"
"1487","TTACTGTTCATCGGGC-1_5_1"
"1488","TTACTGTTCCTGTTAT-1_5_1"
"1489","TTAGGCACACCGTCGA-1_5_1"
"1490","TTAGGGTAGAGGATCC-1_5_1"
"1491","TTAGGGTGTTGTGCCG-1_5_1"
"1492","TTAGTCTTCCTCTAGC-1_5_1"
"1493","TTAGTCTTCTTCGGAA-1_5_1"
"1494","TTATTGCTCCGCTGTT-1_5_1"
"1495","TTCACCGAGCAAATCA-1_5_1"
"1496","TTCACCGCAGATACCT-1_5_1"
"1497","TTCACCGCATCTGTTT-1_5_1"
"1498","TTCACCGTCTGGGCGT-1_5_1"
"1499","TTCAGGATCTATCCAT-1_5_1"
"1500","TTCATGTCATATCTCT-1_5_1"
"1501","TTCCAATAGAATTTGG-1_5_1"
"1502","TTCCAATAGCCATGCC-1_5_1"
"1503","TTCCAATGTAACACGG-1_5_1"
"1504","TTCCAATGTCGCGTCA-1_5_1"
"1505","TTCCAATGTCTCTCAC-1_5_1"
"1506","TTCCACGAGAGCTGAC-1_5_1"
"1507","TTCCACGAGCTGTGCC-1_5_1"
"1508","TTCCGGTAGACGACGT-1_5_1"
"1509","TTCCGGTAGGTACAAT-1_5_1"
"1510","TTCCGGTTCTTACTGT-1_5_1"
"1511","TTCCGTGAGCTAGTTC-1_5_1"
"1512","TTCCTCTCACCAACAT-1_5_1"
"1513","TTCCTCTCAGTTCTAG-1_5_1"
"1514","TTCCTCTCATGGACAG-1_5_1"
"1515","TTCCTCTGTTCCGCAG-1_5_1"
"1516","TTCCTCTTCGAAGGAC-1_5_1"
"1517","TTCCTTCTCTTGCGCT-1_5_1"
"1518","TTCGATTCATACAGCT-1_5_1"
"1519","TTCGCTGCAGCTACCG-1_5_1"
"1520","TTCGGTCAGCGTTAGG-1_5_1"
"1521","TTCGGTCCATCGTGGC-1_5_1"
"1522","TTCGGTCGTAGCACAG-1_5_1"
"1523","TTCGGTCGTTCTCTAT-1_5_1"
"1524","TTCTAACAGAAGCCTG-1_5_1"
"1525","TTCTAACTCTACTATC-1_5_1"
"1526","TTCTAGTGTACACGTT-1_5_1"
"1527","TTCTCTCAGGAGAGGC-1_5_1"
"1528","TTCTCTCAGTATAGAC-1_5_1"
"1529","TTCTCTCGTCCATACA-1_5_1"
"1530","TTCTGTAGTTTACACG-1_5_1"
"1531","TTCTGTATCTGGTGGC-1_5_1"
"1532","TTCTTGACATCTAGAC-1_5_1"
"1533","TTCTTGAGTTCAAGTC-1_5_1"
"1534","TTCTTGATCCCAATAG-1_5_1"
"1535","TTGAACGAGTATCCTG-1_5_1"
"1536","TTGAACGGTAGACAGC-1_5_1"
"1537","TTGAACGGTCTCTCAC-1_5_1"
"1538","TTGAACGTCTTTGCTA-1_5_1"
"1539","TTGAGTGGTACTGAGG-1_5_1"
"1540","TTGAGTGGTGAATTAG-1_5_1"
"1541","TTGATGGGTCACGACC-1_5_1"
"1542","TTGCATTAGTACTCGT-1_5_1"
"1543","TTGCCTGCATATGGCT-1_5_1"
"1544","TTGCCTGGTCTCAGAT-1_5_1"
"1545","TTGCCTGGTCTTGGTA-1_5_1"
"1546","TTGCCTGGTGCATTTG-1_5_1"
"1547","TTGCCTGTCCGCAGTG-1_5_1"
"1548","TTGCCTGTCTTCGACC-1_5_1"
"1549","TTGCGTCAGCTAAGTA-1_5_1"
"1550","TTGCTGCCACCTGCAG-1_5_1"
"1551","TTGCTGCGTCACATTG-1_5_1"
"1552","TTGCTGCGTCTCGCGA-1_5_1"
"1553","TTGGATGCAGAACGCA-1_5_1"
"1554","TTGGGATTCACTCACC-1_5_1"
"1555","TTGGGTAGTATCGAAA-1_5_1"
"1556","TTGGTTTAGTTGAAAC-1_5_1"
"1557","TTGGTTTCACGCGGTT-1_5_1"
"1558","TTGGTTTTCTTAAGGC-1_5_1"
"1559","TTGTGGAGTCGACTGC-1_5_1"
"1560","TTGTTCACACACACTA-1_5_1"
"1561","TTGTTCATCCAACCAA-1_5_1"
"1562","TTGTTTGAGCTACAAA-1_5_1"
"1563","TTGTTTGAGTCTCCTC-1_5_1"
"1564","TTTACCAAGCTAGAGC-1_5_1"
"1565","TTTACCACAGCGAGTA-1_5_1"
"1566","TTTACCATCGCATTGA-1_5_1"
"1567","TTTACGTAGTTGCTCA-1_5_1"
"1568","TTTACTGCAACGATCT-1_5_1"
"1569","TTTACTGTCTACTTCA-1_5_1"
"1570","TTTATGCAGCGATGCA-1_5_1"
"1571","TTTCACAGTACAGTAA-1_5_1"
"1572","TTTCACATCGCATGAT-1_5_1"
"1573","TTTCAGTCACGGTGCT-1_5_1"
"1574","TTTCAGTTCACCGGTG-1_5_1"
"1575","TTTCATGAGTACCCTA-1_5_1"
"1576","TTTCATGCAAAGTATG-1_5_1"
"1577","TTTCATGTCGAATCCA-1_5_1"
"1578","TTTCCTCCACACTGGC-1_5_1"
"1579","TTTCGATAGGTTCTAC-1_5_1"
"1580","TTTCGATTCTGTAACG-1_5_1"
"1581","TTTGACTCAAGCTACT-1_5_1"
"1582","TTTGATCAGAGAGCGG-1_5_1"
"1583","TTTGATCTCAGTGATC-1_5_1"
"1584","TTTGGAGCAGTTCACA-1_5_1"
"1585","TTTGGAGTCAGTCATG-1_5_1"
"1586","TTTGGTTCACGTAACT-1_5_1"
"1587","TTTGGTTGTGTAGCAG-1_5_1"
