"","x"
"1","AAACCCAAGCTGAAAT-1_3_2"
"2","AAACCCAGTCGCACGT-1_3_2"
"3","AAACGCTAGCCTATCA-1_3_2"
"4","AAAGAACAGCCTCCAG-1_3_2"
"5","AAAGGATGTATGCGTT-1_3_2"
"6","AAAGGATTCAAGATAG-1_3_2"
"7","AAAGGGCGTTTATGCG-1_3_2"
"8","AAAGGGCTCTACGCAA-1_3_2"
"9","AAAGGTAGTTGCTCCT-1_3_2"
"10","AAAGTCCAGATGAACT-1_3_2"
"11","AAAGTGACATATCTCT-1_3_2"
"12","AAAGTGAGTAGTCTTG-1_3_2"
"13","AAATGGAAGCTCTGTA-1_3_2"
"14","AAATGGACATACTGAC-1_3_2"
"15","AAATGGAGTCGGTAAG-1_3_2"
"16","AACAAAGCACACGGAA-1_3_2"
"17","AACAAAGCATGAAGGC-1_3_2"
"18","AACAAAGTCTCGGCTT-1_3_2"
"19","AACAACCAGTAATCCC-1_3_2"
"20","AACAACCAGTAGAGTT-1_3_2"
"21","AACACACAGACCACGA-1_3_2"
"22","AACAGGGCAGCTGTGC-1_3_2"
"23","AACAGGGTCTTCGTGC-1_3_2"
"24","AACCAACGTTCCTAAG-1_3_2"
"25","AACCATGGTACTGTTG-1_3_2"
"26","AACCATGTCACCTGGG-1_3_2"
"27","AACCCAAGTAATACCC-1_3_2"
"28","AACCCAAGTGGGTATG-1_3_2"
"29","AACCCAATCCAAGCTA-1_3_2"
"30","AACCTTTAGGTTAGTA-1_3_2"
"31","AACCTTTCAAGGCGTA-1_3_2"
"32","AACCTTTGTCACCGAC-1_3_2"
"33","AACGGGACAGCAGACA-1_3_2"
"34","AACGGGAGTCTCAGAT-1_3_2"
"35","AACGGGATCAGGGTAG-1_3_2"
"36","AACGTCACATGCACTA-1_3_2"
"37","AACGTCAGTACTTCCC-1_3_2"
"38","AACGTCAGTGGCCACT-1_3_2"
"39","AACGTCATCCACGTCT-1_3_2"
"40","AACTTCTCAGAGATGC-1_3_2"
"41","AACTTCTTCGCCACTT-1_3_2"
"42","AACTTCTTCGTAGTGT-1_3_2"
"43","AAGAACACACGCTATA-1_3_2"
"44","AAGACAAAGACTCGAG-1_3_2"
"45","AAGATAGAGCCGATAG-1_3_2"
"46","AAGCGAGAGAGCGACT-1_3_2"
"47","AAGCGAGCACCCTGTT-1_3_2"
"48","AAGCGAGTCACTCTTA-1_3_2"
"49","AAGCGTTGTCAGTCTA-1_3_2"
"50","AAGGTAACAATGCAAA-1_3_2"
"51","AAGTACCAGCGTGTTT-1_3_2"
"52","AAGTTCGCACCCAATA-1_3_2"
"53","AAGTTCGTCTTCTCAA-1_3_2"
"54","AATAGAGCACAACATC-1_3_2"
"55","AATAGAGGTCCATAGT-1_3_2"
"56","AATAGAGTCAACTTTC-1_3_2"
"57","AATCACGCAAGAGAGA-1_3_2"
"58","AATCACGTCACGGTCG-1_3_2"
"59","AATCGACTCCCTCGAT-1_3_2"
"60","AATCGTGAGTCAGAGC-1_3_2"
"61","AATGACCTCCGTGGTG-1_3_2"
"62","AATGACCTCCTGTACC-1_3_2"
"63","AATGGAACAGCAGTAG-1_3_2"
"64","AATGGAAGTCCGTACG-1_3_2"
"65","AATGGAAGTGCGACAA-1_3_2"
"66","AATTCCTTCAAGCGTT-1_3_2"
"67","AATTTCCGTTGCCTAA-1_3_2"
"68","ACAACCAAGCGTTCAT-1_3_2"
"69","ACAACCAGTATGTGTC-1_3_2"
"70","ACAAGCTAGTACGTCT-1_3_2"
"71","ACACAGTAGTTACTCG-1_3_2"
"72","ACACAGTTCCTACAAG-1_3_2"
"73","ACACCAAAGGCTAACG-1_3_2"
"74","ACACCAAAGTCGCCAC-1_3_2"
"75","ACACCAAGTTAAAGTG-1_3_2"
"76","ACACCAATCTCTCGAC-1_3_2"
"77","ACACGCGCACCCGTAG-1_3_2"
"78","ACACGCGCAGTTTCAG-1_3_2"
"79","ACACTGACACAAGCCC-1_3_2"
"80","ACACTGACAGACCAGA-1_3_2"
"81","ACAGCCGAGTATGTAG-1_3_2"
"82","ACAGCCGCATGTGTCA-1_3_2"
"83","ACAGGGACAATTCTCT-1_3_2"
"84","ACATCCCAGAGAGTGA-1_3_2"
"85","ACATCCCGTTCTTGTT-1_3_2"
"86","ACATGCACATAGGTAA-1_3_2"
"87","ACATTTCTCAGACTGT-1_3_2"
"88","ACATTTCTCGCCATAA-1_3_2"
"89","ACCAACACACGCTGCA-1_3_2"
"90","ACCAACATCACTCACC-1_3_2"
"91","ACCAACATCTTCCCGA-1_3_2"
"92","ACCACAAGTTTGAACC-1_3_2"
"93","ACCATTTAGTAGAGTT-1_3_2"
"94","ACCATTTGTGTGTCGC-1_3_2"
"95","ACCCAAATCACTGTTT-1_3_2"
"96","ACCCTCAAGAGGGCGA-1_3_2"
"97","ACCCTCACATTGAAAG-1_3_2"
"98","ACCCTCATCCAATGCA-1_3_2"
"99","ACCCTTGCAAGAGGTC-1_3_2"
"100","ACCGTTCAGCTCGTGC-1_3_2"
"101","ACCGTTCAGGTTTGAA-1_3_2"
"102","ACCGTTCTCCCTAGGG-1_3_2"
"103","ACCTACCTCTCATAGG-1_3_2"
"104","ACCTGTCAGCAGCGAT-1_3_2"
"105","ACCTGTCAGGAGGGTG-1_3_2"
"106","ACGATCACAAGTAGTA-1_3_2"
"107","ACGATCACAGGTCCGT-1_3_2"
"108","ACGATGTTCCGTGCGA-1_3_2"
"109","ACGATGTTCGCCTCTA-1_3_2"
"110","ACGATGTTCTACTGCC-1_3_2"
"111","ACGCACGTCCGTAATG-1_3_2"
"112","ACGGGTCAGTCAACAA-1_3_2"
"113","ACGGGTCCATGGCTAT-1_3_2"
"114","ACGGGTCGTCGGATTT-1_3_2"
"115","ACGGTCGGTGAGTTTC-1_3_2"
"116","ACGGTCGGTTAGAAGT-1_3_2"
"117","ACGGTTATCGTCTACC-1_3_2"
"118","ACGTAACGTACGACTT-1_3_2"
"119","ACGTAACTCCGAGCTG-1_3_2"
"120","ACTACGAGTAGGACCA-1_3_2"
"121","ACTATCTAGACGACGT-1_3_2"
"122","ACTATGGAGATGCTAA-1_3_2"
"123","ACTATTCGTGTACGCC-1_3_2"
"124","ACTGATGGTCGTACAT-1_3_2"
"125","ACTGATGTCTCGCTTG-1_3_2"
"126","ACTGTCCAGGGTTTCT-1_3_2"
"127","ACTGTGAAGGCCTTCG-1_3_2"
"128","ACTGTGACAGGTACGA-1_3_2"
"129","ACTTATCTCCCGAGTG-1_3_2"
"130","ACTTCCGAGCGTTCAT-1_3_2"
"131","ACTTCGCCAAGTCATC-1_3_2"
"132","ACTTCGCTCTGAATCG-1_3_2"
"133","ACTTTCAAGTCCCAAT-1_3_2"
"134","ACTTTGTCAAACTCGT-1_3_2"
"135","AGAAATGGTGATACTC-1_3_2"
"136","AGAACAAAGGCAGGTT-1_3_2"
"137","AGAACCTGTAGGATAT-1_3_2"
"138","AGAACCTTCGAAGAAT-1_3_2"
"139","AGACAAAAGCAAACAT-1_3_2"
"140","AGACAAACATCATGAC-1_3_2"
"141","AGACAAATCAGCGGAA-1_3_2"
"142","AGACACTGTAAGTCAA-1_3_2"
"143","AGACTCATCGGAGATG-1_3_2"
"144","AGAGAATAGATACAGT-1_3_2"
"145","AGAGAATAGCCAAGGT-1_3_2"
"146","AGAGAATCACGTCATA-1_3_2"
"147","AGAGAATGTAGACTGG-1_3_2"
"148","AGAGAATGTTTACCTT-1_3_2"
"149","AGAGAATTCGCAAGAG-1_3_2"
"150","AGAGAGCAGTGCTCAT-1_3_2"
"151","AGATAGAAGTTCTCTT-1_3_2"
"152","AGATAGATCGTGCATA-1_3_2"
"153","AGATCCACAATCGTCA-1_3_2"
"154","AGATCCACATCCGTGG-1_3_2"
"155","AGATCCAGTCGCCACA-1_3_2"
"156","AGATGCTGTGGCTGAA-1_3_2"
"157","AGATGCTTCCCGTAAA-1_3_2"
"158","AGCCAATTCGCAGTCG-1_3_2"
"159","AGCCAGCAGGGTGGGA-1_3_2"
"160","AGCGATTAGCCTGACC-1_3_2"
"161","AGCGATTCAGACCTAT-1_3_2"
"162","AGCGATTTCTCCGAGG-1_3_2"
"163","AGCTCAAAGGATCACG-1_3_2"
"164","AGCTCAATCTTACACT-1_3_2"
"165","AGCTTCCGTATCAGCT-1_3_2"
"166","AGCTTCCGTTTCGACA-1_3_2"
"167","AGCTTCCTCCAACCGG-1_3_2"
"168","AGGAAATGTCTATGAC-1_3_2"
"169","AGGAATAAGTACAACA-1_3_2"
"170","AGGAATACATCGGAGA-1_3_2"
"171","AGGAATAGTGAATGAT-1_3_2"
"172","AGGACGAGTACTGTTG-1_3_2"
"173","AGGACGATCATCTACT-1_3_2"
"174","AGGACTTAGGAACTCG-1_3_2"
"175","AGGACTTCATCGTGCG-1_3_2"
"176","AGGAGGTCACCCAAGC-1_3_2"
"177","AGGATAAAGGCTCTCG-1_3_2"
"178","AGGATCTCATCCTAAG-1_3_2"
"179","AGGCCACTCCCTCTCC-1_3_2"
"180","AGGCCACTCCGCATAA-1_3_2"
"181","AGGCCACTCTTGGCTC-1_3_2"
"182","AGGCTGCGTCTACGAT-1_3_2"
"183","AGGGAGTCATGGAACG-1_3_2"
"184","AGGGCTCTCAGTCCGG-1_3_2"
"185","AGGGTCCAGCATCAGG-1_3_2"
"186","AGGGTGACAGGTCAGA-1_3_2"
"187","AGGGTGATCCATAGGT-1_3_2"
"188","AGGGTGATCGACATAC-1_3_2"
"189","AGGTAGGGTCCACTTC-1_3_2"
"190","AGGTAGGTCCGTGACG-1_3_2"
"191","AGGTAGGTCTCTGGTC-1_3_2"
"192","AGGTCATTCGGTTCAA-1_3_2"
"193","AGGTGTTTCGTGCGAC-1_3_2"
"194","AGGTGTTTCTATTCGT-1_3_2"
"195","AGGTTACCAAGCAATA-1_3_2"
"196","AGGTTGTAGAATCGAT-1_3_2"
"197","AGTAACCAGATACCAA-1_3_2"
"198","AGTACCAAGCGTGCTC-1_3_2"
"199","AGTACCACAGCTTCGG-1_3_2"
"200","AGTACTGGTGTTAGCT-1_3_2"
"201","AGTACTGTCGCCTCTA-1_3_2"
"202","AGTAGCTGTGCGACAA-1_3_2"
"203","AGTAGTCTCCGCCTAT-1_3_2"
"204","AGTCACACATCCGAAT-1_3_2"
"205","AGTGACTTCCCTGTTG-1_3_2"
"206","AGTGATCCACTGCTTC-1_3_2"
"207","AGTTAGCAGCAGGTCA-1_3_2"
"208","AGTTAGCGTGTTGACT-1_3_2"
"209","AGTTCCCAGAAATCCA-1_3_2"
"210","AGTTCCCAGACGCTCC-1_3_2"
"211","AGTTCCCTCGATCCAA-1_3_2"
"212","AGTTCGAAGTAAGACT-1_3_2"
"213","AGTTCGAAGTACAACA-1_3_2"
"214","AGTTCGACAGATAAAC-1_3_2"
"215","ATACCGAGTACAGTAA-1_3_2"
"216","ATAGAGACATTGGCAT-1_3_2"
"217","ATAGAGAGTTCTCCCA-1_3_2"
"218","ATAGGCTCACTCACTC-1_3_2"
"219","ATAGGCTGTAACACCT-1_3_2"
"220","ATCACAGAGTAGACCG-1_3_2"
"221","ATCACAGGTACCTAAC-1_3_2"
"222","ATCACAGGTCAAATCC-1_3_2"
"223","ATCACAGTCATCACTT-1_3_2"
"224","ATCAGGTAGTGGATAT-1_3_2"
"225","ATCCACCAGGGAGAAT-1_3_2"
"226","ATCCACCCAACAGATA-1_3_2"
"227","ATCCACCGTAAGTTGA-1_3_2"
"228","ATCCATTCATCATCTT-1_3_2"
"229","ATCCATTGTGTGCTTA-1_3_2"
"230","ATCCATTTCACCGCTT-1_3_2"
"231","ATCCGTCAGCGTGTTT-1_3_2"
"232","ATCCGTCTCACTGTCC-1_3_2"
"233","ATCCGTCTCATTTACC-1_3_2"
"234","ATCGCCTAGCTGTGCC-1_3_2"
"235","ATCGCCTAGTGTCATC-1_3_2"
"236","ATCGCCTCAGAGGTTG-1_3_2"
"237","ATCGGATAGCAAGTGC-1_3_2"
"238","ATCGGATCAAATCAGA-1_3_2"
"239","ATCGGATCATAATGAG-1_3_2"
"240","ATCGGCGTCTAACGGT-1_3_2"
"241","ATCGTAGAGTACCGGA-1_3_2"
"242","ATCGTAGCACCAGGTC-1_3_2"
"243","ATCGTCCAGCTCCGAC-1_3_2"
"244","ATCGTGAAGACAACAT-1_3_2"
"245","ATCTTCAAGATGTTAG-1_3_2"
"246","ATGAAAGCACACCTGG-1_3_2"
"247","ATGACCATCGTCAACA-1_3_2"
"248","ATGACCATCTGCCCTA-1_3_2"
"249","ATGAGGGTCTATGCCC-1_3_2"
"250","ATGAGTCAGTGTGTTC-1_3_2"
"251","ATGAGTCGTCACAATC-1_3_2"
"252","ATGAGTCGTCGGCCTA-1_3_2"
"253","ATGAGTCTCCGGGACT-1_3_2"
"254","ATGATCGTCTCTCTAA-1_3_2"
"255","ATGCATGGTTGCTCGG-1_3_2"
"256","ATGCGATCACTACTTT-1_3_2"
"257","ATGGAGGGTACAAGTA-1_3_2"
"258","ATGGAGGGTGTCTTGA-1_3_2"
"259","ATGGAGGGTTGATGTC-1_3_2"
"260","ATGGATCGTACCCAGC-1_3_2"
"261","ATGGATCGTGCTATTG-1_3_2"
"262","ATGGGTTTCGTGACTA-1_3_2"
"263","ATGGTTGTCGGACGTC-1_3_2"
"264","ATGTCCCAGATGAATC-1_3_2"
"265","ATGTCCCTCCGAAGGA-1_3_2"
"266","ATGTCTTCAGAACTTC-1_3_2"
"267","ATTACCTGTTTGGGTT-1_3_2"
"268","ATTACCTTCGCTAATG-1_3_2"
"269","ATTACTCCACCCTGTT-1_3_2"
"270","ATTATCCAGACAACTA-1_3_2"
"271","ATTATCCAGTCATACC-1_3_2"
"272","ATTATCCCAGGGAGAG-1_3_2"
"273","ATTATCCTCTGGTCAA-1_3_2"
"274","ATTCACTCATGGCCCA-1_3_2"
"275","ATTCAGGTCCAGTACA-1_3_2"
"276","ATTCAGGTCCTGGGTG-1_3_2"
"277","ATTCCATGTCTTCATT-1_3_2"
"278","ATTCCCGTCGACCATA-1_3_2"
"279","ATTCCTAAGCTAGTTC-1_3_2"
"280","ATTCCTACAAGACGGT-1_3_2"
"281","ATTCCTACAGGTCAAG-1_3_2"
"282","ATTCCTAGTATAATGG-1_3_2"
"283","ATTCTACAGTCTTGGT-1_3_2"
"284","ATTCTACCATACTGTG-1_3_2"
"285","ATTCTACGTCACTCGG-1_3_2"
"286","ATTCTACTCTATTGTC-1_3_2"
"287","ATTCTTGAGCATTGAA-1_3_2"
"288","ATTCTTGAGTCATAGA-1_3_2"
"289","ATTCTTGCACCATTCC-1_3_2"
"290","ATTGGGTAGGAGAGTA-1_3_2"
"291","ATTGGGTAGGAGATAG-1_3_2"
"292","ATTGGGTTCTTTCCGG-1_3_2"
"293","ATTGTTCAGCCTGCCA-1_3_2"
"294","ATTGTTCAGGAAGTCC-1_3_2"
"295","ATTGTTCGTATGTCCA-1_3_2"
"296","ATTGTTCGTTCGATTG-1_3_2"
"297","ATTGTTCTCTACGCGG-1_3_2"
"298","ATTTACCAGACTTCGT-1_3_2"
"299","ATTTACCAGATTGACA-1_3_2"
"300","ATTTCTGGTCGTGCCA-1_3_2"
"301","ATTTCTGTCAAGTTGC-1_3_2"
"302","ATTTCTGTCATTACTC-1_3_2"
"303","CAAAGAAGTGGACCAA-1_3_2"
"304","CAACAGTAGGAATGTT-1_3_2"
"305","CAACAGTTCTCGCCTA-1_3_2"
"306","CAACCTCAGTCAATCC-1_3_2"
"307","CAACCTCGTGTGTGGA-1_3_2"
"308","CAACCTCTCAGGAAGC-1_3_2"
"309","CAACGATCAAATGATG-1_3_2"
"310","CAAGAGGCAGGCAATG-1_3_2"
"311","CAAGAGGGTCCTGAAT-1_3_2"
"312","CAAGCTACAATCGCCG-1_3_2"
"313","CAAGCTACACAAGTGG-1_3_2"
"314","CAAGGGAAGCGCCTTG-1_3_2"
"315","CAAGGGATCTGAATGC-1_3_2"
"316","CAATACGGTGTCCATA-1_3_2"
"317","CAATACGTCCCAGGAC-1_3_2"
"318","CAATTTCAGATACCAA-1_3_2"
"319","CACAACAAGCTCACTA-1_3_2"
"320","CACAACACAGAGAATT-1_3_2"
"321","CACAACATCGTAGCTA-1_3_2"
"322","CACACAAAGGTACAAT-1_3_2"
"323","CACACAACAAGAGGTC-1_3_2"
"324","CACACAATCATTGCCC-1_3_2"
"325","CACAGGCAGATTAGTG-1_3_2"
"326","CACATGAAGTGTAGAT-1_3_2"
"327","CACCAAACACAAACGG-1_3_2"
"328","CACCAAAGTACTAGCT-1_3_2"
"329","CACCAAAGTGAACGGT-1_3_2"
"330","CACCAAAGTGACTGTT-1_3_2"
"331","CACCGTTAGTCCTACA-1_3_2"
"332","CACCGTTCAAGTCGTT-1_3_2"
"333","CACCGTTGTGTTTACG-1_3_2"
"334","CACCGTTTCGACACTA-1_3_2"
"335","CACCGTTTCTAGCATG-1_3_2"
"336","CACGAATAGATGCAGC-1_3_2"
"337","CACGAATCATACCACA-1_3_2"
"338","CACGAATCATGTACGT-1_3_2"
"339","CACGGGTAGCAAGCCA-1_3_2"
"340","CACGGGTCACTTCAAG-1_3_2"
"341","CACGTGGTCTGCATGA-1_3_2"
"342","CACGTTCGTAGGATAT-1_3_2"
"343","CACGTTCGTGTGTGTT-1_3_2"
"344","CACTAAGTCCGCACTT-1_3_2"
"345","CACTGAAAGGTACATA-1_3_2"
"346","CACTGGGGTTCCTAAG-1_3_2"
"347","CACTGTCAGATCCCAT-1_3_2"
"348","CACTGTCCACGGTGTC-1_3_2"
"349","CACTGTCTCATGGTAC-1_3_2"
"350","CACTTCGTCTCTATAC-1_3_2"
"351","CAGATACAGATCGCCC-1_3_2"
"352","CAGATACCAATCTGCA-1_3_2"
"353","CAGATCACAAAGTATG-1_3_2"
"354","CAGATCACACAGCTGC-1_3_2"
"355","CAGATCACAGTTACCA-1_3_2"
"356","CAGATCACAGTTCTAG-1_3_2"
"357","CAGATCATCACAAGGG-1_3_2"
"358","CAGATTGGTAGTGGCA-1_3_2"
"359","CAGCAATAGCAGCCCT-1_3_2"
"360","CAGCAATCAGGTCCCA-1_3_2"
"361","CAGCAATGTTGGACCC-1_3_2"
"362","CAGCACGGTATCAGGG-1_3_2"
"363","CAGGCCAGTGACTCGC-1_3_2"
"364","CAGGCCAGTGTGGTCC-1_3_2"
"365","CAGGTATCACCAGCTG-1_3_2"
"366","CAGTGCGAGTATTCCG-1_3_2"
"367","CAGTTAGAGGACTATA-1_3_2"
"368","CAGTTAGAGTAACGTA-1_3_2"
"369","CAGTTAGCACTTTATC-1_3_2"
"370","CAGTTCCAGAATAACC-1_3_2"
"371","CATAAGCCACAGCTGC-1_3_2"
"372","CATACAGCAGTTACCA-1_3_2"
"373","CATACCCAGGATACGC-1_3_2"
"374","CATACCCGTCACATTG-1_3_2"
"375","CATACTTCACAGCCTG-1_3_2"
"376","CATCAAGCACGCGGTT-1_3_2"
"377","CATCAAGGTACGTTCA-1_3_2"
"378","CATCAAGGTTGCGGCT-1_3_2"
"379","CATCCACAGACATAAC-1_3_2"
"380","CATCCACAGGTACAAT-1_3_2"
"381","CATCCACCAGCGTTTA-1_3_2"
"382","CATCCACTCCTACTGC-1_3_2"
"383","CATCCCAGTCGTTGGC-1_3_2"
"384","CATCCCATCTTCTCAA-1_3_2"
"385","CATCCGTTCCACGTCT-1_3_2"
"386","CATCGCTCAGGGAATC-1_3_2"
"387","CATCGCTGTTCCTAAG-1_3_2"
"388","CATCGTCCAGTGCCTG-1_3_2"
"389","CATGAGTGTTGCTCCT-1_3_2"
"390","CATGAGTTCATTACTC-1_3_2"
"391","CATGCAACATACCGTA-1_3_2"
"392","CATGCAAGTCAATCTG-1_3_2"
"393","CATGCAAGTCTTGGTA-1_3_2"
"394","CATGCGGAGGTAAACT-1_3_2"
"395","CATGGATCACCAAATC-1_3_2"
"396","CATGGATCACGACGCT-1_3_2"
"397","CATGGATGTAGTTACC-1_3_2"
"398","CATGGATGTGTAGTGG-1_3_2"
"399","CATGGTACACGCGCTA-1_3_2"
"400","CATTCTATCGAACCAT-1_3_2"
"401","CATTGTTTCATAAGGA-1_3_2"
"402","CATTTCAAGAGTATAC-1_3_2"
"403","CCAATGATCCGATCTC-1_3_2"
"404","CCAATTTCATGATGCT-1_3_2"
"405","CCACACTCAGCTCATA-1_3_2"
"406","CCACACTGTAAGGAGA-1_3_2"
"407","CCACACTTCCTAACAG-1_3_2"
"408","CCACACTTCTGCCTGT-1_3_2"
"409","CCACCATCAAGACCGA-1_3_2"
"410","CCACCATTCTCATTTG-1_3_2"
"411","CCACGAGCAATAGAGT-1_3_2"
"412","CCACGAGTCCAGCACG-1_3_2"
"413","CCACTTGAGGCGCTTC-1_3_2"
"414","CCACTTGTCACCTCTG-1_3_2"
"415","CCATAAGTCCAACCGG-1_3_2"
"416","CCATCACTCGTCAAAC-1_3_2"
"417","CCATCACTCTATGTGG-1_3_2"
"418","CCCAACTCATGACAAA-1_3_2"
"419","CCCATTGGTAACAGTA-1_3_2"
"420","CCCATTGTCTCGGTAA-1_3_2"
"421","CCCGAAGTCTACCAGA-1_3_2"
"422","CCCGGAACAAGATCCT-1_3_2"
"423","CCCGGAACAGCTTTCC-1_3_2"
"424","CCCTAACAGAGCCCAA-1_3_2"
"425","CCCTAACCAAAGCACG-1_3_2"
"426","CCCTAACGTTTAGTCG-1_3_2"
"427","CCCTAACGTTTCTTAC-1_3_2"
"428","CCCTCAACACGTTGGC-1_3_2"
"429","CCCTCTCAGGTCTACT-1_3_2"
"430","CCCTCTCGTCCGACGT-1_3_2"
"431","CCCTGATCAGCTTCGG-1_3_2"
"432","CCCTGATGTCAATGGG-1_3_2"
"433","CCCTTAGAGCACTCTA-1_3_2"
"434","CCGAACGCACAGTCGC-1_3_2"
"435","CCGGACAAGAAGATCT-1_3_2"
"436","CCGGACAAGTCATGCT-1_3_2"
"437","CCGGACACAAGACGGT-1_3_2"
"438","CCGGACAGTGTCCTAA-1_3_2"
"439","CCGGTAGTCGCGTTTC-1_3_2"
"440","CCGGTGAGTTGCTAGT-1_3_2"
"441","CCGGTGATCCTGGTCT-1_3_2"
"442","CCGTGAGCATGCGTGC-1_3_2"
"443","CCGTGAGTCCGCAAAT-1_3_2"
"444","CCGTTCAGTGTTGAGG-1_3_2"
"445","CCGTTCAGTTATGTGC-1_3_2"
"446","CCTAAGAAGTCTCCTC-1_3_2"
"447","CCTACGTAGTGCCCGT-1_3_2"
"448","CCTACGTGTCCTCAGG-1_3_2"
"449","CCTCAACTCCTCTCGA-1_3_2"
"450","CCTCACATCTACGCAA-1_3_2"
"451","CCTCAGTTCAGCTAGT-1_3_2"
"452","CCTCCAAAGTGGACTG-1_3_2"
"453","CCTCCAACATGTTCGA-1_3_2"
"454","CCTCCTCGTACTCGAT-1_3_2"
"455","CCTCTAGCAACCTAAC-1_3_2"
"456","CCTCTCCGTATGTCCA-1_3_2"
"457","CCTCTCCGTTGTCAGT-1_3_2"
"458","CCTCTCCTCCTCGCAT-1_3_2"
"459","CCTCTCCTCCTCTGCA-1_3_2"
"460","CCTGCATAGACGCAGT-1_3_2"
"461","CCTGCATCACCAACAT-1_3_2"
"462","CCTGCATCATGGCGCT-1_3_2"
"463","CCTGCATGTCGCTTGG-1_3_2"
"464","CCTGTTGAGCACCAGA-1_3_2"
"465","CCTGTTGCAAATGGAT-1_3_2"
"466","CCTGTTGGTCCTACGG-1_3_2"
"467","CCTTCAGAGGCATTTC-1_3_2"
"468","CCTTGTGGTACCGCGT-1_3_2"
"469","CGAAGGACAATAAGGT-1_3_2"
"470","CGAAGTTAGGCTAACG-1_3_2"
"471","CGAAGTTGTCCGCAGT-1_3_2"
"472","CGAGGAACAAGACCGA-1_3_2"
"473","CGAGGCTTCCAGTACA-1_3_2"
"474","CGAGTGCAGCTCGAAG-1_3_2"
"475","CGAGTGCTCTAGAGCT-1_3_2"
"476","CGAGTTACAGTGGCTC-1_3_2"
"477","CGATCGGGTTCAGGTT-1_3_2"
"478","CGATGCGGTCCTTTGC-1_3_2"
"479","CGATGCGGTGCCTGAC-1_3_2"
"480","CGATGCGTCTCGGGAC-1_3_2"
"481","CGATGGCCAGACCAGA-1_3_2"
"482","CGCATGGTCGCCCAGA-1_3_2"
"483","CGCCATTTCAAGGCTT-1_3_2"
"484","CGCCATTTCATGAGAA-1_3_2"
"485","CGCGTGAAGGAGGGTG-1_3_2"
"486","CGCGTGACACATTCGA-1_3_2"
"487","CGCGTGAGTACGAAAT-1_3_2"
"488","CGCGTGATCACAATGC-1_3_2"
"489","CGCGTGATCATGCAGT-1_3_2"
"490","CGGAACCGTCCGGATC-1_3_2"
"491","CGGAACCGTGGCTTGC-1_3_2"
"492","CGGAATTAGTTGCTGT-1_3_2"
"493","CGGAATTCATAGGAGC-1_3_2"
"494","CGGACACCAAGTGACG-1_3_2"
"495","CGGACACGTAATGCGG-1_3_2"
"496","CGGAGAAGTAAGTCAA-1_3_2"
"497","CGGCAGTAGTGCCCGT-1_3_2"
"498","CGGGCATAGCCTAGGA-1_3_2"
"499","CGGGCATCACATATGC-1_3_2"
"500","CGGGTCAAGCTACTGT-1_3_2"
"501","CGGGTCATCAAGCCCG-1_3_2"
"502","CGGGTGTCAGGCTTGC-1_3_2"
"503","CGGTCAGAGCAAGTCG-1_3_2"
"504","CGGTCAGTCGATACGT-1_3_2"
"505","CGTAAGTAGCTAATGA-1_3_2"
"506","CGTCAAACATCTCCCA-1_3_2"
"507","CGTCCATAGTTCGGTT-1_3_2"
"508","CGTCCATCAAAGGCTG-1_3_2"
"509","CGTCCATCAGCAGACA-1_3_2"
"510","CGTGAATGTTAAGTCC-1_3_2"
"511","CGTGAATTCTGCGGAC-1_3_2"
"512","CGTGCTTGTCGTTTCC-1_3_2"
"513","CGTGTCTCAGACTCTA-1_3_2"
"514","CGTGTCTGTTCTCTCG-1_3_2"
"515","CGTGTCTTCGAAGGAC-1_3_2"
"516","CGTTAGACAAATAAGC-1_3_2"
"517","CGTTAGACAACGGTAG-1_3_2"
"518","CGTTAGACACTCCGGA-1_3_2"
"519","CGTTAGATCGGACGTC-1_3_2"
"520","CGTTCTGGTATTCCTT-1_3_2"
"521","CGTTGGGTCGGTGAAG-1_3_2"
"522","CTAACCCGTTATAGCC-1_3_2"
"523","CTAAGTGGTTTATGCG-1_3_2"
"524","CTACAGAGTACACGTT-1_3_2"
"525","CTACAGAGTTCCGCAG-1_3_2"
"526","CTACATTCACGGTAGA-1_3_2"
"527","CTACCTGGTAGCGAGT-1_3_2"
"528","CTACCTGTCCAATGCA-1_3_2"
"529","CTACGGGAGGCAATGC-1_3_2"
"530","CTACTATAGACCATGG-1_3_2"
"531","CTAGACAAGGAATTAC-1_3_2"
"532","CTAGACATCGTAGGGA-1_3_2"
"533","CTATAGGGTCCTGTTC-1_3_2"
"534","CTATCCGCACCAATTG-1_3_2"
"535","CTATCCGGTAAGACCG-1_3_2"
"536","CTATCCGTCGGATTAC-1_3_2"
"537","CTCAACCCAAATCCCA-1_3_2"
"538","CTCAACCTCGGTGTAT-1_3_2"
"539","CTCAAGAGTACAACGG-1_3_2"
"540","CTCAATTGTACGATCT-1_3_2"
"541","CTCAATTGTCATCTAG-1_3_2"
"542","CTCAGAAAGCCTGTGC-1_3_2"
"543","CTCAGAAGTCCTGAAT-1_3_2"
"544","CTCAGAAGTTTACTGG-1_3_2"
"545","CTCAGTCCATCATTTC-1_3_2"
"546","CTCATGCTCTGTCTCG-1_3_2"
"547","CTCATTACAGGCGAAT-1_3_2"
"548","CTCATTATCCCTGTTG-1_3_2"
"549","CTCCAACGTTCGGTAT-1_3_2"
"550","CTCCACAGTACCCGAC-1_3_2"
"551","CTCCACATCGCGTTTC-1_3_2"
"552","CTCCACATCGCTCCTA-1_3_2"
"553","CTCCACATCTCGAGTA-1_3_2"
"554","CTCCATGGTCTGTGTA-1_3_2"
"555","CTCCCAACAAGCTACT-1_3_2"
"556","CTCCCAAGTTTCGACA-1_3_2"
"557","CTCCCTCGTATCGAAA-1_3_2"
"558","CTCCGATAGTAGCCAG-1_3_2"
"559","CTCCGATCATCGCCTT-1_3_2"
"560","CTCCTCCCAGGGACTA-1_3_2"
"561","CTCCTTTAGATCCCAT-1_3_2"
"562","CTCCTTTCAGCACAGA-1_3_2"
"563","CTCGAGGTCTAGGAAA-1_3_2"
"564","CTCTCGACAGTTGTCA-1_3_2"
"565","CTCTGGTCACGAGGAT-1_3_2"
"566","CTGAATGAGTCACGCC-1_3_2"
"567","CTGAGCGAGCAAACAT-1_3_2"
"568","CTGAGCGCAACCACAT-1_3_2"
"569","CTGAGGCCATCGGAAG-1_3_2"
"570","CTGAGGCTCAACACCA-1_3_2"
"571","CTGATCCCAAGCCCAC-1_3_2"
"572","CTGATCCTCGCTGATA-1_3_2"
"573","CTGCAGGAGCGAATGC-1_3_2"
"574","CTGCCATAGATCCGAG-1_3_2"
"575","CTGCCATAGTCTAGAA-1_3_2"
"576","CTGCCATCACCCTTAC-1_3_2"
"577","CTGCCATCATTCTGTT-1_3_2"
"578","CTGCCATTCTGGCCTT-1_3_2"
"579","CTGCCTAAGCAGAAAG-1_3_2"
"580","CTGCGAGCAATTTCCT-1_3_2"
"581","CTGCGAGTCTGTTGGA-1_3_2"
"582","CTGCTCACACATACTG-1_3_2"
"583","CTGCTCACACGTAGTT-1_3_2"
"584","CTGCTCACATGTGCCG-1_3_2"
"585","CTGGACGCAACTGCCG-1_3_2"
"586","CTGGTCTGTTACTCAG-1_3_2"
"587","CTGGTCTTCAGCAATC-1_3_2"
"588","CTGTATTAGGGCTAAC-1_3_2"
"589","CTGTCGTTCTGTAACG-1_3_2"
"590","CTGTGAATCTCTGGTC-1_3_2"
"591","CTGTGGGCAATTCACG-1_3_2"
"592","CTTACCGAGCTAGAAT-1_3_2"
"593","CTTACCGCAAACCATC-1_3_2"
"594","CTTCAATCAGGACTAG-1_3_2"
"595","CTTCAATGTTACCGTA-1_3_2"
"596","CTTCCGACACAAGCTT-1_3_2"
"597","CTTCGGTGTCAACACT-1_3_2"
"598","CTTCTCTAGGGCAAGG-1_3_2"
"599","CTTCTCTGTGGCACTC-1_3_2"
"600","CTTGATTCACGCCACA-1_3_2"
"601","CTTTCAAAGACGCATG-1_3_2"
"602","CTTTCAACATCGGCCA-1_3_2"
"603","CTTTCAAGTCCTACAA-1_3_2"
"604","CTTTCAAGTGGTCAAG-1_3_2"
"605","CTTTCAATCCCAAGTA-1_3_2"
"606","CTTTCAATCTAGACAC-1_3_2"
"607","GAAACCTGTCTGATCA-1_3_2"
"608","GAAATGACAAGAGAGA-1_3_2"
"609","GAACGTTAGCCAAGCA-1_3_2"
"610","GAAGAATCAAGCACAG-1_3_2"
"611","GAAGAATGTATGAGGC-1_3_2"
"612","GAAGCCCCACGAGAAC-1_3_2"
"613","GAAGCGATCCATCGTC-1_3_2"
"614","GAAGCGATCCTTGGAA-1_3_2"
"615","GAAGTAACAACACGAG-1_3_2"
"616","GAAGTAACAAGCACCC-1_3_2"
"617","GAAGTAACATCGATAC-1_3_2"
"618","GAATAGAAGCTACTGT-1_3_2"
"619","GAATCACAGTTTGGCT-1_3_2"
"620","GAATCGTAGTTGCTCA-1_3_2"
"621","GACACGCCATCCCACT-1_3_2"
"622","GACACGCGTTACAGCT-1_3_2"
"623","GACATCAAGCGAGTCA-1_3_2"
"624","GACCCAGTCCCGTTCA-1_3_2"
"625","GACCTTCCATCCGTGG-1_3_2"
"626","GACGTTACACACCGCA-1_3_2"
"627","GACTCTCAGTCATTGC-1_3_2"
"628","GACTTCCAGCCGATTT-1_3_2"
"629","GAGACCCTCTCGTCAC-1_3_2"
"630","GAGAGGTAGTGATAGT-1_3_2"
"631","GAGAGGTCAGCGCGTT-1_3_2"
"632","GAGATGGCAGCCTATA-1_3_2"
"633","GAGGCCTCATCCCGTT-1_3_2"
"634","GAGGGATAGTTCAACC-1_3_2"
"635","GAGGGTACATAGTCAC-1_3_2"
"636","GAGGGTATCGTGTTCC-1_3_2"
"637","GAGTCATGTTACACTG-1_3_2"
"638","GAGTCTATCTTCGCTG-1_3_2"
"639","GAGTGAGAGCAGGTCA-1_3_2"
"640","GAGTGAGCACATTGTG-1_3_2"
"641","GAGTGAGCAGCCTACG-1_3_2"
"642","GAGTTGTAGGAAGTAG-1_3_2"
"643","GAGTTTGAGAACTTCC-1_3_2"
"644","GAGTTTGCACCAGCTG-1_3_2"
"645","GAGTTTGCATCGATCA-1_3_2"
"646","GATAGAAAGCTCGTGC-1_3_2"
"647","GATAGCTAGCTCCATA-1_3_2"
"648","GATCACACACCCATAA-1_3_2"
"649","GATCACAGTCTTGCTC-1_3_2"
"650","GATCATGTCTCTAGGA-1_3_2"
"651","GATCGTATCTACTATC-1_3_2"
"652","GATGAGGTCCTGTACC-1_3_2"
"653","GATGATCAGCATGATA-1_3_2"
"654","GATGATCGTGACCTGC-1_3_2"
"655","GATGATCGTGGTTTGT-1_3_2"
"656","GATGGAGAGATACCAA-1_3_2"
"657","GATGTTGAGGGACCAT-1_3_2"
"658","GATGTTGAGGTATAGT-1_3_2"
"659","GATGTTGAGTTACGAA-1_3_2"
"660","GATTCGAAGATAGGGA-1_3_2"
"661","GATTCGAGTCTACGAT-1_3_2"
"662","GATTCGAGTCTCCTGT-1_3_2"
"663","GATTCGATCCTGTTGC-1_3_2"
"664","GATTCTTAGAAGTCAT-1_3_2"
"665","GATTCTTTCGGCATTA-1_3_2"
"666","GATTGGTGTAGATTGA-1_3_2"
"667","GATTTCTTCCTGGGAC-1_3_2"
"668","GCACGGTCACACAGCC-1_3_2"
"669","GCACGGTCACTACCCT-1_3_2"
"670","GCACGTGAGGCGCTCT-1_3_2"
"671","GCACGTGGTCTACAAC-1_3_2"
"672","GCACGTGTCCTTATCA-1_3_2"
"673","GCACTAAAGTTATGGA-1_3_2"
"674","GCAGCCAAGCGCCTAC-1_3_2"
"675","GCAGCCAAGCTAAATG-1_3_2"
"676","GCAGCCATCCGAGTGC-1_3_2"
"677","GCAGCTGAGTCACTAC-1_3_2"
"678","GCAGGCTGTTAAGTCC-1_3_2"
"679","GCATCGGTCTCATTTG-1_3_2"
"680","GCATCTCTCGCGCCAA-1_3_2"
"681","GCATTAGCACATGACT-1_3_2"
"682","GCATTAGGTACCCGCA-1_3_2"
"683","GCCAACGAGTTAGTGA-1_3_2"
"684","GCCAACGTCCGTAATG-1_3_2"
"685","GCCAGGTAGTAATACG-1_3_2"
"686","GCCAGGTTCAATCGGT-1_3_2"
"687","GCCAGTGCAGCGATTT-1_3_2"
"688","GCCAGTGTCTCGTGGG-1_3_2"
"689","GCCATGGCAAGCCCAC-1_3_2"
"690","GCCATTCGTCCAAGAG-1_3_2"
"691","GCCATTCTCGTTCAGA-1_3_2"
"692","GCCCAGACATACCATG-1_3_2"
"693","GCCCAGAGTTGCCGAC-1_3_2"
"694","GCCCAGATCCATGAGT-1_3_2"
"695","GCCCAGATCCTCTTTC-1_3_2"
"696","GCCGATGAGTCTGCAT-1_3_2"
"697","GCCGATGCAAGTAGTA-1_3_2"
"698","GCCGATGGTCCTCATC-1_3_2"
"699","GCCGTGAGTAAGATCA-1_3_2"
"700","GCCGTGAGTGCCTTTC-1_3_2"
"701","GCCGTGATCTAGCATG-1_3_2"
"702","GCGAGAAAGGTATAGT-1_3_2"
"703","GCGATCGCAGGTGTTT-1_3_2"
"704","GCGTGCAAGCCTGTGC-1_3_2"
"705","GCTACAAGTCTCAGGC-1_3_2"
"706","GCTACCTAGAAGATCT-1_3_2"
"707","GCTACCTAGCGACTTT-1_3_2"
"708","GCTACCTAGGGATCGT-1_3_2"
"709","GCTACCTCAATGCTCA-1_3_2"
"710","GCTACCTTCCACGGAC-1_3_2"
"711","GCTCAAAGTCCTACGG-1_3_2"
"712","GCTCAAAGTCTAGTGT-1_3_2"
"713","GCTGAATAGCGTACAG-1_3_2"
"714","GCTGAATGTGCGTGCT-1_3_2"
"715","GCTGCAGTCAAAGCCT-1_3_2"
"716","GCTGCAGTCCTTGGAA-1_3_2"
"717","GCTGCAGTCGCTGATA-1_3_2"
"718","GCTGGGTAGTCACAGG-1_3_2"
"719","GCTGGGTCAAAGACTA-1_3_2"
"720","GCTTTCGTCTCTGGTC-1_3_2"
"721","GGAAGTGAGTGCCAGA-1_3_2"
"722","GGAAGTGGTGAATGAT-1_3_2"
"723","GGAATCTTCCTTTAGT-1_3_2"
"724","GGAATGGAGAGTTCGG-1_3_2"
"725","GGAATGGAGATAACGT-1_3_2"
"726","GGACGTCGTAACGATA-1_3_2"
"727","GGACGTCGTTCGTTCC-1_3_2"
"728","GGACGTCTCGTGCAGC-1_3_2"
"729","GGAGAACCAGAGCCCT-1_3_2"
"730","GGAGAACCATGACCCG-1_3_2"
"731","GGAGATGCACGTACTA-1_3_2"
"732","GGAGCAATCCCATTCG-1_3_2"
"733","GGAGGATCATCTGCGG-1_3_2"
"734","GGAGGTACACAGTCAT-1_3_2"
"735","GGAGGTATCGATACTG-1_3_2"
"736","GGATGTTCATTCAGCA-1_3_2"
"737","GGCACGTGTTTGATCG-1_3_2"
"738","GGCACGTTCGACGATT-1_3_2"
"739","GGCAGTCCACATTGTG-1_3_2"
"740","GGCGTCATCTCATGCC-1_3_2"
"741","GGCTGTGAGTTTCAGC-1_3_2"
"742","GGCTTGGCAAGGACAC-1_3_2"
"743","GGCTTGGGTATGACAA-1_3_2"
"744","GGCTTGGTCAACTGGT-1_3_2"
"745","GGCTTTCAGGAACGTC-1_3_2"
"746","GGCTTTCCATGCACTA-1_3_2"
"747","GGGAAGTCAGTCAGTT-1_3_2"
"748","GGGAAGTTCCTGGGAC-1_3_2"
"749","GGGACCTGTTACGGAG-1_3_2"
"750","GGGACTCAGCAACTCT-1_3_2"
"751","GGGACTCAGCTTACGT-1_3_2"
"752","GGGACTCGTTTCCCAC-1_3_2"
"753","GGGAGTAAGGAGACCT-1_3_2"
"754","GGGAGTATCGCGGACT-1_3_2"
"755","GGGATCCGTAGGGTAC-1_3_2"
"756","GGGATCCTCAGACCTA-1_3_2"
"757","GGGATGAAGGTCACTT-1_3_2"
"758","GGGCTCACAGCGTGAA-1_3_2"
"759","GGGTATTCAGTTGTCA-1_3_2"
"760","GGGTCTGGTACTGTTG-1_3_2"
"761","GGGTGAATCGAATGCT-1_3_2"
"762","GGGTGTCAGCTCCCTT-1_3_2"
"763","GGGTGTCGTAGCGAGT-1_3_2"
"764","GGGTGTCTCGTTGTGA-1_3_2"
"765","GGGTTATAGTGGCGAT-1_3_2"
"766","GGGTTATCATGGCACC-1_3_2"
"767","GGGTTATGTTGTGTAC-1_3_2"
"768","GGGTTATTCCGATGTA-1_3_2"
"769","GGGTTTAAGGCTCCCA-1_3_2"
"770","GGGTTTAAGGGATCTG-1_3_2"
"771","GGGTTTACAGATTCGT-1_3_2"
"772","GGGTTTACAGGGTTGA-1_3_2"
"773","GGTAATCCAGAGCGTA-1_3_2"
"774","GGTAATCTCCATACAG-1_3_2"
"775","GGTAGAGAGAGCGACT-1_3_2"
"776","GGTAGAGAGAGGACTC-1_3_2"
"777","GGTAGAGCATGCCATA-1_3_2"
"778","GGTAGAGGTAGCGTAG-1_3_2"
"779","GGTAGAGGTGTACATC-1_3_2"
"780","GGTAGAGTCCAGCTCT-1_3_2"
"781","GGTCTGGAGCCTTCTC-1_3_2"
"782","GGTCTGGGTACCCAGC-1_3_2"
"783","GGTGAAGGTCCAGCGT-1_3_2"
"784","GGTGATTGTCTACGAT-1_3_2"
"785","GGTGTCGAGGTATCTC-1_3_2"
"786","GGTGTCGAGGTCCAGA-1_3_2"
"787","GGTGTTAAGCACTGGA-1_3_2"
"788","GGTGTTACAGGACAGT-1_3_2"
"789","GGTGTTAGTCGTGGTC-1_3_2"
"790","GGTGTTATCCGCACGA-1_3_2"
"791","GGTTAACAGGGTATAT-1_3_2"
"792","GGTTAACCAAGCCATT-1_3_2"
"793","GGTTAACGTACCAATC-1_3_2"
"794","GGTTCTCCAAATCCCA-1_3_2"
"795","GGTTCTCGTTCGTTCC-1_3_2"
"796","GGTTGTAGTCCGGATC-1_3_2"
"797","GTAACACCACGGTGCT-1_3_2"
"798","GTAACACTCCTTCTTC-1_3_2"
"799","GTAACCAAGTCCGTCG-1_3_2"
"800","GTAAGTCTCCAGTTCC-1_3_2"
"801","GTAATGCAGGTTCTTG-1_3_2"
"802","GTACAACAGGAAAGTG-1_3_2"
"803","GTACAACGTGACAGCA-1_3_2"
"804","GTACAACGTGCTTATG-1_3_2"
"805","GTACAACTCGGTCGGT-1_3_2"
"806","GTACAACTCTAGTCAG-1_3_2"
"807","GTACAGTCACCTCTGT-1_3_2"
"808","GTACAGTTCGCCGAGT-1_3_2"
"809","GTAGATCCAACAGCTT-1_3_2"
"810","GTAGGTTCATATCTGG-1_3_2"
"811","GTAGTACAGCCACCGT-1_3_2"
"812","GTATTGGGTACAATAG-1_3_2"
"813","GTATTGGGTATCATGC-1_3_2"
"814","GTATTGGTCAATCCAG-1_3_2"
"815","GTATTTCAGCCTGTCG-1_3_2"
"816","GTATTTCGTGCTCTCT-1_3_2"
"817","GTATTTCTCAGACAAA-1_3_2"
"818","GTCAAACAGAGCCGAT-1_3_2"
"819","GTCAAACCAGCTGCCA-1_3_2"
"820","GTCAAGTAGATGAATC-1_3_2"
"821","GTCACGGCAGGCACAA-1_3_2"
"822","GTCACGGCATCGCTAA-1_3_2"
"823","GTCACGGCATGGCTGC-1_3_2"
"824","GTCACGGTCCGAGATT-1_3_2"
"825","GTCACTCTCAGTCCGG-1_3_2"
"826","GTCAGCGGTGGAATGC-1_3_2"
"827","GTCATCCCAATGCTCA-1_3_2"
"828","GTCATCCTCCTCAGGG-1_3_2"
"829","GTCATGACAAGGATGC-1_3_2"
"830","GTCATTTAGACGACTG-1_3_2"
"831","GTCATTTTCCGATTAG-1_3_2"
"832","GTCCACTAGACCAGAC-1_3_2"
"833","GTCCACTTCGATAACC-1_3_2"
"834","GTCCACTTCTTCCACG-1_3_2"
"835","GTCCCATCAGGGCTTC-1_3_2"
"836","GTCGAATGTAATTGGA-1_3_2"
"837","GTCGCGAAGGCCCGTT-1_3_2"
"838","GTCGCGACAGCAAGAC-1_3_2"
"839","GTCGCGAGTCGGCACT-1_3_2"
"840","GTCGTAACATGTTTGG-1_3_2"
"841","GTCTACCGTATCGCTA-1_3_2"
"842","GTCTAGAGTTAGCGGA-1_3_2"
"843","GTCTAGATCTCTCCGA-1_3_2"
"844","GTCTGTCCAATCGTCA-1_3_2"
"845","GTGACGCCAGTAGTTC-1_3_2"
"846","GTGAGCCAGTAAACGT-1_3_2"
"847","GTGAGGACAGACACCC-1_3_2"
"848","GTGAGGAGTACGTGTT-1_3_2"
"849","GTGAGTTAGAAGAACG-1_3_2"
"850","GTGAGTTCAATAGTAG-1_3_2"
"851","GTGCACGAGAGCAACC-1_3_2"
"852","GTGCACGCATGAAGGC-1_3_2"
"853","GTGCACGGTACTGCCG-1_3_2"
"854","GTGCACGGTTGACGGA-1_3_2"
"855","GTGCAGCAGGAAAGAC-1_3_2"
"856","GTGCGTGAGCCATATC-1_3_2"
"857","GTGCTTCAGAAAGCGA-1_3_2"
"858","GTGCTTCAGCGATGCA-1_3_2"
"859","GTGGAAGCAGCGTATT-1_3_2"
"860","GTGGAAGGTTGCCAAT-1_3_2"
"861","GTGGAAGTCAGCACCG-1_3_2"
"862","GTGGCGTAGCCGCACT-1_3_2"
"863","GTGGCGTCATCAGTGT-1_3_2"
"864","GTGGGAAAGAACCGCA-1_3_2"
"865","GTGGGAAGTAGTCCTA-1_3_2"
"866","GTGGTTAAGACTCCGC-1_3_2"
"867","GTGTCCTTCCACACCT-1_3_2"
"868","GTGTGGCAGAGAATCT-1_3_2"
"869","GTGTGGCCAGGCGTTC-1_3_2"
"870","GTGTGGCTCATCACCC-1_3_2"
"871","GTGTGGCTCCGTAATG-1_3_2"
"872","GTGTGGCTCCTATTTG-1_3_2"
"873","GTGTTAGAGAGGTCAC-1_3_2"
"874","GTTACAGGTCGAGATG-1_3_2"
"875","GTTACAGTCACACCGG-1_3_2"
"876","GTTACAGTCCTACACC-1_3_2"
"877","GTTACCCCACATACTG-1_3_2"
"878","GTTACCCCATCACGGC-1_3_2"
"879","GTTACGACATAACAGA-1_3_2"
"880","GTTACGAGTTAGGAGC-1_3_2"
"881","GTTACGATCAGACCCG-1_3_2"
"882","GTTAGACAGAGAGCGG-1_3_2"
"883","GTTAGACGTATGACAA-1_3_2"
"884","GTTATGGAGAAATCCA-1_3_2"
"885","GTTATGGCAAGACAAT-1_3_2"
"886","GTTCATTAGCACACCC-1_3_2"
"887","GTTCCGTCAGCTGTTA-1_3_2"
"888","GTTCGCTTCAACACGT-1_3_2"
"889","GTTGAACAGTTAGAAC-1_3_2"
"890","GTTGAACCAGCAGAAC-1_3_2"
"891","GTTGCTCTCCGTAGTA-1_3_2"
"892","GTTGTCCAGACCATGG-1_3_2"
"893","GTTGTGATCCTCTCGA-1_3_2"
"894","GTTGTGATCGATGCTA-1_3_2"
"895","GTTTACTCAACCGATT-1_3_2"
"896","GTTTGGACAGCACAGA-1_3_2"
"897","GTTTGGACATTGTAGC-1_3_2"
"898","GTTTGGATCTTTCCAA-1_3_2"
"899","TAACACGCAAGTCCCG-1_3_2"
"900","TAACACGCACTAGTAC-1_3_2"
"901","TAACGACTCACCTCGT-1_3_2"
"902","TAACTTCAGTCGCCCA-1_3_2"
"903","TAACTTCGTGCCGTAC-1_3_2"
"904","TAACTTCTCGACATTG-1_3_2"
"905","TAAGCACCACTACACA-1_3_2"
"906","TAAGCACGTTCTCTCG-1_3_2"
"907","TAAGCCAAGACGTCCC-1_3_2"
"908","TAAGCCAGTGATGGCA-1_3_2"
"909","TAAGCGTTCAGGTGTT-1_3_2"
"910","TAAGTCGTCCGACATA-1_3_2"
"911","TAATTCCAGATGCTGG-1_3_2"
"912","TAATTCCAGGTCGAGT-1_3_2"
"913","TAATTCCTCGCTTACC-1_3_2"
"914","TAATTCCTCTCACTCG-1_3_2"
"915","TACAACGCATCACGGC-1_3_2"
"916","TACACCCAGTTGCGCC-1_3_2"
"917","TACAGGTCAACAGCCC-1_3_2"
"918","TACAGGTGTATAGGAT-1_3_2"
"919","TACAGGTTCAGCCCAG-1_3_2"
"920","TACCCACAGCACCGTC-1_3_2"
"921","TACCCGTAGTCATCCA-1_3_2"
"922","TACCCGTCATCATCTT-1_3_2"
"923","TACCGAAGTTATCTGG-1_3_2"
"924","TACCTCGCAATGTCAC-1_3_2"
"925","TACGCTCAGATCGCCC-1_3_2"
"926","TACGCTCAGCCTTTGA-1_3_2"
"927","TACGGGCAGTGAGTGC-1_3_2"
"928","TACGGTACAAGATGGC-1_3_2"
"929","TACTGCCAGCCTCAAT-1_3_2"
"930","TACTGCCGTCGGTGTC-1_3_2"
"931","TACTGCCTCAACTCTT-1_3_2"
"932","TACTGCCTCTGTCTCG-1_3_2"
"933","TACTTACCAGGAATCG-1_3_2"
"934","TACTTACTCCTACCGT-1_3_2"
"935","TACTTACTCCTTATAC-1_3_2"
"936","TACTTCAGTTCTTCAT-1_3_2"
"937","TACTTGTAGTAACCTC-1_3_2"
"938","TAGACTGCATAACAGA-1_3_2"
"939","TAGACTGCATGGGCAA-1_3_2"
"940","TAGACTGGTATTGACC-1_3_2"
"941","TAGACTGGTGATATAG-1_3_2"
"942","TAGAGTCTCTACTTCA-1_3_2"
"943","TAGAGTCTCTCAGGCG-1_3_2"
"944","TAGATCGTCGCTACGG-1_3_2"
"945","TAGGAGGGTAAGCAAT-1_3_2"
"946","TAGGGTTGTGGATTTC-1_3_2"
"947","TAGTGCACATTCTGTT-1_3_2"
"948","TAGTGCAGTATTTCCT-1_3_2"
"949","TAGTGCAGTTGTGGAG-1_3_2"
"950","TAGTGCATCTGATTCT-1_3_2"
"951","TATACCTCAGTCACGC-1_3_2"
"952","TATATCCAGGATATGT-1_3_2"
"953","TATCCTACAGCGCTTG-1_3_2"
"954","TATCTTGTCGGACAAG-1_3_2"
"955","TATGTTCCAACTAGAA-1_3_2"
"956","TATTCCAGTCTTCGAA-1_3_2"
"957","TATTGCTGTCCAAGAG-1_3_2"
"958","TATTGGGAGCTGAAGC-1_3_2"
"959","TATTGGGCAGAGGGTT-1_3_2"
"960","TCAAGACCATTCGGGC-1_3_2"
"961","TCAAGACGTAGCTTTG-1_3_2"
"962","TCAAGCACAAGTGTCT-1_3_2"
"963","TCAAGCACATCCTTGC-1_3_2"
"964","TCAAGTGCAGCTATAC-1_3_2"
"965","TCAATCTCAGTATTCG-1_3_2"
"966","TCAATCTGTGTTCCTC-1_3_2"
"967","TCAATTCGTCATGGCC-1_3_2"
"968","TCAATTCGTCCGGATC-1_3_2"
"969","TCAATTCTCGTGCATA-1_3_2"
"970","TCACAAGCAAAGACGC-1_3_2"
"971","TCACAAGCATGTACGT-1_3_2"
"972","TCACAAGTCATCCTAT-1_3_2"
"973","TCACACCCAGACCAAG-1_3_2"
"974","TCACATTAGTAATACG-1_3_2"
"975","TCACATTTCCAACACA-1_3_2"
"976","TCACGGGCAGGAGACT-1_3_2"
"977","TCACGGGGTCTCAGAT-1_3_2"
"978","TCACTATCAAGTGGGT-1_3_2"
"979","TCACTATCACTGTGAT-1_3_2"
"980","TCACTCGTCGAAGCCC-1_3_2"
"981","TCACTCGTCGTCAAAC-1_3_2"
"982","TCAGCAACATATGAAG-1_3_2"
"983","TCAGCCTCAACCGACC-1_3_2"
"984","TCAGCCTGTTTGTTCT-1_3_2"
"985","TCAGGGCCACCTGCAG-1_3_2"
"986","TCAGGTATCCGAGGCT-1_3_2"
"987","TCAGTGAAGGTCATCT-1_3_2"
"988","TCAGTGAGTGTGTCGC-1_3_2"
"989","TCAGTGATCAAAGGTA-1_3_2"
"990","TCAGTGATCGTACACA-1_3_2"
"991","TCATACTGTCAGTCTA-1_3_2"
"992","TCATATCCATAGGTTC-1_3_2"
"993","TCATATCGTAACGCGA-1_3_2"
"994","TCATCATAGGTCCTGC-1_3_2"
"995","TCATCATTCCATTGCC-1_3_2"
"996","TCATCCGAGAAGGCTC-1_3_2"
"997","TCATCCGCAAATTGGA-1_3_2"
"998","TCATGAGTCCTCCACA-1_3_2"
"999","TCATGGATCTAGTTCT-1_3_2"
"1000","TCATGTTAGTGCACCC-1_3_2"
"1001","TCATGTTCAATAGAGT-1_3_2"
"1002","TCATGTTCAATATCCG-1_3_2"
"1003","TCATGTTGTTCTAAGC-1_3_2"
"1004","TCATTACAGTACCGGA-1_3_2"
"1005","TCATTGTGTCTTGTCC-1_3_2"
"1006","TCATTGTGTTCTATCT-1_3_2"
"1007","TCCAGAAAGACTACCT-1_3_2"
"1008","TCCAGAAGTCATCGGC-1_3_2"
"1009","TCCCACACATCTCAAG-1_3_2"
"1010","TCCCAGTCACTGGATT-1_3_2"
"1011","TCCCAGTCACTGGCGT-1_3_2"
"1012","TCCGAAAAGGCCCGTT-1_3_2"
"1013","TCCGAAAAGTCCCTAA-1_3_2"
"1014","TCCGAAATCCCTCTAG-1_3_2"
"1015","TCCGATCAGCGGGTTA-1_3_2"
"1016","TCCGATCGTTAGAAAC-1_3_2"
"1017","TCCGGGAGTCACTAGT-1_3_2"
"1018","TCCGTGTGTAGAGGAA-1_3_2"
"1019","TCCGTGTGTCGAACAG-1_3_2"
"1020","TCCTAATCAAACCATC-1_3_2"
"1021","TCCTAATGTACCGTGC-1_3_2"
"1022","TCCTCCCAGCCTCTCT-1_3_2"
"1023","TCCTCGAAGGCTCCCA-1_3_2"
"1024","TCCTCGAAGGTGATAT-1_3_2"
"1025","TCCTCTTAGTGGTTCT-1_3_2"
"1026","TCCTCTTCACAGCTTA-1_3_2"
"1027","TCCTCTTCACGAGGTA-1_3_2"
"1028","TCCTCTTGTCTAGATC-1_3_2"
"1029","TCCTTCTGTCACCCTT-1_3_2"
"1030","TCGAAGTCAATCTGCA-1_3_2"
"1031","TCGAAGTGTAGTTAGA-1_3_2"
"1032","TCGACCTGTTAATCGC-1_3_2"
"1033","TCGACCTTCGTAACAC-1_3_2"
"1034","TCGATTTAGATACCAA-1_3_2"
"1035","TCGATTTCAATGAGCG-1_3_2"
"1036","TCGATTTTCACTAGCA-1_3_2"
"1037","TCGATTTTCAGTGTGT-1_3_2"
"1038","TCGCAGGCAGGGTCTC-1_3_2"
"1039","TCGCTCAAGATGACCG-1_3_2"
"1040","TCGCTCAGTCACTCGG-1_3_2"
"1041","TCGCTCAGTGTGTCGC-1_3_2"
"1042","TCGCTCATCATTGGTG-1_3_2"
"1043","TCGCTTGAGCTGCGAA-1_3_2"
"1044","TCGCTTGCACCCAAGC-1_3_2"
"1045","TCGCTTGGTCGGAAAC-1_3_2"
"1046","TCGCTTGTCTAGGCAT-1_3_2"
"1047","TCGGGCAGTGACTGTT-1_3_2"
"1048","TCGGGTGCACTTTAGG-1_3_2"
"1049","TCGTAGAAGTATGCAA-1_3_2"
"1050","TCGTAGACATAATGCC-1_3_2"
"1051","TCGTAGAGTGTTCAGT-1_3_2"
"1052","TCTAACTAGACCAAAT-1_3_2"
"1053","TCTAACTAGGCGTTGA-1_3_2"
"1054","TCTACATAGTATGGAT-1_3_2"
"1055","TCTATACCATCGATGT-1_3_2"
"1056","TCTCACGTCAAATAGG-1_3_2"
"1057","TCTCCGACAACTGCCG-1_3_2"
"1058","TCTCCGACAAGTGATA-1_3_2"
"1059","TCTCCGACACACGTGC-1_3_2"
"1060","TCTCCGACAGAGGTAC-1_3_2"
"1061","TCTCCGACATCATTTC-1_3_2"
"1062","TCTCTGGTCCCTCAAC-1_3_2"
"1063","TCTGCCATCACCTCGT-1_3_2"
"1064","TCTGGCTTCGATTGAC-1_3_2"
"1065","TCTTAGTGTCGTGGAA-1_3_2"
"1066","TCTTCCTCACAAATCC-1_3_2"
"1067","TCTTCCTCATATGCGT-1_3_2"
"1068","TCTTCCTGTGTCATTG-1_3_2"
"1069","TCTTCCTTCTGAGTCA-1_3_2"
"1070","TCTTTGAAGTGTACAA-1_3_2"
"1071","TCTTTGACAACCAACT-1_3_2"
"1072","TCTTTGACATAACGGG-1_3_2"
"1073","TCTTTGAGTGGCTACC-1_3_2"
"1074","TCTTTGATCGAAATCC-1_3_2"
"1075","TCTTTGATCGTAGCTA-1_3_2"
"1076","TGAACGTCAGAATGTA-1_3_2"
"1077","TGAATCGCACGCGCTA-1_3_2"
"1078","TGAATGCTCCGTATAG-1_3_2"
"1079","TGACAGTCAGTTGCGC-1_3_2"
"1080","TGACCCTCACGAAGAC-1_3_2"
"1081","TGACGCGAGGATGTTA-1_3_2"
"1082","TGACTCCCACATGTTG-1_3_2"
"1083","TGACTCCTCGCCATAA-1_3_2"
"1084","TGACTCCTCGCCGATG-1_3_2"
"1085","TGAGACTAGCCACCGT-1_3_2"
"1086","TGAGACTTCTTGCGCT-1_3_2"
"1087","TGAGCGCCAAATGAGT-1_3_2"
"1088","TGAGGAGAGGATTCCT-1_3_2"
"1089","TGAGGGACATTCTGTT-1_3_2"
"1090","TGAGTCAAGCAACCAG-1_3_2"
"1091","TGATCAGCACCTCGTT-1_3_2"
"1092","TGATCAGGTCCTGTCT-1_3_2"
"1093","TGATCTTTCCGATCGG-1_3_2"
"1094","TGATGGTAGTAGCCAG-1_3_2"
"1095","TGATGGTGTAGGTTTC-1_3_2"
"1096","TGATGGTGTGACACGA-1_3_2"
"1097","TGATTCTTCAGACCGC-1_3_2"
"1098","TGATTTCAGCCTGAAG-1_3_2"
"1099","TGCACGGAGGCACTAG-1_3_2"
"1100","TGCAGATAGTGGCCTC-1_3_2"
"1101","TGCAGTATCCTGCCAT-1_3_2"
"1102","TGCATGATCTTTCTAG-1_3_2"
"1103","TGCCGAGGTGTACGCC-1_3_2"
"1104","TGCGACGCAGCTATAC-1_3_2"
"1105","TGCGACGGTATGAGCG-1_3_2"
"1106","TGCGATAAGGCAGGTT-1_3_2"
"1107","TGCGGCAAGTAAACGT-1_3_2"
"1108","TGCGGCACATGTTCAG-1_3_2"
"1109","TGCGGCATCCGCACGA-1_3_2"
"1110","TGCTCGTAGTTGGAGC-1_3_2"
"1111","TGCTCGTCAAGCGGAT-1_3_2"
"1112","TGCTCGTGTCTTACAG-1_3_2"
"1113","TGCTGAAGTATCCTCC-1_3_2"
"1114","TGCTTCGAGCTGTACT-1_3_2"
"1115","TGCTTCGCATGGAGAC-1_3_2"
"1116","TGGAGAGCAATTAGGA-1_3_2"
"1117","TGGAGAGGTCCAGCCA-1_3_2"
"1118","TGGATGTCAACACACT-1_3_2"
"1119","TGGATGTCAGAGAATT-1_3_2"
"1120","TGGATGTCATGGGAAC-1_3_2"
"1121","TGGCGTGAGACCCGCT-1_3_2"
"1122","TGGCGTGCATAATGAG-1_3_2"
"1123","TGGGAAGCATGGGATG-1_3_2"
"1124","TGGGAGAGTAGTTAGA-1_3_2"
"1125","TGGGATTAGCATCCTA-1_3_2"
"1126","TGGGATTAGGCTCTCG-1_3_2"
"1127","TGGGATTCATCGGAAG-1_3_2"
"1128","TGGGATTTCAAGCCGC-1_3_2"
"1129","TGGGCGTTCGTTCAGA-1_3_2"
"1130","TGGGCTGCAGAAATCA-1_3_2"
"1131","TGGGTTAGTCGAACAG-1_3_2"
"1132","TGGTACAGTAGCCAGA-1_3_2"
"1133","TGGTAGTTCCGCTGTT-1_3_2"
"1134","TGGTGATAGGATTTAG-1_3_2"
"1135","TGGTGATGTCGTGGTC-1_3_2"
"1136","TGTAACGAGGAGGGTG-1_3_2"
"1137","TGTAACGAGTGGAATT-1_3_2"
"1138","TGTAACGCACCGGCTA-1_3_2"
"1139","TGTAACGTCGTCTAAG-1_3_2"
"1140","TGTAAGCAGGTAAACT-1_3_2"
"1141","TGTAAGCTCAGAGCAG-1_3_2"
"1142","TGTACAGCAGTAGATA-1_3_2"
"1143","TGTAGACCAAAGGCTG-1_3_2"
"1144","TGTAGACGTCGCTTGG-1_3_2"
"1145","TGTCAGACAAGTCCAT-1_3_2"
"1146","TGTCCACCAGCCGTCA-1_3_2"
"1147","TGTCCACGTAATGCTC-1_3_2"
"1148","TGTCCCACATTGGATC-1_3_2"
"1149","TGTCCCATCCAAACCA-1_3_2"
"1150","TGTGAGTTCATTGCCC-1_3_2"
"1151","TGTGAGTTCCACTAGA-1_3_2"
"1152","TGTGATGAGATGCGAC-1_3_2"
"1153","TGTGGCGCATAGGAGC-1_3_2"
"1154","TGTGTGAAGCTGTCCG-1_3_2"
"1155","TGTGTGATCATACGAC-1_3_2"
"1156","TGTTACTGTTTAGACC-1_3_2"
"1157","TGTTCATCAAAGGGCT-1_3_2"
"1158","TGTTCCGCAACAGATA-1_3_2"
"1159","TGTTCTAAGTAATCCC-1_3_2"
"1160","TGTTCTAGTTATTCCT-1_3_2"
"1161","TGTTGAGAGGATTTCC-1_3_2"
"1162","TGTTGAGGTGTTGAGG-1_3_2"
"1163","TGTTGGAAGCACTGGA-1_3_2"
"1164","TGTTGGATCACCGGGT-1_3_2"
"1165","TGTTTGTCACAACATC-1_3_2"
"1166","TGTTTGTCAGCGTGAA-1_3_2"
"1167","TGTTTGTGTTCCCACT-1_3_2"
"1168","TTAATCCAGACATAGT-1_3_2"
"1169","TTAATCCAGTACTGTC-1_3_2"
"1170","TTAATCCGTAACATAG-1_3_2"
"1171","TTACAGGTCCACTGGG-1_3_2"
"1172","TTACCGCAGTCCCAGC-1_3_2"
"1173","TTACCGCCAGCATGCC-1_3_2"
"1174","TTACGCCAGCCTCTCT-1_3_2"
"1175","TTACGCCCAGGCTTGC-1_3_2"
"1176","TTACGCCTCACATCAG-1_3_2"
"1177","TTACGCCTCTATCGGA-1_3_2"
"1178","TTACGTTCAAATGATG-1_3_2"
"1179","TTACGTTCATGAAGCG-1_3_2"
"1180","TTACTGTCACAACATC-1_3_2"
"1181","TTACTGTTCTGGGCCA-1_3_2"
"1182","TTAGGCATCCCTCAAC-1_3_2"
"1183","TTAGGGTAGCGTGAAC-1_3_2"
"1184","TTAGGGTAGTTGCGCC-1_3_2"
"1185","TTAGGGTCATCAGCGC-1_3_2"
"1186","TTAGGGTTCAGCTTCC-1_3_2"
"1187","TTAGTCTCACCGTCTT-1_3_2"
"1188","TTATTGCAGCTGACAG-1_3_2"
"1189","TTATTGCGTGATAGAT-1_3_2"
"1190","TTCAATCGTAGACTGG-1_3_2"
"1191","TTCACCGCAAATTAGG-1_3_2"
"1192","TTCACCGGTTTGTTCT-1_3_2"
"1193","TTCACCGTCAACTGAC-1_3_2"
"1194","TTCACGCCATCGTGGC-1_3_2"
"1195","TTCACGCGTAGGGTAC-1_3_2"
"1196","TTCATGTAGTTGGACG-1_3_2"
"1197","TTCATTGAGGAACTCG-1_3_2"
"1198","TTCATTGCAGGGACTA-1_3_2"
"1199","TTCATTGTCTCTATGT-1_3_2"
"1200","TTCATTGTCTTACGGA-1_3_2"
"1201","TTCCACGAGGGATGTC-1_3_2"
"1202","TTCCACGAGTATGCAA-1_3_2"
"1203","TTCCACGGTACGTGTT-1_3_2"
"1204","TTCCGGTAGAACGTGC-1_3_2"
"1205","TTCCGGTCATATTCGG-1_3_2"
"1206","TTCCGGTGTACGTGAG-1_3_2"
"1207","TTCCGGTGTGGACTAG-1_3_2"
"1208","TTCCTAACACAAATGA-1_3_2"
"1209","TTCCTAACACACAGAG-1_3_2"
"1210","TTCCTAAGTTGGATCT-1_3_2"
"1211","TTCCTTCCAGCACAAG-1_3_2"
"1212","TTCCTTCGTTGCGTAT-1_3_2"
"1213","TTCCTTCTCTTGGGCG-1_3_2"
"1214","TTCGCTGCATTGAGCT-1_3_2"
"1215","TTCTTGAGTAAGTTGA-1_3_2"
"1216","TTCTTGATCGAAGCCC-1_3_2"
"1217","TTGAACGCAGGATGAC-1_3_2"
"1218","TTGACCCAGGTCCTGC-1_3_2"
"1219","TTGACCCTCGAGCCAC-1_3_2"
"1220","TTGAGTGCAGAACATA-1_3_2"
"1221","TTGAGTGGTAAGCTCT-1_3_2"
"1222","TTGATGGAGACATATG-1_3_2"
"1223","TTGATGGCAGGCACAA-1_3_2"
"1224","TTGCATTAGACGACGT-1_3_2"
"1225","TTGCATTGTCCATCTC-1_3_2"
"1226","TTGCATTGTTGCATTG-1_3_2"
"1227","TTGCATTTCAGTGCGC-1_3_2"
"1228","TTGCATTTCCTTCTAA-1_3_2"
"1229","TTGCTGCAGCCGATAG-1_3_2"
"1230","TTGCTGCAGGATAATC-1_3_2"
"1231","TTGCTGCCATGCGGTC-1_3_2"
"1232","TTGGGCGCACTGGATT-1_3_2"
"1233","TTGGGCGTCGGTGAAG-1_3_2"
"1234","TTGGTTTAGCGTGCTC-1_3_2"
"1235","TTGGTTTAGGGTGAAA-1_3_2"
"1236","TTGGTTTTCCCTCAAC-1_3_2"
"1237","TTGTGGATCTGGGCGT-1_3_2"
"1238","TTGTGTTCACTCATAG-1_3_2"
"1239","TTGTGTTTCGCGATCG-1_3_2"
"1240","TTGTTCAAGCGACTAG-1_3_2"
"1241","TTGTTGTCACTACAGT-1_3_2"
"1242","TTGTTGTCAGCTGTGC-1_3_2"
"1243","TTGTTGTCATAGTCGT-1_3_2"
"1244","TTGTTGTTCGAAATCC-1_3_2"
"1245","TTGTTTGAGACGACTG-1_3_2"
"1246","TTGTTTGAGTTGGCTT-1_3_2"
"1247","TTGTTTGCACTGGCCA-1_3_2"
"1248","TTTACCATCCGCGATG-1_3_2"
"1249","TTTACCATCGCTTTAT-1_3_2"
"1250","TTTACGTCAGGACGAT-1_3_2"
"1251","TTTACGTGTGCACGCT-1_3_2"
"1252","TTTACGTGTTGCGAAG-1_3_2"
"1253","TTTACTGAGAAATTGC-1_3_2"
"1254","TTTAGTCAGTGCAACG-1_3_2"
"1255","TTTCACACAGTAACGG-1_3_2"
"1256","TTTCATGAGGTCATAA-1_3_2"
"1257","TTTCCTCCAATTGAAG-1_3_2"
"1258","TTTCGATCAGCTGTTA-1_3_2"
"1259","TTTCGATTCACTGATG-1_3_2"
"1260","TTTGACTCACGCCACA-1_3_2"
"1261","TTTGACTGTTGTGCCG-1_3_2"
"1262","TTTGATCAGGAACTAT-1_3_2"
"1263","TTTGATCGTTTGGCTA-1_3_2"
"1264","TTTGTTGGTACCAATC-1_3_2"
