"","x"
"1","AAACCCACATGGAATA-1_1_1"
"2","AAACCCACATTGTCGA-1_1_1"
"3","AAACGAACAGCCGTTG-1_1_1"
"4","AAACGAAGTCGAGCAA-1_1_1"
"5","AAACGAATCGTTAGTG-1_1_1"
"6","AAACGCTTCTCCGATC-1_1_1"
"7","AAACGCTTCTTTCGAT-1_1_1"
"8","AAAGAACAGGTCGTAG-1_1_1"
"9","AAAGAACCAGTGTATC-1_1_1"
"10","AAAGAACGTAATTGGA-1_1_1"
"11","AAAGGATAGTACCGGA-1_1_1"
"12","AAAGGGCAGACCTCCG-1_1_1"
"13","AAAGGGCAGAGGTATT-1_1_1"
"14","AAAGGGCGTATTGACC-1_1_1"
"15","AAAGGGCTCTATTCGT-1_1_1"
"16","AAAGGTAGTGAGATCG-1_1_1"
"17","AAAGGTATCAGACCTA-1_1_1"
"18","AAAGTCCAGAAGTCAT-1_1_1"
"19","AAAGTCCCAACTCGAT-1_1_1"
"20","AAAGTCCGTGACCGTC-1_1_1"
"21","AAAGTGACAGCGACAA-1_1_1"
"22","AAATGGACAATTGCCA-1_1_1"
"23","AAATGGATCAGACAAA-1_1_1"
"24","AACAAAGAGTAGCATA-1_1_1"
"25","AACAAAGGTGAATGAT-1_1_1"
"26","AACAAAGGTGTCTCCT-1_1_1"
"27","AACAAAGTCTGCATGA-1_1_1"
"28","AACAACCCACACCTGG-1_1_1"
"29","AACAACCCAGATCACT-1_1_1"
"30","AACAACCGTCGTCTCT-1_1_1"
"31","AACAAGACAGGTCTCG-1_1_1"
"32","AACAAGAGTCGCACGT-1_1_1"
"33","AACAAGAGTCGCATTA-1_1_1"
"34","AACACACCAATAGTGA-1_1_1"
"35","AACACACCACTACGGC-1_1_1"
"36","AACACACCATCAACCA-1_1_1"
"37","AACACACTCCCGAATA-1_1_1"
"38","AACAGGGCATGACAGG-1_1_1"
"39","AACAGGGGTGCCCACA-1_1_1"
"40","AACAGGGGTTTAGAGA-1_1_1"
"41","AACCAACGTCTACACA-1_1_1"
"42","AACCAACTCTGAGGTT-1_1_1"
"43","AACCACAAGACCCGCT-1_1_1"
"44","AACCACAAGGATGCGT-1_1_1"
"45","AACCACACAACCGACC-1_1_1"
"46","AACCATGAGGTCATCT-1_1_1"
"47","AACCATGCAAATGGTA-1_1_1"
"48","AACCATGTCCTCTCTT-1_1_1"
"49","AACCCAAGTTCGTACA-1_1_1"
"50","AACCCAATCACGGAGA-1_1_1"
"51","AACCTGAAGAGGTCGT-1_1_1"
"52","AACCTGAAGGATTCCT-1_1_1"
"53","AACCTGACACACCTGG-1_1_1"
"54","AACCTGATCAAGCGTT-1_1_1"
"55","AACCTGATCACAGTGT-1_1_1"
"56","AACCTTTGTACCTATG-1_1_1"
"57","AACCTTTGTCCATACA-1_1_1"
"58","AACCTTTGTGATAGAT-1_1_1"
"59","AACCTTTGTTACAGCT-1_1_1"
"60","AACGAAAGTGCACAAG-1_1_1"
"61","AACGAAAGTGGCTGCT-1_1_1"
"62","AACGAAATCGCATGAT-1_1_1"
"63","AACGAAATCGTCGGGT-1_1_1"
"64","AACGGGATCCAAACCA-1_1_1"
"65","AACGGGATCCTGGTCT-1_1_1"
"66","AACGGGATCTGTCGCT-1_1_1"
"67","AACGTCAAGTAGGTTA-1_1_1"
"68","AACTTCTCACCCTTAC-1_1_1"
"69","AAGAACAAGTGCACAG-1_1_1"
"70","AAGAACACACCAGCCA-1_1_1"
"71","AAGAACACATCGCTCT-1_1_1"
"72","AAGAACACATGTGTCA-1_1_1"
"73","AAGAACATCCGAACGC-1_1_1"
"74","AAGACAACAGCGTTTA-1_1_1"
"75","AAGACAACAGTACTAC-1_1_1"
"76","AAGACAAGTCCTTGTC-1_1_1"
"77","AAGACAAGTGCTCCGA-1_1_1"
"78","AAGACAATCTGTTCAT-1_1_1"
"79","AAGACTCAGTCCCGAC-1_1_1"
"80","AAGACTCGTAGTAAGT-1_1_1"
"81","AAGACTCGTGTATACC-1_1_1"
"82","AAGACTCTCTGGGATT-1_1_1"
"83","AAGATAGAGCGCTGAA-1_1_1"
"84","AAGATAGAGTTTGCTG-1_1_1"
"85","AAGATAGGTCCCACGA-1_1_1"
"86","AAGATAGTCGGCCCAA-1_1_1"
"87","AAGCATCGTAACACCT-1_1_1"
"88","AAGCCATAGATGCAGC-1_1_1"
"89","AAGCCATTCGATCCCT-1_1_1"
"90","AAGCGAGAGCATCTTG-1_1_1"
"91","AAGCGAGCAGGTCCGT-1_1_1"
"92","AAGCGTTCAAAGCACG-1_1_1"
"93","AAGCGTTCATGGCTAT-1_1_1"
"94","AAGGAATTCAGCCCAG-1_1_1"
"95","AAGGTAAGTAGAGGAA-1_1_1"
"96","AAGGTAAGTCAGACGA-1_1_1"
"97","AAGGTAAGTGGATCGA-1_1_1"
"98","AAGGTAATCAGTAGGG-1_1_1"
"99","AAGTACCAGCAAATCA-1_1_1"
"100","AAGTACCCACAGTCGC-1_1_1"
"101","AAGTCGTCAGGGATAC-1_1_1"
"102","AAGTGAAAGTTGTACC-1_1_1"
"103","AAGTGAATCAGGGTAG-1_1_1"
"104","AAGTGAATCGTGTGGC-1_1_1"
"105","AATAGAGGTATGGAGC-1_1_1"
"106","AATAGAGTCAATGCAC-1_1_1"
"107","AATAGAGTCGATAACC-1_1_1"
"108","AATCACGCAATGTGGG-1_1_1"
"109","AATCACGCACTGCACG-1_1_1"
"110","AATCACGGTATACCTG-1_1_1"
"111","AATCACGGTCTTCATT-1_1_1"
"112","AATCACGGTTTGCCGG-1_1_1"
"113","AATCACGTCCCTTTGG-1_1_1"
"114","AATCGACCAACTGGTT-1_1_1"
"115","AATCGACCAAGTGGCA-1_1_1"
"116","AATCGACCAGTTTCGA-1_1_1"
"117","AATCGACCATACCATG-1_1_1"
"118","AATCGACGTTCGGACC-1_1_1"
"119","AATCGACTCCTAAACG-1_1_1"
"120","AATCGTGAGCTAGAGC-1_1_1"
"121","AATCGTGAGTAACCTC-1_1_1"
"122","AATCGTGGTAACATAG-1_1_1"
"123","AATGAAGCAAATGAGT-1_1_1"
"124","AATGAAGTCATCCTAT-1_1_1"
"125","AATGACCAGATGTAGT-1_1_1"
"126","AATGACCAGCTGACAG-1_1_1"
"127","AATGACCAGGACAACC-1_1_1"
"128","AATGACCCACCATAAC-1_1_1"
"129","AATGACCGTGGTTTGT-1_1_1"
"130","AATGCCAAGTTGAATG-1_1_1"
"131","AATGCCACAATGCAAA-1_1_1"
"132","AATGCCATCAACGTGT-1_1_1"
"133","AATGCCATCATCGTAG-1_1_1"
"134","AATGGAAAGAGGCGTT-1_1_1"
"135","AATGGCTAGCTAAGTA-1_1_1"
"136","AATGGCTCACTCCCTA-1_1_1"
"137","AATGGCTCAGTATGAA-1_1_1"
"138","AATGGCTGTGACGTCC-1_1_1"
"139","AATTCCTTCAACCGAT-1_1_1"
"140","AATTCCTTCAAGAGGC-1_1_1"
"141","AATTTCCCAGCGTTTA-1_1_1"
"142","AATTTCCTCGGACAAG-1_1_1"
"143","ACAAAGACAGCATTGT-1_1_1"
"144","ACAAAGAGTATCGCGC-1_1_1"
"145","ACAAAGATCGGTATGT-1_1_1"
"146","ACAACCACAGACTCTA-1_1_1"
"147","ACAACCATCAACACCA-1_1_1"
"148","ACAAGCTAGGACAGCT-1_1_1"
"149","ACAAGCTCAAAGAACT-1_1_1"
"150","ACAAGCTCACACCTAA-1_1_1"
"151","ACAAGCTTCTTCGTAT-1_1_1"
"152","ACACAGTAGTCCCAGC-1_1_1"
"153","ACACAGTCAACTCGAT-1_1_1"
"154","ACACAGTGTACTGACT-1_1_1"
"155","ACACAGTGTGTGTGGA-1_1_1"
"156","ACACCAAAGCAGCCCT-1_1_1"
"157","ACACCAACACGTGAGA-1_1_1"
"158","ACACCAATCTCTGGTC-1_1_1"
"159","ACACGCGAGATTGGGC-1_1_1"
"160","ACACGCGCACTCACTC-1_1_1"
"161","ACACGCGGTAGCTTAC-1_1_1"
"162","ACACTGATCCGTGGGT-1_1_1"
"163","ACACTGATCGTGGGTC-1_1_1"
"164","ACACTGATCTAGAGCT-1_1_1"
"165","ACAGAAAAGGACGCAT-1_1_1"
"166","ACAGAAACACCTCTGT-1_1_1"
"167","ACAGAAACAGCCGTCA-1_1_1"
"168","ACAGAAAGTTCTTGTT-1_1_1"
"169","ACAGCCGAGTACCGGA-1_1_1"
"170","ACAGGGACACATATCG-1_1_1"
"171","ACAGGGAGTCAAACGG-1_1_1"
"172","ACAGGGAGTGGAACAC-1_1_1"
"173","ACATCCCGTCACCGCA-1_1_1"
"174","ACATCCCTCATAGAGA-1_1_1"
"175","ACATCGAGTATTGAGA-1_1_1"
"176","ACATCGAGTCCAAAGG-1_1_1"
"177","ACATCGAGTTCTCTCG-1_1_1"
"178","ACATCGATCAGTGGGA-1_1_1"
"179","ACATCGATCCTAAACG-1_1_1"
"180","ACATGCAAGACTCCGC-1_1_1"
"181","ACATGCACAGAAGTTA-1_1_1"
"182","ACATGCAGTGTCCGGT-1_1_1"
"183","ACATGCATCCAAATGC-1_1_1"
"184","ACATTTCCAGACACCC-1_1_1"
"185","ACATTTCTCGGTTGTA-1_1_1"
"186","ACCAAACAGATGCTGG-1_1_1"
"187","ACCAAACAGTCTGTAC-1_1_1"
"188","ACCAAACCATGGGTTT-1_1_1"
"189","ACCAAACGTGTCACAT-1_1_1"
"190","ACCAAACTCATAGCAC-1_1_1"
"191","ACCAAACTCGGCTATA-1_1_1"
"192","ACCAACAGTTCTCGTC-1_1_1"
"193","ACCAACAGTTGCAACT-1_1_1"
"194","ACCAACATCCGAAGGA-1_1_1"
"195","ACCAACATCGTCACCT-1_1_1"
"196","ACCATTTGTTTCGTGA-1_1_1"
"197","ACCATTTTCAATGTCG-1_1_1"
"198","ACCCAAAAGTAAACTG-1_1_1"
"199","ACCCAAACAAGTCCAT-1_1_1"
"200","ACCCAAAGTTCTTCAT-1_1_1"
"201","ACCCAAATCGTAGCTA-1_1_1"
"202","ACCCAAATCTTCGGTC-1_1_1"
"203","ACCCTTGAGCTCCGAC-1_1_1"
"204","ACCCTTGAGTCAATCC-1_1_1"
"205","ACCCTTGTCGATTCCC-1_1_1"
"206","ACCCTTGTCTAACACG-1_1_1"
"207","ACCGTTCAGAAGCGCT-1_1_1"
"208","ACCGTTCGTACGCTAT-1_1_1"
"209","ACCGTTCGTACTGTTG-1_1_1"
"210","ACCTACCAGGCTCTAT-1_1_1"
"211","ACCTACCCAGAATGTA-1_1_1"
"212","ACCTACCCATCTGGGC-1_1_1"
"213","ACCTACCGTGTCTTAG-1_1_1"
"214","ACCTACCTCGAAATCC-1_1_1"
"215","ACCTGAAAGATGAATC-1_1_1"
"216","ACCTGAACAATGCAAA-1_1_1"
"217","ACCTGAAGTTTACGTG-1_1_1"
"218","ACCTGTCCACGCGTGT-1_1_1"
"219","ACCTGTCGTTACCCAA-1_1_1"
"220","ACGATCAAGGGATCAC-1_1_1"
"221","ACGATCACAATGTTGC-1_1_1"
"222","ACGATCACACAGTCGC-1_1_1"
"223","ACGATCACACGGTGTC-1_1_1"
"224","ACGATCAGTACAAGCG-1_1_1"
"225","ACGATCATCAGGAGAC-1_1_1"
"226","ACGATCATCTACCTTA-1_1_1"
"227","ACGATGTAGACAGCTG-1_1_1"
"228","ACGATGTGTATCGAAA-1_1_1"
"229","ACGATGTTCTCCACTG-1_1_1"
"230","ACGCACGCACACACTA-1_1_1"
"231","ACGGAAGGTACAAGCG-1_1_1"
"232","ACGGGTCGTACGTGAG-1_1_1"
"233","ACGGGTCTCACCCTGT-1_1_1"
"234","ACGGTCGAGGATTTGA-1_1_1"
"235","ACGGTCGTCTCGACCT-1_1_1"
"236","ACGGTTAAGCGACAGT-1_1_1"
"237","ACGGTTAGTTACGCCG-1_1_1"
"238","ACGTAACAGCCGCACT-1_1_1"
"239","ACGTAACGTACATTGC-1_1_1"
"240","ACGTACAAGTCGCGAA-1_1_1"
"241","ACGTACACAACACGAG-1_1_1"
"242","ACGTACAGTCCTGTTC-1_1_1"
"243","ACGTACAGTTAGAAAC-1_1_1"
"244","ACGTAGTCATGCGTGC-1_1_1"
"245","ACGTCCTGTAACATGA-1_1_1"
"246","ACGTTCCCATAGAAAC-1_1_1"
"247","ACGTTCCGTCCAAAGG-1_1_1"
"248","ACGTTCCGTGACGTCC-1_1_1"
"249","ACGTTCCGTTATGTGC-1_1_1"
"250","ACGTTCCTCCGATAAC-1_1_1"
"251","ACTACGACAAGAGAGA-1_1_1"
"252","ACTACGATCATCACCC-1_1_1"
"253","ACTACGATCCTTCGAC-1_1_1"
"254","ACTACGATCTGTCAGA-1_1_1"
"255","ACTATTCCAGCTACCG-1_1_1"
"256","ACTATTCGTATACCTG-1_1_1"
"257","ACTCCCAAGCTGCCTG-1_1_1"
"258","ACTCCCAGTTGACTAC-1_1_1"
"259","ACTCTCGAGGTCACAG-1_1_1"
"260","ACTCTCGCATCCGTGG-1_1_1"
"261","ACTCTCGTCACCTCTG-1_1_1"
"262","ACTCTCGTCAGTCATG-1_1_1"
"263","ACTCTCGTCCCTTGTG-1_1_1"
"264","ACTGCAACAATCGCCG-1_1_1"
"265","ACTGTCCAGCCTCTCT-1_1_1"
"266","ACTGTCCAGTGTTCCA-1_1_1"
"267","ACTGTCCCAGCCGTCA-1_1_1"
"268","ACTGTCCCATCCTTGC-1_1_1"
"269","ACTGTCCTCATTATCC-1_1_1"
"270","ACTGTGAAGCTGGCCT-1_1_1"
"271","ACTGTGACAATTGGTC-1_1_1"
"272","ACTGTGACATTGTCGA-1_1_1"
"273","ACTGTGAGTATGAGGC-1_1_1"
"274","ACTTAGGGTAATCAGA-1_1_1"
"275","ACTTAGGGTAGCACAG-1_1_1"
"276","ACTTATCCAAGTGTCT-1_1_1"
"277","ACTTATCCACCATAAC-1_1_1"
"278","ACTTATCTCGCCGTGA-1_1_1"
"279","ACTTCCGAGCACCTGC-1_1_1"
"280","ACTTCCGAGCCTCAAT-1_1_1"
"281","ACTTCCGAGTTGGAGC-1_1_1"
"282","ACTTCGCAGAGCAAGA-1_1_1"
"283","ACTTTCAAGCGGACAT-1_1_1"
"284","ACTTTCAAGCGGGTTA-1_1_1"
"285","ACTTTCACAAGATGGC-1_1_1"
"286","ACTTTCAGTTCTGACA-1_1_1"
"287","ACTTTCATCCCGTAAA-1_1_1"
"288","ACTTTGTGTGTGAGCA-1_1_1"
"289","AGAAATGCAAACTAAG-1_1_1"
"290","AGAAATGTCGTTGCCT-1_1_1"
"291","AGAACAAAGAGTGGCT-1_1_1"
"292","AGAACAAGTGCTCGTG-1_1_1"
"293","AGAACAAGTTGCGGAA-1_1_1"
"294","AGAACAATCATAGCAC-1_1_1"
"295","AGAACCTCATCAGTGT-1_1_1"
"296","AGAACCTGTCCTTTGC-1_1_1"
"297","AGAAGCGCACGGCACT-1_1_1"
"298","AGAAGTAAGTATCCTG-1_1_1"
"299","AGAAGTACAGGTGAGT-1_1_1"
"300","AGAAGTAGTCATAACC-1_1_1"
"301","AGACAAAGTCATGGCC-1_1_1"
"302","AGACAAAGTGTAGGAC-1_1_1"
"303","AGACAAATCTTTCCAA-1_1_1"
"304","AGACACTAGGCCTAAG-1_1_1"
"305","AGACACTCAAGAGGCT-1_1_1"
"306","AGACACTCATGCCGAC-1_1_1"
"307","AGACACTGTCGCTTAA-1_1_1"
"308","AGACACTTCATTGCTT-1_1_1"
"309","AGACACTTCCACGTGG-1_1_1"
"310","AGACAGGAGAGATTCA-1_1_1"
"311","AGACAGGAGCAGGCTA-1_1_1"
"312","AGACAGGCACAGCCTG-1_1_1"
"313","AGACAGGCAGATACCT-1_1_1"
"314","AGACAGGGTGACTGAG-1_1_1"
"315","AGACCATCAACAGTGG-1_1_1"
"316","AGACCATCACTAGAGG-1_1_1"
"317","AGACCATGTCGTCTCT-1_1_1"
"318","AGACCATTCCTGATAG-1_1_1"
"319","AGACCATTCGAGCCAC-1_1_1"
"320","AGACCCGCATCCAATG-1_1_1"
"321","AGACCCGGTATAGCTC-1_1_1"
"322","AGACCCGGTTCACGAT-1_1_1"
"323","AGACTCAAGACCTCCG-1_1_1"
"324","AGACTCAAGGGCCCTT-1_1_1"
"325","AGACTCAAGTGCAGCA-1_1_1"
"326","AGACTCACAAATGGTA-1_1_1"
"327","AGACTCAGTACCTGTA-1_1_1"
"328","AGACTCATCAAAGCCT-1_1_1"
"329","AGAGAATGTATGGTTC-1_1_1"
"330","AGAGAATGTCTCAGGC-1_1_1"
"331","AGAGAATTCAAGCTTG-1_1_1"
"332","AGAGAGCAGTGGTGAC-1_1_1"
"333","AGAGAGCTCCAGTGTA-1_1_1"
"334","AGAGCAGAGGCCTGAA-1_1_1"
"335","AGAGCAGGTCAGGTGA-1_1_1"
"336","AGAGCAGGTCTCAAGT-1_1_1"
"337","AGAGCAGGTGTTGATC-1_1_1"
"338","AGAGCCCAGGAAAGAC-1_1_1"
"339","AGAGCCCAGTCACTCA-1_1_1"
"340","AGAGCCCTCCGTTGGG-1_1_1"
"341","AGATAGAAGCATCAGG-1_1_1"
"342","AGATAGAGTTCGGACC-1_1_1"
"343","AGATAGATCCCTTGGT-1_1_1"
"344","AGATCCAAGAGGGTGG-1_1_1"
"345","AGATCCACAAATGGAT-1_1_1"
"346","AGATCCACAAGGCTTT-1_1_1"
"347","AGATCCACAGCTATAC-1_1_1"
"348","AGATCCATCTAGTCAG-1_1_1"
"349","AGATCGTGTGTACATC-1_1_1"
"350","AGATCGTTCTGACGCG-1_1_1"
"351","AGATGAAAGGAAAGGT-1_1_1"
"352","AGATGAACAGCTGCCA-1_1_1"
"353","AGATGAATCACAAGGG-1_1_1"
"354","AGATGCTAGGATTTCC-1_1_1"
"355","AGATGCTAGTCGGGAT-1_1_1"
"356","AGATGCTCATGTTACG-1_1_1"
"357","AGATGCTTCTCTAAGG-1_1_1"
"358","AGATGCTTCTTAGCTT-1_1_1"
"359","AGCCAATAGAATAGTC-1_1_1"
"360","AGCCAATAGGAACTAT-1_1_1"
"361","AGCCAATGTATTCCGA-1_1_1"
"362","AGCCAATGTGGTCTCG-1_1_1"
"363","AGCCACGCACAGTGAG-1_1_1"
"364","AGCCAGCAGGAAACGA-1_1_1"
"365","AGCCAGCAGTCATACC-1_1_1"
"366","AGCCAGCCAACATCGT-1_1_1"
"367","AGCGATTGTACAGTTC-1_1_1"
"368","AGCGCCAAGAGATGCC-1_1_1"
"369","AGCGCCATCCTACTGC-1_1_1"
"370","AGCGCTGAGACATATG-1_1_1"
"371","AGCGCTGAGTGAATAC-1_1_1"
"372","AGCGCTGGTCGAGCTC-1_1_1"
"373","AGCGCTGGTGTCGATT-1_1_1"
"374","AGCGCTGTCGCACGAC-1_1_1"
"375","AGCGTATTCGGCTGGT-1_1_1"
"376","AGCTACAAGAAACTCA-1_1_1"
"377","AGCTACAAGGGACTGT-1_1_1"
"378","AGCTACAGTGCCTTCT-1_1_1"
"379","AGCTACAGTTTCAGAC-1_1_1"
"380","AGCTACATCACCGGGT-1_1_1"
"381","AGCTCAAAGGTGCATG-1_1_1"
"382","AGCTCAAGTTGTTGAC-1_1_1"
"383","AGCTTCCCAACCCTAA-1_1_1"
"384","AGCTTCCCAATAACCC-1_1_1"
"385","AGCTTCCCATGCAGGA-1_1_1"
"386","AGCTTCCGTTAAAGTG-1_1_1"
"387","AGGAAATGTCCTACAA-1_1_1"
"388","AGGAAATTCCACGTGG-1_1_1"
"389","AGGAATAAGAGCCTGA-1_1_1"
"390","AGGAATAAGTCACGCC-1_1_1"
"391","AGGAATATCATGAGGG-1_1_1"
"392","AGGACGAAGACATGCG-1_1_1"
"393","AGGACGAAGTAAGCAT-1_1_1"
"394","AGGACGAAGTCCCGGT-1_1_1"
"395","AGGACGACACAGACGA-1_1_1"
"396","AGGACGATCGGCTTGG-1_1_1"
"397","AGGACTTAGCAGGTCA-1_1_1"
"398","AGGAGGTCACATCATG-1_1_1"
"399","AGGAGGTCAGCCTACG-1_1_1"
"400","AGGAGGTCATTGCTGA-1_1_1"
"401","AGGAGGTGTTGCTAGT-1_1_1"
"402","AGGATAAAGTCACAGG-1_1_1"
"403","AGGATAAAGTGCTACT-1_1_1"
"404","AGGATAACAGTTGGTT-1_1_1"
"405","AGGATAACATTCGGGC-1_1_1"
"406","AGGATAAGTGGCCACT-1_1_1"
"407","AGGATCTGTCCCGGTA-1_1_1"
"408","AGGATCTTCATTACCT-1_1_1"
"409","AGGCATTTCAGCTAGT-1_1_1"
"410","AGGCATTTCGCCGTGA-1_1_1"
"411","AGGCTGCAGCCGTTAT-1_1_1"
"412","AGGCTGCAGCGCTGCT-1_1_1"
"413","AGGCTGCCACATCCCT-1_1_1"
"414","AGGGAGTCACTCTAGA-1_1_1"
"415","AGGGAGTTCCACGGGT-1_1_1"
"416","AGGGAGTTCCCTGTTG-1_1_1"
"417","AGGGCCTCAACTAGAA-1_1_1"
"418","AGGGCCTGTATGCTTG-1_1_1"
"419","AGGGCCTTCCCTTGGT-1_1_1"
"420","AGGGCTCCAAACCGGA-1_1_1"
"421","AGGGCTCCATGGCTGC-1_1_1"
"422","AGGGTCCAGAATACAC-1_1_1"
"423","AGGGTCCAGCTCCATA-1_1_1"
"424","AGGGTCCAGGCTCACC-1_1_1"
"425","AGGGTCCGTTACCCAA-1_1_1"
"426","AGGGTCCTCCCATTTA-1_1_1"
"427","AGGGTGAGTTACGATC-1_1_1"
"428","AGGGTGATCAAGCCGC-1_1_1"
"429","AGGGTTTCAGTCGCAC-1_1_1"
"430","AGGTAGGGTGTAGGAC-1_1_1"
"431","AGGTCATCACCAGACC-1_1_1"
"432","AGGTCATTCGGCCCAA-1_1_1"
"433","AGGTCATTCGGTAGGA-1_1_1"
"434","AGGTCTACACACGCCA-1_1_1"
"435","AGGTGTTAGAAGTCAT-1_1_1"
"436","AGGTGTTAGTAATCCC-1_1_1"
"437","AGGTGTTAGTTCCGGC-1_1_1"
"438","AGGTGTTCACGCTGTG-1_1_1"
"439","AGGTGTTGTCCCAAAT-1_1_1"
"440","AGGTGTTTCGGCTGGT-1_1_1"
"441","AGGTGTTTCTATCGTT-1_1_1"
"442","AGGTTACAGCTGGAGT-1_1_1"
"443","AGGTTACCAAGCGCAA-1_1_1"
"444","AGGTTACTCATAGACC-1_1_1"
"445","AGGTTGTGTCCGGACT-1_1_1"
"446","AGTAACCAGAAAGCGA-1_1_1"
"447","AGTAACCCACACCTAA-1_1_1"
"448","AGTAACCTCATATGGC-1_1_1"
"449","AGTACCAAGACGCCAA-1_1_1"
"450","AGTACCAAGGAGCTGT-1_1_1"
"451","AGTACCAAGGAGTATT-1_1_1"
"452","AGTACCAGTGTCTTCC-1_1_1"
"453","AGTACCATCTGCCTGT-1_1_1"
"454","AGTACTGAGTTGGAGC-1_1_1"
"455","AGTACTGCAAGATGGC-1_1_1"
"456","AGTACTGGTAGACAGC-1_1_1"
"457","AGTACTGGTCCTACAA-1_1_1"
"458","AGTACTGTCGCCCAGA-1_1_1"
"459","AGTACTGTCTCGGCTT-1_1_1"
"460","AGTAGCTCAATAACCC-1_1_1"
"461","AGTAGTCAGATTGACA-1_1_1"
"462","AGTAGTCCAGACACAG-1_1_1"
"463","AGTAGTCCAGGTCAGA-1_1_1"
"464","AGTCACACAATGTCTG-1_1_1"
"465","AGTCACATCTCCTACG-1_1_1"
"466","AGTCTCCAGGGACCAT-1_1_1"
"467","AGTCTCCGTACAGAAT-1_1_1"
"468","AGTCTCCGTATGGAAT-1_1_1"
"469","AGTGACTAGACAGCTG-1_1_1"
"470","AGTGACTAGGAGAGTA-1_1_1"
"471","AGTGACTAGGCTCAAG-1_1_1"
"472","AGTGATCTCCGGCTTT-1_1_1"
"473","AGTGATCTCGTCTCAC-1_1_1"
"474","AGTGCCGAGATAGCTA-1_1_1"
"475","AGTGCCGTCGTGGCTG-1_1_1"
"476","AGTGTTGAGGAACTAT-1_1_1"
"477","AGTGTTGGTGCAACAG-1_1_1"
"478","AGTTAGCAGGCGCTCT-1_1_1"
"479","AGTTAGCGTGCGTCGT-1_1_1"
"480","AGTTAGCTCTGCGATA-1_1_1"
"481","AGTTCCCAGCAAATGT-1_1_1"
"482","AGTTCCCCATCGCTCT-1_1_1"
"483","AGTTCCCGTATCCCAA-1_1_1"
"484","AGTTCGATCATACAGC-1_1_1"
"485","ATACCGAAGCAAACAT-1_1_1"
"486","ATACCGACATGACACT-1_1_1"
"487","ATACCTTCAACCACGC-1_1_1"
"488","ATACCTTCAGGCCTGT-1_1_1"
"489","ATACTTCCAACTCCCT-1_1_1"
"490","ATACTTCCAGCGTATT-1_1_1"
"491","ATACTTCTCATGTCTT-1_1_1"
"492","ATAGACCAGGCATGGT-1_1_1"
"493","ATAGACCAGTCTTCGA-1_1_1"
"494","ATAGACCGTTTGTTCT-1_1_1"
"495","ATAGACCTCGAACTCA-1_1_1"
"496","ATAGAGAAGATGACAT-1_1_1"
"497","ATAGAGAAGTTGCTGT-1_1_1"
"498","ATAGAGACAAGTAGTA-1_1_1"
"499","ATAGAGAGTCACGACC-1_1_1"
"500","ATAGAGAGTCTTGAAC-1_1_1"
"501","ATAGAGATCACGAACT-1_1_1"
"502","ATAGGCTAGAGCGACT-1_1_1"
"503","ATAGGCTAGAGTCAAT-1_1_1"
"504","ATAGGCTGTAGCTGTT-1_1_1"
"505","ATAGGCTGTGTGTACT-1_1_1"
"506","ATATCCTAGCGCTGCT-1_1_1"
"507","ATATCCTGTATATGGA-1_1_1"
"508","ATATCCTGTCAACGCC-1_1_1"
"509","ATATCCTGTCGTGGAA-1_1_1"
"510","ATATCCTTCGCTAAAC-1_1_1"
"511","ATCACAGAGGCCTGAA-1_1_1"
"512","ATCACAGAGGGCCTCT-1_1_1"
"513","ATCACAGAGTATTAGG-1_1_1"
"514","ATCACAGAGTCACAGG-1_1_1"
"515","ATCACAGAGTTTGGCT-1_1_1"
"516","ATCACAGCAATAGTAG-1_1_1"
"517","ATCACAGGTGACAACG-1_1_1"
"518","ATCACAGGTGTCCTAA-1_1_1"
"519","ATCACTTCAGCTGTGC-1_1_1"
"520","ATCACTTGTGGTCCGT-1_1_1"
"521","ATCAGGTGTAGGATAT-1_1_1"
"522","ATCAGGTGTGTTCAGT-1_1_1"
"523","ATCAGGTGTTGGACTT-1_1_1"
"524","ATCATTCAGCATGTTC-1_1_1"
"525","ATCATTCCAAGATGTA-1_1_1"
"526","ATCATTCTCGTTAGTG-1_1_1"
"527","ATCCACCAGCTACTAC-1_1_1"
"528","ATCCACCCACAAGGTG-1_1_1"
"529","ATCCACCCACCAGACC-1_1_1"
"530","ATCCACCCATACTGAC-1_1_1"
"531","ATCCACCTCATTGTTC-1_1_1"
"532","ATCCATTAGAAGCTGC-1_1_1"
"533","ATCCATTAGACCGCCT-1_1_1"
"534","ATCCATTAGACGTCGA-1_1_1"
"535","ATCCATTCACAAGCCC-1_1_1"
"536","ATCCATTCAGGCCTGT-1_1_1"
"537","ATCCATTTCAAGAGGC-1_1_1"
"538","ATCCCTGAGCGAGTAC-1_1_1"
"539","ATCCCTGCACGCTATA-1_1_1"
"540","ATCCCTGGTATGTCTG-1_1_1"
"541","ATCCCTGGTTTGGGTT-1_1_1"
"542","ATCCCTGTCGTTCCCA-1_1_1"
"543","ATCCGTCAGGGTCTTT-1_1_1"
"544","ATCCGTCGTAGATTGA-1_1_1"
"545","ATCCGTCTCCGCTTAC-1_1_1"
"546","ATCCTATAGGTAACTA-1_1_1"
"547","ATCCTATGTAGTGGCA-1_1_1"
"548","ATCCTATTCAGGTGTT-1_1_1"
"549","ATCGCCTCAGGTTACT-1_1_1"
"550","ATCGGATGTACGTTCA-1_1_1"
"551","ATCGGCGAGACGATAT-1_1_1"
"552","ATCGGCGAGTTTCAGC-1_1_1"
"553","ATCGGCGCACTACGGC-1_1_1"
"554","ATCGTAGAGAATTGTG-1_1_1"
"555","ATCGTAGAGGCTAACG-1_1_1"
"556","ATCGTAGCAGGCCCTA-1_1_1"
"557","ATCGTCCAGAAACACT-1_1_1"
"558","ATCGTCCTCAACTGGT-1_1_1"
"559","ATCTCTAGTCATCCGG-1_1_1"
"560","ATCTCTATCTACTCAT-1_1_1"
"561","ATCTTCACAACAGCCC-1_1_1"
"562","ATCTTCACAGCAGACA-1_1_1"
"563","ATCTTCACAGCGTTGC-1_1_1"
"564","ATCTTCATCGGCACTG-1_1_1"
"565","ATGAAAGAGTGATAGT-1_1_1"
"566","ATGAAAGCATCACCAA-1_1_1"
"567","ATGAAAGGTGTTAACC-1_1_1"
"568","ATGAAAGGTTTCGATG-1_1_1"
"569","ATGAAAGTCAAGGACG-1_1_1"
"570","ATGAAAGTCACTAGCA-1_1_1"
"571","ATGACCAAGGCTCCCA-1_1_1"
"572","ATGAGTCCAAAGACTA-1_1_1"
"573","ATGAGTCCAGTCGTTA-1_1_1"
"574","ATGAGTCGTAGGGAGG-1_1_1"
"575","ATGATCGCAACTCGTA-1_1_1"
"576","ATGATCGCAAGTCATC-1_1_1"
"577","ATGATCGCATGAGAAT-1_1_1"
"578","ATGATCGTCACCGACG-1_1_1"
"579","ATGCCTCAGCTTTGTG-1_1_1"
"580","ATGCCTCAGGTGCATG-1_1_1"
"581","ATGCCTCCAGCCCACA-1_1_1"
"582","ATGCCTCGTAACGGTG-1_1_1"
"583","ATGCCTCTCGAAGGAC-1_1_1"
"584","ATGCGATAGTGGTGGT-1_1_1"
"585","ATGCGATTCTTTCAGT-1_1_1"
"586","ATGGAGGTCGTCGATA-1_1_1"
"587","ATGGATCTCTGTGCAA-1_1_1"
"588","ATGGGAGAGCGTTGTT-1_1_1"
"589","ATGGGAGGTGATAGTA-1_1_1"
"590","ATGGGAGTCGACGATT-1_1_1"
"591","ATGGGTTTCTTGGAAC-1_1_1"
"592","ATGGTTGAGGAGAGGC-1_1_1"
"593","ATGGTTGAGTATAGGT-1_1_1"
"594","ATGGTTGTCAGTGATC-1_1_1"
"595","ATGTCCCCAGAGGTTG-1_1_1"
"596","ATGTCCCGTACCTTCC-1_1_1"
"597","ATGTCTTCAGCAGTCC-1_1_1"
"598","ATGTCTTGTTCTCGTC-1_1_1"
"599","ATTACCTCACTGTGAT-1_1_1"
"600","ATTACCTCATCCTAAG-1_1_1"
"601","ATTACCTCATGTTCGA-1_1_1"
"602","ATTACTCGTGCATGTT-1_1_1"
"603","ATTACTCTCAGGCGAA-1_1_1"
"604","ATTATCCCACCAATTG-1_1_1"
"605","ATTATCCTCCACGTAA-1_1_1"
"606","ATTCACTAGCGTCAGA-1_1_1"
"607","ATTCACTGTGAGTCAG-1_1_1"
"608","ATTCAGGAGTATTGCC-1_1_1"
"609","ATTCAGGCACCCTGAG-1_1_1"
"610","ATTCAGGCAGTTCTAG-1_1_1"
"611","ATTCAGGGTCTAGATC-1_1_1"
"612","ATTCATCCACAGTCAT-1_1_1"
"613","ATTCATCTCCTCACCA-1_1_1"
"614","ATTCCATAGCTGAAAT-1_1_1"
"615","ATTCCATGTATTTCCT-1_1_1"
"616","ATTCCATTCCGTTGAA-1_1_1"
"617","ATTCCCGAGTCTCGTA-1_1_1"
"618","ATTCCCGCAGGAATAT-1_1_1"
"619","ATTCCTAAGCTATCCA-1_1_1"
"620","ATTCCTAAGGGTTGCA-1_1_1"
"621","ATTCGTTAGACATCCT-1_1_1"
"622","ATTCGTTCAATTGAAG-1_1_1"
"623","ATTCTACCAGCCGTTG-1_1_1"
"624","ATTCTACGTATCACGT-1_1_1"
"625","ATTCTACTCCCAAGCG-1_1_1"
"626","ATTCTTGAGAAGCGGG-1_1_1"
"627","ATTCTTGTCACCCTTG-1_1_1"
"628","ATTGGGTGTGCGTGCT-1_1_1"
"629","ATTGTTCAGGTCATCT-1_1_1"
"630","ATTGTTCCAGAGAGGG-1_1_1"
"631","ATTGTTCCAGTATGAA-1_1_1"
"632","ATTGTTCCAGTTGTTG-1_1_1"
"633","ATTGTTCTCAGGACAG-1_1_1"
"634","ATTGTTCTCGGCTTCT-1_1_1"
"635","ATTTACCAGATCCTAC-1_1_1"
"636","ATTTACCAGTACCATC-1_1_1"
"637","ATTTACCCACGGTGCT-1_1_1"
"638","ATTTACCTCACTGGTA-1_1_1"
"639","ATTTCACAGATACGAT-1_1_1"
"640","ATTTCACAGATGACAT-1_1_1"
"641","ATTTCACGTTCAGTAC-1_1_1"
"642","CAAAGAAAGACAAGCC-1_1_1"
"643","CAAAGAACATATAGCC-1_1_1"
"644","CAACAACAGCGTGAGT-1_1_1"
"645","CAACAACCAGGATGAC-1_1_1"
"646","CAACAACTCTGCCTCA-1_1_1"
"647","CAACAGTCATCCGTGG-1_1_1"
"648","CAACAGTGTTGGTACT-1_1_1"
"649","CAACAGTTCCATGATG-1_1_1"
"650","CAACAGTTCGTAACAC-1_1_1"
"651","CAACCAACAAACACCT-1_1_1"
"652","CAACCAACAGGTGGAT-1_1_1"
"653","CAACCAACATACCATG-1_1_1"
"654","CAACCAATCCGCCTAT-1_1_1"
"655","CAACCAATCTCTGCCA-1_1_1"
"656","CAACCTCAGGCCCGTT-1_1_1"
"657","CAACGATAGCACTCAT-1_1_1"
"658","CAACGATCACCAGCCA-1_1_1"
"659","CAACGATCACGAGAAC-1_1_1"
"660","CAACGATGTCGGATTT-1_1_1"
"661","CAACGATGTTTCGGCG-1_1_1"
"662","CAACGATTCGTTGTGA-1_1_1"
"663","CAACGGCCAACCGTAT-1_1_1"
"664","CAACGGCTCTACGCAA-1_1_1"
"665","CAACGGCTCTCTCGCA-1_1_1"
"666","CAAGACTAGACTGAGC-1_1_1"
"667","CAAGACTCAGCCATTA-1_1_1"
"668","CAAGAGGAGAGATCGC-1_1_1"
"669","CAAGAGGAGGATGTTA-1_1_1"
"670","CAAGAGGCACAAGCTT-1_1_1"
"671","CAAGAGGTCCCAACTC-1_1_1"
"672","CAAGCTAAGGTTAAAC-1_1_1"
"673","CAAGCTAGTCTTGAAC-1_1_1"
"674","CAAGCTATCAGCAATC-1_1_1"
"675","CAAGCTATCTAGAACC-1_1_1"
"676","CAAGGGATCAGGACGA-1_1_1"
"677","CAATACGAGTGGTTCT-1_1_1"
"678","CAATACGTCTTCCCAG-1_1_1"
"679","CAATCGACATGACGGA-1_1_1"
"680","CAATCGATCAGTCACA-1_1_1"
"681","CAATGACCAATGTGGG-1_1_1"
"682","CAATGACGTTGGAGAC-1_1_1"
"683","CAATGACTCCAGGACC-1_1_1"
"684","CAATTTCCAGTCTGGC-1_1_1"
"685","CAATTTCGTTTACTTC-1_1_1"
"686","CACAACAAGACGACTG-1_1_1"
"687","CACAACACAAACAGGC-1_1_1"
"688","CACAACACAGTTGGTT-1_1_1"
"689","CACAACAGTCTGCGCA-1_1_1"
"690","CACACAACAATGTTGC-1_1_1"
"691","CACACAACATCATGAC-1_1_1"
"692","CACACAAGTGTAAACA-1_1_1"
"693","CACAGATCAAGCACAG-1_1_1"
"694","CACAGATCATGTTACG-1_1_1"
"695","CACAGATGTCCCGTGA-1_1_1"
"696","CACAGATTCCCAAGCG-1_1_1"
"697","CACAGGCCAGCGGATA-1_1_1"
"698","CACATGAAGGTAACTA-1_1_1"
"699","CACATGACAAACGGCA-1_1_1"
"700","CACATGAGTGCCCACA-1_1_1"
"701","CACATGAGTTAGCTAC-1_1_1"
"702","CACCAAAAGTCTAGCT-1_1_1"
"703","CACCGTTAGAGTGAAG-1_1_1"
"704","CACCGTTTCGTAGTGT-1_1_1"
"705","CACCGTTTCTAAGCGT-1_1_1"
"706","CACGAATCAAGATGTA-1_1_1"
"707","CACGGGTGTGTACATC-1_1_1"
"708","CACGGGTGTGTAGTGG-1_1_1"
"709","CACGGGTGTGTTACTG-1_1_1"
"710","CACGTGGAGTATTAGG-1_1_1"
"711","CACGTGGAGTTACGTC-1_1_1"
"712","CACGTTCAGGATTACA-1_1_1"
"713","CACGTTCCATCTTTCA-1_1_1"
"714","CACGTTCGTATCTCGA-1_1_1"
"715","CACGTTCTCTCTGAGA-1_1_1"
"716","CACTAAGAGACAACAT-1_1_1"
"717","CACTGAATCACGAGGA-1_1_1"
"718","CACTGGGTCCAATCCC-1_1_1"
"719","CACTGTCGTATGCGTT-1_1_1"
"720","CACTGTCGTCTTCAAG-1_1_1"
"721","CACTGTCTCGCTCTCA-1_1_1"
"722","CAGAGCCAGAGGGCGA-1_1_1"
"723","CAGAGCCAGGCAATGC-1_1_1"
"724","CAGAGCCAGTCATCGT-1_1_1"
"725","CAGAGCCCACACAGAG-1_1_1"
"726","CAGAGCCCAGTCAACT-1_1_1"
"727","CAGAGCCCATAGGTTC-1_1_1"
"728","CAGAGCCGTACAAACA-1_1_1"
"729","CAGAGCCGTGCCTAAT-1_1_1"
"730","CAGATACAGCGTTGTT-1_1_1"
"731","CAGATACAGCTCCGAC-1_1_1"
"732","CAGATACCACGACCTG-1_1_1"
"733","CAGATACGTTCCTAGA-1_1_1"
"734","CAGATACTCGAGTCCG-1_1_1"
"735","CAGATCAAGAAACTAC-1_1_1"
"736","CAGATCACACGTAGAG-1_1_1"
"737","CAGATCACAGAGCTAG-1_1_1"
"738","CAGATCACATCTATCT-1_1_1"
"739","CAGATCACATTGGCAT-1_1_1"
"740","CAGATCAGTCGTGGAA-1_1_1"
"741","CAGATCATCCCGAATA-1_1_1"
"742","CAGATCATCTTTCCAA-1_1_1"
"743","CAGATTGCACAGAAGC-1_1_1"
"744","CAGCACGAGAATAGTC-1_1_1"
"745","CAGCACGAGACGGATC-1_1_1"
"746","CAGCACGAGCGTTACT-1_1_1"
"747","CAGCACGCATCGGTTA-1_1_1"
"748","CAGCACGGTCAAAGTA-1_1_1"
"749","CAGCACGTCGGTGTTA-1_1_1"
"750","CAGCAGCAGCGAACTG-1_1_1"
"751","CAGCAGCAGGCATGCA-1_1_1"
"752","CAGCAGCAGGGCGAAG-1_1_1"
"753","CAGCAGCCAGATCCTA-1_1_1"
"754","CAGCAGCGTATGACAA-1_1_1"
"755","CAGCAGCGTGGAAATT-1_1_1"
"756","CAGCCAGAGTAAACAC-1_1_1"
"757","CAGCCAGCACTCGATA-1_1_1"
"758","CAGCCAGGTTGCATTG-1_1_1"
"759","CAGCCAGTCACTGGGC-1_1_1"
"760","CAGCCAGTCGCCGAGT-1_1_1"
"761","CAGCCAGTCTAAGAAG-1_1_1"
"762","CAGCCAGTCTCCCATG-1_1_1"
"763","CAGCGTGAGTAGATCA-1_1_1"
"764","CAGCGTGTCTGAGCAT-1_1_1"
"765","CAGGCCAAGCAATTAG-1_1_1"
"766","CAGGCCACATATGGCT-1_1_1"
"767","CAGGCCACATTCTGTT-1_1_1"
"768","CAGGCCAGTATACGGG-1_1_1"
"769","CAGGCCAGTTAAAGTG-1_1_1"
"770","CAGGCCATCCATCCGT-1_1_1"
"771","CAGGCCATCTCAACCC-1_1_1"
"772","CAGGGCTAGATGCTTC-1_1_1"
"773","CAGGGCTAGCTAGAGC-1_1_1"
"774","CAGGGCTGTGATACTC-1_1_1"
"775","CAGGGCTTCCGATTAG-1_1_1"
"776","CAGGTATAGCAAGTCG-1_1_1"
"777","CAGGTATCATAGATCC-1_1_1"
"778","CAGGTATGTCGAAGCA-1_1_1"
"779","CAGTGCGCAGGTCAAG-1_1_1"
"780","CAGTGCGGTAGACGTG-1_1_1"
"781","CAGTGCGGTGGTTCTA-1_1_1"
"782","CAGTGCGGTTTGGCTA-1_1_1"
"783","CAGTTAGCATGCCGCA-1_1_1"
"784","CAGTTAGGTAGGTTTC-1_1_1"
"785","CAGTTAGTCAAGATAG-1_1_1"
"786","CAGTTAGTCCGTGACG-1_1_1"
"787","CATAAGCAGTGGATTA-1_1_1"
"788","CATAAGCCAGTACTAC-1_1_1"
"789","CATAAGCCATCCTCAC-1_1_1"
"790","CATAAGCGTGAATGAT-1_1_1"
"791","CATACAGAGAACTCCT-1_1_1"
"792","CATACAGTCCGGCAGT-1_1_1"
"793","CATACAGTCCGTGTAA-1_1_1"
"794","CATACCCCATACAGAA-1_1_1"
"795","CATACCCCATGACAGG-1_1_1"
"796","CATACCCGTTACACTG-1_1_1"
"797","CATAGACTCATCAGTG-1_1_1"
"798","CATCAAGGTCACAGTT-1_1_1"
"799","CATCCACAGTATGAAC-1_1_1"
"800","CATCCACAGTTGCCTA-1_1_1"
"801","CATCCACCACTTACAG-1_1_1"
"802","CATCCACGTAGCGTCC-1_1_1"
"803","CATCCACGTGATTAGA-1_1_1"
"804","CATCCACTCGATAACC-1_1_1"
"805","CATCCCAAGGGCAGGA-1_1_1"
"806","CATCCCAGTGTATCCA-1_1_1"
"807","CATCCGTAGCCTCTGG-1_1_1"
"808","CATCCGTAGTTTGGCT-1_1_1"
"809","CATCCGTCACGGTAGA-1_1_1"
"810","CATCCGTCAGTGTATC-1_1_1"
"811","CATCCGTCATTGCTTT-1_1_1"
"812","CATCGCTAGCGTGCCT-1_1_1"
"813","CATCGCTGTCGGTGTC-1_1_1"
"814","CATCGCTTCCCTCGAT-1_1_1"
"815","CATCGCTTCCCTGGTT-1_1_1"
"816","CATCGCTTCGTCAACA-1_1_1"
"817","CATCGGGAGCTACTGT-1_1_1"
"818","CATCGGGGTGTAAACA-1_1_1"
"819","CATCGTCAGCAAGGAA-1_1_1"
"820","CATCGTCAGCACTGGA-1_1_1"
"821","CATGAGTAGACGGATC-1_1_1"
"822","CATGAGTAGATAGTGT-1_1_1"
"823","CATGAGTAGCTGGCTC-1_1_1"
"824","CATGCAACAAGTGGGT-1_1_1"
"825","CATGCAACACGGCTAC-1_1_1"
"826","CATGCAAGTGTCTAAC-1_1_1"
"827","CATGCCTAGAGCTGCA-1_1_1"
"828","CATGCCTGTGTGGACA-1_1_1"
"829","CATGCGGCACGTCTCT-1_1_1"
"830","CATGCGGCAGACGATG-1_1_1"
"831","CATGCGGGTCACCGCA-1_1_1"
"832","CATGCTCAGACTCAAA-1_1_1"
"833","CATGCTCAGATTAGAC-1_1_1"
"834","CATGCTCTCCACACCT-1_1_1"
"835","CATGCTCTCGTGCGAC-1_1_1"
"836","CATGGATAGAGGCCAT-1_1_1"
"837","CATGGATTCTCGTCAC-1_1_1"
"838","CATGGTATCCGTAGGC-1_1_1"
"839","CATTCATGTCAATCTG-1_1_1"
"840","CATTCATGTGGACCTC-1_1_1"
"841","CATTCCGGTGTAAACA-1_1_1"
"842","CATTCCGTCTTCCTAA-1_1_1"
"843","CATTCTAAGCCGTTGC-1_1_1"
"844","CATTCTAAGGTACAGC-1_1_1"
"845","CATTCTACATACACCA-1_1_1"
"846","CATTCTAGTCTACGTA-1_1_1"
"847","CATTCTATCAATCGGT-1_1_1"
"848","CATTCTATCCTCTCGA-1_1_1"
"849","CATTGAGCATTGACCA-1_1_1"
"850","CATTGAGGTTGGTACT-1_1_1"
"851","CATTGCCAGCTGACTT-1_1_1"
"852","CATTGCCAGGAAAGAC-1_1_1"
"853","CATTGCCAGGGCAACT-1_1_1"
"854","CATTGCCCATCCTTCG-1_1_1"
"855","CATTGCCCATCTCAAG-1_1_1"
"856","CATTGCCTCATGCAGT-1_1_1"
"857","CATTGTTAGCACTTTG-1_1_1"
"858","CATTGTTAGGAGCTGT-1_1_1"
"859","CATTGTTAGTGTGTTC-1_1_1"
"860","CATTGTTCAGACTCTA-1_1_1"
"861","CATTGTTTCCAGTGTA-1_1_1"
"862","CATTTCAAGAGTATAC-1_1_1"
"863","CATTTCAAGCCGATCC-1_1_1"
"864","CATTTCAGTTTGGAAA-1_1_1"
"865","CCAAGCGCATTGACCA-1_1_1"
"866","CCAAGCGTCTGCAGCG-1_1_1"
"867","CCAATGAAGGTAAAGG-1_1_1"
"868","CCAATGACAAGGAGTC-1_1_1"
"869","CCAATGATCCGCAACG-1_1_1"
"870","CCAATTTCACTCACTC-1_1_1"
"871","CCAATTTTCGAGGCAA-1_1_1"
"872","CCAATTTTCGTCAACA-1_1_1"
"873","CCACAAAAGAAGCTGC-1_1_1"
"874","CCACAAACAGCTGAGA-1_1_1"
"875","CCACAAAGTAACTAAG-1_1_1"
"876","CCACAAATCGCCTTTG-1_1_1"
"877","CCACACTAGGGAGGCA-1_1_1"
"878","CCACCATGTCCAGCCA-1_1_1"
"879","CCACCATTCGTGCTCT-1_1_1"
"880","CCACGAGAGGAACATT-1_1_1"
"881","CCACGAGTCTGGCTGG-1_1_1"
"882","CCACGTTCACCAGACC-1_1_1"
"883","CCACGTTCATCGCTCT-1_1_1"
"884","CCACGTTGTGCATTTG-1_1_1"
"885","CCACTTGGTACCCGCA-1_1_1"
"886","CCACTTGTCCTGTAGA-1_1_1"
"887","CCATAAGAGAAGCTCG-1_1_1"
"888","CCATAAGGTCACAATC-1_1_1"
"889","CCATAAGGTGAATGTA-1_1_1"
"890","CCATCACCAACTTGGT-1_1_1"
"891","CCATCACGTGCCTTTC-1_1_1"
"892","CCATCACTCTTCTGGC-1_1_1"
"893","CCCAACTGTGAGTTTC-1_1_1"
"894","CCCAACTTCTAGTGTG-1_1_1"
"895","CCCGAAGAGTAGAATC-1_1_1"
"896","CCCGAAGCACGGCACT-1_1_1"
"897","CCCGAAGGTCATCCCT-1_1_1"
"898","CCCGAAGGTGTCTTCC-1_1_1"
"899","CCCGAAGTCAGCTGTA-1_1_1"
"900","CCCGAAGTCTGAGCAT-1_1_1"
"901","CCCTAACAGGTAAACT-1_1_1"
"902","CCCTAACCAAGGTCGA-1_1_1"
"903","CCCTAACCAGATTTCG-1_1_1"
"904","CCCTAACTCTTACTGT-1_1_1"
"905","CCCTCAAAGAACCGCA-1_1_1"
"906","CCCTCAAAGTGATAAC-1_1_1"
"907","CCCTCAAAGTTGTAGA-1_1_1"
"908","CCCTCAAGTGCCGTAC-1_1_1"
"909","CCCTCTCAGTCACACT-1_1_1"
"910","CCCTCTCTCCTCTGCA-1_1_1"
"911","CCCTGATAGACTAAGT-1_1_1"
"912","CCCTGATCACGCGCAT-1_1_1"
"913","CCCTGATCACGTGAGA-1_1_1"
"914","CCCTGATGTATCAGCT-1_1_1"
"915","CCCTTAGAGTATTAGG-1_1_1"
"916","CCCTTAGCAGCTGGTC-1_1_1"
"917","CCCTTAGTCCTTCACG-1_1_1"
"918","CCGAACGAGACGCCCT-1_1_1"
"919","CCGAACGGTACCGGCT-1_1_1"
"920","CCGAACGGTCGGTACC-1_1_1"
"921","CCGAACGGTGGATCAG-1_1_1"
"922","CCGAACGTCCAGCAAT-1_1_1"
"923","CCGATCTAGCCAACCC-1_1_1"
"924","CCGATCTCATCCGTGG-1_1_1"
"925","CCGATCTGTGCAACAG-1_1_1"
"926","CCGATCTGTGGCAACA-1_1_1"
"927","CCGATGGAGAGAGCCT-1_1_1"
"928","CCGATGGAGGCACTCC-1_1_1"
"929","CCGATGGGTATTTCTC-1_1_1"
"930","CCGATGGTCCTCGATC-1_1_1"
"931","CCGATGGTCTCTATGT-1_1_1"
"932","CCGCAAGAGGCGTTGA-1_1_1"
"933","CCGCAAGAGTCTCTGA-1_1_1"
"934","CCGCAAGCACGCTGAC-1_1_1"
"935","CCGCAAGGTTTAGTCG-1_1_1"
"936","CCGGACAAGGCCCACT-1_1_1"
"937","CCGGACACAAGGCCTC-1_1_1"
"938","CCGGACATCCTTACCG-1_1_1"
"939","CCGGGTATCCTCTAAT-1_1_1"
"940","CCGGTAGGTGTCACAT-1_1_1"
"941","CCGGTGACATAACGGG-1_1_1"
"942","CCGGTGACATCCTTCG-1_1_1"
"943","CCGGTGAGTGACTAAA-1_1_1"
"944","CCGTAGGCAACACAAA-1_1_1"
"945","CCGTAGGCACAGTGAG-1_1_1"
"946","CCGTAGGGTTCGTGCG-1_1_1"
"947","CCGTGAGGTTGCCGAC-1_1_1"
"948","CCGTGAGGTTTACCTT-1_1_1"
"949","CCGTTCACAATCAAGA-1_1_1"
"950","CCGTTCATCAACACCA-1_1_1"
"951","CCGTTCATCCACTGAA-1_1_1"
"952","CCTAAGAAGAGTGTGC-1_1_1"
"953","CCTAAGACAAGTGATA-1_1_1"
"954","CCTAAGACAGTACTAC-1_1_1"
"955","CCTAAGAGTGGCAGAT-1_1_1"
"956","CCTACGTAGTGACACG-1_1_1"
"957","CCTACGTCAGGAATCG-1_1_1"
"958","CCTACGTGTCGAGCTC-1_1_1"
"959","CCTACGTGTGGTATGG-1_1_1"
"960","CCTATCGTCAGAACCT-1_1_1"
"961","CCTCAACCAACGTATC-1_1_1"
"962","CCTCAGTGTCGCCACA-1_1_1"
"963","CCTCAGTTCCAGCAAT-1_1_1"
"964","CCTCAGTTCCGACATA-1_1_1"
"965","CCTCATGAGAACGCGT-1_1_1"
"966","CCTCATGCAGGATGAC-1_1_1"
"967","CCTCATGCATGTTCAG-1_1_1"
"968","CCTCATGTCAACCCGG-1_1_1"
"969","CCTCATGTCGACGTCG-1_1_1"
"970","CCTCCAAAGCCTGAGA-1_1_1"
"971","CCTCCAACATGAAAGT-1_1_1"
"972","CCTCCAAGTGACCGTC-1_1_1"
"973","CCTCCTCAGTGGACGT-1_1_1"
"974","CCTCCTCGTACCATAC-1_1_1"
"975","CCTCCTCTCCGACATA-1_1_1"
"976","CCTCCTCTCTTCGTGC-1_1_1"
"977","CCTCTCCAGAGTTGCG-1_1_1"
"978","CCTCTCCAGATACCAA-1_1_1"
"979","CCTCTCCCAATACAGA-1_1_1"
"980","CCTCTCCCATTCACAG-1_1_1"
"981","CCTGCATTCCTGTACC-1_1_1"
"982","CCTGCATTCGCACTCT-1_1_1"
"983","CCTGTTGAGCGCTTCG-1_1_1"
"984","CCTGTTGGTGATTCAC-1_1_1"
"985","CCTTCAGAGTGTTCAC-1_1_1"
"986","CCTTCAGCAGAAGTTA-1_1_1"
"987","CCTTCAGGTCAGGCAA-1_1_1"
"988","CCTTCAGTCTTCTCAA-1_1_1"
"989","CCTTGTGAGCCTCACG-1_1_1"
"990","CCTTGTGGTGCCGTTG-1_1_1"
"991","CCTTGTGGTGGATCAG-1_1_1"
"992","CCTTTGGCATGAGAAT-1_1_1"
"993","CGAAGGACAGTTGTTG-1_1_1"
"994","CGAAGGAGTTCTCGTC-1_1_1"
"995","CGAAGGATCCACGGGT-1_1_1"
"996","CGAAGGATCGCATTAG-1_1_1"
"997","CGAAGGATCTAGGCCG-1_1_1"
"998","CGAAGTTGTATGCGTT-1_1_1"
"999","CGAAGTTTCACGATCA-1_1_1"
"1000","CGAATTGAGCAGCAGT-1_1_1"
"1001","CGAATTGCACAACGTT-1_1_1"
"1002","CGAATTGGTAGCTTAC-1_1_1"
"1003","CGAATTGGTCTCACGG-1_1_1"
"1004","CGAATTGTCGGAGCAA-1_1_1"
"1005","CGAATTGTCTCCACTG-1_1_1"
"1006","CGACAGCGTGGTAACG-1_1_1"
"1007","CGACAGCTCAGGAAAT-1_1_1"
"1008","CGACAGCTCTCATTAC-1_1_1"
"1009","CGAGAAGAGTGATAAC-1_1_1"
"1010","CGAGAAGGTCCGTTTC-1_1_1"
"1011","CGAGAAGGTTTCCAAG-1_1_1"
"1012","CGAGGAATCAACTGAC-1_1_1"
"1013","CGAGGCTAGAATCCCT-1_1_1"
"1014","CGAGGCTCAACGATTC-1_1_1"
"1015","CGAGGCTGTTAAACCC-1_1_1"
"1016","CGAGTGCCAAACCGGA-1_1_1"
"1017","CGAGTGCCAACCAACT-1_1_1"
"1018","CGAGTGCCAACGTAAA-1_1_1"
"1019","CGAGTGCCAATTTCTC-1_1_1"
"1020","CGAGTGCTCTAGTCAG-1_1_1"
"1021","CGAGTTACAAGGTCAG-1_1_1"
"1022","CGATCGGCATGTTCGA-1_1_1"
"1023","CGATCGGTCTTTGCTA-1_1_1"
"1024","CGATGCGAGAACCCGA-1_1_1"
"1025","CGATGCGCATGGGTCC-1_1_1"
"1026","CGATGGCAGTATGGAT-1_1_1"
"1027","CGATGGCTCGACCAAT-1_1_1"
"1028","CGCAGGTAGAGGACTC-1_1_1"
"1029","CGCAGGTCAGAGACTG-1_1_1"
"1030","CGCAGGTGTACCCAGC-1_1_1"
"1031","CGCAGGTTCCGTGTAA-1_1_1"
"1032","CGCAGGTTCCTGGTCT-1_1_1"
"1033","CGCAGGTTCGAAACAA-1_1_1"
"1034","CGCAGGTTCTCCAATT-1_1_1"
"1035","CGCAGGTTCTGCATGA-1_1_1"
"1036","CGCATAAAGGCTGAAC-1_1_1"
"1037","CGCATAACAGTGCGCT-1_1_1"
"1038","CGCATAAGTCCGCAGT-1_1_1"
"1039","CGCATAAGTCGCTTGG-1_1_1"
"1040","CGCATAAGTTCCACGG-1_1_1"
"1041","CGCATGGGTTGGGTAG-1_1_1"
"1042","CGCCAGAAGTGGATTA-1_1_1"
"1043","CGCCATTAGCAGGTCA-1_1_1"
"1044","CGCCATTAGGCCCAAA-1_1_1"
"1045","CGCCATTCACGCAGTC-1_1_1"
"1046","CGCCATTGTGAATATG-1_1_1"
"1047","CGCGTGAAGCTCTTCC-1_1_1"
"1048","CGCGTGAGTGTTGACT-1_1_1"
"1049","CGCGTGATCGTTGCCT-1_1_1"
"1050","CGGAACCAGTCTCGTA-1_1_1"
"1051","CGGAACCGTTCAGCGC-1_1_1"
"1052","CGGAACCTCTCAAAGC-1_1_1"
"1053","CGGAATTCAACCGTAT-1_1_1"
"1054","CGGAATTCAGTGTGCC-1_1_1"
"1055","CGGACACCACTACTTT-1_1_1"
"1056","CGGACACCATCTCAAG-1_1_1"
"1057","CGGACACTCGATCCCT-1_1_1"
"1058","CGGAGAAAGACGCAGT-1_1_1"
"1059","CGGAGAAAGAGGACTC-1_1_1"
"1060","CGGAGAAAGATTGATG-1_1_1"
"1061","CGGAGAACACTTCTCG-1_1_1"
"1062","CGGAGAACAGCTTCGG-1_1_1"
"1063","CGGAGAATCAAGTCGT-1_1_1"
"1064","CGGCAGTCAGCAGTAG-1_1_1"
"1065","CGGCAGTGTCGTCTCT-1_1_1"
"1066","CGGCAGTGTGTGTGTT-1_1_1"
"1067","CGGCAGTGTTTAGTCG-1_1_1"
"1068","CGGCAGTTCACTGGTA-1_1_1"
"1069","CGGCAGTTCCAACACA-1_1_1"
"1070","CGGCAGTTCTGTAACG-1_1_1"
"1071","CGGCAGTTCTGTGCAA-1_1_1"
"1072","CGGCAGTTCTTTCTAG-1_1_1"
"1073","CGGGACTAGTTAACGA-1_1_1"
"1074","CGGGACTCAGTTGTCA-1_1_1"
"1075","CGGGACTCATCGTCCT-1_1_1"
"1076","CGGGACTTCACCTACC-1_1_1"
"1077","CGGGACTTCGAACCAT-1_1_1"
"1078","CGGGCATAGTGAATAC-1_1_1"
"1079","CGGGCATCACTACCGG-1_1_1"
"1080","CGGGCATCATAGAATG-1_1_1"
"1081","CGGGTCATCCGGGACT-1_1_1"
"1082","CGGGTGTGTGCCCGTA-1_1_1"
"1083","CGGGTGTTCTATTTCG-1_1_1"
"1084","CGGTCAGCATGGAAGC-1_1_1"
"1085","CGTAAGTCAATCAGCT-1_1_1"
"1086","CGTAAGTCACTGCGAC-1_1_1"
"1087","CGTAAGTCAGAACTTC-1_1_1"
"1088","CGTAATGAGACCACGA-1_1_1"
"1089","CGTAATGAGTCACAGG-1_1_1"
"1090","CGTAATGCATTCTTCA-1_1_1"
"1091","CGTAATGGTTGAGAGC-1_1_1"
"1092","CGTAATGTCAGCGCAC-1_1_1"
"1093","CGTAATGTCGTAACCA-1_1_1"
"1094","CGTAGTAAGTTAGTGA-1_1_1"
"1095","CGTAGTAAGTTCCGTA-1_1_1"
"1096","CGTAGTAGTTTGCCGG-1_1_1"
"1097","CGTAGTATCATTGCCC-1_1_1"
"1098","CGTCAAAAGGAAGAAC-1_1_1"
"1099","CGTCAAATCAAGATAG-1_1_1"
"1100","CGTCCATCAAAGGCAC-1_1_1"
"1101","CGTCCATCACCGCTAG-1_1_1"
"1102","CGTCCATGTATTGACC-1_1_1"
"1103","CGTGAATTCCGGCTTT-1_1_1"
"1104","CGTGATACAAGGGTCA-1_1_1"
"1105","CGTGATAGTAGGCTCC-1_1_1"
"1106","CGTGCTTGTTCCGTTC-1_1_1"
"1107","CGTGTCTAGACCTCAT-1_1_1"
"1108","CGTGTCTGTACGATGG-1_1_1"
"1109","CGTGTCTGTAGTTACC-1_1_1"
"1110","CGTTAGAGTAGACGGT-1_1_1"
"1111","CGTTAGAGTCGCATCG-1_1_1"
"1112","CGTTAGAGTGACGCCT-1_1_1"
"1113","CGTTAGATCTGCACCT-1_1_1"
"1114","CGTTCTGCAGCTCGGT-1_1_1"
"1115","CGTTCTGGTGTCTTCC-1_1_1"
"1116","CGTTGGGAGCCAGACA-1_1_1"
"1117","CGTTGGGAGCTGTTAC-1_1_1"
"1118","CGTTGGGCAACTTGCA-1_1_1"
"1119","CGTTGGGGTCCAAAGG-1_1_1"
"1120","CTAACCCAGAGCAGCT-1_1_1"
"1121","CTAACCCCATGTTTGG-1_1_1"
"1122","CTAACTTGTCACTTAG-1_1_1"
"1123","CTAAGTGGTGATAGAT-1_1_1"
"1124","CTAAGTGTCCGATCTC-1_1_1"
"1125","CTACAGAAGAACGCGT-1_1_1"
"1126","CTACAGAGTGGCGCTT-1_1_1"
"1127","CTACATTAGTCCGCCA-1_1_1"
"1128","CTACATTGTTCTATCT-1_1_1"
"1129","CTACCCAGTTTACCTT-1_1_1"
"1130","CTACCTGAGCAGCCCT-1_1_1"
"1131","CTACGGGAGAGGACTC-1_1_1"
"1132","CTACGGGGTAAGATCA-1_1_1"
"1133","CTACTATCAAGATTGA-1_1_1"
"1134","CTACTATCACCTTCCA-1_1_1"
"1135","CTACTATGTTATGGTC-1_1_1"
"1136","CTAGGTATCGATCCCT-1_1_1"
"1137","CTATAGGCACGCAGTC-1_1_1"
"1138","CTATAGGCAGAGATGC-1_1_1"
"1139","CTATAGGGTCACTAGT-1_1_1"
"1140","CTATCTAGTATCCTCC-1_1_1"
"1141","CTATCTAGTCCAGAAG-1_1_1"
"1142","CTATCTATCGTTTACT-1_1_1"
"1143","CTCAACCAGGTTGTTC-1_1_1"
"1144","CTCAACCTCCACGGAC-1_1_1"
"1145","CTCAACCTCCTTGAAG-1_1_1"
"1146","CTCAACCTCGAAGCAG-1_1_1"
"1147","CTCAAGAGTAAGATCA-1_1_1"
"1148","CTCAATTCAATGGCCC-1_1_1"
"1149","CTCAATTTCACCACAA-1_1_1"
"1150","CTCACTGCATGCTGCG-1_1_1"
"1151","CTCAGAACATGGCCCA-1_1_1"
"1152","CTCAGAAGTTCGAGCC-1_1_1"
"1153","CTCAGAATCATTACGG-1_1_1"
"1154","CTCAGAATCTGACCCT-1_1_1"
"1155","CTCAGGGGTTTAGAGA-1_1_1"
"1156","CTCAGGGTCTTCCCAG-1_1_1"
"1157","CTCAGTCAGGGCCTCT-1_1_1"
"1158","CTCATCGTCGATTCCC-1_1_1"
"1159","CTCATCGTCTGTTCAT-1_1_1"
"1160","CTCATGCAGTATAACG-1_1_1"
"1161","CTCATGCGTGTTAACC-1_1_1"
"1162","CTCATTACATGACTTG-1_1_1"
"1163","CTCATTAGTTGACTGT-1_1_1"
"1164","CTCATTATCTCTGGTC-1_1_1"
"1165","CTCCAACTCTCTGACC-1_1_1"
"1166","CTCCACAAGCTGAAGC-1_1_1"
"1167","CTCCACAAGTAGCCAG-1_1_1"
"1168","CTCCACACACAAAGTA-1_1_1"
"1169","CTCCATGAGGTAGATT-1_1_1"
"1170","CTCCCAAAGTTACGAA-1_1_1"
"1171","CTCCCAACAACCGCTG-1_1_1"
"1172","CTCCCAAGTACGTTCA-1_1_1"
"1173","CTCCGATCAGATCATC-1_1_1"
"1174","CTCCTCCGTCGCGGTT-1_1_1"
"1175","CTCCTTTGTACAAGTA-1_1_1"
"1176","CTCCTTTGTTTATGCG-1_1_1"
"1177","CTCGAGGGTAGCGTTT-1_1_1"
"1178","CTCGAGGGTTGCTGAT-1_1_1"
"1179","CTCTCAGCACCATATG-1_1_1"
"1180","CTCTCAGGTCTCGGGT-1_1_1"
"1181","CTCTCAGGTTACCCAA-1_1_1"
"1182","CTCTGGTAGGACGCAT-1_1_1"
"1183","CTCTGGTCATTGCTGA-1_1_1"
"1184","CTCTGGTTCATGCGGC-1_1_1"
"1185","CTCTGGTTCGTCACCT-1_1_1"
"1186","CTGAATGAGAAGTCAT-1_1_1"
"1187","CTGAGCGAGGTACCTT-1_1_1"
"1188","CTGAGCGTCAGCATTG-1_1_1"
"1189","CTGAGGCAGAGGTTTA-1_1_1"
"1190","CTGATCCAGTGCAAAT-1_1_1"
"1191","CTGATCCCAAGCCATT-1_1_1"
"1192","CTGATCCCACAGGATG-1_1_1"
"1193","CTGATCCCATGTAACC-1_1_1"
"1194","CTGATCCGTCATGGCC-1_1_1"
"1195","CTGATCCGTCGTCGGT-1_1_1"
"1196","CTGCAGGGTAAGGCTG-1_1_1"
"1197","CTGCAGGTCAGGGATG-1_1_1"
"1198","CTGCAGGTCTCATGGA-1_1_1"
"1199","CTGCATCAGCATGCAG-1_1_1"
"1200","CTGCATCAGCTCCGAC-1_1_1"
"1201","CTGCATCAGGCCACTC-1_1_1"
"1202","CTGCATCCACTGCGAC-1_1_1"
"1203","CTGCATCCAGCGAACA-1_1_1"
"1204","CTGCATCGTCTTGCTC-1_1_1"
"1205","CTGCCATAGCTGAAGC-1_1_1"
"1206","CTGCCATCAATCGCCG-1_1_1"
"1207","CTGCCATTCGCAATTG-1_1_1"
"1208","CTGCCATTCGCCAACG-1_1_1"
"1209","CTGCCTACATTACTCT-1_1_1"
"1210","CTGCCTATCTTCGACC-1_1_1"
"1211","CTGCGAGAGGACAGTC-1_1_1"
"1212","CTGCGAGGTGGAACAC-1_1_1"
"1213","CTGCGAGTCGACCAAT-1_1_1"
"1214","CTGCTCAAGCTAGATA-1_1_1"
"1215","CTGCTCAGTGGTCTGC-1_1_1"
"1216","CTGCTCAGTTGGACTT-1_1_1"
"1217","CTGCTCATCCACGTCT-1_1_1"
"1218","CTGCTCATCCGGTAGC-1_1_1"
"1219","CTGGACGCACTTGTCC-1_1_1"
"1220","CTGGCAGAGTCATGAA-1_1_1"
"1221","CTGGCAGGTACATTGC-1_1_1"
"1222","CTGGCAGTCGTCCATC-1_1_1"
"1223","CTGGTCTAGGAACGCT-1_1_1"
"1224","CTGGTCTAGTCCGTCG-1_1_1"
"1225","CTGTACCAGTATCTGC-1_1_1"
"1226","CTGTACCCAACGACAG-1_1_1"
"1227","CTGTACCCAATCCTAG-1_1_1"
"1228","CTGTAGACAACATCGT-1_1_1"
"1229","CTGTAGAGTATGGTAA-1_1_1"
"1230","CTGTAGAGTCTAACTG-1_1_1"
"1231","CTGTATTAGGTGCCTC-1_1_1"
"1232","CTGTATTCACCCTCTA-1_1_1"
"1233","CTGTATTGTACCTATG-1_1_1"
"1234","CTGTATTGTATATGGA-1_1_1"
"1235","CTGTATTGTGTCTTCC-1_1_1"
"1236","CTGTATTTCCATAAGC-1_1_1"
"1237","CTGTATTTCGTTACCC-1_1_1"
"1238","CTGTATTTCTCGTTTA-1_1_1"
"1239","CTGTCGTAGACGGAAA-1_1_1"
"1240","CTGTCGTCACAACCGC-1_1_1"
"1241","CTGTCGTTCCTCAGGG-1_1_1"
"1242","CTGTCGTTCTTTCTAG-1_1_1"
"1243","CTGTGAAAGGATTCCT-1_1_1"
"1244","CTGTGAATCGGTAGGA-1_1_1"
"1245","CTGTGGGAGGTAGTCG-1_1_1"
"1246","CTGTGGGGTCCTCATC-1_1_1"
"1247","CTGTGGGTCGATGCAT-1_1_1"
"1248","CTGTGGGTCTCGTGGG-1_1_1"
"1249","CTTACCGCAACTCCCT-1_1_1"
"1250","CTTAGGAAGCTGGTGA-1_1_1"
"1251","CTTAGGACACACCTGG-1_1_1"
"1252","CTTAGGAGTGAATAAC-1_1_1"
"1253","CTTAGGAGTTGCATAC-1_1_1"
"1254","CTTCAATAGACAGCGT-1_1_1"
"1255","CTTCAATGTGGCTGCT-1_1_1"
"1256","CTTCAATTCAAGCCGC-1_1_1"
"1257","CTTCCGAAGCAGCCTC-1_1_1"
"1258","CTTCCGACACGCGGTT-1_1_1"
"1259","CTTCCGAGTGTCGATT-1_1_1"
"1260","CTTCCGATCCAATCTT-1_1_1"
"1261","CTTCCTTCACTGGCCA-1_1_1"
"1262","CTTCCTTTCATCACAG-1_1_1"
"1263","CTTCGGTCATCACAGT-1_1_1"
"1264","CTTCGGTGTCAGTCTA-1_1_1"
"1265","CTTCGGTTCTTCACAT-1_1_1"
"1266","CTTCTAAGTAGACAGC-1_1_1"
"1267","CTTCTAATCACCTACC-1_1_1"
"1268","CTTCTCTAGACTTCAC-1_1_1"
"1269","CTTCTCTAGAGTCTTC-1_1_1"
"1270","CTTCTCTCATTGCAAC-1_1_1"
"1271","CTTCTCTGTAACTGCT-1_1_1"
"1272","CTTGAGAAGGTTCTTG-1_1_1"
"1273","CTTGAGACACGACCTG-1_1_1"
"1274","CTTGAGACAGACATCT-1_1_1"
"1275","CTTGAGACAGCTGTGC-1_1_1"
"1276","CTTGAGAGTGTCTTCC-1_1_1"
"1277","CTTGATTAGACACACG-1_1_1"
"1278","CTTGATTAGTATCCTG-1_1_1"
"1279","CTTGATTTCCGAGAAG-1_1_1"
"1280","CTTTCAAAGAAGCGCT-1_1_1"
"1281","CTTTCAACATGAAGGC-1_1_1"
"1282","CTTTCAAGTCTCTCTG-1_1_1"
"1283","CTTTCGGCAGACCATT-1_1_1"
"1284","CTTTCGGTCGCATAGT-1_1_1"
"1285","GAAACCTAGATGGCAC-1_1_1"
"1286","GAAACCTAGGGACCAT-1_1_1"
"1287","GAAACCTCAAAGGATT-1_1_1"
"1288","GAAACCTCAGTATACC-1_1_1"
"1289","GAAACCTGTTGCCTAA-1_1_1"
"1290","GAAATGAAGCATCCTA-1_1_1"
"1291","GAAATGAAGCATTTCG-1_1_1"
"1292","GAAATGACAGGACGAT-1_1_1"
"1293","GAAATGATCCTTATCA-1_1_1"
"1294","GAAATGATCGTTGCCT-1_1_1"
"1295","GAACACTAGTGAACAT-1_1_1"
"1296","GAACGTTCACAGACGA-1_1_1"
"1297","GAACGTTTCTAGGCAT-1_1_1"
"1298","GAACTGTGTACGATGG-1_1_1"
"1299","GAACTGTGTCACCGAC-1_1_1"
"1300","GAAGAATCAGAGCTAG-1_1_1"
"1301","GAAGAATGTACTAACC-1_1_1"
"1302","GAAGAATGTGGCTCTG-1_1_1"
"1303","GAAGCCCCAAACTCGT-1_1_1"
"1304","GAAGCCCGTGGAACCA-1_1_1"
"1305","GAAGCGAGTGCAATGG-1_1_1"
"1306","GAAGGACAGACGGAAA-1_1_1"
"1307","GAAGGACCATACAGAA-1_1_1"
"1308","GAAGGACTCACCTGTC-1_1_1"
"1309","GAAGGACTCCTCATAT-1_1_1"
"1310","GAAGGACTCTATTTCG-1_1_1"
"1311","GAAGGGTAGGACTATA-1_1_1"
"1312","GAAGGGTAGTCTGGTT-1_1_1"
"1313","GAAGGGTCAAACACGG-1_1_1"
"1314","GAAGGGTCAGGTTCGC-1_1_1"
"1315","GAAGGGTGTAGGCTGA-1_1_1"
"1316","GAAGGGTGTCACAATC-1_1_1"
"1317","GAAGGGTGTGGTATGG-1_1_1"
"1318","GAAGGGTTCCTGTAGA-1_1_1"
"1319","GAAGTAAAGATGGCAC-1_1_1"
"1320","GAATAGAAGCTACTGT-1_1_1"
"1321","GAATAGACACTTTAGG-1_1_1"
"1322","GAATAGAGTCATCCGG-1_1_1"
"1323","GAATAGATCACGAACT-1_1_1"
"1324","GAATCACGTTCCGCAG-1_1_1"
"1325","GAATCACTCTTTGCTA-1_1_1"
"1326","GAATCGTCAGTTCACA-1_1_1"
"1327","GAATCGTTCCAATCTT-1_1_1"
"1328","GAATCGTTCTGCGGCA-1_1_1"
"1329","GACACGCGTAACACCT-1_1_1"
"1330","GACACGCGTCAGTTTG-1_1_1"
"1331","GACAGCCCACACCTAA-1_1_1"
"1332","GACAGCCGTGATTCTG-1_1_1"
"1333","GACAGCCTCATGGAGG-1_1_1"
"1334","GACATCAGTCCAAGAG-1_1_1"
"1335","GACATCATCTGCCCTA-1_1_1"
"1336","GACCAATAGTTGGAAT-1_1_1"
"1337","GACCAATGTGACAGGT-1_1_1"
"1338","GACCAATGTGTATCCA-1_1_1"
"1339","GACCCTTCAATGGCCC-1_1_1"
"1340","GACCCTTGTGGACCTC-1_1_1"
"1341","GACCGTGGTCTGCCTT-1_1_1"
"1342","GACCTTCAGACATAAC-1_1_1"
"1343","GACCTTCGTAGTCACT-1_1_1"
"1344","GACGCTGAGCTTTCCC-1_1_1"
"1345","GACGCTGTCATATGGC-1_1_1"
"1346","GACGTTACAAATACAG-1_1_1"
"1347","GACGTTACAAGTTCGT-1_1_1"
"1348","GACGTTAGTTATGACC-1_1_1"
"1349","GACTATGGTCAAGGCA-1_1_1"
"1350","GACTATGTCGAAGAAT-1_1_1"
"1351","GACTCAAGTTACCCAA-1_1_1"
"1352","GACTCAAGTTCCCAAA-1_1_1"
"1353","GACTCTCAGAAGCCTG-1_1_1"
"1354","GACTCTCAGCCTCCAG-1_1_1"
"1355","GACTCTCAGCTCACTA-1_1_1"
"1356","GACTCTCGTAGAAACT-1_1_1"
"1357","GACTGATCAGAACGCA-1_1_1"
"1358","GACTGATGTCACAGAG-1_1_1"
"1359","GACTGATTCTCACGAA-1_1_1"
"1360","GACTTCCAGGAGAATG-1_1_1"
"1361","GACTTCCCAACGATTC-1_1_1"
"1362","GACTTCCGTCGAATTC-1_1_1"
"1363","GACTTCCGTTACCCAA-1_1_1"
"1364","GACTTCCTCTTGCAAG-1_1_1"
"1365","GAGAAATCAATGCAAA-1_1_1"
"1366","GAGAAATTCCCGAACG-1_1_1"
"1367","GAGACCCAGACACACG-1_1_1"
"1368","GAGACCCAGCTGACAG-1_1_1"
"1369","GAGACCCTCGTGCTCT-1_1_1"
"1370","GAGACTTCACTTGGCG-1_1_1"
"1371","GAGACTTTCACCATCC-1_1_1"
"1372","GAGATGGCAAGTGTCT-1_1_1"
"1373","GAGATGGGTGCACAAG-1_1_1"
"1374","GAGCCTGAGATACTGA-1_1_1"
"1375","GAGCCTGAGGGACACT-1_1_1"
"1376","GAGCCTGCAACATCGT-1_1_1"
"1377","GAGCCTGGTGCTGATT-1_1_1"
"1378","GAGCCTGTCGGTGCAC-1_1_1"
"1379","GAGCTGCAGCACGTCC-1_1_1"
"1380","GAGCTGCCAGAAATTG-1_1_1"
"1381","GAGCTGCTCGACACTA-1_1_1"
"1382","GAGCTGCTCTCTGGTC-1_1_1"
"1383","GAGGCAAAGACCCTTA-1_1_1"
"1384","GAGGCAAAGGCGTTGA-1_1_1"
"1385","GAGGCAATCCTGGTCT-1_1_1"
"1386","GAGGCCTCACCAGACC-1_1_1"
"1387","GAGGCCTGTCTCACAA-1_1_1"
"1388","GAGGCCTGTGATTGGG-1_1_1"
"1389","GAGGGATAGGTTATAG-1_1_1"
"1390","GAGGGATCACAATTCG-1_1_1"
"1391","GAGGGATCAGAAATTG-1_1_1"
"1392","GAGGGATGTGCATGTT-1_1_1"
"1393","GAGGGATTCAGAGTTC-1_1_1"
"1394","GAGGGATTCTCCTACG-1_1_1"
"1395","GAGGGTATCCTGGGTG-1_1_1"
"1396","GAGGGTATCCTTTAGT-1_1_1"
"1397","GAGGGTATCGTCAACA-1_1_1"
"1398","GAGTCATAGCGTGAAC-1_1_1"
"1399","GAGTCATAGGAAGTCC-1_1_1"
"1400","GAGTCATCACTGAGGA-1_1_1"
"1401","GAGTCATTCAACCCGG-1_1_1"
"1402","GAGTCATTCAACTCTT-1_1_1"
"1403","GAGTCATTCTCTATAC-1_1_1"
"1404","GAGTCATTCTTAGTTC-1_1_1"
"1405","GAGTCTAAGAAAGCGA-1_1_1"
"1406","GAGTCTAAGGTAAGGA-1_1_1"
"1407","GAGTCTACAAATAGCA-1_1_1"
"1408","GAGTCTACAGCCTACG-1_1_1"
"1409","GAGTCTACAGGTCAAG-1_1_1"
"1410","GAGTGAGAGCTGTACT-1_1_1"
"1411","GAGTGTTCAACAGAGC-1_1_1"
"1412","GAGTGTTCAACTTGCA-1_1_1"
"1413","GAGTGTTGTGCAACAG-1_1_1"
"1414","GAGTGTTTCGTCTCAC-1_1_1"
"1415","GAGTTACAGGCCCACT-1_1_1"
"1416","GAGTTACTCGGAGTGA-1_1_1"
"1417","GAGTTGTCAAGAAATC-1_1_1"
"1418","GAGTTGTCAAGCGAAC-1_1_1"
"1419","GAGTTGTCATGGACAG-1_1_1"
"1420","GAGTTGTGTAGTAAGT-1_1_1"
"1421","GAGTTTGCAACCGTAT-1_1_1"
"1422","GAGTTTGCAGACCTAT-1_1_1"
"1423","GAGTTTGCAGATCACT-1_1_1"
"1424","GAGTTTGGTTCCGCAG-1_1_1"
"1425","GAGTTTGTCAGTGCGC-1_1_1"
"1426","GATAGAAAGCGCCATC-1_1_1"
"1427","GATAGAAAGTTTCGAC-1_1_1"
"1428","GATAGAACAAGGACAC-1_1_1"
"1429","GATAGAATCACTTTGT-1_1_1"
"1430","GATAGCTGTATCCTCC-1_1_1"
"1431","GATAGCTTCCCGAGGT-1_1_1"
"1432","GATAGCTTCTGCATGA-1_1_1"
"1433","GATCACAAGGGAGGGT-1_1_1"
"1434","GATCACATCTTTGGAG-1_1_1"
"1435","GATCAGTCAGTGCCTG-1_1_1"
"1436","GATCAGTGTTAGTCGT-1_1_1"
"1437","GATCATGCAGCTCATA-1_1_1"
"1438","GATCATGGTTTGACAC-1_1_1"
"1439","GATCCCTAGGGCAGAG-1_1_1"
"1440","GATCCCTGTCATTCCC-1_1_1"
"1441","GATCCCTGTTTGACAC-1_1_1"
"1442","GATCCCTTCTGTGCAA-1_1_1"
"1443","GATCGTAAGTCCTGCG-1_1_1"
"1444","GATCGTACAGCACAAG-1_1_1"
"1445","GATGACTCACACACGC-1_1_1"
"1446","GATGACTCAGCGTACC-1_1_1"
"1447","GATGACTGTACCCGCA-1_1_1"
"1448","GATGACTTCACCCTTG-1_1_1"
"1449","GATGACTTCCGGGACT-1_1_1"
"1450","GATGAGGAGCAACAGC-1_1_1"
"1451","GATGAGGAGGTTACCT-1_1_1"
"1452","GATGAGGAGTCACGCC-1_1_1"
"1453","GATGAGGGTGATTCTG-1_1_1"
"1454","GATGAGGTCTCGCTTG-1_1_1"
"1455","GATGATCAGTGAGGCT-1_1_1"
"1456","GATGATCAGTTCTCTT-1_1_1"
"1457","GATGATCAGTTGGCGA-1_1_1"
"1458","GATGATCCACTACAGT-1_1_1"
"1459","GATGCTACAGTTGCGC-1_1_1"
"1460","GATGCTACATGAGGGT-1_1_1"
"1461","GATGCTATCACGGGAA-1_1_1"
"1462","GATGGAGAGACTAAGT-1_1_1"
"1463","GATGGAGAGTACTGTC-1_1_1"
"1464","GATGGAGCAAACCACT-1_1_1"
"1465","GATGGAGCAATAGTAG-1_1_1"
"1466","GATGGAGGTCCAGCCA-1_1_1"
"1467","GATGGAGGTGCGGCTT-1_1_1"
"1468","GATGGAGTCGGCTGTG-1_1_1"
"1469","GATGTTGAGTTACGGG-1_1_1"
"1470","GATGTTGCACAGCGCT-1_1_1"
"1471","GATGTTGGTCAACCAT-1_1_1"
"1472","GATTCGACACAGAGAC-1_1_1"
"1473","GATTCGATCAGCAATC-1_1_1"
"1474","GATTGGTCATAGAAAC-1_1_1"
"1475","GATTGGTGTGATAGAT-1_1_1"
"1476","GATTGGTGTGTACATC-1_1_1"
"1477","GATTGGTTCACTGTCC-1_1_1"
"1478","GATTTCTCACAAATGA-1_1_1"
"1479","GATTTCTGTACCCACG-1_1_1"
"1480","GCAACATAGCGCATCC-1_1_1"
"1481","GCAACATAGGATATGT-1_1_1"
"1482","GCAACATAGGCAATGC-1_1_1"
"1483","GCAACATCATACCAGT-1_1_1"
"1484","GCAACATCATGAATCC-1_1_1"
"1485","GCAACATGTGAGATTA-1_1_1"
"1486","GCAACATTCCTCACTG-1_1_1"
"1487","GCAACCGGTATTAAGG-1_1_1"
"1488","GCACATACAAAGGATT-1_1_1"
"1489","GCACATATCGTTCGCT-1_1_1"
"1490","GCACGGTCATTGAGGG-1_1_1"
"1491","GCACGTGAGAGAGAAC-1_1_1"
"1492","GCACGTGAGAGCAAGA-1_1_1"
"1493","GCACGTGCACGGCCAT-1_1_1"
"1494","GCACTAACAGCACCCA-1_1_1"
"1495","GCACTAACATGCACTA-1_1_1"
"1496","GCACTAAGTCTGTAAC-1_1_1"
"1497","GCACTAATCTCCGAAA-1_1_1"
"1498","GCAGCCAAGTAGTCCT-1_1_1"
"1499","GCAGCCAGTGCCTAAT-1_1_1"
"1500","GCAGCTGTCAATGCAC-1_1_1"
"1501","GCAGGCTAGTGGAATT-1_1_1"
"1502","GCAGGCTCAGAACCGA-1_1_1"
"1503","GCAGTTATCTATCGTT-1_1_1"
"1504","GCATCGGGTACAGCGA-1_1_1"
"1505","GCATCGGGTCATAAAG-1_1_1"
"1506","GCATCTCAGATGAATC-1_1_1"
"1507","GCATCTCAGCTGTTAC-1_1_1"
"1508","GCATCTCAGTTCCATG-1_1_1"
"1509","GCATCTCGTATGCTAC-1_1_1"
"1510","GCATCTCGTTGTGTTG-1_1_1"
"1511","GCATCTCTCTAAACGC-1_1_1"
"1512","GCATGATTCTCGACGG-1_1_1"
"1513","GCATTAGAGCTCACTA-1_1_1"
"1514","GCATTAGCAAAGCTAA-1_1_1"
"1515","GCATTAGCAGAGGGTT-1_1_1"
"1516","GCATTAGTCAGTGGGA-1_1_1"
"1517","GCATTAGTCGCTAAAC-1_1_1"
"1518","GCCAGCAAGCAAGTGC-1_1_1"
"1519","GCCAGCATCGATCCCT-1_1_1"
"1520","GCCAGGTAGACGGTCA-1_1_1"
"1521","GCCAGGTAGGGAACAA-1_1_1"
"1522","GCCAGGTAGGGTGAAA-1_1_1"
"1523","GCCAGGTCAACTCGTA-1_1_1"
"1524","GCCAGGTTCGTGTGGC-1_1_1"
"1525","GCCAGGTTCTAGGCCG-1_1_1"
"1526","GCCAGTGAGTAACGAT-1_1_1"
"1527","GCCAGTGGTACTCGTA-1_1_1"
"1528","GCCAGTGTCACGGGAA-1_1_1"
"1529","GCCATGGAGATCACCT-1_1_1"
"1530","GCCATGGTCCTAAGTG-1_1_1"
"1531","GCCATTCGTATCGCTA-1_1_1"
"1532","GCCCGAAAGATTGGGC-1_1_1"
"1533","GCCCGAACAATACCTG-1_1_1"
"1534","GCCCGAATCATTGCGA-1_1_1"
"1535","GCCGATGCACATAACC-1_1_1"
"1536","GCCTGTTGTCTCACAA-1_1_1"
"1537","GCCTGTTTCCGGTTCT-1_1_1"
"1538","GCCTGTTTCCTAAACG-1_1_1"
"1539","GCCTGTTTCTACCTTA-1_1_1"
"1540","GCGAGAAAGATGTTCC-1_1_1"
"1541","GCGAGAAAGCCGATCC-1_1_1"
"1542","GCGAGAAAGTATGACA-1_1_1"
"1543","GCGAGAACAGCTACAT-1_1_1"
"1544","GCGAGAACAGTAACGG-1_1_1"
"1545","GCGAGAAGTGTGAGCA-1_1_1"
"1546","GCGAGAATCGATTTCT-1_1_1"
"1547","GCGATCGCACGCCACA-1_1_1"
"1548","GCGATCGCAGTCGCTG-1_1_1"
"1549","GCGGAAAAGACGGATC-1_1_1"
"1550","GCGGAAAAGTGCACTT-1_1_1"
"1551","GCGGAAAAGTGTAGAT-1_1_1"
"1552","GCGGAAACAAAGAGTT-1_1_1"
"1553","GCGGAAACAAGTAGTA-1_1_1"
"1554","GCGGAAACACGATTCA-1_1_1"
"1555","GCGGAAATCAACCCGG-1_1_1"
"1556","GCGGAAATCGGCAGTC-1_1_1"
"1557","GCGGATCAGGGTAGCT-1_1_1"
"1558","GCGGATCCATACAGCT-1_1_1"
"1559","GCGGATCGTTTAGTCG-1_1_1"
"1560","GCGGATCTCCTCGATC-1_1_1"
"1561","GCGTGCAGTTAAGTCC-1_1_1"
"1562","GCGTTTCAGAACTCCT-1_1_1"
"1563","GCGTTTCAGCAACAAT-1_1_1"
"1564","GCGTTTCAGTTGCCTA-1_1_1"
"1565","GCGTTTCCAATTTCGG-1_1_1"
"1566","GCGTTTCGTGCTCCGA-1_1_1"
"1567","GCTACAAAGACTGTTC-1_1_1"
"1568","GCTACAATCGTTAGTG-1_1_1"
"1569","GCTACCTAGGCATCTT-1_1_1"
"1570","GCTACCTCACATTCGA-1_1_1"
"1571","GCTACCTGTACAGCGA-1_1_1"
"1572","GCTACCTTCATGCTAG-1_1_1"
"1573","GCTCAAAGTTTGAACC-1_1_1"
"1574","GCTCAAATCAGCCTCT-1_1_1"
"1575","GCTGAATAGAAACCCG-1_1_1"
"1576","GCTGAATAGGCCTGCT-1_1_1"
"1577","GCTGAATCAAGCCATT-1_1_1"
"1578","GCTGAATTCTGTCAGA-1_1_1"
"1579","GCTGCAGAGTCACTAC-1_1_1"
"1580","GCTGCAGCATCCTTGC-1_1_1"
"1581","GCTGCAGGTAGAATAC-1_1_1"
"1582","GCTGCAGGTTGAAGTA-1_1_1"
"1583","GCTGCAGTCCCATACC-1_1_1"
"1584","GCTGCAGTCCTTCACG-1_1_1"
"1585","GCTGGGTAGATTCGCT-1_1_1"
"1586","GCTTCACAGGAGCTGT-1_1_1"
"1587","GCTTCACAGTCTAGAA-1_1_1"
"1588","GCTTCACGTAGTTCCA-1_1_1"
"1589","GCTTGGGAGCAGGCAT-1_1_1"
"1590","GCTTGGGAGTGGACGT-1_1_1"
"1591","GCTTGGGAGTTGGAAT-1_1_1"
"1592","GCTTGGGCAATAGTGA-1_1_1"
"1593","GGAACCCAGCCTTCTC-1_1_1"
"1594","GGAACCCCATGGCGCT-1_1_1"
"1595","GGAACCCTCAGAATAG-1_1_1"
"1596","GGAAGTGCAACAACAA-1_1_1"
"1597","GGAAGTGGTATGTGTC-1_1_1"
"1598","GGAAGTGGTCTGTGTA-1_1_1"
"1599","GGAAGTGGTGGAACAC-1_1_1"
"1600","GGAAGTGTCCTTCAGC-1_1_1"
"1601","GGAATCTAGATCCCGC-1_1_1"
"1602","GGAATCTAGCTGTACT-1_1_1"
"1603","GGAATCTCACTGCGTG-1_1_1"
"1604","GGAATGGGTAAGTTGA-1_1_1"
"1605","GGAATGGGTGGCGCTT-1_1_1"
"1606","GGAATGGGTTGATGTC-1_1_1"
"1607","GGAATGGGTTGGACCC-1_1_1"
"1608","GGAATGGTCGACACTA-1_1_1"
"1609","GGACGTCAGCTCCGAC-1_1_1"
"1610","GGACGTCCAATAGTAG-1_1_1"
"1611","GGACGTCGTGAGGATC-1_1_1"
"1612","GGAGAACCATGCAGGA-1_1_1"
"1613","GGAGAACGTGTCCACG-1_1_1"
"1614","GGAGATGCAACTGCCG-1_1_1"
"1615","GGAGATGCACGTACTA-1_1_1"
"1616","GGAGATGCAGATTTCG-1_1_1"
"1617","GGAGATGGTATCCCTC-1_1_1"
"1618","GGAGCAAAGACGGTCA-1_1_1"
"1619","GGAGCAATCCATTGCC-1_1_1"
"1620","GGAGGATGTAGGAGGG-1_1_1"
"1621","GGAGGTAGTGGGTCAA-1_1_1"
"1622","GGATCTATCTCTGACC-1_1_1"
"1623","GGCACGTTCTCATGGA-1_1_1"
"1624","GGCAGTCAGCTGCGAA-1_1_1"
"1625","GGCAGTCCAGCTATTG-1_1_1"
"1626","GGCGTCAGTATTCCGA-1_1_1"
"1627","GGCGTCAGTGAGGCAT-1_1_1"
"1628","GGCGTCATCTCCGAAA-1_1_1"
"1629","GGCTGTGAGTCGAAAT-1_1_1"
"1630","GGCTGTGGTGCACATT-1_1_1"
"1631","GGCTTGGCAACCACGC-1_1_1"
"1632","GGCTTGGCAAGAGAGA-1_1_1"
"1633","GGCTTGGCATCGTCCT-1_1_1"
"1634","GGCTTGGGTCGGTGTC-1_1_1"
"1635","GGCTTTCGTCGATGCC-1_1_1"
"1636","GGCTTTCTCTTGCAGA-1_1_1"
"1637","GGGAAGTAGGACGCTA-1_1_1"
"1638","GGGAAGTAGGGCAGTT-1_1_1"
"1639","GGGAAGTCAGATACCT-1_1_1"
"1640","GGGACAAAGCCAGAGT-1_1_1"
"1641","GGGACAAAGGATACGC-1_1_1"
"1642","GGGACAAAGTCGAGGT-1_1_1"
"1643","GGGACAAGTAGTTCCA-1_1_1"
"1644","GGGACAATCCGTTGGG-1_1_1"
"1645","GGGACCTTCCGGCTTT-1_1_1"
"1646","GGGACTCAGCATACTC-1_1_1"
"1647","GGGACTCCACTCCTTG-1_1_1"
"1648","GGGACTCTCGTAGCCG-1_1_1"
"1649","GGGACTCTCTCGTGAA-1_1_1"
"1650","GGGAGATTCAATCTTC-1_1_1"
"1651","GGGAGATTCGAGTGAG-1_1_1"
"1652","GGGAGATTCTTACCGC-1_1_1"
"1653","GGGAGTAAGATGCGAC-1_1_1"
"1654","GGGAGTAAGGATGTTA-1_1_1"
"1655","GGGAGTATCACCTACC-1_1_1"
"1656","GGGATCCGTCCGGCAT-1_1_1"
"1657","GGGATGAAGCGATGAC-1_1_1"
"1658","GGGATGATCAAGGACG-1_1_1"
"1659","GGGCCATAGTCTCTGA-1_1_1"
"1660","GGGCCATGTAAGCGGT-1_1_1"
"1661","GGGCCATGTACCCAGC-1_1_1"
"1662","GGGCCATGTAGTCTTG-1_1_1"
"1663","GGGCCATGTGAGTTTC-1_1_1"
"1664","GGGCGTTAGATAACAC-1_1_1"
"1665","GGGCGTTCAGCGAACA-1_1_1"
"1666","GGGCTACAGTTTAGGA-1_1_1"
"1667","GGGCTACCATCTAACG-1_1_1"
"1668","GGGCTACGTAACAAGT-1_1_1"
"1669","GGGCTACTCATTACTC-1_1_1"
"1670","GGGCTCAAGCGTCTGC-1_1_1"
"1671","GGGCTCAAGTTCTCTT-1_1_1"
"1672","GGGCTCAGTCGCACGT-1_1_1"
"1673","GGGCTCAGTGGTGATG-1_1_1"
"1674","GGGCTCATCCACTTCG-1_1_1"
"1675","GGGCTCATCTATGTGG-1_1_1"
"1676","GGGTATTCAAGACTGG-1_1_1"
"1677","GGGTATTGTCGGATTT-1_1_1"
"1678","GGGTATTGTGTCCATA-1_1_1"
"1679","GGGTCACAGACCAACG-1_1_1"
"1680","GGGTCACGTATACAGA-1_1_1"
"1681","GGGTCACGTCTACACA-1_1_1"
"1682","GGGTCTGAGGCTAGCA-1_1_1"
"1683","GGGTCTGAGTGGTGAC-1_1_1"
"1684","GGGTCTGGTAGGTAGC-1_1_1"
"1685","GGGTCTGGTGAGCAGT-1_1_1"
"1686","GGGTCTGGTTTGGAGG-1_1_1"
"1687","GGGTGAACATCTTCGC-1_1_1"
"1688","GGGTGAAGTCGTTGGC-1_1_1"
"1689","GGGTGAAGTCTTGAAC-1_1_1"
"1690","GGGTGTCAGCTCGAAG-1_1_1"
"1691","GGGTGTCAGGGAGGTG-1_1_1"
"1692","GGGTGTCCAGAAACCG-1_1_1"
"1693","GGGTGTCGTACTCCCT-1_1_1"
"1694","GGGTGTCGTAGGAGTC-1_1_1"
"1695","GGGTGTCTCCAATCTT-1_1_1"
"1696","GGGTTATGTAGCACAG-1_1_1"
"1697","GGGTTATGTCTTCATT-1_1_1"
"1698","GGGTTATTCAAACTGC-1_1_1"
"1699","GGGTTATTCCAATCCC-1_1_1"
"1700","GGGTTTATCTGTCGCT-1_1_1"
"1701","GGTAACTAGTCGGCAA-1_1_1"
"1702","GGTAACTCAAGAAATC-1_1_1"
"1703","GGTAACTTCTCAGAAC-1_1_1"
"1704","GGTAATCGTTACGTAC-1_1_1"
"1705","GGTAATCGTTCAGCTA-1_1_1"
"1706","GGTAATCTCGATCCCT-1_1_1"
"1707","GGTAGAGCAGAAGCGT-1_1_1"
"1708","GGTCACGAGTCAATCC-1_1_1"
"1709","GGTCACGTCTCGACCT-1_1_1"
"1710","GGTCTGGCACCCATAA-1_1_1"
"1711","GGTCTGGTCCGCTAGG-1_1_1"
"1712","GGTGAAGAGTCACTCA-1_1_1"
"1713","GGTGAAGGTTCGTAAC-1_1_1"
"1714","GGTGAAGGTTTAGAGA-1_1_1"
"1715","GGTGAAGTCAGATGCT-1_1_1"
"1716","GGTGAAGTCCCTCAAC-1_1_1"
"1717","GGTGATTAGTGTTGAA-1_1_1"
"1718","GGTGATTGTTGTGTAC-1_1_1"
"1719","GGTGATTTCGAAATCC-1_1_1"
"1720","GGTGGCTCAATCACGT-1_1_1"
"1721","GGTGGCTCATGACACT-1_1_1"
"1722","GGTGGCTGTTGCTCCT-1_1_1"
"1723","GGTGTCGAGTCAGCCC-1_1_1"
"1724","GGTGTCGCAGCTTCGG-1_1_1"
"1725","GGTGTCGCATGACTGT-1_1_1"
"1726","GGTGTCGGTATCCTTT-1_1_1"
"1727","GGTGTCGGTGTTGCCG-1_1_1"
"1728","GGTGTCGTCTCCAAGA-1_1_1"
"1729","GGTGTTAAGCTTACGT-1_1_1"
"1730","GGTGTTACAGATACTC-1_1_1"
"1731","GGTGTTAGTTTGGAGG-1_1_1"
"1732","GGTGTTATCTAGTGTG-1_1_1"
"1733","GGTTAACAGTAGTGCG-1_1_1"
"1734","GGTTAACCAGTGTATC-1_1_1"
"1735","GGTTCTCAGGTTCAGG-1_1_1"
"1736","GGTTCTCGTACTCCGG-1_1_1"
"1737","GGTTGTAAGTCGGCAA-1_1_1"
"1738","GGTTGTAGTAATCAGA-1_1_1"
"1739","GGTTGTAGTGCATGTT-1_1_1"
"1740","GGTTGTAGTTCATCGA-1_1_1"
"1741","GGTTGTATCTCGGCTT-1_1_1"
"1742","GTAACACAGTAGAGTT-1_1_1"
"1743","GTAACCACACAAGCTT-1_1_1"
"1744","GTAACCACAGCTGAAG-1_1_1"
"1745","GTAACCACAGCTGTGC-1_1_1"
"1746","GTAACCAGTAGCCCTG-1_1_1"
"1747","GTAACCAGTCATGACT-1_1_1"
"1748","GTAAGTCCAACACTAC-1_1_1"
"1749","GTAATCGAGATTAGCA-1_1_1"
"1750","GTAATCGAGCCTCAGC-1_1_1"
"1751","GTAATCGAGGAGGGTG-1_1_1"
"1752","GTAATCGGTGGGCTTC-1_1_1"
"1753","GTAATGCCAAAGTATG-1_1_1"
"1754","GTACAACCACATCATG-1_1_1"
"1755","GTACAACCACGCCAGT-1_1_1"
"1756","GTACAACTCAGTGCGC-1_1_1"
"1757","GTACAGTTCACTGAAC-1_1_1"
"1758","GTACAGTTCCTACACC-1_1_1"
"1759","GTAGAAAAGAGGACTC-1_1_1"
"1760","GTAGAAACAGTTTCGA-1_1_1"
"1761","GTAGAAAGTACCACGC-1_1_1"
"1762","GTAGAAATCGCTTTAT-1_1_1"
"1763","GTAGAAATCTTAGCCC-1_1_1"
"1764","GTAGAGGGTAGTCCTA-1_1_1"
"1765","GTAGATCAGGACTATA-1_1_1"
"1766","GTAGATCAGTGTTGTC-1_1_1"
"1767","GTAGATCCACTAGTAC-1_1_1"
"1768","GTAGATCGTAAGCAAT-1_1_1"
"1769","GTAGATCGTCTAGGTT-1_1_1"
"1770","GTAGATCTCTCCGAGG-1_1_1"
"1771","GTAGCTACACCCGTAG-1_1_1"
"1772","GTAGCTATCGGAATGG-1_1_1"
"1773","GTAGGTTAGCATCGAG-1_1_1"
"1774","GTAGTACAGGCTCTCG-1_1_1"
"1775","GTAGTACGTACGAGCA-1_1_1"
"1776","GTAGTACGTCAGGTGA-1_1_1"
"1777","GTAGTACTCTCGAACA-1_1_1"
"1778","GTATTGGGTCACTCGG-1_1_1"
"1779","GTATTTCAGCGAGTCA-1_1_1"
"1780","GTCAAACAGCAAATGT-1_1_1"
"1781","GTCAAGTTCAAACCTG-1_1_1"
"1782","GTCAAGTTCAAAGCCT-1_1_1"
"1783","GTCACGGTCCGCACTT-1_1_1"
"1784","GTCACGGTCTCCGTGT-1_1_1"
"1785","GTCACTCGTAACACGG-1_1_1"
"1786","GTCAGCGGTCCTCATC-1_1_1"
"1787","GTCATCCAGCCATGCC-1_1_1"
"1788","GTCATCCGTGCATCTA-1_1_1"
"1789","GTCATCCGTTTAGTCG-1_1_1"
"1790","GTCATCCTCGTGGGTC-1_1_1"
"1791","GTCATGACAAGCGGAT-1_1_1"
"1792","GTCATGACATCTTCGC-1_1_1"
"1793","GTCATTTCACTCGATA-1_1_1"
"1794","GTCATTTGTGCTAGCC-1_1_1"
"1795","GTCATTTGTTGTCCCT-1_1_1"
"1796","GTCCACTAGTTTCGGT-1_1_1"
"1797","GTCCACTCAGCCTATA-1_1_1"
"1798","GTCCACTTCGTCGACG-1_1_1"
"1799","GTCCCATAGATGAACT-1_1_1"
"1800","GTCCCATGTCTCCTGT-1_1_1"
"1801","GTCCCATGTTCCCAAA-1_1_1"
"1802","GTCCCATGTTTGTTGG-1_1_1"
"1803","GTCCCATTCTAACACG-1_1_1"
"1804","GTCCTCAAGGGTGGGA-1_1_1"
"1805","GTCCTCAAGTACAGAT-1_1_1"
"1806","GTCGAATCATATAGCC-1_1_1"
"1807","GTCGAATGTATAGGAT-1_1_1"
"1808","GTCGCGACAAACTGCT-1_1_1"
"1809","GTCGTAACACACACTA-1_1_1"
"1810","GTCGTAACACGCAAAG-1_1_1"
"1811","GTCGTAACACGCCACA-1_1_1"
"1812","GTCGTTCAGTCATCGT-1_1_1"
"1813","GTCTACCCACGTAGAG-1_1_1"
"1814","GTCTACCCATAGAGGC-1_1_1"
"1815","GTCTACCGTGAGGATC-1_1_1"
"1816","GTCTACCGTTCTATCT-1_1_1"
"1817","GTCTACCTCAATCTCT-1_1_1"
"1818","GTCTACCTCCGCAAAT-1_1_1"
"1819","GTCTACCTCCGCTTAC-1_1_1"
"1820","GTCTAGAAGCTCGTGC-1_1_1"
"1821","GTCTAGACATCCTCAC-1_1_1"
"1822","GTCTAGAGTCACCCTT-1_1_1"
"1823","GTCTAGATCAGCTCTC-1_1_1"
"1824","GTCTCACGTTATTCTC-1_1_1"
"1825","GTCTCACTCCGAACGC-1_1_1"
"1826","GTCTCACTCTACACAG-1_1_1"
"1827","GTCTGTCCAATGCAGG-1_1_1"
"1828","GTCTGTCTCCTGTTAT-1_1_1"
"1829","GTCTTTACAATACCCA-1_1_1"
"1830","GTCTTTACATAAGATG-1_1_1"
"1831","GTCTTTATCTTCTTCC-1_1_1"
"1832","GTCTTTATCTTTGCAT-1_1_1"
"1833","GTGAGCCCAGCTTCGG-1_1_1"
"1834","GTGAGCCTCTCGGCTT-1_1_1"
"1835","GTGAGGACAGCGGTCT-1_1_1"
"1836","GTGAGGAGTCTCACGG-1_1_1"
"1837","GTGAGTTAGGAATCGC-1_1_1"
"1838","GTGAGTTCAGAGTCTT-1_1_1"
"1839","GTGATGTAGAAAGTCT-1_1_1"
"1840","GTGATGTCATTCAGGT-1_1_1"
"1841","GTGATGTGTTAAGGGC-1_1_1"
"1842","GTGCACGCAGCTCGGT-1_1_1"
"1843","GTGCACGGTCGCTGCA-1_1_1"
"1844","GTGCACGGTCTACACA-1_1_1"
"1845","GTGCACGGTGCTGCAC-1_1_1"
"1846","GTGCAGCAGCATATGA-1_1_1"
"1847","GTGCAGCAGCGGATCA-1_1_1"
"1848","GTGCAGCCACTCACTC-1_1_1"
"1849","GTGCAGCGTCTTTCAT-1_1_1"
"1850","GTGCGTGAGAGTCAGC-1_1_1"
"1851","GTGCGTGAGTTCATGC-1_1_1"
"1852","GTGCGTGCAATATCCG-1_1_1"
"1853","GTGCGTGCATGGGAAC-1_1_1"
"1854","GTGCGTGCATTGACTG-1_1_1"
"1855","GTGCGTGGTTCCGCAG-1_1_1"
"1856","GTGCGTGGTTGGCCGT-1_1_1"
"1857","GTGCTGGCAAGCGGAT-1_1_1"
"1858","GTGCTGGCAGGCAATG-1_1_1"
"1859","GTGCTGGGTCGGCTAC-1_1_1"
"1860","GTGCTGGTCACTCACC-1_1_1"
"1861","GTGCTGGTCGGCTTGG-1_1_1"
"1862","GTGCTTCCAAGCACCC-1_1_1"
"1863","GTGCTTCCAGTCCGTG-1_1_1"
"1864","GTGCTTCTCGTAGAGG-1_1_1"
"1865","GTGCTTCTCTGAACGT-1_1_1"
"1866","GTGGAAGGTACATACC-1_1_1"
"1867","GTGGAGAAGTGAGTGC-1_1_1"
"1868","GTGGAGACATTGAGGG-1_1_1"
"1869","GTGGCGTAGAAGTCTA-1_1_1"
"1870","GTGGCGTGTCAAATCC-1_1_1"
"1871","GTGGCGTTCTTAAGGC-1_1_1"
"1872","GTGGGAAAGCTTTGTG-1_1_1"
"1873","GTGGTTAAGACGGATC-1_1_1"
"1874","GTGTCCTGTACAAACA-1_1_1"
"1875","GTGTGATAGAAGCTGC-1_1_1"
"1876","GTGTGATGTCCTTTGC-1_1_1"
"1877","GTGTGATTCTCTCAAT-1_1_1"
"1878","GTGTGATTCTTCGATT-1_1_1"
"1879","GTGTGGCCAATTGCAC-1_1_1"
"1880","GTGTGGCGTCTGCAAT-1_1_1"
"1881","GTGTGGCGTTCGATTG-1_1_1"
"1882","GTGTTAGCAACCACAT-1_1_1"
"1883","GTTACAGAGGAGTCTG-1_1_1"
"1884","GTTACAGAGTCGCCAC-1_1_1"
"1885","GTTACAGTCTGACGCG-1_1_1"
"1886","GTTACCCAGAACGCGT-1_1_1"
"1887","GTTACCCAGGCCTTCG-1_1_1"
"1888","GTTACCCCAAGATGGC-1_1_1"
"1889","GTTACCCGTGATTCTG-1_1_1"
"1890","GTTACCCTCTGTGCGG-1_1_1"
"1891","GTTACGATCCGTGGCA-1_1_1"
"1892","GTTACGATCTCGCTCA-1_1_1"
"1893","GTTAGACAGTATAGAC-1_1_1"
"1894","GTTAGTGAGACATAAC-1_1_1"
"1895","GTTAGTGAGGAGACCT-1_1_1"
"1896","GTTAGTGAGGCCTAGA-1_1_1"
"1897","GTTAGTGCAGCAAGAC-1_1_1"
"1898","GTTAGTGCATAGATGA-1_1_1"
"1899","GTTAGTGGTGATCATC-1_1_1"
"1900","GTTATGGAGGCCTAGA-1_1_1"
"1901","GTTATGGCACAGCCTG-1_1_1"
"1902","GTTATGGGTGTACGCC-1_1_1"
"1903","GTTATGGTCAGGGATG-1_1_1"
"1904","GTTATGGTCGCACGGT-1_1_1"
"1905","GTTCATTAGACCTCCG-1_1_1"
"1906","GTTCATTAGTCGGGAT-1_1_1"
"1907","GTTCATTAGTGAGGTC-1_1_1"
"1908","GTTCATTCAGCTCCTT-1_1_1"
"1909","GTTCATTGTTGGGAAC-1_1_1"
"1910","GTTCATTTCTAGAACC-1_1_1"
"1911","GTTCCGTGTCTGTGTA-1_1_1"
"1912","GTTCCGTGTGGAGGTT-1_1_1"
"1913","GTTCCGTTCGTGCGAC-1_1_1"
"1914","GTTCGCTCAACAAAGT-1_1_1"
"1915","GTTCGCTGTATGACAA-1_1_1"
"1916","GTTCTATAGCAGCCTC-1_1_1"
"1917","GTTCTATAGGACAAGA-1_1_1"
"1918","GTTCTATAGGCTGTAG-1_1_1"
"1919","GTTCTATCAGAAGCTG-1_1_1"
"1920","GTTCTATGTCGGCACT-1_1_1"
"1921","GTTGAACAGTTGGAGC-1_1_1"
"1922","GTTGAACCACCTTCGT-1_1_1"
"1923","GTTGAACGTGCGACAA-1_1_1"
"1924","GTTGAACTCGGCATTA-1_1_1"
"1925","GTTGCGGAGACCCTTA-1_1_1"
"1926","GTTGCGGAGATCCTAC-1_1_1"
"1927","GTTGCGGAGCCTTTGA-1_1_1"
"1928","GTTGCGGCAGAGATGC-1_1_1"
"1929","GTTGCGGGTAACATCC-1_1_1"
"1930","GTTGCGGGTGAATGTA-1_1_1"
"1931","GTTGCGGGTTATCTTC-1_1_1"
"1932","GTTGCGGTCACCATAG-1_1_1"
"1933","GTTGCGGTCGTCACCT-1_1_1"
"1934","GTTGCTCCACTTCTCG-1_1_1"
"1935","GTTGCTCTCGAAGAAT-1_1_1"
"1936","GTTGTAGTCACCTGGG-1_1_1"
"1937","GTTGTCCAGCGAACTG-1_1_1"
"1938","GTTGTCCAGTCTTCCC-1_1_1"
"1939","GTTGTCCGTTGGCCGT-1_1_1"
"1940","GTTGTGAGTTAACCTG-1_1_1"
"1941","GTTTACTCATCCAACA-1_1_1"
"1942","GTTTACTTCACCCTGT-1_1_1"
"1943","GTTTACTTCCAACCGG-1_1_1"
"1944","GTTTACTTCCTACGGG-1_1_1"
"1945","GTTTGGAGTCTGTGTA-1_1_1"
"1946","TAACACGCACAGCTGC-1_1_1"
"1947","TAACACGGTAGAAACT-1_1_1"
"1948","TAACCAGAGGAAAGGT-1_1_1"
"1949","TAACCAGGTCTACAGT-1_1_1"
"1950","TAACGACCATGGCTAT-1_1_1"
"1951","TAACGACGTGCCCAGT-1_1_1"
"1952","TAACGACTCCGGGACT-1_1_1"
"1953","TAACTTCAGCACTAGG-1_1_1"
"1954","TAAGCACAGCTGGCCT-1_1_1"
"1955","TAAGCACCAAAGCACG-1_1_1"
"1956","TAAGCACCAATTAGGA-1_1_1"
"1957","TAAGCACGTACGCTTA-1_1_1"
"1958","TAAGCCAAGGCTAAAT-1_1_1"
"1959","TAAGCCAGTCAATCTG-1_1_1"
"1960","TAAGCGTCACTCTGCT-1_1_1"
"1961","TAAGCGTGTGAGGCAT-1_1_1"
"1962","TAAGCGTGTGTTGAGG-1_1_1"
"1963","TAAGTCGAGAACGCGT-1_1_1"
"1964","TAAGTCGAGACCATTC-1_1_1"
"1965","TAAGTCGAGCTGTGCC-1_1_1"
"1966","TAAGTCGCAGACACCC-1_1_1"
"1967","TAAGTCGCAGCACAAG-1_1_1"
"1968","TAATCTCTCAAGGTGG-1_1_1"
"1969","TAATTCCCAAATCGTC-1_1_1"
"1970","TAATTCCGTAACGGTG-1_1_1"
"1971","TACAACGCACTACGGC-1_1_1"
"1972","TACAACGGTCTGCAAT-1_1_1"
"1973","TACAACGTCCTCAGAA-1_1_1"
"1974","TACACCCAGAAGGTAG-1_1_1"
"1975","TACACCCAGCACTGGA-1_1_1"
"1976","TACACCCAGTTCCATG-1_1_1"
"1977","TACACCCGTCGAGCTC-1_1_1"
"1978","TACACCCTCAGTGATC-1_1_1"
"1979","TACAGGTAGGAGCAAA-1_1_1"
"1980","TACAGGTTCACAACCA-1_1_1"
"1981","TACATTCCATTGAAAG-1_1_1"
"1982","TACCCACCAGCACAAG-1_1_1"
"1983","TACCCACGTGAGAACC-1_1_1"
"1984","TACCCACTCCATCCGT-1_1_1"
"1985","TACCCACTCTGCCCTA-1_1_1"
"1986","TACCCGTCACTGCGTG-1_1_1"
"1987","TACCGAAAGCCATTTG-1_1_1"
"1988","TACCGAAGTCCGATCG-1_1_1"
"1989","TACCGAAGTGAGCAGT-1_1_1"
"1990","TACCGAATCGGCCCAA-1_1_1"
"1991","TACCGGGAGGGCAAGG-1_1_1"
"1992","TACCGGGCACATACTG-1_1_1"
"1993","TACCGGGGTGCAAGAC-1_1_1"
"1994","TACCGGGTCGAACCTA-1_1_1"
"1995","TACCGGGTCGTCTACC-1_1_1"
"1996","TACCTCGAGAAGCTGC-1_1_1"
"1997","TACCTCGAGTCGCCCA-1_1_1"
"1998","TACCTCGGTCAAGCGA-1_1_1"
"1999","TACCTCGGTGCATTTG-1_1_1"
"2000","TACCTGCAGACCAGAC-1_1_1"
"2001","TACCTGCAGCCATATC-1_1_1"
"2002","TACCTGCGTGTAACGG-1_1_1"
"2003","TACCTGCTCTATTCGT-1_1_1"
"2004","TACGCTCAGGTTCACT-1_1_1"
"2005","TACGCTCGTCAGCTTA-1_1_1"
"2006","TACGCTCGTTCACGAT-1_1_1"
"2007","TACGGGCCATCGCCTT-1_1_1"
"2008","TACGGTAAGCTCTATG-1_1_1"
"2009","TACGGTAAGGTAGTAT-1_1_1"
"2010","TACGGTACAAATGCGG-1_1_1"
"2011","TACGGTATCCACCTGT-1_1_1"
"2012","TACGTCCGTAGACACG-1_1_1"
"2013","TACGTCCTCCTCAGGG-1_1_1"
"2014","TACTGCCAGAGCCATG-1_1_1"
"2015","TACTGCCAGCATGCAG-1_1_1"
"2016","TACTGCCTCAATCCAG-1_1_1"
"2017","TACTGCCTCGCTTAAG-1_1_1"
"2018","TACTTACAGAGCCTGA-1_1_1"
"2019","TACTTACAGGAATGTT-1_1_1"
"2020","TACTTCACAGGGAGAG-1_1_1"
"2021","TACTTCATCGACGACC-1_1_1"
"2022","TACTTGTCAACGGTAG-1_1_1"
"2023","TACTTGTGTAAGGTCG-1_1_1"
"2024","TACTTGTGTAGCACGA-1_1_1"
"2025","TAGACCAAGAGGCTGT-1_1_1"
"2026","TAGACCAAGTGTTCCA-1_1_1"
"2027","TAGACCACACCCTAGG-1_1_1"
"2028","TAGACCACACTCCGGA-1_1_1"
"2029","TAGACCAGTGCAATGG-1_1_1"
"2030","TAGACCAGTGCAGTGA-1_1_1"
"2031","TAGACTGCAAGGTCGA-1_1_1"
"2032","TAGACTGGTCACTCTC-1_1_1"
"2033","TAGACTGTCAGCTCTC-1_1_1"
"2034","TAGACTGTCTATCCAT-1_1_1"
"2035","TAGAGTCGTCAACGCC-1_1_1"
"2036","TAGATCGAGGCCGCTT-1_1_1"
"2037","TAGATCGGTCCACTCT-1_1_1"
"2038","TAGATCGGTGCCCTTT-1_1_1"
"2039","TAGCACAAGGTTCTTG-1_1_1"
"2040","TAGCACACAGAAGTGC-1_1_1"
"2041","TAGGGTTAGGTCACCC-1_1_1"
"2042","TAGGGTTAGTTGTCAC-1_1_1"
"2043","TAGGGTTTCAGGTGTT-1_1_1"
"2044","TAGGTACAGTTCAACC-1_1_1"
"2045","TAGGTACCAAGTTTGC-1_1_1"
"2046","TAGGTTGCACGTTGGC-1_1_1"
"2047","TAGGTTGTCCTAAGTG-1_1_1"
"2048","TAGTGCAGTTCGGGTC-1_1_1"
"2049","TAGTGCAGTTGCGTAT-1_1_1"
"2050","TATACCTAGGGTGAGG-1_1_1"
"2051","TATACCTTCAAACCCA-1_1_1"
"2052","TATACCTTCGTTCTAT-1_1_1"
"2053","TATATCCGTCCCTCAT-1_1_1"
"2054","TATATCCTCTGTCGTC-1_1_1"
"2055","TATCAGGCAAGGTCAG-1_1_1"
"2056","TATCAGGTCTTCCGTG-1_1_1"
"2057","TATCCTAGTAGATTGA-1_1_1"
"2058","TATCCTAGTTCTCCCA-1_1_1"
"2059","TATCCTATCTCTTGCG-1_1_1"
"2060","TATCGCCCACCGCTAG-1_1_1"
"2061","TATCGCCGTCGATGCC-1_1_1"
"2062","TATCGCCGTCTTCTAT-1_1_1"
"2063","TATCGCCTCAACTACG-1_1_1"
"2064","TATCTGTCAGTCCCGA-1_1_1"
"2065","TATCTGTGTGTTCGAT-1_1_1"
"2066","TATCTGTGTTCTCCAC-1_1_1"
"2067","TATCTTGCATAAGCGG-1_1_1"
"2068","TATGTTCAGCTACTGT-1_1_1"
"2069","TATGTTCCAACGGTAG-1_1_1"
"2070","TATGTTCCATAGTCAC-1_1_1"
"2071","TATGTTCCATCTAACG-1_1_1"
"2072","TATTCCAAGCGTCAGA-1_1_1"
"2073","TATTCCAGTACTCAAC-1_1_1"
"2074","TATTGCTAGACCCGCT-1_1_1"
"2075","TATTGCTAGAGGGTGG-1_1_1"
"2076","TATTGCTAGGGAGAAT-1_1_1"
"2077","TATTGCTCAGAGTCAG-1_1_1"
"2078","TATTGGGAGGCATCTT-1_1_1"
"2079","TATTGGGAGTAAACGT-1_1_1"
"2080","TATTTCGAGAGGGCGA-1_1_1"
"2081","TATTTCGGTAATCAGA-1_1_1"
"2082","TATTTCGGTATAATGG-1_1_1"
"2083","TCAAGACAGATGCCGA-1_1_1"
"2084","TCAAGACCAATCGTCA-1_1_1"
"2085","TCAAGACGTTCGCGTG-1_1_1"
"2086","TCAAGACTCAACTACG-1_1_1"
"2087","TCAAGACTCCCGTGTT-1_1_1"
"2088","TCAAGCAGTAGCTTGT-1_1_1"
"2089","TCAAGCATCATCTGTT-1_1_1"
"2090","TCAAGTGTCATTCCTA-1_1_1"
"2091","TCAATCTAGATGTTCC-1_1_1"
"2092","TCAATCTGTAGCGTTT-1_1_1"
"2093","TCAATCTGTCACAATC-1_1_1"
"2094","TCAATCTTCAAGTCTG-1_1_1"
"2095","TCAATCTTCCAAGCTA-1_1_1"
"2096","TCAATTCAGAGAGCAA-1_1_1"
"2097","TCAATTCAGAGTGTTA-1_1_1"
"2098","TCAATTCAGTTGGCTT-1_1_1"
"2099","TCAATTCGTGCCGTAC-1_1_1"
"2100","TCACAAGAGCACAAAT-1_1_1"
"2101","TCACAAGGTTGCATGT-1_1_1"
"2102","TCACAAGTCACTTGTT-1_1_1"
"2103","TCACACCAGTCGGCAA-1_1_1"
"2104","TCACACCCATTAGGCT-1_1_1"
"2105","TCACACCTCAGTGATC-1_1_1"
"2106","TCACATTGTACGAGTG-1_1_1"
"2107","TCACATTGTGTATTGC-1_1_1"
"2108","TCACATTTCATGACAC-1_1_1"
"2109","TCACATTTCGCTTGCT-1_1_1"
"2110","TCACGCTAGCTAGTTC-1_1_1"
"2111","TCACGCTAGTCTGGTT-1_1_1"
"2112","TCACGCTTCACACCCT-1_1_1"
"2113","TCACGGGGTGAGACCA-1_1_1"
"2114","TCACTATTCCGATCTC-1_1_1"
"2115","TCACTATTCGATGCAT-1_1_1"
"2116","TCACTCGAGTCGGCCT-1_1_1"
"2117","TCACTCGCAGCGCGTT-1_1_1"
"2118","TCACTCGGTCCACGCA-1_1_1"
"2119","TCAGCAATCACTTTGT-1_1_1"
"2120","TCAGCAATCCAGCACG-1_1_1"
"2121","TCAGCCTAGACATCCT-1_1_1"
"2122","TCAGCCTAGATACTGA-1_1_1"
"2123","TCAGCCTAGATAGTCA-1_1_1"
"2124","TCAGCCTCACAAGCTT-1_1_1"
"2125","TCAGGGCAGAGCGACT-1_1_1"
"2126","TCAGGGCGTATTGAGA-1_1_1"
"2127","TCAGGGCGTGGCTGAA-1_1_1"
"2128","TCAGGGCGTTACACTG-1_1_1"
"2129","TCAGGTACAGAACTAA-1_1_1"
"2130","TCAGGTACAGGCTCTG-1_1_1"
"2131","TCAGGTAGTAAGGCTG-1_1_1"
"2132","TCAGGTAGTTGGCCGT-1_1_1"
"2133","TCAGTCCGTCGAATGG-1_1_1"
"2134","TCAGTGACACGCACCA-1_1_1"
"2135","TCAGTGATCAAAGAAC-1_1_1"
"2136","TCAGTTTAGTTGGGAC-1_1_1"
"2137","TCAGTTTGTACGGATG-1_1_1"
"2138","TCATACTCAAGCACCC-1_1_1"
"2139","TCATACTCAATCAAGA-1_1_1"
"2140","TCATACTGTCTCTCAC-1_1_1"
"2141","TCATACTGTCTTGCTC-1_1_1"
"2142","TCATATCAGCCATCCG-1_1_1"
"2143","TCATATCAGCTAAACA-1_1_1"
"2144","TCATATCAGGTATAGT-1_1_1"
"2145","TCATATCGTACAAGTA-1_1_1"
"2146","TCATATCGTACGCTAT-1_1_1"
"2147","TCATATCGTTGAGGAC-1_1_1"
"2148","TCATATCGTTGTAGCT-1_1_1"
"2149","TCATATCTCCTCTGCA-1_1_1"
"2150","TCATCATCACAGTATC-1_1_1"
"2151","TCATCATCACGCAAAG-1_1_1"
"2152","TCATCATTCTCATAGG-1_1_1"
"2153","TCATCCGAGTGAGCCA-1_1_1"
"2154","TCATCCGAGTGCACCC-1_1_1"
"2155","TCATCCGGTTAGGAGC-1_1_1"
"2156","TCATCCGTCATCCTGC-1_1_1"
"2157","TCATCCGTCCGTAGGC-1_1_1"
"2158","TCATGAGAGCTGTCCG-1_1_1"
"2159","TCATGCCAGGACGGAG-1_1_1"
"2160","TCATGGAAGAGTCAAT-1_1_1"
"2161","TCATGGAAGTAGCTCT-1_1_1"
"2162","TCATGGAAGTATAGAC-1_1_1"
"2163","TCATGGACATGCAGCC-1_1_1"
"2164","TCATGGAGTACAGTAA-1_1_1"
"2165","TCATTACAGCCTATCA-1_1_1"
"2166","TCATTACAGGACAGTC-1_1_1"
"2167","TCATTACGTATGGAAT-1_1_1"
"2168","TCATTACGTTTCTTAC-1_1_1"
"2169","TCATTACTCTAGCCAA-1_1_1"
"2170","TCATTCACACACGTGC-1_1_1"
"2171","TCATTCACAGTCTCTC-1_1_1"
"2172","TCATTCACATGTACGT-1_1_1"
"2173","TCATTCAGTGCGCTCA-1_1_1"
"2174","TCATTGTGTGGGTATG-1_1_1"
"2175","TCATTGTTCACAACCA-1_1_1"
"2176","TCATTTGAGGCCCACT-1_1_1"
"2177","TCATTTGAGGGTGAAA-1_1_1"
"2178","TCATTTGCACTTGGGC-1_1_1"
"2179","TCATTTGTCCAACCAA-1_1_1"
"2180","TCCACCAAGCAACTTC-1_1_1"
"2181","TCCACCATCCAATCTT-1_1_1"
"2182","TCCACGTAGCACACCC-1_1_1"
"2183","TCCACGTGTGATCGTT-1_1_1"
"2184","TCCATCGAGAACTCCT-1_1_1"
"2185","TCCATCGAGGTAAACT-1_1_1"
"2186","TCCATCGCAATAAGGT-1_1_1"
"2187","TCCATGCCACAGCCAC-1_1_1"
"2188","TCCATGCTCCTTATAC-1_1_1"
"2189","TCCATGCTCTCTATAC-1_1_1"
"2190","TCCCACAAGACAGTCG-1_1_1"
"2191","TCCCACATCGCGGTAC-1_1_1"
"2192","TCCCAGTTCGGATACT-1_1_1"
"2193","TCCCATGAGAGTGAAG-1_1_1"
"2194","TCCGAAAAGATTAGAC-1_1_1"
"2195","TCCGATCAGCATCAAA-1_1_1"
"2196","TCCGATCCAGTCGCAC-1_1_1"
"2197","TCCGGGAAGACTCCGC-1_1_1"
"2198","TCCGGGACAGACCATT-1_1_1"
"2199","TCCGGGAGTGAGCAGT-1_1_1"
"2200","TCCGGGAGTTACCCAA-1_1_1"
"2201","TCCGGGATCTCAATCT-1_1_1"
"2202","TCCGGGATCTCGACGG-1_1_1"
"2203","TCCGTGTGTTAAGGGC-1_1_1"
"2204","TCCTAATAGGTCCTGC-1_1_1"
"2205","TCCTAATTCTCGACGG-1_1_1"
"2206","TCCTCCCGTAGAGCTG-1_1_1"
"2207","TCCTCCCGTAGAGTTA-1_1_1"
"2208","TCCTCGAAGAATCTAG-1_1_1"
"2209","TCCTCGACAAGGACAC-1_1_1"
"2210","TCCTCGACAGAGTTCT-1_1_1"
"2211","TCCTCGATCGGCTTGG-1_1_1"
"2212","TCCTCGATCTGTAAGC-1_1_1"
"2213","TCCTCTTGTGCAGGAT-1_1_1"
"2214","TCCTCTTTCCTTCACG-1_1_1"
"2215","TCCTCTTTCTGGTGCG-1_1_1"
"2216","TCCTGCAGTACTGCCG-1_1_1"
"2217","TCCTGCATCCTCACCA-1_1_1"
"2218","TCCTGCATCGAGCACC-1_1_1"
"2219","TCCTTCTCAGGTCAGA-1_1_1"
"2220","TCCTTCTTCTCAATCT-1_1_1"
"2221","TCGAACAGTCCCTGAG-1_1_1"
"2222","TCGAAGTAGAGAGCGG-1_1_1"
"2223","TCGAAGTAGCACCCAC-1_1_1"
"2224","TCGAAGTAGCCTTGAT-1_1_1"
"2225","TCGAAGTCAAAGGCGT-1_1_1"
"2226","TCGACCTGTTGGGTTT-1_1_1"
"2227","TCGACGGAGTCCTGTA-1_1_1"
"2228","TCGATTTAGAGTAACT-1_1_1"
"2229","TCGATTTCAGGACAGT-1_1_1"
"2230","TCGATTTTCCTCTGCA-1_1_1"
"2231","TCGCACTGTGGGCTTC-1_1_1"
"2232","TCGCAGGCAATCTCGA-1_1_1"
"2233","TCGCAGGTCCAAGCAT-1_1_1"
"2234","TCGCAGGTCTCATTTG-1_1_1"
"2235","TCGCTCAGTTGCATAC-1_1_1"
"2236","TCGCTCATCAGACCCG-1_1_1"
"2237","TCGCTTGCACTGGCGT-1_1_1"
"2238","TCGCTTGCAGAACATA-1_1_1"
"2239","TCGCTTGTCTAAGAAG-1_1_1"
"2240","TCGGATATCAACTGGT-1_1_1"
"2241","TCGGATATCCACCTGT-1_1_1"
"2242","TCGGGACAGATGACCG-1_1_1"
"2243","TCGGGCATCCTCTCTT-1_1_1"
"2244","TCGGTCTGTCATACCA-1_1_1"
"2245","TCGTAGAAGGCACTCC-1_1_1"
"2246","TCGTAGAGTTGCAAGG-1_1_1"
"2247","TCGTCCAAGCAGGCAT-1_1_1"
"2248","TCGTCCAAGGATGGCT-1_1_1"
"2249","TCGTCCAAGGGCTGAT-1_1_1"
"2250","TCGTCCAGTGCGTTTA-1_1_1"
"2251","TCTAACTAGGATCATA-1_1_1"
"2252","TCTAACTAGTAGTCAA-1_1_1"
"2253","TCTAACTGTATCATGC-1_1_1"
"2254","TCTAACTGTCGGCCTA-1_1_1"
"2255","TCTAACTTCCATTGGA-1_1_1"
"2256","TCTAACTTCTCGGTAA-1_1_1"
"2257","TCTACATCACACACTA-1_1_1"
"2258","TCTACATCACTGTCCT-1_1_1"
"2259","TCTACATTCCTTACCG-1_1_1"
"2260","TCTACCGCATTCTCCG-1_1_1"
"2261","TCTATACGTGTTAACC-1_1_1"
"2262","TCTATCAAGACATATG-1_1_1"
"2263","TCTATCAAGCCATTCA-1_1_1"
"2264","TCTATCACAGCAGTGA-1_1_1"
"2265","TCTATCACAGGTGTGA-1_1_1"
"2266","TCTCACGAGGGACCAT-1_1_1"
"2267","TCTCACGCAATCTGCA-1_1_1"
"2268","TCTCACGCACCTCGTT-1_1_1"
"2269","TCTCACGGTCCAGGTC-1_1_1"
"2270","TCTCACGGTCTCACAA-1_1_1"
"2271","TCTCAGCCATGAATAG-1_1_1"
"2272","TCTCAGCTCCCTATTA-1_1_1"
"2273","TCTCAGCTCCTCACCA-1_1_1"
"2274","TCTCAGCTCTGTCCGT-1_1_1"
"2275","TCTCTGGGTAACGTTC-1_1_1"
"2276","TCTCTGGGTCCTGAAT-1_1_1"
"2277","TCTGCCACAGCTTTCC-1_1_1"
"2278","TCTGCCAGTCAGTCTA-1_1_1"
"2279","TCTGCCATCATGGGAG-1_1_1"
"2280","TCTGTCGTCTGTAACG-1_1_1"
"2281","TCTTAGTCATAGAATG-1_1_1"
"2282","TCTTAGTGTAAGATTG-1_1_1"
"2283","TCTTAGTTCCGGTTCT-1_1_1"
"2284","TCTTCCTAGCTTTCTT-1_1_1"
"2285","TCTTCCTCAGCTATAC-1_1_1"
"2286","TCTTGCGAGTACGTCT-1_1_1"
"2287","TCTTGCGAGTGATAAC-1_1_1"
"2288","TCTTGCGCAGAACCGA-1_1_1"
"2289","TCTTTGAGTATCCCAA-1_1_1"
"2290","TCTTTGATCAATCAGC-1_1_1"
"2291","TGAACGTCACCCTTGT-1_1_1"
"2292","TGAACGTTCAAAGACA-1_1_1"
"2293","TGAATCGCAAGACCTT-1_1_1"
"2294","TGAATCGCAAGTGTCT-1_1_1"
"2295","TGAATCGGTCGTTTCC-1_1_1"
"2296","TGAATCGGTCTTACTT-1_1_1"
"2297","TGAATCGGTGAACCGA-1_1_1"
"2298","TGAATGCCACCCGTAG-1_1_1"
"2299","TGAATGCGTGTTGACT-1_1_1"
"2300","TGAATGCTCAGACCGC-1_1_1"
"2301","TGACAGTAGGTTCACT-1_1_1"
"2302","TGACAGTCAATACCCA-1_1_1"
"2303","TGACCCTGTCTTGCGG-1_1_1"
"2304","TGACCCTTCGTTTACT-1_1_1"
"2305","TGACCCTTCTAGGAAA-1_1_1"
"2306","TGACGCGAGGATTCAA-1_1_1"
"2307","TGACGCGAGGTTATAG-1_1_1"
"2308","TGACGCGCACATGGTT-1_1_1"
"2309","TGACGCGGTCTAGTGT-1_1_1"
"2310","TGACGCGGTGTTAGCT-1_1_1"
"2311","TGACGCGTCCACAGGC-1_1_1"
"2312","TGACTCCGTACCGGCT-1_1_1"
"2313","TGACTCCGTTGTAGCT-1_1_1"
"2314","TGACTCCTCGAGAAGC-1_1_1"
"2315","TGAGACTAGACATATG-1_1_1"
"2316","TGAGACTAGGGTAATT-1_1_1"
"2317","TGAGACTCAACCAACT-1_1_1"
"2318","TGAGACTGTGCGGATA-1_1_1"
"2319","TGAGCATAGATGAATC-1_1_1"
"2320","TGAGCATAGTTTCTTC-1_1_1"
"2321","TGAGCATCAAGACAAT-1_1_1"
"2322","TGAGCATCATGACAAA-1_1_1"
"2323","TGAGCGCCAGCTCGGT-1_1_1"
"2324","TGAGGAGAGCGCCTTG-1_1_1"
"2325","TGAGGAGAGCTGTCCG-1_1_1"
"2326","TGAGGAGGTTCTAAGC-1_1_1"
"2327","TGAGGAGTCCTGTTAT-1_1_1"
"2328","TGAGGGACAAATCAGA-1_1_1"
"2329","TGAGGGAGTACACTCA-1_1_1"
"2330","TGAGGGATCTTCACAT-1_1_1"
"2331","TGAGGTTGTCCTCCAT-1_1_1"
"2332","TGAGGTTTCGTCGACG-1_1_1"
"2333","TGAGGTTTCTTTGATC-1_1_1"
"2334","TGAGTCAGTATTCTCT-1_1_1"
"2335","TGAGTCATCCGTATGA-1_1_1"
"2336","TGATCAGAGCGCTGCT-1_1_1"
"2337","TGATCAGTCTACAGGT-1_1_1"
"2338","TGATCAGTCTTTCAGT-1_1_1"
"2339","TGATGCAAGAGTACCG-1_1_1"
"2340","TGATGCAAGGCTCACC-1_1_1"
"2341","TGATGCAGTAGAGCTG-1_1_1"
"2342","TGATGCAGTGCAACAG-1_1_1"
"2343","TGATGCAGTTTGACAC-1_1_1"
"2344","TGATGCATCGGTAGAG-1_1_1"
"2345","TGATGGTAGACAAGCC-1_1_1"
"2346","TGATGGTCAATTGCTG-1_1_1"
"2347","TGATGGTGTGGATTTC-1_1_1"
"2348","TGATGGTTCATTGCTT-1_1_1"
"2349","TGATTCTGTCGAAACG-1_1_1"
"2350","TGATTCTTCTTCGACC-1_1_1"
"2351","TGATTTCAGACAGTCG-1_1_1"
"2352","TGATTTCAGTCTGCAT-1_1_1"
"2353","TGATTTCTCTCCTGCA-1_1_1"
"2354","TGCACGGAGGGACAGG-1_1_1"
"2355","TGCACGGCAGACATCT-1_1_1"
"2356","TGCACGGGTCGCACAC-1_1_1"
"2357","TGCAGATGTCACGTGC-1_1_1"
"2358","TGCAGATGTGCTGATT-1_1_1"
"2359","TGCAGATTCTGCCTGT-1_1_1"
"2360","TGCAGGCAGCATCCCG-1_1_1"
"2361","TGCAGGCAGTGGACTG-1_1_1"
"2362","TGCAGGCGTGACTCGC-1_1_1"
"2363","TGCAGGCTCCAACCAA-1_1_1"
"2364","TGCAGTAAGTTAACGA-1_1_1"
"2365","TGCAGTACAGGCACAA-1_1_1"
"2366","TGCAGTAGTAAGTAGT-1_1_1"
"2367","TGCATCCAGTTGGCTT-1_1_1"
"2368","TGCATCCCAGCTTTGA-1_1_1"
"2369","TGCATCCGTTGCTGAT-1_1_1"
"2370","TGCATGAAGCAGTACG-1_1_1"
"2371","TGCATGAGTACCGTCG-1_1_1"
"2372","TGCCGAGAGTTACGTC-1_1_1"
"2373","TGCCGAGTCGTGCGAC-1_1_1"
"2374","TGCGATAGTCTACGTA-1_1_1"
"2375","TGCGATAGTGCTCCGA-1_1_1"
"2376","TGCGATATCTGGGAGA-1_1_1"
"2377","TGCGGCAAGACTCTTG-1_1_1"
"2378","TGCGGCAAGATACAGT-1_1_1"
"2379","TGCGGCAAGGCAGTCA-1_1_1"
"2380","TGCGGCACACAGCTTA-1_1_1"
"2381","TGCGGCACACGGCTAC-1_1_1"
"2382","TGCGGCACAGAAGTGC-1_1_1"
"2383","TGCGGCACATGCCGCA-1_1_1"
"2384","TGCGGCATCCAACCGG-1_1_1"
"2385","TGCGGCATCGCAAGAG-1_1_1"
"2386","TGCGGGTCATCCTTGC-1_1_1"
"2387","TGCGGGTTCCCATAAG-1_1_1"
"2388","TGCTCCAAGTATGGCG-1_1_1"
"2389","TGCTCCAGTGTATTGC-1_1_1"
"2390","TGCTCGTCATTAGGCT-1_1_1"
"2391","TGCTGAAAGCAAGTGC-1_1_1"
"2392","TGCTGAAGTTGACTAC-1_1_1"
"2393","TGCTGAATCACTCGAA-1_1_1"
"2394","TGCTGAATCCAAGGGA-1_1_1"
"2395","TGCTGAATCTGGGCCA-1_1_1"
"2396","TGCTTCGAGTGCCTCG-1_1_1"
"2397","TGCTTCGTCAGAGTTC-1_1_1"
"2398","TGCTTGCAGGGATCTG-1_1_1"
"2399","TGGAACTCACCCAAGC-1_1_1"
"2400","TGGAACTTCGTGACTA-1_1_1"
"2401","TGGAGAGTCGGTAGGA-1_1_1"
"2402","TGGATCATCGCATTGA-1_1_1"
"2403","TGGATCATCGTAGTGT-1_1_1"
"2404","TGGATGTAGACGGTTG-1_1_1"
"2405","TGGATGTTCAGAGTGG-1_1_1"
"2406","TGGCGTGGTTCGGTAT-1_1_1"
"2407","TGGCGTGGTTTAGAGA-1_1_1"
"2408","TGGGAAGAGTGGTGAC-1_1_1"
"2409","TGGGAAGGTCATAACC-1_1_1"
"2410","TGGGAGAAGTAAGGGA-1_1_1"
"2411","TGGGAGAGTAGTCGGA-1_1_1"
"2412","TGGGATTCAAATAGCA-1_1_1"
"2413","TGGGATTCAATAGTGA-1_1_1"
"2414","TGGGATTTCAGTGATC-1_1_1"
"2415","TGGGCGTAGTGGCAGT-1_1_1"
"2416","TGGGCGTGTATACAGA-1_1_1"
"2417","TGGGCGTGTGGAGGTT-1_1_1"
"2418","TGGGCTGAGCTAAACA-1_1_1"
"2419","TGGGCTGGTAATTGGA-1_1_1"
"2420","TGGGTTAGTCTACATG-1_1_1"
"2421","TGGTACAAGAAGAACG-1_1_1"
"2422","TGGTACAAGGCTGTAG-1_1_1"
"2423","TGGTACAAGTAGGGTC-1_1_1"
"2424","TGGTACACAGCTATTG-1_1_1"
"2425","TGGTACAGTCGCTTGG-1_1_1"
"2426","TGGTAGTTCTCCATAT-1_1_1"
"2427","TGGTGATAGATGCTTC-1_1_1"
"2428","TGGTGATAGCTAGAGC-1_1_1"
"2429","TGGTGATAGTCGGGAT-1_1_1"
"2430","TGGTGATCACTAACCA-1_1_1"
"2431","TGGTGATTCGCGTGAC-1_1_1"
"2432","TGGTTAGCACCATATG-1_1_1"
"2433","TGGTTAGCACCTGATA-1_1_1"
"2434","TGTAACGAGCCTCTTC-1_1_1"
"2435","TGTAAGCAGAAATTCG-1_1_1"
"2436","TGTAAGCTCAGGGATG-1_1_1"
"2437","TGTAAGCTCTGGCCTT-1_1_1"
"2438","TGTACAGGTGCATTTG-1_1_1"
"2439","TGTAGACAGCATATGA-1_1_1"
"2440","TGTAGACTCGACCCAG-1_1_1"
"2441","TGTCAGAAGGACGCTA-1_1_1"
"2442","TGTCCACCACCAGCTG-1_1_1"
"2443","TGTCCACCACTAACGT-1_1_1"
"2444","TGTCCACTCGAGAGCA-1_1_1"
"2445","TGTCCCATCTCGTCAC-1_1_1"
"2446","TGTCCTGCAACCAACT-1_1_1"
"2447","TGTCCTGCACCTCTGT-1_1_1"
"2448","TGTCCTGTCATAGACC-1_1_1"
"2449","TGTGAGTAGCTAGAAT-1_1_1"
"2450","TGTGAGTAGGTAGATT-1_1_1"
"2451","TGTGATGAGATCACCT-1_1_1"
"2452","TGTGATGCACTACACA-1_1_1"
"2453","TGTGATGTCCTACTGC-1_1_1"
"2454","TGTGCGGAGTAAACGT-1_1_1"
"2455","TGTGCGGAGTCATGCT-1_1_1"
"2456","TGTGCGGTCTACACTT-1_1_1"
"2457","TGTGGCGCAAAGGATT-1_1_1"
"2458","TGTGTGAAGAAGTCAT-1_1_1"
"2459","TGTGTGAAGCTGCCTG-1_1_1"
"2460","TGTGTGAGTGGATACG-1_1_1"
"2461","TGTGTGATCAAGCCAT-1_1_1"
"2462","TGTTACTAGAGGTATT-1_1_1"
"2463","TGTTACTGTCTAGGCC-1_1_1"
"2464","TGTTACTTCACGGTCG-1_1_1"
"2465","TGTTACTTCGTGGCTG-1_1_1"
"2466","TGTTACTTCTTCTAAC-1_1_1"
"2467","TGTTCATTCGGACTTA-1_1_1"
"2468","TGTTCCGGTCAAGCGA-1_1_1"
"2469","TGTTCTAGTATTCTCT-1_1_1"
"2470","TGTTCTATCCGTATGA-1_1_1"
"2471","TGTTGAGAGGTCTGGA-1_1_1"
"2472","TGTTGAGCAAATGCGG-1_1_1"
"2473","TGTTGGACAGTCGCAC-1_1_1"
"2474","TGTTGGAGTGTACATC-1_1_1"
"2475","TGTTTGTCAAGAGAGA-1_1_1"
"2476","TGTTTGTGTACGCTAT-1_1_1"
"2477","TTAATCCAGCGTACAG-1_1_1"
"2478","TTAATCCGTATGAGCG-1_1_1"
"2479","TTACAGGAGACAAGCC-1_1_1"
"2480","TTACAGGCAAGTTCCA-1_1_1"
"2481","TTACAGGCACGGTGCT-1_1_1"
"2482","TTACAGGCATTAAAGG-1_1_1"
"2483","TTACAGGGTCAACATC-1_1_1"
"2484","TTACAGGGTCGAACAG-1_1_1"
"2485","TTACAGGGTCTAGTGT-1_1_1"
"2486","TTACAGGTCTCTAGGA-1_1_1"
"2487","TTACCATCACATACGT-1_1_1"
"2488","TTACCATGTCGCGTCA-1_1_1"
"2489","TTACCATGTCTCGCGA-1_1_1"
"2490","TTACCATGTTGTTTGG-1_1_1"
"2491","TTACCGCTCACTGGGC-1_1_1"
"2492","TTACCGCTCCACCTCA-1_1_1"
"2493","TTACGTTAGTACCGGA-1_1_1"
"2494","TTACGTTCACTGAATC-1_1_1"
"2495","TTACGTTTCGGTGTAT-1_1_1"
"2496","TTACTGTCAGGTAGTG-1_1_1"
"2497","TTAGGCAGTTGTGTAC-1_1_1"
"2498","TTAGGGTCAGTAGTGG-1_1_1"
"2499","TTAGTCTCATAGAAAC-1_1_1"
"2500","TTAGTCTCATCGTCCT-1_1_1"
"2501","TTATTGCGTTCTAACG-1_1_1"
"2502","TTATTGCTCTGAGTCA-1_1_1"
"2503","TTCAATCGTCACCTTC-1_1_1"
"2504","TTCAATCGTTGCTCCT-1_1_1"
"2505","TTCAATCTCTAGTGAC-1_1_1"
"2506","TTCACCGCAAACCATC-1_1_1"
"2507","TTCACCGGTAATGCTC-1_1_1"
"2508","TTCACGCAGTCCTACA-1_1_1"
"2509","TTCACGCCATCTAACG-1_1_1"
"2510","TTCACGCGTAAGGCTG-1_1_1"
"2511","TTCAGGAGTGGGTTGA-1_1_1"
"2512","TTCAGGATCATTATCC-1_1_1"
"2513","TTCAGGATCTTCGATT-1_1_1"
"2514","TTCATGTGTTCCGGTG-1_1_1"
"2515","TTCATTGAGATCGCTT-1_1_1"
"2516","TTCATTGGTACTAGCT-1_1_1"
"2517","TTCATTGTCACTTGGA-1_1_1"
"2518","TTCATTGTCGGATTAC-1_1_1"
"2519","TTCATTGTCTGAGGTT-1_1_1"
"2520","TTCCAATGTACATTGC-1_1_1"
"2521","TTCCACGCAAGCTCTA-1_1_1"
"2522","TTCCACGCAGACCATT-1_1_1"
"2523","TTCCGGTGTAAGGAGA-1_1_1"
"2524","TTCCGGTTCCATCTCG-1_1_1"
"2525","TTCCGTGAGGCTCTAT-1_1_1"
"2526","TTCCGTGGTTATGGTC-1_1_1"
"2527","TTCCGTGTCCCACAGG-1_1_1"
"2528","TTCCTAAAGTAAATGC-1_1_1"
"2529","TTCCTAAAGTCCTGCG-1_1_1"
"2530","TTCCTAAAGTTGTAGA-1_1_1"
"2531","TTCCTAAGTGTTATCG-1_1_1"
"2532","TTCCTAATCAGGGATG-1_1_1"
"2533","TTCCTCTCAGTTTCAG-1_1_1"
"2534","TTCCTTCAGATGGCGT-1_1_1"
"2535","TTCCTTCAGCGACTAG-1_1_1"
"2536","TTCCTTCGTGGATCGA-1_1_1"
"2537","TTCCTTCTCGGAGTGA-1_1_1"
"2538","TTCCTTCTCGTCCTTG-1_1_1"
"2539","TTCGATTGTGACCGAA-1_1_1"
"2540","TTCGCTGAGCCAAGTG-1_1_1"
"2541","TTCGCTGAGCCGAACA-1_1_1"
"2542","TTCGCTGAGGACTGGT-1_1_1"
"2543","TTCGCTGGTACGTACT-1_1_1"
"2544","TTCGGTCAGGATGTTA-1_1_1"
"2545","TTCGGTCAGTAGTCCT-1_1_1"
"2546","TTCGGTCCATGAGATA-1_1_1"
"2547","TTCGGTCCATGCAGCC-1_1_1"
"2548","TTCGGTCTCCTTCGAC-1_1_1"
"2549","TTCGGTCTCTCTTGCG-1_1_1"
"2550","TTCTAACAGGCTCTCG-1_1_1"
"2551","TTCTAACGTTCACCGG-1_1_1"
"2552","TTCTAACTCAGCTGTA-1_1_1"
"2553","TTCTAACTCTCATTAC-1_1_1"
"2554","TTCTAGTAGAGATGCC-1_1_1"
"2555","TTCTAGTCAGCGGTCT-1_1_1"
"2556","TTCTAGTTCATTTGTC-1_1_1"
"2557","TTCTCTCCACTGCACG-1_1_1"
"2558","TTCTCTCGTATCAGCT-1_1_1"
"2559","TTCTCTCTCACTTATC-1_1_1"
"2560","TTCTCTCTCTCCGATC-1_1_1"
"2561","TTCTGTAAGTGAGGTC-1_1_1"
"2562","TTCTGTACACGTAGTT-1_1_1"
"2563","TTCTGTATCACCTCTG-1_1_1"
"2564","TTCTTCCAGCGGACAT-1_1_1"
"2565","TTCTTCCGTAGCACAG-1_1_1"
"2566","TTCTTGAGTACGTGAG-1_1_1"
"2567","TTCTTGAGTGTCATCA-1_1_1"
"2568","TTCTTGATCGCGTCGA-1_1_1"
"2569","TTCTTGATCTAGTCAG-1_1_1"
"2570","TTGAACGAGTCATGGG-1_1_1"
"2571","TTGAACGCAAGAGAGA-1_1_1"
"2572","TTGAACGCATTCATCT-1_1_1"
"2573","TTGACCCGTCAATGGG-1_1_1"
"2574","TTGACCCTCTAGCCAA-1_1_1"
"2575","TTGACCCTCTAGTGTG-1_1_1"
"2576","TTGACCCTCTATGCCC-1_1_1"
"2577","TTGAGTGAGTCTAGAA-1_1_1"
"2578","TTGAGTGCACCGTCTT-1_1_1"
"2579","TTGAGTGCAGATACCT-1_1_1"
"2580","TTGAGTGTCTACCCAC-1_1_1"
"2581","TTGATGGAGACCCTTA-1_1_1"
"2582","TTGATGGAGGTCGTGA-1_1_1"
"2583","TTGATGGCACTTACAG-1_1_1"
"2584","TTGATGGGTCTATGAC-1_1_1"
"2585","TTGATGGGTGGGTATG-1_1_1"
"2586","TTGCATTGTAGCACGA-1_1_1"
"2587","TTGCATTGTATCCCAA-1_1_1"
"2588","TTGCATTGTGTAGCAG-1_1_1"
"2589","TTGCATTGTTCATCTT-1_1_1"
"2590","TTGCCTGAGACCCTTA-1_1_1"
"2591","TTGCCTGAGCCTTCTC-1_1_1"
"2592","TTGCCTGGTACGATGG-1_1_1"
"2593","TTGCCTGTCCCATGGG-1_1_1"
"2594","TTGCGTCCAATAGTAG-1_1_1"
"2595","TTGCGTCCAGCCTATA-1_1_1"
"2596","TTGCTGCAGCCTCTGG-1_1_1"
"2597","TTGGATGCAAGTCCCG-1_1_1"
"2598","TTGGATGGTAGCGTCC-1_1_1"
"2599","TTGGATGGTTCCACAA-1_1_1"
"2600","TTGGGATAGTTCATCG-1_1_1"
"2601","TTGGGATCACACCTTC-1_1_1"
"2602","TTGGGATTCTTCGACC-1_1_1"
"2603","TTGGTTTCAACAGTGG-1_1_1"
"2604","TTGGTTTCAATAACCC-1_1_1"
"2605","TTGGTTTGTACATACC-1_1_1"
"2606","TTGGTTTGTCGAATTC-1_1_1"
"2607","TTGGTTTTCGTGTGAT-1_1_1"
"2608","TTGTGGAGTGCATACT-1_1_1"
"2609","TTGTGTTCAAACTCGT-1_1_1"
"2610","TTGTGTTTCCAACCGG-1_1_1"
"2611","TTGTTCACAAAGACTA-1_1_1"
"2612","TTGTTCACACCTGATA-1_1_1"
"2613","TTGTTCACATACCATG-1_1_1"
"2614","TTGTTCAGTGACAGCA-1_1_1"
"2615","TTGTTCAGTGGTCTGC-1_1_1"
"2616","TTGTTCATCAAGCCGC-1_1_1"
"2617","TTGTTGTAGTGAACAT-1_1_1"
"2618","TTGTTGTCAAATGGCG-1_1_1"
"2619","TTGTTGTGTATACAGA-1_1_1"
"2620","TTGTTTGAGGCCTTGC-1_1_1"
"2621","TTGTTTGCACCGTCTT-1_1_1"
"2622","TTGTTTGCACTTCAAG-1_1_1"
"2623","TTGTTTGCAGGGTTGA-1_1_1"
"2624","TTGTTTGTCAGTAGGG-1_1_1"
"2625","TTGTTTGTCGATGCAT-1_1_1"
"2626","TTTACCAAGAGATGCC-1_1_1"
"2627","TTTACCAAGCCTGCCA-1_1_1"
"2628","TTTACCACACAGTACT-1_1_1"
"2629","TTTACCACATGAGGGT-1_1_1"
"2630","TTTACGTGTCACTCTC-1_1_1"
"2631","TTTACGTTCATTGCTT-1_1_1"
"2632","TTTACGTTCTGCTGAA-1_1_1"
"2633","TTTACTGCAGTGTGCC-1_1_1"
"2634","TTTAGTCAGGCCTGAA-1_1_1"
"2635","TTTAGTCCACATGTTG-1_1_1"
"2636","TTTAGTCCAGCTTCGG-1_1_1"
"2637","TTTAGTCTCTCGACCT-1_1_1"
"2638","TTTATGCAGCACCGTC-1_1_1"
"2639","TTTATGCAGTACAGAT-1_1_1"
"2640","TTTATGCTCTACACTT-1_1_1"
"2641","TTTCACACAGTGCCTG-1_1_1"
"2642","TTTCAGTCAGTAGGAC-1_1_1"
"2643","TTTCAGTGTCCCAAAT-1_1_1"
"2644","TTTCAGTTCAAAGACA-1_1_1"
"2645","TTTCATGCATCGATGT-1_1_1"
"2646","TTTCATGGTAACGGTG-1_1_1"
"2647","TTTCATGTCATAGAGA-1_1_1"
"2648","TTTCATGTCCACACAA-1_1_1"
"2649","TTTCCTCAGCCGCACT-1_1_1"
"2650","TTTCCTCTCAGACTGT-1_1_1"
"2651","TTTCCTCTCCTGTAAG-1_1_1"
"2652","TTTCGATCAGGCGAAT-1_1_1"
"2653","TTTCGATGTGCCCGTA-1_1_1"
"2654","TTTCGATGTTGTGGAG-1_1_1"
"2655","TTTGACTCAATTCTCT-1_1_1"
"2656","TTTGACTCAGACAAGC-1_1_1"
"2657","TTTGACTGTAGCTGAG-1_1_1"
"2658","TTTGACTGTCAAATCC-1_1_1"
"2659","TTTGATCAGGTACTGG-1_1_1"
"2660","TTTGATCCAAGCTGCC-1_1_1"
"2661","TTTGATCCATCCGGCA-1_1_1"
"2662","TTTGGAGCAACACGTT-1_1_1"
"2663","TTTGGAGGTAGAGGAA-1_1_1"
"2664","TTTGGTTCAGTCACGC-1_1_1"
"2665","TTTGGTTGTTGTATGC-1_1_1"
"2666","TTTGGTTTCTATCACT-1_1_1"
"2667","TTTGTTGCAACAGTGG-1_1_1"
"2668","TTTGTTGGTCTCAGGC-1_1_1"
