"","x"
"1","AAACGAAAGAACGTGC-1_6_1"
"2","AAACGCTAGAGAATCT-1_6_1"
"3","AAACGCTAGCATCAGG-1_6_1"
"4","AAAGAACAGCGCCGTT-1_6_1"
"5","AAAGGATGTTGTGCCG-1_6_1"
"6","AAAGGTAGTGGCCCAT-1_6_1"
"7","AAAGTGAAGAATGTTG-1_6_1"
"8","AAAGTGAAGACTCGAG-1_6_1"
"9","AAAGTGAAGGTAAAGG-1_6_1"
"10","AAAGTGATCGCCTTTG-1_6_1"
"11","AAATGGAGTGCTGCAC-1_6_1"
"12","AACAAAGCATCGCCTT-1_6_1"
"13","AACAACCTCGAGTTGT-1_6_1"
"14","AACAAGATCGTGCGAC-1_6_1"
"15","AACACACTCTTTGCAT-1_6_1"
"16","AACAGGGAGAATAACC-1_6_1"
"17","AACAGGGAGGGAGGGT-1_6_1"
"18","AACAGGGCACCTAAAC-1_6_1"
"19","AACCACACAAACTCTG-1_6_1"
"20","AACCACACATCATCCC-1_6_1"
"21","AACCATGAGTGGTTGG-1_6_1"
"22","AACCCAAAGATACTGA-1_6_1"
"23","AACCCAAAGCCGCACT-1_6_1"
"24","AACCCAAAGTCTTGGT-1_6_1"
"25","AACCCAATCATTGCTT-1_6_1"
"26","AACGAAACAACTCGTA-1_6_1"
"27","AACGAAAGTTCAAAGA-1_6_1"
"28","AACGGGAGTAGGAGGG-1_6_1"
"29","AACGTCAAGATAACGT-1_6_1"
"30","AACGTCAAGTCACGAG-1_6_1"
"31","AACGTCACACTGTGAT-1_6_1"
"32","AAGACAAAGTTCCGTA-1_6_1"
"33","AAGACTCAGTCTGCGC-1_6_1"
"34","AAGATAGCATGAAGCG-1_6_1"
"35","AAGATAGGTGAACCGA-1_6_1"
"36","AAGCATCAGACCGTTT-1_6_1"
"37","AAGCATCGTACCTTCC-1_6_1"
"38","AAGCATCGTCACCGAC-1_6_1"
"39","AAGCCATCATAATGCC-1_6_1"
"40","AAGCCATGTTCAGGTT-1_6_1"
"41","AAGCGAGGTAGGACTG-1_6_1"
"42","AAGCGTTCACAAGCTT-1_6_1"
"43","AAGGTAAAGCAGATAT-1_6_1"
"44","AAGTACCCAGACACCC-1_6_1"
"45","AAGTGAAAGACAGCGT-1_6_1"
"46","AAGTGAACAAGCACAG-1_6_1"
"47","AAGTTCGAGTTGCCCG-1_6_1"
"48","AAGTTCGGTGCAGATG-1_6_1"
"49","AAGTTCGTCTCATGGA-1_6_1"
"50","AATAGAGAGTTATGGA-1_6_1"
"51","AATAGAGTCGTGACTA-1_6_1"
"52","AATCACGCACGAAAGC-1_6_1"
"53","AATCGACAGTAAGCAT-1_6_1"
"54","AATCGACGTTGTTTGG-1_6_1"
"55","AATGAAGCACGACGAA-1_6_1"
"56","AATGAAGTCACCCATC-1_6_1"
"57","AATGAAGTCCGATCGG-1_6_1"
"58","AATGACCCAGGTCAAG-1_6_1"
"59","AATGCCATCGTGACTA-1_6_1"
"60","AATGGAAAGCGACCCT-1_6_1"
"61","AATGGAACACGTCGTG-1_6_1"
"62","AATGGCTCAAGTGCTT-1_6_1"
"63","AATGGCTTCAGGTGTT-1_6_1"
"64","AATTCCTAGATTGATG-1_6_1"
"65","AATTTCCGTAATTAGG-1_6_1"
"66","ACAAAGAAGATGCTTC-1_6_1"
"67","ACAAAGACATGTGGTT-1_6_1"
"68","ACAAAGAGTTCGGCTG-1_6_1"
"69","ACAACCAAGGAAAGGT-1_6_1"
"70","ACAAGCTGTATCGATC-1_6_1"
"71","ACAAGCTTCCTACTGC-1_6_1"
"72","ACACAGTAGTGCGTCC-1_6_1"
"73","ACACCAACAGCGCTTG-1_6_1"
"74","ACACCAACATAAGATG-1_6_1"
"75","ACACGCGCAGAGTCAG-1_6_1"
"76","ACACTGAAGATGAACT-1_6_1"
"77","ACACTGACAAGTTCGT-1_6_1"
"78","ACACTGAGTGTTGAGG-1_6_1"
"79","ACACTGAGTTAGAGAT-1_6_1"
"80","ACAGAAAAGACTAAGT-1_6_1"
"81","ACAGCCGAGGGTTTCT-1_6_1"
"82","ACAGGGAAGGAAGTAG-1_6_1"
"83","ACATCCCGTGGAAGTC-1_6_1"
"84","ACATCCCGTTCAACGT-1_6_1"
"85","ACATCGAAGTCCCAGC-1_6_1"
"86","ACATCGATCATGAAAG-1_6_1"
"87","ACATGCAGTAAGGCTG-1_6_1"
"88","ACATTTCAGGGCTAAC-1_6_1"
"89","ACATTTCCAGGGACTA-1_6_1"
"90","ACATTTCTCACGACTA-1_6_1"
"91","ACCAACACATCGATGT-1_6_1"
"92","ACCACAAGTAGTTACC-1_6_1"
"93","ACCACAAGTCCATACA-1_6_1"
"94","ACCATTTAGCAATTAG-1_6_1"
"95","ACCCAAATCCTGGGAC-1_6_1"
"96","ACCCTCAAGGTGAGCT-1_6_1"
"97","ACCTACCCAAGAGTGC-1_6_1"
"98","ACCTGAAAGCATATGA-1_6_1"
"99","ACCTGAACAGAGTTCT-1_6_1"
"100","ACCTGAACATGCGTGC-1_6_1"
"101","ACCTGAATCAAGCGTT-1_6_1"
"102","ACCTGAATCATAGACC-1_6_1"
"103","ACCTGTCGTATAGGGC-1_6_1"
"104","ACGATCAAGCAGCACA-1_6_1"
"105","ACGATGTAGGCTCCCA-1_6_1"
"106","ACGATGTCACTGCACG-1_6_1"
"107","ACGATGTTCCCGAGAC-1_6_1"
"108","ACGCACGTCCTTATGT-1_6_1"
"109","ACGCACGTCTGTCCGT-1_6_1"
"110","ACGGAAGTCTTGATTC-1_6_1"
"111","ACGGGTCCATGATAGA-1_6_1"
"112","ACGGTCGCATATCTCT-1_6_1"
"113","ACGGTCGCATCGTTCC-1_6_1"
"114","ACGGTCGCATTGCTTT-1_6_1"
"115","ACGGTTAAGCTAAATG-1_6_1"
"116","ACGGTTATCGGACTGC-1_6_1"
"117","ACGGTTATCTCCGATC-1_6_1"
"118","ACGTAACAGGTGGTTG-1_6_1"
"119","ACGTAACTCATCGACA-1_6_1"
"120","ACGTAACTCCACGAAT-1_6_1"
"121","ACGTCCTAGCATCGAG-1_6_1"
"122","ACGTCCTCAGCCGTTG-1_6_1"
"123","ACGTCCTGTATGAGCG-1_6_1"
"124","ACGTCCTGTGGACCTC-1_6_1"
"125","ACGTTCCAGTCGCCAC-1_6_1"
"126","ACTACGAAGGGTGAAA-1_6_1"
"127","ACTACGAGTCAATCTG-1_6_1"
"128","ACTACGATCACTGAAC-1_6_1"
"129","ACTATCTAGAGAGCAA-1_6_1"
"130","ACTATCTGTATGCTAC-1_6_1"
"131","ACTATCTGTGACGTCC-1_6_1"
"132","ACTATGGAGATGCGAC-1_6_1"
"133","ACTATGGGTTCACCGG-1_6_1"
"134","ACTATTCAGGTTGACG-1_6_1"
"135","ACTATTCCAATGGCCC-1_6_1"
"136","ACTATTCCACAGTACT-1_6_1"
"137","ACTATTCTCACTCGAA-1_6_1"
"138","ACTATTCTCTCTCTTC-1_6_1"
"139","ACTCCCATCGTCGCTT-1_6_1"
"140","ACTCTCGGTGATTAGA-1_6_1"
"141","ACTCTCGTCTGACCCT-1_6_1"
"142","ACTGATGCACTTGAGT-1_6_1"
"143","ACTGATGTCTAGCATG-1_6_1"
"144","ACTGATGTCTCGAGTA-1_6_1"
"145","ACTGCAAAGGTTAGTA-1_6_1"
"146","ACTGTCCGTCACAGTT-1_6_1"
"147","ACTGTCCTCCGGTAGC-1_6_1"
"148","ACTTAGGTCTGGCCGA-1_6_1"
"149","ACTTATCTCAGACAAA-1_6_1"
"150","ACTTATCTCGCTCATC-1_6_1"
"151","ACTTCCGCAGATACTC-1_6_1"
"152","ACTTCGCAGTGCTAGG-1_6_1"
"153","ACTTCGCCAACAGCCC-1_6_1"
"154","ACTTTCAGTCCTCCTA-1_6_1"
"155","ACTTTCATCCACTGAA-1_6_1"
"156","ACTTTCATCGCTTGCT-1_6_1"
"157","AGAACAATCCCATACC-1_6_1"
"158","AGAACCTAGGACTGGT-1_6_1"
"159","AGAACCTAGTCGTCTA-1_6_1"
"160","AGAAGCGAGAAGTCCG-1_6_1"
"161","AGAAGCGCAGTCGCTG-1_6_1"
"162","AGAAGTACACACTTAG-1_6_1"
"163","AGAAGTAGTAAGTAGT-1_6_1"
"164","AGACAAACAGCAGTCC-1_6_1"
"165","AGACACTGTATACGGG-1_6_1"
"166","AGACAGGCAGCGAGTA-1_6_1"
"167","AGACCATCAGGTCAGA-1_6_1"
"168","AGACCATTCAAGTAAG-1_6_1"
"169","AGACCCGCACCAGGTC-1_6_1"
"170","AGACCCGCAGGATGAC-1_6_1"
"171","AGACCCGGTTCACGAT-1_6_1"
"172","AGACTCAAGACTCTTG-1_6_1"
"173","AGACTCACATGACTCA-1_6_1"
"174","AGAGAGCCACTGCTTC-1_6_1"
"175","AGAGCAGCAACCGACC-1_6_1"
"176","AGAGCAGTCAGGACGA-1_6_1"
"177","AGAGCCCAGCCGGAAT-1_6_1"
"178","AGAGCCCTCGCATAGT-1_6_1"
"179","AGATAGACAATAGTCC-1_6_1"
"180","AGATCCAGTGCGTCGT-1_6_1"
"181","AGATCCATCGCAAGAG-1_6_1"
"182","AGATCGTAGTTGTCAC-1_6_1"
"183","AGATGAAGTCTTGCGG-1_6_1"
"184","AGATGCTGTGATTCAC-1_6_1"
"185","AGATGCTTCTGTCCGT-1_6_1"
"186","AGCCACGGTGAGACGT-1_6_1"
"187","AGCCAGCAGATGACAT-1_6_1"
"188","AGCCAGCGTATGAGAT-1_6_1"
"189","AGCGCCATCATTGCCC-1_6_1"
"190","AGCGCTGAGATGGCAC-1_6_1"
"191","AGCGCTGAGCAGTCTT-1_6_1"
"192","AGCGCTGCAATAAGGT-1_6_1"
"193","AGCGCTGGTGAAGCTG-1_6_1"
"194","AGCGCTGTCGTCACCT-1_6_1"
"195","AGCGTATGTCTTCATT-1_6_1"
"196","AGCTACATCACGATCA-1_6_1"
"197","AGCTCAACATTGCCGG-1_6_1"
"198","AGCTTCCGTTGCTTGA-1_6_1"
"199","AGGAATACAGTTACCA-1_6_1"
"200","AGGACGAAGCTTACGT-1_6_1"
"201","AGGACTTGTGACAGCA-1_6_1"
"202","AGGAGGTGTGAGACCA-1_6_1"
"203","AGGATCTGTCGAATGG-1_6_1"
"204","AGGCATTGTCGAGTTT-1_6_1"
"205","AGGCCACGTAGATTGA-1_6_1"
"206","AGGCTGCCAACGACTT-1_6_1"
"207","AGGCTGCCATGACAGG-1_6_1"
"208","AGGCTGCTCAACCTTT-1_6_1"
"209","AGGCTGCTCAAGCGTT-1_6_1"
"210","AGGGCCTAGCATGCGA-1_6_1"
"211","AGGGCTCCACCTCTAC-1_6_1"
"212","AGGGCTCCATCGATCA-1_6_1"
"213","AGGGTCCCAGGTCTCG-1_6_1"
"214","AGGGTCCTCTCCACTG-1_6_1"
"215","AGGGTGAGTCTACATG-1_6_1"
"216","AGGGTGAGTGCAACGA-1_6_1"
"217","AGGGTTTGTTCAAACC-1_6_1"
"218","AGGTCATTCTAGATCG-1_6_1"
"219","AGGTCTAGTGTATTCG-1_6_1"
"220","AGGTCTATCTGCGGGT-1_6_1"
"221","AGGTGTTCATTATGCG-1_6_1"
"222","AGGTGTTGTGATAGTA-1_6_1"
"223","AGGTTGTCAGTGTGGA-1_6_1"
"224","AGTACCAAGCAGTAAT-1_6_1"
"225","AGTACTGAGCTGGAGT-1_6_1"
"226","AGTACTGCAATCGCAT-1_6_1"
"227","AGTACTGCAGTAGTTC-1_6_1"
"228","AGTACTGTCACGAGGA-1_6_1"
"229","AGTAGCTTCAGTGTGT-1_6_1"
"230","AGTAGTCCAGGAATAT-1_6_1"
"231","AGTAGTCCATGCCATA-1_6_1"
"232","AGTAGTCGTCAACACT-1_6_1"
"233","AGTCAACTCGCGCCAA-1_6_1"
"234","AGTCACAGTCTAACTG-1_6_1"
"235","AGTCACATCTAAGGAA-1_6_1"
"236","AGTGACTAGGATACCG-1_6_1"
"237","AGTGATCCATACGCAT-1_6_1"
"238","AGTGCCGAGTAGTCAA-1_6_1"
"239","AGTGCCGCAAGAGTGC-1_6_1"
"240","AGTGCCGTCCACCCTA-1_6_1"
"241","AGTGTTGTCGATACGT-1_6_1"
"242","AGTGTTGTCTGAGCAT-1_6_1"
"243","AGTTCCCGTAATCAAG-1_6_1"
"244","AGTTCGAGTCGCGGTT-1_6_1"
"245","AGTTCGAGTCTTTCAT-1_6_1"
"246","ATACCGATCCCGAAAT-1_6_1"
"247","ATACCGATCCCGTAAA-1_6_1"
"248","ATACTTCAGTAGCTCT-1_6_1"
"249","ATACTTCCAGTTAGAA-1_6_1"
"250","ATAGACCTCCCGTTCA-1_6_1"
"251","ATAGAGAGTAGATCGG-1_6_1"
"252","ATAGAGATCGATGGAG-1_6_1"
"253","ATAGGCTTCTTCTCAA-1_6_1"
"254","ATATCCTCAGAGGAAA-1_6_1"
"255","ATATCCTGTGAGGAAA-1_6_1"
"256","ATCACAGAGTGGAAGA-1_6_1"
"257","ATCACAGCAGGGTTGA-1_6_1"
"258","ATCACGAAGGGTACAC-1_6_1"
"259","ATCACGAAGTGAGGCT-1_6_1"
"260","ATCACGAGTCTTGAGT-1_6_1"
"261","ATCACTTTCACTGGGC-1_6_1"
"262","ATCACTTTCGACGCGT-1_6_1"
"263","ATCAGGTAGCACTAGG-1_6_1"
"264","ATCATTCAGTAATTGG-1_6_1"
"265","ATCATTCAGTCTGGTT-1_6_1"
"266","ATCCCTGAGGGAACAA-1_6_1"
"267","ATCCGTCAGTCATCCA-1_6_1"
"268","ATCCGTCCAGGTCAGA-1_6_1"
"269","ATCCGTCTCCCTAGGG-1_6_1"
"270","ATCCTATAGACAGCGT-1_6_1"
"271","ATCCTATTCACCTTAT-1_6_1"
"272","ATCGGATAGATGAATC-1_6_1"
"273","ATCGGATGTACTAACC-1_6_1"
"274","ATCGGATGTCCTTAAG-1_6_1"
"275","ATCGGATGTGAACCGA-1_6_1"
"276","ATCGGCGAGTGCGCTC-1_6_1"
"277","ATCGGCGGTAACGCGA-1_6_1"
"278","ATCGTAGAGGCCCACT-1_6_1"
"279","ATCGTCCCAGAGAATT-1_6_1"
"280","ATCGTCCGTTTAGACC-1_6_1"
"281","ATCGTCCTCAAAGCCT-1_6_1"
"282","ATCGTGAAGTGGAATT-1_6_1"
"283","ATCGTGACAGTTCACA-1_6_1"
"284","ATCGTGATCCTCGATC-1_6_1"
"285","ATCGTGATCTGAGATC-1_6_1"
"286","ATCTTCAGTTGTTTGG-1_6_1"
"287","ATCTTCATCGGCCCAA-1_6_1"
"288","ATGAAAGCAGTTTCAG-1_6_1"
"289","ATGAAAGTCCTCTGCA-1_6_1"
"290","ATGAGGGTCGAACGCC-1_6_1"
"291","ATGATCGAGCACCAGA-1_6_1"
"292","ATGATCGCAGAGGTTG-1_6_1"
"293","ATGATCGGTTCCACAA-1_6_1"
"294","ATGCCTCCAATAGTAG-1_6_1"
"295","ATGCCTCTCGGAGTGA-1_6_1"
"296","ATGCCTCTCTGGACCG-1_6_1"
"297","ATGGAGGCACTCCTGT-1_6_1"
"298","ATGGAGGTCTTTCAGT-1_6_1"
"299","ATGGATCAGAGTGGCT-1_6_1"
"300","ATGGATCAGTGAGGTC-1_6_1"
"301","ATGGATCCAATTGCAC-1_6_1"
"302","ATGGATCTCCTACGGG-1_6_1"
"303","ATGGGTTGTCTTCGAA-1_6_1"
"304","ATGTCCCAGGATTCCT-1_6_1"
"305","ATGTCCCTCGTTGTTT-1_6_1"
"306","ATGTCTTGTAGTCACT-1_6_1"
"307","ATTACCTAGTTGCCTA-1_6_1"
"308","ATTACCTCAGCGTGCT-1_6_1"
"309","ATTACCTTCGGACAAG-1_6_1"
"310","ATTACCTTCGTAACCA-1_6_1"
"311","ATTACTCAGCCTGACC-1_6_1"
"312","ATTATCCGTAAGATCA-1_6_1"
"313","ATTATCCTCGTGTCAA-1_6_1"
"314","ATTCAGGCATAGTCAC-1_6_1"
"315","ATTCATCTCAGCTTGA-1_6_1"
"316","ATTCCATGTTGGAGAC-1_6_1"
"317","ATTCCCGAGGAAGTGA-1_6_1"
"318","ATTCCCGCAACTCATG-1_6_1"
"319","ATTCCCGCAGAGGACT-1_6_1"
"320","ATTCCCGCATACCACA-1_6_1"
"321","ATTCCCGTCCATTTAC-1_6_1"
"322","ATTCCCGTCTTTGGAG-1_6_1"
"323","ATTCCTAGTTGCTAGT-1_6_1"
"324","ATTCGTTCACTAGGCC-1_6_1"
"325","ATTCTACGTAGTTACC-1_6_1"
"326","ATTCTACGTCCAGTTA-1_6_1"
"327","ATTCTTGGTGACGTCC-1_6_1"
"328","ATTGTTCAGTAGTCTC-1_6_1"
"329","ATTGTTCCACCAGGTC-1_6_1"
"330","ATTTACCGTCAAGCCC-1_6_1"
"331","ATTTACCTCGACCACG-1_6_1"
"332","CAAAGAACAGCCGTTG-1_6_1"
"333","CAACAACCAAGGGTCA-1_6_1"
"334","CAACAGTCATGGAACG-1_6_1"
"335","CAACAGTGTAGCACGA-1_6_1"
"336","CAACCAAAGAATAGTC-1_6_1"
"337","CAACGGCGTGGGACAT-1_6_1"
"338","CAACGGCTCGGAAACG-1_6_1"
"339","CAACGGCTCTCATTTG-1_6_1"
"340","CAAGACTAGCGCGTTC-1_6_1"
"341","CAAGACTCATCACAGT-1_6_1"
"342","CAAGCTAAGACAACAT-1_6_1"
"343","CAAGCTACAATGTGGG-1_6_1"
"344","CAAGCTACAGGAGGTT-1_6_1"
"345","CAAGGGAGTGAGTAAT-1_6_1"
"346","CAATCGAAGACGGATC-1_6_1"
"347","CAATCGAAGGCCACCT-1_6_1"
"348","CAATGACTCATCGCCT-1_6_1"
"349","CAATTTCCACAAACGG-1_6_1"
"350","CACAACAGTCGCTTAA-1_6_1"
"351","CACACAAAGCATGGGT-1_6_1"
"352","CACAGATAGTGTAGAT-1_6_1"
"353","CACAGATTCCCGATCT-1_6_1"
"354","CACAGGCCAGAGATGC-1_6_1"
"355","CACATGAGTGTGCCTG-1_6_1"
"356","CACATGATCATGGCCG-1_6_1"
"357","CACCAAAGTTAATCGC-1_6_1"
"358","CACGAATGTGTCGCTG-1_6_1"
"359","CACGTGGGTCTTCATT-1_6_1"
"360","CACGTGGTCTCTCTAA-1_6_1"
"361","CACGTTCGTAATGCGG-1_6_1"
"362","CACTGAACAAGGGCAT-1_6_1"
"363","CACTGTCAGTAACGAT-1_6_1"
"364","CACTGTCGTAAGGAGA-1_6_1"
"365","CACTGTCTCGGTGCAC-1_6_1"
"366","CACTTCGGTCACTCTC-1_6_1"
"367","CAGATACCACCAGCCA-1_6_1"
"368","CAGATCATCATCGGGC-1_6_1"
"369","CAGATTGAGCACCGAA-1_6_1"
"370","CAGATTGGTTTGGCTA-1_6_1"
"371","CAGCAATTCCACTGAA-1_6_1"
"372","CAGCACGAGATCGCCC-1_6_1"
"373","CAGCACGAGTCGTCTA-1_6_1"
"374","CAGCACGGTAGGACTG-1_6_1"
"375","CAGCACGGTGGTAACG-1_6_1"
"376","CAGCACGGTTCCTACC-1_6_1"
"377","CAGCCAGGTGCACAAG-1_6_1"
"378","CAGCCAGTCACAAGGG-1_6_1"
"379","CAGCGTGAGAGTGACC-1_6_1"
"380","CAGCGTGAGGGCAGGA-1_6_1"
"381","CAGCGTGCACAAAGTA-1_6_1"
"382","CAGCGTGTCGGTAGAG-1_6_1"
"383","CAGGCCAGTATCTCTT-1_6_1"
"384","CAGGTATCAACAACAA-1_6_1"
"385","CAGTTCCAGCGTATAA-1_6_1"
"386","CAGTTCCCACTGTGTA-1_6_1"
"387","CAGTTCCCAGTGCGCT-1_6_1"
"388","CAGTTCCGTTCCGCGA-1_6_1"
"389","CATAAGCTCTCCTGAC-1_6_1"
"390","CATACAGAGTAGTCCT-1_6_1"
"391","CATACCCCACCAGTTA-1_6_1"
"392","CATACTTCAGTTCCAA-1_6_1"
"393","CATACTTGTAACTGCT-1_6_1"
"394","CATCAAGCATGACCCG-1_6_1"
"395","CATCCACTCGACCCAG-1_6_1"
"396","CATCCCATCGAGAAAT-1_6_1"
"397","CATCCGTAGTGAATAC-1_6_1"
"398","CATCCGTGTGACCGAA-1_6_1"
"399","CATCGCTAGACCAACG-1_6_1"
"400","CATCGCTAGAGTTGCG-1_6_1"
"401","CATCGCTGTTCCGCAG-1_6_1"
"402","CATCGCTGTTGCCTAA-1_6_1"
"403","CATCGCTGTTGCTCAA-1_6_1"
"404","CATCGCTTCCTGGGAC-1_6_1"
"405","CATCGGGGTGATGGCA-1_6_1"
"406","CATCGTCAGAGGCCAT-1_6_1"
"407","CATGAGTTCGTGGGTC-1_6_1"
"408","CATGCAACATCTCGTC-1_6_1"
"409","CATGCCTTCGAACACT-1_6_1"
"410","CATGCGGCAAAGGGCT-1_6_1"
"411","CATGCTCTCTGCATGA-1_6_1"
"412","CATGGATCAGAGTTGG-1_6_1"
"413","CATGGTATCTACGCAA-1_6_1"
"414","CATTCATTCTGTTCAT-1_6_1"
"415","CATTCCGAGGTCGAGT-1_6_1"
"416","CATTCCGCAGAGGGTT-1_6_1"
"417","CATTCTAAGTGTTGAA-1_6_1"
"418","CATTCTACATCTAACG-1_6_1"
"419","CATTGAGAGCACTCCG-1_6_1"
"420","CATTGCCAGAGGATCC-1_6_1"
"421","CATTGCCCAATAACGA-1_6_1"
"422","CATTGTTAGAGAGAAC-1_6_1"
"423","CATTGTTGTCTACGTA-1_6_1"
"424","CATTTCAAGGGCGAGA-1_6_1"
"425","CATTTCACAGCTACTA-1_6_1"
"426","CATTTCACATCTGGGC-1_6_1"
"427","CCAAGCGGTATGAGAT-1_6_1"
"428","CCAATGAAGAGCACTG-1_6_1"
"429","CCAATTTAGAGCTTTC-1_6_1"
"430","CCAATTTAGATACAGT-1_6_1"
"431","CCACAAACATGACTGT-1_6_1"
"432","CCACAAAGTATAGCTC-1_6_1"
"433","CCACAAAGTATTGACC-1_6_1"
"434","CCACACTAGAATTCAG-1_6_1"
"435","CCACACTAGAGACAAG-1_6_1"
"436","CCACACTGTAACAAGT-1_6_1"
"437","CCACCATCAATGTCTG-1_6_1"
"438","CCACGTTAGAGCAAGA-1_6_1"
"439","CCACGTTCAGTCAGCC-1_6_1"
"440","CCACGTTGTGAGATTA-1_6_1"
"441","CCACGTTGTGGCTGAA-1_6_1"
"442","CCACTTGGTGGTCCGT-1_6_1"
"443","CCACTTGGTTAAACAG-1_6_1"
"444","CCATAAGGTCTGCGCA-1_6_1"
"445","CCATAAGGTTTGGGTT-1_6_1"
"446","CCATCACAGCTTTGTG-1_6_1"
"447","CCATCACCACCAATTG-1_6_1"
"448","CCCAACTAGGAGAATG-1_6_1"
"449","CCCAACTAGTACTCGT-1_6_1"
"450","CCCAACTTCATTACCT-1_6_1"
"451","CCCATTGAGGCCACCT-1_6_1"
"452","CCCATTGTCTCCAAGA-1_6_1"
"453","CCCGAAGCAAATACAG-1_6_1"
"454","CCCGGAAAGCAGGGAG-1_6_1"
"455","CCCGGAACACACGCCA-1_6_1"
"456","CCCTCAACAAAGGATT-1_6_1"
"457","CCCTCTCCAGGACTAG-1_6_1"
"458","CCCTCTCGTTGTTGTG-1_6_1"
"459","CCCTGATGTATCGCAT-1_6_1"
"460","CCCTTAGCATGACCCG-1_6_1"
"461","CCCTTAGGTTTCAGAC-1_6_1"
"462","CCGAACGCACGCTATA-1_6_1"
"463","CCGAACGGTGTCTAAC-1_6_1"
"464","CCGAACGTCTAATTCC-1_6_1"
"465","CCGATCTCACGACAGA-1_6_1"
"466","CCGATCTCACTCTGCT-1_6_1"
"467","CCGATCTGTACGTAGG-1_6_1"
"468","CCGATGGTCCCTTTGG-1_6_1"
"469","CCGGTAGCACTACTTT-1_6_1"
"470","CCGGTAGGTATCGATC-1_6_1"
"471","CCGGTAGTCAAGAGTA-1_6_1"
"472","CCGGTGATCTGCTTAT-1_6_1"
"473","CCGTGAGAGCAATTCC-1_6_1"
"474","CCTAACCCACCTGTCT-1_6_1"
"475","CCTATCGAGCTGGCTC-1_6_1"
"476","CCTATCGAGTTGCCTA-1_6_1"
"477","CCTCAACGTGACAGGT-1_6_1"
"478","CCTCAACTCACCTCTG-1_6_1"
"479","CCTCACACACGGCTAC-1_6_1"
"480","CCTCACACACTGAGGA-1_6_1"
"481","CCTCAGTAGGCCCGTT-1_6_1"
"482","CCTCAGTCATAAGATG-1_6_1"
"483","CCTCATGTCACCTCTG-1_6_1"
"484","CCTCCAACACGGTGTC-1_6_1"
"485","CCTCCTCAGATAGCAT-1_6_1"
"486","CCTCTAGAGATCGACG-1_6_1"
"487","CCTCTAGAGGTTCAGG-1_6_1"
"488","CCTCTCCAGTGCTAGG-1_6_1"
"489","CCTGTTGCACCCTAAA-1_6_1"
"490","CCTGTTGTCAAGTAAG-1_6_1"
"491","CCTTCAGTCCTTCAGC-1_6_1"
"492","CCTTGTGGTTCTCTAT-1_6_1"
"493","CCTTGTGTCCGTGCGA-1_6_1"
"494","CGAAGGAAGCTCAGAG-1_6_1"
"495","CGAAGGATCGGACAAG-1_6_1"
"496","CGAATTGAGGCGCTCT-1_6_1"
"497","CGAATTGAGTAGCAAT-1_6_1"
"498","CGAATTGGTGCAAGAC-1_6_1"
"499","CGAATTGGTTAAGCAA-1_6_1"
"500","CGAATTGTCCACTTCG-1_6_1"
"501","CGAATTGTCCTAAACG-1_6_1"
"502","CGAGAAGGTCAGGTGA-1_6_1"
"503","CGAGGAAAGTTTCGAC-1_6_1"
"504","CGAGGAAGTCGTCGGT-1_6_1"
"505","CGAGGCTTCCTACACC-1_6_1"
"506","CGAGGCTTCGGTGTTA-1_6_1"
"507","CGAGTGCTCAAGATAG-1_6_1"
"508","CGAGTTAGTTAGGGTG-1_6_1"
"509","CGAGTTAGTTCGTAAC-1_6_1"
"510","CGAGTTATCACCTTAT-1_6_1"
"511","CGATCGGAGAAACCAT-1_6_1"
"512","CGATGCGAGGATACGC-1_6_1"
"513","CGATGCGCAGTTAGAA-1_6_1"
"514","CGATGGCAGCAGCAGT-1_6_1"
"515","CGATGGCAGGCGTCCT-1_6_1"
"516","CGCATAACAACGCATT-1_6_1"
"517","CGCATAACAACGGTAG-1_6_1"
"518","CGCATGGCAACGAGGT-1_6_1"
"519","CGCCAGAAGACGACGT-1_6_1"
"520","CGCCAGAGTGGTATGG-1_6_1"
"521","CGCCAGATCCTGTACC-1_6_1"
"522","CGCCATTAGGCTCCCA-1_6_1"
"523","CGGAACCGTTAAGTCC-1_6_1"
"524","CGGAATTCATTGACAC-1_6_1"
"525","CGGAATTTCCATTTCA-1_6_1"
"526","CGGACACCAGTTTCAG-1_6_1"
"527","CGGAGAAAGTGGTGAC-1_6_1"
"528","CGGGACTGTATACCCA-1_6_1"
"529","CGGGACTGTTACACAC-1_6_1"
"530","CGGGCATCAAGGTCTT-1_6_1"
"531","CGGGTCATCGAACGCC-1_6_1"
"532","CGTAAGTAGTTGGAAT-1_6_1"
"533","CGTAAGTGTTGACGGA-1_6_1"
"534","CGTAAGTTCAGCAATC-1_6_1"
"535","CGTAAGTTCCCTAGGG-1_6_1"
"536","CGTAGTATCATTCATC-1_6_1"
"537","CGTCAAACACTAGTAC-1_6_1"
"538","CGTCAAACAGCGACAA-1_6_1"
"539","CGTCAAATCGGAGATG-1_6_1"
"540","CGTCAAATCTTAGTTC-1_6_1"
"541","CGTCCATGTCTCAAGT-1_6_1"
"542","CGTCCATTCTTCCACG-1_6_1"
"543","CGTGAATCACTCCCTA-1_6_1"
"544","CGTGAATGTCGAGATG-1_6_1"
"545","CGTGCTTAGGACAGTC-1_6_1"
"546","CGTGCTTGTGTGTGTT-1_6_1"
"547","CGTGTCTAGAACCGCA-1_6_1"
"548","CGTTCTGCAACAAGAT-1_6_1"
"549","CGTTCTGCAAGACGAC-1_6_1"
"550","CTAACTTGTACCCACG-1_6_1"
"551","CTAAGTGAGGTGCTGA-1_6_1"
"552","CTAAGTGCAAGAATGT-1_6_1"
"553","CTACAGATCATGGATC-1_6_1"
"554","CTACATTGTAGATCCT-1_6_1"
"555","CTACATTGTCTCAGGC-1_6_1"
"556","CTACCCAGTCCACACG-1_6_1"
"557","CTACCCATCACCTGGG-1_6_1"
"558","CTACCTGAGGCATCTT-1_6_1"
"559","CTACCTGCACCGGAAA-1_6_1"
"560","CTACCTGGTGTGTCCG-1_6_1"
"561","CTACCTGTCAGTGGGA-1_6_1"
"562","CTACGGGAGAAGGCTC-1_6_1"
"563","CTACGGGAGTCGCTAT-1_6_1"
"564","CTACTATCACGCAGTC-1_6_1"
"565","CTAGACACACCACTGG-1_6_1"
"566","CTAGACACACGGGCTT-1_6_1"
"567","CTAGACAGTCATATGC-1_6_1"
"568","CTAGGTAAGAAGCCAC-1_6_1"
"569","CTAGGTACACTACCGG-1_6_1"
"570","CTATAGGTCTCAGAAC-1_6_1"
"571","CTCAAGAGTCCCGTGA-1_6_1"
"572","CTCAATTAGTATGAAC-1_6_1"
"573","CTCAATTCACAAGCTT-1_6_1"
"574","CTCAATTTCTTCCCGA-1_6_1"
"575","CTCACTGAGTCAGAGC-1_6_1"
"576","CTCACTGCAACACGAG-1_6_1"
"577","CTCACTGTCACGGAGA-1_6_1"
"578","CTCACTGTCTTAGCTT-1_6_1"
"579","CTCAGAACAAGCACCC-1_6_1"
"580","CTCAGAAGTACCCGCA-1_6_1"
"581","CTCAGGGAGTGGTCAG-1_6_1"
"582","CTCAGGGCAACTGCTA-1_6_1"
"583","CTCAGGGGTTAAACCC-1_6_1"
"584","CTCAGTCAGAGCTTTC-1_6_1"
"585","CTCAGTCAGTTGAAAC-1_6_1"
"586","CTCATCGGTGGCAACA-1_6_1"
"587","CTCATGCAGCCGATAG-1_6_1"
"588","CTCATGCGTCGTTGGC-1_6_1"
"589","CTCATGCTCTCACTCG-1_6_1"
"590","CTCATTACACATTCTT-1_6_1"
"591","CTCATTAGTGAGCGAT-1_6_1"
"592","CTCCACACAATAGTAG-1_6_1"
"593","CTCCACACACCATTCC-1_6_1"
"594","CTCCACAGTAGAATAC-1_6_1"
"595","CTCCACATCAATCCAG-1_6_1"
"596","CTCCACATCAGCTGTA-1_6_1"
"597","CTCCATGAGCACTAAA-1_6_1"
"598","CTCCCAACATGGGTCC-1_6_1"
"599","CTCCCAATCGTGTTCC-1_6_1"
"600","CTCCCTCCATGATGCT-1_6_1"
"601","CTCCGATAGGTGAGCT-1_6_1"
"602","CTCCGATCAACCCTAA-1_6_1"
"603","CTCCGATCACTCAGAT-1_6_1"
"604","CTCCTCCCAATGAACA-1_6_1"
"605","CTCCTCCGTGACAGCA-1_6_1"
"606","CTCCTTTAGAAGAGCA-1_6_1"
"607","CTCCTTTCAGTCCGTG-1_6_1"
"608","CTCGAGGAGAATCTAG-1_6_1"
"609","CTCGAGGGTTATTCTC-1_6_1"
"610","CTCTCAGAGGGTTAAT-1_6_1"
"611","CTCTCAGCACACGGAA-1_6_1"
"612","CTCTCAGCATGACCCG-1_6_1"
"613","CTCTCAGGTCGCATCG-1_6_1"
"614","CTCTCGACAGAGCCCT-1_6_1"
"615","CTCTCGAGTCAAGCGA-1_6_1"
"616","CTCTCGAGTCCAGCCA-1_6_1"
"617","CTCTGGTAGCATGGGT-1_6_1"
"618","CTGAGCGCAATGGCAG-1_6_1"
"619","CTGAGCGGTGCTCGTG-1_6_1"
"620","CTGAGCGGTGTTGACT-1_6_1"
"621","CTGAGGCGTGTGCCTG-1_6_1"
"622","CTGAGGCTCGCCGTGA-1_6_1"
"623","CTGATCCGTGATCATC-1_6_1"
"624","CTGATCCGTGCAGTGA-1_6_1"
"625","CTGATCCTCAATCTCT-1_6_1"
"626","CTGATCCTCTATTCGT-1_6_1"
"627","CTGCAGGAGCCATTTG-1_6_1"
"628","CTGCAGGTCAGTGCGC-1_6_1"
"629","CTGCCTACAAAGGGCT-1_6_1"
"630","CTGCGAGAGGTCTGGA-1_6_1"
"631","CTGCGAGCACGACGTC-1_6_1"
"632","CTGCGAGTCACCCATC-1_6_1"
"633","CTGCTCAGTGTCTTCC-1_6_1"
"634","CTGCTCATCTCAACCC-1_6_1"
"635","CTGGACGAGACCGTTT-1_6_1"
"636","CTGGACGAGTGCACAG-1_6_1"
"637","CTGGACGCAGCCCAGT-1_6_1"
"638","CTGGCAGAGGTTCTAC-1_6_1"
"639","CTGGCAGCAGTGACCC-1_6_1"
"640","CTGGTCTTCCTGGCTT-1_6_1"
"641","CTGTAGAGTTAAACAG-1_6_1"
"642","CTGTATTAGAGTTCGG-1_6_1"
"643","CTGTATTCAAAGAGTT-1_6_1"
"644","CTGTATTCAATCCAGT-1_6_1"
"645","CTGTATTCATTCTTCA-1_6_1"
"646","CTGTATTGTCCTTTGC-1_6_1"
"647","CTGTATTGTCGAACGA-1_6_1"
"648","CTGTATTTCGTCGACG-1_6_1"
"649","CTGTCGTAGTGTAGAT-1_6_1"
"650","CTGTCGTGTCCGACGT-1_6_1"
"651","CTGTCGTTCCGATAGT-1_6_1"
"652","CTGTGAAAGGCGACAT-1_6_1"
"653","CTGTGAACAGCGAACA-1_6_1"
"654","CTGTGAACATCTTAGG-1_6_1"
"655","CTTACCGCACATATGC-1_6_1"
"656","CTTAGGAGTGGCCACT-1_6_1"
"657","CTTAGGAGTTGTCATG-1_6_1"
"658","CTTAGGATCAATCTCT-1_6_1"
"659","CTTCAATAGTCCGCCA-1_6_1"
"660","CTTCAATCAATGACCT-1_6_1"
"661","CTTCAATGTCAACCTA-1_6_1"
"662","CTTCAATTCGACACCG-1_6_1"
"663","CTTCCGATCTTGAGCA-1_6_1"
"664","CTTCCTTCACTACACA-1_6_1"
"665","CTTCGGTGTCTTCGAA-1_6_1"
"666","CTTCTAACATTGACAC-1_6_1"
"667","CTTCTAATCGGCTTCT-1_6_1"
"668","CTTCTAATCTTAGCCC-1_6_1"
"669","CTTCTCTCACTTCAGA-1_6_1"
"670","CTTGAGAGTAGTCGTT-1_6_1"
"671","CTTGATTCAGAACGCA-1_6_1"
"672","CTTGATTGTTAACCTG-1_6_1"
"673","CTTGATTTCTATTTCG-1_6_1"
"674","CTTGATTTCTTACTGT-1_6_1"
"675","CTTTCGGAGGAAGTGA-1_6_1"
"676","CTTTCGGAGGGTACGT-1_6_1"
"677","GAAACCTCAACTCCAA-1_6_1"
"678","GAAACCTCAGTTGCGC-1_6_1"
"679","GAACACTAGTACTGTC-1_6_1"
"680","GAACACTCATGGGCAA-1_6_1"
"681","GAACACTGTACACGTT-1_6_1"
"682","GAACGTTAGAAACCCG-1_6_1"
"683","GAAGAATTCAAGCCCG-1_6_1"
"684","GAAGCCCTCTTAATCC-1_6_1"
"685","GAAGCGAGTCCTCCAT-1_6_1"
"686","GAAGGACGTCATGCAT-1_6_1"
"687","GAAGGGTTCTGCTAGA-1_6_1"
"688","GAAGTAAGTGAATATG-1_6_1"
"689","GAATAGAAGTCATGAA-1_6_1"
"690","GAATAGAAGTGGCCTC-1_6_1"
"691","GAATCACCATTCCTAT-1_6_1"
"692","GAATCACGTCACCGCA-1_6_1"
"693","GAATCGTCACAGTCAT-1_6_1"
"694","GAATCGTCAGCTGGTC-1_6_1"
"695","GAATCGTTCTCCAAGA-1_6_1"
"696","GACACGCAGATTGACA-1_6_1"
"697","GACACGCCACGGTGTC-1_6_1"
"698","GACACGCTCGGAGTGA-1_6_1"
"699","GACAGCCTCCGCGGAT-1_6_1"
"700","GACATCAAGGCCTTGC-1_6_1"
"701","GACATCATCACCATGA-1_6_1"
"702","GACCCAGCAGAAACCG-1_6_1"
"703","GACCGTGAGCAGCACA-1_6_1"
"704","GACCGTGTCATTCCTA-1_6_1"
"705","GACCGTGTCGCCAGAC-1_6_1"
"706","GACCTTCAGGGCAGTT-1_6_1"
"707","GACCTTCCACATATGC-1_6_1"
"708","GACGCTGAGCAATAAC-1_6_1"
"709","GACGTTAAGCTCTATG-1_6_1"
"710","GACGTTACACACAGCC-1_6_1"
"711","GACTATGTCCGTAGTA-1_6_1"
"712","GACTCAAAGTGTAGTA-1_6_1"
"713","GACTCTCCAAGTCCAT-1_6_1"
"714","GACTCTCTCAAGCTTG-1_6_1"
"715","GACTGATGTTGCTCAA-1_6_1"
"716","GACTTCCTCGAACCAT-1_6_1"
"717","GAGAAATTCACGGACC-1_6_1"
"718","GAGAAATTCTGACGCG-1_6_1"
"719","GAGACCCGTCACTTAG-1_6_1"
"720","GAGACTTGTATTGAGA-1_6_1"
"721","GAGACTTGTGAGGAAA-1_6_1"
"722","GAGAGGTGTCAGACTT-1_6_1"
"723","GAGAGGTTCCCACAGG-1_6_1"
"724","GAGATGGCAACAGTGG-1_6_1"
"725","GAGATGGTCGCTGACG-1_6_1"
"726","GAGCCTGTCAGCGCGT-1_6_1"
"727","GAGCTGCCAATGAAAC-1_6_1"
"728","GAGGCAACAGGCTATT-1_6_1"
"729","GAGGGATTCGGCTGGT-1_6_1"
"730","GAGGGTACACACCTAA-1_6_1"
"731","GAGTCATCAACTCATG-1_6_1"
"732","GAGTCATCAGGTACGA-1_6_1"
"733","GAGTCTACACCCTTGT-1_6_1"
"734","GAGTGTTGTCACTCAA-1_6_1"
"735","GAGTGTTTCCTACGAA-1_6_1"
"736","GAGTTACCACTTACAG-1_6_1"
"737","GAGTTACTCCACAGCG-1_6_1"
"738","GAGTTGTAGTGGACGT-1_6_1"
"739","GAGTTGTCACAAGCAG-1_6_1"
"740","GAGTTGTCATCCCGTT-1_6_1"
"741","GAGTTGTGTTGTGCAT-1_6_1"
"742","GATAGAACAGTGTGCC-1_6_1"
"743","GATAGCTAGAGCCGTA-1_6_1"
"744","GATAGCTCATGTAACC-1_6_1"
"745","GATCAGTCAATAACCC-1_6_1"
"746","GATCAGTCACATGTTG-1_6_1"
"747","GATCAGTCATTCGATG-1_6_1"
"748","GATCATGCAATTGAGA-1_6_1"
"749","GATCCCTAGCCTTTCC-1_6_1"
"750","GATCCCTCAAGAGTAT-1_6_1"
"751","GATCCCTGTCCGAAGA-1_6_1"
"752","GATCGTACAGCCGTCA-1_6_1"
"753","GATGACTAGCACTCCG-1_6_1"
"754","GATGACTGTGGGTCAA-1_6_1"
"755","GATGAGGAGCCTTTCC-1_6_1"
"756","GATGAGGCAGCGACCT-1_6_1"
"757","GATGAGGTCGCTCTCA-1_6_1"
"758","GATGATCCATGGTGGA-1_6_1"
"759","GATGGAGGTAGATCGG-1_6_1"
"760","GATGTTGTCGTCTACC-1_6_1"
"761","GATTCGACACAACCGC-1_6_1"
"762","GATTCGAGTGGCAACA-1_6_1"
"763","GATTCGATCGTAGAGG-1_6_1"
"764","GATTCGATCTAACGCA-1_6_1"
"765","GATTCTTAGGGCTGAT-1_6_1"
"766","GATTCTTTCCTCACTG-1_6_1"
"767","GATTGGTCAAGATGGC-1_6_1"
"768","GATTTCTCAGCGTACC-1_6_1"
"769","GCAACATCAAGATTGA-1_6_1"
"770","GCAACATCACTCCTTG-1_6_1"
"771","GCAACATCAGCTGTGC-1_6_1"
"772","GCAACATTCGCTTGAA-1_6_1"
"773","GCAACCGAGCAGCACA-1_6_1"
"774","GCAACCGGTACTGGGA-1_6_1"
"775","GCACATAAGCCATATC-1_6_1"
"776","GCACATATCCCACAGG-1_6_1"
"777","GCACATATCTAACGGT-1_6_1"
"778","GCACGGTCAACTTCTT-1_6_1"
"779","GCACGTGAGAAGCGAA-1_6_1"
"780","GCACGTGAGGACATCG-1_6_1"
"781","GCACGTGGTGATGTAA-1_6_1"
"782","GCACTAAAGTGAGGTC-1_6_1"
"783","GCACTAAGTATGGGAC-1_6_1"
"784","GCAGCTGCACCTGCGA-1_6_1"
"785","GCAGTTAAGTCTCCTC-1_6_1"
"786","GCATCGGTCGCGGTAC-1_6_1"
"787","GCATGATAGAGGGTAA-1_6_1"
"788","GCCAGCACAATTCTCT-1_6_1"
"789","GCCAGCATCAAGTTGC-1_6_1"
"790","GCCAGCATCACTCTTA-1_6_1"
"791","GCCAGTGGTTGTACGT-1_6_1"
"792","GCCAGTGTCCGTGTGG-1_6_1"
"793","GCCATGGAGCGCCTAC-1_6_1"
"794","GCCATGGCATTACTCT-1_6_1"
"795","GCCATGGTCACAAGAA-1_6_1"
"796","GCCATTCCACAAAGTA-1_6_1"
"797","GCCCAGAAGGTTAGTA-1_6_1"
"798","GCCCGAATCTGGTTGA-1_6_1"
"799","GCCGATGGTCTTTATC-1_6_1"
"800","GCCGTGACAATGTCTG-1_6_1"
"801","GCGAGAACACGTAGAG-1_6_1"
"802","GCGATCGAGAGAGGTA-1_6_1"
"803","GCGATCGAGCACGGAT-1_6_1"
"804","GCGATCGAGGTCGTCC-1_6_1"
"805","GCGATCGCAGTTAAAG-1_6_1"
"806","GCGGAAAAGCAACCAG-1_6_1"
"807","GCGGAAACAAGCGCAA-1_6_1"
"808","GCGGATCAGAGTCACG-1_6_1"
"809","GCGGATCTCGCCAATA-1_6_1"
"810","GCGGATCTCTGTTGGA-1_6_1"
"811","GCGTGCACATAATCCG-1_6_1"
"812","GCGTTTCCAAGAATGT-1_6_1"
"813","GCGTTTCTCTCTGCTG-1_6_1"
"814","GCTACAAGTCAAGGCA-1_6_1"
"815","GCTACCTAGTATGGAT-1_6_1"
"816","GCTACCTAGTGGAATT-1_6_1"
"817","GCTACCTCAAAGGGTC-1_6_1"
"818","GCTACCTCAAATCAAG-1_6_1"
"819","GCTCAAAAGGTTACCT-1_6_1"
"820","GCTCAAAGTAGATTAG-1_6_1"
"821","GCTCAAATCGCGATCG-1_6_1"
"822","GCTCAAATCGTAGTGT-1_6_1"
"823","GCTGAATAGACGATAT-1_6_1"
"824","GCTGAATCACAAGGTG-1_6_1"
"825","GCTGAATTCCGCACTT-1_6_1"
"826","GCTTCACGTGACAACG-1_6_1"
"827","GCTTGGGTCCGCGGAT-1_6_1"
"828","GGAACCCCAGCTACCG-1_6_1"
"829","GGAATCTCATGACTGT-1_6_1"
"830","GGAATGGAGTAACCTC-1_6_1"
"831","GGAATGGTCCATCTCG-1_6_1"
"832","GGACGTCCAGCTCATA-1_6_1"
"833","GGAGAACAGCGACTTT-1_6_1"
"834","GGAGATGTCATTTCCA-1_6_1"
"835","GGAGCAAAGTATAGGT-1_6_1"
"836","GGAGCAACATTCTGTT-1_6_1"
"837","GGAGCAATCGTAGGGA-1_6_1"
"838","GGAGCAATCGTTATCT-1_6_1"
"839","GGAGGTACAGCGATTT-1_6_1"
"840","GGAGGTAGTGGATCGA-1_6_1"
"841","GGAGGTATCGGTATGT-1_6_1"
"842","GGATCTAGTCACTCAA-1_6_1"
"843","GGATGTTCAGAAGTTA-1_6_1"
"844","GGCAGTCAGAGGATCC-1_6_1"
"845","GGCAGTCAGTATGATG-1_6_1"
"846","GGCAGTCCACCTCTAC-1_6_1"
"847","GGCAGTCGTCCAAAGG-1_6_1"
"848","GGCAGTCTCCGAGATT-1_6_1"
"849","GGCGTCACAATACGCT-1_6_1"
"850","GGCGTCACAGCTACCG-1_6_1"
"851","GGCTGTGAGCTGAGTG-1_6_1"
"852","GGCTGTGCATTGACAC-1_6_1"
"853","GGCTGTGTCAGTGTGT-1_6_1"
"854","GGCTGTGTCCAAGAGG-1_6_1"
"855","GGCTTTCAGATTAGCA-1_6_1"
"856","GGCTTTCTCAGCGCAC-1_6_1"
"857","GGCTTTCTCCACTTCG-1_6_1"
"858","GGGAAGTAGAATAACC-1_6_1"
"859","GGGACCTAGACATCCT-1_6_1"
"860","GGGACCTGTAAGGCCA-1_6_1"
"861","GGGACCTTCTGCGGCA-1_6_1"
"862","GGGAGATCACAACATC-1_6_1"
"863","GGGAGTAAGCTATCCA-1_6_1"
"864","GGGATGACAATGCAGG-1_6_1"
"865","GGGATGACACCATATG-1_6_1"
"866","GGGCGTTTCCGGCAAC-1_6_1"
"867","GGGCTACGTGGTCTCG-1_6_1"
"868","GGGCTCAGTTCCGGTG-1_6_1"
"869","GGGCTCATCCCATAAG-1_6_1"
"870","GGGTAGAGTCTGTGCG-1_6_1"
"871","GGGTAGATCAACTCTT-1_6_1"
"872","GGGTCTGAGTGCACCC-1_6_1"
"873","GGGTGAAGTGGTTCTA-1_6_1"
"874","GGGTTATGTAGATTAG-1_6_1"
"875","GGGTTTAAGGTAGATT-1_6_1"
"876","GGTAGAGAGACGCATG-1_6_1"
"877","GGTAGAGGTGGCTACC-1_6_1"
"878","GGTCACGCAATCCTTT-1_6_1"
"879","GGTCTGGAGCGTTCCG-1_6_1"
"880","GGTCTGGCACGTCTCT-1_6_1"
"881","GGTGAAGAGCTGTTAC-1_6_1"
"882","GGTGATTCATTGAAGA-1_6_1"
"883","GGTGATTGTTCGGACC-1_6_1"
"884","GGTGGCTAGGGTCAAC-1_6_1"
"885","GGTGGCTCACATTGTG-1_6_1"
"886","GGTGTCGTCAGAGTTC-1_6_1"
"887","GGTGTTAAGATCCGAG-1_6_1"
"888","GGTGTTACAAACCACT-1_6_1"
"889","GGTTAACCATGTGGTT-1_6_1"
"890","GGTTAACGTCTACTGA-1_6_1"
"891","GGTTCTCAGACACACG-1_6_1"
"892","GGTTCTCGTAATGCTC-1_6_1"
"893","GGTTCTCGTGGGCTCT-1_6_1"
"894","GGTTGTAAGCTCCATA-1_6_1"
"895","GTAACACTCGCATAGT-1_6_1"
"896","GTAACCATCTCCTGTG-1_6_1"
"897","GTAAGTCCAAGATGTA-1_6_1"
"898","GTAAGTCTCTGGGAGA-1_6_1"
"899","GTAATGCGTTTACACG-1_6_1"
"900","GTAATGCTCAGCTTGA-1_6_1"
"901","GTACAACAGCCTGAAG-1_6_1"
"902","GTACAACCAAGATGTA-1_6_1"
"903","GTACAGTAGTTACTCG-1_6_1"
"904","GTACAGTAGTTTGCTG-1_6_1"
"905","GTAGAAATCAAGAAAC-1_6_1"
"906","GTAGCTAGTATGTGTC-1_6_1"
"907","GTAGGAGAGATTAGTG-1_6_1"
"908","GTAGGAGGTACAGTCT-1_6_1"
"909","GTAGGTTGTCCAGCAC-1_6_1"
"910","GTATTGGCATAATCCG-1_6_1"
"911","GTCAAGTAGATGGCGT-1_6_1"
"912","GTCAAGTCACACTTAG-1_6_1"
"913","GTCAAGTGTTGAAGTA-1_6_1"
"914","GTCAAGTTCAATCCAG-1_6_1"
"915","GTCACGGAGCATGGGT-1_6_1"
"916","GTCACTCGTTCGGTTA-1_6_1"
"917","GTCACTCTCCATCTAT-1_6_1"
"918","GTCAGCGAGAACTTCC-1_6_1"
"919","GTCAGCGAGAAGTCAT-1_6_1"
"920","GTCATCCTCCTCGATC-1_6_1"
"921","GTCATCCTCTCGAACA-1_6_1"
"922","GTCATGACATCGTGCG-1_6_1"
"923","GTCATGACATCTTAGG-1_6_1"
"924","GTCATTTGTAACATCC-1_6_1"
"925","GTCATTTGTAAGCTCT-1_6_1"
"926","GTCATTTGTACATACC-1_6_1"
"927","GTCATTTGTTGCCTAA-1_6_1"
"928","GTCATTTTCCGTGACG-1_6_1"
"929","GTCATTTTCGGTCTGG-1_6_1"
"930","GTCCACTCAAGTATAG-1_6_1"
"931","GTCCACTCATGGGAAC-1_6_1"
"932","GTCCACTGTAGCTTAC-1_6_1"
"933","GTCCCATGTGCATTTG-1_6_1"
"934","GTCCTCACAATTTCTC-1_6_1"
"935","GTCCTCAGTGCCGTTG-1_6_1"
"936","GTCGCGACATGGAACG-1_6_1"
"937","GTCGCGATCGAGTGAG-1_6_1"
"938","GTCGTAAAGCCGTTAT-1_6_1"
"939","GTCGTAAAGGCTCCCA-1_6_1"
"940","GTCGTTCAGCAGTCTT-1_6_1"
"941","GTCGTTCGTGAGACCA-1_6_1"
"942","GTCGTTCTCATTACCT-1_6_1"
"943","GTCTACCAGTCTACCA-1_6_1"
"944","GTCTACCCATTCTTCA-1_6_1"
"945","GTCTAGAAGCACAAAT-1_6_1"
"946","GTCTAGATCTCCATAT-1_6_1"
"947","GTCTAGATCTTCCTAA-1_6_1"
"948","GTCTCACCAAGCCTGC-1_6_1"
"949","GTCTCACTCCCGTTCA-1_6_1"
"950","GTCTCACTCGCATTGA-1_6_1"
"951","GTCTGTCAGGAAGTCC-1_6_1"
"952","GTCTGTCCACGAGGTA-1_6_1"
"953","GTCTGTCGTCGCGTTG-1_6_1"
"954","GTCTTTAAGGCGTTGA-1_6_1"
"955","GTGACGCTCAGAGTTC-1_6_1"
"956","GTGAGCCAGTACTGGG-1_6_1"
"957","GTGAGCCCATGCCGCA-1_6_1"
"958","GTGAGCCGTCGAAGCA-1_6_1"
"959","GTGAGGACAACAAAGT-1_6_1"
"960","GTGAGGATCCTATTTG-1_6_1"
"961","GTGAGTTGTCGCAGTC-1_6_1"
"962","GTGAGTTTCCTAGCCT-1_6_1"
"963","GTGATGTCATTGCTTT-1_6_1"
"964","GTGATGTTCACTAGCA-1_6_1"
"965","GTGATGTTCCCTTGTG-1_6_1"
"966","GTGCACGTCTTAGCAG-1_6_1"
"967","GTGCAGCAGTACAACA-1_6_1"
"968","GTGCAGCCACACACGC-1_6_1"
"969","GTGCAGCGTCTAGGCC-1_6_1"
"970","GTGCTGGAGGCACTAG-1_6_1"
"971","GTGCTGGCATACCAGT-1_6_1"
"972","GTGCTGGGTATGAAGT-1_6_1"
"973","GTGCTTCTCGACACCG-1_6_1"
"974","GTGGAAGCACTTCAAG-1_6_1"
"975","GTGGAAGTCTGTCGTC-1_6_1"
"976","GTGGAGATCATCACCC-1_6_1"
"977","GTGGCGTCAGAATCGG-1_6_1"
"978","GTGGCGTGTTCTAAGC-1_6_1"
"979","GTGGGAAAGCATGCGA-1_6_1"
"980","GTGGTTAAGGCTGTAG-1_6_1"
"981","GTGGTTACACAACGAG-1_6_1"
"982","GTGTCCTAGTGTACCT-1_6_1"
"983","GTGTCCTCAACCGCTG-1_6_1"
"984","GTGTGATCAAATCAAG-1_6_1"
"985","GTGTGATGTCAACATC-1_6_1"
"986","GTGTGGCTCAGTGTGT-1_6_1"
"987","GTGTGGCTCGGCTCTT-1_6_1"
"988","GTGTGGCTCTCGGTCT-1_6_1"
"989","GTGTTAGCATGGAAGC-1_6_1"
"990","GTGTTAGTCCGGCTTT-1_6_1"
"991","GTGTTCCGTTGCATGT-1_6_1"
"992","GTTACAGGTACGATCT-1_6_1"
"993","GTTACAGTCACTTATC-1_6_1"
"994","GTTACAGTCCGCGAGT-1_6_1"
"995","GTTACCCCATCGGAGA-1_6_1"
"996","GTTACGAAGTCGGCAA-1_6_1"
"997","GTTACGAGTGTATTGC-1_6_1"
"998","GTTAGACCATAGACTC-1_6_1"
"999","GTTAGACGTGGACTAG-1_6_1"
"1000","GTTAGACTCGCAGAGA-1_6_1"
"1001","GTTAGTGAGTACTGGG-1_6_1"
"1002","GTTATGGTCGACCATA-1_6_1"
"1003","GTTCATTCACTGGCCA-1_6_1"
"1004","GTTCATTGTCGAACGA-1_6_1"
"1005","GTTCATTTCGGCAGTC-1_6_1"
"1006","GTTCGCTAGCTCGGCT-1_6_1"
"1007","GTTCTATCAGCCTACG-1_6_1"
"1008","GTTCTATTCGAACCTA-1_6_1"
"1009","GTTGAACAGTGATTCC-1_6_1"
"1010","GTTGAACTCGAGCACC-1_6_1"
"1011","GTTGCGGAGGAAGAAC-1_6_1"
"1012","GTTGCGGAGGTATAGT-1_6_1"
"1013","GTTGCGGAGGTTCATC-1_6_1"
"1014","GTTGCGGAGTGCGCTC-1_6_1"
"1015","GTTGCTCGTTCGGTCG-1_6_1"
"1016","GTTGTAGAGAACAAGG-1_6_1"
"1017","GTTGTAGAGACTACCT-1_6_1"
"1018","GTTGTAGTCGACGCTG-1_6_1"
"1019","GTTGTCCAGGCGACAT-1_6_1"
"1020","GTTGTCCGTGGAAGTC-1_6_1"
"1021","GTTGTCCTCGACGAGA-1_6_1"
"1022","GTTGTGAAGCTCTGTA-1_6_1"
"1023","GTTGTGAGTAACACGG-1_6_1"
"1024","GTTGTGAGTATGGAAT-1_6_1"
"1025","GTTGTGAGTCAATGGG-1_6_1"
"1026","GTTTACTGTTCCTACC-1_6_1"
"1027","GTTTGGAGTAGAATGT-1_6_1"
"1028","TAACGACAGATGTAGT-1_6_1"
"1029","TAACGACGTACATACC-1_6_1"
"1030","TAACTTCTCCGTCCTA-1_6_1"
"1031","TAAGCCACATAAGCGG-1_6_1"
"1032","TAAGCCATCATTTCGT-1_6_1"
"1033","TAAGCGTTCCTTGACC-1_6_1"
"1034","TAAGTCGGTACGCTAT-1_6_1"
"1035","TAAGTCGGTTATTCTC-1_6_1"
"1036","TAAGTCGGTTGTCATG-1_6_1"
"1037","TAATCTCTCCGATAGT-1_6_1"
"1038","TAATTCCCACAATCTG-1_6_1"
"1039","TACAACGGTCCGGATC-1_6_1"
"1040","TACAACGTCGGTCGGT-1_6_1"
"1041","TACAGGTCAAGGGCAT-1_6_1"
"1042","TACAGGTCACAAGTTC-1_6_1"
"1043","TACAGGTCAGTCAACT-1_6_1"
"1044","TACATTCGTCCTGAAT-1_6_1"
"1045","TACCCACCATTCTTCA-1_6_1"
"1046","TACCTCGAGTATTCCG-1_6_1"
"1047","TACCTCGTCCACGTGG-1_6_1"
"1048","TACGCTCTCCCTCATG-1_6_1"
"1049","TACGGGCAGTATGACA-1_6_1"
"1050","TACGGTACATCACCAA-1_6_1"
"1051","TACGTCCCAAAGGCGT-1_6_1"
"1052","TACTGCCAGAGTCACG-1_6_1"
"1053","TACTGCCAGGTATCTC-1_6_1"
"1054","TACTGCCTCTCGCTTG-1_6_1"
"1055","TACTTACAGCTTGTTG-1_6_1"
"1056","TACTTCAGTATACAGA-1_6_1"
"1057","TACTTGTGTAGACACG-1_6_1"
"1058","TAGACCACAAGCGCTC-1_6_1"
"1059","TAGAGTCCAAATCGTC-1_6_1"
"1060","TAGATCGAGGCTCTCG-1_6_1"
"1061","TAGATCGTCGCTGACG-1_6_1"
"1062","TAGCACAGTAAGCGGT-1_6_1"
"1063","TAGCACATCGAACGGA-1_6_1"
"1064","TAGGAGGAGACAGCTG-1_6_1"
"1065","TAGGAGGCAGTCGGTC-1_6_1"
"1066","TAGGAGGTCTTGGGCG-1_6_1"
"1067","TAGGGTTAGAATTGCA-1_6_1"
"1068","TAGGGTTCAAAGGAGA-1_6_1"
"1069","TAGGTACCACATATGC-1_6_1"
"1070","TAGGTTGGTGAGCTCC-1_6_1"
"1071","TATACCTAGCTGAAGC-1_6_1"
"1072","TATACCTGTCTAATCG-1_6_1"
"1073","TATACCTTCCCAAGCG-1_6_1"
"1074","TATACCTTCGACGTCG-1_6_1"
"1075","TATATCCAGTCCGCGT-1_6_1"
"1076","TATATCCGTAGGACTG-1_6_1"
"1077","TATATCCGTCAGGCAA-1_6_1"
"1078","TATATCCTCGACACCG-1_6_1"
"1079","TATCAGGAGGTGCTTT-1_6_1"
"1080","TATCAGGGTGCTGCAC-1_6_1"
"1081","TATCCTAAGAGAGTTT-1_6_1"
"1082","TATCCTAAGGTTACAA-1_6_1"
"1083","TATCCTAGTCTGCATA-1_6_1"
"1084","TATCTGTCATTAAGCC-1_6_1"
"1085","TATCTGTGTAAGTTAG-1_6_1"
"1086","TATCTTGAGAGCTGCA-1_6_1"
"1087","TATGTTCGTCAAAGAT-1_6_1"
"1088","TATGTTCTCGCACTCT-1_6_1"
"1089","TATGTTCTCGGTGCAC-1_6_1"
"1090","TATGTTCTCTGGTGCG-1_6_1"
"1091","TATTGCTGTGAATTGA-1_6_1"
"1092","TATTGGGAGAGCAACC-1_6_1"
"1093","TATTGGGTCAACGAGG-1_6_1"
"1094","TATTTCGAGAAGGTAG-1_6_1"
"1095","TCAAGACAGCATGTTC-1_6_1"
"1096","TCAAGTGTCCCGTTGT-1_6_1"
"1097","TCAATCTGTCATGACT-1_6_1"
"1098","TCAATCTGTTGTTGTG-1_6_1"
"1099","TCAATCTTCGACGCGT-1_6_1"
"1100","TCAATTCTCATGGAGG-1_6_1"
"1101","TCACACCGTGTATCCA-1_6_1"
"1102","TCACACCTCGTCAAAC-1_6_1"
"1103","TCACACCTCTGTAAGC-1_6_1"
"1104","TCACTATAGCTGGCCT-1_6_1"
"1105","TCACTATCACACAGCC-1_6_1"
"1106","TCACTATGTCGTGCCA-1_6_1"
"1107","TCAGCAACACACGCCA-1_6_1"
"1108","TCAGCCTCACCGTCGA-1_6_1"
"1109","TCAGCCTGTCGGTACC-1_6_1"
"1110","TCAGCCTGTTCACGAT-1_6_1"
"1111","TCAGGTAAGTCCCGGT-1_6_1"
"1112","TCAGTCCTCACAGTGT-1_6_1"
"1113","TCAGTGAAGCGGCTCT-1_6_1"
"1114","TCAGTTTCACAGTACT-1_6_1"
"1115","TCAGTTTCACCCAATA-1_6_1"
"1116","TCAGTTTCACCTGAAT-1_6_1"
"1117","TCAGTTTGTAAGTTAG-1_6_1"
"1118","TCATACTCAGCTGTAT-1_6_1"
"1119","TCATATCGTCCCTGAG-1_6_1"
"1120","TCATATCTCATCAGTG-1_6_1"
"1121","TCATCATAGCGTCAGA-1_6_1"
"1122","TCATCCGAGTCGTCTA-1_6_1"
"1123","TCATCCGAGTTGGAAT-1_6_1"
"1124","TCATCCGTCTAGAGCT-1_6_1"
"1125","TCATGAGTCCACGGAC-1_6_1"
"1126","TCATGGACAGCAGATG-1_6_1"
"1127","TCATGGATCACTTGGA-1_6_1"
"1128","TCATGTTAGAGCAGCT-1_6_1"
"1129","TCATGTTGTATGCTAC-1_6_1"
"1130","TCATTACTCATCTGTT-1_6_1"
"1131","TCATTCAAGCAGGCTA-1_6_1"
"1132","TCATTCACATAGAATG-1_6_1"
"1133","TCATTTGAGGGATGTC-1_6_1"
"1134","TCCACCACATCCAATG-1_6_1"
"1135","TCCAGAATCCGAAGGA-1_6_1"
"1136","TCCATCGGTGATAGAT-1_6_1"
"1137","TCCATGCCAAATGGTA-1_6_1"
"1138","TCCCACAAGTATAACG-1_6_1"
"1139","TCCCACAGTGTCTAAC-1_6_1"
"1140","TCCCACATCGGCCTTT-1_6_1"
"1141","TCCCATGCACTTCAAG-1_6_1"
"1142","TCCGAAAAGGCTCTCG-1_6_1"
"1143","TCCGATCTCAGCATTG-1_6_1"
"1144","TCCGGGAGTGAACCGA-1_6_1"
"1145","TCCGGGATCCATCTGC-1_6_1"
"1146","TCCGGGATCTGCGGGT-1_6_1"
"1147","TCCGTGTGTATGGAGC-1_6_1"
"1148","TCCGTGTGTGCAGTGA-1_6_1"
"1149","TCCTAATAGTTAGTGA-1_6_1"
"1150","TCCTCCCCAGTGTGCC-1_6_1"
"1151","TCCTCTTCAGCACAGA-1_6_1"
"1152","TCCTCTTGTTGCATAC-1_6_1"
"1153","TCCTGCAAGAACTGAT-1_6_1"
"1154","TCCTGCAAGAGTACCG-1_6_1"
"1155","TCCTGCAGTTGTGGAG-1_6_1"
"1156","TCCTGCATCATTTCGT-1_6_1"
"1157","TCCTTCTAGTCCTGTA-1_6_1"
"1158","TCCTTCTTCGTGTTCC-1_6_1"
"1159","TCCTTTCTCGGAGTGA-1_6_1"
"1160","TCGAACACAGTATGAA-1_6_1"
"1161","TCGAACAGTGGATTTC-1_6_1"
"1162","TCGAAGTAGGCCCGTT-1_6_1"
"1163","TCGACGGAGCCAAGGT-1_6_1"
"1164","TCGACGGTCTGCTTTA-1_6_1"
"1165","TCGATTTAGAAGGTAG-1_6_1"
"1166","TCGATTTAGCATCTTG-1_6_1"
"1167","TCGATTTTCACAATGC-1_6_1"
"1168","TCGCACTGTCGTGGAA-1_6_1"
"1169","TCGCACTGTCTAACGT-1_6_1"
"1170","TCGCAGGAGGCAGTCA-1_6_1"
"1171","TCGCAGGAGGTTATAG-1_6_1"
"1172","TCGCAGGGTGTTGACT-1_6_1"
"1173","TCGCTTGAGTGCGCTC-1_6_1"
"1174","TCGCTTGTCTCGAGTA-1_6_1"
"1175","TCGGATACATCGCTAA-1_6_1"
"1176","TCGGATATCGAGAGCA-1_6_1"
"1177","TCGGATATCGGTAGGA-1_6_1"
"1178","TCGGGCAAGCAGCACA-1_6_1"
"1179","TCGGGCACATAATGCC-1_6_1"
"1180","TCGGGCAGTATCGTAC-1_6_1"
"1181","TCGGGTGGTACGATTC-1_6_1"
"1182","TCGGGTGTCTAGACAC-1_6_1"
"1183","TCGGTCTAGGTGCATG-1_6_1"
"1184","TCGGTCTGTATCGGTT-1_6_1"
"1185","TCGGTCTGTGCTATTG-1_6_1"
"1186","TCGTAGATCAACGTGT-1_6_1"
"1187","TCGTCCATCTGAGATC-1_6_1"
"1188","TCGTGGGGTGAGAACC-1_6_1"
"1189","TCGTGGGTCTTCCGTG-1_6_1"
"1190","TCTAACTCAAATTGCC-1_6_1"
"1191","TCTAACTGTAGAGTTA-1_6_1"
"1192","TCTAACTGTCGATGCC-1_6_1"
"1193","TCTACATAGAGAGGGC-1_6_1"
"1194","TCTACATAGTCAGCGA-1_6_1"
"1195","TCTACATGTCCGGCAT-1_6_1"
"1196","TCTATACAGTACTGTC-1_6_1"
"1197","TCTATACCAACTAGAA-1_6_1"
"1198","TCTATACTCCCATTTA-1_6_1"
"1199","TCTATCAGTGTTGATC-1_6_1"
"1200","TCTCACGGTGCTCTTC-1_6_1"
"1201","TCTCACGTCACTGTTT-1_6_1"
"1202","TCTCAGCCAGCGTTGC-1_6_1"
"1203","TCTCAGCCATGGGATG-1_6_1"
"1204","TCTCAGCGTTGATGTC-1_6_1"
"1205","TCTCAGCTCATCACCC-1_6_1"
"1206","TCTCCGACAGAGTCTT-1_6_1"
"1207","TCTCTGGAGGGTAATT-1_6_1"
"1208","TCTCTGGTCGAACACT-1_6_1"
"1209","TCTCTGGTCGCGAAGA-1_6_1"
"1210","TCTGCCAGTACAAGTA-1_6_1"
"1211","TCTGGCTAGGATATGT-1_6_1"
"1212","TCTGGCTTCACACGAT-1_6_1"
"1213","TCTGTCGAGAACAAGG-1_6_1"
"1214","TCTGTCGCACCAGTAT-1_6_1"
"1215","TCTGTCGCAGTAGAAT-1_6_1"
"1216","TCTTAGTAGAGCATTA-1_6_1"
"1217","TCTTGCGTCGCGATCG-1_6_1"
"1218","TCTTTGAAGTCTGTAC-1_6_1"
"1219","TCTTTGACACAGTATC-1_6_1"
"1220","TCTTTGACATAATCGC-1_6_1"
"1221","TCTTTGATCTCTCCGA-1_6_1"
"1222","TGAACGTCACTAGTAC-1_6_1"
"1223","TGAATCGGTCCTCCAT-1_6_1"
"1224","TGAATCGGTGGAACAC-1_6_1"
"1225","TGAATGCTCGATTTCT-1_6_1"
"1226","TGAATGCTCTCGGCTT-1_6_1"
"1227","TGACAGTCAAGCTCTA-1_6_1"
"1228","TGACCCTCATCCAACA-1_6_1"
"1229","TGACGCGCAGTTTGGT-1_6_1"
"1230","TGACGCGTCATTACCT-1_6_1"
"1231","TGACTCCGTGCTCCGA-1_6_1"
"1232","TGAGACTAGCATTGAA-1_6_1"
"1233","TGAGACTGTAGATGTA-1_6_1"
"1234","TGAGACTTCGAGCCTG-1_6_1"
"1235","TGAGCATGTCGTGCCA-1_6_1"
"1236","TGAGCGCTCATTGCCC-1_6_1"
"1237","TGAGGGAGTGAATAAC-1_6_1"
"1238","TGAGGTTAGCGCCCAT-1_6_1"
"1239","TGAGGTTGTCCAAATC-1_6_1"
"1240","TGAGTCAAGACATATG-1_6_1"
"1241","TGATCAGCACTACAGT-1_6_1"
"1242","TGATCAGGTATAGGAT-1_6_1"
"1243","TGATCTTAGGCACAAC-1_6_1"
"1244","TGATGCAGTCGAGATG-1_6_1"
"1245","TGATGCAGTTCAAACC-1_6_1"
"1246","TGATGGTAGCCTCACG-1_6_1"
"1247","TGATGGTCAGGTTTAC-1_6_1"
"1248","TGATTCTCAACAACAA-1_6_1"
"1249","TGATTCTGTATGTCCA-1_6_1"
"1250","TGCACGGGTCCCTCAT-1_6_1"
"1251","TGCACGGGTTACGATC-1_6_1"
"1252","TGCACGGGTTCTCGTC-1_6_1"
"1253","TGCAGATCAGAGAATT-1_6_1"
"1254","TGCAGATTCCTCACTG-1_6_1"
"1255","TGCAGGCGTAGGAGGG-1_6_1"
"1256","TGCAGGCGTCTTCATT-1_6_1"
"1257","TGCAGTAAGGCCATAG-1_6_1"
"1258","TGCAGTAAGTGTTCAC-1_6_1"
"1259","TGCAGTACATATAGCC-1_6_1"
"1260","TGCATCCCAAGACTGG-1_6_1"
"1261","TGCATGAGTCTTTCAT-1_6_1"
"1262","TGCATGAGTTCGTACA-1_6_1"
"1263","TGCCGAGAGCTGAAGC-1_6_1"
"1264","TGCCGAGGTACCTTCC-1_6_1"
"1265","TGCCGAGGTACTGTTG-1_6_1"
"1266","TGCCGAGTCCCATTTA-1_6_1"
"1267","TGCGACGGTGCAAGAC-1_6_1"
"1268","TGCGGCACATTGACTG-1_6_1"
"1269","TGCGGGTCAAACGGCA-1_6_1"
"1270","TGCGGGTGTAGCTGCC-1_6_1"
"1271","TGCGGGTGTGCCCTTT-1_6_1"
"1272","TGCTCGTTCTTGAGCA-1_6_1"
"1273","TGCTTCGAGACGATAT-1_6_1"
"1274","TGCTTGCAGTGCCTCG-1_6_1"
"1275","TGGAACTCACAAACGG-1_6_1"
"1276","TGGAGAGCAAGCGAAC-1_6_1"
"1277","TGGAGGAAGCATTGAA-1_6_1"
"1278","TGGAGGACAAGGCCTC-1_6_1"
"1279","TGGAGGATCCGGTAAT-1_6_1"
"1280","TGGATGTGTGATACAA-1_6_1"
"1281","TGGCGTGTCCGTAATG-1_6_1"
"1282","TGGGAAGTCCGACAGC-1_6_1"
"1283","TGGGAGAGTACAGAGC-1_6_1"
"1284","TGGGAGAGTGATACTC-1_6_1"
"1285","TGGGCGTGTCATTGCA-1_6_1"
"1286","TGGGCTGCACAAGCTT-1_6_1"
"1287","TGGGTTAGTAAGTTAG-1_6_1"
"1288","TGGTAGTAGTGATCGG-1_6_1"
"1289","TGGTAGTTCGGTCGGT-1_6_1"
"1290","TGGTGATTCTGAGATC-1_6_1"
"1291","TGGTTAGGTTCAGTAC-1_6_1"
"1292","TGTAACGGTTCGTAAC-1_6_1"
"1293","TGTAAGCAGTGGTCAG-1_6_1"
"1294","TGTAGACAGCCAAGGT-1_6_1"
"1295","TGTAGACTCACTTATC-1_6_1"
"1296","TGTCCACGTCGCCTAG-1_6_1"
"1297","TGTCCCACATGGAACG-1_6_1"
"1298","TGTCCCAGTCTTCGAA-1_6_1"
"1299","TGTCCCAGTGCTATTG-1_6_1"
"1300","TGTCCTGAGTGTTGAA-1_6_1"
"1301","TGTCCTGGTGTGGACA-1_6_1"
"1302","TGTGATGGTTTGAAAG-1_6_1"
"1303","TGTGATGTCCTACCGT-1_6_1"
"1304","TGTGCGGTCCAACACA-1_6_1"
"1305","TGTGCGGTCCATGAGT-1_6_1"
"1306","TGTGGCGAGGCATGCA-1_6_1"
"1307","TGTGGCGAGTCTAACC-1_6_1"
"1308","TGTGGCGCAGACACCC-1_6_1"
"1309","TGTGTGAGTGGCTGAA-1_6_1"
"1310","TGTTACTAGTCTAGAA-1_6_1"
"1311","TGTTACTTCGGCAGTC-1_6_1"
"1312","TGTTCATTCTCTGACC-1_6_1"
"1313","TGTTCCGGTTAGAGAT-1_6_1"
"1314","TGTTCTAAGCTACAAA-1_6_1"
"1315","TGTTCTAAGCTCGCAC-1_6_1"
"1316","TGTTCTATCAAACCTG-1_6_1"
"1317","TGTTCTATCGCTGACG-1_6_1"
"1318","TGTTGGACAGAAGTTA-1_6_1"
"1319","TTAATCCAGGCTCTCG-1_6_1"
"1320","TTAATCCAGTCACAGG-1_6_1"
"1321","TTAATCCCAGACACCC-1_6_1"
"1322","TTAATCCGTGTCTTAG-1_6_1"
"1323","TTAATCCGTTACTCAG-1_6_1"
"1324","TTACCATCAGGCGAAT-1_6_1"
"1325","TTACCGCCAGTGGGTA-1_6_1"
"1326","TTACCGCTCCCTCGAT-1_6_1"
"1327","TTACGCCCAAACACCT-1_6_1"
"1328","TTACGTTAGCCTGGAA-1_6_1"
"1329","TTACTGTGTACCGGCT-1_6_1"
"1330","TTCACCGCACTACCCT-1_6_1"
"1331","TTCACCGTCGCGCCAA-1_6_1"
"1332","TTCACGCCAACCACGC-1_6_1"
"1333","TTCAGGAAGAGCTGCA-1_6_1"
"1334","TTCATGTCAGCCCAGT-1_6_1"
"1335","TTCATTGTCCGGCTTT-1_6_1"
"1336","TTCCAATCAGAGTCTT-1_6_1"
"1337","TTCCAATGTATCCCTC-1_6_1"
"1338","TTCCACGCATCGATAC-1_6_1"
"1339","TTCCGGTGTCTGCGCA-1_6_1"
"1340","TTCCGTGAGAGCAAGA-1_6_1"
"1341","TTCCTAACATATGCGT-1_6_1"
"1342","TTCCTCTCAGCGTGAA-1_6_1"
"1343","TTCCTTCCAACTCGAT-1_6_1"
"1344","TTCCTTCTCCAACCAA-1_6_1"
"1345","TTCGATTAGATTAGTG-1_6_1"
"1346","TTCGATTAGCCTTCTC-1_6_1"
"1347","TTCGATTAGGCAGTCA-1_6_1"
"1348","TTCGCTGGTGGGAGAG-1_6_1"
"1349","TTCGGTCAGCGAATGC-1_6_1"
"1350","TTCGGTCAGCGGCTCT-1_6_1"
"1351","TTCGGTCCAAATGCTC-1_6_1"
"1352","TTCTCTCTCTCGGCTT-1_6_1"
"1353","TTCTGTATCGCTCCTA-1_6_1"
"1354","TTCTTCCCAGTTTGGT-1_6_1"
"1355","TTCTTCCTCGCCTTGT-1_6_1"
"1356","TTCTTCCTCTCAACGA-1_6_1"
"1357","TTCTTGATCCCAACTC-1_6_1"
"1358","TTCTTGATCTGGACCG-1_6_1"
"1359","TTGAACGAGCTTAGTC-1_6_1"
"1360","TTGAACGGTCCGGTGT-1_6_1"
"1361","TTGACCCAGGAAGTCC-1_6_1"
"1362","TTGAGTGAGATTGCGG-1_6_1"
"1363","TTGAGTGAGGATAATC-1_6_1"
"1364","TTGAGTGAGGTACAGC-1_6_1"
"1365","TTGATGGAGACATCCT-1_6_1"
"1366","TTGATGGCAGCACAAG-1_6_1"
"1367","TTGCATTAGCTAATCC-1_6_1"
"1368","TTGCATTGTAGATCCT-1_6_1"
"1369","TTGCCTGAGAATAGTC-1_6_1"
"1370","TTGCCTGAGACTACCT-1_6_1"
"1371","TTGCTGCTCAAGTGTC-1_6_1"
"1372","TTGGATGCAGTCAACT-1_6_1"
"1373","TTGGGTAAGAACCGCA-1_6_1"
"1374","TTGGGTATCAACTGGT-1_6_1"
"1375","TTGGGTATCCATTCGC-1_6_1"
"1376","TTGGTTTAGGACATCG-1_6_1"
"1377","TTGTGGAGTACGATGG-1_6_1"
"1378","TTGTGTTGTTTCCCAC-1_6_1"
"1379","TTGTGTTTCATACAGC-1_6_1"
"1380","TTGTTCATCATCCTAT-1_6_1"
"1381","TTGTTGTTCTTAGCTT-1_6_1"
"1382","TTGTTTGAGGTGCGAT-1_6_1"
"1383","TTGTTTGGTCAAAGTA-1_6_1"
"1384","TTGTTTGGTGACACAG-1_6_1"
"1385","TTTACCAAGGTTACAA-1_6_1"
"1386","TTTACCAAGTCTTGGT-1_6_1"
"1387","TTTACCACAGAGAGGG-1_6_1"
"1388","TTTACCACATGAAGCG-1_6_1"
"1389","TTTACCATCCGTGACG-1_6_1"
"1390","TTTACTGAGAAGGCTC-1_6_1"
"1391","TTTACTGAGGAAAGAC-1_6_1"
"1392","TTTACTGCAGAACTAA-1_6_1"
"1393","TTTAGTCCAGCTTCCT-1_6_1"
"1394","TTTAGTCTCCGCATAA-1_6_1"
"1395","TTTCACACATGTGGTT-1_6_1"
"1396","TTTCACAGTGACACGA-1_6_1"
"1397","TTTCACATCTCGTCAC-1_6_1"
"1398","TTTCATGAGTCGAGGT-1_6_1"
"1399","TTTCATGCAACTGAAA-1_6_1"
"1400","TTTCGATAGCCTCTCT-1_6_1"
"1401","TTTCGATCAAGTTCCA-1_6_1"
"1402","TTTCGATGTCGCTTAA-1_6_1"
"1403","TTTGACTGTAGTACGG-1_6_1"
"1404","TTTGATCCATTGAGCT-1_6_1"
"1405","TTTGATCGTCAGTCCG-1_6_1"
"1406","TTTGATCTCGGTCAGC-1_6_1"
"1407","TTTGGAGAGGTCGTGA-1_6_1"
"1408","TTTGGAGCAGTTGAAA-1_6_1"
"1409","TTTGGAGTCAGTCATG-1_6_1"
"1410","TTTGGTTGTTTGGCTA-1_6_1"
"1411","TTTGGTTTCGTGTGGC-1_6_1"
