"","x"
"1","AAACCCAAGTCTCCTC-1_1"
"2","AAACGCTGTGAGCGAT-1_1"
"3","AAAGGATGTGCATACT-1_1"
"4","AAAGGGCGTGAGATTA-1_1"
"5","AAAGTCCCAGAGAATT-1_1"
"6","AAATGGATCCCTCAAC-1_1"
"7","AACAACCAGCAGGGAG-1_1"
"8","AACACACAGGAGGGTG-1_1"
"9","AACAGGGTCGCACTCT-1_1"
"10","AACCAACCACCTGCGA-1_1"
"11","AACCACAGTAACATCC-1_1"
"12","AACGAAACAAGAGAGA-1_1"
"13","AACGTCAAGCGGTAAC-1_1"
"14","AACTTCTCAGTGGCTC-1_1"
"15","AAGATAGTCGGACAAG-1_1"
"16","AAGCCATAGGCTTAAA-1_1"
"17","AAGCCATCATGGGTCC-1_1"
"18","AAGCGAGGTCAAACGG-1_1"
"19","AAGGAATGTTTCGATG-1_1"
"20","AAGTACCGTAGACGGT-1_1"
"21","AATAGAGAGGTTCAGG-1_1"
"22","AATAGAGCAATTTCTC-1_1"
"23","AATGCCATCGAGATAA-1_1"
"24","ACAAAGATCCGCTAGG-1_1"
"25","ACAAGCTGTGTTTCTT-1_1"
"26","ACACAGTTCGTCAACA-1_1"
"27","ACACGCGCACCGTACG-1_1"
"28","ACACTGATCGGCAGTC-1_1"
"29","ACCAACAGTTCTCCTG-1_1"
"30","ACCATTTAGCTGGTGA-1_1"
"31","ACCATTTTCAAGCCAT-1_1"
"32","ACCCAAACAAATCAGA-1_1"
"33","ACCCAAAGTGCCGTTG-1_1"
"34","ACCGTTCAGCCACAAG-1_1"
"35","ACCGTTCGTTATTCTC-1_1"
"36","ACCGTTCTCGTAATGC-1_1"
"37","ACCTGAAGTGACACAG-1_1"
"38","ACGATGTGTACGACAG-1_1"
"39","ACGGGTCAGCAGAAAG-1_1"
"40","ACGGTCGGTTCACGAT-1_1"
"41","ACGGTTAGTCTACACA-1_1"
"42","ACGGTTATCTATTGTC-1_1"
"43","ACGTAACAGATAACGT-1_1"
"44","ACGTAGTGTGGCTAGA-1_1"
"45","ACTATGGCACCGCTAG-1_1"
"46","ACTATTCAGTCTGTAC-1_1"
"47","ACTATTCCAAATGAGT-1_1"
"48","ACTGCAAAGTCTGCGC-1_1"
"49","ACTGTCCCACAATCTG-1_1"
"50","ACTGTCCTCAAATAGG-1_1"
"51","ACTTAGGGTACCGGCT-1_1"
"52","ACTTCCGCACTTTATC-1_1"
"53","AGAAGTATCATGCAGT-1_1"
"54","AGACAAAGTACTGAGG-1_1"
"55","AGACAAATCCGATAAC-1_1"
"56","AGACACTGTTCCAGGC-1_1"
"57","AGACCATAGTGCACCC-1_1"
"58","AGACCATGTATGAAAC-1_1"
"59","AGACTCATCAGACCCG-1_1"
"60","AGAGCAGTCGGTATGT-1_1"
"61","AGATAGACAGCTGAGA-1_1"
"62","AGATGAACAAATTGGA-1_1"
"63","AGCCAGCGTTGGTACT-1_1"
"64","AGCGATTGTCCAGCCA-1_1"
"65","AGCGTATAGAGCCATG-1_1"
"66","AGGAAATCAGCATTGT-1_1"
"67","AGGACGATCGGTAGGA-1_1"
"68","AGGAGGTCATACTTTC-1_1"
"69","AGGATCTCAATTCTCT-1_1"
"70","AGGGAGTTCCGAGCTG-1_1"
"71","AGGGCCTCAGAAGTTA-1_1"
"72","AGGGTCCGTACTAACC-1_1"
"73","AGGGTGAGTGATGTAA-1_1"
"74","AGGGTTTCAGGTGAGT-1_1"
"75","AGGTCTAAGTCACTAC-1_1"
"76","AGGTTACGTTATTCCT-1_1"
"77","AGGTTGTAGGGACAGG-1_1"
"78","AGTAACCCATAAGCAA-1_1"
"79","AGTACTGAGGATTCAA-1_1"
"80","AGTACTGAGTCATGCT-1_1"
"81","AGTACTGCACATACGT-1_1"
"82","AGTACTGTCCCGAAAT-1_1"
"83","AGTCACATCCGAGAAG-1_1"
"84","AGTCTCCGTAACGCGA-1_1"
"85","AGTCTCCGTCCTCATC-1_1"
"86","AGTTAGCAGAGCAGCT-1_1"
"87","ATACCTTCACCCTTGT-1_1"
"88","ATACTTCGTGTGAGCA-1_1"
"89","ATAGGCTGTTGGGCCT-1_1"
"90","ATATCCTGTAATGATG-1_1"
"91","ATATCCTGTCGCTCGA-1_1"
"92","ATCACGACATTCCTCG-1_1"
"93","ATCCCTGTCCTCTCGA-1_1"
"94","ATCCGTCGTCGTTTCC-1_1"
"95","ATCCTATCACTGGACC-1_1"
"96","ATCGTCCCAAGGTCAG-1_1"
"97","ATCGTCCCACTCGATA-1_1"
"98","ATGCATGCAAACTGCT-1_1"
"99","ATGCATGGTCGTGATT-1_1"
"100","ATGCCTCAGGCTCACC-1_1"
"101","ATGGATCCAGCCTTCT-1_1"
"102","ATGGTTGAGAATAGTC-1_1"
"103","ATTACCTGTATTGACC-1_1"
"104","ATTACCTTCCTGCCAT-1_1"
"105","ATTCACTGTTGCTCAA-1_1"
"106","ATTCATCAGGTCCTGC-1_1"
"107","ATTCTACCACCAGCGT-1_1"
"108","CAAAGAAAGACTAAGT-1_1"
"109","CAACAACAGAGGTCGT-1_1"
"110","CAACAGTGTGAGCTCC-1_1"
"111","CAACCTCGTGTTTGCA-1_1"
"112","CAACCTCTCAGGAAGC-1_1"
"113","CAACCTCTCGGCCTTT-1_1"
"114","CAACGATTCGCTGTCT-1_1"
"115","CAACGGCGTGTACAGG-1_1"
"116","CAAGACTAGCGTATAA-1_1"
"117","CAAGACTCATGTGCCG-1_1"
"118","CAAGGGAAGATCACTC-1_1"
"119","CAAGGGAGTAGCTTGT-1_1"
"120","CAAGGGATCTGCGGGT-1_1"
"121","CAATGACAGCAACTCT-1_1"
"122","CAATTTCCACATTACG-1_1"
"123","CACAACAAGTGGCAGT-1_1"
"124","CACAGATCACATACGT-1_1"
"125","CACAGGCAGTCTGCGC-1_1"
"126","CACAGGCGTTGCTGAT-1_1"
"127","CACGAATCACGTGTGC-1_1"
"128","CACGGGTAGCTCCCTT-1_1"
"129","CACGGGTCAAGAGGTC-1_1"
"130","CACGTGGAGAACCCGA-1_1"
"131","CACGTGGAGGACTATA-1_1"
"132","CACGTGGCAGGTTCGC-1_1"
"133","CACGTTCTCGACGATT-1_1"
"134","CACTAAGAGACTCTAC-1_1"
"135","CACTAAGTCAGGAACG-1_1"
"136","CACTGAAAGGTGAGCT-1_1"
"137","CACTGTCGTGGGTCAA-1_1"
"138","CAGCAGCTCAATGTCG-1_1"
"139","CAGCAGCTCGAGTCTA-1_1"
"140","CAGGCCAGTGTGAATA-1_1"
"141","CAGGCCATCCATCGTC-1_1"
"142","CAGTTCCGTTTGTTCT-1_1"
"143","CATAAGCTCACGATAC-1_1"
"144","CATACCCTCGCCGATG-1_1"
"145","CATACTTGTCGATGCC-1_1"
"146","CATCCGTCAACCCGCA-1_1"
"147","CATCGGGCATACACCA-1_1"
"148","CATGAGTAGCACTAAA-1_1"
"149","CATGCGGCATAGCTGT-1_1"
"150","CATGGATAGGTACATA-1_1"
"151","CATGGTACAACCGCTG-1_1"
"152","CATGGTAGTTCGGTAT-1_1"
"153","CATTCCGAGACAGCGT-1_1"
"154","CATTCCGCAGAGTCAG-1_1"
"155","CATTCTAGTATCAGGG-1_1"
"156","CATTGAGGTTAAGGAT-1_1"
"157","CATTTCAAGTAAGAGG-1_1"
"158","CCAATGAGTTCCGTTC-1_1"
"159","CCAATTTAGTAGGATT-1_1"
"160","CCACCATAGAGCAGAA-1_1"
"161","CCACGTTAGACGAAGA-1_1"
"162","CCCAACTAGTGCGCTC-1_1"
"163","CCCAACTTCCGTGGTG-1_1"
"164","CCCAACTTCGAACGGA-1_1"
"165","CCCATTGTCACCGCTT-1_1"
"166","CCCTGATAGGGAGGAC-1_1"
"167","CCGAACGGTGGATACG-1_1"
"168","CCGCAAGCACCGCTGA-1_1"
"169","CCGGACAAGGTCTTTG-1_1"
"170","CCGGACAGTTGGATCT-1_1"
"171","CCGGGTACAAAGACTA-1_1"
"172","CCGGGTACACAAGTGG-1_1"
"173","CCTAACCGTTGTTTGG-1_1"
"174","CCTAAGAAGAGGTTAT-1_1"
"175","CCTACGTCACATTACG-1_1"
"176","CCTACGTGTATTGGCT-1_1"
"177","CCTCAACCATGAATAG-1_1"
"178","CCTCACACAATGGCAG-1_1"
"179","CCTCAGTAGAATCGAT-1_1"
"180","CCTCATGGTGACTGAG-1_1"
"181","CCTCATGGTGATCATC-1_1"
"182","CCTCATGTCTCTGCTG-1_1"
"183","CCTCCTCAGCGTGAAC-1_1"
"184","CCTCTAGGTGTTACTG-1_1"
"185","CGAATTGGTCACATTG-1_1"
"186","CGAGGCTCAACAGAGC-1_1"
"187","CGAGGCTGTACCTGTA-1_1"
"188","CGATGCGAGAAATCCA-1_1"
"189","CGATGCGAGAGACAAG-1_1"
"190","CGATGCGGTCCTTTGC-1_1"
"191","CGATGGCAGCTCTGTA-1_1"
"192","CGATGGCCAAATCGGG-1_1"
"193","CGCAGGTGTCCAGAAG-1_1"
"194","CGCGTGAGTATTTCTC-1_1"
"195","CGCGTGATCTTGGGCG-1_1"
"196","CGGACACCATTCTGTT-1_1"
"197","CGGACACGTGAGATAT-1_1"
"198","CGGACACTCCATTGTT-1_1"
"199","CGGCAGTAGGAATTAC-1_1"
"200","CGGGCATGTATCCCTC-1_1"
"201","CGGGTCACATCGTGGC-1_1"
"202","CGGGTGTCAATAGAGT-1_1"
"203","CGGTCAGAGGCTTAGG-1_1"
"204","CGTAGTACATGAGATA-1_1"
"205","CGTAGTACATTGCCTC-1_1"
"206","CGTCAAAAGTCTAACC-1_1"
"207","CGTGAATTCACCGCTT-1_1"
"208","CGTGTCTGTGCTCCGA-1_1"
"209","CGTTCTGGTGTCATTG-1_1"
"210","CTAACTTTCTTCCGTG-1_1"
"211","CTACCTGTCTACCACC-1_1"
"212","CTACGGGTCCTTCTAA-1_1"
"213","CTATAGGGTCTTCATT-1_1"
"214","CTCAGAAAGGCGAAGG-1_1"
"215","CTCAGTCGTCACTGAT-1_1"
"216","CTCATGCCAGGCTATT-1_1"
"217","CTCATGCCATCGGAAG-1_1"
"218","CTCCATGCATCACAGT-1_1"
"219","CTCCCTCTCCTTTAGT-1_1"
"220","CTCCGATCAATGACCT-1_1"
"221","CTCCGATGTTAAGACA-1_1"
"222","CTCCGATTCGCGGTAC-1_1"
"223","CTCGAGGGTGGAAATT-1_1"
"224","CTCTCAGAGCGACAGT-1_1"
"225","CTCTCAGCAGTCAGAG-1_1"
"226","CTGAGGCCACATGTTG-1_1"
"227","CTGAGGCGTCGAGCAA-1_1"
"228","CTGATCCGTAATTAGG-1_1"
"229","CTGCAGGGTCATCGGC-1_1"
"230","CTGCGAGAGGTTGAGC-1_1"
"231","CTGCGAGTCACCTTGC-1_1"
"232","CTGGTCTAGTCTCGTA-1_1"
"233","CTTAGGACACTTGGCG-1_1"
"234","CTTCGGTTCCATCTCG-1_1"
"235","CTTCTCTAGGTGATCG-1_1"
"236","CTTCTCTTCGACGCTG-1_1"
"237","CTTGAGAGTGCTCTTC-1_1"
"238","CTTTCAATCGAGCCAC-1_1"
"239","GAACACTGTAACGCGA-1_1"
"240","GAACGTTCAGTTGTCA-1_1"
"241","GAAGAATAGCGCCGTT-1_1"
"242","GAAGAATCACGTGTGC-1_1"
"243","GAAGGACCAGTTGTCA-1_1"
"244","GAAGGACTCTACTATC-1_1"
"245","GAAGTAACAGGCACTC-1_1"
"246","GAATAGAAGATACCAA-1_1"
"247","GAATCGTCAATCGCAT-1_1"
"248","GACAGCCAGCGGATCA-1_1"
"249","GACCAATCAGACCAGA-1_1"
"250","GACCCAGAGGCTGAAC-1_1"
"251","GACTATGTCTTTGCGC-1_1"
"252","GACTGATAGAGCCATG-1_1"
"253","GAGCCTGCAAGTGATA-1_1"
"254","GAGGCCTCATTGAGCT-1_1"
"255","GAGTGAGCACGACGCT-1_1"
"256","GAGTGTTCAAGTGCAG-1_1"
"257","GAGTGTTCACCAGCTG-1_1"
"258","GATAGAAAGATGCTGG-1_1"
"259","GATCAGTCAGTAACAA-1_1"
"260","GATCCCTTCCTACACC-1_1"
"261","GATCGTAAGGACTAAT-1_1"
"262","GATGATCAGGACTATA-1_1"
"263","GATGTTGAGAGGTGCT-1_1"
"264","GATTCGATCTGTTGGA-1_1"
"265","GATTGGTCAACACAAA-1_1"
"266","GCAACCGTCCTTGAAG-1_1"
"267","GCACGGTCACTACAGT-1_1"
"268","GCACGGTTCGAATCCA-1_1"
"269","GCAGGCTCACTGTCGG-1_1"
"270","GCATCGGAGTCCCGGT-1_1"
"271","GCATGATTCCTTATAC-1_1"
"272","GCATGATTCTGTGTGA-1_1"
"273","GCCAGGTCACGCGTCA-1_1"
"274","GCCAGTGGTCTACAGT-1_1"
"275","GCCGATGGTCACTCTC-1_1"
"276","GCCGTGAGTTATGACC-1_1"
"277","GCGATCGCACGGTGAA-1_1"
"278","GCGATCGTCTAGGCAT-1_1"
"279","GCGGATCAGAATCCCT-1_1"
"280","GCGTGCAGTTAATCGC-1_1"
"281","GCTACAAGTCGTATTG-1_1"
"282","GCTACAATCGTCCTTG-1_1"
"283","GCTCAAAGTGATGTAA-1_1"
"284","GCTGAATGTCTCCTGT-1_1"
"285","GCTTGGGCATGGCACC-1_1"
"286","GGAAGTGAGTATCCTG-1_1"
"287","GGACGTCCAACCACAT-1_1"
"288","GGAGATGGTTCGCGTG-1_1"
"289","GGAGGTAGTCAAAGTA-1_1"
"290","GGAGGTAGTTCAACGT-1_1"
"291","GGATCTACAGTGTACT-1_1"
"292","GGATCTATCCATCTAT-1_1"
"293","GGCGTCAAGCTGTACT-1_1"
"294","GGCGTCACACGTCGTG-1_1"
"295","GGCTGTGGTCATTCCC-1_1"
"296","GGCTTTCGTAGTGTGG-1_1"
"297","GGGACAACACGTGAGA-1_1"
"298","GGGAGTAAGAACTTCC-1_1"
"299","GGGCGTTCAGTTGGTT-1_1"
"300","GGGCGTTTCTGAATGC-1_1"
"301","GGGCTCAAGCCATTCA-1_1"
"302","GGGTAGACAAACACCT-1_1"
"303","GGGTAGACACCCGTAG-1_1"
"304","GGGTAGATCGTGGAAG-1_1"
"305","GGGTATTAGGTGCCTC-1_1"
"306","GGGTCACCAATTTCGG-1_1"
"307","GGGTGAATCAGAGCGA-1_1"
"308","GGGTGTCTCATCGCCT-1_1"
"309","GGGTTATGTTGACTGT-1_1"
"310","GGGTTATTCCATTGTT-1_1"
"311","GGGTTTAGTCTAACGT-1_1"
"312","GGTAACTGTATCAGCT-1_1"
"313","GGTCACGAGTGTAGAT-1_1"
"314","GGTCTGGCACTTCATT-1_1"
"315","GGTGAAGTCTAAGGAA-1_1"
"316","GGTGATTTCTTCGACC-1_1"
"317","GGTGGCTCACATTCGA-1_1"
"318","GGTTAACGTCTACAGT-1_1"
"319","GGTTGTATCCTACGGG-1_1"
"320","GTAACACTCCGATAAC-1_1"
"321","GTAACACTCCGGTAAT-1_1"
"322","GTACAGTAGCAGGTCA-1_1"
"323","GTAGGAGTCGAGCCTG-1_1"
"324","GTAGGTTGTTCCTTGC-1_1"
"325","GTAGTACAGGGTGAGG-1_1"
"326","GTAGTACGTGTCGCTG-1_1"
"327","GTATTGGGTAGCTGTT-1_1"
"328","GTCAAGTGTCGTCATA-1_1"
"329","GTCAAGTTCGCCTATC-1_1"
"330","GTCACGGGTTACAGCT-1_1"
"331","GTCACTCAGGTTGCCC-1_1"
"332","GTCACTCGTCCTCCAT-1_1"
"333","GTCATCCGTAACGCGA-1_1"
"334","GTCATCCTCGGAACTT-1_1"
"335","GTCATGACAAACCACT-1_1"
"336","GTCCCATAGCAAGGAA-1_1"
"337","GTCGAATCACACGCCA-1_1"
"338","GTCGAATTCAGCAATC-1_1"
"339","GTCGTAAAGTGAGGCT-1_1"
"340","GTCGTTCCACTAGAGG-1_1"
"341","GTCTGTCGTCGGTAAG-1_1"
"342","GTGAGGAGTTGTGTTG-1_1"
"343","GTGCTGGAGCCGTTAT-1_1"
"344","GTGGAAGAGGCGTTGA-1_1"
"345","GTGGAAGCAAGAATAC-1_1"
"346","GTGGGAAAGCGCCTTG-1_1"
"347","GTGGGAAGTTTGAAAG-1_1"
"348","GTGGTTATCACATACG-1_1"
"349","GTGTCCTGTCTCACAA-1_1"
"350","GTGTGATAGTTGCGCC-1_1"
"351","GTGTGGCGTGGCAACA-1_1"
"352","GTGTTCCAGCACTTTG-1_1"
"353","GTGTTCCGTGAAGCGT-1_1"
"354","GTTACAGGTCGCGTCA-1_1"
"355","GTTATGGGTAGATTGA-1_1"
"356","GTTCATTAGGACCCAA-1_1"
"357","GTTCCGTAGAAATCCA-1_1"
"358","GTTCTATGTTCCATTT-1_1"
"359","GTTGCTCAGCGAATGC-1_1"
"360","GTTGTCCCAACTCGAT-1_1"
"361","GTTGTCCGTCAAAGCG-1_1"
"362","GTTGTGATCTGAGGCC-1_1"
"363","GTTTGGAAGTAAGCAT-1_1"
"364","TAAGCACGTCTACGAT-1_1"
"365","TAAGCCATCGCTGATA-1_1"
"366","TAAGCGTAGAAGGCTC-1_1"
"367","TAAGTCGCACCCTATC-1_1"
"368","TAAGTCGTCACCTTAT-1_1"
"369","TAAGTCGTCCGGACGT-1_1"
"370","TAATCTCCACTTGAAC-1_1"
"371","TAATCTCGTTACCCTC-1_1"
"372","TAATCTCGTTTGATCG-1_1"
"373","TAATTCCAGGTGCATG-1_1"
"374","TAATTCCCATTGTGCA-1_1"
"375","TAATTCCGTCTCGGAC-1_1"
"376","TACATTCCAGCACCCA-1_1"
"377","TACATTCTCAGCGTCG-1_1"
"378","TACCCACCATCGTGGC-1_1"
"379","TACCCACTCATTGTTC-1_1"
"380","TACCCGTCAGTAGTGG-1_1"
"381","TACCGGGCATGGAAGC-1_1"
"382","TACCGGGGTTCATCGA-1_1"
"383","TACCTGCCACCAGCCA-1_1"
"384","TACGTCCAGCGATCGA-1_1"
"385","TACTGCCTCTGCGGAC-1_1"
"386","TACTTACTCACTTTGT-1_1"
"387","TAGAGTCAGTCATTGC-1_1"
"388","TAGAGTCGTTGTTTGG-1_1"
"389","TAGATCGGTCGCTGCA-1_1"
"390","TAGCACACAGTGGTGA-1_1"
"391","TAGCACATCTACGGTA-1_1"
"392","TAGGGTTAGACCCTTA-1_1"
"393","TAGGTTGCAAATTGGA-1_1"
"394","TAGTGCAAGCGGATCA-1_1"
"395","TATCCTACAGATCCAT-1_1"
"396","TATCCTAGTTGCTCGG-1_1"
"397","TATCGCCAGACAACTA-1_1"
"398","TATCTTGAGACTGAGC-1_1"
"399","TATCTTGCAATCTAGC-1_1"
"400","TATCTTGCAGGTACGA-1_1"
"401","TCAAGACCACGAGGAT-1_1"
"402","TCAAGCAGTGGACCAA-1_1"
"403","TCAAGTGCAAAGACTA-1_1"
"404","TCAATTCCACGTCGGT-1_1"
"405","TCAATTCGTCGGTACC-1_1"
"406","TCACACCTCATGTCTT-1_1"
"407","TCACATTTCCGAGATT-1_1"
"408","TCACGCTAGCACGTCC-1_1"
"409","TCACGCTAGGCTTAAA-1_1"
"410","TCACGCTGTTTGAAAG-1_1"
"411","TCACTCGCATCCTCAC-1_1"
"412","TCACTCGTCGTCCATC-1_1"
"413","TCAGGTAAGACGGAAA-1_1"
"414","TCAGTCCGTGATACCT-1_1"
"415","TCATACTTCCACGTGG-1_1"
"416","TCATATCCAAGCCATT-1_1"
"417","TCATCATCAGACCCGT-1_1"
"418","TCATGTTAGCATCTTG-1_1"
"419","TCATGTTCATTGTACG-1_1"
"420","TCATTGTTCAGCTGTA-1_1"
"421","TCATTTGTCTGGTCAA-1_1"
"422","TCCCATGTCCACTGAA-1_1"
"423","TCCGGGATCTGCGGGT-1_1"
"424","TCCTCGATCTGTACAG-1_1"
"425","TCCTGCATCTTAGGAC-1_1"
"426","TCCTTCTGTTACGATC-1_1"
"427","TCGAACAGTCGTGCCA-1_1"
"428","TCGAAGTCAGAAGTTA-1_1"
"429","TCGACCTGTTGGACCC-1_1"
"430","TCGATTTCACCAATTG-1_1"
"431","TCGGGACAGTAGGTTA-1_1"
"432","TCGGGACGTGACCTGC-1_1"
"433","TCGGGCATCAAAGCCT-1_1"
"434","TCGGGTGCACTGAATC-1_1"
"435","TCGTAGATCCTAGCTC-1_1"
"436","TCGTCCAGTGTCCGGT-1_1"
"437","TCTATACGTCGACTGC-1_1"
"438","TCTGCCAGTTCCACGG-1_1"
"439","TCTGGCTCACTACGGC-1_1"
"440","TCTGTCGTCATTTCCA-1_1"
"441","TCTTAGTCAAGTTGGG-1_1"
"442","TCTTCCTTCAAGCCGC-1_1"
"443","TGACCCTTCGTAGGAG-1_1"
"444","TGAGCATTCTTCTGTA-1_1"
"445","TGAGGAGAGACAACTA-1_1"
"446","TGAGGAGGTCACTCTC-1_1"
"447","TGATCAGGTGGGCTCT-1_1"
"448","TGATCTTCATGGCACC-1_1"
"449","TGATGCAGTGATACAA-1_1"
"450","TGCAGATCATGGAGAC-1_1"
"451","TGCAGGCTCGTGGTAT-1_1"
"452","TGCCGAGCACGTTGGC-1_1"
"453","TGCTCCAGTGCCTAAT-1_1"
"454","TGCTGAACATGGTACT-1_1"
"455","TGCTTGCGTCGCAACC-1_1"
"456","TGGATCATCAGAATAG-1_1"
"457","TGGATCATCTACGCAA-1_1"
"458","TGGATGTGTCTGTAAC-1_1"
"459","TGGGAAGGTCATAACC-1_1"
"460","TGGGATTCATCCGATA-1_1"
"461","TGGGATTTCTACGCAA-1_1"
"462","TGGTACAAGGCCACTC-1_1"
"463","TGTAACGTCGATACGT-1_1"
"464","TGTAAGCGTACAGTCT-1_1"
"465","TGTAAGCTCGATACTG-1_1"
"466","TGTACAGAGAATCTAG-1_1"
"467","TGTGCGGTCAGTGTTG-1_1"
"468","TGTGGCGAGATTGACA-1_1"
"469","TGTGTGACATAGATCC-1_1"
"470","TGTGTGAGTTCAAGTC-1_1"
"471","TGTTCATGTATCGAGG-1_1"
"472","TGTTCCGAGATGAACT-1_1"
"473","TGTTGAGGTGGTTCTA-1_1"
"474","TGTTTGTGTTACCGTA-1_1"
"475","TTAATCCCATAGATCC-1_1"
"476","TTAATCCGTAGATGTA-1_1"
"477","TTACAGGAGTCAGCCC-1_1"
"478","TTACCATCAAGCGGAT-1_1"
"479","TTACCGCCACGGTGTC-1_1"
"480","TTACGCCTCGAAATCC-1_1"
"481","TTAGGCAAGGTTCCGC-1_1"
"482","TTCAATCGTCCTATAG-1_1"
"483","TTCACCGCACAAATGA-1_1"
"484","TTCACCGCATATCTGG-1_1"
"485","TTCATGTTCGACCAAT-1_1"
"486","TTCATGTTCGCCGAGT-1_1"
"487","TTCCAATCAGCGAGTA-1_1"
"488","TTCGGTCAGATGACAT-1_1"
"489","TTCGGTCCAGTCGCAC-1_1"
"490","TTCTAACCAGCTGTAT-1_1"
"491","TTCTAACGTGGCTGCT-1_1"
"492","TTCTGTACAACTCGAT-1_1"
"493","TTGAGTGTCGCTAGCG-1_1"
"494","TTGCCTGTCAACCCGG-1_1"
"495","TTGCTGCGTTAACAGA-1_1"
"496","TTGGGCGAGGTAGGCT-1_1"
"497","TTGGGCGTCCAACACA-1_1"
"498","TTGGGTAAGTAACAGT-1_1"
"499","TTGGGTATCTTGAACG-1_1"
"500","TTGTGTTTCCTGGGTG-1_1"
"501","TTTACGTGTAGAAACT-1_1"
"502","TTTACTGGTTCAAACC-1_1"
"503","TTTATGCGTCTGTAGT-1_1"
"504","TTTATGCTCGTCAAAC-1_1"
"505","TTTCACACACTCGATA-1_1"
"506","TTTCGATTCTTTGCTA-1_1"
"507","TTTGACTGTTAGGCTT-1_1"
"508","TTTGATCAGGCCTGCT-1_1"
"509","TTTGGAGGTCTAGATC-1_1"
