"","x"
"1","AACAAAGTCAGACTGT-1_9"
"2","AACGGGAAGCTCGGCT-1_9"
"3","AAGCATCCACTCATAG-1_9"
"4","AAGTACCCAACTACGT-1_9"
"5","AATCGACCACGAGGTA-1_9"
"6","AATCGTGAGTCATGGG-1_9"
"7","ACACTGAGTCCCTAAA-1_9"
"8","ACATCGATCTCGTCGT-1_9"
"9","ACGTACACAAATCAAG-1_9"
"10","ACGTAGTTCGTCTAAG-1_9"
"11","ACTTTCACAGCAGACA-1_9"
"12","AGCCAGCGTAGCGAGT-1_9"
"13","AGCGCCATCCCGAACG-1_9"
"14","AGCGCTGCAGTTCTAG-1_9"
"15","AGCTCAACATACCGTA-1_9"
"16","AGGAATAAGCAGCCTC-1_9"
"17","AGGTTGTCAAATCCCA-1_9"
"18","AGTACTGCAGAACTAA-1_9"
"19","AGTCAACGTCTTGGTA-1_9"
"20","ATATCCTCAAGCCATT-1_9"
"21","ATCGTAGTCTGCCTCA-1_9"
"22","ATGCCTCAGGAGAGGC-1_9"
"23","ATGCCTCCAGAACTAA-1_9"
"24","ATTCCCGGTAATACCC-1_9"
"25","ATTCGTTAGACCATAA-1_9"
"26","ATTCTACCATAGAAAC-1_9"
"27","ATTGGGTTCCGACGGT-1_9"
"28","CAACGGCTCGCCAATA-1_9"
"29","CAAGAGGCAGGGTTGA-1_9"
"30","CAAGGGAGTGTGTCGC-1_9"
"31","CAATCGAAGACCTCAT-1_9"
"32","CACCAAAGTAAGCTCT-1_9"
"33","CACTTCGGTGAATGTA-1_9"
"34","CAGGGCTCACAGTCGC-1_9"
"35","CATCGGGAGAGTTCGG-1_9"
"36","CATTCTAAGGTGGTTG-1_9"
"37","CCCTCTCCAGGTTCAT-1_9"
"38","CCCTGATAGCAAATCA-1_9"
"39","CCTACGTAGGCATTTC-1_9"
"40","CCTTGTGCATCATTTC-1_9"
"41","CGACAGCGTGACTATC-1_9"
"42","CGAGTGCAGGGTATAT-1_9"
"43","CGAGTGCTCTGGGCGT-1_9"
"44","CGCCAGAAGGACAACC-1_9"
"45","CGGAACCTCAGCACCG-1_9"
"46","CGGAGAACATGATGCT-1_9"
"47","CGGCAGTTCTGCATAG-1_9"
"48","CGGGCATTCCGTGACG-1_9"
"49","CGGGCATTCGCTAATG-1_9"
"50","CGTCCATGTCTCACAA-1_9"
"51","CTCACTGGTCCTACGG-1_9"
"52","CTCCGATTCCGACAGC-1_9"
"53","CTCCTTTAGTTTGAGA-1_9"
"54","CTGCTCAGTGGATCGA-1_9"
"55","CTGGCAGCAAGATGGC-1_9"
"56","CTGGTCTTCGCGAAGA-1_9"
"57","CTTACCGGTCATATGC-1_9"
"58","CTTCTAAGTACATACC-1_9"
"59","GATGATCCATTCGATG-1_9"
"60","GCACGGTCAACGCCCA-1_9"
"61","GCACTAAAGGCTCTAT-1_9"
"62","GCAGCTGGTAGTGGCA-1_9"
"63","GCAGGCTGTTTCACAG-1_9"
"64","GCCAACGGTGCCCACA-1_9"
"65","GCCAGCAGTGTTGACT-1_9"
"66","GCCCGAAGTGACGTCC-1_9"
"67","GCGTTTCTCGAATGCT-1_9"
"68","GGAATCTCAACACAAA-1_9"
"69","GGCGTCACACATGGTT-1_9"
"70","GGGACAACAGAGCTAG-1_9"
"71","GGGTGAACAAGGTCTT-1_9"
"72","GGTCTGGCAGACAAAT-1_9"
"73","GGTTAACAGTTAACGA-1_9"
"74","GGTTAACTCTGCCTGT-1_9"
"75","GTAAGTCTCTTCCCGA-1_9"
"76","GTAATCGCACTACGGC-1_9"
"77","GTAGTACGTTCGGACC-1_9"
"78","GTCACTCCACGGTAGA-1_9"
"79","GTCCACTCAGAGATTA-1_9"
"80","GTGAGCCGTATTCTCT-1_9"
"81","GTGATGTCACAAATGA-1_9"
"82","GTGCTGGAGTGATTCC-1_9"
"83","GTGCTTCTCGTTGCCT-1_9"
"84","GTTACCCAGTCGTCTA-1_9"
"85","GTTACGATCGCGCCAA-1_9"
"86","GTTCGCTAGGGATCGT-1_9"
"87","GTTGTAGCATCGTGGC-1_9"
"88","TACCCGTAGTAGTGCG-1_9"
"89","TACCGGGTCAATCCAG-1_9"
"90","TACCTGCAGAAGGCTC-1_9"
"91","TACGGTACAGCGAGTA-1_9"
"92","TACTGCCCAGCTTCCT-1_9"
"93","TACTGCCCAGTAGATA-1_9"
"94","TACTTGTTCATGCTAG-1_9"
"95","TAGACCAGTGGAAGTC-1_9"
"96","TAGGGTTAGGAACTAT-1_9"
"97","TAGGGTTTCTCCCATG-1_9"
"98","TCAGCCTTCCGCAAAT-1_9"
"99","TCATACTTCTATACTC-1_9"
"100","TCCCATGCATGTCGTA-1_9"
"101","TCCGAAATCTGGCCGA-1_9"
"102","TCCTGCACAGGAGGAG-1_9"
"103","TCGAAGTGTCCGGTGT-1_9"
"104","TCGGATAGTCCTACGG-1_9"
"105","TCTGCCAAGACGAAGA-1_9"
"106","TGAGGGACACAGAAGC-1_9"
"107","TGATTCTGTAAGGCCA-1_9"
"108","TGCGATATCACGATCA-1_9"
"109","TGGGCTGTCTCCCTAG-1_9"
"110","TGGGTTAGTCAGACTT-1_9"
"111","TGGTAGTCAAGCTACT-1_9"
"112","TGTGGCGAGATGCTAA-1_9"
"113","TTCAGGACACCTCGTT-1_9"
"114","TTCAGGATCGTGTGGC-1_9"
"115","TTGAACGGTACGAAAT-1_9"
"116","TTGGGATCAGTCCCGA-1_9"
"117","TTTACTGTCCTACCAC-1_9"
"118","TTTAGTCAGGTTGTTC-1_9"
"119","TTTGGAGAGAGTACCG-1_9"
"120","TTTGGTTCAATTAGGA-1_9"
