"","x"
"1","AAAGGATTCACCACAA-1_4"
"2","AAAGGGCGTGACACAG-1_4"
"3","AAAGTGAGTCTGTGAT-1_4"
"4","AACTTCTAGCTTACGT-1_4"
"5","ACATCCCGTAGTCACT-1_4"
"6","ACCAAACTCTGACCCT-1_4"
"7","ACCAACAGTTTCCAAG-1_4"
"8","ACCATTTAGTATGCAA-1_4"
"9","ACCTGTCCAATACCCA-1_4"
"10","ACGATCAGTCTGTAGT-1_4"
"11","ACGTACAAGATGATTG-1_4"
"12","ACTGCAAAGCACACAG-1_4"
"13","ACTTAGGGTCAAGTTC-1_4"
"14","ACTTCGCTCGACTCCT-1_4"
"15","AGAAATGAGCGACTGA-1_4"
"16","AGAGAATTCTGCGAGC-1_4"
"17","AGATGAAAGGTCGCCT-1_4"
"18","AGCCAATCACAACCGC-1_4"
"19","AGCGTATTCGCAGTCG-1_4"
"20","AGCTCAAGTGTTCATG-1_4"
"21","AGGGTCCAGGAGCTGT-1_4"
"22","AGTGTTGCATACAGCT-1_4"
"23","ATAGAGATCTCCGAGG-1_4"
"24","ATCAGGTAGGGCAACT-1_4"
"25","ATCGTCCTCGATCCAA-1_4"
"26","ATGGGAGCACGATAGG-1_4"
"27","ATTTCACGTGAGATAT-1_4"
"28","CAACCAAAGGCTCTCG-1_4"
"29","CAAGCTACAGCTCCTT-1_4"
"30","CACTGTCAGGTCCAGA-1_4"
"31","CAGATACGTTTGATCG-1_4"
"32","CATACAGTCTACGGGC-1_4"
"33","CATAGACGTCACCACG-1_4"
"34","CATCAAGCAAGACGGT-1_4"
"35","CATCCCATCCTGGGAC-1_4"
"36","CATCGTCAGCACCCAC-1_4"
"37","CCAAGCGTCTACACTT-1_4"
"38","CCAATTTTCCTGTTAT-1_4"
"39","CCACAAAGTCCCGCAA-1_4"
"40","CCCGAAGGTGTCCCTT-1_4"
"41","CCCTAACAGGTATAGT-1_4"
"42","CCGGGTATCCGCTAGG-1_4"
"43","CCTAACCAGTAGGGTC-1_4"
"44","CGACAGCCATAGTCGT-1_4"
"45","CGAGAAGCAGTCAGAG-1_4"
"46","CGAGTTAAGTCGGCCT-1_4"
"47","CGATGCGAGCCGGAAT-1_4"
"48","CGTCAAAAGGGAGGCA-1_4"
"49","CGTGTCTGTCGGCTAC-1_4"
"50","CGTGTCTTCGAGATGG-1_4"
"51","CTAACCCTCGGATAAA-1_4"
"52","CTATAGGGTCGACTTA-1_4"
"53","CTCACTGGTAGGATAT-1_4"
"54","CTCCATGGTGGACCAA-1_4"
"55","CTCCCTCTCGAATCCA-1_4"
"56","CTGCGAGTCTACTATC-1_4"
"57","CTGTATTTCTGTCCCA-1_4"
"58","CTTACCGGTAGGACCA-1_4"
"59","CTTCCGACACTGTGAT-1_4"
"60","CTTCTAAAGTCGTTAC-1_4"
"61","GAAATGACAACTCGAT-1_4"
"62","GACCTTCCACCAGGTC-1_4"
"63","GATAGAACAATACGAA-1_4"
"64","GATCACAGTCAATGGG-1_4"
"65","GATCGTAAGAAGGGAT-1_4"
"66","GATGACTGTGAGCGAT-1_4"
"67","GATGTTGAGACTCTTG-1_4"
"68","GCCAGGTCATAGATGA-1_4"
"69","GCCAGGTGTGTTGAGG-1_4"
"70","GCCAGTGGTCTTCTAT-1_4"
"71","GGAATGGCACATTGTG-1_4"
"72","GGAGAACGTGGGATTG-1_4"
"73","GGCGTCAAGCTACAAA-1_4"
"74","GGCTTTCCACAGAAGC-1_4"
"75","GGGAGTACATTGTCGA-1_4"
"76","GGGCTCAAGCCTGGAA-1_4"
"77","GGGTTATCACAGTCCG-1_4"
"78","GGTTCTCTCCGATCTC-1_4"
"79","GTAATCGCACAATGTC-1_4"
"80","GTACAACAGATGAAGG-1_4"
"81","GTCCACTTCCTCTCTT-1_4"
"82","GTCGTAAGTATCACCA-1_4"
"83","GTCGTAATCAAGCCGC-1_4"
"84","GTCTCACGTCCTACAA-1_4"
"85","GTGAGCCGTAAGATTG-1_4"
"86","GTGGAGACAATGTCTG-1_4"
"87","GTGTAACTCAATGTCG-1_4"
"88","GTGTGGCGTAGGCAAC-1_4"
"89","GTGTGGCTCTGATTCT-1_4"
"90","TAAGTCGGTCTAGGCC-1_4"
"91","TACAGGTCACAAACGG-1_4"
"92","TACCTCGTCAGCCTCT-1_4"
"93","TATCTGTAGGTTTGAA-1_4"
"94","TCACACCTCACCACAA-1_4"
"95","TCAGCAACAGAAATCA-1_4"
"96","TCATGAGAGAGCCGTA-1_4"
"97","TCATGCCCAGCAGTGA-1_4"
"98","TCATTCATCCCGATCT-1_4"
"99","TCCAGAACAATCGCGC-1_4"
"100","TCCCACAGTGAAGCTG-1_4"
"101","TCCGATCCAATTCGTG-1_4"
"102","TCGCTTGTCATGAGAA-1_4"
"103","TCTCTGGAGAGTGAAG-1_4"
"104","TCTGCCAAGAGGGTAA-1_4"
"105","TCTTAGTTCACAGAGG-1_4"
"106","TGACAGTGTGTATCCA-1_4"
"107","TGACAGTTCAGAGTTC-1_4"
"108","TGATTCTGTTAGAGAT-1_4"
"109","TGCAGATCAAGTTTGC-1_4"
"110","TGCAGGCGTCGATTCA-1_4"
"111","TGCATCCAGTTCTCTT-1_4"
"112","TGCTTGCCAACAGATA-1_4"
"113","TGGCGTGTCTGTAACG-1_4"
"114","TGGTAGTAGAGGCCAT-1_4"
"115","TGTAAGCCAGCGTGCT-1_4"
"116","TGTGTGACACGGAAGT-1_4"
"117","TTAATCCCATTCGGGC-1_4"
"118","TTACCGCGTAGCCCTG-1_4"
"119","TTACGTTAGTCAGCCC-1_4"
"120","TTCAGGAGTCCGTACG-1_4"
"121","TTCCTCTTCCGATGCG-1_4"
"122","TTCCTCTTCTGAGGTT-1_4"
"123","TTCTAGTAGCGCCTCA-1_4"
"124","TTCTCTCAGTCTGGAG-1_4"
"125","TTGAGTGGTGCTGCAC-1_4"
"126","TTGGGATGTAGGTAGC-1_4"
"127","TTGGGTAAGCGACTTT-1_4"
"128","TTTACTGTCGGAATTC-1_4"
"129","TTTGGAGCACGACCTG-1_4"
