"","x"
"1","AAACGAAGTCAGTCTA-1_7"
"2","AAACGCTTCCCAGTGG-1_7"
"3","AAAGAACGTGCGCTCA-1_7"
"4","AAAGAACTCAGGACAG-1_7"
"5","AAAGGATCACTACACA-1_7"
"6","AAAGGATTCTAGTTCT-1_7"
"7","AAAGGTAAGGGAGATA-1_7"
"8","AAAGGTACAAGGAGTC-1_7"
"9","AAAGTGAAGAGGGTAA-1_7"
"10","AAATGGAAGCGACTTT-1_7"
"11","AACAACCTCGGATAAA-1_7"
"12","AACAAGAAGCATGATA-1_7"
"13","AACAAGACACGACGTC-1_7"
"14","AACAAGATCGTGGGTC-1_7"
"15","AACACACCAGCCCAGT-1_7"
"16","AACACACGTGATGTAA-1_7"
"17","AACAGGGTCGTCGATA-1_7"
"18","AACCAACAGAGAATCT-1_7"
"19","AACCAACCAGTGTATC-1_7"
"20","AACCAACTCTACCACC-1_7"
"21","AACCACATCATGCTAG-1_7"
"22","AACCATGAGGAACTCG-1_7"
"23","AACCATGAGTGAGCCA-1_7"
"24","AACCATGGTGTCCTAA-1_7"
"25","AACCCAAAGCGTCAAG-1_7"
"26","AACCCAATCACTCCGT-1_7"
"27","AACCTGAAGTAACGAT-1_7"
"28","AACCTGATCATGCTAG-1_7"
"29","AACGAAAGTCCACATA-1_7"
"30","AACGGGAAGTAGAGTT-1_7"
"31","AACGGGACATGTGTCA-1_7"
"32","AACGTCACACCATAAC-1_7"
"33","AACGTCATCACAGTGT-1_7"
"34","AACTTCTAGAATCGAT-1_7"
"35","AAGAACACAAGAGGTC-1_7"
"36","AAGACAACAAATGCGG-1_7"
"37","AAGACTCTCAAGCGTT-1_7"
"38","AAGCATCAGGTGTGAC-1_7"
"39","AAGCCATAGCGGTATG-1_7"
"40","AAGCCATAGTGGCAGT-1_7"
"41","AAGCGAGTCTGTGCTC-1_7"
"42","AAGGAATTCTTCGACC-1_7"
"43","AAGTACCTCGAGAGAC-1_7"
"44","AAGTGAAGTACCTAGT-1_7"
"45","AAGTGAAGTATCCTCC-1_7"
"46","AAGTGAATCCTCATAT-1_7"
"47","AAGTTCGCAAGTTCCA-1_7"
"48","AATAGAGCAAGAGTAT-1_7"
"49","AATCGTGTCGCCTCTA-1_7"
"50","AATGGAAAGTGGGAAA-1_7"
"51","AATGGCTAGACGGTCA-1_7"
"52","AATGGCTAGCATGTTC-1_7"
"53","AATGGCTCAATTCTTC-1_7"
"54","AATTTCCCAAACCGGA-1_7"
"55","AATTTCCGTAGAATAC-1_7"
"56","ACAAAGATCATTTACC-1_7"
"57","ACAACCAGTTGCCAAT-1_7"
"58","ACACTGACAGGAGGTT-1_7"
"59","ACACTGATCCCTCTAG-1_7"
"60","ACAGGGACAAGTGATA-1_7"
"61","ACATCCCTCATGCTAG-1_7"
"62","ACATGCAGTATTGGCT-1_7"
"63","ACATTTCGTTGCCTAA-1_7"
"64","ACCAAACAGAAGCGCT-1_7"
"65","ACCACAAGTTCAAGGG-1_7"
"66","ACCATTTAGCACTAAA-1_7"
"67","ACCATTTAGCACTCAT-1_7"
"68","ACCATTTGTTACCTTT-1_7"
"69","ACCCAAAGTAGCTCGC-1_7"
"70","ACCCTCAAGGGCTTCC-1_7"
"71","ACCCTCAGTTGACGGA-1_7"
"72","ACGATCACATACTGAC-1_7"
"73","ACGATGTGTGGGTCAA-1_7"
"74","ACGGTCGAGACGATAT-1_7"
"75","ACGGTCGCAAGTGGGT-1_7"
"76","ACGGTTAAGGTAAGTT-1_7"
"77","ACTATCTCAAAGGCGT-1_7"
"78","ACTATCTCAACCAGAG-1_7"
"79","ACTATCTTCGGTTAGT-1_7"
"80","ACTATCTTCTTCTCAA-1_7"
"81","ACTATTCAGTACTGGG-1_7"
"82","ACTATTCCAGAGTGAC-1_7"
"83","ACTCCCAGTGTTTGCA-1_7"
"84","ACTCTCGGTATATGGA-1_7"
"85","ACTCTCGTCGCTGTTC-1_7"
"86","ACTGTCCCACGTGTGC-1_7"
"87","ACTGTCCGTTGTCCCT-1_7"
"88","ACTGTCCTCCGATCGG-1_7"
"89","ACTTATCCACGCTTAA-1_7"
"90","ACTTATCTCCCAGCGA-1_7"
"91","ACTTCCGGTGGCTGAA-1_7"
"92","ACTTCCGTCACGGGAA-1_7"
"93","ACTTCCGTCCGCGATG-1_7"
"94","ACTTTCAGTGGATACG-1_7"
"95","ACTTTCAGTTCCTTGC-1_7"
"96","AGAAATGAGACGGAAA-1_7"
"97","AGAAATGCATGGACAG-1_7"
"98","AGAAATGTCGTAGGGA-1_7"
"99","AGAACAAGTGTCCCTT-1_7"
"100","AGAAGTAAGTCTGGAG-1_7"
"101","AGACACTGTAGCACGA-1_7"
"102","AGACACTTCCGCACGA-1_7"
"103","AGACACTTCGCTTACC-1_7"
"104","AGACCCGCACCTATCC-1_7"
"105","AGACTCAGTTTCGACA-1_7"
"106","AGACTCATCATGAAAG-1_7"
"107","AGACTCATCCGTACGG-1_7"
"108","AGAGCAGAGTGCAAAT-1_7"
"109","AGAGCCCGTAGCCAGA-1_7"
"110","AGAGCCCGTGTGTACT-1_7"
"111","AGATAGAAGGGATCAC-1_7"
"112","AGATAGAGTGAGGAAA-1_7"
"113","AGATAGAGTTACCCAA-1_7"
"114","AGATGCTTCTGCCCTA-1_7"
"115","AGCCACGAGCCTCTTC-1_7"
"116","AGCCAGCCATAAGATG-1_7"
"117","AGCGATTAGTAGCAAT-1_7"
"118","AGCGCCAAGCTCCATA-1_7"
"119","AGCTTCCGTGTGAATA-1_7"
"120","AGGAATACATAGGTTC-1_7"
"121","AGGAATAGTCTTACAG-1_7"
"122","AGGACGATCTGCCTGT-1_7"
"123","AGGATAAAGAGGTATT-1_7"
"124","AGGATAAGTCAACCAT-1_7"
"125","AGGCCACGTGGATTTC-1_7"
"126","AGGCTGCAGTCCGCGT-1_7"
"127","AGGGTCCAGATCGCTT-1_7"
"128","AGGGTCCAGGACAAGA-1_7"
"129","AGGGTCCGTCAAAGAT-1_7"
"130","AGGGTGACAACTCATG-1_7"
"131","AGGGTGACATGGAACG-1_7"
"132","AGGTCTAAGGTTCATC-1_7"
"133","AGGTGTTAGACTGGGT-1_7"
"134","AGGTGTTGTTAGAAGT-1_7"
"135","AGGTGTTGTTCAAAGA-1_7"
"136","AGGTGTTGTTGGGCCT-1_7"
"137","AGGTGTTTCGTTCGCT-1_7"
"138","AGGTTACAGAGTTCGG-1_7"
"139","AGGTTGTGTCTTGCTC-1_7"
"140","AGGTTGTTCACGGGAA-1_7"
"141","AGTAACCAGCGATTCT-1_7"
"142","AGTAACCTCTACGCGG-1_7"
"143","AGTAGTCCAATCCAGT-1_7"
"144","AGTCAACTCGTAGGGA-1_7"
"145","AGTCATGTCTCAATCT-1_7"
"146","AGTCATGTCTGAATGC-1_7"
"147","AGTGACTAGTCGGCAA-1_7"
"148","AGTGCCGTCAAGTGGG-1_7"
"149","AGTGCCGTCCGTATGA-1_7"
"150","AGTTAGCTCGAGTGAG-1_7"
"151","AGTTCCCGTCATGGCC-1_7"
"152","ATACCGATCACACGAT-1_7"
"153","ATACCTTCAGAATTCC-1_7"
"154","ATACCTTTCACCGGTG-1_7"
"155","ATAGAGATCTCCACTG-1_7"
"156","ATATCCTAGTCTAGAA-1_7"
"157","ATATCCTTCCCTTGTG-1_7"
"158","ATCACGACAAGGTCGA-1_7"
"159","ATCACGATCTCTGCTG-1_7"
"160","ATCATTCAGGCTGAAC-1_7"
"161","ATCCACCCATTGCAAC-1_7"
"162","ATCCATTTCGCGTAGC-1_7"
"163","ATCCCTGTCCACACCT-1_7"
"164","ATCCGTCAGTGCTACT-1_7"
"165","ATCCGTCGTGGGACAT-1_7"
"166","ATCCTATCACCTTCGT-1_7"
"167","ATCGATGCACATTCTT-1_7"
"168","ATCGATGGTCCTGGGT-1_7"
"169","ATCGCCTAGAGCCCAA-1_7"
"170","ATCGCCTGTAGGAAAG-1_7"
"171","ATCGGATTCCCGAAAT-1_7"
"172","ATCGGCGTCGCTTGCT-1_7"
"173","ATCGGCGTCTCAGTCC-1_7"
"174","ATCGTAGGTGCCGGTT-1_7"
"175","ATCGTCCAGAATACAC-1_7"
"176","ATCGTCCTCCTTGACC-1_7"
"177","ATCGTCCTCTGACAGT-1_7"
"178","ATCGTGACATCAGTCA-1_7"
"179","ATGAAAGGTCCAGCGT-1_7"
"180","ATGAGGGGTGAGATCG-1_7"
"181","ATGAGGGGTGGTCCCA-1_7"
"182","ATGAGTCAGACCGCCT-1_7"
"183","ATGAGTCCAAAGGCGT-1_7"
"184","ATGAGTCCAAGAGCTG-1_7"
"185","ATGAGTCCAGGTTCAT-1_7"
"186","ATGAGTCCATGGAAGC-1_7"
"187","ATGATCGGTCTTGAGT-1_7"
"188","ATGCATGTCAGGTGTT-1_7"
"189","ATGCCTCAGTGCCGAA-1_7"
"190","ATGGAGGGTCCTGTTC-1_7"
"191","ATGGGTTAGCCTCTGG-1_7"
"192","ATGGGTTGTTGATCGT-1_7"
"193","ATGGTTGCAGAGCTAG-1_7"
"194","ATGTCCCAGCTTTGTG-1_7"
"195","ATGTCTTAGTTCGGTT-1_7"
"196","ATGTCTTCAAGATGGC-1_7"
"197","ATTCACTTCCTCGATC-1_7"
"198","ATTCATCAGTAGAATC-1_7"
"199","ATTCATCTCAGCTTGA-1_7"
"200","ATTCATCTCGGACTGC-1_7"
"201","ATTCCATAGAAGTCTA-1_7"
"202","ATTCCCGCATAGAGGC-1_7"
"203","ATTCCTAAGCACTGGA-1_7"
"204","ATTCCTAGTGTAAATG-1_7"
"205","ATTCCTATCAGCAGAG-1_7"
"206","ATTCTTGGTAGTCTGT-1_7"
"207","ATTCTTGTCACATACG-1_7"
"208","ATTCTTGTCCACTAGA-1_7"
"209","ATTTACCCACAGTGAG-1_7"
"210","ATTTCACGTATCACGT-1_7"
"211","CAAAGAAGTGGCATCC-1_7"
"212","CAAAGAATCGCCAGAC-1_7"
"213","CAACAACCACAACCGC-1_7"
"214","CAACAGTGTTGTAAAG-1_7"
"215","CAACCAATCGAGAGAC-1_7"
"216","CAACCAATCTCTGGTC-1_7"
"217","CAACGATAGGTACAAT-1_7"
"218","CAACGATAGTTGGAAT-1_7"
"219","CAACGATCAACTGAAA-1_7"
"220","CAACGGCAGAAAGCGA-1_7"
"221","CAACGGCAGTAGACCG-1_7"
"222","CAACGGCGTCTACACA-1_7"
"223","CAACGGCTCACGGACC-1_7"
"224","CAAGGGAAGGTTACCT-1_7"
"225","CAAGGGACAGCGAGTA-1_7"
"226","CAAGGGACAGCGTTTA-1_7"
"227","CAAGGGAGTCTCAAGT-1_7"
"228","CAATACGCACTAACGT-1_7"
"229","CAATACGTCCAATGCA-1_7"
"230","CAATCGATCACTTGGA-1_7"
"231","CACATGATCGGTCATA-1_7"
"232","CACGTGGCAGGTACGA-1_7"
"233","CACGTGGTCAGGACGA-1_7"
"234","CACGTTCCAATGAACA-1_7"
"235","CACTAAGGTGATCATC-1_7"
"236","CACTAAGGTTCTCTCG-1_7"
"237","CACTGAAAGGCTAACG-1_7"
"238","CACTGGGAGCCTCGTG-1_7"
"239","CACTGGGCAGCTCGGT-1_7"
"240","CACTGTCTCGTTCCTG-1_7"
"241","CACTTCGAGCGAATGC-1_7"
"242","CAGAGCCCACTCCTTG-1_7"
"243","CAGATCACAGTACTAC-1_7"
"244","CAGATCATCTTAGCCC-1_7"
"245","CAGATTGAGGACGGAG-1_7"
"246","CAGCAATCAACTACGT-1_7"
"247","CAGCAGCAGCGACTAG-1_7"
"248","CAGCCAGGTACAGTCT-1_7"
"249","CAGCGTGAGTTATGGA-1_7"
"250","CAGCGTGGTGAATTGA-1_7"
"251","CAGGCCACACGGTAGA-1_7"
"252","CAGGCCAGTAAGTTAG-1_7"
"253","CAGGGCTGTAGAAACT-1_7"
"254","CAGGGCTTCGCGCCAA-1_7"
"255","CAGGTATCAGTATGAA-1_7"
"256","CAGGTATGTCCAGCAC-1_7"
"257","CAGGTATGTTTGAAAG-1_7"
"258","CAGTGCGAGCCAAGCA-1_7"
"259","CAGTGCGCAAGAGTAT-1_7"
"260","CAGTTCCTCCTCTGCA-1_7"
"261","CATACAGAGCAGAAAG-1_7"
"262","CATACAGAGTTGAAGT-1_7"
"263","CATACAGGTTGGGATG-1_7"
"264","CATACAGTCCGCACTT-1_7"
"265","CATACCCCAAGCAGGT-1_7"
"266","CATACCCGTTAGGCTT-1_7"
"267","CATAGACGTATCGAGG-1_7"
"268","CATCCACAGTGAGGTC-1_7"
"269","CATCCCAGTAGGTCAG-1_7"
"270","CATCGCTTCAGCGCAC-1_7"
"271","CATCGGGTCCACGAAT-1_7"
"272","CATCGGGTCTTCCCAG-1_7"
"273","CATGAGTAGGCTGTAG-1_7"
"274","CATGAGTCATCCGGCA-1_7"
"275","CATGAGTGTATGGAGC-1_7"
"276","CATGAGTTCCTTCACG-1_7"
"277","CATTCATAGTCTTGGT-1_7"
"278","CATTCTATCGCCAGTG-1_7"
"279","CATTGAGCAATGGGTG-1_7"
"280","CATTGCCCAATTCGTG-1_7"
"281","CATTGCCCACAGTACT-1_7"
"282","CATTGCCGTCGAACAG-1_7"
"283","CATTGTTAGGTTGGAC-1_7"
"284","CCAAGCGCATCGGTTA-1_7"
"285","CCAAGCGGTCGACTGC-1_7"
"286","CCACACTGTCATCGCG-1_7"
"287","CCACACTTCGACGCTG-1_7"
"288","CCACACTTCTATTTCG-1_7"
"289","CCACCATAGTAAGACT-1_7"
"290","CCACGTTAGGTCCTGC-1_7"
"291","CCACTTGCAGTTGTCA-1_7"
"292","CCATCACTCTACCAGA-1_7"
"293","CCCATTGGTCAAATCC-1_7"
"294","CCCGAAGTCCACTGAA-1_7"
"295","CCCTAACCACACTGGC-1_7"
"296","CCCTAACCAGCCCACA-1_7"
"297","CCCTAACCAGTCCGTG-1_7"
"298","CCCTCAATCGCCTTGT-1_7"
"299","CCCTGATCATTCAGCA-1_7"
"300","CCCTTAGGTTAAAGTG-1_7"
"301","CCGAACGGTGGATACG-1_7"
"302","CCGAACGGTTCAAGTC-1_7"
"303","CCGAACGTCCTTTGAT-1_7"
"304","CCGATGGGTCTGTCCT-1_7"
"305","CCGCAAGTCAATCTCT-1_7"
"306","CCGGTGACAAAGAACT-1_7"
"307","CCGTAGGAGACTAGAT-1_7"
"308","CCGTAGGAGGTCATAA-1_7"
"309","CCGTAGGCAGACGCTC-1_7"
"310","CCGTAGGCAGAGATTA-1_7"
"311","CCGTGAGAGACCTTTG-1_7"
"312","CCGTGAGAGCTGTGCC-1_7"
"313","CCTAACCAGTGTTCCA-1_7"
"314","CCTAAGAGTCCAGAAG-1_7"
"315","CCTATCGTCCCAGTGG-1_7"
"316","CCTCACAGTCAACCAT-1_7"
"317","CCTCATGAGGTGCAGT-1_7"
"318","CCTCTAGCAAACCATC-1_7"
"319","CCTCTAGCATCACGGC-1_7"
"320","CCTTCAGCAGCTACCG-1_7"
"321","CCTTGTGTCACTGTTT-1_7"
"322","CCTTTGGGTAGCTGTT-1_7"
"323","CGACAGCAGCCATCCG-1_7"
"324","CGACAGCCAACTGCTA-1_7"
"325","CGAGGAAGTCAAAGTA-1_7"
"326","CGAGGCTGTCAGGTGA-1_7"
"327","CGAGTGCCAACTGAAA-1_7"
"328","CGAGTTAGTCCCTCAT-1_7"
"329","CGATCGGTCCTAGCTC-1_7"
"330","CGATGCGGTCGTCAGC-1_7"
"331","CGATGCGGTTCCACGG-1_7"
"332","CGATGGCGTAACGGTG-1_7"
"333","CGCAGGTCACCACATA-1_7"
"334","CGCATAAAGTATGTAG-1_7"
"335","CGCATGGCACCTAAAC-1_7"
"336","CGCATGGCAGTCGGAA-1_7"
"337","CGCATGGTCCGGTTCT-1_7"
"338","CGCATGGTCTCGTCGT-1_7"
"339","CGCCAGAAGCCTAACT-1_7"
"340","CGCCAGACATAACTCG-1_7"
"341","CGGACACAGAGTGTTA-1_7"
"342","CGGAGAAAGTTCATGC-1_7"
"343","CGGCAGTCATCCCACT-1_7"
"344","CGGGACTGTACCTTCC-1_7"
"345","CGGGACTGTTCAGTAC-1_7"
"346","CGGGCATGTATCGAAA-1_7"
"347","CGGGTCACAACTGCTA-1_7"
"348","CGGGTGTAGCATAGGC-1_7"
"349","CGGGTGTCACCGTCGA-1_7"
"350","CGGGTGTGTAGTGTGG-1_7"
"351","CGTAATGGTCGCGTTG-1_7"
"352","CGTAGTACAGATCATC-1_7"
"353","CGTCCATTCATGCTAG-1_7"
"354","CGTCCATTCTTGATTC-1_7"
"355","CGTGAATCATCATCCC-1_7"
"356","CGTGATAAGGCCCAAA-1_7"
"357","CGTTCTGCACGCGCTA-1_7"
"358","CGTTCTGGTAGCACAG-1_7"
"359","CGTTCTGGTTCGTACA-1_7"
"360","CGTTGGGAGCCGGAAT-1_7"
"361","CGTTGGGCAGCTTCCT-1_7"
"362","CGTTGGGGTCAACATC-1_7"
"363","CTAACCCAGTGTACCT-1_7"
"364","CTAACCCGTAGGCAAC-1_7"
"365","CTAAGTGCAACAAAGT-1_7"
"366","CTACAGACAGGGAATC-1_7"
"367","CTACAGATCAAGCCCG-1_7"
"368","CTACATTGTAAGCGGT-1_7"
"369","CTACATTGTGACACGA-1_7"
"370","CTACCCAAGGTGGCTA-1_7"
"371","CTACCCATCCGCAAAT-1_7"
"372","CTACCTGAGATTGGGC-1_7"
"373","CTAGACAAGTGATTCC-1_7"
"374","CTAGACACACCGCTAG-1_7"
"375","CTAGACACATCGCTCT-1_7"
"376","CTAGACAGTACAGTTC-1_7"
"377","CTAGACATCCGCTTAC-1_7"
"378","CTAGGTAGTGGAAATT-1_7"
"379","CTAGGTAGTTCGAAGG-1_7"
"380","CTCAACCAGATCACTC-1_7"
"381","CTCAACCAGATGCTGG-1_7"
"382","CTCAACCCAGCGGATA-1_7"
"383","CTCAAGAAGACTTCAC-1_7"
"384","CTCAAGACATAAGCAA-1_7"
"385","CTCACTGCATAACGGG-1_7"
"386","CTCAGGGCAACAGTGG-1_7"
"387","CTCAGGGGTACATACC-1_7"
"388","CTCAGGGGTCCGATCG-1_7"
"389","CTCATGCCACCCGTAG-1_7"
"390","CTCATGCGTGTGAATA-1_7"
"391","CTCATGCTCCAACCAA-1_7"
"392","CTCCACAAGGGAGAAT-1_7"
"393","CTCCACATCTAACACG-1_7"
"394","CTCCATGCAACAGAGC-1_7"
"395","CTCCCAAAGGCCTAGA-1_7"
"396","CTCCCAAGTAGTCCTA-1_7"
"397","CTCCCTCAGGTAGACC-1_7"
"398","CTCCGATAGGGTTTCT-1_7"
"399","CTCCGATTCGCCGAGT-1_7"
"400","CTCCTCCAGTATGAGT-1_7"
"401","CTCCTCCCACATACGT-1_7"
"402","CTCCTTTGTACAAGCG-1_7"
"403","CTCGAGGTCTGGGCCA-1_7"
"404","CTCTCAGAGGGCCTCT-1_7"
"405","CTCTCGAGTCAGACTT-1_7"
"406","CTCTGGTAGAGAGTTT-1_7"
"407","CTCTGGTCAAACAGGC-1_7"
"408","CTGAATGAGACATCAA-1_7"
"409","CTGAATGAGCGGTATG-1_7"
"410","CTGAGGCAGGTACAAT-1_7"
"411","CTGAGGCAGTACTGGG-1_7"
"412","CTGAGGCAGTCATGGG-1_7"
"413","CTGAGGCTCGGTGAAG-1_7"
"414","CTGATCCCATTGTAGC-1_7"
"415","CTGATCCTCTCCTGTG-1_7"
"416","CTGCATCAGCGAGTAC-1_7"
"417","CTGCATCAGGGATCGT-1_7"
"418","CTGCATCCAGGTACGA-1_7"
"419","CTGCGAGTCGAGTCTA-1_7"
"420","CTGCTCACATAAGCGG-1_7"
"421","CTGGACGAGGCCTGCT-1_7"
"422","CTGGACGCAACCGATT-1_7"
"423","CTGGTCTGTCGCTTGG-1_7"
"424","CTGTACCGTCCGGTGT-1_7"
"425","CTGTCGTGTCGACTGC-1_7"
"426","CTGTGGGAGCTACTGT-1_7"
"427","CTTACCGAGTACCGGA-1_7"
"428","CTTAGGACAAGGTCAG-1_7"
"429","CTTAGGACAATGTTGC-1_7"
"430","CTTCAATCACGTAGAG-1_7"
"431","CTTCAATGTAACATGA-1_7"
"432","CTTCAATGTGACAACG-1_7"
"433","CTTCGGTCAGACCAAG-1_7"
"434","CTTCGGTGTTGGACCC-1_7"
"435","CTTCTCTAGATAGCTA-1_7"
"436","CTTGAGATCGCGCTGA-1_7"
"437","CTTGATTAGGTACAAT-1_7"
"438","CTTGATTGTATCAAGA-1_7"
"439","CTTGATTGTTCTTGCC-1_7"
"440","CTTTCAAAGAACTGAT-1_7"
"441","CTTTCGGAGACCAGAC-1_7"
"442","CTTTCGGAGCGTACAG-1_7"
"443","GAAACCTAGCCAGACA-1_7"
"444","GAACACTGTTCATCGA-1_7"
"445","GAACGTTGTTCGATTG-1_7"
"446","GAACGTTGTTGGAGGT-1_7"
"447","GAACGTTTCCGTGTGG-1_7"
"448","GAAGAATCAGGGTCTC-1_7"
"449","GAAGCCCCATGAGATA-1_7"
"450","GAAGCCCGTAAGTTAG-1_7"
"451","GAAGCGAGTCCACACG-1_7"
"452","GAAGCGATCAGAATAG-1_7"
"453","GAAGGGTCATTGCCTC-1_7"
"454","GAAGGGTTCGCCTATC-1_7"
"455","GAATCGTAGGAACTAT-1_7"
"456","GAATCGTAGTGGTTCT-1_7"
"457","GAATCGTTCATAAGGA-1_7"
"458","GACAGCCGTATGAAGT-1_7"
"459","GACAGCCTCCACAGCG-1_7"
"460","GACATCACAACATACC-1_7"
"461","GACATCAGTTGCCAAT-1_7"
"462","GACCCTTCAACGGCTC-1_7"
"463","GACCCTTGTAGCGAGT-1_7"
"464","GACCTTCAGCAAACAT-1_7"
"465","GACGCTGTCCTTATAC-1_7"
"466","GACGTTAAGTTTGTCG-1_7"
"467","GACGTTACAGTCTTCC-1_7"
"468","GACTCTCCACAGACGA-1_7"
"469","GACTGATCAGCGATTT-1_7"
"470","GAGAAATCAGCTATAC-1_7"
"471","GAGACTTAGTCACAGG-1_7"
"472","GAGACTTGTAGAAACT-1_7"
"473","GAGACTTGTTCTGAGT-1_7"
"474","GAGAGGTTCCGTGGTG-1_7"
"475","GAGAGGTTCTGCTTAT-1_7"
"476","GAGATGGGTATCCTTT-1_7"
"477","GAGATGGTCGAACTCA-1_7"
"478","GAGCCTGTCAGGAACG-1_7"
"479","GAGCTGCCAATACGAA-1_7"
"480","GAGGCAAGTATGAGCG-1_7"
"481","GAGGGATGTATGCGGA-1_7"
"482","GAGGGTAGTCCAGCCA-1_7"
"483","GAGGGTAGTTGCTAGT-1_7"
"484","GAGTCATGTCCACACG-1_7"
"485","GAGTCATTCAAAGAAC-1_7"
"486","GAGTCTAGTAGTGATA-1_7"
"487","GAGTGAGGTCACGACC-1_7"
"488","GAGTGTTAGCGACAGT-1_7"
"489","GAGTGTTGTTAAGAAC-1_7"
"490","GAGTTACTCCGCCTAT-1_7"
"491","GAGTTTGTCCTGGGTG-1_7"
"492","GATAGAAGTCCGGCAT-1_7"
"493","GATAGCTCAACTCCCT-1_7"
"494","GATCACATCTTCCCAG-1_7"
"495","GATCATGCACATACGT-1_7"
"496","GATCCCTTCGAATCCA-1_7"
"497","GATGAGGCACCAATTG-1_7"
"498","GATGTTGCAGCGTTGC-1_7"
"499","GATGTTGGTATGTCAC-1_7"
"500","GATTCTTTCCACCTCA-1_7"
"501","GATTTCTTCAAGGACG-1_7"
"502","GCAACATAGAAATTGC-1_7"
"503","GCAACCGAGGCCTTGC-1_7"
"504","GCAACCGTCACGACTA-1_7"
"505","GCACATACACAGTCCG-1_7"
"506","GCACATAGTAGTGATA-1_7"
"507","GCACGGTTCATACAGC-1_7"
"508","GCACGTGCATCGTCCT-1_7"
"509","GCACTAAAGGTAGACC-1_7"
"510","GCACTAAGTCGTCGGT-1_7"
"511","GCAGCTGAGCCTGACC-1_7"
"512","GCAGCTGAGGGCAACT-1_7"
"513","GCAGTTAGTTGTGCCG-1_7"
"514","GCAGTTATCAACGTGT-1_7"
"515","GCATCGGAGTATGGAT-1_7"
"516","GCATCTCAGCCTCACG-1_7"
"517","GCATCTCCACATATGC-1_7"
"518","GCATGATAGCGCCATC-1_7"
"519","GCCAACGCAATTGCGT-1_7"
"520","GCCAGGTCAGCCGTCA-1_7"
"521","GCCATTCCATCTTCGC-1_7"
"522","GCCATTCGTCGGAACA-1_7"
"523","GCCCAGAAGGTATTGA-1_7"
"524","GCCGATGAGTGTTCAC-1_7"
"525","GCCGATGTCATTTGCT-1_7"
"526","GCCGTGAGTTTACCTT-1_7"
"527","GCCTGTTAGCTACTAC-1_7"
"528","GCCTGTTGTACTGTTG-1_7"
"529","GCGAGAACACCAATTG-1_7"
"530","GCGAGAAGTACGAGTG-1_7"
"531","GCGGAAAAGGCTATCT-1_7"
"532","GCGGAAACAATCGCGC-1_7"
"533","GCGTTTCGTGTAAATG-1_7"
"534","GCGTTTCTCCGGACTG-1_7"
"535","GCTACAACAATTTCCT-1_7"
"536","GCTACAACAGGTCAGA-1_7"
"537","GCTACCTAGTCATAGA-1_7"
"538","GCTGAATGTTATCTTC-1_7"
"539","GCTGCAGAGTCACGAG-1_7"
"540","GCTGCAGCAGGGAATC-1_7"
"541","GCTTCACAGCGTTCCG-1_7"
"542","GCTTCACCATTGACAC-1_7"
"543","GCTTGGGCACAAATGA-1_7"
"544","GCTTTCGGTCATACCA-1_7"
"545","GCTTTCGTCTGTGCAA-1_7"
"546","GGAACCCTCGTAGCCG-1_7"
"547","GGAACCCTCGTTATCT-1_7"
"548","GGAAGTGCAGCATACT-1_7"
"549","GGAAGTGGTGGGAGAG-1_7"
"550","GGAATCTCATTACTCT-1_7"
"551","GGAATCTTCGGATAAA-1_7"
"552","GGAATGGCAATCAGCT-1_7"
"553","GGACGTCGTTCAGGTT-1_7"
"554","GGAGAACCAACATACC-1_7"
"555","GGAGAACCAAGGCCTC-1_7"
"556","GGAGGATAGACTCTAC-1_7"
"557","GGAGGTATCCTACACC-1_7"
"558","GGATCTATCAAAGACA-1_7"
"559","GGATCTATCCACGAAT-1_7"
"560","GGATGTTTCCCGGTAG-1_7"
"561","GGCACGTAGTGACCTT-1_7"
"562","GGCACGTCATTATGCG-1_7"
"563","GGCTTTCAGAAATTCG-1_7"
"564","GGCTTTCGTAGGTTTC-1_7"
"565","GGGACTCGTATTAAGG-1_7"
"566","GGGACTCGTGTTAGCT-1_7"
"567","GGGACTCTCAGAACCT-1_7"
"568","GGGAGTACAAGCGATG-1_7"
"569","GGGAGTACACTCCTTG-1_7"
"570","GGGAGTAGTCCAAAGG-1_7"
"571","GGGATCCTCTCTCGAC-1_7"
"572","GGGCCATCACGATTCA-1_7"
"573","GGGCGTTCAGAGGACT-1_7"
"574","GGGCGTTGTCTCAAGT-1_7"
"575","GGGCTCATCTTCGTAT-1_7"
"576","GGGTAGAGTGCCGTTG-1_7"
"577","GGGTATTAGAAAGCGA-1_7"
"578","GGGTATTAGGTCGTAG-1_7"
"579","GGGTATTCAACTAGAA-1_7"
"580","GGGTATTCAGAACGCA-1_7"
"581","GGGTCACGTACTGGGA-1_7"
"582","GGGTGAAAGGTCCCGT-1_7"
"583","GGGTGTCGTGTACATC-1_7"
"584","GGGTTTAGTGCCCTTT-1_7"
"585","GGTAACTCATAGAAAC-1_7"
"586","GGTAACTTCGCAATTG-1_7"
"587","GGTAATCAGGTGAGCT-1_7"
"588","GGTAATCCAAGTGCAG-1_7"
"589","GGTCACGAGCTAAATG-1_7"
"590","GGTCACGCAGTCGCTG-1_7"
"591","GGTCTGGAGGAGTATT-1_7"
"592","GGTGGCTGTCCCACGA-1_7"
"593","GGTGTCGAGGTGCTTT-1_7"
"594","GGTGTTAGTAGCTAAA-1_7"
"595","GGTGTTATCAGTGTTG-1_7"
"596","GGTTCTCAGCAATTAG-1_7"
"597","GGTTCTCAGCATACTC-1_7"
"598","GGTTGTAAGCAGCACA-1_7"
"599","GGTTGTACAGAGGCAT-1_7"
"600","GGTTGTACAGCTAACT-1_7"
"601","GGTTGTAGTCTCCTGT-1_7"
"602","GGTTGTATCTGCTAGA-1_7"
"603","GTAACACAGTGTTGTC-1_7"
"604","GTAACCACAGAATCGG-1_7"
"605","GTAATCGAGAGTACCG-1_7"
"606","GTACAACCACAATTCG-1_7"
"607","GTACAACTCGTGTGAT-1_7"
"608","GTAGATCCACAGCCTG-1_7"
"609","GTAGATCTCCTCTAGC-1_7"
"610","GTAGATCTCTTCTCAA-1_7"
"611","GTAGCTAAGGTTCATC-1_7"
"612","GTAGCTAGTAGCACGA-1_7"
"613","GTAGGAGTCCGGCTTT-1_7"
"614","GTATTTCTCGTAACAC-1_7"
"615","GTCAAACCAAATGCGG-1_7"
"616","GTCAAACGTCGTGGTC-1_7"
"617","GTCAAACTCCACCTCA-1_7"
"618","GTCAAGTGTTGCCATA-1_7"
"619","GTCACGGCAAACGGCA-1_7"
"620","GTCACGGCACAGGATG-1_7"
"621","GTCACTCTCTGCTAGA-1_7"
"622","GTCAGCGCATGGGATG-1_7"
"623","GTCATCCTCTCATTGT-1_7"
"624","GTCATGACATATGCGT-1_7"
"625","GTCCACTTCATACAGC-1_7"
"626","GTCCACTTCTGACGCG-1_7"
"627","GTCCCATCACGGCGTT-1_7"
"628","GTCCTCAAGAGCACTG-1_7"
"629","GTCCTCAGTACTAAGA-1_7"
"630","GTCCTCAGTCATCACA-1_7"
"631","GTCCTCATCCATCTAT-1_7"
"632","GTCCTCATCTTGAACG-1_7"
"633","GTCGAATCATCCGTTC-1_7"
"634","GTCGCGATCTCATTAC-1_7"
"635","GTCGCGATCTTCCCAG-1_7"
"636","GTCGTAAGTCACTCAA-1_7"
"637","GTCTACCCAGAGGGTT-1_7"
"638","GTCTAGAAGGTAACTA-1_7"
"639","GTCTAGATCTCTAGGA-1_7"
"640","GTCTCACGTCTATGAC-1_7"
"641","GTCTGTCCAGACAATA-1_7"
"642","GTCTTTAAGGTCATAA-1_7"
"643","GTGACGCAGGTCATCT-1_7"
"644","GTGACGCGTGCCGTTG-1_7"
"645","GTGAGCCCAATTTCTC-1_7"
"646","GTGAGGAAGCAGCACA-1_7"
"647","GTGAGGACACATCATG-1_7"
"648","GTGAGTTCACAGACGA-1_7"
"649","GTGAGTTGTGGGTATG-1_7"
"650","GTGAGTTTCATTCATC-1_7"
"651","GTGATGTTCCCGGTAG-1_7"
"652","GTGCACGAGTGGTGGT-1_7"
"653","GTGCACGCAAGAGTGC-1_7"
"654","GTGCAGCCAGTACTAC-1_7"
"655","GTGCGTGAGATGAAGG-1_7"
"656","GTGCGTGAGTCACACT-1_7"
"657","GTGCGTGGTATGTCTG-1_7"
"658","GTGCTGGCACACACGC-1_7"
"659","GTGCTGGCACGCGTGT-1_7"
"660","GTGCTTCGTGATCATC-1_7"
"661","GTGGAAGCAGTCGGTC-1_7"
"662","GTGGAAGGTACCCGAC-1_7"
"663","GTGGAAGGTCATAAAG-1_7"
"664","GTGGAGAAGACATAGT-1_7"
"665","GTGGCGTTCGCACTCT-1_7"
"666","GTGGGAATCAGACCTA-1_7"
"667","GTGGTTACAACCCTCT-1_7"
"668","GTGTAACTCTCGAACA-1_7"
"669","GTGTCCTCACCTGCTT-1_7"
"670","GTGTGATGTAGGTGCA-1_7"
"671","GTGTTAGCAATCCAGT-1_7"
"672","GTGTTAGGTACGATCT-1_7"
"673","GTGTTAGTCTCAACCC-1_7"
"674","GTGTTCCGTTGGTAGG-1_7"
"675","GTTAGACAGAGCCTGA-1_7"
"676","GTTAGACGTAGGGAGG-1_7"
"677","GTTAGACGTTATAGAG-1_7"
"678","GTTAGTGCAGGGCTTC-1_7"
"679","GTTATGGCAGTCAACT-1_7"
"680","GTTATGGGTAGACTGG-1_7"
"681","GTTCATTCAGAGTAAT-1_7"
"682","GTTCATTTCTCTCTAA-1_7"
"683","GTTGCGGAGAGCAGTC-1_7"
"684","GTTGCGGGTTTACGTG-1_7"
"685","GTTGTAGAGCGACTTT-1_7"
"686","GTTGTAGTCGGCTGAC-1_7"
"687","GTTGTCCAGTGCAGGT-1_7"
"688","GTTGTGATCGATCCCT-1_7"
"689","GTTTACTAGTCTGTAC-1_7"
"690","GTTTACTTCAGCAGAG-1_7"
"691","TAACCAGAGGCTCACC-1_7"
"692","TAACGACAGCTCGCAC-1_7"
"693","TAACGACCAGGTGACA-1_7"
"694","TAACTTCCATGTGGTT-1_7"
"695","TAACTTCTCAGGAGAC-1_7"
"696","TAACTTCTCGAATCCA-1_7"
"697","TAAGCACAGGGATCTG-1_7"
"698","TAAGCACCAGGTGTGA-1_7"
"699","TAAGCCACACCGCTGA-1_7"
"700","TAAGCCAGTGGGAGAG-1_7"
"701","TAAGTCGTCGGTAAGG-1_7"
"702","TAATTCCAGCCATCCG-1_7"
"703","TACACCCCAATCAAGA-1_7"
"704","TACAGGTTCGCACGGT-1_7"
"705","TACCCACCAATACAGA-1_7"
"706","TACCGAACACTCCGGA-1_7"
"707","TACGCTCTCTTCCGTG-1_7"
"708","TACGGTAAGAGCAGTC-1_7"
"709","TACGGTAAGCTCGACC-1_7"
"710","TACGTCCAGGGTGGGA-1_7"
"711","TACGTCCGTAGTAAGT-1_7"
"712","TACTTACCACGGATCC-1_7"
"713","TACTTACTCACCTTAT-1_7"
"714","TACTTACTCAGGGTAG-1_7"
"715","TACTTGTAGACTCGAG-1_7"
"716","TAGACCAGTTGTACGT-1_7"
"717","TAGACTGGTAGGCAAC-1_7"
"718","TAGAGTCTCTTAGCTT-1_7"
"719","TAGATCGGTTTCGTAG-1_7"
"720","TAGGAGGAGCACAAAT-1_7"
"721","TAGGTACCACGTCATA-1_7"
"722","TAGGTACGTTACCTGA-1_7"
"723","TAGGTTGTCCTAGCCT-1_7"
"724","TATACCTGTCTACGAT-1_7"
"725","TATATCCTCTGCTTAT-1_7"
"726","TATCAGGCACAGCGCT-1_7"
"727","TATCAGGCAGTAGAGC-1_7"
"728","TATCAGGGTAGCGATG-1_7"
"729","TATCAGGTCCAAAGGG-1_7"
"730","TATCGCCGTGATTGGG-1_7"
"731","TATCTGTTCTAAACGC-1_7"
"732","TATCTTGCAGTTACCA-1_7"
"733","TATTGCTCACAGTCCG-1_7"
"734","TATTGGGCAGCGGATA-1_7"
"735","TATTGGGGTCAATGGG-1_7"
"736","TATTGGGTCACTGGTA-1_7"
"737","TCAATTCAGTGATAAC-1_7"
"738","TCAATTCGTCGCATCG-1_7"
"739","TCAATTCGTGCCTAAT-1_7"
"740","TCACAAGTCTCAGTCC-1_7"
"741","TCACACCAGATACATG-1_7"
"742","TCACGGGGTTAAGAAC-1_7"
"743","TCACTATAGCCTCTCT-1_7"
"744","TCACTATAGTCTTCGA-1_7"
"745","TCACTATCAACATCGT-1_7"
"746","TCACTATGTATCAAGA-1_7"
"747","TCACTATGTGACATCT-1_7"
"748","TCAGCAATCACGGTCG-1_7"
"749","TCAGGGCGTGTCTAAC-1_7"
"750","TCAGTCCGTCTCAGAT-1_7"
"751","TCAGTTTAGACTGTTC-1_7"
"752","TCATACTAGAGCGACT-1_7"
"753","TCATGCCTCTGCGGCA-1_7"
"754","TCATGGACATGAGTAA-1_7"
"755","TCATGGAGTGGCACTC-1_7"
"756","TCATGGATCACGATAC-1_7"
"757","TCATGTTAGAATGTTG-1_7"
"758","TCATTACAGAGTGTTA-1_7"
"759","TCATTCATCCTAGAGT-1_7"
"760","TCATTGTTCGTAACCA-1_7"
"761","TCATTTGTCCTATGGA-1_7"
"762","TCCACCAAGACATATG-1_7"
"763","TCCACGTTCACACGAT-1_7"
"764","TCCAGAACAAGTTGGG-1_7"
"765","TCCAGAAGTGGCTGCT-1_7"
"766","TCCATCGTCGGAGTAG-1_7"
"767","TCCCAGTAGAGAACCC-1_7"
"768","TCCCAGTAGCATCTTG-1_7"
"769","TCCCAGTCAATTGCTG-1_7"
"770","TCCCAGTGTCTACTGA-1_7"
"771","TCCGGGATCGGTTGTA-1_7"
"772","TCCTAATAGCATAGGC-1_7"
"773","TCCTAATAGGAGAGGC-1_7"
"774","TCCTGCACAAATTGCC-1_7"
"775","TCGAACAAGCACACCC-1_7"
"776","TCGAACACACATATGC-1_7"
"777","TCGAAGTGTAGGACTG-1_7"
"778","TCGAAGTTCTATGTGG-1_7"
"779","TCGACCTCAGACACAG-1_7"
"780","TCGACGGGTATCCCTC-1_7"
"781","TCGACGGGTGCCGAAA-1_7"
"782","TCGACGGGTGGCCACT-1_7"
"783","TCGATTTTCAAGTGGG-1_7"
"784","TCGCACTCATGGCCCA-1_7"
"785","TCGCAGGAGAGGTTTA-1_7"
"786","TCGCAGGAGGTAGATT-1_7"
"787","TCGCAGGCAGGGTTGA-1_7"
"788","TCGCAGGTCTCATTTG-1_7"
"789","TCGGGACAGGAGAATG-1_7"
"790","TCGGGCATCTCGGGAC-1_7"
"791","TCGGGTGAGATTGACA-1_7"
"792","TCGGGTGTCGGTTCAA-1_7"
"793","TCGGTCTAGATAGGGA-1_7"
"794","TCGTCCAGTGCATGTT-1_7"
"795","TCGTCCAGTGTGTTTG-1_7"
"796","TCGTGCTTCCGCGGAT-1_7"
"797","TCGTGCTTCCTCACGT-1_7"
"798","TCTACATGTTAGAAGT-1_7"
"799","TCTACCGAGAGTGACC-1_7"
"800","TCTATCAGTTCTCCAC-1_7"
"801","TCTCAGCCAATCCTAG-1_7"
"802","TCTCCGAAGAGAGCGG-1_7"
"803","TCTCTGGCAGTCGGAA-1_7"
"804","TCTGGCTAGTCCCGAC-1_7"
"805","TCTGGCTTCTTCGCTG-1_7"
"806","TCTTGCGGTGGGATTG-1_7"
"807","TCTTTGACATCACCAA-1_7"
"808","TGAACGTAGCAATTAG-1_7"
"809","TGAACGTAGCCTGCCA-1_7"
"810","TGAACGTGTATAGGGC-1_7"
"811","TGAATCGTCGAGCCTG-1_7"
"812","TGAATGCCATAGGCGA-1_7"
"813","TGAATGCGTATGGAAT-1_7"
"814","TGACAGTTCCTAAGTG-1_7"
"815","TGACTCCTCTGCGTCT-1_7"
"816","TGAGACTTCACATTGG-1_7"
"817","TGAGCGCTCACACGAT-1_7"
"818","TGAGGAGCACCCTCTA-1_7"
"819","TGAGGGAGTTTCTATC-1_7"
"820","TGAGGTTTCCTTGAAG-1_7"
"821","TGATCAGGTAAGAACT-1_7"
"822","TGATGCAAGTAGAATC-1_7"
"823","TGATGGTAGGGAGGAC-1_7"
"824","TGATGGTAGTGCCAGA-1_7"
"825","TGATGGTGTTAAGGGC-1_7"
"826","TGATGGTTCCTTATCA-1_7"
"827","TGATTCTCATCCGGTG-1_7"
"828","TGATTCTTCTGGTTGA-1_7"
"829","TGCACGGCATTCAGCA-1_7"
"830","TGCACGGGTTTACACG-1_7"
"831","TGCAGGCAGAGCATAT-1_7"
"832","TGCAGGCAGGAGACCT-1_7"
"833","TGCAGGCAGTCATGCT-1_7"
"834","TGCATCCTCTTACCGC-1_7"
"835","TGCCGAGCAGGTCTCG-1_7"
"836","TGCGACGAGTGGCCTC-1_7"
"837","TGCGACGTCAAAGCCT-1_7"
"838","TGCGGCAAGAGTGTTA-1_7"
"839","TGCGGCAGTTCCGGTG-1_7"
"840","TGCGGGTGTTCTCGCT-1_7"
"841","TGCTCCAGTACCCAGC-1_7"
"842","TGCTCGTGTAACTGCT-1_7"
"843","TGCTCGTGTCGTGATT-1_7"
"844","TGCTGAATCATTCTTG-1_7"
"845","TGCTTCGAGGAGTATT-1_7"
"846","TGCTTCGGTCTGCCTT-1_7"
"847","TGCTTCGTCATGCTAG-1_7"
"848","TGGATCAAGATGACCG-1_7"
"849","TGGATCACACATTGTG-1_7"
"850","TGGCGTGCAGAACCGA-1_7"
"851","TGGGAAGCAACACGAG-1_7"
"852","TGGGAAGCAAGATGGC-1_7"
"853","TGGGAAGTCGCTCTAC-1_7"
"854","TGGGAGATCCATCCGT-1_7"
"855","TGGGAGATCGTGCGAC-1_7"
"856","TGGGATTTCGGAATTC-1_7"
"857","TGGGATTTCTATCGGA-1_7"
"858","TGGGTTAAGGCTTCCG-1_7"
"859","TGGGTTAAGTTTGAGA-1_7"
"860","TGGGTTACAACCCTAA-1_7"
"861","TGGGTTAGTCTGTGTA-1_7"
"862","TGGGTTAGTGATACAA-1_7"
"863","TGGTACAGTACCACGC-1_7"
"864","TGGTACATCGCGTAGC-1_7"
"865","TGGTAGTAGACCTTTG-1_7"
"866","TGGTAGTAGTGAGTGC-1_7"
"867","TGGTGATAGCTGAAAT-1_7"
"868","TGGTTAGCACGAGGAT-1_7"
"869","TGGTTAGGTCAACATC-1_7"
"870","TGTAACGTCCTTCTGG-1_7"
"871","TGTAGACAGTTCCAGT-1_7"
"872","TGTCAGACAGCTATTG-1_7"
"873","TGTCAGAGTGCATGTT-1_7"
"874","TGTCAGAGTTAAACAG-1_7"
"875","TGTCCTGAGCGATGAC-1_7"
"876","TGTGAGTTCGAAGCAG-1_7"
"877","TGTGATGTCCCGTTCA-1_7"
"878","TGTGGCGAGCCACTCG-1_7"
"879","TGTGGCGGTCACTCAA-1_7"
"880","TGTTCTATCTATTTCG-1_7"
"881","TGTTGAGGTTGAAGTA-1_7"
"882","TGTTTGTGTAGTTACC-1_7"
"883","TTAATCCCATAATGAG-1_7"
"884","TTAATCCCATCGTGCG-1_7"
"885","TTACAGGCAATCTCTT-1_7"
"886","TTACAGGCATTCTTCA-1_7"
"887","TTACAGGGTCCAAAGG-1_7"
"888","TTACCGCAGTATGTAG-1_7"
"889","TTACCGCCACGTGTGC-1_7"
"890","TTACCGCCATGGAATA-1_7"
"891","TTACCGCTCTCGTCGT-1_7"
"892","TTACGTTAGGAATTAC-1_7"
"893","TTACGTTCATCGATAC-1_7"
"894","TTACTGTAGGAGAATG-1_7"
"895","TTACTGTTCAAGCGTT-1_7"
"896","TTAGGCACAGCCATTA-1_7"
"897","TTAGGCAGTCGTTATG-1_7"
"898","TTAGGGTCAATGTGGG-1_7"
"899","TTATTGCAGTACCCTA-1_7"
"900","TTATTGCGTATACCTG-1_7"
"901","TTCAATCAGCGTGCTC-1_7"
"902","TTCAATCCATCCTTGC-1_7"
"903","TTCAATCTCGGAGTAG-1_7"
"904","TTCACCGGTCCATACA-1_7"
"905","TTCACGCGTTCAAAGA-1_7"
"906","TTCAGGAGTGACTGTT-1_7"
"907","TTCAGGATCGTACCTC-1_7"
"908","TTCATGTTCCACGTCT-1_7"
"909","TTCATTGAGACCAGAC-1_7"
"910","TTCCACGCAACGGGTA-1_7"
"911","TTCCGTGAGAACTGAT-1_7"
"912","TTCCGTGTCGAATCCA-1_7"
"913","TTCCTAACATGTCGTA-1_7"
"914","TTCCTAAGTTCGGACC-1_7"
"915","TTCCTTCCATGACTCA-1_7"
"916","TTCCTTCGTTTGACAC-1_7"
"917","TTCGATTAGTGCTACT-1_7"
"918","TTCGGTCTCGGCATAT-1_7"
"919","TTCTAACCAACTTGGT-1_7"
"920","TTCTAACTCGACCATA-1_7"
"921","TTCTAGTCACTGTCCT-1_7"
"922","TTCTCTCAGATGCTTC-1_7"
"923","TTCTCTCGTAGGACCA-1_7"
"924","TTCTCTCGTTCCCAAA-1_7"
"925","TTCTCTCGTTCCGCAG-1_7"
"926","TTCTGTACAATGCAAA-1_7"
"927","TTCTGTATCAATCTTC-1_7"
"928","TTCTTGAAGCAGCACA-1_7"
"929","TTCTTGACATCGTCCT-1_7"
"930","TTGATGGGTATCGCGC-1_7"
"931","TTGCATTAGGATACCG-1_7"
"932","TTGCATTGTGACTAAA-1_7"
"933","TTGCCTGCAAATCCCA-1_7"
"934","TTGCCTGCAAGCTGCC-1_7"
"935","TTGCTGCTCGTCACCT-1_7"
"936","TTGCTGCTCTTGGGCG-1_7"
"937","TTGGATGAGGAACGAA-1_7"
"938","TTGGATGCAAGCCATT-1_7"
"939","TTGGGATTCAAAGCCT-1_7"
"940","TTGGGCGAGCTCACTA-1_7"
"941","TTGGGCGAGGTCGCCT-1_7"
"942","TTGGGTAAGCGCAATG-1_7"
"943","TTGGGTACATACAGCT-1_7"
"944","TTGGTTTAGTGAGGCT-1_7"
"945","TTGGTTTGTTGCCTAA-1_7"
"946","TTGTGTTAGCAGGGAG-1_7"
"947","TTGTGTTCAACTGTGT-1_7"
"948","TTGTTGTGTAGCACGA-1_7"
"949","TTTACCAAGAGCAGAA-1_7"
"950","TTTACCAAGCACCAGA-1_7"
"951","TTTACGTAGATTTGCC-1_7"
"952","TTTACTGAGAGATGCC-1_7"
"953","TTTATGCGTGGCCCAT-1_7"
"954","TTTCAGTAGTATGACA-1_7"
"955","TTTGACTTCTAGGAAA-1_7"
"956","TTTGTTGAGCGCAATG-1_7"
"957","TTTGTTGTCACGGGCT-1_7"
