"","x"
"1","AAACCCACATGCTGCG-1_7"
"2","AAACGCTTCTCGCTTG-1_7"
"3","AAAGTCCTCAAGCCGC-1_7"
"4","AAATGGACACAATGCT-1_7"
"5","AACAACCCAGAGGTTG-1_7"
"6","AACACACCACAATGCT-1_7"
"7","AACAGGGCATTAGGCT-1_7"
"8","AACAGGGTCGGTCTAA-1_7"
"9","AACCACAAGAGTCACG-1_7"
"10","AACCTTTAGTAAGGGA-1_7"
"11","AACCTTTCATACAGGG-1_7"
"12","AACGTCAGTTCCACGG-1_7"
"13","AACTTCTCAAGATCCT-1_7"
"14","AAGACAATCCGTAATG-1_7"
"15","AAGACAATCTCCGATC-1_7"
"16","AAGACTCGTGTAAACA-1_7"
"17","AAGCATCAGCTTCTAG-1_7"
"18","AAGCCATCATCTCCCA-1_7"
"19","AAGGAATGTTGCATCA-1_7"
"20","AAGGTAAAGCCGTTGC-1_7"
"21","AAGTACCAGCAAGTGC-1_7"
"22","AATCACGCAGGCACAA-1_7"
"23","AATGGAAAGCCTGAGA-1_7"
"24","AATGGCTAGCTCGACC-1_7"
"25","AATTTCCTCCGACATA-1_7"
"26","AATTTCCTCTTTGGAG-1_7"
"27","ACAAAGAGTTCCCACT-1_7"
"28","ACACAGTGTGTATCCA-1_7"
"29","ACACGCGCACTCATAG-1_7"
"30","ACACGCGTCTATCACT-1_7"
"31","ACAGAAACACTGTCCT-1_7"
"32","ACAGAAATCAAAGGTA-1_7"
"33","ACAGAAATCAAGCTTG-1_7"
"34","ACAGCCGTCTCTTGCG-1_7"
"35","ACAGGGAGTAAGGCCA-1_7"
"36","ACAGGGAGTAGGTCAG-1_7"
"37","ACATCCCAGGTTAAAC-1_7"
"38","ACATCCCGTTGTAGCT-1_7"
"39","ACATCCCTCCATTTGT-1_7"
"40","ACCAAACAGAGGATCC-1_7"
"41","ACCAAACAGGTTGAGC-1_7"
"42","ACCAACAAGCATTTCG-1_7"
"43","ACCAACAGTACGATGG-1_7"
"44","ACCATTTTCATTGCGA-1_7"
"45","ACCCAAAAGCGGTAAC-1_7"
"46","ACCCAAAGTGGGAGAG-1_7"
"47","ACCCTCAAGCGTCAAG-1_7"
"48","ACCCTCATCAGAGCGA-1_7"
"49","ACCCTTGCAAACTCGT-1_7"
"50","ACCCTTGCACAGTATC-1_7"
"51","ACCTACCTCAGCAGAG-1_7"
"52","ACCTGAAAGTTTCTTC-1_7"
"53","ACCTGTCCACAACGAG-1_7"
"54","ACGATCATCCACGTGG-1_7"
"55","ACGGAAGCACGACGCT-1_7"
"56","ACGGAAGGTCCGTTTC-1_7"
"57","ACGGAAGTCCAGCTCT-1_7"
"58","ACGGGTCGTGACAGCA-1_7"
"59","ACTACGACAATTGCAC-1_7"
"60","ACTCTCGAGTGGTCAG-1_7"
"61","ACTGATGCAGTCGCAC-1_7"
"62","ACTGCAAGTGAATGAT-1_7"
"63","ACTTAGGAGATGCCGA-1_7"
"64","ACTTTCAAGCAGCACA-1_7"
"65","ACTTTCACAATCACGT-1_7"
"66","ACTTTGTCAGTAGGAC-1_7"
"67","ACTTTGTGTTGGTAGG-1_7"
"68","AGAACCTCACACCTAA-1_7"
"69","AGACAAAAGCTAGTTC-1_7"
"70","AGACAAAGTTGCGTAT-1_7"
"71","AGACAAATCAAACCTG-1_7"
"72","AGACACTCACCCTGTT-1_7"
"73","AGACAGGCAGGCGTTC-1_7"
"74","AGACAGGGTACCAATC-1_7"
"75","AGACCCGGTGGACCTC-1_7"
"76","AGACTCAGTTTACTGG-1_7"
"77","AGAGAATAGGCCTGCT-1_7"
"78","AGAGAATCAACAAGTA-1_7"
"79","AGAGAATCATCCTCAC-1_7"
"80","AGAGCCCAGAGAGCAA-1_7"
"81","AGAGCCCTCCGGCAAC-1_7"
"82","AGATAGACACTCACTC-1_7"
"83","AGATAGAGTCTACGTA-1_7"
"84","AGCATCAAGTGAGTGC-1_7"
"85","AGCCACGGTTCTCAGA-1_7"
"86","AGCGATTCACTTTAGG-1_7"
"87","AGCGCTGCACCGGAAA-1_7"
"88","AGCGCTGCATTATGCG-1_7"
"89","AGCTACACAACGATCT-1_7"
"90","AGCTACACAAGTGGTG-1_7"
"91","AGCTCAATCTTCTTCC-1_7"
"92","AGCTTCCTCCGACGGT-1_7"
"93","AGGAAATGTCAAGTTC-1_7"
"94","AGGAAATTCTGAGAGG-1_7"
"95","AGGACTTGTGCGGATA-1_7"
"96","AGGACTTTCCGTAATG-1_7"
"97","AGGAGGTTCTGCTAGA-1_7"
"98","AGGATCTTCAATGTCG-1_7"
"99","AGGCATTAGGGCCCTT-1_7"
"100","AGGGCCTGTATCGAGG-1_7"
"101","AGGGCTCCATACGCAT-1_7"
"102","AGGGTCCCACTTCTCG-1_7"
"103","AGGTAGGGTCTGTGAT-1_7"
"104","AGGTAGGGTGCTAGCC-1_7"
"105","AGGTCTAGTAGTCTGT-1_7"
"106","AGGTGTTAGATCACTC-1_7"
"107","AGGTGTTTCGTGTGAT-1_7"
"108","AGGTTACGTACTGTTG-1_7"
"109","AGGTTGTAGCAGCACA-1_7"
"110","AGTAACCCACGCGTGT-1_7"
"111","AGTACCAGTCTCACGG-1_7"
"112","AGTACTGTCGTCTCAC-1_7"
"113","AGTGATCCAAGAAATC-1_7"
"114","AGTGCCGTCTACACTT-1_7"
"115","AGTGTTGAGACGGAAA-1_7"
"116","AGTTCCCAGATTCGCT-1_7"
"117","AGTTCGAGTGTAAACA-1_7"
"118","ATACCTTTCTATACTC-1_7"
"119","ATAGACCCATCGTCCT-1_7"
"120","ATAGGCTGTTAGGGAC-1_7"
"121","ATATCCTTCTCCATAT-1_7"
"122","ATCACGAAGATCGCCC-1_7"
"123","ATCACTTAGACGCCAA-1_7"
"124","ATCAGGTAGAGAGGTA-1_7"
"125","ATCAGGTGTCACGTGC-1_7"
"126","ATCATTCGTTCGGTAT-1_7"
"127","ATCATTCTCATTCACT-1_7"
"128","ATCCACCCAGCACAAG-1_7"
"129","ATCCGTCAGCACAAAT-1_7"
"130","ATCGCCTCATGAATAG-1_7"
"131","ATCGTAGCAGAGATTA-1_7"
"132","ATCTTCATCACCTACC-1_7"
"133","ATGAAAGTCCATTGTT-1_7"
"134","ATGACCAAGGAACGAA-1_7"
"135","ATGATCGGTCAGACTT-1_7"
"136","ATGATCGTCGATGGAG-1_7"
"137","ATGCCTCGTGAAAGTT-1_7"
"138","ATGGAGGAGATTGGGC-1_7"
"139","ATGGATCAGCAACAAT-1_7"
"140","ATGGATCGTGGCATCC-1_7"
"141","ATGGTTGGTCAACATC-1_7"
"142","ATGGTTGTCCGCTAGG-1_7"
"143","ATGTCTTTCCGCAACG-1_7"
"144","ATGTCTTTCGAGGCAA-1_7"
"145","ATTACCTAGACGACTG-1_7"
"146","ATTATCCAGATGGCGT-1_7"
"147","ATTATCCTCATACAGC-1_7"
"148","ATTATCCTCTTTGCTA-1_7"
"149","ATTCACTGTAGGAGGG-1_7"
"150","ATTCAGGGTTAGCGGA-1_7"
"151","ATTCATCTCTAGTCAG-1_7"
"152","ATTCCATTCTCGAACA-1_7"
"153","ATTCCCGTCAGTCATG-1_7"
"154","ATTCCTACAGACAATA-1_7"
"155","ATTCTACCACTGTGTA-1_7"
"156","ATTCTACTCATGACAC-1_7"
"157","ATTCTTGTCCCGAATA-1_7"
"158","ATTGTTCTCCACTGAA-1_7"
"159","ATTTACCAGAGTCACG-1_7"
"160","ATTTACCGTTGCTAGT-1_7"
"161","CAAAGAAAGTCTTGGT-1_7"
"162","CAACCAACATGTTCGA-1_7"
"163","CAACCTCTCCATGATG-1_7"
"164","CAACGGCTCATCCCGT-1_7"
"165","CAAGAGGAGTGAGTGC-1_7"
"166","CAAGCTACACTTCATT-1_7"
"167","CAAGGGAAGTCATGCT-1_7"
"168","CAATTTCTCGCCTTGT-1_7"
"169","CACAACAAGTAGGATT-1_7"
"170","CACACAAGTATCCTTT-1_7"
"171","CACATGAGTATCGCGC-1_7"
"172","CACCAAAAGCAGATAT-1_7"
"173","CACCGTTTCCTAGAGT-1_7"
"174","CACGAATCACGACTAT-1_7"
"175","CACGTTCTCCTCGATC-1_7"
"176","CACTGGGGTCGCGGTT-1_7"
"177","CACTTCGAGACGTCCC-1_7"
"178","CAGAGCCGTTGAATCC-1_7"
"179","CAGATACCAGTACTAC-1_7"
"180","CAGATTGCAGTTGCGC-1_7"
"181","CAGCAGCCAGCTCCTT-1_7"
"182","CAGCAGCTCATAGACC-1_7"
"183","CAGCGTGTCGCATTGA-1_7"
"184","CAGTTAGGTATAGGAT-1_7"
"185","CATAAGCCATTGACAC-1_7"
"186","CATACTTGTTTGATCG-1_7"
"187","CATCAAGTCTACCACC-1_7"
"188","CATCCGTTCGGTGCAC-1_7"
"189","CATCGTCTCGCTACAA-1_7"
"190","CATGAGTTCCACGTAA-1_7"
"191","CATGCGGAGCATCCTA-1_7"
"192","CATGCGGAGGAGGCAG-1_7"
"193","CATGCGGGTGCTGCAC-1_7"
"194","CATGCTCAGGGTTTCT-1_7"
"195","CATGCTCCACTGTGTA-1_7"
"196","CATGGTAGTCGCTTAA-1_7"
"197","CATTCCGGTGCATGTT-1_7"
"198","CATTGAGTCCACACCT-1_7"
"199","CATTGCCCAGAGGCAT-1_7"
"200","CATTGCCTCGGCATAT-1_7"
"201","CATTGTTAGATGGTCG-1_7"
"202","CATTTCACAATCAAGA-1_7"
"203","CCAAGCGGTTGGGTTT-1_7"
"204","CCACAAAGTCCAGCCA-1_7"
"205","CCACCATCACTAACCA-1_7"
"206","CCACGTTCAGAGTAAT-1_7"
"207","CCATCACGTGACACGA-1_7"
"208","CCCAACTCAACGGGTA-1_7"
"209","CCCATTGGTGGATCAG-1_7"
"210","CCCGAAGAGTAACCGG-1_7"
"211","CCCGAAGCATCTATCT-1_7"
"212","CCCGAAGGTCATCCCT-1_7"
"213","CCCGAAGGTCGAACAG-1_7"
"214","CCCGGAATCGCAATTG-1_7"
"215","CCCTAACAGAATCGTA-1_7"
"216","CCCTAACCAAATCAAG-1_7"
"217","CCCTAACGTTCACCGG-1_7"
"218","CCCTCAACATACCACA-1_7"
"219","CCGAACGGTGTGTGTT-1_7"
"220","CCGGGTAAGCCGATTT-1_7"
"221","CCGGTAGAGATTGGGC-1_7"
"222","CCGTGAGCAGAGGTTG-1_7"
"223","CCGTTCAAGCCGCACT-1_7"
"224","CCGTTCACACAAATGA-1_7"
"225","CCTAACCTCGCGAAGA-1_7"
"226","CCTAACCTCGTGGTAT-1_7"
"227","CCTAAGACAAGTTCGT-1_7"
"228","CCTAAGACATTAAAGG-1_7"
"229","CCTACGTTCAGGCGAA-1_7"
"230","CCTCAACAGACAACTA-1_7"
"231","CCTCAACCAATTGAAG-1_7"
"232","CCTCACACATCACAGT-1_7"
"233","CCTCAGTAGAGTTCGG-1_7"
"234","CCTCCTCTCAGAGTTC-1_7"
"235","CCTCTCCCACTACCCT-1_7"
"236","CCTCTCCTCGGTCATA-1_7"
"237","CCTCTCCTCTCATTGT-1_7"
"238","CGAAGTTCAGCAGAAC-1_7"
"239","CGAAGTTGTTCCAGGC-1_7"
"240","CGAGGCTTCCGATCGG-1_7"
"241","CGAGTGCGTCTACGTA-1_7"
"242","CGATGCGTCGTTGTGA-1_7"
"243","CGATGGCCATAAGCGG-1_7"
"244","CGATGGCGTCATTGCA-1_7"
"245","CGCATGGTCCATAGAC-1_7"
"246","CGGAACCCACGGATCC-1_7"
"247","CGGAACCTCCCGGTAG-1_7"
"248","CGGGACTAGATGAACT-1_7"
"249","CGGGCATCAATCGTCA-1_7"
"250","CGGTCAGCAATGGCCC-1_7"
"251","CGGTCAGGTACGAGTG-1_7"
"252","CGGTCAGGTCGACTTA-1_7"
"253","CGTAATGTCTTGGCTC-1_7"
"254","CGTCCATAGTTATGGA-1_7"
"255","CGTCCATTCCACCTGT-1_7"
"256","CGTGATAGTCTGTCCT-1_7"
"257","CGTTAGACATGCCGGT-1_7"
"258","CGTTCTGTCTGTGCTC-1_7"
"259","CTAACCCTCAACCGAT-1_7"
"260","CTAACTTCAAGTATAG-1_7"
"261","CTACATTTCTAGGAAA-1_7"
"262","CTACCCATCGTAGGGA-1_7"
"263","CTACCTGGTGAATGAT-1_7"
"264","CTACGGGTCAGTAGGG-1_7"
"265","CTACTATAGCCTAGGA-1_7"
"266","CTAGACAGTGCAACAG-1_7"
"267","CTAGGTAGTAAGCTCT-1_7"
"268","CTCAAGAAGGTCTGGA-1_7"
"269","CTCAAGAGTGCATGTT-1_7"
"270","CTCAATTCAGCATTGT-1_7"
"271","CTCACTGCAGCTCATA-1_7"
"272","CTCACTGCAGTGTGGA-1_7"
"273","CTCAGGGGTAAGTAGT-1_7"
"274","CTCAGTCGTAAGCTCT-1_7"
"275","CTCATTAAGGTTGCCC-1_7"
"276","CTCCACAAGGAGTACC-1_7"
"277","CTCCCTCGTTGCCGCA-1_7"
"278","CTCCCTCTCTTAGCTT-1_7"
"279","CTCCTTTGTTCAATCG-1_7"
"280","CTCCTTTTCCATTCAT-1_7"
"281","CTCGAGGAGAGTACCG-1_7"
"282","CTCGAGGAGTGAGCCA-1_7"
"283","CTCGAGGGTGGATCGA-1_7"
"284","CTCGAGGTCCTCTCGA-1_7"
"285","CTCTCGACATCTTTCA-1_7"
"286","CTGAATGCAAGAGAGA-1_7"
"287","CTGAGCGAGGGAGGTG-1_7"
"288","CTGAGGCCAACTGCTA-1_7"
"289","CTGCAGGTCGTGTCAA-1_7"
"290","CTGCCTAGTCGCAACC-1_7"
"291","CTGCGAGAGCATTGAA-1_7"
"292","CTGCTCACACTCAAGT-1_7"
"293","CTGGACGAGCATACTC-1_7"
"294","CTGGCAGAGCGGGTAT-1_7"
"295","CTGGTCTGTCGGCCTA-1_7"
"296","CTGTACCTCGGCGATC-1_7"
"297","CTGTATTCAAGAGTAT-1_7"
"298","CTGTATTGTTAAGTCC-1_7"
"299","CTGTGGGGTAATGATG-1_7"
"300","CTTCGGTAGCCTCACG-1_7"
"301","CTTTCGGGTGCACATT-1_7"
"302","CTTTCGGTCACCTTGC-1_7"
"303","GAAACCTAGTCGAGGT-1_7"
"304","GAAACCTTCTGCCCTA-1_7"
"305","GAAATGAAGATGCTTC-1_7"
"306","GAAATGATCACCCTGT-1_7"
"307","GAACGTTGTGGCTGCT-1_7"
"308","GAACTGTTCCGAGCTG-1_7"
"309","GAAGAATAGTGAGTGC-1_7"
"310","GAAGGACGTTGATGTC-1_7"
"311","GAAGTAAGTCTAGGTT-1_7"
"312","GAATCGTAGGTAGTCG-1_7"
"313","GACACGCAGTGTGTTC-1_7"
"314","GACACGCTCGCCAACG-1_7"
"315","GACCCAGGTTATCTGG-1_7"
"316","GACCGTGTCTTCACGC-1_7"
"317","GACGTTACAGGCCCTA-1_7"
"318","GACTATGCATACACCA-1_7"
"319","GACTCAACAGTAGGAC-1_7"
"320","GACTCAATCTTCTGTA-1_7"
"321","GACTCTCCAGTTAGGG-1_7"
"322","GAGAAATGTTGCATCA-1_7"
"323","GAGAAATTCAAAGGAT-1_7"
"324","GAGACTTTCTACACTT-1_7"
"325","GAGAGGTGTATAGGAT-1_7"
"326","GAGCCTGAGTCAGCGA-1_7"
"327","GAGCTGCCAGCGGTTC-1_7"
"328","GAGGCCTCACCCAATA-1_7"
"329","GAGGGTATCACGGAGA-1_7"
"330","GAGTCATGTTTGAACC-1_7"
"331","GAGTGTTGTGTAAATG-1_7"
"332","GAGTTTGTCATCTACT-1_7"
"333","GATCATGGTCACTTAG-1_7"
"334","GATGAGGAGTGGTGAC-1_7"
"335","GATGCTATCCAAATGC-1_7"
"336","GATGGAGGTTGCATTG-1_7"
"337","GATGTTGAGTTGCCTA-1_7"
"338","GATTCGACAAATGAAC-1_7"
"339","GATTCTTAGTAACAGT-1_7"
"340","GATTTCTGTAGGACCA-1_7"
"341","GATTTCTTCATGTCAG-1_7"
"342","GCACGGTAGGTAAGAG-1_7"
"343","GCACGGTCAGAACATA-1_7"
"344","GCACTAATCCTGCCAT-1_7"
"345","GCAGCCAGTACGTGTT-1_7"
"346","GCAGCCATCGGAAGGT-1_7"
"347","GCAGTTAAGCAGCACA-1_7"
"348","GCATCGGTCTAGACCA-1_7"
"349","GCATCTCAGATGGTCG-1_7"
"350","GCATCTCAGTTGTACC-1_7"
"351","GCATGATCAAGGGCAT-1_7"
"352","GCCAGGTAGGCCATAG-1_7"
"353","GCCATGGAGGATATGT-1_7"
"354","GCCATGGGTGCATGTT-1_7"
"355","GCCCAGAGTTAAAGTG-1_7"
"356","GCCCGAACAGAGTTCT-1_7"
"357","GCCGTGATCATCCCGT-1_7"
"358","GCGGAAACACACACGC-1_7"
"359","GCGGAAAGTATCGGTT-1_7"
"360","GCGGATCCAGAATGTA-1_7"
"361","GCGGATCCAGATCACT-1_7"
"362","GCGGATCGTATCAAGA-1_7"
"363","GCGTGCAGTCTAACGT-1_7"
"364","GCGTTTCGTTTAGAGA-1_7"
"365","GCTACAAGTAGCTGTT-1_7"
"366","GCTACCTAGTTTGTCG-1_7"
"367","GCTACCTTCCTCACGT-1_7"
"368","GCTGGGTTCATTGGTG-1_7"
"369","GCTTGGGAGATCCCGC-1_7"
"370","GCTTGGGAGGTAGATT-1_7"
"371","GGAACCCCAGGTGTGA-1_7"
"372","GGAACCCCATGACAGG-1_7"
"373","GGAAGTGAGTTTGCTG-1_7"
"374","GGAGAACCATCGAGCC-1_7"
"375","GGAGAACGTACTGACT-1_7"
"376","GGAGAACGTGCTTCAA-1_7"
"377","GGAGGATCATACTTTC-1_7"
"378","GGATCTACAAGCACAG-1_7"
"379","GGATCTACACGTACAT-1_7"
"380","GGATCTATCCACAGCG-1_7"
"381","GGATGTTGTTCTCCCA-1_7"
"382","GGGAAGTAGCTGAAAT-1_7"
"383","GGGACTCTCATAGGCT-1_7"
"384","GGGAGTATCTTAAGGC-1_7"
"385","GGGCGTTAGATGACCG-1_7"
"386","GGGCGTTAGCTCGCAC-1_7"
"387","GGGCTCAGTGGCTTAT-1_7"
"388","GGGTCTGTCTAGACCA-1_7"
"389","GGGTGAAGTGCACATT-1_7"
"390","GGGTGAAGTTCGGCGT-1_7"
"391","GGGTGTCGTCTAGGCC-1_7"
"392","GGGTTTAGTCTTGAGT-1_7"
"393","GGTCTGGTCACAAGAA-1_7"
"394","GGTGAAGCACAAATCC-1_7"
"395","GGTGTCGCAATCGCCG-1_7"
"396","GGTGTTAAGGTCCAGA-1_7"
"397","GGTGTTAAGTGCACCC-1_7"
"398","GGTGTTACATATTCGG-1_7"
"399","GGTTAACAGAGGATGA-1_7"
"400","GGTTCTCCATTGGATC-1_7"
"401","GGTTGTAAGGGTGAAA-1_7"
"402","GGTTGTACAAGAGGCT-1_7"
"403","GTAACACAGCCTGACC-1_7"
"404","GTAACCATCGTAGAGG-1_7"
"405","GTACAACTCTTGCAGA-1_7"
"406","GTAGAAAAGTGCCTCG-1_7"
"407","GTAGCTACATAGAATG-1_7"
"408","GTAGTACAGAGCAGTC-1_7"
"409","GTAGTACGTTCAAAGA-1_7"
"410","GTCAAACAGGGACACT-1_7"
"411","GTCAAGTTCTGCGGGT-1_7"
"412","GTCACGGCAGAGAGGG-1_7"
"413","GTCAGCGTCCGCGAGT-1_7"
"414","GTCCTCAGTTCGTAAC-1_7"
"415","GTCGAATAGATACTGA-1_7"
"416","GTCGTTCTCAGCCCAG-1_7"
"417","GTCTACCAGATTGATG-1_7"
"418","GTCTGTCCAAGACCTT-1_7"
"419","GTCTGTCCATGCACTA-1_7"
"420","GTCTGTCTCCCGGTAG-1_7"
"421","GTCTTTACAGCCCAGT-1_7"
"422","GTCTTTAGTGAACGGT-1_7"
"423","GTGACGCTCGTCGGGT-1_7"
"424","GTGATGTTCATAGCAC-1_7"
"425","GTGCAGCTCATCGCAA-1_7"
"426","GTGCGTGGTATACCTG-1_7"
"427","GTGCGTGGTCCTGGGT-1_7"
"428","GTGCGTGTCGGATAAA-1_7"
"429","GTGCTGGGTTACGGAG-1_7"
"430","GTGGAAGCAATTGTGC-1_7"
"431","GTGGGAACAGGCGATA-1_7"
"432","GTGGTTAAGCACCAGA-1_7"
"433","GTGGTTAAGGTTCCGC-1_7"
"434","GTGGTTAGTCCTCATC-1_7"
"435","GTGTAACGTAACAGGC-1_7"
"436","GTGTCCTGTGGTCTTA-1_7"
"437","GTGTTAGGTCCGGTGT-1_7"
"438","GTGTTCCCAGACAAGC-1_7"
"439","GTGTTCCCATCCAATG-1_7"
"440","GTTACAGAGTTAGTGA-1_7"
"441","GTTACAGCACACCAGC-1_7"
"442","GTTACCCCACAGTCAT-1_7"
"443","GTTAGTGCAGGACTTT-1_7"
"444","GTTCATTCAGAGGAAA-1_7"
"445","GTTCATTTCCAAGAGG-1_7"
"446","GTTCCGTGTAAGTAGT-1_7"
"447","GTTCCGTGTACAGCGA-1_7"
"448","GTTGCGGCAGAATGTA-1_7"
"449","GTTGCTCTCGATGCAT-1_7"
"450","GTTGTAGAGTCGCGAA-1_7"
"451","GTTGTCCGTTCAAGTC-1_7"
"452","GTTGTCCTCGAACACT-1_7"
"453","GTTGTGACACATACGT-1_7"
"454","GTTTACTCACTTTATC-1_7"
"455","TAAGCCAGTATTCCTT-1_7"
"456","TAAGCCATCCATTCAT-1_7"
"457","TAAGCGTTCGTGCGAC-1_7"
"458","TAAGCGTTCTCCGTGT-1_7"
"459","TAAGTCGGTATGACAA-1_7"
"460","TACCGAATCAGCTAGT-1_7"
"461","TACCTCGTCCCAGCGA-1_7"
"462","TACGGTATCGAGAATA-1_7"
"463","TACTTACCACATTCGA-1_7"
"464","TAGACTGCAACCAACT-1_7"
"465","TAGAGTCAGGACTATA-1_7"
"466","TAGAGTCTCAGTGTTG-1_7"
"467","TAGATCGTCGGAAGGT-1_7"
"468","TAGCACACAGGACAGT-1_7"
"469","TAGGAGGCACGCTGCA-1_7"
"470","TAGGGTTCAGCTATTG-1_7"
"471","TAGGTACGTCAGGCAA-1_7"
"472","TAGTGCATCTGGCCGA-1_7"
"473","TATATCCAGTATGAAC-1_7"
"474","TATATCCTCTCGGTCT-1_7"
"475","TATCAGGAGATGACCG-1_7"
"476","TATCAGGAGGCAGGGA-1_7"
"477","TATCCTAGTCTGTAGT-1_7"
"478","TATCGCCAGATGGGCT-1_7"
"479","TATTTCGTCAGCTTCC-1_7"
"480","TCAAGACAGATGGTCG-1_7"
"481","TCAAGTGAGGGACTGT-1_7"
"482","TCAAGTGCAAATGCGG-1_7"
"483","TCAAGTGGTAGTATAG-1_7"
"484","TCAATCTGTACCGTCG-1_7"
"485","TCAATCTGTGTCATGT-1_7"
"486","TCACAAGCAACGACAG-1_7"
"487","TCACGCTCAAACCACT-1_7"
"488","TCACGGGTCGCGGACT-1_7"
"489","TCAGCCTGTTCGAACT-1_7"
"490","TCAGCCTTCATGGTAC-1_7"
"491","TCAGGGCGTAGAGCTG-1_7"
"492","TCAGTCCTCGACGATT-1_7"
"493","TCAGTGAAGTAGACCG-1_7"
"494","TCAGTGAGTGGTAACG-1_7"
"495","TCAGTGATCAAGTTGC-1_7"
"496","TCATACTAGGGAGATA-1_7"
"497","TCATATCGTATGTCCA-1_7"
"498","TCATATCTCTCATGGA-1_7"
"499","TCATGAGGTACTCCCT-1_7"
"500","TCATGCCCAGACCGCT-1_7"
"501","TCATGCCGTGCGAGTA-1_7"
"502","TCATTACAGAATCTAG-1_7"
"503","TCATTCAAGACGCCAA-1_7"
"504","TCATTCACAGAGATTA-1_7"
"505","TCATTGTTCATCAGTG-1_7"
"506","TCCACCATCGGATTAC-1_7"
"507","TCCATCGAGCCAGAGT-1_7"
"508","TCCGGGATCCCAACTC-1_7"
"509","TCCGTGTGTGATGGCA-1_7"
"510","TCCTCTTGTTTCTATC-1_7"
"511","TCCTTCTCACGGCACT-1_7"
"512","TCGAAGTAGGCACCAA-1_7"
"513","TCGATTTAGTGCACAG-1_7"
"514","TCGCACTAGAGGTCGT-1_7"
"515","TCGCAGGAGCCTATTG-1_7"
"516","TCGCTCAGTAAGGTCG-1_7"
"517","TCGGATAGTCATGGCC-1_7"
"518","TCGGGCATCGTGGGAA-1_7"
"519","TCGTCCAGTACTGCCG-1_7"
"520","TCGTCCATCCTTTGAT-1_7"
"521","TCGTGCTGTTCCGTTC-1_7"
"522","TCGTGGGCACGCTATA-1_7"
"523","TCTACATAGTCGCCAC-1_7"
"524","TCTACCGAGTACGAGC-1_7"
"525","TCTATCAAGACCAACG-1_7"
"526","TCTATCACATCGTTCC-1_7"
"527","TCTGCCACAGATCACT-1_7"
"528","TCTGGCTAGAGGCCAT-1_7"
"529","TCTGTCGGTAAGATCA-1_7"
"530","TCTTCCTCACGGTAGA-1_7"
"531","TCTTCCTGTGGCTTGC-1_7"
"532","TCTTGCGAGAATTCAG-1_7"
"533","TCTTGCGAGCCTGTGC-1_7"
"534","TCTTGCGCAGGCATGA-1_7"
"535","TCTTTGAAGTTAACGA-1_7"
"536","TGAATCGAGCCGCACT-1_7"
"537","TGAATCGGTGGCGTAA-1_7"
"538","TGAATGCTCAGACAAA-1_7"
"539","TGACAGTTCTGTCCCA-1_7"
"540","TGACCCTTCATTGCTT-1_7"
"541","TGACTCCTCAATGTCG-1_7"
"542","TGAGACTAGCAAGTGC-1_7"
"543","TGAGACTTCGTAACTG-1_7"
"544","TGAGGAGAGGGCCCTT-1_7"
"545","TGAGGGATCCATCCGT-1_7"
"546","TGAGGGATCGCGTAGC-1_7"
"547","TGAGGTTAGCACTCCG-1_7"
"548","TGAGTCAAGAAGTGTT-1_7"
"549","TGAGTCAGTGGAAATT-1_7"
"550","TGATCTTCAGATAAAC-1_7"
"551","TGATCTTGTATGGAGC-1_7"
"552","TGATCTTGTGGATCAG-1_7"
"553","TGATGGTAGTGCGTCC-1_7"
"554","TGATTTCCATTGACAC-1_7"
"555","TGATTTCTCTTCGATT-1_7"
"556","TGCACGGAGGACTGGT-1_7"
"557","TGCACGGGTCCAACGC-1_7"
"558","TGCAGATCATCGAGCC-1_7"
"559","TGCAGGCAGAACGTGC-1_7"
"560","TGCAGGCAGTCACTGT-1_7"
"561","TGCAGTATCATGCCGG-1_7"
"562","TGCATGAGTACAGTCT-1_7"
"563","TGCCGAGCACCATTCC-1_7"
"564","TGCGGCAAGCAAGTCG-1_7"
"565","TGCGGCATCGACATCA-1_7"
"566","TGCTCCACAACCTAAC-1_7"
"567","TGCTCGTAGGCCGCTT-1_7"
"568","TGCTGAATCGTTGTTT-1_7"
"569","TGCTTCGGTAGGGTAC-1_7"
"570","TGCTTGCTCAGTGGGA-1_7"
"571","TGGGAGAGTTAGTTCG-1_7"
"572","TGGGATTCAGTACTAC-1_7"
"573","TGGGCGTAGCATTTCG-1_7"
"574","TGGGCGTCATTATGCG-1_7"
"575","TGGTACATCTTGATTC-1_7"
"576","TGGTAGTGTGGGACAT-1_7"
"577","TGGTGATCAGGGAGAG-1_7"
"578","TGGTTAGCAGTTCTAG-1_7"
"579","TGTAAGCTCCCAGCGA-1_7"
"580","TGTCCCAGTGACACAG-1_7"
"581","TGTGATGCATCCAACA-1_7"
"582","TGTGATGGTTCTTCAT-1_7"
"583","TGTTCATTCAAGCCAT-1_7"
"584","TGTTCATTCTCGCTCA-1_7"
"585","TGTTCCGAGGTAGATT-1_7"
"586","TGTTCTACACTTGTGA-1_7"
"587","TGTTGGAAGGAAACGA-1_7"
"588","TGTTTGTAGCCTGCCA-1_7"
"589","TTAATCCCAGCTACCG-1_7"
"590","TTACTGTTCGGTAGGA-1_7"
"591","TTAGGCACAGTGGGTA-1_7"
"592","TTATTGCCAACCCGCA-1_7"
"593","TTATTGCCAGTCGTTA-1_7"
"594","TTCAATCCATAATCGC-1_7"
"595","TTCACGCTCCGGCAGT-1_7"
"596","TTCATGTCATACAGGG-1_7"
"597","TTCATGTGTACATTGC-1_7"
"598","TTCATGTGTTAAACAG-1_7"
"599","TTCATTGGTCTAGGTT-1_7"
"600","TTCCAATAGTTCACTG-1_7"
"601","TTCGGTCCACCTGCAG-1_7"
"602","TTCTAGTCAGGGAATC-1_7"
"603","TTCTGTATCCCGTTCA-1_7"
"604","TTCTTCCGTCATAACC-1_7"
"605","TTCTTCCGTTGGCTAT-1_7"
"606","TTCTTGACAACTTGGT-1_7"
"607","TTGCATTGTGCCTGAC-1_7"
"608","TTGCCTGAGGTGCCTC-1_7"
"609","TTGGATGTCGCACTCT-1_7"
"610","TTGGGATAGGCAGCTA-1_7"
"611","TTGGGCGTCGAACCAT-1_7"
"612","TTGGGCGTCTGTCCCA-1_7"
"613","TTGGGTAGTCGCCTAG-1_7"
"614","TTGGTTTCACGAGGTA-1_7"
"615","TTGTGTTGTACGGGAT-1_7"
"616","TTGTGTTTCCACTTCG-1_7"
"617","TTGTTTGAGGCTAAAT-1_7"
"618","TTTAGTCTCATCGCTC-1_7"
"619","TTTAGTCTCCATGAGT-1_7"
"620","TTTCACATCACAGTGT-1_7"
"621","TTTCAGTCACTGTGTA-1_7"
"622","TTTCATGCAACGGGTA-1_7"
"623","TTTGACTGTAGACGGT-1_7"
"624","TTTGGAGGTGTCCAAT-1_7"
