"","x"
"1","AAACGAACAAGCGCAA-1_8"
"2","AAAGAACCAGGGAATC-1_8"
"3","AAAGGATAGCGAACTG-1_8"
"4","AAAGGATCAGACAATA-1_8"
"5","AAAGGGCCAGTCTTCC-1_8"
"6","AAAGGTAAGTCTGGAG-1_8"
"7","AAAGTGAGTACCCACG-1_8"
"8","AACAAAGGTTGGCTAT-1_8"
"9","AACAACCAGTTGTAGA-1_8"
"10","AACAAGATCAGCATTG-1_8"
"11","AACACACCAACGATTC-1_8"
"12","AACACACCAATACAGA-1_8"
"13","AACAGGGGTGTCTTCC-1_8"
"14","AACAGGGTCTCATGGA-1_8"
"15","AACCATGGTACGATCT-1_8"
"16","AACCTGATCTTACGTT-1_8"
"17","AACCTTTCACACTGGC-1_8"
"18","AACGAAACACTGCTTC-1_8"
"19","AAGAACAAGAGTGGCT-1_8"
"20","AAGAACATCTTCTAAC-1_8"
"21","AAGACAACACTCCCTA-1_8"
"22","AAGACTCGTACTAACC-1_8"
"23","AAGCATCAGGGTAATT-1_8"
"24","AAGCATCGTCCTTGTC-1_8"
"25","AAGCATCGTTACGGAG-1_8"
"26","AAGCGAGCAACACGTT-1_8"
"27","AAGCGAGGTGGTAATA-1_8"
"28","AAGCGTTAGCATCAAA-1_8"
"29","AAGGAATCAGGTTACT-1_8"
"30","AAGGAATGTTGGAGAC-1_8"
"31","AAGGAATTCATTTGCT-1_8"
"32","AAGTACCAGGGTTAGC-1_8"
"33","AAGTCGTTCACCCATC-1_8"
"34","AAGTCGTTCCTGTAGA-1_8"
"35","AAGTGAAAGCCAGACA-1_8"
"36","AAGTTCGAGCCACCGT-1_8"
"37","AATAGAGCATCAGCGC-1_8"
"38","AATCACGCATACTGTG-1_8"
"39","AATCGTGTCACGGACC-1_8"
"40","AATGAAGCATGGGAAC-1_8"
"41","AATGAAGTCTGCGTCT-1_8"
"42","AATGACCTCTTCTCAA-1_8"
"43","AATGCCAAGATGCCGA-1_8"
"44","AATTTCCCATCTTAGG-1_8"
"45","AATTTCCGTCCTGGGT-1_8"
"46","ACAACCAAGGATTACA-1_8"
"47","ACAAGCTTCACCCATC-1_8"
"48","ACACGCGTCTCGAGTA-1_8"
"49","ACACTGACATCGGAAG-1_8"
"50","ACACTGAGTGAACGGT-1_8"
"51","ACAGAAACACGCTTAA-1_8"
"52","ACATCGAAGTTCCAGT-1_8"
"53","ACATTTCAGCGTCTCG-1_8"
"54","ACATTTCCACTCAGAT-1_8"
"55","ACCAAACAGACCACGA-1_8"
"56","ACCAAACTCCGATCGG-1_8"
"57","ACCAACACAGGCGAAT-1_8"
"58","ACCATTTAGGCGATAC-1_8"
"59","ACCATTTAGTTAGAAC-1_8"
"60","ACCCAAACACTGCGTG-1_8"
"61","ACGATCACAAGTTGGG-1_8"
"62","ACGATCAGTAGCGAGT-1_8"
"63","ACGGTCGGTTGGTAGG-1_8"
"64","ACGGTTAAGATACCAA-1_8"
"65","ACGGTTAAGGATTACA-1_8"
"66","ACGGTTAGTTAGGCCC-1_8"
"67","ACGTAACCATAACCCA-1_8"
"68","ACGTAACGTGTCCCTT-1_8"
"69","ACGTACAAGACGTCCC-1_8"
"70","ACGTAGTCAATCGCGC-1_8"
"71","ACGTAGTTCAAGTAAG-1_8"
"72","ACGTTCCTCTGTGCAA-1_8"
"73","ACTACGATCGACCAAT-1_8"
"74","ACTATCTGTAGAATAC-1_8"
"75","ACTATGGAGAGGCGGA-1_8"
"76","ACTATGGAGCTTCTAG-1_8"
"77","ACTATTCGTTCACCGG-1_8"
"78","ACTGTCCTCCACTTTA-1_8"
"79","ACTTATCGTGGCTTGC-1_8"
"80","ACTTCCGGTTTGGGAG-1_8"
"81","ACTTCCGTCCTACGGG-1_8"
"82","ACTTTCACAGGTAGTG-1_8"
"83","ACTTTCAGTATCGCGC-1_8"
"84","ACTTTGTAGAAGTCAT-1_8"
"85","ACTTTGTGTGGCTTGC-1_8"
"86","AGACACTAGGGAGGGT-1_8"
"87","AGACACTTCAGTAGGG-1_8"
"88","AGACACTTCGATACGT-1_8"
"89","AGACAGGGTGGATCGA-1_8"
"90","AGACCATCACCTCGTT-1_8"
"91","AGACCATGTTGGGAAC-1_8"
"92","AGACCCGTCACGGGCT-1_8"
"93","AGACTCAAGTCCGCGT-1_8"
"94","AGAGAATAGAAATGGG-1_8"
"95","AGAGAGCCACGTCTCT-1_8"
"96","AGAGCAGTCCATCCGT-1_8"
"97","AGATAGATCTTGGTCC-1_8"
"98","AGATCGTAGAAGTCAT-1_8"
"99","AGATCGTGTCTGTGCG-1_8"
"100","AGATGAAAGTAAACTG-1_8"
"101","AGCATCAAGGGAGAAT-1_8"
"102","AGCCAATTCGCTGTCT-1_8"
"103","AGCCACGCACATAACC-1_8"
"104","AGCCACGTCCCATTTA-1_8"
"105","AGCCAGCAGGAGAATG-1_8"
"106","AGCCAGCGTCAGGTAG-1_8"
"107","AGCCAGCTCCTTCGAC-1_8"
"108","AGCCAGCTCGCAAGAG-1_8"
"109","AGCGCCATCTACTCAT-1_8"
"110","AGCGCTGTCAACCTTT-1_8"
"111","AGCGTCGAGGACGCAT-1_8"
"112","AGCGTCGCAAACGTGG-1_8"
"113","AGCTTCCGTCTCGACG-1_8"
"114","AGGACGAGTGACTGTT-1_8"
"115","AGGAGGTGTGATACAA-1_8"
"116","AGGATAAAGTAAGCAT-1_8"
"117","AGGCATTGTAGCGTCC-1_8"
"118","AGGCATTGTCCCGGTA-1_8"
"119","AGGCCACGTATTCCTT-1_8"
"120","AGGGAGTCACGCAAAG-1_8"
"121","AGGGAGTCAGCGTATT-1_8"
"122","AGGGAGTGTCCAGGTC-1_8"
"123","AGGGCTCAGCCGATTT-1_8"
"124","AGGGCTCCACGTACAT-1_8"
"125","AGGGCTCGTAGCACAG-1_8"
"126","AGGGCTCGTTCTAACG-1_8"
"127","AGGGTTTAGGGTATAT-1_8"
"128","AGGGTTTCATAGAGGC-1_8"
"129","AGGTCATGTTGTCATG-1_8"
"130","AGGTCTACAACACGAG-1_8"
"131","AGGTCTACACAGCTGC-1_8"
"132","AGGTCTACAGAAATTG-1_8"
"133","AGGTCTATCACCTGTC-1_8"
"134","AGTAACCAGAGGTATT-1_8"
"135","AGTAACCCAAACGAGC-1_8"
"136","AGTACCACAATCGCGC-1_8"
"137","AGTACCATCGGATAAA-1_8"
"138","AGTACTGAGGGTGAGG-1_8"
"139","AGTACTGTCATGAAAG-1_8"
"140","AGTAGCTTCGCCTCTA-1_8"
"141","AGTAGTCGTTTGGGTT-1_8"
"142","AGTAGTCTCACCTCAC-1_8"
"143","AGTCATGTCCTACCAC-1_8"
"144","AGTTCGAAGGCACTAG-1_8"
"145","AGTTCGAAGGTAGTCG-1_8"
"146","ATACCGAAGTTGTAGA-1_8"
"147","ATACTTCAGTCAATCC-1_8"
"148","ATACTTCCAAGGTTGG-1_8"
"149","ATACTTCTCCGCAGTG-1_8"
"150","ATAGGCTGTAGCGATG-1_8"
"151","ATCACGAAGCCAGAGT-1_8"
"152","ATCACGAGTACTAGCT-1_8"
"153","ATCAGGTTCAGCGCGT-1_8"
"154","ATCAGGTTCGCAGAGA-1_8"
"155","ATCATTCTCGACACTA-1_8"
"156","ATCCACCCACTTTAGG-1_8"
"157","ATCCACCTCAAGCCCG-1_8"
"158","ATCCCTGAGAGCAGCT-1_8"
"159","ATCCCTGGTGCCTTTC-1_8"
"160","ATCCCTGTCAACTACG-1_8"
"161","ATCCCTGTCGTAGCCG-1_8"
"162","ATCCTATAGTTACGTC-1_8"
"163","ATCCTATCATGTGCTA-1_8"
"164","ATCCTATGTCTGTGGC-1_8"
"165","ATCGATGCACAAACGG-1_8"
"166","ATCGCCTAGACTCATC-1_8"
"167","ATCGGATAGTATGTAG-1_8"
"168","ATCGGCGAGCAGATAT-1_8"
"169","ATCGTAGGTATGGGAC-1_8"
"170","ATCGTCCCAGACCATT-1_8"
"171","ATCGTGAAGGTGAGAA-1_8"
"172","ATCTCTAGTATCATGC-1_8"
"173","ATGACCATCGCCGAAC-1_8"
"174","ATGAGGGAGCGCTGAA-1_8"
"175","ATGAGTCGTCTGTCAA-1_8"
"176","ATGAGTCTCCATCGTC-1_8"
"177","ATGATCGCAAGTTTGC-1_8"
"178","ATGATCGGTGTCTTAG-1_8"
"179","ATGCATGCAGGCATTT-1_8"
"180","ATGCCTCTCACAAGAA-1_8"
"181","ATGGAGGCAGTTGTCA-1_8"
"182","ATGGATCTCATTGCGA-1_8"
"183","ATGGGAGAGGTAGTCG-1_8"
"184","ATGTCCCAGAGCCGTA-1_8"
"185","ATGTCTTCAACGATCT-1_8"
"186","ATGTCTTTCCGTTTCG-1_8"
"187","ATGTCTTTCCTTTAGT-1_8"
"188","ATTACTCCAGAGGCTA-1_8"
"189","ATTATCCCAGAAGTGC-1_8"
"190","ATTCACTTCACCGGGT-1_8"
"191","ATTCAGGTCGGTTGTA-1_8"
"192","ATTCATCAGCTCCGAC-1_8"
"193","ATTCCATGTCGTGATT-1_8"
"194","ATTCCCGGTTGGTGTT-1_8"
"195","ATTCCCGTCGAATCCA-1_8"
"196","ATTCTTGAGAGCCGTA-1_8"
"197","ATTCTTGAGCTGGTGA-1_8"
"198","ATTCTTGCAGAAGCTG-1_8"
"199","ATTCTTGCAGGGAATC-1_8"
"200","ATTGGGTTCATCTCTA-1_8"
"201","ATTGTTCTCGTTAGTG-1_8"
"202","ATTTACCGTCCCAAAT-1_8"
"203","ATTTCTGCATTAGGAA-1_8"
"204","CAAAGAAAGGTACCTT-1_8"
"205","CAAAGAACACGCGTGT-1_8"
"206","CAAAGAACAGATACCT-1_8"
"207","CAACAACGTTAACAGA-1_8"
"208","CAACCTCGTTCAAAGA-1_8"
"209","CAACCTCGTTGTGCCG-1_8"
"210","CAACGATAGGCGCTCT-1_8"
"211","CAACGATGTGCTGCAC-1_8"
"212","CAACGATTCCATATGG-1_8"
"213","CAACGGCGTGGTCCCA-1_8"
"214","CAAGACTCAAGTTCGT-1_8"
"215","CAAGAGGGTCGTTCAA-1_8"
"216","CAAGAGGGTGTAAACA-1_8"
"217","CAAGCTAGTAATCAGA-1_8"
"218","CAAGCTAGTTTGATCG-1_8"
"219","CAATGACAGAAGGGAT-1_8"
"220","CAATGACTCGCGCTGA-1_8"
"221","CACACAAAGAGGCGTT-1_8"
"222","CACACAAGTAAGCAAT-1_8"
"223","CACAGATCACGCTATA-1_8"
"224","CACATGAGTCTAGGTT-1_8"
"225","CACCAAAGTCAGGTAG-1_8"
"226","CACCAAATCGCGGACT-1_8"
"227","CACGAATTCACGAGGA-1_8"
"228","CACGTTCAGCTAGCCC-1_8"
"229","CACGTTCCATTGGCAT-1_8"
"230","CACTAAGGTACTCGCG-1_8"
"231","CAGAGCCGTACTGCGC-1_8"
"232","CAGATACAGGGCTTCC-1_8"
"233","CAGATTGGTCCAGCGT-1_8"
"234","CAGCACGAGGTATCTC-1_8"
"235","CAGCAGCCAGTTGCGC-1_8"
"236","CAGCAGCCATGCGTGC-1_8"
"237","CAGCGTGCACTGGACC-1_8"
"238","CAGGCCAAGTAAACAC-1_8"
"239","CAGGGCTTCAGTAGGG-1_8"
"240","CAGGTATCACGACAGA-1_8"
"241","CAGGTATCAGTGACCC-1_8"
"242","CAGTTAGTCCTCTAAT-1_8"
"243","CATAAGCAGCTCAGAG-1_8"
"244","CATACCCCATGTGTCA-1_8"
"245","CATAGACGTCCGAAAG-1_8"
"246","CATAGACGTTGTAAAG-1_8"
"247","CATCCACCAGCCTACG-1_8"
"248","CATCCCAAGGATGAGA-1_8"
"249","CATCCGTAGAGCCTGA-1_8"
"250","CATCCGTAGATCCCAT-1_8"
"251","CATCGCTCAAACTAGA-1_8"
"252","CATCGTCAGTAAACTG-1_8"
"253","CATCGTCGTGAAAGTT-1_8"
"254","CATCGTCTCTAACGCA-1_8"
"255","CATGAGTAGGCTCTCG-1_8"
"256","CATGCAAGTCTAGTGT-1_8"
"257","CATGCCTCATCAGTCA-1_8"
"258","CATGCGGGTCTGTGAT-1_8"
"259","CATGGTACATCCGTGG-1_8"
"260","CATGGTAGTAGCTGCC-1_8"
"261","CATTCTACATGTGCCG-1_8"
"262","CATTGAGAGGTCGTGA-1_8"
"263","CATTGAGTCGCCAGAC-1_8"
"264","CATTTCATCGAACGCC-1_8"
"265","CCAAGCGGTATTGGCT-1_8"
"266","CCAATGAGTGAACTAA-1_8"
"267","CCAATTTTCCCAATAG-1_8"
"268","CCACACTAGGAGCTGT-1_8"
"269","CCACCATAGAACGCGT-1_8"
"270","CCACCATAGCAACTCT-1_8"
"271","CCACCATAGCACCTGC-1_8"
"272","CCACCATTCGGATAAA-1_8"
"273","CCACGAGCACGGAAGT-1_8"
"274","CCACGAGGTTAGCGGA-1_8"
"275","CCACGTTGTTACAGCT-1_8"
"276","CCACTTGTCGGCCAAC-1_8"
"277","CCATAAGCACTTGGGC-1_8"
"278","CCATAAGGTTAGAAAC-1_8"
"279","CCATAAGTCCGCAAAT-1_8"
"280","CCATCACGTTAGAGTA-1_8"
"281","CCCAACTAGTGGCAGT-1_8"
"282","CCCAACTCACAGAGCA-1_8"
"283","CCCATTGAGGGCAGTT-1_8"
"284","CCCATTGCACCCGTAG-1_8"
"285","CCCATTGCAGCTTTGA-1_8"
"286","CCCGAAGCACTAGGTT-1_8"
"287","CCCGAAGTCAATCCAG-1_8"
"288","CCCGAAGTCTAGCATG-1_8"
"289","CCCGGAAAGCGTATAA-1_8"
"290","CCCGGAACACTGCGTG-1_8"
"291","CCCGGAATCATGCAGT-1_8"
"292","CCCTCTCAGAGTGGCT-1_8"
"293","CCCTCTCTCTTGTTAC-1_8"
"294","CCCTGATTCATTTCGT-1_8"
"295","CCCTTAGGTCAGGCAA-1_8"
"296","CCCTTAGGTCCGGATC-1_8"
"297","CCGAACGAGGCTGGAT-1_8"
"298","CCGATCTAGCTAATCC-1_8"
"299","CCGATCTCAGGCATGA-1_8"
"300","CCGATCTCATCTCGTC-1_8"
"301","CCGATGGTCTTGAACG-1_8"
"302","CCGGGTAAGGTCATCT-1_8"
"303","CCGGTAGGTCACTAGT-1_8"
"304","CCGTGAGTCCGGCAGT-1_8"
"305","CCGTTCAAGCAGGCTA-1_8"
"306","CCTAACCGTACGTGTT-1_8"
"307","CCTAACCTCTCTGCTG-1_8"
"308","CCTCAACGTTCAGCGC-1_8"
"309","CCTCACACACTAGGTT-1_8"
"310","CCTCAGTTCATGCAGT-1_8"
"311","CCTCATGAGTAGTGCG-1_8"
"312","CCTCATGCATGAAGCG-1_8"
"313","CCTCATGGTACTCGCG-1_8"
"314","CCTCCAAGTGTCCTAA-1_8"
"315","CCTCTAGGTCGTTGCG-1_8"
"316","CCTCTCCAGTTTCGAC-1_8"
"317","CCTGCATCAACTGTGT-1_8"
"318","CCTGCATGTGTAAACA-1_8"
"319","CCTTCAGAGCATGATA-1_8"
"320","CCTTCAGAGTCTAACC-1_8"
"321","CCTTTGGAGTTGTAGA-1_8"
"322","CCTTTGGCACAACGAG-1_8"
"323","CCTTTGGCACAAGCCC-1_8"
"324","CCTTTGGCACATGACT-1_8"
"325","CCTTTGGTCCACTTCG-1_8"
"326","CCTTTGGTCCATTCAT-1_8"
"327","CGAAGGAAGCGACAGT-1_8"
"328","CGAAGGAGTCACGCTG-1_8"
"329","CGACAGCGTTAAGTCC-1_8"
"330","CGACAGCTCCTTGGAA-1_8"
"331","CGAGGAATCAGTGTGT-1_8"
"332","CGAGTGCAGACTTCGT-1_8"
"333","CGAGTTAGTTCAAACC-1_8"
"334","CGAGTTATCGGCACTG-1_8"
"335","CGATCGGAGGGTACAC-1_8"
"336","CGATGCGAGGAGCTGT-1_8"
"337","CGATGGCGTGCCCTTT-1_8"
"338","CGATGGCGTTGTGCCG-1_8"
"339","CGCAGGTCAAGGGTCA-1_8"
"340","CGCAGGTTCCACCTCA-1_8"
"341","CGCATAAAGTTGCATC-1_8"
"342","CGCATAATCAGACCCG-1_8"
"343","CGCCATTGTGATAGAT-1_8"
"344","CGCCATTTCAAGGACG-1_8"
"345","CGCGTGAGTTTCCATT-1_8"
"346","CGGAACCTCAGGAAGC-1_8"
"347","CGGAACCTCATAGGCT-1_8"
"348","CGGAACCTCCTTCTGG-1_8"
"349","CGGAGAAGTCAGACTT-1_8"
"350","CGGGACTAGAATCGAT-1_8"
"351","CGGGACTAGTCTCCTC-1_8"
"352","CGGGACTCAAGTTGGG-1_8"
"353","CGGGCATGTGCCGTTG-1_8"
"354","CGGGTGTTCCTCACTG-1_8"
"355","CGGTCAGAGTTGCATC-1_8"
"356","CGTAATGGTACTGCCG-1_8"
"357","CGTAATGGTAGCTCGC-1_8"
"358","CGTAGTACATACATCG-1_8"
"359","CGTCAAATCCGGGACT-1_8"
"360","CGTCCATTCATATGGC-1_8"
"361","CGTGAATGTGTATACC-1_8"
"362","CGTGATACAGGAATCG-1_8"
"363","CGTTAGAAGAGAGTGA-1_8"
"364","CGTTCTGAGCCTCAGC-1_8"
"365","CGTTCTGCAAGGCTTT-1_8"
"366","CGTTCTGTCAGGAAAT-1_8"
"367","CGTTCTGTCGGACCAC-1_8"
"368","CTAACTTTCGTAGGGA-1_8"
"369","CTAAGTGGTCCGGCAT-1_8"
"370","CTACATTAGAAACTCA-1_8"
"371","CTACATTAGTAGCCAG-1_8"
"372","CTACCTGAGTGTTGAA-1_8"
"373","CTACCTGCACCTGCTT-1_8"
"374","CTAGACACAGCGACAA-1_8"
"375","CTAGGTACATACCATG-1_8"
"376","CTAGGTAGTAGGGTAC-1_8"
"377","CTAGGTATCCTACTGC-1_8"
"378","CTATCCGTCGTCTACC-1_8"
"379","CTATCTAAGCATCCCG-1_8"
"380","CTATCTAAGTTGCATC-1_8"
"381","CTATCTACACACTTAG-1_8"
"382","CTCAACCTCGTAATGC-1_8"
"383","CTCAAGATCCATCTGC-1_8"
"384","CTCAGAAGTCTCGGAC-1_8"
"385","CTCAGTCAGGCCTAAG-1_8"
"386","CTCAGTCTCTGGACCG-1_8"
"387","CTCATCGCACAATGAA-1_8"
"388","CTCATGCAGGTTGTTC-1_8"
"389","CTCATGCTCCCAGGAC-1_8"
"390","CTCATTATCGTCAACA-1_8"
"391","CTCCACAAGAGGCGTT-1_8"
"392","CTCCACAAGTCTAACC-1_8"
"393","CTCGAGGAGTAGACAT-1_8"
"394","CTCGAGGAGTTGGGAC-1_8"
"395","CTCTCAGCAGAACCGA-1_8"
"396","CTCTCGAAGTCGAGGT-1_8"
"397","CTCTGGTCACGTCGTG-1_8"
"398","CTCTGGTGTGGCTGAA-1_8"
"399","CTGAATGCAACTCCAA-1_8"
"400","CTGAATGTCAATGCAC-1_8"
"401","CTGAATGTCATGCCCT-1_8"
"402","CTGAGCGGTAAGATCA-1_8"
"403","CTGAGGCGTACAGAGC-1_8"
"404","CTGAGGCGTTGTAAAG-1_8"
"405","CTGCATCAGGTAGGCT-1_8"
"406","CTGCCATGTTATCTGG-1_8"
"407","CTGGACGAGAGAGGGC-1_8"
"408","CTGGCAGGTGTCTTAG-1_8"
"409","CTGTACCAGCGCAATG-1_8"
"410","CTGTACCAGGCCTTCG-1_8"
"411","CTGTAGACACCCTAGG-1_8"
"412","CTGTAGAGTCGTATTG-1_8"
"413","CTGTCGTGTTTCACTT-1_8"
"414","CTGTGAACACGCTTAA-1_8"
"415","CTGTGAATCAGTGTCA-1_8"
"416","CTTACCGGTCGTTGCG-1_8"
"417","CTTACCGGTGTGCTTA-1_8"
"418","CTTACCGGTGTTCGAT-1_8"
"419","CTTACCGTCGAGTACT-1_8"
"420","CTTAGGACATACCATG-1_8"
"421","CTTCAATAGCTGTCCG-1_8"
"422","CTTCAATAGTGGATTA-1_8"
"423","CTTCCGATCGTCCTTG-1_8"
"424","CTTCCTTAGGGATCTG-1_8"
"425","CTTCTCTAGTTACGTC-1_8"
"426","CTTCTCTGTGAATTGA-1_8"
"427","CTTCTCTGTGTATACC-1_8"
"428","CTTGAGAGTTCGGGTC-1_8"
"429","CTTGAGATCTGCAGCG-1_8"
"430","CTTTCAAGTTACACAC-1_8"
"431","CTTTCAATCGAGAATA-1_8"
"432","CTTTCGGCAGTCAGTT-1_8"
"433","GAAACCTCAGCACGAA-1_8"
"434","GAAATGAAGTAGGATT-1_8"
"435","GAAATGACAAGCGCAA-1_8"
"436","GAAATGACATAAGATG-1_8"
"437","GAACACTAGCACCTGC-1_8"
"438","GAACACTAGGACAGCT-1_8"
"439","GAACTGTGTGAGTTTC-1_8"
"440","GAAGAATGTTGGCCTG-1_8"
"441","GAAGGACAGACCATAA-1_8"
"442","GAAGGGTTCCATCAGA-1_8"
"443","GAAGTAATCTGGGTCG-1_8"
"444","GAATCACCATATCTCT-1_8"
"445","GAATCGTCAACTGATC-1_8"
"446","GACACGCTCGTAGCTA-1_8"
"447","GACAGCCCAACCAATC-1_8"
"448","GACATCATCCGTGTCT-1_8"
"449","GACCAATAGAGTGACC-1_8"
"450","GACCCAGAGACTCGAG-1_8"
"451","GACCCAGAGCCAGTAG-1_8"
"452","GACCCAGAGGTCCTGC-1_8"
"453","GACCCAGGTAGGACTG-1_8"
"454","GACCCTTCATACATCG-1_8"
"455","GACCTTCAGTGTACCT-1_8"
"456","GACCTTCCAAAGGCGT-1_8"
"457","GACGCTGAGCACACAG-1_8"
"458","GACGTTACACCAGTTA-1_8"
"459","GACGTTAGTTACCTTT-1_8"
"460","GACGTTAGTTGCAACT-1_8"
"461","GACTATGTCCTTGACC-1_8"
"462","GAGACTTAGATTGATG-1_8"
"463","GAGACTTCACCTTCGT-1_8"
"464","GAGATGGGTATTCCGA-1_8"
"465","GAGCCTGAGAAGGGAT-1_8"
"466","GAGCCTGGTTTGAACC-1_8"
"467","GAGCCTGTCTTTGCAT-1_8"
"468","GAGCTGCAGGGAGGTG-1_8"
"469","GAGGCCTAGGTGCCTC-1_8"
"470","GAGTCATAGGTAAACT-1_8"
"471","GAGTCATAGTCCGCCA-1_8"
"472","GAGTCATCAGCCTTCT-1_8"
"473","GAGTCATCATTGGATC-1_8"
"474","GAGTCTATCTACGGGC-1_8"
"475","GAGTGAGGTGCACGCT-1_8"
"476","GAGTGTTAGAAGTATC-1_8"
"477","GAGTGTTGTGTTTACG-1_8"
"478","GAGTTACCAGGGTCTC-1_8"
"479","GAGTTGTCATCCTATT-1_8"
"480","GAGTTTGAGTAAATGC-1_8"
"481","GAGTTTGGTCTACACA-1_8"
"482","GATCCCTCAACATACC-1_8"
"483","GATCGTACAGTAGTGG-1_8"
"484","GATCGTAGTCGGTGTC-1_8"
"485","GATGACTAGACAGCGT-1_8"
"486","GATGACTAGCAGTCTT-1_8"
"487","GATGACTGTGCAGTGA-1_8"
"488","GATGACTTCCCATAAG-1_8"
"489","GATGATCCAATTGCAC-1_8"
"490","GATGCTACATCTAGAC-1_8"
"491","GATGGAGAGGGTAGCT-1_8"
"492","GATGGAGCAAGTATCC-1_8"
"493","GATTGGTTCAAAGGAT-1_8"
"494","GATTTCTCAGGTGACA-1_8"
"495","GATTTCTCAGTCGCAC-1_8"
"496","GATTTCTGTCCGATCG-1_8"
"497","GCAACATGTGTGATGG-1_8"
"498","GCAACCGGTAGTTACC-1_8"
"499","GCAACCGGTTGGATCT-1_8"
"500","GCACATAGTGTTAACC-1_8"
"501","GCACATAGTTGGGTAG-1_8"
"502","GCACGGTAGACCTTTG-1_8"
"503","GCACGGTAGGAACGAA-1_8"
"504","GCACGGTGTGTCCTAA-1_8"
"505","GCACGTGCAAATGAAC-1_8"
"506","GCACTAACACGCTTAA-1_8"
"507","GCAGCCAGTGCAACAG-1_8"
"508","GCAGGCTTCGAAATCC-1_8"
"509","GCAGGCTTCGAACGGA-1_8"
"510","GCATCGGCAGCGCTTG-1_8"
"511","GCATCTCCAATGAAAC-1_8"
"512","GCATGATAGAGGGTCT-1_8"
"513","GCATTAGCACTCTGCT-1_8"
"514","GCCAGCAGTGTATTCG-1_8"
"515","GCCAGCATCTGACGCG-1_8"
"516","GCCAGGTAGGCTTCCG-1_8"
"517","GCCAGTGAGGATATAC-1_8"
"518","GCCATGGCAGGGAATC-1_8"
"519","GCCCGAATCGAGAAGC-1_8"
"520","GCCGATGCAGGTAGTG-1_8"
"521","GCCGATGTCATTGAGC-1_8"
"522","GCCGTGATCACAGTGT-1_8"
"523","GCCTGTTAGTTGTAGA-1_8"
"524","GCGAGAAAGCATGCGA-1_8"
"525","GCGATCGCATAGAAAC-1_8"
"526","GCGGAAACAAGACCTT-1_8"
"527","GCGGAAACAGAGTCTT-1_8"
"528","GCGTGCAGTTCTTCAT-1_8"
"529","GCTACAATCACTCCGT-1_8"
"530","GCTACCTAGATGTAGT-1_8"
"531","GCTACCTCAGCGCGTT-1_8"
"532","GCTACCTTCACCGGTG-1_8"
"533","GCTCAAAAGTGCCGAA-1_8"
"534","GCTGAATGTACACTCA-1_8"
"535","GCTGGGTTCGAGTCTA-1_8"
"536","GCTTCACCAACGACTT-1_8"
"537","GCTTCACTCTTGAGCA-1_8"
"538","GCTTGGGGTCTGCGCA-1_8"
"539","GCTTTCGAGCTCTGTA-1_8"
"540","GGAACCCTCTCCCATG-1_8"
"541","GGAAGTGTCTAACGCA-1_8"
"542","GGAATCTGTGTTACTG-1_8"
"543","GGAATGGTCATCACAG-1_8"
"544","GGACGTCAGTGGTTCT-1_8"
"545","GGAGATGAGAAATGGG-1_8"
"546","GGAGATGAGTGATCGG-1_8"
"547","GGAGCAATCCACGTCT-1_8"
"548","GGAGGATAGCCTCTGG-1_8"
"549","GGCACGTAGTAGACCG-1_8"
"550","GGCACGTCAGCCATTA-1_8"
"551","GGCAGTCCAGGTCCCA-1_8"
"552","GGCAGTCGTCTGCAAT-1_8"
"553","GGCTGTGTCCGTGCGA-1_8"
"554","GGCTTTCCATCCTCAC-1_8"
"555","GGCTTTCTCACTCACC-1_8"
"556","GGCTTTCTCTATACTC-1_8"
"557","GGGACAAAGTTGCGCC-1_8"
"558","GGGACCTTCGGCAGTC-1_8"
"559","GGGACCTTCTTCTCAA-1_8"
"560","GGGAGATCAGAGTTGG-1_8"
"561","GGGAGATTCTCGGCTT-1_8"
"562","GGGAGTAGTCTGATAC-1_8"
"563","GGGATGACAGAACATA-1_8"
"564","GGGCCATCATATGAAG-1_8"
"565","GGGTATTCAGTGTGCC-1_8"
"566","GGGTATTCATGTGGCC-1_8"
"567","GGGTCACAGCCTTTCC-1_8"
"568","GGGTCACAGCTGAGCA-1_8"
"569","GGGTGAAAGCAAGCCA-1_8"
"570","GGGTTATAGACTCCGC-1_8"
"571","GGGTTATCAACGGGTA-1_8"
"572","GGGTTTAAGACATATG-1_8"
"573","GGGTTTAGTTACCCTC-1_8"
"574","GGTCTGGTCGTCGACG-1_8"
"575","GGTGAAGAGGTTCCGC-1_8"
"576","GGTGAAGTCTGTGCAA-1_8"
"577","GGTGGCTTCGCTCCTA-1_8"
"578","GGTGTCGAGGTCTACT-1_8"
"579","GGTGTCGAGTATAGAC-1_8"
"580","GGTGTCGGTTTACGAC-1_8"
"581","GGTGTCGTCGCCAATA-1_8"
"582","GGTTAACCACCGGTCA-1_8"
"583","GGTTCTCAGCAATTCC-1_8"
"584","GGTTCTCAGGAGAGTA-1_8"
"585","GGTTGTAAGTTGAAGT-1_8"
"586","GGTTGTATCATCTACT-1_8"
"587","GGTTGTATCCCAATAG-1_8"
"588","GTAACACAGCCTAGGA-1_8"
"589","GTAATCGTCAAAGGTA-1_8"
"590","GTAATGCGTGCATCTA-1_8"
"591","GTAATGCGTTGCTGAT-1_8"
"592","GTACAGTAGATGGGCT-1_8"
"593","GTAGAGGGTCCTACGG-1_8"
"594","GTAGAGGTCACGATCA-1_8"
"595","GTAGATCTCTGTCCGT-1_8"
"596","GTAGCTAGTTCAAACC-1_8"
"597","GTAGGTTCACGGTGCT-1_8"
"598","GTAGGTTTCGAGAACG-1_8"
"599","GTAGTACCATCGCTGG-1_8"
"600","GTAGTACGTGCTCGTG-1_8"
"601","GTATTGGCAGAATCGG-1_8"
"602","GTATTGGGTTGACGGA-1_8"
"603","GTATTGGTCGCGCTGA-1_8"
"604","GTATTTCAGTTAGAAC-1_8"
"605","GTCAAACGTTGCCAAT-1_8"
"606","GTCAAGTCAACAACAA-1_8"
"607","GTCAAGTTCGTGTGAT-1_8"
"608","GTCACGGAGCGGTATG-1_8"
"609","GTCACGGAGTATAGGT-1_8"
"610","GTCACGGCACGGGTAA-1_8"
"611","GTCACGGTCGACGCGT-1_8"
"612","GTCACGGTCTTCCACG-1_8"
"613","GTCACTCAGCAAGTGC-1_8"
"614","GTCAGCGAGGCTCCCA-1_8"
"615","GTCATTTTCAGGCGAA-1_8"
"616","GTCCACTAGCTTTCTT-1_8"
"617","GTCCCATCAACCGCTG-1_8"
"618","GTCCCATGTACGTAGG-1_8"
"619","GTCCTCAGTAGCTAAA-1_8"
"620","GTCGAATTCATAGACC-1_8"
"621","GTCGCGACATGGCTGC-1_8"
"622","GTCTACCGTTCTCTCG-1_8"
"623","GTCTGTCAGAAAGCGA-1_8"
"624","GTCTGTCTCGTCAACA-1_8"
"625","GTGAGCCCACAAATAG-1_8"
"626","GTGAGGACATCTATCT-1_8"
"627","GTGAGTTTCATTCCTA-1_8"
"628","GTGCACGGTATGCTAC-1_8"
"629","GTGCGTGAGACGAGCT-1_8"
"630","GTGCGTGCATTGTACG-1_8"
"631","GTGCTTCCATGACAGG-1_8"
"632","GTGGAAGCACATACGT-1_8"
"633","GTGGGAAAGCTCCCTT-1_8"
"634","GTGGGAACATACTTTC-1_8"
"635","GTGGGAACATTGACCA-1_8"
"636","GTGGGAATCGGAAGGT-1_8"
"637","GTGGTTAGTAACATGA-1_8"
"638","GTGGTTAGTGGTCCCA-1_8"
"639","GTGTCCTTCTTAGCTT-1_8"
"640","GTGTGATGTAACTGCT-1_8"
"641","GTGTGATTCACGATAC-1_8"
"642","GTGTGGCAGACTAAGT-1_8"
"643","GTGTGGCCAAACCGGA-1_8"
"644","GTGTGGCTCCAGGACC-1_8"
"645","GTGTTAGGTGAGATAT-1_8"
"646","GTGTTAGTCAGCCTTC-1_8"
"647","GTGTTCCGTCAACACT-1_8"
"648","GTTACCCAGCAAACAT-1_8"
"649","GTTACCCAGCAAGGAA-1_8"
"650","GTTACGACACTTGACA-1_8"
"651","GTTAGTGCAAGATTGA-1_8"
"652","GTTAGTGCAGACCCGT-1_8"
"653","GTTCGCTTCAGACCGC-1_8"
"654","GTTGAACGTCTAATCG-1_8"
"655","GTTGCGGAGGCTTCCG-1_8"
"656","GTTGCGGAGGGTAATT-1_8"
"657","GTTGCGGAGTACAGCG-1_8"
"658","GTTGCGGTCATGACAC-1_8"
"659","GTTGTGAGTAGAGGAA-1_8"
"660","GTTTGGAGTGTATACC-1_8"
"661","TAAGCACTCCCATACC-1_8"
"662","TAAGCGTAGAATCGTA-1_8"
"663","TAAGCGTCACAGTGTT-1_8"
"664","TAAGCGTGTGGACAGT-1_8"
"665","TAAGTCGAGAGCGACT-1_8"
"666","TACAACGTCAATCTTC-1_8"
"667","TACAACGTCCTACCAC-1_8"
"668","TACAACGTCTGGACTA-1_8"
"669","TACAGGTCACCGTCGA-1_8"
"670","TACAGGTGTAACCCTA-1_8"
"671","TACCCACCAACAAGAT-1_8"
"672","TACCGAAAGCTACTAC-1_8"
"673","TACCTCGTCTCAAAGC-1_8"
"674","TACCTGCCACTCTAGA-1_8"
"675","TACGCTCAGCGGTAGT-1_8"
"676","TACGGTAGTGGTACAG-1_8"
"677","TACTGCCTCACGATAC-1_8"
"678","TACTTACAGGTAAAGG-1_8"
"679","TACTTACCAATAGGAT-1_8"
"680","TACTTCACAATGCTCA-1_8"
"681","TACTTCATCAGTGATC-1_8"
"682","TACTTGTAGCGAATGC-1_8"
"683","TACTTGTAGGGTCAAC-1_8"
"684","TACTTGTCAACGGCTC-1_8"
"685","TAGACTGGTGAAGCTG-1_8"
"686","TAGACTGGTGAGCAGT-1_8"
"687","TAGAGTCAGCTCCACG-1_8"
"688","TAGAGTCTCTCTTCAA-1_8"
"689","TAGATCGAGAGGTGCT-1_8"
"690","TAGATCGGTCTCAGGC-1_8"
"691","TAGATCGTCCGCCTAT-1_8"
"692","TAGCACAGTGGGACAT-1_8"
"693","TAGGAGGGTTCTCGTC-1_8"
"694","TAGTGCATCAGTCAGT-1_8"
"695","TAGTGCATCAGTGTGT-1_8"
"696","TAGTGCATCATTGAGC-1_8"
"697","TATACCTAGGGTGAAA-1_8"
"698","TATACCTCATTCATCT-1_8"
"699","TATATCCGTATGAGAT-1_8"
"700","TATATCCGTCCTACAA-1_8"
"701","TATCGCCCAAACCGGA-1_8"
"702","TATCGCCGTCTCGGAC-1_8"
"703","TATCTTGCACGTAGAG-1_8"
"704","TATCTTGCAGACCTAT-1_8"
"705","TATGTTCAGAATTGCA-1_8"
"706","TATTCCAAGTCTTCCC-1_8"
"707","TATTCCACAGCGGTTC-1_8"
"708","TATTCCATCGCTCTCA-1_8"
"709","TATTGCTCACAGCTTA-1_8"
"710","TATTGCTTCGGCACTG-1_8"
"711","TATTGGGGTATTAAGG-1_8"
"712","TATTGGGGTGGTAATA-1_8"
"713","TATTTCGAGTCCCAGC-1_8"
"714","TCAAGACAGGTTAGTA-1_8"
"715","TCAAGCACAAATAGCA-1_8"
"716","TCAAGCAGTCTACATG-1_8"
"717","TCAAGCAGTGAGAACC-1_8"
"718","TCAAGTGCACTAGAGG-1_8"
"719","TCAAGTGTCGTTAGAC-1_8"
"720","TCAATCTAGACCATTC-1_8"
"721","TCAATCTGTCTCTCCA-1_8"
"722","TCAATTCAGTCGAAGC-1_8"
"723","TCAATTCTCACTCCGT-1_8"
"724","TCAATTCTCCATACTT-1_8"
"725","TCACAAGAGACTTAAG-1_8"
"726","TCACACCGTCCCGGTA-1_8"
"727","TCACGCTCACAGACGA-1_8"
"728","TCACGCTTCAGTGTTG-1_8"
"729","TCACTATCATTCACCC-1_8"
"730","TCAGCAACACCTCTAC-1_8"
"731","TCAGCCTCACTAACCA-1_8"
"732","TCAGCCTCATCCTGTC-1_8"
"733","TCAGGGCCACAGCCAC-1_8"
"734","TCAGGGCTCATCACTT-1_8"
"735","TCAGGTAAGTGTTCCA-1_8"
"736","TCAGTCCCAGCTTCGG-1_8"
"737","TCAGTCCGTTCCGCTT-1_8"
"738","TCAGTTTGTAGATTAG-1_8"
"739","TCATACTCAAAGGCGT-1_8"
"740","TCATACTGTGGGTATG-1_8"
"741","TCATCATCAATGCAGG-1_8"
"742","TCATCATCACGACTAT-1_8"
"743","TCATCATCATGAATCC-1_8"
"744","TCATCCGGTCCTCCTA-1_8"
"745","TCATGAGTCGTGGACC-1_8"
"746","TCATGCCAGGTACAGC-1_8"
"747","TCATGGATCCGTCACT-1_8"
"748","TCATTACAGCAATAAC-1_8"
"749","TCATTACAGTTTCGAC-1_8"
"750","TCATTACCACACTTAG-1_8"
"751","TCATTCATCCACAGCG-1_8"
"752","TCATTGTAGATGGTCG-1_8"
"753","TCATTTGAGCATGATA-1_8"
"754","TCCACGTGTCGACTTA-1_8"
"755","TCCATCGCACCAGTTA-1_8"
"756","TCCCACATCGAGAGCA-1_8"
"757","TCCCAGTCACTCTGCT-1_8"
"758","TCCCAGTGTGATGAAT-1_8"
"759","TCCCAGTTCCTCTCTT-1_8"
"760","TCCGATCCACCCTAGG-1_8"
"761","TCCTCCCTCGGTTCAA-1_8"
"762","TCCTCGAGTAATGATG-1_8"
"763","TCCTCTTAGGTCATTC-1_8"
"764","TCCTGCAGTTGTCTAG-1_8"
"765","TCCTTTCAGAGTTGTA-1_8"
"766","TCCTTTCAGTAGCCAG-1_8"
"767","TCGAAGTAGAAACACT-1_8"
"768","TCGAAGTAGCGACTGA-1_8"
"769","TCGAAGTTCGGCTTCT-1_8"
"770","TCGCAGGCACAGTATC-1_8"
"771","TCGCTCAAGTCATCGT-1_8"
"772","TCGCTCAGTTAGGAGC-1_8"
"773","TCGCTTGGTCTTTCAT-1_8"
"774","TCGGATATCCGTGTCT-1_8"
"775","TCGGGACAGTGTAGAT-1_8"
"776","TCGGGACCACAATCTG-1_8"
"777","TCGGGACTCCAGCTCT-1_8"
"778","TCGGGCAGTTTACGTG-1_8"
"779","TCGGGTGTCCGACAGC-1_8"
"780","TCGTCCAAGGCTCTCG-1_8"
"781","TCGTGCTTCATTGTTC-1_8"
"782","TCGTGGGAGTCATACC-1_8"
"783","TCTACATGTAGACGGT-1_8"
"784","TCTACATTCCTCATAT-1_8"
"785","TCTACCGAGTTGGAGC-1_8"
"786","TCTATCATCTGTGCGG-1_8"
"787","TCTCACGTCGCATAGT-1_8"
"788","TCTCAGCAGACGCCAA-1_8"
"789","TCTCCGAAGCGGATCA-1_8"
"790","TCTGGCTAGTCTAGCT-1_8"
"791","TCTGGCTAGTGCTACT-1_8"
"792","TCTGTCGCATATGGCT-1_8"
"793","TCTTCCTAGGACTGGT-1_8"
"794","TCTTCCTTCTAGGAAA-1_8"
"795","TCTTTGAGTCTAATCG-1_8"
"796","TGAACGTCAATTTCCT-1_8"
"797","TGAATGCAGAACGCGT-1_8"
"798","TGACAGTAGATTCGAA-1_8"
"799","TGACCCTTCCTTGAAG-1_8"
"800","TGACGCGCATCATGAC-1_8"
"801","TGACTCCCAAGTCGTT-1_8"
"802","TGAGACTCACAGTACT-1_8"
"803","TGAGACTCAGCGGTTC-1_8"
"804","TGAGACTCAGTTTGGT-1_8"
"805","TGAGACTGTGGTACAG-1_8"
"806","TGAGCGCCAGGCATGA-1_8"
"807","TGAGCGCTCTAAGCCA-1_8"
"808","TGAGGAGGTGCGGATA-1_8"
"809","TGAGGGACATGACTAC-1_8"
"810","TGAGGTTCAACTGAAA-1_8"
"811","TGAGGTTTCGCAATGT-1_8"
"812","TGATCAGCAGGCAATG-1_8"
"813","TGATCAGGTACAGTTC-1_8"
"814","TGATCTTCAGTACTAC-1_8"
"815","TGATCTTGTACAAACA-1_8"
"816","TGATGCAGTTGCCTAA-1_8"
"817","TGATGGTAGCCTCACG-1_8"
"818","TGATTTCTCTTGGAAC-1_8"
"819","TGCACGGAGATTGGGC-1_8"
"820","TGCACGGCAACTGAAA-1_8"
"821","TGCACGGTCTCTTGCG-1_8"
"822","TGCAGATTCGATTTCT-1_8"
"823","TGCAGTAAGGAGTACC-1_8"
"824","TGCAGTATCGACCACG-1_8"
"825","TGCATGAAGTACCATC-1_8"
"826","TGCATGACACAAGCTT-1_8"
"827","TGCATGAGTCTGCATA-1_8"
"828","TGCCGAGCATCCTATT-1_8"
"829","TGCGACGCAAAGAACT-1_8"
"830","TGCGATAAGGACAGCT-1_8"
"831","TGCTGAACAAGGTCAG-1_8"
"832","TGCTTCGTCCATGCAA-1_8"
"833","TGCTTGCCAACCGATT-1_8"
"834","TGCTTGCCAGCATTGT-1_8"
"835","TGGAGAGAGGATCACG-1_8"
"836","TGGAGAGCAGACCATT-1_8"
"837","TGGAGAGGTATGCGTT-1_8"
"838","TGGAGGAAGGCACGAT-1_8"
"839","TGGCGTGAGATACTGA-1_8"
"840","TGGCGTGAGCGTGAGT-1_8"
"841","TGGCGTGCAGAGTTCT-1_8"
"842","TGGGAAGCAAAGGTTA-1_8"
"843","TGGGAGAAGCGAACTG-1_8"
"844","TGGGAGATCCCGAGTG-1_8"
"845","TGGGATTCAGATGCGA-1_8"
"846","TGGGCGTTCGTAACAC-1_8"
"847","TGGGCTGAGATCACTC-1_8"
"848","TGGGCTGCACCACATA-1_8"
"849","TGGGCTGCAGGCTTGC-1_8"
"850","TGGTACACAACTCCCT-1_8"
"851","TGGTACATCGTCTAAG-1_8"
"852","TGGTAGTGTGAGCTCC-1_8"
"853","TGGTTAGAGGGTTGCA-1_8"
"854","TGGTTAGTCCGGTAGC-1_8"
"855","TGTAACGGTTACCCTC-1_8"
"856","TGTAAGCCAGGTGACA-1_8"
"857","TGTACAGAGGAATCGC-1_8"
"858","TGTACAGCAGAGGACT-1_8"
"859","TGTAGACAGGTAAGGA-1_8"
"860","TGTCCTGCAGGACAGT-1_8"
"861","TGTGATGCAACAGATA-1_8"
"862","TGTGATGTCCTCGATC-1_8"
"863","TGTGCGGCACGGTCTG-1_8"
"864","TGTGCGGGTCTTGTCC-1_8"
"865","TGTGCGGGTTTACTTC-1_8"
"866","TGTGGCGAGTAGTCTC-1_8"
"867","TGTTACTGTCGGTGAA-1_8"
"868","TGTTACTTCGAAGAAT-1_8"
"869","TGTTCATAGACTCGAG-1_8"
"870","TGTTCCGGTCTAACTG-1_8"
"871","TGTTCCGGTGACAGGT-1_8"
"872","TGTTCTAGTTGTCTAG-1_8"
"873","TGTTGAGCATGGCCCA-1_8"
"874","TGTTGAGGTATCGTGT-1_8"
"875","TGTTGAGGTGCATTAC-1_8"
"876","TGTTGAGTCACCTTAT-1_8"
"877","TGTTGGACAATTGAGA-1_8"
"878","TGTTGGACAATTGCGT-1_8"
"879","TGTTTGTTCGTGGACC-1_8"
"880","TTAATCCGTTATAGCC-1_8"
"881","TTACGCCGTCAAAGTA-1_8"
"882","TTACTGTGTGATAGAT-1_8"
"883","TTACTGTTCGTGCACG-1_8"
"884","TTAGGGTCATAGACTC-1_8"
"885","TTAGTCTAGATGGTCG-1_8"
"886","TTCAATCCAGATTAAG-1_8"
"887","TTCAATCGTAGCTGAG-1_8"
"888","TTCAATCGTCACTGAT-1_8"
"889","TTCAATCGTTAGAAAC-1_8"
"890","TTCACCGTCCATGCAA-1_8"
"891","TTCACCGTCGGTTGTA-1_8"
"892","TTCAGGACAGACATCT-1_8"
"893","TTCAGGAGTAATCAGA-1_8"
"894","TTCATGTTCAGGCGAA-1_8"
"895","TTCATGTTCCGTGACG-1_8"
"896","TTCATGTTCTTCCGTG-1_8"
"897","TTCATTGGTTGTCCCT-1_8"
"898","TTCATTGTCAGCCCAG-1_8"
"899","TTCCAATGTGGCATCC-1_8"
"900","TTCCAATTCTGAACGT-1_8"
"901","TTCCGGTAGGACACTG-1_8"
"902","TTCCGTGAGCCACTCG-1_8"
"903","TTCCGTGCAACCTATG-1_8"
"904","TTCCGTGCAGGCTACC-1_8"
"905","TTCCTAAGTTCGTAAC-1_8"
"906","TTCCTCTCAGCGTAGA-1_8"
"907","TTCCTCTTCAAATGAG-1_8"
"908","TTCCTTCGTATGCTTG-1_8"
"909","TTCGCTGAGACTTCGT-1_8"
"910","TTCGCTGCATTGCTGA-1_8"
"911","TTCGCTGTCTCCGCAT-1_8"
"912","TTCTAACCAATTGTGC-1_8"
"913","TTCTAACGTCGTATTG-1_8"
"914","TTCTAACTCCGGTTCT-1_8"
"915","TTCTAGTAGAAGTCCG-1_8"
"916","TTCTAGTAGTGGATAT-1_8"
"917","TTCTAGTGTCACTACA-1_8"
"918","TTCTCTCCATAGCTGT-1_8"
"919","TTCTTCCGTAGACGTG-1_8"
"920","TTCTTCCTCAATCGGT-1_8"
"921","TTCTTGAGTACTCCGG-1_8"
"922","TTCTTGATCAGCAGAG-1_8"
"923","TTGAGTGCATCTGTTT-1_8"
"924","TTGAGTGGTCTTGTCC-1_8"
"925","TTGATGGGTGAATTGA-1_8"
"926","TTGCATTCAAGAGGCT-1_8"
"927","TTGCGTCTCACAGTGT-1_8"
"928","TTGCTGCAGTCATGAA-1_8"
"929","TTGCTGCTCGATAACC-1_8"
"930","TTGGGATCAATGAACA-1_8"
"931","TTGGGCGGTTCGAGCC-1_8"
"932","TTGGTTTTCGAACGCC-1_8"
"933","TTGTGTTTCAAGCTTG-1_8"
"934","TTGTTCACATGACTTG-1_8"
"935","TTGTTTGGTTGCTGAT-1_8"
"936","TTGTTTGTCAATCCAG-1_8"
"937","TTGTTTGTCGTGGTAT-1_8"
"938","TTTACGTTCGACCCAG-1_8"
"939","TTTAGTCAGTGCTAGG-1_8"
"940","TTTCACAAGAGTCGAC-1_8"
"941","TTTCACAAGCCAAGCA-1_8"
"942","TTTCAGTGTTCGAGCC-1_8"
"943","TTTCATGTCAGCTGAT-1_8"
"944","TTTCGATTCCCAAGTA-1_8"
"945","TTTGACTAGCTAGCCC-1_8"
"946","TTTGATCCACTGGCGT-1_8"
"947","TTTGGAGCATCCGTGG-1_8"
"948","TTTGGAGGTCCAAATC-1_8"
