"","x"
"1","AAACGAACACAATGTC-1_6"
"2","AAAGGATGTCGCACAC-1_6"
"3","AACAAAGCACGTTCGG-1_6"
"4","AACCAACGTGTGACCC-1_6"
"5","AACCTGAGTGTGGACA-1_6"
"6","AACGAAAGTCCGGTGT-1_6"
"7","AAGCCATCAGAAATTG-1_6"
"8","AAGCCATTCCCGAGGT-1_6"
"9","AATTTCCTCATACGAC-1_6"
"10","ACACCAAGTTACAGCT-1_6"
"11","ACAGAAACAATAGTAG-1_6"
"12","ACAGAAACACCGTACG-1_6"
"13","ACAGCCGCAGACCATT-1_6"
"14","ACCTGAACAGCGCGTT-1_6"
"15","ACGATGTGTCTGTCAA-1_6"
"16","ACGTAGTGTCTTGCTC-1_6"
"17","ACGTTCCTCTGCCTCA-1_6"
"18","ACTCCCAAGCCAAGCA-1_6"
"19","ACTCTCGTCTCTGCCA-1_6"
"20","ACTGTGAAGGATACCG-1_6"
"21","ACTGTGAGTCTGTGCG-1_6"
"22","ACTTCCGTCTCTTCAA-1_6"
"23","AGAACAAAGTAAACGT-1_6"
"24","AGAACCTAGACGTCCC-1_6"
"25","AGACAAAGTCGTATGT-1_6"
"26","AGATCGTCATACCAGT-1_6"
"27","AGATGAACAGTGTATC-1_6"
"28","AGCGTATCACTCCTTG-1_6"
"29","AGGACGAGTCAACCAT-1_6"
"30","AGGACGAGTGACAACG-1_6"
"31","AGGACTTGTGTCTTCC-1_6"
"32","AGGACTTTCCCTTGGT-1_6"
"33","AGGCATTGTCGTATTG-1_6"
"34","AGGCCACTCACTGAAC-1_6"
"35","AGGCTGCTCAGCAGAG-1_6"
"36","AGGGTCCAGGCGAAGG-1_6"
"37","AGGTAGGAGAATAACC-1_6"
"38","AGGTAGGTCATAGACC-1_6"
"39","AGGTCTACACGGTGTC-1_6"
"40","AGTAGTCCATGCTGCG-1_6"
"41","ATAGACCCATGGCCAC-1_6"
"42","ATAGACCTCGGTAGAG-1_6"
"43","ATAGAGAGTGCAATGG-1_6"
"44","ATCACAGGTAGGTCAG-1_6"
"45","ATCCCTGTCAATCCAG-1_6"
"46","ATCGCCTTCGTCAACA-1_6"
"47","ATCGGATCACGAGGAT-1_6"
"48","ATGATCGTCTCCCTAG-1_6"
"49","ATGGAGGTCAACACGT-1_6"
"50","ATGGAGGTCTTCGCTG-1_6"
"51","ATGGGAGCAGCTTCGG-1_6"
"52","ATGTCCCTCGGCCAAC-1_6"
"53","ATTATCCCAGCCTTCT-1_6"
"54","CAAAGAACAGAGGTTG-1_6"
"55","CAACAGTAGTCGGCAA-1_6"
"56","CAACCAATCGGCAGTC-1_6"
"57","CAAGACTAGCACGATG-1_6"
"58","CACGTGGCACTCCGGA-1_6"
"59","CAGATACAGGCACTCC-1_6"
"60","CAGATCACAATCGAAA-1_6"
"61","CAGATTGTCCCGTGAG-1_6"
"62","CAGCAGCAGTTGCGAG-1_6"
"63","CAGCCAGAGGACAGCT-1_6"
"64","CAGCCAGCAGGTGTGA-1_6"
"65","CAGGCCAGTTCCGGTG-1_6"
"66","CAGTTCCAGGCTAAAT-1_6"
"67","CATAAGCTCTTCGTGC-1_6"
"68","CATCGGGAGCAGTAAT-1_6"
"69","CATTGAGAGATGCGAC-1_6"
"70","CATTGAGCAACGTATC-1_6"
"71","CATTGTTCAGTATGAA-1_6"
"72","CCATAAGCAGCGCTTG-1_6"
"73","CCATCACCAGTATGAA-1_6"
"74","CCATCACGTGACCTGC-1_6"
"75","CCCTCTCCACTTGTGA-1_6"
"76","CCGAACGCAGAAGTTA-1_6"
"77","CCTCAACAGTCGGGAT-1_6"
"78","CCTCAACGTACGGGAT-1_6"
"79","CCTGCATCAACGTTAC-1_6"
"80","CCTGTTGTCTCCTGAC-1_6"
"81","CGACAGCAGTGAGGTC-1_6"
"82","CGCAGGTAGGCTGGAT-1_6"
"83","CGCCAGAGTGAAAGTT-1_6"
"84","CGTTGGGAGAGGCGTT-1_6"
"85","CTACAGACACTACCGG-1_6"
"86","CTACAGAGTCACGTGC-1_6"
"87","CTACAGAGTCTTGCGG-1_6"
"88","CTAGGTACATGCGTGC-1_6"
"89","CTCAATTCATGTGACT-1_6"
"90","CTCAGAAGTTTGACAC-1_6"
"91","CTGCGAGCACCACATA-1_6"
"92","CTGGCAGTCCTTACCG-1_6"
"93","CTTGATTAGGGTCTTT-1_6"
"94","CTTTCGGCAACTCCAA-1_6"
"95","GAACACTTCCCTCAAC-1_6"
"96","GAAGTAATCTGGGCAC-1_6"
"97","GACCCTTTCTACGGTA-1_6"
"98","GACCTTCAGAAGCCTG-1_6"
"99","GACGTTACACCCTGAG-1_6"
"100","GACTCTCAGGATATAC-1_6"
"101","GAGCTGCTCGATTGGT-1_6"
"102","GAGTCTATCTGCATAG-1_6"
"103","GAGTGAGTCGCGCTGA-1_6"
"104","GAGTTGTCATGACAGG-1_6"
"105","GAGTTTGGTGCCCTTT-1_6"
"106","GATAGCTTCGTTGCCT-1_6"
"107","GATGACTAGACGCCCT-1_6"
"108","GATGACTCACGGCACT-1_6"
"109","GCAACCGAGAAAGTCT-1_6"
"110","GCATCTCAGACTCTAC-1_6"
"111","GCCAACGAGTCCCGGT-1_6"
"112","GCCAGCAGTATGCTAC-1_6"
"113","GCCAGGTAGTTAACAG-1_6"
"114","GCCAGGTGTTTGTTCT-1_6"
"115","GCCATGGTCTTCTAAC-1_6"
"116","GCCCGAAGTTCCACAA-1_6"
"117","GCCGTGATCGAAGCAG-1_6"
"118","GCGTTTCAGGGACACT-1_6"
"119","GCTACAATCACACGAT-1_6"
"120","GCTGGGTAGGCGTTGA-1_6"
"121","GGACGTCCAATTGAAG-1_6"
"122","GGCACGTCACTAGAGG-1_6"
"123","GGCGTCAAGGCATGGT-1_6"
"124","GGGACAAGTAACAGTA-1_6"
"125","GGGACCTAGCGCATCC-1_6"
"126","GGGACTCCAGCACGAA-1_6"
"127","GGGATCCGTGTCCCTT-1_6"
"128","GGGCCATAGGCTCACC-1_6"
"129","GGGCCATGTCGTATTG-1_6"
"130","GGGTGAAGTTGTGCCG-1_6"
"131","GGTGTCGAGGATACCG-1_6"
"132","GTAACACAGATCCAAA-1_6"
"133","GTAACACTCCATAGGT-1_6"
"134","GTAATCGAGAATAACC-1_6"
"135","GTAGAAAGTCAACGCC-1_6"
"136","GTAGGTTCAGTGAGCA-1_6"
"137","GTATTGGAGTTGCCTA-1_6"
"138","GTCAGCGTCACTTCTA-1_6"
"139","GTGTGATAGTGCGTCC-1_6"
"140","GTGTTCCTCTCGCTCA-1_6"
"141","GTTACAGAGGCCGCTT-1_6"
"142","GTTACGATCACTTCTA-1_6"
"143","GTTATGGTCGCAGATT-1_6"
"144","GTTCGCTGTCACGACC-1_6"
"145","GTTGCGGCAGGTTCCG-1_6"
"146","GTTGTGAGTTCCCACT-1_6"
"147","TACATTCTCTGTCGCT-1_6"
"148","TACCTCGAGGTGCTTT-1_6"
"149","TAGCACAGTGTTGATC-1_6"
"150","TATGTTCGTTTGAACC-1_6"
"151","TCAAGCAAGCATGAAT-1_6"
"152","TCAAGTGGTACTAAGA-1_6"
"153","TCAATCTTCTCTCTAA-1_6"
"154","TCACACCCACTTTAGG-1_6"
"155","TCACTCGCACTCCACT-1_6"
"156","TCAGCCTCACATACTG-1_6"
"157","TCATATCCACGTCATA-1_6"
"158","TCATGAGGTACGATGG-1_6"
"159","TCATGGAAGCTAGATA-1_6"
"160","TCCACCACATCCTATT-1_6"
"161","TCCATCGTCCGAGTGC-1_6"
"162","TCCCACATCGCGGTAC-1_6"
"163","TCCTCCCGTATTGGCT-1_6"
"164","TCCTGCACATAATCCG-1_6"
"165","TCCTTTCAGCTTAAGA-1_6"
"166","TCCTTTCAGTACTCGT-1_6"
"167","TCCTTTCGTTGTATGC-1_6"
"168","TCGACGGGTTAAACCC-1_6"
"169","TCGCTTGCAACCGGAA-1_6"
"170","TCTATACGTGAGAGGG-1_6"
"171","TCTCAGCGTACCGGAA-1_6"
"172","TCTGCCAGTGTTGCCG-1_6"
"173","TCTTGCGGTCTACGTA-1_6"
"174","TGACCCTTCCATATGG-1_6"
"175","TGACTCCAGCTGTGCC-1_6"
"176","TGAGGTTTCGTCGATA-1_6"
"177","TGCACGGCACTACACA-1_6"
"178","TGCAGGCCACCATATG-1_6"
"179","TGCTTGCAGGTTCTAC-1_6"
"180","TGGGAAGTCACAGAGG-1_6"
"181","TGGTTAGTCTTCTCAA-1_6"
"182","TGTAAGCAGTCAACAA-1_6"
"183","TGTCAGACAGCGCGTT-1_6"
"184","TGTTCATAGCAGCCCT-1_6"
"185","TGTTTGTGTATTGCCA-1_6"
"186","TTACAGGTCGACCACG-1_6"
"187","TTAGGCATCGCCAGAC-1_6"
"188","TTCAGGAAGCCGTCGT-1_6"
"189","TTCATGTCATTGAGCT-1_6"
"190","TTCCTTCCAGCAATTC-1_6"
"191","TTCTAACGTCGGTGTC-1_6"
"192","TTCTCTCGTAACGTTC-1_6"
"193","TTCTTCCTCTGCCTGT-1_6"
"194","TTGCATTAGCAAATCA-1_6"
"195","TTGCGTCAGAGGTTAT-1_6"
"196","TTGCGTCTCTCGCTTG-1_6"
"197","TTGGGCGCAGCTGTTA-1_6"
"198","TTGGGTACACCTGTCT-1_6"
"199","TTGGTTTGTGATAGTA-1_6"
"200","TTGGTTTTCTTTGCGC-1_6"
"201","TTGTTGTCAAGTGACG-1_6"
"202","TTGTTTGGTATGAGCG-1_6"
"203","TTTACCACAATAGTAG-1_6"
"204","TTTCATGTCGATGGAG-1_6"
"205","TTTGACTTCTCTGCCA-1_6"
