"","x"
"1","AAACCCACAATCAGCT-1_10"
"2","AAACCCATCGGTCGAC-1_10"
"3","AAACGAATCGCGTCGA-1_10"
"4","AAACGCTCATAAGCAA-1_10"
"5","AAAGAACTCTACTTCA-1_10"
"6","AAAGGTAGTTGCTCCT-1_10"
"7","AAAGTCCCAGAACATA-1_10"
"8","AAAGTGAGTCACCCTT-1_10"
"9","AAATGGAGTATACGGG-1_10"
"10","AACAAAGAGCAAGTCG-1_10"
"11","AACAAAGCAGGTTCAT-1_10"
"12","AACAACCAGGATACAT-1_10"
"13","AACAAGAGTATACGGG-1_10"
"14","AACACACTCTGGACCG-1_10"
"15","AACAGGGCAGGTCCCA-1_10"
"16","AACAGGGGTTAGGACG-1_10"
"17","AACCAACGTGCAACGA-1_10"
"18","AACCAACGTTTCGTTT-1_10"
"19","AACCAACTCACCATGA-1_10"
"20","AACCACAGTAGATTAG-1_10"
"21","AACCATGCAGGTACGA-1_10"
"22","AACCCAAGTAGTCGTT-1_10"
"23","AACCTGAAGATTAGAC-1_10"
"24","AACGTCAAGTACAGAT-1_10"
"25","AACGTCATCATTTACC-1_10"
"26","AACTTCTCACGCAAAG-1_10"
"27","AACTTCTTCGATTGAC-1_10"
"28","AAGAACAGTCAGTCCG-1_10"
"29","AAGACTCAGTGACACG-1_10"
"30","AAGACTCCATGACGGA-1_10"
"31","AAGACTCGTCGTTGCG-1_10"
"32","AAGATAGAGGTAGGCT-1_10"
"33","AAGCATCAGATTTGCC-1_10"
"34","AAGCGAGAGCGCCCAT-1_10"
"35","AAGCGTTAGACTCTAC-1_10"
"36","AAGCGTTAGGTAGCCA-1_10"
"37","AAGTACCTCTAGCAAC-1_10"
"38","AAGTCGTAGTTCCATG-1_10"
"39","AAGTGAAAGGTCCGAA-1_10"
"40","AAGTGAATCAGTCTTT-1_10"
"41","AATAGAGTCTGTCAGA-1_10"
"42","AATCGACTCGGAGCAA-1_10"
"43","AATGAAGGTGACTGAG-1_10"
"44","AATGCCAGTCCGGTCA-1_10"
"45","AATTCCTCACAAGGTG-1_10"
"46","AATTTCCGTGAGAACC-1_10"
"47","ACAACCATCGGCTCTT-1_10"
"48","ACACAGTCAATTGAGA-1_10"
"49","ACAGAAAAGCGCAATG-1_10"
"50","ACAGAAAAGTATGAAC-1_10"
"51","ACCACAAGTCTTGAGT-1_10"
"52","ACCACAAGTTTCTATC-1_10"
"53","ACCATTTCACCAGGTC-1_10"
"54","ACCCTTGAGGCGAAGG-1_10"
"55","ACCCTTGTCTGAATCG-1_10"
"56","ACCGTTCGTTGCCGCA-1_10"
"57","ACCGTTCGTTGTGTAC-1_10"
"58","ACCTACCTCCGGCTTT-1_10"
"59","ACGCACGAGCTCTTCC-1_10"
"60","ACGCACGGTCGACGCT-1_10"
"61","ACGTAACAGCATCCCG-1_10"
"62","ACGTACACATTGTAGC-1_10"
"63","ACGTAGTAGCAGCGAT-1_10"
"64","ACGTAGTGTACTCGCG-1_10"
"65","ACGTAGTGTTAGGGTG-1_10"
"66","ACGTCCTAGCCGAATG-1_10"
"67","ACGTCCTTCCCTTCCC-1_10"
"68","ACTGTGAGTGCATTAC-1_10"
"69","ACTTAGGCAGATTAAG-1_10"
"70","ACTTATCAGACGTCCC-1_10"
"71","ACTTCGCCAGCTCTGG-1_10"
"72","AGAAATGAGTCCTGCG-1_10"
"73","AGAACAACATAATGAG-1_10"
"74","AGAACAAGTTCGTTCC-1_10"
"75","AGAAGCGGTACCTTCC-1_10"
"76","AGACAAAAGTAAGAGG-1_10"
"77","AGACACTCAAACTAGA-1_10"
"78","AGACACTCACGCCAGT-1_10"
"79","AGACCATCAGGACTTT-1_10"
"80","AGACCATGTTCTCCCA-1_10"
"81","AGACCCGTCCATATGG-1_10"
"82","AGACTCAAGTACTCGT-1_10"
"83","AGACTCACATGACCCG-1_10"
"84","AGAGAATCAGCGTGAA-1_10"
"85","AGAGAATCATTAAAGG-1_10"
"86","AGAGAATGTCCAAATC-1_10"
"87","AGAGCAGGTCCTCCTA-1_10"
"88","AGATGAAGTCCTACAA-1_10"
"89","AGATGCTCACGAAGAC-1_10"
"90","AGCATCAGTACGACTT-1_10"
"91","AGCATCATCCGGTAGC-1_10"
"92","AGCCACGAGTCTGTAC-1_10"
"93","AGCCACGCAAGGTCTT-1_10"
"94","AGCCACGGTTATGTCG-1_10"
"95","AGCCACGTCTCCGTGT-1_10"
"96","AGCGCTGAGAGCCGAT-1_10"
"97","AGCGTATCAACGAGGT-1_10"
"98","AGCGTATCAAGTCCCG-1_10"
"99","AGCTACACAGAAGCGT-1_10"
"100","AGCTTCCGTTCGTACA-1_10"
"101","AGCTTCCTCTGCGATA-1_10"
"102","AGGAATACATGTTTGG-1_10"
"103","AGGACTTTCATGTCAG-1_10"
"104","AGGAGGTGTGAGTAAT-1_10"
"105","AGGATAAGTGACGTCC-1_10"
"106","AGGATCTAGCCTTGAT-1_10"
"107","AGGCATTGTTTGTTCT-1_10"
"108","AGGGCCTAGATTAGCA-1_10"
"109","AGGGTCCCAGTCTGGC-1_10"
"110","AGGGTGAAGCACTCGC-1_10"
"111","AGGGTTTCAAAGGAGA-1_10"
"112","AGGTAGGCATGAGTAA-1_10"
"113","AGGTCATCACCTCTGT-1_10"
"114","AGGTCATCATTCTCTA-1_10"
"115","AGGTCATGTGACGTCC-1_10"
"116","AGGTCATTCCTACAAG-1_10"
"117","AGGTCATTCGTGGCTG-1_10"
"118","AGGTCTACACCTGCAG-1_10"
"119","AGGTTACTCCGTATGA-1_10"
"120","AGTAGCTTCCTTATCA-1_10"
"121","AGTAGTCAGGAAGTCC-1_10"
"122","AGTCAACCAACTCATG-1_10"
"123","AGTCACATCAGAGCGA-1_10"
"124","AGTCATGCAATTAGGA-1_10"
"125","AGTCATGTCCTGCTAC-1_10"
"126","AGTCTCCCACAGAAGC-1_10"
"127","AGTGTTGTCGTTATCT-1_10"
"128","AGTTCCCAGATGCTGG-1_10"
"129","AGTTCCCGTGATACTC-1_10"
"130","AGTTCCCTCGTTCTGC-1_10"
"131","ATACTTCCAAGTGCAG-1_10"
"132","ATAGACCTCCTTGAAG-1_10"
"133","ATAGAGACATTCACCC-1_10"
"134","ATAGAGATCCGCATAA-1_10"
"135","ATAGAGATCGACATTG-1_10"
"136","ATAGAGATCGATTCCC-1_10"
"137","ATAGGCTAGCAGGCAT-1_10"
"138","ATAGGCTTCATTCATC-1_10"
"139","ATATCCTTCCGAGCTG-1_10"
"140","ATCACAGGTATGAGGC-1_10"
"141","ATCACGACATATCTCT-1_10"
"142","ATCACGATCCAGTTCC-1_10"
"143","ATCACTTAGATCGGTG-1_10"
"144","ATCACTTTCGGCCTTT-1_10"
"145","ATCATTCAGGTCGTGA-1_10"
"146","ATCATTCCAAATGAGT-1_10"
"147","ATCCACCTCATGACAC-1_10"
"148","ATCCATTCACCAATTG-1_10"
"149","ATCCATTGTTAGCTAC-1_10"
"150","ATCCGTCAGATGCAGC-1_10"
"151","ATCGCCTAGCTTCTAG-1_10"
"152","ATCGGATGTAGATTAG-1_10"
"153","ATCGGATGTGGCCACT-1_10"
"154","ATCGTAGTCCTATTTG-1_10"
"155","ATCGTCCTCCCTCGTA-1_10"
"156","ATGAAAGGTGTCATCA-1_10"
"157","ATGACCACATACTTTC-1_10"
"158","ATGACCAGTGCAATGG-1_10"
"159","ATGAGGGGTTATCCAG-1_10"
"160","ATGAGGGTCACCTCAC-1_10"
"161","ATGATCGCATTACTCT-1_10"
"162","ATGATCGGTGTTATCG-1_10"
"163","ATGCGATCATCCGGCA-1_10"
"164","ATGGATCGTACAAAGT-1_10"
"165","ATGTCCCTCATTGAGC-1_10"
"166","ATTACCTCAGGCCTGT-1_10"
"167","ATTACTCCAAATCGGG-1_10"
"168","ATTACTCTCCGGCAGT-1_10"
"169","ATTCACTGTGCAGATG-1_10"
"170","ATTCATCAGTTTCGGT-1_10"
"171","ATTCATCCAGGCTTGC-1_10"
"172","ATTCCATCATGTAACC-1_10"
"173","ATTCCATGTGCTATTG-1_10"
"174","ATTCGTTAGAGGTTTA-1_10"
"175","ATTCGTTCAAGTGTCT-1_10"
"176","ATTCGTTGTTGAGTCT-1_10"
"177","ATTTACCCAGCTGTAT-1_10"
"178","ATTTACCGTCCGATCG-1_10"
"179","ATTTCTGGTCTCGGAC-1_10"
"180","CAAAGAACATGTGACT-1_10"
"181","CAAAGAATCGCAGAGA-1_10"
"182","CAACAGTCATAGATCC-1_10"
"183","CAACAGTGTGAGGCAT-1_10"
"184","CAACGATGTTGCTAGT-1_10"
"185","CAACGGCCACCATAAC-1_10"
"186","CAAGACTAGGAGATAG-1_10"
"187","CAAGCTATCGAGAAAT-1_10"
"188","CAAGGGACATGTTTGG-1_10"
"189","CACAACAAGGTACAGC-1_10"
"190","CACAACACAAGAGTGC-1_10"
"191","CACAACAGTGCTCGTG-1_10"
"192","CACACAAAGGAAACGA-1_10"
"193","CACAGATGTGGGAGAG-1_10"
"194","CACATGAAGGCACTCC-1_10"
"195","CACATGAAGGCTAGCA-1_10"
"196","CACCGTTAGAGCACTG-1_10"
"197","CACCGTTGTAGCTGTT-1_10"
"198","CACCGTTGTAGGCTGA-1_10"
"199","CACCGTTGTGCACGCT-1_10"
"200","CACTGAAGTGAGCCAA-1_10"
"201","CACTGGGTCGATTTCT-1_10"
"202","CACTGTCAGGCATCTT-1_10"
"203","CAGAGCCCACTCATAG-1_10"
"204","CAGAGCCCACTGAGTT-1_10"
"205","CAGAGCCCATAGCACT-1_10"
"206","CAGAGCCCATCACAGT-1_10"
"207","CAGATTGCAGGTTTAC-1_10"
"208","CAGCAATAGGAACATT-1_10"
"209","CAGCACGAGCACCGAA-1_10"
"210","CAGCACGTCTCTCTTC-1_10"
"211","CAGCAGCAGCGCTTCG-1_10"
"212","CAGCGTGAGGAGGCAG-1_10"
"213","CAGGGCTAGTGCCGAA-1_10"
"214","CAGGGCTGTACGGATG-1_10"
"215","CAGGTATAGATTCGAA-1_10"
"216","CAGTTAGCAACCGTGC-1_10"
"217","CATAAGCTCCATCACC-1_10"
"218","CATACTTAGATACAGT-1_10"
"219","CATACTTAGTCAAGCG-1_10"
"220","CATAGACAGATCCTAC-1_10"
"221","CATAGACTCCTTGAAG-1_10"
"222","CATCCACCATCCGAGC-1_10"
"223","CATCCCACAAATACGA-1_10"
"224","CATCGGGAGGGAGAAT-1_10"
"225","CATGAGTTCTGAGATC-1_10"
"226","CATGCAAAGTTCGGTT-1_10"
"227","CATGCGGGTTTCTTAC-1_10"
"228","CATGCGGTCGCTATTT-1_10"
"229","CATGCTCAGCAACTCT-1_10"
"230","CATGGTACAACTGCTA-1_10"
"231","CATGGTACAATCCTAG-1_10"
"232","CATTGAGCAGTCGCTG-1_10"
"233","CATTGAGTCTTCGTAT-1_10"
"234","CATTGTTAGCATATGA-1_10"
"235","CCAATGACAATTTCGG-1_10"
"236","CCACAAACAGAGTCAG-1_10"
"237","CCACAAAGTCCAACGC-1_10"
"238","CCACGAGGTCGTACTA-1_10"
"239","CCACGAGGTTATGTGC-1_10"
"240","CCACTTGCAAAGGCTG-1_10"
"241","CCATAAGCAGATTAAG-1_10"
"242","CCATAAGCAGTCTTCC-1_10"
"243","CCATAAGTCCGTGACG-1_10"
"244","CCATCACGTTGCATGT-1_10"
"245","CCCAACTCAAACTGCT-1_10"
"246","CCCAACTCATCGCTCT-1_10"
"247","CCCAACTGTACGCTTA-1_10"
"248","CCCATTGGTCCCGTGA-1_10"
"249","CCCGGAAAGCACGATG-1_10"
"250","CCCTAACCAAAGAACT-1_10"
"251","CCCTCAAGTGCTCCGA-1_10"
"252","CCCTGATGTAGACAAT-1_10"
"253","CCCTTAGTCCTTCGAC-1_10"
"254","CCGAACGGTTAAACAG-1_10"
"255","CCGATGGGTCAGGTAG-1_10"
"256","CCGCAAGGTATTTCGG-1_10"
"257","CCGGTGACAAGTAGTA-1_10"
"258","CCGGTGAGTGGTCCCA-1_10"
"259","CCGTTCATCAGCTCTC-1_10"
"260","CCTAACCCACTCTCGT-1_10"
"261","CCTAACCTCAGTCCGG-1_10"
"262","CCTAAGAGTGGGTATG-1_10"
"263","CCTAAGATCGTTCAGA-1_10"
"264","CCTACGTTCATCGCAA-1_10"
"265","CCTCAACCACTATCGA-1_10"
"266","CCTCATGTCGTGGTAT-1_10"
"267","CCTCCTCGTGGCAACA-1_10"
"268","CCTCTCCCACCTTCCA-1_10"
"269","CCTGCATCATTGACAC-1_10"
"270","CCTGCATGTCGCTTAA-1_10"
"271","CCTGTTGCAGTTTCGA-1_10"
"272","CCTGTTGGTAAGATCA-1_10"
"273","CCTGTTGGTCATTGCA-1_10"
"274","CCTGTTGGTTGAGTCT-1_10"
"275","CCTTCAGTCAGACAAA-1_10"
"276","CCTTTGGTCAGACAAA-1_10"
"277","CGAAGTTCACGGTAGA-1_10"
"278","CGAATTGTCGTTCAGA-1_10"
"279","CGACAGCAGGTAACTA-1_10"
"280","CGACAGCGTAACGTTC-1_10"
"281","CGAGGAACATGTACGT-1_10"
"282","CGAGGAAGTCGGTGAA-1_10"
"283","CGAGTGCAGCAACAAT-1_10"
"284","CGAGTGCAGGGCAGTT-1_10"
"285","CGAGTTACATCCTAAG-1_10"
"286","CGATGCGGTTCGGGTC-1_10"
"287","CGCAGGTTCGTAGCTA-1_10"
"288","CGCATGGCACCCTCTA-1_10"
"289","CGCCAGAAGGTCGTGA-1_10"
"290","CGGAATTCAACACGTT-1_10"
"291","CGGAATTCATGCGGTC-1_10"
"292","CGGAATTTCTCGCTTG-1_10"
"293","CGGACACAGCTACTAC-1_10"
"294","CGGACACGTCGAGCAA-1_10"
"295","CGGACACTCGTTATCT-1_10"
"296","CGGAGAACATGGCCAC-1_10"
"297","CGGAGAATCGGCTGGT-1_10"
"298","CGGCAGTCACCAAATC-1_10"
"299","CGGGCATCAATTCTCT-1_10"
"300","CGGGTCATCTTACTGT-1_10"
"301","CGTAAGTAGCCAGAGT-1_10"
"302","CGTAAGTCACAAGGTG-1_10"
"303","CGTAATGTCCTTCACG-1_10"
"304","CGTAGTAGTAATGCTC-1_10"
"305","CGTAGTATCTGTCGCT-1_10"
"306","CGTCAAAAGACCATTC-1_10"
"307","CGTCAAATCCTATGGA-1_10"
"308","CGTGCTTAGCCGGAAT-1_10"
"309","CGTTAGACACCCTAGG-1_10"
"310","CGTTCTGAGACTCGAG-1_10"
"311","CGTTGGGGTAGGGAGG-1_10"
"312","CTAACCCAGACGGTCA-1_10"
"313","CTAACTTCAATAGGAT-1_10"
"314","CTAAGTGAGAAGGATG-1_10"
"315","CTAAGTGCATAAGCGG-1_10"
"316","CTAAGTGTCCGAGGCT-1_10"
"317","CTACAGACAAGCCATT-1_10"
"318","CTACAGAGTGCTATTG-1_10"
"319","CTACATTTCGCCGAGT-1_10"
"320","CTACCCATCCCAGGCA-1_10"
"321","CTACCTGAGCAACCAG-1_10"
"322","CTACCTGCAAGAATAC-1_10"
"323","CTACCTGCAGCTGTAT-1_10"
"324","CTACCTGGTAAGGTCG-1_10"
"325","CTAGACACAGTCGAGA-1_10"
"326","CTAGACATCAGAACCT-1_10"
"327","CTAGGTACAACAGTGG-1_10"
"328","CTATAGGAGATACGAT-1_10"
"329","CTATAGGCAGTCTGGC-1_10"
"330","CTATCCGCACAATTCG-1_10"
"331","CTCAATTGTTGTCCCT-1_10"
"332","CTCAGAATCGTACCTC-1_10"
"333","CTCAGGGAGTACCCTA-1_10"
"334","CTCAGGGTCCGGCAAC-1_10"
"335","CTCAGTCGTGGAATGC-1_10"
"336","CTCATCGCAGTCTGGC-1_10"
"337","CTCATGCCACTTCAAG-1_10"
"338","CTCATTATCCCATAGA-1_10"
"339","CTCCATGGTCTCTCCA-1_10"
"340","CTCCCAACAGTGACCC-1_10"
"341","CTCCCTCGTAGTCGGA-1_10"
"342","CTCCTCCGTACAGCGA-1_10"
"343","CTCCTTTTCATTCGTT-1_10"
"344","CTCTCAGGTAAGATAC-1_10"
"345","CTCTCGAAGCGAGGAG-1_10"
"346","CTCTGGTAGCAGATAT-1_10"
"347","CTGAATGCACCAAATC-1_10"
"348","CTGAATGGTCCTCCTA-1_10"
"349","CTGAGGCAGTGGTTCT-1_10"
"350","CTGAGGCCACTGCATA-1_10"
"351","CTGATCCCATGGGAAC-1_10"
"352","CTGCAGGGTTCGGCCA-1_10"
"353","CTGCCTAAGTGGCCTC-1_10"
"354","CTGCCTATCCTACGAA-1_10"
"355","CTGCGAGCATTGAGCT-1_10"
"356","CTGGACGTCCACAGCG-1_10"
"357","CTGGTCTTCGTCTAAG-1_10"
"358","CTGTACCGTCGCAGTC-1_10"
"359","CTGTGGGAGTGTTCAC-1_10"
"360","CTTACCGGTTGTCAGT-1_10"
"361","CTTAGGATCTTGCAGA-1_10"
"362","CTTCTAATCGCCTAGG-1_10"
"363","CTTCTCTAGTGGAAGA-1_10"
"364","CTTGAGAAGTTGGGAC-1_10"
"365","CTTGATTTCCATTGGA-1_10"
"366","CTTTCGGGTACAGTTC-1_10"
"367","CTTTCGGTCCGAAATC-1_10"
"368","GAAACCTGTACAAGTA-1_10"
"369","GAAATGACAAAGAGTT-1_10"
"370","GAAATGACACCTCTAC-1_10"
"371","GAACGTTTCAATCGGT-1_10"
"372","GAACGTTTCGGTTCAA-1_10"
"373","GAAGAATAGGTCGTAG-1_10"
"374","GAAGAATGTCGAATTC-1_10"
"375","GAAGAATGTTTGATCG-1_10"
"376","GAAGCCCGTCTTGTCC-1_10"
"377","GAAGGGTGTACTGGGA-1_10"
"378","GAAGTAATCAAGTGTC-1_10"
"379","GAAGTAATCACAAGGG-1_10"
"380","GACACGCAGGTCCCTG-1_10"
"381","GACACGCAGTATGATG-1_10"
"382","GACACGCCACATTCGA-1_10"
"383","GACATCATCAGCGCGT-1_10"
"384","GACCAATAGTTAACAG-1_10"
"385","GACCCAGAGGGATCGT-1_10"
"386","GACCCAGAGTGCGACA-1_10"
"387","GACCGTGAGGAGGCAG-1_10"
"388","GACCGTGTCCCTGGTT-1_10"
"389","GACCTTCCAAGTCCAT-1_10"
"390","GACTCAAAGAGTGTTA-1_10"
"391","GACTCTCCAAGGGCAT-1_10"
"392","GAGAGGTAGGTTAAAC-1_10"
"393","GAGAGGTGTTGGGACA-1_10"
"394","GAGAGGTTCCCAGTGG-1_10"
"395","GAGGCAACATGGCTGC-1_10"
"396","GAGGGATCAATTGGTC-1_10"
"397","GAGGGTAGTCGTCAGC-1_10"
"398","GAGGGTAGTGCTGCAC-1_10"
"399","GAGTCATCACGATAGG-1_10"
"400","GAGTCTACACTAGGCC-1_10"
"401","GAGTTTGAGGTTCTAC-1_10"
"402","GATAGAAGTATGTGTC-1_10"
"403","GATCCCTCATCGATCA-1_10"
"404","GATCGTAAGCTTACGT-1_10"
"405","GATCGTATCTTAGTTC-1_10"
"406","GATGACTAGCCTGAAG-1_10"
"407","GATGACTGTTCCGGTG-1_10"
"408","GATGATCAGTCCTGTA-1_10"
"409","GATGATCTCACCGGTG-1_10"
"410","GATGCTAGTAGGCTCC-1_10"
"411","GATGTTGGTTTCCAAG-1_10"
"412","GATTCGACAGTCTTCC-1_10"
"413","GATTCGAGTCTCCCTA-1_10"
"414","GCAACATGTAATGCGG-1_10"
"415","GCAACATGTTACGATC-1_10"
"416","GCACTAAGTAACGCGA-1_10"
"417","GCACTAATCGACACTA-1_10"
"418","GCAGGCTAGCATGATA-1_10"
"419","GCAGGCTAGCTAGAAT-1_10"
"420","GCAGGCTCAGGAACCA-1_10"
"421","GCAGGCTTCACCTGGG-1_10"
"422","GCAGTTAAGGTAGTAT-1_10"
"423","GCAGTTACAAGTCCCG-1_10"
"424","GCAGTTACACGTCTCT-1_10"
"425","GCATCGGAGCCGGAAT-1_10"
"426","GCATCGGGTACTGTTG-1_10"
"427","GCATCGGGTTCGATTG-1_10"
"428","GCATCGGTCTCCGTGT-1_10"
"429","GCATCTCAGACAACTA-1_10"
"430","GCATTAGCACATATGC-1_10"
"431","GCCAACGTCAGCAATC-1_10"
"432","GCCAGCATCATGCCGG-1_10"
"433","GCCAGGTCAGCTGGTC-1_10"
"434","GCCATGGCATTAGGAA-1_10"
"435","GCCATGGGTACAACGG-1_10"
"436","GCCATGGGTAGTAAGT-1_10"
"437","GCCATTCCACTATCCC-1_10"
"438","GCCCAGAGTAGGCAAC-1_10"
"439","GCCTGTTAGACTGTTC-1_10"
"440","GCGAGAAAGATTGAGT-1_10"
"441","GCGGAAATCCGATAGT-1_10"
"442","GCGGATCAGTCAGCGA-1_10"
"443","GCGGATCCATGACGTT-1_10"
"444","GCGTGCATCTCGTTTA-1_10"
"445","GCGTTTCAGCGTCTCG-1_10"
"446","GCTACCTTCTAAGGAA-1_10"
"447","GCTCAAAAGTTGGAGC-1_10"
"448","GCTTGGGCAGGTTACT-1_10"
"449","GCTTTCGCACCTGAAT-1_10"
"450","GGAACCCTCCATTCGC-1_10"
"451","GGAACCCTCCCGAGAC-1_10"
"452","GGAACCCTCTAGCAAC-1_10"
"453","GGAAGTGAGGCCTTGC-1_10"
"454","GGACGTCTCGTGCAGC-1_10"
"455","GGAGGATAGCACGTCC-1_10"
"456","GGAGGTAAGTAGTCTC-1_10"
"457","GGAGGTATCACTCACC-1_10"
"458","GGATGTTTCCTAAACG-1_10"
"459","GGCAGTCCAGTGGGTA-1_10"
"460","GGCAGTCGTCCGTACG-1_10"
"461","GGCGTCAAGCACGTCC-1_10"
"462","GGCTGTGCAAATTAGG-1_10"
"463","GGCTTGGGTTTAGACC-1_10"
"464","GGCTTTCAGTGGTTAA-1_10"
"465","GGCTTTCTCAGCAGAG-1_10"
"466","GGCTTTCTCATTTACC-1_10"
"467","GGGACCTGTGAGCCAA-1_10"
"468","GGGACCTGTTACACAC-1_10"
"469","GGGACTCGTAACTGCT-1_10"
"470","GGGACTCGTCGCACGT-1_10"
"471","GGGAGATAGTGCTCGC-1_10"
"472","GGGAGATGTGACCTGC-1_10"
"473","GGGAGTAAGGACGGAG-1_10"
"474","GGGAGTACAGTGCCTG-1_10"
"475","GGGATCCCACACTTAG-1_10"
"476","GGGATGAGTGGCTACC-1_10"
"477","GGGATGATCCTCAGAA-1_10"
"478","GGGCCATTCATCTACT-1_10"
"479","GGGCTCAAGCGTTAGG-1_10"
"480","GGGTAGACATCCTAAG-1_10"
"481","GGGTATTCAACAGTGG-1_10"
"482","GGGTCACCATGTTTGG-1_10"
"483","GGGTCACGTCTTGAAC-1_10"
"484","GGGTCTGGTACTTGTG-1_10"
"485","GGGTGAAAGTCCCAAT-1_10"
"486","GGGTGTCAGAAGTATC-1_10"
"487","GGGTTATCACGTCTCT-1_10"
"488","GGGTTTATCCTCAGGG-1_10"
"489","GGTAACTGTAACGTTC-1_10"
"490","GGTAACTGTTCAACGT-1_10"
"491","GGTAATCCACCGGAAA-1_10"
"492","GGTAATCCACTATCGA-1_10"
"493","GGTAATCCATACCACA-1_10"
"494","GGTAGAGCAACGTTAC-1_10"
"495","GGTCTGGCATACCAGT-1_10"
"496","GGTCTGGTCGAGATAA-1_10"
"497","GGTGAAGGTTCCCACT-1_10"
"498","GGTGGCTTCCTCTCGA-1_10"
"499","GGTGTTAAGGTTGGAC-1_10"
"500","GGTGTTAGTTCTCCCA-1_10"
"501","GGTTAACTCGGATAAA-1_10"
"502","GGTTGTAAGGTCCCTG-1_10"
"503","GTAACCAAGCGAATGC-1_10"
"504","GTAATCGAGTAGACAT-1_10"
"505","GTAATCGCAGTTCTAG-1_10"
"506","GTAATCGGTTGACTAC-1_10"
"507","GTAATCGTCGTGTGAT-1_10"
"508","GTAATGCAGCACTAAA-1_10"
"509","GTACAACAGGTCACAG-1_10"
"510","GTACAGTCAGCGGATA-1_10"
"511","GTACAGTGTCCGTACG-1_10"
"512","GTAGAAAAGCGACTTT-1_10"
"513","GTAGAAAAGTCAAGCG-1_10"
"514","GTAGAGGTCACTGGTA-1_10"
"515","GTAGATCTCATACAGC-1_10"
"516","GTAGCTATCAGACCTA-1_10"
"517","GTAGGAGGTGGGAGAG-1_10"
"518","GTAGGTTCAGTAACCT-1_10"
"519","GTAGTACTCGAGGCAA-1_10"
"520","GTATTGGCACACGGTC-1_10"
"521","GTCAAACAGCGCATCC-1_10"
"522","GTCACGGAGAGTTGTA-1_10"
"523","GTCACGGCATGTTCGA-1_10"
"524","GTCACTCAGTCGAAGC-1_10"
"525","GTCACTCGTAGTCGTT-1_10"
"526","GTCAGCGGTCGCGTCA-1_10"
"527","GTCAGCGGTCTGATCA-1_10"
"528","GTCAGCGGTGGAACCA-1_10"
"529","GTCATTTTCGACTCCT-1_10"
"530","GTCCACTTCTAGAACC-1_10"
"531","GTCCCATTCGAAGCAG-1_10"
"532","GTCCTCAAGGACAGCT-1_10"
"533","GTCCTCATCAAGTGGG-1_10"
"534","GTCGAATCATTGACCA-1_10"
"535","GTCGAATTCAAACTGC-1_10"
"536","GTCGAATTCCCACAGG-1_10"
"537","GTCGCGACAAGGATGC-1_10"
"538","GTCGTTCCATCTGGGC-1_10"
"539","GTCTAGACACTAGTAC-1_10"
"540","GTCTAGACAGAGCCCT-1_10"
"541","GTCTGTCAGACCAGCA-1_10"
"542","GTCTGTCCAGGTATGG-1_10"
"543","GTCTGTCGTATCGGTT-1_10"
"544","GTCTTTACATATGCGT-1_10"
"545","GTGACGCAGCTGTCCG-1_10"
"546","GTGAGCCTCACTACTT-1_10"
"547","GTGAGTTGTGGCAGAT-1_10"
"548","GTGCACGTCGCCTAGG-1_10"
"549","GTGCGTGAGTCATACC-1_10"
"550","GTGCTGGGTTCGGTAT-1_10"
"551","GTGCTTCGTACAACGG-1_10"
"552","GTGCTTCGTGACTCTA-1_10"
"553","GTGGAAGTCGTAACAC-1_10"
"554","GTGGAGAGTTATTCCT-1_10"
"555","GTGGCGTTCATTGTGG-1_10"
"556","GTGGGAATCGCTGCGA-1_10"
"557","GTGTAACGTTAAGAAC-1_10"
"558","GTGTGATTCGCGGACT-1_10"
"559","GTGTGGCTCCATTGGA-1_10"
"560","GTGTTAGAGACTGAGC-1_10"
"561","GTGTTAGAGCATCAAA-1_10"
"562","GTGTTCCCAGAAGCTG-1_10"
"563","GTTACAGAGATGGCAC-1_10"
"564","GTTACGATCTGTCTCG-1_10"
"565","GTTATGGCACGGATCC-1_10"
"566","GTTATGGGTAACGGTG-1_10"
"567","GTTCATTAGGCGAAGG-1_10"
"568","GTTCCGTCAATCTCGA-1_10"
"569","GTTCTATAGAGCAGAA-1_10"
"570","GTTCTATGTTCGTACA-1_10"
"571","GTTGAACCACCAGGTC-1_10"
"572","GTTGCGGAGATACAGT-1_10"
"573","GTTGTAGGTGACATCT-1_10"
"574","GTTGTCCTCAGTCCGG-1_10"
"575","GTTGTGAGTCAGCGTC-1_10"
"576","GTTTACTCAGAGTGTG-1_10"
"577","GTTTACTGTGAATATG-1_10"
"578","GTTTACTGTTGTATGC-1_10"
"579","TAACACGTCCTCGCAT-1_10"
"580","TAACGACTCATTTGGG-1_10"
"581","TAAGCCAAGCATCAGG-1_10"
"582","TAAGCCAGTCACCGAC-1_10"
"583","TAAGCCAGTCGCAGTC-1_10"
"584","TAAGCCAGTTTCCAAG-1_10"
"585","TACAACGCACTATCGA-1_10"
"586","TACATTCTCAAGCCAT-1_10"
"587","TACCCGTTCCTGCTAC-1_10"
"588","TACCGGGAGAATTGCA-1_10"
"589","TACCGGGCAACGAGGT-1_10"
"590","TACCGGGGTCGACTTA-1_10"
"591","TACCTGCAGCATCGAG-1_10"
"592","TACCTGCTCCAACTAG-1_10"
"593","TACGCTCCATCTTAGG-1_10"
"594","TACTGCCGTTGATGTC-1_10"
"595","TACTTACTCCACGTAA-1_10"
"596","TACTTACTCTTCCACG-1_10"
"597","TACTTCACAGCTGTCG-1_10"
"598","TACTTCAGTGTACGCC-1_10"
"599","TAGACCAAGGGATCTG-1_10"
"600","TAGAGTCTCCTTCGAC-1_10"
"601","TAGCACAAGAGAAGGT-1_10"
"602","TAGGGTTCATAGAGGC-1_10"
"603","TAGTGCAAGAACCCGA-1_10"
"604","TATACCTCATACTGAC-1_10"
"605","TATACCTGTAGGTACG-1_10"
"606","TATACCTGTTAGGAGC-1_10"
"607","TATATCCAGAAGTCCG-1_10"
"608","TATATCCAGTCTGTAC-1_10"
"609","TATCAGGCAGATGCGA-1_10"
"610","TATCCTATCACAACCA-1_10"
"611","TATCGCCAGTTTCGAC-1_10"
"612","TATCGCCGTTGTCAGT-1_10"
"613","TATCGCCTCCGCGAGT-1_10"
"614","TATCTGTAGTACTGGG-1_10"
"615","TATCTGTTCTAGAGCT-1_10"
"616","TATCTTGCAACCGATT-1_10"
"617","TATCTTGTCATGGATC-1_10"
"618","TATGTTCAGGTTACAA-1_10"
"619","TATGTTCTCGCTAAAC-1_10"
"620","TATTCCACAGCCTTCT-1_10"
"621","TATTTCGGTTTGGGTT-1_10"
"622","TCAAGACGTCTCACAA-1_10"
"623","TCAAGCAAGGGCAGAG-1_10"
"624","TCAAGCACAATTCGTG-1_10"
"625","TCAAGCATCGTTCCTG-1_10"
"626","TCAAGTGGTCGCTGCA-1_10"
"627","TCAAGTGTCAGCCCAG-1_10"
"628","TCAATCTAGACCATGG-1_10"
"629","TCACAAGAGCCGGAAT-1_10"
"630","TCACAAGCATACTTTC-1_10"
"631","TCACACCAGCCTGTCG-1_10"
"632","TCACATTCAGGTTTAC-1_10"
"633","TCACTCGGTTAATGAG-1_10"
"634","TCAGCAAGTGAATAAC-1_10"
"635","TCAGCCTAGACGCTCC-1_10"
"636","TCAGCCTTCGACCATA-1_10"
"637","TCAGGTAAGGTAGCCA-1_10"
"638","TCAGTCCAGATGAACT-1_10"
"639","TCAGTTTGTGCAGTGA-1_10"
"640","TCAGTTTTCGTGGCGT-1_10"
"641","TCATATCGTTCTCCTG-1_10"
"642","TCATCATCATGTGCTA-1_10"
"643","TCATCATGTGTAAACA-1_10"
"644","TCATCATTCACTTGTT-1_10"
"645","TCATGCCCAGCACACC-1_10"
"646","TCATGCCTCCCTTGGT-1_10"
"647","TCATGTTGTCCGAAAG-1_10"
"648","TCATTCACACCTTCGT-1_10"
"649","TCATTGTAGGCATCGA-1_10"
"650","TCCATCGAGGTTCCGC-1_10"
"651","TCCATCGTCTAACGGT-1_10"
"652","TCCCAGTCAATGGCCC-1_10"
"653","TCCGGGAGTCAGGTGA-1_10"
"654","TCCTAATGTGACTCTA-1_10"
"655","TCCTAATTCCTGTACC-1_10"
"656","TCCTCCCCAAATCCCA-1_10"
"657","TCCTCCCCACTACCGG-1_10"
"658","TCCTCCCGTCGATTCA-1_10"
"659","TCCTCGAAGGCCTAGA-1_10"
"660","TCCTCTTGTCCGAAAG-1_10"
"661","TCCTGCAAGATTAGCA-1_10"
"662","TCCTTTCTCCTGCCAT-1_10"
"663","TCGACCTAGGATATAC-1_10"
"664","TCGACGGTCGACGTCG-1_10"
"665","TCGATTTCACTATCGA-1_10"
"666","TCGCTCACACTAGTAC-1_10"
"667","TCGCTCACATCGGAGA-1_10"
"668","TCGCTCATCAGTGATC-1_10"
"669","TCGCTCATCTGGGATT-1_10"
"670","TCGGATAAGGGCAAGG-1_10"
"671","TCGGATACAATGGCAG-1_10"
"672","TCGGGTGAGCCTCATA-1_10"
"673","TCGGGTGCACAGGATG-1_10"
"674","TCGGGTGCAGCCGTTG-1_10"
"675","TCGGTCTAGCTAAATG-1_10"
"676","TCGTGCTCATAGATCC-1_10"
"677","TCGTGGGCACTGGATT-1_10"
"678","TCTAACTAGTTTGTCG-1_10"
"679","TCTATACGTGACCTGC-1_10"
"680","TCTATCAAGCTCTGTA-1_10"
"681","TCTCACGCAATCAAGA-1_10"
"682","TCTCCGAGTGGTCCGT-1_10"
"683","TCTGCCATCTTCCGTG-1_10"
"684","TCTGGCTGTGAGATTA-1_10"
"685","TCTGGCTGTGGTACAG-1_10"
"686","TCTGGCTTCTGTACAG-1_10"
"687","TGAATCGAGGTAGTAT-1_10"
"688","TGAATCGGTTAAACAG-1_10"
"689","TGACAGTAGGTATCTC-1_10"
"690","TGACCCTTCTACGCAA-1_10"
"691","TGACGCGAGGATACAT-1_10"
"692","TGACGCGAGGCTAGCA-1_10"
"693","TGACTCCTCTGCGTCT-1_10"
"694","TGAGACTAGTAAGGGA-1_10"
"695","TGAGACTGTAGAGCTG-1_10"
"696","TGAGCATGTTGGGAAC-1_10"
"697","TGAGCGCCATCACGGC-1_10"
"698","TGAGGAGCAGAGGACT-1_10"
"699","TGAGGAGTCTGAATCG-1_10"
"700","TGAGGTTGTGGAGGTT-1_10"
"701","TGATCAGAGAGGACTC-1_10"
"702","TGATCAGGTTCTGAGT-1_10"
"703","TGATCTTAGGAAAGAC-1_10"
"704","TGATCTTTCCGGCAGT-1_10"
"705","TGATGGTCAATTGTGC-1_10"
"706","TGATGGTGTCAACATC-1_10"
"707","TGATTCTGTGCTCCGA-1_10"
"708","TGCAGGCCACTTGAGT-1_10"
"709","TGCATCCGTCCAAAGG-1_10"
"710","TGCATCCTCTTACCGC-1_10"
"711","TGCTCCAAGAATCTAG-1_10"
"712","TGCTCCAGTTGCCGAC-1_10"
"713","TGCTTCGTCATTCATC-1_10"
"714","TGCTTCGTCTCCCAAC-1_10"
"715","TGCTTGCTCACTGTTT-1_10"
"716","TGCTTGCTCCTACGAA-1_10"
"717","TGGAGAGAGGTTATAG-1_10"
"718","TGGAGGACACCAGTTA-1_10"
"719","TGGATCAAGGCGCTCT-1_10"
"720","TGGATGTCACGACTAT-1_10"
"721","TGGGAAGAGGGCGAAG-1_10"
"722","TGGGAAGGTACAAAGT-1_10"
"723","TGGGATTGTACGATTC-1_10"
"724","TGGGATTTCGGTTAGT-1_10"
"725","TGGGCGTCACACGTGC-1_10"
"726","TGGGCGTGTGCCCACA-1_10"
"727","TGGGCGTTCAGGAAGC-1_10"
"728","TGGGCTGGTCGTTTCC-1_10"
"729","TGGGTTACATAGTCGT-1_10"
"730","TGGTAGTGTACGGGAT-1_10"
"731","TGGTGATGTTGGAGAC-1_10"
"732","TGGTGATTCAGGAGAC-1_10"
"733","TGGTTAGTCCCGAAAT-1_10"
"734","TGTAAGCTCACGTAGT-1_10"
"735","TGTACAGCAACGTTAC-1_10"
"736","TGTACAGGTATCGCTA-1_10"
"737","TGTACAGGTGGCGTAA-1_10"
"738","TGTCAGAGTTGATCGT-1_10"
"739","TGTCCACAGTTGCGAG-1_10"
"740","TGTCCCAAGCCGATCC-1_10"
"741","TGTGAGTGTCCGGATC-1_10"
"742","TGTGATGAGGTGGCTA-1_10"
"743","TGTGTGAAGCATTTCG-1_10"
"744","TGTGTGAAGCTGACTT-1_10"
"745","TGTTACTGTCGACGCT-1_10"
"746","TGTTCCGCACCAGCTG-1_10"
"747","TGTTCCGGTCCCGGTA-1_10"
"748","TGTTCTAAGTTTGAGA-1_10"
"749","TGTTGGAGTAAGGAGA-1_10"
"750","TGTTGGAGTGATGTAA-1_10"
"751","TTAATCCTCCCGTTCA-1_10"
"752","TTAATCCTCTCATGCC-1_10"
"753","TTACAGGCATCGAGCC-1_10"
"754","TTACAGGTCGAGAGCA-1_10"
"755","TTACCATGTACCGTGC-1_10"
"756","TTACCGCAGATGGCGT-1_10"
"757","TTACCGCCATAGGAGC-1_10"
"758","TTACTGTGTTACCCTC-1_10"
"759","TTAGGCACATGACTAC-1_10"
"760","TTAGTCTTCACCTGTC-1_10"
"761","TTCAGGAGTGTTCATG-1_10"
"762","TTCATGTTCAAATGAG-1_10"
"763","TTCATTGGTGCTCGTG-1_10"
"764","TTCCGGTAGCAACCAG-1_10"
"765","TTCCGGTGTATGTCCA-1_10"
"766","TTCCGGTTCACATACG-1_10"
"767","TTCCGTGGTGGCTGCT-1_10"
"768","TTCCTAAAGGGCAATC-1_10"
"769","TTCCTCTGTGAATTAG-1_10"
"770","TTCGATTCAACCCTCT-1_10"
"771","TTCGGTCCATAGACTC-1_10"
"772","TTCTAGTAGAAGCGAA-1_10"
"773","TTCTTCCGTCCAGTTA-1_10"
"774","TTGCGTCAGATCCCGC-1_10"
"775","TTGCGTCAGCTCGAAG-1_10"
"776","TTGGATGAGGCTCAAG-1_10"
"777","TTGGATGCACTGAATC-1_10"
"778","TTGGATGGTTATAGAG-1_10"
"779","TTGGGTATCTTGCAAG-1_10"
"780","TTGGTTTTCACTCTTA-1_10"
"781","TTGTGTTGTGCTTATG-1_10"
"782","TTGTGTTTCAGCGCGT-1_10"
"783","TTGTTGTGTACTCGCG-1_10"
"784","TTTACCAAGGCTGAAC-1_10"
"785","TTTACCAGTACTAGCT-1_10"
"786","TTTACCAGTGCGTCGT-1_10"
"787","TTTACGTTCAATGTCG-1_10"
"788","TTTACTGGTACCGTGC-1_10"
"789","TTTACTGGTTAACCTG-1_10"
"790","TTTAGTCCACGACCTG-1_10"
"791","TTTATGCCAGACCATT-1_10"
"792","TTTCAGTTCAACGTGT-1_10"
"793","TTTCAGTTCACTGCTC-1_10"
"794","TTTCATGAGGCTAAAT-1_10"
"795","TTTCCTCCACATAGCT-1_10"
"796","TTTCGATCACTAGGCC-1_10"
"797","TTTGACTTCCCACAGG-1_10"
"798","TTTGATCCACACGGTC-1_10"
"799","TTTGATCGTACCGGCT-1_10"
"800","TTTGGAGCAACGCCCA-1_10"
"801","TTTGGAGTCCTTATGT-1_10"
"802","TTTGGTTCAGATACCT-1_10"
"803","TTTGGTTTCGTGGGTC-1_10"
"804","TTTGTTGTCTCGGTAA-1_10"
