"","x"
"1","AAACCCAAGCCTCATA-1_5"
"2","AAAGAACTCCGGGACT-1_5"
"3","AAAGGTAAGACGATAT-1_5"
"4","AAAGGTACATGGCGCT-1_5"
"5","AAATGGAAGGTAAAGG-1_5"
"6","AACAAAGAGAGTCTTC-1_5"
"7","AACAAAGTCTCTGGTC-1_5"
"8","AACAACCAGCGTCGAA-1_5"
"9","AACAACCAGGGCAATC-1_5"
"10","AACAAGAGTTCTATCT-1_5"
"11","AACACACAGCGCCTTG-1_5"
"12","AACACACTCCTATGGA-1_5"
"13","AACAGGGAGTACCATC-1_5"
"14","AACAGGGGTACGGTTT-1_5"
"15","AACAGGGGTCAGGCAA-1_5"
"16","AACCAACGTACGGGAT-1_5"
"17","AACCACAGTGTAACGG-1_5"
"18","AACCACATCGATGCTA-1_5"
"19","AACCATGAGTGCTCAT-1_5"
"20","AACCATGCAAATGAGT-1_5"
"21","AACCCAAGTGCTGATT-1_5"
"22","AACCCAATCTAAGCGT-1_5"
"23","AACGAAAGTAACCAGG-1_5"
"24","AACGGGACAAGTGGGT-1_5"
"25","AAGAACAAGCCGTTAT-1_5"
"26","AAGAACACAGGCTATT-1_5"
"27","AAGACAAAGTTCCATG-1_5"
"28","AAGACAATCTAGGCCG-1_5"
"29","AAGACTCAGCTGACTT-1_5"
"30","AAGACTCCATGGGATG-1_5"
"31","AAGCCATGTACGCTTA-1_5"
"32","AAGCGTTCAGTGACCC-1_5"
"33","AAGCGTTTCTTCACAT-1_5"
"34","AAGTCGTGTCACGTGC-1_5"
"35","AATAGAGGTGGTCCGT-1_5"
"36","AATCGACTCCAAGGGA-1_5"
"37","AATGAAGGTCATATGC-1_5"
"38","AATGACCGTAGCGTAG-1_5"
"39","AATGCCATCCCTGGTT-1_5"
"40","AATGGAAGTTTGCCGG-1_5"
"41","AATGGCTAGTCATAGA-1_5"
"42","AATGGCTCAAGAGCTG-1_5"
"43","AATTCCTAGGTTCCAT-1_5"
"44","AATTTCCCAAGACGGT-1_5"
"45","AATTTCCCAGCCATTA-1_5"
"46","ACAAAGACACCTCTAC-1_5"
"47","ACAAAGACAGAATGTA-1_5"
"48","ACACAGTAGGCTCTAT-1_5"
"49","ACACAGTAGTCCTGCG-1_5"
"50","ACACAGTTCTTTCGAT-1_5"
"51","ACACCAAGTTAACCTG-1_5"
"52","ACACGCGTCTACCAGA-1_5"
"53","ACACTGACAGTCGCAC-1_5"
"54","ACAGAAACATTGAGCT-1_5"
"55","ACAGAAATCTTCGATT-1_5"
"56","ACAGGGAAGCAGCCCT-1_5"
"57","ACAGGGATCGAGAGAC-1_5"
"58","ACATGCAAGTTCACTG-1_5"
"59","ACATTTCCACGCGGTT-1_5"
"60","ACCAAACGTGTGATGG-1_5"
"61","ACCAAACGTTTGCCGG-1_5"
"62","ACCACAATCATTATCC-1_5"
"63","ACCATTTCACGTAGAG-1_5"
"64","ACCCAAACACCGCTGA-1_5"
"65","ACCCAAAGTGTCCGTG-1_5"
"66","ACCCTTGTCCTTCTGG-1_5"
"67","ACCTACCCAGTAGGAC-1_5"
"68","ACCTACCTCTGCTTTA-1_5"
"69","ACCTGAATCTCGCAGG-1_5"
"70","ACCTGTCAGCGGCTCT-1_5"
"71","ACCTGTCCAAAGCTAA-1_5"
"72","ACGATGTAGCCAAGGT-1_5"
"73","ACGATGTTCCCTATTA-1_5"
"74","ACGCACGAGTTGTAAG-1_5"
"75","ACGGAAGAGCTAGAGC-1_5"
"76","ACGGAAGAGGCGTTGA-1_5"
"77","ACGGTCGTCTCCCAAC-1_5"
"78","ACGTACACACCTAAAC-1_5"
"79","ACGTAGTTCACACGAT-1_5"
"80","ACGTCCTGTTTGGGTT-1_5"
"81","ACGTTCCGTTCTCCAC-1_5"
"82","ACTACGACATACTGAC-1_5"
"83","ACTACGATCTGCACCT-1_5"
"84","ACTATCTAGACGTCCC-1_5"
"85","ACTATGGAGCGTCAAG-1_5"
"86","ACTATTCAGCGAGTAC-1_5"
"87","ACTATTCCATGTTCAG-1_5"
"88","ACTATTCGTACCCAGC-1_5"
"89","ACTATTCTCAGTGCGC-1_5"
"90","ACTCCCACAACTGGTT-1_5"
"91","ACTCCCAGTAGCTTTG-1_5"
"92","ACTCCCAGTCTGATAC-1_5"
"93","ACTCCCAGTGTAGGAC-1_5"
"94","ACTCTCGGTTCGAAGG-1_5"
"95","ACTGTGACATGAAGCG-1_5"
"96","ACTTAGGAGTAGGCCA-1_5"
"97","ACTTAGGCATTCTCTA-1_5"
"98","ACTTATCGTTCAGTAC-1_5"
"99","ACTTCGCCAGTCCCGA-1_5"
"100","ACTTCGCGTTCTGAGT-1_5"
"101","ACTTTCATCCATTGCC-1_5"
"102","ACTTTGTAGGTTAAAC-1_5"
"103","ACTTTGTCACCTTCGT-1_5"
"104","ACTTTGTCATACAGAA-1_5"
"105","ACTTTGTGTGAATTGA-1_5"
"106","ACTTTGTGTGCATTTG-1_5"
"107","AGAAATGAGCAGTACG-1_5"
"108","AGAACAAAGAGGCTGT-1_5"
"109","AGAAGCGGTATGTCTG-1_5"
"110","AGAAGTACATGGGAAC-1_5"
"111","AGAAGTAGTGACCGTC-1_5"
"112","AGACAAAAGATTGCGG-1_5"
"113","AGACAAACAGGAACCA-1_5"
"114","AGACCATAGATAACGT-1_5"
"115","AGACCATCAGAATTCC-1_5"
"116","AGACCATTCATGAAAG-1_5"
"117","AGACCCGAGGCGTCCT-1_5"
"118","AGACTCACAATAACCC-1_5"
"119","AGAGAATAGTAGAATC-1_5"
"120","AGAGCCCCAGCAGTGA-1_5"
"121","AGAGCCCCATAGAATG-1_5"
"122","AGAGCCCTCTCGAACA-1_5"
"123","AGATCCAAGCCTCTCT-1_5"
"124","AGATCGTGTTGCCTAA-1_5"
"125","AGATGAAAGAGTCTTC-1_5"
"126","AGATGCTGTGAGCGAT-1_5"
"127","AGATGCTGTTACGGAG-1_5"
"128","AGATGCTTCGCTCATC-1_5"
"129","AGCATCAGTTTCGTTT-1_5"
"130","AGCATCATCAGACATC-1_5"
"131","AGCCAATTCTTCCCAG-1_5"
"132","AGCCACGAGTGGTTGG-1_5"
"133","AGCCACGCAAACACGG-1_5"
"134","AGCCACGTCCGACATA-1_5"
"135","AGCCAGCTCTTTCAGT-1_5"
"136","AGCGATTCACAAAGCG-1_5"
"137","AGCGATTCAGTGAGCA-1_5"
"138","AGCGATTGTCAGGTGA-1_5"
"139","AGCGCCAAGATCGACG-1_5"
"140","AGCGTATTCACTAGCA-1_5"
"141","AGCGTCGTCCACAAGT-1_5"
"142","AGCTCAAAGGCAGGTT-1_5"
"143","AGCTTCCGTGGTCAAG-1_5"
"144","AGGAAATAGCCTGTCG-1_5"
"145","AGGAAATCAGGATTCT-1_5"
"146","AGGAAATCATGACGAG-1_5"
"147","AGGAATAAGACATCCT-1_5"
"148","AGGACTTAGGGACAGG-1_5"
"149","AGGACTTGTGGACTGA-1_5"
"150","AGGACTTTCGAGATAA-1_5"
"151","AGGAGGTAGAAAGTCT-1_5"
"152","AGGCATTCAGACAATA-1_5"
"153","AGGCATTCATCCGAAT-1_5"
"154","AGGCCACGTCTGTGTA-1_5"
"155","AGGCTGCAGACTGGGT-1_5"
"156","AGGCTGCAGTGCCGAA-1_5"
"157","AGGCTGCCATACTGAC-1_5"
"158","AGGCTGCTCTTTCAGT-1_5"
"159","AGGGCCTGTGAGTTGG-1_5"
"160","AGGGCCTGTTCCAAAC-1_5"
"161","AGGGCTCAGTAGGGTC-1_5"
"162","AGGGCTCTCTTACGTT-1_5"
"163","AGGGTCCTCGTTATCT-1_5"
"164","AGGGTGAAGTGGATTA-1_5"
"165","AGGGTTTAGAGGTTAT-1_5"
"166","AGGGTTTAGAGTGTTA-1_5"
"167","AGGTAGGGTGTCTTAG-1_5"
"168","AGGTCATGTTTATGCG-1_5"
"169","AGGTCTAAGAGTACCG-1_5"
"170","AGGTCTACACTATCGA-1_5"
"171","AGGTCTACAGTAACCT-1_5"
"172","AGGTGTTAGTATGTAG-1_5"
"173","AGGTGTTCACTTCTCG-1_5"
"174","AGGTGTTGTACTCGCG-1_5"
"175","AGGTGTTGTTTAGTCG-1_5"
"176","AGGTTACAGCGATGGT-1_5"
"177","AGGTTGTGTAGCGTAG-1_5"
"178","AGTACTGAGGAGCTGT-1_5"
"179","AGTACTGCAATCCAGT-1_5"
"180","AGTAGTCCAATCGTCA-1_5"
"181","AGTAGTCTCTCAAAGC-1_5"
"182","AGTCACAGTCTTTATC-1_5"
"183","AGTCACAGTTGCCAAT-1_5"
"184","AGTCATGTCTGAGGTT-1_5"
"185","AGTCTCCCACAAGTGG-1_5"
"186","AGTCTCCCAGTACTAC-1_5"
"187","AGTGATCAGCACTCCG-1_5"
"188","AGTGATCAGTTCGGTT-1_5"
"189","AGTGATCCAGTAGGAC-1_5"
"190","AGTGATCGTTTCCAAG-1_5"
"191","AGTGCCGGTAGAGACC-1_5"
"192","AGTGTTGCACTAGGCC-1_5"
"193","AGTGTTGGTATGCTAC-1_5"
"194","AGTTAGCGTCCTGGTG-1_5"
"195","AGTTCCCTCCAGTTCC-1_5"
"196","AGTTCGAGTTGTTTGG-1_5"
"197","AGTTCGATCGGTCGAC-1_5"
"198","ATACCTTTCGTGTTCC-1_5"
"199","ATACTTCAGGCAGTCA-1_5"
"200","ATACTTCAGGCCTAAG-1_5"
"201","ATACTTCCAGGTTTAC-1_5"
"202","ATAGACCGTGCACATT-1_5"
"203","ATAGACCGTTAAAGTG-1_5"
"204","ATAGAGACAACTGCCG-1_5"
"205","ATAGAGACATCACGGC-1_5"
"206","ATAGAGATCGAACCTA-1_5"
"207","ATCACGAGTGAGACCA-1_5"
"208","ATCACTTTCCTACTGC-1_5"
"209","ATCAGGTAGCAATTAG-1_5"
"210","ATCAGGTCAACTCGTA-1_5"
"211","ATCAGGTGTTAAGAAC-1_5"
"212","ATCATTCGTAGCTTTG-1_5"
"213","ATCCACCAGGGTCACA-1_5"
"214","ATCCATTGTGGGACAT-1_5"
"215","ATCCGTCTCACCTTGC-1_5"
"216","ATCCTATAGTTCCGTA-1_5"
"217","ATCCTATGTCTTCGAA-1_5"
"218","ATCGATGGTTTAGTCG-1_5"
"219","ATCGATGTCTACCCAC-1_5"
"220","ATCGTAGAGGTTGTTC-1_5"
"221","ATCGTAGTCTTCGACC-1_5"
"222","ATCGTGACAGCACCCA-1_5"
"223","ATCGTGAGTCGCATGC-1_5"
"224","ATCTCTAAGCGTGTTT-1_5"
"225","ATCTCTACACAAGTGG-1_5"
"226","ATCTTCAGTCTAACTG-1_5"
"227","ATGACCAGTAGTTCCA-1_5"
"228","ATGACCAGTTCAGCTA-1_5"
"229","ATGAGGGAGACGAGCT-1_5"
"230","ATGAGGGGTACGGATG-1_5"
"231","ATGCATGGTAGCACAG-1_5"
"232","ATGCATGGTCTTAGTG-1_5"
"233","ATGCCTCAGCGAGAAA-1_5"
"234","ATGCCTCGTAAGTTGA-1_5"
"235","ATGCCTCTCACATACG-1_5"
"236","ATGCGATAGGCACGAT-1_5"
"237","ATGGAGGGTACAGGTG-1_5"
"238","ATGGATCCAACGTTAC-1_5"
"239","ATGGATCCAATTGCCA-1_5"
"240","ATGGATCTCAACTCTT-1_5"
"241","ATGGATCTCCGTTTCG-1_5"
"242","ATGGGTTAGCCTAGGA-1_5"
"243","ATGGTTGCACAATGCT-1_5"
"244","ATGGTTGCACCTCTAC-1_5"
"245","ATGTCCCTCCACCTCA-1_5"
"246","ATGTCTTAGGGCGAAG-1_5"
"247","ATTACCTTCTCGCTTG-1_5"
"248","ATTACTCGTTTACTTC-1_5"
"249","ATTATCCTCAAAGGTA-1_5"
"250","ATTATCCTCTTCTGTA-1_5"
"251","ATTCACTGTCGTTATG-1_5"
"252","ATTCAGGCAACACAGG-1_5"
"253","ATTCAGGGTCTCAGAT-1_5"
"254","ATTCATCAGAGCTGAC-1_5"
"255","ATTCATCCAATTCTCT-1_5"
"256","ATTCATCCACGGAAGT-1_5"
"257","ATTCATCGTGGTTTGT-1_5"
"258","ATTCATCTCATGTCAG-1_5"
"259","ATTCGTTGTAATGATG-1_5"
"260","ATTCTACTCATGCTAG-1_5"
"261","ATTGGGTCATAATCCG-1_5"
"262","ATTGTTCCAGCAGTCC-1_5"
"263","ATTTACCGTAGAATAC-1_5"
"264","ATTTCACCAATCCTAG-1_5"
"265","ATTTCACGTTAGGCCC-1_5"
"266","ATTTCACGTTCAAGTC-1_5"
"267","ATTTCTGAGAGTCAGC-1_5"
"268","ATTTCTGGTAAGGCCA-1_5"
"269","ATTTCTGTCTTACCGC-1_5"
"270","CAACAACAGAGTGTGC-1_5"
"271","CAACAACGTCATCGGC-1_5"
"272","CAACCAAGTAACCAGG-1_5"
"273","CAACCAATCCAGTACA-1_5"
"274","CAACGATTCCCTAGGG-1_5"
"275","CAACGATTCGGAACTT-1_5"
"276","CAACGGCAGTCGCCCA-1_5"
"277","CAAGCTAAGCATGCAG-1_5"
"278","CAAGCTATCGAGCCTG-1_5"
"279","CAAGCTATCTAAGAAG-1_5"
"280","CAAGCTATCTGAATGC-1_5"
"281","CAAGGGAGTTATCTGG-1_5"
"282","CAATACGAGGATAATC-1_5"
"283","CAATACGGTTCACCGG-1_5"
"284","CAATCGATCCAAGGGA-1_5"
"285","CAATGACTCATGACAC-1_5"
"286","CAATTTCAGGCACAAC-1_5"
"287","CACACAAAGAGGATGA-1_5"
"288","CACACAAGTATGGGAC-1_5"
"289","CACACAATCTCATTGT-1_5"
"290","CACAGGCAGAAATTGC-1_5"
"291","CACAGGCGTAAGATAC-1_5"
"292","CACATGAGTGCCGGTT-1_5"
"293","CACGGGTAGTGATTCC-1_5"
"294","CACGGGTTCCCTCTTT-1_5"
"295","CACGTGGCACTGTGAT-1_5"
"296","CACGTGGGTGGCTAGA-1_5"
"297","CACGTTCAGAGGCGGA-1_5"
"298","CACGTTCAGCGGGTTA-1_5"
"299","CACTGAAGTATCGCGC-1_5"
"300","CACTGGGGTTTCCCAC-1_5"
"301","CACTGTCAGATACAGT-1_5"
"302","CACTTCGTCTAGAGCT-1_5"
"303","CAGAGCCAGAGAATCT-1_5"
"304","CAGATCAGTAGGACTG-1_5"
"305","CAGATCAGTGGTCTTA-1_5"
"306","CAGATTGTCGCTGTCT-1_5"
"307","CAGCAATTCGAGCTGC-1_5"
"308","CAGCAATTCTTTCCAA-1_5"
"309","CAGCACGCATAGTCAC-1_5"
"310","CAGCACGTCCTCGATC-1_5"
"311","CAGCAGCCAGTGAGCA-1_5"
"312","CAGCCAGCACCTATCC-1_5"
"313","CAGTGCGGTGTCATTG-1_5"
"314","CATACAGAGCTGTTCA-1_5"
"315","CATACCCTCAAAGGAT-1_5"
"316","CATAGACTCGCATAGT-1_5"
"317","CATCAAGCATCTAACG-1_5"
"318","CATCGCTAGGCCTAGA-1_5"
"319","CATCGCTCAGTATTCG-1_5"
"320","CATCGCTTCAAGTCGT-1_5"
"321","CATCGGGCATCGAAGG-1_5"
"322","CATCGTCCAATACGCT-1_5"
"323","CATGAGTCAATAGTGA-1_5"
"324","CATGCCTGTCTACAAC-1_5"
"325","CATGCTCGTGTTCAGT-1_5"
"326","CATGGTAGTGAGGCAT-1_5"
"327","CATTCATCACTCTAGA-1_5"
"328","CATTCCGCATGCTGCG-1_5"
"329","CATTCCGTCGGAGATG-1_5"
"330","CATTCTATCGCAACAT-1_5"
"331","CATTGAGAGGATTCCT-1_5"
"332","CATTGAGGTATTTCCT-1_5"
"333","CATTGTTCAACATCGT-1_5"
"334","CCAAGCGCAGTCTCTC-1_5"
"335","CCAATTTCAAAGACTA-1_5"
"336","CCACGAGGTCAGCTTA-1_5"
"337","CCACGAGTCACCTCAC-1_5"
"338","CCACGTTTCGGAATGG-1_5"
"339","CCACTTGGTTCTAAGC-1_5"
"340","CCACTTGTCACATTGG-1_5"
"341","CCACTTGTCATGAGAA-1_5"
"342","CCATAAGAGCTGGCCT-1_5"
"343","CCATCACCAAGGTTGG-1_5"
"344","CCCATTGAGCCACCGT-1_5"
"345","CCCATTGAGGTAATCA-1_5"
"346","CCCATTGGTCAAGTTC-1_5"
"347","CCCATTGTCGTTCCTG-1_5"
"348","CCCGGAACACAACGTT-1_5"
"349","CCCGGAATCAAGTCTG-1_5"
"350","CCCTAACTCACGAACT-1_5"
"351","CCCTCAACAATTCGTG-1_5"
"352","CCCTCAATCTGGGAGA-1_5"
"353","CCCTCTCTCGTGGTAT-1_5"
"354","CCCTGATGTTGTTTGG-1_5"
"355","CCCTTAGGTTGGAGAC-1_5"
"356","CCGAACGAGACGGAAA-1_5"
"357","CCGATGGAGCCGATCC-1_5"
"358","CCGCAAGCAAGACTGG-1_5"
"359","CCGGACACAAGATCCT-1_5"
"360","CCGGACAGTCAGTCCG-1_5"
"361","CCGGGTACAATGTCTG-1_5"
"362","CCGGTAGCAGCCTACG-1_5"
"363","CCGTGAGTCTATCGTT-1_5"
"364","CCGTTCAAGGTAGTAT-1_5"
"365","CCTAACCGTCGCATTA-1_5"
"366","CCTACGTAGGTAATCA-1_5"
"367","CCTCAGTGTTTGACAC-1_5"
"368","CCTCAGTTCTAGTACG-1_5"
"369","CCTCATGCACAGTCAT-1_5"
"370","CCTCTAGTCTGGTGCG-1_5"
"371","CCTCTCCCATGTCAGT-1_5"
"372","CCTGCATCAGTGCCTG-1_5"
"373","CCTGCATGTCTGTGTA-1_5"
"374","CCTGCATTCAGTAGGG-1_5"
"375","CCTGTTGAGATTAGCA-1_5"
"376","CCTGTTGCAGTGTACT-1_5"
"377","CCTTGTGAGACTAGAT-1_5"
"378","CCTTGTGTCCTAGCGG-1_5"
"379","CCTTTGGCACTATCGA-1_5"
"380","CCTTTGGGTCGTGTTA-1_5"
"381","CGAAGGAGTGGCTTGC-1_5"
"382","CGAAGGATCCATCTCG-1_5"
"383","CGAAGGATCCTCTAGC-1_5"
"384","CGAAGTTGTGAGATCG-1_5"
"385","CGACAGCAGGTGCAGT-1_5"
"386","CGAGAAGAGAAATTCG-1_5"
"387","CGAGGCTAGCAGGGAG-1_5"
"388","CGAGTGCGTGTGACCC-1_5"
"389","CGAGTGCTCGAACCTA-1_5"
"390","CGAGTTAAGTCACTGT-1_5"
"391","CGAGTTATCGGCATAT-1_5"
"392","CGATCGGGTTGCCTAA-1_5"
"393","CGATGCGAGGGATCAC-1_5"
"394","CGATGGCAGATTCGCT-1_5"
"395","CGATGGCAGCAAGTCG-1_5"
"396","CGCAGGTTCTAGACAC-1_5"
"397","CGCATAAAGTTTGGCT-1_5"
"398","CGCATGGCAGTTTGGT-1_5"
"399","CGCATGGGTGTTAACC-1_5"
"400","CGCCAGACAAGGCAAC-1_5"
"401","CGCCAGACACTACACA-1_5"
"402","CGCCAGACATGCGTGC-1_5"
"403","CGCCATTTCCTCTGCA-1_5"
"404","CGCCATTTCTCATGCC-1_5"
"405","CGCGTGATCATTGAGC-1_5"
"406","CGGAACCAGTACAGCG-1_5"
"407","CGGAACCAGTTGGAGC-1_5"
"408","CGGAATTAGTCCGTCG-1_5"
"409","CGGAATTCATTGAAAG-1_5"
"410","CGGACACGTCCTTTGC-1_5"
"411","CGGAGAAAGACTCTTG-1_5"
"412","CGGAGAACAACCACGC-1_5"
"413","CGGAGAACACTGGCGT-1_5"
"414","CGGCAGTTCTGATGGT-1_5"
"415","CGGGACTAGAGGATCC-1_5"
"416","CGGGCATTCGGTCTAA-1_5"
"417","CGGGTGTGTAACCAGG-1_5"
"418","CGGTCAGCAAGCTACT-1_5"
"419","CGGTCAGCAGGTTACT-1_5"
"420","CGTAATGTCCTACCAC-1_5"
"421","CGTAGTACACGGTAGA-1_5"
"422","CGTCAAACACTGCTTC-1_5"
"423","CGTGAATAGAGCGACT-1_5"
"424","CGTGAATAGATGCCGA-1_5"
"425","CGTGATACAGCTATAC-1_5"
"426","CGTGCTTCAAGATCCT-1_5"
"427","CGTGCTTCACGCTTAA-1_5"
"428","CGTTAGACACTGCACG-1_5"
"429","CGTTGGGGTTTACGAC-1_5"
"430","CTAACCCTCTCGCAGG-1_5"
"431","CTAACTTGTTCTATCT-1_5"
"432","CTAAGTGTCTCCATAT-1_5"
"433","CTACAGACAGACATCT-1_5"
"434","CTACCCAAGAAGGTAG-1_5"
"435","CTACCCATCAACCTTT-1_5"
"436","CTACGGGCACCTTCCA-1_5"
"437","CTACTATCATCAACCA-1_5"
"438","CTAGACACAGTTCTAG-1_5"
"439","CTAGACAGTGCGTGCT-1_5"
"440","CTAGACATCCCTCGAT-1_5"
"441","CTAGACATCGAGTTGT-1_5"
"442","CTAGGTAAGCGTCTGC-1_5"
"443","CTATAGGGTACAGTCT-1_5"
"444","CTATCCGAGGATTTCC-1_5"
"445","CTATCCGGTCAACCTA-1_5"
"446","CTATCCGGTTGCATCA-1_5"
"447","CTATCCGTCGAACGCC-1_5"
"448","CTATCTAAGAAGCCTG-1_5"
"449","CTATCTAGTCCAAAGG-1_5"
"450","CTATCTATCTAAGAAG-1_5"
"451","CTCAACCGTTCCCACT-1_5"
"452","CTCAACCTCAGATGCT-1_5"
"453","CTCAAGAAGTCGCTAT-1_5"
"454","CTCAAGATCCTCTCGA-1_5"
"455","CTCAATTCAGGAATAT-1_5"
"456","CTCAATTTCTCTGACC-1_5"
"457","CTCACTGTCAAATAGG-1_5"
"458","CTCAGAATCCCATACC-1_5"
"459","CTCAGGGAGACGCCCT-1_5"
"460","CTCAGGGCAAAGGCGT-1_5"
"461","CTCAGGGCAGTTTCGA-1_5"
"462","CTCAGGGGTTAACCTG-1_5"
"463","CTCATCGAGACATCCT-1_5"
"464","CTCATCGTCGCAGTCG-1_5"
"465","CTCATGCAGGAATCGC-1_5"
"466","CTCATGCCATCACAGT-1_5"
"467","CTCATGCGTCTACAGT-1_5"
"468","CTCATTACAAATTGCC-1_5"
"469","CTCATTATCAGGGTAG-1_5"
"470","CTCCAACCAAACTCTG-1_5"
"471","CTCCAACTCTCGCAGG-1_5"
"472","CTCCACAAGCGTACAG-1_5"
"473","CTCCACAAGGGTTTCT-1_5"
"474","CTCCACACAACAGCTT-1_5"
"475","CTCCACATCTCTGAGA-1_5"
"476","CTCCATGAGGATTTAG-1_5"
"477","CTCCATGGTCAAATCC-1_5"
"478","CTCCATGGTTACGCCG-1_5"
"479","CTCCCAACACGACAAG-1_5"
"480","CTCCCTCCAAAGACGC-1_5"
"481","CTCCCTCCAGATGCGA-1_5"
"482","CTCCCTCGTTGCATCA-1_5"
"483","CTCCCTCTCTGTCGCT-1_5"
"484","CTCGAGGTCTCACCCA-1_5"
"485","CTCTCAGCATCCGATA-1_5"
"486","CTCTGGTCAAGAATAC-1_5"
"487","CTGAATGAGCACCAGA-1_5"
"488","CTGAATGGTTCCAAAC-1_5"
"489","CTGAGCGCAAATCGGG-1_5"
"490","CTGAGGCAGCATGGGT-1_5"
"491","CTGATCCGTGTGTCGC-1_5"
"492","CTGCAGGCATCGGAAG-1_5"
"493","CTGCAGGTCCTGCCAT-1_5"
"494","CTGCATCAGTTGCGAG-1_5"
"495","CTGCCATCAAGAGCTG-1_5"
"496","CTGCCATGTCGTGGAA-1_5"
"497","CTGCGAGAGCCGTAAG-1_5"
"498","CTGCGAGGTCGTTCAA-1_5"
"499","CTGGCAGGTCCCGGTA-1_5"
"500","CTGGTCTGTGCTGTCG-1_5"
"501","CTGTACCAGCGAGTCA-1_5"
"502","CTGTCGTAGACGGTCA-1_5"
"503","CTGTCGTCAGGTTCAT-1_5"
"504","CTGTCGTGTATGCTAC-1_5"
"505","CTGTGAAGTAGGTCAG-1_5"
"506","CTGTGGGTCGAGTGGA-1_5"
"507","CTTACCGTCTCTGCTG-1_5"
"508","CTTAGGATCACCTACC-1_5"
"509","CTTAGGATCATTCTTG-1_5"
"510","CTTCAATAGTTCTCTT-1_5"
"511","CTTCCGAAGGTCATAA-1_5"
"512","CTTCCTTAGCCACAAG-1_5"
"513","CTTCGGTGTTCGAGCC-1_5"
"514","CTTCGGTTCCGATCTC-1_5"
"515","CTTCTCTAGAAGTGTT-1_5"
"516","CTTGATTCAAGCAGGT-1_5"
"517","GAAACCTCAAGGACAC-1_5"
"518","GAAACCTTCAAAGGAT-1_5"
"519","GAAATGAAGACCTTTG-1_5"
"520","GAACACTGTGAGCTCC-1_5"
"521","GAACTGTAGATGGCAC-1_5"
"522","GAACTGTTCGGTTCAA-1_5"
"523","GAAGAATTCTGAATCG-1_5"
"524","GAAGCCCCAAGCGAAC-1_5"
"525","GAAGCCCCATAGAAAC-1_5"
"526","GAAGCCCTCGGACGTC-1_5"
"527","GAAGGACGTAGACAGC-1_5"
"528","GAAGGGTAGGTTCACT-1_5"
"529","GAAGGGTTCCACGGAC-1_5"
"530","GAAGTAACAGAAGCGT-1_5"
"531","GAATAGAAGACAACTA-1_5"
"532","GAATAGACATCGATGT-1_5"
"533","GAATCACTCAACGCTA-1_5"
"534","GAATCGTTCCTGTAGA-1_5"
"535","GACACGCGTACTAAGA-1_5"
"536","GACATCACAACTACGT-1_5"
"537","GACATCAGTTAAACCC-1_5"
"538","GACATCAGTTTGGGTT-1_5"
"539","GACCAATCACACAGAG-1_5"
"540","GACCAATTCGATGGAG-1_5"
"541","GACCAATTCGCTTGCT-1_5"
"542","GACCCTTAGGTACAGC-1_5"
"543","GACCCTTCAGTGAGCA-1_5"
"544","GACCGTGAGATCCCGC-1_5"
"545","GACCGTGGTTCGGGTC-1_5"
"546","GACCGTGGTTGGACCC-1_5"
"547","GACGCTGCACTTACAG-1_5"
"548","GACGCTGTCAGGGTAG-1_5"
"549","GACTATGGTACGAAAT-1_5"
"550","GACTCTCGTGAAGCGT-1_5"
"551","GACTGATAGTTAACGA-1_5"
"552","GACTGATCAAAGCAAT-1_5"
"553","GACTTCCCACGGCCAT-1_5"
"554","GACTTCCTCTTTGCTA-1_5"
"555","GAGAAATCAAGGTCTT-1_5"
"556","GAGACCCAGAGGATCC-1_5"
"557","GAGACTTCACAAATCC-1_5"
"558","GAGAGGTAGTCCCTAA-1_5"
"559","GAGATGGTCATTACGG-1_5"
"560","GAGCCTGGTACAGTCT-1_5"
"561","GAGCCTGTCTGCAGCG-1_5"
"562","GAGCTGCGTTCGAAGG-1_5"
"563","GAGCTGCGTTGTCCCT-1_5"
"564","GAGCTGCTCCCGAGGT-1_5"
"565","GAGGCAACACCGCTGA-1_5"
"566","GAGGCAACACCGTCGA-1_5"
"567","GAGGCCTGTGGTCAAG-1_5"
"568","GAGGCCTTCAGACTGT-1_5"
"569","GAGGCCTTCGCCTAGG-1_5"
"570","GAGGGATGTTATTCCT-1_5"
"571","GAGGGTATCATGCCCT-1_5"
"572","GAGTGTTTCGCTGACG-1_5"
"573","GAGTTACAGGTAACTA-1_5"
"574","GAGTTACAGTTATGGA-1_5"
"575","GAGTTACTCTAAACGC-1_5"
"576","GAGTTTGCAAGTGGCA-1_5"
"577","GATAGCTAGTCTAACC-1_5"
"578","GATAGCTGTCTGTGGC-1_5"
"579","GATCACACAGCGGTCT-1_5"
"580","GATCACAGTTCGTAAC-1_5"
"581","GATCAGTGTAGTGATA-1_5"
"582","GATCAGTTCAAAGGAT-1_5"
"583","GATCATGAGACGCAGT-1_5"
"584","GATCGTAAGTGTAGAT-1_5"
"585","GATCGTAGTAAGCGGT-1_5"
"586","GATCGTATCAAGAATG-1_5"
"587","GATGACTCAAGGAGTC-1_5"
"588","GATGACTCAATTCGTG-1_5"
"589","GATGACTTCCTACCGT-1_5"
"590","GATGAGGAGTACGTCT-1_5"
"591","GATGAGGAGTCATAGA-1_5"
"592","GATGAGGAGTGACCTT-1_5"
"593","GATGAGGTCATTGAGC-1_5"
"594","GATGAGGTCGTGCTCT-1_5"
"595","GATGATCAGAGATCGC-1_5"
"596","GATGATCCAAGCACAG-1_5"
"597","GATGATCTCATGTCTT-1_5"
"598","GATGTTGTCCACTTTA-1_5"
"599","GATTTCTCATATACCG-1_5"
"600","GCACATAGTCGTGATT-1_5"
"601","GCACATATCCCTATTA-1_5"
"602","GCACGTGGTCGAAACG-1_5"
"603","GCAGGCTTCCACAGCG-1_5"
"604","GCAGTTATCCGCTAGG-1_5"
"605","GCATCGGCACTTGTGA-1_5"
"606","GCATGATCACTTTATC-1_5"
"607","GCATTAGAGCTGAGTG-1_5"
"608","GCATTAGGTGGCTCTG-1_5"
"609","GCCAGGTAGGGCGAGA-1_5"
"610","GCCAGGTAGGTGCTTT-1_5"
"611","GCCAGGTTCAAGTCGT-1_5"
"612","GCCATGGTCGTGGCTG-1_5"
"613","GCCATTCCAACCACAT-1_5"
"614","GCCCAGACAACCTAAC-1_5"
"615","GCCCAGATCCGTGGCA-1_5"
"616","GCCCAGATCGAAACAA-1_5"
"617","GCCCAGATCGTGGCGT-1_5"
"618","GCCGATGCAACTCATG-1_5"
"619","GCCGTGAGTTTAGTCG-1_5"
"620","GCCTGTTGTGGCTTGC-1_5"
"621","GCGAGAAAGTAAATGC-1_5"
"622","GCGATCGCAGACAATA-1_5"
"623","GCGATCGGTTCGAGCC-1_5"
"624","GCGATCGTCAACCGAT-1_5"
"625","GCGGAAACAGTAGAAT-1_5"
"626","GCGGATCCAGTGGCTC-1_5"
"627","GCGGATCGTTCAGTAC-1_5"
"628","GCGTGCATCCAGCACG-1_5"
"629","GCGTTTCTCGAATGCT-1_5"
"630","GCTACAAGTCGTTGGC-1_5"
"631","GCTACAATCGCTTAAG-1_5"
"632","GCTACCTCAAAGACGC-1_5"
"633","GCTGCAGGTATCGGTT-1_5"
"634","GCTGCAGTCGCCTTGT-1_5"
"635","GCTGGGTCACAAGCTT-1_5"
"636","GCTGGGTGTGTGACCC-1_5"
"637","GCTTTCGCACTTCAAG-1_5"
"638","GGAACCCCACTGATTG-1_5"
"639","GGAAGTGGTAACATAG-1_5"
"640","GGAATCTCATGAAGGC-1_5"
"641","GGACGTCTCATCACAG-1_5"
"642","GGACGTCTCGGCTGTG-1_5"
"643","GGAGAACCACCAGCGT-1_5"
"644","GGAGATGAGTAAGGGA-1_5"
"645","GGAGATGGTCGAACGA-1_5"
"646","GGAGATGGTGCTGATT-1_5"
"647","GGAGGATGTAATGATG-1_5"
"648","GGAGGATTCAGTGTCA-1_5"
"649","GGAGGATTCGGAAACG-1_5"
"650","GGAGGTAAGGCGTTAG-1_5"
"651","GGATCTAAGAGTATAC-1_5"
"652","GGATCTATCTGTAAGC-1_5"
"653","GGATGTTAGTGTTCAC-1_5"
"654","GGCACGTTCCGCAAAT-1_5"
"655","GGCTGTGCAAGGGCAT-1_5"
"656","GGCTTTCGTCCACATA-1_5"
"657","GGGACAAGTTCGTTCC-1_5"
"658","GGGACAATCGGAGTAG-1_5"
"659","GGGACTCAGACGTCGA-1_5"
"660","GGGACTCGTAGCTTAC-1_5"
"661","GGGAGATTCTCTCCGA-1_5"
"662","GGGAGTAGTCACCCTT-1_5"
"663","GGGATCCTCAACTGGT-1_5"
"664","GGGATGAGTGCCGGTT-1_5"
"665","GGGCGTTTCACATACG-1_5"
"666","GGGCGTTTCGCTGATA-1_5"
"667","GGGCTACCAACCACGC-1_5"
"668","GGGCTCACATGCTGCG-1_5"
"669","GGGTAGACACCTTCGT-1_5"
"670","GGGTTATAGGGCCCTT-1_5"
"671","GGGTTATAGTAAGAGG-1_5"
"672","GGGTTTAGTTTGTGGT-1_5"
"673","GGTAATCCAACAGCTT-1_5"
"674","GGTAGAGAGAGCTGAC-1_5"
"675","GGTAGAGTCCAACACA-1_5"
"676","GGTCACGAGCGCCCAT-1_5"
"677","GGTCTGGAGATCGCCC-1_5"
"678","GGTCTGGCACACTGGC-1_5"
"679","GGTCTGGCAGTGACCC-1_5"
"680","GGTCTGGGTGCAGATG-1_5"
"681","GGTGAAGCATCCGATA-1_5"
"682","GGTGAAGGTAACATAG-1_5"
"683","GGTGAAGTCTAGAACC-1_5"
"684","GGTGGCTTCGGTCACG-1_5"
"685","GGTGTCGTCGATGCAT-1_5"
"686","GGTTAACTCTCCGTGT-1_5"
"687","GGTTCTCTCTGCGATA-1_5"
"688","GGTTCTCTCTGGCTGG-1_5"
"689","GTAACCACAAGATTGA-1_5"
"690","GTAACCACAGCTGCCA-1_5"
"691","GTAAGTCAGTGGAAAG-1_5"
"692","GTACAGTGTCGGAACA-1_5"
"693","GTACAGTGTGGGATTG-1_5"
"694","GTAGAGGCATCGGTTA-1_5"
"695","GTAGATCTCGTTATCT-1_5"
"696","GTAGATCTCTTGGTCC-1_5"
"697","GTAGGAGCAAGTTCGT-1_5"
"698","GTAGGTTCAACGTAAA-1_5"
"699","GTAGGTTCAGACTCTA-1_5"
"700","GTAGTACAGACAGTCG-1_5"
"701","GTATTGGGTGCTTATG-1_5"
"702","GTATTTCAGGGAGGTG-1_5"
"703","GTCAAGTCAGGGACTA-1_5"
"704","GTCAAGTCAGTGTATC-1_5"
"705","GTCAAGTGTGGCCACT-1_5"
"706","GTCACTCAGACAGCTG-1_5"
"707","GTCACTCGTAGCGCCT-1_5"
"708","GTCACTCTCTTGATTC-1_5"
"709","GTCAGCGAGGCGAACT-1_5"
"710","GTCATCCGTTGTTGAC-1_5"
"711","GTCATGAAGAGAGTGA-1_5"
"712","GTCCACTTCAAGCCAT-1_5"
"713","GTCCCATAGCTGTCCG-1_5"
"714","GTCCCATCATATGCGT-1_5"
"715","GTCGAATGTAGGCAAC-1_5"
"716","GTCGAATGTCCCTGAG-1_5"
"717","GTCGCGACAGCAGACA-1_5"
"718","GTCGCGACAGCTGTAT-1_5"
"719","GTCGTAATCCGATGCG-1_5"
"720","GTCGTTCCAGGGACTA-1_5"
"721","GTCGTTCTCTCTGCCA-1_5"
"722","GTCTAGAGTCCCGCAA-1_5"
"723","GTCTTTAAGGGCCTCT-1_5"
"724","GTGACGCTCTGCTCTG-1_5"
"725","GTGAGGATCCGTATGA-1_5"
"726","GTGAGTTCACGAGGAT-1_5"
"727","GTGATGTGTAGACTGG-1_5"
"728","GTGATGTTCCTACACC-1_5"
"729","GTGCAGCTCCTGCCAT-1_5"
"730","GTGCGTGGTGACAGGT-1_5"
"731","GTGCTGGAGGGAGTTC-1_5"
"732","GTGCTGGGTGATCATC-1_5"
"733","GTGCTTCCAGGGTCTC-1_5"
"734","GTGCTTCTCGTCGGGT-1_5"
"735","GTGGAGAGTGCGACAA-1_5"
"736","GTGGGAATCCATAAGC-1_5"
"737","GTGGTTAGTGCCCTTT-1_5"
"738","GTGGTTAGTGGTCTGC-1_5"
"739","GTGGTTAGTTGTCATG-1_5"
"740","GTGTAACCAACCTAAC-1_5"
"741","GTGTAACGTTCTCACC-1_5"
"742","GTGTAACTCGTTCATT-1_5"
"743","GTGTCCTAGTCCCAAT-1_5"
"744","GTGTGATAGAGGTCAC-1_5"
"745","GTGTGATCATCCTAAG-1_5"
"746","GTGTGGCCAATGTCTG-1_5"
"747","GTGTTAGCACCCTCTA-1_5"
"748","GTGTTAGTCCATCACC-1_5"
"749","GTGTTCCGTCCACACG-1_5"
"750","GTGTTCCGTTCTATCT-1_5"
"751","GTTACAGAGGACGGAG-1_5"
"752","GTTACAGAGGATCATA-1_5"
"753","GTTACAGAGTAAGCAT-1_5"
"754","GTTACAGGTGAAAGTT-1_5"
"755","GTTACGAAGAGATCGC-1_5"
"756","GTTAGACTCAGACCGC-1_5"
"757","GTTAGTGCACTTGGCG-1_5"
"758","GTTCATTCAGAGATTA-1_5"
"759","GTTCGCTGTTGCTTGA-1_5"
"760","GTTCGCTTCGCCAACG-1_5"
"761","GTTCTATGTGGTGATG-1_5"
"762","GTTGAACAGTCCCGAC-1_5"
"763","GTTGCGGTCACCCTCA-1_5"
"764","GTTGTAGAGTTGTCAC-1_5"
"765","GTTGTCCGTTTCAGAC-1_5"
"766","GTTGTCCTCACCTCGT-1_5"
"767","GTTGTCCTCAGGAACG-1_5"
"768","GTTGTCCTCAGTCAGT-1_5"
"769","GTTGTGAAGTTGGGAC-1_5"
"770","GTTGTGATCTTGGTGA-1_5"
"771","GTTTGGAAGCAGTACG-1_5"
"772","TAACACGCATAATCCG-1_5"
"773","TAACGACCATACAGCT-1_5"
"774","TAACTTCAGAAGGCTC-1_5"
"775","TAACTTCTCGCACGGT-1_5"
"776","TAAGCACCAGCAGTTT-1_5"
"777","TAAGCACTCGAAGGAC-1_5"
"778","TAAGCACTCGACCCAG-1_5"
"779","TAAGCCACAGCCCAGT-1_5"
"780","TAAGCCAGTTGTCCCT-1_5"
"781","TAAGCGTCAAGTGGAC-1_5"
"782","TAAGTCGAGTTGCGAG-1_5"
"783","TAAGTCGGTATGCGTT-1_5"
"784","TAATCTCCAAATGGTA-1_5"
"785","TACACCCAGAGGGTGG-1_5"
"786","TACAGGTAGCCTCGTG-1_5"
"787","TACCCACGTTGTAGCT-1_5"
"788","TACCCGTGTGTTAGCT-1_5"
"789","TACCCGTGTTCTTCAT-1_5"
"790","TACCGAAAGGATCACG-1_5"
"791","TACCTCGAGCCAAGGT-1_5"
"792","TACCTCGTCGAAACAA-1_5"
"793","TACCTGCGTCTTTATC-1_5"
"794","TACGCTCCATATTCGG-1_5"
"795","TACGGGCTCGTACCTC-1_5"
"796","TACGTCCCAGTTGTCA-1_5"
"797","TACGTCCCATGCGTGC-1_5"
"798","TACTGCCGTCTGTAGT-1_5"
"799","TACTGCCTCCTACAAG-1_5"
"800","TACTTGTGTCCACGCA-1_5"
"801","TAGACTGAGAGCATTA-1_5"
"802","TAGACTGGTGACTCTA-1_5"
"803","TAGAGTCAGACGTCCC-1_5"
"804","TAGAGTCGTACAAACA-1_5"
"805","TAGAGTCGTCCCTAAA-1_5"
"806","TAGATCGGTAGCACGA-1_5"
"807","TAGATCGGTAGGACCA-1_5"
"808","TAGGGTTGTACTAAGA-1_5"
"809","TAGGGTTGTCACTACA-1_5"
"810","TAGGTACCAGCTCCTT-1_5"
"811","TAGGTTGGTTCGGCGT-1_5"
"812","TAGTGCAAGATCCCGC-1_5"
"813","TATACCTAGGGCAGTT-1_5"
"814","TATACCTCAACTGGTT-1_5"
"815","TATATCCCATAACGGG-1_5"
"816","TATATCCGTTCCGCTT-1_5"
"817","TATCTGTAGATGATTG-1_5"
"818","TATCTGTAGCTTAGTC-1_5"
"819","TATCTGTCACTCCGAG-1_5"
"820","TATCTGTTCCTTTAGT-1_5"
"821","TATCTTGTCAGTCATG-1_5"
"822","TATGTTCAGGTAGATT-1_5"
"823","TATGTTCGTTCCTAGA-1_5"
"824","TATTGGGTCAGATTGC-1_5"
"825","TCAAGACAGACGGATC-1_5"
"826","TCAAGACAGCCTATTG-1_5"
"827","TCAAGCAAGTAATCCC-1_5"
"828","TCAAGCATCCACATAG-1_5"
"829","TCAAGCATCGAGAAAT-1_5"
"830","TCAAGCATCTACCTTA-1_5"
"831","TCAATCTCAGGTTCCG-1_5"
"832","TCAATTCTCCGTGGCA-1_5"
"833","TCACAAGTCTACCAGA-1_5"
"834","TCACACCGTCCTCATC-1_5"
"835","TCACACCTCCGTTGGG-1_5"
"836","TCACATTTCGTGGACC-1_5"
"837","TCACGCTAGAGAGCAA-1_5"
"838","TCACGCTCAGGGAGAG-1_5"
"839","TCACGCTGTATGTCCA-1_5"
"840","TCACGCTTCAGACCTA-1_5"
"841","TCACGCTTCCTAAGTG-1_5"
"842","TCACTATAGATTGACA-1_5"
"843","TCACTCGCAATTGCAC-1_5"
"844","TCAGCCTCAAGTACCT-1_5"
"845","TCAGCCTCACTAGGTT-1_5"
"846","TCAGCCTTCGTTAGAC-1_5"
"847","TCAGGGCGTAAGAACT-1_5"
"848","TCAGGGCGTCGCATCG-1_5"
"849","TCAGTCCGTGGCCACT-1_5"
"850","TCATACTTCAACTGAC-1_5"
"851","TCATACTTCTGGGCAC-1_5"
"852","TCATATCCACCCAACG-1_5"
"853","TCATCATAGAGTCAGC-1_5"
"854","TCATCATCAGGGTTGA-1_5"
"855","TCATCATCAGTTAAAG-1_5"
"856","TCATCCGCACCAGACC-1_5"
"857","TCATGAGGTTCCTAAG-1_5"
"858","TCATGAGTCGATACGT-1_5"
"859","TCATGTTGTCGCACGT-1_5"
"860","TCATGTTGTCTCAGGC-1_5"
"861","TCATTCAGTTGGTAGG-1_5"
"862","TCATTGTGTTTCCCAC-1_5"
"863","TCCACCAGTGCATTAC-1_5"
"864","TCCATCGGTCGAACGA-1_5"
"865","TCCATCGTCAGAACCT-1_5"
"866","TCCCACAGTGATTGGG-1_5"
"867","TCCCAGTAGCACGGAT-1_5"
"868","TCCGAAAGTACCATAC-1_5"
"869","TCCGAAATCTTGAACG-1_5"
"870","TCCGGGACAGATTTCG-1_5"
"871","TCCGGGACAGGGCTTC-1_5"
"872","TCCGTGTGTGGGTTGA-1_5"
"873","TCCTAATCAGGCATGA-1_5"
"874","TCCTAATGTACCCACG-1_5"
"875","TCCTAATGTGACTGTT-1_5"
"876","TCCTCCCAGTTTGAGA-1_5"
"877","TCCTCGAAGTCATTGC-1_5"
"878","TCCTCGACAGGTAGTG-1_5"
"879","TCCTCGATCATTTCCA-1_5"
"880","TCGAACAGTTCCAAAC-1_5"
"881","TCGAAGTCACCAACAT-1_5"
"882","TCGACCTAGCTGAGCA-1_5"
"883","TCGACCTAGCTTTCCC-1_5"
"884","TCGACCTGTAACCCTA-1_5"
"885","TCGACCTGTGTTGATC-1_5"
"886","TCGACGGCATCCGGCA-1_5"
"887","TCGACGGGTTTGTGGT-1_5"
"888","TCGACGGTCCTGATAG-1_5"
"889","TCGATTTCAGCTTTGA-1_5"
"890","TCGCTTGAGCAAGCCA-1_5"
"891","TCGCTTGGTCGCATGC-1_5"
"892","TCGGGCACACTGCTTC-1_5"
"893","TCGGTCTAGCCATTGT-1_5"
"894","TCGTAGAAGTTAACGA-1_5"
"895","TCGTAGACATATTCGG-1_5"
"896","TCGTAGATCGTCCTTG-1_5"
"897","TCGTCCAAGCGGGTAT-1_5"
"898","TCGTCCAAGGCTCTCG-1_5"
"899","TCGTCCAGTTTCTTAC-1_5"
"900","TCGTGCTGTGATATAG-1_5"
"901","TCGTGGGAGAGAACCC-1_5"
"902","TCGTGGGAGTTGCCCG-1_5"
"903","TCGTGGGGTATCGTGT-1_5"
"904","TCTACATCACTAAACC-1_5"
"905","TCTACATCAGGAATCG-1_5"
"906","TCTACCGAGGTCACTT-1_5"
"907","TCTACCGAGTAGGTTA-1_5"
"908","TCTACCGGTAGCGCCT-1_5"
"909","TCTATCAAGCGACCCT-1_5"
"910","TCTCAGCCACCTAAAC-1_5"
"911","TCTCCGAAGCCTGGAA-1_5"
"912","TCTCTGGTCTACACAG-1_5"
"913","TCTGCCACAGCCTATA-1_5"
"914","TCTGCCACATGGCCAC-1_5"
"915","TCTGTCGTCCCGAGTG-1_5"
"916","TCTTAGTGTGCATCTA-1_5"
"917","TCTTCCTAGGCAATGC-1_5"
"918","TCTTGCGAGACATATG-1_5"
"919","TCTTGCGAGAGGATCC-1_5"
"920","TCTTTGACAAGGGTCA-1_5"
"921","TGAATCGAGGGCCCTT-1_5"
"922","TGAATGCGTACACGCC-1_5"
"923","TGAATGCTCAAGTGGG-1_5"
"924","TGACCCTAGCCTGAGA-1_5"
"925","TGACCCTTCTGGCCTT-1_5"
"926","TGACGCGAGTGAGTTA-1_5"
"927","TGACTCCGTACAGCGA-1_5"
"928","TGAGCATCATCTCATT-1_5"
"929","TGAGCATGTATTAAGG-1_5"
"930","TGAGCATTCTCATGGA-1_5"
"931","TGAGCGCTCTGCATAG-1_5"
"932","TGAGGAGTCCGACGGT-1_5"
"933","TGAGGGACAACAAGTA-1_5"
"934","TGAGGGAGTCATCCGG-1_5"
"935","TGATCAGAGCACTAAA-1_5"
"936","TGATCAGGTATCCCAA-1_5"
"937","TGATCAGTCCGTCCTA-1_5"
"938","TGATGCAAGCTCCGAC-1_5"
"939","TGATGCAAGTAACCGG-1_5"
"940","TGATTTCTCTTAAGGC-1_5"
"941","TGCACGGTCCCTGGTT-1_5"
"942","TGCAGATAGGAACTAT-1_5"
"943","TGCAGATGTTGTCAGT-1_5"
"944","TGCAGATTCGCCAACG-1_5"
"945","TGCAGGCAGGACAACC-1_5"
"946","TGCAGGCGTCACCGAC-1_5"
"947","TGCAGTAAGATTGGGC-1_5"
"948","TGCAGTAAGGATATAC-1_5"
"949","TGCAGTAGTTCCGCAG-1_5"
"950","TGCATGACAATAACCC-1_5"
"951","TGCCGAGTCTCATTTG-1_5"
"952","TGCGATAGTCAGTCGC-1_5"
"953","TGCGGCATCGCCGAGT-1_5"
"954","TGCTCCACAGAACTCT-1_5"
"955","TGCTCGTTCCGGCAGT-1_5"
"956","TGCTTCGCACCGTCTT-1_5"
"957","TGGAGGAGTTCCTACC-1_5"
"958","TGGAGGATCGCCACTT-1_5"
"959","TGGATCAAGGCTCCCA-1_5"
"960","TGGATGTAGGAACGAA-1_5"
"961","TGGATGTAGGACATCG-1_5"
"962","TGGCGTGGTTGTGTTG-1_5"
"963","TGGGAAGCATGAAGCG-1_5"
"964","TGGGAGATCGGCTTCT-1_5"
"965","TGGGATTCATTGGGAG-1_5"
"966","TGGGCGTAGTAAGCAT-1_5"
"967","TGGGCGTGTTAGGGTG-1_5"
"968","TGGTTAGTCCATAGAC-1_5"
"969","TGGTTAGTCTCTGCCA-1_5"
"970","TGTAACGCAGAGAGGG-1_5"
"971","TGTAAGCCACTGGCCA-1_5"
"972","TGTACAGCAGACACCC-1_5"
"973","TGTACAGTCCGCTAGG-1_5"
"974","TGTAGACGTACGTTCA-1_5"
"975","TGTCCCAGTGTGTGTT-1_5"
"976","TGTGATGTCTGCGGGT-1_5"
"977","TGTGCGGGTCTTGCGG-1_5"
"978","TGTTCATTCCAACCAA-1_5"
"979","TGTTCCGCACTGTTCC-1_5"
"980","TGTTCCGTCGCAGTTA-1_5"
"981","TGTTGGAAGCGCTGAA-1_5"
"982","TTAATCCCACCCTTAC-1_5"
"983","TTAATCCCATCGATAC-1_5"
"984","TTAATCCGTCACTCAA-1_5"
"985","TTAATCCTCACCTGTC-1_5"
"986","TTAATCCTCACTACTT-1_5"
"987","TTAATCCTCTGGACTA-1_5"
"988","TTACAGGAGGTAGCAC-1_5"
"989","TTACAGGGTTGCTCAA-1_5"
"990","TTACCATGTCGACTGC-1_5"
"991","TTACCGCCAGAACGCA-1_5"
"992","TTACCGCGTTGCATCA-1_5"
"993","TTACGCCCACGCAAAG-1_5"
"994","TTACGCCGTGTGCTTA-1_5"
"995","TTACGCCTCTGGCCGA-1_5"
"996","TTACGTTTCAGGGTAG-1_5"
"997","TTAGGCAAGACTTGTC-1_5"
"998","TTAGGCAAGCCACAAG-1_5"
"999","TTAGGCACATCAACCA-1_5"
"1000","TTAGGCATCCCGTGAG-1_5"
"1001","TTAGGGTCAAGCTCTA-1_5"
"1002","TTAGTCTTCATGAGGG-1_5"
"1003","TTCAATCTCAACCCGG-1_5"
"1004","TTCAATCTCGCAATGT-1_5"
"1005","TTCACGCAGGGCATGT-1_5"
"1006","TTCATGTCAAGATGTA-1_5"
"1007","TTCATGTCACTGTGAT-1_5"
"1008","TTCATGTCAGCCCACA-1_5"
"1009","TTCATGTCAGTAGATA-1_5"
"1010","TTCCAATAGGGCAGAG-1_5"
"1011","TTCCGGTCAACCAGAG-1_5"
"1012","TTCCGGTCACCGTCGA-1_5"
"1013","TTCCGGTCAGCACGAA-1_5"
"1014","TTCCTAATCTAAACGC-1_5"
"1015","TTCCTCTTCGGAAACG-1_5"
"1016","TTCCTTCAGTATCCTG-1_5"
"1017","TTCGCTGTCAAGGAGC-1_5"
"1018","TTCTAACAGAAACCCG-1_5"
"1019","TTCTAACAGATAACGT-1_5"
"1020","TTCTAGTAGACGCATG-1_5"
"1021","TTCTCTCAGAAGCGCT-1_5"
"1022","TTCTCTCTCGCTGTTC-1_5"
"1023","TTCTTGAGTGTCTTCC-1_5"
"1024","TTGAACGAGACTGGGT-1_5"
"1025","TTGAACGCAGTTAGAA-1_5"
"1026","TTGAACGCATCCGTTC-1_5"
"1027","TTGATGGAGATAGTCA-1_5"
"1028","TTGATGGAGGCTTAGG-1_5"
"1029","TTGCATTAGTGACCTT-1_5"
"1030","TTGCCTGCACTCATAG-1_5"
"1031","TTGGATGTCGCCAGTG-1_5"
"1032","TTGGGCGCAATTCGTG-1_5"
"1033","TTGGGCGCATAACAGA-1_5"
"1034","TTGGGTAGTACAGCGA-1_5"
"1035","TTGTGGATCACTACTT-1_5"
"1036","TTGTGTTCAGCATACT-1_5"
"1037","TTGTGTTCATACTGTG-1_5"
"1038","TTGTTGTGTGAAGCGT-1_5"
"1039","TTGTTGTTCGAGCTGC-1_5"
"1040","TTGTTGTTCTCTATAC-1_5"
"1041","TTGTTTGGTCGGCTAC-1_5"
"1042","TTTACCAGTGTAGGAC-1_5"
"1043","TTTACGTGTTCGGTAT-1_5"
"1044","TTTACTGGTCAGTTTG-1_5"
"1045","TTTAGTCAGAGTAACT-1_5"
"1046","TTTAGTCGTTAGCTAC-1_5"
"1047","TTTATGCCAAGTGGCA-1_5"
"1048","TTTATGCGTGGTTTGT-1_5"
"1049","TTTCACAAGGTCGTAG-1_5"
"1050","TTTCAGTTCCTAACAG-1_5"
"1051","TTTCATGCATCATTGG-1_5"
"1052","TTTCATGTCGTTGTAG-1_5"
"1053","TTTCCTCAGGACCCAA-1_5"
"1054","TTTCCTCGTAGGTGCA-1_5"
"1055","TTTCGATTCGGCTCTT-1_5"
"1056","TTTGATCGTAATCAGA-1_5"
"1057","TTTGATCTCGTAGTGT-1_5"
"1058","TTTGGAGAGGCACAAC-1_5"
"1059","TTTGTTGCATAAGCAA-1_5"
"1060","TTTGTTGGTATGATCC-1_5"
