"","x"
"1","AAACCCAAGCTAAATG-1_2_2"
"2","AAACCCAGTGGTACAG-1_2_2"
"3","AAACGAAAGCTCCATA-1_2_2"
"4","AAACGAAAGGCGAACT-1_2_2"
"5","AAACGAAAGTCAGCGA-1_2_2"
"6","AAACGAACAGGTGGAT-1_2_2"
"7","AAACGAACATCGATAC-1_2_2"
"8","AAACGAATCATTGTTC-1_2_2"
"9","AAACGAATCTACAGGT-1_2_2"
"10","AAACGCTCAGGCGTTC-1_2_2"
"11","AAACGCTGTATAATGG-1_2_2"
"12","AAAGAACCAATCACGT-1_2_2"
"13","AAAGAACGTACGAGTG-1_2_2"
"14","AAAGAACTCGACGATT-1_2_2"
"15","AAAGAACTCGGCATTA-1_2_2"
"16","AAAGAACTCTACCAGA-1_2_2"
"17","AAAGAACTCTGGACTA-1_2_2"
"18","AAAGGATAGGCTATCT-1_2_2"
"19","AAAGGATAGTACAACA-1_2_2"
"20","AAAGGATCACAATGTC-1_2_2"
"21","AAAGGATTCATGCCCT-1_2_2"
"22","AAAGGGCTCGCAATGT-1_2_2"
"23","AAAGGGCTCGTGAGAG-1_2_2"
"24","AAAGGTAAGTTGCATC-1_2_2"
"25","AAAGGTAGTGGCGTAA-1_2_2"
"26","AAAGGTATCCCTCTAG-1_2_2"
"27","AAAGGTATCGAAATCC-1_2_2"
"28","AAAGTCCAGTCCCAGC-1_2_2"
"29","AAAGTCCCATGGCGCT-1_2_2"
"30","AAAGTCCTCACTTCTA-1_2_2"
"31","AAAGTCCTCAGACATC-1_2_2"
"32","AAAGTGATCAACTCTT-1_2_2"
"33","AAAGTGATCGATAACC-1_2_2"
"34","AAATGGAAGGTACATA-1_2_2"
"35","AAATGGAAGTGAGGCT-1_2_2"
"36","AAATGGATCAAGGTGG-1_2_2"
"37","AACAAAGCAGCTATAC-1_2_2"
"38","AACAAAGTCCATCGTC-1_2_2"
"39","AACAAAGTCCCATAGA-1_2_2"
"40","AACAAAGTCGTGCACG-1_2_2"
"41","AACAACCAGTGCTCAT-1_2_2"
"42","AACAACCCAGCTACCG-1_2_2"
"43","AACAACCGTTCTAAGC-1_2_2"
"44","AACAACCTCGGAGTGA-1_2_2"
"45","AACAACCTCTTGGCTC-1_2_2"
"46","AACAAGACACGGTGTC-1_2_2"
"47","AACAAGAGTCCTATAG-1_2_2"
"48","AACAAGATCACTACTT-1_2_2"
"49","AACACACAGACCCTTA-1_2_2"
"50","AACACACAGCGTATGG-1_2_2"
"51","AACACACGTATCGATC-1_2_2"
"52","AACACACGTTACACTG-1_2_2"
"53","AACACACTCCGGTAGC-1_2_2"
"54","AACACACTCGTTACCC-1_2_2"
"55","AACAGGGAGATACGAT-1_2_2"
"56","AACCAACAGTTACTCG-1_2_2"
"57","AACCACACACATTACG-1_2_2"
"58","AACCACACATTGTGCA-1_2_2"
"59","AACCATGCAGTCAGAG-1_2_2"
"60","AACCATGTCAAGTCTG-1_2_2"
"61","AACCATGTCAGGCGAA-1_2_2"
"62","AACCATGTCTCCCATG-1_2_2"
"63","AACCCAAAGAGATTCA-1_2_2"
"64","AACCCAACAAGACGGT-1_2_2"
"65","AACCCAACAGTCGGTC-1_2_2"
"66","AACCCAAGTCTCAGAT-1_2_2"
"67","AACCCAATCACGAGGA-1_2_2"
"68","AACCCAATCTATTGTC-1_2_2"
"69","AACCTGACAACGACAG-1_2_2"
"70","AACCTGAGTACCGTGC-1_2_2"
"71","AACCTGAGTCACTGAT-1_2_2"
"72","AACCTGAGTTGGACTT-1_2_2"
"73","AACCTTTAGCGCCCAT-1_2_2"
"74","AACCTTTGTAGAGACC-1_2_2"
"75","AACCTTTGTTAGAAGT-1_2_2"
"76","AACGGGAGTGGCATCC-1_2_2"
"77","AACGGGATCGCTTACC-1_2_2"
"78","AACGTCAAGATGACCG-1_2_2"
"79","AACGTCACAGCTGAAG-1_2_2"
"80","AACGTCAGTATCTCTT-1_2_2"
"81","AACTTCTAGCGCAATG-1_2_2"
"82","AACTTCTGTTTGACAC-1_2_2"
"83","AAGAACACAACCACGC-1_2_2"
"84","AAGAACACATCTTTCA-1_2_2"
"85","AAGACAAAGCTAAACA-1_2_2"
"86","AAGACAATCCGTTTCG-1_2_2"
"87","AAGACTCAGCTGTCCG-1_2_2"
"88","AAGACTCAGTCCCAAT-1_2_2"
"89","AAGACTCCAATGAAAC-1_2_2"
"90","AAGACTCGTCATGGCC-1_2_2"
"91","AAGATAGAGACATAGT-1_2_2"
"92","AAGATAGAGCAGCAGT-1_2_2"
"93","AAGATAGAGTCTGGTT-1_2_2"
"94","AAGATAGCAAGGCCTC-1_2_2"
"95","AAGATAGCACGTTCGG-1_2_2"
"96","AAGATAGGTAAGGCTG-1_2_2"
"97","AAGATAGGTACGTACT-1_2_2"
"98","AAGATAGGTTTCTATC-1_2_2"
"99","AAGATAGTCACAATGC-1_2_2"
"100","AAGCATCCAGGTCAGA-1_2_2"
"101","AAGCATCTCACTGAAC-1_2_2"
"102","AAGCATCTCATGGGAG-1_2_2"
"103","AAGCCATAGCTAGAAT-1_2_2"
"104","AAGCCATAGGCCACTC-1_2_2"
"105","AAGCCATAGTAAATGC-1_2_2"
"106","AAGCCATTCATATGGC-1_2_2"
"107","AAGCGAGTCCAAGCCG-1_2_2"
"108","AAGCGTTCACGACTAT-1_2_2"
"109","AAGCGTTCATGACACT-1_2_2"
"110","AAGCGTTTCACCTGGG-1_2_2"
"111","AAGGAATAGGAACGAA-1_2_2"
"112","AAGGAATAGGGCCTCT-1_2_2"
"113","AAGGAATCACGTAACT-1_2_2"
"114","AAGGAATGTGAGTAAT-1_2_2"
"115","AAGGAATGTTAAGACA-1_2_2"
"116","AAGGTAAAGACCTCAT-1_2_2"
"117","AAGGTAAAGGCCTGAA-1_2_2"
"118","AAGGTAAGTAACTGCT-1_2_2"
"119","AAGGTAAGTAAGTTGA-1_2_2"
"120","AAGGTAAGTAGGTGCA-1_2_2"
"121","AAGGTAAGTTCTTGTT-1_2_2"
"122","AAGGTAATCGACATAC-1_2_2"
"123","AAGTACCCAGCGAGTA-1_2_2"
"124","AAGTCGTAGGGTATAT-1_2_2"
"125","AAGTCGTCAGTATACC-1_2_2"
"126","AAGTGAACACCGGCTA-1_2_2"
"127","AAGTGAAGTATACGGG-1_2_2"
"128","AAGTGAAGTTATGGTC-1_2_2"
"129","AAGTGAATCGTCCTCA-1_2_2"
"130","AAGTGAATCTAGTTCT-1_2_2"
"131","AAGTTCGAGCATGTTC-1_2_2"
"132","AAGTTCGAGGCGCTTC-1_2_2"
"133","AAGTTCGCAGTCGCTG-1_2_2"
"134","AAGTTCGTCAGTCTTT-1_2_2"
"135","AAGTTCGTCCGTATAG-1_2_2"
"136","AATAGAGCAAAGAGTT-1_2_2"
"137","AATAGAGTCGCACGAC-1_2_2"
"138","AATAGAGTCTCTCTAA-1_2_2"
"139","AATCACGCACCGCTGA-1_2_2"
"140","AATCGACCAATGGCCC-1_2_2"
"141","AATCGACCACTCAAGT-1_2_2"
"142","AATCGACCATTAGGCT-1_2_2"
"143","AATCGACGTTCCGGTG-1_2_2"
"144","AATCGTGGTCACCGCA-1_2_2"
"145","AATGACCAGGCTCAAG-1_2_2"
"146","AATGACCCAAAGGCGT-1_2_2"
"147","AATGACCCACTGGACC-1_2_2"
"148","AATGACCCATGTGCCG-1_2_2"
"149","AATGACCTCATTTGCT-1_2_2"
"150","AATGACCTCCATAGAC-1_2_2"
"151","AATGACCTCCGAAATC-1_2_2"
"152","AATGACCTCGGTCGGT-1_2_2"
"153","AATGACCTCTCTAAGG-1_2_2"
"154","AATGACCTCTGAGCAT-1_2_2"
"155","AATGCCAAGGCTAAAT-1_2_2"
"156","AATGCCACAAAGGCGT-1_2_2"
"157","AATGCCAGTATGAGAT-1_2_2"
"158","AATGCCATCAACTACG-1_2_2"
"159","AATGGAAGTCACCTTC-1_2_2"
"160","AATGGCTCATCGCTGG-1_2_2"
"161","AATGGCTCATTCGATG-1_2_2"
"162","AATGGCTGTTCTCTAT-1_2_2"
"163","AATTCCTAGTGGTCAG-1_2_2"
"164","AATTCCTCACTCCTTG-1_2_2"
"165","AATTCCTCAGAACTAA-1_2_2"
"166","AATTTCCAGCGATGAC-1_2_2"
"167","AATTTCCGTAGAATAC-1_2_2"
"168","AATTTCCTCATTATCC-1_2_2"
"169","AATTTCCTCTATGCCC-1_2_2"
"170","AATTTCCTCTGAGAAA-1_2_2"
"171","ACAAAGATCCTACCAC-1_2_2"
"172","ACAAAGATCGGTTAGT-1_2_2"
"173","ACAACCAGTCAACACT-1_2_2"
"174","ACAAGCTGTTTACCAG-1_2_2"
"175","ACAAGCTTCCGTAATG-1_2_2"
"176","ACACAGTAGGCGTTAG-1_2_2"
"177","ACACAGTCAGCGCTTG-1_2_2"
"178","ACACAGTGTTGTGCCG-1_2_2"
"179","ACACCAAAGGAGGTTC-1_2_2"
"180","ACACCAAGTTGTAAAG-1_2_2"
"181","ACACGCGAGAAGATCT-1_2_2"
"182","ACACTGAGTTGGCCGT-1_2_2"
"183","ACACTGATCGAGTGGA-1_2_2"
"184","ACAGAAAAGAATCGCG-1_2_2"
"185","ACAGAAAGTAACGGTG-1_2_2"
"186","ACAGAAAGTAAGATTG-1_2_2"
"187","ACAGCCGGTCAGGCAA-1_2_2"
"188","ACAGCCGGTGGCGCTT-1_2_2"
"189","ACAGCCGGTTAAGGGC-1_2_2"
"190","ACAGCCGTCGGAATTC-1_2_2"
"191","ACAGCCGTCGTTAGTG-1_2_2"
"192","ACATCCCAGCGACCCT-1_2_2"
"193","ACATCCCCAATCAAGA-1_2_2"
"194","ACATCCCCATACAGGG-1_2_2"
"195","ACATCCCGTTCAATCG-1_2_2"
"196","ACATCGAAGAGTTGCG-1_2_2"
"197","ACATCGACAATTCTCT-1_2_2"
"198","ACATCGACACATTACG-1_2_2"
"199","ACATCGACACTTGTCC-1_2_2"
"200","ACATCGATCCTAGCCT-1_2_2"
"201","ACATGCAAGCCAAGCA-1_2_2"
"202","ACATTTCAGACACACG-1_2_2"
"203","ACATTTCAGATGGTCG-1_2_2"
"204","ACATTTCGTAGGATAT-1_2_2"
"205","ACCAAACAGGTGCGAT-1_2_2"
"206","ACCAAACCAAACACGG-1_2_2"
"207","ACCAAACCAAAGGATT-1_2_2"
"208","ACCAAACGTCACTCAA-1_2_2"
"209","ACCAAACTCCCGTTGT-1_2_2"
"210","ACCAACAAGCAACTCT-1_2_2"
"211","ACCAACAAGCCAAGTG-1_2_2"
"212","ACCAACAAGGGAACAA-1_2_2"
"213","ACCAACACAATTCTTC-1_2_2"
"214","ACCAACATCGTAGGAG-1_2_2"
"215","ACCAACATCTATTCGT-1_2_2"
"216","ACCACAACACATTCGA-1_2_2"
"217","ACCACAACATCGATCA-1_2_2"
"218","ACCACAATCCGTCAAA-1_2_2"
"219","ACCATTTAGGGCTTCC-1_2_2"
"220","ACCATTTCAAGTCGTT-1_2_2"
"221","ACCATTTCATCTTAGG-1_2_2"
"222","ACCATTTGTCGAAGCA-1_2_2"
"223","ACCCAAAGTAGTGATA-1_2_2"
"224","ACCCTCAAGGATACCG-1_2_2"
"225","ACCGTTCCATGAATAG-1_2_2"
"226","ACCTACCAGAAGTCAT-1_2_2"
"227","ACCTACCAGCACCAGA-1_2_2"
"228","ACCTACCCAGGTGAGT-1_2_2"
"229","ACCTACCGTCTTAGTG-1_2_2"
"230","ACCTACCGTTCGTACA-1_2_2"
"231","ACCTGAACAACTTGCA-1_2_2"
"232","ACCTGTCAGCAGGGAG-1_2_2"
"233","ACCTGTCAGCGAGAAA-1_2_2"
"234","ACGATCAGTCGTACAT-1_2_2"
"235","ACGATGTAGGCCCGTT-1_2_2"
"236","ACGATGTAGTTTGAGA-1_2_2"
"237","ACGATGTCACGGCCAT-1_2_2"
"238","ACGATGTGTCACTGAT-1_2_2"
"239","ACGATGTTCTCGGCTT-1_2_2"
"240","ACGCACGAGAGCATAT-1_2_2"
"241","ACGCACGGTGTTAACC-1_2_2"
"242","ACGCACGTCTCGTTTA-1_2_2"
"243","ACGGAAGAGGGCTGAT-1_2_2"
"244","ACGGAAGGTTATCCAG-1_2_2"
"245","ACGGAAGGTTCTTAGG-1_2_2"
"246","ACGGGTCAGGACCCAA-1_2_2"
"247","ACGGGTCCAGGTAGTG-1_2_2"
"248","ACGGGTCGTCCCTCAT-1_2_2"
"249","ACGGGTCTCCATCTCG-1_2_2"
"250","ACGGGTCTCTGGTCAA-1_2_2"
"251","ACGGTCGAGGCTATCT-1_2_2"
"252","ACGGTCGCAAAGCAAT-1_2_2"
"253","ACGGTCGCACCGGTCA-1_2_2"
"254","ACGGTCGCACGACGCT-1_2_2"
"255","ACGGTCGGTCAAAGAT-1_2_2"
"256","ACGGTCGTCAAACTGC-1_2_2"
"257","ACGGTCGTCACCATCC-1_2_2"
"258","ACGGTTAAGAAATTCG-1_2_2"
"259","ACGGTTAGTGCAGGAT-1_2_2"
"260","ACGTAACGTACTGGGA-1_2_2"
"261","ACGTAACTCAACCCGG-1_2_2"
"262","ACGTAACTCCGGCAGT-1_2_2"
"263","ACGTACAAGACTTCCA-1_2_2"
"264","ACGTACAAGATGTTAG-1_2_2"
"265","ACGTACAAGGATGCGT-1_2_2"
"266","ACGTACAGTGACCGAA-1_2_2"
"267","ACGTACAGTGTATACC-1_2_2"
"268","ACGTAGTCATTGCTGA-1_2_2"
"269","ACGTAGTGTCATCTAG-1_2_2"
"270","ACGTCCTAGGCAGGTT-1_2_2"
"271","ACGTCCTTCATCACCC-1_2_2"
"272","ACGTTCCAGTGTTCAC-1_2_2"
"273","ACGTTCCGTAGGTCAG-1_2_2"
"274","ACGTTCCGTCCCTGTT-1_2_2"
"275","ACGTTCCGTCTGCAAT-1_2_2"
"276","ACTACGATCAGTGGGA-1_2_2"
"277","ACTATCTAGGCAGTCA-1_2_2"
"278","ACTATCTTCACCATGA-1_2_2"
"279","ACTATCTTCCTCACGT-1_2_2"
"280","ACTATGGGTCGAGTGA-1_2_2"
"281","ACTATGGGTTAAGGAT-1_2_2"
"282","ACTATGGGTTACGATC-1_2_2"
"283","ACTATGGTCCAACCAA-1_2_2"
"284","ACTATTCAGGATATGT-1_2_2"
"285","ACTATTCCAATTCTCT-1_2_2"
"286","ACTATTCCACTGTGTA-1_2_2"
"287","ACTATTCCAGAGTCAG-1_2_2"
"288","ACTATTCGTAAGCGGT-1_2_2"
"289","ACTCCCAAGTTAACGA-1_2_2"
"290","ACTCCCACAGGACGAT-1_2_2"
"291","ACTCCCAGTCAACGCC-1_2_2"
"292","ACTCTCGCACCTCAGG-1_2_2"
"293","ACTCTCGGTGTTAGCT-1_2_2"
"294","ACTCTCGTCTCTGCCA-1_2_2"
"295","ACTGATGAGGCTCTCG-1_2_2"
"296","ACTGATGAGGGTCTTT-1_2_2"
"297","ACTGCAAAGGTAGTAT-1_2_2"
"298","ACTGCAACACAGCCAC-1_2_2"
"299","ACTGCAACACGACGTC-1_2_2"
"300","ACTGTCCCAATACAGA-1_2_2"
"301","ACTGTCCGTAACATGA-1_2_2"
"302","ACTGTGAGTAGCCCTG-1_2_2"
"303","ACTTAGGTCAGGGATG-1_2_2"
"304","ACTTATCCAAGCCTGC-1_2_2"
"305","ACTTCCGAGAAGTCCG-1_2_2"
"306","ACTTCCGAGCGAGGAG-1_2_2"
"307","ACTTCCGAGCTCGTGC-1_2_2"
"308","ACTTCCGAGTTTCTTC-1_2_2"
"309","ACTTCCGCATTGACTG-1_2_2"
"310","ACTTCCGTCCCGAATA-1_2_2"
"311","ACTTCGCAGTGGCGAT-1_2_2"
"312","ACTTCGCCATCACAGT-1_2_2"
"313","ACTTTCAGTGTTGCCG-1_2_2"
"314","ACTTTGTAGCATGCGA-1_2_2"
"315","ACTTTGTCAATACCCA-1_2_2"
"316","ACTTTGTCATACAGAA-1_2_2"
"317","ACTTTGTGTAGTTCCA-1_2_2"
"318","AGAAATGAGAAGATCT-1_2_2"
"319","AGAAATGGTGATGTAA-1_2_2"
"320","AGAAATGGTTCACCGG-1_2_2"
"321","AGAACCTCAAAGGCGT-1_2_2"
"322","AGAACCTTCAGGACGA-1_2_2"
"323","AGAACCTTCCGTTTCG-1_2_2"
"324","AGAACCTTCGATTCCC-1_2_2"
"325","AGAAGCGCAACACACT-1_2_2"
"326","AGAAGCGGTGTTAAAG-1_2_2"
"327","AGAAGCGTCATGGAGG-1_2_2"
"328","AGAAGTACAACGCATT-1_2_2"
"329","AGACAAACAATAACGA-1_2_2"
"330","AGACAAAGTGATTCAC-1_2_2"
"331","AGACACTAGACCATAA-1_2_2"
"332","AGACACTGTTACACTG-1_2_2"
"333","AGACAGGAGAAACCAT-1_2_2"
"334","AGACAGGCAGCCGTCA-1_2_2"
"335","AGACCATTCTCATAGG-1_2_2"
"336","AGACCATTCTCATTTG-1_2_2"
"337","AGACCCGAGATGGTAT-1_2_2"
"338","AGACCCGAGGTTCACT-1_2_2"
"339","AGACCCGCACATCCCT-1_2_2"
"340","AGACCCGGTCGAGATG-1_2_2"
"341","AGACTCAGTTCTGACA-1_2_2"
"342","AGAGAATAGATGTTAG-1_2_2"
"343","AGAGAATCATCTATCT-1_2_2"
"344","AGAGAATGTTTCCATT-1_2_2"
"345","AGAGAATTCAGCGCAC-1_2_2"
"346","AGAGAATTCCATAAGC-1_2_2"
"347","AGAGAGCGTGCGAACA-1_2_2"
"348","AGAGAGCGTTTCAGAC-1_2_2"
"349","AGAGCAGAGGCAATGC-1_2_2"
"350","AGAGCAGAGTAAAGCT-1_2_2"
"351","AGAGCAGCAACCGTGC-1_2_2"
"352","AGAGCAGCAGAAGTTA-1_2_2"
"353","AGAGCAGTCGACCACG-1_2_2"
"354","AGAGCCCAGCGGTATG-1_2_2"
"355","AGAGCCCCACTTGTCC-1_2_2"
"356","AGAGCCCGTCGCTCGA-1_2_2"
"357","AGAGCCCGTTCATCGA-1_2_2"
"358","AGAGCCCTCCTACACC-1_2_2"
"359","AGAGCCCTCTTAATCC-1_2_2"
"360","AGATAGACATCATTGG-1_2_2"
"361","AGATAGAGTATCCTCC-1_2_2"
"362","AGATAGATCACTACGA-1_2_2"
"363","AGATCCACACACTTAG-1_2_2"
"364","AGATCGTAGTACCGGA-1_2_2"
"365","AGATCGTCAAGACAAT-1_2_2"
"366","AGATCGTCAGAAGTGC-1_2_2"
"367","AGATCGTCATGACGAG-1_2_2"
"368","AGATCGTGTGCGGATA-1_2_2"
"369","AGATGAAGTGTACGCC-1_2_2"
"370","AGATGCTAGGGAGAAT-1_2_2"
"371","AGCATCAAGAAGTCTA-1_2_2"
"372","AGCATCAAGCTGACCC-1_2_2"
"373","AGCATCAAGTACAGAT-1_2_2"
"374","AGCATCAAGTTTGAGA-1_2_2"
"375","AGCATCACAAGATGGC-1_2_2"
"376","AGCCAATCACAAGCTT-1_2_2"
"377","AGCCACGAGGTGCTAG-1_2_2"
"378","AGCCACGCACCTCAGG-1_2_2"
"379","AGCCACGTCTCCTACG-1_2_2"
"380","AGCCAGCAGAAGCGGG-1_2_2"
"381","AGCCAGCAGGGATCTG-1_2_2"
"382","AGCCAGCAGTTCCAGT-1_2_2"
"383","AGCCAGCTCGCCAGTG-1_2_2"
"384","AGCGATTAGCACTCAT-1_2_2"
"385","AGCGATTGTCGTGCCA-1_2_2"
"386","AGCGATTTCCGATCTC-1_2_2"
"387","AGCGATTTCTGTGTGA-1_2_2"
"388","AGCGCCACACGGTGTC-1_2_2"
"389","AGCGCTGAGGCCTTCG-1_2_2"
"390","AGCGCTGGTCCTTAAG-1_2_2"
"391","AGCGCTGGTGAGCCAA-1_2_2"
"392","AGCGTATGTGCCCACA-1_2_2"
"393","AGCTACACAACAGCTT-1_2_2"
"394","AGCTTCCAGCGTCTGC-1_2_2"
"395","AGCTTCCGTGAGGATC-1_2_2"
"396","AGCTTCCTCGCAATGT-1_2_2"
"397","AGGAAATAGATGGTCG-1_2_2"
"398","AGGAAATAGGCTGGAT-1_2_2"
"399","AGGAAATAGTTGGAGC-1_2_2"
"400","AGGAAATCATGGCCCA-1_2_2"
"401","AGGAATAAGAGTTGTA-1_2_2"
"402","AGGAATAGTAACGTTC-1_2_2"
"403","AGGAATATCGCCATAA-1_2_2"
"404","AGGACGACAAACGTGG-1_2_2"
"405","AGGACGACATTAAAGG-1_2_2"
"406","AGGACGATCTCTAGGA-1_2_2"
"407","AGGACGATCTTAATCC-1_2_2"
"408","AGGACTTCATGACGGA-1_2_2"
"409","AGGACTTGTGATGTAA-1_2_2"
"410","AGGACTTTCAGCTAGT-1_2_2"
"411","AGGACTTTCGCAAGAG-1_2_2"
"412","AGGAGGTAGAAATTCG-1_2_2"
"413","AGGAGGTCAATCTAGC-1_2_2"
"414","AGGATAACACGTAACT-1_2_2"
"415","AGGATAAGTCATCGGC-1_2_2"
"416","AGGATAAGTGGTCCGT-1_2_2"
"417","AGGATAATCGCCGAAC-1_2_2"
"418","AGGATAATCTTTGGAG-1_2_2"
"419","AGGATCTAGTCTGGAG-1_2_2"
"420","AGGATCTGTTTAGACC-1_2_2"
"421","AGGATCTTCGTTAGTG-1_2_2"
"422","AGGCATTCAATACAGA-1_2_2"
"423","AGGCATTCAGTCTGGC-1_2_2"
"424","AGGCCACAGATGAAGG-1_2_2"
"425","AGGCCACCAATAACGA-1_2_2"
"426","AGGCCACCATCGGATT-1_2_2"
"427","AGGCTGCTCTGACAGT-1_2_2"
"428","AGGGAGTGTTTGCAGT-1_2_2"
"429","AGGGCCTCATTGCTGA-1_2_2"
"430","AGGGCTCAGCGCCTCA-1_2_2"
"431","AGGGCTCCACACACTA-1_2_2"
"432","AGGGTCCAGATAGCTA-1_2_2"
"433","AGGGTCCAGCGAAACC-1_2_2"
"434","AGGGTGAAGCCAGTAG-1_2_2"
"435","AGGGTGACATGTTACG-1_2_2"
"436","AGGGTTTAGAAGCGGG-1_2_2"
"437","AGGGTTTGTATCAAGA-1_2_2"
"438","AGGGTTTGTATCACCA-1_2_2"
"439","AGGGTTTGTGCCCGTA-1_2_2"
"440","AGGGTTTTCGAGGCAA-1_2_2"
"441","AGGTAGGAGACGTCCC-1_2_2"
"442","AGGTAGGTCCTTCGAC-1_2_2"
"443","AGGTCTACACATGTTG-1_2_2"
"444","AGGTCTACAGCTGAAG-1_2_2"
"445","AGGTCTACATCCGAAT-1_2_2"
"446","AGGTCTATCTTCGTGC-1_2_2"
"447","AGGTGTTAGTCGCCCA-1_2_2"
"448","AGGTGTTGTACGGTTT-1_2_2"
"449","AGGTTACAGCCTCGTG-1_2_2"
"450","AGGTTACGTACCCGCA-1_2_2"
"451","AGGTTACGTCGGAACA-1_2_2"
"452","AGGTTACTCCTCTAGC-1_2_2"
"453","AGGTTGTTCGTTCTCG-1_2_2"
"454","AGTAACCAGACGCTCC-1_2_2"
"455","AGTACCAAGAGTACCG-1_2_2"
"456","AGTACCAAGTGAGTGC-1_2_2"
"457","AGTACCACAACGGTAG-1_2_2"
"458","AGTACCATCGGAGCAA-1_2_2"
"459","AGTACTGGTCTGTCCT-1_2_2"
"460","AGTAGCTGTGCATACT-1_2_2"
"461","AGTAGCTTCCATCCGT-1_2_2"
"462","AGTAGTCAGCATGGGT-1_2_2"
"463","AGTAGTCCAGGTGTTT-1_2_2"
"464","AGTAGTCCATGGAATA-1_2_2"
"465","AGTCAACAGCGCCTAC-1_2_2"
"466","AGTCAACGTCCACACG-1_2_2"
"467","AGTCAACGTGCCGGTT-1_2_2"
"468","AGTCACAAGCGATGCA-1_2_2"
"469","AGTCACATCACCTCGT-1_2_2"
"470","AGTCATGAGGAGTATT-1_2_2"
"471","AGTCATGAGGCTCAAG-1_2_2"
"472","AGTCATGGTCTTCTAT-1_2_2"
"473","AGTCTCCCACGGTCTG-1_2_2"
"474","AGTCTCCGTAAGATTG-1_2_2"
"475","AGTCTCCTCACTACTT-1_2_2"
"476","AGTCTCCTCGTTCCTG-1_2_2"
"477","AGTGACTCAGGCCTGT-1_2_2"
"478","AGTGACTGTCAGATTC-1_2_2"
"479","AGTGATCAGTTGCGCC-1_2_2"
"480","AGTGATCGTGATTGGG-1_2_2"
"481","AGTGATCGTGTCCGTG-1_2_2"
"482","AGTGCCGCATACATCG-1_2_2"
"483","AGTGCCGGTTGGGACA-1_2_2"
"484","AGTGTTGCACTGTGAT-1_2_2"
"485","AGTGTTGCAGAAACCG-1_2_2"
"486","AGTTAGCGTCACAGTT-1_2_2"
"487","AGTTAGCTCTCTCTAA-1_2_2"
"488","AGTTAGCTCTTCACAT-1_2_2"
"489","AGTTCCCCAATGAACA-1_2_2"
"490","AGTTCCCGTCTAACTG-1_2_2"
"491","AGTTCCCTCAGAGTTC-1_2_2"
"492","AGTTCGAAGTCGAATA-1_2_2"
"493","AGTTCGACAGAAGTTA-1_2_2"
"494","AGTTCGATCTTCTAAC-1_2_2"
"495","ATACCGAAGAGGGTAA-1_2_2"
"496","ATACCGACATACTGTG-1_2_2"
"497","ATACCGAGTGCCTACG-1_2_2"
"498","ATACCGATCCATAGGT-1_2_2"
"499","ATACCTTAGCAACAGC-1_2_2"
"500","ATACCTTTCTGAGAGG-1_2_2"
"501","ATACTTCAGCTTCTAG-1_2_2"
"502","ATACTTCAGTAGATCA-1_2_2"
"503","ATACTTCCATTCTCCG-1_2_2"
"504","ATACTTCTCGAGTACT-1_2_2"
"505","ATAGACCAGGTTGAGC-1_2_2"
"506","ATAGACCGTTCGGACC-1_2_2"
"507","ATAGACCTCAGAACCT-1_2_2"
"508","ATAGACCTCGACCAAT-1_2_2"
"509","ATAGAGACAAATGGAT-1_2_2"
"510","ATAGGCTCAGCTAACT-1_2_2"
"511","ATAGGCTGTAACGGTG-1_2_2"
"512","ATAGGCTGTATGCTTG-1_2_2"
"513","ATAGGCTTCACGGTCG-1_2_2"
"514","ATATCCTAGATGAATC-1_2_2"
"515","ATATCCTAGGCTTAGG-1_2_2"
"516","ATATCCTCAACCTATG-1_2_2"
"517","ATATCCTTCCATCAGA-1_2_2"
"518","ATCACAGTCCTAGCCT-1_2_2"
"519","ATCACGAAGTCTCTGA-1_2_2"
"520","ATCACGAGTGTACATC-1_2_2"
"521","ATCACGATCATGAGGG-1_2_2"
"522","ATCACTTCAATCAAGA-1_2_2"
"523","ATCACTTTCATTCACT-1_2_2"
"524","ATCACTTTCCTTCTGG-1_2_2"
"525","ATCAGGTAGTTTGCTG-1_2_2"
"526","ATCAGGTCAGCGTACC-1_2_2"
"527","ATCAGGTGTATCGGTT-1_2_2"
"528","ATCCACCAGATCGCCC-1_2_2"
"529","ATCCACCGTCGACTGC-1_2_2"
"530","ATCCACCGTTTAGACC-1_2_2"
"531","ATCCACCTCCGAGATT-1_2_2"
"532","ATCCACCTCGAGTTGT-1_2_2"
"533","ATCCATTAGCGTCTGC-1_2_2"
"534","ATCCATTCATCGATGT-1_2_2"
"535","ATCCATTGTTTACGAC-1_2_2"
"536","ATCCATTTCCATTGGA-1_2_2"
"537","ATCCATTTCTTGGAAC-1_2_2"
"538","ATCCCTGGTACAATAG-1_2_2"
"539","ATCCCTGTCCGATTAG-1_2_2"
"540","ATCCGTCTCAGATTGC-1_2_2"
"541","ATCCTATAGACATAGT-1_2_2"
"542","ATCCTATGTACTAGCT-1_2_2"
"543","ATCCTATTCCGATTAG-1_2_2"
"544","ATCCTATTCCGTGGTG-1_2_2"
"545","ATCCTATTCGCTTAAG-1_2_2"
"546","ATCGCCTAGTTCGCAT-1_2_2"
"547","ATCGCCTCATCCCACT-1_2_2"
"548","ATCGCCTGTCAACGCC-1_2_2"
"549","ATCGCCTGTTGGTAGG-1_2_2"
"550","ATCGGATCAATAACCC-1_2_2"
"551","ATCGGATCAATCAAGA-1_2_2"
"552","ATCGGATCATGGCTAT-1_2_2"
"553","ATCGGATGTGAGTTTC-1_2_2"
"554","ATCGGCGAGATGGTCG-1_2_2"
"555","ATCGGCGAGCAAGGAA-1_2_2"
"556","ATCGGCGGTGAATTAG-1_2_2"
"557","ATCGGCGTCCGTGGGT-1_2_2"
"558","ATCGGCGTCTAGCCTC-1_2_2"
"559","ATCGTAGAGTGATGGC-1_2_2"
"560","ATCGTAGTCCCTCAAC-1_2_2"
"561","ATCGTAGTCTGCACCT-1_2_2"
"562","ATCGTCCCACGACTAT-1_2_2"
"563","ATCGTGAGTATCGCAT-1_2_2"
"564","ATCTCTAAGCGATGCA-1_2_2"
"565","ATCTTCAAGAATTGTG-1_2_2"
"566","ATCTTCAAGTTGTCAC-1_2_2"
"567","ATCTTCAGTCCTTAAG-1_2_2"
"568","ATCTTCATCGGTAGGA-1_2_2"
"569","ATGAAAGAGAAGCGGG-1_2_2"
"570","ATGAAAGAGTCTGCGC-1_2_2"
"571","ATGACCAGTAAGGCCA-1_2_2"
"572","ATGACCAGTTGAAGTA-1_2_2"
"573","ATGACCATCACAAGAA-1_2_2"
"574","ATGAGTCAGCGTTAGG-1_2_2"
"575","ATGAGTCGTCTTCATT-1_2_2"
"576","ATGAGTCGTGCCCAGT-1_2_2"
"577","ATGATCGAGCGATTCT-1_2_2"
"578","ATGATCGTCTACTGAG-1_2_2"
"579","ATGCATGAGGTGCATG-1_2_2"
"580","ATGCATGCACCCTGAG-1_2_2"
"581","ATGCATGCAGGATGAC-1_2_2"
"582","ATGCCTCAGCTGTGCC-1_2_2"
"583","ATGCCTCCAGAGTCAG-1_2_2"
"584","ATGCCTCTCGTGTGGC-1_2_2"
"585","ATGCGATAGCGACCCT-1_2_2"
"586","ATGCGATAGTGCGCTC-1_2_2"
"587","ATGCGATCACCTGCAG-1_2_2"
"588","ATGCGATGTCATCTAG-1_2_2"
"589","ATGCGATGTTGCTGAT-1_2_2"
"590","ATGCGATTCAGGAAAT-1_2_2"
"591","ATGCGATTCAGGTGTT-1_2_2"
"592","ATGGAGGAGAGGTTTA-1_2_2"
"593","ATGGAGGAGCTAAACA-1_2_2"
"594","ATGGAGGAGGACACTG-1_2_2"
"595","ATGGAGGCAACTTGGT-1_2_2"
"596","ATGGAGGGTACCCACG-1_2_2"
"597","ATGGAGGGTCTGTTAG-1_2_2"
"598","ATGGATCCAGCATCTA-1_2_2"
"599","ATGGATCTCATCGACA-1_2_2"
"600","ATGGATCTCTTGAACG-1_2_2"
"601","ATGGGAGAGTGGTGGT-1_2_2"
"602","ATGGGAGCAGAGCCCT-1_2_2"
"603","ATGGGAGCAGATTAAG-1_2_2"
"604","ATGGGAGCATCCAATG-1_2_2"
"605","ATGGGAGGTACGACTT-1_2_2"
"606","ATGGGAGGTGTGCCTG-1_2_2"
"607","ATGGGAGTCAGCACCG-1_2_2"
"608","ATGGGAGTCCGAACGC-1_2_2"
"609","ATGGGTTAGACCATAA-1_2_2"
"610","ATGGGTTAGTTGGAAT-1_2_2"
"611","ATGGGTTCATGACGAG-1_2_2"
"612","ATGGGTTTCGAAGTGG-1_2_2"
"613","ATGGTTGGTAGCTTAC-1_2_2"
"614","ATGGTTGTCAACTTTC-1_2_2"
"615","ATGGTTGTCAAGCCCG-1_2_2"
"616","ATGGTTGTCCAACTAG-1_2_2"
"617","ATGTCCCGTCTCGACG-1_2_2"
"618","ATGTCCCTCCCGAGGT-1_2_2"
"619","ATGTCTTCACTCAGAT-1_2_2"
"620","ATGTCTTCATGTGACT-1_2_2"
"621","ATGTCTTGTCATTCCC-1_2_2"
"622","ATTACCTGTCGAATGG-1_2_2"
"623","ATTACTCAGTGCCCGT-1_2_2"
"624","ATTACTCTCGGTCTAA-1_2_2"
"625","ATTATCCGTCAAAGCG-1_2_2"
"626","ATTATCCGTGTATACC-1_2_2"
"627","ATTATCCTCGTCCATC-1_2_2"
"628","ATTCACTAGAGTTGTA-1_2_2"
"629","ATTCACTCACTCCTTG-1_2_2"
"630","ATTCAGGCATGCCGAC-1_2_2"
"631","ATTCAGGGTGTCTTGA-1_2_2"
"632","ATTCATCTCAGCTCTC-1_2_2"
"633","ATTCATCTCCCGAACG-1_2_2"
"634","ATTCATCTCCTTATAC-1_2_2"
"635","ATTCATCTCGCTCTCA-1_2_2"
"636","ATTCCATTCGCCAATA-1_2_2"
"637","ATTCCCGAGAAAGCGA-1_2_2"
"638","ATTCCCGAGGTTAAAC-1_2_2"
"639","ATTCCCGCAGTGTATC-1_2_2"
"640","ATTCCTAAGCCTCACG-1_2_2"
"641","ATTCCTAAGTGCAAAT-1_2_2"
"642","ATTCCTACAACTGGTT-1_2_2"
"643","ATTCGTTAGTATGATG-1_2_2"
"644","ATTCGTTGTCCACTCT-1_2_2"
"645","ATTCGTTTCCAAGCTA-1_2_2"
"646","ATTCTACGTATCGTAC-1_2_2"
"647","ATTCTTGCACAAGCCC-1_2_2"
"648","ATTCTTGTCCTATGGA-1_2_2"
"649","ATTGGGTCAAGCGATG-1_2_2"
"650","ATTGGGTGTCATATGC-1_2_2"
"651","ATTGGGTTCATCCTGC-1_2_2"
"652","ATTGGGTTCTCATTTG-1_2_2"
"653","ATTGTTCCACAAAGCG-1_2_2"
"654","ATTGTTCCATACGCAT-1_2_2"
"655","ATTGTTCGTTACCGTA-1_2_2"
"656","ATTGTTCTCGTCTCAC-1_2_2"
"657","ATTTACCAGATGGTAT-1_2_2"
"658","ATTTACCAGCGAGGAG-1_2_2"
"659","ATTTACCCAAGTTCGT-1_2_2"
"660","ATTTACCCAGCAAGAC-1_2_2"
"661","ATTTACCGTCAGTCGC-1_2_2"
"662","ATTTACCTCTTGCAAG-1_2_2"
"663","ATTTCACAGTCATGGG-1_2_2"
"664","ATTTCTGGTATGCGTT-1_2_2"
"665","ATTTCTGGTCTACACA-1_2_2"
"666","CAACAACAGAATCTAG-1_2_2"
"667","CAACAACCAACCACGC-1_2_2"
"668","CAACAACGTAGCCAGA-1_2_2"
"669","CAACCAAGTGAGTGAC-1_2_2"
"670","CAACCAATCGAGTCTA-1_2_2"
"671","CAACCTCAGAGCCTGA-1_2_2"
"672","CAACCTCAGGGCAACT-1_2_2"
"673","CAACCTCCAACCGACC-1_2_2"
"674","CAACGATAGGAATCGC-1_2_2"
"675","CAACGATCACCAGTTA-1_2_2"
"676","CAACGATTCGTCACCT-1_2_2"
"677","CAACGGCCAACCCGCA-1_2_2"
"678","CAACGGCGTAGTCTGT-1_2_2"
"679","CAAGACTCAATATCCG-1_2_2"
"680","CAAGACTGTGAAGCTG-1_2_2"
"681","CAAGACTGTGCCGAAA-1_2_2"
"682","CAAGACTGTGCTCTTC-1_2_2"
"683","CAAGACTTCCGTGTGG-1_2_2"
"684","CAAGAGGAGGCCCAAA-1_2_2"
"685","CAAGAGGCACCGTACG-1_2_2"
"686","CAAGCTAAGACTGGGT-1_2_2"
"687","CAAGCTACACAGCCTG-1_2_2"
"688","CAAGCTACATAAGATG-1_2_2"
"689","CAAGCTAGTCATGCAT-1_2_2"
"690","CAAGCTAGTTGCTCCT-1_2_2"
"691","CAAGCTATCACCTCTG-1_2_2"
"692","CAAGCTATCTTGATTC-1_2_2"
"693","CAAGGGAAGTTGCCTA-1_2_2"
"694","CAAGGGACAAGAGCTG-1_2_2"
"695","CAAGGGATCCGACAGC-1_2_2"
"696","CAATACGAGGAACGCT-1_2_2"
"697","CAATACGAGTAACGTA-1_2_2"
"698","CAATACGCATCGAACT-1_2_2"
"699","CAATACGCATGCTGCG-1_2_2"
"700","CAATCGACAGCACGAA-1_2_2"
"701","CAATCGATCCTCATAT-1_2_2"
"702","CAATCGATCGCGAAGA-1_2_2"
"703","CAATCGATCGCGCTGA-1_2_2"
"704","CAATGACAGGCATCTT-1_2_2"
"705","CAATGACCAAGTATAG-1_2_2"
"706","CAATGACGTGCAGTGA-1_2_2"
"707","CAATGACGTGGCCTCA-1_2_2"
"708","CAATGACTCGAGATAA-1_2_2"
"709","CAATTTCAGAGGCCAT-1_2_2"
"710","CAATTTCTCAGACCTA-1_2_2"
"711","CACAACAAGGTGGGTT-1_2_2"
"712","CACAACACACCTCGTT-1_2_2"
"713","CACAACAGTCAACCAT-1_2_2"
"714","CACAACAGTCGTTGGC-1_2_2"
"715","CACACAACATACTGAC-1_2_2"
"716","CACACAAGTCATCGGC-1_2_2"
"717","CACACAATCATGGATC-1_2_2"
"718","CACAGATAGTGGACGT-1_2_2"
"719","CACAGATCAGGGCTTC-1_2_2"
"720","CACAGATCATCCGTGG-1_2_2"
"721","CACAGATGTTCGGACC-1_2_2"
"722","CACAGGCCATAATCGC-1_2_2"
"723","CACAGGCGTACTAGCT-1_2_2"
"724","CACAGGCGTCGGCTAC-1_2_2"
"725","CACAGGCTCCGAGCTG-1_2_2"
"726","CACATGAAGTGAACAT-1_2_2"
"727","CACATGAAGTGGCCTC-1_2_2"
"728","CACATGACAGATCACT-1_2_2"
"729","CACATGAGTAAGAACT-1_2_2"
"730","CACATGATCCTTATAC-1_2_2"
"731","CACCAAATCGCCAGAC-1_2_2"
"732","CACCGTTAGAGTCACG-1_2_2"
"733","CACCGTTAGTGGTTGG-1_2_2"
"734","CACCGTTCAACAACAA-1_2_2"
"735","CACCGTTGTCCTACAA-1_2_2"
"736","CACCGTTTCACGGACC-1_2_2"
"737","CACGAATTCATGGGAG-1_2_2"
"738","CACGGGTAGGATTTCC-1_2_2"
"739","CACGGGTAGGTCATAA-1_2_2"
"740","CACGGGTCAGTTTGGT-1_2_2"
"741","CACGGGTGTCGGCTAC-1_2_2"
"742","CACGGGTGTGCGAACA-1_2_2"
"743","CACGTGGAGCAAGCCA-1_2_2"
"744","CACGTGGGTCGCCTAG-1_2_2"
"745","CACGTGGTCATAGCAC-1_2_2"
"746","CACGTGGTCGGTCATA-1_2_2"
"747","CACGTGGTCTCAATCT-1_2_2"
"748","CACGTTCTCTTCCCAG-1_2_2"
"749","CACTAAGAGTTTAGGA-1_2_2"
"750","CACTAAGTCCTTCGAC-1_2_2"
"751","CACTGAAAGTAGTGCG-1_2_2"
"752","CACTGAAGTACCGGAA-1_2_2"
"753","CACTGAATCCCGAGTG-1_2_2"
"754","CACTGAATCCGCACTT-1_2_2"
"755","CACTGAATCTTGCGCT-1_2_2"
"756","CACTGGGAGGTTGGAC-1_2_2"
"757","CACTGGGAGTGCGCTC-1_2_2"
"758","CACTGGGCACGGCTAC-1_2_2"
"759","CACTGGGGTGCGGATA-1_2_2"
"760","CACTGTCCACATATCG-1_2_2"
"761","CACTTCGTCTCTTGCG-1_2_2"
"762","CAGAGCCGTAACGATA-1_2_2"
"763","CAGATACTCAGGTGTT-1_2_2"
"764","CAGATCACACCAGTTA-1_2_2"
"765","CAGATCACATGACGAG-1_2_2"
"766","CAGATTGCAAATGCGG-1_2_2"
"767","CAGATTGCAGTTCCAA-1_2_2"
"768","CAGATTGCATTCACAG-1_2_2"
"769","CAGCAATAGAACTCCT-1_2_2"
"770","CAGCAATGTAGGCTCC-1_2_2"
"771","CAGCACGCAATGGCCC-1_2_2"
"772","CAGCACGTCGCATTAG-1_2_2"
"773","CAGCAGCAGATTTGCC-1_2_2"
"774","CAGCCAGAGCCTCCAG-1_2_2"
"775","CAGCCAGGTCAATCTG-1_2_2"
"776","CAGCCAGGTCCCTAAA-1_2_2"
"777","CAGCCAGGTCGTGTTA-1_2_2"
"778","CAGCCAGTCTAGACCA-1_2_2"
"779","CAGCGTGAGTAGGTTA-1_2_2"
"780","CAGCGTGGTACATACC-1_2_2"
"781","CAGGCCACAAAGACGC-1_2_2"
"782","CAGGGCTCACTACCGG-1_2_2"
"783","CAGGGCTGTACCGGCT-1_2_2"
"784","CAGGGCTGTTGAGAGC-1_2_2"
"785","CAGGTATCACAGTACT-1_2_2"
"786","CAGGTATCAGCTATAC-1_2_2"
"787","CAGGTATGTATGGTAA-1_2_2"
"788","CAGGTATGTCTAGTGT-1_2_2"
"789","CAGTGCGCAATCGAAA-1_2_2"
"790","CAGTTAGCACGTCGGT-1_2_2"
"791","CAGTTAGGTCCTCCTA-1_2_2"
"792","CAGTTCCAGACATCCT-1_2_2"
"793","CAGTTCCGTCGCGTCA-1_2_2"
"794","CAGTTCCTCTTGCGCT-1_2_2"
"795","CATAAGCTCGCCACTT-1_2_2"
"796","CATACAGTCAGAACCT-1_2_2"
"797","CATACCCAGCACTAAA-1_2_2"
"798","CATACCCCACCTATCC-1_2_2"
"799","CATACCCTCCAGCAAT-1_2_2"
"800","CATACCCTCCCTCGAT-1_2_2"
"801","CATACTTCAGGAGGTT-1_2_2"
"802","CATACTTTCTGGGATT-1_2_2"
"803","CATAGACAGGCTATCT-1_2_2"
"804","CATAGACAGTCTACCA-1_2_2"
"805","CATAGACCAACAAGTA-1_2_2"
"806","CATAGACTCAAAGAAC-1_2_2"
"807","CATAGACTCAGACTGT-1_2_2"
"808","CATCAAGCACGACGAA-1_2_2"
"809","CATCAAGCAGCACAGA-1_2_2"
"810","CATCAAGGTAGATGTA-1_2_2"
"811","CATCAAGTCATCGCAA-1_2_2"
"812","CATCCCACATTCAGGT-1_2_2"
"813","CATCCCAGTCCAAAGG-1_2_2"
"814","CATCCCAGTCGCCTAG-1_2_2"
"815","CATCCCATCCACCTCA-1_2_2"
"816","CATCCCATCCGGCAGT-1_2_2"
"817","CATCGCTGTTACAGCT-1_2_2"
"818","CATCGTCAGTAGTCCT-1_2_2"
"819","CATCGTCTCAGTGCGC-1_2_2"
"820","CATGAGTAGCGTATAA-1_2_2"
"821","CATGAGTCAACCCGCA-1_2_2"
"822","CATGAGTTCATTTGTC-1_2_2"
"823","CATGAGTTCGGTTAGT-1_2_2"
"824","CATGAGTTCTGTCCGT-1_2_2"
"825","CATGCAACATCTCCCA-1_2_2"
"826","CATGCAACATTCTGTT-1_2_2"
"827","CATGCCTAGGTAGATT-1_2_2"
"828","CATGCCTGTTCCGCTT-1_2_2"
"829","CATGCCTTCTACTATC-1_2_2"
"830","CATGCGGAGCTCGAAG-1_2_2"
"831","CATGCGGAGGTGCTAG-1_2_2"
"832","CATGCGGGTCCCGTGA-1_2_2"
"833","CATGCTCCAAGCTACT-1_2_2"
"834","CATGCTCCAGCTCCTT-1_2_2"
"835","CATGCTCCATATGGCT-1_2_2"
"836","CATGCTCTCGAAGAAT-1_2_2"
"837","CATGCTCTCGCCATAA-1_2_2"
"838","CATGGATCATACGCAT-1_2_2"
"839","CATGGATGTAAGTTAG-1_2_2"
"840","CATGGATTCCGCCTAT-1_2_2"
"841","CATGGATTCTATTGTC-1_2_2"
"842","CATGGTAAGCTTGTTG-1_2_2"
"843","CATGGTACAGAGATTA-1_2_2"
"844","CATGGTAGTCGGAACA-1_2_2"
"845","CATGGTATCCTCAGAA-1_2_2"
"846","CATTCATGTGCGTGCT-1_2_2"
"847","CATTCATGTGGTCTCG-1_2_2"
"848","CATTCATTCAAAGCCT-1_2_2"
"849","CATTCTAAGTTCATGC-1_2_2"
"850","CATTCTAGTGTGCCTG-1_2_2"
"851","CATTCTATCTCGTGGG-1_2_2"
"852","CATTCTATCTGCTCTG-1_2_2"
"853","CATTGAGAGTACCCTA-1_2_2"
"854","CATTGAGCAAGAATAC-1_2_2"
"855","CATTGAGCACGTAGAG-1_2_2"
"856","CATTGAGTCGAAGCCC-1_2_2"
"857","CATTGCCAGGTTGTTC-1_2_2"
"858","CATTGCCGTGCAACGA-1_2_2"
"859","CATTGCCTCACCCTCA-1_2_2"
"860","CATTGTTAGAGCTGAC-1_2_2"
"861","CATTGTTAGGGCTGAT-1_2_2"
"862","CATTGTTCAGATCCAT-1_2_2"
"863","CATTGTTTCGCGTAGC-1_2_2"
"864","CATTTCAGTAACAAGT-1_2_2"
"865","CCAAGCGAGGGAGTTC-1_2_2"
"866","CCAAGCGCAGCCGTTG-1_2_2"
"867","CCAAGCGCATCGCCTT-1_2_2"
"868","CCAAGCGGTCGTACTA-1_2_2"
"869","CCAATGAAGTACAGAT-1_2_2"
"870","CCAATGAGTAGCTTTG-1_2_2"
"871","CCAATTTAGAGTTCGG-1_2_2"
"872","CCACAAAAGTTCTACG-1_2_2"
"873","CCACAAAGTGTAGGAC-1_2_2"
"874","CCACAAAGTTACGATC-1_2_2"
"875","CCACAAATCCAAGCTA-1_2_2"
"876","CCACAAATCTGCGATA-1_2_2"
"877","CCACACTCAGGTGTTT-1_2_2"
"878","CCACACTTCCGTGTCT-1_2_2"
"879","CCACCATCAATGAACA-1_2_2"
"880","CCACCATGTAGAGACC-1_2_2"
"881","CCACGAGCATCGAACT-1_2_2"
"882","CCACGAGGTCCAATCA-1_2_2"
"883","CCACGAGGTTCAAGGG-1_2_2"
"884","CCACGAGTCAGACCTA-1_2_2"
"885","CCACGAGTCTCGTGGG-1_2_2"
"886","CCACGTTAGACAGTCG-1_2_2"
"887","CCACGTTAGGCTCAAG-1_2_2"
"888","CCACGTTCACAGTATC-1_2_2"
"889","CCACGTTCACCGCTGA-1_2_2"
"890","CCACGTTTCCAGTTCC-1_2_2"
"891","CCACGTTTCCGCTGTT-1_2_2"
"892","CCACTTGAGCGCCATC-1_2_2"
"893","CCACTTGCAAATACAG-1_2_2"
"894","CCACTTGCAAGCCATT-1_2_2"
"895","CCACTTGCAATCAGCT-1_2_2"
"896","CCACTTGTCCCATACC-1_2_2"
"897","CCACTTGTCGTGTCAA-1_2_2"
"898","CCATAAGAGACGCATG-1_2_2"
"899","CCATAAGGTACAGAAT-1_2_2"
"900","CCATAAGTCCATTGCC-1_2_2"
"901","CCATCACTCTCTGAGA-1_2_2"
"902","CCCAACTAGGCTCCCA-1_2_2"
"903","CCCAACTCAAACGTGG-1_2_2"
"904","CCCAACTGTTAAGTCC-1_2_2"
"905","CCCATTGAGCATCCCG-1_2_2"
"906","CCCATTGGTATTGAGA-1_2_2"
"907","CCCATTGTCGCTCTAC-1_2_2"
"908","CCCATTGTCTCTCAAT-1_2_2"
"909","CCCGAAGAGGTAAAGG-1_2_2"
"910","CCCGGAAAGCAATAGT-1_2_2"
"911","CCCGGAAGTATTCCTT-1_2_2"
"912","CCCGGAAGTCGGAAAC-1_2_2"
"913","CCCGGAATCACAGTGT-1_2_2"
"914","CCCGGAATCCAAGCAT-1_2_2"
"915","CCCGGAATCCTGGGTG-1_2_2"
"916","CCCGGAATCTCGGGAC-1_2_2"
"917","CCCTAACAGTTTGCTG-1_2_2"
"918","CCCTAACGTTGGCCTG-1_2_2"
"919","CCCTAACTCGTCGATA-1_2_2"
"920","CCCTCAAGTTGATCGT-1_2_2"
"921","CCCTCAAGTTTCCATT-1_2_2"
"922","CCCTCTCCATCATGAC-1_2_2"
"923","CCCTCTCGTGACGTCC-1_2_2"
"924","CCCTCTCGTGTTACAC-1_2_2"
"925","CCCTGATGTTCCGGTG-1_2_2"
"926","CCCTGATTCCATTCAT-1_2_2"
"927","CCCTTAGAGTGGACGT-1_2_2"
"928","CCCTTAGTCACTACGA-1_2_2"
"929","CCGAACGAGTTGAATG-1_2_2"
"930","CCGAACGCAACTGGTT-1_2_2"
"931","CCGAACGGTACATTGC-1_2_2"
"932","CCGAACGGTTCTATCT-1_2_2"
"933","CCGAACGTCTCGCTTG-1_2_2"
"934","CCGATGGGTTACGTAC-1_2_2"
"935","CCGATGGTCATCTCTA-1_2_2"
"936","CCGCAAGGTACGAAAT-1_2_2"
"937","CCGCAAGTCTCCGTGT-1_2_2"
"938","CCGGACACATCAGCGC-1_2_2"
"939","CCGGACATCATTGCGA-1_2_2"
"940","CCGGACATCTAGTCAG-1_2_2"
"941","CCGGGTAAGATGCGAC-1_2_2"
"942","CCGGGTAAGTGGATAT-1_2_2"
"943","CCGGGTAGTGCCCAGT-1_2_2"
"944","CCGGGTATCTACCAGA-1_2_2"
"945","CCGGGTATCTCTCGCA-1_2_2"
"946","CCGGTGACAAATTGCC-1_2_2"
"947","CCGGTGACAATTGCAC-1_2_2"
"948","CCGTAGGGTTTACACG-1_2_2"
"949","CCGTGAGGTAGAGGAA-1_2_2"
"950","CCGTGAGTCACACCGG-1_2_2"
"951","CCGTGAGTCACCTTGC-1_2_2"
"952","CCGTTCAAGGAAAGTG-1_2_2"
"953","CCGTTCACACGGTGAA-1_2_2"
"954","CCGTTCATCAGCTCTC-1_2_2"
"955","CCGTTCATCCAACCGG-1_2_2"
"956","CCGTTCATCCTATTTG-1_2_2"
"957","CCTAACCCAGTAGTGG-1_2_2"
"958","CCTAACCGTTACGTAC-1_2_2"
"959","CCTAACCTCGTGGCGT-1_2_2"
"960","CCTAAGAAGCTCCACG-1_2_2"
"961","CCTAAGAAGTTAACGA-1_2_2"
"962","CCTAAGACATATGCGT-1_2_2"
"963","CCTAAGAGTGCAACAG-1_2_2"
"964","CCTAAGATCCGTAATG-1_2_2"
"965","CCTACGTGTATCGCAT-1_2_2"
"966","CCTATCGAGGCCTTCG-1_2_2"
"967","CCTATCGGTGAGCAGT-1_2_2"
"968","CCTATCGTCAATCGGT-1_2_2"
"969","CCTATCGTCGGCATCG-1_2_2"
"970","CCTCACACAAGATGTA-1_2_2"
"971","CCTCACACACGTGAGA-1_2_2"
"972","CCTCAGTGTGTCTCCT-1_2_2"
"973","CCTCAGTGTTAAGCAA-1_2_2"
"974","CCTCAGTGTTACCCTC-1_2_2"
"975","CCTCAGTTCAAACGAA-1_2_2"
"976","CCTCAGTTCCCGTGAG-1_2_2"
"977","CCTCATGAGGCCTTCG-1_2_2"
"978","CCTCCAAGTACCGTGC-1_2_2"
"979","CCTCCAAGTCCCAAAT-1_2_2"
"980","CCTCCAAGTCGTATTG-1_2_2"
"981","CCTCCTCGTGTCCATA-1_2_2"
"982","CCTCCTCTCAGCGGAA-1_2_2"
"983","CCTCCTCTCTTCCACG-1_2_2"
"984","CCTCTAGTCTCTGCTG-1_2_2"
"985","CCTCTCCAGTAGATCA-1_2_2"
"986","CCTCTCCCAACCGACC-1_2_2"
"987","CCTCTCCCAAGCGCTC-1_2_2"
"988","CCTCTCCTCTTCACAT-1_2_2"
"989","CCTGCATAGTCCGCCA-1_2_2"
"990","CCTGCATGTGTTAAAG-1_2_2"
"991","CCTGCATTCAGGCGAA-1_2_2"
"992","CCTGTTGGTAGATCCT-1_2_2"
"993","CCTGTTGTCTCACGAA-1_2_2"
"994","CCTTCAGAGACACACG-1_2_2"
"995","CCTTCAGAGTACTCGT-1_2_2"
"996","CCTTCAGCAAGATGGC-1_2_2"
"997","CCTTCAGGTATGACAA-1_2_2"
"998","CCTTCAGTCAGCCTTC-1_2_2"
"999","CCTTGTGAGCAGCACA-1_2_2"
"1000","CCTTGTGCAGGCGAAT-1_2_2"
"1001","CCTTGTGGTACGTGAG-1_2_2"
"1002","CCTTGTGGTCGTACAT-1_2_2"
"1003","CCTTGTGTCGCTCCTA-1_2_2"
"1004","CCTTTGGGTCGCACAC-1_2_2"
"1005","CGAAGGACACAATTCG-1_2_2"
"1006","CGAAGGAGTTCAAGTC-1_2_2"
"1007","CGAAGGATCGAGAGCA-1_2_2"
"1008","CGAAGTTAGCTACGTT-1_2_2"
"1009","CGAAGTTAGTTCCAGT-1_2_2"
"1010","CGAAGTTGTGTCGATT-1_2_2"
"1011","CGAATTGCACGGTAGA-1_2_2"
"1012","CGAATTGGTATGGGAC-1_2_2"
"1013","CGAATTGGTGACAGCA-1_2_2"
"1014","CGACAGCAGAGAGTGA-1_2_2"
"1015","CGACAGCAGTGGATAT-1_2_2"
"1016","CGACAGCCACCTATCC-1_2_2"
"1017","CGACAGCCAGGTGTGA-1_2_2"
"1018","CGACAGCGTACTTGTG-1_2_2"
"1019","CGACAGCGTCAAGGCA-1_2_2"
"1020","CGACAGCTCCACTTCG-1_2_2"
"1021","CGAGAAGTCCTGTACC-1_2_2"
"1022","CGAGAAGTCTTCACAT-1_2_2"
"1023","CGAGGAAAGAGCATCG-1_2_2"
"1024","CGAGGAAGTCCACAGC-1_2_2"
"1025","CGAGGAATCATGAGTC-1_2_2"
"1026","CGAGGCTAGAACCCGA-1_2_2"
"1027","CGAGGCTTCCCTCTCC-1_2_2"
"1028","CGAGGCTTCGAAACAA-1_2_2"
"1029","CGAGGCTTCTGAATCG-1_2_2"
"1030","CGAGTGCAGGTACCTT-1_2_2"
"1031","CGAGTGCCAGCTCCTT-1_2_2"
"1032","CGAGTGCCATAACTCG-1_2_2"
"1033","CGAGTGCTCTCCGCAT-1_2_2"
"1034","CGATCGGCATCGATGT-1_2_2"
"1035","CGATCGGTCCCGATCT-1_2_2"
"1036","CGATGCGAGGATGCGT-1_2_2"
"1037","CGATGGCCACATAACC-1_2_2"
"1038","CGCAGGTGTGGGAGAG-1_2_2"
"1039","CGCAGGTGTTCGTGCG-1_2_2"
"1040","CGCAGGTTCGGTCGAC-1_2_2"
"1041","CGCATAAGTGGAGGTT-1_2_2"
"1042","CGCATAATCTCCGCAT-1_2_2"
"1043","CGCATGGCATTGCTTT-1_2_2"
"1044","CGCATGGTCATGCATG-1_2_2"
"1045","CGCATGGTCCTACCGT-1_2_2"
"1046","CGCCAGAGTTTGGGTT-1_2_2"
"1047","CGCCATTGTTAGAAAC-1_2_2"
"1048","CGCCATTTCTTACGGA-1_2_2"
"1049","CGCGTGAAGATACGAT-1_2_2"
"1050","CGCGTGAAGTTCTCTT-1_2_2"
"1051","CGCGTGATCGTTATCT-1_2_2"
"1052","CGGAACCAGGACTTCT-1_2_2"
"1053","CGGAACCCAACGATCT-1_2_2"
"1054","CGGAACCGTAGGCAGT-1_2_2"
"1055","CGGAACCGTCATCGCG-1_2_2"
"1056","CGGAATTAGAGTCCGA-1_2_2"
"1057","CGGAATTCAACGTAAA-1_2_2"
"1058","CGGAATTCAACGTATC-1_2_2"
"1059","CGGAATTGTTCGAACT-1_2_2"
"1060","CGGAATTTCTGTGCGG-1_2_2"
"1061","CGGAGAACAGGCCTGT-1_2_2"
"1062","CGGGACTAGAGACAAG-1_2_2"
"1063","CGGGACTAGTAGCATA-1_2_2"
"1064","CGGGACTCAGACAAGC-1_2_2"
"1065","CGGGACTGTTGGATCT-1_2_2"
"1066","CGGGACTTCCCAACTC-1_2_2"
"1067","CGGGACTTCCCAGGAC-1_2_2"
"1068","CGGGCATAGGTACATA-1_2_2"
"1069","CGGGTCAAGAGCACTG-1_2_2"
"1070","CGGGTCACACGACAGA-1_2_2"
"1071","CGGGTCACAGTATGAA-1_2_2"
"1072","CGGGTCAGTTCCAGGC-1_2_2"
"1073","CGGGTCATCATCGCCT-1_2_2"
"1074","CGGGTGTCAGACCCGT-1_2_2"
"1075","CGGGTGTTCAGCTTGA-1_2_2"
"1076","CGGTCAGAGCGACTAG-1_2_2"
"1077","CGGTCAGGTAGACTGG-1_2_2"
"1078","CGGTCAGTCAGCCCAG-1_2_2"
"1079","CGTAAGTGTCTAGATC-1_2_2"
"1080","CGTAAGTTCTCGGTAA-1_2_2"
"1081","CGTAAGTTCTTCCACG-1_2_2"
"1082","CGTAAGTTCTTGGATG-1_2_2"
"1083","CGTAATGCACGTCATA-1_2_2"
"1084","CGTAATGGTATCGTTG-1_2_2"
"1085","CGTAATGTCCTTGAAG-1_2_2"
"1086","CGTAGTAGTGAATATG-1_2_2"
"1087","CGTAGTATCGTGCGAC-1_2_2"
"1088","CGTAGTATCTCAATCT-1_2_2"
"1089","CGTCAAAAGGTCGCCT-1_2_2"
"1090","CGTCAAAAGTATGGCG-1_2_2"
"1091","CGTCAAATCGGCTGAC-1_2_2"
"1092","CGTCCATCAGTATGAA-1_2_2"
"1093","CGTCCATGTACCAATC-1_2_2"
"1094","CGTCCATGTCTTACTT-1_2_2"
"1095","CGTCCATGTTTCACTT-1_2_2"
"1096","CGTGAATAGACCTGGA-1_2_2"
"1097","CGTGAATAGAGTGTGC-1_2_2"
"1098","CGTGAATCACTTGACA-1_2_2"
"1099","CGTGAATGTAAGGAGA-1_2_2"
"1100","CGTGAATGTGACTATC-1_2_2"
"1101","CGTGAATGTGCCGAAA-1_2_2"
"1102","CGTGAATTCCGCACTT-1_2_2"
"1103","CGTGAATTCTTTCTAG-1_2_2"
"1104","CGTGATAGTCATGCAT-1_2_2"
"1105","CGTGCTTCACGACGCT-1_2_2"
"1106","CGTGCTTGTTCGGACC-1_2_2"
"1107","CGTGCTTGTTGGTGTT-1_2_2"
"1108","CGTGCTTTCAGAGCGA-1_2_2"
"1109","CGTTAGAAGAATTCAG-1_2_2"
"1110","CGTTAGAAGTTGTACC-1_2_2"
"1111","CGTTAGAGTACCGTCG-1_2_2"
"1112","CGTTAGAGTATCTCTT-1_2_2"
"1113","CGTTAGATCCCTTGTG-1_2_2"
"1114","CGTTGGGAGGTTCTTG-1_2_2"
"1115","CGTTGGGAGTCGCCAC-1_2_2"
"1116","CGTTGGGCACGCCACA-1_2_2"
"1117","CGTTGGGGTATCGTGT-1_2_2"
"1118","CTAACCCAGCTAATCC-1_2_2"
"1119","CTAACCCCACTACCCT-1_2_2"
"1120","CTAACTTAGGACACTG-1_2_2"
"1121","CTAACTTCAATCTCTT-1_2_2"
"1122","CTAACTTTCCACTGGG-1_2_2"
"1123","CTAAGTGAGAGCTGCA-1_2_2"
"1124","CTAAGTGAGAGGCCAT-1_2_2"
"1125","CTAAGTGAGTTGTACC-1_2_2"
"1126","CTAAGTGCAAGCGGAT-1_2_2"
"1127","CTAAGTGCACAACGTT-1_2_2"
"1128","CTACAGACAGAGGGTT-1_2_2"
"1129","CTACATTAGACGAAGA-1_2_2"
"1130","CTACCTGCAAACACCT-1_2_2"
"1131","CTACCTGTCCTACACC-1_2_2"
"1132","CTACCTGTCGCACGGT-1_2_2"
"1133","CTACCTGTCGTTCTCG-1_2_2"
"1134","CTACGGGAGATACATG-1_2_2"
"1135","CTACGGGAGCAACTCT-1_2_2"
"1136","CTACGGGAGCATCAAA-1_2_2"
"1137","CTACGGGAGGTACAAT-1_2_2"
"1138","CTACGGGCAAGGTTGG-1_2_2"
"1139","CTACTATCAAGCCATT-1_2_2"
"1140","CTACTATCAGGTCCCA-1_2_2"
"1141","CTACTATCATCGGATT-1_2_2"
"1142","CTACTATGTTGCATTG-1_2_2"
"1143","CTAGACATCCACGTGG-1_2_2"
"1144","CTAGGTAAGACAAGCC-1_2_2"
"1145","CTAGGTAAGAGAGCGG-1_2_2"
"1146","CTAGGTAAGATCACTC-1_2_2"
"1147","CTAGGTAAGCGACAGT-1_2_2"
"1148","CTAGGTACATGGAAGC-1_2_2"
"1149","CTAGGTAGTAACCCGC-1_2_2"
"1150","CTATAGGCAAAGCGTG-1_2_2"
"1151","CTATAGGCAATGCAAA-1_2_2"
"1152","CTATAGGTCAAAGGTA-1_2_2"
"1153","CTATAGGTCCAATCCC-1_2_2"
"1154","CTATCCGCAGTATACC-1_2_2"
"1155","CTATCCGGTGTCGATT-1_2_2"
"1156","CTATCCGTCTTCTAAC-1_2_2"
"1157","CTATCTACACCATATG-1_2_2"
"1158","CTCAACCAGAGTCCGA-1_2_2"
"1159","CTCAACCAGCGGTAAC-1_2_2"
"1160","CTCAAGAAGATTGATG-1_2_2"
"1161","CTCAAGATCAGCCCAG-1_2_2"
"1162","CTCAAGATCCACTTCG-1_2_2"
"1163","CTCAATTAGTCTCGTA-1_2_2"
"1164","CTCAATTAGTGGCCTC-1_2_2"
"1165","CTCACTGAGCACTCGC-1_2_2"
"1166","CTCACTGAGGTAGCAC-1_2_2"
"1167","CTCACTGAGGTCTACT-1_2_2"
"1168","CTCACTGGTTTACTGG-1_2_2"
"1169","CTCAGAATCGAGAGCA-1_2_2"
"1170","CTCAGGGAGAATGTTG-1_2_2"
"1171","CTCAGGGCAGAACTTC-1_2_2"
"1172","CTCAGGGGTAACATGA-1_2_2"
"1173","CTCAGTCAGCCGTTAT-1_2_2"
"1174","CTCAGTCAGGGATGTC-1_2_2"
"1175","CTCATCGAGTGATAAC-1_2_2"
"1176","CTCATTAAGGTGCTGA-1_2_2"
"1177","CTCATTACAATGGCCC-1_2_2"
"1178","CTCATTATCCATTGTT-1_2_2"
"1179","CTCCAACCAGTAGAAT-1_2_2"
"1180","CTCCAACGTCAACCTA-1_2_2"
"1181","CTCCAACTCGAAGCAG-1_2_2"
"1182","CTCCACAAGCCATTGT-1_2_2"
"1183","CTCCACAGTCGAGCAA-1_2_2"
"1184","CTCCATGAGTACAGCG-1_2_2"
"1185","CTCCATGCACTAGTAC-1_2_2"
"1186","CTCCATGTCTGGTCAA-1_2_2"
"1187","CTCCCAAAGTCAATCC-1_2_2"
"1188","CTCCCAAGTAGAAACT-1_2_2"
"1189","CTCCCAAGTGCGGATA-1_2_2"
"1190","CTCCCAATCGCACGAC-1_2_2"
"1191","CTCCCTCCAAACACGG-1_2_2"
"1192","CTCCTCCAGACCAACG-1_2_2"
"1193","CTCCTCCAGGGTCACA-1_2_2"
"1194","CTCCTCCCACGGGCTT-1_2_2"
"1195","CTCCTCCGTCCCACGA-1_2_2"
"1196","CTCCTTTCAACAACAA-1_2_2"
"1197","CTCCTTTTCGCTTACC-1_2_2"
"1198","CTCGAGGGTCGTACAT-1_2_2"
"1199","CTCTCAGAGTGAATAC-1_2_2"
"1200","CTCTCAGCATGGTGGA-1_2_2"
"1201","CTCTCAGGTTTCGGCG-1_2_2"
"1202","CTCTCAGTCTGACGCG-1_2_2"
"1203","CTCTCGAGTTGCTTGA-1_2_2"
"1204","CTCTGGTGTCCACTTC-1_2_2"
"1205","CTCTGGTGTGCCTGCA-1_2_2"
"1206","CTGAATGTCATTACGG-1_2_2"
"1207","CTGAGCGCATGTGTCA-1_2_2"
"1208","CTGAGGCAGATTACCC-1_2_2"
"1209","CTGAGGCAGGTTCACT-1_2_2"
"1210","CTGAGGCAGTAAACTG-1_2_2"
"1211","CTGAGGCGTGATTCAC-1_2_2"
"1212","CTGATCCAGATCACTC-1_2_2"
"1213","CTGATCCAGGAACGCT-1_2_2"
"1214","CTGATCCAGTTCGCAT-1_2_2"
"1215","CTGATCCCAAACGTGG-1_2_2"
"1216","CTGATCCCAACTCATG-1_2_2"
"1217","CTGATCCGTAAGCGGT-1_2_2"
"1218","CTGATCCTCCGCACTT-1_2_2"
"1219","CTGCAGGAGACTGAGC-1_2_2"
"1220","CTGCAGGGTCAACACT-1_2_2"
"1221","CTGCAGGGTTCCTAGA-1_2_2"
"1222","CTGCAGGTCTCCGTGT-1_2_2"
"1223","CTGCATCAGCCGGAAT-1_2_2"
"1224","CTGCATCCAGATAAAC-1_2_2"
"1225","CTGCATCGTCAAGCGA-1_2_2"
"1226","CTGCATCGTCCAGCGT-1_2_2"
"1227","CTGCATCGTTAAGCAA-1_2_2"
"1228","CTGCCATAGCCTAACT-1_2_2"
"1229","CTGCCATCACAAGCTT-1_2_2"
"1230","CTGCCATCATGGGATG-1_2_2"
"1231","CTGCCATGTCGCTTGG-1_2_2"
"1232","CTGCCATGTGCATGTT-1_2_2"
"1233","CTGCCATGTTAGAAAC-1_2_2"
"1234","CTGCCTAAGGCGACAT-1_2_2"
"1235","CTGCCTAAGTGGCCTC-1_2_2"
"1236","CTGCCTAGTAATGTGA-1_2_2"
"1237","CTGCCTAGTAGTTACC-1_2_2"
"1238","CTGCCTAGTGTTGACT-1_2_2"
"1239","CTGCCTAGTTACCCTC-1_2_2"
"1240","CTGCCTATCGACCCAG-1_2_2"
"1241","CTGCGAGAGCGGTAAC-1_2_2"
"1242","CTGCGAGGTGGCATCC-1_2_2"
"1243","CTGCGAGGTTGTCCCT-1_2_2"
"1244","CTGCGAGTCGCGATCG-1_2_2"
"1245","CTGCTCAAGGGATCTG-1_2_2"
"1246","CTGGACGCAGCTATAC-1_2_2"
"1247","CTGGACGGTCGAGCAA-1_2_2"
"1248","CTGGACGTCGGAAACG-1_2_2"
"1249","CTGGCAGTCAGCCTCT-1_2_2"
"1250","CTGGTCTAGACATCCT-1_2_2"
"1251","CTGGTCTGTACTGACT-1_2_2"
"1252","CTGTACCAGCGCTTCG-1_2_2"
"1253","CTGTACCCAAAGGAGA-1_2_2"
"1254","CTGTAGACACGTCATA-1_2_2"
"1255","CTGTAGAGTTTCTATC-1_2_2"
"1256","CTGTATTCAATTCTCT-1_2_2"
"1257","CTGTATTCACGCAGTC-1_2_2"
"1258","CTGTCGTAGACCTTTG-1_2_2"
"1259","CTGTCGTTCGATACGT-1_2_2"
"1260","CTGTCGTTCTTCTTCC-1_2_2"
"1261","CTGTGAAAGTGCCAGA-1_2_2"
"1262","CTGTGAAGTGCTCTTC-1_2_2"
"1263","CTTACCGAGGACTATA-1_2_2"
"1264","CTTACCGCATGACACT-1_2_2"
"1265","CTTACCGTCAAACGAA-1_2_2"
"1266","CTTAGGAAGAGCACTG-1_2_2"
"1267","CTTAGGAAGTGATTCC-1_2_2"
"1268","CTTAGGAGTTGCACGC-1_2_2"
"1269","CTTAGGAGTTTCCAAG-1_2_2"
"1270","CTTCAATAGCTTGTTG-1_2_2"
"1271","CTTCAATAGGAAAGAC-1_2_2"
"1272","CTTCAATGTGACTGTT-1_2_2"
"1273","CTTCAATTCGTCCTTG-1_2_2"
"1274","CTTCCGAAGACCGTTT-1_2_2"
"1275","CTTCCGACAAGGCGTA-1_2_2"
"1276","CTTCCGACACGCTGAC-1_2_2"
"1277","CTTCCGAGTGTCATGT-1_2_2"
"1278","CTTCCTTAGGGATCGT-1_2_2"
"1279","CTTCCTTCACAGCGCT-1_2_2"
"1280","CTTCCTTGTAGCTGTT-1_2_2"
"1281","CTTCCTTTCAAGCCGC-1_2_2"
"1282","CTTCGGTAGGTAAAGG-1_2_2"
"1283","CTTCGGTTCAAATAGG-1_2_2"
"1284","CTTCGGTTCAGCCCAG-1_2_2"
"1285","CTTCGGTTCCACGTCT-1_2_2"
"1286","CTTCTAAAGACACACG-1_2_2"
"1287","CTTCTAAAGCTAAGTA-1_2_2"
"1288","CTTCTCTTCAACACCA-1_2_2"
"1289","CTTCTCTTCTACTATC-1_2_2"
"1290","CTTGAGAAGATTGGGC-1_2_2"
"1291","CTTGAGACAATTGAGA-1_2_2"
"1292","CTTGAGACATCGAGCC-1_2_2"
"1293","CTTGAGAGTCAAAGCG-1_2_2"
"1294","CTTGAGAGTGCAATAA-1_2_2"
"1295","CTTGATTAGATGAACT-1_2_2"
"1296","CTTGATTAGCGACCCT-1_2_2"
"1297","CTTGATTCACCCTATC-1_2_2"
"1298","CTTTCAACAAGCTGTT-1_2_2"
"1299","CTTTCAACACACACTA-1_2_2"
"1300","CTTTCAAGTCTACATG-1_2_2"
"1301","CTTTCGGGTCGGTAAG-1_2_2"
"1302","GAAACCTAGTGATGGC-1_2_2"
"1303","GAAACCTCAGCTGTGC-1_2_2"
"1304","GAAACCTCATGAGTAA-1_2_2"
"1305","GAAACCTGTCAGCGTC-1_2_2"
"1306","GAAACCTGTCCATCTC-1_2_2"
"1307","GAAACCTTCTGCTGAA-1_2_2"
"1308","GAAATGACAAGAGTTA-1_2_2"
"1309","GAAATGACATCACAGT-1_2_2"
"1310","GAAATGAGTAACGTTC-1_2_2"
"1311","GAAATGAGTGCGTTTA-1_2_2"
"1312","GAACACTAGCGATGCA-1_2_2"
"1313","GAACACTAGGTCGAGT-1_2_2"
"1314","GAACACTAGGTTTGAA-1_2_2"
"1315","GAACACTGTATCCTTT-1_2_2"
"1316","GAACGTTAGCACGATG-1_2_2"
"1317","GAACGTTCAACGTTAC-1_2_2"
"1318","GAACGTTCACGTACAT-1_2_2"
"1319","GAACTGTTCACTGGTA-1_2_2"
"1320","GAAGAATAGCAAGTCG-1_2_2"
"1321","GAAGAATTCTGCGGCA-1_2_2"
"1322","GAAGCCCCAACCCTAA-1_2_2"
"1323","GAAGCCCGTAATCAAG-1_2_2"
"1324","GAAGCCCTCATCACTT-1_2_2"
"1325","GAAGCCCTCTATGTGG-1_2_2"
"1326","GAAGCGAGTATTGACC-1_2_2"
"1327","GAAGGACCACTCCGAG-1_2_2"
"1328","GAAGGGTCAAGCGATG-1_2_2"
"1329","GAAGGGTCACTAAACC-1_2_2"
"1330","GAAGTAAAGCACTCTA-1_2_2"
"1331","GAAGTAAAGTTACGAA-1_2_2"
"1332","GAATAGAAGAGCACTG-1_2_2"
"1333","GAATAGAAGCTCCATA-1_2_2"
"1334","GAATAGAGTGAGTTTC-1_2_2"
"1335","GAATCACGTGCATTTG-1_2_2"
"1336","GAATCACTCTCAGGCG-1_2_2"
"1337","GAATCGTCAACATACC-1_2_2"
"1338","GAATCGTCACCGTGCA-1_2_2"
"1339","GAATCGTCACTCCACT-1_2_2"
"1340","GACACGCCACTACACA-1_2_2"
"1341","GACACGCTCACTTATC-1_2_2"
"1342","GACAGCCAGCTTACGT-1_2_2"
"1343","GACAGCCTCATGAGGG-1_2_2"
"1344","GACATCAAGCATTGTC-1_2_2"
"1345","GACATCATCTATACTC-1_2_2"
"1346","GACCAATCAGAGGCTA-1_2_2"
"1347","GACCAATGTACAAAGT-1_2_2"
"1348","GACCAATGTTCCCAAA-1_2_2"
"1349","GACCCAGGTTTAGACC-1_2_2"
"1350","GACCCAGTCGCCGAAC-1_2_2"
"1351","GACCCTTAGATCCCGC-1_2_2"
"1352","GACCCTTAGGTGAGCT-1_2_2"
"1353","GACCCTTGTAATCAAG-1_2_2"
"1354","GACCCTTGTGATACCT-1_2_2"
"1355","GACCCTTTCGCCGAGT-1_2_2"
"1356","GACCGTGAGTATAGAC-1_2_2"
"1357","GACCGTGAGTATTCCG-1_2_2"
"1358","GACCGTGAGTCATTGC-1_2_2"
"1359","GACCGTGTCCATCTAT-1_2_2"
"1360","GACCGTGTCCCAGGAC-1_2_2"
"1361","GACCTTCAGGCTCCCA-1_2_2"
"1362","GACCTTCGTAGCGTCC-1_2_2"
"1363","GACCTTCTCCACGTAA-1_2_2"
"1364","GACCTTCTCCGAGGCT-1_2_2"
"1365","GACGCTGCAATGTTGC-1_2_2"
"1366","GACGCTGTCTCGAGTA-1_2_2"
"1367","GACGTTACACACCTTC-1_2_2"
"1368","GACTATGCAGTTGGTT-1_2_2"
"1369","GACTATGTCTAACGGT-1_2_2"
"1370","GACTCAAAGCGATCGA-1_2_2"
"1371","GACTCAAAGGGAGTGG-1_2_2"
"1372","GACTCAAAGTCTGGAG-1_2_2"
"1373","GACTCAATCAAGTCTG-1_2_2"
"1374","GACTCAATCGTCCTCA-1_2_2"
"1375","GACTCTCCACGACGTC-1_2_2"
"1376","GACTCTCTCTCCTGAC-1_2_2"
"1377","GACTGATCAATCGCCG-1_2_2"
"1378","GACTGATCACTCCTTG-1_2_2"
"1379","GACTGATGTGCATGTT-1_2_2"
"1380","GACTGATTCAGAATAG-1_2_2"
"1381","GACTGATTCTCAGTCC-1_2_2"
"1382","GACTTCCAGGTTTGAA-1_2_2"
"1383","GACTTCCCATTGAAAG-1_2_2"
"1384","GACTTCCTCCTCGATC-1_2_2"
"1385","GACTTCCTCTACCTTA-1_2_2"
"1386","GAGAAATAGTTAACGA-1_2_2"
"1387","GAGAAATCAGAGAGGG-1_2_2"
"1388","GAGAAATGTGTGGACA-1_2_2"
"1389","GAGAAATTCGTGTCAA-1_2_2"
"1390","GAGAAATTCTCACCCA-1_2_2"
"1391","GAGACCCAGTGGACTG-1_2_2"
"1392","GAGACCCGTGATACCT-1_2_2"
"1393","GAGACCCTCTCGTTTA-1_2_2"
"1394","GAGACTTGTAACGCGA-1_2_2"
"1395","GAGAGGTGTATGAGAT-1_2_2"
"1396","GAGCCTGAGGTAGTAT-1_2_2"
"1397","GAGCCTGGTATGAAGT-1_2_2"
"1398","GAGCCTGTCCGATTAG-1_2_2"
"1399","GAGCCTGTCTGTCTCG-1_2_2"
"1400","GAGCTGCTCGGATAAA-1_2_2"
"1401","GAGGCAACACGTTCGG-1_2_2"
"1402","GAGGCCTAGGTGCAGT-1_2_2"
"1403","GAGGCCTAGTATGATG-1_2_2"
"1404","GAGGCCTTCAATCTTC-1_2_2"
"1405","GAGGGATAGAAGGATG-1_2_2"
"1406","GAGGGATAGTGAGGCT-1_2_2"
"1407","GAGGGATCAACTCGAT-1_2_2"
"1408","GAGGGATCATCATCCC-1_2_2"
"1409","GAGGGTAAGAGGTCGT-1_2_2"
"1410","GAGTCATCAGCCTATA-1_2_2"
"1411","GAGTCATTCGAGCCAC-1_2_2"
"1412","GAGTCTAAGTCCGTCG-1_2_2"
"1413","GAGTCTAAGTGCACAG-1_2_2"
"1414","GAGTCTACAGAGCCCT-1_2_2"
"1415","GAGTCTAGTGGTCTCG-1_2_2"
"1416","GAGTCTATCACTAGCA-1_2_2"
"1417","GAGTGAGAGACCAACG-1_2_2"
"1418","GAGTGAGCAGGATGAC-1_2_2"
"1419","GAGTGAGCATAATCGC-1_2_2"
"1420","GAGTGAGGTGCTTCAA-1_2_2"
"1421","GAGTGAGTCCTCACTG-1_2_2"
"1422","GAGTGAGTCTCATGCC-1_2_2"
"1423","GAGTGTTAGCGATGCA-1_2_2"
"1424","GAGTGTTGTAGACAGC-1_2_2"
"1425","GAGTGTTGTAGTTAGA-1_2_2"
"1426","GAGTGTTTCATTGCGA-1_2_2"
"1427","GAGTTACCAACCCTAA-1_2_2"
"1428","GAGTTACGTATTGCCA-1_2_2"
"1429","GAGTTACGTGCGAACA-1_2_2"
"1430","GAGTTACTCCATCAGA-1_2_2"
"1431","GAGTTGTAGCCTAGGA-1_2_2"
"1432","GAGTTGTAGGGAGGAC-1_2_2"
"1433","GAGTTGTAGGGTAGCT-1_2_2"
"1434","GAGTTGTCAGCGTTGC-1_2_2"
"1435","GAGTTGTGTCCGTACG-1_2_2"
"1436","GAGTTTGCAGCCTACG-1_2_2"
"1437","GAGTTTGGTTGTTGTG-1_2_2"
"1438","GAGTTTGTCAACTGGT-1_2_2"
"1439","GATAGAAAGTGGGAAA-1_2_2"
"1440","GATAGAACAGCTTCGG-1_2_2"
"1441","GATAGAAGTCGTCATA-1_2_2"
"1442","GATAGAATCACACGAT-1_2_2"
"1443","GATAGAATCTGAGCAT-1_2_2"
"1444","GATAGCTAGCGCAATG-1_2_2"
"1445","GATAGCTCAAACACCT-1_2_2"
"1446","GATAGCTCACGTAGTT-1_2_2"
"1447","GATAGCTTCAGAGTTC-1_2_2"
"1448","GATAGCTTCTTAGCTT-1_2_2"
"1449","GATCACACAGGACTAG-1_2_2"
"1450","GATCACACATCAGCTA-1_2_2"
"1451","GATCACAGTTTGGAGG-1_2_2"
"1452","GATCAGTTCGTCGCTT-1_2_2"
"1453","GATCATGCATGGAACG-1_2_2"
"1454","GATCATGTCCCATTTA-1_2_2"
"1455","GATCCCTAGTGAGCCA-1_2_2"
"1456","GATCCCTAGTGTGTTC-1_2_2"
"1457","GATCCCTTCATGGGAG-1_2_2"
"1458","GATCGTACAAGGTACG-1_2_2"
"1459","GATCGTACAGCAGTTT-1_2_2"
"1460","GATCGTACAGCGTATT-1_2_2"
"1461","GATCGTAGTACGTGAG-1_2_2"
"1462","GATCGTAGTGGAACAC-1_2_2"
"1463","GATCGTATCGGTCAGC-1_2_2"
"1464","GATGACTCATAACGGG-1_2_2"
"1465","GATGACTCATTCATCT-1_2_2"
"1466","GATGACTGTTATGACC-1_2_2"
"1467","GATGACTTCAGGACGA-1_2_2"
"1468","GATGAGGCACAAGCTT-1_2_2"
"1469","GATGAGGTCTCCTGTG-1_2_2"
"1470","GATGAGGTCTCTATGT-1_2_2"
"1471","GATGATCGTAGCGATG-1_2_2"
"1472","GATGATCTCGGTCGAC-1_2_2"
"1473","GATGCTAAGCCTATCA-1_2_2"
"1474","GATGCTAGTACCTATG-1_2_2"
"1475","GATGCTAGTATCCTCC-1_2_2"
"1476","GATGGAGAGAGGTTTA-1_2_2"
"1477","GATGGAGAGATTAGAC-1_2_2"
"1478","GATGGAGTCCGATCTC-1_2_2"
"1479","GATGTTGCAGCAATTC-1_2_2"
"1480","GATGTTGGTATTGACC-1_2_2"
"1481","GATTCGAAGGCCATAG-1_2_2"
"1482","GATTCGAGTCTGCCTT-1_2_2"
"1483","GATTCTTAGGCTCACC-1_2_2"
"1484","GATTCTTCAAGTGGAC-1_2_2"
"1485","GATTCTTGTCTGTTAG-1_2_2"
"1486","GATTTCTAGAGGCTGT-1_2_2"
"1487","GATTTCTAGATACATG-1_2_2"
"1488","GATTTCTCACCTCGTT-1_2_2"
"1489","GCAACATCACTTCTCG-1_2_2"
"1490","GCAACATGTCCGGATC-1_2_2"
"1491","GCAACCGCACTGCGAC-1_2_2"
"1492","GCAACCGGTTCAAGGG-1_2_2"
"1493","GCACATAAGGGTAGCT-1_2_2"
"1494","GCACATACAGGCGATA-1_2_2"
"1495","GCACATATCACACCCT-1_2_2"
"1496","GCACGGTAGCACCGAA-1_2_2"
"1497","GCACGGTAGTCTGGAG-1_2_2"
"1498","GCACGGTCAACTGTGT-1_2_2"
"1499","GCACGTGCAACAGCTT-1_2_2"
"1500","GCACGTGCATTGGGAG-1_2_2"
"1501","GCACTAACACGACGCT-1_2_2"
"1502","GCACTAACAGACCCGT-1_2_2"
"1503","GCACTAAGTCATAGTC-1_2_2"
"1504","GCACTAAGTCGCAACC-1_2_2"
"1505","GCAGCCACAAATGAGT-1_2_2"
"1506","GCAGCCAGTATAGCTC-1_2_2"
"1507","GCAGCTGAGAGAGCCT-1_2_2"
"1508","GCAGCTGGTTACCCTC-1_2_2"
"1509","GCAGCTGTCTACGCGG-1_2_2"
"1510","GCAGGCTCAGATTCGT-1_2_2"
"1511","GCAGTTAGTGCGGATA-1_2_2"
"1512","GCAGTTAGTTCAAGTC-1_2_2"
"1513","GCATCGGAGACGGTTG-1_2_2"
"1514","GCATCGGAGGTAAACT-1_2_2"
"1515","GCATCGGCAAATTAGG-1_2_2"
"1516","GCATCGGGTTACAGCT-1_2_2"
"1517","GCATCTCCACTGCGTG-1_2_2"
"1518","GCATCTCCAGGTCTCG-1_2_2"
"1519","GCATGATGTAGAAACT-1_2_2"
"1520","GCATTAGAGTCCCGGT-1_2_2"
"1521","GCATTAGCATGCCGCA-1_2_2"
"1522","GCATTAGGTAGCTGTT-1_2_2"
"1523","GCCAACGAGTGATGGC-1_2_2"
"1524","GCCAACGCACAACCGC-1_2_2"
"1525","GCCAACGGTAGTGCGA-1_2_2"
"1526","GCCAACGGTTAGGACG-1_2_2"
"1527","GCCAGCAGTGCCTACG-1_2_2"
"1528","GCCAGCAGTTCATCTT-1_2_2"
"1529","GCCAGCATCTCTGACC-1_2_2"
"1530","GCCAGGTCAAGGCCTC-1_2_2"
"1531","GCCAGGTCACGCCAGT-1_2_2"
"1532","GCCAGGTCACTTCATT-1_2_2"
"1533","GCCAGGTTCACCACAA-1_2_2"
"1534","GCCAGGTTCCGCTAGG-1_2_2"
"1535","GCCAGTGAGAATTGCA-1_2_2"
"1536","GCCAGTGAGGCGAAGG-1_2_2"
"1537","GCCAGTGCAAGACCGA-1_2_2"
"1538","GCCAGTGCACCAGCGT-1_2_2"
"1539","GCCAGTGCAGCTGTTA-1_2_2"
"1540","GCCAGTGGTACCAGAG-1_2_2"
"1541","GCCAGTGGTCAATGGG-1_2_2"
"1542","GCCAGTGTCCTATTTG-1_2_2"
"1543","GCCATTCAGCCGAATG-1_2_2"
"1544","GCCATTCGTGCGTGCT-1_2_2"
"1545","GCCATTCTCAAGCTGT-1_2_2"
"1546","GCCCAGAAGGCTCACC-1_2_2"
"1547","GCCCAGACACATACTG-1_2_2"
"1548","GCCCGAACAAATGCGG-1_2_2"
"1549","GCCCGAAGTGATTAGA-1_2_2"
"1550","GCCGATGAGAGCCCAA-1_2_2"
"1551","GCCGATGTCCTGCTAC-1_2_2"
"1552","GCCGATGTCGAATGCT-1_2_2"
"1553","GCCTGTTTCAGCGCAC-1_2_2"
"1554","GCGAGAAAGAAACACT-1_2_2"
"1555","GCGAGAAAGAGAGGGC-1_2_2"
"1556","GCGAGAAGTCCTTGTC-1_2_2"
"1557","GCGAGAAGTTCCGTTC-1_2_2"
"1558","GCGATCGCAACCAATC-1_2_2"
"1559","GCGATCGCACCAACAT-1_2_2"
"1560","GCGATCGCAGCTGTAT-1_2_2"
"1561","GCGATCGTCCGTCAAA-1_2_2"
"1562","GCGGAAAAGCTCTGTA-1_2_2"
"1563","GCGGAAACACGACAAG-1_2_2"
"1564","GCGGAAAGTCGCTCGA-1_2_2"
"1565","GCGGAAATCCGCAGTG-1_2_2"
"1566","GCGGATCAGTGATAAC-1_2_2"
"1567","GCGGATCGTGAAGCTG-1_2_2"
"1568","GCGGATCTCTTGGAAC-1_2_2"
"1569","GCGTTTCAGGGCCTCT-1_2_2"
"1570","GCGTTTCCATTAAGCC-1_2_2"
"1571","GCGTTTCGTACCTATG-1_2_2"
"1572","GCGTTTCGTATGGAAT-1_2_2"
"1573","GCGTTTCTCCTTCTTC-1_2_2"
"1574","GCGTTTCTCGCCCAGA-1_2_2"
"1575","GCTACAAAGCCTCACG-1_2_2"
"1576","GCTACAAAGCTGAGCA-1_2_2"
"1577","GCTACAAAGGCCTAGA-1_2_2"
"1578","GCTACAAGTGAATTGA-1_2_2"
"1579","GCTACAAGTTCATCTT-1_2_2"
"1580","GCTACCTAGACATACA-1_2_2"
"1581","GCTACCTAGCGACTGA-1_2_2"
"1582","GCTACCTAGCTCTATG-1_2_2"
"1583","GCTACCTAGTGAGTGC-1_2_2"
"1584","GCTACCTTCACGAGGA-1_2_2"
"1585","GCTACCTTCATAGACC-1_2_2"
"1586","GCTCAAAAGATTCGCT-1_2_2"
"1587","GCTCAAAAGGCGAAGG-1_2_2"
"1588","GCTCAAACACAATCTG-1_2_2"
"1589","GCTCAAACAGTAGTGG-1_2_2"
"1590","GCTCAAAGTGAATTGA-1_2_2"
"1591","GCTCAAATCTCTGAGA-1_2_2"
"1592","GCTCAAATCTTGCAAG-1_2_2"
"1593","GCTGAATAGCCATGCC-1_2_2"
"1594","GCTGAATAGGGCAAGG-1_2_2"
"1595","GCTGAATAGTGTACCT-1_2_2"
"1596","GCTGAATTCGACCTAA-1_2_2"
"1597","GCTGCAGAGTAGGTTA-1_2_2"
"1598","GCTGCAGCATCGATAC-1_2_2"
"1599","GCTGCAGGTGAGCAGT-1_2_2"
"1600","GCTGCAGTCAACTACG-1_2_2"
"1601","GCTGGGTAGGACAGTC-1_2_2"
"1602","GCTGGGTAGTTTCAGC-1_2_2"
"1603","GCTGGGTCAAATGAGT-1_2_2"
"1604","GCTGGGTGTGTTGACT-1_2_2"
"1605","GCTTCACAGACGCATG-1_2_2"
"1606","GCTTCACAGGTTCATC-1_2_2"
"1607","GCTTGGGAGACCGTTT-1_2_2"
"1608","GCTTGGGGTACGAGCA-1_2_2"
"1609","GGAACCCAGTAGGCCA-1_2_2"
"1610","GGAACCCCAAGAGCTG-1_2_2"
"1611","GGAATGGAGAGTCGAC-1_2_2"
"1612","GGAATGGTCCATCACC-1_2_2"
"1613","GGAATGGTCTATCCAT-1_2_2"
"1614","GGACGTCAGACGGTTG-1_2_2"
"1615","GGACGTCCACGGTGCT-1_2_2"
"1616","GGACGTCCATAACCCA-1_2_2"
"1617","GGACGTCGTACTCGTA-1_2_2"
"1618","GGACGTCTCTACAGGT-1_2_2"
"1619","GGAGATGAGGTACAGC-1_2_2"
"1620","GGAGATGCAAGGACAC-1_2_2"
"1621","GGAGATGCACGCGCTA-1_2_2"
"1622","GGAGATGCACTCATAG-1_2_2"
"1623","GGAGATGCATATCGGT-1_2_2"
"1624","GGAGATGGTATCTCGA-1_2_2"
"1625","GGAGATGGTGAATGTA-1_2_2"
"1626","GGAGATGTCTATGTGG-1_2_2"
"1627","GGAGCAACACATACTG-1_2_2"
"1628","GGAGCAAGTGACTATC-1_2_2"
"1629","GGAGCAAGTTATGTGC-1_2_2"
"1630","GGAGCAATCATTGTTC-1_2_2"
"1631","GGAGGATCAAATCGTC-1_2_2"
"1632","GGAGGATGTCATCCCT-1_2_2"
"1633","GGAGGATGTTTACTGG-1_2_2"
"1634","GGAGGATTCCCATAAG-1_2_2"
"1635","GGAGGATTCGTAGGGA-1_2_2"
"1636","GGAGGTATCTACGCGG-1_2_2"
"1637","GGATCTACAAGCTGCC-1_2_2"
"1638","GGATGTTGTTGACGGA-1_2_2"
"1639","GGCAGTCCACCTCGTT-1_2_2"
"1640","GGCAGTCGTCCGGCAT-1_2_2"
"1641","GGCAGTCTCGTCCATC-1_2_2"
"1642","GGCGTCAAGCCTCAGC-1_2_2"
"1643","GGCGTCACATCGGATT-1_2_2"
"1644","GGCGTCAGTAACTTCG-1_2_2"
"1645","GGCGTCAGTTAGCTAC-1_2_2"
"1646","GGCGTCATCGTCACCT-1_2_2"
"1647","GGCTGTGAGACGAGCT-1_2_2"
"1648","GGCTGTGCAGAATGTA-1_2_2"
"1649","GGCTGTGGTCTAACGT-1_2_2"
"1650","GGCTGTGGTTCAAACC-1_2_2"
"1651","GGCTGTGTCATAAGGA-1_2_2"
"1652","GGCTTGGAGCCTTTCC-1_2_2"
"1653","GGCTTGGAGGGTTTCT-1_2_2"
"1654","GGCTTGGGTTGGTGTT-1_2_2"
"1655","GGCTTGGTCAATCCAG-1_2_2"
"1656","GGCTTGGTCCCTCTTT-1_2_2"
"1657","GGCTTGGTCGCTTGCT-1_2_2"
"1658","GGCTTTCGTAGCGTAG-1_2_2"
"1659","GGCTTTCGTCACCGCA-1_2_2"
"1660","GGCTTTCTCTGGGAGA-1_2_2"
"1661","GGGAAGTAGCACCAGA-1_2_2"
"1662","GGGAAGTAGGCGAAGG-1_2_2"
"1663","GGGAAGTCATTCACAG-1_2_2"
"1664","GGGAAGTTCTAACGCA-1_2_2"
"1665","GGGACAAAGCATGGGT-1_2_2"
"1666","GGGACAAAGGTGCGAT-1_2_2"
"1667","GGGACAAGTAGAATAC-1_2_2"
"1668","GGGACAAGTGAAAGTT-1_2_2"
"1669","GGGACAATCATCAGTG-1_2_2"
"1670","GGGACAATCCGCATAA-1_2_2"
"1671","GGGACCTTCTGCGGAC-1_2_2"
"1672","GGGACTCCAACTCCCT-1_2_2"
"1673","GGGAGTACAACAACAA-1_2_2"
"1674","GGGAGTAGTCACCCTT-1_2_2"
"1675","GGGAGTATCGATGGAG-1_2_2"
"1676","GGGATCCCACCCAAGC-1_2_2"
"1677","GGGATCCTCTTAGCAG-1_2_2"
"1678","GGGATGACACGTTGGC-1_2_2"
"1679","GGGATGACACTTGTCC-1_2_2"
"1680","GGGATGAGTGCTCTTC-1_2_2"
"1681","GGGATGATCGTCCTCA-1_2_2"
"1682","GGGCCATAGGCATGGT-1_2_2"
"1683","GGGCCATCAACACAAA-1_2_2"
"1684","GGGCCATCACTCAGAT-1_2_2"
"1685","GGGCTCATCCACCCTA-1_2_2"
"1686","GGGCTCATCTAGGCAT-1_2_2"
"1687","GGGTAGAAGGCTGTAG-1_2_2"
"1688","GGGTAGACAATCTAGC-1_2_2"
"1689","GGGTAGATCCGATAGT-1_2_2"
"1690","GGGTATTCAGCGTGCT-1_2_2"
"1691","GGGTATTCAGGTCAAG-1_2_2"
"1692","GGGTATTTCACTTTGT-1_2_2"
"1693","GGGTCACGTCGGATTT-1_2_2"
"1694","GGGTCTGAGATCGCTT-1_2_2"
"1695","GGGTCTGGTAAGCTCT-1_2_2"
"1696","GGGTCTGGTTTACACG-1_2_2"
"1697","GGGTGAACAAATGGCG-1_2_2"
"1698","GGGTGAACAATCAAGA-1_2_2"
"1699","GGGTGAAGTCATCCGG-1_2_2"
"1700","GGGTTATAGCACGGAT-1_2_2"
"1701","GGGTTATAGTAGCATA-1_2_2"
"1702","GGGTTATGTCATCCGG-1_2_2"
"1703","GGGTTATGTTGGGATG-1_2_2"
"1704","GGGTTTAGTGTAAATG-1_2_2"
"1705","GGGTTTATCTCGTGGG-1_2_2"
"1706","GGTAACTAGGGCCTCT-1_2_2"
"1707","GGTAACTGTAATGATG-1_2_2"
"1708","GGTAACTTCTCAGTCC-1_2_2"
"1709","GGTAGAGAGACGGTCA-1_2_2"
"1710","GGTCACGAGGAATCGC-1_2_2"
"1711","GGTCACGCAGAACTAA-1_2_2"
"1712","GGTCACGCATTCTCTA-1_2_2"
"1713","GGTCTGGAGATCGCTT-1_2_2"
"1714","GGTCTGGTCATTGCTT-1_2_2"
"1715","GGTCTGGTCCGGACTG-1_2_2"
"1716","GGTGAAGCACTGAGGA-1_2_2"
"1717","GGTGAAGGTTGCCATA-1_2_2"
"1718","GGTGATTGTCCCTCAT-1_2_2"
"1719","GGTGGCTGTGCAGTGA-1_2_2"
"1720","GGTGGCTTCCAGTGCG-1_2_2"
"1721","GGTGTCGCACCCTAAA-1_2_2"
"1722","GGTGTCGTCGAACTCA-1_2_2"
"1723","GGTGTTAAGGAACATT-1_2_2"
"1724","GGTGTTAGTCTGCGCA-1_2_2"
"1725","GGTTAACAGACCTTTG-1_2_2"
"1726","GGTTAACCAGACGATG-1_2_2"
"1727","GGTTAACTCAACACCA-1_2_2"
"1728","GGTTAACTCTCTCTAA-1_2_2"
"1729","GGTTAACTCTGTAAGC-1_2_2"
"1730","GGTTCTCCACAGCCAC-1_2_2"
"1731","GGTTCTCTCGTAGAGG-1_2_2"
"1732","GGTTGTACAACGGGTA-1_2_2"
"1733","GGTTGTACAATCTAGC-1_2_2"
"1734","GTAACACGTGTCGATT-1_2_2"
"1735","GTAACACTCTCACGAA-1_2_2"
"1736","GTAACCACACGTAACT-1_2_2"
"1737","GTAACCACACTTCAAG-1_2_2"
"1738","GTAAGTCCATCCGGTG-1_2_2"
"1739","GTAATCGAGCACTAGG-1_2_2"
"1740","GTAATCGAGCCAACCC-1_2_2"
"1741","GTAATCGAGCCTAACT-1_2_2"
"1742","GTAATCGGTCCTTGTC-1_2_2"
"1743","GTAATCGTCACTGAAC-1_2_2"
"1744","GTAATCGTCCAATGCA-1_2_2"
"1745","GTAATGCAGCAGGCAT-1_2_2"
"1746","GTAATGCAGTAGGATT-1_2_2"
"1747","GTAATGCCAAATCAGA-1_2_2"
"1748","GTAATGCCAGACCTAT-1_2_2"
"1749","GTAATGCGTGTGTGTT-1_2_2"
"1750","GTAATGCTCGCGTCGA-1_2_2"
"1751","GTACAACGTAGATCGG-1_2_2"
"1752","GTACAACTCCGATAAC-1_2_2"
"1753","GTACAGTAGTCAGCCC-1_2_2"
"1754","GTACAGTGTCCATACA-1_2_2"
"1755","GTAGAAACACCGTCTT-1_2_2"
"1756","GTAGAAACACTAGTAC-1_2_2"
"1757","GTAGAAACACTTGAAC-1_2_2"
"1758","GTAGAAACAGCCCACA-1_2_2"
"1759","GTAGAAATCATTCTTG-1_2_2"
"1760","GTAGAGGAGTGGTTGG-1_2_2"
"1761","GTAGAGGCACTAGGCC-1_2_2"
"1762","GTAGAGGTCGGCATTA-1_2_2"
"1763","GTAGATCAGGTAGACC-1_2_2"
"1764","GTAGATCGTGAATTGA-1_2_2"
"1765","GTAGCTACACAGCATT-1_2_2"
"1766","GTAGGTTAGTCAGAGC-1_2_2"
"1767","GTAGTACAGGCTCACC-1_2_2"
"1768","GTAGTACCACGGTGAA-1_2_2"
"1769","GTAGTACGTTATGACC-1_2_2"
"1770","GTATTGGAGTCACTCA-1_2_2"
"1771","GTATTGGGTGATACAA-1_2_2"
"1772","GTATTGGTCACGATAC-1_2_2"
"1773","GTATTGGTCCCTTGTG-1_2_2"
"1774","GTATTTCCACTAGGTT-1_2_2"
"1775","GTATTTCCACTGCGTG-1_2_2"
"1776","GTATTTCCAGAACATA-1_2_2"
"1777","GTATTTCCATTGTAGC-1_2_2"
"1778","GTATTTCTCATGCCAA-1_2_2"
"1779","GTCAAACAGATTCGCT-1_2_2"
"1780","GTCAAACAGTTCACTG-1_2_2"
"1781","GTCAAACGTCTCAAGT-1_2_2"
"1782","GTCAAACGTTTCACAG-1_2_2"
"1783","GTCAAACTCTTCTGGC-1_2_2"
"1784","GTCAAGTCACCAGCCA-1_2_2"
"1785","GTCAAGTGTGCATACT-1_2_2"
"1786","GTCACGGAGATTCGAA-1_2_2"
"1787","GTCACGGGTTTCGTTT-1_2_2"
"1788","GTCACGGTCTAGATCG-1_2_2"
"1789","GTCACTCAGGTTGGTG-1_2_2"
"1790","GTCACTCCAGACGCTC-1_2_2"
"1791","GTCACTCTCACTACTT-1_2_2"
"1792","GTCAGCGCACCCATAA-1_2_2"
"1793","GTCAGCGCACCTGCAG-1_2_2"
"1794","GTCATCCAGGACAAGA-1_2_2"
"1795","GTCATGACAAAGGATT-1_2_2"
"1796","GTCATGACATCAGCTA-1_2_2"
"1797","GTCATGACATCGGTTA-1_2_2"
"1798","GTCATTTAGAAACCAT-1_2_2"
"1799","GTCATTTAGCACACCC-1_2_2"
"1800","GTCATTTCACCTGTCT-1_2_2"
"1801","GTCATTTCAGTTACCA-1_2_2"
"1802","GTCATTTTCGTAGCCG-1_2_2"
"1803","GTCCACTGTAGGGTAC-1_2_2"
"1804","GTCCCATAGCGCAATG-1_2_2"
"1805","GTCCCATAGCGTGCCT-1_2_2"
"1806","GTCCCATAGGCACTCC-1_2_2"
"1807","GTCCCATGTTAGAGAT-1_2_2"
"1808","GTCCCATGTTGATCGT-1_2_2"
"1809","GTCCTCAGTCACGCTG-1_2_2"
"1810","GTCCTCAGTCTGTGAT-1_2_2"
"1811","GTCGAATAGACCGCCT-1_2_2"
"1812","GTCGAATGTCAGTCTA-1_2_2"
"1813","GTCGCGAAGCCACCGT-1_2_2"
"1814","GTCGCGACACACCTTC-1_2_2"
"1815","GTCGCGACACGCCAGT-1_2_2"
"1816","GTCGCGACAGAGAATT-1_2_2"
"1817","GTCGCGACATCATCCC-1_2_2"
"1818","GTCGTAACAAACCGGA-1_2_2"
"1819","GTCGTAAGTCCGACGT-1_2_2"
"1820","GTCGTAATCTGGGCAC-1_2_2"
"1821","GTCGTTCCATGTGCCG-1_2_2"
"1822","GTCTACCAGACTCATC-1_2_2"
"1823","GTCTACCCACCGCTGA-1_2_2"
"1824","GTCTACCCAGCACACC-1_2_2"
"1825","GTCTACCCAGTCCGTG-1_2_2"
"1826","GTCTACCGTCGTTCAA-1_2_2"
"1827","GTCTACCTCCATAGAC-1_2_2"
"1828","GTCTACCTCGATTGGT-1_2_2"
"1829","GTCTACCTCTCTGGTC-1_2_2"
"1830","GTCTAGAAGACCTCCG-1_2_2"
"1831","GTCTAGAAGTTTGAGA-1_2_2"
"1832","GTCTAGAGTAGCGATG-1_2_2"
"1833","GTCTAGAGTCAGCTTA-1_2_2"
"1834","GTCTAGATCAAGCCAT-1_2_2"
"1835","GTCTAGATCACCGACG-1_2_2"
"1836","GTCTCACCAATACGAA-1_2_2"
"1837","GTCTCACCATGAGATA-1_2_2"
"1838","GTCTCACGTTGTATGC-1_2_2"
"1839","GTCTGTCCAAACTCTG-1_2_2"
"1840","GTCTGTCCAACTTCTT-1_2_2"
"1841","GTCTGTCTCGCCAACG-1_2_2"
"1842","GTCTGTCTCTCTTGCG-1_2_2"
"1843","GTCTTTAAGACGAGCT-1_2_2"
"1844","GTCTTTACACCAAAGG-1_2_2"
"1845","GTCTTTACACTTCATT-1_2_2"
"1846","GTCTTTAGTGCCTGAC-1_2_2"
"1847","GTGACGCAGGGTTGCA-1_2_2"
"1848","GTGACGCCATCCTAAG-1_2_2"
"1849","GTGACGCCATTGACTG-1_2_2"
"1850","GTGACGCGTGTTATCG-1_2_2"
"1851","GTGACGCTCAGTGATC-1_2_2"
"1852","GTGAGCCGTGATCGTT-1_2_2"
"1853","GTGAGGAAGAATCCCT-1_2_2"
"1854","GTGAGTTAGTAAGGGA-1_2_2"
"1855","GTGAGTTAGTTAACAG-1_2_2"
"1856","GTGAGTTGTACTTCCC-1_2_2"
"1857","GTGAGTTGTCCTTAAG-1_2_2"
"1858","GTGATGTCAGATCCAT-1_2_2"
"1859","GTGATGTGTACCCGAC-1_2_2"
"1860","GTGATGTTCATCAGTG-1_2_2"
"1861","GTGATGTTCGTCAAAC-1_2_2"
"1862","GTGCACGCACAGTCCG-1_2_2"
"1863","GTGCACGCATAAGCGG-1_2_2"
"1864","GTGCACGGTTCCCAAA-1_2_2"
"1865","GTGCAGCGTTGGTAGG-1_2_2"
"1866","GTGCGTGGTTCGATTG-1_2_2"
"1867","GTGCTGGCACTCCCTA-1_2_2"
"1868","GTGCTTCAGTCCCGGT-1_2_2"
"1869","GTGGAAGAGTATTAGG-1_2_2"
"1870","GTGGAAGCATTATGCG-1_2_2"
"1871","GTGGAGAGTTCGCGTG-1_2_2"
"1872","GTGGCGTCACGCACCA-1_2_2"
"1873","GTGGCGTCAGAGGGTT-1_2_2"
"1874","GTGGCGTCAGTTAGAA-1_2_2"
"1875","GTGGGAACAATTCTTC-1_2_2"
"1876","GTGGGAACAATTGCGT-1_2_2"
"1877","GTGGGAATCGTGCGAC-1_2_2"
"1878","GTGGTTACAGTTACCA-1_2_2"
"1879","GTGGTTACATTGACAC-1_2_2"
"1880","GTGGTTAGTTATAGCC-1_2_2"
"1881","GTGGTTATCATTGCGA-1_2_2"
"1882","GTGGTTATCTTCGGAA-1_2_2"
"1883","GTGTAACAGACATGCG-1_2_2"
"1884","GTGTAACGTAGAAACT-1_2_2"
"1885","GTGTCCTAGCGATGAC-1_2_2"
"1886","GTGTCCTCAGGCTATT-1_2_2"
"1887","GTGTGATAGGCGCTTC-1_2_2"
"1888","GTGTGATCAGGTGTTT-1_2_2"
"1889","GTGTGATGTACCACGC-1_2_2"
"1890","GTGTGGCAGGAGTCTG-1_2_2"
"1891","GTGTGGCCAACGATCT-1_2_2"
"1892","GTGTGGCCAAGCTGCC-1_2_2"
"1893","GTGTGGCCATCTCGTC-1_2_2"
"1894","GTGTGGCTCAATCCAG-1_2_2"
"1895","GTGTGGCTCATTCCTA-1_2_2"
"1896","GTGTGGCTCTGCACCT-1_2_2"
"1897","GTGTTAGGTTAGGAGC-1_2_2"
"1898","GTTACAGCAAAGCACG-1_2_2"
"1899","GTTACAGCAGTCTCTC-1_2_2"
"1900","GTTACAGTCGTAGGAG-1_2_2"
"1901","GTTACAGTCTAGTACG-1_2_2"
"1902","GTTACCCAGAGGTCGT-1_2_2"
"1903","GTTACCCGTTAGCTAC-1_2_2"
"1904","GTTACCCTCGTAGCTA-1_2_2"
"1905","GTTACCCTCTGACGCG-1_2_2"
"1906","GTTACGACACAACATC-1_2_2"
"1907","GTTAGACAGATGAAGG-1_2_2"
"1908","GTTAGACAGCAGGCTA-1_2_2"
"1909","GTTAGACGTCGTGGTC-1_2_2"
"1910","GTTAGACTCCTAGCTC-1_2_2"
"1911","GTTAGTGAGCGCCGTT-1_2_2"
"1912","GTTAGTGCATCCTAAG-1_2_2"
"1913","GTTCATTCATGAAGGC-1_2_2"
"1914","GTTCATTGTTGACTGT-1_2_2"
"1915","GTTCATTGTTGCTCCT-1_2_2"
"1916","GTTCATTTCCACCCTA-1_2_2"
"1917","GTTCCGTGTCCATCTC-1_2_2"
"1918","GTTCCGTTCGATCCCT-1_2_2"
"1919","GTTCGCTTCCGCGATG-1_2_2"
"1920","GTTCTATTCGCCATAA-1_2_2"
"1921","GTTGAACAGGATTTCC-1_2_2"
"1922","GTTGAACCAATTCTCT-1_2_2"
"1923","GTTGAACCATAATGCC-1_2_2"
"1924","GTTGAACGTAGCGAGT-1_2_2"
"1925","GTTGAACTCCGCACTT-1_2_2"
"1926","GTTGCGGAGTCACTCA-1_2_2"
"1927","GTTGCGGCATGGATCT-1_2_2"
"1928","GTTGCGGGTGGCTGCT-1_2_2"
"1929","GTTGCGGGTTAGCTAC-1_2_2"
"1930","GTTGCGGTCACCGCTT-1_2_2"
"1931","GTTGCTCGTAGAATGT-1_2_2"
"1932","GTTGCTCTCTCACCCA-1_2_2"
"1933","GTTGTAGAGCATCTTG-1_2_2"
"1934","GTTGTAGCACCGTGCA-1_2_2"
"1935","GTTGTCCAGAAGAGCA-1_2_2"
"1936","GTTGTCCAGGAGTATT-1_2_2"
"1937","GTTGTCCTCCTTTGAT-1_2_2"
"1938","GTTGTGAAGGGTAGCT-1_2_2"
"1939","GTTGTGAGTAGACACG-1_2_2"
"1940","GTTTACTCAAGATGTA-1_2_2"
"1941","GTTTACTTCCGCAACG-1_2_2"
"1942","GTTTGGAGTGAGCAGT-1_2_2"
"1943","TAACACGAGTAAGCAT-1_2_2"
"1944","TAACCAGCAGCAATTC-1_2_2"
"1945","TAACCAGGTGCGTCGT-1_2_2"
"1946","TAACCAGTCCTCTGCA-1_2_2"
"1947","TAACGACCACTGGATT-1_2_2"
"1948","TAACTTCAGCCGATAG-1_2_2"
"1949","TAACTTCCAAGACGAC-1_2_2"
"1950","TAACTTCGTCTTGTCC-1_2_2"
"1951","TAACTTCGTGCAATAA-1_2_2"
"1952","TAAGCACAGCTGACAG-1_2_2"
"1953","TAAGCACAGGAAGTGA-1_2_2"
"1954","TAAGCACCACGACTAT-1_2_2"
"1955","TAAGCACGTGACCGTC-1_2_2"
"1956","TAAGCACTCTGCTTAT-1_2_2"
"1957","TAAGCCAAGAAACCAT-1_2_2"
"1958","TAAGCCAGTGGCAGAT-1_2_2"
"1959","TAAGCCATCGCTCCTA-1_2_2"
"1960","TAAGCGTAGGAAACGA-1_2_2"
"1961","TAAGCGTGTATAATGG-1_2_2"
"1962","TAAGTCGAGCCAAGTG-1_2_2"
"1963","TAAGTCGCACTAACGT-1_2_2"
"1964","TAAGTCGCATCCGATA-1_2_2"
"1965","TAAGTCGGTGCGGCTT-1_2_2"
"1966","TAAGTCGTCGAGGCAA-1_2_2"
"1967","TAATCTCCACAAAGTA-1_2_2"
"1968","TAATCTCTCCCAAGTA-1_2_2"
"1969","TAATCTCTCGTCCTTG-1_2_2"
"1970","TAATCTCTCTTGGCTC-1_2_2"
"1971","TAATTCCAGACATCCT-1_2_2"
"1972","TAATTCCAGGATCATA-1_2_2"
"1973","TAATTCCCAAATGCTC-1_2_2"
"1974","TAATTCCCATCATTTC-1_2_2"
"1975","TAATTCCTCTCGTGGG-1_2_2"
"1976","TACAACGCACTCACTC-1_2_2"
"1977","TACAACGCAGTGCGCT-1_2_2"
"1978","TACAACGTCGTCAACA-1_2_2"
"1979","TACACCCGTTGATGTC-1_2_2"
"1980","TACACCCTCGAAGGAC-1_2_2"
"1981","TACAGGTCAAATGCTC-1_2_2"
"1982","TACAGGTCAACACGTT-1_2_2"
"1983","TACAGGTTCGTAGCTA-1_2_2"
"1984","TACAGGTTCTCCAATT-1_2_2"
"1985","TACATTCAGTAACGAT-1_2_2"
"1986","TACATTCCAATTCGTG-1_2_2"
"1987","TACATTCTCTGGCCGA-1_2_2"
"1988","TACCCACAGGTTGCCC-1_2_2"
"1989","TACCCACCAACACGTT-1_2_2"
"1990","TACCCACCATCGATAC-1_2_2"
"1991","TACCCGTCACCTTCGT-1_2_2"
"1992","TACCGAAAGGGATCTG-1_2_2"
"1993","TACCGAACAACACGAG-1_2_2"
"1994","TACCGAACACAGCGCT-1_2_2"
"1995","TACCGAACACCCTTGT-1_2_2"
"1996","TACCGGGCAAATGATG-1_2_2"
"1997","TACCGGGCATTCCTAT-1_2_2"
"1998","TACCGGGGTCTGTCAA-1_2_2"
"1999","TACCTCGGTACGAGTG-1_2_2"
"2000","TACCTCGTCTTCGCTG-1_2_2"
"2001","TACCTGCCACTGTGTA-1_2_2"
"2002","TACCTGCGTAGAATGT-1_2_2"
"2003","TACCTGCTCAAACTGC-1_2_2"
"2004","TACCTGCTCGGTCAGC-1_2_2"
"2005","TACGCTCCATAATGCC-1_2_2"
"2006","TACGCTCCATCGCTGG-1_2_2"
"2007","TACGCTCTCGAGAATA-1_2_2"
"2008","TACGGGCCAATACAGA-1_2_2"
"2009","TACGGGCCATCGCTCT-1_2_2"
"2010","TACGGGCTCTCCGTGT-1_2_2"
"2011","TACGGTACACCAGCCA-1_2_2"
"2012","TACGGTATCCTAAGTG-1_2_2"
"2013","TACGTCCGTCCGGACT-1_2_2"
"2014","TACGTCCTCGCATTAG-1_2_2"
"2015","TACTGCCCAATTCACG-1_2_2"
"2016","TACTTACCACGCAAAG-1_2_2"
"2017","TACTTACGTCTACAGT-1_2_2"
"2018","TACTTACTCCTTGAAG-1_2_2"
"2019","TACTTCAAGCCACTCG-1_2_2"
"2020","TACTTGTAGCACTAAA-1_2_2"
"2021","TACTTGTAGCCGTTAT-1_2_2"
"2022","TACTTGTCAATCACGT-1_2_2"
"2023","TACTTGTTCTCTCAAT-1_2_2"
"2024","TAGACCAGTGCCCTTT-1_2_2"
"2025","TAGACCAGTTTACTTC-1_2_2"
"2026","TAGACCATCCTGGGAC-1_2_2"
"2027","TAGACCATCTCTAGGA-1_2_2"
"2028","TAGACTGCACCTGCGA-1_2_2"
"2029","TAGAGTCGTGGCCCAT-1_2_2"
"2030","TAGAGTCTCGCAATGT-1_2_2"
"2031","TAGATCGAGATGCTAA-1_2_2"
"2032","TAGATCGAGTTTGGCT-1_2_2"
"2033","TAGATCGCACGTACTA-1_2_2"
"2034","TAGATCGCATTCTCTA-1_2_2"
"2035","TAGATCGGTGCGGATA-1_2_2"
"2036","TAGATCGTCAATCTTC-1_2_2"
"2037","TAGCACAGTCTGATCA-1_2_2"
"2038","TAGCACAGTTTCGTTT-1_2_2"
"2039","TAGGGTTAGTTACTCG-1_2_2"
"2040","TAGGGTTAGTTGGAGC-1_2_2"
"2041","TAGGTACGTCCTGTCT-1_2_2"
"2042","TAGGTACGTTGACTGT-1_2_2"
"2043","TAGGTTGAGGGATGTC-1_2_2"
"2044","TAGGTTGCAGTAGTGG-1_2_2"
"2045","TAGTGCACAATTGGTC-1_2_2"
"2046","TAGTGCACATACAGCT-1_2_2"
"2047","TAGTGCATCGCCGATG-1_2_2"
"2048","TATACCTGTAGGACTG-1_2_2"
"2049","TATACCTTCCGTCCTA-1_2_2"
"2050","TATACCTTCGCTAATG-1_2_2"
"2051","TATATCCCAGAGGGTT-1_2_2"
"2052","TATATCCCAGGGAATC-1_2_2"
"2053","TATATCCGTGATATAG-1_2_2"
"2054","TATATCCTCGTAACTG-1_2_2"
"2055","TATCAGGGTAGTCTTG-1_2_2"
"2056","TATCAGGGTCCGAAGA-1_2_2"
"2057","TATCAGGGTGACAGGT-1_2_2"
"2058","TATCCTAAGAGTACCG-1_2_2"
"2059","TATCCTACATCCGTGG-1_2_2"
"2060","TATCCTAGTGATACTC-1_2_2"
"2061","TATCGCCAGCGTATGG-1_2_2"
"2062","TATCGCCAGCTAGAAT-1_2_2"
"2063","TATCGCCCACAGCGCT-1_2_2"
"2064","TATCGCCCACCTGATA-1_2_2"
"2065","TATCGCCTCATCTACT-1_2_2"
"2066","TATCGCCTCCCTTGTG-1_2_2"
"2067","TATCTTGGTATATGGA-1_2_2"
"2068","TATGTTCAGATGACCG-1_2_2"
"2069","TATGTTCCACACACGC-1_2_2"
"2070","TATGTTCGTCATCGGC-1_2_2"
"2071","TATGTTCGTTGCAAGG-1_2_2"
"2072","TATGTTCGTTGTGCAT-1_2_2"
"2073","TATTCCAAGAATTGTG-1_2_2"
"2074","TATTCCACAAGTCCCG-1_2_2"
"2075","TATTGCTAGATCCAAA-1_2_2"
"2076","TATTGCTCACATGGTT-1_2_2"
"2077","TATTGCTTCAATCCGA-1_2_2"
"2078","TATTGCTTCCTCTAGC-1_2_2"
"2079","TATTGGGCAGCTTTCC-1_2_2"
"2080","TATTTCGCAGCTGTCG-1_2_2"
"2081","TCAAGACGTAGTCTGT-1_2_2"
"2082","TCAAGACGTTAGAAGT-1_2_2"
"2083","TCAAGACTCATCGCCT-1_2_2"
"2084","TCAAGACTCCGATAAC-1_2_2"
"2085","TCAAGCAAGGTGGCTA-1_2_2"
"2086","TCAAGCACAAATGCGG-1_2_2"
"2087","TCAAGCATCAAGGCTT-1_2_2"
"2088","TCAAGTGTCCCAGTGG-1_2_2"
"2089","TCAAGTGTCCGTCCTA-1_2_2"
"2090","TCAAGTGTCTAGGCAT-1_2_2"
"2091","TCAATCTGTAGGTACG-1_2_2"
"2092","TCAATTCGTAGCTGAG-1_2_2"
"2093","TCAATTCTCTAGCCTC-1_2_2"
"2094","TCACAAGTCTACGCGG-1_2_2"
"2095","TCACACCAGAACTTCC-1_2_2"
"2096","TCACACCAGTCGAAGC-1_2_2"
"2097","TCACACCCACCTGATA-1_2_2"
"2098","TCACACCTCACAACCA-1_2_2"
"2099","TCACACCTCAGCCCAG-1_2_2"
"2100","TCACATTCACCTAAAC-1_2_2"
"2101","TCACATTGTCGTAATC-1_2_2"
"2102","TCACATTTCGACGCTG-1_2_2"
"2103","TCACGCTCATCCTATT-1_2_2"
"2104","TCACGCTTCCTGCCAT-1_2_2"
"2105","TCACGGGCACCTATCC-1_2_2"
"2106","TCACGGGCACGTATAC-1_2_2"
"2107","TCACTATCACTCGATA-1_2_2"
"2108","TCACTCGGTCGTAATC-1_2_2"
"2109","TCACTCGTCCTACGAA-1_2_2"
"2110","TCACTCGTCGGTTCAA-1_2_2"
"2111","TCAGCAAAGTGAGTTA-1_2_2"
"2112","TCAGCCTAGAGGTTTA-1_2_2"
"2113","TCAGCCTAGCTCCCTT-1_2_2"
"2114","TCAGCCTCAGCCCACA-1_2_2"
"2115","TCAGCCTCATAGTCAC-1_2_2"
"2116","TCAGCCTTCGACCACG-1_2_2"
"2117","TCAGCCTTCTCCAAGA-1_2_2"
"2118","TCAGCCTTCTGCTTTA-1_2_2"
"2119","TCAGGTACAAATGGAT-1_2_2"
"2120","TCAGGTAGTCCAGAAG-1_2_2"
"2121","TCAGTCCCAGATTAAG-1_2_2"
"2122","TCAGTCCGTAGATGTA-1_2_2"
"2123","TCAGTCCTCAAGGACG-1_2_2"
"2124","TCAGTGATCAGAGCGA-1_2_2"
"2125","TCAGTTTAGAGGCGTT-1_2_2"
"2126","TCAGTTTAGCAATAGT-1_2_2"
"2127","TCAGTTTAGTAGGAAG-1_2_2"
"2128","TCAGTTTCAGTATGAA-1_2_2"
"2129","TCAGTTTGTAGGACCA-1_2_2"
"2130","TCAGTTTTCACAATGC-1_2_2"
"2131","TCAGTTTTCAGAGCAG-1_2_2"
"2132","TCAGTTTTCCATCACC-1_2_2"
"2133","TCATATCAGCCAAGTG-1_2_2"
"2134","TCATATCCAACCGATT-1_2_2"
"2135","TCATATCCAGATACCT-1_2_2"
"2136","TCATATCCATGGGATG-1_2_2"
"2137","TCATATCGTTGGAGAC-1_2_2"
"2138","TCATATCGTTTGAACC-1_2_2"
"2139","TCATATCTCCGTGCGA-1_2_2"
"2140","TCATCATAGATTGAGT-1_2_2"
"2141","TCATCATTCCATCGTC-1_2_2"
"2142","TCATCCGCAGGACTTT-1_2_2"
"2143","TCATCCGCATACCGTA-1_2_2"
"2144","TCATCCGGTCAGGTGA-1_2_2"
"2145","TCATCCGGTGGCTTAT-1_2_2"
"2146","TCATCCGGTTACCCTC-1_2_2"
"2147","TCATGAGCAGAGGCAT-1_2_2"
"2148","TCATGAGTCGAGAAAT-1_2_2"
"2149","TCATGCCCACGCCAGT-1_2_2"
"2150","TCATGCCGTTGGGAAC-1_2_2"
"2151","TCATGGAGTCAAGGCA-1_2_2"
"2152","TCATGGATCCGTCACT-1_2_2"
"2153","TCATGTTAGCCACAAG-1_2_2"
"2154","TCATGTTAGCGCTTCG-1_2_2"
"2155","TCATGTTGTTGGAGGT-1_2_2"
"2156","TCATGTTTCCGTGCGA-1_2_2"
"2157","TCATGTTTCGCACTCT-1_2_2"
"2158","TCATTACGTTTCGTGA-1_2_2"
"2159","TCATTACTCTATTGTC-1_2_2"
"2160","TCATTCACAACTGGTT-1_2_2"
"2161","TCATTGTCATCGCTAA-1_2_2"
"2162","TCATTGTCATTGAGCT-1_2_2"
"2163","TCATTGTGTGTTGCCG-1_2_2"
"2164","TCATTGTTCACAGTGT-1_2_2"
"2165","TCATTGTTCGTTCCCA-1_2_2"
"2166","TCATTTGAGGTTCATC-1_2_2"
"2167","TCCACCAGTATGTGTC-1_2_2"
"2168","TCCACCAGTGTGTACT-1_2_2"
"2169","TCCACGTCAAATCAGA-1_2_2"
"2170","TCCAGAAAGAACTGAT-1_2_2"
"2171","TCCAGAATCATTCCTA-1_2_2"
"2172","TCCAGAATCTCAACCC-1_2_2"
"2173","TCCATCGAGCGCCATC-1_2_2"
"2174","TCCATCGCACCAGTTA-1_2_2"
"2175","TCCATCGGTTCGGACC-1_2_2"
"2176","TCCATCGTCCTACTGC-1_2_2"
"2177","TCCATCGTCGCTAATG-1_2_2"
"2178","TCCATGCCATTCCTAT-1_2_2"
"2179","TCCATGCTCCGAGCTG-1_2_2"
"2180","TCCCACAAGACGCAGT-1_2_2"
"2181","TCCCACATCAGGGTAG-1_2_2"
"2182","TCCCAGTCAACCAGAG-1_2_2"
"2183","TCCCAGTGTAATTAGG-1_2_2"
"2184","TCCCAGTTCAGACATC-1_2_2"
"2185","TCCCATGAGGTCATTC-1_2_2"
"2186","TCCCATGAGTTAACAG-1_2_2"
"2187","TCCCATGGTAACGCGA-1_2_2"
"2188","TCCCATGGTGGCTACC-1_2_2"
"2189","TCCCATGTCACCTTGC-1_2_2"
"2190","TCCGAAACAAGTGACG-1_2_2"
"2191","TCCGATCCATGTCGTA-1_2_2"
"2192","TCCGGGAAGCCATATC-1_2_2"
"2193","TCCGGGATCGATCCAA-1_2_2"
"2194","TCCGTGTCAACCAATC-1_2_2"
"2195","TCCGTGTCAGTCGGTC-1_2_2"
"2196","TCCGTGTCATCCCACT-1_2_2"
"2197","TCCGTGTGTACGGTTT-1_2_2"
"2198","TCCTAATAGGTTATAG-1_2_2"
"2199","TCCTAATCATCTATCT-1_2_2"
"2200","TCCTAATGTCGGCTAC-1_2_2"
"2201","TCCTAATTCATGACAC-1_2_2"
"2202","TCCTCCCTCTTCCTAA-1_2_2"
"2203","TCCTCCCTCTTCTTCC-1_2_2"
"2204","TCCTCGACATACCGTA-1_2_2"
"2205","TCCTCGAGTAAGCGGT-1_2_2"
"2206","TCCTCGATCATCACCC-1_2_2"
"2207","TCCTCGATCTGGGAGA-1_2_2"
"2208","TCCTCTTAGGAACATT-1_2_2"
"2209","TCCTCTTCAAGATGGC-1_2_2"
"2210","TCCTCTTGTCTAACGT-1_2_2"
"2211","TCCTCTTGTTGTCATG-1_2_2"
"2212","TCCTGCAAGACCACGA-1_2_2"
"2213","TCCTGCAAGCGTGAAC-1_2_2"
"2214","TCCTGCAAGGCATGCA-1_2_2"
"2215","TCCTGCACAGTAGAAT-1_2_2"
"2216","TCCTGCATCCACCCTA-1_2_2"
"2217","TCCTTCTCATGTACGT-1_2_2"
"2218","TCCTTTCAGAAACTAC-1_2_2"
"2219","TCCTTTCAGCTGCGAA-1_2_2"
"2220","TCCTTTCTCATTGTTC-1_2_2"
"2221","TCGAACAAGTCACGCC-1_2_2"
"2222","TCGAACACAGGACATG-1_2_2"
"2223","TCGAACATCCGCGGAT-1_2_2"
"2224","TCGAACATCGGCAGTC-1_2_2"
"2225","TCGAAGTAGCTCAGAG-1_2_2"
"2226","TCGAAGTCAACATCGT-1_2_2"
"2227","TCGAAGTCACAGGATG-1_2_2"
"2228","TCGAAGTCATCATGAC-1_2_2"
"2229","TCGAAGTGTACGAGCA-1_2_2"
"2230","TCGACCTCAAATTAGG-1_2_2"
"2231","TCGACCTGTCACTAGT-1_2_2"
"2232","TCGACCTGTTCGTAAC-1_2_2"
"2233","TCGACGGAGTAGAGTT-1_2_2"
"2234","TCGACGGCAAGCACAG-1_2_2"
"2235","TCGACGGCACCTGAAT-1_2_2"
"2236","TCGACGGCACTCTCGT-1_2_2"
"2237","TCGACGGCAGACCAGA-1_2_2"
"2238","TCGACGGTCAGAGTTC-1_2_2"
"2239","TCGATTTCAGGGACTA-1_2_2"
"2240","TCGATTTCATCTGCGG-1_2_2"
"2241","TCGATTTGTCCTTTGC-1_2_2"
"2242","TCGCACTCACGCAGTC-1_2_2"
"2243","TCGCACTGTGTACATC-1_2_2"
"2244","TCGCACTTCAGTGTGT-1_2_2"
"2245","TCGCACTTCCTGGGAC-1_2_2"
"2246","TCGCAGGGTGAGAACC-1_2_2"
"2247","TCGCAGGTCGTCTAAG-1_2_2"
"2248","TCGCTCAAGCAACAGC-1_2_2"
"2249","TCGCTCAAGCCTCTTC-1_2_2"
"2250","TCGCTCAAGGGTGAAA-1_2_2"
"2251","TCGCTCACAAAGCGTG-1_2_2"
"2252","TCGCTCACATTCACAG-1_2_2"
"2253","TCGCTCACATTCAGCA-1_2_2"
"2254","TCGCTTGAGACTCGAG-1_2_2"
"2255","TCGCTTGAGCGACCCT-1_2_2"
"2256","TCGCTTGCATGGGTTT-1_2_2"
"2257","TCGGATAAGAAGGCTC-1_2_2"
"2258","TCGGATAGTCATATGC-1_2_2"
"2259","TCGGATATCCTTCGAC-1_2_2"
"2260","TCGGGACAGAGTCGAC-1_2_2"
"2261","TCGGGACAGGCCCACT-1_2_2"
"2262","TCGGGCAAGTGAGCCA-1_2_2"
"2263","TCGGGTGGTTGCGAAG-1_2_2"
"2264","TCGGTCTGTCGGTACC-1_2_2"
"2265","TCGTAGAAGGACCCAA-1_2_2"
"2266","TCGTAGAGTGCGACAA-1_2_2"
"2267","TCGTAGAGTTATGTCG-1_2_2"
"2268","TCGTAGATCAGCGGAA-1_2_2"
"2269","TCGTAGATCTAGCAAC-1_2_2"
"2270","TCGTAGATCTTAGCTT-1_2_2"
"2271","TCGTCCAAGACATATG-1_2_2"
"2272","TCGTCCACACAAATGA-1_2_2"
"2273","TCGTCCAGTCCGAAAG-1_2_2"
"2274","TCGTGCTCAGACCATT-1_2_2"
"2275","TCGTGCTTCCCAGCGA-1_2_2"
"2276","TCGTGCTTCGATTGAC-1_2_2"
"2277","TCTAACTCACAACGCC-1_2_2"
"2278","TCTAACTGTCCAGCGT-1_2_2"
"2279","TCTAACTGTGCTCTCT-1_2_2"
"2280","TCTAACTTCGAACCAT-1_2_2"
"2281","TCTACATCAGGAATAT-1_2_2"
"2282","TCTACATTCGGACTTA-1_2_2"
"2283","TCTACATTCGGCTATA-1_2_2"
"2284","TCTACCGAGAGGTTTA-1_2_2"
"2285","TCTACCGAGATAGGGA-1_2_2"
"2286","TCTACCGAGTGGTGGT-1_2_2"
"2287","TCTACCGGTAAGATTG-1_2_2"
"2288","TCTATACGTAAGCTCT-1_2_2"
"2289","TCTATACGTCCTTGTC-1_2_2"
"2290","TCTATACTCAGGAAAT-1_2_2"
"2291","TCTATCACAGAGTTGG-1_2_2"
"2292","TCTCACGGTAGGTTTC-1_2_2"
"2293","TCTCAGCAGATCCTAC-1_2_2"
"2294","TCTCAGCAGCGATGCA-1_2_2"
"2295","TCTCAGCGTTCCTACC-1_2_2"
"2296","TCTCAGCTCTAGTACG-1_2_2"
"2297","TCTCCGACACTGTCGG-1_2_2"
"2298","TCTCCGACAGTCACGC-1_2_2"
"2299","TCTCCGAGTATGGTAA-1_2_2"
"2300","TCTCCGAGTCAATGGG-1_2_2"
"2301","TCTCCGATCATTCCTA-1_2_2"
"2302","TCTCTGGAGTGCAACG-1_2_2"
"2303","TCTGCCACAACGACTT-1_2_2"
"2304","TCTGCCATCCTGTAGA-1_2_2"
"2305","TCTGCCATCGCTAGCG-1_2_2"
"2306","TCTGGCTAGGTTAAAC-1_2_2"
"2307","TCTGTCGCAATGTGGG-1_2_2"
"2308","TCTGTCGCACTTCTCG-1_2_2"
"2309","TCTGTCGGTGTCCATA-1_2_2"
"2310","TCTGTCGGTTCCGCTT-1_2_2"
"2311","TCTGTCGTCCAATGCA-1_2_2"
"2312","TCTTAGTAGTGGCAGT-1_2_2"
"2313","TCTTAGTCATTCACAG-1_2_2"
"2314","TCTTAGTGTACTCGCG-1_2_2"
"2315","TCTTAGTGTGATCATC-1_2_2"
"2316","TCTTAGTTCATTGCGA-1_2_2"
"2317","TCTTAGTTCGAGATGG-1_2_2"
"2318","TCTTCCTGTATGGTTC-1_2_2"
"2319","TCTTCCTTCCCTTTGG-1_2_2"
"2320","TCTTCCTTCGGCTGAC-1_2_2"
"2321","TCTTCCTTCTTAAGGC-1_2_2"
"2322","TCTTGCGAGTTAGAAC-1_2_2"
"2323","TCTTTGACACCCTAGG-1_2_2"
"2324","TGAACGTAGGCACCAA-1_2_2"
"2325","TGAACGTAGGCGCTTC-1_2_2"
"2326","TGAACGTTCGATACTG-1_2_2"
"2327","TGAATCGGTTAAGTCC-1_2_2"
"2328","TGAATCGGTTTGATCG-1_2_2"
"2329","TGAATCGTCTCTGACC-1_2_2"
"2330","TGAATGCCAGTTAGGG-1_2_2"
"2331","TGAATGCGTATTGACC-1_2_2"
"2332","TGACAGTCACTTCTCG-1_2_2"
"2333","TGACCCTTCGCATTGA-1_2_2"
"2334","TGACGCGCAAGGTCTT-1_2_2"
"2335","TGACGCGCATATGAAG-1_2_2"
"2336","TGACGCGTCTGTCCCA-1_2_2"
"2337","TGACTCCAGCAGTCTT-1_2_2"
"2338","TGACTCCAGCCAAGGT-1_2_2"
"2339","TGACTCCCAGTAACCT-1_2_2"
"2340","TGACTCCTCAGTGATC-1_2_2"
"2341","TGAGACTTCGAGTACT-1_2_2"
"2342","TGAGCATAGGATAATC-1_2_2"
"2343","TGAGCATAGTCTGCGC-1_2_2"
"2344","TGAGCATCAGTTTCGA-1_2_2"
"2345","TGAGCATGTATGAAGT-1_2_2"
"2346","TGAGCATGTATTCTCT-1_2_2"
"2347","TGAGCGCAGTAAACTG-1_2_2"
"2348","TGAGCGCGTCAGGTGA-1_2_2"
"2349","TGAGCGCTCACGGGCT-1_2_2"
"2350","TGAGGAGAGAGCAGAA-1_2_2"
"2351","TGAGGAGAGCATCAGG-1_2_2"
"2352","TGAGGGATCGTGCATA-1_2_2"
"2353","TGAGGTTCAGTCGGAA-1_2_2"
"2354","TGAGGTTGTTATAGCC-1_2_2"
"2355","TGAGGTTTCCGGGACT-1_2_2"
"2356","TGAGGTTTCGGCATAT-1_2_2"
"2357","TGAGTCACATCCCGTT-1_2_2"
"2358","TGATCAGAGACAACTA-1_2_2"
"2359","TGATCAGCAGGAAGTC-1_2_2"
"2360","TGATCTTAGGTAAGGA-1_2_2"
"2361","TGATCTTGTTGAGAGC-1_2_2"
"2362","TGATCTTGTTTCGATG-1_2_2"
"2363","TGATCTTTCGTGGACC-1_2_2"
"2364","TGATGCAAGTTACGTC-1_2_2"
"2365","TGATGGTAGGCTGTAG-1_2_2"
"2366","TGATGGTGTTGCATTG-1_2_2"
"2367","TGATTCTCATAGCACT-1_2_2"
"2368","TGATTCTTCCTACACC-1_2_2"
"2369","TGATTTCAGGATACAT-1_2_2"
"2370","TGATTTCTCGGAGCAA-1_2_2"
"2371","TGCACGGCACATAACC-1_2_2"
"2372","TGCAGATAGGGCTAAC-1_2_2"
"2373","TGCAGATCACGGTCTG-1_2_2"
"2374","TGCAGATCAGATAAAC-1_2_2"
"2375","TGCAGATGTATCGTAC-1_2_2"
"2376","TGCAGATGTGCCTACG-1_2_2"
"2377","TGCAGATGTTTGGCTA-1_2_2"
"2378","TGCAGATTCACTCGAA-1_2_2"
"2379","TGCAGGCCATAAGCGG-1_2_2"
"2380","TGCAGGCCATCGTCCT-1_2_2"
"2381","TGCAGGCGTGCTTCAA-1_2_2"
"2382","TGCAGGCGTTAAGACA-1_2_2"
"2383","TGCAGTACAGAACTCT-1_2_2"
"2384","TGCAGTACAGGCCTGT-1_2_2"
"2385","TGCAGTATCCGGTAGC-1_2_2"
"2386","TGCATCCAGGACTTCT-1_2_2"
"2387","TGCATCCAGGCATCAG-1_2_2"
"2388","TGCATCCGTAGGTTTC-1_2_2"
"2389","TGCATCCTCTGCATGA-1_2_2"
"2390","TGCATGACAATAGTGA-1_2_2"
"2391","TGCCGAGGTACGCTTA-1_2_2"
"2392","TGCCGAGGTCAGGCAA-1_2_2"
"2393","TGCGACGAGAACTCCT-1_2_2"
"2394","TGCGACGCAATGACCT-1_2_2"
"2395","TGCGACGCACAACGAG-1_2_2"
"2396","TGCGATAAGACGCCCT-1_2_2"
"2397","TGCGATAAGTAATTGG-1_2_2"
"2398","TGCGATACAATTAGGA-1_2_2"
"2399","TGCGATATCAGAACCT-1_2_2"
"2400","TGCGATATCCCTGGTT-1_2_2"
"2401","TGCGATATCCGTGCGA-1_2_2"
"2402","TGCGATATCCTACTGC-1_2_2"
"2403","TGCGGCAGTCGAATTC-1_2_2"
"2404","TGCGGGTGTCACCACG-1_2_2"
"2405","TGCGGGTGTTGGGACA-1_2_2"
"2406","TGCGGGTTCGGCATTA-1_2_2"
"2407","TGCTCCAAGGTACAAT-1_2_2"
"2408","TGCTCCAGTTTGGGAG-1_2_2"
"2409","TGCTCGTAGCCTCAAT-1_2_2"
"2410","TGCTCGTGTGAGCTCC-1_2_2"
"2411","TGCTGAAAGGAAGTGA-1_2_2"
"2412","TGCTGAAGTCGCATCG-1_2_2"
"2413","TGCTGAAGTGATACCT-1_2_2"
"2414","TGCTTCGCAAGTGGTG-1_2_2"
"2415","TGCTTCGCATATCGGT-1_2_2"
"2416","TGCTTCGGTGATGGCA-1_2_2"
"2417","TGCTTCGGTTACGCCG-1_2_2"
"2418","TGCTTCGTCGGTGCAC-1_2_2"
"2419","TGCTTCGTCTCCTGCA-1_2_2"
"2420","TGCTTGCCAGAGTTCT-1_2_2"
"2421","TGCTTGCCAGTAGTGG-1_2_2"
"2422","TGCTTGCTCCACCTCA-1_2_2"
"2423","TGCTTGCTCGAGCCTG-1_2_2"
"2424","TGGAGAGAGTGCAGCA-1_2_2"
"2425","TGGAGAGCACTATCCC-1_2_2"
"2426","TGGAGAGTCTCTCTAA-1_2_2"
"2427","TGGAGGAAGTCAGAGC-1_2_2"
"2428","TGGATCAAGGCCTGCT-1_2_2"
"2429","TGGATCAAGGTTTGAA-1_2_2"
"2430","TGGATCACAGAATGTA-1_2_2"
"2431","TGGATCATCATTACGG-1_2_2"
"2432","TGGATCATCCCGATCT-1_2_2"
"2433","TGGATCATCTTCCACG-1_2_2"
"2434","TGGATCATCTTTCCGG-1_2_2"
"2435","TGGATGTTCTATACTC-1_2_2"
"2436","TGGCGTGAGACATCAA-1_2_2"
"2437","TGGCGTGGTCCCTGAG-1_2_2"
"2438","TGGGAAGGTAACGGTG-1_2_2"
"2439","TGGGAAGTCCACGGGT-1_2_2"
"2440","TGGGATTAGTAACCTC-1_2_2"
"2441","TGGGATTCATAATGCC-1_2_2"
"2442","TGGGATTTCAAGTCTG-1_2_2"
"2443","TGGGCGTAGAGTTGCG-1_2_2"
"2444","TGGGCGTAGCTCATAC-1_2_2"
"2445","TGGGCGTAGTCACGCC-1_2_2"
"2446","TGGGCGTCACCATAAC-1_2_2"
"2447","TGGGCGTGTCGGTAAG-1_2_2"
"2448","TGGGCTGAGAGTACCG-1_2_2"
"2449","TGGGCTGAGCGTGCCT-1_2_2"
"2450","TGGGCTGAGTAATACG-1_2_2"
"2451","TGGGCTGCATCGAACT-1_2_2"
"2452","TGGGTTACACTTCAGA-1_2_2"
"2453","TGGTACAAGCCAACCC-1_2_2"
"2454","TGGTACAAGTTAGAAC-1_2_2"
"2455","TGGTACACATCGCTCT-1_2_2"
"2456","TGGTACATCATGCCGG-1_2_2"
"2457","TGGTACATCGCCCAGA-1_2_2"
"2458","TGGTAGTAGACTAGAT-1_2_2"
"2459","TGGTAGTAGTACGAGC-1_2_2"
"2460","TGGTAGTCAGCGGATA-1_2_2"
"2461","TGGTAGTCAGGTCTCG-1_2_2"
"2462","TGGTGATAGTAGACCG-1_2_2"
"2463","TGGTGATCACAAGCCC-1_2_2"
"2464","TGGTGATTCGAGAGAC-1_2_2"
"2465","TGGTTAGAGAGTCCGA-1_2_2"
"2466","TGGTTAGGTAGGTGCA-1_2_2"
"2467","TGGTTAGGTCGATTTG-1_2_2"
"2468","TGGTTAGTCTGGGCCA-1_2_2"
"2469","TGTAACGAGTCGCTAT-1_2_2"
"2470","TGTAACGCACTAGAGG-1_2_2"
"2471","TGTAAGCTCTGGCCTT-1_2_2"
"2472","TGTACAGCACTACGGC-1_2_2"
"2473","TGTAGACAGACCCTTA-1_2_2"
"2474","TGTAGACCAGTCGTTA-1_2_2"
"2475","TGTCAGAGTAACGATA-1_2_2"
"2476","TGTCAGAGTAATGTGA-1_2_2"
"2477","TGTCAGAGTACCCGCA-1_2_2"
"2478","TGTCCACAGTATAGGT-1_2_2"
"2479","TGTCCACGTCGACGCT-1_2_2"
"2480","TGTCCACGTGGCTGCT-1_2_2"
"2481","TGTCCACTCAACTGGT-1_2_2"
"2482","TGTCCACTCGGTCAGC-1_2_2"
"2483","TGTCCACTCTCCACTG-1_2_2"
"2484","TGTCCCATCATGCCGG-1_2_2"
"2485","TGTCCTGAGCCTCTGG-1_2_2"
"2486","TGTCCTGCACTGTGAT-1_2_2"
"2487","TGTGAGTAGTGCACTT-1_2_2"
"2488","TGTGAGTAGTGTAGAT-1_2_2"
"2489","TGTGAGTCAGGTTCGC-1_2_2"
"2490","TGTGAGTCATAGAGGC-1_2_2"
"2491","TGTGAGTGTCGTGGTC-1_2_2"
"2492","TGTGAGTGTTGCTGAT-1_2_2"
"2493","TGTGATGAGAAGTGTT-1_2_2"
"2494","TGTGATGTCTAGTGAC-1_2_2"
"2495","TGTGCGGAGCGGTATG-1_2_2"
"2496","TGTGCGGCAGGACTTT-1_2_2"
"2497","TGTGCGGGTACCTATG-1_2_2"
"2498","TGTGCGGGTGGCCCAT-1_2_2"
"2499","TGTGCGGGTTCATCTT-1_2_2"
"2500","TGTGCGGTCGGAGCAA-1_2_2"
"2501","TGTGGCGAGGAAGTAG-1_2_2"
"2502","TGTGGCGAGTCTAACC-1_2_2"
"2503","TGTGGCGCAAATTGCC-1_2_2"
"2504","TGTGGCGCACACCTAA-1_2_2"
"2505","TGTGTGAAGGTATTGA-1_2_2"
"2506","TGTGTGACACGCGCAT-1_2_2"
"2507","TGTGTGATCATCGCTC-1_2_2"
"2508","TGTGTGATCGCGCCAA-1_2_2"
"2509","TGTTACTCAGCTACAT-1_2_2"
"2510","TGTTACTGTACCGGAA-1_2_2"
"2511","TGTTACTTCGCTGATA-1_2_2"
"2512","TGTTACTTCGTTCTCG-1_2_2"
"2513","TGTTACTTCTTGTTAC-1_2_2"
"2514","TGTTCATGTCGTGCCA-1_2_2"
"2515","TGTTCATTCATACAGC-1_2_2"
"2516","TGTTCCGCAGCCATTA-1_2_2"
"2517","TGTTCCGGTCACTTAG-1_2_2"
"2518","TGTTCCGGTGTCCGGT-1_2_2"
"2519","TGTTCTATCGCTCATC-1_2_2"
"2520","TGTTGAGAGTCGTCTA-1_2_2"
"2521","TGTTGAGGTGTTCCTC-1_2_2"
"2522","TGTTGAGTCAACACGT-1_2_2"
"2523","TGTTTGTAGCGCCTTG-1_2_2"
"2524","TGTTTGTCAACCCGCA-1_2_2"
"2525","TGTTTGTCATGTCTAG-1_2_2"
"2526","TGTTTGTGTTCGCGTG-1_2_2"
"2527","TGTTTGTTCGCTTACC-1_2_2"
"2528","TTAATCCGTTGGCCGT-1_2_2"
"2529","TTAATCCTCCCATTTA-1_2_2"
"2530","TTACAGGAGGCCTTGC-1_2_2"
"2531","TTACAGGGTCGCGGTT-1_2_2"
"2532","TTACAGGTCTCATTGT-1_2_2"
"2533","TTACCATAGTAAACGT-1_2_2"
"2534","TTACCATTCGTGGAAG-1_2_2"
"2535","TTACCGCCAGATCCTA-1_2_2"
"2536","TTACCGCGTTAAGCAA-1_2_2"
"2537","TTACGCCCACGGCCAT-1_2_2"
"2538","TTACGCCTCAAGCTGT-1_2_2"
"2539","TTACGTTAGCACCTGC-1_2_2"
"2540","TTACGTTCACACCAGC-1_2_2"
"2541","TTACGTTCAGCATGCC-1_2_2"
"2542","TTACGTTTCTCGTCAC-1_2_2"
"2543","TTACGTTTCTCGTTTA-1_2_2"
"2544","TTACTGTAGAATTGTG-1_2_2"
"2545","TTACTGTGTTGGACCC-1_2_2"
"2546","TTAGGCAGTGGTTTGT-1_2_2"
"2547","TTAGGCATCGCCGTGA-1_2_2"
"2548","TTAGGCATCTTGGAAC-1_2_2"
"2549","TTAGGGTAGCTAAATG-1_2_2"
"2550","TTAGGGTCACTATGTG-1_2_2"
"2551","TTAGGGTGTATTGACC-1_2_2"
"2552","TTAGTCTCATACTGTG-1_2_2"
"2553","TTAGTCTGTTCGTTCC-1_2_2"
"2554","TTAGTCTTCAAGGTGG-1_2_2"
"2555","TTAGTCTTCTCGCAGG-1_2_2"
"2556","TTATTGCGTCATCCCT-1_2_2"
"2557","TTATTGCGTCCGGCAT-1_2_2"
"2558","TTATTGCGTGAGGATC-1_2_2"
"2559","TTATTGCTCCCGAGGT-1_2_2"
"2560","TTATTGCTCGCATTAG-1_2_2"
"2561","TTATTGCTCGGTCTAA-1_2_2"
"2562","TTATTGCTCGTAGCTA-1_2_2"
"2563","TTCAATCAGACAGCTG-1_2_2"
"2564","TTCAATCGTCGTACAT-1_2_2"
"2565","TTCAATCTCAGGACGA-1_2_2"
"2566","TTCACCGCAAGTCCCG-1_2_2"
"2567","TTCACCGCAGTCAGTT-1_2_2"
"2568","TTCACCGGTGAAGCTG-1_2_2"
"2569","TTCACGCAGAGGCTGT-1_2_2"
"2570","TTCACGCAGGTCACCC-1_2_2"
"2571","TTCACGCTCGTCTAAG-1_2_2"
"2572","TTCAGGAAGATGGCAC-1_2_2"
"2573","TTCAGGAAGGAGATAG-1_2_2"
"2574","TTCAGGAAGTCACGCC-1_2_2"
"2575","TTCAGGACAACTGAAA-1_2_2"
"2576","TTCAGGACACCTTCGT-1_2_2"
"2577","TTCAGGATCGCTCATC-1_2_2"
"2578","TTCATGTGTACAGTCT-1_2_2"
"2579","TTCATGTGTGGCTCTG-1_2_2"
"2580","TTCATGTTCAAAGCCT-1_2_2"
"2581","TTCATTGAGATTGAGT-1_2_2"
"2582","TTCATTGGTCGCTGCA-1_2_2"
"2583","TTCATTGTCAAAGCCT-1_2_2"
"2584","TTCCAATAGGTAGACC-1_2_2"
"2585","TTCCAATAGTGCGCTC-1_2_2"
"2586","TTCCAATCACACCAGC-1_2_2"
"2587","TTCCAATCACCTATCC-1_2_2"
"2588","TTCCAATCAGACAATA-1_2_2"
"2589","TTCCACGCATGGAACG-1_2_2"
"2590","TTCCACGGTTAATCGC-1_2_2"
"2591","TTCCGGTTCGCTACAA-1_2_2"
"2592","TTCCGGTTCGGTCACG-1_2_2"
"2593","TTCCGTGCATGGAGAC-1_2_2"
"2594","TTCCTAAAGTATGGAT-1_2_2"
"2595","TTCCTAACATTGAAAG-1_2_2"
"2596","TTCCTAAGTAGCCAGA-1_2_2"
"2597","TTCCTAAGTGTCCATA-1_2_2"
"2598","TTCCTAATCAGCTCTC-1_2_2"
"2599","TTCCTCTAGGTTGTTC-1_2_2"
"2600","TTCCTCTCACTCAAGT-1_2_2"
"2601","TTCCTCTCAGCTGCCA-1_2_2"
"2602","TTCCTCTGTACTTCCC-1_2_2"
"2603","TTCCTCTGTCCGGACT-1_2_2"
"2604","TTCCTCTTCCTGCTAC-1_2_2"
"2605","TTCCTTCAGGATTTAG-1_2_2"
"2606","TTCCTTCCAACCCGCA-1_2_2"
"2607","TTCCTTCTCGACATTG-1_2_2"
"2608","TTCGATTCACCCTTGT-1_2_2"
"2609","TTCGATTCACGTACTA-1_2_2"
"2610","TTCGATTCATCGATAC-1_2_2"
"2611","TTCGCTGAGGACTATA-1_2_2"
"2612","TTCGCTGCACATCATG-1_2_2"
"2613","TTCGGTCAGATACAGT-1_2_2"
"2614","TTCGGTCCAACAACAA-1_2_2"
"2615","TTCGGTCTCGCTGATA-1_2_2"
"2616","TTCTAACAGGCAGGTT-1_2_2"
"2617","TTCTAACCATTCTCCG-1_2_2"
"2618","TTCTAACGTGAGATTA-1_2_2"
"2619","TTCTAACTCGTCAACA-1_2_2"
"2620","TTCTAGTCACGACCTG-1_2_2"
"2621","TTCTAGTGTATTCCGA-1_2_2"
"2622","TTCTAGTGTTCTCAGA-1_2_2"
"2623","TTCTAGTTCCAATCTT-1_2_2"
"2624","TTCTAGTTCGTGGGTC-1_2_2"
"2625","TTCTCTCAGAGTGTTA-1_2_2"
"2626","TTCTCTCAGCACCTGC-1_2_2"
"2627","TTCTCTCAGGATTACA-1_2_2"
"2628","TTCTCTCGTATGAGGC-1_2_2"
"2629","TTCTCTCTCCTTTGAT-1_2_2"
"2630","TTCTGTAAGCATGTTC-1_2_2"
"2631","TTCTGTACAGGCTCTG-1_2_2"
"2632","TTCTGTATCGAGTGGA-1_2_2"
"2633","TTCTTCCAGATGCGAC-1_2_2"
"2634","TTCTTCCGTAAGGCTG-1_2_2"
"2635","TTCTTCCGTACAAGTA-1_2_2"
"2636","TTCTTCCGTACTCGAT-1_2_2"
"2637","TTCTTCCGTATGAAGT-1_2_2"
"2638","TTCTTGAAGACTAAGT-1_2_2"
"2639","TTCTTGAAGGATATGT-1_2_2"
"2640","TTGAACGAGACTACGG-1_2_2"
"2641","TTGAACGAGCGTGCCT-1_2_2"
"2642","TTGAACGCATTAGGCT-1_2_2"
"2643","TTGACCCAGCAATAAC-1_2_2"
"2644","TTGACCCAGCCTCTGG-1_2_2"
"2645","TTGACCCAGTGCCGAA-1_2_2"
"2646","TTGAGTGTCCTTCACG-1_2_2"
"2647","TTGAGTGTCTGCGAGC-1_2_2"
"2648","TTGATGGAGCGACAGT-1_2_2"
"2649","TTGCATTAGCATGTTC-1_2_2"
"2650","TTGCATTGTCGCACAC-1_2_2"
"2651","TTGCATTTCGATACAC-1_2_2"
"2652","TTGCCTGAGCATGCAG-1_2_2"
"2653","TTGCCTGAGGTTCCAT-1_2_2"
"2654","TTGCCTGGTCGTGGAA-1_2_2"
"2655","TTGCCTGTCTATACGG-1_2_2"
"2656","TTGCGTCCATAATGAG-1_2_2"
"2657","TTGCTGCAGAGTGACC-1_2_2"
"2658","TTGCTGCAGGAACGCT-1_2_2"
"2659","TTGCTGCCATGACGTT-1_2_2"
"2660","TTGGATGAGGGCAACT-1_2_2"
"2661","TTGGGATCAAAGCTAA-1_2_2"
"2662","TTGGGATCAACAAGTA-1_2_2"
"2663","TTGGGATGTGAGTAAT-1_2_2"
"2664","TTGGGATTCTCCAAGA-1_2_2"
"2665","TTGGGCGAGGGAGGAC-1_2_2"
"2666","TTGGGCGCACCGCTAG-1_2_2"
"2667","TTGGGTAAGGGTCAAC-1_2_2"
"2668","TTGGGTAAGGTACTGG-1_2_2"
"2669","TTGGGTAGTACCTAAC-1_2_2"
"2670","TTGGGTATCATTTACC-1_2_2"
"2671","TTGGTTTGTCCTCAGG-1_2_2"
"2672","TTGTGGAAGATGGCAC-1_2_2"
"2673","TTGTGGACACCGCTAG-1_2_2"
"2674","TTGTGGACATCTGGGC-1_2_2"
"2675","TTGTGGAGTACGAAAT-1_2_2"
"2676","TTGTGGATCTCGGGAC-1_2_2"
"2677","TTGTGTTAGGCATGGT-1_2_2"
"2678","TTGTGTTCAGATTAAG-1_2_2"
"2679","TTGTGTTGTACGGCAA-1_2_2"
"2680","TTGTGTTTCATCACTT-1_2_2"
"2681","TTGTTCACAGGTGTTT-1_2_2"
"2682","TTGTTTGCAAGTTGGG-1_2_2"
"2683","TTGTTTGGTCTAGATC-1_2_2"
"2684","TTTACCAAGAAGCCTG-1_2_2"
"2685","TTTACCAAGTCTTCGA-1_2_2"
"2686","TTTACGTCAACTGATC-1_2_2"
"2687","TTTACGTGTTGCAAGG-1_2_2"
"2688","TTTACGTTCAAAGAAC-1_2_2"
"2689","TTTACTGCACCGCTGA-1_2_2"
"2690","TTTACTGGTCACTCAA-1_2_2"
"2691","TTTACTGGTGATTCTG-1_2_2"
"2692","TTTACTGGTGTCTCCT-1_2_2"
"2693","TTTACTGGTGTGAATA-1_2_2"
"2694","TTTACTGGTTGTGTTG-1_2_2"
"2695","TTTACTGTCTGAGGCC-1_2_2"
"2696","TTTAGTCAGACGATAT-1_2_2"
"2697","TTTAGTCCAACGTAAA-1_2_2"
"2698","TTTAGTCCAAGAGGTC-1_2_2"
"2699","TTTAGTCCATCTCGTC-1_2_2"
"2700","TTTAGTCGTGTCATTG-1_2_2"
"2701","TTTAGTCTCCGTACGG-1_2_2"
"2702","TTTATGCCAACAGCCC-1_2_2"
"2703","TTTATGCGTCAGCGTC-1_2_2"
"2704","TTTATGCTCCCTATTA-1_2_2"
"2705","TTTCACACAAAGCTCT-1_2_2"
"2706","TTTCAGTTCCCTCGAT-1_2_2"
"2707","TTTCATGAGTGGAAAG-1_2_2"
"2708","TTTCATGAGTTTGAGA-1_2_2"
"2709","TTTCATGCACAAATGA-1_2_2"
"2710","TTTCATGCAGAGGACT-1_2_2"
"2711","TTTCATGCATAACAGA-1_2_2"
"2712","TTTCCTCAGCGTTCCG-1_2_2"
"2713","TTTCCTCCAACACAAA-1_2_2"
"2714","TTTCCTCGTACCTGTA-1_2_2"
"2715","TTTCCTCGTTTACGTG-1_2_2"
"2716","TTTCCTCGTTTAGACC-1_2_2"
"2717","TTTCGATGTGCCCAGT-1_2_2"
"2718","TTTCGATGTTGAAGTA-1_2_2"
"2719","TTTCGATTCCGGTTCT-1_2_2"
"2720","TTTGACTGTGTCTTGA-1_2_2"
"2721","TTTGATCCATGTGGTT-1_2_2"
"2722","TTTGATCTCGACGACC-1_2_2"
"2723","TTTGGAGAGCGATTCT-1_2_2"
"2724","TTTGGTTGTACCAATC-1_2_2"
"2725","TTTGTTGAGATGGTAT-1_2_2"
"2726","TTTGTTGCAATGGCCC-1_2_2"
"2727","TTTGTTGCAATTGCAC-1_2_2"
"2728","TTTGTTGCATAATGCC-1_2_2"
"2729","TTTGTTGGTTGGTACT-1_2_2"
