"","x"
"1","AAACCCACATGGAATA-1_1_1"
"2","AAACCCACATTGTCGA-1_1_1"
"3","AAACGAACAGCCGTTG-1_1_1"
"4","AAACGAAGTCGAGCAA-1_1_1"
"5","AAACGAATCGTTAGTG-1_1_1"
"6","AAACGCTTCTCCGATC-1_1_1"
"7","AAACGCTTCTTTCGAT-1_1_1"
"8","AAAGAACAGGTCGTAG-1_1_1"
"9","AAAGAACCAGTGTATC-1_1_1"
"10","AAAGAACGTAATTGGA-1_1_1"
"11","AAAGGATAGTACCGGA-1_1_1"
"12","AAAGGGCAGACCTCCG-1_1_1"
"13","AAAGGGCAGAGGTATT-1_1_1"
"14","AAAGGGCGTATTGACC-1_1_1"
"15","AAAGGGCTCTATTCGT-1_1_1"
"16","AAAGGTACACCGTGAC-1_1_1"
"17","AAAGGTAGTGAGATCG-1_1_1"
"18","AAAGGTATCAGACCTA-1_1_1"
"19","AAAGTCCAGAAGTCAT-1_1_1"
"20","AAAGTCCCAACTCGAT-1_1_1"
"21","AAAGTCCGTGACCGTC-1_1_1"
"22","AAAGTGACAGCGACAA-1_1_1"
"23","AAATGGACAATTGCCA-1_1_1"
"24","AAATGGAGTGACTAAA-1_1_1"
"25","AAATGGATCAGACAAA-1_1_1"
"26","AACAAAGAGTAGCATA-1_1_1"
"27","AACAAAGGTGAATGAT-1_1_1"
"28","AACAAAGGTGTCTCCT-1_1_1"
"29","AACAAAGTCTGCATGA-1_1_1"
"30","AACAACCCACACCTGG-1_1_1"
"31","AACAACCCAGATCACT-1_1_1"
"32","AACAACCGTCGTCTCT-1_1_1"
"33","AACAAGACAGGTCTCG-1_1_1"
"34","AACAAGAGTCGCACGT-1_1_1"
"35","AACAAGAGTCGCATTA-1_1_1"
"36","AACACACCAATAGTGA-1_1_1"
"37","AACACACCACTACGGC-1_1_1"
"38","AACACACCATCAACCA-1_1_1"
"39","AACACACTCCCGAATA-1_1_1"
"40","AACACACTCTCATTTG-1_1_1"
"41","AACAGGGCATGACAGG-1_1_1"
"42","AACAGGGGTGCCCACA-1_1_1"
"43","AACAGGGGTTTAGAGA-1_1_1"
"44","AACCAACGTCTACACA-1_1_1"
"45","AACCAACTCTGAGGTT-1_1_1"
"46","AACCACAAGACCCGCT-1_1_1"
"47","AACCACAAGGATGCGT-1_1_1"
"48","AACCACACAACCGACC-1_1_1"
"49","AACCATGAGGTCATCT-1_1_1"
"50","AACCATGCAAATGGTA-1_1_1"
"51","AACCATGTCCTCTCTT-1_1_1"
"52","AACCCAAGTTCGTACA-1_1_1"
"53","AACCCAATCACGGAGA-1_1_1"
"54","AACCTGAAGAGGTCGT-1_1_1"
"55","AACCTGAAGGATTCCT-1_1_1"
"56","AACCTGACACACCTGG-1_1_1"
"57","AACCTGATCAAGCGTT-1_1_1"
"58","AACCTGATCACAGTGT-1_1_1"
"59","AACCTTTGTACCTATG-1_1_1"
"60","AACCTTTGTCCATACA-1_1_1"
"61","AACCTTTGTGATAGAT-1_1_1"
"62","AACCTTTGTTACAGCT-1_1_1"
"63","AACGAAAGTGCACAAG-1_1_1"
"64","AACGAAAGTGGCTGCT-1_1_1"
"65","AACGAAATCGCATGAT-1_1_1"
"66","AACGAAATCGTCGGGT-1_1_1"
"67","AACGGGATCCAAACCA-1_1_1"
"68","AACGGGATCCTGGTCT-1_1_1"
"69","AACGGGATCTGTCGCT-1_1_1"
"70","AACGTCAAGTAGGTTA-1_1_1"
"71","AACGTCAGTCGTCGGT-1_1_1"
"72","AACTTCTCACCCTTAC-1_1_1"
"73","AAGAACAAGTGCACAG-1_1_1"
"74","AAGAACACACCAGCCA-1_1_1"
"75","AAGAACACATCGCTCT-1_1_1"
"76","AAGAACACATGTGTCA-1_1_1"
"77","AAGAACATCCGAACGC-1_1_1"
"78","AAGACAACAGCGTTTA-1_1_1"
"79","AAGACAACAGTACTAC-1_1_1"
"80","AAGACAAGTCCTTGTC-1_1_1"
"81","AAGACAAGTGCTCCGA-1_1_1"
"82","AAGACAATCTGTTCAT-1_1_1"
"83","AAGACTCAGTCCCGAC-1_1_1"
"84","AAGACTCGTAGTAAGT-1_1_1"
"85","AAGACTCGTGTATACC-1_1_1"
"86","AAGACTCTCTGGGATT-1_1_1"
"87","AAGATAGAGCGCTGAA-1_1_1"
"88","AAGATAGAGTTTGCTG-1_1_1"
"89","AAGATAGGTCCCACGA-1_1_1"
"90","AAGATAGTCGGCCCAA-1_1_1"
"91","AAGCATCGTAACACCT-1_1_1"
"92","AAGCCATAGATGCAGC-1_1_1"
"93","AAGCCATTCGATCCCT-1_1_1"
"94","AAGCGAGAGCATCTTG-1_1_1"
"95","AAGCGAGCAGGTCCGT-1_1_1"
"96","AAGCGTTCAAAGCACG-1_1_1"
"97","AAGCGTTCATGGCTAT-1_1_1"
"98","AAGGAATTCAGCCCAG-1_1_1"
"99","AAGGTAAGTAACGCGA-1_1_1"
"100","AAGGTAAGTAGAGGAA-1_1_1"
"101","AAGGTAAGTCAGACGA-1_1_1"
"102","AAGGTAAGTGGATCGA-1_1_1"
"103","AAGGTAATCAGTAGGG-1_1_1"
"104","AAGTACCAGCAAATCA-1_1_1"
"105","AAGTACCCACAGTCGC-1_1_1"
"106","AAGTCGTCAGGGATAC-1_1_1"
"107","AAGTGAAAGTTGTACC-1_1_1"
"108","AAGTGAATCAGGGTAG-1_1_1"
"109","AAGTGAATCGTGTGGC-1_1_1"
"110","AATAGAGGTATGGAGC-1_1_1"
"111","AATAGAGTCAATGCAC-1_1_1"
"112","AATAGAGTCGATAACC-1_1_1"
"113","AATCACGCAATGTGGG-1_1_1"
"114","AATCACGCACTGCACG-1_1_1"
"115","AATCACGGTATACCTG-1_1_1"
"116","AATCACGGTCTTCATT-1_1_1"
"117","AATCACGGTTTGCCGG-1_1_1"
"118","AATCACGTCCCTTTGG-1_1_1"
"119","AATCGACCAACTGGTT-1_1_1"
"120","AATCGACCAAGTGGCA-1_1_1"
"121","AATCGACCAGTTTCGA-1_1_1"
"122","AATCGACCATACCATG-1_1_1"
"123","AATCGACGTTCGGACC-1_1_1"
"124","AATCGACTCCTAAACG-1_1_1"
"125","AATCGTGAGCTAGAGC-1_1_1"
"126","AATCGTGAGTAACCTC-1_1_1"
"127","AATCGTGGTAACATAG-1_1_1"
"128","AATGAAGCAAATGAGT-1_1_1"
"129","AATGAAGTCATCCTAT-1_1_1"
"130","AATGACCAGATGTAGT-1_1_1"
"131","AATGACCAGCTGACAG-1_1_1"
"132","AATGACCAGGACAACC-1_1_1"
"133","AATGACCCACCATAAC-1_1_1"
"134","AATGACCGTGGTTTGT-1_1_1"
"135","AATGCCAAGTTGAATG-1_1_1"
"136","AATGCCACAATGCAAA-1_1_1"
"137","AATGCCATCAACGTGT-1_1_1"
"138","AATGCCATCATCGTAG-1_1_1"
"139","AATGGAAAGAGGCGTT-1_1_1"
"140","AATGGCTAGCTAAGTA-1_1_1"
"141","AATGGCTCACTCCCTA-1_1_1"
"142","AATGGCTCAGTATGAA-1_1_1"
"143","AATGGCTGTGACGTCC-1_1_1"
"144","AATTCCTTCAACCGAT-1_1_1"
"145","AATTCCTTCAAGAGGC-1_1_1"
"146","AATTTCCCAGCGTTTA-1_1_1"
"147","AATTTCCTCGGACAAG-1_1_1"
"148","ACAAAGAAGTCCGTCG-1_1_1"
"149","ACAAAGACAGCATTGT-1_1_1"
"150","ACAAAGAGTATCGCGC-1_1_1"
"151","ACAAAGATCGGTATGT-1_1_1"
"152","ACAACCACAGACTCTA-1_1_1"
"153","ACAACCATCAACACCA-1_1_1"
"154","ACAAGCTAGGACAGCT-1_1_1"
"155","ACAAGCTCAAAGAACT-1_1_1"
"156","ACAAGCTCACACCTAA-1_1_1"
"157","ACAAGCTTCTTCGTAT-1_1_1"
"158","ACACAGTAGTCCCAGC-1_1_1"
"159","ACACAGTCAACTCGAT-1_1_1"
"160","ACACAGTGTACTGACT-1_1_1"
"161","ACACAGTGTGTGTGGA-1_1_1"
"162","ACACCAAAGCAGCCCT-1_1_1"
"163","ACACCAACACGTGAGA-1_1_1"
"164","ACACCAATCTCTGGTC-1_1_1"
"165","ACACGCGAGATTGGGC-1_1_1"
"166","ACACGCGCACTCACTC-1_1_1"
"167","ACACGCGGTAGCTTAC-1_1_1"
"168","ACACTGATCCGTGGGT-1_1_1"
"169","ACACTGATCGTGGGTC-1_1_1"
"170","ACACTGATCTAGAGCT-1_1_1"
"171","ACAGAAAAGGACGCAT-1_1_1"
"172","ACAGAAACACCTCTGT-1_1_1"
"173","ACAGAAACAGCCGTCA-1_1_1"
"174","ACAGAAAGTTCTTGTT-1_1_1"
"175","ACAGCCGAGTACCGGA-1_1_1"
"176","ACAGGGACACATATCG-1_1_1"
"177","ACAGGGAGTCAAACGG-1_1_1"
"178","ACAGGGAGTGGAACAC-1_1_1"
"179","ACATCCCGTCACCGCA-1_1_1"
"180","ACATCCCTCATAGAGA-1_1_1"
"181","ACATCGAGTATTGAGA-1_1_1"
"182","ACATCGAGTCCAAAGG-1_1_1"
"183","ACATCGAGTTCTCTCG-1_1_1"
"184","ACATCGATCAGTGGGA-1_1_1"
"185","ACATCGATCCTAAACG-1_1_1"
"186","ACATGCAAGACTCCGC-1_1_1"
"187","ACATGCACAGAAGTTA-1_1_1"
"188","ACATGCAGTGTCCGGT-1_1_1"
"189","ACATGCATCCAAATGC-1_1_1"
"190","ACATTTCCAGACACCC-1_1_1"
"191","ACATTTCTCGGTTGTA-1_1_1"
"192","ACCAAACAGATGCTGG-1_1_1"
"193","ACCAAACAGTCTGTAC-1_1_1"
"194","ACCAAACCATGGGTTT-1_1_1"
"195","ACCAAACGTGTCACAT-1_1_1"
"196","ACCAAACTCATAGCAC-1_1_1"
"197","ACCAAACTCGGCTATA-1_1_1"
"198","ACCAACAGTTCTCGTC-1_1_1"
"199","ACCAACAGTTGCAACT-1_1_1"
"200","ACCAACATCCGAAGGA-1_1_1"
"201","ACCAACATCGTCACCT-1_1_1"
"202","ACCACAAGTCAAGTTC-1_1_1"
"203","ACCATTTGTTTCGTGA-1_1_1"
"204","ACCATTTTCAATGTCG-1_1_1"
"205","ACCCAAAAGTAAACTG-1_1_1"
"206","ACCCAAACAAGTCCAT-1_1_1"
"207","ACCCAAAGTTCTTCAT-1_1_1"
"208","ACCCAAATCGTAGCTA-1_1_1"
"209","ACCCAAATCTTCGGTC-1_1_1"
"210","ACCCTTGAGCTCCGAC-1_1_1"
"211","ACCCTTGAGTCAATCC-1_1_1"
"212","ACCCTTGGTGACAGCA-1_1_1"
"213","ACCCTTGTCGATTCCC-1_1_1"
"214","ACCCTTGTCTAACACG-1_1_1"
"215","ACCGTTCAGAAGCGCT-1_1_1"
"216","ACCGTTCGTACGCTAT-1_1_1"
"217","ACCGTTCGTACTGTTG-1_1_1"
"218","ACCTACCAGGCTCTAT-1_1_1"
"219","ACCTACCCAGAATGTA-1_1_1"
"220","ACCTACCCATCTGGGC-1_1_1"
"221","ACCTACCGTGTCTTAG-1_1_1"
"222","ACCTACCTCGAAATCC-1_1_1"
"223","ACCTGAAAGATGAATC-1_1_1"
"224","ACCTGAACAATGCAAA-1_1_1"
"225","ACCTGAAGTTTACGTG-1_1_1"
"226","ACCTGTCCACGCGTGT-1_1_1"
"227","ACCTGTCGTTACCCAA-1_1_1"
"228","ACGATCAAGGGATCAC-1_1_1"
"229","ACGATCACAATGTTGC-1_1_1"
"230","ACGATCACACAGTCGC-1_1_1"
"231","ACGATCACACGGTGTC-1_1_1"
"232","ACGATCAGTACAAGCG-1_1_1"
"233","ACGATCATCAGGAGAC-1_1_1"
"234","ACGATCATCTACCTTA-1_1_1"
"235","ACGATGTAGACAGCTG-1_1_1"
"236","ACGATGTGTATCGAAA-1_1_1"
"237","ACGATGTTCTCCACTG-1_1_1"
"238","ACGCACGCACACACTA-1_1_1"
"239","ACGGAAGAGTGATAGT-1_1_1"
"240","ACGGAAGGTACAAGCG-1_1_1"
"241","ACGGGTCGTACGTGAG-1_1_1"
"242","ACGGGTCTCACCCTGT-1_1_1"
"243","ACGGTCGAGGATTTGA-1_1_1"
"244","ACGGTCGTCTCGACCT-1_1_1"
"245","ACGGTTAAGCGACAGT-1_1_1"
"246","ACGGTTAGTTACGCCG-1_1_1"
"247","ACGTAACAGCCGCACT-1_1_1"
"248","ACGTAACGTACATTGC-1_1_1"
"249","ACGTACAAGTCGCGAA-1_1_1"
"250","ACGTACACAACACGAG-1_1_1"
"251","ACGTACACAGCCATTA-1_1_1"
"252","ACGTACAGTCCTGTTC-1_1_1"
"253","ACGTACAGTTAGAAAC-1_1_1"
"254","ACGTAGTCATGCGTGC-1_1_1"
"255","ACGTCCTGTAACATGA-1_1_1"
"256","ACGTTCCCAAATAAGC-1_1_1"
"257","ACGTTCCCATAGAAAC-1_1_1"
"258","ACGTTCCGTCCAAAGG-1_1_1"
"259","ACGTTCCGTGACGTCC-1_1_1"
"260","ACGTTCCGTTATGTGC-1_1_1"
"261","ACGTTCCTCCGATAAC-1_1_1"
"262","ACTACGACAAGAGAGA-1_1_1"
"263","ACTACGATCATCACCC-1_1_1"
"264","ACTACGATCCTTCGAC-1_1_1"
"265","ACTACGATCTGTCAGA-1_1_1"
"266","ACTATTCCAGCTACCG-1_1_1"
"267","ACTATTCGTATACCTG-1_1_1"
"268","ACTCCCAAGCTGCCTG-1_1_1"
"269","ACTCCCAGTTGACTAC-1_1_1"
"270","ACTCTCGAGGTCACAG-1_1_1"
"271","ACTCTCGCATCCGTGG-1_1_1"
"272","ACTCTCGTCACCTCTG-1_1_1"
"273","ACTCTCGTCAGTCATG-1_1_1"
"274","ACTCTCGTCCCTTGTG-1_1_1"
"275","ACTGCAACAATCGCCG-1_1_1"
"276","ACTGTCCAGCCTCTCT-1_1_1"
"277","ACTGTCCAGTGTTCCA-1_1_1"
"278","ACTGTCCCAGCCGTCA-1_1_1"
"279","ACTGTCCCATCCTTGC-1_1_1"
"280","ACTGTCCTCATTATCC-1_1_1"
"281","ACTGTGAAGCTGGCCT-1_1_1"
"282","ACTGTGACAATTGGTC-1_1_1"
"283","ACTGTGACATTGTCGA-1_1_1"
"284","ACTGTGAGTATGAGGC-1_1_1"
"285","ACTTAGGGTAATCAGA-1_1_1"
"286","ACTTAGGGTAGCACAG-1_1_1"
"287","ACTTATCCAAGTGTCT-1_1_1"
"288","ACTTATCCACCATAAC-1_1_1"
"289","ACTTATCTCGCCGTGA-1_1_1"
"290","ACTTCCGAGCACCTGC-1_1_1"
"291","ACTTCCGAGCCTCAAT-1_1_1"
"292","ACTTCCGAGTTGGAGC-1_1_1"
"293","ACTTCGCAGAGCAAGA-1_1_1"
"294","ACTTTCAAGCGGACAT-1_1_1"
"295","ACTTTCAAGCGGGTTA-1_1_1"
"296","ACTTTCAAGGGAGGAC-1_1_1"
"297","ACTTTCACAAGATGGC-1_1_1"
"298","ACTTTCAGTTCTGACA-1_1_1"
"299","ACTTTCATCAAGTGGG-1_1_1"
"300","ACTTTCATCCCGTAAA-1_1_1"
"301","ACTTTGTGTGTGAGCA-1_1_1"
"302","AGAAATGCAAACTAAG-1_1_1"
"303","AGAAATGTCGTTGCCT-1_1_1"
"304","AGAACAAAGAGTGGCT-1_1_1"
"305","AGAACAAGTGCTCGTG-1_1_1"
"306","AGAACAAGTTGCGGAA-1_1_1"
"307","AGAACAATCATAGCAC-1_1_1"
"308","AGAACCTCATCAGTGT-1_1_1"
"309","AGAACCTGTCCTTTGC-1_1_1"
"310","AGAAGCGCACGGCACT-1_1_1"
"311","AGAAGTAAGTATCCTG-1_1_1"
"312","AGAAGTACAGGTGAGT-1_1_1"
"313","AGAAGTAGTCATAACC-1_1_1"
"314","AGACAAAGTCATGGCC-1_1_1"
"315","AGACAAAGTGTAGGAC-1_1_1"
"316","AGACAAATCTTTCCAA-1_1_1"
"317","AGACACTAGGCCTAAG-1_1_1"
"318","AGACACTCAAGAGGCT-1_1_1"
"319","AGACACTCATGCCGAC-1_1_1"
"320","AGACACTGTCGCTTAA-1_1_1"
"321","AGACACTTCATTGCTT-1_1_1"
"322","AGACACTTCCACGTGG-1_1_1"
"323","AGACAGGAGAGATTCA-1_1_1"
"324","AGACAGGAGCAGGCTA-1_1_1"
"325","AGACAGGCACAGCCTG-1_1_1"
"326","AGACAGGCAGATACCT-1_1_1"
"327","AGACAGGGTGACTGAG-1_1_1"
"328","AGACCATCAACAGTGG-1_1_1"
"329","AGACCATCACTAGAGG-1_1_1"
"330","AGACCATGTCGTCTCT-1_1_1"
"331","AGACCATTCCTGATAG-1_1_1"
"332","AGACCATTCGAGCCAC-1_1_1"
"333","AGACCCGCATCCAATG-1_1_1"
"334","AGACCCGGTATAGCTC-1_1_1"
"335","AGACCCGGTTCACGAT-1_1_1"
"336","AGACTCAAGACCTCCG-1_1_1"
"337","AGACTCAAGGGCCCTT-1_1_1"
"338","AGACTCAAGTGCAGCA-1_1_1"
"339","AGACTCACAAATGGTA-1_1_1"
"340","AGACTCAGTACCTGTA-1_1_1"
"341","AGACTCATCAAAGCCT-1_1_1"
"342","AGAGAATGTATGGTTC-1_1_1"
"343","AGAGAATGTCTCAGGC-1_1_1"
"344","AGAGAATTCAAGCTTG-1_1_1"
"345","AGAGAGCAGTGGTGAC-1_1_1"
"346","AGAGAGCTCCAGTGTA-1_1_1"
"347","AGAGCAGAGGCCTGAA-1_1_1"
"348","AGAGCAGGTCAGGTGA-1_1_1"
"349","AGAGCAGGTCTCAAGT-1_1_1"
"350","AGAGCAGGTGTTGATC-1_1_1"
"351","AGAGCCCAGGAAAGAC-1_1_1"
"352","AGAGCCCAGTCACTCA-1_1_1"
"353","AGAGCCCTCCGTTGGG-1_1_1"
"354","AGATAGAAGCATCAGG-1_1_1"
"355","AGATAGAGTTCGGACC-1_1_1"
"356","AGATAGATCCCTTGGT-1_1_1"
"357","AGATCCAAGAGGGTGG-1_1_1"
"358","AGATCCACAAATGGAT-1_1_1"
"359","AGATCCACAAGGCTTT-1_1_1"
"360","AGATCCACAGCTATAC-1_1_1"
"361","AGATCCATCTAGTCAG-1_1_1"
"362","AGATCGTGTGTACATC-1_1_1"
"363","AGATCGTTCTAGTTCT-1_1_1"
"364","AGATCGTTCTGACGCG-1_1_1"
"365","AGATGAAAGGAAAGGT-1_1_1"
"366","AGATGAACAGCTGCCA-1_1_1"
"367","AGATGAATCACAAGGG-1_1_1"
"368","AGATGCTAGGATTTCC-1_1_1"
"369","AGATGCTAGTCGGGAT-1_1_1"
"370","AGATGCTCATGTTACG-1_1_1"
"371","AGATGCTTCTCTAAGG-1_1_1"
"372","AGATGCTTCTTAGCTT-1_1_1"
"373","AGCCAATAGAATAGTC-1_1_1"
"374","AGCCAATAGGAACTAT-1_1_1"
"375","AGCCAATGTATTCCGA-1_1_1"
"376","AGCCAATGTGGTCTCG-1_1_1"
"377","AGCCACGCACAGTGAG-1_1_1"
"378","AGCCAGCAGGAAACGA-1_1_1"
"379","AGCCAGCAGTCATACC-1_1_1"
"380","AGCCAGCCAACATCGT-1_1_1"
"381","AGCGATTGTACAGTTC-1_1_1"
"382","AGCGCCAAGAGATGCC-1_1_1"
"383","AGCGCCATCCTACTGC-1_1_1"
"384","AGCGCTGAGACATATG-1_1_1"
"385","AGCGCTGAGTGAATAC-1_1_1"
"386","AGCGCTGGTCGAGCTC-1_1_1"
"387","AGCGCTGGTGTCGATT-1_1_1"
"388","AGCGCTGTCGCACGAC-1_1_1"
"389","AGCGTATTCGGCTGGT-1_1_1"
"390","AGCTACAAGAAACTCA-1_1_1"
"391","AGCTACAAGGGACTGT-1_1_1"
"392","AGCTACAGTGCCTTCT-1_1_1"
"393","AGCTACAGTTTCAGAC-1_1_1"
"394","AGCTACATCACCGGGT-1_1_1"
"395","AGCTCAAAGGTGCATG-1_1_1"
"396","AGCTCAAGTTGTTGAC-1_1_1"
"397","AGCTTCCCAACCCTAA-1_1_1"
"398","AGCTTCCCAATAACCC-1_1_1"
"399","AGCTTCCCATGCAGGA-1_1_1"
"400","AGCTTCCGTTAAAGTG-1_1_1"
"401","AGGAAATGTCCTACAA-1_1_1"
"402","AGGAAATTCCACGTGG-1_1_1"
"403","AGGAATAAGAGCCTGA-1_1_1"
"404","AGGAATAAGTCACGCC-1_1_1"
"405","AGGAATATCATGAGGG-1_1_1"
"406","AGGACGAAGACATGCG-1_1_1"
"407","AGGACGAAGTAAGCAT-1_1_1"
"408","AGGACGAAGTCCCGGT-1_1_1"
"409","AGGACGACACAGACGA-1_1_1"
"410","AGGACGATCGGCTTGG-1_1_1"
"411","AGGACTTAGCAGGTCA-1_1_1"
"412","AGGAGGTCACATCATG-1_1_1"
"413","AGGAGGTCAGCCTACG-1_1_1"
"414","AGGAGGTCATTGCTGA-1_1_1"
"415","AGGAGGTGTTGCTAGT-1_1_1"
"416","AGGATAAAGTCACAGG-1_1_1"
"417","AGGATAAAGTGCTACT-1_1_1"
"418","AGGATAACAGTTGGTT-1_1_1"
"419","AGGATAACATTCGGGC-1_1_1"
"420","AGGATAAGTGGCCACT-1_1_1"
"421","AGGATCTGTCCCGGTA-1_1_1"
"422","AGGATCTTCATTACCT-1_1_1"
"423","AGGCATTTCAGCTAGT-1_1_1"
"424","AGGCATTTCGCCGTGA-1_1_1"
"425","AGGCTGCAGCCGTTAT-1_1_1"
"426","AGGCTGCAGCGCTGCT-1_1_1"
"427","AGGCTGCCACATCCCT-1_1_1"
"428","AGGGAGTCACTCTAGA-1_1_1"
"429","AGGGAGTTCCACGGGT-1_1_1"
"430","AGGGAGTTCCCTGTTG-1_1_1"
"431","AGGGCCTCAACTAGAA-1_1_1"
"432","AGGGCCTGTATGCTTG-1_1_1"
"433","AGGGCCTTCCCTTGGT-1_1_1"
"434","AGGGCTCCAAACCGGA-1_1_1"
"435","AGGGCTCCATGGCTGC-1_1_1"
"436","AGGGTCCAGAATACAC-1_1_1"
"437","AGGGTCCAGCTCCATA-1_1_1"
"438","AGGGTCCAGGCTCACC-1_1_1"
"439","AGGGTCCGTTACCCAA-1_1_1"
"440","AGGGTCCTCCCATTTA-1_1_1"
"441","AGGGTGAGTTACGATC-1_1_1"
"442","AGGGTGATCAAGCCGC-1_1_1"
"443","AGGGTTTCAGTCGCAC-1_1_1"
"444","AGGTAGGGTGTAGGAC-1_1_1"
"445","AGGTCATCACCAGACC-1_1_1"
"446","AGGTCATTCGGCCCAA-1_1_1"
"447","AGGTCATTCGGTAGGA-1_1_1"
"448","AGGTCTACACACGCCA-1_1_1"
"449","AGGTGTTAGAAGTCAT-1_1_1"
"450","AGGTGTTAGTAATCCC-1_1_1"
"451","AGGTGTTAGTTCCGGC-1_1_1"
"452","AGGTGTTCACGCTGTG-1_1_1"
"453","AGGTGTTGTCCCAAAT-1_1_1"
"454","AGGTGTTTCGGCTGGT-1_1_1"
"455","AGGTGTTTCTATCGTT-1_1_1"
"456","AGGTTACAGCTGGAGT-1_1_1"
"457","AGGTTACCAAGCGCAA-1_1_1"
"458","AGGTTACTCATAGACC-1_1_1"
"459","AGGTTGTGTCCGGACT-1_1_1"
"460","AGTAACCAGAAAGCGA-1_1_1"
"461","AGTAACCCACACCTAA-1_1_1"
"462","AGTAACCTCATATGGC-1_1_1"
"463","AGTACCAAGACGCCAA-1_1_1"
"464","AGTACCAAGGAGCTGT-1_1_1"
"465","AGTACCAAGGAGTATT-1_1_1"
"466","AGTACCAGTGTCTTCC-1_1_1"
"467","AGTACCATCTGCCTGT-1_1_1"
"468","AGTACTGAGTTGGAGC-1_1_1"
"469","AGTACTGCAAGATGGC-1_1_1"
"470","AGTACTGGTAGACAGC-1_1_1"
"471","AGTACTGGTCCTACAA-1_1_1"
"472","AGTACTGTCGCCCAGA-1_1_1"
"473","AGTACTGTCTCGGCTT-1_1_1"
"474","AGTAGCTCAATAACCC-1_1_1"
"475","AGTAGTCAGATTGACA-1_1_1"
"476","AGTAGTCCAGACACAG-1_1_1"
"477","AGTAGTCCAGGTCAGA-1_1_1"
"478","AGTCACACAATGTCTG-1_1_1"
"479","AGTCACATCTCCTACG-1_1_1"
"480","AGTCTCCAGGGACCAT-1_1_1"
"481","AGTCTCCGTACAGAAT-1_1_1"
"482","AGTCTCCGTATGGAAT-1_1_1"
"483","AGTGACTAGACAGCTG-1_1_1"
"484","AGTGACTAGGAGAGTA-1_1_1"
"485","AGTGACTAGGCTCAAG-1_1_1"
"486","AGTGACTTCTGTCAGA-1_1_1"
"487","AGTGATCTCCGGCTTT-1_1_1"
"488","AGTGATCTCGCCGAGT-1_1_1"
"489","AGTGATCTCGTCTCAC-1_1_1"
"490","AGTGCCGAGATAGCTA-1_1_1"
"491","AGTGCCGTCGTGGCTG-1_1_1"
"492","AGTGTTGAGGAACTAT-1_1_1"
"493","AGTGTTGGTGCAACAG-1_1_1"
"494","AGTTAGCAGGCGCTCT-1_1_1"
"495","AGTTAGCGTGCGTCGT-1_1_1"
"496","AGTTAGCTCTGCGATA-1_1_1"
"497","AGTTCCCAGCAAATGT-1_1_1"
"498","AGTTCCCCATCGCTCT-1_1_1"
"499","AGTTCCCGTATCCCAA-1_1_1"
"500","AGTTCGATCATACAGC-1_1_1"
"501","ATACCGAAGCAAACAT-1_1_1"
"502","ATACCGACATGACACT-1_1_1"
"503","ATACCTTCAACCACGC-1_1_1"
"504","ATACCTTCAGGCCTGT-1_1_1"
"505","ATACTTCAGACTCATC-1_1_1"
"506","ATACTTCCAACTCCCT-1_1_1"
"507","ATACTTCCAGCGTATT-1_1_1"
"508","ATACTTCTCATGTCTT-1_1_1"
"509","ATAGACCAGAATCTAG-1_1_1"
"510","ATAGACCAGGCATGGT-1_1_1"
"511","ATAGACCAGTCTTCGA-1_1_1"
"512","ATAGACCGTTTGTTCT-1_1_1"
"513","ATAGACCTCGAACTCA-1_1_1"
"514","ATAGAGAAGATGACAT-1_1_1"
"515","ATAGAGAAGTTGCTGT-1_1_1"
"516","ATAGAGACAAGTAGTA-1_1_1"
"517","ATAGAGAGTCACGACC-1_1_1"
"518","ATAGAGAGTCTTGAAC-1_1_1"
"519","ATAGAGATCACGAACT-1_1_1"
"520","ATAGGCTAGAGCGACT-1_1_1"
"521","ATAGGCTAGAGTCAAT-1_1_1"
"522","ATAGGCTGTAGCTGTT-1_1_1"
"523","ATAGGCTGTGTGTACT-1_1_1"
"524","ATATCCTAGCGCTGCT-1_1_1"
"525","ATATCCTGTATATGGA-1_1_1"
"526","ATATCCTGTCAACGCC-1_1_1"
"527","ATATCCTGTCGTGGAA-1_1_1"
"528","ATATCCTTCGCTAAAC-1_1_1"
"529","ATCACAGAGGCCTGAA-1_1_1"
"530","ATCACAGAGGGCCTCT-1_1_1"
"531","ATCACAGAGTATTAGG-1_1_1"
"532","ATCACAGAGTCACAGG-1_1_1"
"533","ATCACAGAGTTTGGCT-1_1_1"
"534","ATCACAGCAATAGTAG-1_1_1"
"535","ATCACAGGTGACAACG-1_1_1"
"536","ATCACAGGTGTCCTAA-1_1_1"
"537","ATCACGACAGCTGAAG-1_1_1"
"538","ATCACTTCAGCTGTGC-1_1_1"
"539","ATCACTTGTGGTCCGT-1_1_1"
"540","ATCAGGTGTAGGATAT-1_1_1"
"541","ATCAGGTGTGTTCAGT-1_1_1"
"542","ATCAGGTGTTGGACTT-1_1_1"
"543","ATCATTCAGCATGTTC-1_1_1"
"544","ATCATTCCAAGATGTA-1_1_1"
"545","ATCATTCTCGTTAGTG-1_1_1"
"546","ATCCACCAGCTACTAC-1_1_1"
"547","ATCCACCCACAAGGTG-1_1_1"
"548","ATCCACCCACCAGACC-1_1_1"
"549","ATCCACCCATACTGAC-1_1_1"
"550","ATCCACCTCATTGTTC-1_1_1"
"551","ATCCATTAGAAGCTGC-1_1_1"
"552","ATCCATTAGACCGCCT-1_1_1"
"553","ATCCATTAGACGTCGA-1_1_1"
"554","ATCCATTCACAAGCCC-1_1_1"
"555","ATCCATTCAGGCCTGT-1_1_1"
"556","ATCCATTTCAAGAGGC-1_1_1"
"557","ATCCCTGAGCGAGTAC-1_1_1"
"558","ATCCCTGCACGCTATA-1_1_1"
"559","ATCCCTGGTATGTCTG-1_1_1"
"560","ATCCCTGGTTTGGGTT-1_1_1"
"561","ATCCCTGTCGTTCCCA-1_1_1"
"562","ATCCGTCAGGGTCTTT-1_1_1"
"563","ATCCGTCGTAGATTGA-1_1_1"
"564","ATCCGTCTCCGCTTAC-1_1_1"
"565","ATCCTATAGGTAACTA-1_1_1"
"566","ATCCTATGTAGTGGCA-1_1_1"
"567","ATCCTATTCAGGTGTT-1_1_1"
"568","ATCCTATTCGTTCGCT-1_1_1"
"569","ATCGCCTCAGGTTACT-1_1_1"
"570","ATCGGATGTACGTTCA-1_1_1"
"571","ATCGGCGAGACGATAT-1_1_1"
"572","ATCGGCGAGTTTCAGC-1_1_1"
"573","ATCGGCGCACTACGGC-1_1_1"
"574","ATCGTAGAGAATTGTG-1_1_1"
"575","ATCGTAGAGGCTAACG-1_1_1"
"576","ATCGTAGCAGGCCCTA-1_1_1"
"577","ATCGTCCAGAAACACT-1_1_1"
"578","ATCGTCCTCAACTGGT-1_1_1"
"579","ATCTCTAGTCATCCGG-1_1_1"
"580","ATCTCTATCTACTCAT-1_1_1"
"581","ATCTTCACAACAGCCC-1_1_1"
"582","ATCTTCACAGCAGACA-1_1_1"
"583","ATCTTCACAGCGTTGC-1_1_1"
"584","ATCTTCATCGGCACTG-1_1_1"
"585","ATGAAAGAGTGATAGT-1_1_1"
"586","ATGAAAGCATCACCAA-1_1_1"
"587","ATGAAAGGTGTTAACC-1_1_1"
"588","ATGAAAGGTTTCGATG-1_1_1"
"589","ATGAAAGTCAAGGACG-1_1_1"
"590","ATGAAAGTCACTAGCA-1_1_1"
"591","ATGACCAAGGCTCCCA-1_1_1"
"592","ATGAGTCCAAAGACTA-1_1_1"
"593","ATGAGTCCAGTCGTTA-1_1_1"
"594","ATGAGTCGTAGGGAGG-1_1_1"
"595","ATGATCGCAACTCGTA-1_1_1"
"596","ATGATCGCAAGTCATC-1_1_1"
"597","ATGATCGCATGAGAAT-1_1_1"
"598","ATGATCGGTACTCAAC-1_1_1"
"599","ATGATCGTCACCGACG-1_1_1"
"600","ATGATCGTCGTTGCCT-1_1_1"
"601","ATGCATGGTATCGCTA-1_1_1"
"602","ATGCCTCAGCTTTGTG-1_1_1"
"603","ATGCCTCAGGTGCATG-1_1_1"
"604","ATGCCTCCAGCCCACA-1_1_1"
"605","ATGCCTCGTAACGGTG-1_1_1"
"606","ATGCCTCTCGAAGGAC-1_1_1"
"607","ATGCGATAGTGGTGGT-1_1_1"
"608","ATGCGATTCTTTCAGT-1_1_1"
"609","ATGGAGGTCGTCGATA-1_1_1"
"610","ATGGATCTCTGTGCAA-1_1_1"
"611","ATGGGAGAGCGTTGTT-1_1_1"
"612","ATGGGAGGTGATAGTA-1_1_1"
"613","ATGGGAGTCGACGATT-1_1_1"
"614","ATGGGTTTCTTGGAAC-1_1_1"
"615","ATGGTTGAGGAGAGGC-1_1_1"
"616","ATGGTTGAGTATAGGT-1_1_1"
"617","ATGGTTGTCAGTGATC-1_1_1"
"618","ATGTCCCCAGAGGTTG-1_1_1"
"619","ATGTCCCGTACCTTCC-1_1_1"
"620","ATGTCTTCAGCAGTCC-1_1_1"
"621","ATGTCTTGTTCTCGTC-1_1_1"
"622","ATTACCTCACTGTGAT-1_1_1"
"623","ATTACCTCATCCTAAG-1_1_1"
"624","ATTACCTCATGTTCGA-1_1_1"
"625","ATTACTCGTGCATGTT-1_1_1"
"626","ATTACTCTCAGGCGAA-1_1_1"
"627","ATTATCCCACCAATTG-1_1_1"
"628","ATTATCCTCCACGTAA-1_1_1"
"629","ATTCACTAGCGTCAGA-1_1_1"
"630","ATTCACTGTGAGTCAG-1_1_1"
"631","ATTCAGGAGTATTGCC-1_1_1"
"632","ATTCAGGCACCCTGAG-1_1_1"
"633","ATTCAGGCAGTTCTAG-1_1_1"
"634","ATTCAGGGTCTAGATC-1_1_1"
"635","ATTCATCCACAGTCAT-1_1_1"
"636","ATTCATCTCCTCACCA-1_1_1"
"637","ATTCCATAGCTGAAAT-1_1_1"
"638","ATTCCATGTATTTCCT-1_1_1"
"639","ATTCCATTCCGTTGAA-1_1_1"
"640","ATTCCCGAGTCTCGTA-1_1_1"
"641","ATTCCCGCAGGAATAT-1_1_1"
"642","ATTCCTAAGCTATCCA-1_1_1"
"643","ATTCCTAAGGGTTGCA-1_1_1"
"644","ATTCGTTAGACATCCT-1_1_1"
"645","ATTCGTTCAATTGAAG-1_1_1"
"646","ATTCTACCAGCCGTTG-1_1_1"
"647","ATTCTACGTATCACGT-1_1_1"
"648","ATTCTACTCCCAAGCG-1_1_1"
"649","ATTCTTGAGAAGCGGG-1_1_1"
"650","ATTCTTGTCACCCTTG-1_1_1"
"651","ATTGGGTGTGCGTGCT-1_1_1"
"652","ATTGTTCAGGTCATCT-1_1_1"
"653","ATTGTTCCAGAGAGGG-1_1_1"
"654","ATTGTTCCAGTATGAA-1_1_1"
"655","ATTGTTCCAGTTGTTG-1_1_1"
"656","ATTGTTCTCAGGACAG-1_1_1"
"657","ATTGTTCTCGCATTAG-1_1_1"
"658","ATTGTTCTCGGCTTCT-1_1_1"
"659","ATTTACCAGATCCTAC-1_1_1"
"660","ATTTACCAGTACCATC-1_1_1"
"661","ATTTACCCACGGTGCT-1_1_1"
"662","ATTTACCTCACTGGTA-1_1_1"
"663","ATTTCACAGATACGAT-1_1_1"
"664","ATTTCACAGATGACAT-1_1_1"
"665","ATTTCACGTTCAGTAC-1_1_1"
"666","CAAAGAAAGACAAGCC-1_1_1"
"667","CAAAGAAAGTCATACC-1_1_1"
"668","CAAAGAACATATAGCC-1_1_1"
"669","CAACAACAGCGTGAGT-1_1_1"
"670","CAACAACCAGGATGAC-1_1_1"
"671","CAACAACTCTGCCTCA-1_1_1"
"672","CAACAGTCATCCGTGG-1_1_1"
"673","CAACAGTGTGGACCTC-1_1_1"
"674","CAACAGTGTTGGTACT-1_1_1"
"675","CAACAGTTCCATGATG-1_1_1"
"676","CAACAGTTCGTAACAC-1_1_1"
"677","CAACCAACAAACACCT-1_1_1"
"678","CAACCAACAGGTGGAT-1_1_1"
"679","CAACCAACATACCATG-1_1_1"
"680","CAACCAATCCGCCTAT-1_1_1"
"681","CAACCAATCTCTGCCA-1_1_1"
"682","CAACCTCAGGCCCGTT-1_1_1"
"683","CAACGATAGCACTCAT-1_1_1"
"684","CAACGATCACCAGCCA-1_1_1"
"685","CAACGATCACGAGAAC-1_1_1"
"686","CAACGATGTCGGATTT-1_1_1"
"687","CAACGATGTTTCGGCG-1_1_1"
"688","CAACGATTCGTTGTGA-1_1_1"
"689","CAACGGCCAACCGTAT-1_1_1"
"690","CAACGGCTCTACGCAA-1_1_1"
"691","CAACGGCTCTCTCGCA-1_1_1"
"692","CAAGACTAGACTGAGC-1_1_1"
"693","CAAGACTCAGCCATTA-1_1_1"
"694","CAAGAGGAGAGATCGC-1_1_1"
"695","CAAGAGGAGGATGTTA-1_1_1"
"696","CAAGAGGCACAAGCTT-1_1_1"
"697","CAAGAGGTCCCAACTC-1_1_1"
"698","CAAGCTAAGGTTAAAC-1_1_1"
"699","CAAGCTAGTCTTGAAC-1_1_1"
"700","CAAGCTATCAGCAATC-1_1_1"
"701","CAAGCTATCTAGAACC-1_1_1"
"702","CAAGGGATCAGGACGA-1_1_1"
"703","CAATACGAGTGGTTCT-1_1_1"
"704","CAATACGTCTTCCCAG-1_1_1"
"705","CAATCGACATGACGGA-1_1_1"
"706","CAATCGATCAGTCACA-1_1_1"
"707","CAATGACCAATGTGGG-1_1_1"
"708","CAATGACGTTGGAGAC-1_1_1"
"709","CAATGACTCCAGGACC-1_1_1"
"710","CAATTTCCAGTCTGGC-1_1_1"
"711","CAATTTCGTTTACTTC-1_1_1"
"712","CACAACAAGACGACTG-1_1_1"
"713","CACAACACAAACAGGC-1_1_1"
"714","CACAACACAGTTGGTT-1_1_1"
"715","CACAACAGTCTGCGCA-1_1_1"
"716","CACACAACAATGTTGC-1_1_1"
"717","CACACAACATCATGAC-1_1_1"
"718","CACACAAGTGTAAACA-1_1_1"
"719","CACAGATCAAGCACAG-1_1_1"
"720","CACAGATCATGTTACG-1_1_1"
"721","CACAGATGTCCCGTGA-1_1_1"
"722","CACAGATTCCCAAGCG-1_1_1"
"723","CACAGGCCAGCGGATA-1_1_1"
"724","CACATGAAGGTAACTA-1_1_1"
"725","CACATGACAAACGGCA-1_1_1"
"726","CACATGAGTGCCCACA-1_1_1"
"727","CACATGAGTTAGCTAC-1_1_1"
"728","CACCAAAAGTCTAGCT-1_1_1"
"729","CACCGTTAGAGTGAAG-1_1_1"
"730","CACCGTTCAGATACCT-1_1_1"
"731","CACCGTTTCGTAGTGT-1_1_1"
"732","CACCGTTTCTAAGCGT-1_1_1"
"733","CACGAATCAAGATGTA-1_1_1"
"734","CACGGGTGTGTACATC-1_1_1"
"735","CACGGGTGTGTAGTGG-1_1_1"
"736","CACGGGTGTGTTACTG-1_1_1"
"737","CACGTGGAGTATTAGG-1_1_1"
"738","CACGTGGAGTTACGTC-1_1_1"
"739","CACGTTCAGGATTACA-1_1_1"
"740","CACGTTCCATCTTTCA-1_1_1"
"741","CACGTTCGTATCTCGA-1_1_1"
"742","CACGTTCTCTCTGAGA-1_1_1"
"743","CACTAAGAGACAACAT-1_1_1"
"744","CACTAAGAGTGACACG-1_1_1"
"745","CACTGAATCACGAGGA-1_1_1"
"746","CACTGGGTCCAATCCC-1_1_1"
"747","CACTGTCAGCATGCGA-1_1_1"
"748","CACTGTCGTATGCGTT-1_1_1"
"749","CACTGTCGTCTTCAAG-1_1_1"
"750","CACTGTCTCGCTCTCA-1_1_1"
"751","CAGAGCCAGAGGGCGA-1_1_1"
"752","CAGAGCCAGGCAATGC-1_1_1"
"753","CAGAGCCAGTCATCGT-1_1_1"
"754","CAGAGCCCACACAGAG-1_1_1"
"755","CAGAGCCCAGTCAACT-1_1_1"
"756","CAGAGCCCATAGGTTC-1_1_1"
"757","CAGAGCCGTACAAACA-1_1_1"
"758","CAGAGCCGTGCCTAAT-1_1_1"
"759","CAGATACAGCGTTGTT-1_1_1"
"760","CAGATACAGCTCCGAC-1_1_1"
"761","CAGATACCACGACCTG-1_1_1"
"762","CAGATACGTTCCTAGA-1_1_1"
"763","CAGATACTCGAGTCCG-1_1_1"
"764","CAGATCAAGAAACTAC-1_1_1"
"765","CAGATCACACGTAGAG-1_1_1"
"766","CAGATCACAGAGCTAG-1_1_1"
"767","CAGATCACATCTATCT-1_1_1"
"768","CAGATCACATTGGCAT-1_1_1"
"769","CAGATCAGTCGTGGAA-1_1_1"
"770","CAGATCATCCCGAATA-1_1_1"
"771","CAGATCATCTTTCCAA-1_1_1"
"772","CAGATTGCACAGAAGC-1_1_1"
"773","CAGCACGAGAATAGTC-1_1_1"
"774","CAGCACGAGACGGATC-1_1_1"
"775","CAGCACGAGCGTTACT-1_1_1"
"776","CAGCACGCATCGGTTA-1_1_1"
"777","CAGCACGGTCAAAGTA-1_1_1"
"778","CAGCACGTCGGTGTTA-1_1_1"
"779","CAGCAGCAGCGAACTG-1_1_1"
"780","CAGCAGCAGGCATGCA-1_1_1"
"781","CAGCAGCAGGGCGAAG-1_1_1"
"782","CAGCAGCCAGATCCTA-1_1_1"
"783","CAGCAGCGTATGACAA-1_1_1"
"784","CAGCAGCGTGGAAATT-1_1_1"
"785","CAGCCAGAGTAAACAC-1_1_1"
"786","CAGCCAGCACTCGATA-1_1_1"
"787","CAGCCAGGTTGCATTG-1_1_1"
"788","CAGCCAGTCACTGGGC-1_1_1"
"789","CAGCCAGTCGCCGAGT-1_1_1"
"790","CAGCCAGTCTAAGAAG-1_1_1"
"791","CAGCCAGTCTCCCATG-1_1_1"
"792","CAGCGTGAGTAGATCA-1_1_1"
"793","CAGCGTGTCTGAGCAT-1_1_1"
"794","CAGGCCAAGCAATTAG-1_1_1"
"795","CAGGCCACATATGGCT-1_1_1"
"796","CAGGCCACATTCTGTT-1_1_1"
"797","CAGGCCAGTATACGGG-1_1_1"
"798","CAGGCCAGTTAAAGTG-1_1_1"
"799","CAGGCCATCCATCCGT-1_1_1"
"800","CAGGCCATCTCAACCC-1_1_1"
"801","CAGGGCTAGATGCTTC-1_1_1"
"802","CAGGGCTAGCTAGAGC-1_1_1"
"803","CAGGGCTGTGATACTC-1_1_1"
"804","CAGGGCTTCCGATTAG-1_1_1"
"805","CAGGTATAGCAAGTCG-1_1_1"
"806","CAGGTATCATAGATCC-1_1_1"
"807","CAGGTATGTCGAAGCA-1_1_1"
"808","CAGTGCGCAGGTCAAG-1_1_1"
"809","CAGTGCGGTAGACGTG-1_1_1"
"810","CAGTGCGGTGGTTCTA-1_1_1"
"811","CAGTGCGGTTTGGCTA-1_1_1"
"812","CAGTTAGCATGCCGCA-1_1_1"
"813","CAGTTAGGTAGGTTTC-1_1_1"
"814","CAGTTAGTCAAGATAG-1_1_1"
"815","CAGTTAGTCCGTGACG-1_1_1"
"816","CATAAGCAGTGGATTA-1_1_1"
"817","CATAAGCCAGTACTAC-1_1_1"
"818","CATAAGCCATCCTCAC-1_1_1"
"819","CATAAGCGTGAATGAT-1_1_1"
"820","CATACAGAGAACTCCT-1_1_1"
"821","CATACAGTCCGGCAGT-1_1_1"
"822","CATACAGTCCGTGTAA-1_1_1"
"823","CATACCCCATACAGAA-1_1_1"
"824","CATACCCCATGACAGG-1_1_1"
"825","CATACCCGTTACACTG-1_1_1"
"826","CATAGACTCATCAGTG-1_1_1"
"827","CATCAAGGTCACAGTT-1_1_1"
"828","CATCCACAGTATGAAC-1_1_1"
"829","CATCCACAGTTGCCTA-1_1_1"
"830","CATCCACCACTTACAG-1_1_1"
"831","CATCCACGTAGCGTCC-1_1_1"
"832","CATCCACGTGATTAGA-1_1_1"
"833","CATCCACTCGATAACC-1_1_1"
"834","CATCCCAAGGGCAGGA-1_1_1"
"835","CATCCCAGTGTATCCA-1_1_1"
"836","CATCCGTAGCCTCTGG-1_1_1"
"837","CATCCGTAGTTTGGCT-1_1_1"
"838","CATCCGTCACGGTAGA-1_1_1"
"839","CATCCGTCAGTGTATC-1_1_1"
"840","CATCCGTCATTGCTTT-1_1_1"
"841","CATCGCTAGCGTGCCT-1_1_1"
"842","CATCGCTGTCGGTGTC-1_1_1"
"843","CATCGCTTCCCTCGAT-1_1_1"
"844","CATCGCTTCCCTGGTT-1_1_1"
"845","CATCGCTTCGTCAACA-1_1_1"
"846","CATCGGGAGCTACTGT-1_1_1"
"847","CATCGGGGTGTAAACA-1_1_1"
"848","CATCGTCAGCAAGGAA-1_1_1"
"849","CATCGTCAGCACTGGA-1_1_1"
"850","CATGAGTAGACGGATC-1_1_1"
"851","CATGAGTAGATAGTGT-1_1_1"
"852","CATGAGTAGCTGGCTC-1_1_1"
"853","CATGAGTGTCTTTCAT-1_1_1"
"854","CATGCAACAAGTGGGT-1_1_1"
"855","CATGCAACACGGCTAC-1_1_1"
"856","CATGCAAGTGTCTAAC-1_1_1"
"857","CATGCCTAGAGCTGCA-1_1_1"
"858","CATGCCTGTGTGGACA-1_1_1"
"859","CATGCGGCACGTCTCT-1_1_1"
"860","CATGCGGCAGACGATG-1_1_1"
"861","CATGCGGGTCACCGCA-1_1_1"
"862","CATGCTCAGACTCAAA-1_1_1"
"863","CATGCTCAGATTAGAC-1_1_1"
"864","CATGCTCTCCACACCT-1_1_1"
"865","CATGCTCTCGTGCGAC-1_1_1"
"866","CATGGATAGAGGCCAT-1_1_1"
"867","CATGGATTCTCGTCAC-1_1_1"
"868","CATGGTATCCGTAGGC-1_1_1"
"869","CATTCATGTCAATCTG-1_1_1"
"870","CATTCATGTGGACCTC-1_1_1"
"871","CATTCCGGTGTAAACA-1_1_1"
"872","CATTCCGTCTTCCTAA-1_1_1"
"873","CATTCTAAGCCGTTGC-1_1_1"
"874","CATTCTAAGGTACAGC-1_1_1"
"875","CATTCTACATACACCA-1_1_1"
"876","CATTCTAGTCTACGTA-1_1_1"
"877","CATTCTATCAATCGGT-1_1_1"
"878","CATTCTATCCTCTCGA-1_1_1"
"879","CATTGAGCATTGACCA-1_1_1"
"880","CATTGAGGTTGGTACT-1_1_1"
"881","CATTGCCAGCTGACTT-1_1_1"
"882","CATTGCCAGGAAAGAC-1_1_1"
"883","CATTGCCAGGGCAACT-1_1_1"
"884","CATTGCCCATCCTTCG-1_1_1"
"885","CATTGCCCATCTCAAG-1_1_1"
"886","CATTGCCTCATGCAGT-1_1_1"
"887","CATTGTTAGCACTTTG-1_1_1"
"888","CATTGTTAGGAGCTGT-1_1_1"
"889","CATTGTTAGTGTGTTC-1_1_1"
"890","CATTGTTCAGACTCTA-1_1_1"
"891","CATTGTTTCAAGCCAT-1_1_1"
"892","CATTGTTTCCAGTGTA-1_1_1"
"893","CATTTCAAGAGTATAC-1_1_1"
"894","CATTTCAAGCCGATCC-1_1_1"
"895","CATTTCAGTTTGGAAA-1_1_1"
"896","CCAAGCGCATTGACCA-1_1_1"
"897","CCAAGCGTCTGCAGCG-1_1_1"
"898","CCAATGAAGGTAAAGG-1_1_1"
"899","CCAATGACAAGGAGTC-1_1_1"
"900","CCAATGAGTAGATCGG-1_1_1"
"901","CCAATGATCCGCAACG-1_1_1"
"902","CCAATTTCACTCACTC-1_1_1"
"903","CCAATTTTCGAGGCAA-1_1_1"
"904","CCAATTTTCGTCAACA-1_1_1"
"905","CCACAAAAGAAGCTGC-1_1_1"
"906","CCACAAACAGCTGAGA-1_1_1"
"907","CCACAAAGTAACTAAG-1_1_1"
"908","CCACAAATCGCCTTTG-1_1_1"
"909","CCACACTAGGGAGGCA-1_1_1"
"910","CCACCATGTCCAGCCA-1_1_1"
"911","CCACCATTCGTGCTCT-1_1_1"
"912","CCACGAGAGGAACATT-1_1_1"
"913","CCACGAGTCTGGCTGG-1_1_1"
"914","CCACGTTAGTTATGGA-1_1_1"
"915","CCACGTTCACCAGACC-1_1_1"
"916","CCACGTTCATCGCTCT-1_1_1"
"917","CCACGTTGTGCATTTG-1_1_1"
"918","CCACTTGGTACCCGCA-1_1_1"
"919","CCACTTGTCCTGTAGA-1_1_1"
"920","CCATAAGAGAAGCTCG-1_1_1"
"921","CCATAAGGTCACAATC-1_1_1"
"922","CCATAAGGTGAATGTA-1_1_1"
"923","CCATCACAGTTCGCAT-1_1_1"
"924","CCATCACCAACTTGGT-1_1_1"
"925","CCATCACGTGCCTTTC-1_1_1"
"926","CCATCACTCTTCTGGC-1_1_1"
"927","CCCAACTGTGAGTTTC-1_1_1"
"928","CCCAACTTCTAGTGTG-1_1_1"
"929","CCCGAAGAGTAGAATC-1_1_1"
"930","CCCGAAGCACGGCACT-1_1_1"
"931","CCCGAAGGTCATCCCT-1_1_1"
"932","CCCGAAGGTGTCTTCC-1_1_1"
"933","CCCGAAGTCAGCTGTA-1_1_1"
"934","CCCGAAGTCTGAGCAT-1_1_1"
"935","CCCTAACAGGTAAACT-1_1_1"
"936","CCCTAACCAAGGTCGA-1_1_1"
"937","CCCTAACCAGATTTCG-1_1_1"
"938","CCCTAACTCTTACTGT-1_1_1"
"939","CCCTCAAAGAACCGCA-1_1_1"
"940","CCCTCAAAGTGATAAC-1_1_1"
"941","CCCTCAAAGTTGTAGA-1_1_1"
"942","CCCTCAAGTGCCGTAC-1_1_1"
"943","CCCTCTCAGTCACACT-1_1_1"
"944","CCCTCTCTCCTCTGCA-1_1_1"
"945","CCCTGATAGACTAAGT-1_1_1"
"946","CCCTGATCACGCGCAT-1_1_1"
"947","CCCTGATCACGTGAGA-1_1_1"
"948","CCCTGATGTATCAGCT-1_1_1"
"949","CCCTTAGAGTATTAGG-1_1_1"
"950","CCCTTAGCAGCTGGTC-1_1_1"
"951","CCCTTAGTCCTTCACG-1_1_1"
"952","CCGAACGAGACGCCCT-1_1_1"
"953","CCGAACGGTACCGGCT-1_1_1"
"954","CCGAACGGTCGGTACC-1_1_1"
"955","CCGAACGGTGGATCAG-1_1_1"
"956","CCGAACGTCCAGCAAT-1_1_1"
"957","CCGATCTAGCCAACCC-1_1_1"
"958","CCGATCTCATCCGTGG-1_1_1"
"959","CCGATCTGTGCAACAG-1_1_1"
"960","CCGATCTGTGGCAACA-1_1_1"
"961","CCGATGGAGAGAGCCT-1_1_1"
"962","CCGATGGAGGCACTCC-1_1_1"
"963","CCGATGGGTATTTCTC-1_1_1"
"964","CCGATGGTCCTCGATC-1_1_1"
"965","CCGATGGTCTCTATGT-1_1_1"
"966","CCGCAAGAGGCGTTGA-1_1_1"
"967","CCGCAAGAGTCTCTGA-1_1_1"
"968","CCGCAAGCACGCTGAC-1_1_1"
"969","CCGCAAGGTTTAGTCG-1_1_1"
"970","CCGGACAAGGCCCACT-1_1_1"
"971","CCGGACACAAGGCCTC-1_1_1"
"972","CCGGACATCCTTACCG-1_1_1"
"973","CCGGGTATCCTCTAAT-1_1_1"
"974","CCGGTAGGTGTCACAT-1_1_1"
"975","CCGGTGACATAACGGG-1_1_1"
"976","CCGGTGACATCCTTCG-1_1_1"
"977","CCGGTGAGTGACTAAA-1_1_1"
"978","CCGTAGGCAACACAAA-1_1_1"
"979","CCGTAGGCACAGTGAG-1_1_1"
"980","CCGTAGGCACCCTCTA-1_1_1"
"981","CCGTAGGCAGATTAAG-1_1_1"
"982","CCGTAGGGTTCGTGCG-1_1_1"
"983","CCGTGAGGTTGCCGAC-1_1_1"
"984","CCGTGAGGTTTACCTT-1_1_1"
"985","CCGTTCACAATCAAGA-1_1_1"
"986","CCGTTCATCAACACCA-1_1_1"
"987","CCGTTCATCCACTGAA-1_1_1"
"988","CCTAAGAAGAGTGTGC-1_1_1"
"989","CCTAAGACAAGTGATA-1_1_1"
"990","CCTAAGACAGTACTAC-1_1_1"
"991","CCTAAGAGTGGCAGAT-1_1_1"
"992","CCTACGTAGTGACACG-1_1_1"
"993","CCTACGTCAGGAATCG-1_1_1"
"994","CCTACGTGTCGAGCTC-1_1_1"
"995","CCTACGTGTGGTATGG-1_1_1"
"996","CCTATCGTCAGAACCT-1_1_1"
"997","CCTCAACCAACGTATC-1_1_1"
"998","CCTCAGTGTCGCCACA-1_1_1"
"999","CCTCAGTTCCAGCAAT-1_1_1"
"1000","CCTCAGTTCCGACATA-1_1_1"
"1001","CCTCATGAGAACGCGT-1_1_1"
"1002","CCTCATGCAGGATGAC-1_1_1"
"1003","CCTCATGCATGTTCAG-1_1_1"
"1004","CCTCATGTCAACCCGG-1_1_1"
"1005","CCTCATGTCGACGTCG-1_1_1"
"1006","CCTCCAAAGCCTGAGA-1_1_1"
"1007","CCTCCAACATGAAAGT-1_1_1"
"1008","CCTCCAAGTGACCGTC-1_1_1"
"1009","CCTCCTCAGTGGACGT-1_1_1"
"1010","CCTCCTCGTACCATAC-1_1_1"
"1011","CCTCCTCTCCGACATA-1_1_1"
"1012","CCTCCTCTCTTCGTGC-1_1_1"
"1013","CCTCTCCAGAGTTGCG-1_1_1"
"1014","CCTCTCCAGATACCAA-1_1_1"
"1015","CCTCTCCCAATACAGA-1_1_1"
"1016","CCTCTCCCATTCACAG-1_1_1"
"1017","CCTGCATTCCTGTACC-1_1_1"
"1018","CCTGCATTCGCACTCT-1_1_1"
"1019","CCTGTTGAGCGCTTCG-1_1_1"
"1020","CCTGTTGGTGATTCAC-1_1_1"
"1021","CCTTCAGAGTGTTCAC-1_1_1"
"1022","CCTTCAGCAGAAGTTA-1_1_1"
"1023","CCTTCAGGTCAGGCAA-1_1_1"
"1024","CCTTCAGTCTTCTCAA-1_1_1"
"1025","CCTTGTGAGCCTCACG-1_1_1"
"1026","CCTTGTGGTGCCGTTG-1_1_1"
"1027","CCTTGTGGTGGATCAG-1_1_1"
"1028","CCTTTGGCATGAGAAT-1_1_1"
"1029","CGAAGGACAGTTGTTG-1_1_1"
"1030","CGAAGGAGTATGAAGT-1_1_1"
"1031","CGAAGGAGTTCTCGTC-1_1_1"
"1032","CGAAGGATCCACGGGT-1_1_1"
"1033","CGAAGGATCGCATTAG-1_1_1"
"1034","CGAAGGATCTAGGCCG-1_1_1"
"1035","CGAAGTTGTATGCGTT-1_1_1"
"1036","CGAAGTTTCACGATCA-1_1_1"
"1037","CGAATTGAGCAGCAGT-1_1_1"
"1038","CGAATTGCACAACGTT-1_1_1"
"1039","CGAATTGGTAGCTTAC-1_1_1"
"1040","CGAATTGGTCTCACGG-1_1_1"
"1041","CGAATTGTCGGAGCAA-1_1_1"
"1042","CGAATTGTCTCCACTG-1_1_1"
"1043","CGACAGCGTGGTAACG-1_1_1"
"1044","CGACAGCTCAGGAAAT-1_1_1"
"1045","CGACAGCTCTAATTCC-1_1_1"
"1046","CGACAGCTCTCATTAC-1_1_1"
"1047","CGAGAAGAGTGATAAC-1_1_1"
"1048","CGAGAAGGTCCGTTTC-1_1_1"
"1049","CGAGAAGGTTTCCAAG-1_1_1"
"1050","CGAGGAATCAACTGAC-1_1_1"
"1051","CGAGGCTAGAATCCCT-1_1_1"
"1052","CGAGGCTCAACGATTC-1_1_1"
"1053","CGAGGCTGTTAAACCC-1_1_1"
"1054","CGAGTGCCAAACCGGA-1_1_1"
"1055","CGAGTGCCAACCAACT-1_1_1"
"1056","CGAGTGCCAACGTAAA-1_1_1"
"1057","CGAGTGCCAATTTCTC-1_1_1"
"1058","CGAGTGCTCTAGTCAG-1_1_1"
"1059","CGAGTTACAAGGTCAG-1_1_1"
"1060","CGATCGGCATGTTCGA-1_1_1"
"1061","CGATCGGTCTTTGCTA-1_1_1"
"1062","CGATGCGAGAACCCGA-1_1_1"
"1063","CGATGCGCATGGGTCC-1_1_1"
"1064","CGATGGCAGTATGGAT-1_1_1"
"1065","CGATGGCTCGACCAAT-1_1_1"
"1066","CGCAGGTAGAGGACTC-1_1_1"
"1067","CGCAGGTCAGAGACTG-1_1_1"
"1068","CGCAGGTGTACCCAGC-1_1_1"
"1069","CGCAGGTTCCGTGTAA-1_1_1"
"1070","CGCAGGTTCCTGGTCT-1_1_1"
"1071","CGCAGGTTCGAAACAA-1_1_1"
"1072","CGCAGGTTCTCCAATT-1_1_1"
"1073","CGCAGGTTCTGCATGA-1_1_1"
"1074","CGCATAAAGGCTGAAC-1_1_1"
"1075","CGCATAACAGTGCGCT-1_1_1"
"1076","CGCATAAGTCCGCAGT-1_1_1"
"1077","CGCATAAGTCGCTTGG-1_1_1"
"1078","CGCATAAGTTCCACGG-1_1_1"
"1079","CGCATGGGTTGGGTAG-1_1_1"
"1080","CGCCAGAAGTGGATTA-1_1_1"
"1081","CGCCATTAGCAGGTCA-1_1_1"
"1082","CGCCATTAGGCCCAAA-1_1_1"
"1083","CGCCATTCACGCAGTC-1_1_1"
"1084","CGCCATTGTGAATATG-1_1_1"
"1085","CGCGTGAAGCTCTTCC-1_1_1"
"1086","CGCGTGAGTGTTGACT-1_1_1"
"1087","CGCGTGATCGTTGCCT-1_1_1"
"1088","CGGAACCAGTCTCGTA-1_1_1"
"1089","CGGAACCGTTCAGCGC-1_1_1"
"1090","CGGAACCTCTCAAAGC-1_1_1"
"1091","CGGAATTCAACCGTAT-1_1_1"
"1092","CGGAATTCAGTGTGCC-1_1_1"
"1093","CGGACACCACTACTTT-1_1_1"
"1094","CGGACACCATCTCAAG-1_1_1"
"1095","CGGACACTCGATCCCT-1_1_1"
"1096","CGGAGAAAGACGCAGT-1_1_1"
"1097","CGGAGAAAGAGGACTC-1_1_1"
"1098","CGGAGAAAGATTGATG-1_1_1"
"1099","CGGAGAACACTTCTCG-1_1_1"
"1100","CGGAGAACAGCTTCGG-1_1_1"
"1101","CGGAGAATCAAGTCGT-1_1_1"
"1102","CGGCAGTCAGCAGTAG-1_1_1"
"1103","CGGCAGTGTCGTCTCT-1_1_1"
"1104","CGGCAGTGTGTGTGTT-1_1_1"
"1105","CGGCAGTGTTTAGTCG-1_1_1"
"1106","CGGCAGTTCACTGGTA-1_1_1"
"1107","CGGCAGTTCCAACACA-1_1_1"
"1108","CGGCAGTTCTGTAACG-1_1_1"
"1109","CGGCAGTTCTGTGCAA-1_1_1"
"1110","CGGCAGTTCTTTCTAG-1_1_1"
"1111","CGGGACTAGTTAACGA-1_1_1"
"1112","CGGGACTCAGTTGTCA-1_1_1"
"1113","CGGGACTCATCGTCCT-1_1_1"
"1114","CGGGACTTCACCTACC-1_1_1"
"1115","CGGGACTTCGAACCAT-1_1_1"
"1116","CGGGCATAGTGAATAC-1_1_1"
"1117","CGGGCATCACTACCGG-1_1_1"
"1118","CGGGCATCATAGAATG-1_1_1"
"1119","CGGGTCATCCGGGACT-1_1_1"
"1120","CGGGTGTGTGCCCGTA-1_1_1"
"1121","CGGGTGTTCTATTTCG-1_1_1"
"1122","CGGTCAGCATGGAAGC-1_1_1"
"1123","CGTAAGTCAATCAGCT-1_1_1"
"1124","CGTAAGTCACTGCGAC-1_1_1"
"1125","CGTAAGTCAGAACTTC-1_1_1"
"1126","CGTAATGAGACCACGA-1_1_1"
"1127","CGTAATGAGTCACAGG-1_1_1"
"1128","CGTAATGCATTCTTCA-1_1_1"
"1129","CGTAATGGTTGAGAGC-1_1_1"
"1130","CGTAATGTCAGCGCAC-1_1_1"
"1131","CGTAATGTCGTAACCA-1_1_1"
"1132","CGTAGTAAGTTAGTGA-1_1_1"
"1133","CGTAGTAAGTTCCGTA-1_1_1"
"1134","CGTAGTAGTTTGCCGG-1_1_1"
"1135","CGTAGTATCATTGCCC-1_1_1"
"1136","CGTCAAAAGGAAGAAC-1_1_1"
"1137","CGTCAAATCAAGATAG-1_1_1"
"1138","CGTCCATCAAAGGCAC-1_1_1"
"1139","CGTCCATCACCGCTAG-1_1_1"
"1140","CGTCCATGTATTGACC-1_1_1"
"1141","CGTGAATTCCGGCTTT-1_1_1"
"1142","CGTGATACAAGGGTCA-1_1_1"
"1143","CGTGATAGTAGGCTCC-1_1_1"
"1144","CGTGCTTGTTCCGTTC-1_1_1"
"1145","CGTGTCTAGACCTCAT-1_1_1"
"1146","CGTGTCTGTACGATGG-1_1_1"
"1147","CGTGTCTGTAGTTACC-1_1_1"
"1148","CGTTAGAGTAGACGGT-1_1_1"
"1149","CGTTAGAGTCGCATCG-1_1_1"
"1150","CGTTAGAGTGACGCCT-1_1_1"
"1151","CGTTAGATCTGCACCT-1_1_1"
"1152","CGTTCTGCAGCTCGGT-1_1_1"
"1153","CGTTCTGGTGTCTTCC-1_1_1"
"1154","CGTTGGGAGCCAGACA-1_1_1"
"1155","CGTTGGGAGCTGTTAC-1_1_1"
"1156","CGTTGGGCAACTTGCA-1_1_1"
"1157","CGTTGGGGTCCAAAGG-1_1_1"
"1158","CTAACCCAGAGCAGCT-1_1_1"
"1159","CTAACCCCATGTTTGG-1_1_1"
"1160","CTAACTTGTCACTTAG-1_1_1"
"1161","CTAAGTGGTGATAGAT-1_1_1"
"1162","CTAAGTGTCCGATCTC-1_1_1"
"1163","CTACAGAAGAACGCGT-1_1_1"
"1164","CTACAGAGTGGCGCTT-1_1_1"
"1165","CTACATTAGTCCGCCA-1_1_1"
"1166","CTACATTGTTCTATCT-1_1_1"
"1167","CTACCCAGTTTACCTT-1_1_1"
"1168","CTACCTGAGCAGCCCT-1_1_1"
"1169","CTACGGGAGAGGACTC-1_1_1"
"1170","CTACGGGGTAAGATCA-1_1_1"
"1171","CTACTATCAAGATTGA-1_1_1"
"1172","CTACTATCACCTTCCA-1_1_1"
"1173","CTACTATGTTATGGTC-1_1_1"
"1174","CTAGGTACAGTAGGAC-1_1_1"
"1175","CTAGGTATCGATCCCT-1_1_1"
"1176","CTATAGGCACGCAGTC-1_1_1"
"1177","CTATAGGCAGAGATGC-1_1_1"
"1178","CTATAGGGTCACTAGT-1_1_1"
"1179","CTATCTAGTATCCTCC-1_1_1"
"1180","CTATCTAGTCCAGAAG-1_1_1"
"1181","CTATCTATCGTTTACT-1_1_1"
"1182","CTCAACCAGGTTGTTC-1_1_1"
"1183","CTCAACCCAGGCCCTA-1_1_1"
"1184","CTCAACCTCCACGGAC-1_1_1"
"1185","CTCAACCTCCTTGAAG-1_1_1"
"1186","CTCAACCTCGAAGCAG-1_1_1"
"1187","CTCAAGAGTAAGATCA-1_1_1"
"1188","CTCAATTCAATGGCCC-1_1_1"
"1189","CTCAATTTCACCACAA-1_1_1"
"1190","CTCACTGCATGCTGCG-1_1_1"
"1191","CTCAGAACATGGCCCA-1_1_1"
"1192","CTCAGAAGTTCGAGCC-1_1_1"
"1193","CTCAGAATCATTACGG-1_1_1"
"1194","CTCAGAATCTGACCCT-1_1_1"
"1195","CTCAGGGGTTTAGAGA-1_1_1"
"1196","CTCAGGGTCTTCCCAG-1_1_1"
"1197","CTCAGTCAGGGCCTCT-1_1_1"
"1198","CTCATCGTCGATTCCC-1_1_1"
"1199","CTCATCGTCTGTTCAT-1_1_1"
"1200","CTCATGCAGTATAACG-1_1_1"
"1201","CTCATGCGTGTTAACC-1_1_1"
"1202","CTCATTACATGACTTG-1_1_1"
"1203","CTCATTAGTTGACTGT-1_1_1"
"1204","CTCATTATCTCTGGTC-1_1_1"
"1205","CTCCAACTCTCTGACC-1_1_1"
"1206","CTCCACAAGCTGAAGC-1_1_1"
"1207","CTCCACAAGTAGCCAG-1_1_1"
"1208","CTCCACACACAAAGTA-1_1_1"
"1209","CTCCATGAGGTAGATT-1_1_1"
"1210","CTCCCAAAGTTACGAA-1_1_1"
"1211","CTCCCAACAACCGCTG-1_1_1"
"1212","CTCCCAAGTACGTTCA-1_1_1"
"1213","CTCCGATCAGATCATC-1_1_1"
"1214","CTCCTCCGTCGCGGTT-1_1_1"
"1215","CTCCTCCTCCGAGATT-1_1_1"
"1216","CTCCTTTGTACAAGTA-1_1_1"
"1217","CTCCTTTGTTTATGCG-1_1_1"
"1218","CTCGAGGGTAGCGTTT-1_1_1"
"1219","CTCGAGGGTTGCTGAT-1_1_1"
"1220","CTCTCAGCACCATATG-1_1_1"
"1221","CTCTCAGGTCTCGGGT-1_1_1"
"1222","CTCTCAGGTTACCCAA-1_1_1"
"1223","CTCTGGTAGGACGCAT-1_1_1"
"1224","CTCTGGTCATTGCTGA-1_1_1"
"1225","CTCTGGTTCATGCGGC-1_1_1"
"1226","CTCTGGTTCGTCACCT-1_1_1"
"1227","CTGAATGAGAAGTCAT-1_1_1"
"1228","CTGAGCGAGGTACCTT-1_1_1"
"1229","CTGAGCGTCAGCATTG-1_1_1"
"1230","CTGAGGCAGAGGTTTA-1_1_1"
"1231","CTGAGGCCAAGAAACT-1_1_1"
"1232","CTGATCCAGTGCAAAT-1_1_1"
"1233","CTGATCCCAAGCCATT-1_1_1"
"1234","CTGATCCCACAGGATG-1_1_1"
"1235","CTGATCCCATGTAACC-1_1_1"
"1236","CTGATCCGTCATGGCC-1_1_1"
"1237","CTGATCCGTCGTCGGT-1_1_1"
"1238","CTGCAGGGTAAGGCTG-1_1_1"
"1239","CTGCAGGTCAGGGATG-1_1_1"
"1240","CTGCAGGTCTCATGGA-1_1_1"
"1241","CTGCATCAGCATGCAG-1_1_1"
"1242","CTGCATCAGCTCCGAC-1_1_1"
"1243","CTGCATCAGGCCACTC-1_1_1"
"1244","CTGCATCCACTGCGAC-1_1_1"
"1245","CTGCATCCAGCGAACA-1_1_1"
"1246","CTGCATCGTCTTGCTC-1_1_1"
"1247","CTGCCATAGCTGAAGC-1_1_1"
"1248","CTGCCATCAATCGCCG-1_1_1"
"1249","CTGCCATTCGCAATTG-1_1_1"
"1250","CTGCCATTCGCCAACG-1_1_1"
"1251","CTGCCTACATTACTCT-1_1_1"
"1252","CTGCCTATCTTCGACC-1_1_1"
"1253","CTGCGAGAGGACAGTC-1_1_1"
"1254","CTGCGAGGTGGAACAC-1_1_1"
"1255","CTGCGAGTCGACCAAT-1_1_1"
"1256","CTGCTCAAGCTAGATA-1_1_1"
"1257","CTGCTCAGTGGTCTGC-1_1_1"
"1258","CTGCTCAGTTGGACTT-1_1_1"
"1259","CTGCTCATCCACGTCT-1_1_1"
"1260","CTGCTCATCCGGTAGC-1_1_1"
"1261","CTGGACGCACTTGTCC-1_1_1"
"1262","CTGGCAGAGTCATGAA-1_1_1"
"1263","CTGGCAGGTACATTGC-1_1_1"
"1264","CTGGCAGTCGTCCATC-1_1_1"
"1265","CTGGTCTAGGAACGCT-1_1_1"
"1266","CTGGTCTAGTCCGTCG-1_1_1"
"1267","CTGGTCTAGTGTTGAA-1_1_1"
"1268","CTGTACCAGTATCTGC-1_1_1"
"1269","CTGTACCCAACGACAG-1_1_1"
"1270","CTGTACCCAATCCTAG-1_1_1"
"1271","CTGTAGACAACATCGT-1_1_1"
"1272","CTGTAGAGTATGGTAA-1_1_1"
"1273","CTGTAGAGTCTAACTG-1_1_1"
"1274","CTGTATTAGGTGCCTC-1_1_1"
"1275","CTGTATTCACCCTCTA-1_1_1"
"1276","CTGTATTGTACCTATG-1_1_1"
"1277","CTGTATTGTATATGGA-1_1_1"
"1278","CTGTATTGTGTCTTCC-1_1_1"
"1279","CTGTATTTCCATAAGC-1_1_1"
"1280","CTGTATTTCGTTACCC-1_1_1"
"1281","CTGTATTTCTCGTTTA-1_1_1"
"1282","CTGTCGTAGACGGAAA-1_1_1"
"1283","CTGTCGTCACAACCGC-1_1_1"
"1284","CTGTCGTTCCTCAGGG-1_1_1"
"1285","CTGTCGTTCTTTCTAG-1_1_1"
"1286","CTGTGAAAGGATTCCT-1_1_1"
"1287","CTGTGAATCGGTAGGA-1_1_1"
"1288","CTGTGGGAGGTAGTCG-1_1_1"
"1289","CTGTGGGGTCCTCATC-1_1_1"
"1290","CTGTGGGTCGATGCAT-1_1_1"
"1291","CTGTGGGTCTCGTGGG-1_1_1"
"1292","CTTACCGCAACTCCCT-1_1_1"
"1293","CTTAGGAAGCTGGTGA-1_1_1"
"1294","CTTAGGACACACCTGG-1_1_1"
"1295","CTTAGGAGTGAATAAC-1_1_1"
"1296","CTTAGGAGTTGCATAC-1_1_1"
"1297","CTTCAATAGACAGCGT-1_1_1"
"1298","CTTCAATGTGGCTGCT-1_1_1"
"1299","CTTCAATTCAAGCCGC-1_1_1"
"1300","CTTCCGAAGCAGCCTC-1_1_1"
"1301","CTTCCGACACGCGGTT-1_1_1"
"1302","CTTCCGAGTGTCGATT-1_1_1"
"1303","CTTCCGATCCAATCTT-1_1_1"
"1304","CTTCCTTCACTGGCCA-1_1_1"
"1305","CTTCCTTTCATCACAG-1_1_1"
"1306","CTTCGGTCATCACAGT-1_1_1"
"1307","CTTCGGTGTCAGTCTA-1_1_1"
"1308","CTTCGGTTCTTCACAT-1_1_1"
"1309","CTTCTAAGTAGACAGC-1_1_1"
"1310","CTTCTAATCACCTACC-1_1_1"
"1311","CTTCTCTAGACTTCAC-1_1_1"
"1312","CTTCTCTAGAGTCTTC-1_1_1"
"1313","CTTCTCTCATTGCAAC-1_1_1"
"1314","CTTCTCTGTAACTGCT-1_1_1"
"1315","CTTGAGAAGGTTCTTG-1_1_1"
"1316","CTTGAGACACGACCTG-1_1_1"
"1317","CTTGAGACAGACATCT-1_1_1"
"1318","CTTGAGACAGCTGTGC-1_1_1"
"1319","CTTGAGAGTGTCTTCC-1_1_1"
"1320","CTTGATTAGACACACG-1_1_1"
"1321","CTTGATTAGTATCCTG-1_1_1"
"1322","CTTGATTTCCGAGAAG-1_1_1"
"1323","CTTTCAAAGAAGCGCT-1_1_1"
"1324","CTTTCAACATGAAGGC-1_1_1"
"1325","CTTTCAAGTCTCTCTG-1_1_1"
"1326","CTTTCGGCAGACCATT-1_1_1"
"1327","CTTTCGGTCGCATAGT-1_1_1"
"1328","GAAACCTAGATGGCAC-1_1_1"
"1329","GAAACCTAGGGACCAT-1_1_1"
"1330","GAAACCTCAAAGGATT-1_1_1"
"1331","GAAACCTCAGTATACC-1_1_1"
"1332","GAAACCTGTTGCCTAA-1_1_1"
"1333","GAAATGAAGCATCCTA-1_1_1"
"1334","GAAATGAAGCATTTCG-1_1_1"
"1335","GAAATGACAGGACGAT-1_1_1"
"1336","GAAATGAGTGAGACCA-1_1_1"
"1337","GAAATGATCCTTATCA-1_1_1"
"1338","GAAATGATCGTTGCCT-1_1_1"
"1339","GAACACTAGTGAACAT-1_1_1"
"1340","GAACGTTCACAGACGA-1_1_1"
"1341","GAACGTTTCTAGGCAT-1_1_1"
"1342","GAACTGTGTACGATGG-1_1_1"
"1343","GAACTGTGTCACCGAC-1_1_1"
"1344","GAAGAATCAGAGCTAG-1_1_1"
"1345","GAAGAATGTACTAACC-1_1_1"
"1346","GAAGAATGTGGCTCTG-1_1_1"
"1347","GAAGCCCCAAACTCGT-1_1_1"
"1348","GAAGCCCGTGGAACCA-1_1_1"
"1349","GAAGCGAGTGCAATGG-1_1_1"
"1350","GAAGGACAGACGGAAA-1_1_1"
"1351","GAAGGACAGCGCAATG-1_1_1"
"1352","GAAGGACCATACAGAA-1_1_1"
"1353","GAAGGACTCACCTGTC-1_1_1"
"1354","GAAGGACTCCTCATAT-1_1_1"
"1355","GAAGGACTCTATTTCG-1_1_1"
"1356","GAAGGGTAGGACTATA-1_1_1"
"1357","GAAGGGTAGTCTGGTT-1_1_1"
"1358","GAAGGGTCAAACACGG-1_1_1"
"1359","GAAGGGTCAGGTTCGC-1_1_1"
"1360","GAAGGGTGTAGGCTGA-1_1_1"
"1361","GAAGGGTGTCACAATC-1_1_1"
"1362","GAAGGGTGTGGTATGG-1_1_1"
"1363","GAAGGGTTCCTGTAGA-1_1_1"
"1364","GAAGTAAAGATGGCAC-1_1_1"
"1365","GAATAGAAGCTACTGT-1_1_1"
"1366","GAATAGACACTTTAGG-1_1_1"
"1367","GAATAGAGTCATCCGG-1_1_1"
"1368","GAATAGATCACGAACT-1_1_1"
"1369","GAATCACGTTCCGCAG-1_1_1"
"1370","GAATCACTCTTTGCTA-1_1_1"
"1371","GAATCGTCAGTTCACA-1_1_1"
"1372","GAATCGTTCCAATCTT-1_1_1"
"1373","GAATCGTTCTGCGGCA-1_1_1"
"1374","GACACGCGTAACACCT-1_1_1"
"1375","GACACGCGTCAGTTTG-1_1_1"
"1376","GACAGCCCACACCTAA-1_1_1"
"1377","GACAGCCGTGATTCTG-1_1_1"
"1378","GACAGCCTCATGGAGG-1_1_1"
"1379","GACATCAGTCCAAGAG-1_1_1"
"1380","GACATCATCTGCCCTA-1_1_1"
"1381","GACCAATAGTTGGAAT-1_1_1"
"1382","GACCAATGTGACAGGT-1_1_1"
"1383","GACCAATGTGTATCCA-1_1_1"
"1384","GACCCTTCAATGGCCC-1_1_1"
"1385","GACCCTTGTGGACCTC-1_1_1"
"1386","GACCGTGCATGCAGGA-1_1_1"
"1387","GACCGTGGTCTGCCTT-1_1_1"
"1388","GACCTTCAGACATAAC-1_1_1"
"1389","GACCTTCGTAGTCACT-1_1_1"
"1390","GACCTTCGTTGTCTAG-1_1_1"
"1391","GACGCTGAGCTTTCCC-1_1_1"
"1392","GACGCTGTCATATGGC-1_1_1"
"1393","GACGTTACAAATACAG-1_1_1"
"1394","GACGTTACAAGTTCGT-1_1_1"
"1395","GACGTTAGTTATGACC-1_1_1"
"1396","GACTATGGTCAAGGCA-1_1_1"
"1397","GACTATGTCGAAGAAT-1_1_1"
"1398","GACTCAAGTTACCCAA-1_1_1"
"1399","GACTCAAGTTCCCAAA-1_1_1"
"1400","GACTCTCAGAAGCCTG-1_1_1"
"1401","GACTCTCAGCCTCCAG-1_1_1"
"1402","GACTCTCAGCTCACTA-1_1_1"
"1403","GACTCTCGTAGAAACT-1_1_1"
"1404","GACTGATCAGAACGCA-1_1_1"
"1405","GACTGATGTCACAGAG-1_1_1"
"1406","GACTGATTCTCACGAA-1_1_1"
"1407","GACTTCCAGGAGAATG-1_1_1"
"1408","GACTTCCCAACGATTC-1_1_1"
"1409","GACTTCCGTCGAATTC-1_1_1"
"1410","GACTTCCGTTACCCAA-1_1_1"
"1411","GACTTCCTCTCCCATG-1_1_1"
"1412","GACTTCCTCTTGCAAG-1_1_1"
"1413","GAGAAATCAATGCAAA-1_1_1"
"1414","GAGAAATTCCCGAACG-1_1_1"
"1415","GAGACCCAGACACACG-1_1_1"
"1416","GAGACCCAGCTGACAG-1_1_1"
"1417","GAGACCCTCGTGCTCT-1_1_1"
"1418","GAGACTTCACTTGGCG-1_1_1"
"1419","GAGACTTTCACCATCC-1_1_1"
"1420","GAGATGGCAAGTGTCT-1_1_1"
"1421","GAGATGGGTGCACAAG-1_1_1"
"1422","GAGCCTGAGATACTGA-1_1_1"
"1423","GAGCCTGAGGGACACT-1_1_1"
"1424","GAGCCTGCAACATCGT-1_1_1"
"1425","GAGCCTGGTGCTGATT-1_1_1"
"1426","GAGCCTGTCGGTGCAC-1_1_1"
"1427","GAGCTGCAGCACGTCC-1_1_1"
"1428","GAGCTGCCAGAAATTG-1_1_1"
"1429","GAGCTGCTCGACACTA-1_1_1"
"1430","GAGCTGCTCTCTGGTC-1_1_1"
"1431","GAGGCAAAGACCCTTA-1_1_1"
"1432","GAGGCAAAGGCGTTGA-1_1_1"
"1433","GAGGCAATCCTGGTCT-1_1_1"
"1434","GAGGCCTCACCAGACC-1_1_1"
"1435","GAGGCCTGTCTCACAA-1_1_1"
"1436","GAGGCCTGTGATTGGG-1_1_1"
"1437","GAGGGATAGGTTATAG-1_1_1"
"1438","GAGGGATCACAATTCG-1_1_1"
"1439","GAGGGATCAGAAATTG-1_1_1"
"1440","GAGGGATGTGCATGTT-1_1_1"
"1441","GAGGGATTCAGAGTTC-1_1_1"
"1442","GAGGGATTCCAGTGCG-1_1_1"
"1443","GAGGGATTCTCCTACG-1_1_1"
"1444","GAGGGTATCCTGGGTG-1_1_1"
"1445","GAGGGTATCCTTTAGT-1_1_1"
"1446","GAGGGTATCGTCAACA-1_1_1"
"1447","GAGTCATAGCGTGAAC-1_1_1"
"1448","GAGTCATAGGAAGTCC-1_1_1"
"1449","GAGTCATCACTGAGGA-1_1_1"
"1450","GAGTCATTCAACCCGG-1_1_1"
"1451","GAGTCATTCAACTCTT-1_1_1"
"1452","GAGTCATTCTCTATAC-1_1_1"
"1453","GAGTCATTCTTAGTTC-1_1_1"
"1454","GAGTCTAAGAAAGCGA-1_1_1"
"1455","GAGTCTAAGGTAAGGA-1_1_1"
"1456","GAGTCTAAGGTAGATT-1_1_1"
"1457","GAGTCTACAAATAGCA-1_1_1"
"1458","GAGTCTACAGCCTACG-1_1_1"
"1459","GAGTCTACAGGTCAAG-1_1_1"
"1460","GAGTGAGAGCTGTACT-1_1_1"
"1461","GAGTGTTCAACAGAGC-1_1_1"
"1462","GAGTGTTCAACTTGCA-1_1_1"
"1463","GAGTGTTGTGCAACAG-1_1_1"
"1464","GAGTGTTTCGTCTCAC-1_1_1"
"1465","GAGTTACAGGCCCACT-1_1_1"
"1466","GAGTTACTCGGAGTGA-1_1_1"
"1467","GAGTTGTCAAGAAATC-1_1_1"
"1468","GAGTTGTCAAGCGAAC-1_1_1"
"1469","GAGTTGTCATGGACAG-1_1_1"
"1470","GAGTTGTGTAGTAAGT-1_1_1"
"1471","GAGTTTGCAACCGTAT-1_1_1"
"1472","GAGTTTGCAGACCTAT-1_1_1"
"1473","GAGTTTGCAGATCACT-1_1_1"
"1474","GAGTTTGGTTCCGCAG-1_1_1"
"1475","GAGTTTGTCAGTGCGC-1_1_1"
"1476","GATAGAAAGCGCCATC-1_1_1"
"1477","GATAGAAAGTTTCGAC-1_1_1"
"1478","GATAGAACAAGGACAC-1_1_1"
"1479","GATAGAATCACTTTGT-1_1_1"
"1480","GATAGCTGTATCCTCC-1_1_1"
"1481","GATAGCTTCCCGAGGT-1_1_1"
"1482","GATAGCTTCTGCATGA-1_1_1"
"1483","GATCACAAGGGAGGGT-1_1_1"
"1484","GATCACATCTTTGGAG-1_1_1"
"1485","GATCAGTCAGTGCCTG-1_1_1"
"1486","GATCAGTGTAAGATTG-1_1_1"
"1487","GATCAGTGTTAGTCGT-1_1_1"
"1488","GATCATGCAGCTCATA-1_1_1"
"1489","GATCATGGTTTGACAC-1_1_1"
"1490","GATCCCTAGGGCAGAG-1_1_1"
"1491","GATCCCTGTCATTCCC-1_1_1"
"1492","GATCCCTGTTTGACAC-1_1_1"
"1493","GATCCCTTCTGTGCAA-1_1_1"
"1494","GATCGTAAGTCCTGCG-1_1_1"
"1495","GATCGTACAGCACAAG-1_1_1"
"1496","GATGACTCACACACGC-1_1_1"
"1497","GATGACTCAGCGTACC-1_1_1"
"1498","GATGACTGTACCCGCA-1_1_1"
"1499","GATGACTTCACCCTTG-1_1_1"
"1500","GATGACTTCCAACTGA-1_1_1"
"1501","GATGACTTCCGGGACT-1_1_1"
"1502","GATGAGGAGCAACAGC-1_1_1"
"1503","GATGAGGAGGTTACCT-1_1_1"
"1504","GATGAGGAGTCACGCC-1_1_1"
"1505","GATGAGGGTGATTCTG-1_1_1"
"1506","GATGAGGTCTCGCTTG-1_1_1"
"1507","GATGATCAGTGAGGCT-1_1_1"
"1508","GATGATCAGTTCTCTT-1_1_1"
"1509","GATGATCAGTTGGCGA-1_1_1"
"1510","GATGATCCACTACAGT-1_1_1"
"1511","GATGCTACAGTTGCGC-1_1_1"
"1512","GATGCTACATGAGGGT-1_1_1"
"1513","GATGCTATCACGGGAA-1_1_1"
"1514","GATGGAGAGACTAAGT-1_1_1"
"1515","GATGGAGAGTACTGTC-1_1_1"
"1516","GATGGAGCAAACCACT-1_1_1"
"1517","GATGGAGCAATAGTAG-1_1_1"
"1518","GATGGAGGTCCAGCCA-1_1_1"
"1519","GATGGAGGTGCGGCTT-1_1_1"
"1520","GATGGAGTCGGCTGTG-1_1_1"
"1521","GATGTTGAGTTACGGG-1_1_1"
"1522","GATGTTGCACAGCGCT-1_1_1"
"1523","GATGTTGGTCAACCAT-1_1_1"
"1524","GATTCGACACAGAGAC-1_1_1"
"1525","GATTCGATCAGCAATC-1_1_1"
"1526","GATTGGTCATAGAAAC-1_1_1"
"1527","GATTGGTGTGATAGAT-1_1_1"
"1528","GATTGGTGTGTACATC-1_1_1"
"1529","GATTGGTTCACTGTCC-1_1_1"
"1530","GATTTCTCACAAATGA-1_1_1"
"1531","GATTTCTGTACCCACG-1_1_1"
"1532","GCAACATAGCGCATCC-1_1_1"
"1533","GCAACATAGGATATGT-1_1_1"
"1534","GCAACATAGGCAATGC-1_1_1"
"1535","GCAACATCATACCAGT-1_1_1"
"1536","GCAACATCATGAATCC-1_1_1"
"1537","GCAACATGTGAGATTA-1_1_1"
"1538","GCAACATTCCTCACTG-1_1_1"
"1539","GCAACCGGTATTAAGG-1_1_1"
"1540","GCACATACAAAGGATT-1_1_1"
"1541","GCACATATCGTTCGCT-1_1_1"
"1542","GCACGGTCATTGAGGG-1_1_1"
"1543","GCACGTGAGAGAGAAC-1_1_1"
"1544","GCACGTGAGAGCAAGA-1_1_1"
"1545","GCACGTGCACGGCCAT-1_1_1"
"1546","GCACTAACAGCACCCA-1_1_1"
"1547","GCACTAACATGCACTA-1_1_1"
"1548","GCACTAAGTCTGTAAC-1_1_1"
"1549","GCACTAATCTCCGAAA-1_1_1"
"1550","GCAGCCAAGTAGTCCT-1_1_1"
"1551","GCAGCCAGTGCCTAAT-1_1_1"
"1552","GCAGCTGTCAATGCAC-1_1_1"
"1553","GCAGGCTAGTGGAATT-1_1_1"
"1554","GCAGGCTCAGAACCGA-1_1_1"
"1555","GCAGTTATCTATCGTT-1_1_1"
"1556","GCATCGGGTACAGCGA-1_1_1"
"1557","GCATCGGGTCATAAAG-1_1_1"
"1558","GCATCTCAGATGAATC-1_1_1"
"1559","GCATCTCAGCTGTTAC-1_1_1"
"1560","GCATCTCAGTTCCATG-1_1_1"
"1561","GCATCTCGTATGCTAC-1_1_1"
"1562","GCATCTCGTTGTGTTG-1_1_1"
"1563","GCATCTCTCTAAACGC-1_1_1"
"1564","GCATGATTCTCGACGG-1_1_1"
"1565","GCATTAGAGCTCACTA-1_1_1"
"1566","GCATTAGCAAAGCTAA-1_1_1"
"1567","GCATTAGCAGAGGGTT-1_1_1"
"1568","GCATTAGTCAGTGGGA-1_1_1"
"1569","GCATTAGTCGCTAAAC-1_1_1"
"1570","GCCAGCAAGCAAGTGC-1_1_1"
"1571","GCCAGCATCGATCCCT-1_1_1"
"1572","GCCAGGTAGACGGTCA-1_1_1"
"1573","GCCAGGTAGGGAACAA-1_1_1"
"1574","GCCAGGTAGGGTGAAA-1_1_1"
"1575","GCCAGGTCAACTCGTA-1_1_1"
"1576","GCCAGGTTCGTGTGGC-1_1_1"
"1577","GCCAGGTTCTAGGCCG-1_1_1"
"1578","GCCAGTGAGTAACGAT-1_1_1"
"1579","GCCAGTGGTACTCGTA-1_1_1"
"1580","GCCAGTGTCACGGGAA-1_1_1"
"1581","GCCATGGAGATCACCT-1_1_1"
"1582","GCCATGGTCCTAAGTG-1_1_1"
"1583","GCCATTCGTATCGCTA-1_1_1"
"1584","GCCCGAAAGATTGGGC-1_1_1"
"1585","GCCCGAACAATACCTG-1_1_1"
"1586","GCCCGAATCATTGCGA-1_1_1"
"1587","GCCGATGCACATAACC-1_1_1"
"1588","GCCTGTTGTCTCACAA-1_1_1"
"1589","GCCTGTTTCCGGTTCT-1_1_1"
"1590","GCCTGTTTCCTAAACG-1_1_1"
"1591","GCCTGTTTCTACCTTA-1_1_1"
"1592","GCGAGAAAGATGTTCC-1_1_1"
"1593","GCGAGAAAGCCGATCC-1_1_1"
"1594","GCGAGAAAGTATGACA-1_1_1"
"1595","GCGAGAACAGCTACAT-1_1_1"
"1596","GCGAGAACAGTAACGG-1_1_1"
"1597","GCGAGAAGTGTGAGCA-1_1_1"
"1598","GCGAGAATCGATTTCT-1_1_1"
"1599","GCGATCGCACGCCACA-1_1_1"
"1600","GCGATCGCAGTCGCTG-1_1_1"
"1601","GCGGAAAAGACGGATC-1_1_1"
"1602","GCGGAAAAGTGCACTT-1_1_1"
"1603","GCGGAAAAGTGTAGAT-1_1_1"
"1604","GCGGAAACAAAGAGTT-1_1_1"
"1605","GCGGAAACAAGTAGTA-1_1_1"
"1606","GCGGAAACACGATTCA-1_1_1"
"1607","GCGGAAATCAACCCGG-1_1_1"
"1608","GCGGAAATCGGCAGTC-1_1_1"
"1609","GCGGATCAGGGTAGCT-1_1_1"
"1610","GCGGATCCATACAGCT-1_1_1"
"1611","GCGGATCGTTTAGTCG-1_1_1"
"1612","GCGGATCTCCTCGATC-1_1_1"
"1613","GCGTGCAGTTAAGTCC-1_1_1"
"1614","GCGTTTCAGAACTCCT-1_1_1"
"1615","GCGTTTCAGCAACAAT-1_1_1"
"1616","GCGTTTCAGTTGCCTA-1_1_1"
"1617","GCGTTTCCAATTTCGG-1_1_1"
"1618","GCGTTTCGTGCTCCGA-1_1_1"
"1619","GCGTTTCGTTATGTCG-1_1_1"
"1620","GCTACAAAGACTGTTC-1_1_1"
"1621","GCTACAATCGTTAGTG-1_1_1"
"1622","GCTACCTAGGCATCTT-1_1_1"
"1623","GCTACCTCACATTCGA-1_1_1"
"1624","GCTACCTCACGACGCT-1_1_1"
"1625","GCTACCTGTACAGCGA-1_1_1"
"1626","GCTACCTTCATGCTAG-1_1_1"
"1627","GCTCAAAAGCGATGAC-1_1_1"
"1628","GCTCAAAGTTTGAACC-1_1_1"
"1629","GCTCAAATCAGCCTCT-1_1_1"
"1630","GCTGAATAGAAACCCG-1_1_1"
"1631","GCTGAATAGGCCTGCT-1_1_1"
"1632","GCTGAATCAAGCCATT-1_1_1"
"1633","GCTGAATTCTGTCAGA-1_1_1"
"1634","GCTGCAGAGTCACTAC-1_1_1"
"1635","GCTGCAGCATCCTTGC-1_1_1"
"1636","GCTGCAGGTAGAATAC-1_1_1"
"1637","GCTGCAGGTTGAAGTA-1_1_1"
"1638","GCTGCAGTCCCATACC-1_1_1"
"1639","GCTGCAGTCCTTCACG-1_1_1"
"1640","GCTGGGTAGATTCGCT-1_1_1"
"1641","GCTTCACAGGAGCTGT-1_1_1"
"1642","GCTTCACAGTCTAGAA-1_1_1"
"1643","GCTTCACGTAGTTCCA-1_1_1"
"1644","GCTTGGGAGCAGGCAT-1_1_1"
"1645","GCTTGGGAGTGGACGT-1_1_1"
"1646","GCTTGGGAGTTGGAAT-1_1_1"
"1647","GCTTGGGCAATAGTGA-1_1_1"
"1648","GGAACCCAGCCTTCTC-1_1_1"
"1649","GGAACCCCATGGCGCT-1_1_1"
"1650","GGAACCCTCAGAATAG-1_1_1"
"1651","GGAAGTGCAACAACAA-1_1_1"
"1652","GGAAGTGGTATGTGTC-1_1_1"
"1653","GGAAGTGGTCTGTGTA-1_1_1"
"1654","GGAAGTGGTGGAACAC-1_1_1"
"1655","GGAAGTGTCCTTCAGC-1_1_1"
"1656","GGAATCTAGATCCCGC-1_1_1"
"1657","GGAATCTAGCTGTACT-1_1_1"
"1658","GGAATCTCACTGCGTG-1_1_1"
"1659","GGAATCTTCTTGCAGA-1_1_1"
"1660","GGAATGGGTAAGTTGA-1_1_1"
"1661","GGAATGGGTGGCGCTT-1_1_1"
"1662","GGAATGGGTTGATGTC-1_1_1"
"1663","GGAATGGGTTGGACCC-1_1_1"
"1664","GGAATGGTCGACACTA-1_1_1"
"1665","GGACGTCAGCTCCGAC-1_1_1"
"1666","GGACGTCCAATAGTAG-1_1_1"
"1667","GGACGTCGTGAGGATC-1_1_1"
"1668","GGAGAACCATGCAGGA-1_1_1"
"1669","GGAGAACGTGTCCACG-1_1_1"
"1670","GGAGATGCAACTGCCG-1_1_1"
"1671","GGAGATGCACGTACTA-1_1_1"
"1672","GGAGATGCAGATTTCG-1_1_1"
"1673","GGAGATGGTATCCCTC-1_1_1"
"1674","GGAGCAAAGACGGTCA-1_1_1"
"1675","GGAGCAATCCATTGCC-1_1_1"
"1676","GGAGGATGTAGGAGGG-1_1_1"
"1677","GGAGGTAGTGGGTCAA-1_1_1"
"1678","GGATCTATCTCTGACC-1_1_1"
"1679","GGCACGTTCTCATGGA-1_1_1"
"1680","GGCAGTCAGCTGCGAA-1_1_1"
"1681","GGCAGTCCAGCTATTG-1_1_1"
"1682","GGCGTCAGTATTCCGA-1_1_1"
"1683","GGCGTCAGTGAGGCAT-1_1_1"
"1684","GGCGTCATCTCCGAAA-1_1_1"
"1685","GGCTGTGAGTCGAAAT-1_1_1"
"1686","GGCTGTGGTGCACATT-1_1_1"
"1687","GGCTTGGCAACCACGC-1_1_1"
"1688","GGCTTGGCAAGAGAGA-1_1_1"
"1689","GGCTTGGCATCGTCCT-1_1_1"
"1690","GGCTTGGGTCGGTGTC-1_1_1"
"1691","GGCTTTCGTCGATGCC-1_1_1"
"1692","GGCTTTCTCTTGCAGA-1_1_1"
"1693","GGGAAGTAGGACGCTA-1_1_1"
"1694","GGGAAGTAGGGCAGTT-1_1_1"
"1695","GGGAAGTCAGATACCT-1_1_1"
"1696","GGGACAAAGCCAGAGT-1_1_1"
"1697","GGGACAAAGGATACGC-1_1_1"
"1698","GGGACAAAGTCGAGGT-1_1_1"
"1699","GGGACAAGTAGTTCCA-1_1_1"
"1700","GGGACAATCCGTTGGG-1_1_1"
"1701","GGGACCTTCCGGCTTT-1_1_1"
"1702","GGGACTCAGCATACTC-1_1_1"
"1703","GGGACTCCACTCCTTG-1_1_1"
"1704","GGGACTCTCGTAGCCG-1_1_1"
"1705","GGGACTCTCTCGTGAA-1_1_1"
"1706","GGGAGATTCAATCTTC-1_1_1"
"1707","GGGAGATTCGAGTGAG-1_1_1"
"1708","GGGAGATTCTTACCGC-1_1_1"
"1709","GGGAGTAAGATGCGAC-1_1_1"
"1710","GGGAGTAAGGATGTTA-1_1_1"
"1711","GGGAGTATCACCTACC-1_1_1"
"1712","GGGATCCGTCCGGCAT-1_1_1"
"1713","GGGATGAAGCGATGAC-1_1_1"
"1714","GGGATGATCAAGGACG-1_1_1"
"1715","GGGCCATAGTCTCTGA-1_1_1"
"1716","GGGCCATGTAAGCGGT-1_1_1"
"1717","GGGCCATGTACCCAGC-1_1_1"
"1718","GGGCCATGTAGTCTTG-1_1_1"
"1719","GGGCCATGTGAGTTTC-1_1_1"
"1720","GGGCGTTAGATAACAC-1_1_1"
"1721","GGGCGTTCAGCGAACA-1_1_1"
"1722","GGGCTACAGTTTAGGA-1_1_1"
"1723","GGGCTACCATCTAACG-1_1_1"
"1724","GGGCTACGTAACAAGT-1_1_1"
"1725","GGGCTACTCATTACTC-1_1_1"
"1726","GGGCTCAAGCGTCTGC-1_1_1"
"1727","GGGCTCAAGTTCTCTT-1_1_1"
"1728","GGGCTCAGTCGCACGT-1_1_1"
"1729","GGGCTCAGTGGTGATG-1_1_1"
"1730","GGGCTCATCCACTTCG-1_1_1"
"1731","GGGCTCATCTATGTGG-1_1_1"
"1732","GGGTATTCAAGACTGG-1_1_1"
"1733","GGGTATTGTCGGATTT-1_1_1"
"1734","GGGTATTGTGTCCATA-1_1_1"
"1735","GGGTCACAGACCAACG-1_1_1"
"1736","GGGTCACGTATACAGA-1_1_1"
"1737","GGGTCACGTCTACACA-1_1_1"
"1738","GGGTCTGAGGCTAGCA-1_1_1"
"1739","GGGTCTGAGTGGTGAC-1_1_1"
"1740","GGGTCTGGTAGGTAGC-1_1_1"
"1741","GGGTCTGGTGAGCAGT-1_1_1"
"1742","GGGTCTGGTTTGGAGG-1_1_1"
"1743","GGGTGAACATCTTCGC-1_1_1"
"1744","GGGTGAAGTCTTGAAC-1_1_1"
"1745","GGGTGTCAGACATATG-1_1_1"
"1746","GGGTGTCAGCTCGAAG-1_1_1"
"1747","GGGTGTCAGGGAGGTG-1_1_1"
"1748","GGGTGTCCAGAAACCG-1_1_1"
"1749","GGGTGTCGTACTCCCT-1_1_1"
"1750","GGGTGTCGTAGGAGTC-1_1_1"
"1751","GGGTGTCTCCAATCTT-1_1_1"
"1752","GGGTTATGTAGCACAG-1_1_1"
"1753","GGGTTATGTCTTCATT-1_1_1"
"1754","GGGTTATTCAAACTGC-1_1_1"
"1755","GGGTTATTCCAATCCC-1_1_1"
"1756","GGGTTTATCTGTCGCT-1_1_1"
"1757","GGTAACTAGTCGGCAA-1_1_1"
"1758","GGTAACTCAAGAAATC-1_1_1"
"1759","GGTAACTTCTCAGAAC-1_1_1"
"1760","GGTAATCGTTACGTAC-1_1_1"
"1761","GGTAATCGTTCAGCTA-1_1_1"
"1762","GGTAATCTCGATCCCT-1_1_1"
"1763","GGTAGAGCAGAAGCGT-1_1_1"
"1764","GGTCACGAGTCAATCC-1_1_1"
"1765","GGTCACGTCTCGACCT-1_1_1"
"1766","GGTCTGGCACCCATAA-1_1_1"
"1767","GGTCTGGTCCGCTAGG-1_1_1"
"1768","GGTGAAGAGTCACTCA-1_1_1"
"1769","GGTGAAGGTTCGTAAC-1_1_1"
"1770","GGTGAAGGTTTAGAGA-1_1_1"
"1771","GGTGAAGTCAGATGCT-1_1_1"
"1772","GGTGAAGTCCCTCAAC-1_1_1"
"1773","GGTGATTAGTGTTGAA-1_1_1"
"1774","GGTGATTGTTGTGTAC-1_1_1"
"1775","GGTGATTTCGAAATCC-1_1_1"
"1776","GGTGGCTCAATCACGT-1_1_1"
"1777","GGTGGCTCATGACACT-1_1_1"
"1778","GGTGGCTGTTGCTCCT-1_1_1"
"1779","GGTGTCGAGTCAGCCC-1_1_1"
"1780","GGTGTCGCAGCTTCGG-1_1_1"
"1781","GGTGTCGCATGACTGT-1_1_1"
"1782","GGTGTCGGTATCCTTT-1_1_1"
"1783","GGTGTCGGTGTTGCCG-1_1_1"
"1784","GGTGTCGTCTCCAAGA-1_1_1"
"1785","GGTGTTAAGCTTACGT-1_1_1"
"1786","GGTGTTACAGATACTC-1_1_1"
"1787","GGTGTTAGTTTGGAGG-1_1_1"
"1788","GGTGTTATCTAGTGTG-1_1_1"
"1789","GGTTAACAGTAGTGCG-1_1_1"
"1790","GGTTAACCAGTGTATC-1_1_1"
"1791","GGTTCTCAGGTTCAGG-1_1_1"
"1792","GGTTCTCGTACTCCGG-1_1_1"
"1793","GGTTGTAAGTCGGCAA-1_1_1"
"1794","GGTTGTAGTAATCAGA-1_1_1"
"1795","GGTTGTAGTGCATGTT-1_1_1"
"1796","GGTTGTAGTTCATCGA-1_1_1"
"1797","GGTTGTATCTCGGCTT-1_1_1"
"1798","GTAACACAGTAGAGTT-1_1_1"
"1799","GTAACCACACAAGCTT-1_1_1"
"1800","GTAACCACAGCTGAAG-1_1_1"
"1801","GTAACCACAGCTGTGC-1_1_1"
"1802","GTAACCAGTAGCCCTG-1_1_1"
"1803","GTAACCAGTCATGACT-1_1_1"
"1804","GTAAGTCCAACACTAC-1_1_1"
"1805","GTAATCGAGATTAGCA-1_1_1"
"1806","GTAATCGAGCCTCAGC-1_1_1"
"1807","GTAATCGAGGAGGGTG-1_1_1"
"1808","GTAATCGGTGGGCTTC-1_1_1"
"1809","GTAATGCCAAAGTATG-1_1_1"
"1810","GTACAACCACATCATG-1_1_1"
"1811","GTACAACCACGCCAGT-1_1_1"
"1812","GTACAACTCAGTGCGC-1_1_1"
"1813","GTACAGTTCACTGAAC-1_1_1"
"1814","GTACAGTTCCTACACC-1_1_1"
"1815","GTAGAAAAGAGGACTC-1_1_1"
"1816","GTAGAAACAGTTTCGA-1_1_1"
"1817","GTAGAAAGTACCACGC-1_1_1"
"1818","GTAGAAATCGCTTTAT-1_1_1"
"1819","GTAGAAATCTTAGCCC-1_1_1"
"1820","GTAGAGGGTAGTCCTA-1_1_1"
"1821","GTAGATCAGGACTATA-1_1_1"
"1822","GTAGATCAGTGTTGTC-1_1_1"
"1823","GTAGATCCACTAGTAC-1_1_1"
"1824","GTAGATCGTAAGCAAT-1_1_1"
"1825","GTAGATCGTCTAGGTT-1_1_1"
"1826","GTAGATCTCTCCGAGG-1_1_1"
"1827","GTAGCTACACCCGTAG-1_1_1"
"1828","GTAGCTAGTCGTCGGT-1_1_1"
"1829","GTAGCTATCGGAATGG-1_1_1"
"1830","GTAGGTTAGCATCGAG-1_1_1"
"1831","GTAGTACAGGCTCTCG-1_1_1"
"1832","GTAGTACGTACGAGCA-1_1_1"
"1833","GTAGTACGTCAGGTGA-1_1_1"
"1834","GTAGTACTCACTGCTC-1_1_1"
"1835","GTAGTACTCTCGAACA-1_1_1"
"1836","GTATTGGGTCACTCGG-1_1_1"
"1837","GTATTTCAGCGAGTCA-1_1_1"
"1838","GTCAAACAGCAAATGT-1_1_1"
"1839","GTCAAGTTCAAACCTG-1_1_1"
"1840","GTCAAGTTCAAAGCCT-1_1_1"
"1841","GTCACGGCACTACCGG-1_1_1"
"1842","GTCACGGTCCGCACTT-1_1_1"
"1843","GTCACGGTCTCCGTGT-1_1_1"
"1844","GTCACTCGTAACACGG-1_1_1"
"1845","GTCAGCGGTCCTCATC-1_1_1"
"1846","GTCATCCAGCCATGCC-1_1_1"
"1847","GTCATCCGTGCATCTA-1_1_1"
"1848","GTCATCCGTTTAGTCG-1_1_1"
"1849","GTCATCCTCGTGGGTC-1_1_1"
"1850","GTCATGACAAGCGGAT-1_1_1"
"1851","GTCATGACATCTTCGC-1_1_1"
"1852","GTCATTTCACTCGATA-1_1_1"
"1853","GTCATTTGTGCTAGCC-1_1_1"
"1854","GTCATTTGTTGTCCCT-1_1_1"
"1855","GTCCACTAGTTTCGGT-1_1_1"
"1856","GTCCACTCAGCCTATA-1_1_1"
"1857","GTCCACTTCGTCGACG-1_1_1"
"1858","GTCCCATAGATGAACT-1_1_1"
"1859","GTCCCATGTCTCCTGT-1_1_1"
"1860","GTCCCATGTTCCCAAA-1_1_1"
"1861","GTCCCATGTTTGTTGG-1_1_1"
"1862","GTCCCATTCTAACACG-1_1_1"
"1863","GTCCTCAAGGGTGGGA-1_1_1"
"1864","GTCCTCAAGTACAGAT-1_1_1"
"1865","GTCCTCATCAAATGAG-1_1_1"
"1866","GTCGAATCATATAGCC-1_1_1"
"1867","GTCGAATGTATAGGAT-1_1_1"
"1868","GTCGCGACAAACTGCT-1_1_1"
"1869","GTCGTAACACACACTA-1_1_1"
"1870","GTCGTAACACGCAAAG-1_1_1"
"1871","GTCGTAACACGCCACA-1_1_1"
"1872","GTCGTTCAGTCATCGT-1_1_1"
"1873","GTCTACCCACGTAGAG-1_1_1"
"1874","GTCTACCCATAGAGGC-1_1_1"
"1875","GTCTACCGTGAGGATC-1_1_1"
"1876","GTCTACCGTTCTATCT-1_1_1"
"1877","GTCTACCTCAATCTCT-1_1_1"
"1878","GTCTACCTCCGCAAAT-1_1_1"
"1879","GTCTACCTCCGCTTAC-1_1_1"
"1880","GTCTAGAAGCTCGTGC-1_1_1"
"1881","GTCTAGACATCCTCAC-1_1_1"
"1882","GTCTAGAGTCACCCTT-1_1_1"
"1883","GTCTAGATCAGCTCTC-1_1_1"
"1884","GTCTCACGTTATTCTC-1_1_1"
"1885","GTCTCACTCCGAACGC-1_1_1"
"1886","GTCTCACTCTACACAG-1_1_1"
"1887","GTCTGTCCAATGCAGG-1_1_1"
"1888","GTCTGTCTCCTGTTAT-1_1_1"
"1889","GTCTTTACAATACCCA-1_1_1"
"1890","GTCTTTACATAAGATG-1_1_1"
"1891","GTCTTTATCTTCTTCC-1_1_1"
"1892","GTCTTTATCTTTGCAT-1_1_1"
"1893","GTGACGCAGATTGGGC-1_1_1"
"1894","GTGAGCCCAGCTTCGG-1_1_1"
"1895","GTGAGCCTCTCGGCTT-1_1_1"
"1896","GTGAGGACAATGTGGG-1_1_1"
"1897","GTGAGGACAGCGGTCT-1_1_1"
"1898","GTGAGGAGTCTCACGG-1_1_1"
"1899","GTGAGTTAGGAATCGC-1_1_1"
"1900","GTGAGTTCAGAGTCTT-1_1_1"
"1901","GTGATGTAGAAAGTCT-1_1_1"
"1902","GTGATGTCATTCAGGT-1_1_1"
"1903","GTGATGTGTTAAGGGC-1_1_1"
"1904","GTGATGTTCCCAGGCA-1_1_1"
"1905","GTGCACGCAGCTCGGT-1_1_1"
"1906","GTGCACGGTCGCTGCA-1_1_1"
"1907","GTGCACGGTCTACACA-1_1_1"
"1908","GTGCACGGTGCTGCAC-1_1_1"
"1909","GTGCAGCAGCATATGA-1_1_1"
"1910","GTGCAGCAGCGGATCA-1_1_1"
"1911","GTGCAGCCACTCACTC-1_1_1"
"1912","GTGCAGCGTCCGATCG-1_1_1"
"1913","GTGCAGCGTCTTTCAT-1_1_1"
"1914","GTGCGTGAGAGTCAGC-1_1_1"
"1915","GTGCGTGAGTTCATGC-1_1_1"
"1916","GTGCGTGCAATATCCG-1_1_1"
"1917","GTGCGTGCATGGGAAC-1_1_1"
"1918","GTGCGTGCATTGACTG-1_1_1"
"1919","GTGCGTGGTTCCGCAG-1_1_1"
"1920","GTGCGTGGTTGGCCGT-1_1_1"
"1921","GTGCTGGCAAGCGGAT-1_1_1"
"1922","GTGCTGGCAGGCAATG-1_1_1"
"1923","GTGCTGGGTCGGCTAC-1_1_1"
"1924","GTGCTGGTCACTCACC-1_1_1"
"1925","GTGCTGGTCGGCTTGG-1_1_1"
"1926","GTGCTTCCAAGCACCC-1_1_1"
"1927","GTGCTTCCAGTCCGTG-1_1_1"
"1928","GTGCTTCTCGTAGAGG-1_1_1"
"1929","GTGCTTCTCTGAACGT-1_1_1"
"1930","GTGGAAGGTACATACC-1_1_1"
"1931","GTGGAGAAGTGAGTGC-1_1_1"
"1932","GTGGAGACATTGAGGG-1_1_1"
"1933","GTGGCGTAGAAGTCTA-1_1_1"
"1934","GTGGCGTGTCAAATCC-1_1_1"
"1935","GTGGCGTTCTTAAGGC-1_1_1"
"1936","GTGGGAAAGCTTTGTG-1_1_1"
"1937","GTGGGAACAGTGGTGA-1_1_1"
"1938","GTGGTTAAGACGGATC-1_1_1"
"1939","GTGTCCTGTACAAACA-1_1_1"
"1940","GTGTGATAGAAGCTGC-1_1_1"
"1941","GTGTGATGTCCTTTGC-1_1_1"
"1942","GTGTGATTCTCTCAAT-1_1_1"
"1943","GTGTGATTCTTCGATT-1_1_1"
"1944","GTGTGGCCAATTGCAC-1_1_1"
"1945","GTGTGGCGTCTGCAAT-1_1_1"
"1946","GTGTGGCGTTCGATTG-1_1_1"
"1947","GTGTTAGCAACCACAT-1_1_1"
"1948","GTTACAGAGGAGTCTG-1_1_1"
"1949","GTTACAGAGTCGCCAC-1_1_1"
"1950","GTTACAGTCTGACGCG-1_1_1"
"1951","GTTACCCAGAACGCGT-1_1_1"
"1952","GTTACCCAGGCCTTCG-1_1_1"
"1953","GTTACCCCAAGATGGC-1_1_1"
"1954","GTTACCCGTGATTCTG-1_1_1"
"1955","GTTACCCTCTGTGCGG-1_1_1"
"1956","GTTACGATCCGTGGCA-1_1_1"
"1957","GTTACGATCTCGCTCA-1_1_1"
"1958","GTTAGACAGTATAGAC-1_1_1"
"1959","GTTAGTGAGACATAAC-1_1_1"
"1960","GTTAGTGAGGAGACCT-1_1_1"
"1961","GTTAGTGAGGCCTAGA-1_1_1"
"1962","GTTAGTGCAGCAAGAC-1_1_1"
"1963","GTTAGTGCATAGATGA-1_1_1"
"1964","GTTAGTGGTGATCATC-1_1_1"
"1965","GTTATGGAGGCCTAGA-1_1_1"
"1966","GTTATGGCACAGCCTG-1_1_1"
"1967","GTTATGGGTGTACGCC-1_1_1"
"1968","GTTATGGTCAGGGATG-1_1_1"
"1969","GTTATGGTCGCACGGT-1_1_1"
"1970","GTTCATTAGACCTCCG-1_1_1"
"1971","GTTCATTAGTCGGGAT-1_1_1"
"1972","GTTCATTAGTGAGGTC-1_1_1"
"1973","GTTCATTCAGCTCCTT-1_1_1"
"1974","GTTCATTGTTGGGAAC-1_1_1"
"1975","GTTCATTTCTAGAACC-1_1_1"
"1976","GTTCCGTCATGGGTTT-1_1_1"
"1977","GTTCCGTGTCTGTGTA-1_1_1"
"1978","GTTCCGTGTGGAGGTT-1_1_1"
"1979","GTTCCGTTCGTGCGAC-1_1_1"
"1980","GTTCGCTCAACAAAGT-1_1_1"
"1981","GTTCGCTCACAATCTG-1_1_1"
"1982","GTTCGCTGTATGACAA-1_1_1"
"1983","GTTCTATAGCAGCCTC-1_1_1"
"1984","GTTCTATAGGACAAGA-1_1_1"
"1985","GTTCTATAGGCTGTAG-1_1_1"
"1986","GTTCTATCAGAAGCTG-1_1_1"
"1987","GTTCTATGTCGGCACT-1_1_1"
"1988","GTTGAACAGTTGGAGC-1_1_1"
"1989","GTTGAACCACCTTCGT-1_1_1"
"1990","GTTGAACGTGCGACAA-1_1_1"
"1991","GTTGAACTCGGCATTA-1_1_1"
"1992","GTTGCGGAGACCCTTA-1_1_1"
"1993","GTTGCGGAGATCCTAC-1_1_1"
"1994","GTTGCGGAGCCTTTGA-1_1_1"
"1995","GTTGCGGCAGAGATGC-1_1_1"
"1996","GTTGCGGGTAACATCC-1_1_1"
"1997","GTTGCGGGTGAATGTA-1_1_1"
"1998","GTTGCGGGTTATCTTC-1_1_1"
"1999","GTTGCGGTCACCATAG-1_1_1"
"2000","GTTGCGGTCGTCACCT-1_1_1"
"2001","GTTGCTCCACTTCTCG-1_1_1"
"2002","GTTGCTCTCGAAGAAT-1_1_1"
"2003","GTTGTAGTCACCTGGG-1_1_1"
"2004","GTTGTCCAGCGAACTG-1_1_1"
"2005","GTTGTCCAGTCTTCCC-1_1_1"
"2006","GTTGTCCGTTGGCCGT-1_1_1"
"2007","GTTGTGAGTTAACCTG-1_1_1"
"2008","GTTTACTCATCCAACA-1_1_1"
"2009","GTTTACTTCACCCTGT-1_1_1"
"2010","GTTTACTTCCAACCGG-1_1_1"
"2011","GTTTACTTCCTACGGG-1_1_1"
"2012","GTTTGGAGTCTGTGTA-1_1_1"
"2013","TAACACGCACAGCTGC-1_1_1"
"2014","TAACACGGTAGAAACT-1_1_1"
"2015","TAACCAGAGGAAAGGT-1_1_1"
"2016","TAACCAGGTCTACAGT-1_1_1"
"2017","TAACGACCATGGCTAT-1_1_1"
"2018","TAACGACGTGCCCAGT-1_1_1"
"2019","TAACGACTCCGGGACT-1_1_1"
"2020","TAACTTCAGCACTAGG-1_1_1"
"2021","TAAGCACAGCTGGCCT-1_1_1"
"2022","TAAGCACCAAAGCACG-1_1_1"
"2023","TAAGCACCAATTAGGA-1_1_1"
"2024","TAAGCACGTACGCTTA-1_1_1"
"2025","TAAGCCAAGGCTAAAT-1_1_1"
"2026","TAAGCCAGTCAATCTG-1_1_1"
"2027","TAAGCGTCACTCTGCT-1_1_1"
"2028","TAAGCGTGTGAGGCAT-1_1_1"
"2029","TAAGCGTGTGTTGAGG-1_1_1"
"2030","TAAGTCGAGAACGCGT-1_1_1"
"2031","TAAGTCGAGACCATTC-1_1_1"
"2032","TAAGTCGAGCTGTGCC-1_1_1"
"2033","TAAGTCGCAGACACCC-1_1_1"
"2034","TAAGTCGCAGCACAAG-1_1_1"
"2035","TAAGTCGGTGGGACAT-1_1_1"
"2036","TAATCTCTCAAGGTGG-1_1_1"
"2037","TAATTCCCAAATCGTC-1_1_1"
"2038","TAATTCCCAGCGGATA-1_1_1"
"2039","TAATTCCGTAACGGTG-1_1_1"
"2040","TACAACGCACTACGGC-1_1_1"
"2041","TACAACGGTCTGCAAT-1_1_1"
"2042","TACAACGTCCTCAGAA-1_1_1"
"2043","TACACCCAGAAGGTAG-1_1_1"
"2044","TACACCCAGCACTGGA-1_1_1"
"2045","TACACCCAGTTCCATG-1_1_1"
"2046","TACACCCGTCGAGCTC-1_1_1"
"2047","TACACCCTCAGTGATC-1_1_1"
"2048","TACAGGTAGGAGCAAA-1_1_1"
"2049","TACAGGTTCACAACCA-1_1_1"
"2050","TACATTCCATTGAAAG-1_1_1"
"2051","TACCCACCAGCACAAG-1_1_1"
"2052","TACCCACGTGAGAACC-1_1_1"
"2053","TACCCACTCCATCCGT-1_1_1"
"2054","TACCCACTCTGCCCTA-1_1_1"
"2055","TACCCGTCACTGCGTG-1_1_1"
"2056","TACCGAAAGCCATTTG-1_1_1"
"2057","TACCGAAGTCCGATCG-1_1_1"
"2058","TACCGAAGTGAGCAGT-1_1_1"
"2059","TACCGAATCGGCCCAA-1_1_1"
"2060","TACCGGGAGGGCAAGG-1_1_1"
"2061","TACCGGGCACATACTG-1_1_1"
"2062","TACCGGGGTGCAAGAC-1_1_1"
"2063","TACCGGGTCGAACCTA-1_1_1"
"2064","TACCGGGTCGTCTACC-1_1_1"
"2065","TACCTCGAGAAGCTGC-1_1_1"
"2066","TACCTCGAGTCGCCCA-1_1_1"
"2067","TACCTCGGTCAAGCGA-1_1_1"
"2068","TACCTCGGTGCATTTG-1_1_1"
"2069","TACCTGCAGACCAGAC-1_1_1"
"2070","TACCTGCAGCCATATC-1_1_1"
"2071","TACCTGCGTGTAACGG-1_1_1"
"2072","TACCTGCTCTATTCGT-1_1_1"
"2073","TACGCTCAGGTTCACT-1_1_1"
"2074","TACGCTCGTCAGCTTA-1_1_1"
"2075","TACGCTCGTTCACGAT-1_1_1"
"2076","TACGGGCCATCGCCTT-1_1_1"
"2077","TACGGTAAGCTCTATG-1_1_1"
"2078","TACGGTAAGGTAGTAT-1_1_1"
"2079","TACGGTACAAATGCGG-1_1_1"
"2080","TACGGTATCCACCTGT-1_1_1"
"2081","TACGTCCGTAGACACG-1_1_1"
"2082","TACGTCCTCCTCAGGG-1_1_1"
"2083","TACTGCCAGAGCCATG-1_1_1"
"2084","TACTGCCAGCATGCAG-1_1_1"
"2085","TACTGCCGTTGCATCA-1_1_1"
"2086","TACTGCCTCAATCCAG-1_1_1"
"2087","TACTGCCTCGCTTAAG-1_1_1"
"2088","TACTTACAGAGCCTGA-1_1_1"
"2089","TACTTACAGGAATGTT-1_1_1"
"2090","TACTTCACAGGGAGAG-1_1_1"
"2091","TACTTCATCGACGACC-1_1_1"
"2092","TACTTGTCAACGGTAG-1_1_1"
"2093","TACTTGTGTAAGGTCG-1_1_1"
"2094","TACTTGTGTAGCACGA-1_1_1"
"2095","TAGACCAAGAGGCTGT-1_1_1"
"2096","TAGACCAAGTGTTCCA-1_1_1"
"2097","TAGACCACACCCTAGG-1_1_1"
"2098","TAGACCACACTCCGGA-1_1_1"
"2099","TAGACCAGTGCAATGG-1_1_1"
"2100","TAGACCAGTGCAGTGA-1_1_1"
"2101","TAGACCATCAGCTTGA-1_1_1"
"2102","TAGACTGCAAGGTCGA-1_1_1"
"2103","TAGACTGGTCACTCTC-1_1_1"
"2104","TAGACTGTCAGCTCTC-1_1_1"
"2105","TAGACTGTCTATCCAT-1_1_1"
"2106","TAGAGTCGTCAACGCC-1_1_1"
"2107","TAGATCGAGGCCGCTT-1_1_1"
"2108","TAGATCGCACGACTAT-1_1_1"
"2109","TAGATCGGTCCACTCT-1_1_1"
"2110","TAGATCGGTGCCCTTT-1_1_1"
"2111","TAGCACAAGGTTCTTG-1_1_1"
"2112","TAGCACACAGAAGTGC-1_1_1"
"2113","TAGGGTTAGGTCACCC-1_1_1"
"2114","TAGGGTTAGTTGTCAC-1_1_1"
"2115","TAGGGTTTCAGGTGTT-1_1_1"
"2116","TAGGTACAGTTCAACC-1_1_1"
"2117","TAGGTACCAAGTTTGC-1_1_1"
"2118","TAGGTTGCACGTTGGC-1_1_1"
"2119","TAGGTTGTCCTAAGTG-1_1_1"
"2120","TAGTGCAGTTCGGGTC-1_1_1"
"2121","TAGTGCAGTTGCGTAT-1_1_1"
"2122","TATACCTAGGGTGAGG-1_1_1"
"2123","TATACCTTCAAACCCA-1_1_1"
"2124","TATACCTTCGTTCTAT-1_1_1"
"2125","TATATCCGTCCCTCAT-1_1_1"
"2126","TATATCCTCTGTCGTC-1_1_1"
"2127","TATCAGGCAAGGTCAG-1_1_1"
"2128","TATCAGGTCTTCCGTG-1_1_1"
"2129","TATCCTAGTAGATTGA-1_1_1"
"2130","TATCCTAGTTCTCCCA-1_1_1"
"2131","TATCCTATCTCTTGCG-1_1_1"
"2132","TATCGCCCACCGCTAG-1_1_1"
"2133","TATCGCCGTCGATGCC-1_1_1"
"2134","TATCGCCGTCTTCTAT-1_1_1"
"2135","TATCGCCTCAACTACG-1_1_1"
"2136","TATCTGTCAGTCCCGA-1_1_1"
"2137","TATCTGTGTGTTCGAT-1_1_1"
"2138","TATCTGTGTTCTCCAC-1_1_1"
"2139","TATCTTGCATAAGCGG-1_1_1"
"2140","TATGTTCAGCTACTGT-1_1_1"
"2141","TATGTTCCAACGGTAG-1_1_1"
"2142","TATGTTCCATAGTCAC-1_1_1"
"2143","TATGTTCCATCTAACG-1_1_1"
"2144","TATTCCAAGCGTCAGA-1_1_1"
"2145","TATTCCAGTACTCAAC-1_1_1"
"2146","TATTGCTAGACCCGCT-1_1_1"
"2147","TATTGCTAGAGGGTGG-1_1_1"
"2148","TATTGCTAGGGAGAAT-1_1_1"
"2149","TATTGCTCAGAGTCAG-1_1_1"
"2150","TATTGGGAGGCATCTT-1_1_1"
"2151","TATTGGGAGTAAACGT-1_1_1"
"2152","TATTTCGAGAGGGCGA-1_1_1"
"2153","TATTTCGGTAATCAGA-1_1_1"
"2154","TATTTCGGTATAATGG-1_1_1"
"2155","TCAAGACAGATGCCGA-1_1_1"
"2156","TCAAGACCAATCGTCA-1_1_1"
"2157","TCAAGACGTTCGCGTG-1_1_1"
"2158","TCAAGACTCAACTACG-1_1_1"
"2159","TCAAGACTCCCGTGTT-1_1_1"
"2160","TCAAGCAGTAGCTTGT-1_1_1"
"2161","TCAAGCATCATCTGTT-1_1_1"
"2162","TCAAGTGTCATTCCTA-1_1_1"
"2163","TCAATCTAGATGTTCC-1_1_1"
"2164","TCAATCTGTAGCGTTT-1_1_1"
"2165","TCAATCTGTCACAATC-1_1_1"
"2166","TCAATCTTCAAGTCTG-1_1_1"
"2167","TCAATCTTCCAAGCTA-1_1_1"
"2168","TCAATTCAGAGAGCAA-1_1_1"
"2169","TCAATTCAGAGTGTTA-1_1_1"
"2170","TCAATTCAGTTGGCTT-1_1_1"
"2171","TCAATTCGTGCCGTAC-1_1_1"
"2172","TCACAAGAGCACAAAT-1_1_1"
"2173","TCACAAGGTTGCATGT-1_1_1"
"2174","TCACAAGTCACTTGTT-1_1_1"
"2175","TCACACCAGTCGGCAA-1_1_1"
"2176","TCACACCCATTAGGCT-1_1_1"
"2177","TCACACCTCAGTGATC-1_1_1"
"2178","TCACATTGTACGAGTG-1_1_1"
"2179","TCACATTGTGTATTGC-1_1_1"
"2180","TCACATTTCATGACAC-1_1_1"
"2181","TCACATTTCGCTTGCT-1_1_1"
"2182","TCACGCTAGCTAGTTC-1_1_1"
"2183","TCACGCTAGTCTGGTT-1_1_1"
"2184","TCACGCTTCACACCCT-1_1_1"
"2185","TCACGGGGTGAGACCA-1_1_1"
"2186","TCACTATTCCGATCTC-1_1_1"
"2187","TCACTATTCGATGCAT-1_1_1"
"2188","TCACTCGAGTCGGCCT-1_1_1"
"2189","TCACTCGCAGCGCGTT-1_1_1"
"2190","TCACTCGGTCCACGCA-1_1_1"
"2191","TCAGCAAGTATGCGTT-1_1_1"
"2192","TCAGCAATCACTTTGT-1_1_1"
"2193","TCAGCAATCCAGCACG-1_1_1"
"2194","TCAGCCTAGACATCCT-1_1_1"
"2195","TCAGCCTAGATACTGA-1_1_1"
"2196","TCAGCCTAGATAGTCA-1_1_1"
"2197","TCAGCCTCACAAGCTT-1_1_1"
"2198","TCAGGGCAGAGCGACT-1_1_1"
"2199","TCAGGGCGTATTGAGA-1_1_1"
"2200","TCAGGGCGTGGCTGAA-1_1_1"
"2201","TCAGGGCGTTACACTG-1_1_1"
"2202","TCAGGTACAGAACTAA-1_1_1"
"2203","TCAGGTACAGGCTCTG-1_1_1"
"2204","TCAGGTAGTAAGGCTG-1_1_1"
"2205","TCAGGTAGTTGGCCGT-1_1_1"
"2206","TCAGTCCGTCGAATGG-1_1_1"
"2207","TCAGTGACACGCACCA-1_1_1"
"2208","TCAGTGATCAAAGAAC-1_1_1"
"2209","TCAGTTTAGTTGGGAC-1_1_1"
"2210","TCAGTTTGTACGGATG-1_1_1"
"2211","TCAGTTTGTGCGGCTT-1_1_1"
"2212","TCATACTCAAGCACCC-1_1_1"
"2213","TCATACTCAATCAAGA-1_1_1"
"2214","TCATACTGTCTCTCAC-1_1_1"
"2215","TCATACTGTCTTGCTC-1_1_1"
"2216","TCATATCAGCCATCCG-1_1_1"
"2217","TCATATCAGCTAAACA-1_1_1"
"2218","TCATATCAGGTATAGT-1_1_1"
"2219","TCATATCGTACAAGTA-1_1_1"
"2220","TCATATCGTACGCTAT-1_1_1"
"2221","TCATATCGTTGAGGAC-1_1_1"
"2222","TCATATCGTTGTAGCT-1_1_1"
"2223","TCATATCTCCTCTGCA-1_1_1"
"2224","TCATCATCACAGTATC-1_1_1"
"2225","TCATCATCACGCAAAG-1_1_1"
"2226","TCATCATTCTCATAGG-1_1_1"
"2227","TCATCCGAGTGAGCCA-1_1_1"
"2228","TCATCCGAGTGCACCC-1_1_1"
"2229","TCATCCGGTTAGGAGC-1_1_1"
"2230","TCATCCGTCATCCTGC-1_1_1"
"2231","TCATCCGTCCGTAGGC-1_1_1"
"2232","TCATGAGAGCTGTCCG-1_1_1"
"2233","TCATGCCAGGACGGAG-1_1_1"
"2234","TCATGGAAGAGTCAAT-1_1_1"
"2235","TCATGGAAGTAGCTCT-1_1_1"
"2236","TCATGGAAGTATAGAC-1_1_1"
"2237","TCATGGACATGCAGCC-1_1_1"
"2238","TCATGGAGTACAGTAA-1_1_1"
"2239","TCATTACAGCCTATCA-1_1_1"
"2240","TCATTACAGGACAGTC-1_1_1"
"2241","TCATTACGTATGGAAT-1_1_1"
"2242","TCATTACGTGACACAG-1_1_1"
"2243","TCATTACGTTTCTTAC-1_1_1"
"2244","TCATTACTCTAGCCAA-1_1_1"
"2245","TCATTCACACACGTGC-1_1_1"
"2246","TCATTCACAGTCTCTC-1_1_1"
"2247","TCATTCACATGTACGT-1_1_1"
"2248","TCATTCAGTGCGCTCA-1_1_1"
"2249","TCATTGTGTGGGTATG-1_1_1"
"2250","TCATTGTTCACAACCA-1_1_1"
"2251","TCATTTGAGGCCCACT-1_1_1"
"2252","TCATTTGAGGGTGAAA-1_1_1"
"2253","TCATTTGCACTTGGGC-1_1_1"
"2254","TCATTTGTCCAACCAA-1_1_1"
"2255","TCCACCAAGCAACTTC-1_1_1"
"2256","TCCACCATCCAATCTT-1_1_1"
"2257","TCCACGTAGCACACCC-1_1_1"
"2258","TCCACGTGTGATCGTT-1_1_1"
"2259","TCCATCGAGAACTCCT-1_1_1"
"2260","TCCATCGAGGTAAACT-1_1_1"
"2261","TCCATCGCAATAAGGT-1_1_1"
"2262","TCCATGCCACAGCCAC-1_1_1"
"2263","TCCATGCTCCTTATAC-1_1_1"
"2264","TCCATGCTCTCTATAC-1_1_1"
"2265","TCCCACAAGACAGTCG-1_1_1"
"2266","TCCCACATCGCGGTAC-1_1_1"
"2267","TCCCAGTTCGGATACT-1_1_1"
"2268","TCCCATGAGAGTGAAG-1_1_1"
"2269","TCCGAAAAGATTAGAC-1_1_1"
"2270","TCCGATCAGCATCAAA-1_1_1"
"2271","TCCGATCCAGTCGCAC-1_1_1"
"2272","TCCGGGAAGACTCCGC-1_1_1"
"2273","TCCGGGACAGACCATT-1_1_1"
"2274","TCCGGGAGTGAGCAGT-1_1_1"
"2275","TCCGGGAGTTACCCAA-1_1_1"
"2276","TCCGGGATCTCAATCT-1_1_1"
"2277","TCCGGGATCTCGACGG-1_1_1"
"2278","TCCGTGTGTTAAGGGC-1_1_1"
"2279","TCCTAATAGGTCCTGC-1_1_1"
"2280","TCCTAATAGGTCTGGA-1_1_1"
"2281","TCCTAATTCTCGACGG-1_1_1"
"2282","TCCTCCCGTAGAGCTG-1_1_1"
"2283","TCCTCCCGTAGAGTTA-1_1_1"
"2284","TCCTCGAAGAATCTAG-1_1_1"
"2285","TCCTCGACAAGGACAC-1_1_1"
"2286","TCCTCGACAGAGTTCT-1_1_1"
"2287","TCCTCGATCAAAGCCT-1_1_1"
"2288","TCCTCGATCGGCTTGG-1_1_1"
"2289","TCCTCGATCTGTAAGC-1_1_1"
"2290","TCCTCTTGTGCAGGAT-1_1_1"
"2291","TCCTCTTTCCTTCACG-1_1_1"
"2292","TCCTCTTTCTGGTGCG-1_1_1"
"2293","TCCTGCAGTACTGCCG-1_1_1"
"2294","TCCTGCATCCTCACCA-1_1_1"
"2295","TCCTGCATCGAGCACC-1_1_1"
"2296","TCCTTCTAGCACCAGA-1_1_1"
"2297","TCCTTCTCAGGTCAGA-1_1_1"
"2298","TCCTTCTTCTCAATCT-1_1_1"
"2299","TCGAACAGTCCCTGAG-1_1_1"
"2300","TCGAAGTAGAGAGCGG-1_1_1"
"2301","TCGAAGTAGCACCCAC-1_1_1"
"2302","TCGAAGTAGCCTTGAT-1_1_1"
"2303","TCGAAGTCAAAGGCGT-1_1_1"
"2304","TCGAAGTTCATCGTAG-1_1_1"
"2305","TCGACCTGTTGGGTTT-1_1_1"
"2306","TCGACGGAGTCCTGTA-1_1_1"
"2307","TCGATTTAGAGTAACT-1_1_1"
"2308","TCGATTTCAGGACAGT-1_1_1"
"2309","TCGATTTTCCTCTGCA-1_1_1"
"2310","TCGCACTGTGGGCTTC-1_1_1"
"2311","TCGCAGGCAATCTCGA-1_1_1"
"2312","TCGCAGGTCCAAGCAT-1_1_1"
"2313","TCGCAGGTCTCATTTG-1_1_1"
"2314","TCGCTCAAGGGCGAAG-1_1_1"
"2315","TCGCTCAGTTGCATAC-1_1_1"
"2316","TCGCTCATCAGACCCG-1_1_1"
"2317","TCGCTTGCACTGGCGT-1_1_1"
"2318","TCGCTTGCAGAACATA-1_1_1"
"2319","TCGCTTGTCTAAGAAG-1_1_1"
"2320","TCGGATATCAACTGGT-1_1_1"
"2321","TCGGATATCCACCTGT-1_1_1"
"2322","TCGGGACAGATGACCG-1_1_1"
"2323","TCGGGCAAGGACTAAT-1_1_1"
"2324","TCGGGCATCCTCTCTT-1_1_1"
"2325","TCGGTCTGTCATACCA-1_1_1"
"2326","TCGTAGAAGGCACTCC-1_1_1"
"2327","TCGTAGAGTTGCAAGG-1_1_1"
"2328","TCGTCCAAGCAGGCAT-1_1_1"
"2329","TCGTCCAAGGATGGCT-1_1_1"
"2330","TCGTCCAAGGGCTGAT-1_1_1"
"2331","TCGTCCAGTGCGTTTA-1_1_1"
"2332","TCTAACTAGGATCATA-1_1_1"
"2333","TCTAACTAGTAGTCAA-1_1_1"
"2334","TCTAACTGTATCATGC-1_1_1"
"2335","TCTAACTGTCGGCCTA-1_1_1"
"2336","TCTAACTTCCATTGGA-1_1_1"
"2337","TCTAACTTCTCGGTAA-1_1_1"
"2338","TCTACATCACACACTA-1_1_1"
"2339","TCTACATCACTGTCCT-1_1_1"
"2340","TCTACATTCCTTACCG-1_1_1"
"2341","TCTACCGCATTCTCCG-1_1_1"
"2342","TCTATACGTGTTAACC-1_1_1"
"2343","TCTATCAAGACATATG-1_1_1"
"2344","TCTATCAAGCCATTCA-1_1_1"
"2345","TCTATCACAGCAGTGA-1_1_1"
"2346","TCTATCACAGGTGTGA-1_1_1"
"2347","TCTCACGAGGGACCAT-1_1_1"
"2348","TCTCACGCAATCTGCA-1_1_1"
"2349","TCTCACGCACCTCGTT-1_1_1"
"2350","TCTCACGGTCCAGGTC-1_1_1"
"2351","TCTCACGGTCTCACAA-1_1_1"
"2352","TCTCAGCCATGAATAG-1_1_1"
"2353","TCTCAGCTCCCTATTA-1_1_1"
"2354","TCTCAGCTCCTCACCA-1_1_1"
"2355","TCTCAGCTCTGTCCGT-1_1_1"
"2356","TCTCTGGGTAACGTTC-1_1_1"
"2357","TCTCTGGGTCCTGAAT-1_1_1"
"2358","TCTGCCACAGCTTTCC-1_1_1"
"2359","TCTGCCAGTCAGTCTA-1_1_1"
"2360","TCTGCCATCATGGGAG-1_1_1"
"2361","TCTGGCTCACCGTCTT-1_1_1"
"2362","TCTGTCGTCTGTAACG-1_1_1"
"2363","TCTTAGTCATAGAATG-1_1_1"
"2364","TCTTAGTGTAAGATTG-1_1_1"
"2365","TCTTAGTTCCGGTTCT-1_1_1"
"2366","TCTTCCTAGCTTTCTT-1_1_1"
"2367","TCTTCCTCAGCTATAC-1_1_1"
"2368","TCTTGCGAGTACGTCT-1_1_1"
"2369","TCTTGCGAGTGATAAC-1_1_1"
"2370","TCTTGCGCAGAACCGA-1_1_1"
"2371","TCTTTGAGTATCCCAA-1_1_1"
"2372","TCTTTGATCAATCAGC-1_1_1"
"2373","TGAACGTCACCCTTGT-1_1_1"
"2374","TGAACGTTCAAAGACA-1_1_1"
"2375","TGAATCGCAAGACCTT-1_1_1"
"2376","TGAATCGCAAGTGTCT-1_1_1"
"2377","TGAATCGGTCGTTTCC-1_1_1"
"2378","TGAATCGGTCTTACTT-1_1_1"
"2379","TGAATCGGTGAACCGA-1_1_1"
"2380","TGAATGCCACCCGTAG-1_1_1"
"2381","TGAATGCGTGTTGACT-1_1_1"
"2382","TGAATGCTCAGACCGC-1_1_1"
"2383","TGACAGTAGGTTCACT-1_1_1"
"2384","TGACAGTCAATACCCA-1_1_1"
"2385","TGACCCTGTCTTGCGG-1_1_1"
"2386","TGACCCTTCGTTTACT-1_1_1"
"2387","TGACCCTTCTAGGAAA-1_1_1"
"2388","TGACGCGAGGATTCAA-1_1_1"
"2389","TGACGCGAGGTTATAG-1_1_1"
"2390","TGACGCGCACATGGTT-1_1_1"
"2391","TGACGCGGTCTAGTGT-1_1_1"
"2392","TGACGCGGTGTTAGCT-1_1_1"
"2393","TGACGCGTCCACAGGC-1_1_1"
"2394","TGACTCCGTACCGGCT-1_1_1"
"2395","TGACTCCGTTGTAGCT-1_1_1"
"2396","TGACTCCTCGAGAAGC-1_1_1"
"2397","TGAGACTAGACATATG-1_1_1"
"2398","TGAGACTAGGGTAATT-1_1_1"
"2399","TGAGACTCAACCAACT-1_1_1"
"2400","TGAGACTGTGCGGATA-1_1_1"
"2401","TGAGCATAGATGAATC-1_1_1"
"2402","TGAGCATAGTTTCTTC-1_1_1"
"2403","TGAGCATCAAGACAAT-1_1_1"
"2404","TGAGCATCATGACAAA-1_1_1"
"2405","TGAGCGCCAGCTCGGT-1_1_1"
"2406","TGAGGAGAGCGCCTTG-1_1_1"
"2407","TGAGGAGAGCTGTCCG-1_1_1"
"2408","TGAGGAGGTTCTAAGC-1_1_1"
"2409","TGAGGAGTCCTGTTAT-1_1_1"
"2410","TGAGGGACAAATCAGA-1_1_1"
"2411","TGAGGGAGTACACTCA-1_1_1"
"2412","TGAGGGATCTTCACAT-1_1_1"
"2413","TGAGGTTGTCCTCCAT-1_1_1"
"2414","TGAGGTTTCGTCGACG-1_1_1"
"2415","TGAGGTTTCTGTGCTC-1_1_1"
"2416","TGAGGTTTCTTTGATC-1_1_1"
"2417","TGAGTCAGTATTCTCT-1_1_1"
"2418","TGAGTCATCCGTATGA-1_1_1"
"2419","TGATCAGAGCGCTGCT-1_1_1"
"2420","TGATCAGTCTACAGGT-1_1_1"
"2421","TGATCAGTCTTTCAGT-1_1_1"
"2422","TGATGCAAGAGTACCG-1_1_1"
"2423","TGATGCAAGGCTCACC-1_1_1"
"2424","TGATGCAGTAGAGCTG-1_1_1"
"2425","TGATGCAGTGCAACAG-1_1_1"
"2426","TGATGCAGTTTGACAC-1_1_1"
"2427","TGATGCATCGGTAGAG-1_1_1"
"2428","TGATGGTAGACAAGCC-1_1_1"
"2429","TGATGGTCAATTGCTG-1_1_1"
"2430","TGATGGTGTGGATTTC-1_1_1"
"2431","TGATGGTTCATTGCTT-1_1_1"
"2432","TGATTCTGTCGAAACG-1_1_1"
"2433","TGATTCTTCTTCGACC-1_1_1"
"2434","TGATTTCAGACAGTCG-1_1_1"
"2435","TGATTTCAGTCTGCAT-1_1_1"
"2436","TGATTTCTCTCCTGCA-1_1_1"
"2437","TGCACGGAGGGACAGG-1_1_1"
"2438","TGCACGGCAGACATCT-1_1_1"
"2439","TGCACGGGTCGCACAC-1_1_1"
"2440","TGCAGATGTCACGTGC-1_1_1"
"2441","TGCAGATGTGCTGATT-1_1_1"
"2442","TGCAGATTCTGCCTGT-1_1_1"
"2443","TGCAGGCAGCATCCCG-1_1_1"
"2444","TGCAGGCAGTGGACTG-1_1_1"
"2445","TGCAGGCGTGACTCGC-1_1_1"
"2446","TGCAGGCTCCAACCAA-1_1_1"
"2447","TGCAGTAAGTTAACGA-1_1_1"
"2448","TGCAGTACAGGCACAA-1_1_1"
"2449","TGCAGTAGTAAGTAGT-1_1_1"
"2450","TGCATCCAGTTGGCTT-1_1_1"
"2451","TGCATCCCAGCTTTGA-1_1_1"
"2452","TGCATCCGTTGCTGAT-1_1_1"
"2453","TGCATGAAGCAGTACG-1_1_1"
"2454","TGCATGAGTACCGTCG-1_1_1"
"2455","TGCCGAGAGTTACGTC-1_1_1"
"2456","TGCCGAGTCGTGCGAC-1_1_1"
"2457","TGCGATAGTCTACGTA-1_1_1"
"2458","TGCGATAGTGCTCCGA-1_1_1"
"2459","TGCGATATCTGGGAGA-1_1_1"
"2460","TGCGGCAAGACTCTTG-1_1_1"
"2461","TGCGGCAAGATACAGT-1_1_1"
"2462","TGCGGCAAGGCAGTCA-1_1_1"
"2463","TGCGGCACACAGCTTA-1_1_1"
"2464","TGCGGCACACGGCTAC-1_1_1"
"2465","TGCGGCACAGAAGTGC-1_1_1"
"2466","TGCGGCACATGCCGCA-1_1_1"
"2467","TGCGGCATCCAACCGG-1_1_1"
"2468","TGCGGCATCGCAAGAG-1_1_1"
"2469","TGCGGGTCATCCTTGC-1_1_1"
"2470","TGCGGGTTCCCATAAG-1_1_1"
"2471","TGCTCCAAGTATGGCG-1_1_1"
"2472","TGCTCCAGTGTATTGC-1_1_1"
"2473","TGCTCGTCATTAGGCT-1_1_1"
"2474","TGCTGAAAGCAAGTGC-1_1_1"
"2475","TGCTGAAGTTGACTAC-1_1_1"
"2476","TGCTGAATCACTCGAA-1_1_1"
"2477","TGCTGAATCCAAGGGA-1_1_1"
"2478","TGCTGAATCTGGGCCA-1_1_1"
"2479","TGCTTCGAGTGCCTCG-1_1_1"
"2480","TGCTTCGTCAGAGTTC-1_1_1"
"2481","TGCTTGCAGGGATCTG-1_1_1"
"2482","TGCTTGCCACACCAGC-1_1_1"
"2483","TGGAACTCACCCAAGC-1_1_1"
"2484","TGGAACTTCGTGACTA-1_1_1"
"2485","TGGAGAGTCGGTAGGA-1_1_1"
"2486","TGGATCATCGCATTGA-1_1_1"
"2487","TGGATCATCGTAGTGT-1_1_1"
"2488","TGGATGTAGACGGTTG-1_1_1"
"2489","TGGATGTTCAGAGTGG-1_1_1"
"2490","TGGCGTGGTTCGGTAT-1_1_1"
"2491","TGGCGTGGTTTAGAGA-1_1_1"
"2492","TGGGAAGAGTGGTGAC-1_1_1"
"2493","TGGGAAGGTCATAACC-1_1_1"
"2494","TGGGAGAAGTAAGGGA-1_1_1"
"2495","TGGGAGAGTAGTCGGA-1_1_1"
"2496","TGGGATTAGGCACAAC-1_1_1"
"2497","TGGGATTCAAATAGCA-1_1_1"
"2498","TGGGATTCAATAGTGA-1_1_1"
"2499","TGGGATTTCAGTGATC-1_1_1"
"2500","TGGGCGTAGTGGCAGT-1_1_1"
"2501","TGGGCGTGTATACAGA-1_1_1"
"2502","TGGGCGTGTGGAGGTT-1_1_1"
"2503","TGGGCTGAGCTAAACA-1_1_1"
"2504","TGGGCTGGTAATTGGA-1_1_1"
"2505","TGGGTTAGTCTACATG-1_1_1"
"2506","TGGTACAAGAAGAACG-1_1_1"
"2507","TGGTACAAGGCTGTAG-1_1_1"
"2508","TGGTACAAGTAGGGTC-1_1_1"
"2509","TGGTACACAGCTATTG-1_1_1"
"2510","TGGTACAGTCGCTTGG-1_1_1"
"2511","TGGTAGTTCTCCATAT-1_1_1"
"2512","TGGTGATAGATGCTTC-1_1_1"
"2513","TGGTGATAGCTAGAGC-1_1_1"
"2514","TGGTGATAGTCGGGAT-1_1_1"
"2515","TGGTGATCACTAACCA-1_1_1"
"2516","TGGTGATTCGCGTGAC-1_1_1"
"2517","TGGTTAGCACCATATG-1_1_1"
"2518","TGGTTAGCACCTGATA-1_1_1"
"2519","TGTAACGAGCCTCTTC-1_1_1"
"2520","TGTAAGCAGAAATTCG-1_1_1"
"2521","TGTAAGCTCAGGGATG-1_1_1"
"2522","TGTAAGCTCTGGCCTT-1_1_1"
"2523","TGTACAGGTGCATTTG-1_1_1"
"2524","TGTAGACAGCATATGA-1_1_1"
"2525","TGTAGACAGTCTGCGC-1_1_1"
"2526","TGTAGACCACTTGTGA-1_1_1"
"2527","TGTAGACTCGACCCAG-1_1_1"
"2528","TGTCAGAAGGACGCTA-1_1_1"
"2529","TGTCAGATCTTCCGTG-1_1_1"
"2530","TGTCCACCACCAGCTG-1_1_1"
"2531","TGTCCACCACTAACGT-1_1_1"
"2532","TGTCCACTCGAGAGCA-1_1_1"
"2533","TGTCCCATCTCGTCAC-1_1_1"
"2534","TGTCCTGCAACCAACT-1_1_1"
"2535","TGTCCTGCACCTCTGT-1_1_1"
"2536","TGTCCTGTCATAGACC-1_1_1"
"2537","TGTGAGTAGCTAGAAT-1_1_1"
"2538","TGTGAGTAGGTAGATT-1_1_1"
"2539","TGTGATGAGATCACCT-1_1_1"
"2540","TGTGATGCACTACACA-1_1_1"
"2541","TGTGATGTCCTACTGC-1_1_1"
"2542","TGTGCGGAGTAAACGT-1_1_1"
"2543","TGTGCGGAGTCATGCT-1_1_1"
"2544","TGTGCGGTCTACACTT-1_1_1"
"2545","TGTGGCGCAAAGGATT-1_1_1"
"2546","TGTGTGAAGAAGTCAT-1_1_1"
"2547","TGTGTGAAGCTGCCTG-1_1_1"
"2548","TGTGTGAGTGGATACG-1_1_1"
"2549","TGTGTGATCAAGCCAT-1_1_1"
"2550","TGTTACTAGAGGTATT-1_1_1"
"2551","TGTTACTGTCTAGGCC-1_1_1"
"2552","TGTTACTTCACGGTCG-1_1_1"
"2553","TGTTACTTCGTGGCTG-1_1_1"
"2554","TGTTACTTCTTCTAAC-1_1_1"
"2555","TGTTCATTCGGACTTA-1_1_1"
"2556","TGTTCCGGTCAAGCGA-1_1_1"
"2557","TGTTCTAGTATTCTCT-1_1_1"
"2558","TGTTCTATCCGTATGA-1_1_1"
"2559","TGTTGAGAGGTCTGGA-1_1_1"
"2560","TGTTGAGCAAATGCGG-1_1_1"
"2561","TGTTGGACAGTCGCAC-1_1_1"
"2562","TGTTGGAGTGTACATC-1_1_1"
"2563","TGTTTGTCAAGAGAGA-1_1_1"
"2564","TGTTTGTGTACGCTAT-1_1_1"
"2565","TTAATCCAGCGTACAG-1_1_1"
"2566","TTAATCCGTATGAGCG-1_1_1"
"2567","TTACAGGAGACAAGCC-1_1_1"
"2568","TTACAGGCAAGTTCCA-1_1_1"
"2569","TTACAGGCACGGTGCT-1_1_1"
"2570","TTACAGGCATTAAAGG-1_1_1"
"2571","TTACAGGGTCAACATC-1_1_1"
"2572","TTACAGGGTCGAACAG-1_1_1"
"2573","TTACAGGGTCTAGTGT-1_1_1"
"2574","TTACAGGTCTCTAGGA-1_1_1"
"2575","TTACCATCACATACGT-1_1_1"
"2576","TTACCATGTCGCGTCA-1_1_1"
"2577","TTACCATGTCTCGCGA-1_1_1"
"2578","TTACCATGTTGTTTGG-1_1_1"
"2579","TTACCGCTCACTGGGC-1_1_1"
"2580","TTACCGCTCCACCTCA-1_1_1"
"2581","TTACGTTAGTACCGGA-1_1_1"
"2582","TTACGTTCACTGAATC-1_1_1"
"2583","TTACGTTTCGGTGTAT-1_1_1"
"2584","TTACTGTCAGGTAGTG-1_1_1"
"2585","TTAGGCAGTTGTGTAC-1_1_1"
"2586","TTAGGGTCAGTAGTGG-1_1_1"
"2587","TTAGTCTCATAGAAAC-1_1_1"
"2588","TTAGTCTCATCGTCCT-1_1_1"
"2589","TTATTGCGTTCTAACG-1_1_1"
"2590","TTATTGCTCTGAGTCA-1_1_1"
"2591","TTCAATCGTCACCTTC-1_1_1"
"2592","TTCAATCGTTGCTCCT-1_1_1"
"2593","TTCAATCTCTAGTGAC-1_1_1"
"2594","TTCACCGCAAACCATC-1_1_1"
"2595","TTCACCGGTAATGCTC-1_1_1"
"2596","TTCACGCAGTCCTACA-1_1_1"
"2597","TTCACGCCATCTAACG-1_1_1"
"2598","TTCACGCGTAAGGCTG-1_1_1"
"2599","TTCAGGAGTGGGTTGA-1_1_1"
"2600","TTCAGGATCATTATCC-1_1_1"
"2601","TTCAGGATCTTCGATT-1_1_1"
"2602","TTCATGTGTTCCGGTG-1_1_1"
"2603","TTCATTGAGATCGCTT-1_1_1"
"2604","TTCATTGGTACTAGCT-1_1_1"
"2605","TTCATTGTCACTTGGA-1_1_1"
"2606","TTCATTGTCGGATTAC-1_1_1"
"2607","TTCATTGTCTGAGGTT-1_1_1"
"2608","TTCCAATGTACATTGC-1_1_1"
"2609","TTCCACGCAAGCTCTA-1_1_1"
"2610","TTCCACGCAGACCATT-1_1_1"
"2611","TTCCGGTGTAAGGAGA-1_1_1"
"2612","TTCCGGTTCCATCTCG-1_1_1"
"2613","TTCCGTGAGGCTCTAT-1_1_1"
"2614","TTCCGTGGTTATGGTC-1_1_1"
"2615","TTCCGTGTCCCACAGG-1_1_1"
"2616","TTCCTAAAGTAAATGC-1_1_1"
"2617","TTCCTAAAGTCCTGCG-1_1_1"
"2618","TTCCTAAAGTTGTAGA-1_1_1"
"2619","TTCCTAAGTGTTATCG-1_1_1"
"2620","TTCCTAATCAGGGATG-1_1_1"
"2621","TTCCTCTCAGTTTCAG-1_1_1"
"2622","TTCCTTCAGATGGCGT-1_1_1"
"2623","TTCCTTCAGCGACTAG-1_1_1"
"2624","TTCCTTCGTGGATCGA-1_1_1"
"2625","TTCCTTCTCGGAGTGA-1_1_1"
"2626","TTCCTTCTCGTCCTTG-1_1_1"
"2627","TTCGATTGTGACCGAA-1_1_1"
"2628","TTCGCTGAGCCAAGTG-1_1_1"
"2629","TTCGCTGAGCCGAACA-1_1_1"
"2630","TTCGCTGAGGACTGGT-1_1_1"
"2631","TTCGCTGGTACGTACT-1_1_1"
"2632","TTCGGTCAGGATGTTA-1_1_1"
"2633","TTCGGTCAGTAGTCCT-1_1_1"
"2634","TTCGGTCCATGAGATA-1_1_1"
"2635","TTCGGTCCATGCAGCC-1_1_1"
"2636","TTCGGTCTCCTTCGAC-1_1_1"
"2637","TTCGGTCTCTCTTGCG-1_1_1"
"2638","TTCTAACAGGCTCTCG-1_1_1"
"2639","TTCTAACGTTCACCGG-1_1_1"
"2640","TTCTAACTCAGCTGTA-1_1_1"
"2641","TTCTAACTCTCATTAC-1_1_1"
"2642","TTCTAGTAGAGATGCC-1_1_1"
"2643","TTCTAGTCAGCGGTCT-1_1_1"
"2644","TTCTAGTTCATTTGTC-1_1_1"
"2645","TTCTCTCCACTGCACG-1_1_1"
"2646","TTCTCTCGTATCAGCT-1_1_1"
"2647","TTCTCTCTCACTTATC-1_1_1"
"2648","TTCTCTCTCTCCGATC-1_1_1"
"2649","TTCTGTAAGTGAGGTC-1_1_1"
"2650","TTCTGTACACGTAGTT-1_1_1"
"2651","TTCTGTATCACCTCTG-1_1_1"
"2652","TTCTTCCAGCGGACAT-1_1_1"
"2653","TTCTTCCGTAGCACAG-1_1_1"
"2654","TTCTTGAGTACGTGAG-1_1_1"
"2655","TTCTTGAGTGTCATCA-1_1_1"
"2656","TTCTTGATCGCGTCGA-1_1_1"
"2657","TTCTTGATCTAGTCAG-1_1_1"
"2658","TTGAACGAGTCATGGG-1_1_1"
"2659","TTGAACGCAAGAGAGA-1_1_1"
"2660","TTGAACGCATTCATCT-1_1_1"
"2661","TTGACCCGTCAATGGG-1_1_1"
"2662","TTGACCCTCTAGCCAA-1_1_1"
"2663","TTGACCCTCTAGTGTG-1_1_1"
"2664","TTGACCCTCTATGCCC-1_1_1"
"2665","TTGAGTGAGTCTAGAA-1_1_1"
"2666","TTGAGTGCACCGTCTT-1_1_1"
"2667","TTGAGTGCAGATACCT-1_1_1"
"2668","TTGAGTGGTGGACTAG-1_1_1"
"2669","TTGAGTGTCTACCCAC-1_1_1"
"2670","TTGATGGAGACCCTTA-1_1_1"
"2671","TTGATGGAGGTCGTGA-1_1_1"
"2672","TTGATGGCACTTACAG-1_1_1"
"2673","TTGATGGGTCTATGAC-1_1_1"
"2674","TTGATGGGTGGGTATG-1_1_1"
"2675","TTGCATTGTAGCACGA-1_1_1"
"2676","TTGCATTGTATCCCAA-1_1_1"
"2677","TTGCATTGTGTAGCAG-1_1_1"
"2678","TTGCATTGTTCATCTT-1_1_1"
"2679","TTGCCTGAGACCCTTA-1_1_1"
"2680","TTGCCTGAGCCTTCTC-1_1_1"
"2681","TTGCCTGGTACGATGG-1_1_1"
"2682","TTGCCTGTCCCATGGG-1_1_1"
"2683","TTGCGTCCAATAGTAG-1_1_1"
"2684","TTGCGTCCAGCCTATA-1_1_1"
"2685","TTGCTGCAGCCTCTGG-1_1_1"
"2686","TTGGATGCAAGTCCCG-1_1_1"
"2687","TTGGATGGTAGCGTCC-1_1_1"
"2688","TTGGATGGTTCCACAA-1_1_1"
"2689","TTGGGATAGTTCATCG-1_1_1"
"2690","TTGGGATCACACCTTC-1_1_1"
"2691","TTGGGATTCTTCGACC-1_1_1"
"2692","TTGGTTTCAACAGTGG-1_1_1"
"2693","TTGGTTTCAATAACCC-1_1_1"
"2694","TTGGTTTGTACATACC-1_1_1"
"2695","TTGGTTTGTCGAATTC-1_1_1"
"2696","TTGGTTTTCGTGTGAT-1_1_1"
"2697","TTGTGGAGTGCATACT-1_1_1"
"2698","TTGTGTTCAAACTCGT-1_1_1"
"2699","TTGTGTTTCCAACCGG-1_1_1"
"2700","TTGTTCACAAAGACTA-1_1_1"
"2701","TTGTTCACACCTGATA-1_1_1"
"2702","TTGTTCACATACCATG-1_1_1"
"2703","TTGTTCAGTGACAGCA-1_1_1"
"2704","TTGTTCAGTGGTCTGC-1_1_1"
"2705","TTGTTCATCAAGCCGC-1_1_1"
"2706","TTGTTGTAGTGAACAT-1_1_1"
"2707","TTGTTGTCAAATGGCG-1_1_1"
"2708","TTGTTGTGTATACAGA-1_1_1"
"2709","TTGTTTGAGGCCTTGC-1_1_1"
"2710","TTGTTTGCACCGTCTT-1_1_1"
"2711","TTGTTTGCACTTCAAG-1_1_1"
"2712","TTGTTTGCAGGGTTGA-1_1_1"
"2713","TTGTTTGTCAGTAGGG-1_1_1"
"2714","TTGTTTGTCGATGCAT-1_1_1"
"2715","TTTACCAAGAGATGCC-1_1_1"
"2716","TTTACCAAGCCTGCCA-1_1_1"
"2717","TTTACCACACAGTACT-1_1_1"
"2718","TTTACCACATGAGGGT-1_1_1"
"2719","TTTACGTGTCACTCTC-1_1_1"
"2720","TTTACGTTCATTGCTT-1_1_1"
"2721","TTTACGTTCTGCTGAA-1_1_1"
"2722","TTTACTGCAGTGTGCC-1_1_1"
"2723","TTTAGTCAGGCCTGAA-1_1_1"
"2724","TTTAGTCCACATGTTG-1_1_1"
"2725","TTTAGTCCAGCTTCGG-1_1_1"
"2726","TTTAGTCTCTCGACCT-1_1_1"
"2727","TTTATGCAGCACCGTC-1_1_1"
"2728","TTTATGCAGTACAGAT-1_1_1"
"2729","TTTATGCTCTACACTT-1_1_1"
"2730","TTTCACACAGTGCCTG-1_1_1"
"2731","TTTCAGTCAGTAGGAC-1_1_1"
"2732","TTTCAGTGTCCCAAAT-1_1_1"
"2733","TTTCAGTTCAAAGACA-1_1_1"
"2734","TTTCATGCATCGATGT-1_1_1"
"2735","TTTCATGGTAACGGTG-1_1_1"
"2736","TTTCATGTCATAGAGA-1_1_1"
"2737","TTTCATGTCCACACAA-1_1_1"
"2738","TTTCCTCAGCCGCACT-1_1_1"
"2739","TTTCCTCTCAGACTGT-1_1_1"
"2740","TTTCCTCTCCTGTAAG-1_1_1"
"2741","TTTCGATCAGGCGAAT-1_1_1"
"2742","TTTCGATGTGCCCGTA-1_1_1"
"2743","TTTCGATGTTGTGGAG-1_1_1"
"2744","TTTGACTCAATTCTCT-1_1_1"
"2745","TTTGACTCAGACAAGC-1_1_1"
"2746","TTTGACTGTAGCTGAG-1_1_1"
"2747","TTTGACTGTCAAATCC-1_1_1"
"2748","TTTGATCAGGTACTGG-1_1_1"
"2749","TTTGATCCAAGCTGCC-1_1_1"
"2750","TTTGATCCATCCGGCA-1_1_1"
"2751","TTTGGAGCAACACGTT-1_1_1"
"2752","TTTGGAGGTAGAGGAA-1_1_1"
"2753","TTTGGTTCAGTCACGC-1_1_1"
"2754","TTTGGTTGTTGTATGC-1_1_1"
"2755","TTTGGTTTCTATCACT-1_1_1"
"2756","TTTGTTGCAACAGTGG-1_1_1"
"2757","TTTGTTGGTCTCAGGC-1_1_1"
