"","x"
"1","AAACCCAAGGACGGAG-1_5_1"
"2","AAACCCAAGTGGGAAA-1_5_1"
"3","AAACCCACAGAAACCG-1_5_1"
"4","AAACCCACAGCGGTCT-1_5_1"
"5","AAACCCACAGGTGGAT-1_5_1"
"6","AAACCCAGTAGACACG-1_5_1"
"7","AAACCCATCGTTCCTG-1_5_1"
"8","AAAGAACAGTTACGGG-1_5_1"
"9","AAAGGATGTCAATGGG-1_5_1"
"10","AAAGGATGTGTGATGG-1_5_1"
"11","AAAGGATTCCAAACCA-1_5_1"
"12","AAAGGATTCTGCGGGT-1_5_1"
"13","AAAGGGCGTAGCTGCC-1_5_1"
"14","AAAGGGCTCTCACCCA-1_5_1"
"15","AAAGGTACAAAGGGTC-1_5_1"
"16","AAAGGTATCCACGAAT-1_5_1"
"17","AAAGTCCCAATACGAA-1_5_1"
"18","AAAGTCCGTCAGACGA-1_5_1"
"19","AAAGTGAAGATAGTCA-1_5_1"
"20","AACAAAGCAGCCCACA-1_5_1"
"21","AACAACCCACTGCGAC-1_5_1"
"22","AACAACCGTTCTAACG-1_5_1"
"23","AACAAGAGTACCGGCT-1_5_1"
"24","AACAAGATCACAAGGG-1_5_1"
"25","AACACACGTTCTTAGG-1_5_1"
"26","AACAGGGCAGCAATTC-1_5_1"
"27","AACCAACCAGATTTCG-1_5_1"
"28","AACCAACGTGCCGGTT-1_5_1"
"29","AACCACAAGAGTCTTC-1_5_1"
"30","AACCACAAGTAGTGCG-1_5_1"
"31","AACCACAGTGTCATTG-1_5_1"
"32","AACCATGGTTGGGCCT-1_5_1"
"33","AACCATGTCCGGTTCT-1_5_1"
"34","AACCATGTCTAGACCA-1_5_1"
"35","AACCCAAAGGGTAGCT-1_5_1"
"36","AACCTGACACTAGGTT-1_5_1"
"37","AACCTGATCAAGTTGC-1_5_1"
"38","AACCTTTGTGATCGTT-1_5_1"
"39","AACGAAAGTTTCGATG-1_5_1"
"40","AACGGGACAGACACCC-1_5_1"
"41","AACGTCACACCAAATC-1_5_1"
"42","AACTTCTCAGTAGAAT-1_5_1"
"43","AAGAACAGTAGGTAGC-1_5_1"
"44","AAGACAAGTTGTCCCT-1_5_1"
"45","AAGACTCGTAGGCAGT-1_5_1"
"46","AAGATAGCATGCCGCA-1_5_1"
"47","AAGATAGTCATACGGT-1_5_1"
"48","AAGGAATCATAGACTC-1_5_1"
"49","AAGGTAAAGCGATGCA-1_5_1"
"50","AAGTACCAGTCAAGCG-1_5_1"
"51","AAGTACCTCTAGTGAC-1_5_1"
"52","AAGTCGTCATCCTCAC-1_5_1"
"53","AAGTCGTTCCGATAGT-1_5_1"
"54","AAGTGAACATAACGGG-1_5_1"
"55","AAGTGAAGTGAGTGAC-1_5_1"
"56","AAGTTCGTCACTGATG-1_5_1"
"57","AATAGAGAGGTCGAGT-1_5_1"
"58","AATAGAGTCAGGTAAA-1_5_1"
"59","AATAGAGTCTTGGATG-1_5_1"
"60","AATCACGAGAGTCGAC-1_5_1"
"61","AATCACGTCGGAGCAA-1_5_1"
"62","AATCGACGTTAAGAAC-1_5_1"
"63","AATCGACGTTACGGAG-1_5_1"
"64","AATCGACTCTAAGGAA-1_5_1"
"65","AATCGTGCACTTCAAG-1_5_1"
"66","AATCGTGGTACAAAGT-1_5_1"
"67","AATGACCAGATAACGT-1_5_1"
"68","AATGACCCACGAGGAT-1_5_1"
"69","AATGACCTCCTAACAG-1_5_1"
"70","AATGCCACACCCATAA-1_5_1"
"71","AATGGAATCCTACACC-1_5_1"
"72","AATGGCTAGACGGTCA-1_5_1"
"73","AATGGCTAGCTAGTTC-1_5_1"
"74","AATTCCTAGATGCTTC-1_5_1"
"75","AATTCCTTCGTTCTAT-1_5_1"
"76","AATTTCCAGGTTCCGC-1_5_1"
"77","ACAAAGACATGCAGCC-1_5_1"
"78","ACAACCAAGCCTGCCA-1_5_1"
"79","ACAACCATCACTCTTA-1_5_1"
"80","ACAACCATCCCGTGTT-1_5_1"
"81","ACACCAACACATAACC-1_5_1"
"82","ACACCAATCTGGCCGA-1_5_1"
"83","ACACGCGAGAGCAAGA-1_5_1"
"84","ACACGCGAGCGTGAGT-1_5_1"
"85","ACACGCGCACCAACAT-1_5_1"
"86","ACACTGAAGCTAATCC-1_5_1"
"87","ACACTGACACTCACTC-1_5_1"
"88","ACAGCCGAGCATCAGG-1_5_1"
"89","ACAGGGAGTCAAGGCA-1_5_1"
"90","ACATCCCAGAGTGAAG-1_5_1"
"91","ACATCGACAAGTCCAT-1_5_1"
"92","ACATCGATCGGAGCAA-1_5_1"
"93","ACATCGATCTCATGGA-1_5_1"
"94","ACATTTCAGCACACCC-1_5_1"
"95","ACATTTCCAAATTGGA-1_5_1"
"96","ACATTTCCACCGGAAA-1_5_1"
"97","ACCAAACTCAATCCAG-1_5_1"
"98","ACCAACACAAGCGCAA-1_5_1"
"99","ACCACAACAATTCTCT-1_5_1"
"100","ACCACAATCATGTCTT-1_5_1"
"101","ACCCAAATCCAAGGGA-1_5_1"
"102","ACCTACCAGACGGAAA-1_5_1"
"103","ACCTACCAGATGAAGG-1_5_1"
"104","ACCTACCAGCCTCAAT-1_5_1"
"105","ACCTACCCAAAGCACG-1_5_1"
"106","ACCTACCTCCGAGGCT-1_5_1"
"107","ACCTGAACAGACCATT-1_5_1"
"108","ACCTGAACAGGCACTC-1_5_1"
"109","ACCTGAATCGCTCTCA-1_5_1"
"110","ACCTGTCCAGCGACCT-1_5_1"
"111","ACGATCAGTCGCTGCA-1_5_1"
"112","ACGATCAGTGATGGCA-1_5_1"
"113","ACGATCAGTGCCAAGA-1_5_1"
"114","ACGATCATCTCATGGA-1_5_1"
"115","ACGATGTAGTAGGCCA-1_5_1"
"116","ACGGAAGAGTTCTACG-1_5_1"
"117","ACGGAAGCACACACTA-1_5_1"
"118","ACGGAAGTCCTGTTGC-1_5_1"
"119","ACGGGTCAGAAATGGG-1_5_1"
"120","ACGGGTCCATCCTTGC-1_5_1"
"121","ACGGTCGCACCAGTAT-1_5_1"
"122","ACGGTCGGTCCAGCAC-1_5_1"
"123","ACGGTTAAGTCCTACA-1_5_1"
"124","ACGGTTACAACATCGT-1_5_1"
"125","ACGGTTAGTTTCTTAC-1_5_1"
"126","ACGTAACAGTTGTAGA-1_5_1"
"127","ACGTAACCAACCACAT-1_5_1"
"128","ACGTACAAGGAACTCG-1_5_1"
"129","ACGTACATCTACCAGA-1_5_1"
"130","ACGTCCTGTGGCCACT-1_5_1"
"131","ACGTCCTTCCATGCAA-1_5_1"
"132","ACGTTCCTCCGCGAGT-1_5_1"
"133","ACTATCTAGACATAAC-1_5_1"
"134","ACTATCTCATGATAGA-1_5_1"
"135","ACTATGGAGGAGAGGC-1_5_1"
"136","ACTATGGAGGGTCAAC-1_5_1"
"137","ACTATGGCAGCGATTT-1_5_1"
"138","ACTATGGGTCATGCAT-1_5_1"
"139","ACTATGGGTCCATACA-1_5_1"
"140","ACTATGGTCCCGTGAG-1_5_1"
"141","ACTATTCGTCTTCATT-1_5_1"
"142","ACTCCCACAACAAAGT-1_5_1"
"143","ACTCCCATCACTTTGT-1_5_1"
"144","ACTCTCGAGAACGTGC-1_5_1"
"145","ACTGATGCAGGACATG-1_5_1"
"146","ACTGATGCAGGAGGAG-1_5_1"
"147","ACTGCAACACCAACAT-1_5_1"
"148","ACTGCAACATCAGCAT-1_5_1"
"149","ACTGCAAGTACCAGAG-1_5_1"
"150","ACTGTCCAGCTAGCCC-1_5_1"
"151","ACTGTCCTCGAACCTA-1_5_1"
"152","ACTTAGGAGCAGCCCT-1_5_1"
"153","ACTTAGGAGGAACATT-1_5_1"
"154","ACTTATCGTAACTAAG-1_5_1"
"155","ACTTCCGAGGGTCTTT-1_5_1"
"156","ACTTTCACAGAGAATT-1_5_1"
"157","ACTTTCATCTGTCCCA-1_5_1"
"158","ACTTTGTAGACTCCGC-1_5_1"
"159","ACTTTGTCAATGGGTG-1_5_1"
"160","ACTTTGTGTTGTACGT-1_5_1"
"161","ACTTTGTTCCTCACTG-1_5_1"
"162","AGAAATGGTTGCATAC-1_5_1"
"163","AGAACAAAGTTTCTTC-1_5_1"
"164","AGAACAAGTTCGGCCA-1_5_1"
"165","AGAACAATCCGCGGAT-1_5_1"
"166","AGAACCTAGCTTTGTG-1_5_1"
"167","AGAACCTCATCATTTC-1_5_1"
"168","AGAAGCGCAAATGGCG-1_5_1"
"169","AGAAGCGGTACCATAC-1_5_1"
"170","AGAAGCGTCTGCTGAA-1_5_1"
"171","AGAAGTAGTCCGGACT-1_5_1"
"172","AGACAAAAGAAGTCTA-1_5_1"
"173","AGACAAAAGTCAAGCG-1_5_1"
"174","AGACAAACAGGATCTT-1_5_1"
"175","AGACACTAGGGAGTTC-1_5_1"
"176","AGACACTCAAATGCTC-1_5_1"
"177","AGACACTGTATAGGAT-1_5_1"
"178","AGACAGGGTGCCCACA-1_5_1"
"179","AGACCCGGTTTGGAGG-1_5_1"
"180","AGACTCAGTACCATAC-1_5_1"
"181","AGAGAATAGCCATTTG-1_5_1"
"182","AGAGAATAGGTTAAAC-1_5_1"
"183","AGAGAATGTGCGAACA-1_5_1"
"184","AGAGAATTCTCATTGT-1_5_1"
"185","AGAGAATTCTCGACCT-1_5_1"
"186","AGAGCAGTCACTTGGA-1_5_1"
"187","AGAGCCCCACGGGCTT-1_5_1"
"188","AGAGCCCGTATTGCCA-1_5_1"
"189","AGAGCCCTCGCAATGT-1_5_1"
"190","AGATAGAAGCGGACAT-1_5_1"
"191","AGATCCATCGTAACTG-1_5_1"
"192","AGATCGTAGGTTACAA-1_5_1"
"193","AGATCGTGTCGACTTA-1_5_1"
"194","AGATCGTGTTGAGTCT-1_5_1"
"195","AGATGAATCCACGGAC-1_5_1"
"196","AGATGCTCAAATGGAT-1_5_1"
"197","AGCATCACAGCGTTGC-1_5_1"
"198","AGCATCACATTACGGT-1_5_1"
"199","AGCATCATCATGTCTT-1_5_1"
"200","AGCCACGTCGGAGTAG-1_5_1"
"201","AGCCAGCTCTTCTGTA-1_5_1"
"202","AGCGCCAGTAACACCT-1_5_1"
"203","AGCGCTGGTCGTACAT-1_5_1"
"204","AGCGTATAGCGGTATG-1_5_1"
"205","AGCGTATGTAGTTCCA-1_5_1"
"206","AGCGTATGTTCGGTAT-1_5_1"
"207","AGCTACACATAACAGA-1_5_1"
"208","AGCTCAAAGACGACTG-1_5_1"
"209","AGCTCAAAGTATGAGT-1_5_1"
"210","AGCTCAAGTCAAAGCG-1_5_1"
"211","AGCTCAATCACACCCT-1_5_1"
"212","AGCTTCCGTAGATTGA-1_5_1"
"213","AGCTTCCGTGCTCTCT-1_5_1"
"214","AGCTTCCTCCACTAGA-1_5_1"
"215","AGGAAATGTCTTGAAC-1_5_1"
"216","AGGAATACATCTATCT-1_5_1"
"217","AGGAATAGTCACTTAG-1_5_1"
"218","AGGACTTAGCGTCAGA-1_5_1"
"219","AGGACTTGTGCAGTGA-1_5_1"
"220","AGGACTTTCACCATAG-1_5_1"
"221","AGGACTTTCCTAGCTC-1_5_1"
"222","AGGATAAAGCACTCCG-1_5_1"
"223","AGGATAACAGCAATTC-1_5_1"
"224","AGGATAACATCGATAC-1_5_1"
"225","AGGATCTTCGTTCAGA-1_5_1"
"226","AGGATCTTCTCGTTTA-1_5_1"
"227","AGGCATTGTATCGTAC-1_5_1"
"228","AGGCCACAGGACTGGT-1_5_1"
"229","AGGCCACAGTTGTAGA-1_5_1"
"230","AGGCTGCAGCTAGATA-1_5_1"
"231","AGGCTGCGTTACTCAG-1_5_1"
"232","AGGCTGCTCTTTGATC-1_5_1"
"233","AGGGAGTGTTCCCAAA-1_5_1"
"234","AGGGAGTTCCATTCGC-1_5_1"
"235","AGGGAGTTCGTCAAAC-1_5_1"
"236","AGGGCCTAGCGACCCT-1_5_1"
"237","AGGGCCTAGTATTGCC-1_5_1"
"238","AGGGCCTTCTACTGCC-1_5_1"
"239","AGGGCTCCACCCTTGT-1_5_1"
"240","AGGGCTCCAGGAATCG-1_5_1"
"241","AGGGTCCCAAGGGTCA-1_5_1"
"242","AGGGTGAGTACCAATC-1_5_1"
"243","AGGGTTTCACACACTA-1_5_1"
"244","AGGGTTTGTTCCAGGC-1_5_1"
"245","AGGTCATCAGAGGCAT-1_5_1"
"246","AGGTGTTCACCGAATT-1_5_1"
"247","AGGTTACGTCGTCTCT-1_5_1"
"248","AGGTTGTAGGCGCTTC-1_5_1"
"249","AGGTTGTTCATTCCTA-1_5_1"
"250","AGTAACCGTGAGCTCC-1_5_1"
"251","AGTAACCTCCACCCTA-1_5_1"
"252","AGTACCACAACAGCTT-1_5_1"
"253","AGTACCACAGCGGTTC-1_5_1"
"254","AGTAGCTCAGAGTGTG-1_5_1"
"255","AGTAGCTCATCGATAC-1_5_1"
"256","AGTAGCTGTTCGAAGG-1_5_1"
"257","AGTCAACGTGAAGCGT-1_5_1"
"258","AGTCAACTCTCCCTAG-1_5_1"
"259","AGTCACAGTATAGCTC-1_5_1"
"260","AGTCATGGTAACAGGC-1_5_1"
"261","AGTCATGGTGCGTGCT-1_5_1"
"262","AGTCTCCAGTTGCATC-1_5_1"
"263","AGTCTCCCATACCACA-1_5_1"
"264","AGTGACTCATGGTACT-1_5_1"
"265","AGTGACTTCTAATTCC-1_5_1"
"266","AGTGATCCATGCACTA-1_5_1"
"267","AGTGATCGTATCTTCT-1_5_1"
"268","AGTGATCTCTTGGATG-1_5_1"
"269","AGTGCCGAGAGTCTTC-1_5_1"
"270","AGTGCCGGTTGCTTGA-1_5_1"
"271","AGTGTTGCATCTCGTC-1_5_1"
"272","AGTGTTGTCCCTGTTG-1_5_1"
"273","AGTGTTGTCTCTAAGG-1_5_1"
"274","AGTGTTGTCTGTCGCT-1_5_1"
"275","AGTTAGCTCTACGGGC-1_5_1"
"276","AGTTCGAAGGTCACTT-1_5_1"
"277","ATACCGAAGAGTGACC-1_5_1"
"278","ATACCGACACCCAATA-1_5_1"
"279","ATACTTCCAGCCTATA-1_5_1"
"280","ATAGGCTCACGCCAGT-1_5_1"
"281","ATATCCTTCCGTGGTG-1_5_1"
"282","ATCACAGTCCATCCGT-1_5_1"
"283","ATCACAGTCTATACTC-1_5_1"
"284","ATCACTTCATCACAGT-1_5_1"
"285","ATCAGGTAGGAACTCG-1_5_1"
"286","ATCAGGTCACGACCTG-1_5_1"
"287","ATCAGGTCATGTTACG-1_5_1"
"288","ATCAGGTTCCAGTACA-1_5_1"
"289","ATCATTCGTACAACGG-1_5_1"
"290","ATCCACCAGGGCTGAT-1_5_1"
"291","ATCCACCAGTGCAGGT-1_5_1"
"292","ATCCACCAGTGCTCAT-1_5_1"
"293","ATCCACCCACAGAGAC-1_5_1"
"294","ATCCACCCATTCAGCA-1_5_1"
"295","ATCCACCGTACGTAGG-1_5_1"
"296","ATCCATTTCTGTCGTC-1_5_1"
"297","ATCCCTGAGTAGGGTC-1_5_1"
"298","ATCCCTGCAAACGTGG-1_5_1"
"299","ATCCCTGTCGAAGGAC-1_5_1"
"300","ATCCTATCATCGCCTT-1_5_1"
"301","ATCGCCTCACAACGAG-1_5_1"
"302","ATCGCCTGTCCATACA-1_5_1"
"303","ATCGTAGGTCTTTCAT-1_5_1"
"304","ATCGTCCAGTGATCGG-1_5_1"
"305","ATCGTCCCAAACTCTG-1_5_1"
"306","ATCGTCCGTGCGAACA-1_5_1"
"307","ATGAAAGCATTGACCA-1_5_1"
"308","ATGAAAGTCCTGGGTG-1_5_1"
"309","ATGAGTCTCAACTGGT-1_5_1"
"310","ATGAGTCTCTCCCAAC-1_5_1"
"311","ATGATCGCATGGAATA-1_5_1"
"312","ATGATCGGTCTGCAAT-1_5_1"
"313","ATGCATGTCCTAACAG-1_5_1"
"314","ATGCCTCGTTGTAGCT-1_5_1"
"315","ATGCCTCTCGACGTCG-1_5_1"
"316","ATGCGATCAACACACT-1_5_1"
"317","ATGCGATTCAAACGTC-1_5_1"
"318","ATGCGATTCTAGCCAA-1_5_1"
"319","ATGGATCTCCAACTGA-1_5_1"
"320","ATGGGAGCACTGATTG-1_5_1"
"321","ATGGTTGAGATGGTCG-1_5_1"
"322","ATGGTTGAGGGAGGTG-1_5_1"
"323","ATGGTTGCATTCACAG-1_5_1"
"324","ATGTCCCCAAACTAAG-1_5_1"
"325","ATTACCTAGCATCCTA-1_5_1"
"326","ATTACTCAGACAGTCG-1_5_1"
"327","ATTACTCCACCTATCC-1_5_1"
"328","ATTACTCCATCACCAA-1_5_1"
"329","ATTACTCGTGACACAG-1_5_1"
"330","ATTACTCTCGCATAGT-1_5_1"
"331","ATTCACTAGATGGTAT-1_5_1"
"332","ATTCACTGTAACGTTC-1_5_1"
"333","ATTCACTTCACGGGCT-1_5_1"
"334","ATTCACTTCATGCCAA-1_5_1"
"335","ATTCAGGCAGCTGTCG-1_5_1"
"336","ATTCAGGTCCATTCGC-1_5_1"
"337","ATTCCATGTGCATTAC-1_5_1"
"338","ATTCCCGTCATGAGAA-1_5_1"
"339","ATTCCCGTCGAAACAA-1_5_1"
"340","ATTCGTTCATGACAAA-1_5_1"
"341","ATTCGTTTCATTCGTT-1_5_1"
"342","ATTCTACAGGTGCATG-1_5_1"
"343","ATTCTTGCACTATCCC-1_5_1"
"344","ATTGGGTCAATCTCGA-1_5_1"
"345","ATTGGGTTCCCGAGAC-1_5_1"
"346","ATTGGGTTCGTTATCT-1_5_1"
"347","ATTGTTCTCGCAATTG-1_5_1"
"348","ATTTACCTCTTGTGCC-1_5_1"
"349","ATTTCACAGCTGAAAT-1_5_1"
"350","ATTTCACAGCTGCGAA-1_5_1"
"351","ATTTCACAGGAACATT-1_5_1"
"352","ATTTCTGTCTAGAACC-1_5_1"
"353","CAAAGAAAGTCTCCTC-1_5_1"
"354","CAAAGAATCACTCTTA-1_5_1"
"355","CAACAACAGACAACTA-1_5_1"
"356","CAACCAAAGGTGCTAG-1_5_1"
"357","CAACCAACAGGCGATA-1_5_1"
"358","CAACCAACAGGTCTCG-1_5_1"
"359","CAACCTCGTCAATGGG-1_5_1"
"360","CAACCTCTCTTGCGCT-1_5_1"
"361","CAACGATAGGTCCCGT-1_5_1"
"362","CAACGATCACAAACGG-1_5_1"
"363","CAACGGCGTTCAGGTT-1_5_1"
"364","CAAGACTCAAAGGCGT-1_5_1"
"365","CAAGAGGAGCGCTTCG-1_5_1"
"366","CAAGAGGCAGCTACCG-1_5_1"
"367","CAAGCTATCACGGGAA-1_5_1"
"368","CAAGGGAGTAAGTAGT-1_5_1"
"369","CAATACGGTGTAGCAG-1_5_1"
"370","CAATGACGTGAGTAGC-1_5_1"
"371","CAATTTCCATTCTTCA-1_5_1"
"372","CACAACAAGTCAGCCC-1_5_1"
"373","CACAACACACCGGAAA-1_5_1"
"374","CACAACATCTCTATAC-1_5_1"
"375","CACAACATCTGTGCTC-1_5_1"
"376","CACACAATCGCCAGTG-1_5_1"
"377","CACAGATCAATCCAGT-1_5_1"
"378","CACAGATGTAAGGCTG-1_5_1"
"379","CACAGATGTACCGGCT-1_5_1"
"380","CACAGATGTGGTCTCG-1_5_1"
"381","CACAGGCTCCTATTGT-1_5_1"
"382","CACATGAAGATAGTGT-1_5_1"
"383","CACATGAAGCGACTTT-1_5_1"
"384","CACATGACACTGAGGA-1_5_1"
"385","CACATGAGTCAAATCC-1_5_1"
"386","CACATGATCAATCCAG-1_5_1"
"387","CACATGATCTGGGCAC-1_5_1"
"388","CACCAAACAGATACCT-1_5_1"
"389","CACCAAACAGGGACTA-1_5_1"
"390","CACCAAATCCATGAGT-1_5_1"
"391","CACCGTTCAGCTTTCC-1_5_1"
"392","CACGAATCACAGTATC-1_5_1"
"393","CACGAATGTGACTAAA-1_5_1"
"394","CACGGGTGTCCTGAAT-1_5_1"
"395","CACGGGTTCACCATGA-1_5_1"
"396","CACGTGGCATCCGGTG-1_5_1"
"397","CACGTGGCATGGCGCT-1_5_1"
"398","CACGTTCAGTTGTAGA-1_5_1"
"399","CACGTTCGTTCTTCAT-1_5_1"
"400","CACTAAGAGGGCAATC-1_5_1"
"401","CACTAAGCACACTGGC-1_5_1"
"402","CACTAAGCAGAAGTGC-1_5_1"
"403","CACTAAGTCTTGCAAG-1_5_1"
"404","CACTGAACAATTTCCT-1_5_1"
"405","CACTGGGGTCTGTCAA-1_5_1"
"406","CACTGGGGTTCGTGCG-1_5_1"
"407","CACTGTCCACGGAAGT-1_5_1"
"408","CACTGTCGTAGGCTCC-1_5_1"
"409","CACTTCGGTCTCTCTG-1_5_1"
"410","CACTTCGGTGCACGCT-1_5_1"
"411","CACTTCGGTTTACGTG-1_5_1"
"412","CACTTCGTCTCAGAAC-1_5_1"
"413","CAGAGCCCAAGGCCTC-1_5_1"
"414","CAGAGCCTCCCGATCT-1_5_1"
"415","CAGATACGTCTTGCTC-1_5_1"
"416","CAGATCATCGCAAGAG-1_5_1"
"417","CAGATCATCGGTCTAA-1_5_1"
"418","CAGATTGTCTCCGCAT-1_5_1"
"419","CAGCAGCCACAGCCAC-1_5_1"
"420","CAGCCAGAGTTGGACG-1_5_1"
"421","CAGCCAGCATGGAAGC-1_5_1"
"422","CAGCGTGTCTATCGGA-1_5_1"
"423","CAGGCCACATACAGAA-1_5_1"
"424","CAGTGCGAGGATGCGT-1_5_1"
"425","CAGTTAGTCCGCGAGT-1_5_1"
"426","CAGTTCCTCCGTATAG-1_5_1"
"427","CATAAGCAGATGATTG-1_5_1"
"428","CATAAGCCAGAACTTC-1_5_1"
"429","CATAAGCTCACTTGGA-1_5_1"
"430","CATACAGAGAATTGTG-1_5_1"
"431","CATACAGGTTAGCTAC-1_5_1"
"432","CATACCCAGATACAGT-1_5_1"
"433","CATACTTGTCCATACA-1_5_1"
"434","CATACTTGTTGAATCC-1_5_1"
"435","CATACTTTCCGCCTAT-1_5_1"
"436","CATCAAGGTGTTAACC-1_5_1"
"437","CATCCACCAGGCGTTC-1_5_1"
"438","CATCCACGTTAGAGAT-1_5_1"
"439","CATCCCAAGACGCCAA-1_5_1"
"440","CATCCCAAGGCCTTGC-1_5_1"
"441","CATCCCATCGCTAGCG-1_5_1"
"442","CATCCGTAGCCTGTGC-1_5_1"
"443","CATCCGTAGGCTAAAT-1_5_1"
"444","CATCGCTCACTAGTAC-1_5_1"
"445","CATCGTCCATTCAGGT-1_5_1"
"446","CATGAGTCACTGTGAT-1_5_1"
"447","CATGCAAAGATCCTAC-1_5_1"
"448","CATGCAACAGGTTTAC-1_5_1"
"449","CATGCAAGTGCAATGG-1_5_1"
"450","CATGCAATCTTGATTC-1_5_1"
"451","CATGCCTCAATGTTGC-1_5_1"
"452","CATGCCTCACTGCTTC-1_5_1"
"453","CATGCCTCAGAGGTTG-1_5_1"
"454","CATGCCTCATTGTAGC-1_5_1"
"455","CATGCGGGTCTAGTGT-1_5_1"
"456","CATGCGGTCAGACCCG-1_5_1"
"457","CATGCTCAGCGTTGTT-1_5_1"
"458","CATGCTCGTCGCACGT-1_5_1"
"459","CATGGTAAGAATACAC-1_5_1"
"460","CATGGTATCCGCAAAT-1_5_1"
"461","CATTCATAGAATCGAT-1_5_1"
"462","CATTCATCAGAGTGAC-1_5_1"
"463","CATTCATTCGCCTAGG-1_5_1"
"464","CATTCCGAGACCTCAT-1_5_1"
"465","CATTCCGCACGAAAGC-1_5_1"
"466","CATTCCGCACTTGTGA-1_5_1"
"467","CATTCCGGTAGGTCAG-1_5_1"
"468","CATTGAGAGCTGTTAC-1_5_1"
"469","CATTGCCCAGTCCGTG-1_5_1"
"470","CATTGCCTCATGGTAC-1_5_1"
"471","CATTGTTGTTGGGCCT-1_5_1"
"472","CATTGTTTCTGACCCT-1_5_1"
"473","CATTTCAAGAGGGCGA-1_5_1"
"474","CATTTCAAGTCCCAGC-1_5_1"
"475","CATTTCACAAGTCGTT-1_5_1"
"476","CCAAGCGGTACAACGG-1_5_1"
"477","CCAAGCGGTTCATCGA-1_5_1"
"478","CCAATGATCGATTTCT-1_5_1"
"479","CCAATTTAGGTGCGAT-1_5_1"
"480","CCAATTTCACATTCTT-1_5_1"
"481","CCAATTTGTTATGTGC-1_5_1"
"482","CCACAAAAGAGAGCAA-1_5_1"
"483","CCACAAAAGGAGTACC-1_5_1"
"484","CCACAAACAGGCATGA-1_5_1"
"485","CCACAAACAGTTCTAG-1_5_1"
"486","CCACAAAGTTACGTAC-1_5_1"
"487","CCACACTAGGTGCTTT-1_5_1"
"488","CCACACTCAATAGGGC-1_5_1"
"489","CCACCATAGTCGAATA-1_5_1"
"490","CCACCATCAGGCGATA-1_5_1"
"491","CCACCATCATCCCACT-1_5_1"
"492","CCACCATGTTTCGGCG-1_5_1"
"493","CCACCATTCTATTCGT-1_5_1"
"494","CCACCATTCTGTCCCA-1_5_1"
"495","CCACGAGTCTGGACTA-1_5_1"
"496","CCACGTTAGGCCGCTT-1_5_1"
"497","CCACGTTCAGCGGATA-1_5_1"
"498","CCACGTTGTTAGTCGT-1_5_1"
"499","CCACTTGCAGCTACAT-1_5_1"
"500","CCACTTGTCCGCAACG-1_5_1"
"501","CCATAAGGTACTGCGC-1_5_1"
"502","CCATCACGTTAGAGTA-1_5_1"
"503","CCCAACTCACATGAAA-1_5_1"
"504","CCCATTGCATGTGGCC-1_5_1"
"505","CCCGAAGTCTAGAGCT-1_5_1"
"506","CCCGGAAAGGTGGCTA-1_5_1"
"507","CCCGGAACAGAGATTA-1_5_1"
"508","CCCGGAACAGCTCATA-1_5_1"
"509","CCCTAACTCTCAGAAC-1_5_1"
"510","CCCTCAACACCGCTAG-1_5_1"
"511","CCCTTAGAGCGGGTAT-1_5_1"
"512","CCCTTAGGTAATCAAG-1_5_1"
"513","CCCTTAGTCAATGCAC-1_5_1"
"514","CCGAACGCACTAGAGG-1_5_1"
"515","CCGAACGCAGGTCCCA-1_5_1"
"516","CCGCAAGAGAGAGGGC-1_5_1"
"517","CCGCAAGCAGGCCCTA-1_5_1"
"518","CCGGACAGTCATAGTC-1_5_1"
"519","CCGGGTAAGGAGGTTC-1_5_1"
"520","CCGGGTACACGTCTCT-1_5_1"
"521","CCGGGTATCAGACAAA-1_5_1"
"522","CCGGTAGGTGATTAGA-1_5_1"
"523","CCGGTGAAGTTGTAAG-1_5_1"
"524","CCGGTGACAAGAGCTG-1_5_1"
"525","CCGTTCATCTCGCAGG-1_5_1"
"526","CCTAACCCATCTTTCA-1_5_1"
"527","CCTAAGACACTGCACG-1_5_1"
"528","CCTAAGAGTTCTCGTC-1_5_1"
"529","CCTACGTCACCTAAAC-1_5_1"
"530","CCTACGTGTCGAGCAA-1_5_1"
"531","CCTACGTGTCTGCCTT-1_5_1"
"532","CCTATCGTCCGCTGTT-1_5_1"
"533","CCTCAACAGGCTTAAA-1_5_1"
"534","CCTCACACAAAGCAAT-1_5_1"
"535","CCTCACAGTTGGGTTT-1_5_1"
"536","CCTCACATCAGACCCG-1_5_1"
"537","CCTCACATCCCTGTTG-1_5_1"
"538","CCTCAGTAGCTGCGAA-1_5_1"
"539","CCTCATGAGCAAGCCA-1_5_1"
"540","CCTCATGCAGGTGTTT-1_5_1"
"541","CCTCATGGTCAGGAGT-1_5_1"
"542","CCTCATGGTTGGGAAC-1_5_1"
"543","CCTCCAAAGCCTCCAG-1_5_1"
"544","CCTCCAAGTGGAATGC-1_5_1"
"545","CCTCCAATCATGACAC-1_5_1"
"546","CCTCCTCAGAGTCGAC-1_5_1"
"547","CCTCCTCTCAGGCGAA-1_5_1"
"548","CCTCTAGAGATAGCAT-1_5_1"
"549","CCTCTAGCAAGGGCAT-1_5_1"
"550","CCTCTAGCACTACTTT-1_5_1"
"551","CCTCTCCTCCGCAACG-1_5_1"
"552","CCTTCAGTCTCTATAC-1_5_1"
"553","CCTTGTGGTGTCCGGT-1_5_1"
"554","CCTTGTGTCATGCAGT-1_5_1"
"555","CCTTTGGAGAAGCTGC-1_5_1"
"556","CCTTTGGGTCGCAGTC-1_5_1"
"557","CGAAGGACAACCTAAC-1_5_1"
"558","CGAAGGAGTCATATGC-1_5_1"
"559","CGAAGTTTCTAGACAC-1_5_1"
"560","CGAATTGGTACGACTT-1_5_1"
"561","CGAATTGTCTGCCTGT-1_5_1"
"562","CGACAGCGTACAGAGC-1_5_1"
"563","CGAGAAGAGATACAGT-1_5_1"
"564","CGAGGAAAGCTCGAAG-1_5_1"
"565","CGAGGAATCGGATTAC-1_5_1"
"566","CGAGGCTCATGTTACG-1_5_1"
"567","CGAGGCTCATTCAGGT-1_5_1"
"568","CGAGTGCAGTCGCGAA-1_5_1"
"569","CGAGTTAAGACGCCAA-1_5_1"
"570","CGAGTTAAGTGGTGGT-1_5_1"
"571","CGATCGGCACTCCGAG-1_5_1"
"572","CGATCGGCATCGTCCT-1_5_1"
"573","CGATGGCAGGGCCCTT-1_5_1"
"574","CGATGGCTCTGCGATA-1_5_1"
"575","CGCAGGTAGATAGTCA-1_5_1"
"576","CGCAGGTTCGGTCTGG-1_5_1"
"577","CGCATAAGTGAGTTTC-1_5_1"
"578","CGCATGGAGGTCCGAA-1_5_1"
"579","CGCATGGGTAGTACGG-1_5_1"
"580","CGCCAGACAAGTTGGG-1_5_1"
"581","CGCCAGAGTTGTTGTG-1_5_1"
"582","CGCCAGATCGAGTCCG-1_5_1"
"583","CGCCAGATCGTTACCC-1_5_1"
"584","CGCCATTAGCGAATGC-1_5_1"
"585","CGCCATTGTCCATCTC-1_5_1"
"586","CGCGTGACAGTTCCAA-1_5_1"
"587","CGGAACCCACAGTGAG-1_5_1"
"588","CGGAACCTCCCATAGA-1_5_1"
"589","CGGAATTCATATCTCT-1_5_1"
"590","CGGAATTTCACCTGGG-1_5_1"
"591","CGGACACGTGAGATCG-1_5_1"
"592","CGGACACTCCCGTGAG-1_5_1"
"593","CGGACACTCGAGAATA-1_5_1"
"594","CGGAGAACACGTACAT-1_5_1"
"595","CGGAGAATCATTTCCA-1_5_1"
"596","CGGCAGTGTCACTCGG-1_5_1"
"597","CGGGCATAGCGGACAT-1_5_1"
"598","CGGGCATCAATGTTGC-1_5_1"
"599","CGGGCATTCATTTCCA-1_5_1"
"600","CGGGTGTCAGGGTCTC-1_5_1"
"601","CGGTCAGAGTGCACAG-1_5_1"
"602","CGGTCAGGTGTATTCG-1_5_1"
"603","CGGTCAGGTTAATCGC-1_5_1"
"604","CGTAAGTAGCGTGCTC-1_5_1"
"605","CGTAATGGTACGTGTT-1_5_1"
"606","CGTAATGGTTTAGTCG-1_5_1"
"607","CGTAGTAAGGGAGAAT-1_5_1"
"608","CGTCCATGTGTACATC-1_5_1"
"609","CGTCCATGTTTCACTT-1_5_1"
"610","CGTGAATTCTCTCGAC-1_5_1"
"611","CGTGATAGTCGATTTG-1_5_1"
"612","CGTGCTTCAGTGCGCT-1_5_1"
"613","CGTGCTTTCACTCACC-1_5_1"
"614","CGTGTCTCAAAGGGCT-1_5_1"
"615","CGTGTCTCAGTTTCAG-1_5_1"
"616","CGTTAGAGTATGAAAC-1_5_1"
"617","CGTTCTGAGTTGTAAG-1_5_1"
"618","CGTTGGGCACTGTGAT-1_5_1"
"619","CTAACCCAGGTAAGTT-1_5_1"
"620","CTAACCCCAGTCTCTC-1_5_1"
"621","CTAACTTAGCGTCGAA-1_5_1"
"622","CTAACTTGTATTGACC-1_5_1"
"623","CTAAGTGCAGCACGAA-1_5_1"
"624","CTAAGTGCATCATCTT-1_5_1"
"625","CTAAGTGGTAGCTTGT-1_5_1"
"626","CTAAGTGGTTTGACAC-1_5_1"
"627","CTAAGTGTCCACTAGA-1_5_1"
"628","CTACAGATCAACTCTT-1_5_1"
"629","CTACATTGTATGCTTG-1_5_1"
"630","CTACATTTCAGATGCT-1_5_1"
"631","CTACATTTCTCGCCTA-1_5_1"
"632","CTACCCACAAATGATG-1_5_1"
"633","CTACCCACAACGGCTC-1_5_1"
"634","CTACCCATCCACAAGT-1_5_1"
"635","CTACCTGCAAACACGG-1_5_1"
"636","CTACCTGTCGCGAAGA-1_5_1"
"637","CTACGGGAGGGATGTC-1_5_1"
"638","CTACGGGTCCGATCTC-1_5_1"
"639","CTACGGGTCCGTATGA-1_5_1"
"640","CTACTATCACCCAATA-1_5_1"
"641","CTACTATTCCATATGG-1_5_1"
"642","CTAGACACATCCGCGA-1_5_1"
"643","CTATAGGAGAAGAGCA-1_5_1"
"644","CTATAGGCACTGGCGT-1_5_1"
"645","CTATCCGAGATTGAGT-1_5_1"
"646","CTATCCGAGCGCTGCT-1_5_1"
"647","CTATCTATCCGCTTAC-1_5_1"
"648","CTATCTATCGAAGCCC-1_5_1"
"649","CTCAACCGTATTAAGG-1_5_1"
"650","CTCAACCGTTACGGAG-1_5_1"
"651","CTCAAGACAGGAATCG-1_5_1"
"652","CTCAATTGTAGTGGCA-1_5_1"
"653","CTCACTGCACACCTGG-1_5_1"
"654","CTCAGAATCCGCGGAT-1_5_1"
"655","CTCAGGGAGCGCCTCA-1_5_1"
"656","CTCAGGGAGCTCTGTA-1_5_1"
"657","CTCAGTCAGCCACCGT-1_5_1"
"658","CTCATCGAGTCTGCAT-1_5_1"
"659","CTCATTAAGATGCTTC-1_5_1"
"660","CTCATTATCACCCTCA-1_5_1"
"661","CTCCAACAGACCAACG-1_5_1"
"662","CTCCAACCAAGGTCTT-1_5_1"
"663","CTCCACACACTACCGG-1_5_1"
"664","CTCCATGCAAGTGTCT-1_5_1"
"665","CTCCATGCACGTCATA-1_5_1"
"666","CTCCATGTCGCTACAA-1_5_1"
"667","CTCCATGTCTTGGAAC-1_5_1"
"668","CTCCGATAGGATTCAA-1_5_1"
"669","CTCCGATGTGTAGCAG-1_5_1"
"670","CTCCGATTCTTCCCGA-1_5_1"
"671","CTCCTTTAGACTTCCA-1_5_1"
"672","CTCCTTTCACAAATCC-1_5_1"
"673","CTCCTTTGTAGGCAAC-1_5_1"
"674","CTCGAGGGTACTGACT-1_5_1"
"675","CTCTCAGAGAGTTGTA-1_5_1"
"676","CTCTCAGCACAAATAG-1_5_1"
"677","CTCTCAGTCGCCTAGG-1_5_1"
"678","CTCTCGAAGACTCTAC-1_5_1"
"679","CTCTCGAAGCAATTCC-1_5_1"
"680","CTCTCGAGTGCTCTTC-1_5_1"
"681","CTGAATGCACTCAAGT-1_5_1"
"682","CTGAATGTCTTCGTAT-1_5_1"
"683","CTGAGGCGTACGTACT-1_5_1"
"684","CTGCAGGCACGACGCT-1_5_1"
"685","CTGCATCAGCTTTCTT-1_5_1"
"686","CTGCATCAGGAACGAA-1_5_1"
"687","CTGCCATAGTGCTACT-1_5_1"
"688","CTGCCATCATAATCGC-1_5_1"
"689","CTGCCATCATCGTTCC-1_5_1"
"690","CTGCCATGTACGCTTA-1_5_1"
"691","CTGCCTAAGAATAACC-1_5_1"
"692","CTGCGAGAGATTACCC-1_5_1"
"693","CTGCGAGAGTGATAAC-1_5_1"
"694","CTGCGAGCAAGCGATG-1_5_1"
"695","CTGCGAGGTTACACAC-1_5_1"
"696","CTGCTCATCCGAAGGA-1_5_1"
"697","CTGGACGGTCGATTAC-1_5_1"
"698","CTGGACGTCCCAGCGA-1_5_1"
"699","CTGGCAGAGAAACACT-1_5_1"
"700","CTGGCAGCAAGTACCT-1_5_1"
"701","CTGGCAGTCTCAGGCG-1_5_1"
"702","CTGGTCTAGCCATTGT-1_5_1"
"703","CTGGTCTCACAAACGG-1_5_1"
"704","CTGTACCCAGTCTTCC-1_5_1"
"705","CTGTACCCATGTGACT-1_5_1"
"706","CTGTACCGTACCAGAG-1_5_1"
"707","CTGTACCTCAGCACCG-1_5_1"
"708","CTGTAGAAGGTCACTT-1_5_1"
"709","CTGTAGAAGTTGCATC-1_5_1"
"710","CTGTAGAGTACAAACA-1_5_1"
"711","CTGTATTAGACGGTCA-1_5_1"
"712","CTGTATTAGCCTCAGC-1_5_1"
"713","CTGTATTAGGTGAGCT-1_5_1"
"714","CTGTATTGTTGCAACT-1_5_1"
"715","CTGTGAATCACGTAGT-1_5_1"
"716","CTGTGGGAGAAGCTCG-1_5_1"
"717","CTGTGGGAGCACTAGG-1_5_1"
"718","CTGTGGGTCTACTCAT-1_5_1"
"719","CTTACCGAGCAGGCAT-1_5_1"
"720","CTTAGGAAGAACCGCA-1_5_1"
"721","CTTAGGAAGTGAGGTC-1_5_1"
"722","CTTAGGACACAGAGCA-1_5_1"
"723","CTTCAATAGTATGAGT-1_5_1"
"724","CTTCAATTCGGCTGAC-1_5_1"
"725","CTTCCGAAGATGTTGA-1_5_1"
"726","CTTCCGATCTCCTGCA-1_5_1"
"727","CTTCCTTAGGGCAGAG-1_5_1"
"728","CTTCCTTCAGTCTTCC-1_5_1"
"729","CTTCCTTCATCCTTGC-1_5_1"
"730","CTTCCTTGTGCTCGTG-1_5_1"
"731","CTTCCTTTCTACCAGA-1_5_1"
"732","CTTCGGTGTCAGGTGA-1_5_1"
"733","CTTCTAAAGCGATGGT-1_5_1"
"734","CTTCTAAAGTGGACGT-1_5_1"
"735","CTTCTAACACTGCTTC-1_5_1"
"736","CTTCTAACATACAGCT-1_5_1"
"737","CTTCTAAGTCATCGGC-1_5_1"
"738","CTTCTCTAGACAGCTG-1_5_1"
"739","CTTGAGATCCCTAGGG-1_5_1"
"740","CTTGATTTCGCTGTCT-1_5_1"
"741","CTTTCAAAGGGCATGT-1_5_1"
"742","CTTTCAAGTCGTATTG-1_5_1"
"743","CTTTCAATCGCTTGAA-1_5_1"
"744","CTTTCGGTCCGTGGGT-1_5_1"
"745","GAAACCTGTACTCGAT-1_5_1"
"746","GAAATGAGTTGTCCCT-1_5_1"
"747","GAACACTAGTTCCTGA-1_5_1"
"748","GAACGTTGTGTTGATC-1_5_1"
"749","GAACGTTTCGTGGAAG-1_5_1"
"750","GAACTGTCAATGTGGG-1_5_1"
"751","GAACTGTGTGGGTCAA-1_5_1"
"752","GAACTGTTCCGGTAGC-1_5_1"
"753","GAACTGTTCTGGACCG-1_5_1"
"754","GAAGAATGTGTCACAT-1_5_1"
"755","GAAGCCCAGAGTACCG-1_5_1"
"756","GAAGCCCTCCCTCTCC-1_5_1"
"757","GAAGCCCTCCTGCTAC-1_5_1"
"758","GAAGCCCTCTAGCAAC-1_5_1"
"759","GAAGCGAGTAGCTGAG-1_5_1"
"760","GAAGGACAGCCTGGAA-1_5_1"
"761","GAAGGACCACGCTGAC-1_5_1"
"762","GAAGGACGTATTGAGA-1_5_1"
"763","GAAGGACGTTAGTTCG-1_5_1"
"764","GAAGGACTCATGCCGG-1_5_1"
"765","GAAGGGTAGTGCCCGT-1_5_1"
"766","GAAGTAAAGTCTGCGC-1_5_1"
"767","GAATAGAAGTATAGAC-1_5_1"
"768","GAATAGACATCAGCTA-1_5_1"
"769","GAATAGATCCGATGTA-1_5_1"
"770","GAATAGATCCGTTTCG-1_5_1"
"771","GAATCGTAGGTAGCCA-1_5_1"
"772","GACACGCCACCTATCC-1_5_1"
"773","GACAGCCGTGACTCGC-1_5_1"
"774","GACATCAAGTAGCAAT-1_5_1"
"775","GACATCAGTCTAACGT-1_5_1"
"776","GACATCAGTGCAAGAC-1_5_1"
"777","GACCAATGTGTCATGT-1_5_1"
"778","GACCAATGTTGCAAGG-1_5_1"
"779","GACCCAGGTTACAGCT-1_5_1"
"780","GACCCAGTCTTCCACG-1_5_1"
"781","GACCCTTCACACACGC-1_5_1"
"782","GACCCTTGTAACATGA-1_5_1"
"783","GACCCTTTCTAAGGAA-1_5_1"
"784","GACCGTGCATGGGAAC-1_5_1"
"785","GACCGTGGTCCTGAAT-1_5_1"
"786","GACCTTCCAAGACCTT-1_5_1"
"787","GACTATGTCGCTGATA-1_5_1"
"788","GACTCTCGTCGCAGTC-1_5_1"
"789","GACTCTCTCAGCCCAG-1_5_1"
"790","GACTGATGTGTGTACT-1_5_1"
"791","GACTGATTCTGCGTCT-1_5_1"
"792","GAGAAATAGGCGAAGG-1_5_1"
"793","GAGAAATCACAAAGCG-1_5_1"
"794","GAGAAATGTTGCGGCT-1_5_1"
"795","GAGACCCAGTGAGGCT-1_5_1"
"796","GAGACCCCAAGGCCTC-1_5_1"
"797","GAGACCCTCATTTGCT-1_5_1"
"798","GAGACTTGTAATTGGA-1_5_1"
"799","GAGACTTGTCGAACAG-1_5_1"
"800","GAGACTTTCGCAGTTA-1_5_1"
"801","GAGAGGTCACGACCTG-1_5_1"
"802","GAGAGGTGTATGGAAT-1_5_1"
"803","GAGATGGAGCACCTGC-1_5_1"
"804","GAGATGGTCCGACAGC-1_5_1"
"805","GAGCCTGTCCGTGACG-1_5_1"
"806","GAGGCCTAGCAACCAG-1_5_1"
"807","GAGGCCTCAAGACAAT-1_5_1"
"808","GAGGCCTCAAGATGTA-1_5_1"
"809","GAGGGATTCCCTGTTG-1_5_1"
"810","GAGGGTATCACTAGCA-1_5_1"
"811","GAGTCATCAAAGGGCT-1_5_1"
"812","GAGTCATTCCTACACC-1_5_1"
"813","GAGTCATTCGCTGTTC-1_5_1"
"814","GAGTCTAGTACCTGTA-1_5_1"
"815","GAGTCTATCATTGAGC-1_5_1"
"816","GAGTGAGCAGCCTTCT-1_5_1"
"817","GAGTGTTGTATCTCGA-1_5_1"
"818","GAGTTACAGAATTGCA-1_5_1"
"819","GAGTTACGTCATACCA-1_5_1"
"820","GAGTTGTGTCACTACA-1_5_1"
"821","GAGTTTGAGATGGGCT-1_5_1"
"822","GAGTTTGAGCACACAG-1_5_1"
"823","GAGTTTGAGCAGGTCA-1_5_1"
"824","GAGTTTGTCTCCAATT-1_5_1"
"825","GATAGCTCATATAGCC-1_5_1"
"826","GATCAGTCAGCAGGAT-1_5_1"
"827","GATCATGAGCGAGGAG-1_5_1"
"828","GATCATGAGGCATTTC-1_5_1"
"829","GATCATGTCATGTCAG-1_5_1"
"830","GATCATGTCCACCTGT-1_5_1"
"831","GATCCCTGTACATTGC-1_5_1"
"832","GATCCCTGTTACGCCG-1_5_1"
"833","GATCGTAAGCTGACTT-1_5_1"
"834","GATCGTATCCGATGTA-1_5_1"
"835","GATGACTCAAACACCT-1_5_1"
"836","GATGACTGTCAAAGTA-1_5_1"
"837","GATGACTGTCACAGAG-1_5_1"
"838","GATGAGGAGGGAGGGT-1_5_1"
"839","GATGAGGCACTGCATA-1_5_1"
"840","GATGAGGGTACGCGTC-1_5_1"
"841","GATGATCCAGGCATGA-1_5_1"
"842","GATGATCTCCCAATAG-1_5_1"
"843","GATGATCTCTACCACC-1_5_1"
"844","GATGCTACAACCGTAT-1_5_1"
"845","GATGCTACATTCACAG-1_5_1"
"846","GATGGAGCAATAACCC-1_5_1"
"847","GATGGAGGTACCTAGT-1_5_1"
"848","GATGTTGAGGACCCAA-1_5_1"
"849","GATGTTGTCCTGGGTG-1_5_1"
"850","GATTCGAAGTTGTAGA-1_5_1"
"851","GATTCGACAGAAGTGC-1_5_1"
"852","GATTCTTTCCATTCAT-1_5_1"
"853","GATTGGTAGCCTGTGC-1_5_1"
"854","GATTGGTCAATCGCGC-1_5_1"
"855","GATTTCTCACCACTGG-1_5_1"
"856","GATTTCTGTCCCAAAT-1_5_1"
"857","GATTTCTTCAATCTCT-1_5_1"
"858","GCAACATGTCTTCCGT-1_5_1"
"859","GCAACCGCAGATGCGA-1_5_1"
"860","GCAACCGCAGTCGGTC-1_5_1"
"861","GCAACCGTCTTCCGTG-1_5_1"
"862","GCACATAAGGAATCGC-1_5_1"
"863","GCACATAGTATCAGCT-1_5_1"
"864","GCACATATCACCACAA-1_5_1"
"865","GCACGGTAGACTACGG-1_5_1"
"866","GCACGGTGTAAGATTG-1_5_1"
"867","GCACGGTGTGCCGTAC-1_5_1"
"868","GCACGGTTCCTGTTGC-1_5_1"
"869","GCACGTGTCCCGAAAT-1_5_1"
"870","GCACGTGTCCCTCGTA-1_5_1"
"871","GCACGTGTCGAACCAT-1_5_1"
"872","GCACTAACACGATAGG-1_5_1"
"873","GCACTAATCCCAAGCG-1_5_1"
"874","GCAGCCAGTGTTCCAA-1_5_1"
"875","GCAGCCATCCAAGGGA-1_5_1"
"876","GCAGCCATCCACACAA-1_5_1"
"877","GCAGCTGAGCATGGGT-1_5_1"
"878","GCAGCTGAGGTGTGAC-1_5_1"
"879","GCAGCTGCATTCTTCA-1_5_1"
"880","GCAGCTGGTACTGGGA-1_5_1"
"881","GCAGCTGGTGTCGCTG-1_5_1"
"882","GCAGCTGTCCGATCGG-1_5_1"
"883","GCAGCTGTCTACCTTA-1_5_1"
"884","GCAGGCTCATGAATAG-1_5_1"
"885","GCAGTTAGTTGCCTAA-1_5_1"
"886","GCATCGGAGTAGCATA-1_5_1"
"887","GCATCGGAGTTGGAGC-1_5_1"
"888","GCATCGGCAAACCATC-1_5_1"
"889","GCATCGGGTGGCTCTG-1_5_1"
"890","GCATTAGCACACCGCA-1_5_1"
"891","GCATTAGGTCAAGCCC-1_5_1"
"892","GCCAACGCAGATACTC-1_5_1"
"893","GCCAACGGTACCCGAC-1_5_1"
"894","GCCAGCACATCCTCAC-1_5_1"
"895","GCCAGGTCACTGCATA-1_5_1"
"896","GCCAGTGAGAGAGCAA-1_5_1"
"897","GCCAGTGAGCTCGAAG-1_5_1"
"898","GCCAGTGTCGACGTCG-1_5_1"
"899","GCCATGGTCTTGAACG-1_5_1"
"900","GCCATTCCAAACACCT-1_5_1"
"901","GCCATTCGTTGGTGTT-1_5_1"
"902","GCCCAGACAATCAGCT-1_5_1"
"903","GCCCGAACAATGGCCC-1_5_1"
"904","GCCGATGTCACCTGGG-1_5_1"
"905","GCCGATGTCGTACCTC-1_5_1"
"906","GCCGTGAGTGATTAGA-1_5_1"
"907","GCCTGTTTCAGTGTTG-1_5_1"
"908","GCCTGTTTCATGGCCG-1_5_1"
"909","GCGAGAACAAATTGCC-1_5_1"
"910","GCGAGAAGTGTCATGT-1_5_1"
"911","GCGATCGGTTATTCTC-1_5_1"
"912","GCGGAAAAGTCTGGTT-1_5_1"
"913","GCGGAAAGTTGCTTGA-1_5_1"
"914","GCGGAAATCTGTCAGA-1_5_1"
"915","GCGGATCTCTGGTTGA-1_5_1"
"916","GCGTTTCCAAGTCGTT-1_5_1"
"917","GCGTTTCGTAAGTTAG-1_5_1"
"918","GCTACAAAGTTGCGCC-1_5_1"
"919","GCTACAAGTTACCTGA-1_5_1"
"920","GCTACAATCCCAATAG-1_5_1"
"921","GCTACCTAGCAGGTCA-1_5_1"
"922","GCTACCTAGCATTTCG-1_5_1"
"923","GCTACCTAGTCCCGAC-1_5_1"
"924","GCTCAAAGTGAGATAT-1_5_1"
"925","GCTGAATAGTAAGAGG-1_5_1"
"926","GCTGAATCAAACACGG-1_5_1"
"927","GCTGAATCAACAAAGT-1_5_1"
"928","GCTGCAGCAAACGAGC-1_5_1"
"929","GCTGCAGCAAGCGCAA-1_5_1"
"930","GCTGGGTTCGCGTGCA-1_5_1"
"931","GCTTCACGTATTTCGG-1_5_1"
"932","GCTTGGGGTTTCAGAC-1_5_1"
"933","GCTTGGGTCCACGGAC-1_5_1"
"934","GCTTTCGCAGCGGATA-1_5_1"
"935","GCTTTCGGTCTGGTTA-1_5_1"
"936","GGAAGTGAGGCTTAAA-1_5_1"
"937","GGAAGTGTCCATTTAC-1_5_1"
"938","GGAATCTAGAGCCCAA-1_5_1"
"939","GGAATCTTCTGAATCG-1_5_1"
"940","GGACGTCCAACAGATA-1_5_1"
"941","GGACGTCCACGAAAGC-1_5_1"
"942","GGACGTCCAGATTTCG-1_5_1"
"943","GGAGAACCATAGCACT-1_5_1"
"944","GGAGATGAGACCATTC-1_5_1"
"945","GGAGATGCAACCGACC-1_5_1"
"946","GGAGATGGTGTAAATG-1_5_1"
"947","GGAGATGGTTGAGAGC-1_5_1"
"948","GGAGCAACACTAAACC-1_5_1"
"949","GGAGGATAGGGACAGG-1_5_1"
"950","GGAGGATAGGGTAATT-1_5_1"
"951","GGAGGATAGTTTCGGT-1_5_1"
"952","GGAGGATTCTGAGATC-1_5_1"
"953","GGAGGTACACAATGTC-1_5_1"
"954","GGATCTAAGCAACCAG-1_5_1"
"955","GGATCTACACTACCGG-1_5_1"
"956","GGATCTATCGTGCTCT-1_5_1"
"957","GGATCTATCTTTCAGT-1_5_1"
"958","GGCAGTCCATAGGAGC-1_5_1"
"959","GGCGTCAAGGATACCG-1_5_1"
"960","GGCGTCAAGTTTGCTG-1_5_1"
"961","GGCGTCACAGAGCCCT-1_5_1"
"962","GGCGTCATCACTGATG-1_5_1"
"963","GGCTGTGAGCACTAAA-1_5_1"
"964","GGCTGTGCAGACGATG-1_5_1"
"965","GGCTGTGTCTAAGCGT-1_5_1"
"966","GGCTTGGAGTTGTCGT-1_5_1"
"967","GGCTTTCGTGAGTGAC-1_5_1"
"968","GGCTTTCGTGGCGCTT-1_5_1"
"969","GGCTTTCTCAACGCTA-1_5_1"
"970","GGGACAACACGCTGTG-1_5_1"
"971","GGGACAATCAGACTGT-1_5_1"
"972","GGGACCTAGTCTTGGT-1_5_1"
"973","GGGACTCAGTCGAGGT-1_5_1"
"974","GGGACTCTCGACCTAA-1_5_1"
"975","GGGAGTAAGGTAAAGG-1_5_1"
"976","GGGAGTAAGGTAGTCG-1_5_1"
"977","GGGAGTATCCGGACGT-1_5_1"
"978","GGGATCCAGGAAAGTG-1_5_1"
"979","GGGATCCAGGGAGTTC-1_5_1"
"980","GGGCCATCAGTAACAA-1_5_1"
"981","GGGCCATTCACTTCTA-1_5_1"
"982","GGGCCATTCATAGAGA-1_5_1"
"983","GGGCGTTAGGACACTG-1_5_1"
"984","GGGCGTTCAGACACAG-1_5_1"
"985","GGGCGTTTCTGCAGCG-1_5_1"
"986","GGGCTACGTAGCTGCC-1_5_1"
"987","GGGCTACTCAGACCCG-1_5_1"
"988","GGGCTCACACCAACAT-1_5_1"
"989","GGGCTCAGTAGAGCTG-1_5_1"
"990","GGGCTCAGTGACACAG-1_5_1"
"991","GGGCTCAGTGAGACGT-1_5_1"
"992","GGGCTCATCTTCCGTG-1_5_1"
"993","GGGTAGATCGTTCCCA-1_5_1"
"994","GGGTCACCAGTGTGCC-1_5_1"
"995","GGGTCTGCACCTCGTT-1_5_1"
"996","GGGTCTGCAGACGATG-1_5_1"
"997","GGGTCTGTCAGCTTGA-1_5_1"
"998","GGGTGAAAGAACAGGA-1_5_1"
"999","GGGTGAATCTCCCAAC-1_5_1"
"1000","GGGTGAATCTCGCAGG-1_5_1"
"1001","GGGTGTCGTTACCCTC-1_5_1"
"1002","GGGTTTACACTGTGTA-1_5_1"
"1003","GGTAACTAGGTACAGC-1_5_1"
"1004","GGTAACTAGGTAGATT-1_5_1"
"1005","GGTAACTAGGTCCCTG-1_5_1"
"1006","GGTAACTTCCTCACTG-1_5_1"
"1007","GGTAGAGGTGTTGACT-1_5_1"
"1008","GGTCACGCACCCAAGC-1_5_1"
"1009","GGTCACGCAGCTTCGG-1_5_1"
"1010","GGTCACGGTCGTCATA-1_5_1"
"1011","GGTCTGGCACAACCGC-1_5_1"
"1012","GGTCTGGTCTCTGCTG-1_5_1"
"1013","GGTCTGGTCTGGACCG-1_5_1"
"1014","GGTCTGGTCTGGGCGT-1_5_1"
"1015","GGTGAAGGTCTCTCTG-1_5_1"
"1016","GGTGATTAGCGACCCT-1_5_1"
"1017","GGTGATTCACGTCGGT-1_5_1"
"1018","GGTGATTGTTCGTTCC-1_5_1"
"1019","GGTGGCTTCGTAACAC-1_5_1"
"1020","GGTGTCGGTATGATCC-1_5_1"
"1021","GGTGTTACATCACAGT-1_5_1"
"1022","GGTGTTACATTGTCGA-1_5_1"
"1023","GGTGTTAGTCAGTCCG-1_5_1"
"1024","GGTTAACAGTTTGGCT-1_5_1"
"1025","GGTTAACGTCTCTCCA-1_5_1"
"1026","GGTTAACGTTAGTTCG-1_5_1"
"1027","GGTTAACTCTAATTCC-1_5_1"
"1028","GGTTGTAAGCATGATA-1_5_1"
"1029","GGTTGTAGTTTCACAG-1_5_1"
"1030","GTAACACCAATCCAGT-1_5_1"
"1031","GTAACACGTACCAATC-1_5_1"
"1032","GTAAGTCGTGGATCAG-1_5_1"
"1033","GTAATCGAGACGTCCC-1_5_1"
"1034","GTAATGCCATCTATCT-1_5_1"
"1035","GTAATGCGTTGCTAGT-1_5_1"
"1036","GTACAACAGGCCTAAG-1_5_1"
"1037","GTACAACCATCAGCTA-1_5_1"
"1038","GTACAACGTTCTCCCA-1_5_1"
"1039","GTACAGTCACAGTCGC-1_5_1"
"1040","GTACAGTTCTATTTCG-1_5_1"
"1041","GTAGAGGAGCCGTTAT-1_5_1"
"1042","GTAGAGGAGGACAACC-1_5_1"
"1043","GTAGAGGCACAGAAGC-1_5_1"
"1044","GTAGAGGTCAAGCCCG-1_5_1"
"1045","GTAGCTACAAATACAG-1_5_1"
"1046","GTAGGAGAGGTAAGGA-1_5_1"
"1047","GTAGGAGAGTGGTGGT-1_5_1"
"1048","GTAGGAGCAGAGTTGG-1_5_1"
"1049","GTAGGAGGTCAAGCGA-1_5_1"
"1050","GTAGGAGTCAGACCTA-1_5_1"
"1051","GTAGGAGTCTGGTGCG-1_5_1"
"1052","GTAGGTTCAACGCCCA-1_5_1"
"1053","GTAGGTTCACGGTCTG-1_5_1"
"1054","GTAGTACCACTTGAGT-1_5_1"
"1055","GTATTGGGTTCAAGGG-1_5_1"
"1056","GTATTGGGTTTCGTAG-1_5_1"
"1057","GTATTTCCAAGGCGTA-1_5_1"
"1058","GTCAAACAGGCGTTGA-1_5_1"
"1059","GTCAAACGTGTCTTAG-1_5_1"
"1060","GTCAAGTCAATGAACA-1_5_1"
"1061","GTCACGGAGCCTCCAG-1_5_1"
"1062","GTCACGGGTCGTTCAA-1_5_1"
"1063","GTCACTCAGGAAACGA-1_5_1"
"1064","GTCAGCGGTCCGGATC-1_5_1"
"1065","GTCATCCAGCATGTTC-1_5_1"
"1066","GTCATCCAGCCTTGAT-1_5_1"
"1067","GTCATGACACCCTCTA-1_5_1"
"1068","GTCATGAGTCAAAGAT-1_5_1"
"1069","GTCATTTCAGATCACT-1_5_1"
"1070","GTCATTTGTGTGGTCC-1_5_1"
"1071","GTCATTTTCATGAGAA-1_5_1"
"1072","GTCATTTTCGCATTAG-1_5_1"
"1073","GTCATTTTCTTCCGTG-1_5_1"
"1074","GTCCACTAGGGCAACT-1_5_1"
"1075","GTCCACTGTATGGAGC-1_5_1"
"1076","GTCCCATCAAAGCTCT-1_5_1"
"1077","GTCCTCACACCCTAAA-1_5_1"
"1078","GTCCTCATCAAGTAAG-1_5_1"
"1079","GTCGAATAGGATTACA-1_5_1"
"1080","GTCGAATCAGAAGCTG-1_5_1"
"1081","GTCGAATCAGAAGTGC-1_5_1"
"1082","GTCGCGACAATCTCGA-1_5_1"
"1083","GTCGCGACACCGTGAC-1_5_1"
"1084","GTCGTAATCGCCGATG-1_5_1"
"1085","GTCTACCGTAATGCTC-1_5_1"
"1086","GTCTACCTCCGTACGG-1_5_1"
"1087","GTCTAGACAGAGTCTT-1_5_1"
"1088","GTCTAGATCACCTCTG-1_5_1"
"1089","GTCTCACTCGATCCCT-1_5_1"
"1090","GTCTGTCTCATAGGCT-1_5_1"
"1091","GTCTTTAAGCTCGGCT-1_5_1"
"1092","GTCTTTACATTGCAAC-1_5_1"
"1093","GTCTTTATCTTGCAGA-1_5_1"
"1094","GTGACGCTCACTTTGT-1_5_1"
"1095","GTGAGCCGTTACCCAA-1_5_1"
"1096","GTGAGTTGTAATTAGG-1_5_1"
"1097","GTGATGTAGAGTCGAC-1_5_1"
"1098","GTGATGTAGCATGAAT-1_5_1"
"1099","GTGCACGCACCTTCGT-1_5_1"
"1100","GTGCAGCCACGGGTAA-1_5_1"
"1101","GTGCGTGCACGTACTA-1_5_1"
"1102","GTGCTTCAGCGACAGT-1_5_1"
"1103","GTGCTTCAGCTCCGAC-1_5_1"
"1104","GTGCTTCCAGGATCTT-1_5_1"
"1105","GTGGAAGTCCTGCCAT-1_5_1"
"1106","GTGGAGAAGAAATGGG-1_5_1"
"1107","GTGGAGAAGCCTGAAG-1_5_1"
"1108","GTGGAGAAGGCCCAAA-1_5_1"
"1109","GTGGAGAGTAAGGCTG-1_5_1"
"1110","GTGGGAAAGAGTCGAC-1_5_1"
"1111","GTGGGAAGTCTCCTGT-1_5_1"
"1112","GTGGTTAGTACATTGC-1_5_1"
"1113","GTGGTTAGTCCAAGAG-1_5_1"
"1114","GTGGTTATCCAACCAA-1_5_1"
"1115","GTGTAACTCCCTCTAG-1_5_1"
"1116","GTGTAACTCCTCTAAT-1_5_1"
"1117","GTGTGATGTTATCTTC-1_5_1"
"1118","GTGTGATGTTGGGACA-1_5_1"
"1119","GTGTGGCGTTGCCGCA-1_5_1"
"1120","GTGTTAGCACAGCCAC-1_5_1"
"1121","GTGTTCCGTTGCTCAA-1_5_1"
"1122","GTTACCCTCCGCAAAT-1_5_1"
"1123","GTTACGAAGACGTCGA-1_5_1"
"1124","GTTACGAGTTTGGAGG-1_5_1"
"1125","GTTAGACTCCGCCTAT-1_5_1"
"1126","GTTAGTGCAGCGTACC-1_5_1"
"1127","GTTAGTGTCTACGGTA-1_5_1"
"1128","GTTATGGCATGCACTA-1_5_1"
"1129","GTTCATTTCCGGTAGC-1_5_1"
"1130","GTTCCGTAGCCAGAGT-1_5_1"
"1131","GTTCCGTCAACTCATG-1_5_1"
"1132","GTTCCGTCAGGGACTA-1_5_1"
"1133","GTTCCGTGTATACAGA-1_5_1"
"1134","GTTCCGTTCACGGGAA-1_5_1"
"1135","GTTCGCTAGAAATGGG-1_5_1"
"1136","GTTCGCTCACTGGAAG-1_5_1"
"1137","GTTCTATGTACTCGAT-1_5_1"
"1138","GTTGCGGGTTACACTG-1_5_1"
"1139","GTTGCTCGTCTTGCGG-1_5_1"
"1140","GTTGTAGAGCACTAAA-1_5_1"
"1141","GTTGTAGGTCTTGAGT-1_5_1"
"1142","GTTGTAGGTTCCTAGA-1_5_1"
"1143","GTTGTAGGTTCGGTCG-1_5_1"
"1144","GTTGTCCTCAAAGGAT-1_5_1"
"1145","GTTGTCCTCTGTCCGT-1_5_1"
"1146","GTTTACTCACGGCACT-1_5_1"
"1147","GTTTACTGTAGTCGGA-1_5_1"
"1148","GTTTACTGTCTACGAT-1_5_1"
"1149","GTTTGGAAGCGCCGTT-1_5_1"
"1150","GTTTGGACACGGCGTT-1_5_1"
"1151","GTTTGGATCAAAGGAT-1_5_1"
"1152","TAACACGCATCACAGT-1_5_1"
"1153","TAACACGGTACTGCGC-1_5_1"
"1154","TAACCAGCATCATGAC-1_5_1"
"1155","TAACGACAGGGCAGGA-1_5_1"
"1156","TAACGACTCATCACCC-1_5_1"
"1157","TAACTTCAGGAGTACC-1_5_1"
"1158","TAACTTCGTTGTTGTG-1_5_1"
"1159","TAACTTCTCTATTTCG-1_5_1"
"1160","TAAGCCAAGCAGTACG-1_5_1"
"1161","TAAGCCAAGGTACAGC-1_5_1"
"1162","TAAGCCACACCCAAGC-1_5_1"
"1163","TAAGCCATCATTTGTC-1_5_1"
"1164","TAAGCCATCTTACTGT-1_5_1"
"1165","TAAGCGTGTCGTCGGT-1_5_1"
"1166","TAAGCGTTCGCAATTG-1_5_1"
"1167","TAATCTCCATACCACA-1_5_1"
"1168","TAATTCCCATTCGGGC-1_5_1"
"1169","TAATTCCGTCCTTGTC-1_5_1"
"1170","TACAACGCAGTAACGG-1_5_1"
"1171","TACAACGGTGTGAGCA-1_5_1"
"1172","TACAACGTCGCTTACC-1_5_1"
"1173","TACACCCGTGTTTACG-1_5_1"
"1174","TACAGGTCAAATGCTC-1_5_1"
"1175","TACATTCTCGCTTGAA-1_5_1"
"1176","TACCCACAGAATTGTG-1_5_1"
"1177","TACCCACAGGACATCG-1_5_1"
"1178","TACCCACTCTCGACCT-1_5_1"
"1179","TACCCGTAGGTAAGGA-1_5_1"
"1180","TACCGAAAGCCGTCGT-1_5_1"
"1181","TACCGGGGTGCGACAA-1_5_1"
"1182","TACCTCGAGATGGCGT-1_5_1"
"1183","TACCTCGCAGAAATCA-1_5_1"
"1184","TACCTGCAGCAAACAT-1_5_1"
"1185","TACCTGCCATCGCTGG-1_5_1"
"1186","TACCTGCCATGAAGCG-1_5_1"
"1187","TACCTGCGTATCGAAA-1_5_1"
"1188","TACCTGCGTTAGAAAC-1_5_1"
"1189","TACCTGCTCATGGATC-1_5_1"
"1190","TACGGGCAGAGTTGCG-1_5_1"
"1191","TACGGGCTCATTGTTC-1_5_1"
"1192","TACGGGCTCTGCTTTA-1_5_1"
"1193","TACGGTAAGTGCCGAA-1_5_1"
"1194","TACGGTATCCTCCACA-1_5_1"
"1195","TACGTCCAGCGTGTTT-1_5_1"
"1196","TACTGCCAGGTTGTTC-1_5_1"
"1197","TACTGCCGTACTCGCG-1_5_1"
"1198","TACTGCCGTTAAGGGC-1_5_1"
"1199","TACTTCATCACCTTGC-1_5_1"
"1200","TACTTGTTCAAATGAG-1_5_1"
"1201","TAGACCAGTACTAGCT-1_5_1"
"1202","TAGACTGCAGCTCGGT-1_5_1"
"1203","TAGACTGCATCATCCC-1_5_1"
"1204","TAGACTGGTCGACTGC-1_5_1"
"1205","TAGACTGGTTCTCCAC-1_5_1"
"1206","TAGACTGTCAAGGTGG-1_5_1"
"1207","TAGGAGGTCATCTATC-1_5_1"
"1208","TAGGGTTCATTGTACG-1_5_1"
"1209","TAGGGTTGTAGCTTAC-1_5_1"
"1210","TAGGGTTGTATTGAGA-1_5_1"
"1211","TAGGTACTCTTTACAC-1_5_1"
"1212","TAGGTTGCAGTGTATC-1_5_1"
"1213","TAGGTTGTCCCAAGTA-1_5_1"
"1214","TAGTGCAAGTTCTCTT-1_5_1"
"1215","TATACCTGTAGAGTTA-1_5_1"
"1216","TATACCTTCCGTGCGA-1_5_1"
"1217","TATACCTTCGGAAACG-1_5_1"
"1218","TATATCCCATTGAGCT-1_5_1"
"1219","TATATCCGTAATGCTC-1_5_1"
"1220","TATATCCGTGAACGGT-1_5_1"
"1221","TATCAGGCACGGGTAA-1_5_1"
"1222","TATCAGGCACGTACAT-1_5_1"
"1223","TATCAGGGTAATTAGG-1_5_1"
"1224","TATCGCCGTCATAACC-1_5_1"
"1225","TATCGCCTCTCTCGCA-1_5_1"
"1226","TATCTGTAGTTACGGG-1_5_1"
"1227","TATCTTGCAAACTAGA-1_5_1"
"1228","TATCTTGCAGACAATA-1_5_1"
"1229","TATCTTGCATTGAAAG-1_5_1"
"1230","TATCTTGGTGCAAGAC-1_5_1"
"1231","TATGTTCAGGAGCTGT-1_5_1"
"1232","TATGTTCCAGACAATA-1_5_1"
"1233","TATGTTCTCAATCTTC-1_5_1"
"1234","TATTCCATCGAACCAT-1_5_1"
"1235","TATTGCTAGTGAGTGC-1_5_1"
"1236","TATTGCTTCATGCATG-1_5_1"
"1237","TATTGGGAGTTGCTGT-1_5_1"
"1238","TATTGGGGTCGTCAGC-1_5_1"
"1239","TATTTCGAGAGCTGAC-1_5_1"
"1240","TATTTCGAGCGTATAA-1_5_1"
"1241","TATTTCGTCCTCACGT-1_5_1"
"1242","TCAAGACGTGAGTCAG-1_5_1"
"1243","TCAAGACGTTCGGTCG-1_5_1"
"1244","TCAATCTTCCATCACC-1_5_1"
"1245","TCAATTCAGTGGAAAG-1_5_1"
"1246","TCAATTCGTCTACACA-1_5_1"
"1247","TCAATTCGTGCATTAC-1_5_1"
"1248","TCACAAGCAAGGTCGA-1_5_1"
"1249","TCACACCCATCCGTGG-1_5_1"
"1250","TCACATTCACCCTGAG-1_5_1"
"1251","TCACATTGTTTACACG-1_5_1"
"1252","TCACGCTAGGCCCGTT-1_5_1"
"1253","TCACGCTCAGAACTAA-1_5_1"
"1254","TCACGCTGTCGAGCAA-1_5_1"
"1255","TCACGGGGTTGCGGCT-1_5_1"
"1256","TCACTATAGTTCATGC-1_5_1"
"1257","TCACTCGGTCTACTGA-1_5_1"
"1258","TCAGCAAAGCGTTGTT-1_5_1"
"1259","TCAGCAACAACTCATG-1_5_1"
"1260","TCAGCAAGTCCAGGTC-1_5_1"
"1261","TCAGCAATCAACTGGT-1_5_1"
"1262","TCAGGGCAGAGCACTG-1_5_1"
"1263","TCAGGGCTCATGCCCT-1_5_1"
"1264","TCAGGTATCACTCCGT-1_5_1"
"1265","TCAGTCCGTTGAGAGC-1_5_1"
"1266","TCAGTTTAGCCTCTCT-1_5_1"
"1267","TCAGTTTCAAATCCCA-1_5_1"
"1268","TCAGTTTGTTAACAGA-1_5_1"
"1269","TCAGTTTTCACCGACG-1_5_1"
"1270","TCATACTCAAGTGCAG-1_5_1"
"1271","TCATATCGTATCTCGA-1_5_1"
"1272","TCATATCTCTCGTGAA-1_5_1"
"1273","TCATCATCACCGTGAC-1_5_1"
"1274","TCATCCGGTTCTGACA-1_5_1"
"1275","TCATGAGAGCTCTTCC-1_5_1"
"1276","TCATGAGTCCCAGGAC-1_5_1"
"1277","TCATGCCGTCGGTGTC-1_5_1"
"1278","TCATGGACACCGCTGA-1_5_1"
"1279","TCATGTTCATCGCTCT-1_5_1"
"1280","TCATGTTGTTGAGGAC-1_5_1"
"1281","TCATGTTTCATCTGTT-1_5_1"
"1282","TCATTGTAGCTGTCCG-1_5_1"
"1283","TCATTGTGTAGCGTAG-1_5_1"
"1284","TCATTGTTCTTGAGCA-1_5_1"
"1285","TCATTTGGTCAACACT-1_5_1"
"1286","TCCACCAAGATCGCTT-1_5_1"
"1287","TCCACCACAATAACCC-1_5_1"
"1288","TCCACCACAATTTCCT-1_5_1"
"1289","TCCACCATCAGCTGAT-1_5_1"
"1290","TCCACGTAGTTACGTC-1_5_1"
"1291","TCCACGTTCAAGCCTA-1_5_1"
"1292","TCCAGAAGTGGCGTAA-1_5_1"
"1293","TCCAGAAGTTTGAACC-1_5_1"
"1294","TCCATCGAGAAGTATC-1_5_1"
"1295","TCCATCGAGCTGACTT-1_5_1"
"1296","TCCATCGCAGCACACC-1_5_1"
"1297","TCCATCGTCCCTCAAC-1_5_1"
"1298","TCCATGCAGAATCCCT-1_5_1"
"1299","TCCATGCCAGTTGAAA-1_5_1"
"1300","TCCCACAAGCATACTC-1_5_1"
"1301","TCCCACAAGTATCCTG-1_5_1"
"1302","TCCCACACACTGTCCT-1_5_1"
"1303","TCCCACACATCATTGG-1_5_1"
"1304","TCCCAGTAGATTAGCA-1_5_1"
"1305","TCCCAGTCACTACTTT-1_5_1"
"1306","TCCCAGTGTTCCGTTC-1_5_1"
"1307","TCCCATGGTTCTCCAC-1_5_1"
"1308","TCCGATCCAAGCGCAA-1_5_1"
"1309","TCCGGGAAGACCTGGA-1_5_1"
"1310","TCCGGGATCCACGTGG-1_5_1"
"1311","TCCTAATCACCACATA-1_5_1"
"1312","TCCTAATCAGGTGGAT-1_5_1"
"1313","TCCTAATGTAGACAGC-1_5_1"
"1314","TCCTCCCAGGCACTAG-1_5_1"
"1315","TCCTCCCAGTATCTGC-1_5_1"
"1316","TCCTCCCGTACAGTTC-1_5_1"
"1317","TCCTCCCGTGGGTTGA-1_5_1"
"1318","TCCTCCCGTGTCTAAC-1_5_1"
"1319","TCCTCCCGTTGGCTAT-1_5_1"
"1320","TCCTCGAAGCCTCCAG-1_5_1"
"1321","TCCTCGAAGCTGACTT-1_5_1"
"1322","TCCTCGAAGGTTACCT-1_5_1"
"1323","TCCTCGACAGCTGCCA-1_5_1"
"1324","TCCTCGATCTGCTCTG-1_5_1"
"1325","TCCTGCACACCTGCGA-1_5_1"
"1326","TCCTGCACACTGCGAC-1_5_1"
"1327","TCCTGCAGTAAGCGGT-1_5_1"
"1328","TCCTGCAGTGCACATT-1_5_1"
"1329","TCCTTCTAGGTTGACG-1_5_1"
"1330","TCCTTTCCATTGAGGG-1_5_1"
"1331","TCGAACAAGTATAACG-1_5_1"
"1332","TCGAACACATAACCCA-1_5_1"
"1333","TCGAACACATGCACTA-1_5_1"
"1334","TCGAAGTCAAGGCAAC-1_5_1"
"1335","TCGAAGTCATGGATCT-1_5_1"
"1336","TCGAAGTTCTTCGATT-1_5_1"
"1337","TCGACCTCACGAGGTA-1_5_1"
"1338","TCGACGGAGGTCACTT-1_5_1"
"1339","TCGCACTCACAGCTTA-1_5_1"
"1340","TCGCTTGAGAGAAGGT-1_5_1"
"1341","TCGCTTGCATGAATAG-1_5_1"
"1342","TCGGATACATGGTGGA-1_5_1"
"1343","TCGGGACAGCGAACTG-1_5_1"
"1344","TCGGGACCAGTTTGGT-1_5_1"
"1345","TCGGGACGTCGCATTA-1_5_1"
"1346","TCGGGACGTTACGCCG-1_5_1"
"1347","TCGGGACTCGTCGCTT-1_5_1"
"1348","TCGGGCATCGTACCTC-1_5_1"
"1349","TCGGTCTGTTGTACGT-1_5_1"
"1350","TCGGTCTTCCCTCGAT-1_5_1"
"1351","TCGTAGATCCGATGCG-1_5_1"
"1352","TCGTCCATCACTTGTT-1_5_1"
"1353","TCGTGGGGTAATTAGG-1_5_1"
"1354","TCTAACTAGGACTTCT-1_5_1"
"1355","TCTACATGTTATAGCC-1_5_1"
"1356","TCTACCGAGGCGAAGG-1_5_1"
"1357","TCTACCGAGTTGGACG-1_5_1"
"1358","TCTACCGCAACAACAA-1_5_1"
"1359","TCTACCGCACCCTAGG-1_5_1"
"1360","TCTATACCAAGTGGAC-1_5_1"
"1361","TCTATACGTTACGGAG-1_5_1"
"1362","TCTATCACACACGGAA-1_5_1"
"1363","TCTATCATCCGCGGAT-1_5_1"
"1364","TCTCACGAGGTAAGTT-1_5_1"
"1365","TCTCACGGTATGAGGC-1_5_1"
"1366","TCTCACGTCACCCTGT-1_5_1"
"1367","TCTCCGACACATGAAA-1_5_1"
"1368","TCTCCGAGTTAACCTG-1_5_1"
"1369","TCTCTGGTCGACCCAG-1_5_1"
"1370","TCTCTGGTCGGTAGAG-1_5_1"
"1371","TCTGGCTAGTAGGTTA-1_5_1"
"1372","TCTGGCTGTTGACGGA-1_5_1"
"1373","TCTGTCGAGGCTTAAA-1_5_1"
"1374","TCTGTCGAGGGTTTCT-1_5_1"
"1375","TCTGTCGGTGCGGTAA-1_5_1"
"1376","TCTGTCGTCACAGTGT-1_5_1"
"1377","TCTTAGTAGTAACGAT-1_5_1"
"1378","TCTTCCTAGTTCATGC-1_5_1"
"1379","TCTTCCTCACCCAACG-1_5_1"
"1380","TCTTGCGTCAAATGAG-1_5_1"
"1381","TCTTGCGTCACTTGGA-1_5_1"
"1382","TCTTGCGTCCGACATA-1_5_1"
"1383","TCTTGCGTCGCTATTT-1_5_1"
"1384","TCTTTGAAGGCTATCT-1_5_1"
"1385","TCTTTGACACTGCATA-1_5_1"
"1386","TCTTTGAGTTATTCCT-1_5_1"
"1387","TCTTTGATCCTAGAGT-1_5_1"
"1388","TGAACGTCACCCGTAG-1_5_1"
"1389","TGAATCGAGAGGTTAT-1_5_1"
"1390","TGAATCGCAGGATCTT-1_5_1"
"1391","TGAATCGTCTACCACC-1_5_1"
"1392","TGAATGCAGACAGCTG-1_5_1"
"1393","TGACCCTAGACCATAA-1_5_1"
"1394","TGACCCTCAGACCTGC-1_5_1"
"1395","TGACGCGCACTACCCT-1_5_1"
"1396","TGACGCGGTTCATCGA-1_5_1"
"1397","TGACTCCAGGCCTGCT-1_5_1"
"1398","TGACTCCCACTATCGA-1_5_1"
"1399","TGACTCCTCGAACGGA-1_5_1"
"1400","TGAGACTAGTGCAAAT-1_5_1"
"1401","TGAGACTCAAATCAAG-1_5_1"
"1402","TGAGACTGTCGTGGTC-1_5_1"
"1403","TGAGCATAGATCACCT-1_5_1"
"1404","TGAGCATGTACTGAGG-1_5_1"
"1405","TGAGCGCAGCATGCGA-1_5_1"
"1406","TGAGCGCGTTAAGCAA-1_5_1"
"1407","TGAGCGCTCTGCTTTA-1_5_1"
"1408","TGAGGAGGTCGCACGT-1_5_1"
"1409","TGAGGAGTCGAACTCA-1_5_1"
"1410","TGAGGTTGTCTGTTAG-1_5_1"
"1411","TGAGTCACACCTGCAG-1_5_1"
"1412","TGATCTTGTGAGCCAA-1_5_1"
"1413","TGATTTCTCCATAGGT-1_5_1"
"1414","TGATTTCTCTCCTACG-1_5_1"
"1415","TGCACGGAGTGCCTCG-1_5_1"
"1416","TGCAGATGTCGTACAT-1_5_1"
"1417","TGCAGTACACAGTCCG-1_5_1"
"1418","TGCAGTAGTTACGCCG-1_5_1"
"1419","TGCATCCGTAATTGGA-1_5_1"
"1420","TGCATCCGTTCGGTTA-1_5_1"
"1421","TGCATGACAGCATCTA-1_5_1"
"1422","TGCATGATCCACTTCG-1_5_1"
"1423","TGCGACGCAGCATCTA-1_5_1"
"1424","TGCGATACACGACGCT-1_5_1"
"1425","TGCGATACATGGGATG-1_5_1"
"1426","TGCGATATCGTGTTCC-1_5_1"
"1427","TGCGGGTAGCTATCCA-1_5_1"
"1428","TGCGGGTTCTTTCAGT-1_5_1"
"1429","TGCTCCACATAGTCGT-1_5_1"
"1430","TGCTGAAAGGTCTTTG-1_5_1"
"1431","TGCTGAACAAATAAGC-1_5_1"
"1432","TGCTGAAGTATGTCTG-1_5_1"
"1433","TGCTTCGGTGGCTGAA-1_5_1"
"1434","TGCTTGCTCGCCTTTG-1_5_1"
"1435","TGCTTGCTCTGTCAGA-1_5_1"
"1436","TGGAACTGTCGAACAG-1_5_1"
"1437","TGGAACTGTCGTATTG-1_5_1"
"1438","TGGAGAGGTTATCTTC-1_5_1"
"1439","TGGAGAGTCGCTAGCG-1_5_1"
"1440","TGGAGGAGTCTACATG-1_5_1"
"1441","TGGAGGATCTTAGGAC-1_5_1"
"1442","TGGATGTCAATTGTGC-1_5_1"
"1443","TGGATGTCACTTGAAC-1_5_1"
"1444","TGGATGTTCCTAGCTC-1_5_1"
"1445","TGGCGTGTCGTGGTAT-1_5_1"
"1446","TGGGATTAGAGGTCAC-1_5_1"
"1447","TGGGATTAGTCGCCAC-1_5_1"
"1448","TGGGATTCATTGTACG-1_5_1"
"1449","TGGGATTGTCAACCAT-1_5_1"
"1450","TGGGATTTCCTCATAT-1_5_1"
"1451","TGGGCGTTCTCGTGGG-1_5_1"
"1452","TGGGCTGAGATGGTAT-1_5_1"
"1453","TGGGCTGAGTACGAGC-1_5_1"
"1454","TGGGCTGTCAGTCTTT-1_5_1"
"1455","TGGTACACATGCAGGA-1_5_1"
"1456","TGGTACAGTGGCTCTG-1_5_1"
"1457","TGGTAGTCACCTTCGT-1_5_1"
"1458","TGGTAGTCAGTTACCA-1_5_1"
"1459","TGGTGATTCGACCAAT-1_5_1"
"1460","TGGTGATTCTCTAGGA-1_5_1"
"1461","TGTAACGCACAGCCAC-1_5_1"
"1462","TGTAACGGTTCCCAAA-1_5_1"
"1463","TGTAAGCTCGCTCCTA-1_5_1"
"1464","TGTACAGCATTGAGCT-1_5_1"
"1465","TGTAGACCACGTACAT-1_5_1"
"1466","TGTCAGACAATACGAA-1_5_1"
"1467","TGTCAGAGTTCAGCTA-1_5_1"
"1468","TGTCAGAGTTCAGGTT-1_5_1"
"1469","TGTCCACGTGACCTGC-1_5_1"
"1470","TGTCCACGTTTATGCG-1_5_1"
"1471","TGTCCCACAGGAACCA-1_5_1"
"1472","TGTCCCATCATGCTAG-1_5_1"
"1473","TGTCCTGTCTACGCAA-1_5_1"
"1474","TGTGAGTCAAACCGGA-1_5_1"
"1475","TGTGAGTCATTCAGCA-1_5_1"
"1476","TGTGAGTGTTAAAGTG-1_5_1"
"1477","TGTGATGCAGTAGAGC-1_5_1"
"1478","TGTGATGGTCTCCCTA-1_5_1"
"1479","TGTGTGAAGTGTTCCA-1_5_1"
"1480","TGTTACTCAATCGCCG-1_5_1"
"1481","TGTTACTTCAGCTTGA-1_5_1"
"1482","TGTTCATAGACATAAC-1_5_1"
"1483","TGTTCATCAGCAGGAT-1_5_1"
"1484","TGTTCATTCGAGAAAT-1_5_1"
"1485","TGTTCCGGTCTTACTT-1_5_1"
"1486","TGTTCTACACCTCAGG-1_5_1"
"1487","TGTTCTAGTGGTAATA-1_5_1"
"1488","TGTTGAGAGGGCGAGA-1_5_1"
"1489","TGTTGAGCATGACAGG-1_5_1"
"1490","TGTTGAGGTTGGTACT-1_5_1"
"1491","TGTTTGTAGTCGGGAT-1_5_1"
"1492","TTACAGGCAGTCAGCC-1_5_1"
"1493","TTACCATAGGCTGAAC-1_5_1"
"1494","TTACCATGTAGGGAGG-1_5_1"
"1495","TTACCATGTTGTCTAG-1_5_1"
"1496","TTACCATTCCTCACGT-1_5_1"
"1497","TTACCGCAGGTTGACG-1_5_1"
"1498","TTACCGCAGTGAGCCA-1_5_1"
"1499","TTACCGCCACCGTGGT-1_5_1"
"1500","TTACCGCCACTCAGAT-1_5_1"
"1501","TTACCGCGTACGATGG-1_5_1"
"1502","TTACCGCGTAGCGCCT-1_5_1"
"1503","TTACCGCGTGCCCAGT-1_5_1"
"1504","TTACGCCCAGTAACGG-1_5_1"
"1505","TTACGTTTCGGCAGTC-1_5_1"
"1506","TTACTGTAGGCCTTGC-1_5_1"
"1507","TTACTGTCACGTATAC-1_5_1"
"1508","TTACTGTTCATCGGGC-1_5_1"
"1509","TTACTGTTCCTGTTAT-1_5_1"
"1510","TTAGGCACACCGTCGA-1_5_1"
"1511","TTAGGGTAGAGGATCC-1_5_1"
"1512","TTAGGGTGTTGTGCCG-1_5_1"
"1513","TTAGTCTTCCTCTAGC-1_5_1"
"1514","TTAGTCTTCTTCGGAA-1_5_1"
"1515","TTATTGCTCCGCTGTT-1_5_1"
"1516","TTCACCGAGCAAATCA-1_5_1"
"1517","TTCACCGCAGATACCT-1_5_1"
"1518","TTCACCGCATCTGTTT-1_5_1"
"1519","TTCACCGTCTGGGCGT-1_5_1"
"1520","TTCAGGATCTATCCAT-1_5_1"
"1521","TTCATGTCATATCTCT-1_5_1"
"1522","TTCCAATAGAATTTGG-1_5_1"
"1523","TTCCAATAGCCATGCC-1_5_1"
"1524","TTCCAATGTAACACGG-1_5_1"
"1525","TTCCAATGTCGCGTCA-1_5_1"
"1526","TTCCAATGTCTCTCAC-1_5_1"
"1527","TTCCACGAGAGCTGAC-1_5_1"
"1528","TTCCACGAGCTGTGCC-1_5_1"
"1529","TTCCGGTAGACGACGT-1_5_1"
"1530","TTCCGGTAGGTACAAT-1_5_1"
"1531","TTCCGGTTCTTACTGT-1_5_1"
"1532","TTCCGTGAGCTAGTTC-1_5_1"
"1533","TTCCTCTCACCAACAT-1_5_1"
"1534","TTCCTCTCAGTTCTAG-1_5_1"
"1535","TTCCTCTCATGGACAG-1_5_1"
"1536","TTCCTCTGTTCCGCAG-1_5_1"
"1537","TTCCTCTTCGAAGGAC-1_5_1"
"1538","TTCCTTCTCTTGCGCT-1_5_1"
"1539","TTCGATTCATACAGCT-1_5_1"
"1540","TTCGCTGCAGCTACCG-1_5_1"
"1541","TTCGGTCAGCGTTAGG-1_5_1"
"1542","TTCGGTCCATCGTGGC-1_5_1"
"1543","TTCGGTCGTAGCACAG-1_5_1"
"1544","TTCGGTCGTTCTCTAT-1_5_1"
"1545","TTCTAACAGAAGCCTG-1_5_1"
"1546","TTCTAACTCTACTATC-1_5_1"
"1547","TTCTAGTGTACACGTT-1_5_1"
"1548","TTCTCTCAGGAGAGGC-1_5_1"
"1549","TTCTCTCAGTATAGAC-1_5_1"
"1550","TTCTCTCGTCCATACA-1_5_1"
"1551","TTCTGTAGTTTACACG-1_5_1"
"1552","TTCTGTATCTGGTGGC-1_5_1"
"1553","TTCTTGACATCTAGAC-1_5_1"
"1554","TTCTTGAGTTCAAGTC-1_5_1"
"1555","TTCTTGATCCCAATAG-1_5_1"
"1556","TTGAACGAGTATCCTG-1_5_1"
"1557","TTGAACGGTAGACAGC-1_5_1"
"1558","TTGAACGGTCTCTCAC-1_5_1"
"1559","TTGAACGTCTTTGCTA-1_5_1"
"1560","TTGAGTGGTACTGAGG-1_5_1"
"1561","TTGAGTGGTGAATTAG-1_5_1"
"1562","TTGATGGGTCACGACC-1_5_1"
"1563","TTGCATTAGTACTCGT-1_5_1"
"1564","TTGCCTGCATATGGCT-1_5_1"
"1565","TTGCCTGGTCTCAGAT-1_5_1"
"1566","TTGCCTGGTCTTGGTA-1_5_1"
"1567","TTGCCTGGTGCATTTG-1_5_1"
"1568","TTGCCTGTCCGCAGTG-1_5_1"
"1569","TTGCCTGTCTTCGACC-1_5_1"
"1570","TTGCGTCAGCTAAGTA-1_5_1"
"1571","TTGCTGCCACCTGCAG-1_5_1"
"1572","TTGCTGCGTCACATTG-1_5_1"
"1573","TTGCTGCGTCTCGCGA-1_5_1"
"1574","TTGGATGCAGAACGCA-1_5_1"
"1575","TTGGGATTCACTCACC-1_5_1"
"1576","TTGGGTAGTATCGAAA-1_5_1"
"1577","TTGGTTTAGTTGAAAC-1_5_1"
"1578","TTGGTTTCACGCGGTT-1_5_1"
"1579","TTGGTTTTCTTAAGGC-1_5_1"
"1580","TTGTGGAGTCGACTGC-1_5_1"
"1581","TTGTTCACACACACTA-1_5_1"
"1582","TTGTTCATCCAACCAA-1_5_1"
"1583","TTGTTTGAGCTACAAA-1_5_1"
"1584","TTGTTTGAGTCTCCTC-1_5_1"
"1585","TTTACCAAGCTAGAGC-1_5_1"
"1586","TTTACCACAGCGAGTA-1_5_1"
"1587","TTTACCATCGCATTGA-1_5_1"
"1588","TTTACGTAGTTGCTCA-1_5_1"
"1589","TTTACTGCAACGATCT-1_5_1"
"1590","TTTACTGTCTACTTCA-1_5_1"
"1591","TTTATGCAGCGATGCA-1_5_1"
"1592","TTTCACAGTACAGTAA-1_5_1"
"1593","TTTCACATCGCATGAT-1_5_1"
"1594","TTTCAGTCACGGTGCT-1_5_1"
"1595","TTTCAGTTCACCGGTG-1_5_1"
"1596","TTTCATGAGTACCCTA-1_5_1"
"1597","TTTCATGCAAAGTATG-1_5_1"
"1598","TTTCATGTCGAATCCA-1_5_1"
"1599","TTTCCTCCACACTGGC-1_5_1"
"1600","TTTCGATAGGTTCTAC-1_5_1"
"1601","TTTCGATTCTGTAACG-1_5_1"
"1602","TTTGACTCAAGCTACT-1_5_1"
"1603","TTTGATCAGAGAGCGG-1_5_1"
"1604","TTTGATCTCAGTGATC-1_5_1"
"1605","TTTGGAGCAGTTCACA-1_5_1"
"1606","TTTGGAGTCAGTCATG-1_5_1"
"1607","TTTGGTTCACGTAACT-1_5_1"
"1608","TTTGGTTGTGTAGCAG-1_5_1"
