"","x"
"1","AAACGAAAGAACGTGC-1_6_1"
"2","AAACGCTAGAGAATCT-1_6_1"
"3","AAACGCTAGCATCAGG-1_6_1"
"4","AAAGAACAGCGCCGTT-1_6_1"
"5","AAAGGATGTTGTGCCG-1_6_1"
"6","AAAGGTAGTGGCCCAT-1_6_1"
"7","AAAGTGAAGAATGTTG-1_6_1"
"8","AAAGTGAAGACTCGAG-1_6_1"
"9","AAAGTGAAGGCACGAT-1_6_1"
"10","AAAGTGAAGGTAAAGG-1_6_1"
"11","AAAGTGATCGCCTTTG-1_6_1"
"12","AAATGGAGTGCTGCAC-1_6_1"
"13","AACAAAGCATCGCCTT-1_6_1"
"14","AACAACCTCGAGTTGT-1_6_1"
"15","AACAAGAGTATCGCGC-1_6_1"
"16","AACAAGATCGTGCGAC-1_6_1"
"17","AACACACCAGAACCGA-1_6_1"
"18","AACACACTCTTTGCAT-1_6_1"
"19","AACAGGGAGAATAACC-1_6_1"
"20","AACAGGGAGGGAGGGT-1_6_1"
"21","AACAGGGCACCTAAAC-1_6_1"
"22","AACCACACAAACTCTG-1_6_1"
"23","AACCACACATCATCCC-1_6_1"
"24","AACCATGAGTGGTTGG-1_6_1"
"25","AACCATGCAAGGTACG-1_6_1"
"26","AACCCAAAGATACTGA-1_6_1"
"27","AACCCAAAGCCGCACT-1_6_1"
"28","AACCCAAAGTCTTGGT-1_6_1"
"29","AACCCAATCATCTCTA-1_6_1"
"30","AACCCAATCATTGCTT-1_6_1"
"31","AACGAAACAACTCGTA-1_6_1"
"32","AACGAAAGTTCAAAGA-1_6_1"
"33","AACGGGAGTAGGAGGG-1_6_1"
"34","AACGTCAAGATAACGT-1_6_1"
"35","AACGTCAAGTCACGAG-1_6_1"
"36","AACGTCACACTGTGAT-1_6_1"
"37","AAGACAAAGTTCCGTA-1_6_1"
"38","AAGACTCAGTCTGCGC-1_6_1"
"39","AAGATAGCATGAAGCG-1_6_1"
"40","AAGATAGGTGAACCGA-1_6_1"
"41","AAGCATCAGACCGTTT-1_6_1"
"42","AAGCATCGTACCTTCC-1_6_1"
"43","AAGCATCGTCACCGAC-1_6_1"
"44","AAGCCATCATAATGCC-1_6_1"
"45","AAGCCATGTTCAGGTT-1_6_1"
"46","AAGCGAGGTAGGACTG-1_6_1"
"47","AAGCGTTCACAAGCTT-1_6_1"
"48","AAGGTAAAGCAGATAT-1_6_1"
"49","AAGTACCCAGACACCC-1_6_1"
"50","AAGTGAAAGACAGCGT-1_6_1"
"51","AAGTGAAAGTTGCATC-1_6_1"
"52","AAGTGAACAAGCACAG-1_6_1"
"53","AAGTTCGAGTTGCCCG-1_6_1"
"54","AAGTTCGGTGCAGATG-1_6_1"
"55","AAGTTCGTCTCATGGA-1_6_1"
"56","AATAGAGAGTTATGGA-1_6_1"
"57","AATAGAGTCGTGACTA-1_6_1"
"58","AATCACGCACGAAAGC-1_6_1"
"59","AATCGACAGTAAGCAT-1_6_1"
"60","AATCGACGTTGTTTGG-1_6_1"
"61","AATGAAGCACGACGAA-1_6_1"
"62","AATGAAGTCACCCATC-1_6_1"
"63","AATGAAGTCCGATCGG-1_6_1"
"64","AATGACCCAGGTCAAG-1_6_1"
"65","AATGCCATCGTGACTA-1_6_1"
"66","AATGGAAAGCGACCCT-1_6_1"
"67","AATGGAACACGTCGTG-1_6_1"
"68","AATGGCTCAAGTGCTT-1_6_1"
"69","AATGGCTTCAGGTGTT-1_6_1"
"70","AATTCCTAGATTGATG-1_6_1"
"71","AATTTCCGTAATTAGG-1_6_1"
"72","ACAAAGAAGATGCTTC-1_6_1"
"73","ACAAAGACATGTGGTT-1_6_1"
"74","ACAAAGAGTTCGGCTG-1_6_1"
"75","ACAACCAAGGAAAGGT-1_6_1"
"76","ACAAGCTGTATCGATC-1_6_1"
"77","ACAAGCTTCCTACTGC-1_6_1"
"78","ACACAGTAGTGCGTCC-1_6_1"
"79","ACACCAACAGCGCTTG-1_6_1"
"80","ACACCAACATAAGATG-1_6_1"
"81","ACACGCGCAGAGTCAG-1_6_1"
"82","ACACTGAAGATGAACT-1_6_1"
"83","ACACTGACAAGTTCGT-1_6_1"
"84","ACACTGAGTGTTGAGG-1_6_1"
"85","ACACTGAGTTAGAGAT-1_6_1"
"86","ACAGAAAAGACTAAGT-1_6_1"
"87","ACAGCCGAGGGTTTCT-1_6_1"
"88","ACAGGGAAGGAAGTAG-1_6_1"
"89","ACAGGGAGTTCTCCTG-1_6_1"
"90","ACATCCCGTGGAAGTC-1_6_1"
"91","ACATCCCGTTCAACGT-1_6_1"
"92","ACATCGAAGTCCCAGC-1_6_1"
"93","ACATCGATCATGAAAG-1_6_1"
"94","ACATGCAGTAAGGCTG-1_6_1"
"95","ACATTTCAGGGCTAAC-1_6_1"
"96","ACATTTCCAGGGACTA-1_6_1"
"97","ACATTTCTCACGACTA-1_6_1"
"98","ACCAACACATCGATGT-1_6_1"
"99","ACCACAAGTAGTTACC-1_6_1"
"100","ACCACAAGTCCATACA-1_6_1"
"101","ACCATTTAGCAATTAG-1_6_1"
"102","ACCCAAATCCTGGGAC-1_6_1"
"103","ACCCTCAAGGTGAGCT-1_6_1"
"104","ACCTACCCAAGAGTGC-1_6_1"
"105","ACCTGAAAGCATATGA-1_6_1"
"106","ACCTGAACAGAGTTCT-1_6_1"
"107","ACCTGAACATGCGTGC-1_6_1"
"108","ACCTGAATCAAGCGTT-1_6_1"
"109","ACCTGAATCATAGACC-1_6_1"
"110","ACCTGTCGTATAGGGC-1_6_1"
"111","ACGATCAAGCAGCACA-1_6_1"
"112","ACGATGTAGGCTCCCA-1_6_1"
"113","ACGATGTCACTGCACG-1_6_1"
"114","ACGATGTGTTGGCCTG-1_6_1"
"115","ACGATGTTCCCGAGAC-1_6_1"
"116","ACGCACGTCCTTATGT-1_6_1"
"117","ACGCACGTCTGTCCGT-1_6_1"
"118","ACGGAAGTCTTGATTC-1_6_1"
"119","ACGGGTCCATGATAGA-1_6_1"
"120","ACGGTCGCATATCTCT-1_6_1"
"121","ACGGTCGCATCGTTCC-1_6_1"
"122","ACGGTCGCATTGCTTT-1_6_1"
"123","ACGGTTAAGCTAAATG-1_6_1"
"124","ACGGTTATCGGACTGC-1_6_1"
"125","ACGGTTATCTCCGATC-1_6_1"
"126","ACGTAACAGGTGGTTG-1_6_1"
"127","ACGTAACTCATCGACA-1_6_1"
"128","ACGTAACTCCACGAAT-1_6_1"
"129","ACGTCCTAGCATCGAG-1_6_1"
"130","ACGTCCTCAGCCGTTG-1_6_1"
"131","ACGTCCTGTATGAGCG-1_6_1"
"132","ACGTCCTGTGGACCTC-1_6_1"
"133","ACGTTCCAGTCGCCAC-1_6_1"
"134","ACTACGAAGGGTGAAA-1_6_1"
"135","ACTACGAGTCAATCTG-1_6_1"
"136","ACTACGATCACTGAAC-1_6_1"
"137","ACTATCTAGAGAGCAA-1_6_1"
"138","ACTATCTGTATGCTAC-1_6_1"
"139","ACTATCTGTGACGTCC-1_6_1"
"140","ACTATGGAGATGCGAC-1_6_1"
"141","ACTATGGGTTCACCGG-1_6_1"
"142","ACTATTCAGGTTGACG-1_6_1"
"143","ACTATTCCAATGGCCC-1_6_1"
"144","ACTATTCCACAGTACT-1_6_1"
"145","ACTATTCTCACTCGAA-1_6_1"
"146","ACTATTCTCTCTCTTC-1_6_1"
"147","ACTCCCATCGTCGCTT-1_6_1"
"148","ACTCTCGGTGATTAGA-1_6_1"
"149","ACTCTCGTCTGACCCT-1_6_1"
"150","ACTGATGCACTTGAGT-1_6_1"
"151","ACTGATGTCGTTTACT-1_6_1"
"152","ACTGATGTCTAGCATG-1_6_1"
"153","ACTGATGTCTCGAGTA-1_6_1"
"154","ACTGCAAAGGTTAGTA-1_6_1"
"155","ACTGCAATCCCATAAG-1_6_1"
"156","ACTGTCCGTCACAGTT-1_6_1"
"157","ACTGTCCTCCGGTAGC-1_6_1"
"158","ACTTAGGTCTGGCCGA-1_6_1"
"159","ACTTATCTCAGACAAA-1_6_1"
"160","ACTTATCTCGCTCATC-1_6_1"
"161","ACTTCCGCAGATACTC-1_6_1"
"162","ACTTCGCAGTGCTAGG-1_6_1"
"163","ACTTCGCCAACAGCCC-1_6_1"
"164","ACTTTCAGTCCTCCTA-1_6_1"
"165","ACTTTCATCCACTGAA-1_6_1"
"166","ACTTTCATCGCTTGCT-1_6_1"
"167","ACTTTCATCTGGGTCG-1_6_1"
"168","AGAACAATCCCATACC-1_6_1"
"169","AGAACCTAGGACTGGT-1_6_1"
"170","AGAACCTAGTCGTCTA-1_6_1"
"171","AGAAGCGAGAAGTCCG-1_6_1"
"172","AGAAGCGCAGTCGCTG-1_6_1"
"173","AGAAGCGTCGACGATT-1_6_1"
"174","AGAAGTACACACTTAG-1_6_1"
"175","AGAAGTAGTAAGTAGT-1_6_1"
"176","AGACAAACAGCAGTCC-1_6_1"
"177","AGACACTGTATACGGG-1_6_1"
"178","AGACAGGCAGCGAGTA-1_6_1"
"179","AGACCATCAGGTCAGA-1_6_1"
"180","AGACCATTCAAGTAAG-1_6_1"
"181","AGACCCGCACCAGGTC-1_6_1"
"182","AGACCCGCAGGATGAC-1_6_1"
"183","AGACCCGGTTCACGAT-1_6_1"
"184","AGACTCAAGACTCTTG-1_6_1"
"185","AGACTCACATGACTCA-1_6_1"
"186","AGAGAGCCACTGCTTC-1_6_1"
"187","AGAGCAGCAACCGACC-1_6_1"
"188","AGAGCAGGTGTATTCG-1_6_1"
"189","AGAGCAGTCAGGACGA-1_6_1"
"190","AGAGCCCAGCCGGAAT-1_6_1"
"191","AGAGCCCTCGCATAGT-1_6_1"
"192","AGATAGACAATAGTCC-1_6_1"
"193","AGATCCAGTGCGTCGT-1_6_1"
"194","AGATCCATCGCAAGAG-1_6_1"
"195","AGATCGTAGTTGTCAC-1_6_1"
"196","AGATGAAGTCTTGCGG-1_6_1"
"197","AGATGCTGTGATTCAC-1_6_1"
"198","AGATGCTTCATTTGGG-1_6_1"
"199","AGATGCTTCTGTCCGT-1_6_1"
"200","AGCCACGGTGAGACGT-1_6_1"
"201","AGCCACGGTGGATACG-1_6_1"
"202","AGCCAGCAGATGACAT-1_6_1"
"203","AGCCAGCGTATGAGAT-1_6_1"
"204","AGCGCCATCATTGCCC-1_6_1"
"205","AGCGCTGAGATGGCAC-1_6_1"
"206","AGCGCTGAGCAGTCTT-1_6_1"
"207","AGCGCTGCAATAAGGT-1_6_1"
"208","AGCGCTGGTGAAGCTG-1_6_1"
"209","AGCGCTGTCCAAATGC-1_6_1"
"210","AGCGCTGTCGTCACCT-1_6_1"
"211","AGCGTATGTCTTCATT-1_6_1"
"212","AGCTACATCACGATCA-1_6_1"
"213","AGCTCAACATTGCCGG-1_6_1"
"214","AGCTTCCGTTGCTTGA-1_6_1"
"215","AGGAATACAGTTACCA-1_6_1"
"216","AGGACGAAGCTTACGT-1_6_1"
"217","AGGACTTGTGACAGCA-1_6_1"
"218","AGGAGGTGTGAGACCA-1_6_1"
"219","AGGATCTGTCGAATGG-1_6_1"
"220","AGGCATTGTCGAGTTT-1_6_1"
"221","AGGCCACGTAGATTGA-1_6_1"
"222","AGGCTGCCAACGACTT-1_6_1"
"223","AGGCTGCCATGACAGG-1_6_1"
"224","AGGCTGCTCAACCTTT-1_6_1"
"225","AGGCTGCTCAAGCGTT-1_6_1"
"226","AGGGCCTAGCATGCGA-1_6_1"
"227","AGGGCTCCACCTCTAC-1_6_1"
"228","AGGGCTCCATCGATCA-1_6_1"
"229","AGGGTCCCAGGTCTCG-1_6_1"
"230","AGGGTCCTCTCCACTG-1_6_1"
"231","AGGGTGAGTCTACATG-1_6_1"
"232","AGGGTGAGTGCAACGA-1_6_1"
"233","AGGGTTTGTTCAAACC-1_6_1"
"234","AGGTCATTCTAGATCG-1_6_1"
"235","AGGTCTAGTGTATTCG-1_6_1"
"236","AGGTCTATCTGCGGGT-1_6_1"
"237","AGGTGTTCAATAGTCC-1_6_1"
"238","AGGTGTTCATTATGCG-1_6_1"
"239","AGGTGTTGTGATAGTA-1_6_1"
"240","AGGTTGTCAGTGTGGA-1_6_1"
"241","AGTACCAAGCAGTAAT-1_6_1"
"242","AGTACTGAGCTGGAGT-1_6_1"
"243","AGTACTGCAATCGCAT-1_6_1"
"244","AGTACTGCAGTAGTTC-1_6_1"
"245","AGTACTGTCACGAGGA-1_6_1"
"246","AGTAGCTTCAGTGTGT-1_6_1"
"247","AGTAGTCCAGGAATAT-1_6_1"
"248","AGTAGTCCATGCCATA-1_6_1"
"249","AGTAGTCGTCAACACT-1_6_1"
"250","AGTCAACTCGCGCCAA-1_6_1"
"251","AGTCACAGTCTAACTG-1_6_1"
"252","AGTCACATCTAAGGAA-1_6_1"
"253","AGTGACTAGGATACCG-1_6_1"
"254","AGTGATCCATACGCAT-1_6_1"
"255","AGTGCCGAGTAGTCAA-1_6_1"
"256","AGTGCCGCAAGAGTGC-1_6_1"
"257","AGTGCCGTCCACCCTA-1_6_1"
"258","AGTGTTGTCGATACGT-1_6_1"
"259","AGTGTTGTCTGAGCAT-1_6_1"
"260","AGTTCCCGTAATCAAG-1_6_1"
"261","AGTTCGAGTCGCGGTT-1_6_1"
"262","AGTTCGAGTCTTTCAT-1_6_1"
"263","ATACCGATCCCGAAAT-1_6_1"
"264","ATACCGATCCCGTAAA-1_6_1"
"265","ATACTTCAGTAGCTCT-1_6_1"
"266","ATACTTCCAGTTAGAA-1_6_1"
"267","ATAGACCTCCCGTTCA-1_6_1"
"268","ATAGAGAGTAGATCGG-1_6_1"
"269","ATAGAGATCGATGGAG-1_6_1"
"270","ATAGGCTTCTTCTCAA-1_6_1"
"271","ATATCCTCAGAGGAAA-1_6_1"
"272","ATATCCTGTGAGGAAA-1_6_1"
"273","ATCACAGAGTGGAAGA-1_6_1"
"274","ATCACAGCAGGGTTGA-1_6_1"
"275","ATCACGAAGGGTACAC-1_6_1"
"276","ATCACGAAGTGAGGCT-1_6_1"
"277","ATCACGAGTCTTGAGT-1_6_1"
"278","ATCACTTTCACTGGGC-1_6_1"
"279","ATCACTTTCGACGCGT-1_6_1"
"280","ATCAGGTAGCACTAGG-1_6_1"
"281","ATCATTCAGTAATTGG-1_6_1"
"282","ATCATTCAGTCTGGTT-1_6_1"
"283","ATCATTCTCCCGATCT-1_6_1"
"284","ATCCCTGAGGGAACAA-1_6_1"
"285","ATCCGTCAGTCATCCA-1_6_1"
"286","ATCCGTCCAGGTCAGA-1_6_1"
"287","ATCCGTCTCCCTAGGG-1_6_1"
"288","ATCCTATAGACAGCGT-1_6_1"
"289","ATCCTATTCACCTTAT-1_6_1"
"290","ATCGCCTTCAGAATAG-1_6_1"
"291","ATCGGATAGATGAATC-1_6_1"
"292","ATCGGATGTACTAACC-1_6_1"
"293","ATCGGATGTCCTTAAG-1_6_1"
"294","ATCGGATGTGAACCGA-1_6_1"
"295","ATCGGCGAGTGCGCTC-1_6_1"
"296","ATCGGCGGTAACGCGA-1_6_1"
"297","ATCGTAGAGGCCCACT-1_6_1"
"298","ATCGTCCCAGAGAATT-1_6_1"
"299","ATCGTCCGTTTAGACC-1_6_1"
"300","ATCGTCCTCAAAGCCT-1_6_1"
"301","ATCGTGAAGTGGAATT-1_6_1"
"302","ATCGTGACAGTTCACA-1_6_1"
"303","ATCGTGATCCTCGATC-1_6_1"
"304","ATCGTGATCTGAGATC-1_6_1"
"305","ATCTTCAGTTGTTTGG-1_6_1"
"306","ATCTTCATCGGCCCAA-1_6_1"
"307","ATGAAAGCAGTTTCAG-1_6_1"
"308","ATGAAAGTCCTCTGCA-1_6_1"
"309","ATGAGGGTCGAACGCC-1_6_1"
"310","ATGATCGAGCACCAGA-1_6_1"
"311","ATGATCGCAGAGGTTG-1_6_1"
"312","ATGATCGGTTCCACAA-1_6_1"
"313","ATGCCTCCAATAGTAG-1_6_1"
"314","ATGCCTCTCGGAGTGA-1_6_1"
"315","ATGCCTCTCTGGACCG-1_6_1"
"316","ATGGAGGCACTCCTGT-1_6_1"
"317","ATGGAGGTCTTTCAGT-1_6_1"
"318","ATGGATCAGAGTGGCT-1_6_1"
"319","ATGGATCAGTGAGGTC-1_6_1"
"320","ATGGATCCAATTGCAC-1_6_1"
"321","ATGGATCTCCTACGGG-1_6_1"
"322","ATGGGTTGTCTTCGAA-1_6_1"
"323","ATGTCCCAGGATTCCT-1_6_1"
"324","ATGTCCCTCGTTGTTT-1_6_1"
"325","ATGTCTTGTAGTCACT-1_6_1"
"326","ATTACCTAGTTGCCTA-1_6_1"
"327","ATTACCTCAGCGTGCT-1_6_1"
"328","ATTACCTTCGGACAAG-1_6_1"
"329","ATTACCTTCGTAACCA-1_6_1"
"330","ATTACTCAGCCTGACC-1_6_1"
"331","ATTATCCGTAAGATCA-1_6_1"
"332","ATTATCCTCGTGTCAA-1_6_1"
"333","ATTCAGGCATAGTCAC-1_6_1"
"334","ATTCAGGTCAGCGTCG-1_6_1"
"335","ATTCATCTCAGCTTGA-1_6_1"
"336","ATTCCATGTTGGAGAC-1_6_1"
"337","ATTCCCGAGGAAGTGA-1_6_1"
"338","ATTCCCGCAACTCATG-1_6_1"
"339","ATTCCCGCAGAGGACT-1_6_1"
"340","ATTCCCGCATACCACA-1_6_1"
"341","ATTCCCGTCCATTTAC-1_6_1"
"342","ATTCCCGTCTTTGGAG-1_6_1"
"343","ATTCCTAGTTGCTAGT-1_6_1"
"344","ATTCGTTCACTAGGCC-1_6_1"
"345","ATTCTACGTAGTTACC-1_6_1"
"346","ATTCTACGTCCAGTTA-1_6_1"
"347","ATTCTTGGTGACGTCC-1_6_1"
"348","ATTGTTCAGTAGTCTC-1_6_1"
"349","ATTGTTCCACCAGGTC-1_6_1"
"350","ATTTACCGTCAAGCCC-1_6_1"
"351","ATTTACCTCGACCACG-1_6_1"
"352","CAAAGAACAGCCGTTG-1_6_1"
"353","CAACAACCAAGGGTCA-1_6_1"
"354","CAACAACCAGTCACGC-1_6_1"
"355","CAACAGTCATGGAACG-1_6_1"
"356","CAACAGTGTAGCACGA-1_6_1"
"357","CAACCAAAGAATAGTC-1_6_1"
"358","CAACGGCGTGGGACAT-1_6_1"
"359","CAACGGCTCGGAAACG-1_6_1"
"360","CAACGGCTCTCATTTG-1_6_1"
"361","CAAGACTAGCGCGTTC-1_6_1"
"362","CAAGACTCATCACAGT-1_6_1"
"363","CAAGAGGTCACTCCGT-1_6_1"
"364","CAAGCTAAGACAACAT-1_6_1"
"365","CAAGCTACAATGTGGG-1_6_1"
"366","CAAGCTACAGGAGGTT-1_6_1"
"367","CAAGGGAGTGAGTAAT-1_6_1"
"368","CAATACGCACGTACAT-1_6_1"
"369","CAATCGAAGACGGATC-1_6_1"
"370","CAATCGAAGGCCACCT-1_6_1"
"371","CAATGACTCATCGCCT-1_6_1"
"372","CAATTTCCACAAACGG-1_6_1"
"373","CACAACAGTCGCTTAA-1_6_1"
"374","CACACAAAGCATGGGT-1_6_1"
"375","CACAGATAGTGTAGAT-1_6_1"
"376","CACAGATTCCCGATCT-1_6_1"
"377","CACAGGCCAGAGATGC-1_6_1"
"378","CACATGAGTGTGCCTG-1_6_1"
"379","CACATGATCATGGCCG-1_6_1"
"380","CACCAAAGTTAATCGC-1_6_1"
"381","CACGAATGTGTCGCTG-1_6_1"
"382","CACGTGGGTCTTCATT-1_6_1"
"383","CACGTGGTCTCTCTAA-1_6_1"
"384","CACGTTCGTAATGCGG-1_6_1"
"385","CACTGAACAAGGGCAT-1_6_1"
"386","CACTGGGTCGCTCTCA-1_6_1"
"387","CACTGTCAGTAACGAT-1_6_1"
"388","CACTGTCGTAAGGAGA-1_6_1"
"389","CACTGTCTCGGTGCAC-1_6_1"
"390","CACTTCGGTCACTCTC-1_6_1"
"391","CAGATACCACCAGCCA-1_6_1"
"392","CAGATCATCATCGGGC-1_6_1"
"393","CAGATTGAGCACCGAA-1_6_1"
"394","CAGATTGGTTTGGCTA-1_6_1"
"395","CAGCAATTCCACTGAA-1_6_1"
"396","CAGCACGAGATCGCCC-1_6_1"
"397","CAGCACGAGTCGTCTA-1_6_1"
"398","CAGCACGGTAGGACTG-1_6_1"
"399","CAGCACGGTGGTAACG-1_6_1"
"400","CAGCACGGTTCCTACC-1_6_1"
"401","CAGCCAGGTGCACAAG-1_6_1"
"402","CAGCCAGTCACAAGGG-1_6_1"
"403","CAGCGTGAGAGTGACC-1_6_1"
"404","CAGCGTGAGGGCAGGA-1_6_1"
"405","CAGCGTGCACAAAGTA-1_6_1"
"406","CAGCGTGTCGGTAGAG-1_6_1"
"407","CAGGCCAGTATCTCTT-1_6_1"
"408","CAGGTATCAACAACAA-1_6_1"
"409","CAGTTCCAGCGTATAA-1_6_1"
"410","CAGTTCCCACTGTGTA-1_6_1"
"411","CAGTTCCCAGTGCGCT-1_6_1"
"412","CAGTTCCGTTCCGCGA-1_6_1"
"413","CATAAGCTCTCCTGAC-1_6_1"
"414","CATACAGAGTAGTCCT-1_6_1"
"415","CATACCCCACCAGTTA-1_6_1"
"416","CATACTTCAGTTCCAA-1_6_1"
"417","CATACTTGTAACTGCT-1_6_1"
"418","CATCAAGCATGACCCG-1_6_1"
"419","CATCAAGGTCCACAGC-1_6_1"
"420","CATCCACTCGACCCAG-1_6_1"
"421","CATCCCATCGAGAAAT-1_6_1"
"422","CATCCGTAGTGAATAC-1_6_1"
"423","CATCCGTGTGACCGAA-1_6_1"
"424","CATCGCTAGACCAACG-1_6_1"
"425","CATCGCTAGAGTTGCG-1_6_1"
"426","CATCGCTGTTCCGCAG-1_6_1"
"427","CATCGCTGTTGCCTAA-1_6_1"
"428","CATCGCTGTTGCTCAA-1_6_1"
"429","CATCGCTTCCTGGGAC-1_6_1"
"430","CATCGGGGTGATGGCA-1_6_1"
"431","CATCGTCAGAGGCCAT-1_6_1"
"432","CATGAGTTCGTGGGTC-1_6_1"
"433","CATGCAACATCTCGTC-1_6_1"
"434","CATGCCTTCGAACACT-1_6_1"
"435","CATGCGGCAAAGGGCT-1_6_1"
"436","CATGCTCTCTGCATGA-1_6_1"
"437","CATGGATCAGAGTTGG-1_6_1"
"438","CATGGTATCTACGCAA-1_6_1"
"439","CATTCATTCTGTTCAT-1_6_1"
"440","CATTCCGAGCTTAGTC-1_6_1"
"441","CATTCCGAGGTCGAGT-1_6_1"
"442","CATTCCGCAGAGGGTT-1_6_1"
"443","CATTCTAAGTGTTGAA-1_6_1"
"444","CATTCTACATCTAACG-1_6_1"
"445","CATTGAGAGCACTCCG-1_6_1"
"446","CATTGCCAGAGGATCC-1_6_1"
"447","CATTGCCCAATAACGA-1_6_1"
"448","CATTGTTAGAGAGAAC-1_6_1"
"449","CATTGTTGTCTACGTA-1_6_1"
"450","CATTTCAAGGGCGAGA-1_6_1"
"451","CATTTCACAGCTACTA-1_6_1"
"452","CATTTCACATCTGGGC-1_6_1"
"453","CCAAGCGGTATGAGAT-1_6_1"
"454","CCAATGAAGAGCACTG-1_6_1"
"455","CCAATTTAGAGCTTTC-1_6_1"
"456","CCAATTTAGATACAGT-1_6_1"
"457","CCACAAACATGACTGT-1_6_1"
"458","CCACAAAGTATAGCTC-1_6_1"
"459","CCACAAAGTATTGACC-1_6_1"
"460","CCACACTAGAATTCAG-1_6_1"
"461","CCACACTAGAGACAAG-1_6_1"
"462","CCACACTGTAACAAGT-1_6_1"
"463","CCACCATCAATGTCTG-1_6_1"
"464","CCACGTTAGAGCAAGA-1_6_1"
"465","CCACGTTCAGTCAGCC-1_6_1"
"466","CCACGTTGTGAGATTA-1_6_1"
"467","CCACGTTGTGGCTGAA-1_6_1"
"468","CCACTTGGTGGTCCGT-1_6_1"
"469","CCACTTGGTTAAACAG-1_6_1"
"470","CCATAAGGTCTGCGCA-1_6_1"
"471","CCATAAGGTTTGGGTT-1_6_1"
"472","CCATAAGTCCTCACGT-1_6_1"
"473","CCATCACAGCTTTGTG-1_6_1"
"474","CCATCACCACCAATTG-1_6_1"
"475","CCCAACTAGGAGAATG-1_6_1"
"476","CCCAACTAGTACTCGT-1_6_1"
"477","CCCAACTTCATTACCT-1_6_1"
"478","CCCATTGAGGCCACCT-1_6_1"
"479","CCCATTGTCTCCAAGA-1_6_1"
"480","CCCGAAGCAAATACAG-1_6_1"
"481","CCCGGAAAGCAGGGAG-1_6_1"
"482","CCCGGAACACACGCCA-1_6_1"
"483","CCCTCAACAAAGGATT-1_6_1"
"484","CCCTCTCCAGGACTAG-1_6_1"
"485","CCCTCTCGTTGTTGTG-1_6_1"
"486","CCCTGATGTATCGCAT-1_6_1"
"487","CCCTTAGCATGACCCG-1_6_1"
"488","CCCTTAGGTTTCAGAC-1_6_1"
"489","CCGAACGCACGCTATA-1_6_1"
"490","CCGAACGGTGTCTAAC-1_6_1"
"491","CCGAACGTCTAATTCC-1_6_1"
"492","CCGATCTCACGACAGA-1_6_1"
"493","CCGATCTCACTCTGCT-1_6_1"
"494","CCGATCTGTACGTAGG-1_6_1"
"495","CCGATGGTCCCTTTGG-1_6_1"
"496","CCGGACAGTGCTCTCT-1_6_1"
"497","CCGGTAGCACTACTTT-1_6_1"
"498","CCGGTAGGTATCGATC-1_6_1"
"499","CCGGTAGTCAAGAGTA-1_6_1"
"500","CCGGTGATCTGCTTAT-1_6_1"
"501","CCGTGAGAGCAATTCC-1_6_1"
"502","CCTAACCCACCTGTCT-1_6_1"
"503","CCTATCGAGCTGGCTC-1_6_1"
"504","CCTATCGAGTTGCCTA-1_6_1"
"505","CCTCAACGTGACAGGT-1_6_1"
"506","CCTCAACTCACCTCTG-1_6_1"
"507","CCTCACACACGGCTAC-1_6_1"
"508","CCTCACACACTGAGGA-1_6_1"
"509","CCTCAGTAGGCCCGTT-1_6_1"
"510","CCTCAGTCATAAGATG-1_6_1"
"511","CCTCATGTCACCTCTG-1_6_1"
"512","CCTCCAACACGGTGTC-1_6_1"
"513","CCTCCTCAGATAGCAT-1_6_1"
"514","CCTCCTCAGCCTGAGA-1_6_1"
"515","CCTCTAGAGATCGACG-1_6_1"
"516","CCTCTAGAGGTTCAGG-1_6_1"
"517","CCTCTCCAGTGCTAGG-1_6_1"
"518","CCTGTTGCACCCTAAA-1_6_1"
"519","CCTGTTGTCAAGTAAG-1_6_1"
"520","CCTTCAGTCCTTCAGC-1_6_1"
"521","CCTTGTGGTTCTCTAT-1_6_1"
"522","CCTTGTGTCCGTGCGA-1_6_1"
"523","CGAAGGAAGCTCAGAG-1_6_1"
"524","CGAAGGATCGGACAAG-1_6_1"
"525","CGAATTGAGGCGCTCT-1_6_1"
"526","CGAATTGAGTAGCAAT-1_6_1"
"527","CGAATTGGTGCAAGAC-1_6_1"
"528","CGAATTGGTTAAGCAA-1_6_1"
"529","CGAATTGTCCACTTCG-1_6_1"
"530","CGAATTGTCCTAAACG-1_6_1"
"531","CGAGAAGGTCAGGTGA-1_6_1"
"532","CGAGGAAAGTTTCGAC-1_6_1"
"533","CGAGGAAGTCGTCGGT-1_6_1"
"534","CGAGGCTTCCTACACC-1_6_1"
"535","CGAGGCTTCGGTGTTA-1_6_1"
"536","CGAGTGCTCAAGATAG-1_6_1"
"537","CGAGTTAGTTAGGGTG-1_6_1"
"538","CGAGTTAGTTCGTAAC-1_6_1"
"539","CGAGTTATCACCTTAT-1_6_1"
"540","CGATCGGAGAAACCAT-1_6_1"
"541","CGATGCGAGGATACGC-1_6_1"
"542","CGATGCGCAGTTAGAA-1_6_1"
"543","CGATGGCAGCAGCAGT-1_6_1"
"544","CGATGGCAGGCGTCCT-1_6_1"
"545","CGATGGCGTCATATGC-1_6_1"
"546","CGCATAACAACGCATT-1_6_1"
"547","CGCATAACAACGGTAG-1_6_1"
"548","CGCATGGCAACGAGGT-1_6_1"
"549","CGCCAGAAGACGACGT-1_6_1"
"550","CGCCAGAGTGGTATGG-1_6_1"
"551","CGCCAGATCCTGTACC-1_6_1"
"552","CGCCATTAGGCTCCCA-1_6_1"
"553","CGGAACCGTTAAGTCC-1_6_1"
"554","CGGAATTCATTGACAC-1_6_1"
"555","CGGAATTTCCATTTCA-1_6_1"
"556","CGGACACCAGTTTCAG-1_6_1"
"557","CGGAGAAAGTGGTGAC-1_6_1"
"558","CGGGACTGTATACCCA-1_6_1"
"559","CGGGACTGTTACACAC-1_6_1"
"560","CGGGCATCAAGGTCTT-1_6_1"
"561","CGGGTCATCGAACGCC-1_6_1"
"562","CGGTCAGCAAAGGAGA-1_6_1"
"563","CGTAAGTAGTTGGAAT-1_6_1"
"564","CGTAAGTGTTGACGGA-1_6_1"
"565","CGTAAGTTCAGCAATC-1_6_1"
"566","CGTAAGTTCCCTAGGG-1_6_1"
"567","CGTAGTATCATTCATC-1_6_1"
"568","CGTCAAACACTAGTAC-1_6_1"
"569","CGTCAAACAGCGACAA-1_6_1"
"570","CGTCAAAGTGAGACGT-1_6_1"
"571","CGTCAAATCGGAGATG-1_6_1"
"572","CGTCAAATCTTAGTTC-1_6_1"
"573","CGTCCATGTCTCAAGT-1_6_1"
"574","CGTCCATTCTTCCACG-1_6_1"
"575","CGTGAATCACTCCCTA-1_6_1"
"576","CGTGAATGTCGAGATG-1_6_1"
"577","CGTGCTTAGGACAGTC-1_6_1"
"578","CGTGCTTGTGTGTGTT-1_6_1"
"579","CGTGTCTAGAACCGCA-1_6_1"
"580","CGTTCTGCAACAAGAT-1_6_1"
"581","CGTTCTGCAAGACGAC-1_6_1"
"582","CTAACCCTCCGAAATC-1_6_1"
"583","CTAACTTGTACCCACG-1_6_1"
"584","CTAAGTGAGGTGCTGA-1_6_1"
"585","CTAAGTGCAAGAATGT-1_6_1"
"586","CTACAGATCATGGATC-1_6_1"
"587","CTACATTGTAGATCCT-1_6_1"
"588","CTACATTGTCTCAGGC-1_6_1"
"589","CTACCCAGTCCACACG-1_6_1"
"590","CTACCCATCACCTGGG-1_6_1"
"591","CTACCTGAGGCATCTT-1_6_1"
"592","CTACCTGCACCGGAAA-1_6_1"
"593","CTACCTGGTGTGTCCG-1_6_1"
"594","CTACCTGTCAGTGGGA-1_6_1"
"595","CTACGGGAGAAGGCTC-1_6_1"
"596","CTACGGGAGTCGCTAT-1_6_1"
"597","CTACTATCACGCAGTC-1_6_1"
"598","CTAGACACACCACTGG-1_6_1"
"599","CTAGACACACGGGCTT-1_6_1"
"600","CTAGACAGTCATATGC-1_6_1"
"601","CTAGGTAAGAAGCCAC-1_6_1"
"602","CTAGGTACACTACCGG-1_6_1"
"603","CTATAGGTCTCAGAAC-1_6_1"
"604","CTCAAGAGTCCCGTGA-1_6_1"
"605","CTCAATTAGTATGAAC-1_6_1"
"606","CTCAATTCACAAGCTT-1_6_1"
"607","CTCAATTTCTTCCCGA-1_6_1"
"608","CTCACTGAGTCAGAGC-1_6_1"
"609","CTCACTGCAACACGAG-1_6_1"
"610","CTCACTGTCACGGAGA-1_6_1"
"611","CTCACTGTCTTAGCTT-1_6_1"
"612","CTCAGAACAAGCACCC-1_6_1"
"613","CTCAGAAGTACCCGCA-1_6_1"
"614","CTCAGGGAGTGGTCAG-1_6_1"
"615","CTCAGGGCAACTGCTA-1_6_1"
"616","CTCAGGGGTTAAACCC-1_6_1"
"617","CTCAGTCAGAGCTTTC-1_6_1"
"618","CTCAGTCAGTTGAAAC-1_6_1"
"619","CTCATCGGTGGCAACA-1_6_1"
"620","CTCATGCAGCCGATAG-1_6_1"
"621","CTCATGCGTCGTTGGC-1_6_1"
"622","CTCATGCTCTCACTCG-1_6_1"
"623","CTCATTACACATTCTT-1_6_1"
"624","CTCATTAGTGAGCGAT-1_6_1"
"625","CTCCACACAAGCTGCC-1_6_1"
"626","CTCCACACAATAGTAG-1_6_1"
"627","CTCCACACACCATTCC-1_6_1"
"628","CTCCACAGTAGAATAC-1_6_1"
"629","CTCCACATCAATCCAG-1_6_1"
"630","CTCCACATCAGCTGTA-1_6_1"
"631","CTCCATGAGCACTAAA-1_6_1"
"632","CTCCCAACATGGGTCC-1_6_1"
"633","CTCCCAATCGTGTTCC-1_6_1"
"634","CTCCCTCCATGATGCT-1_6_1"
"635","CTCCGATAGGTGAGCT-1_6_1"
"636","CTCCGATCAACCCTAA-1_6_1"
"637","CTCCGATCACTCAGAT-1_6_1"
"638","CTCCTCCCAATGAACA-1_6_1"
"639","CTCCTCCGTGACAGCA-1_6_1"
"640","CTCCTTTAGAAGAGCA-1_6_1"
"641","CTCCTTTCAGTCCGTG-1_6_1"
"642","CTCGAGGAGAATCTAG-1_6_1"
"643","CTCGAGGGTTATTCTC-1_6_1"
"644","CTCTCAGAGGGTTAAT-1_6_1"
"645","CTCTCAGCACACGGAA-1_6_1"
"646","CTCTCAGCATGACCCG-1_6_1"
"647","CTCTCAGGTCGCATCG-1_6_1"
"648","CTCTCGACAGAGCCCT-1_6_1"
"649","CTCTCGAGTCAAGCGA-1_6_1"
"650","CTCTCGAGTCCAGCCA-1_6_1"
"651","CTCTGGTAGCATGGGT-1_6_1"
"652","CTGAGCGCAATGGCAG-1_6_1"
"653","CTGAGCGGTGCTCGTG-1_6_1"
"654","CTGAGCGGTGTTGACT-1_6_1"
"655","CTGAGGCGTGTGCCTG-1_6_1"
"656","CTGAGGCTCGCCGTGA-1_6_1"
"657","CTGATCCGTGATCATC-1_6_1"
"658","CTGATCCGTGCAGTGA-1_6_1"
"659","CTGATCCTCAATCTCT-1_6_1"
"660","CTGATCCTCTATTCGT-1_6_1"
"661","CTGCAGGAGCCATTTG-1_6_1"
"662","CTGCAGGTCAGTGCGC-1_6_1"
"663","CTGCCTACAAAGGGCT-1_6_1"
"664","CTGCGAGAGGTCTGGA-1_6_1"
"665","CTGCGAGCACGACGTC-1_6_1"
"666","CTGCGAGTCACCCATC-1_6_1"
"667","CTGCTCAGTGTCTTCC-1_6_1"
"668","CTGCTCATCTCAACCC-1_6_1"
"669","CTGGACGAGACCGTTT-1_6_1"
"670","CTGGACGAGTGCACAG-1_6_1"
"671","CTGGACGCAGCCCAGT-1_6_1"
"672","CTGGCAGAGGTTCTAC-1_6_1"
"673","CTGGCAGCAGTGACCC-1_6_1"
"674","CTGGTCTTCCTGGCTT-1_6_1"
"675","CTGTAGAGTTAAACAG-1_6_1"
"676","CTGTATTAGAGTTCGG-1_6_1"
"677","CTGTATTCAAAGAGTT-1_6_1"
"678","CTGTATTCAATCCAGT-1_6_1"
"679","CTGTATTCATTCTTCA-1_6_1"
"680","CTGTATTGTCCTTTGC-1_6_1"
"681","CTGTATTGTCGAACGA-1_6_1"
"682","CTGTATTTCGTCGACG-1_6_1"
"683","CTGTCGTAGTGTAGAT-1_6_1"
"684","CTGTCGTGTCCGACGT-1_6_1"
"685","CTGTCGTTCCGATAGT-1_6_1"
"686","CTGTGAAAGGCGACAT-1_6_1"
"687","CTGTGAACAGCGAACA-1_6_1"
"688","CTGTGAACATCTTAGG-1_6_1"
"689","CTTACCGCACATATGC-1_6_1"
"690","CTTAGGAGTGGCCACT-1_6_1"
"691","CTTAGGAGTTGTCATG-1_6_1"
"692","CTTAGGATCAATCTCT-1_6_1"
"693","CTTCAATAGTCCGCCA-1_6_1"
"694","CTTCAATCAATGACCT-1_6_1"
"695","CTTCAATGTCAACCTA-1_6_1"
"696","CTTCAATTCGACACCG-1_6_1"
"697","CTTCCGATCTTGAGCA-1_6_1"
"698","CTTCCTTCACTACACA-1_6_1"
"699","CTTCGGTGTCTTCGAA-1_6_1"
"700","CTTCTAACATTGACAC-1_6_1"
"701","CTTCTAATCGGCTTCT-1_6_1"
"702","CTTCTAATCTTAGCCC-1_6_1"
"703","CTTCTCTCACTTCAGA-1_6_1"
"704","CTTGAGAGTAGTCGTT-1_6_1"
"705","CTTGATTCAGAACGCA-1_6_1"
"706","CTTGATTGTTAACCTG-1_6_1"
"707","CTTGATTTCTATTTCG-1_6_1"
"708","CTTGATTTCTTACTGT-1_6_1"
"709","CTTTCGGAGGAAGTGA-1_6_1"
"710","CTTTCGGAGGGTACGT-1_6_1"
"711","GAAACCTCAACTCCAA-1_6_1"
"712","GAAACCTCAGTTGCGC-1_6_1"
"713","GAACACTAGTACTGTC-1_6_1"
"714","GAACACTCATGGGCAA-1_6_1"
"715","GAACACTGTACACGTT-1_6_1"
"716","GAACGTTAGAAACCCG-1_6_1"
"717","GAAGAATTCAAGCCCG-1_6_1"
"718","GAAGCCCTCTTAATCC-1_6_1"
"719","GAAGCGAGTCCTCCAT-1_6_1"
"720","GAAGGACGTCATGCAT-1_6_1"
"721","GAAGGACTCACGACTA-1_6_1"
"722","GAAGGGTTCTGCTAGA-1_6_1"
"723","GAAGTAAGTGAATATG-1_6_1"
"724","GAATAGAAGTCATGAA-1_6_1"
"725","GAATAGAAGTGGCCTC-1_6_1"
"726","GAATCACCATTCCTAT-1_6_1"
"727","GAATCACGTCACCGCA-1_6_1"
"728","GAATCGTCACAGTCAT-1_6_1"
"729","GAATCGTCAGCTGGTC-1_6_1"
"730","GAATCGTTCTCCAAGA-1_6_1"
"731","GACACGCAGATTGACA-1_6_1"
"732","GACACGCCACGGTGTC-1_6_1"
"733","GACACGCTCGGAGTGA-1_6_1"
"734","GACAGCCTCCGCGGAT-1_6_1"
"735","GACATCAAGGCCTTGC-1_6_1"
"736","GACATCATCACCATGA-1_6_1"
"737","GACCCAGCAGAAACCG-1_6_1"
"738","GACCCTTAGCTCTATG-1_6_1"
"739","GACCGTGAGCAGCACA-1_6_1"
"740","GACCGTGTCATTCCTA-1_6_1"
"741","GACCGTGTCGCCAGAC-1_6_1"
"742","GACCTTCAGGGCAGTT-1_6_1"
"743","GACCTTCCACATATGC-1_6_1"
"744","GACGCTGAGCAATAAC-1_6_1"
"745","GACGTTAAGCTCTATG-1_6_1"
"746","GACGTTACACACAGCC-1_6_1"
"747","GACTATGCAAACGTGG-1_6_1"
"748","GACTATGTCCGTAGTA-1_6_1"
"749","GACTCAAAGTGTAGTA-1_6_1"
"750","GACTCTCCAAGTCCAT-1_6_1"
"751","GACTCTCTCAAGCCCG-1_6_1"
"752","GACTCTCTCAAGCTTG-1_6_1"
"753","GACTGATCACTCAAGT-1_6_1"
"754","GACTGATGTTGCTCAA-1_6_1"
"755","GACTTCCTCGAACCAT-1_6_1"
"756","GAGAAATTCACGGACC-1_6_1"
"757","GAGAAATTCTGACGCG-1_6_1"
"758","GAGACCCGTCACTTAG-1_6_1"
"759","GAGACTTGTATTGAGA-1_6_1"
"760","GAGACTTGTGAGGAAA-1_6_1"
"761","GAGAGGTGTCAGACTT-1_6_1"
"762","GAGAGGTTCCCACAGG-1_6_1"
"763","GAGATGGCAACAGTGG-1_6_1"
"764","GAGATGGTCGCTGACG-1_6_1"
"765","GAGCCTGTCAGCGCGT-1_6_1"
"766","GAGCTGCCAATGAAAC-1_6_1"
"767","GAGCTGCGTCCCGCAA-1_6_1"
"768","GAGGCAACAGGCTATT-1_6_1"
"769","GAGGGATTCGGCTGGT-1_6_1"
"770","GAGGGTACACACCTAA-1_6_1"
"771","GAGTCATCAACTCATG-1_6_1"
"772","GAGTCATCAGGTACGA-1_6_1"
"773","GAGTCTACACCCTTGT-1_6_1"
"774","GAGTGTTGTCACTCAA-1_6_1"
"775","GAGTGTTTCCTACGAA-1_6_1"
"776","GAGTTACCACTTACAG-1_6_1"
"777","GAGTTACTCCACAGCG-1_6_1"
"778","GAGTTGTAGTGGACGT-1_6_1"
"779","GAGTTGTCACAAGCAG-1_6_1"
"780","GAGTTGTCATCCCGTT-1_6_1"
"781","GAGTTGTGTTGTGCAT-1_6_1"
"782","GATAGAACAGTGTGCC-1_6_1"
"783","GATAGAAGTATAATGG-1_6_1"
"784","GATAGCTAGAGCCGTA-1_6_1"
"785","GATAGCTCATGTAACC-1_6_1"
"786","GATCAGTCAATAACCC-1_6_1"
"787","GATCAGTCACATGTTG-1_6_1"
"788","GATCAGTCATTCGATG-1_6_1"
"789","GATCATGCAATTGAGA-1_6_1"
"790","GATCCCTAGCCTTTCC-1_6_1"
"791","GATCCCTCAAGAGTAT-1_6_1"
"792","GATCCCTGTCCGAAGA-1_6_1"
"793","GATCGTACAGCCGTCA-1_6_1"
"794","GATGACTAGCACTCCG-1_6_1"
"795","GATGACTGTGGGTCAA-1_6_1"
"796","GATGAGGAGCCTTTCC-1_6_1"
"797","GATGAGGCAGCGACCT-1_6_1"
"798","GATGAGGTCGCTCTCA-1_6_1"
"799","GATGATCCATGGTGGA-1_6_1"
"800","GATGGAGGTAGATCGG-1_6_1"
"801","GATGTTGTCGTCTACC-1_6_1"
"802","GATTCGACACAACCGC-1_6_1"
"803","GATTCGAGTGGCAACA-1_6_1"
"804","GATTCGATCGTAGAGG-1_6_1"
"805","GATTCGATCTAACGCA-1_6_1"
"806","GATTCTTAGGGCTGAT-1_6_1"
"807","GATTCTTTCCTCACTG-1_6_1"
"808","GATTGGTCAAGATGGC-1_6_1"
"809","GATTTCTCAGCGTACC-1_6_1"
"810","GCAACATCAAGATTGA-1_6_1"
"811","GCAACATCACTCCTTG-1_6_1"
"812","GCAACATCAGCTGTGC-1_6_1"
"813","GCAACATTCGCTTGAA-1_6_1"
"814","GCAACCGAGCAGCACA-1_6_1"
"815","GCAACCGGTACTGGGA-1_6_1"
"816","GCACATAAGCCATATC-1_6_1"
"817","GCACATATCCCACAGG-1_6_1"
"818","GCACATATCTAACGGT-1_6_1"
"819","GCACATATCTTCGACC-1_6_1"
"820","GCACGGTCAACTTCTT-1_6_1"
"821","GCACGTGAGAAGCGAA-1_6_1"
"822","GCACGTGAGGACATCG-1_6_1"
"823","GCACGTGGTGATGTAA-1_6_1"
"824","GCACTAAAGTGAGGTC-1_6_1"
"825","GCACTAAGTATGGGAC-1_6_1"
"826","GCAGCTGCACCTGCGA-1_6_1"
"827","GCAGTTAAGTCTCCTC-1_6_1"
"828","GCATCGGTCGCGGTAC-1_6_1"
"829","GCATGATAGAGGGTAA-1_6_1"
"830","GCCAGCACAATTCTCT-1_6_1"
"831","GCCAGCATCAAGTTGC-1_6_1"
"832","GCCAGCATCACTCTTA-1_6_1"
"833","GCCAGGTCAAGACAAT-1_6_1"
"834","GCCAGTGGTTGTACGT-1_6_1"
"835","GCCAGTGTCCGTGTGG-1_6_1"
"836","GCCATGGAGCGCCTAC-1_6_1"
"837","GCCATGGCATTACTCT-1_6_1"
"838","GCCATGGTCACAAGAA-1_6_1"
"839","GCCATTCCACAAAGTA-1_6_1"
"840","GCCCAGAAGGTTAGTA-1_6_1"
"841","GCCCGAATCTGGTTGA-1_6_1"
"842","GCCGATGGTCTTTATC-1_6_1"
"843","GCCGTGACAATGTCTG-1_6_1"
"844","GCGAGAACACGTAGAG-1_6_1"
"845","GCGATCGAGAGAGGTA-1_6_1"
"846","GCGATCGAGCACGGAT-1_6_1"
"847","GCGATCGAGGTCGTCC-1_6_1"
"848","GCGATCGCAGTTAAAG-1_6_1"
"849","GCGGAAAAGCAACCAG-1_6_1"
"850","GCGGAAACAAGCGCAA-1_6_1"
"851","GCGGATCAGAGTCACG-1_6_1"
"852","GCGGATCTCGCCAATA-1_6_1"
"853","GCGGATCTCTGTTGGA-1_6_1"
"854","GCGTGCACATAATCCG-1_6_1"
"855","GCGTTTCCAAGAATGT-1_6_1"
"856","GCGTTTCTCTCTGCTG-1_6_1"
"857","GCTACAAGTCAAGGCA-1_6_1"
"858","GCTACCTAGTATGGAT-1_6_1"
"859","GCTACCTAGTGGAATT-1_6_1"
"860","GCTACCTCAAAGGGTC-1_6_1"
"861","GCTACCTCAAATCAAG-1_6_1"
"862","GCTCAAAAGGTTACCT-1_6_1"
"863","GCTCAAAGTAGATTAG-1_6_1"
"864","GCTCAAATCGCGATCG-1_6_1"
"865","GCTCAAATCGTAGTGT-1_6_1"
"866","GCTGAATAGACGATAT-1_6_1"
"867","GCTGAATCACAAGGTG-1_6_1"
"868","GCTGAATTCCGCACTT-1_6_1"
"869","GCTTCACGTGACAACG-1_6_1"
"870","GCTTGGGTCCGCGGAT-1_6_1"
"871","GGAACCCCAGCTACCG-1_6_1"
"872","GGAACCCCATCGCTGG-1_6_1"
"873","GGAACCCTCTGGCCGA-1_6_1"
"874","GGAATCTCATGACTGT-1_6_1"
"875","GGAATGGAGTAACCTC-1_6_1"
"876","GGAATGGTCCATCTCG-1_6_1"
"877","GGACGTCCAGCTCATA-1_6_1"
"878","GGAGAACAGCGACTTT-1_6_1"
"879","GGAGATGTCATTTCCA-1_6_1"
"880","GGAGCAAAGTATAGGT-1_6_1"
"881","GGAGCAACATTCTGTT-1_6_1"
"882","GGAGCAATCGTAGGGA-1_6_1"
"883","GGAGCAATCGTTATCT-1_6_1"
"884","GGAGGTACAGCGATTT-1_6_1"
"885","GGAGGTAGTGGATCGA-1_6_1"
"886","GGAGGTATCGGTATGT-1_6_1"
"887","GGATCTAGTCACTCAA-1_6_1"
"888","GGATGTTCAGAAGTTA-1_6_1"
"889","GGCAGTCAGAGGATCC-1_6_1"
"890","GGCAGTCAGTATGATG-1_6_1"
"891","GGCAGTCCACCTCTAC-1_6_1"
"892","GGCAGTCGTCCAAAGG-1_6_1"
"893","GGCAGTCTCCGAGATT-1_6_1"
"894","GGCGTCACAATACGCT-1_6_1"
"895","GGCGTCACAGCTACCG-1_6_1"
"896","GGCTGTGAGCTGAGTG-1_6_1"
"897","GGCTGTGCATTGACAC-1_6_1"
"898","GGCTGTGTCAGTGTGT-1_6_1"
"899","GGCTGTGTCCAAGAGG-1_6_1"
"900","GGCTTTCAGATTAGCA-1_6_1"
"901","GGCTTTCTCAGCGCAC-1_6_1"
"902","GGCTTTCTCCACTTCG-1_6_1"
"903","GGGAAGTAGAATAACC-1_6_1"
"904","GGGACCTAGACATCCT-1_6_1"
"905","GGGACCTGTAAGGCCA-1_6_1"
"906","GGGACCTTCTGCGGCA-1_6_1"
"907","GGGAGATCACAACATC-1_6_1"
"908","GGGAGTAAGCTATCCA-1_6_1"
"909","GGGATGACAATGCAGG-1_6_1"
"910","GGGATGACACCATATG-1_6_1"
"911","GGGCGTTTCCGGCAAC-1_6_1"
"912","GGGCTACGTGGTCTCG-1_6_1"
"913","GGGCTCAGTTCCGGTG-1_6_1"
"914","GGGCTCATCCCATAAG-1_6_1"
"915","GGGTAGAGTCTGTGCG-1_6_1"
"916","GGGTAGATCAACTCTT-1_6_1"
"917","GGGTCTGAGTGCACCC-1_6_1"
"918","GGGTGAAGTGGTTCTA-1_6_1"
"919","GGGTTATGTAGATTAG-1_6_1"
"920","GGGTTTAAGGTAGATT-1_6_1"
"921","GGTAGAGAGACGCATG-1_6_1"
"922","GGTAGAGGTGGCTACC-1_6_1"
"923","GGTCACGCAATCCTTT-1_6_1"
"924","GGTCTGGAGCGTTCCG-1_6_1"
"925","GGTCTGGCACGTCTCT-1_6_1"
"926","GGTGAAGAGCTGTTAC-1_6_1"
"927","GGTGATTCATTGAAGA-1_6_1"
"928","GGTGATTGTTCGGACC-1_6_1"
"929","GGTGGCTAGGGTCAAC-1_6_1"
"930","GGTGGCTCACATTGTG-1_6_1"
"931","GGTGTCGTCAGAGTTC-1_6_1"
"932","GGTGTTAAGATCCGAG-1_6_1"
"933","GGTGTTACAAACCACT-1_6_1"
"934","GGTTAACCATGTGGTT-1_6_1"
"935","GGTTAACGTCTACTGA-1_6_1"
"936","GGTTCTCAGACACACG-1_6_1"
"937","GGTTCTCGTAATGCTC-1_6_1"
"938","GGTTCTCGTGGGCTCT-1_6_1"
"939","GGTTGTAAGCGCAATG-1_6_1"
"940","GGTTGTAAGCTCCATA-1_6_1"
"941","GTAACACTCGCATAGT-1_6_1"
"942","GTAACCATCTCCTGTG-1_6_1"
"943","GTAAGTCCAAGATGTA-1_6_1"
"944","GTAAGTCTCTGGGAGA-1_6_1"
"945","GTAATGCGTTTACACG-1_6_1"
"946","GTAATGCTCAGCTTGA-1_6_1"
"947","GTACAACAGCCTGAAG-1_6_1"
"948","GTACAACCAAGATGTA-1_6_1"
"949","GTACAGTAGTTACTCG-1_6_1"
"950","GTACAGTAGTTTGCTG-1_6_1"
"951","GTAGAAACATCGGTTA-1_6_1"
"952","GTAGAAATCAAGAAAC-1_6_1"
"953","GTAGCTAGTATGTGTC-1_6_1"
"954","GTAGGAGAGATTAGTG-1_6_1"
"955","GTAGGAGGTACAGTCT-1_6_1"
"956","GTAGGTTGTCCAGCAC-1_6_1"
"957","GTATTGGCATAATCCG-1_6_1"
"958","GTCAAGTAGATGGCGT-1_6_1"
"959","GTCAAGTCACACTTAG-1_6_1"
"960","GTCAAGTGTTGAAGTA-1_6_1"
"961","GTCAAGTTCAATCCAG-1_6_1"
"962","GTCACGGAGCATGGGT-1_6_1"
"963","GTCACTCGTTCGGTTA-1_6_1"
"964","GTCACTCTCCATCTAT-1_6_1"
"965","GTCAGCGAGAACTTCC-1_6_1"
"966","GTCAGCGAGAAGTCAT-1_6_1"
"967","GTCATCCTCCTCGATC-1_6_1"
"968","GTCATCCTCTCGAACA-1_6_1"
"969","GTCATGACATCGTGCG-1_6_1"
"970","GTCATGACATCTTAGG-1_6_1"
"971","GTCATTTGTAACATCC-1_6_1"
"972","GTCATTTGTAAGCTCT-1_6_1"
"973","GTCATTTGTACATACC-1_6_1"
"974","GTCATTTGTTGCCTAA-1_6_1"
"975","GTCATTTTCCGTGACG-1_6_1"
"976","GTCATTTTCGGTCTGG-1_6_1"
"977","GTCCACTAGCGCAATG-1_6_1"
"978","GTCCACTCAAGTATAG-1_6_1"
"979","GTCCACTCATGGGAAC-1_6_1"
"980","GTCCACTGTAGCTTAC-1_6_1"
"981","GTCCCATGTGCATTTG-1_6_1"
"982","GTCCTCACAATTTCTC-1_6_1"
"983","GTCCTCAGTGCCGTTG-1_6_1"
"984","GTCGCGACATGGAACG-1_6_1"
"985","GTCGCGATCGAGTGAG-1_6_1"
"986","GTCGTAAAGCCGTTAT-1_6_1"
"987","GTCGTAAAGGCTCCCA-1_6_1"
"988","GTCGTTCAGCAGTCTT-1_6_1"
"989","GTCGTTCGTGAGACCA-1_6_1"
"990","GTCGTTCTCATTACCT-1_6_1"
"991","GTCTACCAGTCTACCA-1_6_1"
"992","GTCTACCCATTCTTCA-1_6_1"
"993","GTCTAGAAGCACAAAT-1_6_1"
"994","GTCTAGATCTCCATAT-1_6_1"
"995","GTCTAGATCTTCCTAA-1_6_1"
"996","GTCTCACCAAGCCTGC-1_6_1"
"997","GTCTCACTCCCGTTCA-1_6_1"
"998","GTCTCACTCGCATTGA-1_6_1"
"999","GTCTGTCAGGAAGTCC-1_6_1"
"1000","GTCTGTCCACGAGGTA-1_6_1"
"1001","GTCTGTCGTCGCGTTG-1_6_1"
"1002","GTCTTTAAGGCGTTGA-1_6_1"
"1003","GTGACGCTCAGAGTTC-1_6_1"
"1004","GTGAGCCAGTACTGGG-1_6_1"
"1005","GTGAGCCCATGCCGCA-1_6_1"
"1006","GTGAGCCGTCGAAGCA-1_6_1"
"1007","GTGAGGACAACAAAGT-1_6_1"
"1008","GTGAGGATCCTATTTG-1_6_1"
"1009","GTGAGTTGTCGCAGTC-1_6_1"
"1010","GTGAGTTTCCTAGCCT-1_6_1"
"1011","GTGATGTCATTGCTTT-1_6_1"
"1012","GTGATGTTCACTAGCA-1_6_1"
"1013","GTGATGTTCCCTTGTG-1_6_1"
"1014","GTGCACGTCTTAGCAG-1_6_1"
"1015","GTGCAGCAGAGGATGA-1_6_1"
"1016","GTGCAGCAGTACAACA-1_6_1"
"1017","GTGCAGCCACACACGC-1_6_1"
"1018","GTGCAGCGTCTAGGCC-1_6_1"
"1019","GTGCTGGAGGCACTAG-1_6_1"
"1020","GTGCTGGCATACCAGT-1_6_1"
"1021","GTGCTGGGTATGAAGT-1_6_1"
"1022","GTGCTTCTCGACACCG-1_6_1"
"1023","GTGGAAGCACTTCAAG-1_6_1"
"1024","GTGGAAGTCTGTCGTC-1_6_1"
"1025","GTGGAGATCATCACCC-1_6_1"
"1026","GTGGCGTCAGAATCGG-1_6_1"
"1027","GTGGCGTGTTCTAAGC-1_6_1"
"1028","GTGGGAAAGCATGCGA-1_6_1"
"1029","GTGGTTAAGGCTGTAG-1_6_1"
"1030","GTGGTTACACAACGAG-1_6_1"
"1031","GTGTCCTAGTGTACCT-1_6_1"
"1032","GTGTCCTCAACCGCTG-1_6_1"
"1033","GTGTGATCAAATCAAG-1_6_1"
"1034","GTGTGATGTCAACATC-1_6_1"
"1035","GTGTGGCTCAGTGTGT-1_6_1"
"1036","GTGTGGCTCGGCTCTT-1_6_1"
"1037","GTGTGGCTCTCGGTCT-1_6_1"
"1038","GTGTTAGCATGGAAGC-1_6_1"
"1039","GTGTTAGTCCGGCTTT-1_6_1"
"1040","GTGTTCCGTTGCATGT-1_6_1"
"1041","GTTACAGGTACGATCT-1_6_1"
"1042","GTTACAGTCACTTATC-1_6_1"
"1043","GTTACAGTCCGCGAGT-1_6_1"
"1044","GTTACCCCATCGGAGA-1_6_1"
"1045","GTTACCCGTGTTGAGG-1_6_1"
"1046","GTTACGAAGTCGGCAA-1_6_1"
"1047","GTTACGAGTGTATTGC-1_6_1"
"1048","GTTAGACCATAGACTC-1_6_1"
"1049","GTTAGACGTGGACTAG-1_6_1"
"1050","GTTAGACTCGCAGAGA-1_6_1"
"1051","GTTAGTGAGTACTGGG-1_6_1"
"1052","GTTATGGTCGACCATA-1_6_1"
"1053","GTTCATTCACTGGCCA-1_6_1"
"1054","GTTCATTGTCGAACGA-1_6_1"
"1055","GTTCATTTCGGCAGTC-1_6_1"
"1056","GTTCGCTAGCTCGGCT-1_6_1"
"1057","GTTCTATCAGCCTACG-1_6_1"
"1058","GTTCTATTCGAACCTA-1_6_1"
"1059","GTTGAACAGTGATTCC-1_6_1"
"1060","GTTGAACTCGAGCACC-1_6_1"
"1061","GTTGCGGAGGAAGAAC-1_6_1"
"1062","GTTGCGGAGGTATAGT-1_6_1"
"1063","GTTGCGGAGGTTCATC-1_6_1"
"1064","GTTGCGGAGTGCGCTC-1_6_1"
"1065","GTTGCTCGTTCGGTCG-1_6_1"
"1066","GTTGTAGAGAACAAGG-1_6_1"
"1067","GTTGTAGAGACTACCT-1_6_1"
"1068","GTTGTAGTCGACGCTG-1_6_1"
"1069","GTTGTCCAGGCGACAT-1_6_1"
"1070","GTTGTCCGTGGAAGTC-1_6_1"
"1071","GTTGTCCTCGACGAGA-1_6_1"
"1072","GTTGTGAAGCTCTGTA-1_6_1"
"1073","GTTGTGAGTAACACGG-1_6_1"
"1074","GTTGTGAGTATGGAAT-1_6_1"
"1075","GTTGTGAGTCAATGGG-1_6_1"
"1076","GTTTACTGTTCCTACC-1_6_1"
"1077","GTTTGGAGTAGAATGT-1_6_1"
"1078","TAACGACAGATGTAGT-1_6_1"
"1079","TAACGACCAACGATTC-1_6_1"
"1080","TAACGACGTACATACC-1_6_1"
"1081","TAACGACGTACTTCCC-1_6_1"
"1082","TAACTTCTCCGTCCTA-1_6_1"
"1083","TAAGCCACATAAGCGG-1_6_1"
"1084","TAAGCCATCATTTCGT-1_6_1"
"1085","TAAGCGTTCCTTGACC-1_6_1"
"1086","TAAGTCGGTACGCTAT-1_6_1"
"1087","TAAGTCGGTTATTCTC-1_6_1"
"1088","TAAGTCGGTTGTCATG-1_6_1"
"1089","TAATCTCTCCGATAGT-1_6_1"
"1090","TAATTCCCACAATCTG-1_6_1"
"1091","TACAACGGTCCGGATC-1_6_1"
"1092","TACAACGTCGGTCGGT-1_6_1"
"1093","TACAGGTCAAGGGCAT-1_6_1"
"1094","TACAGGTCACAAGTTC-1_6_1"
"1095","TACAGGTCAGTCAACT-1_6_1"
"1096","TACATTCGTCCTGAAT-1_6_1"
"1097","TACCCACCATTCTTCA-1_6_1"
"1098","TACCTCGAGTATTCCG-1_6_1"
"1099","TACCTCGTCCACGTGG-1_6_1"
"1100","TACGCTCTCCCTCATG-1_6_1"
"1101","TACGGGCAGTATGACA-1_6_1"
"1102","TACGGTACATCACCAA-1_6_1"
"1103","TACGTCCCAAAGGCGT-1_6_1"
"1104","TACTGCCAGAGTCACG-1_6_1"
"1105","TACTGCCAGGTATCTC-1_6_1"
"1106","TACTGCCTCTCGCTTG-1_6_1"
"1107","TACTTACAGCTTGTTG-1_6_1"
"1108","TACTTCAGTATACAGA-1_6_1"
"1109","TACTTGTGTAGACACG-1_6_1"
"1110","TAGACCACAAGCGCTC-1_6_1"
"1111","TAGAGTCCAAATCGTC-1_6_1"
"1112","TAGATCGAGGCTCTCG-1_6_1"
"1113","TAGATCGTCGCTGACG-1_6_1"
"1114","TAGCACAGTAAGCGGT-1_6_1"
"1115","TAGCACATCGAACGGA-1_6_1"
"1116","TAGGAGGAGACAGCTG-1_6_1"
"1117","TAGGAGGCAGTCGGTC-1_6_1"
"1118","TAGGAGGTCTTGGGCG-1_6_1"
"1119","TAGGGTTAGAATTGCA-1_6_1"
"1120","TAGGGTTCAAAGGAGA-1_6_1"
"1121","TAGGTACCACATATGC-1_6_1"
"1122","TAGGTTGGTGAGCTCC-1_6_1"
"1123","TATACCTAGCTGAAGC-1_6_1"
"1124","TATACCTGTCTAATCG-1_6_1"
"1125","TATACCTTCCCAAGCG-1_6_1"
"1126","TATACCTTCGACGTCG-1_6_1"
"1127","TATATCCAGTCCGCGT-1_6_1"
"1128","TATATCCGTAGGACTG-1_6_1"
"1129","TATATCCGTCAGGCAA-1_6_1"
"1130","TATATCCTCGACACCG-1_6_1"
"1131","TATATCCTCGTTCTCG-1_6_1"
"1132","TATCAGGAGGTGCTTT-1_6_1"
"1133","TATCAGGGTGCTGCAC-1_6_1"
"1134","TATCCTAAGAGAGTTT-1_6_1"
"1135","TATCCTAAGGTTACAA-1_6_1"
"1136","TATCCTAGTCTGCATA-1_6_1"
"1137","TATCTGTCATTAAGCC-1_6_1"
"1138","TATCTGTGTAAGTTAG-1_6_1"
"1139","TATCTTGAGAGCTGCA-1_6_1"
"1140","TATGTTCGTCAAAGAT-1_6_1"
"1141","TATGTTCTCGCACTCT-1_6_1"
"1142","TATGTTCTCGGTGCAC-1_6_1"
"1143","TATGTTCTCTGGTGCG-1_6_1"
"1144","TATTGCTGTGAATTGA-1_6_1"
"1145","TATTGGGAGAGCAACC-1_6_1"
"1146","TATTGGGTCAACGAGG-1_6_1"
"1147","TATTTCGAGAAGGTAG-1_6_1"
"1148","TCAAGACAGCATGTTC-1_6_1"
"1149","TCAAGTGTCCCGTTGT-1_6_1"
"1150","TCAATCTGTCATGACT-1_6_1"
"1151","TCAATCTGTTGTTGTG-1_6_1"
"1152","TCAATCTTCGACGCGT-1_6_1"
"1153","TCAATTCTCATGGAGG-1_6_1"
"1154","TCACACCGTGTATCCA-1_6_1"
"1155","TCACACCTCGTCAAAC-1_6_1"
"1156","TCACACCTCTGTAAGC-1_6_1"
"1157","TCACTATAGCTGGCCT-1_6_1"
"1158","TCACTATCACACAGCC-1_6_1"
"1159","TCACTATGTCGTGCCA-1_6_1"
"1160","TCAGCAACACACGCCA-1_6_1"
"1161","TCAGCCTCACCGTCGA-1_6_1"
"1162","TCAGCCTGTCGGTACC-1_6_1"
"1163","TCAGCCTGTTCACGAT-1_6_1"
"1164","TCAGGTAAGTCCCGGT-1_6_1"
"1165","TCAGGTACAGACCCGT-1_6_1"
"1166","TCAGTCCTCACAGTGT-1_6_1"
"1167","TCAGTGAAGCGGCTCT-1_6_1"
"1168","TCAGTTTCACAGTACT-1_6_1"
"1169","TCAGTTTCACCCAATA-1_6_1"
"1170","TCAGTTTCACCTGAAT-1_6_1"
"1171","TCAGTTTGTAAGTTAG-1_6_1"
"1172","TCATACTCAGCTGTAT-1_6_1"
"1173","TCATATCGTCCCTGAG-1_6_1"
"1174","TCATATCTCATCAGTG-1_6_1"
"1175","TCATCATAGCGTCAGA-1_6_1"
"1176","TCATCCGAGTCGTCTA-1_6_1"
"1177","TCATCCGAGTTGGAAT-1_6_1"
"1178","TCATCCGTCTAGAGCT-1_6_1"
"1179","TCATGAGTCCACGGAC-1_6_1"
"1180","TCATGGACAGCAGATG-1_6_1"
"1181","TCATGGATCACTTGGA-1_6_1"
"1182","TCATGTTAGAGCAGCT-1_6_1"
"1183","TCATGTTGTATGCTAC-1_6_1"
"1184","TCATTACTCATCTGTT-1_6_1"
"1185","TCATTCAAGCAGGCTA-1_6_1"
"1186","TCATTCACACAAAGCG-1_6_1"
"1187","TCATTCACATAGAATG-1_6_1"
"1188","TCATTTGAGGGATGTC-1_6_1"
"1189","TCCACCACATCCAATG-1_6_1"
"1190","TCCAGAATCCGAAGGA-1_6_1"
"1191","TCCATCGGTGATAGAT-1_6_1"
"1192","TCCATGCCAAATGGTA-1_6_1"
"1193","TCCCACAAGTATAACG-1_6_1"
"1194","TCCCACAGTGTCTAAC-1_6_1"
"1195","TCCCACATCGGCCTTT-1_6_1"
"1196","TCCCATGCACTTCAAG-1_6_1"
"1197","TCCGAAAAGGCTCTCG-1_6_1"
"1198","TCCGATCTCAGCATTG-1_6_1"
"1199","TCCGGGAGTGAACCGA-1_6_1"
"1200","TCCGGGATCCATCTGC-1_6_1"
"1201","TCCGGGATCTGCGGGT-1_6_1"
"1202","TCCGTGTGTATGGAGC-1_6_1"
"1203","TCCGTGTGTGCAGTGA-1_6_1"
"1204","TCCGTGTTCGTAGCTA-1_6_1"
"1205","TCCTAATAGTTAGTGA-1_6_1"
"1206","TCCTCCCCAGTGTGCC-1_6_1"
"1207","TCCTCTTCAGCACAGA-1_6_1"
"1208","TCCTCTTGTTGCATAC-1_6_1"
"1209","TCCTGCAAGAACTGAT-1_6_1"
"1210","TCCTGCAAGAGTACCG-1_6_1"
"1211","TCCTGCAGTTGTGGAG-1_6_1"
"1212","TCCTGCATCATTTCGT-1_6_1"
"1213","TCCTTCTAGTCCTGTA-1_6_1"
"1214","TCCTTCTTCGTGTTCC-1_6_1"
"1215","TCCTTTCTCGGAGTGA-1_6_1"
"1216","TCGAACACAGTATGAA-1_6_1"
"1217","TCGAACAGTGGATTTC-1_6_1"
"1218","TCGAAGTAGGCCCGTT-1_6_1"
"1219","TCGACGGAGCCAAGGT-1_6_1"
"1220","TCGACGGTCTGCTTTA-1_6_1"
"1221","TCGATTTAGAAGGTAG-1_6_1"
"1222","TCGATTTAGCATCTTG-1_6_1"
"1223","TCGATTTTCACAATGC-1_6_1"
"1224","TCGCACTGTCGTGGAA-1_6_1"
"1225","TCGCACTGTCTAACGT-1_6_1"
"1226","TCGCAGGAGGCAGTCA-1_6_1"
"1227","TCGCAGGAGGTTATAG-1_6_1"
"1228","TCGCAGGCACGACAGA-1_6_1"
"1229","TCGCAGGGTGTTGACT-1_6_1"
"1230","TCGCTTGAGTGCGCTC-1_6_1"
"1231","TCGCTTGTCTCGAGTA-1_6_1"
"1232","TCGGATACATCGCTAA-1_6_1"
"1233","TCGGATATCGAGAGCA-1_6_1"
"1234","TCGGATATCGGTAGGA-1_6_1"
"1235","TCGGGCAAGCAGCACA-1_6_1"
"1236","TCGGGCACATAATGCC-1_6_1"
"1237","TCGGGCAGTATCGTAC-1_6_1"
"1238","TCGGGTGGTACGATTC-1_6_1"
"1239","TCGGGTGTCTAGACAC-1_6_1"
"1240","TCGGTCTAGGTGCATG-1_6_1"
"1241","TCGGTCTGTATCGGTT-1_6_1"
"1242","TCGGTCTGTGCTATTG-1_6_1"
"1243","TCGTAGATCAACGTGT-1_6_1"
"1244","TCGTCCATCTGAGATC-1_6_1"
"1245","TCGTGGGGTGAGAACC-1_6_1"
"1246","TCGTGGGTCTTCCGTG-1_6_1"
"1247","TCTAACTCAAATTGCC-1_6_1"
"1248","TCTAACTGTAGAGTTA-1_6_1"
"1249","TCTAACTGTCGATGCC-1_6_1"
"1250","TCTACATAGAGAGGGC-1_6_1"
"1251","TCTACATAGTCAGCGA-1_6_1"
"1252","TCTACATGTCCGGCAT-1_6_1"
"1253","TCTATACAGTACTGTC-1_6_1"
"1254","TCTATACCAACTAGAA-1_6_1"
"1255","TCTATACTCCCATTTA-1_6_1"
"1256","TCTATCAGTGTTGATC-1_6_1"
"1257","TCTCACGGTGCTCTTC-1_6_1"
"1258","TCTCACGTCACTGTTT-1_6_1"
"1259","TCTCAGCCAGCGTTGC-1_6_1"
"1260","TCTCAGCCATGGGATG-1_6_1"
"1261","TCTCAGCGTTGATGTC-1_6_1"
"1262","TCTCAGCTCATCACCC-1_6_1"
"1263","TCTCCGACAGAGTCTT-1_6_1"
"1264","TCTCTGGAGGGTAATT-1_6_1"
"1265","TCTCTGGTCGAACACT-1_6_1"
"1266","TCTCTGGTCGCGAAGA-1_6_1"
"1267","TCTGCCAGTACAAGTA-1_6_1"
"1268","TCTGGCTAGGATATGT-1_6_1"
"1269","TCTGGCTAGTCTGGAG-1_6_1"
"1270","TCTGGCTTCACACGAT-1_6_1"
"1271","TCTGTCGAGAACAAGG-1_6_1"
"1272","TCTGTCGCACCAGTAT-1_6_1"
"1273","TCTGTCGCAGTAGAAT-1_6_1"
"1274","TCTTAGTAGAGCATTA-1_6_1"
"1275","TCTTGCGTCGCGATCG-1_6_1"
"1276","TCTTTGAAGTCTGTAC-1_6_1"
"1277","TCTTTGACACAGTATC-1_6_1"
"1278","TCTTTGACACTTCAAG-1_6_1"
"1279","TCTTTGACATAATCGC-1_6_1"
"1280","TCTTTGATCTCTCCGA-1_6_1"
"1281","TGAACGTCACTAGTAC-1_6_1"
"1282","TGAATCGGTCCTCCAT-1_6_1"
"1283","TGAATCGGTGGAACAC-1_6_1"
"1284","TGAATGCCATCGGCCA-1_6_1"
"1285","TGAATGCTCGATTTCT-1_6_1"
"1286","TGAATGCTCTCGGCTT-1_6_1"
"1287","TGACAGTCAAGCTCTA-1_6_1"
"1288","TGACCCTCATCCAACA-1_6_1"
"1289","TGACGCGCAGTTTGGT-1_6_1"
"1290","TGACGCGTCATTACCT-1_6_1"
"1291","TGACTCCGTGCTCCGA-1_6_1"
"1292","TGAGACTAGCATTGAA-1_6_1"
"1293","TGAGACTGTAGATGTA-1_6_1"
"1294","TGAGACTTCGAGCCTG-1_6_1"
"1295","TGAGCATGTCGTGCCA-1_6_1"
"1296","TGAGCGCTCATTGCCC-1_6_1"
"1297","TGAGGGAGTGAATAAC-1_6_1"
"1298","TGAGGTTAGCGCCCAT-1_6_1"
"1299","TGAGGTTGTCCAAATC-1_6_1"
"1300","TGAGTCAAGACATATG-1_6_1"
"1301","TGATCAGCACTACAGT-1_6_1"
"1302","TGATCAGGTATAGGAT-1_6_1"
"1303","TGATCTTAGGCACAAC-1_6_1"
"1304","TGATGCAGTCGAGATG-1_6_1"
"1305","TGATGCAGTTCAAACC-1_6_1"
"1306","TGATGGTAGCCTCACG-1_6_1"
"1307","TGATGGTCAGGTTTAC-1_6_1"
"1308","TGATTCTCAACAACAA-1_6_1"
"1309","TGATTCTGTATGTCCA-1_6_1"
"1310","TGCACGGGTCCCTCAT-1_6_1"
"1311","TGCACGGGTTACGATC-1_6_1"
"1312","TGCACGGGTTCTCGTC-1_6_1"
"1313","TGCAGATCAGAGAATT-1_6_1"
"1314","TGCAGATTCCTCACTG-1_6_1"
"1315","TGCAGGCGTAGGAGGG-1_6_1"
"1316","TGCAGGCGTCTTCATT-1_6_1"
"1317","TGCAGTAAGGCCATAG-1_6_1"
"1318","TGCAGTAAGTGTTCAC-1_6_1"
"1319","TGCAGTACATATAGCC-1_6_1"
"1320","TGCATCCCAAGACTGG-1_6_1"
"1321","TGCATGAGTCTTTCAT-1_6_1"
"1322","TGCATGAGTTCGTACA-1_6_1"
"1323","TGCATGATCGCCAGAC-1_6_1"
"1324","TGCCGAGAGCTGAAGC-1_6_1"
"1325","TGCCGAGGTACCTTCC-1_6_1"
"1326","TGCCGAGGTACTGTTG-1_6_1"
"1327","TGCCGAGTCCCATTTA-1_6_1"
"1328","TGCGACGGTGCAAGAC-1_6_1"
"1329","TGCGGCACATTGACTG-1_6_1"
"1330","TGCGGGTCAAACGGCA-1_6_1"
"1331","TGCGGGTGTAGCTGCC-1_6_1"
"1332","TGCGGGTGTGCCCTTT-1_6_1"
"1333","TGCTCGTTCTTGAGCA-1_6_1"
"1334","TGCTGAAAGGGTGAAA-1_6_1"
"1335","TGCTTCGAGACGATAT-1_6_1"
"1336","TGCTTGCAGTGCCTCG-1_6_1"
"1337","TGGAACTCACAAACGG-1_6_1"
"1338","TGGAGAGCAAGCGAAC-1_6_1"
"1339","TGGAGGAAGCATTGAA-1_6_1"
"1340","TGGAGGACAAGGCCTC-1_6_1"
"1341","TGGAGGATCCGGTAAT-1_6_1"
"1342","TGGATGTGTGATACAA-1_6_1"
"1343","TGGCGTGTCCGTAATG-1_6_1"
"1344","TGGGAAGTCCGACAGC-1_6_1"
"1345","TGGGAGAGTACAGAGC-1_6_1"
"1346","TGGGAGAGTGATACTC-1_6_1"
"1347","TGGGCGTGTCATTGCA-1_6_1"
"1348","TGGGCTGCACAAGCTT-1_6_1"
"1349","TGGGTTAGTAAGTTAG-1_6_1"
"1350","TGGTAGTAGTGATCGG-1_6_1"
"1351","TGGTAGTTCGGTCGGT-1_6_1"
"1352","TGGTGATTCTGAGATC-1_6_1"
"1353","TGGTTAGGTTCAGTAC-1_6_1"
"1354","TGTAACGGTTCGTAAC-1_6_1"
"1355","TGTAAGCAGTGGTCAG-1_6_1"
"1356","TGTAAGCCAACGACTT-1_6_1"
"1357","TGTAGACAGCCAAGGT-1_6_1"
"1358","TGTAGACTCACTTATC-1_6_1"
"1359","TGTCCACGTCGCCTAG-1_6_1"
"1360","TGTCCCACATGGAACG-1_6_1"
"1361","TGTCCCAGTCTTCGAA-1_6_1"
"1362","TGTCCCAGTGCTATTG-1_6_1"
"1363","TGTCCTGAGTGTTGAA-1_6_1"
"1364","TGTCCTGGTGTGGACA-1_6_1"
"1365","TGTGATGGTTTGAAAG-1_6_1"
"1366","TGTGATGTCCTACCGT-1_6_1"
"1367","TGTGCGGTCCAACACA-1_6_1"
"1368","TGTGCGGTCCATGAGT-1_6_1"
"1369","TGTGGCGAGGCATGCA-1_6_1"
"1370","TGTGGCGAGTCTAACC-1_6_1"
"1371","TGTGGCGCAGACACCC-1_6_1"
"1372","TGTGTGAGTGGCTGAA-1_6_1"
"1373","TGTTACTAGTCTAGAA-1_6_1"
"1374","TGTTACTTCGGCAGTC-1_6_1"
"1375","TGTTCATGTATGACAA-1_6_1"
"1376","TGTTCATTCTCTGACC-1_6_1"
"1377","TGTTCCGGTTAGAGAT-1_6_1"
"1378","TGTTCTAAGCTACAAA-1_6_1"
"1379","TGTTCTAAGCTCGCAC-1_6_1"
"1380","TGTTCTATCAAACCTG-1_6_1"
"1381","TGTTCTATCGCTGACG-1_6_1"
"1382","TGTTGGACAGAAGTTA-1_6_1"
"1383","TTAATCCAGGCTCTCG-1_6_1"
"1384","TTAATCCAGTCACAGG-1_6_1"
"1385","TTAATCCCAGACACCC-1_6_1"
"1386","TTAATCCGTGTCTTAG-1_6_1"
"1387","TTAATCCGTTACTCAG-1_6_1"
"1388","TTACCATCAGGCGAAT-1_6_1"
"1389","TTACCGCCAGTGGGTA-1_6_1"
"1390","TTACCGCTCCCTCGAT-1_6_1"
"1391","TTACGCCCAAACACCT-1_6_1"
"1392","TTACGTTAGCCTGGAA-1_6_1"
"1393","TTACTGTGTACCGGCT-1_6_1"
"1394","TTCACCGCACTACCCT-1_6_1"
"1395","TTCACCGTCGCGCCAA-1_6_1"
"1396","TTCACGCCAACCACGC-1_6_1"
"1397","TTCAGGAAGAGCTGCA-1_6_1"
"1398","TTCATGTCAGCCCAGT-1_6_1"
"1399","TTCATTGTCCGGCTTT-1_6_1"
"1400","TTCCAATCAGAGTCTT-1_6_1"
"1401","TTCCAATGTATCCCTC-1_6_1"
"1402","TTCCACGCATCGATAC-1_6_1"
"1403","TTCCGGTGTCTGCGCA-1_6_1"
"1404","TTCCGTGAGAGCAAGA-1_6_1"
"1405","TTCCTAACATATGCGT-1_6_1"
"1406","TTCCTCTCAGCGTGAA-1_6_1"
"1407","TTCCTTCCAACTCGAT-1_6_1"
"1408","TTCCTTCTCCAACCAA-1_6_1"
"1409","TTCGATTAGATTAGTG-1_6_1"
"1410","TTCGATTAGCCTTCTC-1_6_1"
"1411","TTCGATTAGGCAGTCA-1_6_1"
"1412","TTCGCTGGTGGGAGAG-1_6_1"
"1413","TTCGGTCAGCGAATGC-1_6_1"
"1414","TTCGGTCAGCGGCTCT-1_6_1"
"1415","TTCGGTCCAAATGCTC-1_6_1"
"1416","TTCTCTCTCTCGGCTT-1_6_1"
"1417","TTCTGTATCGCTCCTA-1_6_1"
"1418","TTCTTCCCAGTTTGGT-1_6_1"
"1419","TTCTTCCTCGCCTTGT-1_6_1"
"1420","TTCTTCCTCTCAACGA-1_6_1"
"1421","TTCTTGATCCCAACTC-1_6_1"
"1422","TTCTTGATCTGGACCG-1_6_1"
"1423","TTGAACGAGCTTAGTC-1_6_1"
"1424","TTGAACGGTCCGGTGT-1_6_1"
"1425","TTGACCCAGGAAGTCC-1_6_1"
"1426","TTGAGTGAGATTGCGG-1_6_1"
"1427","TTGAGTGAGGATAATC-1_6_1"
"1428","TTGAGTGAGGTACAGC-1_6_1"
"1429","TTGATGGAGACATCCT-1_6_1"
"1430","TTGATGGCAGCACAAG-1_6_1"
"1431","TTGCATTAGCTAATCC-1_6_1"
"1432","TTGCATTGTAGATCCT-1_6_1"
"1433","TTGCCTGAGAATAGTC-1_6_1"
"1434","TTGCCTGAGACTACCT-1_6_1"
"1435","TTGCTGCTCAAGTGTC-1_6_1"
"1436","TTGGATGCAGTCAACT-1_6_1"
"1437","TTGGGTAAGAACCGCA-1_6_1"
"1438","TTGGGTATCAACTGGT-1_6_1"
"1439","TTGGGTATCCATTCGC-1_6_1"
"1440","TTGGTTTAGGACATCG-1_6_1"
"1441","TTGTGGAGTACGATGG-1_6_1"
"1442","TTGTGTTGTTTCCCAC-1_6_1"
"1443","TTGTGTTTCATACAGC-1_6_1"
"1444","TTGTTCATCATCCTAT-1_6_1"
"1445","TTGTTGTTCTTAGCTT-1_6_1"
"1446","TTGTTTGAGGCATTTC-1_6_1"
"1447","TTGTTTGAGGTGCGAT-1_6_1"
"1448","TTGTTTGGTCAAAGTA-1_6_1"
"1449","TTGTTTGGTGACACAG-1_6_1"
"1450","TTTACCAAGGTTACAA-1_6_1"
"1451","TTTACCAAGTCTTGGT-1_6_1"
"1452","TTTACCACAGAGAGGG-1_6_1"
"1453","TTTACCACATGAAGCG-1_6_1"
"1454","TTTACCATCCGTGACG-1_6_1"
"1455","TTTACTGAGAAGGCTC-1_6_1"
"1456","TTTACTGAGGAAAGAC-1_6_1"
"1457","TTTACTGCAGAACTAA-1_6_1"
"1458","TTTAGTCCAGCTTCCT-1_6_1"
"1459","TTTAGTCTCCGCATAA-1_6_1"
"1460","TTTCACACATGTGGTT-1_6_1"
"1461","TTTCACAGTGACACGA-1_6_1"
"1462","TTTCACATCTCGTCAC-1_6_1"
"1463","TTTCATGAGTCGAGGT-1_6_1"
"1464","TTTCATGCAACTGAAA-1_6_1"
"1465","TTTCGATAGCCTCTCT-1_6_1"
"1466","TTTCGATCAAGTTCCA-1_6_1"
"1467","TTTCGATGTCGCTTAA-1_6_1"
"1468","TTTGACTGTAGTACGG-1_6_1"
"1469","TTTGATCCATTGAGCT-1_6_1"
"1470","TTTGATCGTCAGTCCG-1_6_1"
"1471","TTTGATCTCGGTCAGC-1_6_1"
"1472","TTTGGAGAGGTCGTGA-1_6_1"
"1473","TTTGGAGCAGTTGAAA-1_6_1"
"1474","TTTGGAGTCAGTCATG-1_6_1"
"1475","TTTGGTTGTTTGGCTA-1_6_1"
"1476","TTTGGTTTCGTGTGGC-1_6_1"
