"","x"
"1","AAACCCAAGCTGAAAT-1_3_2"
"2","AAACCCAGTCGCACGT-1_3_2"
"3","AAACGAAAGAAGCGGG-1_3_2"
"4","AAACGCTAGCCTATCA-1_3_2"
"5","AAACGCTCACCGTGAC-1_3_2"
"6","AAAGAACAGCCTCCAG-1_3_2"
"7","AAAGGATGTATGCGTT-1_3_2"
"8","AAAGGATTCAAGATAG-1_3_2"
"9","AAAGGGCGTTTATGCG-1_3_2"
"10","AAAGGGCTCTACGCAA-1_3_2"
"11","AAAGGTAGTTGCTCCT-1_3_2"
"12","AAAGTCCAGATGAACT-1_3_2"
"13","AAAGTCCTCCCGAATA-1_3_2"
"14","AAAGTGAAGTATCCTG-1_3_2"
"15","AAAGTGACATATCTCT-1_3_2"
"16","AAAGTGAGTAGTCTTG-1_3_2"
"17","AAAGTGATCTTCCACG-1_3_2"
"18","AAATGGACATACTGAC-1_3_2"
"19","AAATGGAGTCGGTAAG-1_3_2"
"20","AACAAAGCACACGGAA-1_3_2"
"21","AACAAAGCATGAAGGC-1_3_2"
"22","AACAAAGTCTCGGCTT-1_3_2"
"23","AACAACCAGTAATCCC-1_3_2"
"24","AACAACCAGTAGAGTT-1_3_2"
"25","AACACACAGACCACGA-1_3_2"
"26","AACACACTCATTGAGC-1_3_2"
"27","AACAGGGCAGCTGTGC-1_3_2"
"28","AACAGGGTCTTCGTGC-1_3_2"
"29","AACCAACGTTCCTAAG-1_3_2"
"30","AACCACAGTCCTTGTC-1_3_2"
"31","AACCATGGTACTGTTG-1_3_2"
"32","AACCATGTCACCTGGG-1_3_2"
"33","AACCCAAGTAATACCC-1_3_2"
"34","AACCCAAGTGGGTATG-1_3_2"
"35","AACCCAATCCAAGCTA-1_3_2"
"36","AACCTTTAGGTTAGTA-1_3_2"
"37","AACCTTTCAAGGCGTA-1_3_2"
"38","AACCTTTGTCACCGAC-1_3_2"
"39","AACGAAAAGACTCGAG-1_3_2"
"40","AACGGGACAGCAGACA-1_3_2"
"41","AACGGGAGTCTCAGAT-1_3_2"
"42","AACGGGATCAGGGTAG-1_3_2"
"43","AACGTCACATGCACTA-1_3_2"
"44","AACGTCAGTACTTCCC-1_3_2"
"45","AACGTCAGTGGCCACT-1_3_2"
"46","AACGTCATCCACGTCT-1_3_2"
"47","AACTTCTCAGAGATGC-1_3_2"
"48","AACTTCTTCGCCACTT-1_3_2"
"49","AACTTCTTCGTAGTGT-1_3_2"
"50","AAGAACACACGCTATA-1_3_2"
"51","AAGACAAAGTATAGGT-1_3_2"
"52","AAGATAGAGCCGATAG-1_3_2"
"53","AAGATAGAGGCATCAG-1_3_2"
"54","AAGCCATAGTTACGAA-1_3_2"
"55","AAGCCATTCTAGCATG-1_3_2"
"56","AAGCGAGAGAGCGACT-1_3_2"
"57","AAGCGAGAGTTAGTGA-1_3_2"
"58","AAGCGAGCACCCTGTT-1_3_2"
"59","AAGCGAGTCACTCTTA-1_3_2"
"60","AAGCGTTGTCAGTCTA-1_3_2"
"61","AAGGTAACAATGCAAA-1_3_2"
"62","AAGGTAAGTACGCTTA-1_3_2"
"63","AAGTACCAGCGTGTTT-1_3_2"
"64","AAGTTCGCACCCAATA-1_3_2"
"65","AATAGAGCACAACATC-1_3_2"
"66","AATAGAGGTCCATAGT-1_3_2"
"67","AATAGAGTCAACTTTC-1_3_2"
"68","AATAGAGTCGGAAACG-1_3_2"
"69","AATCACGCAAGAGAGA-1_3_2"
"70","AATCACGTCACGGTCG-1_3_2"
"71","AATCGACTCCCTCGAT-1_3_2"
"72","AATCGTGAGTCAGAGC-1_3_2"
"73","AATGACCTCCGTGGTG-1_3_2"
"74","AATGACCTCCTGTACC-1_3_2"
"75","AATGGAACAGCAGTAG-1_3_2"
"76","AATGGAAGTCCGTACG-1_3_2"
"77","AATGGAAGTGCGACAA-1_3_2"
"78","AATTCCTTCAAGCGTT-1_3_2"
"79","AATTTCCGTTGCCTAA-1_3_2"
"80","ACAACCAAGCGTTCAT-1_3_2"
"81","ACAACCAGTATGTGTC-1_3_2"
"82","ACAAGCTAGTACGTCT-1_3_2"
"83","ACACAGTAGTTACTCG-1_3_2"
"84","ACACAGTTCCTACAAG-1_3_2"
"85","ACACCAAAGGCTAACG-1_3_2"
"86","ACACCAAAGTCGCCAC-1_3_2"
"87","ACACCAAGTAGTCACT-1_3_2"
"88","ACACCAAGTTAAAGTG-1_3_2"
"89","ACACCAATCCTGGTCT-1_3_2"
"90","ACACCAATCTCTCGAC-1_3_2"
"91","ACACGCGCACCCGTAG-1_3_2"
"92","ACACGCGCAGTTTCAG-1_3_2"
"93","ACACTGACACAAGCCC-1_3_2"
"94","ACACTGACAGACCAGA-1_3_2"
"95","ACAGCCGAGTATGTAG-1_3_2"
"96","ACAGCCGCATGTGTCA-1_3_2"
"97","ACAGCCGTCCATAGAC-1_3_2"
"98","ACAGGGACAATTCTCT-1_3_2"
"99","ACATCCCAGAGAGTGA-1_3_2"
"100","ACATCCCGTTCTTGTT-1_3_2"
"101","ACATGCACATAGGTAA-1_3_2"
"102","ACATGCATCTAGCATG-1_3_2"
"103","ACATTTCTCGCCATAA-1_3_2"
"104","ACCAACACACGCTGCA-1_3_2"
"105","ACCAACATCACTCACC-1_3_2"
"106","ACCAACATCTTCCCGA-1_3_2"
"107","ACCACAAGTTTGAACC-1_3_2"
"108","ACCATTTAGATTCGCT-1_3_2"
"109","ACCATTTAGTAGAGTT-1_3_2"
"110","ACCATTTGTGTGTCGC-1_3_2"
"111","ACCCAAATCACTGTTT-1_3_2"
"112","ACCCAAATCGATCCAA-1_3_2"
"113","ACCCTCAAGAGGGCGA-1_3_2"
"114","ACCCTCACATTGAAAG-1_3_2"
"115","ACCCTCATCCAATGCA-1_3_2"
"116","ACCCTTGCAAGAGGTC-1_3_2"
"117","ACCCTTGGTGTGAGCA-1_3_2"
"118","ACCGTTCAGCTCGTGC-1_3_2"
"119","ACCGTTCAGGTTTGAA-1_3_2"
"120","ACCGTTCTCCCTAGGG-1_3_2"
"121","ACCTACCGTACCGTGC-1_3_2"
"122","ACCTACCTCTCATAGG-1_3_2"
"123","ACCTGTCAGCAGCGAT-1_3_2"
"124","ACGATCAAGATGTTAG-1_3_2"
"125","ACGATCACAAGTAGTA-1_3_2"
"126","ACGATCACAGGTCCGT-1_3_2"
"127","ACGATGTTCCGTGCGA-1_3_2"
"128","ACGATGTTCGCCTCTA-1_3_2"
"129","ACGATGTTCTACTGCC-1_3_2"
"130","ACGCACGCAAGGGCAT-1_3_2"
"131","ACGCACGTCCGTAATG-1_3_2"
"132","ACGGAAGGTCCAAATC-1_3_2"
"133","ACGGGTCAGTCAACAA-1_3_2"
"134","ACGGGTCCATGGCTAT-1_3_2"
"135","ACGGGTCGTCGGATTT-1_3_2"
"136","ACGGTCGGTGAGTTTC-1_3_2"
"137","ACGGTCGGTTAGAAGT-1_3_2"
"138","ACGGTTATCGTCTACC-1_3_2"
"139","ACGTAACTCCGAGCTG-1_3_2"
"140","ACTATCTAGACGACGT-1_3_2"
"141","ACTATCTGTCTCGGAC-1_3_2"
"142","ACTATGGAGATGCTAA-1_3_2"
"143","ACTATTCGTGTACGCC-1_3_2"
"144","ACTCCCATCGGATAAA-1_3_2"
"145","ACTGATGGTCGTACAT-1_3_2"
"146","ACTGATGTCTCGCTTG-1_3_2"
"147","ACTGTCCAGGGTTTCT-1_3_2"
"148","ACTGTGAAGGCCTTCG-1_3_2"
"149","ACTGTGACAGGTACGA-1_3_2"
"150","ACTTCCGAGCGTTCAT-1_3_2"
"151","ACTTCCGGTTTCACAG-1_3_2"
"152","ACTTCCGTCACTCACC-1_3_2"
"153","ACTTCGCAGGATGGCT-1_3_2"
"154","ACTTCGCCAAGTCATC-1_3_2"
"155","ACTTCGCTCTGAATCG-1_3_2"
"156","ACTTTCAAGTCCCAAT-1_3_2"
"157","ACTTTGTCAAACTCGT-1_3_2"
"158","AGAAATGGTGATACTC-1_3_2"
"159","AGAACAAAGGCAGGTT-1_3_2"
"160","AGAACCTAGTTGGGAC-1_3_2"
"161","AGAACCTGTAGGATAT-1_3_2"
"162","AGAACCTTCGAAGAAT-1_3_2"
"163","AGACAAACATCATGAC-1_3_2"
"164","AGACAAATCAGCGGAA-1_3_2"
"165","AGACACTGTAAGTCAA-1_3_2"
"166","AGACTCATCGGAGATG-1_3_2"
"167","AGACTCATCTGACAGT-1_3_2"
"168","AGAGAATAGATACAGT-1_3_2"
"169","AGAGAATAGCCAAGGT-1_3_2"
"170","AGAGAATCACGTCATA-1_3_2"
"171","AGAGAATGTAGACTGG-1_3_2"
"172","AGAGAATGTTTACCTT-1_3_2"
"173","AGAGAATTCGCAAGAG-1_3_2"
"174","AGAGAGCAGTGCTCAT-1_3_2"
"175","AGAGCCCTCCGTAATG-1_3_2"
"176","AGATAGAAGTTCTCTT-1_3_2"
"177","AGATAGATCGTGCATA-1_3_2"
"178","AGATCCACAATCGTCA-1_3_2"
"179","AGATCCACATCCGTGG-1_3_2"
"180","AGATCCAGTCGCCACA-1_3_2"
"181","AGATGCTCACCTAAAC-1_3_2"
"182","AGATGCTGTGGCTGAA-1_3_2"
"183","AGATGCTTCCCGTAAA-1_3_2"
"184","AGCCAATTCGCAGTCG-1_3_2"
"185","AGCCAGCAGGGTGGGA-1_3_2"
"186","AGCGATTAGACTAGAT-1_3_2"
"187","AGCGATTAGAGACAAG-1_3_2"
"188","AGCGATTAGCCTGACC-1_3_2"
"189","AGCGATTCAGACCTAT-1_3_2"
"190","AGCGATTTCTCCGAGG-1_3_2"
"191","AGCGCCACATCGGATT-1_3_2"
"192","AGCTCAAAGGATCACG-1_3_2"
"193","AGCTCAATCTTACACT-1_3_2"
"194","AGCTTCCGTATCAGCT-1_3_2"
"195","AGCTTCCGTTTCGACA-1_3_2"
"196","AGCTTCCTCCAACCGG-1_3_2"
"197","AGGAAATGTCTATGAC-1_3_2"
"198","AGGAATAAGTACAACA-1_3_2"
"199","AGGAATACATCGGAGA-1_3_2"
"200","AGGAATAGTGAATGAT-1_3_2"
"201","AGGACGAGTACTGTTG-1_3_2"
"202","AGGACGATCATCTACT-1_3_2"
"203","AGGACTTAGGAACTCG-1_3_2"
"204","AGGACTTCATCGTGCG-1_3_2"
"205","AGGACTTGTAATGATG-1_3_2"
"206","AGGAGGTCACCCAAGC-1_3_2"
"207","AGGATAAAGGCTCTCG-1_3_2"
"208","AGGATAAAGTTAGTGA-1_3_2"
"209","AGGATCTCATCCTAAG-1_3_2"
"210","AGGCCACTCCCTCTCC-1_3_2"
"211","AGGCCACTCCGCATAA-1_3_2"
"212","AGGCCACTCGCCTATC-1_3_2"
"213","AGGCCACTCTTGGCTC-1_3_2"
"214","AGGCTGCGTCTACGAT-1_3_2"
"215","AGGGAGTCATGGAACG-1_3_2"
"216","AGGGCTCCAACCAACT-1_3_2"
"217","AGGGCTCTCAGTCCGG-1_3_2"
"218","AGGGTCCAGCATCAGG-1_3_2"
"219","AGGGTCCTCGCTGCGA-1_3_2"
"220","AGGGTGAAGGACGGAG-1_3_2"
"221","AGGGTGAAGGTCATTC-1_3_2"
"222","AGGGTGACAGGTCAGA-1_3_2"
"223","AGGGTGATCCATAGGT-1_3_2"
"224","AGGGTGATCGACATAC-1_3_2"
"225","AGGTAGGGTCCACTTC-1_3_2"
"226","AGGTAGGTCCGTGACG-1_3_2"
"227","AGGTAGGTCTCTGGTC-1_3_2"
"228","AGGTCATTCGGTTCAA-1_3_2"
"229","AGGTGTTAGTATTCCG-1_3_2"
"230","AGGTGTTTCGTGCGAC-1_3_2"
"231","AGGTGTTTCTATTCGT-1_3_2"
"232","AGGTTACCAAGCAATA-1_3_2"
"233","AGGTTACTCTTAATCC-1_3_2"
"234","AGGTTGTAGAATCGAT-1_3_2"
"235","AGGTTGTTCCACGGGT-1_3_2"
"236","AGTAACCAGATACCAA-1_3_2"
"237","AGTACCAAGCGTGCTC-1_3_2"
"238","AGTACCACAGCTTCGG-1_3_2"
"239","AGTACTGGTGTTAGCT-1_3_2"
"240","AGTACTGTCGCCTCTA-1_3_2"
"241","AGTAGCTGTGCGACAA-1_3_2"
"242","AGTAGTCTCCGCCTAT-1_3_2"
"243","AGTCAACAGGGTCACA-1_3_2"
"244","AGTCACACATCCGAAT-1_3_2"
"245","AGTCATGGTCACCGAC-1_3_2"
"246","AGTCTCCGTCAGACGA-1_3_2"
"247","AGTGACTTCCCTGTTG-1_3_2"
"248","AGTGATCCACTGCTTC-1_3_2"
"249","AGTTAGCAGCAGGTCA-1_3_2"
"250","AGTTAGCGTGTTGACT-1_3_2"
"251","AGTTCCCAGAAATCCA-1_3_2"
"252","AGTTCCCAGACGCTCC-1_3_2"
"253","AGTTCCCTCGATCCAA-1_3_2"
"254","AGTTCGAAGTAAGACT-1_3_2"
"255","AGTTCGAAGTACAACA-1_3_2"
"256","AGTTCGATCAAGCCAT-1_3_2"
"257","ATACCGAGTACAGTAA-1_3_2"
"258","ATACCGATCTCAACCC-1_3_2"
"259","ATACCTTAGTATGCAA-1_3_2"
"260","ATACTTCCAATGGGTG-1_3_2"
"261","ATAGAGACATTGGCAT-1_3_2"
"262","ATAGAGAGTTCTCCCA-1_3_2"
"263","ATAGGCTCACTCACTC-1_3_2"
"264","ATAGGCTGTAACACCT-1_3_2"
"265","ATCACAGAGTAGACCG-1_3_2"
"266","ATCACAGCACGACTAT-1_3_2"
"267","ATCACAGGTACCTAAC-1_3_2"
"268","ATCACAGGTCAAATCC-1_3_2"
"269","ATCACAGGTCGTTCAA-1_3_2"
"270","ATCACAGTCATCACTT-1_3_2"
"271","ATCAGGTAGTGGATAT-1_3_2"
"272","ATCAGGTCACTGTGTA-1_3_2"
"273","ATCATTCGTGTAAATG-1_3_2"
"274","ATCCACCAGGGAGAAT-1_3_2"
"275","ATCCACCCAACAGATA-1_3_2"
"276","ATCCACCGTAAGTTGA-1_3_2"
"277","ATCCATTCATCATCTT-1_3_2"
"278","ATCCATTGTGTGCTTA-1_3_2"
"279","ATCCATTTCACCGCTT-1_3_2"
"280","ATCCGTCAGCGTGTTT-1_3_2"
"281","ATCCGTCCACTGAGTT-1_3_2"
"282","ATCCGTCTCACTGTCC-1_3_2"
"283","ATCCGTCTCATTTACC-1_3_2"
"284","ATCGCCTAGCTGTGCC-1_3_2"
"285","ATCGCCTAGTGTCATC-1_3_2"
"286","ATCGCCTCAGAGGTTG-1_3_2"
"287","ATCGGATCAAATCAGA-1_3_2"
"288","ATCGGATCATAATGAG-1_3_2"
"289","ATCGGCGTCTAACGGT-1_3_2"
"290","ATCGTAGAGTACCGGA-1_3_2"
"291","ATCGTAGCACCAGGTC-1_3_2"
"292","ATCGTCCAGCTCCGAC-1_3_2"
"293","ATCGTGAAGACAACAT-1_3_2"
"294","ATCTCTATCACTGATG-1_3_2"
"295","ATCTTCAAGATGTTAG-1_3_2"
"296","ATGAAAGCACACCTGG-1_3_2"
"297","ATGACCAAGGACAGTC-1_3_2"
"298","ATGACCATCGTCAACA-1_3_2"
"299","ATGACCATCTGCCCTA-1_3_2"
"300","ATGAGGGTCTATGCCC-1_3_2"
"301","ATGAGTCAGTGTGTTC-1_3_2"
"302","ATGAGTCGTCACAATC-1_3_2"
"303","ATGAGTCGTCGGCCTA-1_3_2"
"304","ATGAGTCTCCGGGACT-1_3_2"
"305","ATGATCGTCTCTCTAA-1_3_2"
"306","ATGCATGGTTGCTCGG-1_3_2"
"307","ATGCGATCACTACTTT-1_3_2"
"308","ATGCGATTCCGTGTGG-1_3_2"
"309","ATGGAGGGTACAAGTA-1_3_2"
"310","ATGGAGGGTGTCTTGA-1_3_2"
"311","ATGGAGGGTTGATGTC-1_3_2"
"312","ATGGATCGTACCCAGC-1_3_2"
"313","ATGGATCGTGCTATTG-1_3_2"
"314","ATGGATCGTGGCAGAT-1_3_2"
"315","ATGGTTGTCATATGGC-1_3_2"
"316","ATGGTTGTCGGACGTC-1_3_2"
"317","ATGTCCCAGATGAATC-1_3_2"
"318","ATGTCCCTCCGAAGGA-1_3_2"
"319","ATTACCTGTTTGGGTT-1_3_2"
"320","ATTACCTTCGCTAATG-1_3_2"
"321","ATTACTCCACCCTGTT-1_3_2"
"322","ATTACTCCATGACTCA-1_3_2"
"323","ATTATCCAGACAACTA-1_3_2"
"324","ATTATCCAGTCATACC-1_3_2"
"325","ATTATCCCAGGGAGAG-1_3_2"
"326","ATTATCCTCTGGTCAA-1_3_2"
"327","ATTCACTCATGGCCCA-1_3_2"
"328","ATTCAGGTCCTGGGTG-1_3_2"
"329","ATTCATCCAATTGCTG-1_3_2"
"330","ATTCCATGTCTTCATT-1_3_2"
"331","ATTCCATTCAAACTGC-1_3_2"
"332","ATTCCCGTCAAGCCAT-1_3_2"
"333","ATTCCCGTCGACCATA-1_3_2"
"334","ATTCCTAAGCTAGTTC-1_3_2"
"335","ATTCCTACAGGTCAAG-1_3_2"
"336","ATTCCTAGTATAATGG-1_3_2"
"337","ATTCCTATCTATTGTC-1_3_2"
"338","ATTCTACAGGACCCAA-1_3_2"
"339","ATTCTACAGTCTTGGT-1_3_2"
"340","ATTCTACCATACTGTG-1_3_2"
"341","ATTCTACGTCACTCGG-1_3_2"
"342","ATTCTACTCTATTGTC-1_3_2"
"343","ATTCTTGAGCATTGAA-1_3_2"
"344","ATTCTTGAGTCATAGA-1_3_2"
"345","ATTCTTGCACCATTCC-1_3_2"
"346","ATTGGGTAGGAGAGTA-1_3_2"
"347","ATTGGGTAGGAGATAG-1_3_2"
"348","ATTGGGTTCTTTCCGG-1_3_2"
"349","ATTGTTCAGCCTGCCA-1_3_2"
"350","ATTGTTCAGGAAGTCC-1_3_2"
"351","ATTGTTCGTATGTCCA-1_3_2"
"352","ATTGTTCGTTCGATTG-1_3_2"
"353","ATTGTTCTCACCTCGT-1_3_2"
"354","ATTGTTCTCGGCATAT-1_3_2"
"355","ATTGTTCTCTACGCGG-1_3_2"
"356","ATTGTTCTCTGCCCTA-1_3_2"
"357","ATTTACCAGACTTCGT-1_3_2"
"358","ATTTACCAGATTGACA-1_3_2"
"359","ATTTCTGGTCGTGCCA-1_3_2"
"360","ATTTCTGGTGGGATTG-1_3_2"
"361","ATTTCTGTCAAGTTGC-1_3_2"
"362","ATTTCTGTCATTACTC-1_3_2"
"363","ATTTCTGTCGCCTAGG-1_3_2"
"364","CAAAGAAGTGGACCAA-1_3_2"
"365","CAACAGTAGGAATGTT-1_3_2"
"366","CAACAGTTCTCGCCTA-1_3_2"
"367","CAACAGTTCTGGGATT-1_3_2"
"368","CAACCAACAAATCAGA-1_3_2"
"369","CAACCTCAGTCAATCC-1_3_2"
"370","CAACCTCGTGTGTGGA-1_3_2"
"371","CAACCTCTCAGGAAGC-1_3_2"
"372","CAACGATCAAATGATG-1_3_2"
"373","CAAGAGGCAGGCAATG-1_3_2"
"374","CAAGAGGGTCCTGAAT-1_3_2"
"375","CAAGCTACAATCGCCG-1_3_2"
"376","CAAGCTACACAAGTGG-1_3_2"
"377","CAAGGGAAGCGAGGAG-1_3_2"
"378","CAAGGGAAGCGCCTTG-1_3_2"
"379","CAAGGGATCTGAATGC-1_3_2"
"380","CAATACGGTGTCCATA-1_3_2"
"381","CAATACGTCCCAGGAC-1_3_2"
"382","CAATTTCAGATACCAA-1_3_2"
"383","CAATTTCGTGCCGAAA-1_3_2"
"384","CACAACAAGCTCACTA-1_3_2"
"385","CACAACACAGAGAATT-1_3_2"
"386","CACAACATCGTAGCTA-1_3_2"
"387","CACACAAAGGTACAAT-1_3_2"
"388","CACACAACAAGAGGTC-1_3_2"
"389","CACACAATCATTGCCC-1_3_2"
"390","CACAGGCAGATTAGTG-1_3_2"
"391","CACAGGCCATGGCGCT-1_3_2"
"392","CACATGAAGTGTAGAT-1_3_2"
"393","CACCAAACACAAACGG-1_3_2"
"394","CACCAAAGTACTAGCT-1_3_2"
"395","CACCAAAGTGACTGTT-1_3_2"
"396","CACCGTTAGTCCTACA-1_3_2"
"397","CACCGTTCAAGTCGTT-1_3_2"
"398","CACCGTTTCGACACTA-1_3_2"
"399","CACCGTTTCTAGCATG-1_3_2"
"400","CACGAATAGATGCAGC-1_3_2"
"401","CACGAATCAAGGTACG-1_3_2"
"402","CACGAATCATACCACA-1_3_2"
"403","CACGAATCATGTACGT-1_3_2"
"404","CACGGGTAGCAAGCCA-1_3_2"
"405","CACGGGTCACTTCAAG-1_3_2"
"406","CACGTGGTCTGCATGA-1_3_2"
"407","CACGTTCCAAGTACCT-1_3_2"
"408","CACGTTCGTAGGATAT-1_3_2"
"409","CACGTTCGTGTGTGTT-1_3_2"
"410","CACTAAGAGAGTTGCG-1_3_2"
"411","CACTAAGTCCGCACTT-1_3_2"
"412","CACTGAAGTCTGTGCG-1_3_2"
"413","CACTGGGAGCGTACAG-1_3_2"
"414","CACTGGGGTTCCTAAG-1_3_2"
"415","CACTGTCAGATCCCAT-1_3_2"
"416","CACTGTCCACGGTGTC-1_3_2"
"417","CACTGTCTCATGGTAC-1_3_2"
"418","CACTTCGTCTCTATAC-1_3_2"
"419","CAGAGCCCAGAGACTG-1_3_2"
"420","CAGATACAGATCGCCC-1_3_2"
"421","CAGATACCAATCTGCA-1_3_2"
"422","CAGATCACAAAGTATG-1_3_2"
"423","CAGATCACACAGCTGC-1_3_2"
"424","CAGATCACAGTTACCA-1_3_2"
"425","CAGATCACAGTTCTAG-1_3_2"
"426","CAGATCATCACAAGGG-1_3_2"
"427","CAGATTGGTAGTGGCA-1_3_2"
"428","CAGCAATAGCAGCCCT-1_3_2"
"429","CAGCAATAGGAACATT-1_3_2"
"430","CAGCAATAGGCGCTTC-1_3_2"
"431","CAGCAATCAGGTCCCA-1_3_2"
"432","CAGCAATGTTGGACCC-1_3_2"
"433","CAGCACGCAGCTAACT-1_3_2"
"434","CAGCACGGTATCAGGG-1_3_2"
"435","CAGCAGCTCATGAGAA-1_3_2"
"436","CAGCAGCTCTGGTTGA-1_3_2"
"437","CAGCCAGAGGAATTAC-1_3_2"
"438","CAGGCCAGTGACTCGC-1_3_2"
"439","CAGGCCAGTGCCGTAC-1_3_2"
"440","CAGGCCAGTGTGGTCC-1_3_2"
"441","CAGGTATCACCAGCTG-1_3_2"
"442","CAGTGCGAGATGCTAA-1_3_2"
"443","CAGTGCGAGTATTCCG-1_3_2"
"444","CAGTTAGAGGACTATA-1_3_2"
"445","CAGTTAGAGTAACGTA-1_3_2"
"446","CAGTTAGCACTTTATC-1_3_2"
"447","CAGTTCCAGAATAACC-1_3_2"
"448","CATAAGCCACAGCTGC-1_3_2"
"449","CATAAGCTCCACAGCG-1_3_2"
"450","CATACAGCAGTTACCA-1_3_2"
"451","CATACCCAGGATACGC-1_3_2"
"452","CATACCCGTCACATTG-1_3_2"
"453","CATACTTCACAGCCTG-1_3_2"
"454","CATCAAGGTACGTTCA-1_3_2"
"455","CATCAAGGTTGCGGCT-1_3_2"
"456","CATCAAGGTTGGTAGG-1_3_2"
"457","CATCCACAGACATAAC-1_3_2"
"458","CATCCACAGGTACAAT-1_3_2"
"459","CATCCACCAGCGTTTA-1_3_2"
"460","CATCCACGTTCCTAGA-1_3_2"
"461","CATCCACTCCTACTGC-1_3_2"
"462","CATCCCAGTCGTTGGC-1_3_2"
"463","CATCCCAGTGCTTATG-1_3_2"
"464","CATCCCATCTTCTCAA-1_3_2"
"465","CATCCGTTCCACGTCT-1_3_2"
"466","CATCGCTCAGGGAATC-1_3_2"
"467","CATCGCTGTTCCTAAG-1_3_2"
"468","CATCGTCCAGTGCCTG-1_3_2"
"469","CATGAGTGTTGCTCCT-1_3_2"
"470","CATGAGTTCATTACTC-1_3_2"
"471","CATGCAACATACCGTA-1_3_2"
"472","CATGCAAGTCAATCTG-1_3_2"
"473","CATGCAAGTCTTGGTA-1_3_2"
"474","CATGCGGAGGTAAACT-1_3_2"
"475","CATGCTCGTTCGAACT-1_3_2"
"476","CATGGATCACCAAATC-1_3_2"
"477","CATGGATCACCGTGAC-1_3_2"
"478","CATGGATCACGACGCT-1_3_2"
"479","CATGGATGTAGTTACC-1_3_2"
"480","CATGGTACACGCGCTA-1_3_2"
"481","CATGGTATCGAGAAGC-1_3_2"
"482","CATTCTATCGAACCAT-1_3_2"
"483","CATTGTTCAACTGATC-1_3_2"
"484","CATTGTTTCATAAGGA-1_3_2"
"485","CATTGTTTCTGCGGAC-1_3_2"
"486","CATTTCAAGAGTATAC-1_3_2"
"487","CCAAGCGAGTCCTGTA-1_3_2"
"488","CCAATGACACATTACG-1_3_2"
"489","CCAATGATCCGATCTC-1_3_2"
"490","CCAATTTAGATACGAT-1_3_2"
"491","CCAATTTCATGATGCT-1_3_2"
"492","CCACAAAGTACCTAGT-1_3_2"
"493","CCACACTCAGCTCATA-1_3_2"
"494","CCACACTGTAAGGAGA-1_3_2"
"495","CCACACTTCCTAACAG-1_3_2"
"496","CCACACTTCTGCCTGT-1_3_2"
"497","CCACCATCAAGACCGA-1_3_2"
"498","CCACCATTCTCATTTG-1_3_2"
"499","CCACGAGCAATAGAGT-1_3_2"
"500","CCACGAGTCCAGCACG-1_3_2"
"501","CCACGTTAGACCATAA-1_3_2"
"502","CCACTTGAGGCGCTTC-1_3_2"
"503","CCACTTGTCACCTCTG-1_3_2"
"504","CCATAAGTCCAACCGG-1_3_2"
"505","CCATCACTCGTCAAAC-1_3_2"
"506","CCATCACTCTATGTGG-1_3_2"
"507","CCCAACTAGCCTGTGC-1_3_2"
"508","CCCAACTAGGGCCCTT-1_3_2"
"509","CCCAACTCATGACAAA-1_3_2"
"510","CCCATTGCATGTGCCG-1_3_2"
"511","CCCATTGGTAACAGTA-1_3_2"
"512","CCCATTGTCTCGGTAA-1_3_2"
"513","CCCGAAGTCTACCAGA-1_3_2"
"514","CCCGGAACAAGATCCT-1_3_2"
"515","CCCGGAACAGCTTTCC-1_3_2"
"516","CCCTAACAGAGCCCAA-1_3_2"
"517","CCCTAACCAAAGCACG-1_3_2"
"518","CCCTAACGTTTAGTCG-1_3_2"
"519","CCCTAACGTTTCTTAC-1_3_2"
"520","CCCTCAACACGTTGGC-1_3_2"
"521","CCCTCTCAGGTCTACT-1_3_2"
"522","CCCTCTCGTCCGACGT-1_3_2"
"523","CCCTGATAGGGTGAAA-1_3_2"
"524","CCCTGATCAGCTTCGG-1_3_2"
"525","CCCTTAGAGCACTCTA-1_3_2"
"526","CCCTTAGGTACGAGTG-1_3_2"
"527","CCGGACAAGAAGATCT-1_3_2"
"528","CCGGACAAGTCATGCT-1_3_2"
"529","CCGGACACAAGACGGT-1_3_2"
"530","CCGGACAGTGTCCTAA-1_3_2"
"531","CCGGTAGTCGCGTTTC-1_3_2"
"532","CCGGTGACATACATCG-1_3_2"
"533","CCGGTGAGTTGCTAGT-1_3_2"
"534","CCGGTGATCCTGGTCT-1_3_2"
"535","CCGTAGGCAGAAATCA-1_3_2"
"536","CCGTGAGCATGCGTGC-1_3_2"
"537","CCGTGAGTCCGCAAAT-1_3_2"
"538","CCGTGAGTCTACACAG-1_3_2"
"539","CCGTTCAGTGTTGAGG-1_3_2"
"540","CCGTTCAGTTATGTGC-1_3_2"
"541","CCTAAGAAGTCTCCTC-1_3_2"
"542","CCTAAGAGTATCGAAA-1_3_2"
"543","CCTACGTAGTGCCCGT-1_3_2"
"544","CCTACGTGTCCTCAGG-1_3_2"
"545","CCTCAACTCCAAGCAT-1_3_2"
"546","CCTCAGTCACGGCCAT-1_3_2"
"547","CCTCAGTTCAGCTAGT-1_3_2"
"548","CCTCATGTCCTACCGT-1_3_2"
"549","CCTCCAAAGTGGACTG-1_3_2"
"550","CCTCCAACATGTTCGA-1_3_2"
"551","CCTCCTCAGTATAGGT-1_3_2"
"552","CCTCCTCGTACTCGAT-1_3_2"
"553","CCTCTAGCAACCTAAC-1_3_2"
"554","CCTCTCCGTATGTCCA-1_3_2"
"555","CCTCTCCGTTGTCAGT-1_3_2"
"556","CCTCTCCTCCTCGCAT-1_3_2"
"557","CCTCTCCTCCTCTGCA-1_3_2"
"558","CCTGCATAGACGCAGT-1_3_2"
"559","CCTGCATCACCAACAT-1_3_2"
"560","CCTGCATCATGGCGCT-1_3_2"
"561","CCTGCATGTCGCTTGG-1_3_2"
"562","CCTGTTGAGCACCAGA-1_3_2"
"563","CCTGTTGCAAATGGAT-1_3_2"
"564","CCTGTTGGTCCTACGG-1_3_2"
"565","CCTTCAGAGGCATTTC-1_3_2"
"566","CCTTGTGCACATAACC-1_3_2"
"567","CCTTGTGGTACCGCGT-1_3_2"
"568","CGAAGGACAATAAGGT-1_3_2"
"569","CGAAGTTAGGCTAACG-1_3_2"
"570","CGAAGTTGTCCGCAGT-1_3_2"
"571","CGAGGAACAAGACCGA-1_3_2"
"572","CGAGGCTTCCAGTACA-1_3_2"
"573","CGAGTGCAGCTCGAAG-1_3_2"
"574","CGAGTGCTCTAGAGCT-1_3_2"
"575","CGAGTTACAGTGGCTC-1_3_2"
"576","CGAGTTATCTGGGTCG-1_3_2"
"577","CGATCGGGTTCAGGTT-1_3_2"
"578","CGATGCGAGTACAGCG-1_3_2"
"579","CGATGCGGTCCTTTGC-1_3_2"
"580","CGATGCGGTGCCTGAC-1_3_2"
"581","CGATGCGTCTCGGGAC-1_3_2"
"582","CGATGGCCAGACCAGA-1_3_2"
"583","CGCAGGTCACAGCCAC-1_3_2"
"584","CGCATGGTCGCCCAGA-1_3_2"
"585","CGCCAGATCACTGCTC-1_3_2"
"586","CGCCATTTCAAGGCTT-1_3_2"
"587","CGCCATTTCATGAGAA-1_3_2"
"588","CGCCATTTCCTATTGT-1_3_2"
"589","CGCGTGAAGGAGGGTG-1_3_2"
"590","CGCGTGACACATTCGA-1_3_2"
"591","CGCGTGAGTACGAAAT-1_3_2"
"592","CGCGTGATCACAATGC-1_3_2"
"593","CGCGTGATCATGCAGT-1_3_2"
"594","CGGAACCGTCCGGATC-1_3_2"
"595","CGGAACCGTGGCTTGC-1_3_2"
"596","CGGAATTAGTTGCTGT-1_3_2"
"597","CGGAATTCATAGGAGC-1_3_2"
"598","CGGACACCAAGTGACG-1_3_2"
"599","CGGAGAAGTAAGTCAA-1_3_2"
"600","CGGCAGTAGTGCCCGT-1_3_2"
"601","CGGGACTGTAGCTTGT-1_3_2"
"602","CGGGCATAGCCTAGGA-1_3_2"
"603","CGGGCATCACATATGC-1_3_2"
"604","CGGGTCAAGCTACTGT-1_3_2"
"605","CGGGTCATCAAGCCCG-1_3_2"
"606","CGGGTGTCAGGCTTGC-1_3_2"
"607","CGGTCAGAGCAAGTCG-1_3_2"
"608","CGGTCAGTCGATACGT-1_3_2"
"609","CGTAAGTAGCTAATGA-1_3_2"
"610","CGTCAAACATCTCCCA-1_3_2"
"611","CGTCAAAGTTGTCAGT-1_3_2"
"612","CGTCCATAGTGTGTTC-1_3_2"
"613","CGTCCATAGTTCGGTT-1_3_2"
"614","CGTCCATCAAAGGCTG-1_3_2"
"615","CGTCCATCAGCAGACA-1_3_2"
"616","CGTGAATTCTGCGGAC-1_3_2"
"617","CGTGCTTGTCGTTTCC-1_3_2"
"618","CGTGCTTGTCTGTAAC-1_3_2"
"619","CGTGTCTCAGACTCTA-1_3_2"
"620","CGTGTCTGTTCTCTCG-1_3_2"
"621","CGTGTCTTCGAAGGAC-1_3_2"
"622","CGTTAGACAAATAAGC-1_3_2"
"623","CGTTAGACAACGGTAG-1_3_2"
"624","CGTTAGACACTCCGGA-1_3_2"
"625","CGTTAGATCGGACGTC-1_3_2"
"626","CGTTCTGAGTCGGCCT-1_3_2"
"627","CGTTCTGGTATTCCTT-1_3_2"
"628","CGTTGGGAGAGGCTGT-1_3_2"
"629","CGTTGGGTCGGTGAAG-1_3_2"
"630","CTAACCCGTACAGTCT-1_3_2"
"631","CTAACCCGTTATAGCC-1_3_2"
"632","CTAAGTGGTTTATGCG-1_3_2"
"633","CTACAGAGTACACGTT-1_3_2"
"634","CTACAGAGTTCCGCAG-1_3_2"
"635","CTACATTCACGGTAGA-1_3_2"
"636","CTACCTGGTAGCGAGT-1_3_2"
"637","CTACCTGTCCAATGCA-1_3_2"
"638","CTACCTGTCTAAGCCA-1_3_2"
"639","CTACGGGAGGCAATGC-1_3_2"
"640","CTACTATAGACCATGG-1_3_2"
"641","CTAGACAAGGAATTAC-1_3_2"
"642","CTAGACATCGTAGGGA-1_3_2"
"643","CTAGGTAAGCCTGAGA-1_3_2"
"644","CTATAGGGTCCTGTTC-1_3_2"
"645","CTATCCGCACCAATTG-1_3_2"
"646","CTATCCGGTAAGACCG-1_3_2"
"647","CTATCCGTCGGATTAC-1_3_2"
"648","CTCAACCCAAATCCCA-1_3_2"
"649","CTCAAGAGTACAACGG-1_3_2"
"650","CTCAATTGTACGATCT-1_3_2"
"651","CTCAATTGTCATCTAG-1_3_2"
"652","CTCAGAAGTCCTGAAT-1_3_2"
"653","CTCAGAAGTTTACTGG-1_3_2"
"654","CTCAGTCCATCATTTC-1_3_2"
"655","CTCATGCTCTGTCTCG-1_3_2"
"656","CTCATTACAGGCGAAT-1_3_2"
"657","CTCCAACGTTCGGTAT-1_3_2"
"658","CTCCACAGTACCCGAC-1_3_2"
"659","CTCCACATCGCGTTTC-1_3_2"
"660","CTCCACATCGCTCCTA-1_3_2"
"661","CTCCACATCTCGAGTA-1_3_2"
"662","CTCCATGGTCTGTGTA-1_3_2"
"663","CTCCCAACAAGCTACT-1_3_2"
"664","CTCCCAAGTTTCGACA-1_3_2"
"665","CTCCCTCGTATCGAAA-1_3_2"
"666","CTCCGATAGTAGCCAG-1_3_2"
"667","CTCCGATCATCGCCTT-1_3_2"
"668","CTCCTCCCAGGGACTA-1_3_2"
"669","CTCCTTTCAGCACAGA-1_3_2"
"670","CTCCTTTGTGAGCCAA-1_3_2"
"671","CTCCTTTTCGGCTGGT-1_3_2"
"672","CTCGAGGTCTAGGAAA-1_3_2"
"673","CTCTCAGCAGAGGGTT-1_3_2"
"674","CTCTCGACAGTTGTCA-1_3_2"
"675","CTCTGGTCACGAGGAT-1_3_2"
"676","CTGAATGAGTCACGCC-1_3_2"
"677","CTGAGCGAGCAAACAT-1_3_2"
"678","CTGAGGCCATCGGAAG-1_3_2"
"679","CTGAGGCTCAACACCA-1_3_2"
"680","CTGATCCCAAGCCCAC-1_3_2"
"681","CTGATCCTCGCTGATA-1_3_2"
"682","CTGCAGGAGCGAATGC-1_3_2"
"683","CTGCCATAGATCCGAG-1_3_2"
"684","CTGCCATAGTCTAGAA-1_3_2"
"685","CTGCCATCACCCTTAC-1_3_2"
"686","CTGCCATCATTCTGTT-1_3_2"
"687","CTGCCATTCTGGCCTT-1_3_2"
"688","CTGCCTAAGCAGAAAG-1_3_2"
"689","CTGCGAGCAATTTCCT-1_3_2"
"690","CTGCGAGGTACCGGCT-1_3_2"
"691","CTGCGAGTCTGTTGGA-1_3_2"
"692","CTGCTCACACATACTG-1_3_2"
"693","CTGCTCACACGTAGTT-1_3_2"
"694","CTGCTCACATGTGCCG-1_3_2"
"695","CTGGACGCAACTGCCG-1_3_2"
"696","CTGGTCTCAGGGTCTC-1_3_2"
"697","CTGGTCTGTTACTCAG-1_3_2"
"698","CTGGTCTTCAGCAATC-1_3_2"
"699","CTGTATTAGGGCTAAC-1_3_2"
"700","CTGTATTTCTATTCGT-1_3_2"
"701","CTGTCGTTCTGTAACG-1_3_2"
"702","CTGTGAATCTCTGGTC-1_3_2"
"703","CTGTGGGCAATTCACG-1_3_2"
"704","CTTACCGAGCTAGAAT-1_3_2"
"705","CTTACCGCAAACCATC-1_3_2"
"706","CTTACCGGTGGCATCC-1_3_2"
"707","CTTCAATCAGGACTAG-1_3_2"
"708","CTTCAATGTTACCGTA-1_3_2"
"709","CTTCCGACACAAGCTT-1_3_2"
"710","CTTCGGTGTCAACACT-1_3_2"
"711","CTTCTCTAGGGCAAGG-1_3_2"
"712","CTTCTCTGTGGCACTC-1_3_2"
"713","CTTGATTCACGCCACA-1_3_2"
"714","CTTTCAAAGACGCATG-1_3_2"
"715","CTTTCAACATCGGCCA-1_3_2"
"716","CTTTCAAGTCCTACAA-1_3_2"
"717","CTTTCAAGTGGTCAAG-1_3_2"
"718","CTTTCAATCCCAAGTA-1_3_2"
"719","CTTTCAATCTAGACAC-1_3_2"
"720","GAAACCTGTCTGATCA-1_3_2"
"721","GAAATGACAAGAGAGA-1_3_2"
"722","GAACGTTAGCCAAGCA-1_3_2"
"723","GAACGTTGTAGTGATA-1_3_2"
"724","GAAGAATAGGGACACT-1_3_2"
"725","GAAGAATCAAGCACAG-1_3_2"
"726","GAAGAATGTATGAGGC-1_3_2"
"727","GAAGCCCCACGAGAAC-1_3_2"
"728","GAAGCGATCCATCGTC-1_3_2"
"729","GAAGCGATCCTTGGAA-1_3_2"
"730","GAAGTAACAACACGAG-1_3_2"
"731","GAAGTAACAAGCACCC-1_3_2"
"732","GAAGTAACATCGATAC-1_3_2"
"733","GAATAGAAGCTACTGT-1_3_2"
"734","GAATCACAGTTTGGCT-1_3_2"
"735","GAATCGTAGTTGCTCA-1_3_2"
"736","GACACGCCATCCCACT-1_3_2"
"737","GACACGCGTTACAGCT-1_3_2"
"738","GACAGCCAGGAAAGGT-1_3_2"
"739","GACATCAAGCGAGTCA-1_3_2"
"740","GACCTTCCATCCGTGG-1_3_2"
"741","GACGTTAGTATTGCCA-1_3_2"
"742","GACTCTCAGTCATTGC-1_3_2"
"743","GACTCTCTCTGTAACG-1_3_2"
"744","GACTGATCAGTATTCG-1_3_2"
"745","GACTTCCAGCCGATTT-1_3_2"
"746","GACTTCCAGGCATCTT-1_3_2"
"747","GACTTCCCAGCTATTG-1_3_2"
"748","GACTTCCTCGCTAATG-1_3_2"
"749","GAGACCCTCTCGTCAC-1_3_2"
"750","GAGAGGTCAGCGCGTT-1_3_2"
"751","GAGATGGCAGCCTATA-1_3_2"
"752","GAGCTGCCAACACTAC-1_3_2"
"753","GAGCTGCCACTGATTG-1_3_2"
"754","GAGGCCTCATCCCGTT-1_3_2"
"755","GAGGCCTGTCATACCA-1_3_2"
"756","GAGGGATAGTTCAACC-1_3_2"
"757","GAGGGATCAGGGATAC-1_3_2"
"758","GAGGGTACATAGTCAC-1_3_2"
"759","GAGGGTATCGTGTTCC-1_3_2"
"760","GAGTCATGTTACACTG-1_3_2"
"761","GAGTCTATCTTCGCTG-1_3_2"
"762","GAGTGAGAGCAGGTCA-1_3_2"
"763","GAGTGAGCACATTGTG-1_3_2"
"764","GAGTGAGCAGCCTACG-1_3_2"
"765","GAGTTACCAAGCCATT-1_3_2"
"766","GAGTTGTAGGAAGTAG-1_3_2"
"767","GAGTTGTCAGCTACCG-1_3_2"
"768","GAGTTGTGTAATGCTC-1_3_2"
"769","GAGTTTGAGAACTTCC-1_3_2"
"770","GAGTTTGCACCAGCTG-1_3_2"
"771","GAGTTTGCATCGATCA-1_3_2"
"772","GATAGAAAGCTCGTGC-1_3_2"
"773","GATAGCTAGCTCCATA-1_3_2"
"774","GATCACACACCCATAA-1_3_2"
"775","GATCACAGTCTTGCTC-1_3_2"
"776","GATCATGTCTCTAGGA-1_3_2"
"777","GATCGTATCTACTATC-1_3_2"
"778","GATGACTGTGGCCACT-1_3_2"
"779","GATGAGGTCCTGTACC-1_3_2"
"780","GATGATCCAGTCGTTA-1_3_2"
"781","GATGATCGTGGTTTGT-1_3_2"
"782","GATGGAGAGATACCAA-1_3_2"
"783","GATGTTGAGGGACCAT-1_3_2"
"784","GATGTTGAGGTATAGT-1_3_2"
"785","GATGTTGAGTTACGAA-1_3_2"
"786","GATTCGAAGATAGGGA-1_3_2"
"787","GATTCGACATCTTAGG-1_3_2"
"788","GATTCGAGTCTACGAT-1_3_2"
"789","GATTCGAGTCTCCTGT-1_3_2"
"790","GATTCGATCCTGTTGC-1_3_2"
"791","GATTCTTAGAAGTCAT-1_3_2"
"792","GATTCTTTCGGCATTA-1_3_2"
"793","GATTGGTGTAGATTGA-1_3_2"
"794","GATTTCTTCCTGGGAC-1_3_2"
"795","GCACGGTCACTACCCT-1_3_2"
"796","GCACGTGAGGCGCTCT-1_3_2"
"797","GCACGTGGTCTACAAC-1_3_2"
"798","GCACGTGTCCTTATCA-1_3_2"
"799","GCAGCCAAGCGCCTAC-1_3_2"
"800","GCAGCCAAGCTAAATG-1_3_2"
"801","GCAGCCATCCGAGTGC-1_3_2"
"802","GCAGCTGAGTCACTAC-1_3_2"
"803","GCAGGCTGTTAAGTCC-1_3_2"
"804","GCATCGGTCTCATTTG-1_3_2"
"805","GCATCTCAGTGCTCGC-1_3_2"
"806","GCATCTCTCGCGCCAA-1_3_2"
"807","GCATTAGCACATGACT-1_3_2"
"808","GCATTAGGTACCCGCA-1_3_2"
"809","GCCAACGAGTTAGTGA-1_3_2"
"810","GCCAACGTCACTGCTC-1_3_2"
"811","GCCAACGTCCGTAATG-1_3_2"
"812","GCCAGGTAGTAATACG-1_3_2"
"813","GCCAGGTTCAATCGGT-1_3_2"
"814","GCCAGTGCAGCGATTT-1_3_2"
"815","GCCAGTGTCTCGTGGG-1_3_2"
"816","GCCATGGCAAGCCCAC-1_3_2"
"817","GCCATTCGTCCAAGAG-1_3_2"
"818","GCCATTCTCGTTCAGA-1_3_2"
"819","GCCCAGACATACCATG-1_3_2"
"820","GCCCAGAGTTGCCGAC-1_3_2"
"821","GCCCAGATCCATGAGT-1_3_2"
"822","GCCCAGATCCTCTTTC-1_3_2"
"823","GCCGATGAGTCTGCAT-1_3_2"
"824","GCCGATGCAAGTAGTA-1_3_2"
"825","GCCGATGGTCCTCATC-1_3_2"
"826","GCCGTGAGTAAGATCA-1_3_2"
"827","GCCGTGAGTGCCTTTC-1_3_2"
"828","GCGAGAAAGGTATAGT-1_3_2"
"829","GCGAGAATCCCGTTGT-1_3_2"
"830","GCGATCGCAGGTGTTT-1_3_2"
"831","GCGTGCAAGCCTGTGC-1_3_2"
"832","GCTACCTAGAAGATCT-1_3_2"
"833","GCTACCTAGCGACTTT-1_3_2"
"834","GCTACCTAGCGGGTTA-1_3_2"
"835","GCTACCTAGGGATCGT-1_3_2"
"836","GCTACCTCAATGCTCA-1_3_2"
"837","GCTACCTTCCACGGAC-1_3_2"
"838","GCTACCTTCTAGTCAG-1_3_2"
"839","GCTCAAAGTCCTACGG-1_3_2"
"840","GCTCAAAGTCTAGTGT-1_3_2"
"841","GCTGAATAGCGTACAG-1_3_2"
"842","GCTGAATAGTAGGCCA-1_3_2"
"843","GCTGAATGTGCGTGCT-1_3_2"
"844","GCTGCAGTCCTTGGAA-1_3_2"
"845","GCTGCAGTCGCTGATA-1_3_2"
"846","GCTGGGTAGTCACAGG-1_3_2"
"847","GCTGGGTCAAAGACTA-1_3_2"
"848","GCTTGGGCACAGAGAC-1_3_2"
"849","GCTTTCGTCTCTGGTC-1_3_2"
"850","GGAACCCGTGACTAAA-1_3_2"
"851","GGAAGTGAGTGCCAGA-1_3_2"
"852","GGAAGTGGTGAATGAT-1_3_2"
"853","GGAAGTGTCGATACGT-1_3_2"
"854","GGAATCTTCCTTTAGT-1_3_2"
"855","GGAATGGAGATAACGT-1_3_2"
"856","GGACGTCGTTCGTTCC-1_3_2"
"857","GGACGTCTCGTGCAGC-1_3_2"
"858","GGAGAACCAGAGCCCT-1_3_2"
"859","GGAGAACCATGACCCG-1_3_2"
"860","GGAGATGCACGTACTA-1_3_2"
"861","GGAGATGTCGTCGGGT-1_3_2"
"862","GGAGCAAAGAGCCATG-1_3_2"
"863","GGAGCAATCCCATTCG-1_3_2"
"864","GGAGGATCATCTGCGG-1_3_2"
"865","GGAGGTACACAGTCAT-1_3_2"
"866","GGAGGTATCGATACTG-1_3_2"
"867","GGATGTTCATTCAGCA-1_3_2"
"868","GGCACGTTCGACGATT-1_3_2"
"869","GGCAGTCCACATTGTG-1_3_2"
"870","GGCGTCATCTCATGCC-1_3_2"
"871","GGCTGTGAGTTTCAGC-1_3_2"
"872","GGCTTGGCAAGGACAC-1_3_2"
"873","GGCTTGGGTATGACAA-1_3_2"
"874","GGCTTTCAGGAACGTC-1_3_2"
"875","GGCTTTCCATGCACTA-1_3_2"
"876","GGGAAGTCAGTCAGTT-1_3_2"
"877","GGGACAACATGGAGAC-1_3_2"
"878","GGGACCTGTTACGGAG-1_3_2"
"879","GGGACTCAGCAACTCT-1_3_2"
"880","GGGACTCAGCGGGTTA-1_3_2"
"881","GGGACTCAGCTTACGT-1_3_2"
"882","GGGACTCGTTTCCCAC-1_3_2"
"883","GGGAGTAAGGAGACCT-1_3_2"
"884","GGGAGTAGTAGGAAAG-1_3_2"
"885","GGGAGTATCGCGGACT-1_3_2"
"886","GGGATCCGTAGGGTAC-1_3_2"
"887","GGGATCCTCAGACCTA-1_3_2"
"888","GGGATGAAGGTCACTT-1_3_2"
"889","GGGCGTTCACTACACA-1_3_2"
"890","GGGCTACTCTCCACTG-1_3_2"
"891","GGGCTCAAGAAGGATG-1_3_2"
"892","GGGCTCACAGCGTGAA-1_3_2"
"893","GGGCTCATCACTTATC-1_3_2"
"894","GGGTATTCAGTTGTCA-1_3_2"
"895","GGGTCACTCGGCCCAA-1_3_2"
"896","GGGTCTGGTACTGTTG-1_3_2"
"897","GGGTGAATCGAATGCT-1_3_2"
"898","GGGTGTCAGCTCCCTT-1_3_2"
"899","GGGTGTCGTAGCGAGT-1_3_2"
"900","GGGTGTCTCGTTCCTG-1_3_2"
"901","GGGTGTCTCGTTGTGA-1_3_2"
"902","GGGTTATAGTGGCGAT-1_3_2"
"903","GGGTTATCATGGCACC-1_3_2"
"904","GGGTTATGTTGTGTAC-1_3_2"
"905","GGGTTATTCCGATGTA-1_3_2"
"906","GGGTTTAAGGGATCTG-1_3_2"
"907","GGGTTTACAGATTCGT-1_3_2"
"908","GGGTTTACAGGGTTGA-1_3_2"
"909","GGTAACTAGAATTCAG-1_3_2"
"910","GGTAACTCAGCATGCC-1_3_2"
"911","GGTAACTTCGGACGTC-1_3_2"
"912","GGTAATCCAGAGCGTA-1_3_2"
"913","GGTAATCTCCATACAG-1_3_2"
"914","GGTAGAGAGAGCGACT-1_3_2"
"915","GGTAGAGAGAGGACTC-1_3_2"
"916","GGTAGAGCATGCCATA-1_3_2"
"917","GGTAGAGGTAGCGTAG-1_3_2"
"918","GGTAGAGGTGTACATC-1_3_2"
"919","GGTAGAGTCCAGCTCT-1_3_2"
"920","GGTCTGGAGCCTTCTC-1_3_2"
"921","GGTCTGGGTACCCAGC-1_3_2"
"922","GGTGAAGGTCCAGCGT-1_3_2"
"923","GGTGATTGTCTACGAT-1_3_2"
"924","GGTGATTGTGAGACCA-1_3_2"
"925","GGTGTCGAGGTATCTC-1_3_2"
"926","GGTGTCGAGGTCCAGA-1_3_2"
"927","GGTGTTAAGCACTGGA-1_3_2"
"928","GGTGTTACAGGACAGT-1_3_2"
"929","GGTGTTAGTCGTGGTC-1_3_2"
"930","GGTGTTATCCGCACGA-1_3_2"
"931","GGTTAACAGGGTATAT-1_3_2"
"932","GGTTAACCAAGCCATT-1_3_2"
"933","GGTTCTCCAAATCCCA-1_3_2"
"934","GGTTCTCGTTCGTTCC-1_3_2"
"935","GGTTGTAGTCCGGATC-1_3_2"
"936","GTAACACCACGGTGCT-1_3_2"
"937","GTAACACGTTACAGCT-1_3_2"
"938","GTAACACTCCTTCTTC-1_3_2"
"939","GTAACCAAGTCCGTCG-1_3_2"
"940","GTAAGTCCAACCGGAA-1_3_2"
"941","GTAAGTCTCCAGTTCC-1_3_2"
"942","GTAATCGGTGTGACCC-1_3_2"
"943","GTAATGCAGGTTCTTG-1_3_2"
"944","GTACAACAGGAAAGTG-1_3_2"
"945","GTACAACGTGACAGCA-1_3_2"
"946","GTACAACGTGCTTATG-1_3_2"
"947","GTACAACTCGGTCGGT-1_3_2"
"948","GTACAGTCACCTCTGT-1_3_2"
"949","GTACAGTGTGGCTGCT-1_3_2"
"950","GTACAGTTCGCCGAGT-1_3_2"
"951","GTAGAAAAGTTCTCTT-1_3_2"
"952","GTAGATCCAACAGCTT-1_3_2"
"953","GTAGGTTCATATCTGG-1_3_2"
"954","GTAGTACAGCCACCGT-1_3_2"
"955","GTATTGGAGTTGCCCG-1_3_2"
"956","GTATTGGGTACAATAG-1_3_2"
"957","GTATTGGGTATCATGC-1_3_2"
"958","GTATTGGTCAATCCAG-1_3_2"
"959","GTATTTCAGCCTGTCG-1_3_2"
"960","GTATTTCCAGTTTCAG-1_3_2"
"961","GTATTTCGTAGGTACG-1_3_2"
"962","GTATTTCGTGCTCTCT-1_3_2"
"963","GTATTTCTCAGACAAA-1_3_2"
"964","GTCAAACAGAGCCGAT-1_3_2"
"965","GTCAAACCAGCTGCCA-1_3_2"
"966","GTCAAGTAGATGAATC-1_3_2"
"967","GTCACGGCAGGCACAA-1_3_2"
"968","GTCACGGCATCGCTAA-1_3_2"
"969","GTCACGGCATGGCTGC-1_3_2"
"970","GTCACGGTCCGAGATT-1_3_2"
"971","GTCACTCTCAGTCCGG-1_3_2"
"972","GTCAGCGGTGGAATGC-1_3_2"
"973","GTCATCCCAATGCTCA-1_3_2"
"974","GTCATCCTCCTCAGGG-1_3_2"
"975","GTCATGACAAGGATGC-1_3_2"
"976","GTCATTTAGACGACTG-1_3_2"
"977","GTCATTTTCCGATTAG-1_3_2"
"978","GTCCACTAGACCAGAC-1_3_2"
"979","GTCCACTTCGATAACC-1_3_2"
"980","GTCCACTTCTTCCACG-1_3_2"
"981","GTCCTCAAGACCAAAT-1_3_2"
"982","GTCGAATGTAATTGGA-1_3_2"
"983","GTCGCGAAGGCCCGTT-1_3_2"
"984","GTCGCGACAATCTCTT-1_3_2"
"985","GTCGCGACAGCAAGAC-1_3_2"
"986","GTCGCGAGTCGGCACT-1_3_2"
"987","GTCTACCAGCAGATAT-1_3_2"
"988","GTCTACCAGTAGTCCT-1_3_2"
"989","GTCTACCGTATCGCTA-1_3_2"
"990","GTCTAGAGTGTCCTAA-1_3_2"
"991","GTCTAGAGTTAGCGGA-1_3_2"
"992","GTCTAGATCTCTCCGA-1_3_2"
"993","GTCTGTCCAATCGTCA-1_3_2"
"994","GTGACGCCAGTAGTTC-1_3_2"
"995","GTGACGCTCTAGACCA-1_3_2"
"996","GTGAGCCAGTAAACGT-1_3_2"
"997","GTGAGGACAGACACCC-1_3_2"
"998","GTGAGGAGTACGTGTT-1_3_2"
"999","GTGAGTTAGAAGAACG-1_3_2"
"1000","GTGAGTTCAATAGTAG-1_3_2"
"1001","GTGATGTCAAATTGCC-1_3_2"
"1002","GTGATGTGTCTACTGA-1_3_2"
"1003","GTGCACGAGAGCAACC-1_3_2"
"1004","GTGCACGCATGAAGGC-1_3_2"
"1005","GTGCACGGTACTGCCG-1_3_2"
"1006","GTGCACGGTTGACGGA-1_3_2"
"1007","GTGCAGCAGGAAAGAC-1_3_2"
"1008","GTGCGTGAGCCATATC-1_3_2"
"1009","GTGCGTGAGGAACGCT-1_3_2"
"1010","GTGCGTGCACGACTAT-1_3_2"
"1011","GTGCTTCAGAAAGCGA-1_3_2"
"1012","GTGCTTCCAAGAGCTG-1_3_2"
"1013","GTGCTTCGTACTTCCC-1_3_2"
"1014","GTGGAAGCAGCGTATT-1_3_2"
"1015","GTGGAAGGTTGCCAAT-1_3_2"
"1016","GTGGAAGTCAGCACCG-1_3_2"
"1017","GTGGCGTAGCCGCACT-1_3_2"
"1018","GTGGCGTCATCAGTGT-1_3_2"
"1019","GTGGGAAAGAACCGCA-1_3_2"
"1020","GTGGGAAGTAGTCCTA-1_3_2"
"1021","GTGGTTAAGACTCCGC-1_3_2"
"1022","GTGGTTATCATTACCT-1_3_2"
"1023","GTGTCCTTCCACACCT-1_3_2"
"1024","GTGTGGCCAGGCGTTC-1_3_2"
"1025","GTGTGGCTCATCACCC-1_3_2"
"1026","GTGTGGCTCCGTAATG-1_3_2"
"1027","GTGTGGCTCCTATTTG-1_3_2"
"1028","GTGTTAGAGAGGTCAC-1_3_2"
"1029","GTTACAGGTCGAGATG-1_3_2"
"1030","GTTACAGGTCTAGGTT-1_3_2"
"1031","GTTACAGTCACACCGG-1_3_2"
"1032","GTTACAGTCCTACACC-1_3_2"
"1033","GTTACCCCAATAAGGT-1_3_2"
"1034","GTTACCCCACATACTG-1_3_2"
"1035","GTTACCCCATCACGGC-1_3_2"
"1036","GTTACGACATAACAGA-1_3_2"
"1037","GTTACGAGTTAGGAGC-1_3_2"
"1038","GTTACGATCAGACCCG-1_3_2"
"1039","GTTAGACAGAGAGCGG-1_3_2"
"1040","GTTAGACGTATGACAA-1_3_2"
"1041","GTTAGTGTCGCTCTCA-1_3_2"
"1042","GTTATGGAGAAATCCA-1_3_2"
"1043","GTTATGGCAAGACAAT-1_3_2"
"1044","GTTCATTAGCACACCC-1_3_2"
"1045","GTTCCGTCAGCTGTTA-1_3_2"
"1046","GTTCGCTTCAACACGT-1_3_2"
"1047","GTTCGCTTCATAGCAC-1_3_2"
"1048","GTTGAACAGTTAGAAC-1_3_2"
"1049","GTTGAACCAGCAGAAC-1_3_2"
"1050","GTTGAACGTTAGGAGC-1_3_2"
"1051","GTTGCTCTCCGTAGTA-1_3_2"
"1052","GTTGTCCAGACCATGG-1_3_2"
"1053","GTTGTGATCCTCTCGA-1_3_2"
"1054","GTTTACTCAACCGATT-1_3_2"
"1055","GTTTGGACAGCACAGA-1_3_2"
"1056","GTTTGGACATTGTAGC-1_3_2"
"1057","GTTTGGATCGATTGGT-1_3_2"
"1058","GTTTGGATCTTTCCAA-1_3_2"
"1059","TAACACGCAAGTCCCG-1_3_2"
"1060","TAACACGCACTAGTAC-1_3_2"
"1061","TAACCAGAGGAACGCT-1_3_2"
"1062","TAACGACTCACCTCGT-1_3_2"
"1063","TAACTTCAGTCGCCCA-1_3_2"
"1064","TAACTTCTCGACATTG-1_3_2"
"1065","TAAGCACCACTACACA-1_3_2"
"1066","TAAGCACCATCTCGTC-1_3_2"
"1067","TAAGCACGTTCTCTCG-1_3_2"
"1068","TAAGCCAAGACGTCCC-1_3_2"
"1069","TAAGCCAGTGATGGCA-1_3_2"
"1070","TAAGCGTTCAGGTGTT-1_3_2"
"1071","TAAGTCGGTCGTGATT-1_3_2"
"1072","TAAGTCGTCCGACATA-1_3_2"
"1073","TAATTCCAGATGCTGG-1_3_2"
"1074","TAATTCCAGGTCGAGT-1_3_2"
"1075","TAATTCCTCGCTTACC-1_3_2"
"1076","TAATTCCTCTCACTCG-1_3_2"
"1077","TACAACGCATCACGGC-1_3_2"
"1078","TACACCCAGTTGCGCC-1_3_2"
"1079","TACAGGTCAACAGCCC-1_3_2"
"1080","TACAGGTTCAGCCCAG-1_3_2"
"1081","TACCCACAGCACCGTC-1_3_2"
"1082","TACCCACGTCCATACA-1_3_2"
"1083","TACCCGTAGTCATCCA-1_3_2"
"1084","TACCCGTCATCATCTT-1_3_2"
"1085","TACCGAAGTTATCTGG-1_3_2"
"1086","TACCTCGAGTCCCGGT-1_3_2"
"1087","TACCTCGCAATGTCAC-1_3_2"
"1088","TACCTCGTCTACTCAT-1_3_2"
"1089","TACGCTCAGATCGCCC-1_3_2"
"1090","TACGCTCAGCCTTTGA-1_3_2"
"1091","TACGGGCAGTGAGTGC-1_3_2"
"1092","TACGGTACAAGATGGC-1_3_2"
"1093","TACTGCCAGCCTCAAT-1_3_2"
"1094","TACTGCCCAGCGCTTG-1_3_2"
"1095","TACTGCCGTCGGTGTC-1_3_2"
"1096","TACTGCCTCAACTCTT-1_3_2"
"1097","TACTGCCTCTGTCTCG-1_3_2"
"1098","TACTTACCAGGAATCG-1_3_2"
"1099","TACTTACTCCTACCGT-1_3_2"
"1100","TACTTACTCCTTATAC-1_3_2"
"1101","TACTTCAGTTCTTCAT-1_3_2"
"1102","TACTTGTAGTAACCTC-1_3_2"
"1103","TACTTGTTCTCCACTG-1_3_2"
"1104","TAGACTGCATGGGCAA-1_3_2"
"1105","TAGACTGGTATTGACC-1_3_2"
"1106","TAGAGTCTCTACTTCA-1_3_2"
"1107","TAGAGTCTCTCAGGCG-1_3_2"
"1108","TAGATCGGTGTAAACA-1_3_2"
"1109","TAGATCGTCGCTACGG-1_3_2"
"1110","TAGCACAAGCGGACAT-1_3_2"
"1111","TAGGGTTGTGGATTTC-1_3_2"
"1112","TAGGGTTTCCTTGGAA-1_3_2"
"1113","TAGGTTGTCTTTGGAG-1_3_2"
"1114","TAGTGCACATTCTGTT-1_3_2"
"1115","TAGTGCAGTATTTCCT-1_3_2"
"1116","TAGTGCAGTTGTGGAG-1_3_2"
"1117","TAGTGCATCTGATTCT-1_3_2"
"1118","TATACCTCAGTCACGC-1_3_2"
"1119","TATATCCAGGATATGT-1_3_2"
"1120","TATATCCTCTATCACT-1_3_2"
"1121","TATCCTACAGCGCTTG-1_3_2"
"1122","TATCGCCGTCAAGTTC-1_3_2"
"1123","TATCTTGCATGGGTCC-1_3_2"
"1124","TATCTTGTCGGACAAG-1_3_2"
"1125","TATGTTCCAACTAGAA-1_3_2"
"1126","TATTCCAGTCTTCGAA-1_3_2"
"1127","TATTGCTAGATTCGAA-1_3_2"
"1128","TATTGCTGTCCAAGAG-1_3_2"
"1129","TATTGGGAGCTGAAGC-1_3_2"
"1130","TATTGGGAGTACTGGG-1_3_2"
"1131","TATTGGGCAGAGGGTT-1_3_2"
"1132","TCAAGACCATTCGGGC-1_3_2"
"1133","TCAAGACGTAGCTTTG-1_3_2"
"1134","TCAAGCAAGACTGTTC-1_3_2"
"1135","TCAAGCACAAGTGTCT-1_3_2"
"1136","TCAAGCACATCCTTGC-1_3_2"
"1137","TCAATCTCAGTATTCG-1_3_2"
"1138","TCAATCTGTGTTCCTC-1_3_2"
"1139","TCAATTCGTCCGGATC-1_3_2"
"1140","TCAATTCTCGTGCATA-1_3_2"
"1141","TCACAAGCAAAGACGC-1_3_2"
"1142","TCACAAGCATGTACGT-1_3_2"
"1143","TCACAAGTCATCCTAT-1_3_2"
"1144","TCACACCCAGACCAAG-1_3_2"
"1145","TCACATTAGTAATACG-1_3_2"
"1146","TCACATTTCCAACACA-1_3_2"
"1147","TCACGGGCAGGAGACT-1_3_2"
"1148","TCACGGGGTCTCAGAT-1_3_2"
"1149","TCACTATCAAGTGGGT-1_3_2"
"1150","TCACTATCACTGTGAT-1_3_2"
"1151","TCACTATCATCTGTTT-1_3_2"
"1152","TCACTCGTCGAAGCCC-1_3_2"
"1153","TCACTCGTCGTCAAAC-1_3_2"
"1154","TCAGCAACATATGAAG-1_3_2"
"1155","TCAGCCTCAACCGACC-1_3_2"
"1156","TCAGCCTGTTTGTTCT-1_3_2"
"1157","TCAGGGCCACCTGCAG-1_3_2"
"1158","TCAGGTATCCGAGGCT-1_3_2"
"1159","TCAGTCCTCCGTATAG-1_3_2"
"1160","TCAGTGAAGGTCATCT-1_3_2"
"1161","TCAGTGAGTGTGTCGC-1_3_2"
"1162","TCAGTGATCGTACACA-1_3_2"
"1163","TCAGTTTAGACGGTTG-1_3_2"
"1164","TCAGTTTTCTCCATAT-1_3_2"
"1165","TCATACTCACTAGAGG-1_3_2"
"1166","TCATACTGTCAGTCTA-1_3_2"
"1167","TCATATCCATAGGTTC-1_3_2"
"1168","TCATATCGTAACGCGA-1_3_2"
"1169","TCATCATAGGTCCTGC-1_3_2"
"1170","TCATCATTCCATTGCC-1_3_2"
"1171","TCATCCGAGAAGGCTC-1_3_2"
"1172","TCATCCGCAAATTGGA-1_3_2"
"1173","TCATGAGTCCTCCACA-1_3_2"
"1174","TCATGGACAGGCATGA-1_3_2"
"1175","TCATGGATCTAGTTCT-1_3_2"
"1176","TCATGTTAGTGCACCC-1_3_2"
"1177","TCATGTTCAATAGAGT-1_3_2"
"1178","TCATGTTCAATATCCG-1_3_2"
"1179","TCATGTTGTTCTAAGC-1_3_2"
"1180","TCATTACAGTACCGGA-1_3_2"
"1181","TCATTGTGTCTTGTCC-1_3_2"
"1182","TCATTGTGTTCTATCT-1_3_2"
"1183","TCCACCAAGGTCATTC-1_3_2"
"1184","TCCAGAAAGACTACCT-1_3_2"
"1185","TCCAGAACACCATAAC-1_3_2"
"1186","TCCAGAAGTCATCGGC-1_3_2"
"1187","TCCCACACATCTCAAG-1_3_2"
"1188","TCCCAGTCACTGGATT-1_3_2"
"1189","TCCCAGTCACTGGCGT-1_3_2"
"1190","TCCGAAAAGGCCCGTT-1_3_2"
"1191","TCCGAAAAGTCCCTAA-1_3_2"
"1192","TCCGAAATCCCTCTAG-1_3_2"
"1193","TCCGATCAGCGGGTTA-1_3_2"
"1194","TCCGATCGTTAGAAAC-1_3_2"
"1195","TCCGGGAGTCACTAGT-1_3_2"
"1196","TCCGGGAGTCCATCTC-1_3_2"
"1197","TCCGTGTGTAGAGGAA-1_3_2"
"1198","TCCGTGTGTCGAACAG-1_3_2"
"1199","TCCGTGTGTTGTCAGT-1_3_2"
"1200","TCCTAATCAAACCATC-1_3_2"
"1201","TCCTAATCATACAGAA-1_3_2"
"1202","TCCTAATGTACCGTGC-1_3_2"
"1203","TCCTCCCAGCCTCTCT-1_3_2"
"1204","TCCTCGAAGGCTCCCA-1_3_2"
"1205","TCCTCGAAGGTGATAT-1_3_2"
"1206","TCCTCGACAAAGCTCT-1_3_2"
"1207","TCCTCTTAGTGGTTCT-1_3_2"
"1208","TCCTCTTCACAGCTTA-1_3_2"
"1209","TCCTCTTCACGAGGTA-1_3_2"
"1210","TCCTCTTGTCTAGATC-1_3_2"
"1211","TCCTGCACAGAAGTGC-1_3_2"
"1212","TCCTTCTGTCACCCTT-1_3_2"
"1213","TCGAACAAGTGCTCGC-1_3_2"
"1214","TCGAAGTCAATCTGCA-1_3_2"
"1215","TCGAAGTGTAGTTAGA-1_3_2"
"1216","TCGACCTAGGAACGAA-1_3_2"
"1217","TCGACCTGTTAATCGC-1_3_2"
"1218","TCGACCTTCGTAACAC-1_3_2"
"1219","TCGATTTAGATACCAA-1_3_2"
"1220","TCGATTTCAATGAGCG-1_3_2"
"1221","TCGATTTTCAAACGTC-1_3_2"
"1222","TCGATTTTCACTAGCA-1_3_2"
"1223","TCGATTTTCAGTGTGT-1_3_2"
"1224","TCGCAGGAGGTCGTGA-1_3_2"
"1225","TCGCAGGCAGGGTCTC-1_3_2"
"1226","TCGCAGGGTTTCGTTT-1_3_2"
"1227","TCGCTCAAGATGACCG-1_3_2"
"1228","TCGCTCAGTCACTCGG-1_3_2"
"1229","TCGCTCAGTGTGTCGC-1_3_2"
"1230","TCGCTCATCATTGGTG-1_3_2"
"1231","TCGCTTGAGCTGCGAA-1_3_2"
"1232","TCGCTTGCACCCAAGC-1_3_2"
"1233","TCGCTTGGTCGGAAAC-1_3_2"
"1234","TCGCTTGTCTAGGCAT-1_3_2"
"1235","TCGGGACTCTATCGCC-1_3_2"
"1236","TCGGGCAGTGACTGTT-1_3_2"
"1237","TCGGGCAGTTAAGGAT-1_3_2"
"1238","TCGGGTGCACTTTAGG-1_3_2"
"1239","TCGTAGAAGGTTCATC-1_3_2"
"1240","TCGTAGAAGTATGCAA-1_3_2"
"1241","TCGTAGACATAATGCC-1_3_2"
"1242","TCGTAGAGTGTTCAGT-1_3_2"
"1243","TCGTGCTTCTGGTCAA-1_3_2"
"1244","TCGTGGGTCTCGACCT-1_3_2"
"1245","TCTAACTAGACCAAAT-1_3_2"
"1246","TCTAACTAGCTTTCCC-1_3_2"
"1247","TCTAACTAGGCGTTGA-1_3_2"
"1248","TCTAACTTCATCGCAA-1_3_2"
"1249","TCTACATAGGGACCAT-1_3_2"
"1250","TCTACATAGTATGGAT-1_3_2"
"1251","TCTATACCATCGATGT-1_3_2"
"1252","TCTATCACAGCTCCTT-1_3_2"
"1253","TCTCACGAGAGATCGC-1_3_2"
"1254","TCTCACGCAGTAGAGC-1_3_2"
"1255","TCTCACGTCAAATAGG-1_3_2"
"1256","TCTCCGACAACTGCCG-1_3_2"
"1257","TCTCCGACAAGTGATA-1_3_2"
"1258","TCTCCGACACACGTGC-1_3_2"
"1259","TCTCCGACAGAGGTAC-1_3_2"
"1260","TCTCCGACATCATTTC-1_3_2"
"1261","TCTCTGGTCCCTCAAC-1_3_2"
"1262","TCTGCCATCACCTCGT-1_3_2"
"1263","TCTGGCTGTCGCTGCA-1_3_2"
"1264","TCTGGCTTCGATTGAC-1_3_2"
"1265","TCTTAGTGTCGTGGAA-1_3_2"
"1266","TCTTCCTCACAAATCC-1_3_2"
"1267","TCTTCCTCATATGCGT-1_3_2"
"1268","TCTTCCTGTGTCATTG-1_3_2"
"1269","TCTTCCTTCTGAGTCA-1_3_2"
"1270","TCTTTGAAGTGTACAA-1_3_2"
"1271","TCTTTGACAACCAACT-1_3_2"
"1272","TCTTTGACATAACGGG-1_3_2"
"1273","TCTTTGAGTGGCTACC-1_3_2"
"1274","TCTTTGATCGAAATCC-1_3_2"
"1275","TCTTTGATCGTAGCTA-1_3_2"
"1276","TGAACGTCAGAATGTA-1_3_2"
"1277","TGAATCGCACGCGCTA-1_3_2"
"1278","TGAATGCTCCGTATAG-1_3_2"
"1279","TGACAGTCAGTTGCGC-1_3_2"
"1280","TGACGCGAGGATGTTA-1_3_2"
"1281","TGACTCCAGTGCACAG-1_3_2"
"1282","TGACTCCCACATGTTG-1_3_2"
"1283","TGACTCCTCGCCATAA-1_3_2"
"1284","TGACTCCTCGCCGATG-1_3_2"
"1285","TGAGACTAGCCACCGT-1_3_2"
"1286","TGAGACTTCTTGCGCT-1_3_2"
"1287","TGAGCATAGGACAGCT-1_3_2"
"1288","TGAGCGCCAAATGAGT-1_3_2"
"1289","TGAGGAGAGGATTCCT-1_3_2"
"1290","TGAGGAGAGGTGCTGA-1_3_2"
"1291","TGAGGGACATTCTGTT-1_3_2"
"1292","TGAGTCAAGCAACCAG-1_3_2"
"1293","TGAGTCAAGGTATCTC-1_3_2"
"1294","TGATCAGCACCTCGTT-1_3_2"
"1295","TGATCAGGTCCTGTCT-1_3_2"
"1296","TGATGCAGTGAATTGA-1_3_2"
"1297","TGATGCAGTTTACCTT-1_3_2"
"1298","TGATGGTAGCATGTTC-1_3_2"
"1299","TGATGGTAGTAGCCAG-1_3_2"
"1300","TGATGGTGTAGGTTTC-1_3_2"
"1301","TGATGGTGTGACACGA-1_3_2"
"1302","TGATTCTTCAGACCGC-1_3_2"
"1303","TGATTTCAGCCTGAAG-1_3_2"
"1304","TGCACGGAGCAGCAGT-1_3_2"
"1305","TGCACGGAGGCACTAG-1_3_2"
"1306","TGCACGGCAGCTTTCC-1_3_2"
"1307","TGCAGATAGTGGCCTC-1_3_2"
"1308","TGCAGATCACTGTGAT-1_3_2"
"1309","TGCAGTATCCTGCCAT-1_3_2"
"1310","TGCATGAGTAAGTAGT-1_3_2"
"1311","TGCATGATCTTTCTAG-1_3_2"
"1312","TGCCGAGAGGAGGGTG-1_3_2"
"1313","TGCCGAGGTGTACGCC-1_3_2"
"1314","TGCGACGCAGCTATAC-1_3_2"
"1315","TGCGACGGTATGAGCG-1_3_2"
"1316","TGCGATAAGGCAGGTT-1_3_2"
"1317","TGCGATAAGGCATCGA-1_3_2"
"1318","TGCGGCAAGTAAACGT-1_3_2"
"1319","TGCGGCACATGTTCAG-1_3_2"
"1320","TGCGGCATCCGCACGA-1_3_2"
"1321","TGCTCCAAGATGCGAC-1_3_2"
"1322","TGCTCCATCTTCCCAG-1_3_2"
"1323","TGCTCGTAGTTGGAGC-1_3_2"
"1324","TGCTCGTCAAGCGGAT-1_3_2"
"1325","TGCTCGTGTCTTACAG-1_3_2"
"1326","TGCTGAAGTAGCACGA-1_3_2"
"1327","TGCTGAAGTATCCTCC-1_3_2"
"1328","TGCTTCGCAGCATGCC-1_3_2"
"1329","TGCTTCGCATGGAGAC-1_3_2"
"1330","TGCTTGCGTAATGCTC-1_3_2"
"1331","TGGAGAGCAATTAGGA-1_3_2"
"1332","TGGATCAGTATAGGAT-1_3_2"
"1333","TGGATGTCAACACACT-1_3_2"
"1334","TGGATGTCAGAGAATT-1_3_2"
"1335","TGGATGTCATGGGAAC-1_3_2"
"1336","TGGATGTTCACAACCA-1_3_2"
"1337","TGGCGTGAGACCCGCT-1_3_2"
"1338","TGGCGTGCATAATGAG-1_3_2"
"1339","TGGCGTGTCTGGCCTT-1_3_2"
"1340","TGGGAAGCATGGGATG-1_3_2"
"1341","TGGGAGAGTAGTTAGA-1_3_2"
"1342","TGGGATTAGCATCCTA-1_3_2"
"1343","TGGGATTAGGCTCTCG-1_3_2"
"1344","TGGGATTCATCGGAAG-1_3_2"
"1345","TGGGATTGTGCCTACG-1_3_2"
"1346","TGGGATTTCAAGCCGC-1_3_2"
"1347","TGGGCGTTCGTTCAGA-1_3_2"
"1348","TGGGCTGCAGAAATCA-1_3_2"
"1349","TGGGTTAGTCGAACAG-1_3_2"
"1350","TGGTACAGTAGCCAGA-1_3_2"
"1351","TGGTACAGTGCCTACG-1_3_2"
"1352","TGGTAGTTCCGCTGTT-1_3_2"
"1353","TGGTGATAGAACCCGA-1_3_2"
"1354","TGGTGATAGGATTTAG-1_3_2"
"1355","TGGTGATGTCGTGGTC-1_3_2"
"1356","TGGTTAGCATTCAGCA-1_3_2"
"1357","TGTAACGAGGAGGGTG-1_3_2"
"1358","TGTAACGAGTGGAATT-1_3_2"
"1359","TGTAACGCACCGGCTA-1_3_2"
"1360","TGTAACGTCGTCTAAG-1_3_2"
"1361","TGTAAGCAGGTAAACT-1_3_2"
"1362","TGTAAGCTCAGAGCAG-1_3_2"
"1363","TGTACAGCAGTAGATA-1_3_2"
"1364","TGTAGACCAAAGGCTG-1_3_2"
"1365","TGTAGACGTCGCTTGG-1_3_2"
"1366","TGTCAGACAAGTCCAT-1_3_2"
"1367","TGTCCACCAGCCGTCA-1_3_2"
"1368","TGTCCACGTAATGCTC-1_3_2"
"1369","TGTCCCACATTGGATC-1_3_2"
"1370","TGTCCCATCCAAACCA-1_3_2"
"1371","TGTGAGTTCATTGCCC-1_3_2"
"1372","TGTGAGTTCCACTAGA-1_3_2"
"1373","TGTGATGAGATGCGAC-1_3_2"
"1374","TGTGATGAGGGCCCTT-1_3_2"
"1375","TGTGGCGCATAGGAGC-1_3_2"
"1376","TGTGTGAAGCTGTCCG-1_3_2"
"1377","TGTGTGATCATACGAC-1_3_2"
"1378","TGTTACTGTTTAGACC-1_3_2"
"1379","TGTTCCGAGTGCAGCA-1_3_2"
"1380","TGTTCCGCAACAGATA-1_3_2"
"1381","TGTTCTAAGTAATCCC-1_3_2"
"1382","TGTTCTAGTTATTCCT-1_3_2"
"1383","TGTTGAGAGGAGACCT-1_3_2"
"1384","TGTTGAGAGGATTTCC-1_3_2"
"1385","TGTTGAGGTCTGCGCA-1_3_2"
"1386","TGTTGAGGTGTTGAGG-1_3_2"
"1387","TGTTGGAAGCACTGGA-1_3_2"
"1388","TGTTGGAAGCGGTAGT-1_3_2"
"1389","TGTTGGATCACCGGGT-1_3_2"
"1390","TGTTTGTCACAACATC-1_3_2"
"1391","TGTTTGTCAGCGTGAA-1_3_2"
"1392","TGTTTGTGTTCCCACT-1_3_2"
"1393","TTAATCCAGACATAGT-1_3_2"
"1394","TTAATCCAGTACTGTC-1_3_2"
"1395","TTAATCCGTAACATAG-1_3_2"
"1396","TTACAGGCAAGTTCGT-1_3_2"
"1397","TTACAGGTCCACTGGG-1_3_2"
"1398","TTACCGCAGTCCCAGC-1_3_2"
"1399","TTACCGCCAGCATGCC-1_3_2"
"1400","TTACGCCAGCCTCTCT-1_3_2"
"1401","TTACGCCCAGGCTTGC-1_3_2"
"1402","TTACGCCTCACATCAG-1_3_2"
"1403","TTACGCCTCTATCGGA-1_3_2"
"1404","TTACGTTCAAATGATG-1_3_2"
"1405","TTACGTTCATGAAGCG-1_3_2"
"1406","TTAGGCATCCAAGCAT-1_3_2"
"1407","TTAGGCATCCCTCAAC-1_3_2"
"1408","TTAGGGTAGCGTGAAC-1_3_2"
"1409","TTAGGGTAGTTGCGCC-1_3_2"
"1410","TTAGGGTCATCAGCGC-1_3_2"
"1411","TTAGGGTTCAGCTTCC-1_3_2"
"1412","TTAGTCTCACCGTCTT-1_3_2"
"1413","TTATTGCAGCTGACAG-1_3_2"
"1414","TTATTGCGTGATAGAT-1_3_2"
"1415","TTCAATCGTAGACTGG-1_3_2"
"1416","TTCAATCGTGAATGTA-1_3_2"
"1417","TTCACCGCAAATTAGG-1_3_2"
"1418","TTCACCGGTTTGTTCT-1_3_2"
"1419","TTCACCGTCAACTGAC-1_3_2"
"1420","TTCACGCCATCGTGGC-1_3_2"
"1421","TTCACGCGTAGGGTAC-1_3_2"
"1422","TTCACGCTCTCGCCTA-1_3_2"
"1423","TTCAGGAGTGCACATT-1_3_2"
"1424","TTCATGTAGTTGGACG-1_3_2"
"1425","TTCATTGAGGAACTCG-1_3_2"
"1426","TTCATTGCAGGGACTA-1_3_2"
"1427","TTCATTGTCTCTATGT-1_3_2"
"1428","TTCATTGTCTTACGGA-1_3_2"
"1429","TTCCAATGTTTGTTCT-1_3_2"
"1430","TTCCACGAGAATAGTC-1_3_2"
"1431","TTCCACGAGGGATGTC-1_3_2"
"1432","TTCCACGAGTATGCAA-1_3_2"
"1433","TTCCACGGTACGTGTT-1_3_2"
"1434","TTCCGGTAGAACGTGC-1_3_2"
"1435","TTCCGGTCATATTCGG-1_3_2"
"1436","TTCCGGTGTACGTGAG-1_3_2"
"1437","TTCCGGTGTGGACTAG-1_3_2"
"1438","TTCCGTGAGGTGGGTT-1_3_2"
"1439","TTCCTAACACAAATGA-1_3_2"
"1440","TTCCTAACACACAGAG-1_3_2"
"1441","TTCCTAAGTTGGATCT-1_3_2"
"1442","TTCCTTCAGGACGCAT-1_3_2"
"1443","TTCCTTCCAGCACAAG-1_3_2"
"1444","TTCCTTCGTTGCGTAT-1_3_2"
"1445","TTCCTTCTCTTGGGCG-1_3_2"
"1446","TTCGCTGAGGGTTAAT-1_3_2"
"1447","TTCGCTGCATTGAGCT-1_3_2"
"1448","TTCGCTGTCGGTCTAA-1_3_2"
"1449","TTCTGTAGTCGGCTAC-1_3_2"
"1450","TTCTTCCGTAGTTAGA-1_3_2"
"1451","TTCTTCCTCCGTACGG-1_3_2"
"1452","TTCTTGAGTAAGTTGA-1_3_2"
"1453","TTCTTGATCGAAGCCC-1_3_2"
"1454","TTGAACGCAGGATGAC-1_3_2"
"1455","TTGAACGTCGATTCCC-1_3_2"
"1456","TTGACCCAGGTCCTGC-1_3_2"
"1457","TTGACCCTCGAGCCAC-1_3_2"
"1458","TTGAGTGCAGAACATA-1_3_2"
"1459","TTGAGTGGTAAGCTCT-1_3_2"
"1460","TTGATGGAGACATATG-1_3_2"
"1461","TTGATGGCAGGCACAA-1_3_2"
"1462","TTGATGGCATTCACAG-1_3_2"
"1463","TTGATGGGTGCACAAG-1_3_2"
"1464","TTGCATTAGACGACGT-1_3_2"
"1465","TTGCATTGTCCATCTC-1_3_2"
"1466","TTGCATTGTTGCATTG-1_3_2"
"1467","TTGCATTTCAGTGCGC-1_3_2"
"1468","TTGCATTTCCTTCTAA-1_3_2"
"1469","TTGCTGCAGCCGATAG-1_3_2"
"1470","TTGCTGCAGGATAATC-1_3_2"
"1471","TTGCTGCCATGCGGTC-1_3_2"
"1472","TTGGGCGCACTGGATT-1_3_2"
"1473","TTGGGCGTCGGTGAAG-1_3_2"
"1474","TTGGTTTAGCGTGCTC-1_3_2"
"1475","TTGGTTTAGGGTGAAA-1_3_2"
"1476","TTGGTTTTCCCTCAAC-1_3_2"
"1477","TTGTGGACATCGTTCC-1_3_2"
"1478","TTGTGGATCTGGGCGT-1_3_2"
"1479","TTGTGTTCACTCATAG-1_3_2"
"1480","TTGTGTTGTCATCAGT-1_3_2"
"1481","TTGTGTTTCGCGATCG-1_3_2"
"1482","TTGTTCAAGCGACTAG-1_3_2"
"1483","TTGTTGTCACTACAGT-1_3_2"
"1484","TTGTTGTCAGCTGTGC-1_3_2"
"1485","TTGTTGTCATAGTCGT-1_3_2"
"1486","TTGTTGTTCGAAATCC-1_3_2"
"1487","TTGTTTGAGACGACTG-1_3_2"
"1488","TTGTTTGAGTTGGCTT-1_3_2"
"1489","TTGTTTGCACTGGCCA-1_3_2"
"1490","TTTACCATCCGCGATG-1_3_2"
"1491","TTTACCATCGCTTTAT-1_3_2"
"1492","TTTACGTCAGGACGAT-1_3_2"
"1493","TTTACGTGTGCACGCT-1_3_2"
"1494","TTTACGTGTTGCGAAG-1_3_2"
"1495","TTTACTGAGAAATTGC-1_3_2"
"1496","TTTAGTCAGTGCAACG-1_3_2"
"1497","TTTCACACAGTAACGG-1_3_2"
"1498","TTTCAGTTCAAATAGG-1_3_2"
"1499","TTTCGATCAGCTGTTA-1_3_2"
"1500","TTTCGATTCACTGATG-1_3_2"
"1501","TTTGACTCACGCCACA-1_3_2"
"1502","TTTGACTGTTGTGCCG-1_3_2"
"1503","TTTGATCAGGAACTAT-1_3_2"
"1504","TTTGATCGTTTGGCTA-1_3_2"
"1505","TTTGTTGGTACCAATC-1_3_2"
