"","x"
"1","AAACCCACAGAGTTCT-1_4_2"
"2","AAACCCATCACAGTGT-1_4_2"
"3","AAACGCTAGCCATTCA-1_4_2"
"4","AAACGCTCATGGGATG-1_4_2"
"5","AAACGCTTCGGTCGAC-1_4_2"
"6","AAAGAACCAACCGCCA-1_4_2"
"7","AAAGAACCACTAGGTT-1_4_2"
"8","AAAGAACCACTTGGGC-1_4_2"
"9","AAAGGATCATCTCGTC-1_4_2"
"10","AAAGGTAGTGATTGGG-1_4_2"
"11","AAAGTCCCAGCCTTCT-1_4_2"
"12","AAAGTGACACGGTCTG-1_4_2"
"13","AAAGTGACAGGTCCCA-1_4_2"
"14","AAAGTGAGTTTGCCGG-1_4_2"
"15","AAAGTGATCCATCTCG-1_4_2"
"16","AAATGGAAGCTGTGCC-1_4_2"
"17","AAATGGAAGGGCAAGG-1_4_2"
"18","AAATGGAAGTGCTACT-1_4_2"
"19","AAATGGACAAGGGCAT-1_4_2"
"20","AAATGGACAAGTAGTA-1_4_2"
"21","AAATGGACAATCTCTT-1_4_2"
"22","AAATGGACAGATCACT-1_4_2"
"23","AAATGGAGTCTAATCG-1_4_2"
"24","AAATGGATCCGAAGGA-1_4_2"
"25","AACAAAGCAACACAAA-1_4_2"
"26","AACAAAGGTTAGGACG-1_4_2"
"27","AACAACCAGTTGCTGT-1_4_2"
"28","AACAAGAAGTAGTCAA-1_4_2"
"29","AACAAGACATAACGGG-1_4_2"
"30","AACACACTCATGCCGG-1_4_2"
"31","AACACACTCGTAGAGG-1_4_2"
"32","AACACACTCTAGCCAA-1_4_2"
"33","AACAGGGAGCACGATG-1_4_2"
"34","AACCAACGTCTTCTAT-1_4_2"
"35","AACCAACTCCTTTAGT-1_4_2"
"36","AACCACACAACCTAAC-1_4_2"
"37","AACCACACAATGCAGG-1_4_2"
"38","AACCATGAGCACGGAT-1_4_2"
"39","AACCATGAGCGCTGAA-1_4_2"
"40","AACCATGTCCTCTCGA-1_4_2"
"41","AACCCAAAGTGCTAGG-1_4_2"
"42","AACCTGAAGTACCATC-1_4_2"
"43","AACGAAAAGTTCCATG-1_4_2"
"44","AACGGGAAGAGGGTCT-1_4_2"
"45","AACGGGACATACAGAA-1_4_2"
"46","AACTTCTCATCCTTGC-1_4_2"
"47","AACTTCTGTGAACCGA-1_4_2"
"48","AAGAACAAGATACTGA-1_4_2"
"49","AAGAACAAGCCAGTAG-1_4_2"
"50","AAGAACACATCTCAAG-1_4_2"
"51","AAGAACAGTATTTCCT-1_4_2"
"52","AAGAACATCTGAATGC-1_4_2"
"53","AAGACAAAGTAGGATT-1_4_2"
"54","AAGACAACAATCGTCA-1_4_2"
"55","AAGACAAGTCCGAAGA-1_4_2"
"56","AAGACTCAGCTGACTT-1_4_2"
"57","AAGACTCAGGACCCAA-1_4_2"
"58","AAGACTCCAAGCTACT-1_4_2"
"59","AAGACTCGTTGTCAGT-1_4_2"
"60","AAGATAGGTGAGTAAT-1_4_2"
"61","AAGCATCCAAGCACAG-1_4_2"
"62","AAGCATCCATGGGTTT-1_4_2"
"63","AAGCATCGTTCAGCGC-1_4_2"
"64","AAGCATCTCTGCAGCG-1_4_2"
"65","AAGCCATTCTGTGCAA-1_4_2"
"66","AAGCGAGAGCAGCCTC-1_4_2"
"67","AAGCGTTGTATAATGG-1_4_2"
"68","AAGGAATTCTGCTTAT-1_4_2"
"69","AAGGTAAAGATGCTAA-1_4_2"
"70","AAGGTAAGTTCGGCGT-1_4_2"
"71","AAGTACCCAGCTTTGA-1_4_2"
"72","AAGTCGTAGTGAGCCA-1_4_2"
"73","AAGTCGTTCTCGCTCA-1_4_2"
"74","AAGTGAACACCCTCTA-1_4_2"
"75","AAGTGAACATGCAGCC-1_4_2"
"76","AAGTGAATCCGTGACG-1_4_2"
"77","AAGTGAATCTAATTCC-1_4_2"
"78","AATAGAGCACCAAAGG-1_4_2"
"79","AATAGAGCATAGGAGC-1_4_2"
"80","AATCACGGTAATGTGA-1_4_2"
"81","AATCACGGTATAATGG-1_4_2"
"82","AATCACGTCGTTCTCG-1_4_2"
"83","AATCGACCAAACGGCA-1_4_2"
"84","AATCGACCACCTGCTT-1_4_2"
"85","AATCGACCATTCCTAT-1_4_2"
"86","AATCGACGTAGAATAC-1_4_2"
"87","AATCGACGTCTATGAC-1_4_2"
"88","AATCGACGTGCCTAAT-1_4_2"
"89","AATCGACTCGGAGATG-1_4_2"
"90","AATCGACTCTCCTGCA-1_4_2"
"91","AATCGTGGTAACGTTC-1_4_2"
"92","AATGAAGGTAACGATA-1_4_2"
"93","AATGAAGTCCTCTCTT-1_4_2"
"94","AATGACCTCAGCGGAA-1_4_2"
"95","AATGCCAAGACCATTC-1_4_2"
"96","AATGCCAAGCGACCCT-1_4_2"
"97","AATGCCAAGCTGACAG-1_4_2"
"98","AATGCCACAAAGCAAT-1_4_2"
"99","AATGCCACACTGCACG-1_4_2"
"100","AATGCCAGTACCTAAC-1_4_2"
"101","AATGGCTCAGTACTAC-1_4_2"
"102","AATGGCTTCTCATTGT-1_4_2"
"103","AATGGCTTCTCTCGCA-1_4_2"
"104","AATTCCTAGAAGAGCA-1_4_2"
"105","AATTCCTAGCCTTCTC-1_4_2"
"106","AATTCCTGTGCTATTG-1_4_2"
"107","AATTCCTTCGACATAC-1_4_2"
"108","AATTTCCAGCCTAGGA-1_4_2"
"109","AATTTCCAGCTAGAGC-1_4_2"
"110","AATTTCCCAGGCTTGC-1_4_2"
"111","AATTTCCCATCCGTGG-1_4_2"
"112","AATTTCCGTAGATCGG-1_4_2"
"113","AATTTCCTCGCCAGAC-1_4_2"
"114","ACAACCAGTTCCTTGC-1_4_2"
"115","ACAAGCTAGAGGGCGA-1_4_2"
"116","ACACAGTGTGTACAGG-1_4_2"
"117","ACACCAAAGTATTAGG-1_4_2"
"118","ACACCAACATTAAGCC-1_4_2"
"119","ACACCAAGTAGGAGGG-1_4_2"
"120","ACACGCGCAACGATCT-1_4_2"
"121","ACACGCGTCGTTATCT-1_4_2"
"122","ACACTGACACAGCTTA-1_4_2"
"123","ACACTGATCGCTGTTC-1_4_2"
"124","ACAGAAAGTCCATAGT-1_4_2"
"125","ACAGAAAGTGGAACAC-1_4_2"
"126","ACAGCCGAGGAACATT-1_4_2"
"127","ACAGCCGAGTCGAATA-1_4_2"
"128","ACAGCCGCAAGAAACT-1_4_2"
"129","ACAGCCGGTATGTCTG-1_4_2"
"130","ACAGGGACAAACAGGC-1_4_2"
"131","ACAGGGATCAGAGTTC-1_4_2"
"132","ACAGGGATCGGTAACT-1_4_2"
"133","ACATCCCCAATGGCAG-1_4_2"
"134","ACATCCCCAGGAGGTT-1_4_2"
"135","ACATCGACATGTTACG-1_4_2"
"136","ACATGCATCTTAGCCC-1_4_2"
"137","ACATTTCTCATGGAGG-1_4_2"
"138","ACCAAACAGAATAGTC-1_4_2"
"139","ACCAACAAGGTTGCCC-1_4_2"
"140","ACCAACAAGTAGCTCT-1_4_2"
"141","ACCAACATCCTTTGAT-1_4_2"
"142","ACCACAAAGACCATTC-1_4_2"
"143","ACCACAAAGACGAGCT-1_4_2"
"144","ACCACAAAGGAAAGAC-1_4_2"
"145","ACCACAACACCCTTGT-1_4_2"
"146","ACCACAAGTGGGAGAG-1_4_2"
"147","ACCACAAGTGGTTCTA-1_4_2"
"148","ACCACAAGTTAAGACA-1_4_2"
"149","ACCACAATCAGTGTGT-1_4_2"
"150","ACCATTTCAGGCACTC-1_4_2"
"151","ACCATTTCATGAGTAA-1_4_2"
"152","ACCATTTTCATTCGGA-1_4_2"
"153","ACCATTTTCTTGGTGA-1_4_2"
"154","ACCCAAATCCTACAAG-1_4_2"
"155","ACCCTCATCGCGATCG-1_4_2"
"156","ACCCTCATCTGTCAGA-1_4_2"
"157","ACCCTTGGTGCGAACA-1_4_2"
"158","ACCCTTGTCAGGACGA-1_4_2"
"159","ACCGTTCCAGAGGAAA-1_4_2"
"160","ACCGTTCTCCTACCAC-1_4_2"
"161","ACCTACCCAAATAAGC-1_4_2"
"162","ACCTACCCAGATACCT-1_4_2"
"163","ACCTACCCAGGCAATG-1_4_2"
"164","ACCTACCTCGTGCTCT-1_4_2"
"165","ACCTGAATCCAAGGGA-1_4_2"
"166","ACCTGAATCCCATGGG-1_4_2"
"167","ACCTGTCAGTCACTCA-1_4_2"
"168","ACCTGTCCACAGCCAC-1_4_2"
"169","ACCTGTCTCATCACAG-1_4_2"
"170","ACCTGTCTCCCATACC-1_4_2"
"171","ACGATCACAAATCGTC-1_4_2"
"172","ACGATCACAGCCTACG-1_4_2"
"173","ACGATCATCCGATGTA-1_4_2"
"174","ACGATCATCCGTTGAA-1_4_2"
"175","ACGATCATCTCACCCA-1_4_2"
"176","ACGATGTAGAATTGTG-1_4_2"
"177","ACGATGTAGACTACGG-1_4_2"
"178","ACGATGTAGGCTTTCA-1_4_2"
"179","ACGCACGAGAGCAACC-1_4_2"
"180","ACGCACGCACAGTACT-1_4_2"
"181","ACGGAAGCAGCAGAAC-1_4_2"
"182","ACGGGTCGTTTACGAC-1_4_2"
"183","ACGGTCGCACTGTTCC-1_4_2"
"184","ACGGTTAAGGGACACT-1_4_2"
"185","ACGGTTATCGGAGATG-1_4_2"
"186","ACGTACATCGAGTACT-1_4_2"
"187","ACGTAGTAGTGGAAAG-1_4_2"
"188","ACGTAGTTCAGTAGGG-1_4_2"
"189","ACGTAGTTCGGCACTG-1_4_2"
"190","ACGTTCCAGATCGACG-1_4_2"
"191","ACGTTCCAGCACGTCC-1_4_2"
"192","ACGTTCCAGGGTCACA-1_4_2"
"193","ACGTTCCGTTAGAGTA-1_4_2"
"194","ACTATGGAGTGCGACA-1_4_2"
"195","ACTCCCATCCCGTGAG-1_4_2"
"196","ACTCTCGAGGTATCTC-1_4_2"
"197","ACTCTCGCAGACCTAT-1_4_2"
"198","ACTGATGTCATCACTT-1_4_2"
"199","ACTGATGTCCAACTAG-1_4_2"
"200","ACTGATGTCGAGAACG-1_4_2"
"201","ACTGCAAGTTCTAACG-1_4_2"
"202","ACTGTCCAGCACTCTA-1_4_2"
"203","ACTGTCCCATAGGAGC-1_4_2"
"204","ACTGTGAAGACATCAA-1_4_2"
"205","ACTTAGGAGTGCAGGT-1_4_2"
"206","ACTTATCCACATGACT-1_4_2"
"207","ACTTATCTCCTTCTAA-1_4_2"
"208","ACTTCCGAGTCTGGAG-1_4_2"
"209","ACTTCGCCAGAGCTAG-1_4_2"
"210","ACTTCGCTCTCCGAAA-1_4_2"
"211","ACTTTCAAGCAGCGAT-1_4_2"
"212","ACTTTCACAGCCCAGT-1_4_2"
"213","ACTTTCAGTCGCATGC-1_4_2"
"214","ACTTTGTTCGAAGCCC-1_4_2"
"215","ACTTTGTTCTGCGATA-1_4_2"
"216","AGAAATGAGTTGGAGC-1_4_2"
"217","AGAACCTAGCTCTATG-1_4_2"
"218","AGAAGCGAGCAGCCCT-1_4_2"
"219","AGAAGTAAGACAGCGT-1_4_2"
"220","AGACAAAAGGTAATCA-1_4_2"
"221","AGACAAACAAAGACGC-1_4_2"
"222","AGACAAACAAGTGGAC-1_4_2"
"223","AGACAAAGTGCTGATT-1_4_2"
"224","AGACACTAGGTGCCTC-1_4_2"
"225","AGACACTCAGAGGTAC-1_4_2"
"226","AGACAGGGTTTAGACC-1_4_2"
"227","AGACCATCACGCTATA-1_4_2"
"228","AGACCATTCTATCACT-1_4_2"
"229","AGACCCGAGAGGCGTT-1_4_2"
"230","AGACCCGGTCGACTGC-1_4_2"
"231","AGACCCGTCAACACGT-1_4_2"
"232","AGACCCGTCGGCTTGG-1_4_2"
"233","AGACTCAGTCCAAAGG-1_4_2"
"234","AGACTCATCTTACTGT-1_4_2"
"235","AGAGAGCGTGGTCCCA-1_4_2"
"236","AGAGCCCAGTCGGCCT-1_4_2"
"237","AGAGCCCCATTAAAGG-1_4_2"
"238","AGATAGAAGCATACTC-1_4_2"
"239","AGATAGACACAAGCCC-1_4_2"
"240","AGATAGACAGAAACCG-1_4_2"
"241","AGATAGAGTTAATCGC-1_4_2"
"242","AGATCCATCTGTCTCG-1_4_2"
"243","AGATCGTTCAGACATC-1_4_2"
"244","AGATGAACAGGGACTA-1_4_2"
"245","AGATGAAGTCATTCCC-1_4_2"
"246","AGATGCTGTCCCTAAA-1_4_2"
"247","AGCATCAAGCAGTAAT-1_4_2"
"248","AGCATCAAGGTTACCT-1_4_2"
"249","AGCCAATCAACACGAG-1_4_2"
"250","AGCCAATTCCCATTTA-1_4_2"
"251","AGCCAATTCTACCACC-1_4_2"
"252","AGCCACGAGATTAGCA-1_4_2"
"253","AGCCACGAGGACGCTA-1_4_2"
"254","AGCCACGGTATGATCC-1_4_2"
"255","AGCCAGCAGCTGAAAT-1_4_2"
"256","AGCCAGCGTGGCTTAT-1_4_2"
"257","AGCGATTCAAGACCTT-1_4_2"
"258","AGCGATTCACCTATCC-1_4_2"
"259","AGCGATTGTAACACGG-1_4_2"
"260","AGCGATTGTGACACGA-1_4_2"
"261","AGCGATTTCACCTGGG-1_4_2"
"262","AGCGCCAAGAATGTTG-1_4_2"
"263","AGCGCCAAGCATAGGC-1_4_2"
"264","AGCGCCAGTCTACATG-1_4_2"
"265","AGCGTATAGAATCGAT-1_4_2"
"266","AGCGTATGTGTTGACT-1_4_2"
"267","AGCTACAAGAATAGTC-1_4_2"
"268","AGCTACAGTATCAAGA-1_4_2"
"269","AGCTACAGTGAGATTA-1_4_2"
"270","AGCTTCCAGCTGCCTG-1_4_2"
"271","AGCTTCCGTAATTAGG-1_4_2"
"272","AGCTTCCTCCGACATA-1_4_2"
"273","AGGAAATCACGTCGGT-1_4_2"
"274","AGGAAATCAGTGTATC-1_4_2"
"275","AGGAATACATACCACA-1_4_2"
"276","AGGAATAGTAGAGACC-1_4_2"
"277","AGGACGAGTACATTGC-1_4_2"
"278","AGGACGATCGCCGATG-1_4_2"
"279","AGGACTTTCTCATTGT-1_4_2"
"280","AGGACTTTCTGTTCAT-1_4_2"
"281","AGGAGGTCAATTGCTG-1_4_2"
"282","AGGAGGTTCCTGCTAC-1_4_2"
"283","AGGATAAAGAGGTATT-1_4_2"
"284","AGGATAAAGCAGGGAG-1_4_2"
"285","AGGCATTCACACCTTC-1_4_2"
"286","AGGCATTGTTCGAACT-1_4_2"
"287","AGGCATTTCAGTCAGT-1_4_2"
"288","AGGCCACGTAGTGTGG-1_4_2"
"289","AGGCCACGTGAATTAG-1_4_2"
"290","AGGCCACTCCTATTTG-1_4_2"
"291","AGGGAGTAGATGAACT-1_4_2"
"292","AGGGAGTCAATCAAGA-1_4_2"
"293","AGGGAGTTCAGCCTCT-1_4_2"
"294","AGGGAGTTCTTCCAGC-1_4_2"
"295","AGGGCCTAGTATGAAC-1_4_2"
"296","AGGGCTCAGGCTTCCG-1_4_2"
"297","AGGGTGAAGTACAGAT-1_4_2"
"298","AGGGTTTAGATGTTAG-1_4_2"
"299","AGGGTTTGTAGTATAG-1_4_2"
"300","AGGTCATCAATCTAGC-1_4_2"
"301","AGGTCATTCATCACTT-1_4_2"
"302","AGGTCTAAGAAGCTCG-1_4_2"
"303","AGGTCTAAGAGAAGGT-1_4_2"
"304","AGGTCTACATGGACAG-1_4_2"
"305","AGGTGTTCATGATCTG-1_4_2"
"306","AGGTGTTGTCCACAGC-1_4_2"
"307","AGTAACCAGTGTACAA-1_4_2"
"308","AGTAACCTCTGGAAGG-1_4_2"
"309","AGTACCACATCCTCAC-1_4_2"
"310","AGTACCAGTTTATGCG-1_4_2"
"311","AGTACTGAGATGTTAG-1_4_2"
"312","AGTACTGTCCCATAGA-1_4_2"
"313","AGTACTGTCGTACACA-1_4_2"
"314","AGTACTGTCTGGGATT-1_4_2"
"315","AGTAGTCAGGTGCATG-1_4_2"
"316","AGTCAACGTGGATCAG-1_4_2"
"317","AGTCACAAGTGATCGG-1_4_2"
"318","AGTCACATCGAACGCC-1_4_2"
"319","AGTCATGGTCGTCGGT-1_4_2"
"320","AGTGACTAGTCACGCC-1_4_2"
"321","AGTGACTCAAGCACAG-1_4_2"
"322","AGTGACTCACCGTACG-1_4_2"
"323","AGTGACTGTACCGCGT-1_4_2"
"324","AGTGATCAGCCAAGCA-1_4_2"
"325","AGTGATCGTCGCGGTT-1_4_2"
"326","AGTGATCTCTGAGGCC-1_4_2"
"327","AGTGCCGAGTAGAATC-1_4_2"
"328","AGTGCCGCACCAGTAT-1_4_2"
"329","AGTGCCGTCCATGATG-1_4_2"
"330","AGTGCCGTCTGAGAAA-1_4_2"
"331","AGTGTTGAGCTTTGTG-1_4_2"
"332","AGTGTTGTCGCATGAT-1_4_2"
"333","AGTTAGCGTAGGGAGG-1_4_2"
"334","AGTTCCCAGCAACTCT-1_4_2"
"335","AGTTCGACACCAAAGG-1_4_2"
"336","AGTTCGAGTTCTCAGA-1_4_2"
"337","AGTTCGATCCGAGTGC-1_4_2"
"338","AGTTCGATCTGAGATC-1_4_2"
"339","ATACCGAGTCAACGCC-1_4_2"
"340","ATACCGAGTGATCGTT-1_4_2"
"341","ATACCGATCATCTCTA-1_4_2"
"342","ATACCTTGTTTATGCG-1_4_2"
"343","ATACTTCAGGGTCACA-1_4_2"
"344","ATACTTCCAATAGGAT-1_4_2"
"345","ATAGACCCAGCGTGAA-1_4_2"
"346","ATAGACCGTAGTGTGG-1_4_2"
"347","ATAGAGACACACAGCC-1_4_2"
"348","ATAGAGACATACTGTG-1_4_2"
"349","ATAGGCTAGCTCACTA-1_4_2"
"350","ATATCCTCATGAGATA-1_4_2"
"351","ATATCCTGTAGTATAG-1_4_2"
"352","ATATCCTGTGAACCGA-1_4_2"
"353","ATATCCTTCCATCGTC-1_4_2"
"354","ATCACAGAGCTGTACT-1_4_2"
"355","ATCACAGTCACCCTGT-1_4_2"
"356","ATCACGACACACAGCC-1_4_2"
"357","ATCACTTCAGCCGGTT-1_4_2"
"358","ATCACTTTCTGTGCGG-1_4_2"
"359","ATCAGGTAGCTCGAAG-1_4_2"
"360","ATCCACCCAGCGTATT-1_4_2"
"361","ATCCATTCATTGGGAG-1_4_2"
"362","ATCCATTGTGTGCTTA-1_4_2"
"363","ATCCCTGAGTCACACT-1_4_2"
"364","ATCCCTGTCCTCAGAA-1_4_2"
"365","ATCCTATAGATCGACG-1_4_2"
"366","ATCCTATCAGTAGATA-1_4_2"
"367","ATCCTATGTCGAGCTC-1_4_2"
"368","ATCCTATTCAATCAGC-1_4_2"
"369","ATCGCCTAGTTACGAA-1_4_2"
"370","ATCGCCTCAGCCGTTG-1_4_2"
"371","ATCGCCTTCAACTGGT-1_4_2"
"372","ATCGGATAGACGAAGA-1_4_2"
"373","ATCGGATCAGAGTTCT-1_4_2"
"374","ATCGGCGGTCGGCACT-1_4_2"
"375","ATCGGCGTCGTCACCT-1_4_2"
"376","ATCGTAGCAGTTCACA-1_4_2"
"377","ATCGTAGGTACAGAGC-1_4_2"
"378","ATCGTAGTCCAACCAA-1_4_2"
"379","ATCGTCCCACAGCATT-1_4_2"
"380","ATCGTCCGTATCGCAT-1_4_2"
"381","ATCTCTAAGATTCGCT-1_4_2"
"382","ATCTTCAAGCTGTACT-1_4_2"
"383","ATCTTCAAGGCATGGT-1_4_2"
"384","ATCTTCACACTCTAGA-1_4_2"
"385","ATCTTCAGTTGCCGCA-1_4_2"
"386","ATGAAAGCATAATCGC-1_4_2"
"387","ATGAAAGTCCGGTAGC-1_4_2"
"388","ATGACCACACAAGCAG-1_4_2"
"389","ATGACCACAGGGACTA-1_4_2"
"390","ATGAGGGCACGACCTG-1_4_2"
"391","ATGAGTCAGAGGGTCT-1_4_2"
"392","ATGAGTCCAAACGGCA-1_4_2"
"393","ATGAGTCCAGACACAG-1_4_2"
"394","ATGATCGAGCGATGCA-1_4_2"
"395","ATGATCGCAATTGCCA-1_4_2"
"396","ATGATCGTCCTAAGTG-1_4_2"
"397","ATGCATGCAAGCCTGC-1_4_2"
"398","ATGCATGGTCACCGCA-1_4_2"
"399","ATGCATGTCTGACCCT-1_4_2"
"400","ATGCCTCAGGACAAGA-1_4_2"
"401","ATGCCTCGTCTGGTTA-1_4_2"
"402","ATGCGATCAAGGCCTC-1_4_2"
"403","ATGCGATGTTCGAACT-1_4_2"
"404","ATGGAGGCAGACGCTC-1_4_2"
"405","ATGGAGGTCCATCTAT-1_4_2"
"406","ATGGATCCAGATGCGA-1_4_2"
"407","ATGGGAGGTAGTTACC-1_4_2"
"408","ATGGGAGGTTGCTGAT-1_4_2"
"409","ATGGTTGAGAAACACT-1_4_2"
"410","ATGGTTGTCCTCTCGA-1_4_2"
"411","ATGTCCCAGAGGGTAA-1_4_2"
"412","ATGTCCCAGTCACGCC-1_4_2"
"413","ATGTCCCAGTCCCAAT-1_4_2"
"414","ATGTCCCTCGAGAATA-1_4_2"
"415","ATGTCTTGTCCTTAAG-1_4_2"
"416","ATTACCTCAGAACTCT-1_4_2"
"417","ATTACTCAGAACAAGG-1_4_2"
"418","ATTATCCCAACGACTT-1_4_2"
"419","ATTATCCCAAGCGATG-1_4_2"
"420","ATTATCCGTATAATGG-1_4_2"
"421","ATTATCCGTGGGTTGA-1_4_2"
"422","ATTATCCTCGATGCAT-1_4_2"
"423","ATTCACTCAAAGACTA-1_4_2"
"424","ATTCACTCACGCTGAC-1_4_2"
"425","ATTCACTGTGACAACG-1_4_2"
"426","ATTCACTTCTGGAAGG-1_4_2"
"427","ATTCAGGAGCACGATG-1_4_2"
"428","ATTCAGGAGCGTTCAT-1_4_2"
"429","ATTCAGGAGTCAACAA-1_4_2"
"430","ATTCATCGTAAGCTCT-1_4_2"
"431","ATTCATCGTGGATCGA-1_4_2"
"432","ATTCCCGAGATGCTGG-1_4_2"
"433","ATTCCCGAGATTAGTG-1_4_2"
"434","ATTCCTAAGTATAGGT-1_4_2"
"435","ATTCCTACAGTAGTTC-1_4_2"
"436","ATTCGTTGTCCACGCA-1_4_2"
"437","ATTCGTTTCATCGCTC-1_4_2"
"438","ATTCTACAGGTGGCTA-1_4_2"
"439","ATTCTACAGTACCCTA-1_4_2"
"440","ATTCTACCAACACGAG-1_4_2"
"441","ATTCTACTCCTACGGG-1_4_2"
"442","ATTCTTGGTGTTTGCA-1_4_2"
"443","ATTCTTGTCACTCCGT-1_4_2"
"444","ATTCTTGTCAGCGCAC-1_4_2"
"445","ATTGGGTAGTTGGAAT-1_4_2"
"446","ATTTACCAGAAGCCAC-1_4_2"
"447","ATTTACCAGGCACTCC-1_4_2"
"448","ATTTACCTCTTACCGC-1_4_2"
"449","ATTTCACAGGTTCACT-1_4_2"
"450","ATTTCTGCACTTCAAG-1_4_2"
"451","ATTTCTGGTATCGTGT-1_4_2"
"452","ATTTCTGTCTGGGTCG-1_4_2"
"453","CAAAGAATCAAGGAGC-1_4_2"
"454","CAAAGAATCACACCCT-1_4_2"
"455","CAACAACGTCAAAGCG-1_4_2"
"456","CAACAGTTCGACCACG-1_4_2"
"457","CAACCAAAGGTACTGG-1_4_2"
"458","CAACCTCAGAGGTTTA-1_4_2"
"459","CAACCTCCAGCTGGTC-1_4_2"
"460","CAACCTCGTCATATGC-1_4_2"
"461","CAACCTCGTCTAGATC-1_4_2"
"462","CAACGATCAGCAAGAC-1_4_2"
"463","CAACGGCGTGCAAGAC-1_4_2"
"464","CAAGAGGTCCTACCAC-1_4_2"
"465","CAAGCTAAGCCTTTCC-1_4_2"
"466","CAAGCTACATCATTTC-1_4_2"
"467","CAAGCTACATCCGTGG-1_4_2"
"468","CAAGGGAGTCGTGCCA-1_4_2"
"469","CAAGGGAGTTCCGCTT-1_4_2"
"470","CAATACGTCCAAATGC-1_4_2"
"471","CAATACGTCTTTCCGG-1_4_2"
"472","CAATCGAAGGAACGCT-1_4_2"
"473","CAATCGAGTCCGATCG-1_4_2"
"474","CAATGACCACAGTCGC-1_4_2"
"475","CAATTTCAGCATTTGC-1_4_2"
"476","CAATTTCCAATACGAA-1_4_2"
"477","CAATTTCTCAGTGTCA-1_4_2"
"478","CACAACAAGACCAACG-1_4_2"
"479","CACACAATCCGCGAGT-1_4_2"
"480","CACAGATAGCTGACCC-1_4_2"
"481","CACAGATCAGTATTCG-1_4_2"
"482","CACAGATCAGTCGAGA-1_4_2"
"483","CACAGATGTCACTACA-1_4_2"
"484","CACAGATGTCCAAGAG-1_4_2"
"485","CACAGGCAGAATTGCA-1_4_2"
"486","CACAGGCAGCCAGTAG-1_4_2"
"487","CACAGGCAGCTCTATG-1_4_2"
"488","CACAGGCCAAATTAGG-1_4_2"
"489","CACAGGCCAATTGAGA-1_4_2"
"490","CACATGAGTGACTGAG-1_4_2"
"491","CACCAAACAGGTCCCA-1_4_2"
"492","CACCGTTAGTCCCGGT-1_4_2"
"493","CACCGTTGTCGTTCAA-1_4_2"
"494","CACGAATCAATCCAGT-1_4_2"
"495","CACGAATCACTCGATA-1_4_2"
"496","CACGAATCAGAAACCG-1_4_2"
"497","CACGAATTCAAGAATG-1_4_2"
"498","CACGGGTCAACGATCT-1_4_2"
"499","CACGGGTCACTGTGAT-1_4_2"
"500","CACGTGGGTGCCTACG-1_4_2"
"501","CACGTGGTCGTAACCA-1_4_2"
"502","CACGTTCAGTGAATAC-1_4_2"
"503","CACTAAGAGCTGTGCC-1_4_2"
"504","CACTAAGGTGCACGCT-1_4_2"
"505","CACTAAGTCAAAGGAT-1_4_2"
"506","CACTAAGTCAAGCCGC-1_4_2"
"507","CACTGAAGTCCAGGTC-1_4_2"
"508","CACTGTCCATATACCG-1_4_2"
"509","CACTTCGAGTCACTCA-1_4_2"
"510","CACTTCGTCCACAAGT-1_4_2"
"511","CAGAGCCAGATACGAT-1_4_2"
"512","CAGAGCCCAACCGATT-1_4_2"
"513","CAGATCAGTGAGTTTC-1_4_2"
"514","CAGATTGCACTTGAAC-1_4_2"
"515","CAGCACGAGAGTTCGG-1_4_2"
"516","CAGCACGCACACGTGC-1_4_2"
"517","CAGCAGCAGACTCGAG-1_4_2"
"518","CAGCCAGAGCATATGA-1_4_2"
"519","CAGCCAGGTCGACGCT-1_4_2"
"520","CAGCCAGGTGGAATGC-1_4_2"
"521","CAGCCAGGTTCAAGTC-1_4_2"
"522","CAGCGTGCACCCTGAG-1_4_2"
"523","CAGCGTGCAGCCCAGT-1_4_2"
"524","CAGCGTGTCGAGTCTA-1_4_2"
"525","CAGCGTGTCGGAAGGT-1_4_2"
"526","CAGGCCACAATTGTGC-1_4_2"
"527","CAGGCCACACCGTCTT-1_4_2"
"528","CAGGCCAGTATGGTAA-1_4_2"
"529","CAGGCCATCGATTTCT-1_4_2"
"530","CAGGCCATCTCTCTAA-1_4_2"
"531","CAGGGCTAGATGCTTC-1_4_2"
"532","CAGGGCTTCCTTGACC-1_4_2"
"533","CAGGGCTTCTCGGTCT-1_4_2"
"534","CAGGTATAGATGAATC-1_4_2"
"535","CAGGTATAGTGAACAT-1_4_2"
"536","CAGGTATAGTGTTGTC-1_4_2"
"537","CAGGTATCAGTGACCC-1_4_2"
"538","CAGGTATCATCATGAC-1_4_2"
"539","CAGTGCGCAGAAGTTA-1_4_2"
"540","CAGTTAGTCGCACGGT-1_4_2"
"541","CAGTTCCAGCAAGTGC-1_4_2"
"542","CAGTTCCCAAGTCCCG-1_4_2"
"543","CAGTTCCCATAGATCC-1_4_2"
"544","CAGTTCCGTGGCGCTT-1_4_2"
"545","CAGTTCCGTTATTCCT-1_4_2"
"546","CAGTTCCTCAGTGTTG-1_4_2"
"547","CAGTTCCTCCTACCGT-1_4_2"
"548","CATAAGCAGCGCCGTT-1_4_2"
"549","CATAAGCGTATCGAAA-1_4_2"
"550","CATAAGCGTGGCAACA-1_4_2"
"551","CATACCCGTACTAACC-1_4_2"
"552","CATACTTAGCCATTCA-1_4_2"
"553","CATACTTGTAGGCTCC-1_4_2"
"554","CATCAAGCAGCAGAAC-1_4_2"
"555","CATCAAGCATCTAGAC-1_4_2"
"556","CATCCACGTATAATGG-1_4_2"
"557","CATCCACGTGTTCATG-1_4_2"
"558","CATCCCAAGTTCCATG-1_4_2"
"559","CATCCGTAGTATTGCC-1_4_2"
"560","CATCGCTGTTAATCGC-1_4_2"
"561","CATCGCTTCATCACAG-1_4_2"
"562","CATCGGGGTCACAATC-1_4_2"
"563","CATCGTCGTACGACAG-1_4_2"
"564","CATGAGTAGCTCCGAC-1_4_2"
"565","CATGAGTCAGCGACAA-1_4_2"
"566","CATGAGTTCAGCAATC-1_4_2"
"567","CATGCAACACGTTGGC-1_4_2"
"568","CATGCAAGTCCAGCGT-1_4_2"
"569","CATGCCTAGCGTTCCG-1_4_2"
"570","CATGCCTCAAATACAG-1_4_2"
"571","CATGCCTCAAGTTCCA-1_4_2"
"572","CATGCGGCACTTCAAG-1_4_2"
"573","CATGCGGCAGATACCT-1_4_2"
"574","CATGCGGCAGCTGAAG-1_4_2"
"575","CATGGATAGTTGGCTT-1_4_2"
"576","CATGGATCACAAGTGG-1_4_2"
"577","CATTCATAGCACTCCG-1_4_2"
"578","CATTCATGTGTTCGTA-1_4_2"
"579","CATTCATTCTGGAAGG-1_4_2"
"580","CATTCTAAGGAGGTTC-1_4_2"
"581","CATTCTACAGTCGCAC-1_4_2"
"582","CATTCTAGTCTTGTCC-1_4_2"
"583","CATTGAGCAAGAATAC-1_4_2"
"584","CATTGAGGTAACTAAG-1_4_2"
"585","CATTGCCAGAGGTCAC-1_4_2"
"586","CATTGCCGTTGTAAAG-1_4_2"
"587","CATTTCAAGTCATGGG-1_4_2"
"588","CATTTCACAAGTATAG-1_4_2"
"589","CATTTCACAGAGAGGG-1_4_2"
"590","CATTTCACAGCGTACC-1_4_2"
"591","CATTTCATCCAATCTT-1_4_2"
"592","CCAATGAGTCTACACA-1_4_2"
"593","CCAATTTCATGACTAC-1_4_2"
"594","CCACAAAAGAAGCGCT-1_4_2"
"595","CCACAAAAGTAAGCAT-1_4_2"
"596","CCACAAACACTGTGAT-1_4_2"
"597","CCACACTGTCCCGTGA-1_4_2"
"598","CCACCATAGGCTTAGG-1_4_2"
"599","CCACCATGTGCGTGCT-1_4_2"
"600","CCACCATTCTCCTGCA-1_4_2"
"601","CCACGAGGTAGCACAG-1_4_2"
"602","CCACGAGTCTTTGCTA-1_4_2"
"603","CCACTTGCACCATATG-1_4_2"
"604","CCACTTGTCCTTATCA-1_4_2"
"605","CCATAAGGTATGTCAC-1_4_2"
"606","CCATCACCAATACCCA-1_4_2"
"607","CCATCACCACTTACAG-1_4_2"
"608","CCATCACTCCGCAAAT-1_4_2"
"609","CCATCACTCGTGCGAC-1_4_2"
"610","CCCGAAGAGCGACCCT-1_4_2"
"611","CCCGAAGTCGTAATGC-1_4_2"
"612","CCCGGAAAGCCATTCA-1_4_2"
"613","CCCTAACCAACGATCT-1_4_2"
"614","CCCTAACCATAGGTAA-1_4_2"
"615","CCCTAACTCCTGTACC-1_4_2"
"616","CCCTGATCATACTGTG-1_4_2"
"617","CCCTGATGTCCTTAAG-1_4_2"
"618","CCCTTAGGTGCCTTTC-1_4_2"
"619","CCCTTAGTCAGCTTGA-1_4_2"
"620","CCGATGGAGCCAAGCA-1_4_2"
"621","CCGCAAGTCCCGTAAA-1_4_2"
"622","CCGGACAAGCGACAGT-1_4_2"
"623","CCGGACACATTGTCGA-1_4_2"
"624","CCGGACATCTCAACCC-1_4_2"
"625","CCGGGTAAGGGTAATT-1_4_2"
"626","CCGGGTAAGTAGCTCT-1_4_2"
"627","CCGGGTAGTGGCGCTT-1_4_2"
"628","CCGGGTAGTTGCCGCA-1_4_2"
"629","CCGGGTATCGGTTGTA-1_4_2"
"630","CCGGTAGTCACTCTTA-1_4_2"
"631","CCGGTAGTCTGTCTCG-1_4_2"
"632","CCGGTGACAAGTGCTT-1_4_2"
"633","CCGGTGACACACCAGC-1_4_2"
"634","CCGGTGACAGCAGGAT-1_4_2"
"635","CCGGTGAGTAGATTAG-1_4_2"
"636","CCGGTGATCACCGGGT-1_4_2"
"637","CCGTGAGGTGCGCTCA-1_4_2"
"638","CCGTTCAAGTAAGACT-1_4_2"
"639","CCGTTCATCCCAATAG-1_4_2"
"640","CCTAAGAGTATCAGGG-1_4_2"
"641","CCTATCGAGTATGACA-1_4_2"
"642","CCTATCGCACACGCCA-1_4_2"
"643","CCTATCGGTTGAATCC-1_4_2"
"644","CCTCAACTCGAAGCCC-1_4_2"
"645","CCTCAACTCGAGAAAT-1_4_2"
"646","CCTCACAAGGGTTGCA-1_4_2"
"647","CCTCACACACTATGTG-1_4_2"
"648","CCTCACAGTTCAGCGC-1_4_2"
"649","CCTCATGAGGGATCAC-1_4_2"
"650","CCTCCAAAGAAGTCAT-1_4_2"
"651","CCTCCAACACAGCTTA-1_4_2"
"652","CCTCCAATCTCGCCTA-1_4_2"
"653","CCTCCTCAGCGCCATC-1_4_2"
"654","CCTCCTCGTCTACTGA-1_4_2"
"655","CCTCCTCTCACGAACT-1_4_2"
"656","CCTCTAGAGTGCTACT-1_4_2"
"657","CCTCTAGTCTTAGCAG-1_4_2"
"658","CCTCTCCAGCCAAGGT-1_4_2"
"659","CCTCTCCCAATCTAGC-1_4_2"
"660","CCTCTCCGTACGGCAA-1_4_2"
"661","CCTGTTGAGTGCACAG-1_4_2"
"662","CCTGTTGCACATTCTT-1_4_2"
"663","CCTGTTGGTATTCTCT-1_4_2"
"664","CCTTGTGAGAGGTCAC-1_4_2"
"665","CCTTGTGAGATCGACG-1_4_2"
"666","CCTTGTGAGCTACTAC-1_4_2"
"667","CCTTTGGAGAGCTGCA-1_4_2"
"668","CCTTTGGCAAACCATC-1_4_2"
"669","CCTTTGGCAATGGCCC-1_4_2"
"670","CCTTTGGGTACAGAGC-1_4_2"
"671","CCTTTGGTCTTCTGGC-1_4_2"
"672","CGAAGGAAGTTCCGTA-1_4_2"
"673","CGAATTGAGCTCACTA-1_4_2"
"674","CGAATTGCAGACCATT-1_4_2"
"675","CGAATTGGTATGCGGA-1_4_2"
"676","CGACAGCAGACATACA-1_4_2"
"677","CGACAGCGTTTCGATG-1_4_2"
"678","CGAGAAGCAAGAAACT-1_4_2"
"679","CGAGAAGTCGCTGACG-1_4_2"
"680","CGAGGAAAGGACTATA-1_4_2"
"681","CGAGGAACACTCCACT-1_4_2"
"682","CGAGGAAGTCCACTTC-1_4_2"
"683","CGAGGAAGTTGCCGCA-1_4_2"
"684","CGAGGCTAGAGTCCGA-1_4_2"
"685","CGAGGCTTCCTCGCAT-1_4_2"
"686","CGAGGCTTCTAAACGC-1_4_2"
"687","CGAGTGCCAAATTGCC-1_4_2"
"688","CGATCGGGTACTGGGA-1_4_2"
"689","CGATCGGGTCCAGCAC-1_4_2"
"690","CGATCGGTCATATGGC-1_4_2"
"691","CGATGCGGTTGCACGC-1_4_2"
"692","CGATGGCAGACCAAAT-1_4_2"
"693","CGATGGCTCGCCATAA-1_4_2"
"694","CGCAGGTTCCCATACC-1_4_2"
"695","CGCATAAAGACTACGG-1_4_2"
"696","CGCATAACATGGCCAC-1_4_2"
"697","CGCATAAGTAATGATG-1_4_2"
"698","CGCATGGAGCGTGAAC-1_4_2"
"699","CGCATGGCAGCGTAGA-1_4_2"
"700","CGCATGGGTTATAGAG-1_4_2"
"701","CGCCATTCATTCTGTT-1_4_2"
"702","CGCCATTTCCGAAGGA-1_4_2"
"703","CGCCATTTCTTCCCAG-1_4_2"
"704","CGGAACCCACTACAGT-1_4_2"
"705","CGGAACCGTGAATGTA-1_4_2"
"706","CGGAATTCACTGGATT-1_4_2"
"707","CGGAATTCACTTCTCG-1_4_2"
"708","CGGAATTGTCTCGGGT-1_4_2"
"709","CGGAATTGTGGAAATT-1_4_2"
"710","CGGACACAGGCCTAAG-1_4_2"
"711","CGGACACTCTTAGCAG-1_4_2"
"712","CGGGCATAGCGGCTCT-1_4_2"
"713","CGGGCATAGGTTATAG-1_4_2"
"714","CGGGCATAGTGGACTG-1_4_2"
"715","CGGGTGTCACTAAACC-1_4_2"
"716","CGGGTGTGTGCGTCGT-1_4_2"
"717","CGGGTGTGTTGGAGGT-1_4_2"
"718","CGGTCAGAGGACAACC-1_4_2"
"719","CGGTCAGAGTTCGGTT-1_4_2"
"720","CGGTCAGCAGAAATTG-1_4_2"
"721","CGGTCAGGTCAGATTC-1_4_2"
"722","CGGTCAGTCCACGTGG-1_4_2"
"723","CGTAAGTAGCGGACAT-1_4_2"
"724","CGTAAGTAGGTGATAT-1_4_2"
"725","CGTAATGCATCACGGC-1_4_2"
"726","CGTAGTATCGAGATGG-1_4_2"
"727","CGTCAAAAGGCTAAAT-1_4_2"
"728","CGTCAAATCCATAGAC-1_4_2"
"729","CGTCCATAGTCCCGGT-1_4_2"
"730","CGTCCATAGTGCCGAA-1_4_2"
"731","CGTCCATGTTGGATCT-1_4_2"
"732","CGTGAATTCTACAGGT-1_4_2"
"733","CGTGATAGTAACGTTC-1_4_2"
"734","CGTGCTTCAAGCGCTC-1_4_2"
"735","CGTTCTGCATTATGCG-1_4_2"
"736","CGTTCTGGTGTCCACG-1_4_2"
"737","CGTTCTGTCAACTTTC-1_4_2"
"738","CGTTCTGTCGCCAATA-1_4_2"
"739","CGTTGGGAGCGTTCAT-1_4_2"
"740","CTAACTTAGGACGCAT-1_4_2"
"741","CTAACTTAGGGTCAAC-1_4_2"
"742","CTAACTTCAGGAGGTT-1_4_2"
"743","CTAACTTGTAGTTCCA-1_4_2"
"744","CTAACTTGTCTGATCA-1_4_2"
"745","CTAACTTTCGGTCACG-1_4_2"
"746","CTAAGTGTCTCGGGAC-1_4_2"
"747","CTACAGACACAGAGAC-1_4_2"
"748","CTACAGAGTACGACTT-1_4_2"
"749","CTACAGATCTCGAACA-1_4_2"
"750","CTACATTCAACAGAGC-1_4_2"
"751","CTACATTGTTCCTAGA-1_4_2"
"752","CTACCTGTCCCGTAAA-1_4_2"
"753","CTACTATAGACTTCAC-1_4_2"
"754","CTACTATAGCTGAAGC-1_4_2"
"755","CTAGACAGTGCAACAG-1_4_2"
"756","CTAGACATCGCCACTT-1_4_2"
"757","CTAGGTAAGTCCGCCA-1_4_2"
"758","CTAGGTACAAACCACT-1_4_2"
"759","CTAGGTACAATCTCGA-1_4_2"
"760","CTAGGTAGTCAACACT-1_4_2"
"761","CTAGGTATCAGACAAA-1_4_2"
"762","CTATAGGAGACTGAGC-1_4_2"
"763","CTATAGGCAACCAGAG-1_4_2"
"764","CTATAGGGTCTAACGT-1_4_2"
"765","CTATCCGAGACTTCCA-1_4_2"
"766","CTCAACCAGGCAGCTA-1_4_2"
"767","CTCAACCCACCAGGTC-1_4_2"
"768","CTCAACCCAGGTCCCA-1_4_2"
"769","CTCAAGACATGACTTG-1_4_2"
"770","CTCACTGAGAAATCCA-1_4_2"
"771","CTCACTGCACCATAAC-1_4_2"
"772","CTCACTGCACTTCCTG-1_4_2"
"773","CTCAGAAAGGCTTTCA-1_4_2"
"774","CTCAGAAAGGTTCTAC-1_4_2"
"775","CTCAGAATCGGTCGAC-1_4_2"
"776","CTCAGGGAGAATGTTG-1_4_2"
"777","CTCAGGGAGACCCGCT-1_4_2"
"778","CTCAGGGAGTGTACCT-1_4_2"
"779","CTCAGGGCAGTAGAGC-1_4_2"
"780","CTCAGGGCATGACGGA-1_4_2"
"781","CTCAGGGTCCTAACAG-1_4_2"
"782","CTCAGGGTCGCCGAGT-1_4_2"
"783","CTCAGTCCAACGCCCA-1_4_2"
"784","CTCAGTCTCACACCGG-1_4_2"
"785","CTCATGCGTATCGCTA-1_4_2"
"786","CTCATTAAGCCTGGAA-1_4_2"
"787","CTCATTATCTTCCAGC-1_4_2"
"788","CTCCAACAGGTGCCTC-1_4_2"
"789","CTCCAACAGTGTTGTC-1_4_2"
"790","CTCCAACGTCCATCTC-1_4_2"
"791","CTCCACATCCATGATG-1_4_2"
"792","CTCCCAAGTTCAGCTA-1_4_2"
"793","CTCCCAATCCATCTAT-1_4_2"
"794","CTCCCTCTCAACACCA-1_4_2"
"795","CTCCCTCTCAAGGCTT-1_4_2"
"796","CTCCCTCTCAGGGTAG-1_4_2"
"797","CTCCGATGTAGTACGG-1_4_2"
"798","CTCCTCCCACCATATG-1_4_2"
"799","CTCCTTTCAGTCCCGA-1_4_2"
"800","CTCCTTTTCATGTCTT-1_4_2"
"801","CTCGAGGTCGTTGCCT-1_4_2"
"802","CTCTCAGGTGTATTCG-1_4_2"
"803","CTCTCGACAAGAAATC-1_4_2"
"804","CTCTCGAGTAACACCT-1_4_2"
"805","CTCTCGAGTTTCCAAG-1_4_2"
"806","CTCTGGTTCCAAGCTA-1_4_2"
"807","CTGAATGAGCTGAAGC-1_4_2"
"808","CTGAATGGTTTACGTG-1_4_2"
"809","CTGAGCGCAGCTATAC-1_4_2"
"810","CTGAGGCGTACAGTAA-1_4_2"
"811","CTGAGGCGTAGGCTGA-1_4_2"
"812","CTGAGGCGTGTCCACG-1_4_2"
"813","CTGATCCGTGGCGCTT-1_4_2"
"814","CTGATCCTCATTTGGG-1_4_2"
"815","CTGCAGGAGCGGTAAC-1_4_2"
"816","CTGCAGGTCCCATACC-1_4_2"
"817","CTGCATCCACATACTG-1_4_2"
"818","CTGCATCGTATCCTTT-1_4_2"
"819","CTGCATCTCATGCAGT-1_4_2"
"820","CTGCCATCACGATAGG-1_4_2"
"821","CTGCCTACAGGCCTGT-1_4_2"
"822","CTGCGAGTCTACGGGC-1_4_2"
"823","CTGCTCAAGAGGTATT-1_4_2"
"824","CTGCTCAAGCGCAATG-1_4_2"
"825","CTGCTCAAGGTCCCTG-1_4_2"
"826","CTGCTCAGTAGACAAT-1_4_2"
"827","CTGCTCATCATGGTAC-1_4_2"
"828","CTGGCAGAGCAGATAT-1_4_2"
"829","CTGGCAGTCGCCTTGT-1_4_2"
"830","CTGGCAGTCTCTAGGA-1_4_2"
"831","CTGGTCTTCGAGCTGC-1_4_2"
"832","CTGTAGACACAGACGA-1_4_2"
"833","CTGTAGACACCCTATC-1_4_2"
"834","CTGTAGAGTATACAGA-1_4_2"
"835","CTGTAGAGTGCGGATA-1_4_2"
"836","CTGTATTCAATGCAAA-1_4_2"
"837","CTGTCGTCATCGATGT-1_4_2"
"838","CTGTCGTCATGTGACT-1_4_2"
"839","CTGTCGTTCCCTCTCC-1_4_2"
"840","CTGTGAAAGAAGGATG-1_4_2"
"841","CTGTGAACAAGTCCAT-1_4_2"
"842","CTGTGAAGTCTCGACG-1_4_2"
"843","CTTACCGCATGACTGT-1_4_2"
"844","CTTACCGTCAGGACAG-1_4_2"
"845","CTTAGGACAAGTCCAT-1_4_2"
"846","CTTAGGACAAGTCGTT-1_4_2"
"847","CTTAGGATCTGCCCTA-1_4_2"
"848","CTTCAATCAATACGAA-1_4_2"
"849","CTTCAATGTTAAGAAC-1_4_2"
"850","CTTCCGAAGGAGAGTA-1_4_2"
"851","CTTCGGTAGCGGGTAT-1_4_2"
"852","CTTCGGTCACGTAACT-1_4_2"
"853","CTTCTAAAGCAATAAC-1_4_2"
"854","CTTCTAAAGTATGAAC-1_4_2"
"855","CTTCTAACAGAACTCT-1_4_2"
"856","CTTCTAACAGAGTCAG-1_4_2"
"857","CTTCTAATCATCGCCT-1_4_2"
"858","CTTCTCTGTCTTGCGG-1_4_2"
"859","CTTCTCTTCTAGGAAA-1_4_2"
"860","CTTGATTGTTGGGACA-1_4_2"
"861","CTTTCAAAGCTGACAG-1_4_2"
"862","CTTTCAAAGGGCAACT-1_4_2"
"863","CTTTCAACACAAACGG-1_4_2"
"864","CTTTCGGGTCCCACGA-1_4_2"
"865","GAAATGATCGATCCAA-1_4_2"
"866","GAACGTTGTCAGGAGT-1_4_2"
"867","GAACGTTGTTGGCTAT-1_4_2"
"868","GAACTGTCAACCAATC-1_4_2"
"869","GAAGAATAGCAGTACG-1_4_2"
"870","GAAGAATGTCTTTCTA-1_4_2"
"871","GAAGAATGTTACACAC-1_4_2"
"872","GAAGCCCTCGCTCTAC-1_4_2"
"873","GAAGCGATCGGTGTAT-1_4_2"
"874","GAAGGACCAAAGGCGT-1_4_2"
"875","GAAGGGTAGCTCGCAC-1_4_2"
"876","GAAGGGTGTACGGATG-1_4_2"
"877","GAAGGGTGTCCCGCAA-1_4_2"
"878","GAATAGAGTACCGTGC-1_4_2"
"879","GAATCACAGCAGCGAT-1_4_2"
"880","GAATCACGTTAGAGAT-1_4_2"
"881","GAATCGTAGGCGAAGG-1_4_2"
"882","GAATCGTGTACTCCGG-1_4_2"
"883","GAATCGTTCATCCTGC-1_4_2"
"884","GAATCGTTCTGCTTAT-1_4_2"
"885","GACACGCGTATCGGTT-1_4_2"
"886","GACACGCTCTGGCTGG-1_4_2"
"887","GACAGCCGTCCGCAGT-1_4_2"
"888","GACATCAGTTCCAAAC-1_4_2"
"889","GACATCAGTTTCGCTC-1_4_2"
"890","GACCAATCACATGTTG-1_4_2"
"891","GACCAATCATACCAGT-1_4_2"
"892","GACCCTTTCTACCAGA-1_4_2"
"893","GACCGTGAGCATGCAG-1_4_2"
"894","GACCGTGAGTTCATCG-1_4_2"
"895","GACCTTCGTGGCGCTT-1_4_2"
"896","GACCTTCTCGGTCTAA-1_4_2"
"897","GACGCTGTCATTGCTT-1_4_2"
"898","GACTATGAGGACATCG-1_4_2"
"899","GACTATGCAGAGAATT-1_4_2"
"900","GACTATGGTTTGCAGT-1_4_2"
"901","GACTCAAGTATTGAGA-1_4_2"
"902","GACTCAAGTCCTTAAG-1_4_2"
"903","GACTCAATCCTGCCAT-1_4_2"
"904","GACTCTCGTATCTTCT-1_4_2"
"905","GACTCTCTCTTAGGAC-1_4_2"
"906","GACTGATGTCACAGAG-1_4_2"
"907","GACTTCCGTGGCATCC-1_4_2"
"908","GACTTCCGTGGCTACC-1_4_2"
"909","GACTTCCGTTACTCAG-1_4_2"
"910","GACTTCCTCATTACCT-1_4_2"
"911","GAGAAATGTTCCGCGA-1_4_2"
"912","GAGACCCAGAATCGTA-1_4_2"
"913","GAGACTTAGAAATCCA-1_4_2"
"914","GAGAGGTCAAACAGGC-1_4_2"
"915","GAGAGGTGTCTAACGT-1_4_2"
"916","GAGAGGTTCCAAACCA-1_4_2"
"917","GAGATGGTCAAGCCAT-1_4_2"
"918","GAGCCTGCACAAGCCC-1_4_2"
"919","GAGCCTGTCGACACTA-1_4_2"
"920","GAGCTGCTCATGTCAG-1_4_2"
"921","GAGGCAAGTCGCCACA-1_4_2"
"922","GAGGCCTAGAGGCGTT-1_4_2"
"923","GAGGCCTTCCTGTAAG-1_4_2"
"924","GAGGGATGTCATGACT-1_4_2"
"925","GAGGGTAAGCCATGCC-1_4_2"
"926","GAGTCATAGAGCCTGA-1_4_2"
"927","GAGTCATAGCGCTTCG-1_4_2"
"928","GAGTCTAAGGTTGGTG-1_4_2"
"929","GAGTCTATCAAATGCC-1_4_2"
"930","GAGTGAGCAACAAGAT-1_4_2"
"931","GAGTTACCACAAGCCC-1_4_2"
"932","GAGTTACCACAGTATC-1_4_2"
"933","GAGTTACCAGCTATAC-1_4_2"
"934","GAGTTACGTACGTGTT-1_4_2"
"935","GAGTTACGTGTGTCCG-1_4_2"
"936","GATAGAATCACTTGGA-1_4_2"
"937","GATAGAATCTCCAAGA-1_4_2"
"938","GATAGCTGTCGCTTAA-1_4_2"
"939","GATAGCTGTTGGCCTG-1_4_2"
"940","GATCAGTCACAGCCTG-1_4_2"
"941","GATCAGTCACGTACTA-1_4_2"
"942","GATCAGTGTAGCTTTG-1_4_2"
"943","GATCATGAGCCACCGT-1_4_2"
"944","GATCATGGTAGCGCTC-1_4_2"
"945","GATCATGGTTGACTGT-1_4_2"
"946","GATCCCTCACTCATAG-1_4_2"
"947","GATCCCTCATCAGCTA-1_4_2"
"948","GATCCCTTCATGAAAG-1_4_2"
"949","GATCGTACAGCTCATA-1_4_2"
"950","GATCGTAGTGTTCGTA-1_4_2"
"951","GATCGTATCCAGTTCC-1_4_2"
"952","GATGACTCAAGAATAC-1_4_2"
"953","GATGACTCAATCACGT-1_4_2"
"954","GATGACTTCGCCGTGA-1_4_2"
"955","GATGACTTCGTTAGTG-1_4_2"
"956","GATGAGGTCCTAACAG-1_4_2"
"957","GATGAGGTCTGCCTGT-1_4_2"
"958","GATGATCGTCCACAGC-1_4_2"
"959","GATGGAGAGTAGACCG-1_4_2"
"960","GATGGAGCAGACATCT-1_4_2"
"961","GATGGAGGTCGAACGA-1_4_2"
"962","GATGTTGCAGCACACC-1_4_2"
"963","GATGTTGTCGCTGATA-1_4_2"
"964","GATTTCTTCCTACCGT-1_4_2"
"965","GCAACATCACCAACAT-1_4_2"
"966","GCAACATGTGCAATGG-1_4_2"
"967","GCAACCGCACACGGTC-1_4_2"
"968","GCAACCGCACGACGAA-1_4_2"
"969","GCACATAAGCTAAACA-1_4_2"
"970","GCACGGTAGACTCTAC-1_4_2"
"971","GCACGGTCACAGAAGC-1_4_2"
"972","GCACGTGGTAAGACCG-1_4_2"
"973","GCACGTGTCCAATCTT-1_4_2"
"974","GCACTAAAGTCATACC-1_4_2"
"975","GCACTAACAATCTAGC-1_4_2"
"976","GCACTAACAGGAAGTC-1_4_2"
"977","GCACTAAGTCACCGAC-1_4_2"
"978","GCACTAATCCTCAGAA-1_4_2"
"979","GCAGCTGGTACTTCCC-1_4_2"
"980","GCAGGCTCACTATCGA-1_4_2"
"981","GCAGGCTTCCTCAGGG-1_4_2"
"982","GCAGGCTTCGTACCTC-1_4_2"
"983","GCAGGCTTCTTCGGTC-1_4_2"
"984","GCAGTTAAGTACAGCG-1_4_2"
"985","GCAGTTATCCTACCGT-1_4_2"
"986","GCAGTTATCGCTTGAA-1_4_2"
"987","GCATCTCCAGGGTTGA-1_4_2"
"988","GCATCTCCAGGTGACA-1_4_2"
"989","GCATCTCTCAACGTGT-1_4_2"
"990","GCATCTCTCAGAGTTC-1_4_2"
"991","GCATTAGAGTCGCCCA-1_4_2"
"992","GCATTAGCACCATATG-1_4_2"
"993","GCATTAGGTATAGGGC-1_4_2"
"994","GCATTAGTCCGTGGGT-1_4_2"
"995","GCCAACGCACTACCGG-1_4_2"
"996","GCCAACGGTAGGTCAG-1_4_2"
"997","GCCAGCACATTCGATG-1_4_2"
"998","GCCAGCAGTCTCAAGT-1_4_2"
"999","GCCAGGTCAATTGCCA-1_4_2"
"1000","GCCAGGTGTGTGTGGA-1_4_2"
"1001","GCCAGGTTCGTGCAGC-1_4_2"
"1002","GCCAGTGAGGATTACA-1_4_2"
"1003","GCCAGTGCAACCTAAC-1_4_2"
"1004","GCCAGTGTCAGGTAAA-1_4_2"
"1005","GCCAGTGTCGACATTG-1_4_2"
"1006","GCCATGGCACCGGTCA-1_4_2"
"1007","GCCATGGGTTACGCCG-1_4_2"
"1008","GCCATGGGTTCCGGTG-1_4_2"
"1009","GCCCAGAAGTGCGCTC-1_4_2"
"1010","GCCCAGAGTACAGTCT-1_4_2"
"1011","GCCCGAACAGTAGGAC-1_4_2"
"1012","GCCCGAAGTCGGTGTC-1_4_2"
"1013","GCCGATGAGGATATGT-1_4_2"
"1014","GCCGATGCACCTCGTT-1_4_2"
"1015","GCCGATGGTGTATACC-1_4_2"
"1016","GCCTGTTAGCGAGGAG-1_4_2"
"1017","GCCTGTTAGCTAATCC-1_4_2"
"1018","GCGAGAAAGAGTTGTA-1_4_2"
"1019","GCGAGAACAATAGTGA-1_4_2"
"1020","GCGAGAAGTACCACGC-1_4_2"
"1021","GCGATCGCACAACGTT-1_4_2"
"1022","GCGGAAAGTTGTGGCC-1_4_2"
"1023","GCGGATCCAAATTAGG-1_4_2"
"1024","GCGGATCGTGTGCCTG-1_4_2"
"1025","GCGGATCTCATAGGCT-1_4_2"
"1026","GCGTGCACATCCTAAG-1_4_2"
"1027","GCGTTTCCAAGTGATA-1_4_2"
"1028","GCTACAAAGCGTACAG-1_4_2"
"1029","GCTACAACAGTTAAAG-1_4_2"
"1030","GCTACCTAGTCTGGTT-1_4_2"
"1031","GCTACCTAGTGGCAGT-1_4_2"
"1032","GCTACCTCACGACGAA-1_4_2"
"1033","GCTACCTGTATACCCA-1_4_2"
"1034","GCTCAAAAGGGTAGCT-1_4_2"
"1035","GCTCAAACACAGTGAG-1_4_2"
"1036","GCTCAAAGTCGCCACA-1_4_2"
"1037","GCTGAATAGAGAATCT-1_4_2"
"1038","GCTGAATCAAACTAAG-1_4_2"
"1039","GCTGAATGTCTTACAG-1_4_2"
"1040","GCTGCAGGTCGCAACC-1_4_2"
"1041","GCTGCAGGTTTGCAGT-1_4_2"
"1042","GCTGGGTAGACTTCGT-1_4_2"
"1043","GCTGGGTGTCAGACTT-1_4_2"
"1044","GCTTCACCAGGTTCGC-1_4_2"
"1045","GCTTCACTCAGAGCGA-1_4_2"
"1046","GCTTGGGAGGAACTAT-1_4_2"
"1047","GCTTGGGCAAGTGGGT-1_4_2"
"1048","GCTTGGGGTTACTCAG-1_4_2"
"1049","GCTTGGGTCCTCTGCA-1_4_2"
"1050","GCTTTCGTCTGTCCCA-1_4_2"
"1051","GGAACCCCACAAATAG-1_4_2"
"1052","GGAACCCCATGAAAGT-1_4_2"
"1053","GGAAGTGAGTTGTCGT-1_4_2"
"1054","GGAAGTGCACAGCGCT-1_4_2"
"1055","GGAAGTGGTGGCCTCA-1_4_2"
"1056","GGAATCTTCCCTTCCC-1_4_2"
"1057","GGAATGGGTTAAGAAC-1_4_2"
"1058","GGAATGGTCTACAGGT-1_4_2"
"1059","GGACGTCAGGAGACCT-1_4_2"
"1060","GGACGTCCAAAGCTAA-1_4_2"
"1061","GGACGTCCACGAGGAT-1_4_2"
"1062","GGACGTCCAGCTCCTT-1_4_2"
"1063","GGAGAACAGCACCGTC-1_4_2"
"1064","GGAGAACCACAACGAG-1_4_2"
"1065","GGAGAACTCTCTTGCG-1_4_2"
"1066","GGAGATGCAGTGTGCC-1_4_2"
"1067","GGAGATGGTTTCGGCG-1_4_2"
"1068","GGAGATGTCGCCATAA-1_4_2"
"1069","GGAGCAAGTCTAACTG-1_4_2"
"1070","GGAGCAAGTGCAGTGA-1_4_2"
"1071","GGAGCAATCATCGTAG-1_4_2"
"1072","GGAGGATTCACATACG-1_4_2"
"1073","GGAGGATTCCATTTGT-1_4_2"
"1074","GGATCTAGTCTTCAAG-1_4_2"
"1075","GGATGTTCAATTTCTC-1_4_2"
"1076","GGCACGTCAAGCCTGC-1_4_2"
"1077","GGCAGTCAGCCTCAAT-1_4_2"
"1078","GGCAGTCCAGGCATTT-1_4_2"
"1079","GGCGTCAAGCAATTCC-1_4_2"
"1080","GGCTGTGAGGAACGTC-1_4_2"
"1081","GGCTTGGAGGCACAAC-1_4_2"
"1082","GGCTTGGCAAGGTCAG-1_4_2"
"1083","GGCTTGGTCCTATGGA-1_4_2"
"1084","GGCTTGGTCTTACCGC-1_4_2"
"1085","GGCTTTCAGGATCATA-1_4_2"
"1086","GGCTTTCCAGATACTC-1_4_2"
"1087","GGCTTTCGTATCAAGA-1_4_2"
"1088","GGGAAGTAGAGCAGCT-1_4_2"
"1089","GGGAAGTAGGAACGTC-1_4_2"
"1090","GGGACAAAGAGGGTAA-1_4_2"
"1091","GGGACAACACTGCATA-1_4_2"
"1092","GGGACTCTCGAGTACT-1_4_2"
"1093","GGGAGATCACTCTAGA-1_4_2"
"1094","GGGAGTAGTGGCCACT-1_4_2"
"1095","GGGATCCAGGCATCTT-1_4_2"
"1096","GGGATCCCACAAGTGG-1_4_2"
"1097","GGGATCCCACACTGGC-1_4_2"
"1098","GGGATCCGTGTGTCCG-1_4_2"
"1099","GGGATCCTCCCTATTA-1_4_2"
"1100","GGGATGAAGAACTTCC-1_4_2"
"1101","GGGATGACACACCGCA-1_4_2"
"1102","GGGATGACATGGGATG-1_4_2"
"1103","GGGATGAGTGAATGTA-1_4_2"
"1104","GGGCCATAGGATCACG-1_4_2"
"1105","GGGCCATTCTCATTAC-1_4_2"
"1106","GGGCGTTAGAGCTTTC-1_4_2"
"1107","GGGCGTTCACGACAAG-1_4_2"
"1108","GGGCTACTCACTGAAC-1_4_2"
"1109","GGGCTCAGTTTGAAAG-1_4_2"
"1110","GGGTAGACAATTGAAG-1_4_2"
"1111","GGGTAGACACAAATAG-1_4_2"
"1112","GGGTAGACATGGCTGC-1_4_2"
"1113","GGGTAGATCTACTTCA-1_4_2"
"1114","GGGTATTGTATTCCTT-1_4_2"
"1115","GGGTCACTCTACTATC-1_4_2"
"1116","GGGTCTGCAGTTCTAG-1_4_2"
"1117","GGGTCTGGTTAATGAG-1_4_2"
"1118","GGGTCTGTCTATACTC-1_4_2"
"1119","GGGTGAAAGCTACGTT-1_4_2"
"1120","GGGTGAACAACAGCCC-1_4_2"
"1121","GGGTGAACATCTCAAG-1_4_2"
"1122","GGGTGAATCGTTCTGC-1_4_2"
"1123","GGGTGTCTCTTGTGCC-1_4_2"
"1124","GGGTTATAGAAGAGCA-1_4_2"
"1125","GGGTTATAGATAACAC-1_4_2"
"1126","GGGTTATGTACAGTTC-1_4_2"
"1127","GGGTTTAAGTAAACAC-1_4_2"
"1128","GGGTTTATCCAAGGGA-1_4_2"
"1129","GGGTTTATCCTACTGC-1_4_2"
"1130","GGTAATCCACACAGAG-1_4_2"
"1131","GGTAATCTCTAGCAAC-1_4_2"
"1132","GGTAGAGGTGCATCTA-1_4_2"
"1133","GGTCACGGTTTCGCTC-1_4_2"
"1134","GGTGAAGCAAATCAAG-1_4_2"
"1135","GGTGGCTGTGAGACCA-1_4_2"
"1136","GGTGTCGAGAATTTGG-1_4_2"
"1137","GGTGTCGAGTTACGGG-1_4_2"
"1138","GGTGTCGGTCCTGTTC-1_4_2"
"1139","GGTGTTACATGGGCAA-1_4_2"
"1140","GGTTAACCACTTGTGA-1_4_2"
"1141","GGTTAACGTATCGAAA-1_4_2"
"1142","GGTTCTCAGGATATGT-1_4_2"
"1143","GGTTGTACAAGCTGTT-1_4_2"
"1144","GTAACACCATAGATGA-1_4_2"
"1145","GTAACCAAGACCAGCA-1_4_2"
"1146","GTAAGTCAGGTACAAT-1_4_2"
"1147","GTAAGTCAGTAAATGC-1_4_2"
"1148","GTAATCGGTCTTGAGT-1_4_2"
"1149","GTAATGCTCCACTGAA-1_4_2"
"1150","GTACAACAGTAGGTTA-1_4_2"
"1151","GTACAACCAAAGAGTT-1_4_2"
"1152","GTACAGTCAGGACTAG-1_4_2"
"1153","GTACAGTCATTGACAC-1_4_2"
"1154","GTACAGTGTACGTTCA-1_4_2"
"1155","GTACAGTGTACTAAGA-1_4_2"
"1156","GTAGAAAAGCCGGATA-1_4_2"
"1157","GTAGATCAGGTCACAG-1_4_2"
"1158","GTAGATCCAGCTACCG-1_4_2"
"1159","GTAGCTAAGTTAACAG-1_4_2"
"1160","GTAGTACCAGCCCACA-1_4_2"
"1161","GTATTGGCACACGGAA-1_4_2"
"1162","GTATTGGGTTTACTTC-1_4_2"
"1163","GTATTTCAGTCGAATA-1_4_2"
"1164","GTATTTCGTATCGCTA-1_4_2"
"1165","GTATTTCGTGAGCTCC-1_4_2"
"1166","GTATTTCGTGCTAGCC-1_4_2"
"1167","GTCAAACTCTTTACAC-1_4_2"
"1168","GTCAAGTGTATAGGAT-1_4_2"
"1169","GTCAAGTGTCGACTGC-1_4_2"
"1170","GTCACTCAGTCACACT-1_4_2"
"1171","GTCAGCGAGGGCATGT-1_4_2"
"1172","GTCAGCGCAACGTAAA-1_4_2"
"1173","GTCAGCGGTTGCGGAA-1_4_2"
"1174","GTCATGACATCAGTCA-1_4_2"
"1175","GTCATTTAGCATGATA-1_4_2"
"1176","GTCATTTCAGGCTTGC-1_4_2"
"1177","GTCCACTAGAATTCAG-1_4_2"
"1178","GTCCACTGTCATAAAG-1_4_2"
"1179","GTCCACTTCGGAATGG-1_4_2"
"1180","GTCCCATAGCGTGTCC-1_4_2"
"1181","GTCCCATCAAATCGGG-1_4_2"
"1182","GTCCCATCAGACAAAT-1_4_2"
"1183","GTCGAATAGATGCTGG-1_4_2"
"1184","GTCGAATAGTTCAACC-1_4_2"
"1185","GTCGAATTCACGGACC-1_4_2"
"1186","GTCGCGACATCATCTT-1_4_2"
"1187","GTCGTAATCGTGCTCT-1_4_2"
"1188","GTCTACCAGCACGATG-1_4_2"
"1189","GTCTACCCAGATTAAG-1_4_2"
"1190","GTCTACCTCAACGCTA-1_4_2"
"1191","GTCTAGAGTACGTGAG-1_4_2"
"1192","GTCTAGATCGTTCCCA-1_4_2"
"1193","GTCTCACGTTTCGTGA-1_4_2"
"1194","GTCTGTCAGAGGGTAA-1_4_2"
"1195","GTCTGTCAGATTTGCC-1_4_2"
"1196","GTCTGTCCATCAGCAT-1_4_2"
"1197","GTCTTTACAGGATTCT-1_4_2"
"1198","GTCTTTAGTACGAAAT-1_4_2"
"1199","GTCTTTAGTCCGGATC-1_4_2"
"1200","GTCTTTAGTGGACCAA-1_4_2"
"1201","GTCTTTAGTTCCGCAG-1_4_2"
"1202","GTGACGCCACTCTCGT-1_4_2"
"1203","GTGACGCGTGAATTGA-1_4_2"
"1204","GTGAGCCCAACTAGAA-1_4_2"
"1205","GTGAGCCCACGCCACA-1_4_2"
"1206","GTGAGTTAGGTTATAG-1_4_2"
"1207","GTGATGTTCCACGTAA-1_4_2"
"1208","GTGCACGGTTGAGTCT-1_4_2"
"1209","GTGCAGCCAGCTACCG-1_4_2"
"1210","GTGCGTGAGTCAGCGA-1_4_2"
"1211","GTGCGTGCACGGTGCT-1_4_2"
"1212","GTGCGTGCATGGGAAC-1_4_2"
"1213","GTGCGTGTCAAGTCTG-1_4_2"
"1214","GTGCTGGAGCCAAGGT-1_4_2"
"1215","GTGCTGGCAGTGCGCT-1_4_2"
"1216","GTGCTGGTCGCCACTT-1_4_2"
"1217","GTGCTTCTCTTAGCCC-1_4_2"
"1218","GTGGAGAAGACATCCT-1_4_2"
"1219","GTGGAGATCGCAACAT-1_4_2"
"1220","GTGGGAACAGTTACCA-1_4_2"
"1221","GTGGGAACATGACTAC-1_4_2"
"1222","GTGGGAAGTGTCCGGT-1_4_2"
"1223","GTGGGAATCGCCTCTA-1_4_2"
"1224","GTGGTTAAGAATTGTG-1_4_2"
"1225","GTGGTTATCTCGCGTT-1_4_2"
"1226","GTGGTTATCTGGTGGC-1_4_2"
"1227","GTGTAACGTGTCCCTT-1_4_2"
"1228","GTGTCCTCAAACCACT-1_4_2"
"1229","GTGTCCTCAGAGAGGG-1_4_2"
"1230","GTGTGATAGTAACCTC-1_4_2"
"1231","GTGTGATCAACAGCCC-1_4_2"
"1232","GTGTGGCAGTCCGCGT-1_4_2"
"1233","GTGTTAGAGCGATTCT-1_4_2"
"1234","GTGTTAGGTACTCAAC-1_4_2"
"1235","GTGTTAGGTGAGATAT-1_4_2"
"1236","GTGTTAGTCATTGTTC-1_4_2"
"1237","GTGTTAGTCTCTGCCA-1_4_2"
"1238","GTTACAGCAGGGCTTC-1_4_2"
"1239","GTTACAGTCTACGCGG-1_4_2"
"1240","GTTACCCCATTGCCTC-1_4_2"
"1241","GTTACCCTCTGGACCG-1_4_2"
"1242","GTTACGAGTTGGACTT-1_4_2"
"1243","GTTAGTGCACTGGACC-1_4_2"
"1244","GTTAGTGTCCGCAACG-1_4_2"
"1245","GTTATGGGTAACACCT-1_4_2"
"1246","GTTCCGTAGTCGGCCT-1_4_2"
"1247","GTTCCGTGTCGCGTCA-1_4_2"
"1248","GTTCGCTTCGCAACAT-1_4_2"
"1249","GTTCTATGTCACCGAC-1_4_2"
"1250","GTTGCGGCAACACTAC-1_4_2"
"1251","GTTGCGGCATCCGATA-1_4_2"
"1252","GTTGCTCGTACGTACT-1_4_2"
"1253","GTTGCTCGTTTCACTT-1_4_2"
"1254","GTTGCTCTCGCATGAT-1_4_2"
"1255","GTTGTAGGTTCAAACC-1_4_2"
"1256","GTTGTCCAGGTTGACG-1_4_2"
"1257","GTTGTCCGTAGAGCTG-1_4_2"
"1258","GTTGTCCGTCGTGCCA-1_4_2"
"1259","GTTGTCCGTTATTCTC-1_4_2"
"1260","GTTGTGACATGCGTGC-1_4_2"
"1261","TAACACGAGTCCTGCG-1_4_2"
"1262","TAACACGCAGTAGAAT-1_4_2"
"1263","TAACACGTCAGAATAG-1_4_2"
"1264","TAACCAGAGCACCGAA-1_4_2"
"1265","TAACCAGAGGCTAAAT-1_4_2"
"1266","TAACCAGGTACTAAGA-1_4_2"
"1267","TAACGACCAACCTATG-1_4_2"
"1268","TAACTTCCAACAGCTT-1_4_2"
"1269","TAACTTCTCTACGGGC-1_4_2"
"1270","TAAGCACAGCACTCCG-1_4_2"
"1271","TAAGCACCATCCTATT-1_4_2"
"1272","TAAGCACTCGTCTACC-1_4_2"
"1273","TAAGCCAGTGACACGA-1_4_2"
"1274","TAAGCCAGTGCCTATA-1_4_2"
"1275","TAAGTCGGTCAAAGCG-1_4_2"
"1276","TAATCTCTCTCTAGGA-1_4_2"
"1277","TACAACGAGACGGATC-1_4_2"
"1278","TACACCCTCGTAGCTA-1_4_2"
"1279","TACAGGTTCATCGGGC-1_4_2"
"1280","TACAGGTTCTGAGGTT-1_4_2"
"1281","TACATTCCAGTTTCGA-1_4_2"
"1282","TACCCACTCAGCCTCT-1_4_2"
"1283","TACCCACTCTTACCGC-1_4_2"
"1284","TACCCGTAGGCCATAG-1_4_2"
"1285","TACCCGTCAGAACTTC-1_4_2"
"1286","TACCCGTTCTGCTTTA-1_4_2"
"1287","TACCGAAGTGCGTTTA-1_4_2"
"1288","TACCGAATCCTTACCG-1_4_2"
"1289","TACCGGGAGTCACTGT-1_4_2"
"1290","TACCGGGCAGTCGGTC-1_4_2"
"1291","TACCTCGCACTACTTT-1_4_2"
"1292","TACCTCGCAGGTCTCG-1_4_2"
"1293","TACCTCGGTCCATACA-1_4_2"
"1294","TACCTCGTCTGCGAGC-1_4_2"
"1295","TACCTGCAGAGTCAAT-1_4_2"
"1296","TACCTGCGTATGGTTC-1_4_2"
"1297","TACCTGCTCCCAGGAC-1_4_2"
"1298","TACGCTCGTAGCTGTT-1_4_2"
"1299","TACGCTCGTGCCAAGA-1_4_2"
"1300","TACGGGCGTCCATAGT-1_4_2"
"1301","TACGGGCTCACATACG-1_4_2"
"1302","TACGGGCTCATCGCCT-1_4_2"
"1303","TACGGGCTCGACGAGA-1_4_2"
"1304","TACGGTAAGCTGAGTG-1_4_2"
"1305","TACGTCCCACGCACCA-1_4_2"
"1306","TACGTCCCAGCAGGAT-1_4_2"
"1307","TACGTCCTCCGGTAAT-1_4_2"
"1308","TACGTCCTCGATGCTA-1_4_2"
"1309","TACTGCCAGTCGAATA-1_4_2"
"1310","TACTGCCTCCGAGATT-1_4_2"
"1311","TACTTACCAGTCGAGA-1_4_2"
"1312","TACTTACCATCAGCAT-1_4_2"
"1313","TACTTACGTCGTGATT-1_4_2"
"1314","TACTTACTCGTAACCA-1_4_2"
"1315","TACTTCACAAATTGCC-1_4_2"
"1316","TACTTCAGTTCCAAAC-1_4_2"
"1317","TACTTCATCGAGATGG-1_4_2"
"1318","TACTTGTCATGTCGTA-1_4_2"
"1319","TACTTGTTCTGAGCAT-1_4_2"
"1320","TAGACCATCCATGAGT-1_4_2"
"1321","TAGACTGAGAGTCCGA-1_4_2"
"1322","TAGACTGGTGAGTGAC-1_4_2"
"1323","TAGACTGGTTCCGGTG-1_4_2"
"1324","TAGACTGTCATTCCTA-1_4_2"
"1325","TAGAGTCTCTACTGCC-1_4_2"
"1326","TAGATCGGTGTAACGG-1_4_2"
"1327","TAGATCGGTTGGACTT-1_4_2"
"1328","TAGATCGTCCCAGCGA-1_4_2"
"1329","TAGCACACACGCAAAG-1_4_2"
"1330","TAGCACAGTCACAATC-1_4_2"
"1331","TAGCACAGTGGATCGA-1_4_2"
"1332","TAGCACATCGGACGTC-1_4_2"
"1333","TAGGAGGCAGAGGTAC-1_4_2"
"1334","TAGGAGGTCAGCATTG-1_4_2"
"1335","TAGGGTTAGAACTGAT-1_4_2"
"1336","TAGGGTTAGTCACGCC-1_4_2"
"1337","TAGGGTTCACGGCTAC-1_4_2"
"1338","TAGGGTTTCGCCAATA-1_4_2"
"1339","TAGGTTGGTGTATTGC-1_4_2"
"1340","TAGTGCACAGAAACCG-1_4_2"
"1341","TATACCTAGTCTGGAG-1_4_2"
"1342","TATACCTCAGCAGTGA-1_4_2"
"1343","TATACCTTCGCATTGA-1_4_2"
"1344","TATATCCAGTGGTTGG-1_4_2"
"1345","TATATCCCACTGTGTA-1_4_2"
"1346","TATATCCTCCCAAGCG-1_4_2"
"1347","TATCAGGCAGTAGAGC-1_4_2"
"1348","TATCAGGTCATCGTAG-1_4_2"
"1349","TATCAGGTCGCAACAT-1_4_2"
"1350","TATCAGGTCTGAACGT-1_4_2"
"1351","TATCAGGTCTGAGGCC-1_4_2"
"1352","TATCCTAAGCTAAATG-1_4_2"
"1353","TATCCTACACTGGAAG-1_4_2"
"1354","TATCCTACATAGGAGC-1_4_2"
"1355","TATCGCCGTAGATTAG-1_4_2"
"1356","TATCGCCGTTTGGGAG-1_4_2"
"1357","TATCTGTAGAAGCCAC-1_4_2"
"1358","TATCTGTCAAGAGGTC-1_4_2"
"1359","TATCTGTCACAAATCC-1_4_2"
"1360","TATCTTGAGTAGCCAG-1_4_2"
"1361","TATCTTGGTACATTGC-1_4_2"
"1362","TATGTTCGTGTTGAGG-1_4_2"
"1363","TATGTTCTCAGCTGAT-1_4_2"
"1364","TATGTTCTCCACGGAC-1_4_2"
"1365","TATTCCATCCGTATAG-1_4_2"
"1366","TATTGCTCAAGTGGAC-1_4_2"
"1367","TATTGGGAGTCTCCTC-1_4_2"
"1368","TATTGGGCACATAGCT-1_4_2"
"1369","TATTGGGCATCCAATG-1_4_2"
"1370","TATTGGGGTCACTCAA-1_4_2"
"1371","TATTTCGCACTGGCCA-1_4_2"
"1372","TATTTCGTCCTCTGCA-1_4_2"
"1373","TCAAGACCAGTCGAGA-1_4_2"
"1374","TCAAGACGTGTATCCA-1_4_2"
"1375","TCAAGACTCAAACGTC-1_4_2"
"1376","TCAAGCACAACGCATT-1_4_2"
"1377","TCAAGCACATCCGGTG-1_4_2"
"1378","TCAAGTGTCAAGTCGT-1_4_2"
"1379","TCAAGTGTCACGGGAA-1_4_2"
"1380","TCAATCTTCTGCTGAA-1_4_2"
"1381","TCACACCAGGGACCAT-1_4_2"
"1382","TCACACCTCAGGACGA-1_4_2"
"1383","TCACGCTAGCTCTGTA-1_4_2"
"1384","TCACGCTGTGTTCGTA-1_4_2"
"1385","TCACGCTTCAAGATAG-1_4_2"
"1386","TCACGGGGTCGTGGTC-1_4_2"
"1387","TCACTATCATCTCGTC-1_4_2"
"1388","TCACTATTCCTACAAG-1_4_2"
"1389","TCACTCGAGGATGTTA-1_4_2"
"1390","TCACTCGAGGGCAGAG-1_4_2"
"1391","TCACTCGTCCTGGGTG-1_4_2"
"1392","TCAGCAAAGTTCGCAT-1_4_2"
"1393","TCAGCAAGTGATTGGG-1_4_2"
"1394","TCAGCCTAGGCATCTT-1_4_2"
"1395","TCAGGTAAGTCATCCA-1_4_2"
"1396","TCAGGTAAGTGATCGG-1_4_2"
"1397","TCAGGTAGTAGACGGT-1_4_2"
"1398","TCAGGTAGTTATCTTC-1_4_2"
"1399","TCAGTCCCAACACGTT-1_4_2"
"1400","TCAGTCCCAGGTTCAT-1_4_2"
"1401","TCAGTCCTCAGTCTTT-1_4_2"
"1402","TCAGTCCTCTAGCCTC-1_4_2"
"1403","TCAGTCCTCTCCGAGG-1_4_2"
"1404","TCAGTGATCGATCCCT-1_4_2"
"1405","TCATACTAGCCACTCG-1_4_2"
"1406","TCATACTAGTTGAAAC-1_4_2"
"1407","TCATACTCACATTACG-1_4_2"
"1408","TCATATCCAGATTCGT-1_4_2"
"1409","TCATATCCAGCGTACC-1_4_2"
"1410","TCATATCCATGAATAG-1_4_2"
"1411","TCATCATGTGAACCGA-1_4_2"
"1412","TCATCCGCAAGGCAAC-1_4_2"
"1413","TCATCCGCAGCATGCC-1_4_2"
"1414","TCATCCGTCACAACCA-1_4_2"
"1415","TCATCCGTCCTTCACG-1_4_2"
"1416","TCATGAGCACTCCTGT-1_4_2"
"1417","TCATGAGGTGCCCGTA-1_4_2"
"1418","TCATGCCAGAAACTGT-1_4_2"
"1419","TCATGGATCGGTCTAA-1_4_2"
"1420","TCATGTTAGACGGAAA-1_4_2"
"1421","TCATGTTAGGTAAGAG-1_4_2"
"1422","TCATGTTCAAGAGATT-1_4_2"
"1423","TCATTACAGCGTTGTT-1_4_2"
"1424","TCATTACGTATGCTTG-1_4_2"
"1425","TCATTACTCCATCTGC-1_4_2"
"1426","TCATTACTCGCTGCGA-1_4_2"
"1427","TCATTACTCTGATGGT-1_4_2"
"1428","TCATTCATCGTCACCT-1_4_2"
"1429","TCATTGTAGTGTACCT-1_4_2"
"1430","TCATTGTCACTATGTG-1_4_2"
"1431","TCATTTGCAGTGGGTA-1_4_2"
"1432","TCATTTGGTATGTGTC-1_4_2"
"1433","TCCACGTCAGGCGTTC-1_4_2"
"1434","TCCACGTTCCCATAGA-1_4_2"
"1435","TCCACGTTCGCGTGCA-1_4_2"
"1436","TCCAGAACAGACCTGC-1_4_2"
"1437","TCCAGAACATTGACAC-1_4_2"
"1438","TCCATCGAGTCCGCCA-1_4_2"
"1439","TCCATCGGTTGCTGAT-1_4_2"
"1440","TCCATGCAGGACAACC-1_4_2"
"1441","TCCATGCGTGTGTCGC-1_4_2"
"1442","TCCCACAGTACACGTT-1_4_2"
"1443","TCCCAGTCAACCGTAT-1_4_2"
"1444","TCCCAGTGTTCTGAGT-1_4_2"
"1445","TCCCAGTTCCTGCCAT-1_4_2"
"1446","TCCCATGAGCATTGTC-1_4_2"
"1447","TCCCATGGTTGAGGAC-1_4_2"
"1448","TCCGAAAAGTAAGACT-1_4_2"
"1449","TCCGAAACACTACTTT-1_4_2"
"1450","TCCGAAACATCCTAAG-1_4_2"
"1451","TCCGAAAGTTAAGAAC-1_4_2"
"1452","TCCGATCAGGCATGGT-1_4_2"
"1453","TCCGATCCAAGAGATT-1_4_2"
"1454","TCCGATCTCAAAGCCT-1_4_2"
"1455","TCCGGGACAAACGTGG-1_4_2"
"1456","TCCGGGACATGTCTAG-1_4_2"
"1457","TCCGTGTCAGGGATAC-1_4_2"
"1458","TCCTAATAGAGGTTTA-1_4_2"
"1459","TCCTCCCGTGCCGGTT-1_4_2"
"1460","TCCTCCCTCAGCCTTC-1_4_2"
"1461","TCCTCGAGTAATCAGA-1_4_2"
"1462","TCCTCGAGTTAGTCGT-1_4_2"
"1463","TCCTCTTAGAGAGCGG-1_4_2"
"1464","TCCTCTTAGAGCTGCA-1_4_2"
"1465","TCCTGCAGTAGGTTTC-1_4_2"
"1466","TCCTTCTGTCTGCATA-1_4_2"
"1467","TCCTTCTTCCCGTTCA-1_4_2"
"1468","TCCTTCTTCTCAGTCC-1_4_2"
"1469","TCCTTTCAGCCATTCA-1_4_2"
"1470","TCCTTTCCACACTTAG-1_4_2"
"1471","TCGAACAAGATGTTCC-1_4_2"
"1472","TCGAACATCCATCGTC-1_4_2"
"1473","TCGACCTGTGAGTAGC-1_4_2"
"1474","TCGACGGAGTGTTCCA-1_4_2"
"1475","TCGACGGGTCTGTCAA-1_4_2"
"1476","TCGCACTGTTAGAAAC-1_4_2"
"1477","TCGCAGGAGGAACATT-1_4_2"
"1478","TCGCAGGCAGCTATTG-1_4_2"
"1479","TCGCTCAAGTGTTGTC-1_4_2"
"1480","TCGCTCAGTACAGAGC-1_4_2"
"1481","TCGCTCATCGTAGGGA-1_4_2"
"1482","TCGCTTGAGAGCCCAA-1_4_2"
"1483","TCGGATAAGTAAACAC-1_4_2"
"1484","TCGGATAAGTTTCGAC-1_4_2"
"1485","TCGGATATCCGTCAAA-1_4_2"
"1486","TCGGATATCGGCAGTC-1_4_2"
"1487","TCGGGACAGGTCACCC-1_4_2"
"1488","TCGGGACCACTCCACT-1_4_2"
"1489","TCGGGACGTTATGTGC-1_4_2"
"1490","TCGGGTGAGAAACACT-1_4_2"
"1491","TCGGGTGAGTTCAACC-1_4_2"
"1492","TCGGTCTCACAACCGC-1_4_2"
"1493","TCGTAGATCACTTATC-1_4_2"
"1494","TCGTCCATCGCCAGTG-1_4_2"
"1495","TCGTCCATCTTAGCCC-1_4_2"
"1496","TCGTGGGAGTCATAGA-1_4_2"
"1497","TCTAACTCAGCTTCCT-1_4_2"
"1498","TCTAACTGTCATCCCT-1_4_2"
"1499","TCTAACTGTCTTCGAA-1_4_2"
"1500","TCTACATAGCCGGAAT-1_4_2"
"1501","TCTACATGTCATCCGG-1_4_2"
"1502","TCTACATTCATGGCCG-1_4_2"
"1503","TCTACATTCCATACTT-1_4_2"
"1504","TCTACATTCTCCGCAT-1_4_2"
"1505","TCTACCGAGGCAGTCA-1_4_2"
"1506","TCTACCGAGTCACTGT-1_4_2"
"1507","TCTACCGCACAGTGTT-1_4_2"
"1508","TCTACCGCACCATAAC-1_4_2"
"1509","TCTATACAGGCCCGTT-1_4_2"
"1510","TCTATACAGGTGCGAT-1_4_2"
"1511","TCTATACCATTCCTAT-1_4_2"
"1512","TCTATCATCAGCTAGT-1_4_2"
"1513","TCTCACGAGCCTCATA-1_4_2"
"1514","TCTCACGGTTCCTACC-1_4_2"
"1515","TCTCAGCAGGATGTTA-1_4_2"
"1516","TCTCAGCTCCCTCTTT-1_4_2"
"1517","TCTCCGACAGAGCTAG-1_4_2"
"1518","TCTCCGAGTGGTAATA-1_4_2"
"1519","TCTCCGAGTTTACGTG-1_4_2"
"1520","TCTCCGATCACAACCA-1_4_2"
"1521","TCTCTGGTCTCGAACA-1_4_2"
"1522","TCTGCCATCCCTCATG-1_4_2"
"1523","TCTGGCTTCCACCTCA-1_4_2"
"1524","TCTTAGTAGCATTGTC-1_4_2"
"1525","TCTTAGTCAGTGCCTG-1_4_2"
"1526","TCTTCCTAGAAGCGAA-1_4_2"
"1527","TCTTCCTAGATTCGAA-1_4_2"
"1528","TCTTCCTAGCTGAAGC-1_4_2"
"1529","TCTTCCTCATCTCAAG-1_4_2"
"1530","TCTTGCGAGATTGCGG-1_4_2"
"1531","TCTTGCGAGCAATAGT-1_4_2"
"1532","TCTTGCGAGTTGCTCA-1_4_2"
"1533","TCTTGCGTCAATGTCG-1_4_2"
"1534","TCTTTGAAGAGCAGTC-1_4_2"
"1535","TCTTTGATCAGTCCGG-1_4_2"
"1536","TGAACGTAGGTCGCCT-1_4_2"
"1537","TGAACGTAGTGCGACA-1_4_2"
"1538","TGAACGTCAGGGATAC-1_4_2"
"1539","TGAACGTTCAAAGAAC-1_4_2"
"1540","TGAATCGAGAAGGGAT-1_4_2"
"1541","TGAATCGGTCGTCATA-1_4_2"
"1542","TGAATCGGTCTTCATT-1_4_2"
"1543","TGAATCGTCACCGGTG-1_4_2"
"1544","TGAATGCAGCACGTCC-1_4_2"
"1545","TGACAGTAGGCCTGAA-1_4_2"
"1546","TGACAGTCATCGGATT-1_4_2"
"1547","TGACCCTCAAGTGGGT-1_4_2"
"1548","TGACCCTGTTCCAGGC-1_4_2"
"1549","TGACGCGAGGACGCTA-1_4_2"
"1550","TGACGCGCACTACCCT-1_4_2"
"1551","TGACTCCTCTCCGATC-1_4_2"
"1552","TGAGCATAGGTTACCT-1_4_2"
"1553","TGAGCATCAGTAGTTC-1_4_2"
"1554","TGAGCATCATCCGCGA-1_4_2"
"1555","TGAGCATTCAGCCTTC-1_4_2"
"1556","TGAGCATTCAGTGTCA-1_4_2"
"1557","TGAGCGCAGATTGCGG-1_4_2"
"1558","TGAGCGCTCCTTACCG-1_4_2"
"1559","TGAGCGCTCTCAACGA-1_4_2"
"1560","TGAGGGACAGCATCTA-1_4_2"
"1561","TGAGGGAGTCGAGTTT-1_4_2"
"1562","TGAGGGAGTTTACTTC-1_4_2"
"1563","TGAGGTTAGTAGCATA-1_4_2"
"1564","TGAGGTTAGTATGGCG-1_4_2"
"1565","TGAGGTTTCGCCTAGG-1_4_2"
"1566","TGATCAGCACCGCTGA-1_4_2"
"1567","TGATCAGTCGAGGCAA-1_4_2"
"1568","TGATCAGTCGGTTCAA-1_4_2"
"1569","TGATCTTCAATCAAGA-1_4_2"
"1570","TGATGCACACCTTCCA-1_4_2"
"1571","TGATGCACATTCTGTT-1_4_2"
"1572","TGATGCATCTACCAGA-1_4_2"
"1573","TGATGGTCATATGAAG-1_4_2"
"1574","TGATTCTCAGACAAAT-1_4_2"
"1575","TGATTCTGTCCCTGTT-1_4_2"
"1576","TGATTCTGTGCCTGAC-1_4_2"
"1577","TGATTCTTCATTTGCT-1_4_2"
"1578","TGATTCTTCCCATAGA-1_4_2"
"1579","TGCACGGCACCTGCTT-1_4_2"
"1580","TGCACGGGTGGACCTC-1_4_2"
"1581","TGCAGATCAGTGTATC-1_4_2"
"1582","TGCAGATTCGTTCTCG-1_4_2"
"1583","TGCAGATTCTTCCCGA-1_4_2"
"1584","TGCAGTAGTCGCATCG-1_4_2"
"1585","TGCAGTATCGAGAGAC-1_4_2"
"1586","TGCATCCTCGGCGATC-1_4_2"
"1587","TGCATCCTCTAGTGTG-1_4_2"
"1588","TGCATGACACAATGTC-1_4_2"
"1589","TGCATGACAGGTGACA-1_4_2"
"1590","TGCATGATCAGCACCG-1_4_2"
"1591","TGCCGAGTCTGTCTCG-1_4_2"
"1592","TGCGACGCAGTAGGAC-1_4_2"
"1593","TGCGATAGTTCCACGG-1_4_2"
"1594","TGCGGCAAGTCGGCAA-1_4_2"
"1595","TGCGGGTAGCTCCCTT-1_4_2"
"1596","TGCGGGTTCTGTAACG-1_4_2"
"1597","TGCTCCACACGCGTCA-1_4_2"
"1598","TGCTCCACATCGTGCG-1_4_2"
"1599","TGCTCCAGTGGTTCTA-1_4_2"
"1600","TGCTGAAAGGCGCTTC-1_4_2"
"1601","TGCTTCGGTAACATAG-1_4_2"
"1602","TGCTTGCAGCGCCTAC-1_4_2"
"1603","TGCTTGCCAGATTAAG-1_4_2"
"1604","TGCTTGCCAGGTCAGA-1_4_2"
"1605","TGGAACTAGGGTACGT-1_4_2"
"1606","TGGAACTCAATCTAGC-1_4_2"
"1607","TGGAGAGCAGGTTACT-1_4_2"
"1608","TGGATGTAGCCGATCC-1_4_2"
"1609","TGGATGTCACGTGTGC-1_4_2"
"1610","TGGATGTTCACGAACT-1_4_2"
"1611","TGGATGTTCCTAGCGG-1_4_2"
"1612","TGGCGTGGTATACCTG-1_4_2"
"1613","TGGCGTGGTTGGCCTG-1_4_2"
"1614","TGGGAAGAGCCTGCCA-1_4_2"
"1615","TGGGAAGAGTGTGTTC-1_4_2"
"1616","TGGGAAGTCTATCGGA-1_4_2"
"1617","TGGGAAGTCTTAGCAG-1_4_2"
"1618","TGGGAGACACCAGCCA-1_4_2"
"1619","TGGGATTGTAAGGTCG-1_4_2"
"1620","TGGGCGTAGCGCTGCT-1_4_2"
"1621","TGGGCGTAGTGAGGTC-1_4_2"
"1622","TGGGCTGAGGTTCCGC-1_4_2"
"1623","TGGGCTGAGTGATAAC-1_4_2"
"1624","TGGGCTGGTACCGGAA-1_4_2"
"1625","TGGGCTGGTTTCGCTC-1_4_2"
"1626","TGGGTTATCTGAGGCC-1_4_2"
"1627","TGGTACACACCTAAAC-1_4_2"
"1628","TGGTAGTCAGTACTAC-1_4_2"
"1629","TGGTAGTCATGCACTA-1_4_2"
"1630","TGGTAGTTCACGAGGA-1_4_2"
"1631","TGGTGATAGACTGAGC-1_4_2"
"1632","TGGTTAGCACAAGCTT-1_4_2"
"1633","TGGTTAGCAGTAGTGG-1_4_2"
"1634","TGTAACGGTTCAGCGC-1_4_2"
"1635","TGTAAGCGTGCGGCTT-1_4_2"
"1636","TGTAAGCTCCTGATAG-1_4_2"
"1637","TGTACAGGTATTGAGA-1_4_2"
"1638","TGTACAGTCGAAGTGG-1_4_2"
"1639","TGTACAGTCGACGACC-1_4_2"
"1640","TGTAGACTCACCATCC-1_4_2"
"1641","TGTAGACTCGCATAGT-1_4_2"
"1642","TGTCCCACATTGTGCA-1_4_2"
"1643","TGTCCCAGTGAGAACC-1_4_2"
"1644","TGTCCTGAGCACCAGA-1_4_2"
"1645","TGTCCTGCATTCACAG-1_4_2"
"1646","TGTGAGTCACTACAGT-1_4_2"
"1647","TGTGAGTGTCCCAAAT-1_4_2"
"1648","TGTGATGAGTATGACA-1_4_2"
"1649","TGTGATGGTTAAGACA-1_4_2"
"1650","TGTGCGGTCCCAACTC-1_4_2"
"1651","TGTGGCGAGCTAGCCC-1_4_2"
"1652","TGTGGCGTCTCAGGCG-1_4_2"
"1653","TGTGTGAAGCCGATAG-1_4_2"
"1654","TGTGTGACACAATGTC-1_4_2"
"1655","TGTTCATCAGTGTATC-1_4_2"
"1656","TGTTCATTCCAGTTCC-1_4_2"
"1657","TGTTCATTCTCTCGAC-1_4_2"
"1658","TGTTCCGTCACAAGGG-1_4_2"
"1659","TGTTCTACATCTTAGG-1_4_2"
"1660","TGTTCTAGTACGAGTG-1_4_2"
"1661","TGTTGAGAGCACCGTC-1_4_2"
"1662","TGTTGAGAGTGTTGAA-1_4_2"
"1663","TGTTGAGCAAAGAACT-1_4_2"
"1664","TGTTGGATCGCTTGCT-1_4_2"
"1665","TGTTTGTCAACTACGT-1_4_2"
"1666","TGTTTGTGTGGGTTGA-1_4_2"
"1667","TGTTTGTGTTAAGTCC-1_4_2"
"1668","TTAATCCCACCTATCC-1_4_2"
"1669","TTACAGGCACTCACTC-1_4_2"
"1670","TTACAGGCATCTGGGC-1_4_2"
"1671","TTACAGGGTCATACCA-1_4_2"
"1672","TTACCATAGTGCGCTC-1_4_2"
"1673","TTACCATCACCAGGTC-1_4_2"
"1674","TTACCATCATAACGGG-1_4_2"
"1675","TTACCGCAGCACCAGA-1_4_2"
"1676","TTACCGCAGGGTCTTT-1_4_2"
"1677","TTACCGCTCATTACCT-1_4_2"
"1678","TTACGCCAGGCTCACC-1_4_2"
"1679","TTACGCCAGTCCCAGC-1_4_2"
"1680","TTACGCCCATGTCTAG-1_4_2"
"1681","TTACGTTAGCTTCGTA-1_4_2"
"1682","TTACGTTCAAATTAGG-1_4_2"
"1683","TTACGTTCAGCCCAGT-1_4_2"
"1684","TTAGGCATCCACTAGA-1_4_2"
"1685","TTAGTCTCATCATTTC-1_4_2"
"1686","TTAGTCTGTAGACAAT-1_4_2"
"1687","TTATTGCCACCCAAGC-1_4_2"
"1688","TTCAATCAGAGAGCGG-1_4_2"
"1689","TTCAATCGTACTGACT-1_4_2"
"1690","TTCACCGAGGTAATCA-1_4_2"
"1691","TTCACCGTCAGCATTG-1_4_2"
"1692","TTCACGCGTTCGTAAC-1_4_2"
"1693","TTCACGCTCAAGTGGG-1_4_2"
"1694","TTCACGCTCACGGGAA-1_4_2"
"1695","TTCAGGAGTTCGGTAT-1_4_2"
"1696","TTCCAATGTGGCCACT-1_4_2"
"1697","TTCCTAAAGAGCCCAA-1_4_2"
"1698","TTCCTAATCAGACCTA-1_4_2"
"1699","TTCCTAATCCCAATAG-1_4_2"
"1700","TTCCTCTGTTCATCGA-1_4_2"
"1701","TTCCTTCCACGTCATA-1_4_2"
"1702","TTCCTTCCATACCATG-1_4_2"
"1703","TTCGATTCAGACGCTC-1_4_2"
"1704","TTCGATTGTTCGAACT-1_4_2"
"1705","TTCGCTGAGCTCCATA-1_4_2"
"1706","TTCGCTGAGTCGAATA-1_4_2"
"1707","TTCGCTGTCACCTCGT-1_4_2"
"1708","TTCGGTCCAGAGGACT-1_4_2"
"1709","TTCGGTCTCCCTTCCC-1_4_2"
"1710","TTCTAACAGAATCGCG-1_4_2"
"1711","TTCTAACGTACACTCA-1_4_2"
"1712","TTCTAACGTCCACGCA-1_4_2"
"1713","TTCTAGTAGGTATAGT-1_4_2"
"1714","TTCTAGTCACTCCTGT-1_4_2"
"1715","TTCTAGTTCGAACTCA-1_4_2"
"1716","TTCTGTACATTGAAGA-1_4_2"
"1717","TTCTGTAGTTTGACAC-1_4_2"
"1718","TTCTTCCTCTGAACGT-1_4_2"
"1719","TTCTTGAAGTAGACAT-1_4_2"
"1720","TTCTTGAGTCAAGTTC-1_4_2"
"1721","TTCTTGATCATACGGT-1_4_2"
"1722","TTGACCCGTACCAGAG-1_4_2"
"1723","TTGAGTGAGAATCCCT-1_4_2"
"1724","TTGAGTGGTCCGGATC-1_4_2"
"1725","TTGAGTGGTGATACAA-1_4_2"
"1726","TTGATGGAGTAGTGCG-1_4_2"
"1727","TTGATGGAGTGTCATC-1_4_2"
"1728","TTGATGGGTGAACTAA-1_4_2"
"1729","TTGCATTCAGTGAGCA-1_4_2"
"1730","TTGCCTGCACCCTGAG-1_4_2"
"1731","TTGCCTGCAGCGATTT-1_4_2"
"1732","TTGCGTCAGATCCAAA-1_4_2"
"1733","TTGCGTCAGTCCCAAT-1_4_2"
"1734","TTGCGTCTCCGTACGG-1_4_2"
"1735","TTGCTGCAGCTGGCTC-1_4_2"
"1736","TTGCTGCCACCTGTCT-1_4_2"
"1737","TTGCTGCCAGCTCTGG-1_4_2"
"1738","TTGCTGCGTCCTATAG-1_4_2"
"1739","TTGGATGCAGCTTTCC-1_4_2"
"1740","TTGGATGCATATGGCT-1_4_2"
"1741","TTGGATGTCCCTAGGG-1_4_2"
"1742","TTGGGATAGACTTCGT-1_4_2"
"1743","TTGGGATCATTAGGAA-1_4_2"
"1744","TTGGGATGTTAGAAGT-1_4_2"
"1745","TTGGGATTCGACGCTG-1_4_2"
"1746","TTGGGTAAGTAATCCC-1_4_2"
"1747","TTGGTTTAGCATGATA-1_4_2"
"1748","TTGGTTTTCGACATTG-1_4_2"
"1749","TTGTGGACATAATGCC-1_4_2"
"1750","TTGTGGAGTCACGACC-1_4_2"
"1751","TTGTGTTGTCTCGGGT-1_4_2"
"1752","TTGTGTTTCTTCCCGA-1_4_2"
"1753","TTGTTCACACTAGAGG-1_4_2"
"1754","TTGTTGTAGAAGCTGC-1_4_2"
"1755","TTGTTTGCAGTGCCTG-1_4_2"
"1756","TTGTTTGGTCCACATA-1_4_2"
"1757","TTTACCAAGACCGTTT-1_4_2"
"1758","TTTACCAAGTTCCGGC-1_4_2"
"1759","TTTACCATCCATTCGC-1_4_2"
"1760","TTTACCATCGTGAGAG-1_4_2"
"1761","TTTACGTAGACCAGAC-1_4_2"
"1762","TTTACTGAGGGCCTCT-1_4_2"
"1763","TTTAGTCCACGAGGTA-1_4_2"
"1764","TTTAGTCCACGATAGG-1_4_2"
"1765","TTTAGTCTCTATCCAT-1_4_2"
"1766","TTTATGCGTCATTCCC-1_4_2"
"1767","TTTATGCTCCATTGTT-1_4_2"
"1768","TTTATGCTCCGTTTCG-1_4_2"
"1769","TTTATGCTCTTGCGCT-1_4_2"
"1770","TTTCACAAGGGCTAAC-1_4_2"
"1771","TTTCACATCGAATCCA-1_4_2"
"1772","TTTCAGTAGACTCCGC-1_4_2"
"1773","TTTCAGTAGGGTTAAT-1_4_2"
"1774","TTTCAGTCAAGATGTA-1_4_2"
"1775","TTTCAGTTCTTAGCTT-1_4_2"
"1776","TTTCATGAGGCCTTGC-1_4_2"
"1777","TTTCATGAGGTCGCCT-1_4_2"
"1778","TTTCATGCAGGGAATC-1_4_2"
"1779","TTTCATGCAGGTCTCG-1_4_2"
"1780","TTTCATGTCCCAATAG-1_4_2"
"1781","TTTCCTCAGAGTGTTA-1_4_2"
"1782","TTTCCTCCACCTGCGA-1_4_2"
"1783","TTTCCTCCATGCAGCC-1_4_2"
"1784","TTTCCTCGTGTCCGTG-1_4_2"
"1785","TTTCGATAGAGGCCAT-1_4_2"
"1786","TTTCGATAGGCTATCT-1_4_2"
"1787","TTTGACTGTAACCAGG-1_4_2"
"1788","TTTGACTTCAGATGCT-1_4_2"
"1789","TTTGGAGAGCGGTAAC-1_4_2"
"1790","TTTGGAGAGCTGCGAA-1_4_2"
"1791","TTTGGAGGTCAGGCAA-1_4_2"
"1792","TTTGGAGTCATTCATC-1_4_2"
"1793","TTTGGTTAGACAACTA-1_4_2"
"1794","TTTGGTTCATCTATCT-1_4_2"
"1795","TTTGGTTTCCTACCGT-1_4_2"
"1796","TTTGTTGAGGATGGCT-1_4_2"
"1797","TTTGTTGAGTGGTGAC-1_4_2"
