"","x"
"1","AAACCCACAGAGTTCT-1_4_2"
"2","AAACCCATCACAGTGT-1_4_2"
"3","AAACGCTAGCCATTCA-1_4_2"
"4","AAACGCTCATGGGATG-1_4_2"
"5","AAACGCTTCGGTCGAC-1_4_2"
"6","AAAGAACCAACCGCCA-1_4_2"
"7","AAAGAACCACTAGGTT-1_4_2"
"8","AAAGAACCACTTGGGC-1_4_2"
"9","AAAGGATCATCTCGTC-1_4_2"
"10","AAAGGTAGTGATTGGG-1_4_2"
"11","AAAGTCCCAGCCTTCT-1_4_2"
"12","AAAGTGACACGGTCTG-1_4_2"
"13","AAAGTGACAGGTCCCA-1_4_2"
"14","AAAGTGAGTTTGCCGG-1_4_2"
"15","AAAGTGATCCATCTCG-1_4_2"
"16","AAATGGAAGCTGTGCC-1_4_2"
"17","AAATGGAAGGGCAAGG-1_4_2"
"18","AAATGGAAGTGCTACT-1_4_2"
"19","AAATGGACAAGGGCAT-1_4_2"
"20","AAATGGACAAGTAGTA-1_4_2"
"21","AAATGGACAATCTCTT-1_4_2"
"22","AAATGGACAGATCACT-1_4_2"
"23","AAATGGAGTCTAATCG-1_4_2"
"24","AAATGGATCCGAAGGA-1_4_2"
"25","AACAAAGCAACACAAA-1_4_2"
"26","AACAAAGGTTAGGACG-1_4_2"
"27","AACAACCAGTTGCTGT-1_4_2"
"28","AACAAGAAGTAGTCAA-1_4_2"
"29","AACAAGACATAACGGG-1_4_2"
"30","AACACACTCATGCCGG-1_4_2"
"31","AACACACTCGTAGAGG-1_4_2"
"32","AACACACTCTAGCCAA-1_4_2"
"33","AACAGGGAGCACGATG-1_4_2"
"34","AACCAACGTCTTCTAT-1_4_2"
"35","AACCAACTCCTTTAGT-1_4_2"
"36","AACCACACAACCTAAC-1_4_2"
"37","AACCACACAATGCAGG-1_4_2"
"38","AACCATGAGCACGGAT-1_4_2"
"39","AACCATGAGCGCTGAA-1_4_2"
"40","AACCATGTCCTCTCGA-1_4_2"
"41","AACCCAAAGTGCTAGG-1_4_2"
"42","AACCTGAAGTACCATC-1_4_2"
"43","AACGAAAAGTTCCATG-1_4_2"
"44","AACGGGAAGAGGGTCT-1_4_2"
"45","AACGGGACATACAGAA-1_4_2"
"46","AACGTCAGTCGGCTAC-1_4_2"
"47","AACTTCTCATCCTTGC-1_4_2"
"48","AACTTCTGTGAACCGA-1_4_2"
"49","AAGAACAAGCCAGTAG-1_4_2"
"50","AAGAACACATCTCAAG-1_4_2"
"51","AAGAACAGTATTTCCT-1_4_2"
"52","AAGAACATCTGAATGC-1_4_2"
"53","AAGACAAAGTAGGATT-1_4_2"
"54","AAGACAACAATCGTCA-1_4_2"
"55","AAGACAAGTCCGAAGA-1_4_2"
"56","AAGACTCAGCTGACTT-1_4_2"
"57","AAGACTCAGGACCCAA-1_4_2"
"58","AAGACTCCAAGCTACT-1_4_2"
"59","AAGACTCGTTGTCAGT-1_4_2"
"60","AAGATAGGTGAGTAAT-1_4_2"
"61","AAGCATCCAAGCACAG-1_4_2"
"62","AAGCATCCATGGGTTT-1_4_2"
"63","AAGCATCGTTCAGCGC-1_4_2"
"64","AAGCATCTCTGCAGCG-1_4_2"
"65","AAGCCATTCTGTGCAA-1_4_2"
"66","AAGCGAGAGCAGCCTC-1_4_2"
"67","AAGCGTTGTATAATGG-1_4_2"
"68","AAGGAATTCTGCTTAT-1_4_2"
"69","AAGGTAAAGATGCTAA-1_4_2"
"70","AAGGTAAGTTCGGCGT-1_4_2"
"71","AAGTACCCAGCTTTGA-1_4_2"
"72","AAGTCGTAGTGAGCCA-1_4_2"
"73","AAGTCGTTCTCGCTCA-1_4_2"
"74","AAGTGAACACCCTCTA-1_4_2"
"75","AAGTGAACATGCAGCC-1_4_2"
"76","AAGTGAATCCGTGACG-1_4_2"
"77","AAGTGAATCTAATTCC-1_4_2"
"78","AATAGAGCACCAAAGG-1_4_2"
"79","AATAGAGCATAGGAGC-1_4_2"
"80","AATCACGGTAATGTGA-1_4_2"
"81","AATCACGGTATAATGG-1_4_2"
"82","AATCACGTCGTTCTCG-1_4_2"
"83","AATCGACCAAACGGCA-1_4_2"
"84","AATCGACCACCTGCTT-1_4_2"
"85","AATCGACCATTCCTAT-1_4_2"
"86","AATCGACGTAGAATAC-1_4_2"
"87","AATCGACGTCTATGAC-1_4_2"
"88","AATCGACTCGGAGATG-1_4_2"
"89","AATCGACTCTCCTGCA-1_4_2"
"90","AATCGTGGTAACGTTC-1_4_2"
"91","AATGAAGGTAACGATA-1_4_2"
"92","AATGAAGTCCTCTCTT-1_4_2"
"93","AATGACCTCAGCGGAA-1_4_2"
"94","AATGCCAAGACCATTC-1_4_2"
"95","AATGCCAAGCGACCCT-1_4_2"
"96","AATGCCAAGCTGACAG-1_4_2"
"97","AATGCCACAAAGCAAT-1_4_2"
"98","AATGCCACACTGCACG-1_4_2"
"99","AATGCCAGTACCTAAC-1_4_2"
"100","AATGGCTCAGTACTAC-1_4_2"
"101","AATGGCTTCTCATTGT-1_4_2"
"102","AATGGCTTCTCTCGCA-1_4_2"
"103","AATTCCTAGAAGAGCA-1_4_2"
"104","AATTCCTGTGCTATTG-1_4_2"
"105","AATTCCTTCGACATAC-1_4_2"
"106","AATTTCCAGCCTAGGA-1_4_2"
"107","AATTTCCAGCTAGAGC-1_4_2"
"108","AATTTCCCAGGCTTGC-1_4_2"
"109","AATTTCCCATCCGTGG-1_4_2"
"110","AATTTCCGTAGATCGG-1_4_2"
"111","AATTTCCTCGCCAGAC-1_4_2"
"112","ACAACCAGTTCCTTGC-1_4_2"
"113","ACAAGCTAGAGGGCGA-1_4_2"
"114","ACACAGTGTGTACAGG-1_4_2"
"115","ACACCAAAGTATTAGG-1_4_2"
"116","ACACCAACATTAAGCC-1_4_2"
"117","ACACCAAGTAGGAGGG-1_4_2"
"118","ACACGCGCAACGATCT-1_4_2"
"119","ACACGCGTCGTTATCT-1_4_2"
"120","ACACTGACACAGCTTA-1_4_2"
"121","ACACTGATCGCTGTTC-1_4_2"
"122","ACAGAAAGTCCATAGT-1_4_2"
"123","ACAGAAAGTGGAACAC-1_4_2"
"124","ACAGCCGAGGAACATT-1_4_2"
"125","ACAGCCGCAAGAAACT-1_4_2"
"126","ACAGCCGGTATGTCTG-1_4_2"
"127","ACAGGGACAAACAGGC-1_4_2"
"128","ACAGGGATCAGAGTTC-1_4_2"
"129","ACAGGGATCGGTAACT-1_4_2"
"130","ACATCCCCAATGGCAG-1_4_2"
"131","ACATCCCCAGGAGGTT-1_4_2"
"132","ACATCGACATGTTACG-1_4_2"
"133","ACATGCATCTTAGCCC-1_4_2"
"134","ACATTTCTCATGGAGG-1_4_2"
"135","ACCAAACAGAATAGTC-1_4_2"
"136","ACCAACAAGGTTGCCC-1_4_2"
"137","ACCAACAAGTAGCTCT-1_4_2"
"138","ACCAACATCCTTTGAT-1_4_2"
"139","ACCACAAAGACCATTC-1_4_2"
"140","ACCACAAAGACGAGCT-1_4_2"
"141","ACCACAAAGGAAAGAC-1_4_2"
"142","ACCACAACACCCTTGT-1_4_2"
"143","ACCACAAGTGGGAGAG-1_4_2"
"144","ACCACAAGTGGTTCTA-1_4_2"
"145","ACCACAAGTTAAGACA-1_4_2"
"146","ACCACAATCAGTGTGT-1_4_2"
"147","ACCATTTCAGGCACTC-1_4_2"
"148","ACCATTTCATGAGTAA-1_4_2"
"149","ACCATTTTCATTCGGA-1_4_2"
"150","ACCATTTTCTTGGTGA-1_4_2"
"151","ACCCAAATCCTACAAG-1_4_2"
"152","ACCCTCATCGCGATCG-1_4_2"
"153","ACCCTCATCTGTCAGA-1_4_2"
"154","ACCCTTGGTGCGAACA-1_4_2"
"155","ACCCTTGTCAGGACGA-1_4_2"
"156","ACCGTTCCAGAGGAAA-1_4_2"
"157","ACCGTTCTCCTACCAC-1_4_2"
"158","ACCTACCCAAATAAGC-1_4_2"
"159","ACCTACCCAGATACCT-1_4_2"
"160","ACCTACCCAGGCAATG-1_4_2"
"161","ACCTACCTCGTGCTCT-1_4_2"
"162","ACCTGAATCCAAGGGA-1_4_2"
"163","ACCTGAATCCCATGGG-1_4_2"
"164","ACCTGTCAGTCACTCA-1_4_2"
"165","ACCTGTCCACAGCCAC-1_4_2"
"166","ACCTGTCTCATCACAG-1_4_2"
"167","ACGATCACAAATCGTC-1_4_2"
"168","ACGATCACAGCCTACG-1_4_2"
"169","ACGATCATCCGATGTA-1_4_2"
"170","ACGATCATCCGTTGAA-1_4_2"
"171","ACGATCATCTCACCCA-1_4_2"
"172","ACGATGTAGAATTGTG-1_4_2"
"173","ACGATGTAGACTACGG-1_4_2"
"174","ACGATGTAGGCTTTCA-1_4_2"
"175","ACGCACGAGAGCAACC-1_4_2"
"176","ACGCACGCACAGTACT-1_4_2"
"177","ACGGAAGCAGCAGAAC-1_4_2"
"178","ACGGGTCGTTTACGAC-1_4_2"
"179","ACGGTCGCACTGTTCC-1_4_2"
"180","ACGGTTAAGGGACACT-1_4_2"
"181","ACGGTTATCGGAGATG-1_4_2"
"182","ACGTACATCGAGTACT-1_4_2"
"183","ACGTAGTAGTGGAAAG-1_4_2"
"184","ACGTAGTTCAGTAGGG-1_4_2"
"185","ACGTAGTTCGGCACTG-1_4_2"
"186","ACGTTCCAGATCGACG-1_4_2"
"187","ACGTTCCAGCACGTCC-1_4_2"
"188","ACGTTCCAGGGTCACA-1_4_2"
"189","ACGTTCCGTTAGAGTA-1_4_2"
"190","ACTATGGAGTGCGACA-1_4_2"
"191","ACTATGGTCTGGTGCG-1_4_2"
"192","ACTCCCATCCCGTGAG-1_4_2"
"193","ACTCTCGAGGTATCTC-1_4_2"
"194","ACTCTCGCAGACCTAT-1_4_2"
"195","ACTGATGTCATCACTT-1_4_2"
"196","ACTGATGTCCAACTAG-1_4_2"
"197","ACTGATGTCGAGAACG-1_4_2"
"198","ACTGCAAGTTCTAACG-1_4_2"
"199","ACTGTCCAGCACTCTA-1_4_2"
"200","ACTGTCCCATAGGAGC-1_4_2"
"201","ACTGTGAAGACATCAA-1_4_2"
"202","ACTTAGGAGTGCAGGT-1_4_2"
"203","ACTTATCCACATGACT-1_4_2"
"204","ACTTATCTCCTTCTAA-1_4_2"
"205","ACTTCCGAGTCTGGAG-1_4_2"
"206","ACTTCGCCAGAGCTAG-1_4_2"
"207","ACTTCGCTCTCCGAAA-1_4_2"
"208","ACTTTCAAGCAGCGAT-1_4_2"
"209","ACTTTCACAGCCCAGT-1_4_2"
"210","ACTTTCAGTCGCATGC-1_4_2"
"211","ACTTTGTTCGAAGCCC-1_4_2"
"212","ACTTTGTTCTGCGATA-1_4_2"
"213","AGAAATGAGTTGGAGC-1_4_2"
"214","AGAACCTAGCTCTATG-1_4_2"
"215","AGAAGCGAGCAGCCCT-1_4_2"
"216","AGAAGTAAGACAGCGT-1_4_2"
"217","AGACAAAAGGTAATCA-1_4_2"
"218","AGACAAACAAAGACGC-1_4_2"
"219","AGACAAACAAGTGGAC-1_4_2"
"220","AGACAAAGTGCTGATT-1_4_2"
"221","AGACACTAGGTGCCTC-1_4_2"
"222","AGACACTCAGAGGTAC-1_4_2"
"223","AGACAGGGTTTAGACC-1_4_2"
"224","AGACCATCACGCTATA-1_4_2"
"225","AGACCATTCTATCACT-1_4_2"
"226","AGACCCGAGAGGCGTT-1_4_2"
"227","AGACCCGGTCGACTGC-1_4_2"
"228","AGACCCGTCAACACGT-1_4_2"
"229","AGACCCGTCGGCTTGG-1_4_2"
"230","AGACTCAGTCCAAAGG-1_4_2"
"231","AGACTCATCTTACTGT-1_4_2"
"232","AGAGAGCGTGGTCCCA-1_4_2"
"233","AGAGCCCAGTCGGCCT-1_4_2"
"234","AGAGCCCCATTAAAGG-1_4_2"
"235","AGATAGAAGCATACTC-1_4_2"
"236","AGATAGACAGAAACCG-1_4_2"
"237","AGATAGAGTTAATCGC-1_4_2"
"238","AGATCCATCTGTCTCG-1_4_2"
"239","AGATCGTTCAGACATC-1_4_2"
"240","AGATGAACAGGGACTA-1_4_2"
"241","AGATGAAGTCATTCCC-1_4_2"
"242","AGATGCTGTCCCTAAA-1_4_2"
"243","AGCATCAAGCAGTAAT-1_4_2"
"244","AGCATCAAGGTTACCT-1_4_2"
"245","AGCCAATCAACACGAG-1_4_2"
"246","AGCCAATTCCCATTTA-1_4_2"
"247","AGCCAATTCTACCACC-1_4_2"
"248","AGCCACGAGATTAGCA-1_4_2"
"249","AGCCACGAGGACGCTA-1_4_2"
"250","AGCCACGGTATGATCC-1_4_2"
"251","AGCCAGCGTGGCTTAT-1_4_2"
"252","AGCGATTCAAGACCTT-1_4_2"
"253","AGCGATTCACCTATCC-1_4_2"
"254","AGCGATTGTAACACGG-1_4_2"
"255","AGCGATTGTGACACGA-1_4_2"
"256","AGCGATTTCACCTGGG-1_4_2"
"257","AGCGCCAAGAATGTTG-1_4_2"
"258","AGCGCCAAGCATAGGC-1_4_2"
"259","AGCGCCAGTCTACATG-1_4_2"
"260","AGCGTATAGAATCGAT-1_4_2"
"261","AGCGTATGTGTTGACT-1_4_2"
"262","AGCTACAAGAATAGTC-1_4_2"
"263","AGCTACAGTATCAAGA-1_4_2"
"264","AGCTACAGTGAGATTA-1_4_2"
"265","AGCTTCCAGCTGCCTG-1_4_2"
"266","AGCTTCCGTAATTAGG-1_4_2"
"267","AGCTTCCTCCGACATA-1_4_2"
"268","AGGAAATCACGTCGGT-1_4_2"
"269","AGGAAATCAGTGTATC-1_4_2"
"270","AGGAATACATACCACA-1_4_2"
"271","AGGAATAGTAGAGACC-1_4_2"
"272","AGGACGAGTACATTGC-1_4_2"
"273","AGGACGATCGCCGATG-1_4_2"
"274","AGGACTTTCTCATTGT-1_4_2"
"275","AGGACTTTCTGTTCAT-1_4_2"
"276","AGGAGGTCAATTGCTG-1_4_2"
"277","AGGAGGTTCCTGCTAC-1_4_2"
"278","AGGATAAAGAGGTATT-1_4_2"
"279","AGGATAAAGCAGGGAG-1_4_2"
"280","AGGCATTCACACCTTC-1_4_2"
"281","AGGCATTGTTCGAACT-1_4_2"
"282","AGGCATTTCAGTCAGT-1_4_2"
"283","AGGCCACGTAGTGTGG-1_4_2"
"284","AGGCCACGTGAATTAG-1_4_2"
"285","AGGCCACTCCTATTTG-1_4_2"
"286","AGGGAGTAGATGAACT-1_4_2"
"287","AGGGAGTCAATCAAGA-1_4_2"
"288","AGGGAGTTCAGCCTCT-1_4_2"
"289","AGGGAGTTCTTCCAGC-1_4_2"
"290","AGGGCCTAGTATGAAC-1_4_2"
"291","AGGGCTCAGGCTTCCG-1_4_2"
"292","AGGGTGAAGTACAGAT-1_4_2"
"293","AGGGTTTAGATGTTAG-1_4_2"
"294","AGGGTTTGTAGTATAG-1_4_2"
"295","AGGTCATCAATCTAGC-1_4_2"
"296","AGGTCATTCATCACTT-1_4_2"
"297","AGGTCTAAGAAGCTCG-1_4_2"
"298","AGGTCTAAGAGAAGGT-1_4_2"
"299","AGGTCTACATGGACAG-1_4_2"
"300","AGGTGTTCATGATCTG-1_4_2"
"301","AGGTGTTGTCCACAGC-1_4_2"
"302","AGTAACCAGTGTACAA-1_4_2"
"303","AGTAACCTCTGGAAGG-1_4_2"
"304","AGTACCACATCCTCAC-1_4_2"
"305","AGTACCAGTTTATGCG-1_4_2"
"306","AGTACTGAGATGTTAG-1_4_2"
"307","AGTACTGTCCCATAGA-1_4_2"
"308","AGTACTGTCGTACACA-1_4_2"
"309","AGTACTGTCTGGGATT-1_4_2"
"310","AGTAGTCAGGTGCATG-1_4_2"
"311","AGTCAACGTGGATCAG-1_4_2"
"312","AGTCACAAGTGATCGG-1_4_2"
"313","AGTCACATCGAACGCC-1_4_2"
"314","AGTCATGGTCGTCGGT-1_4_2"
"315","AGTGACTAGTCACGCC-1_4_2"
"316","AGTGACTCAAGCACAG-1_4_2"
"317","AGTGACTCACCGTACG-1_4_2"
"318","AGTGACTGTACCGCGT-1_4_2"
"319","AGTGATCAGCCAAGCA-1_4_2"
"320","AGTGATCGTCGCGGTT-1_4_2"
"321","AGTGATCTCTGAGGCC-1_4_2"
"322","AGTGCCGAGTAGAATC-1_4_2"
"323","AGTGCCGCACCAGTAT-1_4_2"
"324","AGTGCCGTCCATGATG-1_4_2"
"325","AGTGCCGTCTGAGAAA-1_4_2"
"326","AGTGTTGAGCTTTGTG-1_4_2"
"327","AGTGTTGTCGCATGAT-1_4_2"
"328","AGTTAGCGTAGGGAGG-1_4_2"
"329","AGTTCCCAGCAACTCT-1_4_2"
"330","AGTTCGACACCAAAGG-1_4_2"
"331","AGTTCGAGTTCTCAGA-1_4_2"
"332","AGTTCGATCCGAGTGC-1_4_2"
"333","AGTTCGATCTGAGATC-1_4_2"
"334","ATACCGAGTCAACGCC-1_4_2"
"335","ATACCGAGTGATCGTT-1_4_2"
"336","ATACCGATCATCTCTA-1_4_2"
"337","ATACCTTGTTTATGCG-1_4_2"
"338","ATACTTCAGGGTCACA-1_4_2"
"339","ATACTTCCAATAGGAT-1_4_2"
"340","ATAGACCCAGCGTGAA-1_4_2"
"341","ATAGACCGTAGTGTGG-1_4_2"
"342","ATAGAGACACACAGCC-1_4_2"
"343","ATAGAGACATACTGTG-1_4_2"
"344","ATAGGCTAGCTCACTA-1_4_2"
"345","ATATCCTCATGAGATA-1_4_2"
"346","ATATCCTGTAGTATAG-1_4_2"
"347","ATATCCTGTGAACCGA-1_4_2"
"348","ATATCCTTCCATCGTC-1_4_2"
"349","ATCACAGAGCTGTACT-1_4_2"
"350","ATCACAGTCACCCTGT-1_4_2"
"351","ATCACGACACACAGCC-1_4_2"
"352","ATCACTTCAGCCGGTT-1_4_2"
"353","ATCACTTTCTGTGCGG-1_4_2"
"354","ATCAGGTAGCTCGAAG-1_4_2"
"355","ATCCACCCAGCGTATT-1_4_2"
"356","ATCCATTCATTGGGAG-1_4_2"
"357","ATCCATTGTGTGCTTA-1_4_2"
"358","ATCCCTGAGTCACACT-1_4_2"
"359","ATCCCTGTCCTCAGAA-1_4_2"
"360","ATCCTATAGATCGACG-1_4_2"
"361","ATCCTATCAGTAGATA-1_4_2"
"362","ATCCTATGTCGAGCTC-1_4_2"
"363","ATCCTATTCAATCAGC-1_4_2"
"364","ATCGCCTAGTTACGAA-1_4_2"
"365","ATCGCCTCAGCCGTTG-1_4_2"
"366","ATCGCCTTCAACTGGT-1_4_2"
"367","ATCGGATAGACGAAGA-1_4_2"
"368","ATCGGATCAGAGTTCT-1_4_2"
"369","ATCGGCGGTCGGCACT-1_4_2"
"370","ATCGGCGTCGTCACCT-1_4_2"
"371","ATCGTAGCAGTTCACA-1_4_2"
"372","ATCGTAGGTACAGAGC-1_4_2"
"373","ATCGTAGTCCAACCAA-1_4_2"
"374","ATCGTCCCACAGCATT-1_4_2"
"375","ATCGTCCGTATCGCAT-1_4_2"
"376","ATCTCTAAGATTCGCT-1_4_2"
"377","ATCTTCAAGCTGTACT-1_4_2"
"378","ATCTTCAAGGCATGGT-1_4_2"
"379","ATCTTCACACTCTAGA-1_4_2"
"380","ATCTTCAGTTGCCGCA-1_4_2"
"381","ATGAAAGCATAATCGC-1_4_2"
"382","ATGAAAGTCCGGTAGC-1_4_2"
"383","ATGACCACACAAGCAG-1_4_2"
"384","ATGACCACAGGGACTA-1_4_2"
"385","ATGAGGGCACGACCTG-1_4_2"
"386","ATGAGTCAGAGGGTCT-1_4_2"
"387","ATGAGTCCAAACGGCA-1_4_2"
"388","ATGAGTCCAGACACAG-1_4_2"
"389","ATGATCGAGCGATGCA-1_4_2"
"390","ATGATCGCAATTGCCA-1_4_2"
"391","ATGATCGTCCTAAGTG-1_4_2"
"392","ATGCATGCAAGCCTGC-1_4_2"
"393","ATGCATGGTCACCGCA-1_4_2"
"394","ATGCATGTCTGACCCT-1_4_2"
"395","ATGCCTCAGGACAAGA-1_4_2"
"396","ATGCCTCGTCTGGTTA-1_4_2"
"397","ATGCGATCAAGGCCTC-1_4_2"
"398","ATGCGATGTTCGAACT-1_4_2"
"399","ATGGAGGCAGACGCTC-1_4_2"
"400","ATGGAGGTCCATCTAT-1_4_2"
"401","ATGGATCCAGATGCGA-1_4_2"
"402","ATGGGAGGTAGTTACC-1_4_2"
"403","ATGGGAGGTTGCTGAT-1_4_2"
"404","ATGGTTGAGAAACACT-1_4_2"
"405","ATGGTTGTCCTCTCGA-1_4_2"
"406","ATGTCCCAGAGGGTAA-1_4_2"
"407","ATGTCCCAGTCACGCC-1_4_2"
"408","ATGTCCCAGTCCCAAT-1_4_2"
"409","ATGTCCCCATGAAGCG-1_4_2"
"410","ATGTCCCTCGAGAATA-1_4_2"
"411","ATGTCTTGTCCTTAAG-1_4_2"
"412","ATTACCTCAGAACTCT-1_4_2"
"413","ATTACTCAGAACAAGG-1_4_2"
"414","ATTATCCCAACGACTT-1_4_2"
"415","ATTATCCCAAGCGATG-1_4_2"
"416","ATTATCCGTATAATGG-1_4_2"
"417","ATTATCCGTGGGTTGA-1_4_2"
"418","ATTATCCTCGATGCAT-1_4_2"
"419","ATTCACTCAAAGACTA-1_4_2"
"420","ATTCACTCACGCTGAC-1_4_2"
"421","ATTCACTGTGACAACG-1_4_2"
"422","ATTCACTTCTGGAAGG-1_4_2"
"423","ATTCAGGAGCACGATG-1_4_2"
"424","ATTCAGGAGCGTTCAT-1_4_2"
"425","ATTCAGGAGTCAACAA-1_4_2"
"426","ATTCATCGTAAGCTCT-1_4_2"
"427","ATTCATCGTGGATCGA-1_4_2"
"428","ATTCCCGAGATGCTGG-1_4_2"
"429","ATTCCCGAGATTAGTG-1_4_2"
"430","ATTCCTAAGTATAGGT-1_4_2"
"431","ATTCCTACAGTAGTTC-1_4_2"
"432","ATTCGTTGTCCACGCA-1_4_2"
"433","ATTCTACAGGTGGCTA-1_4_2"
"434","ATTCTACAGTACCCTA-1_4_2"
"435","ATTCTACCAACACGAG-1_4_2"
"436","ATTCTACTCCTACGGG-1_4_2"
"437","ATTCTTGGTGTTTGCA-1_4_2"
"438","ATTCTTGTCACTCCGT-1_4_2"
"439","ATTCTTGTCAGCGCAC-1_4_2"
"440","ATTGGGTAGTTGGAAT-1_4_2"
"441","ATTTACCAGGCACTCC-1_4_2"
"442","ATTTACCTCTTACCGC-1_4_2"
"443","ATTTCACAGGTTCACT-1_4_2"
"444","ATTTCTGCACTTCAAG-1_4_2"
"445","ATTTCTGGTATCGTGT-1_4_2"
"446","ATTTCTGTCTGGGTCG-1_4_2"
"447","CAAAGAATCAAGGAGC-1_4_2"
"448","CAAAGAATCACACCCT-1_4_2"
"449","CAACAACGTCAAAGCG-1_4_2"
"450","CAACAGTTCGACCACG-1_4_2"
"451","CAACCAAAGGTACTGG-1_4_2"
"452","CAACCTCAGAGGTTTA-1_4_2"
"453","CAACCTCCAGCTGGTC-1_4_2"
"454","CAACCTCGTCATATGC-1_4_2"
"455","CAACGATCAGCAAGAC-1_4_2"
"456","CAACGGCGTGCAAGAC-1_4_2"
"457","CAAGAGGTCCTACCAC-1_4_2"
"458","CAAGCTAAGCCTTTCC-1_4_2"
"459","CAAGCTACATCATTTC-1_4_2"
"460","CAAGCTACATCCGTGG-1_4_2"
"461","CAAGGGAGTCGTGCCA-1_4_2"
"462","CAAGGGAGTTCCGCTT-1_4_2"
"463","CAATACGTCCAAATGC-1_4_2"
"464","CAATACGTCTTTCCGG-1_4_2"
"465","CAATCGAAGGAACGCT-1_4_2"
"466","CAATCGAGTCCGATCG-1_4_2"
"467","CAATGACCACAGTCGC-1_4_2"
"468","CAATTTCAGCATTTGC-1_4_2"
"469","CAATTTCCAATACGAA-1_4_2"
"470","CAATTTCTCAGTGTCA-1_4_2"
"471","CACAACAAGACCAACG-1_4_2"
"472","CACACAATCCGCGAGT-1_4_2"
"473","CACAGATAGCTGACCC-1_4_2"
"474","CACAGATCAGTATTCG-1_4_2"
"475","CACAGATCAGTCGAGA-1_4_2"
"476","CACAGATGTCACTACA-1_4_2"
"477","CACAGATGTCCAAGAG-1_4_2"
"478","CACAGGCAGAATTGCA-1_4_2"
"479","CACAGGCAGCCAGTAG-1_4_2"
"480","CACAGGCAGCTCTATG-1_4_2"
"481","CACAGGCCAAATTAGG-1_4_2"
"482","CACAGGCCAATTGAGA-1_4_2"
"483","CACATGAGTGACTGAG-1_4_2"
"484","CACCAAACAGGTCCCA-1_4_2"
"485","CACCGTTAGTCCCGGT-1_4_2"
"486","CACCGTTGTCGTTCAA-1_4_2"
"487","CACGAATCAATCCAGT-1_4_2"
"488","CACGAATCACTCGATA-1_4_2"
"489","CACGAATCAGAAACCG-1_4_2"
"490","CACGAATTCAAGAATG-1_4_2"
"491","CACGGGTCAACGATCT-1_4_2"
"492","CACGGGTCACTGTGAT-1_4_2"
"493","CACGTGGGTGCCTACG-1_4_2"
"494","CACGTGGTCGTAACCA-1_4_2"
"495","CACGTTCAGTGAATAC-1_4_2"
"496","CACTAAGAGCTGTGCC-1_4_2"
"497","CACTAAGGTGCACGCT-1_4_2"
"498","CACTAAGTCAAAGGAT-1_4_2"
"499","CACTAAGTCAAGCCGC-1_4_2"
"500","CACTGAAGTCCAGGTC-1_4_2"
"501","CACTGTCCATATACCG-1_4_2"
"502","CACTTCGAGTCACTCA-1_4_2"
"503","CACTTCGTCCACAAGT-1_4_2"
"504","CAGAGCCAGATACGAT-1_4_2"
"505","CAGAGCCCAACCGATT-1_4_2"
"506","CAGATCAGTGAGTTTC-1_4_2"
"507","CAGATTGCACTTGAAC-1_4_2"
"508","CAGCACGAGAGTTCGG-1_4_2"
"509","CAGCACGCACACGTGC-1_4_2"
"510","CAGCAGCAGACTCGAG-1_4_2"
"511","CAGCCAGAGCATATGA-1_4_2"
"512","CAGCCAGGTCGACGCT-1_4_2"
"513","CAGCCAGGTGGAATGC-1_4_2"
"514","CAGCCAGGTTCAAGTC-1_4_2"
"515","CAGCGTGCACCCTGAG-1_4_2"
"516","CAGCGTGCAGCCCAGT-1_4_2"
"517","CAGCGTGTCGAGTCTA-1_4_2"
"518","CAGCGTGTCGGAAGGT-1_4_2"
"519","CAGGCCACAATTGTGC-1_4_2"
"520","CAGGCCACACCGTCTT-1_4_2"
"521","CAGGCCAGTATGGTAA-1_4_2"
"522","CAGGCCATCGATTTCT-1_4_2"
"523","CAGGCCATCTCTCTAA-1_4_2"
"524","CAGGGCTAGATGCTTC-1_4_2"
"525","CAGGGCTTCCTTGACC-1_4_2"
"526","CAGGGCTTCTCGGTCT-1_4_2"
"527","CAGGTATAGATGAATC-1_4_2"
"528","CAGGTATAGTGAACAT-1_4_2"
"529","CAGGTATAGTGTTGTC-1_4_2"
"530","CAGGTATCAGTGACCC-1_4_2"
"531","CAGGTATCATCATGAC-1_4_2"
"532","CAGTGCGCAGAAGTTA-1_4_2"
"533","CAGTTAGTCGCACGGT-1_4_2"
"534","CAGTTCCAGCAAGTGC-1_4_2"
"535","CAGTTCCCAAGTCCCG-1_4_2"
"536","CAGTTCCCATAGATCC-1_4_2"
"537","CAGTTCCGTGGCGCTT-1_4_2"
"538","CAGTTCCGTTATTCCT-1_4_2"
"539","CAGTTCCTCAGTGTTG-1_4_2"
"540","CAGTTCCTCCTACCGT-1_4_2"
"541","CATAAGCAGCGCCGTT-1_4_2"
"542","CATAAGCGTATCGAAA-1_4_2"
"543","CATAAGCGTGGCAACA-1_4_2"
"544","CATACCCGTACTAACC-1_4_2"
"545","CATACTTAGCCATTCA-1_4_2"
"546","CATACTTGTAGGCTCC-1_4_2"
"547","CATCAAGCAGCAGAAC-1_4_2"
"548","CATCAAGCATCTAGAC-1_4_2"
"549","CATCCACGTATAATGG-1_4_2"
"550","CATCCACGTGTTCATG-1_4_2"
"551","CATCCCAAGTTCCATG-1_4_2"
"552","CATCCGTAGTATTGCC-1_4_2"
"553","CATCGCTGTTAATCGC-1_4_2"
"554","CATCGCTTCATCACAG-1_4_2"
"555","CATCGGGGTCACAATC-1_4_2"
"556","CATCGTCGTACGACAG-1_4_2"
"557","CATGAGTAGCTCCGAC-1_4_2"
"558","CATGAGTCAGCGACAA-1_4_2"
"559","CATGAGTTCAGCAATC-1_4_2"
"560","CATGCAACACGTTGGC-1_4_2"
"561","CATGCAAGTCCAGCGT-1_4_2"
"562","CATGCCTAGCGTTCCG-1_4_2"
"563","CATGCCTCAAATACAG-1_4_2"
"564","CATGCCTCAAGTTCCA-1_4_2"
"565","CATGCGGCACTTCAAG-1_4_2"
"566","CATGCGGCAGATACCT-1_4_2"
"567","CATGCGGCAGCTGAAG-1_4_2"
"568","CATGGATAGTTGGCTT-1_4_2"
"569","CATGGATCACAAGTGG-1_4_2"
"570","CATTCATAGCACTCCG-1_4_2"
"571","CATTCATGTGTTCGTA-1_4_2"
"572","CATTCATTCTGGAAGG-1_4_2"
"573","CATTCTAAGGAGGTTC-1_4_2"
"574","CATTCTACAGTCGCAC-1_4_2"
"575","CATTCTAGTCTTGTCC-1_4_2"
"576","CATTGAGCAAGAATAC-1_4_2"
"577","CATTGAGGTAACTAAG-1_4_2"
"578","CATTGCCAGAGGTCAC-1_4_2"
"579","CATTGCCGTTGTAAAG-1_4_2"
"580","CATTTCAAGTCATGGG-1_4_2"
"581","CATTTCACAAGTATAG-1_4_2"
"582","CATTTCACAGAGAGGG-1_4_2"
"583","CATTTCACAGCGTACC-1_4_2"
"584","CATTTCATCCAATCTT-1_4_2"
"585","CCAATGAGTCTACACA-1_4_2"
"586","CCACAAAAGAAGCGCT-1_4_2"
"587","CCACAAAAGTAAGCAT-1_4_2"
"588","CCACAAACACTGTGAT-1_4_2"
"589","CCACCATAGGCTTAGG-1_4_2"
"590","CCACCATGTGCGTGCT-1_4_2"
"591","CCACCATTCTCCTGCA-1_4_2"
"592","CCACGAGGTAGCACAG-1_4_2"
"593","CCACGAGTCTTTGCTA-1_4_2"
"594","CCACTTGCACCATATG-1_4_2"
"595","CCACTTGTCCTTATCA-1_4_2"
"596","CCATAAGGTATGTCAC-1_4_2"
"597","CCATCACCAATACCCA-1_4_2"
"598","CCATCACCACTTACAG-1_4_2"
"599","CCATCACTCCGCAAAT-1_4_2"
"600","CCATCACTCGTGCGAC-1_4_2"
"601","CCCGAAGAGCGACCCT-1_4_2"
"602","CCCGAAGTCGTAATGC-1_4_2"
"603","CCCGGAAAGCCATTCA-1_4_2"
"604","CCCTAACCAACGATCT-1_4_2"
"605","CCCTAACCATAGGTAA-1_4_2"
"606","CCCTAACTCCTGTACC-1_4_2"
"607","CCCTGATCATACTGTG-1_4_2"
"608","CCCTGATGTCCTTAAG-1_4_2"
"609","CCCTTAGGTGCCTTTC-1_4_2"
"610","CCCTTAGTCAGCTTGA-1_4_2"
"611","CCGATGGAGCCAAGCA-1_4_2"
"612","CCGCAAGTCCCGTAAA-1_4_2"
"613","CCGGACAAGCGACAGT-1_4_2"
"614","CCGGACACATTGTCGA-1_4_2"
"615","CCGGACATCTCAACCC-1_4_2"
"616","CCGGGTAAGGGTAATT-1_4_2"
"617","CCGGGTAAGTAGCTCT-1_4_2"
"618","CCGGGTAGTGGCGCTT-1_4_2"
"619","CCGGGTAGTTGCCGCA-1_4_2"
"620","CCGGGTATCGGTTGTA-1_4_2"
"621","CCGGTAGTCACTCTTA-1_4_2"
"622","CCGGTAGTCTGTCTCG-1_4_2"
"623","CCGGTGACAAGTGCTT-1_4_2"
"624","CCGGTGACACACCAGC-1_4_2"
"625","CCGGTGACAGCAGGAT-1_4_2"
"626","CCGGTGAGTAGATTAG-1_4_2"
"627","CCGGTGATCACCGGGT-1_4_2"
"628","CCGTGAGGTGCGCTCA-1_4_2"
"629","CCGTTCAAGTAAGACT-1_4_2"
"630","CCGTTCATCCCAATAG-1_4_2"
"631","CCTAAGAGTATCAGGG-1_4_2"
"632","CCTATCGAGTATGACA-1_4_2"
"633","CCTATCGCACACGCCA-1_4_2"
"634","CCTATCGGTTGAATCC-1_4_2"
"635","CCTCAACTCGAAGCCC-1_4_2"
"636","CCTCAACTCGAGAAAT-1_4_2"
"637","CCTCACAAGGGTTGCA-1_4_2"
"638","CCTCACACACTATGTG-1_4_2"
"639","CCTCACAGTTCAGCGC-1_4_2"
"640","CCTCATGAGGGATCAC-1_4_2"
"641","CCTCCAAAGAAGTCAT-1_4_2"
"642","CCTCCAACACAGCTTA-1_4_2"
"643","CCTCCAATCTCGCCTA-1_4_2"
"644","CCTCCTCGTCTACTGA-1_4_2"
"645","CCTCCTCTCACGAACT-1_4_2"
"646","CCTCTAGAGTGCTACT-1_4_2"
"647","CCTCTAGTCTTAGCAG-1_4_2"
"648","CCTCTCCAGCCAAGGT-1_4_2"
"649","CCTCTCCCAATCTAGC-1_4_2"
"650","CCTGTTGAGTGCACAG-1_4_2"
"651","CCTGTTGCACATTCTT-1_4_2"
"652","CCTGTTGGTATTCTCT-1_4_2"
"653","CCTTGTGAGAGGTCAC-1_4_2"
"654","CCTTGTGAGATCGACG-1_4_2"
"655","CCTTGTGAGCTACTAC-1_4_2"
"656","CCTTTGGAGAGCTGCA-1_4_2"
"657","CCTTTGGCAAACCATC-1_4_2"
"658","CCTTTGGCAATGGCCC-1_4_2"
"659","CCTTTGGGTACAGAGC-1_4_2"
"660","CCTTTGGTCTTCTGGC-1_4_2"
"661","CGAAGGAAGTTCCGTA-1_4_2"
"662","CGAATTGAGCTCACTA-1_4_2"
"663","CGAATTGCAGACCATT-1_4_2"
"664","CGAATTGGTATGCGGA-1_4_2"
"665","CGACAGCAGACATACA-1_4_2"
"666","CGACAGCGTTTCGATG-1_4_2"
"667","CGAGAAGCAAGAAACT-1_4_2"
"668","CGAGAAGTCGCTGACG-1_4_2"
"669","CGAGGAAAGGACTATA-1_4_2"
"670","CGAGGAACACTCCACT-1_4_2"
"671","CGAGGAAGTCCACTTC-1_4_2"
"672","CGAGGAAGTTGCCGCA-1_4_2"
"673","CGAGGCTAGAGTCCGA-1_4_2"
"674","CGAGGCTCACACCGAC-1_4_2"
"675","CGAGGCTTCCTCGCAT-1_4_2"
"676","CGAGGCTTCTAAACGC-1_4_2"
"677","CGAGTGCCAAATTGCC-1_4_2"
"678","CGATCGGGTACTGGGA-1_4_2"
"679","CGATCGGGTCCAGCAC-1_4_2"
"680","CGATGCGGTTGCACGC-1_4_2"
"681","CGATGGCAGACCAAAT-1_4_2"
"682","CGATGGCTCGCCATAA-1_4_2"
"683","CGCAGGTTCCCATACC-1_4_2"
"684","CGCATAAAGACTACGG-1_4_2"
"685","CGCATAACATGGCCAC-1_4_2"
"686","CGCATAAGTAATGATG-1_4_2"
"687","CGCATGGAGCGTGAAC-1_4_2"
"688","CGCATGGCAGCGTAGA-1_4_2"
"689","CGCATGGGTTATAGAG-1_4_2"
"690","CGCCATTCATTCTGTT-1_4_2"
"691","CGCCATTTCCGAAGGA-1_4_2"
"692","CGCCATTTCTTCCCAG-1_4_2"
"693","CGGAACCCACTACAGT-1_4_2"
"694","CGGAACCGTGAATGTA-1_4_2"
"695","CGGAATTCACTGGATT-1_4_2"
"696","CGGAATTCACTTCTCG-1_4_2"
"697","CGGAATTGTCTCGGGT-1_4_2"
"698","CGGAATTGTGGAAATT-1_4_2"
"699","CGGACACAGGCCTAAG-1_4_2"
"700","CGGACACTCTTAGCAG-1_4_2"
"701","CGGGCATAGCGGCTCT-1_4_2"
"702","CGGGCATAGGTTATAG-1_4_2"
"703","CGGGCATAGTGGACTG-1_4_2"
"704","CGGGTGTCACTAAACC-1_4_2"
"705","CGGGTGTGTGCGTCGT-1_4_2"
"706","CGGGTGTGTTGGAGGT-1_4_2"
"707","CGGTCAGAGGACAACC-1_4_2"
"708","CGGTCAGAGTTCGGTT-1_4_2"
"709","CGGTCAGCAGAAATTG-1_4_2"
"710","CGGTCAGGTCAGATTC-1_4_2"
"711","CGGTCAGTCCACGTGG-1_4_2"
"712","CGTAAGTAGCGGACAT-1_4_2"
"713","CGTAAGTAGGTGATAT-1_4_2"
"714","CGTAATGCATCACGGC-1_4_2"
"715","CGTAGTATCGAGATGG-1_4_2"
"716","CGTCAAAAGGCTAAAT-1_4_2"
"717","CGTCAAATCCATAGAC-1_4_2"
"718","CGTCCATAGTCCCGGT-1_4_2"
"719","CGTCCATAGTGCCGAA-1_4_2"
"720","CGTCCATGTTGGATCT-1_4_2"
"721","CGTGAATTCTACAGGT-1_4_2"
"722","CGTGATAGTAACGTTC-1_4_2"
"723","CGTGCTTCAAGCGCTC-1_4_2"
"724","CGTTCTGCATTATGCG-1_4_2"
"725","CGTTCTGGTGTCCACG-1_4_2"
"726","CGTTCTGTCAACTTTC-1_4_2"
"727","CGTTCTGTCGCCAATA-1_4_2"
"728","CGTTGGGAGCGTTCAT-1_4_2"
"729","CTAACTTAGGACGCAT-1_4_2"
"730","CTAACTTAGGGTCAAC-1_4_2"
"731","CTAACTTCAGGAGGTT-1_4_2"
"732","CTAACTTGTAGTTCCA-1_4_2"
"733","CTAACTTGTCTGATCA-1_4_2"
"734","CTAACTTTCGGTCACG-1_4_2"
"735","CTAAGTGTCTCGGGAC-1_4_2"
"736","CTACAGACACAGAGAC-1_4_2"
"737","CTACAGAGTACGACTT-1_4_2"
"738","CTACAGATCTCGAACA-1_4_2"
"739","CTACATTCAACAGAGC-1_4_2"
"740","CTACATTGTTCCTAGA-1_4_2"
"741","CTACCTGTCCCGTAAA-1_4_2"
"742","CTACTATAGACTTCAC-1_4_2"
"743","CTACTATAGCTGAAGC-1_4_2"
"744","CTAGACAGTGCAACAG-1_4_2"
"745","CTAGACATCGCCACTT-1_4_2"
"746","CTAGGTAAGTCCGCCA-1_4_2"
"747","CTAGGTACAAACCACT-1_4_2"
"748","CTAGGTACAATCTCGA-1_4_2"
"749","CTAGGTAGTCAACACT-1_4_2"
"750","CTATAGGAGACTGAGC-1_4_2"
"751","CTATAGGCAACCAGAG-1_4_2"
"752","CTATAGGGTCTAACGT-1_4_2"
"753","CTATCCGAGACTTCCA-1_4_2"
"754","CTCAACCAGGCAGCTA-1_4_2"
"755","CTCAACCCACCAGGTC-1_4_2"
"756","CTCAACCCAGGTCCCA-1_4_2"
"757","CTCAAGACATGACTTG-1_4_2"
"758","CTCACTGAGAAATCCA-1_4_2"
"759","CTCACTGCACCATAAC-1_4_2"
"760","CTCACTGCACTTCCTG-1_4_2"
"761","CTCAGAAAGGCTTTCA-1_4_2"
"762","CTCAGAAAGGTTCTAC-1_4_2"
"763","CTCAGAATCGGTCGAC-1_4_2"
"764","CTCAGGGAGAATGTTG-1_4_2"
"765","CTCAGGGAGACCCGCT-1_4_2"
"766","CTCAGGGAGTGTACCT-1_4_2"
"767","CTCAGGGCAGTAGAGC-1_4_2"
"768","CTCAGGGCATGACGGA-1_4_2"
"769","CTCAGGGTCCTAACAG-1_4_2"
"770","CTCAGGGTCGCCGAGT-1_4_2"
"771","CTCAGTCCAACGCCCA-1_4_2"
"772","CTCAGTCTCACACCGG-1_4_2"
"773","CTCATTAAGCCTGGAA-1_4_2"
"774","CTCATTATCTTCCAGC-1_4_2"
"775","CTCCAACAGGTGCCTC-1_4_2"
"776","CTCCAACAGTGTTGTC-1_4_2"
"777","CTCCACATCCATGATG-1_4_2"
"778","CTCCCAAGTTCAGCTA-1_4_2"
"779","CTCCCTCTCAACACCA-1_4_2"
"780","CTCCCTCTCAAGGCTT-1_4_2"
"781","CTCCCTCTCAGGGTAG-1_4_2"
"782","CTCCGATGTAGTACGG-1_4_2"
"783","CTCCTCCCACCATATG-1_4_2"
"784","CTCCTTTCAGTCCCGA-1_4_2"
"785","CTCCTTTTCATGTCTT-1_4_2"
"786","CTCGAGGTCGTTGCCT-1_4_2"
"787","CTCTCAGGTGTATTCG-1_4_2"
"788","CTCTCGACAAGAAATC-1_4_2"
"789","CTCTCGAGTAACACCT-1_4_2"
"790","CTCTCGAGTTTCCAAG-1_4_2"
"791","CTCTGGTTCCAAGCTA-1_4_2"
"792","CTGAATGAGCTGAAGC-1_4_2"
"793","CTGAATGGTTTACGTG-1_4_2"
"794","CTGAGGCGTACAGTAA-1_4_2"
"795","CTGAGGCGTAGGCTGA-1_4_2"
"796","CTGAGGCGTGTCCACG-1_4_2"
"797","CTGATCCGTGGCGCTT-1_4_2"
"798","CTGATCCTCATTTGGG-1_4_2"
"799","CTGCAGGAGCGGTAAC-1_4_2"
"800","CTGCAGGTCCCATACC-1_4_2"
"801","CTGCATCCACATACTG-1_4_2"
"802","CTGCATCGTATCCTTT-1_4_2"
"803","CTGCATCTCATGCAGT-1_4_2"
"804","CTGCCATCACGATAGG-1_4_2"
"805","CTGCCATGTCCAGAAG-1_4_2"
"806","CTGCCTACAGGCCTGT-1_4_2"
"807","CTGCGAGTCTACGGGC-1_4_2"
"808","CTGCTCAAGAGGTATT-1_4_2"
"809","CTGCTCAAGCGCAATG-1_4_2"
"810","CTGCTCAAGGTCCCTG-1_4_2"
"811","CTGCTCAGTAGACAAT-1_4_2"
"812","CTGCTCATCATGGTAC-1_4_2"
"813","CTGGCAGAGCAGATAT-1_4_2"
"814","CTGGCAGTCGCCTTGT-1_4_2"
"815","CTGGCAGTCTCTAGGA-1_4_2"
"816","CTGGTCTTCGAGCTGC-1_4_2"
"817","CTGTAGACACAGACGA-1_4_2"
"818","CTGTAGACACCCTATC-1_4_2"
"819","CTGTAGAGTATACAGA-1_4_2"
"820","CTGTAGAGTGCGGATA-1_4_2"
"821","CTGTATTCAATGCAAA-1_4_2"
"822","CTGTCGTCATCGATGT-1_4_2"
"823","CTGTCGTCATGTGACT-1_4_2"
"824","CTGTCGTTCCCTCTCC-1_4_2"
"825","CTGTGAAAGAAGGATG-1_4_2"
"826","CTGTGAACAAGTCCAT-1_4_2"
"827","CTGTGAAGTCTCGACG-1_4_2"
"828","CTTACCGCATGACTGT-1_4_2"
"829","CTTACCGTCAGGACAG-1_4_2"
"830","CTTAGGACAAGTCCAT-1_4_2"
"831","CTTAGGACAAGTCGTT-1_4_2"
"832","CTTAGGATCTGCCCTA-1_4_2"
"833","CTTCAATCAATACGAA-1_4_2"
"834","CTTCAATGTTAAGAAC-1_4_2"
"835","CTTCCGAAGGAGAGTA-1_4_2"
"836","CTTCGGTAGCGGGTAT-1_4_2"
"837","CTTCGGTCACGTAACT-1_4_2"
"838","CTTCTAAAGCAATAAC-1_4_2"
"839","CTTCTAAAGTATGAAC-1_4_2"
"840","CTTCTAACAGAACTCT-1_4_2"
"841","CTTCTAACAGAGTCAG-1_4_2"
"842","CTTCTAATCATCGCCT-1_4_2"
"843","CTTCTCTGTCTTGCGG-1_4_2"
"844","CTTCTCTTCTAGGAAA-1_4_2"
"845","CTTGATTGTTGGGACA-1_4_2"
"846","CTTTCAAAGCTGACAG-1_4_2"
"847","CTTTCAAAGGGCAACT-1_4_2"
"848","CTTTCAACACAAACGG-1_4_2"
"849","CTTTCGGGTCCCACGA-1_4_2"
"850","GAAATGATCGATCCAA-1_4_2"
"851","GAACGTTGTCAGGAGT-1_4_2"
"852","GAACGTTGTTGGCTAT-1_4_2"
"853","GAACTGTCAACCAATC-1_4_2"
"854","GAAGAATAGCAGTACG-1_4_2"
"855","GAAGAATGTCTTTCTA-1_4_2"
"856","GAAGAATGTTACACAC-1_4_2"
"857","GAAGCCCTCGCTCTAC-1_4_2"
"858","GAAGCGATCGGTGTAT-1_4_2"
"859","GAAGGACCAAAGGCGT-1_4_2"
"860","GAAGGGTAGCTCGCAC-1_4_2"
"861","GAAGGGTGTACGGATG-1_4_2"
"862","GAAGGGTGTCCCGCAA-1_4_2"
"863","GAATAGAGTACCGTGC-1_4_2"
"864","GAATCACAGCAGCGAT-1_4_2"
"865","GAATCACGTTAGAGAT-1_4_2"
"866","GAATCGTAGGCGAAGG-1_4_2"
"867","GAATCGTGTACTCCGG-1_4_2"
"868","GAATCGTTCATCCTGC-1_4_2"
"869","GAATCGTTCTGCTTAT-1_4_2"
"870","GACACGCGTATCGGTT-1_4_2"
"871","GACACGCTCTGGCTGG-1_4_2"
"872","GACAGCCGTCCGCAGT-1_4_2"
"873","GACATCAGTTCCAAAC-1_4_2"
"874","GACATCAGTTTCGCTC-1_4_2"
"875","GACCAATCACATGTTG-1_4_2"
"876","GACCAATCATACCAGT-1_4_2"
"877","GACCCTTTCTACCAGA-1_4_2"
"878","GACCGTGAGCATGCAG-1_4_2"
"879","GACCGTGAGTTCATCG-1_4_2"
"880","GACCTTCGTGGCGCTT-1_4_2"
"881","GACCTTCTCGGTCTAA-1_4_2"
"882","GACGCTGTCATTGCTT-1_4_2"
"883","GACGCTGTCCACTAGA-1_4_2"
"884","GACTATGAGGACATCG-1_4_2"
"885","GACTATGCAGAGAATT-1_4_2"
"886","GACTATGGTTTGCAGT-1_4_2"
"887","GACTCAAGTATTGAGA-1_4_2"
"888","GACTCAAGTCCTTAAG-1_4_2"
"889","GACTCAATCCTGCCAT-1_4_2"
"890","GACTCTCGTATCTTCT-1_4_2"
"891","GACTCTCTCTTAGGAC-1_4_2"
"892","GACTGATGTCACAGAG-1_4_2"
"893","GACTTCCGTGGCATCC-1_4_2"
"894","GACTTCCGTGGCTACC-1_4_2"
"895","GACTTCCGTTACTCAG-1_4_2"
"896","GACTTCCTCATTACCT-1_4_2"
"897","GAGAAATGTTCCGCGA-1_4_2"
"898","GAGACCCAGAATCGTA-1_4_2"
"899","GAGACTTAGAAATCCA-1_4_2"
"900","GAGAGGTCAAACAGGC-1_4_2"
"901","GAGAGGTGTCTAACGT-1_4_2"
"902","GAGAGGTTCCAAACCA-1_4_2"
"903","GAGATGGTCAAGCCAT-1_4_2"
"904","GAGCCTGCACAAGCCC-1_4_2"
"905","GAGCCTGTCGACACTA-1_4_2"
"906","GAGCTGCTCATGTCAG-1_4_2"
"907","GAGGCAAGTCGCCACA-1_4_2"
"908","GAGGCCTAGAGGCGTT-1_4_2"
"909","GAGGCCTTCCTGTAAG-1_4_2"
"910","GAGGGATGTCATGACT-1_4_2"
"911","GAGGGTAAGCCATGCC-1_4_2"
"912","GAGTCATAGAGCCTGA-1_4_2"
"913","GAGTCATAGCGCTTCG-1_4_2"
"914","GAGTCTAAGGTTGGTG-1_4_2"
"915","GAGTCTATCAAATGCC-1_4_2"
"916","GAGTGAGCAACAAGAT-1_4_2"
"917","GAGTTACCACAAGCCC-1_4_2"
"918","GAGTTACCACAGTATC-1_4_2"
"919","GAGTTACCAGCTATAC-1_4_2"
"920","GAGTTACGTACGTGTT-1_4_2"
"921","GAGTTACGTGTGTCCG-1_4_2"
"922","GATAGAATCACTTGGA-1_4_2"
"923","GATAGAATCTCCAAGA-1_4_2"
"924","GATAGCTGTCGCTTAA-1_4_2"
"925","GATAGCTGTTGGCCTG-1_4_2"
"926","GATCAGTCACAGCCTG-1_4_2"
"927","GATCAGTCACGTACTA-1_4_2"
"928","GATCAGTGTAGCTTTG-1_4_2"
"929","GATCATGAGCCACCGT-1_4_2"
"930","GATCATGGTAGCGCTC-1_4_2"
"931","GATCATGGTTGACTGT-1_4_2"
"932","GATCCCTCACTCATAG-1_4_2"
"933","GATCCCTCATCAGCTA-1_4_2"
"934","GATCCCTTCATGAAAG-1_4_2"
"935","GATCGTACAGCTCATA-1_4_2"
"936","GATCGTAGTGTTCGTA-1_4_2"
"937","GATCGTATCCAGTTCC-1_4_2"
"938","GATGACTCAAGAATAC-1_4_2"
"939","GATGACTCAATCACGT-1_4_2"
"940","GATGACTTCGCCGTGA-1_4_2"
"941","GATGACTTCGTTAGTG-1_4_2"
"942","GATGAGGTCCTAACAG-1_4_2"
"943","GATGAGGTCTGCCTGT-1_4_2"
"944","GATGATCGTCCACAGC-1_4_2"
"945","GATGGAGAGTAGACCG-1_4_2"
"946","GATGGAGCAGACATCT-1_4_2"
"947","GATGGAGGTCGAACGA-1_4_2"
"948","GATGTTGCAGCACACC-1_4_2"
"949","GATGTTGTCGCTGATA-1_4_2"
"950","GATTTCTTCCTACCGT-1_4_2"
"951","GCAACATCACCAACAT-1_4_2"
"952","GCAACATGTGCAATGG-1_4_2"
"953","GCAACCGCACACGGTC-1_4_2"
"954","GCAACCGCACGACGAA-1_4_2"
"955","GCACATAAGCTAAACA-1_4_2"
"956","GCACGGTAGACTCTAC-1_4_2"
"957","GCACGGTCACAGAAGC-1_4_2"
"958","GCACGTGGTAAGACCG-1_4_2"
"959","GCACGTGTCCAATCTT-1_4_2"
"960","GCACTAAAGTCATACC-1_4_2"
"961","GCACTAACAATCTAGC-1_4_2"
"962","GCACTAACAGGAAGTC-1_4_2"
"963","GCACTAAGTCACCGAC-1_4_2"
"964","GCACTAATCCTCAGAA-1_4_2"
"965","GCAGCCAAGCTCCACG-1_4_2"
"966","GCAGCTGCATGCGGTC-1_4_2"
"967","GCAGCTGGTACTTCCC-1_4_2"
"968","GCAGGCTCACTATCGA-1_4_2"
"969","GCAGGCTTCCTCAGGG-1_4_2"
"970","GCAGGCTTCGTACCTC-1_4_2"
"971","GCAGGCTTCTTCGGTC-1_4_2"
"972","GCAGTTAAGTACAGCG-1_4_2"
"973","GCAGTTATCCTACCGT-1_4_2"
"974","GCAGTTATCGCTTGAA-1_4_2"
"975","GCATCTCCAGGGTTGA-1_4_2"
"976","GCATCTCCAGGTGACA-1_4_2"
"977","GCATCTCTCAACGTGT-1_4_2"
"978","GCATCTCTCAGAGTTC-1_4_2"
"979","GCATTAGAGTCGCCCA-1_4_2"
"980","GCATTAGCACCATATG-1_4_2"
"981","GCATTAGGTATAGGGC-1_4_2"
"982","GCATTAGTCCGTGGGT-1_4_2"
"983","GCCAACGCACTACCGG-1_4_2"
"984","GCCAGCACATTCGATG-1_4_2"
"985","GCCAGCAGTCTCAAGT-1_4_2"
"986","GCCAGGTCAATTGCCA-1_4_2"
"987","GCCAGGTGTGTGTGGA-1_4_2"
"988","GCCAGGTTCGTGCAGC-1_4_2"
"989","GCCAGTGAGGATTACA-1_4_2"
"990","GCCAGTGCAACCTAAC-1_4_2"
"991","GCCAGTGTCAGGTAAA-1_4_2"
"992","GCCAGTGTCGACATTG-1_4_2"
"993","GCCATGGCACCGGTCA-1_4_2"
"994","GCCATGGGTTACGCCG-1_4_2"
"995","GCCATGGGTTCCGGTG-1_4_2"
"996","GCCCAGAAGTGCGCTC-1_4_2"
"997","GCCCAGAGTACAGTCT-1_4_2"
"998","GCCCGAACAGTAGGAC-1_4_2"
"999","GCCCGAAGTCGGTGTC-1_4_2"
"1000","GCCGATGAGGATATGT-1_4_2"
"1001","GCCGATGCACCTCGTT-1_4_2"
"1002","GCCGATGGTGTATACC-1_4_2"
"1003","GCCTGTTAGCGAGGAG-1_4_2"
"1004","GCCTGTTAGCTAATCC-1_4_2"
"1005","GCGAGAAAGAGTTGTA-1_4_2"
"1006","GCGAGAACAATAGTGA-1_4_2"
"1007","GCGAGAAGTACCACGC-1_4_2"
"1008","GCGATCGCACAACGTT-1_4_2"
"1009","GCGGAAAGTTGTGGCC-1_4_2"
"1010","GCGGATCGTGTGCCTG-1_4_2"
"1011","GCGGATCTCATAGGCT-1_4_2"
"1012","GCGTGCACATCCTAAG-1_4_2"
"1013","GCGTTTCCAAGTGATA-1_4_2"
"1014","GCTACAAAGCGTACAG-1_4_2"
"1015","GCTACCTAGTCTGGTT-1_4_2"
"1016","GCTACCTAGTGGCAGT-1_4_2"
"1017","GCTACCTCACGACGAA-1_4_2"
"1018","GCTACCTGTATACCCA-1_4_2"
"1019","GCTCAAAAGGGTAGCT-1_4_2"
"1020","GCTCAAACACAGTGAG-1_4_2"
"1021","GCTCAAAGTCGCCACA-1_4_2"
"1022","GCTGAATAGAGAATCT-1_4_2"
"1023","GCTGAATCAAACTAAG-1_4_2"
"1024","GCTGAATGTCTTACAG-1_4_2"
"1025","GCTGCAGGTCGCAACC-1_4_2"
"1026","GCTGCAGGTTTGCAGT-1_4_2"
"1027","GCTGGGTAGACTTCGT-1_4_2"
"1028","GCTGGGTGTCAGACTT-1_4_2"
"1029","GCTTCACCAGGTTCGC-1_4_2"
"1030","GCTTCACTCAGAGCGA-1_4_2"
"1031","GCTTGGGAGGAACTAT-1_4_2"
"1032","GCTTGGGCAAGTGGGT-1_4_2"
"1033","GCTTGGGGTTACTCAG-1_4_2"
"1034","GCTTGGGTCCTCTGCA-1_4_2"
"1035","GCTTTCGTCTGTCCCA-1_4_2"
"1036","GGAACCCCACAAATAG-1_4_2"
"1037","GGAACCCCATGAAAGT-1_4_2"
"1038","GGAAGTGAGTTGTCGT-1_4_2"
"1039","GGAAGTGCACAGCGCT-1_4_2"
"1040","GGAAGTGGTGGCCTCA-1_4_2"
"1041","GGAATCTTCCCTTCCC-1_4_2"
"1042","GGAATGGGTTAAGAAC-1_4_2"
"1043","GGAATGGTCTACAGGT-1_4_2"
"1044","GGACGTCAGGAGACCT-1_4_2"
"1045","GGACGTCCAAAGCTAA-1_4_2"
"1046","GGACGTCCACGAGGAT-1_4_2"
"1047","GGACGTCCAGCTCCTT-1_4_2"
"1048","GGAGAACAGCACCGTC-1_4_2"
"1049","GGAGAACCACAACGAG-1_4_2"
"1050","GGAGAACTCTCTTGCG-1_4_2"
"1051","GGAGATGCAGTGTGCC-1_4_2"
"1052","GGAGATGGTTTCGGCG-1_4_2"
"1053","GGAGATGTCGCCATAA-1_4_2"
"1054","GGAGCAAGTCTAACTG-1_4_2"
"1055","GGAGCAAGTGCAGTGA-1_4_2"
"1056","GGAGCAATCATCGTAG-1_4_2"
"1057","GGAGGATTCACATACG-1_4_2"
"1058","GGAGGATTCCATTTGT-1_4_2"
"1059","GGATCTAAGATGTAGT-1_4_2"
"1060","GGATCTAGTCTTCAAG-1_4_2"
"1061","GGATGTTCAATTTCTC-1_4_2"
"1062","GGCACGTCAAGCCTGC-1_4_2"
"1063","GGCAGTCAGCCTCAAT-1_4_2"
"1064","GGCAGTCCAGGCATTT-1_4_2"
"1065","GGCGTCAAGCAATTCC-1_4_2"
"1066","GGCTGTGAGGAACGTC-1_4_2"
"1067","GGCTTGGCAAGGTCAG-1_4_2"
"1068","GGCTTGGTCCTATGGA-1_4_2"
"1069","GGCTTGGTCTTACCGC-1_4_2"
"1070","GGCTTTCAGGATCATA-1_4_2"
"1071","GGCTTTCCAGATACTC-1_4_2"
"1072","GGCTTTCGTATCAAGA-1_4_2"
"1073","GGGAAGTAGAGCAGCT-1_4_2"
"1074","GGGAAGTAGGAACGTC-1_4_2"
"1075","GGGACAAAGAGGGTAA-1_4_2"
"1076","GGGACAACACTGCATA-1_4_2"
"1077","GGGACTCTCGAGTACT-1_4_2"
"1078","GGGAGATCACTCTAGA-1_4_2"
"1079","GGGAGTAGTGGCCACT-1_4_2"
"1080","GGGATCCCACAAGTGG-1_4_2"
"1081","GGGATCCCACACTGGC-1_4_2"
"1082","GGGATCCGTGTGTCCG-1_4_2"
"1083","GGGATCCTCCCTATTA-1_4_2"
"1084","GGGATGAAGAACTTCC-1_4_2"
"1085","GGGATGACACACCGCA-1_4_2"
"1086","GGGATGACATGGGATG-1_4_2"
"1087","GGGATGAGTGAATGTA-1_4_2"
"1088","GGGCCATAGGATCACG-1_4_2"
"1089","GGGCCATTCTCATTAC-1_4_2"
"1090","GGGCGTTAGAGCTTTC-1_4_2"
"1091","GGGCGTTCACGACAAG-1_4_2"
"1092","GGGCTACTCACTGAAC-1_4_2"
"1093","GGGCTCAGTTTGAAAG-1_4_2"
"1094","GGGTAGACAATTGAAG-1_4_2"
"1095","GGGTAGACACAAATAG-1_4_2"
"1096","GGGTAGATCTACTTCA-1_4_2"
"1097","GGGTATTGTATTCCTT-1_4_2"
"1098","GGGTCACTCTACTATC-1_4_2"
"1099","GGGTCTGCAGTTCTAG-1_4_2"
"1100","GGGTCTGGTTAATGAG-1_4_2"
"1101","GGGTCTGTCTATACTC-1_4_2"
"1102","GGGTGAAAGCTACGTT-1_4_2"
"1103","GGGTGAACAACAGCCC-1_4_2"
"1104","GGGTGAACATCTCAAG-1_4_2"
"1105","GGGTGAATCGTTCTGC-1_4_2"
"1106","GGGTGTCTCTTGTGCC-1_4_2"
"1107","GGGTTATAGAAGAGCA-1_4_2"
"1108","GGGTTATAGATAACAC-1_4_2"
"1109","GGGTTATGTACAGTTC-1_4_2"
"1110","GGGTTTAAGTAAACAC-1_4_2"
"1111","GGGTTTATCCAAGGGA-1_4_2"
"1112","GGGTTTATCCTACTGC-1_4_2"
"1113","GGTAATCCACACAGAG-1_4_2"
"1114","GGTAATCTCTAGCAAC-1_4_2"
"1115","GGTAGAGGTGCATCTA-1_4_2"
"1116","GGTCACGGTTTCGCTC-1_4_2"
"1117","GGTGAAGCAAATCAAG-1_4_2"
"1118","GGTGGCTGTGAGACCA-1_4_2"
"1119","GGTGTCGAGAATTTGG-1_4_2"
"1120","GGTGTCGAGTTACGGG-1_4_2"
"1121","GGTGTCGGTCCTGTTC-1_4_2"
"1122","GGTGTTACATGGGCAA-1_4_2"
"1123","GGTGTTAGTGCCTTCT-1_4_2"
"1124","GGTTAACCACTTGTGA-1_4_2"
"1125","GGTTAACGTATCGAAA-1_4_2"
"1126","GGTTCTCAGGATATGT-1_4_2"
"1127","GGTTGTACAAGCTGTT-1_4_2"
"1128","GTAACACCATAGATGA-1_4_2"
"1129","GTAACCAAGACCAGCA-1_4_2"
"1130","GTAAGTCAGGTACAAT-1_4_2"
"1131","GTAAGTCAGTAAATGC-1_4_2"
"1132","GTAATCGGTCTTGAGT-1_4_2"
"1133","GTAATGCTCCACTGAA-1_4_2"
"1134","GTACAACAGTAGGTTA-1_4_2"
"1135","GTACAACCAAAGAGTT-1_4_2"
"1136","GTACAGTCAGGACTAG-1_4_2"
"1137","GTACAGTCATTGACAC-1_4_2"
"1138","GTACAGTGTACGTTCA-1_4_2"
"1139","GTAGAAAAGCCGGATA-1_4_2"
"1140","GTAGATCAGGTCACAG-1_4_2"
"1141","GTAGATCCAGCTACCG-1_4_2"
"1142","GTAGCTAAGTTAACAG-1_4_2"
"1143","GTAGGAGCAGTGACCC-1_4_2"
"1144","GTAGTACCAGCCCACA-1_4_2"
"1145","GTATTGGCACACGGAA-1_4_2"
"1146","GTATTGGGTTTACTTC-1_4_2"
"1147","GTATTTCAGTCGAATA-1_4_2"
"1148","GTATTTCGTATCGCTA-1_4_2"
"1149","GTATTTCGTGAGCTCC-1_4_2"
"1150","GTATTTCGTGCTAGCC-1_4_2"
"1151","GTCAAACTCTTTACAC-1_4_2"
"1152","GTCAAGTGTATAGGAT-1_4_2"
"1153","GTCAAGTGTCGACTGC-1_4_2"
"1154","GTCACTCAGTCACACT-1_4_2"
"1155","GTCAGCGAGGGCATGT-1_4_2"
"1156","GTCAGCGCAACGTAAA-1_4_2"
"1157","GTCAGCGGTTGCGGAA-1_4_2"
"1158","GTCATTTAGCATGATA-1_4_2"
"1159","GTCATTTCAGGCTTGC-1_4_2"
"1160","GTCCACTAGAATTCAG-1_4_2"
"1161","GTCCACTGTCATAAAG-1_4_2"
"1162","GTCCACTTCGGAATGG-1_4_2"
"1163","GTCCCATAGCGTGTCC-1_4_2"
"1164","GTCCCATCAAATCGGG-1_4_2"
"1165","GTCCCATCAGACAAAT-1_4_2"
"1166","GTCGAATAGTTCAACC-1_4_2"
"1167","GTCGAATTCACGGACC-1_4_2"
"1168","GTCGCGACATCATCTT-1_4_2"
"1169","GTCGTAATCGTGCTCT-1_4_2"
"1170","GTCTACCAGCACGATG-1_4_2"
"1171","GTCTACCCAGATTAAG-1_4_2"
"1172","GTCTACCTCAACGCTA-1_4_2"
"1173","GTCTAGACATTCACCC-1_4_2"
"1174","GTCTAGAGTACGTGAG-1_4_2"
"1175","GTCTAGATCGTTCCCA-1_4_2"
"1176","GTCTCACGTTTCGTGA-1_4_2"
"1177","GTCTGTCAGAGGGTAA-1_4_2"
"1178","GTCTGTCAGATTTGCC-1_4_2"
"1179","GTCTGTCCATCAGCAT-1_4_2"
"1180","GTCTTTACAGGATTCT-1_4_2"
"1181","GTCTTTAGTACGAAAT-1_4_2"
"1182","GTCTTTAGTCCGGATC-1_4_2"
"1183","GTCTTTAGTGGACCAA-1_4_2"
"1184","GTCTTTAGTTCCGCAG-1_4_2"
"1185","GTGACGCCACTCTCGT-1_4_2"
"1186","GTGACGCGTGAATTGA-1_4_2"
"1187","GTGAGCCCAACTAGAA-1_4_2"
"1188","GTGAGCCCACGCCACA-1_4_2"
"1189","GTGAGTTAGGTTATAG-1_4_2"
"1190","GTGATGTTCCACGTAA-1_4_2"
"1191","GTGCACGGTTGAGTCT-1_4_2"
"1192","GTGCAGCCAGCTACCG-1_4_2"
"1193","GTGCGTGAGTCAGCGA-1_4_2"
"1194","GTGCGTGCACGGTGCT-1_4_2"
"1195","GTGCGTGCATGGGAAC-1_4_2"
"1196","GTGCGTGTCAAGTCTG-1_4_2"
"1197","GTGCTGGAGCCAAGGT-1_4_2"
"1198","GTGCTGGCAGTGCGCT-1_4_2"
"1199","GTGCTGGTCGCCACTT-1_4_2"
"1200","GTGCTTCTCTTAGCCC-1_4_2"
"1201","GTGGAGAAGACATCCT-1_4_2"
"1202","GTGGAGATCGCAACAT-1_4_2"
"1203","GTGGGAACAGTTACCA-1_4_2"
"1204","GTGGGAACATGACTAC-1_4_2"
"1205","GTGGGAAGTGTCCGGT-1_4_2"
"1206","GTGGGAATCGCCTCTA-1_4_2"
"1207","GTGGTTAAGAATTGTG-1_4_2"
"1208","GTGGTTATCTCGCGTT-1_4_2"
"1209","GTGGTTATCTGGTGGC-1_4_2"
"1210","GTGTAACGTGTCCCTT-1_4_2"
"1211","GTGTCCTCAAACCACT-1_4_2"
"1212","GTGTGATAGTAACCTC-1_4_2"
"1213","GTGTGATCAACAGCCC-1_4_2"
"1214","GTGTGGCAGTCCGCGT-1_4_2"
"1215","GTGTTAGAGCGATTCT-1_4_2"
"1216","GTGTTAGGTACTCAAC-1_4_2"
"1217","GTGTTAGGTGAGATAT-1_4_2"
"1218","GTGTTAGTCATTGTTC-1_4_2"
"1219","GTGTTAGTCTCTGCCA-1_4_2"
"1220","GTTACAGCAGGGCTTC-1_4_2"
"1221","GTTACAGTCTACGCGG-1_4_2"
"1222","GTTACCCCATTGCCTC-1_4_2"
"1223","GTTACCCTCTGGACCG-1_4_2"
"1224","GTTACGAGTTGGACTT-1_4_2"
"1225","GTTAGTGCACTGGACC-1_4_2"
"1226","GTTAGTGTCCGCAACG-1_4_2"
"1227","GTTATGGGTAACACCT-1_4_2"
"1228","GTTCCGTAGTCGGCCT-1_4_2"
"1229","GTTCCGTGTCGCGTCA-1_4_2"
"1230","GTTCGCTTCGCAACAT-1_4_2"
"1231","GTTCTATGTCACCGAC-1_4_2"
"1232","GTTGCGGCAACACTAC-1_4_2"
"1233","GTTGCTCGTACGTACT-1_4_2"
"1234","GTTGCTCGTTTCACTT-1_4_2"
"1235","GTTGCTCTCGCATGAT-1_4_2"
"1236","GTTGTAGGTTCAAACC-1_4_2"
"1237","GTTGTCCAGGTTGACG-1_4_2"
"1238","GTTGTCCGTAGAGCTG-1_4_2"
"1239","GTTGTCCGTCGTGCCA-1_4_2"
"1240","GTTGTCCGTTATTCTC-1_4_2"
"1241","GTTGTGACATGCGTGC-1_4_2"
"1242","TAACACGAGTCCTGCG-1_4_2"
"1243","TAACACGCAGTAGAAT-1_4_2"
"1244","TAACACGTCAGAATAG-1_4_2"
"1245","TAACCAGAGCACCGAA-1_4_2"
"1246","TAACCAGAGGCTAAAT-1_4_2"
"1247","TAACGACCAACCTATG-1_4_2"
"1248","TAACTTCCAACAGCTT-1_4_2"
"1249","TAACTTCTCTACGGGC-1_4_2"
"1250","TAAGCACAGCACTCCG-1_4_2"
"1251","TAAGCACCATCCTATT-1_4_2"
"1252","TAAGCACTCGTCTACC-1_4_2"
"1253","TAAGCCAGTGACACGA-1_4_2"
"1254","TAAGCCAGTGCCTATA-1_4_2"
"1255","TAAGTCGGTCAAAGCG-1_4_2"
"1256","TACAACGAGACGGATC-1_4_2"
"1257","TACACCCTCGTAGCTA-1_4_2"
"1258","TACAGGTTCATCGGGC-1_4_2"
"1259","TACAGGTTCTGAGGTT-1_4_2"
"1260","TACATTCCAGTTTCGA-1_4_2"
"1261","TACCCACTCAGCCTCT-1_4_2"
"1262","TACCCACTCTTACCGC-1_4_2"
"1263","TACCCGTAGGCCATAG-1_4_2"
"1264","TACCCGTCAGAACTTC-1_4_2"
"1265","TACCCGTTCTGCTTTA-1_4_2"
"1266","TACCGAAGTGCGTTTA-1_4_2"
"1267","TACCGAATCCTTACCG-1_4_2"
"1268","TACCGGGAGTCACTGT-1_4_2"
"1269","TACCGGGCAGTCGGTC-1_4_2"
"1270","TACCTCGCACTACTTT-1_4_2"
"1271","TACCTCGCAGGTCTCG-1_4_2"
"1272","TACCTCGGTCCATACA-1_4_2"
"1273","TACCTCGTCTGCGAGC-1_4_2"
"1274","TACCTGCAGAGTCAAT-1_4_2"
"1275","TACCTGCGTATGGTTC-1_4_2"
"1276","TACCTGCTCCCAGGAC-1_4_2"
"1277","TACGCTCGTAGCTGTT-1_4_2"
"1278","TACGCTCGTGCCAAGA-1_4_2"
"1279","TACGGGCGTCCATAGT-1_4_2"
"1280","TACGGGCTCACATACG-1_4_2"
"1281","TACGGGCTCATCGCCT-1_4_2"
"1282","TACGGGCTCGACGAGA-1_4_2"
"1283","TACGGTAAGCTGAGTG-1_4_2"
"1284","TACGTCCCACGCACCA-1_4_2"
"1285","TACGTCCCAGCAGGAT-1_4_2"
"1286","TACGTCCTCCGGTAAT-1_4_2"
"1287","TACGTCCTCGATGCTA-1_4_2"
"1288","TACTGCCAGTCGAATA-1_4_2"
"1289","TACTGCCTCCGAGATT-1_4_2"
"1290","TACTTACCAGTCGAGA-1_4_2"
"1291","TACTTACCATCAGCAT-1_4_2"
"1292","TACTTACGTCGTGATT-1_4_2"
"1293","TACTTACTCGTAACCA-1_4_2"
"1294","TACTTCACAAATTGCC-1_4_2"
"1295","TACTTCAGTTCCAAAC-1_4_2"
"1296","TACTTCATCGAGATGG-1_4_2"
"1297","TACTTGTCATGTCGTA-1_4_2"
"1298","TACTTGTTCTGAGCAT-1_4_2"
"1299","TAGACCATCCATGAGT-1_4_2"
"1300","TAGACTGAGAGTCCGA-1_4_2"
"1301","TAGACTGGTGAGTGAC-1_4_2"
"1302","TAGACTGGTTCCGGTG-1_4_2"
"1303","TAGACTGTCATTCCTA-1_4_2"
"1304","TAGAGTCTCTACTGCC-1_4_2"
"1305","TAGATCGGTGTAACGG-1_4_2"
"1306","TAGATCGGTTGGACTT-1_4_2"
"1307","TAGATCGTCCCAGCGA-1_4_2"
"1308","TAGCACACACGCAAAG-1_4_2"
"1309","TAGCACAGTCACAATC-1_4_2"
"1310","TAGCACAGTGGATCGA-1_4_2"
"1311","TAGCACATCGGACGTC-1_4_2"
"1312","TAGGAGGCAGAGGTAC-1_4_2"
"1313","TAGGAGGTCAGCATTG-1_4_2"
"1314","TAGGGTTAGAACTGAT-1_4_2"
"1315","TAGGGTTAGTCACGCC-1_4_2"
"1316","TAGGGTTTCGCCAATA-1_4_2"
"1317","TAGGTTGGTGTATTGC-1_4_2"
"1318","TAGTGCACAGAAACCG-1_4_2"
"1319","TATACCTAGTCTGGAG-1_4_2"
"1320","TATACCTCAGCAGTGA-1_4_2"
"1321","TATACCTTCGCATTGA-1_4_2"
"1322","TATATCCAGTGGTTGG-1_4_2"
"1323","TATATCCCACTGTGTA-1_4_2"
"1324","TATATCCTCCCAAGCG-1_4_2"
"1325","TATCAGGCAGTAGAGC-1_4_2"
"1326","TATCAGGTCATCGTAG-1_4_2"
"1327","TATCAGGTCGCAACAT-1_4_2"
"1328","TATCAGGTCTGAACGT-1_4_2"
"1329","TATCAGGTCTGAGGCC-1_4_2"
"1330","TATCCTAAGCTAAATG-1_4_2"
"1331","TATCCTACACTGGAAG-1_4_2"
"1332","TATCCTACATAGGAGC-1_4_2"
"1333","TATCGCCGTAGATTAG-1_4_2"
"1334","TATCGCCGTTTGGGAG-1_4_2"
"1335","TATCTGTAGAAGCCAC-1_4_2"
"1336","TATCTGTCAAGAGGTC-1_4_2"
"1337","TATCTGTCACAAATCC-1_4_2"
"1338","TATCTTGAGTAGCCAG-1_4_2"
"1339","TATCTTGGTACATTGC-1_4_2"
"1340","TATGTTCGTGTTGAGG-1_4_2"
"1341","TATGTTCTCAGCTGAT-1_4_2"
"1342","TATGTTCTCCACGGAC-1_4_2"
"1343","TATTCCATCCGTATAG-1_4_2"
"1344","TATTGCTCAAGTGGAC-1_4_2"
"1345","TATTGGGAGTCTCCTC-1_4_2"
"1346","TATTGGGCACATAGCT-1_4_2"
"1347","TATTGGGCATCCAATG-1_4_2"
"1348","TATTGGGGTCACTCAA-1_4_2"
"1349","TATTTCGCACTGGCCA-1_4_2"
"1350","TATTTCGTCCTCTGCA-1_4_2"
"1351","TCAAGACCAGTCGAGA-1_4_2"
"1352","TCAAGACGTGTATCCA-1_4_2"
"1353","TCAAGACTCAAACGTC-1_4_2"
"1354","TCAAGCACAACGCATT-1_4_2"
"1355","TCAAGCACATCCGGTG-1_4_2"
"1356","TCAAGTGTCAAGTCGT-1_4_2"
"1357","TCAAGTGTCACGGGAA-1_4_2"
"1358","TCAATCTTCTGCTGAA-1_4_2"
"1359","TCACACCAGGGACCAT-1_4_2"
"1360","TCACACCTCAGGACGA-1_4_2"
"1361","TCACGCTGTGTTCGTA-1_4_2"
"1362","TCACGCTTCAAGATAG-1_4_2"
"1363","TCACGGGGTCGTGGTC-1_4_2"
"1364","TCACTATCATCTCGTC-1_4_2"
"1365","TCACTATTCCTACAAG-1_4_2"
"1366","TCACTCGAGGATGTTA-1_4_2"
"1367","TCACTCGAGGGCAGAG-1_4_2"
"1368","TCACTCGTCCTGGGTG-1_4_2"
"1369","TCAGCAAAGTTCGCAT-1_4_2"
"1370","TCAGCAAGTGATTGGG-1_4_2"
"1371","TCAGCCTAGGCATCTT-1_4_2"
"1372","TCAGGTAAGTCATCCA-1_4_2"
"1373","TCAGGTAAGTGATCGG-1_4_2"
"1374","TCAGGTAGTAGACGGT-1_4_2"
"1375","TCAGGTAGTTATCTTC-1_4_2"
"1376","TCAGTCCCAACACGTT-1_4_2"
"1377","TCAGTCCCAGGTTCAT-1_4_2"
"1378","TCAGTCCTCAGTCTTT-1_4_2"
"1379","TCAGTCCTCTAGCCTC-1_4_2"
"1380","TCAGTCCTCTCCGAGG-1_4_2"
"1381","TCAGTGAGTCATCCGG-1_4_2"
"1382","TCAGTGATCGATCCCT-1_4_2"
"1383","TCATACTAGCCACTCG-1_4_2"
"1384","TCATACTAGTTGAAAC-1_4_2"
"1385","TCATACTCACATTACG-1_4_2"
"1386","TCATATCCAGATTCGT-1_4_2"
"1387","TCATATCCAGCGTACC-1_4_2"
"1388","TCATATCCATGAATAG-1_4_2"
"1389","TCATATCTCCGTGACG-1_4_2"
"1390","TCATCATGTGAACCGA-1_4_2"
"1391","TCATCCGCAAGGCAAC-1_4_2"
"1392","TCATCCGCAGCATGCC-1_4_2"
"1393","TCATCCGTCACAACCA-1_4_2"
"1394","TCATCCGTCCTTCACG-1_4_2"
"1395","TCATGAGCACTCCTGT-1_4_2"
"1396","TCATGAGGTGCCCGTA-1_4_2"
"1397","TCATGCCAGAAACTGT-1_4_2"
"1398","TCATGCCTCTCTCCGA-1_4_2"
"1399","TCATGGATCGGTCTAA-1_4_2"
"1400","TCATGTTAGACGGAAA-1_4_2"
"1401","TCATGTTAGGTAAGAG-1_4_2"
"1402","TCATGTTCAAGAGATT-1_4_2"
"1403","TCATTACAGCGTTGTT-1_4_2"
"1404","TCATTACGTATGCTTG-1_4_2"
"1405","TCATTACTCGCTGCGA-1_4_2"
"1406","TCATTACTCTGATGGT-1_4_2"
"1407","TCATTCATCGTCACCT-1_4_2"
"1408","TCATTGTAGTGTACCT-1_4_2"
"1409","TCATTGTCACTATGTG-1_4_2"
"1410","TCATTTGCAGTGGGTA-1_4_2"
"1411","TCATTTGGTATGTGTC-1_4_2"
"1412","TCCACGTCAGGCGTTC-1_4_2"
"1413","TCCACGTTCCCATAGA-1_4_2"
"1414","TCCACGTTCGCGTGCA-1_4_2"
"1415","TCCAGAACAGACCTGC-1_4_2"
"1416","TCCAGAACATTGACAC-1_4_2"
"1417","TCCATCGAGTCCGCCA-1_4_2"
"1418","TCCATCGGTTGCTGAT-1_4_2"
"1419","TCCATCGTCGAGAACG-1_4_2"
"1420","TCCATGCAGGACAACC-1_4_2"
"1421","TCCATGCGTGTGTCGC-1_4_2"
"1422","TCCCACAGTACACGTT-1_4_2"
"1423","TCCCAGTCAACCGTAT-1_4_2"
"1424","TCCCAGTGTTCTGAGT-1_4_2"
"1425","TCCCAGTTCCTGCCAT-1_4_2"
"1426","TCCCATGAGCATTGTC-1_4_2"
"1427","TCCCATGGTTGAGGAC-1_4_2"
"1428","TCCGAAAAGTAAGACT-1_4_2"
"1429","TCCGAAACACTACTTT-1_4_2"
"1430","TCCGAAACATCCTAAG-1_4_2"
"1431","TCCGAAAGTTAAGAAC-1_4_2"
"1432","TCCGATCAGGCATGGT-1_4_2"
"1433","TCCGATCCAAGAGATT-1_4_2"
"1434","TCCGATCTCAAAGCCT-1_4_2"
"1435","TCCGGGACAAACGTGG-1_4_2"
"1436","TCCGGGACATGTCTAG-1_4_2"
"1437","TCCGTGTCAGGGATAC-1_4_2"
"1438","TCCTAATAGAGGTTTA-1_4_2"
"1439","TCCTCCCGTGCCGGTT-1_4_2"
"1440","TCCTCCCTCAGCCTTC-1_4_2"
"1441","TCCTCGAGTAATCAGA-1_4_2"
"1442","TCCTCGAGTTAGTCGT-1_4_2"
"1443","TCCTCTTAGAGAGCGG-1_4_2"
"1444","TCCTCTTAGAGCTGCA-1_4_2"
"1445","TCCTGCAGTAGGTTTC-1_4_2"
"1446","TCCTTCTGTCTGCATA-1_4_2"
"1447","TCCTTCTTCTCAGTCC-1_4_2"
"1448","TCCTTTCAGCCATTCA-1_4_2"
"1449","TCCTTTCCACACTTAG-1_4_2"
"1450","TCGAACAAGATGTTCC-1_4_2"
"1451","TCGAACATCCATCGTC-1_4_2"
"1452","TCGACCTGTGAGTAGC-1_4_2"
"1453","TCGACGGAGTGTTCCA-1_4_2"
"1454","TCGACGGGTCTGTCAA-1_4_2"
"1455","TCGATTTGTCGCCTAG-1_4_2"
"1456","TCGCACTGTTAGAAAC-1_4_2"
"1457","TCGCAGGAGGAACATT-1_4_2"
"1458","TCGCAGGCAGCTATTG-1_4_2"
"1459","TCGCTCAAGTGTTGTC-1_4_2"
"1460","TCGCTCAGTACAGAGC-1_4_2"
"1461","TCGCTCATCGTAGGGA-1_4_2"
"1462","TCGCTTGAGAGCCCAA-1_4_2"
"1463","TCGGATAAGTAAACAC-1_4_2"
"1464","TCGGATAAGTTTCGAC-1_4_2"
"1465","TCGGATATCCGTCAAA-1_4_2"
"1466","TCGGATATCGGCAGTC-1_4_2"
"1467","TCGGGACAGGTCACCC-1_4_2"
"1468","TCGGGACCACTCCACT-1_4_2"
"1469","TCGGGACGTTATGTGC-1_4_2"
"1470","TCGGGTGAGAAACACT-1_4_2"
"1471","TCGGGTGAGTTCAACC-1_4_2"
"1472","TCGGTCTCACAACCGC-1_4_2"
"1473","TCGTAGATCACTTATC-1_4_2"
"1474","TCGTCCATCGCCAGTG-1_4_2"
"1475","TCGTCCATCTTAGCCC-1_4_2"
"1476","TCGTGGGAGTCATAGA-1_4_2"
"1477","TCTAACTCAGCTTCCT-1_4_2"
"1478","TCTAACTGTCATCCCT-1_4_2"
"1479","TCTAACTGTCTTCGAA-1_4_2"
"1480","TCTACATAGCCGGAAT-1_4_2"
"1481","TCTACATGTCATCCGG-1_4_2"
"1482","TCTACATTCATGGCCG-1_4_2"
"1483","TCTACATTCCATACTT-1_4_2"
"1484","TCTACATTCTCCGCAT-1_4_2"
"1485","TCTACCGAGGCAGTCA-1_4_2"
"1486","TCTACCGAGTCACTGT-1_4_2"
"1487","TCTACCGCACAGTGTT-1_4_2"
"1488","TCTACCGCACCATAAC-1_4_2"
"1489","TCTATACAGGCCCGTT-1_4_2"
"1490","TCTATACAGGTGCGAT-1_4_2"
"1491","TCTATACCATTCCTAT-1_4_2"
"1492","TCTATCATCAGCTAGT-1_4_2"
"1493","TCTCACGAGCCTCATA-1_4_2"
"1494","TCTCACGGTTCCTACC-1_4_2"
"1495","TCTCAGCAGGATGTTA-1_4_2"
"1496","TCTCAGCTCCCTCTTT-1_4_2"
"1497","TCTCCGACAGAGCTAG-1_4_2"
"1498","TCTCCGAGTGGTAATA-1_4_2"
"1499","TCTCCGAGTTTACGTG-1_4_2"
"1500","TCTCCGATCACAACCA-1_4_2"
"1501","TCTCTGGTCTCGAACA-1_4_2"
"1502","TCTGCCATCCCTCATG-1_4_2"
"1503","TCTGGCTTCCACCTCA-1_4_2"
"1504","TCTTAGTAGCATTGTC-1_4_2"
"1505","TCTTAGTCAGTGCCTG-1_4_2"
"1506","TCTTCCTAGAAGCGAA-1_4_2"
"1507","TCTTCCTAGATTCGAA-1_4_2"
"1508","TCTTCCTAGCTGAAGC-1_4_2"
"1509","TCTTCCTCATCTCAAG-1_4_2"
"1510","TCTTGCGAGATTGCGG-1_4_2"
"1511","TCTTGCGAGCAATAGT-1_4_2"
"1512","TCTTGCGAGTTGCTCA-1_4_2"
"1513","TCTTGCGTCAATGTCG-1_4_2"
"1514","TCTTTGAAGAGCAGTC-1_4_2"
"1515","TCTTTGATCAGTCCGG-1_4_2"
"1516","TGAACGTAGGTCGCCT-1_4_2"
"1517","TGAACGTAGTGCGACA-1_4_2"
"1518","TGAACGTCAGGGATAC-1_4_2"
"1519","TGAACGTTCAAAGAAC-1_4_2"
"1520","TGAATCGAGAAGGGAT-1_4_2"
"1521","TGAATCGGTCGTCATA-1_4_2"
"1522","TGAATCGGTCTTCATT-1_4_2"
"1523","TGAATCGTCACCGGTG-1_4_2"
"1524","TGAATGCAGCACGTCC-1_4_2"
"1525","TGACAGTAGGCCTGAA-1_4_2"
"1526","TGACAGTCATCGGATT-1_4_2"
"1527","TGACCCTCAAGTGGGT-1_4_2"
"1528","TGACCCTGTTCCAGGC-1_4_2"
"1529","TGACGCGAGGACGCTA-1_4_2"
"1530","TGACGCGCACTACCCT-1_4_2"
"1531","TGAGCATAGGTTACCT-1_4_2"
"1532","TGAGCATCAGTAGTTC-1_4_2"
"1533","TGAGCATCATCCGCGA-1_4_2"
"1534","TGAGCATTCAGCCTTC-1_4_2"
"1535","TGAGCATTCAGTGTCA-1_4_2"
"1536","TGAGCGCAGATTGCGG-1_4_2"
"1537","TGAGCGCTCCTTACCG-1_4_2"
"1538","TGAGGGACAGCATCTA-1_4_2"
"1539","TGAGGGAGTCGAGTTT-1_4_2"
"1540","TGAGGGAGTTTACTTC-1_4_2"
"1541","TGAGGTTAGTAGCATA-1_4_2"
"1542","TGAGGTTAGTATGGCG-1_4_2"
"1543","TGAGGTTTCGCCTAGG-1_4_2"
"1544","TGATCAGCACCGCTGA-1_4_2"
"1545","TGATCAGTCGAGGCAA-1_4_2"
"1546","TGATCAGTCGGTTCAA-1_4_2"
"1547","TGATCTTCAATCAAGA-1_4_2"
"1548","TGATGCACACCTTCCA-1_4_2"
"1549","TGATGCACATTCTGTT-1_4_2"
"1550","TGATGCATCTACCAGA-1_4_2"
"1551","TGATGGTCATATGAAG-1_4_2"
"1552","TGATTCTCAGACAAAT-1_4_2"
"1553","TGATTCTGTCCCTGTT-1_4_2"
"1554","TGATTCTGTGCCTGAC-1_4_2"
"1555","TGATTCTTCATTTGCT-1_4_2"
"1556","TGATTCTTCCCATAGA-1_4_2"
"1557","TGATTTCTCATAGACC-1_4_2"
"1558","TGCACGGCACCTGCTT-1_4_2"
"1559","TGCACGGGTGGACCTC-1_4_2"
"1560","TGCAGATCAGTGTATC-1_4_2"
"1561","TGCAGATTCGTTCTCG-1_4_2"
"1562","TGCAGATTCTTCCCGA-1_4_2"
"1563","TGCAGTAGTCGCATCG-1_4_2"
"1564","TGCAGTATCGAGAGAC-1_4_2"
"1565","TGCATCCTCGGCGATC-1_4_2"
"1566","TGCATCCTCTAGTGTG-1_4_2"
"1567","TGCATGACACAATGTC-1_4_2"
"1568","TGCATGACAGGTGACA-1_4_2"
"1569","TGCATGATCAGCACCG-1_4_2"
"1570","TGCCGAGTCTGTCTCG-1_4_2"
"1571","TGCGACGCAGTAGGAC-1_4_2"
"1572","TGCGATAGTTCCACGG-1_4_2"
"1573","TGCGGCAAGTCGGCAA-1_4_2"
"1574","TGCGGGTAGCTCCCTT-1_4_2"
"1575","TGCGGGTTCTGTAACG-1_4_2"
"1576","TGCTCCACACGCGTCA-1_4_2"
"1577","TGCTCCACATCGTGCG-1_4_2"
"1578","TGCTCCAGTGGTTCTA-1_4_2"
"1579","TGCTGAAAGGCGCTTC-1_4_2"
"1580","TGCTTCGGTAACATAG-1_4_2"
"1581","TGCTTGCAGCGCCTAC-1_4_2"
"1582","TGCTTGCCAGATTAAG-1_4_2"
"1583","TGGAACTAGGGTACGT-1_4_2"
"1584","TGGAACTCAATCTAGC-1_4_2"
"1585","TGGAGAGCAGGTTACT-1_4_2"
"1586","TGGATGTAGCCGATCC-1_4_2"
"1587","TGGATGTCACGTGTGC-1_4_2"
"1588","TGGATGTTCACGAACT-1_4_2"
"1589","TGGATGTTCCTAGCGG-1_4_2"
"1590","TGGCGTGGTATACCTG-1_4_2"
"1591","TGGCGTGGTTGGCCTG-1_4_2"
"1592","TGGGAAGAGTGTGTTC-1_4_2"
"1593","TGGGAAGTCTATCGGA-1_4_2"
"1594","TGGGAAGTCTTAGCAG-1_4_2"
"1595","TGGGAGACACCAGCCA-1_4_2"
"1596","TGGGATTGTAAGGTCG-1_4_2"
"1597","TGGGCGTAGCGCTGCT-1_4_2"
"1598","TGGGCGTAGTGAGGTC-1_4_2"
"1599","TGGGCTGAGGTTCCGC-1_4_2"
"1600","TGGGCTGAGTGATAAC-1_4_2"
"1601","TGGGCTGGTACCGGAA-1_4_2"
"1602","TGGGCTGGTTTCGCTC-1_4_2"
"1603","TGGGTTATCTGAGGCC-1_4_2"
"1604","TGGTACACACCTAAAC-1_4_2"
"1605","TGGTAGTCAGTACTAC-1_4_2"
"1606","TGGTAGTCATGCACTA-1_4_2"
"1607","TGGTAGTTCACGAGGA-1_4_2"
"1608","TGGTGATAGACTGAGC-1_4_2"
"1609","TGGTTAGCACAAGCTT-1_4_2"
"1610","TGGTTAGCAGTAGTGG-1_4_2"
"1611","TGTAACGGTTCAGCGC-1_4_2"
"1612","TGTAAGCGTGCGGCTT-1_4_2"
"1613","TGTAAGCTCCTGATAG-1_4_2"
"1614","TGTACAGGTATTGAGA-1_4_2"
"1615","TGTACAGTCGAAGTGG-1_4_2"
"1616","TGTACAGTCGACGACC-1_4_2"
"1617","TGTAGACTCACCATCC-1_4_2"
"1618","TGTAGACTCGCATAGT-1_4_2"
"1619","TGTCCCACATTGTGCA-1_4_2"
"1620","TGTCCCAGTGAGAACC-1_4_2"
"1621","TGTCCTGAGCACCAGA-1_4_2"
"1622","TGTCCTGCATTCACAG-1_4_2"
"1623","TGTGAGTCACTACAGT-1_4_2"
"1624","TGTGAGTGTCCCAAAT-1_4_2"
"1625","TGTGATGAGTATGACA-1_4_2"
"1626","TGTGATGGTTAAGACA-1_4_2"
"1627","TGTGCGGTCCCAACTC-1_4_2"
"1628","TGTGGCGAGCTAGCCC-1_4_2"
"1629","TGTGGCGTCTCAGGCG-1_4_2"
"1630","TGTGTGAAGCCGATAG-1_4_2"
"1631","TGTGTGACACAATGTC-1_4_2"
"1632","TGTTCATCAGTGTATC-1_4_2"
"1633","TGTTCATTCCAGTTCC-1_4_2"
"1634","TGTTCATTCTCTCGAC-1_4_2"
"1635","TGTTCCGTCACAAGGG-1_4_2"
"1636","TGTTCTACATCTTAGG-1_4_2"
"1637","TGTTCTAGTACGAGTG-1_4_2"
"1638","TGTTGAGAGCACCGTC-1_4_2"
"1639","TGTTGAGAGTGTTGAA-1_4_2"
"1640","TGTTGAGCAAAGAACT-1_4_2"
"1641","TGTTGGATCGCTTGCT-1_4_2"
"1642","TGTTTGTCAACTACGT-1_4_2"
"1643","TGTTTGTGTGGGTTGA-1_4_2"
"1644","TGTTTGTGTTAAGTCC-1_4_2"
"1645","TTAATCCCACCTATCC-1_4_2"
"1646","TTACAGGCACTCACTC-1_4_2"
"1647","TTACAGGCATCTGGGC-1_4_2"
"1648","TTACAGGGTCATACCA-1_4_2"
"1649","TTACCATAGTGCGCTC-1_4_2"
"1650","TTACCATCACCAGGTC-1_4_2"
"1651","TTACCATCATAACGGG-1_4_2"
"1652","TTACCGCAGCACCAGA-1_4_2"
"1653","TTACCGCAGGGTCTTT-1_4_2"
"1654","TTACCGCTCATTACCT-1_4_2"
"1655","TTACGCCAGGCTCACC-1_4_2"
"1656","TTACGCCAGTCCCAGC-1_4_2"
"1657","TTACGCCCATGTCTAG-1_4_2"
"1658","TTACGTTAGCTTCGTA-1_4_2"
"1659","TTACGTTCAAATTAGG-1_4_2"
"1660","TTACGTTCAGCCCAGT-1_4_2"
"1661","TTAGGCATCCACTAGA-1_4_2"
"1662","TTAGTCTCATCATTTC-1_4_2"
"1663","TTAGTCTGTAGACAAT-1_4_2"
"1664","TTATTGCCACCCAAGC-1_4_2"
"1665","TTCAATCAGAGAGCGG-1_4_2"
"1666","TTCACCGAGGTAATCA-1_4_2"
"1667","TTCACCGTCAGCATTG-1_4_2"
"1668","TTCACGCGTTCGTAAC-1_4_2"
"1669","TTCACGCTCAAGTGGG-1_4_2"
"1670","TTCACGCTCACGGGAA-1_4_2"
"1671","TTCAGGAGTTCGGTAT-1_4_2"
"1672","TTCCAATGTGGCCACT-1_4_2"
"1673","TTCCTAAAGAGCCCAA-1_4_2"
"1674","TTCCTAATCAGACCTA-1_4_2"
"1675","TTCCTAATCCCAATAG-1_4_2"
"1676","TTCCTCTGTTCATCGA-1_4_2"
"1677","TTCCTTCCACGTCATA-1_4_2"
"1678","TTCCTTCCATACCATG-1_4_2"
"1679","TTCGATTCAGACGCTC-1_4_2"
"1680","TTCGATTGTTCGAACT-1_4_2"
"1681","TTCGCTGAGCTCCATA-1_4_2"
"1682","TTCGCTGAGTCGAATA-1_4_2"
"1683","TTCGCTGTCACCTCGT-1_4_2"
"1684","TTCGGTCCAGAGGACT-1_4_2"
"1685","TTCTAACAGAATCGCG-1_4_2"
"1686","TTCTAACGTACACTCA-1_4_2"
"1687","TTCTAACGTCCACGCA-1_4_2"
"1688","TTCTAGTAGGTATAGT-1_4_2"
"1689","TTCTAGTCACTCCTGT-1_4_2"
"1690","TTCTAGTTCGAACTCA-1_4_2"
"1691","TTCTGTACATTGAAGA-1_4_2"
"1692","TTCTGTAGTTTGACAC-1_4_2"
"1693","TTCTTCCTCTGAACGT-1_4_2"
"1694","TTCTTGAAGTAGACAT-1_4_2"
"1695","TTCTTGAGTCAAGTTC-1_4_2"
"1696","TTCTTGATCATACGGT-1_4_2"
"1697","TTGACCCGTACCAGAG-1_4_2"
"1698","TTGAGTGAGAATCCCT-1_4_2"
"1699","TTGAGTGGTCCGGATC-1_4_2"
"1700","TTGAGTGGTGATACAA-1_4_2"
"1701","TTGATGGAGTAGTGCG-1_4_2"
"1702","TTGATGGAGTGTCATC-1_4_2"
"1703","TTGATGGGTGAACTAA-1_4_2"
"1704","TTGCATTCAGTGAGCA-1_4_2"
"1705","TTGCCTGCACCCTGAG-1_4_2"
"1706","TTGCCTGCAGCGATTT-1_4_2"
"1707","TTGCGTCAGATCCAAA-1_4_2"
"1708","TTGCGTCAGTCCCAAT-1_4_2"
"1709","TTGCGTCTCCGTACGG-1_4_2"
"1710","TTGCTGCAGCTGGCTC-1_4_2"
"1711","TTGCTGCCACCTGTCT-1_4_2"
"1712","TTGCTGCCAGCTCTGG-1_4_2"
"1713","TTGCTGCGTCCTATAG-1_4_2"
"1714","TTGGATGCAGCTTTCC-1_4_2"
"1715","TTGGATGCATATGGCT-1_4_2"
"1716","TTGGATGTCCCTAGGG-1_4_2"
"1717","TTGGGATCATTAGGAA-1_4_2"
"1718","TTGGGATGTTAGAAGT-1_4_2"
"1719","TTGGGATTCGACGCTG-1_4_2"
"1720","TTGGGTAAGTAATCCC-1_4_2"
"1721","TTGGTTTAGCATGATA-1_4_2"
"1722","TTGGTTTTCGACATTG-1_4_2"
"1723","TTGTGGACATAATGCC-1_4_2"
"1724","TTGTGGAGTCACGACC-1_4_2"
"1725","TTGTGTTGTCTCGGGT-1_4_2"
"1726","TTGTGTTTCTTCCCGA-1_4_2"
"1727","TTGTTCACACTAGAGG-1_4_2"
"1728","TTGTTGTAGAAGCTGC-1_4_2"
"1729","TTGTTTGCAGTGCCTG-1_4_2"
"1730","TTGTTTGGTCCACATA-1_4_2"
"1731","TTTACCAAGACCGTTT-1_4_2"
"1732","TTTACCAAGTTCCGGC-1_4_2"
"1733","TTTACCATCCATTCGC-1_4_2"
"1734","TTTACCATCGTGAGAG-1_4_2"
"1735","TTTACGTAGACCAGAC-1_4_2"
"1736","TTTACTGAGGGCCTCT-1_4_2"
"1737","TTTAGTCCACGAGGTA-1_4_2"
"1738","TTTAGTCCACGATAGG-1_4_2"
"1739","TTTAGTCTCTATCCAT-1_4_2"
"1740","TTTATGCGTCATTCCC-1_4_2"
"1741","TTTATGCTCCATTGTT-1_4_2"
"1742","TTTATGCTCCGTTTCG-1_4_2"
"1743","TTTCACAAGGGCTAAC-1_4_2"
"1744","TTTCACATCGAATCCA-1_4_2"
"1745","TTTCAGTAGACTCCGC-1_4_2"
"1746","TTTCAGTAGGGTTAAT-1_4_2"
"1747","TTTCAGTCAAGATGTA-1_4_2"
"1748","TTTCAGTTCTTAGCTT-1_4_2"
"1749","TTTCATGAGGCCTTGC-1_4_2"
"1750","TTTCATGAGGTCGCCT-1_4_2"
"1751","TTTCATGCAGGGAATC-1_4_2"
"1752","TTTCATGCAGGTCTCG-1_4_2"
"1753","TTTCATGTCCCAATAG-1_4_2"
"1754","TTTCCTCAGAGTGTTA-1_4_2"
"1755","TTTCCTCCACCTGCGA-1_4_2"
"1756","TTTCCTCCATGCAGCC-1_4_2"
"1757","TTTCCTCGTGTCCGTG-1_4_2"
"1758","TTTCGATAGAGGCCAT-1_4_2"
"1759","TTTCGATAGGCTATCT-1_4_2"
"1760","TTTGACTGTAACCAGG-1_4_2"
"1761","TTTGACTTCAGATGCT-1_4_2"
"1762","TTTGGAGAGCGGTAAC-1_4_2"
"1763","TTTGGAGAGCTGCGAA-1_4_2"
"1764","TTTGGAGGTCAGGCAA-1_4_2"
"1765","TTTGGAGTCATTCATC-1_4_2"
"1766","TTTGGTTAGACAACTA-1_4_2"
"1767","TTTGGTTCATCTATCT-1_4_2"
"1768","TTTGGTTTCCTACCGT-1_4_2"
"1769","TTTGTTGAGGATGGCT-1_4_2"
"1770","TTTGTTGAGTGGTGAC-1_4_2"
