"","x"
"1","AAACCCAAGCTGAAAT-1_3_2"
"2","AAACCCAGTCGCACGT-1_3_2"
"3","AAACGAAAGCACACCC-1_3_2"
"4","AAACGCTAGCCTATCA-1_3_2"
"5","AAAGAACAGCCTCCAG-1_3_2"
"6","AAAGGATGTATGCGTT-1_3_2"
"7","AAAGGATTCAAGATAG-1_3_2"
"8","AAAGGGCGTTTATGCG-1_3_2"
"9","AAAGGGCTCTACGCAA-1_3_2"
"10","AAAGGTAGTTGCTCCT-1_3_2"
"11","AAAGTCCAGATGAACT-1_3_2"
"12","AAAGTCCGTCCACGCA-1_3_2"
"13","AAAGTGAAGTATCCTG-1_3_2"
"14","AAAGTGACATATCTCT-1_3_2"
"15","AAAGTGAGTAGTCTTG-1_3_2"
"16","AAATGGACATACTGAC-1_3_2"
"17","AAATGGAGTCGGTAAG-1_3_2"
"18","AACAAAGCACACGGAA-1_3_2"
"19","AACAAAGCATGAAGGC-1_3_2"
"20","AACAAAGTCTCGGCTT-1_3_2"
"21","AACAACCAGTAATCCC-1_3_2"
"22","AACAACCAGTAGAGTT-1_3_2"
"23","AACAGGGTCAGACCTA-1_3_2"
"24","AACAGGGTCTTCGTGC-1_3_2"
"25","AACCAACGTTCCTAAG-1_3_2"
"26","AACCATGGTACTGTTG-1_3_2"
"27","AACCATGTCACCTGGG-1_3_2"
"28","AACCCAAGTGGGTATG-1_3_2"
"29","AACCCAATCCAAGCTA-1_3_2"
"30","AACCTTTAGGTTAGTA-1_3_2"
"31","AACCTTTCAAGGCGTA-1_3_2"
"32","AACCTTTGTCACCGAC-1_3_2"
"33","AACGGGACAGCAGACA-1_3_2"
"34","AACGGGAGTCTCAGAT-1_3_2"
"35","AACGGGATCAGGGTAG-1_3_2"
"36","AACGTCACATGCACTA-1_3_2"
"37","AACGTCAGTACTTCCC-1_3_2"
"38","AACGTCAGTGGCCACT-1_3_2"
"39","AACGTCATCCACGTCT-1_3_2"
"40","AACTTCTCAGAGATGC-1_3_2"
"41","AACTTCTTCGCCACTT-1_3_2"
"42","AACTTCTTCGTAGTGT-1_3_2"
"43","AAGAACACACGCTATA-1_3_2"
"44","AAGACAAAGACTCGAG-1_3_2"
"45","AAGATAGAGCCGATAG-1_3_2"
"46","AAGATAGGTCCTACAA-1_3_2"
"47","AAGCGAGAGAGCGACT-1_3_2"
"48","AAGCGAGCACCCTGTT-1_3_2"
"49","AAGCGAGTCACTCTTA-1_3_2"
"50","AAGCGTTGTCAGTCTA-1_3_2"
"51","AAGTACCAGCGTGTTT-1_3_2"
"52","AAGTTCGCACCCAATA-1_3_2"
"53","AAGTTCGTCTTCTCAA-1_3_2"
"54","AATAGAGCACAACATC-1_3_2"
"55","AATAGAGGTCCATAGT-1_3_2"
"56","AATAGAGTCAACTTTC-1_3_2"
"57","AATCACGCAAGAGAGA-1_3_2"
"58","AATCACGTCACGGTCG-1_3_2"
"59","AATCGACTCCCTCGAT-1_3_2"
"60","AATCGTGAGTCAGAGC-1_3_2"
"61","AATCGTGTCAGCTCTC-1_3_2"
"62","AATGACCTCCGTGGTG-1_3_2"
"63","AATGACCTCCTGTACC-1_3_2"
"64","AATGGAACAGCAGTAG-1_3_2"
"65","AATGGAAGTCCGTACG-1_3_2"
"66","AATGGAAGTGCGACAA-1_3_2"
"67","AATTCCTTCAAGCGTT-1_3_2"
"68","AATTTCCGTTGCCTAA-1_3_2"
"69","ACAACCAAGCGTTCAT-1_3_2"
"70","ACAACCAGTATGTGTC-1_3_2"
"71","ACAAGCTAGTACGTCT-1_3_2"
"72","ACACAGTAGTTACTCG-1_3_2"
"73","ACACAGTTCCTACAAG-1_3_2"
"74","ACACCAAAGGCTAACG-1_3_2"
"75","ACACCAAAGTCGCCAC-1_3_2"
"76","ACACCAAGTTAAAGTG-1_3_2"
"77","ACACCAATCTCTCGAC-1_3_2"
"78","ACACGCGCACCCGTAG-1_3_2"
"79","ACACGCGCAGTTTCAG-1_3_2"
"80","ACACTGACACAAGCCC-1_3_2"
"81","ACACTGACAGACCAGA-1_3_2"
"82","ACAGAAAGTTATTCTC-1_3_2"
"83","ACAGCCGAGTATGTAG-1_3_2"
"84","ACAGCCGCATGTGTCA-1_3_2"
"85","ACAGGGACAATTCTCT-1_3_2"
"86","ACATCCCAGAGAGTGA-1_3_2"
"87","ACATGCACATAGGTAA-1_3_2"
"88","ACATTTCTCGCCATAA-1_3_2"
"89","ACCAACACACGCTGCA-1_3_2"
"90","ACCAACATCACTCACC-1_3_2"
"91","ACCAACATCTTCCCGA-1_3_2"
"92","ACCACAAGTTTGAACC-1_3_2"
"93","ACCATTTAGATTCGCT-1_3_2"
"94","ACCATTTAGTAGAGTT-1_3_2"
"95","ACCATTTGTGTGTCGC-1_3_2"
"96","ACCCAAACAGAGTTCT-1_3_2"
"97","ACCCAAAGTTATCTTC-1_3_2"
"98","ACCCTCAAGAGGGCGA-1_3_2"
"99","ACCCTCACATTGAAAG-1_3_2"
"100","ACCCTCATCCAATGCA-1_3_2"
"101","ACCCTTGCAAGAGGTC-1_3_2"
"102","ACCCTTGGTGTGAGCA-1_3_2"
"103","ACCGTTCAGCTCGTGC-1_3_2"
"104","ACCGTTCAGGTTTGAA-1_3_2"
"105","ACCGTTCTCCCTAGGG-1_3_2"
"106","ACCTACCGTACCGTGC-1_3_2"
"107","ACCTACCTCTCATAGG-1_3_2"
"108","ACCTGTCAGCAGCGAT-1_3_2"
"109","ACCTGTCAGGAGGGTG-1_3_2"
"110","ACGATCAAGATGTTAG-1_3_2"
"111","ACGATCACAAGTAGTA-1_3_2"
"112","ACGATCACACTGAGTT-1_3_2"
"113","ACGATCACAGGTCCGT-1_3_2"
"114","ACGATGTAGTGCAGCA-1_3_2"
"115","ACGATGTTCCGTGCGA-1_3_2"
"116","ACGATGTTCGCCTCTA-1_3_2"
"117","ACGATGTTCTACTGCC-1_3_2"
"118","ACGCACGCAAGGGCAT-1_3_2"
"119","ACGCACGTCCGTAATG-1_3_2"
"120","ACGCACGTCCTTACCG-1_3_2"
"121","ACGGGTCAGTCAACAA-1_3_2"
"122","ACGGGTCCATGGCTAT-1_3_2"
"123","ACGGGTCGTCGGATTT-1_3_2"
"124","ACGGTCGGTGAGTTTC-1_3_2"
"125","ACGGTCGGTTAGAAGT-1_3_2"
"126","ACGGTTATCGTCTACC-1_3_2"
"127","ACGTAACGTACGACTT-1_3_2"
"128","ACGTAACTCCGAGCTG-1_3_2"
"129","ACTACGAGTAGGACCA-1_3_2"
"130","ACTATCTAGACGACGT-1_3_2"
"131","ACTATGGAGATGCTAA-1_3_2"
"132","ACTATTCGTGTACGCC-1_3_2"
"133","ACTCCCATCGGATAAA-1_3_2"
"134","ACTGATGGTCGTACAT-1_3_2"
"135","ACTGATGTCTCGCTTG-1_3_2"
"136","ACTGTCCAGGGTTTCT-1_3_2"
"137","ACTGTGAAGGCCTTCG-1_3_2"
"138","ACTGTGACAGGTACGA-1_3_2"
"139","ACTTAGGGTGTATTGC-1_3_2"
"140","ACTTATCTCCCGAGTG-1_3_2"
"141","ACTTCCGAGCGTTCAT-1_3_2"
"142","ACTTCCGGTTTCACAG-1_3_2"
"143","ACTTCCGTCACTCACC-1_3_2"
"144","ACTTCGCCAAGTCATC-1_3_2"
"145","ACTTCGCTCTGAATCG-1_3_2"
"146","ACTTTCAAGTCCCAAT-1_3_2"
"147","ACTTTGTCAAACTCGT-1_3_2"
"148","AGAAATGGTGATACTC-1_3_2"
"149","AGAACAAAGGCAGGTT-1_3_2"
"150","AGAACCTGTAGGATAT-1_3_2"
"151","AGAACCTTCGAAGAAT-1_3_2"
"152","AGACAAAAGCAAACAT-1_3_2"
"153","AGACAAACATCATGAC-1_3_2"
"154","AGACACTGTAAGTCAA-1_3_2"
"155","AGACTCACAATTTCTC-1_3_2"
"156","AGACTCATCGGAGATG-1_3_2"
"157","AGACTCATCTGACAGT-1_3_2"
"158","AGAGAATAGATACAGT-1_3_2"
"159","AGAGAATAGCCAAGGT-1_3_2"
"160","AGAGAATCACGTCATA-1_3_2"
"161","AGAGAATGTAGACTGG-1_3_2"
"162","AGAGAATGTTTACCTT-1_3_2"
"163","AGAGAATTCGCAAGAG-1_3_2"
"164","AGAGAGCAGTGCTCAT-1_3_2"
"165","AGATAGAAGTTCTCTT-1_3_2"
"166","AGATAGATCGTGCATA-1_3_2"
"167","AGATCCACAATCGTCA-1_3_2"
"168","AGATCCACATCCGTGG-1_3_2"
"169","AGATGCTCACCTAAAC-1_3_2"
"170","AGATGCTGTGGCTGAA-1_3_2"
"171","AGATGCTTCCCGTAAA-1_3_2"
"172","AGCATCAAGATCCCGC-1_3_2"
"173","AGCCAATTCGCAGTCG-1_3_2"
"174","AGCCAGCAGGGTGGGA-1_3_2"
"175","AGCGATTAGACTAGAT-1_3_2"
"176","AGCGATTAGCCTGACC-1_3_2"
"177","AGCGATTCAGACCTAT-1_3_2"
"178","AGCGATTTCTCCGAGG-1_3_2"
"179","AGCGCCACATCGGATT-1_3_2"
"180","AGCTCAAAGGATCACG-1_3_2"
"181","AGCTTCCGTATCAGCT-1_3_2"
"182","AGCTTCCGTTTCGACA-1_3_2"
"183","AGCTTCCTCCAACCGG-1_3_2"
"184","AGGAAATGTCTATGAC-1_3_2"
"185","AGGAATAAGTACAACA-1_3_2"
"186","AGGAATACATCGGAGA-1_3_2"
"187","AGGAATAGTGAATGAT-1_3_2"
"188","AGGACGAGTACTGTTG-1_3_2"
"189","AGGACGATCATCTACT-1_3_2"
"190","AGGACTTAGGAACTCG-1_3_2"
"191","AGGACTTCATCGTGCG-1_3_2"
"192","AGGAGGTCACCCAAGC-1_3_2"
"193","AGGATAAAGGCTCTCG-1_3_2"
"194","AGGATAAAGTTAGTGA-1_3_2"
"195","AGGATCTCATCCTAAG-1_3_2"
"196","AGGCCACTCCCTCTCC-1_3_2"
"197","AGGCCACTCCGCATAA-1_3_2"
"198","AGGCCACTCGCCTATC-1_3_2"
"199","AGGCTGCGTCTACGAT-1_3_2"
"200","AGGCTGCTCAAAGCCT-1_3_2"
"201","AGGGAGTCATGGAACG-1_3_2"
"202","AGGGCTCTCAGTCCGG-1_3_2"
"203","AGGGTCCAGCATCAGG-1_3_2"
"204","AGGGTCCTCGCTGCGA-1_3_2"
"205","AGGGTGAAGGACGGAG-1_3_2"
"206","AGGGTGACAGGTCAGA-1_3_2"
"207","AGGGTGATCCATAGGT-1_3_2"
"208","AGGGTGATCGACATAC-1_3_2"
"209","AGGTAGGGTCCACTTC-1_3_2"
"210","AGGTAGGTCCGTGACG-1_3_2"
"211","AGGTAGGTCTCTGGTC-1_3_2"
"212","AGGTCATTCGGTTCAA-1_3_2"
"213","AGGTGTTAGTATTCCG-1_3_2"
"214","AGGTGTTTCGTGCGAC-1_3_2"
"215","AGGTGTTTCTATTCGT-1_3_2"
"216","AGGTTGTAGAATCGAT-1_3_2"
"217","AGTAACCAGATACCAA-1_3_2"
"218","AGTACCAAGATCCAAA-1_3_2"
"219","AGTACCAAGCGTGCTC-1_3_2"
"220","AGTACCACAGCTTCGG-1_3_2"
"221","AGTACTGGTGTTAGCT-1_3_2"
"222","AGTACTGTCGCCTCTA-1_3_2"
"223","AGTAGCTGTGCGACAA-1_3_2"
"224","AGTAGTCTCCGCCTAT-1_3_2"
"225","AGTCACACATCCGAAT-1_3_2"
"226","AGTCATGGTCACCGAC-1_3_2"
"227","AGTGACTTCCCTGTTG-1_3_2"
"228","AGTGATCCACTGCTTC-1_3_2"
"229","AGTTAGCAGCAGGTCA-1_3_2"
"230","AGTTAGCGTGTTGACT-1_3_2"
"231","AGTTAGCTCTGGGCGT-1_3_2"
"232","AGTTCCCAGAAATCCA-1_3_2"
"233","AGTTCCCAGACGCTCC-1_3_2"
"234","AGTTCCCTCGATCCAA-1_3_2"
"235","AGTTCGAAGTAAGACT-1_3_2"
"236","AGTTCGAAGTACAACA-1_3_2"
"237","AGTTCGACAGATAAAC-1_3_2"
"238","ATACCGAGTACAGTAA-1_3_2"
"239","ATAGAGACATTGGCAT-1_3_2"
"240","ATAGAGAGTTCTCCCA-1_3_2"
"241","ATAGGCTCACGCGCTA-1_3_2"
"242","ATAGGCTCACTCACTC-1_3_2"
"243","ATAGGCTGTAACACCT-1_3_2"
"244","ATCACAGAGTAGACCG-1_3_2"
"245","ATCACAGGTACCTAAC-1_3_2"
"246","ATCACAGGTCAAATCC-1_3_2"
"247","ATCACAGGTCGTTCAA-1_3_2"
"248","ATCACAGTCATCACTT-1_3_2"
"249","ATCAGGTAGTGGATAT-1_3_2"
"250","ATCAGGTCACTGTGTA-1_3_2"
"251","ATCCACCAGGGAGAAT-1_3_2"
"252","ATCCACCCAACAGATA-1_3_2"
"253","ATCCACCGTAAGTTGA-1_3_2"
"254","ATCCATTCATCATCTT-1_3_2"
"255","ATCCATTGTGTGCTTA-1_3_2"
"256","ATCCATTTCACCGCTT-1_3_2"
"257","ATCCGTCAGCGTGTTT-1_3_2"
"258","ATCCGTCTCACTGTCC-1_3_2"
"259","ATCCGTCTCATTTACC-1_3_2"
"260","ATCGCCTAGCTGTGCC-1_3_2"
"261","ATCGCCTAGTGTCATC-1_3_2"
"262","ATCGGATAGCAAGTGC-1_3_2"
"263","ATCGGATCAAATCAGA-1_3_2"
"264","ATCGGATCATAATGAG-1_3_2"
"265","ATCGGCGTCTAACGGT-1_3_2"
"266","ATCGTAGAGTACCGGA-1_3_2"
"267","ATCGTCCAGCTCCGAC-1_3_2"
"268","ATCGTCCTCTCAATCT-1_3_2"
"269","ATCGTGAAGACAACAT-1_3_2"
"270","ATCTTCAAGATGTTAG-1_3_2"
"271","ATCTTCACACTCCCTA-1_3_2"
"272","ATGAAAGCACACCTGG-1_3_2"
"273","ATGACCAAGGACAGTC-1_3_2"
"274","ATGACCACATGACACT-1_3_2"
"275","ATGACCATCGTCAACA-1_3_2"
"276","ATGACCATCTGCCCTA-1_3_2"
"277","ATGAGGGAGAACTGAT-1_3_2"
"278","ATGAGGGTCTATGCCC-1_3_2"
"279","ATGAGTCAGTGTGTTC-1_3_2"
"280","ATGAGTCGTCACAATC-1_3_2"
"281","ATGAGTCGTCGGCCTA-1_3_2"
"282","ATGATCGTCTCTCTAA-1_3_2"
"283","ATGCGATCACTACTTT-1_3_2"
"284","ATGCGATTCCGTGTGG-1_3_2"
"285","ATGGAGGGTACAAGTA-1_3_2"
"286","ATGGAGGGTGTCTTGA-1_3_2"
"287","ATGGAGGGTTGATGTC-1_3_2"
"288","ATGGATCGTACCCAGC-1_3_2"
"289","ATGGATCGTGCTATTG-1_3_2"
"290","ATGGGTTTCGTGACTA-1_3_2"
"291","ATGGTTGTCATATGGC-1_3_2"
"292","ATGTCCCAGATGAATC-1_3_2"
"293","ATGTCTTCAGAACTTC-1_3_2"
"294","ATTACCTGTTTGGGTT-1_3_2"
"295","ATTACCTTCGCTAATG-1_3_2"
"296","ATTACTCCACCCTGTT-1_3_2"
"297","ATTATCCAGACAACTA-1_3_2"
"298","ATTATCCAGTCATACC-1_3_2"
"299","ATTATCCCAGGGAGAG-1_3_2"
"300","ATTATCCTCTGGTCAA-1_3_2"
"301","ATTCACTCATGGCCCA-1_3_2"
"302","ATTCAGGTCCAGTACA-1_3_2"
"303","ATTCCATCAGGGTTGA-1_3_2"
"304","ATTCCATGTCTTCATT-1_3_2"
"305","ATTCCCGTCAAGCCAT-1_3_2"
"306","ATTCCTAAGCTAGTTC-1_3_2"
"307","ATTCCTACAAGACGGT-1_3_2"
"308","ATTCCTACAGGTCAAG-1_3_2"
"309","ATTCCTAGTATAATGG-1_3_2"
"310","ATTCGTTCACTCCACT-1_3_2"
"311","ATTCTACAGTCTTGGT-1_3_2"
"312","ATTCTACCATACTGTG-1_3_2"
"313","ATTCTACGTCACTCGG-1_3_2"
"314","ATTCTACTCTATTGTC-1_3_2"
"315","ATTCTTGAGCATTGAA-1_3_2"
"316","ATTCTTGAGTCATAGA-1_3_2"
"317","ATTCTTGCACCATTCC-1_3_2"
"318","ATTGGGTAGGAGAGTA-1_3_2"
"319","ATTGGGTAGGAGATAG-1_3_2"
"320","ATTGGGTTCTTTCCGG-1_3_2"
"321","ATTGTTCAGCCTGCCA-1_3_2"
"322","ATTGTTCAGGAAGTCC-1_3_2"
"323","ATTGTTCGTATGTCCA-1_3_2"
"324","ATTGTTCGTTCGATTG-1_3_2"
"325","ATTGTTCTCTACGCGG-1_3_2"
"326","ATTTACCAGACTTCGT-1_3_2"
"327","ATTTACCAGATTGACA-1_3_2"
"328","ATTTCTGTCAAGTTGC-1_3_2"
"329","ATTTCTGTCATTACTC-1_3_2"
"330","CAAAGAAGTGGACCAA-1_3_2"
"331","CAACAACAGCTGGAGT-1_3_2"
"332","CAACAGTAGGAATGTT-1_3_2"
"333","CAACAGTTCTCGCCTA-1_3_2"
"334","CAACAGTTCTGGGATT-1_3_2"
"335","CAACCTCAGTCAATCC-1_3_2"
"336","CAACCTCGTGTGTGGA-1_3_2"
"337","CAACCTCTCAGGAAGC-1_3_2"
"338","CAACGATCAAATGATG-1_3_2"
"339","CAAGAGGCAGGCAATG-1_3_2"
"340","CAAGAGGGTCCTGAAT-1_3_2"
"341","CAAGCTACAATCGCCG-1_3_2"
"342","CAAGCTACACAAGTGG-1_3_2"
"343","CAAGGGAAGCGCCTTG-1_3_2"
"344","CAAGGGATCTGAATGC-1_3_2"
"345","CAATACGGTGTCCATA-1_3_2"
"346","CAATACGTCCCAGGAC-1_3_2"
"347","CAATGACCACGTCGTG-1_3_2"
"348","CAATTTCAGATACCAA-1_3_2"
"349","CACAACAAGCTCACTA-1_3_2"
"350","CACAACACAGAGAATT-1_3_2"
"351","CACAACATCGTAGCTA-1_3_2"
"352","CACACAAAGGTACAAT-1_3_2"
"353","CACACAACAAGAGGTC-1_3_2"
"354","CACACAATCATTGCCC-1_3_2"
"355","CACAGGCAGATTAGTG-1_3_2"
"356","CACATGAAGTGTAGAT-1_3_2"
"357","CACCAAACACAAACGG-1_3_2"
"358","CACCAAAGTACTAGCT-1_3_2"
"359","CACCAAAGTGAACGGT-1_3_2"
"360","CACCAAAGTGACTGTT-1_3_2"
"361","CACCGTTAGTCCTACA-1_3_2"
"362","CACCGTTCAAGTCGTT-1_3_2"
"363","CACCGTTGTGTTTACG-1_3_2"
"364","CACCGTTTCGACACTA-1_3_2"
"365","CACGAATAGATGCAGC-1_3_2"
"366","CACGAATCATACCACA-1_3_2"
"367","CACGAATCATGTACGT-1_3_2"
"368","CACGGGTCACTTCAAG-1_3_2"
"369","CACGTGGTCTGCATGA-1_3_2"
"370","CACGTTCGTAGGATAT-1_3_2"
"371","CACTAAGAGAGTTGCG-1_3_2"
"372","CACTGAAAGGTACATA-1_3_2"
"373","CACTGGGAGCGTACAG-1_3_2"
"374","CACTGGGGTTCCTAAG-1_3_2"
"375","CACTGTCAGATCCCAT-1_3_2"
"376","CACTGTCCACGGTGTC-1_3_2"
"377","CACTGTCTCATGGTAC-1_3_2"
"378","CACTTCGTCTCTATAC-1_3_2"
"379","CAGAGCCCAGAGACTG-1_3_2"
"380","CAGATACAGATCGCCC-1_3_2"
"381","CAGATACCAATCTGCA-1_3_2"
"382","CAGATACTCTTGGATG-1_3_2"
"383","CAGATCACAAAGTATG-1_3_2"
"384","CAGATCACACAGCTGC-1_3_2"
"385","CAGATCACAGTTACCA-1_3_2"
"386","CAGATCACAGTTCTAG-1_3_2"
"387","CAGATCATCACAAGGG-1_3_2"
"388","CAGATTGGTAGTGGCA-1_3_2"
"389","CAGCAATAGCAGCCCT-1_3_2"
"390","CAGCAATCAGGTCCCA-1_3_2"
"391","CAGCAATGTTGGACCC-1_3_2"
"392","CAGCACGCAGCTAACT-1_3_2"
"393","CAGCACGGTATCAGGG-1_3_2"
"394","CAGGCCAGTGACTCGC-1_3_2"
"395","CAGTGCGAGATGCTAA-1_3_2"
"396","CAGTGCGAGTATTCCG-1_3_2"
"397","CAGTGCGGTCTACGTA-1_3_2"
"398","CAGTTAGAGTAACGTA-1_3_2"
"399","CAGTTAGCACTTTATC-1_3_2"
"400","CAGTTAGTCAAGGCTT-1_3_2"
"401","CAGTTCCAGAATAACC-1_3_2"
"402","CATAAGCCACAGCTGC-1_3_2"
"403","CATAAGCTCCACAGCG-1_3_2"
"404","CATAAGCTCGCGTTTC-1_3_2"
"405","CATACCCAGGATACGC-1_3_2"
"406","CATACCCGTCACATTG-1_3_2"
"407","CATACTTCACAGCCTG-1_3_2"
"408","CATAGACTCGGTTCAA-1_3_2"
"409","CATCAAGAGCGTTAGG-1_3_2"
"410","CATCAAGCACGCGGTT-1_3_2"
"411","CATCAAGGTACGTTCA-1_3_2"
"412","CATCAAGGTTGCGGCT-1_3_2"
"413","CATCCACAGACATAAC-1_3_2"
"414","CATCCACAGGTACAAT-1_3_2"
"415","CATCCACCAGCGTTTA-1_3_2"
"416","CATCCACTCCTACTGC-1_3_2"
"417","CATCCCAGTCGTTGGC-1_3_2"
"418","CATCCCATCTTCTCAA-1_3_2"
"419","CATCCGTTCCACGTCT-1_3_2"
"420","CATCGCTCAGGGAATC-1_3_2"
"421","CATCGCTGTTCCTAAG-1_3_2"
"422","CATCGTCCAGTGCCTG-1_3_2"
"423","CATGAGTAGAGATTCA-1_3_2"
"424","CATGAGTGTTGCTCCT-1_3_2"
"425","CATGAGTTCATTACTC-1_3_2"
"426","CATGCAACATACCGTA-1_3_2"
"427","CATGCAAGTCAATCTG-1_3_2"
"428","CATGCAAGTCTTGGTA-1_3_2"
"429","CATGCGGAGGTAAACT-1_3_2"
"430","CATGGATCACCAAATC-1_3_2"
"431","CATGGATCACGACGCT-1_3_2"
"432","CATGGATGTAGTTACC-1_3_2"
"433","CATGGATGTGTAGTGG-1_3_2"
"434","CATTCTATCGAACCAT-1_3_2"
"435","CATTGTTTCATAAGGA-1_3_2"
"436","CATTTCAAGAGTATAC-1_3_2"
"437","CCAATGATCCGATCTC-1_3_2"
"438","CCAATTTAGATACGAT-1_3_2"
"439","CCAATTTCATGATGCT-1_3_2"
"440","CCACACTCAGCTCATA-1_3_2"
"441","CCACACTTCCTAACAG-1_3_2"
"442","CCACACTTCTGCCTGT-1_3_2"
"443","CCACCATCAAGACCGA-1_3_2"
"444","CCACCATTCTCATTTG-1_3_2"
"445","CCACGAGCAATAGAGT-1_3_2"
"446","CCACGAGTCCAGCACG-1_3_2"
"447","CCACTTGAGGCGCTTC-1_3_2"
"448","CCACTTGTCACCTCTG-1_3_2"
"449","CCATAAGTCCAACCGG-1_3_2"
"450","CCATCACTCGTCAAAC-1_3_2"
"451","CCATCACTCTATGTGG-1_3_2"
"452","CCCAACTAGGGCCCTT-1_3_2"
"453","CCCAACTCATGACAAA-1_3_2"
"454","CCCATTGGTAACAGTA-1_3_2"
"455","CCCATTGTCTCGGTAA-1_3_2"
"456","CCCGAAGTCTACCAGA-1_3_2"
"457","CCCGGAAAGTCAGGGT-1_3_2"
"458","CCCGGAACAAGATCCT-1_3_2"
"459","CCCGGAACAGCTTTCC-1_3_2"
"460","CCCTAACAGAGCCCAA-1_3_2"
"461","CCCTAACCAAAGCACG-1_3_2"
"462","CCCTAACGTTTAGTCG-1_3_2"
"463","CCCTAACGTTTCTTAC-1_3_2"
"464","CCCTCAACACGTTGGC-1_3_2"
"465","CCCTCTCAGGTCTACT-1_3_2"
"466","CCCTCTCGTCCGACGT-1_3_2"
"467","CCCTGATCAGCTTCGG-1_3_2"
"468","CCCTGATGTCAATGGG-1_3_2"
"469","CCGAACGCACAGTCGC-1_3_2"
"470","CCGAACGTCATGAGGG-1_3_2"
"471","CCGGACAAGTCATGCT-1_3_2"
"472","CCGGACACAAGACGGT-1_3_2"
"473","CCGGACAGTGTCCTAA-1_3_2"
"474","CCGGGTACAGCAGTCC-1_3_2"
"475","CCGGTAGTCGCGTGAC-1_3_2"
"476","CCGGTAGTCGCGTTTC-1_3_2"
"477","CCGGTGACATACATCG-1_3_2"
"478","CCGGTGAGTTGCTAGT-1_3_2"
"479","CCGGTGATCCTGGTCT-1_3_2"
"480","CCGTAGGCAGAAATCA-1_3_2"
"481","CCGTGAGCATGCGTGC-1_3_2"
"482","CCGTGAGTCCGCAAAT-1_3_2"
"483","CCGTTCAGTGTTGAGG-1_3_2"
"484","CCGTTCAGTTATGTGC-1_3_2"
"485","CCGTTCATCATGCAGT-1_3_2"
"486","CCTAAGAAGTCTCCTC-1_3_2"
"487","CCTACGTGTCCTCAGG-1_3_2"
"488","CCTCAACTCCTCTCGA-1_3_2"
"489","CCTCACATCTACGCAA-1_3_2"
"490","CCTCAGTTCAGCTAGT-1_3_2"
"491","CCTCCAAAGTGGACTG-1_3_2"
"492","CCTCCAACATGTTCGA-1_3_2"
"493","CCTCCTCGTACTCGAT-1_3_2"
"494","CCTCTAGCAACCTAAC-1_3_2"
"495","CCTCTCCGTATGTCCA-1_3_2"
"496","CCTCTCCGTTGTCAGT-1_3_2"
"497","CCTCTCCTCCTCTGCA-1_3_2"
"498","CCTGCATAGACGCAGT-1_3_2"
"499","CCTGCATCACCAACAT-1_3_2"
"500","CCTGCATCATGGCGCT-1_3_2"
"501","CCTGCATGTCGCTTGG-1_3_2"
"502","CCTGTTGAGCACCAGA-1_3_2"
"503","CCTGTTGCAAATGGAT-1_3_2"
"504","CCTGTTGGTCCTACGG-1_3_2"
"505","CCTTCAGAGGCATTTC-1_3_2"
"506","CCTTGTGGTACCGCGT-1_3_2"
"507","CGAAGTTAGAGTTGAT-1_3_2"
"508","CGAAGTTAGGCTAACG-1_3_2"
"509","CGAAGTTGTCCGCAGT-1_3_2"
"510","CGACAGCCAGCTGTTA-1_3_2"
"511","CGAGAAGAGTTCATGC-1_3_2"
"512","CGAGGAACAAGACCGA-1_3_2"
"513","CGAGGAACAGCACCCA-1_3_2"
"514","CGAGGCTTCCAGTACA-1_3_2"
"515","CGAGTGCAGCTCGAAG-1_3_2"
"516","CGAGTGCTCTAGAGCT-1_3_2"
"517","CGATCGGGTTCAGGTT-1_3_2"
"518","CGATGCGAGTACAGCG-1_3_2"
"519","CGATGCGGTCCTTTGC-1_3_2"
"520","CGATGGCCAGACCAGA-1_3_2"
"521","CGCATGGTCGCCCAGA-1_3_2"
"522","CGCCATTTCAAGGCTT-1_3_2"
"523","CGCCATTTCATGAGAA-1_3_2"
"524","CGCGTGAAGGAGGGTG-1_3_2"
"525","CGCGTGACACATTCGA-1_3_2"
"526","CGCGTGAGTACGAAAT-1_3_2"
"527","CGCGTGATCACAATGC-1_3_2"
"528","CGCGTGATCATGCAGT-1_3_2"
"529","CGGAACCGTCCGGATC-1_3_2"
"530","CGGAACCGTGGCTTGC-1_3_2"
"531","CGGAATTAGTTGCTGT-1_3_2"
"532","CGGAATTCATAGGAGC-1_3_2"
"533","CGGACACCAAGTGACG-1_3_2"
"534","CGGACACGTAATGCGG-1_3_2"
"535","CGGAGAAGTAAGTCAA-1_3_2"
"536","CGGCAGTAGTGCCCGT-1_3_2"
"537","CGGGCATAGCCTAGGA-1_3_2"
"538","CGGGCATCACAAGTGG-1_3_2"
"539","CGGGTCAAGCTACTGT-1_3_2"
"540","CGGGTCATCAAGCCCG-1_3_2"
"541","CGGGTCATCTCATTAC-1_3_2"
"542","CGGGTGTCAGGCTTGC-1_3_2"
"543","CGGTCAGAGCAAGTCG-1_3_2"
"544","CGTAAGTAGCTAATGA-1_3_2"
"545","CGTCAAACATCTCCCA-1_3_2"
"546","CGTCCATAGTTCGGTT-1_3_2"
"547","CGTCCATCAAAGGCTG-1_3_2"
"548","CGTCCATCAGCAGACA-1_3_2"
"549","CGTGAATGTTAAGTCC-1_3_2"
"550","CGTGAATTCTGCGGAC-1_3_2"
"551","CGTGCTTGTCGTTTCC-1_3_2"
"552","CGTGTCTCAACTGCCG-1_3_2"
"553","CGTGTCTCAGACTCTA-1_3_2"
"554","CGTGTCTGTTCTCTCG-1_3_2"
"555","CGTGTCTTCGAAGGAC-1_3_2"
"556","CGTTAGACAAATAAGC-1_3_2"
"557","CGTTAGACAACGGTAG-1_3_2"
"558","CGTTAGATCGGACGTC-1_3_2"
"559","CGTTCTGGTATTCCTT-1_3_2"
"560","CGTTCTGGTCGTATGT-1_3_2"
"561","CGTTGGGAGAGGCTGT-1_3_2"
"562","CGTTGGGTCGGTGAAG-1_3_2"
"563","CTAACCCGTACAGTCT-1_3_2"
"564","CTAACCCGTTATAGCC-1_3_2"
"565","CTAAGTGGTTTATGCG-1_3_2"
"566","CTACAGAGTACACGTT-1_3_2"
"567","CTACAGAGTTCCGCAG-1_3_2"
"568","CTACATTCACGGTAGA-1_3_2"
"569","CTACCTGGTAGCGAGT-1_3_2"
"570","CTACCTGTCCAATGCA-1_3_2"
"571","CTACTATAGACCATGG-1_3_2"
"572","CTACTATGTAGCTGAG-1_3_2"
"573","CTAGACAAGGAATTAC-1_3_2"
"574","CTAGACATCGTAGGGA-1_3_2"
"575","CTAGGTACATCGCTCT-1_3_2"
"576","CTAGGTATCGTCGACG-1_3_2"
"577","CTATAGGGTCCTGTTC-1_3_2"
"578","CTATAGGTCAGACCCG-1_3_2"
"579","CTATCCGCACCAATTG-1_3_2"
"580","CTATCCGGTAAGACCG-1_3_2"
"581","CTATCCGTCGGATTAC-1_3_2"
"582","CTCAACCCAAATCCCA-1_3_2"
"583","CTCAACCTCGGTGTAT-1_3_2"
"584","CTCAAGAGTACAACGG-1_3_2"
"585","CTCAATTGTACGATCT-1_3_2"
"586","CTCAATTGTCATCTAG-1_3_2"
"587","CTCAGAAAGCCTGTGC-1_3_2"
"588","CTCAGAAGTCCTGAAT-1_3_2"
"589","CTCAGAAGTTTACTGG-1_3_2"
"590","CTCATGCTCTGGTCAA-1_3_2"
"591","CTCATGCTCTGTCTCG-1_3_2"
"592","CTCATTACAGGCGAAT-1_3_2"
"593","CTCATTATCCCTGTTG-1_3_2"
"594","CTCCAACGTTCGGTAT-1_3_2"
"595","CTCCACAAGAAGCGGG-1_3_2"
"596","CTCCACAGTACCCGAC-1_3_2"
"597","CTCCACATCGCGTTTC-1_3_2"
"598","CTCCACATCGCTCCTA-1_3_2"
"599","CTCCACATCTCGAGTA-1_3_2"
"600","CTCCATGGTCTGTGTA-1_3_2"
"601","CTCCCAACAAGCTACT-1_3_2"
"602","CTCCCTCGTATCGAAA-1_3_2"
"603","CTCCGATAGTAGCCAG-1_3_2"
"604","CTCCGATCATCGCCTT-1_3_2"
"605","CTCCTCCCAGGGACTA-1_3_2"
"606","CTCCTTTAGATCCCAT-1_3_2"
"607","CTCCTTTCAGCACAGA-1_3_2"
"608","CTCGAGGTCTAGGAAA-1_3_2"
"609","CTCTCGACAGTTGTCA-1_3_2"
"610","CTCTGGTCACGAGGAT-1_3_2"
"611","CTCTGGTTCCCGTTGT-1_3_2"
"612","CTGAATGAGTCACGCC-1_3_2"
"613","CTGAGCGAGCAAACAT-1_3_2"
"614","CTGAGCGCAACCACAT-1_3_2"
"615","CTGAGGCCATCGGAAG-1_3_2"
"616","CTGAGGCTCAACACCA-1_3_2"
"617","CTGATCCCAAGCCCAC-1_3_2"
"618","CTGATCCTCGCTGATA-1_3_2"
"619","CTGCAGGAGCGAATGC-1_3_2"
"620","CTGCCATAGATCCGAG-1_3_2"
"621","CTGCCATAGTCTAGAA-1_3_2"
"622","CTGCCATCACCCTTAC-1_3_2"
"623","CTGCCATCATTCTGTT-1_3_2"
"624","CTGCCATTCTGGCCTT-1_3_2"
"625","CTGCCTAAGCAGAAAG-1_3_2"
"626","CTGCGAGCAATTTCCT-1_3_2"
"627","CTGCGAGTCTGTTGGA-1_3_2"
"628","CTGCTCACACATACTG-1_3_2"
"629","CTGCTCACACGTAGTT-1_3_2"
"630","CTGCTCACATGTGCCG-1_3_2"
"631","CTGGACGCAACTGCCG-1_3_2"
"632","CTGGTCTCAGGGTCTC-1_3_2"
"633","CTGGTCTGTTACTCAG-1_3_2"
"634","CTGGTCTTCAGCAATC-1_3_2"
"635","CTGTATTAGGGCTAAC-1_3_2"
"636","CTGTCGTTCTGTAACG-1_3_2"
"637","CTGTGAATCTCTGGTC-1_3_2"
"638","CTGTGGGCAATTCACG-1_3_2"
"639","CTTACCGCAAACCATC-1_3_2"
"640","CTTCAATCAGGACTAG-1_3_2"
"641","CTTCAATGTTACCGTA-1_3_2"
"642","CTTCCGACACAAGCTT-1_3_2"
"643","CTTCCTTAGGCATTTC-1_3_2"
"644","CTTCCTTCAAATCGTC-1_3_2"
"645","CTTCGGTGTCAACACT-1_3_2"
"646","CTTCTCTAGGGCAAGG-1_3_2"
"647","CTTCTCTGTGGCACTC-1_3_2"
"648","CTTGAGAGTAATACCC-1_3_2"
"649","CTTGATTCACGCCACA-1_3_2"
"650","CTTTCAAAGACGCATG-1_3_2"
"651","CTTTCAACATCGGCCA-1_3_2"
"652","CTTTCAAGTCCTACAA-1_3_2"
"653","CTTTCAAGTGGTCAAG-1_3_2"
"654","CTTTCAATCCCAAGTA-1_3_2"
"655","CTTTCAATCTAGACAC-1_3_2"
"656","CTTTCGGGTCCGTTTC-1_3_2"
"657","GAAACCTGTCTGATCA-1_3_2"
"658","GAAATGACAAGAGAGA-1_3_2"
"659","GAAGAATCAAGCACAG-1_3_2"
"660","GAAGAATGTATGAGGC-1_3_2"
"661","GAAGCGAAGCTGTTAC-1_3_2"
"662","GAAGCGATCCATCGTC-1_3_2"
"663","GAAGCGATCCTTGGAA-1_3_2"
"664","GAAGGGTAGTTGGCTT-1_3_2"
"665","GAAGGGTCAGAGGTTG-1_3_2"
"666","GAAGTAACAACACGAG-1_3_2"
"667","GAAGTAACAAGCACCC-1_3_2"
"668","GAAGTAACATCGATAC-1_3_2"
"669","GAATAGAAGCTACTGT-1_3_2"
"670","GAATCACAGTTTGGCT-1_3_2"
"671","GAATCGTAGTTGCTCA-1_3_2"
"672","GAATCGTTCCCTGGTT-1_3_2"
"673","GACACGCCATCCCACT-1_3_2"
"674","GACACGCCATCTAACG-1_3_2"
"675","GACAGCCAGGAAAGGT-1_3_2"
"676","GACATCAAGCGAGTCA-1_3_2"
"677","GACCTTCCATCCGTGG-1_3_2"
"678","GACGTTACACACCGCA-1_3_2"
"679","GACGTTAGTATGAAGT-1_3_2"
"680","GACTTCCAGCCGATTT-1_3_2"
"681","GACTTCCAGGCATCTT-1_3_2"
"682","GAGACCCTCTCGTCAC-1_3_2"
"683","GAGAGGTAGTGATAGT-1_3_2"
"684","GAGAGGTCAGCGCGTT-1_3_2"
"685","GAGATGGCAGCCTATA-1_3_2"
"686","GAGCTGCCACTGATTG-1_3_2"
"687","GAGGGATAGTTCAACC-1_3_2"
"688","GAGGGTACATAGTCAC-1_3_2"
"689","GAGGGTATCGTGTTCC-1_3_2"
"690","GAGTCATGTTACACTG-1_3_2"
"691","GAGTCTATCTTCGCTG-1_3_2"
"692","GAGTGAGAGCAGGTCA-1_3_2"
"693","GAGTGAGCACATTGTG-1_3_2"
"694","GAGTGAGCAGCCTACG-1_3_2"
"695","GAGTTGTAGGAAGTAG-1_3_2"
"696","GAGTTTGAGAACTTCC-1_3_2"
"697","GAGTTTGCACCAGCTG-1_3_2"
"698","GAGTTTGCATCGATCA-1_3_2"
"699","GATAGAAAGCTCGTGC-1_3_2"
"700","GATAGCTAGCTCCATA-1_3_2"
"701","GATCACACACCCATAA-1_3_2"
"702","GATCACAGTCTTGCTC-1_3_2"
"703","GATCATGTCTCTAGGA-1_3_2"
"704","GATCGTATCTACTATC-1_3_2"
"705","GATGACTGTGGCCACT-1_3_2"
"706","GATGAGGTCCTGTACC-1_3_2"
"707","GATGATCAGCATGATA-1_3_2"
"708","GATGATCCAGTCGTTA-1_3_2"
"709","GATGATCGTGGTTTGT-1_3_2"
"710","GATGGAGAGATACCAA-1_3_2"
"711","GATGTTGAGGGACCAT-1_3_2"
"712","GATGTTGAGGTATAGT-1_3_2"
"713","GATGTTGAGTTACGAA-1_3_2"
"714","GATTCGAAGATAGGGA-1_3_2"
"715","GATTCGAGTCTACGAT-1_3_2"
"716","GATTCGAGTCTCCTGT-1_3_2"
"717","GATTCGATCAAGTCGT-1_3_2"
"718","GATTCGATCCTGTTGC-1_3_2"
"719","GATTCTTAGAAGTCAT-1_3_2"
"720","GATTCTTTCGGCATTA-1_3_2"
"721","GATTGGTGTAGATTGA-1_3_2"
"722","GATTGGTTCGGAGTGA-1_3_2"
"723","GATTTCTTCCTGGGAC-1_3_2"
"724","GCACGGTCACTACCCT-1_3_2"
"725","GCACGTGAGGCGCTCT-1_3_2"
"726","GCACGTGGTCTACAAC-1_3_2"
"727","GCACGTGTCCTTATCA-1_3_2"
"728","GCACTAAAGTTATGGA-1_3_2"
"729","GCAGCCAAGCGCCTAC-1_3_2"
"730","GCAGCCAAGCTAAATG-1_3_2"
"731","GCAGCCAGTTATGTCG-1_3_2"
"732","GCAGCCATCCGAGTGC-1_3_2"
"733","GCAGCTGAGTCACTAC-1_3_2"
"734","GCAGGCTGTTAAGTCC-1_3_2"
"735","GCATCGGTCTCATTTG-1_3_2"
"736","GCATCTCTCGCGCCAA-1_3_2"
"737","GCATTAGCACATGACT-1_3_2"
"738","GCATTAGGTACCCGCA-1_3_2"
"739","GCCAACGAGTTAGTGA-1_3_2"
"740","GCCAACGCATTGCCGG-1_3_2"
"741","GCCAACGTCCGTAATG-1_3_2"
"742","GCCAGGTAGTAATACG-1_3_2"
"743","GCCAGGTTCAATCGGT-1_3_2"
"744","GCCAGTGCAGCGATTT-1_3_2"
"745","GCCATGGCAAGCCCAC-1_3_2"
"746","GCCATTCTCGTTCAGA-1_3_2"
"747","GCCCAGACATACCATG-1_3_2"
"748","GCCCAGAGTTGCCGAC-1_3_2"
"749","GCCCAGATCCATGAGT-1_3_2"
"750","GCCCAGATCCTCTTTC-1_3_2"
"751","GCCGATGAGTCTGCAT-1_3_2"
"752","GCCGATGCAAGTAGTA-1_3_2"
"753","GCCGATGGTCCTCATC-1_3_2"
"754","GCCGTGAGTAAGATCA-1_3_2"
"755","GCCGTGAGTGCCTTTC-1_3_2"
"756","GCCGTGATCTAGCATG-1_3_2"
"757","GCGAGAAAGGTATAGT-1_3_2"
"758","GCGAGAAGTCTTTCTA-1_3_2"
"759","GCGATCGCAGGTGTTT-1_3_2"
"760","GCGTGCAAGCCTGTGC-1_3_2"
"761","GCTACAAGTCTCAGGC-1_3_2"
"762","GCTACCTAGAAGATCT-1_3_2"
"763","GCTACCTAGATACCAA-1_3_2"
"764","GCTACCTAGCGACTTT-1_3_2"
"765","GCTACCTAGGGATCGT-1_3_2"
"766","GCTACCTCAATGCTCA-1_3_2"
"767","GCTACCTTCCACGGAC-1_3_2"
"768","GCTCAAAGTCCTACGG-1_3_2"
"769","GCTCAAAGTCTAGTGT-1_3_2"
"770","GCTGAATAGCGTACAG-1_3_2"
"771","GCTGAATAGTAGGCCA-1_3_2"
"772","GCTGAATGTGCGTGCT-1_3_2"
"773","GCTGCAGTCAAAGCCT-1_3_2"
"774","GCTGCAGTCCTTGGAA-1_3_2"
"775","GCTGCAGTCGCTGATA-1_3_2"
"776","GCTTCACGTCTGATAC-1_3_2"
"777","GCTTTCGTCCGATAAC-1_3_2"
"778","GCTTTCGTCTCTGGTC-1_3_2"
"779","GGAAGTGAGTGCCAGA-1_3_2"
"780","GGAAGTGGTGAATGAT-1_3_2"
"781","GGAATCTTCCTTTAGT-1_3_2"
"782","GGAATGGAGAGTTCGG-1_3_2"
"783","GGAATGGAGATAACGT-1_3_2"
"784","GGACGTCGTAACGATA-1_3_2"
"785","GGACGTCGTTCGTTCC-1_3_2"
"786","GGACGTCTCGTGCAGC-1_3_2"
"787","GGAGAACCAGAGCCCT-1_3_2"
"788","GGAGAACCATGACCCG-1_3_2"
"789","GGAGATGCACGTACTA-1_3_2"
"790","GGAGCAAAGAGCCATG-1_3_2"
"791","GGAGCAATCCCATTCG-1_3_2"
"792","GGAGGTACACAGTCAT-1_3_2"
"793","GGAGGTATCGATACTG-1_3_2"
"794","GGATGTTCATTCAGCA-1_3_2"
"795","GGCACGTGTTTGATCG-1_3_2"
"796","GGCACGTTCGACGATT-1_3_2"
"797","GGCAGTCAGTAGGGTC-1_3_2"
"798","GGCAGTCCACATTGTG-1_3_2"
"799","GGCGTCATCTCATGCC-1_3_2"
"800","GGCTGTGAGTTTCAGC-1_3_2"
"801","GGCTTGGCAAGGACAC-1_3_2"
"802","GGCTTGGGTATGACAA-1_3_2"
"803","GGCTTGGTCAACTGGT-1_3_2"
"804","GGCTTTCAGGAACGTC-1_3_2"
"805","GGCTTTCCATGCACTA-1_3_2"
"806","GGCTTTCTCTGTCCGT-1_3_2"
"807","GGGAAGTTCCTGGGAC-1_3_2"
"808","GGGACAACATGGAGAC-1_3_2"
"809","GGGACCTGTTACGGAG-1_3_2"
"810","GGGACTCAGCAACTCT-1_3_2"
"811","GGGACTCAGCGGGTTA-1_3_2"
"812","GGGACTCAGCTTACGT-1_3_2"
"813","GGGAGTAAGGAGACCT-1_3_2"
"814","GGGAGTATCGCGGACT-1_3_2"
"815","GGGATCCGTAGGGTAC-1_3_2"
"816","GGGATCCTCAGACCTA-1_3_2"
"817","GGGATGAAGGTCACTT-1_3_2"
"818","GGGCTCACAGCGTGAA-1_3_2"
"819","GGGTAGAGTCTACAGT-1_3_2"
"820","GGGTATTCACCTAAAC-1_3_2"
"821","GGGTATTCAGTTGTCA-1_3_2"
"822","GGGTCTGGTACTGTTG-1_3_2"
"823","GGGTGAATCGAATGCT-1_3_2"
"824","GGGTGTCAGCTCCCTT-1_3_2"
"825","GGGTGTCGTAGCGAGT-1_3_2"
"826","GGGTGTCTCGTTGTGA-1_3_2"
"827","GGGTTATAGTGGCGAT-1_3_2"
"828","GGGTTATCATGGCACC-1_3_2"
"829","GGGTTATGTTGTGTAC-1_3_2"
"830","GGGTTATTCCGATGTA-1_3_2"
"831","GGGTTTAAGGCTCCCA-1_3_2"
"832","GGGTTTAAGGGATCTG-1_3_2"
"833","GGGTTTACAGATTCGT-1_3_2"
"834","GGGTTTACAGGGTTGA-1_3_2"
"835","GGTAACTAGAATTCAG-1_3_2"
"836","GGTAATCCAGAGCGTA-1_3_2"
"837","GGTAATCTCCAAACCA-1_3_2"
"838","GGTAATCTCCATACAG-1_3_2"
"839","GGTAGAGAGAGCGACT-1_3_2"
"840","GGTAGAGAGAGGACTC-1_3_2"
"841","GGTAGAGCACGGGCTT-1_3_2"
"842","GGTAGAGCATGCCATA-1_3_2"
"843","GGTAGAGGTAGCGTAG-1_3_2"
"844","GGTAGAGGTGTACATC-1_3_2"
"845","GGTAGAGTCCAGCTCT-1_3_2"
"846","GGTCTGGAGCCTTCTC-1_3_2"
"847","GGTCTGGGTACCCAGC-1_3_2"
"848","GGTGAAGGTCCAGCGT-1_3_2"
"849","GGTGATTGTCTACGAT-1_3_2"
"850","GGTGATTGTGAGACCA-1_3_2"
"851","GGTGTCGAGGTATCTC-1_3_2"
"852","GGTGTCGAGGTCCAGA-1_3_2"
"853","GGTGTTAAGCACTGGA-1_3_2"
"854","GGTGTTACAGGACAGT-1_3_2"
"855","GGTGTTAGTCGTGGTC-1_3_2"
"856","GGTGTTATCCGCACGA-1_3_2"
"857","GGTTAACAGGGTATAT-1_3_2"
"858","GGTTAACCAAGCCATT-1_3_2"
"859","GGTTAACGTACCAATC-1_3_2"
"860","GGTTCTCCAAATCCCA-1_3_2"
"861","GGTTCTCGTTCGTTCC-1_3_2"
"862","GGTTGTAGTCCGGATC-1_3_2"
"863","GTAACACCACGGTGCT-1_3_2"
"864","GTAACACTCCTTCTTC-1_3_2"
"865","GTAACCAAGTCCGTCG-1_3_2"
"866","GTAAGTCAGACCATAA-1_3_2"
"867","GTAAGTCTCCAGTTCC-1_3_2"
"868","GTAATCGGTGTGACCC-1_3_2"
"869","GTAATGCAGGTTCTTG-1_3_2"
"870","GTACAACAGGAAAGTG-1_3_2"
"871","GTACAACGTGCTTATG-1_3_2"
"872","GTACAACTCGGTCGGT-1_3_2"
"873","GTACAACTCTAGTCAG-1_3_2"
"874","GTACAGTCACCTCTGT-1_3_2"
"875","GTACAGTTCGCCGAGT-1_3_2"
"876","GTAGATCCAACAGCTT-1_3_2"
"877","GTAGGTTCATATCTGG-1_3_2"
"878","GTAGTACAGCCACCGT-1_3_2"
"879","GTATTGGAGTTGCCCG-1_3_2"
"880","GTATTGGGTACAATAG-1_3_2"
"881","GTATTGGGTATCATGC-1_3_2"
"882","GTATTGGTCAATCCAG-1_3_2"
"883","GTATTTCAGCCTGTCG-1_3_2"
"884","GTATTTCGTGCTCTCT-1_3_2"
"885","GTATTTCGTGTTAACC-1_3_2"
"886","GTATTTCTCAGACAAA-1_3_2"
"887","GTCAAACAGAGCCGAT-1_3_2"
"888","GTCAAACAGCAGGCAT-1_3_2"
"889","GTCAAACCAGCTGCCA-1_3_2"
"890","GTCAAGTAGATGAATC-1_3_2"
"891","GTCACGGCAGGCACAA-1_3_2"
"892","GTCACGGCATCGCTAA-1_3_2"
"893","GTCACGGCATGGCTGC-1_3_2"
"894","GTCACGGTCCGAGATT-1_3_2"
"895","GTCACTCTCAGTCCGG-1_3_2"
"896","GTCAGCGGTGGAATGC-1_3_2"
"897","GTCATCCCAATGCTCA-1_3_2"
"898","GTCATCCTCCTCAGGG-1_3_2"
"899","GTCATGACAAGGATGC-1_3_2"
"900","GTCATTTAGACGACTG-1_3_2"
"901","GTCATTTTCCGATTAG-1_3_2"
"902","GTCCACTAGACCAGAC-1_3_2"
"903","GTCCACTTCGATAACC-1_3_2"
"904","GTCCCATCAGGGCTTC-1_3_2"
"905","GTCCTCAGTATACAGA-1_3_2"
"906","GTCGAATGTAATTGGA-1_3_2"
"907","GTCGCGAAGGCCCGTT-1_3_2"
"908","GTCGCGACAATCTCTT-1_3_2"
"909","GTCGCGACAGCAAGAC-1_3_2"
"910","GTCGCGAGTCGGCACT-1_3_2"
"911","GTCGTAACATGTTTGG-1_3_2"
"912","GTCTACCGTATCGCTA-1_3_2"
"913","GTCTAGATCTCTCCGA-1_3_2"
"914","GTCTGTCCAATCGTCA-1_3_2"
"915","GTGACGCCAGTAGTTC-1_3_2"
"916","GTGAGCCAGTAAACGT-1_3_2"
"917","GTGAGGACAGACACCC-1_3_2"
"918","GTGAGGAGTACGTGTT-1_3_2"
"919","GTGAGTTAGAAGAACG-1_3_2"
"920","GTGAGTTCAATAGTAG-1_3_2"
"921","GTGCACGAGAGCAACC-1_3_2"
"922","GTGCACGAGCGTTGTT-1_3_2"
"923","GTGCACGCATGAAGGC-1_3_2"
"924","GTGCACGGTACTGCCG-1_3_2"
"925","GTGCACGGTTGACGGA-1_3_2"
"926","GTGCAGCAGGAAAGAC-1_3_2"
"927","GTGCGTGAGCCATATC-1_3_2"
"928","GTGCTTCAGAAAGCGA-1_3_2"
"929","GTGCTTCCAAGAGCTG-1_3_2"
"930","GTGCTTCGTACTTCCC-1_3_2"
"931","GTGGAAGCAGCGTATT-1_3_2"
"932","GTGGAAGGTTGCCAAT-1_3_2"
"933","GTGGAAGTCAGCACCG-1_3_2"
"934","GTGGCGTAGCCGCACT-1_3_2"
"935","GTGGCGTCATCAGTGT-1_3_2"
"936","GTGGGAAAGAACCGCA-1_3_2"
"937","GTGGGAAGTAGTCCTA-1_3_2"
"938","GTGGTTAAGACTCCGC-1_3_2"
"939","GTGGTTATCATTACCT-1_3_2"
"940","GTGTCCTTCCACACCT-1_3_2"
"941","GTGTGGCAGAGAATCT-1_3_2"
"942","GTGTGGCCAGGCGTTC-1_3_2"
"943","GTGTGGCTCATCACCC-1_3_2"
"944","GTGTGGCTCCGTAATG-1_3_2"
"945","GTGTGGCTCCTATTTG-1_3_2"
"946","GTGTTAGAGAGGTCAC-1_3_2"
"947","GTTACAGGTCGAGATG-1_3_2"
"948","GTTACAGTCACACCGG-1_3_2"
"949","GTTACCCCACATACTG-1_3_2"
"950","GTTACCCCATCACGGC-1_3_2"
"951","GTTACGACATAACAGA-1_3_2"
"952","GTTACGAGTTAGGAGC-1_3_2"
"953","GTTAGACAGAGAGCGG-1_3_2"
"954","GTTAGACGTATGACAA-1_3_2"
"955","GTTATGGCAAGACAAT-1_3_2"
"956","GTTCATTAGCACACCC-1_3_2"
"957","GTTCCGTCAGCTGTTA-1_3_2"
"958","GTTCGCTTCAACACGT-1_3_2"
"959","GTTGAACAGTTAGAAC-1_3_2"
"960","GTTGAACCAGCAGAAC-1_3_2"
"961","GTTGCTCTCCGTAGTA-1_3_2"
"962","GTTGTCCAGACCATGG-1_3_2"
"963","GTTGTGATCCTCTCGA-1_3_2"
"964","GTTGTGATCGATGCTA-1_3_2"
"965","GTTTACTCAACCGATT-1_3_2"
"966","GTTTGGACAGCACAGA-1_3_2"
"967","GTTTGGACATTGTAGC-1_3_2"
"968","GTTTGGATCTTTCCAA-1_3_2"
"969","TAACACGCAAGTCCCG-1_3_2"
"970","TAACACGCACTAGTAC-1_3_2"
"971","TAACCAGAGGAACGCT-1_3_2"
"972","TAACGACTCACCTCGT-1_3_2"
"973","TAACTTCAGTCGCCCA-1_3_2"
"974","TAACTTCGTGCCGTAC-1_3_2"
"975","TAACTTCTCGACATTG-1_3_2"
"976","TAAGCACCACTACACA-1_3_2"
"977","TAAGCACGTTCTCTCG-1_3_2"
"978","TAAGCCAAGACGTCCC-1_3_2"
"979","TAAGCCAGTGATGGCA-1_3_2"
"980","TAAGCGTTCAGGTGTT-1_3_2"
"981","TAAGTCGTCCGACATA-1_3_2"
"982","TAAGTCGTCTCTGCCA-1_3_2"
"983","TAATTCCAGATGCTGG-1_3_2"
"984","TAATTCCAGGTCGAGT-1_3_2"
"985","TAATTCCGTTTACGAC-1_3_2"
"986","TAATTCCTCGCTTACC-1_3_2"
"987","TAATTCCTCTCACTCG-1_3_2"
"988","TACAACGCATCACGGC-1_3_2"
"989","TACACCCAGTTGCGCC-1_3_2"
"990","TACAGGTCAACAGCCC-1_3_2"
"991","TACAGGTGTATAGGAT-1_3_2"
"992","TACAGGTTCAGCCCAG-1_3_2"
"993","TACCCACAGCACCGTC-1_3_2"
"994","TACCCACGTCCATACA-1_3_2"
"995","TACCCGTAGTCATCCA-1_3_2"
"996","TACCCGTCATCATCTT-1_3_2"
"997","TACCGAAGTTATCTGG-1_3_2"
"998","TACCTCGCAATGTCAC-1_3_2"
"999","TACGCTCAGATCGCCC-1_3_2"
"1000","TACGGGCAGTGAGTGC-1_3_2"
"1001","TACGGTACAAGATGGC-1_3_2"
"1002","TACTGCCAGCCTCAAT-1_3_2"
"1003","TACTGCCGTCGGTGTC-1_3_2"
"1004","TACTGCCTCAACTCTT-1_3_2"
"1005","TACTGCCTCTGTCTCG-1_3_2"
"1006","TACTTACCAGGAATCG-1_3_2"
"1007","TACTTACTCCTACCGT-1_3_2"
"1008","TACTTACTCCTTATAC-1_3_2"
"1009","TACTTCAGTTCTTCAT-1_3_2"
"1010","TACTTGTAGTAACCTC-1_3_2"
"1011","TAGACTGCATGGGCAA-1_3_2"
"1012","TAGACTGGTATTGACC-1_3_2"
"1013","TAGAGTCTCATCGCTC-1_3_2"
"1014","TAGAGTCTCTACTTCA-1_3_2"
"1015","TAGAGTCTCTCAGGCG-1_3_2"
"1016","TAGATCGTCGCTACGG-1_3_2"
"1017","TAGGAGGGTAAGCAAT-1_3_2"
"1018","TAGGGTTGTGGATTTC-1_3_2"
"1019","TAGTGCACATTCTGTT-1_3_2"
"1020","TAGTGCAGTATTTCCT-1_3_2"
"1021","TAGTGCAGTTGTGGAG-1_3_2"
"1022","TAGTGCATCTGATTCT-1_3_2"
"1023","TATATCCAGGATATGT-1_3_2"
"1024","TATATCCTCTATCACT-1_3_2"
"1025","TATCCTACAGCGCTTG-1_3_2"
"1026","TATCTTGTCGGACAAG-1_3_2"
"1027","TATGTTCCAACTAGAA-1_3_2"
"1028","TATTCCAGTCTTCGAA-1_3_2"
"1029","TATTGCTGTCCAAGAG-1_3_2"
"1030","TATTGGGAGCTGAAGC-1_3_2"
"1031","TATTGGGCAGAGGGTT-1_3_2"
"1032","TCAAGACCATTCGGGC-1_3_2"
"1033","TCAAGACGTAGCTTTG-1_3_2"
"1034","TCAAGCACATCCTTGC-1_3_2"
"1035","TCAAGTGCAGCTATAC-1_3_2"
"1036","TCAATCTCAGTATTCG-1_3_2"
"1037","TCAATCTGTGTTCCTC-1_3_2"
"1038","TCAATTCGTCCGGATC-1_3_2"
"1039","TCAATTCTCGTGCATA-1_3_2"
"1040","TCACAAGCAAAGACGC-1_3_2"
"1041","TCACAAGCATGTACGT-1_3_2"
"1042","TCACAAGTCATCCTAT-1_3_2"
"1043","TCACATTAGTAATACG-1_3_2"
"1044","TCACATTTCCAACACA-1_3_2"
"1045","TCACGGGCAGGAGACT-1_3_2"
"1046","TCACGGGGTCTCAGAT-1_3_2"
"1047","TCACTATCAAGTGGGT-1_3_2"
"1048","TCACTATCACTGTGAT-1_3_2"
"1049","TCACTCGTCGAAGCCC-1_3_2"
"1050","TCACTCGTCGTCAAAC-1_3_2"
"1051","TCAGCAACATATGAAG-1_3_2"
"1052","TCAGCCTCAACCGACC-1_3_2"
"1053","TCAGCCTGTTTGTTCT-1_3_2"
"1054","TCAGGGCCACCTGCAG-1_3_2"
"1055","TCAGGTATCCGAGGCT-1_3_2"
"1056","TCAGTCCTCCGTATAG-1_3_2"
"1057","TCAGTGAAGGTCATCT-1_3_2"
"1058","TCAGTGAGTGTGTCGC-1_3_2"
"1059","TCAGTGATCAAAGGTA-1_3_2"
"1060","TCATACTGTCAGTCTA-1_3_2"
"1061","TCATATCCATAGGTTC-1_3_2"
"1062","TCATATCGTAACGCGA-1_3_2"
"1063","TCATCATAGGTCCTGC-1_3_2"
"1064","TCATCATGTGAGCTCC-1_3_2"
"1065","TCATCATTCCATTGCC-1_3_2"
"1066","TCATCCGAGAAGGCTC-1_3_2"
"1067","TCATCCGCAAATTGGA-1_3_2"
"1068","TCATGAGCATTGCTGA-1_3_2"
"1069","TCATGAGTCCTCCACA-1_3_2"
"1070","TCATGGATCTAGTTCT-1_3_2"
"1071","TCATGTTAGTGCACCC-1_3_2"
"1072","TCATGTTCAATAGAGT-1_3_2"
"1073","TCATGTTCAATATCCG-1_3_2"
"1074","TCATGTTGTTCTAAGC-1_3_2"
"1075","TCATTACAGTACCGGA-1_3_2"
"1076","TCATTGTGTCTTGTCC-1_3_2"
"1077","TCATTGTGTTCTATCT-1_3_2"
"1078","TCCAGAAAGACTACCT-1_3_2"
"1079","TCCAGAAGTCATCGGC-1_3_2"
"1080","TCCCACACATCTCAAG-1_3_2"
"1081","TCCCAGTCACTGGATT-1_3_2"
"1082","TCCCAGTCACTGGCGT-1_3_2"
"1083","TCCGAAAAGTCCCTAA-1_3_2"
"1084","TCCGAAATCCCTCTAG-1_3_2"
"1085","TCCGATCAGCGGGTTA-1_3_2"
"1086","TCCGATCGTTAGAAAC-1_3_2"
"1087","TCCGGGAGTCACTAGT-1_3_2"
"1088","TCCGGGAGTCCATCTC-1_3_2"
"1089","TCCGTGTGTAGAGGAA-1_3_2"
"1090","TCCGTGTGTCGAACAG-1_3_2"
"1091","TCCTAATCAAACCATC-1_3_2"
"1092","TCCTCCCAGCCTCTCT-1_3_2"
"1093","TCCTCGAAGGCTCCCA-1_3_2"
"1094","TCCTCTTAGTGGTTCT-1_3_2"
"1095","TCCTCTTCACAGCTTA-1_3_2"
"1096","TCCTCTTGTCTAGATC-1_3_2"
"1097","TCCTTCTGTCACCCTT-1_3_2"
"1098","TCGAAGTCAATCTGCA-1_3_2"
"1099","TCGAAGTGTAGTTAGA-1_3_2"
"1100","TCGACCTGTTAATCGC-1_3_2"
"1101","TCGACCTTCGTAACAC-1_3_2"
"1102","TCGATTTAGATACCAA-1_3_2"
"1103","TCGATTTCAATGAGCG-1_3_2"
"1104","TCGATTTTCAGTGTGT-1_3_2"
"1105","TCGCAGGCAGGGTCTC-1_3_2"
"1106","TCGCTCAAGATGACCG-1_3_2"
"1107","TCGCTCAGTCACTCGG-1_3_2"
"1108","TCGCTCAGTGTGTCGC-1_3_2"
"1109","TCGCTCATCATTGGTG-1_3_2"
"1110","TCGCTTGAGCTGCGAA-1_3_2"
"1111","TCGCTTGCACCCAAGC-1_3_2"
"1112","TCGCTTGTCTAGGCAT-1_3_2"
"1113","TCGGGCAGTGACTGTT-1_3_2"
"1114","TCGGGTGCACTTTAGG-1_3_2"
"1115","TCGGTCTTCAGACCGC-1_3_2"
"1116","TCGTAGAAGTATGCAA-1_3_2"
"1117","TCGTAGACATAATGCC-1_3_2"
"1118","TCGTAGAGTGTTCAGT-1_3_2"
"1119","TCGTAGATCATGCCCT-1_3_2"
"1120","TCTAACTAGACCAAAT-1_3_2"
"1121","TCTAACTAGGCGTTGA-1_3_2"
"1122","TCTACATAGTATGGAT-1_3_2"
"1123","TCTATCATCAGTGTGT-1_3_2"
"1124","TCTCACGCAGTAGAGC-1_3_2"
"1125","TCTCACGTCAAATAGG-1_3_2"
"1126","TCTCCGACAACTGCCG-1_3_2"
"1127","TCTCCGACAAGTGATA-1_3_2"
"1128","TCTCCGACACACGTGC-1_3_2"
"1129","TCTCCGACAGAGGTAC-1_3_2"
"1130","TCTCCGACATCATTTC-1_3_2"
"1131","TCTCTGGTCCCTCAAC-1_3_2"
"1132","TCTGCCATCACCTCGT-1_3_2"
"1133","TCTGGCTTCGATTGAC-1_3_2"
"1134","TCTTAGTGTCGTGGAA-1_3_2"
"1135","TCTTCCTCACAAATCC-1_3_2"
"1136","TCTTCCTCATATGCGT-1_3_2"
"1137","TCTTCCTGTGTCATTG-1_3_2"
"1138","TCTTCCTTCTGAGTCA-1_3_2"
"1139","TCTTTGAAGTGTACAA-1_3_2"
"1140","TCTTTGACAACCAACT-1_3_2"
"1141","TCTTTGACATAACGGG-1_3_2"
"1142","TCTTTGAGTGGCTACC-1_3_2"
"1143","TCTTTGATCGAAATCC-1_3_2"
"1144","TCTTTGATCGTAGCTA-1_3_2"
"1145","TGAACGTCAGAATGTA-1_3_2"
"1146","TGAATCGCACGCGCTA-1_3_2"
"1147","TGAATGCTCCGTATAG-1_3_2"
"1148","TGACAGTCAGTTGCGC-1_3_2"
"1149","TGACGCGAGGATGTTA-1_3_2"
"1150","TGACGCGGTTCACGAT-1_3_2"
"1151","TGACTCCAGAGCATCG-1_3_2"
"1152","TGACTCCCACATGTTG-1_3_2"
"1153","TGACTCCTCGCCATAA-1_3_2"
"1154","TGACTCCTCGCCGATG-1_3_2"
"1155","TGAGACTAGCCACCGT-1_3_2"
"1156","TGAGACTTCTTGCGCT-1_3_2"
"1157","TGAGCATTCTCCAATT-1_3_2"
"1158","TGAGCGCCAAATGAGT-1_3_2"
"1159","TGAGGAGAGGATTCCT-1_3_2"
"1160","TGAGGGACATTCTGTT-1_3_2"
"1161","TGAGTCAAGCAACCAG-1_3_2"
"1162","TGATCAGCACCTCGTT-1_3_2"
"1163","TGATCAGGTCCTGTCT-1_3_2"
"1164","TGATGCAGTTTACCTT-1_3_2"
"1165","TGATGGTAGTAGCCAG-1_3_2"
"1166","TGATGGTGTAGGTTTC-1_3_2"
"1167","TGATTCTTCAGACCGC-1_3_2"
"1168","TGATTTCAGCCTGAAG-1_3_2"
"1169","TGCACGGAGGCACTAG-1_3_2"
"1170","TGCAGATAGTGGCCTC-1_3_2"
"1171","TGCAGTATCCTGCCAT-1_3_2"
"1172","TGCATGATCTTTCTAG-1_3_2"
"1173","TGCCGAGGTGTACGCC-1_3_2"
"1174","TGCGACGCAGCTATAC-1_3_2"
"1175","TGCGACGGTATGAGCG-1_3_2"
"1176","TGCGATAAGGCAGGTT-1_3_2"
"1177","TGCGGCAAGTAAACGT-1_3_2"
"1178","TGCGGCACATGTTCAG-1_3_2"
"1179","TGCGGCATCCGCACGA-1_3_2"
"1180","TGCTCGTAGTTGGAGC-1_3_2"
"1181","TGCTCGTCAAGCGGAT-1_3_2"
"1182","TGCTCGTGTCTTACAG-1_3_2"
"1183","TGCTGAAGTATCCTCC-1_3_2"
"1184","TGCTTCGAGCTGTACT-1_3_2"
"1185","TGCTTCGCATGGAGAC-1_3_2"
"1186","TGGAGAGCAATTAGGA-1_3_2"
"1187","TGGAGAGGTCCAGCCA-1_3_2"
"1188","TGGAGGACAATTGAAG-1_3_2"
"1189","TGGATCACAGCTCGGT-1_3_2"
"1190","TGGATGTCAACACACT-1_3_2"
"1191","TGGATGTCAGAGAATT-1_3_2"
"1192","TGGATGTCATGGGAAC-1_3_2"
"1193","TGGCGTGAGACCCGCT-1_3_2"
"1194","TGGCGTGCATAATGAG-1_3_2"
"1195","TGGGAAGCATGGGATG-1_3_2"
"1196","TGGGAGACAGATGCGA-1_3_2"
"1197","TGGGAGAGTAGTTAGA-1_3_2"
"1198","TGGGATTAGCATCCTA-1_3_2"
"1199","TGGGATTAGGCTCTCG-1_3_2"
"1200","TGGGATTCATCGGAAG-1_3_2"
"1201","TGGGATTGTGCCTACG-1_3_2"
"1202","TGGGCGTTCGTTCAGA-1_3_2"
"1203","TGGGTTAGTCGAACAG-1_3_2"
"1204","TGGTACAGTAGCCAGA-1_3_2"
"1205","TGGTAGTTCCGCTGTT-1_3_2"
"1206","TGGTGATGTCGTGGTC-1_3_2"
"1207","TGTAACGAGGAGGGTG-1_3_2"
"1208","TGTAACGAGTGGAATT-1_3_2"
"1209","TGTAACGCACCGGCTA-1_3_2"
"1210","TGTAACGTCGTCTAAG-1_3_2"
"1211","TGTAAGCTCAGAGCAG-1_3_2"
"1212","TGTACAGCAGTAGATA-1_3_2"
"1213","TGTAGACCAAAGGCTG-1_3_2"
"1214","TGTAGACGTCGCTTGG-1_3_2"
"1215","TGTCAGACAAGTCCAT-1_3_2"
"1216","TGTCCACGTAATGCTC-1_3_2"
"1217","TGTCCCACATTGGATC-1_3_2"
"1218","TGTCCCATCCAAACCA-1_3_2"
"1219","TGTCCTGTCTCCTGAC-1_3_2"
"1220","TGTGAGTTCATTGCCC-1_3_2"
"1221","TGTGAGTTCCACTAGA-1_3_2"
"1222","TGTGATGAGATGCGAC-1_3_2"
"1223","TGTGATGAGGGCCCTT-1_3_2"
"1224","TGTGTGAAGCTGTCCG-1_3_2"
"1225","TGTGTGATCATACGAC-1_3_2"
"1226","TGTTACTGTTTAGACC-1_3_2"
"1227","TGTTCATCAAAGGCAC-1_3_2"
"1228","TGTTCCGCAACAGATA-1_3_2"
"1229","TGTTCTAGTTATTCCT-1_3_2"
"1230","TGTTGAGAGGATTTCC-1_3_2"
"1231","TGTTGAGGTCTGCGCA-1_3_2"
"1232","TGTTGAGGTGTTGAGG-1_3_2"
"1233","TGTTGGAAGCACTGGA-1_3_2"
"1234","TGTTGGATCACCGGGT-1_3_2"
"1235","TGTTTGTCACAACATC-1_3_2"
"1236","TGTTTGTCAGCGTGAA-1_3_2"
"1237","TTAATCCAGACATAGT-1_3_2"
"1238","TTAATCCAGTACTGTC-1_3_2"
"1239","TTAATCCGTAACATAG-1_3_2"
"1240","TTACAGGGTGAATTAG-1_3_2"
"1241","TTACAGGTCCACTGGG-1_3_2"
"1242","TTACCATAGGGTAATT-1_3_2"
"1243","TTACCGCAGTCCCAGC-1_3_2"
"1244","TTACCGCCAGCATGCC-1_3_2"
"1245","TTACGCCAGCCTCTCT-1_3_2"
"1246","TTACGCCCAGGCTTGC-1_3_2"
"1247","TTACGCCTCACATCAG-1_3_2"
"1248","TTACGCCTCTATCGGA-1_3_2"
"1249","TTACGTTCAAATGATG-1_3_2"
"1250","TTACTGTTCTGGGCCA-1_3_2"
"1251","TTAGGCATCCCTCAAC-1_3_2"
"1252","TTAGGGTAGCGTGAAC-1_3_2"
"1253","TTAGGGTAGTTGCGCC-1_3_2"
"1254","TTAGGGTCATCAGCGC-1_3_2"
"1255","TTAGGGTTCAGCTTCC-1_3_2"
"1256","TTAGTCTCACCGTCTT-1_3_2"
"1257","TTATTGCAGCTGACAG-1_3_2"
"1258","TTCAATCGTAGACTGG-1_3_2"
"1259","TTCACCGCAAATTAGG-1_3_2"
"1260","TTCACCGGTTTGTTCT-1_3_2"
"1261","TTCACCGTCAACTGAC-1_3_2"
"1262","TTCACGCCATCGTGGC-1_3_2"
"1263","TTCATGTAGTTGGACG-1_3_2"
"1264","TTCATTGAGGAACTCG-1_3_2"
"1265","TTCATTGCAGGGACTA-1_3_2"
"1266","TTCATTGTCTCTATGT-1_3_2"
"1267","TTCATTGTCTTACGGA-1_3_2"
"1268","TTCCACGAGAATAGTC-1_3_2"
"1269","TTCCACGAGGGATGTC-1_3_2"
"1270","TTCCACGAGTATGCAA-1_3_2"
"1271","TTCCACGGTACGTGTT-1_3_2"
"1272","TTCCACGGTGGCACTC-1_3_2"
"1273","TTCCGGTAGAACGTGC-1_3_2"
"1274","TTCCGGTCATATTCGG-1_3_2"
"1275","TTCCGGTGTGGACTAG-1_3_2"
"1276","TTCCTAACACAAATGA-1_3_2"
"1277","TTCCTAACACACAGAG-1_3_2"
"1278","TTCCTAAGTTGGATCT-1_3_2"
"1279","TTCCTTCCAGCACAAG-1_3_2"
"1280","TTCCTTCTCTTGGGCG-1_3_2"
"1281","TTCGCTGCATTGAGCT-1_3_2"
"1282","TTCTTCCAGGGTAGCT-1_3_2"
"1283","TTCTTCCGTAGTTAGA-1_3_2"
"1284","TTCTTGAGTAAGTTGA-1_3_2"
"1285","TTCTTGAGTTACTCAG-1_3_2"
"1286","TTCTTGATCGAAGCCC-1_3_2"
"1287","TTGAACGCAGGATGAC-1_3_2"
"1288","TTGACCCTCGAGCCAC-1_3_2"
"1289","TTGAGTGCAGAACATA-1_3_2"
"1290","TTGAGTGGTAAGCTCT-1_3_2"
"1291","TTGATGGAGACATATG-1_3_2"
"1292","TTGATGGCAGGCACAA-1_3_2"
"1293","TTGATGGCATTCACAG-1_3_2"
"1294","TTGATGGGTGCACAAG-1_3_2"
"1295","TTGCATTAGACGACGT-1_3_2"
"1296","TTGCATTGTCCATCTC-1_3_2"
"1297","TTGCATTTCAGTGCGC-1_3_2"
"1298","TTGCATTTCCTTCTAA-1_3_2"
"1299","TTGCCTGAGCATTTGC-1_3_2"
"1300","TTGCTGCAGCCGATAG-1_3_2"
"1301","TTGCTGCAGGATAATC-1_3_2"
"1302","TTGCTGCCATGCGGTC-1_3_2"
"1303","TTGGATGGTCGTGGAA-1_3_2"
"1304","TTGGGCGCACTGGATT-1_3_2"
"1305","TTGGGCGTCGGTGAAG-1_3_2"
"1306","TTGGTTTAGCGTGCTC-1_3_2"
"1307","TTGGTTTAGGGTGAAA-1_3_2"
"1308","TTGGTTTAGGTCACTT-1_3_2"
"1309","TTGGTTTTCCCTCAAC-1_3_2"
"1310","TTGTGGATCTGGGCGT-1_3_2"
"1311","TTGTGTTGTCATCAGT-1_3_2"
"1312","TTGTGTTTCGCGATCG-1_3_2"
"1313","TTGTTCAAGCGACTAG-1_3_2"
"1314","TTGTTGTCACTACAGT-1_3_2"
"1315","TTGTTGTCAGCTGTGC-1_3_2"
"1316","TTGTTGTCATAGTCGT-1_3_2"
"1317","TTGTTGTTCGAAATCC-1_3_2"
"1318","TTGTTTGAGACGACTG-1_3_2"
"1319","TTGTTTGAGTTGGCTT-1_3_2"
"1320","TTGTTTGCACTGGCCA-1_3_2"
"1321","TTTACCATCCGCGATG-1_3_2"
"1322","TTTACCATCGCTTTAT-1_3_2"
"1323","TTTACGTGTTGCGAAG-1_3_2"
"1324","TTTACTGAGAAATTGC-1_3_2"
"1325","TTTACTGGTGTGTGGA-1_3_2"
"1326","TTTAGTCAGTGCAACG-1_3_2"
"1327","TTTCACACAGTAACGG-1_3_2"
"1328","TTTCATGAGGTCATAA-1_3_2"
"1329","TTTCCTCCAATTGAAG-1_3_2"
"1330","TTTCGATCAGCTGTTA-1_3_2"
"1331","TTTCGATTCACTGATG-1_3_2"
"1332","TTTGACTCACGCCACA-1_3_2"
"1333","TTTGACTGTTGTGCCG-1_3_2"
"1334","TTTGATCAGGAACTAT-1_3_2"
"1335","TTTGATCGTTTGGCTA-1_3_2"
