"","x"
"1","AAACCCAGTCGATTCA-1_1_2"
"2","AAACCCATCAAAGAAC-1_1_2"
"3","AAACGAAAGCCTCGTG-1_1_2"
"4","AAACGAAAGTCCTGCG-1_1_2"
"5","AAACGAACACAAATCC-1_1_2"
"6","AAACGAACACTTGTGA-1_1_2"
"7","AAACGCTAGCCACAAG-1_1_2"
"8","AAACGCTGTTGGCCTG-1_1_2"
"9","AAAGAACAGAGCCGAT-1_1_2"
"10","AAAGAACAGGCATCAG-1_1_2"
"11","AAAGAACTCCAACTGA-1_1_2"
"12","AAAGGATAGAATCGCG-1_1_2"
"13","AAAGGATAGCATGAAT-1_1_2"
"14","AAAGGATTCGTCCATC-1_1_2"
"15","AAAGGTAAGAAACCAT-1_1_2"
"16","AAAGGTACAGGCGTTC-1_1_2"
"17","AAAGGTATCGAGTCCG-1_1_2"
"18","AAAGTCCGTGACCGAA-1_1_2"
"19","AAAGTCCGTTAGGGAC-1_1_2"
"20","AAAGTGAAGAGCAAGA-1_1_2"
"21","AAAGTGACACCAGGTC-1_1_2"
"22","AAAGTGATCAGAGTGG-1_1_2"
"23","AAATGGAAGTCTGGTT-1_1_2"
"24","AAATGGAGTACCGGCT-1_1_2"
"25","AAATGGATCGAAGCCC-1_1_2"
"26","AACAAAGCAATGCAAA-1_1_2"
"27","AACAAAGGTACAGCGA-1_1_2"
"28","AACAAAGGTTCCTAAG-1_1_2"
"29","AACAACCAGTTGTCAC-1_1_2"
"30","AACAACCGTCATCACA-1_1_2"
"31","AACAACCTCGCATTAG-1_1_2"
"32","AACAACCTCTGGCCAG-1_1_2"
"33","AACAAGAAGAGCAAGA-1_1_2"
"34","AACAAGAAGCAATAGT-1_1_2"
"35","AACAAGAAGCCAGACA-1_1_2"
"36","AACACACAGTTTGAGA-1_1_2"
"37","AACACACGTTAATGAG-1_1_2"
"38","AACACACTCAATCAGC-1_1_2"
"39","AACACACTCAGAGCAG-1_1_2"
"40","AACACACTCATGGGAG-1_1_2"
"41","AACAGGGAGAGGGTCT-1_1_2"
"42","AACAGGGAGTCGGCAA-1_1_2"
"43","AACAGGGCAAACTGCT-1_1_2"
"44","AACAGGGCACAACGAG-1_1_2"
"45","AACCAACCATCGTGGC-1_1_2"
"46","AACCAACCATTGCTTT-1_1_2"
"47","AACCAACGTAACGTTC-1_1_2"
"48","AACCAACGTAATACCC-1_1_2"
"49","AACCAACTCACACCCT-1_1_2"
"50","AACCACAAGTCACGCC-1_1_2"
"51","AACCACATCCTACTGC-1_1_2"
"52","AACCATGCAAGACAAT-1_1_2"
"53","AACCATGCAATGAGCG-1_1_2"
"54","AACCATGGTGACACAG-1_1_2"
"55","AACCATGTCGCAGTGC-1_1_2"
"56","AACCATGTCTCGTCAC-1_1_2"
"57","AACCCAACAAGTTGGG-1_1_2"
"58","AACCCAACACAAAGTA-1_1_2"
"59","AACCCAACATTGGCAT-1_1_2"
"60","AACCCAAGTATAATGG-1_1_2"
"61","AACCCAATCAAAGAAC-1_1_2"
"62","AACCTGAAGTCACGAG-1_1_2"
"63","AACCTTTCAATGTCAC-1_1_2"
"64","AACCTTTCATCTGGGC-1_1_2"
"65","AACCTTTTCGGCTCTT-1_1_2"
"66","AACGAAAGTGGCAGAT-1_1_2"
"67","AACGAAATCTCTGACC-1_1_2"
"68","AACGGGAAGTCATTGC-1_1_2"
"69","AACGGGAGTACCTGTA-1_1_2"
"70","AACGGGATCAACCTTT-1_1_2"
"71","AACGTCACAGTAACAA-1_1_2"
"72","AACGTCAGTGAGTTTC-1_1_2"
"73","AACTTCTAGAAGCTCG-1_1_2"
"74","AACTTCTCAGACAAAT-1_1_2"
"75","AAGAACACAAAGGCTG-1_1_2"
"76","AAGAACACAAGGAGTC-1_1_2"
"77","AAGAACACAGCGGTCT-1_1_2"
"78","AAGAACAGTAGAGATT-1_1_2"
"79","AAGAACAGTCAGCGTC-1_1_2"
"80","AAGAACATCGAAGCCC-1_1_2"
"81","AAGACTCGTTCAGCGC-1_1_2"
"82","AAGCATCGTATCAGGG-1_1_2"
"83","AAGCCATAGAATCGTA-1_1_2"
"84","AAGCCATGTATCGATC-1_1_2"
"85","AAGCCATTCCGTAGTA-1_1_2"
"86","AAGCGTTAGACAACAT-1_1_2"
"87","AAGCGTTAGCTCGGCT-1_1_2"
"88","AAGCGTTAGGGCAATC-1_1_2"
"89","AAGCGTTCATAACAGA-1_1_2"
"90","AAGCGTTGTAAGATAC-1_1_2"
"91","AAGCGTTGTCGTGCCA-1_1_2"
"92","AAGCGTTGTGCTTATG-1_1_2"
"93","AAGCGTTTCGTCTCAC-1_1_2"
"94","AAGGAATCAGTAGGAC-1_1_2"
"95","AAGGAATTCGGTTAGT-1_1_2"
"96","AAGGTAACACTACCCT-1_1_2"
"97","AAGGTAATCGCATTGA-1_1_2"
"98","AAGTACCAGCTGACTT-1_1_2"
"99","AAGTACCCAATACAGA-1_1_2"
"100","AAGTACCTCAAACCTG-1_1_2"
"101","AAGTACCTCGTGGGTC-1_1_2"
"102","AAGTCGTAGTTTGGCT-1_1_2"
"103","AAGTCGTCAACACAAA-1_1_2"
"104","AAGTCGTCAACCGGAA-1_1_2"
"105","AAGTCGTGTCCCTAAA-1_1_2"
"106","AAGTCGTGTGGGTCAA-1_1_2"
"107","AAGTTCGAGTCTGCAT-1_1_2"
"108","AAGTTCGCACTTGAGT-1_1_2"
"109","AAGTTCGGTTAGTTCG-1_1_2"
"110","AAGTTCGTCCAAGCCG-1_1_2"
"111","AAGTTCGTCCTATTTG-1_1_2"
"112","AAGTTCGTCTCTAAGG-1_1_2"
"113","AATAGAGAGACTACCT-1_1_2"
"114","AATAGAGCACCTTCGT-1_1_2"
"115","AATAGAGCAGCAGATG-1_1_2"
"116","AATAGAGTCGGCACTG-1_1_2"
"117","AATCACGAGCACGATG-1_1_2"
"118","AATCACGCAGACGCTC-1_1_2"
"119","AATCACGGTGCAACGA-1_1_2"
"120","AATCACGGTTGGATCT-1_1_2"
"121","AATCACGTCTCTGCCA-1_1_2"
"122","AATCGACAGGGAGATA-1_1_2"
"123","AATCGACCAAACGGCA-1_1_2"
"124","AATCGTGCAGATCATC-1_1_2"
"125","AATCGTGCAGGCCTGT-1_1_2"
"126","AATCGTGGTCGATTCA-1_1_2"
"127","AATCGTGTCCCTGGTT-1_1_2"
"128","AATGAAGCACAAACGG-1_1_2"
"129","AATGAAGCACCCTAGG-1_1_2"
"130","AATGAAGGTATGCTAC-1_1_2"
"131","AATGACCAGCTCATAC-1_1_2"
"132","AATGACCAGGCTTTCA-1_1_2"
"133","AATGACCAGTCTGCGC-1_1_2"
"134","AATGACCGTAGGAGGG-1_1_2"
"135","AATGACCGTCACTCGG-1_1_2"
"136","AATGCCAAGATCACTC-1_1_2"
"137","AATGCCAAGCCGTTGC-1_1_2"
"138","AATGCCAAGGCCTGAA-1_1_2"
"139","AATGGAAAGTATCTGC-1_1_2"
"140","AATGGAACAGTAACCT-1_1_2"
"141","AATGGAAGTAGTGATA-1_1_2"
"142","AATGGAAGTCTCAGGC-1_1_2"
"143","AATGGCTAGCCTGAGA-1_1_2"
"144","AATGGCTTCGTAGTGT-1_1_2"
"145","AATTCCTCAGCGAGTA-1_1_2"
"146","AATTCCTGTCGAACAG-1_1_2"
"147","AATTCCTTCGTTATCT-1_1_2"
"148","AATTTCCCACGACCTG-1_1_2"
"149","AATTTCCTCGTTCCTG-1_1_2"
"150","ACAAAGACAAAGACTA-1_1_2"
"151","ACAAAGATCAGACAAA-1_1_2"
"152","ACAAAGATCTATGCCC-1_1_2"
"153","ACAACCAAGCTCGCAC-1_1_2"
"154","ACAACCAAGGTGCCAA-1_1_2"
"155","ACAACCACAACCAGAG-1_1_2"
"156","ACAACCACAATCCTTT-1_1_2"
"157","ACAACCACAATGGGTG-1_1_2"
"158","ACAACCACACCATAAC-1_1_2"
"159","ACAACCACACGTAGAG-1_1_2"
"160","ACAACCAGTCTCACAA-1_1_2"
"161","ACAAGCTAGGCCTAGA-1_1_2"
"162","ACAAGCTAGGTAAGAG-1_1_2"
"163","ACAAGCTGTCGCATTA-1_1_2"
"164","ACAAGCTTCAGACCTA-1_1_2"
"165","ACACAGTAGGGTGAGG-1_1_2"
"166","ACACAGTCACAGTCAT-1_1_2"
"167","ACACAGTCAGCGGTCT-1_1_2"
"168","ACACAGTCATGGCACC-1_1_2"
"169","ACACAGTTCAAAGACA-1_1_2"
"170","ACACAGTTCATTCCTA-1_1_2"
"171","ACACCAACAGCGATTT-1_1_2"
"172","ACACGCGCAACTAGAA-1_1_2"
"173","ACACTGAGTAATTGGA-1_1_2"
"174","ACACTGATCAGACCTA-1_1_2"
"175","ACAGAAAAGAAACACT-1_1_2"
"176","ACAGAAAAGAGGACTC-1_1_2"
"177","ACAGAAATCCTACGAA-1_1_2"
"178","ACAGCCGAGGTCACCC-1_1_2"
"179","ACAGCCGCATCATCCC-1_1_2"
"180","ACAGCCGTCACAACCA-1_1_2"
"181","ACAGGGAGTACCCGCA-1_1_2"
"182","ACATCCCTCAGCGTCG-1_1_2"
"183","ACATCCCTCGTCGGGT-1_1_2"
"184","ACATCGACAACATCGT-1_1_2"
"185","ACATCGACAACGACTT-1_1_2"
"186","ACATCGACAGCCTTCT-1_1_2"
"187","ACATCGAGTACCTAGT-1_1_2"
"188","ACATGCAAGTAGGATT-1_1_2"
"189","ACATGCACACATTCTT-1_1_2"
"190","ACATGCACATGGATCT-1_1_2"
"191","ACATGCAGTACCGGCT-1_1_2"
"192","ACATGCATCATAAGGA-1_1_2"
"193","ACATGCATCCAACCAA-1_1_2"
"194","ACATGCATCCGTGTAA-1_1_2"
"195","ACATTTCTCTCAAAGC-1_1_2"
"196","ACCAAACAGCCGATAG-1_1_2"
"197","ACCAAACCACTACACA-1_1_2"
"198","ACCAAACGTCAAGCGA-1_1_2"
"199","ACCAAACTCCAGTTCC-1_1_2"
"200","ACCAACAAGAACGCGT-1_1_2"
"201","ACCAACACAACCTAAC-1_1_2"
"202","ACCAACACAACTGCCG-1_1_2"
"203","ACCAACACATTGGATC-1_1_2"
"204","ACCAACAGTCTACACA-1_1_2"
"205","ACCACAAGTGCTCGTG-1_1_2"
"206","ACCATTTAGAAGTCTA-1_1_2"
"207","ACCATTTAGGGTTAGC-1_1_2"
"208","ACCATTTTCCATTTAC-1_1_2"
"209","ACCCAAAAGCAGCCTC-1_1_2"
"210","ACCCAAAGTCTAGGTT-1_1_2"
"211","ACCCAAAGTTGCAAGG-1_1_2"
"212","ACCCAAATCCTAAGTG-1_1_2"
"213","ACCCTCAAGACCAAAT-1_1_2"
"214","ACCCTCAGTCTTGAAC-1_1_2"
"215","ACCCTTGAGATTGGGC-1_1_2"
"216","ACCCTTGCATCGGAGA-1_1_2"
"217","ACCCTTGGTACGCTTA-1_1_2"
"218","ACCCTTGGTGCCCTTT-1_1_2"
"219","ACCGTTCGTGTCCATA-1_1_2"
"220","ACCTACCGTCAGCGTC-1_1_2"
"221","ACCTACCTCGACCACG-1_1_2"
"222","ACCTACCTCGCCTCTA-1_1_2"
"223","ACCTACCTCGGTTAGT-1_1_2"
"224","ACCTACCTCTCATTAC-1_1_2"
"225","ACCTGTCAGGCTGTAG-1_1_2"
"226","ACCTGTCCAATCCTTT-1_1_2"
"227","ACCTGTCCATCGTCCT-1_1_2"
"228","ACCTGTCGTTATGTGC-1_1_2"
"229","ACGATCATCTTTCGAT-1_1_2"
"230","ACGATGTCAAAGGCAC-1_1_2"
"231","ACGATGTGTCTGATAC-1_1_2"
"232","ACGATGTTCAAGATAG-1_1_2"
"233","ACGCACGAGACGCTCC-1_1_2"
"234","ACGCACGAGATGCCGA-1_1_2"
"235","ACGCACGAGGATATAC-1_1_2"
"236","ACGCACGCAATTGGTC-1_1_2"
"237","ACGCACGCAGTCTGGC-1_1_2"
"238","ACGGAAGCAGAAGTGC-1_1_2"
"239","ACGGAAGGTCGATTAC-1_1_2"
"240","ACGGAAGGTCTGTAGT-1_1_2"
"241","ACGGGTCAGCAGCCTC-1_1_2"
"242","ACGGGTCAGGGCCAAT-1_1_2"
"243","ACGGGTCCAAGTTGGG-1_1_2"
"244","ACGGGTCTCGAACCAT-1_1_2"
"245","ACGGTCGCAAGACTGG-1_1_2"
"246","ACGGTCGCACAACATC-1_1_2"
"247","ACGGTCGGTCAGTCTA-1_1_2"
"248","ACGGTTAAGCTCGGCT-1_1_2"
"249","ACGGTTATCTTCTGGC-1_1_2"
"250","ACGTACATCCGATGTA-1_1_2"
"251","ACGTAGTAGGCTTAGG-1_1_2"
"252","ACGTAGTGTACTCAAC-1_1_2"
"253","ACGTAGTTCGTAGAGG-1_1_2"
"254","ACGTCCTGTTACCGTA-1_1_2"
"255","ACGTTCCAGATGATTG-1_1_2"
"256","ACGTTCCCATACCAGT-1_1_2"
"257","ACGTTCCTCACTTATC-1_1_2"
"258","ACTATCTGTAAGATCA-1_1_2"
"259","ACTATCTGTGAGAACC-1_1_2"
"260","ACTATCTTCGCAGAGA-1_1_2"
"261","ACTATCTTCTGTCAGA-1_1_2"
"262","ACTATGGAGACTTGTC-1_1_2"
"263","ACTATGGAGCCTAGGA-1_1_2"
"264","ACTATGGCAGCGGATA-1_1_2"
"265","ACTCCCAAGGGTACAC-1_1_2"
"266","ACTCCCACAGGTTCCG-1_1_2"
"267","ACTCCCAGTCGCATCG-1_1_2"
"268","ACTCCCATCCACGTAA-1_1_2"
"269","ACTCCCATCGATACAC-1_1_2"
"270","ACTCCCATCGCGGTAC-1_1_2"
"271","ACTCTCGGTGGTCTCG-1_1_2"
"272","ACTCTCGTCAAGTGTC-1_1_2"
"273","ACTCTCGTCTCGACGG-1_1_2"
"274","ACTGATGAGATGATTG-1_1_2"
"275","ACTGATGAGCAATAAC-1_1_2"
"276","ACTGATGAGCCGATCC-1_1_2"
"277","ACTGATGCATGAGTAA-1_1_2"
"278","ACTGCAAAGGGACAGG-1_1_2"
"279","ACTGCAATCGGCAGTC-1_1_2"
"280","ACTGCAATCGTGCTCT-1_1_2"
"281","ACTGTCCCACGGCGTT-1_1_2"
"282","ACTGTCCGTAGAGTTA-1_1_2"
"283","ACTGTCCTCGGCTATA-1_1_2"
"284","ACTGTGACATTGAAGA-1_1_2"
"285","ACTTAGGAGATGAATC-1_1_2"
"286","ACTTAGGCAGTGCCTG-1_1_2"
"287","ACTTAGGTCAACACCA-1_1_2"
"288","ACTTAGGTCACCCTGT-1_1_2"
"289","ACTTATCTCTGCCTGT-1_1_2"
"290","ACTTCCGGTGGCTTAT-1_1_2"
"291","ACTTCGCCAAGCGATG-1_1_2"
"292","ACTTCGCGTATACAGA-1_1_2"
"293","ACTTTCACACAAGCCC-1_1_2"
"294","ACTTTCACACCGGTCA-1_1_2"
"295","ACTTTCATCAAGTAAG-1_1_2"
"296","ACTTTGTAGGTGCTAG-1_1_2"
"297","ACTTTGTAGTATGCAA-1_1_2"
"298","ACTTTGTCACCTGCGA-1_1_2"
"299","ACTTTGTCAGACCAGA-1_1_2"
"300","ACTTTGTTCTGGGCAC-1_1_2"
"301","AGAAATGAGAAGTATC-1_1_2"
"302","AGAAATGAGGTAAAGG-1_1_2"
"303","AGAAATGAGTCCTGCG-1_1_2"
"304","AGAAATGAGTTCCTGA-1_1_2"
"305","AGAAATGTCTAGCAAC-1_1_2"
"306","AGAACAAAGTAAGACT-1_1_2"
"307","AGAACAACATGTGCCG-1_1_2"
"308","AGAACAAGTCTTCAAG-1_1_2"
"309","AGAACAAGTGCCTTTC-1_1_2"
"310","AGAAGCGAGTAGCAAT-1_1_2"
"311","AGAAGTAAGCCTCTTC-1_1_2"
"312","AGAAGTAGTAGCTTTG-1_1_2"
"313","AGACAAACAAGAGTTA-1_1_2"
"314","AGACAAAGTCACAATC-1_1_2"
"315","AGACAAAGTTTACGTG-1_1_2"
"316","AGACACTAGACCGTTT-1_1_2"
"317","AGACACTAGAGAACCC-1_1_2"
"318","AGACACTAGGATATAC-1_1_2"
"319","AGACACTGTTGCATTG-1_1_2"
"320","AGACACTTCGCAGATT-1_1_2"
"321","AGACACTTCTTGATTC-1_1_2"
"322","AGACAGGAGACCATAA-1_1_2"
"323","AGACAGGAGTTCCGTA-1_1_2"
"324","AGACAGGTCTGGGCGT-1_1_2"
"325","AGACCATTCTACCACC-1_1_2"
"326","AGACCCGAGACATCCT-1_1_2"
"327","AGACCCGCATGGGATG-1_1_2"
"328","AGACCCGGTAGGTTTC-1_1_2"
"329","AGACCCGGTATCCTCC-1_1_2"
"330","AGACTCAAGATCCGAG-1_1_2"
"331","AGAGAATAGTGCACTT-1_1_2"
"332","AGAGAATCAATGCAGG-1_1_2"
"333","AGAGAATGTCGTGGTC-1_1_2"
"334","AGAGAGCAGACTAAGT-1_1_2"
"335","AGAGAGCCATACCAGT-1_1_2"
"336","AGAGCCCGTTGTCAGT-1_1_2"
"337","AGAGCCCTCCTAGCCT-1_1_2"
"338","AGAGCCCTCGCTACAA-1_1_2"
"339","AGAGCCCTCTACGCAA-1_1_2"
"340","AGATAGACACTTCTCG-1_1_2"
"341","AGATAGACAGAATTCC-1_1_2"
"342","AGATAGAGTCCTTTGC-1_1_2"
"343","AGATAGAGTGAGCGAT-1_1_2"
"344","AGATCCACACGCTGTG-1_1_2"
"345","AGATCCACATAGAATG-1_1_2"
"346","AGATCCACATCTCGTC-1_1_2"
"347","AGATCCAGTACGTACT-1_1_2"
"348","AGATCCATCACGAACT-1_1_2"
"349","AGATCCATCTGACGCG-1_1_2"
"350","AGATGAAAGCCAGTAG-1_1_2"
"351","AGATGAAAGGCCCAAA-1_1_2"
"352","AGATGAACAATGGCCC-1_1_2"
"353","AGATGAACACAGCTGC-1_1_2"
"354","AGATGAACACGCGCTA-1_1_2"
"355","AGATGCTGTGCGGCTT-1_1_2"
"356","AGCATCAAGGGAGGTG-1_1_2"
"357","AGCATCACAACCTAAC-1_1_2"
"358","AGCATCACAGTGTGCC-1_1_2"
"359","AGCATCAGTGCATGTT-1_1_2"
"360","AGCATCAGTGTTGCCG-1_1_2"
"361","AGCCAATAGACCTGGA-1_1_2"
"362","AGCCAATAGTCACTGT-1_1_2"
"363","AGCCACGCAACTACGT-1_1_2"
"364","AGCCACGGTGAGAGGG-1_1_2"
"365","AGCCAGCAGGAAACGA-1_1_2"
"366","AGCCAGCCAATCTCGA-1_1_2"
"367","AGCCAGCGTAGAGTTA-1_1_2"
"368","AGCCAGCTCCTCAGGG-1_1_2"
"369","AGCCAGCTCGGTGCAC-1_1_2"
"370","AGCGATTGTGCCCGTA-1_1_2"
"371","AGCGATTTCAGTGCGC-1_1_2"
"372","AGCGCCAAGAAGCCTG-1_1_2"
"373","AGCGCCAGTTGCTGAT-1_1_2"
"374","AGCGCCATCGTAGGAG-1_1_2"
"375","AGCGCTGAGTGGATTA-1_1_2"
"376","AGCGCTGCAAGAGAGA-1_1_2"
"377","AGCGCTGCAGGTGACA-1_1_2"
"378","AGCGTATCAGGTTACT-1_1_2"
"379","AGCGTATTCCTGGGAC-1_1_2"
"380","AGCGTCGAGCCTCTCT-1_1_2"
"381","AGCGTCGGTATACGGG-1_1_2"
"382","AGCGTCGGTTCCCAAA-1_1_2"
"383","AGCTACAAGTTCAACC-1_1_2"
"384","AGCTACAGTCTACAGT-1_1_2"
"385","AGCTACATCGACACCG-1_1_2"
"386","AGCTCAAAGGAACGCT-1_1_2"
"387","AGCTCAAAGTAGTCAA-1_1_2"
"388","AGCTCAAAGTCCGCCA-1_1_2"
"389","AGCTCAAGTCGTCGGT-1_1_2"
"390","AGCTCAATCTCCTGAC-1_1_2"
"391","AGCTTCCAGTGCCAGA-1_1_2"
"392","AGCTTCCGTGCCCGTA-1_1_2"
"393","AGGAAATCAGCCTACG-1_1_2"
"394","AGGAAATGTCCGAAGA-1_1_2"
"395","AGGAATACACCAGTTA-1_1_2"
"396","AGGAATACACGAGAAC-1_1_2"
"397","AGGAATATCGTTCTGC-1_1_2"
"398","AGGACGAAGTCTAGCT-1_1_2"
"399","AGGACGAAGTTCCTGA-1_1_2"
"400","AGGACGACACTTGAGT-1_1_2"
"401","AGGACGATCCCTCTAG-1_1_2"
"402","AGGACGATCCTTCGAC-1_1_2"
"403","AGGACTTCACCTGATA-1_1_2"
"404","AGGACTTTCCGATAAC-1_1_2"
"405","AGGACTTTCGATTCCC-1_1_2"
"406","AGGAGGTCAAGTTTGC-1_1_2"
"407","AGGAGGTGTGCATACT-1_1_2"
"408","AGGATAAGTACAGTTC-1_1_2"
"409","AGGATAATCTCCGAGG-1_1_2"
"410","AGGATCTAGGTACCTT-1_1_2"
"411","AGGCATTAGGCCATAG-1_1_2"
"412","AGGCATTAGTTCGGTT-1_1_2"
"413","AGGCATTCAGAGGAAA-1_1_2"
"414","AGGCATTTCAAATGCC-1_1_2"
"415","AGGCCACAGCTATCCA-1_1_2"
"416","AGGCCACTCCTACTGC-1_1_2"
"417","AGGCCACTCGGCATTA-1_1_2"
"418","AGGCTGCAGACATACA-1_1_2"
"419","AGGCTGCCAAGAATGT-1_1_2"
"420","AGGGAGTAGACAGTCG-1_1_2"
"421","AGGGAGTAGCCGTCGT-1_1_2"
"422","AGGGAGTAGCTGGCCT-1_1_2"
"423","AGGGAGTAGTCATCCA-1_1_2"
"424","AGGGCCTCAGCTGTCG-1_1_2"
"425","AGGGCTCCACAAGCCC-1_1_2"
"426","AGGGCTCGTCGCAGTC-1_1_2"
"427","AGGGTCCCACTAGAGG-1_1_2"
"428","AGGGTCCGTCCATACA-1_1_2"
"429","AGGGTGACATGTAACC-1_1_2"
"430","AGGGTTTAGAAACTAC-1_1_2"
"431","AGGGTTTCACAAACGG-1_1_2"
"432","AGGGTTTCAGCCATTA-1_1_2"
"433","AGGGTTTCATGATCTG-1_1_2"
"434","AGGTAGGCAGGAATCG-1_1_2"
"435","AGGTAGGGTGACCGTC-1_1_2"
"436","AGGTAGGGTGGAACCA-1_1_2"
"437","AGGTCATCACGCTATA-1_1_2"
"438","AGGTCATTCAGTGTGT-1_1_2"
"439","AGGTCTAGTAAGGTCG-1_1_2"
"440","AGGTCTATCACCCTCA-1_1_2"
"441","AGGTCTATCTGTAAGC-1_1_2"
"442","AGGTGTTCAAGTATCC-1_1_2"
"443","AGGTGTTGTATTGGCT-1_1_2"
"444","AGGTGTTGTCGCAACC-1_1_2"
"445","AGGTTACAGAAGGGAT-1_1_2"
"446","AGGTTACGTGAACTAA-1_1_2"
"447","AGGTTGTAGGTGGCTA-1_1_2"
"448","AGGTTGTCAACAGCTT-1_1_2"
"449","AGGTTGTCAGCACACC-1_1_2"
"450","AGGTTGTCATCCAATG-1_1_2"
"451","AGTAACCAGGTACAAT-1_1_2"
"452","AGTAACCCACTGAGGA-1_1_2"
"453","AGTAACCGTCGACTGC-1_1_2"
"454","AGTAACCGTTCCACAA-1_1_2"
"455","AGTACCAGTACTCGTA-1_1_2"
"456","AGTACTGTCTAAACGC-1_1_2"
"457","AGTAGTCAGTATGGCG-1_1_2"
"458","AGTAGTCCACCAAAGG-1_1_2"
"459","AGTAGTCCACTTCTCG-1_1_2"
"460","AGTAGTCGTACGACTT-1_1_2"
"461","AGTAGTCTCAACTGAC-1_1_2"
"462","AGTAGTCTCTGTCTCG-1_1_2"
"463","AGTCAACAGCAACTCT-1_1_2"
"464","AGTCAACCACGTCGGT-1_1_2"
"465","AGTCAACCAGCTCATA-1_1_2"
"466","AGTCAACGTCGGCTAC-1_1_2"
"467","AGTCAACTCGGTAACT-1_1_2"
"468","AGTCATGAGGCTATCT-1_1_2"
"469","AGTCATGCAGTCGCAC-1_1_2"
"470","AGTCATGTCGGTTAGT-1_1_2"
"471","AGTCTCCCACTGGCGT-1_1_2"
"472","AGTCTCCCAGAGAATT-1_1_2"
"473","AGTCTCCCATTGCCTC-1_1_2"
"474","AGTCTCCGTGAGTTGG-1_1_2"
"475","AGTCTCCTCAACCTTT-1_1_2"
"476","AGTGACTAGGCCATAG-1_1_2"
"477","AGTGACTTCCGATGTA-1_1_2"
"478","AGTGATCAGTCATGGG-1_1_2"
"479","AGTGATCTCCTAACAG-1_1_2"
"480","AGTGCCGGTCTGATAC-1_1_2"
"481","AGTGCCGTCAAGATAG-1_1_2"
"482","AGTGCCGTCTGAGGCC-1_1_2"
"483","AGTGTTGAGATGAAGG-1_1_2"
"484","AGTGTTGAGCCTAACT-1_1_2"
"485","AGTGTTGCAACCGCCA-1_1_2"
"486","AGTGTTGCATGACCCG-1_1_2"
"487","AGTGTTGTCGACATAC-1_1_2"
"488","AGTTAGCAGACGTCCC-1_1_2"
"489","AGTTAGCCAAGCGAGT-1_1_2"
"490","AGTTAGCCATCGGTTA-1_1_2"
"491","AGTTAGCTCGTCTAAG-1_1_2"
"492","AGTTCCCAGGGTTGCA-1_1_2"
"493","AGTTCCCCAAGATTGA-1_1_2"
"494","AGTTCCCCACCCTGAG-1_1_2"
"495","AGTTCGAAGCACCGAA-1_1_2"
"496","AGTTCGAGTATTTCGG-1_1_2"
"497","ATACCGAAGGTCACCC-1_1_2"
"498","ATACCGATCTCAACGA-1_1_2"
"499","ATACCTTAGGATGAGA-1_1_2"
"500","ATACCTTCATCGCTGG-1_1_2"
"501","ATACCTTTCTGACAGT-1_1_2"
"502","ATACTTCCATGCCGGT-1_1_2"
"503","ATACTTCGTTCGTAAC-1_1_2"
"504","ATACTTCGTTCTCTAT-1_1_2"
"505","ATACTTCTCCAAGGGA-1_1_2"
"506","ATAGACCAGCGCTTCG-1_1_2"
"507","ATAGACCCAACGTTAC-1_1_2"
"508","ATAGAGAAGGTCCTGC-1_1_2"
"509","ATAGAGACAGGAATCG-1_1_2"
"510","ATAGAGAGTCAACATC-1_1_2"
"511","ATAGAGAGTGGCTTAT-1_1_2"
"512","ATAGAGAGTTGCTCAA-1_1_2"
"513","ATAGAGATCATACGAC-1_1_2"
"514","ATAGGCTAGCACTCTA-1_1_2"
"515","ATAGGCTTCACGGACC-1_1_2"
"516","ATAGGCTTCGGCTGAC-1_1_2"
"517","ATATCCTAGCAAGTGC-1_1_2"
"518","ATATCCTAGGATCATA-1_1_2"
"519","ATATCCTAGGTGCATG-1_1_2"
"520","ATATCCTGTGATCGTT-1_1_2"
"521","ATATCCTTCGGTCTGG-1_1_2"
"522","ATCACAGTCTGAGGTT-1_1_2"
"523","ATCACGAAGGTGCTGA-1_1_2"
"524","ATCACGACAATTTCTC-1_1_2"
"525","ATCACGATCCACAGGC-1_1_2"
"526","ATCACTTCACATTGTG-1_1_2"
"527","ATCACTTGTATCAAGA-1_1_2"
"528","ATCAGGTAGATTGTGA-1_1_2"
"529","ATCAGGTCACAATGAA-1_1_2"
"530","ATCAGGTCATGACTAC-1_1_2"
"531","ATCATTCCACCATTCC-1_1_2"
"532","ATCATTCGTGAGTAGC-1_1_2"
"533","ATCCACCCAGTCCGTG-1_1_2"
"534","ATCCACCGTTCTCCAC-1_1_2"
"535","ATCCACCTCCTCTAAT-1_1_2"
"536","ATCCATTAGCAAATCA-1_1_2"
"537","ATCCATTCAGCCCAGT-1_1_2"
"538","ATCCATTTCAGCTAGT-1_1_2"
"539","ATCCATTTCATGCTAG-1_1_2"
"540","ATCCATTTCCCATAAG-1_1_2"
"541","ATCCCTGAGAGTCACG-1_1_2"
"542","ATCCCTGAGATCACTC-1_1_2"
"543","ATCCCTGAGCATCCTA-1_1_2"
"544","ATCCCTGAGGAGCAAA-1_1_2"
"545","ATCCCTGAGTTACGTC-1_1_2"
"546","ATCCCTGCACCACATA-1_1_2"
"547","ATCCCTGGTGAGTAGC-1_1_2"
"548","ATCCCTGTCATAGACC-1_1_2"
"549","ATCCGTCAGGAACGTC-1_1_2"
"550","ATCCTATCAAAGTGTA-1_1_2"
"551","ATCCTATCAGATACTC-1_1_2"
"552","ATCGATGTCTCTGAGA-1_1_2"
"553","ATCGATGTCTGCTTAT-1_1_2"
"554","ATCGCCTAGATGAATC-1_1_2"
"555","ATCGCCTAGCTAAATG-1_1_2"
"556","ATCGCCTAGGATCATA-1_1_2"
"557","ATCGCCTCACAACCGC-1_1_2"
"558","ATCGCCTCACAATGCT-1_1_2"
"559","ATCGCCTCACTACGGC-1_1_2"
"560","ATCGCCTGTCATCGGC-1_1_2"
"561","ATCGCCTTCAACTACG-1_1_2"
"562","ATCGCCTTCATTACCT-1_1_2"
"563","ATCGCCTTCGCTGATA-1_1_2"
"564","ATCGGATGTTACAGCT-1_1_2"
"565","ATCGGCGAGTTCAACC-1_1_2"
"566","ATCGTAGAGTAGGTTA-1_1_2"
"567","ATCGTAGGTATGGGAC-1_1_2"
"568","ATCGTAGTCGTGTCAA-1_1_2"
"569","ATCGTCCAGAGTTCGG-1_1_2"
"570","ATCGTCCCACGGTGCT-1_1_2"
"571","ATCGTGACAATACGCT-1_1_2"
"572","ATCGTGACAATAGTCC-1_1_2"
"573","ATCGTGAGTACCACGC-1_1_2"
"574","ATCGTGATCTGGTTGA-1_1_2"
"575","ATCTCTATCACCCTTG-1_1_2"
"576","ATCTTCAAGCACTGGA-1_1_2"
"577","ATCTTCAAGCATGAAT-1_1_2"
"578","ATCTTCAAGGATTTCC-1_1_2"
"579","ATCTTCAAGGGAGATA-1_1_2"
"580","ATCTTCAAGTCGCTAT-1_1_2"
"581","ATCTTCAGTTTGTTGG-1_1_2"
"582","ATGAAAGAGCAGCGAT-1_1_2"
"583","ATGAAAGTCCGCTTAC-1_1_2"
"584","ATGAAAGTCGGTCTGG-1_1_2"
"585","ATGACCAAGAAGTATC-1_1_2"
"586","ATGACCACAGCATACT-1_1_2"
"587","ATGACCAGTAGATCCT-1_1_2"
"588","ATGAGGGCAGCATACT-1_1_2"
"589","ATGAGGGGTAGTTCCA-1_1_2"
"590","ATGAGGGTCGACCCAG-1_1_2"
"591","ATGAGTCCAGCTGTCG-1_1_2"
"592","ATGAGTCGTATAGGAT-1_1_2"
"593","ATGAGTCTCCACTGGG-1_1_2"
"594","ATGAGTCTCGTCCTTG-1_1_2"
"595","ATGATCGAGCCTAGGA-1_1_2"
"596","ATGATCGAGTTCGGTT-1_1_2"
"597","ATGATCGTCCCGGTAG-1_1_2"
"598","ATGCATGAGTTACTCG-1_1_2"
"599","ATGCATGTCATGGCCG-1_1_2"
"600","ATGCATGTCCTTCGAC-1_1_2"
"601","ATGCCTCAGGCTGAAC-1_1_2"
"602","ATGCGATAGATTGAGT-1_1_2"
"603","ATGCGATAGGATTTAG-1_1_2"
"604","ATGCGATCAAGGTCTT-1_1_2"
"605","ATGCGATGTACAGAAT-1_1_2"
"606","ATGCGATGTATCTCGA-1_1_2"
"607","ATGCGATGTTAAGACA-1_1_2"
"608","ATGCGATTCGGTGCAC-1_1_2"
"609","ATGGAGGAGTCAAGCG-1_1_2"
"610","ATGGAGGCAATCTGCA-1_1_2"
"611","ATGGAGGGTGAACGGT-1_1_2"
"612","ATGGATCAGAATTTGG-1_1_2"
"613","ATGGATCAGTTGGGAC-1_1_2"
"614","ATGGATCCACCGCTGA-1_1_2"
"615","ATGGATCGTCCATCTC-1_1_2"
"616","ATGGGAGCAATGTGGG-1_1_2"
"617","ATGGGAGCATCTCCCA-1_1_2"
"618","ATGGGAGGTCGTTTCC-1_1_2"
"619","ATGGGTTAGCCGAACA-1_1_2"
"620","ATGGGTTAGGACTATA-1_1_2"
"621","ATGGGTTGTAGTAAGT-1_1_2"
"622","ATGGGTTGTCCAGGTC-1_1_2"
"623","ATGGTTGAGCACAAAT-1_1_2"
"624","ATGGTTGTCAAACCCA-1_1_2"
"625","ATGGTTGTCTTAATCC-1_1_2"
"626","ATGTCCCCAATACCTG-1_1_2"
"627","ATGTCCCGTCAACCTA-1_1_2"
"628","ATGTCCCTCAACCGAT-1_1_2"
"629","ATGTCTTAGAATGTTG-1_1_2"
"630","ATGTCTTTCAAACGAA-1_1_2"
"631","ATGTCTTTCAAGTGGG-1_1_2"
"632","ATGTCTTTCACGATCA-1_1_2"
"633","ATGTCTTTCCATAAGC-1_1_2"
"634","ATGTCTTTCTATCGGA-1_1_2"
"635","ATTACCTCAGACCCGT-1_1_2"
"636","ATTACCTGTACCCGAC-1_1_2"
"637","ATTACCTTCAAGCCGC-1_1_2"
"638","ATTACTCAGCAGTCTT-1_1_2"
"639","ATTACTCCATCCGTTC-1_1_2"
"640","ATTATCCAGGTAGTCG-1_1_2"
"641","ATTATCCGTGGAGGTT-1_1_2"
"642","ATTATCCTCAAACTGC-1_1_2"
"643","ATTCACTTCTTTGCGC-1_1_2"
"644","ATTCAGGGTCACATTG-1_1_2"
"645","ATTCAGGGTTTGGAGG-1_1_2"
"646","ATTCATCAGCCAACCC-1_1_2"
"647","ATTCCATAGAGGTTTA-1_1_2"
"648","ATTCCATCACAAGTTC-1_1_2"
"649","ATTCCATCATCGGATT-1_1_2"
"650","ATTCCCGAGCCGAACA-1_1_2"
"651","ATTCCTACAGAGTCAG-1_1_2"
"652","ATTCCTAGTGCGTCGT-1_1_2"
"653","ATTCGTTTCGTGACTA-1_1_2"
"654","ATTCGTTTCTGGGCCA-1_1_2"
"655","ATTCTACAGACCTCCG-1_1_2"
"656","ATTCTACGTTGATGTC-1_1_2"
"657","ATTCTACTCTCGCCTA-1_1_2"
"658","ATTCTTGCACATTGTG-1_1_2"
"659","ATTCTTGCACCGTCTT-1_1_2"
"660","ATTCTTGCATCCGCGA-1_1_2"
"661","ATTCTTGCATCGTGCG-1_1_2"
"662","ATTGGGTCAAGATGGC-1_1_2"
"663","ATTGGGTCACTGCGTG-1_1_2"
"664","ATTGTTCAGCCGATAG-1_1_2"
"665","ATTGTTCGTCCACTCT-1_1_2"
"666","ATTGTTCTCATTACTC-1_1_2"
"667","ATTGTTCTCATTGCGA-1_1_2"
"668","ATTTACCAGATAGCTA-1_1_2"
"669","ATTTACCAGGCGCTCT-1_1_2"
"670","ATTTACCCACTGCATA-1_1_2"
"671","ATTTACCGTGACACGA-1_1_2"
"672","ATTTACCGTGTGTCCG-1_1_2"
"673","ATTTACCTCGTAGTGT-1_1_2"
"674","ATTTCACAGTCAGCCC-1_1_2"
"675","ATTTCACCATTATGCG-1_1_2"
"676","ATTTCTGTCCTCACGT-1_1_2"
"677","CAAAGAAGTTAGTTCG-1_1_2"
"678","CAAAGAATCCATAGAC-1_1_2"
"679","CAACAGTAGCTTCTAG-1_1_2"
"680","CAACAGTCAGTCAGCC-1_1_2"
"681","CAACAGTGTCTGTGAT-1_1_2"
"682","CAACAGTTCTGTGCTC-1_1_2"
"683","CAACCAAAGAAATCCA-1_1_2"
"684","CAACCAAAGGACAGTC-1_1_2"
"685","CAACCAACACTGTTCC-1_1_2"
"686","CAACCAATCCAATCTT-1_1_2"
"687","CAACCTCAGGTACTGG-1_1_2"
"688","CAACCTCCACGCGCTA-1_1_2"
"689","CAACCTCCAGTCGGAA-1_1_2"
"690","CAACCTCGTAAGGCCA-1_1_2"
"691","CAACCTCGTTGGGTTT-1_1_2"
"692","CAACGATAGCAACCAG-1_1_2"
"693","CAACGATGTAGGAAAG-1_1_2"
"694","CAACGATGTTGTTGCA-1_1_2"
"695","CAACGGCAGCTCGGCT-1_1_2"
"696","CAACGGCGTGCGAACA-1_1_2"
"697","CAACGGCTCAGTGTCA-1_1_2"
"698","CAACGGCTCTCGACGG-1_1_2"
"699","CAAGACTAGAATAGTC-1_1_2"
"700","CAAGACTAGAGGGTGG-1_1_2"
"701","CAAGAGGAGCTGTGCC-1_1_2"
"702","CAAGAGGCAAACCATC-1_1_2"
"703","CAAGAGGCAAAGCGTG-1_1_2"
"704","CAAGAGGCACTAACCA-1_1_2"
"705","CAAGAGGCAGTAACAA-1_1_2"
"706","CAAGAGGGTCGCGTCA-1_1_2"
"707","CAAGAGGTCCAAGAGG-1_1_2"
"708","CAAGCTAAGCTACTGT-1_1_2"
"709","CAAGCTACACCAGTAT-1_1_2"
"710","CAAGCTATCCAACTAG-1_1_2"
"711","CAATACGAGGGACCAT-1_1_2"
"712","CAATACGCAATCGAAA-1_1_2"
"713","CAATACGCACCTCTAC-1_1_2"
"714","CAATACGGTCAGCGTC-1_1_2"
"715","CAATACGTCTGCGGCA-1_1_2"
"716","CAATCGACAACGACTT-1_1_2"
"717","CAATCGAGTTCGATTG-1_1_2"
"718","CAATCGATCGAGTGGA-1_1_2"
"719","CAATGACAGCTTCATG-1_1_2"
"720","CAATGACCAGGACTTT-1_1_2"
"721","CAATGACGTGGACCTC-1_1_2"
"722","CAATGACTCACGGGAA-1_1_2"
"723","CAATTTCCATTGTAGC-1_1_2"
"724","CAATTTCGTTCTCGTC-1_1_2"
"725","CAATTTCTCCTTTAGT-1_1_2"
"726","CACAACAAGACCAACG-1_1_2"
"727","CACAACAAGCAAGTCG-1_1_2"
"728","CACAACAAGCGTATAA-1_1_2"
"729","CACAACATCCTACACC-1_1_2"
"730","CACACAAGTCCGACGT-1_1_2"
"731","CACACAATCTCAACCC-1_1_2"
"732","CACAGATGTAAGACCG-1_1_2"
"733","CACAGATTCAGTGCGC-1_1_2"
"734","CACAGGCCAGACACCC-1_1_2"
"735","CACATGAGTCTCCTGT-1_1_2"
"736","CACATGAGTTCGTGCG-1_1_2"
"737","CACATGATCTCCTGCA-1_1_2"
"738","CACATGATCTTCTAAC-1_1_2"
"739","CACCAAAAGGAACGTC-1_1_2"
"740","CACCAAAGTAGATGTA-1_1_2"
"741","CACCAAAGTGATACAA-1_1_2"
"742","CACCGTTAGGTAACTA-1_1_2"
"743","CACCGTTTCAAGTCTG-1_1_2"
"744","CACGAATAGCCTCAAT-1_1_2"
"745","CACGAATCACGATTCA-1_1_2"
"746","CACGAATCATGACTCA-1_1_2"
"747","CACGAATGTCAACCTA-1_1_2"
"748","CACGGGTAGCACTAGG-1_1_2"
"749","CACGGGTTCAATGCAC-1_1_2"
"750","CACGTGGGTCTTGAAC-1_1_2"
"751","CACGTGGGTTTCGCTC-1_1_2"
"752","CACGTGGGTTTGAAAG-1_1_2"
"753","CACGTTCAGAAGCTGC-1_1_2"
"754","CACGTTCAGGAGATAG-1_1_2"
"755","CACTAAGAGGTTCATC-1_1_2"
"756","CACTAAGGTAGATCGG-1_1_2"
"757","CACTAAGGTGTTTCTT-1_1_2"
"758","CACTAAGTCCGAACGC-1_1_2"
"759","CACTGAACATCTTTCA-1_1_2"
"760","CACTGAATCATAGCAC-1_1_2"
"761","CACTGGGCAAGTGGGT-1_1_2"
"762","CACTGGGCACGGTGCT-1_1_2"
"763","CACTGGGCAGGAATAT-1_1_2"
"764","CACTGGGTCTCAACCC-1_1_2"
"765","CACTGTCAGCTAGAGC-1_1_2"
"766","CACTGTCGTTGGGATG-1_1_2"
"767","CACTGTCTCGTGACTA-1_1_2"
"768","CACTTCGGTTACCCAA-1_1_2"
"769","CACTTCGGTTTCAGAC-1_1_2"
"770","CAGAGCCAGGATACAT-1_1_2"
"771","CAGAGCCAGTCTGTAC-1_1_2"
"772","CAGAGCCCACCCTAAA-1_1_2"
"773","CAGAGCCCATCGAGCC-1_1_2"
"774","CAGAGCCTCCCAGCGA-1_1_2"
"775","CAGATACCAGAACTTC-1_1_2"
"776","CAGATACCAGCGAGTA-1_1_2"
"777","CAGATACGTGCATCTA-1_1_2"
"778","CAGATCAAGTTTGGCT-1_1_2"
"779","CAGATTGCACCGTCGA-1_1_2"
"780","CAGATTGCATATTCGG-1_1_2"
"781","CAGATTGTCGCCGAGT-1_1_2"
"782","CAGATTGTCGGCTCTT-1_1_2"
"783","CAGCAATAGATGACAT-1_1_2"
"784","CAGCAATTCAAGTTGC-1_1_2"
"785","CAGCACGAGAGCGACT-1_1_2"
"786","CAGCACGCAGCTTCCT-1_1_2"
"787","CAGCACGCAGTCGTTA-1_1_2"
"788","CAGCACGCAGTTGGTT-1_1_2"
"789","CAGCACGGTACAGTTC-1_1_2"
"790","CAGCAGCTCTGTTCAT-1_1_2"
"791","CAGCCAGAGTTGTCGT-1_1_2"
"792","CAGCCAGGTATGATCC-1_1_2"
"793","CAGCCAGTCGACCCAG-1_1_2"
"794","CAGCGTGAGTCTGCGC-1_1_2"
"795","CAGCGTGCACTGAGTT-1_1_2"
"796","CAGCGTGCAGAGCCCT-1_1_2"
"797","CAGCGTGGTACGGGAT-1_1_2"
"798","CAGGCCAAGTCCCAGC-1_1_2"
"799","CAGGCCAGTGAACCGA-1_1_2"
"800","CAGGGCTCATGGAAGC-1_1_2"
"801","CAGGGCTGTTCGTACA-1_1_2"
"802","CAGGGCTTCATGTCAG-1_1_2"
"803","CAGGGCTTCTGCACCT-1_1_2"
"804","CAGGTATAGGAATCGC-1_1_2"
"805","CAGGTATCAGACCATT-1_1_2"
"806","CAGGTATCAGCCTTCT-1_1_2"
"807","CAGGTATGTTGGGATG-1_1_2"
"808","CAGTGCGAGCCAGTAG-1_1_2"
"809","CAGTGCGAGTCACAGG-1_1_2"
"810","CAGTTAGAGTAGCAAT-1_1_2"
"811","CAGTTAGCAGGTCAAG-1_1_2"
"812","CAGTTAGTCTGGGATT-1_1_2"
"813","CAGTTCCTCATGCCAA-1_1_2"
"814","CAGTTCCTCCACCCTA-1_1_2"
"815","CATAAGCGTACACGCC-1_1_2"
"816","CATAAGCTCATCCTAT-1_1_2"
"817","CATACAGCAAATCGTC-1_1_2"
"818","CATACAGTCCCTCATG-1_1_2"
"819","CATACCCCAAGCTACT-1_1_2"
"820","CATACCCTCCCTCTTT-1_1_2"
"821","CATACTTAGCCGGAAT-1_1_2"
"822","CATACTTAGCCTCTGG-1_1_2"
"823","CATACTTAGTTTCAGC-1_1_2"
"824","CATACTTGTCTCAGGC-1_1_2"
"825","CATACTTGTGGCTCTG-1_1_2"
"826","CATACTTTCCATGCAA-1_1_2"
"827","CATACTTTCGTTAGAC-1_1_2"
"828","CATAGACAGTTTGAGA-1_1_2"
"829","CATAGACCAGCGTTTA-1_1_2"
"830","CATAGACGTCTAACGT-1_1_2"
"831","CATAGACTCGCCTAGG-1_1_2"
"832","CATAGACTCTTAGTTC-1_1_2"
"833","CATCAAGAGTATAACG-1_1_2"
"834","CATCAAGCAAGCTCTA-1_1_2"
"835","CATCAAGTCCACCCTA-1_1_2"
"836","CATCCACGTATCGCAT-1_1_2"
"837","CATCCCACACTCTAGA-1_1_2"
"838","CATCCCAGTCTCCTGT-1_1_2"
"839","CATCCCAGTGGCGCTT-1_1_2"
"840","CATCCGTAGCTCCACG-1_1_2"
"841","CATCCGTCATCCTAAG-1_1_2"
"842","CATCGCTAGTGGCCTC-1_1_2"
"843","CATCGCTCATAGGTAA-1_1_2"
"844","CATCGCTCATCTCCCA-1_1_2"
"845","CATCGTCCAATGTTGC-1_1_2"
"846","CATCGTCGTGGTCCCA-1_1_2"
"847","CATCGTCTCTGGTTGA-1_1_2"
"848","CATCGTCTCTGTAACG-1_1_2"
"849","CATGAGTAGTGCAGGT-1_1_2"
"850","CATGAGTGTGAGGAAA-1_1_2"
"851","CATGAGTTCGCGGACT-1_1_2"
"852","CATGAGTTCTACTCAT-1_1_2"
"853","CATGCAAAGGCTTTCA-1_1_2"
"854","CATGCAACACGATTCA-1_1_2"
"855","CATGCAACAGACCTAT-1_1_2"
"856","CATGCAAGTAGGCTGA-1_1_2"
"857","CATGCAATCGGCCCAA-1_1_2"
"858","CATGCAATCGTGGACC-1_1_2"
"859","CATGCCTAGTAAATGC-1_1_2"
"860","CATGCCTCATTGCCTC-1_1_2"
"861","CATGCCTGTACCACGC-1_1_2"
"862","CATGCGGAGACGGATC-1_1_2"
"863","CATGCGGAGGCAGGGA-1_1_2"
"864","CATGCTCTCATCTGTT-1_1_2"
"865","CATGCTCTCCTCACCA-1_1_2"
"866","CATGCTCTCGGCGATC-1_1_2"
"867","CATGGATGTCTTCAAG-1_1_2"
"868","CATGGATTCACACCGG-1_1_2"
"869","CATGGTAAGCATCCTA-1_1_2"
"870","CATGGTATCTGAACGT-1_1_2"
"871","CATTCATCATAATCCG-1_1_2"
"872","CATTCATCATTCAGCA-1_1_2"
"873","CATTCATGTATGCGTT-1_1_2"
"874","CATTCATTCTAGCAAC-1_1_2"
"875","CATTCCGAGATGACCG-1_1_2"
"876","CATTCCGGTGTCTTCC-1_1_2"
"877","CATTCCGTCAGTCAGT-1_1_2"
"878","CATTCTAGTCCAGGTC-1_1_2"
"879","CATTGAGCAACTTGGT-1_1_2"
"880","CATTGAGGTGTTCGAT-1_1_2"
"881","CATTGAGTCCAGGACC-1_1_2"
"882","CATTGAGTCTTTGGAG-1_1_2"
"883","CATTGCCAGGTGCATG-1_1_2"
"884","CATTGCCTCACCGGTG-1_1_2"
"885","CATTGCCTCGCAAGAG-1_1_2"
"886","CATTGCCTCTCTATGT-1_1_2"
"887","CATTGTTAGGCTAACG-1_1_2"
"888","CATTGTTCAACGTTAC-1_1_2"
"889","CATTGTTCACCAAATC-1_1_2"
"890","CATTGTTGTTATCCAG-1_1_2"
"891","CATTGTTGTTTGGCTA-1_1_2"
"892","CATTTCAAGGTAGCCA-1_1_2"
"893","CCAATGAGTGGACAGT-1_1_2"
"894","CCAATGAGTTCCGCAG-1_1_2"
"895","CCAATGATCCCGAACG-1_1_2"
"896","CCAATGATCCTTGGAA-1_1_2"
"897","CCAATTTCACGGTGTC-1_1_2"
"898","CCAATTTGTTCTCCCA-1_1_2"
"899","CCAATTTGTTTGCAGT-1_1_2"
"900","CCAATTTTCAGTCATG-1_1_2"
"901","CCACAAAAGCACTCAT-1_1_2"
"902","CCACAAAGTGTCTCCT-1_1_2"
"903","CCACACTAGCTGGCCT-1_1_2"
"904","CCACACTAGTTGCCTA-1_1_2"
"905","CCACCATGTAAGATCA-1_1_2"
"906","CCACCATTCAGTGGGA-1_1_2"
"907","CCACCATTCGTTTACT-1_1_2"
"908","CCACGAGAGAGCATAT-1_1_2"
"909","CCACGAGAGATAGGGA-1_1_2"
"910","CCACGAGCAAGTGGCA-1_1_2"
"911","CCACGAGTCCCGTTGT-1_1_2"
"912","CCACGTTAGATACTGA-1_1_2"
"913","CCACGTTCACTCATAG-1_1_2"
"914","CCACGTTCAGTTTGGT-1_1_2"
"915","CCACGTTGTCCGCAGT-1_1_2"
"916","CCACGTTGTGACTCGC-1_1_2"
"917","CCACGTTTCCTACTGC-1_1_2"
"918","CCACTTGCAGGTGTTT-1_1_2"
"919","CCACTTGGTCTCAGAT-1_1_2"
"920","CCACTTGTCCCTTTGG-1_1_2"
"921","CCATAAGCATCTGTTT-1_1_2"
"922","CCATAAGTCTGCATGA-1_1_2"
"923","CCATCACGTACGGATG-1_1_2"
"924","CCATCACGTGTAAATG-1_1_2"
"925","CCCAACTGTAAGGCTG-1_1_2"
"926","CCCATTGCATGAAGCG-1_1_2"
"927","CCCATTGTCAGACCGC-1_1_2"
"928","CCCGGAACACGACGAA-1_1_2"
"929","CCCGGAAGTAGAGGAA-1_1_2"
"930","CCCGGAAGTTAAGACA-1_1_2"
"931","CCCGGAATCACATCAG-1_1_2"
"932","CCCGGAATCTGAATGC-1_1_2"
"933","CCCTAACAGCGTATAA-1_1_2"
"934","CCCTAACCAGCTAACT-1_1_2"
"935","CCCTAACGTGGCATCC-1_1_2"
"936","CCCTCAAAGTTGTCAC-1_1_2"
"937","CCCTCAAGTCAGTTTG-1_1_2"
"938","CCCTCAAGTGGATCAG-1_1_2"
"939","CCCTCAAGTGTTTACG-1_1_2"
"940","CCCTCAATCACCTGTC-1_1_2"
"941","CCCTCAATCGAACCAT-1_1_2"
"942","CCCTCTCAGATACTGA-1_1_2"
"943","CCCTCTCCACTTCTCG-1_1_2"
"944","CCCTCTCGTATCGAAA-1_1_2"
"945","CCCTCTCGTCGGCTAC-1_1_2"
"946","CCCTCTCGTTGGTACT-1_1_2"
"947","CCCTCTCTCAACTACG-1_1_2"
"948","CCCTCTCTCGCATTAG-1_1_2"
"949","CCCTGATAGAAGCGGG-1_1_2"
"950","CCCTGATAGCGATTCT-1_1_2"
"951","CCCTGATAGGGCCAAT-1_1_2"
"952","CCCTGATTCGCAGATT-1_1_2"
"953","CCCTTAGCAACCACGC-1_1_2"
"954","CCCTTAGCACGACCTG-1_1_2"
"955","CCGAACGGTCTCACAA-1_1_2"
"956","CCGAACGTCTCACCCA-1_1_2"
"957","CCGATCTAGAAGATCT-1_1_2"
"958","CCGATCTTCAGCTAGT-1_1_2"
"959","CCGATCTTCCAGTTCC-1_1_2"
"960","CCGATGGAGCAGCGAT-1_1_2"
"961","CCGATGGAGGAAAGGT-1_1_2"
"962","CCGATGGAGGTAAGGA-1_1_2"
"963","CCGATGGGTATCAAGA-1_1_2"
"964","CCGATGGTCAACACCA-1_1_2"
"965","CCGCAAGAGTAACCTC-1_1_2"
"966","CCGCAAGCACATAACC-1_1_2"
"967","CCGCAAGGTCAGATTC-1_1_2"
"968","CCGCAAGGTGTAAATG-1_1_2"
"969","CCGGACAAGCTCGAAG-1_1_2"
"970","CCGGACAAGTCTAGAA-1_1_2"
"971","CCGGACAGTCCAAGAG-1_1_2"
"972","CCGGACATCAATCGGT-1_1_2"
"973","CCGGGTAGTCACCACG-1_1_2"
"974","CCGGGTAGTCCGTTTC-1_1_2"
"975","CCGGTAGTCTCCGAGG-1_1_2"
"976","CCGGTGAAGGAGTCTG-1_1_2"
"977","CCGGTGAAGTTGGCGA-1_1_2"
"978","CCGTAGGAGGGTAATT-1_1_2"
"979","CCGTAGGGTATGAAGT-1_1_2"
"980","CCGTAGGTCAGGGTAG-1_1_2"
"981","CCGTAGGTCGAGCCTG-1_1_2"
"982","CCGTAGGTCTCGCTCA-1_1_2"
"983","CCGTGAGAGGTTGGTG-1_1_2"
"984","CCGTGAGCAACACACT-1_1_2"
"985","CCGTGAGCACGGTGTC-1_1_2"
"986","CCGTGAGCAGGATGAC-1_1_2"
"987","CCGTGAGGTTCGCGTG-1_1_2"
"988","CCGTTCACAACCTAAC-1_1_2"
"989","CCTAACCAGACGCATG-1_1_2"
"990","CCTAACCAGCCAAGCA-1_1_2"
"991","CCTAACCCAACCCGCA-1_1_2"
"992","CCTAACCCAAGCGATG-1_1_2"
"993","CCTAACCGTTTCGTTT-1_1_2"
"994","CCTAACCTCACAAGAA-1_1_2"
"995","CCTAAGAAGCTCCGAC-1_1_2"
"996","CCTAAGACAACGTTAC-1_1_2"
"997","CCTAAGACAGGACGAT-1_1_2"
"998","CCTACGTAGATTAGTG-1_1_2"
"999","CCTACGTCAGCTTCGG-1_1_2"
"1000","CCTACGTCATTCACCC-1_1_2"
"1001","CCTACGTGTGGCCTCA-1_1_2"
"1002","CCTACGTTCGATTGGT-1_1_2"
"1003","CCTATCGCACATGTTG-1_1_2"
"1004","CCTATCGGTGAGTAAT-1_1_2"
"1005","CCTATCGTCGATCCAA-1_1_2"
"1006","CCTCAACAGTCACTAC-1_1_2"
"1007","CCTCAACTCGCCACTT-1_1_2"
"1008","CCTCACAAGTATGAGT-1_1_2"
"1009","CCTCACACACCTCAGG-1_1_2"
"1010","CCTCACAGTGACACGA-1_1_2"
"1011","CCTCACATCAACCCGG-1_1_2"
"1012","CCTCACATCCGCGATG-1_1_2"
"1013","CCTCAGTAGAACGTGC-1_1_2"
"1014","CCTCAGTAGCATATGA-1_1_2"
"1015","CCTCAGTCACCGTGGT-1_1_2"
"1016","CCTCAGTGTTCCCACT-1_1_2"
"1017","CCTCATGAGGTCGACA-1_1_2"
"1018","CCTCATGTCGACACCG-1_1_2"
"1019","CCTCCAAAGAGGGTGG-1_1_2"
"1020","CCTCCAAGTACGATGG-1_1_2"
"1021","CCTCCAAGTCAAAGTA-1_1_2"
"1022","CCTCCAAGTGCGACAA-1_1_2"
"1023","CCTCCAATCGCCAGAC-1_1_2"
"1024","CCTCCAATCTACACTT-1_1_2"
"1025","CCTCCAATCTTGCGCT-1_1_2"
"1026","CCTCCTCCAAACGGCA-1_1_2"
"1027","CCTCCTCCACCTGAAT-1_1_2"
"1028","CCTCCTCGTCAGTTTG-1_1_2"
"1029","CCTCCTCTCACGGGAA-1_1_2"
"1030","CCTCTAGAGAAGTATC-1_1_2"
"1031","CCTCTAGCAATGCTCA-1_1_2"
"1032","CCTCTCCAGATAACAC-1_1_2"
"1033","CCTGCATAGTTAGTGA-1_1_2"
"1034","CCTGCATCAAAGGGTC-1_1_2"
"1035","CCTGCATCATCATCCC-1_1_2"
"1036","CCTGCATGTCAAACGG-1_1_2"
"1037","CCTGTTGAGGCAGGTT-1_1_2"
"1038","CCTGTTGAGGCCTGAA-1_1_2"
"1039","CCTGTTGAGTTCTACG-1_1_2"
"1040","CCTGTTGGTCCAGTTA-1_1_2"
"1041","CCTTCAGAGCCGTAAG-1_1_2"
"1042","CCTTCAGAGGCCGCTT-1_1_2"
"1043","CCTTCAGCAACACGTT-1_1_2"
"1044","CCTTCAGGTGAATGTA-1_1_2"
"1045","CCTTCAGGTGCCTGAC-1_1_2"
"1046","CCTTGTGAGCGGGTAT-1_1_2"
"1047","CCTTGTGAGCTAGATA-1_1_2"
"1048","CCTTGTGCAAGGACAC-1_1_2"
"1049","CCTTGTGCAGGTTACT-1_1_2"
"1050","CCTTTGGCACAGCCAC-1_1_2"
"1051","CGAAGGAGTACCGGCT-1_1_2"
"1052","CGAAGTTGTCGAGCTC-1_1_2"
"1053","CGAAGTTTCACTGTCC-1_1_2"
"1054","CGAATTGAGTGTTCAC-1_1_2"
"1055","CGAATTGGTAGAGGAA-1_1_2"
"1056","CGAATTGTCCGTGACG-1_1_2"
"1057","CGACAGCCACCATAAC-1_1_2"
"1058","CGACAGCTCACCGGTG-1_1_2"
"1059","CGAGAAGGTAACATAG-1_1_2"
"1060","CGAGGAAGTCCCGGTA-1_1_2"
"1061","CGAGGCTAGGTGCTAG-1_1_2"
"1062","CGAGTGCAGGGTTGCA-1_1_2"
"1063","CGAGTGCAGTGGCCTC-1_1_2"
"1064","CGAGTGCAGTTGCGCC-1_1_2"
"1065","CGAGTGCCAGGCGAAT-1_1_2"
"1066","CGAGTGCCATCCGTGG-1_1_2"
"1067","CGAGTGCGTGTGAATA-1_1_2"
"1068","CGAGTGCTCGCATGAT-1_1_2"
"1069","CGAGTTAGTGACAACG-1_1_2"
"1070","CGAGTTATCATCACTT-1_1_2"
"1071","CGATCGGAGGTTGTTC-1_1_2"
"1072","CGATCGGTCAGTCACA-1_1_2"
"1073","CGATGCGCAACTGATC-1_1_2"
"1074","CGATGCGTCGCTGCGA-1_1_2"
"1075","CGATGGCAGAGTGTTA-1_1_2"
"1076","CGATGGCTCGTTGTTT-1_1_2"
"1077","CGCAGGTGTGTTACAC-1_1_2"
"1078","CGCAGGTTCGAGTACT-1_1_2"
"1079","CGCATAACACTAACCA-1_1_2"
"1080","CGCATAACAGTCGCTG-1_1_2"
"1081","CGCATAAGTAACGGTG-1_1_2"
"1082","CGCATAAGTCCTGTCT-1_1_2"
"1083","CGCATAAGTCGAACAG-1_1_2"
"1084","CGCATGGCACGGTGTC-1_1_2"
"1085","CGCATGGTCTGGTGGC-1_1_2"
"1086","CGCCAGACAGACCAGA-1_1_2"
"1087","CGCCATTAGAGGACTC-1_1_2"
"1088","CGCCATTAGCGAGTCA-1_1_2"
"1089","CGCCATTTCAATCGGT-1_1_2"
"1090","CGCGTGAAGAGGGTGG-1_1_2"
"1091","CGGAACCAGATTCGAA-1_1_2"
"1092","CGGAACCAGGGAGTGG-1_1_2"
"1093","CGGAACCCACCCTTGT-1_1_2"
"1094","CGGAACCCAGCTATAC-1_1_2"
"1095","CGGAATTCATGCAGGA-1_1_2"
"1096","CGGAATTGTCGCAACC-1_1_2"
"1097","CGGAATTTCATGCCCT-1_1_2"
"1098","CGGAATTTCCTGGGAC-1_1_2"
"1099","CGGACACCAGCGTACC-1_1_2"
"1100","CGGACACGTCAAGCCC-1_1_2"
"1101","CGGACACGTTGTCATG-1_1_2"
"1102","CGGAGAACATATGAAG-1_1_2"
"1103","CGGAGAAGTGAGATAT-1_1_2"
"1104","CGGAGAATCAGACCTA-1_1_2"
"1105","CGGAGAATCTATGCCC-1_1_2"
"1106","CGGCAGTGTAACATAG-1_1_2"
"1107","CGGCAGTGTCAAGCCC-1_1_2"
"1108","CGGCAGTGTCTTGTCC-1_1_2"
"1109","CGGCAGTTCATGACAC-1_1_2"
"1110","CGGGACTGTACGGGAT-1_1_2"
"1111","CGGGACTTCCCATTCG-1_1_2"
"1112","CGGGCATAGTTGCGCC-1_1_2"
"1113","CGGGCATCACAGTCAT-1_1_2"
"1114","CGGGCATTCCGGTTCT-1_1_2"
"1115","CGGGTCACATAACGGG-1_1_2"
"1116","CGGGTCATCGGTTCAA-1_1_2"
"1117","CGGGTGTTCATTCACT-1_1_2"
"1118","CGGTCAGCAAAGAACT-1_1_2"
"1119","CGGTCAGCAGGAGGAG-1_1_2"
"1120","CGGTCAGGTGAACGGT-1_1_2"
"1121","CGGTCAGTCTCTCGAC-1_1_2"
"1122","CGTAAGTCAGCAGTGA-1_1_2"
"1123","CGTAAGTTCTTGTTAC-1_1_2"
"1124","CGTAATGCACCCTGAG-1_1_2"
"1125","CGTAGTAAGCTACGTT-1_1_2"
"1126","CGTAGTACAAGAGATT-1_1_2"
"1127","CGTAGTACACGCGTCA-1_1_2"
"1128","CGTAGTACACTTGTGA-1_1_2"
"1129","CGTAGTATCACATACG-1_1_2"
"1130","CGTCAAAAGTGAGGCT-1_1_2"
"1131","CGTCAAACAAAGACGC-1_1_2"
"1132","CGTCAAACAATTCTCT-1_1_2"
"1133","CGTCAAAGTATGAAGT-1_1_2"
"1134","CGTCAAATCGTGCATA-1_1_2"
"1135","CGTCCATAGCCTGTGC-1_1_2"
"1136","CGTCCATGTCACCCTT-1_1_2"
"1137","CGTCCATTCCCTTCCC-1_1_2"
"1138","CGTGAATAGGTCGAGT-1_1_2"
"1139","CGTGAATAGTGTACCT-1_1_2"
"1140","CGTGATAAGTGCCAGA-1_1_2"
"1141","CGTGATATCACGATCA-1_1_2"
"1142","CGTGATATCCGTGTGG-1_1_2"
"1143","CGTGCTTTCTCTCTAA-1_1_2"
"1144","CGTGTCTAGAGGACTC-1_1_2"
"1145","CGTGTCTCATTGTCGA-1_1_2"
"1146","CGTGTCTGTAAGCTCT-1_1_2"
"1147","CGTGTCTGTAGAAACT-1_1_2"
"1148","CGTGTCTGTGACTCTA-1_1_2"
"1149","CGTTAGACATGACAAA-1_1_2"
"1150","CGTTAGAGTGGTACAG-1_1_2"
"1151","CGTTGGGAGTGGTTCT-1_1_2"
"1152","CGTTGGGCAACGTATC-1_1_2"
"1153","CGTTGGGCAAGAGCTG-1_1_2"
"1154","CGTTGGGGTTTGGCTA-1_1_2"
"1155","CTAACCCCAAGTCCCG-1_1_2"
"1156","CTAACCCGTTCAGGTT-1_1_2"
"1157","CTAACCCTCCTAAGTG-1_1_2"
"1158","CTAACCCTCTACACAG-1_1_2"
"1159","CTAACTTAGGCTCCCA-1_1_2"
"1160","CTAACTTCACAGAGAC-1_1_2"
"1161","CTAACTTGTCTCGACG-1_1_2"
"1162","CTAACTTGTGGGCTCT-1_1_2"
"1163","CTAACTTTCTTGGCTC-1_1_2"
"1164","CTAAGTGAGAGAGAAC-1_1_2"
"1165","CTAAGTGCAACGACAG-1_1_2"
"1166","CTAAGTGGTCTGTAGT-1_1_2"
"1167","CTACAGACATGCCGCA-1_1_2"
"1168","CTACAGAGTGAGATCG-1_1_2"
"1169","CTACATTAGTGGGAAA-1_1_2"
"1170","CTACATTCACTCCTGT-1_1_2"
"1171","CTACATTGTAACGCGA-1_1_2"
"1172","CTACCCAGTGTCATGT-1_1_2"
"1173","CTACCCATCGTTCTCG-1_1_2"
"1174","CTACCTGAGGAGACCT-1_1_2"
"1175","CTACCTGAGTACGAGC-1_1_2"
"1176","CTACCTGGTCGCTTAA-1_1_2"
"1177","CTACCTGGTTCAGCGC-1_1_2"
"1178","CTACCTGTCCAAGAGG-1_1_2"
"1179","CTACCTGTCTCCTGCA-1_1_2"
"1180","CTACGGGCACACGTGC-1_1_2"
"1181","CTACGGGTCATTTACC-1_1_2"
"1182","CTACTATAGGGATGTC-1_1_2"
"1183","CTACTATGTAGCTTTG-1_1_2"
"1184","CTACTATGTGGAGAAA-1_1_2"
"1185","CTAGACAAGCGTCTCG-1_1_2"
"1186","CTAGACACAGCTGCCA-1_1_2"
"1187","CTAGACAGTCGAGCAA-1_1_2"
"1188","CTAGACAGTTACAGCT-1_1_2"
"1189","CTAGACATCCTGTTAT-1_1_2"
"1190","CTAGGTATCATTCGGA-1_1_2"
"1191","CTATAGGCACTTGACA-1_1_2"
"1192","CTATAGGCAGTAGAGC-1_1_2"
"1193","CTATAGGTCCTTGAAG-1_1_2"
"1194","CTATAGGTCGTCTACC-1_1_2"
"1195","CTATCCGCATAGAATG-1_1_2"
"1196","CTATCCGCATGATCTG-1_1_2"
"1197","CTATCTAAGCCTAGGA-1_1_2"
"1198","CTATCTAAGCTTTGTG-1_1_2"
"1199","CTATCTAAGGTTTACC-1_1_2"
"1200","CTATCTACAGTTGAAA-1_1_2"
"1201","CTATCTATCTGTAAGC-1_1_2"
"1202","CTCAACCAGCTTACGT-1_1_2"
"1203","CTCAACCAGGATTTAG-1_1_2"
"1204","CTCAACCGTTCTGACA-1_1_2"
"1205","CTCAACCTCAAGTGGG-1_1_2"
"1206","CTCAAGATCCGTCACT-1_1_2"
"1207","CTCAATTCAGAGATGC-1_1_2"
"1208","CTCAATTTCTCAAAGC-1_1_2"
"1209","CTCACTGAGCGTTCCG-1_1_2"
"1210","CTCACTGAGGGACAGG-1_1_2"
"1211","CTCACTGAGTGCAAAT-1_1_2"
"1212","CTCACTGCAAAGTGTA-1_1_2"
"1213","CTCACTGGTTCTGAGT-1_1_2"
"1214","CTCACTGTCCTCACTG-1_1_2"
"1215","CTCAGAAAGTGCAGGT-1_1_2"
"1216","CTCAGAACACCAGTAT-1_1_2"
"1217","CTCAGAACATGGAAGC-1_1_2"
"1218","CTCAGAATCGGCAGTC-1_1_2"
"1219","CTCAGAATCTAGTTCT-1_1_2"
"1220","CTCAGGGAGCTCGCAC-1_1_2"
"1221","CTCAGGGCAGGGAGAG-1_1_2"
"1222","CTCAGGGTCATGCATG-1_1_2"
"1223","CTCAGGGTCTACGCAA-1_1_2"
"1224","CTCATCGGTCCGGATC-1_1_2"
"1225","CTCATCGGTTCACCGG-1_1_2"
"1226","CTCATCGTCAGCTTGA-1_1_2"
"1227","CTCATGCAGCGTATAA-1_1_2"
"1228","CTCATGCAGTCGTTAC-1_1_2"
"1229","CTCATGCGTGTGAGCA-1_1_2"
"1230","CTCATGCTCAGGAAGC-1_1_2"
"1231","CTCATGCTCGATGGAG-1_1_2"
"1232","CTCATTAAGACCTCAT-1_1_2"
"1233","CTCATTAAGAGTGTGC-1_1_2"
"1234","CTCCAACGTCAACCAT-1_1_2"
"1235","CTCCAACTCTGCGGGT-1_1_2"
"1236","CTCCACAAGACTCAAA-1_1_2"
"1237","CTCCATGAGCACAAAT-1_1_2"
"1238","CTCCATGAGGGTAGCT-1_1_2"
"1239","CTCCATGCAAAGGGTC-1_1_2"
"1240","CTCCATGTCACACGAT-1_1_2"
"1241","CTCCATGTCGCCGATG-1_1_2"
"1242","CTCCCAAAGTCCCGAC-1_1_2"
"1243","CTCCCAACAATGAGCG-1_1_2"
"1244","CTCCCAACAGTTACCA-1_1_2"
"1245","CTCCCAACATGTGACT-1_1_2"
"1246","CTCCCAAGTGGTCCGT-1_1_2"
"1247","CTCCCAATCCATTTCA-1_1_2"
"1248","CTCCCTCGTAATGCTC-1_1_2"
"1249","CTCCCTCTCTGGTGCG-1_1_2"
"1250","CTCCGATCATGAGTAA-1_1_2"
"1251","CTCCGATTCACGGGAA-1_1_2"
"1252","CTCCTCCTCGGAGTGA-1_1_2"
"1253","CTCCTCCTCGTCTCAC-1_1_2"
"1254","CTCCTTTAGCCTGTCG-1_1_2"
"1255","CTCGAGGAGCCTGGAA-1_1_2"
"1256","CTCGAGGCAATTGGTC-1_1_2"
"1257","CTCGAGGCACAGTCGC-1_1_2"
"1258","CTCGAGGTCCGATTAG-1_1_2"
"1259","CTCTCAGAGGCCACCT-1_1_2"
"1260","CTCTCAGAGTGGAAAG-1_1_2"
"1261","CTCTCAGCAAGGACAC-1_1_2"
"1262","CTCTCAGCACAGAGAC-1_1_2"
"1263","CTCTCAGCACGAAGAC-1_1_2"
"1264","CTCTCAGGTCAAAGAT-1_1_2"
"1265","CTCTCGAAGCAGTACG-1_1_2"
"1266","CTCTCGAGTGTCTAAC-1_1_2"
"1267","CTCTGGTAGCTGTACT-1_1_2"
"1268","CTCTGGTCACCCTGAG-1_1_2"
"1269","CTGAATGAGGTTATAG-1_1_2"
"1270","CTGAATGGTAGACGGT-1_1_2"
"1271","CTGAATGGTCCTTGTC-1_1_2"
"1272","CTGAATGTCACTGGTA-1_1_2"
"1273","CTGAATGTCTGCACCT-1_1_2"
"1274","CTGAGCGAGACTGAGC-1_1_2"
"1275","CTGAGCGAGCCGTTAT-1_1_2"
"1276","CTGAGCGCAAATGATG-1_1_2"
"1277","CTGAGCGCAGGCTATT-1_1_2"
"1278","CTGAGGCGTCGACGCT-1_1_2"
"1279","CTGATCCAGCATCAGG-1_1_2"
"1280","CTGATCCCATGCGGTC-1_1_2"
"1281","CTGCAGGGTCCAATCA-1_1_2"
"1282","CTGCATCAGGGAGGAC-1_1_2"
"1283","CTGCATCAGGTTATAG-1_1_2"
"1284","CTGCATCGTCGCGTCA-1_1_2"
"1285","CTGCATCTCTACTGCC-1_1_2"
"1286","CTGCCATTCAAACGAA-1_1_2"
"1287","CTGCCATTCATCTCTA-1_1_2"
"1288","CTGCCTACAAGAGTAT-1_1_2"
"1289","CTGCCTATCCATCACC-1_1_2"
"1290","CTGCGAGAGATGTAGT-1_1_2"
"1291","CTGCGAGAGCTTCATG-1_1_2"
"1292","CTGCGAGAGGAACTAT-1_1_2"
"1293","CTGCGAGAGTAGACCG-1_1_2"
"1294","CTGCGAGCAACGATTC-1_1_2"
"1295","CTGCGAGTCAACCGAT-1_1_2"
"1296","CTGCTCAAGAGAGGGC-1_1_2"
"1297","CTGCTCAGTAGTCGGA-1_1_2"
"1298","CTGCTCAGTGAACCGA-1_1_2"
"1299","CTGCTCAGTGATATAG-1_1_2"
"1300","CTGCTCATCGTCGGGT-1_1_2"
"1301","CTGGACGCAGCTGTCG-1_1_2"
"1302","CTGGCAGAGCTGACAG-1_1_2"
"1303","CTGGCAGCACTCCGGA-1_1_2"
"1304","CTGGCAGTCATGCAGT-1_1_2"
"1305","CTGGTCTCATGACAGG-1_1_2"
"1306","CTGGTCTGTGACCGAA-1_1_2"
"1307","CTGTACCAGTCGAAAT-1_1_2"
"1308","CTGTACCGTTGCATCA-1_1_2"
"1309","CTGTACCTCCAGTACA-1_1_2"
"1310","CTGTAGACAGAGAAAG-1_1_2"
"1311","CTGTAGACATCGGATT-1_1_2"
"1312","CTGTATTAGACTTAAG-1_1_2"
"1313","CTGTATTAGTCTAACC-1_1_2"
"1314","CTGTCGTAGGTCGTCC-1_1_2"
"1315","CTGTCGTTCGACGAGA-1_1_2"
"1316","CTGTGAAAGCGTTCCG-1_1_2"
"1317","CTGTGAAAGGTTGGAC-1_1_2"
"1318","CTGTGAACACTATGTG-1_1_2"
"1319","CTGTGGGAGCCTATTG-1_1_2"
"1320","CTGTGGGAGTCATGCT-1_1_2"
"1321","CTGTGGGGTACCGGCT-1_1_2"
"1322","CTGTGGGGTATAGGAT-1_1_2"
"1323","CTTACCGAGACATAAC-1_1_2"
"1324","CTTACCGAGTTCCTGA-1_1_2"
"1325","CTTACCGGTGAACCGA-1_1_2"
"1326","CTTACCGGTTGGCCTG-1_1_2"
"1327","CTTACCGTCCCATTTA-1_1_2"
"1328","CTTACCGTCGAAGCAG-1_1_2"
"1329","CTTACCGTCTCCGAAA-1_1_2"
"1330","CTTAGGATCATAGAGA-1_1_2"
"1331","CTTAGGATCGCTACGG-1_1_2"
"1332","CTTAGGATCGGCTGGT-1_1_2"
"1333","CTTAGGATCGTGGGAA-1_1_2"
"1334","CTTCAATCAATTGCGT-1_1_2"
"1335","CTTCAATTCGAACACT-1_1_2"
"1336","CTTCCGAAGAAACACT-1_1_2"
"1337","CTTCCGACATAGGTAA-1_1_2"
"1338","CTTCCTTAGCTCCCTT-1_1_2"
"1339","CTTCCTTAGTATGACA-1_1_2"
"1340","CTTCCTTCACTCCACT-1_1_2"
"1341","CTTCCTTGTCCGTTTC-1_1_2"
"1342","CTTCCTTTCGCGAAGA-1_1_2"
"1343","CTTCGGTCATGATAGA-1_1_2"
"1344","CTTCGGTGTACCAATC-1_1_2"
"1345","CTTCGGTGTACGACTT-1_1_2"
"1346","CTTCTAAAGAGTTCGG-1_1_2"
"1347","CTTCTAATCATGAGGG-1_1_2"
"1348","CTTCTCTAGAGCCTGA-1_1_2"
"1349","CTTCTCTCACTCAGAT-1_1_2"
"1350","CTTCTCTGTAACAAGT-1_1_2"
"1351","CTTCTCTGTAGGACCA-1_1_2"
"1352","CTTCTCTGTGATAGAT-1_1_2"
"1353","CTTCTCTTCCCTGGTT-1_1_2"
"1354","CTTCTCTTCGGCAGTC-1_1_2"
"1355","CTTGAGACAAACAGGC-1_1_2"
"1356","CTTGAGAGTTAGTCGT-1_1_2"
"1357","CTTGAGAGTTTGCCGG-1_1_2"
"1358","CTTGATTAGGTTCACT-1_1_2"
"1359","CTTGATTCAAGGCAAC-1_1_2"
"1360","CTTGATTCATCGAGCC-1_1_2"
"1361","CTTGATTTCCCTCGTA-1_1_2"
"1362","CTTTCAACAATGACCT-1_1_2"
"1363","CTTTCAAGTAACCCTA-1_1_2"
"1364","CTTTCGGCAAATGCTC-1_1_2"
"1365","CTTTCGGCACAGAAGC-1_1_2"
"1366","CTTTCGGCAGGCATGA-1_1_2"
"1367","CTTTCGGGTTGTGTTG-1_1_2"
"1368","CTTTCGGTCGTGGACC-1_1_2"
"1369","GAAACCTCATAGCTGT-1_1_2"
"1370","GAAATGAAGAGCTTTC-1_1_2"
"1371","GAAATGACATGACAAA-1_1_2"
"1372","GAACACTAGTCTGGTT-1_1_2"
"1373","GAACACTCATGACAAA-1_1_2"
"1374","GAACTGTAGGCAGGTT-1_1_2"
"1375","GAACTGTCATTCTGTT-1_1_2"
"1376","GAACTGTGTGAACTAA-1_1_2"
"1377","GAACTGTGTGTTCAGT-1_1_2"
"1378","GAACTGTTCGGACGTC-1_1_2"
"1379","GAAGAATCAGAGGTTG-1_1_2"
"1380","GAAGAATCATAACCCA-1_1_2"
"1381","GAAGCCCTCATCCTAT-1_1_2"
"1382","GAAGCGACAAGAATAC-1_1_2"
"1383","GAAGCGACACAATGAA-1_1_2"
"1384","GAAGCGACATCGTCCT-1_1_2"
"1385","GAAGCGATCCAAGAGG-1_1_2"
"1386","GAAGGACGTAGACGTG-1_1_2"
"1387","GAAGGACGTTCCGCAG-1_1_2"
"1388","GAAGGACTCAGCTCTC-1_1_2"
"1389","GAAGGGTCAACGGGTA-1_1_2"
"1390","GAAGGGTGTGTGTCGC-1_1_2"
"1391","GAAGGGTTCAGCTGTA-1_1_2"
"1392","GAAGGGTTCCTTGACC-1_1_2"
"1393","GAAGGGTTCGGAATGG-1_1_2"
"1394","GAAGTAACAAGAATAC-1_1_2"
"1395","GAATAGACACAAATGA-1_1_2"
"1396","GAATCACTCACCTTGC-1_1_2"
"1397","GAATCACTCCTTCAGC-1_1_2"
"1398","GAATCGTAGACCAAGC-1_1_2"
"1399","GAATCGTCAAGCGATG-1_1_2"
"1400","GAATCGTCACAACGCC-1_1_2"
"1401","GAATCGTGTCCATCTC-1_1_2"
"1402","GAATCGTGTCTTTCTA-1_1_2"
"1403","GAATCGTTCTCAGGCG-1_1_2"
"1404","GACACGCAGATAGCTA-1_1_2"
"1405","GACACGCAGCTGACTT-1_1_2"
"1406","GACACGCTCACTTGGA-1_1_2"
"1407","GACACGCTCGGTATGT-1_1_2"
"1408","GACATCACAATTCGTG-1_1_2"
"1409","GACATCACATCTCATT-1_1_2"
"1410","GACCAATTCACCTTGC-1_1_2"
"1411","GACCCAGCAGTGTGGA-1_1_2"
"1412","GACCCAGCATACTTTC-1_1_2"
"1413","GACCCAGGTCACTCGG-1_1_2"
"1414","GACCCTTAGATTGCGG-1_1_2"
"1415","GACCCTTCAGTCGGAA-1_1_2"
"1416","GACCCTTTCCCTTGTG-1_1_2"
"1417","GACCCTTTCTGCAGCG-1_1_2"
"1418","GACCGTGAGCGTGCCT-1_1_2"
"1419","GACCGTGCAGTCACGC-1_1_2"
"1420","GACCGTGGTATGCAAA-1_1_2"
"1421","GACCTTCAGCTCTTCC-1_1_2"
"1422","GACCTTCCAAGCGAGT-1_1_2"
"1423","GACCTTCTCAAGCGTT-1_1_2"
"1424","GACCTTCTCTGCGTCT-1_1_2"
"1425","GACGCTGCAGCGGTTC-1_1_2"
"1426","GACGCTGGTTGGGACA-1_1_2"
"1427","GACGCTGTCTTCCCAG-1_1_2"
"1428","GACGTTACACAGAAGC-1_1_2"
"1429","GACGTTAGTCTACATG-1_1_2"
"1430","GACGTTATCGATACGT-1_1_2"
"1431","GACTATGAGACTCATC-1_1_2"
"1432","GACTATGCAGAACGCA-1_1_2"
"1433","GACTCAAGTCCCTCAT-1_1_2"
"1434","GACTCAAGTGGATCAG-1_1_2"
"1435","GACTCTCCAACGGCCT-1_1_2"
"1436","GACTCTCCACATTACG-1_1_2"
"1437","GACTCTCCACTACCCT-1_1_2"
"1438","GACTCTCTCGAGTTGT-1_1_2"
"1439","GACTGATAGACGCAGT-1_1_2"
"1440","GACTGATCAATTTCGG-1_1_2"
"1441","GACTGATCACATGAAA-1_1_2"
"1442","GACTGATCACATTGTG-1_1_2"
"1443","GACTTCCAGAGCGACT-1_1_2"
"1444","GACTTCCGTTGCTTGA-1_1_2"
"1445","GACTTCCTCGAGGCAA-1_1_2"
"1446","GAGAAATAGCAAGGAA-1_1_2"
"1447","GAGAAATAGCGAGTCA-1_1_2"
"1448","GAGAAATGTGCGAACA-1_1_2"
"1449","GAGACCCAGGACACTG-1_1_2"
"1450","GAGACCCAGTGGTCAG-1_1_2"
"1451","GAGACTTAGTGGTTAA-1_1_2"
"1452","GAGAGGTTCCACAAGT-1_1_2"
"1453","GAGAGGTTCTCTCTAA-1_1_2"
"1454","GAGATGGAGCTAGTTC-1_1_2"
"1455","GAGCCTGGTCTACATG-1_1_2"
"1456","GAGCTGCCAGACCCGT-1_1_2"
"1457","GAGCTGCTCAGGAACG-1_1_2"
"1458","GAGCTGCTCGTGGTAT-1_1_2"
"1459","GAGGCAAAGGTAAGAG-1_1_2"
"1460","GAGGCAACACGAAGAC-1_1_2"
"1461","GAGGCAACACTGGCCA-1_1_2"
"1462","GAGGCAACATGACTCA-1_1_2"
"1463","GAGGCAATCATGAGAA-1_1_2"
"1464","GAGGCCTGTGGAATGC-1_1_2"
"1465","GAGGCCTTCAGTGTGT-1_1_2"
"1466","GAGGGATAGACCTCCG-1_1_2"
"1467","GAGGGATTCCGTAATG-1_1_2"
"1468","GAGGGATTCGAGTTGT-1_1_2"
"1469","GAGGGTAAGAGGCTGT-1_1_2"
"1470","GAGGGTAAGAGTCACG-1_1_2"
"1471","GAGGGTAAGCTCGCAC-1_1_2"
"1472","GAGGGTAGTATCACGT-1_1_2"
"1473","GAGTCATCAATCGCCG-1_1_2"
"1474","GAGTCTACACAACGTT-1_1_2"
"1475","GAGTCTACACTGCATA-1_1_2"
"1476","GAGTGTTGTATCAGCT-1_1_2"
"1477","GAGTGTTGTCATCCGG-1_1_2"
"1478","GAGTGTTGTCTACAGT-1_1_2"
"1479","GAGTGTTTCATTGTTC-1_1_2"
"1480","GAGTGTTTCCGACATA-1_1_2"
"1481","GAGTTACAGCTGAGCA-1_1_2"
"1482","GAGTTACAGGGTCACA-1_1_2"
"1483","GAGTTACCAATCCTAG-1_1_2"
"1484","GAGTTACCAGGCAATG-1_1_2"
"1485","GAGTTACGTGCAAGAC-1_1_2"
"1486","GAGTTACTCAAGCCAT-1_1_2"
"1487","GAGTTGTAGACATAAC-1_1_2"
"1488","GAGTTGTAGACCACGA-1_1_2"
"1489","GAGTTGTGTGACCTGC-1_1_2"
"1490","GAGTTTGAGTCCGCCA-1_1_2"
"1491","GATAGAAAGGTTCAGG-1_1_2"
"1492","GATAGAAGTATTCTCT-1_1_2"
"1493","GATAGAATCAGGAGAC-1_1_2"
"1494","GATAGAATCTAGCAAC-1_1_2"
"1495","GATAGCTAGAAAGCGA-1_1_2"
"1496","GATAGCTCACTGCGAC-1_1_2"
"1497","GATAGCTGTCTTCATT-1_1_2"
"1498","GATAGCTTCCGACAGC-1_1_2"
"1499","GATCAGTAGCACCCAC-1_1_2"
"1500","GATCAGTAGGTTCCAT-1_1_2"
"1501","GATCATGGTCAGATTC-1_1_2"
"1502","GATCATGTCTCGTCGT-1_1_2"
"1503","GATCCCTAGAACCGCA-1_1_2"
"1504","GATCCCTGTTGCATCA-1_1_2"
"1505","GATCCCTGTTTGATCG-1_1_2"
"1506","GATCGTAAGTCGCTAT-1_1_2"
"1507","GATCGTACAAACTAGA-1_1_2"
"1508","GATCGTAGTTCGTAAC-1_1_2"
"1509","GATCGTATCAATCTTC-1_1_2"
"1510","GATGACTCAAGTCATC-1_1_2"
"1511","GATGACTCATGAGGGT-1_1_2"
"1512","GATGACTTCACGATAC-1_1_2"
"1513","GATGAGGGTCACCGCA-1_1_2"
"1514","GATGAGGGTTCATCGA-1_1_2"
"1515","GATGAGGTCAACCTTT-1_1_2"
"1516","GATGATCAGTTTCTTC-1_1_2"
"1517","GATGCTAAGGTTCTTG-1_1_2"
"1518","GATGCTAAGTCTTCCC-1_1_2"
"1519","GATGCTAGTTTGTGGT-1_1_2"
"1520","GATGCTATCCCTCGTA-1_1_2"
"1521","GATGGAGAGAGCAGCT-1_1_2"
"1522","GATGGAGAGATTGACA-1_1_2"
"1523","GATGGAGCAAATCGGG-1_1_2"
"1524","GATGGAGCATACACCA-1_1_2"
"1525","GATGGAGGTTCGCGTG-1_1_2"
"1526","GATGGAGTCTCTCGCA-1_1_2"
"1527","GATGTTGTCAGAGTTC-1_1_2"
"1528","GATTCGACAAGTGGGT-1_1_2"
"1529","GATTCGACACTGGCCA-1_1_2"
"1530","GATTCGACAGCGACCT-1_1_2"
"1531","GATTCGACAGGGAATC-1_1_2"
"1532","GATTCGAGTGACTAAA-1_1_2"
"1533","GATTCGATCCGTAATG-1_1_2"
"1534","GATTCTTAGCGATCGA-1_1_2"
"1535","GATTGGTGTGAAGCTG-1_1_2"
"1536","GATTGGTGTTTACTTC-1_1_2"
"1537","GATTGGTTCAGCTGAT-1_1_2"
"1538","GATTGGTTCTCATTGT-1_1_2"
"1539","GATTTCTGTCAACGCC-1_1_2"
"1540","GATTTCTGTGCGACAA-1_1_2"
"1541","GATTTCTTCCCATACC-1_1_2"
"1542","GCAACATAGCACGATG-1_1_2"
"1543","GCAACATGTTTGAACC-1_1_2"
"1544","GCAACCGGTGGGCTTC-1_1_2"
"1545","GCAACCGTCTTTCGAT-1_1_2"
"1546","GCACATAGTAACCCGC-1_1_2"
"1547","GCACGGTCAAAGACTA-1_1_2"
"1548","GCACGGTCAAGGTACG-1_1_2"
"1549","GCACGGTGTGGCTACC-1_1_2"
"1550","GCACGTGCAGTGCGCT-1_1_2"
"1551","GCACGTGGTTCCGCTT-1_1_2"
"1552","GCACGTGTCGTAACTG-1_1_2"
"1553","GCACTAAAGGGTTAGC-1_1_2"
"1554","GCACTAACATGTGCTA-1_1_2"
"1555","GCACTAAGTTCGATTG-1_1_2"
"1556","GCACTAATCCAACACA-1_1_2"
"1557","GCAGCCAAGGCCACTC-1_1_2"
"1558","GCAGCCACAACACGTT-1_1_2"
"1559","GCAGCCACAATAGTAG-1_1_2"
"1560","GCAGCTGAGGACTTCT-1_1_2"
"1561","GCAGCTGGTCAGCGTC-1_1_2"
"1562","GCAGGCTCAACCAATC-1_1_2"
"1563","GCAGGCTCAATTCGTG-1_1_2"
"1564","GCAGGCTGTAATCAGA-1_1_2"
"1565","GCAGTTAAGGTGGTTG-1_1_2"
"1566","GCAGTTAGTCATGGCC-1_1_2"
"1567","GCATCGGGTGAGCTCC-1_1_2"
"1568","GCATGATCACCTCTGT-1_1_2"
"1569","GCATGATTCACTGGTA-1_1_2"
"1570","GCATTAGCATGGCGCT-1_1_2"
"1571","GCATTAGTCCTGTTAT-1_1_2"
"1572","GCATTAGTCTCATGGA-1_1_2"
"1573","GCATTAGTCTTCTTCC-1_1_2"
"1574","GCCAACGCACCTGCGA-1_1_2"
"1575","GCCAACGCAGAATGTA-1_1_2"
"1576","GCCAACGCATGAATCC-1_1_2"
"1577","GCCAGGTGTAAGTAGT-1_1_2"
"1578","GCCAGGTGTGTGACCC-1_1_2"
"1579","GCCAGGTTCATGGATC-1_1_2"
"1580","GCCAGGTTCTTGTTAC-1_1_2"
"1581","GCCAGTGTCGTCGATA-1_1_2"
"1582","GCCATGGAGAAACTAC-1_1_2"
"1583","GCCATGGAGACGTCGA-1_1_2"
"1584","GCCATGGCAGAAGTGC-1_1_2"
"1585","GCCATGGTCTAACGCA-1_1_2"
"1586","GCCATGGTCTACTCAT-1_1_2"
"1587","GCCATTCAGCTAGAAT-1_1_2"
"1588","GCCATTCCAAACTAGA-1_1_2"
"1589","GCCATTCCAGCAGTCC-1_1_2"
"1590","GCCATTCGTACAGTTC-1_1_2"
"1591","GCCATTCGTCAACCTA-1_1_2"
"1592","GCCCAGAAGAGATCGC-1_1_2"
"1593","GCCCGAACACTATCGA-1_1_2"
"1594","GCCGATGAGTCTGGAG-1_1_2"
"1595","GCCGATGCACTAGTAC-1_1_2"
"1596","GCCGATGTCCACTGGG-1_1_2"
"1597","GCCGATGTCCTGGCTT-1_1_2"
"1598","GCCGTGAAGTCATACC-1_1_2"
"1599","GCCGTGAGTGTGAATA-1_1_2"
"1600","GCCGTGATCATGCGGC-1_1_2"
"1601","GCCTGTTAGATGAATC-1_1_2"
"1602","GCCTGTTAGCATTGTC-1_1_2"
"1603","GCCTGTTAGGAGTCTG-1_1_2"
"1604","GCCTGTTAGGCTCACC-1_1_2"
"1605","GCCTGTTGTATCGGTT-1_1_2"
"1606","GCCTGTTGTTAAGGGC-1_1_2"
"1607","GCGATCGTCGAACCTA-1_1_2"
"1608","GCGGAAAAGCCATTGT-1_1_2"
"1609","GCGGAAAGTGATCATC-1_1_2"
"1610","GCGGAAAGTTGGCCGT-1_1_2"
"1611","GCGGAAATCTTCGGAA-1_1_2"
"1612","GCGGATCTCGTTCATT-1_1_2"
"1613","GCGTGCAAGAGTACCG-1_1_2"
"1614","GCGTTTCAGACCGTTT-1_1_2"
"1615","GCGTTTCTCCTGCTAC-1_1_2"
"1616","GCGTTTCTCGTCACCT-1_1_2"
"1617","GCTACAACAACCGCCA-1_1_2"
"1618","GCTACAAGTGTCGATT-1_1_2"
"1619","GCTACAATCCATTCAT-1_1_2"
"1620","GCTACCTAGTAGCAAT-1_1_2"
"1621","GCTACCTAGTTGGGAC-1_1_2"
"1622","GCTACCTCACCCTCTA-1_1_2"
"1623","GCTACCTCAGTGTGCC-1_1_2"
"1624","GCTACCTCATTCACCC-1_1_2"
"1625","GCTACCTGTACCCGCA-1_1_2"
"1626","GCTACCTGTGTATACC-1_1_2"
"1627","GCTCAAACACTACGGC-1_1_2"
"1628","GCTCAAATCGTGGAAG-1_1_2"
"1629","GCTGCAGAGCACTCCG-1_1_2"
"1630","GCTGCAGTCAGTCAGT-1_1_2"
"1631","GCTGGGTTCGATGGAG-1_1_2"
"1632","GCTGGGTTCGTGGCTG-1_1_2"
"1633","GCTTCACCACCTCTAC-1_1_2"
"1634","GCTTGGGAGAGGTCGT-1_1_2"
"1635","GCTTGGGCACATTGTG-1_1_2"
"1636","GCTTGGGTCGTTCCTG-1_1_2"
"1637","GCTTTCGTCGTTCTGC-1_1_2"
"1638","GGAACCCAGCCTGAAG-1_1_2"
"1639","GGAACCCCAACGACAG-1_1_2"
"1640","GGAACCCCAGCTGAAG-1_1_2"
"1641","GGAACCCCATCTGCGG-1_1_2"
"1642","GGAACCCGTCGGTGAA-1_1_2"
"1643","GGAAGTGAGGGCCCTT-1_1_2"
"1644","GGAAGTGCAAGGAGTC-1_1_2"
"1645","GGAATCTCAGCCCACA-1_1_2"
"1646","GGAATCTTCGTAGTCA-1_1_2"
"1647","GGAATGGAGCACCGTC-1_1_2"
"1648","GGAATGGAGCGCATCC-1_1_2"
"1649","GGAATGGCAGAGACTG-1_1_2"
"1650","GGAGAACTCAGTGCGC-1_1_2"
"1651","GGAGATGAGCACCCAC-1_1_2"
"1652","GGAGATGGTCACAATC-1_1_2"
"1653","GGAGCAAAGGTACAGC-1_1_2"
"1654","GGAGCAAAGTCGGGAT-1_1_2"
"1655","GGAGCAACAATGTCTG-1_1_2"
"1656","GGAGCAACACTTTAGG-1_1_2"
"1657","GGAGCAACATTGCCTC-1_1_2"
"1658","GGAGCAAGTGGCTGAA-1_1_2"
"1659","GGAGCAATCTGCGTCT-1_1_2"
"1660","GGAGGATCAAAGCACG-1_1_2"
"1661","GGAGGATCACAGTACT-1_1_2"
"1662","GGAGGATCATCTCAAG-1_1_2"
"1663","GGAGGATCATGTGGTT-1_1_2"
"1664","GGAGGATTCCGTTGAA-1_1_2"
"1665","GGAGGATTCTCGCGTT-1_1_2"
"1666","GGAGGTAAGGTAGATT-1_1_2"
"1667","GGAGGTACACTCCTTG-1_1_2"
"1668","GGAGGTACAGGCGTTC-1_1_2"
"1669","GGATCTAAGTCCGCCA-1_1_2"
"1670","GGATCTACATCGATGT-1_1_2"
"1671","GGATCTAGTGGACAGT-1_1_2"
"1672","GGATGTTAGAATCCCT-1_1_2"
"1673","GGATGTTAGGAATGTT-1_1_2"
"1674","GGATGTTCACCCAATA-1_1_2"
"1675","GGATGTTGTACCCACG-1_1_2"
"1676","GGATGTTGTCCACATA-1_1_2"
"1677","GGATGTTTCGCGGACT-1_1_2"
"1678","GGCACGTAGTCCTGCG-1_1_2"
"1679","GGCACGTGTGAGTTGG-1_1_2"
"1680","GGCACGTTCAGACCCG-1_1_2"
"1681","GGCAGTCAGTCAACAA-1_1_2"
"1682","GGCGTCAAGATGAAGG-1_1_2"
"1683","GGCGTCAGTAGTGGCA-1_1_2"
"1684","GGCTGTGAGGACCCAA-1_1_2"
"1685","GGCTGTGCATCTCGTC-1_1_2"
"1686","GGCTTGGAGCCTTCTC-1_1_2"
"1687","GGCTTGGAGGCTGGAT-1_1_2"
"1688","GGCTTTCAGCACTCTA-1_1_2"
"1689","GGCTTTCTCCGGGACT-1_1_2"
"1690","GGCTTTCTCGCGCTGA-1_1_2"
"1691","GGGAAGTCACCGTACG-1_1_2"
"1692","GGGACAACAGTGCCTG-1_1_2"
"1693","GGGACCTCATGCCATA-1_1_2"
"1694","GGGACCTTCAATGCAC-1_1_2"
"1695","GGGACCTTCGCCTCTA-1_1_2"
"1696","GGGACTCCAAGAATAC-1_1_2"
"1697","GGGACTCCACCCTAAA-1_1_2"
"1698","GGGACTCCAGGAGGAG-1_1_2"
"1699","GGGACTCGTACCTAGT-1_1_2"
"1700","GGGACTCGTGCATCTA-1_1_2"
"1701","GGGACTCGTTGGGATG-1_1_2"
"1702","GGGACTCTCACCTTGC-1_1_2"
"1703","GGGACTCTCTGGGAGA-1_1_2"
"1704","GGGAGTAAGAGCAACC-1_1_2"
"1705","GGGAGTACAAATAGCA-1_1_2"
"1706","GGGAGTAGTGGCTTAT-1_1_2"
"1707","GGGAGTATCTCGCGTT-1_1_2"
"1708","GGGATCCTCGACCACG-1_1_2"
"1709","GGGATGAAGTCCGCCA-1_1_2"
"1710","GGGATGACAGAGTAAT-1_1_2"
"1711","GGGATGACATGATGCT-1_1_2"
"1712","GGGCCATAGGGCTGAT-1_1_2"
"1713","GGGCCATGTCATCGGC-1_1_2"
"1714","GGGCCATGTGTTCAGT-1_1_2"
"1715","GGGCCATTCCACCTGT-1_1_2"
"1716","GGGCCATTCTGCATGA-1_1_2"
"1717","GGGCGTTGTCATATGC-1_1_2"
"1718","GGGCTACAGAAATCCA-1_1_2"
"1719","GGGCTACAGTTGTAAG-1_1_2"
"1720","GGGCTACGTGATTCTG-1_1_2"
"1721","GGGCTCACACGCACCA-1_1_2"
"1722","GGGCTCACACGTAGAG-1_1_2"
"1723","GGGCTCAGTTCATCTT-1_1_2"
"1724","GGGCTCATCAGACCGC-1_1_2"
"1725","GGGTAGACACTGCATA-1_1_2"
"1726","GGGTAGACAGACACAG-1_1_2"
"1727","GGGTATTAGAGTGGCT-1_1_2"
"1728","GGGTATTAGTAAGGGA-1_1_2"
"1729","GGGTATTCAATACCCA-1_1_2"
"1730","GGGTATTCAATTAGGA-1_1_2"
"1731","GGGTATTCACACGGTC-1_1_2"
"1732","GGGTATTTCGAGAGCA-1_1_2"
"1733","GGGTCACAGATACAGT-1_1_2"
"1734","GGGTCACCAAGAGGCT-1_1_2"
"1735","GGGTCACTCGGTTAGT-1_1_2"
"1736","GGGTCACTCTGCTGAA-1_1_2"
"1737","GGGTCTGCAATCGCCG-1_1_2"
"1738","GGGTCTGGTTCGGCTG-1_1_2"
"1739","GGGTGAAAGCGCCTTG-1_1_2"
"1740","GGGTGAAGTCCAGTTA-1_1_2"
"1741","GGGTGTCAGTATAGGT-1_1_2"
"1742","GGGTGTCGTCCAAAGG-1_1_2"
"1743","GGGTGTCGTCGAATTC-1_1_2"
"1744","GGGTGTCTCATCTCTA-1_1_2"
"1745","GGGTGTCTCGTGTTCC-1_1_2"
"1746","GGGTTATAGGCTAAAT-1_1_2"
"1747","GGGTTATCAGTGTACT-1_1_2"
"1748","GGGTTTAAGCGGTATG-1_1_2"
"1749","GGGTTTACATATGGCT-1_1_2"
"1750","GGGTTTAGTGTTCAGT-1_1_2"
"1751","GGGTTTATCCACCTCA-1_1_2"
"1752","GGTAACTAGGTCATAA-1_1_2"
"1753","GGTAACTTCGTTGTTT-1_1_2"
"1754","GGTAATCCAACACACT-1_1_2"
"1755","GGTAATCCAGCTTTCC-1_1_2"
"1756","GGTAGAGAGTGTAGTA-1_1_2"
"1757","GGTAGAGCAAGGGTCA-1_1_2"
"1758","GGTAGAGTCATGGGAG-1_1_2"
"1759","GGTCACGCAGTATACC-1_1_2"
"1760","GGTCACGGTAGGAAAG-1_1_2"
"1761","GGTCACGGTCAAAGCG-1_1_2"
"1762","GGTCTGGAGGACGGAG-1_1_2"
"1763","GGTCTGGAGTACGAGC-1_1_2"
"1764","GGTCTGGCATGATGCT-1_1_2"
"1765","GGTCTGGTCATGGAGG-1_1_2"
"1766","GGTGAAGGTACACTCA-1_1_2"
"1767","GGTGATTAGATGGTCG-1_1_2"
"1768","GGTGATTCAGCGTATT-1_1_2"
"1769","GGTGGCTAGAGGATCC-1_1_2"
"1770","GGTGGCTAGCATATGA-1_1_2"
"1771","GGTGGCTCATCGTGCG-1_1_2"
"1772","GGTGGCTCATTGCTGA-1_1_2"
"1773","GGTGGCTGTCGTATGT-1_1_2"
"1774","GGTGTCGAGCATTTGC-1_1_2"
"1775","GGTGTCGTCGGATAAA-1_1_2"
"1776","GGTGTCGTCGGCTGGT-1_1_2"
"1777","GGTGTTAGTAACACCT-1_1_2"
"1778","GGTGTTAGTCAGACTT-1_1_2"
"1779","GGTTCTCAGAGGTGCT-1_1_2"
"1780","GGTTCTCAGGCTCTAT-1_1_2"
"1781","GGTTCTCCATTCCTCG-1_1_2"
"1782","GGTTCTCGTCGCAACC-1_1_2"
"1783","GGTTCTCGTTGACGGA-1_1_2"
"1784","GGTTCTCTCCGTTGAA-1_1_2"
"1785","GGTTGTAAGAGCGACT-1_1_2"
"1786","GGTTGTAAGCTAAATG-1_1_2"
"1787","GGTTGTACATGAGGGT-1_1_2"
"1788","GGTTGTAGTACTGCCG-1_1_2"
"1789","GTAACACAGCAATTAG-1_1_2"
"1790","GTAACACCAGAGTAAT-1_1_2"
"1791","GTAACACGTCAACACT-1_1_2"
"1792","GTAACACGTCGCCACA-1_1_2"
"1793","GTAAGTCCACCTGCGA-1_1_2"
"1794","GTAAGTCGTGTCATCA-1_1_2"
"1795","GTAATCGGTTCCGCTT-1_1_2"
"1796","GTAATGCAGGGCTGAT-1_1_2"
"1797","GTAATGCAGTCACTGT-1_1_2"
"1798","GTAATGCGTCGAACGA-1_1_2"
"1799","GTAATGCGTTGTACGT-1_1_2"
"1800","GTACAACCAAGAGTGC-1_1_2"
"1801","GTACAACCACGGCACT-1_1_2"
"1802","GTACAACCAGCAGACA-1_1_2"
"1803","GTACAACGTTCGGCGT-1_1_2"
"1804","GTACAGTAGCTTGTTG-1_1_2"
"1805","GTACAGTGTCTCAAGT-1_1_2"
"1806","GTACAGTGTGTGGTCC-1_1_2"
"1807","GTACAGTTCATTACCT-1_1_2"
"1808","GTAGAAAAGTGATAGT-1_1_2"
"1809","GTAGAAAGTCAGCGTC-1_1_2"
"1810","GTAGAAATCTCACTCG-1_1_2"
"1811","GTAGAGGGTAACATGA-1_1_2"
"1812","GTAGAGGGTGCTCTTC-1_1_2"
"1813","GTAGATCCAGGTCCCA-1_1_2"
"1814","GTAGATCGTACACGTT-1_1_2"
"1815","GTAGATCTCCTCCACA-1_1_2"
"1816","GTAGCTAAGTATGCAA-1_1_2"
"1817","GTAGCTACACGCTTAA-1_1_2"
"1818","GTAGCTACAGATTAAG-1_1_2"
"1819","GTAGCTATCTCTTGCG-1_1_2"
"1820","GTAGGAGAGTTGCATC-1_1_2"
"1821","GTAGGTTAGAAATTGC-1_1_2"
"1822","GTAGGTTAGCATAGGC-1_1_2"
"1823","GTAGGTTCAATAGAGT-1_1_2"
"1824","GTAGGTTGTCCGAAAG-1_1_2"
"1825","GTAGTACGTCTTTATC-1_1_2"
"1826","GTATTGGCAGTGCGCT-1_1_2"
"1827","GTATTTCAGGATATAC-1_1_2"
"1828","GTATTTCCAACTGTGT-1_1_2"
"1829","GTATTTCCACGTAACT-1_1_2"
"1830","GTATTTCGTGGCGTAA-1_1_2"
"1831","GTCAAACAGTAGTGCG-1_1_2"
"1832","GTCAAACCAACACAGG-1_1_2"
"1833","GTCAAACGTTCAAAGA-1_1_2"
"1834","GTCAAACTCATGTCAG-1_1_2"
"1835","GTCAAGTTCAAGCCAT-1_1_2"
"1836","GTCACGGGTTAGTTCG-1_1_2"
"1837","GTCACTCAGTCGCCAC-1_1_2"
"1838","GTCACTCCACGTACAT-1_1_2"
"1839","GTCACTCTCCATCGTC-1_1_2"
"1840","GTCACTCTCGCGTCGA-1_1_2"
"1841","GTCAGCGGTAGAGACC-1_1_2"
"1842","GTCAGCGGTTGCCGAC-1_1_2"
"1843","GTCATCCAGTGCTCGC-1_1_2"
"1844","GTCATCCGTCCTATAG-1_1_2"
"1845","GTCATCCGTTCCAAAC-1_1_2"
"1846","GTCATCCTCAGCATTG-1_1_2"
"1847","GTCATGAAGTTGTCGT-1_1_2"
"1848","GTCATGATCATGGGAG-1_1_2"
"1849","GTCATTTCATCTCAAG-1_1_2"
"1850","GTCATTTGTACCATAC-1_1_2"
"1851","GTCCACTCACAAATGA-1_1_2"
"1852","GTCCACTGTCATACCA-1_1_2"
"1853","GTCCCATCAAGGTCGA-1_1_2"
"1854","GTCCTCAAGAGCTGCA-1_1_2"
"1855","GTCCTCAAGGACTAAT-1_1_2"
"1856","GTCCTCAAGGCATGCA-1_1_2"
"1857","GTCCTCAGTATGAGCG-1_1_2"
"1858","GTCCTCAGTCGTGTTA-1_1_2"
"1859","GTCCTCATCACCACAA-1_1_2"
"1860","GTCCTCATCCTACCGT-1_1_2"
"1861","GTCGAATGTCTAGTGT-1_1_2"
"1862","GTCGAATGTTCCGCAG-1_1_2"
"1863","GTCGAATTCTGCGGCA-1_1_2"
"1864","GTCGCGAAGAAGCCAC-1_1_2"
"1865","GTCGCGAAGCCAACCC-1_1_2"
"1866","GTCGCGACAGTGCCTG-1_1_2"
"1867","GTCGCGATCTGAATGC-1_1_2"
"1868","GTCGTAAAGATTGTGA-1_1_2"
"1869","GTCGTAAAGTACAACA-1_1_2"
"1870","GTCGTAAGTATCGCGC-1_1_2"
"1871","GTCGTAATCAAGCCTA-1_1_2"
"1872","GTCGTTCCACCTGCAG-1_1_2"
"1873","GTCTACCCAACGGTAG-1_1_2"
"1874","GTCTACCCAAGTCCCG-1_1_2"
"1875","GTCTACCGTCACCACG-1_1_2"
"1876","GTCTACCGTGTCCATA-1_1_2"
"1877","GTCTACCTCGCGGACT-1_1_2"
"1878","GTCTAGATCATTTACC-1_1_2"
"1879","GTCTCACTCTGCCTGT-1_1_2"
"1880","GTCTGTCAGATACTGA-1_1_2"
"1881","GTCTGTCAGCAGATAT-1_1_2"
"1882","GTCTGTCAGGACAGTC-1_1_2"
"1883","GTCTGTCCACTTGACA-1_1_2"
"1884","GTCTTTAAGAATCGCG-1_1_2"
"1885","GTCTTTACATAATGCC-1_1_2"
"1886","GTCTTTATCTCGTTTA-1_1_2"
"1887","GTGACGCAGCCTCTTC-1_1_2"
"1888","GTGACGCCACGACAAG-1_1_2"
"1889","GTGACGCGTAATGCTC-1_1_2"
"1890","GTGACGCGTCTGTGTA-1_1_2"
"1891","GTGACGCGTTTACTTC-1_1_2"
"1892","GTGAGCCAGTCATTGC-1_1_2"
"1893","GTGAGCCCATAATCCG-1_1_2"
"1894","GTGAGCCCATGATCTG-1_1_2"
"1895","GTGAGGAAGACTCATC-1_1_2"
"1896","GTGAGGAAGGGCAACT-1_1_2"
"1897","GTGAGGACAAGTGATA-1_1_2"
"1898","GTGAGTTAGGACAAGA-1_1_2"
"1899","GTGAGTTAGGGACTGT-1_1_2"
"1900","GTGAGTTGTAACAGGC-1_1_2"
"1901","GTGAGTTGTCCAGTTA-1_1_2"
"1902","GTGAGTTGTGGCACTC-1_1_2"
"1903","GTGAGTTTCCGCAACG-1_1_2"
"1904","GTGATGTCACACACTA-1_1_2"
"1905","GTGATGTGTTTGATCG-1_1_2"
"1906","GTGATGTTCTAGCCTC-1_1_2"
"1907","GTGCACGCATGGAAGC-1_1_2"
"1908","GTGCAGCAGCAATAAC-1_1_2"
"1909","GTGCAGCAGGAACATT-1_1_2"
"1910","GTGCAGCAGTTGCCTA-1_1_2"
"1911","GTGCAGCCAGAGCCCT-1_1_2"
"1912","GTGCAGCTCCGTGTGG-1_1_2"
"1913","GTGCAGCTCTAAGCGT-1_1_2"
"1914","GTGCGTGAGGTTAAAC-1_1_2"
"1915","GTGCGTGTCCACAAGT-1_1_2"
"1916","GTGCGTGTCGGTTGTA-1_1_2"
"1917","GTGCTGGAGTGCGACA-1_1_2"
"1918","GTGCTGGCAGCTCATA-1_1_2"
"1919","GTGCTGGCAGTATGAA-1_1_2"
"1920","GTGCTGGGTCCAGGTC-1_1_2"
"1921","GTGCTGGGTGAGGATC-1_1_2"
"1922","GTGCTGGGTGTGTCGC-1_1_2"
"1923","GTGCTGGTCTCCGATC-1_1_2"
"1924","GTGCTTCAGGGATCGT-1_1_2"
"1925","GTGCTTCAGGTCATTC-1_1_2"
"1926","GTGGAAGAGTTCCGGC-1_1_2"
"1927","GTGGAAGCAATTCTTC-1_1_2"
"1928","GTGGAAGGTGGAGAAA-1_1_2"
"1929","GTGGAGATCAGCCCAG-1_1_2"
"1930","GTGGCGTCACGTGAGA-1_1_2"
"1931","GTGGCGTGTGGGAGAG-1_1_2"
"1932","GTGGCGTTCTAGGAAA-1_1_2"
"1933","GTGGGAAGTAACATAG-1_1_2"
"1934","GTGGGAAGTACACTCA-1_1_2"
"1935","GTGGGAATCTAGTTCT-1_1_2"
"1936","GTGGTTACACAAAGTA-1_1_2"
"1937","GTGTAACAGCTGTTCA-1_1_2"
"1938","GTGTAACCAGTTGTCA-1_1_2"
"1939","GTGTAACGTACCACGC-1_1_2"
"1940","GTGTCCTGTCGAACGA-1_1_2"
"1941","GTGTCCTTCCATATGG-1_1_2"
"1942","GTGTGATCACTCCTTG-1_1_2"
"1943","GTGTGATGTTCCATTT-1_1_2"
"1944","GTGTGATTCGCGTTTC-1_1_2"
"1945","GTGTGGCAGCACTTTG-1_1_2"
"1946","GTGTGGCAGGACGCAT-1_1_2"
"1947","GTGTGGCCACCAGTAT-1_1_2"
"1948","GTGTGGCGTCATGGCC-1_1_2"
"1949","GTGTGGCTCACGGAGA-1_1_2"
"1950","GTGTTAGAGAAGCCTG-1_1_2"
"1951","GTGTTAGGTATGCAAA-1_1_2"
"1952","GTGTTAGGTCACTAGT-1_1_2"
"1953","GTGTTCCGTTGTCAGT-1_1_2"
"1954","GTGTTCCTCTTCGCTG-1_1_2"
"1955","GTTACCCAGTCACGCC-1_1_2"
"1956","GTTACCCGTGCCGGTT-1_1_2"
"1957","GTTACGAAGATCGACG-1_1_2"
"1958","GTTACGATCTAATTCC-1_1_2"
"1959","GTTAGACGTACGATGG-1_1_2"
"1960","GTTAGTGAGCACGATG-1_1_2"
"1961","GTTAGTGCAATGTCAC-1_1_2"
"1962","GTTAGTGTCCAGTGCG-1_1_2"
"1963","GTTATGGAGGGATGTC-1_1_2"
"1964","GTTATGGCATACTGAC-1_1_2"
"1965","GTTCATTCAAGCTGCC-1_1_2"
"1966","GTTCATTCACATTCTT-1_1_2"
"1967","GTTCATTGTACCCGAC-1_1_2"
"1968","GTTCATTGTCGAACGA-1_1_2"
"1969","GTTCCGTCAGAAACCG-1_1_2"
"1970","GTTCCGTTCGCTCATC-1_1_2"
"1971","GTTCGCTCATCTGGGC-1_1_2"
"1972","GTTCGCTTCAAGCTGT-1_1_2"
"1973","GTTCTATAGCGAAACC-1_1_2"
"1974","GTTCTATCAGCAGTTT-1_1_2"
"1975","GTTCTATCAGTTAGAA-1_1_2"
"1976","GTTCTATCATCCGAAT-1_1_2"
"1977","GTTGAACAGACCGTTT-1_1_2"
"1978","GTTGAACAGCAATAAC-1_1_2"
"1979","GTTGAACAGCCTCGTG-1_1_2"
"1980","GTTGAACGTGTTAACC-1_1_2"
"1981","GTTGAACTCGGTAGGA-1_1_2"
"1982","GTTGCGGGTGCGAGTA-1_1_2"
"1983","GTTGCTCAGGAGCAAA-1_1_2"
"1984","GTTGTAGAGCACCGTC-1_1_2"
"1985","GTTGTCCGTGATCATC-1_1_2"
"1986","GTTGTCCGTTATCCAG-1_1_2"
"1987","GTTGTGAAGTGCAAAT-1_1_2"
"1988","GTTGTGACAGTCTCTC-1_1_2"
"1989","GTTGTGATCAGGACAG-1_1_2"
"1990","GTTTACTAGACATACA-1_1_2"
"1991","GTTTACTCAACTCATG-1_1_2"
"1992","GTTTGGAAGTGTAGAT-1_1_2"
"1993","GTTTGGAGTGTCTCCT-1_1_2"
"1994","GTTTGGAGTTGACTAC-1_1_2"
"1995","GTTTGGATCGCTTGCT-1_1_2"
"1996","TAACACGAGGTTTGAA-1_1_2"
"1997","TAACACGTCGTTACCC-1_1_2"
"1998","TAACCAGAGTTCGGTT-1_1_2"
"1999","TAACCAGCACAGTCCG-1_1_2"
"2000","TAACCAGGTCGCTCGA-1_1_2"
"2001","TAACCAGGTGTATCCA-1_1_2"
"2002","TAACCAGGTTCTCCCA-1_1_2"
"2003","TAACGACAGAGAGCCT-1_1_2"
"2004","TAACGACCACCCAAGC-1_1_2"
"2005","TAACGACCATGTGGTT-1_1_2"
"2006","TAACGACGTTACACAC-1_1_2"
"2007","TAACTTCCAACGATTC-1_1_2"
"2008","TAACTTCCATGACAGG-1_1_2"
"2009","TAAGCACCACGACTAT-1_1_2"
"2010","TAAGCACGTACCAATC-1_1_2"
"2011","TAAGCACGTACGACAG-1_1_2"
"2012","TAAGCACGTCTACATG-1_1_2"
"2013","TAAGCCAAGGATACAT-1_1_2"
"2014","TAAGCCACACACGGAA-1_1_2"
"2015","TAAGCCATCACTCCGT-1_1_2"
"2016","TAAGCCATCGTAACTG-1_1_2"
"2017","TAAGCGTAGCATGCGA-1_1_2"
"2018","TAAGCGTAGCCGATAG-1_1_2"
"2019","TAAGCGTAGCCTTGAT-1_1_2"
"2020","TAAGCGTCACAGTATC-1_1_2"
"2021","TAAGCGTCAGGACTTT-1_1_2"
"2022","TAAGCGTTCTGCGAGC-1_1_2"
"2023","TAAGTCGAGAACAGGA-1_1_2"
"2024","TAATCTCAGGAGATAG-1_1_2"
"2025","TAATCTCCAGTTCACA-1_1_2"
"2026","TAATCTCCATGGCTAT-1_1_2"
"2027","TAATCTCTCTTCGCTG-1_1_2"
"2028","TAATTCCAGTGGTTAA-1_1_2"
"2029","TAATTCCCAGGAACCA-1_1_2"
"2030","TAATTCCGTTCAACGT-1_1_2"
"2031","TAATTCCTCACTGTCC-1_1_2"
"2032","TACAACGAGCATTTGC-1_1_2"
"2033","TACAACGGTTCTCCCA-1_1_2"
"2034","TACAACGTCGATACAC-1_1_2"
"2035","TACACCCCAGCTGTGC-1_1_2"
"2036","TACACCCGTCTAGGCC-1_1_2"
"2037","TACACCCTCAGCGCAC-1_1_2"
"2038","TACACCCTCAGCTTCC-1_1_2"
"2039","TACAGGTCAAAGGTTA-1_1_2"
"2040","TACAGGTGTCACTTAG-1_1_2"
"2041","TACAGGTTCCAACACA-1_1_2"
"2042","TACAGGTTCGGAGCAA-1_1_2"
"2043","TACATTCCACCGTACG-1_1_2"
"2044","TACATTCTCGATTGAC-1_1_2"
"2045","TACCCACGTAGGCAAC-1_1_2"
"2046","TACCCACGTTCTAACG-1_1_2"
"2047","TACCCACGTTGGAGGT-1_1_2"
"2048","TACCCACTCAAGCCGC-1_1_2"
"2049","TACCCACTCGAGGCAA-1_1_2"
"2050","TACCCGTAGTGCCGAA-1_1_2"
"2051","TACCCGTGTCGCATGC-1_1_2"
"2052","TACCCGTGTTTGATCG-1_1_2"
"2053","TACCCGTTCCCTTCCC-1_1_2"
"2054","TACCGAAAGGAAGTAG-1_1_2"
"2055","TACCGAAAGGTAGACC-1_1_2"
"2056","TACCGAAGTAGCTCGC-1_1_2"
"2057","TACCGGGAGTCATAGA-1_1_2"
"2058","TACCGGGCAATACAGA-1_1_2"
"2059","TACCGGGCACTACAGT-1_1_2"
"2060","TACCTCGGTACTAGCT-1_1_2"
"2061","TACCTCGTCCCGAAAT-1_1_2"
"2062","TACCTCGTCGTAGGAG-1_1_2"
"2063","TACCTGCCATGTCGTA-1_1_2"
"2064","TACCTGCGTGAACGGT-1_1_2"
"2065","TACGCTCGTCGCTTGG-1_1_2"
"2066","TACGCTCGTTCCTACC-1_1_2"
"2067","TACGGGCAGCCTGTCG-1_1_2"
"2068","TACGGGCAGTCTGGTT-1_1_2"
"2069","TACGGGCGTAATGCTC-1_1_2"
"2070","TACGTCCCACAACGAG-1_1_2"
"2071","TACTGCCAGAGCAGAA-1_1_2"
"2072","TACTGCCCACGACGAA-1_1_2"
"2073","TACTGCCCATAATCCG-1_1_2"
"2074","TACTGCCTCCTCTCTT-1_1_2"
"2075","TACTTACTCATTGAGC-1_1_2"
"2076","TACTTACTCTCGTTTA-1_1_2"
"2077","TACTTCAAGTAGTGCG-1_1_2"
"2078","TACTTCAGTCTGGTTA-1_1_2"
"2079","TACTTCATCCTCAGGG-1_1_2"
"2080","TACTTGTAGGCTGTAG-1_1_2"
"2081","TACTTGTTCAACACGT-1_1_2"
"2082","TAGACCACAGTGGCTC-1_1_2"
"2083","TAGACCATCCAGGACC-1_1_2"
"2084","TAGACCATCGCGCTGA-1_1_2"
"2085","TAGACTGAGTAGCCAG-1_1_2"
"2086","TAGACTGGTACCTAGT-1_1_2"
"2087","TAGACTGTCGCTGACG-1_1_2"
"2088","TAGAGTCAGATGAATC-1_1_2"
"2089","TAGAGTCAGCACTCAT-1_1_2"
"2090","TAGAGTCCAAGACGGT-1_1_2"
"2091","TAGAGTCGTGCCTTTC-1_1_2"
"2092","TAGATCGCAGCAAGAC-1_1_2"
"2093","TAGATCGGTCAGGTAG-1_1_2"
"2094","TAGCACAAGGTCGTAG-1_1_2"
"2095","TAGCACAGTTTGGCTA-1_1_2"
"2096","TAGCACATCCGAGGCT-1_1_2"
"2097","TAGGAGGCAGAGGTAC-1_1_2"
"2098","TAGGAGGCATTGCCTC-1_1_2"
"2099","TAGGGTTCATCCGGCA-1_1_2"
"2100","TAGGGTTGTCGCAACC-1_1_2"
"2101","TAGGGTTTCGGCTGGT-1_1_2"
"2102","TAGGTACAGCGAATGC-1_1_2"
"2103","TAGGTACCAGGCCTGT-1_1_2"
"2104","TAGGTACTCTCCTGTG-1_1_2"
"2105","TAGGTTGCAACCGCCA-1_1_2"
"2106","TAGGTTGCAGCTATAC-1_1_2"
"2107","TAGGTTGGTCACGACC-1_1_2"
"2108","TAGGTTGGTCTACGTA-1_1_2"
"2109","TAGGTTGGTGAGTAAT-1_1_2"
"2110","TAGTGCAGTCCAGCAC-1_1_2"
"2111","TAGTGCATCGGCATCG-1_1_2"
"2112","TATACCTAGTATGACA-1_1_2"
"2113","TATACCTAGTCCGTCG-1_1_2"
"2114","TATACCTGTCCAGGTC-1_1_2"
"2115","TATACCTGTTGTGGCC-1_1_2"
"2116","TATACCTTCCGTGACG-1_1_2"
"2117","TATATCCAGTCATCGT-1_1_2"
"2118","TATATCCCACGTGAGA-1_1_2"
"2119","TATATCCGTCAATCTG-1_1_2"
"2120","TATATCCTCCATTGTT-1_1_2"
"2121","TATCAGGAGATTCGAA-1_1_2"
"2122","TATCCTACAATTGCAC-1_1_2"
"2123","TATCCTACAGATCCAT-1_1_2"
"2124","TATCCTAGTAACAAGT-1_1_2"
"2125","TATCCTATCTTCCCAG-1_1_2"
"2126","TATCGCCAGGTCACCC-1_1_2"
"2127","TATCGCCCAGAACTAA-1_1_2"
"2128","TATCGCCCAGCGACAA-1_1_2"
"2129","TATCGCCTCTCTAAGG-1_1_2"
"2130","TATCTGTAGGTTCTAC-1_1_2"
"2131","TATCTGTGTATTGACC-1_1_2"
"2132","TATCTGTTCAGCTGTA-1_1_2"
"2133","TATCTTGAGACTCATC-1_1_2"
"2134","TATCTTGCAATTTCCT-1_1_2"
"2135","TATCTTGTCCGTCAAA-1_1_2"
"2136","TATCTTGTCTTTACAC-1_1_2"
"2137","TATGTTCAGAAGCGGG-1_1_2"
"2138","TATGTTCCACGAGGAT-1_1_2"
"2139","TATGTTCTCACCCTTG-1_1_2"
"2140","TATTCCAAGTTCAACC-1_1_2"
"2141","TATTCCAGTAGCTGAG-1_1_2"
"2142","TATTCCAGTCAGTTTG-1_1_2"
"2143","TATTCCATCCTTCAGC-1_1_2"
"2144","TATTCCATCTCGAACA-1_1_2"
"2145","TATTCCATCTTGCGCT-1_1_2"
"2146","TATTGCTAGGTAACTA-1_1_2"
"2147","TATTGCTCATGGGTTT-1_1_2"
"2148","TATTGCTGTGGTCTTA-1_1_2"
"2149","TATTGCTTCAGTGCGC-1_1_2"
"2150","TATTGCTTCTGCTAGA-1_1_2"
"2151","TATTGGGAGTTCATCG-1_1_2"
"2152","TATTGGGGTGGTATGG-1_1_2"
"2153","TATTTCGGTACGTGAG-1_1_2"
"2154","TATTTCGGTTAGGGAC-1_1_2"
"2155","TCAAGACAGATCACTC-1_1_2"
"2156","TCAAGACAGCACTAAA-1_1_2"
"2157","TCAAGACAGGAATGTT-1_1_2"
"2158","TCAAGCAGTCCGAAAG-1_1_2"
"2159","TCAAGCATCACCCTGT-1_1_2"
"2160","TCAAGCATCCTAGCTC-1_1_2"
"2161","TCAAGTGCACAAATAG-1_1_2"
"2162","TCAAGTGGTTCCGGTG-1_1_2"
"2163","TCAAGTGGTTCGAGCC-1_1_2"
"2164","TCAATCTCACAGCCTG-1_1_2"
"2165","TCAATTCAGACGAAGA-1_1_2"
"2166","TCAATTCCAGGACATG-1_1_2"
"2167","TCAATTCGTATACAGA-1_1_2"
"2168","TCAATTCGTTAACAGA-1_1_2"
"2169","TCACAAGAGCTGAGTG-1_1_2"
"2170","TCACAAGCATCGGTTA-1_1_2"
"2171","TCACAAGGTGGATTTC-1_1_2"
"2172","TCACAAGGTTGACTAC-1_1_2"
"2173","TCACAAGTCGCCGAGT-1_1_2"
"2174","TCACACCAGTCAGCCC-1_1_2"
"2175","TCACACCCAATAACGA-1_1_2"
"2176","TCACACCTCATAGACC-1_1_2"
"2177","TCACATTCATTCGATG-1_1_2"
"2178","TCACGCTAGCTACTGT-1_1_2"
"2179","TCACGCTCACCTGCGA-1_1_2"
"2180","TCACGGGGTTATAGAG-1_1_2"
"2181","TCACGGGGTTGCTAGT-1_1_2"
"2182","TCACTATCATTGACTG-1_1_2"
"2183","TCACTATGTAACTTCG-1_1_2"
"2184","TCACTCGAGGGCGAAG-1_1_2"
"2185","TCACTCGCATCTCCCA-1_1_2"
"2186","TCACTCGGTCATCCCT-1_1_2"
"2187","TCAGCAAGTTCTCCCA-1_1_2"
"2188","TCAGCAATCAGTCTTT-1_1_2"
"2189","TCAGCCTAGAGTTGCG-1_1_2"
"2190","TCAGCCTAGCATCAGG-1_1_2"
"2191","TCAGCCTCACGTACTA-1_1_2"
"2192","TCAGCCTTCCGCAACG-1_1_2"
"2193","TCAGGGCAGAGTATAC-1_1_2"
"2194","TCAGGGCAGATGCGAC-1_1_2"
"2195","TCAGGGCGTGCGTGCT-1_1_2"
"2196","TCAGGGCTCGTGTTCC-1_1_2"
"2197","TCAGGTAAGGGAGGGT-1_1_2"
"2198","TCAGGTACACCGTGCA-1_1_2"
"2199","TCAGGTACAGCACAAG-1_1_2"
"2200","TCAGGTAGTACGATGG-1_1_2"
"2201","TCAGGTAGTCACTCTC-1_1_2"
"2202","TCAGTCCAGGGAGGGT-1_1_2"
"2203","TCAGTCCGTCCCTCAT-1_1_2"
"2204","TCAGTGAAGTAAACTG-1_1_2"
"2205","TCAGTGAAGTAGTCTC-1_1_2"
"2206","TCAGTGAGTACAAACA-1_1_2"
"2207","TCAGTGAGTACACTCA-1_1_2"
"2208","TCAGTGAGTATACAGA-1_1_2"
"2209","TCAGTGAGTCCAGCCA-1_1_2"
"2210","TCAGTTTAGCGTCTCG-1_1_2"
"2211","TCAGTTTCAACCGATT-1_1_2"
"2212","TCATACTAGAGCTGCA-1_1_2"
"2213","TCATACTCAACGGCCT-1_1_2"
"2214","TCATATCGTATCGGTT-1_1_2"
"2215","TCATCATAGCACTCAT-1_1_2"
"2216","TCATCATAGGTACATA-1_1_2"
"2217","TCATCATTCCACATAG-1_1_2"
"2218","TCATCCGCAAGTTGGG-1_1_2"
"2219","TCATCCGCACGTATAC-1_1_2"
"2220","TCATCCGGTGAGTAAT-1_1_2"
"2221","TCATGAGCACCGTCGA-1_1_2"
"2222","TCATGAGTCCGTTGAA-1_1_2"
"2223","TCATGAGTCGACATTG-1_1_2"
"2224","TCATGAGTCGCTACGG-1_1_2"
"2225","TCATGCCAGTTGGAAT-1_1_2"
"2226","TCATGCCTCACGTAGT-1_1_2"
"2227","TCATGGAAGCACCTGC-1_1_2"
"2228","TCATGGAAGCGATGAC-1_1_2"
"2229","TCATGGAGTGCGTTTA-1_1_2"
"2230","TCATGGAGTGGTTTGT-1_1_2"
"2231","TCATGTTCAGCGCGTT-1_1_2"
"2232","TCATGTTTCACAACCA-1_1_2"
"2233","TCATTACAGAATAACC-1_1_2"
"2234","TCATTCACACTCTGCT-1_1_2"
"2235","TCATTCATCATTTGCT-1_1_2"
"2236","TCATTGTAGAGCAGTC-1_1_2"
"2237","TCATTGTAGGATGGCT-1_1_2"
"2238","TCATTGTCACATGACT-1_1_2"
"2239","TCATTGTGTCTGTGCG-1_1_2"
"2240","TCATTGTGTTGACTAC-1_1_2"
"2241","TCATTGTTCGTGGGAA-1_1_2"
"2242","TCATTTGAGGACAAGA-1_1_2"
"2243","TCATTTGCAATGAACA-1_1_2"
"2244","TCATTTGCAGAACATA-1_1_2"
"2245","TCCACCAGTGGCAACA-1_1_2"
"2246","TCCACCAGTGTGTCGC-1_1_2"
"2247","TCCACCAGTTGCTAGT-1_1_2"
"2248","TCCACCAGTTGTATGC-1_1_2"
"2249","TCCACGTTCAACCTCC-1_1_2"
"2250","TCCACGTTCAGTCATG-1_1_2"
"2251","TCCACGTTCGCGGTAC-1_1_2"
"2252","TCCACGTTCTTCCAGC-1_1_2"
"2253","TCCAGAAAGGCATGGT-1_1_2"
"2254","TCCAGAATCAGGACGA-1_1_2"
"2255","TCCAGAATCGTCACCT-1_1_2"
"2256","TCCATCGCACCTGCAG-1_1_2"
"2257","TCCATGCAGCCTGTGC-1_1_2"
"2258","TCCATGCCATGACTGT-1_1_2"
"2259","TCCATGCGTTCGTGCG-1_1_2"
"2260","TCCCACATCTGCTCTG-1_1_2"
"2261","TCCCAGTAGCGGTAAC-1_1_2"
"2262","TCCCAGTCAAGATCCT-1_1_2"
"2263","TCCCAGTCACTGGACC-1_1_2"
"2264","TCCCAGTGTCGTTATG-1_1_2"
"2265","TCCCAGTGTGGCTAGA-1_1_2"
"2266","TCCCATGAGAACGTGC-1_1_2"
"2267","TCCCATGAGCTACAAA-1_1_2"
"2268","TCCCATGCAATTAGGA-1_1_2"
"2269","TCCCATGTCCTGGGTG-1_1_2"
"2270","TCCGAAAAGCGTATAA-1_1_2"
"2271","TCCGAAACAGAGTTCT-1_1_2"
"2272","TCCGAAAGTGTGCTTA-1_1_2"
"2273","TCCGAAATCAGTCCGG-1_1_2"
"2274","TCCGAAATCTATCACT-1_1_2"
"2275","TCCGATCAGCCGGATA-1_1_2"
"2276","TCCGATCAGGAGATAG-1_1_2"
"2277","TCCGATCAGTTTGTCG-1_1_2"
"2278","TCCGATCCATAGCACT-1_1_2"
"2279","TCCGATCGTGACAGGT-1_1_2"
"2280","TCCGGGACATACTTTC-1_1_2"
"2281","TCCGGGAGTCATCGCG-1_1_2"
"2282","TCCGGGAGTTATGTGC-1_1_2"
"2283","TCCGTGTGTTTCAGAC-1_1_2"
"2284","TCCTAATCAATTGAGA-1_1_2"
"2285","TCCTAATGTACCCGAC-1_1_2"
"2286","TCCTAATGTTGGGAAC-1_1_2"
"2287","TCCTCCCCAAATAGCA-1_1_2"
"2288","TCCTCCCCAGCACGAA-1_1_2"
"2289","TCCTCCCGTATGGTAA-1_1_2"
"2290","TCCTCGAAGGTGGGTT-1_1_2"
"2291","TCCTCGACAGCGAGTA-1_1_2"
"2292","TCCTCTTAGGTCACTT-1_1_2"
"2293","TCCTCTTGTTATCTTC-1_1_2"
"2294","TCCTCTTTCAAGCCAT-1_1_2"
"2295","TCCTCTTTCGATCCCT-1_1_2"
"2296","TCCTCTTTCGGTGTTA-1_1_2"
"2297","TCCTGCAGTGTTCGTA-1_1_2"
"2298","TCCTGCATCGTAACTG-1_1_2"
"2299","TCCTGCATCGTCCTTG-1_1_2"
"2300","TCCTTCTAGGTCTACT-1_1_2"
"2301","TCCTTCTTCCCAGTGG-1_1_2"
"2302","TCCTTTCAGGTCATTC-1_1_2"
"2303","TCCTTTCTCGGCTCTT-1_1_2"
"2304","TCGAACATCATCTACT-1_1_2"
"2305","TCGAACATCTCTTGCG-1_1_2"
"2306","TCGAAGTAGTAATACG-1_1_2"
"2307","TCGAAGTCAGCTGTTA-1_1_2"
"2308","TCGACCTTCGTCAGAT-1_1_2"
"2309","TCGACGGAGCAGGTCA-1_1_2"
"2310","TCGACGGAGTCATTGC-1_1_2"
"2311","TCGACGGTCTGAATCG-1_1_2"
"2312","TCGATTTAGAGGCTGT-1_1_2"
"2313","TCGATTTAGTCATAGA-1_1_2"
"2314","TCGATTTCAAATCAAG-1_1_2"
"2315","TCGATTTCAGAACTTC-1_1_2"
"2316","TCGATTTTCCCTTGGT-1_1_2"
"2317","TCGCACTCAGGGAATC-1_1_2"
"2318","TCGCAGGTCATCGCAA-1_1_2"
"2319","TCGCAGGTCTAGTTCT-1_1_2"
"2320","TCGCTCAAGCAGGCAT-1_1_2"
"2321","TCGCTCAAGTAGCATA-1_1_2"
"2322","TCGCTCAGTTGTTTGG-1_1_2"
"2323","TCGCTTGCACGACGCT-1_1_2"
"2324","TCGGATAAGCTTAGTC-1_1_2"
"2325","TCGGATAAGGTAGCAC-1_1_2"
"2326","TCGGATACAGGTGACA-1_1_2"
"2327","TCGGATAGTACAGAGC-1_1_2"
"2328","TCGGATAGTGGCTCTG-1_1_2"
"2329","TCGGATAGTTGTAAAG-1_1_2"
"2330","TCGGATATCGTTCATT-1_1_2"
"2331","TCGGGACGTCCGAAGA-1_1_2"
"2332","TCGGGCAAGAGGATCC-1_1_2"
"2333","TCGGGCAAGGCACGAT-1_1_2"
"2334","TCGGGCACAATGCTCA-1_1_2"
"2335","TCGGGCACAATGGCAG-1_1_2"
"2336","TCGGGCACATCGGATT-1_1_2"
"2337","TCGGGTGAGTAGCTCT-1_1_2"
"2338","TCGGGTGAGTGGATAT-1_1_2"
"2339","TCGGGTGTCGAACCTA-1_1_2"
"2340","TCGGTCTAGGACGCTA-1_1_2"
"2341","TCGTAGAAGACGCATG-1_1_2"
"2342","TCGTAGAAGACTCATC-1_1_2"
"2343","TCGTAGATCCTTCTTC-1_1_2"
"2344","TCGTCCAAGCGCGTTC-1_1_2"
"2345","TCGTCCATCGCCTTTG-1_1_2"
"2346","TCGTGCTAGAAAGCGA-1_1_2"
"2347","TCGTGCTAGAGGCGTT-1_1_2"
"2348","TCGTGCTAGTACGAGC-1_1_2"
"2349","TCGTGCTTCATTTACC-1_1_2"
"2350","TCTAACTAGATACGAT-1_1_2"
"2351","TCTAACTTCTCCAATT-1_1_2"
"2352","TCTACATAGACTCTAC-1_1_2"
"2353","TCTACATCAACGATCT-1_1_2"
"2354","TCTACATCACCGCTAG-1_1_2"
"2355","TCTACATCATAATCGC-1_1_2"
"2356","TCTACCGCATTCTTCA-1_1_2"
"2357","TCTATACCAGAAGCGT-1_1_2"
"2358","TCTATCAAGACATAGT-1_1_2"
"2359","TCTATCAAGGGTTAGC-1_1_2"
"2360","TCTATCAAGGTGCAGT-1_1_2"
"2361","TCTCACGCAACCGTAT-1_1_2"
"2362","TCTCACGCACACAGAG-1_1_2"
"2363","TCTCACGTCCACATAG-1_1_2"
"2364","TCTCCGAAGTCGGCCT-1_1_2"
"2365","TCTCCGAGTCGCGTTG-1_1_2"
"2366","TCTCCGATCCCGAGTG-1_1_2"
"2367","TCTCTGGCACAGTGAG-1_1_2"
"2368","TCTCTGGCAGAGATGC-1_1_2"
"2369","TCTCTGGGTGTGTCCG-1_1_2"
"2370","TCTCTGGTCGAATGCT-1_1_2"
"2371","TCTGCCAAGTCGTTAC-1_1_2"
"2372","TCTGCCAGTTCAGGTT-1_1_2"
"2373","TCTGCCATCGATAACC-1_1_2"
"2374","TCTGGCTCAAATGGCG-1_1_2"
"2375","TCTGGCTCAGCCTTCT-1_1_2"
"2376","TCTGGCTCATTCACCC-1_1_2"
"2377","TCTGTCGAGCCTCCAG-1_1_2"
"2378","TCTGTCGGTGGTAACG-1_1_2"
"2379","TCTGTCGGTTTCGGCG-1_1_2"
"2380","TCTTCCTCAGAGGACT-1_1_2"
"2381","TCTTCCTGTCAAGGCA-1_1_2"
"2382","TCTTCCTGTCGAATTC-1_1_2"
"2383","TCTTCCTGTTACAGCT-1_1_2"
"2384","TCTTGCGCAATTGCGT-1_1_2"
"2385","TCTTGCGTCAGGGTAG-1_1_2"
"2386","TCTTTGAGTGAAAGTT-1_1_2"
"2387","TGAACGTCACTTCTCG-1_1_2"
"2388","TGAACGTGTTCGGACC-1_1_2"
"2389","TGAATCGAGCATCCCG-1_1_2"
"2390","TGAATCGCATGACTCA-1_1_2"
"2391","TGAATCGGTGACTGAG-1_1_2"
"2392","TGAATGCAGTGGTCAG-1_1_2"
"2393","TGAATGCCATCCTCAC-1_1_2"
"2394","TGAATGCGTAGTTACC-1_1_2"
"2395","TGAATGCGTCAACCAT-1_1_2"
"2396","TGAATGCGTTACCCTC-1_1_2"
"2397","TGAATGCTCCTTCAGC-1_1_2"
"2398","TGACAGTAGATTCGAA-1_1_2"
"2399","TGACAGTGTACTCGTA-1_1_2"
"2400","TGACAGTGTGGCTGAA-1_1_2"
"2401","TGACAGTGTTGCTCAA-1_1_2"
"2402","TGACAGTTCACTAGCA-1_1_2"
"2403","TGACAGTTCCATCAGA-1_1_2"
"2404","TGACAGTTCTTGCGCT-1_1_2"
"2405","TGACCCTTCGAAATCC-1_1_2"
"2406","TGACGCGAGCTGCCTG-1_1_2"
"2407","TGACGCGAGTTGTAGA-1_1_2"
"2408","TGACGCGCAGTTGAAA-1_1_2"
"2409","TGACGCGGTGGCGCTT-1_1_2"
"2410","TGAGACTCAATGGGTG-1_1_2"
"2411","TGAGACTGTAAGACCG-1_1_2"
"2412","TGAGACTGTAGAGTTA-1_1_2"
"2413","TGAGACTTCGTTCTAT-1_1_2"
"2414","TGAGCATCAGTCTCTC-1_1_2"
"2415","TGAGCGCCACAGCCTG-1_1_2"
"2416","TGAGGAGGTCGTCATA-1_1_2"
"2417","TGAGGGAAGCTCAGAG-1_1_2"
"2418","TGAGGGACAACAAGAT-1_1_2"
"2419","TGAGGGACATCATGAC-1_1_2"
"2420","TGAGGGACATGACCCG-1_1_2"
"2421","TGAGGGATCGCTCATC-1_1_2"
"2422","TGAGGTTAGCGCCTAC-1_1_2"
"2423","TGAGGTTGTGGAAGTC-1_1_2"
"2424","TGAGTCAAGGCATCAG-1_1_2"
"2425","TGAGTCATCCATAAGC-1_1_2"
"2426","TGATCAGAGGCCTGCT-1_1_2"
"2427","TGATCTTTCGCTGATA-1_1_2"
"2428","TGATGCAAGGCATTTC-1_1_2"
"2429","TGATGCACAACACTAC-1_1_2"
"2430","TGATGCAGTGATATAG-1_1_2"
"2431","TGATGCAGTTGGTAGG-1_1_2"
"2432","TGATGGTCATGGCACC-1_1_2"
"2433","TGATTCTAGCCACCGT-1_1_2"
"2434","TGATTCTAGTAACGTA-1_1_2"
"2435","TGATTCTCACATCCCT-1_1_2"
"2436","TGATTTCAGTTGGGAC-1_1_2"
"2437","TGATTTCGTCCAACGC-1_1_2"
"2438","TGCACGGGTTAAGCAA-1_1_2"
"2439","TGCAGATCATAATGCC-1_1_2"
"2440","TGCAGATTCCATAGAC-1_1_2"
"2441","TGCAGTAGTCTGATCA-1_1_2"
"2442","TGCAGTATCACGGGAA-1_1_2"
"2443","TGCATCCAGCTACAAA-1_1_2"
"2444","TGCATCCCAGGCAATG-1_1_2"
"2445","TGCATCCTCACTAGCA-1_1_2"
"2446","TGCATGAAGAGGCTGT-1_1_2"
"2447","TGCATGAAGTGGAAGA-1_1_2"
"2448","TGCCGAGCAGTCGGAA-1_1_2"
"2449","TGCCGAGCATAGAAAC-1_1_2"
"2450","TGCCGAGCATTAAGCC-1_1_2"
"2451","TGCCGAGGTAGGCAAC-1_1_2"
"2452","TGCCGAGGTTTGGAAA-1_1_2"
"2453","TGCGACGAGCTCGACC-1_1_2"
"2454","TGCGACGGTCTTCATT-1_1_2"
"2455","TGCGACGGTGAGTGAC-1_1_2"
"2456","TGCGATACACGCCAGT-1_1_2"
"2457","TGCGATAGTGGTCCCA-1_1_2"
"2458","TGCGATAGTTCCGGTG-1_1_2"
"2459","TGCGATATCGCAGATT-1_1_2"
"2460","TGCGGCAAGCGATTCT-1_1_2"
"2461","TGCGGGTCACGACGCT-1_1_2"
"2462","TGCTCCAAGTCGCGAA-1_1_2"
"2463","TGCTCCACAGAGTGAC-1_1_2"
"2464","TGCTCCAGTAGTAAGT-1_1_2"
"2465","TGCTCCAGTCGAAACG-1_1_2"
"2466","TGCTCCAGTTCCTAAG-1_1_2"
"2467","TGCTCGTAGCTTCATG-1_1_2"
"2468","TGCTCGTCATGCGGTC-1_1_2"
"2469","TGCTCGTGTCACAATC-1_1_2"
"2470","TGCTGAAAGCTAGCCC-1_1_2"
"2471","TGCTGAAAGGCGCTTC-1_1_2"
"2472","TGCTGAACAGAGATGC-1_1_2"
"2473","TGCTTCGAGCGCACAA-1_1_2"
"2474","TGCTTCGGTAGATGTA-1_1_2"
"2475","TGCTTCGTCCAAGCCG-1_1_2"
"2476","TGCTTCGTCTACACTT-1_1_2"
"2477","TGCTTGCAGACGACTG-1_1_2"
"2478","TGCTTGCAGATACCAA-1_1_2"
"2479","TGCTTGCCATGGCCAC-1_1_2"
"2480","TGCTTGCTCGACGTCG-1_1_2"
"2481","TGGAACTCACTAACCA-1_1_2"
"2482","TGGAACTGTTCCGCGA-1_1_2"
"2483","TGGAACTTCAAGCCGC-1_1_2"
"2484","TGGAACTTCCCTCTAG-1_1_2"
"2485","TGGAGAGAGACCTCAT-1_1_2"
"2486","TGGAGAGAGCTGGCCT-1_1_2"
"2487","TGGAGAGCATTATGCG-1_1_2"
"2488","TGGAGAGGTACGTTCA-1_1_2"
"2489","TGGAGAGGTCTTGCTC-1_1_2"
"2490","TGGAGGAAGAGGGTCT-1_1_2"
"2491","TGGAGGATCATAGCAC-1_1_2"
"2492","TGGAGGATCGTGGCTG-1_1_2"
"2493","TGGATCAAGCTTAGTC-1_1_2"
"2494","TGGATCAAGTCCGTCG-1_1_2"
"2495","TGGATCACACAACATC-1_1_2"
"2496","TGGATGTCAAGTCCAT-1_1_2"
"2497","TGGCGTGAGCGTGTCC-1_1_2"
"2498","TGGCGTGCATGGTGGA-1_1_2"
"2499","TGGGAAGCACAACGTT-1_1_2"
"2500","TGGGAAGCAGCGGTTC-1_1_2"
"2501","TGGGAAGGTAGCGCTC-1_1_2"
"2502","TGGGAAGTCTCCGTGT-1_1_2"
"2503","TGGGAGACACTGATTG-1_1_2"
"2504","TGGGATTAGCGAACTG-1_1_2"
"2505","TGGGATTGTCTCAAGT-1_1_2"
"2506","TGGGCGTCAAATGAGT-1_1_2"
"2507","TGGGCGTTCCAGCAAT-1_1_2"
"2508","TGGGCTGCAATAGTGA-1_1_2"
"2509","TGGGCTGCACGGTGTC-1_1_2"
"2510","TGGGCTGCATGAAAGT-1_1_2"
"2511","TGGGCTGGTACGGCAA-1_1_2"
"2512","TGGTACACAACTGTGT-1_1_2"
"2513","TGGTACAGTCCAAATC-1_1_2"
"2514","TGGTACAGTTAGTTCG-1_1_2"
"2515","TGGTACATCCAATCTT-1_1_2"
"2516","TGGTAGTAGCACTCCG-1_1_2"
"2517","TGGTAGTTCCGCAACG-1_1_2"
"2518","TGGTGATGTTCACCGG-1_1_2"
"2519","TGGTTAGCAAGTGTCT-1_1_2"
"2520","TGTAACGAGAATTCAG-1_1_2"
"2521","TGTAACGAGGGCTAAC-1_1_2"
"2522","TGTAACGGTAGCACGA-1_1_2"
"2523","TGTAAGCAGAAGCGCT-1_1_2"
"2524","TGTAAGCAGACTGTTC-1_1_2"
"2525","TGTAAGCCAGAAATCA-1_1_2"
"2526","TGTAAGCGTGGGTTGA-1_1_2"
"2527","TGTAAGCGTGTACATC-1_1_2"
"2528","TGTACAGAGAAGGATG-1_1_2"
"2529","TGTACAGGTAATCAAG-1_1_2"
"2530","TGTACAGGTGGCTTAT-1_1_2"
"2531","TGTACAGTCGTGTCAA-1_1_2"
"2532","TGTACAGTCTGCCTGT-1_1_2"
"2533","TGTAGACAGACAACTA-1_1_2"
"2534","TGTAGACAGCCGTCGT-1_1_2"
"2535","TGTAGACAGTATGATG-1_1_2"
"2536","TGTAGACCAACTAGAA-1_1_2"
"2537","TGTAGACCAAGTCCAT-1_1_2"
"2538","TGTAGACCAGAGAAAG-1_1_2"
"2539","TGTAGACCAGCTACAT-1_1_2"
"2540","TGTAGACCATCAGTGT-1_1_2"
"2541","TGTAGACGTCGCTGCA-1_1_2"
"2542","TGTAGACGTTAAACAG-1_1_2"
"2543","TGTCAGAAGAAACTCA-1_1_2"
"2544","TGTCAGAGTCCGGTGT-1_1_2"
"2545","TGTCAGAGTCGGCACT-1_1_2"
"2546","TGTCCACAGTCGGCCT-1_1_2"
"2547","TGTCCACGTGTCACAT-1_1_2"
"2548","TGTCCCACATCACCAA-1_1_2"
"2549","TGTCCCACATCCAATG-1_1_2"
"2550","TGTCCCATCGAACTCA-1_1_2"
"2551","TGTCCTGGTCGACGCT-1_1_2"
"2552","TGTGAGTCAGAGATGC-1_1_2"
"2553","TGTGAGTGTATCGAAA-1_1_2"
"2554","TGTGAGTGTATCGTAC-1_1_2"
"2555","TGTGATGAGCCACTCG-1_1_2"
"2556","TGTGATGGTACCCGAC-1_1_2"
"2557","TGTGATGTCCCGTTCA-1_1_2"
"2558","TGTGCGGTCGACATTG-1_1_2"
"2559","TGTGGCGCAGGGATAC-1_1_2"
"2560","TGTGGCGTCAGCCTCT-1_1_2"
"2561","TGTGTGAAGAATAACC-1_1_2"
"2562","TGTGTGAAGCCATATC-1_1_2"
"2563","TGTGTGAAGTCCCAAT-1_1_2"
"2564","TGTGTGACAAGGATGC-1_1_2"
"2565","TGTGTGAGTGTCGATT-1_1_2"
"2566","TGTTACTAGCCTATCA-1_1_2"
"2567","TGTTACTAGGTCACAG-1_1_2"
"2568","TGTTACTGTCATGCAT-1_1_2"
"2569","TGTTACTGTTTGGAGG-1_1_2"
"2570","TGTTCATAGCTCGAAG-1_1_2"
"2571","TGTTCATCACAAACGG-1_1_2"
"2572","TGTTCCGCATGACGGA-1_1_2"
"2573","TGTTCCGGTATCGCTA-1_1_2"
"2574","TGTTCCGGTCAAAGCG-1_1_2"
"2575","TGTTCCGGTCAAATCC-1_1_2"
"2576","TGTTCTAAGTAAACGT-1_1_2"
"2577","TGTTCTAAGTTAGTGA-1_1_2"
"2578","TGTTCTACAGACGATG-1_1_2"
"2579","TGTTCTACATTCATCT-1_1_2"
"2580","TGTTCTAGTATGAGAT-1_1_2"
"2581","TGTTCTATCGACCTAA-1_1_2"
"2582","TGTTGAGAGGTGTGAC-1_1_2"
"2583","TGTTGAGGTACAACGG-1_1_2"
"2584","TGTTGAGTCACTACTT-1_1_2"
"2585","TGTTGAGTCGACGACC-1_1_2"
"2586","TGTTGGAAGTGTAGAT-1_1_2"
"2587","TGTTGGAGTCCACTCT-1_1_2"
"2588","TGTTGGAGTCGCTGCA-1_1_2"
"2589","TGTTTGTAGGACAGTC-1_1_2"
"2590","TGTTTGTCACTTCATT-1_1_2"
"2591","TGTTTGTCATGATGCT-1_1_2"
"2592","TGTTTGTTCAATCTTC-1_1_2"
"2593","TGTTTGTTCATACAGC-1_1_2"
"2594","TTAATCCCAGCGCGTT-1_1_2"
"2595","TTAATCCTCGGCTTCT-1_1_2"
"2596","TTACAGGGTCGCACAC-1_1_2"
"2597","TTACAGGTCCACCTCA-1_1_2"
"2598","TTACAGGTCTCCGATC-1_1_2"
"2599","TTACCATAGTCCCAAT-1_1_2"
"2600","TTACCGCCACGTCGGT-1_1_2"
"2601","TTACCGCCAGGGAGAG-1_1_2"
"2602","TTACCGCGTCCGACGT-1_1_2"
"2603","TTACGCCAGAAGATCT-1_1_2"
"2604","TTACGCCCATATTCGG-1_1_2"
"2605","TTACGCCTCAGGGATG-1_1_2"
"2606","TTACGTTAGGTCTGGA-1_1_2"
"2607","TTACGTTCACTGTCGG-1_1_2"
"2608","TTACGTTCATGGAATA-1_1_2"
"2609","TTACGTTGTTAGGCCC-1_1_2"
"2610","TTACGTTTCGCTACAA-1_1_2"
"2611","TTACTGTGTCGGTACC-1_1_2"
"2612","TTACTGTGTCTTCATT-1_1_2"
"2613","TTACTGTTCTATCCAT-1_1_2"
"2614","TTAGGCATCACCGGTG-1_1_2"
"2615","TTAGGCATCGGCCCAA-1_1_2"
"2616","TTAGGGTCAAGAAACT-1_1_2"
"2617","TTAGGGTGTACGCTAT-1_1_2"
"2618","TTAGGGTGTGGCTGAA-1_1_2"
"2619","TTAGGGTTCATTACGG-1_1_2"
"2620","TTAGTCTAGGTTCACT-1_1_2"
"2621","TTAGTCTAGTGAGGCT-1_1_2"
"2622","TTAGTCTCACAGTACT-1_1_2"
"2623","TTAGTCTCATTCCTAT-1_1_2"
"2624","TTAGTCTTCAGTGCGC-1_1_2"
"2625","TTAGTCTTCCGATTAG-1_1_2"
"2626","TTATTGCCAACAAGTA-1_1_2"
"2627","TTCAATCAGTCTTCCC-1_1_2"
"2628","TTCAATCCATCTTTCA-1_1_2"
"2629","TTCAATCGTAGAGACC-1_1_2"
"2630","TTCAATCTCCTCTGCA-1_1_2"
"2631","TTCACCGGTAGAATGT-1_1_2"
"2632","TTCACCGGTTGTGTTG-1_1_2"
"2633","TTCAGGAAGGGCGAAG-1_1_2"
"2634","TTCAGGACACTACAGT-1_1_2"
"2635","TTCAGGATCAAGGCTT-1_1_2"
"2636","TTCAGGATCCAAAGGG-1_1_2"
"2637","TTCAGGATCTCGCGTT-1_1_2"
"2638","TTCATGTAGCAAGTCG-1_1_2"
"2639","TTCATGTGTTCTCTCG-1_1_2"
"2640","TTCATGTTCCAGTACA-1_1_2"
"2641","TTCATTGAGACAGCTG-1_1_2"
"2642","TTCATTGGTCGCACAC-1_1_2"
"2643","TTCATTGTCCAGCTCT-1_1_2"
"2644","TTCCAATAGATTGTGA-1_1_2"
"2645","TTCCACGGTCCCACGA-1_1_2"
"2646","TTCCACGGTGTTACAC-1_1_2"
"2647","TTCCACGGTGTTAGCT-1_1_2"
"2648","TTCCACGTCTTACGTT-1_1_2"
"2649","TTCCGGTAGCAAATGT-1_1_2"
"2650","TTCCGGTCATCTGTTT-1_1_2"
"2651","TTCCGGTGTATTTCTC-1_1_2"
"2652","TTCCGGTGTCCACTTC-1_1_2"
"2653","TTCCGGTGTCGCCTAG-1_1_2"
"2654","TTCCGGTTCCGTGTAA-1_1_2"
"2655","TTCCGTGCATCGATGT-1_1_2"
"2656","TTCCGTGGTCATCTAG-1_1_2"
"2657","TTCCTAACAACCAATC-1_1_2"
"2658","TTCCTAACATACAGAA-1_1_2"
"2659","TTCCTCTAGATGCAGC-1_1_2"
"2660","TTCCTCTAGTCCTGTA-1_1_2"
"2661","TTCCTCTCAAAGGGCT-1_1_2"
"2662","TTCCTCTCACATTGTG-1_1_2"
"2663","TTCCTCTCACGACCTG-1_1_2"
"2664","TTCCTCTGTCATAAAG-1_1_2"
"2665","TTCCTTCGTCGGATTT-1_1_2"
"2666","TTCCTTCTCCGGACGT-1_1_2"
"2667","TTCGATTAGGCCTAAG-1_1_2"
"2668","TTCGATTCACCAGGTC-1_1_2"
"2669","TTCGATTTCCAAATGC-1_1_2"
"2670","TTCGCTGAGATGTAGT-1_1_2"
"2671","TTCGCTGGTTGGACCC-1_1_2"
"2672","TTCGCTGTCATGTCAG-1_1_2"
"2673","TTCGCTGTCATTCTTG-1_1_2"
"2674","TTCGCTGTCCAAGAGG-1_1_2"
"2675","TTCGGTCAGGTCATAA-1_1_2"
"2676","TTCGGTCTCATGAGGG-1_1_2"
"2677","TTCTAACAGCAACTTC-1_1_2"
"2678","TTCTAACAGTCACTCA-1_1_2"
"2679","TTCTAACGTCCTACAA-1_1_2"
"2680","TTCTAACGTGAGCTCC-1_1_2"
"2681","TTCTAACTCCAAACCA-1_1_2"
"2682","TTCTAGTGTGATTCTG-1_1_2"
"2683","TTCTCTCTCCGCTAGG-1_1_2"
"2684","TTCTGTAAGGCGCTTC-1_1_2"
"2685","TTCTTCCGTTGACTGT-1_1_2"
"2686","TTCTTGATCTTAGCAG-1_1_2"
"2687","TTGAACGCAGAACCGA-1_1_2"
"2688","TTGAACGGTCTCGACG-1_1_2"
"2689","TTGAACGTCACTACTT-1_1_2"
"2690","TTGACCCAGAAACACT-1_1_2"
"2691","TTGACCCAGCAGCACA-1_1_2"
"2692","TTGACCCAGGTGGCTA-1_1_2"
"2693","TTGACCCTCGGTCGAC-1_1_2"
"2694","TTGAGTGAGTTGAAAC-1_1_2"
"2695","TTGAGTGGTAACCCTA-1_1_2"
"2696","TTGATGGGTCGACTGC-1_1_2"
"2697","TTGATGGGTGAGAACC-1_1_2"
"2698","TTGATGGTCAAGCCTA-1_1_2"
"2699","TTGCATTAGAACTGAT-1_1_2"
"2700","TTGCATTCACCTGATA-1_1_2"
"2701","TTGCATTTCATACAGC-1_1_2"
"2702","TTGCATTTCCAATGCA-1_1_2"
"2703","TTGCGTCAGAGGCTGT-1_1_2"
"2704","TTGCGTCAGTCGTCTA-1_1_2"
"2705","TTGCGTCCAGGGATAC-1_1_2"
"2706","TTGCTGCAGAATTTGG-1_1_2"
"2707","TTGCTGCGTACGAGCA-1_1_2"
"2708","TTGCTGCGTAGGCAGT-1_1_2"
"2709","TTGGGATCAGTAGAAT-1_1_2"
"2710","TTGGGATGTACTGTTG-1_1_2"
"2711","TTGGGATGTGAGGATC-1_1_2"
"2712","TTGGGCGGTTCGGACC-1_1_2"
"2713","TTGGGCGTCTCGCGTT-1_1_2"
"2714","TTGGGTAAGGCTGAAC-1_1_2"
"2715","TTGGGTAGTTCAATCG-1_1_2"
"2716","TTGGTTTGTCCCTAAA-1_1_2"
"2717","TTGGTTTGTTCTATCT-1_1_2"
"2718","TTGTGGAAGCGACTAG-1_1_2"
"2719","TTGTGGACAATTGTGC-1_1_2"
"2720","TTGTGGACACCGTCTT-1_1_2"
"2721","TTGTGGAGTAATCAAG-1_1_2"
"2722","TTGTGGATCACTCCGT-1_1_2"
"2723","TTGTGGATCGAACCAT-1_1_2"
"2724","TTGTGTTAGCCATCCG-1_1_2"
"2725","TTGTGTTTCCCGATCT-1_1_2"
"2726","TTGTGTTTCCGAGGCT-1_1_2"
"2727","TTGTTCACAGCATTGT-1_1_2"
"2728","TTGTTCATCTCTCGCA-1_1_2"
"2729","TTGTTGTAGGATAATC-1_1_2"
"2730","TTGTTGTCAGTCTTCC-1_1_2"
"2731","TTGTTGTTCACCATCC-1_1_2"
"2732","TTGTTTGAGGCGATAC-1_1_2"
"2733","TTTACCACAAATCGTC-1_1_2"
"2734","TTTACGTCAGTCACGC-1_1_2"
"2735","TTTACGTCATAGGCGA-1_1_2"
"2736","TTTACGTCATGGTGGA-1_1_2"
"2737","TTTACTGCACCAATTG-1_1_2"
"2738","TTTACTGTCCATTGTT-1_1_2"
"2739","TTTAGTCGTAGGCTGA-1_1_2"
"2740","TTTAGTCTCTGTCAGA-1_1_2"
"2741","TTTCACACAAGTATAG-1_1_2"
"2742","TTTCACACACGACGAA-1_1_2"
"2743","TTTCACACATAGGTTC-1_1_2"
"2744","TTTCACATCTATACGG-1_1_2"
"2745","TTTCAGTCAGTCGGAA-1_1_2"
"2746","TTTCAGTGTGACTAAA-1_1_2"
"2747","TTTCAGTGTTAACCTG-1_1_2"
"2748","TTTCAGTTCGGATAAA-1_1_2"
"2749","TTTCATGAGCAGTACG-1_1_2"
"2750","TTTCATGAGTAACAGT-1_1_2"
"2751","TTTCATGGTGGTAATA-1_1_2"
"2752","TTTCATGTCCTTCACG-1_1_2"
"2753","TTTCCTCAGGGTTTCT-1_1_2"
"2754","TTTCCTCGTAGATTGA-1_1_2"
"2755","TTTCCTCGTTACCCAA-1_1_2"
"2756","TTTCGATAGGACAAGA-1_1_2"
"2757","TTTCGATCAAATTGCC-1_1_2"
"2758","TTTCGATCACAGTCGC-1_1_2"
"2759","TTTCGATGTAGGGAGG-1_1_2"
"2760","TTTCGATTCGTGACTA-1_1_2"
"2761","TTTCGATTCTGCTGAA-1_1_2"
"2762","TTTGACTCACTGATTG-1_1_2"
"2763","TTTGACTCAGCATACT-1_1_2"
"2764","TTTGACTGTCACTTAG-1_1_2"
"2765","TTTGACTTCACAAGAA-1_1_2"
"2766","TTTGACTTCGAGCCTG-1_1_2"
"2767","TTTGACTTCGATACAC-1_1_2"
"2768","TTTGATCAGCTCAGAG-1_1_2"
"2769","TTTGATCTCCGTTTCG-1_1_2"
"2770","TTTGGAGAGACGTCGA-1_1_2"
"2771","TTTGGAGAGGCAGGTT-1_1_2"
"2772","TTTGGAGGTCAGCGTC-1_1_2"
"2773","TTTGGAGTCATGAGGG-1_1_2"
"2774","TTTGGTTCATAATCCG-1_1_2"
"2775","TTTGTTGAGAGCCTGA-1_1_2"
"2776","TTTGTTGAGGTTGTTC-1_1_2"
"2777","TTTGTTGAGTTAGTGA-1_1_2"
"2778","TTTGTTGGTGCTATTG-1_1_2"
