"","x"
"1","AAACCCAAGCTAAATG-1_2_2"
"2","AAACCCAGTGGTACAG-1_2_2"
"3","AAACGAAAGCTCCATA-1_2_2"
"4","AAACGAAAGGCGAACT-1_2_2"
"5","AAACGAAAGTCAGCGA-1_2_2"
"6","AAACGAACAGGTGGAT-1_2_2"
"7","AAACGAACATCGATAC-1_2_2"
"8","AAACGAATCATTGTTC-1_2_2"
"9","AAACGAATCTACAGGT-1_2_2"
"10","AAACGCTCAGGCGTTC-1_2_2"
"11","AAACGCTGTATAATGG-1_2_2"
"12","AAAGAACCAATCACGT-1_2_2"
"13","AAAGAACGTACGAGTG-1_2_2"
"14","AAAGAACTCGACGATT-1_2_2"
"15","AAAGAACTCGGCATTA-1_2_2"
"16","AAAGAACTCTACCAGA-1_2_2"
"17","AAAGAACTCTGGACTA-1_2_2"
"18","AAAGGATAGGCTATCT-1_2_2"
"19","AAAGGATAGTACAACA-1_2_2"
"20","AAAGGATCACAATGTC-1_2_2"
"21","AAAGGATTCATGCCCT-1_2_2"
"22","AAAGGGCTCGCAATGT-1_2_2"
"23","AAAGGGCTCGTGAGAG-1_2_2"
"24","AAAGGTAAGTTGCATC-1_2_2"
"25","AAAGGTAGTGGCGTAA-1_2_2"
"26","AAAGGTATCCCTCTAG-1_2_2"
"27","AAAGGTATCGAAATCC-1_2_2"
"28","AAAGTCCAGTCCCAGC-1_2_2"
"29","AAAGTCCCATGGCGCT-1_2_2"
"30","AAAGTCCTCACTTCTA-1_2_2"
"31","AAAGTCCTCAGACATC-1_2_2"
"32","AAAGTGATCAACTCTT-1_2_2"
"33","AAATGGAAGGTACATA-1_2_2"
"34","AAATGGAAGTGAGGCT-1_2_2"
"35","AAATGGATCAAGGTGG-1_2_2"
"36","AACAAAGCAGCTATAC-1_2_2"
"37","AACAAAGTCCATCGTC-1_2_2"
"38","AACAAAGTCCCATAGA-1_2_2"
"39","AACAAAGTCGTGCACG-1_2_2"
"40","AACAACCCAGCTACCG-1_2_2"
"41","AACAACCGTTCTAAGC-1_2_2"
"42","AACAACCTCGGAGTGA-1_2_2"
"43","AACAACCTCTTGGCTC-1_2_2"
"44","AACAAGACACGGTGTC-1_2_2"
"45","AACAAGAGTCCTATAG-1_2_2"
"46","AACAAGATCACTACTT-1_2_2"
"47","AACACACAGACCCTTA-1_2_2"
"48","AACACACAGCGTATGG-1_2_2"
"49","AACACACGTATCGATC-1_2_2"
"50","AACACACGTTACACTG-1_2_2"
"51","AACACACTCCGGTAGC-1_2_2"
"52","AACACACTCGTTACCC-1_2_2"
"53","AACAGGGAGATACGAT-1_2_2"
"54","AACCAACAGTTACTCG-1_2_2"
"55","AACCACACACATTACG-1_2_2"
"56","AACCACACATTGTGCA-1_2_2"
"57","AACCATGCAGTCAGAG-1_2_2"
"58","AACCATGTCAAGTCTG-1_2_2"
"59","AACCATGTCAGGCGAA-1_2_2"
"60","AACCATGTCTCCCATG-1_2_2"
"61","AACCCAAAGAGATTCA-1_2_2"
"62","AACCCAACAAGACGGT-1_2_2"
"63","AACCCAACAGTCGGTC-1_2_2"
"64","AACCCAAGTCTCAGAT-1_2_2"
"65","AACCCAATCACGAGGA-1_2_2"
"66","AACCCAATCTATTGTC-1_2_2"
"67","AACCTGACAACGACAG-1_2_2"
"68","AACCTGAGTACCGTGC-1_2_2"
"69","AACCTGAGTCACTGAT-1_2_2"
"70","AACCTGAGTTGGACTT-1_2_2"
"71","AACCTTTAGCGCCCAT-1_2_2"
"72","AACCTTTGTAGAGACC-1_2_2"
"73","AACCTTTGTTAGAAGT-1_2_2"
"74","AACGGGAGTGGCATCC-1_2_2"
"75","AACGGGATCGCTTACC-1_2_2"
"76","AACGTCAAGATGACCG-1_2_2"
"77","AACGTCACAGCTGAAG-1_2_2"
"78","AACGTCAGTATCTCTT-1_2_2"
"79","AACTTCTAGCGCAATG-1_2_2"
"80","AACTTCTGTTTGACAC-1_2_2"
"81","AAGAACACAACCACGC-1_2_2"
"82","AAGAACACATCTTTCA-1_2_2"
"83","AAGACAATCCGTTTCG-1_2_2"
"84","AAGACTCAGCTGTCCG-1_2_2"
"85","AAGACTCAGTCCCAAT-1_2_2"
"86","AAGACTCCAATGAAAC-1_2_2"
"87","AAGACTCGTCATGGCC-1_2_2"
"88","AAGATAGAGACATAGT-1_2_2"
"89","AAGATAGAGCAGCAGT-1_2_2"
"90","AAGATAGAGTCTGGTT-1_2_2"
"91","AAGATAGCAAGGCCTC-1_2_2"
"92","AAGATAGCACGTTCGG-1_2_2"
"93","AAGATAGCAGACGATG-1_2_2"
"94","AAGATAGGTAAGGCTG-1_2_2"
"95","AAGATAGGTACGTACT-1_2_2"
"96","AAGATAGGTTTCTATC-1_2_2"
"97","AAGATAGTCACAATGC-1_2_2"
"98","AAGCATCCAGGTCAGA-1_2_2"
"99","AAGCATCTCACTGAAC-1_2_2"
"100","AAGCATCTCATGGGAG-1_2_2"
"101","AAGCCATAGCTAGAAT-1_2_2"
"102","AAGCCATAGGCCACTC-1_2_2"
"103","AAGCCATAGTAAATGC-1_2_2"
"104","AAGCCATTCATATGGC-1_2_2"
"105","AAGCGAGTCCAAGCCG-1_2_2"
"106","AAGCGTTCACGACTAT-1_2_2"
"107","AAGCGTTCATGACACT-1_2_2"
"108","AAGCGTTTCACCTGGG-1_2_2"
"109","AAGGAATAGGAACGAA-1_2_2"
"110","AAGGAATAGGGCCTCT-1_2_2"
"111","AAGGAATCACGTAACT-1_2_2"
"112","AAGGAATGTGAGTAAT-1_2_2"
"113","AAGGAATGTTAAGACA-1_2_2"
"114","AAGGTAAAGACCTCAT-1_2_2"
"115","AAGGTAAAGGCCTGAA-1_2_2"
"116","AAGGTAAGTAACTGCT-1_2_2"
"117","AAGGTAAGTAAGTTGA-1_2_2"
"118","AAGGTAAGTAGGTGCA-1_2_2"
"119","AAGGTAAGTTCTTGTT-1_2_2"
"120","AAGGTAATCGACATAC-1_2_2"
"121","AAGTACCCAGCGAGTA-1_2_2"
"122","AAGTCGTAGGGTATAT-1_2_2"
"123","AAGTCGTCAGTATACC-1_2_2"
"124","AAGTGAACACCGGCTA-1_2_2"
"125","AAGTGAAGTATACGGG-1_2_2"
"126","AAGTGAAGTTATGGTC-1_2_2"
"127","AAGTGAATCGTCCTCA-1_2_2"
"128","AAGTGAATCTAGTTCT-1_2_2"
"129","AAGTTCGAGCATGTTC-1_2_2"
"130","AAGTTCGAGGCGCTTC-1_2_2"
"131","AAGTTCGCAGTCGCTG-1_2_2"
"132","AAGTTCGTCAGTCTTT-1_2_2"
"133","AAGTTCGTCCGTATAG-1_2_2"
"134","AATAGAGCAAAGAGTT-1_2_2"
"135","AATAGAGTCGCACGAC-1_2_2"
"136","AATAGAGTCTCTCTAA-1_2_2"
"137","AATCACGCACCGCTGA-1_2_2"
"138","AATCGACCAATGGCCC-1_2_2"
"139","AATCGACCACTCAAGT-1_2_2"
"140","AATCGACCATTAGGCT-1_2_2"
"141","AATCGACGTTCCGGTG-1_2_2"
"142","AATCGTGGTCACCGCA-1_2_2"
"143","AATGACCAGGCTCAAG-1_2_2"
"144","AATGACCCAAAGGCGT-1_2_2"
"145","AATGACCCACTGGACC-1_2_2"
"146","AATGACCCATGTGCCG-1_2_2"
"147","AATGACCTCATTTGCT-1_2_2"
"148","AATGACCTCCATAGAC-1_2_2"
"149","AATGACCTCCGAAATC-1_2_2"
"150","AATGACCTCGGTCGGT-1_2_2"
"151","AATGACCTCTCTAAGG-1_2_2"
"152","AATGACCTCTGAGCAT-1_2_2"
"153","AATGCCAAGGCTAAAT-1_2_2"
"154","AATGCCACAAAGGCGT-1_2_2"
"155","AATGCCAGTATGAGAT-1_2_2"
"156","AATGCCATCAACTACG-1_2_2"
"157","AATGGAAGTCACCTTC-1_2_2"
"158","AATGGCTCATCGCTGG-1_2_2"
"159","AATGGCTCATTCGATG-1_2_2"
"160","AATGGCTGTTCTCTAT-1_2_2"
"161","AATTCCTAGTGGTCAG-1_2_2"
"162","AATTCCTCACTCCTTG-1_2_2"
"163","AATTCCTCAGAACTAA-1_2_2"
"164","AATTTCCAGCGATGAC-1_2_2"
"165","AATTTCCTCATTATCC-1_2_2"
"166","AATTTCCTCTATGCCC-1_2_2"
"167","AATTTCCTCTGAGAAA-1_2_2"
"168","ACAAAGATCCTACCAC-1_2_2"
"169","ACAAAGATCGGTTAGT-1_2_2"
"170","ACAACCAGTCAACACT-1_2_2"
"171","ACAAGCTGTTTACCAG-1_2_2"
"172","ACAAGCTTCCGTAATG-1_2_2"
"173","ACACAGTAGGCGTTAG-1_2_2"
"174","ACACAGTCAGCGCTTG-1_2_2"
"175","ACACAGTGTTGTGCCG-1_2_2"
"176","ACACCAAAGGAGGTTC-1_2_2"
"177","ACACCAAGTTGTAAAG-1_2_2"
"178","ACACGCGAGAAGATCT-1_2_2"
"179","ACACTGAGTTGGCCGT-1_2_2"
"180","ACACTGATCGAGTGGA-1_2_2"
"181","ACAGAAAAGAATCGCG-1_2_2"
"182","ACAGAAAGTAAGATTG-1_2_2"
"183","ACAGCCGGTCAGGCAA-1_2_2"
"184","ACAGCCGGTGGCGCTT-1_2_2"
"185","ACAGCCGGTTAAGGGC-1_2_2"
"186","ACAGCCGTCGGAATTC-1_2_2"
"187","ACAGCCGTCGTTAGTG-1_2_2"
"188","ACATCCCAGCGACCCT-1_2_2"
"189","ACATCCCCAATCAAGA-1_2_2"
"190","ACATCCCCATACAGGG-1_2_2"
"191","ACATCCCGTTCAATCG-1_2_2"
"192","ACATCGAAGAGTTGCG-1_2_2"
"193","ACATCGACAATTCTCT-1_2_2"
"194","ACATCGACACATTACG-1_2_2"
"195","ACATCGACACTTGTCC-1_2_2"
"196","ACATCGATCCTAGCCT-1_2_2"
"197","ACATGCAAGCCAAGCA-1_2_2"
"198","ACATTTCAGACACACG-1_2_2"
"199","ACATTTCAGATGGTCG-1_2_2"
"200","ACATTTCGTAGGATAT-1_2_2"
"201","ACCAAACAGGTGCGAT-1_2_2"
"202","ACCAAACCAAACACGG-1_2_2"
"203","ACCAAACCAAAGGATT-1_2_2"
"204","ACCAAACGTCACTCAA-1_2_2"
"205","ACCAAACTCCCGTTGT-1_2_2"
"206","ACCAACAAGCAACTCT-1_2_2"
"207","ACCAACAAGCCAAGTG-1_2_2"
"208","ACCAACAAGGGAACAA-1_2_2"
"209","ACCAACACAATTCTTC-1_2_2"
"210","ACCAACATCGTAGGAG-1_2_2"
"211","ACCAACATCTATTCGT-1_2_2"
"212","ACCACAACACATTCGA-1_2_2"
"213","ACCACAACATCGATCA-1_2_2"
"214","ACCACAATCCGTCAAA-1_2_2"
"215","ACCATTTAGGGCTTCC-1_2_2"
"216","ACCATTTCAAGTCGTT-1_2_2"
"217","ACCATTTCATCTTAGG-1_2_2"
"218","ACCATTTGTCGAAGCA-1_2_2"
"219","ACCCAAAGTAGTGATA-1_2_2"
"220","ACCCTCAAGGATACCG-1_2_2"
"221","ACCCTCACATTGAAGA-1_2_2"
"222","ACCGTTCCATGAATAG-1_2_2"
"223","ACCTACCAGAAGTCAT-1_2_2"
"224","ACCTACCAGCACCAGA-1_2_2"
"225","ACCTACCCAGGTGAGT-1_2_2"
"226","ACCTACCGTCTTAGTG-1_2_2"
"227","ACCTACCGTTCGTACA-1_2_2"
"228","ACCTGAACAACTTGCA-1_2_2"
"229","ACCTGTCAGCAGGGAG-1_2_2"
"230","ACCTGTCAGCGAGAAA-1_2_2"
"231","ACGATCAGTCGTACAT-1_2_2"
"232","ACGATGTAGGCCCGTT-1_2_2"
"233","ACGATGTAGTTTGAGA-1_2_2"
"234","ACGATGTCACGGCCAT-1_2_2"
"235","ACGATGTGTCACTGAT-1_2_2"
"236","ACGATGTTCTCGGCTT-1_2_2"
"237","ACGCACGAGAGCATAT-1_2_2"
"238","ACGCACGGTGTTAACC-1_2_2"
"239","ACGCACGTCTCGTTTA-1_2_2"
"240","ACGGAAGAGGGCTGAT-1_2_2"
"241","ACGGAAGGTTATCCAG-1_2_2"
"242","ACGGAAGGTTCTTAGG-1_2_2"
"243","ACGGGTCAGGACCCAA-1_2_2"
"244","ACGGGTCCAGGTAGTG-1_2_2"
"245","ACGGGTCTCCATCTCG-1_2_2"
"246","ACGGGTCTCTGGTCAA-1_2_2"
"247","ACGGTCGAGGCTATCT-1_2_2"
"248","ACGGTCGCAAAGCAAT-1_2_2"
"249","ACGGTCGCACCGGTCA-1_2_2"
"250","ACGGTCGCACGACGCT-1_2_2"
"251","ACGGTCGGTCAAAGAT-1_2_2"
"252","ACGGTCGTCAAACTGC-1_2_2"
"253","ACGGTCGTCACCATCC-1_2_2"
"254","ACGGTTAAGAAATTCG-1_2_2"
"255","ACGGTTAGTGCAGGAT-1_2_2"
"256","ACGTAACGTACTGGGA-1_2_2"
"257","ACGTAACTCAACCCGG-1_2_2"
"258","ACGTAACTCCGGCAGT-1_2_2"
"259","ACGTACAAGACTTCCA-1_2_2"
"260","ACGTACAAGATGTTAG-1_2_2"
"261","ACGTACAAGGATGCGT-1_2_2"
"262","ACGTACAGTGACCGAA-1_2_2"
"263","ACGTACAGTGTATACC-1_2_2"
"264","ACGTAGTCATTGCTGA-1_2_2"
"265","ACGTAGTGTCATCTAG-1_2_2"
"266","ACGTCCTAGGCAGGTT-1_2_2"
"267","ACGTCCTTCATCACCC-1_2_2"
"268","ACGTTCCAGTGTTCAC-1_2_2"
"269","ACGTTCCGTAGGTCAG-1_2_2"
"270","ACGTTCCGTCCCTGTT-1_2_2"
"271","ACGTTCCGTCTGCAAT-1_2_2"
"272","ACTACGATCAGTGGGA-1_2_2"
"273","ACTATCTAGGCAGTCA-1_2_2"
"274","ACTATCTTCACCATGA-1_2_2"
"275","ACTATCTTCCTCACGT-1_2_2"
"276","ACTATGGGTCGAGTGA-1_2_2"
"277","ACTATGGGTTAAGGAT-1_2_2"
"278","ACTATGGGTTACGATC-1_2_2"
"279","ACTATGGTCCAACCAA-1_2_2"
"280","ACTATTCAGGATATGT-1_2_2"
"281","ACTATTCCAATTCTCT-1_2_2"
"282","ACTATTCCACTGTGTA-1_2_2"
"283","ACTATTCCAGAGTCAG-1_2_2"
"284","ACTATTCGTAAGCGGT-1_2_2"
"285","ACTCCCAAGTTAACGA-1_2_2"
"286","ACTCCCACAGGACGAT-1_2_2"
"287","ACTCCCAGTCAACGCC-1_2_2"
"288","ACTCTCGCACCTCAGG-1_2_2"
"289","ACTCTCGGTGTTAGCT-1_2_2"
"290","ACTCTCGTCTCTGCCA-1_2_2"
"291","ACTGATGAGGCTCTCG-1_2_2"
"292","ACTGATGAGGGTCTTT-1_2_2"
"293","ACTGCAAAGGTAGTAT-1_2_2"
"294","ACTGCAACACAGCCAC-1_2_2"
"295","ACTGCAACACGACGTC-1_2_2"
"296","ACTGTCCCAATACAGA-1_2_2"
"297","ACTGTCCGTAACATGA-1_2_2"
"298","ACTGTGAGTAGCCCTG-1_2_2"
"299","ACTTAGGTCAGGGATG-1_2_2"
"300","ACTTATCCAAGCCTGC-1_2_2"
"301","ACTTCCGAGAAGTCCG-1_2_2"
"302","ACTTCCGAGCGAGGAG-1_2_2"
"303","ACTTCCGAGCTCGTGC-1_2_2"
"304","ACTTCCGAGTTTCTTC-1_2_2"
"305","ACTTCCGCATTGACTG-1_2_2"
"306","ACTTCCGTCCCGAATA-1_2_2"
"307","ACTTCGCAGTGGCGAT-1_2_2"
"308","ACTTCGCCATCACAGT-1_2_2"
"309","ACTTTCAGTGTTGCCG-1_2_2"
"310","ACTTTGTAGCATGCGA-1_2_2"
"311","ACTTTGTCAATACCCA-1_2_2"
"312","ACTTTGTCATACAGAA-1_2_2"
"313","ACTTTGTGTAGTTCCA-1_2_2"
"314","AGAAATGAGAAGATCT-1_2_2"
"315","AGAAATGGTGATGTAA-1_2_2"
"316","AGAAATGGTTCACCGG-1_2_2"
"317","AGAACCTCAAAGGCGT-1_2_2"
"318","AGAACCTTCAGGACGA-1_2_2"
"319","AGAACCTTCCGTTTCG-1_2_2"
"320","AGAACCTTCGATTCCC-1_2_2"
"321","AGAAGCGCAACACACT-1_2_2"
"322","AGAAGCGGTGTTAAAG-1_2_2"
"323","AGAAGCGTCATGGAGG-1_2_2"
"324","AGAAGTACAACGCATT-1_2_2"
"325","AGACAAAGTGATTCAC-1_2_2"
"326","AGACACTAGACCATAA-1_2_2"
"327","AGACACTGTTACACTG-1_2_2"
"328","AGACAGGAGAAACCAT-1_2_2"
"329","AGACAGGCAGCCGTCA-1_2_2"
"330","AGACCATTCTCATAGG-1_2_2"
"331","AGACCATTCTCATTTG-1_2_2"
"332","AGACCCGAGATGGTAT-1_2_2"
"333","AGACCCGAGGTTCACT-1_2_2"
"334","AGACCCGCACATCCCT-1_2_2"
"335","AGACCCGGTCGAGATG-1_2_2"
"336","AGACTCAGTTCTGACA-1_2_2"
"337","AGAGAATAGATGTTAG-1_2_2"
"338","AGAGAATCATCTATCT-1_2_2"
"339","AGAGAATGTTTCCATT-1_2_2"
"340","AGAGAATTCAGCGCAC-1_2_2"
"341","AGAGAATTCCATAAGC-1_2_2"
"342","AGAGAGCGTGCGAACA-1_2_2"
"343","AGAGAGCGTTTCAGAC-1_2_2"
"344","AGAGCAGAGTAAAGCT-1_2_2"
"345","AGAGCAGCAACCGTGC-1_2_2"
"346","AGAGCAGCAGAAGTTA-1_2_2"
"347","AGAGCAGTCGACCACG-1_2_2"
"348","AGAGCCCAGCGGTATG-1_2_2"
"349","AGAGCCCCACTTGTCC-1_2_2"
"350","AGAGCCCGTCGCTCGA-1_2_2"
"351","AGAGCCCGTTCATCGA-1_2_2"
"352","AGAGCCCTCCTACACC-1_2_2"
"353","AGAGCCCTCTTAATCC-1_2_2"
"354","AGATAGACATCATTGG-1_2_2"
"355","AGATAGAGTATCCTCC-1_2_2"
"356","AGATAGATCACTACGA-1_2_2"
"357","AGATCCACACACTTAG-1_2_2"
"358","AGATCGTAGTACCGGA-1_2_2"
"359","AGATCGTCAAGACAAT-1_2_2"
"360","AGATCGTCAGAAGTGC-1_2_2"
"361","AGATCGTCATGACGAG-1_2_2"
"362","AGATCGTGTGCGGATA-1_2_2"
"363","AGATGAAGTGTACGCC-1_2_2"
"364","AGATGCTAGGGAGAAT-1_2_2"
"365","AGCATCAAGAAGTCTA-1_2_2"
"366","AGCATCAAGCTGACCC-1_2_2"
"367","AGCATCAAGTACAGAT-1_2_2"
"368","AGCATCAAGTTTGAGA-1_2_2"
"369","AGCATCACAAGATGGC-1_2_2"
"370","AGCCAATCACAAGCTT-1_2_2"
"371","AGCCACGAGGTGCTAG-1_2_2"
"372","AGCCACGCACCTCAGG-1_2_2"
"373","AGCCACGTCTCCTACG-1_2_2"
"374","AGCCAGCAGAAGCGGG-1_2_2"
"375","AGCCAGCAGGGATCTG-1_2_2"
"376","AGCCAGCAGTTCCAGT-1_2_2"
"377","AGCCAGCTCGCCAGTG-1_2_2"
"378","AGCGATTAGCACTCAT-1_2_2"
"379","AGCGATTGTCGTGCCA-1_2_2"
"380","AGCGATTTCCGATCTC-1_2_2"
"381","AGCGATTTCTGTGTGA-1_2_2"
"382","AGCGCCACACGGTGTC-1_2_2"
"383","AGCGCTGAGGCCTTCG-1_2_2"
"384","AGCGCTGGTCCTTAAG-1_2_2"
"385","AGCGCTGGTGAGCCAA-1_2_2"
"386","AGCGTATGTGCCCACA-1_2_2"
"387","AGCTACACAACAGCTT-1_2_2"
"388","AGCTTCCAGCGTCTGC-1_2_2"
"389","AGCTTCCGTGAGGATC-1_2_2"
"390","AGCTTCCTCGCAATGT-1_2_2"
"391","AGGAAATAGATGGTCG-1_2_2"
"392","AGGAAATAGGCTGGAT-1_2_2"
"393","AGGAAATAGTTGGAGC-1_2_2"
"394","AGGAAATCATGGCCCA-1_2_2"
"395","AGGAATAAGAGTTGTA-1_2_2"
"396","AGGAATAGTAACGTTC-1_2_2"
"397","AGGAATATCGCCATAA-1_2_2"
"398","AGGACGACAAACGTGG-1_2_2"
"399","AGGACGACATTAAAGG-1_2_2"
"400","AGGACGATCTCTAGGA-1_2_2"
"401","AGGACGATCTTAATCC-1_2_2"
"402","AGGACTTCATGACGGA-1_2_2"
"403","AGGACTTGTGATGTAA-1_2_2"
"404","AGGACTTTCAGCTAGT-1_2_2"
"405","AGGACTTTCGCAAGAG-1_2_2"
"406","AGGAGGTAGAAATTCG-1_2_2"
"407","AGGAGGTCAATCTAGC-1_2_2"
"408","AGGATAACACGTAACT-1_2_2"
"409","AGGATAAGTCATCGGC-1_2_2"
"410","AGGATAAGTGGTCCGT-1_2_2"
"411","AGGATAATCGCCGAAC-1_2_2"
"412","AGGATAATCTTTGGAG-1_2_2"
"413","AGGATCTAGTCTGGAG-1_2_2"
"414","AGGATCTGTTTAGACC-1_2_2"
"415","AGGATCTTCGTTAGTG-1_2_2"
"416","AGGCATTCAATACAGA-1_2_2"
"417","AGGCATTCAGTCTGGC-1_2_2"
"418","AGGCCACAGATGAAGG-1_2_2"
"419","AGGCCACCAATAACGA-1_2_2"
"420","AGGCCACCATCGGATT-1_2_2"
"421","AGGCTGCTCTGACAGT-1_2_2"
"422","AGGGAGTGTTTGCAGT-1_2_2"
"423","AGGGAGTTCACTCGAA-1_2_2"
"424","AGGGCCTCATTGCTGA-1_2_2"
"425","AGGGCTCAGCGCCTCA-1_2_2"
"426","AGGGCTCCACACACTA-1_2_2"
"427","AGGGTCCAGATAGCTA-1_2_2"
"428","AGGGTCCAGCGAAACC-1_2_2"
"429","AGGGTGAAGCCAGTAG-1_2_2"
"430","AGGGTGACATGTTACG-1_2_2"
"431","AGGGTTTAGAAGCGGG-1_2_2"
"432","AGGGTTTGTATCAAGA-1_2_2"
"433","AGGGTTTGTATCACCA-1_2_2"
"434","AGGGTTTGTGCCCGTA-1_2_2"
"435","AGGGTTTTCGAGGCAA-1_2_2"
"436","AGGTAGGAGACGTCCC-1_2_2"
"437","AGGTAGGTCCTTCGAC-1_2_2"
"438","AGGTCTACACATGTTG-1_2_2"
"439","AGGTCTACAGCTGAAG-1_2_2"
"440","AGGTCTACATCCGAAT-1_2_2"
"441","AGGTCTATCTTCGTGC-1_2_2"
"442","AGGTGTTAGTCGCCCA-1_2_2"
"443","AGGTGTTGTACGGTTT-1_2_2"
"444","AGGTTACAGCCTCGTG-1_2_2"
"445","AGGTTACGTACCCGCA-1_2_2"
"446","AGGTTACGTCGGAACA-1_2_2"
"447","AGGTTACTCCTCTAGC-1_2_2"
"448","AGGTTGTTCGTTCTCG-1_2_2"
"449","AGTAACCAGACGCTCC-1_2_2"
"450","AGTACCAAGAGTACCG-1_2_2"
"451","AGTACCAAGTGAGTGC-1_2_2"
"452","AGTACCACAACGGTAG-1_2_2"
"453","AGTACCATCGGAGCAA-1_2_2"
"454","AGTACTGGTCTGTCCT-1_2_2"
"455","AGTAGCTGTGCATACT-1_2_2"
"456","AGTAGCTTCCATCCGT-1_2_2"
"457","AGTAGTCAGCATGGGT-1_2_2"
"458","AGTAGTCCAGGTGTTT-1_2_2"
"459","AGTAGTCCATGGAATA-1_2_2"
"460","AGTCAACAGCGCCTAC-1_2_2"
"461","AGTCAACGTCCACACG-1_2_2"
"462","AGTCAACGTGCCGGTT-1_2_2"
"463","AGTCACAAGCGATGCA-1_2_2"
"464","AGTCACATCACCTCGT-1_2_2"
"465","AGTCATGAGGAGTATT-1_2_2"
"466","AGTCATGAGGCTCAAG-1_2_2"
"467","AGTCATGGTCTTCTAT-1_2_2"
"468","AGTCTCCCACGGTCTG-1_2_2"
"469","AGTCTCCGTAAGATTG-1_2_2"
"470","AGTCTCCTCACTACTT-1_2_2"
"471","AGTCTCCTCGTTCCTG-1_2_2"
"472","AGTGACTCAGGCCTGT-1_2_2"
"473","AGTGACTGTCAGATTC-1_2_2"
"474","AGTGATCAGTTGCGCC-1_2_2"
"475","AGTGATCGTGATTGGG-1_2_2"
"476","AGTGATCGTGTCCGTG-1_2_2"
"477","AGTGCCGCATACATCG-1_2_2"
"478","AGTGCCGGTTGGGACA-1_2_2"
"479","AGTGTTGCACTGTGAT-1_2_2"
"480","AGTGTTGCAGAAACCG-1_2_2"
"481","AGTTAGCGTCACAGTT-1_2_2"
"482","AGTTAGCTCTCTCTAA-1_2_2"
"483","AGTTAGCTCTTCACAT-1_2_2"
"484","AGTTCCCCAATGAACA-1_2_2"
"485","AGTTCCCGTCTAACTG-1_2_2"
"486","AGTTCCCTCAGAGTTC-1_2_2"
"487","AGTTCGACAGAAGTTA-1_2_2"
"488","AGTTCGATCTTCTAAC-1_2_2"
"489","ATACCGAAGAGGGTAA-1_2_2"
"490","ATACCGACATACTGTG-1_2_2"
"491","ATACCGAGTGCCTACG-1_2_2"
"492","ATACCGATCCATAGGT-1_2_2"
"493","ATACCTTTCTGAGAGG-1_2_2"
"494","ATACTTCAGCTTCTAG-1_2_2"
"495","ATACTTCAGTAGATCA-1_2_2"
"496","ATACTTCCATTCTCCG-1_2_2"
"497","ATACTTCTCGAGTACT-1_2_2"
"498","ATAGACCAGGTTGAGC-1_2_2"
"499","ATAGACCGTTCGGACC-1_2_2"
"500","ATAGACCTCAGAACCT-1_2_2"
"501","ATAGACCTCGACCAAT-1_2_2"
"502","ATAGAGACAAATGGAT-1_2_2"
"503","ATAGGCTCAGCTAACT-1_2_2"
"504","ATAGGCTGTAACGGTG-1_2_2"
"505","ATAGGCTGTATGCTTG-1_2_2"
"506","ATAGGCTTCACGGTCG-1_2_2"
"507","ATATCCTAGATGAATC-1_2_2"
"508","ATATCCTAGGCTTAGG-1_2_2"
"509","ATATCCTCAACCTATG-1_2_2"
"510","ATATCCTTCCATCAGA-1_2_2"
"511","ATCACAGTCCTAGCCT-1_2_2"
"512","ATCACGAAGTCTCTGA-1_2_2"
"513","ATCACGAGTGTACATC-1_2_2"
"514","ATCACGATCATGAGGG-1_2_2"
"515","ATCACTTCAATCAAGA-1_2_2"
"516","ATCACTTTCATTCACT-1_2_2"
"517","ATCACTTTCCTTCTGG-1_2_2"
"518","ATCAGGTAGTTTGCTG-1_2_2"
"519","ATCAGGTCAGCGTACC-1_2_2"
"520","ATCAGGTGTATCGGTT-1_2_2"
"521","ATCCACCAGATCGCCC-1_2_2"
"522","ATCCACCGTCGACTGC-1_2_2"
"523","ATCCACCGTTTAGACC-1_2_2"
"524","ATCCACCTCCGAGATT-1_2_2"
"525","ATCCACCTCGAGTTGT-1_2_2"
"526","ATCCATTAGCGTCTGC-1_2_2"
"527","ATCCATTCATCGATGT-1_2_2"
"528","ATCCATTGTTTACGAC-1_2_2"
"529","ATCCATTTCCATTGGA-1_2_2"
"530","ATCCATTTCTTGGAAC-1_2_2"
"531","ATCCCTGGTACAATAG-1_2_2"
"532","ATCCCTGTCCGATTAG-1_2_2"
"533","ATCCGTCTCAGATTGC-1_2_2"
"534","ATCCTATAGACATAGT-1_2_2"
"535","ATCCTATGTACTAGCT-1_2_2"
"536","ATCCTATTCCGTGGTG-1_2_2"
"537","ATCCTATTCGCTTAAG-1_2_2"
"538","ATCGCCTAGTTCGCAT-1_2_2"
"539","ATCGCCTCATCCCACT-1_2_2"
"540","ATCGCCTGTCAACGCC-1_2_2"
"541","ATCGCCTGTTGGTAGG-1_2_2"
"542","ATCGGATCAATAACCC-1_2_2"
"543","ATCGGATCAATCAAGA-1_2_2"
"544","ATCGGATCATGGCTAT-1_2_2"
"545","ATCGGATGTGAGTTTC-1_2_2"
"546","ATCGGCGAGATGGTCG-1_2_2"
"547","ATCGGCGAGCAAGGAA-1_2_2"
"548","ATCGGCGGTGAATTAG-1_2_2"
"549","ATCGGCGTCCGTGGGT-1_2_2"
"550","ATCGGCGTCTAGCCTC-1_2_2"
"551","ATCGTAGAGTGATGGC-1_2_2"
"552","ATCGTAGTCCCTCAAC-1_2_2"
"553","ATCGTAGTCTGCACCT-1_2_2"
"554","ATCGTCCCACGACTAT-1_2_2"
"555","ATCGTGAGTATCGCAT-1_2_2"
"556","ATCTCTAAGCGATGCA-1_2_2"
"557","ATCTTCAAGAATTGTG-1_2_2"
"558","ATCTTCAAGTTGTCAC-1_2_2"
"559","ATCTTCAGTCCTTAAG-1_2_2"
"560","ATCTTCATCGGTAGGA-1_2_2"
"561","ATGAAAGAGAAGCGGG-1_2_2"
"562","ATGAAAGAGTCTGCGC-1_2_2"
"563","ATGACCAGTAAGGCCA-1_2_2"
"564","ATGACCAGTTGAAGTA-1_2_2"
"565","ATGACCATCACAAGAA-1_2_2"
"566","ATGAGTCAGCGTTAGG-1_2_2"
"567","ATGAGTCGTCTTCATT-1_2_2"
"568","ATGAGTCGTGCCCAGT-1_2_2"
"569","ATGATCGAGCGATTCT-1_2_2"
"570","ATGATCGTCTACTGAG-1_2_2"
"571","ATGCATGAGGTGCATG-1_2_2"
"572","ATGCATGCACCCTGAG-1_2_2"
"573","ATGCATGCAGGATGAC-1_2_2"
"574","ATGCCTCAGCTGTGCC-1_2_2"
"575","ATGCCTCCAGAGTCAG-1_2_2"
"576","ATGCCTCTCGTGTGGC-1_2_2"
"577","ATGCGATAGCGACCCT-1_2_2"
"578","ATGCGATAGTGCGCTC-1_2_2"
"579","ATGCGATCACCTGCAG-1_2_2"
"580","ATGCGATGTCATCTAG-1_2_2"
"581","ATGCGATGTTGCTGAT-1_2_2"
"582","ATGCGATTCAGGAAAT-1_2_2"
"583","ATGCGATTCAGGTGTT-1_2_2"
"584","ATGGAGGAGAGGTTTA-1_2_2"
"585","ATGGAGGAGGACACTG-1_2_2"
"586","ATGGAGGCAACTTGGT-1_2_2"
"587","ATGGAGGGTACCCACG-1_2_2"
"588","ATGGAGGGTCTGTTAG-1_2_2"
"589","ATGGATCCAGCATCTA-1_2_2"
"590","ATGGATCTCATCGACA-1_2_2"
"591","ATGGATCTCTTGAACG-1_2_2"
"592","ATGGGAGAGTGGTGGT-1_2_2"
"593","ATGGGAGCAGAGCCCT-1_2_2"
"594","ATGGGAGCAGATTAAG-1_2_2"
"595","ATGGGAGCATCCAATG-1_2_2"
"596","ATGGGAGGTACGACTT-1_2_2"
"597","ATGGGAGGTGTGCCTG-1_2_2"
"598","ATGGGAGTCAGCACCG-1_2_2"
"599","ATGGGAGTCCGAACGC-1_2_2"
"600","ATGGGTTAGACCATAA-1_2_2"
"601","ATGGGTTAGTTGGAAT-1_2_2"
"602","ATGGGTTCATGACGAG-1_2_2"
"603","ATGGGTTTCGAAGTGG-1_2_2"
"604","ATGGTTGGTAGCTTAC-1_2_2"
"605","ATGGTTGTCAACTTTC-1_2_2"
"606","ATGGTTGTCAAGCCCG-1_2_2"
"607","ATGGTTGTCCAACTAG-1_2_2"
"608","ATGTCCCGTCTCGACG-1_2_2"
"609","ATGTCCCTCCCGAGGT-1_2_2"
"610","ATGTCTTCACTCAGAT-1_2_2"
"611","ATGTCTTCATGTGACT-1_2_2"
"612","ATGTCTTGTCATTCCC-1_2_2"
"613","ATTACCTGTCGAATGG-1_2_2"
"614","ATTACTCAGTGCCCGT-1_2_2"
"615","ATTACTCTCGGTCTAA-1_2_2"
"616","ATTATCCGTCAAAGCG-1_2_2"
"617","ATTATCCGTGTATACC-1_2_2"
"618","ATTATCCTCGTCCATC-1_2_2"
"619","ATTCACTAGAGTTGTA-1_2_2"
"620","ATTCACTCACTCCTTG-1_2_2"
"621","ATTCAGGCATGCCGAC-1_2_2"
"622","ATTCAGGGTGTCTTGA-1_2_2"
"623","ATTCATCTCAGCTCTC-1_2_2"
"624","ATTCATCTCCCGAACG-1_2_2"
"625","ATTCATCTCCTTATAC-1_2_2"
"626","ATTCATCTCGCTCTCA-1_2_2"
"627","ATTCCATTCGCCAATA-1_2_2"
"628","ATTCCCGAGAAAGCGA-1_2_2"
"629","ATTCCCGAGGTTAAAC-1_2_2"
"630","ATTCCCGCAGTGTATC-1_2_2"
"631","ATTCCTAAGCCTCACG-1_2_2"
"632","ATTCCTAAGTGCAAAT-1_2_2"
"633","ATTCCTACAACTGGTT-1_2_2"
"634","ATTCGTTAGTATGATG-1_2_2"
"635","ATTCGTTGTCCACTCT-1_2_2"
"636","ATTCGTTTCCAAGCTA-1_2_2"
"637","ATTCTACGTATCGTAC-1_2_2"
"638","ATTCTTGCACAAGCCC-1_2_2"
"639","ATTCTTGTCCTATGGA-1_2_2"
"640","ATTGGGTCAAGCGATG-1_2_2"
"641","ATTGGGTGTCATATGC-1_2_2"
"642","ATTGGGTTCATCCTGC-1_2_2"
"643","ATTGGGTTCTCATTTG-1_2_2"
"644","ATTGTTCCACAAAGCG-1_2_2"
"645","ATTGTTCCATACGCAT-1_2_2"
"646","ATTGTTCGTTACCGTA-1_2_2"
"647","ATTGTTCTCGTCTCAC-1_2_2"
"648","ATTTACCAGATGGTAT-1_2_2"
"649","ATTTACCAGCGAGGAG-1_2_2"
"650","ATTTACCCAAGTTCGT-1_2_2"
"651","ATTTACCCAGCAAGAC-1_2_2"
"652","ATTTACCGTCAGTCGC-1_2_2"
"653","ATTTACCTCTTGCAAG-1_2_2"
"654","ATTTCACAGTCATGGG-1_2_2"
"655","ATTTCTGGTATGCGTT-1_2_2"
"656","CAACAACAGAATCTAG-1_2_2"
"657","CAACAACCAACCACGC-1_2_2"
"658","CAACAACGTAGCCAGA-1_2_2"
"659","CAACCAAGTGAGTGAC-1_2_2"
"660","CAACCAATCGAGTCTA-1_2_2"
"661","CAACCTCAGAGCCTGA-1_2_2"
"662","CAACCTCAGGGCAACT-1_2_2"
"663","CAACCTCCAACCGACC-1_2_2"
"664","CAACGATAGGAATCGC-1_2_2"
"665","CAACGATCACCAGTTA-1_2_2"
"666","CAACGATTCGTCACCT-1_2_2"
"667","CAACGGCCAACCCGCA-1_2_2"
"668","CAACGGCGTAGTCTGT-1_2_2"
"669","CAAGACTCAATATCCG-1_2_2"
"670","CAAGACTGTGAAGCTG-1_2_2"
"671","CAAGACTGTGCCGAAA-1_2_2"
"672","CAAGACTGTGCTCTTC-1_2_2"
"673","CAAGACTTCCGTGTGG-1_2_2"
"674","CAAGAGGAGGCCCAAA-1_2_2"
"675","CAAGAGGCACCGTACG-1_2_2"
"676","CAAGCTAAGACTGGGT-1_2_2"
"677","CAAGCTACACAGCCTG-1_2_2"
"678","CAAGCTACATAAGATG-1_2_2"
"679","CAAGCTAGTCATGCAT-1_2_2"
"680","CAAGCTAGTTGCTCCT-1_2_2"
"681","CAAGCTATCACCTCTG-1_2_2"
"682","CAAGCTATCTTGATTC-1_2_2"
"683","CAAGGGAAGTTGCCTA-1_2_2"
"684","CAAGGGACAAGAGCTG-1_2_2"
"685","CAAGGGAGTGAGGCAT-1_2_2"
"686","CAAGGGATCCGACAGC-1_2_2"
"687","CAATACGAGGAACGCT-1_2_2"
"688","CAATACGAGTAACGTA-1_2_2"
"689","CAATACGCATCGAACT-1_2_2"
"690","CAATACGCATGCTGCG-1_2_2"
"691","CAATCGACAGCACGAA-1_2_2"
"692","CAATCGATCCTCATAT-1_2_2"
"693","CAATCGATCGCGAAGA-1_2_2"
"694","CAATCGATCGCGCTGA-1_2_2"
"695","CAATGACAGGCATCTT-1_2_2"
"696","CAATGACCAAGTATAG-1_2_2"
"697","CAATGACGTGCAGTGA-1_2_2"
"698","CAATGACGTGGCCTCA-1_2_2"
"699","CAATGACTCCTTATCA-1_2_2"
"700","CAATGACTCGAGATAA-1_2_2"
"701","CAATTTCAGAGGCCAT-1_2_2"
"702","CAATTTCTCAGACCTA-1_2_2"
"703","CACAACAAGGTGGGTT-1_2_2"
"704","CACAACACACCTCGTT-1_2_2"
"705","CACAACAGTCAACCAT-1_2_2"
"706","CACAACAGTCGTTGGC-1_2_2"
"707","CACACAACATACTGAC-1_2_2"
"708","CACACAAGTCATCGGC-1_2_2"
"709","CACACAATCATGGATC-1_2_2"
"710","CACAGATAGTGGACGT-1_2_2"
"711","CACAGATCAGGGCTTC-1_2_2"
"712","CACAGATCATCCGTGG-1_2_2"
"713","CACAGATGTTCGGACC-1_2_2"
"714","CACAGATTCATGAAAG-1_2_2"
"715","CACAGGCCATAATCGC-1_2_2"
"716","CACAGGCGTACTAGCT-1_2_2"
"717","CACAGGCGTCGGCTAC-1_2_2"
"718","CACAGGCTCCGAGCTG-1_2_2"
"719","CACATGAAGTGAACAT-1_2_2"
"720","CACATGAAGTGGCCTC-1_2_2"
"721","CACATGACAGATCACT-1_2_2"
"722","CACATGAGTAAGAACT-1_2_2"
"723","CACATGATCCTTATAC-1_2_2"
"724","CACCAAATCGCCAGAC-1_2_2"
"725","CACCGTTAGAGTCACG-1_2_2"
"726","CACCGTTAGTGGTTGG-1_2_2"
"727","CACCGTTCAACAACAA-1_2_2"
"728","CACCGTTGTCCTACAA-1_2_2"
"729","CACCGTTTCACGGACC-1_2_2"
"730","CACGGGTAGGATTTCC-1_2_2"
"731","CACGGGTAGGTCATAA-1_2_2"
"732","CACGGGTCAGTTTGGT-1_2_2"
"733","CACGGGTGTCGGCTAC-1_2_2"
"734","CACGGGTGTGCGAACA-1_2_2"
"735","CACGTGGAGCAAGCCA-1_2_2"
"736","CACGTGGGTCGCCTAG-1_2_2"
"737","CACGTGGTCATAGCAC-1_2_2"
"738","CACGTGGTCGGTCATA-1_2_2"
"739","CACGTGGTCTCAATCT-1_2_2"
"740","CACGTTCTCTTCCCAG-1_2_2"
"741","CACTAAGAGTTTAGGA-1_2_2"
"742","CACTAAGGTTAAGGAT-1_2_2"
"743","CACTAAGTCCTTCGAC-1_2_2"
"744","CACTGAAAGTAGTGCG-1_2_2"
"745","CACTGAAGTACCGGAA-1_2_2"
"746","CACTGAATCCCGAGTG-1_2_2"
"747","CACTGAATCCGCACTT-1_2_2"
"748","CACTGAATCTTGCGCT-1_2_2"
"749","CACTGGGAGGTTGGAC-1_2_2"
"750","CACTGGGAGTGCGCTC-1_2_2"
"751","CACTGGGCACGGCTAC-1_2_2"
"752","CACTGGGGTGCGGATA-1_2_2"
"753","CACTGTCCACATATCG-1_2_2"
"754","CACTTCGTCTCTTGCG-1_2_2"
"755","CAGAGCCGTAACGATA-1_2_2"
"756","CAGATACTCAGGTGTT-1_2_2"
"757","CAGATCACACCAGTTA-1_2_2"
"758","CAGATCACATGACGAG-1_2_2"
"759","CAGATTGCAAATGCGG-1_2_2"
"760","CAGATTGCAGTTCCAA-1_2_2"
"761","CAGATTGCATTCACAG-1_2_2"
"762","CAGCAATAGAACTCCT-1_2_2"
"763","CAGCAATGTAGGCTCC-1_2_2"
"764","CAGCACGCAATGGCCC-1_2_2"
"765","CAGCCAGAGCCTCCAG-1_2_2"
"766","CAGCCAGGTCAATCTG-1_2_2"
"767","CAGCCAGGTCCCTAAA-1_2_2"
"768","CAGCCAGGTCGTGTTA-1_2_2"
"769","CAGCCAGTCTAGACCA-1_2_2"
"770","CAGCGTGAGTAGGTTA-1_2_2"
"771","CAGCGTGGTACATACC-1_2_2"
"772","CAGGCCACAAAGACGC-1_2_2"
"773","CAGGGCTCACTACCGG-1_2_2"
"774","CAGGGCTGTACCGGCT-1_2_2"
"775","CAGGGCTGTTGAGAGC-1_2_2"
"776","CAGGTATCACAGTACT-1_2_2"
"777","CAGGTATCAGCTATAC-1_2_2"
"778","CAGGTATGTATGGTAA-1_2_2"
"779","CAGGTATGTCTAGTGT-1_2_2"
"780","CAGTGCGCAATCGAAA-1_2_2"
"781","CAGTTAGCACGTCGGT-1_2_2"
"782","CAGTTAGGTCCTCCTA-1_2_2"
"783","CAGTTCCAGACATCCT-1_2_2"
"784","CAGTTCCGTCGCGTCA-1_2_2"
"785","CAGTTCCTCTTGCGCT-1_2_2"
"786","CATAAGCTCGCCACTT-1_2_2"
"787","CATACAGTCAGAACCT-1_2_2"
"788","CATACCCAGCACTAAA-1_2_2"
"789","CATACCCCACCTATCC-1_2_2"
"790","CATACCCTCCAGCAAT-1_2_2"
"791","CATACCCTCCCTCGAT-1_2_2"
"792","CATACTTCAGGAGGTT-1_2_2"
"793","CATACTTTCTGGGATT-1_2_2"
"794","CATAGACAGGCTATCT-1_2_2"
"795","CATAGACAGTCTACCA-1_2_2"
"796","CATAGACCAACAAGTA-1_2_2"
"797","CATAGACTCAAAGAAC-1_2_2"
"798","CATAGACTCAGACTGT-1_2_2"
"799","CATCAAGCACGACGAA-1_2_2"
"800","CATCAAGCAGCACAGA-1_2_2"
"801","CATCAAGGTAGATGTA-1_2_2"
"802","CATCAAGTCATCGCAA-1_2_2"
"803","CATCCCACATTCAGGT-1_2_2"
"804","CATCCCAGTCCAAAGG-1_2_2"
"805","CATCCCAGTCGCCTAG-1_2_2"
"806","CATCCCATCCACCTCA-1_2_2"
"807","CATCCCATCCGGCAGT-1_2_2"
"808","CATCGCTGTTACAGCT-1_2_2"
"809","CATCGTCAGTAGTCCT-1_2_2"
"810","CATCGTCTCAGTGCGC-1_2_2"
"811","CATGAGTAGCGTATAA-1_2_2"
"812","CATGAGTCAACCCGCA-1_2_2"
"813","CATGAGTTCATTTGTC-1_2_2"
"814","CATGAGTTCGGTTAGT-1_2_2"
"815","CATGAGTTCTGTCCGT-1_2_2"
"816","CATGCAACATCTCCCA-1_2_2"
"817","CATGCAACATTCTGTT-1_2_2"
"818","CATGCCTAGGTAGATT-1_2_2"
"819","CATGCCTGTTCCGCTT-1_2_2"
"820","CATGCCTTCTACTATC-1_2_2"
"821","CATGCGGAGCTCGAAG-1_2_2"
"822","CATGCGGAGGTGCTAG-1_2_2"
"823","CATGCGGGTCCCGTGA-1_2_2"
"824","CATGCTCCAAGCTACT-1_2_2"
"825","CATGCTCCAGCTCCTT-1_2_2"
"826","CATGCTCCATATGGCT-1_2_2"
"827","CATGCTCTCGAAGAAT-1_2_2"
"828","CATGCTCTCGCCATAA-1_2_2"
"829","CATGGATCATACGCAT-1_2_2"
"830","CATGGATGTAAGTTAG-1_2_2"
"831","CATGGATTCCGCCTAT-1_2_2"
"832","CATGGATTCTATTGTC-1_2_2"
"833","CATGGTAAGCTTGTTG-1_2_2"
"834","CATGGTACAGAGATTA-1_2_2"
"835","CATGGTAGTCGGAACA-1_2_2"
"836","CATGGTATCCTCAGAA-1_2_2"
"837","CATTCATGTGCGTGCT-1_2_2"
"838","CATTCATGTGGTCTCG-1_2_2"
"839","CATTCATTCAAAGCCT-1_2_2"
"840","CATTCTAAGTTCATGC-1_2_2"
"841","CATTCTAGTGTGCCTG-1_2_2"
"842","CATTCTATCTCGTGGG-1_2_2"
"843","CATTCTATCTGCTCTG-1_2_2"
"844","CATTGAGAGTACCCTA-1_2_2"
"845","CATTGAGCAAGAATAC-1_2_2"
"846","CATTGAGTCGAAGCCC-1_2_2"
"847","CATTGCCAGGTTGTTC-1_2_2"
"848","CATTGCCGTGCAACGA-1_2_2"
"849","CATTGCCTCACCCTCA-1_2_2"
"850","CATTGTTAGAGCTGAC-1_2_2"
"851","CATTGTTAGGGCTGAT-1_2_2"
"852","CATTGTTTCGCGTAGC-1_2_2"
"853","CATTTCAGTAACAAGT-1_2_2"
"854","CCAAGCGAGGGAGTTC-1_2_2"
"855","CCAAGCGCAGCCGTTG-1_2_2"
"856","CCAAGCGCATCGCCTT-1_2_2"
"857","CCAAGCGGTCGTACTA-1_2_2"
"858","CCAATGAAGTACAGAT-1_2_2"
"859","CCAATGAGTAGCTTTG-1_2_2"
"860","CCAATTTAGAGTTCGG-1_2_2"
"861","CCACAAAAGTTCTACG-1_2_2"
"862","CCACAAAGTGTAGGAC-1_2_2"
"863","CCACAAAGTTACGATC-1_2_2"
"864","CCACAAATCCAAGCTA-1_2_2"
"865","CCACAAATCTGCGATA-1_2_2"
"866","CCACACTCAGGTGTTT-1_2_2"
"867","CCACACTTCCGTGTCT-1_2_2"
"868","CCACCATCAATGAACA-1_2_2"
"869","CCACGAGCATCGAACT-1_2_2"
"870","CCACGAGGTCCAATCA-1_2_2"
"871","CCACGAGGTTCAAGGG-1_2_2"
"872","CCACGAGTCAGACCTA-1_2_2"
"873","CCACGAGTCTCGTGGG-1_2_2"
"874","CCACGTTAGACAGTCG-1_2_2"
"875","CCACGTTAGGCTCAAG-1_2_2"
"876","CCACGTTCACAGTATC-1_2_2"
"877","CCACGTTCACCGCTGA-1_2_2"
"878","CCACGTTTCCAGTTCC-1_2_2"
"879","CCACGTTTCCGCTGTT-1_2_2"
"880","CCACTTGAGCGCCATC-1_2_2"
"881","CCACTTGCAAATACAG-1_2_2"
"882","CCACTTGCAAGCCATT-1_2_2"
"883","CCACTTGCAATCAGCT-1_2_2"
"884","CCACTTGTCCCATACC-1_2_2"
"885","CCACTTGTCGTGTCAA-1_2_2"
"886","CCATAAGAGACGCATG-1_2_2"
"887","CCATAAGGTACAGAAT-1_2_2"
"888","CCATAAGTCCATTGCC-1_2_2"
"889","CCATCACTCTCTGAGA-1_2_2"
"890","CCCAACTAGGCTCCCA-1_2_2"
"891","CCCAACTGTTAAGTCC-1_2_2"
"892","CCCATTGAGCATCCCG-1_2_2"
"893","CCCATTGGTATTGAGA-1_2_2"
"894","CCCATTGTCGCTCTAC-1_2_2"
"895","CCCATTGTCTCTCAAT-1_2_2"
"896","CCCGAAGAGGTAAAGG-1_2_2"
"897","CCCGGAAAGCAATAGT-1_2_2"
"898","CCCGGAAGTATTCCTT-1_2_2"
"899","CCCGGAAGTCGGAAAC-1_2_2"
"900","CCCGGAATCACAGTGT-1_2_2"
"901","CCCGGAATCCAAGCAT-1_2_2"
"902","CCCGGAATCCTGGGTG-1_2_2"
"903","CCCGGAATCTCGGGAC-1_2_2"
"904","CCCTAACAGTTTGCTG-1_2_2"
"905","CCCTAACGTTGGCCTG-1_2_2"
"906","CCCTAACTCGTCGATA-1_2_2"
"907","CCCTCAAGTTGATCGT-1_2_2"
"908","CCCTCAAGTTTCCATT-1_2_2"
"909","CCCTCTCCATCATGAC-1_2_2"
"910","CCCTCTCGTGACGTCC-1_2_2"
"911","CCCTCTCGTGTTACAC-1_2_2"
"912","CCCTGATGTTCCGGTG-1_2_2"
"913","CCCTGATTCCATTCAT-1_2_2"
"914","CCCTTAGAGTGGACGT-1_2_2"
"915","CCCTTAGTCACTACGA-1_2_2"
"916","CCGAACGAGTTGAATG-1_2_2"
"917","CCGAACGCAACTGGTT-1_2_2"
"918","CCGAACGGTACATTGC-1_2_2"
"919","CCGAACGGTTCTATCT-1_2_2"
"920","CCGAACGTCTCGCTTG-1_2_2"
"921","CCGATGGGTTACGTAC-1_2_2"
"922","CCGATGGTCATCTCTA-1_2_2"
"923","CCGCAAGGTACGAAAT-1_2_2"
"924","CCGCAAGTCTCCGTGT-1_2_2"
"925","CCGGACACATCAGCGC-1_2_2"
"926","CCGGACATCATTGCGA-1_2_2"
"927","CCGGACATCTAGTCAG-1_2_2"
"928","CCGGGTAAGATGCGAC-1_2_2"
"929","CCGGGTAAGTGGATAT-1_2_2"
"930","CCGGGTAGTGCCCAGT-1_2_2"
"931","CCGGGTATCTACCAGA-1_2_2"
"932","CCGGGTATCTCTCGCA-1_2_2"
"933","CCGGTGACAAATTGCC-1_2_2"
"934","CCGGTGACAATTGCAC-1_2_2"
"935","CCGTAGGGTTTACACG-1_2_2"
"936","CCGTGAGGTAGAGGAA-1_2_2"
"937","CCGTGAGTCACACCGG-1_2_2"
"938","CCGTTCAAGGAAAGTG-1_2_2"
"939","CCGTTCACACGGTGAA-1_2_2"
"940","CCGTTCATCCAACCGG-1_2_2"
"941","CCGTTCATCCTATTTG-1_2_2"
"942","CCTAACCCAGTAGTGG-1_2_2"
"943","CCTAACCGTTACGTAC-1_2_2"
"944","CCTAACCTCGTGGCGT-1_2_2"
"945","CCTAAGAAGCTCCACG-1_2_2"
"946","CCTAAGAAGTTAACGA-1_2_2"
"947","CCTAAGACATATGCGT-1_2_2"
"948","CCTAAGAGTGCAACAG-1_2_2"
"949","CCTAAGATCCGTAATG-1_2_2"
"950","CCTACGTGTATCGCAT-1_2_2"
"951","CCTATCGAGGCCTTCG-1_2_2"
"952","CCTATCGGTGAGCAGT-1_2_2"
"953","CCTATCGTCAATCGGT-1_2_2"
"954","CCTATCGTCGGCATCG-1_2_2"
"955","CCTCACACAAGATGTA-1_2_2"
"956","CCTCACACACGTGAGA-1_2_2"
"957","CCTCAGTGTGTCTCCT-1_2_2"
"958","CCTCAGTGTTAAGCAA-1_2_2"
"959","CCTCAGTGTTACCCTC-1_2_2"
"960","CCTCAGTTCAAACGAA-1_2_2"
"961","CCTCAGTTCCCGTGAG-1_2_2"
"962","CCTCATGAGGCCTTCG-1_2_2"
"963","CCTCCAAGTACCGTGC-1_2_2"
"964","CCTCCAAGTCCCAAAT-1_2_2"
"965","CCTCCAAGTCGTATTG-1_2_2"
"966","CCTCCTCGTGTCCATA-1_2_2"
"967","CCTCCTCTCAGCGGAA-1_2_2"
"968","CCTCCTCTCTTCCACG-1_2_2"
"969","CCTCTAGTCTCTGCTG-1_2_2"
"970","CCTCTCCAGTAGATCA-1_2_2"
"971","CCTCTCCCAACCGACC-1_2_2"
"972","CCTCTCCCAAGCGCTC-1_2_2"
"973","CCTCTCCTCTTCACAT-1_2_2"
"974","CCTGCATAGTCCGCCA-1_2_2"
"975","CCTGCATGTGTTAAAG-1_2_2"
"976","CCTGCATTCAGGCGAA-1_2_2"
"977","CCTGTTGGTAGATCCT-1_2_2"
"978","CCTTCAGAGACACACG-1_2_2"
"979","CCTTCAGAGTACTCGT-1_2_2"
"980","CCTTCAGCAAGATGGC-1_2_2"
"981","CCTTCAGGTATGACAA-1_2_2"
"982","CCTTCAGTCAGCCTTC-1_2_2"
"983","CCTTGTGAGCAGCACA-1_2_2"
"984","CCTTGTGCAGGCGAAT-1_2_2"
"985","CCTTGTGGTACGTGAG-1_2_2"
"986","CCTTGTGGTCGTACAT-1_2_2"
"987","CCTTGTGTCGCTCCTA-1_2_2"
"988","CCTTTGGGTCGCACAC-1_2_2"
"989","CGAAGGACACAATTCG-1_2_2"
"990","CGAAGGAGTTCAAGTC-1_2_2"
"991","CGAAGGATCGAGAGCA-1_2_2"
"992","CGAAGTTAGCTACGTT-1_2_2"
"993","CGAAGTTAGTTCCAGT-1_2_2"
"994","CGAAGTTGTGTCGATT-1_2_2"
"995","CGAATTGCACGGTAGA-1_2_2"
"996","CGAATTGGTATGGGAC-1_2_2"
"997","CGAATTGGTGACAGCA-1_2_2"
"998","CGACAGCAGAGAGTGA-1_2_2"
"999","CGACAGCAGTGGATAT-1_2_2"
"1000","CGACAGCCACCTATCC-1_2_2"
"1001","CGACAGCCAGGTGTGA-1_2_2"
"1002","CGACAGCGTACTTGTG-1_2_2"
"1003","CGACAGCGTCAAGGCA-1_2_2"
"1004","CGACAGCTCCACTTCG-1_2_2"
"1005","CGAGAAGTCCTGTACC-1_2_2"
"1006","CGAGAAGTCTTCACAT-1_2_2"
"1007","CGAGGAAGTCCACAGC-1_2_2"
"1008","CGAGGAATCATGAGTC-1_2_2"
"1009","CGAGGCTAGAACCCGA-1_2_2"
"1010","CGAGGCTTCCCTCTCC-1_2_2"
"1011","CGAGGCTTCGAAACAA-1_2_2"
"1012","CGAGGCTTCTGAATCG-1_2_2"
"1013","CGAGTGCAGGTACCTT-1_2_2"
"1014","CGAGTGCCAGCTCCTT-1_2_2"
"1015","CGAGTGCCATAACTCG-1_2_2"
"1016","CGATCGGAGCTGTTCA-1_2_2"
"1017","CGATCGGCATCGATGT-1_2_2"
"1018","CGATCGGTCCCGATCT-1_2_2"
"1019","CGATGCGAGGATGCGT-1_2_2"
"1020","CGATGGCCACATAACC-1_2_2"
"1021","CGCAGGTGTGGGAGAG-1_2_2"
"1022","CGCAGGTGTTCGTGCG-1_2_2"
"1023","CGCAGGTTCGGTCGAC-1_2_2"
"1024","CGCATAAGTGGAGGTT-1_2_2"
"1025","CGCATAATCTCCGCAT-1_2_2"
"1026","CGCATGGCATTGCTTT-1_2_2"
"1027","CGCATGGTCATGCATG-1_2_2"
"1028","CGCATGGTCCTACCGT-1_2_2"
"1029","CGCCAGAGTTTGGGTT-1_2_2"
"1030","CGCCATTGTTAGAAAC-1_2_2"
"1031","CGCCATTTCTTACGGA-1_2_2"
"1032","CGCGTGAAGATACGAT-1_2_2"
"1033","CGCGTGAAGTTCTCTT-1_2_2"
"1034","CGCGTGATCGTTATCT-1_2_2"
"1035","CGGAACCAGGACTTCT-1_2_2"
"1036","CGGAACCCAACGATCT-1_2_2"
"1037","CGGAACCGTAGGCAGT-1_2_2"
"1038","CGGAACCGTCATCGCG-1_2_2"
"1039","CGGAATTAGAGTCCGA-1_2_2"
"1040","CGGAATTCAACGTAAA-1_2_2"
"1041","CGGAATTCAACGTATC-1_2_2"
"1042","CGGAATTGTTCGAACT-1_2_2"
"1043","CGGAATTTCTGTGCGG-1_2_2"
"1044","CGGAGAACAGGCCTGT-1_2_2"
"1045","CGGGACTAGAGACAAG-1_2_2"
"1046","CGGGACTAGTAGCATA-1_2_2"
"1047","CGGGACTCAGACAAGC-1_2_2"
"1048","CGGGACTGTTGGATCT-1_2_2"
"1049","CGGGACTTCCCAGGAC-1_2_2"
"1050","CGGGCATAGGTACATA-1_2_2"
"1051","CGGGTCAAGAGCACTG-1_2_2"
"1052","CGGGTCACACGACAGA-1_2_2"
"1053","CGGGTCACAGTATGAA-1_2_2"
"1054","CGGGTCAGTTCCAGGC-1_2_2"
"1055","CGGGTCATCATCGCCT-1_2_2"
"1056","CGGGTGTCAGACCCGT-1_2_2"
"1057","CGGGTGTTCAGCTTGA-1_2_2"
"1058","CGGTCAGAGCGACTAG-1_2_2"
"1059","CGGTCAGGTAGACTGG-1_2_2"
"1060","CGGTCAGTCAGCCCAG-1_2_2"
"1061","CGTAAGTCAGACCAAG-1_2_2"
"1062","CGTAAGTGTCTAGATC-1_2_2"
"1063","CGTAAGTTCTCGGTAA-1_2_2"
"1064","CGTAAGTTCTTCCACG-1_2_2"
"1065","CGTAAGTTCTTGGATG-1_2_2"
"1066","CGTAATGCACGTCATA-1_2_2"
"1067","CGTAATGGTATCGTTG-1_2_2"
"1068","CGTAATGTCCTTGAAG-1_2_2"
"1069","CGTAGTAGTGAATATG-1_2_2"
"1070","CGTAGTATCGTGCGAC-1_2_2"
"1071","CGTAGTATCTCAATCT-1_2_2"
"1072","CGTCAAAAGGTCGCCT-1_2_2"
"1073","CGTCAAAAGTATGGCG-1_2_2"
"1074","CGTCAAATCGGCTGAC-1_2_2"
"1075","CGTCCATCAGTATGAA-1_2_2"
"1076","CGTCCATGTACCAATC-1_2_2"
"1077","CGTCCATGTCTTACTT-1_2_2"
"1078","CGTCCATGTTTCACTT-1_2_2"
"1079","CGTGAATAGACCTGGA-1_2_2"
"1080","CGTGAATAGAGTGTGC-1_2_2"
"1081","CGTGAATCACTTGACA-1_2_2"
"1082","CGTGAATGTAAGGAGA-1_2_2"
"1083","CGTGAATGTGACTATC-1_2_2"
"1084","CGTGAATGTGCCGAAA-1_2_2"
"1085","CGTGAATTCCGCACTT-1_2_2"
"1086","CGTGAATTCTTTCTAG-1_2_2"
"1087","CGTGATAGTCATGCAT-1_2_2"
"1088","CGTGCTTCACGACGCT-1_2_2"
"1089","CGTGCTTGTTCGGACC-1_2_2"
"1090","CGTGCTTGTTGGTGTT-1_2_2"
"1091","CGTGCTTTCAGAGCGA-1_2_2"
"1092","CGTTAGAAGAATTCAG-1_2_2"
"1093","CGTTAGAAGTTGTACC-1_2_2"
"1094","CGTTAGAGTACCGTCG-1_2_2"
"1095","CGTTAGAGTATCTCTT-1_2_2"
"1096","CGTTAGATCCCTTGTG-1_2_2"
"1097","CGTTGGGAGGTTCTTG-1_2_2"
"1098","CGTTGGGAGTCGCCAC-1_2_2"
"1099","CGTTGGGCACGCCACA-1_2_2"
"1100","CGTTGGGGTATCGTGT-1_2_2"
"1101","CTAACCCAGCTAATCC-1_2_2"
"1102","CTAACCCCACTACCCT-1_2_2"
"1103","CTAACTTAGGACACTG-1_2_2"
"1104","CTAACTTCAATCTCTT-1_2_2"
"1105","CTAACTTTCCACTGGG-1_2_2"
"1106","CTAAGTGAGAGCTGCA-1_2_2"
"1107","CTAAGTGAGAGGCCAT-1_2_2"
"1108","CTAAGTGAGTTGTACC-1_2_2"
"1109","CTAAGTGCAAGCGGAT-1_2_2"
"1110","CTAAGTGCACAACGTT-1_2_2"
"1111","CTACAGACAGAGGGTT-1_2_2"
"1112","CTACATTAGACGAAGA-1_2_2"
"1113","CTACCTGCAAACACCT-1_2_2"
"1114","CTACCTGTCCTACACC-1_2_2"
"1115","CTACCTGTCGCACGGT-1_2_2"
"1116","CTACCTGTCGTTCTCG-1_2_2"
"1117","CTACGGGAGATACATG-1_2_2"
"1118","CTACGGGAGCAACTCT-1_2_2"
"1119","CTACGGGAGCATCAAA-1_2_2"
"1120","CTACGGGAGGTACAAT-1_2_2"
"1121","CTACGGGCAAGGTTGG-1_2_2"
"1122","CTACTATCAAGCCATT-1_2_2"
"1123","CTACTATCAGGTCCCA-1_2_2"
"1124","CTACTATCATCGGATT-1_2_2"
"1125","CTACTATGTTGCATTG-1_2_2"
"1126","CTAGACATCCACGTGG-1_2_2"
"1127","CTAGGTAAGACAAGCC-1_2_2"
"1128","CTAGGTAAGAGAGCGG-1_2_2"
"1129","CTAGGTAAGATCACTC-1_2_2"
"1130","CTAGGTAAGCGACAGT-1_2_2"
"1131","CTAGGTACATGGAAGC-1_2_2"
"1132","CTAGGTAGTAACCCGC-1_2_2"
"1133","CTATAGGCAAAGCGTG-1_2_2"
"1134","CTATAGGCAATGCAAA-1_2_2"
"1135","CTATAGGTCAAAGGTA-1_2_2"
"1136","CTATAGGTCCAATCCC-1_2_2"
"1137","CTATCCGCAGTATACC-1_2_2"
"1138","CTATCCGGTGTCGATT-1_2_2"
"1139","CTATCCGTCTTCTAAC-1_2_2"
"1140","CTATCTACACCATATG-1_2_2"
"1141","CTCAACCAGAGTCCGA-1_2_2"
"1142","CTCAACCAGCGGTAAC-1_2_2"
"1143","CTCAAGAAGATTGATG-1_2_2"
"1144","CTCAAGATCAGCCCAG-1_2_2"
"1145","CTCAAGATCCACTTCG-1_2_2"
"1146","CTCAATTAGTCTCGTA-1_2_2"
"1147","CTCAATTAGTGGCCTC-1_2_2"
"1148","CTCACTGAGCACTCGC-1_2_2"
"1149","CTCACTGAGGTAGCAC-1_2_2"
"1150","CTCACTGAGGTCTACT-1_2_2"
"1151","CTCACTGGTTTACTGG-1_2_2"
"1152","CTCAGAATCGAGAGCA-1_2_2"
"1153","CTCAGGGAGAATGTTG-1_2_2"
"1154","CTCAGGGCAGAACTTC-1_2_2"
"1155","CTCAGGGGTAACATGA-1_2_2"
"1156","CTCAGTCAGCCGTTAT-1_2_2"
"1157","CTCAGTCAGGGATGTC-1_2_2"
"1158","CTCATCGAGTGATAAC-1_2_2"
"1159","CTCATTAAGGTGCTGA-1_2_2"
"1160","CTCATTACAATGGCCC-1_2_2"
"1161","CTCATTATCCATTGTT-1_2_2"
"1162","CTCCAACCAGTAGAAT-1_2_2"
"1163","CTCCAACGTCAACCTA-1_2_2"
"1164","CTCCAACTCGAAGCAG-1_2_2"
"1165","CTCCACAAGCCATTGT-1_2_2"
"1166","CTCCACAGTCGAGCAA-1_2_2"
"1167","CTCCATGAGTACAGCG-1_2_2"
"1168","CTCCATGCACTAGTAC-1_2_2"
"1169","CTCCATGTCTGGTCAA-1_2_2"
"1170","CTCCCAAAGTCAATCC-1_2_2"
"1171","CTCCCAAGTAGAAACT-1_2_2"
"1172","CTCCCAAGTGCGGATA-1_2_2"
"1173","CTCCCAATCGCACGAC-1_2_2"
"1174","CTCCCTCCAAACACGG-1_2_2"
"1175","CTCCTCCAGGGTCACA-1_2_2"
"1176","CTCCTCCCACGGGCTT-1_2_2"
"1177","CTCCTCCGTCCCACGA-1_2_2"
"1178","CTCCTTTCAACAACAA-1_2_2"
"1179","CTCCTTTTCGCTTACC-1_2_2"
"1180","CTCGAGGCAGTAACAA-1_2_2"
"1181","CTCGAGGGTCGTACAT-1_2_2"
"1182","CTCTCAGAGTGAATAC-1_2_2"
"1183","CTCTCAGCATGGTGGA-1_2_2"
"1184","CTCTCAGGTTTCGGCG-1_2_2"
"1185","CTCTCGAGTGAGATCG-1_2_2"
"1186","CTCTCGAGTTGCTTGA-1_2_2"
"1187","CTCTGGTGTCCACTTC-1_2_2"
"1188","CTCTGGTGTGCCTGCA-1_2_2"
"1189","CTGAATGTCATTACGG-1_2_2"
"1190","CTGAGCGCATGTGTCA-1_2_2"
"1191","CTGAGGCAGATTACCC-1_2_2"
"1192","CTGAGGCAGTAAACTG-1_2_2"
"1193","CTGAGGCGTGATTCAC-1_2_2"
"1194","CTGATCCAGATCACTC-1_2_2"
"1195","CTGATCCAGGAACGCT-1_2_2"
"1196","CTGATCCAGTTCGCAT-1_2_2"
"1197","CTGATCCCAAACGTGG-1_2_2"
"1198","CTGATCCCAACTCATG-1_2_2"
"1199","CTGATCCCATTGCTGA-1_2_2"
"1200","CTGATCCGTAAGCGGT-1_2_2"
"1201","CTGATCCTCCGCACTT-1_2_2"
"1202","CTGCAGGAGACTGAGC-1_2_2"
"1203","CTGCAGGGTCAACACT-1_2_2"
"1204","CTGCAGGGTTCCTAGA-1_2_2"
"1205","CTGCAGGTCTCCGTGT-1_2_2"
"1206","CTGCATCAGCCGGAAT-1_2_2"
"1207","CTGCATCCAGATAAAC-1_2_2"
"1208","CTGCATCGTCAAGCGA-1_2_2"
"1209","CTGCATCGTCCAGCGT-1_2_2"
"1210","CTGCATCGTTAAGCAA-1_2_2"
"1211","CTGCCATAGCCTAACT-1_2_2"
"1212","CTGCCATCACAAGCTT-1_2_2"
"1213","CTGCCATCATGGGATG-1_2_2"
"1214","CTGCCATGTCGCTTGG-1_2_2"
"1215","CTGCCATGTGCATGTT-1_2_2"
"1216","CTGCCATGTTAGAAAC-1_2_2"
"1217","CTGCCTAAGGCGACAT-1_2_2"
"1218","CTGCCTAAGTGGCCTC-1_2_2"
"1219","CTGCCTAGTAATGTGA-1_2_2"
"1220","CTGCCTAGTAGTTACC-1_2_2"
"1221","CTGCCTAGTGTTGACT-1_2_2"
"1222","CTGCCTAGTTACCCTC-1_2_2"
"1223","CTGCCTATCGACCCAG-1_2_2"
"1224","CTGCGAGAGCGGTAAC-1_2_2"
"1225","CTGCGAGGTGGCATCC-1_2_2"
"1226","CTGCGAGGTTGTCCCT-1_2_2"
"1227","CTGCGAGTCGCGATCG-1_2_2"
"1228","CTGCTCAAGGGATCTG-1_2_2"
"1229","CTGGACGCAGCTATAC-1_2_2"
"1230","CTGGACGGTCGAGCAA-1_2_2"
"1231","CTGGACGTCGGAAACG-1_2_2"
"1232","CTGGCAGTCAGCCTCT-1_2_2"
"1233","CTGGTCTAGACATCCT-1_2_2"
"1234","CTGTACCAGCGCTTCG-1_2_2"
"1235","CTGTACCCAAAGGAGA-1_2_2"
"1236","CTGTAGACACGTCATA-1_2_2"
"1237","CTGTAGAGTTTCTATC-1_2_2"
"1238","CTGTATTCAATTCTCT-1_2_2"
"1239","CTGTATTCACGCAGTC-1_2_2"
"1240","CTGTCGTAGACCTTTG-1_2_2"
"1241","CTGTCGTTCGATACGT-1_2_2"
"1242","CTGTCGTTCTTCTTCC-1_2_2"
"1243","CTGTGAAAGTGCCAGA-1_2_2"
"1244","CTGTGAAGTGCTCTTC-1_2_2"
"1245","CTTACCGAGGACTATA-1_2_2"
"1246","CTTACCGCATGACACT-1_2_2"
"1247","CTTACCGTCAAACGAA-1_2_2"
"1248","CTTAGGAAGAGCACTG-1_2_2"
"1249","CTTAGGAAGTGATTCC-1_2_2"
"1250","CTTAGGAGTTTCCAAG-1_2_2"
"1251","CTTCAATAGCTTGTTG-1_2_2"
"1252","CTTCAATAGGAAAGAC-1_2_2"
"1253","CTTCAATGTGACTGTT-1_2_2"
"1254","CTTCAATTCGTCCTTG-1_2_2"
"1255","CTTCCGAAGACCGTTT-1_2_2"
"1256","CTTCCGACAAGGCGTA-1_2_2"
"1257","CTTCCGACACGCTGAC-1_2_2"
"1258","CTTCCGAGTGTCATGT-1_2_2"
"1259","CTTCCTTAGGGATCGT-1_2_2"
"1260","CTTCCTTGTAGCTGTT-1_2_2"
"1261","CTTCCTTTCAAGCCGC-1_2_2"
"1262","CTTCGGTAGGTAAAGG-1_2_2"
"1263","CTTCGGTTCAAATAGG-1_2_2"
"1264","CTTCGGTTCAGCCCAG-1_2_2"
"1265","CTTCGGTTCCACGTCT-1_2_2"
"1266","CTTCTAAAGACACACG-1_2_2"
"1267","CTTCTAAAGCTAAGTA-1_2_2"
"1268","CTTCTCTTCAACACCA-1_2_2"
"1269","CTTCTCTTCTACTATC-1_2_2"
"1270","CTTGAGAAGATTGGGC-1_2_2"
"1271","CTTGAGACAATTGAGA-1_2_2"
"1272","CTTGAGACATCGAGCC-1_2_2"
"1273","CTTGAGAGTCAAAGCG-1_2_2"
"1274","CTTGAGAGTGCAATAA-1_2_2"
"1275","CTTGATTAGATGAACT-1_2_2"
"1276","CTTGATTAGCGACCCT-1_2_2"
"1277","CTTGATTCACCCTATC-1_2_2"
"1278","CTTTCAACAAGCTGTT-1_2_2"
"1279","CTTTCAACACACACTA-1_2_2"
"1280","CTTTCAAGTCTACATG-1_2_2"
"1281","CTTTCGGGTCGGTAAG-1_2_2"
"1282","GAAACCTAGTGATGGC-1_2_2"
"1283","GAAACCTCAGCTGTGC-1_2_2"
"1284","GAAACCTCATGAGTAA-1_2_2"
"1285","GAAACCTGTCAGCGTC-1_2_2"
"1286","GAAACCTGTCCATCTC-1_2_2"
"1287","GAAACCTTCTGCTGAA-1_2_2"
"1288","GAAATGACAAGAGTTA-1_2_2"
"1289","GAAATGACATCACAGT-1_2_2"
"1290","GAAATGAGTAACGTTC-1_2_2"
"1291","GAAATGAGTGCGTTTA-1_2_2"
"1292","GAACACTAGCGATGCA-1_2_2"
"1293","GAACACTAGGTCGAGT-1_2_2"
"1294","GAACACTAGGTTTGAA-1_2_2"
"1295","GAACACTGTATCCTTT-1_2_2"
"1296","GAACGTTAGCACGATG-1_2_2"
"1297","GAACGTTCAACGTTAC-1_2_2"
"1298","GAACGTTCACGTACAT-1_2_2"
"1299","GAACTGTTCACTGGTA-1_2_2"
"1300","GAAGAATAGCAAGTCG-1_2_2"
"1301","GAAGAATTCTGCGGCA-1_2_2"
"1302","GAAGCCCCAACCCTAA-1_2_2"
"1303","GAAGCCCGTAATCAAG-1_2_2"
"1304","GAAGCCCTCATCACTT-1_2_2"
"1305","GAAGCCCTCTATGTGG-1_2_2"
"1306","GAAGCGAGTATTGACC-1_2_2"
"1307","GAAGGACCACTCCGAG-1_2_2"
"1308","GAAGGGTCAAGCGATG-1_2_2"
"1309","GAAGGGTCACTAAACC-1_2_2"
"1310","GAAGTAAAGCACTCTA-1_2_2"
"1311","GAAGTAAAGTTACGAA-1_2_2"
"1312","GAATAGAAGAGCACTG-1_2_2"
"1313","GAATAGAAGCTCCATA-1_2_2"
"1314","GAATAGAGTGAGTTTC-1_2_2"
"1315","GAATCACGTGCATTTG-1_2_2"
"1316","GAATCACTCTCAGGCG-1_2_2"
"1317","GAATCGTCAACATACC-1_2_2"
"1318","GAATCGTCACCGTGCA-1_2_2"
"1319","GAATCGTCACTCCACT-1_2_2"
"1320","GACACGCCACTACACA-1_2_2"
"1321","GACACGCTCACTTATC-1_2_2"
"1322","GACAGCCAGCTTACGT-1_2_2"
"1323","GACAGCCTCATGAGGG-1_2_2"
"1324","GACATCAAGCATTGTC-1_2_2"
"1325","GACATCATCTATACTC-1_2_2"
"1326","GACCAATCAGAGGCTA-1_2_2"
"1327","GACCAATGTACAAAGT-1_2_2"
"1328","GACCAATGTTCCCAAA-1_2_2"
"1329","GACCCAGGTTTAGACC-1_2_2"
"1330","GACCCAGTCGCCGAAC-1_2_2"
"1331","GACCCTTAGATCCCGC-1_2_2"
"1332","GACCCTTAGGTGAGCT-1_2_2"
"1333","GACCCTTGTAATCAAG-1_2_2"
"1334","GACCCTTGTGATACCT-1_2_2"
"1335","GACCCTTTCGCCGAGT-1_2_2"
"1336","GACCGTGAGTATAGAC-1_2_2"
"1337","GACCGTGAGTATTCCG-1_2_2"
"1338","GACCGTGAGTCATTGC-1_2_2"
"1339","GACCGTGTCCATCTAT-1_2_2"
"1340","GACCGTGTCCCAGGAC-1_2_2"
"1341","GACCTTCAGGCTCCCA-1_2_2"
"1342","GACCTTCGTAGCGTCC-1_2_2"
"1343","GACCTTCTCCACGTAA-1_2_2"
"1344","GACCTTCTCCGAGGCT-1_2_2"
"1345","GACGCTGCAATGTTGC-1_2_2"
"1346","GACGCTGTCTCGAGTA-1_2_2"
"1347","GACGTTACACACCTTC-1_2_2"
"1348","GACTATGTCTAACGGT-1_2_2"
"1349","GACTCAAAGCGATCGA-1_2_2"
"1350","GACTCAAAGGGAGTGG-1_2_2"
"1351","GACTCAAAGTCTGGAG-1_2_2"
"1352","GACTCAATCAAGTCTG-1_2_2"
"1353","GACTCAATCGTCCTCA-1_2_2"
"1354","GACTCTCCACGACGTC-1_2_2"
"1355","GACTCTCTCTCCTGAC-1_2_2"
"1356","GACTGATCAATCGCCG-1_2_2"
"1357","GACTGATCACTCCTTG-1_2_2"
"1358","GACTGATGTGCATGTT-1_2_2"
"1359","GACTGATTCAGAATAG-1_2_2"
"1360","GACTGATTCTCAGTCC-1_2_2"
"1361","GACTTCCAGGTTTGAA-1_2_2"
"1362","GACTTCCCATTGAAAG-1_2_2"
"1363","GACTTCCTCCTCGATC-1_2_2"
"1364","GACTTCCTCTACCTTA-1_2_2"
"1365","GAGAAATAGTTAACGA-1_2_2"
"1366","GAGAAATCAGAGAGGG-1_2_2"
"1367","GAGAAATGTGTGGACA-1_2_2"
"1368","GAGAAATTCTCACCCA-1_2_2"
"1369","GAGACCCGTGATACCT-1_2_2"
"1370","GAGACCCTCTCGTTTA-1_2_2"
"1371","GAGAGGTGTATGAGAT-1_2_2"
"1372","GAGCCTGAGGTAGTAT-1_2_2"
"1373","GAGCCTGGTATGAAGT-1_2_2"
"1374","GAGCCTGTCCGATTAG-1_2_2"
"1375","GAGCCTGTCTGTCTCG-1_2_2"
"1376","GAGCTGCTCGGATAAA-1_2_2"
"1377","GAGGCAACACGTTCGG-1_2_2"
"1378","GAGGCCTAGGTGCAGT-1_2_2"
"1379","GAGGCCTAGTATGATG-1_2_2"
"1380","GAGGCCTTCAATCTTC-1_2_2"
"1381","GAGGGATAGAAGGATG-1_2_2"
"1382","GAGGGATAGTGAGGCT-1_2_2"
"1383","GAGGGATCAACTCGAT-1_2_2"
"1384","GAGGGATCATCATCCC-1_2_2"
"1385","GAGGGTAAGAGGTCGT-1_2_2"
"1386","GAGTCATCAGCCTATA-1_2_2"
"1387","GAGTCATTCGAGCCAC-1_2_2"
"1388","GAGTCTAAGTCCGTCG-1_2_2"
"1389","GAGTCTAAGTGCACAG-1_2_2"
"1390","GAGTCTACAGAGCCCT-1_2_2"
"1391","GAGTCTAGTGGTCTCG-1_2_2"
"1392","GAGTCTATCACTAGCA-1_2_2"
"1393","GAGTGAGAGACCAACG-1_2_2"
"1394","GAGTGAGCAGGATGAC-1_2_2"
"1395","GAGTGAGCATAATCGC-1_2_2"
"1396","GAGTGAGGTGCTTCAA-1_2_2"
"1397","GAGTGAGTCCTCACTG-1_2_2"
"1398","GAGTGAGTCTCATGCC-1_2_2"
"1399","GAGTGTTAGCGATGCA-1_2_2"
"1400","GAGTGTTGTAGACAGC-1_2_2"
"1401","GAGTGTTGTAGTTAGA-1_2_2"
"1402","GAGTGTTTCATTGCGA-1_2_2"
"1403","GAGTTACCAACCCTAA-1_2_2"
"1404","GAGTTACGTATTGCCA-1_2_2"
"1405","GAGTTACGTGCGAACA-1_2_2"
"1406","GAGTTACTCCATCAGA-1_2_2"
"1407","GAGTTGTAGCCTAGGA-1_2_2"
"1408","GAGTTGTAGGGAGGAC-1_2_2"
"1409","GAGTTGTAGGGTAGCT-1_2_2"
"1410","GAGTTGTCAGCGTTGC-1_2_2"
"1411","GAGTTGTGTCCGTACG-1_2_2"
"1412","GAGTTTGCAGCCTACG-1_2_2"
"1413","GAGTTTGGTTGTTGTG-1_2_2"
"1414","GAGTTTGTCAACTGGT-1_2_2"
"1415","GATAGAAAGTGGGAAA-1_2_2"
"1416","GATAGAACAGCTTCGG-1_2_2"
"1417","GATAGAAGTCGTCATA-1_2_2"
"1418","GATAGAATCACACGAT-1_2_2"
"1419","GATAGAATCTGAGCAT-1_2_2"
"1420","GATAGCTAGCGCAATG-1_2_2"
"1421","GATAGCTCAAACACCT-1_2_2"
"1422","GATAGCTCACGTAGTT-1_2_2"
"1423","GATAGCTTCAGAGTTC-1_2_2"
"1424","GATAGCTTCTTAGCTT-1_2_2"
"1425","GATCACACAGGACTAG-1_2_2"
"1426","GATCACACATCAGCTA-1_2_2"
"1427","GATCAGTTCGTCGCTT-1_2_2"
"1428","GATCATGCATGGAACG-1_2_2"
"1429","GATCATGTCCCATTTA-1_2_2"
"1430","GATCCCTAGTGAGCCA-1_2_2"
"1431","GATCCCTAGTGTGTTC-1_2_2"
"1432","GATCCCTTCATGGGAG-1_2_2"
"1433","GATCGTACAAGGTACG-1_2_2"
"1434","GATCGTACAGCAGTTT-1_2_2"
"1435","GATCGTACAGCGTATT-1_2_2"
"1436","GATCGTAGTACGTGAG-1_2_2"
"1437","GATCGTAGTGGAACAC-1_2_2"
"1438","GATCGTATCGGTCAGC-1_2_2"
"1439","GATGACTCATAACGGG-1_2_2"
"1440","GATGACTCATTCATCT-1_2_2"
"1441","GATGACTGTTATGACC-1_2_2"
"1442","GATGACTTCAGGACGA-1_2_2"
"1443","GATGAGGCACAAGCTT-1_2_2"
"1444","GATGAGGTCTCCTGTG-1_2_2"
"1445","GATGAGGTCTCTATGT-1_2_2"
"1446","GATGATCGTAGCGATG-1_2_2"
"1447","GATGATCTCGGTCGAC-1_2_2"
"1448","GATGCTAAGCCTATCA-1_2_2"
"1449","GATGCTAGTACCTATG-1_2_2"
"1450","GATGCTAGTATCCTCC-1_2_2"
"1451","GATGGAGAGAGGTTTA-1_2_2"
"1452","GATGGAGAGATTAGAC-1_2_2"
"1453","GATGGAGTCCGATCTC-1_2_2"
"1454","GATGTTGCAGCAATTC-1_2_2"
"1455","GATGTTGGTATTGACC-1_2_2"
"1456","GATTCGAAGGCCATAG-1_2_2"
"1457","GATTCGAGTCTGCCTT-1_2_2"
"1458","GATTCTTAGGCTCACC-1_2_2"
"1459","GATTCTTCAAGTGGAC-1_2_2"
"1460","GATTCTTGTCTGTTAG-1_2_2"
"1461","GATTTCTAGAGGCTGT-1_2_2"
"1462","GATTTCTAGATACATG-1_2_2"
"1463","GATTTCTCACCTCGTT-1_2_2"
"1464","GATTTCTTCTCTGCTG-1_2_2"
"1465","GCAACATCACTTCTCG-1_2_2"
"1466","GCAACATGTCCGGATC-1_2_2"
"1467","GCAACCGCACTGCGAC-1_2_2"
"1468","GCAACCGGTTCAAGGG-1_2_2"
"1469","GCACATAAGGGTAGCT-1_2_2"
"1470","GCACATACAGGCGATA-1_2_2"
"1471","GCACATATCACACCCT-1_2_2"
"1472","GCACGGTAGCACCGAA-1_2_2"
"1473","GCACGGTAGTCTGGAG-1_2_2"
"1474","GCACGGTCAACTGTGT-1_2_2"
"1475","GCACGTGCAACAGCTT-1_2_2"
"1476","GCACGTGCATTGGGAG-1_2_2"
"1477","GCACTAACACGACGCT-1_2_2"
"1478","GCACTAACAGACCCGT-1_2_2"
"1479","GCACTAAGTCATAGTC-1_2_2"
"1480","GCACTAAGTCGCAACC-1_2_2"
"1481","GCAGCCACAAATGAGT-1_2_2"
"1482","GCAGCCAGTATAGCTC-1_2_2"
"1483","GCAGCTGGTTACCCTC-1_2_2"
"1484","GCAGCTGTCTACGCGG-1_2_2"
"1485","GCAGGCTCAGATTCGT-1_2_2"
"1486","GCAGTTAGTGCGGATA-1_2_2"
"1487","GCAGTTAGTTCAAGTC-1_2_2"
"1488","GCATCGGAGACGGTTG-1_2_2"
"1489","GCATCGGAGGTAAACT-1_2_2"
"1490","GCATCGGCAAATTAGG-1_2_2"
"1491","GCATCGGGTTACAGCT-1_2_2"
"1492","GCATCTCCACTGCGTG-1_2_2"
"1493","GCATCTCCAGGTCTCG-1_2_2"
"1494","GCATGATGTAGAAACT-1_2_2"
"1495","GCATTAGAGTCCCGGT-1_2_2"
"1496","GCATTAGCATGCCGCA-1_2_2"
"1497","GCATTAGGTAGCTGTT-1_2_2"
"1498","GCCAACGAGTGATGGC-1_2_2"
"1499","GCCAACGCACAACCGC-1_2_2"
"1500","GCCAACGGTAGTGCGA-1_2_2"
"1501","GCCAACGGTTAGGACG-1_2_2"
"1502","GCCAGCAGTGCCTACG-1_2_2"
"1503","GCCAGCAGTTCATCTT-1_2_2"
"1504","GCCAGCATCTCTGACC-1_2_2"
"1505","GCCAGGTCAAGGCCTC-1_2_2"
"1506","GCCAGGTCACGCCAGT-1_2_2"
"1507","GCCAGGTCACTTCATT-1_2_2"
"1508","GCCAGGTTCACCACAA-1_2_2"
"1509","GCCAGGTTCCGCTAGG-1_2_2"
"1510","GCCAGTGAGAATTGCA-1_2_2"
"1511","GCCAGTGAGGCGAAGG-1_2_2"
"1512","GCCAGTGCAAGACCGA-1_2_2"
"1513","GCCAGTGCACCAGCGT-1_2_2"
"1514","GCCAGTGCAGCTGTTA-1_2_2"
"1515","GCCAGTGGTACCAGAG-1_2_2"
"1516","GCCAGTGGTCAATGGG-1_2_2"
"1517","GCCAGTGTCCTATTTG-1_2_2"
"1518","GCCATTCAGCCGAATG-1_2_2"
"1519","GCCATTCGTGCGTGCT-1_2_2"
"1520","GCCATTCTCAAGCTGT-1_2_2"
"1521","GCCCAGAAGGCTCACC-1_2_2"
"1522","GCCCAGACACATACTG-1_2_2"
"1523","GCCCGAACAAATGCGG-1_2_2"
"1524","GCCCGAAGTGATTAGA-1_2_2"
"1525","GCCGATGAGAGCCCAA-1_2_2"
"1526","GCCGATGTCCTGCTAC-1_2_2"
"1527","GCCGATGTCGAATGCT-1_2_2"
"1528","GCCTGTTTCAGCGCAC-1_2_2"
"1529","GCGAGAAAGAAACACT-1_2_2"
"1530","GCGAGAAAGAGAGGGC-1_2_2"
"1531","GCGAGAAGTCCTTGTC-1_2_2"
"1532","GCGAGAAGTTCCGTTC-1_2_2"
"1533","GCGATCGCAACCAATC-1_2_2"
"1534","GCGATCGCACCAACAT-1_2_2"
"1535","GCGATCGCAGCTGTAT-1_2_2"
"1536","GCGATCGTCCGTCAAA-1_2_2"
"1537","GCGGAAAAGCTCTGTA-1_2_2"
"1538","GCGGAAACACGACAAG-1_2_2"
"1539","GCGGATCAGTGATAAC-1_2_2"
"1540","GCGGATCGTGAAGCTG-1_2_2"
"1541","GCGGATCTCTTGGAAC-1_2_2"
"1542","GCGTTTCAGGGCCTCT-1_2_2"
"1543","GCGTTTCCATTAAGCC-1_2_2"
"1544","GCGTTTCGTACCTATG-1_2_2"
"1545","GCGTTTCTCCTTCTTC-1_2_2"
"1546","GCGTTTCTCGCCCAGA-1_2_2"
"1547","GCTACAAAGCCTCACG-1_2_2"
"1548","GCTACAAAGCTGAGCA-1_2_2"
"1549","GCTACAAAGGCCTAGA-1_2_2"
"1550","GCTACAAGTGAATTGA-1_2_2"
"1551","GCTACAAGTTCATCTT-1_2_2"
"1552","GCTACAATCCGTTGAA-1_2_2"
"1553","GCTACCTAGACATACA-1_2_2"
"1554","GCTACCTAGCGACTGA-1_2_2"
"1555","GCTACCTAGCTCTATG-1_2_2"
"1556","GCTACCTAGTGAGTGC-1_2_2"
"1557","GCTACCTTCACGAGGA-1_2_2"
"1558","GCTACCTTCATAGACC-1_2_2"
"1559","GCTCAAAAGATTCGCT-1_2_2"
"1560","GCTCAAAAGGCGAAGG-1_2_2"
"1561","GCTCAAACACAATCTG-1_2_2"
"1562","GCTCAAACAGTAGTGG-1_2_2"
"1563","GCTCAAAGTGAATTGA-1_2_2"
"1564","GCTCAAATCTCTGAGA-1_2_2"
"1565","GCTCAAATCTTGCAAG-1_2_2"
"1566","GCTGAATAGCCATGCC-1_2_2"
"1567","GCTGAATAGGGCAAGG-1_2_2"
"1568","GCTGAATAGTGTACCT-1_2_2"
"1569","GCTGAATTCGACCTAA-1_2_2"
"1570","GCTGCAGAGTAGGTTA-1_2_2"
"1571","GCTGCAGCATCGATAC-1_2_2"
"1572","GCTGCAGGTGAGCAGT-1_2_2"
"1573","GCTGCAGTCAACTACG-1_2_2"
"1574","GCTGGGTAGGACAGTC-1_2_2"
"1575","GCTGGGTAGTTTCAGC-1_2_2"
"1576","GCTGGGTCAAATGAGT-1_2_2"
"1577","GCTGGGTGTGTTGACT-1_2_2"
"1578","GCTTCACAGACGCATG-1_2_2"
"1579","GCTTCACAGGTTCATC-1_2_2"
"1580","GCTTGGGAGACCGTTT-1_2_2"
"1581","GCTTGGGGTACGAGCA-1_2_2"
"1582","GGAACCCAGTAGGCCA-1_2_2"
"1583","GGAACCCCAAGAGCTG-1_2_2"
"1584","GGAATGGTCCATCACC-1_2_2"
"1585","GGAATGGTCTATCCAT-1_2_2"
"1586","GGACGTCAGACGGTTG-1_2_2"
"1587","GGACGTCCACGGTGCT-1_2_2"
"1588","GGACGTCCATAACCCA-1_2_2"
"1589","GGACGTCGTACTCGTA-1_2_2"
"1590","GGACGTCTCTACAGGT-1_2_2"
"1591","GGAGATGAGGTACAGC-1_2_2"
"1592","GGAGATGCAAGGACAC-1_2_2"
"1593","GGAGATGCACGCGCTA-1_2_2"
"1594","GGAGATGCACTCATAG-1_2_2"
"1595","GGAGATGCATATCGGT-1_2_2"
"1596","GGAGATGGTATCTCGA-1_2_2"
"1597","GGAGATGGTGAATGTA-1_2_2"
"1598","GGAGATGTCTATGTGG-1_2_2"
"1599","GGAGCAACACATACTG-1_2_2"
"1600","GGAGCAAGTGACTATC-1_2_2"
"1601","GGAGCAAGTTATGTGC-1_2_2"
"1602","GGAGCAATCATTGTTC-1_2_2"
"1603","GGAGGATCAAATCGTC-1_2_2"
"1604","GGAGGATGTCATCCCT-1_2_2"
"1605","GGAGGATGTTTACTGG-1_2_2"
"1606","GGAGGATTCCCATAAG-1_2_2"
"1607","GGAGGATTCGTAGGGA-1_2_2"
"1608","GGAGGTATCTACGCGG-1_2_2"
"1609","GGATCTACAAGCTGCC-1_2_2"
"1610","GGATGTTGTTGACGGA-1_2_2"
"1611","GGCAGTCCACCTCGTT-1_2_2"
"1612","GGCAGTCGTCCGGCAT-1_2_2"
"1613","GGCAGTCTCGTCCATC-1_2_2"
"1614","GGCGTCAAGCCTCAGC-1_2_2"
"1615","GGCGTCACATCGGATT-1_2_2"
"1616","GGCGTCAGTAACTTCG-1_2_2"
"1617","GGCGTCAGTTAGCTAC-1_2_2"
"1618","GGCGTCATCGTCACCT-1_2_2"
"1619","GGCTGTGAGACGAGCT-1_2_2"
"1620","GGCTGTGCAGAATGTA-1_2_2"
"1621","GGCTGTGGTCTAACGT-1_2_2"
"1622","GGCTGTGGTTCAAACC-1_2_2"
"1623","GGCTGTGTCATAAGGA-1_2_2"
"1624","GGCTTGGAGCCTTTCC-1_2_2"
"1625","GGCTTGGAGGGTTTCT-1_2_2"
"1626","GGCTTGGGTTGGTGTT-1_2_2"
"1627","GGCTTGGTCAATCCAG-1_2_2"
"1628","GGCTTGGTCCCTCTTT-1_2_2"
"1629","GGCTTGGTCGCTTGCT-1_2_2"
"1630","GGCTTTCGTAGCGTAG-1_2_2"
"1631","GGCTTTCGTCACCGCA-1_2_2"
"1632","GGCTTTCTCTGGGAGA-1_2_2"
"1633","GGGAAGTAGCACCAGA-1_2_2"
"1634","GGGAAGTAGGCGAAGG-1_2_2"
"1635","GGGAAGTCATTCACAG-1_2_2"
"1636","GGGAAGTTCTAACGCA-1_2_2"
"1637","GGGACAAAGCATGGGT-1_2_2"
"1638","GGGACAAAGGTGCGAT-1_2_2"
"1639","GGGACAAGTAGAATAC-1_2_2"
"1640","GGGACAAGTGAAAGTT-1_2_2"
"1641","GGGACAATCATCAGTG-1_2_2"
"1642","GGGACAATCCGCATAA-1_2_2"
"1643","GGGACTCCAACTCCCT-1_2_2"
"1644","GGGAGTACAACAACAA-1_2_2"
"1645","GGGAGTAGTCACCCTT-1_2_2"
"1646","GGGAGTATCGATGGAG-1_2_2"
"1647","GGGATCCCACCCAAGC-1_2_2"
"1648","GGGATCCTCTTAGCAG-1_2_2"
"1649","GGGATGACACGTTGGC-1_2_2"
"1650","GGGATGACACTTGTCC-1_2_2"
"1651","GGGATGAGTGCTCTTC-1_2_2"
"1652","GGGATGATCGTCCTCA-1_2_2"
"1653","GGGCCATAGGCATGGT-1_2_2"
"1654","GGGCCATCAACACAAA-1_2_2"
"1655","GGGCCATCACTCAGAT-1_2_2"
"1656","GGGCTCATCCACCCTA-1_2_2"
"1657","GGGCTCATCTAGGCAT-1_2_2"
"1658","GGGTAGAAGGCTGTAG-1_2_2"
"1659","GGGTAGACAATCTAGC-1_2_2"
"1660","GGGTAGATCCGATAGT-1_2_2"
"1661","GGGTATTCAGCGTGCT-1_2_2"
"1662","GGGTATTCAGGTCAAG-1_2_2"
"1663","GGGTATTTCACTTTGT-1_2_2"
"1664","GGGTCACGTCGGATTT-1_2_2"
"1665","GGGTCTGAGATCGCTT-1_2_2"
"1666","GGGTCTGGTAAGCTCT-1_2_2"
"1667","GGGTCTGGTTTACACG-1_2_2"
"1668","GGGTGAACAAATGGCG-1_2_2"
"1669","GGGTGAACAATCAAGA-1_2_2"
"1670","GGGTGAAGTCATCCGG-1_2_2"
"1671","GGGTTATAGCACGGAT-1_2_2"
"1672","GGGTTATAGTAGCATA-1_2_2"
"1673","GGGTTATGTCATCCGG-1_2_2"
"1674","GGGTTATGTTGGGATG-1_2_2"
"1675","GGGTTTAGTGTAAATG-1_2_2"
"1676","GGGTTTATCTCGTGGG-1_2_2"
"1677","GGTAACTAGGGCCTCT-1_2_2"
"1678","GGTAACTGTAATGATG-1_2_2"
"1679","GGTAACTTCTCAGTCC-1_2_2"
"1680","GGTAGAGAGACGGTCA-1_2_2"
"1681","GGTCACGAGGAATCGC-1_2_2"
"1682","GGTCACGCAGAACTAA-1_2_2"
"1683","GGTCACGCATTCTCTA-1_2_2"
"1684","GGTCTGGAGATCGCTT-1_2_2"
"1685","GGTCTGGTCATTGCTT-1_2_2"
"1686","GGTCTGGTCCGGACTG-1_2_2"
"1687","GGTGAAGCACTGAGGA-1_2_2"
"1688","GGTGAAGGTTGCCATA-1_2_2"
"1689","GGTGATTGTCCCTCAT-1_2_2"
"1690","GGTGGCTGTGCAGTGA-1_2_2"
"1691","GGTGGCTTCCAGTGCG-1_2_2"
"1692","GGTGTCGCACCCTAAA-1_2_2"
"1693","GGTGTCGTCGAACTCA-1_2_2"
"1694","GGTGTTAAGGAACATT-1_2_2"
"1695","GGTGTTAGTCTGCGCA-1_2_2"
"1696","GGTTAACAGACCTTTG-1_2_2"
"1697","GGTTAACCAGACGATG-1_2_2"
"1698","GGTTAACTCAACACCA-1_2_2"
"1699","GGTTAACTCTCTCTAA-1_2_2"
"1700","GGTTAACTCTGTAAGC-1_2_2"
"1701","GGTTCTCCACAGCCAC-1_2_2"
"1702","GGTTCTCTCGTAGAGG-1_2_2"
"1703","GGTTGTACAACGGGTA-1_2_2"
"1704","GGTTGTACAATCTAGC-1_2_2"
"1705","GTAACACGTGTCGATT-1_2_2"
"1706","GTAACACTCTCACGAA-1_2_2"
"1707","GTAACCACACGTAACT-1_2_2"
"1708","GTAACCACACTTCAAG-1_2_2"
"1709","GTAAGTCCATCCGGTG-1_2_2"
"1710","GTAATCGAGCACTAGG-1_2_2"
"1711","GTAATCGAGCCAACCC-1_2_2"
"1712","GTAATCGAGCCTAACT-1_2_2"
"1713","GTAATCGGTCCTTGTC-1_2_2"
"1714","GTAATCGTCACTGAAC-1_2_2"
"1715","GTAATCGTCCAATGCA-1_2_2"
"1716","GTAATGCAGCAGGCAT-1_2_2"
"1717","GTAATGCAGTAGGATT-1_2_2"
"1718","GTAATGCCAAATCAGA-1_2_2"
"1719","GTAATGCCAGACCTAT-1_2_2"
"1720","GTAATGCGTGTGTGTT-1_2_2"
"1721","GTAATGCTCGCGTCGA-1_2_2"
"1722","GTACAACGTAGATCGG-1_2_2"
"1723","GTACAACTCCGATAAC-1_2_2"
"1724","GTACAGTAGTCAGCCC-1_2_2"
"1725","GTACAGTGTCCATACA-1_2_2"
"1726","GTAGAAACACCGTCTT-1_2_2"
"1727","GTAGAAACACTAGTAC-1_2_2"
"1728","GTAGAAACACTTGAAC-1_2_2"
"1729","GTAGAAACAGCCCACA-1_2_2"
"1730","GTAGAAATCATTCTTG-1_2_2"
"1731","GTAGAGGAGTGGTTGG-1_2_2"
"1732","GTAGAGGCACTAGGCC-1_2_2"
"1733","GTAGATCAGGTAGACC-1_2_2"
"1734","GTAGATCGTGAATTGA-1_2_2"
"1735","GTAGCTACACAGCATT-1_2_2"
"1736","GTAGGTTAGTCAGAGC-1_2_2"
"1737","GTAGTACAGCGTACAG-1_2_2"
"1738","GTAGTACAGGCTCACC-1_2_2"
"1739","GTAGTACCACGGTGAA-1_2_2"
"1740","GTAGTACGTTATGACC-1_2_2"
"1741","GTATTGGAGTCACTCA-1_2_2"
"1742","GTATTGGGTGATACAA-1_2_2"
"1743","GTATTGGTCACGATAC-1_2_2"
"1744","GTATTGGTCCCTTGTG-1_2_2"
"1745","GTATTTCCACTAGGTT-1_2_2"
"1746","GTATTTCCACTGCGTG-1_2_2"
"1747","GTATTTCCAGAACATA-1_2_2"
"1748","GTATTTCCATTGTAGC-1_2_2"
"1749","GTATTTCTCATGCCAA-1_2_2"
"1750","GTCAAACAGATTCGCT-1_2_2"
"1751","GTCAAACAGTTCACTG-1_2_2"
"1752","GTCAAACGTCTCAAGT-1_2_2"
"1753","GTCAAACGTTTCACAG-1_2_2"
"1754","GTCAAACTCTTCTGGC-1_2_2"
"1755","GTCAAGTCACCAGCCA-1_2_2"
"1756","GTCAAGTGTGCATACT-1_2_2"
"1757","GTCACGGAGATTCGAA-1_2_2"
"1758","GTCACGGGTTTCGTTT-1_2_2"
"1759","GTCACGGTCTAGATCG-1_2_2"
"1760","GTCACTCAGGTTGGTG-1_2_2"
"1761","GTCACTCCAGACGCTC-1_2_2"
"1762","GTCACTCTCACTACTT-1_2_2"
"1763","GTCAGCGCACCCATAA-1_2_2"
"1764","GTCAGCGCACCTGCAG-1_2_2"
"1765","GTCATCCAGGACAAGA-1_2_2"
"1766","GTCATGACAAAGGATT-1_2_2"
"1767","GTCATGACATCAGCTA-1_2_2"
"1768","GTCATGACATCGGTTA-1_2_2"
"1769","GTCATTTAGAAACCAT-1_2_2"
"1770","GTCATTTAGCACACCC-1_2_2"
"1771","GTCATTTCACCTGTCT-1_2_2"
"1772","GTCATTTCAGTTACCA-1_2_2"
"1773","GTCATTTTCGTAGCCG-1_2_2"
"1774","GTCCCATAGCGCAATG-1_2_2"
"1775","GTCCCATAGCGTGCCT-1_2_2"
"1776","GTCCCATAGGCACTCC-1_2_2"
"1777","GTCCCATGTTAGAGAT-1_2_2"
"1778","GTCCCATGTTGATCGT-1_2_2"
"1779","GTCCTCAAGACTTCGT-1_2_2"
"1780","GTCCTCAGTCACGCTG-1_2_2"
"1781","GTCCTCAGTCTGTGAT-1_2_2"
"1782","GTCGAATAGACCGCCT-1_2_2"
"1783","GTCGAATGTCAGTCTA-1_2_2"
"1784","GTCGCGAAGCCACCGT-1_2_2"
"1785","GTCGCGACACACCTTC-1_2_2"
"1786","GTCGCGACACGCCAGT-1_2_2"
"1787","GTCGCGACAGAGAATT-1_2_2"
"1788","GTCGCGACATCATCCC-1_2_2"
"1789","GTCGTAACAAACCGGA-1_2_2"
"1790","GTCGTAAGTCCGACGT-1_2_2"
"1791","GTCGTTCCATGTGCCG-1_2_2"
"1792","GTCTACCAGACTCATC-1_2_2"
"1793","GTCTACCCACCGCTGA-1_2_2"
"1794","GTCTACCCAGCACACC-1_2_2"
"1795","GTCTACCCAGTCCGTG-1_2_2"
"1796","GTCTACCGTCGTTCAA-1_2_2"
"1797","GTCTACCTCCATAGAC-1_2_2"
"1798","GTCTACCTCGATTGGT-1_2_2"
"1799","GTCTACCTCTCTGGTC-1_2_2"
"1800","GTCTAGAAGACCTCCG-1_2_2"
"1801","GTCTAGAAGTTTGAGA-1_2_2"
"1802","GTCTAGAGTAGCGATG-1_2_2"
"1803","GTCTAGAGTCAGCTTA-1_2_2"
"1804","GTCTAGATCAAGCCAT-1_2_2"
"1805","GTCTAGATCACCGACG-1_2_2"
"1806","GTCTCACCAATACGAA-1_2_2"
"1807","GTCTCACCATGAGATA-1_2_2"
"1808","GTCTCACGTTGTATGC-1_2_2"
"1809","GTCTGTCCAAACTCTG-1_2_2"
"1810","GTCTGTCCAACTTCTT-1_2_2"
"1811","GTCTGTCTCGCCAACG-1_2_2"
"1812","GTCTGTCTCTCTTGCG-1_2_2"
"1813","GTCTTTAAGACGAGCT-1_2_2"
"1814","GTCTTTACACCAAAGG-1_2_2"
"1815","GTCTTTACACTTCATT-1_2_2"
"1816","GTCTTTAGTGCCTGAC-1_2_2"
"1817","GTGACGCAGGGTTGCA-1_2_2"
"1818","GTGACGCCATCCTAAG-1_2_2"
"1819","GTGACGCCATTGACTG-1_2_2"
"1820","GTGACGCGTGTTATCG-1_2_2"
"1821","GTGACGCTCAGTGATC-1_2_2"
"1822","GTGAGCCGTGATCGTT-1_2_2"
"1823","GTGAGGAAGAATCCCT-1_2_2"
"1824","GTGAGTTAGTAAGGGA-1_2_2"
"1825","GTGAGTTAGTTAACAG-1_2_2"
"1826","GTGAGTTGTACTTCCC-1_2_2"
"1827","GTGAGTTGTCCTTAAG-1_2_2"
"1828","GTGATGTCAGATCCAT-1_2_2"
"1829","GTGATGTGTACCCGAC-1_2_2"
"1830","GTGATGTTCATCAGTG-1_2_2"
"1831","GTGATGTTCGTCAAAC-1_2_2"
"1832","GTGCACGCACAGTCCG-1_2_2"
"1833","GTGCACGCATAAGCGG-1_2_2"
"1834","GTGCACGGTTCCCAAA-1_2_2"
"1835","GTGCGTGGTTCGATTG-1_2_2"
"1836","GTGCTGGCACTCCCTA-1_2_2"
"1837","GTGCTTCAGTCCCGGT-1_2_2"
"1838","GTGGAAGAGTATTAGG-1_2_2"
"1839","GTGGAAGCATTATGCG-1_2_2"
"1840","GTGGAGAGTTCGCGTG-1_2_2"
"1841","GTGGCGTCACGCACCA-1_2_2"
"1842","GTGGCGTCAGAGGGTT-1_2_2"
"1843","GTGGCGTCAGTTAGAA-1_2_2"
"1844","GTGGGAACAATTCTTC-1_2_2"
"1845","GTGGGAACAATTGCGT-1_2_2"
"1846","GTGGGAATCGTGCGAC-1_2_2"
"1847","GTGGTTACAGTTACCA-1_2_2"
"1848","GTGGTTACATTGACAC-1_2_2"
"1849","GTGGTTAGTTATAGCC-1_2_2"
"1850","GTGGTTATCATTGCGA-1_2_2"
"1851","GTGGTTATCTTCGGAA-1_2_2"
"1852","GTGTAACAGACATGCG-1_2_2"
"1853","GTGTAACGTAGAAACT-1_2_2"
"1854","GTGTCCTAGCGATGAC-1_2_2"
"1855","GTGTCCTCAGGCTATT-1_2_2"
"1856","GTGTGATAGGCGCTTC-1_2_2"
"1857","GTGTGATCAGGTGTTT-1_2_2"
"1858","GTGTGATGTACCACGC-1_2_2"
"1859","GTGTGGCAGGAGTCTG-1_2_2"
"1860","GTGTGGCCAACGATCT-1_2_2"
"1861","GTGTGGCCAAGCTGCC-1_2_2"
"1862","GTGTGGCCATCTCGTC-1_2_2"
"1863","GTGTGGCTCAATCCAG-1_2_2"
"1864","GTGTGGCTCATTCCTA-1_2_2"
"1865","GTGTGGCTCTGCACCT-1_2_2"
"1866","GTTACAGCAAAGCACG-1_2_2"
"1867","GTTACAGCAGTCTCTC-1_2_2"
"1868","GTTACAGTCGTAGGAG-1_2_2"
"1869","GTTACAGTCTAGTACG-1_2_2"
"1870","GTTACCCAGAGGTCGT-1_2_2"
"1871","GTTACCCGTTAGCTAC-1_2_2"
"1872","GTTACCCTCGTAGCTA-1_2_2"
"1873","GTTACCCTCTGACGCG-1_2_2"
"1874","GTTACGACACAACATC-1_2_2"
"1875","GTTAGACAGATGAAGG-1_2_2"
"1876","GTTAGACAGCAGGCTA-1_2_2"
"1877","GTTAGACGTCGTGGTC-1_2_2"
"1878","GTTAGACTCCTAGCTC-1_2_2"
"1879","GTTAGTGAGCGCCGTT-1_2_2"
"1880","GTTAGTGCATCCTAAG-1_2_2"
"1881","GTTCATTCATGAAGGC-1_2_2"
"1882","GTTCATTGTTGACTGT-1_2_2"
"1883","GTTCATTGTTGCTCCT-1_2_2"
"1884","GTTCATTTCCACCCTA-1_2_2"
"1885","GTTCCGTGTCCATCTC-1_2_2"
"1886","GTTCCGTTCGATCCCT-1_2_2"
"1887","GTTCGCTTCCGCGATG-1_2_2"
"1888","GTTCTATTCGCCATAA-1_2_2"
"1889","GTTGAACCAATTCTCT-1_2_2"
"1890","GTTGAACCATAATGCC-1_2_2"
"1891","GTTGAACGTAGCGAGT-1_2_2"
"1892","GTTGAACTCCGCACTT-1_2_2"
"1893","GTTGCGGAGTCACTCA-1_2_2"
"1894","GTTGCGGCATGGATCT-1_2_2"
"1895","GTTGCGGGTGGCTGCT-1_2_2"
"1896","GTTGCGGTCACCGCTT-1_2_2"
"1897","GTTGCTCGTAGAATGT-1_2_2"
"1898","GTTGTAGAGCATCTTG-1_2_2"
"1899","GTTGTAGCACCGTGCA-1_2_2"
"1900","GTTGTCCAGAAGAGCA-1_2_2"
"1901","GTTGTCCAGGAGTATT-1_2_2"
"1902","GTTGTCCTCCTTTGAT-1_2_2"
"1903","GTTGTGAAGGGTAGCT-1_2_2"
"1904","GTTGTGAGTAGACACG-1_2_2"
"1905","GTTTACTCAAGATGTA-1_2_2"
"1906","GTTTACTTCCGCAACG-1_2_2"
"1907","TAACACGAGTAAGCAT-1_2_2"
"1908","TAACCAGCAGCAATTC-1_2_2"
"1909","TAACCAGGTGCGTCGT-1_2_2"
"1910","TAACCAGTCCTCTGCA-1_2_2"
"1911","TAACGACCACTGGATT-1_2_2"
"1912","TAACTTCAGCCGATAG-1_2_2"
"1913","TAACTTCCAAGACGAC-1_2_2"
"1914","TAACTTCGTCTTGTCC-1_2_2"
"1915","TAACTTCGTGCAATAA-1_2_2"
"1916","TAAGCACAGCTGACAG-1_2_2"
"1917","TAAGCACAGGAAGTGA-1_2_2"
"1918","TAAGCACCACGACTAT-1_2_2"
"1919","TAAGCACGTGACCGTC-1_2_2"
"1920","TAAGCACTCTGCTTAT-1_2_2"
"1921","TAAGCCAAGAAACCAT-1_2_2"
"1922","TAAGCCAGTGGCAGAT-1_2_2"
"1923","TAAGCCATCGCTCCTA-1_2_2"
"1924","TAAGCGTAGGAAACGA-1_2_2"
"1925","TAAGCGTGTATAATGG-1_2_2"
"1926","TAAGTCGAGCCAAGTG-1_2_2"
"1927","TAAGTCGCACTAACGT-1_2_2"
"1928","TAAGTCGCATCCGATA-1_2_2"
"1929","TAAGTCGGTGCGGCTT-1_2_2"
"1930","TAAGTCGTCGAGGCAA-1_2_2"
"1931","TAATCTCCACAAAGTA-1_2_2"
"1932","TAATCTCTCCCAAGTA-1_2_2"
"1933","TAATCTCTCGTCCTTG-1_2_2"
"1934","TAATCTCTCTTGGCTC-1_2_2"
"1935","TAATTCCAGACATCCT-1_2_2"
"1936","TAATTCCAGGATCATA-1_2_2"
"1937","TAATTCCCAAATGCTC-1_2_2"
"1938","TAATTCCCATCATTTC-1_2_2"
"1939","TAATTCCTCTCGTGGG-1_2_2"
"1940","TACAACGCACTCACTC-1_2_2"
"1941","TACAACGTCGTCAACA-1_2_2"
"1942","TACACCCGTTGATGTC-1_2_2"
"1943","TACACCCTCGAAGGAC-1_2_2"
"1944","TACAGGTCAAATGCTC-1_2_2"
"1945","TACAGGTCAACACGTT-1_2_2"
"1946","TACAGGTTCGTAGCTA-1_2_2"
"1947","TACAGGTTCTCCAATT-1_2_2"
"1948","TACATTCAGTAACGAT-1_2_2"
"1949","TACATTCCAATTCGTG-1_2_2"
"1950","TACATTCTCTGGCCGA-1_2_2"
"1951","TACCCACAGGTTGCCC-1_2_2"
"1952","TACCCACCAACACGTT-1_2_2"
"1953","TACCCACCATCGATAC-1_2_2"
"1954","TACCCGTCACCTTCGT-1_2_2"
"1955","TACCGAAAGGGATCTG-1_2_2"
"1956","TACCGAACAACACGAG-1_2_2"
"1957","TACCGAACACAGCGCT-1_2_2"
"1958","TACCGAACACCCTTGT-1_2_2"
"1959","TACCGGGCAAATGATG-1_2_2"
"1960","TACCGGGCATTCCTAT-1_2_2"
"1961","TACCGGGGTCTGTCAA-1_2_2"
"1962","TACCTCGGTACGAGTG-1_2_2"
"1963","TACCTCGTCTTCGCTG-1_2_2"
"1964","TACCTGCCACTGTGTA-1_2_2"
"1965","TACCTGCGTAGAATGT-1_2_2"
"1966","TACCTGCTCAAACTGC-1_2_2"
"1967","TACGCTCCATAATGCC-1_2_2"
"1968","TACGCTCCATCGCTGG-1_2_2"
"1969","TACGCTCTCGAGAATA-1_2_2"
"1970","TACGGGCCAATACAGA-1_2_2"
"1971","TACGGGCCATCGCTCT-1_2_2"
"1972","TACGGGCTCTCCGTGT-1_2_2"
"1973","TACGGTACACCAGCCA-1_2_2"
"1974","TACGGTATCCTAAGTG-1_2_2"
"1975","TACGTCCGTCCGGACT-1_2_2"
"1976","TACGTCCTCGCATTAG-1_2_2"
"1977","TACTGCCCAATTCACG-1_2_2"
"1978","TACTTACCACGCAAAG-1_2_2"
"1979","TACTTACGTCTACAGT-1_2_2"
"1980","TACTTACTCCTTGAAG-1_2_2"
"1981","TACTTCAAGCCACTCG-1_2_2"
"1982","TACTTCATCCGTATAG-1_2_2"
"1983","TACTTGTAGCACTAAA-1_2_2"
"1984","TACTTGTAGCCGTTAT-1_2_2"
"1985","TACTTGTCAATCACGT-1_2_2"
"1986","TACTTGTTCTCTCAAT-1_2_2"
"1987","TAGACCAGTGCCCTTT-1_2_2"
"1988","TAGACCAGTTTACTTC-1_2_2"
"1989","TAGACCATCTCTAGGA-1_2_2"
"1990","TAGACTGCACCTGCGA-1_2_2"
"1991","TAGAGTCGTGGCCCAT-1_2_2"
"1992","TAGAGTCTCGCAATGT-1_2_2"
"1993","TAGATCGAGATGCTAA-1_2_2"
"1994","TAGATCGAGTTTGGCT-1_2_2"
"1995","TAGATCGCACGTACTA-1_2_2"
"1996","TAGATCGCATTCTCTA-1_2_2"
"1997","TAGATCGGTGCGGATA-1_2_2"
"1998","TAGATCGTCAATCTTC-1_2_2"
"1999","TAGCACAGTTTCGTTT-1_2_2"
"2000","TAGGGTTAGTTACTCG-1_2_2"
"2001","TAGGGTTAGTTGGAGC-1_2_2"
"2002","TAGGTACGTCCTGTCT-1_2_2"
"2003","TAGGTACGTTGACTGT-1_2_2"
"2004","TAGGTTGAGGGATGTC-1_2_2"
"2005","TAGGTTGCAGTAGTGG-1_2_2"
"2006","TAGTGCACAATTGGTC-1_2_2"
"2007","TAGTGCACATACAGCT-1_2_2"
"2008","TAGTGCATCGCCGATG-1_2_2"
"2009","TATACCTGTAGGACTG-1_2_2"
"2010","TATACCTTCCGTCCTA-1_2_2"
"2011","TATACCTTCGCTAATG-1_2_2"
"2012","TATATCCCAGAGGGTT-1_2_2"
"2013","TATATCCCAGGGAATC-1_2_2"
"2014","TATATCCGTGATATAG-1_2_2"
"2015","TATATCCTCGTAACTG-1_2_2"
"2016","TATCAGGGTAGTCTTG-1_2_2"
"2017","TATCAGGGTCCGAAGA-1_2_2"
"2018","TATCAGGGTGACAGGT-1_2_2"
"2019","TATCCTAAGAGTACCG-1_2_2"
"2020","TATCCTACATCCGTGG-1_2_2"
"2021","TATCCTAGTGATACTC-1_2_2"
"2022","TATCGCCAGCGTATGG-1_2_2"
"2023","TATCGCCAGCTAGAAT-1_2_2"
"2024","TATCGCCCACAGCGCT-1_2_2"
"2025","TATCGCCCACCTGATA-1_2_2"
"2026","TATCGCCTCATCTACT-1_2_2"
"2027","TATCGCCTCCCTTGTG-1_2_2"
"2028","TATGTTCAGATGACCG-1_2_2"
"2029","TATGTTCCACACACGC-1_2_2"
"2030","TATTCCAAGAATTGTG-1_2_2"
"2031","TATTGCTAGATCCAAA-1_2_2"
"2032","TATTGCTCACATGGTT-1_2_2"
"2033","TATTGCTTCAATCCGA-1_2_2"
"2034","TATTGCTTCCTCTAGC-1_2_2"
"2035","TATTGGGCAGCTTTCC-1_2_2"
"2036","TATTTCGCAGCTGTCG-1_2_2"
"2037","TCAAGACGTAGTCTGT-1_2_2"
"2038","TCAAGACGTTAGAAGT-1_2_2"
"2039","TCAAGACTCATCGCCT-1_2_2"
"2040","TCAAGACTCCGATAAC-1_2_2"
"2041","TCAAGCAAGGTGGCTA-1_2_2"
"2042","TCAAGCACAAATGCGG-1_2_2"
"2043","TCAAGCATCAAGGCTT-1_2_2"
"2044","TCAAGTGTCCGTCCTA-1_2_2"
"2045","TCAAGTGTCTAGGCAT-1_2_2"
"2046","TCAATCTGTAGGTACG-1_2_2"
"2047","TCAATTCGTAGCTGAG-1_2_2"
"2048","TCAATTCTCTAGCCTC-1_2_2"
"2049","TCACAAGTCTACGCGG-1_2_2"
"2050","TCACACCAGAACTTCC-1_2_2"
"2051","TCACACCAGTCGAAGC-1_2_2"
"2052","TCACACCCACCTGATA-1_2_2"
"2053","TCACACCTCACAACCA-1_2_2"
"2054","TCACACCTCAGCCCAG-1_2_2"
"2055","TCACATTCACCTAAAC-1_2_2"
"2056","TCACATTGTCGTAATC-1_2_2"
"2057","TCACATTTCGACGCTG-1_2_2"
"2058","TCACGCTCATCCTATT-1_2_2"
"2059","TCACGCTTCCTGCCAT-1_2_2"
"2060","TCACGGGCACCTATCC-1_2_2"
"2061","TCACGGGCACGTATAC-1_2_2"
"2062","TCACTATCACTCGATA-1_2_2"
"2063","TCACTCGGTCGTAATC-1_2_2"
"2064","TCACTCGTCCTACGAA-1_2_2"
"2065","TCACTCGTCGGTTCAA-1_2_2"
"2066","TCAGCAAAGTGAGTTA-1_2_2"
"2067","TCAGCCTAGAGGTTTA-1_2_2"
"2068","TCAGCCTAGCTCCCTT-1_2_2"
"2069","TCAGCCTCAGCCCACA-1_2_2"
"2070","TCAGCCTCATAGTCAC-1_2_2"
"2071","TCAGCCTTCGACCACG-1_2_2"
"2072","TCAGCCTTCTCCAAGA-1_2_2"
"2073","TCAGCCTTCTGCTTTA-1_2_2"
"2074","TCAGGTACAAATGGAT-1_2_2"
"2075","TCAGGTAGTCCAGAAG-1_2_2"
"2076","TCAGTCCCAGATTAAG-1_2_2"
"2077","TCAGTCCGTAGATGTA-1_2_2"
"2078","TCAGTCCTCAAGGACG-1_2_2"
"2079","TCAGTGATCAGAGCGA-1_2_2"
"2080","TCAGTTTAGAGGCGTT-1_2_2"
"2081","TCAGTTTAGCAATAGT-1_2_2"
"2082","TCAGTTTAGTAGGAAG-1_2_2"
"2083","TCAGTTTCAGTATGAA-1_2_2"
"2084","TCAGTTTGTAGGACCA-1_2_2"
"2085","TCAGTTTTCACAATGC-1_2_2"
"2086","TCAGTTTTCCATCACC-1_2_2"
"2087","TCATATCCAACCGATT-1_2_2"
"2088","TCATATCCAGATACCT-1_2_2"
"2089","TCATATCCATGGGATG-1_2_2"
"2090","TCATATCGTTGGAGAC-1_2_2"
"2091","TCATATCGTTTGAACC-1_2_2"
"2092","TCATATCTCCGTGCGA-1_2_2"
"2093","TCATCATAGATTGAGT-1_2_2"
"2094","TCATCATTCCATCGTC-1_2_2"
"2095","TCATCCGCAGGACTTT-1_2_2"
"2096","TCATCCGCATACCGTA-1_2_2"
"2097","TCATCCGGTCAGGTGA-1_2_2"
"2098","TCATCCGGTGGCTTAT-1_2_2"
"2099","TCATCCGGTTACCCTC-1_2_2"
"2100","TCATGAGCAGAGGCAT-1_2_2"
"2101","TCATGAGTCGAGAAAT-1_2_2"
"2102","TCATGCCCACGCCAGT-1_2_2"
"2103","TCATGCCGTTGGGAAC-1_2_2"
"2104","TCATGGAGTCAAGGCA-1_2_2"
"2105","TCATGGATCCGTCACT-1_2_2"
"2106","TCATGTTAGCCACAAG-1_2_2"
"2107","TCATGTTAGCGCTTCG-1_2_2"
"2108","TCATGTTGTTGGAGGT-1_2_2"
"2109","TCATGTTTCCGTGCGA-1_2_2"
"2110","TCATGTTTCGCACTCT-1_2_2"
"2111","TCATTACGTTTCGTGA-1_2_2"
"2112","TCATTACTCTATTGTC-1_2_2"
"2113","TCATTCACAACTGGTT-1_2_2"
"2114","TCATTGTCATCGCTAA-1_2_2"
"2115","TCATTGTCATTGAGCT-1_2_2"
"2116","TCATTGTGTGTTGCCG-1_2_2"
"2117","TCATTGTTCACAGTGT-1_2_2"
"2118","TCATTGTTCGTTCCCA-1_2_2"
"2119","TCATTTGAGGTTCATC-1_2_2"
"2120","TCCACCAGTATGTGTC-1_2_2"
"2121","TCCACCAGTGTGTACT-1_2_2"
"2122","TCCAGAAAGAACTGAT-1_2_2"
"2123","TCCAGAATCATTCCTA-1_2_2"
"2124","TCCAGAATCTCAACCC-1_2_2"
"2125","TCCATCGAGCGCCATC-1_2_2"
"2126","TCCATCGCACCAGTTA-1_2_2"
"2127","TCCATCGGTTCGGACC-1_2_2"
"2128","TCCATCGTCCTACTGC-1_2_2"
"2129","TCCATCGTCGCTAATG-1_2_2"
"2130","TCCATGCCATTCCTAT-1_2_2"
"2131","TCCATGCTCCGAGCTG-1_2_2"
"2132","TCCCACAAGACGCAGT-1_2_2"
"2133","TCCCACATCAGGGTAG-1_2_2"
"2134","TCCCAGTCAACCAGAG-1_2_2"
"2135","TCCCAGTGTAATTAGG-1_2_2"
"2136","TCCCAGTTCAGACATC-1_2_2"
"2137","TCCCATGAGGTCATTC-1_2_2"
"2138","TCCCATGAGTTAACAG-1_2_2"
"2139","TCCCATGGTAACGCGA-1_2_2"
"2140","TCCCATGGTGGCTACC-1_2_2"
"2141","TCCCATGTCACCTTGC-1_2_2"
"2142","TCCGAAACAAGTGACG-1_2_2"
"2143","TCCGGGAAGCCATATC-1_2_2"
"2144","TCCGGGATCGATCCAA-1_2_2"
"2145","TCCGTGTCAACCAATC-1_2_2"
"2146","TCCGTGTCAGTCGGTC-1_2_2"
"2147","TCCGTGTCATCCCACT-1_2_2"
"2148","TCCGTGTGTACGGTTT-1_2_2"
"2149","TCCTAATAGGTTATAG-1_2_2"
"2150","TCCTAATCATCTATCT-1_2_2"
"2151","TCCTAATGTCGGCTAC-1_2_2"
"2152","TCCTAATTCATGACAC-1_2_2"
"2153","TCCTCCCTCTTCCTAA-1_2_2"
"2154","TCCTCCCTCTTCTTCC-1_2_2"
"2155","TCCTCGACATACCGTA-1_2_2"
"2156","TCCTCGAGTAAGCGGT-1_2_2"
"2157","TCCTCGATCATCACCC-1_2_2"
"2158","TCCTCGATCTGGGAGA-1_2_2"
"2159","TCCTCTTCAAGATGGC-1_2_2"
"2160","TCCTCTTGTCTAACGT-1_2_2"
"2161","TCCTCTTGTTGTCATG-1_2_2"
"2162","TCCTGCAAGACCACGA-1_2_2"
"2163","TCCTGCAAGCGTGAAC-1_2_2"
"2164","TCCTGCAAGGCATGCA-1_2_2"
"2165","TCCTGCACAGTAGAAT-1_2_2"
"2166","TCCTGCATCCACCCTA-1_2_2"
"2167","TCCTTCTCATGTACGT-1_2_2"
"2168","TCCTTTCAGAAACTAC-1_2_2"
"2169","TCCTTTCAGCTGCGAA-1_2_2"
"2170","TCCTTTCTCATTGTTC-1_2_2"
"2171","TCGAACAAGTCACGCC-1_2_2"
"2172","TCGAACACAGGACATG-1_2_2"
"2173","TCGAACATCCGCGGAT-1_2_2"
"2174","TCGAACATCGGCAGTC-1_2_2"
"2175","TCGAAGTAGCTCAGAG-1_2_2"
"2176","TCGAAGTCAACATCGT-1_2_2"
"2177","TCGAAGTCACAGGATG-1_2_2"
"2178","TCGAAGTCATCATGAC-1_2_2"
"2179","TCGAAGTGTACGAGCA-1_2_2"
"2180","TCGACCTCAAATTAGG-1_2_2"
"2181","TCGACCTGTCACTAGT-1_2_2"
"2182","TCGACCTGTTCGTAAC-1_2_2"
"2183","TCGACGGCAAGCACAG-1_2_2"
"2184","TCGACGGCACCTGAAT-1_2_2"
"2185","TCGACGGCACTCTCGT-1_2_2"
"2186","TCGACGGCAGACCAGA-1_2_2"
"2187","TCGACGGTCAGAGTTC-1_2_2"
"2188","TCGATTTCAGGGACTA-1_2_2"
"2189","TCGATTTCATCTGCGG-1_2_2"
"2190","TCGATTTGTCCTTTGC-1_2_2"
"2191","TCGCACTCACGCAGTC-1_2_2"
"2192","TCGCACTGTGTACATC-1_2_2"
"2193","TCGCACTTCAGTGTGT-1_2_2"
"2194","TCGCACTTCCTGGGAC-1_2_2"
"2195","TCGCAGGGTGAGAACC-1_2_2"
"2196","TCGCAGGTCGTCTAAG-1_2_2"
"2197","TCGCTCAAGCAACAGC-1_2_2"
"2198","TCGCTCAAGCCTCTTC-1_2_2"
"2199","TCGCTCAAGGGTGAAA-1_2_2"
"2200","TCGCTCACAAAGCGTG-1_2_2"
"2201","TCGCTCACATTCACAG-1_2_2"
"2202","TCGCTCACATTCAGCA-1_2_2"
"2203","TCGCTTGAGACTCGAG-1_2_2"
"2204","TCGCTTGAGCGACCCT-1_2_2"
"2205","TCGCTTGCATGGGTTT-1_2_2"
"2206","TCGGATAAGAAGGCTC-1_2_2"
"2207","TCGGATAGTCATATGC-1_2_2"
"2208","TCGGATATCCTTCGAC-1_2_2"
"2209","TCGGGACAGAGTCGAC-1_2_2"
"2210","TCGGGACAGGCCCACT-1_2_2"
"2211","TCGGGCAAGTGAGCCA-1_2_2"
"2212","TCGGTCTGTCGGTACC-1_2_2"
"2213","TCGTAGAAGGACCCAA-1_2_2"
"2214","TCGTAGAGTGCGACAA-1_2_2"
"2215","TCGTAGAGTTATGTCG-1_2_2"
"2216","TCGTAGATCAGCGGAA-1_2_2"
"2217","TCGTAGATCTAGCAAC-1_2_2"
"2218","TCGTAGATCTTAGCTT-1_2_2"
"2219","TCGTCCAAGACATATG-1_2_2"
"2220","TCGTCCACACAAATGA-1_2_2"
"2221","TCGTCCAGTCCGAAAG-1_2_2"
"2222","TCGTGCTCAGACCATT-1_2_2"
"2223","TCGTGCTTCCCAGCGA-1_2_2"
"2224","TCGTGCTTCGATTGAC-1_2_2"
"2225","TCTAACTCACAACGCC-1_2_2"
"2226","TCTAACTGTCCAGCGT-1_2_2"
"2227","TCTAACTGTGCTCTCT-1_2_2"
"2228","TCTAACTTCGAACCAT-1_2_2"
"2229","TCTACATCAGGAATAT-1_2_2"
"2230","TCTACATTCGGACTTA-1_2_2"
"2231","TCTACATTCGGCTATA-1_2_2"
"2232","TCTACCGAGAGGTTTA-1_2_2"
"2233","TCTACCGAGATAGGGA-1_2_2"
"2234","TCTACCGAGTGGTGGT-1_2_2"
"2235","TCTACCGGTAAGATTG-1_2_2"
"2236","TCTATACGTAAGCTCT-1_2_2"
"2237","TCTATACGTCCTTGTC-1_2_2"
"2238","TCTATACTCAGGAAAT-1_2_2"
"2239","TCTATCACAGAGTTGG-1_2_2"
"2240","TCTCACGGTAGGTTTC-1_2_2"
"2241","TCTCAGCAGATCCTAC-1_2_2"
"2242","TCTCAGCAGCGATGCA-1_2_2"
"2243","TCTCAGCGTTCCTACC-1_2_2"
"2244","TCTCAGCTCTAGTACG-1_2_2"
"2245","TCTCCGACACTGTCGG-1_2_2"
"2246","TCTCCGACAGTCACGC-1_2_2"
"2247","TCTCCGAGTATGGTAA-1_2_2"
"2248","TCTCCGAGTCAATGGG-1_2_2"
"2249","TCTCCGATCATTCCTA-1_2_2"
"2250","TCTCTGGAGTGCAACG-1_2_2"
"2251","TCTGCCACAACGACTT-1_2_2"
"2252","TCTGCCATCCTGTAGA-1_2_2"
"2253","TCTGCCATCGCTAGCG-1_2_2"
"2254","TCTGGCTAGGTTAAAC-1_2_2"
"2255","TCTGTCGCAATGTGGG-1_2_2"
"2256","TCTGTCGGTGTCCATA-1_2_2"
"2257","TCTGTCGGTTCCGCTT-1_2_2"
"2258","TCTGTCGTCCAATGCA-1_2_2"
"2259","TCTTAGTAGTGGCAGT-1_2_2"
"2260","TCTTAGTCATTCACAG-1_2_2"
"2261","TCTTAGTGTACTCGCG-1_2_2"
"2262","TCTTAGTGTGATCATC-1_2_2"
"2263","TCTTAGTTCATTGCGA-1_2_2"
"2264","TCTTAGTTCGAGATGG-1_2_2"
"2265","TCTTCCTGTATGGTTC-1_2_2"
"2266","TCTTCCTTCCCTTTGG-1_2_2"
"2267","TCTTCCTTCGGCTGAC-1_2_2"
"2268","TCTTCCTTCTTAAGGC-1_2_2"
"2269","TCTTGCGAGTTAGAAC-1_2_2"
"2270","TCTTTGACACCCTAGG-1_2_2"
"2271","TGAACGTAGGCACCAA-1_2_2"
"2272","TGAACGTAGGCGCTTC-1_2_2"
"2273","TGAACGTTCGATACTG-1_2_2"
"2274","TGAATCGGTTAAGTCC-1_2_2"
"2275","TGAATCGGTTTGATCG-1_2_2"
"2276","TGAATCGTCTCTGACC-1_2_2"
"2277","TGAATGCCAGTTAGGG-1_2_2"
"2278","TGAATGCGTATTGACC-1_2_2"
"2279","TGACAGTCACTTCTCG-1_2_2"
"2280","TGACCCTTCGCATTGA-1_2_2"
"2281","TGACGCGCAAGGTCTT-1_2_2"
"2282","TGACGCGCATATGAAG-1_2_2"
"2283","TGACGCGTCTGTCCCA-1_2_2"
"2284","TGACTCCAGCAGTCTT-1_2_2"
"2285","TGACTCCAGCCAAGGT-1_2_2"
"2286","TGACTCCCAGTAACCT-1_2_2"
"2287","TGACTCCTCAGTGATC-1_2_2"
"2288","TGAGACTTCGAGTACT-1_2_2"
"2289","TGAGCATAGGATAATC-1_2_2"
"2290","TGAGCATAGTCTGCGC-1_2_2"
"2291","TGAGCATCAGTTTCGA-1_2_2"
"2292","TGAGCATGTATGAAGT-1_2_2"
"2293","TGAGCATGTATTCTCT-1_2_2"
"2294","TGAGCGCAGTAAACTG-1_2_2"
"2295","TGAGCGCGTCAGGTGA-1_2_2"
"2296","TGAGCGCTCACGGGCT-1_2_2"
"2297","TGAGGAGAGAGCAGAA-1_2_2"
"2298","TGAGGAGAGCATCAGG-1_2_2"
"2299","TGAGGGATCGTGCATA-1_2_2"
"2300","TGAGGTTAGAACCGCA-1_2_2"
"2301","TGAGGTTCAGTCGGAA-1_2_2"
"2302","TGAGGTTGTTATAGCC-1_2_2"
"2303","TGAGGTTTCCGGGACT-1_2_2"
"2304","TGAGGTTTCGGCATAT-1_2_2"
"2305","TGAGTCACATCCCGTT-1_2_2"
"2306","TGATCAGAGACAACTA-1_2_2"
"2307","TGATCAGCAGGAAGTC-1_2_2"
"2308","TGATCTTAGGTAAGGA-1_2_2"
"2309","TGATCTTGTTGAGAGC-1_2_2"
"2310","TGATCTTGTTTCGATG-1_2_2"
"2311","TGATCTTTCGTGGACC-1_2_2"
"2312","TGATGCAAGTTACGTC-1_2_2"
"2313","TGATGGTAGGCTGTAG-1_2_2"
"2314","TGATGGTGTTGCATTG-1_2_2"
"2315","TGATTCTCATAGCACT-1_2_2"
"2316","TGATTCTTCCTACACC-1_2_2"
"2317","TGATTTCAGGATACAT-1_2_2"
"2318","TGATTTCTCGGAGCAA-1_2_2"
"2319","TGCACGGCACATAACC-1_2_2"
"2320","TGCAGATAGGGCTAAC-1_2_2"
"2321","TGCAGATCACGGTCTG-1_2_2"
"2322","TGCAGATCAGATAAAC-1_2_2"
"2323","TGCAGATGTATCGTAC-1_2_2"
"2324","TGCAGATGTGCCTACG-1_2_2"
"2325","TGCAGATGTTTGGCTA-1_2_2"
"2326","TGCAGATTCACTCGAA-1_2_2"
"2327","TGCAGGCCATAAGCGG-1_2_2"
"2328","TGCAGGCCATCGTCCT-1_2_2"
"2329","TGCAGGCGTGCTTCAA-1_2_2"
"2330","TGCAGGCGTTAAGACA-1_2_2"
"2331","TGCAGTACAGAACTCT-1_2_2"
"2332","TGCAGTATCCGGTAGC-1_2_2"
"2333","TGCATCCAGGACTTCT-1_2_2"
"2334","TGCATCCAGGCATCAG-1_2_2"
"2335","TGCATCCGTAGGTTTC-1_2_2"
"2336","TGCATCCTCTGCATGA-1_2_2"
"2337","TGCATGACAATAGTGA-1_2_2"
"2338","TGCCGAGCACAACCGC-1_2_2"
"2339","TGCCGAGGTACGCTTA-1_2_2"
"2340","TGCCGAGGTCAGGCAA-1_2_2"
"2341","TGCGACGAGAACTCCT-1_2_2"
"2342","TGCGACGCAATGACCT-1_2_2"
"2343","TGCGACGCACAACGAG-1_2_2"
"2344","TGCGATAAGACGCCCT-1_2_2"
"2345","TGCGATAAGTAATTGG-1_2_2"
"2346","TGCGATACAATTAGGA-1_2_2"
"2347","TGCGATATCAGAACCT-1_2_2"
"2348","TGCGATATCCCTGGTT-1_2_2"
"2349","TGCGATATCCGTGCGA-1_2_2"
"2350","TGCGATATCCTACTGC-1_2_2"
"2351","TGCGGCAGTCGAATTC-1_2_2"
"2352","TGCGGGTGTCACCACG-1_2_2"
"2353","TGCGGGTGTTGGGACA-1_2_2"
"2354","TGCGGGTTCGGCATTA-1_2_2"
"2355","TGCTCCAAGGTACAAT-1_2_2"
"2356","TGCTCCAGTTTGGGAG-1_2_2"
"2357","TGCTCGTAGCCTCAAT-1_2_2"
"2358","TGCTCGTGTGAGCTCC-1_2_2"
"2359","TGCTGAAAGGAAGTGA-1_2_2"
"2360","TGCTGAAGTCGCATCG-1_2_2"
"2361","TGCTGAAGTGATACCT-1_2_2"
"2362","TGCTTCGCAAGTGGTG-1_2_2"
"2363","TGCTTCGCATATCGGT-1_2_2"
"2364","TGCTTCGGTGATGGCA-1_2_2"
"2365","TGCTTCGGTTACGCCG-1_2_2"
"2366","TGCTTCGTCGGTGCAC-1_2_2"
"2367","TGCTTCGTCTCCTGCA-1_2_2"
"2368","TGCTTGCCAGAGTTCT-1_2_2"
"2369","TGCTTGCCAGTAGTGG-1_2_2"
"2370","TGCTTGCTCCACCTCA-1_2_2"
"2371","TGCTTGCTCGAGCCTG-1_2_2"
"2372","TGGAGAGAGTGCAGCA-1_2_2"
"2373","TGGAGAGCACTATCCC-1_2_2"
"2374","TGGAGAGTCTCTCTAA-1_2_2"
"2375","TGGAGGAAGTCAGAGC-1_2_2"
"2376","TGGATCAAGGCCTGCT-1_2_2"
"2377","TGGATCAAGGTTTGAA-1_2_2"
"2378","TGGATCACAGAATGTA-1_2_2"
"2379","TGGATCATCATTACGG-1_2_2"
"2380","TGGATCATCCCGATCT-1_2_2"
"2381","TGGATCATCTTCCACG-1_2_2"
"2382","TGGATGTTCTATACTC-1_2_2"
"2383","TGGCGTGAGACATCAA-1_2_2"
"2384","TGGCGTGGTCCCTGAG-1_2_2"
"2385","TGGGAAGGTAACGGTG-1_2_2"
"2386","TGGGAAGTCCACGGGT-1_2_2"
"2387","TGGGATTAGTAACCTC-1_2_2"
"2388","TGGGATTCATAATGCC-1_2_2"
"2389","TGGGCGTAGAGTTGCG-1_2_2"
"2390","TGGGCGTAGCTCATAC-1_2_2"
"2391","TGGGCGTAGTCACGCC-1_2_2"
"2392","TGGGCGTGTCGGTAAG-1_2_2"
"2393","TGGGCTGAGAGTACCG-1_2_2"
"2394","TGGGCTGAGCGTGCCT-1_2_2"
"2395","TGGGCTGAGTAATACG-1_2_2"
"2396","TGGGCTGCATCGAACT-1_2_2"
"2397","TGGTACAAGCCAACCC-1_2_2"
"2398","TGGTACAAGTTAGAAC-1_2_2"
"2399","TGGTACACATCGCTCT-1_2_2"
"2400","TGGTACATCATGCCGG-1_2_2"
"2401","TGGTACATCGCCCAGA-1_2_2"
"2402","TGGTAGTAGACTAGAT-1_2_2"
"2403","TGGTAGTAGTACGAGC-1_2_2"
"2404","TGGTAGTCAGCGGATA-1_2_2"
"2405","TGGTAGTCAGGTCTCG-1_2_2"
"2406","TGGTGATAGTAGACCG-1_2_2"
"2407","TGGTGATCACAAGCCC-1_2_2"
"2408","TGGTGATTCGAGAGAC-1_2_2"
"2409","TGGTTAGAGAGTCCGA-1_2_2"
"2410","TGGTTAGGTAGGTGCA-1_2_2"
"2411","TGGTTAGGTCGATTTG-1_2_2"
"2412","TGGTTAGTCTGGGCCA-1_2_2"
"2413","TGTAACGAGTCGCTAT-1_2_2"
"2414","TGTAACGCACTAGAGG-1_2_2"
"2415","TGTAAGCTCTGGCCTT-1_2_2"
"2416","TGTACAGCACTACGGC-1_2_2"
"2417","TGTAGACAGACCCTTA-1_2_2"
"2418","TGTAGACCAGTCGTTA-1_2_2"
"2419","TGTCAGAGTAACGATA-1_2_2"
"2420","TGTCAGAGTAATGTGA-1_2_2"
"2421","TGTCAGAGTACCCGCA-1_2_2"
"2422","TGTCCACGTCGACGCT-1_2_2"
"2423","TGTCCACGTGGCTGCT-1_2_2"
"2424","TGTCCACTCAACTGGT-1_2_2"
"2425","TGTCCACTCGGTCAGC-1_2_2"
"2426","TGTCCACTCTCCACTG-1_2_2"
"2427","TGTCCCATCATGCCGG-1_2_2"
"2428","TGTCCTGAGCCTCTGG-1_2_2"
"2429","TGTGAGTAGTGCACTT-1_2_2"
"2430","TGTGAGTAGTGTAGAT-1_2_2"
"2431","TGTGAGTCAGGTTCGC-1_2_2"
"2432","TGTGAGTCATAGAGGC-1_2_2"
"2433","TGTGAGTGTCGTGGTC-1_2_2"
"2434","TGTGAGTGTTGCTGAT-1_2_2"
"2435","TGTGATGAGAAGTGTT-1_2_2"
"2436","TGTGATGTCTAGTGAC-1_2_2"
"2437","TGTGCGGAGCGGTATG-1_2_2"
"2438","TGTGCGGCAGGACTTT-1_2_2"
"2439","TGTGCGGGTACCTATG-1_2_2"
"2440","TGTGCGGGTTCATCTT-1_2_2"
"2441","TGTGCGGTCGGAGCAA-1_2_2"
"2442","TGTGGCGAGGAAGTAG-1_2_2"
"2443","TGTGGCGAGTCTAACC-1_2_2"
"2444","TGTGGCGCAAATTGCC-1_2_2"
"2445","TGTGGCGCACACCTAA-1_2_2"
"2446","TGTGTGAAGGTATTGA-1_2_2"
"2447","TGTGTGACACGCGCAT-1_2_2"
"2448","TGTGTGATCATCGCTC-1_2_2"
"2449","TGTGTGATCGCGCCAA-1_2_2"
"2450","TGTTACTCAGCTACAT-1_2_2"
"2451","TGTTACTGTACCGGAA-1_2_2"
"2452","TGTTACTTCGCTGATA-1_2_2"
"2453","TGTTACTTCGTTCTCG-1_2_2"
"2454","TGTTACTTCTTGTTAC-1_2_2"
"2455","TGTTCATGTCGTGCCA-1_2_2"
"2456","TGTTCATTCATACAGC-1_2_2"
"2457","TGTTCCGCAGCCATTA-1_2_2"
"2458","TGTTCCGGTGTCCGGT-1_2_2"
"2459","TGTTCTATCGCTCATC-1_2_2"
"2460","TGTTGAGAGTCGTCTA-1_2_2"
"2461","TGTTGAGGTGTTCCTC-1_2_2"
"2462","TGTTGAGTCAACACGT-1_2_2"
"2463","TGTTTGTAGCGCCTTG-1_2_2"
"2464","TGTTTGTCAACCCGCA-1_2_2"
"2465","TGTTTGTCATGTCTAG-1_2_2"
"2466","TGTTTGTGTTCGCGTG-1_2_2"
"2467","TGTTTGTTCGCTTACC-1_2_2"
"2468","TTAATCCTCCCATTTA-1_2_2"
"2469","TTACAGGAGGCCTTGC-1_2_2"
"2470","TTACAGGGTCGCGGTT-1_2_2"
"2471","TTACAGGTCTCATTGT-1_2_2"
"2472","TTACCATAGTAAACGT-1_2_2"
"2473","TTACCATTCGTGGAAG-1_2_2"
"2474","TTACCGCGTTAAGCAA-1_2_2"
"2475","TTACGCCCACGGCCAT-1_2_2"
"2476","TTACGCCTCAAGCTGT-1_2_2"
"2477","TTACGTTAGCACCTGC-1_2_2"
"2478","TTACGTTCACACCAGC-1_2_2"
"2479","TTACGTTTCTCGTCAC-1_2_2"
"2480","TTACGTTTCTCGTTTA-1_2_2"
"2481","TTACTGTAGAATTGTG-1_2_2"
"2482","TTACTGTGTTGGACCC-1_2_2"
"2483","TTAGGCAGTGGTTTGT-1_2_2"
"2484","TTAGGCATCGCCGTGA-1_2_2"
"2485","TTAGGCATCTTGGAAC-1_2_2"
"2486","TTAGGGTAGCTAAATG-1_2_2"
"2487","TTAGGGTCACAAATCC-1_2_2"
"2488","TTAGGGTCACTATGTG-1_2_2"
"2489","TTAGGGTGTATTGACC-1_2_2"
"2490","TTAGTCTAGAAATGGG-1_2_2"
"2491","TTAGTCTCATACTGTG-1_2_2"
"2492","TTAGTCTGTTCGTTCC-1_2_2"
"2493","TTAGTCTTCAAGGTGG-1_2_2"
"2494","TTAGTCTTCTCGCAGG-1_2_2"
"2495","TTATTGCGTCATCCCT-1_2_2"
"2496","TTATTGCGTCCGGCAT-1_2_2"
"2497","TTATTGCGTGAGGATC-1_2_2"
"2498","TTATTGCTCCCGAGGT-1_2_2"
"2499","TTATTGCTCGCATTAG-1_2_2"
"2500","TTATTGCTCGGTCTAA-1_2_2"
"2501","TTATTGCTCGTAGCTA-1_2_2"
"2502","TTCAATCAGACAGCTG-1_2_2"
"2503","TTCAATCGTCGTACAT-1_2_2"
"2504","TTCAATCTCAGGACGA-1_2_2"
"2505","TTCACCGCAAGTCCCG-1_2_2"
"2506","TTCACCGCAGTCAGTT-1_2_2"
"2507","TTCACCGGTGAAGCTG-1_2_2"
"2508","TTCACGCAGAGGCTGT-1_2_2"
"2509","TTCACGCAGGTCACCC-1_2_2"
"2510","TTCACGCTCGTCTAAG-1_2_2"
"2511","TTCAGGAAGATGGCAC-1_2_2"
"2512","TTCAGGAAGGAGATAG-1_2_2"
"2513","TTCAGGAAGTCACGCC-1_2_2"
"2514","TTCAGGACAACTGAAA-1_2_2"
"2515","TTCAGGACACCTTCGT-1_2_2"
"2516","TTCAGGATCGCTCATC-1_2_2"
"2517","TTCATGTGTACAGTCT-1_2_2"
"2518","TTCATGTGTGGCTCTG-1_2_2"
"2519","TTCATGTTCAAAGCCT-1_2_2"
"2520","TTCATTGAGATTGAGT-1_2_2"
"2521","TTCATTGGTCGCTGCA-1_2_2"
"2522","TTCATTGTCAAAGCCT-1_2_2"
"2523","TTCCAATAGGTAGACC-1_2_2"
"2524","TTCCAATAGTGCGCTC-1_2_2"
"2525","TTCCAATCACACCAGC-1_2_2"
"2526","TTCCAATCAGACAATA-1_2_2"
"2527","TTCCACGCATGGAACG-1_2_2"
"2528","TTCCACGGTTAATCGC-1_2_2"
"2529","TTCCGGTTCGCTACAA-1_2_2"
"2530","TTCCGGTTCGGTCACG-1_2_2"
"2531","TTCCGTGCATGGAGAC-1_2_2"
"2532","TTCCTAAAGTATGGAT-1_2_2"
"2533","TTCCTAACATTGAAAG-1_2_2"
"2534","TTCCTAAGTAGCCAGA-1_2_2"
"2535","TTCCTAAGTGTCCATA-1_2_2"
"2536","TTCCTAATCAGCTCTC-1_2_2"
"2537","TTCCTCTAGGTTGTTC-1_2_2"
"2538","TTCCTCTCACTCAAGT-1_2_2"
"2539","TTCCTCTCAGCTGCCA-1_2_2"
"2540","TTCCTCTGTACTTCCC-1_2_2"
"2541","TTCCTCTGTCCGGACT-1_2_2"
"2542","TTCCTCTTCCTGCTAC-1_2_2"
"2543","TTCCTTCAGGATTTAG-1_2_2"
"2544","TTCCTTCCAACCCGCA-1_2_2"
"2545","TTCCTTCTCGACATTG-1_2_2"
"2546","TTCGATTCACCCTTGT-1_2_2"
"2547","TTCGATTCACGTACTA-1_2_2"
"2548","TTCGATTCATCGATAC-1_2_2"
"2549","TTCGCTGAGGACTATA-1_2_2"
"2550","TTCGCTGCACATCATG-1_2_2"
"2551","TTCGGTCAGATACAGT-1_2_2"
"2552","TTCGGTCCAACAACAA-1_2_2"
"2553","TTCGGTCTCGCTGATA-1_2_2"
"2554","TTCTAACAGGCAGGTT-1_2_2"
"2555","TTCTAACCATTCTCCG-1_2_2"
"2556","TTCTAACGTGAGATTA-1_2_2"
"2557","TTCTAACTCGTCAACA-1_2_2"
"2558","TTCTAGTGTATTCCGA-1_2_2"
"2559","TTCTAGTGTTCTCAGA-1_2_2"
"2560","TTCTAGTTCCAATCTT-1_2_2"
"2561","TTCTAGTTCGTGGGTC-1_2_2"
"2562","TTCTCTCAGAGTGTTA-1_2_2"
"2563","TTCTCTCAGCACCTGC-1_2_2"
"2564","TTCTCTCAGGATTACA-1_2_2"
"2565","TTCTCTCGTATGAGGC-1_2_2"
"2566","TTCTCTCTCCTTTGAT-1_2_2"
"2567","TTCTGTAAGCATGTTC-1_2_2"
"2568","TTCTGTACAGGCTCTG-1_2_2"
"2569","TTCTGTATCGAGTGGA-1_2_2"
"2570","TTCTGTATCTAACACG-1_2_2"
"2571","TTCTTCCAGATGCGAC-1_2_2"
"2572","TTCTTCCGTAAGGCTG-1_2_2"
"2573","TTCTTCCGTACAAGTA-1_2_2"
"2574","TTCTTCCGTACTCGAT-1_2_2"
"2575","TTCTTCCGTATGAAGT-1_2_2"
"2576","TTCTTGAAGACTAAGT-1_2_2"
"2577","TTCTTGAAGGATATGT-1_2_2"
"2578","TTGAACGAGACTACGG-1_2_2"
"2579","TTGAACGAGCGTGCCT-1_2_2"
"2580","TTGAACGCATTAGGCT-1_2_2"
"2581","TTGACCCAGCAATAAC-1_2_2"
"2582","TTGACCCAGCCTCTGG-1_2_2"
"2583","TTGACCCAGTGCCGAA-1_2_2"
"2584","TTGAGTGTCCTTCACG-1_2_2"
"2585","TTGAGTGTCTGCGAGC-1_2_2"
"2586","TTGATGGAGCGACAGT-1_2_2"
"2587","TTGCATTAGCATGTTC-1_2_2"
"2588","TTGCATTGTCGCACAC-1_2_2"
"2589","TTGCATTTCGATACAC-1_2_2"
"2590","TTGCCTGAGCATGCAG-1_2_2"
"2591","TTGCCTGAGGTTCCAT-1_2_2"
"2592","TTGCCTGGTCGTGGAA-1_2_2"
"2593","TTGCCTGTCTATACGG-1_2_2"
"2594","TTGCGTCCATAATGAG-1_2_2"
"2595","TTGCTGCAGAGTGACC-1_2_2"
"2596","TTGCTGCAGGAACGCT-1_2_2"
"2597","TTGCTGCCATGACGTT-1_2_2"
"2598","TTGGATGAGGGCAACT-1_2_2"
"2599","TTGGGATCAAAGCTAA-1_2_2"
"2600","TTGGGATCAACAAGTA-1_2_2"
"2601","TTGGGATGTGAGTAAT-1_2_2"
"2602","TTGGGATTCTCCAAGA-1_2_2"
"2603","TTGGGCGCACCGCTAG-1_2_2"
"2604","TTGGGTAAGGGTCAAC-1_2_2"
"2605","TTGGGTAAGGTACTGG-1_2_2"
"2606","TTGGGTAGTACCTAAC-1_2_2"
"2607","TTGGGTATCATTTACC-1_2_2"
"2608","TTGGTTTGTCCTCAGG-1_2_2"
"2609","TTGTGGAAGATGGCAC-1_2_2"
"2610","TTGTGGACACCGCTAG-1_2_2"
"2611","TTGTGGACATCTGGGC-1_2_2"
"2612","TTGTGGAGTACGAAAT-1_2_2"
"2613","TTGTGGATCTCGGGAC-1_2_2"
"2614","TTGTGTTCAGATTAAG-1_2_2"
"2615","TTGTGTTGTACGGCAA-1_2_2"
"2616","TTGTGTTTCATCACTT-1_2_2"
"2617","TTGTTCACAGGTGTTT-1_2_2"
"2618","TTGTTTGCAAGTTGGG-1_2_2"
"2619","TTGTTTGGTCTAGATC-1_2_2"
"2620","TTTACCAAGTCTTCGA-1_2_2"
"2621","TTTACGTCAACTGATC-1_2_2"
"2622","TTTACGTGTTGCAAGG-1_2_2"
"2623","TTTACGTTCAAAGAAC-1_2_2"
"2624","TTTACTGCACCGCTGA-1_2_2"
"2625","TTTACTGGTCACTCAA-1_2_2"
"2626","TTTACTGGTGTCTCCT-1_2_2"
"2627","TTTACTGGTGTGAATA-1_2_2"
"2628","TTTACTGGTTGTGTTG-1_2_2"
"2629","TTTACTGTCTGAGGCC-1_2_2"
"2630","TTTAGTCAGACGATAT-1_2_2"
"2631","TTTAGTCCAACGTAAA-1_2_2"
"2632","TTTAGTCCAAGAGGTC-1_2_2"
"2633","TTTAGTCCATCTCGTC-1_2_2"
"2634","TTTAGTCGTGTCATTG-1_2_2"
"2635","TTTAGTCTCCGTACGG-1_2_2"
"2636","TTTATGCCAACAGCCC-1_2_2"
"2637","TTTATGCGTCAGCGTC-1_2_2"
"2638","TTTATGCTCCCTATTA-1_2_2"
"2639","TTTCACACAAAGCTCT-1_2_2"
"2640","TTTCAGTTCCCTCGAT-1_2_2"
"2641","TTTCATGAGTGGAAAG-1_2_2"
"2642","TTTCATGCACAAATGA-1_2_2"
"2643","TTTCATGCAGAGGACT-1_2_2"
"2644","TTTCATGCATAACAGA-1_2_2"
"2645","TTTCCTCAGCGTTCCG-1_2_2"
"2646","TTTCCTCCAACACAAA-1_2_2"
"2647","TTTCCTCGTACCTGTA-1_2_2"
"2648","TTTCCTCGTTTACGTG-1_2_2"
"2649","TTTCCTCGTTTAGACC-1_2_2"
"2650","TTTCGATGTGCCCAGT-1_2_2"
"2651","TTTCGATGTTGAAGTA-1_2_2"
"2652","TTTCGATTCCGGTTCT-1_2_2"
"2653","TTTGACTGTGTCTTGA-1_2_2"
"2654","TTTGATCCATGTGGTT-1_2_2"
"2655","TTTGATCTCGACGACC-1_2_2"
"2656","TTTGGAGAGCGATTCT-1_2_2"
"2657","TTTGGTTGTACCAATC-1_2_2"
"2658","TTTGTTGAGATGGTAT-1_2_2"
"2659","TTTGTTGCAATGGCCC-1_2_2"
"2660","TTTGTTGCAATTGCAC-1_2_2"
"2661","TTTGTTGCATAATGCC-1_2_2"
"2662","TTTGTTGGTTGGTACT-1_2_2"
