"","x"
"1","AAACCCAAGACTCATC-1_2_1"
"2","AAACCCACACAGTACT-1_2_1"
"3","AAACCCACACGGGTAA-1_2_1"
"4","AAACCCACATGATAGA-1_2_1"
"5","AAACGAAAGAATCGCG-1_2_1"
"6","AAACGAAAGACCCGCT-1_2_1"
"7","AAACGAACAGAATTCC-1_2_1"
"8","AAACGAATCAGCGCGT-1_2_1"
"9","AAACGAATCCTGATAG-1_2_1"
"10","AAACGCTAGCAGGGAG-1_2_1"
"11","AAAGAACTCTCGTCAC-1_2_1"
"12","AAAGGATAGAATTTGG-1_2_1"
"13","AAAGGATAGGTCCAGA-1_2_1"
"14","AAAGGATTCAGACCGC-1_2_1"
"15","AAAGGGCCACCTATCC-1_2_1"
"16","AAAGGGCGTTTGCCGG-1_2_1"
"17","AAAGGGCTCCAACTAG-1_2_1"
"18","AAAGGGCTCCTCTAAT-1_2_1"
"19","AAAGGGCTCGTTCAGA-1_2_1"
"20","AAAGGTAAGTCTACCA-1_2_1"
"21","AAAGTCCAGCCGTTGC-1_2_1"
"22","AAAGTCCAGTCCCAAT-1_2_1"
"23","AAAGTCCCAACCCGCA-1_2_1"
"24","AAAGTCCTCACCCTGT-1_2_1"
"25","AAAGTGAAGAAGCGCT-1_2_1"
"26","AAAGTGACAGTAGTGG-1_2_1"
"27","AAATGGAAGAACTGAT-1_2_1"
"28","AAATGGATCAGGAACG-1_2_1"
"29","AACAAAGGTGGGCTTC-1_2_1"
"30","AACAACCAGTGTTGTC-1_2_1"
"31","AACAACCCAACATCGT-1_2_1"
"32","AACAACCTCGCTAGCG-1_2_1"
"33","AACACACAGCAAGTGC-1_2_1"
"34","AACACACTCGCAATGT-1_2_1"
"35","AACACACTCTCTCTAA-1_2_1"
"36","AACAGGGAGATCCGAG-1_2_1"
"37","AACAGGGAGCAAGTCG-1_2_1"
"38","AACAGGGAGTAAACGT-1_2_1"
"39","AACAGGGCATCAGCAT-1_2_1"
"40","AACAGGGGTGTATACC-1_2_1"
"41","AACAGGGTCCTACACC-1_2_1"
"42","AACCAACAGCTCGCAC-1_2_1"
"43","AACCAACTCGTAGTGT-1_2_1"
"44","AACCACACAAGATCCT-1_2_1"
"45","AACCACACAGGTAGTG-1_2_1"
"46","AACCACACATTGAGGG-1_2_1"
"47","AACCACAGTGGCACTC-1_2_1"
"48","AACCACATCGACATCA-1_2_1"
"49","AACCATGCACCGCTGA-1_2_1"
"50","AACCATGCACGAGGTA-1_2_1"
"51","AACCATGGTGATCATC-1_2_1"
"52","AACCATGTCACTTTGT-1_2_1"
"53","AACCATGTCGTAATGC-1_2_1"
"54","AACCCAAAGCGAACTG-1_2_1"
"55","AACCCAAGTTCTCTAT-1_2_1"
"56","AACCCAATCACTGCTC-1_2_1"
"57","AACCCAATCCTGCCAT-1_2_1"
"58","AACCTGACACCGGTCA-1_2_1"
"59","AACCTGACATCCTGTC-1_2_1"
"60","AACCTGATCCGCGATG-1_2_1"
"61","AACCTTTGTGTCATGT-1_2_1"
"62","AACCTTTTCAGGAAGC-1_2_1"
"63","AACGAAAAGATGTTCC-1_2_1"
"64","AACGAAATCACTAGCA-1_2_1"
"65","AACGGGACAAGCTGTT-1_2_1"
"66","AACTTCTCACACCTAA-1_2_1"
"67","AACTTCTTCCAAGCAT-1_2_1"
"68","AACTTCTTCGCTCTCA-1_2_1"
"69","AACTTCTTCTTGGCTC-1_2_1"
"70","AAGAACACAATCCAGT-1_2_1"
"71","AAGAACAGTAGCTTAC-1_2_1"
"72","AAGAACATCGGTTGTA-1_2_1"
"73","AAGACAAAGTAGACCG-1_2_1"
"74","AAGACAACATCTCCCA-1_2_1"
"75","AAGACAATCAGACCTA-1_2_1"
"76","AAGACTCCATGACTTG-1_2_1"
"77","AAGACTCGTGGCAACA-1_2_1"
"78","AAGATAGGTAATGCTC-1_2_1"
"79","AAGATAGGTCCCGGTA-1_2_1"
"80","AAGATAGTCTGCGTCT-1_2_1"
"81","AAGCATCGTCGATTTG-1_2_1"
"82","AAGCATCTCACTTGGA-1_2_1"
"83","AAGCATCTCCGAACGC-1_2_1"
"84","AAGCCATAGCCAAGCA-1_2_1"
"85","AAGCCATAGCGAGAAA-1_2_1"
"86","AAGCCATAGGTTCATC-1_2_1"
"87","AAGCGAGAGTATAGGT-1_2_1"
"88","AAGCGAGGTTTAAGGA-1_2_1"
"89","AAGCGAGTCGCGGTAC-1_2_1"
"90","AAGCGTTAGCTCGAAG-1_2_1"
"91","AAGCGTTAGGGTCTTT-1_2_1"
"92","AAGCGTTCAGATAAAC-1_2_1"
"93","AAGCGTTTCCGCTAGG-1_2_1"
"94","AAGGAATAGGTCATAA-1_2_1"
"95","AAGGAATCAAAGGCGT-1_2_1"
"96","AAGGAATCACGCGTCA-1_2_1"
"97","AAGGAATGTTGAGAGC-1_2_1"
"98","AAGGAATTCTTACTGT-1_2_1"
"99","AAGGTAAAGTGGAAGA-1_2_1"
"100","AAGTACCAGCACTTTG-1_2_1"
"101","AAGTACCCAAGCGCTC-1_2_1"
"102","AAGTACCGTGATACAA-1_2_1"
"103","AAGTACCTCCATTTCA-1_2_1"
"104","AAGTCGTAGTCCTGTA-1_2_1"
"105","AAGTCGTCACCGTGCA-1_2_1"
"106","AAGTGAACAATCAAGA-1_2_1"
"107","AAGTGAAGTATCAAGA-1_2_1"
"108","AAGTGAAGTGTTCATG-1_2_1"
"109","AAGTTCGGTTCGAGCC-1_2_1"
"110","AAGTTCGTCGTTCATT-1_2_1"
"111","AATAGAGGTACAAGTA-1_2_1"
"112","AATAGAGGTAGCGATG-1_2_1"
"113","AATAGAGGTTGTGCCG-1_2_1"
"114","AATAGAGTCCTGGCTT-1_2_1"
"115","AATAGAGTCGTAACCA-1_2_1"
"116","AATCACGAGCTGTCCG-1_2_1"
"117","AATCACGCAAGAAATC-1_2_1"
"118","AATCACGCAGAGGCTA-1_2_1"
"119","AATCACGCATCAGTGT-1_2_1"
"120","AATCACGGTACACGCC-1_2_1"
"121","AATCGACGTGAGTAGC-1_2_1"
"122","AATCGACTCCCGAATA-1_2_1"
"123","AATGAAGCAATACGCT-1_2_1"
"124","AATGAAGCAGTTCACA-1_2_1"
"125","AATGAAGGTAACAAGT-1_2_1"
"126","AATGAAGGTCAAACGG-1_2_1"
"127","AATGAAGGTCCACTCT-1_2_1"
"128","AATGACCCATGTCAGT-1_2_1"
"129","AATGCCAAGTCGAGGT-1_2_1"
"130","AATGCCACACGTCGTG-1_2_1"
"131","AATGCCAGTATAGGGC-1_2_1"
"132","AATGCCAGTATTGCCA-1_2_1"
"133","AATGGAATCCGTGGGT-1_2_1"
"134","AATGGCTAGAGCTGCA-1_2_1"
"135","AATGGCTAGGAAAGTG-1_2_1"
"136","AATGGCTCAATTGAGA-1_2_1"
"137","AATGGCTTCAGACCGC-1_2_1"
"138","AATTCCTCAATCGTCA-1_2_1"
"139","AATTCCTCAGAGGCAT-1_2_1"
"140","AATTCCTGTCAAGGCA-1_2_1"
"141","AATTCCTTCAGCCCAG-1_2_1"
"142","AATTCCTTCCTCGATC-1_2_1"
"143","AATTTCCCACGTAGTT-1_2_1"
"144","AATTTCCCAGGTTCAT-1_2_1"
"145","AATTTCCGTTAGCTAC-1_2_1"
"146","ACAAAGACAAATTAGG-1_2_1"
"147","ACAAAGACACAACGCC-1_2_1"
"148","ACAACCAAGACCAAAT-1_2_1"
"149","ACAACCATCGGAGTAG-1_2_1"
"150","ACAAGCTCAAGTCCCG-1_2_1"
"151","ACAAGCTGTGCAGGAT-1_2_1"
"152","ACAAGCTTCTAGACAC-1_2_1"
"153","ACACAGTAGGCAGGTT-1_2_1"
"154","ACACCAAAGAATGTTG-1_2_1"
"155","ACACCAACACGACGTC-1_2_1"
"156","ACACCAATCATTCGGA-1_2_1"
"157","ACACGCGAGACCATAA-1_2_1"
"158","ACACGCGAGCCTGCCA-1_2_1"
"159","ACACGCGTCTGAGTCA-1_2_1"
"160","ACACTGACAAGTCATC-1_2_1"
"161","ACACTGATCTCAAAGC-1_2_1"
"162","ACAGAAACAGCAAGAC-1_2_1"
"163","ACAGAAAGTGGGTCAA-1_2_1"
"164","ACAGCCGAGGTGCTTT-1_2_1"
"165","ACAGCCGCAGTGTGGA-1_2_1"
"166","ACAGCCGTCGTCCTTG-1_2_1"
"167","ACAGGGACAGCTCATA-1_2_1"
"168","ACAGGGACATCGGATT-1_2_1"
"169","ACAGGGAGTCACTCAA-1_2_1"
"170","ACAGGGATCTCTCGAC-1_2_1"
"171","ACATCCCAGCTCACTA-1_2_1"
"172","ACATCCCCAGATCCTA-1_2_1"
"173","ACATCGAAGAATACAC-1_2_1"
"174","ACATCGAAGAGTTGCG-1_2_1"
"175","ACATCGAGTTGCCGAC-1_2_1"
"176","ACATCGATCTCCTGCA-1_2_1"
"177","ACATGCAAGAGCATTA-1_2_1"
"178","ACATGCACAGTTGGTT-1_2_1"
"179","ACATTTCAGCTACAAA-1_2_1"
"180","ACATTTCCAGTAGTGG-1_2_1"
"181","ACATTTCCATTGTGCA-1_2_1"
"182","ACATTTCGTTGTATGC-1_2_1"
"183","ACCAAACAGCGGGTTA-1_2_1"
"184","ACCAAACAGGGAGAAT-1_2_1"
"185","ACCAAACCAACTAGAA-1_2_1"
"186","ACCAAACGTAGTCTGT-1_2_1"
"187","ACCAAACGTGAAGCGT-1_2_1"
"188","ACCAACAAGGTCCGAA-1_2_1"
"189","ACCAACAGTAGGTACG-1_2_1"
"190","ACCAACATCCCTGGTT-1_2_1"
"191","ACCACAACATGGTGGA-1_2_1"
"192","ACCATTTAGGTGCGAT-1_2_1"
"193","ACCATTTAGTTCTCTT-1_2_1"
"194","ACCCAAAAGACGACTG-1_2_1"
"195","ACCCAAAAGATAGCAT-1_2_1"
"196","ACCCAAAAGCCTGACC-1_2_1"
"197","ACCCAAACATAATGAG-1_2_1"
"198","ACCCAAAGTCCAGGTC-1_2_1"
"199","ACCCAAAGTCTGTTAG-1_2_1"
"200","ACCCTCACAAGCGCAA-1_2_1"
"201","ACCCTCAGTCATCACA-1_2_1"
"202","ACCCTCAGTTGTACGT-1_2_1"
"203","ACCCTCATCCACGGAC-1_2_1"
"204","ACCCTTGAGATGAACT-1_2_1"
"205","ACCCTTGGTTACACAC-1_2_1"
"206","ACCCTTGGTTTCGCTC-1_2_1"
"207","ACCGTTCAGAGGTCGT-1_2_1"
"208","ACCGTTCCAACCACAT-1_2_1"
"209","ACCGTTCCAGCGGATA-1_2_1"
"210","ACCGTTCGTAGGAAAG-1_2_1"
"211","ACCGTTCTCGAGAGCA-1_2_1"
"212","ACCTACCAGCGAATGC-1_2_1"
"213","ACCTACCAGGGCGAGA-1_2_1"
"214","ACCTACCAGGGTGAAA-1_2_1"
"215","ACCTACCAGTCCTGCG-1_2_1"
"216","ACCTACCCACTGCGTG-1_2_1"
"217","ACCTACCCAGGTGACA-1_2_1"
"218","ACCTACCGTACACGCC-1_2_1"
"219","ACCTACCGTCTAACTG-1_2_1"
"220","ACCTGAAAGACCAAGC-1_2_1"
"221","ACCTGAAAGACGAGCT-1_2_1"
"222","ACCTGAAAGACTTAAG-1_2_1"
"223","ACCTGAAAGTAGACCG-1_2_1"
"224","ACCTGAATCGCCAATA-1_2_1"
"225","ACCTGAATCTCCGCAT-1_2_1"
"226","ACCTGTCCAACCCTAA-1_2_1"
"227","ACCTGTCTCGATTTCT-1_2_1"
"228","ACCTGTCTCTCAGAAC-1_2_1"
"229","ACGATCAAGGAATCGC-1_2_1"
"230","ACGATCAGTGCTAGCC-1_2_1"
"231","ACGATCATCGGCGATC-1_2_1"
"232","ACGATGTCACCTTCGT-1_2_1"
"233","ACGATGTCATGATAGA-1_2_1"
"234","ACGATGTTCCACACAA-1_2_1"
"235","ACGCACGTCGATACAC-1_2_1"
"236","ACGCACGTCTGGGATT-1_2_1"
"237","ACGGAAGGTCGGTGTC-1_2_1"
"238","ACGGAAGGTGCTGCAC-1_2_1"
"239","ACGGGTCCAAATGCTC-1_2_1"
"240","ACGGGTCGTTCATCGA-1_2_1"
"241","ACGGGTCTCGATGCAT-1_2_1"
"242","ACGGTCGCAGGCACTC-1_2_1"
"243","ACGGTCGGTGGTGATG-1_2_1"
"244","ACGGTCGTCCAAAGGG-1_2_1"
"245","ACGGTTAGTCCAACGC-1_2_1"
"246","ACGGTTAGTCGGTGAA-1_2_1"
"247","ACGGTTAGTGGCTACC-1_2_1"
"248","ACGTAACAGCCAAGGT-1_2_1"
"249","ACGTAACCAGATGCGA-1_2_1"
"250","ACGTACACAGTAGGAC-1_2_1"
"251","ACGTACAGTACGTTCA-1_2_1"
"252","ACGTACATCCTATTGT-1_2_1"
"253","ACGTACATCCTGCCAT-1_2_1"
"254","ACGTAGTAGCTTTCTT-1_2_1"
"255","ACGTAGTCAAGCTGCC-1_2_1"
"256","ACGTAGTGTAACTGCT-1_2_1"
"257","ACGTAGTGTATCAAGA-1_2_1"
"258","ACGTAGTGTCTTACAG-1_2_1"
"259","ACGTAGTGTGATAGTA-1_2_1"
"260","ACGTAGTTCAGTCATG-1_2_1"
"261","ACGTCCTCAGAACTTC-1_2_1"
"262","ACGTTCCGTCTAGGTT-1_2_1"
"263","ACGTTCCGTCTGTGAT-1_2_1"
"264","ACGTTCCTCAGAGCAG-1_2_1"
"265","ACTACGACAAGCGAAC-1_2_1"
"266","ACTACGACATGAAAGT-1_2_1"
"267","ACTACGAGTTAGGACG-1_2_1"
"268","ACTACGAGTTATCCAG-1_2_1"
"269","ACTACGATCCTATGGA-1_2_1"
"270","ACTACGATCGCCAGAC-1_2_1"
"271","ACTATCTAGGCACTAG-1_2_1"
"272","ACTATCTCATAATCGC-1_2_1"
"273","ACTATCTGTAATGCTC-1_2_1"
"274","ACTATCTTCCTCTGCA-1_2_1"
"275","ACTATCTTCGCAGTGC-1_2_1"
"276","ACTATGGAGACTGAGC-1_2_1"
"277","ACTATGGAGATTAGCA-1_2_1"
"278","ACTATGGCAGCTGTAT-1_2_1"
"279","ACTATGGCAGGTTTAC-1_2_1"
"280","ACTATGGGTTACCTGA-1_2_1"
"281","ACTATGGTCACTTCTA-1_2_1"
"282","ACTATGGTCTCGTGGG-1_2_1"
"283","ACTATTCAGCATGGGT-1_2_1"
"284","ACTATTCCAGGTCCGT-1_2_1"
"285","ACTATTCGTATTGCCA-1_2_1"
"286","ACTCCCAGTCATAACC-1_2_1"
"287","ACTCCCATCATGGATC-1_2_1"
"288","ACTCTCGAGAGGCTGT-1_2_1"
"289","ACTCTCGAGGGACACT-1_2_1"
"290","ACTCTCGTCTGCCCTA-1_2_1"
"291","ACTGATGGTGAACGGT-1_2_1"
"292","ACTGATGTCATGCGGC-1_2_1"
"293","ACTGATGTCCGTATGA-1_2_1"
"294","ACTGCAAAGCAGCACA-1_2_1"
"295","ACTGCAACACACGGTC-1_2_1"
"296","ACTGCAACAGGCGATA-1_2_1"
"297","ACTGCAAGTTGCAAGG-1_2_1"
"298","ACTGTCCAGGTGCTAG-1_2_1"
"299","ACTGTCCGTTTCGACA-1_2_1"
"300","ACTGTGAGTCCATCTC-1_2_1"
"301","ACTTAGGAGTCTTCCC-1_2_1"
"302","ACTTAGGGTCCCTAAA-1_2_1"
"303","ACTTAGGGTCCGGTCA-1_2_1"
"304","ACTTATCCACGAAAGC-1_2_1"
"305","ACTTCCGAGATAGCAT-1_2_1"
"306","ACTTCCGGTTGTGGCC-1_2_1"
"307","ACTTCCGTCGGCCTTT-1_2_1"
"308","ACTTCCGTCTGGCCTT-1_2_1"
"309","ACTTCGCAGCATCTTG-1_2_1"
"310","ACTTCGCAGTGAGTTA-1_2_1"
"311","ACTTCGCGTGGAGGTT-1_2_1"
"312","ACTTCGCGTTACGGAG-1_2_1"
"313","ACTTTCAAGAGTGTTA-1_2_1"
"314","ACTTTCAAGGGAGTTC-1_2_1"
"315","ACTTTCACAACGTATC-1_2_1"
"316","ACTTTCAGTCCCGTGA-1_2_1"
"317","ACTTTCAGTTGAAGTA-1_2_1"
"318","ACTTTCAGTTGCCGAC-1_2_1"
"319","ACTTTGTAGAAGGCTC-1_2_1"
"320","ACTTTGTAGTGCAGCA-1_2_1"
"321","ACTTTGTCACCAGTTA-1_2_1"
"322","ACTTTGTGTAACATAG-1_2_1"
"323","ACTTTGTGTATCATGC-1_2_1"
"324","ACTTTGTGTCCCTGAG-1_2_1"
"325","AGAAATGCAGATCCAT-1_2_1"
"326","AGAAATGGTCCCGCAA-1_2_1"
"327","AGAAATGTCACACGAT-1_2_1"
"328","AGAACAAGTTGCACGC-1_2_1"
"329","AGAACAATCGTAACTG-1_2_1"
"330","AGAACCTAGCTGACCC-1_2_1"
"331","AGAACCTCAGTGCGCT-1_2_1"
"332","AGAACCTTCAAGTCGT-1_2_1"
"333","AGAAGCGCAATGCAGG-1_2_1"
"334","AGAAGCGGTATGAGAT-1_2_1"
"335","AGAAGCGTCACTGCTC-1_2_1"
"336","AGAAGTACACCAGCTG-1_2_1"
"337","AGAAGTAGTGAGCCAA-1_2_1"
"338","AGACAAACAGTTAGAA-1_2_1"
"339","AGACAAAGTAACCCGC-1_2_1"
"340","AGACACTGTATATGGA-1_2_1"
"341","AGACAGGCAAAGGCGT-1_2_1"
"342","AGACCATTCTCATTTG-1_2_1"
"343","AGACCCGAGAGTGAAG-1_2_1"
"344","AGACCCGAGCTCCATA-1_2_1"
"345","AGACCCGCAGTAACGG-1_2_1"
"346","AGACCCGGTCCTGTTC-1_2_1"
"347","AGACTCACAACATCGT-1_2_1"
"348","AGACTCAGTTAGGAGC-1_2_1"
"349","AGAGAATCATCCTATT-1_2_1"
"350","AGAGAATCATGACGAG-1_2_1"
"351","AGAGAGCAGTAACCTC-1_2_1"
"352","AGAGAGCCACAGACGA-1_2_1"
"353","AGAGAGCGTGCCTAAT-1_2_1"
"354","AGAGAGCTCTCCTGTG-1_2_1"
"355","AGAGCAGAGATGCAGC-1_2_1"
"356","AGAGCAGCAAGCAATA-1_2_1"
"357","AGAGCAGTCGGACAAG-1_2_1"
"358","AGAGCCCAGCTAAATG-1_2_1"
"359","AGAGCCCCAACCGATT-1_2_1"
"360","AGATAGAAGGCCTAAG-1_2_1"
"361","AGATCCACAGTAACGG-1_2_1"
"362","AGATCGTCACTGGCGT-1_2_1"
"363","AGATCGTGTGTCTAAC-1_2_1"
"364","AGATCGTTCATTTGCT-1_2_1"
"365","AGATGAAAGGGAGGCA-1_2_1"
"366","AGATGAACAAGACCTT-1_2_1"
"367","AGATGAAGTATAGCTC-1_2_1"
"368","AGATGAAGTTCCGCAG-1_2_1"
"369","AGATGCTCAACGTAAA-1_2_1"
"370","AGATGCTGTGATATAG-1_2_1"
"371","AGCATCACACGAGAAC-1_2_1"
"372","AGCATCATCCGGACTG-1_2_1"
"373","AGCATCATCTCCCTAG-1_2_1"
"374","AGCCAATAGGGAACAA-1_2_1"
"375","AGCCAATAGTAGTCCT-1_2_1"
"376","AGCCAATCAATGAAAC-1_2_1"
"377","AGCCACGAGCCTGTGC-1_2_1"
"378","AGCGATTCATGTGGCC-1_2_1"
"379","AGCGATTGTCCAGAAG-1_2_1"
"380","AGCGCCAAGGGTCACA-1_2_1"
"381","AGCGCCAAGGTCGAGT-1_2_1"
"382","AGCGCTGGTAACTAAG-1_2_1"
"383","AGCGCTGGTGATAGTA-1_2_1"
"384","AGCGTATAGCGTCTGC-1_2_1"
"385","AGCGTATAGGCCCACT-1_2_1"
"386","AGCGTATGTGAGGATC-1_2_1"
"387","AGCGTATTCTTCCTAA-1_2_1"
"388","AGCTACAGTCATAACC-1_2_1"
"389","AGCTACATCAGACCGC-1_2_1"
"390","AGCTTCCAGAGATTCA-1_2_1"
"391","AGCTTCCAGGTAGCAC-1_2_1"
"392","AGCTTCCCATCTATCT-1_2_1"
"393","AGGAAATAGTATGATG-1_2_1"
"394","AGGAAATGTAATGCGG-1_2_1"
"395","AGGAATACATCCTAAG-1_2_1"
"396","AGGAATATCGAAGGAC-1_2_1"
"397","AGGACTTAGCAGCCCT-1_2_1"
"398","AGGACTTCATAACAGA-1_2_1"
"399","AGGACTTGTTGACTAC-1_2_1"
"400","AGGACTTTCTGTCAGA-1_2_1"
"401","AGGAGGTAGCAAACAT-1_2_1"
"402","AGGAGGTAGGCTCAAG-1_2_1"
"403","AGGAGGTCATCGCCTT-1_2_1"
"404","AGGATCTCACGTCGGT-1_2_1"
"405","AGGATCTCAGCTACAT-1_2_1"
"406","AGGATCTCATCTCATT-1_2_1"
"407","AGGATCTCATGAAAGT-1_2_1"
"408","AGGATCTGTGCCTTTC-1_2_1"
"409","AGGCATTCAACCACAT-1_2_1"
"410","AGGCATTCACCTCTGT-1_2_1"
"411","AGGCATTCACGTACAT-1_2_1"
"412","AGGCCACAGCGTCTGC-1_2_1"
"413","AGGCCACTCGATGCAT-1_2_1"
"414","AGGCCACTCTAGTACG-1_2_1"
"415","AGGCTGCAGAGTATAC-1_2_1"
"416","AGGCTGCGTACCGGAA-1_2_1"
"417","AGGCTGCTCTACGCGG-1_2_1"
"418","AGGGAGTGTCCAATCA-1_2_1"
"419","AGGGCCTGTGTGATGG-1_2_1"
"420","AGGGCCTTCTTGGCTC-1_2_1"
"421","AGGGCTCCAAATCGGG-1_2_1"
"422","AGGGCTCGTGATTCTG-1_2_1"
"423","AGGGTCCAGAGGTTAT-1_2_1"
"424","AGGGTCCTCAGCAATC-1_2_1"
"425","AGGGTGAAGATTACCC-1_2_1"
"426","AGGGTGACAGTATACC-1_2_1"
"427","AGGGTGACATGGAGAC-1_2_1"
"428","AGGGTGAGTTAGGAGC-1_2_1"
"429","AGGTAGGAGTGCTAGG-1_2_1"
"430","AGGTAGGCATTCTTCA-1_2_1"
"431","AGGTAGGGTACAAGTA-1_2_1"
"432","AGGTAGGGTTCATCTT-1_2_1"
"433","AGGTCATCAGTATTCG-1_2_1"
"434","AGGTCATGTCCTACAA-1_2_1"
"435","AGGTCATTCGGTCGAC-1_2_1"
"436","AGGTCTAAGGAGAATG-1_2_1"
"437","AGGTCTAGTAGCGTAG-1_2_1"
"438","AGGTCTAGTTACGCCG-1_2_1"
"439","AGGTCTATCAAGGACG-1_2_1"
"440","AGGTGTTAGCGATGCA-1_2_1"
"441","AGGTGTTAGCTAATGA-1_2_1"
"442","AGGTTACCAGGCATGA-1_2_1"
"443","AGGTTGTAGGATCATA-1_2_1"
"444","AGGTTGTAGGCTGTAG-1_2_1"
"445","AGGTTGTAGGTAGCCA-1_2_1"
"446","AGGTTGTCAGGTCAGA-1_2_1"
"447","AGGTTGTGTGCTTCAA-1_2_1"
"448","AGTAACCCACGCGGTT-1_2_1"
"449","AGTAACCCATCCTTCG-1_2_1"
"450","AGTAACCGTTCTATCT-1_2_1"
"451","AGTACCAGTAGTGTGG-1_2_1"
"452","AGTACCAGTATTGAGA-1_2_1"
"453","AGTACCAGTTAATCGC-1_2_1"
"454","AGTACTGAGACATCCT-1_2_1"
"455","AGTACTGAGCATATGA-1_2_1"
"456","AGTACTGAGTCACAGG-1_2_1"
"457","AGTACTGGTACCCAGC-1_2_1"
"458","AGTACTGTCGCGCCAA-1_2_1"
"459","AGTAGCTCACTGATTG-1_2_1"
"460","AGTAGCTGTCAATGGG-1_2_1"
"461","AGTAGCTGTTCTCCCA-1_2_1"
"462","AGTAGCTTCAAGCCGC-1_2_1"
"463","AGTAGCTTCCCATAAG-1_2_1"
"464","AGTAGCTTCTCTCTAA-1_2_1"
"465","AGTAGTCCAAGTTCCA-1_2_1"
"466","AGTAGTCGTAACGGTG-1_2_1"
"467","AGTCAACAGAAGCGAA-1_2_1"
"468","AGTCAACAGGGATGTC-1_2_1"
"469","AGTCAACCAGCATCTA-1_2_1"
"470","AGTCAACGTGAGTCAG-1_2_1"
"471","AGTCAACTCCAACCGG-1_2_1"
"472","AGTCACACAGACATCT-1_2_1"
"473","AGTCACACAGCTACCG-1_2_1"
"474","AGTCATGAGTTTAGGA-1_2_1"
"475","AGTCATGTCGCAGTCG-1_2_1"
"476","AGTGACTAGCCTGACC-1_2_1"
"477","AGTGACTAGTTACGAA-1_2_1"
"478","AGTGACTCACTCCGAG-1_2_1"
"479","AGTGACTGTATAGGAT-1_2_1"
"480","AGTGATCTCTGGGAGA-1_2_1"
"481","AGTGCCGCATCGGCCA-1_2_1"
"482","AGTGCCGGTAATTAGG-1_2_1"
"483","AGTGTTGAGAGTACCG-1_2_1"
"484","AGTGTTGAGCAATTCC-1_2_1"
"485","AGTGTTGAGCGATCGA-1_2_1"
"486","AGTGTTGTCGGAATGG-1_2_1"
"487","AGTTAGCAGTGGCGAT-1_2_1"
"488","AGTTAGCCAAGTGTCT-1_2_1"
"489","AGTTAGCCACGACCTG-1_2_1"
"490","AGTTCCCGTCTGTAAC-1_2_1"
"491","AGTTCGACACACGTGC-1_2_1"
"492","AGTTCGACAGAGTCAG-1_2_1"
"493","AGTTCGACATATACCG-1_2_1"
"494","AGTTCGATCCTGGCTT-1_2_1"
"495","ATACCGAAGACTCTTG-1_2_1"
"496","ATACCGACACAAACGG-1_2_1"
"497","ATACCGAGTCTGCGCA-1_2_1"
"498","ATACCTTAGTCACACT-1_2_1"
"499","ATACCTTGTGCCAAGA-1_2_1"
"500","ATACCTTGTTGAGAGC-1_2_1"
"501","ATACCTTTCATCAGTG-1_2_1"
"502","ATACCTTTCCAGCCTT-1_2_1"
"503","ATACCTTTCGTGTGGC-1_2_1"
"504","ATACTTCCACGTTCGG-1_2_1"
"505","ATACTTCCAGACCTGC-1_2_1"
"506","ATACTTCGTTCCAAAC-1_2_1"
"507","ATACTTCTCGAGAAGC-1_2_1"
"508","ATAGACCGTAATGATG-1_2_1"
"509","ATAGACCGTGCTAGCC-1_2_1"
"510","ATAGACCGTTAGAGAT-1_2_1"
"511","ATAGACCGTTTCGGCG-1_2_1"
"512","ATAGACCTCGATCCAA-1_2_1"
"513","ATAGAGAGTCTAGTGT-1_2_1"
"514","ATAGAGATCAGATGCT-1_2_1"
"515","ATAGGCTTCCTAGAGT-1_2_1"
"516","ATATCCTCATATACCG-1_2_1"
"517","ATATCCTCATCAGCAT-1_2_1"
"518","ATATCCTGTTGCCAAT-1_2_1"
"519","ATCACAGAGCTTTCTT-1_2_1"
"520","ATCACAGCACTTGACA-1_2_1"
"521","ATCACAGGTCTTGCTC-1_2_1"
"522","ATCACAGTCTCCGAAA-1_2_1"
"523","ATCACGAGTAGGCTGA-1_2_1"
"524","ATCACTTAGGGCTGAT-1_2_1"
"525","ATCACTTCAGCCTTCT-1_2_1"
"526","ATCACTTGTTAAGAAC-1_2_1"
"527","ATCACTTTCTTACTGT-1_2_1"
"528","ATCAGGTAGGTTACCT-1_2_1"
"529","ATCAGGTCAACAGCTT-1_2_1"
"530","ATCAGGTTCCCTCTTT-1_2_1"
"531","ATCAGGTTCGAGAGAC-1_2_1"
"532","ATCATTCGTAGATCCT-1_2_1"
"533","ATCCATTCAAGGCCTC-1_2_1"
"534","ATCCCTGAGCCGCTTG-1_2_1"
"535","ATCCCTGAGCGCCTAC-1_2_1"
"536","ATCCCTGCAATCAGCT-1_2_1"
"537","ATCCCTGCATCGGATT-1_2_1"
"538","ATCCCTGGTTCTCTCG-1_2_1"
"539","ATCCGTCCAAGGCCTC-1_2_1"
"540","ATCCTATGTCGAGATG-1_2_1"
"541","ATCCTATTCACCCATC-1_2_1"
"542","ATCGATGAGTCAGAGC-1_2_1"
"543","ATCGCCTAGATAACAC-1_2_1"
"544","ATCGCCTCATAGACTC-1_2_1"
"545","ATCGCCTCATTGCAAC-1_2_1"
"546","ATCGCCTGTCTTTCTA-1_2_1"
"547","ATCGCCTTCTAGAGCT-1_2_1"
"548","ATCGCCTTCTGCTGAA-1_2_1"
"549","ATCGGATCAGGCTTGC-1_2_1"
"550","ATCGGATCATCCGGCA-1_2_1"
"551","ATCGGATGTCCATCTC-1_2_1"
"552","ATCGGCGCAACCGCTG-1_2_1"
"553","ATCGGCGCATGCCATA-1_2_1"
"554","ATCGGCGTCCAATCTT-1_2_1"
"555","ATCGTAGAGTTCCAGT-1_2_1"
"556","ATCGTAGCAAAGGGCT-1_2_1"
"557","ATCGTCCCAAAGGAGA-1_2_1"
"558","ATCGTCCCAACCCTAA-1_2_1"
"559","ATCGTGACACTCAAGT-1_2_1"
"560","ATCGTGATCCAAATGC-1_2_1"
"561","ATCTCTACATGGATCT-1_2_1"
"562","ATCTCTAGTCGAGTTT-1_2_1"
"563","ATCTCTATCGAGGCAA-1_2_1"
"564","ATCTTCAAGGAGAATG-1_2_1"
"565","ATCTTCAAGTTAACAG-1_2_1"
"566","ATCTTCAGTAAGTCAA-1_2_1"
"567","ATCTTCAGTACTAGCT-1_2_1"
"568","ATGAAAGAGATTAGCA-1_2_1"
"569","ATGAAAGAGGCGTTAG-1_2_1"
"570","ATGAAAGCACCGTCGA-1_2_1"
"571","ATGAAAGTCATACGGT-1_2_1"
"572","ATGACCAAGATGAATC-1_2_1"
"573","ATGACCACAAGGGCAT-1_2_1"
"574","ATGAGGGAGGTTAGTA-1_2_1"
"575","ATGAGGGCAAACGTGG-1_2_1"
"576","ATGAGGGTCGAGAGCA-1_2_1"
"577","ATGAGTCCAGGAGACT-1_2_1"
"578","ATGATCGAGATAGGGA-1_2_1"
"579","ATGATCGGTGGCTACC-1_2_1"
"580","ATGATCGTCGTAGAGG-1_2_1"
"581","ATGCCTCAGTCATCGT-1_2_1"
"582","ATGCCTCCAATTGTGC-1_2_1"
"583","ATGCGATCACTGCATA-1_2_1"
"584","ATGCGATGTAAGCAAT-1_2_1"
"585","ATGCGATGTCTGTGTA-1_2_1"
"586","ATGCGATGTTTCCAAG-1_2_1"
"587","ATGCGATTCCTTCTAA-1_2_1"
"588","ATGGAGGAGCGCCGTT-1_2_1"
"589","ATGGAGGCAAAGGTTA-1_2_1"
"590","ATGGAGGCAGGTATGG-1_2_1"
"591","ATGGAGGCATAATGCC-1_2_1"
"592","ATGGATCGTGTTGATC-1_2_1"
"593","ATGGATCTCATGGGAG-1_2_1"
"594","ATGGATCTCCACGTGG-1_2_1"
"595","ATGGGAGAGAACTTCC-1_2_1"
"596","ATGGGAGCACAAATAG-1_2_1"
"597","ATGGGAGCAGACTGCC-1_2_1"
"598","ATGGGAGGTCTACAGT-1_2_1"
"599","ATGGGAGTCTTGGTGA-1_2_1"
"600","ATGGGTTCAATAGTGA-1_2_1"
"601","ATGGGTTTCTCCGTGT-1_2_1"
"602","ATGGTTGCATTGCCTC-1_2_1"
"603","ATGGTTGGTAGTTAGA-1_2_1"
"604","ATGTCCCAGGGTACAC-1_2_1"
"605","ATGTCCCCACGCGTGT-1_2_1"
"606","ATGTCCCGTTCCTACC-1_2_1"
"607","ATGTCTTCAAACCGGA-1_2_1"
"608","ATGTCTTCAACCCTCT-1_2_1"
"609","ATGTCTTTCAGCCTTC-1_2_1"
"610","ATGTCTTTCCAAGCAT-1_2_1"
"611","ATTACCTAGCAGCCTC-1_2_1"
"612","ATTACCTAGGTCGTAG-1_2_1"
"613","ATTACCTAGTACTGTC-1_2_1"
"614","ATTACCTCAAGTTCCA-1_2_1"
"615","ATTACCTCACTACCCT-1_2_1"
"616","ATTACCTCATCAGTCA-1_2_1"
"617","ATTACCTTCTCATGGA-1_2_1"
"618","ATTACCTTCTTACTGT-1_2_1"
"619","ATTACTCAGGTTAGTA-1_2_1"
"620","ATTACTCCAAACTCTG-1_2_1"
"621","ATTACTCCAGCACAAG-1_2_1"
"622","ATTACTCCATCGGATT-1_2_1"
"623","ATTACTCGTGGGTATG-1_2_1"
"624","ATTACTCGTTCTCGCT-1_2_1"
"625","ATTATCCCAGGGACTA-1_2_1"
"626","ATTATCCTCTCTCGCA-1_2_1"
"627","ATTCACTCAGACCGCT-1_2_1"
"628","ATTCACTTCTCATTAC-1_2_1"
"629","ATTCAGGAGACTGTTC-1_2_1"
"630","ATTCAGGAGTATGCAA-1_2_1"
"631","ATTCATCGTAGAAACT-1_2_1"
"632","ATTCATCGTATTGGCT-1_2_1"
"633","ATTCATCTCTGCGGGT-1_2_1"
"634","ATTCCATAGAGGGTAA-1_2_1"
"635","ATTCCATAGAGTTGTA-1_2_1"
"636","ATTCCATCACACTGGC-1_2_1"
"637","ATTCCATGTATTCCTT-1_2_1"
"638","ATTCCATGTTGCTCCT-1_2_1"
"639","ATTCCCGAGGTGATCG-1_2_1"
"640","ATTCCCGAGTGCAACG-1_2_1"
"641","ATTCCCGGTACACGCC-1_2_1"
"642","ATTCCCGGTTCTATCT-1_2_1"
"643","ATTCCTAAGCTCATAC-1_2_1"
"644","ATTCCTAAGTGGAAAG-1_2_1"
"645","ATTCGTTAGCCGTTGC-1_2_1"
"646","ATTCGTTCACACGTGC-1_2_1"
"647","ATTCGTTCATAAGCAA-1_2_1"
"648","ATTCTACAGGGAGTGG-1_2_1"
"649","ATTCTACCACTAGGCC-1_2_1"
"650","ATTCTACCATCGTTCC-1_2_1"
"651","ATTGGGTGTAGGGAGG-1_2_1"
"652","ATTGTTCAGGAACTCG-1_2_1"
"653","ATTGTTCAGGTGCCAA-1_2_1"
"654","ATTGTTCTCCTTGAAG-1_2_1"
"655","ATTTCACAGCACTCAT-1_2_1"
"656","ATTTCACAGGGCATGT-1_2_1"
"657","ATTTCACAGTTCTCTT-1_2_1"
"658","ATTTCACGTCCCTGTT-1_2_1"
"659","ATTTCACGTCGCCACA-1_2_1"
"660","ATTTCTGAGCACGTCC-1_2_1"
"661","ATTTCTGCACCGTACG-1_2_1"
"662","ATTTCTGGTCCGATCG-1_2_1"
"663","CAAAGAACACGACGCT-1_2_1"
"664","CAACAACAGGTCGCCT-1_2_1"
"665","CAACAACCACCCTAAA-1_2_1"
"666","CAACAACCAGAGAATT-1_2_1"
"667","CAACAACGTGGAAATT-1_2_1"
"668","CAACAACTCAGGGATG-1_2_1"
"669","CAACAACTCCTTGAAG-1_2_1"
"670","CAACAACTCTAGGCCG-1_2_1"
"671","CAACAGTAGTCTTGGT-1_2_1"
"672","CAACCAAAGCACTAGG-1_2_1"
"673","CAACCAACACCCTATC-1_2_1"
"674","CAACCAATCCTACGAA-1_2_1"
"675","CAACCAATCTAATTCC-1_2_1"
"676","CAACCTCAGAGCAGCT-1_2_1"
"677","CAACGATCAAGTCGTT-1_2_1"
"678","CAACGATCACCCTCTA-1_2_1"
"679","CAACGATCAGGTCCCA-1_2_1"
"680","CAACGATGTCTGGTTA-1_2_1"
"681","CAACGATGTTGGAGAC-1_2_1"
"682","CAACGGCAGGCTCTCG-1_2_1"
"683","CAACGGCAGTTCCTGA-1_2_1"
"684","CAACGGCCACTAAACC-1_2_1"
"685","CAACGGCTCTTTCCGG-1_2_1"
"686","CAAGACTAGGAAACGA-1_2_1"
"687","CAAGACTCATATTCGG-1_2_1"
"688","CAAGACTCATGACGGA-1_2_1"
"689","CAAGACTGTGAGCAGT-1_2_1"
"690","CAAGAGGGTACCAGAG-1_2_1"
"691","CAAGCTAAGGGACTGT-1_2_1"
"692","CAAGCTAAGGGCCTCT-1_2_1"
"693","CAAGCTAGTGTTGCCG-1_2_1"
"694","CAAGGGACACCGGCTA-1_2_1"
"695","CAAGGGATCTTCACAT-1_2_1"
"696","CAATACGAGTGACCTT-1_2_1"
"697","CAATACGGTTGCGTAT-1_2_1"
"698","CAATCGACAACGCATT-1_2_1"
"699","CAATCGAGTCAGGAGT-1_2_1"
"700","CAATCGAGTTAGCTAC-1_2_1"
"701","CAATCGATCCTAACAG-1_2_1"
"702","CAATGACCACCCTCTA-1_2_1"
"703","CAATGACCATTGACCA-1_2_1"
"704","CAATGACGTGTTAACC-1_2_1"
"705","CAATGACGTTCTCCCA-1_2_1"
"706","CAATTTCAGTCAGCGA-1_2_1"
"707","CAATTTCCATTACGGT-1_2_1"
"708","CACAACAGTCTATGAC-1_2_1"
"709","CACAACAGTGTTCGAT-1_2_1"
"710","CACACAAAGAGCGACT-1_2_1"
"711","CACACAACAGAGTCAG-1_2_1"
"712","CACACAACATGTGTCA-1_2_1"
"713","CACACAATCTGACAGT-1_2_1"
"714","CACACAATCTGGGCCA-1_2_1"
"715","CACAGATCAAGGTCTT-1_2_1"
"716","CACAGATCATGTACGT-1_2_1"
"717","CACAGATGTACACTCA-1_2_1"
"718","CACAGATGTAGTATAG-1_2_1"
"719","CACATGAAGAAGCCTG-1_2_1"
"720","CACATGAAGTGCCCGT-1_2_1"
"721","CACATGACAGCGATTT-1_2_1"
"722","CACATGAGTAGATTGA-1_2_1"
"723","CACATGATCAAAGCCT-1_2_1"
"724","CACCAAACAGCTCCTT-1_2_1"
"725","CACCAAAGTACGATTC-1_2_1"
"726","CACCAAAGTTTCTTAC-1_2_1"
"727","CACCGTTAGTATAACG-1_2_1"
"728","CACCGTTGTTCTAAGC-1_2_1"
"729","CACCGTTTCCCGTAAA-1_2_1"
"730","CACCGTTTCGTCCTCA-1_2_1"
"731","CACGAATAGCGACTGA-1_2_1"
"732","CACGGGTAGTAGTCCT-1_2_1"
"733","CACGGGTCATAAGATG-1_2_1"
"734","CACGTGGAGAAGCCAC-1_2_1"
"735","CACGTGGAGAGTTGCG-1_2_1"
"736","CACGTGGCATCACAGT-1_2_1"
"737","CACGTGGGTCGGTAAG-1_2_1"
"738","CACGTGGGTGGGACAT-1_2_1"
"739","CACGTGGGTTGCTTGA-1_2_1"
"740","CACGTTCCAGCAGTCC-1_2_1"
"741","CACGTTCCATATACCG-1_2_1"
"742","CACGTTCGTCTCACGG-1_2_1"
"743","CACGTTCGTGGTCCGT-1_2_1"
"744","CACGTTCGTTGAGTCT-1_2_1"
"745","CACTAAGAGAGAATCT-1_2_1"
"746","CACTGAAAGAGTGTTA-1_2_1"
"747","CACTGAAAGCAACTTC-1_2_1"
"748","CACTGAACACAGACGA-1_2_1"
"749","CACTGAACACGGCCAT-1_2_1"
"750","CACTGAAGTATCACCA-1_2_1"
"751","CACTGGGCAATCGTCA-1_2_1"
"752","CACTGGGCATCGGCCA-1_2_1"
"753","CACTGTCAGCGCAATG-1_2_1"
"754","CACTGTCGTAATCAGA-1_2_1"
"755","CACTGTCGTATTCTCT-1_2_1"
"756","CACTGTCGTGATTGGG-1_2_1"
"757","CACTTCGAGGCTGTAG-1_2_1"
"758","CACTTCGGTGGACCTC-1_2_1"
"759","CAGAGCCAGGGTCACA-1_2_1"
"760","CAGAGCCAGTTGAATG-1_2_1"
"761","CAGAGCCCAGGCAATG-1_2_1"
"762","CAGAGCCCATTGAAAG-1_2_1"
"763","CAGAGCCGTGTTCGAT-1_2_1"
"764","CAGAGCCTCCCGAATA-1_2_1"
"765","CAGATACCAACACGAG-1_2_1"
"766","CAGATACCACTTCAGA-1_2_1"
"767","CAGATACTCATCACTT-1_2_1"
"768","CAGATACTCGTCGATA-1_2_1"
"769","CAGATCAGTGATGAAT-1_2_1"
"770","CAGATCATCACGGTCG-1_2_1"
"771","CAGATTGTCTTCGATT-1_2_1"
"772","CAGCAATAGGATATGT-1_2_1"
"773","CAGCAATCACAATGAA-1_2_1"
"774","CAGCACGAGTGATAAC-1_2_1"
"775","CAGCACGCATACCAGT-1_2_1"
"776","CAGCAGCCAGTCGAGA-1_2_1"
"777","CAGCAGCCATTGGCAT-1_2_1"
"778","CAGCCAGCATTAAGCC-1_2_1"
"779","CAGCCAGTCATAAGGA-1_2_1"
"780","CAGCCAGTCTCTTGCG-1_2_1"
"781","CAGCGTGGTGAGGATC-1_2_1"
"782","CAGGGCTAGAGCCTGA-1_2_1"
"783","CAGGGCTAGCTAGCCC-1_2_1"
"784","CAGGGCTCAGGTTCAT-1_2_1"
"785","CAGGGCTGTTCCGTTC-1_2_1"
"786","CAGGTATAGCGGTATG-1_2_1"
"787","CAGTGCGAGACATGCG-1_2_1"
"788","CAGTGCGAGGGTCAAC-1_2_1"
"789","CAGTGCGCAACTGATC-1_2_1"
"790","CAGTGCGGTTACCCTC-1_2_1"
"791","CAGTTAGCAAGAGTTA-1_2_1"
"792","CAGTTAGGTGTCGCTG-1_2_1"
"793","CAGTTCCAGAGCTGAC-1_2_1"
"794","CAGTTCCCAGCAGTAG-1_2_1"
"795","CAGTTCCGTGAACGGT-1_2_1"
"796","CATAAGCGTTGCCGCA-1_2_1"
"797","CATAAGCTCGCGGACT-1_2_1"
"798","CATACAGCACGCGCAT-1_2_1"
"799","CATACAGCAGCGCGTT-1_2_1"
"800","CATACAGCATTGCCTC-1_2_1"
"801","CATACCCTCCCATGGG-1_2_1"
"802","CATACCCTCCGACAGC-1_2_1"
"803","CATACTTGTACGAGTG-1_2_1"
"804","CATACTTTCCATAAGC-1_2_1"
"805","CATACTTTCCTATTTG-1_2_1"
"806","CATAGACAGACATAGT-1_2_1"
"807","CATAGACCAGAGTTGG-1_2_1"
"808","CATAGACGTCCTATAG-1_2_1"
"809","CATAGACGTTACCGTA-1_2_1"
"810","CATCAAGGTACGACAG-1_2_1"
"811","CATCAAGGTGCTGATT-1_2_1"
"812","CATCAAGGTTTGACAC-1_2_1"
"813","CATCAAGTCACCTACC-1_2_1"
"814","CATCCACAGAGGTATT-1_2_1"
"815","CATCCACTCGTTAGTG-1_2_1"
"816","CATCCCACAAGCTGTT-1_2_1"
"817","CATCCCAGTCGATGCC-1_2_1"
"818","CATCCCAGTCTGTCAA-1_2_1"
"819","CATCCCAGTTACACAC-1_2_1"
"820","CATCCCATCGTTCAGA-1_2_1"
"821","CATCCGTCAGTCTACA-1_2_1"
"822","CATCGCTAGCACTAAA-1_2_1"
"823","CATCGCTAGCGATGCA-1_2_1"
"824","CATCGCTCAGTGTATC-1_2_1"
"825","CATCGGGAGGCGTCCT-1_2_1"
"826","CATCGGGGTTTCGTAG-1_2_1"
"827","CATCGTCCAAGCGAGT-1_2_1"
"828","CATGAGTAGAGTCACG-1_2_1"
"829","CATGAGTCAGAGTTGG-1_2_1"
"830","CATGAGTCAGCGTATT-1_2_1"
"831","CATGCAAAGATTGACA-1_2_1"
"832","CATGCAACATGTGGCC-1_2_1"
"833","CATGCAAGTCATCTAG-1_2_1"
"834","CATGCAATCGTGTTCC-1_2_1"
"835","CATGCCTCAAATGATG-1_2_1"
"836","CATGCCTTCCTCACTG-1_2_1"
"837","CATGCGGAGACATCAA-1_2_1"
"838","CATGCGGGTCAGACGA-1_2_1"
"839","CATGCGGGTGGTCCGT-1_2_1"
"840","CATGCGGTCGAATCCA-1_2_1"
"841","CATGCGGTCGCAATTG-1_2_1"
"842","CATGCTCAGTGCAGGT-1_2_1"
"843","CATGCTCCAGGTCAAG-1_2_1"
"844","CATGCTCGTGGTCAAG-1_2_1"
"845","CATGCTCGTGTTTACG-1_2_1"
"846","CATGCTCTCTTTCCGG-1_2_1"
"847","CATGGATCACTACCGG-1_2_1"
"848","CATGGATCATCAGTGT-1_2_1"
"849","CATGGATTCTATTTCG-1_2_1"
"850","CATGGTACAGCTGAGA-1_2_1"
"851","CATTCATAGATAACAC-1_2_1"
"852","CATTCATAGCATGTTC-1_2_1"
"853","CATTCATCACGTCATA-1_2_1"
"854","CATTCATGTAGTCGTT-1_2_1"
"855","CATTCATGTGTAAACA-1_2_1"
"856","CATTCATTCCACTTCG-1_2_1"
"857","CATTCCGAGTTTGAGA-1_2_1"
"858","CATTCCGGTCAGATTC-1_2_1"
"859","CATTCTAAGGGTCACA-1_2_1"
"860","CATTCTAAGTGCTCAT-1_2_1"
"861","CATTGAGTCTGTCCCA-1_2_1"
"862","CATTGCCCAAACCACT-1_2_1"
"863","CATTGCCCAATGCAGG-1_2_1"
"864","CATTGTTAGATGACAT-1_2_1"
"865","CATTGTTTCCCTCGTA-1_2_1"
"866","CATTGTTTCTTACTGT-1_2_1"
"867","CATTTCAAGGTCATTC-1_2_1"
"868","CATTTCACACGCGTCA-1_2_1"
"869","CATTTCACAGCTGAGA-1_2_1"
"870","CATTTCACAGTGTGGA-1_2_1"
"871","CCAAGCGAGTAAGAGG-1_2_1"
"872","CCAAGCGCACGGTCTG-1_2_1"
"873","CCAAGCGTCCTTATGT-1_2_1"
"874","CCAAGCGTCGCCAGAC-1_2_1"
"875","CCAATGAAGTAGTCAA-1_2_1"
"876","CCAATGAGTGTTAGCT-1_2_1"
"877","CCAATTTGTAGAATGT-1_2_1"
"878","CCACAAAAGGTGCTTT-1_2_1"
"879","CCACAAACAGCATCTA-1_2_1"
"880","CCACAAACATTAAGCC-1_2_1"
"881","CCACAAATCCACGGGT-1_2_1"
"882","CCACACTGTGTATCCA-1_2_1"
"883","CCACCATCAACTACGT-1_2_1"
"884","CCACCATCATGGGAAC-1_2_1"
"885","CCACGAGAGAGATCGC-1_2_1"
"886","CCACGAGCATGTCTAG-1_2_1"
"887","CCACGAGGTGCACATT-1_2_1"
"888","CCACGAGTCGGCGATC-1_2_1"
"889","CCACGTTCACCGGCTA-1_2_1"
"890","CCACGTTCATACCACA-1_2_1"
"891","CCACGTTGTCAGACTT-1_2_1"
"892","CCACGTTGTCTTGCGG-1_2_1"
"893","CCACTTGCAAGTAGTA-1_2_1"
"894","CCACTTGGTCCGCAGT-1_2_1"
"895","CCATAAGGTCTCACAA-1_2_1"
"896","CCATAAGTCGGTATGT-1_2_1"
"897","CCATCACCAGACGCTC-1_2_1"
"898","CCATCACTCCAACACA-1_2_1"
"899","CCATCACTCTGGCCAG-1_2_1"
"900","CCCAACTCATGACGTT-1_2_1"
"901","CCCAACTGTAGCGTCC-1_2_1"
"902","CCCATTGAGACTTCGT-1_2_1"
"903","CCCGGAACAAATGAAC-1_2_1"
"904","CCCGGAACACTAGGCC-1_2_1"
"905","CCCGGAACAGAGAGGG-1_2_1"
"906","CCCGGAATCCTCTCTT-1_2_1"
"907","CCCTAACAGTCATCCA-1_2_1"
"908","CCCTAACAGTCTGCAT-1_2_1"
"909","CCCTAACGTTACACTG-1_2_1"
"910","CCCTCAAAGGAGAGGC-1_2_1"
"911","CCCTCTCAGCCGATAG-1_2_1"
"912","CCCTCTCAGGCCCGTT-1_2_1"
"913","CCCTCTCAGGTGCAGT-1_2_1"
"914","CCCTCTCCATAAGCAA-1_2_1"
"915","CCCTCTCGTATCGCTA-1_2_1"
"916","CCCTCTCGTCGTGGAA-1_2_1"
"917","CCCTGATCACAAGGTG-1_2_1"
"918","CCCTGATCATAATGCC-1_2_1"
"919","CCCTGATTCAAGCCAT-1_2_1"
"920","CCCTTAGCAGACGCTC-1_2_1"
"921","CCCTTAGTCTGCGGCA-1_2_1"
"922","CCGAACGGTGCCGGTT-1_2_1"
"923","CCGAACGTCTGCGGAC-1_2_1"
"924","CCGATCTAGAATCTAG-1_2_1"
"925","CCGATCTGTACGAAAT-1_2_1"
"926","CCGATCTTCTGGTGGC-1_2_1"
"927","CCGATGGGTAATCAAG-1_2_1"
"928","CCGATGGGTTGGTACT-1_2_1"
"929","CCGCAAGCAGCTTCCT-1_2_1"
"930","CCGGACAAGAACAGGA-1_2_1"
"931","CCGGACAAGGGTAGCT-1_2_1"
"932","CCGGACACAAGTGGTG-1_2_1"
"933","CCGGACAGTCCAGCAC-1_2_1"
"934","CCGGGTAGTTCACCGG-1_2_1"
"935","CCGGTAGAGGCACCAA-1_2_1"
"936","CCGGTAGAGTTAGAAC-1_2_1"
"937","CCGGTAGAGTTTAGGA-1_2_1"
"938","CCGGTGACAACCCTCT-1_2_1"
"939","CCGGTGACAGATAAAC-1_2_1"
"940","CCGGTGAGTAGGTGCA-1_2_1"
"941","CCGGTGAGTTAAGGGC-1_2_1"
"942","CCGTAGGCAACACAGG-1_2_1"
"943","CCGTAGGCACGGGTAA-1_2_1"
"944","CCGTAGGCACTTTATC-1_2_1"
"945","CCGTAGGGTCCAGCAC-1_2_1"
"946","CCGTAGGGTGTATCCA-1_2_1"
"947","CCGTTCACAAGTTCCA-1_2_1"
"948","CCGTTCAGTTAAACAG-1_2_1"
"949","CCTAACCCAGGCTATT-1_2_1"
"950","CCTAACCCAGTTCACA-1_2_1"
"951","CCTAACCGTCAAGTTC-1_2_1"
"952","CCTAACCTCTCAGTCC-1_2_1"
"953","CCTAAGACAGTCAGCC-1_2_1"
"954","CCTAAGATCGAACCAT-1_2_1"
"955","CCTACGTAGTCGAAGC-1_2_1"
"956","CCTACGTCAAACCGGA-1_2_1"
"957","CCTACGTGTTACGTAC-1_2_1"
"958","CCTACGTTCCTAGCGG-1_2_1"
"959","CCTATCGAGTCACGAG-1_2_1"
"960","CCTCAACGTCGCATGC-1_2_1"
"961","CCTCAACTCTCTAAGG-1_2_1"
"962","CCTCACAGTATGCGGA-1_2_1"
"963","CCTCACATCATGCGGC-1_2_1"
"964","CCTCATGAGCATTGTC-1_2_1"
"965","CCTCATGGTAGGAGGG-1_2_1"
"966","CCTCCAACACGTTCGG-1_2_1"
"967","CCTCCAAGTAGATTGA-1_2_1"
"968","CCTCCAAGTGTTATCG-1_2_1"
"969","CCTCCTCAGAGTATAC-1_2_1"
"970","CCTCCTCCATACAGAA-1_2_1"
"971","CCTCCTCGTACTTGTG-1_2_1"
"972","CCTCCTCGTATAGGGC-1_2_1"
"973","CCTCCTCTCATCCTGC-1_2_1"
"974","CCTCCTCTCCCTCGAT-1_2_1"
"975","CCTCCTCTCCGTGCGA-1_2_1"
"976","CCTCTAGAGAATAACC-1_2_1"
"977","CCTCTAGCAACACGAG-1_2_1"
"978","CCTCTAGGTGTAGGAC-1_2_1"
"979","CCTCTAGTCAGAACCT-1_2_1"
"980","CCTCTCCGTCCCGCAA-1_2_1"
"981","CCTCTCCTCAGACCGC-1_2_1"
"982","CCTGCATCACTATCGA-1_2_1"
"983","CCTGCATCAGAGGCTA-1_2_1"
"984","CCTGCATGTCATCGCG-1_2_1"
"985","CCTGCATGTGGTAATA-1_2_1"
"986","CCTGCATTCCGCGATG-1_2_1"
"987","CCTGTTGAGGGAGGAC-1_2_1"
"988","CCTGTTGGTTCAGCTA-1_2_1"
"989","CCTTCAGAGGGAGGAC-1_2_1"
"990","CCTTCAGCACAACCGC-1_2_1"
"991","CCTTCAGCATAGAGGC-1_2_1"
"992","CCTTCAGCATGAGTAA-1_2_1"
"993","CCTTCAGTCTGCTTTA-1_2_1"
"994","CCTTGTGCACGTCTCT-1_2_1"
"995","CCTTGTGCAGGTGGAT-1_2_1"
"996","CCTTGTGTCCCGTTCA-1_2_1"
"997","CCTTTGGAGATACCAA-1_2_1"
"998","CCTTTGGGTGGCCACT-1_2_1"
"999","CGAAGGACACATTGTG-1_2_1"
"1000","CGAAGGAGTCGCGTCA-1_2_1"
"1001","CGAAGGAGTGTAACGG-1_2_1"
"1002","CGAATTGCAGCTAACT-1_2_1"
"1003","CGACAGCAGAGGTATT-1_2_1"
"1004","CGACAGCCAAGACCGA-1_2_1"
"1005","CGACAGCCATAGCTGT-1_2_1"
"1006","CGACAGCGTCCTTTGC-1_2_1"
"1007","CGACAGCTCGAGAATA-1_2_1"
"1008","CGAGAAGAGGGCAGTT-1_2_1"
"1009","CGAGAAGCAGGCCCTA-1_2_1"
"1010","CGAGAAGCATTCATCT-1_2_1"
"1011","CGAGAAGGTACGTGAG-1_2_1"
"1012","CGAGAAGGTCGACTGC-1_2_1"
"1013","CGAGGAAAGGCTTCCG-1_2_1"
"1014","CGAGGAACATTGGATC-1_2_1"
"1015","CGAGGAAGTGATTCAC-1_2_1"
"1016","CGAGGAATCAACTACG-1_2_1"
"1017","CGAGGCTAGGAGTCTG-1_2_1"
"1018","CGAGGCTCAACAGCCC-1_2_1"
"1019","CGAGGCTCAGTCAGAG-1_2_1"
"1020","CGAGGCTTCCTATTGT-1_2_1"
"1021","CGAGGCTTCGCCTCTA-1_2_1"
"1022","CGAGTGCAGAACCGCA-1_2_1"
"1023","CGAGTGCAGACGCTCC-1_2_1"
"1024","CGAGTGCAGAGCCATG-1_2_1"
"1025","CGAGTTAAGCACCCAC-1_2_1"
"1026","CGAGTTAGTCAACCAT-1_2_1"
"1027","CGATCGGAGCACACAG-1_2_1"
"1028","CGATCGGAGTGCGACA-1_2_1"
"1029","CGATCGGCATTGAGCT-1_2_1"
"1030","CGATGCGAGCTCTTCC-1_2_1"
"1031","CGATGCGCAGAGTGTG-1_2_1"
"1032","CGATGCGCATATCTCT-1_2_1"
"1033","CGATGGCAGCTGACAG-1_2_1"
"1034","CGATGGCCATGTGTCA-1_2_1"
"1035","CGATGGCGTTGGACTT-1_2_1"
"1036","CGATGGCTCGGCTCTT-1_2_1"
"1037","CGATGGCTCTCAGAAC-1_2_1"
"1038","CGCAGGTAGATGCGAC-1_2_1"
"1039","CGCAGGTGTACACGTT-1_2_1"
"1040","CGCATAACAATTGAAG-1_2_1"
"1041","CGCATAACAGACTCTA-1_2_1"
"1042","CGCATAACAGCCATTA-1_2_1"
"1043","CGCATAAGTATTTCCT-1_2_1"
"1044","CGCATAAGTTAAAGTG-1_2_1"
"1045","CGCATAATCATCCCGT-1_2_1"
"1046","CGCATAATCCCGGTAG-1_2_1"
"1047","CGCATGGAGCATATGA-1_2_1"
"1048","CGCATGGAGCTAAGTA-1_2_1"
"1049","CGCCAGAAGCACCTGC-1_2_1"
"1050","CGCCAGACACACCTTC-1_2_1"
"1051","CGCCAGACATTCTCCG-1_2_1"
"1052","CGCCATTGTAGACACG-1_2_1"
"1053","CGCGTGACAATGAACA-1_2_1"
"1054","CGCGTGACAATTAGGA-1_2_1"
"1055","CGCGTGATCCCTTGGT-1_2_1"
"1056","CGGAACCAGACTACGG-1_2_1"
"1057","CGGAATTCAAAGAACT-1_2_1"
"1058","CGGAATTCACATTACG-1_2_1"
"1059","CGGAATTCAGGCTTGC-1_2_1"
"1060","CGGAATTCAGGGTCTC-1_2_1"
"1061","CGGAATTCATCGTCCT-1_2_1"
"1062","CGGAATTTCGTCGATA-1_2_1"
"1063","CGGACACCAGCACGAA-1_2_1"
"1064","CGGACACGTATCAGGG-1_2_1"
"1065","CGGACACGTCGTCGGT-1_2_1"
"1066","CGGAGAAAGCTGAGTG-1_2_1"
"1067","CGGAGAAGTCGATTTG-1_2_1"
"1068","CGGAGAAGTTTAGACC-1_2_1"
"1069","CGGAGAATCTAAACGC-1_2_1"
"1070","CGGGACTTCGTGGTAT-1_2_1"
"1071","CGGGCATAGGTGCTAG-1_2_1"
"1072","CGGGCATGTTTGATCG-1_2_1"
"1073","CGGGCATTCTTAATCC-1_2_1"
"1074","CGGGTCAGTACAGTCT-1_2_1"
"1075","CGGGTCATCATCTCTA-1_2_1"
"1076","CGGGTGTCAGCTCCTT-1_2_1"
"1077","CGGGTGTCAGGTTCCG-1_2_1"
"1078","CGGGTGTTCCACGAAT-1_2_1"
"1079","CGGGTGTTCGCCGAAC-1_2_1"
"1080","CGGTCAGGTCCCGTGA-1_2_1"
"1081","CGGTCAGGTGGCTGAA-1_2_1"
"1082","CGTAAGTAGCAAGGAA-1_2_1"
"1083","CGTAAGTAGTCACTGT-1_2_1"
"1084","CGTAAGTCACGTTCGG-1_2_1"
"1085","CGTAAGTGTGCGCTCA-1_2_1"
"1086","CGTAATGCACTTGAAC-1_2_1"
"1087","CGTAATGCATTAGGCT-1_2_1"
"1088","CGTAATGGTTGTGCAT-1_2_1"
"1089","CGTAGTAAGGAGCAAA-1_2_1"
"1090","CGTAGTATCGAGTGGA-1_2_1"
"1091","CGTCAAAAGACTCTAC-1_2_1"
"1092","CGTCCATGTCACCACG-1_2_1"
"1093","CGTCCATGTTCAAGTC-1_2_1"
"1094","CGTCCATGTTTACTTC-1_2_1"
"1095","CGTGAATAGGTCGTCC-1_2_1"
"1096","CGTGAATAGGTGGTTG-1_2_1"
"1097","CGTGAATAGTAAATGC-1_2_1"
"1098","CGTGAATCACTCATAG-1_2_1"
"1099","CGTGATAAGACCTGGA-1_2_1"
"1100","CGTGATAGTTAGAGTA-1_2_1"
"1101","CGTGATATCCCGAGTG-1_2_1"
"1102","CGTGCTTGTCAGTCCG-1_2_1"
"1103","CGTGCTTTCGTGGGAA-1_2_1"
"1104","CGTTAGAAGAAGCCAC-1_2_1"
"1105","CGTTAGAAGACGGATC-1_2_1"
"1106","CGTTAGAAGGGATCGT-1_2_1"
"1107","CGTTAGAAGTCATCCA-1_2_1"
"1108","CGTTAGAGTAAGTTGA-1_2_1"
"1109","CGTTAGATCAAGTGGG-1_2_1"
"1110","CGTTCTGAGCTATCCA-1_2_1"
"1111","CGTTCTGCAGAAGTTA-1_2_1"
"1112","CGTTCTGCAGGATGAC-1_2_1"
"1113","CGTTCTGTCCGTGTGG-1_2_1"
"1114","CGTTGGGAGAGTCTTC-1_2_1"
"1115","CGTTGGGAGATGCCGA-1_2_1"
"1116","CGTTGGGAGGTAAACT-1_2_1"
"1117","CGTTGGGGTAACATCC-1_2_1"
"1118","CGTTGGGGTCATGACT-1_2_1"
"1119","CGTTGGGTCGCCTAGG-1_2_1"
"1120","CGTTGGGTCTCTTGCG-1_2_1"
"1121","CTAACCCGTCATAACC-1_2_1"
"1122","CTAACCCTCCGTGGCA-1_2_1"
"1123","CTAACTTCACCTCAGG-1_2_1"
"1124","CTAAGTGCAATCGTCA-1_2_1"
"1125","CTAAGTGCAGTGAGCA-1_2_1"
"1126","CTAAGTGGTCCGTACG-1_2_1"
"1127","CTAAGTGTCATTTGCT-1_2_1"
"1128","CTACAGACAAACTCTG-1_2_1"
"1129","CTACAGATCATTTGCT-1_2_1"
"1130","CTACAGATCTGGGATT-1_2_1"
"1131","CTACATTCAGGTCAAG-1_2_1"
"1132","CTACATTCATAACAGA-1_2_1"
"1133","CTACATTGTAGCACGA-1_2_1"
"1134","CTACCCAAGATGAATC-1_2_1"
"1135","CTACCCAGTCGAGTGA-1_2_1"
"1136","CTACCTGAGTGGACGT-1_2_1"
"1137","CTACCTGTCCCTCTCC-1_2_1"
"1138","CTACGGGAGTTTGGCT-1_2_1"
"1139","CTACGGGGTCGGAACA-1_2_1"
"1140","CTACTATCAGCGGTTC-1_2_1"
"1141","CTACTATTCGAGATGG-1_2_1"
"1142","CTAGACAAGAACCCGA-1_2_1"
"1143","CTAGACAAGCAATAGT-1_2_1"
"1144","CTAGACACAGAGTTGG-1_2_1"
"1145","CTAGACACAGGAGGAG-1_2_1"
"1146","CTAGGTATCAGCTCTC-1_2_1"
"1147","CTAGGTATCTTCTCAA-1_2_1"
"1148","CTATAGGAGAGCCTGA-1_2_1"
"1149","CTATAGGAGGACTATA-1_2_1"
"1150","CTATAGGTCACACCCT-1_2_1"
"1151","CTATCCGAGCGACTGA-1_2_1"
"1152","CTATCCGAGTGCACTT-1_2_1"
"1153","CTATCCGCAAGTCCCG-1_2_1"
"1154","CTATCCGCAATGGCCC-1_2_1"
"1155","CTATCCGCATGAGGGT-1_2_1"
"1156","CTATCCGCATTAAGCC-1_2_1"
"1157","CTCAACCAGGATGCGT-1_2_1"
"1158","CTCAAGAAGGTAGTCG-1_2_1"
"1159","CTCAAGACAATGGCAG-1_2_1"
"1160","CTCAAGAGTAGCTGTT-1_2_1"
"1161","CTCAAGAGTCGAACAG-1_2_1"
"1162","CTCAAGAGTTGGGTTT-1_2_1"
"1163","CTCAAGATCGCACTCT-1_2_1"
"1164","CTCAAGATCGCTGTCT-1_2_1"
"1165","CTCAATTAGAGGGCGA-1_2_1"
"1166","CTCAATTGTCCTGTTC-1_2_1"
"1167","CTCACTGAGTAGACAT-1_2_1"
"1168","CTCACTGGTCGATTTG-1_2_1"
"1169","CTCACTGTCCGTAATG-1_2_1"
"1170","CTCAGAAAGTCAATCC-1_2_1"
"1171","CTCAGAAGTCGCTCGA-1_2_1"
"1172","CTCAGGGAGCCGATTT-1_2_1"
"1173","CTCAGGGAGTGTGTTC-1_2_1"
"1174","CTCAGGGCAAAGGAGA-1_2_1"
"1175","CTCAGGGCAGTTCCAA-1_2_1"
"1176","CTCAGGGCATCCTCAC-1_2_1"
"1177","CTCAGTCAGGAGGCAG-1_2_1"
"1178","CTCAGTCCAACCGCTG-1_2_1"
"1179","CTCATCGAGTAACCTC-1_2_1"
"1180","CTCATCGGTAATACCC-1_2_1"
"1181","CTCATCGGTACAAACA-1_2_1"
"1182","CTCATCGGTTGTTGTG-1_2_1"
"1183","CTCATGCAGGACGCAT-1_2_1"
"1184","CTCATGCAGTCATCCA-1_2_1"
"1185","CTCATGCCATAATCCG-1_2_1"
"1186","CTCATGCTCAAAGCCT-1_2_1"
"1187","CTCATTACAATTCTTC-1_2_1"
"1188","CTCCAACGTCCAAGAG-1_2_1"
"1189","CTCCAACGTGGCCACT-1_2_1"
"1190","CTCCAACGTTATCTTC-1_2_1"
"1191","CTCCACAAGACGGTTG-1_2_1"
"1192","CTCCACACAACCCGCA-1_2_1"
"1193","CTCCACACAGTACTAC-1_2_1"
"1194","CTCCACAGTGTCATTG-1_2_1"
"1195","CTCCACATCTGTAAGC-1_2_1"
"1196","CTCCATGAGGACAGCT-1_2_1"
"1197","CTCCATGAGGAGCAAA-1_2_1"
"1198","CTCCATGCACAGTACT-1_2_1"
"1199","CTCCATGGTAGTGTGG-1_2_1"
"1200","CTCCCAACAAGAGTGC-1_2_1"
"1201","CTCCCAAGTAATGCTC-1_2_1"
"1202","CTCCCAAGTATGTGTC-1_2_1"
"1203","CTCCCTCTCCGCAGTG-1_2_1"
"1204","CTCCGATAGTGGCGAT-1_2_1"
"1205","CTCCGATGTTCGTACA-1_2_1"
"1206","CTCCGATTCACCTCTG-1_2_1"
"1207","CTCCGATTCCTAGAGT-1_2_1"
"1208","CTCCGATTCTACACAG-1_2_1"
"1209","CTCCTCCTCACCTCGT-1_2_1"
"1210","CTCCTCCTCGGCCCAA-1_2_1"
"1211","CTCCTTTAGGTACAGC-1_2_1"
"1212","CTCCTTTCATTCATCT-1_2_1"
"1213","CTCCTTTGTGCAAGAC-1_2_1"
"1214","CTCCTTTGTGGTCTAT-1_2_1"
"1215","CTCGAGGGTCACATTG-1_2_1"
"1216","CTCTCAGAGGTACAGC-1_2_1"
"1217","CTCTCAGTCGTAGGAG-1_2_1"
"1218","CTCTCAGTCTTCGGTC-1_2_1"
"1219","CTCTCGAAGCTTCGTA-1_2_1"
"1220","CTCTCGAGTCCACACG-1_2_1"
"1221","CTCTGGTAGCATCAAA-1_2_1"
"1222","CTCTGGTCAGGTACGA-1_2_1"
"1223","CTCTGGTTCTGAATGC-1_2_1"
"1224","CTGAATGGTATCGATC-1_2_1"
"1225","CTGAGCGCAACATCGT-1_2_1"
"1226","CTGAGCGCAAGGCCTC-1_2_1"
"1227","CTGAGGCGTTTCCCAC-1_2_1"
"1228","CTGATCCGTTGTGGAG-1_2_1"
"1229","CTGATCCTCACCCATC-1_2_1"
"1230","CTGCAGGAGTTTGAGA-1_2_1"
"1231","CTGCAGGCAAGAATGT-1_2_1"
"1232","CTGCAGGGTAGACACG-1_2_1"
"1233","CTGCAGGGTCTTACTT-1_2_1"
"1234","CTGCAGGGTGGCTAGA-1_2_1"
"1235","CTGCATCGTCACATTG-1_2_1"
"1236","CTGCATCTCGTTATCT-1_2_1"
"1237","CTGCCATCAAGTCGTT-1_2_1"
"1238","CTGCCATCACCACATA-1_2_1"
"1239","CTGCCATCATATAGCC-1_2_1"
"1240","CTGCCATGTGGAGAAA-1_2_1"
"1241","CTGCCTACAACGTATC-1_2_1"
"1242","CTGCCTACACTGTCCT-1_2_1"
"1243","CTGCCTACATTGACCA-1_2_1"
"1244","CTGCCTAGTCGTCAGC-1_2_1"
"1245","CTGCCTATCGACCTAA-1_2_1"
"1246","CTGCGAGAGGTTCATC-1_2_1"
"1247","CTGCTCAAGAGAATCT-1_2_1"
"1248","CTGCTCACATGCCGAC-1_2_1"
"1249","CTGCTCATCGTAACTG-1_2_1"
"1250","CTGGACGAGTTTCTTC-1_2_1"
"1251","CTGGACGCACCCTTAC-1_2_1"
"1252","CTGGACGGTCGTCAGC-1_2_1"
"1253","CTGGCAGTCCTCCACA-1_2_1"
"1254","CTGGTCTCAATGGCAG-1_2_1"
"1255","CTGGTCTCAGATACTC-1_2_1"
"1256","CTGGTCTTCAAATGAG-1_2_1"
"1257","CTGGTCTTCCTCTCGA-1_2_1"
"1258","CTGTACCAGGCCTGAA-1_2_1"
"1259","CTGTACCCAGCAGTGA-1_2_1"
"1260","CTGTACCGTCAGGAGT-1_2_1"
"1261","CTGTACCTCGTTCAGA-1_2_1"
"1262","CTGTACCTCTCCTGAC-1_2_1"
"1263","CTGTAGACACCTCGTT-1_2_1"
"1264","CTGTAGACATCAACCA-1_2_1"
"1265","CTGTAGAGTATCGAAA-1_2_1"
"1266","CTGTAGAGTGGAGAAA-1_2_1"
"1267","CTGTAGATCTCAATCT-1_2_1"
"1268","CTGTATTGTATCGATC-1_2_1"
"1269","CTGTATTTCACTGAAC-1_2_1"
"1270","CTGTATTTCGACGCTG-1_2_1"
"1271","CTGTCGTCAGCAGTAG-1_2_1"
"1272","CTGTCGTGTTCCTACC-1_2_1"
"1273","CTGTGAACACCCAACG-1_2_1"
"1274","CTGTGAACATGAAGGC-1_2_1"
"1275","CTGTGAATCAGAGCAG-1_2_1"
"1276","CTTACCGAGACTCTAC-1_2_1"
"1277","CTTACCGAGATCCTAC-1_2_1"
"1278","CTTACCGAGTAGCATA-1_2_1"
"1279","CTTACCGAGTGCTAGG-1_2_1"
"1280","CTTACCGTCACCTCGT-1_2_1"
"1281","CTTAGGACATCGGAGA-1_2_1"
"1282","CTTAGGAGTGCAACGA-1_2_1"
"1283","CTTCAATGTCATAACC-1_2_1"
"1284","CTTCAATTCCACGAAT-1_2_1"
"1285","CTTCCTTAGTCGGCCT-1_2_1"
"1286","CTTCGGTCACATTCTT-1_2_1"
"1287","CTTCGGTTCGATTGGT-1_2_1"
"1288","CTTCGGTTCTGACAGT-1_2_1"
"1289","CTTCTCTAGGCCACCT-1_2_1"
"1290","CTTCTCTCACAGGATG-1_2_1"
"1291","CTTCTCTGTAATACCC-1_2_1"
"1292","CTTCTCTGTGGGCTCT-1_2_1"
"1293","CTTCTCTTCAGCCTCT-1_2_1"
"1294","CTTGAGACAAGCCTGC-1_2_1"
"1295","CTTGATTGTATGGAAT-1_2_1"
"1296","CTTTCAACAGTATACC-1_2_1"
"1297","CTTTCAAGTCAAGGCA-1_2_1"
"1298","CTTTCAATCTCTCCGA-1_2_1"
"1299","GAAACCTCACTGAATC-1_2_1"
"1300","GAAACCTGTTCTAAGC-1_2_1"
"1301","GAAATGACATAGATCC-1_2_1"
"1302","GAAATGAGTCTACAAC-1_2_1"
"1303","GAAATGATCGAGTCTA-1_2_1"
"1304","GAACACTAGATTGATG-1_2_1"
"1305","GAACACTTCACCTTGC-1_2_1"
"1306","GAACGTTAGAAGAGCA-1_2_1"
"1307","GAACGTTCAGTAGTGG-1_2_1"
"1308","GAACTGTAGCTCCGAC-1_2_1"
"1309","GAACTGTTCGTTGTGA-1_2_1"
"1310","GAAGAATTCTACGGTA-1_2_1"
"1311","GAAGCCCAGCTCGACC-1_2_1"
"1312","GAAGCCCAGGCCACCT-1_2_1"
"1313","GAAGCCCTCAAACTGC-1_2_1"
"1314","GAAGCCCTCGTCGATA-1_2_1"
"1315","GAAGCGACACGACGTC-1_2_1"
"1316","GAAGCGAGTGCTTCAA-1_2_1"
"1317","GAAGCGAGTGGTACAG-1_2_1"
"1318","GAAGCGAGTTGGCCTG-1_2_1"
"1319","GAAGCGATCAGATTGC-1_2_1"
"1320","GAAGCGATCCGCTAGG-1_2_1"
"1321","GAAGGACGTCTCGGAC-1_2_1"
"1322","GAAGGACTCAGATGCT-1_2_1"
"1323","GAAGGGTGTACTCGAT-1_2_1"
"1324","GAAGGGTTCCCTCAAC-1_2_1"
"1325","GAAGGGTTCCGTTTCG-1_2_1"
"1326","GAAGTAAGTCATCGGC-1_2_1"
"1327","GAAGTAAGTCGACTTA-1_2_1"
"1328","GAAGTAAGTTACGTAC-1_2_1"
"1329","GAAGTAATCGCCTAGG-1_2_1"
"1330","GAATAGAAGTCTGGAG-1_2_1"
"1331","GAATCACAGTAAATGC-1_2_1"
"1332","GAATCACCAGAGTCTT-1_2_1"
"1333","GAATCACGTACCCAGC-1_2_1"
"1334","GAATCACTCGCCTTGT-1_2_1"
"1335","GACACGCAGTGATAAC-1_2_1"
"1336","GACACGCGTGTATCCA-1_2_1"
"1337","GACAGCCCACCTATCC-1_2_1"
"1338","GACAGCCCAGGAATAT-1_2_1"
"1339","GACAGCCGTTCCACGG-1_2_1"
"1340","GACAGCCTCAAGATAG-1_2_1"
"1341","GACATCATCACCCTTG-1_2_1"
"1342","GACATCATCCAAGCCG-1_2_1"
"1343","GACATCATCTACGCGG-1_2_1"
"1344","GACCAATCACTACGGC-1_2_1"
"1345","GACCAATGTGGCTGCT-1_2_1"
"1346","GACCCAGAGACGTCCC-1_2_1"
"1347","GACCCAGAGTAAGACT-1_2_1"
"1348","GACCCAGGTGAATTGA-1_2_1"
"1349","GACCCTTAGCTCCACG-1_2_1"
"1350","GACCCTTCAATTCTTC-1_2_1"
"1351","GACCCTTGTGATACCT-1_2_1"
"1352","GACCGTGAGACTTCCA-1_2_1"
"1353","GACCGTGAGCAGCAGT-1_2_1"
"1354","GACCTTCAGGGCAATC-1_2_1"
"1355","GACCTTCCAAAGCTCT-1_2_1"
"1356","GACCTTCGTGCCGGTT-1_2_1"
"1357","GACCTTCTCCAGCCTT-1_2_1"
"1358","GACGCTGCAGACCAAG-1_2_1"
"1359","GACGCTGCATCGATGT-1_2_1"
"1360","GACGCTGGTCATCCGG-1_2_1"
"1361","GACGCTGGTTGAGTCT-1_2_1"
"1362","GACGTTAAGCACCCAC-1_2_1"
"1363","GACGTTAAGGCTCTAT-1_2_1"
"1364","GACGTTATCATGGATC-1_2_1"
"1365","GACGTTATCTCCAAGA-1_2_1"
"1366","GACGTTATCTTGCAGA-1_2_1"
"1367","GACTATGAGCCGATAG-1_2_1"
"1368","GACTATGAGCCTCATA-1_2_1"
"1369","GACTATGGTGGCTTGC-1_2_1"
"1370","GACTCAAAGGATACCG-1_2_1"
"1371","GACTCAACAAGCTACT-1_2_1"
"1372","GACTCTCAGGTAAGTT-1_2_1"
"1373","GACTCTCAGTATGGAT-1_2_1"
"1374","GACTCTCTCAGTGTCA-1_2_1"
"1375","GACTCTCTCTATCGGA-1_2_1"
"1376","GACTGATAGGGTTAAT-1_2_1"
"1377","GACTGATAGTGCAACG-1_2_1"
"1378","GACTGATTCAAGCCCG-1_2_1"
"1379","GACTGATTCCAGGACC-1_2_1"
"1380","GACTGATTCTTACGTT-1_2_1"
"1381","GACTTCCGTCATCGCG-1_2_1"
"1382","GAGAAATAGCGACTTT-1_2_1"
"1383","GAGAAATCATGCCGGT-1_2_1"
"1384","GAGAAATGTTGCTGAT-1_2_1"
"1385","GAGAAATTCTGGGCAC-1_2_1"
"1386","GAGACCCAGCAAACAT-1_2_1"
"1387","GAGACCCCAAGGTCTT-1_2_1"
"1388","GAGACCCGTGAGCAGT-1_2_1"
"1389","GAGACTTCAAGTGCAG-1_2_1"
"1390","GAGACTTCATGACCCG-1_2_1"
"1391","GAGACTTTCGCTCTAC-1_2_1"
"1392","GAGAGGTAGCTATCCA-1_2_1"
"1393","GAGAGGTGTCACCGAC-1_2_1"
"1394","GAGAGGTGTGGAAGTC-1_2_1"
"1395","GAGATGGAGATAGCAT-1_2_1"
"1396","GAGATGGAGTTTCAGC-1_2_1"
"1397","GAGATGGCATGGACAG-1_2_1"
"1398","GAGATGGGTGAGTTTC-1_2_1"
"1399","GAGCCTGCATGGGTCC-1_2_1"
"1400","GAGCCTGGTGTGTACT-1_2_1"
"1401","GAGCTGCAGACGCCCT-1_2_1"
"1402","GAGCTGCAGGGCCCTT-1_2_1"
"1403","GAGCTGCTCGCACGAC-1_2_1"
"1404","GAGGCAAAGTCGAGGT-1_2_1"
"1405","GAGGCAAGTTGGCCGT-1_2_1"
"1406","GAGGCAATCCTGGGTG-1_2_1"
"1407","GAGGCCTAGTATCTGC-1_2_1"
"1408","GAGGCCTAGTGCACAG-1_2_1"
"1409","GAGGCCTCACCGCTGA-1_2_1"
"1410","GAGGCCTGTGTAAACA-1_2_1"
"1411","GAGGGATAGTTGCTCA-1_2_1"
"1412","GAGGGATCACTAGTAC-1_2_1"
"1413","GAGGGATCAGACACCC-1_2_1"
"1414","GAGGGATGTCCGTTTC-1_2_1"
"1415","GAGGGATGTGTTAAAG-1_2_1"
"1416","GAGGGATTCGGTGTAT-1_2_1"
"1417","GAGGGATTCTAGACCA-1_2_1"
"1418","GAGGGTACAATGTTGC-1_2_1"
"1419","GAGTCATAGGACAACC-1_2_1"
"1420","GAGTCATAGGTCGAGT-1_2_1"
"1421","GAGTCATGTGCTCGTG-1_2_1"
"1422","GAGTCTAAGACCAAAT-1_2_1"
"1423","GAGTCTAAGGTCATTC-1_2_1"
"1424","GAGTCTAAGTTCCATG-1_2_1"
"1425","GAGTGAGGTGTCCAAT-1_2_1"
"1426","GAGTGTTCACGCACCA-1_2_1"
"1427","GAGTGTTGTAGGTGCA-1_2_1"
"1428","GAGTGTTGTCTTCATT-1_2_1"
"1429","GAGTGTTTCCCGAGAC-1_2_1"
"1430","GAGTTACCAGTTAGGG-1_2_1"
"1431","GAGTTACGTCATAAAG-1_2_1"
"1432","GAGTTACGTCTAATCG-1_2_1"
"1433","GAGTTACGTGGCTTAT-1_2_1"
"1434","GAGTTGTGTCGGAAAC-1_2_1"
"1435","GAGTTTGCACCAGGTC-1_2_1"
"1436","GAGTTTGCAGCTGTAT-1_2_1"
"1437","GAGTTTGCATCTTAGG-1_2_1"
"1438","GATAGAAAGCTCGCAC-1_2_1"
"1439","GATAGAACAAGCGAGT-1_2_1"
"1440","GATAGAACAGCTGAAG-1_2_1"
"1441","GATAGAATCTCTTGCG-1_2_1"
"1442","GATAGCTTCCAGCTCT-1_2_1"
"1443","GATAGCTTCCCGTAAA-1_2_1"
"1444","GATCACAAGAGGTTAT-1_2_1"
"1445","GATCACACATCCGGCA-1_2_1"
"1446","GATCACAGTTCTCCCA-1_2_1"
"1447","GATCATGCACCAGCGT-1_2_1"
"1448","GATCATGTCGAATGCT-1_2_1"
"1449","GATCCCTCAGTAACCT-1_2_1"
"1450","GATCCCTGTGCTCCGA-1_2_1"
"1451","GATCCCTGTTAATCGC-1_2_1"
"1452","GATCGTAGTTGCAAGG-1_2_1"
"1453","GATCGTATCCAAGCTA-1_2_1"
"1454","GATGACTAGAGTAACT-1_2_1"
"1455","GATGACTAGCTCCATA-1_2_1"
"1456","GATGACTTCAACCTTT-1_2_1"
"1457","GATGAGGCAGACATCT-1_2_1"
"1458","GATGATCCAAACTCTG-1_2_1"
"1459","GATGATCCAAAGGTTA-1_2_1"
"1460","GATGATCTCGCTCATC-1_2_1"
"1461","GATGATCTCTGACAGT-1_2_1"
"1462","GATGCTAAGTATGAAC-1_2_1"
"1463","GATGCTACAATGAAAC-1_2_1"
"1464","GATGGAGCAGCTTTGA-1_2_1"
"1465","GATGGAGTCTCAGGCG-1_2_1"
"1466","GATGGAGTCTGCGGCA-1_2_1"
"1467","GATGTTGAGATGACAT-1_2_1"
"1468","GATGTTGCAAATACAG-1_2_1"
"1469","GATGTTGCACATTCTT-1_2_1"
"1470","GATGTTGCACCCTTGT-1_2_1"
"1471","GATGTTGTCCCGAACG-1_2_1"
"1472","GATTCGAAGACTAAGT-1_2_1"
"1473","GATTCGACACGTAACT-1_2_1"
"1474","GATTCGACACTCATAG-1_2_1"
"1475","GATTCGAGTAGGCTCC-1_2_1"
"1476","GATTCGAGTTGGCCGT-1_2_1"
"1477","GATTCTTAGGTAAGGA-1_2_1"
"1478","GATTCTTGTCACCACG-1_2_1"
"1479","GATTCTTGTTGGACTT-1_2_1"
"1480","GATTCTTGTTTCTTAC-1_2_1"
"1481","GATTGGTTCCTAAGTG-1_2_1"
"1482","GATTTCTAGAACGTGC-1_2_1"
"1483","GATTTCTCACTTCATT-1_2_1"
"1484","GATTTCTTCAACTTTC-1_2_1"
"1485","GCAACATAGAGTCGAC-1_2_1"
"1486","GCACATACATGTCTAG-1_2_1"
"1487","GCACATAGTCGTCTCT-1_2_1"
"1488","GCACATAGTTCGGTAT-1_2_1"
"1489","GCACGGTAGTACTGGG-1_2_1"
"1490","GCACGGTTCCGCGATG-1_2_1"
"1491","GCACGGTTCCTTCTAA-1_2_1"
"1492","GCACGTGAGCCATCCG-1_2_1"
"1493","GCACTAACATCGCTAA-1_2_1"
"1494","GCACTAATCACACCCT-1_2_1"
"1495","GCAGCCAAGCGTCTCG-1_2_1"
"1496","GCAGCCAGTCAAAGAT-1_2_1"
"1497","GCAGCTGCACGGTAGA-1_2_1"
"1498","GCAGCTGCATATTCGG-1_2_1"
"1499","GCAGCTGGTGTTCCAA-1_2_1"
"1500","GCAGGCTGTCTGTCCT-1_2_1"
"1501","GCAGTTAAGACCCTTA-1_2_1"
"1502","GCAGTTACATGAGAAT-1_2_1"
"1503","GCAGTTATCCATCACC-1_2_1"
"1504","GCATCGGGTAAGCGGT-1_2_1"
"1505","GCATCGGGTCATTGCA-1_2_1"
"1506","GCATCGGTCTAACGGT-1_2_1"
"1507","GCATCTCCATGATGCT-1_2_1"
"1508","GCATCTCGTGGAATGC-1_2_1"
"1509","GCATCTCTCCTTGAAG-1_2_1"
"1510","GCATGATAGAGTTCGG-1_2_1"
"1511","GCATTAGAGATGACCG-1_2_1"
"1512","GCATTAGGTACGGGAT-1_2_1"
"1513","GCATTAGGTACTGAGG-1_2_1"
"1514","GCATTAGTCCATCTAT-1_2_1"
"1515","GCCAACGAGACCACGA-1_2_1"
"1516","GCCAACGCAGCCATTA-1_2_1"
"1517","GCCAACGCATTCGGGC-1_2_1"
"1518","GCCAACGGTCTGTGAT-1_2_1"
"1519","GCCAACGGTTATGGTC-1_2_1"
"1520","GCCAACGGTTCAAGGG-1_2_1"
"1521","GCCAACGTCAAGAATG-1_2_1"
"1522","GCCAGCAAGTTGTCAC-1_2_1"
"1523","GCCAGCACATACGCAT-1_2_1"
"1524","GCCAGCAGTAAGGAGA-1_2_1"
"1525","GCCAGCATCACCTCGT-1_2_1"
"1526","GCCAGGTCACAACGCC-1_2_1"
"1527","GCCAGGTGTCCTCAGG-1_2_1"
"1528","GCCAGGTTCTGGTGCG-1_2_1"
"1529","GCCAGTGCAGGAGGAG-1_2_1"
"1530","GCCAGTGGTGCTCGTG-1_2_1"
"1531","GCCATGGCAGCGAGTA-1_2_1"
"1532","GCCATGGGTAGCTGCC-1_2_1"
"1533","GCCATGGTCTTAAGGC-1_2_1"
"1534","GCCATTCAGCGTTAGG-1_2_1"
"1535","GCCATTCGTTGCACGC-1_2_1"
"1536","GCCCAGACAGGTGTGA-1_2_1"
"1537","GCCCAGAGTGTGAATA-1_2_1"
"1538","GCCCGAAGTCCAACGC-1_2_1"
"1539","GCCCGAAGTCCAATCA-1_2_1"
"1540","GCCGATGAGAGCCATG-1_2_1"
"1541","GCCGATGCACCTGTCT-1_2_1"
"1542","GCCGTGAGTATACCCA-1_2_1"
"1543","GCCGTGAGTTAGCTAC-1_2_1"
"1544","GCCTGTTAGGGATCGT-1_2_1"
"1545","GCGAGAATCTCCACTG-1_2_1"
"1546","GCGATCGAGCATCCTA-1_2_1"
"1547","GCGATCGAGCCGAACA-1_2_1"
"1548","GCGATCGAGGTAGTCG-1_2_1"
"1549","GCGATCGGTCACGTGC-1_2_1"
"1550","GCGGAAAAGTAAACTG-1_2_1"
"1551","GCGGAAACAAAGACTA-1_2_1"
"1552","GCGGAAACATATCGGT-1_2_1"
"1553","GCGGAAACATCAGCAT-1_2_1"
"1554","GCGGAAAGTACGTACT-1_2_1"
"1555","GCGGATCCAAGCGAGT-1_2_1"
"1556","GCGGATCCACACCGAC-1_2_1"
"1557","GCGTGCACACATTCTT-1_2_1"
"1558","GCGTGCATCGTTCTCG-1_2_1"
"1559","GCTACAAAGGTAAGGA-1_2_1"
"1560","GCTACAACAAAGCTAA-1_2_1"
"1561","GCTACAATCATCGGGC-1_2_1"
"1562","GCTACCTAGATACGAT-1_2_1"
"1563","GCTACCTCAACGATCT-1_2_1"
"1564","GCTCAAAAGACGGTCA-1_2_1"
"1565","GCTCAAAGTACGTTCA-1_2_1"
"1566","GCTCAAATCTTAATCC-1_2_1"
"1567","GCTGAATCAACTCATG-1_2_1"
"1568","GCTGCAGAGCCTTTGA-1_2_1"
"1569","GCTGCAGGTTCCGCAG-1_2_1"
"1570","GCTGCAGTCCGTCCTA-1_2_1"
"1571","GCTGGGTAGTGGACTG-1_2_1"
"1572","GCTTCACAGTAAGCAT-1_2_1"
"1573","GCTTCACTCTGTGCAA-1_2_1"
"1574","GCTTGGGTCCTAGCTC-1_2_1"
"1575","GCTTTCGGTGCAATGG-1_2_1"
"1576","GCTTTCGTCCATTGGA-1_2_1"
"1577","GCTTTCGTCGACGATT-1_2_1"
"1578","GGAACCCAGAACTGAT-1_2_1"
"1579","GGAACCCAGAATTGTG-1_2_1"
"1580","GGAACCCGTGTGTGGA-1_2_1"
"1581","GGAACCCTCAACTTTC-1_2_1"
"1582","GGAAGTGCAATGGCAG-1_2_1"
"1583","GGAAGTGCAGACTGCC-1_2_1"
"1584","GGAAGTGGTAATCAAG-1_2_1"
"1585","GGAATCTGTCCCGGTA-1_2_1"
"1586","GGAATCTGTTCTCAGA-1_2_1"
"1587","GGAATCTTCTTGGGCG-1_2_1"
"1588","GGAATGGCACTGCGAC-1_2_1"
"1589","GGAATGGTCTGGAGAG-1_2_1"
"1590","GGACGTCAGATCACCT-1_2_1"
"1591","GGACGTCAGCTTCGTA-1_2_1"
"1592","GGACGTCCAAATTAGG-1_2_1"
"1593","GGACGTCCACTGGATT-1_2_1"
"1594","GGACGTCGTATTGCCA-1_2_1"
"1595","GGACGTCGTCAATGGG-1_2_1"
"1596","GGACGTCGTGTCTTAG-1_2_1"
"1597","GGAGAACCAAGGCAAC-1_2_1"
"1598","GGAGAACCACTACACA-1_2_1"
"1599","GGAGAACCATACCATG-1_2_1"
"1600","GGAGAACGTAATGCGG-1_2_1"
"1601","GGAGAACGTTAACCTG-1_2_1"
"1602","GGAGATGGTCACTTAG-1_2_1"
"1603","GGAGATGTCAGCGTCG-1_2_1"
"1604","GGAGCAACAATTTCCT-1_2_1"
"1605","GGAGCAATCTCTTAAC-1_2_1"
"1606","GGAGGATAGGGCAGTT-1_2_1"
"1607","GGAGGATGTAATGCGG-1_2_1"
"1608","GGAGGATTCGACATTG-1_2_1"
"1609","GGAGGATTCTGATTCT-1_2_1"
"1610","GGAGGTAAGTATAGGT-1_2_1"
"1611","GGAGGTACATAGATGA-1_2_1"
"1612","GGAGGTAGTTGCTCCT-1_2_1"
"1613","GGATCTAAGCTGTTAC-1_2_1"
"1614","GGATCTAAGGGTGGGA-1_2_1"
"1615","GGATCTACAGAAATTG-1_2_1"
"1616","GGATCTAGTCGTGCCA-1_2_1"
"1617","GGATGTTCAACCGCCA-1_2_1"
"1618","GGCACGTGTCACTAGT-1_2_1"
"1619","GGCAGTCAGAGCACTG-1_2_1"
"1620","GGCAGTCAGCACGGAT-1_2_1"
"1621","GGCAGTCTCGACCTAA-1_2_1"
"1622","GGCGTCACATAGAGGC-1_2_1"
"1623","GGCGTCAGTTTCGACA-1_2_1"
"1624","GGCTGTGCACCTCGTT-1_2_1"
"1625","GGCTTGGCACTGAGTT-1_2_1"
"1626","GGCTTGGCATGCGGTC-1_2_1"
"1627","GGCTTGGTCGCGGTAC-1_2_1"
"1628","GGCTTTCAGATAGGGA-1_2_1"
"1629","GGCTTTCCACTACCGG-1_2_1"
"1630","GGCTTTCCAGTATTCG-1_2_1"
"1631","GGGAAGTGTTTGACAC-1_2_1"
"1632","GGGACAAGTGAGAACC-1_2_1"
"1633","GGGACAATCGCCTTTG-1_2_1"
"1634","GGGACCTGTACTCCCT-1_2_1"
"1635","GGGACCTTCTCATTTG-1_2_1"
"1636","GGGACTCAGTCACGAG-1_2_1"
"1637","GGGACTCGTCAGGTGA-1_2_1"
"1638","GGGAGATAGGGTGAAA-1_2_1"
"1639","GGGAGATCAAAGTATG-1_2_1"
"1640","GGGAGATGTGCAAGAC-1_2_1"
"1641","GGGATCCAGGGCGAAG-1_2_1"
"1642","GGGATGAAGTTGAAAC-1_2_1"
"1643","GGGATGACAATCTCTT-1_2_1"
"1644","GGGATGAGTAGCGTTT-1_2_1"
"1645","GGGATGAGTCTTCTAT-1_2_1"
"1646","GGGATGATCGAACACT-1_2_1"
"1647","GGGCCATGTAGGTACG-1_2_1"
"1648","GGGCCATTCCACACCT-1_2_1"
"1649","GGGCCATTCCGTCACT-1_2_1"
"1650","GGGCGTTGTACGATCT-1_2_1"
"1651","GGGCGTTGTTCGGCGT-1_2_1"
"1652","GGGCTACAGAACCGCA-1_2_1"
"1653","GGGCTACCAGCTGTTA-1_2_1"
"1654","GGGCTACGTAGTTCCA-1_2_1"
"1655","GGGCTACGTTGAGAGC-1_2_1"
"1656","GGGCTACGTTGTAGCT-1_2_1"
"1657","GGGCTACTCAAGCCAT-1_2_1"
"1658","GGGCTACTCATCGCCT-1_2_1"
"1659","GGGTAGAAGGAGCTGT-1_2_1"
"1660","GGGTAGAAGGTGCAGT-1_2_1"
"1661","GGGTAGAGTCGTCAGC-1_2_1"
"1662","GGGTAGATCCTCTAAT-1_2_1"
"1663","GGGTATTAGGTCGACA-1_2_1"
"1664","GGGTATTCAGGCTTGC-1_2_1"
"1665","GGGTATTGTATTCCTT-1_2_1"
"1666","GGGTATTTCCTGTTGC-1_2_1"
"1667","GGGTCACGTCTTCATT-1_2_1"
"1668","GGGTCACTCCGCGAGT-1_2_1"
"1669","GGGTCTGAGACGAAGA-1_2_1"
"1670","GGGTCTGGTCTTGAGT-1_2_1"
"1671","GGGTCTGTCCTACCAC-1_2_1"
"1672","GGGTGAAGTACTCCGG-1_2_1"
"1673","GGGTGAATCATGAGAA-1_2_1"
"1674","GGGTGTCAGCCATATC-1_2_1"
"1675","GGGTGTCCAAGGGCAT-1_2_1"
"1676","GGGTGTCGTTCGAGCC-1_2_1"
"1677","GGGTTATCATGGCACC-1_2_1"
"1678","GGGTTTAAGGTATCTC-1_2_1"
"1679","GGTAACTAGAGGGTAA-1_2_1"
"1680","GGTAACTCAAGAGAGA-1_2_1"
"1681","GGTAACTCACACGCCA-1_2_1"
"1682","GGTAACTCACATCATG-1_2_1"
"1683","GGTAACTCACTCCTGT-1_2_1"
"1684","GGTAATCAGTATGCAA-1_2_1"
"1685","GGTAATCCACCAAATC-1_2_1"
"1686","GGTAATCCATTGAAGA-1_2_1"
"1687","GGTAGAGCATCCCACT-1_2_1"
"1688","GGTAGAGCATGTTCGA-1_2_1"
"1689","GGTAGAGGTTATGTCG-1_2_1"
"1690","GGTCTGGCACTGGAAG-1_2_1"
"1691","GGTGAAGAGCATGCGA-1_2_1"
"1692","GGTGAAGAGCGAGGAG-1_2_1"
"1693","GGTGAAGGTCAGCTTA-1_2_1"
"1694","GGTGAAGGTGATGTAA-1_2_1"
"1695","GGTGAAGTCAGGTAAA-1_2_1"
"1696","GGTGATTAGTAAACTG-1_2_1"
"1697","GGTGATTCAAATTAGG-1_2_1"
"1698","GGTGATTTCAGTCACA-1_2_1"
"1699","GGTGGCTGTACAATAG-1_2_1"
"1700","GGTGTCGCACAGCCTG-1_2_1"
"1701","GGTGTCGTCAAATGCC-1_2_1"
"1702","GGTGTTAGTCACAATC-1_2_1"
"1703","GGTGTTAGTTCCTTGC-1_2_1"
"1704","GGTTAACAGTTATGGA-1_2_1"
"1705","GGTTAACGTATGTGTC-1_2_1"
"1706","GGTTCTCAGAGTGTTA-1_2_1"
"1707","GGTTCTCTCAGTCAGT-1_2_1"
"1708","GGTTCTCTCCACGAAT-1_2_1"
"1709","GGTTCTCTCCTGGGTG-1_2_1"
"1710","GGTTGTACATCACGGC-1_2_1"
"1711","GGTTGTATCTCTAAGG-1_2_1"
"1712","GTAACACAGCGGGTTA-1_2_1"
"1713","GTAACACCACTGTGAT-1_2_1"
"1714","GTAACACCAGACGATG-1_2_1"
"1715","GTAACACCAGGATGAC-1_2_1"
"1716","GTAACCAAGACGGATC-1_2_1"
"1717","GTAAGTCAGTATTGCC-1_2_1"
"1718","GTAAGTCCAACATCGT-1_2_1"
"1719","GTAAGTCGTGCAAGAC-1_2_1"
"1720","GTAATCGAGCGATGGT-1_2_1"
"1721","GTAATCGAGTCGAAGC-1_2_1"
"1722","GTAATCGCATGACTAC-1_2_1"
"1723","GTAATGCAGATGCTAA-1_2_1"
"1724","GTAATGCAGGCTAGCA-1_2_1"
"1725","GTAATGCCAAATGCGG-1_2_1"
"1726","GTAATGCTCACTGGGC-1_2_1"
"1727","GTACAACAGCAGCACA-1_2_1"
"1728","GTACAGTCATATCTGG-1_2_1"
"1729","GTACAGTTCCACTTTA-1_2_1"
"1730","GTAGAAAGTACCTATG-1_2_1"
"1731","GTAGAAATCTGTACAG-1_2_1"
"1732","GTAGAGGAGCGTATAA-1_2_1"
"1733","GTAGAGGGTAGCTGCC-1_2_1"
"1734","GTAGATCCAATACGCT-1_2_1"
"1735","GTAGCTAAGAAGGCTC-1_2_1"
"1736","GTAGCTACAGGGATAC-1_2_1"
"1737","GTAGCTAGTAGGAAAG-1_2_1"
"1738","GTAGCTATCACCTGGG-1_2_1"
"1739","GTAGGAGAGCTGTCCG-1_2_1"
"1740","GTAGGAGAGGCCTTGC-1_2_1"
"1741","GTAGGAGCAGAGTGTG-1_2_1"
"1742","GTAGGAGGTTGGGAAC-1_2_1"
"1743","GTAGGTTTCGTCTAAG-1_2_1"
"1744","GTAGTACCAGTCTCTC-1_2_1"
"1745","GTAGTACGTGTTGCCG-1_2_1"
"1746","GTAGTACTCAGAATAG-1_2_1"
"1747","GTATTGGGTACAGGTG-1_2_1"
"1748","GTATTGGGTATCGTTG-1_2_1"
"1749","GTATTGGGTTTACGAC-1_2_1"
"1750","GTCAAACAGAGCAACC-1_2_1"
"1751","GTCAAACGTGTGATGG-1_2_1"
"1752","GTCAAACTCATCCTGC-1_2_1"
"1753","GTCAAGTAGCTCCATA-1_2_1"
"1754","GTCACGGCACTTGGCG-1_2_1"
"1755","GTCACGGTCCGTGTAA-1_2_1"
"1756","GTCACGGTCTTTCAGT-1_2_1"
"1757","GTCACTCAGGCTTAAA-1_2_1"
"1758","GTCACTCCAGGAGACT-1_2_1"
"1759","GTCACTCGTGGTAACG-1_2_1"
"1760","GTCACTCGTGGTACAG-1_2_1"
"1761","GTCACTCGTTGTGCCG-1_2_1"
"1762","GTCACTCTCCCATGGG-1_2_1"
"1763","GTCAGCGTCCGAGGCT-1_2_1"
"1764","GTCATCCAGACGAAGA-1_2_1"
"1765","GTCATCCAGGTTGAGC-1_2_1"
"1766","GTCATCCCAGGGAGAG-1_2_1"
"1767","GTCATCCCAGTACTAC-1_2_1"
"1768","GTCATGAGTGCAAGAC-1_2_1"
"1769","GTCATTTAGGAATTAC-1_2_1"
"1770","GTCATTTCAACCCGCA-1_2_1"
"1771","GTCATTTCAGAACTAA-1_2_1"
"1772","GTCCACTAGCTCCATA-1_2_1"
"1773","GTCCACTGTTACAGCT-1_2_1"
"1774","GTCCACTTCGGTATGT-1_2_1"
"1775","GTCCACTTCTGAATGC-1_2_1"
"1776","GTCCCATAGTCATACC-1_2_1"
"1777","GTCCCATAGTTGTCAC-1_2_1"
"1778","GTCCCATTCATGGATC-1_2_1"
"1779","GTCCTCAAGTGCGACA-1_2_1"
"1780","GTCCTCATCTCGGCTT-1_2_1"
"1781","GTCGAATAGCGGATCA-1_2_1"
"1782","GTCGAATAGGTTACAA-1_2_1"
"1783","GTCGAATCAACTCGTA-1_2_1"
"1784","GTCGAATCAGATTTCG-1_2_1"
"1785","GTCGAATTCGCATGAT-1_2_1"
"1786","GTCGAATTCTGAGGCC-1_2_1"
"1787","GTCGCGAAGTAGTGCG-1_2_1"
"1788","GTCGCGACAGAGACTG-1_2_1"
"1789","GTCGCGAGTCCACATA-1_2_1"
"1790","GTCGCGATCGGTTCAA-1_2_1"
"1791","GTCGCGATCTACACAG-1_2_1"
"1792","GTCGTAAAGCGAGAAA-1_2_1"
"1793","GTCGTTCAGGTAGGCT-1_2_1"
"1794","GTCTAGACAGAGCCCT-1_2_1"
"1795","GTCTAGACATCCGAAT-1_2_1"
"1796","GTCTAGAGTGAGCAGT-1_2_1"
"1797","GTCTCACTCGGACTGC-1_2_1"
"1798","GTCTGTCAGAGTCCGA-1_2_1"
"1799","GTCTTTACATTCGGGC-1_2_1"
"1800","GTCTTTAGTGGTCTCG-1_2_1"
"1801","GTCTTTATCCTCCACA-1_2_1"
"1802","GTGACGCTCAGTCTTT-1_2_1"
"1803","GTGACGCTCCAAGGGA-1_2_1"
"1804","GTGAGCCAGAAATCCA-1_2_1"
"1805","GTGAGCCGTCCCTGAG-1_2_1"
"1806","GTGAGCCGTCCCTGTT-1_2_1"
"1807","GTGAGCCGTGAGATCG-1_2_1"
"1808","GTGAGCCGTGTATTGC-1_2_1"
"1809","GTGAGCCGTTGCCTAA-1_2_1"
"1810","GTGAGGAAGAGCATTA-1_2_1"
"1811","GTGAGGAAGTCATGAA-1_2_1"
"1812","GTGAGGAGTGATACCT-1_2_1"
"1813","GTGAGTTCATGTCGTA-1_2_1"
"1814","GTGAGTTGTAGCTGAG-1_2_1"
"1815","GTGAGTTTCTCATTTG-1_2_1"
"1816","GTGATGTAGAGGTCAC-1_2_1"
"1817","GTGATGTCACGTATAC-1_2_1"
"1818","GTGATGTTCCATGATG-1_2_1"
"1819","GTGATGTTCCTACCGT-1_2_1"
"1820","GTGATGTTCGCATAGT-1_2_1"
"1821","GTGCACGAGCCGTAAG-1_2_1"
"1822","GTGCACGAGTAGTGCG-1_2_1"
"1823","GTGCACGTCCGTATGA-1_2_1"
"1824","GTGCAGCCAATGAGCG-1_2_1"
"1825","GTGCTGGCAGACCTAT-1_2_1"
"1826","GTGCTGGCAGTTACCA-1_2_1"
"1827","GTGCTGGCATCATTTC-1_2_1"
"1828","GTGCTGGGTGACGCCT-1_2_1"
"1829","GTGCTTCCATCCGAAT-1_2_1"
"1830","GTGCTTCGTGCGCTCA-1_2_1"
"1831","GTGCTTCGTGTGCTTA-1_2_1"
"1832","GTGGAAGAGTCTCCTC-1_2_1"
"1833","GTGGAAGGTGTCGATT-1_2_1"
"1834","GTGGAAGTCATGAGTC-1_2_1"
"1835","GTGGAGAAGCTGCGAA-1_2_1"
"1836","GTGGAGACAGGCGATA-1_2_1"
"1837","GTGGCGTTCTACTCAT-1_2_1"
"1838","GTGGGAAAGGCCTAAG-1_2_1"
"1839","GTGGTTAAGGATTCAA-1_2_1"
"1840","GTGGTTAGTCGATTTG-1_2_1"
"1841","GTGGTTAGTCGTCAGC-1_2_1"
"1842","GTGGTTATCATCACTT-1_2_1"
"1843","GTGGTTATCCCATAAG-1_2_1"
"1844","GTGGTTATCGCGTTTC-1_2_1"
"1845","GTGTAACTCATTTCGT-1_2_1"
"1846","GTGTAACTCCTTGACC-1_2_1"
"1847","GTGTCCTCAGGAGACT-1_2_1"
"1848","GTGTCCTCATGTGGCC-1_2_1"
"1849","GTGTCCTTCGGATAAA-1_2_1"
"1850","GTGTGATAGCACGTCC-1_2_1"
"1851","GTGTGATCAGGCATTT-1_2_1"
"1852","GTGTGGCCATCACAGT-1_2_1"
"1853","GTGTGGCGTTTACACG-1_2_1"
"1854","GTGTTAGAGCTGCCAC-1_2_1"
"1855","GTGTTAGCACCTATCC-1_2_1"
"1856","GTGTTAGGTTGGCTAT-1_2_1"
"1857","GTTACAGGTGGTTCTA-1_2_1"
"1858","GTTACAGGTTCATCTT-1_2_1"
"1859","GTTACCCAGGATTCAA-1_2_1"
"1860","GTTACCCCATGAATAG-1_2_1"
"1861","GTTACCCGTACAGCGA-1_2_1"
"1862","GTTACCCTCCTACACC-1_2_1"
"1863","GTTACGAAGAGTGACC-1_2_1"
"1864","GTTACGACAACTACGT-1_2_1"
"1865","GTTACGATCTCTAGGA-1_2_1"
"1866","GTTAGACAGCATCAAA-1_2_1"
"1867","GTTAGACCAAGAAATC-1_2_1"
"1868","GTTAGACTCAAAGACA-1_2_1"
"1869","GTTAGTGCAGCTGCCA-1_2_1"
"1870","GTTAGTGCATTGTCGA-1_2_1"
"1871","GTTATGGCACCCAACG-1_2_1"
"1872","GTTATGGGTGGTCCCA-1_2_1"
"1873","GTTATGGTCAAGCCTA-1_2_1"
"1874","GTTATGGTCGAGAAAT-1_2_1"
"1875","GTTCATTGTGCCTGCA-1_2_1"
"1876","GTTCATTGTTCCCAAA-1_2_1"
"1877","GTTCCGTAGATAACGT-1_2_1"
"1878","GTTCCGTGTGTGTCGC-1_2_1"
"1879","GTTCCGTTCATTCATC-1_2_1"
"1880","GTTCCGTTCGGAGCAA-1_2_1"
"1881","GTTCGCTCATCGATCA-1_2_1"
"1882","GTTCGCTGTTCCACGG-1_2_1"
"1883","GTTCGCTTCGTACACA-1_2_1"
"1884","GTTGAACAGGTCGCCT-1_2_1"
"1885","GTTGAACCAGGGTCTC-1_2_1"
"1886","GTTGAACGTACTCGCG-1_2_1"
"1887","GTTGAACGTCTAACGT-1_2_1"
"1888","GTTGAACGTTCCGCAG-1_2_1"
"1889","GTTGAACTCCAAGCAT-1_2_1"
"1890","GTTGCGGCAACACTAC-1_2_1"
"1891","GTTGCGGTCCAGCTCT-1_2_1"
"1892","GTTGCGGTCTTGGAAC-1_2_1"
"1893","GTTGCTCAGAGTTGAT-1_2_1"
"1894","GTTGCTCAGCCACTCG-1_2_1"
"1895","GTTGCTCAGTTCCGGC-1_2_1"
"1896","GTTGCTCTCGCTCATC-1_2_1"
"1897","GTTGCTCTCGTAGCCG-1_2_1"
"1898","GTTGTAGCATTGAGCT-1_2_1"
"1899","GTTGTAGGTAGTCGGA-1_2_1"
"1900","GTTGTAGTCTCTTCAA-1_2_1"
"1901","GTTGTAGTCTGAGAAA-1_2_1"
"1902","GTTGTCCAGGACTAAT-1_2_1"
"1903","GTTGTCCAGTTGTCGT-1_2_1"
"1904","GTTGTCCCAACTACGT-1_2_1"
"1905","GTTGTCCCAATCGCGC-1_2_1"
"1906","GTTGTCCCACAACCGC-1_2_1"
"1907","GTTGTCCCACTGCTTC-1_2_1"
"1908","GTTGTCCTCATGCCGG-1_2_1"
"1909","GTTGTGATCGCCCAGA-1_2_1"
"1910","GTTTACTGTGATTGGG-1_2_1"
"1911","GTTTACTTCGCTGCGA-1_2_1"
"1912","GTTTGGAAGACTCGAG-1_2_1"
"1913","GTTTGGAAGTAAATGC-1_2_1"
"1914","GTTTGGACACGTACAT-1_2_1"
"1915","GTTTGGATCCCATTCG-1_2_1"
"1916","TAACACGGTAGTCTGT-1_2_1"
"1917","TAACCAGAGCCATTGT-1_2_1"
"1918","TAACCAGAGTTACGAA-1_2_1"
"1919","TAACCAGGTAACGTTC-1_2_1"
"1920","TAACCAGGTAGTAAGT-1_2_1"
"1921","TAACGACAGGACAAGA-1_2_1"
"1922","TAACGACCACATATCG-1_2_1"
"1923","TAACGACGTCTACATG-1_2_1"
"1924","TAACTTCAGTAGCATA-1_2_1"
"1925","TAACTTCCAAGAGGCT-1_2_1"
"1926","TAACTTCCACACCAGC-1_2_1"
"1927","TAACTTCTCGTGGCTG-1_2_1"
"1928","TAAGCACCACTATGTG-1_2_1"
"1929","TAAGCACCACTCCACT-1_2_1"
"1930","TAAGCACGTGTCCGTG-1_2_1"
"1931","TAAGCACTCAAAGACA-1_2_1"
"1932","TAAGCCAGTGGGATTG-1_2_1"
"1933","TAAGCCAGTTTACCAG-1_2_1"
"1934","TAAGCCATCTAGTGAC-1_2_1"
"1935","TAAGCGTCACACGCCA-1_2_1"
"1936","TAAGCGTCAGTGGGTA-1_2_1"
"1937","TAAGTCGAGACCGCCT-1_2_1"
"1938","TAAGTCGGTGTCCGTG-1_2_1"
"1939","TAATCTCAGATCACTC-1_2_1"
"1940","TAATCTCAGATTGACA-1_2_1"
"1941","TAATCTCAGTTGGAGC-1_2_1"
"1942","TAATCTCCATTGAAAG-1_2_1"
"1943","TAATCTCTCCCTCATG-1_2_1"
"1944","TAATTCCCACGGTGAA-1_2_1"
"1945","TAATTCCCATTACGGT-1_2_1"
"1946","TAATTCCGTACTAAGA-1_2_1"
"1947","TAATTCCGTACTCCCT-1_2_1"
"1948","TACAACGCAGACTGCC-1_2_1"
"1949","TACAACGCATAGTCGT-1_2_1"
"1950","TACAACGGTTCTCCAC-1_2_1"
"1951","TACACCCCACGTTGGC-1_2_1"
"1952","TACACCCCAGAGATTA-1_2_1"
"1953","TACACCCGTCGGCACT-1_2_1"
"1954","TACACCCGTTGCCATA-1_2_1"
"1955","TACACCCTCTTAGTTC-1_2_1"
"1956","TACAGGTGTCCAAATC-1_2_1"
"1957","TACAGGTTCTCGCGTT-1_2_1"
"1958","TACATTCAGGAAACGA-1_2_1"
"1959","TACATTCCATGTGCCG-1_2_1"
"1960","TACATTCTCGCCTTGT-1_2_1"
"1961","TACCCACAGGCACGAT-1_2_1"
"1962","TACCCGTAGATAGTCA-1_2_1"
"1963","TACCCGTAGTAGGGTC-1_2_1"
"1964","TACCCGTCAGCTTTGA-1_2_1"
"1965","TACCCGTCATGGCACC-1_2_1"
"1966","TACCCGTTCCCAGTGG-1_2_1"
"1967","TACCGGGAGCAGAAAG-1_2_1"
"1968","TACCGGGAGTGTACCT-1_2_1"
"1969","TACCGGGTCAACACGT-1_2_1"
"1970","TACCGGGTCTCGAACA-1_2_1"
"1971","TACCTCGAGACAACAT-1_2_1"
"1972","TACCTCGCAGGCATTT-1_2_1"
"1973","TACCTCGGTCCAGCGT-1_2_1"
"1974","TACCTCGTCCAGGACC-1_2_1"
"1975","TACCTGCAGAAGCGCT-1_2_1"
"1976","TACCTGCCAAGGTCAG-1_2_1"
"1977","TACCTGCTCCATAGGT-1_2_1"
"1978","TACCTGCTCCTGTTAT-1_2_1"
"1979","TACGCTCAGGTCCAGA-1_2_1"
"1980","TACGCTCCACGTATAC-1_2_1"
"1981","TACGCTCCAGCTTTGA-1_2_1"
"1982","TACGCTCGTAGACAGC-1_2_1"
"1983","TACGGGCCAAGCCTGC-1_2_1"
"1984","TACGGGCGTACTTGTG-1_2_1"
"1985","TACGGGCGTGTTCATG-1_2_1"
"1986","TACGGGCGTGTTGAGG-1_2_1"
"1987","TACGGGCGTTGCCTAA-1_2_1"
"1988","TACGGGCTCATGAAAG-1_2_1"
"1989","TACGGGCTCATGGTAC-1_2_1"
"1990","TACGGGCTCCATTCAT-1_2_1"
"1991","TACGGTAAGGCCACTC-1_2_1"
"1992","TACGGTACATTCCTCG-1_2_1"
"1993","TACGTCCCACGTTGGC-1_2_1"
"1994","TACGTCCTCAAACGTC-1_2_1"
"1995","TACGTCCTCTTTACAC-1_2_1"
"1996","TACTGCCAGATGTTAG-1_2_1"
"1997","TACTTACCAACCAATC-1_2_1"
"1998","TACTTACTCAACTACG-1_2_1"
"1999","TACTTCACACAAGTGG-1_2_1"
"2000","TACTTCACATCTATCT-1_2_1"
"2001","TACTTCAGTATGTCCA-1_2_1"
"2002","TACTTCATCCACGGGT-1_2_1"
"2003","TACTTGTAGGAAGTGA-1_2_1"
"2004","TACTTGTAGTCATGGG-1_2_1"
"2005","TACTTGTCAAGTGGTG-1_2_1"
"2006","TACTTGTTCCCTCAAC-1_2_1"
"2007","TAGACCACACAATGTC-1_2_1"
"2008","TAGACCAGTACAGTAA-1_2_1"
"2009","TAGACCATCTACTATC-1_2_1"
"2010","TAGACTGCACCTAAAC-1_2_1"
"2011","TAGAGTCCAACCGTGC-1_2_1"
"2012","TAGAGTCGTCGACTGC-1_2_1"
"2013","TAGATCGGTCACTTCC-1_2_1"
"2014","TAGCACAAGGGAGTTC-1_2_1"
"2015","TAGCACACAATTTCCT-1_2_1"
"2016","TAGGAGGAGAGAGAAC-1_2_1"
"2017","TAGGAGGGTAGTTACC-1_2_1"
"2018","TAGGGTTAGGCTGAAC-1_2_1"
"2019","TAGGGTTCAATGAGCG-1_2_1"
"2020","TAGGGTTTCAGCGGAA-1_2_1"
"2021","TAGGGTTTCCGACGGT-1_2_1"
"2022","TAGGTTGCACCCAAGC-1_2_1"
"2023","TAGGTTGTCTATCCAT-1_2_1"
"2024","TAGGTTGTCTCTCTAA-1_2_1"
"2025","TAGTGCAAGCACTCTA-1_2_1"
"2026","TAGTGCACACGAGGAT-1_2_1"
"2027","TAGTGCATCGGAGTAG-1_2_1"
"2028","TATACCTGTCGTTGCG-1_2_1"
"2029","TATATCCCAACGACAG-1_2_1"
"2030","TATATCCGTTCCAGGC-1_2_1"
"2031","TATATCCTCCACGGAC-1_2_1"
"2032","TATCAGGGTAGGACCA-1_2_1"
"2033","TATCAGGTCCGACGGT-1_2_1"
"2034","TATCCTAAGGAGAGGC-1_2_1"
"2035","TATCCTACAATTAGGA-1_2_1"
"2036","TATCGCCAGTGACACG-1_2_1"
"2037","TATCGCCCAATTGCAC-1_2_1"
"2038","TATCGCCCAGACCCGT-1_2_1"
"2039","TATCGCCCAGCCCACA-1_2_1"
"2040","TATCGCCTCTATCCAT-1_2_1"
"2041","TATCTGTAGCAGAAAG-1_2_1"
"2042","TATCTGTCACTAACCA-1_2_1"
"2043","TATCTTGAGGGTAGCT-1_2_1"
"2044","TATCTTGCATCCTTGC-1_2_1"
"2045","TATCTTGTCAAGGCTT-1_2_1"
"2046","TATGTTCAGGCTAACG-1_2_1"
"2047","TATGTTCCATAGGAGC-1_2_1"
"2048","TATGTTCTCTTGTGCC-1_2_1"
"2049","TATTCCAAGGAATCGC-1_2_1"
"2050","TATTCCATCCATACTT-1_2_1"
"2051","TATTGCTGTAGTCACT-1_2_1"
"2052","TATTGCTGTCGACGCT-1_2_1"
"2053","TATTGGGAGACGGTCA-1_2_1"
"2054","TATTGGGGTCCACTCT-1_2_1"
"2055","TATTGGGGTGGGACAT-1_2_1"
"2056","TATTGGGGTGTCCACG-1_2_1"
"2057","TATTGGGGTTCTCAGA-1_2_1"
"2058","TATTGGGTCGTCACCT-1_2_1"
"2059","TATTTCGAGTAGACAT-1_2_1"
"2060","TATTTCGCACATAGCT-1_2_1"
"2061","TATTTCGGTCAAAGCG-1_2_1"
"2062","TATTTCGGTTAAAGTG-1_2_1"
"2063","TATTTCGTCCATAGAC-1_2_1"
"2064","TCAAGACAGTGACACG-1_2_1"
"2065","TCAAGACCAATGGCCC-1_2_1"
"2066","TCAAGACCAGAGATTA-1_2_1"
"2067","TCAAGACCAGAGGTAC-1_2_1"
"2068","TCAAGACGTCGGAACA-1_2_1"
"2069","TCAAGACGTGATTCTG-1_2_1"
"2070","TCAAGACGTTAAAGTG-1_2_1"
"2071","TCAAGACTCCGCTGTT-1_2_1"
"2072","TCAAGTGAGAATGTTG-1_2_1"
"2073","TCAAGTGCAAAGACGC-1_2_1"
"2074","TCAATCTAGACATAAC-1_2_1"
"2075","TCAATCTCATCCAACA-1_2_1"
"2076","TCAATCTGTTGGTACT-1_2_1"
"2077","TCAATCTTCATGCGGC-1_2_1"
"2078","TCAATCTTCTCTGGTC-1_2_1"
"2079","TCAATTCAGTCTGGAG-1_2_1"
"2080","TCACAAGCACCCAATA-1_2_1"
"2081","TCACACCCAGGTAGTG-1_2_1"
"2082","TCACACCCATCTCCCA-1_2_1"
"2083","TCACACCGTCTCACAA-1_2_1"
"2084","TCACACCTCTTTGATC-1_2_1"
"2085","TCACATTAGTCTAACC-1_2_1"
"2086","TCACATTCAGCACCCA-1_2_1"
"2087","TCACATTCATGGGTTT-1_2_1"
"2088","TCACGCTCACTAGGCC-1_2_1"
"2089","TCACGGGAGCGTGAAC-1_2_1"
"2090","TCACTATAGATGTAGT-1_2_1"
"2091","TCACTCGCATCAGTCA-1_2_1"
"2092","TCACTCGCATCGCTCT-1_2_1"
"2093","TCAGCAAAGCAGAAAG-1_2_1"
"2094","TCAGCCTGTGCTATTG-1_2_1"
"2095","TCAGCCTTCCGACAGC-1_2_1"
"2096","TCAGGGCAGAAAGTCT-1_2_1"
"2097","TCAGGGCAGAAGGATG-1_2_1"
"2098","TCAGGTACATAACCCA-1_2_1"
"2099","TCAGGTATCCCGTGAG-1_2_1"
"2100","TCAGTCCAGCATGGGT-1_2_1"
"2101","TCAGTCCAGGACTGGT-1_2_1"
"2102","TCAGTCCAGTGATAGT-1_2_1"
"2103","TCAGTCCAGTGATGGC-1_2_1"
"2104","TCAGTCCCACAACGTT-1_2_1"
"2105","TCAGTCCCAGGACGAT-1_2_1"
"2106","TCAGTCCCATGTGACT-1_2_1"
"2107","TCAGTCCGTAATGATG-1_2_1"
"2108","TCAGTCCGTGTCCCTT-1_2_1"
"2109","TCAGTCCTCCGCAAAT-1_2_1"
"2110","TCAGTCCTCTTAGCAG-1_2_1"
"2111","TCAGTGAAGAGATTCA-1_2_1"
"2112","TCAGTGAAGTGTGTTC-1_2_1"
"2113","TCAGTGACAGTCTGGC-1_2_1"
"2114","TCAGTGAGTGTCGATT-1_2_1"
"2115","TCAGTGATCCTCTGCA-1_2_1"
"2116","TCAGTTTAGAAGCTGC-1_2_1"
"2117","TCAGTTTAGTTAGAAC-1_2_1"
"2118","TCATACTCAACAAGTA-1_2_1"
"2119","TCATACTCACTCACTC-1_2_1"
"2120","TCATACTGTCCCACGA-1_2_1"
"2121","TCATACTGTGCCTGAC-1_2_1"
"2122","TCATATCCAACTCCCT-1_2_1"
"2123","TCATATCGTTTCCCAC-1_2_1"
"2124","TCATATCTCCGCACGA-1_2_1"
"2125","TCATCATAGCACGATG-1_2_1"
"2126","TCATCATCATCCGCGA-1_2_1"
"2127","TCATCCGCAAGAAACT-1_2_1"
"2128","TCATGAGAGTTTGGCT-1_2_1"
"2129","TCATGAGCAATCGCCG-1_2_1"
"2130","TCATGAGTCCGATCGG-1_2_1"
"2131","TCATGCCGTAGATTGA-1_2_1"
"2132","TCATGCCGTCATCAGT-1_2_1"
"2133","TCATGCCGTGGTTCTA-1_2_1"
"2134","TCATGGAAGGTAGACC-1_2_1"
"2135","TCATGGAGTCCACTTC-1_2_1"
"2136","TCATGGATCGACCCAG-1_2_1"
"2137","TCATGTTCAAGGACAC-1_2_1"
"2138","TCATGTTCAGCAAGAC-1_2_1"
"2139","TCATGTTGTAGACGTG-1_2_1"
"2140","TCATGTTGTAGATTAG-1_2_1"
"2141","TCATTACGTCACAGTT-1_2_1"
"2142","TCATTGTAGAAGCTGC-1_2_1"
"2143","TCATTGTAGCTACAAA-1_2_1"
"2144","TCATTGTAGGACACTG-1_2_1"
"2145","TCATTGTAGTCGCTAT-1_2_1"
"2146","TCATTGTCAGATCCAT-1_2_1"
"2147","TCATTTGAGGCTGTAG-1_2_1"
"2148","TCATTTGTCAATCCAG-1_2_1"
"2149","TCATTTGTCTCACTCG-1_2_1"
"2150","TCCACCACATGATAGA-1_2_1"
"2151","TCCACCATCTTACTGT-1_2_1"
"2152","TCCACGTGTGGTCAAG-1_2_1"
"2153","TCCAGAAAGACGCCCT-1_2_1"
"2154","TCCAGAAGTTGAGAGC-1_2_1"
"2155","TCCATCGGTCTTTCAT-1_2_1"
"2156","TCCATCGGTGTTAAAG-1_2_1"
"2157","TCCATGCAGGTCCGAA-1_2_1"
"2158","TCCCACAAGCAGCCCT-1_2_1"
"2159","TCCCACAAGGTAACTA-1_2_1"
"2160","TCCCACAGTGCTCTTC-1_2_1"
"2161","TCCCACAGTTGGGTAG-1_2_1"
"2162","TCCCAGTAGGTAAGGA-1_2_1"
"2163","TCCCATGAGACGGAAA-1_2_1"
"2164","TCCCATGAGTCGAGGT-1_2_1"
"2165","TCCCATGCAAGAGTTA-1_2_1"
"2166","TCCCATGCATTGGGAG-1_2_1"
"2167","TCCCATGGTCTCCTGT-1_2_1"
"2168","TCCCATGTCGACCAAT-1_2_1"
"2169","TCCGAAATCATGCCAA-1_2_1"
"2170","TCCGATCAGGTTCCAT-1_2_1"
"2171","TCCGATCAGGTTGTTC-1_2_1"
"2172","TCCGATCGTGCAATGG-1_2_1"
"2173","TCCGGGAGTGGTATGG-1_2_1"
"2174","TCCGGGATCATCACCC-1_2_1"
"2175","TCCGTGTCAATAAGGT-1_2_1"
"2176","TCCGTGTCACTTCATT-1_2_1"
"2177","TCCGTGTCATCCGATA-1_2_1"
"2178","TCCGTGTGTATTTCGG-1_2_1"
"2179","TCCTAATCATCGCTGG-1_2_1"
"2180","TCCTCCCTCTGGGCAC-1_2_1"
"2181","TCCTCTTAGATACAGT-1_2_1"
"2182","TCCTCTTCAATCCAGT-1_2_1"
"2183","TCCTCTTGTTGTCCCT-1_2_1"
"2184","TCCTGCAGTCCAGCAC-1_2_1"
"2185","TCCTGCATCAACACCA-1_2_1"
"2186","TCCTTCTAGCGCCTTG-1_2_1"
"2187","TCCTTCTCAATAAGGT-1_2_1"
"2188","TCCTTCTCACAGAGAC-1_2_1"
"2189","TCCTTCTGTGACTCTA-1_2_1"
"2190","TCCTTTCAGGAGACCT-1_2_1"
"2191","TCCTTTCAGGATCACG-1_2_1"
"2192","TCCTTTCCAGGTATGG-1_2_1"
"2193","TCGAACAAGAATTGTG-1_2_1"
"2194","TCGAACACAGCGTGCT-1_2_1"
"2195","TCGAACACATTACTCT-1_2_1"
"2196","TCGAACAGTCTGTGAT-1_2_1"
"2197","TCGAAGTAGACCACGA-1_2_1"
"2198","TCGAAGTAGATAGGGA-1_2_1"
"2199","TCGAAGTAGATTTGCC-1_2_1"
"2200","TCGAAGTAGGGTACAC-1_2_1"
"2201","TCGAAGTAGTCCTACA-1_2_1"
"2202","TCGAAGTCAAACACGG-1_2_1"
"2203","TCGACCTAGTGCTCGC-1_2_1"
"2204","TCGACGGAGCAGGTCA-1_2_1"
"2205","TCGACGGCAATTGCGT-1_2_1"
"2206","TCGATTTGTAGGCTGA-1_2_1"
"2207","TCGATTTGTGCGTTTA-1_2_1"
"2208","TCGCACTAGGGCTTCC-1_2_1"
"2209","TCGCACTGTGGTCTCG-1_2_1"
"2210","TCGCACTTCTAACACG-1_2_1"
"2211","TCGCAGGAGACTCGAG-1_2_1"
"2212","TCGCAGGAGTCGGCAA-1_2_1"
"2213","TCGCAGGGTATACCCA-1_2_1"
"2214","TCGCAGGTCGCTAAAC-1_2_1"
"2215","TCGCTCACACTTGTCC-1_2_1"
"2216","TCGCTCAGTTCTATCT-1_2_1"
"2217","TCGCTTGGTCTTGTCC-1_2_1"
"2218","TCGGATAAGTAGGGTC-1_2_1"
"2219","TCGGATACATTGGCAT-1_2_1"
"2220","TCGGATAGTGCGCTCA-1_2_1"
"2221","TCGGGACCAGGGACTA-1_2_1"
"2222","TCGGGACGTCAGGTAG-1_2_1"
"2223","TCGGGACGTGGTCTCG-1_2_1"
"2224","TCGGGACGTTCCTTGC-1_2_1"
"2225","TCGGGACGTTGCTCCT-1_2_1"
"2226","TCGGGCAAGCATTTCG-1_2_1"
"2227","TCGGGCAAGTCAGAGC-1_2_1"
"2228","TCGGGCACACTCTCGT-1_2_1"
"2229","TCGGGCAGTGCACATT-1_2_1"
"2230","TCGGGTGCAACACGAG-1_2_1"
"2231","TCGGGTGGTCTCCCTA-1_2_1"
"2232","TCGGTCTCAACCGATT-1_2_1"
"2233","TCGGTCTCAAGTGCTT-1_2_1"
"2234","TCGGTCTCACGAGAAC-1_2_1"
"2235","TCGGTCTCAGGACTAG-1_2_1"
"2236","TCGGTCTGTTGTCAGT-1_2_1"
"2237","TCGGTCTTCTCAATCT-1_2_1"
"2238","TCGTAGAAGAATACAC-1_2_1"
"2239","TCGTAGAAGAGGTATT-1_2_1"
"2240","TCGTAGAAGGCTCCCA-1_2_1"
"2241","TCGTAGAAGTCATGGG-1_2_1"
"2242","TCGTAGAAGTCTGGTT-1_2_1"
"2243","TCGTAGACAGCAGACA-1_2_1"
"2244","TCGTAGAGTGTCATCA-1_2_1"
"2245","TCGTCCAGTCATATGC-1_2_1"
"2246","TCGTCCAGTCTCAAGT-1_2_1"
"2247","TCGTGCTAGTACTCGT-1_2_1"
"2248","TCGTGCTCATTAGGAA-1_2_1"
"2249","TCGTGGGTCGCCTTTG-1_2_1"
"2250","TCGTGGGTCGTTCAGA-1_2_1"
"2251","TCTAACTAGGATGTTA-1_2_1"
"2252","TCTAACTAGGTACAAT-1_2_1"
"2253","TCTAACTTCGCCATAA-1_2_1"
"2254","TCTAACTTCTGCTTAT-1_2_1"
"2255","TCTACATAGGCTCACC-1_2_1"
"2256","TCTACCGAGCCGAACA-1_2_1"
"2257","TCTACCGAGGTCTTTG-1_2_1"
"2258","TCTACCGCAAGTAGTA-1_2_1"
"2259","TCTACCGCACAATGAA-1_2_1"
"2260","TCTACCGCAGGTTTAC-1_2_1"
"2261","TCTACCGGTCCTTTGC-1_2_1"
"2262","TCTATACAGAGGATCC-1_2_1"
"2263","TCTATACAGCGCATCC-1_2_1"
"2264","TCTATACAGCGTGCCT-1_2_1"
"2265","TCTATACCACCGTCGA-1_2_1"
"2266","TCTATCAGTCTATGAC-1_2_1"
"2267","TCTCACGGTATTAAGG-1_2_1"
"2268","TCTCACGGTGGAATGC-1_2_1"
"2269","TCTCAGCAGGAAAGAC-1_2_1"
"2270","TCTCAGCCATCCCACT-1_2_1"
"2271","TCTCAGCCATCCGGCA-1_2_1"
"2272","TCTCAGCTCTGATTCT-1_2_1"
"2273","TCTCCGAAGAAGAGCA-1_2_1"
"2274","TCTCCGAGTTGCCATA-1_2_1"
"2275","TCTCTGGGTAACCCGC-1_2_1"
"2276","TCTGCCAAGTAGGCCA-1_2_1"
"2277","TCTGCCACAGCCCAGT-1_2_1"
"2278","TCTGCCACAGGTATGG-1_2_1"
"2279","TCTGCCAGTCGCGTCA-1_2_1"
"2280","TCTGCCAGTTTCGTTT-1_2_1"
"2281","TCTGCCATCGCTAATG-1_2_1"
"2282","TCTGGCTAGGCCATAG-1_2_1"
"2283","TCTGGCTCAACACACT-1_2_1"
"2284","TCTGTCGAGATAGCTA-1_2_1"
"2285","TCTGTCGAGCAGCCCT-1_2_1"
"2286","TCTGTCGCACTGCTTC-1_2_1"
"2287","TCTGTCGCAGATGCGA-1_2_1"
"2288","TCTGTCGCAGGTGGAT-1_2_1"
"2289","TCTGTCGCATGATAGA-1_2_1"
"2290","TCTGTCGGTTACTCAG-1_2_1"
"2291","TCTTAGTAGGTTTGAA-1_2_1"
"2292","TCTTAGTAGTATTAGG-1_2_1"
"2293","TCTTAGTCAAGGCCTC-1_2_1"
"2294","TCTTAGTGTCCCGCAA-1_2_1"
"2295","TCTTAGTTCTTAAGGC-1_2_1"
"2296","TCTTCCTAGACCGCCT-1_2_1"
"2297","TCTTCCTAGATGACCG-1_2_1"
"2298","TCTTGCGAGAGCATCG-1_2_1"
"2299","TCTTGCGGTTATCTGG-1_2_1"
"2300","TCTTTGAAGCGAAACC-1_2_1"
"2301","TCTTTGACAAATGCGG-1_2_1"
"2302","TCTTTGAGTATTGGCT-1_2_1"
"2303","TCTTTGAGTCATCCCT-1_2_1"
"2304","TCTTTGAGTGAGTCAG-1_2_1"
"2305","TGAACGTCAAAGGGTC-1_2_1"
"2306","TGAACGTGTCACCTTC-1_2_1"
"2307","TGAACGTGTCTACAAC-1_2_1"
"2308","TGAACGTGTGCCGAAA-1_2_1"
"2309","TGAACGTGTTCGGCTG-1_2_1"
"2310","TGAACGTTCGTACACA-1_2_1"
"2311","TGAATCGAGATGATTG-1_2_1"
"2312","TGAATCGAGGCCTAAG-1_2_1"
"2313","TGAATCGTCCATCTCG-1_2_1"
"2314","TGAATGCGTACCCGAC-1_2_1"
"2315","TGAATGCTCTGCATAG-1_2_1"
"2316","TGACAGTAGGCCACCT-1_2_1"
"2317","TGACAGTGTAGTAAGT-1_2_1"
"2318","TGACAGTGTGTCTTGA-1_2_1"
"2319","TGACAGTTCACACCCT-1_2_1"
"2320","TGACAGTTCATAAGGA-1_2_1"
"2321","TGACAGTTCTTCTGGC-1_2_1"
"2322","TGACCCTGTTTCACTT-1_2_1"
"2323","TGACGCGCAACTTGGT-1_2_1"
"2324","TGACGCGGTCGGAACA-1_2_1"
"2325","TGACGCGTCATCGCTC-1_2_1"
"2326","TGACGCGTCCGATTAG-1_2_1"
"2327","TGACGCGTCCTCACGT-1_2_1"
"2328","TGACTCCAGGCATTTC-1_2_1"
"2329","TGACTCCAGGTACAAT-1_2_1"
"2330","TGACTCCAGTAGCATA-1_2_1"
"2331","TGACTCCAGTGGCAGT-1_2_1"
"2332","TGACTCCGTATTCCTT-1_2_1"
"2333","TGAGACTCAAACTCTG-1_2_1"
"2334","TGAGCATAGTCACTGT-1_2_1"
"2335","TGAGCGCAGATGGCAC-1_2_1"
"2336","TGAGCGCCACGTGTGC-1_2_1"
"2337","TGAGCGCTCCGGTAAT-1_2_1"
"2338","TGAGGAGCACGCTGAC-1_2_1"
"2339","TGAGGAGGTCAATCTG-1_2_1"
"2340","TGAGGAGGTGAGTGAC-1_2_1"
"2341","TGAGGAGTCTTTGATC-1_2_1"
"2342","TGAGGGAAGCACGGAT-1_2_1"
"2343","TGAGGGAAGTGCGTCC-1_2_1"
"2344","TGAGGGACATAGGAGC-1_2_1"
"2345","TGAGGGATCACCCTTG-1_2_1"
"2346","TGAGGTTCAAATTAGG-1_2_1"
"2347","TGAGGTTCAGCTGCCA-1_2_1"
"2348","TGAGGTTGTCATCCCT-1_2_1"
"2349","TGAGTCAGTAGTGGCA-1_2_1"
"2350","TGATCAGCAATTGGTC-1_2_1"
"2351","TGATCTTAGTGGTCAG-1_2_1"
"2352","TGATCTTCAATGGCCC-1_2_1"
"2353","TGATCTTCAGGACTTT-1_2_1"
"2354","TGATGCAGTACGACTT-1_2_1"
"2355","TGATGCAGTCGCATCG-1_2_1"
"2356","TGATGGTAGGGTGAGG-1_2_1"
"2357","TGATGGTTCTCCAAGA-1_2_1"
"2358","TGATTCTCAAGGTCGA-1_2_1"
"2359","TGATTCTCAGCTGAGA-1_2_1"
"2360","TGATTCTGTTCACCGG-1_2_1"
"2361","TGATTCTTCACTGGTA-1_2_1"
"2362","TGATTCTTCGATTGAC-1_2_1"
"2363","TGATTTCAGTAGTGCG-1_2_1"
"2364","TGATTTCCACGGCACT-1_2_1"
"2365","TGATTTCCATGACTCA-1_2_1"
"2366","TGATTTCGTACGATGG-1_2_1"
"2367","TGATTTCGTTACGATC-1_2_1"
"2368","TGATTTCTCATTCGGA-1_2_1"
"2369","TGCACGGAGTGATCGG-1_2_1"
"2370","TGCACGGCACCAGCGT-1_2_1"
"2371","TGCACGGCATGAGGGT-1_2_1"
"2372","TGCAGATCACACACGC-1_2_1"
"2373","TGCAGGCAGCGCGTTC-1_2_1"
"2374","TGCAGGCAGCTTAGTC-1_2_1"
"2375","TGCAGGCAGGTCGAGT-1_2_1"
"2376","TGCAGGCCAATTGAAG-1_2_1"
"2377","TGCAGGCGTGTTACTG-1_2_1"
"2378","TGCAGTAAGTTCCTGA-1_2_1"
"2379","TGCATCCAGGTCCCTG-1_2_1"
"2380","TGCATCCGTGAATTGA-1_2_1"
"2381","TGCATCCTCCTGGTCT-1_2_1"
"2382","TGCATGAAGGTCCCTG-1_2_1"
"2383","TGCATGACAACCACAT-1_2_1"
"2384","TGCATGACACGCGCTA-1_2_1"
"2385","TGCATGAGTCAGGTGA-1_2_1"
"2386","TGCCGAGAGCTCGGCT-1_2_1"
"2387","TGCCGAGGTACCGCGT-1_2_1"
"2388","TGCCGAGTCAGACAAA-1_2_1"
"2389","TGCGACGCAACCAGAG-1_2_1"
"2390","TGCGACGCAACCGGAA-1_2_1"
"2391","TGCGACGCAGCTATAC-1_2_1"
"2392","TGCGACGGTGTCGCTG-1_2_1"
"2393","TGCGACGGTTAGGGTG-1_2_1"
"2394","TGCGACGTCGCAGTTA-1_2_1"
"2395","TGCGATAAGCGTCTCG-1_2_1"
"2396","TGCGATATCATCTATC-1_2_1"
"2397","TGCGGCACAGCACAAG-1_2_1"
"2398","TGCGGCACAGTCGCAC-1_2_1"
"2399","TGCGGCATCGAGCACC-1_2_1"
"2400","TGCGGGTAGCGACATG-1_2_1"
"2401","TGCGGGTCACGTGAGA-1_2_1"
"2402","TGCTCCAAGAGCCGTA-1_2_1"
"2403","TGCTCCAAGGGACAGG-1_2_1"
"2404","TGCTCCAGTGAGTTGG-1_2_1"
"2405","TGCTCGTAGGCTTCCG-1_2_1"
"2406","TGCTCGTCATGGGAAC-1_2_1"
"2407","TGCTCGTGTAAGCTCT-1_2_1"
"2408","TGCTCGTGTTTACACG-1_2_1"
"2409","TGCTGAACACTAGGCC-1_2_1"
"2410","TGCTGAATCAGAGTGG-1_2_1"
"2411","TGCTTCGCAACAAGTA-1_2_1"
"2412","TGCTTGCAGGACTAAT-1_2_1"
"2413","TGCTTGCAGTTGGAAT-1_2_1"
"2414","TGCTTGCCAACTTCTT-1_2_1"
"2415","TGCTTGCTCCCTAGGG-1_2_1"
"2416","TGCTTGCTCGGCCCAA-1_2_1"
"2417","TGGAACTAGAGAGCAA-1_2_1"
"2418","TGGAACTCAGATCCTA-1_2_1"
"2419","TGGAACTTCTCCCAAC-1_2_1"
"2420","TGGAGAGTCGCTAGCG-1_2_1"
"2421","TGGAGGACAAACGGCA-1_2_1"
"2422","TGGAGGACATACAGCT-1_2_1"
"2423","TGGATCAAGTGGAAGA-1_2_1"
"2424","TGGATCATCTGGGCGT-1_2_1"
"2425","TGGATCATCTTAGTTC-1_2_1"
"2426","TGGATGTAGACGAGCT-1_2_1"
"2427","TGGATGTAGCAAATGT-1_2_1"
"2428","TGGATGTTCGACACTA-1_2_1"
"2429","TGGCGTGTCGGATAAA-1_2_1"
"2430","TGGGAAGCAGTCAGTT-1_2_1"
"2431","TGGGAAGGTACAGTAA-1_2_1"
"2432","TGGGAAGGTTAGCTAC-1_2_1"
"2433","TGGGAGAGTACCGTGC-1_2_1"
"2434","TGGGAGAGTCGAGTGA-1_2_1"
"2435","TGGGATTAGCAAGGAA-1_2_1"
"2436","TGGGATTCAACTCCAA-1_2_1"
"2437","TGGGATTTCCTCATAT-1_2_1"
"2438","TGGGCGTCAAAGAGTT-1_2_1"
"2439","TGGGCGTCATGACGTT-1_2_1"
"2440","TGGGCTGGTAGCACAG-1_2_1"
"2441","TGGGTTAAGCGAATGC-1_2_1"
"2442","TGGGTTACACACACTA-1_2_1"
"2443","TGGGTTACACCGTGGT-1_2_1"
"2444","TGGGTTATCAAAGAAC-1_2_1"
"2445","TGGTACACACGTCTCT-1_2_1"
"2446","TGGTAGTAGACCTCCG-1_2_1"
"2447","TGGTAGTAGCTTGTGT-1_2_1"
"2448","TGGTAGTCAGCAGTAG-1_2_1"
"2449","TGGTGATAGAATACAC-1_2_1"
"2450","TGGTGATAGCAGAAAG-1_2_1"
"2451","TGGTGATAGTCAGCGA-1_2_1"
"2452","TGGTGATCATGAGGGT-1_2_1"
"2453","TGGTGATTCTCTGCCA-1_2_1"
"2454","TGGTTAGGTAGAAACT-1_2_1"
"2455","TGTAACGCACACACGC-1_2_1"
"2456","TGTAACGCAGGTGACA-1_2_1"
"2457","TGTAAGCCAACCTAAC-1_2_1"
"2458","TGTAAGCGTGACACAG-1_2_1"
"2459","TGTAAGCGTTAAGTCC-1_2_1"
"2460","TGTAAGCTCTGGCTGG-1_2_1"
"2461","TGTACAGAGGAAGTGA-1_2_1"
"2462","TGTACAGCAAATGCTC-1_2_1"
"2463","TGTACAGGTGGCATCC-1_2_1"
"2464","TGTCAGAAGACCAAAT-1_2_1"
"2465","TGTCAGAAGACCAGCA-1_2_1"
"2466","TGTCAGACAGGTCTCG-1_2_1"
"2467","TGTCAGACATCCGGCA-1_2_1"
"2468","TGTCCACAGACATCCT-1_2_1"
"2469","TGTCCACAGTCCCTAA-1_2_1"
"2470","TGTCCCACAGTCAGTT-1_2_1"
"2471","TGTCCTGGTGCTGATT-1_2_1"
"2472","TGTGAGTCACTATCCC-1_2_1"
"2473","TGTGAGTCACTCAAGT-1_2_1"
"2474","TGTGAGTCATGTACGT-1_2_1"
"2475","TGTGATGAGCATCGAG-1_2_1"
"2476","TGTGATGGTGGACAGT-1_2_1"
"2477","TGTGCGGGTACTGACT-1_2_1"
"2478","TGTGCGGTCCGTTTCG-1_2_1"
"2479","TGTGGCGTCTGACGCG-1_2_1"
"2480","TGTGTGATCGACGTCG-1_2_1"
"2481","TGTGTGATCTGGGATT-1_2_1"
"2482","TGTTACTAGGCCCGTT-1_2_1"
"2483","TGTTCATAGATGTAGT-1_2_1"
"2484","TGTTCATCAAGACAAT-1_2_1"
"2485","TGTTCATGTCATCACA-1_2_1"
"2486","TGTTCATGTGTTCAGT-1_2_1"
"2487","TGTTCATTCAAGTCTG-1_2_1"
"2488","TGTTCCGAGCTCCATA-1_2_1"
"2489","TGTTCCGAGTAAACAC-1_2_1"
"2490","TGTTCCGGTACAGTCT-1_2_1"
"2491","TGTTCCGGTACTCGAT-1_2_1"
"2492","TGTTGAGAGCTTACGT-1_2_1"
"2493","TGTTGAGCACACACGC-1_2_1"
"2494","TGTTGAGGTGGTTCTA-1_2_1"
"2495","TGTTGGACAGGCTTGC-1_2_1"
"2496","TGTTGGAGTCTTGCTC-1_2_1"
"2497","TGTTGGATCTACGCGG-1_2_1"
"2498","TGTTTGTCATGCGTGC-1_2_1"
"2499","TGTTTGTGTACGTACT-1_2_1"
"2500","TTAATCCAGACGTCCC-1_2_1"
"2501","TTAATCCCAAGAGAGA-1_2_1"
"2502","TTAATCCGTTAAGCAA-1_2_1"
"2503","TTAATCCTCCTGCCAT-1_2_1"
"2504","TTACAGGAGCCGATAG-1_2_1"
"2505","TTACAGGCATTCAGCA-1_2_1"
"2506","TTACCATAGTGGAAAG-1_2_1"
"2507","TTACCATGTATTTCCT-1_2_1"
"2508","TTACCATTCACTAGCA-1_2_1"
"2509","TTACCGCAGCTTAAGA-1_2_1"
"2510","TTACCGCAGGGTACAC-1_2_1"
"2511","TTACCGCCAACTCGTA-1_2_1"
"2512","TTACCGCCATGGGCAA-1_2_1"
"2513","TTACGCCGTCTTGGTA-1_2_1"
"2514","TTACGCCGTTAGGCCC-1_2_1"
"2515","TTACGCCTCCAACACA-1_2_1"
"2516","TTACGCCTCCGCACGA-1_2_1"
"2517","TTACGTTCAGCAATTC-1_2_1"
"2518","TTACGTTGTGTTTGCA-1_2_1"
"2519","TTACTGTAGGGTTGCA-1_2_1"
"2520","TTACTGTTCAAGCGTT-1_2_1"
"2521","TTACTGTTCTCGGCTT-1_2_1"
"2522","TTAGGCACAGCAGACA-1_2_1"
"2523","TTAGGGTCAGAGTGAC-1_2_1"
"2524","TTAGGGTCAGGCAATG-1_2_1"
"2525","TTAGGGTCAGTCGCTG-1_2_1"
"2526","TTAGGGTCATCGTGCG-1_2_1"
"2527","TTAGGGTGTAGAGCTG-1_2_1"
"2528","TTAGGGTTCGACATAC-1_2_1"
"2529","TTAGTCTAGGGATCAC-1_2_1"
"2530","TTAGTCTCAGTATTCG-1_2_1"
"2531","TTAGTCTTCCGAAATC-1_2_1"
"2532","TTAGTCTTCTTCTTCC-1_2_1"
"2533","TTATTGCCAAACGAGC-1_2_1"
"2534","TTATTGCCAGGTCAGA-1_2_1"
"2535","TTATTGCTCACTCTTA-1_2_1"
"2536","TTCAATCGTTCGGGTC-1_2_1"
"2537","TTCAATCTCCTACAAG-1_2_1"
"2538","TTCACCGCAACTGCTA-1_2_1"
"2539","TTCACCGCAAGCGAGT-1_2_1"
"2540","TTCACGCAGGACAGCT-1_2_1"
"2541","TTCAGGAAGACGCAGT-1_2_1"
"2542","TTCAGGAAGGTGAGAA-1_2_1"
"2543","TTCAGGACACAGTACT-1_2_1"
"2544","TTCAGGAGTGTTAGCT-1_2_1"
"2545","TTCATTGGTCACTCTC-1_2_1"
"2546","TTCATTGGTCTGTGGC-1_2_1"
"2547","TTCATTGTCCTCTTTC-1_2_1"
"2548","TTCATTGTCTCTGAGA-1_2_1"
"2549","TTCCAATAGAGTGGCT-1_2_1"
"2550","TTCCAATCACTACCGG-1_2_1"
"2551","TTCCAATGTGTCGCTG-1_2_1"
"2552","TTCCAATTCAGGACAG-1_2_1"
"2553","TTCCAATTCGGAAGGT-1_2_1"
"2554","TTCCACGAGGGCAGTT-1_2_1"
"2555","TTCCACGCAACCAATC-1_2_1"
"2556","TTCCACGTCATCGGGC-1_2_1"
"2557","TTCCGGTCACATCATG-1_2_1"
"2558","TTCCGTGCAGCTAACT-1_2_1"
"2559","TTCCGTGGTGTGATGG-1_2_1"
"2560","TTCCTAAAGAGCATTA-1_2_1"
"2561","TTCCTAAAGTGGATTA-1_2_1"
"2562","TTCCTAAGTGAATTAG-1_2_1"
"2563","TTCCTAAGTGGTACAG-1_2_1"
"2564","TTCCTAAGTTGCTAGT-1_2_1"
"2565","TTCCTCTAGAATCGAT-1_2_1"
"2566","TTCCTCTCAAGAATGT-1_2_1"
"2567","TTCCTCTGTCTTGGTA-1_2_1"
"2568","TTCCTTCGTCCAGTTA-1_2_1"
"2569","TTCCTTCGTTGCGGAA-1_2_1"
"2570","TTCCTTCTCAGAGTTC-1_2_1"
"2571","TTCGATTCAGGTGTTT-1_2_1"
"2572","TTCGATTCAGTAACCT-1_2_1"
"2573","TTCGCTGAGACGGTCA-1_2_1"
"2574","TTCGGTCGTGTCTTGA-1_2_1"
"2575","TTCGGTCGTGTTTCTT-1_2_1"
"2576","TTCGGTCTCCGTCAAA-1_2_1"
"2577","TTCTAACAGTTCACTG-1_2_1"
"2578","TTCTAACTCACATCAG-1_2_1"
"2579","TTCTAACTCTCTAGGA-1_2_1"
"2580","TTCTAGTCAAGCGAAC-1_2_1"
"2581","TTCTCTCAGACTTCAC-1_2_1"
"2582","TTCTCTCAGTACGAGC-1_2_1"
"2583","TTCTCTCGTAAGAACT-1_2_1"
"2584","TTCTGTAAGCTCCCTT-1_2_1"
"2585","TTCTTCCGTGTGCTTA-1_2_1"
"2586","TTCTTGAAGCGCACAA-1_2_1"
"2587","TTGAACGAGCGTACAG-1_2_1"
"2588","TTGAACGCAGGTTCCG-1_2_1"
"2589","TTGAACGCATACCAGT-1_2_1"
"2590","TTGAACGGTCGTCAGC-1_2_1"
"2591","TTGAACGGTTCTGAGT-1_2_1"
"2592","TTGAACGGTTGGACTT-1_2_1"
"2593","TTGAACGTCAAGTCTG-1_2_1"
"2594","TTGACCCCACGGTGTC-1_2_1"
"2595","TTGACCCCACGTAACT-1_2_1"
"2596","TTGAGTGAGCATATGA-1_2_1"
"2597","TTGAGTGCACCATAAC-1_2_1"
"2598","TTGAGTGTCTGCATGA-1_2_1"
"2599","TTGATGGTCTCGACCT-1_2_1"
"2600","TTGCATTAGTTGCGCC-1_2_1"
"2601","TTGCCTGTCACTTGGA-1_2_1"
"2602","TTGCCTGTCGCCTATC-1_2_1"
"2603","TTGCTGCCATCCTGTC-1_2_1"
"2604","TTGCTGCGTATGCTTG-1_2_1"
"2605","TTGCTGCGTCACATTG-1_2_1"
"2606","TTGCTGCTCCACTTCG-1_2_1"
"2607","TTGGATGCACAGTGAG-1_2_1"
"2608","TTGGATGCACGCTGTG-1_2_1"
"2609","TTGGATGTCCATACTT-1_2_1"
"2610","TTGGATGTCGGCCTTT-1_2_1"
"2611","TTGGGATAGAATCGAT-1_2_1"
"2612","TTGGGATCAGGCTACC-1_2_1"
"2613","TTGGGATGTAGCGTCC-1_2_1"
"2614","TTGGGCGAGAAGGCTC-1_2_1"
"2615","TTGGGCGCACCTGCTT-1_2_1"
"2616","TTGGGCGTCGGACAAG-1_2_1"
"2617","TTGGGTACAAAGGGCT-1_2_1"
"2618","TTGGGTATCGTTACCC-1_2_1"
"2619","TTGGGTATCTGCTTTA-1_2_1"
"2620","TTGGGTATCTTCGATT-1_2_1"
"2621","TTGGTTTGTTCACGAT-1_2_1"
"2622","TTGTGGAAGGTCACTT-1_2_1"
"2623","TTGTGGATCTAGCATG-1_2_1"
"2624","TTGTTCAAGGTGCTGA-1_2_1"
"2625","TTGTTCACATATCTCT-1_2_1"
"2626","TTGTTCAGTCAAAGTA-1_2_1"
"2627","TTGTTCAGTGAACGGT-1_2_1"
"2628","TTGTTGTAGAAGGCTC-1_2_1"
"2629","TTGTTGTCAAGCCTGC-1_2_1"
"2630","TTGTTGTCATAATGAG-1_2_1"
"2631","TTGTTTGAGTGCACAG-1_2_1"
"2632","TTGTTTGCAGAGTTCT-1_2_1"
"2633","TTGTTTGCAGGGATAC-1_2_1"
"2634","TTGTTTGGTACTAAGA-1_2_1"
"2635","TTTACCAGTCACGCTG-1_2_1"
"2636","TTTACCATCCGTGGTG-1_2_1"
"2637","TTTACGTCAGAGCTAG-1_2_1"
"2638","TTTACGTGTCGTTGGC-1_2_1"
"2639","TTTACTGCACCTTCCA-1_2_1"
"2640","TTTACTGGTGAGTAGC-1_2_1"
"2641","TTTACTGTCGAAATCC-1_2_1"
"2642","TTTAGTCAGAGAATCT-1_2_1"
"2643","TTTAGTCCATCTCGTC-1_2_1"
"2644","TTTAGTCGTCCCTAAA-1_2_1"
"2645","TTTAGTCGTGACACAG-1_2_1"
"2646","TTTAGTCGTGCGTGCT-1_2_1"
"2647","TTTAGTCGTGGCACTC-1_2_1"
"2648","TTTATGCCAGCACAAG-1_2_1"
"2649","TTTATGCTCGTTCCCA-1_2_1"
"2650","TTTCACACATACCATG-1_2_1"
"2651","TTTCAGTAGCTCTATG-1_2_1"
"2652","TTTCAGTCAAATGCTC-1_2_1"
"2653","TTTCAGTTCGCCTTGT-1_2_1"
"2654","TTTCATGCACGAGAAC-1_2_1"
"2655","TTTCCTCAGGCATGCA-1_2_1"
"2656","TTTCCTCCACGCAGTC-1_2_1"
"2657","TTTCGATAGGCTAACG-1_2_1"
"2658","TTTCGATCAGCCCACA-1_2_1"
"2659","TTTCGATGTAGGGAGG-1_2_1"
"2660","TTTCGATGTCAGTTTG-1_2_1"
"2661","TTTGACTAGGACCCAA-1_2_1"
"2662","TTTGACTAGTCTGGTT-1_2_1"
"2663","TTTGACTAGTGTCATC-1_2_1"
"2664","TTTGACTTCTAGACCA-1_2_1"
"2665","TTTGATCAGATTAGAC-1_2_1"
"2666","TTTGATCGTCATCGGC-1_2_1"
"2667","TTTGGAGCAAGCACCC-1_2_1"
"2668","TTTGGAGCAGAATCGG-1_2_1"
"2669","TTTGGAGGTGGCATCC-1_2_1"
"2670","TTTGGAGTCTTTGCAT-1_2_1"
"2671","TTTGTTGCATGACTCA-1_2_1"
"2672","TTTGTTGGTGGACTAG-1_2_1"
