"","x"
"1","AAACCCACAACGGCTC-1_3_1"
"2","AAACCCATCGTTAGTG-1_3_1"
"3","AAACGAAAGGGTAGCT-1_3_1"
"4","AAACGAAAGTAGATCA-1_3_1"
"5","AAACGAAGTGGTCTAT-1_3_1"
"6","AAACGAAGTTATGGTC-1_3_1"
"7","AAACGAATCCGTCCTA-1_3_1"
"8","AAACGCTAGTAACGTA-1_3_1"
"9","AAACGCTGTCCTGTTC-1_3_1"
"10","AAACGCTTCTTCGGTC-1_3_1"
"11","AAAGAACTCTCAACGA-1_3_1"
"12","AAAGAACTCTCGTGAA-1_3_1"
"13","AAAGGATAGCCATATC-1_3_1"
"14","AAAGGATCAGACCTAT-1_3_1"
"15","AAAGGATGTCTGTGTA-1_3_1"
"16","AAAGGATTCTAGTGAC-1_3_1"
"17","AAAGGGCCACCAGCCA-1_3_1"
"18","AAAGGGCGTGTTACAC-1_3_1"
"19","AAAGGGCGTTTGATCG-1_3_1"
"20","AAAGGGCTCGCAGATT-1_3_1"
"21","AAAGGGCTCGGTCGGT-1_3_1"
"22","AAAGGTACATCAGCGC-1_3_1"
"23","AAAGGTACATCCTTGC-1_3_1"
"24","AAAGGTAGTCGTCATA-1_3_1"
"25","AAAGGTATCATTTGGG-1_3_1"
"26","AAAGTCCAGAAACTAC-1_3_1"
"27","AAAGTCCCATCCCGTT-1_3_1"
"28","AAAGTCCGTGTCTTCC-1_3_1"
"29","AAAGTCCTCCTTCACG-1_3_1"
"30","AAAGTCCTCTCTGAGA-1_3_1"
"31","AAAGTGACACATAACC-1_3_1"
"32","AAAGTGAGTGTGCTTA-1_3_1"
"33","AAAGTGAGTTTGCCGG-1_3_1"
"34","AAATGGACATAATCGC-1_3_1"
"35","AAATGGATCTTCCTAA-1_3_1"
"36","AACAAAGAGAGTACCG-1_3_1"
"37","AACAAAGCAGCTCATA-1_3_1"
"38","AACAAAGGTAGCACGA-1_3_1"
"39","AACAAAGGTGTGCCTG-1_3_1"
"40","AACAACCCACACAGCC-1_3_1"
"41","AACAACCGTCCTACAA-1_3_1"
"42","AACAACCGTGGTAATA-1_3_1"
"43","AACAACCTCCGAAATC-1_3_1"
"44","AACAAGAAGAGCTTTC-1_3_1"
"45","AACAAGAAGGTCCGAA-1_3_1"
"46","AACACACAGTTTCGGT-1_3_1"
"47","AACACACCAACACGAG-1_3_1"
"48","AACAGGGAGTAAACGT-1_3_1"
"49","AACAGGGGTTGTCCCT-1_3_1"
"50","AACAGGGTCACTGGTA-1_3_1"
"51","AACCAACAGAAATCCA-1_3_1"
"52","AACCAACGTGTCTAAC-1_3_1"
"53","AACCAACTCTGCAGCG-1_3_1"
"54","AACCACAAGCTAAGTA-1_3_1"
"55","AACCACAAGGACTGGT-1_3_1"
"56","AACCACACAGAAATCA-1_3_1"
"57","AACCACACATTCTCTA-1_3_1"
"58","AACCACATCTGCATAG-1_3_1"
"59","AACCATGAGCGTGAGT-1_3_1"
"60","AACCATGTCAAGCCGC-1_3_1"
"61","AACCCAAAGAGCATCG-1_3_1"
"62","AACCCAAAGCAAATCA-1_3_1"
"63","AACCCAACAATCTCTT-1_3_1"
"64","AACCCAACACTTTAGG-1_3_1"
"65","AACCCAACAGGAGACT-1_3_1"
"66","AACCCAACATAACGGG-1_3_1"
"67","AACCCAAGTACCGGCT-1_3_1"
"68","AACCCAAGTACGCTAT-1_3_1"
"69","AACCTGAAGTTTCAGC-1_3_1"
"70","AACCTGACAATACCCA-1_3_1"
"71","AACCTGACACTCAAGT-1_3_1"
"72","AACCTGACAGAGACTG-1_3_1"
"73","AACCTGATCAATCTTC-1_3_1"
"74","AACCTGATCCTATTTG-1_3_1"
"75","AACCTTTTCAGTCACA-1_3_1"
"76","AACCTTTTCCATCAGA-1_3_1"
"77","AACGAAAAGCTCAGAG-1_3_1"
"78","AACGAAATCCTAGCTC-1_3_1"
"79","AACGAAATCGATGGAG-1_3_1"
"80","AACGGGAAGGCACTAG-1_3_1"
"81","AACGGGAAGTTTCTTC-1_3_1"
"82","AACGTCAGTACCCGAC-1_3_1"
"83","AACGTCAGTTTAGACC-1_3_1"
"84","AACGTCATCGCTAAAC-1_3_1"
"85","AACGTCATCGTCGACG-1_3_1"
"86","AACGTCATCTGGTCAA-1_3_1"
"87","AACTTCTAGGAAAGAC-1_3_1"
"88","AACTTCTCAACCCTAA-1_3_1"
"89","AACTTCTGTCCTATAG-1_3_1"
"90","AACTTCTTCGAACGCC-1_3_1"
"91","AAGAACACAAGGAGTC-1_3_1"
"92","AAGAACAGTCCACGCA-1_3_1"
"93","AAGAACATCACAACCA-1_3_1"
"94","AAGAACATCTGGGCAC-1_3_1"
"95","AAGACAAGTTCTTAGG-1_3_1"
"96","AAGACTCAGTAGCAAT-1_3_1"
"97","AAGATAGAGAGGGTAA-1_3_1"
"98","AAGCATCGTGTGTCGC-1_3_1"
"99","AAGCATCTCAGAGCGA-1_3_1"
"100","AAGCCATAGAGGATCC-1_3_1"
"101","AAGCCATAGCTGTCCG-1_3_1"
"102","AAGCCATGTCCTTGTC-1_3_1"
"103","AAGCCATGTTATTCTC-1_3_1"
"104","AAGCCATTCTCTTGCG-1_3_1"
"105","AAGCGAGCAAATCAAG-1_3_1"
"106","AAGCGTTGTATCTCGA-1_3_1"
"107","AAGCGTTTCTCAGTCC-1_3_1"
"108","AAGGAATGTAGGCAGT-1_3_1"
"109","AAGGTAAAGTCGGCCT-1_3_1"
"110","AAGGTAACAAGGGCAT-1_3_1"
"111","AAGGTAACACTACACA-1_3_1"
"112","AAGGTAAGTGGTAATA-1_3_1"
"113","AAGTACCAGGGCAGAG-1_3_1"
"114","AAGTACCCAAATGGAT-1_3_1"
"115","AAGTACCCATTGACCA-1_3_1"
"116","AAGTCGTCATCGTGCG-1_3_1"
"117","AAGTGAAAGCGTCTCG-1_3_1"
"118","AAGTGAAAGTCTCCTC-1_3_1"
"119","AAGTGAAAGTGCACCC-1_3_1"
"120","AAGTGAAGTGGAGGTT-1_3_1"
"121","AAGTGAATCTGGGCCA-1_3_1"
"122","AAGTTCGAGTACAGCG-1_3_1"
"123","AAGTTCGCAAGTGGGT-1_3_1"
"124","AAGTTCGGTTAAACAG-1_3_1"
"125","AAGTTCGTCCCGGTAG-1_3_1"
"126","AAGTTCGTCCGCACTT-1_3_1"
"127","AATAGAGAGCCGAACA-1_3_1"
"128","AATAGAGCATCGATCA-1_3_1"
"129","AATAGAGTCTCGACGG-1_3_1"
"130","AATCGTGCAAACAGGC-1_3_1"
"131","AATGACCAGCCTGTCG-1_3_1"
"132","AATGACCGTCGCACGT-1_3_1"
"133","AATGACCTCCCAGCGA-1_3_1"
"134","AATGCCAAGACCTGGA-1_3_1"
"135","AATGCCAAGTCATGCT-1_3_1"
"136","AATGGAAGTCCTTGTC-1_3_1"
"137","AATGGAATCGATTCCC-1_3_1"
"138","AATGGCTAGAGCTGAC-1_3_1"
"139","AATGGCTAGCCTATTG-1_3_1"
"140","AATGGCTAGTGCGCTC-1_3_1"
"141","AATGGCTGTTGGCCTG-1_3_1"
"142","AATGGCTTCTCTCCGA-1_3_1"
"143","AATGGCTTCTTGGGCG-1_3_1"
"144","AATTCCTAGAGTCAAT-1_3_1"
"145","AATTTCCGTCAAAGTA-1_3_1"
"146","AATTTCCGTGAGACCA-1_3_1"
"147","AATTTCCTCTACTATC-1_3_1"
"148","ACAAAGAAGTTGCATC-1_3_1"
"149","ACAAAGAGTGGCTTAT-1_3_1"
"150","ACAACCATCACGAGGA-1_3_1"
"151","ACAACCATCCAGCCTT-1_3_1"
"152","ACAACCATCTACACAG-1_3_1"
"153","ACAAGCTTCATTGTTC-1_3_1"
"154","ACAAGCTTCGAGAGCA-1_3_1"
"155","ACAAGCTTCGAGTTGT-1_3_1"
"156","ACACAGTCACATCCCT-1_3_1"
"157","ACACCAAGTGATAGAT-1_3_1"
"158","ACACCAAGTGCCTTTC-1_3_1"
"159","ACACGCGGTCCTATAG-1_3_1"
"160","ACACGCGTCCCAATAG-1_3_1"
"161","ACACTGAAGAAGGATG-1_3_1"
"162","ACAGAAAAGTGCCTCG-1_3_1"
"163","ACAGCCGCACTAGGTT-1_3_1"
"164","ACAGCCGGTAACACCT-1_3_1"
"165","ACAGCCGGTCAACACT-1_3_1"
"166","ACAGGGAAGTATTCCG-1_3_1"
"167","ACAGGGAGTACTCGAT-1_3_1"
"168","ACAGGGAGTCACAATC-1_3_1"
"169","ACATCGACAGTCACGC-1_3_1"
"170","ACATCGAGTATGTCAC-1_3_1"
"171","ACATGCACAGACAAGC-1_3_1"
"172","ACATGCACATCATTGG-1_3_1"
"173","ACATGCAGTACGTTCA-1_3_1"
"174","ACATGCATCTCAGTCC-1_3_1"
"175","ACATTTCAGTAACCGG-1_3_1"
"176","ACCAAACAGCAGGCAT-1_3_1"
"177","ACCAACAAGGGATGTC-1_3_1"
"178","ACCAACAAGTGCAGCA-1_3_1"
"179","ACCAACACACGCTTAA-1_3_1"
"180","ACCACAAAGCGGACAT-1_3_1"
"181","ACCACAACACCAGCTG-1_3_1"
"182","ACCATTTAGGACTAAT-1_3_1"
"183","ACCCAAAGTACTAACC-1_3_1"
"184","ACCCTCAAGAGCCTGA-1_3_1"
"185","ACCCTTGAGACCTTTG-1_3_1"
"186","ACCCTTGAGCTGACTT-1_3_1"
"187","ACCCTTGGTCCACTTC-1_3_1"
"188","ACCCTTGGTGTATTCG-1_3_1"
"189","ACCGTTCGTATCGATC-1_3_1"
"190","ACCTACCAGACTGGGT-1_3_1"
"191","ACCTACCTCTGGGCCA-1_3_1"
"192","ACCTGAAGTTGCACGC-1_3_1"
"193","ACCTGAATCGTGCTCT-1_3_1"
"194","ACCTGTCCAGTCAGTT-1_3_1"
"195","ACCTGTCTCAAGCCTA-1_3_1"
"196","ACGATCAAGCCTGACC-1_3_1"
"197","ACGATCAAGGCCACTC-1_3_1"
"198","ACGATCAAGGCTCTCG-1_3_1"
"199","ACGATCACACCTCTAC-1_3_1"
"200","ACGATGTCAAACTCGT-1_3_1"
"201","ACGATGTCACTCCGGA-1_3_1"
"202","ACGATGTCACTGAGGA-1_3_1"
"203","ACGATGTCATCAGCAT-1_3_1"
"204","ACGATGTGTCTGCCTT-1_3_1"
"205","ACGCACGGTGGAAGTC-1_3_1"
"206","ACGGAAGCACGCTGCA-1_3_1"
"207","ACGGAAGGTTCTCCCA-1_3_1"
"208","ACGGAAGTCACGGGCT-1_3_1"
"209","ACGGGTCAGCCGTAAG-1_3_1"
"210","ACGGGTCAGGACGCTA-1_3_1"
"211","ACGGGTCAGTTAACAG-1_3_1"
"212","ACGGGTCCAAGGAGTC-1_3_1"
"213","ACGGGTCCACTAGGCC-1_3_1"
"214","ACGGGTCCAGCCGTCA-1_3_1"
"215","ACGGGTCGTTTAAGGA-1_3_1"
"216","ACGGTCGCAACCAACT-1_3_1"
"217","ACGGTCGCATCGGCCA-1_3_1"
"218","ACGTAACGTCGCTCGA-1_3_1"
"219","ACGTAACGTGTGCCTG-1_3_1"
"220","ACGTAACTCCCTCGAT-1_3_1"
"221","ACGTAACTCTCGTGAA-1_3_1"
"222","ACGTACAAGTTGCTCA-1_3_1"
"223","ACGTACACAAGCACAG-1_3_1"
"224","ACGTACACACTTTATC-1_3_1"
"225","ACGTACAGTGTTTGCA-1_3_1"
"226","ACGTACATCCATGAGT-1_3_1"
"227","ACGTACATCCGGCTTT-1_3_1"
"228","ACGTAGTAGGGTAATT-1_3_1"
"229","ACGTAGTCAGGACAGT-1_3_1"
"230","ACGTAGTTCTTTGCAT-1_3_1"
"231","ACGTCCTGTACCTAAC-1_3_1"
"232","ACGTCCTTCGCCAGAC-1_3_1"
"233","ACGTTCCAGAGGGTGG-1_3_1"
"234","ACGTTCCAGTTCGCAT-1_3_1"
"235","ACGTTCCCAAATACGA-1_3_1"
"236","ACGTTCCCATCCGAGC-1_3_1"
"237","ACGTTCCTCGTCAAAC-1_3_1"
"238","ACGTTCCTCTCGAACA-1_3_1"
"239","ACTACGAAGCATCCTA-1_3_1"
"240","ACTACGAGTAACTAAG-1_3_1"
"241","ACTACGAGTCTAACTG-1_3_1"
"242","ACTACGATCATATGGC-1_3_1"
"243","ACTACGATCTCGCTCA-1_3_1"
"244","ACTATCTAGCTAAATG-1_3_1"
"245","ACTATCTCAGGCTTGC-1_3_1"
"246","ACTATCTTCCGAGATT-1_3_1"
"247","ACTATGGCAGCGCGTT-1_3_1"
"248","ACTATGGTCAGTAGGG-1_3_1"
"249","ACTATTCGTTAGGGTG-1_3_1"
"250","ACTATTCTCGACATCA-1_3_1"
"251","ACTCCCACAGCGACAA-1_3_1"
"252","ACTCCCAGTGCATTAC-1_3_1"
"253","ACTCTCGAGACCTTTG-1_3_1"
"254","ACTCTCGAGCGCCCAT-1_3_1"
"255","ACTCTCGGTAGACACG-1_3_1"
"256","ACTCTCGGTGTTGACT-1_3_1"
"257","ACTGATGCATACTGAC-1_3_1"
"258","ACTGATGGTCAGCGTC-1_3_1"
"259","ACTGATGTCCTATTTG-1_3_1"
"260","ACTGCAAAGACTTAAG-1_3_1"
"261","ACTGCAAAGATACCAA-1_3_1"
"262","ACTGTCCAGCCTGAGA-1_3_1"
"263","ACTGTCCAGGAACGAA-1_3_1"
"264","ACTGTCCAGTTGTAAG-1_3_1"
"265","ACTGTCCGTTAGGCTT-1_3_1"
"266","ACTGTCCGTTTAGACC-1_3_1"
"267","ACTGTGAAGGTGCTAG-1_3_1"
"268","ACTGTGATCGAACTCA-1_3_1"
"269","ACTTAGGAGCGCTTCG-1_3_1"
"270","ACTTAGGGTAGAGACC-1_3_1"
"271","ACTTATCGTCAGTCTA-1_3_1"
"272","ACTTATCTCAGCTCTC-1_3_1"
"273","ACTTATCTCGTCCTCA-1_3_1"
"274","ACTTCCGAGACCCGCT-1_3_1"
"275","ACTTCCGTCGTACCTC-1_3_1"
"276","ACTTCGCCATCTGCGG-1_3_1"
"277","ACTTCGCCATGCCGGT-1_3_1"
"278","ACTTCGCCATGGCCCA-1_3_1"
"279","ACTTCGCTCGATTGAC-1_3_1"
"280","ACTTTCAAGCCGATTT-1_3_1"
"281","ACTTTCAGTAATGCGG-1_3_1"
"282","ACTTTCAGTGGTTCTA-1_3_1"
"283","ACTTTCATCTGGGAGA-1_3_1"
"284","ACTTTGTAGGAGTATT-1_3_1"
"285","ACTTTGTGTGTGTACT-1_3_1"
"286","ACTTTGTGTTAATCGC-1_3_1"
"287","ACTTTGTTCCTCGATC-1_3_1"
"288","ACTTTGTTCTATCGCC-1_3_1"
"289","AGAAATGAGATACAGT-1_3_1"
"290","AGAAATGCATTGTGCA-1_3_1"
"291","AGAAATGGTTCTGAGT-1_3_1"
"292","AGAAATGTCGGAAACG-1_3_1"
"293","AGAACAAAGTCACGCC-1_3_1"
"294","AGAACAACATGGTGGA-1_3_1"
"295","AGAACAAGTCCTACGG-1_3_1"
"296","AGAACAATCATCACCC-1_3_1"
"297","AGAACAATCATCCTGC-1_3_1"
"298","AGAACCTCACTAGGCC-1_3_1"
"299","AGAACCTCAGTGTGCC-1_3_1"
"300","AGAACCTGTGTTCATG-1_3_1"
"301","AGAAGCGAGTGTTCCA-1_3_1"
"302","AGAAGCGAGTTTGTCG-1_3_1"
"303","AGAAGTAAGTCCTACA-1_3_1"
"304","AGAAGTACAACCCGCA-1_3_1"
"305","AGACAAACAGAATGTA-1_3_1"
"306","AGACACTCAGGAGGTT-1_3_1"
"307","AGACAGGAGTTCCGTA-1_3_1"
"308","AGACAGGCAAACGGCA-1_3_1"
"309","AGACAGGCAAGTCGTT-1_3_1"
"310","AGACAGGTCGGCTATA-1_3_1"
"311","AGACCATAGGGTATAT-1_3_1"
"312","AGACCCGAGAGTGGCT-1_3_1"
"313","AGACCCGAGCAAGTGC-1_3_1"
"314","AGACCCGCAGACAATA-1_3_1"
"315","AGACCCGCAGCGCGTT-1_3_1"
"316","AGAGAATAGCGCACAA-1_3_1"
"317","AGAGAATTCAGCAGAG-1_3_1"
"318","AGAGAATTCTCATTGT-1_3_1"
"319","AGAGAATTCTCCATAT-1_3_1"
"320","AGAGAGCAGCGACTAG-1_3_1"
"321","AGAGAGCAGGACAAGA-1_3_1"
"322","AGAGAGCCAATACCCA-1_3_1"
"323","AGAGCAGAGCATGGGT-1_3_1"
"324","AGAGCAGAGGAGACCT-1_3_1"
"325","AGAGCAGGTCATCCCT-1_3_1"
"326","AGAGCAGGTGGATGAC-1_3_1"
"327","AGAGCAGGTTCCGGTG-1_3_1"
"328","AGAGCCCAGCCGTTAT-1_3_1"
"329","AGAGCCCAGTGCAACG-1_3_1"
"330","AGAGCCCCAGGAATCG-1_3_1"
"331","AGAGCCCCATGATCTG-1_3_1"
"332","AGAGCCCGTAGCGAGT-1_3_1"
"333","AGAGCCCGTCACTAGT-1_3_1"
"334","AGAGCCCGTCGCGTCA-1_3_1"
"335","AGATAGAAGCGCCTAC-1_3_1"
"336","AGATAGACATACAGAA-1_3_1"
"337","AGATAGAGTGTTCGAT-1_3_1"
"338","AGATAGATCGCTGACG-1_3_1"
"339","AGATAGATCTCATTTG-1_3_1"
"340","AGATCCACAGATCACT-1_3_1"
"341","AGATCGTAGTTGTACC-1_3_1"
"342","AGATCGTTCGATGGAG-1_3_1"
"343","AGATGAAAGCATCGAG-1_3_1"
"344","AGATGAACACTGGAAG-1_3_1"
"345","AGATGAATCGATTGGT-1_3_1"
"346","AGATGCTAGCGAATGC-1_3_1"
"347","AGATGCTAGGACGCAT-1_3_1"
"348","AGATGCTCAGGCGAAT-1_3_1"
"349","AGATGCTCATCACCAA-1_3_1"
"350","AGATGCTCATGGGTTT-1_3_1"
"351","AGATGCTTCACCATAG-1_3_1"
"352","AGCATCAAGAACCGCA-1_3_1"
"353","AGCATCAAGGATTTCC-1_3_1"
"354","AGCATCACAACTTCTT-1_3_1"
"355","AGCATCACAAGAGCTG-1_3_1"
"356","AGCATCACATGACAAA-1_3_1"
"357","AGCATCAGTAGCTAAA-1_3_1"
"358","AGCCAATGTATCAGCT-1_3_1"
"359","AGCCACGCACATCATG-1_3_1"
"360","AGCCACGGTGCTCCGA-1_3_1"
"361","AGCCAGCAGAGAAGGT-1_3_1"
"362","AGCCAGCCAAACAGGC-1_3_1"
"363","AGCGATTAGCGGACAT-1_3_1"
"364","AGCGATTAGGTTCCGC-1_3_1"
"365","AGCGATTCAGTATGAA-1_3_1"
"366","AGCGATTTCACACGAT-1_3_1"
"367","AGCGCTGCAACAAAGT-1_3_1"
"368","AGCGCTGGTGACTATC-1_3_1"
"369","AGCGTATTCGCTCTCA-1_3_1"
"370","AGCTACAGTAACTTCG-1_3_1"
"371","AGCTACATCCTTATGT-1_3_1"
"372","AGCTACATCGGAATGG-1_3_1"
"373","AGCTCAAAGACGACTG-1_3_1"
"374","AGCTCAAAGGATACGC-1_3_1"
"375","AGCTCAACAAGCCATT-1_3_1"
"376","AGCTCAACAGAACCGA-1_3_1"
"377","AGCTCAATCTCATTTG-1_3_1"
"378","AGCTTCCGTAGGTTTC-1_3_1"
"379","AGCTTCCTCGACATTG-1_3_1"
"380","AGGAAATAGCCTCAAT-1_3_1"
"381","AGGAAATGTGACTGTT-1_3_1"
"382","AGGAAATTCGAGTGAG-1_3_1"
"383","AGGAATAAGCCTATTG-1_3_1"
"384","AGGAATACACAGCGCT-1_3_1"
"385","AGGAATATCGCGAAGA-1_3_1"
"386","AGGACGACAAGGTCAG-1_3_1"
"387","AGGACGATCTCGCTTG-1_3_1"
"388","AGGACTTAGTGTACAA-1_3_1"
"389","AGGACTTGTATGGTTC-1_3_1"
"390","AGGACTTTCAGGTGTT-1_3_1"
"391","AGGACTTTCCCTATTA-1_3_1"
"392","AGGAGGTGTGTCTAAC-1_3_1"
"393","AGGAGGTGTTGGTGTT-1_3_1"
"394","AGGATAAAGGCCTGCT-1_3_1"
"395","AGGATAAGTCAGGCAA-1_3_1"
"396","AGGATAAGTGATCATC-1_3_1"
"397","AGGATAAGTGTCGCTG-1_3_1"
"398","AGGATCTAGCTCGGCT-1_3_1"
"399","AGGATCTAGGTCACTT-1_3_1"
"400","AGGATCTCAACGGTAG-1_3_1"
"401","AGGATCTGTCGGTACC-1_3_1"
"402","AGGCATTGTCGTACTA-1_3_1"
"403","AGGCATTTCTTTGGAG-1_3_1"
"404","AGGCCACGTGATTGGG-1_3_1"
"405","AGGCTGCTCCGAGGCT-1_3_1"
"406","AGGGAGTCAACTAGAA-1_3_1"
"407","AGGGAGTCAGTCGAGA-1_3_1"
"408","AGGGAGTGTCCCTGTT-1_3_1"
"409","AGGGAGTTCCTCACTG-1_3_1"
"410","AGGGCCTAGGCGCTCT-1_3_1"
"411","AGGGCCTGTACGATCT-1_3_1"
"412","AGGGCCTGTGATGGCA-1_3_1"
"413","AGGGCTCAGAGCAGAA-1_3_1"
"414","AGGGCTCCAACCCTCT-1_3_1"
"415","AGGGCTCGTCTCAGGC-1_3_1"
"416","AGGGCTCGTGACGTCC-1_3_1"
"417","AGGGCTCTCGAGATAA-1_3_1"
"418","AGGGTCCGTCCACGCA-1_3_1"
"419","AGGGTCCGTTAGTCGT-1_3_1"
"420","AGGGTGAAGAGATTCA-1_3_1"
"421","AGGGTGACACTACCGG-1_3_1"
"422","AGGGTGATCGGTGTAT-1_3_1"
"423","AGGGTTTCAAGTCGTT-1_3_1"
"424","AGGGTTTTCACCATCC-1_3_1"
"425","AGGGTTTTCGTGAGAG-1_3_1"
"426","AGGTAGGAGGTCACAG-1_3_1"
"427","AGGTCATCACACCAGC-1_3_1"
"428","AGGTCATCAGATAAAC-1_3_1"
"429","AGGTCATGTTGCGGCT-1_3_1"
"430","AGGTCTAAGGTAAAGG-1_3_1"
"431","AGGTCTATCAAATAGG-1_3_1"
"432","AGGTGTTCAGGCACTC-1_3_1"
"433","AGGTGTTGTTGGCTAT-1_3_1"
"434","AGGTTACAGGCACTAG-1_3_1"
"435","AGGTTACTCCACATAG-1_3_1"
"436","AGGTTACTCCATTGCC-1_3_1"
"437","AGGTTGTCACTTTAGG-1_3_1"
"438","AGGTTGTGTCGGAAAC-1_3_1"
"439","AGGTTGTGTGCGGCTT-1_3_1"
"440","AGGTTGTGTTAGGAGC-1_3_1"
"441","AGGTTGTTCCGCACGA-1_3_1"
"442","AGTAACCCATGAGGGT-1_3_1"
"443","AGTAACCGTTGGTAGG-1_3_1"
"444","AGTAACCTCTTCGTAT-1_3_1"
"445","AGTACCACAAACTCGT-1_3_1"
"446","AGTACCATCCCTAGGG-1_3_1"
"447","AGTACCATCCTGTTGC-1_3_1"
"448","AGTAGCTAGGTTAAAC-1_3_1"
"449","AGTAGCTAGTGCTACT-1_3_1"
"450","AGTAGCTGTTCAGGTT-1_3_1"
"451","AGTAGTCAGATTAGCA-1_3_1"
"452","AGTAGTCGTGTCATCA-1_3_1"
"453","AGTCAACAGAGAGCCT-1_3_1"
"454","AGTCAACCAAGGCCTC-1_3_1"
"455","AGTCAACCATGTTCAG-1_3_1"
"456","AGTCACAAGATTGAGT-1_3_1"
"457","AGTCACACAGGTGAGT-1_3_1"
"458","AGTCACAGTAACATCC-1_3_1"
"459","AGTCACATCGGTCTAA-1_3_1"
"460","AGTCATGAGATACCAA-1_3_1"
"461","AGTCATGGTAAGGCTG-1_3_1"
"462","AGTCATGGTACGATTC-1_3_1"
"463","AGTCATGTCGACCCAG-1_3_1"
"464","AGTCTCCCAACGGGTA-1_3_1"
"465","AGTCTCCCAGTCTCTC-1_3_1"
"466","AGTGATCAGTGAGTTA-1_3_1"
"467","AGTGATCCACTACGGC-1_3_1"
"468","AGTGATCGTTCTCCTG-1_3_1"
"469","AGTGCCGTCGGATTAC-1_3_1"
"470","AGTGTTGAGAGCATAT-1_3_1"
"471","AGTGTTGAGTCACACT-1_3_1"
"472","AGTGTTGCAAGTGGTG-1_3_1"
"473","AGTTAGCGTAGACGGT-1_3_1"
"474","AGTTAGCTCGCAACAT-1_3_1"
"475","AGTTCGAAGTAACCTC-1_3_1"
"476","AGTTCGACAGTAGTTC-1_3_1"
"477","AGTTCGAGTAGTTCCA-1_3_1"
"478","AGTTCGAGTCGCTGCA-1_3_1"
"479","AGTTCGATCAAGTCTG-1_3_1"
"480","ATACCGAAGGTCTTTG-1_3_1"
"481","ATACCTTGTAACTAAG-1_3_1"
"482","ATACCTTGTCCAACGC-1_3_1"
"483","ATACTTCAGGACTTCT-1_3_1"
"484","ATACTTCCACAGCGCT-1_3_1"
"485","ATACTTCGTGATACTC-1_3_1"
"486","ATAGACCAGGTCCTGC-1_3_1"
"487","ATAGACCAGTGGATTA-1_3_1"
"488","ATAGACCCAGTTGTCA-1_3_1"
"489","ATAGACCTCGGCTATA-1_3_1"
"490","ATAGAGAGTAGCTGTT-1_3_1"
"491","ATAGAGATCAGCCTTC-1_3_1"
"492","ATAGGCTAGGAGGGTG-1_3_1"
"493","ATAGGCTCAACCCTCT-1_3_1"
"494","ATAGGCTCAATCTCGA-1_3_1"
"495","ATAGGCTGTTTGGGAG-1_3_1"
"496","ATAGGCTTCGGACCAC-1_3_1"
"497","ATATCCTAGACCATAA-1_3_1"
"498","ATATCCTAGTAGATCA-1_3_1"
"499","ATATCCTCAATTGGTC-1_3_1"
"500","ATATCCTTCCAAGGGA-1_3_1"
"501","ATATCCTTCTATGCCC-1_3_1"
"502","ATCACAGAGTGGAATT-1_3_1"
"503","ATCACGAAGAATCGTA-1_3_1"
"504","ATCACGATCTACTGCC-1_3_1"
"505","ATCACTTCACTTGACA-1_3_1"
"506","ATCACTTCAGACAAAT-1_3_1"
"507","ATCACTTCATGACACT-1_3_1"
"508","ATCACTTTCGTTAGTG-1_3_1"
"509","ATCAGGTAGCTGTGCC-1_3_1"
"510","ATCAGGTCACTCTGCT-1_3_1"
"511","ATCAGGTCAGAGGTTG-1_3_1"
"512","ATCAGGTCAGGTTACT-1_3_1"
"513","ATCAGGTTCCCTTCCC-1_3_1"
"514","ATCAGGTTCTCAGTCC-1_3_1"
"515","ATCATTCCACTGGCCA-1_3_1"
"516","ATCATTCCATCTGTTT-1_3_1"
"517","ATCATTCGTCCTACGG-1_3_1"
"518","ATCCACCGTAAGATCA-1_3_1"
"519","ATCCACCGTCCCTGTT-1_3_1"
"520","ATCCACCTCAGCAGAG-1_3_1"
"521","ATCCATTGTTATCTGG-1_3_1"
"522","ATCCATTTCCGTGACG-1_3_1"
"523","ATCCCTGAGCACTCTA-1_3_1"
"524","ATCCCTGCAAATGCTC-1_3_1"
"525","ATCCCTGGTTTGGGAG-1_3_1"
"526","ATCCCTGTCCCAGTGG-1_3_1"
"527","ATCCGTCAGATCACTC-1_3_1"
"528","ATCCGTCCAAACTGCT-1_3_1"
"529","ATCCGTCGTCCGAAAG-1_3_1"
"530","ATCCGTCGTCCTCAGG-1_3_1"
"531","ATCCTATCAACCGCCA-1_3_1"
"532","ATCGATGCACGACGCT-1_3_1"
"533","ATCGATGGTTCATCTT-1_3_1"
"534","ATCGCCTAGTATTAGG-1_3_1"
"535","ATCGCCTGTCCACACG-1_3_1"
"536","ATCGGATAGTTAACGA-1_3_1"
"537","ATCGGATCAACGATTC-1_3_1"
"538","ATCGGATGTATCCCAA-1_3_1"
"539","ATCGGATTCCGCGAGT-1_3_1"
"540","ATCGGCGGTGCCGGTT-1_3_1"
"541","ATCGGCGTCGGAAACG-1_3_1"
"542","ATCGTAGCAACAGCTT-1_3_1"
"543","ATCGTAGCAAGAATGT-1_3_1"
"544","ATCGTAGGTAGGTCAG-1_3_1"
"545","ATCGTAGTCTGCGGCA-1_3_1"
"546","ATCGTCCAGATGCTGG-1_3_1"
"547","ATCGTCCCACGCAAAG-1_3_1"
"548","ATCGTCCCACGTCGGT-1_3_1"
"549","ATCGTCCGTAAGGAGA-1_3_1"
"550","ATCGTCCGTGTGAGCA-1_3_1"
"551","ATCTCTAAGAGGGCGA-1_3_1"
"552","ATCTCTACAACACAAA-1_3_1"
"553","ATCTCTACAGACACCC-1_3_1"
"554","ATCTCTAGTGCCTATA-1_3_1"
"555","ATCTCTATCCACGGAC-1_3_1"
"556","ATCTTCACATACTGTG-1_3_1"
"557","ATGAAAGAGAACTTCC-1_3_1"
"558","ATGAAAGAGGATAATC-1_3_1"
"559","ATGAAAGGTTGCGGAA-1_3_1"
"560","ATGAAAGTCAGTGGGA-1_3_1"
"561","ATGAAAGTCGGCTTGG-1_3_1"
"562","ATGAAAGTCTGAGAGG-1_3_1"
"563","ATGACCAAGTAATCCC-1_3_1"
"564","ATGACCACACTTCAAG-1_3_1"
"565","ATGACCAGTCACCGCA-1_3_1"
"566","ATGACCAGTGTGTACT-1_3_1"
"567","ATGACCATCCTTATAC-1_3_1"
"568","ATGAGGGGTTCACCGG-1_3_1"
"569","ATGAGTCAGAGCATAT-1_3_1"
"570","ATGAGTCCAAATGGAT-1_3_1"
"571","ATGAGTCCAACAGCCC-1_3_1"
"572","ATGAGTCCACAACATC-1_3_1"
"573","ATGAGTCCAGGTGTGA-1_3_1"
"574","ATGATCGAGCATGCGA-1_3_1"
"575","ATGATCGCATGTGCCG-1_3_1"
"576","ATGCATGCACCAAATC-1_3_1"
"577","ATGCATGTCTTAGCAG-1_3_1"
"578","ATGCCTCAGTAACGAT-1_3_1"
"579","ATGCCTCAGTGCGACA-1_3_1"
"580","ATGCCTCCAAGCGCTC-1_3_1"
"581","ATGCCTCCAAGTGGCA-1_3_1"
"582","ATGCCTCGTTGAGTCT-1_3_1"
"583","ATGCCTCTCGTAATGC-1_3_1"
"584","ATGCGATGTAGATTAG-1_3_1"
"585","ATGCGATGTCATCCGG-1_3_1"
"586","ATGCGATGTCCAGAAG-1_3_1"
"587","ATGCGATGTCTGTGCG-1_3_1"
"588","ATGCGATTCTTACTGT-1_3_1"
"589","ATGGAGGCAGTGTGCC-1_3_1"
"590","ATGGAGGGTAAGTCAA-1_3_1"
"591","ATGGAGGGTGACATCT-1_3_1"
"592","ATGGAGGGTTCCGGTG-1_3_1"
"593","ATGGATCCATATAGCC-1_3_1"
"594","ATGGATCTCGATTCCC-1_3_1"
"595","ATGGATCTCGTGGCGT-1_3_1"
"596","ATGGGTTAGGAATCGC-1_3_1"
"597","ATGGGTTAGGACAGCT-1_3_1"
"598","ATGGGTTGTAGTGATA-1_3_1"
"599","ATGGTTGTCTGCATAG-1_3_1"
"600","ATGTCCCAGACTTAAG-1_3_1"
"601","ATGTCCCCACTACGGC-1_3_1"
"602","ATGTCCCGTTCAGTAC-1_3_1"
"603","ATGTCTTGTGCTCCGA-1_3_1"
"604","ATGTCTTTCGCGGACT-1_3_1"
"605","ATTACCTCAGAAGCGT-1_3_1"
"606","ATTACCTTCCGGCAGT-1_3_1"
"607","ATTACCTTCGTTGTGA-1_3_1"
"608","ATTACTCAGTTCATGC-1_3_1"
"609","ATTATCCAGACATCAA-1_3_1"
"610","ATTATCCAGCGGCTCT-1_3_1"
"611","ATTATCCGTATGACAA-1_3_1"
"612","ATTATCCGTCAAGCGA-1_3_1"
"613","ATTATCCGTCGTCATA-1_3_1"
"614","ATTCACTCAAATGCTC-1_3_1"
"615","ATTCACTCAGTTGTTG-1_3_1"
"616","ATTCAGGGTCCGAAAG-1_3_1"
"617","ATTCAGGGTGATACAA-1_3_1"
"618","ATTCAGGTCCATAAGC-1_3_1"
"619","ATTCAGGTCCATACTT-1_3_1"
"620","ATTCATCCACGGCACT-1_3_1"
"621","ATTCATCCACTGTCGG-1_3_1"
"622","ATTCATCGTTAAGGGC-1_3_1"
"623","ATTCCATAGAATCCCT-1_3_1"
"624","ATTCCATCAATCGAAA-1_3_1"
"625","ATTCCATCACAGCGCT-1_3_1"
"626","ATTCCATTCACATTGG-1_3_1"
"627","ATTCCCGAGTAGGATT-1_3_1"
"628","ATTCCCGGTTCTTGCC-1_3_1"
"629","ATTCCTAGTCGTGGAA-1_3_1"
"630","ATTCGTTCATCCTCAC-1_3_1"
"631","ATTCTACAGTAACGTA-1_3_1"
"632","ATTCTACCAATAGGAT-1_3_1"
"633","ATTCTACGTTCGGTTA-1_3_1"
"634","ATTCTACGTTTACTGG-1_3_1"
"635","ATTCTTGAGAAGTCAT-1_3_1"
"636","ATTCTTGAGTGTACCT-1_3_1"
"637","ATTGGGTCACCAGTTA-1_3_1"
"638","ATTGGGTCAGAATCGG-1_3_1"
"639","ATTGGGTGTAATCAGA-1_3_1"
"640","ATTGTTCAGCCTAACT-1_3_1"
"641","ATTGTTCAGCGGATCA-1_3_1"
"642","ATTGTTCGTACGCTAT-1_3_1"
"643","ATTTACCGTATCGCTA-1_3_1"
"644","ATTTACCTCTGCACCT-1_3_1"
"645","ATTTCACTCGTAACCA-1_3_1"
"646","ATTTCACTCTCAGTCC-1_3_1"
"647","ATTTCTGCAGACTCTA-1_3_1"
"648","ATTTCTGGTACAACGG-1_3_1"
"649","CAACAACAGGAGCTGT-1_3_1"
"650","CAACAACCAGACCTAT-1_3_1"
"651","CAACAACGTTATAGCC-1_3_1"
"652","CAACAACTCAACACCA-1_3_1"
"653","CAACAACTCAAGTAAG-1_3_1"
"654","CAACAACTCTTGTTAC-1_3_1"
"655","CAACAGTCACGCGCTA-1_3_1"
"656","CAACAGTGTTCCACAA-1_3_1"
"657","CAACAGTTCCCTCTTT-1_3_1"
"658","CAACCAAAGAGCTTTC-1_3_1"
"659","CAACCAACACGCGTGT-1_3_1"
"660","CAACCAACAGGTCCGT-1_3_1"
"661","CAACCAAGTAGGTCAG-1_3_1"
"662","CAACCAAGTGTGGTCC-1_3_1"
"663","CAACGATGTACAGGTG-1_3_1"
"664","CAACGATGTATGGAAT-1_3_1"
"665","CAACGGCTCCAAATGC-1_3_1"
"666","CAACGGCTCGGACAAG-1_3_1"
"667","CAACGGCTCTTAAGGC-1_3_1"
"668","CAAGACTAGCGTGCCT-1_3_1"
"669","CAAGACTGTATCGTAC-1_3_1"
"670","CAAGACTGTCGCGTCA-1_3_1"
"671","CAAGACTTCTAACACG-1_3_1"
"672","CAAGACTTCTTTCCAA-1_3_1"
"673","CAAGAGGAGCAGCGAT-1_3_1"
"674","CAAGAGGGTACCCACG-1_3_1"
"675","CAAGCTACATAGAATG-1_3_1"
"676","CAAGCTAGTCCACTTC-1_3_1"
"677","CAAGGGAGTATCGTTG-1_3_1"
"678","CAAGGGAGTGCGAACA-1_3_1"
"679","CAATACGAGAGGTTTA-1_3_1"
"680","CAATCGACAAGTGATA-1_3_1"
"681","CAATCGACACGCGTGT-1_3_1"
"682","CAATCGATCCGAAGGA-1_3_1"
"683","CAATCGATCCTAGCTC-1_3_1"
"684","CAATGACCATCGGCCA-1_3_1"
"685","CAATGACGTTTCGATG-1_3_1"
"686","CAATGACTCCAATGCA-1_3_1"
"687","CAATTTCCAGAATCGG-1_3_1"
"688","CAATTTCGTACGTGTT-1_3_1"
"689","CAATTTCGTCAAGGCA-1_3_1"
"690","CACAACAAGGGCAAGG-1_3_1"
"691","CACAACATCCGATGCG-1_3_1"
"692","CACAACATCTCAATCT-1_3_1"
"693","CACACAAAGTCCCGAC-1_3_1"
"694","CACACAAGTATACCTG-1_3_1"
"695","CACAGGCAGATAGCAT-1_3_1"
"696","CACAGGCGTGCCTAAT-1_3_1"
"697","CACAGGCGTTCTTAGG-1_3_1"
"698","CACAGGCTCCGGCAGT-1_3_1"
"699","CACATGAAGAATTGTG-1_3_1"
"700","CACCAAAAGCGTCTGC-1_3_1"
"701","CACCAAAAGTATTAGG-1_3_1"
"702","CACCAAATCTCCCAAC-1_3_1"
"703","CACCGTTGTATGTCCA-1_3_1"
"704","CACGAATCAGAAGTTA-1_3_1"
"705","CACGGGTAGGTGCTGA-1_3_1"
"706","CACGGGTCAAGCCCAC-1_3_1"
"707","CACGGGTCAGCAGAAC-1_3_1"
"708","CACGGGTGTTGGGCCT-1_3_1"
"709","CACGGGTTCTCCAATT-1_3_1"
"710","CACGTGGAGCAATTCC-1_3_1"
"711","CACGTGGAGTCCCGAC-1_3_1"
"712","CACGTGGTCAAAGAAC-1_3_1"
"713","CACGTTCAGATGTAGT-1_3_1"
"714","CACGTTCCAGCGGATA-1_3_1"
"715","CACGTTCTCGCCGATG-1_3_1"
"716","CACTAAGAGATTACCC-1_3_1"
"717","CACTAAGAGGGACTGT-1_3_1"
"718","CACTAAGCAGCGGTCT-1_3_1"
"719","CACTAAGTCAAGTTGC-1_3_1"
"720","CACTGAAAGCTACTAC-1_3_1"
"721","CACTGAAAGCTACTGT-1_3_1"
"722","CACTGAAAGGAGTATT-1_3_1"
"723","CACTGAAAGGGTTAAT-1_3_1"
"724","CACTGAACACTTTAGG-1_3_1"
"725","CACTGAAGTCTCAAGT-1_3_1"
"726","CACTGAATCACCACAA-1_3_1"
"727","CACTGAATCACTGCTC-1_3_1"
"728","CACTGGGCAAGGACAC-1_3_1"
"729","CACTGGGGTAGACAAT-1_3_1"
"730","CACTGGGGTGTGGACA-1_3_1"
"731","CACTGGGTCATACAGC-1_3_1"
"732","CACTGGGTCTCGCGTT-1_3_1"
"733","CACTGTCAGGTCTTTG-1_3_1"
"734","CACTTCGAGAATAACC-1_3_1"
"735","CACTTCGGTATGGTAA-1_3_1"
"736","CACTTCGTCAAAGACA-1_3_1"
"737","CACTTCGTCTTAGCCC-1_3_1"
"738","CAGAGCCAGCGTGTTT-1_3_1"
"739","CAGAGCCAGGACTTCT-1_3_1"
"740","CAGAGCCGTCCCTGTT-1_3_1"
"741","CAGAGCCGTCGTAATC-1_3_1"
"742","CAGAGCCGTTTGGCTA-1_3_1"
"743","CAGAGCCTCCTTATAC-1_3_1"
"744","CAGATACAGCATGATA-1_3_1"
"745","CAGATACGTTGGACTT-1_3_1"
"746","CAGATACTCGCAGTCG-1_3_1"
"747","CAGATCAAGTGCGCTC-1_3_1"
"748","CAGATCACAGCGTACC-1_3_1"
"749","CAGATTGAGAGCAGAA-1_3_1"
"750","CAGATTGAGTGAGTTA-1_3_1"
"751","CAGATTGTCATGCTAG-1_3_1"
"752","CAGATTGTCGAATGCT-1_3_1"
"753","CAGCAATAGCAAGCCA-1_3_1"
"754","CAGCAATCAACTGAAA-1_3_1"
"755","CAGCAATCACGTACTA-1_3_1"
"756","CAGCAATCATCTGTTT-1_3_1"
"757","CAGCAATGTGCCTTCT-1_3_1"
"758","CAGCAATTCACTGAAC-1_3_1"
"759","CAGCAATTCCTAGCGG-1_3_1"
"760","CAGCACGAGACACACG-1_3_1"
"761","CAGCACGAGGTGCTAG-1_3_1"
"762","CAGCACGCACAGAAGC-1_3_1"
"763","CAGCACGCAGTAGAGC-1_3_1"
"764","CAGCACGCAGTGAGCA-1_3_1"
"765","CAGCAGCCACACTGGC-1_3_1"
"766","CAGCCAGCACCTTCCA-1_3_1"
"767","CAGCCAGCAGTCGGTC-1_3_1"
"768","CAGCGTGAGGTTCAGG-1_3_1"
"769","CAGCGTGAGTGGCGAT-1_3_1"
"770","CAGCGTGGTTCAGGTT-1_3_1"
"771","CAGCGTGTCCCTATTA-1_3_1"
"772","CAGGCCAGTTGGACCC-1_3_1"
"773","CAGGCCAGTTGTTTGG-1_3_1"
"774","CAGGCCAGTTTACACG-1_3_1"
"775","CAGGGCTAGAAGATCT-1_3_1"
"776","CAGGGCTCACTAGGTT-1_3_1"
"777","CAGGGCTGTAACACCT-1_3_1"
"778","CAGGTATAGAACCCGA-1_3_1"
"779","CAGGTATAGAGGATCC-1_3_1"
"780","CAGTGCGAGCAGCCCT-1_3_1"
"781","CAGTGCGCAGGCGATA-1_3_1"
"782","CAGTGCGGTTAGAGAT-1_3_1"
"783","CAGTGCGTCGCTTGCT-1_3_1"
"784","CAGTTAGAGCGAGAAA-1_3_1"
"785","CAGTTAGAGTAACAGT-1_3_1"
"786","CAGTTAGGTGAATATG-1_3_1"
"787","CAGTTAGTCATCTACT-1_3_1"
"788","CAGTTAGTCTAGTCAG-1_3_1"
"789","CAGTTCCTCGAGTGAG-1_3_1"
"790","CATAAGCAGCATGTTC-1_3_1"
"791","CATAAGCTCCACGGAC-1_3_1"
"792","CATACCCCATCCAACA-1_3_1"
"793","CATACCCGTAGACTGG-1_3_1"
"794","CATACCCTCAAACGTC-1_3_1"
"795","CATACTTAGTTGAATG-1_3_1"
"796","CATACTTCAGCAGTGA-1_3_1"
"797","CATAGACTCTTGCAGA-1_3_1"
"798","CATCAAGAGCACCCAC-1_3_1"
"799","CATCAAGGTAGACTGG-1_3_1"
"800","CATCCACCAGTAACAA-1_3_1"
"801","CATCCACCATGTGCCG-1_3_1"
"802","CATCCACCATTGTACG-1_3_1"
"803","CATCCACGTCACAATC-1_3_1"
"804","CATCCACGTCGAATTC-1_3_1"
"805","CATCCACGTTGGAGGT-1_3_1"
"806","CATCCCAAGAAGGGAT-1_3_1"
"807","CATCCCAAGGCAGGGA-1_3_1"
"808","CATCCGTAGGCAGCTA-1_3_1"
"809","CATCCGTAGGTTGCCC-1_3_1"
"810","CATCCGTCACAAAGTA-1_3_1"
"811","CATCCGTGTACACTCA-1_3_1"
"812","CATCGCTGTCGATTCA-1_3_1"
"813","CATCGCTTCAGTCATG-1_3_1"
"814","CATCGGGCAAGCCCAC-1_3_1"
"815","CATCGGGCACAACGAG-1_3_1"
"816","CATCGTCAGGTGATAT-1_3_1"
"817","CATGAGTGTTAGAAGT-1_3_1"
"818","CATGAGTTCCTGTTGC-1_3_1"
"819","CATGCAAAGTAACAGT-1_3_1"
"820","CATGCAACACGGGTAA-1_3_1"
"821","CATGCAAGTTTGTGGT-1_3_1"
"822","CATGCCTCAGGAATCG-1_3_1"
"823","CATGCCTGTCGCTTAA-1_3_1"
"824","CATGCCTTCATCGCCT-1_3_1"
"825","CATGCCTTCTGGCCGA-1_3_1"
"826","CATGCGGAGAGGTTAT-1_3_1"
"827","CATGCGGCATTGAGGG-1_3_1"
"828","CATGCGGGTATACAGA-1_3_1"
"829","CATGCGGTCCAAGCCG-1_3_1"
"830","CATGCTCAGGTGTGAC-1_3_1"
"831","CATGCTCCAGGTGGAT-1_3_1"
"832","CATGGATAGAGCCCAA-1_3_1"
"833","CATGGATAGGGACAGG-1_3_1"
"834","CATGGATGTTTATGCG-1_3_1"
"835","CATGGATTCAAGTCTG-1_3_1"
"836","CATGGTAAGCGTGCTC-1_3_1"
"837","CATGGTAAGCTGTTCA-1_3_1"
"838","CATGGTACAACGGCTC-1_3_1"
"839","CATGGTAGTACCGGCT-1_3_1"
"840","CATTCATAGTTCCAGT-1_3_1"
"841","CATTCATCAAACTCGT-1_3_1"
"842","CATTCATCAACACTAC-1_3_1"
"843","CATTCATCACATATGC-1_3_1"
"844","CATTCCGAGTTTCGAC-1_3_1"
"845","CATTCCGGTCAGACGA-1_3_1"
"846","CATTCCGTCGTAGTCA-1_3_1"
"847","CATTCTAGTAACCCTA-1_3_1"
"848","CATTCTAGTATTGGCT-1_3_1"
"849","CATTCTAGTCGTTGGC-1_3_1"
"850","CATTCTATCTCAACCC-1_3_1"
"851","CATTGAGAGCACCAGA-1_3_1"
"852","CATTGAGAGTTGCTGT-1_3_1"
"853","CATTGAGGTACGAAAT-1_3_1"
"854","CATTGCCAGGAGTATT-1_3_1"
"855","CATTGCCAGGCTTAGG-1_3_1"
"856","CATTGCCAGTAGAGTT-1_3_1"
"857","CATTGCCCACTAGTAC-1_3_1"
"858","CATTGCCCAGGTTCCG-1_3_1"
"859","CATTGTTGTTCCCACT-1_3_1"
"860","CATTGTTTCATGGAGG-1_3_1"
"861","CATTTCAAGGAGTCTG-1_3_1"
"862","CATTTCACACCTCGTT-1_3_1"
"863","CATTTCACATGTGCTA-1_3_1"
"864","CCAAGCGAGTGCGACA-1_3_1"
"865","CCAAGCGCAAGCGATG-1_3_1"
"866","CCAAGCGCATAATGCC-1_3_1"
"867","CCAAGCGTCCGATAAC-1_3_1"
"868","CCAAGCGTCTAACACG-1_3_1"
"869","CCAATGAAGGCGTTGA-1_3_1"
"870","CCAATGAGTATCAGGG-1_3_1"
"871","CCAATGATCCGGCAAC-1_3_1"
"872","CCAATGATCTCGCGTT-1_3_1"
"873","CCAATTTAGGTTTGAA-1_3_1"
"874","CCAATTTGTTAGAAAC-1_3_1"
"875","CCACAAAAGAGTGTGC-1_3_1"
"876","CCACAAAAGTTGGAAT-1_3_1"
"877","CCACAAACAAAGACGC-1_3_1"
"878","CCACAAACACAGTACT-1_3_1"
"879","CCACAAACACATCATG-1_3_1"
"880","CCACAAACAGCGGTTC-1_3_1"
"881","CCACAAATCCGTGGGT-1_3_1"
"882","CCACACTCAACAGCTT-1_3_1"
"883","CCACACTCACAGTGAG-1_3_1"
"884","CCACACTCATCCTCAC-1_3_1"
"885","CCACACTGTGGCACTC-1_3_1"
"886","CCACACTTCAGCCCAG-1_3_1"
"887","CCACCATGTGGCCTCA-1_3_1"
"888","CCACCATGTTGCGTAT-1_3_1"
"889","CCACCATTCGCCAGAC-1_3_1"
"890","CCACGAGAGGGTGGGA-1_3_1"
"891","CCACGAGAGTAGGGTC-1_3_1"
"892","CCACGAGCAGTAGTGG-1_3_1"
"893","CCACGAGGTCTACGAT-1_3_1"
"894","CCACGTTAGATTGACA-1_3_1"
"895","CCACGTTCAACCACAT-1_3_1"
"896","CCACGTTTCACCTTAT-1_3_1"
"897","CCACTTGAGACACACG-1_3_1"
"898","CCACTTGCACGTACTA-1_3_1"
"899","CCACTTGCAGCTTTGA-1_3_1"
"900","CCACTTGTCCTAGCCT-1_3_1"
"901","CCACTTGTCTTAAGGC-1_3_1"
"902","CCATAAGGTCCTCAGG-1_3_1"
"903","CCATAAGTCATTTCGT-1_3_1"
"904","CCATCACAGGATGTTA-1_3_1"
"905","CCATCACGTGAAGCTG-1_3_1"
"906","CCATCACTCGCCTCTA-1_3_1"
"907","CCCAACTAGAGTTGAT-1_3_1"
"908","CCCAACTCATTCACCC-1_3_1"
"909","CCCATTGGTTAAAGTG-1_3_1"
"910","CCCGAAGTCCACTAGA-1_3_1"
"911","CCCGAAGTCGGATTAC-1_3_1"
"912","CCCGAAGTCGTGCATA-1_3_1"
"913","CCCGGAAAGAGTGTGC-1_3_1"
"914","CCCGGAAGTGCTCTCT-1_3_1"
"915","CCCTAACTCGAAGTGG-1_3_1"
"916","CCCTAACTCTGACAGT-1_3_1"
"917","CCCTAACTCTGTGCTC-1_3_1"
"918","CCCTCTCAGGTAGATT-1_3_1"
"919","CCCTGATAGGAAGTAG-1_3_1"
"920","CCCTGATTCACCGGGT-1_3_1"
"921","CCCTTAGAGAAGGTAG-1_3_1"
"922","CCCTTAGAGTATGGCG-1_3_1"
"923","CCCTTAGGTACCCAGC-1_3_1"
"924","CCGAACGAGAATAGTC-1_3_1"
"925","CCGAACGCAAGTTGGG-1_3_1"
"926","CCGAACGGTCGTTTCC-1_3_1"
"927","CCGATCTGTCCCTAAA-1_3_1"
"928","CCGATCTTCTTACTGT-1_3_1"
"929","CCGATGGTCTGTGCTC-1_3_1"
"930","CCGCAAGGTCAAAGAT-1_3_1"
"931","CCGGACACAACGCCCA-1_3_1"
"932","CCGGACACATGAGAAT-1_3_1"
"933","CCGGACAGTCAGACTT-1_3_1"
"934","CCGGACAGTTACCTGA-1_3_1"
"935","CCGGGTAAGACACACG-1_3_1"
"936","CCGGGTACAGCTCTGG-1_3_1"
"937","CCGGGTACAGGGATAC-1_3_1"
"938","CCGGTAGAGCAGGCTA-1_3_1"
"939","CCGGTAGAGCTATCCA-1_3_1"
"940","CCGGTAGGTGCATTTG-1_3_1"
"941","CCGGTGAAGACCAGCA-1_3_1"
"942","CCGGTGAGTGCCTATA-1_3_1"
"943","CCGGTGAGTGGATCAG-1_3_1"
"944","CCGGTGATCCCGTGTT-1_3_1"
"945","CCGTAGGAGAGGTGCT-1_3_1"
"946","CCGTAGGAGCGCACAA-1_3_1"
"947","CCGTAGGCACCAGCCA-1_3_1"
"948","CCGTAGGCATTCGATG-1_3_1"
"949","CCGTGAGTCCACTTTA-1_3_1"
"950","CCGTTCAAGAATTGTG-1_3_1"
"951","CCGTTCACATACCAGT-1_3_1"
"952","CCTAACCGTGCTCCGA-1_3_1"
"953","CCTAAGAGTACTTCCC-1_3_1"
"954","CCTAAGAGTTCTGAGT-1_3_1"
"955","CCTAAGATCGGCCAAC-1_3_1"
"956","CCTAAGATCTTCTTCC-1_3_1"
"957","CCTATCGAGAGTTGAT-1_3_1"
"958","CCTATCGAGCGATGAC-1_3_1"
"959","CCTCAACGTATAATGG-1_3_1"
"960","CCTCACAAGCCAGAGT-1_3_1"
"961","CCTCACAGTAGCGATG-1_3_1"
"962","CCTCAGTAGCCTCACG-1_3_1"
"963","CCTCATGCAAGAGTTA-1_3_1"
"964","CCTCCAAAGTCATTGC-1_3_1"
"965","CCTCCAAGTGACCGAA-1_3_1"
"966","CCTCCAATCATGTCAG-1_3_1"
"967","CCTCCAATCCCATTCG-1_3_1"
"968","CCTCTAGAGTGCACAG-1_3_1"
"969","CCTCTAGAGTTGGCGA-1_3_1"
"970","CCTCTCCTCCTTCACG-1_3_1"
"971","CCTCTCCTCGGTTAGT-1_3_1"
"972","CCTGCATGTTGCATAC-1_3_1"
"973","CCTGCATTCCTACTGC-1_3_1"
"974","CCTGTTGAGGACACTG-1_3_1"
"975","CCTGTTGGTACCCACG-1_3_1"
"976","CCTTGTGCACTTGGCG-1_3_1"
"977","CCTTGTGCAGTCGCTG-1_3_1"
"978","CCTTGTGGTCATCGCG-1_3_1"
"979","CCTTGTGGTGGACTGA-1_3_1"
"980","CCTTGTGGTTTAGACC-1_3_1"
"981","CCTTGTGTCCCTAGGG-1_3_1"
"982","CCTTGTGTCCGTATAG-1_3_1"
"983","CCTTTGGAGCCATTTG-1_3_1"
"984","CCTTTGGAGTTGTCGT-1_3_1"
"985","CCTTTGGCAACGTAAA-1_3_1"
"986","CCTTTGGTCCTTCTAA-1_3_1"
"987","CGAAGGAAGTGCAAAT-1_3_1"
"988","CGAAGGAAGTGCTAGG-1_3_1"
"989","CGAAGGACAAAGCTCT-1_3_1"
"990","CGAAGGACACTCCACT-1_3_1"
"991","CGAAGGATCCGTAGTA-1_3_1"
"992","CGAATTGAGCGTGAAC-1_3_1"
"993","CGAATTGCACCAGTAT-1_3_1"
"994","CGAATTGCAGGTCCGT-1_3_1"
"995","CGAATTGGTATTGGCT-1_3_1"
"996","CGACAGCAGGGTAATT-1_3_1"
"997","CGAGGAACACAATGTC-1_3_1"
"998","CGAGGAACAGTATTCG-1_3_1"
"999","CGAGGAAGTACGGTTT-1_3_1"
"1000","CGAGGAAGTCTGTCCT-1_3_1"
"1001","CGAGGAAGTGATTGGG-1_3_1"
"1002","CGAGGAAGTGGCTTAT-1_3_1"
"1003","CGAGGAATCCTCCACA-1_3_1"
"1004","CGAGGCTAGATGAATC-1_3_1"
"1005","CGAGGCTAGCGACCCT-1_3_1"
"1006","CGAGTGCCATTACTCT-1_3_1"
"1007","CGAGTGCTCATGCTAG-1_3_1"
"1008","CGAGTTAAGATGACAT-1_3_1"
"1009","CGAGTTAAGGAAGAAC-1_3_1"
"1010","CGAGTTACAAACTCTG-1_3_1"
"1011","CGAGTTAGTATGTCCA-1_3_1"
"1012","CGAGTTAGTTCGGTTA-1_3_1"
"1013","CGATCGGAGTGAGGTC-1_3_1"
"1014","CGATCGGCACTAACCA-1_3_1"
"1015","CGATCGGGTCGTGCCA-1_3_1"
"1016","CGATGCGGTATCGCGC-1_3_1"
"1017","CGATGCGTCTCATTTG-1_3_1"
"1018","CGATGGCAGGTATTGA-1_3_1"
"1019","CGATGGCTCGAGGCAA-1_3_1"
"1020","CGATGGCTCTCGCGTT-1_3_1"
"1021","CGCAGGTAGAGTCTGG-1_3_1"
"1022","CGCAGGTCAGAGAATT-1_3_1"
"1023","CGCAGGTGTTACCGTA-1_3_1"
"1024","CGCATAAAGTTACGTC-1_3_1"
"1025","CGCATAACACCGGTCA-1_3_1"
"1026","CGCATAACAGCGTGAA-1_3_1"
"1027","CGCATAATCATGCGGC-1_3_1"
"1028","CGCATGGAGATGGCGT-1_3_1"
"1029","CGCATGGAGTAGTGCG-1_3_1"
"1030","CGCATGGCAAACGAGC-1_3_1"
"1031","CGCATGGCATCGCTCT-1_3_1"
"1032","CGCATGGCATGATAGA-1_3_1"
"1033","CGCATGGGTCATCTAG-1_3_1"
"1034","CGCATGGTCGAGATAA-1_3_1"
"1035","CGCCAGACACACGTGC-1_3_1"
"1036","CGCCAGACACCCAATA-1_3_1"
"1037","CGCCAGACAGAACTAA-1_3_1"
"1038","CGCCATTAGCTCATAC-1_3_1"
"1039","CGCCATTAGGAACTCG-1_3_1"
"1040","CGCCATTGTAACCCTA-1_3_1"
"1041","CGCCATTGTACGATCT-1_3_1"
"1042","CGCCATTGTTCTCGTC-1_3_1"
"1043","CGCGTGACAGTAACAA-1_3_1"
"1044","CGCGTGAGTAGATTAG-1_3_1"
"1045","CGCGTGAGTGGCCCAT-1_3_1"
"1046","CGCGTGATCTAGATCG-1_3_1"
"1047","CGGAACCAGGTCTTTG-1_3_1"
"1048","CGGAACCGTGTCCAAT-1_3_1"
"1049","CGGAATTCAATACGCT-1_3_1"
"1050","CGGAATTCATGGATCT-1_3_1"
"1051","CGGAATTGTTATGTCG-1_3_1"
"1052","CGGAATTTCTACCAGA-1_3_1"
"1053","CGGACACAGATGAAGG-1_3_1"
"1054","CGGACACAGGGTCAAC-1_3_1"
"1055","CGGACACTCACTCCGT-1_3_1"
"1056","CGGAGAAGTTAGCTAC-1_3_1"
"1057","CGGAGAAGTTGTGCCG-1_3_1"
"1058","CGGAGAATCATCCTAT-1_3_1"
"1059","CGGGACTAGATACATG-1_3_1"
"1060","CGGGACTCAACACTAC-1_3_1"
"1061","CGGGACTCAACCTAAC-1_3_1"
"1062","CGGGACTTCTGCGTCT-1_3_1"
"1063","CGGGACTTCTTCTCAA-1_3_1"
"1064","CGGGTCAAGACTGGGT-1_3_1"
"1065","CGGGTCAGTAACTGCT-1_3_1"
"1066","CGGGTCAGTACCGTCG-1_3_1"
"1067","CGGGTCATCAATCGGT-1_3_1"
"1068","CGGGTGTAGGCGAACT-1_3_1"
"1069","CGGGTGTCACCGTACG-1_3_1"
"1070","CGGGTGTGTACACGTT-1_3_1"
"1071","CGGGTGTGTCTACAAC-1_3_1"
"1072","CGGTCAGAGGTGCCAA-1_3_1"
"1073","CGGTCAGTCCCGAATA-1_3_1"
"1074","CGGTCAGTCGCATTGA-1_3_1"
"1075","CGTAAGTGTCAAGTTC-1_3_1"
"1076","CGTAAGTGTTAGGCTT-1_3_1"
"1077","CGTAGTAAGGGCAGGA-1_3_1"
"1078","CGTAGTATCGCACTCT-1_3_1"
"1079","CGTCAAAAGGAACGAA-1_3_1"
"1080","CGTCCATTCAGCTGAT-1_3_1"
"1081","CGTCCATTCGTTGCCT-1_3_1"
"1082","CGTGATAAGACATAAC-1_3_1"
"1083","CGTGATACAGCTGTAT-1_3_1"
"1084","CGTGATAGTTCAGGTT-1_3_1"
"1085","CGTGATAGTTCTGAGT-1_3_1"
"1086","CGTGATAGTTTGGGTT-1_3_1"
"1087","CGTGATATCAACACGT-1_3_1"
"1088","CGTGCTTAGCATGTTC-1_3_1"
"1089","CGTGTCTAGCTGACCC-1_3_1"
"1090","CGTGTCTAGTTGAATG-1_3_1"
"1091","CGTGTCTGTACTCAAC-1_3_1"
"1092","CGTGTCTGTAGGCAAC-1_3_1"
"1093","CGTTAGAAGAGGATCC-1_3_1"
"1094","CGTTAGAAGCTGAGTG-1_3_1"
"1095","CGTTAGAGTCCTACGG-1_3_1"
"1096","CGTTCTGAGCCACTCG-1_3_1"
"1097","CGTTGGGAGAGGTTTA-1_3_1"
"1098","CGTTGGGGTCAAGCCC-1_3_1"
"1099","CGTTGGGGTGATCATC-1_3_1"
"1100","CTAACCCCAGTTGCGC-1_3_1"
"1101","CTAACCCGTGCATTTG-1_3_1"
"1102","CTAACTTAGCAGTAAT-1_3_1"
"1103","CTAACTTCATCCTCAC-1_3_1"
"1104","CTAACTTGTTTCCCAC-1_3_1"
"1105","CTAAGTGAGATAACGT-1_3_1"
"1106","CTAAGTGTCTTCACGC-1_3_1"
"1107","CTACAGACACACAGCC-1_3_1"
"1108","CTACAGAGTCAGACTT-1_3_1"
"1109","CTACAGATCGCCTCTA-1_3_1"
"1110","CTACATTAGTAGACAT-1_3_1"
"1111","CTACATTCAATGGCAG-1_3_1"
"1112","CTACATTTCTTGGTGA-1_3_1"
"1113","CTACCCACAATAACCC-1_3_1"
"1114","CTACCCACACGCGGTT-1_3_1"
"1115","CTACCCAGTGGTTTAC-1_3_1"
"1116","CTACCCATCAACTTTC-1_3_1"
"1117","CTACCCATCTCGGTAA-1_3_1"
"1118","CTACCTGAGCCTTTGA-1_3_1"
"1119","CTACCTGAGTGCACCC-1_3_1"
"1120","CTACCTGCAAAGCAAT-1_3_1"
"1121","CTACCTGTCTGCCCTA-1_3_1"
"1122","CTACGGGCAAATTGGA-1_3_1"
"1123","CTACGGGCATCTAACG-1_3_1"
"1124","CTACGGGCATTGCTGA-1_3_1"
"1125","CTACGGGTCGCCGATG-1_3_1"
"1126","CTAGACAAGCGACTAG-1_3_1"
"1127","CTAGACAAGGCATCTT-1_3_1"
"1128","CTAGACAAGTAAACGT-1_3_1"
"1129","CTAGACACAACTCCAA-1_3_1"
"1130","CTAGACACATTGGGAG-1_3_1"
"1131","CTAGACATCGAACCAT-1_3_1"
"1132","CTAGGTAAGCTCCGAC-1_3_1"
"1133","CTAGGTACACGACTAT-1_3_1"
"1134","CTATAGGAGGAGTCTG-1_3_1"
"1135","CTATAGGGTGGGTATG-1_3_1"
"1136","CTATAGGTCGGACCAC-1_3_1"
"1137","CTATCCGAGCATGTTC-1_3_1"
"1138","CTATCTAGTCTTGCTC-1_3_1"
"1139","CTATCTATCCTTATAC-1_3_1"
"1140","CTCAACCCACGCTGTG-1_3_1"
"1141","CTCAACCGTAATTAGG-1_3_1"
"1142","CTCAACCTCAAGTGTC-1_3_1"
"1143","CTCAACCTCACGGACC-1_3_1"
"1144","CTCAACCTCCTACGGG-1_3_1"
"1145","CTCAACCTCGCGTGAC-1_3_1"
"1146","CTCAAGAGTGCAACGA-1_3_1"
"1147","CTCAAGATCTTAGCCC-1_3_1"
"1148","CTCAATTAGACAACAT-1_3_1"
"1149","CTCAATTCATCTCATT-1_3_1"
"1150","CTCACTGCAAAGGCTG-1_3_1"
"1151","CTCACTGCATCGCTCT-1_3_1"
"1152","CTCAGAAAGAGTCAAT-1_3_1"
"1153","CTCAGGGAGCTCCGAC-1_3_1"
"1154","CTCAGGGCAAGTCGTT-1_3_1"
"1155","CTCAGGGCACGCTGTG-1_3_1"
"1156","CTCAGGGGTGCAAGAC-1_3_1"
"1157","CTCAGGGTCTGCTTTA-1_3_1"
"1158","CTCAGTCAGACTACGG-1_3_1"
"1159","CTCAGTCCACGGTGAA-1_3_1"
"1160","CTCAGTCGTCGTGATT-1_3_1"
"1161","CTCATCGAGTTCGCAT-1_3_1"
"1162","CTCATCGCAAGGTCGA-1_3_1"
"1163","CTCATCGGTGACTGAG-1_3_1"
"1164","CTCATCGTCCTGGCTT-1_3_1"
"1165","CTCATGCTCCCGTGAG-1_3_1"
"1166","CTCATTACAAATGGCG-1_3_1"
"1167","CTCATTAGTACTTCCC-1_3_1"
"1168","CTCATTAGTCACCGCA-1_3_1"
"1169","CTCATTAGTGGAACAC-1_3_1"
"1170","CTCATTATCCATTCGC-1_3_1"
"1171","CTCATTATCTTCCTAA-1_3_1"
"1172","CTCCAACAGGACGCAT-1_3_1"
"1173","CTCCACAGTTCACCGG-1_3_1"
"1174","CTCCATGAGGTGGTTG-1_3_1"
"1175","CTCCATGCATGGTGGA-1_3_1"
"1176","CTCCATGGTCTTCTAT-1_3_1"
"1177","CTCCATGTCACCGCTT-1_3_1"
"1178","CTCCCAACATACAGAA-1_3_1"
"1179","CTCCCAAGTAGTCCTA-1_3_1"
"1180","CTCCCAAGTCATAACC-1_3_1"
"1181","CTCCCAAGTTAAGGGC-1_3_1"
"1182","CTCCCAATCCATTGGA-1_3_1"
"1183","CTCCCTCAGGTTCCGC-1_3_1"
"1184","CTCCCTCCACAAGTGG-1_3_1"
"1185","CTCCCTCCATCCTGTC-1_3_1"
"1186","CTCCCTCTCCTACACC-1_3_1"
"1187","CTCCGATAGCACTCAT-1_3_1"
"1188","CTCCGATAGGTGCTAG-1_3_1"
"1189","CTCCGATGTGTTTACG-1_3_1"
"1190","CTCCGATGTTTGTTCT-1_3_1"
"1191","CTCCGATTCGTACCTC-1_3_1"
"1192","CTCCTCCAGACGTCGA-1_3_1"
"1193","CTCCTCCAGCAGCAGT-1_3_1"
"1194","CTCCTCCCAGCTATTG-1_3_1"
"1195","CTCCTTTGTAACTGCT-1_3_1"
"1196","CTCCTTTGTCTAGGTT-1_3_1"
"1197","CTCGAGGGTAGGTACG-1_3_1"
"1198","CTCGAGGTCCCTCTCC-1_3_1"
"1199","CTCTCAGCAGTATTCG-1_3_1"
"1200","CTCTCAGGTCGCGGTT-1_3_1"
"1201","CTCTCAGGTCTCACAA-1_3_1"
"1202","CTCTCAGTCGCTTGCT-1_3_1"
"1203","CTCTCGAAGGAAACGA-1_3_1"
"1204","CTCTCGAGTATGATCC-1_3_1"
"1205","CTCTCGATCAGCTAGT-1_3_1"
"1206","CTGAATGCATCGGAGA-1_3_1"
"1207","CTGAATGCATGACTAC-1_3_1"
"1208","CTGAGCGCACCGTCGA-1_3_1"
"1209","CTGAGGCCAATTAGGA-1_3_1"
"1210","CTGAGGCTCGTAGCCG-1_3_1"
"1211","CTGAGGCTCTAAGGAA-1_3_1"
"1212","CTGATCCGTATGCGGA-1_3_1"
"1213","CTGATCCGTCTAATCG-1_3_1"
"1214","CTGATCCTCGAACACT-1_3_1"
"1215","CTGCAGGAGACACACG-1_3_1"
"1216","CTGCAGGAGAGTACCG-1_3_1"
"1217","CTGCAGGTCATGACAC-1_3_1"
"1218","CTGCAGGTCTGGGTCG-1_3_1"
"1219","CTGCATCAGACTTCGT-1_3_1"
"1220","CTGCATCAGAGAGGTA-1_3_1"
"1221","CTGCATCTCAGGTGTT-1_3_1"
"1222","CTGCCATCAATTGCAC-1_3_1"
"1223","CTGCCATCACTTGTGA-1_3_1"
"1224","CTGCCATGTATCAGGG-1_3_1"
"1225","CTGCCATGTCACAATC-1_3_1"
"1226","CTGCCTAAGGATACAT-1_3_1"
"1227","CTGCCTAGTCGCACAC-1_3_1"
"1228","CTGCCTATCCTAGCTC-1_3_1"
"1229","CTGCGAGAGGAAAGAC-1_3_1"
"1230","CTGCGAGCATTGCTGA-1_3_1"
"1231","CTGCTCACAACTTCTT-1_3_1"
"1232","CTGCTCAGTAAGCAAT-1_3_1"
"1233","CTGCTCATCTTTGATC-1_3_1"
"1234","CTGGACGGTCGCTTAA-1_3_1"
"1235","CTGGCAGAGGCCTGAA-1_3_1"
"1236","CTGGCAGCACTACCCT-1_3_1"
"1237","CTGGCAGGTTCGTGCG-1_3_1"
"1238","CTGGCAGTCAAGGACG-1_3_1"
"1239","CTGGTCTTCATGCCCT-1_3_1"
"1240","CTGGTCTTCGACATCA-1_3_1"
"1241","CTGTACCGTCAGTCCG-1_3_1"
"1242","CTGTACCGTGAATTAG-1_3_1"
"1243","CTGTACCTCTACTCAT-1_3_1"
"1244","CTGTATTAGGCCTGCT-1_3_1"
"1245","CTGTATTCAACCGCTG-1_3_1"
"1246","CTGTATTCAAGCGGAT-1_3_1"
"1247","CTGTATTGTTGCGAAG-1_3_1"
"1248","CTGTATTTCCACTGAA-1_3_1"
"1249","CTGTATTTCTAAGCCA-1_3_1"
"1250","CTGTCGTCAACGTAAA-1_3_1"
"1251","CTGTCGTCATGACCCG-1_3_1"
"1252","CTGTGAAAGCTCCATA-1_3_1"
"1253","CTGTGAAGTCCAGCAC-1_3_1"
"1254","CTGTGAAGTCTTACTT-1_3_1"
"1255","CTGTGAAGTTGTGTAC-1_3_1"
"1256","CTGTGAATCAGCATTG-1_3_1"
"1257","CTGTGAATCCGACATA-1_3_1"
"1258","CTGTGGGCAAATCAGA-1_3_1"
"1259","CTGTGGGCAAGAGTAT-1_3_1"
"1260","CTGTGGGCACTGAGGA-1_3_1"
"1261","CTGTGGGCACTTCAGA-1_3_1"
"1262","CTGTGGGTCCCTCGTA-1_3_1"
"1263","CTTACCGAGTTCAACC-1_3_1"
"1264","CTTACCGCAGGTACGA-1_3_1"
"1265","CTTACCGTCGCGCTGA-1_3_1"
"1266","CTTACCGTCTATCGGA-1_3_1"
"1267","CTTAGGAAGAGCCCAA-1_3_1"
"1268","CTTAGGAAGTACCGGA-1_3_1"
"1269","CTTCAATAGGCCTAGA-1_3_1"
"1270","CTTCAATGTCGGAAAC-1_3_1"
"1271","CTTCCGACAGTGCCTG-1_3_1"
"1272","CTTCCTTAGGAGGTTC-1_3_1"
"1273","CTTCCTTCAGAAGCGT-1_3_1"
"1274","CTTCCTTTCTGCTTAT-1_3_1"
"1275","CTTCGGTCATGGGAAC-1_3_1"
"1276","CTTCGGTTCTAGCATG-1_3_1"
"1277","CTTCTAACAATGCTCA-1_3_1"
"1278","CTTCTAAGTCAACCAT-1_3_1"
"1279","CTTCTAATCAGCTTCC-1_3_1"
"1280","CTTGAGAAGACGAGCT-1_3_1"
"1281","CTTGAGATCCATGCAA-1_3_1"
"1282","CTTGATTCATCGGAAG-1_3_1"
"1283","CTTTCAACATGACAGG-1_3_1"
"1284","CTTTCAATCCCTGTTG-1_3_1"
"1285","CTTTCGGGTGTGATGG-1_3_1"
"1286","CTTTCGGTCTCGGTCT-1_3_1"
"1287","GAAACCTAGACATAAC-1_3_1"
"1288","GAAACCTGTTTGGAGG-1_3_1"
"1289","GAAACCTTCGATTCCC-1_3_1"
"1290","GAAACCTTCGCTCTCA-1_3_1"
"1291","GAAATGATCGCAAGAG-1_3_1"
"1292","GAACACTAGAGAGTGA-1_3_1"
"1293","GAACACTCACGTGTGC-1_3_1"
"1294","GAACACTGTAGCTTGT-1_3_1"
"1295","GAACACTTCATTCCTA-1_3_1"
"1296","GAACACTTCTAGTCAG-1_3_1"
"1297","GAACACTTCTGACGCG-1_3_1"
"1298","GAACGTTGTGAGCAGT-1_3_1"
"1299","GAACGTTTCTGCTAGA-1_3_1"
"1300","GAAGAATCACGAAAGC-1_3_1"
"1301","GAAGAATCATAAGCGG-1_3_1"
"1302","GAAGCCCCACGACGTC-1_3_1"
"1303","GAAGCCCCAGCCCACA-1_3_1"
"1304","GAAGCGAGTGTGTTTG-1_3_1"
"1305","GAAGCGATCTCACCCA-1_3_1"
"1306","GAAGGACCAACCAATC-1_3_1"
"1307","GAAGGACGTACCCAGC-1_3_1"
"1308","GAAGGACGTATTGACC-1_3_1"
"1309","GAAGGACTCCGTTTCG-1_3_1"
"1310","GAAGGGTAGGGCAGTT-1_3_1"
"1311","GAAGGGTAGTAGGTTA-1_3_1"
"1312","GAAGGGTGTACCTTCC-1_3_1"
"1313","GAAGTAAAGGGACAGG-1_3_1"
"1314","GAAGTAATCCGATGTA-1_3_1"
"1315","GAATAGAAGCTAAACA-1_3_1"
"1316","GAATAGACAACACGTT-1_3_1"
"1317","GAATAGACACTTGAGT-1_3_1"
"1318","GAATAGACATTGGCAT-1_3_1"
"1319","GAATAGAGTTCCACAA-1_3_1"
"1320","GAATAGATCAGGAAGC-1_3_1"
"1321","GAATCACAGCGCGTTC-1_3_1"
"1322","GAATCACCAACAACAA-1_3_1"
"1323","GAATCACCAATGGCCC-1_3_1"
"1324","GAATCACCACAAATCC-1_3_1"
"1325","GAATCACCAGGACATG-1_3_1"
"1326","GAATCACCATGGCCAC-1_3_1"
"1327","GAATCACGTGATCATC-1_3_1"
"1328","GAATCGTAGATCGACG-1_3_1"
"1329","GAATCGTAGGCCCAAA-1_3_1"
"1330","GAATCGTAGTCCGCGT-1_3_1"
"1331","GAATCGTAGTTCCAGT-1_3_1"
"1332","GACACGCAGGACACTG-1_3_1"
"1333","GACACGCCACCCTAGG-1_3_1"
"1334","GACACGCCAGAAATCA-1_3_1"
"1335","GACACGCGTATACGGG-1_3_1"
"1336","GACACGCGTATGCGTT-1_3_1"
"1337","GACACGCGTTGCGGCT-1_3_1"
"1338","GACACGCTCGTTACCC-1_3_1"
"1339","GACACGCTCTATTCGT-1_3_1"
"1340","GACAGCCCAGAGTAAT-1_3_1"
"1341","GACAGCCCATGCAGCC-1_3_1"
"1342","GACATCAGTGTCATCA-1_3_1"
"1343","GACATCAGTTTCAGAC-1_3_1"
"1344","GACATCATCAGTAGGG-1_3_1"
"1345","GACCAATGTAACCCTA-1_3_1"
"1346","GACCAATGTGTTTCTT-1_3_1"
"1347","GACCAATGTGTTTGCA-1_3_1"
"1348","GACCCAGGTACGTTCA-1_3_1"
"1349","GACCCAGGTCCAACGC-1_3_1"
"1350","GACCCAGTCAGTGATC-1_3_1"
"1351","GACCCAGTCGACGCGT-1_3_1"
"1352","GACCCAGTCTGTCGTC-1_3_1"
"1353","GACCCTTCAACGACAG-1_3_1"
"1354","GACCCTTGTTTAGACC-1_3_1"
"1355","GACCCTTTCCGTAATG-1_3_1"
"1356","GACCTTCAGATGCGAC-1_3_1"
"1357","GACCTTCCAACTCCCT-1_3_1"
"1358","GACCTTCCAGACAATA-1_3_1"
"1359","GACCTTCGTCACGACC-1_3_1"
"1360","GACGCTGAGTAGTGCG-1_3_1"
"1361","GACGCTGCAATGAGCG-1_3_1"
"1362","GACGTTAGTACAGTAA-1_3_1"
"1363","GACGTTAGTCATTGCA-1_3_1"
"1364","GACGTTATCTAAGAAG-1_3_1"
"1365","GACTATGCAGCCGTCA-1_3_1"
"1366","GACTATGGTACAACGG-1_3_1"
"1367","GACTCAACATTCTTCA-1_3_1"
"1368","GACTCAAGTCGGCTAC-1_3_1"
"1369","GACTCTCGTTCCCAAA-1_3_1"
"1370","GACTGATAGTGCAAAT-1_3_1"
"1371","GACTTCCTCAGCGTCG-1_3_1"
"1372","GACTTCCTCTAGAGCT-1_3_1"
"1373","GAGAAATAGATGGGCT-1_3_1"
"1374","GAGAAATAGCAGTAAT-1_3_1"
"1375","GAGAAATTCAGTGCGC-1_3_1"
"1376","GAGACCCAGGCTTCCG-1_3_1"
"1377","GAGACCCAGGTTGTTC-1_3_1"
"1378","GAGAGGTAGAGCCGAT-1_3_1"
"1379","GAGAGGTTCTGAGATC-1_3_1"
"1380","GAGATGGCACAAGCTT-1_3_1"
"1381","GAGATGGCATAGACTC-1_3_1"
"1382","GAGATGGGTCGATTAC-1_3_1"
"1383","GAGATGGTCCAAACCA-1_3_1"
"1384","GAGCCTGAGATACTGA-1_3_1"
"1385","GAGCCTGCAGGGATAC-1_3_1"
"1386","GAGCTGCCATTGAAAG-1_3_1"
"1387","GAGCTGCGTCGAACGA-1_3_1"
"1388","GAGGCAAAGCGCCTCA-1_3_1"
"1389","GAGGCAAAGTTCCGTA-1_3_1"
"1390","GAGGCAACAATGGGTG-1_3_1"
"1391","GAGGCCTAGGTTCTAC-1_3_1"
"1392","GAGGCCTAGTGTTCAC-1_3_1"
"1393","GAGGCCTGTACCGTCG-1_3_1"
"1394","GAGGCCTTCGATTTCT-1_3_1"
"1395","GAGGCCTTCTTGCAAG-1_3_1"
"1396","GAGGGATAGGCTAACG-1_3_1"
"1397","GAGGGATAGTATTAGG-1_3_1"
"1398","GAGGGATTCACTTATC-1_3_1"
"1399","GAGGGATTCCACCTGT-1_3_1"
"1400","GAGGGTATCCCAAGCG-1_3_1"
"1401","GAGTCATAGGAGGCAG-1_3_1"
"1402","GAGTCATGTTCGGACC-1_3_1"
"1403","GAGTCATTCAAGCTGT-1_3_1"
"1404","GAGTCTAAGCCATTTG-1_3_1"
"1405","GAGTCTAAGTGGTGGT-1_3_1"
"1406","GAGTCTACATTGTACG-1_3_1"
"1407","GAGTCTATCTGGACCG-1_3_1"
"1408","GAGTGAGGTCAGCGTC-1_3_1"
"1409","GAGTGAGTCTTGTGCC-1_3_1"
"1410","GAGTGTTTCTTCCCAG-1_3_1"
"1411","GAGTTACAGATGCGAC-1_3_1"
"1412","GAGTTACAGTCGAAAT-1_3_1"
"1413","GAGTTACCACCCTATC-1_3_1"
"1414","GAGTTGTGTGTACGCC-1_3_1"
"1415","GAGTTGTTCGAATCCA-1_3_1"
"1416","GAGTTTGAGCACAAAT-1_3_1"
"1417","GAGTTTGAGGACGGAG-1_3_1"
"1418","GAGTTTGCACCAACAT-1_3_1"
"1419","GAGTTTGGTTAGGGTG-1_3_1"
"1420","GAGTTTGGTTCGGGTC-1_3_1"
"1421","GAGTTTGTCAACCCGG-1_3_1"
"1422","GAGTTTGTCTATCCAT-1_3_1"
"1423","GATAGAAAGTCAATCC-1_3_1"
"1424","GATAGAACAAGGGTCA-1_3_1"
"1425","GATAGCTCAGCTGGTC-1_3_1"
"1426","GATAGCTGTAGATTGA-1_3_1"
"1427","GATAGCTGTATCGAGG-1_3_1"
"1428","GATAGCTTCGACCACG-1_3_1"
"1429","GATCACAAGCACGGAT-1_3_1"
"1430","GATCACAAGGTCCCTG-1_3_1"
"1431","GATCACAAGTAAACGT-1_3_1"
"1432","GATCACACATCGAGCC-1_3_1"
"1433","GATCACATCAAGCGTT-1_3_1"
"1434","GATCACATCAGGTGTT-1_3_1"
"1435","GATCACATCGATGCAT-1_3_1"
"1436","GATCAGTAGAGGGTAA-1_3_1"
"1437","GATCAGTAGTAAAGCT-1_3_1"
"1438","GATCAGTGTCCTTAAG-1_3_1"
"1439","GATCAGTGTTCTGACA-1_3_1"
"1440","GATCATGCATCCTAAG-1_3_1"
"1441","GATCCCTCAAATACAG-1_3_1"
"1442","GATCCCTGTCACTACA-1_3_1"
"1443","GATCCCTGTCGCAGTC-1_3_1"
"1444","GATCCCTTCCACGTAA-1_3_1"
"1445","GATCCCTTCCACGTGG-1_3_1"
"1446","GATCCCTTCCTAGCTC-1_3_1"
"1447","GATCCCTTCGTGCATA-1_3_1"
"1448","GATCGTAAGGCATGGT-1_3_1"
"1449","GATCGTACACGGGCTT-1_3_1"
"1450","GATCGTACAGAAATCA-1_3_1"
"1451","GATCGTAGTATGAGAT-1_3_1"
"1452","GATCGTAGTATGCGGA-1_3_1"
"1453","GATCGTAGTTACAGCT-1_3_1"
"1454","GATGACTAGCGACTAG-1_3_1"
"1455","GATGACTCAGCGTGCT-1_3_1"
"1456","GATGACTTCGGAGTAG-1_3_1"
"1457","GATGAGGTCGTAACAC-1_3_1"
"1458","GATGATCGTTCTGACA-1_3_1"
"1459","GATGCTACAATCGCGC-1_3_1"
"1460","GATGCTATCCGAGCTG-1_3_1"
"1461","GATGCTATCGCTCTAC-1_3_1"
"1462","GATGGAGAGGCTCTAT-1_3_1"
"1463","GATGGAGAGTGCGCTC-1_3_1"
"1464","GATGGAGCACGTGTGC-1_3_1"
"1465","GATGGAGCATGTTACG-1_3_1"
"1466","GATGGAGTCATGTCAG-1_3_1"
"1467","GATGTTGAGACTGAGC-1_3_1"
"1468","GATTCGATCTACGCAA-1_3_1"
"1469","GATTGGTGTGGACCTC-1_3_1"
"1470","GATTGGTTCATGCGGC-1_3_1"
"1471","GATTTCTGTCCATAGT-1_3_1"
"1472","GATTTCTTCGGCATCG-1_3_1"
"1473","GCAACATGTGGGTATG-1_3_1"
"1474","GCAACATGTTACGTAC-1_3_1"
"1475","GCAACATTCTGTCCGT-1_3_1"
"1476","GCAACATTCTTAGCTT-1_3_1"
"1477","GCAACCGAGTGACCTT-1_3_1"
"1478","GCAACCGGTCACTCTC-1_3_1"
"1479","GCAACCGTCCGTCAAA-1_3_1"
"1480","GCACATACACTATCGA-1_3_1"
"1481","GCACATATCCGCAACG-1_3_1"
"1482","GCACGGTGTTAAGTCC-1_3_1"
"1483","GCACGTGAGACGGAAA-1_3_1"
"1484","GCACGTGGTACAATAG-1_3_1"
"1485","GCACTAACACACTGGC-1_3_1"
"1486","GCACTAAGTGAGCGAT-1_3_1"
"1487","GCACTAAGTTATTCCT-1_3_1"
"1488","GCAGCCAAGATGAACT-1_3_1"
"1489","GCAGCCAAGCTCATAC-1_3_1"
"1490","GCAGCCACAAGAGGTC-1_3_1"
"1491","GCAGCCACAAGGTCAG-1_3_1"
"1492","GCAGCCACACCTTCCA-1_3_1"
"1493","GCAGCCACAGGTCCCA-1_3_1"
"1494","GCAGCTGAGAATGTTG-1_3_1"
"1495","GCAGCTGAGACTAGAT-1_3_1"
"1496","GCAGCTGAGCCTATCA-1_3_1"
"1497","GCAGCTGCATGGCACC-1_3_1"
"1498","GCAGCTGGTGTCCGTG-1_3_1"
"1499","GCAGGCTGTAGACAAT-1_3_1"
"1500","GCAGTTAAGGTTTGAA-1_3_1"
"1501","GCAGTTACAACACGAG-1_3_1"
"1502","GCAGTTAGTAGAAACT-1_3_1"
"1503","GCATCGGAGTAGACAT-1_3_1"
"1504","GCATCGGCAGGAACCA-1_3_1"
"1505","GCATCGGGTCTCAGAT-1_3_1"
"1506","GCATCGGTCCACATAG-1_3_1"
"1507","GCATGATAGTCAGCGA-1_3_1"
"1508","GCATGATAGTCCTGTA-1_3_1"
"1509","GCATGATGTCCGTACG-1_3_1"
"1510","GCATGATGTGTGTGGA-1_3_1"
"1511","GCATGATTCGAGCTGC-1_3_1"
"1512","GCATGATTCGTTCAGA-1_3_1"
"1513","GCATTAGCAACATCGT-1_3_1"
"1514","GCATTAGGTTTACTGG-1_3_1"
"1515","GCCAACGGTCTCGGAC-1_3_1"
"1516","GCCAACGGTGACTCTA-1_3_1"
"1517","GCCAACGGTTCGTTCC-1_3_1"
"1518","GCCAACGGTTCTAACG-1_3_1"
"1519","GCCAGCAAGCAGTACG-1_3_1"
"1520","GCCAGCACATTCACCC-1_3_1"
"1521","GCCAGCAGTTGCTGAT-1_3_1"
"1522","GCCAGCAGTTTGGGAG-1_3_1"
"1523","GCCAGCATCAAACCCA-1_3_1"
"1524","GCCAGCATCCAATCCC-1_3_1"
"1525","GCCAGCATCTATTGTC-1_3_1"
"1526","GCCAGGTTCGTTCAGA-1_3_1"
"1527","GCCAGTGAGCCATTGT-1_3_1"
"1528","GCCAGTGGTATGAGCG-1_3_1"
"1529","GCCAGTGTCAGCTAGT-1_3_1"
"1530","GCCATTCAGTAGCTCT-1_3_1"
"1531","GCCCAGACACCCTGAG-1_3_1"
"1532","GCCCAGACAGCTGAGA-1_3_1"
"1533","GCCCAGATCAGCCTTC-1_3_1"
"1534","GCCCAGATCGGTGTTA-1_3_1"
"1535","GCCCGAACAGCTACCG-1_3_1"
"1536","GCCCGAATCAACCGAT-1_3_1"
"1537","GCCCGAATCCACGGGT-1_3_1"
"1538","GCCCGAATCCGAAATC-1_3_1"
"1539","GCCGATGAGTCCGCCA-1_3_1"
"1540","GCCGATGAGTGCTAGG-1_3_1"
"1541","GCCGATGTCGGCTTGG-1_3_1"
"1542","GCCGTGAAGTAAATGC-1_3_1"
"1543","GCCGTGATCCCTTCCC-1_3_1"
"1544","GCCGTGATCTAAGGAA-1_3_1"
"1545","GCCTGTTAGAGCATAT-1_3_1"
"1546","GCCTGTTTCGTAGAGG-1_3_1"
"1547","GCGAGAAGTCAAGTTC-1_3_1"
"1548","GCGAGAAGTTTAGTCG-1_3_1"
"1549","GCGAGAAGTTTCTTAC-1_3_1"
"1550","GCGATCGTCCGGCTTT-1_3_1"
"1551","GCGGAAACAGCAGTTT-1_3_1"
"1552","GCGGAAAGTACTGTTG-1_3_1"
"1553","GCGGATCAGCATTGTC-1_3_1"
"1554","GCGGATCAGGTACTGG-1_3_1"
"1555","GCGGATCCAATTGAAG-1_3_1"
"1556","GCGTGCAAGAAATCCA-1_3_1"
"1557","GCGTGCAGTCGCAACC-1_3_1"
"1558","GCGTTTCAGATGGTAT-1_3_1"
"1559","GCGTTTCAGTTGCGAG-1_3_1"
"1560","GCGTTTCGTAGAGCTG-1_3_1"
"1561","GCGTTTCGTGAGTTTC-1_3_1"
"1562","GCGTTTCGTGCATTTG-1_3_1"
"1563","GCGTTTCGTTCAACGT-1_3_1"
"1564","GCTACAAAGACTGTTC-1_3_1"
"1565","GCTACAACAAAGGCAC-1_3_1"
"1566","GCTACAAGTAAGCTCT-1_3_1"
"1567","GCTACCTAGGAGATAG-1_3_1"
"1568","GCTACCTCACGACAAG-1_3_1"
"1569","GCTACCTGTCAGTCGC-1_3_1"
"1570","GCTACCTGTTAACAGA-1_3_1"
"1571","GCTACCTTCCACAAGT-1_3_1"
"1572","GCTCAAAAGAGGTTTA-1_3_1"
"1573","GCTCAAAAGGTCCAGA-1_3_1"
"1574","GCTCAAAGTATCGATC-1_3_1"
"1575","GCTCAAAGTCCGGACT-1_3_1"
"1576","GCTCAAAGTGGAACAC-1_3_1"
"1577","GCTGAATAGGTAATCA-1_3_1"
"1578","GCTGCAGAGGAGGCAG-1_3_1"
"1579","GCTGCAGAGTTATGGA-1_3_1"
"1580","GCTGCAGGTGAGACCA-1_3_1"
"1581","GCTGCAGTCCACCCTA-1_3_1"
"1582","GCTGGGTCAGAGTTGG-1_3_1"
"1583","GCTGGGTGTAAGTCAA-1_3_1"
"1584","GCTGGGTGTTGGATCT-1_3_1"
"1585","GCTGGGTTCCTTGGAA-1_3_1"
"1586","GCTTCACAGTCGCGAA-1_3_1"
"1587","GCTTCACCATGATCTG-1_3_1"
"1588","GCTTGGGCACGCCAGT-1_3_1"
"1589","GCTTGGGGTACCCACG-1_3_1"
"1590","GCTTGGGGTGGCTCTG-1_3_1"
"1591","GCTTGGGTCCGGTAGC-1_3_1"
"1592","GCTTTCGCATAACGGG-1_3_1"
"1593","GCTTTCGTCGAAGCAG-1_3_1"
"1594","GGAACCCAGATTAGTG-1_3_1"
"1595","GGAACCCAGCTGGTGA-1_3_1"
"1596","GGAACCCAGTCCGTCG-1_3_1"
"1597","GGAACCCTCAATCTCT-1_3_1"
"1598","GGAACCCTCTCACTCG-1_3_1"
"1599","GGAATCTAGGTATAGT-1_3_1"
"1600","GGAATCTCAGACGGAT-1_3_1"
"1601","GGAATCTCAGCTATAC-1_3_1"
"1602","GGAATGGAGCGATGAC-1_3_1"
"1603","GGAATGGGTTCGGACC-1_3_1"
"1604","GGAATGGGTTCGTGCG-1_3_1"
"1605","GGACGTCAGAACTTCC-1_3_1"
"1606","GGACGTCGTGCACATT-1_3_1"
"1607","GGAGAACAGGGAGAAT-1_3_1"
"1608","GGAGAACTCGCCCAGA-1_3_1"
"1609","GGAGATGAGCAGCAGT-1_3_1"
"1610","GGAGATGTCACATACG-1_3_1"
"1611","GGAGCAAAGCGAGTCA-1_3_1"
"1612","GGAGCAAAGCGTGCTC-1_3_1"
"1613","GGAGCAATCAACGTGT-1_3_1"
"1614","GGAGGTAAGGGACTGT-1_3_1"
"1615","GGAGGTACATGAGGGT-1_3_1"
"1616","GGAGGTAGTCAACATC-1_3_1"
"1617","GGATCTAAGCCGAATG-1_3_1"
"1618","GGATCTAAGGAGCTGT-1_3_1"
"1619","GGATCTATCGTCAACA-1_3_1"
"1620","GGATGTTCATCGCTAA-1_3_1"
"1621","GGATGTTGTACGATCT-1_3_1"
"1622","GGCACGTAGAGTGACC-1_3_1"
"1623","GGCACGTAGTATGTAG-1_3_1"
"1624","GGCACGTGTCCAACGC-1_3_1"
"1625","GGCAGTCAGCCTATTG-1_3_1"
"1626","GGCAGTCAGTCACGAG-1_3_1"
"1627","GGCAGTCGTCGCTCGA-1_3_1"
"1628","GGCAGTCTCAGCTCTC-1_3_1"
"1629","GGCAGTCTCCAGTGCG-1_3_1"
"1630","GGCGTCAAGTGCGTCC-1_3_1"
"1631","GGCGTCACAAATGGAT-1_3_1"
"1632","GGCGTCACAGTTGGTT-1_3_1"
"1633","GGCGTCAGTCCCGTGA-1_3_1"
"1634","GGCGTCAGTTGCGAAG-1_3_1"
"1635","GGCGTCATCGGTAACT-1_3_1"
"1636","GGCTGTGAGCCACTCG-1_3_1"
"1637","GGCTGTGAGTGCACTT-1_3_1"
"1638","GGCTGTGCAGCAGTTT-1_3_1"
"1639","GGCTGTGGTTCTAAGC-1_3_1"
"1640","GGCTTGGAGTATGCAA-1_3_1"
"1641","GGCTTTCAGGCACAAC-1_3_1"
"1642","GGCTTTCGTTTGTTCT-1_3_1"
"1643","GGCTTTCTCCCTGGTT-1_3_1"
"1644","GGGAAGTCAAGGCCTC-1_3_1"
"1645","GGGACAAAGTTACGGG-1_3_1"
"1646","GGGACAACAATAGTCC-1_3_1"
"1647","GGGACAAGTCAAACGG-1_3_1"
"1648","GGGACAATCCACTTCG-1_3_1"
"1649","GGGACCTAGGTCCTGC-1_3_1"
"1650","GGGACCTAGTAGGATT-1_3_1"
"1651","GGGACCTTCTACGGTA-1_3_1"
"1652","GGGACCTTCTAGTACG-1_3_1"
"1653","GGGACCTTCTTACTGT-1_3_1"
"1654","GGGACTCAGGACTGGT-1_3_1"
"1655","GGGACTCCACGCTGTG-1_3_1"
"1656","GGGACTCCAGCACAAG-1_3_1"
"1657","GGGACTCCATTCTCCG-1_3_1"
"1658","GGGACTCTCGTTAGTG-1_3_1"
"1659","GGGAGATAGCCTAGGA-1_3_1"
"1660","GGGAGATCATCCGGCA-1_3_1"
"1661","GGGAGATCATGTGTCA-1_3_1"
"1662","GGGAGATGTGAGACCA-1_3_1"
"1663","GGGAGTAAGCTAGATA-1_3_1"
"1664","GGGAGTAAGCTGCCAC-1_3_1"
"1665","GGGAGTAGTAGTCGTT-1_3_1"
"1666","GGGATCCAGCTGTTCA-1_3_1"
"1667","GGGATCCTCATGTCAG-1_3_1"
"1668","GGGATCCTCTAGGAAA-1_3_1"
"1669","GGGATGAAGGAACGAA-1_3_1"
"1670","GGGATGAGTCCCAAAT-1_3_1"
"1671","GGGATGAGTGGTCTCG-1_3_1"
"1672","GGGCCATAGCATCCTA-1_3_1"
"1673","GGGCCATAGCGACTTT-1_3_1"
"1674","GGGCCATAGGCACCAA-1_3_1"
"1675","GGGCCATCAATTTCGG-1_3_1"
"1676","GGGCCATTCCCTCGTA-1_3_1"
"1677","GGGCGTTCACGGCGTT-1_3_1"
"1678","GGGCGTTCACTAGGCC-1_3_1"
"1679","GGGCTACTCAGAATAG-1_3_1"
"1680","GGGCTCAAGTCGCGAA-1_3_1"
"1681","GGGCTCACACCTAAAC-1_3_1"
"1682","GGGCTCACAGACCTGC-1_3_1"
"1683","GGGTAGAAGCGTTCAT-1_3_1"
"1684","GGGTAGAAGCTCGACC-1_3_1"
"1685","GGGTAGACAAGCAATA-1_3_1"
"1686","GGGTATTCAATAGGAT-1_3_1"
"1687","GGGTCACAGGTCATAA-1_3_1"
"1688","GGGTCACGTCAACCTA-1_3_1"
"1689","GGGTCTGGTATGAGGC-1_3_1"
"1690","GGGTCTGTCTCGTGAA-1_3_1"
"1691","GGGTGTCGTCAGCTTA-1_3_1"
"1692","GGGTTATCAAGCGAGT-1_3_1"
"1693","GGGTTATGTATAGCTC-1_3_1"
"1694","GGGTTTATCAAGCTGT-1_3_1"
"1695","GGTAACTAGGACACTG-1_3_1"
"1696","GGTAACTCAGTCGAGA-1_3_1"
"1697","GGTAACTGTTGGTACT-1_3_1"
"1698","GGTAATCCATCCGATA-1_3_1"
"1699","GGTAATCTCCTCTAAT-1_3_1"
"1700","GGTAGAGGTGAGGCAT-1_3_1"
"1701","GGTCACGAGCATCCTA-1_3_1"
"1702","GGTCACGCACATGTTG-1_3_1"
"1703","GGTCACGGTGCGGCTT-1_3_1"
"1704","GGTCTGGAGAAATGGG-1_3_1"
"1705","GGTCTGGCAAAGGCAC-1_3_1"
"1706","GGTCTGGCAACTCGAT-1_3_1"
"1707","GGTCTGGCAAGTTCGT-1_3_1"
"1708","GGTCTGGCATGACAAA-1_3_1"
"1709","GGTCTGGGTGTGATGG-1_3_1"
"1710","GGTGAAGCACATGACT-1_3_1"
"1711","GGTGAAGCACTAACGT-1_3_1"
"1712","GGTGATTAGATGCCGA-1_3_1"
"1713","GGTGATTTCCCAAGTA-1_3_1"
"1714","GGTGTCGAGGGCTTCC-1_3_1"
"1715","GGTGTTACAAGCTGTT-1_3_1"
"1716","GGTGTTAGTATGCGTT-1_3_1"
"1717","GGTGTTAGTTAAACAG-1_3_1"
"1718","GGTGTTATCACCATCC-1_3_1"
"1719","GGTTAACCAAATAGCA-1_3_1"
"1720","GGTTAACCAACAGAGC-1_3_1"
"1721","GGTTAACCAGTGGCTC-1_3_1"
"1722","GGTTAACCATTGCTGA-1_3_1"
"1723","GGTTAACGTCCCGCAA-1_3_1"
"1724","GGTTAACTCAAGGTGG-1_3_1"
"1725","GGTTAACTCTGCGAGC-1_3_1"
"1726","GGTTCTCCAGCTCCTT-1_3_1"
"1727","GGTTCTCGTCACCGAC-1_3_1"
"1728","GGTTCTCTCCCGATCT-1_3_1"
"1729","GGTTGTAAGCAATAGT-1_3_1"
"1730","GGTTGTATCGCGCTGA-1_3_1"
"1731","GTAACACAGAATACAC-1_3_1"
"1732","GTAACACAGTCCGTCG-1_3_1"
"1733","GTAACACCAAGATTGA-1_3_1"
"1734","GTAACACCATTGCCTC-1_3_1"
"1735","GTAACACTCATCGCAA-1_3_1"
"1736","GTAACCAAGCGGCTCT-1_3_1"
"1737","GTAACCAAGTCCCTAA-1_3_1"
"1738","GTAACCAGTCTTCATT-1_3_1"
"1739","GTAACCATCATTTGGG-1_3_1"
"1740","GTAACCATCCAACTGA-1_3_1"
"1741","GTAACCATCTGGAAGG-1_3_1"
"1742","GTAAGTCAGCAATAAC-1_3_1"
"1743","GTAAGTCAGGTGCTGA-1_3_1"
"1744","GTAAGTCAGGTTAGTA-1_3_1"
"1745","GTAAGTCGTATAGGAT-1_3_1"
"1746","GTAAGTCGTGAATGAT-1_3_1"
"1747","GTAAGTCTCACCATCC-1_3_1"
"1748","GTAATCGTCATGCTAG-1_3_1"
"1749","GTAATGCAGAAATCCA-1_3_1"
"1750","GTAATGCGTGTTTACG-1_3_1"
"1751","GTAATGCGTTGCTAGT-1_3_1"
"1752","GTAATGCTCCGTACGG-1_3_1"
"1753","GTACAACCATAACCCA-1_3_1"
"1754","GTACAACGTCGTCATA-1_3_1"
"1755","GTACAGTCAAGAGAGA-1_3_1"
"1756","GTACAGTCACCTGCTT-1_3_1"
"1757","GTACAGTGTGAATGAT-1_3_1"
"1758","GTACAGTTCACCGCTT-1_3_1"
"1759","GTAGAGGGTGAGTGAC-1_3_1"
"1760","GTAGAGGTCGTTCTCG-1_3_1"
"1761","GTAGATCAGACCATGG-1_3_1"
"1762","GTAGATCTCGAACTCA-1_3_1"
"1763","GTAGATCTCTACGCAA-1_3_1"
"1764","GTAGCTAAGCCGAATG-1_3_1"
"1765","GTAGCTACAATCCTTT-1_3_1"
"1766","GTAGCTACACTCGATA-1_3_1"
"1767","GTAGCTACAGACTGCC-1_3_1"
"1768","GTAGCTAGTAGTCACT-1_3_1"
"1769","GTAGGAGTCGATTGGT-1_3_1"
"1770","GTAGGAGTCTGCGAGC-1_3_1"
"1771","GTAGGTTAGTATGACA-1_3_1"
"1772","GTAGGTTCATCGCCTT-1_3_1"
"1773","GTAGGTTGTTCTTGTT-1_3_1"
"1774","GTAGTACCACGTTGGC-1_3_1"
"1775","GTAGTACGTCGTGGAA-1_3_1"
"1776","GTAGTACTCAACTTTC-1_3_1"
"1777","GTATTGGCAGAGGCTA-1_3_1"
"1778","GTATTGGTCTGTGCTC-1_3_1"
"1779","GTCAAACAGGCAGTCA-1_3_1"
"1780","GTCAAACTCGTACACA-1_3_1"
"1781","GTCAAGTAGCCGAATG-1_3_1"
"1782","GTCAAGTCAGAGTTGG-1_3_1"
"1783","GTCAAGTGTGTTGCCG-1_3_1"
"1784","GTCAGCGGTCATGACT-1_3_1"
"1785","GTCAGCGTCTGTACAG-1_3_1"
"1786","GTCATCCCACTTCCTG-1_3_1"
"1787","GTCATCCGTGAGACCA-1_3_1"
"1788","GTCATCCGTTTACGAC-1_3_1"
"1789","GTCATGATCTGGTCAA-1_3_1"
"1790","GTCATTTGTACCAGAG-1_3_1"
"1791","GTCATTTTCCATAGAC-1_3_1"
"1792","GTCATTTTCGCAGTCG-1_3_1"
"1793","GTCCACTAGTCACACT-1_3_1"
"1794","GTCCACTGTAAGTTGA-1_3_1"
"1795","GTCCACTGTTCCGGTG-1_3_1"
"1796","GTCCACTTCACCTTAT-1_3_1"
"1797","GTCCACTTCCGCCTAT-1_3_1"
"1798","GTCCACTTCTGACCCT-1_3_1"
"1799","GTCCCATAGTGAATAC-1_3_1"
"1800","GTCCCATCACTTACAG-1_3_1"
"1801","GTCCCATTCGAAGCCC-1_3_1"
"1802","GTCCTCAAGCGGCTCT-1_3_1"
"1803","GTCCTCAAGGATTTCC-1_3_1"
"1804","GTCCTCAAGGGAGATA-1_3_1"
"1805","GTCCTCACACGTAGAG-1_3_1"
"1806","GTCCTCACACTACCCT-1_3_1"
"1807","GTCCTCAGTTAGAAAC-1_3_1"
"1808","GTCCTCATCCGGACGT-1_3_1"
"1809","GTCGAATCAAGACGAC-1_3_1"
"1810","GTCGAATCAGCGAGTA-1_3_1"
"1811","GTCGCGAAGCTAGTTC-1_3_1"
"1812","GTCGCGAAGGGTTAAT-1_3_1"
"1813","GTCGCGACAATTCTCT-1_3_1"
"1814","GTCGCGACATTGTACG-1_3_1"
"1815","GTCGCGAGTCTTGAGT-1_3_1"
"1816","GTCGTAAGTTGGCCGT-1_3_1"
"1817","GTCGTTCAGAGTCACG-1_3_1"
"1818","GTCTACCAGCAGCCCT-1_3_1"
"1819","GTCTACCTCCCATAAG-1_3_1"
"1820","GTCTACCTCTACAGGT-1_3_1"
"1821","GTCTAGAAGTTATGGA-1_3_1"
"1822","GTCTAGACAGCCTATA-1_3_1"
"1823","GTCTAGATCCTCTCTT-1_3_1"
"1824","GTCTCACCAGAGTTGG-1_3_1"
"1825","GTCTGTCCACTGGATT-1_3_1"
"1826","GTCTGTCGTACGTACT-1_3_1"
"1827","GTCTTTAAGCTAGCCC-1_3_1"
"1828","GTCTTTAAGTCATGGG-1_3_1"
"1829","GTCTTTAAGTGAGTGC-1_3_1"
"1830","GTCTTTACAGGGTTGA-1_3_1"
"1831","GTCTTTACATCCGGCA-1_3_1"
"1832","GTCTTTAGTCCACAGC-1_3_1"
"1833","GTGACGCCATCCGTGG-1_3_1"
"1834","GTGACGCGTTTCTTAC-1_3_1"
"1835","GTGAGCCCAAATGATG-1_3_1"
"1836","GTGAGCCCAGGAGACT-1_3_1"
"1837","GTGAGCCTCGCTTAAG-1_3_1"
"1838","GTGAGGAAGACTGAGC-1_3_1"
"1839","GTGAGGAAGCAGCGAT-1_3_1"
"1840","GTGAGTTCAAAGTATG-1_3_1"
"1841","GTGATGTAGAGGTCGT-1_3_1"
"1842","GTGATGTAGATGGTCG-1_3_1"
"1843","GTGATGTAGCTGACCC-1_3_1"
"1844","GTGATGTAGGCCTTCG-1_3_1"
"1845","GTGATGTCAAAGACTA-1_3_1"
"1846","GTGATGTCACGTCGGT-1_3_1"
"1847","GTGATGTGTCGAAACG-1_3_1"
"1848","GTGATGTGTGCAGTGA-1_3_1"
"1849","GTGCACGAGGCTTCCG-1_3_1"
"1850","GTGCACGCATCCTAAG-1_3_1"
"1851","GTGCACGGTATACCCA-1_3_1"
"1852","GTGCACGTCTGAACGT-1_3_1"
"1853","GTGCAGCAGGATTACA-1_3_1"
"1854","GTGCAGCGTACGTAGG-1_3_1"
"1855","GTGCAGCGTCGCTCGA-1_3_1"
"1856","GTGCAGCTCACTTGTT-1_3_1"
"1857","GTGCAGCTCCCGATCT-1_3_1"
"1858","GTGCAGCTCCCGTAAA-1_3_1"
"1859","GTGCAGCTCGATTCCC-1_3_1"
"1860","GTGCGTGGTGGCAGAT-1_3_1"
"1861","GTGCGTGGTGTCATGT-1_3_1"
"1862","GTGCGTGGTTTAGAGA-1_3_1"
"1863","GTGCTGGAGCCTGGAA-1_3_1"
"1864","GTGCTGGGTCCTTAAG-1_3_1"
"1865","GTGCTGGGTCGTGGAA-1_3_1"
"1866","GTGCTGGTCAGAGCGA-1_3_1"
"1867","GTGCTTCAGATCCGAG-1_3_1"
"1868","GTGCTTCCACAACGCC-1_3_1"
"1869","GTGCTTCTCGCAGTGC-1_3_1"
"1870","GTGGAAGGTGTCGATT-1_3_1"
"1871","GTGGAGAGTACAACGG-1_3_1"
"1872","GTGGAGATCCATGAGT-1_3_1"
"1873","GTGGCGTAGGAGAATG-1_3_1"
"1874","GTGGCGTGTCGTGGAA-1_3_1"
"1875","GTGGCGTTCTCGGTCT-1_3_1"
"1876","GTGGTTACACTAGGCC-1_3_1"
"1877","GTGGTTACACTGAGTT-1_3_1"
"1878","GTGGTTATCAGGAAAT-1_3_1"
"1879","GTGTAACCAGCGCTTG-1_3_1"
"1880","GTGTAACTCACTGTTT-1_3_1"
"1881","GTGTAACTCCTAGCGG-1_3_1"
"1882","GTGTGATGTTAGAAGT-1_3_1"
"1883","GTGTGATTCTCGCGTT-1_3_1"
"1884","GTGTGGCAGCGATGGT-1_3_1"
"1885","GTGTTAGAGTGCACAG-1_3_1"
"1886","GTGTTAGCACGTCGTG-1_3_1"
"1887","GTGTTAGCAGGCAATG-1_3_1"
"1888","GTTACCCCAAGTATAG-1_3_1"
"1889","GTTACCCCACTTGAAC-1_3_1"
"1890","GTTACCCCAGCTGAGA-1_3_1"
"1891","GTTACCCTCAGCGCGT-1_3_1"
"1892","GTTACGAGTAGTATAG-1_3_1"
"1893","GTTACGAGTGGATCGA-1_3_1"
"1894","GTTAGACAGACACACG-1_3_1"
"1895","GTTAGACCACCAAATC-1_3_1"
"1896","GTTAGTGAGTGGACTG-1_3_1"
"1897","GTTAGTGCATGCCATA-1_3_1"
"1898","GTTAGTGGTATGAAAC-1_3_1"
"1899","GTTAGTGTCGTGGAAG-1_3_1"
"1900","GTTATGGGTTTGAAAG-1_3_1"
"1901","GTTCATTCAATCTCTT-1_3_1"
"1902","GTTCCGTAGTCTGCGC-1_3_1"
"1903","GTTCCGTCAATAGTAG-1_3_1"
"1904","GTTCCGTCAGTCGGAA-1_3_1"
"1905","GTTCCGTGTAAGTTGA-1_3_1"
"1906","GTTCCGTTCGTACCTC-1_3_1"
"1907","GTTCGCTAGCTCCGAC-1_3_1"
"1908","GTTCGCTTCGGACGTC-1_3_1"
"1909","GTTCTATTCACTGTTT-1_3_1"
"1910","GTTCTATTCGAACGCC-1_3_1"
"1911","GTTCTATTCTGAATCG-1_3_1"
"1912","GTTGAACAGCTAGATA-1_3_1"
"1913","GTTGAACCAGCAGAAC-1_3_1"
"1914","GTTGAACGTTTCGTTT-1_3_1"
"1915","GTTGAACTCAACCCGG-1_3_1"
"1916","GTTGCGGCAGCTTTCC-1_3_1"
"1917","GTTGCGGTCCCACAGG-1_3_1"
"1918","GTTGCTCGTAACGCGA-1_3_1"
"1919","GTTGTAGAGATGGCGT-1_3_1"
"1920","GTTGTAGAGGAAACGA-1_3_1"
"1921","GTTGTAGAGTGCAACG-1_3_1"
"1922","GTTGTAGAGTGCGTCC-1_3_1"
"1923","GTTGTAGCAAACTCTG-1_3_1"
"1924","GTTGTAGCAAGGCAAC-1_3_1"
"1925","GTTGTAGCAATTGCGT-1_3_1"
"1926","GTTGTAGGTTACCTGA-1_3_1"
"1927","GTTGTCCGTAGTCTTG-1_3_1"
"1928","GTTGTCCGTCGGTGAA-1_3_1"
"1929","GTTGTCCGTGAGAACC-1_3_1"
"1930","GTTGTGAAGCTAGTTC-1_3_1"
"1931","GTTGTGACACCTGAAT-1_3_1"
"1932","GTTGTGAGTCGTGCCA-1_3_1"
"1933","GTTGTGAGTGGGCTTC-1_3_1"
"1934","GTTGTGAGTTGTGTAC-1_3_1"
"1935","GTTTACTAGTGTTGTC-1_3_1"
"1936","GTTTACTGTGCGACAA-1_3_1"
"1937","GTTTGGACATAACTCG-1_3_1"
"1938","GTTTGGATCATCACTT-1_3_1"
"1939","TAACACGCACACCTAA-1_3_1"
"1940","TAACACGGTGTTACTG-1_3_1"
"1941","TAACACGGTTACAGCT-1_3_1"
"1942","TAACACGTCCTGCTAC-1_3_1"
"1943","TAACCAGAGATGTTGA-1_3_1"
"1944","TAACGACCAAGAGGCT-1_3_1"
"1945","TAACGACCACACCTTC-1_3_1"
"1946","TAACGACGTTCGGCGT-1_3_1"
"1947","TAACGACTCTCGAGTA-1_3_1"
"1948","TAACTTCCAAAGGCAC-1_3_1"
"1949","TAACTTCCACTGTCGG-1_3_1"
"1950","TAACTTCCATAACCCA-1_3_1"
"1951","TAAGCACAGGCTATCT-1_3_1"
"1952","TAAGCCACAGGTTACT-1_3_1"
"1953","TAAGCCAGTATAGGGC-1_3_1"
"1954","TAAGCCAGTCGTTGGC-1_3_1"
"1955","TAAGCCATCCGCACGA-1_3_1"
"1956","TAAGCGTTCGCCGATG-1_3_1"
"1957","TAAGTCGCAACGCATT-1_3_1"
"1958","TAAGTCGCAATTTCTC-1_3_1"
"1959","TAAGTCGCATGTTCGA-1_3_1"
"1960","TAATCTCGTGCAGTGA-1_3_1"
"1961","TAATCTCTCCAGTGCG-1_3_1"
"1962","TAATTCCAGTTTGCTG-1_3_1"
"1963","TAATTCCCACAAAGCG-1_3_1"
"1964","TAATTCCGTAACGCGA-1_3_1"
"1965","TAATTCCTCGATTGAC-1_3_1"
"1966","TACAACGAGAAATGGG-1_3_1"
"1967","TACAACGCATTGGCAT-1_3_1"
"1968","TACACCCAGCTGTTCA-1_3_1"
"1969","TACACCCGTGTCCACG-1_3_1"
"1970","TACACCCGTTCAATCG-1_3_1"
"1971","TACACCCTCGAGAAAT-1_3_1"
"1972","TACACCCTCTCATGGA-1_3_1"
"1973","TACAGGTTCTCTGCTG-1_3_1"
"1974","TACATTCCAAGTAGTA-1_3_1"
"1975","TACATTCCACAGCGCT-1_3_1"
"1976","TACATTCGTGAGTCAG-1_3_1"
"1977","TACATTCTCGGCTTGG-1_3_1"
"1978","TACCCACCAAGCGCTC-1_3_1"
"1979","TACCCACGTACACTCA-1_3_1"
"1980","TACCCACTCCTGTAAG-1_3_1"
"1981","TACCCGTCAAGTTCGT-1_3_1"
"1982","TACCCGTCATACCACA-1_3_1"
"1983","TACCGAAGTCGATGCC-1_3_1"
"1984","TACCGGGGTCGTCTCT-1_3_1"
"1985","TACCGGGTCAGGAACG-1_3_1"
"1986","TACCGGGTCCCGATCT-1_3_1"
"1987","TACCTCGAGGAACTAT-1_3_1"
"1988","TACCTCGTCTACTTCA-1_3_1"
"1989","TACGCTCCAAATGGAT-1_3_1"
"1990","TACGCTCGTCGTTGCG-1_3_1"
"1991","TACGCTCTCACGGGCT-1_3_1"
"1992","TACGCTCTCGGTCATA-1_3_1"
"1993","TACGCTCTCTCGACCT-1_3_1"
"1994","TACGGGCCACACAGCC-1_3_1"
"1995","TACGGGCCACGAAGAC-1_3_1"
"1996","TACGGGCCACGACCTG-1_3_1"
"1997","TACGGGCGTGTTGACT-1_3_1"
"1998","TACGGGCTCAAGCTTG-1_3_1"
"1999","TACGGTAGTGAGACGT-1_3_1"
"2000","TACGTCCAGATGCAGC-1_3_1"
"2001","TACGTCCTCAGTGGGA-1_3_1"
"2002","TACGTCCTCGTAGGGA-1_3_1"
"2003","TACTGCCCAAGTGGAC-1_3_1"
"2004","TACTGCCGTTGGGTAG-1_3_1"
"2005","TACTGCCTCTCTTGCG-1_3_1"
"2006","TACTTACGTACTCGCG-1_3_1"
"2007","TACTTCAAGAAAGTCT-1_3_1"
"2008","TACTTCAGTACAGAGC-1_3_1"
"2009","TACTTCATCGGAGTAG-1_3_1"
"2010","TACTTCATCGGTAGAG-1_3_1"
"2011","TACTTGTCAGGTCTCG-1_3_1"
"2012","TACTTGTGTACGGGAT-1_3_1"
"2013","TAGACCAAGATGAACT-1_3_1"
"2014","TAGACCACAAATACGA-1_3_1"
"2015","TAGACCACAAGGTACG-1_3_1"
"2016","TAGACCAGTCTCGACG-1_3_1"
"2017","TAGACCAGTTCAGCGC-1_3_1"
"2018","TAGACTGGTCTGATCA-1_3_1"
"2019","TAGACTGGTTATGGTC-1_3_1"
"2020","TAGACTGTCGGTCAGC-1_3_1"
"2021","TAGAGTCAGATTGATG-1_3_1"
"2022","TAGAGTCAGTTGAAGT-1_3_1"
"2023","TAGAGTCGTGGTCAAG-1_3_1"
"2024","TAGAGTCTCCATTCAT-1_3_1"
"2025","TAGAGTCTCTCCGATC-1_3_1"
"2026","TAGATCGAGCGACTGA-1_3_1"
"2027","TAGATCGCAAGTTTGC-1_3_1"
"2028","TAGATCGGTTAAGGGC-1_3_1"
"2029","TAGATCGTCTAGTGAC-1_3_1"
"2030","TAGCACAAGCAACTTC-1_3_1"
"2031","TAGCACAAGTCTACCA-1_3_1"
"2032","TAGGAGGAGAGAGGGC-1_3_1"
"2033","TAGGAGGAGCTCCACG-1_3_1"
"2034","TAGGAGGCATTGCTTT-1_3_1"
"2035","TAGGGTTAGCCTCCAG-1_3_1"
"2036","TAGGGTTAGGGAGTGG-1_3_1"
"2037","TAGGGTTCAGTACTAC-1_3_1"
"2038","TAGGGTTGTGCTTATG-1_3_1"
"2039","TAGGGTTGTGTGTGGA-1_3_1"
"2040","TAGGGTTGTTGATGTC-1_3_1"
"2041","TAGGGTTTCATTGCTT-1_3_1"
"2042","TAGGGTTTCGAGCCTG-1_3_1"
"2043","TAGGTACAGGATACAT-1_3_1"
"2044","TAGGTACGTACCTATG-1_3_1"
"2045","TAGGTTGGTCTACAAC-1_3_1"
"2046","TAGGTTGGTTACGTAC-1_3_1"
"2047","TAGGTTGGTTAGAGAT-1_3_1"
"2048","TAGGTTGGTTATAGCC-1_3_1"
"2049","TAGGTTGTCATACGAC-1_3_1"
"2050","TATACCTAGACCTCAT-1_3_1"
"2051","TATACCTTCAGCTTGA-1_3_1"
"2052","TATATCCAGACAGCTG-1_3_1"
"2053","TATATCCAGAGAGGTA-1_3_1"
"2054","TATATCCAGGTAGATT-1_3_1"
"2055","TATATCCCAATGTTGC-1_3_1"
"2056","TATATCCGTTGAGGAC-1_3_1"
"2057","TATCAGGAGCAGCCCT-1_3_1"
"2058","TATCAGGAGGGAGTGG-1_3_1"
"2059","TATCAGGCAATAAGGT-1_3_1"
"2060","TATCCTAAGCTCCACG-1_3_1"
"2061","TATCCTACAGGACGAT-1_3_1"
"2062","TATCCTAGTTCGTACA-1_3_1"
"2063","TATCCTATCGAGATAA-1_3_1"
"2064","TATCGCCCAAGACCGA-1_3_1"
"2065","TATCGCCCATAATCGC-1_3_1"
"2066","TATCGCCCATCCTAAG-1_3_1"
"2067","TATCGCCGTTGTGTAC-1_3_1"
"2068","TATCTGTCACCCAATA-1_3_1"
"2069","TATCTTGCATACAGAA-1_3_1"
"2070","TATCTTGGTACCCACG-1_3_1"
"2071","TATGTTCCACCTTCCA-1_3_1"
"2072","TATGTTCGTATTAAGG-1_3_1"
"2073","TATGTTCGTCAATCTG-1_3_1"
"2074","TATTCCAAGAACCCGA-1_3_1"
"2075","TATTCCACAAGTGGGT-1_3_1"
"2076","TATTCCACAGAATTCC-1_3_1"
"2077","TATTCCAGTAGATCCT-1_3_1"
"2078","TATTCCAGTCCAGCGT-1_3_1"
"2079","TATTGCTAGTGTCATC-1_3_1"
"2080","TATTGCTCAGTGTATC-1_3_1"
"2081","TATTGCTGTATCGATC-1_3_1"
"2082","TATTGGGCATGATCTG-1_3_1"
"2083","TATTTCGAGGCTCCCA-1_3_1"
"2084","TCAAGACTCATGACAC-1_3_1"
"2085","TCAAGCAAGGGCCTCT-1_3_1"
"2086","TCAAGTGAGGCAGTCA-1_3_1"
"2087","TCAAGTGCAGAAATTG-1_3_1"
"2088","TCAAGTGCAGGTGTTT-1_3_1"
"2089","TCAAGTGGTGCTTATG-1_3_1"
"2090","TCAAGTGTCATTTGGG-1_3_1"
"2091","TCAATCTAGCGCCTAC-1_3_1"
"2092","TCAATCTCAATTGCGT-1_3_1"
"2093","TCAATCTGTACTTGTG-1_3_1"
"2094","TCAATTCAGATGAACT-1_3_1"
"2095","TCAATTCAGCGCGTTC-1_3_1"
"2096","TCAATTCAGGTTCCGC-1_3_1"
"2097","TCAATTCCACATGGTT-1_3_1"
"2098","TCAATTCCACGTATAC-1_3_1"
"2099","TCAATTCCAGCCATTA-1_3_1"
"2100","TCAATTCTCCAGTGCG-1_3_1"
"2101","TCACAAGCAGTCTGGC-1_3_1"
"2102","TCACACCAGATCCTAC-1_3_1"
"2103","TCACACCAGTTAGTGA-1_3_1"
"2104","TCACACCGTGAATAAC-1_3_1"
"2105","TCACATTAGAGATGCC-1_3_1"
"2106","TCACATTGTAGACAAT-1_3_1"
"2107","TCACATTGTCGTCTCT-1_3_1"
"2108","TCACGCTAGTTGAATG-1_3_1"
"2109","TCACGCTCATAACTCG-1_3_1"
"2110","TCACGCTGTGCAATGG-1_3_1"
"2111","TCACGCTGTGCCCAGT-1_3_1"
"2112","TCACGGGGTCGAAGCA-1_3_1"
"2113","TCACGGGTCGAGTCCG-1_3_1"
"2114","TCACTATAGGAGGGTG-1_3_1"
"2115","TCACTATAGGTACAGC-1_3_1"
"2116","TCACTATCATGTACGT-1_3_1"
"2117","TCACTATGTTCAAAGA-1_3_1"
"2118","TCACTCGTCCATCGTC-1_3_1"
"2119","TCACTCGTCTTGATTC-1_3_1"
"2120","TCAGCAAGTGTATTCG-1_3_1"
"2121","TCAGCCTGTCAATGGG-1_3_1"
"2122","TCAGGTACAACCGCTG-1_3_1"
"2123","TCAGGTACACAGTCCG-1_3_1"
"2124","TCAGGTAGTAGCTCGC-1_3_1"
"2125","TCAGGTATCATGGATC-1_3_1"
"2126","TCAGGTATCGTGCTCT-1_3_1"
"2127","TCAGGTATCTCGACCT-1_3_1"
"2128","TCAGTCCAGAGTAACT-1_3_1"
"2129","TCAGTCCCAAAGGCTG-1_3_1"
"2130","TCAGTCCCATCAGTGT-1_3_1"
"2131","TCAGTCCGTAGTGGCA-1_3_1"
"2132","TCAGTCCTCTGTCTCG-1_3_1"
"2133","TCAGTTTGTGGCACTC-1_3_1"
"2134","TCAGTTTTCAATCCAG-1_3_1"
"2135","TCATACTAGACCTCCG-1_3_1"
"2136","TCATACTAGATCGGTG-1_3_1"
"2137","TCATACTAGCGCCTTG-1_3_1"
"2138","TCATACTTCTGTCCCA-1_3_1"
"2139","TCATATCAGACAACAT-1_3_1"
"2140","TCATCCGGTACTCGCG-1_3_1"
"2141","TCATCCGGTGTCTTAG-1_3_1"
"2142","TCATCCGTCTCAAAGC-1_3_1"
"2143","TCATGAGAGCCATGCC-1_3_1"
"2144","TCATGCCAGCGACAGT-1_3_1"
"2145","TCATGCCTCTTGCAGA-1_3_1"
"2146","TCATGGACAATGTTGC-1_3_1"
"2147","TCATGGAGTTTACCAG-1_3_1"
"2148","TCATTACAGACACACG-1_3_1"
"2149","TCATTACAGCAGCCCT-1_3_1"
"2150","TCATTACAGGAAGTAG-1_3_1"
"2151","TCATTACAGGAAGTCC-1_3_1"
"2152","TCATTACTCGCTCATC-1_3_1"
"2153","TCATTCACAACTCCAA-1_3_1"
"2154","TCATTCAGTCACTGAT-1_3_1"
"2155","TCATTTGGTCACCGAC-1_3_1"
"2156","TCATTTGTCGCCAATA-1_3_1"
"2157","TCCACCACATCTCCCA-1_3_1"
"2158","TCCACCAGTATCATGC-1_3_1"
"2159","TCCACCAGTGTAAATG-1_3_1"
"2160","TCCACCAGTGTCTTGA-1_3_1"
"2161","TCCACCAGTGTGACCC-1_3_1"
"2162","TCCAGAAAGCGTCTCG-1_3_1"
"2163","TCCATGCCATTCACCC-1_3_1"
"2164","TCCCACAAGATTCGAA-1_3_1"
"2165","TCCCACAAGGCCATAG-1_3_1"
"2166","TCCCACACACCTGATA-1_3_1"
"2167","TCCCAGTCACAGCTTA-1_3_1"
"2168","TCCCAGTCACTACCGG-1_3_1"
"2169","TCCCAGTGTACTCGAT-1_3_1"
"2170","TCCCATGAGATGTTAG-1_3_1"
"2171","TCCCATGAGGGTACGT-1_3_1"
"2172","TCCCATGAGTAATCCC-1_3_1"
"2173","TCCCATGCACTGCATA-1_3_1"
"2174","TCCCATGCATCCCGTT-1_3_1"
"2175","TCCGAAAAGCTAAATG-1_3_1"
"2176","TCCGAAACAAGGCTTT-1_3_1"
"2177","TCCGAAAGTAGATCCT-1_3_1"
"2178","TCCGAAAGTAGCTTGT-1_3_1"
"2179","TCCGAAAGTCAACATC-1_3_1"
"2180","TCCGATCAGAGCCTGA-1_3_1"
"2181","TCCGATCAGCTTTCTT-1_3_1"
"2182","TCCGATCAGTTGCGCC-1_3_1"
"2183","TCCGATCTCCGACATA-1_3_1"
"2184","TCCGGGATCGGTATGT-1_3_1"
"2185","TCCGTGTTCAGGAAAT-1_3_1"
"2186","TCCGTGTTCGTAACCA-1_3_1"
"2187","TCCTAATAGCTAGATA-1_3_1"
"2188","TCCTCCCAGCTTCTAG-1_3_1"
"2189","TCCTCCCCACATCATG-1_3_1"
"2190","TCCTCCCCACGCTGCA-1_3_1"
"2191","TCCTCGAAGAGAAGGT-1_3_1"
"2192","TCCTCTTAGCGCCTAC-1_3_1"
"2193","TCCTCTTCATTCTCTA-1_3_1"
"2194","TCCTCTTGTACTAAGA-1_3_1"
"2195","TCCTCTTTCTTACCGC-1_3_1"
"2196","TCCTGCAAGAGTCACG-1_3_1"
"2197","TCCTGCATCCTCGCAT-1_3_1"
"2198","TCCTTCTAGACGTCCC-1_3_1"
"2199","TCCTTCTAGCTCTGTA-1_3_1"
"2200","TCCTTCTCAAGGGCAT-1_3_1"
"2201","TCCTTTCTCCAACCAA-1_3_1"
"2202","TCGAACACAGAGCGTA-1_3_1"
"2203","TCGAAGTAGTCAAGCG-1_3_1"
"2204","TCGAAGTGTCTTTCTA-1_3_1"
"2205","TCGAAGTGTGCCTGCA-1_3_1"
"2206","TCGACCTAGAGGCGTT-1_3_1"
"2207","TCGACCTAGCGGGTAT-1_3_1"
"2208","TCGACCTCAATCTAGC-1_3_1"
"2209","TCGACCTTCTGATGGT-1_3_1"
"2210","TCGACGGAGACCATAA-1_3_1"
"2211","TCGACGGAGTGAACAT-1_3_1"
"2212","TCGACGGCATCTTTCA-1_3_1"
"2213","TCGACGGTCATTACTC-1_3_1"
"2214","TCGACGGTCTGAACGT-1_3_1"
"2215","TCGATTTCATCGCTCT-1_3_1"
"2216","TCGATTTTCATGCTAG-1_3_1"
"2217","TCGCACTCACGACCTG-1_3_1"
"2218","TCGCACTCACGGATCC-1_3_1"
"2219","TCGCACTCAGCGGTCT-1_3_1"
"2220","TCGCACTCAGCTTTCC-1_3_1"
"2221","TCGCACTCAGGTGTGA-1_3_1"
"2222","TCGCAGGCATCAGCGC-1_3_1"
"2223","TCGCAGGCATGGAGAC-1_3_1"
"2224","TCGCTCAAGCCGAACA-1_3_1"
"2225","TCGCTTGAGTCATGCT-1_3_1"
"2226","TCGCTTGCACTAAACC-1_3_1"
"2227","TCGGGACAGGTAACTA-1_3_1"
"2228","TCGGGACCATATCTGG-1_3_1"
"2229","TCGGGACGTACCGTCG-1_3_1"
"2230","TCGGGCACAAATGATG-1_3_1"
"2231","TCGGGCACAGGCTTGC-1_3_1"
"2232","TCGGGCAGTATTGACC-1_3_1"
"2233","TCGGGTGCAAGTCCCG-1_3_1"
"2234","TCGGGTGCACAATCTG-1_3_1"
"2235","TCGGGTGTCGCAGTTA-1_3_1"
"2236","TCGGTCTTCCTGGTCT-1_3_1"
"2237","TCGGTCTTCGTCAACA-1_3_1"
"2238","TCGTAGACAAGCGGAT-1_3_1"
"2239","TCGTAGAGTAGAATAC-1_3_1"
"2240","TCGTCCACAGAGTAAT-1_3_1"
"2241","TCGTCCACAGGCTACC-1_3_1"
"2242","TCGTCCATCATTCGTT-1_3_1"
"2243","TCGTCCATCGTGTGGC-1_3_1"
"2244","TCGTGCTCATACTGAC-1_3_1"
"2245","TCGTGGGAGTTCCATG-1_3_1"
"2246","TCTAACTCAAGCGAAC-1_3_1"
"2247","TCTACATCAGGCTCTG-1_3_1"
"2248","TCTACATGTCTGTGAT-1_3_1"
"2249","TCTACATTCTATACGG-1_3_1"
"2250","TCTACCGGTTAACCTG-1_3_1"
"2251","TCTACCGGTTCGTACA-1_3_1"
"2252","TCTACCGTCTGAACGT-1_3_1"
"2253","TCTATACAGGTCATCT-1_3_1"
"2254","TCTATACGTCCATCTC-1_3_1"
"2255","TCTATACGTCCGCAGT-1_3_1"
"2256","TCTATCATCAACCGAT-1_3_1"
"2257","TCTATCATCGTGGTAT-1_3_1"
"2258","TCTCACGGTATGACAA-1_3_1"
"2259","TCTCACGTCATTGCTT-1_3_1"
"2260","TCTCACGTCCGCACTT-1_3_1"
"2261","TCTCACGTCCGGACGT-1_3_1"
"2262","TCTCACGTCCTATTTG-1_3_1"
"2263","TCTCAGCTCCTCACTG-1_3_1"
"2264","TCTCAGCTCGATGGAG-1_3_1"
"2265","TCTCAGCTCGGTAACT-1_3_1"
"2266","TCTCCGACAACTGAAA-1_3_1"
"2267","TCTCCGAGTGGCCTCA-1_3_1"
"2268","TCTCCGATCAATGTCG-1_3_1"
"2269","TCTCTGGAGTGGGAAA-1_3_1"
"2270","TCTCTGGCAATCTAGC-1_3_1"
"2271","TCTCTGGGTGTAGGAC-1_3_1"
"2272","TCTCTGGTCAGCCTCT-1_3_1"
"2273","TCTCTGGTCTCTGAGA-1_3_1"
"2274","TCTGCCAAGTACAACA-1_3_1"
"2275","TCTGCCAAGTAGAGTT-1_3_1"
"2276","TCTGCCAGTGCCTATA-1_3_1"
"2277","TCTGCCAGTGTGTCCG-1_3_1"
"2278","TCTGCCATCGAACTCA-1_3_1"
"2279","TCTGGCTAGATTCGAA-1_3_1"
"2280","TCTGGCTAGCATTGTC-1_3_1"
"2281","TCTGTCGAGTTCTACG-1_3_1"
"2282","TCTTAGTCACACCTGG-1_3_1"
"2283","TCTTAGTCACGAAGAC-1_3_1"
"2284","TCTTAGTGTTTCGGCG-1_3_1"
"2285","TCTTCCTGTTTGCAGT-1_3_1"
"2286","TCTTGCGAGTCCTGTA-1_3_1"
"2287","TCTTTGAAGGATTTAG-1_3_1"
"2288","TGAACGTTCGAGCCAC-1_3_1"
"2289","TGAATCGAGTAAGGGA-1_3_1"
"2290","TGAATCGCAGGACAGT-1_3_1"
"2291","TGAATGCAGATGTTCC-1_3_1"
"2292","TGAATGCTCTGAGAAA-1_3_1"
"2293","TGACAGTAGTCCCTAA-1_3_1"
"2294","TGACAGTCAGCACCCA-1_3_1"
"2295","TGACAGTGTTGCGTAT-1_3_1"
"2296","TGACAGTGTTTACTGG-1_3_1"
"2297","TGACCCTTCACCCTTG-1_3_1"
"2298","TGACGCGCAGGCCTGT-1_3_1"
"2299","TGACGCGGTGGTCCGT-1_3_1"
"2300","TGACGCGGTGTTCGTA-1_3_1"
"2301","TGACGCGTCCCAAGTA-1_3_1"
"2302","TGACTCCAGCATGCGA-1_3_1"
"2303","TGACTCCCAAGAGTTA-1_3_1"
"2304","TGACTCCGTCCGAAAG-1_3_1"
"2305","TGAGACTAGTGTGTTC-1_3_1"
"2306","TGAGACTCACCCAATA-1_3_1"
"2307","TGAGACTTCTAACACG-1_3_1"
"2308","TGAGACTTCTCAAAGC-1_3_1"
"2309","TGAGCATGTACAGAAT-1_3_1"
"2310","TGAGCATTCGATTCCC-1_3_1"
"2311","TGAGCGCAGCAGGTCA-1_3_1"
"2312","TGAGCGCAGCGCATCC-1_3_1"
"2313","TGAGCGCTCACTTCTA-1_3_1"
"2314","TGAGCGCTCGGCACTG-1_3_1"
"2315","TGAGGAGAGTAAACAC-1_3_1"
"2316","TGAGGAGGTAACAAGT-1_3_1"
"2317","TGAGGGAAGCATGATA-1_3_1"
"2318","TGAGGGATCGCAATGT-1_3_1"
"2319","TGAGGTTAGGCCACCT-1_3_1"
"2320","TGAGGTTAGTCAATCC-1_3_1"
"2321","TGAGGTTAGTCTGGTT-1_3_1"
"2322","TGAGGTTGTATTAAGG-1_3_1"
"2323","TGAGGTTGTGGAGGTT-1_3_1"
"2324","TGAGTCAAGTCAGGGT-1_3_1"
"2325","TGAGTCATCTTACCAT-1_3_1"
"2326","TGATCAGAGCCTCAGC-1_3_1"
"2327","TGATCAGCAAGGTCGA-1_3_1"
"2328","TGATCAGGTAGAATGT-1_3_1"
"2329","TGATCTTAGACCATAA-1_3_1"
"2330","TGATCTTTCGACGCGT-1_3_1"
"2331","TGATGCAAGTATAACG-1_3_1"
"2332","TGATGCACATCGGCCA-1_3_1"
"2333","TGATGCAGTACAACGG-1_3_1"
"2334","TGATGCAGTGCTAGCC-1_3_1"
"2335","TGATGCAGTTGGCCTG-1_3_1"
"2336","TGATGCATCATGGAGG-1_3_1"
"2337","TGATGCATCGGACTTA-1_3_1"
"2338","TGATGGTAGTCGGGAT-1_3_1"
"2339","TGATGGTCATACACCA-1_3_1"
"2340","TGATGGTTCGGTCGGT-1_3_1"
"2341","TGATTCTAGCATCGAG-1_3_1"
"2342","TGATTCTGTACATTGC-1_3_1"
"2343","TGATTTCGTACGCGTC-1_3_1"
"2344","TGCACGGCATGAGAAT-1_3_1"
"2345","TGCACGGTCCGTAGTA-1_3_1"
"2346","TGCAGATAGTAGACAT-1_3_1"
"2347","TGCAGATCATTGAAAG-1_3_1"
"2348","TGCAGGCCAGGTCAGA-1_3_1"
"2349","TGCAGGCTCTTTCCGG-1_3_1"
"2350","TGCAGTAAGGCAGGTT-1_3_1"
"2351","TGCAGTACACGATTCA-1_3_1"
"2352","TGCAGTAGTCGCGGTT-1_3_1"
"2353","TGCAGTATCGAAGGAC-1_3_1"
"2354","TGCAGTATCTGTGCTC-1_3_1"
"2355","TGCATCCAGACTTCAC-1_3_1"
"2356","TGCATCCTCTCCATAT-1_3_1"
"2357","TGCATGAAGCTCAGAG-1_3_1"
"2358","TGCATGAGTAGCACAG-1_3_1"
"2359","TGCATGAGTCGAGTTT-1_3_1"
"2360","TGCCGAGAGCATTGAA-1_3_1"
"2361","TGCCGAGAGTGGTTCT-1_3_1"
"2362","TGCCGAGCACTTGGCG-1_3_1"
"2363","TGCCGAGGTTGGAGGT-1_3_1"
"2364","TGCGACGGTTGGTACT-1_3_1"
"2365","TGCGACGTCGACACCG-1_3_1"
"2366","TGCGATAAGAAAGCGA-1_3_1"
"2367","TGCGATAAGCACTGGA-1_3_1"
"2368","TGCGATAGTAACGGTG-1_3_1"
"2369","TGCGGCACAGCTGGTC-1_3_1"
"2370","TGCGGCATCGTGCACG-1_3_1"
"2371","TGCGGCATCTCATTAC-1_3_1"
"2372","TGCGGGTAGTACCATC-1_3_1"
"2373","TGCGGGTGTTTCGTAG-1_3_1"
"2374","TGCTCCAAGAAACTCA-1_3_1"
"2375","TGCTCCAAGCCAGTAG-1_3_1"
"2376","TGCTCCAAGGATTTAG-1_3_1"
"2377","TGCTCCAGTACCTATG-1_3_1"
"2378","TGCTCCAGTCTGTCAA-1_3_1"
"2379","TGCTCCATCCGAAGGA-1_3_1"
"2380","TGCTCCATCGACCATA-1_3_1"
"2381","TGCTCGTAGAGTGACC-1_3_1"
"2382","TGCTCGTGTACGTACT-1_3_1"
"2383","TGCTCGTGTCTGCATA-1_3_1"
"2384","TGCTGAACACATCATG-1_3_1"
"2385","TGCTGAACAGCGCGTT-1_3_1"
"2386","TGCTGAAGTCGTGGAA-1_3_1"
"2387","TGCTGAAGTTGAAGTA-1_3_1"
"2388","TGCTGAATCAGCTAGT-1_3_1"
"2389","TGCTGAATCGCCACTT-1_3_1"
"2390","TGCTGAATCTCCTGAC-1_3_1"
"2391","TGCTTCGAGACCGTTT-1_3_1"
"2392","TGCTTCGAGCCAGTAG-1_3_1"
"2393","TGCTTCGTCAGGAACG-1_3_1"
"2394","TGCTTGCGTTCCCAAA-1_3_1"
"2395","TGCTTGCTCATCGCTC-1_3_1"
"2396","TGGAACTAGTGTTCCA-1_3_1"
"2397","TGGAGAGTCAAACCCA-1_3_1"
"2398","TGGAGGAAGACTTCGT-1_3_1"
"2399","TGGAGGACATTGAAGA-1_3_1"
"2400","TGGATCACAGTGAGCA-1_3_1"
"2401","TGGATGTAGGAAAGAC-1_3_1"
"2402","TGGATGTGTTCAGTAC-1_3_1"
"2403","TGGATGTTCGCGATCG-1_3_1"
"2404","TGGATGTTCTCAGAAC-1_3_1"
"2405","TGGCGTGAGATACGAT-1_3_1"
"2406","TGGCGTGGTTGCGGAA-1_3_1"
"2407","TGGGAAGAGCCTTTGA-1_3_1"
"2408","TGGGAAGCACGCGTCA-1_3_1"
"2409","TGGGAAGCAGCGTGCT-1_3_1"
"2410","TGGGAAGGTCGGCCTA-1_3_1"
"2411","TGGGAAGTCCTTTAGT-1_3_1"
"2412","TGGGAGAGTGGCTACC-1_3_1"
"2413","TGGGATTAGACGGTTG-1_3_1"
"2414","TGGGCGTCATGCAGCC-1_3_1"
"2415","TGGGCTGGTCGCATTA-1_3_1"
"2416","TGGGCTGGTGACAGCA-1_3_1"
"2417","TGGGCTGTCACGTCCT-1_3_1"
"2418","TGGGCTGTCGAGAATA-1_3_1"
"2419","TGGGTTAAGTCCTGTA-1_3_1"
"2420","TGGGTTAAGTGGAATT-1_3_1"
"2421","TGGGTTACATCTGCGG-1_3_1"
"2422","TGGGTTATCACGTAGT-1_3_1"
"2423","TGGGTTATCCGAAATC-1_3_1"
"2424","TGGGTTATCTACCAGA-1_3_1"
"2425","TGGTACAAGGCCTTGC-1_3_1"
"2426","TGGTACAGTACGACAG-1_3_1"
"2427","TGGTACAGTCCTCATC-1_3_1"
"2428","TGGTACAGTCTCAAGT-1_3_1"
"2429","TGGTACATCAATCGGT-1_3_1"
"2430","TGGTAGTAGATTGAGT-1_3_1"
"2431","TGGTAGTGTGATGAAT-1_3_1"
"2432","TGGTAGTTCTGGTTGA-1_3_1"
"2433","TGGTGATCACGGCTAC-1_3_1"
"2434","TGGTGATCAGACATCT-1_3_1"
"2435","TGGTGATCATCGAGCC-1_3_1"
"2436","TGGTGATGTCCTACGG-1_3_1"
"2437","TGGTTAGAGCCGTAAG-1_3_1"
"2438","TGGTTAGAGGTACATA-1_3_1"
"2439","TGGTTAGCAGCGCGTT-1_3_1"
"2440","TGTAACGCACGGCACT-1_3_1"
"2441","TGTAAGCTCATCTGTT-1_3_1"
"2442","TGTAAGCTCCACTTTA-1_3_1"
"2443","TGTAAGCTCTTAGCAG-1_3_1"
"2444","TGTACAGAGCACAAAT-1_3_1"
"2445","TGTACAGTCTCGCTTG-1_3_1"
"2446","TGTAGACAGATAGTCA-1_3_1"
"2447","TGTAGACCAAAGCTCT-1_3_1"
"2448","TGTAGACCAAGTTGGG-1_3_1"
"2449","TGTAGACGTGACACAG-1_3_1"
"2450","TGTAGACTCCTAAACG-1_3_1"
"2451","TGTAGACTCGATAACC-1_3_1"
"2452","TGTAGACTCGCAAGAG-1_3_1"
"2453","TGTAGACTCGCTTTAT-1_3_1"
"2454","TGTCAGAAGGGTCACA-1_3_1"
"2455","TGTCAGAGTAGGCAGT-1_3_1"
"2456","TGTCAGAGTTTCTATC-1_3_1"
"2457","TGTCAGATCCTAAACG-1_3_1"
"2458","TGTCCACGTATGGGAC-1_3_1"
"2459","TGTCCCAGTACTCGCG-1_3_1"
"2460","TGTCCTGGTAACCCGC-1_3_1"
"2461","TGTCCTGTCGCAGTTA-1_3_1"
"2462","TGTGAGTAGAATTGCA-1_3_1"
"2463","TGTGAGTAGCGCCTAC-1_3_1"
"2464","TGTGAGTCATATCGGT-1_3_1"
"2465","TGTGAGTGTTACGATC-1_3_1"
"2466","TGTGATGGTATCGTGT-1_3_1"
"2467","TGTGATGTCCATCTCG-1_3_1"
"2468","TGTGCGGGTAGCGATG-1_3_1"
"2469","TGTGCGGGTATCGCTA-1_3_1"
"2470","TGTGCGGGTCGAGTGA-1_3_1"
"2471","TGTGCGGGTCGTATTG-1_3_1"
"2472","TGTGCGGTCTCGTTTA-1_3_1"
"2473","TGTGGCGGTAATCAGA-1_3_1"
"2474","TGTGGCGTCATTCGGA-1_3_1"
"2475","TGTGTGAAGAGCTGCA-1_3_1"
"2476","TGTGTGAAGCGCGTTC-1_3_1"
"2477","TGTGTGACAGGTCCCA-1_3_1"
"2478","TGTGTGATCTCTCTAA-1_3_1"
"2479","TGTTACTAGCATGTTC-1_3_1"
"2480","TGTTACTGTACTCGCG-1_3_1"
"2481","TGTTCATAGATGCTGG-1_3_1"
"2482","TGTTCATAGCCTTTGA-1_3_1"
"2483","TGTTCATCACTGTGAT-1_3_1"
"2484","TGTTCCGCAAGCGAGT-1_3_1"
"2485","TGTTCCGGTACGATTC-1_3_1"
"2486","TGTTCCGGTAGAAACT-1_3_1"
"2487","TGTTCCGTCTCTCCGA-1_3_1"
"2488","TGTTCTACAACTTGGT-1_3_1"
"2489","TGTTCTACAAGAGGCT-1_3_1"
"2490","TGTTCTACACCTTCCA-1_3_1"
"2491","TGTTCTAGTATTGGCT-1_3_1"
"2492","TGTTCTATCAAGATAG-1_3_1"
"2493","TGTTCTATCTATACGG-1_3_1"
"2494","TGTTGAGAGAAACCAT-1_3_1"
"2495","TGTTGGAAGCAGCACA-1_3_1"
"2496","TGTTGGAAGCAGTCTT-1_3_1"
"2497","TGTTGGAAGCCTGCCA-1_3_1"
"2498","TGTTGGATCGGCAGTC-1_3_1"
"2499","TGTTTGTAGAAGTCAT-1_3_1"
"2500","TGTTTGTAGTCATGGG-1_3_1"
"2501","TGTTTGTAGTTCACTG-1_3_1"
"2502","TGTTTGTCAGACAAAT-1_3_1"
"2503","TTAATCCAGCACTAAA-1_3_1"
"2504","TTAATCCCATGGTACT-1_3_1"
"2505","TTAATCCGTAAGCGGT-1_3_1"
"2506","TTACAGGCACAATGAA-1_3_1"
"2507","TTACAGGCATATCTGG-1_3_1"
"2508","TTACAGGGTTACGATC-1_3_1"
"2509","TTACAGGTCTGCTGAA-1_3_1"
"2510","TTACCATAGACTGTTC-1_3_1"
"2511","TTACCATAGAGCATTA-1_3_1"
"2512","TTACCATCAAACCATC-1_3_1"
"2513","TTACCATTCGATACGT-1_3_1"
"2514","TTACCGCAGGAACGCT-1_3_1"
"2515","TTACCGCTCACTTGGA-1_3_1"
"2516","TTACCGCTCGCAGATT-1_3_1"
"2517","TTACGCCGTACAAGTA-1_3_1"
"2518","TTACGCCGTATAGCTC-1_3_1"
"2519","TTACGTTAGAATCCCT-1_3_1"
"2520","TTACGTTAGGCGTTAG-1_3_1"
"2521","TTACGTTCACCATTCC-1_3_1"
"2522","TTACGTTCACTGTCCT-1_3_1"
"2523","TTACGTTTCGTTCATT-1_3_1"
"2524","TTACTGTAGGTCCGAA-1_3_1"
"2525","TTACTGTAGTTTGGCT-1_3_1"
"2526","TTAGGCACAGAGTAAT-1_3_1"
"2527","TTAGGCACATGACTTG-1_3_1"
"2528","TTAGGGTAGAGTGTTA-1_3_1"
"2529","TTAGGGTAGTACTGTC-1_3_1"
"2530","TTAGGGTAGTCGAAGC-1_3_1"
"2531","TTAGGGTGTATCATGC-1_3_1"
"2532","TTAGTCTAGGAACGTC-1_3_1"
"2533","TTAGTCTGTCAACCAT-1_3_1"
"2534","TTAGTCTTCGAGAGAC-1_3_1"
"2535","TTAGTCTTCGCCGTGA-1_3_1"
"2536","TTATTGCCACATTCTT-1_3_1"
"2537","TTATTGCTCGGCTGTG-1_3_1"
"2538","TTATTGCTCGTTCTGC-1_3_1"
"2539","TTCAATCCAGGGCTTC-1_3_1"
"2540","TTCAATCCAGTGACCC-1_3_1"
"2541","TTCAATCGTTGGAGGT-1_3_1"
"2542","TTCAATCTCACAAGAA-1_3_1"
"2543","TTCACCGCAAGGTACG-1_3_1"
"2544","TTCACCGGTACCGGAA-1_3_1"
"2545","TTCACCGTCCGAGTGC-1_3_1"
"2546","TTCACGCAGAAATTGC-1_3_1"
"2547","TTCACGCAGCATGCAG-1_3_1"
"2548","TTCAGGAAGCCTGTCG-1_3_1"
"2549","TTCAGGAAGCGTTCCG-1_3_1"
"2550","TTCATGTCATCTGGGC-1_3_1"
"2551","TTCATGTTCTTACGGA-1_3_1"
"2552","TTCATTGGTCTGTCCT-1_3_1"
"2553","TTCCAATAGACTTCGT-1_3_1"
"2554","TTCCAATCACTTCAGA-1_3_1"
"2555","TTCCAATGTCGTGATT-1_3_1"
"2556","TTCCAATGTGCAGGAT-1_3_1"
"2557","TTCCAATTCACATCAG-1_3_1"
"2558","TTCCAATTCAGCGTCG-1_3_1"
"2559","TTCCAATTCATCTACT-1_3_1"
"2560","TTCCAATTCCCGAGAC-1_3_1"
"2561","TTCCACGCAACAACAA-1_3_1"
"2562","TTCCACGGTTCGCGTG-1_3_1"
"2563","TTCCGGTGTCGGCCTA-1_3_1"
"2564","TTCCGTGAGTAGCCAG-1_3_1"
"2565","TTCCGTGCACCCTTAC-1_3_1"
"2566","TTCCGTGCAGTCCCGA-1_3_1"
"2567","TTCCGTGGTTTCGTTT-1_3_1"
"2568","TTCCGTGTCGAAGCAG-1_3_1"
"2569","TTCCGTGTCTGGGCGT-1_3_1"
"2570","TTCCGTGTCTGTGCGG-1_3_1"
"2571","TTCCTAAAGCTAAACA-1_3_1"
"2572","TTCCTAAAGTTGGCTT-1_3_1"
"2573","TTCCTAACATACAGAA-1_3_1"
"2574","TTCCTAAGTGGAACAC-1_3_1"
"2575","TTCCTCTAGTTCCTGA-1_3_1"
"2576","TTCCTCTGTCTAACTG-1_3_1"
"2577","TTCCTTCTCTGGCTGG-1_3_1"
"2578","TTCGATTCAGCCTTCT-1_3_1"
"2579","TTCGATTGTATGAGGC-1_3_1"
"2580","TTCGATTGTGGATGAC-1_3_1"
"2581","TTCGCTGCAAAGGTTA-1_3_1"
"2582","TTCGCTGCAAATGAGT-1_3_1"
"2583","TTCGCTGGTCAGTCCG-1_3_1"
"2584","TTCGGTCAGAGAGGTA-1_3_1"
"2585","TTCGGTCGTGCTTCAA-1_3_1"
"2586","TTCGGTCTCAGTGGGA-1_3_1"
"2587","TTCTAACAGGCGCTCT-1_3_1"
"2588","TTCTAACAGTCGGGAT-1_3_1"
"2589","TTCTAACCACGGGTAA-1_3_1"
"2590","TTCTAACGTACGATGG-1_3_1"
"2591","TTCTCTCTCTCGACGG-1_3_1"
"2592","TTCTGTAAGGCTAGCA-1_3_1"
"2593","TTCTGTATCACTCTTA-1_3_1"
"2594","TTCTTCCAGTTGGAGC-1_3_1"
"2595","TTCTTCCGTCTCACGG-1_3_1"
"2596","TTCTTCCGTTCGAGCC-1_3_1"
"2597","TTCTTCCGTTGCATTG-1_3_1"
"2598","TTCTTGAAGGTAGCAC-1_3_1"
"2599","TTCTTGACATCCGGTG-1_3_1"
"2600","TTCTTGAGTAGACAAT-1_3_1"
"2601","TTCTTGATCTGAACGT-1_3_1"
"2602","TTGAACGAGAGGTTAT-1_3_1"
"2603","TTGAACGAGCCATCCG-1_3_1"
"2604","TTGAACGAGCGCACAA-1_3_1"
"2605","TTGAACGTCGCTTGCT-1_3_1"
"2606","TTGACCCAGAAATTCG-1_3_1"
"2607","TTGACCCAGTATTGCC-1_3_1"
"2608","TTGACCCCATGAAGGC-1_3_1"
"2609","TTGACCCGTCTTGAGT-1_3_1"
"2610","TTGACCCTCACCTTAT-1_3_1"
"2611","TTGACCCTCAGAACCT-1_3_1"
"2612","TTGAGTGCATCGCCTT-1_3_1"
"2613","TTGAGTGGTTCTCAGA-1_3_1"
"2614","TTGAGTGTCTCACTCG-1_3_1"
"2615","TTGATGGTCGGTAAGG-1_3_1"
"2616","TTGCATTAGGCATGGT-1_3_1"
"2617","TTGCATTAGGGTACGT-1_3_1"
"2618","TTGCATTGTCGCCTAG-1_3_1"
"2619","TTGCGTCAGGCCTGCT-1_3_1"
"2620","TTGCTGCCAGCACGAA-1_3_1"
"2621","TTGCTGCGTCTCCTGT-1_3_1"
"2622","TTGCTGCTCGTAGAGG-1_3_1"
"2623","TTGCTGCTCTGTCAGA-1_3_1"
"2624","TTGGATGTCGAGCACC-1_3_1"
"2625","TTGGATGTCTCGGGAC-1_3_1"
"2626","TTGGGCGAGAAGCGGG-1_3_1"
"2627","TTGGGCGGTAAGATTG-1_3_1"
"2628","TTGGGCGGTATGAGCG-1_3_1"
"2629","TTGGGCGGTCCTTAAG-1_3_1"
"2630","TTGGGCGTCATACAGC-1_3_1"
"2631","TTGGGTACATGTACGT-1_3_1"
"2632","TTGGTTTGTTCGGCCA-1_3_1"
"2633","TTGGTTTTCGCCAGAC-1_3_1"
"2634","TTGGTTTTCTTGGTGA-1_3_1"
"2635","TTGTGGAAGTGCGACA-1_3_1"
"2636","TTGTGGATCTTCCAGC-1_3_1"
"2637","TTGTGTTAGCGCCTCA-1_3_1"
"2638","TTGTGTTAGTAAACAC-1_3_1"
"2639","TTGTTCAAGCGCTTCG-1_3_1"
"2640","TTGTTCAAGTCATTGC-1_3_1"
"2641","TTGTTCAGTCTTCATT-1_3_1"
"2642","TTGTTCAGTGGCGCTT-1_3_1"
"2643","TTGTTGTGTGTGTTTG-1_3_1"
"2644","TTGTTGTGTTCCTAAG-1_3_1"
"2645","TTGTTTGGTGACTGAG-1_3_1"
"2646","TTGTTTGTCTCGACCT-1_3_1"
"2647","TTTACCAAGAAGTCCG-1_3_1"
"2648","TTTACCAAGATGCGAC-1_3_1"
"2649","TTTACCAGTCTCGACG-1_3_1"
"2650","TTTACCAGTGCATACT-1_3_1"
"2651","TTTACCAGTTTACCAG-1_3_1"
"2652","TTTACCATCCATCGTC-1_3_1"
"2653","TTTACGTCAAGCTCTA-1_3_1"
"2654","TTTACGTGTGACCGAA-1_3_1"
"2655","TTTACGTTCCACCTCA-1_3_1"
"2656","TTTACGTTCTTTCAGT-1_3_1"
"2657","TTTACTGAGACACACG-1_3_1"
"2658","TTTACTGGTAACACGG-1_3_1"
"2659","TTTACTGTCCACAAGT-1_3_1"
"2660","TTTAGTCTCGCTAGCG-1_3_1"
"2661","TTTATGCTCAAAGGTA-1_3_1"
"2662","TTTATGCTCTCCAAGA-1_3_1"
"2663","TTTCACAGTGAGCCAA-1_3_1"
"2664","TTTCAGTTCGGAATTC-1_3_1"
"2665","TTTCATGTCCATCCGT-1_3_1"
"2666","TTTCATGTCTGTACAG-1_3_1"
"2667","TTTCCTCAGTCATGGG-1_3_1"
"2668","TTTCCTCCATCGATGT-1_3_1"
"2669","TTTCCTCGTACCCACG-1_3_1"
"2670","TTTCCTCTCGCCGAAC-1_3_1"
"2671","TTTCGATCAGTCGAGA-1_3_1"
"2672","TTTCGATTCATACAGC-1_3_1"
"2673","TTTCGATTCTCAGGCG-1_3_1"
"2674","TTTGACTAGCTATCTG-1_3_1"
"2675","TTTGACTAGCTGAAGC-1_3_1"
"2676","TTTGACTCAAAGGATT-1_3_1"
"2677","TTTGACTCATCGCTCT-1_3_1"
"2678","TTTGACTTCATGCCCT-1_3_1"
"2679","TTTGATCCAACCGTAT-1_3_1"
"2680","TTTGATCGTGACTAAA-1_3_1"
"2681","TTTGATCTCCTTGAAG-1_3_1"
"2682","TTTGGTTAGTTGCTGT-1_3_1"
"2683","TTTGGTTTCAAGTCTG-1_3_1"
"2684","TTTGGTTTCAGACCTA-1_3_1"
"2685","TTTGGTTTCTGGAGAG-1_3_1"
"2686","TTTGTTGAGCCAGACA-1_3_1"
"2687","TTTGTTGAGTTCCATG-1_3_1"
"2688","TTTGTTGGTGGTTCTA-1_3_1"
"2689","TTTGTTGTCATCCCGT-1_3_1"
