"","x"
"1","AAACCCAAGCCTAACT-1_1_1"
"2","AAACCCACACCTCTGT-1_1_1"
"3","AAACCCATCGTTAGAC-1_1_1"
"4","AAACGAAGTAATCAGA-1_1_1"
"5","AAACGAATCGACGTCG-1_1_1"
"6","AAACGAATCGGTAACT-1_1_1"
"7","AAACGCTCAATTGAGA-1_1_1"
"8","AAACGCTGTATCTCTT-1_1_1"
"9","AAAGAACGTACAGAAT-1_1_1"
"10","AAAGAACTCTCCGATC-1_1_1"
"11","AAAGGATAGACAACTA-1_1_1"
"12","AAAGGATTCCAGTGCG-1_1_1"
"13","AAAGGATTCCATGAGT-1_1_1"
"14","AAAGGGCCATACCATG-1_1_1"
"15","AAAGGGCGTTCTCCCA-1_1_1"
"16","AAAGGGCTCGAAATCC-1_1_1"
"17","AAAGGTAAGGGTGGGA-1_1_1"
"18","AAAGGTAGTGACCTGC-1_1_1"
"19","AAAGGTATCATAAGGA-1_1_1"
"20","AAAGTCCCAACTCGAT-1_1_1"
"21","AAAGTCCCACACGCCA-1_1_1"
"22","AAAGTCCGTATTTCGG-1_1_1"
"23","AAAGTCCTCCAAAGGG-1_1_1"
"24","AAAGTGAGTCCAGCAC-1_1_1"
"25","AAAGTGAGTTCGGCGT-1_1_1"
"26","AAATGGACATCGAACT-1_1_1"
"27","AAATGGATCCGTCAAA-1_1_1"
"28","AACAAAGTCTGAGATC-1_1_1"
"29","AACAACCGTCCAGGTC-1_1_1"
"30","AACAACCTCTCTATGT-1_1_1"
"31","AACACACAGGATCATA-1_1_1"
"32","AACACACCAAATTGGA-1_1_1"
"33","AACACACCAAGAGGCT-1_1_1"
"34","AACACACGTACTCCCT-1_1_1"
"35","AACACACGTCTACACA-1_1_1"
"36","AACACACTCAGACATC-1_1_1"
"37","AACAGGGAGAAGCTGC-1_1_1"
"38","AACAGGGTCAGCTAGT-1_1_1"
"39","AACAGGGTCTACTGCC-1_1_1"
"40","AACCAACCAAGTGGGT-1_1_1"
"41","AACCAACTCTACTTCA-1_1_1"
"42","AACCACAGTTCTTAGG-1_1_1"
"43","AACCATGGTATCCTCC-1_1_1"
"44","AACCCAAAGCCTTTCC-1_1_1"
"45","AACCCAAGTAACACCT-1_1_1"
"46","AACCCAATCGCAGAGA-1_1_1"
"47","AACCCAATCTAGACCA-1_1_1"
"48","AACCTGAGTCGACTGC-1_1_1"
"49","AACCTGAGTTTCGACA-1_1_1"
"50","AACCTGATCATGGGAG-1_1_1"
"51","AACCTTTAGGACTGGT-1_1_1"
"52","AACCTTTAGTCCCAAT-1_1_1"
"53","AACGAAAAGGTTGCCC-1_1_1"
"54","AACGGGAAGATGGTCG-1_1_1"
"55","AACGGGACATGAATCC-1_1_1"
"56","AACGTCACAGCGAGTA-1_1_1"
"57","AACGTCATCGAATCCA-1_1_1"
"58","AACTTCTAGCGGATCA-1_1_1"
"59","AACTTCTGTCACTCAA-1_1_1"
"60","AAGAACAAGGACGGAG-1_1_1"
"61","AAGAACAGTAGCTGCC-1_1_1"
"62","AAGAACATCTGCACCT-1_1_1"
"63","AAGACAAAGACGGTTG-1_1_1"
"64","AAGACAAAGCCGTAAG-1_1_1"
"65","AAGACAAGTTACCCTC-1_1_1"
"66","AAGATAGAGCATGTTC-1_1_1"
"67","AAGATAGAGCCGTTAT-1_1_1"
"68","AAGATAGAGTTGCCCG-1_1_1"
"69","AAGATAGCATGTGCTA-1_1_1"
"70","AAGATAGGTGCCCAGT-1_1_1"
"71","AAGATAGTCGTGACTA-1_1_1"
"72","AAGATAGTCTGGCCTT-1_1_1"
"73","AAGCATCAGATGGTAT-1_1_1"
"74","AAGCATCGTAGCTTAC-1_1_1"
"75","AAGCATCTCTCTTGCG-1_1_1"
"76","AAGCCATCACAACGAG-1_1_1"
"77","AAGCCATTCCCGATCT-1_1_1"
"78","AAGCCATTCGTGCACG-1_1_1"
"79","AAGCGAGCACATTACG-1_1_1"
"80","AAGCGTTGTAGTAAGT-1_1_1"
"81","AAGCGTTGTGTACATC-1_1_1"
"82","AAGCGTTTCCCACAGG-1_1_1"
"83","AAGGTAACAGCTGAGA-1_1_1"
"84","AAGTCGTCATATCTGG-1_1_1"
"85","AAGTCGTTCGTCAACA-1_1_1"
"86","AAGTGAAAGGAACGAA-1_1_1"
"87","AAGTTCGCACCGTCGA-1_1_1"
"88","AAGTTCGGTACAATAG-1_1_1"
"89","AAGTTCGGTCTGTCAA-1_1_1"
"90","AAGTTCGGTCTGTGTA-1_1_1"
"91","AATAGAGAGAAGTCAT-1_1_1"
"92","AATAGAGGTCGCGTCA-1_1_1"
"93","AATAGAGTCCGTTGGG-1_1_1"
"94","AATCACGAGGGAGGGT-1_1_1"
"95","AATCACGCAGCACGAA-1_1_1"
"96","AATCGACAGACACACG-1_1_1"
"97","AATCGACTCCGTCACT-1_1_1"
"98","AATCGACTCGTTGTAG-1_1_1"
"99","AATCGTGAGCGGTAAC-1_1_1"
"100","AATCGTGCATGGCACC-1_1_1"
"101","AATGCCACAACGGCCT-1_1_1"
"102","AATGCCACACGGTGTC-1_1_1"
"103","AATGCCACAGAACGCA-1_1_1"
"104","AATGCCACATATTCGG-1_1_1"
"105","AATGCCAGTCCTACAA-1_1_1"
"106","AATGCCATCAGGCGAA-1_1_1"
"107","AATGGAAAGGGTTAAT-1_1_1"
"108","AATGGCTAGTAAGACT-1_1_1"
"109","AATGGCTTCATAGAGA-1_1_1"
"110","AATTCCTAGTCCGCGT-1_1_1"
"111","AATTCCTCAGTAACAA-1_1_1"
"112","AATTCCTGTGAATATG-1_1_1"
"113","AATTCCTTCCGTGTCT-1_1_1"
"114","AATTCCTTCGTTCTCG-1_1_1"
"115","AATTCCTTCTCTATAC-1_1_1"
"116","AATTTCCCATATGAAG-1_1_1"
"117","AATTTCCGTTACCCTC-1_1_1"
"118","AATTTCCGTTCTAAGC-1_1_1"
"119","ACAAAGATCCTCTAAT-1_1_1"
"120","ACAACCAGTACAGAGC-1_1_1"
"121","ACAACCAGTGTACAGG-1_1_1"
"122","ACAACCAGTTTCGACA-1_1_1"
"123","ACAAGCTGTCAACCTA-1_1_1"
"124","ACAAGCTGTTTCTATC-1_1_1"
"125","ACACAGTAGATCACCT-1_1_1"
"126","ACACAGTAGTAACCTC-1_1_1"
"127","ACACAGTTCCTCACGT-1_1_1"
"128","ACACAGTTCGATTGGT-1_1_1"
"129","ACACCAAAGCCTCACG-1_1_1"
"130","ACACCAAGTTATGTCG-1_1_1"
"131","ACACCAAGTTTGATCG-1_1_1"
"132","ACACGCGAGTTCAACC-1_1_1"
"133","ACACTGACAAACGTGG-1_1_1"
"134","ACACTGACATCGCCTT-1_1_1"
"135","ACACTGATCGCAGTGC-1_1_1"
"136","ACAGAAAAGCGAGGAG-1_1_1"
"137","ACAGAAACATTCTGTT-1_1_1"
"138","ACAGAAAGTGATGTAA-1_1_1"
"139","ACAGCCGCACATAGCT-1_1_1"
"140","ACAGCCGGTCTCCTGT-1_1_1"
"141","ACAGCCGGTGAATTAG-1_1_1"
"142","ACAGCCGGTTCCGTTC-1_1_1"
"143","ACAGGGACAGGGATAC-1_1_1"
"144","ACAGGGATCGGAGTGA-1_1_1"
"145","ACATCCCAGTGACCTT-1_1_1"
"146","ACATCCCCACAAGCAG-1_1_1"
"147","ACATCGAGTCGGTGTC-1_1_1"
"148","ACATGCAAGGGCCCTT-1_1_1"
"149","ACATTTCAGGTAAGAG-1_1_1"
"150","ACATTTCTCCCGATCT-1_1_1"
"151","ACCAACAGTGGACTAG-1_1_1"
"152","ACCATTTAGTCACGAG-1_1_1"
"153","ACCATTTCAACCGGAA-1_1_1"
"154","ACCATTTGTAACATAG-1_1_1"
"155","ACCCAAAAGAGCAGTC-1_1_1"
"156","ACCCAAAAGCATGCAG-1_1_1"
"157","ACCCAAAGTCGGTACC-1_1_1"
"158","ACCCTCAAGGTACCTT-1_1_1"
"159","ACCCTCATCACTGGGC-1_1_1"
"160","ACCCTTGAGTAACAGT-1_1_1"
"161","ACCCTTGGTGCTGTCG-1_1_1"
"162","ACCGTTCAGTGGTGGT-1_1_1"
"163","ACCGTTCAGTTACGTC-1_1_1"
"164","ACCGTTCCAGAGCCCT-1_1_1"
"165","ACCGTTCGTGGACTAG-1_1_1"
"166","ACCGTTCTCAATGTCG-1_1_1"
"167","ACCTGAACAATTGCGT-1_1_1"
"168","ACCTGAAGTTTGATCG-1_1_1"
"169","ACCTGTCCAGACAAAT-1_1_1"
"170","ACCTGTCGTTCCGCTT-1_1_1"
"171","ACGATCAAGGGCTTCC-1_1_1"
"172","ACGATCATCGTCGATA-1_1_1"
"173","ACGATGTTCCTCTTTC-1_1_1"
"174","ACGGAAGAGAAGCGGG-1_1_1"
"175","ACGGAAGGTTATAGCC-1_1_1"
"176","ACGGAAGGTTTATGCG-1_1_1"
"177","ACGGTCGAGTGGATAT-1_1_1"
"178","ACGGTCGTCCCGAAAT-1_1_1"
"179","ACGGTCGTCTGCCCTA-1_1_1"
"180","ACGGTTACATCGATAC-1_1_1"
"181","ACGTACAGTGTCGCTG-1_1_1"
"182","ACGTACATCGATACAC-1_1_1"
"183","ACGTAGTGTGCGTCGT-1_1_1"
"184","ACGTCCTAGGCCACCT-1_1_1"
"185","ACGTCCTCAAGCCATT-1_1_1"
"186","ACGTCCTCACTCCGGA-1_1_1"
"187","ACGTTCCAGCTGGAGT-1_1_1"
"188","ACGTTCCCAATGCAGG-1_1_1"
"189","ACGTTCCTCATGACAC-1_1_1"
"190","ACTACGAAGTGATGGC-1_1_1"
"191","ACTACGACAGGTACGA-1_1_1"
"192","ACTACGATCTCTGCCA-1_1_1"
"193","ACTATCTCAGCATGCC-1_1_1"
"194","ACTATCTCAGTCTCTC-1_1_1"
"195","ACTATCTGTGTGAATA-1_1_1"
"196","ACTATGGCACGAGGTA-1_1_1"
"197","ACTATTCAGTGAATAC-1_1_1"
"198","ACTATTCCAATCGAAA-1_1_1"
"199","ACTCTCGAGTATGCAA-1_1_1"
"200","ACTGATGCAACAGCTT-1_1_1"
"201","ACTGATGCATCCGATA-1_1_1"
"202","ACTGCAACAAAGAGTT-1_1_1"
"203","ACTGCAACAAGAAACT-1_1_1"
"204","ACTGCAAGTATTTCCT-1_1_1"
"205","ACTGCAAGTTCTCCCA-1_1_1"
"206","ACTGTCCAGCTAAGTA-1_1_1"
"207","ACTGTCCAGCTACAAA-1_1_1"
"208","ACTGTCCCAAATACGA-1_1_1"
"209","ACTGTCCCAGGACTTT-1_1_1"
"210","ACTGTCCTCATGACAC-1_1_1"
"211","ACTGTGAAGACGCCCT-1_1_1"
"212","ACTGTGACATCCGTGG-1_1_1"
"213","ACTGTGAGTACCTTCC-1_1_1"
"214","ACTTAGGCATCATTTC-1_1_1"
"215","ACTTAGGGTTAAGACA-1_1_1"
"216","ACTTAGGTCAACTCTT-1_1_1"
"217","ACTTATCAGAATTGTG-1_1_1"
"218","ACTTATCCAGGCGATA-1_1_1"
"219","ACTTCCGGTACAAGCG-1_1_1"
"220","ACTTCCGGTCACTGAT-1_1_1"
"221","ACTTCCGGTTCCTACC-1_1_1"
"222","ACTTCCGGTTTACCAG-1_1_1"
"223","ACTTCCGTCAGTGATC-1_1_1"
"224","ACTTCGCAGGAGGCAG-1_1_1"
"225","ACTTCGCCAAAGGATT-1_1_1"
"226","ACTTCGCGTAAGATAC-1_1_1"
"227","ACTTTCACAGGGACTA-1_1_1"
"228","ACTTTGTAGGTGTGAC-1_1_1"
"229","ACTTTGTCATATGGCT-1_1_1"
"230","ACTTTGTGTCGAAACG-1_1_1"
"231","ACTTTGTGTGCTTATG-1_1_1"
"232","AGAAATGAGCCGTCGT-1_1_1"
"233","AGAAATGAGCGCTGAA-1_1_1"
"234","AGAAATGCAGCCCAGT-1_1_1"
"235","AGAAATGGTACGACTT-1_1_1"
"236","AGAAATGTCCATTTCA-1_1_1"
"237","AGAACAACACGTCGTG-1_1_1"
"238","AGAACAAGTATGCGGA-1_1_1"
"239","AGAACAATCCCGAAAT-1_1_1"
"240","AGAACAATCGATTTCT-1_1_1"
"241","AGAACCTAGACAAGCC-1_1_1"
"242","AGAACCTAGGCACTCC-1_1_1"
"243","AGAACCTAGGCGAAGG-1_1_1"
"244","AGAAGCGAGTATAGAC-1_1_1"
"245","AGAAGCGCACCCTAAA-1_1_1"
"246","AGAAGCGCAGACGGAT-1_1_1"
"247","AGACACTAGAGCAGCT-1_1_1"
"248","AGACACTGTATACCCA-1_1_1"
"249","AGACACTGTTTCGTAG-1_1_1"
"250","AGACAGGCAGCGTGCT-1_1_1"
"251","AGACAGGGTTTGCCGG-1_1_1"
"252","AGACCATCAAAGCACG-1_1_1"
"253","AGACCATCACAACGTT-1_1_1"
"254","AGACCATGTTCCGCAG-1_1_1"
"255","AGACCCGTCCGACATA-1_1_1"
"256","AGACCCGTCGTCCTCA-1_1_1"
"257","AGACTCAGTATCGTAC-1_1_1"
"258","AGAGAATCATGGGTTT-1_1_1"
"259","AGAGAATGTCCTATAG-1_1_1"
"260","AGAGAATGTCTTACTT-1_1_1"
"261","AGAGAGCCATGAGATA-1_1_1"
"262","AGAGAGCTCAGAGTGG-1_1_1"
"263","AGAGCAGAGCATGATA-1_1_1"
"264","AGAGCAGAGCCTCTCT-1_1_1"
"265","AGAGCAGAGTCGAAGC-1_1_1"
"266","AGAGCAGCAATACCCA-1_1_1"
"267","AGAGCCCAGCAAATCA-1_1_1"
"268","AGAGCCCCAAGCTGCC-1_1_1"
"269","AGATAGAAGCAAGTGC-1_1_1"
"270","AGATAGATCACTCCGT-1_1_1"
"271","AGATAGATCCGTGGTG-1_1_1"
"272","AGATCCAGTACTAACC-1_1_1"
"273","AGATGAAAGGATACAT-1_1_1"
"274","AGATGAAAGTATTCCG-1_1_1"
"275","AGATGAACAAATGCGG-1_1_1"
"276","AGATGAACATAATCGC-1_1_1"
"277","AGATGAACATTGGGAG-1_1_1"
"278","AGATGCTCATTGGATC-1_1_1"
"279","AGATGCTGTGAACGGT-1_1_1"
"280","AGCATCAAGACCCGCT-1_1_1"
"281","AGCATCACATTCTTCA-1_1_1"
"282","AGCATCAGTGACAGCA-1_1_1"
"283","AGCATCATCTGAACGT-1_1_1"
"284","AGCATCATCTGTGTGA-1_1_1"
"285","AGCCAATTCACGGGAA-1_1_1"
"286","AGCCACGGTGTGCTTA-1_1_1"
"287","AGCCACGTCTGCTGAA-1_1_1"
"288","AGCCAGCAGAGGCGTT-1_1_1"
"289","AGCCAGCAGCTACTAC-1_1_1"
"290","AGCCAGCCACCTTCGT-1_1_1"
"291","AGCCAGCCAGACCTGC-1_1_1"
"292","AGCGATTCAGATACTC-1_1_1"
"293","AGCGATTTCTGGGCAC-1_1_1"
"294","AGCGCCAAGCGGGTTA-1_1_1"
"295","AGCGCCACATAATCGC-1_1_1"
"296","AGCGCCAGTACGACTT-1_1_1"
"297","AGCGCTGGTGCTCCGA-1_1_1"
"298","AGCGTATGTCCTGTCT-1_1_1"
"299","AGCGTATGTTAAAGTG-1_1_1"
"300","AGCGTCGGTAACATGA-1_1_1"
"301","AGCTCAAAGGGTTAGC-1_1_1"
"302","AGCTCAACATGATCTG-1_1_1"
"303","AGCTTCCAGGTAAGAG-1_1_1"
"304","AGCTTCCTCCATGATG-1_1_1"
"305","AGGAAATAGGAATTAC-1_1_1"
"306","AGGAAATCAACAAGTA-1_1_1"
"307","AGGAAATCAGAGGTTG-1_1_1"
"308","AGGAATAAGCAATAGT-1_1_1"
"309","AGGAATAGTCAAGCCC-1_1_1"
"310","AGGACGACATTGCCTC-1_1_1"
"311","AGGACGAGTCGGAAAC-1_1_1"
"312","AGGACGAGTCGTATTG-1_1_1"
"313","AGGACTTAGCTGAAAT-1_1_1"
"314","AGGACTTGTACCAGAG-1_1_1"
"315","AGGACTTTCCAAGCAT-1_1_1"
"316","AGGATCTTCATGCATG-1_1_1"
"317","AGGCATTAGCATCAAA-1_1_1"
"318","AGGCATTTCATTGTGG-1_1_1"
"319","AGGCCACAGAGTTGTA-1_1_1"
"320","AGGCCACAGTGAGCCA-1_1_1"
"321","AGGCCACCACATACTG-1_1_1"
"322","AGGCCACGTGACCGTC-1_1_1"
"323","AGGGAGTAGCTCACTA-1_1_1"
"324","AGGGAGTGTATCTTCT-1_1_1"
"325","AGGGCCTAGCTGTGCC-1_1_1"
"326","AGGGCCTGTCCAAATC-1_1_1"
"327","AGGGCCTGTTACGGAG-1_1_1"
"328","AGGGCTCAGCCGTCGT-1_1_1"
"329","AGGGCTCTCCATCCGT-1_1_1"
"330","AGGGTCCAGACTCAAA-1_1_1"
"331","AGGGTCCAGACTCGAG-1_1_1"
"332","AGGGTCCCAAAGAGTT-1_1_1"
"333","AGGGTTTGTAAGGCCA-1_1_1"
"334","AGGGTTTTCCCATAAG-1_1_1"
"335","AGGTAGGAGCTTTGTG-1_1_1"
"336","AGGTAGGCAGTCTGGC-1_1_1"
"337","AGGTAGGTCGTGAGAG-1_1_1"
"338","AGGTCATCACAGAAGC-1_1_1"
"339","AGGTCATCAGCAGTAG-1_1_1"
"340","AGGTCATGTCCTTTGC-1_1_1"
"341","AGGTCATTCGGTTCAA-1_1_1"
"342","AGGTCTAAGCACTTTG-1_1_1"
"343","AGGTCTACAAGGCCTC-1_1_1"
"344","AGGTCTATCCGATGTA-1_1_1"
"345","AGGTCTATCTAGGAAA-1_1_1"
"346","AGGTGTTAGTAAACGT-1_1_1"
"347","AGGTGTTCACGACGTC-1_1_1"
"348","AGGTGTTTCCATAAGC-1_1_1"
"349","AGGTTACCAAAGGCTG-1_1_1"
"350","AGGTTACGTAAGGAGA-1_1_1"
"351","AGGTTACTCCGTAATG-1_1_1"
"352","AGGTTGTGTAGTAAGT-1_1_1"
"353","AGGTTGTGTGGGACAT-1_1_1"
"354","AGTAACCCAGGCTCTG-1_1_1"
"355","AGTAACCCAGTAGAGC-1_1_1"
"356","AGTAACCGTACTGAGG-1_1_1"
"357","AGTAACCGTAGCGTTT-1_1_1"
"358","AGTAACCGTCCCGTGA-1_1_1"
"359","AGTAACCGTTCTTAGG-1_1_1"
"360","AGTACTGCAGCAGAAC-1_1_1"
"361","AGTACTGTCAAGTAAG-1_1_1"
"362","AGTACTGTCTCTCGAC-1_1_1"
"363","AGTAGCTGTATACCTG-1_1_1"
"364","AGTAGCTGTGGAAGTC-1_1_1"
"365","AGTAGCTTCCAGCAAT-1_1_1"
"366","AGTAGTCCAAGTGACG-1_1_1"
"367","AGTCAACAGCCGTAAG-1_1_1"
"368","AGTCAACGTTGCGTAT-1_1_1"
"369","AGTCAACTCCGTTTCG-1_1_1"
"370","AGTCACACAGCATTGT-1_1_1"
"371","AGTCACATCATGCTAG-1_1_1"
"372","AGTCACATCTGCAGCG-1_1_1"
"373","AGTCATGAGATGAATC-1_1_1"
"374","AGTCATGCAGGTGTGA-1_1_1"
"375","AGTCTCCCATGAGAAT-1_1_1"
"376","AGTGACTCAAGGACAC-1_1_1"
"377","AGTGATCAGATGGTAT-1_1_1"
"378","AGTGCCGCACGGTCTG-1_1_1"
"379","AGTGTTGCAACTGAAA-1_1_1"
"380","AGTTCCCCAGAGTTGG-1_1_1"
"381","AGTTCCCTCTTACCAT-1_1_1"
"382","AGTTCGAAGAGGTTTA-1_1_1"
"383","ATACCGACAAGTGGGT-1_1_1"
"384","ATACCTTTCGACGCGT-1_1_1"
"385","ATACCTTTCGCATTAG-1_1_1"
"386","ATACTTCCATTGTCGA-1_1_1"
"387","ATAGACCCATGAAGCG-1_1_1"
"388","ATAGACCTCTTACCAT-1_1_1"
"389","ATAGGCTTCCGGGACT-1_1_1"
"390","ATATCCTCAACCCTCT-1_1_1"
"391","ATATCCTGTTGGTGTT-1_1_1"
"392","ATCACAGCAGCACGAA-1_1_1"
"393","ATCACTTAGAATTGCA-1_1_1"
"394","ATCACTTAGTCTCCTC-1_1_1"
"395","ATCACTTCACTTGGCG-1_1_1"
"396","ATCACTTCATCTGCGG-1_1_1"
"397","ATCACTTTCCATAAGC-1_1_1"
"398","ATCAGGTCACCCTTGT-1_1_1"
"399","ATCAGGTCAGAGGTAC-1_1_1"
"400","ATCAGGTTCATCCTGC-1_1_1"
"401","ATCATTCAGGCCTAAG-1_1_1"
"402","ATCATTCCAACCGGAA-1_1_1"
"403","ATCATTCCAATGCTCA-1_1_1"
"404","ATCCACCTCTCGCTCA-1_1_1"
"405","ATCCATTCAATGCTCA-1_1_1"
"406","ATCCCTGCAACTCCAA-1_1_1"
"407","ATCCCTGGTGCGCTCA-1_1_1"
"408","ATCCTATGTCAGACTT-1_1_1"
"409","ATCGATGAGCTGACTT-1_1_1"
"410","ATCGATGCACCACATA-1_1_1"
"411","ATCGATGGTATCGATC-1_1_1"
"412","ATCGCCTGTCACTTAG-1_1_1"
"413","ATCGCCTTCAAGTAAG-1_1_1"
"414","ATCGGCGCAGGTGACA-1_1_1"
"415","ATCGGCGGTGAGGAAA-1_1_1"
"416","ATCGTAGAGCTAAACA-1_1_1"
"417","ATCGTAGCAGTGGGTA-1_1_1"
"418","ATCGTAGTCCTTCACG-1_1_1"
"419","ATCGTCCAGGGAGGTG-1_1_1"
"420","ATCGTCCCATGAAGGC-1_1_1"
"421","ATCGTCCGTCCTGTCT-1_1_1"
"422","ATCGTCCTCCAATCTT-1_1_1"
"423","ATCGTCCTCCCAGGAC-1_1_1"
"424","ATCTCTACAGGATCTT-1_1_1"
"425","ATCTCTAGTGACAACG-1_1_1"
"426","ATCTTCATCGCGTAGC-1_1_1"
"427","ATGAAAGGTCGGCACT-1_1_1"
"428","ATGAAAGTCTCCCATG-1_1_1"
"429","ATGACCAAGATTGCGG-1_1_1"
"430","ATGACCACATGGAACG-1_1_1"
"431","ATGAGGGCAACTGATC-1_1_1"
"432","ATGAGTCCACATGGTT-1_1_1"
"433","ATGAGTCGTGGCTCTG-1_1_1"
"434","ATGATCGCAGATCACT-1_1_1"
"435","ATGATCGGTAGGACCA-1_1_1"
"436","ATGATCGGTAGGTCAG-1_1_1"
"437","ATGATCGGTTCGTGCG-1_1_1"
"438","ATGATCGTCGAGAATA-1_1_1"
"439","ATGCATGAGCAGTACG-1_1_1"
"440","ATGCATGAGTCACTGT-1_1_1"
"441","ATGCATGGTGCCTATA-1_1_1"
"442","ATGCCTCGTAGATTGA-1_1_1"
"443","ATGCCTCTCGCTACGG-1_1_1"
"444","ATGCGATAGCATCTTG-1_1_1"
"445","ATGCGATAGCTAATGA-1_1_1"
"446","ATGGAGGCACCCTCTA-1_1_1"
"447","ATGGAGGGTATGGTTC-1_1_1"
"448","ATGGAGGTCTATTCGT-1_1_1"
"449","ATGGATCAGTTACGAA-1_1_1"
"450","ATGGGAGAGAAGTATC-1_1_1"
"451","ATGGGAGCAGCTGTAT-1_1_1"
"452","ATGGGAGGTAATCAGA-1_1_1"
"453","ATGGGTTCATCGCCTT-1_1_1"
"454","ATGGGTTTCTTACGTT-1_1_1"
"455","ATGGTTGAGAGAGGGC-1_1_1"
"456","ATGGTTGGTTTGCCGG-1_1_1"
"457","ATGGTTGTCGCGCTGA-1_1_1"
"458","ATTATCCTCCGATGCG-1_1_1"
"459","ATTCACTAGCTTGTTG-1_1_1"
"460","ATTCAGGAGTTGTAGA-1_1_1"
"461","ATTCATCCATGGCGCT-1_1_1"
"462","ATTCATCTCTCCTACG-1_1_1"
"463","ATTCCATCAATCTGCA-1_1_1"
"464","ATTCCCGAGCCAGACA-1_1_1"
"465","ATTCCTAGTATTTCCT-1_1_1"
"466","ATTCGTTAGGTCGTAG-1_1_1"
"467","ATTCGTTCACACAGAG-1_1_1"
"468","ATTCTACCACACTGGC-1_1_1"
"469","ATTCTTGCAACACGTT-1_1_1"
"470","ATTCTTGCACATGACT-1_1_1"
"471","ATTCTTGTCACACCGG-1_1_1"
"472","ATTGGGTAGAGCCATG-1_1_1"
"473","ATTGGGTAGAGTTCGG-1_1_1"
"474","ATTGGGTAGATTGTGA-1_1_1"
"475","ATTGGGTCAGTTTCGA-1_1_1"
"476","ATTGGGTTCAAATGAG-1_1_1"
"477","ATTGTTCCACCTTCCA-1_1_1"
"478","ATTTACCAGTATCCTG-1_1_1"
"479","ATTTCACAGAGTGTGC-1_1_1"
"480","ATTTCTGAGTCTGCAT-1_1_1"
"481","CAAAGAAGTGATATAG-1_1_1"
"482","CAAAGAAGTGTCTAAC-1_1_1"
"483","CAAAGAATCGACATCA-1_1_1"
"484","CAACAACAGGCACAAC-1_1_1"
"485","CAACAACAGTTCCAGT-1_1_1"
"486","CAACAACGTTCCCACT-1_1_1"
"487","CAACAACTCCACAGCG-1_1_1"
"488","CAACAACTCCCAACTC-1_1_1"
"489","CAACAGTGTAGCACAG-1_1_1"
"490","CAACCAACAATAAGGT-1_1_1"
"491","CAACCAAGTATTGGCT-1_1_1"
"492","CAACCTCAGATTTGCC-1_1_1"
"493","CAACGATAGGTGCCTC-1_1_1"
"494","CAACGATCAGGACGAT-1_1_1"
"495","CAACGATTCCAAGGGA-1_1_1"
"496","CAACGATTCGAGTGGA-1_1_1"
"497","CAACGGCGTATCTTCT-1_1_1"
"498","CAAGACTAGACCGCCT-1_1_1"
"499","CAAGACTAGCGTATAA-1_1_1"
"500","CAAGACTTCCCTAGGG-1_1_1"
"501","CAAGACTTCCTCATAT-1_1_1"
"502","CAAGAGGGTTCGGCCA-1_1_1"
"503","CAAGCTAAGAACTTCC-1_1_1"
"504","CAAGCTATCTTACGGA-1_1_1"
"505","CAAGGGACATATGAAG-1_1_1"
"506","CAAGGGAGTGGCTACC-1_1_1"
"507","CAATACGTCTAAACGC-1_1_1"
"508","CAATCGACATTGACCA-1_1_1"
"509","CAATCGAGTGAGCGAT-1_1_1"
"510","CAATCGATCGTTAGAC-1_1_1"
"511","CACAACAAGCCATGCC-1_1_1"
"512","CACAACATCCACGTGG-1_1_1"
"513","CACACAAAGAAATTCG-1_1_1"
"514","CACACAAAGATGCTGG-1_1_1"
"515","CACACAAAGGAGCAAA-1_1_1"
"516","CACACAACATAGACTC-1_1_1"
"517","CACACAAGTCACTCGG-1_1_1"
"518","CACACAAGTGTCCACG-1_1_1"
"519","CACAGATAGAAGCCAC-1_1_1"
"520","CACAGATAGTATGGCG-1_1_1"
"521","CACAGATCAGAGATTA-1_1_1"
"522","CACAGATGTGCGAACA-1_1_1"
"523","CACAGGCAGGTAAGTT-1_1_1"
"524","CACCGTTAGAAGGCTC-1_1_1"
"525","CACCGTTTCCATTCAT-1_1_1"
"526","CACGAATGTATGTGTC-1_1_1"
"527","CACGGGTGTACCACGC-1_1_1"
"528","CACGGGTGTTGCATCA-1_1_1"
"529","CACGGGTTCCATTGCC-1_1_1"
"530","CACGTGGAGGAAAGAC-1_1_1"
"531","CACGTTCAGAGCACTG-1_1_1"
"532","CACGTTCAGATTGTGA-1_1_1"
"533","CACTAAGCACTTCCTG-1_1_1"
"534","CACTAAGTCCAACTAG-1_1_1"
"535","CACTAAGTCTGCTAGA-1_1_1"
"536","CACTGAAGTACTAAGA-1_1_1"
"537","CACTGAATCTGCCTCA-1_1_1"
"538","CACTGGGGTTTCACAG-1_1_1"
"539","CACTGTCAGTAGGGTC-1_1_1"
"540","CACTTCGAGGGTGAAA-1_1_1"
"541","CACTTCGCATGGCCAC-1_1_1"
"542","CAGAGCCAGCAGGGAG-1_1_1"
"543","CAGAGCCGTAACCAGG-1_1_1"
"544","CAGAGCCGTGTTCCTC-1_1_1"
"545","CAGATACCAAAGTGTA-1_1_1"
"546","CAGATACGTCCGTACG-1_1_1"
"547","CAGATACGTTCTCTCG-1_1_1"
"548","CAGATACTCCATACAG-1_1_1"
"549","CAGATCACAAGTCCCG-1_1_1"
"550","CAGATCAGTTCGGCTG-1_1_1"
"551","CAGATCATCCAGTTCC-1_1_1"
"552","CAGATCATCCTGTAAG-1_1_1"
"553","CAGATTGGTATGCGGA-1_1_1"
"554","CAGATTGTCGACGCGT-1_1_1"
"555","CAGCAATGTCTCAAGT-1_1_1"
"556","CAGCAATGTGAGAACC-1_1_1"
"557","CAGCAATGTGTCTCCT-1_1_1"
"558","CAGCAATTCATAGACC-1_1_1"
"559","CAGCACGCACGACGAA-1_1_1"
"560","CAGCACGCAGCGACCT-1_1_1"
"561","CAGCACGCATGGAAGC-1_1_1"
"562","CAGCACGTCAAACCTG-1_1_1"
"563","CAGCCAGCACCAGACC-1_1_1"
"564","CAGCCAGCAGCTGCCA-1_1_1"
"565","CAGGCCAGTACCGGAA-1_1_1"
"566","CAGGCCAGTTGGGCCT-1_1_1"
"567","CAGGGCTTCCATCACC-1_1_1"
"568","CAGGGCTTCTGGACCG-1_1_1"
"569","CAGGTATGTGTCATTG-1_1_1"
"570","CAGTGCGAGCTCTTCC-1_1_1"
"571","CAGTGCGCATAATCCG-1_1_1"
"572","CAGTGCGGTCAGTCTA-1_1_1"
"573","CAGTGCGGTCCTGGGT-1_1_1"
"574","CAGTTAGAGGAGAGGC-1_1_1"
"575","CAGTTAGAGTCCCTAA-1_1_1"
"576","CAGTTCCGTATCTCTT-1_1_1"
"577","CATAAGCAGGGAGATA-1_1_1"
"578","CATAAGCCAATCCTTT-1_1_1"
"579","CATAAGCCAGTGAGCA-1_1_1"
"580","CATAAGCTCCTTCTTC-1_1_1"
"581","CATAAGCTCTTCCAGC-1_1_1"
"582","CATACAGCAGCACCCA-1_1_1"
"583","CATACAGGTTGTACGT-1_1_1"
"584","CATACCCCAGACCAGA-1_1_1"
"585","CATACCCTCCTTTAGT-1_1_1"
"586","CATACTTAGAGAACCC-1_1_1"
"587","CATACTTAGCTTCTAG-1_1_1"
"588","CATACTTAGGCGCTCT-1_1_1"
"589","CATACTTCAAATGGAT-1_1_1"
"590","CATACTTGTCGCTGCA-1_1_1"
"591","CATAGACAGGCCCACT-1_1_1"
"592","CATAGACTCCAAACCA-1_1_1"
"593","CATCCACTCTTCGCTG-1_1_1"
"594","CATCCCACAACACGTT-1_1_1"
"595","CATCCCACACGGCGTT-1_1_1"
"596","CATCCCAGTCGGTGTC-1_1_1"
"597","CATCCGTAGTATCTGC-1_1_1"
"598","CATCCGTAGTTCGCAT-1_1_1"
"599","CATCCGTGTCAAGCGA-1_1_1"
"600","CATCCGTTCGTCGCTT-1_1_1"
"601","CATCGCTAGCCAACCC-1_1_1"
"602","CATCGCTCATAGAATG-1_1_1"
"603","CATCGGGAGCGACTTT-1_1_1"
"604","CATCGGGCACTACAGT-1_1_1"
"605","CATCGGGGTTCGGCCA-1_1_1"
"606","CATCGTCGTTAAACAG-1_1_1"
"607","CATGAGTCAGACCTGC-1_1_1"
"608","CATGCAACATGCAGGA-1_1_1"
"609","CATGCAAGTATCTCGA-1_1_1"
"610","CATGCAAGTTGGGCCT-1_1_1"
"611","CATGCAATCGCAATGT-1_1_1"
"612","CATGCAATCTCTCGAC-1_1_1"
"613","CATGCCTCAATTTCGG-1_1_1"
"614","CATGCCTGTACTCGCG-1_1_1"
"615","CATGCCTGTGGCAACA-1_1_1"
"616","CATGCCTTCTCTGGTC-1_1_1"
"617","CATGCGGAGATGCGAC-1_1_1"
"618","CATGCGGGTATACCCA-1_1_1"
"619","CATGCGGGTGAGGCAT-1_1_1"
"620","CATGCGGGTGATAGTA-1_1_1"
"621","CATGCTCCACGTCATA-1_1_1"
"622","CATGCTCCACTAAACC-1_1_1"
"623","CATGCTCGTTGACGGA-1_1_1"
"624","CATGGATTCGACACTA-1_1_1"
"625","CATGGTAAGTGCTCAT-1_1_1"
"626","CATGGTACACTTGACA-1_1_1"
"627","CATGGTAGTAACCAGG-1_1_1"
"628","CATGGTATCTAGGAAA-1_1_1"
"629","CATTCATAGCGACTTT-1_1_1"
"630","CATTCATCACTACCCT-1_1_1"
"631","CATTCATTCGGAAGGT-1_1_1"
"632","CATTCCGAGGTCCCTG-1_1_1"
"633","CATTCCGGTGCATGAG-1_1_1"
"634","CATTCTAAGCATTTCG-1_1_1"
"635","CATTCTAAGCTCAGAG-1_1_1"
"636","CATTCTAAGGTTTGAA-1_1_1"
"637","CATTCTACAGTAGTTC-1_1_1"
"638","CATTGCCAGGCTCTCG-1_1_1"
"639","CATTGCCAGGCTGTAG-1_1_1"
"640","CATTGCCCAGAAATCA-1_1_1"
"641","CATTGCCGTAGTGATA-1_1_1"
"642","CATTGCCTCATCCCGT-1_1_1"
"643","CATTGTTAGGTAAGGA-1_1_1"
"644","CATTGTTGTACTTGTG-1_1_1"
"645","CATTTCAAGAGCTGCA-1_1_1"
"646","CATTTCAAGTCATGCT-1_1_1"
"647","CATTTCACATTAAAGG-1_1_1"
"648","CCAAGCGGTGAGGCAT-1_1_1"
"649","CCAATGAAGAGTTGCG-1_1_1"
"650","CCAATGACAAGGTTGG-1_1_1"
"651","CCAATTTCACCTTCCA-1_1_1"
"652","CCAATTTCATAGCACT-1_1_1"
"653","CCAATTTTCCTATGGA-1_1_1"
"654","CCACAAAAGTCCCAAT-1_1_1"
"655","CCACAAACAGATCCTA-1_1_1"
"656","CCACAAACAGCCTTCT-1_1_1"
"657","CCACAAATCGTTCTCG-1_1_1"
"658","CCACACTTCACAATGC-1_1_1"
"659","CCACCATGTGTAAACA-1_1_1"
"660","CCACGAGGTTCAGTAC-1_1_1"
"661","CCACGTTAGGTAAGTT-1_1_1"
"662","CCACGTTTCTTCGATT-1_1_1"
"663","CCACTTGAGGGTAATT-1_1_1"
"664","CCACTTGTCACCTGTC-1_1_1"
"665","CCACTTGTCATCTCTA-1_1_1"
"666","CCACTTGTCCTTATAC-1_1_1"
"667","CCATAAGGTGAGATTA-1_1_1"
"668","CCATCACAGATTGCGG-1_1_1"
"669","CCATCACGTTAGGGAC-1_1_1"
"670","CCCAACTTCATTTCCA-1_1_1"
"671","CCCATTGCACTCAGAT-1_1_1"
"672","CCCGGAAAGAAATCCA-1_1_1"
"673","CCCGGAAAGTTCTCTT-1_1_1"
"674","CCCTAACTCATGTCAG-1_1_1"
"675","CCCTAACTCGACGCGT-1_1_1"
"676","CCCTCAACACCAACAT-1_1_1"
"677","CCCTCTCAGGTCTACT-1_1_1"
"678","CCCTCTCCAAAGGTTA-1_1_1"
"679","CCCTCTCGTCGTTATG-1_1_1"
"680","CCCTGATGTGTGAATA-1_1_1"
"681","CCCTGATTCACGTCCT-1_1_1"
"682","CCCTGATTCGCTAAAC-1_1_1"
"683","CCCTTAGAGTTGCATC-1_1_1"
"684","CCGAACGAGAACTTCC-1_1_1"
"685","CCGATCTAGCGTTACT-1_1_1"
"686","CCGATCTCAAGCGGAT-1_1_1"
"687","CCGATCTTCTAGACAC-1_1_1"
"688","CCGATGGAGGCACAAC-1_1_1"
"689","CCGATGGCAGGGCTTC-1_1_1"
"690","CCGCAAGCAGCGGTTC-1_1_1"
"691","CCGGACACACTCTAGA-1_1_1"
"692","CCGGACACACTCTGCT-1_1_1"
"693","CCGGGTAAGAGGACTC-1_1_1"
"694","CCGGGTACAGACATCT-1_1_1"
"695","CCGGGTAGTAATTGGA-1_1_1"
"696","CCGGTAGAGTCACGAG-1_1_1"
"697","CCGGTAGCATATACCG-1_1_1"
"698","CCGGTGAAGCAGAAAG-1_1_1"
"699","CCGGTGAAGGTCTACT-1_1_1"
"700","CCGTAGGAGTGCCTCG-1_1_1"
"701","CCGTAGGGTGTTATCG-1_1_1"
"702","CCGTGAGCATGGGAAC-1_1_1"
"703","CCGTTCACAGGAGGAG-1_1_1"
"704","CCTAACCAGCGCCATC-1_1_1"
"705","CCTAAGACACAATTCG-1_1_1"
"706","CCTAAGAGTCGAGCAA-1_1_1"
"707","CCTAAGATCGAAGGAC-1_1_1"
"708","CCTACGTCAAGTCCAT-1_1_1"
"709","CCTACGTCAGGGACTA-1_1_1"
"710","CCTACGTGTGCCTTCT-1_1_1"
"711","CCTACGTTCTATTCGT-1_1_1"
"712","CCTATCGGTCACCTTC-1_1_1"
"713","CCTCAACAGTAATACG-1_1_1"
"714","CCTCAACTCATCCTAT-1_1_1"
"715","CCTCACAAGTCATCGT-1_1_1"
"716","CCTCACATCTCGTGGG-1_1_1"
"717","CCTCAGTGTTTGAAAG-1_1_1"
"718","CCTCATGAGACCAAGC-1_1_1"
"719","CCTCATGCATTGACCA-1_1_1"
"720","CCTCATGTCGTAGGGA-1_1_1"
"721","CCTCCAAAGCACCTGC-1_1_1"
"722","CCTCCAAGTCTGTAAC-1_1_1"
"723","CCTCCAAGTTCCACGG-1_1_1"
"724","CCTCCTCAGGCCCGTT-1_1_1"
"725","CCTCCTCCAAAGACGC-1_1_1"
"726","CCTCTAGAGACAACAT-1_1_1"
"727","CCTCTAGGTCAATGGG-1_1_1"
"728","CCTCTCCCACACACGC-1_1_1"
"729","CCTCTCCCATCCCACT-1_1_1"
"730","CCTCTCCTCTCCTGAC-1_1_1"
"731","CCTGCATCACTCCGAG-1_1_1"
"732","CCTGCATGTATCATGC-1_1_1"
"733","CCTGCATGTCACTCAA-1_1_1"
"734","CCTGCATGTTAGAAAC-1_1_1"
"735","CCTGTTGCAAATCCCA-1_1_1"
"736","CCTGTTGGTGATAGAT-1_1_1"
"737","CCTGTTGGTTAAGAAC-1_1_1"
"738","CCTGTTGGTTCTCAGA-1_1_1"
"739","CCTTCAGGTCTGATAC-1_1_1"
"740","CCTTGTGCATCGTGCG-1_1_1"
"741","CCTTTGGTCCAACCGG-1_1_1"
"742","CGAAGGACAAGTATAG-1_1_1"
"743","CGAAGGACACACCTAA-1_1_1"
"744","CGAAGGAGTGCTCCGA-1_1_1"
"745","CGAAGTTCAGCACAAG-1_1_1"
"746","CGAAGTTTCGCCAATA-1_1_1"
"747","CGAAGTTTCGTCACCT-1_1_1"
"748","CGAATTGCATAGGAGC-1_1_1"
"749","CGAATTGGTGCGTCGT-1_1_1"
"750","CGACAGCAGCACTAAA-1_1_1"
"751","CGACAGCCACATTCTT-1_1_1"
"752","CGACAGCTCTGGAGAG-1_1_1"
"753","CGAGAAGAGAATCGAT-1_1_1"
"754","CGAGAAGAGCCTGAAG-1_1_1"
"755","CGAGAAGAGTGCCAGA-1_1_1"
"756","CGAGAAGCACATATCG-1_1_1"
"757","CGAGAAGTCTCTCGAC-1_1_1"
"758","CGAGAAGTCTTAGGAC-1_1_1"
"759","CGAGGAACAGAGTCTT-1_1_1"
"760","CGAGGAATCATCTGTT-1_1_1"
"761","CGAGGAATCTGTCGCT-1_1_1"
"762","CGAGGCTGTATTCTCT-1_1_1"
"763","CGAGGCTGTCTCAGGC-1_1_1"
"764","CGAGGCTTCCACATAG-1_1_1"
"765","CGAGTGCAGACTACGG-1_1_1"
"766","CGAGTGCAGATGAATC-1_1_1"
"767","CGAGTGCAGTCTAGCT-1_1_1"
"768","CGAGTGCCACATATCG-1_1_1"
"769","CGAGTGCCATCTCAAG-1_1_1"
"770","CGAGTGCGTATCGTGT-1_1_1"
"771","CGAGTTATCACTAGCA-1_1_1"
"772","CGAGTTATCATGGTAC-1_1_1"
"773","CGATCGGCATTGAGCT-1_1_1"
"774","CGATGCGAGCAAGTCG-1_1_1"
"775","CGATGCGCAGTCGGTC-1_1_1"
"776","CGATGCGGTGGCGTAA-1_1_1"
"777","CGATGCGGTGGTAACG-1_1_1"
"778","CGATGGCAGTCGCCCA-1_1_1"
"779","CGATGGCGTTCCTTGC-1_1_1"
"780","CGCATAATCTACCTTA-1_1_1"
"781","CGCATGGAGGACATCG-1_1_1"
"782","CGCATGGGTGCGGCTT-1_1_1"
"783","CGCATGGTCTCCTGCA-1_1_1"
"784","CGCCAGAAGTAGATCA-1_1_1"
"785","CGCCATTTCAAGAGTA-1_1_1"
"786","CGCGTGACATCCAACA-1_1_1"
"787","CGCGTGATCATATGGC-1_1_1"
"788","CGGAACCGTGGGATTG-1_1_1"
"789","CGGAACCGTGTATACC-1_1_1"
"790","CGGAACCTCCGTTGAA-1_1_1"
"791","CGGAATTTCGCATTGA-1_1_1"
"792","CGGAATTTCGTAGAGG-1_1_1"
"793","CGGACACAGATAACGT-1_1_1"
"794","CGGACACGTGCCGAAA-1_1_1"
"795","CGGAGAAAGGTCACAG-1_1_1"
"796","CGGAGAACATACCGTA-1_1_1"
"797","CGGAGAAGTTATGACC-1_1_1"
"798","CGGAGAATCAGCTGTA-1_1_1"
"799","CGGCAGTAGCTCCATA-1_1_1"
"800","CGGCAGTAGGAACGTC-1_1_1"
"801","CGGCAGTCACAGAGAC-1_1_1"
"802","CGGCAGTCAGGTCCGT-1_1_1"
"803","CGGGACTAGATAGGGA-1_1_1"
"804","CGGGACTAGGTAAGTT-1_1_1"
"805","CGGGACTCAAATGGCG-1_1_1"
"806","CGGGACTCATGGGATG-1_1_1"
"807","CGGGACTTCTAAGAAG-1_1_1"
"808","CGGGACTTCTGGGCAC-1_1_1"
"809","CGGGCATCACAGTGTT-1_1_1"
"810","CGGGCATGTCACTGAT-1_1_1"
"811","CGGGTCACACAAATCC-1_1_1"
"812","CGGGTCAGTATCGTAC-1_1_1"
"813","CGGGTGTAGGGCAAGG-1_1_1"
"814","CGGGTGTAGGTTACCT-1_1_1"
"815","CGGTCAGCAAAGGTTA-1_1_1"
"816","CGGTCAGCAATTGCCA-1_1_1"
"817","CGTAAGTCAAGCACAG-1_1_1"
"818","CGTAAGTTCTCGGGAC-1_1_1"
"819","CGTAATGTCCCAATAG-1_1_1"
"820","CGTAATGTCCTTCTGG-1_1_1"
"821","CGTAGTATCGTTATCT-1_1_1"
"822","CGTCAAACAGCTGTGC-1_1_1"
"823","CGTCCATAGCATGCAG-1_1_1"
"824","CGTCCATAGGCTCAAG-1_1_1"
"825","CGTCCATAGTAAGAGG-1_1_1"
"826","CGTGCTTCAAATGATG-1_1_1"
"827","CGTGCTTCATGGGTCC-1_1_1"
"828","CGTGTCTCAAGGGTCA-1_1_1"
"829","CGTGTCTGTGACCGTC-1_1_1"
"830","CGTTAGAAGCCTGAAG-1_1_1"
"831","CGTTAGAAGTAGGATT-1_1_1"
"832","CGTTAGAGTCTAGTGT-1_1_1"
"833","CGTTCTGAGCGAGAAA-1_1_1"
"834","CGTTCTGAGGCTCACC-1_1_1"
"835","CGTTCTGCATCTCGTC-1_1_1"
"836","CGTTGGGCAGAGTTGG-1_1_1"
"837","CGTTGGGTCTCCAAGA-1_1_1"
"838","CTAACCCAGAATTTGG-1_1_1"
"839","CTAACCCAGGGAGGAC-1_1_1"
"840","CTAACCCGTGTCTCCT-1_1_1"
"841","CTAACCCTCCATTTAC-1_1_1"
"842","CTAACTTCAACACACT-1_1_1"
"843","CTAACTTCACCCAACG-1_1_1"
"844","CTAAGTGAGCCATCCG-1_1_1"
"845","CTAAGTGGTCAGCTTA-1_1_1"
"846","CTAAGTGTCACCATCC-1_1_1"
"847","CTACAGAAGAGATGCC-1_1_1"
"848","CTACAGAAGTTCGGTT-1_1_1"
"849","CTACAGACACTCAAGT-1_1_1"
"850","CTACATTAGCCTGTCG-1_1_1"
"851","CTACCCACAGCTTCCT-1_1_1"
"852","CTACCTGAGAACGTGC-1_1_1"
"853","CTACCTGAGCGCTTCG-1_1_1"
"854","CTACTATAGCACTCGC-1_1_1"
"855","CTAGACACAATTGAAG-1_1_1"
"856","CTAGACATCGAAGCCC-1_1_1"
"857","CTAGGTACAGTATGAA-1_1_1"
"858","CTAGGTAGTTGCTCCT-1_1_1"
"859","CTATAGGAGACTAAGT-1_1_1"
"860","CTATAGGAGGATAATC-1_1_1"
"861","CTATAGGCAAACCGGA-1_1_1"
"862","CTATAGGCATCATTGG-1_1_1"
"863","CTATAGGTCCATCGTC-1_1_1"
"864","CTATCCGAGTGCGACA-1_1_1"
"865","CTATCTACAGCAAGAC-1_1_1"
"866","CTATCTAGTAGGTAGC-1_1_1"
"867","CTCAACCTCTATTCGT-1_1_1"
"868","CTCAAGAAGTCGGCAA-1_1_1"
"869","CTCAAGATCCTCTGCA-1_1_1"
"870","CTCAAGATCTCGCAGG-1_1_1"
"871","CTCAATTCAGAGGCTA-1_1_1"
"872","CTCAATTTCGTTGTGA-1_1_1"
"873","CTCACTGAGAGTGTGC-1_1_1"
"874","CTCACTGCAATGAAAC-1_1_1"
"875","CTCACTGTCCGTATGA-1_1_1"
"876","CTCAGAAAGGTTTACC-1_1_1"
"877","CTCAGAACAGACCAGA-1_1_1"
"878","CTCAGGGGTCAACCTA-1_1_1"
"879","CTCAGTCAGAATTCAG-1_1_1"
"880","CTCAGTCAGGCAGCTA-1_1_1"
"881","CTCAGTCAGGTGAGCT-1_1_1"
"882","CTCAGTCCAGAGCTAG-1_1_1"
"883","CTCAGTCCATGTGACT-1_1_1"
"884","CTCAGTCGTAGACAAT-1_1_1"
"885","CTCAGTCGTCCAGTTA-1_1_1"
"886","CTCATCGAGCTGGAGT-1_1_1"
"887","CTCATCGCAAGGAGTC-1_1_1"
"888","CTCATCGCAGCGGTCT-1_1_1"
"889","CTCATCGCATCTCGTC-1_1_1"
"890","CTCATCGCATGAGATA-1_1_1"
"891","CTCATCGTCTGGGCGT-1_1_1"
"892","CTCATGCCACGTCATA-1_1_1"
"893","CTCATGCTCTTCGGTC-1_1_1"
"894","CTCCAACAGAGTCACG-1_1_1"
"895","CTCCACAGTAAGGCCA-1_1_1"
"896","CTCCATGAGGGTCACA-1_1_1"
"897","CTCCCAATCTCCCTAG-1_1_1"
"898","CTCCCTCCACTTGAAC-1_1_1"
"899","CTCCCTCGTGGCGCTT-1_1_1"
"900","CTCCCTCTCAAACGTC-1_1_1"
"901","CTCCGATAGCTGTGCC-1_1_1"
"902","CTCCGATCATATCTCT-1_1_1"
"903","CTCCGATCATATGAAG-1_1_1"
"904","CTCCGATGTGGCAGAT-1_1_1"
"905","CTCCGATTCATTACGG-1_1_1"
"906","CTCCTCCCAGGTCAGA-1_1_1"
"907","CTCCTCCTCACGATCA-1_1_1"
"908","CTCCTCCTCCAAGCCG-1_1_1"
"909","CTCGAGGAGTGAACAT-1_1_1"
"910","CTCGAGGCACACAGAG-1_1_1"
"911","CTCGAGGGTGTTCGAT-1_1_1"
"912","CTCGAGGGTTGGAGAC-1_1_1"
"913","CTCTCAGTCATCCCGT-1_1_1"
"914","CTCTCAGTCTCGAGTA-1_1_1"
"915","CTCTCGAGTCACTCGG-1_1_1"
"916","CTCTGGTCACTACAGT-1_1_1"
"917","CTCTGGTCAGAGATTA-1_1_1"
"918","CTCTGGTTCTCGTGGG-1_1_1"
"919","CTGAGCGAGACTTGTC-1_1_1"
"920","CTGAGCGAGGTAAAGG-1_1_1"
"921","CTGAGGCTCACCTCAC-1_1_1"
"922","CTGATCCAGACTAGAT-1_1_1"
"923","CTGATCCAGCATCTTG-1_1_1"
"924","CTGATCCGTGGGTATG-1_1_1"
"925","CTGCAGGTCCACTGAA-1_1_1"
"926","CTGCATCCAGCGCGTT-1_1_1"
"927","CTGCATCGTCAAAGCG-1_1_1"
"928","CTGCATCTCGCTGATA-1_1_1"
"929","CTGCATCTCTGAGGTT-1_1_1"
"930","CTGCCATCACCGTCGA-1_1_1"
"931","CTGCCATGTTCTCGCT-1_1_1"
"932","CTGCCTAAGGTAGACC-1_1_1"
"933","CTGCCTAGTACTCGAT-1_1_1"
"934","CTGCGAGAGCAGCCCT-1_1_1"
"935","CTGCGAGAGTTACGTC-1_1_1"
"936","CTGCGAGCACTCATAG-1_1_1"
"937","CTGCTCAGTAGCGTCC-1_1_1"
"938","CTGCTCAGTGAGAACC-1_1_1"
"939","CTGCTCATCAAGGACG-1_1_1"
"940","CTGCTCATCTCTCCGA-1_1_1"
"941","CTGGACGCAGGCAATG-1_1_1"
"942","CTGGACGGTTTGGAGG-1_1_1"
"943","CTGGCAGCATTCTGTT-1_1_1"
"944","CTGGCAGGTCTTGAAC-1_1_1"
"945","CTGGCAGTCACCGGTG-1_1_1"
"946","CTGTACCCACCTGATA-1_1_1"
"947","CTGTACCGTAGCTAAA-1_1_1"
"948","CTGTAGAAGAATCTAG-1_1_1"
"949","CTGTAGATCACGTCCT-1_1_1"
"950","CTGTAGATCTAGCATG-1_1_1"
"951","CTGTATTCAAGCGCAA-1_1_1"
"952","CTGTATTTCGGCTGAC-1_1_1"
"953","CTGTCGTTCTAGCAAC-1_1_1"
"954","CTGTGAAGTCTGTAAC-1_1_1"
"955","CTGTGAAGTCTTCGAA-1_1_1"
"956","CTGTGGGCAACAAGTA-1_1_1"
"957","CTTACCGGTCGGCCTA-1_1_1"
"958","CTTAGGAAGCTAATCC-1_1_1"
"959","CTTAGGAAGCTCGACC-1_1_1"
"960","CTTAGGAAGTGCCCGT-1_1_1"
"961","CTTAGGACAAGCTGTT-1_1_1"
"962","CTTCAATCACAGTCGC-1_1_1"
"963","CTTCAATCACTGAGGA-1_1_1"
"964","CTTCCGACATGTACGT-1_1_1"
"965","CTTCCGATCAAACCTG-1_1_1"
"966","CTTCCTTAGATTCGCT-1_1_1"
"967","CTTCCTTCAAATACAG-1_1_1"
"968","CTTCCTTCAGGTCCGT-1_1_1"
"969","CTTCCTTTCCTTCTGG-1_1_1"
"970","CTTCGGTAGCATGGGT-1_1_1"
"971","CTTCGGTGTATACCCA-1_1_1"
"972","CTTCGGTTCAGTGATC-1_1_1"
"973","CTTCGGTTCGTGCAGC-1_1_1"
"974","CTTCTAAAGGGCGAGA-1_1_1"
"975","CTTCTAATCGGTAGGA-1_1_1"
"976","CTTCTCTAGAGAGCGG-1_1_1"
"977","CTTCTCTCAAATTAGG-1_1_1"
"978","CTTCTCTCAATAACGA-1_1_1"
"979","CTTCTCTGTAGGTCAG-1_1_1"
"980","CTTCTCTTCGATAACC-1_1_1"
"981","CTTGAGAGTAACACGG-1_1_1"
"982","CTTGAGAGTCCGTTTC-1_1_1"
"983","CTTGATTCAATGGGTG-1_1_1"
"984","CTTGATTTCCGAGCTG-1_1_1"
"985","CTTTCGGAGGACTAAT-1_1_1"
"986","CTTTCGGAGGTGGTTG-1_1_1"
"987","CTTTCGGCAAATCGTC-1_1_1"
"988","CTTTCGGGTTCAGCGC-1_1_1"
"989","GAAACCTAGCTATCCA-1_1_1"
"990","GAAACCTGTAACAGGC-1_1_1"
"991","GAAATGAGTGTGACCC-1_1_1"
"992","GAAATGATCCAAGCTA-1_1_1"
"993","GAAATGATCGGCTCTT-1_1_1"
"994","GAACGTTGTCATTCCC-1_1_1"
"995","GAACTGTAGGTACATA-1_1_1"
"996","GAACTGTAGTCCCTAA-1_1_1"
"997","GAACTGTGTCGAGCTC-1_1_1"
"998","GAACTGTTCTTCGTAT-1_1_1"
"999","GAAGAATCAGTTGCGC-1_1_1"
"1000","GAAGAATGTTCGTGCG-1_1_1"
"1001","GAAGCCCAGGGTACAC-1_1_1"
"1002","GAAGCCCCATAGGTAA-1_1_1"
"1003","GAAGCGACAAATACAG-1_1_1"
"1004","GAAGCGATCTCGTCAC-1_1_1"
"1005","GAAGGGTAGGAGAGTA-1_1_1"
"1006","GAAGGGTGTTCCACAA-1_1_1"
"1007","GAAGGGTTCTTACCAT-1_1_1"
"1008","GAATAGACATTCGATG-1_1_1"
"1009","GAATCACAGAGGATCC-1_1_1"
"1010","GAATCACGTTGGTAGG-1_1_1"
"1011","GAATCACTCTGCGTCT-1_1_1"
"1012","GAATCGTAGTTGGACG-1_1_1"
"1013","GAATCGTCACATCCCT-1_1_1"
"1014","GAATCGTGTTGGTACT-1_1_1"
"1015","GACACGCCAGTATGAA-1_1_1"
"1016","GACACGCCATGGTACT-1_1_1"
"1017","GACACGCGTCACAATC-1_1_1"
"1018","GACAGCCGTGGCAGAT-1_1_1"
"1019","GACAGCCTCGAGTGGA-1_1_1"
"1020","GACATCAAGAATTCAG-1_1_1"
"1021","GACATCAAGATTGTGA-1_1_1"
"1022","GACATCAAGGCTCTCG-1_1_1"
"1023","GACATCACAACAGCTT-1_1_1"
"1024","GACATCATCCGATGCG-1_1_1"
"1025","GACCAATGTTGCCAAT-1_1_1"
"1026","GACCAATTCGTGGCGT-1_1_1"
"1027","GACCCAGGTTAGGCTT-1_1_1"
"1028","GACCCTTCATGAGATA-1_1_1"
"1029","GACCGTGAGTATAGAC-1_1_1"
"1030","GACCGTGGTCTACAGT-1_1_1"
"1031","GACCTTCAGTAGCCAG-1_1_1"
"1032","GACGCTGAGAAATGGG-1_1_1"
"1033","GACTATGTCTATACGG-1_1_1"
"1034","GACTCAAAGAAACCCG-1_1_1"
"1035","GACTCAAAGGAACATT-1_1_1"
"1036","GACTCAACAGACGATG-1_1_1"
"1037","GACTCAATCTGAGGCC-1_1_1"
"1038","GACTCTCCACCGAATT-1_1_1"
"1039","GACTCTCCACCGTCTT-1_1_1"
"1040","GACTCTCGTCCGTTTC-1_1_1"
"1041","GACTCTCTCCACGGAC-1_1_1"
"1042","GACTGATCAGGACAGT-1_1_1"
"1043","GACTGATGTGGAATGC-1_1_1"
"1044","GACTTCCAGTCATGAA-1_1_1"
"1045","GACTTCCCAGACGATG-1_1_1"
"1046","GACTTCCTCGCAGATT-1_1_1"
"1047","GAGACCCCAGGCATGA-1_1_1"
"1048","GAGACTTAGAGTCAAT-1_1_1"
"1049","GAGACTTGTTAGGGAC-1_1_1"
"1050","GAGACTTGTTTACTGG-1_1_1"
"1051","GAGAGGTAGATACCAA-1_1_1"
"1052","GAGATGGAGTAATCCC-1_1_1"
"1053","GAGATGGGTAATCAGA-1_1_1"
"1054","GAGATGGTCCACGGAC-1_1_1"
"1055","GAGGCAAAGCAAATCA-1_1_1"
"1056","GAGGCAATCTTGGTCC-1_1_1"
"1057","GAGGGATAGACTTCCA-1_1_1"
"1058","GAGGGATGTACGAAAT-1_1_1"
"1059","GAGGGATTCATTCCTA-1_1_1"
"1060","GAGGGTACAACCGGAA-1_1_1"
"1061","GAGGGTACACAGGATG-1_1_1"
"1062","GAGTCATGTGGTCTAT-1_1_1"
"1063","GAGTCATTCGCTGATA-1_1_1"
"1064","GAGTGAGTCAATCTCT-1_1_1"
"1065","GAGTGAGTCGAGGCAA-1_1_1"
"1066","GAGTGTTAGCACACAG-1_1_1"
"1067","GAGTGTTAGGTAGCAC-1_1_1"
"1068","GAGTTGTAGCTGAGCA-1_1_1"
"1069","GAGTTGTAGTTAGTGA-1_1_1"
"1070","GAGTTGTCACGAGGAT-1_1_1"
"1071","GAGTTTGCACTTCTCG-1_1_1"
"1072","GATAGAATCTATCCAT-1_1_1"
"1073","GATAGCTCAGATACTC-1_1_1"
"1074","GATAGCTGTGAGTAGC-1_1_1"
"1075","GATCACAAGAGGTTTA-1_1_1"
"1076","GATCACAAGTGAGGCT-1_1_1"
"1077","GATCACACAAGTGGTG-1_1_1"
"1078","GATCACAGTAAGATTG-1_1_1"
"1079","GATCACAGTACTCGCG-1_1_1"
"1080","GATCAGTCATAGCACT-1_1_1"
"1081","GATCAGTGTCCTTGTC-1_1_1"
"1082","GATCAGTGTTATTCTC-1_1_1"
"1083","GATCCCTCATGGGATG-1_1_1"
"1084","GATCCCTGTTTACCAG-1_1_1"
"1085","GATCGTAAGCGATGAC-1_1_1"
"1086","GATCGTATCACTCACC-1_1_1"
"1087","GATCGTATCGACGCTG-1_1_1"
"1088","GATGAGGAGGGTATAT-1_1_1"
"1089","GATGAGGGTAATGATG-1_1_1"
"1090","GATGAGGGTATTTCTC-1_1_1"
"1091","GATGAGGTCAACACCA-1_1_1"
"1092","GATGATCAGAGATCGC-1_1_1"
"1093","GATGATCCAAACCACT-1_1_1"
"1094","GATGATCGTATACGGG-1_1_1"
"1095","GATGATCGTTGCTCAA-1_1_1"
"1096","GATGATCGTTTCCATT-1_1_1"
"1097","GATGATCTCGTCCATC-1_1_1"
"1098","GATGCTACAGATTCGT-1_1_1"
"1099","GATGGAGCAACACACT-1_1_1"
"1100","GATGGAGCATAGAAAC-1_1_1"
"1101","GATGGAGGTGTTCGTA-1_1_1"
"1102","GATGGAGTCCCGGTAG-1_1_1"
"1103","GATGGAGTCTCCTGCA-1_1_1"
"1104","GATGTTGTCTTAGGAC-1_1_1"
"1105","GATTCGAAGTGGTGAC-1_1_1"
"1106","GATTCTTAGGCTCTAT-1_1_1"
"1107","GATTCTTCACCCAATA-1_1_1"
"1108","GATTCTTTCTACCAGA-1_1_1"
"1109","GATTGGTAGGTAAGTT-1_1_1"
"1110","GATTGGTGTCCATAGT-1_1_1"
"1111","GATTGGTTCGTCGCTT-1_1_1"
"1112","GCAACATAGGGAGGAC-1_1_1"
"1113","GCAACATCACTGGCGT-1_1_1"
"1114","GCAACATGTGACAGGT-1_1_1"
"1115","GCAACCGCATCGATGT-1_1_1"
"1116","GCAACCGGTCCGGCAT-1_1_1"
"1117","GCACATAAGAGAGCCT-1_1_1"
"1118","GCACATAGTCTACAAC-1_1_1"
"1119","GCACATATCCGTAGGC-1_1_1"
"1120","GCACGGTGTAGACTGG-1_1_1"
"1121","GCACGTGCATGTTCAG-1_1_1"
"1122","GCACGTGTCGTGGGTC-1_1_1"
"1123","GCACTAAGTGCCTGCA-1_1_1"
"1124","GCACTAATCCATCCGT-1_1_1"
"1125","GCAGCCATCTAGGCAT-1_1_1"
"1126","GCAGCTGAGGCACTCC-1_1_1"
"1127","GCAGCTGTCTGAATCG-1_1_1"
"1128","GCAGGCTAGCAACAGC-1_1_1"
"1129","GCAGGCTCATGATGCT-1_1_1"
"1130","GCAGGCTCATGCGGTC-1_1_1"
"1131","GCAGGCTTCTTCCCAG-1_1_1"
"1132","GCAGTTAAGACGCCAA-1_1_1"
"1133","GCAGTTAGTCATATGC-1_1_1"
"1134","GCATCGGTCTTACACT-1_1_1"
"1135","GCATCTCAGACTCATC-1_1_1"
"1136","GCATCTCAGTTCTCTT-1_1_1"
"1137","GCATCTCGTCCTTAAG-1_1_1"
"1138","GCATCTCGTTGTGCCG-1_1_1"
"1139","GCATCTCTCTCCGATC-1_1_1"
"1140","GCATGATAGGCTCAAG-1_1_1"
"1141","GCATGATAGTATGCAA-1_1_1"
"1142","GCATGATCAGTATGAA-1_1_1"
"1143","GCATGATTCTCACGAA-1_1_1"
"1144","GCCAACGTCATACAGC-1_1_1"
"1145","GCCAGCACAACTTGCA-1_1_1"
"1146","GCCAGCACACCAGTAT-1_1_1"
"1147","GCCAGCAGTATCGTAC-1_1_1"
"1148","GCCAGCATCTTCTCAA-1_1_1"
"1149","GCCAGGTTCCGATTAG-1_1_1"
"1150","GCCAGTGTCTGATGGT-1_1_1"
"1151","GCCATGGGTGTCCGGT-1_1_1"
"1152","GCCATTCGTTGAATCC-1_1_1"
"1153","GCCATTCTCTCGTCGT-1_1_1"
"1154","GCCCAGAAGGAACTAT-1_1_1"
"1155","GCCCAGACAACGTAAA-1_1_1"
"1156","GCCCAGACACGGATCC-1_1_1"
"1157","GCCCGAAAGCACTCCG-1_1_1"
"1158","GCCCGAACATGGCTAT-1_1_1"
"1159","GCCGATGCAGTCGAGA-1_1_1"
"1160","GCCGTGATCTTACACT-1_1_1"
"1161","GCCTGTTCACTTGACA-1_1_1"
"1162","GCCTGTTGTCCAAATC-1_1_1"
"1163","GCGAGAAAGCATTTCG-1_1_1"
"1164","GCGATCGCAAAGACGC-1_1_1"
"1165","GCGATCGTCAGTAGGG-1_1_1"
"1166","GCGGAAAGTTCAGTAC-1_1_1"
"1167","GCGGATCAGCGCAATG-1_1_1"
"1168","GCGGATCAGTCGGCAA-1_1_1"
"1169","GCGTGCACATTCACCC-1_1_1"
"1170","GCGTTTCGTGGAAATT-1_1_1"
"1171","GCTACAATCAGAGCAG-1_1_1"
"1172","GCTACCTAGGAGAGGC-1_1_1"
"1173","GCTACCTAGGTCGTCC-1_1_1"
"1174","GCTACCTGTCAAAGCG-1_1_1"
"1175","GCTACCTGTGCATGTT-1_1_1"
"1176","GCTCAAAAGGCGTTAG-1_1_1"
"1177","GCTCAAACAATGGCAG-1_1_1"
"1178","GCTCAAACACTATGTG-1_1_1"
"1179","GCTCAAATCTCATGGA-1_1_1"
"1180","GCTGCAGCAGCACAAG-1_1_1"
"1181","GCTGCAGGTACACTCA-1_1_1"
"1182","GCTGCAGGTGTAAATG-1_1_1"
"1183","GCTGCAGTCATGAGTC-1_1_1"
"1184","GCTTCACAGCTTCTAG-1_1_1"
"1185","GCTTCACCATGTCGTA-1_1_1"
"1186","GCTTGGGTCATCCTGC-1_1_1"
"1187","GCTTTCGAGTCACGCC-1_1_1"
"1188","GCTTTCGTCTACAGGT-1_1_1"
"1189","GGAACCCCATGAGAAT-1_1_1"
"1190","GGAACCCGTATCCTTT-1_1_1"
"1191","GGAACCCGTCTAGTGT-1_1_1"
"1192","GGAAGTGAGGTTACCT-1_1_1"
"1193","GGAAGTGCAATCGAAA-1_1_1"
"1194","GGAATCTAGTTATGGA-1_1_1"
"1195","GGAATCTTCGAGAACG-1_1_1"
"1196","GGAATGGGTGGACCAA-1_1_1"
"1197","GGACGTCCACCGAATT-1_1_1"
"1198","GGACGTCGTTATGGTC-1_1_1"
"1199","GGAGAACCATTCGGGC-1_1_1"
"1200","GGAGAACTCTCCCATG-1_1_1"
"1201","GGAGATGCATAACGGG-1_1_1"
"1202","GGAGGATCATCGGATT-1_1_1"
"1203","GGAGGTAAGCTGACAG-1_1_1"
"1204","GGAGGTACAAGATCCT-1_1_1"
"1205","GGAGGTACAGTGCGCT-1_1_1"
"1206","GGAGGTATCATGTCAG-1_1_1"
"1207","GGATCTAAGCATAGGC-1_1_1"
"1208","GGATGTTAGGTTCAGG-1_1_1"
"1209","GGATGTTCAACCAGAG-1_1_1"
"1210","GGCACGTAGAATCGAT-1_1_1"
"1211","GGCAGTCGTTCTTGCC-1_1_1"
"1212","GGCAGTCTCGTCGGGT-1_1_1"
"1213","GGCAGTCTCTTTCAGT-1_1_1"
"1214","GGCGTCAAGAAGTGTT-1_1_1"
"1215","GGCGTCAAGCCTGTCG-1_1_1"
"1216","GGCGTCAGTGCACAAG-1_1_1"
"1217","GGCTGTGTCGAGAACG-1_1_1"
"1218","GGCTTGGCACCACATA-1_1_1"
"1219","GGCTTGGTCGTCCTTG-1_1_1"
"1220","GGGACCTTCTTTACAC-1_1_1"
"1221","GGGACTCCAAAGGGTC-1_1_1"
"1222","GGGACTCGTAAGTTAG-1_1_1"
"1223","GGGACTCTCCGTGCGA-1_1_1"
"1224","GGGACTCTCGGCATTA-1_1_1"
"1225","GGGAGATAGTGGAAAG-1_1_1"
"1226","GGGAGATCATTAGGAA-1_1_1"
"1227","GGGAGATGTCGGAAAC-1_1_1"
"1228","GGGAGTATCATTACGG-1_1_1"
"1229","GGGATCCAGCATAGGC-1_1_1"
"1230","GGGATCCCAGCAAGAC-1_1_1"
"1231","GGGATCCCATACCACA-1_1_1"
"1232","GGGATCCGTAGCACAG-1_1_1"
"1233","GGGATCCTCATTTGGG-1_1_1"
"1234","GGGATGATCATCCCGT-1_1_1"
"1235","GGGCCATCATGTTCGA-1_1_1"
"1236","GGGCCATGTAACGCGA-1_1_1"
"1237","GGGCGTTGTCAACCAT-1_1_1"
"1238","GGGCTACAGCATGATA-1_1_1"
"1239","GGGCTACAGTATTCCG-1_1_1"
"1240","GGGCTCATCGGTCGAC-1_1_1"
"1241","GGGTAGAAGTGGTTGG-1_1_1"
"1242","GGGTAGATCAGGAAGC-1_1_1"
"1243","GGGTATTTCAGTGTTG-1_1_1"
"1244","GGGTATTTCTGTGCTC-1_1_1"
"1245","GGGTCACGTAATGCTC-1_1_1"
"1246","GGGTCACGTAGGTTTC-1_1_1"
"1247","GGGTCACGTTGAGAGC-1_1_1"
"1248","GGGTCTGAGCTACAAA-1_1_1"
"1249","GGGTGAAAGCGTCAAG-1_1_1"
"1250","GGGTGAACAGTCAGAG-1_1_1"
"1251","GGGTGAAGTTGGGTTT-1_1_1"
"1252","GGGTGAAGTTTACTGG-1_1_1"
"1253","GGGTGTCCACACGGAA-1_1_1"
"1254","GGGTGTCTCATTATCC-1_1_1"
"1255","GGGTTATCAGTTAGAA-1_1_1"
"1256","GGGTTATCATTGACTG-1_1_1"
"1257","GGGTTTATCAACGAGG-1_1_1"
"1258","GGTAATCCATGTGTCA-1_1_1"
"1259","GGTAATCGTCCAAAGG-1_1_1"
"1260","GGTAGAGAGGAAACGA-1_1_1"
"1261","GGTCTGGGTTGACGGA-1_1_1"
"1262","GGTGAAGAGCTAAATG-1_1_1"
"1263","GGTGAAGCAACACAAA-1_1_1"
"1264","GGTGAAGCACTACTTT-1_1_1"
"1265","GGTGATTGTACTGACT-1_1_1"
"1266","GGTGATTTCGACGCGT-1_1_1"
"1267","GGTGGCTAGACAACAT-1_1_1"
"1268","GGTGGCTAGCCGAATG-1_1_1"
"1269","GGTGGCTGTGTCCTAA-1_1_1"
"1270","GGTGGCTGTTCCACGG-1_1_1"
"1271","GGTGTCGAGCACTCGC-1_1_1"
"1272","GGTGTCGCACCGTCGA-1_1_1"
"1273","GGTTAACGTGCTGTCG-1_1_1"
"1274","GGTTAACTCCATAGGT-1_1_1"
"1275","GTAACACCAAATAGCA-1_1_1"
"1276","GTAACACCACACCTAA-1_1_1"
"1277","GTAACCACAGGAGACT-1_1_1"
"1278","GTAACCATCCGAGATT-1_1_1"
"1279","GTAAGTCCAGAATCGG-1_1_1"
"1280","GTAAGTCGTCGCACGT-1_1_1"
"1281","GTAAGTCTCCGAGCTG-1_1_1"
"1282","GTAAGTCTCGAACCTA-1_1_1"
"1283","GTAATCGAGCCGAATG-1_1_1"
"1284","GTAATGCAGGAAAGGT-1_1_1"
"1285","GTAATGCCATTGACCA-1_1_1"
"1286","GTACAACAGGACTGGT-1_1_1"
"1287","GTACAACCAAGAAACT-1_1_1"
"1288","GTACAGTAGCAACCAG-1_1_1"
"1289","GTACAGTGTAATCAGA-1_1_1"
"1290","GTACAGTTCGACGCGT-1_1_1"
"1291","GTAGAAAGTACAAACA-1_1_1"
"1292","GTAGAAATCCTCTAAT-1_1_1"
"1293","GTAGAAATCTGGCCAG-1_1_1"
"1294","GTAGAGGAGGTTCTTG-1_1_1"
"1295","GTAGAGGCAGCTACCG-1_1_1"
"1296","GTAGAGGCATATGCGT-1_1_1"
"1297","GTAGCTAAGACCCGCT-1_1_1"
"1298","GTAGCTAGTACGTAGG-1_1_1"
"1299","GTAGCTAGTATGGAAT-1_1_1"
"1300","GTAGCTAGTGCTCGTG-1_1_1"
"1301","GTAGGAGAGCTGGTGA-1_1_1"
"1302","GTAGGAGCAATAGTCC-1_1_1"
"1303","GTAGGAGGTATGGGAC-1_1_1"
"1304","GTAGGAGTCAATGTCG-1_1_1"
"1305","GTAGGAGTCTCGACGG-1_1_1"
"1306","GTAGGTTAGAAAGTCT-1_1_1"
"1307","GTAGGTTGTGCAATGG-1_1_1"
"1308","GTAGGTTTCCAGTTCC-1_1_1"
"1309","GTAGTACAGGAACGAA-1_1_1"
"1310","GTAGTACGTCGAACAG-1_1_1"
"1311","GTATTGGAGCCGTTAT-1_1_1"
"1312","GTATTGGCAAGTGGGT-1_1_1"
"1313","GTATTGGCACGGTAGA-1_1_1"
"1314","GTATTGGGTGAGAGGG-1_1_1"
"1315","GTATTGGTCATCTGTT-1_1_1"
"1316","GTATTGGTCTCGGTCT-1_1_1"
"1317","GTATTTCGTGACCTGC-1_1_1"
"1318","GTCAAACTCGCGCTGA-1_1_1"
"1319","GTCACGGCACTTCCTG-1_1_1"
"1320","GTCACTCAGCCTGAGA-1_1_1"
"1321","GTCACTCGTGGGTATG-1_1_1"
"1322","GTCACTCGTTCGAGCC-1_1_1"
"1323","GTCAGCGAGGCATCAG-1_1_1"
"1324","GTCATCCAGTGCCGAA-1_1_1"
"1325","GTCATCCTCAGTGCGC-1_1_1"
"1326","GTCATCCTCCTAGAGT-1_1_1"
"1327","GTCATGAAGATGCAGC-1_1_1"
"1328","GTCATGACAGCTTCGG-1_1_1"
"1329","GTCATGACATGTACGT-1_1_1"
"1330","GTCATTTAGCGTGTTT-1_1_1"
"1331","GTCATTTCAATACAGA-1_1_1"
"1332","GTCATTTTCGGAACTT-1_1_1"
"1333","GTCCTCATCGGTGTTA-1_1_1"
"1334","GTCGAATAGACCACGA-1_1_1"
"1335","GTCGAATAGCGCAATG-1_1_1"
"1336","GTCGAATCAGCATCTA-1_1_1"
"1337","GTCGAATTCATGCAGT-1_1_1"
"1338","GTCGCGATCCAGCAAT-1_1_1"
"1339","GTCGCGATCTCGCCTA-1_1_1"
"1340","GTCGTAAAGGTGCGAT-1_1_1"
"1341","GTCGTAAGTGCTCCGA-1_1_1"
"1342","GTCGTTCCATACTGAC-1_1_1"
"1343","GTCGTTCGTAGGGAGG-1_1_1"
"1344","GTCTACCGTTAACCTG-1_1_1"
"1345","GTCTAGAAGTCGGCAA-1_1_1"
"1346","GTCTCACCAAACTAGA-1_1_1"
"1347","GTCTCACGTGTCCGGT-1_1_1"
"1348","GTCTGTCAGTCTAACC-1_1_1"
"1349","GTCTGTCCAAGTGATA-1_1_1"
"1350","GTCTGTCGTGTCATTG-1_1_1"
"1351","GTCTGTCGTTCGTGCG-1_1_1"
"1352","GTCTGTCGTTCTAACG-1_1_1"
"1353","GTCTTTAAGATGTAGT-1_1_1"
"1354","GTCTTTATCCAACTAG-1_1_1"
"1355","GTGACGCAGATCGCTT-1_1_1"
"1356","GTGACGCTCACGATAC-1_1_1"
"1357","GTGAGCCCATTGTAGC-1_1_1"
"1358","GTGAGGACATATCTGG-1_1_1"
"1359","GTGAGGACATGATCTG-1_1_1"
"1360","GTGAGTTTCGTCACCT-1_1_1"
"1361","GTGATGTTCCATAGGT-1_1_1"
"1362","GTGCACGAGATGCTAA-1_1_1"
"1363","GTGCACGGTTCGTACA-1_1_1"
"1364","GTGCAGCGTACGGTTT-1_1_1"
"1365","GTGCGTGAGCGATTCT-1_1_1"
"1366","GTGCGTGCAAACGGCA-1_1_1"
"1367","GTGCGTGCACTCAAGT-1_1_1"
"1368","GTGCGTGTCACCTACC-1_1_1"
"1369","GTGCGTGTCCAATGCA-1_1_1"
"1370","GTGCTGGGTGGTAACG-1_1_1"
"1371","GTGCTGGTCGATGCTA-1_1_1"
"1372","GTGCTTCAGATCGGTG-1_1_1"
"1373","GTGCTTCAGTATGCAA-1_1_1"
"1374","GTGGAAGCATTGACAC-1_1_1"
"1375","GTGGAAGGTCTAGGTT-1_1_1"
"1376","GTGGAAGTCTTCTGTA-1_1_1"
"1377","GTGGAGACACCGTGCA-1_1_1"
"1378","GTGGAGAGTAGCGCCT-1_1_1"
"1379","GTGGCGTCATGGCCAC-1_1_1"
"1380","GTGGGAAAGCGGACAT-1_1_1"
"1381","GTGGTTATCGCCATAA-1_1_1"
"1382","GTGTAACCAAAGCAAT-1_1_1"
"1383","GTGTAACGTTCGAAGG-1_1_1"
"1384","GTGTAACTCTGGTCAA-1_1_1"
"1385","GTGTCCTAGGAATGTT-1_1_1"
"1386","GTGTCCTCAAGGCGTA-1_1_1"
"1387","GTGTCCTGTCCACACG-1_1_1"
"1388","GTGTCCTTCATCGCCT-1_1_1"
"1389","GTGTGATCACATCCCT-1_1_1"
"1390","GTGTTAGTCTACACTT-1_1_1"
"1391","GTGTTCCCATGTTCGA-1_1_1"
"1392","GTGTTCCGTCGCAGTC-1_1_1"
"1393","GTTACAGGTAGCCCTG-1_1_1"
"1394","GTTACAGGTAGGGAGG-1_1_1"
"1395","GTTACGAAGGTAGCCA-1_1_1"
"1396","GTTACGAGTCTCAAGT-1_1_1"
"1397","GTTAGACCATGGGCAA-1_1_1"
"1398","GTTAGACGTCGTCATA-1_1_1"
"1399","GTTAGTGAGATACATG-1_1_1"
"1400","GTTAGTGCAAGCACAG-1_1_1"
"1401","GTTATGGAGACGGAAA-1_1_1"
"1402","GTTATGGAGTGGTTAA-1_1_1"
"1403","GTTATGGGTGCCGGTT-1_1_1"
"1404","GTTCATTGTCTGCATA-1_1_1"
"1405","GTTCGCTGTTTCGATG-1_1_1"
"1406","GTTCGCTTCGAAGGAC-1_1_1"
"1407","GTTCGCTTCTGCCTGT-1_1_1"
"1408","GTTCTATTCATAGGCT-1_1_1"
"1409","GTTGAACTCGTAGAGG-1_1_1"
"1410","GTTGCGGCAGACCCGT-1_1_1"
"1411","GTTGCGGCAGCAGTCC-1_1_1"
"1412","GTTGCGGCAGGCTACC-1_1_1"
"1413","GTTGCGGCATGACGTT-1_1_1"
"1414","GTTGCGGTCAAGGAGC-1_1_1"
"1415","GTTGCTCGTGCCTGCA-1_1_1"
"1416","GTTGCTCGTGGGCTCT-1_1_1"
"1417","GTTGTAGAGGTGCTAG-1_1_1"
"1418","GTTGTAGAGTCGGGAT-1_1_1"
"1419","GTTGTGAAGACCCGCT-1_1_1"
"1420","GTTGTGAGTCCCGTGA-1_1_1"
"1421","GTTGTGATCGCCTTGT-1_1_1"
"1422","GTTTACTAGCTCGTGC-1_1_1"
"1423","GTTTACTCACACACTA-1_1_1"
"1424","GTTTACTGTTCGGTAT-1_1_1"
"1425","GTTTACTTCTAGTGAC-1_1_1"
"1426","GTTTGGATCTACACTT-1_1_1"
"1427","TAACACGAGCGAAACC-1_1_1"
"1428","TAACACGCACGCGGTT-1_1_1"
"1429","TAACCAGCACGGGTAA-1_1_1"
"1430","TAACCAGGTACCTTCC-1_1_1"
"1431","TAACCAGTCCGATCGG-1_1_1"
"1432","TAACCAGTCGCCTTGT-1_1_1"
"1433","TAACCAGTCTCGGTAA-1_1_1"
"1434","TAACTTCGTAACACCT-1_1_1"
"1435","TAAGCACAGTGCCCGT-1_1_1"
"1436","TAAGCACGTACCGTGC-1_1_1"
"1437","TAAGCACGTGCTTCAA-1_1_1"
"1438","TAAGCACGTTAGAGTA-1_1_1"
"1439","TAAGCACTCCCATACC-1_1_1"
"1440","TAAGCCAGTCTCTCCA-1_1_1"
"1441","TAAGCCAGTGTCGCTG-1_1_1"
"1442","TAAGCCATCAGATTGC-1_1_1"
"1443","TAAGCCATCATCGCCT-1_1_1"
"1444","TAAGTCGCAACTGTGT-1_1_1"
"1445","TAAGTCGCAATCGTCA-1_1_1"
"1446","TAAGTCGGTCGCGTTG-1_1_1"
"1447","TAAGTCGTCTAGTACG-1_1_1"
"1448","TAATCTCTCTTTACAC-1_1_1"
"1449","TAATTCCAGAAGAGCA-1_1_1"
"1450","TACAACGAGTTCCATG-1_1_1"
"1451","TACAACGGTCCAGAAG-1_1_1"
"1452","TACAACGGTGTACGCC-1_1_1"
"1453","TACACCCCATGGCACC-1_1_1"
"1454","TACAGGTAGACTGAGC-1_1_1"
"1455","TACATTCTCAGACATC-1_1_1"
"1456","TACCCACAGCATTTGC-1_1_1"
"1457","TACCCACCAGCTGTGC-1_1_1"
"1458","TACCCACTCAGAGCGA-1_1_1"
"1459","TACCCACTCGTCGGGT-1_1_1"
"1460","TACCCGTAGCAGCACA-1_1_1"
"1461","TACCCGTAGTAGCATA-1_1_1"
"1462","TACCCGTGTTCGTACA-1_1_1"
"1463","TACCGAACAACACAGG-1_1_1"
"1464","TACCGAACACATTGTG-1_1_1"
"1465","TACCGAAGTATCTCTT-1_1_1"
"1466","TACCGAAGTGACTCGC-1_1_1"
"1467","TACCGGGTCGGTAACT-1_1_1"
"1468","TACCTCGCACCGCTGA-1_1_1"
"1469","TACCTCGGTACCATAC-1_1_1"
"1470","TACCTGCGTAAGGAGA-1_1_1"
"1471","TACCTGCGTGTTAACC-1_1_1"
"1472","TACCTGCTCACTCACC-1_1_1"
"1473","TACGCTCAGTTTAGGA-1_1_1"
"1474","TACGCTCCACAATGTC-1_1_1"
"1475","TACGGGCCAACATACC-1_1_1"
"1476","TACGGGCCACTATCCC-1_1_1"
"1477","TACGGGCGTAACGTTC-1_1_1"
"1478","TACGGGCGTTACACTG-1_1_1"
"1479","TACGTCCCAATTGCAC-1_1_1"
"1480","TACGTCCTCGTTGCCT-1_1_1"
"1481","TACTGCCAGCATCAGG-1_1_1"
"1482","TACTGCCGTTGGCCTG-1_1_1"
"1483","TACTGCCTCAAAGCCT-1_1_1"
"1484","TACTTACTCCCATTCG-1_1_1"
"1485","TACTTCAAGGATTTAG-1_1_1"
"1486","TACTTCACAAGCTACT-1_1_1"
"1487","TACTTCAGTACCATAC-1_1_1"
"1488","TACTTCATCTTTGCTA-1_1_1"
"1489","TACTTGTCAGGCTATT-1_1_1"
"1490","TACTTGTCATTCAGGT-1_1_1"
"1491","TACTTGTGTCGCACAC-1_1_1"
"1492","TACTTGTGTGCCGTTG-1_1_1"
"1493","TACTTGTGTTGCTCGG-1_1_1"
"1494","TACTTGTTCTAGTCAG-1_1_1"
"1495","TAGACCACACGCCACA-1_1_1"
"1496","TAGACCAGTTGCCAAT-1_1_1"
"1497","TAGACTGGTGTGGACA-1_1_1"
"1498","TAGAGTCGTAGCTCGC-1_1_1"
"1499","TAGATCGAGTGATTCC-1_1_1"
"1500","TAGCACACAGTTAGAA-1_1_1"
"1501","TAGCACATCTGTCTCG-1_1_1"
"1502","TAGGAGGAGCACACAG-1_1_1"
"1503","TAGGAGGCATACTGAC-1_1_1"
"1504","TAGGAGGGTCACTTCC-1_1_1"
"1505","TAGGGTTCAGGTGGAT-1_1_1"
"1506","TAGGTACCAACGCCCA-1_1_1"
"1507","TAGGTACGTAAGATCA-1_1_1"
"1508","TAGGTTGCAGTCGGTC-1_1_1"
"1509","TAGGTTGCATGAGATA-1_1_1"
"1510","TAGGTTGTCGACGCTG-1_1_1"
"1511","TAGTGCATCACTCGAA-1_1_1"
"1512","TAGTGCATCGCACTCT-1_1_1"
"1513","TATACCTAGAACTTCC-1_1_1"
"1514","TATACCTAGACGAAGA-1_1_1"
"1515","TATACCTAGTTGTAAG-1_1_1"
"1516","TATACCTCAACCGATT-1_1_1"
"1517","TATACCTCAGCGCGTT-1_1_1"
"1518","TATCAGGAGAATCCCT-1_1_1"
"1519","TATCGCCAGGTCATTC-1_1_1"
"1520","TATCGCCCAGGTTACT-1_1_1"
"1521","TATCGCCTCACGACTA-1_1_1"
"1522","TATCTGTAGACTTAAG-1_1_1"
"1523","TATCTGTAGCGACCCT-1_1_1"
"1524","TATCTTGCAAGGCAAC-1_1_1"
"1525","TATCTTGGTTAGGAGC-1_1_1"
"1526","TATGTTCCACTGCACG-1_1_1"
"1527","TATGTTCGTCTCTCTG-1_1_1"
"1528","TATTCCACAGCATACT-1_1_1"
"1529","TATTCCAGTATGAGAT-1_1_1"
"1530","TATTGCTAGCAACAGC-1_1_1"
"1531","TATTGCTCAATAGAGT-1_1_1"
"1532","TATTGCTGTACACGCC-1_1_1"
"1533","TATTGGGGTAGGGTAC-1_1_1"
"1534","TATTGGGTCCGCCTAT-1_1_1"
"1535","TATTTCGAGACCATTC-1_1_1"
"1536","TCAAGACCACGCGTCA-1_1_1"
"1537","TCAAGACGTCTCAGGC-1_1_1"
"1538","TCAAGCAAGCTTAAGA-1_1_1"
"1539","TCAAGCAAGTTACGAA-1_1_1"
"1540","TCAAGCACAAATTAGG-1_1_1"
"1541","TCAAGCACAGGGAATC-1_1_1"
"1542","TCAAGCACATCGTCCT-1_1_1"
"1543","TCAAGTGGTTCAAGTC-1_1_1"
"1544","TCAATCTCAACAAGTA-1_1_1"
"1545","TCAATCTCATCGCTAA-1_1_1"
"1546","TCAATCTTCGGAGCAA-1_1_1"
"1547","TCACAAGAGTGGAAGA-1_1_1"
"1548","TCACAAGGTTATGACC-1_1_1"
"1549","TCACACCCACAACGCC-1_1_1"
"1550","TCACACCGTCAAAGCG-1_1_1"
"1551","TCACACCTCACCTACC-1_1_1"
"1552","TCACACCTCTAATTCC-1_1_1"
"1553","TCACATTAGCAATTCC-1_1_1"
"1554","TCACATTGTCCCTGAG-1_1_1"
"1555","TCACGGGAGATGCTAA-1_1_1"
"1556","TCACGGGTCAGAACCT-1_1_1"
"1557","TCACTATAGACTGTTC-1_1_1"
"1558","TCACTATAGGAATCGC-1_1_1"
"1559","TCACTATCAGCGTTTA-1_1_1"
"1560","TCACTATCATCGGTTA-1_1_1"
"1561","TCACTATGTCATAACC-1_1_1"
"1562","TCACTCGGTTCGGTCG-1_1_1"
"1563","TCACTCGTCAACTGGT-1_1_1"
"1564","TCAGCAAAGACGAAGA-1_1_1"
"1565","TCAGCCTAGGCGATAC-1_1_1"
"1566","TCAGCCTGTATAATGG-1_1_1"
"1567","TCAGCCTGTGCATTTG-1_1_1"
"1568","TCAGCCTTCTCCAATT-1_1_1"
"1569","TCAGGGCCACCCAACG-1_1_1"
"1570","TCAGGGCCACTGTCCT-1_1_1"
"1571","TCAGGGCGTCTCACAA-1_1_1"
"1572","TCAGGGCGTGTCCGGT-1_1_1"
"1573","TCAGGGCTCTAGCAAC-1_1_1"
"1574","TCAGGTATCGAGAAGC-1_1_1"
"1575","TCAGTCCAGAATAGTC-1_1_1"
"1576","TCAGTCCTCCCATTCG-1_1_1"
"1577","TCAGTGATCCATTGCC-1_1_1"
"1578","TCAGTTTTCACGGTCG-1_1_1"
"1579","TCAGTTTTCGGTTCAA-1_1_1"
"1580","TCATACTAGCAGCCCT-1_1_1"
"1581","TCATACTAGCGATCGA-1_1_1"
"1582","TCATACTCACCGTCGA-1_1_1"
"1583","TCATACTCAGGGTCTC-1_1_1"
"1584","TCATACTGTGGTCCGT-1_1_1"
"1585","TCATACTGTGGTTTGT-1_1_1"
"1586","TCATCATGTTGCCTAA-1_1_1"
"1587","TCATCATTCACGAGGA-1_1_1"
"1588","TCATCCGAGTATTCCG-1_1_1"
"1589","TCATCCGTCATGCATG-1_1_1"
"1590","TCATGAGAGTAGGGTC-1_1_1"
"1591","TCATGTTAGCTCGCAC-1_1_1"
"1592","TCATGTTCAGCCTTCT-1_1_1"
"1593","TCATTACGTGAGTTGG-1_1_1"
"1594","TCATTACGTGTTGACT-1_1_1"
"1595","TCATTCAGTGAGACCA-1_1_1"
"1596","TCATTCATCAAACGAA-1_1_1"
"1597","TCATTCATCCTCTAAT-1_1_1"
"1598","TCATTGTAGATGGCGT-1_1_1"
"1599","TCATTGTCACATTCTT-1_1_1"
"1600","TCATTGTCACTTGTCC-1_1_1"
"1601","TCATTGTCAGACTGCC-1_1_1"
"1602","TCATTTGGTCGAGCTC-1_1_1"
"1603","TCATTTGGTCTACGTA-1_1_1"
"1604","TCATTTGTCCCATTCG-1_1_1"
"1605","TCCACCACACTTGAGT-1_1_1"
"1606","TCCACCACAGTCGAGA-1_1_1"
"1607","TCCACCAGTAAGCTCT-1_1_1"
"1608","TCCACGTAGAACTCCT-1_1_1"
"1609","TCCACGTAGACATAGT-1_1_1"
"1610","TCCACGTAGATGTTCC-1_1_1"
"1611","TCCACGTAGGTTTACC-1_1_1"
"1612","TCCACGTCATGGGAAC-1_1_1"
"1613","TCCACGTCATTCTCCG-1_1_1"
"1614","TCCATCGAGTTGGAAT-1_1_1"
"1615","TCCATCGCACCTGAAT-1_1_1"
"1616","TCCATGCAGGGACTGT-1_1_1"
"1617","TCCCACAGTCGCACAC-1_1_1"
"1618","TCCCAGTAGAGTCAAT-1_1_1"
"1619","TCCCAGTGTACTCGAT-1_1_1"
"1620","TCCCAGTTCCGTGGTG-1_1_1"
"1621","TCCCAGTTCGGTTCAA-1_1_1"
"1622","TCCCATGTCGTCTCAC-1_1_1"
"1623","TCCGATCAGGCTATCT-1_1_1"
"1624","TCCGATCTCACAGTGT-1_1_1"
"1625","TCCTAATAGTCCCTAA-1_1_1"
"1626","TCCTAATCAGACCAGA-1_1_1"
"1627","TCCTCCCAGATGCCGA-1_1_1"
"1628","TCCTCCCCACGACTAT-1_1_1"
"1629","TCCTCCCGTGACGCCT-1_1_1"
"1630","TCCTCGAGTCTACGTA-1_1_1"
"1631","TCCTCGAGTGACTCTA-1_1_1"
"1632","TCCTCTTGTACCATAC-1_1_1"
"1633","TCCTGCAAGTCCTGTA-1_1_1"
"1634","TCCTTCTAGTGAGTGC-1_1_1"
"1635","TCCTTCTGTATCGCAT-1_1_1"
"1636","TCCTTTCTCCCGTGAG-1_1_1"
"1637","TCGACCTAGGTCTGGA-1_1_1"
"1638","TCGACCTAGTATGCAA-1_1_1"
"1639","TCGACCTCAAGTCCCG-1_1_1"
"1640","TCGACCTGTGAGACGT-1_1_1"
"1641","TCGACCTGTTGCCATA-1_1_1"
"1642","TCGATTTAGCGCGTTC-1_1_1"
"1643","TCGATTTAGTATAGAC-1_1_1"
"1644","TCGATTTCAGGTAGTG-1_1_1"
"1645","TCGATTTTCGGTGCAC-1_1_1"
"1646","TCGCACTAGCCACAAG-1_1_1"
"1647","TCGCACTCAACGTTAC-1_1_1"
"1648","TCGCAGGAGCTGCCAC-1_1_1"
"1649","TCGCAGGGTGATGTAA-1_1_1"
"1650","TCGCAGGGTGTCCATA-1_1_1"
"1651","TCGCAGGTCGAGTTGT-1_1_1"
"1652","TCGCTCAAGGTCATTC-1_1_1"
"1653","TCGCTCAGTCATCGGC-1_1_1"
"1654","TCGCTCAGTGCAAGAC-1_1_1"
"1655","TCGCTTGAGCGGGTAT-1_1_1"
"1656","TCGCTTGCACTGTGTA-1_1_1"
"1657","TCGCTTGGTAGTTCCA-1_1_1"
"1658","TCGCTTGGTCCGATCG-1_1_1"
"1659","TCGCTTGTCTTGGTCC-1_1_1"
"1660","TCGGATAAGGAGACCT-1_1_1"
"1661","TCGGGACAGGAGACCT-1_1_1"
"1662","TCGGGACCAAAGGATT-1_1_1"
"1663","TCGGGACGTGTCTTAG-1_1_1"
"1664","TCGGGCACAGACAAAT-1_1_1"
"1665","TCGGGCACAGGTCTCG-1_1_1"
"1666","TCGGGCAGTCACAGTT-1_1_1"
"1667","TCGGGTGGTCGCATCG-1_1_1"
"1668","TCGGGTGTCGCTTAAG-1_1_1"
"1669","TCGGTCTGTATATGGA-1_1_1"
"1670","TCGGTCTGTGGCTACC-1_1_1"
"1671","TCGGTCTTCCATATGG-1_1_1"
"1672","TCGTAGAAGACTGTTC-1_1_1"
"1673","TCGTCCACAGCGTATT-1_1_1"
"1674","TCGTGCTTCGGCTTGG-1_1_1"
"1675","TCGTGGGAGATAGTCA-1_1_1"
"1676","TCGTGGGCAGGCTATT-1_1_1"
"1677","TCGTGGGCATGGCCCA-1_1_1"
"1678","TCGTGGGTCTCTCCGA-1_1_1"
"1679","TCTAACTCAGCCCAGT-1_1_1"
"1680","TCTAACTTCTCGCTCA-1_1_1"
"1681","TCTACATGTGTATTCG-1_1_1"
"1682","TCTATCACATCTGCGG-1_1_1"
"1683","TCTATCATCCGAAATC-1_1_1"
"1684","TCTCACGAGGACAGTC-1_1_1"
"1685","TCTCACGGTTCGAAGG-1_1_1"
"1686","TCTCCGAAGCACTTTG-1_1_1"
"1687","TCTCCGAGTATTGAGA-1_1_1"
"1688","TCTCCGATCAAAGGTA-1_1_1"
"1689","TCTCCGATCCGTACGG-1_1_1"
"1690","TCTCCGATCGGCATTA-1_1_1"
"1691","TCTCCGATCGTCAAAC-1_1_1"
"1692","TCTCCGATCGTGGCTG-1_1_1"
"1693","TCTCCGATCTGTCCGT-1_1_1"
"1694","TCTCTGGGTTTACCAG-1_1_1"
"1695","TCTGCCACAACTACGT-1_1_1"
"1696","TCTGCCAGTATGTCTG-1_1_1"
"1697","TCTGCCAGTGTCCCTT-1_1_1"
"1698","TCTGGCTGTACCGTGC-1_1_1"
"1699","TCTGGCTGTATCAAGA-1_1_1"
"1700","TCTGGCTTCGGCCCAA-1_1_1"
"1701","TCTTAGTGTACAAAGT-1_1_1"
"1702","TCTTAGTGTGCAGGAT-1_1_1"
"1703","TCTTCCTAGATGACAT-1_1_1"
"1704","TCTTCCTCACTCTCGT-1_1_1"
"1705","TCTTCCTGTTGAGAGC-1_1_1"
"1706","TCTTCCTTCAAGTCGT-1_1_1"
"1707","TCTTGCGGTTGGTACT-1_1_1"
"1708","TCTTGCGTCTATTGTC-1_1_1"
"1709","TCTTGCGTCTCCTGAC-1_1_1"
"1710","TCTTTGAGTCCGAAGA-1_1_1"
"1711","TGAACGTAGTATTGCC-1_1_1"
"1712","TGAACGTGTGATACCT-1_1_1"
"1713","TGAACGTTCTCTTGCG-1_1_1"
"1714","TGAATCGCATAGCACT-1_1_1"
"1715","TGAATCGGTAAGACCG-1_1_1"
"1716","TGAATCGGTAGGATAT-1_1_1"
"1717","TGAATCGGTGGACTGA-1_1_1"
"1718","TGAATGCAGTGGACGT-1_1_1"
"1719","TGAATGCCACGTTGGC-1_1_1"
"1720","TGACCCTGTACGATGG-1_1_1"
"1721","TGACGCGAGCTCGACC-1_1_1"
"1722","TGACTCCAGCTCTATG-1_1_1"
"1723","TGACTCCAGTTAGTAG-1_1_1"
"1724","TGACTCCCATGGTGGA-1_1_1"
"1725","TGACTCCGTTTGGCTA-1_1_1"
"1726","TGAGACTAGCCATGCC-1_1_1"
"1727","TGAGACTGTATCTTCT-1_1_1"
"1728","TGAGCATAGACCCTTA-1_1_1"
"1729","TGAGCATAGCTTCGTA-1_1_1"
"1730","TGAGCATGTCCTGTTC-1_1_1"
"1731","TGAGCATTCACCGGGT-1_1_1"
"1732","TGAGCGCTCGGTATGT-1_1_1"
"1733","TGAGGAGCAGTCAGTT-1_1_1"
"1734","TGAGGAGGTCGCTCGA-1_1_1"
"1735","TGAGGAGGTCGTGGAA-1_1_1"
"1736","TGAGGAGGTTGAGGAC-1_1_1"
"1737","TGAGGAGTCTCGCAGG-1_1_1"
"1738","TGAGGGAAGACTCCGC-1_1_1"
"1739","TGAGGGAAGACTGTTC-1_1_1"
"1740","TGAGGGACAGGTGTGA-1_1_1"
"1741","TGAGTCAAGGGTCACA-1_1_1"
"1742","TGAGTCACATCCTAAG-1_1_1"
"1743","TGATCAGAGATCGCTT-1_1_1"
"1744","TGATCAGGTAACCCTA-1_1_1"
"1745","TGATCAGTCGCACGGT-1_1_1"
"1746","TGATCTTTCTGATGGT-1_1_1"
"1747","TGATGCACAGAGAGGG-1_1_1"
"1748","TGATGCACATCCGATA-1_1_1"
"1749","TGATGGTAGGTAGGCT-1_1_1"
"1750","TGATGGTCACTGGATT-1_1_1"
"1751","TGATGGTCAGGTTCCG-1_1_1"
"1752","TGATGGTCATGAAGCG-1_1_1"
"1753","TGATGGTCATTGTACG-1_1_1"
"1754","TGATGGTGTACGTTCA-1_1_1"
"1755","TGATTCTAGAGTGAAG-1_1_1"
"1756","TGATTCTCAGTCTTCC-1_1_1"
"1757","TGATTCTGTTCTGACA-1_1_1"
"1758","TGATTTCGTGATGAAT-1_1_1"
"1759","TGCACGGCACGCTATA-1_1_1"
"1760","TGCAGATAGAAGTATC-1_1_1"
"1761","TGCAGATAGCCGAACA-1_1_1"
"1762","TGCAGATCAAGGATGC-1_1_1"
"1763","TGCAGGCAGTGCCGAA-1_1_1"
"1764","TGCAGGCGTTGGGTAG-1_1_1"
"1765","TGCAGTATCAGGAGAC-1_1_1"
"1766","TGCATCCAGCATGGGT-1_1_1"
"1767","TGCATGACAACATCGT-1_1_1"
"1768","TGCATGACATGGAGAC-1_1_1"
"1769","TGCCGAGCAGCTGGTC-1_1_1"
"1770","TGCCGAGTCCGTGTCT-1_1_1"
"1771","TGCGACGCACTGCGTG-1_1_1"
"1772","TGCGATACACATCATG-1_1_1"
"1773","TGCGGCACACAGTACT-1_1_1"
"1774","TGCGGCACACTTGAGT-1_1_1"
"1775","TGCGGCAGTACGAAAT-1_1_1"
"1776","TGCGGCAGTCATGGCC-1_1_1"
"1777","TGCGGCATCTTGCAGA-1_1_1"
"1778","TGCTCCAGTGGCAACA-1_1_1"
"1779","TGCTCCATCCCGAACG-1_1_1"
"1780","TGCTCGTAGCGTCGAA-1_1_1"
"1781","TGCTCGTCAAGACGAC-1_1_1"
"1782","TGCTCGTGTGTGTACT-1_1_1"
"1783","TGCTGAAAGCGTATAA-1_1_1"
"1784","TGCTGAACACTACGGC-1_1_1"
"1785","TGCTGAATCAGGAAGC-1_1_1"
"1786","TGCTTCGGTGAGCCAA-1_1_1"
"1787","TGCTTGCAGAACTGAT-1_1_1"
"1788","TGCTTGCTCTGAGTCA-1_1_1"
"1789","TGGAACTCAGAGACTG-1_1_1"
"1790","TGGAACTTCCGAAGGA-1_1_1"
"1791","TGGAGAGCACCAGCGT-1_1_1"
"1792","TGGAGAGTCGAGCCTG-1_1_1"
"1793","TGGAGGACAACTCGTA-1_1_1"
"1794","TGGAGGAGTCATCGGC-1_1_1"
"1795","TGGAGGATCGGTCAGC-1_1_1"
"1796","TGGATCACAATGAGCG-1_1_1"
"1797","TGGATCACAGAGTCTT-1_1_1"
"1798","TGGATCATCGTAGAGG-1_1_1"
"1799","TGGATCATCTTAGGAC-1_1_1"
"1800","TGGATGTGTAGATCCT-1_1_1"
"1801","TGGATGTGTATAATGG-1_1_1"
"1802","TGGCGTGTCATCACTT-1_1_1"
"1803","TGGGAGAAGGGTGAGG-1_1_1"
"1804","TGGGAGAGTGACAACG-1_1_1"
"1805","TGGGCGTTCAGGCGAA-1_1_1"
"1806","TGGGCGTTCATCACCC-1_1_1"
"1807","TGGGCGTTCGCAGTTA-1_1_1"
"1808","TGGGCTGCATTGCTGA-1_1_1"
"1809","TGGGTTAAGAACGTGC-1_1_1"
"1810","TGGGTTAAGGCGTTAG-1_1_1"
"1811","TGGTACAGTAGTTACC-1_1_1"
"1812","TGGTAGTAGAGCAGCT-1_1_1"
"1813","TGGTAGTAGCTGTACT-1_1_1"
"1814","TGGTAGTAGGCTCAAG-1_1_1"
"1815","TGGTAGTCACTCTAGA-1_1_1"
"1816","TGGTAGTGTTCAATCG-1_1_1"
"1817","TGGTGATCACATTACG-1_1_1"
"1818","TGGTGATCATGGGTTT-1_1_1"
"1819","TGGTGATGTTAAGCAA-1_1_1"
"1820","TGGTTAGAGACTCATC-1_1_1"
"1821","TGGTTAGCAACAAGTA-1_1_1"
"1822","TGGTTAGGTCCTCAGG-1_1_1"
"1823","TGTAAGCCAGAACCGA-1_1_1"
"1824","TGTAAGCCATATGAAG-1_1_1"
"1825","TGTAAGCGTATACCTG-1_1_1"
"1826","TGTAAGCGTGCATCTA-1_1_1"
"1827","TGTAAGCTCTCATGCC-1_1_1"
"1828","TGTACAGAGCTACTGT-1_1_1"
"1829","TGTACAGAGTGGAAAG-1_1_1"
"1830","TGTACAGCATGTGGTT-1_1_1"
"1831","TGTACAGGTGGTCTCG-1_1_1"
"1832","TGTAGACGTGGTCCGT-1_1_1"
"1833","TGTCAGACACAGCTGC-1_1_1"
"1834","TGTCAGACACCCTAGG-1_1_1"
"1835","TGTCAGATCCACTGGG-1_1_1"
"1836","TGTCCACGTCACTCTC-1_1_1"
"1837","TGTCCACTCTTCGATT-1_1_1"
"1838","TGTCCCACAGAACGCA-1_1_1"
"1839","TGTCCCACAGCCTATA-1_1_1"
"1840","TGTCCCACAGCTCGGT-1_1_1"
"1841","TGTGATGAGTTGCGCC-1_1_1"
"1842","TGTGATGCACTTCATT-1_1_1"
"1843","TGTGGCGCAGGCTCTG-1_1_1"
"1844","TGTGGCGCATGGAACG-1_1_1"
"1845","TGTGGCGTCACATTGG-1_1_1"
"1846","TGTGGCGTCTGGGCCA-1_1_1"
"1847","TGTGTGATCGTTCATT-1_1_1"
"1848","TGTTACTGTCAATGGG-1_1_1"
"1849","TGTTCATAGGTCGTAG-1_1_1"
"1850","TGTTCCGAGCCGCTTG-1_1_1"
"1851","TGTTCCGCAGTATACC-1_1_1"
"1852","TGTTCCGCATTATGCG-1_1_1"
"1853","TGTTCCGGTCCTGTCT-1_1_1"
"1854","TGTTCCGGTCGTACTA-1_1_1"
"1855","TGTTCTACAATGAGCG-1_1_1"
"1856","TGTTCTAGTTGGACCC-1_1_1"
"1857","TGTTCTATCCATCTCG-1_1_1"
"1858","TGTTCTATCGTTCTCG-1_1_1"
"1859","TGTTCTATCTTCACGC-1_1_1"
"1860","TGTTGAGAGGAACTAT-1_1_1"
"1861","TGTTGAGCATAACCCA-1_1_1"
"1862","TGTTGAGTCGTGCTCT-1_1_1"
"1863","TGTTGGACATTCACCC-1_1_1"
"1864","TGTTGGATCAGCGTCG-1_1_1"
"1865","TTAATCCAGCGACATG-1_1_1"
"1866","TTACAGGGTGCGGCTT-1_1_1"
"1867","TTACCATAGGTTCTAC-1_1_1"
"1868","TTACCATAGTGAGGCT-1_1_1"
"1869","TTACCATCAATGTCAC-1_1_1"
"1870","TTACCATCAGAGGACT-1_1_1"
"1871","TTACCATGTTCTCTAT-1_1_1"
"1872","TTACCATTCTCTGACC-1_1_1"
"1873","TTACCATTCTGACGCG-1_1_1"
"1874","TTACCGCCAGGAGGAG-1_1_1"
"1875","TTACCGCCAGGATCTT-1_1_1"
"1876","TTACCGCGTACAGAGC-1_1_1"
"1877","TTACCGCTCAGCGTCG-1_1_1"
"1878","TTACCGCTCTGTGCGG-1_1_1"
"1879","TTACGCCAGAATTGTG-1_1_1"
"1880","TTACGCCAGCTCAGAG-1_1_1"
"1881","TTACGCCGTCCACATA-1_1_1"
"1882","TTACGCCGTTTCCATT-1_1_1"
"1883","TTACGCCTCACAGAGG-1_1_1"
"1884","TTACGTTAGATAGTCA-1_1_1"
"1885","TTACGTTCAACAGCCC-1_1_1"
"1886","TTACGTTCATGTGTCA-1_1_1"
"1887","TTACGTTTCCGTGTCT-1_1_1"
"1888","TTACTGTCATCAGCGC-1_1_1"
"1889","TTACTGTTCGAGTCTA-1_1_1"
"1890","TTAGGCAAGGCATGGT-1_1_1"
"1891","TTAGGCATCATTGTGG-1_1_1"
"1892","TTAGTCTGTTAGGAGC-1_1_1"
"1893","TTAGTCTTCTTCCACG-1_1_1"
"1894","TTATTGCTCAGCCCAG-1_1_1"
"1895","TTCAATCAGACTGTTC-1_1_1"
"1896","TTCAATCAGTCGGCAA-1_1_1"
"1897","TTCACCGTCGCTGTCT-1_1_1"
"1898","TTCACGCAGACTGAGC-1_1_1"
"1899","TTCACGCAGTCGCGAA-1_1_1"
"1900","TTCACGCCACACCGAC-1_1_1"
"1901","TTCATGTCAACCGTAT-1_1_1"
"1902","TTCATTGGTCATCCGG-1_1_1"
"1903","TTCATTGTCTTTGCGC-1_1_1"
"1904","TTCCAATCAATCGAAA-1_1_1"
"1905","TTCCAATGTGCATCTA-1_1_1"
"1906","TTCCACGAGACCTTTG-1_1_1"
"1907","TTCCACGCACAGCGCT-1_1_1"
"1908","TTCCACGTCGAACACT-1_1_1"
"1909","TTCCGTGCATCCTGTC-1_1_1"
"1910","TTCCGTGTCAATGTCG-1_1_1"
"1911","TTCCTCTCACCTTCGT-1_1_1"
"1912","TTCCTCTTCCGGACGT-1_1_1"
"1913","TTCCTTCAGCATGATA-1_1_1"
"1914","TTCCTTCCACATATCG-1_1_1"
"1915","TTCCTTCCAGATCATC-1_1_1"
"1916","TTCCTTCCAGCGCGTT-1_1_1"
"1917","TTCCTTCCATGACTCA-1_1_1"
"1918","TTCGATTAGATCCAAA-1_1_1"
"1919","TTCGATTCACCTGCGA-1_1_1"
"1920","TTCGATTCATGGCTGC-1_1_1"
"1921","TTCGATTGTGAGTAGC-1_1_1"
"1922","TTCGCTGCACGTACTA-1_1_1"
"1923","TTCGCTGGTAATCAAG-1_1_1"
"1924","TTCGCTGGTACTGTTG-1_1_1"
"1925","TTCGCTGGTAGCGTAG-1_1_1"
"1926","TTCGCTGGTCATCGCG-1_1_1"
"1927","TTCGGTCAGATGAATC-1_1_1"
"1928","TTCGGTCCAGGCATGA-1_1_1"
"1929","TTCTAACCAGCCGTTG-1_1_1"
"1930","TTCTAACGTGAGCGAT-1_1_1"
"1931","TTCTAACGTTTATGCG-1_1_1"
"1932","TTCTAACTCGGCCTTT-1_1_1"
"1933","TTCTAGTAGGCTCACC-1_1_1"
"1934","TTCTAGTCACTACCGG-1_1_1"
"1935","TTCTAGTTCGAATCCA-1_1_1"
"1936","TTCTAGTTCTCTGGTC-1_1_1"
"1937","TTCTCTCAGTGGTCAG-1_1_1"
"1938","TTCTCTCAGTTGCGAG-1_1_1"
"1939","TTCTCTCGTTCCTAAG-1_1_1"
"1940","TTCTCTCTCTATCGGA-1_1_1"
"1941","TTCTGTAAGGGAGGTG-1_1_1"
"1942","TTCTGTAGTCGGTACC-1_1_1"
"1943","TTCTGTATCACATTGG-1_1_1"
"1944","TTCTTCCAGAAACACT-1_1_1"
"1945","TTCTTCCAGGAATGTT-1_1_1"
"1946","TTCTTCCAGTCGAAAT-1_1_1"
"1947","TTCTTCCCACATAGCT-1_1_1"
"1948","TTCTTCCGTGACAGGT-1_1_1"
"1949","TTCTTCCGTGGGTCAA-1_1_1"
"1950","TTCTTGACAGCGTATT-1_1_1"
"1951","TTCTTGATCCAACACA-1_1_1"
"1952","TTGAACGAGGGTGGGA-1_1_1"
"1953","TTGACCCAGGACACTG-1_1_1"
"1954","TTGACCCGTACAGAGC-1_1_1"
"1955","TTGACCCGTCAGTTTG-1_1_1"
"1956","TTGACCCTCTACCCAC-1_1_1"
"1957","TTGAGTGCAACGGCTC-1_1_1"
"1958","TTGAGTGTCTCCTGCA-1_1_1"
"1959","TTGATGGCATGACTGT-1_1_1"
"1960","TTGCATTAGTAACCGG-1_1_1"
"1961","TTGCATTCAGCGTGCT-1_1_1"
"1962","TTGCATTGTGTATTGC-1_1_1"
"1963","TTGCCTGAGTCATGAA-1_1_1"
"1964","TTGCCTGCATAACAGA-1_1_1"
"1965","TTGCCTGGTGTCTAAC-1_1_1"
"1966","TTGCCTGTCAGCTGAT-1_1_1"
"1967","TTGCCTGTCTCATGGA-1_1_1"
"1968","TTGCCTGTCTGACCCT-1_1_1"
"1969","TTGCGTCAGTTCGGTT-1_1_1"
"1970","TTGCGTCCATTATGCG-1_1_1"
"1971","TTGCTGCAGCTTACGT-1_1_1"
"1972","TTGCTGCCAAGACCGA-1_1_1"
"1973","TTGCTGCGTTTGCCGG-1_1_1"
"1974","TTGCTGCGTTTGGAAA-1_1_1"
"1975","TTGGATGCACAAATCC-1_1_1"
"1976","TTGGATGTCATAGAGA-1_1_1"
"1977","TTGGGATCATACAGCT-1_1_1"
"1978","TTGGGATGTTGCTGAT-1_1_1"
"1979","TTGGGATTCCTACACC-1_1_1"
"1980","TTGGGCGGTAGGAGGG-1_1_1"
"1981","TTGGGTAAGCGTCAAG-1_1_1"
"1982","TTGGGTAAGGCCTGAA-1_1_1"
"1983","TTGGGTAGTACTCAAC-1_1_1"
"1984","TTGGGTATCAAATGCC-1_1_1"
"1985","TTGGGTATCCGAGGCT-1_1_1"
"1986","TTGGTTTAGAGTCACG-1_1_1"
"1987","TTGGTTTGTCCCTAAA-1_1_1"
"1988","TTGGTTTGTGCGGCTT-1_1_1"
"1989","TTGTGTTAGCTCATAC-1_1_1"
"1990","TTGTTCAAGAAATGGG-1_1_1"
"1991","TTGTTGTGTGCGCTCA-1_1_1"
"1992","TTGTTGTTCTGTCCCA-1_1_1"
"1993","TTGTTTGCACTTGGCG-1_1_1"
"1994","TTGTTTGGTGTGTTTG-1_1_1"
"1995","TTTACCAAGCACGGAT-1_1_1"
"1996","TTTACCACATTACTCT-1_1_1"
"1997","TTTACCATCTCCGAGG-1_1_1"
"1998","TTTACGTAGTGGATAT-1_1_1"
"1999","TTTACGTCAGCAGTAG-1_1_1"
"2000","TTTACGTGTCTCCCTA-1_1_1"
"2001","TTTACGTTCCCACAGG-1_1_1"
"2002","TTTACTGAGTGGATTA-1_1_1"
"2003","TTTACTGCACCTGTCT-1_1_1"
"2004","TTTACTGTCGCAACAT-1_1_1"
"2005","TTTAGTCCACGTTGGC-1_1_1"
"2006","TTTAGTCGTTGGTACT-1_1_1"
"2007","TTTATGCCAAGCCCAC-1_1_1"
"2008","TTTATGCCAATCGCAT-1_1_1"
"2009","TTTATGCGTGAGTAGC-1_1_1"
"2010","TTTATGCGTTGCAACT-1_1_1"
"2011","TTTATGCGTTTCGTAG-1_1_1"
"2012","TTTATGCTCATAGCAC-1_1_1"
"2013","TTTCACAAGACTCAAA-1_1_1"
"2014","TTTCACAGTAGCTGTT-1_1_1"
"2015","TTTCACAGTCTGCAAT-1_1_1"
"2016","TTTCAGTGTTCTCCAC-1_1_1"
"2017","TTTCATGAGGCATGCA-1_1_1"
"2018","TTTCATGGTATACCTG-1_1_1"
"2019","TTTCCTCCAAACGGCA-1_1_1"
"2020","TTTCCTCCAAATGGTA-1_1_1"
"2021","TTTCCTCCAACCAACT-1_1_1"
"2022","TTTCCTCGTGAACTAA-1_1_1"
"2023","TTTCCTCTCGCGCTGA-1_1_1"
"2024","TTTCGATAGTTGGCGA-1_1_1"
"2025","TTTGACTAGAGGATCC-1_1_1"
"2026","TTTGACTAGCCTCTTC-1_1_1"
"2027","TTTGACTAGGTTGTTC-1_1_1"
"2028","TTTGATCCACAGTCAT-1_1_1"
"2029","TTTGATCCATGGAAGC-1_1_1"
"2030","TTTGGAGAGTATGACA-1_1_1"
"2031","TTTGGAGGTCTATGAC-1_1_1"
"2032","TTTGGTTAGAACCCGA-1_1_1"
"2033","TTTGGTTAGATGACAT-1_1_1"
"2034","TTTGGTTTCGTGAGAG-1_1_1"
"2035","TTTGTTGGTATGCTTG-1_1_1"
