"","x"
"1","AAACCCACAAGCGCTC-1_4_2"
"2","AAACCCAGTCATACCA-1_4_2"
"3","AAACCCAGTTGCTCCT-1_4_2"
"4","AAACCCATCCACGTCT-1_4_2"
"5","AAACGAAAGGCCCGTT-1_4_2"
"6","AAACGAAAGGTGATCG-1_4_2"
"7","AAACGAATCAAATGCC-1_4_2"
"8","AAACGCTGTCTTGAAC-1_4_2"
"9","AAACGCTTCAATGCAC-1_4_2"
"10","AAAGAACGTACCTATG-1_4_2"
"11","AAAGAACTCCGCAGTG-1_4_2"
"12","AAAGGATAGGAAGAAC-1_4_2"
"13","AAAGGATGTCGGATTT-1_4_2"
"14","AAAGGATGTTACGATC-1_4_2"
"15","AAAGGATTCCTGTAGA-1_4_2"
"16","AAAGGATTCGCCAACG-1_4_2"
"17","AAAGGATTCTACTCAT-1_4_2"
"18","AAAGGGCAGAGAGGTA-1_4_2"
"19","AAAGGGCAGGTTCATC-1_4_2"
"20","AAAGGGCCAACCGCTG-1_4_2"
"21","AAAGGGCCATAATGAG-1_4_2"
"22","AAAGGGCTCTCGTGAA-1_4_2"
"23","AAAGGTAAGTACCATC-1_4_2"
"24","AAAGGTATCATTACCT-1_4_2"
"25","AAAGTCCAGAGCAGCT-1_4_2"
"26","AAAGTCCCAATGACCT-1_4_2"
"27","AAAGTCCGTACGAGCA-1_4_2"
"28","AAAGTGAAGCATCTTG-1_4_2"
"29","AAAGTGACACACTTAG-1_4_2"
"30","AAAGTGACACCCAATA-1_4_2"
"31","AAAGTGACACCTCTAC-1_4_2"
"32","AAAGTGAGTACTCAAC-1_4_2"
"33","AAAGTGAGTGGCTACC-1_4_2"
"34","AAAGTGATCTTGGTGA-1_4_2"
"35","AAATGGATCGTAATGC-1_4_2"
"36","AACAAAGAGACAACAT-1_4_2"
"37","AACAAAGCACTTGTGA-1_4_2"
"38","AACAACCAGTACGAGC-1_4_2"
"39","AACAAGAAGCGGTAGT-1_4_2"
"40","AACAAGACATTGAAGA-1_4_2"
"41","AACACACAGACTCAAA-1_4_2"
"42","AACACACAGCACTAAA-1_4_2"
"43","AACACACCAGGTGTTT-1_4_2"
"44","AACACACTCCTGTAAG-1_4_2"
"45","AACACACTCGCCTCTA-1_4_2"
"46","AACAGGGAGTTGCGAG-1_4_2"
"47","AACAGGGGTATTCTCT-1_4_2"
"48","AACAGGGTCACCCTTG-1_4_2"
"49","AACAGGGTCTGCGGAC-1_4_2"
"50","AACCAACCAAAGAGTT-1_4_2"
"51","AACCAACCAAGAAACT-1_4_2"
"52","AACCAACCACTGTGAT-1_4_2"
"53","AACCACAGTCCTTTGC-1_4_2"
"54","AACCACAGTCGATTTG-1_4_2"
"55","AACCATGGTTCACCGG-1_4_2"
"56","AACCATGTCCAACTGA-1_4_2"
"57","AACCCAAAGACTCTAC-1_4_2"
"58","AACCCAAAGCCTCTCT-1_4_2"
"59","AACCCAACACAAAGCG-1_4_2"
"60","AACCCAACACAAGGTG-1_4_2"
"61","AACCCAACAGCCTTCT-1_4_2"
"62","AACCCAAGTTTCGTGA-1_4_2"
"63","AACCTGAAGAAGAACG-1_4_2"
"64","AACCTGAAGGCGCTCT-1_4_2"
"65","AACCTGAGTGTTAAAG-1_4_2"
"66","AACCTGATCCGCAGTG-1_4_2"
"67","AACCTGATCCGCTAGG-1_4_2"
"68","AACCTGATCCGTGTCT-1_4_2"
"69","AACCTTTAGCTCGAAG-1_4_2"
"70","AACCTTTGTATCACGT-1_4_2"
"71","AACCTTTTCACCCTCA-1_4_2"
"72","AACGAAATCCAATGCA-1_4_2"
"73","AACGGGACACTGTCCT-1_4_2"
"74","AACGGGAGTGTATCCA-1_4_2"
"75","AACGGGAGTTTCCAAG-1_4_2"
"76","AACGTCACACCAGTTA-1_4_2"
"77","AACGTCACATCCGATA-1_4_2"
"78","AACGTCAGTATCAGGG-1_4_2"
"79","AACTTCTCATCCGAGC-1_4_2"
"80","AACTTCTGTTGTTGAC-1_4_2"
"81","AACTTCTTCCTTATAC-1_4_2"
"82","AAGAACAAGGAACGCT-1_4_2"
"83","AAGAACAAGTAGAGTT-1_4_2"
"84","AAGAACACAGCATGCC-1_4_2"
"85","AAGACAAAGGACGGAG-1_4_2"
"86","AAGACTCCATAGATGA-1_4_2"
"87","AAGACTCCATGCCGCA-1_4_2"
"88","AAGACTCGTTCGGACC-1_4_2"
"89","AAGACTCTCCTCACTG-1_4_2"
"90","AAGACTCTCTGAGCAT-1_4_2"
"91","AAGATAGAGCATGATA-1_4_2"
"92","AAGATAGCATCTTAGG-1_4_2"
"93","AAGATAGGTCCTCAGG-1_4_2"
"94","AAGCATCAGGAGTATT-1_4_2"
"95","AAGCATCAGGTTTGAA-1_4_2"
"96","AAGCATCAGTTAGTGA-1_4_2"
"97","AAGCATCGTCGAACGA-1_4_2"
"98","AAGCATCTCACAAGAA-1_4_2"
"99","AAGCATCTCATTGGTG-1_4_2"
"100","AAGCCATAGTGGTTGG-1_4_2"
"101","AAGCCATTCGTACCTC-1_4_2"
"102","AAGCCATTCTGGGCCA-1_4_2"
"103","AAGCGAGAGCCACTCG-1_4_2"
"104","AAGCGAGCAGAGTGAC-1_4_2"
"105","AAGCGAGTCGGATACT-1_4_2"
"106","AAGCGTTCATCCGTGG-1_4_2"
"107","AAGGAATAGCGCACAA-1_4_2"
"108","AAGGAATGTAGTGCGA-1_4_2"
"109","AAGGAATTCGTGTGGC-1_4_2"
"110","AAGGTAAAGCTCGAAG-1_4_2"
"111","AAGGTAACATTACGGT-1_4_2"
"112","AAGGTAATCCTCAGAA-1_4_2"
"113","AAGTACCCACGACAAG-1_4_2"
"114","AAGTACCCAGGTCTCG-1_4_2"
"115","AAGTACCCATCACAGT-1_4_2"
"116","AAGTACCCATCAGTGT-1_4_2"
"117","AAGTCGTAGTCGAGGT-1_4_2"
"118","AAGTCGTCAACTTGCA-1_4_2"
"119","AAGTCGTCATTGACTG-1_4_2"
"120","AAGTCGTGTCTAGGTT-1_4_2"
"121","AAGTGAATCACCGGGT-1_4_2"
"122","AATCACGAGGCCATAG-1_4_2"
"123","AATCACGCAATAGAGT-1_4_2"
"124","AATCACGGTAGCGAGT-1_4_2"
"125","AATCGACGTGTGGTCC-1_4_2"
"126","AATCGACGTTACAGCT-1_4_2"
"127","AATCGACTCAACCTCC-1_4_2"
"128","AATCGTGCAGAAATTG-1_4_2"
"129","AATGAAGAGAACAAGG-1_4_2"
"130","AATGAAGGTGTCACAT-1_4_2"
"131","AATGAAGTCAACTACG-1_4_2"
"132","AATGAAGTCTAGCCAA-1_4_2"
"133","AATGACCAGAGAAGGT-1_4_2"
"134","AATGACCCATCGATAC-1_4_2"
"135","AATGACCGTTCGCGTG-1_4_2"
"136","AATGACCTCAGTCATG-1_4_2"
"137","AATGCCACAGGGTTGA-1_4_2"
"138","AATGCCAGTAGTACGG-1_4_2"
"139","AATGCCATCCAAGGGA-1_4_2"
"140","AATGCCATCGCTATTT-1_4_2"
"141","AATGGAAAGACGACGT-1_4_2"
"142","AATGGAAAGGTCATAA-1_4_2"
"143","AATGGAACACGTACAT-1_4_2"
"144","AATGGCTAGGCACTAG-1_4_2"
"145","AATGGCTCAACACAGG-1_4_2"
"146","AATGGCTCATATACCG-1_4_2"
"147","AATGGCTGTGTATCCA-1_4_2"
"148","AATTTCCAGGCCACTC-1_4_2"
"149","AATTTCCAGGCTAAAT-1_4_2"
"150","AATTTCCTCCGAGTGC-1_4_2"
"151","ACAAAGACATGCGGTC-1_4_2"
"152","ACAAAGATCCTCACCA-1_4_2"
"153","ACAACCAAGGATCACG-1_4_2"
"154","ACAACCATCAGAGTGG-1_4_2"
"155","ACAACCATCTTGATTC-1_4_2"
"156","ACAAGCTCAGGAGGTT-1_4_2"
"157","ACAAGCTGTGTTTACG-1_4_2"
"158","ACACAGTGTCAATCTG-1_4_2"
"159","ACACAGTGTCGCGTCA-1_4_2"
"160","ACACAGTGTCGTGATT-1_4_2"
"161","ACACAGTGTCTCACAA-1_4_2"
"162","ACACAGTGTGCATTTG-1_4_2"
"163","ACACAGTTCTCCTACG-1_4_2"
"164","ACACCAACAGCAGACA-1_4_2"
"165","ACACGCGCAACTCGAT-1_4_2"
"166","ACACTGAAGCGCCATC-1_4_2"
"167","ACACTGAGTCATCCCT-1_4_2"
"168","ACACTGAGTGGCCTCA-1_4_2"
"169","ACACTGAGTTCGTTCC-1_4_2"
"170","ACAGAAACAATGGGTG-1_4_2"
"171","ACAGCCGCAAATGCTC-1_4_2"
"172","ACAGCCGGTGTTTGCA-1_4_2"
"173","ACAGCCGTCCTGCCAT-1_4_2"
"174","ACAGGGAGTGCGTCGT-1_4_2"
"175","ACATCCCGTTCGGTCG-1_4_2"
"176","ACATCCCTCTAGTACG-1_4_2"
"177","ACATCGAAGCTCACTA-1_4_2"
"178","ACATCGAAGTCGCGAA-1_4_2"
"179","ACATCGAAGTGGATAT-1_4_2"
"180","ACATCGACAACAGTGG-1_4_2"
"181","ACATCGAGTCCTATAG-1_4_2"
"182","ACATCGAGTTCTCCTG-1_4_2"
"183","ACATCGATCCCTCTCC-1_4_2"
"184","ACATCGATCTCACGAA-1_4_2"
"185","ACATGCAGTAGACAGC-1_4_2"
"186","ACATGCAGTCAGTTTG-1_4_2"
"187","ACATGCAGTGACAACG-1_4_2"
"188","ACATGCAGTGACACAG-1_4_2"
"189","ACATTTCAGCCTAACT-1_4_2"
"190","ACATTTCAGTCCTGCG-1_4_2"
"191","ACATTTCAGTTAGTGA-1_4_2"
"192","ACATTTCCAAAGGGCT-1_4_2"
"193","ACATTTCCACCTATCC-1_4_2"
"194","ACATTTCGTAACATAG-1_4_2"
"195","ACCAACAAGTGTTCCA-1_4_2"
"196","ACCAACAGTCTGTCCT-1_4_2"
"197","ACCAACATCAGTGGGA-1_4_2"
"198","ACCACAACAGAATTCC-1_4_2"
"199","ACCACAATCGATTCCC-1_4_2"
"200","ACCATTTCATTAGGCT-1_4_2"
"201","ACCATTTGTAACATAG-1_4_2"
"202","ACCATTTGTATTTCCT-1_4_2"
"203","ACCATTTTCCACTGAA-1_4_2"
"204","ACCATTTTCGAGGCAA-1_4_2"
"205","ACCCAAAGTACTGACT-1_4_2"
"206","ACCCAAATCGCTCTCA-1_4_2"
"207","ACCCTTGAGAATAACC-1_4_2"
"208","ACCCTTGAGAGATTCA-1_4_2"
"209","ACCCTTGAGCTAGAGC-1_4_2"
"210","ACCCTTGAGGATGTTA-1_4_2"
"211","ACCCTTGCACGACAAG-1_4_2"
"212","ACCCTTGGTGGCAACA-1_4_2"
"213","ACCGTTCCAACCACAT-1_4_2"
"214","ACCGTTCGTTAAGCAA-1_4_2"
"215","ACCTACCCACACCGAC-1_4_2"
"216","ACCTACCCATCGGCCA-1_4_2"
"217","ACCTACCCATGACTGT-1_4_2"
"218","ACCTACCGTGCATTTG-1_4_2"
"219","ACCTGAAGTTGTCAGT-1_4_2"
"220","ACCTGAATCCAGCCTT-1_4_2"
"221","ACCTGAATCGCCTTGT-1_4_2"
"222","ACCTGTCAGGCGATAC-1_4_2"
"223","ACCTGTCGTCTTTATC-1_4_2"
"224","ACCTGTCGTGGGCTCT-1_4_2"
"225","ACCTGTCTCATACAGC-1_4_2"
"226","ACCTGTCTCGCGGTAC-1_4_2"
"227","ACGATCAAGATTAGAC-1_4_2"
"228","ACGATCAAGCGCCGTT-1_4_2"
"229","ACGATCAAGTCCTGTA-1_4_2"
"230","ACGATGTAGCACCGTC-1_4_2"
"231","ACGATGTCAACCTATG-1_4_2"
"232","ACGCACGAGCCACTCG-1_4_2"
"233","ACGCACGCAGCAATTC-1_4_2"
"234","ACGCACGGTGAGATAT-1_4_2"
"235","ACGCACGTCAGACCGC-1_4_2"
"236","ACGGAAGAGCCACTCG-1_4_2"
"237","ACGGAAGCACTTGGGC-1_4_2"
"238","ACGGAAGGTGAATTAG-1_4_2"
"239","ACGGTCGAGAGCATAT-1_4_2"
"240","ACGGTTAAGACAGTCG-1_4_2"
"241","ACGGTTAAGCGTACAG-1_4_2"
"242","ACGGTTAGTCAGTCCG-1_4_2"
"243","ACGTAACCATCCCGTT-1_4_2"
"244","ACGTAACTCGATTCCC-1_4_2"
"245","ACGTAACTCTCTATGT-1_4_2"
"246","ACGTACAAGTCTGCAT-1_4_2"
"247","ACGTACACATCGCTGG-1_4_2"
"248","ACGTACACATCTGGGC-1_4_2"
"249","ACGTACAGTCACCGCA-1_4_2"
"250","ACGTACAGTGCGTGCT-1_4_2"
"251","ACGTACATCTACACAG-1_4_2"
"252","ACGTAGTAGTATGTAG-1_4_2"
"253","ACGTCCTGTAACTGCT-1_4_2"
"254","ACGTTCCGTCATATGC-1_4_2"
"255","ACGTTCCTCGCCGTGA-1_4_2"
"256","ACTACGACATCATCCC-1_4_2"
"257","ACTATGGAGCTGAAGC-1_4_2"
"258","ACTATGGAGCTGGCCT-1_4_2"
"259","ACTATGGCAATTGAAG-1_4_2"
"260","ACTATGGGTCCGAAAG-1_4_2"
"261","ACTATGGTCACGGGCT-1_4_2"
"262","ACTCTCGAGAGCTTTC-1_4_2"
"263","ACTGATGCAGCGTTGC-1_4_2"
"264","ACTGCAAAGAGTGTGC-1_4_2"
"265","ACTGCAACAAGGTACG-1_4_2"
"266","ACTGCAACATAATGAG-1_4_2"
"267","ACTGCAATCCGAAGGA-1_4_2"
"268","ACTGCAATCTCCTGAC-1_4_2"
"269","ACTGTCCAGCCGTTAT-1_4_2"
"270","ACTGTCCGTAGCTTGT-1_4_2"
"271","ACTGTCCGTCGCTTAA-1_4_2"
"272","ACTGTCCGTTAGGAGC-1_4_2"
"273","ACTTAGGAGCTGCGAA-1_4_2"
"274","ACTTAGGAGGTTGTTC-1_4_2"
"275","ACTTATCGTATCATGC-1_4_2"
"276","ACTTATCTCCTCGCAT-1_4_2"
"277","ACTTATCTCTTGCAGA-1_4_2"
"278","ACTTCCGAGCTCATAC-1_4_2"
"279","ACTTCGCTCCGATCTC-1_4_2"
"280","ACTTCGCTCGAGAAGC-1_4_2"
"281","ACTTCGCTCTGATTCT-1_4_2"
"282","ACTTCGCTCTTCTCAA-1_4_2"
"283","ACTTTCAGTCCCTGAG-1_4_2"
"284","ACTTTCATCACCGCTT-1_4_2"
"285","ACTTTCATCACTCTTA-1_4_2"
"286","AGAAATGGTTGTGTTG-1_4_2"
"287","AGAAATGTCAGAGCGA-1_4_2"
"288","AGAAATGTCAGGTAAA-1_4_2"
"289","AGAACAAGTAGCGTAG-1_4_2"
"290","AGAACAATCGATTGAC-1_4_2"
"291","AGAACCTAGCATACTC-1_4_2"
"292","AGAACCTAGGGAGAAT-1_4_2"
"293","AGAACCTAGTGGCAGT-1_4_2"
"294","AGAACCTCACATTACG-1_4_2"
"295","AGAAGCGCACTCCTTG-1_4_2"
"296","AGAAGTAGTAGTGGCA-1_4_2"
"297","AGACACTCAAGGGTCA-1_4_2"
"298","AGACACTCAGGAAGTC-1_4_2"
"299","AGACACTGTTGTTGCA-1_4_2"
"300","AGACACTTCACGATCA-1_4_2"
"301","AGACAGGCAAGCTGTT-1_4_2"
"302","AGACAGGTCCAGGACC-1_4_2"
"303","AGACAGGTCGTAGTCA-1_4_2"
"304","AGACCATAGCAAATCA-1_4_2"
"305","AGACCATGTAGTCACT-1_4_2"
"306","AGACCATGTTGTTTGG-1_4_2"
"307","AGACCATTCGAGAATA-1_4_2"
"308","AGACCCGAGCCTCTGG-1_4_2"
"309","AGACCCGAGGAGCTGT-1_4_2"
"310","AGACCCGAGGAGGTTC-1_4_2"
"311","AGAGAATGTGTATTCG-1_4_2"
"312","AGAGAATGTTAAGAAC-1_4_2"
"313","AGAGAATGTTGCATGT-1_4_2"
"314","AGAGAGCCAAACACCT-1_4_2"
"315","AGAGAGCCAATGGCCC-1_4_2"
"316","AGAGAGCCACTGCGAC-1_4_2"
"317","AGAGAGCGTCTACTGA-1_4_2"
"318","AGAGAGCTCATTTGGG-1_4_2"
"319","AGAGCAGCACGTACAT-1_4_2"
"320","AGAGCAGCAGGTTCCG-1_4_2"
"321","AGAGCAGTCAGCGTCG-1_4_2"
"322","AGAGCAGTCGACATTG-1_4_2"
"323","AGAGCCCAGAAACTGT-1_4_2"
"324","AGAGCCCCAGCATGCC-1_4_2"
"325","AGAGCCCGTACTAACC-1_4_2"
"326","AGATAGAAGGTACAGC-1_4_2"
"327","AGATAGACAGCGAGTA-1_4_2"
"328","AGATAGACATGTAACC-1_4_2"
"329","AGATAGAGTAAGGCCA-1_4_2"
"330","AGATAGAGTGATTGGG-1_4_2"
"331","AGATAGATCCGTATAG-1_4_2"
"332","AGATCCAAGAATCGCG-1_4_2"
"333","AGATCCAAGGATTTGA-1_4_2"
"334","AGATCCAGTAATTGGA-1_4_2"
"335","AGATCCATCGTACACA-1_4_2"
"336","AGATCCATCTTCCTAA-1_4_2"
"337","AGATCGTAGCAGTAAT-1_4_2"
"338","AGATCGTAGCCTGCCA-1_4_2"
"339","AGATCGTCAGCATGCC-1_4_2"
"340","AGATCGTGTCTCGGAC-1_4_2"
"341","AGATCGTTCATCACTT-1_4_2"
"342","AGATCGTTCCTCAGGG-1_4_2"
"343","AGATCGTTCCTCTTTC-1_4_2"
"344","AGATGAATCCGTCCTA-1_4_2"
"345","AGATGCTCAAGCTGTT-1_4_2"
"346","AGATGCTCAAGGACAC-1_4_2"
"347","AGATGCTCAAGGAGTC-1_4_2"
"348","AGATGCTCACATTACG-1_4_2"
"349","AGATGCTGTACTGTTG-1_4_2"
"350","AGATGCTGTATATGGA-1_4_2"
"351","AGATGCTGTGACTGAG-1_4_2"
"352","AGATGCTTCGTTGTTT-1_4_2"
"353","AGATGCTTCTCGGGAC-1_4_2"
"354","AGCATCACAGCAATTC-1_4_2"
"355","AGCCAGCGTTAGAAAC-1_4_2"
"356","AGCCAGCTCTCATTAC-1_4_2"
"357","AGCGATTCAAGGAGTC-1_4_2"
"358","AGCGATTGTGCGGCTT-1_4_2"
"359","AGCGATTTCCAAGCCG-1_4_2"
"360","AGCGATTTCCAGTTCC-1_4_2"
"361","AGCGCCATCATTGCTT-1_4_2"
"362","AGCGTATCACTACCCT-1_4_2"
"363","AGCGTCGAGGTGGGTT-1_4_2"
"364","AGCGTCGGTGGTCAAG-1_4_2"
"365","AGCTCAAAGTGGAAAG-1_4_2"
"366","AGCTCAATCAGAATAG-1_4_2"
"367","AGGAAATGTACTAGCT-1_4_2"
"368","AGGAAATGTCGTGATT-1_4_2"
"369","AGGAAATGTGATCGTT-1_4_2"
"370","AGGAAATTCACTACGA-1_4_2"
"371","AGGAATAAGATTAGTG-1_4_2"
"372","AGGAATAGTCGTATTG-1_4_2"
"373","AGGAATATCAAACCTG-1_4_2"
"374","AGGAATATCGGATTAC-1_4_2"
"375","AGGACGACATCGTCCT-1_4_2"
"376","AGGACGAGTAAGATAC-1_4_2"
"377","AGGACGATCACTTATC-1_4_2"
"378","AGGACGATCCCATTTA-1_4_2"
"379","AGGACTTAGTCAGAGC-1_4_2"
"380","AGGACTTCAGGAGGTT-1_4_2"
"381","AGGACTTGTTCGAAGG-1_4_2"
"382","AGGACTTTCTGCTTTA-1_4_2"
"383","AGGAGGTAGACTCTTG-1_4_2"
"384","AGGAGGTAGCGTATGG-1_4_2"
"385","AGGAGGTGTCCAGGTC-1_4_2"
"386","AGGAGGTGTCCTCCAT-1_4_2"
"387","AGGATAACAAGTCCAT-1_4_2"
"388","AGGATAACAGCGACAA-1_4_2"
"389","AGGATAAGTCCACTCT-1_4_2"
"390","AGGATCTGTTGTACGT-1_4_2"
"391","AGGCATTAGTCGCCCA-1_4_2"
"392","AGGCATTCATCACGGC-1_4_2"
"393","AGGCCACAGACTCTTG-1_4_2"
"394","AGGCCACAGGTAGTCG-1_4_2"
"395","AGGCCACAGTGCTCGC-1_4_2"
"396","AGGCCACCAAAGGCGT-1_4_2"
"397","AGGCCACCACCACTGG-1_4_2"
"398","AGGCCACCATTGCTTT-1_4_2"
"399","AGGCCACGTGGGAGAG-1_4_2"
"400","AGGCTGCAGTCTCTGA-1_4_2"
"401","AGGCTGCCAGTCACGC-1_4_2"
"402","AGGGAGTAGCGTGAAC-1_4_2"
"403","AGGGCCTAGAAACCCG-1_4_2"
"404","AGGGCCTAGGTTCACT-1_4_2"
"405","AGGGCCTCATACTGTG-1_4_2"
"406","AGGGCCTGTCTAGATC-1_4_2"
"407","AGGGCCTGTTGGACCC-1_4_2"
"408","AGGGTCCCACCAAAGG-1_4_2"
"409","AGGGTCCTCCTTGAAG-1_4_2"
"410","AGGGTCCTCTGGGCAC-1_4_2"
"411","AGGGTGAAGTGGACGT-1_4_2"
"412","AGGGTGAAGTTCTACG-1_4_2"
"413","AGGGTGACATCCGAAT-1_4_2"
"414","AGGGTGACATTCTCCG-1_4_2"
"415","AGGGTTTTCGGAGTGA-1_4_2"
"416","AGGTAGGAGTCACAGG-1_4_2"
"417","AGGTAGGTCCTCTTTC-1_4_2"
"418","AGGTAGGTCGAACTCA-1_4_2"
"419","AGGTCATGTGCAATAA-1_4_2"
"420","AGGTCATGTGTACATC-1_4_2"
"421","AGGTCATTCTGAACGT-1_4_2"
"422","AGGTCTAAGCTCGTGC-1_4_2"
"423","AGGTGTTCATGTCAGT-1_4_2"
"424","AGGTGTTGTCTCAGAT-1_4_2"
"425","AGGTTACAGAGAGGGC-1_4_2"
"426","AGGTTACGTCCTTAAG-1_4_2"
"427","AGGTTGTGTATCACCA-1_4_2"
"428","AGTAACCAGATTGATG-1_4_2"
"429","AGTAACCAGTATGGCG-1_4_2"
"430","AGTAACCCAAGATGGC-1_4_2"
"431","AGTACCAAGGCATGGT-1_4_2"
"432","AGTACCATCACCCTCA-1_4_2"
"433","AGTACCATCTACCTTA-1_4_2"
"434","AGTACTGAGCATTGAA-1_4_2"
"435","AGTAGCTGTGCTCTCT-1_4_2"
"436","AGTAGTCCACCATAAC-1_4_2"
"437","AGTAGTCCAGGTCAGA-1_4_2"
"438","AGTCAACTCCAACTGA-1_4_2"
"439","AGTCAACTCGAGCCAC-1_4_2"
"440","AGTCAACTCTTAGTTC-1_4_2"
"441","AGTCACAAGCTTACGT-1_4_2"
"442","AGTCACACACACACGC-1_4_2"
"443","AGTCACACAGAGTTGG-1_4_2"
"444","AGTCACAGTACCAATC-1_4_2"
"445","AGTCACATCCAAGGGA-1_4_2"
"446","AGTCACATCCGATTAG-1_4_2"
"447","AGTCACATCCTGTAAG-1_4_2"
"448","AGTCATGAGACCCGCT-1_4_2"
"449","AGTCATGAGATAGTCA-1_4_2"
"450","AGTCATGCACTGCGAC-1_4_2"
"451","AGTCTCCTCATCAGTG-1_4_2"
"452","AGTCTCCTCCATTGGA-1_4_2"
"453","AGTGACTAGCAATTCC-1_4_2"
"454","AGTGACTAGTATCTGC-1_4_2"
"455","AGTGACTCAGCGGTTC-1_4_2"
"456","AGTGACTTCAAAGGTA-1_4_2"
"457","AGTGACTTCTACCACC-1_4_2"
"458","AGTGATCTCCGCATAA-1_4_2"
"459","AGTGCCGAGCGACAGT-1_4_2"
"460","AGTGTTGCACAACCGC-1_4_2"
"461","AGTTAGCAGACCTGGA-1_4_2"
"462","AGTTCCCCAAGAGATT-1_4_2"
"463","AGTTCGAAGCAGTAAT-1_4_2"
"464","AGTTCGACATGTCGTA-1_4_2"
"465","AGTTCGATCGCGATCG-1_4_2"
"466","ATACCGAAGAGTTGCG-1_4_2"
"467","ATACCGAAGGTACTGG-1_4_2"
"468","ATACCGACAACACGAG-1_4_2"
"469","ATACCTTGTGACAACG-1_4_2"
"470","ATACTTCAGACGATAT-1_4_2"
"471","ATACTTCAGATACTGA-1_4_2"
"472","ATACTTCCACTGGACC-1_4_2"
"473","ATACTTCCACTTCTCG-1_4_2"
"474","ATACTTCTCGACCATA-1_4_2"
"475","ATAGACCGTTATAGCC-1_4_2"
"476","ATAGACCTCTTGCAAG-1_4_2"
"477","ATAGACCTCTTTACAC-1_4_2"
"478","ATAGAGAAGCACTCTA-1_4_2"
"479","ATAGAGACACTTCCTG-1_4_2"
"480","ATAGAGACAGAAATCA-1_4_2"
"481","ATAGAGACATCGCTGG-1_4_2"
"482","ATAGAGAGTATGGAAT-1_4_2"
"483","ATAGGCTAGTAGCAAT-1_4_2"
"484","ATAGGCTCATTGTCGA-1_4_2"
"485","ATAGGCTTCATCTATC-1_4_2"
"486","ATATCCTAGACAGCGT-1_4_2"
"487","ATATCCTCATACCACA-1_4_2"
"488","ATATCCTCATTCGATG-1_4_2"
"489","ATCACAGAGCTCGGCT-1_4_2"
"490","ATCACAGGTCTACAGT-1_4_2"
"491","ATCACGAAGACAACTA-1_4_2"
"492","ATCACGAAGTAGCCAG-1_4_2"
"493","ATCACGACACCCAATA-1_4_2"
"494","ATCACGATCACCCTTG-1_4_2"
"495","ATCACTTAGAAACCAT-1_4_2"
"496","ATCACTTAGCTCCACG-1_4_2"
"497","ATCACTTAGTAGAGTT-1_4_2"
"498","ATCACTTAGTTGTCAC-1_4_2"
"499","ATCAGGTTCTCGCCTA-1_4_2"
"500","ATCATTCAGAGTACCG-1_4_2"
"501","ATCATTCCATAGGCGA-1_4_2"
"502","ATCATTCGTAGAATGT-1_4_2"
"503","ATCATTCTCATTACGG-1_4_2"
"504","ATCCACCGTGGATACG-1_4_2"
"505","ATCCACCGTGGTCTAT-1_4_2"
"506","ATCCACCTCCCAAGCG-1_4_2"
"507","ATCCACCTCTACGGGC-1_4_2"
"508","ATCCATTCAGACGCTC-1_4_2"
"509","ATCCATTCAGGATGAC-1_4_2"
"510","ATCCATTGTACATTGC-1_4_2"
"511","ATCCATTGTACTGGGA-1_4_2"
"512","ATCCATTTCAGCTGTA-1_4_2"
"513","ATCCCTGAGGATATGT-1_4_2"
"514","ATCCCTGGTGAGTTGG-1_4_2"
"515","ATCCGTCTCATTTCGT-1_4_2"
"516","ATCCGTCTCGAGCACC-1_4_2"
"517","ATCCTATCAGTTACCA-1_4_2"
"518","ATCCTATGTAAGATTG-1_4_2"
"519","ATCCTATTCGGTGCAC-1_4_2"
"520","ATCGATGAGCACTCGC-1_4_2"
"521","ATCGATGAGCTGAGCA-1_4_2"
"522","ATCGATGAGGACAACC-1_4_2"
"523","ATCGATGGTCATACCA-1_4_2"
"524","ATCGATGGTCCAGGTC-1_4_2"
"525","ATCGATGTCTTGCAAG-1_4_2"
"526","ATCGCCTCACGGATCC-1_4_2"
"527","ATCGCCTGTGAAAGTT-1_4_2"
"528","ATCGGATAGGTAAGTT-1_4_2"
"529","ATCGGATAGGTCGTCC-1_4_2"
"530","ATCGGATCAAATCGTC-1_4_2"
"531","ATCGGATGTGATGAAT-1_4_2"
"532","ATCGGCGAGACTCTTG-1_4_2"
"533","ATCGGCGCAAAGGGCT-1_4_2"
"534","ATCGGCGCAATAACGA-1_4_2"
"535","ATCGGCGGTCCAGTTA-1_4_2"
"536","ATCGTAGAGATGTTGA-1_4_2"
"537","ATCGTAGAGCGCCATC-1_4_2"
"538","ATCGTCCAGCGACCCT-1_4_2"
"539","ATCGTCCCAGCACCCA-1_4_2"
"540","ATCGTCCGTATTCTCT-1_4_2"
"541","ATCGTCCTCCGCACGA-1_4_2"
"542","ATCGTGAGTAGAAACT-1_4_2"
"543","ATCGTGAGTGTTACTG-1_4_2"
"544","ATCTCTAAGTCTGGTT-1_4_2"
"545","ATCTCTACACAGCTGC-1_4_2"
"546","ATCTCTATCACTTGTT-1_4_2"
"547","ATCTCTATCTAGAGCT-1_4_2"
"548","ATCTTCAAGATAGTGT-1_4_2"
"549","ATCTTCAAGTGTACAA-1_4_2"
"550","ATCTTCACACTGGCGT-1_4_2"
"551","ATCTTCACAGTCTTCC-1_4_2"
"552","ATCTTCACATACTGTG-1_4_2"
"553","ATCTTCACATCGGTTA-1_4_2"
"554","ATGAAAGAGTCCGTCG-1_4_2"
"555","ATGAAAGCAGTTAGGG-1_4_2"
"556","ATGAAAGCATAAGCGG-1_4_2"
"557","ATGAAAGTCGGCTGGT-1_4_2"
"558","ATGACCACACCAGCCA-1_4_2"
"559","ATGACCAGTTGGCCTG-1_4_2"
"560","ATGAGGGAGGCCTAGA-1_4_2"
"561","ATGAGGGAGTAACCGG-1_4_2"
"562","ATGAGGGTCCCTCATG-1_4_2"
"563","ATGAGTCCACCCTCTA-1_4_2"
"564","ATGAGTCCAGGGACTA-1_4_2"
"565","ATGAGTCGTAAGATCA-1_4_2"
"566","ATGATCGAGGAGAGTA-1_4_2"
"567","ATGATCGCACAAAGCG-1_4_2"
"568","ATGATCGCAGGTGACA-1_4_2"
"569","ATGCATGCAGTGTGCC-1_4_2"
"570","ATGCATGGTTCAGCTA-1_4_2"
"571","ATGCATGTCGTACACA-1_4_2"
"572","ATGCCTCCAGATTTCG-1_4_2"
"573","ATGCGATAGAACCGCA-1_4_2"
"574","ATGCGATAGCAAGCCA-1_4_2"
"575","ATGCGATCAGAGTTGG-1_4_2"
"576","ATGGAGGGTTCTCCTG-1_4_2"
"577","ATGGAGGTCTAAACGC-1_4_2"
"578","ATGGATCGTATGTCTG-1_4_2"
"579","ATGGATCTCGGCCTTT-1_4_2"
"580","ATGGGAGCAGCATACT-1_4_2"
"581","ATGGGAGGTTGTACGT-1_4_2"
"582","ATGGGTTCACCCAATA-1_4_2"
"583","ATGGTTGCAAGTAGTA-1_4_2"
"584","ATGGTTGGTCCTGAAT-1_4_2"
"585","ATGGTTGGTTCTTCAT-1_4_2"
"586","ATGTCCCAGGGCAAGG-1_4_2"
"587","ATGTCCCCAAGGCAAC-1_4_2"
"588","ATGTCCCCACCGCTGA-1_4_2"
"589","ATGTCCCGTGAGTCAG-1_4_2"
"590","ATGTCTTGTTGGGATG-1_4_2"
"591","ATTACCTGTCAAAGCG-1_4_2"
"592","ATTACCTTCGTCTCAC-1_4_2"
"593","ATTACTCAGCGTACAG-1_4_2"
"594","ATTACTCTCCAGCCTT-1_4_2"
"595","ATTATCCCATCGTGCG-1_4_2"
"596","ATTCACTAGTGGTCAG-1_4_2"
"597","ATTCACTAGTTGCATC-1_4_2"
"598","ATTCACTCAGGCTACC-1_4_2"
"599","ATTCACTGTATGCTTG-1_4_2"
"600","ATTCACTGTTTGGGTT-1_4_2"
"601","ATTCAGGAGGGTATAT-1_4_2"
"602","ATTCAGGCACTGAGTT-1_4_2"
"603","ATTCAGGGTATATGGA-1_4_2"
"604","ATTCATCAGAGATTCA-1_4_2"
"605","ATTCATCCAAAGCACG-1_4_2"
"606","ATTCATCTCAAACCCA-1_4_2"
"607","ATTCATCTCGCTGATA-1_4_2"
"608","ATTCCATAGGATATAC-1_4_2"
"609","ATTCCCGCACCAATTG-1_4_2"
"610","ATTCCCGTCTCACTCG-1_4_2"
"611","ATTCCTATCTTGGCTC-1_4_2"
"612","ATTCTACCATAATGAG-1_4_2"
"613","ATTCTACTCAACACGT-1_4_2"
"614","ATTCTACTCGAGAAAT-1_4_2"
"615","ATTCTTGCAGTTGCGC-1_4_2"
"616","ATTCTTGTCAAGTTGC-1_4_2"
"617","ATTGGGTCAGTAGAAT-1_4_2"
"618","ATTGGGTCATCATTGG-1_4_2"
"619","ATTGGGTCATTGAAGA-1_4_2"
"620","ATTGGGTTCCGCAACG-1_4_2"
"621","ATTGGGTTCTAAGAAG-1_4_2"
"622","ATTGTTCAGGTCGCCT-1_4_2"
"623","ATTGTTCCAAGTGGCA-1_4_2"
"624","ATTGTTCGTAGATTGA-1_4_2"
"625","ATTGTTCGTTGCTAGT-1_4_2"
"626","ATTGTTCTCTGGAGAG-1_4_2"
"627","ATTTACCCAAATCGTC-1_4_2"
"628","ATTTACCGTACAAACA-1_4_2"
"629","ATTTACCGTGGCTGCT-1_4_2"
"630","ATTTACCTCACTTGGA-1_4_2"
"631","ATTTCACTCCTGTTGC-1_4_2"
"632","ATTTCTGCACAAAGTA-1_4_2"
"633","ATTTCTGCATCATGAC-1_4_2"
"634","ATTTCTGGTACATACC-1_4_2"
"635","ATTTCTGTCCAACACA-1_4_2"
"636","CAAAGAACAGGTCAAG-1_4_2"
"637","CAACCAAAGTGCAAAT-1_4_2"
"638","CAACCAACAGCTGTGC-1_4_2"
"639","CAACCAATCGTTCCTG-1_4_2"
"640","CAACCTCAGTTGCTCA-1_4_2"
"641","CAACCTCGTGTTACTG-1_4_2"
"642","CAACCTCTCGTTATCT-1_4_2"
"643","CAACGATAGATACGAT-1_4_2"
"644","CAACGATGTAGATGTA-1_4_2"
"645","CAACGATGTGGAGAAA-1_4_2"
"646","CAACGGCAGCTGAAAT-1_4_2"
"647","CAACGGCAGTCGGGAT-1_4_2"
"648","CAACGGCCATCAGTCA-1_4_2"
"649","CAACGGCGTGGCTGCT-1_4_2"
"650","CAACGGCGTTCACCGG-1_4_2"
"651","CAACGGCTCAAGGAGC-1_4_2"
"652","CAAGACTAGCCGTAAG-1_4_2"
"653","CAAGACTCAGAAGTTA-1_4_2"
"654","CAAGACTTCCCGTAAA-1_4_2"
"655","CAAGAGGCAAACTCTG-1_4_2"
"656","CAAGAGGCAATGCTCA-1_4_2"
"657","CAAGAGGCATGGTACT-1_4_2"
"658","CAAGAGGGTATGCGGA-1_4_2"
"659","CAAGAGGTCCTTCAGC-1_4_2"
"660","CAAGCTAAGGTACAGC-1_4_2"
"661","CAAGCTACAGCAGTTT-1_4_2"
"662","CAAGCTAGTTCACGAT-1_4_2"
"663","CAAGCTATCCAAGCAT-1_4_2"
"664","CAAGGGAAGAATTGTG-1_4_2"
"665","CAAGGGAAGACCGCCT-1_4_2"
"666","CAAGGGAAGTTGGCGA-1_4_2"
"667","CAATACGAGGAACGAA-1_4_2"
"668","CAATACGGTAGGACTG-1_4_2"
"669","CAATACGTCACATACG-1_4_2"
"670","CAATCGAAGGATTTAG-1_4_2"
"671","CAATCGATCAGCCTTC-1_4_2"
"672","CAATCGATCCCAGTGG-1_4_2"
"673","CAATGACCAACGACTT-1_4_2"
"674","CAATGACTCCTCTCTT-1_4_2"
"675","CAATTTCCAATGGGTG-1_4_2"
"676","CAATTTCCATGAATCC-1_4_2"
"677","CAATTTCGTTGCTAGT-1_4_2"
"678","CACAACAAGAGTGACC-1_4_2"
"679","CACAACAGTGAACGGT-1_4_2"
"680","CACAACATCACCGACG-1_4_2"
"681","CACACAACACGGCACT-1_4_2"
"682","CACACAACAGAATTCC-1_4_2"
"683","CACACAAGTACTAACC-1_4_2"
"684","CACACAAGTCGCTCGA-1_4_2"
"685","CACACAATCCGTGGGT-1_4_2"
"686","CACACAATCCTACAAG-1_4_2"
"687","CACACAATCGCAAGAG-1_4_2"
"688","CACAGATAGGAACGAA-1_4_2"
"689","CACAGGCAGAGTTGTA-1_4_2"
"690","CACATGAAGCTCCCTT-1_4_2"
"691","CACATGAAGGATCATA-1_4_2"
"692","CACATGACAAGGCGTA-1_4_2"
"693","CACATGACACTCCTGT-1_4_2"
"694","CACATGAGTACAAGTA-1_4_2"
"695","CACATGATCTGGACCG-1_4_2"
"696","CACGAATAGGGTCTTT-1_4_2"
"697","CACGGGTAGTAGTCAA-1_4_2"
"698","CACGGGTGTAGAAACT-1_4_2"
"699","CACGGGTGTAGTCCTA-1_4_2"
"700","CACGGGTGTGGCTTAT-1_4_2"
"701","CACGGGTTCCTAGAGT-1_4_2"
"702","CACGGGTTCGAGCCAC-1_4_2"
"703","CACGTGGGTATCGTGT-1_4_2"
"704","CACGTGGTCTACCTTA-1_4_2"
"705","CACGTTCAGCAGAAAG-1_4_2"
"706","CACGTTCAGGTGGTTG-1_4_2"
"707","CACGTTCAGTGTAGTA-1_4_2"
"708","CACGTTCGTTGGATCT-1_4_2"
"709","CACTAAGAGGATCACG-1_4_2"
"710","CACTAAGCAAACCGGA-1_4_2"
"711","CACTAAGCACGGCCAT-1_4_2"
"712","CACTAAGGTACCCGAC-1_4_2"
"713","CACTGAAGTTAGGGTG-1_4_2"
"714","CACTGGGAGCGAAACC-1_4_2"
"715","CACTGGGCAAATGCTC-1_4_2"
"716","CACTGGGCAATACCTG-1_4_2"
"717","CACTGGGCATCGATCA-1_4_2"
"718","CACTGTCGTCCGTACG-1_4_2"
"719","CACTTCGTCATGCGGC-1_4_2"
"720","CACTTCGTCCACGAAT-1_4_2"
"721","CAGAGCCCAATCCAGT-1_4_2"
"722","CAGAGCCGTTGCCATA-1_4_2"
"723","CAGAGCCTCACCCATC-1_4_2"
"724","CAGATACAGATGGCAC-1_4_2"
"725","CAGATACAGGTGCCAA-1_4_2"
"726","CAGATCAAGCTGTTAC-1_4_2"
"727","CAGATCAAGGTACATA-1_4_2"
"728","CAGATCAGTCTTCTAT-1_4_2"
"729","CAGATCAGTGCCGGTT-1_4_2"
"730","CAGATTGAGATTGAGT-1_4_2"
"731","CAGATTGCAACGCCCA-1_4_2"
"732","CAGATTGCAAGCAATA-1_4_2"
"733","CAGATTGCACGCAGTC-1_4_2"
"734","CAGATTGGTTGGGACA-1_4_2"
"735","CAGCAATTCACCCATC-1_4_2"
"736","CAGCACGAGTGGAATT-1_4_2"
"737","CAGCACGAGTTCCAGT-1_4_2"
"738","CAGCACGAGTTGGCTT-1_4_2"
"739","CAGCACGCACGCTTAA-1_4_2"
"740","CAGCACGGTCTCTCTG-1_4_2"
"741","CAGCACGGTGTGGTCC-1_4_2"
"742","CAGCAGCCACTGGAAG-1_4_2"
"743","CAGCAGCCAGCTGAAG-1_4_2"
"744","CAGCAGCTCAGACCGC-1_4_2"
"745","CAGCCAGAGCAAGGAA-1_4_2"
"746","CAGCCAGCAACATACC-1_4_2"
"747","CAGCCAGCACGAGGTA-1_4_2"
"748","CAGCCAGCAGGGATAC-1_4_2"
"749","CAGCCAGGTGTCACAT-1_4_2"
"750","CAGCCAGTCATGGCCG-1_4_2"
"751","CAGCCAGTCCGACATA-1_4_2"
"752","CAGCCAGTCGCATGAT-1_4_2"
"753","CAGCGTGGTAGTTCCA-1_4_2"
"754","CAGGCCAGTGGATCAG-1_4_2"
"755","CAGGCCAGTGTGGACA-1_4_2"
"756","CAGGGCTAGAAGCGCT-1_4_2"
"757","CAGGGCTAGCCAGACA-1_4_2"
"758","CAGGGCTCAGAGGGTT-1_4_2"
"759","CAGGGCTGTGGGTATG-1_4_2"
"760","CAGGGCTTCCTGGGTG-1_4_2"
"761","CAGGTATAGCAGTACG-1_4_2"
"762","CAGGTATGTCACGACC-1_4_2"
"763","CAGGTATGTGCTCGTG-1_4_2"
"764","CAGGTATTCAGCTGTA-1_4_2"
"765","CAGTGCGGTGAGTTTC-1_4_2"
"766","CAGTGCGTCCGTTGAA-1_4_2"
"767","CAGTTCCTCTCTAAGG-1_4_2"
"768","CATAAGCAGTAATACG-1_4_2"
"769","CATAAGCTCACCGGGT-1_4_2"
"770","CATACAGCATGAAGGC-1_4_2"
"771","CATACAGGTCAGGAGT-1_4_2"
"772","CATACAGGTCGAGCAA-1_4_2"
"773","CATACCCAGTCCCAAT-1_4_2"
"774","CATACCCGTGAATTAG-1_4_2"
"775","CATACCCGTTGGTAGG-1_4_2"
"776","CATACTTCAGCCGTCA-1_4_2"
"777","CATACTTCAGTTGTCA-1_4_2"
"778","CATACTTGTCAGGCAA-1_4_2"
"779","CATACTTGTGGCGTAA-1_4_2"
"780","CATACTTGTTAGGGTG-1_4_2"
"781","CATAGACCACCCAAGC-1_4_2"
"782","CATAGACGTGGTTTGT-1_4_2"
"783","CATCAAGGTCCACTTC-1_4_2"
"784","CATCCACCATGGCTAT-1_4_2"
"785","CATCCGTAGCCGAATG-1_4_2"
"786","CATCCGTAGCGAACTG-1_4_2"
"787","CATCCGTAGTAGCCAG-1_4_2"
"788","CATCCGTCAGGACAGT-1_4_2"
"789","CATCGCTAGTTTCGAC-1_4_2"
"790","CATCGGGCAACAGTGG-1_4_2"
"791","CATCGGGCATGCCGCA-1_4_2"
"792","CATCGTCCACTGCGTG-1_4_2"
"793","CATCGTCCAGTAACAA-1_4_2"
"794","CATCGTCGTAGTGGCA-1_4_2"
"795","CATCGTCTCTCTCGCA-1_4_2"
"796","CATGAGTTCATTTCGT-1_4_2"
"797","CATGAGTTCCTCTCTT-1_4_2"
"798","CATGCAAGTCAAAGTA-1_4_2"
"799","CATGCCTAGATCGGTG-1_4_2"
"800","CATGCGGAGTATGACA-1_4_2"
"801","CATGCGGGTCCAGCCA-1_4_2"
"802","CATGCGGTCTAGACCA-1_4_2"
"803","CATGCTCAGGTGAGAA-1_4_2"
"804","CATGCTCTCCACTGAA-1_4_2"
"805","CATGCTCTCGGTGTAT-1_4_2"
"806","CATGGATCATCTCGTC-1_4_2"
"807","CATGGTACAAAGTATG-1_4_2"
"808","CATGGTAGTTCACGAT-1_4_2"
"809","CATGGTATCACAAGAA-1_4_2"
"810","CATGGTATCCATGCAA-1_4_2"
"811","CATTCATAGTCATGGG-1_4_2"
"812","CATTCATCAGCCCAGT-1_4_2"
"813","CATTCATTCATGCAGT-1_4_2"
"814","CATTCATTCTGGCCTT-1_4_2"
"815","CATTCCGAGAAGGCTC-1_4_2"
"816","CATTCCGAGCTGACTT-1_4_2"
"817","CATTCCGCAAGCGAGT-1_4_2"
"818","CATTCCGTCCAGCAAT-1_4_2"
"819","CATTCTACATTCTTCA-1_4_2"
"820","CATTCTATCCGTGTCT-1_4_2"
"821","CATTGAGAGCGCCTCA-1_4_2"
"822","CATTGAGAGTACAGAT-1_4_2"
"823","CATTGCCGTATCATGC-1_4_2"
"824","CATTGCCGTGTCATCA-1_4_2"
"825","CATTGTTAGCAAGTGC-1_4_2"
"826","CATTGTTCATTAGGCT-1_4_2"
"827","CATTGTTGTCTCACAA-1_4_2"
"828","CATTTCAAGTCGAAAT-1_4_2"
"829","CATTTCACAAAGTGTA-1_4_2"
"830","CATTTCACATCTGCGG-1_4_2"
"831","CATTTCATCTATGTGG-1_4_2"
"832","CATTTCATCTGTAACG-1_4_2"
"833","CCAAGCGGTGTCCGGT-1_4_2"
"834","CCAAGCGTCTATTCGT-1_4_2"
"835","CCAATGAAGTTAGTGA-1_4_2"
"836","CCAATGAGTAACACCT-1_4_2"
"837","CCAATGAGTCTCGACG-1_4_2"
"838","CCAATGAGTTACCTTT-1_4_2"
"839","CCACAAAAGCGTTACT-1_4_2"
"840","CCACAAAAGTCCGTCG-1_4_2"
"841","CCACAAACAGTCGCTG-1_4_2"
"842","CCACAAAGTAGGTTTC-1_4_2"
"843","CCACAAATCAGATGCT-1_4_2"
"844","CCACACTGTCCCGTGA-1_4_2"
"845","CCACACTGTTTGTTGG-1_4_2"
"846","CCACCATAGCCTAGGA-1_4_2"
"847","CCACGAGAGATGCTAA-1_4_2"
"848","CCACGTTAGTTCCTGA-1_4_2"
"849","CCACGTTCAAAGGCAC-1_4_2"
"850","CCACGTTGTGTCACAT-1_4_2"
"851","CCACTTGCATCCGGTG-1_4_2"
"852","CCATAAGAGACGGTCA-1_4_2"
"853","CCATAAGAGCCGTAAG-1_4_2"
"854","CCATCACAGGGCAGAG-1_4_2"
"855","CCATCACAGTAACGTA-1_4_2"
"856","CCCATTGAGAATCCCT-1_4_2"
"857","CCCATTGCAATCGCCG-1_4_2"
"858","CCCGAAGCACGGCTAC-1_4_2"
"859","CCCGAAGGTGTGTCCG-1_4_2"
"860","CCCGAAGTCACGATAC-1_4_2"
"861","CCCGAAGTCCACGGGT-1_4_2"
"862","CCCGGAACACGGTCTG-1_4_2"
"863","CCCGGAAGTACACGTT-1_4_2"
"864","CCCTAACAGTCAGAGC-1_4_2"
"865","CCCTAACAGTCCGCGT-1_4_2"
"866","CCCTCTCGTCGTGGTC-1_4_2"
"867","CCCTCTCTCATGACAC-1_4_2"
"868","CCCTCTCTCTCTGAGA-1_4_2"
"869","CCCTGATAGGCTGGAT-1_4_2"
"870","CCCTGATCAAGTGCTT-1_4_2"
"871","CCCTGATTCGGCTGGT-1_4_2"
"872","CCCTTAGGTCGCAGTC-1_4_2"
"873","CCCTTAGGTGTTCGTA-1_4_2"
"874","CCCTTAGGTTTCGCTC-1_4_2"
"875","CCGAACGCAACACAGG-1_4_2"
"876","CCGAACGCAAGTACCT-1_4_2"
"877","CCGAACGCAGCTATTG-1_4_2"
"878","CCGAACGGTCGATTAC-1_4_2"
"879","CCGAACGGTGTGTGTT-1_4_2"
"880","CCGAACGTCAGACATC-1_4_2"
"881","CCGATCTAGCTACAAA-1_4_2"
"882","CCGATCTGTATCGTTG-1_4_2"
"883","CCGATCTTCGTAGAGG-1_4_2"
"884","CCGATGGAGACATCCT-1_4_2"
"885","CCGATGGCATACATCG-1_4_2"
"886","CCGATGGTCCTCACCA-1_4_2"
"887","CCGCAAGAGTAGGTTA-1_4_2"
"888","CCGCAAGCAGAAATCA-1_4_2"
"889","CCGCAAGGTTATAGAG-1_4_2"
"890","CCGGACAAGGGTACAC-1_4_2"
"891","CCGGACAAGTAACCTC-1_4_2"
"892","CCGGACACACCTGATA-1_4_2"
"893","CCGGACATCTCGTTTA-1_4_2"
"894","CCGGGTAAGCCGCTTG-1_4_2"
"895","CCGGGTAGTGATACTC-1_4_2"
"896","CCGGGTAGTGCATACT-1_4_2"
"897","CCGGGTAGTTCCGTTC-1_4_2"
"898","CCGGTAGAGTTCGGTT-1_4_2"
"899","CCGGTAGCATGGGTTT-1_4_2"
"900","CCGGTGAAGGCGTTGA-1_4_2"
"901","CCGGTGAAGTCATAGA-1_4_2"
"902","CCGTAGGCACCCGTAG-1_4_2"
"903","CCGTAGGCAGTATGAA-1_4_2"
"904","CCGTGAGAGTAGCCAG-1_4_2"
"905","CCGTGAGGTAGGTAGC-1_4_2"
"906","CCGTTCACAAGTTTGC-1_4_2"
"907","CCGTTCACATACAGAA-1_4_2"
"908","CCGTTCATCAGGAAAT-1_4_2"
"909","CCGTTCATCCTTACCG-1_4_2"
"910","CCGTTCATCTAATTCC-1_4_2"
"911","CCTAACCAGAGCCCAA-1_4_2"
"912","CCTAACCAGGAGTACC-1_4_2"
"913","CCTAACCGTTACCCTC-1_4_2"
"914","CCTAAGAAGGGAGTGG-1_4_2"
"915","CCTAAGATCCTTGACC-1_4_2"
"916","CCTACGTAGGGTACGT-1_4_2"
"917","CCTACGTCAAGGTCAG-1_4_2"
"918","CCTACGTCATTGTGCA-1_4_2"
"919","CCTACGTGTGGAATGC-1_4_2"
"920","CCTACGTTCCACACCT-1_4_2"
"921","CCTATCGGTACCGCGT-1_4_2"
"922","CCTATCGGTTTCAGAC-1_4_2"
"923","CCTATCGTCGAACTCA-1_4_2"
"924","CCTCAACAGGCTGTAG-1_4_2"
"925","CCTCAACAGTGCTAGG-1_4_2"
"926","CCTCAACCATACAGAA-1_4_2"
"927","CCTCAACTCAGTCCGG-1_4_2"
"928","CCTCAACTCGGCAGTC-1_4_2"
"929","CCTCACAGTAGTGTGG-1_4_2"
"930","CCTCACAGTGGAGAAA-1_4_2"
"931","CCTCACATCATTGCTT-1_4_2"
"932","CCTCACATCTCGACGG-1_4_2"
"933","CCTCAGTCAAAGGATT-1_4_2"
"934","CCTCATGAGGGCATGT-1_4_2"
"935","CCTCCAAGTATTTCCT-1_4_2"
"936","CCTCCTCGTACAGTCT-1_4_2"
"937","CCTCCTCGTCGTGCCA-1_4_2"
"938","CCTCTCCCAGGGCTTC-1_4_2"
"939","CCTCTCCGTACGGCAA-1_4_2"
"940","CCTGCATAGGAGATAG-1_4_2"
"941","CCTGCATGTTCGGTCG-1_4_2"
"942","CCTGCATTCAACTCTT-1_4_2"
"943","CCTGCATTCCTCCACA-1_4_2"
"944","CCTGTTGAGTCTGCAT-1_4_2"
"945","CCTGTTGGTCTACATG-1_4_2"
"946","CCTGTTGGTGACACGA-1_4_2"
"947","CCTTCAGGTTATGTGC-1_4_2"
"948","CCTTGTGAGTTTGGCT-1_4_2"
"949","CCTTGTGGTCCACTTC-1_4_2"
"950","CCTTGTGTCCTGTTGC-1_4_2"
"951","CCTTTGGAGACGCAGT-1_4_2"
"952","CCTTTGGGTATGAAGT-1_4_2"
"953","CGAAGGACAGCGTTGC-1_4_2"
"954","CGAAGGACATTAAAGG-1_4_2"
"955","CGAAGTTAGACCTCCG-1_4_2"
"956","CGAAGTTAGGCGTTGA-1_4_2"
"957","CGAAGTTCAGGCCTGT-1_4_2"
"958","CGAAGTTTCATCTACT-1_4_2"
"959","CGAATTGAGTGACACG-1_4_2"
"960","CGAATTGCATAGTCAC-1_4_2"
"961","CGAATTGGTCTTGAGT-1_4_2"
"962","CGACAGCAGATTAGCA-1_4_2"
"963","CGACAGCGTGCGCTCA-1_4_2"
"964","CGACAGCGTTCCACGG-1_4_2"
"965","CGAGAAGGTACTTGTG-1_4_2"
"966","CGAGAAGGTCATGACT-1_4_2"
"967","CGAGAAGTCGTGCATA-1_4_2"
"968","CGAGGAAGTGACTAAA-1_4_2"
"969","CGAGGAATCGCCAATA-1_4_2"
"970","CGAGGAATCTACTGCC-1_4_2"
"971","CGAGGCTCACAAAGCG-1_4_2"
"972","CGAGGCTCAGCCATTA-1_4_2"
"973","CGAGTGCAGGCGATAC-1_4_2"
"974","CGAGTGCTCAGCCTCT-1_4_2"
"975","CGAGTTATCAATGCAC-1_4_2"
"976","CGAGTTATCTGTAACG-1_4_2"
"977","CGATCGGAGCTGCCAC-1_4_2"
"978","CGATCGGAGTAGCATA-1_4_2"
"979","CGATCGGTCACGTAGT-1_4_2"
"980","CGATGCGGTAGTCGTT-1_4_2"
"981","CGATGCGTCCATGCAA-1_4_2"
"982","CGATGGCAGGACAACC-1_4_2"
"983","CGATGGCCAGCCTATA-1_4_2"
"984","CGATGGCGTCAACCTA-1_4_2"
"985","CGATGGCGTCAGGAGT-1_4_2"
"986","CGATGGCGTTGGCTAT-1_4_2"
"987","CGATGGCTCCGCGAGT-1_4_2"
"988","CGCAGGTAGTGGTTGG-1_4_2"
"989","CGCAGGTGTCGTTGGC-1_4_2"
"990","CGCAGGTGTTTGACAC-1_4_2"
"991","CGCAGGTTCAAGGCTT-1_4_2"
"992","CGCAGGTTCACTGATG-1_4_2"
"993","CGCAGGTTCCGCTTAC-1_4_2"
"994","CGCATAAAGAGGTGCT-1_4_2"
"995","CGCATAAAGGCCTAGA-1_4_2"
"996","CGCATAATCAGCGTCG-1_4_2"
"997","CGCATGGAGCGCGTTC-1_4_2"
"998","CGCATGGCACTCCGGA-1_4_2"
"999","CGCATGGGTCGTATTG-1_4_2"
"1000","CGCCAGACACTCAAGT-1_4_2"
"1001","CGCCAGAGTGCACGCT-1_4_2"
"1002","CGCCAGAGTGTACAGG-1_4_2"
"1003","CGCCAGATCACGGGCT-1_4_2"
"1004","CGCCATTCAGACCGCT-1_4_2"
"1005","CGCCATTGTCCCACGA-1_4_2"
"1006","CGCGTGATCTACACAG-1_4_2"
"1007","CGGAACCAGGTGAGAA-1_4_2"
"1008","CGGAACCCAAATTGGA-1_4_2"
"1009","CGGAACCGTACGATTC-1_4_2"
"1010","CGGAACCGTGCCAAGA-1_4_2"
"1011","CGGAACCGTGGGACAT-1_4_2"
"1012","CGGAACCTCAGAGCGA-1_4_2"
"1013","CGGAATTAGGTCGTCC-1_4_2"
"1014","CGGAATTAGTTCTCTT-1_4_2"
"1015","CGGAATTCACTACACA-1_4_2"
"1016","CGGAATTGTTGGGCCT-1_4_2"
"1017","CGGACACGTCTTTCAT-1_4_2"
"1018","CGGACACGTGCCTTCT-1_4_2"
"1019","CGGAGAACAAGAGAGA-1_4_2"
"1020","CGGAGAAGTTCTTAGG-1_4_2"
"1021","CGGAGAATCACGGAGA-1_4_2"
"1022","CGGCAGTCAAGTGGTG-1_4_2"
"1023","CGGCAGTGTAATCAGA-1_4_2"
"1024","CGGCAGTGTTCTCCAC-1_4_2"
"1025","CGGCAGTTCACGATCA-1_4_2"
"1026","CGGGACTGTCCTCATC-1_4_2"
"1027","CGGGACTGTTCCAAAC-1_4_2"
"1028","CGGGCATCACCTTCCA-1_4_2"
"1029","CGGGTCAAGGAAGTAG-1_4_2"
"1030","CGGGTCAGTAGCTGCC-1_4_2"
"1031","CGGGTCAGTCTGTTAG-1_4_2"
"1032","CGGGTCAGTGCGGCTT-1_4_2"
"1033","CGGGTCATCAACCTCC-1_4_2"
"1034","CGGGTGTAGTGGTTAA-1_4_2"
"1035","CGGGTGTGTACCCACG-1_4_2"
"1036","CGGGTGTTCCCATAGA-1_4_2"
"1037","CGGTCAGAGGCCTGCT-1_4_2"
"1038","CGGTCAGAGGTAAAGG-1_4_2"
"1039","CGGTCAGAGTTTCGAC-1_4_2"
"1040","CGGTCAGCAGAGACTG-1_4_2"
"1041","CGGTCAGGTTCCGTTC-1_4_2"
"1042","CGGTCAGGTTCTCACC-1_4_2"
"1043","CGTAAGTAGGCAGGGA-1_4_2"
"1044","CGTAAGTGTGTATTGC-1_4_2"
"1045","CGTAATGAGCGCCCAT-1_4_2"
"1046","CGTAATGGTCAGGAGT-1_4_2"
"1047","CGTAATGTCCTGGGAC-1_4_2"
"1048","CGTAATGTCTGACAGT-1_4_2"
"1049","CGTAGTAGTCCAACGC-1_4_2"
"1050","CGTCAAAAGTTGCTCA-1_4_2"
"1051","CGTCAAACACAAGCTT-1_4_2"
"1052","CGTCAAACAGCACGAA-1_4_2"
"1053","CGTCCATAGGGTACAC-1_4_2"
"1054","CGTCCATCATCGTGCG-1_4_2"
"1055","CGTCCATTCATGGCCG-1_4_2"
"1056","CGTGAATCAGCCGTTG-1_4_2"
"1057","CGTGAATCATGGGCAA-1_4_2"
"1058","CGTGAATGTCATCAGT-1_4_2"
"1059","CGTGAATGTCCATACA-1_4_2"
"1060","CGTGATAAGGCCACTC-1_4_2"
"1061","CGTGATACATATACCG-1_4_2"
"1062","CGTGATAGTGATCGTT-1_4_2"
"1063","CGTGCTTAGTCAGCCC-1_4_2"
"1064","CGTGCTTGTACGCTAT-1_4_2"
"1065","CGTGCTTTCAATCTTC-1_4_2"
"1066","CGTGCTTTCTCGGTAA-1_4_2"
"1067","CGTGTCTCAAGGTCGA-1_4_2"
"1068","CGTTAGAAGGTTAGTA-1_4_2"
"1069","CGTTAGATCCTGATAG-1_4_2"
"1070","CGTTAGATCGAGTTGT-1_4_2"
"1071","CGTTAGATCGTGGCGT-1_4_2"
"1072","CGTTCTGAGCTATCCA-1_4_2"
"1073","CGTTCTGCACGACGCT-1_4_2"
"1074","CGTTGGGCACATACGT-1_4_2"
"1075","CGTTGGGGTTCTTAGG-1_4_2"
"1076","CGTTGGGTCCGTTTCG-1_4_2"
"1077","CGTTGGGTCGCGGACT-1_4_2"
"1078","CTAACCCAGGAACTCG-1_4_2"
"1079","CTAACTTCAAGACCTT-1_4_2"
"1080","CTAAGTGAGTAGGATT-1_4_2"
"1081","CTAAGTGTCTCCTGAC-1_4_2"
"1082","CTAAGTGTCTGTTGGA-1_4_2"
"1083","CTACAGAAGATGCGAC-1_4_2"
"1084","CTACAGACAAAGCAAT-1_4_2"
"1085","CTACAGACAACCAACT-1_4_2"
"1086","CTACAGATCGGACGTC-1_4_2"
"1087","CTACATTAGATTGTGA-1_4_2"
"1088","CTACATTAGTTTGCTG-1_4_2"
"1089","CTACATTGTGTCCGGT-1_4_2"
"1090","CTACCCACAAGTGTCT-1_4_2"
"1091","CTACCCACAAGTTTGC-1_4_2"
"1092","CTACCCAGTATCGGTT-1_4_2"
"1093","CTACCCATCTGGACTA-1_4_2"
"1094","CTACCTGAGACGAAGA-1_4_2"
"1095","CTACCTGAGCAGTAAT-1_4_2"
"1096","CTACGGGCATCGCTAA-1_4_2"
"1097","CTACGGGCATTGTGCA-1_4_2"
"1098","CTACGGGTCGTGCACG-1_4_2"
"1099","CTACTATAGGTGAGCT-1_4_2"
"1100","CTACTATCAAACTCTG-1_4_2"
"1101","CTACTATGTAACGTTC-1_4_2"
"1102","CTAGACAAGATGGCGT-1_4_2"
"1103","CTAGACAGTCAGGTGA-1_4_2"
"1104","CTAGGTACATGTTACG-1_4_2"
"1105","CTATAGGTCGACGACC-1_4_2"
"1106","CTATCCGAGGTAAAGG-1_4_2"
"1107","CTATCCGGTGTCGATT-1_4_2"
"1108","CTATCCGTCATCCCGT-1_4_2"
"1109","CTATCCGTCATGCTAG-1_4_2"
"1110","CTATCTACATGGAATA-1_4_2"
"1111","CTCAACCAGAGAGCCT-1_4_2"
"1112","CTCAACCTCAGGTAAA-1_4_2"
"1113","CTCAAGAAGGTCCGAA-1_4_2"
"1114","CTCAAGAAGTAACAGT-1_4_2"
"1115","CTCAAGACACAGTGAG-1_4_2"
"1116","CTCAATTAGGGACACT-1_4_2"
"1117","CTCAATTCACACAGCC-1_4_2"
"1118","CTCAATTGTTCTCGTC-1_4_2"
"1119","CTCAATTTCCTTGGAA-1_4_2"
"1120","CTCACTGCAAAGCACG-1_4_2"
"1121","CTCACTGCAAGCTGTT-1_4_2"
"1122","CTCACTGGTTAGAAGT-1_4_2"
"1123","CTCAGAAGTCCTACAA-1_4_2"
"1124","CTCAGAATCGTAGGAG-1_4_2"
"1125","CTCAGGGCACCTGCTT-1_4_2"
"1126","CTCAGGGTCCGAGAAG-1_4_2"
"1127","CTCAGTCCATCCTTCG-1_4_2"
"1128","CTCAGTCGTCTTGAAC-1_4_2"
"1129","CTCATCGCATCAGCGC-1_4_2"
"1130","CTCATCGCATCGGATT-1_4_2"
"1131","CTCATCGTCTGCGGGT-1_4_2"
"1132","CTCATCGTCTTACGGA-1_4_2"
"1133","CTCATGCAGGTTCTAC-1_4_2"
"1134","CTCATGCGTATCGCTA-1_4_2"
"1135","CTCATGCGTGTCACAT-1_4_2"
"1136","CTCATGCTCCTTATAC-1_4_2"
"1137","CTCATTAAGCACTAGG-1_4_2"
"1138","CTCATTACATACCGTA-1_4_2"
"1139","CTCATTACATCATTGG-1_4_2"
"1140","CTCATTAGTCCGCAGT-1_4_2"
"1141","CTCATTATCATTGCCC-1_4_2"
"1142","CTCCAACGTGTACGCC-1_4_2"
"1143","CTCCAACTCATGCCGG-1_4_2"
"1144","CTCCAACTCGTGGACC-1_4_2"
"1145","CTCCAACTCTGCTTAT-1_4_2"
"1146","CTCCACAAGTGTTGTC-1_4_2"
"1147","CTCCACACAAACACGG-1_4_2"
"1148","CTCCATGAGAATGTTG-1_4_2"
"1149","CTCCATGAGCTACTAC-1_4_2"
"1150","CTCCATGAGTGCGCTC-1_4_2"
"1151","CTCCATGCAAACCATC-1_4_2"
"1152","CTCCATGGTACTCCCT-1_4_2"
"1153","CTCCATGTCGGAAGGT-1_4_2"
"1154","CTCCCAAGTTTGAAAG-1_4_2"
"1155","CTCCCAATCGCTAAAC-1_4_2"
"1156","CTCCCTCAGAAATGGG-1_4_2"
"1157","CTCCGATTCGATTTCT-1_4_2"
"1158","CTCCGATTCTGAGAAA-1_4_2"
"1159","CTCCTCCCACCTGATA-1_4_2"
"1160","CTCCTCCTCAACTGAC-1_4_2"
"1161","CTCCTCCTCCTATTTG-1_4_2"
"1162","CTCCTTTCAATTCGTG-1_4_2"
"1163","CTCCTTTGTGATCATC-1_4_2"
"1164","CTCCTTTGTTCTTAGG-1_4_2"
"1165","CTCCTTTTCATAAGGA-1_4_2"
"1166","CTCCTTTTCTAGTGAC-1_4_2"
"1167","CTCGAGGAGATCGCTT-1_4_2"
"1168","CTCGAGGCAAATAAGC-1_4_2"
"1169","CTCGAGGGTAGGTCAG-1_4_2"
"1170","CTCGAGGGTCGAAGCA-1_4_2"
"1171","CTCGAGGGTGTCTAAC-1_4_2"
"1172","CTCTCAGAGTAGCATA-1_4_2"
"1173","CTCTCAGGTACGTAGG-1_4_2"
"1174","CTCTCAGTCAAGAAAC-1_4_2"
"1175","CTCTCGAAGACCCTTA-1_4_2"
"1176","CTCTGGTCATAAGATG-1_4_2"
"1177","CTGAATGAGACCTTTG-1_4_2"
"1178","CTGAATGAGACTTCCA-1_4_2"
"1179","CTGAATGAGGACAGTC-1_4_2"
"1180","CTGAATGAGTAGATCA-1_4_2"
"1181","CTGAATGCACACCTGG-1_4_2"
"1182","CTGAGCGAGGATTCAA-1_4_2"
"1183","CTGAGCGAGTATCCTG-1_4_2"
"1184","CTGAGCGCAGCTATAC-1_4_2"
"1185","CTGAGCGGTCTTACTT-1_4_2"
"1186","CTGAGCGGTTATGACC-1_4_2"
"1187","CTGAGCGTCTCCAAGA-1_4_2"
"1188","CTGAGGCAGTAGGAAG-1_4_2"
"1189","CTGAGGCCAAATCGTC-1_4_2"
"1190","CTGAGGCCAGCTCCTT-1_4_2"
"1191","CTGAGGCCAGGAGGAG-1_4_2"
"1192","CTGATCCAGTTTGTCG-1_4_2"
"1193","CTGCAGGAGCAGCGAT-1_4_2"
"1194","CTGCAGGAGCGACTGA-1_4_2"
"1195","CTGCAGGGTAATTAGG-1_4_2"
"1196","CTGCAGGGTGACAGGT-1_4_2"
"1197","CTGCAGGTCTCGCTCA-1_4_2"
"1198","CTGCATCAGAGGTTAT-1_4_2"
"1199","CTGCCATAGCTGAGCA-1_4_2"
"1200","CTGCCATGTAGGTGCA-1_4_2"
"1201","CTGCCATTCGGCTGGT-1_4_2"
"1202","CTGCCTAAGTATAACG-1_4_2"
"1203","CTGCCTATCTTCGTGC-1_4_2"
"1204","CTGCGAGTCCCAAGCG-1_4_2"
"1205","CTGCTCAAGGTAGCAC-1_4_2"
"1206","CTGCTCACACGGATCC-1_4_2"
"1207","CTGCTCACACTAACCA-1_4_2"
"1208","CTGCTCAGTCTAGTGT-1_4_2"
"1209","CTGCTCAGTTACCCAA-1_4_2"
"1210","CTGCTCAGTTCAAACC-1_4_2"
"1211","CTGCTCAGTTGGACTT-1_4_2"
"1212","CTGGACGCAACCCTAA-1_4_2"
"1213","CTGGCAGAGCCTCATA-1_4_2"
"1214","CTGGCAGCATGAGGGT-1_4_2"
"1215","CTGGCAGTCGCTAGCG-1_4_2"
"1216","CTGGTCTTCCACACCT-1_4_2"
"1217","CTGTACCAGATACGAT-1_4_2"
"1218","CTGTACCAGTAGTCTC-1_4_2"
"1219","CTGTACCCACGATAGG-1_4_2"
"1220","CTGTACCGTGTATACC-1_4_2"
"1221","CTGTACCGTTAAACAG-1_4_2"
"1222","CTGTACCTCTTAGTTC-1_4_2"
"1223","CTGTAGAAGCCTCATA-1_4_2"
"1224","CTGTAGACAGACTGCC-1_4_2"
"1225","CTGTAGACATTGAGCT-1_4_2"
"1226","CTGTAGAGTCATGACT-1_4_2"
"1227","CTGTAGAGTGCTGATT-1_4_2"
"1228","CTGTAGATCTCGGTCT-1_4_2"
"1229","CTGTATTAGTGCCTCG-1_4_2"
"1230","CTGTATTGTATCGCTA-1_4_2"
"1231","CTGTATTGTGGTAATA-1_4_2"
"1232","CTGTATTTCATCACTT-1_4_2"
"1233","CTGTATTTCCGTCCTA-1_4_2"
"1234","CTGTCGTAGCTCATAC-1_4_2"
"1235","CTGTCGTAGTACCGGA-1_4_2"
"1236","CTGTCGTCAGGTGGAT-1_4_2"
"1237","CTGTCGTGTCTACGTA-1_4_2"
"1238","CTGTGGGAGGTGCGAT-1_4_2"
"1239","CTGTGGGTCTGGCCTT-1_4_2"
"1240","CTTACCGTCCGGTAGC-1_4_2"
"1241","CTTAGGAAGAGAGCAA-1_4_2"
"1242","CTTAGGAAGCTGCGAA-1_4_2"
"1243","CTTAGGAAGGAACTCG-1_4_2"
"1244","CTTAGGAGTGACTGAG-1_4_2"
"1245","CTTAGGATCATGAGAA-1_4_2"
"1246","CTTCAATAGTGCAGCA-1_4_2"
"1247","CTTCAATGTTCCACGG-1_4_2"
"1248","CTTCCGAGTATGTGTC-1_4_2"
"1249","CTTCCGATCGCTCATC-1_4_2"
"1250","CTTCCTTAGATGCTGG-1_4_2"
"1251","CTTCCTTAGCTGGCCT-1_4_2"
"1252","CTTCGGTTCATGACAC-1_4_2"
"1253","CTTCGGTTCGACGTCG-1_4_2"
"1254","CTTCGGTTCGTAGAGG-1_4_2"
"1255","CTTCTAAAGGACACTG-1_4_2"
"1256","CTTCTAAGTATCACGT-1_4_2"
"1257","CTTCTAATCCTCTCTT-1_4_2"
"1258","CTTCTCTTCATCACTT-1_4_2"
"1259","CTTGAGATCGCTTGAA-1_4_2"
"1260","CTTGATTCACAGAGCA-1_4_2"
"1261","CTTGATTCAGTTCCAA-1_4_2"
"1262","CTTGATTTCGACGCTG-1_4_2"
"1263","CTTTCGGGTCGTGCCA-1_4_2"
"1264","CTTTCGGTCAAATGAG-1_4_2"
"1265","GAAACCTGTCCATCTC-1_4_2"
"1266","GAAATGAAGTACAACA-1_4_2"
"1267","GAAATGATCCAAGCCG-1_4_2"
"1268","GAAATGATCTGGACCG-1_4_2"
"1269","GAACACTCAACAAGTA-1_4_2"
"1270","GAACACTCAATAGTAG-1_4_2"
"1271","GAACACTCATCATCTT-1_4_2"
"1272","GAACACTTCTCTCTAA-1_4_2"
"1273","GAACGTTAGCCTCAGC-1_4_2"
"1274","GAACGTTGTACTAAGA-1_4_2"
"1275","GAACGTTTCGTCCATC-1_4_2"
"1276","GAACTGTGTCGCTTGG-1_4_2"
"1277","GAACTGTTCAGCGTCG-1_4_2"
"1278","GAAGAATAGGAAAGAC-1_4_2"
"1279","GAAGAATGTATCCCAA-1_4_2"
"1280","GAAGAATGTGAATTGA-1_4_2"
"1281","GAAGCCCGTGGCAACA-1_4_2"
"1282","GAAGCCCGTTAAGACA-1_4_2"
"1283","GAAGCCCTCTATCGGA-1_4_2"
"1284","GAAGCGAAGATCCTAC-1_4_2"
"1285","GAAGCGATCACCGACG-1_4_2"
"1286","GAAGGACGTTAGGCTT-1_4_2"
"1287","GAAGGGTGTCGTGGAA-1_4_2"
"1288","GAAGGGTGTTCGAGCC-1_4_2"
"1289","GAAGGGTTCACTACTT-1_4_2"
"1290","GAAGTAAAGCAGAAAG-1_4_2"
"1291","GAAGTAAAGCTGAAGC-1_4_2"
"1292","GAAGTAACAGAGGTTG-1_4_2"
"1293","GAAGTAAGTCACTCGG-1_4_2"
"1294","GAATCACGTCCTCCAT-1_4_2"
"1295","GAATCACTCTCAATCT-1_4_2"
"1296","GAATCGTAGAGATTCA-1_4_2"
"1297","GAATCGTCAACTCGTA-1_4_2"
"1298","GAATCGTCACTCCTGT-1_4_2"
"1299","GAATCGTGTCGTATTG-1_4_2"
"1300","GAATCGTTCTAGACCA-1_4_2"
"1301","GACACGCAGCTCAGAG-1_4_2"
"1302","GACACGCAGGTTCTTG-1_4_2"
"1303","GACACGCAGTATAGAC-1_4_2"
"1304","GACACGCCACCTCAGG-1_4_2"
"1305","GACACGCTCGACCAAT-1_4_2"
"1306","GACAGCCGTCAACCTA-1_4_2"
"1307","GACATCATCACTACTT-1_4_2"
"1308","GACCAATAGATCCTAC-1_4_2"
"1309","GACCAATAGCAATAAC-1_4_2"
"1310","GACCAATTCGATGCAT-1_4_2"
"1311","GACCCAGAGATACCAA-1_4_2"
"1312","GACCCAGCATCCGAAT-1_4_2"
"1313","GACCCAGGTATGAAGT-1_4_2"
"1314","GACCCAGGTCTGTCCT-1_4_2"
"1315","GACCCAGTCATGCATG-1_4_2"
"1316","GACCCAGTCGATACAC-1_4_2"
"1317","GACCCAGTCGCAAGAG-1_4_2"
"1318","GACCCTTAGATGACAT-1_4_2"
"1319","GACCCTTGTGTAGTGG-1_4_2"
"1320","GACCTTCAGTTGCGAG-1_4_2"
"1321","GACGCTGGTCAAGCGA-1_4_2"
"1322","GACGTTACACCAAATC-1_4_2"
"1323","GACGTTACACGTCGGT-1_4_2"
"1324","GACGTTATCGCTATTT-1_4_2"
"1325","GACTATGAGGGACCAT-1_4_2"
"1326","GACTATGGTTAGGACG-1_4_2"
"1327","GACTCAAAGGTCGTGA-1_4_2"
"1328","GACTCAACAGCTTCGG-1_4_2"
"1329","GACTCAATCTCCTGTG-1_4_2"
"1330","GACTCTCCAAAGCACG-1_4_2"
"1331","GACTCTCCAGAGTAAT-1_4_2"
"1332","GACTCTCCAGCTGTCG-1_4_2"
"1333","GACTCTCGTACGTACT-1_4_2"
"1334","GACTCTCGTCCTGAAT-1_4_2"
"1335","GACTCTCTCACGGTCG-1_4_2"
"1336","GACTGATAGCAAATGT-1_4_2"
"1337","GACTGATGTTTGAAAG-1_4_2"
"1338","GACTTCCAGATTGCGG-1_4_2"
"1339","GACTTCCAGGGCATGT-1_4_2"
"1340","GACTTCCAGGGCCCTT-1_4_2"
"1341","GACTTCCCATAATGCC-1_4_2"
"1342","GACTTCCGTATGAAAC-1_4_2"
"1343","GACTTCCGTCTAGATC-1_4_2"
"1344","GACTTCCTCCAACTGA-1_4_2"
"1345","GAGAAATCAGTGGCTC-1_4_2"
"1346","GAGACCCCACCAACAT-1_4_2"
"1347","GAGACTTCAGAACGCA-1_4_2"
"1348","GAGACTTGTGCACATT-1_4_2"
"1349","GAGAGGTCAGTCAACT-1_4_2"
"1350","GAGAGGTCATCCAATG-1_4_2"
"1351","GAGAGGTGTAGCACAG-1_4_2"
"1352","GAGATGGAGACGAAGA-1_4_2"
"1353","GAGATGGAGGGCAGAG-1_4_2"
"1354","GAGATGGGTATCGAGG-1_4_2"
"1355","GAGATGGTCCACCTGT-1_4_2"
"1356","GAGATGGTCCTGTTGC-1_4_2"
"1357","GAGCCTGAGCGATTCT-1_4_2"
"1358","GAGCCTGTCGCACTCT-1_4_2"
"1359","GAGCTGCAGGTTCTAC-1_4_2"
"1360","GAGCTGCGTTAAAGTG-1_4_2"
"1361","GAGCTGCTCAACTACG-1_4_2"
"1362","GAGGCAACAATTCACG-1_4_2"
"1363","GAGGCAATCAACCCGG-1_4_2"
"1364","GAGGCCTAGGTGATAT-1_4_2"
"1365","GAGGCCTCAACCCTAA-1_4_2"
"1366","GAGGCCTCACTACGGC-1_4_2"
"1367","GAGGCCTGTGGCATCC-1_4_2"
"1368","GAGGCCTTCACGGGAA-1_4_2"
"1369","GAGGCCTTCGGCAGTC-1_4_2"
"1370","GAGGGATAGAAATTGC-1_4_2"
"1371","GAGGGATTCCACGTGG-1_4_2"
"1372","GAGGGTACACAAATCC-1_4_2"
"1373","GAGGGTATCCGATAAC-1_4_2"
"1374","GAGTCATCAAATGGCG-1_4_2"
"1375","GAGTCATCAGAACTTC-1_4_2"
"1376","GAGTCATGTCCTGAAT-1_4_2"
"1377","GAGTCATTCTGCGGCA-1_4_2"
"1378","GAGTCTACAAGAGTAT-1_4_2"
"1379","GAGTCTACAGACAAGC-1_4_2"
"1380","GAGTGAGAGCGCTGAA-1_4_2"
"1381","GAGTGAGCATCGTGGC-1_4_2"
"1382","GAGTGAGTCATGACAC-1_4_2"
"1383","GAGTGAGTCTCTAGGA-1_4_2"
"1384","GAGTGTTCAAGTTCGT-1_4_2"
"1385","GAGTGTTCACCCAACG-1_4_2"
"1386","GAGTGTTCACCGGCTA-1_4_2"
"1387","GAGTGTTCACTTCTCG-1_4_2"
"1388","GAGTGTTGTAGGCTGA-1_4_2"
"1389","GAGTGTTTCTTGGCTC-1_4_2"
"1390","GAGTTACTCGAATGCT-1_4_2"
"1391","GAGTTGTAGCTGCCTG-1_4_2"
"1392","GAGTTGTCAGCATACT-1_4_2"
"1393","GAGTTTGAGCATGGGT-1_4_2"
"1394","GAGTTTGCATCAGCTA-1_4_2"
"1395","GAGTTTGGTAGTGATA-1_4_2"
"1396","GATAGAACACCGGAAA-1_4_2"
"1397","GATAGAACATCGTTCC-1_4_2"
"1398","GATAGCTCACGGCGTT-1_4_2"
"1399","GATAGCTCAGCTACTA-1_4_2"
"1400","GATCACAAGCACACCC-1_4_2"
"1401","GATCACAAGCATCCCG-1_4_2"
"1402","GATCAGTTCAAGAGGC-1_4_2"
"1403","GATCAGTTCACAGTGT-1_4_2"
"1404","GATCAGTTCTCAGGCG-1_4_2"
"1405","GATCATGTCTTCCGTG-1_4_2"
"1406","GATCCCTCATTAAAGG-1_4_2"
"1407","GATCCCTGTCAATGGG-1_4_2"
"1408","GATCGTAAGCGTATGG-1_4_2"
"1409","GATCGTACACTTTAGG-1_4_2"
"1410","GATCGTACATACTGTG-1_4_2"
"1411","GATGACTAGTATAGGT-1_4_2"
"1412","GATGACTGTAGTCTTG-1_4_2"
"1413","GATGAGGGTGAGTAAT-1_4_2"
"1414","GATGATCAGCAAGTGC-1_4_2"
"1415","GATGATCAGCCTGCCA-1_4_2"
"1416","GATGATCCACCGTGGT-1_4_2"
"1417","GATGATCTCGTGTGAT-1_4_2"
"1418","GATGCTAGTCAAGTTC-1_4_2"
"1419","GATGCTATCAGACAAA-1_4_2"
"1420","GATGGAGAGGTACCTT-1_4_2"
"1421","GATGGAGAGTATTCCG-1_4_2"
"1422","GATGGAGCACGGGTAA-1_4_2"
"1423","GATGGAGGTTTGAACC-1_4_2"
"1424","GATGGAGTCCTACCGT-1_4_2"
"1425","GATGGAGTCTCTTCAA-1_4_2"
"1426","GATGTTGAGTACGAGC-1_4_2"
"1427","GATGTTGCAGCACACC-1_4_2"
"1428","GATGTTGCAGGTTCAT-1_4_2"
"1429","GATTCGAGTACAAGTA-1_4_2"
"1430","GATTCGAGTGCGGATA-1_4_2"
"1431","GATTCGAGTTCCAGGC-1_4_2"
"1432","GATTCTTCAGTAGTGG-1_4_2"
"1433","GATTCTTGTTGCGTAT-1_4_2"
"1434","GATTGGTGTACCGCGT-1_4_2"
"1435","GATTGGTTCGAAGTGG-1_4_2"
"1436","GATTGGTTCTCCTACG-1_4_2"
"1437","GATTTCTCAGGAATAT-1_4_2"
"1438","GATTTCTCATAGTCGT-1_4_2"
"1439","GATTTCTTCGCTGACG-1_4_2"
"1440","GCAACATCAACCGTGC-1_4_2"
"1441","GCAACATCACAGCCAC-1_4_2"
"1442","GCAACATCATGACGGA-1_4_2"
"1443","GCAACATTCGCTAATG-1_4_2"
"1444","GCAACCGGTAGATCGG-1_4_2"
"1445","GCACATAGTGCTGCAC-1_4_2"
"1446","GCACATAGTTATGGTC-1_4_2"
"1447","GCACATATCAAGCCGC-1_4_2"
"1448","GCACGGTAGCTTCATG-1_4_2"
"1449","GCACGGTCAATGAAAC-1_4_2"
"1450","GCACGGTCATCGCTAA-1_4_2"
"1451","GCACGTGAGCCATATC-1_4_2"
"1452","GCACGTGTCTCAAAGC-1_4_2"
"1453","GCACTAAAGCTTGTTG-1_4_2"
"1454","GCACTAAGTGCATCTA-1_4_2"
"1455","GCACTAATCCGCACTT-1_4_2"
"1456","GCACTAATCTACGCGG-1_4_2"
"1457","GCAGCCAAGCTCCACG-1_4_2"
"1458","GCAGCCAAGTAGGATT-1_4_2"
"1459","GCAGCCAGTGTTAACC-1_4_2"
"1460","GCAGCTGAGCTAGATA-1_4_2"
"1461","GCAGCTGGTCACCCTT-1_4_2"
"1462","GCAGGCTGTCAGCTTA-1_4_2"
"1463","GCAGTTAAGTAGACAT-1_4_2"
"1464","GCAGTTAGTCTGTAGT-1_4_2"
"1465","GCATCGGAGTGGTGGT-1_4_2"
"1466","GCATCGGCAACACTAC-1_4_2"
"1467","GCATCTCCAGAACTCT-1_4_2"
"1468","GCATCTCTCCCTCTAG-1_4_2"
"1469","GCATGATAGTGTACCT-1_4_2"
"1470","GCATGATCAAGAGGTC-1_4_2"
"1471","GCATTAGCACGCGTCA-1_4_2"
"1472","GCCAACGAGGCTCTCG-1_4_2"
"1473","GCCAACGCAGCCGTCA-1_4_2"
"1474","GCCAACGCATGACTTG-1_4_2"
"1475","GCCAACGGTATCGCAT-1_4_2"
"1476","GCCAGCAGTTCGAAGG-1_4_2"
"1477","GCCAGCATCGAGTACT-1_4_2"
"1478","GCCAGGTAGCACACAG-1_4_2"
"1479","GCCAGGTAGCGTCTGC-1_4_2"
"1480","GCCAGGTTCGCCGATG-1_4_2"
"1481","GCCAGTGCAAATTGCC-1_4_2"
"1482","GCCAGTGCAACCGCTG-1_4_2"
"1483","GCCAGTGGTCGTTGGC-1_4_2"
"1484","GCCATGGCACGACGCT-1_4_2"
"1485","GCCATGGGTACGCTAT-1_4_2"
"1486","GCCATGGGTGGCAGAT-1_4_2"
"1487","GCCATGGGTGTCCAAT-1_4_2"
"1488","GCCATTCCAAGCCATT-1_4_2"
"1489","GCCATTCTCCGCATAA-1_4_2"
"1490","GCCATTCTCCTGCCAT-1_4_2"
"1491","GCCCAGACAACGACAG-1_4_2"
"1492","GCCCAGAGTCCGAAAG-1_4_2"
"1493","GCCCAGATCACACCCT-1_4_2"
"1494","GCCCGAAAGCACGTCC-1_4_2"
"1495","GCCCGAACAAAGAACT-1_4_2"
"1496","GCCGTGAAGTAGTGCG-1_4_2"
"1497","GCCGTGACAAATCGTC-1_4_2"
"1498","GCCGTGAGTACAAACA-1_4_2"
"1499","GCCTGTTAGCTGAGTG-1_4_2"
"1500","GCCTGTTAGTCGCCCA-1_4_2"
"1501","GCCTGTTGTTGCCGCA-1_4_2"
"1502","GCCTGTTTCAAGATAG-1_4_2"
"1503","GCCTGTTTCTACAGGT-1_4_2"
"1504","GCGAGAACACACACGC-1_4_2"
"1505","GCGATCGCAACATACC-1_4_2"
"1506","GCGATCGCATGAGATA-1_4_2"
"1507","GCGGAAAAGAGTCACG-1_4_2"
"1508","GCGGAAAGTTTAGACC-1_4_2"
"1509","GCGGAAATCACCTACC-1_4_2"
"1510","GCGGAAATCGCGCTGA-1_4_2"
"1511","GCGGATCAGAAGTCCG-1_4_2"
"1512","GCGGATCAGTGCAAAT-1_4_2"
"1513","GCGTGCACAGTAGTGG-1_4_2"
"1514","GCGTGCACATGACTTG-1_4_2"
"1515","GCGTGCAGTTCTCTAT-1_4_2"
"1516","GCGTTTCAGAGAGGTA-1_4_2"
"1517","GCGTTTCAGCTCACTA-1_4_2"
"1518","GCGTTTCAGTTAGTGA-1_4_2"
"1519","GCGTTTCCACTAGAGG-1_4_2"
"1520","GCGTTTCGTGAGGATC-1_4_2"
"1521","GCGTTTCTCTCAAAGC-1_4_2"
"1522","GCTACAAAGGTTGCCC-1_4_2"
"1523","GCTACAAAGTGTTCCA-1_4_2"
"1524","GCTACAACAATAACCC-1_4_2"
"1525","GCTACAATCATGCCGG-1_4_2"
"1526","GCTACCTTCCATCTCG-1_4_2"
"1527","GCTACCTTCGCCACTT-1_4_2"
"1528","GCTCAAAGTGTTAAAG-1_4_2"
"1529","GCTCAAAGTTATTCTC-1_4_2"
"1530","GCTCAAATCCTACACC-1_4_2"
"1531","GCTGAATAGACCTGGA-1_4_2"
"1532","GCTGAATAGAGAGTTT-1_4_2"
"1533","GCTGAATCAGGAGACT-1_4_2"
"1534","GCTGCAGCACCTGCAG-1_4_2"
"1535","GCTGCAGCATCCTCAC-1_4_2"
"1536","GCTGCAGCATGGAAGC-1_4_2"
"1537","GCTGCAGGTCTTCGAA-1_4_2"
"1538","GCTGCAGGTTAGAAAC-1_4_2"
"1539","GCTGCAGTCGACCAAT-1_4_2"
"1540","GCTGGGTAGACGAAGA-1_4_2"
"1541","GCTGGGTCACTGCGAC-1_4_2"
"1542","GCTGGGTGTATTAAGG-1_4_2"
"1543","GCTTCACGTCGCACAC-1_4_2"
"1544","GCTTCACTCATACAGC-1_4_2"
"1545","GCTTGGGAGACCTTTG-1_4_2"
"1546","GCTTGGGGTTTGATCG-1_4_2"
"1547","GCTTGGGTCGAAGAAT-1_4_2"
"1548","GCTTGGGTCGGACGTC-1_4_2"
"1549","GCTTTCGCATGTTCGA-1_4_2"
"1550","GCTTTCGGTAGACGGT-1_4_2"
"1551","GGAACCCGTTAGGGAC-1_4_2"
"1552","GGAAGTGGTAGCTTTG-1_4_2"
"1553","GGAAGTGGTCTTCTAT-1_4_2"
"1554","GGAAGTGTCATTACGG-1_4_2"
"1555","GGAAGTGTCGCCGAAC-1_4_2"
"1556","GGAATCTAGACTCCGC-1_4_2"
"1557","GGAATCTCACAACATC-1_4_2"
"1558","GGAATCTGTACGATTC-1_4_2"
"1559","GGAATGGCACACCTGG-1_4_2"
"1560","GGAATGGGTAACAGGC-1_4_2"
"1561","GGAATGGGTGATTCTG-1_4_2"
"1562","GGACGTCAGACGACGT-1_4_2"
"1563","GGACGTCCAGCTGTGC-1_4_2"
"1564","GGACGTCGTGGCTGCT-1_4_2"
"1565","GGACGTCTCGTCTCAC-1_4_2"
"1566","GGAGAACAGCTAAATG-1_4_2"
"1567","GGAGAACAGCTGTCCG-1_4_2"
"1568","GGAGAACCACCCTGAG-1_4_2"
"1569","GGAGATGCACGGGCTT-1_4_2"
"1570","GGAGATGCACTCCGGA-1_4_2"
"1571","GGAGATGTCAGCCTCT-1_4_2"
"1572","GGAGCAAAGCGCTGAA-1_4_2"
"1573","GGAGCAAAGTAGGTTA-1_4_2"
"1574","GGAGCAAGTCATCGGC-1_4_2"
"1575","GGAGGATTCAGCGTCG-1_4_2"
"1576","GGAGGTACAAGTCATC-1_4_2"
"1577","GGAGGTACATCGGAAG-1_4_2"
"1578","GGAGGTAGTAGTGTGG-1_4_2"
"1579","GGAGGTATCTCTGCCA-1_4_2"
"1580","GGATCTAGTGTAGGAC-1_4_2"
"1581","GGATGTTAGAGATTCA-1_4_2"
"1582","GGATGTTAGCTCTATG-1_4_2"
"1583","GGATGTTAGGTCGACA-1_4_2"
"1584","GGATGTTCAGACATCT-1_4_2"
"1585","GGATGTTGTACCTAGT-1_4_2"
"1586","GGATGTTGTGATGGCA-1_4_2"
"1587","GGCAGTCAGGCACCAA-1_4_2"
"1588","GGCAGTCCAGGTCAGA-1_4_2"
"1589","GGCAGTCTCCATGCAA-1_4_2"
"1590","GGCAGTCTCCGAGGCT-1_4_2"
"1591","GGCGTCAAGCGCCTAC-1_4_2"
"1592","GGCGTCATCGGTAGAG-1_4_2"
"1593","GGCTTGGAGTGTCATC-1_4_2"
"1594","GGCTTGGCAGGTTCCG-1_4_2"
"1595","GGCTTGGGTAGAAACT-1_4_2"
"1596","GGCTTGGGTGATCATC-1_4_2"
"1597","GGCTTGGTCCACCCTA-1_4_2"
"1598","GGCTTTCAGCGTGAGT-1_4_2"
"1599","GGCTTTCGTACAGCGA-1_4_2"
"1600","GGCTTTCGTAGCGTAG-1_4_2"
"1601","GGGAAGTCATCACCAA-1_4_2"
"1602","GGGAAGTGTAGGAAAG-1_4_2"
"1603","GGGAAGTTCATGCATG-1_4_2"
"1604","GGGACAACAGAGTCTT-1_4_2"
"1605","GGGACAACATCACAGT-1_4_2"
"1606","GGGACCTAGTAAGCAT-1_4_2"
"1607","GGGACCTTCTTCCCAG-1_4_2"
"1608","GGGACTCAGGACCCAA-1_4_2"
"1609","GGGACTCCAGCTCTGG-1_4_2"
"1610","GGGACTCCATCTCATT-1_4_2"
"1611","GGGACTCGTTCGAGCC-1_4_2"
"1612","GGGAGATGTGTGGTCC-1_4_2"
"1613","GGGAGTAAGTGTTCAC-1_4_2"
"1614","GGGAGTACAGAGGCTA-1_4_2"
"1615","GGGATCCAGGCATCTT-1_4_2"
"1616","GGGATGACAACGAGGT-1_4_2"
"1617","GGGATGACACAGGATG-1_4_2"
"1618","GGGATGACAGGTTCAT-1_4_2"
"1619","GGGATGACAGTCGCAC-1_4_2"
"1620","GGGATGAGTGGCCACT-1_4_2"
"1621","GGGCCATTCTACGGGC-1_4_2"
"1622","GGGCGTTAGATGTTGA-1_4_2"
"1623","GGGCGTTAGTTGGCTT-1_4_2"
"1624","GGGCGTTGTCCGGCAT-1_4_2"
"1625","GGGCTACAGCACCTGC-1_4_2"
"1626","GGGCTACAGCTATCTG-1_4_2"
"1627","GGGCTACTCAGCTCTC-1_4_2"
"1628","GGGCTACTCATTACCT-1_4_2"
"1629","GGGCTACTCCAGCTCT-1_4_2"
"1630","GGGCTCAGTAGCCCTG-1_4_2"
"1631","GGGCTCAGTCAGGCAA-1_4_2"
"1632","GGGCTCAGTCGCACGT-1_4_2"
"1633","GGGCTCATCCGATGCG-1_4_2"
"1634","GGGTAGAGTTGGACCC-1_4_2"
"1635","GGGTATTCAACAAAGT-1_4_2"
"1636","GGGTATTCATCCTATT-1_4_2"
"1637","GGGTATTGTCGCATGC-1_4_2"
"1638","GGGTATTTCGCAGAGA-1_4_2"
"1639","GGGTCACAGCTAAGTA-1_4_2"
"1640","GGGTCACAGGTCCGAA-1_4_2"
"1641","GGGTCACCATAGACTC-1_4_2"
"1642","GGGTCTGCACCAGCCA-1_4_2"
"1643","GGGTCTGTCTGCACCT-1_4_2"
"1644","GGGTGAAAGGATGTTA-1_4_2"
"1645","GGGTGAATCCGTTGGG-1_4_2"
"1646","GGGTGTCCAATTGCCA-1_4_2"
"1647","GGGTGTCTCGAGCACC-1_4_2"
"1648","GGGTTATTCATGGAGG-1_4_2"
"1649","GGGTTATTCCGCGGAT-1_4_2"
"1650","GGGTTATTCTATCCAT-1_4_2"
"1651","GGGTTTAAGGCAGTCA-1_4_2"
"1652","GGGTTTACAATGTGGG-1_4_2"
"1653","GGGTTTAGTGAATAAC-1_4_2"
"1654","GGGTTTAGTGTAGTGG-1_4_2"
"1655","GGTAACTAGAGTTGTA-1_4_2"
"1656","GGTAATCCAACTTCTT-1_4_2"
"1657","GGTAATCCAATAAGGT-1_4_2"
"1658","GGTAATCCAGTCGGTC-1_4_2"
"1659","GGTAGAGAGACCTCCG-1_4_2"
"1660","GGTAGAGCAATCGCAT-1_4_2"
"1661","GGTAGAGCATCTATCT-1_4_2"
"1662","GGTAGAGGTATCAGGG-1_4_2"
"1663","GGTAGAGTCCCGAGGT-1_4_2"
"1664","GGTCACGAGTCATACC-1_4_2"
"1665","GGTCACGGTAACTTCG-1_4_2"
"1666","GGTCACGGTGTCACAT-1_4_2"
"1667","GGTCTGGCAGAACGCA-1_4_2"
"1668","GGTCTGGGTAAGGTCG-1_4_2"
"1669","GGTCTGGGTCTTACAG-1_4_2"
"1670","GGTGAAGAGTATCTGC-1_4_2"
"1671","GGTGAAGGTACGACAG-1_4_2"
"1672","GGTGAAGGTGGTCCGT-1_4_2"
"1673","GGTGAAGTCGCTATTT-1_4_2"
"1674","GGTGATTAGTTGTAAG-1_4_2"
"1675","GGTGATTGTATTGAGA-1_4_2"
"1676","GGTGATTTCTCAACGA-1_4_2"
"1677","GGTGTCGAGACGATAT-1_4_2"
"1678","GGTGTCGCAGTCGCTG-1_4_2"
"1679","GGTGTCGGTGTTCAGT-1_4_2"
"1680","GGTGTTAAGACTTAAG-1_4_2"
"1681","GGTGTTAAGTCGTCTA-1_4_2"
"1682","GGTGTTAGTGCCTTCT-1_4_2"
"1683","GGTGTTATCTGTGCTC-1_4_2"
"1684","GGTTAACTCTTGGCTC-1_4_2"
"1685","GGTTCTCAGGTTATAG-1_4_2"
"1686","GGTTGTAGTCTCGACG-1_4_2"
"1687","GTAACACAGAACTTCC-1_4_2"
"1688","GTAACACCATTACTCT-1_4_2"
"1689","GTAACACGTAGACGGT-1_4_2"
"1690","GTAACACGTCAACATC-1_4_2"
"1691","GTAACCAAGGAGACCT-1_4_2"
"1692","GTAACCACAAAGGGCT-1_4_2"
"1693","GTAACCATCAAACCCA-1_4_2"
"1694","GTAATCGCAGCTGTTA-1_4_2"
"1695","GTAATCGGTACCGCGT-1_4_2"
"1696","GTAATCGGTACGTGTT-1_4_2"
"1697","GTAATCGTCCGTCAAA-1_4_2"
"1698","GTAATGCAGAGAAGGT-1_4_2"
"1699","GTAATGCCAAAGACGC-1_4_2"
"1700","GTAATGCCAATATCCG-1_4_2"
"1701","GTAATGCCATAGATGA-1_4_2"
"1702","GTAATGCGTCAGTCGC-1_4_2"
"1703","GTAATGCTCAGTCTTT-1_4_2"
"1704","GTACAACCAAGCTACT-1_4_2"
"1705","GTACAACCACCAAATC-1_4_2"
"1706","GTAGAAAGTCGCATTA-1_4_2"
"1707","GTAGAAATCAAGATAG-1_4_2"
"1708","GTAGAAATCGTGCATA-1_4_2"
"1709","GTAGAGGGTACGGATG-1_4_2"
"1710","GTAGATCAGAGATTCA-1_4_2"
"1711","GTAGATCCACGCAAAG-1_4_2"
"1712","GTAGATCGTCACTGAT-1_4_2"
"1713","GTAGATCGTCCTGGTG-1_4_2"
"1714","GTAGATCGTGGGATTG-1_4_2"
"1715","GTAGATCTCAGGGTAG-1_4_2"
"1716","GTAGATCTCATCAGTG-1_4_2"
"1717","GTAGGAGAGAGTGTGC-1_4_2"
"1718","GTAGGAGCACGCGGTT-1_4_2"
"1719","GTAGGAGCAGAAACCG-1_4_2"
"1720","GTAGGAGCAGTGACCC-1_4_2"
"1721","GTAGGAGTCATCGGGC-1_4_2"
"1722","GTAGGAGTCGCGTGAC-1_4_2"
"1723","GTAGGTTAGGAAAGGT-1_4_2"
"1724","GTAGGTTAGTCTAGCT-1_4_2"
"1725","GTAGGTTCAACCACAT-1_4_2"
"1726","GTAGGTTTCACTTGTT-1_4_2"
"1727","GTAGTACAGACAGCTG-1_4_2"
"1728","GTAGTACAGAGAGTGA-1_4_2"
"1729","GTAGTACCAAGGTTGG-1_4_2"
"1730","GTAGTACCACCAGGTC-1_4_2"
"1731","GTAGTACGTATGGGAC-1_4_2"
"1732","GTAGTACGTCACTTAG-1_4_2"
"1733","GTAGTACTCAAATGCC-1_4_2"
"1734","GTATTGGCAGTCAACT-1_4_2"
"1735","GTATTTCAGTCACTCA-1_4_2"
"1736","GTATTTCCACACACTA-1_4_2"
"1737","GTATTTCTCCGCGATG-1_4_2"
"1738","GTATTTCTCGTAGTGT-1_4_2"
"1739","GTCAAGTAGCTAGCCC-1_4_2"
"1740","GTCAAGTGTTTCACAG-1_4_2"
"1741","GTCACGGAGTATGGAT-1_4_2"
"1742","GTCACGGCATGAATCC-1_4_2"
"1743","GTCACGGTCGGTCATA-1_4_2"
"1744","GTCACTCAGCCATTTG-1_4_2"
"1745","GTCACTCCATAACGGG-1_4_2"
"1746","GTCACTCCATGCCATA-1_4_2"
"1747","GTCAGCGAGGTCATTC-1_4_2"
"1748","GTCAGCGAGTTAGAAC-1_4_2"
"1749","GTCAGCGGTGCTCCGA-1_4_2"
"1750","GTCAGCGTCACTAGCA-1_4_2"
"1751","GTCATCCAGCTGAAGC-1_4_2"
"1752","GTCATCCCAGAGCTAG-1_4_2"
"1753","GTCATGACAACAAGTA-1_4_2"
"1754","GTCATGACACTTCAAG-1_4_2"
"1755","GTCATGAGTTAAGTCC-1_4_2"
"1756","GTCATGATCATAGCAC-1_4_2"
"1757","GTCATTTAGAACGTGC-1_4_2"
"1758","GTCATTTGTATCGAAA-1_4_2"
"1759","GTCATTTTCGTCGATA-1_4_2"
"1760","GTCCCATAGGTATAGT-1_4_2"
"1761","GTCCCATTCAAGTGTC-1_4_2"
"1762","GTCCTCAGTATGGAAT-1_4_2"
"1763","GTCGAATAGATGCTGG-1_4_2"
"1764","GTCGAATAGGTTCACT-1_4_2"
"1765","GTCGAATAGTTCCGTA-1_4_2"
"1766","GTCGAATGTTAAGGAT-1_4_2"
"1767","GTCGAATTCAGCGGAA-1_4_2"
"1768","GTCGCGAAGCCTGTGC-1_4_2"
"1769","GTCGTAAAGCTTACGT-1_4_2"
"1770","GTCGTAATCGCCCAGA-1_4_2"
"1771","GTCGTAATCGTGCTCT-1_4_2"
"1772","GTCGTAATCTAGCAAC-1_4_2"
"1773","GTCGTAATCTATCGCC-1_4_2"
"1774","GTCGTTCCATCGGTTA-1_4_2"
"1775","GTCGTTCGTCTGCGCA-1_4_2"
"1776","GTCGTTCTCGGTGTTA-1_4_2"
"1777","GTCTACCGTCTGATAC-1_4_2"
"1778","GTCTACCGTGTATTCG-1_4_2"
"1779","GTCTAGAAGAGCAACC-1_4_2"
"1780","GTCTAGACACTTACAG-1_4_2"
"1781","GTCTAGACATTCACCC-1_4_2"
"1782","GTCTAGATCACTTCTA-1_4_2"
"1783","GTCTCACGTTACCCTC-1_4_2"
"1784","GTCTGTCAGCCTCACG-1_4_2"
"1785","GTCTGTCGTGAGCAGT-1_4_2"
"1786","GTCTTTACACACGGTC-1_4_2"
"1787","GTCTTTACAGCTTCGG-1_4_2"
"1788","GTCTTTAGTATAATGG-1_4_2"
"1789","GTCTTTAGTCAGTCTA-1_4_2"
"1790","GTGACGCAGGGACCAT-1_4_2"
"1791","GTGACGCAGTCAGGGT-1_4_2"
"1792","GTGACGCCATCGTTCC-1_4_2"
"1793","GTGAGCCAGATTAGTG-1_4_2"
"1794","GTGAGGAGTGGTCTGC-1_4_2"
"1795","GTGAGGATCCGGTTCT-1_4_2"
"1796","GTGAGTTAGTTACGTC-1_4_2"
"1797","GTGAGTTCACTTGTCC-1_4_2"
"1798","GTGAGTTGTCAAACGG-1_4_2"
"1799","GTGAGTTTCCGTTTCG-1_4_2"
"1800","GTGATGTCACAAGCTT-1_4_2"
"1801","GTGATGTCAGGATGAC-1_4_2"
"1802","GTGATGTTCCACGTAA-1_4_2"
"1803","GTGCACGAGCCAAGGT-1_4_2"
"1804","GTGCACGAGCCTAGGA-1_4_2"
"1805","GTGCACGCAGTAGATA-1_4_2"
"1806","GTGCACGTCGTGCTCT-1_4_2"
"1807","GTGCAGCAGAGTTGCG-1_4_2"
"1808","GTGCAGCAGCGGACAT-1_4_2"
"1809","GTGCAGCCACCTGCGA-1_4_2"
"1810","GTGCAGCTCGGAGTGA-1_4_2"
"1811","GTGCGTGCACTTTAGG-1_4_2"
"1812","GTGCGTGTCCGTCCTA-1_4_2"
"1813","GTGCTGGAGAACTTCC-1_4_2"
"1814","GTGCTGGTCCGAGTGC-1_4_2"
"1815","GTGCTTCCAAACCACT-1_4_2"
"1816","GTGCTTCCAACGGCCT-1_4_2"
"1817","GTGCTTCCAATTCTCT-1_4_2"
"1818","GTGCTTCCACGCTGCA-1_4_2"
"1819","GTGCTTCCAGTTCCAA-1_4_2"
"1820","GTGCTTCCATTGACTG-1_4_2"
"1821","GTGCTTCTCCACATAG-1_4_2"
"1822","GTGGAAGAGATAACAC-1_4_2"
"1823","GTGGAAGAGGTTGAGC-1_4_2"
"1824","GTGGAAGAGTCTGTAC-1_4_2"
"1825","GTGGAAGCAAGCGAAC-1_4_2"
"1826","GTGGAAGCACTACACA-1_4_2"
"1827","GTGGAAGGTCGGTGTC-1_4_2"
"1828","GTGGAAGTCGTACCTC-1_4_2"
"1829","GTGGAGATCCGGCAAC-1_4_2"
"1830","GTGGCGTAGCGTCTGC-1_4_2"
"1831","GTGGGAAAGCAGTAAT-1_4_2"
"1832","GTGGGAAAGGAGAATG-1_4_2"
"1833","GTGGGAAGTAGACAGC-1_4_2"
"1834","GTGGGAAGTCTTACAG-1_4_2"
"1835","GTGGGAATCTGAATGC-1_4_2"
"1836","GTGGTTAAGCTGGTGA-1_4_2"
"1837","GTGGTTACAAAGGCTG-1_4_2"
"1838","GTGGTTAGTGTGTCCG-1_4_2"
"1839","GTGGTTATCCAACACA-1_4_2"
"1840","GTGTAACGTGGTAACG-1_4_2"
"1841","GTGTAACTCCACGAAT-1_4_2"
"1842","GTGTCCTAGCTCTATG-1_4_2"
"1843","GTGTCCTGTCGCTGCA-1_4_2"
"1844","GTGTGATCAAAGGGTC-1_4_2"
"1845","GTGTGATCAACTCATG-1_4_2"
"1846","GTGTGGCAGGAAAGTG-1_4_2"
"1847","GTGTTAGAGCACCGTC-1_4_2"
"1848","GTGTTAGAGCGCCCAT-1_4_2"
"1849","GTGTTAGCACCGGTCA-1_4_2"
"1850","GTGTTCCAGGTCCCGT-1_4_2"
"1851","GTGTTCCTCCGTGACG-1_4_2"
"1852","GTTACAGAGCCTAACT-1_4_2"
"1853","GTTACAGCAGAACTTC-1_4_2"
"1854","GTTACAGTCGACACCG-1_4_2"
"1855","GTTACCCAGAAGCGGG-1_4_2"
"1856","GTTACCCAGAGGATCC-1_4_2"
"1857","GTTACCCAGCAACAGC-1_4_2"
"1858","GTTACGACAATGTGGG-1_4_2"
"1859","GTTACGACAGAGGTAC-1_4_2"
"1860","GTTACGACATAACCCA-1_4_2"
"1861","GTTACGAGTGTCCGGT-1_4_2"
"1862","GTTACGAGTTACGGAG-1_4_2"
"1863","GTTACGAGTTGCCAAT-1_4_2"
"1864","GTTAGACCAGTCTACA-1_4_2"
"1865","GTTAGACGTAGCGCTC-1_4_2"
"1866","GTTAGACTCCTCTCGA-1_4_2"
"1867","GTTAGACTCTCATTAC-1_4_2"
"1868","GTTAGTGCAACAAAGT-1_4_2"
"1869","GTTAGTGTCAGTGGGA-1_4_2"
"1870","GTTATGGAGAAGCGAA-1_4_2"
"1871","GTTATGGAGACCATGG-1_4_2"
"1872","GTTCATTCACATAGCT-1_4_2"
"1873","GTTCATTTCCCGAAAT-1_4_2"
"1874","GTTCCGTAGGCCGCTT-1_4_2"
"1875","GTTCGCTCAAGAGAGA-1_4_2"
"1876","GTTCGCTGTATTGACC-1_4_2"
"1877","GTTCTATAGTGGGAAA-1_4_2"
"1878","GTTCTATCACCTGATA-1_4_2"
"1879","GTTCTATGTATCGAAA-1_4_2"
"1880","GTTCTATGTCGCTCGA-1_4_2"
"1881","GTTCTATGTTAAGACA-1_4_2"
"1882","GTTGAACAGATCGGTG-1_4_2"
"1883","GTTGAACCAACCGCTG-1_4_2"
"1884","GTTGAACCACTATCGA-1_4_2"
"1885","GTTGCGGAGCGCCATC-1_4_2"
"1886","GTTGCGGAGGCTGAAC-1_4_2"
"1887","GTTGCGGAGGGTAATT-1_4_2"
"1888","GTTGCGGCAAAGGCGT-1_4_2"
"1889","GTTGCGGTCGCGATCG-1_4_2"
"1890","GTTGCTCAGAGTCACG-1_4_2"
"1891","GTTGCTCAGCCTTCTC-1_4_2"
"1892","GTTGCTCTCTCCCTAG-1_4_2"
"1893","GTTGTAGAGAGCATCG-1_4_2"
"1894","GTTGTAGAGCTCACTA-1_4_2"
"1895","GTTGTAGGTAGTCTGT-1_4_2"
"1896","GTTGTCCAGAGCTTTC-1_4_2"
"1897","GTTGTCCAGAGGGTCT-1_4_2"
"1898","GTTGTCCCAGCTATAC-1_4_2"
"1899","GTTGTGAAGGGTACGT-1_4_2"
"1900","GTTGTGACACTGCACG-1_4_2"
"1901","GTTGTGACAGTAGTGG-1_4_2"
"1902","GTTTACTCAATTAGGA-1_4_2"
"1903","GTTTACTCATGATGCT-1_4_2"
"1904","GTTTGGAGTGACTGAG-1_4_2"
"1905","TAACACGCATTCTCCG-1_4_2"
"1906","TAACACGTCAGGGATG-1_4_2"
"1907","TAACCAGAGCCACAAG-1_4_2"
"1908","TAACCAGAGCCTTTGA-1_4_2"
"1909","TAACCAGCACTATCCC-1_4_2"
"1910","TAACCAGGTTACGTAC-1_4_2"
"1911","TAACGACAGGTCCAGA-1_4_2"
"1912","TAACGACGTAGCTTAC-1_4_2"
"1913","TAACTTCCAGACACAG-1_4_2"
"1914","TAACTTCCATAGCACT-1_4_2"
"1915","TAAGCACGTATCGCTA-1_4_2"
"1916","TAAGCACGTTAAGTCC-1_4_2"
"1917","TAAGCCAAGGCACAAC-1_4_2"
"1918","TAAGCCAGTTAGGCTT-1_4_2"
"1919","TAAGCGTAGGATTACA-1_4_2"
"1920","TAAGCGTTCCTTTAGT-1_4_2"
"1921","TAAGCGTTCGAGAAGC-1_4_2"
"1922","TAAGTCGCACTGATTG-1_4_2"
"1923","TAAGTCGCAGTGCGCT-1_4_2"
"1924","TAAGTCGTCCCTCTTT-1_4_2"
"1925","TAATTCCAGCTCCCTT-1_4_2"
"1926","TAATTCCAGGCTTAGG-1_4_2"
"1927","TACAACGAGTACAGCG-1_4_2"
"1928","TACAACGGTTGCGAAG-1_4_2"
"1929","TACAACGTCAACTTTC-1_4_2"
"1930","TACACCCCAAAGGCTG-1_4_2"
"1931","TACACCCCAGTATTCG-1_4_2"
"1932","TACACCCCATCTTAGG-1_4_2"
"1933","TACACCCGTAACATCC-1_4_2"
"1934","TACACCCGTCTAGTGT-1_4_2"
"1935","TACACCCTCAAGTCGT-1_4_2"
"1936","TACAGGTCACGTAGAG-1_4_2"
"1937","TACAGGTGTATGGTTC-1_4_2"
"1938","TACATTCGTCTGATCA-1_4_2"
"1939","TACCCACCATGGCACC-1_4_2"
"1940","TACCCACTCTGTGCTC-1_4_2"
"1941","TACCCGTGTTGATGTC-1_4_2"
"1942","TACCCGTTCGGTCTAA-1_4_2"
"1943","TACCCGTTCGTCCATC-1_4_2"
"1944","TACCCGTTCTGGCTGG-1_4_2"
"1945","TACCGAAGTCTTGCGG-1_4_2"
"1946","TACCGAATCTATCGCC-1_4_2"
"1947","TACCGGGAGACCAAGC-1_4_2"
"1948","TACCGGGAGCAGGCTA-1_4_2"
"1949","TACCGGGCAAGGACAC-1_4_2"
"1950","TACCGGGCACATCATG-1_4_2"
"1951","TACCGGGCAGAGGAAA-1_4_2"
"1952","TACCGGGTCAGGACAG-1_4_2"
"1953","TACCTCGAGACCATAA-1_4_2"
"1954","TACCTGCTCCAGGACC-1_4_2"
"1955","TACCTGCTCCCGAGAC-1_4_2"
"1956","TACGCTCCATATGGCT-1_4_2"
"1957","TACGCTCTCGTCGCTT-1_4_2"
"1958","TACGGGCAGGCTCCCA-1_4_2"
"1959","TACGGGCCACGGATCC-1_4_2"
"1960","TACGGTAAGTCGGGAT-1_4_2"
"1961","TACGGTAGTTGCAAGG-1_4_2"
"1962","TACGGTATCGTAGAGG-1_4_2"
"1963","TACGTCCCACAAATGA-1_4_2"
"1964","TACGTCCGTCTTCATT-1_4_2"
"1965","TACGTCCTCATACGGT-1_4_2"
"1966","TACGTCCTCGACGATT-1_4_2"
"1967","TACTGCCAGACTCTTG-1_4_2"
"1968","TACTTACAGGAAAGGT-1_4_2"
"1969","TACTTCAGTCCTCATC-1_4_2"
"1970","TACTTCAGTGAGGATC-1_4_2"
"1971","TACTTCATCGCACGAC-1_4_2"
"1972","TACTTCATCTTCCAGC-1_4_2"
"1973","TACTTGTAGTCAGCCC-1_4_2"
"1974","TAGACCAGTCCCTGAG-1_4_2"
"1975","TAGACCAGTCGTTGGC-1_4_2"
"1976","TAGACTGGTACTAACC-1_4_2"
"1977","TAGACTGTCCCAGGAC-1_4_2"
"1978","TAGACTGTCGTTCTGC-1_4_2"
"1979","TAGAGTCCATTGAAGA-1_4_2"
"1980","TAGAGTCCATTGGGAG-1_4_2"
"1981","TAGAGTCGTCACGTGC-1_4_2"
"1982","TAGATCGAGAGCATTA-1_4_2"
"1983","TAGATCGCAGTCGTTA-1_4_2"
"1984","TAGATCGTCTAGCAAC-1_4_2"
"1985","TAGCACAAGTGTTGAA-1_4_2"
"1986","TAGGAGGGTCTGTGAT-1_4_2"
"1987","TAGGAGGTCAGAGCGA-1_4_2"
"1988","TAGGGTTCACGGCTAC-1_4_2"
"1989","TAGGGTTCACTCTGCT-1_4_2"
"1990","TAGGGTTGTGCACAAG-1_4_2"
"1991","TAGGTACAGTGGAATT-1_4_2"
"1992","TAGGTACGTACTTGTG-1_4_2"
"1993","TAGGTACGTTGCATGT-1_4_2"
"1994","TAGGTTGTCAGCCTCT-1_4_2"
"1995","TAGGTTGTCATAGAGA-1_4_2"
"1996","TAGTGCACACTGTTCC-1_4_2"
"1997","TATACCTCACTAACGT-1_4_2"
"1998","TATACCTGTCGTCAGC-1_4_2"
"1999","TATATCCCATTGACTG-1_4_2"
"2000","TATATCCGTAAGCTCT-1_4_2"
"2001","TATATCCGTACCCAGC-1_4_2"
"2002","TATATCCGTGAACTAA-1_4_2"
"2003","TATCAGGAGATGAAGG-1_4_2"
"2004","TATCAGGCAGAGGTAC-1_4_2"
"2005","TATCAGGCAGCGAACA-1_4_2"
"2006","TATCAGGGTTAGAGAT-1_4_2"
"2007","TATCCTAAGCGTTAGG-1_4_2"
"2008","TATCGCCTCGTTTACT-1_4_2"
"2009","TATCTTGTCCTGTACC-1_4_2"
"2010","TATGTTCAGAAGCCAC-1_4_2"
"2011","TATGTTCAGACTTAAG-1_4_2"
"2012","TATGTTCAGTAATACG-1_4_2"
"2013","TATGTTCAGTGACACG-1_4_2"
"2014","TATGTTCCAACACTAC-1_4_2"
"2015","TATGTTCGTACGGTTT-1_4_2"
"2016","TATGTTCTCATCGCCT-1_4_2"
"2017","TATGTTCTCCGATAGT-1_4_2"
"2018","TATTCCACAGCACAAG-1_4_2"
"2019","TATTCCAGTATGATCC-1_4_2"
"2020","TATTGCTAGTCTTGGT-1_4_2"
"2021","TATTGCTCAGAGATTA-1_4_2"
"2022","TATTGCTGTCAGCTTA-1_4_2"
"2023","TATTGCTGTGTGTGGA-1_4_2"
"2024","TATTGCTTCGGTGCAC-1_4_2"
"2025","TATTGCTTCTAGTGAC-1_4_2"
"2026","TATTGGGAGGAGAATG-1_4_2"
"2027","TATTGGGGTCACCCTT-1_4_2"
"2028","TATTGGGTCGACGAGA-1_4_2"
"2029","TATTTCGAGTCAGAGC-1_4_2"
"2030","TATTTCGCACTAACGT-1_4_2"
"2031","TATTTCGGTACGTGTT-1_4_2"
"2032","TATTTCGTCCCGAATA-1_4_2"
"2033","TATTTCGTCTGCTCTG-1_4_2"
"2034","TCAAGCAAGGTACAAT-1_4_2"
"2035","TCAAGCACAAGCACAG-1_4_2"
"2036","TCAAGCACAATAACGA-1_4_2"
"2037","TCAAGCAGTCGCATGC-1_4_2"
"2038","TCAAGCATCGTTCGCT-1_4_2"
"2039","TCAAGTGTCTCATAGG-1_4_2"
"2040","TCAATCTCACGACAGA-1_4_2"
"2041","TCAATCTGTTCCGCAG-1_4_2"
"2042","TCAATTCAGAGGCGGA-1_4_2"
"2043","TCAATTCGTCTATGAC-1_4_2"
"2044","TCAATTCTCTCACCCA-1_4_2"
"2045","TCACAAGAGAAGAACG-1_4_2"
"2046","TCACAAGAGGGAGATA-1_4_2"
"2047","TCACATTCATACCATG-1_4_2"
"2048","TCACATTGTAGAGGAA-1_4_2"
"2049","TCACATTGTCTTCGAA-1_4_2"
"2050","TCACATTTCGCTAAAC-1_4_2"
"2051","TCACGCTAGACCTGGA-1_4_2"
"2052","TCACGCTAGCTCTGTA-1_4_2"
"2053","TCACGCTAGGATCATA-1_4_2"
"2054","TCACGCTCACCTAAAC-1_4_2"
"2055","TCACGCTGTGCAATGG-1_4_2"
"2056","TCACGGGCAAATCGGG-1_4_2"
"2057","TCAGCAAAGGACTATA-1_4_2"
"2058","TCAGCAACAGGTGAGT-1_4_2"
"2059","TCAGCAAGTTAAGAAC-1_4_2"
"2060","TCAGCCTCAACCCTAA-1_4_2"
"2061","TCAGGGCAGACCATAA-1_4_2"
"2062","TCAGGGCAGGGACAGG-1_4_2"
"2063","TCAGGGCTCATGAGTC-1_4_2"
"2064","TCAGTCCCACACAGAG-1_4_2"
"2065","TCAGTGAAGTCACTCA-1_4_2"
"2066","TCAGTGACATCGAACT-1_4_2"
"2067","TCAGTGATCAACTACG-1_4_2"
"2068","TCAGTTTGTGATGTAA-1_4_2"
"2069","TCATACTAGGGAGTTC-1_4_2"
"2070","TCATACTCAAGCCCAC-1_4_2"
"2071","TCATACTCATAGGTTC-1_4_2"
"2072","TCATACTGTAGTTCCA-1_4_2"
"2073","TCATACTTCGTCAAAC-1_4_2"
"2074","TCATATCTCAAGGACG-1_4_2"
"2075","TCATATCTCCGTGACG-1_4_2"
"2076","TCATATCTCCGTGCGA-1_4_2"
"2077","TCATCATAGTTCCATG-1_4_2"
"2078","TCATCATCACGACAAG-1_4_2"
"2079","TCATCCGAGGATGGCT-1_4_2"
"2080","TCATCCGAGGCGAAGG-1_4_2"
"2081","TCATCCGCACACACGC-1_4_2"
"2082","TCATCCGTCCGTGGGT-1_4_2"
"2083","TCATGAGGTCGTATTG-1_4_2"
"2084","TCATGAGTCTGCCTCA-1_4_2"
"2085","TCATGCCAGTAGGTTA-1_4_2"
"2086","TCATGCCCACAATGAA-1_4_2"
"2087","TCATGGAAGGCACAAC-1_4_2"
"2088","TCATGGAAGTTCCTGA-1_4_2"
"2089","TCATGGACAAATCAGA-1_4_2"
"2090","TCATGGACAGCTGGTC-1_4_2"
"2091","TCATGGAGTATGCGTT-1_4_2"
"2092","TCATGGAGTCAAGGCA-1_4_2"
"2093","TCATGGAGTGGCATCC-1_4_2"
"2094","TCATGTTAGCGTTACT-1_4_2"
"2095","TCATGTTCATAACCCA-1_4_2"
"2096","TCATGTTGTAGCTTTG-1_4_2"
"2097","TCATGTTTCCTTCAGC-1_4_2"
"2098","TCATTACAGCTCGCAC-1_4_2"
"2099","TCATTACAGGGATGTC-1_4_2"
"2100","TCATTACGTGTCATTG-1_4_2"
"2101","TCATTACGTTCAGCGC-1_4_2"
"2102","TCATTCAAGGGTTGCA-1_4_2"
"2103","TCATTCATCATCGGGC-1_4_2"
"2104","TCATTCATCTCGTTTA-1_4_2"
"2105","TCATTGTCAACGCCCA-1_4_2"
"2106","TCATTGTTCCACTTCG-1_4_2"
"2107","TCATTTGAGGTCGACA-1_4_2"
"2108","TCATTTGCACACCTGG-1_4_2"
"2109","TCATTTGCAGAACTCT-1_4_2"
"2110","TCATTTGGTGAGTAGC-1_4_2"
"2111","TCATTTGGTTGGCCGT-1_4_2"
"2112","TCCACCACAGGACAGT-1_4_2"
"2113","TCCACCACAGGCATGA-1_4_2"
"2114","TCCACCAGTGTACGCC-1_4_2"
"2115","TCCACGTCAAGCTGCC-1_4_2"
"2116","TCCACGTCAGTTTGGT-1_4_2"
"2117","TCCAGAAAGGTTACCT-1_4_2"
"2118","TCCAGAAAGTAGCTCT-1_4_2"
"2119","TCCAGAAAGTTCGGTT-1_4_2"
"2120","TCCAGAACACACGTGC-1_4_2"
"2121","TCCAGAAGTGCGACAA-1_4_2"
"2122","TCCAGAATCTCGTGAA-1_4_2"
"2123","TCCAGAATCTGCGTCT-1_4_2"
"2124","TCCATCGGTAACGCGA-1_4_2"
"2125","TCCATCGGTTTCGTTT-1_4_2"
"2126","TCCCACAAGGTCATCT-1_4_2"
"2127","TCCCACACAGCATTGT-1_4_2"
"2128","TCCCACATCAAATGCC-1_4_2"
"2129","TCCCAGTCAAACTGCT-1_4_2"
"2130","TCCCAGTTCTAAGGAA-1_4_2"
"2131","TCCCATGGTGCTCCGA-1_4_2"
"2132","TCCCATGTCGCCTATC-1_4_2"
"2133","TCCGAAAAGCACTCAT-1_4_2"
"2134","TCCGAAAAGGCCCACT-1_4_2"
"2135","TCCGAAACATATGCGT-1_4_2"
"2136","TCCGAAACATGTGACT-1_4_2"
"2137","TCCGAAAGTCCTGGTG-1_4_2"
"2138","TCCGAAAGTCTAGGCC-1_4_2"
"2139","TCCGAAATCGTCCTTG-1_4_2"
"2140","TCCGATCAGCTCTTCC-1_4_2"
"2141","TCCGATCGTAACTAAG-1_4_2"
"2142","TCCGATCTCTCTCTTC-1_4_2"
"2143","TCCGGGACAAGAGATT-1_4_2"
"2144","TCCGGGACACCCTTGT-1_4_2"
"2145","TCCGGGACACTGGACC-1_4_2"
"2146","TCCGTGTCACTTGGCG-1_4_2"
"2147","TCCTAATAGGTGCTAG-1_4_2"
"2148","TCCTAATCATGGAACG-1_4_2"
"2149","TCCTAATTCTGGGAGA-1_4_2"
"2150","TCCTCCCGTACAGTAA-1_4_2"
"2151","TCCTCCCTCTCTGAGA-1_4_2"
"2152","TCCTCGAAGCGTCAGA-1_4_2"
"2153","TCCTCGATCGGAGCAA-1_4_2"
"2154","TCCTCTTCACTCTGCT-1_4_2"
"2155","TCCTCTTCAGTTGCGC-1_4_2"
"2156","TCCTCTTGTCATAGTC-1_4_2"
"2157","TCCTCTTGTGACATCT-1_4_2"
"2158","TCCTGCAAGCACACCC-1_4_2"
"2159","TCCTGCACAAAGCGTG-1_4_2"
"2160","TCCTGCACAAGCTACT-1_4_2"
"2161","TCCTGCAGTTTGACAC-1_4_2"
"2162","TCCTTCTAGGTCGTGA-1_4_2"
"2163","TCCTTCTAGTGAGGCT-1_4_2"
"2164","TCCTTTCCACTTGAAC-1_4_2"
"2165","TCCTTTCTCAAGTCGT-1_4_2"
"2166","TCGAACACAACACAAA-1_4_2"
"2167","TCGAAGTCAAATGAAC-1_4_2"
"2168","TCGAAGTCAGACCTGC-1_4_2"
"2169","TCGAAGTGTATCGAGG-1_4_2"
"2170","TCGAAGTGTTGACGGA-1_4_2"
"2171","TCGACCTGTTAACAGA-1_4_2"
"2172","TCGACCTTCAAGATAG-1_4_2"
"2173","TCGACCTTCCAGTTCC-1_4_2"
"2174","TCGACCTTCGGTAGAG-1_4_2"
"2175","TCGACGGAGTATGCAA-1_4_2"
"2176","TCGACGGGTTTCGTGA-1_4_2"
"2177","TCGACGGTCAAACCCA-1_4_2"
"2178","TCGACGGTCACAAGGG-1_4_2"
"2179","TCGACGGTCTTCGGTC-1_4_2"
"2180","TCGATTTAGGTTGACG-1_4_2"
"2181","TCGATTTGTCCGAAGA-1_4_2"
"2182","TCGATTTTCATTATCC-1_4_2"
"2183","TCGCACTCAGGATTCT-1_4_2"
"2184","TCGCACTGTGCCTATA-1_4_2"
"2185","TCGCTCAAGGTCCCTG-1_4_2"
"2186","TCGCTCAAGTCGCGAA-1_4_2"
"2187","TCGCTCATCTGTAAGC-1_4_2"
"2188","TCGCTTGAGGTTAAAC-1_4_2"
"2189","TCGCTTGAGTTCGGTT-1_4_2"
"2190","TCGCTTGCACATAACC-1_4_2"
"2191","TCGCTTGTCCATTTCA-1_4_2"
"2192","TCGGATATCGCACGAC-1_4_2"
"2193","TCGGGACAGCAAGTGC-1_4_2"
"2194","TCGGGACAGGCAGCTA-1_4_2"
"2195","TCGGGACAGGGAACAA-1_4_2"
"2196","TCGGGACCACTGAGTT-1_4_2"
"2197","TCGGGACGTCGAAGCA-1_4_2"
"2198","TCGGGACTCTGACCCT-1_4_2"
"2199","TCGGGCAAGTAGTGCG-1_4_2"
"2200","TCGGGCACATGACAAA-1_4_2"
"2201","TCGGGCAGTATCTCTT-1_4_2"
"2202","TCGGGCATCCTTCTAA-1_4_2"
"2203","TCGGGTGAGAAAGTCT-1_4_2"
"2204","TCGGGTGAGATACTGA-1_4_2"
"2205","TCGGGTGAGGCCTGCT-1_4_2"
"2206","TCGTAGACAAGTCCCG-1_4_2"
"2207","TCGTAGATCTGGGCAC-1_4_2"
"2208","TCGTCCAAGAGCATAT-1_4_2"
"2209","TCGTCCAAGAGCCGTA-1_4_2"
"2210","TCGTCCAGTTCTAAGC-1_4_2"
"2211","TCGTGCTAGTAGTCTC-1_4_2"
"2212","TCGTGCTCAACCGCTG-1_4_2"
"2213","TCGTGCTCACCTCTGT-1_4_2"
"2214","TCGTGGGCATCCTTCG-1_4_2"
"2215","TCGTGGGTCCCTTTGG-1_4_2"
"2216","TCTAACTGTCTAGATC-1_4_2"
"2217","TCTAACTTCAGATGCT-1_4_2"
"2218","TCTACATAGCGTCAGA-1_4_2"
"2219","TCTACATAGCTCAGAG-1_4_2"
"2220","TCTACATAGGTGGCTA-1_4_2"
"2221","TCTACATGTGACAGCA-1_4_2"
"2222","TCTACCGAGTCCCGAC-1_4_2"
"2223","TCTATACAGTGATTCC-1_4_2"
"2224","TCTATACGTACGACTT-1_4_2"
"2225","TCTATACTCTCCCAAC-1_4_2"
"2226","TCTATCAAGAGATGCC-1_4_2"
"2227","TCTATCACATAATCCG-1_4_2"
"2228","TCTATCAGTCTCTCTG-1_4_2"
"2229","TCTATCATCGCAAGAG-1_4_2"
"2230","TCTATCATCGTACCTC-1_4_2"
"2231","TCTCACGTCCAAATGC-1_4_2"
"2232","TCTCACGTCGTTCCTG-1_4_2"
"2233","TCTCAGCAGATACTGA-1_4_2"
"2234","TCTCAGCGTATACCCA-1_4_2"
"2235","TCTCAGCGTGACTAAA-1_4_2"
"2236","TCTCAGCTCCCTCGAT-1_4_2"
"2237","TCTCAGCTCTTGATTC-1_4_2"
"2238","TCTCCGACATGACAAA-1_4_2"
"2239","TCTCCGATCAACTCTT-1_4_2"
"2240","TCTCCGATCCCTGTTG-1_4_2"
"2241","TCTCTGGAGTGACACG-1_4_2"
"2242","TCTGCCAGTGGCTGCT-1_4_2"
"2243","TCTGGCTAGGGCTTCC-1_4_2"
"2244","TCTGGCTAGTCAGCCC-1_4_2"
"2245","TCTGGCTGTGTCATTG-1_4_2"
"2246","TCTGTCGGTAAGCAAT-1_4_2"
"2247","TCTGTCGGTGTAAATG-1_4_2"
"2248","TCTGTCGTCCGTGTAA-1_4_2"
"2249","TCTGTCGTCCTCAGAA-1_4_2"
"2250","TCTTAGTAGCTTTCCC-1_4_2"
"2251","TCTTAGTTCAAGCGTT-1_4_2"
"2252","TCTTAGTTCTTGGATG-1_4_2"
"2253","TCTTGCGCAAGTACCT-1_4_2"
"2254","TCTTTGACACGCTATA-1_4_2"
"2255","TCTTTGAGTTCGAACT-1_4_2"
"2256","TCTTTGAGTTTAGACC-1_4_2"
"2257","TGAACGTAGGTCGACA-1_4_2"
"2258","TGAACGTCAATGTCTG-1_4_2"
"2259","TGAACGTCACACGCCA-1_4_2"
"2260","TGAACGTTCGCTTTAT-1_4_2"
"2261","TGAATCGGTATGCTAC-1_4_2"
"2262","TGAATGCCATGCCATA-1_4_2"
"2263","TGACAGTAGCTCCACG-1_4_2"
"2264","TGACAGTCATACCGTA-1_4_2"
"2265","TGACAGTGTAAGGCTG-1_4_2"
"2266","TGACCCTAGCCATTTG-1_4_2"
"2267","TGACCCTAGGATTCAA-1_4_2"
"2268","TGACCCTCAGTTAAAG-1_4_2"
"2269","TGACCCTCAGTTTGGT-1_4_2"
"2270","TGACGCGCATCCGGCA-1_4_2"
"2271","TGACGCGGTCGTACAT-1_4_2"
"2272","TGACGCGGTTGAGTCT-1_4_2"
"2273","TGACGCGTCACAAGGG-1_4_2"
"2274","TGACGCGTCGCTACGG-1_4_2"
"2275","TGACTCCAGTAAAGCT-1_4_2"
"2276","TGACTCCCACCGTGGT-1_4_2"
"2277","TGACTCCGTGCCGTAC-1_4_2"
"2278","TGACTCCTCCAAAGGG-1_4_2"
"2279","TGAGACTGTCGTGATT-1_4_2"
"2280","TGAGACTTCCTGTAAG-1_4_2"
"2281","TGAGCATAGGTAGGCT-1_4_2"
"2282","TGAGCATGTCGAGCAA-1_4_2"
"2283","TGAGCGCAGCCTATTG-1_4_2"
"2284","TGAGCGCCAACTGCTA-1_4_2"
"2285","TGAGGAGAGTAACCTC-1_4_2"
"2286","TGAGGAGGTCCACAGC-1_4_2"
"2287","TGAGGAGGTGCCTGAC-1_4_2"
"2288","TGAGGGAAGATCGACG-1_4_2"
"2289","TGAGGGAGTGGCTTAT-1_4_2"
"2290","TGAGGTTAGCAAGGAA-1_4_2"
"2291","TGAGGTTAGTGCACAG-1_4_2"
"2292","TGATCAGGTGTGTCCG-1_4_2"
"2293","TGATCTTCACTGGCCA-1_4_2"
"2294","TGATCTTCAGTCTGGC-1_4_2"
"2295","TGATCTTGTACTAACC-1_4_2"
"2296","TGATCTTGTTACACAC-1_4_2"
"2297","TGATCTTGTTGTGGAG-1_4_2"
"2298","TGATCTTTCACTGATG-1_4_2"
"2299","TGATGGTCAATAGTAG-1_4_2"
"2300","TGATGGTGTAAGATTG-1_4_2"
"2301","TGATGGTTCGGTCTAA-1_4_2"
"2302","TGATTCTGTATGAAGT-1_4_2"
"2303","TGATTCTTCGCAATGT-1_4_2"
"2304","TGATTTCGTACTGCCG-1_4_2"
"2305","TGCACGGCAGGTCCCA-1_4_2"
"2306","TGCACGGCATCGTGGC-1_4_2"
"2307","TGCACGGCATCTGTTT-1_4_2"
"2308","TGCACGGGTTTCCCAC-1_4_2"
"2309","TGCACGGTCCATACAG-1_4_2"
"2310","TGCAGGCAGACAAGCC-1_4_2"
"2311","TGCAGGCCACAACGTT-1_4_2"
"2312","TGCAGGCCACACCAGC-1_4_2"
"2313","TGCAGGCCATAGCACT-1_4_2"
"2314","TGCAGGCCATTCGATG-1_4_2"
"2315","TGCAGTACACAATGAA-1_4_2"
"2316","TGCAGTAGTACTGCCG-1_4_2"
"2317","TGCAGTATCTGCTTTA-1_4_2"
"2318","TGCATCCTCTACAGGT-1_4_2"
"2319","TGCATGACATCCGTGG-1_4_2"
"2320","TGCCGAGAGCCGATTT-1_4_2"
"2321","TGCCGAGGTCTTTCTA-1_4_2"
"2322","TGCCGAGGTTCGGCGT-1_4_2"
"2323","TGCCGAGTCCAAACCA-1_4_2"
"2324","TGCCGAGTCTGGGCCA-1_4_2"
"2325","TGCGACGAGTTGAAAC-1_4_2"
"2326","TGCGACGCACTCATAG-1_4_2"
"2327","TGCGACGGTTGGTGTT-1_4_2"
"2328","TGCGACGTCTGTCGTC-1_4_2"
"2329","TGCGACGTCTTCGTAT-1_4_2"
"2330","TGCGGCAAGCCTTCTC-1_4_2"
"2331","TGCGGCAGTGCAATAA-1_4_2"
"2332","TGCGGGTAGCATTTCG-1_4_2"
"2333","TGCGGGTCATACAGCT-1_4_2"
"2334","TGCGGGTGTCTCAAGT-1_4_2"
"2335","TGCGGGTGTGAGGATC-1_4_2"
"2336","TGCGGGTTCAAGTCGT-1_4_2"
"2337","TGCTCCAAGACGCTCC-1_4_2"
"2338","TGCTCCAAGATGATTG-1_4_2"
"2339","TGCTCGTGTATGTCCA-1_4_2"
"2340","TGCTCGTTCGCGCTGA-1_4_2"
"2341","TGCTGAAAGTTACTCG-1_4_2"
"2342","TGCTGAACAAGCTGCC-1_4_2"
"2343","TGCTGAAGTACAGGTG-1_4_2"
"2344","TGCTGAAGTGCACAAG-1_4_2"
"2345","TGCTGAAGTTTCGCTC-1_4_2"
"2346","TGCTGAATCACAAGGG-1_4_2"
"2347","TGCTTCGCAGTCAGAG-1_4_2"
"2348","TGCTTCGTCTTTCAGT-1_4_2"
"2349","TGCTTGCCACGCTTAA-1_4_2"
"2350","TGGAACTGTCGAGATG-1_4_2"
"2351","TGGAACTTCCCAAGCG-1_4_2"
"2352","TGGAACTTCGCCGATG-1_4_2"
"2353","TGGAGAGCACCAGACC-1_4_2"
"2354","TGGAGAGGTATCATGC-1_4_2"
"2355","TGGAGAGTCACTGGGC-1_4_2"
"2356","TGGAGAGTCCGCAACG-1_4_2"
"2357","TGGAGGAAGTAAGAGG-1_4_2"
"2358","TGGAGGATCAACTCTT-1_4_2"
"2359","TGGATCACACGCGCTA-1_4_2"
"2360","TGGATCACATTAAAGG-1_4_2"
"2361","TGGATCATCCAGTGTA-1_4_2"
"2362","TGGATCATCTTTGCTA-1_4_2"
"2363","TGGATGTCAACCTAAC-1_4_2"
"2364","TGGATGTCAGGTGAGT-1_4_2"
"2365","TGGATGTGTCTTCGAA-1_4_2"
"2366","TGGCGTGAGTTCCTGA-1_4_2"
"2367","TGGCGTGCAATTGAGA-1_4_2"
"2368","TGGCGTGGTGCAGATG-1_4_2"
"2369","TGGCGTGTCGTTAGAC-1_4_2"
"2370","TGGCGTGTCTAACGGT-1_4_2"
"2371","TGGCGTGTCTGGGCCA-1_4_2"
"2372","TGGGAAGAGAGCAGTC-1_4_2"
"2373","TGGGAAGAGCCTGCCA-1_4_2"
"2374","TGGGAAGAGCGTGAAC-1_4_2"
"2375","TGGGAAGGTTACCGTA-1_4_2"
"2376","TGGGAAGTCTGATGGT-1_4_2"
"2377","TGGGAGACAGCGTGCT-1_4_2"
"2378","TGGGAGAGTAACGTTC-1_4_2"
"2379","TGGGAGAGTATCCTTT-1_4_2"
"2380","TGGGATTGTGCTAGCC-1_4_2"
"2381","TGGGATTTCGTAGCCG-1_4_2"
"2382","TGGGCGTAGTTTCGGT-1_4_2"
"2383","TGGGCGTCAACCAGAG-1_4_2"
"2384","TGGGCGTGTAGCTGCC-1_4_2"
"2385","TGGGCTGAGACGGTTG-1_4_2"
"2386","TGGGCTGAGAGCATTA-1_4_2"
"2387","TGGGCTGCAAACCGGA-1_4_2"
"2388","TGGGCTGCAATACGCT-1_4_2"
"2389","TGGGCTGGTCATTGCA-1_4_2"
"2390","TGGGCTGGTTCGGCCA-1_4_2"
"2391","TGGGCTGTCCCAGTGG-1_4_2"
"2392","TGGGCTGTCCTGCTAC-1_4_2"
"2393","TGGGTTAAGCCATGCC-1_4_2"
"2394","TGGGTTATCCATTTGT-1_4_2"
"2395","TGGTACAGTCCTACGG-1_4_2"
"2396","TGGTACATCCACACCT-1_4_2"
"2397","TGGTAGTCAGCAAGAC-1_4_2"
"2398","TGGTGATAGATTGTGA-1_4_2"
"2399","TGGTGATAGGTTAGTA-1_4_2"
"2400","TGGTGATCAGGCTTGC-1_4_2"
"2401","TGGTGATGTCCTGGTG-1_4_2"
"2402","TGGTGATTCGTCCTTG-1_4_2"
"2403","TGGTTAGGTGCGAACA-1_4_2"
"2404","TGGTTAGTCCGAGATT-1_4_2"
"2405","TGTAACGAGACTTCAC-1_4_2"
"2406","TGTAACGCAAAGCTAA-1_4_2"
"2407","TGTAACGTCGGATACT-1_4_2"
"2408","TGTAAGCAGACTGAGC-1_4_2"
"2409","TGTAAGCGTAATTAGG-1_4_2"
"2410","TGTAAGCGTACCGTGC-1_4_2"
"2411","TGTAAGCTCAGAGTGG-1_4_2"
"2412","TGTACAGCAGGAATCG-1_4_2"
"2413","TGTACAGGTACCACGC-1_4_2"
"2414","TGTACAGTCGGTTAGT-1_4_2"
"2415","TGTAGACGTGTTGAGG-1_4_2"
"2416","TGTCAGAAGACCAAAT-1_4_2"
"2417","TGTCCACAGCTGCCAC-1_4_2"
"2418","TGTCCACCATGACACT-1_4_2"
"2419","TGTCCACTCCTCAGGG-1_4_2"
"2420","TGTCCCACATCGTGCG-1_4_2"
"2421","TGTCCCATCACTGTCC-1_4_2"
"2422","TGTCCCATCGCACTCT-1_4_2"
"2423","TGTCCTGAGTTCGGTT-1_4_2"
"2424","TGTCCTGGTCGGCCTA-1_4_2"
"2425","TGTCCTGGTTACCTGA-1_4_2"
"2426","TGTCCTGTCGTTAGAC-1_4_2"
"2427","TGTGAGTTCTCGCCTA-1_4_2"
"2428","TGTGATGAGATTAGTG-1_4_2"
"2429","TGTGATGAGTTTGTCG-1_4_2"
"2430","TGTGATGTCGACCTAA-1_4_2"
"2431","TGTGATGTCTCGTCAC-1_4_2"
"2432","TGTGCGGCATCCCGTT-1_4_2"
"2433","TGTGCGGTCCGATGTA-1_4_2"
"2434","TGTGCGGTCCTACGGG-1_4_2"
"2435","TGTGGCGAGGTCGAGT-1_4_2"
"2436","TGTGGCGAGTTGAAGT-1_4_2"
"2437","TGTGTGACAATGACCT-1_4_2"
"2438","TGTGTGACAGTCAGTT-1_4_2"
"2439","TGTTACTAGGATCATA-1_4_2"
"2440","TGTTACTAGTCATGCT-1_4_2"
"2441","TGTTACTTCATTCATC-1_4_2"
"2442","TGTTCATAGAGAGGGC-1_4_2"
"2443","TGTTCATAGCGACATG-1_4_2"
"2444","TGTTCATAGTCAGCCC-1_4_2"
"2445","TGTTCCGAGTCTGGAG-1_4_2"
"2446","TGTTCTAAGAACGCGT-1_4_2"
"2447","TGTTCTACAATTTCTC-1_4_2"
"2448","TGTTCTATCCCACAGG-1_4_2"
"2449","TGTTGAGAGTCGTTAC-1_4_2"
"2450","TGTTGAGCATCCGTTC-1_4_2"
"2451","TGTTGAGTCTTAAGGC-1_4_2"
"2452","TGTTGGATCACGGACC-1_4_2"
"2453","TGTTTGTAGGCATCGA-1_4_2"
"2454","TGTTTGTCAAGATCCT-1_4_2"
"2455","TGTTTGTGTACTCCGG-1_4_2"
"2456","TGTTTGTGTTCATCTT-1_4_2"
"2457","TGTTTGTTCTTGTGCC-1_4_2"
"2458","TTAATCCAGCTAAGTA-1_4_2"
"2459","TTAATCCAGCTAGAAT-1_4_2"
"2460","TTAATCCCAACAGCCC-1_4_2"
"2461","TTAATCCCACAAACGG-1_4_2"
"2462","TTAATCCGTGCCGTAC-1_4_2"
"2463","TTAATCCTCCGAGCTG-1_4_2"
"2464","TTACAGGAGGCGTTAG-1_4_2"
"2465","TTACAGGGTCCTCAGG-1_4_2"
"2466","TTACAGGGTCGGCACT-1_4_2"
"2467","TTACAGGTCCGTAATG-1_4_2"
"2468","TTACAGGTCTCATTGT-1_4_2"
"2469","TTACCATAGCAGAAAG-1_4_2"
"2470","TTACCATGTCCTGTCT-1_4_2"
"2471","TTACCATTCGGTTCAA-1_4_2"
"2472","TTACCGCCACTGTCGG-1_4_2"
"2473","TTACCGCCATATAGCC-1_4_2"
"2474","TTACGCCAGTCACACT-1_4_2"
"2475","TTACGCCCACTGAGTT-1_4_2"
"2476","TTACGCCCATTCACAG-1_4_2"
"2477","TTACGCCGTAGTCTTG-1_4_2"
"2478","TTACGCCGTCTGTGTA-1_4_2"
"2479","TTACGTTAGCAACAGC-1_4_2"
"2480","TTACGTTTCCACGTCT-1_4_2"
"2481","TTACTGTAGCCGTCGT-1_4_2"
"2482","TTACTGTAGCTGACTT-1_4_2"
"2483","TTACTGTCAGCTCCTT-1_4_2"
"2484","TTACTGTCAGGTTCCG-1_4_2"
"2485","TTAGGCAGTCACTAGT-1_4_2"
"2486","TTAGGCATCATCACTT-1_4_2"
"2487","TTAGGGTGTAACAGTA-1_4_2"
"2488","TTAGGGTGTATGTGTC-1_4_2"
"2489","TTAGTCTAGAAATTCG-1_4_2"
"2490","TTAGTCTGTATCACGT-1_4_2"
"2491","TTATTGCGTGACTCTA-1_4_2"
"2492","TTATTGCGTTAAGTCC-1_4_2"
"2493","TTCAATCAGTTCGCAT-1_4_2"
"2494","TTCAATCCATGCCGAC-1_4_2"
"2495","TTCAATCTCACTCTTA-1_4_2"
"2496","TTCACCGGTTCTCCAC-1_4_2"
"2497","TTCACGCGTCCGGATC-1_4_2"
"2498","TTCACGCGTGGTCTCG-1_4_2"
"2499","TTCAGGAAGAAATCCA-1_4_2"
"2500","TTCAGGACAATCTGCA-1_4_2"
"2501","TTCAGGAGTGCCCTTT-1_4_2"
"2502","TTCATGTGTAGATCCT-1_4_2"
"2503","TTCATGTGTATCGGTT-1_4_2"
"2504","TTCATGTGTCGATTAC-1_4_2"
"2505","TTCATGTGTGCGACAA-1_4_2"
"2506","TTCATGTGTTGGACTT-1_4_2"
"2507","TTCATGTTCGAGTTGT-1_4_2"
"2508","TTCATTGAGGTTCTTG-1_4_2"
"2509","TTCATTGGTGAGCAGT-1_4_2"
"2510","TTCATTGGTTGGCCGT-1_4_2"
"2511","TTCCAATAGGAGCAAA-1_4_2"
"2512","TTCCAATAGGCGATAC-1_4_2"
"2513","TTCCAATGTCGAAACG-1_4_2"
"2514","TTCCACGCACTCTAGA-1_4_2"
"2515","TTCCGGTAGACGCTCC-1_4_2"
"2516","TTCCGGTAGTCCCGAC-1_4_2"
"2517","TTCCGGTCAACGATTC-1_4_2"
"2518","TTCCGGTTCATAGGCT-1_4_2"
"2519","TTCCGTGAGCTCTTCC-1_4_2"
"2520","TTCCGTGCATCGGTTA-1_4_2"
"2521","TTCCGTGGTACTGACT-1_4_2"
"2522","TTCCGTGGTAGATCGG-1_4_2"
"2523","TTCCGTGTCGCTGACG-1_4_2"
"2524","TTCCTAAAGTAGCATA-1_4_2"
"2525","TTCCTAACATCTGGGC-1_4_2"
"2526","TTCCTAAGTTGGCCTG-1_4_2"
"2527","TTCCTAATCCTCTTTC-1_4_2"
"2528","TTCCTAATCTAAGCCA-1_4_2"
"2529","TTCCTCTGTCGCTTAA-1_4_2"
"2530","TTCCTTCAGTCACAGG-1_4_2"
"2531","TTCGATTCAAACTAAG-1_4_2"
"2532","TTCGATTCACAGCTGC-1_4_2"
"2533","TTCGATTCACTGGACC-1_4_2"
"2534","TTCGATTGTGAGGCAT-1_4_2"
"2535","TTCGGTCCAAGAGATT-1_4_2"
"2536","TTCGGTCCAGGTTCAT-1_4_2"
"2537","TTCGGTCGTAAGTTAG-1_4_2"
"2538","TTCGGTCTCGGCATTA-1_4_2"
"2539","TTCTAACAGACTTCAC-1_4_2"
"2540","TTCTAACCATGCCGCA-1_4_2"
"2541","TTCTAACGTTAGAAAC-1_4_2"
"2542","TTCTAACGTTTGGGTT-1_4_2"
"2543","TTCTAGTCACAAGCAG-1_4_2"
"2544","TTCTAGTCACGTACTA-1_4_2"
"2545","TTCTAGTCATAGCTGT-1_4_2"
"2546","TTCTAGTTCGCTATTT-1_4_2"
"2547","TTCTCTCTCGCAGTTA-1_4_2"
"2548","TTCTGTAGTGCGAACA-1_4_2"
"2549","TTCTGTATCAAGCTTG-1_4_2"
"2550","TTCTGTATCGAGTACT-1_4_2"
"2551","TTCTGTATCGCTCATC-1_4_2"
"2552","TTCTTCCAGATTTGCC-1_4_2"
"2553","TTCTTCCGTACGACTT-1_4_2"
"2554","TTCTTCCGTTAGGAGC-1_4_2"
"2555","TTCTTCCTCATCGGGC-1_4_2"
"2556","TTCTTGAAGACTTCAC-1_4_2"
"2557","TTCTTGAGTATTGACC-1_4_2"
"2558","TTCTTGAGTCCTGTTC-1_4_2"
"2559","TTGAACGGTGTAAACA-1_4_2"
"2560","TTGAACGTCTCTCAAT-1_4_2"
"2561","TTGACCCCACGCCAGT-1_4_2"
"2562","TTGACCCCACGCTTAA-1_4_2"
"2563","TTGACCCGTACGCGTC-1_4_2"
"2564","TTGACCCGTTAGAGAT-1_4_2"
"2565","TTGACCCTCCTGGGTG-1_4_2"
"2566","TTGAGTGAGACCGCCT-1_4_2"
"2567","TTGAGTGAGCCAAGGT-1_4_2"
"2568","TTGAGTGTCATCACTT-1_4_2"
"2569","TTGATGGAGACGTCGA-1_4_2"
"2570","TTGATGGAGGTAATCA-1_4_2"
"2571","TTGATGGAGTTGTCAC-1_4_2"
"2572","TTGATGGCACTGTTCC-1_4_2"
"2573","TTGCATTCAGAGGGTT-1_4_2"
"2574","TTGCATTGTTAAGTCC-1_4_2"
"2575","TTGCTGCGTCGGAACA-1_4_2"
"2576","TTGCTGCGTTTACGTG-1_4_2"
"2577","TTGCTGCTCCATGATG-1_4_2"
"2578","TTGGATGAGCTTAAGA-1_4_2"
"2579","TTGGATGCACCAAATC-1_4_2"
"2580","TTGGGATAGACTTCGT-1_4_2"
"2581","TTGGGATCACTATGTG-1_4_2"
"2582","TTGGGCGCAGAACTTC-1_4_2"
"2583","TTGGGCGTCAGACCGC-1_4_2"
"2584","TTGGGCGTCGTTACCC-1_4_2"
"2585","TTGGTTTAGTGAGTTA-1_4_2"
"2586","TTGGTTTCAGCGTTTA-1_4_2"
"2587","TTGGTTTGTATGCGGA-1_4_2"
"2588","TTGGTTTGTCCTGGTG-1_4_2"
"2589","TTGGTTTTCACAAGGG-1_4_2"
"2590","TTGTGGACAACTGAAA-1_4_2"
"2591","TTGTGGAGTCGCGTCA-1_4_2"
"2592","TTGTGGATCTTCTAAC-1_4_2"
"2593","TTGTGTTAGGTGATAT-1_4_2"
"2594","TTGTGTTCAGTAGTGG-1_4_2"
"2595","TTGTGTTGTACTGCCG-1_4_2"
"2596","TTGTGTTTCGAAGCAG-1_4_2"
"2597","TTGTGTTTCGCGCCAA-1_4_2"
"2598","TTGTTCAAGATCCTAC-1_4_2"
"2599","TTGTTCAAGTAGATCA-1_4_2"
"2600","TTGTTGTCACAAGCAG-1_4_2"
"2601","TTGTTGTCACACAGCC-1_4_2"
"2602","TTGTTTGAGACGACGT-1_4_2"
"2603","TTGTTTGAGTAGGATT-1_4_2"
"2604","TTGTTTGCAAATCGTC-1_4_2"
"2605","TTGTTTGCACTCATAG-1_4_2"
"2606","TTGTTTGGTGCTCCGA-1_4_2"
"2607","TTGTTTGGTTTGTGGT-1_4_2"
"2608","TTTACCATCAGCATTG-1_4_2"
"2609","TTTACGTAGACTACCT-1_4_2"
"2610","TTTACGTCATCTCATT-1_4_2"
"2611","TTTACGTTCAGTCAGT-1_4_2"
"2612","TTTACTGAGGTCACCC-1_4_2"
"2613","TTTACTGCAACGATCT-1_4_2"
"2614","TTTACTGGTCGCTCGA-1_4_2"
"2615","TTTAGTCCAGGTCTCG-1_4_2"
"2616","TTTATGCGTGGTCTCG-1_4_2"
"2617","TTTATGCTCGTCCATC-1_4_2"
"2618","TTTCACACACACTGGC-1_4_2"
"2619","TTTCACAGTTTCCAAG-1_4_2"
"2620","TTTCAGTAGGGCCTCT-1_4_2"
"2621","TTTCAGTAGGTGCCAA-1_4_2"
"2622","TTTCAGTCAATAGAGT-1_4_2"
"2623","TTTCAGTCAGATCATC-1_4_2"
"2624","TTTCAGTCATGTTCAG-1_4_2"
"2625","TTTCAGTGTGTGTCCG-1_4_2"
"2626","TTTCATGAGAAGTATC-1_4_2"
"2627","TTTCATGAGGTACAGC-1_4_2"
"2628","TTTCATGCAGCGTTTA-1_4_2"
"2629","TTTCCTCGTAGACTGG-1_4_2"
"2630","TTTCGATAGCCTAACT-1_4_2"
"2631","TTTCGATCAGCGTGCT-1_4_2"
"2632","TTTGACTAGGACTATA-1_4_2"
"2633","TTTGATCGTGTTCCAA-1_4_2"
"2634","TTTGATCTCCCTTGTG-1_4_2"
"2635","TTTGGAGTCTGGGAGA-1_4_2"
"2636","TTTGTTGAGCGTATGG-1_4_2"
