"","x"
"1","AAACCCAAGTACAGCG-1_1_1"
"2","AAACGAACAGGTGTTT-1_1_1"
"3","AAACGAATCCATTCAT-1_1_1"
"4","AAACGAATCGAAGGAC-1_1_1"
"5","AAACGCTAGAGACAAG-1_1_1"
"6","AAACGCTTCTACGGGC-1_1_1"
"7","AAAGAACTCTTCGTAT-1_1_1"
"8","AAAGGATGTACGATGG-1_1_1"
"9","AAAGGATTCTGGACTA-1_1_1"
"10","AAAGGGCGTAAGATTG-1_1_1"
"11","AAAGGGCGTTGCTCAA-1_1_1"
"12","AAAGGTAAGCCGAATG-1_1_1"
"13","AAAGGTAAGTTCACTG-1_1_1"
"14","AAAGGTACACGTATAC-1_1_1"
"15","AAAGGTAGTCACTTCC-1_1_1"
"16","AAAGTCCAGCCGATAG-1_1_1"
"17","AAAGTCCAGGTTTACC-1_1_1"
"18","AAAGTCCCAAGAGGCT-1_1_1"
"19","AAAGTCCTCACCATGA-1_1_1"
"20","AAAGTGACATCTCCCA-1_1_1"
"21","AAAGTGACATTGCCGG-1_1_1"
"22","AAATGGAAGCTGGCCT-1_1_1"
"23","AAATGGACAAGTGACG-1_1_1"
"24","AAATGGAGTAGGTGCA-1_1_1"
"25","AAATGGAGTGCCTGCA-1_1_1"
"26","AAATGGATCCATATGG-1_1_1"
"27","AACAAAGAGCAAATCA-1_1_1"
"28","AACAAAGAGTCTAGAA-1_1_1"
"29","AACAAAGTCATACAGC-1_1_1"
"30","AACAACCAGGGCAATC-1_1_1"
"31","AACAACCCAACCTATG-1_1_1"
"32","AACAACCCAAGGAGTC-1_1_1"
"33","AACAACCCAGCTACTA-1_1_1"
"34","AACAAGAAGACACACG-1_1_1"
"35","AACAAGAAGACATATG-1_1_1"
"36","AACAAGAAGGGACCAT-1_1_1"
"37","AACAAGACATGTCGTA-1_1_1"
"38","AACACACCACCGCTGA-1_1_1"
"39","AACACACCACGTCATA-1_1_1"
"40","AACACACCAGCCCACA-1_1_1"
"41","AACACACGTGGCACTC-1_1_1"
"42","AACAGGGCAAGAGGTC-1_1_1"
"43","AACAGGGCAGGCTTGC-1_1_1"
"44","AACAGGGTCTCCGTGT-1_1_1"
"45","AACCAACCAAGCGAGT-1_1_1"
"46","AACCACAAGCGGTAAC-1_1_1"
"47","AACCACACACTGGACC-1_1_1"
"48","AACCATGCACTTCTCG-1_1_1"
"49","AACCATGGTAGTCGTT-1_1_1"
"50","AACCATGGTGCGTTTA-1_1_1"
"51","AACCATGGTGGACCTC-1_1_1"
"52","AACCCAAAGGCCGCTT-1_1_1"
"53","AACCCAATCACCTGGG-1_1_1"
"54","AACCCAATCTGGGATT-1_1_1"
"55","AACCTGAAGATTCGCT-1_1_1"
"56","AACCTGACAAACCACT-1_1_1"
"57","AACCTGACAGAAGTTA-1_1_1"
"58","AACCTGAGTTTCCATT-1_1_1"
"59","AACCTGATCACTGCTC-1_1_1"
"60","AACCTGATCAGCTTCC-1_1_1"
"61","AACCTGATCGCGGTAC-1_1_1"
"62","AACCTGATCGTTGCCT-1_1_1"
"63","AACCTTTAGGTTCTTG-1_1_1"
"64","AACCTTTCACACCTAA-1_1_1"
"65","AACCTTTCACTCCGGA-1_1_1"
"66","AACCTTTCAGTCCGTG-1_1_1"
"67","AACCTTTGTCTCCTGT-1_1_1"
"68","AACCTTTGTGTCCAAT-1_1_1"
"69","AACGAAATCGTTACCC-1_1_1"
"70","AACGGGAAGAGAGCAA-1_1_1"
"71","AACGGGAGTCCATACA-1_1_1"
"72","AACGTCACACCATATG-1_1_1"
"73","AACTTCTAGAGCCGAT-1_1_1"
"74","AACTTCTAGGTAAGTT-1_1_1"
"75","AACTTCTGTGACTGAG-1_1_1"
"76","AAGAACACAAAGGGTC-1_1_1"
"77","AAGAACACAAGTATCC-1_1_1"
"78","AAGAACATCGTGGTAT-1_1_1"
"79","AAGACAATCGGCAGTC-1_1_1"
"80","AAGACAATCTACGGTA-1_1_1"
"81","AAGACTCCAATACAGA-1_1_1"
"82","AAGATAGCAGGACGAT-1_1_1"
"83","AAGCATCCACATTACG-1_1_1"
"84","AAGCATCGTCCCTGTT-1_1_1"
"85","AAGCCATAGTGGATAT-1_1_1"
"86","AAGCCATGTGGTCCCA-1_1_1"
"87","AAGCCATTCCTAAACG-1_1_1"
"88","AAGCGAGTCCCTTCCC-1_1_1"
"89","AAGCGAGTCTGCTGAA-1_1_1"
"90","AAGCGTTAGCCGTCGT-1_1_1"
"91","AAGCGTTAGGTATTGA-1_1_1"
"92","AAGCGTTCAGCTGTCG-1_1_1"
"93","AAGCGTTGTCGCAACC-1_1_1"
"94","AAGGAATAGTGCGTCC-1_1_1"
"95","AAGGAATGTGAATTGA-1_1_1"
"96","AAGGTAAGTTCGTTCC-1_1_1"
"97","AAGTACCAGGTTGACG-1_1_1"
"98","AAGTACCAGTCAGAGC-1_1_1"
"99","AAGTACCCACCTCAGG-1_1_1"
"100","AAGTACCGTATATGGA-1_1_1"
"101","AAGTACCTCGTAGGGA-1_1_1"
"102","AAGTACCTCTTAGCCC-1_1_1"
"103","AAGTCGTAGACCAAAT-1_1_1"
"104","AAGTCGTAGCCAGAGT-1_1_1"
"105","AAGTCGTAGGCGACAT-1_1_1"
"106","AAGTCGTAGGTACATA-1_1_1"
"107","AAGTCGTAGTAGGGTC-1_1_1"
"108","AAGTCGTCAATAAGGT-1_1_1"
"109","AAGTCGTCATGTGGTT-1_1_1"
"110","AAGTCGTGTCTTAGTG-1_1_1"
"111","AAGTTCGAGGTGGTTG-1_1_1"
"112","AAGTTCGGTACACTCA-1_1_1"
"113","AAGTTCGGTAGACGGT-1_1_1"
"114","AAGTTCGGTGCATGTT-1_1_1"
"115","AAGTTCGGTTCTAAGC-1_1_1"
"116","AAGTTCGGTTGGGCCT-1_1_1"
"117","AATAGAGTCCAGTTCC-1_1_1"
"118","AATAGAGTCCCACAGG-1_1_1"
"119","AATCACGAGGTTCCAT-1_1_1"
"120","AATCACGCAAGTCCAT-1_1_1"
"121","AATCACGCAGGCTTGC-1_1_1"
"122","AATCACGCAGGTGAGT-1_1_1"
"123","AATCGACCAGTCGGTC-1_1_1"
"124","AATCGTGCAAGAGGCT-1_1_1"
"125","AATCGTGTCTTACGTT-1_1_1"
"126","AATGACCCATTCTTCA-1_1_1"
"127","AATGACCGTCTGTCAA-1_1_1"
"128","AATGACCGTGATTCTG-1_1_1"
"129","AATGACCGTTGCTAGT-1_1_1"
"130","AATGACCTCCGTAGGC-1_1_1"
"131","AATGCCAAGAAAGTCT-1_1_1"
"132","AATGCCACAACCGTGC-1_1_1"
"133","AATGCCACAATATCCG-1_1_1"
"134","AATGCCACACAATGAA-1_1_1"
"135","AATGCCACAGGCCCTA-1_1_1"
"136","AATGCCATCCGCGAGT-1_1_1"
"137","AATGGAAAGGTCGTCC-1_1_1"
"138","AATGGAACATCGTCCT-1_1_1"
"139","AATGGAATCACATCAG-1_1_1"
"140","AATGGCTCACTTGAAC-1_1_1"
"141","AATGGCTGTGGCAACA-1_1_1"
"142","AATTCCTAGGACTATA-1_1_1"
"143","AATTCCTAGGTTACCT-1_1_1"
"144","AATTCCTCATCCCACT-1_1_1"
"145","AATTCCTTCCGAAATC-1_1_1"
"146","AATTTCCTCAGAATAG-1_1_1"
"147","ACAAAGAAGTCCCAAT-1_1_1"
"148","ACAAAGACACCGGCTA-1_1_1"
"149","ACAAAGAGTTGCTGAT-1_1_1"
"150","ACAACCAAGTCTGTAC-1_1_1"
"151","ACAACCAGTAAGAACT-1_1_1"
"152","ACAACCATCCGAGTGC-1_1_1"
"153","ACAAGCTAGAACAGGA-1_1_1"
"154","ACAAGCTAGAAGCCAC-1_1_1"
"155","ACAAGCTAGGGAGGGT-1_1_1"
"156","ACAAGCTAGTGAACAT-1_1_1"
"157","ACAAGCTCATAACAGA-1_1_1"
"158","ACAAGCTGTCCTGTTC-1_1_1"
"159","ACAAGCTGTGGCTTAT-1_1_1"
"160","ACAAGCTGTTCCTAAG-1_1_1"
"161","ACAAGCTTCGCTGTTC-1_1_1"
"162","ACACAGTAGCCATTCA-1_1_1"
"163","ACACAGTAGTTTCGAC-1_1_1"
"164","ACACAGTCAACAAAGT-1_1_1"
"165","ACACAGTGTCACGCTG-1_1_1"
"166","ACACCAAAGGTAAGGA-1_1_1"
"167","ACACCAATCCTCCACA-1_1_1"
"168","ACACGCGCACGGCACT-1_1_1"
"169","ACACGCGCAGTCTCTC-1_1_1"
"170","ACACGCGGTACCCAGC-1_1_1"
"171","ACACGCGGTAGGAAAG-1_1_1"
"172","ACACGCGGTGCATTAC-1_1_1"
"173","ACACGCGTCAAACGTC-1_1_1"
"174","ACACGCGTCAAGAAAC-1_1_1"
"175","ACACTGACAGTGTGCC-1_1_1"
"176","ACACTGACATGTTCAG-1_1_1"
"177","ACAGAAAGTTCTTCAT-1_1_1"
"178","ACAGCCGAGGAACTCG-1_1_1"
"179","ACAGCCGCAAAGGCTG-1_1_1"
"180","ACAGCCGCAAGACCGA-1_1_1"
"181","ACAGCCGCAATACGAA-1_1_1"
"182","ACAGCCGCACTTCAGA-1_1_1"
"183","ACAGCCGCATATAGCC-1_1_1"
"184","ACAGCCGCATTCGGGC-1_1_1"
"185","ACAGCCGGTCCTACGG-1_1_1"
"186","ACAGCCGGTTAAAGTG-1_1_1"
"187","ACAGGGAAGACATATG-1_1_1"
"188","ACAGGGACACAGTCAT-1_1_1"
"189","ACAGGGAGTGAGCCAA-1_1_1"
"190","ACAGGGATCTTTCTAG-1_1_1"
"191","ACATCCCGTATCACGT-1_1_1"
"192","ACATCCCTCTGAGTCA-1_1_1"
"193","ACATCGAGTCGAAGCA-1_1_1"
"194","ACATGCACAACACAGG-1_1_1"
"195","ACATGCAGTAATGTGA-1_1_1"
"196","ACATTTCCATCTGCGG-1_1_1"
"197","ACATTTCGTTGCCATA-1_1_1"
"198","ACATTTCTCCGTATGA-1_1_1"
"199","ACCAAACCACCGGTCA-1_1_1"
"200","ACCAAACCAGTTGAAA-1_1_1"
"201","ACCAAACTCTACCACC-1_1_1"
"202","ACCAACAAGAAGTCCG-1_1_1"
"203","ACCACAAAGCCTCAGC-1_1_1"
"204","ACCACAACATCGGCCA-1_1_1"
"205","ACCACAAGTGCAGATG-1_1_1"
"206","ACCATTTCAATGGGTG-1_1_1"
"207","ACCATTTCACAGGATG-1_1_1"
"208","ACCCTCAAGCTTAGTC-1_1_1"
"209","ACCCTCATCTACGGTA-1_1_1"
"210","ACCCTCATCTCCGCAT-1_1_1"
"211","ACCCTTGAGAAACTGT-1_1_1"
"212","ACCCTTGCACAAGTTC-1_1_1"
"213","ACCCTTGCATATCGGT-1_1_1"
"214","ACCCTTGCATGAGATA-1_1_1"
"215","ACCGTTCTCACTTGGA-1_1_1"
"216","ACCTACCAGGATTTGA-1_1_1"
"217","ACCTACCTCCACCTCA-1_1_1"
"218","ACCTGAACAGACGATG-1_1_1"
"219","ACCTGAAGTAACAGGC-1_1_1"
"220","ACCTGAATCGTCAGAT-1_1_1"
"221","ACCTGTCAGGCAGGGA-1_1_1"
"222","ACCTGTCAGTTGTCAC-1_1_1"
"223","ACCTGTCCATGTGTCA-1_1_1"
"224","ACCTGTCGTACGACTT-1_1_1"
"225","ACGATCAAGATGGTAT-1_1_1"
"226","ACGATCACAATTCACG-1_1_1"
"227","ACGATGTAGCGACTTT-1_1_1"
"228","ACGATGTCAGACGATG-1_1_1"
"229","ACGATGTGTAGGTAGC-1_1_1"
"230","ACGCACGGTATCACCA-1_1_1"
"231","ACGGAAGAGTGAGTGC-1_1_1"
"232","ACGGAAGCAATAGGGC-1_1_1"
"233","ACGGGTCAGCAACTTC-1_1_1"
"234","ACGGTCGGTACGTGTT-1_1_1"
"235","ACGGTCGTCCGTCACT-1_1_1"
"236","ACGGTTAAGACTACCT-1_1_1"
"237","ACGGTTAGTCAGGAGT-1_1_1"
"238","ACGGTTATCACGTCCT-1_1_1"
"239","ACGGTTATCAGACCGC-1_1_1"
"240","ACGTAACAGGCCATAG-1_1_1"
"241","ACGTAACAGGCCTAGA-1_1_1"
"242","ACGTAACGTATAGGAT-1_1_1"
"243","ACGTAACGTTCGGTAT-1_1_1"
"244","ACGTACAGTGACAACG-1_1_1"
"245","ACGTACATCACATACG-1_1_1"
"246","ACGTACATCTGAACGT-1_1_1"
"247","ACGTACATCTTTGGAG-1_1_1"
"248","ACGTAGTAGACCATAA-1_1_1"
"249","ACGTAGTCAAACCGGA-1_1_1"
"250","ACGTAGTGTAGCTGTT-1_1_1"
"251","ACGTCCTAGTACCGGA-1_1_1"
"252","ACGTCCTAGTGTCATC-1_1_1"
"253","ACGTCCTCAAGCTACT-1_1_1"
"254","ACGTCCTCAGACGGAT-1_1_1"
"255","ACGTCCTGTCAGTTTG-1_1_1"
"256","ACGTTCCAGGCTATCT-1_1_1"
"257","ACGTTCCCATCGGCCA-1_1_1"
"258","ACGTTCCGTAACTTCG-1_1_1"
"259","ACTACGACAAATGGAT-1_1_1"
"260","ACTACGACAACGCCCA-1_1_1"
"261","ACTACGATCGTGTGGC-1_1_1"
"262","ACTATCTAGCATACTC-1_1_1"
"263","ACTATCTCACGGATCC-1_1_1"
"264","ACTATCTCAGTCGCTG-1_1_1"
"265","ACTATCTGTCGAGATG-1_1_1"
"266","ACTATGGAGGGCAGTT-1_1_1"
"267","ACTATGGCATGACAAA-1_1_1"
"268","ACTCCCACACTGGCGT-1_1_1"
"269","ACTCCCACAGACCCGT-1_1_1"
"270","ACTCCCAGTGAACCGA-1_1_1"
"271","ACTCCCAGTTACAGCT-1_1_1"
"272","ACTCTCGAGGAGAATG-1_1_1"
"273","ACTGATGAGGACTATA-1_1_1"
"274","ACTGATGAGTACGAGC-1_1_1"
"275","ACTGATGGTTCCTTGC-1_1_1"
"276","ACTGCAAAGCTATCCA-1_1_1"
"277","ACTGCAAAGTGTACAA-1_1_1"
"278","ACTGTCCCACTATCCC-1_1_1"
"279","ACTGTCCGTCTGATAC-1_1_1"
"280","ACTGTCCGTTAGAGAT-1_1_1"
"281","ACTGTGAAGTCTGTAC-1_1_1"
"282","ACTGTGAAGTGCTCAT-1_1_1"
"283","ACTGTGAAGTTCCGGC-1_1_1"
"284","ACTGTGAGTGCCAAGA-1_1_1"
"285","ACTTAGGGTCAACCAT-1_1_1"
"286","ACTTAGGTCCGAAGGA-1_1_1"
"287","ACTTAGGTCGCTCATC-1_1_1"
"288","ACTTATCAGTTGCGCC-1_1_1"
"289","ACTTATCTCGCCTATC-1_1_1"
"290","ACTTCGCCACCTCAGG-1_1_1"
"291","ACTTCGCGTAGACAAT-1_1_1"
"292","ACTTTGTAGTGCAAAT-1_1_1"
"293","ACTTTGTCACCAAAGG-1_1_1"
"294","ACTTTGTCATGACTAC-1_1_1"
"295","AGAAATGCACGTTCGG-1_1_1"
"296","AGAACAAAGTTTCGGT-1_1_1"
"297","AGAACAAGTTCTGAGT-1_1_1"
"298","AGAACAATCTGCGATA-1_1_1"
"299","AGAACCTAGGTACAAT-1_1_1"
"300","AGAACCTAGTGGTTCT-1_1_1"
"301","AGAAGCGCAGGGTTGA-1_1_1"
"302","AGAAGCGCATGCTGCG-1_1_1"
"303","AGAAGCGGTACGGGAT-1_1_1"
"304","AGAAGCGGTCCTTGTC-1_1_1"
"305","AGAAGCGTCATGCATG-1_1_1"
"306","AGAAGCGTCTCTTGCG-1_1_1"
"307","AGAAGTATCGCGCCAA-1_1_1"
"308","AGAAGTATCGTGAGAG-1_1_1"
"309","AGACAAAAGGATGTTA-1_1_1"
"310","AGACAAATCCCGAGTG-1_1_1"
"311","AGACACTCATGAGGGT-1_1_1"
"312","AGACACTGTCCTCATC-1_1_1"
"313","AGACAGGGTCGCGGTT-1_1_1"
"314","AGACAGGTCCATTGTT-1_1_1"
"315","AGACCATCAACACAAA-1_1_1"
"316","AGACCATTCCTATTTG-1_1_1"
"317","AGACCCGAGACAACAT-1_1_1"
"318","AGACCCGAGTGCACTT-1_1_1"
"319","AGACCCGGTTCGTACA-1_1_1"
"320","AGACTCAGTTTAGAGA-1_1_1"
"321","AGAGAATGTCCAAAGG-1_1_1"
"322","AGAGAGCAGCACCCAC-1_1_1"
"323","AGAGAGCAGCGATGCA-1_1_1"
"324","AGAGAGCCATCCGTGG-1_1_1"
"325","AGAGAGCTCACGGGCT-1_1_1"
"326","AGAGAGCTCCTAAACG-1_1_1"
"327","AGAGCAGCATCGTTCC-1_1_1"
"328","AGAGCCCCAGCTGTGC-1_1_1"
"329","AGAGCCCGTAGAGTTA-1_1_1"
"330","AGAGCCCGTGACAGCA-1_1_1"
"331","AGAGCCCTCTAAGAAG-1_1_1"
"332","AGATAGACATTCACAG-1_1_1"
"333","AGATAGAGTCCTTAAG-1_1_1"
"334","AGATAGAGTGCTCTTC-1_1_1"
"335","AGATCCATCAAGCGTT-1_1_1"
"336","AGATCCATCCCTTGTG-1_1_1"
"337","AGATCGTAGTAAGACT-1_1_1"
"338","AGATCGTCATGGCTAT-1_1_1"
"339","AGATCGTGTGGCTTAT-1_1_1"
"340","AGATCGTGTTGGGTAG-1_1_1"
"341","AGATGAACACCGGTCA-1_1_1"
"342","AGATGAAGTCCGAAAG-1_1_1"
"343","AGATGAATCCTGATAG-1_1_1"
"344","AGATGCTAGATGTAGT-1_1_1"
"345","AGATGCTGTCGAATTC-1_1_1"
"346","AGCATCAAGAACAGGA-1_1_1"
"347","AGCATCATCCATCCGT-1_1_1"
"348","AGCCAATAGCAGAAAG-1_1_1"
"349","AGCCAATAGGTCCAGA-1_1_1"
"350","AGCCAATAGTCACACT-1_1_1"
"351","AGCCAATCAGCGCTTG-1_1_1"
"352","AGCCACGAGGAGTCTG-1_1_1"
"353","AGCCACGCAATGGCCC-1_1_1"
"354","AGCCACGGTCCAGCAC-1_1_1"
"355","AGCCACGTCAACACCA-1_1_1"
"356","AGCCACGTCTTGATTC-1_1_1"
"357","AGCCAGCAGGACACTG-1_1_1"
"358","AGCCAGCCATGAAGCG-1_1_1"
"359","AGCGATTCAGAAGTGC-1_1_1"
"360","AGCGATTGTGTATACC-1_1_1"
"361","AGCGCCACAGGAACCA-1_1_1"
"362","AGCGTATCACGCTGCA-1_1_1"
"363","AGCGTATTCAAGGTGG-1_1_1"
"364","AGCGTATTCCGCGAGT-1_1_1"
"365","AGCTACAAGCAGCAGT-1_1_1"
"366","AGCTACACAACAGAGC-1_1_1"
"367","AGCTACAGTCTTACTT-1_1_1"
"368","AGCTACAGTTTACCAG-1_1_1"
"369","AGCTCAACACGCGGTT-1_1_1"
"370","AGCTTCCTCAAGATAG-1_1_1"
"371","AGGAAATCAGACTCTA-1_1_1"
"372","AGGAAATCAGAGCCCT-1_1_1"
"373","AGGAAATCAGCTGAGA-1_1_1"
"374","AGGAAATGTGCGGCTT-1_1_1"
"375","AGGAATAAGCGATGCA-1_1_1"
"376","AGGAATAAGTAGTCCT-1_1_1"
"377","AGGAATATCTGGACCG-1_1_1"
"378","AGGACGATCGGCATTA-1_1_1"
"379","AGGACTTAGGTGATCG-1_1_1"
"380","AGGACTTCAGTCTACA-1_1_1"
"381","AGGAGGTAGTTGAAGT-1_1_1"
"382","AGGAGGTGTAGGACTG-1_1_1"
"383","AGGAGGTGTATGCTAC-1_1_1"
"384","AGGAGGTTCACTTGTT-1_1_1"
"385","AGGATAAGTTTACCAG-1_1_1"
"386","AGGATAATCTAGATCG-1_1_1"
"387","AGGATCTAGGGCCCTT-1_1_1"
"388","AGGCATTCACTGAATC-1_1_1"
"389","AGGCCACCATCTCATT-1_1_1"
"390","AGGCCACGTCCAGCCA-1_1_1"
"391","AGGCTGCAGAGTGGCT-1_1_1"
"392","AGGCTGCCACGATTCA-1_1_1"
"393","AGGCTGCCACTAGGTT-1_1_1"
"394","AGGCTGCCATTGCCGG-1_1_1"
"395","AGGCTGCTCCGCAGTG-1_1_1"
"396","AGGCTGCTCTATTTCG-1_1_1"
"397","AGGGAGTAGTTGGCGA-1_1_1"
"398","AGGGCCTCACTTCATT-1_1_1"
"399","AGGGCCTCAGTTAGAA-1_1_1"
"400","AGGGCTCGTGCGCTCA-1_1_1"
"401","AGGGTCCAGGACGCTA-1_1_1"
"402","AGGGTCCAGGATGCGT-1_1_1"
"403","AGGGTGAAGGAACGAA-1_1_1"
"404","AGGTAGGGTAATGTGA-1_1_1"
"405","AGGTAGGGTACAAACA-1_1_1"
"406","AGGTAGGGTAGATCCT-1_1_1"
"407","AGGTAGGGTCGCTTGG-1_1_1"
"408","AGGTAGGGTGCAGATG-1_1_1"
"409","AGGTAGGGTGGAAGTC-1_1_1"
"410","AGGTAGGTCAGCAGAG-1_1_1"
"411","AGGTAGGTCTCGCCTA-1_1_1"
"412","AGGTCATCAGCAGACA-1_1_1"
"413","AGGTCATGTCAAACGG-1_1_1"
"414","AGGTCATGTGTTAAAG-1_1_1"
"415","AGGTCATTCGGCTGTG-1_1_1"
"416","AGGTCTAAGACTACCT-1_1_1"
"417","AGGTCTACAGTCGCTG-1_1_1"
"418","AGGTCTAGTCCAAGAG-1_1_1"
"419","AGGTGTTTCAATCTCT-1_1_1"
"420","AGGTGTTTCATGCCCT-1_1_1"
"421","AGGTGTTTCCACGTAA-1_1_1"
"422","AGGTTACCATACATCG-1_1_1"
"423","AGGTTACCATGACAGG-1_1_1"
"424","AGGTTACGTCCTGTTC-1_1_1"
"425","AGGTTACTCCTCTGCA-1_1_1"
"426","AGGTTGTTCTCGCTTG-1_1_1"
"427","AGTAACCAGTCATGAA-1_1_1"
"428","AGTAACCGTACTGACT-1_1_1"
"429","AGTAACCGTCAAAGTA-1_1_1"
"430","AGTACCAAGACATAGT-1_1_1"
"431","AGTACCAGTGAATTGA-1_1_1"
"432","AGTACCAGTTCCGCAG-1_1_1"
"433","AGTACTGAGCCGATTT-1_1_1"
"434","AGTAGCTCAGTAGAAT-1_1_1"
"435","AGTAGCTCAGTGACCC-1_1_1"
"436","AGTAGCTCATATGGCT-1_1_1"
"437","AGTAGCTGTATGAGGC-1_1_1"
"438","AGTAGCTTCGTAGAGG-1_1_1"
"439","AGTCAACAGGATTTAG-1_1_1"
"440","AGTCAACCACACACGC-1_1_1"
"441","AGTCAACCACGCTTAA-1_1_1"
"442","AGTCAACGTCGTTTCC-1_1_1"
"443","AGTCAACGTTGATGTC-1_1_1"
"444","AGTCAACTCTCGCAGG-1_1_1"
"445","AGTCAACTCTTCACGC-1_1_1"
"446","AGTCACAAGGCTATCT-1_1_1"
"447","AGTCACACAAGCTGTT-1_1_1"
"448","AGTCATGGTAGCTGCC-1_1_1"
"449","AGTCATGGTCTTCCGT-1_1_1"
"450","AGTCATGGTGGGACAT-1_1_1"
"451","AGTCATGTCGGAGTGA-1_1_1"
"452","AGTCTCCAGCTCTATG-1_1_1"
"453","AGTCTCCCAAGTATAG-1_1_1"
"454","AGTCTCCCAATCACGT-1_1_1"
"455","AGTCTCCGTCTGTTAG-1_1_1"
"456","AGTCTCCGTTAACAGA-1_1_1"
"457","AGTGACTGTGATTCAC-1_1_1"
"458","AGTGACTGTGCCGAAA-1_1_1"
"459","AGTGATCCAAGCTCTA-1_1_1"
"460","AGTGATCCACAACCGC-1_1_1"
"461","AGTGATCTCAGTGTTG-1_1_1"
"462","AGTGATCTCTCTTGCG-1_1_1"
"463","AGTGCCGCATTCGATG-1_1_1"
"464","AGTGCCGTCACACGAT-1_1_1"
"465","AGTGTTGAGTCCGCCA-1_1_1"
"466","AGTGTTGCACTGTCCT-1_1_1"
"467","AGTGTTGTCCGGTTCT-1_1_1"
"468","AGTTAGCTCCCGAATA-1_1_1"
"469","AGTTAGCTCTATACTC-1_1_1"
"470","AGTTCCCCAAGTCCCG-1_1_1"
"471","AGTTCCCCATGGGTCC-1_1_1"
"472","AGTTCGAAGGTCTGGA-1_1_1"
"473","AGTTCGACAAACACGG-1_1_1"
"474","AGTTCGATCACGGACC-1_1_1"
"475","AGTTCGATCTTGAACG-1_1_1"
"476","ATACCGAAGAGTCCGA-1_1_1"
"477","ATACCGAAGTCCTGTA-1_1_1"
"478","ATACCGACAAGGACAC-1_1_1"
"479","ATACCTTCATTATGCG-1_1_1"
"480","ATACCTTTCTTAGTTC-1_1_1"
"481","ATACTTCAGCTGTCCG-1_1_1"
"482","ATACTTCCACAACGCC-1_1_1"
"483","ATACTTCCAGTGACCC-1_1_1"
"484","ATACTTCGTATCTTCT-1_1_1"
"485","ATACTTCGTTCGGTCG-1_1_1"
"486","ATAGACCGTTACCTTT-1_1_1"
"487","ATAGACCTCGTGCTCT-1_1_1"
"488","ATAGACCTCTCCCTAG-1_1_1"
"489","ATAGAGACAGGCTACC-1_1_1"
"490","ATAGAGAGTAAGTAGT-1_1_1"
"491","ATAGAGAGTCCTGTCT-1_1_1"
"492","ATAGGCTAGTAGTGCG-1_1_1"
"493","ATAGGCTGTGCCGGTT-1_1_1"
"494","ATAGGCTGTGTTACAC-1_1_1"
"495","ATATCCTTCCAGGACC-1_1_1"
"496","ATCACAGAGCTGGCTC-1_1_1"
"497","ATCACAGCAGACTGCC-1_1_1"
"498","ATCACAGTCTGATGGT-1_1_1"
"499","ATCACGAGTCTCCCTA-1_1_1"
"500","ATCACGATCGTGGGAA-1_1_1"
"501","ATCACTTTCTGGACCG-1_1_1"
"502","ATCAGGTAGATTCGCT-1_1_1"
"503","ATCAGGTAGGTTCCGC-1_1_1"
"504","ATCAGGTCAACATACC-1_1_1"
"505","ATCATTCAGAGGCCAT-1_1_1"
"506","ATCATTCAGCTCCCTT-1_1_1"
"507","ATCATTCGTTCTCCTG-1_1_1"
"508","ATCATTCTCTAAGCGT-1_1_1"
"509","ATCATTCTCTAGACAC-1_1_1"
"510","ATCCACCAGCTGTGCC-1_1_1"
"511","ATCCACCGTCAGACGA-1_1_1"
"512","ATCCACCGTGCCCAGT-1_1_1"
"513","ATCCACCTCTTACCGC-1_1_1"
"514","ATCCATTCACTTGGGC-1_1_1"
"515","ATCCATTCAGACACAG-1_1_1"
"516","ATCCCTGAGGGCTGAT-1_1_1"
"517","ATCCCTGTCAAACGTC-1_1_1"
"518","ATCCCTGTCTCGCTCA-1_1_1"
"519","ATCCGTCAGATAGTCA-1_1_1"
"520","ATCCGTCCACCTGCGA-1_1_1"
"521","ATCCGTCGTCCGAAAG-1_1_1"
"522","ATCCGTCTCAACGCTA-1_1_1"
"523","ATCCTATTCCACGGGT-1_1_1"
"524","ATCCTATTCGACGACC-1_1_1"
"525","ATCCTATTCGCATTGA-1_1_1"
"526","ATCGATGCAGCGTACC-1_1_1"
"527","ATCGCCTAGAGGGTCT-1_1_1"
"528","ATCGCCTCAACGCCCA-1_1_1"
"529","ATCGCCTCAAGAGGCT-1_1_1"
"530","ATCGCCTTCACGGACC-1_1_1"
"531","ATCGGATAGTGCAGCA-1_1_1"
"532","ATCGGATCATCCAACA-1_1_1"
"533","ATCGGATGTGCAATAA-1_1_1"
"534","ATCGGCGAGGAAACGA-1_1_1"
"535","ATCGTAGAGGTAGTAT-1_1_1"
"536","ATCGTAGGTCCGTTTC-1_1_1"
"537","ATCGTAGGTCTCACGG-1_1_1"
"538","ATCGTCCTCCGGTTCT-1_1_1"
"539","ATCGTGACACCTCTGT-1_1_1"
"540","ATCGTGACAGGGTCTC-1_1_1"
"541","ATCGTGAGTCTCACAA-1_1_1"
"542","ATCGTGAGTTGATCGT-1_1_1"
"543","ATCTCTAGTAAGTAGT-1_1_1"
"544","ATCTCTATCTTAGCTT-1_1_1"
"545","ATCTTCAGTTGACTAC-1_1_1"
"546","ATCTTCATCAGTGTGT-1_1_1"
"547","ATGAAAGAGGAGGGTG-1_1_1"
"548","ATGAAAGCAAATCAAG-1_1_1"
"549","ATGAAAGCAGTTAGAA-1_1_1"
"550","ATGACCAAGAAACACT-1_1_1"
"551","ATGACCAGTGTACATC-1_1_1"
"552","ATGACCAGTTGATGTC-1_1_1"
"553","ATGAGGGAGAAGTATC-1_1_1"
"554","ATGAGGGAGAGCTTTC-1_1_1"
"555","ATGAGGGAGGTAAACT-1_1_1"
"556","ATGAGTCAGCCGGATA-1_1_1"
"557","ATGAGTCAGTAGGAAG-1_1_1"
"558","ATGCATGAGCATCCTA-1_1_1"
"559","ATGCATGCAAGCCTGC-1_1_1"
"560","ATGCCTCAGACCAAGC-1_1_1"
"561","ATGCCTCAGGCTCAAG-1_1_1"
"562","ATGCCTCAGTTCTACG-1_1_1"
"563","ATGCCTCCAATGAGCG-1_1_1"
"564","ATGCCTCGTAGTCTTG-1_1_1"
"565","ATGCCTCTCATTGTGG-1_1_1"
"566","ATGCCTCTCCGTGGTG-1_1_1"
"567","ATGGAGGCACTGCTTC-1_1_1"
"568","ATGGAGGCAGTTAAAG-1_1_1"
"569","ATGGAGGTCTCCGTGT-1_1_1"
"570","ATGGATCAGTGGATAT-1_1_1"
"571","ATGGATCGTTAAGACA-1_1_1"
"572","ATGGATCTCATCTACT-1_1_1"
"573","ATGGGAGCAACCCGCA-1_1_1"
"574","ATGGGAGGTCCACTTC-1_1_1"
"575","ATGGTTGCACGACCTG-1_1_1"
"576","ATGGTTGTCCCTGGTT-1_1_1"
"577","ATGTCCCAGAGTACCG-1_1_1"
"578","ATGTCCCAGGGCATGT-1_1_1"
"579","ATGTCTTCAAAGGGTC-1_1_1"
"580","ATGTCTTGTGTATTCG-1_1_1"
"581","ATGTCTTTCTCATGCC-1_1_1"
"582","ATTACCTCACCAGACC-1_1_1"
"583","ATTACCTCACCTGCAG-1_1_1"
"584","ATTACCTGTCAGGAGT-1_1_1"
"585","ATTACCTTCATTGTGG-1_1_1"
"586","ATTACCTTCCTCACTG-1_1_1"
"587","ATTACCTTCTCTCTTC-1_1_1"
"588","ATTACTCGTACGTAGG-1_1_1"
"589","ATTACTCGTCGCATGC-1_1_1"
"590","ATTATCCCAAGAATAC-1_1_1"
"591","ATTATCCGTACAGGTG-1_1_1"
"592","ATTCACTCACCAGCGT-1_1_1"
"593","ATTCACTCAGAAGTGC-1_1_1"
"594","ATTCACTGTTATGACC-1_1_1"
"595","ATTCAGGAGCTGCCTG-1_1_1"
"596","ATTCATCAGAATCGTA-1_1_1"
"597","ATTCATCAGTTGCTCA-1_1_1"
"598","ATTCATCTCAAATGAG-1_1_1"
"599","ATTCCCGAGACATAGT-1_1_1"
"600","ATTCCCGAGCATGCGA-1_1_1"
"601","ATTCCCGAGGAACTCG-1_1_1"
"602","ATTCCCGCAAGCAATA-1_1_1"
"603","ATTCCCGGTTCTGACA-1_1_1"
"604","ATTCCTACAGATCACT-1_1_1"
"605","ATTCCTACAGCCGGTT-1_1_1"
"606","ATTCCTACAGTTCACA-1_1_1"
"607","ATTCCTAGTTTCACTT-1_1_1"
"608","ATTCGTTCAGTTACCA-1_1_1"
"609","ATTCTACAGCACTCAT-1_1_1"
"610","ATTCTACAGGCGAACT-1_1_1"
"611","ATTCTACGTAACGGTG-1_1_1"
"612","ATTCTTGAGGGCCCTT-1_1_1"
"613","ATTCTTGCAGTATACC-1_1_1"
"614","ATTGGGTAGGAAAGTG-1_1_1"
"615","ATTGGGTCATATAGCC-1_1_1"
"616","ATTGGGTTCCAAGAGG-1_1_1"
"617","ATTGTTCAGTCTTGGT-1_1_1"
"618","ATTTACCAGTAGGGTC-1_1_1"
"619","ATTTACCCATCCGTGG-1_1_1"
"620","ATTTACCGTTAGGCCC-1_1_1"
"621","ATTTCACAGTTATGGA-1_1_1"
"622","ATTTCACAGTTCTACG-1_1_1"
"623","ATTTCACCAAGCTGCC-1_1_1"
"624","ATTTCACCAGACCGCT-1_1_1"
"625","ATTTCACCAGCATACT-1_1_1"
"626","ATTTCACCAGGCTCTG-1_1_1"
"627","ATTTCACGTTAGCTAC-1_1_1"
"628","ATTTCACTCTAAGCCA-1_1_1"
"629","ATTTCTGCACTACCGG-1_1_1"
"630","ATTTCTGGTCCGGTGT-1_1_1"
"631","ATTTCTGTCAACTGGT-1_1_1"
"632","CAAAGAAAGCCTCAAT-1_1_1"
"633","CAAAGAAGTACCGTCG-1_1_1"
"634","CAAAGAAGTCTCGACG-1_1_1"
"635","CAACAACGTGCACAAG-1_1_1"
"636","CAACAACTCGCGGTAC-1_1_1"
"637","CAACAGTAGACATAGT-1_1_1"
"638","CAACAGTGTTACTCAG-1_1_1"
"639","CAACCAACAAGCGCTC-1_1_1"
"640","CAACCAAGTCGTTTCC-1_1_1"
"641","CAACCTCGTAATCAGA-1_1_1"
"642","CAACCTCGTTACCTGA-1_1_1"
"643","CAACGATTCCATAAGC-1_1_1"
"644","CAACGGCTCCTTCTGG-1_1_1"
"645","CAAGACTCAATTGAAG-1_1_1"
"646","CAAGAGGCAACGCCCA-1_1_1"
"647","CAAGAGGCAATCTGCA-1_1_1"
"648","CAAGAGGCAGGCGAAT-1_1_1"
"649","CAAGAGGGTAGTACGG-1_1_1"
"650","CAAGCTACACGCAGTC-1_1_1"
"651","CAAGCTACATGGGATG-1_1_1"
"652","CAAGCTAGTGCTTATG-1_1_1"
"653","CAAGGGACAGACGATG-1_1_1"
"654","CAAGGGAGTAACATGA-1_1_1"
"655","CAAGGGATCAGGCGAA-1_1_1"
"656","CAATACGGTCATGACT-1_1_1"
"657","CAATACGTCTGTACAG-1_1_1"
"658","CAATCGACAGGTCCCA-1_1_1"
"659","CAATGACAGACTACCT-1_1_1"
"660","CAATTTCAGCCTCGTG-1_1_1"
"661","CAATTTCAGTATAGGT-1_1_1"
"662","CAATTTCTCATGAGTC-1_1_1"
"663","CAATTTCTCCAACCAA-1_1_1"
"664","CACAACAAGGGAACAA-1_1_1"
"665","CACAACACACACGGAA-1_1_1"
"666","CACAACATCCACAGGC-1_1_1"
"667","CACACAAAGAACGTGC-1_1_1"
"668","CACACAAAGATGCTGG-1_1_1"
"669","CACACAATCCGTCCTA-1_1_1"
"670","CACACAATCGGCTTCT-1_1_1"
"671","CACAGATAGGCAGGGA-1_1_1"
"672","CACAGATCATCGATGT-1_1_1"
"673","CACAGATGTAGAGCTG-1_1_1"
"674","CACAGATGTTCCGCTT-1_1_1"
"675","CACAGGCCAGCGTGCT-1_1_1"
"676","CACAGGCCATGGCCCA-1_1_1"
"677","CACAGGCGTGTTATCG-1_1_1"
"678","CACATGAAGCACTCCG-1_1_1"
"679","CACATGACACGACAAG-1_1_1"
"680","CACCAAAAGCGTGAAC-1_1_1"
"681","CACCAAACAACCGTAT-1_1_1"
"682","CACCAAATCGGAAACG-1_1_1"
"683","CACCGTTAGATAACAC-1_1_1"
"684","CACCGTTAGCGTATGG-1_1_1"
"685","CACCGTTTCTTCCAGC-1_1_1"
"686","CACGAATCACTAACGT-1_1_1"
"687","CACGAATGTGGGCTTC-1_1_1"
"688","CACGAATTCACCGGTG-1_1_1"
"689","CACGAATTCCGCTGTT-1_1_1"
"690","CACGGGTCAATTCACG-1_1_1"
"691","CACGGGTGTATTGCCA-1_1_1"
"692","CACGTGGAGATTAGCA-1_1_1"
"693","CACGTGGAGGCTGTAG-1_1_1"
"694","CACGTGGCAATTCTCT-1_1_1"
"695","CACGTGGGTTCTCACC-1_1_1"
"696","CACGTTCAGGTGGGTT-1_1_1"
"697","CACGTTCCATCCTTCG-1_1_1"
"698","CACGTTCTCCGAAATC-1_1_1"
"699","CACTAAGAGACGATAT-1_1_1"
"700","CACTAAGAGCCTTTCC-1_1_1"
"701","CACTAAGAGTTGCTCA-1_1_1"
"702","CACTAAGCAAGTACCT-1_1_1"
"703","CACTAAGTCGCTAATG-1_1_1"
"704","CACTGAATCCATTTCA-1_1_1"
"705","CACTGGGGTTATCTTC-1_1_1"
"706","CACTGGGTCTTCTGGC-1_1_1"
"707","CACTGTCAGATCCAAA-1_1_1"
"708","CACTGTCTCCATACTT-1_1_1"
"709","CACTTCGAGGGCTGAT-1_1_1"
"710","CACTTCGCATCATCTT-1_1_1"
"711","CAGAGCCCAAATGAGT-1_1_1"
"712","CAGAGCCCAATCACGT-1_1_1"
"713","CAGAGCCTCGCTAAAC-1_1_1"
"714","CAGAGCCTCTCGCGTT-1_1_1"
"715","CAGATACCAGAACTTC-1_1_1"
"716","CAGATCAAGAGCCTGA-1_1_1"
"717","CAGATCAAGCTCAGAG-1_1_1"
"718","CAGATCAAGCTTACGT-1_1_1"
"719","CAGATCAGTGAGCAGT-1_1_1"
"720","CAGATCATCTTTGCAT-1_1_1"
"721","CAGATTGAGAAACACT-1_1_1"
"722","CAGATTGCACATTACG-1_1_1"
"723","CAGATTGGTATCGTAC-1_1_1"
"724","CAGATTGGTCATAACC-1_1_1"
"725","CAGATTGGTTTCACTT-1_1_1"
"726","CAGCAATCATCTTAGG-1_1_1"
"727","CAGCAATTCCTACGAA-1_1_1"
"728","CAGCAATTCGACTCCT-1_1_1"
"729","CAGCAATTCTAAGCGT-1_1_1"
"730","CAGCACGCAATAGTAG-1_1_1"
"731","CAGCACGCACCAGTTA-1_1_1"
"732","CAGCAGCGTTTCGTAG-1_1_1"
"733","CAGCCAGAGCATACTC-1_1_1"
"734","CAGCCAGGTCCACTCT-1_1_1"
"735","CAGCCAGGTCGGTGTC-1_1_1"
"736","CAGCCAGGTGTAGCAG-1_1_1"
"737","CAGCCAGTCACGGAGA-1_1_1"
"738","CAGCGTGAGGATGTTA-1_1_1"
"739","CAGCGTGAGTCAGCCC-1_1_1"
"740","CAGCGTGCAAAGGCTG-1_1_1"
"741","CAGCGTGCACGTGTGC-1_1_1"
"742","CAGCGTGCATCATTGG-1_1_1"
"743","CAGCGTGCATTATGCG-1_1_1"
"744","CAGCGTGGTAGGCTCC-1_1_1"
"745","CAGGCCAAGGCTTAAA-1_1_1"
"746","CAGGGCTGTAGCGTAG-1_1_1"
"747","CAGGTATAGCGTTAGG-1_1_1"
"748","CAGGTATCAAACACCT-1_1_1"
"749","CAGTGCGAGCACTCTA-1_1_1"
"750","CAGTGCGCAAATGGTA-1_1_1"
"751","CAGTGCGCATCCGTTC-1_1_1"
"752","CAGTTAGCAACGACAG-1_1_1"
"753","CAGTTAGGTAGGTTTC-1_1_1"
"754","CAGTTAGGTTCTCACC-1_1_1"
"755","CAGTTCCGTGACCTGC-1_1_1"
"756","CAGTTCCTCCACTGGG-1_1_1"
"757","CATAAGCAGACCATAA-1_1_1"
"758","CATAAGCAGATGTTCC-1_1_1"
"759","CATAAGCGTGTTCATG-1_1_1"
"760","CATACAGGTTAGAAAC-1_1_1"
"761","CATACCCCATGAAGGC-1_1_1"
"762","CATACCCGTCTGATCA-1_1_1"
"763","CATACCCGTTCGAGCC-1_1_1"
"764","CATACCCTCATACGGT-1_1_1"
"765","CATACCCTCATTTGTC-1_1_1"
"766","CATACCCTCGTAGTGT-1_1_1"
"767","CATACTTCACAAATAG-1_1_1"
"768","CATACTTGTCTTTATC-1_1_1"
"769","CATAGACAGAGGGTCT-1_1_1"
"770","CATAGACAGATGTAGT-1_1_1"
"771","CATAGACAGGTGCTTT-1_1_1"
"772","CATCAAGCAGGTATGG-1_1_1"
"773","CATCCACAGACATGCG-1_1_1"
"774","CATCCCAAGATTCGCT-1_1_1"
"775","CATCCCACAAGATCCT-1_1_1"
"776","CATCCCAGTATCATGC-1_1_1"
"777","CATCCCAGTCCACATA-1_1_1"
"778","CATCCGTAGCATCAGG-1_1_1"
"779","CATCCGTAGCGATTCT-1_1_1"
"780","CATCCGTAGGTAGTCG-1_1_1"
"781","CATCCGTAGGTGCTGA-1_1_1"
"782","CATCCGTCAGATCATC-1_1_1"
"783","CATCGCTCAGGACAGT-1_1_1"
"784","CATCGCTGTACTCGAT-1_1_1"
"785","CATCGCTGTCCCTGTT-1_1_1"
"786","CATCGCTTCGTTCAGA-1_1_1"
"787","CATCGGGAGCGACCCT-1_1_1"
"788","CATCGGGCATACCGTA-1_1_1"
"789","CATCGGGCATGAAGCG-1_1_1"
"790","CATCGGGGTACTCGAT-1_1_1"
"791","CATCGGGTCTTACTGT-1_1_1"
"792","CATCGTCAGATAGCTA-1_1_1"
"793","CATCGTCCATGTGCCG-1_1_1"
"794","CATGAGTGTATGCGGA-1_1_1"
"795","CATGAGTGTTCGTTCC-1_1_1"
"796","CATGAGTTCGTTAGAC-1_1_1"
"797","CATGCAATCACTCGAA-1_1_1"
"798","CATGCCTAGACATACA-1_1_1"
"799","CATGCCTGTTGGGATG-1_1_1"
"800","CATGCCTTCATTGCTT-1_1_1"
"801","CATGCGGAGCCGCACT-1_1_1"
"802","CATGCGGAGCCTGAGA-1_1_1"
"803","CATGCGGAGTCAGGGT-1_1_1"
"804","CATGCGGAGTTGTACC-1_1_1"
"805","CATGCGGGTGATGGCA-1_1_1"
"806","CATGCTCTCTCGTGAA-1_1_1"
"807","CATGGATAGATACGAT-1_1_1"
"808","CATGGATCAAGACGAC-1_1_1"
"809","CATGGATTCCCATTTA-1_1_1"
"810","CATGGTAAGCAAATCA-1_1_1"
"811","CATGGTAGTATCCCTC-1_1_1"
"812","CATGGTATCTCGCCTA-1_1_1"
"813","CATTCATAGAACGCGT-1_1_1"
"814","CATTCATCAACGGGTA-1_1_1"
"815","CATTCATCATCCTTCG-1_1_1"
"816","CATTCATGTCGCGTTG-1_1_1"
"817","CATTCATGTGCCGAAA-1_1_1"
"818","CATTCCGCACCGGCTA-1_1_1"
"819","CATTCTACAAATGCGG-1_1_1"
"820","CATTCTACAGATACTC-1_1_1"
"821","CATTCTAGTCTCCCTA-1_1_1"
"822","CATTCTATCAGGTAAA-1_1_1"
"823","CATTGAGAGGGTGAAA-1_1_1"
"824","CATTGAGCACACAGAG-1_1_1"
"825","CATTGCCAGTGCACTT-1_1_1"
"826","CATTGCCGTAAGCTCT-1_1_1"
"827","CATTGTTCACAAATAG-1_1_1"
"828","CATTGTTCATAACTCG-1_1_1"
"829","CATTGTTCATTAAAGG-1_1_1"
"830","CATTGTTGTGACATCT-1_1_1"
"831","CATTGTTTCTTGAGCA-1_1_1"
"832","CCAAGCGCAGTTAGGG-1_1_1"
"833","CCAAGCGGTAGATCCT-1_1_1"
"834","CCAAGCGGTCCGTTTC-1_1_1"
"835","CCAATGAAGCTGCCAC-1_1_1"
"836","CCAATGATCACCTACC-1_1_1"
"837","CCAATGATCCCAGGAC-1_1_1"
"838","CCAATTTAGGAGGTTC-1_1_1"
"839","CCAATTTCACTCACTC-1_1_1"
"840","CCAATTTCACTCGATA-1_1_1"
"841","CCAATTTCAGACGATG-1_1_1"
"842","CCAATTTGTCCTGGTG-1_1_1"
"843","CCAATTTGTGTGAGCA-1_1_1"
"844","CCAATTTTCTCGGCTT-1_1_1"
"845","CCACAAACAGGTTACT-1_1_1"
"846","CCACAAATCACTCGAA-1_1_1"
"847","CCACAAATCAGATGCT-1_1_1"
"848","CCACACTCAGAAATCA-1_1_1"
"849","CCACACTGTAGCACAG-1_1_1"
"850","CCACACTTCTAGGCCG-1_1_1"
"851","CCACCATAGCCTAACT-1_1_1"
"852","CCACCATAGTAAGAGG-1_1_1"
"853","CCACCATTCGTTACCC-1_1_1"
"854","CCACGAGAGCCTATTG-1_1_1"
"855","CCACGAGAGTTAGTAG-1_1_1"
"856","CCACGAGGTGTTGCCG-1_1_1"
"857","CCACGAGTCTCTTCAA-1_1_1"
"858","CCACGTTAGAAGTGTT-1_1_1"
"859","CCACGTTCATCGGAAG-1_1_1"
"860","CCACGTTCATCTAACG-1_1_1"
"861","CCACGTTTCGATACGT-1_1_1"
"862","CCACTTGAGCGTATGG-1_1_1"
"863","CCACTTGAGGGTGAAA-1_1_1"
"864","CCACTTGCAAGGAGTC-1_1_1"
"865","CCACTTGCATCATCTT-1_1_1"
"866","CCACTTGTCTTAATCC-1_1_1"
"867","CCACTTGTCTTCGCTG-1_1_1"
"868","CCATAAGAGAACTGAT-1_1_1"
"869","CCATAAGCAAGTGGTG-1_1_1"
"870","CCATAAGCACTGCATA-1_1_1"
"871","CCATAAGGTACGATCT-1_1_1"
"872","CCATCACAGGGTGAGG-1_1_1"
"873","CCCAACTAGGTGGTTG-1_1_1"
"874","CCCAACTGTAGGTTTC-1_1_1"
"875","CCCAACTTCACGGGAA-1_1_1"
"876","CCCATTGGTGTCATGT-1_1_1"
"877","CCCGAAGCAATCACGT-1_1_1"
"878","CCCGAAGGTACACGCC-1_1_1"
"879","CCCGAAGGTAGCGCTC-1_1_1"
"880","CCCGGAAAGCTGTGCC-1_1_1"
"881","CCCGGAACAAATTGCC-1_1_1"
"882","CCCGGAACATGGGTTT-1_1_1"
"883","CCCGGAAGTAGGTACG-1_1_1"
"884","CCCTAACCAACTTGGT-1_1_1"
"885","CCCTAACCATGGAGAC-1_1_1"
"886","CCCTCAACAGACAATA-1_1_1"
"887","CCCTCAAGTTGTTGAC-1_1_1"
"888","CCCTCTCAGATACAGT-1_1_1"
"889","CCCTCTCGTATCCTTT-1_1_1"
"890","CCCTGATCAACCAATC-1_1_1"
"891","CCCTGATTCGTACCTC-1_1_1"
"892","CCCTTAGCACAATCTG-1_1_1"
"893","CCCTTAGGTCAAAGAT-1_1_1"
"894","CCCTTAGGTTATGACC-1_1_1"
"895","CCCTTAGTCGTGGTAT-1_1_1"
"896","CCGAACGAGCCAGTAG-1_1_1"
"897","CCGAACGCAAGCGCAA-1_1_1"
"898","CCGATCTCAAAGCTAA-1_1_1"
"899","CCGATGGAGGTAGACC-1_1_1"
"900","CCGATGGGTGTATCCA-1_1_1"
"901","CCGCAAGGTCCAGGTC-1_1_1"
"902","CCGCAAGGTTTGGGAG-1_1_1"
"903","CCGCAAGTCAAACTGC-1_1_1"
"904","CCGGACACACTACACA-1_1_1"
"905","CCGGGTAAGAATAACC-1_1_1"
"906","CCGGGTAAGCAGCGAT-1_1_1"
"907","CCGGGTACACAATTCG-1_1_1"
"908","CCGGGTACACATTCGA-1_1_1"
"909","CCGGTAGAGCGTTAGG-1_1_1"
"910","CCGGTAGGTGGAACCA-1_1_1"
"911","CCGGTAGGTGTTCCAA-1_1_1"
"912","CCGGTAGTCTTCCTAA-1_1_1"
"913","CCGGTGACACCTCTAC-1_1_1"
"914","CCGTAGGAGTTGCGCC-1_1_1"
"915","CCGTAGGCACTTCTCG-1_1_1"
"916","CCGTAGGGTGGTATGG-1_1_1"
"917","CCGTAGGTCAGCGCGT-1_1_1"
"918","CCGTGAGAGAACAAGG-1_1_1"
"919","CCGTGAGAGGCATCAG-1_1_1"
"920","CCGTGAGAGTACAGAT-1_1_1"
"921","CCGTGAGGTCAAAGCG-1_1_1"
"922","CCGTGAGGTGCAAGAC-1_1_1"
"923","CCGTGAGGTGCGGTAA-1_1_1"
"924","CCGTTCAAGAAGCGCT-1_1_1"
"925","CCGTTCAAGAATCGCG-1_1_1"
"926","CCGTTCAAGAGTTGTA-1_1_1"
"927","CCTAACCAGGTCCGAA-1_1_1"
"928","CCTAAGAAGTATGAGT-1_1_1"
"929","CCTAAGAGTCACATTG-1_1_1"
"930","CCTACGTAGATGACCG-1_1_1"
"931","CCTATCGAGTAGCCAG-1_1_1"
"932","CCTATCGTCGGAAGGT-1_1_1"
"933","CCTCACACACGACAGA-1_1_1"
"934","CCTCACACAGCTCTGG-1_1_1"
"935","CCTCAGTAGAATACAC-1_1_1"
"936","CCTCAGTGTAAGATTG-1_1_1"
"937","CCTCATGGTAGCGCCT-1_1_1"
"938","CCTCATGTCCTCACCA-1_1_1"
"939","CCTCATGTCGCATTGA-1_1_1"
"940","CCTCCAAAGAGAGGTA-1_1_1"
"941","CCTCCAAGTCCAGCCA-1_1_1"
"942","CCTCCAAGTGCGTTTA-1_1_1"
"943","CCTCCAAGTGTACAGG-1_1_1"
"944","CCTCCAATCCCGATCT-1_1_1"
"945","CCTCCAATCGTTCATT-1_1_1"
"946","CCTCCTCCAACACAGG-1_1_1"
"947","CCTCCTCGTCTAGGCC-1_1_1"
"948","CCTCCTCTCGGTCGGT-1_1_1"
"949","CCTCCTCTCTCCCAAC-1_1_1"
"950","CCTCTAGAGTTGCGCC-1_1_1"
"951","CCTCTAGCACTTGGCG-1_1_1"
"952","CCTCTAGCAGGTTTAC-1_1_1"
"953","CCTCTAGCATGAGGGT-1_1_1"
"954","CCTCTAGTCCATATGG-1_1_1"
"955","CCTCTCCGTCATCGCG-1_1_1"
"956","CCTCTCCGTCGAACAG-1_1_1"
"957","CCTCTCCTCCCACAGG-1_1_1"
"958","CCTCTCCTCGGACCAC-1_1_1"
"959","CCTGCATAGACAACAT-1_1_1"
"960","CCTGTTGAGAAACTGT-1_1_1"
"961","CCTGTTGCAAACACCT-1_1_1"
"962","CCTTGTGAGTCCTACA-1_1_1"
"963","CCTTGTGAGTGATAGT-1_1_1"
"964","CCTTGTGCACCCTCTA-1_1_1"
"965","CCTTGTGTCATTGTTC-1_1_1"
"966","CCTTTGGGTAGACGTG-1_1_1"
"967","CCTTTGGGTCGTTGGC-1_1_1"
"968","CCTTTGGGTGCAATAA-1_1_1"
"969","CCTTTGGGTGCAGTGA-1_1_1"
"970","CCTTTGGTCACTTGTT-1_1_1"
"971","CCTTTGGTCTTCGCTG-1_1_1"
"972","CGAAGGAAGCGCCGTT-1_1_1"
"973","CGAAGGAAGGTTGAGC-1_1_1"
"974","CGAAGGAAGTTGAAGT-1_1_1"
"975","CGAAGGACAGCTACAT-1_1_1"
"976","CGAAGGAGTAGTGTGG-1_1_1"
"977","CGAAGTTGTAACCCTA-1_1_1"
"978","CGAATTGCAACAACAA-1_1_1"
"979","CGAATTGGTACAGAGC-1_1_1"
"980","CGAATTGGTCCTGAAT-1_1_1"
"981","CGACAGCAGTTGGAAT-1_1_1"
"982","CGACAGCGTTAGTTCG-1_1_1"
"983","CGACAGCTCAAGTTGC-1_1_1"
"984","CGACAGCTCAGCAGAG-1_1_1"
"985","CGACAGCTCCATTTCA-1_1_1"
"986","CGAGAAGCAGCAGAAC-1_1_1"
"987","CGAGAAGTCCCATACC-1_1_1"
"988","CGAGGAACAGGTGTGA-1_1_1"
"989","CGAGGAAGTCTGGTTA-1_1_1"
"990","CGAGGAATCCACGGGT-1_1_1"
"991","CGAGGCTAGCGTTCCG-1_1_1"
"992","CGAGGCTCACAACGAG-1_1_1"
"993","CGAGGCTGTGAGATAT-1_1_1"
"994","CGAGTGCAGGGCAGAG-1_1_1"
"995","CGAGTGCGTTCGTTCC-1_1_1"
"996","CGAGTGCTCGGTCATA-1_1_1"
"997","CGAGTTAAGCCAAGGT-1_1_1"
"998","CGAGTTAGTCCTTAAG-1_1_1"
"999","CGATCGGAGACTTCAC-1_1_1"
"1000","CGATGCGAGCGAACTG-1_1_1"
"1001","CGATGCGGTAACCCTA-1_1_1"
"1002","CGATGGCAGAGGTCGT-1_1_1"
"1003","CGATGGCTCACGAACT-1_1_1"
"1004","CGCAGGTAGAATCCCT-1_1_1"
"1005","CGCAGGTAGCTCGCAC-1_1_1"
"1006","CGCATAACACCTGTCT-1_1_1"
"1007","CGCATAAGTTCGAACT-1_1_1"
"1008","CGCATAAGTTCGAAGG-1_1_1"
"1009","CGCATGGAGGGCAGAG-1_1_1"
"1010","CGCATGGAGGGTATAT-1_1_1"
"1011","CGCATGGCACGATAGG-1_1_1"
"1012","CGCATGGTCGTTGTGA-1_1_1"
"1013","CGCCAGAAGGAGGCAG-1_1_1"
"1014","CGCCAGAGTACTTGTG-1_1_1"
"1015","CGCCAGATCGCTTAAG-1_1_1"
"1016","CGCCATTAGACGCCAA-1_1_1"
"1017","CGCCATTAGCCGATTT-1_1_1"
"1018","CGCCATTAGGGCAGGA-1_1_1"
"1019","CGCCATTGTGACAGGT-1_1_1"
"1020","CGCCATTTCACCATCC-1_1_1"
"1021","CGCGTGACATAGAGGC-1_1_1"
"1022","CGGAACCCAAATAGCA-1_1_1"
"1023","CGGAACCGTTCTCCAC-1_1_1"
"1024","CGGAACCTCAGACCTA-1_1_1"
"1025","CGGAATTAGTCATGAA-1_1_1"
"1026","CGGAATTCACGTGTGC-1_1_1"
"1027","CGGAATTGTACCTGTA-1_1_1"
"1028","CGGAATTGTCACTCAA-1_1_1"
"1029","CGGAATTGTTTGGGAG-1_1_1"
"1030","CGGACACAGCCAAGTG-1_1_1"
"1031","CGGACACGTATCCCTC-1_1_1"
"1032","CGGACACGTCGGTGAA-1_1_1"
"1033","CGGACACTCTCCGTGT-1_1_1"
"1034","CGGAGAAGTCAAATCC-1_1_1"
"1035","CGGAGAAGTCATAGTC-1_1_1"
"1036","CGGAGAAGTGCAACGA-1_1_1"
"1037","CGGAGAATCCCTAGGG-1_1_1"
"1038","CGGAGAATCTGGTGGC-1_1_1"
"1039","CGGCAGTGTAATGATG-1_1_1"
"1040","CGGGACTCAACTGATC-1_1_1"
"1041","CGGGACTGTCGAATGG-1_1_1"
"1042","CGGGACTTCAACACCA-1_1_1"
"1043","CGGGCATAGGCCTTGC-1_1_1"
"1044","CGGGCATAGGTCGACA-1_1_1"
"1045","CGGGCATCAGAGTTCT-1_1_1"
"1046","CGGGCATCATGGCCCA-1_1_1"
"1047","CGGGCATTCGTAACCA-1_1_1"
"1048","CGGGTCACAAGTTTGC-1_1_1"
"1049","CGGGTCATCATCCTGC-1_1_1"
"1050","CGGGTGTCAGAGGTTG-1_1_1"
"1051","CGGTCAGCATCCTTCG-1_1_1"
"1052","CGGTCAGGTACTCGTA-1_1_1"
"1053","CGGTCAGGTCCAGTTA-1_1_1"
"1054","CGGTCAGTCACTACTT-1_1_1"
"1055","CGTAAGTCAGAGACTG-1_1_1"
"1056","CGTAAGTGTCGAAACG-1_1_1"
"1057","CGTAATGAGCTGAGTG-1_1_1"
"1058","CGTAATGAGTTTCAGC-1_1_1"
"1059","CGTAATGCACTCAAGT-1_1_1"
"1060","CGTAATGGTACCCGAC-1_1_1"
"1061","CGTAGTACACGAGAAC-1_1_1"
"1062","CGTAGTACATAGAGGC-1_1_1"
"1063","CGTAGTAGTTGTCAGT-1_1_1"
"1064","CGTAGTAGTTTCGTGA-1_1_1"
"1065","CGTAGTATCCGAACGC-1_1_1"
"1066","CGTCAAACAGAAACCG-1_1_1"
"1067","CGTCAAAGTACGGATG-1_1_1"
"1068","CGTCAAAGTCCGGATC-1_1_1"
"1069","CGTCAAAGTTTGGGTT-1_1_1"
"1070","CGTGAATAGTGGACGT-1_1_1"
"1071","CGTGAATGTGAATGTA-1_1_1"
"1072","CGTGAATTCCACAGGC-1_1_1"
"1073","CGTGAATTCGACCAAT-1_1_1"
"1074","CGTGATAAGTGATCGG-1_1_1"
"1075","CGTGATACAAATCAAG-1_1_1"
"1076","CGTGATACACCTCAGG-1_1_1"
"1077","CGTGATACAGGGTTGA-1_1_1"
"1078","CGTGATAGTCACCTTC-1_1_1"
"1079","CGTGATAGTCTGATAC-1_1_1"
"1080","CGTGATATCGTAGCTA-1_1_1"
"1081","CGTGCTTCACGTAGAG-1_1_1"
"1082","CGTGCTTCAGCTTCGG-1_1_1"
"1083","CGTGCTTTCACCGGTG-1_1_1"
"1084","CGTTAGAAGTTCCGTA-1_1_1"
"1085","CGTTAGAGTCTTACAG-1_1_1"
"1086","CGTTAGAGTTAGTTCG-1_1_1"
"1087","CGTTAGAGTTCAGCTA-1_1_1"
"1088","CGTTCTGCACGATAGG-1_1_1"
"1089","CGTTGGGAGAGGCGGA-1_1_1"
"1090","CGTTGGGAGCGTTCCG-1_1_1"
"1091","CTAACCCAGTTCCGTA-1_1_1"
"1092","CTAACCCTCAGACTGT-1_1_1"
"1093","CTAACCCTCTGGCCGA-1_1_1"
"1094","CTAACTTCAGCGTACC-1_1_1"
"1095","CTAACTTTCTTTGCAT-1_1_1"
"1096","CTAAGTGAGGGTCACA-1_1_1"
"1097","CTAAGTGAGTTAACGA-1_1_1"
"1098","CTAAGTGCAGTCGAGA-1_1_1"
"1099","CTACAGAAGAGCAGTC-1_1_1"
"1100","CTACAGAAGCGTTACT-1_1_1"
"1101","CTACAGACACGAGGAT-1_1_1"
"1102","CTACAGACAGTCTTCC-1_1_1"
"1103","CTACAGAGTGGTCTAT-1_1_1"
"1104","CTACAGAGTGTTAGCT-1_1_1"
"1105","CTACAGATCCGATGCG-1_1_1"
"1106","CTACAGATCTTTCAGT-1_1_1"
"1107","CTACATTCACCAGGTC-1_1_1"
"1108","CTACATTGTTTCGTGA-1_1_1"
"1109","CTACCCAAGCGTCTGC-1_1_1"
"1110","CTACCCACACTGCGTG-1_1_1"
"1111","CTACCCACAGAAATCA-1_1_1"
"1112","CTACCTGGTACGGATG-1_1_1"
"1113","CTACCTGGTTGCATAC-1_1_1"
"1114","CTACGGGTCGGTTGTA-1_1_1"
"1115","CTACTATGTCCAAGAG-1_1_1"
"1116","CTACTATTCTCCTGCA-1_1_1"
"1117","CTAGACAAGCACGTCC-1_1_1"
"1118","CTAGACAAGCTGGAGT-1_1_1"
"1119","CTAGACAAGTCATAGA-1_1_1"
"1120","CTAGACACACACTTAG-1_1_1"
"1121","CTAGGTAAGCCGTCGT-1_1_1"
"1122","CTAGGTATCCCGAGAC-1_1_1"
"1123","CTATAGGAGACTAAGT-1_1_1"
"1124","CTATAGGTCACTTTGT-1_1_1"
"1125","CTATCCGGTCACTCTC-1_1_1"
"1126","CTATCTACACCAGGTC-1_1_1"
"1127","CTATCTACAGTCAGTT-1_1_1"
"1128","CTCAACCAGGATGAGA-1_1_1"
"1129","CTCAAGAAGGTAAGGA-1_1_1"
"1130","CTCAAGACACGCGGTT-1_1_1"
"1131","CTCAATTCAATTGCCA-1_1_1"
"1132","CTCAATTGTCTTCTAT-1_1_1"
"1133","CTCAATTTCAAATGAG-1_1_1"
"1134","CTCAATTTCATACGGT-1_1_1"
"1135","CTCACTGAGTTGAAGT-1_1_1"
"1136","CTCACTGCAAATCGGG-1_1_1"
"1137","CTCAGAACAAGACGAC-1_1_1"
"1138","CTCAGTCAGGAGAGGC-1_1_1"
"1139","CTCATCGTCATTACCT-1_1_1"
"1140","CTCATGCCACTCTAGA-1_1_1"
"1141","CTCATTACACTTGAGT-1_1_1"
"1142","CTCATTATCCATCAGA-1_1_1"
"1143","CTCCAACAGACTGAGC-1_1_1"
"1144","CTCCAACCACCCTGTT-1_1_1"
"1145","CTCCAACGTCCGAAAG-1_1_1"
"1146","CTCCAACGTTGTCCCT-1_1_1"
"1147","CTCCACAAGCTTAAGA-1_1_1"
"1148","CTCCATGCATGCACTA-1_1_1"
"1149","CTCCATGCATTCGATG-1_1_1"
"1150","CTCCCTCAGAGGCGGA-1_1_1"
"1151","CTCCCTCCAGAGGTAC-1_1_1"
"1152","CTCCCTCGTACGTAGG-1_1_1"
"1153","CTCCCTCGTCTTCGAA-1_1_1"
"1154","CTCCCTCGTGACTCTA-1_1_1"
"1155","CTCCGATCAGAGGAAA-1_1_1"
"1156","CTCCGATGTGGTAATA-1_1_1"
"1157","CTCCTCCAGTCCTACA-1_1_1"
"1158","CTCCTCCCACGATTCA-1_1_1"
"1159","CTCCTCCGTCTCTCCA-1_1_1"
"1160","CTCCTCCTCGTTTACT-1_1_1"
"1161","CTCCTTTAGACCTCCG-1_1_1"
"1162","CTCGAGGTCCCATTTA-1_1_1"
"1163","CTCTCAGAGACCCTTA-1_1_1"
"1164","CTCTCAGAGTCATACC-1_1_1"
"1165","CTCTCGAAGGCTCTCG-1_1_1"
"1166","CTCTCGACAGGCTCTG-1_1_1"
"1167","CTCTGGTGTTATTCTC-1_1_1"
"1168","CTCTGGTGTTTAAGGA-1_1_1"
"1169","CTCTGGTTCTATCACT-1_1_1"
"1170","CTGAATGCAAACGTGG-1_1_1"
"1171","CTGAGCGAGATACGAT-1_1_1"
"1172","CTGAGCGAGTGTTGAA-1_1_1"
"1173","CTGAGCGCAGTGTATC-1_1_1"
"1174","CTGAGCGTCTCGGGAC-1_1_1"
"1175","CTGAGCGTCTGGTGGC-1_1_1"
"1176","CTGATCCAGTGTTGAA-1_1_1"
"1177","CTGATCCGTGAGGAAA-1_1_1"
"1178","CTGATCCTCAGAACCT-1_1_1"
"1179","CTGATCCTCAGATGCT-1_1_1"
"1180","CTGCAGGAGCGTGTCC-1_1_1"
"1181","CTGCAGGCAAATGGCG-1_1_1"
"1182","CTGCAGGGTGTTAGCT-1_1_1"
"1183","CTGCATCCAAGGCTTT-1_1_1"
"1184","CTGCATCGTGGAGAAA-1_1_1"
"1185","CTGCCATGTAGATCCT-1_1_1"
"1186","CTGCCTAAGTTTCGGT-1_1_1"
"1187","CTGCCTACAGAGCGTA-1_1_1"
"1188","CTGCCTACATGGCTAT-1_1_1"
"1189","CTGCCTAGTAGTTACC-1_1_1"
"1190","CTGCGAGAGCGATGCA-1_1_1"
"1191","CTGCGAGCACTGGCCA-1_1_1"
"1192","CTGCGAGCATCATCTT-1_1_1"
"1193","CTGCGAGTCATTCCTA-1_1_1"
"1194","CTGCTCAAGGAAAGAC-1_1_1"
"1195","CTGCTCAAGTTCCAGT-1_1_1"
"1196","CTGCTCAGTCATGCAT-1_1_1"
"1197","CTGGACGAGATGAATC-1_1_1"
"1198","CTGGACGCATTGCTGA-1_1_1"
"1199","CTGGACGGTCCGTTTC-1_1_1"
"1200","CTGGCAGAGCACCCAC-1_1_1"
"1201","CTGGCAGAGGTATAGT-1_1_1"
"1202","CTGGCAGAGTCCGTCG-1_1_1"
"1203","CTGGCAGCACCTGATA-1_1_1"
"1204","CTGGTCTAGTAGGTTA-1_1_1"
"1205","CTGGTCTCACAGCATT-1_1_1"
"1206","CTGGTCTGTGTCATGT-1_1_1"
"1207","CTGTACCAGTACTGGG-1_1_1"
"1208","CTGTACCGTCCGGTCA-1_1_1"
"1209","CTGTACCTCCGATGCG-1_1_1"
"1210","CTGTAGAAGATGAAGG-1_1_1"
"1211","CTGTAGAAGCGTCTGC-1_1_1"
"1212","CTGTAGACAAGACGGT-1_1_1"
"1213","CTGTAGACAGGTCAGA-1_1_1"
"1214","CTGTAGATCTAACGGT-1_1_1"
"1215","CTGTATTTCCTTATAC-1_1_1"
"1216","CTGTATTTCTCGGCTT-1_1_1"
"1217","CTGTCGTAGATTGGGC-1_1_1"
"1218","CTGTCGTTCGTAACAC-1_1_1"
"1219","CTGTGAAAGGGTTTCT-1_1_1"
"1220","CTGTGAACACTTCATT-1_1_1"
"1221","CTGTGAATCCCATTCG-1_1_1"
"1222","CTGTGGGCAACAAAGT-1_1_1"
"1223","CTGTGGGCAAGAGTTA-1_1_1"
"1224","CTGTGGGCAAGATCCT-1_1_1"
"1225","CTGTGGGCACATATCG-1_1_1"
"1226","CTGTGGGGTGGTCCCA-1_1_1"
"1227","CTTACCGCAGGCATTT-1_1_1"
"1228","CTTACCGGTACCAATC-1_1_1"
"1229","CTTACCGGTCAATCTG-1_1_1"
"1230","CTTAGGACAGCGACCT-1_1_1"
"1231","CTTAGGAGTGAGTAAT-1_1_1"
"1232","CTTCAATAGATGTTCC-1_1_1"
"1233","CTTCAATAGTGAGGTC-1_1_1"
"1234","CTTCAATCAGCGTTTA-1_1_1"
"1235","CTTCAATGTCGAACAG-1_1_1"
"1236","CTTCAATTCGCTACAA-1_1_1"
"1237","CTTCCGAGTCTACGAT-1_1_1"
"1238","CTTCCGAGTTCAGTAC-1_1_1"
"1239","CTTCGGTAGCTAGAAT-1_1_1"
"1240","CTTCGGTGTAGCTGAG-1_1_1"
"1241","CTTCGGTTCGTTGTGA-1_1_1"
"1242","CTTCTAACACCAGGTC-1_1_1"
"1243","CTTCTAAGTTAATGAG-1_1_1"
"1244","CTTCTCTAGCCTCTCT-1_1_1"
"1245","CTTCTCTCAAGGTCTT-1_1_1"
"1246","CTTCTCTGTTGGCCGT-1_1_1"
"1247","CTTGAGAAGATTAGTG-1_1_1"
"1248","CTTGAGACAGGAGGTT-1_1_1"
"1249","CTTGAGAGTTACCCAA-1_1_1"
"1250","CTTGAGATCTCTCGAC-1_1_1"
"1251","CTTGATTCACTGCTTC-1_1_1"
"1252","CTTGATTTCATAGACC-1_1_1"
"1253","CTTTCAAAGTCTAACC-1_1_1"
"1254","CTTTCAATCACCGCTT-1_1_1"
"1255","CTTTCGGAGAACAGGA-1_1_1"
"1256","CTTTCGGAGGCCTGAA-1_1_1"
"1257","CTTTCGGCAAACTAGA-1_1_1"
"1258","CTTTCGGTCAGCTTCC-1_1_1"
"1259","GAAACCTAGCATAGGC-1_1_1"
"1260","GAAACCTAGGTGCTAG-1_1_1"
"1261","GAAACCTCACCACATA-1_1_1"
"1262","GAAACCTTCCGTTGGG-1_1_1"
"1263","GAAACCTTCGCCAACG-1_1_1"
"1264","GAAATGAAGACCGCCT-1_1_1"
"1265","GAAATGATCCCTTGTG-1_1_1"
"1266","GAAATGATCTCTCGAC-1_1_1"
"1267","GAACACTAGGCATCGA-1_1_1"
"1268","GAACACTCACTGATTG-1_1_1"
"1269","GAACACTGTATCGTGT-1_1_1"
"1270","GAACGTTAGCGAGTCA-1_1_1"
"1271","GAACGTTGTAGCGCCT-1_1_1"
"1272","GAACGTTTCCGCACTT-1_1_1"
"1273","GAAGAATAGTACTGTC-1_1_1"
"1274","GAAGAATAGTCCCTAA-1_1_1"
"1275","GAAGAATCAACCGCCA-1_1_1"
"1276","GAAGAATTCGACATCA-1_1_1"
"1277","GAAGAATTCTCGCTCA-1_1_1"
"1278","GAAGCCCCACACAGAG-1_1_1"
"1279","GAAGCCCGTTATTCTC-1_1_1"
"1280","GAAGCGACAACACGTT-1_1_1"
"1281","GAAGCGAGTGTTTCTT-1_1_1"
"1282","GAAGCGATCAGGTGTT-1_1_1"
"1283","GAAGCGATCTGCCTGT-1_1_1"
"1284","GAAGGACAGGGCCCTT-1_1_1"
"1285","GAAGGGTGTCCAGCAC-1_1_1"
"1286","GAAGTAAAGCAATTAG-1_1_1"
"1287","GAAGTAAAGGCCTTCG-1_1_1"
"1288","GAAGTAATCAAGGACG-1_1_1"
"1289","GAATAGACATAACAGA-1_1_1"
"1290","GAATAGAGTGGCATCC-1_1_1"
"1291","GAATAGATCGGAGTAG-1_1_1"
"1292","GAATAGATCGGTGTAT-1_1_1"
"1293","GAATCACGTTTCACAG-1_1_1"
"1294","GAATCGTAGTAGTGCG-1_1_1"
"1295","GAATCGTCAGGGTTGA-1_1_1"
"1296","GAATCGTGTCTTAGTG-1_1_1"
"1297","GAATCGTTCTGCTTTA-1_1_1"
"1298","GACACGCCACAACGCC-1_1_1"
"1299","GACACGCCATAGATCC-1_1_1"
"1300","GACACGCGTCTCAGAT-1_1_1"
"1301","GACAGCCCAAGTGGTG-1_1_1"
"1302","GACAGCCCACCGGCTA-1_1_1"
"1303","GACAGCCGTAATGCTC-1_1_1"
"1304","GACAGCCTCAAGAAAC-1_1_1"
"1305","GACATCACAGAGTTCT-1_1_1"
"1306","GACATCAGTTCAGGTT-1_1_1"
"1307","GACCAATGTGTCACAT-1_1_1"
"1308","GACCAATTCCATGATG-1_1_1"
"1309","GACCAATTCTAGCCTC-1_1_1"
"1310","GACCCAGAGCTGCCAC-1_1_1"
"1311","GACCCAGAGGTTGGAC-1_1_1"
"1312","GACCCAGCATAGAAAC-1_1_1"
"1313","GACCCAGGTGCCTTCT-1_1_1"
"1314","GACCCTTAGTACAGCG-1_1_1"
"1315","GACCCTTCACATTCGA-1_1_1"
"1316","GACCCTTGTACAGGTG-1_1_1"
"1317","GACCGTGCACACGGAA-1_1_1"
"1318","GACCTTCGTACTAACC-1_1_1"
"1319","GACCTTCGTTGACTAC-1_1_1"
"1320","GACCTTCTCCATTTCA-1_1_1"
"1321","GACCTTCTCCGATGCG-1_1_1"
"1322","GACCTTCTCGGCCTTT-1_1_1"
"1323","GACGCTGAGACATACA-1_1_1"
"1324","GACGCTGAGATCCCAT-1_1_1"
"1325","GACGTTAAGAGGCGTT-1_1_1"
"1326","GACGTTAAGCACACAG-1_1_1"
"1327","GACGTTACACTGAATC-1_1_1"
"1328","GACGTTACACTGCATA-1_1_1"
"1329","GACGTTATCCCAAGTA-1_1_1"
"1330","GACTATGAGTTGTCAC-1_1_1"
"1331","GACTCAACAATTCTTC-1_1_1"
"1332","GACTCAACAGAGTCAG-1_1_1"
"1333","GACTCAATCCACGAAT-1_1_1"
"1334","GACTCAATCTGCGTCT-1_1_1"
"1335","GACTCTCCACTAGTAC-1_1_1"
"1336","GACTCTCGTCGGAACA-1_1_1"
"1337","GACTTCCAGTAGGCCA-1_1_1"
"1338","GACTTCCAGTGGATTA-1_1_1"
"1339","GACTTCCCAAGGCAAC-1_1_1"
"1340","GACTTCCCAGAGGAAA-1_1_1"
"1341","GAGAAATAGATTAGTG-1_1_1"
"1342","GAGAAATAGCGTTAGG-1_1_1"
"1343","GAGAAATAGGTACAAT-1_1_1"
"1344","GAGAAATAGTCGAATA-1_1_1"
"1345","GAGAAATCAATAGGGC-1_1_1"
"1346","GAGAAATGTGTTCAGT-1_1_1"
"1347","GAGAAATTCACCTTGC-1_1_1"
"1348","GAGACCCTCTTTGGAG-1_1_1"
"1349","GAGACTTCAAGTACCT-1_1_1"
"1350","GAGACTTGTACGATGG-1_1_1"
"1351","GAGACTTGTCAGGTAG-1_1_1"
"1352","GAGAGGTAGGGATGTC-1_1_1"
"1353","GAGAGGTTCATTATCC-1_1_1"
"1354","GAGATGGAGCAAGGAA-1_1_1"
"1355","GAGATGGTCCGTCAAA-1_1_1"
"1356","GAGATGGTCGCCATAA-1_1_1"
"1357","GAGCCTGCAAGGGCAT-1_1_1"
"1358","GAGCCTGCAGATTCGT-1_1_1"
"1359","GAGCCTGGTCGGTGAA-1_1_1"
"1360","GAGCTGCGTACTGACT-1_1_1"
"1361","GAGCTGCTCGACGCTG-1_1_1"
"1362","GAGGCAAAGCGCTTCG-1_1_1"
"1363","GAGGCAAGTCTTCGAA-1_1_1"
"1364","GAGGCAATCTGTCAGA-1_1_1"
"1365","GAGGCCTCACGCTGTG-1_1_1"
"1366","GAGGCCTTCACAGTGT-1_1_1"
"1367","GAGGGATAGCGCCGTT-1_1_1"
"1368","GAGGGATCAGCCTTCT-1_1_1"
"1369","GAGGGATTCGGACAAG-1_1_1"
"1370","GAGGGTAAGATAGTGT-1_1_1"
"1371","GAGGGTACAGGGAGAG-1_1_1"
"1372","GAGTCTATCAGAGTTC-1_1_1"
"1373","GAGTCTATCTATGCCC-1_1_1"
"1374","GAGTGAGAGACCTCAT-1_1_1"
"1375","GAGTGTTAGAAGATCT-1_1_1"
"1376","GAGTGTTAGGTGTGAC-1_1_1"
"1377","GAGTGTTAGTAGGTTA-1_1_1"
"1378","GAGTGTTCAGCAGTGA-1_1_1"
"1379","GAGTGTTGTCAGATTC-1_1_1"
"1380","GAGTGTTTCACTGAAC-1_1_1"
"1381","GAGTTACAGGAGGCAG-1_1_1"
"1382","GAGTTACCATCAGTGT-1_1_1"
"1383","GAGTTGTAGATCGCTT-1_1_1"
"1384","GAGTTGTCATTGTGCA-1_1_1"
"1385","GAGTTTGAGGTAGCAC-1_1_1"
"1386","GAGTTTGCACGGAAGT-1_1_1"
"1387","GAGTTTGGTCCGAAAG-1_1_1"
"1388","GAGTTTGTCGGTAGGA-1_1_1"
"1389","GATAGAACAAACTGCT-1_1_1"
"1390","GATAGAACAGAGTGTG-1_1_1"
"1391","GATAGAAGTCGTTATG-1_1_1"
"1392","GATAGAATCGCATTAG-1_1_1"
"1393","GATAGCTTCATGAGTC-1_1_1"
"1394","GATCACAGTCCCTGTT-1_1_1"
"1395","GATCACATCTCTCAAT-1_1_1"
"1396","GATCAGTCATGCAGGA-1_1_1"
"1397","GATCAGTTCACTACTT-1_1_1"
"1398","GATCATGCAGTTGTCA-1_1_1"
"1399","GATCATGGTCGTATTG-1_1_1"
"1400","GATCATGTCGTGTTCC-1_1_1"
"1401","GATCCCTTCCACGGAC-1_1_1"
"1402","GATCGTACAAGTGCTT-1_1_1"
"1403","GATCGTATCCATAGAC-1_1_1"
"1404","GATGACTAGTGATCGG-1_1_1"
"1405","GATGACTGTAGAGACC-1_1_1"
"1406","GATGACTTCGTTGTTT-1_1_1"
"1407","GATGACTTCTACACTT-1_1_1"
"1408","GATGAGGAGACGGAAA-1_1_1"
"1409","GATGAGGAGTAGGGTC-1_1_1"
"1410","GATGAGGCAGCGAGTA-1_1_1"
"1411","GATGAGGGTCGGCACT-1_1_1"
"1412","GATGAGGTCATTTACC-1_1_1"
"1413","GATGATCAGCCTTCTC-1_1_1"
"1414","GATGATCGTACAAGCG-1_1_1"
"1415","GATGATCGTGGGTTGA-1_1_1"
"1416","GATGATCTCGTCTCAC-1_1_1"
"1417","GATGCTAAGAAGGGAT-1_1_1"
"1418","GATGCTACACATGGTT-1_1_1"
"1419","GATGCTAGTCACAATC-1_1_1"
"1420","GATGCTAGTGTCACAT-1_1_1"
"1421","GATGGAGAGCTCATAC-1_1_1"
"1422","GATGGAGGTAAGGCTG-1_1_1"
"1423","GATGGAGGTGAAAGTT-1_1_1"
"1424","GATGTTGAGCGGACAT-1_1_1"
"1425","GATGTTGTCGTTAGTG-1_1_1"
"1426","GATTCGAAGGTTATAG-1_1_1"
"1427","GATTCGAGTAGGCTCC-1_1_1"
"1428","GATTCTTCAAGAAATC-1_1_1"
"1429","GATTCTTCATCATCCC-1_1_1"
"1430","GATTCTTGTAATGCTC-1_1_1"
"1431","GATTCTTGTGTCGCTG-1_1_1"
"1432","GATTCTTTCATTCGTT-1_1_1"
"1433","GATTCTTTCCATCAGA-1_1_1"
"1434","GATTGGTAGGTATTGA-1_1_1"
"1435","GATTGGTTCTGCGAGC-1_1_1"
"1436","GATTGGTTCTGTGCGG-1_1_1"
"1437","GATTTCTAGAAGCCTG-1_1_1"
"1438","GATTTCTAGCCTTGAT-1_1_1"
"1439","GATTTCTGTCACCGAC-1_1_1"
"1440","GATTTCTTCGTGTGGC-1_1_1"
"1441","GCAACATCAGTGCCTG-1_1_1"
"1442","GCAACATGTACCTTCC-1_1_1"
"1443","GCAACATGTGGTACAG-1_1_1"
"1444","GCAACCGAGCAGATAT-1_1_1"
"1445","GCAACCGAGTTACGAA-1_1_1"
"1446","GCAACCGCATGACACT-1_1_1"
"1447","GCAACCGGTTCCTACC-1_1_1"
"1448","GCACATACAGTGAGCA-1_1_1"
"1449","GCACATAGTAGTACGG-1_1_1"
"1450","GCACATAGTGAACCGA-1_1_1"
"1451","GCACATAGTGCCGTAC-1_1_1"
"1452","GCACGGTGTTCGTTCC-1_1_1"
"1453","GCACGGTGTTTAGAGA-1_1_1"
"1454","GCACGTGAGTTCCGGC-1_1_1"
"1455","GCACGTGCAGAGGGTT-1_1_1"
"1456","GCACGTGGTACCAATC-1_1_1"
"1457","GCACGTGTCGAGAGCA-1_1_1"
"1458","GCACTAAGTCTAACGT-1_1_1"
"1459","GCACTAATCAGATTGC-1_1_1"
"1460","GCAGCCAGTAAGTCAA-1_1_1"
"1461","GCAGCCATCAACGTGT-1_1_1"
"1462","GCAGCCATCCTTTAGT-1_1_1"
"1463","GCAGCCATCGCGCTGA-1_1_1"
"1464","GCAGCCATCTCAACCC-1_1_1"
"1465","GCAGCTGGTATACCTG-1_1_1"
"1466","GCAGCTGTCGAATGCT-1_1_1"
"1467","GCAGGCTGTTCTGACA-1_1_1"
"1468","GCATCGGCACGGCACT-1_1_1"
"1469","GCATCGGTCTCGCTTG-1_1_1"
"1470","GCATCGGTCTGTTGGA-1_1_1"
"1471","GCATCTCAGTGTTCCA-1_1_1"
"1472","GCATCTCCACTCTGCT-1_1_1"
"1473","GCATCTCGTAATCAGA-1_1_1"
"1474","GCATGATCACGTCGTG-1_1_1"
"1475","GCATTAGGTGTGCCTG-1_1_1"
"1476","GCATTAGTCGAACTCA-1_1_1"
"1477","GCCAACGAGCCTCAGC-1_1_1"
"1478","GCCAACGCAACCGCCA-1_1_1"
"1479","GCCAACGCACAGCGCT-1_1_1"
"1480","GCCAGCAAGGCCTTGC-1_1_1"
"1481","GCCAGCACAACTCATG-1_1_1"
"1482","GCCAGCACACAGAGCA-1_1_1"
"1483","GCCAGCACAGTCTCTC-1_1_1"
"1484","GCCAGCAGTACAATAG-1_1_1"
"1485","GCCAGCAGTTCGGCTG-1_1_1"
"1486","GCCAGGTAGCAATTCC-1_1_1"
"1487","GCCAGGTAGTGCAAAT-1_1_1"
"1488","GCCAGGTGTTCAGCGC-1_1_1"
"1489","GCCAGGTTCTCTCGCA-1_1_1"
"1490","GCCAGGTTCTGACCCT-1_1_1"
"1491","GCCAGTGCATGACTGT-1_1_1"
"1492","GCCAGTGTCTCGACCT-1_1_1"
"1493","GCCATTCCAGCTGAGA-1_1_1"
"1494","GCCCAGACATGACAAA-1_1_1"
"1495","GCCCGAACAAAGGATT-1_1_1"
"1496","GCCCGAAGTTCTAACG-1_1_1"
"1497","GCCGATGAGCTGGCTC-1_1_1"
"1498","GCCGATGCATGTGGTT-1_1_1"
"1499","GCCGTGAGTACTCCCT-1_1_1"
"1500","GCCGTGAGTTCTAAGC-1_1_1"
"1501","GCCTGTTCACCCTTGT-1_1_1"
"1502","GCCTGTTTCCGTACGG-1_1_1"
"1503","GCCTGTTTCCTTATGT-1_1_1"
"1504","GCCTGTTTCGGACTTA-1_1_1"
"1505","GCGAGAAAGCCACCGT-1_1_1"
"1506","GCGAGAACATCGTTCC-1_1_1"
"1507","GCGAGAAGTTGACTAC-1_1_1"
"1508","GCGATCGAGGACACTG-1_1_1"
"1509","GCGATCGCAGAGGTTG-1_1_1"
"1510","GCGGAAAAGAACAAGG-1_1_1"
"1511","GCGGAAAAGCGGGTTA-1_1_1"
"1512","GCGGAAATCGCGTTTC-1_1_1"
"1513","GCGGATCAGCCTGACC-1_1_1"
"1514","GCGGATCCATGACTCA-1_1_1"
"1515","GCGGATCCATTGTAGC-1_1_1"
"1516","GCGGATCTCACGAACT-1_1_1"
"1517","GCGTGCACAACACAAA-1_1_1"
"1518","GCGTGCATCGGCTGTG-1_1_1"
"1519","GCGTTTCAGTGCTACT-1_1_1"
"1520","GCTACAAAGGGCCAAT-1_1_1"
"1521","GCTACAACACGACGAA-1_1_1"
"1522","GCTACAATCCCGTGAG-1_1_1"
"1523","GCTACCTTCACTGGGC-1_1_1"
"1524","GCTACCTTCCCTTGGT-1_1_1"
"1525","GCTACCTTCGCTGACG-1_1_1"
"1526","GCTACCTTCGGTGCAC-1_1_1"
"1527","GCTCAAAAGAATGTTG-1_1_1"
"1528","GCTCAAAAGGTAGTCG-1_1_1"
"1529","GCTCAAACACGTCTCT-1_1_1"
"1530","GCTCAAATCCGTACGG-1_1_1"
"1531","GCTCAAATCGAACACT-1_1_1"
"1532","GCTCAAATCGACATTG-1_1_1"
"1533","GCTGAATAGCACTCTA-1_1_1"
"1534","GCTGAATCACGAGGAT-1_1_1"
"1535","GCTGAATTCACCGACG-1_1_1"
"1536","GCTGAATTCACTGCTC-1_1_1"
"1537","GCTGAATTCGTGTTCC-1_1_1"
"1538","GCTGAATTCTAGGAAA-1_1_1"
"1539","GCTGCAGGTGTTGAGG-1_1_1"
"1540","GCTGCAGTCTGCTTTA-1_1_1"
"1541","GCTGGGTCACGAGGAT-1_1_1"
"1542","GCTGGGTGTGGCTTGC-1_1_1"
"1543","GCTGGGTGTGTGACCC-1_1_1"
"1544","GCTTCACAGAGGATGA-1_1_1"
"1545","GCTTCACGTGTCATTG-1_1_1"
"1546","GCTTGGGAGTCATGCT-1_1_1"
"1547","GCTTGGGCACCTTCCA-1_1_1"
"1548","GCTTGGGCACTGAGTT-1_1_1"
"1549","GCTTGGGCAGCGTAGA-1_1_1"
"1550","GCTTGGGCATATGGCT-1_1_1"
"1551","GCTTGGGGTATGAGGC-1_1_1"
"1552","GCTTGGGGTCCAGCAC-1_1_1"
"1553","GCTTTCGAGCAATAAC-1_1_1"
"1554","GCTTTCGCAACCCGCA-1_1_1"
"1555","GCTTTCGCAGGCGTTC-1_1_1"
"1556","GCTTTCGGTGGCAGAT-1_1_1"
"1557","GGAACCCCAATGGGTG-1_1_1"
"1558","GGAAGTGGTTAAGCAA-1_1_1"
"1559","GGAAGTGGTTACGTAC-1_1_1"
"1560","GGAAGTGTCCGCAGTG-1_1_1"
"1561","GGAATCTAGCGCCTCA-1_1_1"
"1562","GGAATCTCAACCGGAA-1_1_1"
"1563","GGAATCTCAATTCTCT-1_1_1"
"1564","GGAATCTCATAAGCGG-1_1_1"
"1565","GGAATCTCATAATGAG-1_1_1"
"1566","GGAATCTGTCGTCATA-1_1_1"
"1567","GGAATCTTCATGCGGC-1_1_1"
"1568","GGAATCTTCTGTCAGA-1_1_1"
"1569","GGAATGGAGCGCCTTG-1_1_1"
"1570","GGAATGGAGGAGGCAG-1_1_1"
"1571","GGAATGGTCAGCCCAG-1_1_1"
"1572","GGAGAACAGCCTGAGA-1_1_1"
"1573","GGAGAACAGTTCCATG-1_1_1"
"1574","GGAGAACGTAGGTTTC-1_1_1"
"1575","GGAGAACGTGTTGCCG-1_1_1"
"1576","GGAGAACGTTTCGGCG-1_1_1"
"1577","GGAGATGAGTGAGTTA-1_1_1"
"1578","GGAGATGCATGGCTAT-1_1_1"
"1579","GGAGATGGTACTGACT-1_1_1"
"1580","GGAGATGGTAGACACG-1_1_1"
"1581","GGAGATGGTCGAATTC-1_1_1"
"1582","GGAGATGTCATTCTTG-1_1_1"
"1583","GGAGATGTCGAACACT-1_1_1"
"1584","GGAGCAAAGACTTCGT-1_1_1"
"1585","GGAGCAAAGAGAACCC-1_1_1"
"1586","GGAGCAATCGAGTGAG-1_1_1"
"1587","GGAGGATAGTGCTCAT-1_1_1"
"1588","GGAGGTACACCAACAT-1_1_1"
"1589","GGAGGTACAGTTAGAA-1_1_1"
"1590","GGAGGTATCCCTCAAC-1_1_1"
"1591","GGAGGTATCTTACTGT-1_1_1"
"1592","GGATCTAAGAAATCCA-1_1_1"
"1593","GGATCTAAGTTATGGA-1_1_1"
"1594","GGATCTAGTGTCACAT-1_1_1"
"1595","GGATCTATCATCAGTG-1_1_1"
"1596","GGATCTATCCATTTGT-1_1_1"
"1597","GGCACGTGTCTGTGCG-1_1_1"
"1598","GGCACGTTCTGACCCT-1_1_1"
"1599","GGCAGTCGTCGCACGT-1_1_1"
"1600","GGCGTCAAGGGCTAAC-1_1_1"
"1601","GGCGTCAAGTTGGAGC-1_1_1"
"1602","GGCGTCAGTGATACAA-1_1_1"
"1603","GGCTGTGAGGGCCTCT-1_1_1"
"1604","GGCTGTGAGTGATAAC-1_1_1"
"1605","GGCTGTGCACACCGCA-1_1_1"
"1606","GGCTGTGCACCAAATC-1_1_1"
"1607","GGCTGTGCACCAGCGT-1_1_1"
"1608","GGCTGTGGTAATGATG-1_1_1"
"1609","GGCTGTGGTAGTGATA-1_1_1"
"1610","GGCTTGGAGATTGACA-1_1_1"
"1611","GGCTTGGCAAATTAGG-1_1_1"
"1612","GGCTTGGCAATGCAAA-1_1_1"
"1613","GGCTTGGGTGTTTCTT-1_1_1"
"1614","GGCTTTCAGGCTGAAC-1_1_1"
"1615","GGCTTTCCATGGCACC-1_1_1"
"1616","GGCTTTCTCGTGGACC-1_1_1"
"1617","GGGACAAGTAATGATG-1_1_1"
"1618","GGGACAATCAAGAGTA-1_1_1"
"1619","GGGACAATCTGTAAGC-1_1_1"
"1620","GGGACCTCAACGTTAC-1_1_1"
"1621","GGGACCTCACACCAGC-1_1_1"
"1622","GGGACCTCATTGTGCA-1_1_1"
"1623","GGGACTCAGACGACGT-1_1_1"
"1624","GGGACTCAGTCTCTGA-1_1_1"
"1625","GGGACTCGTGGCGTAA-1_1_1"
"1626","GGGACTCTCCGTGCGA-1_1_1"
"1627","GGGAGATAGATTGACA-1_1_1"
"1628","GGGAGATAGCCTCGTG-1_1_1"
"1629","GGGAGATAGCCTCTTC-1_1_1"
"1630","GGGAGATGTGAACCGA-1_1_1"
"1631","GGGAGTAAGCAGGTCA-1_1_1"
"1632","GGGAGTAGTAGATTAG-1_1_1"
"1633","GGGAGTAGTGACTGTT-1_1_1"
"1634","GGGAGTATCATCGCTC-1_1_1"
"1635","GGGATCCAGCTAATGA-1_1_1"
"1636","GGGATCCAGGTACAAT-1_1_1"
"1637","GGGATCCCAATGTTGC-1_1_1"
"1638","GGGATCCGTCGAACAG-1_1_1"
"1639","GGGATCCGTTCTCGTC-1_1_1"
"1640","GGGATGACACAGTGAG-1_1_1"
"1641","GGGCCATAGAGAGGGC-1_1_1"
"1642","GGGCCATAGATGCAGC-1_1_1"
"1643","GGGCCATTCCACTGAA-1_1_1"
"1644","GGGCCATTCCACTGGG-1_1_1"
"1645","GGGCGTTCATGAGATA-1_1_1"
"1646","GGGCGTTGTCACTCTC-1_1_1"
"1647","GGGCGTTGTTTAGTCG-1_1_1"
"1648","GGGCGTTTCAACACGT-1_1_1"
"1649","GGGCGTTTCAAGTTGC-1_1_1"
"1650","GGGCGTTTCAGTGTTG-1_1_1"
"1651","GGGCGTTTCCACACAA-1_1_1"
"1652","GGGCTACGTGTATCCA-1_1_1"
"1653","GGGCTACGTTAGTTCG-1_1_1"
"1654","GGGCTACTCACATCAG-1_1_1"
"1655","GGGCTCACACCCAATA-1_1_1"
"1656","GGGCTCATCCGGCTTT-1_1_1"
"1657","GGGTAGAAGGCATCGA-1_1_1"
"1658","GGGTAGAAGTCACTAC-1_1_1"
"1659","GGGTAGATCTATACGG-1_1_1"
"1660","GGGTATTAGATTGATG-1_1_1"
"1661","GGGTATTCAAGGCAAC-1_1_1"
"1662","GGGTATTGTGATTGGG-1_1_1"
"1663","GGGTATTGTTCGGACC-1_1_1"
"1664","GGGTCACGTGAGCCAA-1_1_1"
"1665","GGGTCTGCATCTCATT-1_1_1"
"1666","GGGTCTGGTACGTACT-1_1_1"
"1667","GGGTCTGGTGCTGATT-1_1_1"
"1668","GGGTCTGTCGAACCAT-1_1_1"
"1669","GGGTGAAAGAGCATCG-1_1_1"
"1670","GGGTGAAAGCTTTCCC-1_1_1"
"1671","GGGTGAAAGTTCACTG-1_1_1"
"1672","GGGTGAACAACTGAAA-1_1_1"
"1673","GGGTGAAGTCTTTCAT-1_1_1"
"1674","GGGTGAATCCAAGGGA-1_1_1"
"1675","GGGTGTCGTCCACATA-1_1_1"
"1676","GGGTGTCGTCGTGCCA-1_1_1"
"1677","GGGTGTCTCTGCCCTA-1_1_1"
"1678","GGGTTATAGAATTCAG-1_1_1"
"1679","GGGTTATCATGGCTAT-1_1_1"
"1680","GGGTTATGTGATACTC-1_1_1"
"1681","GGGTTTAAGCTCGCAC-1_1_1"
"1682","GGGTTTACACAGAGAC-1_1_1"
"1683","GGTAACTAGATGTAGT-1_1_1"
"1684","GGTAACTAGCATTTCG-1_1_1"
"1685","GGTAACTGTCTGCATA-1_1_1"
"1686","GGTAATCAGGCTCCCA-1_1_1"
"1687","GGTAATCCAGACATCT-1_1_1"
"1688","GGTAATCCATCATTGG-1_1_1"
"1689","GGTAATCGTGTGAATA-1_1_1"
"1690","GGTAGAGAGCTGAAAT-1_1_1"
"1691","GGTAGAGCAAATCAGA-1_1_1"
"1692","GGTAGAGCAGGATCTT-1_1_1"
"1693","GGTCACGAGTACAGCG-1_1_1"
"1694","GGTCACGCAGTTCCAA-1_1_1"
"1695","GGTCACGTCATAGAGA-1_1_1"
"1696","GGTCTGGGTTCCAAAC-1_1_1"
"1697","GGTCTGGTCTTCCGTG-1_1_1"
"1698","GGTGAAGAGCTCCGAC-1_1_1"
"1699","GGTGAAGAGTAGTCCT-1_1_1"
"1700","GGTGATTCAGGAATCG-1_1_1"
"1701","GGTGATTGTCCACAGC-1_1_1"
"1702","GGTGATTTCATGAGGG-1_1_1"
"1703","GGTGATTTCCACTGGG-1_1_1"
"1704","GGTGATTTCCGGGACT-1_1_1"
"1705","GGTGGCTAGAGAGGGC-1_1_1"
"1706","GGTGGCTCAGCAGACA-1_1_1"
"1707","GGTGGCTTCCACAAGT-1_1_1"
"1708","GGTGTCGAGGCACAAC-1_1_1"
"1709","GGTGTTACAAACTAAG-1_1_1"
"1710","GGTGTTACATGGAATA-1_1_1"
"1711","GGTTAACAGACATAGT-1_1_1"
"1712","GGTTAACAGCGCTTCG-1_1_1"
"1713","GGTTAACCAAAGACTA-1_1_1"
"1714","GGTTAACGTAGACAAT-1_1_1"
"1715","GGTTAACGTAGCGTAG-1_1_1"
"1716","GGTTAACGTAGTTAGA-1_1_1"
"1717","GGTTAACTCTCACGAA-1_1_1"
"1718","GGTTCTCCAACAAGTA-1_1_1"
"1719","GGTTCTCGTAGATCCT-1_1_1"
"1720","GGTTCTCGTTTCGTGA-1_1_1"
"1721","GGTTGTACATCCGAAT-1_1_1"
"1722","GGTTGTAGTGCGACAA-1_1_1"
"1723","GGTTGTATCTCATGGA-1_1_1"
"1724","GTAACACAGGGAGTTC-1_1_1"
"1725","GTAACACAGTTATGGA-1_1_1"
"1726","GTAACACCAGCGTAGA-1_1_1"
"1727","GTAACACTCTTCTCAA-1_1_1"
"1728","GTAACCACAGCTGTGC-1_1_1"
"1729","GTAACCATCACTTATC-1_1_1"
"1730","GTAACCATCTCAACCC-1_1_1"
"1731","GTAAGTCCAGTCGGTC-1_1_1"
"1732","GTAATCGCATTAAAGG-1_1_1"
"1733","GTAATGCAGGGACCAT-1_1_1"
"1734","GTAATGCCAATACGCT-1_1_1"
"1735","GTAATGCCATGAAGCG-1_1_1"
"1736","GTAATGCGTAGGACTG-1_1_1"
"1737","GTAATGCGTCTACACA-1_1_1"
"1738","GTAATGCTCATTGGTG-1_1_1"
"1739","GTAATGCTCCGTCACT-1_1_1"
"1740","GTAATGCTCTGAGATC-1_1_1"
"1741","GTACAACAGTCAATCC-1_1_1"
"1742","GTACAACCACAGAAGC-1_1_1"
"1743","GTACAACCATCCGATA-1_1_1"
"1744","GTACAACTCTAGTACG-1_1_1"
"1745","GTACAGTAGCGGATCA-1_1_1"
"1746","GTAGAAAAGACAAGCC-1_1_1"
"1747","GTAGAAAAGGAATGTT-1_1_1"
"1748","GTAGAAAAGTGCAGCA-1_1_1"
"1749","GTAGAAACATGTGGTT-1_1_1"
"1750","GTAGAAAGTTCGGGTC-1_1_1"
"1751","GTAGAAATCTGTCCGT-1_1_1"
"1752","GTAGAGGAGCTTAAGA-1_1_1"
"1753","GTAGAGGCATGACGGA-1_1_1"
"1754","GTAGAGGGTGCCTGAC-1_1_1"
"1755","GTAGATCAGCGCGTTC-1_1_1"
"1756","GTAGATCAGTCACTCA-1_1_1"
"1757","GTAGATCCATATACCG-1_1_1"
"1758","GTAGATCTCAAGTCTG-1_1_1"
"1759","GTAGATCTCACTGCTC-1_1_1"
"1760","GTAGATCTCAGACAAA-1_1_1"
"1761","GTAGCTACAATAGTGA-1_1_1"
"1762","GTAGCTACACGTCTCT-1_1_1"
"1763","GTAGCTACAGGCATGA-1_1_1"
"1764","GTAGCTAGTTATGACC-1_1_1"
"1765","GTAGGAGAGATGGGCT-1_1_1"
"1766","GTAGGAGAGGCACCAA-1_1_1"
"1767","GTAGGAGGTCCGAAGA-1_1_1"
"1768","GTAGGAGTCCACGGGT-1_1_1"
"1769","GTAGGAGTCGCGCCAA-1_1_1"
"1770","GTAGGTTAGGTAAAGG-1_1_1"
"1771","GTAGGTTCACAAGCAG-1_1_1"
"1772","GTAGGTTGTCTACGTA-1_1_1"
"1773","GTAGGTTGTTACGTAC-1_1_1"
"1774","GTATTGGCAGTCTGGC-1_1_1"
"1775","GTATTGGCATAGCTGT-1_1_1"
"1776","GTATTTCCAGGTTCAT-1_1_1"
"1777","GTCAAACCATGTCTAG-1_1_1"
"1778","GTCAAACGTGAGTAAT-1_1_1"
"1779","GTCAAGTAGTTGGAGC-1_1_1"
"1780","GTCAAGTCAAGGATGC-1_1_1"
"1781","GTCAAGTCACCTGCGA-1_1_1"
"1782","GTCAAGTCAGCGTTTA-1_1_1"
"1783","GTCACGGCATGAAGCG-1_1_1"
"1784","GTCACGGTCGAGTGAG-1_1_1"
"1785","GTCACTCCACAATCTG-1_1_1"
"1786","GTCACTCGTCTCAGGC-1_1_1"
"1787","GTCACTCGTCTTCGAA-1_1_1"
"1788","GTCACTCGTGCGCTCA-1_1_1"
"1789","GTCACTCTCCGAAATC-1_1_1"
"1790","GTCAGCGCAGAGGTAC-1_1_1"
"1791","GTCAGCGGTAACAGGC-1_1_1"
"1792","GTCAGCGGTAGACACG-1_1_1"
"1793","GTCATCCTCAGGAGAC-1_1_1"
"1794","GTCATCCTCCCAGGCA-1_1_1"
"1795","GTCATGACACAGAGAC-1_1_1"
"1796","GTCATGACAGAACATA-1_1_1"
"1797","GTCATTTAGCCGATCC-1_1_1"
"1798","GTCATTTAGGGTAGCT-1_1_1"
"1799","GTCATTTGTTAGTCGT-1_1_1"
"1800","GTCATTTTCGACGATT-1_1_1"
"1801","GTCCACTAGTCCCTAA-1_1_1"
"1802","GTCCACTGTGATATAG-1_1_1"
"1803","GTCCACTGTGCTTCAA-1_1_1"
"1804","GTCCACTTCCGTTGGG-1_1_1"
"1805","GTCCCATGTATAGCTC-1_1_1"
"1806","GTCCTCAAGGCACTAG-1_1_1"
"1807","GTCCTCACAATCACGT-1_1_1"
"1808","GTCCTCACAGAGCCCT-1_1_1"
"1809","GTCCTCACATTGACTG-1_1_1"
"1810","GTCCTCAGTGTTGATC-1_1_1"
"1811","GTCCTCATCTCCGATC-1_1_1"
"1812","GTCCTCATCTCTCGAC-1_1_1"
"1813","GTCGAATAGATAGTCA-1_1_1"
"1814","GTCGAATAGATTAGTG-1_1_1"
"1815","GTCGAATAGCTGAAGC-1_1_1"
"1816","GTCGAATAGGAGTCTG-1_1_1"
"1817","GTCGAATGTGCAACGA-1_1_1"
"1818","GTCGCGAAGGATTTAG-1_1_1"
"1819","GTCGCGACATACATCG-1_1_1"
"1820","GTCGCGATCCGTGTGG-1_1_1"
"1821","GTCGTAAAGCTAGAGC-1_1_1"
"1822","GTCGTAACATCGTCCT-1_1_1"
"1823","GTCGTAAGTTGTTGAC-1_1_1"
"1824","GTCGTTCAGAGAGTGA-1_1_1"
"1825","GTCGTTCAGTCAATCC-1_1_1"
"1826","GTCGTTCCAGCACCCA-1_1_1"
"1827","GTCTACCAGCCAAGTG-1_1_1"
"1828","GTCTACCCACTTGGGC-1_1_1"
"1829","GTCTACCGTAAGCTCT-1_1_1"
"1830","GTCTACCGTCGTGGAA-1_1_1"
"1831","GTCTACCGTTGCCAAT-1_1_1"
"1832","GTCTAGAGTGGCAACA-1_1_1"
"1833","GTCTAGATCCATGAGT-1_1_1"
"1834","GTCTAGATCGCTTACC-1_1_1"
"1835","GTCTCACAGCGGTAAC-1_1_1"
"1836","GTCTCACAGTAGCAAT-1_1_1"
"1837","GTCTCACCAGCTCATA-1_1_1"
"1838","GTCTCACCAGTCGGAA-1_1_1"
"1839","GTCTCACCATCCCGTT-1_1_1"
"1840","GTCTCACGTCCGTTTC-1_1_1"
"1841","GTCTCACGTTCTCAGA-1_1_1"
"1842","GTCTCACGTTCTCGTC-1_1_1"
"1843","GTCTCACTCGCTGATA-1_1_1"
"1844","GTCTGTCGTCTCGACG-1_1_1"
"1845","GTCTTTAAGGTGCAGT-1_1_1"
"1846","GTCTTTACACAAATCC-1_1_1"
"1847","GTCTTTACACCCAAGC-1_1_1"
"1848","GTCTTTAGTACGTGTT-1_1_1"
"1849","GTGACGCTCAAACCCA-1_1_1"
"1850","GTGACGCTCAAACCTG-1_1_1"
"1851","GTGAGCCAGAGCCGAT-1_1_1"
"1852","GTGAGGAAGCATGCGA-1_1_1"
"1853","GTGAGGAGTTGCCGAC-1_1_1"
"1854","GTGAGTTTCATCTCTA-1_1_1"
"1855","GTGAGTTTCCTGATAG-1_1_1"
"1856","GTGAGTTTCTGCCTCA-1_1_1"
"1857","GTGCACGAGTTCATCG-1_1_1"
"1858","GTGCACGTCAGCTGAT-1_1_1"
"1859","GTGCAGCCACTTTAGG-1_1_1"
"1860","GTGCAGCGTGTGCCTG-1_1_1"
"1861","GTGCGTGAGCGAAACC-1_1_1"
"1862","GTGCGTGAGGTCGCCT-1_1_1"
"1863","GTGCGTGCAATTGAGA-1_1_1"
"1864","GTGCTGGAGAGCCGAT-1_1_1"
"1865","GTGCTGGCAATGGGTG-1_1_1"
"1866","GTGCTTCAGGGCCAAT-1_1_1"
"1867","GTGCTTCAGTGCTACT-1_1_1"
"1868","GTGCTTCTCGACACCG-1_1_1"
"1869","GTGGAAGCAGCAGTAG-1_1_1"
"1870","GTGGAAGCAGTATGAA-1_1_1"
"1871","GTGGAAGGTAACACGG-1_1_1"
"1872","GTGGAGAAGACTAAGT-1_1_1"
"1873","GTGGAGACATTATGCG-1_1_1"
"1874","GTGGAGAGTCTGTCCT-1_1_1"
"1875","GTGGCGTCACCCGTAG-1_1_1"
"1876","GTGGCGTTCACCCATC-1_1_1"
"1877","GTGGCGTTCCCGATCT-1_1_1"
"1878","GTGGCGTTCCGTGACG-1_1_1"
"1879","GTGGGAAAGAGCTGAC-1_1_1"
"1880","GTGGGAAGTCGAGTTT-1_1_1"
"1881","GTGGTTATCCCGATCT-1_1_1"
"1882","GTGGTTATCTACACTT-1_1_1"
"1883","GTGTAACAGCACCAGA-1_1_1"
"1884","GTGTAACCAGCGTGAA-1_1_1"
"1885","GTGTCCTAGAGCAGCT-1_1_1"
"1886","GTGTCCTAGTGGTTAA-1_1_1"
"1887","GTGTCCTTCGCCGTGA-1_1_1"
"1888","GTGTCCTTCTGGTGGC-1_1_1"
"1889","GTGTGGCAGGAGATAG-1_1_1"
"1890","GTGTTAGCAGAGCTAG-1_1_1"
"1891","GTGTTAGTCCCGTGTT-1_1_1"
"1892","GTGTTAGTCTGCATGA-1_1_1"
"1893","GTGTTCCCATCGGATT-1_1_1"
"1894","GTGTTCCTCATTTGGG-1_1_1"
"1895","GTTACAGAGTGTTGAA-1_1_1"
"1896","GTTACAGCAAGTATAG-1_1_1"
"1897","GTTACAGGTTGACTAC-1_1_1"
"1898","GTTACAGGTTGCTCAA-1_1_1"
"1899","GTTACCCCAAGTATAG-1_1_1"
"1900","GTTACCCGTATTTCTC-1_1_1"
"1901","GTTACCCGTCTTCTAT-1_1_1"
"1902","GTTACGAAGTTTGCTG-1_1_1"
"1903","GTTACGAGTAGCGCCT-1_1_1"
"1904","GTTACGAGTCAAACGG-1_1_1"
"1905","GTTAGACAGGCCTAAG-1_1_1"
"1906","GTTAGACGTGAGAGGG-1_1_1"
"1907","GTTAGTGCAATGAACA-1_1_1"
"1908","GTTAGTGCAATTAGGA-1_1_1"
"1909","GTTAGTGCATGTGCTA-1_1_1"
"1910","GTTAGTGGTAAGGCCA-1_1_1"
"1911","GTTAGTGGTAATTGGA-1_1_1"
"1912","GTTAGTGTCAGGGTAG-1_1_1"
"1913","GTTATGGAGAAGAGCA-1_1_1"
"1914","GTTATGGCACCTCAGG-1_1_1"
"1915","GTTATGGCACGACTAT-1_1_1"
"1916","GTTATGGGTTTACCAG-1_1_1"
"1917","GTTCATTAGTAAGCAT-1_1_1"
"1918","GTTCATTCACTTGGCG-1_1_1"
"1919","GTTCATTCAGCCGTCA-1_1_1"
"1920","GTTCATTGTCATGGCC-1_1_1"
"1921","GTTCCGTAGCGTTCCG-1_1_1"
"1922","GTTCCGTCACAATCTG-1_1_1"
"1923","GTTCCGTGTCAGGAGT-1_1_1"
"1924","GTTCGCTCACTACTTT-1_1_1"
"1925","GTTCGCTGTATGCTAC-1_1_1"
"1926","GTTCTATAGCCGCACT-1_1_1"
"1927","GTTGAACAGGGCTTCC-1_1_1"
"1928","GTTGCGGAGCGAGTCA-1_1_1"
"1929","GTTGCGGAGGGTAATT-1_1_1"
"1930","GTTGCTCCAAGTTGGG-1_1_1"
"1931","GTTGCTCCATGGGCAA-1_1_1"
"1932","GTTGCTCGTTCAGCTA-1_1_1"
"1933","GTTGCTCTCACTTGGA-1_1_1"
"1934","GTTGCTCTCCGCCTAT-1_1_1"
"1935","GTTGTAGCACAACGAG-1_1_1"
"1936","GTTGTAGCAGTCCGTG-1_1_1"
"1937","GTTGTAGGTCATCCGG-1_1_1"
"1938","GTTGTAGTCCCTTGTG-1_1_1"
"1939","GTTGTAGTCGGAGATG-1_1_1"
"1940","GTTGTCCGTAGGATAT-1_1_1"
"1941","GTTGTCCGTAGGCAAC-1_1_1"
"1942","GTTGTCCTCTCTGGTC-1_1_1"
"1943","GTTGTGAAGGCACAAC-1_1_1"
"1944","GTTGTGACACTTGTCC-1_1_1"
"1945","GTTGTGAGTACAGAAT-1_1_1"
"1946","GTTGTGAGTTGCTCAA-1_1_1"
"1947","GTTGTGATCGTTCTGC-1_1_1"
"1948","GTTTACTGTGAGTTTC-1_1_1"
"1949","GTTTACTTCGGTATGT-1_1_1"
"1950","GTTTGGAAGCAGCCTC-1_1_1"
"1951","TAACGACAGTGCCTCG-1_1_1"
"1952","TAACTTCAGACTAGAT-1_1_1"
"1953","TAACTTCCAGTTGCGC-1_1_1"
"1954","TAACTTCTCTGACGCG-1_1_1"
"1955","TAAGCACAGTTTCAGC-1_1_1"
"1956","TAAGCACCAGCAGTTT-1_1_1"
"1957","TAAGCCAAGAGATTCA-1_1_1"
"1958","TAAGCGTAGTGGAATT-1_1_1"
"1959","TAAGCGTCATCCGGCA-1_1_1"
"1960","TAAGCGTGTGGGTCAA-1_1_1"
"1961","TAAGTCGGTTGCACGC-1_1_1"
"1962","TAAGTCGTCGTGGACC-1_1_1"
"1963","TAATCTCAGATTGGGC-1_1_1"
"1964","TAATCTCCATTGCCTC-1_1_1"
"1965","TAATTCCAGCCAAGTG-1_1_1"
"1966","TAATTCCAGCTGTCCG-1_1_1"
"1967","TACAACGAGTTCAACC-1_1_1"
"1968","TACACCCAGTGGTCAG-1_1_1"
"1969","TACACCCGTTCTCGTC-1_1_1"
"1970","TACAGGTGTCGCGTCA-1_1_1"
"1971","TACATTCAGTAACAGT-1_1_1"
"1972","TACATTCGTACGAGTG-1_1_1"
"1973","TACATTCTCCGTGTGG-1_1_1"
"1974","TACCCACAGTAGCAAT-1_1_1"
"1975","TACCCACAGTTACGGG-1_1_1"
"1976","TACCCACCAATTTCTC-1_1_1"
"1977","TACCCACTCAAGGACG-1_1_1"
"1978","TACCCACTCTCGACGG-1_1_1"
"1979","TACCCGTAGGCATCTT-1_1_1"
"1980","TACCGAAAGCTCGACC-1_1_1"
"1981","TACCGAAAGCTGCCTG-1_1_1"
"1982","TACCGAATCAACCTTT-1_1_1"
"1983","TACCGGGCATAAGATG-1_1_1"
"1984","TACCGGGGTCCAGTTA-1_1_1"
"1985","TACCTGCAGTATGAAC-1_1_1"
"1986","TACCTGCCAAAGCAAT-1_1_1"
"1987","TACCTGCCACCACATA-1_1_1"
"1988","TACCTGCGTGCTGTCG-1_1_1"
"1989","TACCTGCGTGGTGATG-1_1_1"
"1990","TACCTGCGTTTGGGTT-1_1_1"
"1991","TACCTGCTCAGTGATC-1_1_1"
"1992","TACCTGCTCCTTATAC-1_1_1"
"1993","TACCTGCTCGGCCAAC-1_1_1"
"1994","TACGCTCAGTAGGGTC-1_1_1"
"1995","TACGCTCTCGGCCAAC-1_1_1"
"1996","TACGGGCTCTCGACGG-1_1_1"
"1997","TACGTCCAGCGTATAA-1_1_1"
"1998","TACGTCCCACTGGACC-1_1_1"
"1999","TACGTCCCATCGCTAA-1_1_1"
"2000","TACGTCCGTGGCTACC-1_1_1"
"2001","TACGTCCGTGTCCGTG-1_1_1"
"2002","TACGTCCGTTTAAGGA-1_1_1"
"2003","TACGTCCTCCCTCTCC-1_1_1"
"2004","TACGTCCTCTGTTGGA-1_1_1"
"2005","TACTGCCCATGACACT-1_1_1"
"2006","TACTGCCCATGTGCTA-1_1_1"
"2007","TACTGCCGTCTAGATC-1_1_1"
"2008","TACTTACGTAGTAAGT-1_1_1"
"2009","TACTTCACAGAACGCA-1_1_1"
"2010","TACTTCAGTACTGGGA-1_1_1"
"2011","TACTTCAGTCTAACTG-1_1_1"
"2012","TACTTCAGTCTACACA-1_1_1"
"2013","TACTTCATCCGGACTG-1_1_1"
"2014","TACTTGTCACATGTTG-1_1_1"
"2015","TACTTGTTCAGCGTCG-1_1_1"
"2016","TACTTGTTCCCTCGAT-1_1_1"
"2017","TAGACCACACTCTAGA-1_1_1"
"2018","TAGACCAGTCATGCAT-1_1_1"
"2019","TAGACCAGTCCCACGA-1_1_1"
"2020","TAGACCATCGCATTGA-1_1_1"
"2021","TAGACTGAGTCTCGTA-1_1_1"
"2022","TAGACTGGTCATCACA-1_1_1"
"2023","TAGACTGTCAACCCGG-1_1_1"
"2024","TAGACTGTCCCGAATA-1_1_1"
"2025","TAGAGTCCAGACCTGC-1_1_1"
"2026","TAGAGTCTCATAGGCT-1_1_1"
"2027","TAGAGTCTCTGTCGCT-1_1_1"
"2028","TAGATCGAGTATGAGT-1_1_1"
"2029","TAGATCGCAGATCACT-1_1_1"
"2030","TAGATCGGTACTCGTA-1_1_1"
"2031","TAGATCGGTCATAGTC-1_1_1"
"2032","TAGATCGGTTCCTACC-1_1_1"
"2033","TAGATCGTCTCTAGGA-1_1_1"
"2034","TAGGAGGAGAGCATTA-1_1_1"
"2035","TAGGAGGCATAGAAAC-1_1_1"
"2036","TAGGAGGGTGAGAACC-1_1_1"
"2037","TAGGAGGGTGGACAGT-1_1_1"
"2038","TAGGTACCAGCTCTGG-1_1_1"
"2039","TAGGTTGAGATGTTAG-1_1_1"
"2040","TAGGTTGTCAAACGAA-1_1_1"
"2041","TAGGTTGTCATTACTC-1_1_1"
"2042","TATACCTAGCCGAATG-1_1_1"
"2043","TATACCTCACAGCCTG-1_1_1"
"2044","TATACCTTCGACGAGA-1_1_1"
"2045","TATATCCAGTGGAAAG-1_1_1"
"2046","TATATCCCAGTACTAC-1_1_1"
"2047","TATATCCCATAGAAAC-1_1_1"
"2048","TATATCCCATCCTGTC-1_1_1"
"2049","TATATCCGTCCCGCAA-1_1_1"
"2050","TATATCCTCGAATCCA-1_1_1"
"2051","TATCAGGAGGTCGTGA-1_1_1"
"2052","TATCAGGCATGACAGG-1_1_1"
"2053","TATCAGGGTCAGACGA-1_1_1"
"2054","TATCAGGTCAGGAACG-1_1_1"
"2055","TATCAGGTCAGGAAGC-1_1_1"
"2056","TATCAGGTCGAAATCC-1_1_1"
"2057","TATCAGGTCTACGCAA-1_1_1"
"2058","TATCCTAGTAAGTTAG-1_1_1"
"2059","TATCCTATCTCTCAAT-1_1_1"
"2060","TATCGCCAGAGCGACT-1_1_1"
"2061","TATCGCCAGAGTCGAC-1_1_1"
"2062","TATCGCCAGCAGTCTT-1_1_1"
"2063","TATCGCCCAACAAAGT-1_1_1"
"2064","TATCGCCCAGCCATTA-1_1_1"
"2065","TATCGCCTCTGTCGTC-1_1_1"
"2066","TATCTGTCACGGTGTC-1_1_1"
"2067","TATCTGTTCAAGATAG-1_1_1"
"2068","TATCTTGAGGGAACAA-1_1_1"
"2069","TATCTTGAGTACAGAT-1_1_1"
"2070","TATCTTGCACGTCTCT-1_1_1"
"2071","TATCTTGGTAGCCCTG-1_1_1"
"2072","TATGTTCAGCTAGAAT-1_1_1"
"2073","TATGTTCCAGCTCTGG-1_1_1"
"2074","TATTCCAAGAGCAGCT-1_1_1"
"2075","TATTCCACAACCCTCT-1_1_1"
"2076","TATTCCACAATAGAGT-1_1_1"
"2077","TATTCCACAGAACTAA-1_1_1"
"2078","TATTCCATCGACATCA-1_1_1"
"2079","TATTCCATCGCGATCG-1_1_1"
"2080","TATTCCATCGGCAGTC-1_1_1"
"2081","TATTGCTCAGTCTTCC-1_1_1"
"2082","TATTGCTGTACGTACT-1_1_1"
"2083","TATTGCTGTTGTGGAG-1_1_1"
"2084","TATTGGGGTCTCGGAC-1_1_1"
"2085","TATTGGGGTGGATCGA-1_1_1"
"2086","TATTTCGAGTGCTCGC-1_1_1"
"2087","TATTTCGCACACCTTC-1_1_1"
"2088","TATTTCGGTCTGTCCT-1_1_1"
"2089","TCAAGACCAAGCAGGT-1_1_1"
"2090","TCAAGACTCAAGGACG-1_1_1"
"2091","TCAAGACTCTCTCAAT-1_1_1"
"2092","TCAAGCACATTGTGCA-1_1_1"
"2093","TCAAGCAGTACCCAGC-1_1_1"
"2094","TCAAGCATCATCCTGC-1_1_1"
"2095","TCAAGCATCTCCAATT-1_1_1"
"2096","TCAAGTGCATGCTGCG-1_1_1"
"2097","TCAATCTAGTATGACA-1_1_1"
"2098","TCAATCTGTGTCCATA-1_1_1"
"2099","TCAATTCCACATGTTG-1_1_1"
"2100","TCAATTCCAGTTTCGA-1_1_1"
"2101","TCAATTCTCCGGACTG-1_1_1"
"2102","TCACAAGAGGCATTTC-1_1_1"
"2103","TCACAAGCAAACAGGC-1_1_1"
"2104","TCACAAGGTTTGGGAG-1_1_1"
"2105","TCACAAGTCGTGTTCC-1_1_1"
"2106","TCACACCAGAGTTGCG-1_1_1"
"2107","TCACACCCAACAGAGC-1_1_1"
"2108","TCACACCGTCTGATCA-1_1_1"
"2109","TCACACCTCTCTATAC-1_1_1"
"2110","TCACATTAGTCATGGG-1_1_1"
"2111","TCACATTCACGTCGTG-1_1_1"
"2112","TCACATTGTACTAACC-1_1_1"
"2113","TCACATTGTCGTCAGC-1_1_1"
"2114","TCACGCTAGAGGTCAC-1_1_1"
"2115","TCACGCTGTGAATTAG-1_1_1"
"2116","TCACGGGCACATGACT-1_1_1"
"2117","TCACTATGTCGTGATT-1_1_1"
"2118","TCACTCGAGGTACAAT-1_1_1"
"2119","TCACTCGCACAGTACT-1_1_1"
"2120","TCACTCGCATGTGACT-1_1_1"
"2121","TCAGCAAAGACTACCT-1_1_1"
"2122","TCAGCAAAGAGGCCAT-1_1_1"
"2123","TCAGCAAAGGTAGCAC-1_1_1"
"2124","TCAGCAAAGTCTGCAT-1_1_1"
"2125","TCAGCAACAAGTATCC-1_1_1"
"2126","TCAGCAAGTCGAATGG-1_1_1"
"2127","TCAGCCTAGTAAGACT-1_1_1"
"2128","TCAGCCTCAATTGCTG-1_1_1"
"2129","TCAGCCTCACTAGTAC-1_1_1"
"2130","TCAGGGCAGGCACAAC-1_1_1"
"2131","TCAGGGCGTTAGAAAC-1_1_1"
"2132","TCAGGGCTCGTAACCA-1_1_1"
"2133","TCAGGTAGTGTTCATG-1_1_1"
"2134","TCAGGTATCCATTGTT-1_1_1"
"2135","TCAGTCCAGCACTGGA-1_1_1"
"2136","TCAGTCCCACTCTCGT-1_1_1"
"2137","TCAGTCCGTGCCTGAC-1_1_1"
"2138","TCAGTCCTCCTCACGT-1_1_1"
"2139","TCAGTGAAGATTGCGG-1_1_1"
"2140","TCAGTGAAGCGTTCAT-1_1_1"
"2141","TCAGTGAAGGAACTAT-1_1_1"
"2142","TCAGTGACAAATTGCC-1_1_1"
"2143","TCAGTGACAAGAGATT-1_1_1"
"2144","TCAGTGACAAGCAATA-1_1_1"
"2145","TCAGTGACACGCTATA-1_1_1"
"2146","TCAGTGACACGTAGTT-1_1_1"
"2147","TCAGTGAGTATGTCAC-1_1_1"
"2148","TCAGTGATCTGTAAGC-1_1_1"
"2149","TCATACTAGCTTAGTC-1_1_1"
"2150","TCATACTGTGAGAACC-1_1_1"
"2151","TCATATCAGGGTAATT-1_1_1"
"2152","TCATCATCAAGTAGTA-1_1_1"
"2153","TCATCCGAGCATCAAA-1_1_1"
"2154","TCATCCGAGTATGATG-1_1_1"
"2155","TCATCCGGTCATCCGG-1_1_1"
"2156","TCATCCGTCCCAGCGA-1_1_1"
"2157","TCATGAGAGACTACCT-1_1_1"
"2158","TCATGAGAGTGGTTCT-1_1_1"
"2159","TCATGAGGTACTCGAT-1_1_1"
"2160","TCATGAGGTATACCCA-1_1_1"
"2161","TCATGAGTCGATAACC-1_1_1"
"2162","TCATGCCAGGTACAAT-1_1_1"
"2163","TCATGCCCATGGGCAA-1_1_1"
"2164","TCATGCCGTTGCGTAT-1_1_1"
"2165","TCATGCCTCTCGCGTT-1_1_1"
"2166","TCATGGAAGTATTCCG-1_1_1"
"2167","TCATGGACAGAACATA-1_1_1"
"2168","TCATGGACATTGCCGG-1_1_1"
"2169","TCATGGAGTGTGTGTT-1_1_1"
"2170","TCATGTTCACCTGAAT-1_1_1"
"2171","TCATGTTGTATGTCTG-1_1_1"
"2172","TCATTACAGTTGAAAC-1_1_1"
"2173","TCATTACTCGGACTTA-1_1_1"
"2174","TCATTACTCTCCTGCA-1_1_1"
"2175","TCATTCAAGCATACTC-1_1_1"
"2176","TCATTCAGTCTCTCAC-1_1_1"
"2177","TCATTCAGTGTGCTTA-1_1_1"
"2178","TCATTCATCATCTCTA-1_1_1"
"2179","TCATTGTCAAGCCATT-1_1_1"
"2180","TCATTTGCACACGCCA-1_1_1"
"2181","TCATTTGCAGAGTAAT-1_1_1"
"2182","TCATTTGTCCGTATAG-1_1_1"
"2183","TCATTTGTCTAGTTCT-1_1_1"
"2184","TCCACCACAAACACCT-1_1_1"
"2185","TCCACCAGTAGCGAGT-1_1_1"
"2186","TCCACCAGTTCTTAGG-1_1_1"
"2187","TCCACCAGTTGTTGAC-1_1_1"
"2188","TCCAGAACACCACTGG-1_1_1"
"2189","TCCATCGTCGCGATCG-1_1_1"
"2190","TCCATGCCACAGTATC-1_1_1"
"2191","TCCATGCCAGTGCCTG-1_1_1"
"2192","TCCATGCTCACGTAGT-1_1_1"
"2193","TCCATGCTCTAGGCCG-1_1_1"
"2194","TCCCACACACTTGGGC-1_1_1"
"2195","TCCCACACATATGCGT-1_1_1"
"2196","TCCCACAGTTTGCCGG-1_1_1"
"2197","TCCCACATCATCGTAG-1_1_1"
"2198","TCCCACATCCCACAGG-1_1_1"
"2199","TCCCAGTCATTGGATC-1_1_1"
"2200","TCCCAGTGTTAGAGTA-1_1_1"
"2201","TCCCATGCAATGTCTG-1_1_1"
"2202","TCCCATGTCCCTGTTG-1_1_1"
"2203","TCCGAAAAGATGCCGA-1_1_1"
"2204","TCCGAAAAGTTCTACG-1_1_1"
"2205","TCCGAAAGTCTCGCGA-1_1_1"
"2206","TCCGATCCACATGGTT-1_1_1"
"2207","TCCGATCCACCTGTCT-1_1_1"
"2208","TCCGATCGTGCTGATT-1_1_1"
"2209","TCCGGGAAGACCACGA-1_1_1"
"2210","TCCGGGAAGGCTCTAT-1_1_1"
"2211","TCCGGGACAGGGTTGA-1_1_1"
"2212","TCCGGGAGTGCTATTG-1_1_1"
"2213","TCCGGGATCCTTGAAG-1_1_1"
"2214","TCCGTGTCAGTATTCG-1_1_1"
"2215","TCCGTGTTCTAAGGAA-1_1_1"
"2216","TCCTCCCCAATACGCT-1_1_1"
"2217","TCCTCGAAGTCGAATA-1_1_1"
"2218","TCCTCGACAATCTCGA-1_1_1"
"2219","TCCTCGACACGACGTC-1_1_1"
"2220","TCCTCTTAGGAGCAAA-1_1_1"
"2221","TCCTCTTGTACAAAGT-1_1_1"
"2222","TCCTCTTGTGCTTCAA-1_1_1"
"2223","TCCTCTTGTGTTAACC-1_1_1"
"2224","TCCTGCAAGACTAGAT-1_1_1"
"2225","TCCTGCAAGAGAAGGT-1_1_1"
"2226","TCCTTCTAGAGATGCC-1_1_1"
"2227","TCCTTCTGTCGCATCG-1_1_1"
"2228","TCCTTCTGTGAAGCGT-1_1_1"
"2229","TCCTTCTGTTAGGCTT-1_1_1"
"2230","TCCTTTCAGAGCCCAA-1_1_1"
"2231","TCCTTTCGTGCGAACA-1_1_1"
"2232","TCGAACAAGCACACAG-1_1_1"
"2233","TCGAACATCCGTGTGG-1_1_1"
"2234","TCGAAGTAGCGATGCA-1_1_1"
"2235","TCGAAGTCAGCCTACG-1_1_1"
"2236","TCGAAGTCAGCGAACA-1_1_1"
"2237","TCGAAGTGTGAGATAT-1_1_1"
"2238","TCGAAGTGTGGAAGTC-1_1_1"
"2239","TCGACCTCAAGTGGGT-1_1_1"
"2240","TCGACCTCACCTGAAT-1_1_1"
"2241","TCGACCTCATAGCACT-1_1_1"
"2242","TCGACCTCATGTCAGT-1_1_1"
"2243","TCGACCTTCAACTTTC-1_1_1"
"2244","TCGACCTTCTGGGCCA-1_1_1"
"2245","TCGACGGCACCAGTAT-1_1_1"
"2246","TCGACGGCATCCTTCG-1_1_1"
"2247","TCGACGGGTGGGATTG-1_1_1"
"2248","TCGACGGGTTACCGTA-1_1_1"
"2249","TCGACGGTCCATGCAA-1_1_1"
"2250","TCGACGGTCGGAATTC-1_1_1"
"2251","TCGATTTCAATCGAAA-1_1_1"
"2252","TCGATTTGTGACATCT-1_1_1"
"2253","TCGATTTGTGCAATAA-1_1_1"
"2254","TCGATTTGTGGCTCTG-1_1_1"
"2255","TCGCACTAGCAAACAT-1_1_1"
"2256","TCGCACTTCAGATTGC-1_1_1"
"2257","TCGCACTTCTGCTTTA-1_1_1"
"2258","TCGCAGGAGTGAGGCT-1_1_1"
"2259","TCGCAGGAGTTTAGGA-1_1_1"
"2260","TCGCAGGGTCCCTGTT-1_1_1"
"2261","TCGCTCAAGATTAGAC-1_1_1"
"2262","TCGCTCAGTACTAAGA-1_1_1"
"2263","TCGCTCAGTCGCATCG-1_1_1"
"2264","TCGCTCAGTTTGGAAA-1_1_1"
"2265","TCGCTTGCACCAGTTA-1_1_1"
"2266","TCGGATACACCTGAAT-1_1_1"
"2267","TCGGATATCGGAAGGT-1_1_1"
"2268","TCGGGACAGTAGCATA-1_1_1"
"2269","TCGGGACGTGCAAGAC-1_1_1"
"2270","TCGGGACTCCGAGATT-1_1_1"
"2271","TCGGGCACATCTTAGG-1_1_1"
"2272","TCGGGCAGTTCTGAGT-1_1_1"
"2273","TCGGGTGAGCAAATGT-1_1_1"
"2274","TCGGGTGTCGAGTTGT-1_1_1"
"2275","TCGGGTGTCTGTAACG-1_1_1"
"2276","TCGGTCTGTCACTAGT-1_1_1"
"2277","TCGGTCTTCGACGAGA-1_1_1"
"2278","TCGTAGAAGAGTTCGG-1_1_1"
"2279","TCGTAGAGTCGACTTA-1_1_1"
"2280","TCGTAGATCCGGGACT-1_1_1"
"2281","TCGTCCACAATTGCTG-1_1_1"
"2282","TCGTCCAGTAGCTTAC-1_1_1"
"2283","TCGTGCTAGGCTCAAG-1_1_1"
"2284","TCGTGCTGTTCTAAGC-1_1_1"
"2285","TCGTGCTGTTTACCTT-1_1_1"
"2286","TCGTGGGCACAGTCAT-1_1_1"
"2287","TCGTGGGGTACGACTT-1_1_1"
"2288","TCGTGGGGTCTTGCGG-1_1_1"
"2289","TCTAACTCAAACTCGT-1_1_1"
"2290","TCTACATGTATCGTAC-1_1_1"
"2291","TCTACATTCAAGTTGC-1_1_1"
"2292","TCTACATTCTAGCCTC-1_1_1"
"2293","TCTACCGAGCTGTTAC-1_1_1"
"2294","TCTACCGAGGTCGTCC-1_1_1"
"2295","TCTACCGTCGCTGATA-1_1_1"
"2296","TCTATACTCATTCACT-1_1_1"
"2297","TCTATCAAGCACACCC-1_1_1"
"2298","TCTCACGAGGTACTGG-1_1_1"
"2299","TCTCACGGTAGGCAGT-1_1_1"
"2300","TCTCACGTCAGCTTGA-1_1_1"
"2301","TCTCACGTCTCCAATT-1_1_1"
"2302","TCTCAGCAGCCAAGCA-1_1_1"
"2303","TCTCAGCAGGTTCCAT-1_1_1"
"2304","TCTCAGCCAAGTACCT-1_1_1"
"2305","TCTCAGCGTATGAAAC-1_1_1"
"2306","TCTCCGACACACAGCC-1_1_1"
"2307","TCTCTGGTCGCTACGG-1_1_1"
"2308","TCTGCCAAGCCGGAAT-1_1_1"
"2309","TCTGCCAAGTGAGTTA-1_1_1"
"2310","TCTGCCAGTCAGTTTG-1_1_1"
"2311","TCTGGCTAGCTTACGT-1_1_1"
"2312","TCTGGCTGTGAGACCA-1_1_1"
"2313","TCTGGCTGTGCTATTG-1_1_1"
"2314","TCTGGCTTCGCCGTGA-1_1_1"
"2315","TCTGGCTTCTCATTAC-1_1_1"
"2316","TCTGTCGAGATCGGTG-1_1_1"
"2317","TCTGTCGCAAACGTGG-1_1_1"
"2318","TCTGTCGCATGGAGAC-1_1_1"
"2319","TCTGTCGTCTCCGATC-1_1_1"
"2320","TCTGTCGTCTGAGAAA-1_1_1"
"2321","TCTTAGTAGCCTTTCC-1_1_1"
"2322","TCTTAGTCAGAGTGTG-1_1_1"
"2323","TCTTAGTGTCATAGTC-1_1_1"
"2324","TCTTAGTTCAAAGAAC-1_1_1"
"2325","TCTTAGTTCGGTTCAA-1_1_1"
"2326","TCTTCCTAGCAATTAG-1_1_1"
"2327","TCTTGCGGTGGTTCTA-1_1_1"
"2328","TCTTGCGTCATGGCCG-1_1_1"
"2329","TCTTGCGTCGCCTTTG-1_1_1"
"2330","TCTTTGAAGCTATCTG-1_1_1"
"2331","TCTTTGAAGTGATGGC-1_1_1"
"2332","TCTTTGAGTCATGGCC-1_1_1"
"2333","TCTTTGAGTTGCGAAG-1_1_1"
"2334","TCTTTGATCTGAATGC-1_1_1"
"2335","TCTTTGATCTGGCCAG-1_1_1"
"2336","TGAACGTCAATGAACA-1_1_1"
"2337","TGAACGTCAGTACTAC-1_1_1"
"2338","TGAACGTTCACCCATC-1_1_1"
"2339","TGAATCGGTACTGTTG-1_1_1"
"2340","TGAATCGGTAGCTGCC-1_1_1"
"2341","TGAATCGGTTGCTCCT-1_1_1"
"2342","TGAATCGTCGATACGT-1_1_1"
"2343","TGAATCGTCTGTCGCT-1_1_1"
"2344","TGAATGCCATGTAACC-1_1_1"
"2345","TGAATGCGTTCCTTGC-1_1_1"
"2346","TGACAGTAGAGCAGAA-1_1_1"
"2347","TGACAGTAGAGGCTGT-1_1_1"
"2348","TGACAGTCACGGTGCT-1_1_1"
"2349","TGACAGTGTGCAACAG-1_1_1"
"2350","TGACAGTTCCCGGTAG-1_1_1"
"2351","TGACCCTCATTAAAGG-1_1_1"
"2352","TGACCCTGTCTTCTAT-1_1_1"
"2353","TGACGCGGTCACTTCC-1_1_1"
"2354","TGACGCGTCAACCTTT-1_1_1"
"2355","TGACGCGTCAGTGGGA-1_1_1"
"2356","TGACTCCAGAACTTCC-1_1_1"
"2357","TGACTCCGTAAGATAC-1_1_1"
"2358","TGACTCCTCCTACGAA-1_1_1"
"2359","TGAGACTGTGGAAATT-1_1_1"
"2360","TGAGACTGTGTCGATT-1_1_1"
"2361","TGAGCATCACAATGCT-1_1_1"
"2362","TGAGCATCATTCATCT-1_1_1"
"2363","TGAGCATGTTCCTAAG-1_1_1"
"2364","TGAGCATTCTCCACTG-1_1_1"
"2365","TGAGCGCAGAGTTGAT-1_1_1"
"2366","TGAGCGCAGGATTTGA-1_1_1"
"2367","TGAGCGCGTTAGAGTA-1_1_1"
"2368","TGAGCGCTCTTCGGAA-1_1_1"
"2369","TGAGGAGTCATCGACA-1_1_1"
"2370","TGAGGAGTCGATCCAA-1_1_1"
"2371","TGAGGGAGTACAGAAT-1_1_1"
"2372","TGAGGTTAGTTGAAGT-1_1_1"
"2373","TGAGGTTCAAACACGG-1_1_1"
"2374","TGAGGTTTCTGTCAGA-1_1_1"
"2375","TGAGTCAAGAATCGAT-1_1_1"
"2376","TGAGTCAGTCATTCCC-1_1_1"
"2377","TGAGTCAGTCGCAACC-1_1_1"
"2378","TGATCAGGTCGGTACC-1_1_1"
"2379","TGATCTTTCGCTGCGA-1_1_1"
"2380","TGATGCAAGATAGCTA-1_1_1"
"2381","TGATGCAAGGTGAGAA-1_1_1"
"2382","TGATGGTAGACTAAGT-1_1_1"
"2383","TGATGGTCAAATGGAT-1_1_1"
"2384","TGATTCTAGCAGCCCT-1_1_1"
"2385","TGATTCTAGGTAATCA-1_1_1"
"2386","TGATTCTCAAAGACGC-1_1_1"
"2387","TGATTCTCAATATCCG-1_1_1"
"2388","TGATTCTGTAGACAAT-1_1_1"
"2389","TGATTTCAGCAATAGT-1_1_1"
"2390","TGATTTCCACTCCGAG-1_1_1"
"2391","TGATTTCCAGACCAAG-1_1_1"
"2392","TGATTTCGTAGGTGCA-1_1_1"
"2393","TGATTTCTCAACTGGT-1_1_1"
"2394","TGCACGGAGATCCCAT-1_1_1"
"2395","TGCACGGGTACTGGGA-1_1_1"
"2396","TGCACGGGTCGGTACC-1_1_1"
"2397","TGCACGGGTTATCTGG-1_1_1"
"2398","TGCAGATCAACTTGCA-1_1_1"
"2399","TGCAGATGTGAATTAG-1_1_1"
"2400","TGCAGATTCGCCGAGT-1_1_1"
"2401","TGCAGGCAGGTCGAGT-1_1_1"
"2402","TGCAGGCAGTCTCGTA-1_1_1"
"2403","TGCAGGCGTGAGTAAT-1_1_1"
"2404","TGCAGGCTCGGCAGTC-1_1_1"
"2405","TGCAGTAGTCGTGGTC-1_1_1"
"2406","TGCATCCGTCCCACGA-1_1_1"
"2407","TGCATCCTCCGGACGT-1_1_1"
"2408","TGCATGAAGGAAGAAC-1_1_1"
"2409","TGCATGAAGTGCCGAA-1_1_1"
"2410","TGCATGACAGCACCCA-1_1_1"
"2411","TGCCGAGTCATGAGTC-1_1_1"
"2412","TGCGACGGTCACCCTT-1_1_1"
"2413","TGCGACGGTGATCGTT-1_1_1"
"2414","TGCGATAGTAGCCAGA-1_1_1"
"2415","TGCGATATCGTGGACC-1_1_1"
"2416","TGCGATATCTACCTTA-1_1_1"
"2417","TGCGGCAGTCACTTAG-1_1_1"
"2418","TGCGGCAGTCCTATAG-1_1_1"
"2419","TGCGGCATCTCTTCAA-1_1_1"
"2420","TGCGGCATCTGCATAG-1_1_1"
"2421","TGCGGGTAGAAACCCG-1_1_1"
"2422","TGCGGGTAGAATTTGG-1_1_1"
"2423","TGCGGGTAGCGCCATC-1_1_1"
"2424","TGCGGGTCACTCGATA-1_1_1"
"2425","TGCGGGTCATACAGGG-1_1_1"
"2426","TGCGGGTTCGAGAACG-1_1_1"
"2427","TGCGGGTTCGGTAGGA-1_1_1"
"2428","TGCTCCAGTCACGACC-1_1_1"
"2429","TGCTCGTGTAATGCGG-1_1_1"
"2430","TGCTGAAAGTCCCGAC-1_1_1"
"2431","TGCTGAACACGCTTAA-1_1_1"
"2432","TGCTGAACACGGCACT-1_1_1"
"2433","TGCTGAAGTGCATGAG-1_1_1"
"2434","TGCTGAAGTTCGGCTG-1_1_1"
"2435","TGCTGAATCTGGGTCG-1_1_1"
"2436","TGCTTCGAGACCACGA-1_1_1"
"2437","TGCTTCGAGGCGAACT-1_1_1"
"2438","TGCTTGCAGCTGGTGA-1_1_1"
"2439","TGCTTGCCAAATGGAT-1_1_1"
"2440","TGGAACTAGCATGATA-1_1_1"
"2441","TGGAACTCAAAGAACT-1_1_1"
"2442","TGGAACTCAAGAGGTC-1_1_1"
"2443","TGGAACTCAGCGTGCT-1_1_1"
"2444","TGGAACTTCTCAATCT-1_1_1"
"2445","TGGAACTTCTGAGAGG-1_1_1"
"2446","TGGAGAGAGTGGATAT-1_1_1"
"2447","TGGAGGAAGGTCTTTG-1_1_1"
"2448","TGGATCAAGATAACGT-1_1_1"
"2449","TGGATCAGTCATAACC-1_1_1"
"2450","TGGATCATCTATCGCC-1_1_1"
"2451","TGGATGTTCACCCTTG-1_1_1"
"2452","TGGCGTGGTCGACTGC-1_1_1"
"2453","TGGCGTGGTTCACCGG-1_1_1"
"2454","TGGCGTGTCACGGACC-1_1_1"
"2455","TGGGAAGCACGGCCAT-1_1_1"
"2456","TGGGAAGCATGGCGCT-1_1_1"
"2457","TGGGAAGTCAAGTCTG-1_1_1"
"2458","TGGGAAGTCACGGACC-1_1_1"
"2459","TGGGAAGTCCACGTAA-1_1_1"
"2460","TGGGAGAAGAAGCGAA-1_1_1"
"2461","TGGGAGAAGATGGTCG-1_1_1"
"2462","TGGGAGAAGGTTCATC-1_1_1"
"2463","TGGGAGACAACGACAG-1_1_1"
"2464","TGGGATTAGGAAGTAG-1_1_1"
"2465","TGGGATTAGTCGCTAT-1_1_1"
"2466","TGGGATTCATCTCCCA-1_1_1"
"2467","TGGGATTGTCTATGAC-1_1_1"
"2468","TGGGCGTAGAGTATAC-1_1_1"
"2469","TGGGCGTTCGATGCAT-1_1_1"
"2470","TGGGCTGAGGAGCAAA-1_1_1"
"2471","TGGGCTGCACAAAGCG-1_1_1"
"2472","TGGGTTAAGCTGTCCG-1_1_1"
"2473","TGGGTTACACAGTCAT-1_1_1"
"2474","TGGGTTAGTGTGTGTT-1_1_1"
"2475","TGGGTTATCTAGCCAA-1_1_1"
"2476","TGGTACAGTCGGAACA-1_1_1"
"2477","TGGTACAGTTGTCATG-1_1_1"
"2478","TGGTAGTAGCCACCGT-1_1_1"
"2479","TGGTAGTAGTGAACAT-1_1_1"
"2480","TGGTAGTCACGCGTCA-1_1_1"
"2481","TGGTGATTCATACGAC-1_1_1"
"2482","TGGTTAGGTCCAATCA-1_1_1"
"2483","TGTAACGTCCCAGCGA-1_1_1"
"2484","TGTAACGTCTTCTGTA-1_1_1"
"2485","TGTAAGCCAGTTCACA-1_1_1"
"2486","TGTAAGCGTTGCCGCA-1_1_1"
"2487","TGTAAGCTCCATCTCG-1_1_1"
"2488","TGTAAGCTCGCTCATC-1_1_1"
"2489","TGTAGACAGACATGCG-1_1_1"
"2490","TGTCAGAAGGTATTGA-1_1_1"
"2491","TGTCAGAAGTTTCAGC-1_1_1"
"2492","TGTCAGACAGTCACGC-1_1_1"
"2493","TGTCAGACATGTCTAG-1_1_1"
"2494","TGTCAGATCACCGGGT-1_1_1"
"2495","TGTCCACCAATCTCTT-1_1_1"
"2496","TGTCCACCACAAAGTA-1_1_1"
"2497","TGTCCACCAGAATCGG-1_1_1"
"2498","TGTCCACCAGATTAAG-1_1_1"
"2499","TGTCCCAGTATGACAA-1_1_1"
"2500","TGTCCTGCATCTGTTT-1_1_1"
"2501","TGTGAGTCAACCGGAA-1_1_1"
"2502","TGTGAGTCACCCTTAC-1_1_1"
"2503","TGTGAGTGTAGATCCT-1_1_1"
"2504","TGTGATGAGCCGATTT-1_1_1"
"2505","TGTGATGAGTCAGGGT-1_1_1"
"2506","TGTGATGGTATGAGAT-1_1_1"
"2507","TGTGCGGAGACATACA-1_1_1"
"2508","TGTGCGGAGGGACACT-1_1_1"
"2509","TGTGCGGCATCGATGT-1_1_1"
"2510","TGTGGCGTCGGATAAA-1_1_1"
"2511","TGTGTGACAGGAATAT-1_1_1"
"2512","TGTGTGAGTATGCTAC-1_1_1"
"2513","TGTGTGAGTCCAGGTC-1_1_1"
"2514","TGTGTGAGTGATATAG-1_1_1"
"2515","TGTGTGATCCAACTGA-1_1_1"
"2516","TGTGTGATCGACATCA-1_1_1"
"2517","TGTTCATAGGTAAGAG-1_1_1"
"2518","TGTTCATTCATACGAC-1_1_1"
"2519","TGTTCTAGTATCGATC-1_1_1"
"2520","TGTTCTATCTTCCTAA-1_1_1"
"2521","TGTTGAGAGCCTGGAA-1_1_1"
"2522","TGTTGAGAGTCTCCTC-1_1_1"
"2523","TGTTGAGTCACTCCGT-1_1_1"
"2524","TGTTGGAAGCGCTGAA-1_1_1"
"2525","TGTTGGAAGTCCCTAA-1_1_1"
"2526","TGTTGGAGTACACGCC-1_1_1"
"2527","TGTTGGAGTATCCCTC-1_1_1"
"2528","TGTTGGATCCAATCTT-1_1_1"
"2529","TGTTGGATCCACTTTA-1_1_1"
"2530","TGTTTGTCAGACCAAG-1_1_1"
"2531","TGTTTGTGTCACTCTC-1_1_1"
"2532","TGTTTGTGTCATCCGG-1_1_1"
"2533","TTAATCCAGGATATGT-1_1_1"
"2534","TTACAGGGTCTCAAGT-1_1_1"
"2535","TTACCATAGACTGGGT-1_1_1"
"2536","TTACCATTCGGCTATA-1_1_1"
"2537","TTACCGCTCATGAGTC-1_1_1"
"2538","TTACCGCTCCGCGATG-1_1_1"
"2539","TTACGCCCAACCGATT-1_1_1"
"2540","TTACGTTCAATGGCAG-1_1_1"
"2541","TTACTGTAGCGCCTAC-1_1_1"
"2542","TTACTGTTCTGGCCTT-1_1_1"
"2543","TTAGGCAAGTTGCCTA-1_1_1"
"2544","TTAGGGTCAAGCAATA-1_1_1"
"2545","TTAGGGTGTTCCCACT-1_1_1"
"2546","TTAGGGTTCGGTCTAA-1_1_1"
"2547","TTAGTCTCAGATCCTA-1_1_1"
"2548","TTATTGCAGTCTGGTT-1_1_1"
"2549","TTATTGCTCGGCTGTG-1_1_1"
"2550","TTCAATCAGAACGCGT-1_1_1"
"2551","TTCAATCAGTTGTACC-1_1_1"
"2552","TTCAATCCAGACGGAT-1_1_1"
"2553","TTCAATCGTGAGGAAA-1_1_1"
"2554","TTCAATCTCAGACAAA-1_1_1"
"2555","TTCACCGAGACAAGCC-1_1_1"
"2556","TTCACCGAGATGAATC-1_1_1"
"2557","TTCACCGGTCAAGCGA-1_1_1"
"2558","TTCACCGGTGCCCTTT-1_1_1"
"2559","TTCACGCGTGTTAACC-1_1_1"
"2560","TTCAGGACAAGAATAC-1_1_1"
"2561","TTCAGGACAGCCTTCT-1_1_1"
"2562","TTCAGGAGTAGTCGTT-1_1_1"
"2563","TTCATGTCAACTGCTA-1_1_1"
"2564","TTCATGTTCAACCTTT-1_1_1"
"2565","TTCATTGAGGCTGGAT-1_1_1"
"2566","TTCATTGAGTATAGAC-1_1_1"
"2567","TTCATTGCAGGTGTTT-1_1_1"
"2568","TTCCAATAGGCCTAGA-1_1_1"
"2569","TTCCAATAGGTAAGTT-1_1_1"
"2570","TTCCAATGTTTCAGAC-1_1_1"
"2571","TTCCACGAGTCTGGAG-1_1_1"
"2572","TTCCACGGTGTCGATT-1_1_1"
"2573","TTCCACGTCACTCCGT-1_1_1"
"2574","TTCCACGTCAGGTGTT-1_1_1"
"2575","TTCCGGTAGGCTCAAG-1_1_1"
"2576","TTCCGGTTCCAGGACC-1_1_1"
"2577","TTCCGGTTCCTACACC-1_1_1"
"2578","TTCCGTGCACCTTCGT-1_1_1"
"2579","TTCCGTGCACTCCTTG-1_1_1"
"2580","TTCCGTGCAGGTTCCG-1_1_1"
"2581","TTCCGTGGTACCACGC-1_1_1"
"2582","TTCCGTGGTCAGACGA-1_1_1"
"2583","TTCCGTGTCCACAGCG-1_1_1"
"2584","TTCCTCTAGGATTTGA-1_1_1"
"2585","TTCCTCTAGTTGCGAG-1_1_1"
"2586","TTCCTCTGTATCGCGC-1_1_1"
"2587","TTCCTCTGTGGCTGAA-1_1_1"
"2588","TTCCTCTTCCCGAGAC-1_1_1"
"2589","TTCCTTCAGAACTTCC-1_1_1"
"2590","TTCCTTCAGTAGTGCG-1_1_1"
"2591","TTCCTTCGTATACCTG-1_1_1"
"2592","TTCCTTCGTTTCGTAG-1_1_1"
"2593","TTCCTTCTCCCTCGTA-1_1_1"
"2594","TTCGGTCAGAATTTGG-1_1_1"
"2595","TTCGGTCAGCAAGTCG-1_1_1"
"2596","TTCGGTCCACAGTATC-1_1_1"
"2597","TTCGGTCCAGAAATTG-1_1_1"
"2598","TTCGGTCGTGATGGCA-1_1_1"
"2599","TTCTAACGTGGAAGTC-1_1_1"
"2600","TTCTAGTCAACGTAAA-1_1_1"
"2601","TTCTAGTGTCTAGGCC-1_1_1"
"2602","TTCTAGTTCGCCTCTA-1_1_1"
"2603","TTCTAGTTCTTACCAT-1_1_1"
"2604","TTCTCTCCACTCATAG-1_1_1"
"2605","TTCTCTCTCTTAATCC-1_1_1"
"2606","TTCTTCCAGCGTATGG-1_1_1"
"2607","TTCTTCCAGCTAAATG-1_1_1"
"2608","TTCTTCCAGTCAGAGC-1_1_1"
"2609","TTCTTCCAGTGTTGTC-1_1_1"
"2610","TTCTTCCCAGCCCAGT-1_1_1"
"2611","TTCTTGAAGCTCAGAG-1_1_1"
"2612","TTCTTGAAGCTCCCTT-1_1_1"
"2613","TTCTTGAAGTAGATCA-1_1_1"
"2614","TTCTTGACACCCGTAG-1_1_1"
"2615","TTGAACGAGTTTGGCT-1_1_1"
"2616","TTGAACGCATACACCA-1_1_1"
"2617","TTGAACGGTCGTCATA-1_1_1"
"2618","TTGAACGGTTGTAGCT-1_1_1"
"2619","TTGACCCCAGGAGGTT-1_1_1"
"2620","TTGACCCTCAGTCATG-1_1_1"
"2621","TTGACCCTCGCTCTCA-1_1_1"
"2622","TTGACCCTCTTGAACG-1_1_1"
"2623","TTGATGGAGCATTGTC-1_1_1"
"2624","TTGATGGGTCCAAGAG-1_1_1"
"2625","TTGATGGGTTGCCGAC-1_1_1"
"2626","TTGATGGTCTCAGAAC-1_1_1"
"2627","TTGATGGTCTTTGCGC-1_1_1"
"2628","TTGCATTAGCGGGTAT-1_1_1"
"2629","TTGCATTGTGACCTGC-1_1_1"
"2630","TTGCCTGCAACCTATG-1_1_1"
"2631","TTGCCTGCATGGGTTT-1_1_1"
"2632","TTGCCTGCATGTTCGA-1_1_1"
"2633","TTGCCTGTCCGATTAG-1_1_1"
"2634","TTGCCTGTCGCAGATT-1_1_1"
"2635","TTGCGTCTCCACTTTA-1_1_1"
"2636","TTGCGTCTCTAGTTCT-1_1_1"
"2637","TTGCTGCAGGCCTTCG-1_1_1"
"2638","TTGGATGGTCCACATA-1_1_1"
"2639","TTGGGATAGCAAGCCA-1_1_1"
"2640","TTGGGATCAGCTGTAT-1_1_1"
"2641","TTGGGATCATCCGATA-1_1_1"
"2642","TTGGGCGGTGCAATAA-1_1_1"
"2643","TTGGGCGTCTTACTGT-1_1_1"
"2644","TTGGGTAGTAGTATAG-1_1_1"
"2645","TTGGGTAGTCGGAAAC-1_1_1"
"2646","TTGGGTAGTCTTCATT-1_1_1"
"2647","TTGGGTAGTGACTGAG-1_1_1"
"2648","TTGTGGAAGGGCTAAC-1_1_1"
"2649","TTGTGGAGTCAGATTC-1_1_1"
"2650","TTGTGGAGTCGGATTT-1_1_1"
"2651","TTGTGGATCTGGGTCG-1_1_1"
"2652","TTGTTCAAGAGCATAT-1_1_1"
"2653","TTGTTGTTCGTGAGAG-1_1_1"
"2654","TTTACCAAGCACCGAA-1_1_1"
"2655","TTTACCAGTACCTATG-1_1_1"
"2656","TTTACCATCACCTCTG-1_1_1"
"2657","TTTACCATCGTGGCGT-1_1_1"
"2658","TTTACGTAGAGCAGAA-1_1_1"
"2659","TTTACGTAGATTGAGT-1_1_1"
"2660","TTTACTGGTAGTGTGG-1_1_1"
"2661","TTTACTGTCACTTATC-1_1_1"
"2662","TTTAGTCCAAATGGAT-1_1_1"
"2663","TTTAGTCGTGTATTGC-1_1_1"
"2664","TTTAGTCGTTACACTG-1_1_1"
"2665","TTTAGTCTCACATCAG-1_1_1"
"2666","TTTAGTCTCTACTATC-1_1_1"
"2667","TTTATGCAGTGGGAAA-1_1_1"
"2668","TTTATGCCACATGGTT-1_1_1"
"2669","TTTATGCTCATGAGTC-1_1_1"
"2670","TTTCACACACGATAGG-1_1_1"
"2671","TTTCACAGTCAGGTGA-1_1_1"
"2672","TTTCAGTAGGTTCCGC-1_1_1"
"2673","TTTCAGTCAACCGACC-1_1_1"
"2674","TTTCAGTCACACGTGC-1_1_1"
"2675","TTTCAGTCACTACAGT-1_1_1"
"2676","TTTCAGTGTTCAGCGC-1_1_1"
"2677","TTTCAGTTCCGAAATC-1_1_1"
"2678","TTTCATGGTCTGTGGC-1_1_1"
"2679","TTTCATGGTGGTACAG-1_1_1"
"2680","TTTCATGGTGTAGCAG-1_1_1"
"2681","TTTCGATAGCTAATGA-1_1_1"
"2682","TTTCGATAGTGCACAG-1_1_1"
"2683","TTTGACTCACATACTG-1_1_1"
"2684","TTTGACTGTCGTTCAA-1_1_1"
"2685","TTTGATCGTACGCTAT-1_1_1"
"2686","TTTGATCTCGCCAATA-1_1_1"
"2687","TTTGGAGGTTCGTACA-1_1_1"
"2688","TTTGGTTTCCTGATAG-1_1_1"
"2689","TTTGTTGCATCCGGTG-1_1_1"
