"","x"
"1","AAACGAAAGGCCACCT-1_1_2"
"2","AAACGAAGTGTCCTAA-1_1_2"
"3","AAACGAATCAGACTGT-1_1_2"
"4","AAACGCTAGATCGACG-1_1_2"
"5","AAACGCTAGGCCCAAA-1_1_2"
"6","AAACGCTAGGTAGACC-1_1_2"
"7","AAACGCTAGGTGCTAG-1_1_2"
"8","AAACGCTGTACAGTCT-1_1_2"
"9","AAACGCTTCATTTACC-1_1_2"
"10","AAACGCTTCTGTCTCG-1_1_2"
"11","AAAGAACGTATAATGG-1_1_2"
"12","AAAGAACGTATCGAAA-1_1_2"
"13","AAAGAACGTCACATTG-1_1_2"
"14","AAAGGATAGGTCCGAA-1_1_2"
"15","AAAGGATTCGTAGTCA-1_1_2"
"16","AAAGGGCAGTTCCGGC-1_1_2"
"17","AAAGGGCCACGCTGCA-1_1_2"
"18","AAAGGTAAGCCGCACT-1_1_2"
"19","AAAGTCCAGGCCCAAA-1_1_2"
"20","AAAGTCCAGGTTAGTA-1_1_2"
"21","AAAGTCCGTTAACAGA-1_1_2"
"22","AAAGTGAAGTCTCGTA-1_1_2"
"23","AAAGTGAAGTGCACAG-1_1_2"
"24","AAAGTGACATATGGCT-1_1_2"
"25","AAAGTGAGTCAACACT-1_1_2"
"26","AAAGTGATCGACACCG-1_1_2"
"27","AAATGGACAAGTCATC-1_1_2"
"28","AAATGGATCATGTCTT-1_1_2"
"29","AACAAAGCAGGTAGTG-1_1_2"
"30","AACAAAGGTTCCCACT-1_1_2"
"31","AACAAAGTCCCTCTTT-1_1_2"
"32","AACAACCGTAGCGCTC-1_1_2"
"33","AACAACCGTCTACGAT-1_1_2"
"34","AACAACCGTGATGGCA-1_1_2"
"35","AACAACCTCGAACGGA-1_1_2"
"36","AACAACCTCTGCCTGT-1_1_2"
"37","AACAAGACATCAGCAT-1_1_2"
"38","AACAAGAGTGATTGGG-1_1_2"
"39","AACAAGAGTTGCATCA-1_1_2"
"40","AACAAGATCCATCTCG-1_1_2"
"41","AACACACAGCGCCCAT-1_1_2"
"42","AACACACCACAAATCC-1_1_2"
"43","AACACACTCTCGTGAA-1_1_2"
"44","AACAGGGAGGGCAAGG-1_1_2"
"45","AACAGGGGTCAGGTAG-1_1_2"
"46","AACAGGGGTCCAGAAG-1_1_2"
"47","AACAGGGTCTCGACGG-1_1_2"
"48","AACCAACAGCCATATC-1_1_2"
"49","AACCAACAGCCATTCA-1_1_2"
"50","AACCAACCACGACTAT-1_1_2"
"51","AACCAACCATCGATCA-1_1_2"
"52","AACCAACGTTCTATCT-1_1_2"
"53","AACCAACGTTTGGAAA-1_1_2"
"54","AACCACAAGGAGACCT-1_1_2"
"55","AACCACAGTAGTATAG-1_1_2"
"56","AACCACAGTGCATACT-1_1_2"
"57","AACCATGAGACCATGG-1_1_2"
"58","AACCATGCAGAATCGG-1_1_2"
"59","AACCCAAAGCATGATA-1_1_2"
"60","AACCCAATCCTTACCG-1_1_2"
"61","AACCTGACAGAAATCA-1_1_2"
"62","AACCTGATCGCCAGAC-1_1_2"
"63","AACCTGATCGGCTGGT-1_1_2"
"64","AACCTGATCGGTCATA-1_1_2"
"65","AACCTTTCACCAAAGG-1_1_2"
"66","AACCTTTCACGGGCTT-1_1_2"
"67","AACCTTTGTATGGGAC-1_1_2"
"68","AACCTTTGTCGGAACA-1_1_2"
"69","AACCTTTGTTTCGTTT-1_1_2"
"70","AACGAAACACAGCATT-1_1_2"
"71","AACGAAACAGACCAGA-1_1_2"
"72","AACGAAACATACTGTG-1_1_2"
"73","AACGAAAGTCGAGCTC-1_1_2"
"74","AACGAAATCGGTCACG-1_1_2"
"75","AACGGGAAGGTGCGAT-1_1_2"
"76","AACGGGATCGTCCTCA-1_1_2"
"77","AACTTCTTCAAGCCGC-1_1_2"
"78","AACTTCTTCCATAGGT-1_1_2"
"79","AACTTCTTCCGATGTA-1_1_2"
"80","AACTTCTTCTGGGCAC-1_1_2"
"81","AACTTCTTCTTCGCTG-1_1_2"
"82","AAGAACACACATGTTG-1_1_2"
"83","AAGACAAAGGGCATGT-1_1_2"
"84","AAGACAACATTCAGGT-1_1_2"
"85","AAGACTCAGTGATAGT-1_1_2"
"86","AAGACTCCAGCGAGTA-1_1_2"
"87","AAGACTCCATGTGCCG-1_1_2"
"88","AAGATAGCAAATAAGC-1_1_2"
"89","AAGATAGCAGGAACCA-1_1_2"
"90","AAGATAGGTTCACGAT-1_1_2"
"91","AAGATAGTCATCGACA-1_1_2"
"92","AAGATAGTCCTGTTAT-1_1_2"
"93","AAGCATCAGCGTATGG-1_1_2"
"94","AAGCATCCAGTAACAA-1_1_2"
"95","AAGCATCGTAGCGCTC-1_1_2"
"96","AAGCCATTCGTAACTG-1_1_2"
"97","AAGCGTTAGCTCGAAG-1_1_2"
"98","AAGGAATCACGGTAGA-1_1_2"
"99","AAGGAATCACTCCTTG-1_1_2"
"100","AAGGTAAAGTCACTAC-1_1_2"
"101","AAGGTAACAGCTGGTC-1_1_2"
"102","AAGGTAAGTCTCGCGA-1_1_2"
"103","AAGGTAATCCGCCTAT-1_1_2"
"104","AAGTACCGTAACGCGA-1_1_2"
"105","AAGTACCTCATGCGGC-1_1_2"
"106","AAGTCGTAGCAACTTC-1_1_2"
"107","AAGTCGTTCATTCCTA-1_1_2"
"108","AAGTCGTTCGCGTGAC-1_1_2"
"109","AAGTGAAAGTTCATGC-1_1_2"
"110","AAGTGAACATCAGTGT-1_1_2"
"111","AAGTGAAGTCGTCTCT-1_1_2"
"112","AAGTTCGCAACAGAGC-1_1_2"
"113","AAGTTCGGTTACACAC-1_1_2"
"114","AATAGAGAGACAGCGT-1_1_2"
"115","AATAGAGAGTGAGGCT-1_1_2"
"116","AATAGAGCAGTAACCT-1_1_2"
"117","AATAGAGCATGGCCAC-1_1_2"
"118","AATAGAGGTGCCCGTA-1_1_2"
"119","AATAGAGTCAAATAGG-1_1_2"
"120","AATCACGAGTGCACCC-1_1_2"
"121","AATCACGCACAAGCCC-1_1_2"
"122","AATCACGGTCCTGTTC-1_1_2"
"123","AATCACGGTCTTCAAG-1_1_2"
"124","AATCGACAGAATACAC-1_1_2"
"125","AATCGACAGGACAAGA-1_1_2"
"126","AATCGACCACTAACCA-1_1_2"
"127","AATCGACGTCGCCTAG-1_1_2"
"128","AATCGACGTGGTCCCA-1_1_2"
"129","AATCGTGGTACCGCGT-1_1_2"
"130","AATCGTGTCTCCCAAC-1_1_2"
"131","AATGAAGAGTGCACAG-1_1_2"
"132","AATGAAGCAACTGGTT-1_1_2"
"133","AATGCCATCGTGAGAG-1_1_2"
"134","AATGGAAGTCGACGCT-1_1_2"
"135","AATGGAAGTGAGTCAG-1_1_2"
"136","AATGGAAGTTCTCCAC-1_1_2"
"137","AATGGAATCCCAAGCG-1_1_2"
"138","AATGGCTTCGTGCTCT-1_1_2"
"139","AATTCCTAGGAAGTCC-1_1_2"
"140","AATTCCTAGTCCCAGC-1_1_2"
"141","AATTCCTAGTGAGGTC-1_1_2"
"142","AATTCCTGTTCTGAGT-1_1_2"
"143","AATTCCTTCAGACATC-1_1_2"
"144","AATTCCTTCATCTACT-1_1_2"
"145","AATTCCTTCCGTATGA-1_1_2"
"146","AATTCCTTCTGGGATT-1_1_2"
"147","AATTTCCAGCACTCGC-1_1_2"
"148","ACAAAGAAGTAACGTA-1_1_2"
"149","ACAAAGACATAACAGA-1_1_2"
"150","ACAACCATCAAACGAA-1_1_2"
"151","ACAACCATCCAGCACG-1_1_2"
"152","ACAACCATCCATACAG-1_1_2"
"153","ACAAGCTCAACAGTGG-1_1_2"
"154","ACAAGCTCACTGCGTG-1_1_2"
"155","ACAAGCTTCTGGGAGA-1_1_2"
"156","ACACAGTCATATACCG-1_1_2"
"157","ACACAGTGTGGCGCTT-1_1_2"
"158","ACACGCGCATCCTCAC-1_1_2"
"159","ACACTGACACAGTCAT-1_1_2"
"160","ACAGAAATCTACTATC-1_1_2"
"161","ACAGCCGAGTACAACA-1_1_2"
"162","ACAGGGAAGTTTCTTC-1_1_2"
"163","ACATCCCAGAAACCAT-1_1_2"
"164","ACATCCCGTGTGTACT-1_1_2"
"165","ACATCGAAGCTCGTGC-1_1_2"
"166","ACATCGAGTGGACCAA-1_1_2"
"167","ACATGCAAGCTAGTTC-1_1_2"
"168","ACATGCACACCGTGAC-1_1_2"
"169","ACATGCACACCTCAGG-1_1_2"
"170","ACATGCACATGTGGTT-1_1_2"
"171","ACATGCATCACTTTGT-1_1_2"
"172","ACATTTCCACTTCAAG-1_1_2"
"173","ACATTTCCAGCACGAA-1_1_2"
"174","ACATTTCGTATGAGAT-1_1_2"
"175","ACATTTCGTGAACTAA-1_1_2"
"176","ACATTTCTCAGTGGGA-1_1_2"
"177","ACATTTCTCTTCTAAC-1_1_2"
"178","ACCAAACAGACCGCCT-1_1_2"
"179","ACCAAACAGGAACGAA-1_1_2"
"180","ACCAAACAGTAAGACT-1_1_2"
"181","ACCAAACCAACACGTT-1_1_2"
"182","ACCAAACCACATATGC-1_1_2"
"183","ACCAAACGTCTGTAAC-1_1_2"
"184","ACCAACAGTCTCGCGA-1_1_2"
"185","ACCACAACACAAACGG-1_1_2"
"186","ACCACAAGTGTGATGG-1_1_2"
"187","ACCACAAGTTAGTTCG-1_1_2"
"188","ACCATTTAGTCGGCAA-1_1_2"
"189","ACCATTTCAGTTGTTG-1_1_2"
"190","ACCCAAAAGACCAGAC-1_1_2"
"191","ACCCAAAAGTGCAGCA-1_1_2"
"192","ACCCAAACAAGTATAG-1_1_2"
"193","ACCCAAAGTGTCCATA-1_1_2"
"194","ACCCTCACAACACAGG-1_1_2"
"195","ACCCTTGCAACTGAAA-1_1_2"
"196","ACCCTTGTCGTGCTCT-1_1_2"
"197","ACCGTTCGTACGAAAT-1_1_2"
"198","ACCGTTCGTAGCGTAG-1_1_2"
"199","ACCGTTCGTTCCCAAA-1_1_2"
"200","ACCTACCTCGTAATGC-1_1_2"
"201","ACCTACCTCTTGAGCA-1_1_2"
"202","ACCTGAACACAGTGAG-1_1_2"
"203","ACCTGAAGTGATACAA-1_1_2"
"204","ACCTGAAGTGTTTCTT-1_1_2"
"205","ACCTGAATCGTAGCCG-1_1_2"
"206","ACCTGTCGTCTCGGGT-1_1_2"
"207","ACCTGTCTCCGAGTGC-1_1_2"
"208","ACGATCACAGGCCTGT-1_1_2"
"209","ACGATCAGTTTGTTGG-1_1_2"
"210","ACGATGTAGGACAACC-1_1_2"
"211","ACGCACGAGAAGGCTC-1_1_2"
"212","ACGCACGAGCAGGCTA-1_1_2"
"213","ACGCACGAGCCAGTAG-1_1_2"
"214","ACGCACGTCACCTACC-1_1_2"
"215","ACGCACGTCCGTGTGG-1_1_2"
"216","ACGGGTCAGCCGATTT-1_1_2"
"217","ACGGGTCCACTGAATC-1_1_2"
"218","ACGGGTCTCGGTAGGA-1_1_2"
"219","ACGGTCGAGTTAACGA-1_1_2"
"220","ACGGTCGTCGCTTACC-1_1_2"
"221","ACGGTTAAGGCTATCT-1_1_2"
"222","ACGGTTATCGTGGGAA-1_1_2"
"223","ACGTAACCAACGGCCT-1_1_2"
"224","ACGTAACTCTTAGTTC-1_1_2"
"225","ACGTACAAGTCCGTCG-1_1_2"
"226","ACGTACATCAATCCAG-1_1_2"
"227","ACGTAGTCAAAGGCTG-1_1_2"
"228","ACGTCCTAGAAGCGGG-1_1_2"
"229","ACGTCCTGTACATACC-1_1_2"
"230","ACGTCCTTCAATGCAC-1_1_2"
"231","ACTACGAAGGAACGAA-1_1_2"
"232","ACTACGACAACTACGT-1_1_2"
"233","ACTACGACATGTTCGA-1_1_2"
"234","ACTACGAGTCGAGCAA-1_1_2"
"235","ACTACGAGTCTTGAAC-1_1_2"
"236","ACTACGAGTTACAGCT-1_1_2"
"237","ACTATCTAGCATCCCG-1_1_2"
"238","ACTATCTGTAGCTTTG-1_1_2"
"239","ACTATCTTCTTCTGTA-1_1_2"
"240","ACTATCTTCTTGAACG-1_1_2"
"241","ACTATGGAGGGCTGAT-1_1_2"
"242","ACTATGGGTCCTGGTG-1_1_2"
"243","ACTATGGGTTAGAAGT-1_1_2"
"244","ACTATGGTCGTTCCTG-1_1_2"
"245","ACTATTCCAAGGTACG-1_1_2"
"246","ACTATTCCACCAAATC-1_1_2"
"247","ACTCCCACAAGTTGGG-1_1_2"
"248","ACTCCCAGTGACACAG-1_1_2"
"249","ACTCTCGAGCATGGGT-1_1_2"
"250","ACTCTCGCACGATTCA-1_1_2"
"251","ACTCTCGGTGACCTGC-1_1_2"
"252","ACTCTCGGTTGTATGC-1_1_2"
"253","ACTGATGAGTCTAGAA-1_1_2"
"254","ACTGATGCAGTTAAAG-1_1_2"
"255","ACTGCAAAGACGCATG-1_1_2"
"256","ACTGCAACAACAGCTT-1_1_2"
"257","ACTGCAACAGAGGGTT-1_1_2"
"258","ACTGCAAGTACGGGAT-1_1_2"
"259","ACTGCAAGTCCACTTC-1_1_2"
"260","ACTGCAAGTTAGGACG-1_1_2"
"261","ACTGTCCAGGGATCTG-1_1_2"
"262","ACTGTCCCAACCGTGC-1_1_2"
"263","ACTGTCCCATAGGAGC-1_1_2"
"264","ACTGTCCGTGGGACAT-1_1_2"
"265","ACTGTCCGTGTTAAAG-1_1_2"
"266","ACTGTCCTCGGCGATC-1_1_2"
"267","ACTGTGAAGGAAACGA-1_1_2"
"268","ACTGTGAGTCAGTCCG-1_1_2"
"269","ACTGTGATCCGAGGCT-1_1_2"
"270","ACTTAGGAGCACCGTC-1_1_2"
"271","ACTTAGGCAACTGTGT-1_1_2"
"272","ACTTAGGGTCCACGCA-1_1_2"
"273","ACTTAGGTCGGCCCAA-1_1_2"
"274","ACTTATCCATCGTCCT-1_1_2"
"275","ACTTATCCATGGAATA-1_1_2"
"276","ACTTATCGTAGCGTAG-1_1_2"
"277","ACTTATCGTTGCCAAT-1_1_2"
"278","ACTTATCTCGCCAACG-1_1_2"
"279","ACTTCCGCATCGAGCC-1_1_2"
"280","ACTTCGCAGCTGAAGC-1_1_2"
"281","ACTTTCAGTACGTGAG-1_1_2"
"282","ACTTTCAGTATCAGCT-1_1_2"
"283","ACTTTGTAGAGAACCC-1_1_2"
"284","ACTTTGTGTGTTAGCT-1_1_2"
"285","AGAAATGAGACTGAGC-1_1_2"
"286","AGAAATGAGTAGAATC-1_1_2"
"287","AGAAATGTCCGTGGCA-1_1_2"
"288","AGAACAAAGGTTAGTA-1_1_2"
"289","AGAACAAAGTTTGAGA-1_1_2"
"290","AGAACAAGTCCGGTCA-1_1_2"
"291","AGAACAATCGTCGGGT-1_1_2"
"292","AGAACAATCTGGTTGA-1_1_2"
"293","AGAACCTAGGTCTACT-1_1_2"
"294","AGAACCTCAGCAGGAT-1_1_2"
"295","AGAACCTGTGTGTACT-1_1_2"
"296","AGAAGCGAGTGGCAGT-1_1_2"
"297","AGAAGCGGTTAGGACG-1_1_2"
"298","AGAAGCGTCCGGACTG-1_1_2"
"299","AGAAGTAGTTCTCGTC-1_1_2"
"300","AGACAAAAGCTCTGTA-1_1_2"
"301","AGACACTCAACAGTGG-1_1_2"
"302","AGACACTGTGAACGGT-1_1_2"
"303","AGACACTTCCATTTAC-1_1_2"
"304","AGACACTTCCTTGACC-1_1_2"
"305","AGACACTTCGTAACCA-1_1_2"
"306","AGACAGGAGCGTGTTT-1_1_2"
"307","AGACAGGCAATGGCAG-1_1_2"
"308","AGACAGGTCACTTCTA-1_1_2"
"309","AGACCATAGTACTGGG-1_1_2"
"310","AGACCATGTAGATTGA-1_1_2"
"311","AGACCATGTGTGAATA-1_1_2"
"312","AGACCCGAGCGTTGTT-1_1_2"
"313","AGACCCGAGCTGCGAA-1_1_2"
"314","AGACCCGCAGTTCACA-1_1_2"
"315","AGACCCGGTTAACAGA-1_1_2"
"316","AGACCCGGTTATAGAG-1_1_2"
"317","AGACCCGTCTCGCGTT-1_1_2"
"318","AGACTCAAGACGCATG-1_1_2"
"319","AGACTCACACGTACTA-1_1_2"
"320","AGAGAATCAGAAGTTA-1_1_2"
"321","AGAGAATCATAATCCG-1_1_2"
"322","AGAGAATTCTGGCCTT-1_1_2"
"323","AGAGAGCAGTAAGACT-1_1_2"
"324","AGAGAGCAGTCAACAA-1_1_2"
"325","AGAGAGCCAAAGCGTG-1_1_2"
"326","AGAGAGCCAACTTCTT-1_1_2"
"327","AGAGAGCCACACCGCA-1_1_2"
"328","AGAGAGCCAGCGTTGC-1_1_2"
"329","AGAGAGCGTTCTAACG-1_1_2"
"330","AGAGAGCGTTGCGTAT-1_1_2"
"331","AGAGCAGTCTGTCGCT-1_1_2"
"332","AGAGCCCAGGAAAGAC-1_1_2"
"333","AGAGCCCCACGTCGGT-1_1_2"
"334","AGAGCCCCAGTATTCG-1_1_2"
"335","AGAGCCCGTCAGGCAA-1_1_2"
"336","AGAGCCCTCATTTGGG-1_1_2"
"337","AGAGCCCTCGCACGGT-1_1_2"
"338","AGATAGAAGCCAAGCA-1_1_2"
"339","AGATAGAAGCTTCGTA-1_1_2"
"340","AGATAGACATTGGCAT-1_1_2"
"341","AGATCCAAGAATGTTG-1_1_2"
"342","AGATCCATCCGTCAAA-1_1_2"
"343","AGATCGTCAGAAATTG-1_1_2"
"344","AGATCGTGTGTTCAGT-1_1_2"
"345","AGATCGTTCGACATAC-1_1_2"
"346","AGATGAAGTGCTCGTG-1_1_2"
"347","AGATGCTCACTGTCGG-1_1_2"
"348","AGATGCTCAGCTTCGG-1_1_2"
"349","AGCATCACAGCTGAAG-1_1_2"
"350","AGCATCATCAAACTGC-1_1_2"
"351","AGCCAATAGCAAACAT-1_1_2"
"352","AGCCAATCACAAAGCG-1_1_2"
"353","AGCCAATGTATCAAGA-1_1_2"
"354","AGCCAATGTATTAAGG-1_1_2"
"355","AGCCAATTCTGAGTCA-1_1_2"
"356","AGCCACGAGAGAGGTA-1_1_2"
"357","AGCCACGCATAGGTAA-1_1_2"
"358","AGCCAGCAGGAGGTTC-1_1_2"
"359","AGCCAGCGTTAGGGAC-1_1_2"
"360","AGCGATTTCTCAACCC-1_1_2"
"361","AGCGCTGCAACTGATC-1_1_2"
"362","AGCGCTGGTAGATGTA-1_1_2"
"363","AGCGCTGGTGTAGTGG-1_1_2"
"364","AGCGTATCAACTAGAA-1_1_2"
"365","AGCGTATGTACTGCCG-1_1_2"
"366","AGCGTATGTAGCGTCC-1_1_2"
"367","AGCGTCGGTCTACGAT-1_1_2"
"368","AGCGTCGTCACTCCGT-1_1_2"
"369","AGCTACAAGTATGAAC-1_1_2"
"370","AGCTACACAAGAGCTG-1_1_2"
"371","AGCTCAAAGGGTATAT-1_1_2"
"372","AGCTCAAGTTAAACAG-1_1_2"
"373","AGGAAATGTGCGAACA-1_1_2"
"374","AGGAAATGTGCGAGTA-1_1_2"
"375","AGGAAATTCAGCGCAC-1_1_2"
"376","AGGAAATTCCCATTTA-1_1_2"
"377","AGGAAATTCCCTCTCC-1_1_2"
"378","AGGAATACAGGTGGAT-1_1_2"
"379","AGGACGAAGATCGCTT-1_1_2"
"380","AGGACGAAGTCTGTAC-1_1_2"
"381","AGGACGACATCTTAGG-1_1_2"
"382","AGGACGAGTAACCCGC-1_1_2"
"383","AGGACGAGTCACAGTT-1_1_2"
"384","AGGACGATCGGAGCAA-1_1_2"
"385","AGGACTTAGTCCCAGC-1_1_2"
"386","AGGACTTGTACCGGAA-1_1_2"
"387","AGGACTTGTCGAACGA-1_1_2"
"388","AGGACTTGTTAAAGTG-1_1_2"
"389","AGGACTTTCACGATAC-1_1_2"
"390","AGGAGGTAGATGCTAA-1_1_2"
"391","AGGAGGTAGGCGCTCT-1_1_2"
"392","AGGAGGTGTAAGAACT-1_1_2"
"393","AGGAGGTTCAATCCGA-1_1_2"
"394","AGGAGGTTCCAGGACC-1_1_2"
"395","AGGATAAAGGCCTGCT-1_1_2"
"396","AGGATAAGTCCAAATC-1_1_2"
"397","AGGATAATCGCCTCTA-1_1_2"
"398","AGGATCTAGCTCCCTT-1_1_2"
"399","AGGATCTTCGATCCAA-1_1_2"
"400","AGGCATTGTTAGCTAC-1_1_2"
"401","AGGCCACCAAGAAACT-1_1_2"
"402","AGGCCACCACAACGAG-1_1_2"
"403","AGGCCACTCGGCTATA-1_1_2"
"404","AGGCTGCCAAGAGTAT-1_1_2"
"405","AGGCTGCCATTCTCTA-1_1_2"
"406","AGGCTGCGTCAGTCGC-1_1_2"
"407","AGGCTGCTCATGAGAA-1_1_2"
"408","AGGGAGTGTACTCGTA-1_1_2"
"409","AGGGCCTCAAATCCCA-1_1_2"
"410","AGGGCCTCATCGTTCC-1_1_2"
"411","AGGGCCTGTAACACCT-1_1_2"
"412","AGGGCCTGTAGCCCTG-1_1_2"
"413","AGGGCTCAGTAGACCG-1_1_2"
"414","AGGGCTCTCCATCGTC-1_1_2"
"415","AGGGTCCAGCTGACCC-1_1_2"
"416","AGGGTCCGTCCACATA-1_1_2"
"417","AGGGTCCGTCGTTGCG-1_1_2"
"418","AGGGTCCGTGTCATTG-1_1_2"
"419","AGGGTCCGTTCTTCAT-1_1_2"
"420","AGGGTCCTCACCCTTG-1_1_2"
"421","AGGGTCCTCGTTTACT-1_1_2"
"422","AGGGTGAAGCTGTGCC-1_1_2"
"423","AGGGTGAGTTGCATTG-1_1_2"
"424","AGGGTTTAGGTGCCAA-1_1_2"
"425","AGGGTTTAGTGGTTGG-1_1_2"
"426","AGGGTTTTCTGGACTA-1_1_2"
"427","AGGTAGGAGATACCAA-1_1_2"
"428","AGGTAGGGTGCAATGG-1_1_2"
"429","AGGTCATCAACCAGAG-1_1_2"
"430","AGGTCATCATTACTCT-1_1_2"
"431","AGGTCATTCATGAGGG-1_1_2"
"432","AGGTCTACAGAAGTGC-1_1_2"
"433","AGGTCTATCTGCTGAA-1_1_2"
"434","AGGTGTTCAAGTAGTA-1_1_2"
"435","AGGTGTTGTAATCAGA-1_1_2"
"436","AGGTTACGTTAAACAG-1_1_2"
"437","AGGTTGTAGACCCGCT-1_1_2"
"438","AGGTTGTAGTTCTCTT-1_1_2"
"439","AGGTTGTGTGAGTTTC-1_1_2"
"440","AGGTTGTTCACTGGTA-1_1_2"
"441","AGGTTGTTCTCCCATG-1_1_2"
"442","AGTAACCGTGGATTTC-1_1_2"
"443","AGTACCAGTAACAAGT-1_1_2"
"444","AGTACTGGTTGCGGCT-1_1_2"
"445","AGTAGCTAGCTTTCCC-1_1_2"
"446","AGTAGCTCACAAAGTA-1_1_2"
"447","AGTAGCTCAGGACATG-1_1_2"
"448","AGTAGCTGTTTGGGAG-1_1_2"
"449","AGTAGTCAGCGGATCA-1_1_2"
"450","AGTAGTCGTCGTTGGC-1_1_2"
"451","AGTAGTCGTTCTCTAT-1_1_2"
"452","AGTAGTCTCTGCTGAA-1_1_2"
"453","AGTCAACCACGGTGTC-1_1_2"
"454","AGTCAACCATCACGGC-1_1_2"
"455","AGTCAACGTTTCAGAC-1_1_2"
"456","AGTCACACAAGATTGA-1_1_2"
"457","AGTCACAGTTGAAGTA-1_1_2"
"458","AGTCACATCGTCACCT-1_1_2"
"459","AGTCATGCAGATAAAC-1_1_2"
"460","AGTCATGTCAACACGT-1_1_2"
"461","AGTCTCCCATCAACCA-1_1_2"
"462","AGTCTCCGTTAAGGAT-1_1_2"
"463","AGTCTCCGTTCCTTGC-1_1_2"
"464","AGTGACTCACAGTATC-1_1_2"
"465","AGTGACTTCCGGTAGC-1_1_2"
"466","AGTGACTTCGGTCTAA-1_1_2"
"467","AGTGATCGTACTTGTG-1_1_2"
"468","AGTGATCTCCTTCGAC-1_1_2"
"469","AGTGATCTCGGTTAGT-1_1_2"
"470","AGTGTTGAGAAACTAC-1_1_2"
"471","AGTGTTGAGGTTCTAC-1_1_2"
"472","AGTGTTGTCCATTCGC-1_1_2"
"473","AGTTAGCAGTTGAATG-1_1_2"
"474","AGTTAGCGTTCGAGCC-1_1_2"
"475","AGTTCCCAGCAATTCC-1_1_2"
"476","AGTTCGAGTATCTTCT-1_1_2"
"477","AGTTCGAGTCGGCACT-1_1_2"
"478","ATACCGAAGGCAGGTT-1_1_2"
"479","ATACCGAGTACCCGAC-1_1_2"
"480","ATACCTTAGAGTGACC-1_1_2"
"481","ATACCTTCACAAGTGG-1_1_2"
"482","ATACCTTCACACGGAA-1_1_2"
"483","ATACCTTGTGTGGTCC-1_1_2"
"484","ATACCTTGTTCTTGTT-1_1_2"
"485","ATACCTTTCCGTTGAA-1_1_2"
"486","ATACCTTTCTATACTC-1_1_2"
"487","ATACTTCAGTTGCCTA-1_1_2"
"488","ATACTTCCACGTAACT-1_1_2"
"489","ATACTTCTCTGGGATT-1_1_2"
"490","ATAGACCAGCACCAGA-1_1_2"
"491","ATAGACCCATCCGAAT-1_1_2"
"492","ATAGACCGTGGAGAAA-1_1_2"
"493","ATAGAGAAGAGAGCGG-1_1_2"
"494","ATAGAGACAATTGCGT-1_1_2"
"495","ATAGAGAGTTTCGATG-1_1_2"
"496","ATAGAGATCAAGTAAG-1_1_2"
"497","ATAGAGATCCTACGGG-1_1_2"
"498","ATAGAGATCTACTCAT-1_1_2"
"499","ATAGGCTAGGGTCAAC-1_1_2"
"500","ATAGGCTGTCCTACAA-1_1_2"
"501","ATAGGCTGTGAGATCG-1_1_2"
"502","ATATCCTAGCCGGATA-1_1_2"
"503","ATATCCTGTTCTCGTC-1_1_2"
"504","ATATCCTTCGATACTG-1_1_2"
"505","ATCACAGAGACAGTCG-1_1_2"
"506","ATCACAGTCAGGGATG-1_1_2"
"507","ATCACGAAGCAGGTCA-1_1_2"
"508","ATCACGAAGCTAAGTA-1_1_2"
"509","ATCACGATCATTCGGA-1_1_2"
"510","ATCAGGTAGGAAGAAC-1_1_2"
"511","ATCAGGTTCTAGTCAG-1_1_2"
"512","ATCATTCAGGCGAAGG-1_1_2"
"513","ATCATTCCACAAGTGG-1_1_2"
"514","ATCATTCCAGTCAGTT-1_1_2"
"515","ATCATTCCATGGAACG-1_1_2"
"516","ATCCACCAGAGCCATG-1_1_2"
"517","ATCCATTAGGGTTAGC-1_1_2"
"518","ATCCATTCAGAACCGA-1_1_2"
"519","ATCCATTGTGTTACAC-1_1_2"
"520","ATCCATTTCCTTCTTC-1_1_2"
"521","ATCCCTGAGGTACAGC-1_1_2"
"522","ATCCCTGGTGGATACG-1_1_2"
"523","ATCCCTGGTTGCCGAC-1_1_2"
"524","ATCCTATAGCTCGAAG-1_1_2"
"525","ATCCTATAGTTACGGG-1_1_2"
"526","ATCCTATCAGCGTTTA-1_1_2"
"527","ATCCTATTCAGATTGC-1_1_2"
"528","ATCGATGAGGCCTTGC-1_1_2"
"529","ATCGATGAGGTATCTC-1_1_2"
"530","ATCGATGCATGTTCAG-1_1_2"
"531","ATCGCCTAGTGATCGG-1_1_2"
"532","ATCGCCTGTCCTACAA-1_1_2"
"533","ATCGCCTTCAACCGAT-1_1_2"
"534","ATCGCCTTCCCTGTTG-1_1_2"
"535","ATCGGATCAGGTGTGA-1_1_2"
"536","ATCGGATCATGAATCC-1_1_2"
"537","ATCGGCGAGGCTAAAT-1_1_2"
"538","ATCGGCGGTGTTCATG-1_1_2"
"539","ATCGTAGCATCGGAAG-1_1_2"
"540","ATCGTAGGTGGATGAC-1_1_2"
"541","ATCGTCCAGACTCTAC-1_1_2"
"542","ATCGTCCGTGATTCAC-1_1_2"
"543","ATCGTGAAGCTGAAGC-1_1_2"
"544","ATCGTGAGTAAGTCAA-1_1_2"
"545","ATCGTGAGTATCAGGG-1_1_2"
"546","ATCTCTAAGAGTGTTA-1_1_2"
"547","ATCTCTAAGGAAAGGT-1_1_2"
"548","ATCTCTAAGTGGCAGT-1_1_2"
"549","ATCTCTATCGCCCAGA-1_1_2"
"550","ATCTTCAAGCATGGGT-1_1_2"
"551","ATGAAAGCAAGTTTGC-1_1_2"
"552","ATGACCATCTCTCAAT-1_1_2"
"553","ATGAGGGCAGACAAAT-1_1_2"
"554","ATGAGTCAGCGAATGC-1_1_2"
"555","ATGATCGCAAGTACCT-1_1_2"
"556","ATGATCGCAGCACAGA-1_1_2"
"557","ATGATCGGTGTAACGG-1_1_2"
"558","ATGCATGAGTCACTCA-1_1_2"
"559","ATGCATGCACTGGACC-1_1_2"
"560","ATGCCTCAGAGGTCAC-1_1_2"
"561","ATGCCTCGTCTGATAC-1_1_2"
"562","ATGCGATAGCATGATA-1_1_2"
"563","ATGCGATAGCTTTCCC-1_1_2"
"564","ATGGAGGCACGCTTAA-1_1_2"
"565","ATGGATCAGGACAGTC-1_1_2"
"566","ATGGATCCATCCGGCA-1_1_2"
"567","ATGGATCCATCTTCGC-1_1_2"
"568","ATGGGAGAGAAGTGTT-1_1_2"
"569","ATGGGAGGTATCATGC-1_1_2"
"570","ATGGGAGGTATGCTAC-1_1_2"
"571","ATGGGAGTCCTATTTG-1_1_2"
"572","ATGGGAGTCGGACTGC-1_1_2"
"573","ATGGGAGTCTTTGCGC-1_1_2"
"574","ATGGGTTGTAGATCGG-1_1_2"
"575","ATGGGTTGTAGCTGTT-1_1_2"
"576","ATGGTTGTCCTTCGAC-1_1_2"
"577","ATGTCCCAGTGTTGTC-1_1_2"
"578","ATGTCTTAGATGCTTC-1_1_2"
"579","ATGTCTTGTAGATCCT-1_1_2"
"580","ATGTCTTGTATGCTTG-1_1_2"
"581","ATGTCTTGTCTGTTAG-1_1_2"
"582","ATGTCTTGTGTTTCTT-1_1_2"
"583","ATTACCTCAGTAGAAT-1_1_2"
"584","ATTACCTCATCTCGTC-1_1_2"
"585","ATTACCTTCGACGCTG-1_1_2"
"586","ATTACTCAGACCTCAT-1_1_2"
"587","ATTACTCAGGTTGACG-1_1_2"
"588","ATTACTCCAAATGAGT-1_1_2"
"589","ATTACTCCAAGAGCTG-1_1_2"
"590","ATTATCCAGGATACGC-1_1_2"
"591","ATTCACTAGTACAGAT-1_1_2"
"592","ATTCACTAGTCACGAG-1_1_2"
"593","ATTCACTCAGGTTACT-1_1_2"
"594","ATTCACTTCATCGTAG-1_1_2"
"595","ATTCAGGCAGAAACCG-1_1_2"
"596","ATTCAGGTCCGAGCTG-1_1_2"
"597","ATTCATCAGATGCGAC-1_1_2"
"598","ATTCCATAGCGACAGT-1_1_2"
"599","ATTCCATCACGTATAC-1_1_2"
"600","ATTCCATCAGCAGGAT-1_1_2"
"601","ATTCCATTCGTGACTA-1_1_2"
"602","ATTCCCGAGAGCCATG-1_1_2"
"603","ATTCCTACAGGACGAT-1_1_2"
"604","ATTCCTAGTTAGTCGT-1_1_2"
"605","ATTCGTTAGGGACCAT-1_1_2"
"606","ATTCTACAGTAGTCAA-1_1_2"
"607","ATTCTACGTAGTCGGA-1_1_2"
"608","ATTCTTGAGGCTGTAG-1_1_2"
"609","ATTCTTGAGTCATGCT-1_1_2"
"610","ATTCTTGCAAAGGAGA-1_1_2"
"611","ATTCTTGCAAGAGGCT-1_1_2"
"612","ATTCTTGGTAGACAGC-1_1_2"
"613","ATTCTTGGTGTAGTGG-1_1_2"
"614","ATTGTTCAGATCCGAG-1_1_2"
"615","ATTGTTCAGGCTCCCA-1_1_2"
"616","ATTGTTCAGTGGACGT-1_1_2"
"617","ATTGTTCCAGCAGACA-1_1_2"
"618","ATTGTTCGTGTCCGTG-1_1_2"
"619","ATTTACCCATCAGTGT-1_1_2"
"620","ATTTACCGTAGTATAG-1_1_2"
"621","ATTTCACAGGATCACG-1_1_2"
"622","ATTTCACAGTTAGTGA-1_1_2"
"623","ATTTCACCATATGAAG-1_1_2"
"624","ATTTCACTCCAAGCAT-1_1_2"
"625","ATTTCTGCAGTTGGTT-1_1_2"
"626","ATTTCTGTCAATGTCG-1_1_2"
"627","ATTTCTGTCAGGGATG-1_1_2"
"628","CAAAGAACAACTGAAA-1_1_2"
"629","CAAAGAAGTAGGTAGC-1_1_2"
"630","CAAAGAAGTCGAGCAA-1_1_2"
"631","CAACAACAGGTGGCTA-1_1_2"
"632","CAACAACGTCCAAGAG-1_1_2"
"633","CAACAACTCACCACAA-1_1_2"
"634","CAACAGTAGACGAGCT-1_1_2"
"635","CAACAGTTCTCCACTG-1_1_2"
"636","CAACCAACAAGAATGT-1_1_2"
"637","CAACCAACACAGAGAC-1_1_2"
"638","CAACCAACATAATCCG-1_1_2"
"639","CAACCAAGTCGCCTAG-1_1_2"
"640","CAACCAAGTCGCGTCA-1_1_2"
"641","CAACCTCGTCGTGGAA-1_1_2"
"642","CAACCTCGTGAATGAT-1_1_2"
"643","CAACCTCGTTCAGCGC-1_1_2"
"644","CAACCTCGTTTGGCTA-1_1_2"
"645","CAACCTCTCCCAAGCG-1_1_2"
"646","CAACCTCTCCTTGACC-1_1_2"
"647","CAACGATGTTCGTTCC-1_1_2"
"648","CAACGATTCATCGCCT-1_1_2"
"649","CAACGGCAGACTGTTC-1_1_2"
"650","CAACGGCGTGGTCTAT-1_1_2"
"651","CAACGGCTCTCGTCGT-1_1_2"
"652","CAAGACTGTACATACC-1_1_2"
"653","CAAGACTTCTAGGCAT-1_1_2"
"654","CAAGACTTCTCCGATC-1_1_2"
"655","CAAGAGGGTCATGACT-1_1_2"
"656","CAAGAGGGTCTCGCGA-1_1_2"
"657","CAAGAGGGTGGGACAT-1_1_2"
"658","CAAGAGGGTTAATCGC-1_1_2"
"659","CAAGAGGTCGTTCATT-1_1_2"
"660","CAAGCTAGTGTCTTGA-1_1_2"
"661","CAAGCTATCACTACGA-1_1_2"
"662","CAATACGAGGGTCACA-1_1_2"
"663","CAATACGGTCACATTG-1_1_2"
"664","CAATCGAAGTCACACT-1_1_2"
"665","CAATCGAGTATCGCTA-1_1_2"
"666","CAATGACTCACGTAGT-1_1_2"
"667","CAATTTCCAGAGTTGG-1_1_2"
"668","CAATTTCGTCGATTCA-1_1_2"
"669","CAATTTCTCACTAGCA-1_1_2"
"670","CAATTTCTCGTTGTTT-1_1_2"
"671","CACAACAAGGCACTAG-1_1_2"
"672","CACAACACATGACACT-1_1_2"
"673","CACAACAGTAGAGATT-1_1_2"
"674","CACAACAGTGAGACGT-1_1_2"
"675","CACAACATCAAAGGAT-1_1_2"
"676","CACAACATCCCGTAAA-1_1_2"
"677","CACACAAAGTTGGACG-1_1_2"
"678","CACAGATAGATTACCC-1_1_2"
"679","CACAGATAGTCGGCCT-1_1_2"
"680","CACAGATCAGCAGTGA-1_1_2"
"681","CACAGATCATGCACTA-1_1_2"
"682","CACAGATGTGGCTAGA-1_1_2"
"683","CACAGATTCCGCAGTG-1_1_2"
"684","CACAGGCAGACCACGA-1_1_2"
"685","CACATGAGTAGAATAC-1_1_2"
"686","CACCAAAAGTAATCCC-1_1_2"
"687","CACCAAAGTTACCCTC-1_1_2"
"688","CACCAAAGTTGCGTAT-1_1_2"
"689","CACCAAATCATAGCAC-1_1_2"
"690","CACCAAATCCGCTAGG-1_1_2"
"691","CACCAAATCTCGACGG-1_1_2"
"692","CACCGTTAGGCATGCA-1_1_2"
"693","CACGAATAGGTGCAGT-1_1_2"
"694","CACGAATCATAGAATG-1_1_2"
"695","CACGAATGTAGTCTTG-1_1_2"
"696","CACGGGTAGGTAAGTT-1_1_2"
"697","CACGGGTTCGTCCATC-1_1_2"
"698","CACGTGGCACGAGGTA-1_1_2"
"699","CACGTGGCAGAGGACT-1_1_2"
"700","CACGTTCAGGGAGTGG-1_1_2"
"701","CACGTTCCAATCTGCA-1_1_2"
"702","CACGTTCCACATTCTT-1_1_2"
"703","CACGTTCTCTGATGGT-1_1_2"
"704","CACTGAAAGCGAATGC-1_1_2"
"705","CACTGAATCTAAGGAA-1_1_2"
"706","CACTGGGAGCCTTTCC-1_1_2"
"707","CACTGGGTCGTCTACC-1_1_2"
"708","CACTGTCAGCGTTGTT-1_1_2"
"709","CACTGTCTCCGTAGTA-1_1_2"
"710","CACTTCGTCTTCGATT-1_1_2"
"711","CAGAGCCAGGAATCGC-1_1_2"
"712","CAGAGCCCAGTATACC-1_1_2"
"713","CAGAGCCCAGTGTACT-1_1_2"
"714","CAGAGCCGTGTCTAAC-1_1_2"
"715","CAGAGCCGTTTAGACC-1_1_2"
"716","CAGATACAGAATCGAT-1_1_2"
"717","CAGATACAGTCATGAA-1_1_2"
"718","CAGATACGTCGAACAG-1_1_2"
"719","CAGATACGTCTGTCAA-1_1_2"
"720","CAGATACGTGGAGAAA-1_1_2"
"721","CAGATCAAGCGCATCC-1_1_2"
"722","CAGATCAAGCTTGTTG-1_1_2"
"723","CAGATCATCCAATCCC-1_1_2"
"724","CAGATCATCCACGTCT-1_1_2"
"725","CAGATCATCGAATCCA-1_1_2"
"726","CAGATTGCACCTGCAG-1_1_2"
"727","CAGATTGCAGAGAAAG-1_1_2"
"728","CAGATTGCATCGTGCG-1_1_2"
"729","CAGCAATAGATCGGTG-1_1_2"
"730","CAGCAATTCGGCTGAC-1_1_2"
"731","CAGCACGAGTAAAGCT-1_1_2"
"732","CAGCAGCCACAGACGA-1_1_2"
"733","CAGCCAGAGAGTGTGC-1_1_2"
"734","CAGCCAGCACGTTCGG-1_1_2"
"735","CAGCCAGCAGCGTTGC-1_1_2"
"736","CAGCCAGTCATAGAGA-1_1_2"
"737","CAGCCAGTCCTGCTAC-1_1_2"
"738","CAGCGTGCAAAGCAAT-1_1_2"
"739","CAGGCCACATTGCTGA-1_1_2"
"740","CAGGGCTGTCACGACC-1_1_2"
"741","CAGGGCTTCCCTTCCC-1_1_2"
"742","CAGGTATAGCAAACAT-1_1_2"
"743","CAGTGCGAGCCAGACA-1_1_2"
"744","CAGTTCCTCGGATACT-1_1_2"
"745","CATAAGCCATCGGTTA-1_1_2"
"746","CATAAGCGTTCAGCTA-1_1_2"
"747","CATACAGAGCACTAGG-1_1_2"
"748","CATACAGCAGGTGGAT-1_1_2"
"749","CATACAGTCTGGACCG-1_1_2"
"750","CATACCCAGCCACCGT-1_1_2"
"751","CATACCCAGTACCATC-1_1_2"
"752","CATACCCGTAGCTGAG-1_1_2"
"753","CATACCCGTATTGACC-1_1_2"
"754","CATACCCGTCGGTACC-1_1_2"
"755","CATACCCGTTGGGTTT-1_1_2"
"756","CATACCCTCTACCAGA-1_1_2"
"757","CATACTTCAGGCGATA-1_1_2"
"758","CATACTTCATGTGACT-1_1_2"
"759","CATACTTGTTTCGTGA-1_1_2"
"760","CATACTTTCAAACGAA-1_1_2"
"761","CATACTTTCCATACAG-1_1_2"
"762","CATAGACGTATGCGGA-1_1_2"
"763","CATAGACTCAAAGACA-1_1_2"
"764","CATAGACTCACGAACT-1_1_2"
"765","CATAGACTCCGGCTTT-1_1_2"
"766","CATAGACTCGCGTAGC-1_1_2"
"767","CATCAAGCAAATCGTC-1_1_2"
"768","CATCAAGCAAGATGGC-1_1_2"
"769","CATCAAGCATGACTTG-1_1_2"
"770","CATCAAGGTGACGCCT-1_1_2"
"771","CATCAAGTCGTAGCCG-1_1_2"
"772","CATCCACCACTGGAAG-1_1_2"
"773","CATCCACCATCTGTTT-1_1_2"
"774","CATCCACGTGGCCCAT-1_1_2"
"775","CATCCCAGTAGGAGTC-1_1_2"
"776","CATCCGTTCGGACCAC-1_1_2"
"777","CATCGCTAGGCTTAGG-1_1_2"
"778","CATCGCTAGTTGGACG-1_1_2"
"779","CATCGCTCAGTTAAAG-1_1_2"
"780","CATCGCTCATCCCACT-1_1_2"
"781","CATCGGGCACATATCG-1_1_2"
"782","CATCGTCGTCCACACG-1_1_2"
"783","CATGAGTCAAGGTCTT-1_1_2"
"784","CATGAGTGTGTCCGGT-1_1_2"
"785","CATGAGTTCATCAGTG-1_1_2"
"786","CATGAGTTCCCTCGTA-1_1_2"
"787","CATGCAAGTAGTGATA-1_1_2"
"788","CATGCCTAGTACCGGA-1_1_2"
"789","CATGCCTTCGTCTACC-1_1_2"
"790","CATGCGGTCGTAGTCA-1_1_2"
"791","CATGCTCAGATTACCC-1_1_2"
"792","CATGCTCCAGTAACAA-1_1_2"
"793","CATGCTCTCGCACGAC-1_1_2"
"794","CATGGATAGATGGGCT-1_1_2"
"795","CATGGATAGTCTAACC-1_1_2"
"796","CATGGATCACTGGCCA-1_1_2"
"797","CATGGTAAGGCATCTT-1_1_2"
"798","CATGGTATCCTGTAGA-1_1_2"
"799","CATGGTATCTAAGGAA-1_1_2"
"800","CATTCATCAAGGCAAC-1_1_2"
"801","CATTCATGTACAGAGC-1_1_2"
"802","CATTCATGTACGCTTA-1_1_2"
"803","CATTCCGAGAGTTGCG-1_1_2"
"804","CATTCCGAGCATTGTC-1_1_2"
"805","CATTCCGAGGAAGTAG-1_1_2"
"806","CATTCCGCATATCTGG-1_1_2"
"807","CATTCTAAGCCTCATA-1_1_2"
"808","CATTCTACAGCTGTCG-1_1_2"
"809","CATTCTAGTCACAGAG-1_1_2"
"810","CATTGAGCAAATGGAT-1_1_2"
"811","CATTGCCAGCTAAGTA-1_1_2"
"812","CATTGCCTCCAAGCAT-1_1_2"
"813","CATTGTTGTTAGAAGT-1_1_2"
"814","CATTGTTTCACCGGTG-1_1_2"
"815","CCAAGCGGTCTAATCG-1_1_2"
"816","CCAAGCGTCAGCAGAG-1_1_2"
"817","CCAAGCGTCTCATGCC-1_1_2"
"818","CCAATGAAGATACCAA-1_1_2"
"819","CCAATGACATGTCGTA-1_1_2"
"820","CCAATTTAGCGATTCT-1_1_2"
"821","CCAATTTAGTGCACAG-1_1_2"
"822","CCAATTTTCTGTCGCT-1_1_2"
"823","CCACAAAGTATCAAGA-1_1_2"
"824","CCACAAATCGCAGATT-1_1_2"
"825","CCACACTAGCTGGCCT-1_1_2"
"826","CCACACTCAGCGGTCT-1_1_2"
"827","CCACACTCATATGGCT-1_1_2"
"828","CCACCATTCAGCAATC-1_1_2"
"829","CCACCATTCCGATTAG-1_1_2"
"830","CCACCATTCCTTGAAG-1_1_2"
"831","CCACGAGCAGCGAACA-1_1_2"
"832","CCACGAGGTCACAGAG-1_1_2"
"833","CCACGAGGTGTTACAC-1_1_2"
"834","CCACGAGTCGATCCCT-1_1_2"
"835","CCACGTTGTTGGGCCT-1_1_2"
"836","CCACGTTGTTGTTGAC-1_1_2"
"837","CCACGTTTCAGACATC-1_1_2"
"838","CCACTTGCACTGCGTG-1_1_2"
"839","CCACTTGCAGGTTTAC-1_1_2"
"840","CCACTTGCATCTTCGC-1_1_2"
"841","CCACTTGTCTCCTGCA-1_1_2"
"842","CCATAAGAGGGACAGG-1_1_2"
"843","CCATAAGCATTGTGCA-1_1_2"
"844","CCATAAGGTATTAAGG-1_1_2"
"845","CCATAAGTCGAAGAAT-1_1_2"
"846","CCATAAGTCGCAAGAG-1_1_2"
"847","CCATCACAGTGGTTAA-1_1_2"
"848","CCATCACCATGTCTAG-1_1_2"
"849","CCATCACGTGGCAACA-1_1_2"
"850","CCCAACTAGGACAGTC-1_1_2"
"851","CCCATTGCAAGACCGA-1_1_2"
"852","CCCATTGGTTGGCCTG-1_1_2"
"853","CCCATTGTCTACTGCC-1_1_2"
"854","CCCGAAGAGAGCCGAT-1_1_2"
"855","CCCGAAGAGTCTTGGT-1_1_2"
"856","CCCGAAGCAAATTGCC-1_1_2"
"857","CCCGAAGCAACAGATA-1_1_2"
"858","CCCGAAGGTAGGCAAC-1_1_2"
"859","CCCGAAGTCTCATGCC-1_1_2"
"860","CCCGAAGTCTTTGGAG-1_1_2"
"861","CCCGGAAAGTCCCAAT-1_1_2"
"862","CCCGGAAGTATTCTCT-1_1_2"
"863","CCCGGAATCATTGTGG-1_1_2"
"864","CCCGGAATCGCGATCG-1_1_2"
"865","CCCTAACAGAAGCCAC-1_1_2"
"866","CCCTAACAGCAGCACA-1_1_2"
"867","CCCTAACAGGCGTTGA-1_1_2"
"868","CCCTAACCAAATGGTA-1_1_2"
"869","CCCTAACGTCAGCTTA-1_1_2"
"870","CCCTCAACAGAAGTTA-1_1_2"
"871","CCCTCAAGTAATCAGA-1_1_2"
"872","CCCTCAATCGGACAAG-1_1_2"
"873","CCCTCTCCAGCACCCA-1_1_2"
"874","CCCTCTCTCGCTGCGA-1_1_2"
"875","CCCTGATCACCTCGTT-1_1_2"
"876","CCCTGATCAGATTAAG-1_1_2"
"877","CCCTTAGCAAAGCTAA-1_1_2"
"878","CCCTTAGCATGAAGCG-1_1_2"
"879","CCCTTAGGTTCGAAGG-1_1_2"
"880","CCGAACGCACTCCACT-1_1_2"
"881","CCGAACGGTACCCAGC-1_1_2"
"882","CCGAACGGTTTGTTCT-1_1_2"
"883","CCGATCTGTATCAGGG-1_1_2"
"884","CCGATGGAGGGTCTTT-1_1_2"
"885","CCGATGGTCAGCGGAA-1_1_2"
"886","CCGCAAGAGTACCATC-1_1_2"
"887","CCGCAAGGTAGATGTA-1_1_2"
"888","CCGGACACACGCTATA-1_1_2"
"889","CCGGTAGCAAGAAATC-1_1_2"
"890","CCGGTAGCACACGGTC-1_1_2"
"891","CCGGTGAAGCGTACAG-1_1_2"
"892","CCGGTGAAGGCAGCTA-1_1_2"
"893","CCGGTGACAAACTGCT-1_1_2"
"894","CCGGTGATCCACACAA-1_1_2"
"895","CCGTAGGCAGCTACTA-1_1_2"
"896","CCGTAGGGTTGGATCT-1_1_2"
"897","CCGTAGGTCTTCCCGA-1_1_2"
"898","CCGTGAGGTAGCGTTT-1_1_2"
"899","CCGTGAGGTTTACACG-1_1_2"
"900","CCGTGAGTCGGTAGAG-1_1_2"
"901","CCGTTCAAGTAGCCAG-1_1_2"
"902","CCTAACCAGTAGCCAG-1_1_2"
"903","CCTAACCCAAGGAGTC-1_1_2"
"904","CCTAACCTCAAACGTC-1_1_2"
"905","CCTAAGACACTTTATC-1_1_2"
"906","CCTAAGATCCTAGCTC-1_1_2"
"907","CCTACGTGTACAGTCT-1_1_2"
"908","CCTACGTGTCACCCTT-1_1_2"
"909","CCTATCGCATCCTATT-1_1_2"
"910","CCTATCGTCGTTCTGC-1_1_2"
"911","CCTATCGTCTTGTGCC-1_1_2"
"912","CCTCAACAGTCGCCCA-1_1_2"
"913","CCTCACAAGTGGATTA-1_1_2"
"914","CCTCACATCCTGGGAC-1_1_2"
"915","CCTCAGTAGATTGAGT-1_1_2"
"916","CCTCATGAGTGAGTTA-1_1_2"
"917","CCTCATGCAGTGGGTA-1_1_2"
"918","CCTCATGTCTGTGTGA-1_1_2"
"919","CCTCCAATCCACGGGT-1_1_2"
"920","CCTCCAATCCATATGG-1_1_2"
"921","CCTCCTCGTTCTGAGT-1_1_2"
"922","CCTCCTCTCCGTGTCT-1_1_2"
"923","CCTCCTCTCGGCTGGT-1_1_2"
"924","CCTCCTCTCTGGGTCG-1_1_2"
"925","CCTGCATCAACTCCAA-1_1_2"
"926","CCTGCATTCGGTTGTA-1_1_2"
"927","CCTGCATTCTTCTGGC-1_1_2"
"928","CCTGTTGCACTGTCGG-1_1_2"
"929","CCTTCAGCACAACATC-1_1_2"
"930","CCTTCAGCACACACTA-1_1_2"
"931","CCTTCAGCAGCATTGT-1_1_2"
"932","CCTTGTGAGCTGACTT-1_1_2"
"933","CCTTGTGAGGGACAGG-1_1_2"
"934","CCTTGTGCAAGCAATA-1_1_2"
"935","CCTTGTGCATGTGGTT-1_1_2"
"936","CCTTGTGGTACAATAG-1_1_2"
"937","CCTTGTGGTTGCGAAG-1_1_2"
"938","CCTTTGGCAATGAAAC-1_1_2"
"939","CGAAGTTAGCGCAATG-1_1_2"
"940","CGAAGTTGTGTGTGTT-1_1_2"
"941","CGAAGTTTCATCTCTA-1_1_2"
"942","CGAATTGCAACACACT-1_1_2"
"943","CGAATTGCACTAAACC-1_1_2"
"944","CGAATTGGTTAAAGTG-1_1_2"
"945","CGACAGCAGACGAAGA-1_1_2"
"946","CGACAGCCACCAACAT-1_1_2"
"947","CGAGAAGAGCAAGTCG-1_1_2"
"948","CGAGAAGAGTGGTCAG-1_1_2"
"949","CGAGGAAAGGTAGCCA-1_1_2"
"950","CGAGGAAGTTGGTGTT-1_1_2"
"951","CGAGGAATCCCGAGAC-1_1_2"
"952","CGAGGAATCGAGTACT-1_1_2"
"953","CGAGGCTGTACGATCT-1_1_2"
"954","CGAGTGCCAGCTGTAT-1_1_2"
"955","CGAGTGCGTGCGTCGT-1_1_2"
"956","CGAGTGCGTTATAGCC-1_1_2"
"957","CGAGTGCTCAGTCCGG-1_1_2"
"958","CGAGTTAAGCGACTTT-1_1_2"
"959","CGAGTTAGTCGCTTGG-1_1_2"
"960","CGAGTTATCGGTGAAG-1_1_2"
"961","CGAGTTATCTGCTGAA-1_1_2"
"962","CGAGTTATCTTGGTGA-1_1_2"
"963","CGATCGGTCCGTGACG-1_1_2"
"964","CGATGGCCAGACCTGC-1_1_2"
"965","CGATGGCTCAAGGAGC-1_1_2"
"966","CGCAGGTAGCTCGCAC-1_1_2"
"967","CGCAGGTCAGATACCT-1_1_2"
"968","CGCATAACAAGCCTGC-1_1_2"
"969","CGCATAACAGTATGAA-1_1_2"
"970","CGCATAACAGTCCGTG-1_1_2"
"971","CGCATAAGTTCCACGG-1_1_2"
"972","CGCATAATCCGTGTAA-1_1_2"
"973","CGCATAATCTTTCTAG-1_1_2"
"974","CGCATGGAGTTTCTTC-1_1_2"
"975","CGCATGGGTGTGACCC-1_1_2"
"976","CGCATGGGTTGCTCGG-1_1_2"
"977","CGCCAGAAGCTTCATG-1_1_2"
"978","CGCCAGAAGTGCGACA-1_1_2"
"979","CGCCAGAGTAACAGGC-1_1_2"
"980","CGCCAGAGTGATACCT-1_1_2"
"981","CGCCAGATCACCTGTC-1_1_2"
"982","CGCCAGATCCGTTGGG-1_1_2"
"983","CGCCAGATCCTGTAGA-1_1_2"
"984","CGCCATTAGTTTGCTG-1_1_2"
"985","CGCCATTGTATCGATC-1_1_2"
"986","CGCCATTTCCTATTGT-1_1_2"
"987","CGCGTGAGTTACTCAG-1_1_2"
"988","CGCGTGATCTTAGCAG-1_1_2"
"989","CGGAACCCAAACCACT-1_1_2"
"990","CGGAATTAGAAAGCGA-1_1_2"
"991","CGGAATTAGACCCGCT-1_1_2"
"992","CGGAATTCAGCGTTTA-1_1_2"
"993","CGGAATTCATGGCTAT-1_1_2"
"994","CGGACACCACTCAGAT-1_1_2"
"995","CGGACACTCGTTAGAC-1_1_2"
"996","CGGAGAATCGATGGAG-1_1_2"
"997","CGGAGAATCGCCGAGT-1_1_2"
"998","CGGCAGTAGCAATTCC-1_1_2"
"999","CGGCAGTTCAAAGAAC-1_1_2"
"1000","CGGCAGTTCATGGCCG-1_1_2"
"1001","CGGGACTAGCGCCTAC-1_1_2"
"1002","CGGGACTAGGTTATAG-1_1_2"
"1003","CGGGCATAGCTGAAGC-1_1_2"
"1004","CGGGCATAGTAACAGT-1_1_2"
"1005","CGGGCATGTTCTCTAT-1_1_2"
"1006","CGGGCATTCAACTTTC-1_1_2"
"1007","CGGGTGTAGTCGAAAT-1_1_2"
"1008","CGGGTGTGTGTTTGCA-1_1_2"
"1009","CGGGTGTTCACCTTAT-1_1_2"
"1010","CGGTCAGCAATGTTGC-1_1_2"
"1011","CGTAAGTAGTTGGCGA-1_1_2"
"1012","CGTAAGTCATACTGAC-1_1_2"
"1013","CGTAATGCACTCCCTA-1_1_2"
"1014","CGTAGTAAGAAGTATC-1_1_2"
"1015","CGTAGTAAGCGTTGTT-1_1_2"
"1016","CGTAGTACATTGCCGG-1_1_2"
"1017","CGTAGTATCCGTGGTG-1_1_2"
"1018","CGTAGTATCCTGTTGC-1_1_2"
"1019","CGTAGTATCTTAAGGC-1_1_2"
"1020","CGTCAAAAGCCTCTTC-1_1_2"
"1021","CGTCAAAAGGGATCAC-1_1_2"
"1022","CGTCCATAGCCTTTCC-1_1_2"
"1023","CGTCCATAGGAACATT-1_1_2"
"1024","CGTCCATAGGGACACT-1_1_2"
"1025","CGTCCATTCTTCGCTG-1_1_2"
"1026","CGTGAATGTTCTTGCC-1_1_2"
"1027","CGTGAATGTTGCGTAT-1_1_2"
"1028","CGTGAATTCGTGTTCC-1_1_2"
"1029","CGTGATACACCCTTGT-1_1_2"
"1030","CGTGATACAGGCATTT-1_1_2"
"1031","CGTGATACAGTCAGAG-1_1_2"
"1032","CGTGCTTGTATCAAGA-1_1_2"
"1033","CGTGCTTGTTGTCATG-1_1_2"
"1034","CGTGCTTTCAGACCCG-1_1_2"
"1035","CGTGCTTTCCAATGCA-1_1_2"
"1036","CGTGCTTTCTGTGCAA-1_1_2"
"1037","CGTGTCTCAGAGTGAC-1_1_2"
"1038","CGTGTCTCATTCATCT-1_1_2"
"1039","CGTTAGACACTGGAAG-1_1_2"
"1040","CGTTAGAGTTGTTGTG-1_1_2"
"1041","CGTTCTGCAGACAAAT-1_1_2"
"1042","CGTTCTGGTACCCACG-1_1_2"
"1043","CGTTCTGGTTGACTGT-1_1_2"
"1044","CGTTCTGTCCACTTTA-1_1_2"
"1045","CGTTGGGAGATGGCGT-1_1_2"
"1046","CGTTGGGCATGACTGT-1_1_2"
"1047","CGTTGGGTCTCGCGTT-1_1_2"
"1048","CGTTGGGTCTTACGGA-1_1_2"
"1049","CTAACCCCAAGAGGTC-1_1_2"
"1050","CTAACCCCATCGCTAA-1_1_2"
"1051","CTAACCCTCCATCTGC-1_1_2"
"1052","CTAACTTAGTAGCTCT-1_1_2"
"1053","CTAACTTCAAGTCCCG-1_1_2"
"1054","CTAACTTCAGACATCT-1_1_2"
"1055","CTAAGTGCACCCTGTT-1_1_2"
"1056","CTAAGTGGTATCCCAA-1_1_2"
"1057","CTAAGTGGTTACCTTT-1_1_2"
"1058","CTACAGACAACTCCAA-1_1_2"
"1059","CTACAGATCTCCCAAC-1_1_2"
"1060","CTACATTAGCTACGTT-1_1_2"
"1061","CTACCCAAGCCTCAAT-1_1_2"
"1062","CTACCTGGTCCGTACG-1_1_2"
"1063","CTACGGGCAAGAATGT-1_1_2"
"1064","CTACGGGGTTACCCAA-1_1_2"
"1065","CTACGGGGTTGCTGAT-1_1_2"
"1066","CTACGGGTCCCATTTA-1_1_2"
"1067","CTACTATAGCACGGAT-1_1_2"
"1068","CTAGACAAGACACACG-1_1_2"
"1069","CTAGACAAGTCGTCTA-1_1_2"
"1070","CTAGACAGTGCATTAC-1_1_2"
"1071","CTAGGTAGTACGATGG-1_1_2"
"1072","CTAGGTAGTTCGATTG-1_1_2"
"1073","CTAGGTATCGGAAACG-1_1_2"
"1074","CTATAGGAGTGCTACT-1_1_2"
"1075","CTATAGGCATGTGTCA-1_1_2"
"1076","CTATAGGTCGAAGAAT-1_1_2"
"1077","CTATCCGTCGTAACCA-1_1_2"
"1078","CTATCTAAGTCGGGAT-1_1_2"
"1079","CTATCTATCTTACCGC-1_1_2"
"1080","CTCAACCCAACCTATG-1_1_2"
"1081","CTCAACCCATTGACCA-1_1_2"
"1082","CTCAACCTCCAGCAAT-1_1_2"
"1083","CTCAACCTCCATAAGC-1_1_2"
"1084","CTCAAGATCGACGACC-1_1_2"
"1085","CTCAATTCAACAAAGT-1_1_2"
"1086","CTCAATTCAAGATGGC-1_1_2"
"1087","CTCAATTCAGAAGCTG-1_1_2"
"1088","CTCACTGAGAGGCGGA-1_1_2"
"1089","CTCACTGCATGACAAA-1_1_2"
"1090","CTCACTGGTGAGGCAT-1_1_2"
"1091","CTCACTGTCTCCCTAG-1_1_2"
"1092","CTCAGAACACCAGACC-1_1_2"
"1093","CTCAGAACAGTCGGTC-1_1_2"
"1094","CTCAGAACATTACTCT-1_1_2"
"1095","CTCAGGGCAGGCACTC-1_1_2"
"1096","CTCAGGGTCGTCAGAT-1_1_2"
"1097","CTCAGTCCAAGAAACT-1_1_2"
"1098","CTCAGTCCACCATTCC-1_1_2"
"1099","CTCAGTCGTAGAATAC-1_1_2"
"1100","CTCAGTCGTTCTCCCA-1_1_2"
"1101","CTCAGTCGTTGCATGT-1_1_2"
"1102","CTCAGTCTCGAGCACC-1_1_2"
"1103","CTCATCGAGATGGTCG-1_1_2"
"1104","CTCATCGAGTCATCGT-1_1_2"
"1105","CTCATCGCATCTCCCA-1_1_2"
"1106","CTCATCGGTGTTAGCT-1_1_2"
"1107","CTCATGCCAAGTGGGT-1_1_2"
"1108","CTCATGCGTCCCAAAT-1_1_2"
"1109","CTCATTAGTGTTAAAG-1_1_2"
"1110","CTCATTATCACCCATC-1_1_2"
"1111","CTCATTATCGTAGTCA-1_1_2"
"1112","CTCATTATCTCGCTCA-1_1_2"
"1113","CTCCAACGTGATTAGA-1_1_2"
"1114","CTCCACACACACGTGC-1_1_2"
"1115","CTCCACATCGTAGTGT-1_1_2"
"1116","CTCCATGCAGCCTATA-1_1_2"
"1117","CTCCATGGTCGGTACC-1_1_2"
"1118","CTCCATGGTGCCCACA-1_1_2"
"1119","CTCCATGTCCGAGCTG-1_1_2"
"1120","CTCCCAATCTAGGAAA-1_1_2"
"1121","CTCCCTCAGCCGAATG-1_1_2"
"1122","CTCCCTCTCAAGTTGC-1_1_2"
"1123","CTCCGATCACTAGGTT-1_1_2"
"1124","CTCCGATGTTGGATCT-1_1_2"
"1125","CTCCTTTAGATAACGT-1_1_2"
"1126","CTCCTTTAGCCGAATG-1_1_2"
"1127","CTCCTTTTCTACGCAA-1_1_2"
"1128","CTCGAGGCAACTCCAA-1_1_2"
"1129","CTCGAGGCACTGTCCT-1_1_2"
"1130","CTCTCAGCAAACGTGG-1_1_2"
"1131","CTCTCAGCAACGGGTA-1_1_2"
"1132","CTCTCAGCAAGCGCTC-1_1_2"
"1133","CTCTCAGCATATAGCC-1_1_2"
"1134","CTCTCAGTCACTACTT-1_1_2"
"1135","CTCTCGAAGATCGCCC-1_1_2"
"1136","CTCTCGAAGGTAGTCG-1_1_2"
"1137","CTCTCGATCAATCGGT-1_1_2"
"1138","CTCTCGATCCTTATAC-1_1_2"
"1139","CTCTGGTGTAGTGGCA-1_1_2"
"1140","CTCTGGTGTCGTACAT-1_1_2"
"1141","CTCTGGTTCAAATGAG-1_1_2"
"1142","CTCTGGTTCCGCGGAT-1_1_2"
"1143","CTGAATGAGTGCAACG-1_1_2"
"1144","CTGAATGCAAACTAGA-1_1_2"
"1145","CTGAATGCACAACCGC-1_1_2"
"1146","CTGAATGGTAAGGAGA-1_1_2"
"1147","CTGAGCGAGACCAAAT-1_1_2"
"1148","CTGAGCGAGTCGGGAT-1_1_2"
"1149","CTGAGCGCACCTCTGT-1_1_2"
"1150","CTGATCCAGTAAACTG-1_1_2"
"1151","CTGCAGGGTATGGGAC-1_1_2"
"1152","CTGCAGGTCGCTGATA-1_1_2"
"1153","CTGCATCCAAGGAGTC-1_1_2"
"1154","CTGCATCTCGCCGTGA-1_1_2"
"1155","CTGCATCTCTTCGGAA-1_1_2"
"1156","CTGCCATAGGATGCGT-1_1_2"
"1157","CTGCCATCACCTGTCT-1_1_2"
"1158","CTGCCATCACTACACA-1_1_2"
"1159","CTGCCTAAGGTCGAGT-1_1_2"
"1160","CTGCCTACAAAGCGTG-1_1_2"
"1161","CTGCCTACACAGCCTG-1_1_2"
"1162","CTGCCTATCTGGTTGA-1_1_2"
"1163","CTGCGAGAGAACGTGC-1_1_2"
"1164","CTGCGAGCACAGTGTT-1_1_2"
"1165","CTGCGAGGTCTGCAAT-1_1_2"
"1166","CTGCGAGGTGCCTGCA-1_1_2"
"1167","CTGCGAGGTGTTATCG-1_1_2"
"1168","CTGCTCAAGTGATCGG-1_1_2"
"1169","CTGCTCAAGTGGTGGT-1_1_2"
"1170","CTGCTCAGTTCCGCAG-1_1_2"
"1171","CTGGACGTCGCATAGT-1_1_2"
"1172","CTGGCAGCAAGTTGGG-1_1_2"
"1173","CTGGCAGCATCCGATA-1_1_2"
"1174","CTGGCAGGTACATTGC-1_1_2"
"1175","CTGGTCTCAGGCGAAT-1_1_2"
"1176","CTGGTCTCATGGCGCT-1_1_2"
"1177","CTGGTCTCATGGCTGC-1_1_2"
"1178","CTGGTCTTCGTCCTCA-1_1_2"
"1179","CTGTACCGTCCGTACG-1_1_2"
"1180","CTGTACCGTTCATCGA-1_1_2"
"1181","CTGTACCTCCCTATTA-1_1_2"
"1182","CTGTAGAGTAGAATAC-1_1_2"
"1183","CTGTAGAGTAGTATAG-1_1_2"
"1184","CTGTATTCAATTAGGA-1_1_2"
"1185","CTGTATTCAATTGCAC-1_1_2"
"1186","CTGTATTGTCCACAGC-1_1_2"
"1187","CTGTATTTCAATGCAC-1_1_2"
"1188","CTGTATTTCAGGTGTT-1_1_2"
"1189","CTGTATTTCCTCTAAT-1_1_2"
"1190","CTGTCGTAGAATTTGG-1_1_2"
"1191","CTGTCGTAGTGGTGGT-1_1_2"
"1192","CTGTCGTGTTCGGCCA-1_1_2"
"1193","CTGTCGTGTTTGGCTA-1_1_2"
"1194","CTGTCGTTCGGTGTAT-1_1_2"
"1195","CTGTGAATCCACAAGT-1_1_2"
"1196","CTGTGGGAGACCAGAC-1_1_2"
"1197","CTGTGGGAGCTAAGTA-1_1_2"
"1198","CTGTGGGGTTACGCCG-1_1_2"
"1199","CTTACCGAGCGAATGC-1_1_2"
"1200","CTTACCGGTGCGGCTT-1_1_2"
"1201","CTTAGGAAGCTTACGT-1_1_2"
"1202","CTTAGGAGTTGGCCGT-1_1_2"
"1203","CTTAGGATCATCACAG-1_1_2"
"1204","CTTAGGATCCAGTACA-1_1_2"
"1205","CTTCAATAGGCCTTCG-1_1_2"
"1206","CTTCAATGTTAATGAG-1_1_2"
"1207","CTTCAATGTTGCAACT-1_1_2"
"1208","CTTCAATTCCAACCAA-1_1_2"
"1209","CTTCCGAGTAGCTTGT-1_1_2"
"1210","CTTCCGATCAAACGAA-1_1_2"
"1211","CTTCCGATCGTGGACC-1_1_2"
"1212","CTTCCTTAGAGAGCGG-1_1_2"
"1213","CTTCCTTCACTCACTC-1_1_2"
"1214","CTTCCTTTCGGAGCAA-1_1_2"
"1215","CTTCGGTAGATGAACT-1_1_2"
"1216","CTTCGGTAGGAAAGAC-1_1_2"
"1217","CTTCGGTGTACGACTT-1_1_2"
"1218","CTTCGGTGTTCCAGGC-1_1_2"
"1219","CTTCTAAAGTGCAGCA-1_1_2"
"1220","CTTCTAAAGTTAACAG-1_1_2"
"1221","CTTCTCTCACACGGAA-1_1_2"
"1222","CTTCTCTCAGGACTTT-1_1_2"
"1223","CTTCTCTTCGTCCTCA-1_1_2"
"1224","CTTGAGAGTGAACCGA-1_1_2"
"1225","CTTGAGAGTTGGTACT-1_1_2"
"1226","CTTTCGGCATCGATAC-1_1_2"
"1227","CTTTCGGGTACGTGAG-1_1_2"
"1228","CTTTCGGTCATTCATC-1_1_2"
"1229","GAAACCTAGAGAGTGA-1_1_2"
"1230","GAAATGAGTGAGCCAA-1_1_2"
"1231","GAACACTAGATGCTGG-1_1_2"
"1232","GAACACTAGTGGACTG-1_1_2"
"1233","GAACACTTCGTTCTCG-1_1_2"
"1234","GAACGTTCACTTTATC-1_1_2"
"1235","GAACGTTGTACAAAGT-1_1_2"
"1236","GAACTGTGTCCGTACG-1_1_2"
"1237","GAACTGTTCCTTATGT-1_1_2"
"1238","GAAGAATGTAGTACGG-1_1_2"
"1239","GAAGAATGTGCCTTCT-1_1_2"
"1240","GAAGCCCGTCGCACGT-1_1_2"
"1241","GAAGCCCGTTCCGCGA-1_1_2"
"1242","GAAGCGACACATTACG-1_1_2"
"1243","GAAGCGAGTTTGGCTA-1_1_2"
"1244","GAAGCGATCATTCATC-1_1_2"
"1245","GAAGCGATCTCATGCC-1_1_2"
"1246","GAAGGACAGGAGCAAA-1_1_2"
"1247","GAAGGACAGTTGGCGA-1_1_2"
"1248","GAAGGACCAGGGTCTC-1_1_2"
"1249","GAAGGACTCAAGCCTA-1_1_2"
"1250","GAAGGACTCAGGAAGC-1_1_2"
"1251","GAAGGGTAGCCTGCCA-1_1_2"
"1252","GAAGGGTCATCCGCGA-1_1_2"
"1253","GAAGGGTTCTGTCTCG-1_1_2"
"1254","GAAGTAAAGACCCTTA-1_1_2"
"1255","GAAGTAACAAATGATG-1_1_2"
"1256","GAAGTAACAGCGCGTT-1_1_2"
"1257","GAAGTAATCGGCGATC-1_1_2"
"1258","GAATAGAAGCACCCAC-1_1_2"
"1259","GAATAGAGTACAGAAT-1_1_2"
"1260","GAATAGAGTTTCGATG-1_1_2"
"1261","GAATCACAGCTAAATG-1_1_2"
"1262","GAATCACAGTAAACGT-1_1_2"
"1263","GAATCACTCGGTCGGT-1_1_2"
"1264","GAATCGTAGAGCCGAT-1_1_2"
"1265","GAATCGTCAAGCCCAC-1_1_2"
"1266","GAATCGTGTCCCGCAA-1_1_2"
"1267","GAATCGTTCGACGCTG-1_1_2"
"1268","GACACGCAGGCCTAAG-1_1_2"
"1269","GACACGCCATAGATCC-1_1_2"
"1270","GACAGCCCACATTCGA-1_1_2"
"1271","GACATCACAGCTCTGG-1_1_2"
"1272","GACATCAGTCCCGCAA-1_1_2"
"1273","GACATCATCATTTGCT-1_1_2"
"1274","GACCAATCACCCTGAG-1_1_2"
"1275","GACCAATGTCAAGTTC-1_1_2"
"1276","GACCAATGTGCTGCAC-1_1_2"
"1277","GACCCTTCATTCCTAT-1_1_2"
"1278","GACCCTTGTTGTGCCG-1_1_2"
"1279","GACCGTGAGTTTGCTG-1_1_2"
"1280","GACCGTGGTGTCTTCC-1_1_2"
"1281","GACCTTCCAAGACCGA-1_1_2"
"1282","GACCTTCCACCCTTAC-1_1_2"
"1283","GACGCTGAGGACAAGA-1_1_2"
"1284","GACGCTGAGTAAACTG-1_1_2"
"1285","GACGCTGTCACCCTCA-1_1_2"
"1286","GACGCTGTCCCGAATA-1_1_2"
"1287","GACGCTGTCTCAGAAC-1_1_2"
"1288","GACGCTGTCTGTTCAT-1_1_2"
"1289","GACGTTACAGTTTCAG-1_1_2"
"1290","GACTATGAGAGCAACC-1_1_2"
"1291","GACTATGAGATGAAGG-1_1_2"
"1292","GACTATGTCTGAGTCA-1_1_2"
"1293","GACTCTCCAGCATGCC-1_1_2"
"1294","GACTCTCCATGTCGTA-1_1_2"
"1295","GACTCTCGTATGGGAC-1_1_2"
"1296","GACTCTCGTGCCAAGA-1_1_2"
"1297","GACTGATAGATACGAT-1_1_2"
"1298","GACTGATGTAGCTGTT-1_1_2"
"1299","GACTGATTCATGCGGC-1_1_2"
"1300","GACTTCCCAAATCAGA-1_1_2"
"1301","GACTTCCCAAGTCATC-1_1_2"
"1302","GACTTCCGTACTCGCG-1_1_2"
"1303","GAGAAATCACCGAATT-1_1_2"
"1304","GAGAAATGTCCTTTGC-1_1_2"
"1305","GAGAAATGTTACCTGA-1_1_2"
"1306","GAGAAATTCAGCTTCC-1_1_2"
"1307","GAGAAATTCGCCACTT-1_1_2"
"1308","GAGACCCCACAAAGCG-1_1_2"
"1309","GAGACCCGTGAATTGA-1_1_2"
"1310","GAGACCCGTGGAAATT-1_1_2"
"1311","GAGACCCGTGGAACAC-1_1_2"
"1312","GAGACTTAGGAAGTAG-1_1_2"
"1313","GAGACTTAGGAGCTGT-1_1_2"
"1314","GAGACTTTCGCCTTTG-1_1_2"
"1315","GAGAGGTAGAATCGTA-1_1_2"
"1316","GAGAGGTAGGTGCCAA-1_1_2"
"1317","GAGAGGTCACAGTCCG-1_1_2"
"1318","GAGAGGTCATAGTCGT-1_1_2"
"1319","GAGATGGCAACAGCTT-1_1_2"
"1320","GAGATGGCATCACGGC-1_1_2"
"1321","GAGATGGTCATCACTT-1_1_2"
"1322","GAGATGGTCATCCCGT-1_1_2"
"1323","GAGCCTGAGCTTCATG-1_1_2"
"1324","GAGCCTGGTGTTCCAA-1_1_2"
"1325","GAGCTGCAGAGAGCCT-1_1_2"
"1326","GAGCTGCTCTGCGGAC-1_1_2"
"1327","GAGGCAACAATGGCAG-1_1_2"
"1328","GAGGCAACAGTGGGTA-1_1_2"
"1329","GAGGCAAGTAGACAAT-1_1_2"
"1330","GAGGCAATCTCGGTAA-1_1_2"
"1331","GAGGCCTAGTAAGGGA-1_1_2"
"1332","GAGGCCTGTACTTGTG-1_1_2"
"1333","GAGGCCTGTGAGATCG-1_1_2"
"1334","GAGGCCTTCGCTAGCG-1_1_2"
"1335","GAGGGATAGGGCCCTT-1_1_2"
"1336","GAGGGATCAAGTATCC-1_1_2"
"1337","GAGGGATTCCGCACTT-1_1_2"
"1338","GAGGGATTCTATCACT-1_1_2"
"1339","GAGGGTAAGACTTCCA-1_1_2"
"1340","GAGGGTACACACGCCA-1_1_2"
"1341","GAGGGTACACTCAGAT-1_1_2"
"1342","GAGGGTAGTCCAGTTA-1_1_2"
"1343","GAGGGTAGTGTATCCA-1_1_2"
"1344","GAGTCATAGATGCCGA-1_1_2"
"1345","GAGTCATAGCGACATG-1_1_2"
"1346","GAGTCATCAGCGAACA-1_1_2"
"1347","GAGTCTACAAGATTGA-1_1_2"
"1348","GAGTCTATCTTAAGGC-1_1_2"
"1349","GAGTGAGAGAGTAACT-1_1_2"
"1350","GAGTGAGGTATCTTCT-1_1_2"
"1351","GAGTGTTCAAGGTCTT-1_1_2"
"1352","GAGTGTTCAGCTATAC-1_1_2"
"1353","GAGTGTTGTGGGTCAA-1_1_2"
"1354","GAGTTACAGATACATG-1_1_2"
"1355","GAGTTGTTCCATAGAC-1_1_2"
"1356","GAGTTGTTCCGTAGGC-1_1_2"
"1357","GAGTTTGAGGTGATCG-1_1_2"
"1358","GAGTTTGCAAGGCGTA-1_1_2"
"1359","GATAGAAAGTGGATAT-1_1_2"
"1360","GATAGAAGTATACGGG-1_1_2"
"1361","GATAGCTCAGACGGAT-1_1_2"
"1362","GATAGCTTCAAAGGAT-1_1_2"
"1363","GATCACAAGGTTCTTG-1_1_2"
"1364","GATCACAAGTTTCGAC-1_1_2"
"1365","GATCACATCCACTGAA-1_1_2"
"1366","GATCAGTAGCTCTTCC-1_1_2"
"1367","GATCAGTAGTCATAGA-1_1_2"
"1368","GATCATGCATCTCATT-1_1_2"
"1369","GATCATGGTCACGTGC-1_1_2"
"1370","GATCATGTCGCCTCTA-1_1_2"
"1371","GATCCCTAGCGACTTT-1_1_2"
"1372","GATCCCTCACAGCTTA-1_1_2"
"1373","GATCCCTCATCCGGCA-1_1_2"
"1374","GATCCCTTCTGCTCTG-1_1_2"
"1375","GATCGTAAGTAGCATA-1_1_2"
"1376","GATCGTAGTTAACCTG-1_1_2"
"1377","GATGACTGTTGCATTG-1_1_2"
"1378","GATGAGGTCGCTGTTC-1_1_2"
"1379","GATGATCGTCTAATCG-1_1_2"
"1380","GATGATCTCGAGTGGA-1_1_2"
"1381","GATGCTACAGTATACC-1_1_2"
"1382","GATGCTAGTCAGACGA-1_1_2"
"1383","GATGGAGAGAAGCCAC-1_1_2"
"1384","GATGGAGCAGCTCATA-1_1_2"
"1385","GATGGAGCAGGATTCT-1_1_2"
"1386","GATGGAGTCACCTGGG-1_1_2"
"1387","GATGGAGTCGCTGATA-1_1_2"
"1388","GATGTTGAGATTGGGC-1_1_2"
"1389","GATGTTGGTCTCGACG-1_1_2"
"1390","GATTCGACATTACGGT-1_1_2"
"1391","GATTCTTAGCTTAGTC-1_1_2"
"1392","GATTCTTGTCCCACGA-1_1_2"
"1393","GATTGGTAGACGCCCT-1_1_2"
"1394","GATTGGTAGATGGTAT-1_1_2"
"1395","GATTGGTCACCCAATA-1_1_2"
"1396","GATTGGTTCTCTGACC-1_1_2"
"1397","GATTTCTGTGTAGCAG-1_1_2"
"1398","GCAACATAGTGCGTCC-1_1_2"
"1399","GCAACATCAAGCCATT-1_1_2"
"1400","GCAACATGTCAGGAGT-1_1_2"
"1401","GCAACATTCTCTCTAA-1_1_2"
"1402","GCAACCGAGTGCAACG-1_1_2"
"1403","GCAACCGTCTCTAAGG-1_1_2"
"1404","GCAACCGTCTGAGATC-1_1_2"
"1405","GCACATACAATGAAAC-1_1_2"
"1406","GCACATATCATTTACC-1_1_2"
"1407","GCACATATCCGTTGGG-1_1_2"
"1408","GCACGGTCAGTAGATA-1_1_2"
"1409","GCACGTGGTTAGGCCC-1_1_2"
"1410","GCACTAAAGGGACAGG-1_1_2"
"1411","GCACTAATCCTGCTAC-1_1_2"
"1412","GCAGCCACACACGCCA-1_1_2"
"1413","GCAGCCATCGCTCATC-1_1_2"
"1414","GCAGCTGAGGCTGAAC-1_1_2"
"1415","GCAGCTGGTACACGCC-1_1_2"
"1416","GCAGCTGGTTGCGTAT-1_1_2"
"1417","GCAGCTGTCACAGTGT-1_1_2"
"1418","GCAGCTGTCACTTTGT-1_1_2"
"1419","GCAGGCTAGGCTTTCA-1_1_2"
"1420","GCAGGCTTCGGAATTC-1_1_2"
"1421","GCAGGCTTCGTAGAGG-1_1_2"
"1422","GCATCGGGTGACAACG-1_1_2"
"1423","GCATCGGGTTCATCTT-1_1_2"
"1424","GCATCGGTCACCGGGT-1_1_2"
"1425","GCATCGGTCCTATGGA-1_1_2"
"1426","GCATCGGTCGGAGTAG-1_1_2"
"1427","GCATCTCGTCGCAGTC-1_1_2"
"1428","GCATCTCGTGATTCAC-1_1_2"
"1429","GCATGATAGAAGCGCT-1_1_2"
"1430","GCATGATAGCTAGATA-1_1_2"
"1431","GCCAACGCAAAGGAGA-1_1_2"
"1432","GCCAACGGTACAGAAT-1_1_2"
"1433","GCCAACGGTTAGGCTT-1_1_2"
"1434","GCCAACGTCGGACCAC-1_1_2"
"1435","GCCAGCAAGTAGAATC-1_1_2"
"1436","GCCAGCACACGCCACA-1_1_2"
"1437","GCCAGCAGTAGAGCTG-1_1_2"
"1438","GCCAGCAGTTGTATGC-1_1_2"
"1439","GCCAGCATCGGCATTA-1_1_2"
"1440","GCCAGGTCATTGACTG-1_1_2"
"1441","GCCAGGTGTGCTCGTG-1_1_2"
"1442","GCCAGTGAGTCATGAA-1_1_2"
"1443","GCCAGTGCACTGCTTC-1_1_2"
"1444","GCCAGTGCATCATTTC-1_1_2"
"1445","GCCATGGAGTCTTGGT-1_1_2"
"1446","GCCATTCAGAGGACTC-1_1_2"
"1447","GCCATTCCACCAGCTG-1_1_2"
"1448","GCCATTCCACTGGAAG-1_1_2"
"1449","GCCATTCGTGGTCCCA-1_1_2"
"1450","GCCATTCGTTACCTGA-1_1_2"
"1451","GCCATTCGTTCACGAT-1_1_2"
"1452","GCCCAGAAGCTCGACC-1_1_2"
"1453","GCCCAGACACCAGCCA-1_1_2"
"1454","GCCCAGATCAAGAAAC-1_1_2"
"1455","GCCCAGATCAAGCTTG-1_1_2"
"1456","GCCCAGATCCTGTTGC-1_1_2"
"1457","GCCCAGATCGGCAGTC-1_1_2"
"1458","GCCCGAATCCCTTGGT-1_1_2"
"1459","GCCCGAATCTAGGAAA-1_1_2"
"1460","GCCGATGAGCCAAGCA-1_1_2"
"1461","GCCGATGCACATGACT-1_1_2"
"1462","GCCGATGCACTTCATT-1_1_2"
"1463","GCCGATGGTCGGTAAG-1_1_2"
"1464","GCCGTGAAGCAAGTCG-1_1_2"
"1465","GCCGTGACATGATGCT-1_1_2"
"1466","GCCGTGATCGATCCCT-1_1_2"
"1467","GCCTGTTAGGGCCTCT-1_1_2"
"1468","GCCTGTTGTGCTCTTC-1_1_2"
"1469","GCCTGTTTCAACGAGG-1_1_2"
"1470","GCCTGTTTCATTACGG-1_1_2"
"1471","GCGAGAACAAGTGTCT-1_1_2"
"1472","GCGAGAAGTTATGACC-1_1_2"
"1473","GCGAGAATCACATACG-1_1_2"
"1474","GCGATCGAGATTTGCC-1_1_2"
"1475","GCGATCGGTCGTGGAA-1_1_2"
"1476","GCGGAAAAGCTGCGAA-1_1_2"
"1477","GCGGAAACACCCTAAA-1_1_2"
"1478","GCGGATCAGTCACACT-1_1_2"
"1479","GCGGATCCACACGTGC-1_1_2"
"1480","GCGGATCGTAGCTTTG-1_1_2"
"1481","GCGGATCGTAGGTGCA-1_1_2"
"1482","GCGGATCGTGTCATGT-1_1_2"
"1483","GCGGATCTCGCCAGAC-1_1_2"
"1484","GCGTGCAAGCCTATCA-1_1_2"
"1485","GCGTGCAAGGGCAGAG-1_1_2"
"1486","GCGTGCACAAGAGTAT-1_1_2"
"1487","GCGTGCAGTACTCCCT-1_1_2"
"1488","GCGTGCAGTATTCTCT-1_1_2"
"1489","GCGTGCAGTTGTAGCT-1_1_2"
"1490","GCGTGCATCCGTAATG-1_1_2"
"1491","GCGTGCATCCGTGCGA-1_1_2"
"1492","GCGTTTCGTATCCTCC-1_1_2"
"1493","GCGTTTCTCGGAGCAA-1_1_2"
"1494","GCTACAATCCATGCAA-1_1_2"
"1495","GCTACCTAGCATCAAA-1_1_2"
"1496","GCTACCTAGTAACCGG-1_1_2"
"1497","GCTACCTGTAATACCC-1_1_2"
"1498","GCTCAAACAGCTGCCA-1_1_2"
"1499","GCTCAAACAGGAGGAG-1_1_2"
"1500","GCTCAAAGTACAGAAT-1_1_2"
"1501","GCTCAAAGTCGGCTAC-1_1_2"
"1502","GCTGAATAGGGATGTC-1_1_2"
"1503","GCTGAATCATCTTAGG-1_1_2"
"1504","GCTGAATGTCTTCATT-1_1_2"
"1505","GCTGCAGTCTCAATCT-1_1_2"
"1506","GCTGGGTAGGTAAGTT-1_1_2"
"1507","GCTGGGTTCCACTGGG-1_1_2"
"1508","GCTGGGTTCTCTGAGA-1_1_2"
"1509","GCTTCACAGAGGACTC-1_1_2"
"1510","GCTTCACTCTGGTGCG-1_1_2"
"1511","GCTTCACTCTTCACAT-1_1_2"
"1512","GCTTGGGGTGTCATCA-1_1_2"
"1513","GCTTTCGTCATCACTT-1_1_2"
"1514","GCTTTCGTCCTACGAA-1_1_2"
"1515","GGAACCCAGTCGGGAT-1_1_2"
"1516","GGAACCCTCGTCTCAC-1_1_2"
"1517","GGAAGTGCATCTAGAC-1_1_2"
"1518","GGAAGTGTCCGGCAAC-1_1_2"
"1519","GGAATCTCATCCGCGA-1_1_2"
"1520","GGAATCTGTGTCACAT-1_1_2"
"1521","GGAATGGTCCGGTTCT-1_1_2"
"1522","GGACGTCCAAAGGAGA-1_1_2"
"1523","GGACGTCCAAGAGTGC-1_1_2"
"1524","GGAGAACTCGAATGCT-1_1_2"
"1525","GGAGATGAGCTAATGA-1_1_2"
"1526","GGAGATGCAGGAGGAG-1_1_2"
"1527","GGAGGTAAGCGTGCTC-1_1_2"
"1528","GGAGGTAAGGGTATAT-1_1_2"
"1529","GGATCTAGTCAGATTC-1_1_2"
"1530","GGATGTTAGTTACTCG-1_1_2"
"1531","GGATGTTAGTTGCTCA-1_1_2"
"1532","GGATGTTGTGCCAAGA-1_1_2"
"1533","GGATGTTTCTCATGCC-1_1_2"
"1534","GGATGTTTCTCCTGCA-1_1_2"
"1535","GGCACGTCATGTTCGA-1_1_2"
"1536","GGCACGTCATTGAAAG-1_1_2"
"1537","GGCACGTGTTCTAAGC-1_1_2"
"1538","GGCAGTCTCCCAGCGA-1_1_2"
"1539","GGCGTCAAGATAGGGA-1_1_2"
"1540","GGCGTCAAGATGTTGA-1_1_2"
"1541","GGCGTCACAGCTCTGG-1_1_2"
"1542","GGCGTCATCCTACACC-1_1_2"
"1543","GGCGTCATCTTTGCTA-1_1_2"
"1544","GGCTGTGCATGTTACG-1_1_2"
"1545","GGCTGTGGTTAAGGGC-1_1_2"
"1546","GGCTGTGTCATTCGTT-1_1_2"
"1547","GGCTTGGCAGTCGGAA-1_1_2"
"1548","GGCTTGGTCAAACTGC-1_1_2"
"1549","GGCTTTCCAATTGAAG-1_1_2"
"1550","GGCTTTCCATACCAGT-1_1_2"
"1551","GGCTTTCCATGGTACT-1_1_2"
"1552","GGCTTTCTCACTGTCC-1_1_2"
"1553","GGCTTTCTCCCTTCCC-1_1_2"
"1554","GGCTTTCTCCGTTGAA-1_1_2"
"1555","GGGAAGTAGCACTCAT-1_1_2"
"1556","GGGAAGTCAGGTATGG-1_1_2"
"1557","GGGACAACACGTACTA-1_1_2"
"1558","GGGACAAGTAATGCGG-1_1_2"
"1559","GGGACAATCTCGAACA-1_1_2"
"1560","GGGACCTCATAGCACT-1_1_2"
"1561","GGGACCTTCATACAGC-1_1_2"
"1562","GGGACTCAGGTGCCAA-1_1_2"
"1563","GGGACTCGTCCACGCA-1_1_2"
"1564","GGGACTCGTGATACCT-1_1_2"
"1565","GGGAGATAGTCATAGA-1_1_2"
"1566","GGGAGATCACTTCATT-1_1_2"
"1567","GGGAGATTCATCACTT-1_1_2"
"1568","GGGAGTAGTACTTGTG-1_1_2"
"1569","GGGATCCAGAGTGTGC-1_1_2"
"1570","GGGATCCGTTGCCGCA-1_1_2"
"1571","GGGATCCTCTAAGAAG-1_1_2"
"1572","GGGATGACACAGTACT-1_1_2"
"1573","GGGATGACAGGAGACT-1_1_2"
"1574","GGGCCATTCGTTCCCA-1_1_2"
"1575","GGGCCATTCTCCGAGG-1_1_2"
"1576","GGGCGTTAGAAGTCCG-1_1_2"
"1577","GGGCGTTCAATTGCTG-1_1_2"
"1578","GGGCTACAGTAGTCTC-1_1_2"
"1579","GGGCTACTCGCTCCTA-1_1_2"
"1580","GGGCTCAAGGAACGCT-1_1_2"
"1581","GGGCTCAGTGTGCTTA-1_1_2"
"1582","GGGCTCATCTGCCTGT-1_1_2"
"1583","GGGTAGAAGATCACTC-1_1_2"
"1584","GGGTAGAGTACACGCC-1_1_2"
"1585","GGGTAGATCAACGCTA-1_1_2"
"1586","GGGTAGATCAGAACCT-1_1_2"
"1587","GGGTATTAGGTCCCGT-1_1_2"
"1588","GGGTATTGTATCACGT-1_1_2"
"1589","GGGTATTGTCGTCATA-1_1_2"
"1590","GGGTATTGTTCATCTT-1_1_2"
"1591","GGGTATTGTTCCCACT-1_1_2"
"1592","GGGTCACAGGTCCTGC-1_1_2"
"1593","GGGTCACAGGTTTACC-1_1_2"
"1594","GGGTCACGTAGTCGGA-1_1_2"
"1595","GGGTCACGTGTGGACA-1_1_2"
"1596","GGGTCTGAGATACCAA-1_1_2"
"1597","GGGTCTGGTCCTCCAT-1_1_2"
"1598","GGGTCTGGTGCATACT-1_1_2"
"1599","GGGTCTGTCTGTCTCG-1_1_2"
"1600","GGGTGAAAGTACCCTA-1_1_2"
"1601","GGGTGAACAGTCTCTC-1_1_2"
"1602","GGGTGAACATAGCTGT-1_1_2"
"1603","GGGTGAAGTCACATTG-1_1_2"
"1604","GGGTGAATCTATGCCC-1_1_2"
"1605","GGGTGTCGTTTACTGG-1_1_2"
"1606","GGGTTATAGCACTAGG-1_1_2"
"1607","GGGTTATCACCCTTAC-1_1_2"
"1608","GGGTTATCACCGTCTT-1_1_2"
"1609","GGGTTATGTACAAGTA-1_1_2"
"1610","GGGTTATGTAGTTCCA-1_1_2"
"1611","GGGTTATGTGTTCAGT-1_1_2"
"1612","GGGTTTAAGAGGTCAC-1_1_2"
"1613","GGGTTTACAATAACGA-1_1_2"
"1614","GGTAACTCATTCAGGT-1_1_2"
"1615","GGTAACTGTCATAAAG-1_1_2"
"1616","GGTAACTGTCGCACGT-1_1_2"
"1617","GGTAACTGTCTTCATT-1_1_2"
"1618","GGTAATCCAGTTAGAA-1_1_2"
"1619","GGTAGAGGTTCTCTCG-1_1_2"
"1620","GGTAGAGTCGAGAATA-1_1_2"
"1621","GGTCACGAGTGGCCTC-1_1_2"
"1622","GGTCACGCATCTTAGG-1_1_2"
"1623","GGTCACGTCATCCTAT-1_1_2"
"1624","GGTCTGGCACCTCTAC-1_1_2"
"1625","GGTGAAGTCAAGTTGC-1_1_2"
"1626","GGTGAAGTCAGAGTTC-1_1_2"
"1627","GGTGATTAGCCTATTG-1_1_2"
"1628","GGTGATTCACGTCTCT-1_1_2"
"1629","GGTGATTCAGTCGAGA-1_1_2"
"1630","GGTGGCTAGGAACGAA-1_1_2"
"1631","GGTGTCGAGCTCCACG-1_1_2"
"1632","GGTGTCGAGGTTATAG-1_1_2"
"1633","GGTGTCGCACACCTTC-1_1_2"
"1634","GGTGTCGTCCTCTCGA-1_1_2"
"1635","GGTGTTACACAAACGG-1_1_2"
"1636","GGTGTTACACATGAAA-1_1_2"
"1637","GGTGTTACACGGAAGT-1_1_2"
"1638","GGTGTTAGTATTTCCT-1_1_2"
"1639","GGTGTTATCCATCCGT-1_1_2"
"1640","GGTTAACAGGCGATAC-1_1_2"
"1641","GGTTAACTCACGTCCT-1_1_2"
"1642","GGTTCTCAGGTCGTAG-1_1_2"
"1643","GGTTCTCAGTCTTGGT-1_1_2"
"1644","GGTTCTCGTACGTTCA-1_1_2"
"1645","GGTTGTAAGATGGGCT-1_1_2"
"1646","GGTTGTACAGCGTGAA-1_1_2"
"1647","GGTTGTACATCGTCCT-1_1_2"
"1648","GTAACACAGACGTCCC-1_1_2"
"1649","GTAACACCAAACCGGA-1_1_2"
"1650","GTAACACGTAAGATAC-1_1_2"
"1651","GTAACACTCCTGGTCT-1_1_2"
"1652","GTAACCAAGAAGTGTT-1_1_2"
"1653","GTAACCAAGCAATAGT-1_1_2"
"1654","GTAACCAGTAGGCAAC-1_1_2"
"1655","GTAACCAGTTATTCTC-1_1_2"
"1656","GTAACCATCCCTAGGG-1_1_2"
"1657","GTAAGTCCATCCTTGC-1_1_2"
"1658","GTAAGTCTCTCTTAAC-1_1_2"
"1659","GTAATCGGTCATACCA-1_1_2"
"1660","GTAATCGTCCATAGGT-1_1_2"
"1661","GTAATGCAGATAACAC-1_1_2"
"1662","GTAATGCAGGAACTAT-1_1_2"
"1663","GTACAACAGCAATTAG-1_1_2"
"1664","GTACAGTGTGGACAGT-1_1_2"
"1665","GTACAGTTCATTGTGG-1_1_2"
"1666","GTAGAAAAGCCGTAAG-1_1_2"
"1667","GTAGAAAAGTAAAGCT-1_1_2"
"1668","GTAGAAACACTCACTC-1_1_2"
"1669","GTAGAAAGTCTAACTG-1_1_2"
"1670","GTAGAAAGTGGTCAAG-1_1_2"
"1671","GTAGAGGGTACTCGAT-1_1_2"
"1672","GTAGAGGTCAAACTGC-1_1_2"
"1673","GTAGATCAGCGTGAGT-1_1_2"
"1674","GTAGATCCAAATTAGG-1_1_2"
"1675","GTAGATCGTGTTCATG-1_1_2"
"1676","GTAGATCTCTTACGGA-1_1_2"
"1677","GTAGCTACAGAATGTA-1_1_2"
"1678","GTAGCTAGTCTAACTG-1_1_2"
"1679","GTAGGAGCAAAGGCGT-1_1_2"
"1680","GTAGGAGCAGCGTACC-1_1_2"
"1681","GTAGGAGCATCCTGTC-1_1_2"
"1682","GTAGGAGGTACTGCCG-1_1_2"
"1683","GTAGGAGGTCCGGTCA-1_1_2"
"1684","GTAGGAGTCAGCTGAT-1_1_2"
"1685","GTAGGTTGTGGTGATG-1_1_2"
"1686","GTAGGTTGTTTGCAGT-1_1_2"
"1687","GTAGGTTTCGCGCTGA-1_1_2"
"1688","GTAGTACGTAGGTAGC-1_1_2"
"1689","GTAGTACTCAGTGTGT-1_1_2"
"1690","GTATTGGTCTGAGGTT-1_1_2"
"1691","GTATTTCGTAGTGATA-1_1_2"
"1692","GTATTTCTCTTACCAT-1_1_2"
"1693","GTCAAACCAGGAATAT-1_1_2"
"1694","GTCAAACTCGTAGTCA-1_1_2"
"1695","GTCAAGTGTTTGCAGT-1_1_2"
"1696","GTCAAGTTCGTGCATA-1_1_2"
"1697","GTCACGGTCCGAAGGA-1_1_2"
"1698","GTCACTCAGGTACCTT-1_1_2"
"1699","GTCACTCAGTACGTCT-1_1_2"
"1700","GTCACTCAGTTGCCCG-1_1_2"
"1701","GTCACTCGTGAGATCG-1_1_2"
"1702","GTCACTCGTGATACTC-1_1_2"
"1703","GTCACTCGTTCGTAAC-1_1_2"
"1704","GTCAGCGTCCTTCTGG-1_1_2"
"1705","GTCATCCAGCGATGAC-1_1_2"
"1706","GTCATCCCAGCGACAA-1_1_2"
"1707","GTCATCCGTGATAGAT-1_1_2"
"1708","GTCATGACAATACGCT-1_1_2"
"1709","GTCATGACAGGTCCCA-1_1_2"
"1710","GTCATGAGTGAGAACC-1_1_2"
"1711","GTCATTTCATTGGATC-1_1_2"
"1712","GTCCACTCACATATGC-1_1_2"
"1713","GTCCACTCACGACAAG-1_1_2"
"1714","GTCCACTGTAGTCTGT-1_1_2"
"1715","GTCCCATGTCCAGCCA-1_1_2"
"1716","GTCCCATTCACCCTTG-1_1_2"
"1717","GTCCCATTCATGTCTT-1_1_2"
"1718","GTCCTCAGTTATTCTC-1_1_2"
"1719","GTCCTCATCAATGTCG-1_1_2"
"1720","GTCCTCATCGGATACT-1_1_2"
"1721","GTCGAATAGGTAATCA-1_1_2"
"1722","GTCGAATGTCACATTG-1_1_2"
"1723","GTCGCGACAAAGGCTG-1_1_2"
"1724","GTCGCGACACAATGCT-1_1_2"
"1725","GTCGCGACAGTTAGGG-1_1_2"
"1726","GTCGCGAGTTGGGATG-1_1_2"
"1727","GTCGCGATCTGTCGTC-1_1_2"
"1728","GTCGTAAAGACCATAA-1_1_2"
"1729","GTCGTAACACCCAAGC-1_1_2"
"1730","GTCGTAAGTTCTGACA-1_1_2"
"1731","GTCGTTCAGATGCAGC-1_1_2"
"1732","GTCGTTCCAAAGGATT-1_1_2"
"1733","GTCGTTCGTGGATGAC-1_1_2"
"1734","GTCGTTCTCCGTGCGA-1_1_2"
"1735","GTCTACCCACCCATAA-1_1_2"
"1736","GTCTACCTCCTTATGT-1_1_2"
"1737","GTCTAGACAGCAGTAG-1_1_2"
"1738","GTCTAGAGTAATTGGA-1_1_2"
"1739","GTCTAGAGTCGGTGTC-1_1_2"
"1740","GTCTCACAGCTGTGCC-1_1_2"
"1741","GTCTCACCAGCCTTCT-1_1_2"
"1742","GTCTCACGTGGAATGC-1_1_2"
"1743","GTCTGTCGTAATGCTC-1_1_2"
"1744","GTCTGTCTCAAGATAG-1_1_2"
"1745","GTCTGTCTCCCGAAAT-1_1_2"
"1746","GTCTTTAAGCGGTAGT-1_1_2"
"1747","GTGACGCAGTTGGAGC-1_1_2"
"1748","GTGACGCTCAAGCCTA-1_1_2"
"1749","GTGACGCTCTTCGGAA-1_1_2"
"1750","GTGAGCCGTACAAGTA-1_1_2"
"1751","GTGAGCCGTCTACGAT-1_1_2"
"1752","GTGAGCCTCACTCACC-1_1_2"
"1753","GTGAGGAAGACGACGT-1_1_2"
"1754","GTGAGGACACATCATG-1_1_2"
"1755","GTGAGGACATGGTGGA-1_1_2"
"1756","GTGAGTTAGTTGCCCG-1_1_2"
"1757","GTGAGTTAGTTGGGAC-1_1_2"
"1758","GTGCACGAGTCCTGCG-1_1_2"
"1759","GTGCACGAGTCGCGAA-1_1_2"
"1760","GTGCACGTCGTCCTTG-1_1_2"
"1761","GTGCAGCTCATGCCCT-1_1_2"
"1762","GTGCGTGCAGACGGAT-1_1_2"
"1763","GTGCGTGGTGCATTAC-1_1_2"
"1764","GTGCGTGTCGCGCTGA-1_1_2"
"1765","GTGCTGGCAATGCAGG-1_1_2"
"1766","GTGCTGGGTCCACTTC-1_1_2"
"1767","GTGCTTCAGAGTCAGC-1_1_2"
"1768","GTGCTTCCAATTGCAC-1_1_2"
"1769","GTGCTTCGTGCGGATA-1_1_2"
"1770","GTGCTTCTCCTAACAG-1_1_2"
"1771","GTGCTTCTCTGTTGGA-1_1_2"
"1772","GTGGAAGTCCGGACTG-1_1_2"
"1773","GTGGAGAAGGGTATAT-1_1_2"
"1774","GTGGAGACACCCATAA-1_1_2"
"1775","GTGGAGAGTTACGCCG-1_1_2"
"1776","GTGGAGATCACACGAT-1_1_2"
"1777","GTGGAGATCAGGTAAA-1_1_2"
"1778","GTGGAGATCCGTGTCT-1_1_2"
"1779","GTGGCGTGTTCAGCTA-1_1_2"
"1780","GTGTAACTCGCGTAGC-1_1_2"
"1781","GTGTCCTGTCAATCTG-1_1_2"
"1782","GTGTGGCCAATCTAGC-1_1_2"
"1783","GTGTGGCCAGGATCTT-1_1_2"
"1784","GTGTTAGGTTGCCGAC-1_1_2"
"1785","GTGTTCCAGAGAAGGT-1_1_2"
"1786","GTGTTCCCATGAATAG-1_1_2"
"1787","GTGTTCCCATGACGAG-1_1_2"
"1788","GTTACCCAGCCGAATG-1_1_2"
"1789","GTTACCCCATCATCCC-1_1_2"
"1790","GTTACCCGTCGTCAGC-1_1_2"
"1791","GTTACGAAGAAATCCA-1_1_2"
"1792","GTTACGAAGGGTAGCT-1_1_2"
"1793","GTTACGATCAAGCGTT-1_1_2"
"1794","GTTAGACAGCAACAGC-1_1_2"
"1795","GTTAGACCATACAGAA-1_1_2"
"1796","GTTAGACGTTAGGCCC-1_1_2"
"1797","GTTAGACTCCGATCTC-1_1_2"
"1798","GTTAGTGAGAAACCCG-1_1_2"
"1799","GTTAGTGAGTCCGTCG-1_1_2"
"1800","GTTAGTGCAGGTACGA-1_1_2"
"1801","GTTATGGCATGACGAG-1_1_2"
"1802","GTTCATTAGGATAATC-1_1_2"
"1803","GTTCATTTCCGAGAAG-1_1_2"
"1804","GTTCATTTCCGTGGGT-1_1_2"
"1805","GTTCCGTCAGATCACT-1_1_2"
"1806","GTTCCGTCATCGATCA-1_1_2"
"1807","GTTCCGTTCCCTCAAC-1_1_2"
"1808","GTTCGCTAGCATGCAG-1_1_2"
"1809","GTTCGCTGTCTTAGTG-1_1_2"
"1810","GTTCTATCACGAAGAC-1_1_2"
"1811","GTTCTATGTGGCCTCA-1_1_2"
"1812","GTTCTATGTTAGCGGA-1_1_2"
"1813","GTTGAACAGCGTCTCG-1_1_2"
"1814","GTTGAACCAAGTGCAG-1_1_2"
"1815","GTTGAACCAGGCATGA-1_1_2"
"1816","GTTGAACGTACGATTC-1_1_2"
"1817","GTTGAACGTGGATTTC-1_1_2"
"1818","GTTGAACTCAAAGCCT-1_1_2"
"1819","GTTGAACTCCTCACGT-1_1_2"
"1820","GTTGAACTCTGCGGGT-1_1_2"
"1821","GTTGCGGAGGACACTG-1_1_2"
"1822","GTTGCTCAGACCACGA-1_1_2"
"1823","GTTGCTCGTACGATGG-1_1_2"
"1824","GTTGCTCTCTATACGG-1_1_2"
"1825","GTTGTAGAGATAGCTA-1_1_2"
"1826","GTTGTAGCAAGACCGA-1_1_2"
"1827","GTTGTAGGTGGGATTG-1_1_2"
"1828","GTTGTAGTCAGGTAAA-1_1_2"
"1829","GTTGTAGTCATCGCCT-1_1_2"
"1830","GTTGTCCCATTCCTAT-1_1_2"
"1831","GTTGTCCGTACCTGTA-1_1_2"
"1832","GTTGTCCTCAAAGCCT-1_1_2"
"1833","GTTGTCCTCTCGACGG-1_1_2"
"1834","GTTGTGAAGAGTGAAG-1_1_2"
"1835","GTTGTGAAGCTCAGAG-1_1_2"
"1836","GTTGTGAGTAGCACGA-1_1_2"
"1837","GTTTACTAGGCCCACT-1_1_2"
"1838","GTTTACTTCAATCCAG-1_1_2"
"1839","TAACACGAGCTCGAAG-1_1_2"
"1840","TAACACGGTCTAGATC-1_1_2"
"1841","TAACCAGGTACGCGTC-1_1_2"
"1842","TAACCAGTCCGGCTTT-1_1_2"
"1843","TAACCAGTCGATACGT-1_1_2"
"1844","TAACGACAGCTTGTTG-1_1_2"
"1845","TAACGACAGTTGGCTT-1_1_2"
"1846","TAACGACCAGGCACTC-1_1_2"
"1847","TAACGACGTCGTTGCG-1_1_2"
"1848","TAACGACGTTAACCTG-1_1_2"
"1849","TAACGACTCAAACGAA-1_1_2"
"1850","TAACTTCAGACATGCG-1_1_2"
"1851","TAACTTCAGTCTTCGA-1_1_2"
"1852","TAACTTCGTTCGAACT-1_1_2"
"1853","TAACTTCTCGTCCTTG-1_1_2"
"1854","TAAGCACAGCTAGATA-1_1_2"
"1855","TAAGCACAGGATTTAG-1_1_2"
"1856","TAAGCACCAAACCATC-1_1_2"
"1857","TAAGCACGTCTCCTGT-1_1_2"
"1858","TAAGCCACATATGAAG-1_1_2"
"1859","TAAGCGTAGTTGCCCG-1_1_2"
"1860","TAAGCGTGTTCTTCAT-1_1_2"
"1861","TAAGTCGGTATGACAA-1_1_2"
"1862","TAATCTCAGATTGACA-1_1_2"
"1863","TAATCTCAGGCTAACG-1_1_2"
"1864","TAATCTCAGTAACGTA-1_1_2"
"1865","TAATCTCAGTTAGAAC-1_1_2"
"1866","TAATCTCTCCCGAAAT-1_1_2"
"1867","TAATTCCGTTTGCCGG-1_1_2"
"1868","TAATTCCTCTTCGATT-1_1_2"
"1869","TACAACGTCTGTCAGA-1_1_2"
"1870","TACACCCAGAAGCTCG-1_1_2"
"1871","TACACCCAGAAGGTAG-1_1_2"
"1872","TACACCCCAAGAAACT-1_1_2"
"1873","TACACCCGTGGGATTG-1_1_2"
"1874","TACACCCGTTCTCCAC-1_1_2"
"1875","TACAGGTAGAAGTCAT-1_1_2"
"1876","TACATTCAGCACCGAA-1_1_2"
"1877","TACATTCTCGCCGAAC-1_1_2"
"1878","TACATTCTCGGAGTGA-1_1_2"
"1879","TACATTCTCTGTGTGA-1_1_2"
"1880","TACCCACAGGGCTTCC-1_1_2"
"1881","TACCCACCAGGTCAGA-1_1_2"
"1882","TACCCACTCGATTGGT-1_1_2"
"1883","TACCCGTGTAAGATCA-1_1_2"
"1884","TACCCGTTCTGTCCCA-1_1_2"
"1885","TACCGAAAGCACTCCG-1_1_2"
"1886","TACCGAAAGGAACTAT-1_1_2"
"1887","TACCGAATCGTCTCAC-1_1_2"
"1888","TACCGGGGTCATATGC-1_1_2"
"1889","TACCGGGTCGGCGATC-1_1_2"
"1890","TACCTCGAGCCGCTTG-1_1_2"
"1891","TACCTCGCAACCGCTG-1_1_2"
"1892","TACCTCGGTACCTATG-1_1_2"
"1893","TACCTCGGTCGACGCT-1_1_2"
"1894","TACCTCGTCCTGGTCT-1_1_2"
"1895","TACCTGCCAAATGATG-1_1_2"
"1896","TACCTGCGTAGTCTGT-1_1_2"
"1897","TACCTGCGTCTGATCA-1_1_2"
"1898","TACCTGCTCGACCATA-1_1_2"
"1899","TACGCTCCACTGCGTG-1_1_2"
"1900","TACGGGCCACCGCTAG-1_1_2"
"1901","TACGGGCCATACTGTG-1_1_2"
"1902","TACGGGCGTATTGAGA-1_1_2"
"1903","TACGGTAAGATGTTGA-1_1_2"
"1904","TACGGTACAATAAGGT-1_1_2"
"1905","TACGGTATCCCGAATA-1_1_2"
"1906","TACGTCCGTTGTATGC-1_1_2"
"1907","TACGTCCTCATGCCAA-1_1_2"
"1908","TACTGCCTCCGACGGT-1_1_2"
"1909","TACTTACCAATAGTGA-1_1_2"
"1910","TACTTACCACCTATCC-1_1_2"
"1911","TACTTACCATGACACT-1_1_2"
"1912","TACTTACGTACCTTCC-1_1_2"
"1913","TACTTACTCTGCTAGA-1_1_2"
"1914","TACTTCAAGCTAATCC-1_1_2"
"1915","TACTTGTAGGATTTAG-1_1_2"
"1916","TACTTGTTCTAGTGAC-1_1_2"
"1917","TAGACCAGTCCATCTC-1_1_2"
"1918","TAGACTGAGAAGCCAC-1_1_2"
"1919","TAGACTGGTCATACCA-1_1_2"
"1920","TAGACTGGTTCTCGTC-1_1_2"
"1921","TAGAGTCCAGCGCGTT-1_1_2"
"1922","TAGAGTCCAGGTTCCG-1_1_2"
"1923","TAGATCGAGAGGTGCT-1_1_2"
"1924","TAGATCGTCAGCACCG-1_1_2"
"1925","TAGCACAAGTTCCGGC-1_1_2"
"1926","TAGCACAGTGAGATTA-1_1_2"
"1927","TAGCACATCAAGCCGC-1_1_2"
"1928","TAGGAGGCACCAACAT-1_1_2"
"1929","TAGGTACCAACCAATC-1_1_2"
"1930","TAGGTTGCATCAGCGC-1_1_2"
"1931","TAGTGCAGTAGTGATA-1_1_2"
"1932","TATACCTAGTCATCGT-1_1_2"
"1933","TATACCTCATATCTCT-1_1_2"
"1934","TATACCTGTGGCCACT-1_1_2"
"1935","TATACCTTCATCGTAG-1_1_2"
"1936","TATACCTTCGACCTAA-1_1_2"
"1937","TATATCCAGCCTCTCT-1_1_2"
"1938","TATCAGGAGCGTCAAG-1_1_2"
"1939","TATCAGGGTGTCTCCT-1_1_2"
"1940","TATCAGGTCGCAGATT-1_1_2"
"1941","TATCCTACATACACCA-1_1_2"
"1942","TATCGCCGTAGCGTCC-1_1_2"
"1943","TATCGCCTCAAGCCAT-1_1_2"
"1944","TATCGCCTCTCGTCGT-1_1_2"
"1945","TATCTGTCAACAAGAT-1_1_2"
"1946","TATCTGTGTGAACGGT-1_1_2"
"1947","TATCTGTTCGCCTATC-1_1_2"
"1948","TATCTGTTCTTGGGCG-1_1_2"
"1949","TATCTTGAGCGAATGC-1_1_2"
"1950","TATCTTGCAAAGCTAA-1_1_2"
"1951","TATCTTGCAAGGGCAT-1_1_2"
"1952","TATCTTGTCATGGGAG-1_1_2"
"1953","TATCTTGTCGGCAGTC-1_1_2"
"1954","TATGTTCAGGTTACAA-1_1_2"
"1955","TATTCCAGTAGCTTTG-1_1_2"
"1956","TATTCCAGTGAGCAGT-1_1_2"
"1957","TATTGCTCATCCTAAG-1_1_2"
"1958","TATTGCTGTGTATCCA-1_1_2"
"1959","TATTGCTGTGTTACAC-1_1_2"
"1960","TATTGCTGTTCAGCTA-1_1_2"
"1961","TATTGGGCACCTGCGA-1_1_2"
"1962","TATTGGGTCAGGTAAA-1_1_2"
"1963","TATTGGGTCGCGCTGA-1_1_2"
"1964","TATTGGGTCTGGGATT-1_1_2"
"1965","TATTTCGGTATCGTAC-1_1_2"
"1966","TATTTCGGTCAAGTTC-1_1_2"
"1967","TATTTCGTCCGTGCGA-1_1_2"
"1968","TATTTCGTCGATTTCT-1_1_2"
"1969","TCAAGACCAAGTTCCA-1_1_2"
"1970","TCAAGACCAGCTATAC-1_1_2"
"1971","TCAAGACGTCACTAGT-1_1_2"
"1972","TCAAGACGTGACTATC-1_1_2"
"1973","TCAAGACGTGATTAGA-1_1_2"
"1974","TCAAGCACAATTGCGT-1_1_2"
"1975","TCAAGCATCAACTGAC-1_1_2"
"1976","TCAAGTGTCACTGAAC-1_1_2"
"1977","TCAAGTGTCACTGGTA-1_1_2"
"1978","TCAATCTCACGAGGTA-1_1_2"
"1979","TCAATTCAGTTGAAAC-1_1_2"
"1980","TCAATTCCAGACGCTC-1_1_2"
"1981","TCAATTCGTTTACACG-1_1_2"
"1982","TCAATTCTCATCGTAG-1_1_2"
"1983","TCACAAGAGTGAATAC-1_1_2"
"1984","TCACAAGCATGACTAC-1_1_2"
"1985","TCACAAGGTAGCACAG-1_1_2"
"1986","TCACACCCAAAGCGTG-1_1_2"
"1987","TCACACCGTCATATGC-1_1_2"
"1988","TCACGCTGTGTGTACT-1_1_2"
"1989","TCACTATCATACAGAA-1_1_2"
"1990","TCACTCGGTATCAAGA-1_1_2"
"1991","TCAGCAAAGAGAGTTT-1_1_2"
"1992","TCAGCAAAGTCTACCA-1_1_2"
"1993","TCAGCAACAATCCTAG-1_1_2"
"1994","TCAGCCTGTTGTCTAG-1_1_2"
"1995","TCAGGGCAGTACTGTC-1_1_2"
"1996","TCAGGGCAGTTATGGA-1_1_2"
"1997","TCAGGGCCATAGGCGA-1_1_2"
"1998","TCAGGGCTCCAGCAAT-1_1_2"
"1999","TCAGTCCGTTAGGCTT-1_1_2"
"2000","TCAGTCCTCTCATGGA-1_1_2"
"2001","TCAGTGACACGCTATA-1_1_2"
"2002","TCAGTTTCAATTGGTC-1_1_2"
"2003","TCAGTTTCATGGTGGA-1_1_2"
"2004","TCAGTTTTCTGTCAGA-1_1_2"
"2005","TCATATCAGTCTCGTA-1_1_2"
"2006","TCATATCTCCTTCAGC-1_1_2"
"2007","TCATATCTCTCTATAC-1_1_2"
"2008","TCATGAGGTAGATCGG-1_1_2"
"2009","TCATGAGGTGGTTCTA-1_1_2"
"2010","TCATGAGTCACCGCTT-1_1_2"
"2011","TCATGCCCAATACGAA-1_1_2"
"2012","TCATGGATCATTGAGC-1_1_2"
"2013","TCATGGATCCTGTAAG-1_1_2"
"2014","TCATGGATCTTGCAAG-1_1_2"
"2015","TCATGTTAGACATGCG-1_1_2"
"2016","TCATGTTGTAGACTGG-1_1_2"
"2017","TCATGTTTCATGTCAG-1_1_2"
"2018","TCATTACAGTGTTCCA-1_1_2"
"2019","TCATTCAAGCTTCTAG-1_1_2"
"2020","TCATTCACAATTGCAC-1_1_2"
"2021","TCATTGTAGATTGGGC-1_1_2"
"2022","TCATTGTCAACACGAG-1_1_2"
"2023","TCATTGTCAAGTTCGT-1_1_2"
"2024","TCATTGTTCCATCACC-1_1_2"
"2025","TCATTGTTCGGCTGAC-1_1_2"
"2026","TCATTTGAGTCAGCGA-1_1_2"
"2027","TCCACCAAGAGTTGAT-1_1_2"
"2028","TCCACCAAGTGTAGAT-1_1_2"
"2029","TCCACCATCACAGTGT-1_1_2"
"2030","TCCACCATCTCTCGCA-1_1_2"
"2031","TCCACGTGTGCAAGAC-1_1_2"
"2032","TCCACGTGTGGAGGTT-1_1_2"
"2033","TCCACGTTCGCTTTAT-1_1_2"
"2034","TCCACGTTCTTACGTT-1_1_2"
"2035","TCCAGAAAGACCGTTT-1_1_2"
"2036","TCCAGAACAATTGGTC-1_1_2"
"2037","TCCAGAATCCACGTAA-1_1_2"
"2038","TCCATCGTCTCTCTAA-1_1_2"
"2039","TCCCACAAGATTGGGC-1_1_2"
"2040","TCCCACAAGGCTTTCA-1_1_2"
"2041","TCCCACAGTAACAAGT-1_1_2"
"2042","TCCCACATCGAGCCAC-1_1_2"
"2043","TCCCAGTCAAGGATGC-1_1_2"
"2044","TCCCAGTGTAGCTTGT-1_1_2"
"2045","TCCCAGTTCATTCACT-1_1_2"
"2046","TCCCATGAGCTATCTG-1_1_2"
"2047","TCCCATGAGGAGAGTA-1_1_2"
"2048","TCCGATCGTTGCATAC-1_1_2"
"2049","TCCGATCTCTTCTGTA-1_1_2"
"2050","TCCGGGACACTCAGAT-1_1_2"
"2051","TCCGGGAGTCAGTCGC-1_1_2"
"2052","TCCGTGTTCGAGAACG-1_1_2"
"2053","TCCTAATAGTGGCCTC-1_1_2"
"2054","TCCTAATGTGAATATG-1_1_2"
"2055","TCCTCCCTCGCTAGCG-1_1_2"
"2056","TCCTCGACAAGGCAAC-1_1_2"
"2057","TCCTCTTCAGACGGAT-1_1_2"
"2058","TCCTCTTGTGTTGACT-1_1_2"
"2059","TCCTCTTTCGGCTATA-1_1_2"
"2060","TCCTGCAAGCCTATTG-1_1_2"
"2061","TCCTGCACACCGTCGA-1_1_2"
"2062","TCCTTCTCAGCGCTTG-1_1_2"
"2063","TCCTTCTCATGACGGA-1_1_2"
"2064","TCCTTTCAGAGCTGCA-1_1_2"
"2065","TCCTTTCAGTAGGAAG-1_1_2"
"2066","TCCTTTCAGTGGTTCT-1_1_2"
"2067","TCCTTTCTCCCAAGCG-1_1_2"
"2068","TCCTTTCTCGTCACCT-1_1_2"
"2069","TCGAACACAGTCGCTG-1_1_2"
"2070","TCGAAGTAGAGAGGTA-1_1_2"
"2071","TCGAAGTGTCTAACTG-1_1_2"
"2072","TCGACCTTCGCAGTCG-1_1_2"
"2073","TCGACGGAGCATGCGA-1_1_2"
"2074","TCGACGGGTGGACTAG-1_1_2"
"2075","TCGACGGTCATTCTTG-1_1_2"
"2076","TCGATTTGTAATGATG-1_1_2"
"2077","TCGATTTGTCGATTTG-1_1_2"
"2078","TCGATTTGTGTAGCAG-1_1_2"
"2079","TCGATTTGTTTGCCGG-1_1_2"
"2080","TCGATTTTCCATTTAC-1_1_2"
"2081","TCGATTTTCTATACTC-1_1_2"
"2082","TCGCACTAGATCGCTT-1_1_2"
"2083","TCGCACTAGCAAGCCA-1_1_2"
"2084","TCGCACTGTGGCTGAA-1_1_2"
"2085","TCGCACTGTTCGTGCG-1_1_2"
"2086","TCGCAGGTCCATTGTT-1_1_2"
"2087","TCGCAGGTCGAAGGAC-1_1_2"
"2088","TCGCTCACAGAAGTTA-1_1_2"
"2089","TCGCTTGAGCCTAGGA-1_1_2"
"2090","TCGCTTGCAGCGTGCT-1_1_2"
"2091","TCGGGACAGGGATCAC-1_1_2"
"2092","TCGGGACAGGGTAATT-1_1_2"
"2093","TCGGGACCAGTCTACA-1_1_2"
"2094","TCGGGACGTACAGTAA-1_1_2"
"2095","TCGGGACTCACACCGG-1_1_2"
"2096","TCGGGACTCTGACGCG-1_1_2"
"2097","TCGGGCAAGCGTGCCT-1_1_2"
"2098","TCGGGCATCCTGTAAG-1_1_2"
"2099","TCGGGTGAGCCTATTG-1_1_2"
"2100","TCGGGTGAGTTCCATG-1_1_2"
"2101","TCGGGTGCAATACCTG-1_1_2"
"2102","TCGGTCTCACAAGCCC-1_1_2"
"2103","TCGGTCTCAGCACCCA-1_1_2"
"2104","TCGGTCTCATCTTAGG-1_1_2"
"2105","TCGGTCTTCCCTCATG-1_1_2"
"2106","TCGTAGAAGCTACAAA-1_1_2"
"2107","TCGTAGACATCGGAAG-1_1_2"
"2108","TCGTAGAGTCTTCTAT-1_1_2"
"2109","TCGTCCAAGTGAGGCT-1_1_2"
"2110","TCGTGCTCAGGGATAC-1_1_2"
"2111","TCGTGCTTCCTAGAGT-1_1_2"
"2112","TCGTGGGCACGTACAT-1_1_2"
"2113","TCGTGGGTCACTTGGA-1_1_2"
"2114","TCGTGGGTCCGTGCGA-1_1_2"
"2115","TCTAACTAGCTAAGTA-1_1_2"
"2116","TCTAACTAGGCCCGTT-1_1_2"
"2117","TCTAACTCAAAGGTTA-1_1_2"
"2118","TCTAACTCATTCAGGT-1_1_2"
"2119","TCTAACTTCATAGACC-1_1_2"
"2120","TCTACATAGCTCGAAG-1_1_2"
"2121","TCTACATTCAAGGACG-1_1_2"
"2122","TCTACATTCGGAACTT-1_1_2"
"2123","TCTACATTCGTTCAGA-1_1_2"
"2124","TCTACATTCGTTGTAG-1_1_2"
"2125","TCTACCGGTAGCGCTC-1_1_2"
"2126","TCTACCGGTATTGGCT-1_1_2"
"2127","TCTATACAGTAGTCCT-1_1_2"
"2128","TCTATACCACTAACGT-1_1_2"
"2129","TCTATACGTGCATACT-1_1_2"
"2130","TCTATACTCATTGCTT-1_1_2"
"2131","TCTATACTCCCAGGAC-1_1_2"
"2132","TCTATCAAGCTTAGTC-1_1_2"
"2133","TCTATCACAGAGGCTA-1_1_2"
"2134","TCTATCATCGACGTCG-1_1_2"
"2135","TCTATCATCGCCAACG-1_1_2"
"2136","TCTCACGAGGCCTAGA-1_1_2"
"2137","TCTCACGAGTAGTCTC-1_1_2"
"2138","TCTCACGCAGACCCGT-1_1_2"
"2139","TCTCACGCAGCCTATA-1_1_2"
"2140","TCTCAGCAGGGAGTGG-1_1_2"
"2141","TCTCAGCCACTAGTAC-1_1_2"
"2142","TCTCAGCGTGTTGCCG-1_1_2"
"2143","TCTCAGCTCTGCTTTA-1_1_2"
"2144","TCTCCGAAGCACAAAT-1_1_2"
"2145","TCTCCGAAGGCGACAT-1_1_2"
"2146","TCTCCGAGTTGGCCGT-1_1_2"
"2147","TCTCCGATCTCTCCGA-1_1_2"
"2148","TCTCTGGGTGACTCTA-1_1_2"
"2149","TCTCTGGGTTGCATTG-1_1_2"
"2150","TCTCTGGTCATGAGTC-1_1_2"
"2151","TCTCTGGTCATTGCTT-1_1_2"
"2152","TCTGCCAGTATTCCGA-1_1_2"
"2153","TCTGGCTAGCATGGGT-1_1_2"
"2154","TCTGGCTAGGGAGTGG-1_1_2"
"2155","TCTGGCTCAGACAATA-1_1_2"
"2156","TCTGGCTGTGGCGCTT-1_1_2"
"2157","TCTGTCGAGCTAGTTC-1_1_2"
"2158","TCTGTCGCAAAGACGC-1_1_2"
"2159","TCTGTCGGTCTGATAC-1_1_2"
"2160","TCTGTCGTCAGGACGA-1_1_2"
"2161","TCTTAGTGTACAGTCT-1_1_2"
"2162","TCTTAGTGTACGGATG-1_1_2"
"2163","TCTTAGTTCGACGTCG-1_1_2"
"2164","TCTTCCTAGCGCACAA-1_1_2"
"2165","TCTTCCTAGTGCCAGA-1_1_2"
"2166","TCTTCCTTCATGCCGG-1_1_2"
"2167","TCTTGCGAGCCTGAAG-1_1_2"
"2168","TCTTGCGAGGTAGACC-1_1_2"
"2169","TCTTGCGGTAGGAGTC-1_1_2"
"2170","TCTTGCGGTTGATGTC-1_1_2"
"2171","TCTTTGAAGATAGGGA-1_1_2"
"2172","TCTTTGAAGTCCGCGT-1_1_2"
"2173","TCTTTGACAGGTCTCG-1_1_2"
"2174","TCTTTGACAGTATTCG-1_1_2"
"2175","TGAACGTCACGGTCTG-1_1_2"
"2176","TGAACGTTCTAGGCCG-1_1_2"
"2177","TGAATGCAGTGGTTCT-1_1_2"
"2178","TGAATGCCAGAGGACT-1_1_2"
"2179","TGAATGCCATATACCG-1_1_2"
"2180","TGAATGCCATTGAAGA-1_1_2"
"2181","TGAATGCGTGTTAGCT-1_1_2"
"2182","TGAATGCGTTCGAAGG-1_1_2"
"2183","TGACAGTCACCCTAAA-1_1_2"
"2184","TGACAGTGTCTTTATC-1_1_2"
"2185","TGACAGTTCGCAGATT-1_1_2"
"2186","TGACCCTAGTAATTGG-1_1_2"
"2187","TGACCCTGTAGCTGTT-1_1_2"
"2188","TGACCCTTCCTCTCTT-1_1_2"
"2189","TGACGCGAGGCTTAGG-1_1_2"
"2190","TGACTCCAGCTGAAGC-1_1_2"
"2191","TGACTCCCAGGTAGTG-1_1_2"
"2192","TGACTCCCATTCCTCG-1_1_2"
"2193","TGACTCCTCCCAAGTA-1_1_2"
"2194","TGACTCCTCCGCTTAC-1_1_2"
"2195","TGAGACTTCGTGGGAA-1_1_2"
"2196","TGAGCATCAGTCCCGA-1_1_2"
"2197","TGAGCATTCTGGGCAC-1_1_2"
"2198","TGAGCGCAGGGTTAAT-1_1_2"
"2199","TGAGCGCGTATTCCTT-1_1_2"
"2200","TGAGGGAAGAAACCAT-1_1_2"
"2201","TGAGGTTAGGGTGAAA-1_1_2"
"2202","TGAGGTTAGTAGTGCG-1_1_2"
"2203","TGAGGTTCAACCTATG-1_1_2"
"2204","TGAGGTTGTTCCGTTC-1_1_2"
"2205","TGAGTCAAGAGTTGAT-1_1_2"
"2206","TGAGTCAAGTGGGAAA-1_1_2"
"2207","TGAGTCACAAACTGCT-1_1_2"
"2208","TGAGTCATCACTGTTT-1_1_2"
"2209","TGAGTCATCGTTGTAG-1_1_2"
"2210","TGAGTCATCTTCCGTG-1_1_2"
"2211","TGATCAGCACATGGTT-1_1_2"
"2212","TGATCAGCAGTCGGAA-1_1_2"
"2213","TGATCAGTCTTACCGC-1_1_2"
"2214","TGATCTTCACATAGCT-1_1_2"
"2215","TGATCTTTCGGTGTAT-1_1_2"
"2216","TGATCTTTCTTGTGCC-1_1_2"
"2217","TGATGCAGTTGTATGC-1_1_2"
"2218","TGATGCATCGCAAGAG-1_1_2"
"2219","TGATGGTGTTTGACAC-1_1_2"
"2220","TGATGGTTCGTCCATC-1_1_2"
"2221","TGATGGTTCTTGCGCT-1_1_2"
"2222","TGATTCTCACCGGTCA-1_1_2"
"2223","TGATTCTGTGAATGTA-1_1_2"
"2224","TGATTCTTCAGGACAG-1_1_2"
"2225","TGATTCTTCTACGGGC-1_1_2"
"2226","TGATTTCAGGTCGTGA-1_1_2"
"2227","TGATTTCCACACGTGC-1_1_2"
"2228","TGATTTCCACGTAGAG-1_1_2"
"2229","TGATTTCTCCATTGCC-1_1_2"
"2230","TGATTTCTCCCAACTC-1_1_2"
"2231","TGATTTCTCCGTTGGG-1_1_2"
"2232","TGATTTCTCTCGAGTA-1_1_2"
"2233","TGCACGGCACATTACG-1_1_2"
"2234","TGCACGGCAGCACCCA-1_1_2"
"2235","TGCACGGGTGTTAAAG-1_1_2"
"2236","TGCACGGTCATCAGTG-1_1_2"
"2237","TGCACGGTCCGTATGA-1_1_2"
"2238","TGCACGGTCGAGAACG-1_1_2"
"2239","TGCAGGCAGGTCCTGC-1_1_2"
"2240","TGCAGGCCATGAGAAT-1_1_2"
"2241","TGCAGGCGTCGCGTCA-1_1_2"
"2242","TGCAGGCTCAAATGAG-1_1_2"
"2243","TGCAGGCTCTCACCCA-1_1_2"
"2244","TGCAGTAGTCAGGCAA-1_1_2"
"2245","TGCAGTAGTGTCATTG-1_1_2"
"2246","TGCAGTATCAACCTTT-1_1_2"
"2247","TGCAGTATCACTACGA-1_1_2"
"2248","TGCAGTATCTGGGCGT-1_1_2"
"2249","TGCATCCAGTCGAATA-1_1_2"
"2250","TGCATCCCAGCGTGCT-1_1_2"
"2251","TGCATCCCATGGGAAC-1_1_2"
"2252","TGCATGACACTTGTGA-1_1_2"
"2253","TGCCGAGAGTTTGTCG-1_1_2"
"2254","TGCCGAGCAGCAAGAC-1_1_2"
"2255","TGCCGAGGTTTCGTTT-1_1_2"
"2256","TGCGACGAGAGTTGCG-1_1_2"
"2257","TGCGACGAGTTGCGCC-1_1_2"
"2258","TGCGACGCACGATAGG-1_1_2"
"2259","TGCGACGGTGAGCGAT-1_1_2"
"2260","TGCGATACAGGAGGAG-1_1_2"
"2261","TGCGATATCACTCTTA-1_1_2"
"2262","TGCGGCAAGCATGGGT-1_1_2"
"2263","TGCGGCAAGGATACAT-1_1_2"
"2264","TGCGGCAAGTTGCGAG-1_1_2"
"2265","TGCGGCACACACCTTC-1_1_2"
"2266","TGCGGCAGTAGATGTA-1_1_2"
"2267","TGCGGCATCACTTCTA-1_1_2"
"2268","TGCGGGTAGATCCGAG-1_1_2"
"2269","TGCGGGTAGCTACTAC-1_1_2"
"2270","TGCGGGTAGTGGATTA-1_1_2"
"2271","TGCGGGTCACTGCGAC-1_1_2"
"2272","TGCGGGTGTATGCAAA-1_1_2"
"2273","TGCGGGTGTGAAGCTG-1_1_2"
"2274","TGCGGGTTCACTGGGC-1_1_2"
"2275","TGCGGGTTCGGCTTGG-1_1_2"
"2276","TGCTCCACACGAGAAC-1_1_2"
"2277","TGCTCCACACGGCACT-1_1_2"
"2278","TGCTCGTAGTCGAGGT-1_1_2"
"2279","TGCTCGTCACACAGCC-1_1_2"
"2280","TGCTCGTGTACGTGAG-1_1_2"
"2281","TGCTGAAAGTCTCCTC-1_1_2"
"2282","TGCTGAAGTGTCCACG-1_1_2"
"2283","TGCTTCGAGTTAGTGA-1_1_2"
"2284","TGCTTGCAGGTCGCCT-1_1_2"
"2285","TGCTTGCCAGCGCTTG-1_1_2"
"2286","TGCTTGCTCCGGCAGT-1_1_2"
"2287","TGCTTGCTCTTCCCAG-1_1_2"
"2288","TGGAACTAGAACTCCT-1_1_2"
"2289","TGGAACTAGCAACCAG-1_1_2"
"2290","TGGAACTCATATGGCT-1_1_2"
"2291","TGGAACTTCCTGGGTG-1_1_2"
"2292","TGGAACTTCTCAATCT-1_1_2"
"2293","TGGAGAGAGTCATAGA-1_1_2"
"2294","TGGAGAGGTGGCATCC-1_1_2"
"2295","TGGAGGAAGAGGACTC-1_1_2"
"2296","TGGAGGAAGGCCTGCT-1_1_2"
"2297","TGGAGGAGTATAGCTC-1_1_2"
"2298","TGGAGGAGTCGACGCT-1_1_2"
"2299","TGGAGGATCGTTCTCG-1_1_2"
"2300","TGGATCAGTGAGGCAT-1_1_2"
"2301","TGGATCATCACCGCTT-1_1_2"
"2302","TGGATCATCCGGGACT-1_1_2"
"2303","TGGATGTCATAGGAGC-1_1_2"
"2304","TGGATGTCATGGATCT-1_1_2"
"2305","TGGCGTGCATTCTCTA-1_1_2"
"2306","TGGCGTGGTTGCCATA-1_1_2"
"2307","TGGCGTGTCGACGACC-1_1_2"
"2308","TGGGAAGAGAGTACCG-1_1_2"
"2309","TGGGAAGAGGAGACCT-1_1_2"
"2310","TGGGAAGGTATTGACC-1_1_2"
"2311","TGGGAAGTCGGAGCAA-1_1_2"
"2312","TGGGAGATCCGGGACT-1_1_2"
"2313","TGGGAGATCCTAGCCT-1_1_2"
"2314","TGGGATTTCTCTGACC-1_1_2"
"2315","TGGGCGTAGTAGCAAT-1_1_2"
"2316","TGGGCGTGTCTAATCG-1_1_2"
"2317","TGGGCTGAGTCTCGTA-1_1_2"
"2318","TGGGCTGTCGTTCTAT-1_1_2"
"2319","TGGGTTAAGCATGATA-1_1_2"
"2320","TGGGTTACAGTTGGTT-1_1_2"
"2321","TGGTACAGTGTATTGC-1_1_2"
"2322","TGGTACATCGTTCTCG-1_1_2"
"2323","TGGTGATGTAGGAGGG-1_1_2"
"2324","TGTAACGCAGTATGAA-1_1_2"
"2325","TGTAACGCATGGGCAA-1_1_2"
"2326","TGTAACGGTCAACATC-1_1_2"
"2327","TGTAACGTCTATACTC-1_1_2"
"2328","TGTAAGCGTATGGGAC-1_1_2"
"2329","TGTAAGCTCCGGGACT-1_1_2"
"2330","TGTAAGCTCTAAGAAG-1_1_2"
"2331","TGTACAGGTCCGTTTC-1_1_2"
"2332","TGTAGACAGGCATCGA-1_1_2"
"2333","TGTAGACAGGTAAGGA-1_1_2"
"2334","TGTAGACCAAGTGGTG-1_1_2"
"2335","TGTAGACCAGTCTGGC-1_1_2"
"2336","TGTCAGACAGATACTC-1_1_2"
"2337","TGTCAGAGTATGTGTC-1_1_2"
"2338","TGTCAGAGTCGAAACG-1_1_2"
"2339","TGTCCACAGTGTGTTC-1_1_2"
"2340","TGTCCACTCTATTGTC-1_1_2"
"2341","TGTCCCACACGATTCA-1_1_2"
"2342","TGTCCCACAGATTAAG-1_1_2"
"2343","TGTCCCATCTTGCAAG-1_1_2"
"2344","TGTCCTGAGATCACTC-1_1_2"
"2345","TGTCCTGAGCATCAAA-1_1_2"
"2346","TGTCCTGCAATAACGA-1_1_2"
"2347","TGTCCTGCAGACTCTA-1_1_2"
"2348","TGTCCTGGTGGGCTCT-1_1_2"
"2349","TGTGAGTAGTCCCGGT-1_1_2"
"2350","TGTGAGTCAGAGATGC-1_1_2"
"2351","TGTGAGTGTACCGCGT-1_1_2"
"2352","TGTGAGTTCATCGCTC-1_1_2"
"2353","TGTGATGAGGCATCAG-1_1_2"
"2354","TGTGATGGTTTACCTT-1_1_2"
"2355","TGTGATGTCCAGGACC-1_1_2"
"2356","TGTGATGTCTCGACGG-1_1_2"
"2357","TGTGCGGCACATGGTT-1_1_2"
"2358","TGTGCGGCAGGAAGTC-1_1_2"
"2359","TGTGCGGGTCTTTATC-1_1_2"
"2360","TGTGCGGGTGTCACAT-1_1_2"
"2361","TGTGCGGTCATCACAG-1_1_2"
"2362","TGTGCGGTCCAGGACC-1_1_2"
"2363","TGTGGCGAGTCATGCT-1_1_2"
"2364","TGTGGCGCACTTGAGT-1_1_2"
"2365","TGTGGCGGTATCAGGG-1_1_2"
"2366","TGTGGCGGTCAAATCC-1_1_2"
"2367","TGTGTGATCAACCGAT-1_1_2"
"2368","TGTTACTCAATGTCAC-1_1_2"
"2369","TGTTACTCAGGACTAG-1_1_2"
"2370","TGTTACTGTATCATGC-1_1_2"
"2371","TGTTCATGTCTTGCTC-1_1_2"
"2372","TGTTCTAGTTACACAC-1_1_2"
"2373","TGTTGAGAGACTTCAC-1_1_2"
"2374","TGTTGAGAGATCGGTG-1_1_2"
"2375","TGTTGAGGTCACGCTG-1_1_2"
"2376","TGTTGAGTCACTGGGC-1_1_2"
"2377","TGTTGGAAGGCACCAA-1_1_2"
"2378","TGTTGGACAACTAGAA-1_1_2"
"2379","TGTTGGACAGACTGCC-1_1_2"
"2380","TGTTGGAGTCGTTCAA-1_1_2"
"2381","TGTTGGATCGTCCTCA-1_1_2"
"2382","TGTTTGTTCGTCCATC-1_1_2"
"2383","TTAATCCAGAAGCCAC-1_1_2"
"2384","TTAATCCCAATACCCA-1_1_2"
"2385","TTACAGGAGAGTGGCT-1_1_2"
"2386","TTACAGGCACTCCGAG-1_1_2"
"2387","TTACCATCACCCTATC-1_1_2"
"2388","TTACCGCAGCCATATC-1_1_2"
"2389","TTACCGCAGGTCATTC-1_1_2"
"2390","TTACCGCGTAGGAGGG-1_1_2"
"2391","TTACCGCGTCTACAGT-1_1_2"
"2392","TTACGCCGTCAAGCGA-1_1_2"
"2393","TTACGCCGTGAATTGA-1_1_2"
"2394","TTACGCCTCCATACAG-1_1_2"
"2395","TTACGTTAGTCTAACC-1_1_2"
"2396","TTACGTTTCAGATTGC-1_1_2"
"2397","TTACTGTCACTTGTCC-1_1_2"
"2398","TTACTGTGTATGATCC-1_1_2"
"2399","TTAGGCAAGATCCCGC-1_1_2"
"2400","TTAGGCAAGATTAGTG-1_1_2"
"2401","TTAGGCAGTATTCCTT-1_1_2"
"2402","TTAGGGTAGGGTCTTT-1_1_2"
"2403","TTAGGGTCATCAGCAT-1_1_2"
"2404","TTAGGGTGTAACCAGG-1_1_2"
"2405","TTAGGGTTCAAAGGTA-1_1_2"
"2406","TTAGGGTTCTCTCTAA-1_1_2"
"2407","TTAGTCTAGTCACTCA-1_1_2"
"2408","TTAGTCTCATTGACCA-1_1_2"
"2409","TTAGTCTGTCACAGAG-1_1_2"
"2410","TTAGTCTTCACGAACT-1_1_2"
"2411","TTATTGCAGCATCTTG-1_1_2"
"2412","TTATTGCCATTCCTAT-1_1_2"
"2413","TTATTGCGTCCTGGGT-1_1_2"
"2414","TTCAATCCATTGGATC-1_1_2"
"2415","TTCAATCTCAATCGGT-1_1_2"
"2416","TTCACCGGTTGGTGTT-1_1_2"
"2417","TTCACCGTCGATCCAA-1_1_2"
"2418","TTCACGCGTGATATAG-1_1_2"
"2419","TTCACGCTCAGTCCGG-1_1_2"
"2420","TTCACGCTCGTAGCCG-1_1_2"
"2421","TTCACGCTCTAGCCAA-1_1_2"
"2422","TTCAGGAAGAGGGTGG-1_1_2"
"2423","TTCAGGAAGTGTTCCA-1_1_2"
"2424","TTCAGGAGTAAGTTGA-1_1_2"
"2425","TTCAGGATCAGCTAGT-1_1_2"
"2426","TTCATGTAGCCTATCA-1_1_2"
"2427","TTCATGTGTCCCAAAT-1_1_2"
"2428","TTCATGTGTGTTACTG-1_1_2"
"2429","TTCATGTTCCATTTGT-1_1_2"
"2430","TTCCAATAGTTGGAAT-1_1_2"
"2431","TTCCAATTCCCATTCG-1_1_2"
"2432","TTCCAATTCGGTAACT-1_1_2"
"2433","TTCCACGCAACACGAG-1_1_2"
"2434","TTCCGGTTCGAGTACT-1_1_2"
"2435","TTCCGTGAGCGTCAGA-1_1_2"
"2436","TTCCGTGAGTCATGCT-1_1_2"
"2437","TTCCGTGCAGCACGAA-1_1_2"
"2438","TTCCTAACACGGCGTT-1_1_2"
"2439","TTCCTCTCACTCAGAT-1_1_2"
"2440","TTCCTCTTCTTCGTAT-1_1_2"
"2441","TTCCTTCAGAGCCATG-1_1_2"
"2442","TTCCTTCAGTGCTCAT-1_1_2"
"2443","TTCCTTCGTTGCTCAA-1_1_2"
"2444","TTCGATTGTACGATGG-1_1_2"
"2445","TTCGATTGTCTATGAC-1_1_2"
"2446","TTCGATTTCCGATAGT-1_1_2"
"2447","TTCGCTGAGAGGTCGT-1_1_2"
"2448","TTCGCTGCAAAGCTCT-1_1_2"
"2449","TTCGCTGGTGGGCTTC-1_1_2"
"2450","TTCGCTGGTGTTACAC-1_1_2"
"2451","TTCGGTCAGACATGCG-1_1_2"
"2452","TTCGGTCAGCTTAGTC-1_1_2"
"2453","TTCGGTCCAAATTGCC-1_1_2"
"2454","TTCGGTCTCACATTGG-1_1_2"
"2455","TTCTAGTAGATCCGAG-1_1_2"
"2456","TTCTAGTAGGAGGCAG-1_1_2"
"2457","TTCTAGTAGGTAACTA-1_1_2"
"2458","TTCTAGTCACAAGGTG-1_1_2"
"2459","TTCTCTCTCCTACGAA-1_1_2"
"2460","TTCTCTCTCGAGCTGC-1_1_2"
"2461","TTCTGTAAGCGATGAC-1_1_2"
"2462","TTCTGTAAGCTCATAC-1_1_2"
"2463","TTCTGTACAAGCAATA-1_1_2"
"2464","TTCTGTATCACATCAG-1_1_2"
"2465","TTCTGTATCCAGCTCT-1_1_2"
"2466","TTCTTGACAATCAAGA-1_1_2"
"2467","TTCTTGATCCCATAGA-1_1_2"
"2468","TTCTTGATCGGTGCAC-1_1_2"
"2469","TTGAACGAGTATTAGG-1_1_2"
"2470","TTGAACGGTATCAGCT-1_1_2"
"2471","TTGAACGGTTAGGGTG-1_1_2"
"2472","TTGAACGTCTTTCAGT-1_1_2"
"2473","TTGACCCCACGACCTG-1_1_2"
"2474","TTGACCCTCATTTCCA-1_1_2"
"2475","TTGAGTGAGGCTCACC-1_1_2"
"2476","TTGAGTGCACTTGTGA-1_1_2"
"2477","TTGAGTGGTCCTGGTG-1_1_2"
"2478","TTGAGTGTCTTAAGGC-1_1_2"
"2479","TTGATGGAGACAACAT-1_1_2"
"2480","TTGATGGGTACGACTT-1_1_2"
"2481","TTGATGGGTAGTGTGG-1_1_2"
"2482","TTGATGGGTTGGACCC-1_1_2"
"2483","TTGATGGTCATTGCTT-1_1_2"
"2484","TTGCATTAGACGACGT-1_1_2"
"2485","TTGCATTAGGGTTTCT-1_1_2"
"2486","TTGCATTAGTGCAACG-1_1_2"
"2487","TTGCATTCAGCGGTCT-1_1_2"
"2488","TTGCATTGTTACGGAG-1_1_2"
"2489","TTGCATTGTTGTCATG-1_1_2"
"2490","TTGCATTTCCATAGGT-1_1_2"
"2491","TTGCCTGAGTCTTGGT-1_1_2"
"2492","TTGCCTGCATGGGATG-1_1_2"
"2493","TTGCGTCGTCCCTGAG-1_1_2"
"2494","TTGCGTCTCCGATAAC-1_1_2"
"2495","TTGCGTCTCTGGGATT-1_1_2"
"2496","TTGCTGCAGTCTCCTC-1_1_2"
"2497","TTGCTGCGTAACTGCT-1_1_2"
"2498","TTGCTGCGTGTACGCC-1_1_2"
"2499","TTGCTGCTCATACGAC-1_1_2"
"2500","TTGCTGCTCCAAAGGG-1_1_2"
"2501","TTGGATGCAATGCAGG-1_1_2"
"2502","TTGGATGCATAATCGC-1_1_2"
"2503","TTGGATGGTCCCGCAA-1_1_2"
"2504","TTGGATGGTCTACTGA-1_1_2"
"2505","TTGGATGTCATCACCC-1_1_2"
"2506","TTGGGATAGTGTTCCA-1_1_2"
"2507","TTGGGATGTAAGTTAG-1_1_2"
"2508","TTGGGATTCAGTGTTG-1_1_2"
"2509","TTGGGATTCCCGAACG-1_1_2"
"2510","TTGGGATTCGATGGAG-1_1_2"
"2511","TTGGGCGCAACCGTAT-1_1_2"
"2512","TTGGGCGGTCGAACAG-1_1_2"
"2513","TTGGGCGGTTCTCCAC-1_1_2"
"2514","TTGGGTAAGGTTCTTG-1_1_2"
"2515","TTGGGTAAGTAACCTC-1_1_2"
"2516","TTGGGTAAGTGTTCAC-1_1_2"
"2517","TTGGGTACAATCCTTT-1_1_2"
"2518","TTGGGTACACCATAAC-1_1_2"
"2519","TTGGTTTAGGTGTGAC-1_1_2"
"2520","TTGGTTTCATAGGTAA-1_1_2"
"2521","TTGTGGAGTCGTTATG-1_1_2"
"2522","TTGTGGATCAATGTCG-1_1_2"
"2523","TTGTGTTAGAGCCGAT-1_1_2"
"2524","TTGTGTTAGGAACGCT-1_1_2"
"2525","TTGTGTTCACCCTAGG-1_1_2"
"2526","TTGTGTTTCCCAACTC-1_1_2"
"2527","TTGTTCAAGGAAACGA-1_1_2"
"2528","TTGTTCATCACTGGTA-1_1_2"
"2529","TTGTTCATCAGACATC-1_1_2"
"2530","TTGTTGTAGTCGCCAC-1_1_2"
"2531","TTGTTGTCATTCGATG-1_1_2"
"2532","TTGTTGTGTGACGTCC-1_1_2"
"2533","TTGTTGTTCATACGAC-1_1_2"
"2534","TTGTTTGAGCTGAGTG-1_1_2"
"2535","TTGTTTGAGTGTAGTA-1_1_2"
"2536","TTGTTTGGTTTGAACC-1_1_2"
"2537","TTTACCATCTTTGGAG-1_1_2"
"2538","TTTACGTAGTATCCTG-1_1_2"
"2539","TTTACGTGTGTGAGCA-1_1_2"
"2540","TTTACTGAGACTTAAG-1_1_2"
"2541","TTTACTGAGCGTCTGC-1_1_2"
"2542","TTTACTGAGTAACAGT-1_1_2"
"2543","TTTACTGCATCTCGTC-1_1_2"
"2544","TTTAGTCAGCTGAAAT-1_1_2"
"2545","TTTAGTCCAAAGCACG-1_1_2"
"2546","TTTAGTCGTGAGAGGG-1_1_2"
"2547","TTTAGTCTCTGGTGGC-1_1_2"
"2548","TTTATGCAGCTAAATG-1_1_2"
"2549","TTTCACACATAGGAGC-1_1_2"
"2550","TTTCACAGTGGTCAAG-1_1_2"
"2551","TTTCAGTAGAGGGTCT-1_1_2"
"2552","TTTCAGTCAGTTGTCA-1_1_2"
"2553","TTTCATGTCGAGTGAG-1_1_2"
"2554","TTTCCTCCACCGTACG-1_1_2"
"2555","TTTCCTCTCGTTAGAC-1_1_2"
"2556","TTTCGATTCTGTACAG-1_1_2"
"2557","TTTGACTCAAATCAGA-1_1_2"
"2558","TTTGACTGTAGTCCTA-1_1_2"
"2559","TTTGATCAGTTAGAAC-1_1_2"
"2560","TTTGATCCAAGACCGA-1_1_2"
"2561","TTTGATCCACTGGACC-1_1_2"
"2562","TTTGATCGTAGCGATG-1_1_2"
"2563","TTTGATCGTTCAAGTC-1_1_2"
"2564","TTTGGAGAGGAAGTAG-1_1_2"
"2565","TTTGGAGGTAGATTAG-1_1_2"
"2566","TTTGGAGGTGTCATGT-1_1_2"
"2567","TTTGGTTGTATTGGCT-1_1_2"
"2568","TTTGGTTTCATTTGCT-1_1_2"
"2569","TTTGGTTTCCTTCACG-1_1_2"
"2570","TTTGGTTTCTGAGCAT-1_1_2"
"2571","TTTGTTGAGATCCAAA-1_1_2"
"2572","TTTGTTGAGCCGAATG-1_1_2"
"2573","TTTGTTGCAGGCGATA-1_1_2"
