"","x"
"1","AAACCCAAGTTGCTCA-1_3_1"
"2","AAACCCACATATGCGT-1_3_1"
"3","AAACCCAGTTGCCGCA-1_3_1"
"4","AAACCCATCAACTTTC-1_3_1"
"5","AAACCCATCGGACAAG-1_3_1"
"6","AAACGAATCCAAAGGG-1_3_1"
"7","AAACGAATCGGTATGT-1_3_1"
"8","AAACGAATCTGAGATC-1_3_1"
"9","AAACGCTCAAGGACAC-1_3_1"
"10","AAACGCTGTACAGTCT-1_3_1"
"11","AAACGCTGTGAATATG-1_3_1"
"12","AAACGCTTCCCTCAAC-1_3_1"
"13","AAAGAACAGTAGATCA-1_3_1"
"14","AAAGAACCAACGACTT-1_3_1"
"15","AAAGAACGTCCTCATC-1_3_1"
"16","AAAGAACGTCGCACAC-1_3_1"
"17","AAAGAACGTTTCCAAG-1_3_1"
"18","AAAGGATGTACGATGG-1_3_1"
"19","AAAGGGCCAGCAGTGA-1_3_1"
"20","AAAGGGCCAGTTAAAG-1_3_1"
"21","AAAGTGAAGACCACGA-1_3_1"
"22","AAAGTGAGTAGCGAGT-1_3_1"
"23","AAATGGATCGGAGTAG-1_3_1"
"24","AAATGGATCTACGCAA-1_3_1"
"25","AACAAAGAGCTGCCAC-1_3_1"
"26","AACAAAGCACCTGCAG-1_3_1"
"27","AACAAAGTCATCGACA-1_3_1"
"28","AACAAAGTCGATCCCT-1_3_1"
"29","AACAACCAGAAATGGG-1_3_1"
"30","AACAACCCAATACGAA-1_3_1"
"31","AACAACCGTCGCGTCA-1_3_1"
"32","AACAACCGTGCCTGAC-1_3_1"
"33","AACAACCGTTGTGTTG-1_3_1"
"34","AACAAGATCGGTGTAT-1_3_1"
"35","AACAAGATCGTCACCT-1_3_1"
"36","AACACACAGCCGCTTG-1_3_1"
"37","AACACACAGTTAGTAG-1_3_1"
"38","AACACACTCAGGAAAT-1_3_1"
"39","AACAGGGAGTTACGTC-1_3_1"
"40","AACAGGGCACTCCGGA-1_3_1"
"41","AACAGGGCAGGCATTT-1_3_1"
"42","AACAGGGGTATGTCAC-1_3_1"
"43","AACAGGGGTTGGAGGT-1_3_1"
"44","AACAGGGTCACCCATC-1_3_1"
"45","AACCAACCAGGGAATC-1_3_1"
"46","AACCAACCAGTCGCAC-1_3_1"
"47","AACCACACAGCTGAGA-1_3_1"
"48","AACCACAGTGTCTCCT-1_3_1"
"49","AACCATGAGCACACAG-1_3_1"
"50","AACCATGCAGAACGCA-1_3_1"
"51","AACCATGCAGTCACGC-1_3_1"
"52","AACCATGCATCCTGTC-1_3_1"
"53","AACCATGCATGTTACG-1_3_1"
"54","AACCATGTCGTGGGAA-1_3_1"
"55","AACCCAACAATCTCTT-1_3_1"
"56","AACCCAACATCCGAAT-1_3_1"
"57","AACCCAAGTAGGCTGA-1_3_1"
"58","AACCCAAGTCCAGCCA-1_3_1"
"59","AACCCAAGTCGAGATG-1_3_1"
"60","AACCTGACAATTGCTG-1_3_1"
"61","AACCTTTGTCCCAAAT-1_3_1"
"62","AACCTTTTCAGTGCGC-1_3_1"
"63","AACCTTTTCGGTGTAT-1_3_1"
"64","AACGAAAAGCTTAGTC-1_3_1"
"65","AACGAAAGTTCGGTCG-1_3_1"
"66","AACGGGAAGAAGAACG-1_3_1"
"67","AACGGGACAGACAATA-1_3_1"
"68","AACGGGACATTCTTCA-1_3_1"
"69","AACGTCAAGGCCCACT-1_3_1"
"70","AACGTCAAGTCGGGAT-1_3_1"
"71","AACGTCAGTCACTACA-1_3_1"
"72","AACGTCAGTGACGTCC-1_3_1"
"73","AACTTCTAGATGACAT-1_3_1"
"74","AACTTCTAGGCCTTGC-1_3_1"
"75","AACTTCTCAAGGCCTC-1_3_1"
"76","AACTTCTGTAGACACG-1_3_1"
"77","AACTTCTGTGTTATCG-1_3_1"
"78","AAGAACAGTCGTCATA-1_3_1"
"79","AAGAACAGTGGCAACA-1_3_1"
"80","AAGACAAGTTTCACTT-1_3_1"
"81","AAGACTCAGACCTCAT-1_3_1"
"82","AAGACTCAGATGATTG-1_3_1"
"83","AAGACTCGTCTAGATC-1_3_1"
"84","AAGACTCGTGAGTTGG-1_3_1"
"85","AAGACTCGTGCGCTCA-1_3_1"
"86","AAGATAGGTACGTAGG-1_3_1"
"87","AAGATAGTCATTACTC-1_3_1"
"88","AAGCCATAGCAACTTC-1_3_1"
"89","AAGCCATGTGTCTTGA-1_3_1"
"90","AAGCGAGCACCGTCGA-1_3_1"
"91","AAGCGTTGTACACGCC-1_3_1"
"92","AAGCGTTGTCCACTTC-1_3_1"
"93","AAGGTAAAGGGACAGG-1_3_1"
"94","AAGGTAACACTTGAGT-1_3_1"
"95","AAGGTAAGTACAGAGC-1_3_1"
"96","AAGGTAAGTATCACCA-1_3_1"
"97","AAGGTAAGTGTGAGCA-1_3_1"
"98","AAGGTAATCCAGCCTT-1_3_1"
"99","AAGGTAATCCCTCTTT-1_3_1"
"100","AAGTACCGTGCTCCGA-1_3_1"
"101","AAGTCGTCACCTTCGT-1_3_1"
"102","AAGTGAACACTTCTCG-1_3_1"
"103","AAGTGAATCGTACACA-1_3_1"
"104","AAGTTCGGTATAATGG-1_3_1"
"105","AATAGAGAGCGCCGTT-1_3_1"
"106","AATAGAGGTCCCAAAT-1_3_1"
"107","AATAGAGGTCGAAACG-1_3_1"
"108","AATAGAGGTTAATGAG-1_3_1"
"109","AATAGAGTCGAAGCCC-1_3_1"
"110","AATCACGAGATTGACA-1_3_1"
"111","AATCACGCACCGGCTA-1_3_1"
"112","AATCACGTCTATTCGT-1_3_1"
"113","AATCGACGTCGTCATA-1_3_1"
"114","AATCGACGTCTGCGCA-1_3_1"
"115","AATCGACGTGTCTTCC-1_3_1"
"116","AATGAAGAGAGTCGAC-1_3_1"
"117","AATGACCAGAGTGTGC-1_3_1"
"118","AATGACCCATCGTGGC-1_3_1"
"119","AATGCCACAGATCCTA-1_3_1"
"120","AATGCCAGTCACTACA-1_3_1"
"121","AATGCCAGTGCCCGTA-1_3_1"
"122","AATGCCATCGGCACTG-1_3_1"
"123","AATGGCTAGGACTAAT-1_3_1"
"124","AATGGCTAGTTAACAG-1_3_1"
"125","AATGGCTTCCCTTTGG-1_3_1"
"126","AATTCCTAGAAGGGAT-1_3_1"
"127","AATTCCTCACAAGCCC-1_3_1"
"128","AATTCCTGTGTGTACT-1_3_1"
"129","AATTTCCCAATACGCT-1_3_1"
"130","AATTTCCGTAATACCC-1_3_1"
"131","AATTTCCGTGAGACCA-1_3_1"
"132","AATTTCCTCCGTCACT-1_3_1"
"133","AATTTCCTCGTTAGTG-1_3_1"
"134","ACAAAGAAGCGTCTGC-1_3_1"
"135","ACAAAGATCCGTGTAA-1_3_1"
"136","ACAACCAAGCGGCTCT-1_3_1"
"137","ACAACCACATGCGTGC-1_3_1"
"138","ACAACCAGTCCATACA-1_3_1"
"139","ACAACCATCAACACCA-1_3_1"
"140","ACAACCATCTAAGCCA-1_3_1"
"141","ACAAGCTAGACGCTCC-1_3_1"
"142","ACAAGCTAGCAACTTC-1_3_1"
"143","ACACAGTAGTGATAGT-1_3_1"
"144","ACACAGTAGTTGGCTT-1_3_1"
"145","ACACAGTCACTTGAGT-1_3_1"
"146","ACACCAACAGACTCTA-1_3_1"
"147","ACACGCGGTCTCTCAC-1_3_1"
"148","ACACGCGTCAATCAGC-1_3_1"
"149","ACACTGAAGATGTTGA-1_3_1"
"150","ACACTGACAACGTATC-1_3_1"
"151","ACACTGACACAGCCTG-1_3_1"
"152","ACACTGAGTACCAATC-1_3_1"
"153","ACACTGAGTTAGGGTG-1_3_1"
"154","ACAGAAAGTAAGGCCA-1_3_1"
"155","ACAGAAATCACTGAAC-1_3_1"
"156","ACAGCCGAGAAGCGGG-1_3_1"
"157","ACAGCCGAGCCGTCGT-1_3_1"
"158","ACAGCCGGTCTCTCTG-1_3_1"
"159","ACAGCCGTCCCGAAAT-1_3_1"
"160","ACATCCCCACAAGCCC-1_3_1"
"161","ACATCCCGTAGCTTGT-1_3_1"
"162","ACATCCCTCAACGCTA-1_3_1"
"163","ACATCCCTCTTACCAT-1_3_1"
"164","ACATCGAAGAGTCAGC-1_3_1"
"165","ACATCGAAGTCATAGA-1_3_1"
"166","ACATCGAGTCGCTTGG-1_3_1"
"167","ACATGCAAGATGTTCC-1_3_1"
"168","ACATGCACAGTCGGAA-1_3_1"
"169","ACATTTCCAGCCTACG-1_3_1"
"170","ACATTTCTCATTCCTA-1_3_1"
"171","ACATTTCTCTCTCGAC-1_3_1"
"172","ACCAAACAGCGAACTG-1_3_1"
"173","ACCAAACAGTGATAGT-1_3_1"
"174","ACCAAACAGTTGAAAC-1_3_1"
"175","ACCAAACCAATAAGGT-1_3_1"
"176","ACCAAACCACGATAGG-1_3_1"
"177","ACCAAACTCTGTTGGA-1_3_1"
"178","ACCAACAAGGACATCG-1_3_1"
"179","ACCAACAGTATAGGGC-1_3_1"
"180","ACCAACAGTGCGCTCA-1_3_1"
"181","ACCACAAAGAATACAC-1_3_1"
"182","ACCACAAAGCCTGCCA-1_3_1"
"183","ACCACAACAAATTAGG-1_3_1"
"184","ACCACAACATGACCCG-1_3_1"
"185","ACCACAAGTGTCCACG-1_3_1"
"186","ACCACAAGTTCTAAGC-1_3_1"
"187","ACCACAATCCACTAGA-1_3_1"
"188","ACCATTTGTTACGTAC-1_3_1"
"189","ACCCAAAAGACATCAA-1_3_1"
"190","ACCCAAAAGACCTCCG-1_3_1"
"191","ACCCAAAGTCGAATGG-1_3_1"
"192","ACCCAAATCCATCTAT-1_3_1"
"193","ACCCAAATCGAAGAAT-1_3_1"
"194","ACCCTCAGTAGGCTCC-1_3_1"
"195","ACCCTCAGTGGTCTAT-1_3_1"
"196","ACCCTCAGTTCAGCGC-1_3_1"
"197","ACCCTCATCTTGCGCT-1_3_1"
"198","ACCCTTGCAGCCTTCT-1_3_1"
"199","ACCCTTGGTTCCTACC-1_3_1"
"200","ACCGTTCCACATATGC-1_3_1"
"201","ACCGTTCCAGCAATTC-1_3_1"
"202","ACCGTTCGTCACCTTC-1_3_1"
"203","ACCTACCAGTTCTCTT-1_3_1"
"204","ACCTACCCATCTCAAG-1_3_1"
"205","ACCTACCGTTTGATCG-1_3_1"
"206","ACCTACCTCTGCGGAC-1_3_1"
"207","ACCTGAAAGCTGAAAT-1_3_1"
"208","ACCTGAAAGGACAGCT-1_3_1"
"209","ACCTGAACAACACGAG-1_3_1"
"210","ACCTGTCAGGCCCAAA-1_3_1"
"211","ACGATCATCGGACAAG-1_3_1"
"212","ACGATGTAGTGAATAC-1_3_1"
"213","ACGATGTCAATAACGA-1_3_1"
"214","ACGATGTCACAGAGAC-1_3_1"
"215","ACGATGTCACCGTGGT-1_3_1"
"216","ACGATGTTCGATGCAT-1_3_1"
"217","ACGCACGCACATCCCT-1_3_1"
"218","ACGCACGGTCGAGTGA-1_3_1"
"219","ACGGAAGAGTCCTGCG-1_3_1"
"220","ACGGAAGCAGGTGTTT-1_3_1"
"221","ACGGAAGGTTGGTGTT-1_3_1"
"222","ACGGGTCCACTTCAGA-1_3_1"
"223","ACGGGTCTCGGTGTAT-1_3_1"
"224","ACGGTCGAGAGCTTTC-1_3_1"
"225","ACGGTTAAGTCCGCGT-1_3_1"
"226","ACGGTTACAGGACTTT-1_3_1"
"227","ACGGTTATCGCCACTT-1_3_1"
"228","ACGGTTATCTGATGGT-1_3_1"
"229","ACGTAACCACTATCGA-1_3_1"
"230","ACGTAACCATTCCTAT-1_3_1"
"231","ACGTACACAGCGCTTG-1_3_1"
"232","ACGTAGTCAGAACCGA-1_3_1"
"233","ACGTAGTGTATGAGCG-1_3_1"
"234","ACGTAGTGTTACGTAC-1_3_1"
"235","ACGTAGTTCCAACACA-1_3_1"
"236","ACGTTCCAGAGTGAAG-1_3_1"
"237","ACGTTCCAGTATTGCC-1_3_1"
"238","ACTACGAAGTAGAGTT-1_3_1"
"239","ACTACGACAGCATTGT-1_3_1"
"240","ACTACGAGTAGACGTG-1_3_1"
"241","ACTACGATCGAAACAA-1_3_1"
"242","ACTACGATCGCGTAGC-1_3_1"
"243","ACTATCTAGAACGCGT-1_3_1"
"244","ACTATCTAGCTGAGCA-1_3_1"
"245","ACTATCTAGGCCTGCT-1_3_1"
"246","ACTATCTAGTTTCAGC-1_3_1"
"247","ACTATCTCACCCATAA-1_3_1"
"248","ACTATCTTCAAAGACA-1_3_1"
"249","ACTATCTTCAGAGTTC-1_3_1"
"250","ACTATGGAGTACGAGC-1_3_1"
"251","ACTATGGCAATCACGT-1_3_1"
"252","ACTATTCAGCGGTATG-1_3_1"
"253","ACTATTCCACGTAGTT-1_3_1"
"254","ACTATTCCATAGGTTC-1_3_1"
"255","ACTCCCAAGTGGCGAT-1_3_1"
"256","ACTCCCACATCCGCGA-1_3_1"
"257","ACTCCCAGTACACGTT-1_3_1"
"258","ACTCTCGAGGGCAGGA-1_3_1"
"259","ACTCTCGCAAATTGGA-1_3_1"
"260","ACTCTCGCACAACGTT-1_3_1"
"261","ACTCTCGTCATGCAGT-1_3_1"
"262","ACTGATGAGAAATTGC-1_3_1"
"263","ACTGATGCAGCGGTTC-1_3_1"
"264","ACTGATGGTATGCAAA-1_3_1"
"265","ACTGATGGTTAAACCC-1_3_1"
"266","ACTGATGTCCGCAGTG-1_3_1"
"267","ACTGCAAAGAGGGTCT-1_3_1"
"268","ACTGCAATCCGAGAAG-1_3_1"
"269","ACTGTCCAGCATCGAG-1_3_1"
"270","ACTGTCCCAACAAGAT-1_3_1"
"271","ACTGTCCTCCATCTCG-1_3_1"
"272","ACTGTCCTCTTTCTAG-1_3_1"
"273","ACTGTGAAGAGCAGTC-1_3_1"
"274","ACTGTGAAGCGACTGA-1_3_1"
"275","ACTGTGACAGTCAGTT-1_3_1"
"276","ACTGTGAGTTTGGAGG-1_3_1"
"277","ACTGTGATCCAAGAGG-1_3_1"
"278","ACTTAGGTCATAGAGA-1_3_1"
"279","ACTTAGGTCTGGACCG-1_3_1"
"280","ACTTATCAGTCACTGT-1_3_1"
"281","ACTTATCCATGGCCCA-1_3_1"
"282","ACTTATCGTAACACCT-1_3_1"
"283","ACTTATCGTATCATGC-1_3_1"
"284","ACTTATCGTCACGCTG-1_3_1"
"285","ACTTATCGTTAGAGTA-1_3_1"
"286","ACTTCCGAGCGTCTGC-1_3_1"
"287","ACTTCCGCACTGGACC-1_3_1"
"288","ACTTCCGTCGGCATCG-1_3_1"
"289","ACTTCGCCAAAGGGCT-1_3_1"
"290","ACTTCGCCACAGCCTG-1_3_1"
"291","ACTTCGCGTCCTGTTC-1_3_1"
"292","ACTTCGCGTGGCTTAT-1_3_1"
"293","ACTTCGCGTTTAAGGA-1_3_1"
"294","ACTTTGTAGACCGTTT-1_3_1"
"295","ACTTTGTTCAGCCTCT-1_3_1"
"296","ACTTTGTTCAGTCTTT-1_3_1"
"297","AGAACAAAGGTAGACC-1_3_1"
"298","AGAACAATCAAAGGTA-1_3_1"
"299","AGAACCTAGTCAGAGC-1_3_1"
"300","AGAACCTCAACTGCCG-1_3_1"
"301","AGAACCTTCAGCTGAT-1_3_1"
"302","AGAACCTTCCAACACA-1_3_1"
"303","AGAAGCGCAGGACAGT-1_3_1"
"304","AGAAGCGTCATTCGTT-1_3_1"
"305","AGAAGCGTCTACCAGA-1_3_1"
"306","AGAAGTAAGAGAACCC-1_3_1"
"307","AGAAGTAAGCTGGCCT-1_3_1"
"308","AGAAGTACAAGCTGTT-1_3_1"
"309","AGACAAACATGCCGCA-1_3_1"
"310","AGACAAATCAAGCCTA-1_3_1"
"311","AGACAAATCTGGGATT-1_3_1"
"312","AGACACTAGCTGCCTG-1_3_1"
"313","AGACAGGAGGACTAAT-1_3_1"
"314","AGACAGGCAATTTCGG-1_3_1"
"315","AGACAGGGTTGACTAC-1_3_1"
"316","AGACCATCAACGCATT-1_3_1"
"317","AGACCATCACCTATCC-1_3_1"
"318","AGACCATCACGTACTA-1_3_1"
"319","AGACCATCAGTCAACT-1_3_1"
"320","AGACCATTCCCATAGA-1_3_1"
"321","AGACCCGCAGCGGTTC-1_3_1"
"322","AGACCCGGTAATTAGG-1_3_1"
"323","AGACCCGGTGCGTTTA-1_3_1"
"324","AGACCCGGTTTGCAGT-1_3_1"
"325","AGACTCACAATACCCA-1_3_1"
"326","AGACTCAGTAACGTTC-1_3_1"
"327","AGACTCAGTTTACCAG-1_3_1"
"328","AGACTCATCCGGTAGC-1_3_1"
"329","AGAGAATAGGTATAGT-1_3_1"
"330","AGAGAATCAAACTCTG-1_3_1"
"331","AGAGAATTCTGAGCAT-1_3_1"
"332","AGAGAGCCAACACGTT-1_3_1"
"333","AGAGAGCCAAGTGTCT-1_3_1"
"334","AGAGAGCTCGAAGCCC-1_3_1"
"335","AGAGCAGAGAAGTGTT-1_3_1"
"336","AGAGCAGCAGAGAAAG-1_3_1"
"337","AGAGCAGCATCCCGTT-1_3_1"
"338","AGAGCAGGTGTCCACG-1_3_1"
"339","AGAGCCCAGATTCGAA-1_3_1"
"340","AGAGCCCGTCAGACGA-1_3_1"
"341","AGAGCCCGTTGTTGTG-1_3_1"
"342","AGATCCATCGGTAAGG-1_3_1"
"343","AGATCGTAGTTTCAGC-1_3_1"
"344","AGATCGTCAACGCATT-1_3_1"
"345","AGATCGTCACCAGGTC-1_3_1"
"346","AGATCGTGTCCACACG-1_3_1"
"347","AGATCGTGTCCCTAAA-1_3_1"
"348","AGATCGTGTTATGTGC-1_3_1"
"349","AGATCGTTCATTGCCC-1_3_1"
"350","AGATCGTTCCAATCTT-1_3_1"
"351","AGATCGTTCGCTGTCT-1_3_1"
"352","AGATCGTTCTTACTGT-1_3_1"
"353","AGATGAACAAGACTGG-1_3_1"
"354","AGATGAAGTACTGAGG-1_3_1"
"355","AGATGAATCCCAGCGA-1_3_1"
"356","AGATGCTAGACGACGT-1_3_1"
"357","AGATGCTAGAGCACTG-1_3_1"
"358","AGATGCTAGGCATGGT-1_3_1"
"359","AGATGCTGTCCGGACT-1_3_1"
"360","AGCATCAAGAGGACTC-1_3_1"
"361","AGCATCAAGGTCCCTG-1_3_1"
"362","AGCATCACATTGCTGA-1_3_1"
"363","AGCATCAGTCACCACG-1_3_1"
"364","AGCATCATCCGCAAAT-1_3_1"
"365","AGCATCATCGCAGTCG-1_3_1"
"366","AGCATCATCTGTAAGC-1_3_1"
"367","AGCCAATCACCTCTGT-1_3_1"
"368","AGCCAATGTCGACTTA-1_3_1"
"369","AGCCAATGTGTGTACT-1_3_1"
"370","AGCCACGAGGCTCTAT-1_3_1"
"371","AGCCACGCAATAACGA-1_3_1"
"372","AGCCACGGTCCCTCAT-1_3_1"
"373","AGCCAGCAGTAATCCC-1_3_1"
"374","AGCCAGCAGTCATGGG-1_3_1"
"375","AGCCAGCCAGATTCGT-1_3_1"
"376","AGCCAGCCATCAGCGC-1_3_1"
"377","AGCCAGCGTCCTCAGG-1_3_1"
"378","AGCCAGCTCCCATAGA-1_3_1"
"379","AGCGATTGTAGGAAAG-1_3_1"
"380","AGCGATTGTCGCTGCA-1_3_1"
"381","AGCGATTGTTACCCAA-1_3_1"
"382","AGCGCTGAGGGTACGT-1_3_1"
"383","AGCGCTGCAGCCCAGT-1_3_1"
"384","AGCGTATAGAGCATTA-1_3_1"
"385","AGCGTATAGCAGGCTA-1_3_1"
"386","AGCGTATGTGACTATC-1_3_1"
"387","AGCGTATGTTTACACG-1_3_1"
"388","AGCGTATTCCGTTGGG-1_3_1"
"389","AGCTACAAGCGAGAAA-1_3_1"
"390","AGCTACAAGTACTGTC-1_3_1"
"391","AGCTCAAGTTGGCTAT-1_3_1"
"392","AGCTTCCAGATAGGGA-1_3_1"
"393","AGCTTCCAGATAGTGT-1_3_1"
"394","AGCTTCCGTCGGCACT-1_3_1"
"395","AGGAAATAGGGCCTCT-1_3_1"
"396","AGGAAATAGTGGCGAT-1_3_1"
"397","AGGAAATGTTCTCTAT-1_3_1"
"398","AGGACTTGTCACCACG-1_3_1"
"399","AGGACTTGTTCATCGA-1_3_1"
"400","AGGAGGTAGTAACGTA-1_3_1"
"401","AGGAGGTGTACATACC-1_3_1"
"402","AGGAGGTGTAGCGTTT-1_3_1"
"403","AGGAGGTGTATTGGCT-1_3_1"
"404","AGGAGGTTCGTCCATC-1_3_1"
"405","AGGATAAAGGCAGCTA-1_3_1"
"406","AGGATAACAGTTGAAA-1_3_1"
"407","AGGATCTAGATTGCGG-1_3_1"
"408","AGGATCTCACCAGTTA-1_3_1"
"409","AGGATCTCATCCAACA-1_3_1"
"410","AGGATCTGTGTATCCA-1_3_1"
"411","AGGATCTTCCATATGG-1_3_1"
"412","AGGATCTTCTAGAGCT-1_3_1"
"413","AGGCATTCATCCGATA-1_3_1"
"414","AGGCATTTCTGAGAAA-1_3_1"
"415","AGGCATTTCTGCTGAA-1_3_1"
"416","AGGCCACCAAGCACAG-1_3_1"
"417","AGGCCACGTATCGTAC-1_3_1"
"418","AGGCTGCAGCGTATGG-1_3_1"
"419","AGGCTGCAGGCTAACG-1_3_1"
"420","AGGCTGCAGGGACCAT-1_3_1"
"421","AGGGAGTCACATGTTG-1_3_1"
"422","AGGGCCTAGTTGGCGA-1_3_1"
"423","AGGGCCTAGTTTGGCT-1_3_1"
"424","AGGGCCTGTTGCTCAA-1_3_1"
"425","AGGGCTCAGCGTCAGA-1_3_1"
"426","AGGGCTCAGTCAGCGA-1_3_1"
"427","AGGGCTCCAAGCTGCC-1_3_1"
"428","AGGGCTCCACTTGTCC-1_3_1"
"429","AGGGTCCTCAGAATAG-1_3_1"
"430","AGGGTGACACCCTGTT-1_3_1"
"431","AGGGTTTAGTTGTAGA-1_3_1"
"432","AGGGTTTGTCGGATTT-1_3_1"
"433","AGGGTTTTCAGCAGAG-1_3_1"
"434","AGGGTTTTCGTGCACG-1_3_1"
"435","AGGGTTTTCGTGGACC-1_3_1"
"436","AGGTAGGTCAACCTTT-1_3_1"
"437","AGGTCATCAGTCGGTC-1_3_1"
"438","AGGTCATCATACCAGT-1_3_1"
"439","AGGTCTATCGCCAGAC-1_3_1"
"440","AGGTGTTGTTGCTAGT-1_3_1"
"441","AGGTGTTTCATTGCGA-1_3_1"
"442","AGGTTACAGAGTCTGG-1_3_1"
"443","AGGTTACAGTTTGAGA-1_3_1"
"444","AGGTTACCAGCACCCA-1_3_1"
"445","AGGTTACCATACTGTG-1_3_1"
"446","AGGTTACTCTTAAGGC-1_3_1"
"447","AGGTTGTGTCGATTAC-1_3_1"
"448","AGTACCAGTGTAGGAC-1_3_1"
"449","AGTACTGGTACGCTAT-1_3_1"
"450","AGTACTGGTGTGTCGC-1_3_1"
"451","AGTACTGTCATGGTAC-1_3_1"
"452","AGTACTGTCATTACTC-1_3_1"
"453","AGTACTGTCGAAACAA-1_3_1"
"454","AGTAGCTAGTAGCTCT-1_3_1"
"455","AGTAGCTGTGTTAACC-1_3_1"
"456","AGTAGTCAGACGCCCT-1_3_1"
"457","AGTAGTCCACAAATCC-1_3_1"
"458","AGTAGTCGTAGACTGG-1_3_1"
"459","AGTAGTCGTAGATCGG-1_3_1"
"460","AGTAGTCTCAACGTGT-1_3_1"
"461","AGTAGTCTCCCATACC-1_3_1"
"462","AGTCAACAGACGGTCA-1_3_1"
"463","AGTCAACGTGGCCCAT-1_3_1"
"464","AGTCACAAGCAATTAG-1_3_1"
"465","AGTCACAAGGTTCACT-1_3_1"
"466","AGTCACACAACGTTAC-1_3_1"
"467","AGTCACACAATACCTG-1_3_1"
"468","AGTCACAGTGAATAAC-1_3_1"
"469","AGTCACATCCGAAGGA-1_3_1"
"470","AGTCATGGTTCGATTG-1_3_1"
"471","AGTCATGTCTCGACGG-1_3_1"
"472","AGTCTCCAGAGATGCC-1_3_1"
"473","AGTCTCCGTGAGGCAT-1_3_1"
"474","AGTGACTCAGTCAGTT-1_3_1"
"475","AGTGACTGTCAAGGCA-1_3_1"
"476","AGTGACTGTGCGAGTA-1_3_1"
"477","AGTGACTTCTACTGAG-1_3_1"
"478","AGTGATCTCCGCAACG-1_3_1"
"479","AGTGCCGAGAGGCCAT-1_3_1"
"480","AGTGCCGAGCCGATAG-1_3_1"
"481","AGTGCCGAGGATATAC-1_3_1"
"482","AGTGCCGCAAATGCTC-1_3_1"
"483","AGTGTTGCACTGTCCT-1_3_1"
"484","AGTGTTGGTACCTGTA-1_3_1"
"485","AGTGTTGGTAGATTAG-1_3_1"
"486","AGTGTTGGTGCATTTG-1_3_1"
"487","AGTGTTGGTTGGGTAG-1_3_1"
"488","AGTGTTGTCGCCAGTG-1_3_1"
"489","AGTTCCCCAATAAGGT-1_3_1"
"490","AGTTCGAAGACAACTA-1_3_1"
"491","AGTTCGACATTGACTG-1_3_1"
"492","ATACCGACACATATGC-1_3_1"
"493","ATACCGACAGTGCGCT-1_3_1"
"494","ATACCGAGTGCTGTCG-1_3_1"
"495","ATACCTTGTACCTGTA-1_3_1"
"496","ATACTTCAGAATCGCG-1_3_1"
"497","ATACTTCCAATCAAGA-1_3_1"
"498","ATAGACCAGGTGTGAC-1_3_1"
"499","ATAGACCCAGCTGCCA-1_3_1"
"500","ATAGACCGTACCTTCC-1_3_1"
"501","ATAGACCGTCGCTCGA-1_3_1"
"502","ATAGACCGTGATTCTG-1_3_1"
"503","ATAGACCTCGATACAC-1_3_1"
"504","ATAGGCTCATTCTCTA-1_3_1"
"505","ATAGGCTGTTTGGGTT-1_3_1"
"506","ATCACAGCAAGAATAC-1_3_1"
"507","ATCACAGCAGAGTTCT-1_3_1"
"508","ATCACAGTCGAGAGCA-1_3_1"
"509","ATCACGACAACTTGCA-1_3_1"
"510","ATCACGACACCCTGAG-1_3_1"
"511","ATCACGACATGGGCAA-1_3_1"
"512","ATCACGAGTCAGGTAG-1_3_1"
"513","ATCACGAGTCCCACGA-1_3_1"
"514","ATCACTTTCCATTGCC-1_3_1"
"515","ATCATTCAGGAAAGTG-1_3_1"
"516","ATCATTCGTTGAATCC-1_3_1"
"517","ATCCACCGTATATGGA-1_3_1"
"518","ATCCACCTCAGCTGAT-1_3_1"
"519","ATCCATTAGAGCACTG-1_3_1"
"520","ATCCATTAGCACCAGA-1_3_1"
"521","ATCCATTTCGACATTG-1_3_1"
"522","ATCCCTGAGAGGTTAT-1_3_1"
"523","ATCCCTGAGATGTTCC-1_3_1"
"524","ATCCCTGAGCTGAAGC-1_3_1"
"525","ATCCCTGTCAGCATTG-1_3_1"
"526","ATCCCTGTCCATTTGT-1_3_1"
"527","ATCCGTCAGCAGCCCT-1_3_1"
"528","ATCCGTCCAACTTCTT-1_3_1"
"529","ATCCGTCCACGAGAAC-1_3_1"
"530","ATCCTATAGGGCGAAG-1_3_1"
"531","ATCCTATCACAGCGCT-1_3_1"
"532","ATCGATGCACTTGACA-1_3_1"
"533","ATCGATGCATGACTAC-1_3_1"
"534","ATCGATGGTCCTTAAG-1_3_1"
"535","ATCGATGGTTATAGAG-1_3_1"
"536","ATCGCCTAGTACAGAT-1_3_1"
"537","ATCGGATCACGGGTAA-1_3_1"
"538","ATCGGATGTGTAGGAC-1_3_1"
"539","ATCGGATTCCCTATTA-1_3_1"
"540","ATCGGCGAGGTTGACG-1_3_1"
"541","ATCGGCGTCGCCAACG-1_3_1"
"542","ATCGTAGAGTGCAAAT-1_3_1"
"543","ATCGTAGCAACATACC-1_3_1"
"544","ATCGTAGGTCGCATTA-1_3_1"
"545","ATCGTCCCAGAGTCAG-1_3_1"
"546","ATCGTGACATGCCATA-1_3_1"
"547","ATCGTGAGTGGTAATA-1_3_1"
"548","ATCGTGATCAGAATAG-1_3_1"
"549","ATCTCTACAGGCGTTC-1_3_1"
"550","ATCTCTATCCTCATAT-1_3_1"
"551","ATCTCTATCGTGAGAG-1_3_1"
"552","ATCTTCACAGTCGCTG-1_3_1"
"553","ATCTTCAGTGGCCTCA-1_3_1"
"554","ATCTTCAGTTTAGAGA-1_3_1"
"555","ATGAAAGGTGGCCCAT-1_3_1"
"556","ATGAAAGTCGCGTAGC-1_3_1"
"557","ATGACCAAGGCGCTTC-1_3_1"
"558","ATGACCACAGGCACAA-1_3_1"
"559","ATGACCAGTATGTCCA-1_3_1"
"560","ATGACCAGTCTCAGAT-1_3_1"
"561","ATGAGGGAGACCAGCA-1_3_1"
"562","ATGAGGGGTATGAGGC-1_3_1"
"563","ATGAGTCAGGATAATC-1_3_1"
"564","ATGAGTCCATCCAATG-1_3_1"
"565","ATGAGTCCATTCGATG-1_3_1"
"566","ATGATCGTCGTTCAGA-1_3_1"
"567","ATGCATGTCACATACG-1_3_1"
"568","ATGCCTCAGAATTCAG-1_3_1"
"569","ATGCCTCCAACACGAG-1_3_1"
"570","ATGCCTCCATCGCTGG-1_3_1"
"571","ATGCGATTCCATCTCG-1_3_1"
"572","ATGCGATTCCCTCAAC-1_3_1"
"573","ATGCGATTCGATTGAC-1_3_1"
"574","ATGGATCAGACTGGGT-1_3_1"
"575","ATGGATCGTTCTATCT-1_3_1"
"576","ATGGGAGAGCATCCCG-1_3_1"
"577","ATGGGAGAGTCTTCCC-1_3_1"
"578","ATGGGAGAGTTGCGCC-1_3_1"
"579","ATGGGTTAGGTTCTTG-1_3_1"
"580","ATGGGTTCATGTACGT-1_3_1"
"581","ATGGGTTGTCAGGCAA-1_3_1"
"582","ATGGTTGAGGAAGTGA-1_3_1"
"583","ATGGTTGCACCTTCCA-1_3_1"
"584","ATGGTTGGTGCTCCGA-1_3_1"
"585","ATGGTTGGTTTGGGAG-1_3_1"
"586","ATGGTTGTCAGTCCGG-1_3_1"
"587","ATGGTTGTCGGCTCTT-1_3_1"
"588","ATGTCCCTCCGCATAA-1_3_1"
"589","ATGTCTTGTGAACGGT-1_3_1"
"590","ATGTCTTTCTCCCAAC-1_3_1"
"591","ATTACCTGTAACAGTA-1_3_1"
"592","ATTACTCAGGTAAGAG-1_3_1"
"593","ATTACTCCACTGTTCC-1_3_1"
"594","ATTACTCCATACCATG-1_3_1"
"595","ATTACTCGTACAGTCT-1_3_1"
"596","ATTACTCTCGGTCGAC-1_3_1"
"597","ATTATCCCACTAGGCC-1_3_1"
"598","ATTATCCGTAGGTAGC-1_3_1"
"599","ATTATCCGTTATGTGC-1_3_1"
"600","ATTCACTAGGCCTAGA-1_3_1"
"601","ATTCAGGCATTCGATG-1_3_1"
"602","ATTCAGGTCAGCTCTC-1_3_1"
"603","ATTCATCAGGCCGCTT-1_3_1"
"604","ATTCATCTCGTTCCCA-1_3_1"
"605","ATTCCATAGAGTGTTA-1_3_1"
"606","ATTCCATCAGAAATCA-1_3_1"
"607","ATTCCATCAGGTCCCA-1_3_1"
"608","ATTCCATGTACGGCAA-1_3_1"
"609","ATTCCATTCCTTATCA-1_3_1"
"610","ATTCCCGCATGTCAGT-1_3_1"
"611","ATTCCCGGTTTAGACC-1_3_1"
"612","ATTCCCGTCCTTCTTC-1_3_1"
"613","ATTCCTACAACTGAAA-1_3_1"
"614","ATTCGTTAGACATCCT-1_3_1"
"615","ATTCTACGTCACCGAC-1_3_1"
"616","ATTCTACTCGCCTAGG-1_3_1"
"617","ATTCTTGGTCTGTCAA-1_3_1"
"618","ATTCTTGTCAGTCTTT-1_3_1"
"619","ATTGGGTAGAGTGAAG-1_3_1"
"620","ATTGTTCAGTTTGCTG-1_3_1"
"621","ATTGTTCCAAAGGAGA-1_3_1"
"622","ATTGTTCCAATTTCTC-1_3_1"
"623","ATTGTTCGTAGGAGGG-1_3_1"
"624","ATTGTTCTCTCACTCG-1_3_1"
"625","ATTTACCAGCTACTAC-1_3_1"
"626","ATTTACCTCAAGCCAT-1_3_1"
"627","ATTTCACAGGAACTAT-1_3_1"
"628","ATTTCACAGGAGAGTA-1_3_1"
"629","ATTTCACAGGTCATAA-1_3_1"
"630","ATTTCACGTCCAAATC-1_3_1"
"631","ATTTCACTCTCGTCGT-1_3_1"
"632","ATTTCTGAGAGATTCA-1_3_1"
"633","ATTTCTGCAACCTATG-1_3_1"
"634","ATTTCTGCAGCTTTGA-1_3_1"
"635","ATTTCTGTCTGTCTCG-1_3_1"
"636","CAAAGAACAGCACAAG-1_3_1"
"637","CAAAGAAGTTGTGGCC-1_3_1"
"638","CAACAACGTCGAACGA-1_3_1"
"639","CAACAACTCGACGATT-1_3_1"
"640","CAACAGTGTTGGGCCT-1_3_1"
"641","CAACCAACACTACTTT-1_3_1"
"642","CAACCTCAGGAGATAG-1_3_1"
"643","CAACCTCGTGTTATCG-1_3_1"
"644","CAACGATAGGGTCTTT-1_3_1"
"645","CAACGATCACTGAATC-1_3_1"
"646","CAACGATGTTAGGGAC-1_3_1"
"647","CAACGGCAGACGGTCA-1_3_1"
"648","CAACGGCCATAATCCG-1_3_1"
"649","CAACGGCTCTTTCAGT-1_3_1"
"650","CAAGACTAGCCGTTGC-1_3_1"
"651","CAAGAGGGTAATCAGA-1_3_1"
"652","CAAGCTAGTGCAGGAT-1_3_1"
"653","CAAGCTATCATGCGGC-1_3_1"
"654","CAAGGGACAGTCGAGA-1_3_1"
"655","CAAGGGAGTGTCCATA-1_3_1"
"656","CAAGGGATCGTAGAGG-1_3_1"
"657","CAATACGAGTCACGCC-1_3_1"
"658","CAATACGCACTGTGAT-1_3_1"
"659","CAATACGGTAAGATTG-1_3_1"
"660","CAATACGGTACTTGTG-1_3_1"
"661","CAATACGTCATCCTGC-1_3_1"
"662","CAATGACTCCAATGCA-1_3_1"
"663","CAATTTCCAAAGTGTA-1_3_1"
"664","CAATTTCCACCCAATA-1_3_1"
"665","CAATTTCCAGGCTATT-1_3_1"
"666","CACAACACAATTCGTG-1_3_1"
"667","CACACAACAAACGAGC-1_3_1"
"668","CACACAAGTGCATGAG-1_3_1"
"669","CACAGATAGCATCAAA-1_3_1"
"670","CACAGATAGTCTGGTT-1_3_1"
"671","CACAGATTCCAGTTCC-1_3_1"
"672","CACAGATTCGTGTCAA-1_3_1"
"673","CACAGGCAGAGTTGCG-1_3_1"
"674","CACAGGCAGTCTAGAA-1_3_1"
"675","CACAGGCGTACGAGCA-1_3_1"
"676","CACAGGCTCGACCAAT-1_3_1"
"677","CACATGAAGGAGGTTC-1_3_1"
"678","CACATGATCGAACGCC-1_3_1"
"679","CACCAAATCACGAACT-1_3_1"
"680","CACCAAATCGCCTAGG-1_3_1"
"681","CACCGTTGTCACCGCA-1_3_1"
"682","CACCGTTTCATCGACA-1_3_1"
"683","CACGAATAGAACGTGC-1_3_1"
"684","CACGAATAGCGTTGTT-1_3_1"
"685","CACGAATAGTCCCTAA-1_3_1"
"686","CACGGGTCACTGTCGG-1_3_1"
"687","CACGGGTCATGACTTG-1_3_1"
"688","CACGGGTGTACGAAAT-1_3_1"
"689","CACGGGTGTTACCCAA-1_3_1"
"690","CACGTGGCAGACGGAT-1_3_1"
"691","CACGTGGTCCTACTGC-1_3_1"
"692","CACGTTCAGACCATAA-1_3_1"
"693","CACTAAGCATACCACA-1_3_1"
"694","CACTGAAAGCCGCTTG-1_3_1"
"695","CACTGAAGTGGCTGCT-1_3_1"
"696","CACTGAATCTCAGGCG-1_3_1"
"697","CACTGGGAGGACAGTC-1_3_1"
"698","CACTGGGCAATCTCTT-1_3_1"
"699","CACTGGGGTCGGCACT-1_3_1"
"700","CACTGTCCACTGAATC-1_3_1"
"701","CACTGTCGTCCGGCAT-1_3_1"
"702","CACTGTCGTGCATTTG-1_3_1"
"703","CACTTCGAGTAAGAGG-1_3_1"
"704","CACTTCGGTATCGAAA-1_3_1"
"705","CACTTCGTCTTAGCAG-1_3_1"
"706","CAGAGCCGTGAACTAA-1_3_1"
"707","CAGAGCCTCGAAGAAT-1_3_1"
"708","CAGATACAGCGGTAGT-1_3_1"
"709","CAGATACAGGCCTAAG-1_3_1"
"710","CAGATACCACCACTGG-1_3_1"
"711","CAGATCACATCGGATT-1_3_1"
"712","CAGATCAGTCGCTCGA-1_3_1"
"713","CAGATCAGTTTGGGTT-1_3_1"
"714","CAGATCATCACGACTA-1_3_1"
"715","CAGATTGCATAGAATG-1_3_1"
"716","CAGATTGGTTGCTTGA-1_3_1"
"717","CAGATTGTCCTTCTTC-1_3_1"
"718","CAGATTGTCTCATTAC-1_3_1"
"719","CAGCAATAGTAAATGC-1_3_1"
"720","CAGCACGCAGCTCGGT-1_3_1"
"721","CAGCACGGTACAGGTG-1_3_1"
"722","CAGCACGGTCTCCTGT-1_3_1"
"723","CAGCACGGTGTGGTCC-1_3_1"
"724","CAGCACGGTGTTTGCA-1_3_1"
"725","CAGCACGTCTAACGCA-1_3_1"
"726","CAGCACGTCTTCTCAA-1_3_1"
"727","CAGCAGCAGGGATCTG-1_3_1"
"728","CAGCAGCGTGGCACTC-1_3_1"
"729","CAGCAGCTCCTACCAC-1_3_1"
"730","CAGCAGCTCTGGAAGG-1_3_1"
"731","CAGCCAGAGTGGCCTC-1_3_1"
"732","CAGCGTGAGCGCTGAA-1_3_1"
"733","CAGCGTGGTTGGAGGT-1_3_1"
"734","CAGCGTGTCTTAGCTT-1_3_1"
"735","CAGGGCTGTGTCTTAG-1_3_1"
"736","CAGGTATAGCTAATGA-1_3_1"
"737","CAGGTATAGGACCCAA-1_3_1"
"738","CAGGTATTCCATTGTT-1_3_1"
"739","CAGTGCGGTCTTCATT-1_3_1"
"740","CAGTGCGTCCCAATAG-1_3_1"
"741","CAGTTAGTCTCCTGCA-1_3_1"
"742","CAGTTCCAGAAGGCTC-1_3_1"
"743","CAGTTCCAGCAATTCC-1_3_1"
"744","CATAAGCAGCCGGAAT-1_3_1"
"745","CATAAGCAGCGGACAT-1_3_1"
"746","CATAAGCCACGATAGG-1_3_1"
"747","CATAAGCTCCTGGGAC-1_3_1"
"748","CATACAGCAGTATTCG-1_3_1"
"749","CATACAGTCGGAATTC-1_3_1"
"750","CATACAGTCTACAGGT-1_3_1"
"751","CATACCCAGTCACTGT-1_3_1"
"752","CATACCCCAGGTATGG-1_3_1"
"753","CATACCCTCAGTGATC-1_3_1"
"754","CATACCCTCTCCCAAC-1_3_1"
"755","CATACTTTCCATCTGC-1_3_1"
"756","CATAGACAGCGTCAGA-1_3_1"
"757","CATAGACTCTGGGCCA-1_3_1"
"758","CATCAAGGTAACTTCG-1_3_1"
"759","CATCCACTCTGCTCTG-1_3_1"
"760","CATCCCACAGTGACCC-1_3_1"
"761","CATCCGTAGGGTCTTT-1_3_1"
"762","CATCGCTGTACAAGCG-1_3_1"
"763","CATCGCTTCGATGGAG-1_3_1"
"764","CATCGCTTCTCTAGGA-1_3_1"
"765","CATCGGGTCTCTTAAC-1_3_1"
"766","CATGAGTCACCCATAA-1_3_1"
"767","CATGAGTTCGCTTACC-1_3_1"
"768","CATGAGTTCTGACAGT-1_3_1"
"769","CATGCAAGTGTGCCTG-1_3_1"
"770","CATGCCTAGAAGCTGC-1_3_1"
"771","CATGCCTCACATGGTT-1_3_1"
"772","CATGCCTCACTACGGC-1_3_1"
"773","CATGCCTGTTACACAC-1_3_1"
"774","CATGCGGAGCAGTACG-1_3_1"
"775","CATGCGGAGCGAACTG-1_3_1"
"776","CATGCTCAGACTCAAA-1_3_1"
"777","CATGCTCCAACTAGAA-1_3_1"
"778","CATGCTCCATAATGAG-1_3_1"
"779","CATGCTCTCTATCGTT-1_3_1"
"780","CATGGATCATGGGTTT-1_3_1"
"781","CATGGATGTTCAAGGG-1_3_1"
"782","CATTCATCAGCAGGAT-1_3_1"
"783","CATTCATTCAAGCTTG-1_3_1"
"784","CATTCCGAGGCGTCCT-1_3_1"
"785","CATTCCGAGGGCGAAG-1_3_1"
"786","CATTCCGGTAGTCGGA-1_3_1"
"787","CATTCCGGTCAGTTTG-1_3_1"
"788","CATTCCGGTGAACTAA-1_3_1"
"789","CATTCCGTCATGCTAG-1_3_1"
"790","CATTCTAGTCCAGTTA-1_3_1"
"791","CATTCTAGTTGCTCGG-1_3_1"
"792","CATTCTATCTGGTGCG-1_3_1"
"793","CATTGAGCACTGTGAT-1_3_1"
"794","CATTGTTTCATTGCGA-1_3_1"
"795","CATTTCAAGAGTCTGG-1_3_1"
"796","CATTTCACACAAACGG-1_3_1"
"797","CATTTCACATCTTTCA-1_3_1"
"798","CATTTCATCCTACCAC-1_3_1"
"799","CATTTCATCGCTACGG-1_3_1"
"800","CCAAGCGAGCGTCAAG-1_3_1"
"801","CCAAGCGAGGCTCTCG-1_3_1"
"802","CCAAGCGGTGTCTCCT-1_3_1"
"803","CCAAGCGTCTGCGTCT-1_3_1"
"804","CCAATGACACCTAAAC-1_3_1"
"805","CCAATGACAGTCAGAG-1_3_1"
"806","CCAATGACATCACCAA-1_3_1"
"807","CCAATGATCTTCACGC-1_3_1"
"808","CCAATTTCAATGTCAC-1_3_1"
"809","CCAATTTCACGAGGTA-1_3_1"
"810","CCAATTTGTCCCAAAT-1_3_1"
"811","CCAATTTGTCTCAGAT-1_3_1"
"812","CCAATTTTCCACATAG-1_3_1"
"813","CCACAAACACTGCACG-1_3_1"
"814","CCACAAACATCCGCGA-1_3_1"
"815","CCACAAAGTAGGAGGG-1_3_1"
"816","CCACACTCATAGACTC-1_3_1"
"817","CCACACTGTCCCGTGA-1_3_1"
"818","CCACACTGTCCTGTTC-1_3_1"
"819","CCACACTTCCACGTGG-1_3_1"
"820","CCACCATCACTGAATC-1_3_1"
"821","CCACCATGTGGATTTC-1_3_1"
"822","CCACCATGTTCGATTG-1_3_1"
"823","CCACCATGTTGTCAGT-1_3_1"
"824","CCACGAGCAACTGTGT-1_3_1"
"825","CCACGTTCAACAGCTT-1_3_1"
"826","CCACGTTCAAGCGGAT-1_3_1"
"827","CCACGTTGTCCACACG-1_3_1"
"828","CCACGTTTCCGTAGTA-1_3_1"
"829","CCATAAGAGCCAGACA-1_3_1"
"830","CCATCACCACGCCAGT-1_3_1"
"831","CCATCACGTTAGCTAC-1_3_1"
"832","CCATCACTCTACCTTA-1_3_1"
"833","CCATCACTCTGTTGGA-1_3_1"
"834","CCCAACTCACAGAGCA-1_3_1"
"835","CCCAACTCACGAAGAC-1_3_1"
"836","CCCAACTGTTTAGACC-1_3_1"
"837","CCCATTGAGTTTCGAC-1_3_1"
"838","CCCATTGCAGCATCTA-1_3_1"
"839","CCCATTGTCACCCTGT-1_3_1"
"840","CCCGAAGAGTTGCCCG-1_3_1"
"841","CCCGAAGTCAGCCCAG-1_3_1"
"842","CCCGGAAAGTCAACAA-1_3_1"
"843","CCCGGAACACTAACCA-1_3_1"
"844","CCCGGAAGTCAGTTTG-1_3_1"
"845","CCCTAACCATACCACA-1_3_1"
"846","CCCTAACGTTTCGTAG-1_3_1"
"847","CCCTCAAGTCGCACAC-1_3_1"
"848","CCCTGATCACCCTTAC-1_3_1"
"849","CCCTGATCATCATTGG-1_3_1"
"850","CCCTGATTCTACCTTA-1_3_1"
"851","CCCTTAGCACCTGTCT-1_3_1"
"852","CCCTTAGTCGGTGTAT-1_3_1"
"853","CCCTTAGTCTATTTCG-1_3_1"
"854","CCCTTAGTCTGCGTCT-1_3_1"
"855","CCGAACGGTATGTCAC-1_3_1"
"856","CCGATCTAGTAGGAAG-1_3_1"
"857","CCGATCTCAGTAGTGG-1_3_1"
"858","CCGATGGCAGAGAGGG-1_3_1"
"859","CCGATGGCATGTCTAG-1_3_1"
"860","CCGATGGGTTTGCAGT-1_3_1"
"861","CCGATGGTCATCAGTG-1_3_1"
"862","CCGATGGTCCTGTAAG-1_3_1"
"863","CCGCAAGCACTGTTCC-1_3_1"
"864","CCGGACACACGTTCGG-1_3_1"
"865","CCGGACACAGTCGTTA-1_3_1"
"866","CCGGACACATGTCTAG-1_3_1"
"867","CCGGGTACAGCGTTGC-1_3_1"
"868","CCGGGTATCGACCAAT-1_3_1"
"869","CCGGTAGAGAGGGTGG-1_3_1"
"870","CCGGTAGAGTGCGACA-1_3_1"
"871","CCGGTAGCACAGAGCA-1_3_1"
"872","CCGGTAGTCAGCAGAG-1_3_1"
"873","CCGGTGAAGGTTATAG-1_3_1"
"874","CCGTAGGAGAAGATCT-1_3_1"
"875","CCGTAGGCAGTGTACT-1_3_1"
"876","CCGTGAGGTTGCAAGG-1_3_1"
"877","CCGTTCAGTGTCATGT-1_3_1"
"878","CCTAACCAGAGTAACT-1_3_1"
"879","CCTACGTCAAACGAGC-1_3_1"
"880","CCTACGTGTGGAACAC-1_3_1"
"881","CCTACGTTCACTCTTA-1_3_1"
"882","CCTATCGAGAGGTCAC-1_3_1"
"883","CCTCAACAGAAACACT-1_3_1"
"884","CCTCAACAGTCACGCC-1_3_1"
"885","CCTCAACGTCCATACA-1_3_1"
"886","CCTCAACGTGTTCAGT-1_3_1"
"887","CCTCAACGTTTACTTC-1_3_1"
"888","CCTCACAGTACGCTAT-1_3_1"
"889","CCTCAGTAGCTACGTT-1_3_1"
"890","CCTCAGTGTTAAAGTG-1_3_1"
"891","CCTCAGTGTTTCTATC-1_3_1"
"892","CCTCATGAGAAAGTCT-1_3_1"
"893","CCTCATGAGGGTGGGA-1_3_1"
"894","CCTCATGGTCACTCTC-1_3_1"
"895","CCTCATGTCCCTCATG-1_3_1"
"896","CCTCCAACAGCTGTTA-1_3_1"
"897","CCTCCAATCCGGTTCT-1_3_1"
"898","CCTCCAATCCTCACTG-1_3_1"
"899","CCTCCTCTCTCTGAGA-1_3_1"
"900","CCTCTAGCACCGCTAG-1_3_1"
"901","CCTCTAGGTAGAAACT-1_3_1"
"902","CCTCTCCCACATTACG-1_3_1"
"903","CCTGCATAGCATCCTA-1_3_1"
"904","CCTGCATAGCCTGTGC-1_3_1"
"905","CCTGTTGCAATCGTCA-1_3_1"
"906","CCTGTTGGTCATTGCA-1_3_1"
"907","CCTTCAGAGCGTACAG-1_3_1"
"908","CCTTCAGTCCAAACCA-1_3_1"
"909","CCTTCAGTCCACTGGG-1_3_1"
"910","CCTTGTGAGAGTGACC-1_3_1"
"911","CCTTGTGCAGAGGACT-1_3_1"
"912","CCTTGTGCATGGCCCA-1_3_1"
"913","CCTTTGGAGCTAATGA-1_3_1"
"914","CCTTTGGCAGGGAGAG-1_3_1"
"915","CGAAGGAGTCTTGAAC-1_3_1"
"916","CGAAGTTCAACCCTAA-1_3_1"
"917","CGAAGTTCAGACCTAT-1_3_1"
"918","CGAAGTTTCAGCAGAG-1_3_1"
"919","CGAATTGGTAAGATAC-1_3_1"
"920","CGAATTGTCCTTCTGG-1_3_1"
"921","CGACAGCAGAGGTTTA-1_3_1"
"922","CGAGAAGAGGGATCGT-1_3_1"
"923","CGAGAAGGTTGTGTTG-1_3_1"
"924","CGAGAAGTCCATTGCC-1_3_1"
"925","CGAGAAGTCGACCAAT-1_3_1"
"926","CGAGGAATCCACTGGG-1_3_1"
"927","CGAGGCTTCCATTGCC-1_3_1"
"928","CGAGGCTTCTAAACGC-1_3_1"
"929","CGAGTGCCAAGTATAG-1_3_1"
"930","CGAGTGCGTCTGTGAT-1_3_1"
"931","CGAGTTAGTCTGCGCA-1_3_1"
"932","CGATCGGAGCAACTCT-1_3_1"
"933","CGATGCGCAATCACGT-1_3_1"
"934","CGATGCGTCTCACCCA-1_3_1"
"935","CGATGGCAGCGCATCC-1_3_1"
"936","CGATGGCCAAATGGCG-1_3_1"
"937","CGATGGCCAGCAGTTT-1_3_1"
"938","CGCAGGTAGCTGACCC-1_3_1"
"939","CGCAGGTTCGAGGCAA-1_3_1"
"940","CGCAGGTTCGTTGTGA-1_3_1"
"941","CGCATGGAGACCATGG-1_3_1"
"942","CGCATGGCAACTGCCG-1_3_1"
"943","CGCATGGTCGAACGCC-1_3_1"
"944","CGCCAGATCCCGTGTT-1_3_1"
"945","CGCCATTAGACGCCCT-1_3_1"
"946","CGCCATTCATCAGTGT-1_3_1"
"947","CGCGTGACAATAACCC-1_3_1"
"948","CGCGTGAGTACTAGCT-1_3_1"
"949","CGCGTGAGTGGCTACC-1_3_1"
"950","CGCGTGATCGCCTCTA-1_3_1"
"951","CGGAACCAGCACTCCG-1_3_1"
"952","CGGAACCAGTAGTCCT-1_3_1"
"953","CGGAACCCAACGTATC-1_3_1"
"954","CGGAATTAGCGTGAAC-1_3_1"
"955","CGGAATTGTAACACCT-1_3_1"
"956","CGGAATTTCATCTGTT-1_3_1"
"957","CGGACACGTACAACGG-1_3_1"
"958","CGGAGAACATCAGTCA-1_3_1"
"959","CGGAGAAGTACAAAGT-1_3_1"
"960","CGGAGAAGTACGTACT-1_3_1"
"961","CGGAGAAGTGAGATCG-1_3_1"
"962","CGGAGAAGTTGGGTAG-1_3_1"
"963","CGGAGAATCAGACTGT-1_3_1"
"964","CGGCAGTAGTATGAGT-1_3_1"
"965","CGGGACTAGACTACCT-1_3_1"
"966","CGGGACTTCAAGCTTG-1_3_1"
"967","CGGGTCACAAATCCCA-1_3_1"
"968","CGGGTCACATAGTCAC-1_3_1"
"969","CGGGTCAGTCGAAACG-1_3_1"
"970","CGGGTCAGTGTATTCG-1_3_1"
"971","CGGGTCAGTGTCCCTT-1_3_1"
"972","CGGGTGTGTCCTTGTC-1_3_1"
"973","CGGTCAGGTGATAGTA-1_3_1"
"974","CGGTCAGTCTTGAACG-1_3_1"
"975","CGTAAGTCAACTCCAA-1_3_1"
"976","CGTAAGTCATAGATGA-1_3_1"
"977","CGTAAGTTCGAGTGAG-1_3_1"
"978","CGTAAGTTCGAGTTGT-1_3_1"
"979","CGTAATGAGCTGCGAA-1_3_1"
"980","CGTAATGCAAATCCCA-1_3_1"
"981","CGTAATGTCTGTGCTC-1_3_1"
"982","CGTAGTACAAATAGCA-1_3_1"
"983","CGTAGTAGTTAGCGGA-1_3_1"
"984","CGTCAAAAGCGCCATC-1_3_1"
"985","CGTCAAAAGGCCTAGA-1_3_1"
"986","CGTCAAAGTCGCGGTT-1_3_1"
"987","CGTCAAATCCGTCCTA-1_3_1"
"988","CGTCCATCATGACTAC-1_3_1"
"989","CGTGAATAGAGCTTTC-1_3_1"
"990","CGTGAATCAACTGCCG-1_3_1"
"991","CGTGAATTCACGATAC-1_3_1"
"992","CGTGATAAGAGAGCAA-1_3_1"
"993","CGTGATAAGTCAGCGA-1_3_1"
"994","CGTGATACAGCGGATA-1_3_1"
"995","CGTGATATCTGACAGT-1_3_1"
"996","CGTGCTTAGTTTAGGA-1_3_1"
"997","CGTGCTTGTACCCACG-1_3_1"
"998","CGTGCTTGTGCATTAC-1_3_1"
"999","CGTGCTTGTTACCGTA-1_3_1"
"1000","CGTGTCTAGAGCAACC-1_3_1"
"1001","CGTGTCTAGGTCATAA-1_3_1"
"1002","CGTGTCTTCACGTAGT-1_3_1"
"1003","CGTTAGACACGACGAA-1_3_1"
"1004","CGTTAGACAGATCACT-1_3_1"
"1005","CGTTAGACATCCTATT-1_3_1"
"1006","CGTTAGAGTATGAGAT-1_3_1"
"1007","CGTTCTGAGACCATAA-1_3_1"
"1008","CGTTCTGCAGTCGAGA-1_3_1"
"1009","CGTTCTGGTCTTGGTA-1_3_1"
"1010","CGTTCTGGTGGAAATT-1_3_1"
"1011","CGTTCTGTCGGTGTTA-1_3_1"
"1012","CGTTGGGCACATGTTG-1_3_1"
"1013","CGTTGGGTCGTCCTTG-1_3_1"
"1014","CTAAGTGAGCCGGAAT-1_3_1"
"1015","CTAAGTGCAATTCACG-1_3_1"
"1016","CTAAGTGCAGTCAGCC-1_3_1"
"1017","CTAAGTGGTACGTACT-1_3_1"
"1018","CTAAGTGGTGGGAGAG-1_3_1"
"1019","CTACAGACAGACAAGC-1_3_1"
"1020","CTACATTCAGGTATGG-1_3_1"
"1021","CTACATTGTCACATTG-1_3_1"
"1022","CTACATTGTTGCTAGT-1_3_1"
"1023","CTACATTTCGAAGCCC-1_3_1"
"1024","CTACATTTCTCTTGCG-1_3_1"
"1025","CTACATTTCTTCGCTG-1_3_1"
"1026","CTACCCAAGAATTCAG-1_3_1"
"1027","CTACCCAGTCGGCTAC-1_3_1"
"1028","CTACCTGGTCGTTGCG-1_3_1"
"1029","CTACCTGGTGCAATAA-1_3_1"
"1030","CTACCTGTCCAGCAAT-1_3_1"
"1031","CTACGGGGTGCAATAA-1_3_1"
"1032","CTACGGGGTGTTAACC-1_3_1"
"1033","CTACTATCACCACTGG-1_3_1"
"1034","CTACTATGTGCCCGTA-1_3_1"
"1035","CTAGACATCCATTGTT-1_3_1"
"1036","CTAGACATCTCCTGAC-1_3_1"
"1037","CTAGGTACAATCGCCG-1_3_1"
"1038","CTAGGTACACTCAGAT-1_3_1"
"1039","CTAGGTATCATGCGGC-1_3_1"
"1040","CTATAGGGTTCAAGGG-1_3_1"
"1041","CTATCCGCACCGGCTA-1_3_1"
"1042","CTATCCGCAGAGGCAT-1_3_1"
"1043","CTCAACCCAACTCATG-1_3_1"
"1044","CTCAACCGTACTAACC-1_3_1"
"1045","CTCAACCGTGGTTTGT-1_3_1"
"1046","CTCAAGAAGCGCCTTG-1_3_1"
"1047","CTCAAGAGTTCGAAGG-1_3_1"
"1048","CTCAATTGTTGAGAGC-1_3_1"
"1049","CTCAATTTCATTATCC-1_3_1"
"1050","CTCAATTTCTTTCCAA-1_3_1"
"1051","CTCACTGAGATGCGAC-1_3_1"
"1052","CTCACTGCACTCAGAT-1_3_1"
"1053","CTCACTGGTGGACCAA-1_3_1"
"1054","CTCAGAAGTTCTTGCC-1_3_1"
"1055","CTCAGAATCAGTGCGC-1_3_1"
"1056","CTCAGGGGTACAAGTA-1_3_1"
"1057","CTCAGGGGTTTCACAG-1_3_1"
"1058","CTCAGGGTCTGAACGT-1_3_1"
"1059","CTCAGTCGTTGCTGAT-1_3_1"
"1060","CTCATGCAGTCTTGGT-1_3_1"
"1061","CTCATGCAGTGTACCT-1_3_1"
"1062","CTCATGCTCTAGCATG-1_3_1"
"1063","CTCATTACAAGGAGTC-1_3_1"
"1064","CTCATTAGTTATAGCC-1_3_1"
"1065","CTCCAACCATTGCCTC-1_3_1"
"1066","CTCCAACGTAGCCCTG-1_3_1"
"1067","CTCCACAGTAGACAGC-1_3_1"
"1068","CTCCACATCTCATTAC-1_3_1"
"1069","CTCCATGCAAGTGGGT-1_3_1"
"1070","CTCCATGCAGCGACCT-1_3_1"
"1071","CTCCCAAAGATGAAGG-1_3_1"
"1072","CTCCCAAAGCTATCTG-1_3_1"
"1073","CTCCCAAGTGTAACGG-1_3_1"
"1074","CTCCCAAGTTTGAACC-1_3_1"
"1075","CTCCCTCAGGTCCCGT-1_3_1"
"1076","CTCCCTCGTGCTGATT-1_3_1"
"1077","CTCCCTCTCATGTCAG-1_3_1"
"1078","CTCCGATGTCGTTGGC-1_3_1"
"1079","CTCCGATGTTTGCCGG-1_3_1"
"1080","CTCCTCCAGTAGATCA-1_3_1"
"1081","CTCCTCCCAGCTCTGG-1_3_1"
"1082","CTCCTTTCACAAAGTA-1_3_1"
"1083","CTCGAGGCATCCTTGC-1_3_1"
"1084","CTCGAGGGTACAAAGT-1_3_1"
"1085","CTCGAGGTCCTCCACA-1_3_1"
"1086","CTCTCAGAGCGGTATG-1_3_1"
"1087","CTCTCAGAGGTTAAAC-1_3_1"
"1088","CTCTCAGCACAATGTC-1_3_1"
"1089","CTCTCAGGTACTGACT-1_3_1"
"1090","CTCTCAGGTGGATACG-1_3_1"
"1091","CTCTCAGTCGGATTAC-1_3_1"
"1092","CTCTCAGTCTGTCAGA-1_3_1"
"1093","CTCTCGAAGCACACCC-1_3_1"
"1094","CTCTCGACAATACGCT-1_3_1"
"1095","CTCTGGTCACGGCCAT-1_3_1"
"1096","CTCTGGTGTAGGTAGC-1_3_1"
"1097","CTGAATGAGTATGGCG-1_3_1"
"1098","CTGAATGCAAGCGATG-1_3_1"
"1099","CTGAATGCAGACAAAT-1_3_1"
"1100","CTGAATGGTTCTTGCC-1_3_1"
"1101","CTGAGCGAGAAGATCT-1_3_1"
"1102","CTGAGCGCACCTGCTT-1_3_1"
"1103","CTGAGGCAGGGTTAGC-1_3_1"
"1104","CTGAGGCCAGCCATTA-1_3_1"
"1105","CTGATCCAGCCAGACA-1_3_1"
"1106","CTGATCCAGGCATCGA-1_3_1"
"1107","CTGCAGGGTATAGCTC-1_3_1"
"1108","CTGCAGGGTGTCATCA-1_3_1"
"1109","CTGCAGGTCCACAGGC-1_3_1"
"1110","CTGCATCCAACTGCTA-1_3_1"
"1111","CTGCATCGTACAATAG-1_3_1"
"1112","CTGCATCTCAAGTGGG-1_3_1"
"1113","CTGCCATAGCAGGCTA-1_3_1"
"1114","CTGCCATTCTTCGATT-1_3_1"
"1115","CTGCCTAAGTGTTGTC-1_3_1"
"1116","CTGCCTAAGTTGTAGA-1_3_1"
"1117","CTGCCTAGTCGGTACC-1_3_1"
"1118","CTGCCTAGTGAGGATC-1_3_1"
"1119","CTGCCTATCGTCCTTG-1_3_1"
"1120","CTGCGAGAGCGCTGCT-1_3_1"
"1121","CTGCGAGTCCTGTAAG-1_3_1"
"1122","CTGCGAGTCTAGCATG-1_3_1"
"1123","CTGCTCACATAGGTAA-1_3_1"
"1124","CTGCTCATCCCTCAAC-1_3_1"
"1125","CTGCTCATCGTTCTCG-1_3_1"
"1126","CTGGACGAGCCGAACA-1_3_1"
"1127","CTGGACGAGGTGCGAT-1_3_1"
"1128","CTGGACGCACTCCTTG-1_3_1"
"1129","CTGGCAGAGAACTCCT-1_3_1"
"1130","CTGGCAGAGTAAAGCT-1_3_1"
"1131","CTGGCAGCATCGAACT-1_3_1"
"1132","CTGGCAGGTAGTAAGT-1_3_1"
"1133","CTGGCAGGTCACCACG-1_3_1"
"1134","CTGGCAGTCCGTGTCT-1_3_1"
"1135","CTGTACCTCCCGTGTT-1_3_1"
"1136","CTGTACCTCGACGAGA-1_3_1"
"1137","CTGTAGAGTGCGTTTA-1_3_1"
"1138","CTGTAGAGTTCCAAAC-1_3_1"
"1139","CTGTAGATCCTCTAAT-1_3_1"
"1140","CTGTAGATCCTTATCA-1_3_1"
"1141","CTGTAGATCGAAGCCC-1_3_1"
"1142","CTGTATTAGCACTCGC-1_3_1"
"1143","CTGTATTGTGCATTAC-1_3_1"
"1144","CTGTCGTCATGTACGT-1_3_1"
"1145","CTGTGAAAGTCGAAGC-1_3_1"
"1146","CTGTGGGCAGTCTTCC-1_3_1"
"1147","CTGTGGGGTGTCCGTG-1_3_1"
"1148","CTGTGGGTCATAGACC-1_3_1"
"1149","CTTACCGAGTTGGAAT-1_3_1"
"1150","CTTACCGCAAGTGCTT-1_3_1"
"1151","CTTACCGCAGGACGAT-1_3_1"
"1152","CTTACCGGTGCGGATA-1_3_1"
"1153","CTTACCGGTTAGTCGT-1_3_1"
"1154","CTTAGGACAAACCACT-1_3_1"
"1155","CTTAGGACATCGTCCT-1_3_1"
"1156","CTTAGGAGTTCGTGCG-1_3_1"
"1157","CTTCAATAGTCTACCA-1_3_1"
"1158","CTTCAATGTTAAGACA-1_3_1"
"1159","CTTCCGATCTCCGTGT-1_3_1"
"1160","CTTCCTTAGCCGTTGC-1_3_1"
"1161","CTTCCTTAGGAGAATG-1_3_1"
"1162","CTTCCTTCATCGGCCA-1_3_1"
"1163","CTTCCTTTCAGCGCAC-1_3_1"
"1164","CTTCGGTAGCAAGGAA-1_3_1"
"1165","CTTCTAACAAGGCCTC-1_3_1"
"1166","CTTGAGAAGAGAGGTA-1_3_1"
"1167","CTTGAGAAGCTGGCCT-1_3_1"
"1168","CTTGAGAAGGCTAAAT-1_3_1"
"1169","CTTGATTGTCAACACT-1_3_1"
"1170","CTTGATTTCATGGGAG-1_3_1"
"1171","CTTTCAACAAATTGGA-1_3_1"
"1172","CTTTCAACACTATCGA-1_3_1"
"1173","CTTTCGGGTAACCCTA-1_3_1"
"1174","CTTTCGGTCAGTCACA-1_3_1"
"1175","GAAACCTTCTGTAACG-1_3_1"
"1176","GAAATGACACTAGGTT-1_3_1"
"1177","GAAATGAGTAACACCT-1_3_1"
"1178","GAAATGATCAGCTGAT-1_3_1"
"1179","GAACACTCACTGAGGA-1_3_1"
"1180","GAACACTCATGCAGCC-1_3_1"
"1181","GAACACTGTAATTGGA-1_3_1"
"1182","GAACACTTCATTTGTC-1_3_1"
"1183","GAACACTTCCCTGGTT-1_3_1"
"1184","GAACGTTCAGTGTATC-1_3_1"
"1185","GAACGTTGTCGATTAC-1_3_1"
"1186","GAACTGTCAAACACCT-1_3_1"
"1187","GAACTGTTCCCGGTAG-1_3_1"
"1188","GAACTGTTCTCGTGAA-1_3_1"
"1189","GAAGAATCAATTTCCT-1_3_1"
"1190","GAAGAATCACTAAACC-1_3_1"
"1191","GAAGAATCATAGACTC-1_3_1"
"1192","GAAGCCCAGGTCCCGT-1_3_1"
"1193","GAAGCCCGTGATTCAC-1_3_1"
"1194","GAAGCCCTCGCGTCGA-1_3_1"
"1195","GAAGCGAAGGGAACAA-1_3_1"
"1196","GAAGCGAAGGTCGTGA-1_3_1"
"1197","GAAGCGACATCTAGAC-1_3_1"
"1198","GAAGCGAGTGAGCTCC-1_3_1"
"1199","GAAGGACAGACGCAGT-1_3_1"
"1200","GAAGGACAGGTTCACT-1_3_1"
"1201","GAAGGACCAGCTGTCG-1_3_1"
"1202","GAAGGGTAGCTGCCAC-1_3_1"
"1203","GAAGGGTCAAATGGCG-1_3_1"
"1204","GAAGGGTCAGGTACGA-1_3_1"
"1205","GAAGGGTCATCTAGAC-1_3_1"
"1206","GAAGGGTGTCATCCGG-1_3_1"
"1207","GAAGGGTTCTCACGAA-1_3_1"
"1208","GAAGGGTTCTGGAGAG-1_3_1"
"1209","GAAGTAACAGATCATC-1_3_1"
"1210","GAAGTAAGTACTAACC-1_3_1"
"1211","GAATAGAAGCATGATA-1_3_1"
"1212","GAATAGAAGTTAGAAC-1_3_1"
"1213","GAATAGAGTTCGCGTG-1_3_1"
"1214","GAATAGATCCCGAATA-1_3_1"
"1215","GAATCACAGTGACACG-1_3_1"
"1216","GAATCACGTATCTCGA-1_3_1"
"1217","GAATCACTCCTACTGC-1_3_1"
"1218","GAATCGTAGTCGCTAT-1_3_1"
"1219","GACACGCGTGGCATCC-1_3_1"
"1220","GACAGCCCAGAGAATT-1_3_1"
"1221","GACAGCCTCTAGCATG-1_3_1"
"1222","GACATCAAGAAGCCAC-1_3_1"
"1223","GACATCATCCAACCGG-1_3_1"
"1224","GACATCATCCATCTGC-1_3_1"
"1225","GACCAATCAACGCCCA-1_3_1"
"1226","GACCAATTCGTCAGAT-1_3_1"
"1227","GACCCAGAGACAACTA-1_3_1"
"1228","GACCCAGAGATTACCC-1_3_1"
"1229","GACCCAGTCCCATACC-1_3_1"
"1230","GACCCAGTCGAAGCCC-1_3_1"
"1231","GACCCTTCACTTACAG-1_3_1"
"1232","GACCCTTTCTCAACGA-1_3_1"
"1233","GACCCTTTCTCGCGTT-1_3_1"
"1234","GACCGTGCAACATCGT-1_3_1"
"1235","GACCGTGGTAACATCC-1_3_1"
"1236","GACCGTGTCTGCGGGT-1_3_1"
"1237","GACGCTGAGAGCAGAA-1_3_1"
"1238","GACGCTGAGGCTTCCG-1_3_1"
"1239","GACGCTGGTAGAGCTG-1_3_1"
"1240","GACGTTAAGAACTTCC-1_3_1"
"1241","GACGTTACATGGGATG-1_3_1"
"1242","GACGTTACATTGGGAG-1_3_1"
"1243","GACGTTAGTACCCAGC-1_3_1"
"1244","GACTATGAGAATCTAG-1_3_1"
"1245","GACTATGCACGCTATA-1_3_1"
"1246","GACTATGCAGGACTAG-1_3_1"
"1247","GACTATGTCCAAGCAT-1_3_1"
"1248","GACTCAACAGCAGTGA-1_3_1"
"1249","GACTCAATCTTCTTCC-1_3_1"
"1250","GACTCTCCAACGGCTC-1_3_1"
"1251","GACTCTCCACCAATTG-1_3_1"
"1252","GACTCTCGTAATGCGG-1_3_1"
"1253","GACTCTCGTTGTCCCT-1_3_1"
"1254","GACTGATAGCGTGTTT-1_3_1"
"1255","GACTGATCACCAGCTG-1_3_1"
"1256","GACTTCCTCATTGAGC-1_3_1"
"1257","GAGAAATAGACAGCGT-1_3_1"
"1258","GAGAAATCACGCGTGT-1_3_1"
"1259","GAGAAATGTCCTCCTA-1_3_1"
"1260","GAGAAATTCGATTTCT-1_3_1"
"1261","GAGACCCAGATTAGAC-1_3_1"
"1262","GAGACCCCAGTGCGCT-1_3_1"
"1263","GAGACCCGTAAGATAC-1_3_1"
"1264","GAGACCCGTCATAGTC-1_3_1"
"1265","GAGACCCGTTGTCATG-1_3_1"
"1266","GAGACCCTCCGCAAAT-1_3_1"
"1267","GAGACCCTCGACATAC-1_3_1"
"1268","GAGACTTAGCCGTTAT-1_3_1"
"1269","GAGACTTAGCGCACAA-1_3_1"
"1270","GAGAGGTCACATCCCT-1_3_1"
"1271","GAGAGGTCATCATTGG-1_3_1"
"1272","GAGATGGAGTAAACGT-1_3_1"
"1273","GAGATGGTCAGCCCAG-1_3_1"
"1274","GAGCCTGCAAGCGCTC-1_3_1"
"1275","GAGCCTGGTCCAGAAG-1_3_1"
"1276","GAGCTGCCAAGTATCC-1_3_1"
"1277","GAGCTGCCACCGCTGA-1_3_1"
"1278","GAGCTGCGTAACGTTC-1_3_1"
"1279","GAGCTGCTCTGGAGAG-1_3_1"
"1280","GAGGCAACAACTAGAA-1_3_1"
"1281","GAGGCAAGTCGTGTTA-1_3_1"
"1282","GAGGCAATCAGACCCG-1_3_1"
"1283","GAGGCCTAGGTGAGAA-1_3_1"
"1284","GAGGCCTCATTGAGGG-1_3_1"
"1285","GAGGCCTGTTCTCACC-1_3_1"
"1286","GAGGGATAGAGGGTGG-1_3_1"
"1287","GAGGGATAGAGTCGAC-1_3_1"
"1288","GAGGGATAGGCCTAAG-1_3_1"
"1289","GAGGGATCACAGCTGC-1_3_1"
"1290","GAGGGATCACATGACT-1_3_1"
"1291","GAGGGATTCACAAGGG-1_3_1"
"1292","GAGGGATTCTTGGGCG-1_3_1"
"1293","GAGGGTAGTAGGACCA-1_3_1"
"1294","GAGGGTATCAACTGAC-1_3_1"
"1295","GAGGGTATCCGTAGGC-1_3_1"
"1296","GAGTCATTCTTCCACG-1_3_1"
"1297","GAGTCTAGTCAACCAT-1_3_1"
"1298","GAGTGAGAGGTCCCGT-1_3_1"
"1299","GAGTGAGAGTAACAGT-1_3_1"
"1300","GAGTGTTGTCACCGAC-1_3_1"
"1301","GAGTTACAGTTGGAGC-1_3_1"
"1302","GAGTTACCAATCTGCA-1_3_1"
"1303","GAGTTACGTAGCGCCT-1_3_1"
"1304","GAGTTACTCCGAGAAG-1_3_1"
"1305","GAGTTACTCGGAACTT-1_3_1"
"1306","GAGTTGTTCACATCAG-1_3_1"
"1307","GAGTTTGCAAATGATG-1_3_1"
"1308","GAGTTTGGTCCCAAAT-1_3_1"
"1309","GAGTTTGGTTGTGTAC-1_3_1"
"1310","GATAGAAAGTAGAATC-1_3_1"
"1311","GATAGAACAATTCTTC-1_3_1"
"1312","GATAGCTGTTCGGTCG-1_3_1"
"1313","GATCACAAGCTCCATA-1_3_1"
"1314","GATCACATCTTTCCGG-1_3_1"
"1315","GATCAGTAGGACTGGT-1_3_1"
"1316","GATCAGTGTTCAAGTC-1_3_1"
"1317","GATCAGTTCATGACAC-1_3_1"
"1318","GATCCCTTCTTCTGTA-1_3_1"
"1319","GATCGTAAGCCTGCCA-1_3_1"
"1320","GATCGTAAGGTTGGTG-1_3_1"
"1321","GATCGTACACTAGTAC-1_3_1"
"1322","GATCGTATCGCTGCGA-1_3_1"
"1323","GATGACTAGTAACCGG-1_3_1"
"1324","GATGACTGTGGAGGTT-1_3_1"
"1325","GATGAGGTCGAGTCTA-1_3_1"
"1326","GATGATCAGGGCAGAG-1_3_1"
"1327","GATGATCCAATAACCC-1_3_1"
"1328","GATGCTAGTGGACAGT-1_3_1"
"1329","GATGGAGTCGGCATTA-1_3_1"
"1330","GATGGAGTCTACTCAT-1_3_1"
"1331","GATGTTGCACGTAACT-1_3_1"
"1332","GATGTTGCACGTGAGA-1_3_1"
"1333","GATGTTGCAGACACCC-1_3_1"
"1334","GATGTTGGTTCACCGG-1_3_1"
"1335","GATGTTGTCACGATAC-1_3_1"
"1336","GATTCGAAGCATTTCG-1_3_1"
"1337","GATTCGAAGGGAGGTG-1_3_1"
"1338","GATTCGAAGGTATTGA-1_3_1"
"1339","GATTCGACAAGTGGAC-1_3_1"
"1340","GATTCGAGTAGCGAGT-1_3_1"
"1341","GATTCGAGTAGGCAAC-1_3_1"
"1342","GATTCGAGTCACCGAC-1_3_1"
"1343","GATTGGTTCACTTCTA-1_3_1"
"1344","GATTTCTCAAGGCCTC-1_3_1"
"1345","GATTTCTGTATGCAAA-1_3_1"
"1346","GATTTCTGTTTACTTC-1_3_1"
"1347","GATTTCTTCGTTAGAC-1_3_1"
"1348","GCAACATGTAAGGCCA-1_3_1"
"1349","GCAACATGTCCGAAAG-1_3_1"
"1350","GCAACATTCTACTATC-1_3_1"
"1351","GCAACATTCTCATTTG-1_3_1"
"1352","GCAACCGAGATTGCGG-1_3_1"
"1353","GCAACCGAGCCTGACC-1_3_1"
"1354","GCAACCGCAGCCTATA-1_3_1"
"1355","GCAACCGGTGATTCAC-1_3_1"
"1356","GCAACCGTCGATTCCC-1_3_1"
"1357","GCACATAAGTAAATGC-1_3_1"
"1358","GCACATACATGTGTCA-1_3_1"
"1359","GCACATAGTACGTTCA-1_3_1"
"1360","GCACATAGTGTTAGCT-1_3_1"
"1361","GCACGGTAGTCCCGAC-1_3_1"
"1362","GCACGGTTCTGCGGCA-1_3_1"
"1363","GCACGGTTCTGTCGCT-1_3_1"
"1364","GCACGGTTCTTTACAC-1_3_1"
"1365","GCACGTGAGTGCTACT-1_3_1"
"1366","GCACGTGCAAATCGGG-1_3_1"
"1367","GCACGTGTCGCTCCTA-1_3_1"
"1368","GCACTAACAGTAGGAC-1_3_1"
"1369","GCACTAAGTCTGTGAT-1_3_1"
"1370","GCACTAAGTTCCGCAG-1_3_1"
"1371","GCACTAATCATTCACT-1_3_1"
"1372","GCAGCCAAGACATACA-1_3_1"
"1373","GCAGCCAAGAGCATTA-1_3_1"
"1374","GCAGCCAAGTATGGAT-1_3_1"
"1375","GCAGCCAAGTGACCTT-1_3_1"
"1376","GCAGCCACAAGAAATC-1_3_1"
"1377","GCAGCTGAGACAACTA-1_3_1"
"1378","GCAGCTGAGTATTAGG-1_3_1"
"1379","GCAGCTGGTCAATGGG-1_3_1"
"1380","GCAGCTGGTCCACGCA-1_3_1"
"1381","GCAGCTGGTTGTGGAG-1_3_1"
"1382","GCAGGCTTCTAAGGAA-1_3_1"
"1383","GCAGGCTTCTGCCTGT-1_3_1"
"1384","GCAGTTAGTATTGGCT-1_3_1"
"1385","GCAGTTAGTCACATTG-1_3_1"
"1386","GCAGTTAGTCACTAGT-1_3_1"
"1387","GCATCGGTCGCTTAAG-1_3_1"
"1388","GCATCTCCAAGCAATA-1_3_1"
"1389","GCATCTCCAGCTCATA-1_3_1"
"1390","GCATCTCGTCTTCATT-1_3_1"
"1391","GCATCTCTCCGATCGG-1_3_1"
"1392","GCATCTCTCCTCATAT-1_3_1"
"1393","GCATCTCTCGTCGCTT-1_3_1"
"1394","GCATCTCTCTAGATCG-1_3_1"
"1395","GCATGATAGAATCGAT-1_3_1"
"1396","GCATGATAGCACCGAA-1_3_1"
"1397","GCATGATAGTCGAGGT-1_3_1"
"1398","GCATGATGTATTAAGG-1_3_1"
"1399","GCATGATGTCGCCTAG-1_3_1"
"1400","GCATGATGTTCGTGCG-1_3_1"
"1401","GCATTAGCAGGATTCT-1_3_1"
"1402","GCATTAGGTCCAGGTC-1_3_1"
"1403","GCATTAGGTGGCTTAT-1_3_1"
"1404","GCCAACGCAAACCACT-1_3_1"
"1405","GCCAACGGTATGAGCG-1_3_1"
"1406","GCCAACGGTCTCGGGT-1_3_1"
"1407","GCCAGCACAGCAGTGA-1_3_1"
"1408","GCCAGCAGTTGTTGTG-1_3_1"
"1409","GCCAGGTCACTTTATC-1_3_1"
"1410","GCCAGGTCAGGTGTTT-1_3_1"
"1411","GCCAGGTCATCAGCGC-1_3_1"
"1412","GCCAGTGGTCGTCAGC-1_3_1"
"1413","GCCATGGGTATTTCCT-1_3_1"
"1414","GCCATGGTCATCCCGT-1_3_1"
"1415","GCCCAGAAGGATAATC-1_3_1"
"1416","GCCCAGAAGGCAGTCA-1_3_1"
"1417","GCCCAGACAGGTGACA-1_3_1"
"1418","GCCCAGACATTGTCGA-1_3_1"
"1419","GCCCGAAAGTCCCGGT-1_3_1"
"1420","GCCGATGGTCAAGGCA-1_3_1"
"1421","GCCGATGTCACCATGA-1_3_1"
"1422","GCCGATGTCCACGTCT-1_3_1"
"1423","GCCGTGAAGTGGGAAA-1_3_1"
"1424","GCCGTGACAGAACTTC-1_3_1"
"1425","GCCGTGACAGAGTAAT-1_3_1"
"1426","GCCTGTTCAAACACGG-1_3_1"
"1427","GCCTGTTGTGTTAAAG-1_3_1"
"1428","GCCTGTTGTTGCGAAG-1_3_1"
"1429","GCCTGTTTCCGGCAGT-1_3_1"
"1430","GCGAGAAAGCGAATGC-1_3_1"
"1431","GCGAGAAGTGGATTTC-1_3_1"
"1432","GCGGAAATCGAGAACG-1_3_1"
"1433","GCGGATCTCGGCCAAC-1_3_1"
"1434","GCGGATCTCTGCGAGC-1_3_1"
"1435","GCGTTTCCATCGATCA-1_3_1"
"1436","GCGTTTCGTGGATTTC-1_3_1"
"1437","GCGTTTCTCTATGCCC-1_3_1"
"1438","GCTACAAAGATACCAA-1_3_1"
"1439","GCTACAAAGATCGCTT-1_3_1"
"1440","GCTACCTAGAATAGTC-1_3_1"
"1441","GCTACCTAGCTACGTT-1_3_1"
"1442","GCTACCTAGGATACAT-1_3_1"
"1443","GCTACCTAGGTAAACT-1_3_1"
"1444","GCTACCTGTACAATAG-1_3_1"
"1445","GCTACCTGTGTTACTG-1_3_1"
"1446","GCTACCTTCGGTGCAC-1_3_1"
"1447","GCTACCTTCTTCCCGA-1_3_1"
"1448","GCTCAAAAGTGATGGC-1_3_1"
"1449","GCTCAAAGTACAACGG-1_3_1"
"1450","GCTCAAAGTACACGCC-1_3_1"
"1451","GCTGAATCAGCAGTCC-1_3_1"
"1452","GCTGCAGAGGTTGACG-1_3_1"
"1453","GCTGCAGCAATAGGAT-1_3_1"
"1454","GCTGGGTAGCCATTTG-1_3_1"
"1455","GCTGGGTTCGTGTGAT-1_3_1"
"1456","GCTTCACCAGCGGTCT-1_3_1"
"1457","GCTTCACGTGCGCTCA-1_3_1"
"1458","GCTTCACGTGTTTCTT-1_3_1"
"1459","GCTTGGGCATCTCCCA-1_3_1"
"1460","GCTTGGGGTAGAATGT-1_3_1"
"1461","GCTTGGGGTCGGTAAG-1_3_1"
"1462","GCTTTCGAGCATTTCG-1_3_1"
"1463","GCTTTCGAGGCACTAG-1_3_1"
"1464","GCTTTCGCACCCTCTA-1_3_1"
"1465","GCTTTCGGTCCTTTGC-1_3_1"
"1466","GCTTTCGTCGCTTGCT-1_3_1"
"1467","GGAACCCAGTCAACAA-1_3_1"
"1468","GGAAGTGAGGCTGAAC-1_3_1"
"1469","GGAAGTGCACTTCAAG-1_3_1"
"1470","GGAAGTGTCACTCCGT-1_3_1"
"1471","GGAAGTGTCAGCTGAT-1_3_1"
"1472","GGAATCTAGTCTGCAT-1_3_1"
"1473","GGAATCTGTCAACACT-1_3_1"
"1474","GGAATGGGTCCGGCAT-1_3_1"
"1475","GGAGAACAGAGCACTG-1_3_1"
"1476","GGAGAACAGGCTTAAA-1_3_1"
"1477","GGAGAACCAGGAATAT-1_3_1"
"1478","GGAGAACGTTGCACGC-1_3_1"
"1479","GGAGATGAGAATTTGG-1_3_1"
"1480","GGAGATGCAAAGGCAC-1_3_1"
"1481","GGAGATGCAAGACGAC-1_3_1"
"1482","GGAGATGCAGTTCTAG-1_3_1"
"1483","GGAGATGTCATGAGAA-1_3_1"
"1484","GGAGCAAAGACCACGA-1_3_1"
"1485","GGAGCAAAGTCTACCA-1_3_1"
"1486","GGAGCAAGTTACGATC-1_3_1"
"1487","GGAGCAAGTTGATGTC-1_3_1"
"1488","GGAGCAATCACTACTT-1_3_1"
"1489","GGAGGATAGCCTCTTC-1_3_1"
"1490","GGAGGATGTACCCGAC-1_3_1"
"1491","GGAGGATGTAGCTTGT-1_3_1"
"1492","GGAGGATTCTCTGCCA-1_3_1"
"1493","GGAGGTAAGGATTCAA-1_3_1"
"1494","GGAGGTAAGGCCTGCT-1_3_1"
"1495","GGAGGTAGTGGGTCAA-1_3_1"
"1496","GGAGGTATCACGGACC-1_3_1"
"1497","GGATCTACAACGTTAC-1_3_1"
"1498","GGATCTACATGCGTGC-1_3_1"
"1499","GGATGTTAGCTAAGTA-1_3_1"
"1500","GGATGTTGTACGATCT-1_3_1"
"1501","GGATGTTGTCATGACT-1_3_1"
"1502","GGATGTTGTGCCTACG-1_3_1"
"1503","GGCACGTCAGTCGAGA-1_3_1"
"1504","GGCAGTCCATAGATCC-1_3_1"
"1505","GGCAGTCCATCAGTGT-1_3_1"
"1506","GGCAGTCGTCTTCATT-1_3_1"
"1507","GGCAGTCTCCCAGGCA-1_3_1"
"1508","GGCAGTCTCTACAGGT-1_3_1"
"1509","GGCGTCAAGGCATTTC-1_3_1"
"1510","GGCGTCATCCGTTGGG-1_3_1"
"1511","GGCTGTGAGGCACAAC-1_3_1"
"1512","GGCTGTGAGGGATCGT-1_3_1"
"1513","GGCTGTGAGTATGGCG-1_3_1"
"1514","GGCTGTGCAATGCAAA-1_3_1"
"1515","GGCTGTGCACGTATAC-1_3_1"
"1516","GGCTGTGTCATCACTT-1_3_1"
"1517","GGCTTGGAGATGACCG-1_3_1"
"1518","GGCTTTCAGATGGGCT-1_3_1"
"1519","GGCTTTCCACTCTAGA-1_3_1"
"1520","GGCTTTCTCGCTGTTC-1_3_1"
"1521","GGGAAGTAGAAGTCCG-1_3_1"
"1522","GGGAAGTAGACCCTTA-1_3_1"
"1523","GGGAAGTAGGGCTTCC-1_3_1"
"1524","GGGAAGTCAGAATCGG-1_3_1"
"1525","GGGAAGTGTGATTAGA-1_3_1"
"1526","GGGACAAGTATAATGG-1_3_1"
"1527","GGGACAATCGTGGAAG-1_3_1"
"1528","GGGACTCAGAGCCCAA-1_3_1"
"1529","GGGACTCCACACCTAA-1_3_1"
"1530","GGGACTCCACCTGCAG-1_3_1"
"1531","GGGACTCCAGCGTATT-1_3_1"
"1532","GGGACTCCATGTGCCG-1_3_1"
"1533","GGGACTCGTGCACATT-1_3_1"
"1534","GGGAGTAAGTCCCAAT-1_3_1"
"1535","GGGATCCCAGTTAGGG-1_3_1"
"1536","GGGATCCTCCATCGTC-1_3_1"
"1537","GGGATCCTCTTCGCTG-1_3_1"
"1538","GGGATGAAGACATAAC-1_3_1"
"1539","GGGATGAGTCCTGAAT-1_3_1"
"1540","GGGATGATCCTGCTAC-1_3_1"
"1541","GGGCCATAGAGCATCG-1_3_1"
"1542","GGGCCATTCTTGGAAC-1_3_1"
"1543","GGGCGTTAGTGTTCAC-1_3_1"
"1544","GGGCGTTGTATGCTTG-1_3_1"
"1545","GGGCTACAGGCGATAC-1_3_1"
"1546","GGGCTACAGGCTTAAA-1_3_1"
"1547","GGGCTACCAAATTGCC-1_3_1"
"1548","GGGCTCACACAGTCGC-1_3_1"
"1549","GGGCTCACAGACGGAT-1_3_1"
"1550","GGGCTCATCCCGAGTG-1_3_1"
"1551","GGGTAGAAGTCTAGCT-1_3_1"
"1552","GGGTAGACACTGAGGA-1_3_1"
"1553","GGGTAGACATAGGCGA-1_3_1"
"1554","GGGTATTAGAAGAACG-1_3_1"
"1555","GGGTATTAGAGATCGC-1_3_1"
"1556","GGGTATTTCTACGGGC-1_3_1"
"1557","GGGTCACCAAATGGCG-1_3_1"
"1558","GGGTCACGTTCCCACT-1_3_1"
"1559","GGGTCACTCGACATAC-1_3_1"
"1560","GGGTCACTCTTCGATT-1_3_1"
"1561","GGGTCTGAGGTGCGAT-1_3_1"
"1562","GGGTCTGCATAGGTAA-1_3_1"
"1563","GGGTCTGCATGGGTTT-1_3_1"
"1564","GGGTCTGGTAAGATTG-1_3_1"
"1565","GGGTCTGGTTATTCTC-1_3_1"
"1566","GGGTCTGTCCGCAACG-1_3_1"
"1567","GGGTGAACATGGAATA-1_3_1"
"1568","GGGTTTAAGCTAGAGC-1_3_1"
"1569","GGGTTTACAAGAGAGA-1_3_1"
"1570","GGGTTTAGTCTTCCGT-1_3_1"
"1571","GGGTTTAGTGTAGCAG-1_3_1"
"1572","GGTAACTCAATAGTGA-1_3_1"
"1573","GGTAACTGTCTGATAC-1_3_1"
"1574","GGTAATCAGACTACCT-1_3_1"
"1575","GGTAATCGTATCTTCT-1_3_1"
"1576","GGTAATCGTGAATGAT-1_3_1"
"1577","GGTAATCTCATCGACA-1_3_1"
"1578","GGTAATCTCGAGATGG-1_3_1"
"1579","GGTAGAGAGGGTGGGA-1_3_1"
"1580","GGTCACGAGAATGTTG-1_3_1"
"1581","GGTCACGAGGGTACAC-1_3_1"
"1582","GGTCACGGTACCATAC-1_3_1"
"1583","GGTCACGTCTCAGTCC-1_3_1"
"1584","GGTCTGGCACAGTCAT-1_3_1"
"1585","GGTCTGGCACCAGCTG-1_3_1"
"1586","GGTCTGGCAGTCAGCC-1_3_1"
"1587","GGTCTGGCATACACCA-1_3_1"
"1588","GGTCTGGTCTGGTCAA-1_3_1"
"1589","GGTGAAGCACGCTGTG-1_3_1"
"1590","GGTGAAGCACTGTCCT-1_3_1"
"1591","GGTGATTAGATGCTGG-1_3_1"
"1592","GGTGATTCAGGTTCGC-1_3_1"
"1593","GGTGATTGTAGCTGCC-1_3_1"
"1594","GGTGATTGTCGAGCTC-1_3_1"
"1595","GGTGGCTAGACCCGCT-1_3_1"
"1596","GGTGGCTAGTTCACTG-1_3_1"
"1597","GGTGGCTGTTCGGACC-1_3_1"
"1598","GGTGTCGCAATGGGTG-1_3_1"
"1599","GGTGTCGGTGGCTGCT-1_3_1"
"1600","GGTTAACAGAAAGTCT-1_3_1"
"1601","GGTTAACCATGGAATA-1_3_1"
"1602","GGTTAACGTGTTGCCG-1_3_1"
"1603","GGTTGTACATGGCACC-1_3_1"
"1604","GGTTGTAGTAATTAGG-1_3_1"
"1605","GGTTGTATCACTGCTC-1_3_1"
"1606","GTAACCATCCACGGAC-1_3_1"
"1607","GTAACCATCTGAATCG-1_3_1"
"1608","GTAACCATCTGCGATA-1_3_1"
"1609","GTAAGTCCATTAGGCT-1_3_1"
"1610","GTAAGTCTCCATTCAT-1_3_1"
"1611","GTAATGCCATCGCTCT-1_3_1"
"1612","GTAATGCTCGATCCCT-1_3_1"
"1613","GTACAACGTACGCTAT-1_3_1"
"1614","GTACAACGTGTCTCCT-1_3_1"
"1615","GTACAACGTTCAACGT-1_3_1"
"1616","GTACAACTCACCTTGC-1_3_1"
"1617","GTACAGTCAGTATGAA-1_3_1"
"1618","GTAGAAAAGCCACCGT-1_3_1"
"1619","GTAGAAACAAACTCGT-1_3_1"
"1620","GTAGAGGCACTAGGCC-1_3_1"
"1621","GTAGAGGGTCACAGAG-1_3_1"
"1622","GTAGAGGTCCGCTAGG-1_3_1"
"1623","GTAGATCCAGTCAGTT-1_3_1"
"1624","GTAGATCGTCGATTTG-1_3_1"
"1625","GTAGATCGTCTTGCTC-1_3_1"
"1626","GTAGATCGTTAAGGGC-1_3_1"
"1627","GTAGATCGTTGGTACT-1_3_1"
"1628","GTAGCTAGTACCCACG-1_3_1"
"1629","GTAGCTATCGCCTATC-1_3_1"
"1630","GTAGGAGGTAGCGAGT-1_3_1"
"1631","GTAGGAGGTCGACTGC-1_3_1"
"1632","GTAGTACGTGGACTGA-1_3_1"
"1633","GTATTGGAGCCTTCTC-1_3_1"
"1634","GTATTGGGTCATAAAG-1_3_1"
"1635","GTATTTCAGCGTGCCT-1_3_1"
"1636","GTATTTCCAGCGGTCT-1_3_1"
"1637","GTATTTCTCACCCTCA-1_3_1"
"1638","GTCACGGTCCCGAAAT-1_3_1"
"1639","GTCACGGTCCGCCTAT-1_3_1"
"1640","GTCACGGTCCTTCTGG-1_3_1"
"1641","GTCACTCAGCATGAAT-1_3_1"
"1642","GTCACTCAGCTGGCTC-1_3_1"
"1643","GTCACTCCATGCGTGC-1_3_1"
"1644","GTCAGCGAGATTGCGG-1_3_1"
"1645","GTCATCCAGGGCTGAT-1_3_1"
"1646","GTCATCCCACAAGGTG-1_3_1"
"1647","GTCATCCGTTAAGTCC-1_3_1"
"1648","GTCATGAAGATGACCG-1_3_1"
"1649","GTCATGAAGCGAAACC-1_3_1"
"1650","GTCATGAGTAGACTGG-1_3_1"
"1651","GTCATTTGTTAGGGTG-1_3_1"
"1652","GTCCACTAGATTTGCC-1_3_1"
"1653","GTCCCATAGATAGCAT-1_3_1"
"1654","GTCCCATCAGGTCAAG-1_3_1"
"1655","GTCCCATGTGTATTGC-1_3_1"
"1656","GTCCCATTCAGTGGGA-1_3_1"
"1657","GTCCTCAGTGGCTGAA-1_3_1"
"1658","GTCCTCATCTATCACT-1_3_1"
"1659","GTCGAATAGTGTCATC-1_3_1"
"1660","GTCGAATTCCCAAGCG-1_3_1"
"1661","GTCGAATTCGCGTCGA-1_3_1"
"1662","GTCGCGAAGCATAGGC-1_3_1"
"1663","GTCGCGAGTATAGCTC-1_3_1"
"1664","GTCGCGAGTCCACTTC-1_3_1"
"1665","GTCGTAACAAACTCTG-1_3_1"
"1666","GTCGTAACAACAGCTT-1_3_1"
"1667","GTCGTAATCCGCCTAT-1_3_1"
"1668","GTCTACCAGGCGAAGG-1_3_1"
"1669","GTCTACCAGTTGTCGT-1_3_1"
"1670","GTCTAGAAGGACACTG-1_3_1"
"1671","GTCTAGAGTAACAGGC-1_3_1"
"1672","GTCTTTAAGATGGCAC-1_3_1"
"1673","GTGACGCCAAATACGA-1_3_1"
"1674","GTGACGCGTCCGGTCA-1_3_1"
"1675","GTGAGGAAGGAACGTC-1_3_1"
"1676","GTGAGTTAGGCCTAGA-1_3_1"
"1677","GTGAGTTGTGGAATGC-1_3_1"
"1678","GTGATGTAGGTCCTGC-1_3_1"
"1679","GTGATGTCAAACTGCT-1_3_1"
"1680","GTGATGTTCCCGATCT-1_3_1"
"1681","GTGCACGAGCAATTAG-1_3_1"
"1682","GTGCACGTCTAAGAAG-1_3_1"
"1683","GTGCAGCAGAGGGTGG-1_3_1"
"1684","GTGCAGCAGCGAGTCA-1_3_1"
"1685","GTGCAGCAGGATTCCT-1_3_1"
"1686","GTGCAGCCAGCTTTGA-1_3_1"
"1687","GTGCGTGTCACACCGG-1_3_1"
"1688","GTGCGTGTCTAGGAAA-1_3_1"
"1689","GTGCTGGCACCGAATT-1_3_1"
"1690","GTGCTGGCAGATCCTA-1_3_1"
"1691","GTGCTGGCATATGAAG-1_3_1"
"1692","GTGCTGGGTAGTATAG-1_3_1"
"1693","GTGCTGGGTGTTCCTC-1_3_1"
"1694","GTGCTGGGTTTACACG-1_3_1"
"1695","GTGCTTCAGCTTTGTG-1_3_1"
"1696","GTGCTTCGTAAGTTGA-1_3_1"
"1697","GTGCTTCTCCAGCAAT-1_3_1"
"1698","GTGGAAGAGAGGTATT-1_3_1"
"1699","GTGGAAGCAACGTTAC-1_3_1"
"1700","GTGGAAGTCCGATCGG-1_3_1"
"1701","GTGGAAGTCGGAGTGA-1_3_1"
"1702","GTGGAGAAGGACTTCT-1_3_1"
"1703","GTGGAGACATCTATCT-1_3_1"
"1704","GTGGAGAGTATGTCTG-1_3_1"
"1705","GTGGCGTAGATACATG-1_3_1"
"1706","GTGGCGTAGCCTGACC-1_3_1"
"1707","GTGGCGTGTTCCGCAG-1_3_1"
"1708","GTGGCGTGTTTACACG-1_3_1"
"1709","GTGGGAAAGCTAGAGC-1_3_1"
"1710","GTGGGAACAGTATACC-1_3_1"
"1711","GTGGTTAAGGCGACAT-1_3_1"
"1712","GTGGTTACACACTTAG-1_3_1"
"1713","GTGGTTACATACCATG-1_3_1"
"1714","GTGGTTATCTTTGATC-1_3_1"
"1715","GTGTAACGTTCGGTCG-1_3_1"
"1716","GTGTGATAGACTCTTG-1_3_1"
"1717","GTGTGATAGGTCACAG-1_3_1"
"1718","GTGTGATCAAGAAACT-1_3_1"
"1719","GTGTGATCAATGGCCC-1_3_1"
"1720","GTGTGATCACAATGTC-1_3_1"
"1721","GTGTGATGTCAAGGCA-1_3_1"
"1722","GTGTGATGTGAATGTA-1_3_1"
"1723","GTGTGGCCACACAGAG-1_3_1"
"1724","GTGTTAGAGGTTCCGC-1_3_1"
"1725","GTGTTAGCACTCTAGA-1_3_1"
"1726","GTGTTAGTCACCGACG-1_3_1"
"1727","GTGTTCCTCCGAGCTG-1_3_1"
"1728","GTTACAGAGAATCGAT-1_3_1"
"1729","GTTACAGCAATAGTCC-1_3_1"
"1730","GTTACAGCATATGGCT-1_3_1"
"1731","GTTACGACAGCACAGA-1_3_1"
"1732","GTTACGAGTAGTCTTG-1_3_1"
"1733","GTTACGATCATCACTT-1_3_1"
"1734","GTTACGATCCATCCGT-1_3_1"
"1735","GTTAGACAGTGCGCTC-1_3_1"
"1736","GTTAGACGTCAATGGG-1_3_1"
"1737","GTTAGACGTCCTACGG-1_3_1"
"1738","GTTAGTGAGAGCGACT-1_3_1"
"1739","GTTAGTGAGTTCAACC-1_3_1"
"1740","GTTAGTGCAACTGGTT-1_3_1"
"1741","GTTAGTGCAGGACTAG-1_3_1"
"1742","GTTAGTGGTGAGCAGT-1_3_1"
"1743","GTTAGTGGTTCAAACC-1_3_1"
"1744","GTTATGGGTACTGAGG-1_3_1"
"1745","GTTCATTAGCTCTGTA-1_3_1"
"1746","GTTCATTGTAGGACCA-1_3_1"
"1747","GTTCCGTAGAAGTATC-1_3_1"
"1748","GTTCCGTAGTTGTAGA-1_3_1"
"1749","GTTCCGTGTCGAGATG-1_3_1"
"1750","GTTCTATAGTGAATAC-1_3_1"
"1751","GTTCTATGTAAGTCAA-1_3_1"
"1752","GTTCTATGTCAGGTAG-1_3_1"
"1753","GTTCTATGTGCTGCAC-1_3_1"
"1754","GTTGAACAGGTTTACC-1_3_1"
"1755","GTTGAACCATTGACAC-1_3_1"
"1756","GTTGCGGCATGTGTCA-1_3_1"
"1757","GTTGCGGGTAGGCAGT-1_3_1"
"1758","GTTGCGGGTGCAATAA-1_3_1"
"1759","GTTGCGGGTTAGCGGA-1_3_1"
"1760","GTTGCTCCACAAACGG-1_3_1"
"1761","GTTGCTCCAGCAGAAC-1_3_1"
"1762","GTTGCTCCATGACCCG-1_3_1"
"1763","GTTGCTCGTCTGTGTA-1_3_1"
"1764","GTTGCTCTCTTCGTGC-1_3_1"
"1765","GTTGTAGAGTCAATCC-1_3_1"
"1766","GTTGTAGAGTGCGTCC-1_3_1"
"1767","GTTGTGAGTGCTTCAA-1_3_1"
"1768","GTTGTGATCGCCAGAC-1_3_1"
"1769","GTTTACTTCGCTTGCT-1_3_1"
"1770","GTTTGGACACAGAGAC-1_3_1"
"1771","GTTTGGATCATTCGGA-1_3_1"
"1772","TAACCAGGTTATCTGG-1_3_1"
"1773","TAACGACAGGGAACAA-1_3_1"
"1774","TAACGACGTACACTCA-1_3_1"
"1775","TAACGACGTGGCATCC-1_3_1"
"1776","TAACTTCAGGTTCTAC-1_3_1"
"1777","TAACTTCGTAGCTGAG-1_3_1"
"1778","TAACTTCGTGATCATC-1_3_1"
"1779","TAAGCACCACCGTCTT-1_3_1"
"1780","TAAGCACGTCGTGCCA-1_3_1"
"1781","TAAGCACTCCGTCACT-1_3_1"
"1782","TAAGCCACAGAGAGGG-1_3_1"
"1783","TAAGCGTAGCGCTGAA-1_3_1"
"1784","TAAGCGTCAAGAAACT-1_3_1"
"1785","TAAGCGTCAAGAGCTG-1_3_1"
"1786","TAAGCGTCAAGCACAG-1_3_1"
"1787","TAAGCGTGTACTGACT-1_3_1"
"1788","TAAGCGTGTCTAGGCC-1_3_1"
"1789","TAAGTCGAGGAACTAT-1_3_1"
"1790","TAAGTCGCACACAGCC-1_3_1"
"1791","TAAGTCGTCAACCTCC-1_3_1"
"1792","TAAGTCGTCAGAATAG-1_3_1"
"1793","TAAGTCGTCTAGTGAC-1_3_1"
"1794","TAATCTCGTTCTAAGC-1_3_1"
"1795","TAATCTCGTTTAAGGA-1_3_1"
"1796","TAATTCCAGGCTTAGG-1_3_1"
"1797","TAATTCCTCGTAGGGA-1_3_1"
"1798","TACAACGGTAATCAAG-1_3_1"
"1799","TACAACGTCACATTGG-1_3_1"
"1800","TACACCCAGCTTACGT-1_3_1"
"1801","TACACCCCACACACGC-1_3_1"
"1802","TACACCCCACGTAACT-1_3_1"
"1803","TACACCCGTCGTCGGT-1_3_1"
"1804","TACACCCTCGTCCTCA-1_3_1"
"1805","TACAGGTCATACGCAT-1_3_1"
"1806","TACATTCCAATTGTGC-1_3_1"
"1807","TACATTCGTCGTCAGC-1_3_1"
"1808","TACATTCTCTAACGGT-1_3_1"
"1809","TACCCACAGTTTGAGA-1_3_1"
"1810","TACCCACCAACCTAAC-1_3_1"
"1811","TACCCACGTGCTATTG-1_3_1"
"1812","TACCCACTCGGTCTGG-1_3_1"
"1813","TACCCGTAGTCATGGG-1_3_1"
"1814","TACCCGTCATAACGGG-1_3_1"
"1815","TACCCGTTCCCATGGG-1_3_1"
"1816","TACCGAAGTATTCTCT-1_3_1"
"1817","TACCGAAGTGAATTAG-1_3_1"
"1818","TACCGGGCATGGGCAA-1_3_1"
"1819","TACCTCGCATCCGATA-1_3_1"
"1820","TACCTCGGTATGCTTG-1_3_1"
"1821","TACCTCGGTCGCCTAG-1_3_1"
"1822","TACGCTCCACATTCGA-1_3_1"
"1823","TACGCTCTCGACCAAT-1_3_1"
"1824","TACGGGCCAAGTGGAC-1_3_1"
"1825","TACGGGCGTAGGAAAG-1_3_1"
"1826","TACGGGCTCCACTAGA-1_3_1"
"1827","TACGGTACAAATCGGG-1_3_1"
"1828","TACGGTATCGCATTGA-1_3_1"
"1829","TACGTCCGTAGGCAGT-1_3_1"
"1830","TACGTCCTCCAACTGA-1_3_1"
"1831","TACTGCCTCATCACAG-1_3_1"
"1832","TACTGCCTCGTAGGAG-1_3_1"
"1833","TACTTACTCACCATAG-1_3_1"
"1834","TACTTCAAGCATGAAT-1_3_1"
"1835","TACTTCAAGGGATGTC-1_3_1"
"1836","TACTTCAGTTCTATCT-1_3_1"
"1837","TACTTGTAGTTACTCG-1_3_1"
"1838","TACTTGTCACCAACAT-1_3_1"
"1839","TACTTGTGTACCTTCC-1_3_1"
"1840","TAGACCAAGCTGAGTG-1_3_1"
"1841","TAGACCAGTAATTAGG-1_3_1"
"1842","TAGACCAGTTCCGGTG-1_3_1"
"1843","TAGACCATCAGACCGC-1_3_1"
"1844","TAGACTGCAGATTTCG-1_3_1"
"1845","TAGACTGGTGAGTAAT-1_3_1"
"1846","TAGACTGGTTCGGACC-1_3_1"
"1847","TAGAGTCGTCTGTGGC-1_3_1"
"1848","TAGATCGAGAGCACTG-1_3_1"
"1849","TAGATCGCAGTTGAAA-1_3_1"
"1850","TAGATCGCATCTAGAC-1_3_1"
"1851","TAGATCGTCTGAGAGG-1_3_1"
"1852","TAGCACACAATATCCG-1_3_1"
"1853","TAGCACATCCCGAGAC-1_3_1"
"1854","TAGCACATCGCCAATA-1_3_1"
"1855","TAGGAGGCAGCTGCCA-1_3_1"
"1856","TAGGAGGGTTCTCGTC-1_3_1"
"1857","TAGGAGGGTTTAGAGA-1_3_1"
"1858","TAGGGTTCAGCAATTC-1_3_1"
"1859","TAGGTACCAGGGACTA-1_3_1"
"1860","TAGTGCACACAACGAG-1_3_1"
"1861","TAGTGCATCGTGCTCT-1_3_1"
"1862","TAGTGCATCGTTGTTT-1_3_1"
"1863","TAGTGCATCTCGACGG-1_3_1"
"1864","TAGTGCATCTGAGCAT-1_3_1"
"1865","TATACCTCAACAAGTA-1_3_1"
"1866","TATACCTGTATCTCTT-1_3_1"
"1867","TATATCCAGAGTACCG-1_3_1"
"1868","TATCAGGAGTCTAACC-1_3_1"
"1869","TATCAGGCATTGTCGA-1_3_1"
"1870","TATCAGGGTGTCGCTG-1_3_1"
"1871","TATCAGGGTTAAACAG-1_3_1"
"1872","TATCCTAAGTTGTAGA-1_3_1"
"1873","TATCGCCGTGTCGCTG-1_3_1"
"1874","TATCGCCTCACTTATC-1_3_1"
"1875","TATCTGTAGGCTGTAG-1_3_1"
"1876","TATCTGTCAAGCTACT-1_3_1"
"1877","TATCTTGCATGAATAG-1_3_1"
"1878","TATGTTCAGCCAGAGT-1_3_1"
"1879","TATTGGGAGAGCCGAT-1_3_1"
"1880","TATTTCGAGGTAGCCA-1_3_1"
"1881","TATTTCGCACATGAAA-1_3_1"
"1882","TCAAGACCAATTGCTG-1_3_1"
"1883","TCAAGACGTTCGTGCG-1_3_1"
"1884","TCAAGACTCTTGAACG-1_3_1"
"1885","TCAAGCAAGTGCACAG-1_3_1"
"1886","TCAAGCACAAGCCATT-1_3_1"
"1887","TCAAGCACATGAGGGT-1_3_1"
"1888","TCAAGTGAGACCATGG-1_3_1"
"1889","TCAAGTGAGGCAATGC-1_3_1"
"1890","TCAAGTGAGGGTGGGA-1_3_1"
"1891","TCAAGTGCACTGGATT-1_3_1"
"1892","TCAAGTGCAGGTGTTT-1_3_1"
"1893","TCAATCTAGATCGGTG-1_3_1"
"1894","TCAATCTAGCACCTGC-1_3_1"
"1895","TCAATCTAGCCAGAGT-1_3_1"
"1896","TCAATCTAGTGGTTCT-1_3_1"
"1897","TCAATCTCAGATGCGA-1_3_1"
"1898","TCAATTCCAAGTGGCA-1_3_1"
"1899","TCAATTCGTGTTCCAA-1_3_1"
"1900","TCACAAGAGCTTTCCC-1_3_1"
"1901","TCACAAGCAACAGATA-1_3_1"
"1902","TCACAAGCATCCCGTT-1_3_1"
"1903","TCACAAGCATTCATCT-1_3_1"
"1904","TCACAAGGTATCAAGA-1_3_1"
"1905","TCACAAGGTTGACTAC-1_3_1"
"1906","TCACACCAGACGACGT-1_3_1"
"1907","TCACACCTCCTCTAAT-1_3_1"
"1908","TCACATTAGAAATGGG-1_3_1"
"1909","TCACATTAGGATACAT-1_3_1"
"1910","TCACATTGTCGAATTC-1_3_1"
"1911","TCACGCTCACACGGTC-1_3_1"
"1912","TCACGCTCACATATGC-1_3_1"
"1913","TCACGGGCAAAGGATT-1_3_1"
"1914","TCACGGGCATGAAGGC-1_3_1"
"1915","TCACGGGGTGGAGAAA-1_3_1"
"1916","TCACTATAGAGGGTGG-1_3_1"
"1917","TCACTATAGCACCCAC-1_3_1"
"1918","TCACTATAGCACTAGG-1_3_1"
"1919","TCACTATGTCACAGAG-1_3_1"
"1920","TCACTATGTCAGGTGA-1_3_1"
"1921","TCACTATGTGCACGCT-1_3_1"
"1922","TCACTATTCCGCGAGT-1_3_1"
"1923","TCACTCGAGTGAGGCT-1_3_1"
"1924","TCACTCGCACATTGTG-1_3_1"
"1925","TCACTCGTCCGACGGT-1_3_1"
"1926","TCACTCGTCGTGTGAT-1_3_1"
"1927","TCAGCAAAGACATCCT-1_3_1"
"1928","TCAGCAAAGTCGAATA-1_3_1"
"1929","TCAGCCTAGGTTACAA-1_3_1"
"1930","TCAGCCTGTTCGTGCG-1_3_1"
"1931","TCAGCCTTCGCAGTGC-1_3_1"
"1932","TCAGCCTTCGCATTAG-1_3_1"
"1933","TCAGGGCAGGCGAACT-1_3_1"
"1934","TCAGGGCGTGAACTAA-1_3_1"
"1935","TCAGGTAGTTTGTTCT-1_3_1"
"1936","TCAGGTATCTGGGCCA-1_3_1"
"1937","TCAGTCCAGACAACTA-1_3_1"
"1938","TCAGTCCAGTCACGAG-1_3_1"
"1939","TCAGTCCCAACACGTT-1_3_1"
"1940","TCAGTCCGTTACGGAG-1_3_1"
"1941","TCAGTCCGTTAGAGAT-1_3_1"
"1942","TCAGTCCGTTTACGTG-1_3_1"
"1943","TCAGTGAAGAGGTCAC-1_3_1"
"1944","TCAGTGAGTAGATCCT-1_3_1"
"1945","TCAGTGAGTGGCTACC-1_3_1"
"1946","TCAGTTTTCAAACCTG-1_3_1"
"1947","TCAGTTTTCCGCAACG-1_3_1"
"1948","TCAGTTTTCCGTGTCT-1_3_1"
"1949","TCAGTTTTCGTTGTGA-1_3_1"
"1950","TCATATCAGCCAACCC-1_3_1"
"1951","TCATATCTCGGCATAT-1_3_1"
"1952","TCATCATGTTGTCATG-1_3_1"
"1953","TCATCCGAGTGCTCAT-1_3_1"
"1954","TCATCCGCAACCACGC-1_3_1"
"1955","TCATCCGGTGTGTCCG-1_3_1"
"1956","TCATGAGCAGGGTTGA-1_3_1"
"1957","TCATGCCTCGCGTGCA-1_3_1"
"1958","TCATGGAAGCCAAGGT-1_3_1"
"1959","TCATGGAGTCTAGATC-1_3_1"
"1960","TCATGGAGTTTGATCG-1_3_1"
"1961","TCATGTTGTAGCTTTG-1_3_1"
"1962","TCATGTTGTTTGGAGG-1_3_1"
"1963","TCATGTTTCGGAACTT-1_3_1"
"1964","TCATTACAGAAACTAC-1_3_1"
"1965","TCATTACAGGAACGAA-1_3_1"
"1966","TCATTACCATGTCGTA-1_3_1"
"1967","TCATTACTCCATCTCG-1_3_1"
"1968","TCATTCAAGTACCATC-1_3_1"
"1969","TCATTCACAGGGTCTC-1_3_1"
"1970","TCATTCATCCGTATGA-1_3_1"
"1971","TCATTCATCCTAGCGG-1_3_1"
"1972","TCATTCATCGGCCAAC-1_3_1"
"1973","TCATTGTAGAATTTGG-1_3_1"
"1974","TCATTGTTCTGGAAGG-1_3_1"
"1975","TCATTTGAGTTATGGA-1_3_1"
"1976","TCATTTGAGTTCCAGT-1_3_1"
"1977","TCATTTGCACAACGTT-1_3_1"
"1978","TCATTTGCACCAAATC-1_3_1"
"1979","TCATTTGGTTTCTTAC-1_3_1"
"1980","TCCACCAGTCTCAGAT-1_3_1"
"1981","TCCACGTCACGATAGG-1_3_1"
"1982","TCCACGTCAGTCAGCC-1_3_1"
"1983","TCCACGTCAGTGGTGA-1_3_1"
"1984","TCCACGTTCATGCCCT-1_3_1"
"1985","TCCAGAAAGCGGTAGT-1_3_1"
"1986","TCCAGAACACTACAGT-1_3_1"
"1987","TCCATCGCAGAGTAAT-1_3_1"
"1988","TCCATCGCAGCAAGAC-1_3_1"
"1989","TCCATCGCATTGACAC-1_3_1"
"1990","TCCATCGTCTTCCAGC-1_3_1"
"1991","TCCATGCGTAGAGGAA-1_3_1"
"1992","TCCATGCTCTCTATAC-1_3_1"
"1993","TCCCACAAGAGAGCCT-1_3_1"
"1994","TCCCACACAATGGCAG-1_3_1"
"1995","TCCCACAGTGACATCT-1_3_1"
"1996","TCCCAGTCAAGTGGGT-1_3_1"
"1997","TCCCAGTGTAAGCGGT-1_3_1"
"1998","TCCCAGTTCACTTGGA-1_3_1"
"1999","TCCCATGCAAGTTCGT-1_3_1"
"2000","TCCCATGGTTGCGTAT-1_3_1"
"2001","TCCCATGTCCGCGAGT-1_3_1"
"2002","TCCGAAAGTCCTCAGG-1_3_1"
"2003","TCCGAAATCAAACTGC-1_3_1"
"2004","TCCGATCAGAGGGTCT-1_3_1"
"2005","TCCGATCCATAGGTAA-1_3_1"
"2006","TCCGGGAAGCGACTTT-1_3_1"
"2007","TCCGGGACACACGCCA-1_3_1"
"2008","TCCGTGTCAAACCGGA-1_3_1"
"2009","TCCGTGTTCTAACGGT-1_3_1"
"2010","TCCTAATCAGCCTTCT-1_3_1"
"2011","TCCTAATCAGTGTGCC-1_3_1"
"2012","TCCTCCCAGCTCCACG-1_3_1"
"2013","TCCTCCCCACAATGTC-1_3_1"
"2014","TCCTCGACACAGAGAC-1_3_1"
"2015","TCCTCGAGTATACGGG-1_3_1"
"2016","TCCTCGATCGCAATTG-1_3_1"
"2017","TCCTCTTCAAGAGGTC-1_3_1"
"2018","TCCTGCAAGAACCGCA-1_3_1"
"2019","TCCTGCACAGATCCAT-1_3_1"
"2020","TCCTTCTAGCTCCATA-1_3_1"
"2021","TCCTTCTAGTTGAAGT-1_3_1"
"2022","TCCTTCTGTAGCTGCC-1_3_1"
"2023","TCCTTCTTCAACTTTC-1_3_1"
"2024","TCCTTTCCAACCCTCT-1_3_1"
"2025","TCCTTTCTCCTTACCG-1_3_1"
"2026","TCGAACAGTAGAGATT-1_3_1"
"2027","TCGAACATCTGTGCAA-1_3_1"
"2028","TCGAAGTCACTGGACC-1_3_1"
"2029","TCGACCTAGCGGTAAC-1_3_1"
"2030","TCGACCTGTTCTGACA-1_3_1"
"2031","TCGACCTTCGACATTG-1_3_1"
"2032","TCGACCTTCTGGCCTT-1_3_1"
"2033","TCGACGGCATAATCGC-1_3_1"
"2034","TCGACGGTCGTCCATC-1_3_1"
"2035","TCGATTTAGAGGGTCT-1_3_1"
"2036","TCGATTTCACACGTGC-1_3_1"
"2037","TCGATTTGTATCACGT-1_3_1"
"2038","TCGATTTGTGGCCTCA-1_3_1"
"2039","TCGCACTAGGGTTAAT-1_3_1"
"2040","TCGCACTCACGTAACT-1_3_1"
"2041","TCGCACTCATGAGATA-1_3_1"
"2042","TCGCACTGTCGGTGAA-1_3_1"
"2043","TCGCAGGCACGTAGTT-1_3_1"
"2044","TCGCAGGCAGACACAG-1_3_1"
"2045","TCGCAGGCAGAGATGC-1_3_1"
"2046","TCGCTCACAAGGTTGG-1_3_1"
"2047","TCGCTCATCTGGGAGA-1_3_1"
"2048","TCGCTTGCATCGCCTT-1_3_1"
"2049","TCGCTTGCATCTCGTC-1_3_1"
"2050","TCGCTTGCATTGTAGC-1_3_1"
"2051","TCGCTTGGTAGTAAGT-1_3_1"
"2052","TCGCTTGGTCCGACGT-1_3_1"
"2053","TCGGATAAGGGTTAGC-1_3_1"
"2054","TCGGATACACTGCGAC-1_3_1"
"2055","TCGGATACACTGGCCA-1_3_1"
"2056","TCGGATATCACCGCTT-1_3_1"
"2057","TCGGATATCAGAACCT-1_3_1"
"2058","TCGGGCAAGGACTAAT-1_3_1"
"2059","TCGGGCATCAATCTTC-1_3_1"
"2060","TCGGGCATCTGCTTTA-1_3_1"
"2061","TCGGGTGAGTCTCCTC-1_3_1"
"2062","TCGGGTGTCACAAGGG-1_3_1"
"2063","TCGGTCTAGCATTGTC-1_3_1"
"2064","TCGTAGAAGCGTTACT-1_3_1"
"2065","TCGTAGACAACATCGT-1_3_1"
"2066","TCGTAGAGTTCGAGCC-1_3_1"
"2067","TCGTCCACAAAGGCAC-1_3_1"
"2068","TCGTCCACAGAGTTCT-1_3_1"
"2069","TCGTCCAGTCGCATCG-1_3_1"
"2070","TCGTCCAGTGTAAACA-1_3_1"
"2071","TCGTCCATCAGTCAGT-1_3_1"
"2072","TCGTGCTGTGAAGCTG-1_3_1"
"2073","TCGTGCTTCCAGTGTA-1_3_1"
"2074","TCGTGGGTCCACCTCA-1_3_1"
"2075","TCTACATAGAAAGTCT-1_3_1"
"2076","TCTACATGTCTTTCTA-1_3_1"
"2077","TCTACATGTGGTCTTA-1_3_1"
"2078","TCTATACGTCACATTG-1_3_1"
"2079","TCTATACGTCACTACA-1_3_1"
"2080","TCTATCACAAACTCGT-1_3_1"
"2081","TCTATCAGTCTAACGT-1_3_1"
"2082","TCTATCAGTTGCGTAT-1_3_1"
"2083","TCTATCATCCAACCGG-1_3_1"
"2084","TCTCACGAGTGCAACG-1_3_1"
"2085","TCTCACGCATCGATAC-1_3_1"
"2086","TCTCCGAAGCCGGAAT-1_3_1"
"2087","TCTCCGAAGCCTGTGC-1_3_1"
"2088","TCTCCGATCAAGTCTG-1_3_1"
"2089","TCTCCGATCAGAGCAG-1_3_1"
"2090","TCTCCGATCCCTGTTG-1_3_1"
"2091","TCTGCCAAGCATCCTA-1_3_1"
"2092","TCTGCCACAGGTGAGT-1_3_1"
"2093","TCTGCCACATCACAGT-1_3_1"
"2094","TCTGCCACATCAGTGT-1_3_1"
"2095","TCTGGCTAGAACTTCC-1_3_1"
"2096","TCTGTCGGTAGAGCTG-1_3_1"
"2097","TCTGTCGTCGTCTCAC-1_3_1"
"2098","TCTTAGTAGCCTGAAG-1_3_1"
"2099","TCTTAGTGTACAGCGA-1_3_1"
"2100","TCTTCCTTCACGTCCT-1_3_1"
"2101","TCTTCCTTCCTACGAA-1_3_1"
"2102","TCTTCCTTCTCGGGAC-1_3_1"
"2103","TCTTGCGAGTAACGTA-1_3_1"
"2104","TCTTGCGCAAAGAACT-1_3_1"
"2105","TCTTGCGTCGCTAGCG-1_3_1"
"2106","TGAACGTCAAGCCATT-1_3_1"
"2107","TGAACGTCAGAAATCA-1_3_1"
"2108","TGAATCGAGGCCTAAG-1_3_1"
"2109","TGAATGCAGACAAGCC-1_3_1"
"2110","TGAATGCGTGTTAGCT-1_3_1"
"2111","TGAATGCGTTATTCCT-1_3_1"
"2112","TGAATGCTCCCATAGA-1_3_1"
"2113","TGACAGTAGTGGCGAT-1_3_1"
"2114","TGACAGTCATGTTCAG-1_3_1"
"2115","TGACAGTCATTGCTGA-1_3_1"
"2116","TGACAGTGTTGTATGC-1_3_1"
"2117","TGACAGTTCTTCTAAC-1_3_1"
"2118","TGACCCTGTAGCGTTT-1_3_1"
"2119","TGACCCTGTCCCACGA-1_3_1"
"2120","TGACCCTTCGCCTATC-1_3_1"
"2121","TGACGCGAGAAGCTGC-1_3_1"
"2122","TGACGCGCAGCCTTCT-1_3_1"
"2123","TGACTCCCAGAAGTGC-1_3_1"
"2124","TGAGACTAGCACCCAC-1_3_1"
"2125","TGAGACTAGTCCTACA-1_3_1"
"2126","TGAGACTGTACGATCT-1_3_1"
"2127","TGAGACTTCACCTGTC-1_3_1"
"2128","TGAGCATAGCCACTCG-1_3_1"
"2129","TGAGCATAGTAACGAT-1_3_1"
"2130","TGAGCGCGTTGACGGA-1_3_1"
"2131","TGAGCGCTCCGTGGGT-1_3_1"
"2132","TGAGCGCTCTATTGTC-1_3_1"
"2133","TGAGGAGAGGTCACTT-1_3_1"
"2134","TGAGGGACACACGTGC-1_3_1"
"2135","TGAGGTTAGAGTTGTA-1_3_1"
"2136","TGAGGTTAGCCTATTG-1_3_1"
"2137","TGAGTCAAGGCGTCCT-1_3_1"
"2138","TGAGTCAAGGTACAAT-1_3_1"
"2139","TGAGTCACAGCACACC-1_3_1"
"2140","TGAGTCAGTGCGGTAA-1_3_1"
"2141","TGATCAGAGTACTGTC-1_3_1"
"2142","TGATCAGGTTAAACAG-1_3_1"
"2143","TGATCTTCATTGTGCA-1_3_1"
"2144","TGATGCATCACGATCA-1_3_1"
"2145","TGATGCATCAGGACAG-1_3_1"
"2146","TGATGGTGTGAATTGA-1_3_1"
"2147","TGATGGTGTTGGCCGT-1_3_1"
"2148","TGATGGTTCAAACTGC-1_3_1"
"2149","TGATTCTAGCGGCTCT-1_3_1"
"2150","TGATTCTTCATTTCCA-1_3_1"
"2151","TGATTTCCACAGCTGC-1_3_1"
"2152","TGATTTCCACAGCTTA-1_3_1"
"2153","TGATTTCGTCTTGGTA-1_3_1"
"2154","TGATTTCGTTGGGATG-1_3_1"
"2155","TGCACGGAGCACCAGA-1_3_1"
"2156","TGCACGGCAGGACTAG-1_3_1"
"2157","TGCAGATGTACCTATG-1_3_1"
"2158","TGCAGATTCTTCCTAA-1_3_1"
"2159","TGCAGGCAGCTACTAC-1_3_1"
"2160","TGCAGGCCATCATTGG-1_3_1"
"2161","TGCAGTACACTTACAG-1_3_1"
"2162","TGCAGTACAGGACGAT-1_3_1"
"2163","TGCAGTAGTACTCGAT-1_3_1"
"2164","TGCAGTATCGTTAGAC-1_3_1"
"2165","TGCATCCAGAGGACTC-1_3_1"
"2166","TGCATCCAGCACGTCC-1_3_1"
"2167","TGCATCCCAATGTGGG-1_3_1"
"2168","TGCATCCCAGTCAGAG-1_3_1"
"2169","TGCATCCCAGTTGGTT-1_3_1"
"2170","TGCATGAGTAACAAGT-1_3_1"
"2171","TGCCGAGCATCCTCAC-1_3_1"
"2172","TGCGACGAGTCGGCCT-1_3_1"
"2173","TGCGACGCAAGACGAC-1_3_1"
"2174","TGCGACGCACATATGC-1_3_1"
"2175","TGCGACGCATCCGGCA-1_3_1"
"2176","TGCGACGGTATTCCGA-1_3_1"
"2177","TGCGATAGTTCCGTTC-1_3_1"
"2178","TGCGATATCTCGTGAA-1_3_1"
"2179","TGCGGCAAGCACAAAT-1_3_1"
"2180","TGCGGGTAGATGGCAC-1_3_1"
"2181","TGCGGGTGTTTCGGCG-1_3_1"
"2182","TGCTCCACAGAAGTTA-1_3_1"
"2183","TGCTCCACAGGTGGAT-1_3_1"
"2184","TGCTCCAGTAGGACCA-1_3_1"
"2185","TGCTCCAGTCGCACAC-1_3_1"
"2186","TGCTCCATCTGCTCTG-1_3_1"
"2187","TGCTCGTAGACCAAAT-1_3_1"
"2188","TGCTCGTGTTGATCGT-1_3_1"
"2189","TGCTCGTTCCCGAACG-1_3_1"
"2190","TGCTGAAAGTATGTAG-1_3_1"
"2191","TGCTGAACACAATTCG-1_3_1"
"2192","TGCTGAAGTTCAGGTT-1_3_1"
"2193","TGCTGAATCTGCCTGT-1_3_1"
"2194","TGCTTCGAGGAAAGGT-1_3_1"
"2195","TGCTTCGCATCCGATA-1_3_1"
"2196","TGCTTCGTCCCTCATG-1_3_1"
"2197","TGCTTGCGTGCCTGCA-1_3_1"
"2198","TGGAACTAGGCATGCA-1_3_1"
"2199","TGGAACTCATATCTCT-1_3_1"
"2200","TGGAGAGAGGCAGGGA-1_3_1"
"2201","TGGAGAGGTACGGTTT-1_3_1"
"2202","TGGAGGACAGTATGAA-1_3_1"
"2203","TGGATCAGTTACACTG-1_3_1"
"2204","TGGATCATCTATGTGG-1_3_1"
"2205","TGGATGTCACTACCCT-1_3_1"
"2206","TGGATGTGTATTCCGA-1_3_1"
"2207","TGGGAAGAGAAGGCTC-1_3_1"
"2208","TGGGAAGAGTTCTCTT-1_3_1"
"2209","TGGGAAGCACACCAGC-1_3_1"
"2210","TGGGAAGGTATCGAAA-1_3_1"
"2211","TGGGAAGTCGAGAGCA-1_3_1"
"2212","TGGGAGACACGGATCC-1_3_1"
"2213","TGGGATTAGGGTATAT-1_3_1"
"2214","TGGGCGTAGCAGGCAT-1_3_1"
"2215","TGGGCGTCAGGTGTGA-1_3_1"
"2216","TGGGCTGAGGAATCGC-1_3_1"
"2217","TGGGCTGCAGAAATCA-1_3_1"
"2218","TGGGCTGGTAGACACG-1_3_1"
"2219","TGGGCTGTCGCCAATA-1_3_1"
"2220","TGGGTTAAGATAGGGA-1_3_1"
"2221","TGGGTTACAAAGCGTG-1_3_1"
"2222","TGGTACAAGTTTCAGC-1_3_1"
"2223","TGGTACACAAAGCGTG-1_3_1"
"2224","TGGTAGTTCGTTCCCA-1_3_1"
"2225","TGGTGATCACGCCAGT-1_3_1"
"2226","TGGTTAGAGATGGGCT-1_3_1"
"2227","TGGTTAGCACGTAGTT-1_3_1"
"2228","TGGTTAGGTACGCTTA-1_3_1"
"2229","TGGTTAGTCTACGGGC-1_3_1"
"2230","TGGTTAGTCTCGTGGG-1_3_1"
"2231","TGTAACGCAGCAATTC-1_3_1"
"2232","TGTAACGGTCCCTCAT-1_3_1"
"2233","TGTAAGCAGCGGGTTA-1_3_1"
"2234","TGTAAGCGTGAAAGTT-1_3_1"
"2235","TGTAAGCTCTCAGAAC-1_3_1"
"2236","TGTACAGAGTGCCAGA-1_3_1"
"2237","TGTAGACAGGGCAAGG-1_3_1"
"2238","TGTAGACCAGTGCCTG-1_3_1"
"2239","TGTAGACGTAATACCC-1_3_1"
"2240","TGTAGACTCGAAGAAT-1_3_1"
"2241","TGTCAGAAGTCCGCGT-1_3_1"
"2242","TGTCCACAGACGCCAA-1_3_1"
"2243","TGTCCACGTAGTTAGA-1_3_1"
"2244","TGTCCACGTCAGTCGC-1_3_1"
"2245","TGTCCCAGTGGTTTGT-1_3_1"
"2246","TGTCCTGAGACATAAC-1_3_1"
"2247","TGTCCTGTCCTCCACA-1_3_1"
"2248","TGTCCTGTCTTCTGGC-1_3_1"
"2249","TGTGAGTCAACGATTC-1_3_1"
"2250","TGTGAGTCAGAACTAA-1_3_1"
"2251","TGTGAGTTCCTCCACA-1_3_1"
"2252","TGTGATGGTCCCTGTT-1_3_1"
"2253","TGTGATGGTTGTATGC-1_3_1"
"2254","TGTGATGTCGAACACT-1_3_1"
"2255","TGTGATGTCGCCACTT-1_3_1"
"2256","TGTGCGGAGCAGTAAT-1_3_1"
"2257","TGTGCGGGTTCCGGTG-1_3_1"
"2258","TGTGGCGAGGAACGCT-1_3_1"
"2259","TGTGGCGAGTATGCAA-1_3_1"
"2260","TGTGGCGGTCATAGTC-1_3_1"
"2261","TGTGGCGTCGACATCA-1_3_1"
"2262","TGTGGCGTCGTAGAGG-1_3_1"
"2263","TGTGTGAAGATAGGGA-1_3_1"
"2264","TGTGTGAGTCATCCGG-1_3_1"
"2265","TGTGTGAGTCCTACGG-1_3_1"
"2266","TGTGTGAGTGTGTGGA-1_3_1"
"2267","TGTTACTAGATGCTTC-1_3_1"
"2268","TGTTCATAGTGCGTCC-1_3_1"
"2269","TGTTCATGTGTTCAGT-1_3_1"
"2270","TGTTCATGTTGTGCCG-1_3_1"
"2271","TGTTCATTCGTGGAAG-1_3_1"
"2272","TGTTCCGAGGTCGAGT-1_3_1"
"2273","TGTTCCGCACCCTCTA-1_3_1"
"2274","TGTTCCGTCGTGACTA-1_3_1"
"2275","TGTTGAGAGCAGCCTC-1_3_1"
"2276","TGTTGAGCAATACGAA-1_3_1"
"2277","TGTTGAGTCCCTCTAG-1_3_1"
"2278","TGTTGAGTCTGGTCAA-1_3_1"
"2279","TGTTGGACACGACGCT-1_3_1"
"2280","TGTTGGAGTCGAGTTT-1_3_1"
"2281","TGTTGGAGTTTCGTAG-1_3_1"
"2282","TGTTTGTAGGCTCTAT-1_3_1"
"2283","TGTTTGTCACCACATA-1_3_1"
"2284","TGTTTGTGTAGGTCAG-1_3_1"
"2285","TGTTTGTGTCCCTAAA-1_3_1"
"2286","TGTTTGTGTTTGGGTT-1_3_1"
"2287","TTAATCCCACGATAGG-1_3_1"
"2288","TTAATCCCATCGGCCA-1_3_1"
"2289","TTACAGGAGACGGTTG-1_3_1"
"2290","TTACAGGAGCGTTGTT-1_3_1"
"2291","TTACAGGTCTTACGGA-1_3_1"
"2292","TTACAGGTCTTCGGAA-1_3_1"
"2293","TTACCATAGAGTAACT-1_3_1"
"2294","TTACCATAGCTGCGAA-1_3_1"
"2295","TTACCATGTGTTCAGT-1_3_1"
"2296","TTACCATTCATCTGTT-1_3_1"
"2297","TTACCGCAGACTGGGT-1_3_1"
"2298","TTACCGCAGCATTGAA-1_3_1"
"2299","TTACCGCTCGGCCAAC-1_3_1"
"2300","TTACTGTAGCCAAGGT-1_3_1"
"2301","TTACTGTCACTCAGAT-1_3_1"
"2302","TTACTGTCAGGTGTGA-1_3_1"
"2303","TTACTGTGTAAGATAC-1_3_1"
"2304","TTAGGCAAGCAGGCAT-1_3_1"
"2305","TTAGGCAAGTCTACCA-1_3_1"
"2306","TTAGGCATCCTTCACG-1_3_1"
"2307","TTAGGGTAGGCGTTAG-1_3_1"
"2308","TTAGGGTAGGTCCTGC-1_3_1"
"2309","TTAGGGTTCAATCCAG-1_3_1"
"2310","TTAGGGTTCGGCTCTT-1_3_1"
"2311","TTAGGGTTCTCTTGCG-1_3_1"
"2312","TTAGTCTAGGTGAGCT-1_3_1"
"2313","TTAGTCTAGTAGTCAA-1_3_1"
"2314","TTAGTCTAGTTGTAGA-1_3_1"
"2315","TTAGTCTGTTTGTTGG-1_3_1"
"2316","TTATTGCAGGTTAAAC-1_3_1"
"2317","TTCAATCAGAATACAC-1_3_1"
"2318","TTCAATCAGCGTCAGA-1_3_1"
"2319","TTCAATCGTAGATGTA-1_3_1"
"2320","TTCAATCGTCCATCTC-1_3_1"
"2321","TTCACCGAGACAACTA-1_3_1"
"2322","TTCACCGAGGTCACCC-1_3_1"
"2323","TTCAGGAGTGAAGCGT-1_3_1"
"2324","TTCAGGAGTGGAACCA-1_3_1"
"2325","TTCAGGATCCCGAGAC-1_3_1"
"2326","TTCATGTCACAACATC-1_3_1"
"2327","TTCATTGGTCGAGTTT-1_3_1"
"2328","TTCATTGTCGCACGGT-1_3_1"
"2329","TTCCAATGTAACCCGC-1_3_1"
"2330","TTCCACGAGATTACCC-1_3_1"
"2331","TTCCACGCACCTGATA-1_3_1"
"2332","TTCCACGCAGAACTAA-1_3_1"
"2333","TTCCACGGTACAGAAT-1_3_1"
"2334","TTCCGGTCAGACACCC-1_3_1"
"2335","TTCCGGTCAGCGTAGA-1_3_1"
"2336","TTCCGGTCAGGGTTGA-1_3_1"
"2337","TTCCGGTCATCTGCGG-1_3_1"
"2338","TTCCGGTTCTGGAGAG-1_3_1"
"2339","TTCCGTGAGTCCTGTA-1_3_1"
"2340","TTCCGTGCACCCTCTA-1_3_1"
"2341","TTCCGTGCACGAGAAC-1_3_1"
"2342","TTCCGTGGTATCGCAT-1_3_1"
"2343","TTCCGTGGTGACATCT-1_3_1"
"2344","TTCCGTGTCGATACTG-1_3_1"
"2345","TTCCTAATCATTATCC-1_3_1"
"2346","TTCCTCTTCCGAAATC-1_3_1"
"2347","TTCCTTCCACTTCATT-1_3_1"
"2348","TTCCTTCGTTCAAACC-1_3_1"
"2349","TTCCTTCGTTCCAAAC-1_3_1"
"2350","TTCGATTAGCTAGAGC-1_3_1"
"2351","TTCGCTGCATGACGGA-1_3_1"
"2352","TTCTAACAGCGGACAT-1_3_1"
"2353","TTCTAACCAAACAGGC-1_3_1"
"2354","TTCTAACTCACACCCT-1_3_1"
"2355","TTCTAGTAGTAACAGT-1_3_1"
"2356","TTCTAGTGTCGTATGT-1_3_1"
"2357","TTCTAGTTCGTTGTTT-1_3_1"
"2358","TTCTCTCGTCTCGCGA-1_3_1"
"2359","TTCTGTATCCGATCTC-1_3_1"
"2360","TTCTTCCGTACACGCC-1_3_1"
"2361","TTCTTCCTCGACGTCG-1_3_1"
"2362","TTCTTGAAGTAACCTC-1_3_1"
"2363","TTCTTGACAGACGGAT-1_3_1"
"2364","TTGAACGCACTTGTCC-1_3_1"
"2365","TTGAACGGTTCAAGTC-1_3_1"
"2366","TTGAACGGTTGTCAGT-1_3_1"
"2367","TTGACCCGTAGGTCAG-1_3_1"
"2368","TTGACCCTCCATGCAA-1_3_1"
"2369","TTGACCCTCCCTGTTG-1_3_1"
"2370","TTGAGTGAGTCGCGAA-1_3_1"
"2371","TTGAGTGGTTCCCAAA-1_3_1"
"2372","TTGAGTGTCACCCTGT-1_3_1"
"2373","TTGATGGAGGCTAAAT-1_3_1"
"2374","TTGCATTCAGTGTGCC-1_3_1"
"2375","TTGCATTGTTGCATAC-1_3_1"
"2376","TTGCCTGCAAACCACT-1_3_1"
"2377","TTGCCTGCAGGCATGA-1_3_1"
"2378","TTGCGTCGTTCTAAGC-1_3_1"
"2379","TTGCGTCTCCGATAAC-1_3_1"
"2380","TTGCTGCAGCATGATA-1_3_1"
"2381","TTGCTGCAGGTGCCTC-1_3_1"
"2382","TTGCTGCGTATACGGG-1_3_1"
"2383","TTGGATGGTCACCTTC-1_3_1"
"2384","TTGGATGTCCATTTCA-1_3_1"
"2385","TTGGGATCAACAGAGC-1_3_1"
"2386","TTGGGATGTCGGAAAC-1_3_1"
"2387","TTGGGCGTCCTCTCGA-1_3_1"
"2388","TTGGTTTCACCAGTAT-1_3_1"
"2389","TTGGTTTTCATTTCCA-1_3_1"
"2390","TTGGTTTTCCATACAG-1_3_1"
"2391","TTGTGGAAGAGCAGTC-1_3_1"
"2392","TTGTGTTAGTCTGGTT-1_3_1"
"2393","TTGTGTTCAATGACCT-1_3_1"
"2394","TTGTTCAGTACTCCCT-1_3_1"
"2395","TTGTTGTAGACTCATC-1_3_1"
"2396","TTGTTGTAGGGCTTCC-1_3_1"
"2397","TTGTTGTTCAATGTCG-1_3_1"
"2398","TTGTTGTTCCAATCCC-1_3_1"
"2399","TTTACCATCCCTCATG-1_3_1"
"2400","TTTACGTGTCGAACGA-1_3_1"
"2401","TTTACGTTCAAGTCGT-1_3_1"
"2402","TTTACTGCACCAGGTC-1_3_1"
"2403","TTTACTGCAGAACATA-1_3_1"
"2404","TTTACTGTCTCTGGTC-1_3_1"
"2405","TTTAGTCAGCCTCCAG-1_3_1"
"2406","TTTAGTCAGCTCAGAG-1_3_1"
"2407","TTTAGTCCACTTCAAG-1_3_1"
"2408","TTTAGTCCATATGGCT-1_3_1"
"2409","TTTAGTCGTCGAGTGA-1_3_1"
"2410","TTTATGCAGTAACCGG-1_3_1"
"2411","TTTATGCAGTGTTGAA-1_3_1"
"2412","TTTATGCCACCTTCCA-1_3_1"
"2413","TTTATGCGTCTCAGGC-1_3_1"
"2414","TTTCACAAGCTCGACC-1_3_1"
"2415","TTTCACAGTGTCCGTG-1_3_1"
"2416","TTTCACATCCTCATAT-1_3_1"
"2417","TTTCAGTAGGCTTTCA-1_3_1"
"2418","TTTCAGTCAATATCCG-1_3_1"
"2419","TTTCAGTCATTCTCTA-1_3_1"
"2420","TTTCATGCATGTTCAG-1_3_1"
"2421","TTTCCTCAGGGAGAAT-1_3_1"
"2422","TTTCCTCCACCAGACC-1_3_1"
"2423","TTTCGATCACGCAAAG-1_3_1"
"2424","TTTCGATCAGCTCGGT-1_3_1"
"2425","TTTCGATTCTGTTCAT-1_3_1"
"2426","TTTGACTGTACTCCGG-1_3_1"
"2427","TTTGACTGTATGGAAT-1_3_1"
"2428","TTTGATCCAGATCATC-1_3_1"
"2429","TTTGATCGTCGGTAAG-1_3_1"
"2430","TTTGATCGTCTAATCG-1_3_1"
"2431","TTTGATCGTGATGGCA-1_3_1"
"2432","TTTGATCTCTTTCCGG-1_3_1"
"2433","TTTGGAGAGGTACAAT-1_3_1"
"2434","TTTGGAGGTAACTTCG-1_3_1"
"2435","TTTGGAGGTAGGCTGA-1_3_1"
"2436","TTTGGAGGTTCAGTAC-1_3_1"
"2437","TTTGGTTAGGATCATA-1_3_1"
"2438","TTTGGTTCAGCAATTC-1_3_1"
"2439","TTTGGTTTCAAATGCC-1_3_1"
"2440","TTTGTTGAGAACGTGC-1_3_1"
"2441","TTTGTTGTCCGATCTC-1_3_1"
