"","x"
"1","AAACCCACAACTTCTT-1_2_1"
"2","AAACCCACAGCAGATG-1_2_1"
"3","AAACCCAGTCTGGTTA-1_2_1"
"4","AAACGAAGTGACATCT-1_2_1"
"5","AAACGAATCTGCTTAT-1_2_1"
"6","AAACGCTAGTAATTGG-1_2_1"
"7","AAACGCTTCACGACTA-1_2_1"
"8","AAAGAACCACCTGATA-1_2_1"
"9","AAAGAACCAGCAAGAC-1_2_1"
"10","AAAGAACTCATCTATC-1_2_1"
"11","AAAGGATGTTTCGACA-1_2_1"
"12","AAAGGGCAGCTGACCC-1_2_1"
"13","AAAGGGCAGGCCTTGC-1_2_1"
"14","AAAGGGCAGTGTAGAT-1_2_1"
"15","AAAGGGCCATATACCG-1_2_1"
"16","AAAGGGCGTGGCTTGC-1_2_1"
"17","AAAGGTACATAACAGA-1_2_1"
"18","AAAGTCCCAATTGAAG-1_2_1"
"19","AAAGTGAAGACCGTTT-1_2_1"
"20","AAAGTGATCCACAGGC-1_2_1"
"21","AAAGTGATCTGTAAGC-1_2_1"
"22","AAATGGACAATCACGT-1_2_1"
"23","AACAAAGCAGGACAGT-1_2_1"
"24","AACAACCAGAGGGTCT-1_2_1"
"25","AACAACCCAGAGGTTG-1_2_1"
"26","AACAACCTCTCTAAGG-1_2_1"
"27","AACAAGAAGTCTACCA-1_2_1"
"28","AACAAGAAGTGATAAC-1_2_1"
"29","AACAAGACATGTCAGT-1_2_1"
"30","AACACACCAAACAGGC-1_2_1"
"31","AACACACCATCTCCCA-1_2_1"
"32","AACACACGTGTATTGC-1_2_1"
"33","AACAGGGCAAGACCTT-1_2_1"
"34","AACAGGGCAATGTCTG-1_2_1"
"35","AACAGGGTCAACCGAT-1_2_1"
"36","AACCAACGTGTACGCC-1_2_1"
"37","AACCACACATGATAGA-1_2_1"
"38","AACCACAGTGGCCCAT-1_2_1"
"39","AACCACATCCCAGCGA-1_2_1"
"40","AACCATGAGTGGTCAG-1_2_1"
"41","AACCATGGTTCTCGCT-1_2_1"
"42","AACCATGGTTTCCAAG-1_2_1"
"43","AACCCAAAGTTCATCG-1_2_1"
"44","AACCCAATCTGTGCAA-1_2_1"
"45","AACCCAATCTTGCAGA-1_2_1"
"46","AACCTGACAAGCTCTA-1_2_1"
"47","AACCTGACACCAAATC-1_2_1"
"48","AACCTGATCTAGACAC-1_2_1"
"49","AACCTTTAGAGAGTGA-1_2_1"
"50","AACCTTTAGAGGTCAC-1_2_1"
"51","AACCTTTAGCTGTTAC-1_2_1"
"52","AACCTTTCACTTGGGC-1_2_1"
"53","AACCTTTGTTGAAGTA-1_2_1"
"54","AACGAAACAGCGTATT-1_2_1"
"55","AACGAAAGTAGGCTCC-1_2_1"
"56","AACGAAATCCTTGAAG-1_2_1"
"57","AACGAAATCTATCGTT-1_2_1"
"58","AACGGGAAGATTCGAA-1_2_1"
"59","AACGGGACATTAGGCT-1_2_1"
"60","AACGGGAGTAGGCAAC-1_2_1"
"61","AACGGGATCTATCGTT-1_2_1"
"62","AACGTCAGTATCGCGC-1_2_1"
"63","AACGTCATCGTTCGCT-1_2_1"
"64","AACTTCTCAACGGCCT-1_2_1"
"65","AACTTCTGTCGGTGAA-1_2_1"
"66","AACTTCTTCGTGCAGC-1_2_1"
"67","AAGAACAGTTAGTTCG-1_2_1"
"68","AAGAACATCATCACAG-1_2_1"
"69","AAGACAAGTCAGTCTA-1_2_1"
"70","AAGACAATCGTCAACA-1_2_1"
"71","AAGACTCCACATATCG-1_2_1"
"72","AAGACTCCATGGAACG-1_2_1"
"73","AAGACTCCATGTCAGT-1_2_1"
"74","AAGACTCTCAGATGCT-1_2_1"
"75","AAGCATCTCGTACACA-1_2_1"
"76","AAGCCATCATTCTTCA-1_2_1"
"77","AAGCCATTCAGATGCT-1_2_1"
"78","AAGCCATTCCGTGCGA-1_2_1"
"79","AAGCGAGAGTATAACG-1_2_1"
"80","AAGCGTTAGACCAACG-1_2_1"
"81","AAGCGTTAGCATGAAT-1_2_1"
"82","AAGCGTTCAACAACAA-1_2_1"
"83","AAGCGTTTCAGCATTG-1_2_1"
"84","AAGCGTTTCCCATTTA-1_2_1"
"85","AAGGAATAGACATGCG-1_2_1"
"86","AAGGAATGTGCAAGAC-1_2_1"
"87","AAGGAATTCACCGCTT-1_2_1"
"88","AAGGAATTCGAGCCAC-1_2_1"
"89","AAGGTAAAGTTTGGCT-1_2_1"
"90","AAGGTAACAAACCATC-1_2_1"
"91","AAGGTAAGTGGTCTTA-1_2_1"
"92","AAGTACCAGCCTCCAG-1_2_1"
"93","AAGTACCGTAGGCAGT-1_2_1"
"94","AAGTACCTCCGAGCTG-1_2_1"
"95","AAGTCGTCAAAGTGTA-1_2_1"
"96","AAGTGAAAGTCCTGCG-1_2_1"
"97","AAGTGAAGTATCGCAT-1_2_1"
"98","AAGTGAATCGGCCAAC-1_2_1"
"99","AAGTTCGCAATGAAAC-1_2_1"
"100","AAGTTCGTCTTGCAGA-1_2_1"
"101","AATAGAGCACACTGGC-1_2_1"
"102","AATAGAGCATAGTCAC-1_2_1"
"103","AATAGAGGTGACCTGC-1_2_1"
"104","AATAGAGGTTCAAGTC-1_2_1"
"105","AATCACGAGAAGATCT-1_2_1"
"106","AATCACGGTAACGGTG-1_2_1"
"107","AATCACGGTGGCTTGC-1_2_1"
"108","AATCGACAGTAAGAGG-1_2_1"
"109","AATCGACGTACAAGCG-1_2_1"
"110","AATCGACGTGCCTGCA-1_2_1"
"111","AATCGTGCACTGCGAC-1_2_1"
"112","AATCGTGCATCTCCCA-1_2_1"
"113","AATCGTGGTATGGTAA-1_2_1"
"114","AATCGTGTCGATGGAG-1_2_1"
"115","AATGAAGAGATGAATC-1_2_1"
"116","AATGAAGAGATGTTGA-1_2_1"
"117","AATGAAGGTTCAAGTC-1_2_1"
"118","AATGACCAGCACTCCG-1_2_1"
"119","AATGACCCACGCTGAC-1_2_1"
"120","AATGGAAAGTGGACTG-1_2_1"
"121","AATGGAAGTAAGATTG-1_2_1"
"122","AATGGAAGTCAACATC-1_2_1"
"123","AATGGAATCGTTATCT-1_2_1"
"124","AATGGCTCAGCACAGA-1_2_1"
"125","AATGGCTCATGACGAG-1_2_1"
"126","AATGGCTGTGAATTGA-1_2_1"
"127","AATTCCTAGAGGTTAT-1_2_1"
"128","AATTCCTAGCGTGAGT-1_2_1"
"129","AATTCCTCACGTAGAG-1_2_1"
"130","AATTCCTTCAGCGCGT-1_2_1"
"131","AATTTCCAGGGCCTCT-1_2_1"
"132","AATTTCCTCTGGCCAG-1_2_1"
"133","ACAAAGAAGGTACTGG-1_2_1"
"134","ACAAAGACACTGGAAG-1_2_1"
"135","ACAAAGAGTCCAGCAC-1_2_1"
"136","ACAAAGATCCCTCTAG-1_2_1"
"137","ACAACCACAACAAAGT-1_2_1"
"138","ACAACCACACGGGCTT-1_2_1"
"139","ACAACCACAGGTATGG-1_2_1"
"140","ACAACCATCACTGGGC-1_2_1"
"141","ACAACCATCGACACCG-1_2_1"
"142","ACAAGCTAGTAGGGTC-1_2_1"
"143","ACAAGCTGTATCCTCC-1_2_1"
"144","ACAAGCTGTTCGGCCA-1_2_1"
"145","ACAAGCTTCGACGATT-1_2_1"
"146","ACACAGTCAGGGACTA-1_2_1"
"147","ACACAGTGTACAAGCG-1_2_1"
"148","ACACAGTTCTGGTCAA-1_2_1"
"149","ACACCAACAAGAAATC-1_2_1"
"150","ACACCAAGTCTAATCG-1_2_1"
"151","ACACCAAGTTCGAAGG-1_2_1"
"152","ACACCAATCGGTCTGG-1_2_1"
"153","ACACGCGCAAAGTGTA-1_2_1"
"154","ACACGCGCAATTGCCA-1_2_1"
"155","ACACTGAAGAACGTGC-1_2_1"
"156","ACACTGAAGGTTGTTC-1_2_1"
"157","ACACTGACATTCAGGT-1_2_1"
"158","ACACTGAGTCAGTCCG-1_2_1"
"159","ACACTGATCGGCTCTT-1_2_1"
"160","ACAGAAAGTTATGGTC-1_2_1"
"161","ACAGAAAGTTCGGCGT-1_2_1"
"162","ACAGAAAGTTCTTGTT-1_2_1"
"163","ACAGCCGAGAAACCAT-1_2_1"
"164","ACAGCCGCACACCAGC-1_2_1"
"165","ACAGCCGCACATCCCT-1_2_1"
"166","ACAGCCGCAGCAGATG-1_2_1"
"167","ACAGCCGTCAGACCTA-1_2_1"
"168","ACAGCCGTCAGTCATG-1_2_1"
"169","ACAGGGAAGCGACAGT-1_2_1"
"170","ACAGGGATCCTAGCTC-1_2_1"
"171","ACAGGGATCGGAAGGT-1_2_1"
"172","ACATCCCCAAACAGGC-1_2_1"
"173","ACATCCCGTCCGTTTC-1_2_1"
"174","ACATCCCGTCTAACTG-1_2_1"
"175","ACATCGAGTGTTCCAA-1_2_1"
"176","ACATGCAGTATGTGTC-1_2_1"
"177","ACATTTCCACATAGCT-1_2_1"
"178","ACATTTCCACTGTTCC-1_2_1"
"179","ACCAAACAGGTTCCGC-1_2_1"
"180","ACCAAACCACACAGAG-1_2_1"
"181","ACCAAACGTGGTACAG-1_2_1"
"182","ACCAAACGTTAGAGTA-1_2_1"
"183","ACCAAACGTTTACTTC-1_2_1"
"184","ACCAAACTCCCGAATA-1_2_1"
"185","ACCAACAAGATGGTAT-1_2_1"
"186","ACCACAAAGCTCAGAG-1_2_1"
"187","ACCACAAAGGAGAGTA-1_2_1"
"188","ACCACAAAGTACTCGT-1_2_1"
"189","ACCACAAGTTGGGACA-1_2_1"
"190","ACCACAATCTTGTGCC-1_2_1"
"191","ACCATTTAGGAAAGAC-1_2_1"
"192","ACCATTTCAATAGGGC-1_2_1"
"193","ACCATTTCATGATCTG-1_2_1"
"194","ACCCAAAAGCAATTAG-1_2_1"
"195","ACCCAAAAGGTCATTC-1_2_1"
"196","ACCCAAAAGTTGTAGA-1_2_1"
"197","ACCCAAACAACTCGAT-1_2_1"
"198","ACCCAAAGTCTCGGAC-1_2_1"
"199","ACCCTCAAGTCGAAAT-1_2_1"
"200","ACCCTCAGTTCCGGTG-1_2_1"
"201","ACCCTCATCGTAGGGA-1_2_1"
"202","ACCTACCAGGATTTAG-1_2_1"
"203","ACCTACCCACGGAAGT-1_2_1"
"204","ACCTACCTCGGCTATA-1_2_1"
"205","ACCTGAAAGATGCAGC-1_2_1"
"206","ACCTGAAAGTAATACG-1_2_1"
"207","ACCTGAATCCCTCTCC-1_2_1"
"208","ACCTGTCAGAAAGTCT-1_2_1"
"209","ACCTGTCGTGCCTATA-1_2_1"
"210","ACCTGTCGTTATGACC-1_2_1"
"211","ACGATCAAGAGTAACT-1_2_1"
"212","ACGATCACAACGGTAG-1_2_1"
"213","ACGCACGAGTAGCCAG-1_2_1"
"214","ACGCACGCAATTGGTC-1_2_1"
"215","ACGCACGGTCCTGGTG-1_2_1"
"216","ACGCACGTCTGGGAGA-1_2_1"
"217","ACGGGTCAGAACTCCT-1_2_1"
"218","ACGGGTCAGACAGCGT-1_2_1"
"219","ACGGGTCGTCTCAGAT-1_2_1"
"220","ACGGGTCTCAAGTCGT-1_2_1"
"221","ACGGTCGCAAACTAGA-1_2_1"
"222","ACGGTCGGTTGTATGC-1_2_1"
"223","ACGGTTATCACCGGGT-1_2_1"
"224","ACGGTTATCCTACAAG-1_2_1"
"225","ACGGTTATCGTTCAGA-1_2_1"
"226","ACGGTTATCTCAGTCC-1_2_1"
"227","ACGGTTATCTCTAGGA-1_2_1"
"228","ACGTAACCACTATGTG-1_2_1"
"229","ACGTAACGTGAAGCGT-1_2_1"
"230","ACGTACAAGACAACAT-1_2_1"
"231","ACGTACAGTGTCCAAT-1_2_1"
"232","ACGTACATCACGTAGT-1_2_1"
"233","ACGTAGTAGACCGTTT-1_2_1"
"234","ACGTAGTGTTCCGCAG-1_2_1"
"235","ACGTAGTGTTGCCTAA-1_2_1"
"236","ACGTCCTAGATGACAT-1_2_1"
"237","ACGTCCTCATCTGTTT-1_2_1"
"238","ACGTCCTGTGACACAG-1_2_1"
"239","ACGTTCCAGATAGTCA-1_2_1"
"240","ACGTTCCAGGGACTGT-1_2_1"
"241","ACGTTCCCACAGCTTA-1_2_1"
"242","ACGTTCCTCGCCGAAC-1_2_1"
"243","ACTACGAAGCCAGACA-1_2_1"
"244","ACTACGACACTAACGT-1_2_1"
"245","ACTATCTAGATGCGAC-1_2_1"
"246","ACTATGGTCCCGAGAC-1_2_1"
"247","ACTATTCAGAGGCCAT-1_2_1"
"248","ACTATTCCAACACAGG-1_2_1"
"249","ACTATTCGTGTGTACT-1_2_1"
"250","ACTCCCACAATACGCT-1_2_1"
"251","ACTCTCGGTGTCCCTT-1_2_1"
"252","ACTCTCGTCCACGAAT-1_2_1"
"253","ACTGATGAGTACCGGA-1_2_1"
"254","ACTGATGCACAAAGCG-1_2_1"
"255","ACTGCAACAAAGGGTC-1_2_1"
"256","ACTGCAACATGTGCTA-1_2_1"
"257","ACTGCAAGTATGGAGC-1_2_1"
"258","ACTGTGAAGCAAGTGC-1_2_1"
"259","ACTGTGACACTTGGCG-1_2_1"
"260","ACTGTGAGTGTGTTTG-1_2_1"
"261","ACTTAGGGTACCGTCG-1_2_1"
"262","ACTTAGGGTACGATCT-1_2_1"
"263","ACTTAGGGTGGCAGAT-1_2_1"
"264","ACTTCCGTCTAAGGAA-1_2_1"
"265","ACTTCGCGTAGAGATT-1_2_1"
"266","ACTTCGCTCGTTCTCG-1_2_1"
"267","ACTTTCAGTGATACCT-1_2_1"
"268","ACTTTGTCAGACCCGT-1_2_1"
"269","ACTTTGTGTTGCTCAA-1_2_1"
"270","AGAAATGAGCCGTAAG-1_2_1"
"271","AGAAATGAGTTGCCCG-1_2_1"
"272","AGAACAAGTTACACTG-1_2_1"
"273","AGAAGCGAGGTAAGAG-1_2_1"
"274","AGAAGCGCAATGCAGG-1_2_1"
"275","AGAAGCGGTGGCATCC-1_2_1"
"276","AGAAGCGGTTACCTGA-1_2_1"
"277","AGAAGTAAGAATTCAG-1_2_1"
"278","AGAAGTAAGATCGGTG-1_2_1"
"279","AGAAGTAAGTCAAGCG-1_2_1"
"280","AGACAAACAACTTGCA-1_2_1"
"281","AGACAAACACCCGTAG-1_2_1"
"282","AGACACTAGTAAATGC-1_2_1"
"283","AGACACTCAATACGCT-1_2_1"
"284","AGACACTCACTTTAGG-1_2_1"
"285","AGACAGGTCAGCGTCG-1_2_1"
"286","AGACCATAGCGACATG-1_2_1"
"287","AGACCATCAGACGATG-1_2_1"
"288","AGACCATCAGTGCGCT-1_2_1"
"289","AGACCATTCAAATAGG-1_2_1"
"290","AGACCCGGTTGAATCC-1_2_1"
"291","AGACCCGTCGGATTAC-1_2_1"
"292","AGACTCAAGATGCTTC-1_2_1"
"293","AGACTCAGTCCGACGT-1_2_1"
"294","AGACTCAGTCTCAGGC-1_2_1"
"295","AGAGAATCACAAATCC-1_2_1"
"296","AGAGAATCAGTGTACT-1_2_1"
"297","AGAGAATCATTCACCC-1_2_1"
"298","AGAGAATTCTCGTCGT-1_2_1"
"299","AGAGAGCCATAACCCA-1_2_1"
"300","AGAGAGCGTTAGCTAC-1_2_1"
"301","AGAGAGCTCGCATTGA-1_2_1"
"302","AGAGCAGAGAGTGGCT-1_2_1"
"303","AGAGCAGCAGAGTCAG-1_2_1"
"304","AGAGCAGCAGTCAACT-1_2_1"
"305","AGAGCCCAGAGCAGAA-1_2_1"
"306","AGATAGAAGCGGCTCT-1_2_1"
"307","AGATAGACAGCTGTAT-1_2_1"
"308","AGATAGATCGCAATGT-1_2_1"
"309","AGATCCAAGTCGCCAC-1_2_1"
"310","AGATCCACACACCAGC-1_2_1"
"311","AGATCCAGTCTTGCTC-1_2_1"
"312","AGATCGTGTCAGACGA-1_2_1"
"313","AGATGAACAATCAGCT-1_2_1"
"314","AGATGCTAGTAAGAGG-1_2_1"
"315","AGCATCACACCAGACC-1_2_1"
"316","AGCATCACATGTTCGA-1_2_1"
"317","AGCATCATCAATCCGA-1_2_1"
"318","AGCCAATAGGGAACAA-1_2_1"
"319","AGCCAATGTATCGAAA-1_2_1"
"320","AGCCAATTCGCTGCGA-1_2_1"
"321","AGCCAATTCTATTGTC-1_2_1"
"322","AGCCAATTCTGGCCAG-1_2_1"
"323","AGCCACGGTGTTCCTC-1_2_1"
"324","AGCCACGTCGTTCAGA-1_2_1"
"325","AGCGATTAGGTATTGA-1_2_1"
"326","AGCGATTAGTTTCAGC-1_2_1"
"327","AGCGATTTCGAGCCAC-1_2_1"
"328","AGCGCCAAGGCAGCTA-1_2_1"
"329","AGCGCCAGTGTCCATA-1_2_1"
"330","AGCGCTGAGTTGTCAC-1_2_1"
"331","AGCGCTGCAACCTAAC-1_2_1"
"332","AGCGCTGCACTCGATA-1_2_1"
"333","AGCGCTGGTAATGCTC-1_2_1"
"334","AGCGTATAGACTTCAC-1_2_1"
"335","AGCGTATCACATCCCT-1_2_1"
"336","AGCGTATGTAACGGTG-1_2_1"
"337","AGCGTATGTCTCGACG-1_2_1"
"338","AGCGTATGTGACATCT-1_2_1"
"339","AGCGTATTCCAAGGGA-1_2_1"
"340","AGCGTCGCACGTACTA-1_2_1"
"341","AGCGTCGTCGTTCAGA-1_2_1"
"342","AGCTACACACTGAGTT-1_2_1"
"343","AGCTACATCGCACTCT-1_2_1"
"344","AGCTCAAAGACTTCGT-1_2_1"
"345","AGCTCAACATGAGGGT-1_2_1"
"346","AGCTCAAGTAATTGGA-1_2_1"
"347","AGCTTCCCAGAGGTAC-1_2_1"
"348","AGCTTCCGTTGCACGC-1_2_1"
"349","AGCTTCCTCAGTGGGA-1_2_1"
"350","AGGACGAAGTGTCATC-1_2_1"
"351","AGGACGAGTCGCACGT-1_2_1"
"352","AGGACGAGTGATTGGG-1_2_1"
"353","AGGACGAGTTCAGGTT-1_2_1"
"354","AGGACGATCCACTGAA-1_2_1"
"355","AGGACGATCCGATTAG-1_2_1"
"356","AGGACGATCGACCACG-1_2_1"
"357","AGGACGATCTGCGATA-1_2_1"
"358","AGGACTTAGTGCTAGG-1_2_1"
"359","AGGACTTCACCACTGG-1_2_1"
"360","AGGACTTCATGCGGTC-1_2_1"
"361","AGGACTTTCACTTATC-1_2_1"
"362","AGGACTTTCGGAAGGT-1_2_1"
"363","AGGAGGTAGACGCATG-1_2_1"
"364","AGGAGGTCAATTGAGA-1_2_1"
"365","AGGAGGTGTGATTCTG-1_2_1"
"366","AGGATAAAGGACGCTA-1_2_1"
"367","AGGATAACAGAAGCTG-1_2_1"
"368","AGGATAATCGAGAAAT-1_2_1"
"369","AGGATCTAGAGCATCG-1_2_1"
"370","AGGATCTAGCTGACTT-1_2_1"
"371","AGGATCTCACTTGTCC-1_2_1"
"372","AGGATCTCAGACATCT-1_2_1"
"373","AGGATCTCAGCGAACA-1_2_1"
"374","AGGCATTAGGATCATA-1_2_1"
"375","AGGCATTCATTATGCG-1_2_1"
"376","AGGCATTCATTGTAGC-1_2_1"
"377","AGGCATTTCCTTCTAA-1_2_1"
"378","AGGCCACGTACAGAAT-1_2_1"
"379","AGGCCACGTAGCTGTT-1_2_1"
"380","AGGCTGCAGCCTGTCG-1_2_1"
"381","AGGCTGCAGGGTGAAA-1_2_1"
"382","AGGCTGCCAGAGCGTA-1_2_1"
"383","AGGCTGCCAGGTTCAT-1_2_1"
"384","AGGCTGCGTAGACGGT-1_2_1"
"385","AGGCTGCGTGTCATGT-1_2_1"
"386","AGGCTGCTCAACTGGT-1_2_1"
"387","AGGGAGTAGTCTACCA-1_2_1"
"388","AGGGCCTGTCAGCTTA-1_2_1"
"389","AGGGCTCAGATGTTGA-1_2_1"
"390","AGGGCTCAGCCTGTGC-1_2_1"
"391","AGGGCTCCACTGGCGT-1_2_1"
"392","AGGGCTCCAGTTGTTG-1_2_1"
"393","AGGGCTCGTGGCGTAA-1_2_1"
"394","AGGGTCCGTGCGAACA-1_2_1"
"395","AGGGTCCGTGTATTGC-1_2_1"
"396","AGGGTGAAGTCGAAAT-1_2_1"
"397","AGGGTGAGTTGCCTAA-1_2_1"
"398","AGGGTGAGTTTCAGAC-1_2_1"
"399","AGGGTTTTCGAAGCCC-1_2_1"
"400","AGGGTTTTCTATCACT-1_2_1"
"401","AGGTAGGCAACCGTAT-1_2_1"
"402","AGGTAGGGTTTCGACA-1_2_1"
"403","AGGTCATAGATTACCC-1_2_1"
"404","AGGTCATAGGTAAGAG-1_2_1"
"405","AGGTCATCATTGTACG-1_2_1"
"406","AGGTCATGTCTGTCCT-1_2_1"
"407","AGGTCTAGTACCTAAC-1_2_1"
"408","AGGTCTAGTCTGTGGC-1_2_1"
"409","AGGTTACGTTCCATTT-1_2_1"
"410","AGGTTACGTTCTCGTC-1_2_1"
"411","AGGTTGTAGAACGTGC-1_2_1"
"412","AGTAACCAGCCGAATG-1_2_1"
"413","AGTAACCAGTGAATAC-1_2_1"
"414","AGTAACCGTTTGGAAA-1_2_1"
"415","AGTACCAGTATGGTTC-1_2_1"
"416","AGTACTGAGCGCTGCT-1_2_1"
"417","AGTACTGTCCAGTGTA-1_2_1"
"418","AGTACTGTCCGCCTAT-1_2_1"
"419","AGTAGCTAGTGTGTTC-1_2_1"
"420","AGTAGCTTCCATTTAC-1_2_1"
"421","AGTAGCTTCGGAGTGA-1_2_1"
"422","AGTAGTCCAAGTCGTT-1_2_1"
"423","AGTCAACCAAATAGCA-1_2_1"
"424","AGTCACAAGAACGTGC-1_2_1"
"425","AGTCACAGTATCGTAC-1_2_1"
"426","AGTCATGAGCGCTGAA-1_2_1"
"427","AGTCATGCATGGCTAT-1_2_1"
"428","AGTCTCCAGCTTTCCC-1_2_1"
"429","AGTGACTCAGCATCTA-1_2_1"
"430","AGTGATCAGGTAAAGG-1_2_1"
"431","AGTGATCCAAATAAGC-1_2_1"
"432","AGTGATCCACACACTA-1_2_1"
"433","AGTGATCTCCCTCGTA-1_2_1"
"434","AGTGATCTCCGGGACT-1_2_1"
"435","AGTGCCGTCCCTCGTA-1_2_1"
"436","AGTGTTGAGCTGGTGA-1_2_1"
"437","AGTGTTGAGGTTCTAC-1_2_1"
"438","AGTGTTGCAACTGATC-1_2_1"
"439","AGTGTTGGTAAGTCAA-1_2_1"
"440","AGTGTTGGTAGGAGTC-1_2_1"
"441","AGTGTTGGTGGTCCCA-1_2_1"
"442","AGTGTTGTCAAAGCCT-1_2_1"
"443","AGTGTTGTCATGAAAG-1_2_1"
"444","AGTGTTGTCCAAATGC-1_2_1"
"445","AGTTAGCAGCGGGTAT-1_2_1"
"446","AGTTAGCCACTTTAGG-1_2_1"
"447","AGTTCCCCACAAAGCG-1_2_1"
"448","AGTTCCCGTCATGACT-1_2_1"
"449","AGTTCCCGTTCTTGTT-1_2_1"
"450","AGTTCCCTCGGTAGGA-1_2_1"
"451","AGTTCGAAGCGATGCA-1_2_1"
"452","AGTTCGAAGCTCTGTA-1_2_1"
"453","AGTTCGACACTTGTGA-1_2_1"
"454","AGTTCGACATGACCCG-1_2_1"
"455","AGTTCGATCCATAGGT-1_2_1"
"456","ATACCGAAGATTGCGG-1_2_1"
"457","ATACCGAAGTCCCGAC-1_2_1"
"458","ATACCGAGTGGAACCA-1_2_1"
"459","ATACCGATCTGGAAGG-1_2_1"
"460","ATACCTTAGAGCTTTC-1_2_1"
"461","ATACCTTAGGCTAACG-1_2_1"
"462","ATACCTTCACCCGTAG-1_2_1"
"463","ATACCTTGTGACTGAG-1_2_1"
"464","ATACCTTGTTCTCACC-1_2_1"
"465","ATACTTCTCAACCTCC-1_2_1"
"466","ATACTTCTCTCTCGCA-1_2_1"
"467","ATAGACCCAGAAACCG-1_2_1"
"468","ATAGACCGTAAGCAAT-1_2_1"
"469","ATAGAGACACCGCTAG-1_2_1"
"470","ATAGAGAGTCTGTCAA-1_2_1"
"471","ATAGGCTAGGGTTGCA-1_2_1"
"472","ATAGGCTTCCATATGG-1_2_1"
"473","ATAGGCTTCCTCAGAA-1_2_1"
"474","ATAGGCTTCCTTTGAT-1_2_1"
"475","ATATCCTAGGGTTTCT-1_2_1"
"476","ATATCCTAGTGGTTCT-1_2_1"
"477","ATATCCTAGTGGTTGG-1_2_1"
"478","ATCACAGAGCGAGAAA-1_2_1"
"479","ATCACAGAGCGCTGCT-1_2_1"
"480","ATCACAGGTAGCACAG-1_2_1"
"481","ATCACAGGTCGCGTCA-1_2_1"
"482","ATCACGAGTGGCCCAT-1_2_1"
"483","ATCACGATCAGTGGGA-1_2_1"
"484","ATCACTTAGGATTTAG-1_2_1"
"485","ATCACTTCAAATACAG-1_2_1"
"486","ATCACTTCAAATGCTC-1_2_1"
"487","ATCACTTCAGACCATT-1_2_1"
"488","ATCACTTTCACCACAA-1_2_1"
"489","ATCACTTTCGCTAAAC-1_2_1"
"490","ATCACTTTCGGCCCAA-1_2_1"
"491","ATCAGGTCATCGGCCA-1_2_1"
"492","ATCAGGTTCGGTAAGG-1_2_1"
"493","ATCATTCAGTGGTTAA-1_2_1"
"494","ATCATTCCAACACAGG-1_2_1"
"495","ATCATTCGTACATACC-1_2_1"
"496","ATCCACCAGCTCGCAC-1_2_1"
"497","ATCCACCCAGCAGAAC-1_2_1"
"498","ATCCACCTCGCCGAGT-1_2_1"
"499","ATCCATTAGGAACATT-1_2_1"
"500","ATCCATTCAAGGATGC-1_2_1"
"501","ATCCATTCAGCCTTCT-1_2_1"
"502","ATCCATTGTGCCCGTA-1_2_1"
"503","ATCCCTGAGACTACGG-1_2_1"
"504","ATCCCTGGTATCTCTT-1_2_1"
"505","ATCCCTGGTCAGATTC-1_2_1"
"506","ATCGATGCACAATCTG-1_2_1"
"507","ATCGATGCACAGTCCG-1_2_1"
"508","ATCGATGCAGAAACCG-1_2_1"
"509","ATCGATGGTCACGTGC-1_2_1"
"510","ATCGCCTGTAGATCGG-1_2_1"
"511","ATCGCCTTCTCTCAAT-1_2_1"
"512","ATCGGATCATCCCACT-1_2_1"
"513","ATCGGCGCATTCATCT-1_2_1"
"514","ATCGGCGGTTCCCACT-1_2_1"
"515","ATCGTAGAGAGTCAAT-1_2_1"
"516","ATCGTAGAGGAGTCTG-1_2_1"
"517","ATCGTAGCACCTGCGA-1_2_1"
"518","ATCGTAGTCCTTATCA-1_2_1"
"519","ATCGTAGTCGTGGCTG-1_2_1"
"520","ATCGTCCAGCCTCTGG-1_2_1"
"521","ATCGTCCGTCTAACGT-1_2_1"
"522","ATCGTGAAGCATCAGG-1_2_1"
"523","ATCGTGAGTGATGGCA-1_2_1"
"524","ATCTCTAAGACATGCG-1_2_1"
"525","ATCTCTACAGGGCTTC-1_2_1"
"526","ATCTCTATCTTGGCTC-1_2_1"
"527","ATCTTCATCCGGCAGT-1_2_1"
"528","ATGAAAGAGAGCCTGA-1_2_1"
"529","ATGAAAGAGCTTAAGA-1_2_1"
"530","ATGAAAGAGGCGTTAG-1_2_1"
"531","ATGAAAGCACTCTCGT-1_2_1"
"532","ATGAAAGTCAATCGGT-1_2_1"
"533","ATGACCACAGTCGGAA-1_2_1"
"534","ATGAGGGCAGGAGGAG-1_2_1"
"535","ATGAGGGGTGTGTGTT-1_2_1"
"536","ATGAGGGGTGTTAACC-1_2_1"
"537","ATGAGGGGTTAGGCTT-1_2_1"
"538","ATGATCGCACAATCTG-1_2_1"
"539","ATGATCGCATAGGCGA-1_2_1"
"540","ATGCATGAGTGTTCAC-1_2_1"
"541","ATGCATGCATGGAATA-1_2_1"
"542","ATGCATGTCTGGTGCG-1_2_1"
"543","ATGCCTCAGCTCGACC-1_2_1"
"544","ATGCCTCAGTATGTAG-1_2_1"
"545","ATGCCTCCAACTCGTA-1_2_1"
"546","ATGCCTCGTCCCACGA-1_2_1"
"547","ATGCCTCGTGATGGCA-1_2_1"
"548","ATGCCTCTCGATACTG-1_2_1"
"549","ATGCGATCATTGCCTC-1_2_1"
"550","ATGCGATTCCGACAGC-1_2_1"
"551","ATGGAGGAGGGAGTTC-1_2_1"
"552","ATGGAGGCAGACGATG-1_2_1"
"553","ATGGGAGAGGAAAGAC-1_2_1"
"554","ATGGGAGCAATGGCAG-1_2_1"
"555","ATGGGTTAGACCTTTG-1_2_1"
"556","ATGGGTTAGGATATGT-1_2_1"
"557","ATGGGTTCACGTTCGG-1_2_1"
"558","ATGGGTTTCCAGCAAT-1_2_1"
"559","ATGGGTTTCTCTATAC-1_2_1"
"560","ATGTCCCAGGGCAGAG-1_2_1"
"561","ATGTCCCAGTGCGACA-1_2_1"
"562","ATGTCCCCAGAGGGTT-1_2_1"
"563","ATGTCCCCATCGCCTT-1_2_1"
"564","ATTACCTCACCCTGTT-1_2_1"
"565","ATTACCTTCAACGTGT-1_2_1"
"566","ATTACCTTCGATAACC-1_2_1"
"567","ATTACCTTCGTGACTA-1_2_1"
"568","ATTACTCAGGAATCGC-1_2_1"
"569","ATTACTCAGGCTTAGG-1_2_1"
"570","ATTATCCGTCCATAGT-1_2_1"
"571","ATTCACTCACGACGCT-1_2_1"
"572","ATTCACTGTACCCGAC-1_2_1"
"573","ATTCACTGTCACTCTC-1_2_1"
"574","ATTCACTGTGGGACAT-1_2_1"
"575","ATTCACTTCGACACCG-1_2_1"
"576","ATTCAGGAGGAGCTGT-1_2_1"
"577","ATTCAGGGTACCGGCT-1_2_1"
"578","ATTCATCAGCATCTTG-1_2_1"
"579","ATTCATCAGCCGAACA-1_2_1"
"580","ATTCATCAGTCTCGTA-1_2_1"
"581","ATTCATCGTTGGGTAG-1_2_1"
"582","ATTCATCGTTTACCTT-1_2_1"
"583","ATTCCATCAGAGGCAT-1_2_1"
"584","ATTCCATCAGGTAGTG-1_2_1"
"585","ATTCCATCATGGCACC-1_2_1"
"586","ATTCCATGTGAGTAGC-1_2_1"
"587","ATTCCCGAGCGCAATG-1_2_1"
"588","ATTCCCGCACGCTGCA-1_2_1"
"589","ATTCCCGGTCTCAAGT-1_2_1"
"590","ATTCCTACATAGGTAA-1_2_1"
"591","ATTCCTAGTGAGTTGG-1_2_1"
"592","ATTCGTTCAAGTGGTG-1_2_1"
"593","ATTCTACAGAAACACT-1_2_1"
"594","ATTCTACCAAACACGG-1_2_1"
"595","ATTCTACCAACTACGT-1_2_1"
"596","ATTCTACCATTGTCGA-1_2_1"
"597","ATTCTACGTCTAATCG-1_2_1"
"598","ATTCTACGTGGTAACG-1_2_1"
"599","ATTCTACGTTGCGAAG-1_2_1"
"600","ATTCTACTCGAGCCTG-1_2_1"
"601","ATTCTACTCGGATACT-1_2_1"
"602","ATTCTTGAGAACTGAT-1_2_1"
"603","ATTCTTGAGAGCAAGA-1_2_1"
"604","ATTCTTGAGAGTGGCT-1_2_1"
"605","ATTCTTGCACAACGTT-1_2_1"
"606","ATTCTTGGTGTTAAAG-1_2_1"
"607","ATTGGGTAGATGCTAA-1_2_1"
"608","ATTGGGTCACGGCGTT-1_2_1"
"609","ATTGGGTCATCTCGTC-1_2_1"
"610","ATTGTTCTCCAGTACA-1_2_1"
"611","ATTGTTCTCGCCACTT-1_2_1"
"612","ATTTACCAGAGGGTGG-1_2_1"
"613","ATTTACCCAATGGCAG-1_2_1"
"614","ATTTACCCATGACGAG-1_2_1"
"615","ATTTACCCATGACGTT-1_2_1"
"616","ATTTCACAGTGAGTTA-1_2_1"
"617","ATTTCACGTTATGACC-1_2_1"
"618","ATTTCACGTTGAGAGC-1_2_1"
"619","CAAAGAAAGAGGATGA-1_2_1"
"620","CAAAGAAAGTTCAACC-1_2_1"
"621","CAAAGAACATTGTCGA-1_2_1"
"622","CAAAGAAGTCAGACGA-1_2_1"
"623","CAAAGAAGTGTTAAAG-1_2_1"
"624","CAACAACTCTGATGGT-1_2_1"
"625","CAACAGTAGCCGATAG-1_2_1"
"626","CAACAGTAGCCGTCGT-1_2_1"
"627","CAACAGTGTCAGTCCG-1_2_1"
"628","CAACAGTGTGACACGA-1_2_1"
"629","CAACAGTTCAGTGGGA-1_2_1"
"630","CAACAGTTCGTCAACA-1_2_1"
"631","CAACCAAAGTGCAAAT-1_2_1"
"632","CAACCAAGTCCCTAAA-1_2_1"
"633","CAACCAATCCATCCGT-1_2_1"
"634","CAACCAATCGTAGTGT-1_2_1"
"635","CAACCTCAGCACTTTG-1_2_1"
"636","CAACCTCCAATCTCGA-1_2_1"
"637","CAACGATCACCAAATC-1_2_1"
"638","CAACGATCACTGAGTT-1_2_1"
"639","CAACGATGTCCTGTTC-1_2_1"
"640","CAACGGCGTAGGCAAC-1_2_1"
"641","CAAGACTAGACCTCAT-1_2_1"
"642","CAAGACTAGCCATTTG-1_2_1"
"643","CAAGACTAGTCATGAA-1_2_1"
"644","CAAGACTAGTTAACGA-1_2_1"
"645","CAAGACTTCATTATCC-1_2_1"
"646","CAAGAGGCAAGGGCAT-1_2_1"
"647","CAAGCTACATCACAGT-1_2_1"
"648","CAAGCTAGTATGAGCG-1_2_1"
"649","CAAGCTAGTCGTGCCA-1_2_1"
"650","CAAGGGAAGATTAGTG-1_2_1"
"651","CAAGGGAGTGCGAACA-1_2_1"
"652","CAATACGAGAGGGCGA-1_2_1"
"653","CAATACGCAGGTTCCG-1_2_1"
"654","CAATACGGTGTGTCGC-1_2_1"
"655","CAATACGGTTCAACGT-1_2_1"
"656","CAATCGAAGATGCAGC-1_2_1"
"657","CAATCGACATCAGTGT-1_2_1"
"658","CAATCGATCAAGAGGC-1_2_1"
"659","CAATCGATCGCTCTAC-1_2_1"
"660","CAATGACCAAACTCGT-1_2_1"
"661","CAATTTCCACGGGCTT-1_2_1"
"662","CACAACAGTAACCCTA-1_2_1"
"663","CACACAAAGGAATCGC-1_2_1"
"664","CACACAACACCAGCCA-1_2_1"
"665","CACACAACAGACAAGC-1_2_1"
"666","CACACAACAGCCGTTG-1_2_1"
"667","CACACAACAGGTTACT-1_2_1"
"668","CACACAACATATGCGT-1_2_1"
"669","CACACAAGTTGGAGAC-1_2_1"
"670","CACACAATCCTATGGA-1_2_1"
"671","CACACAATCTTCGACC-1_2_1"
"672","CACAGATAGACATACA-1_2_1"
"673","CACAGATCAAGATGTA-1_2_1"
"674","CACAGATCATAGAGGC-1_2_1"
"675","CACAGATGTAACACGG-1_2_1"
"676","CACAGATGTGGTCTAT-1_2_1"
"677","CACAGGCAGGTCGCCT-1_2_1"
"678","CACAGGCTCTGTCGTC-1_2_1"
"679","CACATGAAGCTCGCAC-1_2_1"
"680","CACATGAAGGACCCAA-1_2_1"
"681","CACCAAACAGTTACCA-1_2_1"
"682","CACCAAAGTAGCTCGC-1_2_1"
"683","CACCGTTAGGCTAACG-1_2_1"
"684","CACCGTTGTAGTGGCA-1_2_1"
"685","CACCGTTGTTATTCTC-1_2_1"
"686","CACCGTTTCTCGTCGT-1_2_1"
"687","CACCGTTTCTTCGGAA-1_2_1"
"688","CACGAATAGCATCTTG-1_2_1"
"689","CACGAATCACACGCCA-1_2_1"
"690","CACGAATCACGGTGAA-1_2_1"
"691","CACGAATGTACTGCGC-1_2_1"
"692","CACGAATGTAGGTACG-1_2_1"
"693","CACGAATGTGTTCGTA-1_2_1"
"694","CACGGGTAGAGAGCCT-1_2_1"
"695","CACGGGTAGCCGCTTG-1_2_1"
"696","CACGGGTAGCTTAAGA-1_2_1"
"697","CACGTGGAGCTAGATA-1_2_1"
"698","CACGTGGCACTTGGCG-1_2_1"
"699","CACGTGGGTGAGATTA-1_2_1"
"700","CACGTTCAGGCATGCA-1_2_1"
"701","CACGTTCTCCAGTACA-1_2_1"
"702","CACGTTCTCCTGTTGC-1_2_1"
"703","CACGTTCTCGCTGCGA-1_2_1"
"704","CACTAAGCAGTCGGAA-1_2_1"
"705","CACTGAAAGCTACGTT-1_2_1"
"706","CACTGGGAGCACGATG-1_2_1"
"707","CACTGGGGTCCTACGG-1_2_1"
"708","CACTTCGAGGTAGTAT-1_2_1"
"709","CACTTCGCACGCGTGT-1_2_1"
"710","CACTTCGTCAAGTCGT-1_2_1"
"711","CAGAGCCAGATGAAGG-1_2_1"
"712","CAGAGCCTCCCGAATA-1_2_1"
"713","CAGATACAGAACAAGG-1_2_1"
"714","CAGATACAGGATGGCT-1_2_1"
"715","CAGATACTCGCCATAA-1_2_1"
"716","CAGATACTCTACCTTA-1_2_1"
"717","CAGATCACAGATCCTA-1_2_1"
"718","CAGATCAGTGGTTTAC-1_2_1"
"719","CAGATCATCAGCAGAG-1_2_1"
"720","CAGATCATCAGCTAGT-1_2_1"
"721","CAGATTGGTGAACTAA-1_2_1"
"722","CAGATTGTCCAAGGGA-1_2_1"
"723","CAGATTGTCGGACCAC-1_2_1"
"724","CAGCAATGTACATACC-1_2_1"
"725","CAGCACGCAAGTATAG-1_2_1"
"726","CAGCACGCAGATTTCG-1_2_1"
"727","CAGCACGGTGACAGGT-1_2_1"
"728","CAGCAGCAGGCATCAG-1_2_1"
"729","CAGCAGCCAAATGAGT-1_2_1"
"730","CAGCAGCCAACACGTT-1_2_1"
"731","CAGCAGCGTTGAAGTA-1_2_1"
"732","CAGCCAGAGACATATG-1_2_1"
"733","CAGCCAGAGTAGCATA-1_2_1"
"734","CAGCCAGAGTGCACAG-1_2_1"
"735","CAGCCAGCAACTACGT-1_2_1"
"736","CAGCGTGCAAAGCGTG-1_2_1"
"737","CAGCGTGGTCACTTAG-1_2_1"
"738","CAGGCCAAGCGCAATG-1_2_1"
"739","CAGGCCACACGACAAG-1_2_1"
"740","CAGGCCACAGTCTTCC-1_2_1"
"741","CAGGCCACATCTCGTC-1_2_1"
"742","CAGGGCTGTAGCTGAG-1_2_1"
"743","CAGGGCTGTTCTATCT-1_2_1"
"744","CAGGTATAGTCCCAGC-1_2_1"
"745","CAGTGCGAGTCCTACA-1_2_1"
"746","CAGTGCGCACGTATAC-1_2_1"
"747","CAGTGCGGTGAAAGTT-1_2_1"
"748","CAGTGCGGTGGAAGTC-1_2_1"
"749","CAGTTAGCAATCGCAT-1_2_1"
"750","CAGTTAGGTGCCGTTG-1_2_1"
"751","CAGTTAGTCATGGTAC-1_2_1"
"752","CAGTTAGTCGACTCCT-1_2_1"
"753","CAGTTCCAGCTTACGT-1_2_1"
"754","CAGTTCCTCACGGGAA-1_2_1"
"755","CAGTTCCTCCTCTAAT-1_2_1"
"756","CATAAGCAGACGGTTG-1_2_1"
"757","CATAAGCAGAGTGACC-1_2_1"
"758","CATAAGCAGCGAAACC-1_2_1"
"759","CATAAGCGTATCCCTC-1_2_1"
"760","CATAAGCGTCCCTCAT-1_2_1"
"761","CATACAGAGAGTCAAT-1_2_1"
"762","CATACAGCACCTGATA-1_2_1"
"763","CATACAGGTCAATGGG-1_2_1"
"764","CATACTTCAATACAGA-1_2_1"
"765","CATACTTCAGAAGCTG-1_2_1"
"766","CATACTTTCAGAGCGA-1_2_1"
"767","CATACTTTCGCCTTTG-1_2_1"
"768","CATACTTTCTATACTC-1_2_1"
"769","CATAGACAGATCCGAG-1_2_1"
"770","CATAGACAGTACAGCG-1_2_1"
"771","CATAGACGTCGTATGT-1_2_1"
"772","CATAGACGTTGCTGAT-1_2_1"
"773","CATCAAGCAGTGGTGA-1_2_1"
"774","CATCAAGTCATCTATC-1_2_1"
"775","CATCCACAGTCAGCCC-1_2_1"
"776","CATCCACGTCCATCTC-1_2_1"
"777","CATCCACGTCGGCCTA-1_2_1"
"778","CATCCACTCTTCGGAA-1_2_1"
"779","CATCCGTCAGGTTCGC-1_2_1"
"780","CATCCGTCAGTCCGTG-1_2_1"
"781","CATCCGTCATCACCAA-1_2_1"
"782","CATCCGTGTTACCTGA-1_2_1"
"783","CATCCGTGTTGGCTAT-1_2_1"
"784","CATCCGTTCACCGCTT-1_2_1"
"785","CATCCGTTCGAGGCAA-1_2_1"
"786","CATCGCTAGGGATCAC-1_2_1"
"787","CATCGCTTCCCTGTTG-1_2_1"
"788","CATCGGGAGGAGAGGC-1_2_1"
"789","CATCGGGCAACGTAAA-1_2_1"
"790","CATCGGGCATCATCCC-1_2_1"
"791","CATCGGGTCAAGCTGT-1_2_1"
"792","CATCGGGTCACAATGC-1_2_1"
"793","CATCGGGTCAGTGTGT-1_2_1"
"794","CATCGTCAGATCCTAC-1_2_1"
"795","CATCGTCCAGTCTTCC-1_2_1"
"796","CATCGTCGTAGGCAGT-1_2_1"
"797","CATGAGTCATGACTGT-1_2_1"
"798","CATGCAAAGGTCACCC-1_2_1"
"799","CATGCAAGTCAACGCC-1_2_1"
"800","CATGCAAGTGCAAGAC-1_2_1"
"801","CATGCAATCCCTGGTT-1_2_1"
"802","CATGCCTAGGCTCAAG-1_2_1"
"803","CATGCCTCAAATGGTA-1_2_1"
"804","CATGCCTGTGGAACCA-1_2_1"
"805","CATGCGGGTAAGATAC-1_2_1"
"806","CATGCGGGTTTGGGAG-1_2_1"
"807","CATGCGGTCTACTATC-1_2_1"
"808","CATGCTCAGAGCGACT-1_2_1"
"809","CATGCTCAGCAACCAG-1_2_1"
"810","CATGCTCGTGCAAGAC-1_2_1"
"811","CATGCTCTCCAAGCAT-1_2_1"
"812","CATGGATAGTGATAGT-1_2_1"
"813","CATGGATGTGTCATTG-1_2_1"
"814","CATGGTACAAGGTACG-1_2_1"
"815","CATGGTATCCGATGTA-1_2_1"
"816","CATTCATCAAGATGGC-1_2_1"
"817","CATTCATCAGAAGCTG-1_2_1"
"818","CATTCATCAGATTTCG-1_2_1"
"819","CATTCCGCAATTGAAG-1_2_1"
"820","CATTCCGCAGTAGAGC-1_2_1"
"821","CATTCTAGTCAACACT-1_2_1"
"822","CATTCTATCCCTGTTG-1_2_1"
"823","CATTGAGCAGCTCCTT-1_2_1"
"824","CATTGAGTCTACCCAC-1_2_1"
"825","CATTGCCCAAGGCGTA-1_2_1"
"826","CATTGCCGTAACATCC-1_2_1"
"827","CATTGTTCACATTACG-1_2_1"
"828","CATTGTTTCAAAGGAT-1_2_1"
"829","CATTGTTTCGAACGCC-1_2_1"
"830","CATTGTTTCTCGCTCA-1_2_1"
"831","CATTTCAGTGCCCTTT-1_2_1"
"832","CCAAGCGAGCTCGTGC-1_2_1"
"833","CCAAGCGAGTCTGTAC-1_2_1"
"834","CCAAGCGCAGCAAGAC-1_2_1"
"835","CCAAGCGCATGTCAGT-1_2_1"
"836","CCAAGCGTCGGCTGGT-1_2_1"
"837","CCAATGAGTCGTGCCA-1_2_1"
"838","CCAATGATCTCGTGAA-1_2_1"
"839","CCAATTTAGACCTGGA-1_2_1"
"840","CCAATTTCAGGAGACT-1_2_1"
"841","CCAATTTGTTGGAGGT-1_2_1"
"842","CCACAAAAGAGCCGAT-1_2_1"
"843","CCACAAATCGATTGGT-1_2_1"
"844","CCACACTAGTCCCAAT-1_2_1"
"845","CCACACTGTCGCTCGA-1_2_1"
"846","CCACACTTCAGCGCAC-1_2_1"
"847","CCACCATAGGACGGAG-1_2_1"
"848","CCACCATTCCCAAGCG-1_2_1"
"849","CCACGAGAGGCTCACC-1_2_1"
"850","CCACGAGAGGGAGATA-1_2_1"
"851","CCACGAGAGGGCTAAC-1_2_1"
"852","CCACGAGGTGAATGTA-1_2_1"
"853","CCACGAGTCGCTCTAC-1_2_1"
"854","CCACGAGTCGGCACTG-1_2_1"
"855","CCACGTTAGAAATGGG-1_2_1"
"856","CCACGTTAGTTGTCGT-1_2_1"
"857","CCACGTTGTCCGTTTC-1_2_1"
"858","CCACGTTTCCAGCACG-1_2_1"
"859","CCACTTGGTTCGTTCC-1_2_1"
"860","CCACTTGTCAGAGCAG-1_2_1"
"861","CCACTTGTCCAAACCA-1_2_1"
"862","CCATAAGAGCCATATC-1_2_1"
"863","CCATAAGAGTGTTCAC-1_2_1"
"864","CCATAAGCAAGACTGG-1_2_1"
"865","CCATAAGTCCGTGCGA-1_2_1"
"866","CCATCACGTAGGATAT-1_2_1"
"867","CCATCACGTCATATGC-1_2_1"
"868","CCATCACTCTAGATCG-1_2_1"
"869","CCCAACTGTACCTAGT-1_2_1"
"870","CCCAACTGTATACGGG-1_2_1"
"871","CCCAACTGTCTCAGGC-1_2_1"
"872","CCCATTGAGCGCACAA-1_2_1"
"873","CCCATTGGTTTGGAGG-1_2_1"
"874","CCCATTGTCCCGAGTG-1_2_1"
"875","CCCGAAGCAACCGTAT-1_2_1"
"876","CCCGAAGCATTAAAGG-1_2_1"
"877","CCCGAAGGTTTCCCAC-1_2_1"
"878","CCCGGAATCGCCGAGT-1_2_1"
"879","CCCTAACAGAAGCTGC-1_2_1"
"880","CCCTAACAGGTGCATG-1_2_1"
"881","CCCTAACGTCCACACG-1_2_1"
"882","CCCTCAAAGGTACTGG-1_2_1"
"883","CCCTCAAAGGTTGCCC-1_2_1"
"884","CCCTCAAGTCCCTAAA-1_2_1"
"885","CCCTCTCAGCGTTCCG-1_2_1"
"886","CCCTCTCAGTAGTGCG-1_2_1"
"887","CCCTGATAGTCCCAAT-1_2_1"
"888","CCCTGATAGTCTGGAG-1_2_1"
"889","CCCTGATCAATAAGGT-1_2_1"
"890","CCCTGATCACGTACTA-1_2_1"
"891","CCCTGATTCATGAAAG-1_2_1"
"892","CCCTTAGAGGTCGTAG-1_2_1"
"893","CCCTTAGCAATGTCTG-1_2_1"
"894","CCGAACGAGCCTAGGA-1_2_1"
"895","CCGAACGAGTCTTCGA-1_2_1"
"896","CCGAACGGTAACGATA-1_2_1"
"897","CCGAACGGTATGAGGC-1_2_1"
"898","CCGATCTAGCTAGCCC-1_2_1"
"899","CCGATCTAGGATGGCT-1_2_1"
"900","CCGATCTCATGACACT-1_2_1"
"901","CCGATCTGTGAGCCAA-1_2_1"
"902","CCGATCTTCTCGTCAC-1_2_1"
"903","CCGATGGCAGCTCATA-1_2_1"
"904","CCGATGGGTGGGCTCT-1_2_1"
"905","CCGATGGGTTGCATAC-1_2_1"
"906","CCGCAAGAGTGTGTTC-1_2_1"
"907","CCGCAAGTCCTATTGT-1_2_1"
"908","CCGCAAGTCCTTTAGT-1_2_1"
"909","CCGCAAGTCTCGGTCT-1_2_1"
"910","CCGGACAAGACAACTA-1_2_1"
"911","CCGGACAAGCGACTTT-1_2_1"
"912","CCGGACAAGGTTCCGC-1_2_1"
"913","CCGGACACAAGCCTGC-1_2_1"
"914","CCGGGTAAGGAGTCTG-1_2_1"
"915","CCGGGTACATGGGCAA-1_2_1"
"916","CCGGGTAGTCTTGAAC-1_2_1"
"917","CCGGGTAGTGGAAATT-1_2_1"
"918","CCGGTAGCACTGCTTC-1_2_1"
"919","CCGGTAGGTGGGACAT-1_2_1"
"920","CCGGTGAAGGCGCTCT-1_2_1"
"921","CCGTAGGAGCTTCTAG-1_2_1"
"922","CCGTAGGGTGCCTACG-1_2_1"
"923","CCGTGAGAGTGCTCAT-1_2_1"
"924","CCGTGAGGTTAGAGTA-1_2_1"
"925","CCGTTCACAACAGATA-1_2_1"
"926","CCGTTCACAGGCAATG-1_2_1"
"927","CCGTTCATCTGGACCG-1_2_1"
"928","CCTAACCCACCTGCTT-1_2_1"
"929","CCTAACCGTACAAGTA-1_2_1"
"930","CCTAAGACATAGTCGT-1_2_1"
"931","CCTAAGAGTTAAACCC-1_2_1"
"932","CCTACGTAGTATTGCC-1_2_1"
"933","CCTACGTCAGGACTTT-1_2_1"
"934","CCTACGTTCATGAGGG-1_2_1"
"935","CCTACGTTCGCCGAAC-1_2_1"
"936","CCTATCGCAACGTAAA-1_2_1"
"937","CCTATCGGTCCTTTGC-1_2_1"
"938","CCTCAACCAAATGATG-1_2_1"
"939","CCTCAACCAAATGGAT-1_2_1"
"940","CCTCAACCACTACTTT-1_2_1"
"941","CCTCAACTCTGCGAGC-1_2_1"
"942","CCTCACAAGGATCATA-1_2_1"
"943","CCTCAGTAGAAACCAT-1_2_1"
"944","CCTCAGTAGACTGAGC-1_2_1"
"945","CCTCAGTAGGCACTAG-1_2_1"
"946","CCTCAGTCACGTCGGT-1_2_1"
"947","CCTCAGTGTAATTGGA-1_2_1"
"948","CCTCATGAGCTACAAA-1_2_1"
"949","CCTCATGAGTCATTGC-1_2_1"
"950","CCTCATGGTAAGGCCA-1_2_1"
"951","CCTCATGGTCTGCGCA-1_2_1"
"952","CCTCCAAAGAAACTCA-1_2_1"
"953","CCTCCAAAGTCTTGGT-1_2_1"
"954","CCTCCAATCTTCGTAT-1_2_1"
"955","CCTCCTCAGAAAGTCT-1_2_1"
"956","CCTCCTCAGAAGCCTG-1_2_1"
"957","CCTCTAGAGTGCAGGT-1_2_1"
"958","CCTCTAGCACGCGCAT-1_2_1"
"959","CCTCTAGCAGTCGAGA-1_2_1"
"960","CCTCTAGTCCCAAGTA-1_2_1"
"961","CCTCTAGTCTCCGATC-1_2_1"
"962","CCTCTCCAGTTGGACG-1_2_1"
"963","CCTCTCCTCCTCACGT-1_2_1"
"964","CCTCTCCTCTTGTGCC-1_2_1"
"965","CCTGCATCACAGCATT-1_2_1"
"966","CCTGCATTCTTGCGCT-1_2_1"
"967","CCTGTTGCACTAGAGG-1_2_1"
"968","CCTGTTGCATGTACGT-1_2_1"
"969","CCTGTTGTCTCTAGGA-1_2_1"
"970","CCTTCAGAGTGACCTT-1_2_1"
"971","CCTTCAGCACGTCGGT-1_2_1"
"972","CCTTCAGTCACTTATC-1_2_1"
"973","CCTTGTGCAAGCGGAT-1_2_1"
"974","CCTTTGGCAGCTATAC-1_2_1"
"975","CCTTTGGGTGGTCCGT-1_2_1"
"976","CGAAGGAAGCGGTAGT-1_2_1"
"977","CGAAGGAAGCGTCAGA-1_2_1"
"978","CGAAGGACAACCGACC-1_2_1"
"979","CGAAGGACAGTTTCAG-1_2_1"
"980","CGAAGGAGTAAGTCAA-1_2_1"
"981","CGAAGGATCTAAGCCA-1_2_1"
"982","CGAAGTTAGGGAGGTG-1_2_1"
"983","CGAAGTTAGTCCCTAA-1_2_1"
"984","CGAAGTTGTAAGTAGT-1_2_1"
"985","CGAATTGCAAGGCGTA-1_2_1"
"986","CGAATTGCACAAGCCC-1_2_1"
"987","CGACAGCAGACATATG-1_2_1"
"988","CGACAGCCACAAGCTT-1_2_1"
"989","CGACAGCCATGGAAGC-1_2_1"
"990","CGACAGCGTCTAGGCC-1_2_1"
"991","CGACAGCTCGTAGTCA-1_2_1"
"992","CGAGAAGAGTAGGCCA-1_2_1"
"993","CGAGAAGCAAGGTACG-1_2_1"
"994","CGAGAAGCAGGCCCTA-1_2_1"
"995","CGAGAAGGTCGGAAAC-1_2_1"
"996","CGAGGAAAGCCTATTG-1_2_1"
"997","CGAGGAACACCCTAAA-1_2_1"
"998","CGAGGAAGTGACTGTT-1_2_1"
"999","CGAGGCTCAAGCTCTA-1_2_1"
"1000","CGAGGCTCACAAAGCG-1_2_1"
"1001","CGAGGCTCACTTACAG-1_2_1"
"1002","CGAGGCTTCTGCCCTA-1_2_1"
"1003","CGAGTGCCATGCTGCG-1_2_1"
"1004","CGAGTTAAGTTGTACC-1_2_1"
"1005","CGAGTTACAACTGCTA-1_2_1"
"1006","CGAGTTACAGTTGGTT-1_2_1"
"1007","CGATCGGGTTGTGCCG-1_2_1"
"1008","CGATCGGTCGCGGTAC-1_2_1"
"1009","CGATCGGTCTGTCAGA-1_2_1"
"1010","CGATGCGCAAGCGAGT-1_2_1"
"1011","CGATGCGCAAGTGACG-1_2_1"
"1012","CGATGCGCAATTGAGA-1_2_1"
"1013","CGATGCGCATCCGAAT-1_2_1"
"1014","CGATGGCAGACAACTA-1_2_1"
"1015","CGCAGGTCACTACCCT-1_2_1"
"1016","CGCAGGTTCAAACGTC-1_2_1"
"1017","CGCAGGTTCGTTCCTG-1_2_1"
"1018","CGCATAAAGCGTCAAG-1_2_1"
"1019","CGCATGGAGTAGTCAA-1_2_1"
"1020","CGCATGGCAAGGCAAC-1_2_1"
"1021","CGCATGGGTGTGGTCC-1_2_1"
"1022","CGCATGGTCATTGCCC-1_2_1"
"1023","CGCATGGTCGTCAGAT-1_2_1"
"1024","CGCCAGATCACGGTCG-1_2_1"
"1025","CGCCATTAGCACTTTG-1_2_1"
"1026","CGCCATTAGCTAGATA-1_2_1"
"1027","CGCCATTCATAGCTGT-1_2_1"
"1028","CGCCATTTCCTACCAC-1_2_1"
"1029","CGCGTGAAGAAACCAT-1_2_1"
"1030","CGCGTGAAGAAGTCTA-1_2_1"
"1031","CGCGTGAAGATAGTGT-1_2_1"
"1032","CGCGTGAAGATCCCAT-1_2_1"
"1033","CGCGTGAAGCCTCGTG-1_2_1"
"1034","CGCGTGACATGGGCAA-1_2_1"
"1035","CGCGTGATCATGCAGT-1_2_1"
"1036","CGGAACCAGTGGTGAC-1_2_1"
"1037","CGGAACCCATGACGGA-1_2_1"
"1038","CGGAATTTCTCGCCTA-1_2_1"
"1039","CGGAGAAAGATACCAA-1_2_1"
"1040","CGGAGAACATGGGTCC-1_2_1"
"1041","CGGAGAAGTTTGACAC-1_2_1"
"1042","CGGCAGTAGTCATGCT-1_2_1"
"1043","CGGCAGTCAACCCTAA-1_2_1"
"1044","CGGCAGTCAACCGTAT-1_2_1"
"1045","CGGCAGTCATCTGTTT-1_2_1"
"1046","CGGCAGTGTCCATAGT-1_2_1"
"1047","CGGGACTCAAACTCGT-1_2_1"
"1048","CGGGACTCAACACGAG-1_2_1"
"1049","CGGGACTCAATGCAAA-1_2_1"
"1050","CGGGACTGTATAATGG-1_2_1"
"1051","CGGGCATCAGCTGTGC-1_2_1"
"1052","CGGGCATGTCGTCTCT-1_2_1"
"1053","CGGGTCAAGCGAGTCA-1_2_1"
"1054","CGGGTCAAGGTTTACC-1_2_1"
"1055","CGGGTCACAATTGCGT-1_2_1"
"1056","CGGGTCACACGACAAG-1_2_1"
"1057","CGGGTCAGTGATACTC-1_2_1"
"1058","CGGGTCAGTGGCTAGA-1_2_1"
"1059","CGGGTCATCGTAACAC-1_2_1"
"1060","CGGGTGTAGCTGCCAC-1_2_1"
"1061","CGGGTGTAGTCATGGG-1_2_1"
"1062","CGGGTGTCAAACGAGC-1_2_1"
"1063","CGGGTGTGTAGAGATT-1_2_1"
"1064","CGGGTGTGTGGATTTC-1_2_1"
"1065","CGGGTGTGTTGGGTTT-1_2_1"
"1066","CGGGTGTTCGCGTGCA-1_2_1"
"1067","CGGTCAGCAATACCCA-1_2_1"
"1068","CGGTCAGGTATTCTCT-1_2_1"
"1069","CGGTCAGGTGGTCTTA-1_2_1"
"1070","CGTAAGTAGGCTGTAG-1_2_1"
"1071","CGTAAGTCAATCGCCG-1_2_1"
"1072","CGTAATGGTGAGGAAA-1_2_1"
"1073","CGTAATGTCTCATTGT-1_2_1"
"1074","CGTAATGTCTCGGCTT-1_2_1"
"1075","CGTAATGTCTGTTGGA-1_2_1"
"1076","CGTAGTAAGCTACTAC-1_2_1"
"1077","CGTAGTACAGGAACCA-1_2_1"
"1078","CGTAGTAGTATGCTTG-1_2_1"
"1079","CGTCAAAAGATTGGGC-1_2_1"
"1080","CGTCAAAAGTACTCGT-1_2_1"
"1081","CGTCAAACAGTAACCT-1_2_1"
"1082","CGTCAAAGTTGTGGCC-1_2_1"
"1083","CGTCCATGTAAGTTAG-1_2_1"
"1084","CGTGAATAGACATGCG-1_2_1"
"1085","CGTGAATAGTTGGGAC-1_2_1"
"1086","CGTGAATCAATCACGT-1_2_1"
"1087","CGTGAATTCACTACTT-1_2_1"
"1088","CGTGATATCTCCACTG-1_2_1"
"1089","CGTGATATCTTAGTTC-1_2_1"
"1090","CGTGCTTCACTGTGAT-1_2_1"
"1091","CGTGCTTTCGTGCTCT-1_2_1"
"1092","CGTGCTTTCTGAGCAT-1_2_1"
"1093","CGTGTCTAGACCCGCT-1_2_1"
"1094","CGTGTCTTCACCTTGC-1_2_1"
"1095","CGTGTCTTCATGGCCG-1_2_1"
"1096","CGTTAGATCCATTGCC-1_2_1"
"1097","CGTTAGATCTATCGGA-1_2_1"
"1098","CGTTCTGAGACGGATC-1_2_1"
"1099","CGTTCTGCAGGATCTT-1_2_1"
"1100","CGTTGGGCAAGAGTAT-1_2_1"
"1101","CGTTGGGCACATATCG-1_2_1"
"1102","CTAACCCAGAATCGTA-1_2_1"
"1103","CTAACCCCACTCCGGA-1_2_1"
"1104","CTAACCCGTTGGAGAC-1_2_1"
"1105","CTAACTTGTGTACGCC-1_2_1"
"1106","CTAACTTGTTCTTAGG-1_2_1"
"1107","CTAACTTTCTTCGTGC-1_2_1"
"1108","CTAAGTGAGCCTCTGG-1_2_1"
"1109","CTACAGAGTGGTTTAC-1_2_1"
"1110","CTACATTAGAGTCTTC-1_2_1"
"1111","CTACATTCAGGAATAT-1_2_1"
"1112","CTACATTCAGTACTAC-1_2_1"
"1113","CTACATTGTGTGTGTT-1_2_1"
"1114","CTACCTGAGATACAGT-1_2_1"
"1115","CTACCTGGTGGCTGAA-1_2_1"
"1116","CTACCTGTCGCGCCAA-1_2_1"
"1117","CTACGGGCATGCTGCG-1_2_1"
"1118","CTACTATAGTCGAGGT-1_2_1"
"1119","CTAGACACAAAGTGTA-1_2_1"
"1120","CTAGGTAGTGCCGTAC-1_2_1"
"1121","CTATAGGAGACTTCAC-1_2_1"
"1122","CTATAGGAGGCACTAG-1_2_1"
"1123","CTATAGGCATCCTGTC-1_2_1"
"1124","CTATAGGTCTCAATCT-1_2_1"
"1125","CTATCCGAGAGCCGTA-1_2_1"
"1126","CTATCCGCAAGTGGAC-1_2_1"
"1127","CTATCCGCAATCCTAG-1_2_1"
"1128","CTATCCGTCTCTATGT-1_2_1"
"1129","CTATCTACACTAACCA-1_2_1"
"1130","CTATCTACAGCAGACA-1_2_1"
"1131","CTATCTATCCACGAAT-1_2_1"
"1132","CTCAACCAGGCAGCTA-1_2_1"
"1133","CTCAACCGTGAATATG-1_2_1"
"1134","CTCAACCTCAGACCGC-1_2_1"
"1135","CTCAAGAGTGCTTATG-1_2_1"
"1136","CTCAAGATCACCGGTG-1_2_1"
"1137","CTCAAGATCCATTTCA-1_2_1"
"1138","CTCAAGATCCGATAGT-1_2_1"
"1139","CTCAATTAGGAGTACC-1_2_1"
"1140","CTCAATTAGGCTTTCA-1_2_1"
"1141","CTCAATTAGTCACGCC-1_2_1"
"1142","CTCAATTCAAAGCTCT-1_2_1"
"1143","CTCAATTCAGCCATTA-1_2_1"
"1144","CTCAATTGTGATGGCA-1_2_1"
"1145","CTCACTGAGCTAAATG-1_2_1"
"1146","CTCAGAAAGAAACACT-1_2_1"
"1147","CTCAGAAAGCTGGTGA-1_2_1"
"1148","CTCAGAAAGGCTTAAA-1_2_1"
"1149","CTCAGAAGTTTACCAG-1_2_1"
"1150","CTCAGAATCCTTACCG-1_2_1"
"1151","CTCAGAATCGCCACTT-1_2_1"
"1152","CTCAGGGCAAGAAATC-1_2_1"
"1153","CTCAGGGGTCCTGGGT-1_2_1"
"1154","CTCAGGGGTTTAAGGA-1_2_1"
"1155","CTCAGTCCAACCACAT-1_2_1"
"1156","CTCAGTCTCAGCGCGT-1_2_1"
"1157","CTCAGTCTCGCCGAAC-1_2_1"
"1158","CTCATCGTCTGAACGT-1_2_1"
"1159","CTCATGCAGCTTCATG-1_2_1"
"1160","CTCATTACAGAGTGAC-1_2_1"
"1161","CTCATTAGTCCAGCAC-1_2_1"
"1162","CTCATTAGTGACACAG-1_2_1"
"1163","CTCCAACAGCATAGGC-1_2_1"
"1164","CTCCAACAGCCACAAG-1_2_1"
"1165","CTCCAACCAGTATGAA-1_2_1"
"1166","CTCCAACCATCCTGTC-1_2_1"
"1167","CTCCAACGTGGCTACC-1_2_1"
"1168","CTCCATGCAACACGTT-1_2_1"
"1169","CTCCCAATCAGATTGC-1_2_1"
"1170","CTCCCAATCAGCGCGT-1_2_1"
"1171","CTCCCAATCGCTAGCG-1_2_1"
"1172","CTCCCTCAGATCGCCC-1_2_1"
"1173","CTCCCTCGTGATGGCA-1_2_1"
"1174","CTCCCTCGTTCGGACC-1_2_1"
"1175","CTCCCTCTCGTTACCC-1_2_1"
"1176","CTCCGATAGGTGCTTT-1_2_1"
"1177","CTCCGATCAAGCTACT-1_2_1"
"1178","CTCCGATTCGCTGATA-1_2_1"
"1179","CTCCGATTCTTTGCTA-1_2_1"
"1180","CTCCTCCGTGTAAATG-1_2_1"
"1181","CTCCTTTCAATGCAGG-1_2_1"
"1182","CTCCTTTTCAGTCACA-1_2_1"
"1183","CTCCTTTTCTTACGGA-1_2_1"
"1184","CTCGAGGAGGCCTAAG-1_2_1"
"1185","CTCGAGGCAAAGGATT-1_2_1"
"1186","CTCTCAGGTACGTGTT-1_2_1"
"1187","CTCTCAGGTAGATTGA-1_2_1"
"1188","CTCTCAGGTCCCGTGA-1_2_1"
"1189","CTCTCAGGTTTATGCG-1_2_1"
"1190","CTCTCGACAACATCGT-1_2_1"
"1191","CTCTCGAGTTATCCAG-1_2_1"
"1192","CTCTCGAGTTTCTATC-1_2_1"
"1193","CTCTCGATCCATAGAC-1_2_1"
"1194","CTCTGGTTCTGTCCGT-1_2_1"
"1195","CTGAATGAGACGAAGA-1_2_1"
"1196","CTGAATGAGCGATGAC-1_2_1"
"1197","CTGAGCGTCATTGGTG-1_2_1"
"1198","CTGAGGCAGAGATTCA-1_2_1"
"1199","CTGAGGCAGTTTGTCG-1_2_1"
"1200","CTGAGGCCAACACAGG-1_2_1"
"1201","CTGAGGCCATGTGTCA-1_2_1"
"1202","CTGAGGCTCCCGGTAG-1_2_1"
"1203","CTGATCCGTCGCTTGG-1_2_1"
"1204","CTGATCCGTCGTGGAA-1_2_1"
"1205","CTGCAGGCACGTCATA-1_2_1"
"1206","CTGCAGGGTCTAACGT-1_2_1"
"1207","CTGCATCAGATGGTCG-1_2_1"
"1208","CTGCATCAGCGAAACC-1_2_1"
"1209","CTGCATCTCTGTTGGA-1_2_1"
"1210","CTGCCATAGCTCGTGC-1_2_1"
"1211","CTGCCATCACGACGAA-1_2_1"
"1212","CTGCCATCACTCCTGT-1_2_1"
"1213","CTGCCTACACCATAAC-1_2_1"
"1214","CTGCCTACAGTATGAA-1_2_1"
"1215","CTGCGAGAGACCTCCG-1_2_1"
"1216","CTGCGAGAGCCTGACC-1_2_1"
"1217","CTGCGAGGTCCGGTGT-1_2_1"
"1218","CTGCTCACAAACACCT-1_2_1"
"1219","CTGGACGAGACAACTA-1_2_1"
"1220","CTGGACGAGGATAATC-1_2_1"
"1221","CTGGACGGTCTCCCTA-1_2_1"
"1222","CTGGCAGAGACCAACG-1_2_1"
"1223","CTGGCAGCACCCTTAC-1_2_1"
"1224","CTGGCAGCAGCGTAGA-1_2_1"
"1225","CTGGCAGCATACTGAC-1_2_1"
"1226","CTGGTCTCAATAGTAG-1_2_1"
"1227","CTGGTCTCAGGACTAG-1_2_1"
"1228","CTGGTCTGTGACTATC-1_2_1"
"1229","CTGGTCTGTGGTAACG-1_2_1"
"1230","CTGGTCTGTGGTCTCG-1_2_1"
"1231","CTGGTCTTCAGTCACA-1_2_1"
"1232","CTGGTCTTCATGTCTT-1_2_1"
"1233","CTGGTCTTCTCTGCTG-1_2_1"
"1234","CTGTACCCACTTCAGA-1_2_1"
"1235","CTGTACCGTTTCGGCG-1_2_1"
"1236","CTGTAGACAAGTGACG-1_2_1"
"1237","CTGTAGACATACTTTC-1_2_1"
"1238","CTGTAGACATCAGCAT-1_2_1"
"1239","CTGTAGAGTAGTCCTA-1_2_1"
"1240","CTGTAGAGTTAGGCTT-1_2_1"
"1241","CTGTAGAGTTGCAACT-1_2_1"
"1242","CTGTATTAGAGTGACC-1_2_1"
"1243","CTGTATTAGCGTGCCT-1_2_1"
"1244","CTGTATTCACCCTCTA-1_2_1"
"1245","CTGTATTTCATTCACT-1_2_1"
"1246","CTGTCGTAGAAACACT-1_2_1"
"1247","CTGTCGTGTGAGTTGG-1_2_1"
"1248","CTGTGAAAGCCTGCCA-1_2_1"
"1249","CTGTGAAAGCTGTACT-1_2_1"
"1250","CTGTGAAAGTAGAATC-1_2_1"
"1251","CTGTGAAGTAAGAACT-1_2_1"
"1252","CTGTGAATCAGGACGA-1_2_1"
"1253","CTGTGGGTCATTCATC-1_2_1"
"1254","CTGTGGGTCTCGCTCA-1_2_1"
"1255","CTTACCGAGCAGCAGT-1_2_1"
"1256","CTTACCGAGCCTGGAA-1_2_1"
"1257","CTTACCGAGGAAGTGA-1_2_1"
"1258","CTTACCGCAATGCTCA-1_2_1"
"1259","CTTACCGCACCTCTGT-1_2_1"
"1260","CTTACCGCACTCCCTA-1_2_1"
"1261","CTTACCGGTCCTGTTC-1_2_1"
"1262","CTTACCGGTTCCTAAG-1_2_1"
"1263","CTTACCGTCTAAGCGT-1_2_1"
"1264","CTTAGGACACGTCGTG-1_2_1"
"1265","CTTAGGAGTTCTCTCG-1_2_1"
"1266","CTTAGGATCTACGCGG-1_2_1"
"1267","CTTCAATCAGACCTAT-1_2_1"
"1268","CTTCAATCATACCAGT-1_2_1"
"1269","CTTCAATTCAGCATTG-1_2_1"
"1270","CTTCAATTCCACTTCG-1_2_1"
"1271","CTTCCGAGTGCCTATA-1_2_1"
"1272","CTTCCGAGTGTACAGG-1_2_1"
"1273","CTTCCGATCGCAGTGC-1_2_1"
"1274","CTTCCTTAGCTCGACC-1_2_1"
"1275","CTTCCTTAGTCTACCA-1_2_1"
"1276","CTTCCTTCAACCAATC-1_2_1"
"1277","CTTCCTTCACCAGCCA-1_2_1"
"1278","CTTCCTTGTCATTCCC-1_2_1"
"1279","CTTCCTTTCACCTGTC-1_2_1"
"1280","CTTCCTTTCGCTACGG-1_2_1"
"1281","CTTCGGTGTAGATGTA-1_2_1"
"1282","CTTCTAACAACTACGT-1_2_1"
"1283","CTTCTAAGTCCGGCAT-1_2_1"
"1284","CTTCTAATCCTACCAC-1_2_1"
"1285","CTTCTAATCGACGCTG-1_2_1"
"1286","CTTCTCTCACTGCGAC-1_2_1"
"1287","CTTCTCTCATAGGTAA-1_2_1"
"1288","CTTCTCTGTGTTCCTC-1_2_1"
"1289","CTTGAGAGTACACTCA-1_2_1"
"1290","CTTGATTAGAATCGCG-1_2_1"
"1291","CTTGATTCAAGACGGT-1_2_1"
"1292","CTTGATTTCCTGTACC-1_2_1"
"1293","CTTTCAAAGTCATCGT-1_2_1"
"1294","CTTTCAACACAGCATT-1_2_1"
"1295","CTTTCAACATGGAACG-1_2_1"
"1296","CTTTCAATCAAAGACA-1_2_1"
"1297","CTTTCAATCCTCAGGG-1_2_1"
"1298","CTTTCAATCGTCCTTG-1_2_1"
"1299","CTTTCGGAGGCAGGTT-1_2_1"
"1300","CTTTCGGAGTCCTACA-1_2_1"
"1301","CTTTCGGCAGACCGCT-1_2_1"
"1302","GAAACCTAGATCGCTT-1_2_1"
"1303","GAAACCTAGCGACTAG-1_2_1"
"1304","GAAACCTAGTCATGAA-1_2_1"
"1305","GAAACCTAGTCTTGGT-1_2_1"
"1306","GAAACCTCAAATACGA-1_2_1"
"1307","GAAACCTGTCAAGCGA-1_2_1"
"1308","GAAACCTTCCGATGTA-1_2_1"
"1309","GAAACCTTCCTACGAA-1_2_1"
"1310","GAAACCTTCGCTATTT-1_2_1"
"1311","GAAATGAAGCATTGAA-1_2_1"
"1312","GAAATGACACACTGGC-1_2_1"
"1313","GAAATGACACGCGCAT-1_2_1"
"1314","GAAATGATCCCAAGCG-1_2_1"
"1315","GAACACTAGGTTATAG-1_2_1"
"1316","GAACACTAGTAGCATA-1_2_1"
"1317","GAACACTTCGGCCCAA-1_2_1"
"1318","GAACGTTTCTTACTGT-1_2_1"
"1319","GAACTGTAGCCGTTAT-1_2_1"
"1320","GAACTGTCAGTTGGTT-1_2_1"
"1321","GAACTGTGTCTTCAAG-1_2_1"
"1322","GAACTGTTCCGACGGT-1_2_1"
"1323","GAAGAATAGAGGCGGA-1_2_1"
"1324","GAAGAATCAGTGAGCA-1_2_1"
"1325","GAAGAATGTAGTCTTG-1_2_1"
"1326","GAAGAATGTATCGCTA-1_2_1"
"1327","GAAGAATGTCTGGTTA-1_2_1"
"1328","GAAGAATTCTTCGACC-1_2_1"
"1329","GAAGCCCAGCACTGGA-1_2_1"
"1330","GAAGCCCTCGTGTTCC-1_2_1"
"1331","GAAGCGAAGTCTAACC-1_2_1"
"1332","GAAGCGACACTCAAGT-1_2_1"
"1333","GAAGCGAGTGGTTTGT-1_2_1"
"1334","GAAGGACGTAACAGTA-1_2_1"
"1335","GAAGGGTCAGGCACTC-1_2_1"
"1336","GAAGGGTCATACGCAT-1_2_1"
"1337","GAAGGGTGTCCAAATC-1_2_1"
"1338","GAAGGGTTCCGTATAG-1_2_1"
"1339","GAAGTAACAAAGTGTA-1_2_1"
"1340","GAAGTAACACTCCGGA-1_2_1"
"1341","GAAGTAAGTAGAGCTG-1_2_1"
"1342","GAAGTAAGTGGGACAT-1_2_1"
"1343","GAATAGAAGCGACAGT-1_2_1"
"1344","GAATAGACACGCGTGT-1_2_1"
"1345","GAATCACAGCGCACAA-1_2_1"
"1346","GAATCACCACATGGTT-1_2_1"
"1347","GACACGCAGGACGGAG-1_2_1"
"1348","GACACGCCAAACGAGC-1_2_1"
"1349","GACACGCCACAAATAG-1_2_1"
"1350","GACAGCCCACGTCGTG-1_2_1"
"1351","GACAGCCGTCCAATCA-1_2_1"
"1352","GACAGCCTCGGAACTT-1_2_1"
"1353","GACAGCCTCGGACGTC-1_2_1"
"1354","GACATCAAGTGCAGGT-1_2_1"
"1355","GACATCAAGTTACGTC-1_2_1"
"1356","GACATCACATAGAAAC-1_2_1"
"1357","GACCAATAGATGCGAC-1_2_1"
"1358","GACCAATCAGTCAACT-1_2_1"
"1359","GACCAATCATGAAGGC-1_2_1"
"1360","GACCAATTCCCGTGTT-1_2_1"
"1361","GACCAATTCCGATCTC-1_2_1"
"1362","GACCCAGAGACTGAGC-1_2_1"
"1363","GACCCAGAGTAGACCG-1_2_1"
"1364","GACCCAGCATATTCGG-1_2_1"
"1365","GACCCTTAGCTAAGTA-1_2_1"
"1366","GACCCTTCAGCGGATA-1_2_1"
"1367","GACCGTGAGCAGTACG-1_2_1"
"1368","GACCTTCAGAAACTGT-1_2_1"
"1369","GACCTTCCATCGGAGA-1_2_1"
"1370","GACCTTCGTATACGGG-1_2_1"
"1371","GACGCTGAGATGTTAG-1_2_1"
"1372","GACGCTGAGCCTCAAT-1_2_1"
"1373","GACGCTGCACACGGAA-1_2_1"
"1374","GACGTTAAGCAGTCTT-1_2_1"
"1375","GACGTTAAGGTACCTT-1_2_1"
"1376","GACGTTAGTAATGCTC-1_2_1"
"1377","GACGTTAGTGCACATT-1_2_1"
"1378","GACGTTAGTGCCTAAT-1_2_1"
"1379","GACTATGCATGGGTTT-1_2_1"
"1380","GACTATGGTGAATAAC-1_2_1"
"1381","GACTCAACACATATCG-1_2_1"
"1382","GACTCAAGTCCGACGT-1_2_1"
"1383","GACTCTCAGTCACTCA-1_2_1"
"1384","GACTCTCGTAACGCGA-1_2_1"
"1385","GACTGATGTAAGTTGA-1_2_1"
"1386","GACTGATGTCGTGCCA-1_2_1"
"1387","GACTGATGTGTTGCCG-1_2_1"
"1388","GACTGATTCGGCATAT-1_2_1"
"1389","GACTTCCGTATCCTTT-1_2_1"
"1390","GACTTCCGTTTACCTT-1_2_1"
"1391","GAGAAATAGGACTATA-1_2_1"
"1392","GAGAAATTCACCATAG-1_2_1"
"1393","GAGACCCCACACCGAC-1_2_1"
"1394","GAGACTTAGCTGGCCT-1_2_1"
"1395","GAGACTTCACTGCATA-1_2_1"
"1396","GAGACTTGTTCTAACG-1_2_1"
"1397","GAGACTTTCCAAGAGG-1_2_1"
"1398","GAGAGGTCACAGCTTA-1_2_1"
"1399","GAGAGGTTCATCAGTG-1_2_1"
"1400","GAGAGGTTCGACACTA-1_2_1"
"1401","GAGATGGCAGGCTATT-1_2_1"
"1402","GAGATGGGTATTTCCT-1_2_1"
"1403","GAGATGGGTCGTGGTC-1_2_1"
"1404","GAGCTGCAGCTTGTTG-1_2_1"
"1405","GAGCTGCTCCATTGCC-1_2_1"
"1406","GAGGCAAAGGATCATA-1_2_1"
"1407","GAGGCAAAGTTAGTGA-1_2_1"
"1408","GAGGCAACATCAGCTA-1_2_1"
"1409","GAGGCAATCGGCTGGT-1_2_1"
"1410","GAGGCCTCACGGCGTT-1_2_1"
"1411","GAGGCCTGTGGCTGAA-1_2_1"
"1412","GAGGCCTTCTTCGCTG-1_2_1"
"1413","GAGGGATCAAGTGGTG-1_2_1"
"1414","GAGGGATGTATTGCCA-1_2_1"
"1415","GAGGGTACAAGGCGTA-1_2_1"
"1416","GAGGGTACACTACAGT-1_2_1"
"1417","GAGTCATCAGATACCT-1_2_1"
"1418","GAGTCATCAGATGCGA-1_2_1"
"1419","GAGTCATTCCGCTAGG-1_2_1"
"1420","GAGTCATTCTATACTC-1_2_1"
"1421","GAGTCTAAGCATTGTC-1_2_1"
"1422","GAGTCTAAGTTCCATG-1_2_1"
"1423","GAGTCTACACAAATCC-1_2_1"
"1424","GAGTCTACACCTGCAG-1_2_1"
"1425","GAGTGAGAGTGGAAGA-1_2_1"
"1426","GAGTGTTAGATTGGGC-1_2_1"
"1427","GAGTGTTTCCCTTTGG-1_2_1"
"1428","GAGTTACAGAAGTATC-1_2_1"
"1429","GAGTTACCAAGAAACT-1_2_1"
"1430","GAGTTACCAGTTGGTT-1_2_1"
"1431","GAGTTGTAGACAGCGT-1_2_1"
"1432","GAGTTGTAGCAGCACA-1_2_1"
"1433","GAGTTGTAGCGTGTCC-1_2_1"
"1434","GAGTTTGGTGTCTTCC-1_2_1"
"1435","GAGTTTGTCTCGCGTT-1_2_1"
"1436","GATAGAAGTGCAGGAT-1_2_1"
"1437","GATAGAAGTTCAAACC-1_2_1"
"1438","GATAGCTTCCCTCTTT-1_2_1"
"1439","GATAGCTTCTCGCTCA-1_2_1"
"1440","GATCACAAGCTACGTT-1_2_1"
"1441","GATCACACACACCGAC-1_2_1"
"1442","GATCACAGTGTAGCAG-1_2_1"
"1443","GATCACATCGCTCTCA-1_2_1"
"1444","GATCAGTAGTTGTACC-1_2_1"
"1445","GATCAGTCACTGAGGA-1_2_1"
"1446","GATCAGTCAGTCGGAA-1_2_1"
"1447","GATCAGTGTATCATGC-1_2_1"
"1448","GATCATGAGTTTGCTG-1_2_1"
"1449","GATCATGCAAGTGACG-1_2_1"
"1450","GATCATGCACCAGCGT-1_2_1"
"1451","GATCATGCATAGTCAC-1_2_1"
"1452","GATCATGGTCTAGTGT-1_2_1"
"1453","GATCCCTAGTACTGTC-1_2_1"
"1454","GATCCCTCACCCTGTT-1_2_1"
"1455","GATCCCTGTGGTCTAT-1_2_1"
"1456","GATCGTACATGAAGGC-1_2_1"
"1457","GATCGTATCACTGATG-1_2_1"
"1458","GATGAGGGTGAGCTCC-1_2_1"
"1459","GATGAGGGTGTTCCTC-1_2_1"
"1460","GATGAGGTCGACGCGT-1_2_1"
"1461","GATGAGGTCTGCTTAT-1_2_1"
"1462","GATGATCAGATAGCAT-1_2_1"
"1463","GATGATCGTAGTGATA-1_2_1"
"1464","GATGATCTCAGCCTTC-1_2_1"
"1465","GATGCTACATCTGGGC-1_2_1"
"1466","GATGCTAGTGGGAGAG-1_2_1"
"1467","GATGGAGTCGTGTCAA-1_2_1"
"1468","GATGTTGGTTACACTG-1_2_1"
"1469","GATGTTGGTTCTCGCT-1_2_1"
"1470","GATTCGAAGTCACACT-1_2_1"
"1471","GATTCGACATCAGTGT-1_2_1"
"1472","GATTCGAGTCGAGTGA-1_2_1"
"1473","GATTCTTAGCACACCC-1_2_1"
"1474","GATTCTTGTATTTCCT-1_2_1"
"1475","GATTCTTGTTCGGTTA-1_2_1"
"1476","GATTCTTTCTTGAGCA-1_2_1"
"1477","GATTGGTAGGACAGTC-1_2_1"
"1478","GATTGGTGTGGATCAG-1_2_1"
"1479","GATTGGTTCTCGCAGG-1_2_1"
"1480","GCAACATAGCATTTGC-1_2_1"
"1481","GCAACATGTCGAAGCA-1_2_1"
"1482","GCAACATTCCATAAGC-1_2_1"
"1483","GCAACCGAGGAGTATT-1_2_1"
"1484","GCAACCGCAAGTCCAT-1_2_1"
"1485","GCACATAAGTTCTACG-1_2_1"
"1486","GCACATAGTCGTTATG-1_2_1"
"1487","GCACATAGTTCGTGCG-1_2_1"
"1488","GCACATATCCGCTTAC-1_2_1"
"1489","GCACGGTGTACTCGTA-1_2_1"
"1490","GCACGGTGTTCAGTAC-1_2_1"
"1491","GCACGGTTCTACACTT-1_2_1"
"1492","GCACGTGAGAACAAGG-1_2_1"
"1493","GCACGTGAGTGCCCGT-1_2_1"
"1494","GCACGTGGTAGAAACT-1_2_1"
"1495","GCACGTGGTCTTCAAG-1_2_1"
"1496","GCACGTGTCCATATGG-1_2_1"
"1497","GCAGCCACATTGTGCA-1_2_1"
"1498","GCAGCCAGTGACTATC-1_2_1"
"1499","GCAGCTGCACCCTAAA-1_2_1"
"1500","GCAGCTGCACCTAAAC-1_2_1"
"1501","GCAGGCTCATGGCCAC-1_2_1"
"1502","GCAGGCTGTGACAGCA-1_2_1"
"1503","GCAGGCTGTTGGGATG-1_2_1"
"1504","GCAGTTAAGGACAAGA-1_2_1"
"1505","GCAGTTACACAAATGA-1_2_1"
"1506","GCAGTTATCAGGACAG-1_2_1"
"1507","GCATCGGAGAGAACCC-1_2_1"
"1508","GCATCGGAGCAGGGAG-1_2_1"
"1509","GCATCGGGTTCCTACC-1_2_1"
"1510","GCATCGGTCTAGCATG-1_2_1"
"1511","GCATCTCAGACAACAT-1_2_1"
"1512","GCATCTCAGCTGAAAT-1_2_1"
"1513","GCATCTCAGGCAGTCA-1_2_1"
"1514","GCATCTCGTGAAGCGT-1_2_1"
"1515","GCATCTCTCAATGTCG-1_2_1"
"1516","GCATGATAGCTGGAGT-1_2_1"
"1517","GCATGATAGTTTCTTC-1_2_1"
"1518","GCATTAGCATGACTAC-1_2_1"
"1519","GCATTAGGTGAATGAT-1_2_1"
"1520","GCATTAGGTTCAGCTA-1_2_1"
"1521","GCCAACGCAACGATTC-1_2_1"
"1522","GCCAACGCAACTTGGT-1_2_1"
"1523","GCCAACGGTACTCGTA-1_2_1"
"1524","GCCAACGGTCAAGCGA-1_2_1"
"1525","GCCAACGGTTCACGAT-1_2_1"
"1526","GCCAGCAAGTGATTCC-1_2_1"
"1527","GCCAGCAGTCGTTGGC-1_2_1"
"1528","GCCAGCATCAGCCCAG-1_2_1"
"1529","GCCAGGTTCTGGCCAG-1_2_1"
"1530","GCCAGTGAGTACCCTA-1_2_1"
"1531","GCCAGTGAGTCAGCCC-1_2_1"
"1532","GCCAGTGCAGTGTGGA-1_2_1"
"1533","GCCAGTGCATCTAGAC-1_2_1"
"1534","GCCAGTGTCAGGAAAT-1_2_1"
"1535","GCCAGTGTCATTGAGC-1_2_1"
"1536","GCCAGTGTCGCTGTCT-1_2_1"
"1537","GCCCAGAGTTCGAGCC-1_2_1"
"1538","GCCCGAAGTTTAGACC-1_2_1"
"1539","GCCCGAATCCATCAGA-1_2_1"
"1540","GCCGATGAGGCACCAA-1_2_1"
"1541","GCCGATGGTGTTGATC-1_2_1"
"1542","GCCGTGAAGAGAGCCT-1_2_1"
"1543","GCCGTGAGTCAGGTAG-1_2_1"
"1544","GCCGTGATCACACCCT-1_2_1"
"1545","GCCTGTTGTAGGACTG-1_2_1"
"1546","GCGAGAACAACTTGGT-1_2_1"
"1547","GCGAGAACATTCGATG-1_2_1"
"1548","GCGAGAATCAAGAATG-1_2_1"
"1549","GCGATCGCAAGATGTA-1_2_1"
"1550","GCGATCGCAGTGTGGA-1_2_1"
"1551","GCGATCGTCATGCAGT-1_2_1"
"1552","GCGATCGTCTGAGAGG-1_2_1"
"1553","GCGGAAACAAATTGGA-1_2_1"
"1554","GCGGAAAGTATATGGA-1_2_1"
"1555","GCGGAAAGTGTATACC-1_2_1"
"1556","GCGGAAAGTTCAAGGG-1_2_1"
"1557","GCGGAAATCCACGTAA-1_2_1"
"1558","GCGGATCAGCATACTC-1_2_1"
"1559","GCGGATCCAGATCCAT-1_2_1"
"1560","GCGGATCTCTAGCAAC-1_2_1"
"1561","GCGTGCAAGGCTCAAG-1_2_1"
"1562","GCGTGCACAAAGCGTG-1_2_1"
"1563","GCGTTTCAGATACATG-1_2_1"
"1564","GCGTTTCCATTACGGT-1_2_1"
"1565","GCGTTTCGTAGCACGA-1_2_1"
"1566","GCTACAACACAATGCT-1_2_1"
"1567","GCTACAAGTACTGCGC-1_2_1"
"1568","GCTACAATCAGACCCG-1_2_1"
"1569","GCTACCTGTCGATTAC-1_2_1"
"1570","GCTACCTTCAGAACCT-1_2_1"
"1571","GCTACCTTCTGCGTCT-1_2_1"
"1572","GCTCAAAAGTTTCGGT-1_2_1"
"1573","GCTCAAACAAGAAATC-1_2_1"
"1574","GCTGAATCAAAGCAAT-1_2_1"
"1575","GCTGCAGCAAACTGCT-1_2_1"
"1576","GCTGCAGCAGTAGAAT-1_2_1"
"1577","GCTGCAGTCGAGCCTG-1_2_1"
"1578","GCTTCACCAGCATGCC-1_2_1"
"1579","GCTTCACCAGGAAGTC-1_2_1"
"1580","GCTTGGGAGGTGCTAG-1_2_1"
"1581","GCTTGGGAGTTCTCTT-1_2_1"
"1582","GCTTGGGCAAATACAG-1_2_1"
"1583","GCTTGGGCAAATGCGG-1_2_1"
"1584","GCTTGGGGTAGGTACG-1_2_1"
"1585","GCTTGGGGTTCCTACC-1_2_1"
"1586","GCTTGGGTCAAATAGG-1_2_1"
"1587","GCTTTCGAGGAGAGGC-1_2_1"
"1588","GCTTTCGCACAGTCAT-1_2_1"
"1589","GCTTTCGTCACTGGGC-1_2_1"
"1590","GGAACCCGTGTCCCTT-1_2_1"
"1591","GGAACCCTCCTAGCGG-1_2_1"
"1592","GGAAGTGAGCGTTGTT-1_2_1"
"1593","GGAAGTGTCCTCTTTC-1_2_1"
"1594","GGAATCTCAACTGCCG-1_2_1"
"1595","GGAATCTCACCTGTCT-1_2_1"
"1596","GGAATCTGTCACAGTT-1_2_1"
"1597","GGAATGGCAACGGCCT-1_2_1"
"1598","GGAATGGCAGCACCCA-1_2_1"
"1599","GGACGTCAGTGCGCTC-1_2_1"
"1600","GGACGTCGTCGTGATT-1_2_1"
"1601","GGAGATGAGGCTAACG-1_2_1"
"1602","GGAGATGGTGAGTAGC-1_2_1"
"1603","GGAGATGTCTGAGGCC-1_2_1"
"1604","GGAGCAAAGAAGCGGG-1_2_1"
"1605","GGAGCAATCCGTGGCA-1_2_1"
"1606","GGAGGATAGCAATAGT-1_2_1"
"1607","GGAGGATAGTTTCAGC-1_2_1"
"1608","GGAGGATGTTATAGCC-1_2_1"
"1609","GGAGGTACAAACCATC-1_2_1"
"1610","GGAGGTATCGGACCAC-1_2_1"
"1611","GGATCTATCAAGTCTG-1_2_1"
"1612","GGATCTATCGGTCGGT-1_2_1"
"1613","GGATGTTAGATGTTCC-1_2_1"
"1614","GGATGTTTCTCGGTAA-1_2_1"
"1615","GGCACGTCACGAGGTA-1_2_1"
"1616","GGCACGTGTCAGATTC-1_2_1"
"1617","GGCACGTTCACAACCA-1_2_1"
"1618","GGCACGTTCGCGTCGA-1_2_1"
"1619","GGCAGTCAGGATTACA-1_2_1"
"1620","GGCAGTCGTACCCACG-1_2_1"
"1621","GGCAGTCTCCGAGCTG-1_2_1"
"1622","GGCGTCAAGGTTGTTC-1_2_1"
"1623","GGCGTCAAGTGGCCTC-1_2_1"
"1624","GGCGTCAGTATGTGTC-1_2_1"
"1625","GGCTGTGAGCTGGTGA-1_2_1"
"1626","GGCTGTGAGGTTATAG-1_2_1"
"1627","GGCTGTGAGTAGGATT-1_2_1"
"1628","GGCTGTGCACGCCACA-1_2_1"
"1629","GGCTGTGCATCTAGAC-1_2_1"
"1630","GGCTGTGGTTATGTGC-1_2_1"
"1631","GGCTGTGTCGACGATT-1_2_1"
"1632","GGCTTGGGTACAAGTA-1_2_1"
"1633","GGCTTGGGTAGCTGTT-1_2_1"
"1634","GGCTTTCAGATAGTGT-1_2_1"
"1635","GGCTTTCAGTAATACG-1_2_1"
"1636","GGCTTTCAGTGACCTT-1_2_1"
"1637","GGCTTTCCAGTGCCTG-1_2_1"
"1638","GGCTTTCTCTCTTAAC-1_2_1"
"1639","GGGAAGTAGTGGCCTC-1_2_1"
"1640","GGGACCTAGCATTTGC-1_2_1"
"1641","GGGACCTAGTCACAGG-1_2_1"
"1642","GGGACCTGTGGTCTCG-1_2_1"
"1643","GGGACTCAGCGGTAGT-1_2_1"
"1644","GGGACTCGTAGATTAG-1_2_1"
"1645","GGGACTCGTTCAAGGG-1_2_1"
"1646","GGGAGATAGGCGCTCT-1_2_1"
"1647","GGGAGATAGTAGCAAT-1_2_1"
"1648","GGGAGATCAATTTCTC-1_2_1"
"1649","GGGAGATCATGGTGGA-1_2_1"
"1650","GGGAGATTCAGGACAG-1_2_1"
"1651","GGGAGTAAGAGAAGGT-1_2_1"
"1652","GGGAGTAAGATGGCAC-1_2_1"
"1653","GGGAGTAGTAGTCGGA-1_2_1"
"1654","GGGATGAGTATAATGG-1_2_1"
"1655","GGGATGAGTCTTGGTA-1_2_1"
"1656","GGGCCATCACGGCACT-1_2_1"
"1657","GGGCCATCAGAGAGGG-1_2_1"
"1658","GGGCCATTCGCAGTTA-1_2_1"
"1659","GGGCCATTCGGCTGAC-1_2_1"
"1660","GGGCCATTCTATCACT-1_2_1"
"1661","GGGCCATTCTGCTAGA-1_2_1"
"1662","GGGCGTTTCCGACGGT-1_2_1"
"1663","GGGCTACAGAGGCGGA-1_2_1"
"1664","GGGCTACGTCGGTAAG-1_2_1"
"1665","GGGCTACTCGAGAGCA-1_2_1"
"1666","GGGCTACTCTCATAGG-1_2_1"
"1667","GGGCTCAAGAGCCTGA-1_2_1"
"1668","GGGCTCAAGATTCGCT-1_2_1"
"1669","GGGCTCAAGCGCCGTT-1_2_1"
"1670","GGGCTCATCAAGTTGC-1_2_1"
"1671","GGGCTCATCAGTCAGT-1_2_1"
"1672","GGGTAGAGTCACTAGT-1_2_1"
"1673","GGGTAGAGTCTTCTAT-1_2_1"
"1674","GGGTATTGTCGAGATG-1_2_1"
"1675","GGGTATTGTTGTTTGG-1_2_1"
"1676","GGGTATTTCATGGAGG-1_2_1"
"1677","GGGTCACTCATAGCAC-1_2_1"
"1678","GGGTCACTCCGGACGT-1_2_1"
"1679","GGGTCTGAGGCCCGTT-1_2_1"
"1680","GGGTCTGCACGAAGAC-1_2_1"
"1681","GGGTCTGGTAATTGGA-1_2_1"
"1682","GGGTCTGGTTCAAGGG-1_2_1"
"1683","GGGTGAAAGGGTCTTT-1_2_1"
"1684","GGGTGTCAGAGATGCC-1_2_1"
"1685","GGGTGTCAGTAATCCC-1_2_1"
"1686","GGGTGTCGTTGACTGT-1_2_1"
"1687","GGGTTATCAGTCTGGC-1_2_1"
"1688","GGGTTATTCTCTTCAA-1_2_1"
"1689","GGGTTTAAGACATAAC-1_2_1"
"1690","GGGTTTAGTTACGATC-1_2_1"
"1691","GGGTTTATCATGAAAG-1_2_1"
"1692","GGGTTTATCCAAATGC-1_2_1"
"1693","GGGTTTATCCGATAAC-1_2_1"
"1694","GGTAATCAGCCAGACA-1_2_1"
"1695","GGTAATCCAAGACCGA-1_2_1"
"1696","GGTAATCGTAGAGCTG-1_2_1"
"1697","GGTAGAGAGAACCGCA-1_2_1"
"1698","GGTAGAGCAAACACCT-1_2_1"
"1699","GGTAGAGCACGTTCGG-1_2_1"
"1700","GGTAGAGTCTCTCAAT-1_2_1"
"1701","GGTCTGGAGACGCCCT-1_2_1"
"1702","GGTCTGGCACAATGAA-1_2_1"
"1703","GGTCTGGGTAGGACCA-1_2_1"
"1704","GGTGAAGCAAGGTTGG-1_2_1"
"1705","GGTGAAGTCCCAATAG-1_2_1"
"1706","GGTGAAGTCCGGGACT-1_2_1"
"1707","GGTGATTAGACCACGA-1_2_1"
"1708","GGTGATTCACACCTAA-1_2_1"
"1709","GGTGATTGTAGCTTGT-1_2_1"
"1710","GGTGATTTCACCCTTG-1_2_1"
"1711","GGTGGCTTCCGCACTT-1_2_1"
"1712","GGTGTCGAGGGAGTGG-1_2_1"
"1713","GGTGTCGGTTATTCTC-1_2_1"
"1714","GGTGTCGTCTAATTCC-1_2_1"
"1715","GGTGTTAAGCACTCCG-1_2_1"
"1716","GGTGTTAAGCTGCCAC-1_2_1"
"1717","GGTGTTAAGTAATCCC-1_2_1"
"1718","GGTTAACAGTCGCCCA-1_2_1"
"1719","GGTTAACCAAATAGCA-1_2_1"
"1720","GGTTCTCAGATTGACA-1_2_1"
"1721","GGTTCTCAGGGTTAAT-1_2_1"
"1722","GGTTCTCCAACTACGT-1_2_1"
"1723","GGTTCTCGTAACATCC-1_2_1"
"1724","GGTTCTCGTCTTGCGG-1_2_1"
"1725","GGTTCTCTCTCATGGA-1_2_1"
"1726","GGTTGTAAGTTTGGCT-1_2_1"
"1727","GGTTGTACATTGAGGG-1_2_1"
"1728","GTAACCATCTCGTGGG-1_2_1"
"1729","GTAACCATCTGCACCT-1_2_1"
"1730","GTAAGTCAGCTTGTGT-1_2_1"
"1731","GTAAGTCCACAACCGC-1_2_1"
"1732","GTAAGTCCAGCAGAAC-1_2_1"
"1733","GTAAGTCGTGCCTATA-1_2_1"
"1734","GTAATCGAGCGACTAG-1_2_1"
"1735","GTAATCGCAGTTGCGC-1_2_1"
"1736","GTAATCGGTACAGAAT-1_2_1"
"1737","GTAATCGGTGTATACC-1_2_1"
"1738","GTAATCGTCCTACACC-1_2_1"
"1739","GTAATGCTCGGTAACT-1_2_1"
"1740","GTACAACCAACTCATG-1_2_1"
"1741","GTACAACCACATGTTG-1_2_1"
"1742","GTACAACCAGGCACTC-1_2_1"
"1743","GTACAACGTCGTTTCC-1_2_1"
"1744","GTACAACTCAGAGCAG-1_2_1"
"1745","GTACAACTCTTGGAAC-1_2_1"
"1746","GTACAGTAGAGAGTTT-1_2_1"
"1747","GTACAGTTCCAAGCCG-1_2_1"
"1748","GTACAGTTCGACCACG-1_2_1"
"1749","GTAGAAAGTGTCCATA-1_2_1"
"1750","GTAGAAATCAACACCA-1_2_1"
"1751","GTAGAAATCACCATGA-1_2_1"
"1752","GTAGAGGAGCGAGTAC-1_2_1"
"1753","GTAGAGGTCACCGGTG-1_2_1"
"1754","GTAGAGGTCCCATGGG-1_2_1"
"1755","GTAGAGGTCTGACCCT-1_2_1"
"1756","GTAGAGGTCTGGCCAG-1_2_1"
"1757","GTAGCTACATAAGATG-1_2_1"
"1758","GTAGCTAGTATTGCCA-1_2_1"
"1759","GTAGGAGCACATTACG-1_2_1"
"1760","GTAGGAGTCCATCTAT-1_2_1"
"1761","GTAGGTTAGAGAGGGC-1_2_1"
"1762","GTAGGTTCACCAGCTG-1_2_1"
"1763","GTAGGTTGTCACTGAT-1_2_1"
"1764","GTAGTACAGAACAGGA-1_2_1"
"1765","GTAGTACAGGATTCAA-1_2_1"
"1766","GTAGTACCACGCAAAG-1_2_1"
"1767","GTAGTACCAGGGAGAG-1_2_1"
"1768","GTAGTACTCCATGATG-1_2_1"
"1769","GTAGTACTCCTTATAC-1_2_1"
"1770","GTATTGGCACCCTATC-1_2_1"
"1771","GTATTGGCAGGAATCG-1_2_1"
"1772","GTATTGGCATAGAGGC-1_2_1"
"1773","GTATTGGGTTCTAACG-1_2_1"
"1774","GTATTTCAGCCGATCC-1_2_1"
"1775","GTATTTCGTGAATTGA-1_2_1"
"1776","GTATTTCTCGACCATA-1_2_1"
"1777","GTATTTCTCTGAGATC-1_2_1"
"1778","GTATTTCTCTGCTGAA-1_2_1"
"1779","GTCAAGTCAGTAGGAC-1_2_1"
"1780","GTCAAGTGTCCTCCTA-1_2_1"
"1781","GTCAAGTGTCTGTGCG-1_2_1"
"1782","GTCACGGAGGCGACAT-1_2_1"
"1783","GTCACGGGTAACTGCT-1_2_1"
"1784","GTCACGGTCAGGAACG-1_2_1"
"1785","GTCACTCGTCGTAATC-1_2_1"
"1786","GTCAGCGGTGGAAATT-1_2_1"
"1787","GTCATCCCACAACGTT-1_2_1"
"1788","GTCATCCTCTTCCAGC-1_2_1"
"1789","GTCATGAAGAACCGCA-1_2_1"
"1790","GTCATGAAGGTTAAAC-1_2_1"
"1791","GTCATGACATGGCCCA-1_2_1"
"1792","GTCATTTCACACACGC-1_2_1"
"1793","GTCATTTTCATTTGGG-1_2_1"
"1794","GTCATTTTCCACACCT-1_2_1"
"1795","GTCCACTAGAAGTCAT-1_2_1"
"1796","GTCCACTCAACTGCTA-1_2_1"
"1797","GTCCACTGTACCGCGT-1_2_1"
"1798","GTCCCATAGTTCATGC-1_2_1"
"1799","GTCCCATAGTTGTCGT-1_2_1"
"1800","GTCCCATCAGCGACAA-1_2_1"
"1801","GTCCCATCATCGCTCT-1_2_1"
"1802","GTCCCATGTCGTTTCC-1_2_1"
"1803","GTCCTCATCTAGTTCT-1_2_1"
"1804","GTCGAATCAGTAGATA-1_2_1"
"1805","GTCGTAAAGAAATTCG-1_2_1"
"1806","GTCGTAAAGGGTGAGG-1_2_1"
"1807","GTCGTAATCAAACGAA-1_2_1"
"1808","GTCGTTCAGACATCAA-1_2_1"
"1809","GTCGTTCAGTCCTGCG-1_2_1"
"1810","GTCGTTCGTACCTATG-1_2_1"
"1811","GTCTACCAGCCTGAGA-1_2_1"
"1812","GTCTACCCACGGCCAT-1_2_1"
"1813","GTCTACCGTCTTTATC-1_2_1"
"1814","GTCTAGACAAAGCAAT-1_2_1"
"1815","GTCTAGACACCACATA-1_2_1"
"1816","GTCTAGATCGTCCATC-1_2_1"
"1817","GTCTCACAGCCATGCC-1_2_1"
"1818","GTCTCACTCTTCCCGA-1_2_1"
"1819","GTCTGTCCATTACGGT-1_2_1"
"1820","GTCTGTCGTCCTGTTC-1_2_1"
"1821","GTCTGTCTCCTTGGAA-1_2_1"
"1822","GTCTGTCTCTCTCCGA-1_2_1"
"1823","GTCTTTAAGAGCTTTC-1_2_1"
"1824","GTCTTTAAGCGAGTCA-1_2_1"
"1825","GTCTTTAAGTCATCGT-1_2_1"
"1826","GTCTTTAGTCCACATA-1_2_1"
"1827","GTCTTTATCATACAGC-1_2_1"
"1828","GTGACGCAGACTTAAG-1_2_1"
"1829","GTGACGCCATGTGCCG-1_2_1"
"1830","GTGACGCGTATTTCCT-1_2_1"
"1831","GTGACGCGTCGTTGCG-1_2_1"
"1832","GTGAGCCCACGCTGCA-1_2_1"
"1833","GTGAGCCGTATAGCTC-1_2_1"
"1834","GTGAGCCGTTGAGGAC-1_2_1"
"1835","GTGAGGAAGTTACGAA-1_2_1"
"1836","GTGAGGACAGCACAAG-1_2_1"
"1837","GTGAGGATCTTCCACG-1_2_1"
"1838","GTGAGTTAGGGACACT-1_2_1"
"1839","GTGAGTTGTAACTTCG-1_2_1"
"1840","GTGAGTTGTTCCAGGC-1_2_1"
"1841","GTGAGTTGTTTGAACC-1_2_1"
"1842","GTGATGTTCCGCGGAT-1_2_1"
"1843","GTGCACGAGTAGGGTC-1_2_1"
"1844","GTGCACGAGTCACTAC-1_2_1"
"1845","GTGCACGCATATGGCT-1_2_1"
"1846","GTGCACGTCCTGGGTG-1_2_1"
"1847","GTGCAGCCAAATCCCA-1_2_1"
"1848","GTGCAGCGTCGCACGT-1_2_1"
"1849","GTGCAGCTCGTCGATA-1_2_1"
"1850","GTGCGTGAGATGAACT-1_2_1"
"1851","GTGCGTGCACAAGTTC-1_2_1"
"1852","GTGCGTGCAGTTGAAA-1_2_1"
"1853","GTGCGTGTCATGACAC-1_2_1"
"1854","GTGCTGGGTACAGAGC-1_2_1"
"1855","GTGCTGGTCAACTTTC-1_2_1"
"1856","GTGCTTCAGCTAAGTA-1_2_1"
"1857","GTGCTTCAGTCACACT-1_2_1"
"1858","GTGCTTCCAGCTGCCA-1_2_1"
"1859","GTGGAAGAGAATAACC-1_2_1"
"1860","GTGGAAGCATCACAGT-1_2_1"
"1861","GTGGAAGTCCCAATAG-1_2_1"
"1862","GTGGAAGTCTAATTCC-1_2_1"
"1863","GTGGCGTAGCCTCAGC-1_2_1"
"1864","GTGGGAAAGAGATGCC-1_2_1"
"1865","GTGGGAAAGGCATTTC-1_2_1"
"1866","GTGGGAACACTTCATT-1_2_1"
"1867","GTGGGAACAGATACTC-1_2_1"
"1868","GTGGGAAGTTACCTGA-1_2_1"
"1869","GTGGTTACAACTCCCT-1_2_1"
"1870","GTGGTTACACGCTGCA-1_2_1"
"1871","GTGGTTAGTTCCCACT-1_2_1"
"1872","GTGGTTATCCAAGCCG-1_2_1"
"1873","GTGGTTATCCCATTTA-1_2_1"
"1874","GTGGTTATCTTCGTAT-1_2_1"
"1875","GTGTAACAGCCAGTAG-1_2_1"
"1876","GTGTAACAGTTTGCTG-1_2_1"
"1877","GTGTAACCACATCCCT-1_2_1"
"1878","GTGTAACCATAAGATG-1_2_1"
"1879","GTGTAACTCGTTAGTG-1_2_1"
"1880","GTGTAACTCTTACACT-1_2_1"
"1881","GTGTGATAGATTGTGA-1_2_1"
"1882","GTGTGATAGCTGTGCC-1_2_1"
"1883","GTGTGATGTTCTCCAC-1_2_1"
"1884","GTGTGGCAGCGCCTTG-1_2_1"
"1885","GTGTGGCCAACCTAAC-1_2_1"
"1886","GTGTGGCGTTACACTG-1_2_1"
"1887","GTGTTAGCATCCCACT-1_2_1"
"1888","GTGTTCCAGACGGTCA-1_2_1"
"1889","GTGTTCCCAAAGCACG-1_2_1"
"1890","GTGTTCCCACCAACAT-1_2_1"
"1891","GTGTTCCGTCGTCGGT-1_2_1"
"1892","GTTACAGAGCTAATCC-1_2_1"
"1893","GTTACAGCAGGCCTGT-1_2_1"
"1894","GTTACAGGTAGCTTAC-1_2_1"
"1895","GTTACAGGTCAACCAT-1_2_1"
"1896","GTTACGAGTCCAGCAC-1_2_1"
"1897","GTTACGATCAGGTGTT-1_2_1"
"1898","GTTAGACTCACGTAGT-1_2_1"
"1899","GTTAGACTCTTACCGC-1_2_1"
"1900","GTTAGTGCACTCCGGA-1_2_1"
"1901","GTTAGTGGTCGGTGTC-1_2_1"
"1902","GTTAGTGTCCGAAGGA-1_2_1"
"1903","GTTAGTGTCGCCAGAC-1_2_1"
"1904","GTTATGGAGCCTGTGC-1_2_1"
"1905","GTTATGGCAAGGCTTT-1_2_1"
"1906","GTTATGGCACGCCAGT-1_2_1"
"1907","GTTATGGCACTCTAGA-1_2_1"
"1908","GTTCATTAGAGGGTCT-1_2_1"
"1909","GTTCATTCAGTTCTAG-1_2_1"
"1910","GTTCCGTCACTTGTGA-1_2_1"
"1911","GTTCCGTTCAAGTGGG-1_2_1"
"1912","GTTCCGTTCTGGTGGC-1_2_1"
"1913","GTTCGCTTCCCTCAAC-1_2_1"
"1914","GTTCTATCACGATAGG-1_2_1"
"1915","GTTGAACCAGTTGGTT-1_2_1"
"1916","GTTGAACCATAAGCAA-1_2_1"
"1917","GTTGAACCATGACAGG-1_2_1"
"1918","GTTGAACTCTTTACAC-1_2_1"
"1919","GTTGCGGAGAAACTAC-1_2_1"
"1920","GTTGCGGCAATTGCAC-1_2_1"
"1921","GTTGCGGGTGTAAACA-1_2_1"
"1922","GTTGCTCAGAATACAC-1_2_1"
"1923","GTTGCTCCATCCTAAG-1_2_1"
"1924","GTTGCTCGTAGAATGT-1_2_1"
"1925","GTTGCTCTCGATTTCT-1_2_1"
"1926","GTTGTAGAGCATGAAT-1_2_1"
"1927","GTTGTAGCAACGGCTC-1_2_1"
"1928","GTTGTAGCAAGGGTCA-1_2_1"
"1929","GTTGTAGCACACTTAG-1_2_1"
"1930","GTTGTAGTCAATGTCG-1_2_1"
"1931","GTTGTAGTCCGTGGGT-1_2_1"
"1932","GTTGTCCTCCTACCGT-1_2_1"
"1933","GTTGTCCTCCTGCTAC-1_2_1"
"1934","GTTGTGAAGCACGGAT-1_2_1"
"1935","GTTGTGACACAAGGTG-1_2_1"
"1936","GTTGTGACACCAATTG-1_2_1"
"1937","GTTGTGACACTCCCTA-1_2_1"
"1938","GTTGTGAGTCGTCAGC-1_2_1"
"1939","GTTGTGAGTTCAAACC-1_2_1"
"1940","GTTGTGATCGAGTCTA-1_2_1"
"1941","GTTTACTTCTCACTCG-1_2_1"
"1942","GTTTGGAAGAATGTTG-1_2_1"
"1943","GTTTGGACAAGACCTT-1_2_1"
"1944","TAACCAGAGATAACGT-1_2_1"
"1945","TAACCAGCAAGACAAT-1_2_1"
"1946","TAACGACAGCAAGGAA-1_2_1"
"1947","TAACGACCACAGAGAC-1_2_1"
"1948","TAACGACCAGTACTAC-1_2_1"
"1949","TAACGACCATACCACA-1_2_1"
"1950","TAACGACCATGCCGGT-1_2_1"
"1951","TAACGACGTCTCAGGC-1_2_1"
"1952","TAACTTCAGCGCCATC-1_2_1"
"1953","TAACTTCCAGTGTATC-1_2_1"
"1954","TAACTTCCATCGATGT-1_2_1"
"1955","TAAGCACAGTAACAGT-1_2_1"
"1956","TAAGCACCAACGGCTC-1_2_1"
"1957","TAAGCACGTATCGTGT-1_2_1"
"1958","TAAGCCACATGGCTGC-1_2_1"
"1959","TAAGCCAGTAGTCCTA-1_2_1"
"1960","TAAGCGTAGTGCAGGT-1_2_1"
"1961","TAAGTCGCACATACTG-1_2_1"
"1962","TAAGTCGCATACCATG-1_2_1"
"1963","TAAGTCGGTTGCAACT-1_2_1"
"1964","TAAGTCGGTTTGGAGG-1_2_1"
"1965","TAAGTCGTCACCTGGG-1_2_1"
"1966","TAAGTCGTCGGAACTT-1_2_1"
"1967","TAAGTCGTCGGTCAGC-1_2_1"
"1968","TAATCTCAGACTCTTG-1_2_1"
"1969","TAATCTCAGGCGAACT-1_2_1"
"1970","TAATCTCAGTAAGACT-1_2_1"
"1971","TAATCTCGTTAGGACG-1_2_1"
"1972","TAATTCCAGAACAAGG-1_2_1"
"1973","TAATTCCAGATCACCT-1_2_1"
"1974","TAATTCCCACAACGTT-1_2_1"
"1975","TACAACGAGACTGAGC-1_2_1"
"1976","TACAACGGTTGTGGCC-1_2_1"
"1977","TACAACGTCATTTGTC-1_2_1"
"1978","TACACCCGTAGAAACT-1_2_1"
"1979","TACAGGTCATACACCA-1_2_1"
"1980","TACAGGTTCCTTCTAA-1_2_1"
"1981","TACAGGTTCTCGACGG-1_2_1"
"1982","TACATTCAGCGTCTGC-1_2_1"
"1983","TACATTCCAGCGAGTA-1_2_1"
"1984","TACATTCGTCATCCCT-1_2_1"
"1985","TACATTCGTTTCGTGA-1_2_1"
"1986","TACATTCTCGAGTCTA-1_2_1"
"1987","TACATTCTCTTTCCAA-1_2_1"
"1988","TACCCACAGGCTTAAA-1_2_1"
"1989","TACCCACCACAATCTG-1_2_1"
"1990","TACCCACCACCGTGCA-1_2_1"
"1991","TACCCACGTACAGTAA-1_2_1"
"1992","TACCCACGTACGATGG-1_2_1"
"1993","TACCCACGTCCTCCTA-1_2_1"
"1994","TACCCACGTCGTGCCA-1_2_1"
"1995","TACCCGTAGGATAATC-1_2_1"
"1996","TACCCGTCACCAGCGT-1_2_1"
"1997","TACCCGTGTCAATGGG-1_2_1"
"1998","TACCCGTTCAAGTGGG-1_2_1"
"1999","TACCCGTTCACTACTT-1_2_1"
"2000","TACCGAATCGCTGCGA-1_2_1"
"2001","TACCGAATCTGAGGTT-1_2_1"
"2002","TACCGGGCAAGCGATG-1_2_1"
"2003","TACCGGGCATGCAGCC-1_2_1"
"2004","TACCGGGCATGTGCTA-1_2_1"
"2005","TACCGGGGTTACCCAA-1_2_1"
"2006","TACCTCGCACAACCGC-1_2_1"
"2007","TACCTCGCAGTTCACA-1_2_1"
"2008","TACCTCGTCGAGCTGC-1_2_1"
"2009","TACCTCGTCGCCAACG-1_2_1"
"2010","TACCTGCAGCAGTCTT-1_2_1"
"2011","TACCTGCCAATCACGT-1_2_1"
"2012","TACCTGCGTCGCATCG-1_2_1"
"2013","TACGCTCGTTGGGTTT-1_2_1"
"2014","TACGGGCAGCCTGTGC-1_2_1"
"2015","TACGGGCCAACGTTAC-1_2_1"
"2016","TACGGGCCACGACTAT-1_2_1"
"2017","TACGGGCCAGGCTTGC-1_2_1"
"2018","TACGGGCGTGACCGAA-1_2_1"
"2019","TACGGTAAGACCACGA-1_2_1"
"2020","TACGGTACAACACGAG-1_2_1"
"2021","TACGGTACAAGCGCTC-1_2_1"
"2022","TACGGTACAGGACTTT-1_2_1"
"2023","TACGGTACATGACGTT-1_2_1"
"2024","TACGTCCAGGGCTAAC-1_2_1"
"2025","TACGTCCGTGGATACG-1_2_1"
"2026","TACGTCCTCGTGGCGT-1_2_1"
"2027","TACTGCCAGAGGGTAA-1_2_1"
"2028","TACTGCCCAGCAGGAT-1_2_1"
"2029","TACTGCCCATAGTCGT-1_2_1"
"2030","TACTGCCCATCGTGGC-1_2_1"
"2031","TACTGCCGTCGCGGTT-1_2_1"
"2032","TACTTACTCGTAACTG-1_2_1"
"2033","TACTTACTCGTCCTTG-1_2_1"
"2034","TACTTCAAGAGATCGC-1_2_1"
"2035","TACTTCAGTGAATGTA-1_2_1"
"2036","TACTTGTCACTCAAGT-1_2_1"
"2037","TACTTGTTCGCGAAGA-1_2_1"
"2038","TAGACCAAGGATACGC-1_2_1"
"2039","TAGACCACAACGACTT-1_2_1"
"2040","TAGACCATCGGAATGG-1_2_1"
"2041","TAGACCATCGGCTTCT-1_2_1"
"2042","TAGACTGCAGTTTCAG-1_2_1"
"2043","TAGACTGGTGACAGCA-1_2_1"
"2044","TAGACTGGTGAGGATC-1_2_1"
"2045","TAGAGTCAGTATTCCG-1_2_1"
"2046","TAGAGTCGTGCCGTTG-1_2_1"
"2047","TAGATCGAGGTGCGAT-1_2_1"
"2048","TAGATCGCAGCTCTGG-1_2_1"
"2049","TAGATCGCATAACCCA-1_2_1"
"2050","TAGATCGCATCGATAC-1_2_1"
"2051","TAGATCGCATGCGGTC-1_2_1"
"2052","TAGATCGCATGTCAGT-1_2_1"
"2053","TAGATCGGTCCTGAAT-1_2_1"
"2054","TAGATCGGTCGAATTC-1_2_1"
"2055","TAGATCGTCCATCTCG-1_2_1"
"2056","TAGCACACAATTGAGA-1_2_1"
"2057","TAGCACACACGGCGTT-1_2_1"
"2058","TAGCACACATCCTTGC-1_2_1"
"2059","TAGCACAGTGCCTTCT-1_2_1"
"2060","TAGCACATCGCAGTGC-1_2_1"
"2061","TAGCACATCTCCTACG-1_2_1"
"2062","TAGGAGGCAGAACTCT-1_2_1"
"2063","TAGGAGGGTACCATAC-1_2_1"
"2064","TAGGAGGGTCGAACGA-1_2_1"
"2065","TAGGGTTAGATGCTGG-1_2_1"
"2066","TAGGGTTCATGACAAA-1_2_1"
"2067","TAGGGTTGTCATAAAG-1_2_1"
"2068","TAGGGTTGTGCAAGAC-1_2_1"
"2069","TAGGTACAGCACCGTC-1_2_1"
"2070","TAGGTTGCAGCACGAA-1_2_1"
"2071","TAGGTTGGTTCTTCAT-1_2_1"
"2072","TAGGTTGTCTTCGGTC-1_2_1"
"2073","TAGTGCAGTCTCACGG-1_2_1"
"2074","TATACCTAGTCTAACC-1_2_1"
"2075","TATACCTTCCTGTAAG-1_2_1"
"2076","TATCAGGAGCATCAGG-1_2_1"
"2077","TATCAGGTCAAGGCTT-1_2_1"
"2078","TATCAGGTCGCTAAAC-1_2_1"
"2079","TATCCTAAGTCACTCA-1_2_1"
"2080","TATCCTAGTGTATACC-1_2_1"
"2081","TATCCTAGTTGTCTAG-1_2_1"
"2082","TATCGCCAGGTTATAG-1_2_1"
"2083","TATCGCCGTTCGTTCC-1_2_1"
"2084","TATCTGTAGAAGCGAA-1_2_1"
"2085","TATCTGTGTCCCAAAT-1_2_1"
"2086","TATCTGTGTCCTCCTA-1_2_1"
"2087","TATCTGTGTGCCCTTT-1_2_1"
"2088","TATCTGTTCTAAGCGT-1_2_1"
"2089","TATCTTGCAAACTCGT-1_2_1"
"2090","TATCTTGCATATCGGT-1_2_1"
"2091","TATCTTGGTCCAATCA-1_2_1"
"2092","TATCTTGGTTCTCGTC-1_2_1"
"2093","TATGTTCAGTTGGCTT-1_2_1"
"2094","TATGTTCTCTACGCGG-1_2_1"
"2095","TATTCCACAGACCGCT-1_2_1"
"2096","TATTCCAGTATGAGCG-1_2_1"
"2097","TATTCCAGTGGTCCGT-1_2_1"
"2098","TATTCCATCGCCAACG-1_2_1"
"2099","TATTCCATCTGCAGCG-1_2_1"
"2100","TATTGGGCAACGATCT-1_2_1"
"2101","TATTGGGGTGTTGAGG-1_2_1"
"2102","TATTTCGAGCTTAGTC-1_2_1"
"2103","TATTTCGCACTCTAGA-1_2_1"
"2104","TATTTCGGTCCACAGC-1_2_1"
"2105","TATTTCGTCCTCGATC-1_2_1"
"2106","TCAAGACCACTAGGCC-1_2_1"
"2107","TCAAGACGTGGGTATG-1_2_1"
"2108","TCAAGCAAGACGGTTG-1_2_1"
"2109","TCAAGCATCACCCTCA-1_2_1"
"2110","TCAAGTGGTCTGGTTA-1_2_1"
"2111","TCAAGTGTCATGAAAG-1_2_1"
"2112","TCAAGTGTCCGAGCTG-1_2_1"
"2113","TCAAGTGTCGTCCTTG-1_2_1"
"2114","TCAAGTGTCTCTATGT-1_2_1"
"2115","TCAATCTCAACGATTC-1_2_1"
"2116","TCAATCTGTATTGAGA-1_2_1"
"2117","TCAATCTGTTCGAACT-1_2_1"
"2118","TCAATCTTCTCTCGCA-1_2_1"
"2119","TCAATTCAGAGTGACC-1_2_1"
"2120","TCAATTCCACAAGGTG-1_2_1"
"2121","TCAATTCCATATGGCT-1_2_1"
"2122","TCACAAGCACATTCTT-1_2_1"
"2123","TCACAAGTCGACATTG-1_2_1"
"2124","TCACACCTCAGGGATG-1_2_1"
"2125","TCACATTAGATCCGAG-1_2_1"
"2126","TCACATTAGTCCCAAT-1_2_1"
"2127","TCACATTCACTAGGTT-1_2_1"
"2128","TCACATTCAGAATCGG-1_2_1"
"2129","TCACGCTAGTCACAGG-1_2_1"
"2130","TCACGCTCATCATCCC-1_2_1"
"2131","TCACGCTCATCCCGTT-1_2_1"
"2132","TCACGGGTCGGATAAA-1_2_1"
"2133","TCACGGGTCGTCGACG-1_2_1"
"2134","TCACTATAGAGGCTGT-1_2_1"
"2135","TCACTCGCACTCATAG-1_2_1"
"2136","TCACTCGGTGGAATGC-1_2_1"
"2137","TCACTCGTCACAGAGG-1_2_1"
"2138","TCAGCAAAGGTTGGAC-1_2_1"
"2139","TCAGCAACAAGGCGTA-1_2_1"
"2140","TCAGCAACACTTCCTG-1_2_1"
"2141","TCAGCAACAGTATTCG-1_2_1"
"2142","TCAGCCTCATGGCCAC-1_2_1"
"2143","TCAGCCTGTAGAATAC-1_2_1"
"2144","TCAGCCTTCTACGGTA-1_2_1"
"2145","TCAGGGCTCCAGGACC-1_2_1"
"2146","TCAGGTAAGAAGGATG-1_2_1"
"2147","TCAGGTAAGGAAGTCC-1_2_1"
"2148","TCAGGTACAAGGCTTT-1_2_1"
"2149","TCAGGTATCCGCTAGG-1_2_1"
"2150","TCAGTCCAGCTGCCTG-1_2_1"
"2151","TCAGTCCCAGTATACC-1_2_1"
"2152","TCAGTCCTCAGCTGTA-1_2_1"
"2153","TCAGTGAGTTACCCAA-1_2_1"
"2154","TCAGTGATCGGTCACG-1_2_1"
"2155","TCAGTTTAGTACGTCT-1_2_1"
"2156","TCAGTTTCAACCGCCA-1_2_1"
"2157","TCAGTTTCACTCGATA-1_2_1"
"2158","TCAGTTTCATGGCCAC-1_2_1"
"2159","TCAGTTTTCTACGGTA-1_2_1"
"2160","TCATACTGTACCGGAA-1_2_1"
"2161","TCATACTGTGCATTTG-1_2_1"
"2162","TCATATCTCGTAGTCA-1_2_1"
"2163","TCATATCTCGTCTAAG-1_2_1"
"2164","TCATCATCACGACCTG-1_2_1"
"2165","TCATCATCATCGATAC-1_2_1"
"2166","TCATCATGTTTACTTC-1_2_1"
"2167","TCATCATTCCGCACGA-1_2_1"
"2168","TCATCATTCGCTGACG-1_2_1"
"2169","TCATCCGGTTGTATGC-1_2_1"
"2170","TCATCCGTCCGAGTGC-1_2_1"
"2171","TCATGAGCACGTCGGT-1_2_1"
"2172","TCATGAGTCCCATGGG-1_2_1"
"2173","TCATGCCCAAACACCT-1_2_1"
"2174","TCATGCCCACTGGCCA-1_2_1"
"2175","TCATGCCCAGTGCCTG-1_2_1"
"2176","TCATGCCGTGGTAATA-1_2_1"
"2177","TCATGCCTCAGGTGTT-1_2_1"
"2178","TCATGGAAGACCGCCT-1_2_1"
"2179","TCATGGAAGGGTGGGA-1_2_1"
"2180","TCATGGACAACCACGC-1_2_1"
"2181","TCATGGAGTTCGAGCC-1_2_1"
"2182","TCATGTTCATTGACAC-1_2_1"
"2183","TCATGTTTCTGGCCAG-1_2_1"
"2184","TCATTACCACCTCAGG-1_2_1"
"2185","TCATTACGTGTCCACG-1_2_1"
"2186","TCATTCAAGGATACCG-1_2_1"
"2187","TCATTCATCACAGAGG-1_2_1"
"2188","TCATTCATCCGTGGTG-1_2_1"
"2189","TCATTGTAGTCATGGG-1_2_1"
"2190","TCATTGTCATGAGTAA-1_2_1"
"2191","TCATTTGCACTGAGTT-1_2_1"
"2192","TCCACCACACTGCTTC-1_2_1"
"2193","TCCACCAGTCCGGACT-1_2_1"
"2194","TCCACCATCGAACACT-1_2_1"
"2195","TCCACGTAGACTTCGT-1_2_1"
"2196","TCCACGTAGAGTTCGG-1_2_1"
"2197","TCCACGTAGCACTCTA-1_2_1"
"2198","TCCACGTGTACAAAGT-1_2_1"
"2199","TCCACGTTCGTGCACG-1_2_1"
"2200","TCCATGCAGGCCATAG-1_2_1"
"2201","TCCATGCCATCCTCAC-1_2_1"
"2202","TCCATGCCATTCAGGT-1_2_1"
"2203","TCCATGCGTCCCAAAT-1_2_1"
"2204","TCCATGCTCTACTGCC-1_2_1"
"2205","TCCATGCTCTGGAAGG-1_2_1"
"2206","TCCCACACAGCTTCGG-1_2_1"
"2207","TCCCACACATGGGAAC-1_2_1"
"2208","TCCCACACATTGACAC-1_2_1"
"2209","TCCCAGTAGAAGCTCG-1_2_1"
"2210","TCCCAGTAGCACACAG-1_2_1"
"2211","TCCCAGTAGCATTGTC-1_2_1"
"2212","TCCCAGTCAGAACTCT-1_2_1"
"2213","TCCCAGTGTTAGGACG-1_2_1"
"2214","TCCCAGTTCACTGTTT-1_2_1"
"2215","TCCCAGTTCTGAACGT-1_2_1"
"2216","TCCGAAAGTCGGCACT-1_2_1"
"2217","TCCGATCCAGCGTGCT-1_2_1"
"2218","TCCGATCCAGGAATAT-1_2_1"
"2219","TCCGATCTCTAGACAC-1_2_1"
"2220","TCCGATCTCTTAGCAG-1_2_1"
"2221","TCCGGGAGTCAGTCTA-1_2_1"
"2222","TCCGGGATCTGGACTA-1_2_1"
"2223","TCCGTGTGTATGAGGC-1_2_1"
"2224","TCCTAATGTTCTCACC-1_2_1"
"2225","TCCTCCCAGCAAGGAA-1_2_1"
"2226","TCCTCCCCACATATCG-1_2_1"
"2227","TCCTCCCGTAGCGTTT-1_2_1"
"2228","TCCTCGACATCTTTCA-1_2_1"
"2229","TCCTCGAGTGAGCCAA-1_2_1"
"2230","TCCTCGAGTTGCTCGG-1_2_1"
"2231","TCCTCTTAGAAGTCTA-1_2_1"
"2232","TCCTCTTGTAATGATG-1_2_1"
"2233","TCCTCTTGTTATCCAG-1_2_1"
"2234","TCCTGCAAGCCTGACC-1_2_1"
"2235","TCCTGCAAGCTAGCCC-1_2_1"
"2236","TCCTGCACAGCGCTTG-1_2_1"
"2237","TCCTGCACAGTCTTCC-1_2_1"
"2238","TCCTGCAGTAGGCAGT-1_2_1"
"2239","TCCTGCAGTGCGAGTA-1_2_1"
"2240","TCCTTCTAGATGGCAC-1_2_1"
"2241","TCCTTCTCAGAGGAAA-1_2_1"
"2242","TCCTTCTGTAGCACGA-1_2_1"
"2243","TCCTTTCAGCCTTTCC-1_2_1"
"2244","TCCTTTCAGTCAACAA-1_2_1"
"2245","TCCTTTCGTTAGGCTT-1_2_1"
"2246","TCCTTTCTCACCTTAT-1_2_1"
"2247","TCCTTTCTCGGCCCAA-1_2_1"
"2248","TCCTTTCTCTGGTGCG-1_2_1"
"2249","TCGAACACAATAGTGA-1_2_1"
"2250","TCGAAGTAGGGAGGCA-1_2_1"
"2251","TCGACCTCATCTTCGC-1_2_1"
"2252","TCGACCTCATGTCAGT-1_2_1"
"2253","TCGACCTTCAGCACCG-1_2_1"
"2254","TCGACCTTCCGCGAGT-1_2_1"
"2255","TCGACGGGTCTCAGGC-1_2_1"
"2256","TCGCACTAGGTTACAA-1_2_1"
"2257","TCGCAGGAGACGGTTG-1_2_1"
"2258","TCGCAGGCAAGAATGT-1_2_1"
"2259","TCGCAGGCATCTGTTT-1_2_1"
"2260","TCGCAGGGTGGAAATT-1_2_1"
"2261","TCGCAGGTCCAGTGTA-1_2_1"
"2262","TCGCAGGTCGCCAATA-1_2_1"
"2263","TCGCTCAAGTGATAGT-1_2_1"
"2264","TCGCTCAGTGATAGAT-1_2_1"
"2265","TCGCTCAGTTCCGCTT-1_2_1"
"2266","TCGCTCAGTTTCGTAG-1_2_1"
"2267","TCGCTTGAGCGGTAAC-1_2_1"
"2268","TCGCTTGCAAATGCGG-1_2_1"
"2269","TCGCTTGCACCTGCGA-1_2_1"
"2270","TCGGATAAGAGAGGGC-1_2_1"
"2271","TCGGATAGTCGTACTA-1_2_1"
"2272","TCGGATAGTTCTATCT-1_2_1"
"2273","TCGGATATCAACCTTT-1_2_1"
"2274","TCGGATATCCATGATG-1_2_1"
"2275","TCGGATATCGAGCACC-1_2_1"
"2276","TCGGGACAGCACCTGC-1_2_1"
"2277","TCGGGACGTAGCGTCC-1_2_1"
"2278","TCGGGCACAGCGTATT-1_2_1"
"2279","TCGGGCATCCGTCAAA-1_2_1"
"2280","TCGGGTGGTGAGTTGG-1_2_1"
"2281","TCGGGTGTCCGGCAAC-1_2_1"
"2282","TCGGTCTAGTCAACAA-1_2_1"
"2283","TCGGTCTGTCAACATC-1_2_1"
"2284","TCGGTCTGTGCTCTTC-1_2_1"
"2285","TCGGTCTGTTTGACAC-1_2_1"
"2286","TCGTAGAAGTCCCGGT-1_2_1"
"2287","TCGTAGACAAGGAGTC-1_2_1"
"2288","TCGTAGACACAACCGC-1_2_1"
"2289","TCGTAGACACAGTGTT-1_2_1"
"2290","TCGTAGACATAACAGA-1_2_1"
"2291","TCGTAGAGTCTGCCTT-1_2_1"
"2292","TCGTAGAGTGATTGGG-1_2_1"
"2293","TCGTAGATCCATTGCC-1_2_1"
"2294","TCGTAGATCTTAGCCC-1_2_1"
"2295","TCGTCCACATAAGATG-1_2_1"
"2296","TCGTCCAGTCCAGCGT-1_2_1"
"2297","TCGTCCAGTGGAACCA-1_2_1"
"2298","TCGTGCTCATGACGTT-1_2_1"
"2299","TCGTGCTGTGGGTATG-1_2_1"
"2300","TCGTGCTGTGTTAAAG-1_2_1"
"2301","TCGTGCTTCCCGAGTG-1_2_1"
"2302","TCGTGGGGTTGCGGCT-1_2_1"
"2303","TCGTGGGTCCCGAACG-1_2_1"
"2304","TCTAACTCATGTGGCC-1_2_1"
"2305","TCTAACTGTTGGCTAT-1_2_1"
"2306","TCTAACTGTTTCAGAC-1_2_1"
"2307","TCTACATAGGACGCAT-1_2_1"
"2308","TCTACATCAACCGCCA-1_2_1"
"2309","TCTACATGTGCCCGTA-1_2_1"
"2310","TCTACATGTTCCGGTG-1_2_1"
"2311","TCTACATGTTTACTGG-1_2_1"
"2312","TCTACCGAGAAACTCA-1_2_1"
"2313","TCTACCGAGCCTGAAG-1_2_1"
"2314","TCTACCGAGGTGGTTG-1_2_1"
"2315","TCTACCGCATCCGTGG-1_2_1"
"2316","TCTACCGGTACGCTAT-1_2_1"
"2317","TCTACCGGTGTACATC-1_2_1"
"2318","TCTACCGGTTGCTCGG-1_2_1"
"2319","TCTATACGTTGTGGCC-1_2_1"
"2320","TCTATACTCATTCGGA-1_2_1"
"2321","TCTATCATCCGCACGA-1_2_1"
"2322","TCTCACGAGATTACCC-1_2_1"
"2323","TCTCACGCAGAGTCTT-1_2_1"
"2324","TCTCAGCAGCGACAGT-1_2_1"
"2325","TCTCAGCAGTCTGGAG-1_2_1"
"2326","TCTCAGCGTATGCGGA-1_2_1"
"2327","TCTCAGCGTCTTTCTA-1_2_1"
"2328","TCTCAGCGTGCATCTA-1_2_1"
"2329","TCTCAGCTCTGTCTCG-1_2_1"
"2330","TCTCTGGAGAGAGGTA-1_2_1"
"2331","TCTCTGGAGCTTTCTT-1_2_1"
"2332","TCTCTGGCATGAGTAA-1_2_1"
"2333","TCTCTGGCATTGTCGA-1_2_1"
"2334","TCTCTGGGTGGAAATT-1_2_1"
"2335","TCTGCCACAGGGAATC-1_2_1"
"2336","TCTGCCACAGTTGCGC-1_2_1"
"2337","TCTGCCAGTACGCGTC-1_2_1"
"2338","TCTGGCTCAACCTAAC-1_2_1"
"2339","TCTGGCTGTGTGAGCA-1_2_1"
"2340","TCTGTCGAGCAGCAGT-1_2_1"
"2341","TCTGTCGGTTCCACGG-1_2_1"
"2342","TCTGTCGGTTCCATTT-1_2_1"
"2343","TCTTAGTAGAGGGCGA-1_2_1"
"2344","TCTTAGTAGTACAGAT-1_2_1"
"2345","TCTTAGTCACGGGTAA-1_2_1"
"2346","TCTTAGTCAGAGGACT-1_2_1"
"2347","TCTTAGTCATGTGACT-1_2_1"
"2348","TCTTAGTGTACAAAGT-1_2_1"
"2349","TCTTCCTTCGTCGACG-1_2_1"
"2350","TCTTGCGCACCGTACG-1_2_1"
"2351","TCTTGCGCACGGTGAA-1_2_1"
"2352","TCTTGCGGTAGTCGGA-1_2_1"
"2353","TCTTGCGTCGAATCCA-1_2_1"
"2354","TCTTGCGTCGGCCCAA-1_2_1"
"2355","TCTTTGAGTTTGATCG-1_2_1"
"2356","TGAACGTCAAATAGCA-1_2_1"
"2357","TGAACGTCACCTCGTT-1_2_1"
"2358","TGAACGTGTGGTCTAT-1_2_1"
"2359","TGAATCGGTACTGACT-1_2_1"
"2360","TGAATCGTCGTCGGGT-1_2_1"
"2361","TGAATCGTCGTGTTCC-1_2_1"
"2362","TGAATGCAGAGAACCC-1_2_1"
"2363","TGAATGCCAAATCCCA-1_2_1"
"2364","TGACAGTAGGAGTCTG-1_2_1"
"2365","TGACAGTCAATAGGAT-1_2_1"
"2366","TGACAGTGTACAGAGC-1_2_1"
"2367","TGACCCTGTCTTCCGT-1_2_1"
"2368","TGACCCTGTTCTCACC-1_2_1"
"2369","TGACGCGCACCATAAC-1_2_1"
"2370","TGACGCGCAGCTGTGC-1_2_1"
"2371","TGACGCGGTAGCGCCT-1_2_1"
"2372","TGACTCCAGACTGGGT-1_2_1"
"2373","TGACTCCCACCTATCC-1_2_1"
"2374","TGACTCCGTGAATGAT-1_2_1"
"2375","TGACTCCGTGTGCCTG-1_2_1"
"2376","TGACTCCGTTATAGAG-1_2_1"
"2377","TGAGCATGTTACTCAG-1_2_1"
"2378","TGAGCGCCAGGGATAC-1_2_1"
"2379","TGAGGAGAGCTGACTT-1_2_1"
"2380","TGAGGAGGTATTGAGA-1_2_1"
"2381","TGAGGAGGTCCTGGTG-1_2_1"
"2382","TGAGGAGGTGAGCGAT-1_2_1"
"2383","TGAGGAGGTTCCTTGC-1_2_1"
"2384","TGAGGGAAGCTAAACA-1_2_1"
"2385","TGAGGGAAGGCATCGA-1_2_1"
"2386","TGAGGGAGTCTACTGA-1_2_1"
"2387","TGAGGGAGTGGAAATT-1_2_1"
"2388","TGAGGGAGTTGAAGTA-1_2_1"
"2389","TGAGGTTGTATCGATC-1_2_1"
"2390","TGAGTCAAGAAACCCG-1_2_1"
"2391","TGAGTCACATCTGCGG-1_2_1"
"2392","TGAGTCAGTGTATTCG-1_2_1"
"2393","TGATCAGGTATACAGA-1_2_1"
"2394","TGATCAGTCGTTCATT-1_2_1"
"2395","TGATCTTGTGTGAATA-1_2_1"
"2396","TGATCTTTCAACTGGT-1_2_1"
"2397","TGATCTTTCGCCTTTG-1_2_1"
"2398","TGATGCAAGGTTAGTA-1_2_1"
"2399","TGATGCATCGCACGGT-1_2_1"
"2400","TGATGGTGTCGATGCC-1_2_1"
"2401","TGATTCTCAGGAGGTT-1_2_1"
"2402","TGATTCTCATACTTTC-1_2_1"
"2403","TGATTCTCATTGAAGA-1_2_1"
"2404","TGATTCTGTACTGCGC-1_2_1"
"2405","TGATTCTGTGAGATAT-1_2_1"
"2406","TGATTCTTCCCGAGTG-1_2_1"
"2407","TGATTCTTCCTAAGTG-1_2_1"
"2408","TGATTCTTCTCCTGCA-1_2_1"
"2409","TGATTTCAGTATGAGT-1_2_1"
"2410","TGATTTCCAAATCGTC-1_2_1"
"2411","TGATTTCTCCATCTCG-1_2_1"
"2412","TGCACGGAGGGCGAAG-1_2_1"
"2413","TGCACGGAGTATTAGG-1_2_1"
"2414","TGCACGGAGTCCCAAT-1_2_1"
"2415","TGCACGGGTAGCCAGA-1_2_1"
"2416","TGCAGATGTCCTTAAG-1_2_1"
"2417","TGCAGGCGTGGCTGCT-1_2_1"
"2418","TGCAGTAAGACTCTTG-1_2_1"
"2419","TGCAGTAAGGTCGTGA-1_2_1"
"2420","TGCAGTACACGTCGGT-1_2_1"
"2421","TGCAGTAGTGGTCTAT-1_2_1"
"2422","TGCAGTAGTTCTCTAT-1_2_1"
"2423","TGCAGTATCCGCCTAT-1_2_1"
"2424","TGCATCCAGCTGAAAT-1_2_1"
"2425","TGCATCCAGTCTTCCC-1_2_1"
"2426","TGCATCCCAAAGGGCT-1_2_1"
"2427","TGCATCCCAATGAACA-1_2_1"
"2428","TGCATCCCACGACGAA-1_2_1"
"2429","TGCATCCCACTAGGTT-1_2_1"
"2430","TGCATCCGTACATACC-1_2_1"
"2431","TGCATCCTCGGTTGTA-1_2_1"
"2432","TGCATGAAGATCGCCC-1_2_1"
"2433","TGCATGAAGCAGGTCA-1_2_1"
"2434","TGCATGAAGGAAAGGT-1_2_1"
"2435","TGCATGACAAGGCTTT-1_2_1"
"2436","TGCATGAGTCGGATTT-1_2_1"
"2437","TGCATGATCATTGAGC-1_2_1"
"2438","TGCCGAGAGAGCAGCT-1_2_1"
"2439","TGCCGAGAGGGTATAT-1_2_1"
"2440","TGCCGAGTCTTTCTAG-1_2_1"
"2441","TGCGACGAGAATCGCG-1_2_1"
"2442","TGCGACGGTATGCTTG-1_2_1"
"2443","TGCGACGTCTGATTCT-1_2_1"
"2444","TGCGATAAGCTCCATA-1_2_1"
"2445","TGCGATAAGTCACAGG-1_2_1"
"2446","TGCGATACAGACCTGC-1_2_1"
"2447","TGCGATAGTAGTTACC-1_2_1"
"2448","TGCGGCAAGCGTCTCG-1_2_1"
"2449","TGCGGCACACGACGCT-1_2_1"
"2450","TGCGGCATCGGCCTTT-1_2_1"
"2451","TGCGGGTCACAGTATC-1_2_1"
"2452","TGCTCCAAGCCTGTGC-1_2_1"
"2453","TGCTCCAAGTTGCGCC-1_2_1"
"2454","TGCTCGTAGCCTGCCA-1_2_1"
"2455","TGCTCGTCAAACTAGA-1_2_1"
"2456","TGCTCGTGTGCGCTCA-1_2_1"
"2457","TGCTGAAAGGGACACT-1_2_1"
"2458","TGCTGAACACAGCCAC-1_2_1"
"2459","TGCTGAACATGGATCT-1_2_1"
"2460","TGCTGAAGTTCGGTAT-1_2_1"
"2461","TGCTGAATCGGTCATA-1_2_1"
"2462","TGCTTCGGTATTCTCT-1_2_1"
"2463","TGCTTGCAGGTCCCGT-1_2_1"
"2464","TGCTTGCCATAACCCA-1_2_1"
"2465","TGCTTGCGTCAACATC-1_2_1"
"2466","TGCTTGCGTTGTCCCT-1_2_1"
"2467","TGGAACTAGTCATTGC-1_2_1"
"2468","TGGAACTGTACCACGC-1_2_1"
"2469","TGGAACTGTGCTGCAC-1_2_1"
"2470","TGGAACTTCACCCTGT-1_2_1"
"2471","TGGAACTTCAGAGTGG-1_2_1"
"2472","TGGAGGAGTTGTGTAC-1_2_1"
"2473","TGGATCAAGTTGGCGA-1_2_1"
"2474","TGGATCACACTCCGGA-1_2_1"
"2475","TGGATCACACTTGAAC-1_2_1"
"2476","TGGATCAGTTCAAACC-1_2_1"
"2477","TGGATGTTCTGCTCTG-1_2_1"
"2478","TGGCGTGCAAGCAATA-1_2_1"
"2479","TGGCGTGGTCCAGCGT-1_2_1"
"2480","TGGCGTGGTCGTAATC-1_2_1"
"2481","TGGGAAGAGACATATG-1_2_1"
"2482","TGGGAAGAGCCTCACG-1_2_1"
"2483","TGGGAAGAGCGTGAAC-1_2_1"
"2484","TGGGAAGAGGGCTGAT-1_2_1"
"2485","TGGGAAGTCGTGCACG-1_2_1"
"2486","TGGGAGAAGACCAGAC-1_2_1"
"2487","TGGGAGAAGCGCCTAC-1_2_1"
"2488","TGGGAGATCAAGCCAT-1_2_1"
"2489","TGGGAGATCCTTTGAT-1_2_1"
"2490","TGGGATTAGCTGTGCC-1_2_1"
"2491","TGGGATTAGGAAAGGT-1_2_1"
"2492","TGGGATTGTTCGGCTG-1_2_1"
"2493","TGGGCGTCAGCGGTTC-1_2_1"
"2494","TGGGCGTCAGTCAACT-1_2_1"
"2495","TGGGCGTGTACAAACA-1_2_1"
"2496","TGGGCGTGTCCAGCCA-1_2_1"
"2497","TGGGCTGAGGTAGACC-1_2_1"
"2498","TGGGCTGCAACTTGGT-1_2_1"
"2499","TGGGCTGCATGCTGCG-1_2_1"
"2500","TGGGTTAGTCGAATGG-1_2_1"
"2501","TGGTACAGTCTTACTT-1_2_1"
"2502","TGGTACAGTTCTCGTC-1_2_1"
"2503","TGGTAGTCAAATGGTA-1_2_1"
"2504","TGGTAGTGTGATTAGA-1_2_1"
"2505","TGGTAGTTCGGCTCTT-1_2_1"
"2506","TGGTGATAGCTTGTGT-1_2_1"
"2507","TGGTTAGCAAGTATCC-1_2_1"
"2508","TGGTTAGCATCCCACT-1_2_1"
"2509","TGGTTAGGTGAGGCAT-1_2_1"
"2510","TGTAACGCACCTGCAG-1_2_1"
"2511","TGTAACGGTACGTACT-1_2_1"
"2512","TGTAACGGTTGTTGCA-1_2_1"
"2513","TGTAAGCGTCAGTTTG-1_2_1"
"2514","TGTAAGCTCAACGCTA-1_2_1"
"2515","TGTACAGAGATTGTGA-1_2_1"
"2516","TGTACAGCACCCTGAG-1_2_1"
"2517","TGTACAGCAGGCGAAT-1_2_1"
"2518","TGTACAGTCGGCATTA-1_2_1"
"2519","TGTACAGTCTATCCAT-1_2_1"
"2520","TGTAGACAGAGGACTC-1_2_1"
"2521","TGTAGACAGGGCGAGA-1_2_1"
"2522","TGTAGACCACAGCCAC-1_2_1"
"2523","TGTAGACCAGATCCTA-1_2_1"
"2524","TGTAGACCATAACAGA-1_2_1"
"2525","TGTAGACGTCTGTGGC-1_2_1"
"2526","TGTCAGACAAATTGGA-1_2_1"
"2527","TGTCAGACATGAAAGT-1_2_1"
"2528","TGTCAGAGTCGGTAAG-1_2_1"
"2529","TGTCAGATCACGATCA-1_2_1"
"2530","TGTCCACAGTAATCCC-1_2_1"
"2531","TGTCCACAGTCGAAGC-1_2_1"
"2532","TGTCCACCAACGACTT-1_2_1"
"2533","TGTCCCATCCGCTGTT-1_2_1"
"2534","TGTCCTGCACATTCTT-1_2_1"
"2535","TGTCCTGGTAGCGTCC-1_2_1"
"2536","TGTGAGTAGTAGCCAG-1_2_1"
"2537","TGTGAGTCAAACTAGA-1_2_1"
"2538","TGTGAGTCACTTTAGG-1_2_1"
"2539","TGTGATGAGTGCAGGT-1_2_1"
"2540","TGTGATGCAATTAGGA-1_2_1"
"2541","TGTGATGCAGGTGTTT-1_2_1"
"2542","TGTGATGGTACCTATG-1_2_1"
"2543","TGTGATGGTGGAATGC-1_2_1"
"2544","TGTGCGGAGAAATGGG-1_2_1"
"2545","TGTGCGGGTCGTTTCC-1_2_1"
"2546","TGTGCGGTCTGAGGTT-1_2_1"
"2547","TGTGGCGCAGGTGGAT-1_2_1"
"2548","TGTGGCGGTATCGCAT-1_2_1"
"2549","TGTGTGAGTCCGCAGT-1_2_1"
"2550","TGTGTGAGTCTCACGG-1_2_1"
"2551","TGTGTGAGTGTACGCC-1_2_1"
"2552","TGTTACTGTCAGGTGA-1_2_1"
"2553","TGTTACTGTCTCGCGA-1_2_1"
"2554","TGTTACTGTTTATGCG-1_2_1"
"2555","TGTTCATCACTACACA-1_2_1"
"2556","TGTTCATGTACTGCCG-1_2_1"
"2557","TGTTCCGCAGCTACAT-1_2_1"
"2558","TGTTCCGGTTAGAGTA-1_2_1"
"2559","TGTTCTAAGACGACGT-1_2_1"
"2560","TGTTCTAAGTTGCGCC-1_2_1"
"2561","TGTTGAGAGACCTTTG-1_2_1"
"2562","TGTTGAGGTTTCGACA-1_2_1"
"2563","TGTTGGAAGCGTCTCG-1_2_1"
"2564","TGTTGGAAGTCGCTAT-1_2_1"
"2565","TGTTGGATCTGGACCG-1_2_1"
"2566","TGTTTGTAGCCTGCCA-1_2_1"
"2567","TGTTTGTGTACGACAG-1_2_1"
"2568","TGTTTGTTCCCGAACG-1_2_1"
"2569","TTAATCCAGACTTCAC-1_2_1"
"2570","TTAATCCCATGACTCA-1_2_1"
"2571","TTAATCCTCAAGCCAT-1_2_1"
"2572","TTAATCCTCGCTGACG-1_2_1"
"2573","TTACCATAGAAACTGT-1_2_1"
"2574","TTACCATAGCACCCAC-1_2_1"
"2575","TTACCATAGTTGGGAC-1_2_1"
"2576","TTACCATTCAAACCCA-1_2_1"
"2577","TTACCATTCCACAGGC-1_2_1"
"2578","TTACGCCCAGCTTTGA-1_2_1"
"2579","TTACGTTAGCACTCGC-1_2_1"
"2580","TTACGTTAGGCTTTCA-1_2_1"
"2581","TTACGTTGTTATCCAG-1_2_1"
"2582","TTACGTTGTTGCCGCA-1_2_1"
"2583","TTACTGTTCCGTGGTG-1_2_1"
"2584","TTAGGCAGTCAGGTAG-1_2_1"
"2585","TTAGGCATCCGATGCG-1_2_1"
"2586","TTAGGGTAGAGAGAAC-1_2_1"
"2587","TTAGGGTGTAACCCGC-1_2_1"
"2588","TTAGTCTAGCTACGTT-1_2_1"
"2589","TTAGTCTCACTGGATT-1_2_1"
"2590","TTAGTCTGTCCTATAG-1_2_1"
"2591","TTAGTCTGTTATGACC-1_2_1"
"2592","TTATTGCCACACTTAG-1_2_1"
"2593","TTATTGCCAGCAGTAG-1_2_1"
"2594","TTATTGCGTCCAGCGT-1_2_1"
"2595","TTCAATCCAATTGAGA-1_2_1"
"2596","TTCAATCGTCGCAGTC-1_2_1"
"2597","TTCACCGGTCATCGGC-1_2_1"
"2598","TTCACCGTCCATTTCA-1_2_1"
"2599","TTCACGCAGGCGTTAG-1_2_1"
"2600","TTCACGCAGGTCCAGA-1_2_1"
"2601","TTCAGGAAGATGATTG-1_2_1"
"2602","TTCAGGACAGCTAACT-1_2_1"
"2603","TTCAGGATCTGCAGCG-1_2_1"
"2604","TTCATGTAGCGACTGA-1_2_1"
"2605","TTCATGTCAATAAGGT-1_2_1"
"2606","TTCATGTCAATGCTCA-1_2_1"
"2607","TTCATGTTCAGCACCG-1_2_1"
"2608","TTCATTGAGTCTGGTT-1_2_1"
"2609","TTCCAATGTTAAGTCC-1_2_1"
"2610","TTCCAATGTTCGAAGG-1_2_1"
"2611","TTCCACGAGCTAGTTC-1_2_1"
"2612","TTCCACGAGGGCGAAG-1_2_1"
"2613","TTCCACGGTGTATTCG-1_2_1"
"2614","TTCCACGGTTGCCAAT-1_2_1"
"2615","TTCCACGGTTTGATCG-1_2_1"
"2616","TTCCGGTGTCGTACTA-1_2_1"
"2617","TTCCGGTGTTAAGTCC-1_2_1"
"2618","TTCCGGTTCATGGGAG-1_2_1"
"2619","TTCCGGTTCGGTGAAG-1_2_1"
"2620","TTCCGTGTCTCACTCG-1_2_1"
"2621","TTCCTCTCAATCTCGA-1_2_1"
"2622","TTCCTCTCACAACGTT-1_2_1"
"2623","TTCCTCTCAGGATTCT-1_2_1"
"2624","TTCCTCTGTTAAACCC-1_2_1"
"2625","TTCCTTCAGTACCGGA-1_2_1"
"2626","TTCCTTCCAGACAATA-1_2_1"
"2627","TTCGATTAGCTTTCTT-1_2_1"
"2628","TTCGATTCAGCCTACG-1_2_1"
"2629","TTCGATTCATGTGCCG-1_2_1"
"2630","TTCGATTGTGTGTGTT-1_2_1"
"2631","TTCGATTGTGTTCCAA-1_2_1"
"2632","TTCGATTGTTAGGACG-1_2_1"
"2633","TTCGCTGAGTGGAAGA-1_2_1"
"2634","TTCGCTGCACCGGAAA-1_2_1"
"2635","TTCGCTGTCAGAGTTC-1_2_1"
"2636","TTCGGTCAGCAATAAC-1_2_1"
"2637","TTCGGTCCAAAGGGCT-1_2_1"
"2638","TTCGGTCCACAAGTTC-1_2_1"
"2639","TTCGGTCGTATAATGG-1_2_1"
"2640","TTCTAACAGATACAGT-1_2_1"
"2641","TTCTAACAGGTCGTAG-1_2_1"
"2642","TTCTAGTAGGAGTATT-1_2_1"
"2643","TTCTAGTCAGAGTAAT-1_2_1"
"2644","TTCTAGTCATTGTAGC-1_2_1"
"2645","TTCTAGTGTTATGTGC-1_2_1"
"2646","TTCTAGTTCACCGCTT-1_2_1"
"2647","TTCTAGTTCCGGCAGT-1_2_1"
"2648","TTCTAGTTCGAACGGA-1_2_1"
"2649","TTCTCTCAGCGCCCAT-1_2_1"
"2650","TTCTCTCGTGACGTCC-1_2_1"
"2651","TTCTCTCGTGGCTTGC-1_2_1"
"2652","TTCTCTCGTTGGATCT-1_2_1"
"2653","TTCTCTCGTTTGTTCT-1_2_1"
"2654","TTCTCTCTCATCTACT-1_2_1"
"2655","TTCTCTCTCGCGGTAC-1_2_1"
"2656","TTCTGTATCCACGAAT-1_2_1"
"2657","TTCTTCCGTACCCAGC-1_2_1"
"2658","TTCTTCCGTAGGCTCC-1_2_1"
"2659","TTCTTGACAAGTCCCG-1_2_1"
"2660","TTCTTGACATGCCATA-1_2_1"
"2661","TTCTTGAGTCGTACTA-1_2_1"
"2662","TTCTTGATCCGGGACT-1_2_1"
"2663","TTGACCCAGGTTTACC-1_2_1"
"2664","TTGACCCGTGATATAG-1_2_1"
"2665","TTGACCCTCATGCAGT-1_2_1"
"2666","TTGAGTGCAAATGAGT-1_2_1"
"2667","TTGATGGAGTCACTAC-1_2_1"
"2668","TTGCATTAGAGTGTGC-1_2_1"
"2669","TTGCATTTCGAAGCAG-1_2_1"
"2670","TTGCCTGAGAGGGTAA-1_2_1"
"2671","TTGCCTGTCCATGATG-1_2_1"
"2672","TTGCGTCAGCGGACAT-1_2_1"
"2673","TTGCGTCAGTTCATGC-1_2_1"
"2674","TTGCGTCCAAGATCCT-1_2_1"
"2675","TTGCGTCCACGTCATA-1_2_1"
"2676","TTGCGTCCATAGATGA-1_2_1"
"2677","TTGCGTCGTCACGCTG-1_2_1"
"2678","TTGCGTCTCCATAGAC-1_2_1"
"2679","TTGCTGCAGTAAGAGG-1_2_1"
"2680","TTGCTGCCAGGCTTGC-1_2_1"
"2681","TTGCTGCCATACAGGG-1_2_1"
"2682","TTGCTGCTCATCGACA-1_2_1"
"2683","TTGCTGCTCGGTAGAG-1_2_1"
"2684","TTGGATGCACTTGAAC-1_2_1"
"2685","TTGGATGCAGCCCAGT-1_2_1"
"2686","TTGGGATAGAAATGGG-1_2_1"
"2687","TTGGGATAGGCCATAG-1_2_1"
"2688","TTGGGATTCACCTGGG-1_2_1"
"2689","TTGGGATTCCGGCTTT-1_2_1"
"2690","TTGGGCGAGAGGCGGA-1_2_1"
"2691","TTGGGCGAGGTACATA-1_2_1"
"2692","TTGGGCGGTATACGGG-1_2_1"
"2693","TTGGGTACAAAGGAGA-1_2_1"
"2694","TTGGGTACACTGGCGT-1_2_1"
"2695","TTGGGTAGTATCGTAC-1_2_1"
"2696","TTGGGTATCTTACGGA-1_2_1"
"2697","TTGGTTTAGTTGTAGA-1_2_1"
"2698","TTGTGGAAGAGTTGAT-1_2_1"
"2699","TTGTGGACAGGTTCAT-1_2_1"
"2700","TTGTGGAGTCGAGTTT-1_2_1"
"2701","TTGTGGAGTCTGTCAA-1_2_1"
"2702","TTGTGGATCTGCCTCA-1_2_1"
"2703","TTGTTGTAGGACCCAA-1_2_1"
"2704","TTGTTGTAGGCCTGCT-1_2_1"
"2705","TTGTTGTTCTCCGCAT-1_2_1"
"2706","TTGTTTGGTACAGAAT-1_2_1"
"2707","TTGTTTGGTCAGTCTA-1_2_1"
"2708","TTGTTTGGTCGTGATT-1_2_1"
"2709","TTGTTTGGTGGTCTCG-1_2_1"
"2710","TTGTTTGGTTACGATC-1_2_1"
"2711","TTGTTTGGTTGCTTGA-1_2_1"
"2712","TTTACCAAGAGCATCG-1_2_1"
"2713","TTTACCAAGCATTGTC-1_2_1"
"2714","TTTACCAAGTAGATCA-1_2_1"
"2715","TTTACCATCTCATTGT-1_2_1"
"2716","TTTACGTAGGTGAGAA-1_2_1"
"2717","TTTACGTTCCAGCCTT-1_2_1"
"2718","TTTACGTTCTGGCTGG-1_2_1"
"2719","TTTACTGAGGTGCATG-1_2_1"
"2720","TTTACTGAGTATGTAG-1_2_1"
"2721","TTTACTGGTCAAGTTC-1_2_1"
"2722","TTTAGTCGTCTGTGGC-1_2_1"
"2723","TTTAGTCGTGGATTTC-1_2_1"
"2724","TTTATGCCAAGATTGA-1_2_1"
"2725","TTTCACAAGCTCATAC-1_2_1"
"2726","TTTCACACACGACAGA-1_2_1"
"2727","TTTCACACATCAGCAT-1_2_1"
"2728","TTTCACAGTCGCCACA-1_2_1"
"2729","TTTCAGTAGCAACAGC-1_2_1"
"2730","TTTCAGTAGGCAATGC-1_2_1"
"2731","TTTCAGTGTACGATGG-1_2_1"
"2732","TTTCAGTGTCAATCTG-1_2_1"
"2733","TTTCAGTTCGGTAACT-1_2_1"
"2734","TTTCATGAGGTACAGC-1_2_1"
"2735","TTTCATGCATAGAGGC-1_2_1"
"2736","TTTCATGGTGTGTCGC-1_2_1"
"2737","TTTCCTCAGCCTCATA-1_2_1"
"2738","TTTCCTCAGCGTGAGT-1_2_1"
"2739","TTTCCTCGTGCCTTCT-1_2_1"
"2740","TTTCGATAGATTGGGC-1_2_1"
"2741","TTTCGATCAGGGACTA-1_2_1"
"2742","TTTCGATGTTCCTTGC-1_2_1"
"2743","TTTGACTCAATCGTCA-1_2_1"
"2744","TTTGACTCACTTTAGG-1_2_1"
"2745","TTTGACTGTCCTGTTC-1_2_1"
"2746","TTTGACTGTGGTCTTA-1_2_1"
"2747","TTTGACTTCGTCCTTG-1_2_1"
"2748","TTTGATCGTGCAGTGA-1_2_1"
"2749","TTTGGAGCATGACGGA-1_2_1"
"2750","TTTGGAGTCATCTACT-1_2_1"
"2751","TTTGGTTCATCCGTTC-1_2_1"
"2752","TTTGGTTTCCAACTGA-1_2_1"
"2753","TTTGTTGCAACGAGGT-1_2_1"
"2754","TTTGTTGGTTGAGTCT-1_2_1"
