"","x"
"1","AAACGCTTCTCGCTTG-1_2_1"
"2","AAAGGATGTCCTGAAT-1_2_1"
"3","AAAGTCCTCAAGCCGC-1_2_1"
"4","AAATGGACACAATGCT-1_2_1"
"5","AACAACCCAGAGGTTG-1_2_1"
"6","AACACACCACAATGCT-1_2_1"
"7","AACAGGGCATTAGGCT-1_2_1"
"8","AACAGGGTCGGTCTAA-1_2_1"
"9","AACCACAAGAGTCACG-1_2_1"
"10","AACCCAACAGCTATTG-1_2_1"
"11","AACCTTTAGTAAGGGA-1_2_1"
"12","AACCTTTCATACAGGG-1_2_1"
"13","AACGTCAGTTCCACGG-1_2_1"
"14","AAGACAATCTCCGATC-1_2_1"
"15","AAGACTCGTGTAAACA-1_2_1"
"16","AAGCATCAGCTTCTAG-1_2_1"
"17","AAGGAATGTTGCATCA-1_2_1"
"18","AAGGTAAAGCCGTTGC-1_2_1"
"19","AAGTACCAGCAAGTGC-1_2_1"
"20","AATCGACAGCTCATAC-1_2_1"
"21","AATGACCGTATGGTAA-1_2_1"
"22","AATGGAAAGCCTGAGA-1_2_1"
"23","AATGGCTAGCTCGACC-1_2_1"
"24","AATTCCTAGCAGAAAG-1_2_1"
"25","AATTCCTGTCGCACGT-1_2_1"
"26","AATTTCCTCCGACATA-1_2_1"
"27","AATTTCCTCTTTGGAG-1_2_1"
"28","ACAAAGAGTTCCCACT-1_2_1"
"29","ACACAGTGTGTATCCA-1_2_1"
"30","ACACGCGCACTCATAG-1_2_1"
"31","ACACGCGTCTATCACT-1_2_1"
"32","ACACTGATCCTCACTG-1_2_1"
"33","ACAGAAACACTGTCCT-1_2_1"
"34","ACAGAAATCAAAGGTA-1_2_1"
"35","ACAGAAATCAAGCTTG-1_2_1"
"36","ACAGCCGTCTCTTGCG-1_2_1"
"37","ACAGGGAGTAAGGCCA-1_2_1"
"38","ACAGGGAGTAGGTCAG-1_2_1"
"39","ACATCCCAGGTTAAAC-1_2_1"
"40","ACATCCCGTTGTAGCT-1_2_1"
"41","ACATCCCTCCATTTGT-1_2_1"
"42","ACCAAACAGAGGATCC-1_2_1"
"43","ACCAAACAGGTTGAGC-1_2_1"
"44","ACCAACAAGCATTTCG-1_2_1"
"45","ACCAACAGTACGATGG-1_2_1"
"46","ACCATTTTCATTGCGA-1_2_1"
"47","ACCCAAAAGCGGTAAC-1_2_1"
"48","ACCCAAAGTGGGAGAG-1_2_1"
"49","ACCCTCAAGCGTCAAG-1_2_1"
"50","ACCCTCATCAGAGCGA-1_2_1"
"51","ACCCTTGCAAACTCGT-1_2_1"
"52","ACCCTTGCACAGTATC-1_2_1"
"53","ACCTACCTCAGCAGAG-1_2_1"
"54","ACCTGAAAGTTTCTTC-1_2_1"
"55","ACCTGTCCACAACGAG-1_2_1"
"56","ACGATCATCCACGTGG-1_2_1"
"57","ACGGAAGCACGACGCT-1_2_1"
"58","ACGGAAGGTCCGTTTC-1_2_1"
"59","ACGGAAGTCCAGCTCT-1_2_1"
"60","ACGGGTCGTGACAGCA-1_2_1"
"61","ACTACGACAATTGCAC-1_2_1"
"62","ACTCTCGAGTGGTCAG-1_2_1"
"63","ACTGATGCAGTCGCAC-1_2_1"
"64","ACTGCAAGTGAATGAT-1_2_1"
"65","ACTTAGGAGATGCCGA-1_2_1"
"66","ACTTTCAAGCAGCACA-1_2_1"
"67","ACTTTCACAATCACGT-1_2_1"
"68","ACTTTGTCAGTAGGAC-1_2_1"
"69","ACTTTGTGTTGGTAGG-1_2_1"
"70","AGAACCTCACACCTAA-1_2_1"
"71","AGACAAAAGCTAGTTC-1_2_1"
"72","AGACAAAGTTGCGTAT-1_2_1"
"73","AGACAAATCAAACCTG-1_2_1"
"74","AGACACTCACCCTGTT-1_2_1"
"75","AGACAGGCAGGCGTTC-1_2_1"
"76","AGACAGGGTACCAATC-1_2_1"
"77","AGACCATCAAAGACGC-1_2_1"
"78","AGACCCGGTGGCGTAA-1_2_1"
"79","AGACTCAGTTTACTGG-1_2_1"
"80","AGAGAATAGGCCTGCT-1_2_1"
"81","AGAGAATCAACAAGTA-1_2_1"
"82","AGAGAATCATCCTCAC-1_2_1"
"83","AGAGCCCAGAGAGCAA-1_2_1"
"84","AGAGCCCTCCGGCAAC-1_2_1"
"85","AGATAGACACTCACTC-1_2_1"
"86","AGATAGAGTCTACGTA-1_2_1"
"87","AGATCCATCAAGGAGC-1_2_1"
"88","AGCATCAAGTGAGTGC-1_2_1"
"89","AGCCACGGTTCTCAGA-1_2_1"
"90","AGCGATTCACTTTAGG-1_2_1"
"91","AGCGATTGTTGATGTC-1_2_1"
"92","AGCGCTGCACCGGAAA-1_2_1"
"93","AGCGCTGCATTATGCG-1_2_1"
"94","AGCTACACAACGATCT-1_2_1"
"95","AGCTACACAAGTGGTG-1_2_1"
"96","AGCTCAATCTTCTTCC-1_2_1"
"97","AGCTTCCTCCGACGGT-1_2_1"
"98","AGGAAATGTCAAGTTC-1_2_1"
"99","AGGAAATTCTGAGAGG-1_2_1"
"100","AGGACTTGTGCGGATA-1_2_1"
"101","AGGACTTTCCGTAATG-1_2_1"
"102","AGGAGGTTCTGCTAGA-1_2_1"
"103","AGGATCTTCAATGTCG-1_2_1"
"104","AGGCATTAGGGCCCTT-1_2_1"
"105","AGGGCCTGTATCGAGG-1_2_1"
"106","AGGGCTCCATACGCAT-1_2_1"
"107","AGGGTCCCACTTCTCG-1_2_1"
"108","AGGGTGATCGCCATAA-1_2_1"
"109","AGGTAGGGTCTGTGAT-1_2_1"
"110","AGGTAGGGTGCTAGCC-1_2_1"
"111","AGGTCTAGTAGTCTGT-1_2_1"
"112","AGGTGTTAGATCACTC-1_2_1"
"113","AGGTGTTTCGTGTGAT-1_2_1"
"114","AGGTTACGTACTGTTG-1_2_1"
"115","AGGTTGTAGCAGCACA-1_2_1"
"116","AGTACCAGTCTCACGG-1_2_1"
"117","AGTACTGTCGTCTCAC-1_2_1"
"118","AGTCAACGTTAGGACG-1_2_1"
"119","AGTGATCCAAGAAATC-1_2_1"
"120","AGTGCCGTCTACACTT-1_2_1"
"121","AGTGTTGAGACGGAAA-1_2_1"
"122","AGTTCGAGTGTAAACA-1_2_1"
"123","ATACCTTTCTATACTC-1_2_1"
"124","ATAGACCCAAGCCTGC-1_2_1"
"125","ATAGACCCATCGTCCT-1_2_1"
"126","ATAGGCTGTTAGGGAC-1_2_1"
"127","ATATCCTTCTCCATAT-1_2_1"
"128","ATCACGAAGATCGCCC-1_2_1"
"129","ATCACTTAGACGCCAA-1_2_1"
"130","ATCAGGTAGAGAGGTA-1_2_1"
"131","ATCAGGTGTCACGTGC-1_2_1"
"132","ATCATTCGTTCGGTAT-1_2_1"
"133","ATCATTCTCATTCACT-1_2_1"
"134","ATCCACCCAGCACAAG-1_2_1"
"135","ATCCATTGTCCAGTTA-1_2_1"
"136","ATCCGTCAGCACAAAT-1_2_1"
"137","ATCGCCTCATGAATAG-1_2_1"
"138","ATCGCCTGTTGTGGAG-1_2_1"
"139","ATCGCCTTCATCCTAT-1_2_1"
"140","ATCGTAGCAGAGATTA-1_2_1"
"141","ATCTTCATCACCTACC-1_2_1"
"142","ATGAAAGTCCATTGTT-1_2_1"
"143","ATGACCAAGGAACGAA-1_2_1"
"144","ATGATCGGTCAGACTT-1_2_1"
"145","ATGATCGTCGATGGAG-1_2_1"
"146","ATGCCTCGTGAAAGTT-1_2_1"
"147","ATGGAGGAGATTGGGC-1_2_1"
"148","ATGGATCAGCAACAAT-1_2_1"
"149","ATGGATCGTGGCATCC-1_2_1"
"150","ATGGGTTGTTCTGAGT-1_2_1"
"151","ATGGTTGGTCAACATC-1_2_1"
"152","ATGGTTGTCCGCTAGG-1_2_1"
"153","ATGTCTTTCCGCAACG-1_2_1"
"154","ATGTCTTTCGAGGCAA-1_2_1"
"155","ATTACCTAGACGACTG-1_2_1"
"156","ATTATCCAGATGGCGT-1_2_1"
"157","ATTATCCTCATACAGC-1_2_1"
"158","ATTATCCTCTTTGCTA-1_2_1"
"159","ATTCACTGTAGGAGGG-1_2_1"
"160","ATTCAGGGTTAGCGGA-1_2_1"
"161","ATTCATCTCTAGTCAG-1_2_1"
"162","ATTCCATTCTCGAACA-1_2_1"
"163","ATTCCCGTCAGTCATG-1_2_1"
"164","ATTCCTACAGACAATA-1_2_1"
"165","ATTCTACCACTGTGTA-1_2_1"
"166","ATTCTACTCATGACAC-1_2_1"
"167","ATTCTTGTCCCGAATA-1_2_1"
"168","ATTGTTCAGGCTTTCA-1_2_1"
"169","ATTGTTCTCCACTGAA-1_2_1"
"170","ATTTACCAGAGTCACG-1_2_1"
"171","CAAAGAAAGTCTTGGT-1_2_1"
"172","CAACCAACATGTTCGA-1_2_1"
"173","CAACCTCTCCATGATG-1_2_1"
"174","CAAGAGGAGTGAGTGC-1_2_1"
"175","CAAGCTACACTTCATT-1_2_1"
"176","CAAGGGAAGTCATGCT-1_2_1"
"177","CAAGGGATCGCAGTCG-1_2_1"
"178","CAATTTCTCGCCTTGT-1_2_1"
"179","CACAACAAGTAGGATT-1_2_1"
"180","CACACAAGTATCCTTT-1_2_1"
"181","CACAGGCAGTTGGACG-1_2_1"
"182","CACATGAGTATCGCGC-1_2_1"
"183","CACCAAAAGCAGATAT-1_2_1"
"184","CACCGTTTCCTAGAGT-1_2_1"
"185","CACGAATCACGACTAT-1_2_1"
"186","CACGTTCTCCTCGATC-1_2_1"
"187","CACTGGGGTCGCGGTT-1_2_1"
"188","CAGAGCCGTTGAATCC-1_2_1"
"189","CAGATACCAGTACTAC-1_2_1"
"190","CAGATTGCAGTTGCGC-1_2_1"
"191","CAGCAGCCAGCTCCTT-1_2_1"
"192","CAGCAGCTCATAGACC-1_2_1"
"193","CAGCGTGTCGCATTGA-1_2_1"
"194","CAGTTAGGTATAGGAT-1_2_1"
"195","CATAAGCCATTGACAC-1_2_1"
"196","CATACTTGTTTGATCG-1_2_1"
"197","CATCCCAAGAGGTGCT-1_2_1"
"198","CATCCGTTCGGTGCAC-1_2_1"
"199","CATCGGGCAACGTATC-1_2_1"
"200","CATCGTCTCGCTACAA-1_2_1"
"201","CATGAGTTCCACGTAA-1_2_1"
"202","CATGCGGAGCATCCTA-1_2_1"
"203","CATGCGGAGGAGGCAG-1_2_1"
"204","CATGCGGGTGCTGCAC-1_2_1"
"205","CATGCTCAGGGTTTCT-1_2_1"
"206","CATGCTCCACTGTGTA-1_2_1"
"207","CATGGTAGTCGCTTAA-1_2_1"
"208","CATTCCGGTGCATGTT-1_2_1"
"209","CATTGAGTCCACACCT-1_2_1"
"210","CATTGCCCAGAGGCAT-1_2_1"
"211","CATTGCCTCCATACAG-1_2_1"
"212","CATTGCCTCGGCATAT-1_2_1"
"213","CATTGTTAGATGGTCG-1_2_1"
"214","CATTTCACAATCAAGA-1_2_1"
"215","CATTTCATCGACGACC-1_2_1"
"216","CCAAGCGGTTGGGTTT-1_2_1"
"217","CCACAAAGTCCAGCCA-1_2_1"
"218","CCACCATCACTAACCA-1_2_1"
"219","CCATCACGTGACACGA-1_2_1"
"220","CCCATTGGTGGATCAG-1_2_1"
"221","CCCATTGTCACTGCTC-1_2_1"
"222","CCCGAAGAGTAACCGG-1_2_1"
"223","CCCGAAGCATCTATCT-1_2_1"
"224","CCCGAAGGTCGAACAG-1_2_1"
"225","CCCGGAATCGCAATTG-1_2_1"
"226","CCCTAACAGAATCGTA-1_2_1"
"227","CCCTAACCAAATCAAG-1_2_1"
"228","CCCTAACCAATCGCAT-1_2_1"
"229","CCCTAACGTTCACCGG-1_2_1"
"230","CCCTCAACATACCACA-1_2_1"
"231","CCCTCAAGTATGATCC-1_2_1"
"232","CCGAACGGTGTGTGTT-1_2_1"
"233","CCGGGTAAGCCGATTT-1_2_1"
"234","CCGGTAGAGATTGGGC-1_2_1"
"235","CCGTTCAAGCCGCACT-1_2_1"
"236","CCGTTCACACAAATGA-1_2_1"
"237","CCTAACCTCGCGAAGA-1_2_1"
"238","CCTAACCTCGTGGTAT-1_2_1"
"239","CCTAAGACAAGTTCGT-1_2_1"
"240","CCTAAGACATTAAAGG-1_2_1"
"241","CCTACGTTCAGGCGAA-1_2_1"
"242","CCTCAACAGACAACTA-1_2_1"
"243","CCTCAACCAATTGAAG-1_2_1"
"244","CCTCACACATCACAGT-1_2_1"
"245","CCTCAGTAGAGTTCGG-1_2_1"
"246","CCTCCTCTCAGAGTTC-1_2_1"
"247","CCTCTCCCACTACCCT-1_2_1"
"248","CCTCTCCTCGGTCATA-1_2_1"
"249","CCTCTCCTCTCATTGT-1_2_1"
"250","CGAAGTTCAGCAGAAC-1_2_1"
"251","CGAAGTTGTTCCAGGC-1_2_1"
"252","CGAGGCTTCCGATCGG-1_2_1"
"253","CGAGTGCGTCTACGTA-1_2_1"
"254","CGATGCGTCGTTGTGA-1_2_1"
"255","CGATGGCCATAAGCGG-1_2_1"
"256","CGATGGCGTCATTGCA-1_2_1"
"257","CGCATGGTCCATAGAC-1_2_1"
"258","CGGAACCAGGTACCTT-1_2_1"
"259","CGGAACCTCCCGGTAG-1_2_1"
"260","CGGGACTAGATGAACT-1_2_1"
"261","CGGGCATCAATCGTCA-1_2_1"
"262","CGGTCAGCAATGGCCC-1_2_1"
"263","CGGTCAGGTACGAGTG-1_2_1"
"264","CGGTCAGGTCGACTTA-1_2_1"
"265","CGTCAAAGTAGCGAGT-1_2_1"
"266","CGTCCATAGTTATGGA-1_2_1"
"267","CGTCCATTCCACCTGT-1_2_1"
"268","CGTGATAGTCTGTCCT-1_2_1"
"269","CGTTAGACATGCCGGT-1_2_1"
"270","CTAACCCTCAACCGAT-1_2_1"
"271","CTAACTTCAAGTATAG-1_2_1"
"272","CTAACTTTCCTTGGAA-1_2_1"
"273","CTACATTTCTAGGAAA-1_2_1"
"274","CTACCCATCGTAGGGA-1_2_1"
"275","CTACCTGGTGAATGAT-1_2_1"
"276","CTACGGGTCAGTAGGG-1_2_1"
"277","CTACTATAGCCTAGGA-1_2_1"
"278","CTAGACAGTGCAACAG-1_2_1"
"279","CTAGGTAGTAAGCTCT-1_2_1"
"280","CTCAAGAAGGTCTGGA-1_2_1"
"281","CTCAAGAGTGCATGTT-1_2_1"
"282","CTCAATTCAGCATTGT-1_2_1"
"283","CTCACTGCAGCTCATA-1_2_1"
"284","CTCACTGCAGTGTGGA-1_2_1"
"285","CTCAGGGGTAAGTAGT-1_2_1"
"286","CTCAGTCGTAAGCTCT-1_2_1"
"287","CTCCACAAGGAGTACC-1_2_1"
"288","CTCCCTCGTTGCCGCA-1_2_1"
"289","CTCCCTCTCTTAGCTT-1_2_1"
"290","CTCCTTTTCCATTCAT-1_2_1"
"291","CTCGAGGAGAGTACCG-1_2_1"
"292","CTCGAGGAGTGAGCCA-1_2_1"
"293","CTCGAGGGTGGATCGA-1_2_1"
"294","CTCGAGGTCCTCTCGA-1_2_1"
"295","CTCTCGACATCTTTCA-1_2_1"
"296","CTGAATGCAAGAGAGA-1_2_1"
"297","CTGAGCGAGGGAGGTG-1_2_1"
"298","CTGAGGCCAACTGCTA-1_2_1"
"299","CTGCAGGTCGTGTCAA-1_2_1"
"300","CTGCCTAGTCGCAACC-1_2_1"
"301","CTGCGAGAGCATTGAA-1_2_1"
"302","CTGCTCACACTCAAGT-1_2_1"
"303","CTGGACGAGCATACTC-1_2_1"
"304","CTGGCAGAGCGGGTAT-1_2_1"
"305","CTGGTCTGTCGGCCTA-1_2_1"
"306","CTGTACCTCGGCGATC-1_2_1"
"307","CTGTATTCAAGAGTAT-1_2_1"
"308","CTGTATTGTTAAGTCC-1_2_1"
"309","CTGTGGGGTAATGATG-1_2_1"
"310","CTTTCGGGTGCACATT-1_2_1"
"311","CTTTCGGTCACCTTGC-1_2_1"
"312","GAAACCTAGTCGAGGT-1_2_1"
"313","GAAACCTTCTGCCCTA-1_2_1"
"314","GAAATGAAGATGCTTC-1_2_1"
"315","GAAATGAGTTGGGATG-1_2_1"
"316","GAAATGATCACCCTGT-1_2_1"
"317","GAACGTTGTGGCTGCT-1_2_1"
"318","GAACTGTTCCGAGCTG-1_2_1"
"319","GAAGAATAGTGAGTGC-1_2_1"
"320","GAAGGACGTTGATGTC-1_2_1"
"321","GAAGTAAGTCTAGGTT-1_2_1"
"322","GAATCGTAGGTAGTCG-1_2_1"
"323","GAATCGTGTTGACTAC-1_2_1"
"324","GACACGCAGTGTGTTC-1_2_1"
"325","GACACGCTCGCCAACG-1_2_1"
"326","GACCCAGGTTATCTGG-1_2_1"
"327","GACCGTGTCTTCACGC-1_2_1"
"328","GACGTTACAGCACAGA-1_2_1"
"329","GACGTTACAGGCCCTA-1_2_1"
"330","GACTCAACAGTAGGAC-1_2_1"
"331","GACTCAATCTTCTGTA-1_2_1"
"332","GACTCTCCAGTTAGGG-1_2_1"
"333","GACTTCCGTCGCCTAG-1_2_1"
"334","GAGAAATGTTGCATCA-1_2_1"
"335","GAGAAATTCAAAGGAT-1_2_1"
"336","GAGACTTTCTACACTT-1_2_1"
"337","GAGAGGTGTATAGGAT-1_2_1"
"338","GAGCTGCCAGCGGTTC-1_2_1"
"339","GAGGCCTCACCCAATA-1_2_1"
"340","GAGGGTATCACGGAGA-1_2_1"
"341","GAGTCATGTTTGAACC-1_2_1"
"342","GAGTGTTGTGTAAATG-1_2_1"
"343","GAGTTTGTCATCTACT-1_2_1"
"344","GATCATGGTCACTTAG-1_2_1"
"345","GATGAGGAGTGGTGAC-1_2_1"
"346","GATGCTATCCAAATGC-1_2_1"
"347","GATGGAGGTTGCATTG-1_2_1"
"348","GATGTTGAGTTGCCTA-1_2_1"
"349","GATTCGACAAATGAAC-1_2_1"
"350","GATTCTTAGTAACAGT-1_2_1"
"351","GATTTCTTCATGTCAG-1_2_1"
"352","GCACGGTAGGTAAGAG-1_2_1"
"353","GCACGGTCAGAACATA-1_2_1"
"354","GCACTAATCCTGCCAT-1_2_1"
"355","GCAGCCAGTACGTGTT-1_2_1"
"356","GCAGCCATCGGAAGGT-1_2_1"
"357","GCAGTTAAGCAGCACA-1_2_1"
"358","GCATCGGTCTAGACCA-1_2_1"
"359","GCATCTCAGATGGTCG-1_2_1"
"360","GCATCTCAGTTGTACC-1_2_1"
"361","GCATGATCAAGGGCAT-1_2_1"
"362","GCCAGGTAGGCCATAG-1_2_1"
"363","GCCATGGAGGATATGT-1_2_1"
"364","GCCATGGGTGCATGTT-1_2_1"
"365","GCCCAGAGTTAAAGTG-1_2_1"
"366","GCCGTGATCATCCCGT-1_2_1"
"367","GCGGAAACACACACGC-1_2_1"
"368","GCGGAAAGTATCGGTT-1_2_1"
"369","GCGGATCCAGAATGTA-1_2_1"
"370","GCGGATCCAGATCACT-1_2_1"
"371","GCGGATCGTATCAAGA-1_2_1"
"372","GCGGATCTCACGATAC-1_2_1"
"373","GCGTGCAGTCTAACGT-1_2_1"
"374","GCGTTTCGTTTAGAGA-1_2_1"
"375","GCTACAAGTAGCTGTT-1_2_1"
"376","GCTACCTAGTTTGTCG-1_2_1"
"377","GCTACCTTCCTCACGT-1_2_1"
"378","GCTGGGTTCATTGGTG-1_2_1"
"379","GCTTGGGAGATCCCGC-1_2_1"
"380","GCTTGGGAGGTAGATT-1_2_1"
"381","GCTTTCGTCTCCAATT-1_2_1"
"382","GGAACCCCAGGTGTGA-1_2_1"
"383","GGAACCCCATGACAGG-1_2_1"
"384","GGAAGTGAGTTTGCTG-1_2_1"
"385","GGAGAACGTACTGACT-1_2_1"
"386","GGAGAACGTGCTTCAA-1_2_1"
"387","GGAGGATAGCGCCCAT-1_2_1"
"388","GGAGGTATCGCCGAAC-1_2_1"
"389","GGATCTACAAGCACAG-1_2_1"
"390","GGATCTACACGTACAT-1_2_1"
"391","GGATCTATCCACAGCG-1_2_1"
"392","GGGAAGTAGCTGAAAT-1_2_1"
"393","GGGACTCTCATAGGCT-1_2_1"
"394","GGGAGTATCTTAAGGC-1_2_1"
"395","GGGCGTTAGATGACCG-1_2_1"
"396","GGGCGTTAGCTCGCAC-1_2_1"
"397","GGGCTCAGTGGCTTAT-1_2_1"
"398","GGGTCTGTCTAGACCA-1_2_1"
"399","GGGTGAAGTTCGGCGT-1_2_1"
"400","GGGTGTCGTCTAGGCC-1_2_1"
"401","GGGTTTAGTCTTGAGT-1_2_1"
"402","GGTCTGGTCACAAGAA-1_2_1"
"403","GGTGAAGCACAAATCC-1_2_1"
"404","GGTGTCGCAATCGCCG-1_2_1"
"405","GGTGTTAAGGTCCAGA-1_2_1"
"406","GGTGTTAAGTGCACCC-1_2_1"
"407","GGTTAACAGAGGATGA-1_2_1"
"408","GGTTCTCCATTGGATC-1_2_1"
"409","GGTTGTAAGGGTGAAA-1_2_1"
"410","GGTTGTACAAGAGGCT-1_2_1"
"411","GTAACCATCGTAGAGG-1_2_1"
"412","GTAAGTCGTGGAACAC-1_2_1"
"413","GTACAACTCTTGCAGA-1_2_1"
"414","GTAGAAAAGTGCCTCG-1_2_1"
"415","GTAGTACAGAGCAGTC-1_2_1"
"416","GTAGTACGTTCAAAGA-1_2_1"
"417","GTCAAACAGGGACACT-1_2_1"
"418","GTCAAGTTCTGCGGGT-1_2_1"
"419","GTCACGGCAGAGAGGG-1_2_1"
"420","GTCAGCGTCCGCGAGT-1_2_1"
"421","GTCCTCAGTTCGTAAC-1_2_1"
"422","GTCGAATAGATACTGA-1_2_1"
"423","GTCGTTCTCAGCCCAG-1_2_1"
"424","GTCTACCAGATTGATG-1_2_1"
"425","GTCTGTCAGATCGCTT-1_2_1"
"426","GTCTGTCCAAGACCTT-1_2_1"
"427","GTCTGTCCATGCACTA-1_2_1"
"428","GTCTGTCTCCCGGTAG-1_2_1"
"429","GTCTTTACAGCCCAGT-1_2_1"
"430","GTCTTTAGTGAACGGT-1_2_1"
"431","GTGACGCTCGTCGGGT-1_2_1"
"432","GTGATGTTCATAGCAC-1_2_1"
"433","GTGCAGCTCATCGCAA-1_2_1"
"434","GTGCGTGGTATACCTG-1_2_1"
"435","GTGCGTGGTCCTGGGT-1_2_1"
"436","GTGCGTGTCGGATAAA-1_2_1"
"437","GTGCTGGGTTACGGAG-1_2_1"
"438","GTGGAAGCAATTGTGC-1_2_1"
"439","GTGGGAACAGGCGATA-1_2_1"
"440","GTGGTTAAGCACCAGA-1_2_1"
"441","GTGGTTAAGGTTCCGC-1_2_1"
"442","GTGGTTAGTCCTCATC-1_2_1"
"443","GTGTAACGTAACAGGC-1_2_1"
"444","GTGTCCTGTGGTCTTA-1_2_1"
"445","GTGTTAGGTCCGGTGT-1_2_1"
"446","GTGTTCCCAGACAAGC-1_2_1"
"447","GTTACAGAGTTAGTGA-1_2_1"
"448","GTTACAGCACACCAGC-1_2_1"
"449","GTTACCCCACAGTCAT-1_2_1"
"450","GTTACGAAGAATTGCA-1_2_1"
"451","GTTAGTGCAGGACTTT-1_2_1"
"452","GTTCATTCAGAGGAAA-1_2_1"
"453","GTTCCGTGTACAGCGA-1_2_1"
"454","GTTGCGGCAGAATGTA-1_2_1"
"455","GTTGTAGAGTCGCGAA-1_2_1"
"456","GTTGTCCGTTCAAGTC-1_2_1"
"457","GTTGTCCTCGAACACT-1_2_1"
"458","GTTGTGACACATACGT-1_2_1"
"459","GTTTACTCACTTTATC-1_2_1"
"460","GTTTACTGTGCTATTG-1_2_1"
"461","TAAGCCAGTATTCCTT-1_2_1"
"462","TAAGCCATCCATTCAT-1_2_1"
"463","TAAGCGTTCGTGCGAC-1_2_1"
"464","TAAGCGTTCTCCGTGT-1_2_1"
"465","TAAGTCGGTATGACAA-1_2_1"
"466","TACCGAATCAGCTAGT-1_2_1"
"467","TACCTCGTCCCAGCGA-1_2_1"
"468","TACGGTATCGAGAATA-1_2_1"
"469","TACGTCCCAAATTAGG-1_2_1"
"470","TACTTACCACATTCGA-1_2_1"
"471","TAGACTGCAACCAACT-1_2_1"
"472","TAGAGTCAGGACTATA-1_2_1"
"473","TAGATCGTCGGAAGGT-1_2_1"
"474","TAGCACACAGGACAGT-1_2_1"
"475","TAGGAGGCACGCTGCA-1_2_1"
"476","TAGGGTTCAGCTATTG-1_2_1"
"477","TAGGTACGTCAGGCAA-1_2_1"
"478","TAGTGCATCTGGCCGA-1_2_1"
"479","TATATCCAGTATGAAC-1_2_1"
"480","TATATCCTCTCGGTCT-1_2_1"
"481","TATCAGGAGATGACCG-1_2_1"
"482","TATCAGGAGGCAGGGA-1_2_1"
"483","TATCCTAGTCTGTAGT-1_2_1"
"484","TATCGCCAGATGGGCT-1_2_1"
"485","TATTGCTGTAGATCCT-1_2_1"
"486","TATTTCGTCAGCTTCC-1_2_1"
"487","TCAAGACAGATGGTCG-1_2_1"
"488","TCAAGTGAGGGACTGT-1_2_1"
"489","TCAAGTGCAAATGCGG-1_2_1"
"490","TCAAGTGGTAGTATAG-1_2_1"
"491","TCAATCTGTACCGTCG-1_2_1"
"492","TCAATCTGTGTCATGT-1_2_1"
"493","TCACAAGCAACGACAG-1_2_1"
"494","TCACATTCACGGCTAC-1_2_1"
"495","TCACGCTCAAACCACT-1_2_1"
"496","TCACGGGTCGCGGACT-1_2_1"
"497","TCAGCCTGTTCGAACT-1_2_1"
"498","TCAGCCTTCATGGTAC-1_2_1"
"499","TCAGGGCGTAGAGCTG-1_2_1"
"500","TCAGTCCTCGACGATT-1_2_1"
"501","TCAGTGAAGTAGACCG-1_2_1"
"502","TCAGTGAGTGGTAACG-1_2_1"
"503","TCAGTGATCAAGTTGC-1_2_1"
"504","TCATACTAGGGAGATA-1_2_1"
"505","TCATATCGTATGTCCA-1_2_1"
"506","TCATATCTCTCATGGA-1_2_1"
"507","TCATGAGGTACTCCCT-1_2_1"
"508","TCATGCCCAGACCGCT-1_2_1"
"509","TCATGCCGTGCGAGTA-1_2_1"
"510","TCATGGAGTAACGATA-1_2_1"
"511","TCATTACAGAATCTAG-1_2_1"
"512","TCATTCAAGACGCCAA-1_2_1"
"513","TCATTCACAGAGATTA-1_2_1"
"514","TCATTGTTCATCAGTG-1_2_1"
"515","TCCACCATCGGATTAC-1_2_1"
"516","TCCATCGAGCCAGAGT-1_2_1"
"517","TCCGGGATCCCAACTC-1_2_1"
"518","TCCGTGTGTGATGGCA-1_2_1"
"519","TCCTCTTGTTTCTATC-1_2_1"
"520","TCCTGCAGTGACATCT-1_2_1"
"521","TCCTTCTCACGGCACT-1_2_1"
"522","TCGAAGTAGGCACCAA-1_2_1"
"523","TCGATTTAGTGCACAG-1_2_1"
"524","TCGCACTAGAGGTCGT-1_2_1"
"525","TCGCAGGAGCCTATTG-1_2_1"
"526","TCGCTCAGTAAGGTCG-1_2_1"
"527","TCGGATAGTCATGGCC-1_2_1"
"528","TCGTCCAGTACTGCCG-1_2_1"
"529","TCGTCCATCCTTTGAT-1_2_1"
"530","TCGTGCTGTTCCGTTC-1_2_1"
"531","TCGTGGGCACGCTATA-1_2_1"
"532","TCTACATAGTCGCCAC-1_2_1"
"533","TCTACCGAGTACGAGC-1_2_1"
"534","TCTATCAAGACCAACG-1_2_1"
"535","TCTATCACATCGTTCC-1_2_1"
"536","TCTGCCAAGTTTGCTG-1_2_1"
"537","TCTGCCACAGATCACT-1_2_1"
"538","TCTGCCATCTTTCCAA-1_2_1"
"539","TCTGGCTAGAGGCCAT-1_2_1"
"540","TCTGTCGGTAAGATCA-1_2_1"
"541","TCTTCCTCACGGTAGA-1_2_1"
"542","TCTTCCTGTGGCTTGC-1_2_1"
"543","TCTTGCGAGAATTCAG-1_2_1"
"544","TCTTGCGAGCCTGTGC-1_2_1"
"545","TCTTGCGCAGGCATGA-1_2_1"
"546","TCTTTGAAGTTAACGA-1_2_1"
"547","TGAATCGAGCCGCACT-1_2_1"
"548","TGAATCGGTGGCGTAA-1_2_1"
"549","TGAATGCTCAGACAAA-1_2_1"
"550","TGACAGTTCTGTCCCA-1_2_1"
"551","TGACCCTTCATTGCTT-1_2_1"
"552","TGACTCCTCAATGTCG-1_2_1"
"553","TGAGACTAGCAAGTGC-1_2_1"
"554","TGAGACTTCGTAACTG-1_2_1"
"555","TGAGGAGAGGGCCCTT-1_2_1"
"556","TGAGGGATCCATCCGT-1_2_1"
"557","TGAGGGATCGCGTAGC-1_2_1"
"558","TGAGGTTAGCACTCCG-1_2_1"
"559","TGAGTCAAGAAGTGTT-1_2_1"
"560","TGAGTCAGTGGAAATT-1_2_1"
"561","TGATCAGAGTCGTTAC-1_2_1"
"562","TGATCTTGTATGGAGC-1_2_1"
"563","TGATCTTGTGGATCAG-1_2_1"
"564","TGATGGTAGTGCGTCC-1_2_1"
"565","TGATTTCCATTGACAC-1_2_1"
"566","TGATTTCTCTTCGATT-1_2_1"
"567","TGCACGGAGGACTGGT-1_2_1"
"568","TGCACGGGTCCAACGC-1_2_1"
"569","TGCAGATCATCGAGCC-1_2_1"
"570","TGCAGGCAGAACGTGC-1_2_1"
"571","TGCAGTATCATGCCGG-1_2_1"
"572","TGCATCCTCATCCTGC-1_2_1"
"573","TGCATGAGTACAGTCT-1_2_1"
"574","TGCCGAGCACCATTCC-1_2_1"
"575","TGCCGAGCATGTACGT-1_2_1"
"576","TGCGGCAAGCAAGTCG-1_2_1"
"577","TGCGGCATCGACATCA-1_2_1"
"578","TGCTCCACAACCTAAC-1_2_1"
"579","TGCTCGTAGGCCGCTT-1_2_1"
"580","TGCTGAATCGTTGTTT-1_2_1"
"581","TGCTTCGGTAGGGTAC-1_2_1"
"582","TGCTTGCCACTCTAGA-1_2_1"
"583","TGCTTGCTCAGTGGGA-1_2_1"
"584","TGGGAGAGTTAGTTCG-1_2_1"
"585","TGGGATTCAGTACTAC-1_2_1"
"586","TGGGCGTAGCATTTCG-1_2_1"
"587","TGGGCGTCATTATGCG-1_2_1"
"588","TGGTACATCTTGATTC-1_2_1"
"589","TGGTGATCAGGGAGAG-1_2_1"
"590","TGGTTAGCAGTTCTAG-1_2_1"
"591","TGTCCCAGTGACACAG-1_2_1"
"592","TGTGATGCATCCAACA-1_2_1"
"593","TGTGATGGTTCTTCAT-1_2_1"
"594","TGTTCATTCAAGCCAT-1_2_1"
"595","TGTTCATTCAGCCTTC-1_2_1"
"596","TGTTCATTCTCGCTCA-1_2_1"
"597","TGTTCCGAGGTAGATT-1_2_1"
"598","TGTTCTACACTTGTGA-1_2_1"
"599","TGTTGGAAGGAAACGA-1_2_1"
"600","TGTTTGTAGCCTGCCA-1_2_1"
"601","TTAATCCCAGCTACCG-1_2_1"
"602","TTACTGTTCGGTAGGA-1_2_1"
"603","TTAGGCACAGTGGGTA-1_2_1"
"604","TTAGTCTAGCAGCACA-1_2_1"
"605","TTATTGCCAACCCGCA-1_2_1"
"606","TTCAATCCATAATCGC-1_2_1"
"607","TTCACGCTCCGGCAGT-1_2_1"
"608","TTCATGTCATACAGGG-1_2_1"
"609","TTCATGTGTACATTGC-1_2_1"
"610","TTCATGTGTTAAACAG-1_2_1"
"611","TTCATTGGTCTAGGTT-1_2_1"
"612","TTCCAATAGTTCACTG-1_2_1"
"613","TTCGATTCATGTCGTA-1_2_1"
"614","TTCGGTCCACCTGCAG-1_2_1"
"615","TTCTAGTCAGGGAATC-1_2_1"
"616","TTCTGTATCCCGTTCA-1_2_1"
"617","TTCTGTATCTGCCCTA-1_2_1"
"618","TTCTTCCAGGCTTAGG-1_2_1"
"619","TTCTTCCGTCATAACC-1_2_1"
"620","TTCTTCCGTTGGCTAT-1_2_1"
"621","TTCTTGACAACTTGGT-1_2_1"
"622","TTGCATTGTGCCTGAC-1_2_1"
"623","TTGCCTGAGGTGCCTC-1_2_1"
"624","TTGGATGTCGCACTCT-1_2_1"
"625","TTGGGATAGGCAGCTA-1_2_1"
"626","TTGGGTAGTCGCCTAG-1_2_1"
"627","TTGGTTTCAATGGCCC-1_2_1"
"628","TTGGTTTCACGAGGTA-1_2_1"
"629","TTGTGTTGTACGGGAT-1_2_1"
"630","TTGTGTTTCCACTTCG-1_2_1"
"631","TTGTTTGAGGCTAAAT-1_2_1"
"632","TTTACTGGTAGAGACC-1_2_1"
"633","TTTAGTCTCATCGCTC-1_2_1"
"634","TTTAGTCTCCATGAGT-1_2_1"
"635","TTTCACATCACAGTGT-1_2_1"
"636","TTTCAGTCACTGTGTA-1_2_1"
"637","TTTCATGCAACGGGTA-1_2_1"
"638","TTTCATGCAGTCAACT-1_2_1"
"639","TTTGACTGTAGACGGT-1_2_1"
"640","TTTGGAGGTGTCCAAT-1_2_1"
