"","x"
"1","AAACCCACAATCAGCT-1_5_1"
"2","AAACCCATCGGTCGAC-1_5_1"
"3","AAACGAATCGCGTCGA-1_5_1"
"4","AAACGCTCATAAGCAA-1_5_1"
"5","AAAGAACTCTACTTCA-1_5_1"
"6","AAAGGTAGTTGCTCCT-1_5_1"
"7","AAAGTGAGTCACCCTT-1_5_1"
"8","AAATGGAGTATACGGG-1_5_1"
"9","AACAAAGAGCAAGTCG-1_5_1"
"10","AACAAAGCAGGTTCAT-1_5_1"
"11","AACAACCAGGATACAT-1_5_1"
"12","AACAAGAGTATACGGG-1_5_1"
"13","AACACACTCTGGACCG-1_5_1"
"14","AACAGGGCAGGTCCCA-1_5_1"
"15","AACAGGGGTTAGGACG-1_5_1"
"16","AACCAACGTGCAACGA-1_5_1"
"17","AACCAACGTTTCGTTT-1_5_1"
"18","AACCAACTCACCATGA-1_5_1"
"19","AACCACAGTAGATTAG-1_5_1"
"20","AACGTCAAGTACAGAT-1_5_1"
"21","AACTTCTCACGCAAAG-1_5_1"
"22","AACTTCTTCGATTGAC-1_5_1"
"23","AAGAACAGTCAGTCCG-1_5_1"
"24","AAGACTCAGTGACACG-1_5_1"
"25","AAGACTCCATGACGGA-1_5_1"
"26","AAGACTCGTCGTTGCG-1_5_1"
"27","AAGATAGAGGTAGGCT-1_5_1"
"28","AAGCATCAGATTTGCC-1_5_1"
"29","AAGCGTTAGACTCTAC-1_5_1"
"30","AAGCGTTAGGTAGCCA-1_5_1"
"31","AAGTACCTCTAGCAAC-1_5_1"
"32","AAGTCGTAGTTCCATG-1_5_1"
"33","AAGTGAAAGGTCCGAA-1_5_1"
"34","AAGTGAATCAGTCTTT-1_5_1"
"35","AATAGAGTCTGTCAGA-1_5_1"
"36","AATCGACTCGGAGCAA-1_5_1"
"37","AATGAAGGTGACTGAG-1_5_1"
"38","AATTCCTCACAAGGTG-1_5_1"
"39","ACAACCATCGGCTCTT-1_5_1"
"40","ACACAGTCAATTGAGA-1_5_1"
"41","ACAGAAAAGCGCAATG-1_5_1"
"42","ACAGAAAAGTATGAAC-1_5_1"
"43","ACCACAAGTCTTGAGT-1_5_1"
"44","ACCACAAGTTTCTATC-1_5_1"
"45","ACCATTTCACCAGGTC-1_5_1"
"46","ACCCTTGAGGCGAAGG-1_5_1"
"47","ACCCTTGTCTGAATCG-1_5_1"
"48","ACCGTTCGTTGCCGCA-1_5_1"
"49","ACCGTTCGTTGTGTAC-1_5_1"
"50","ACGCACGAGCTCTTCC-1_5_1"
"51","ACGCACGGTCGACGCT-1_5_1"
"52","ACGTAACAGCATCCCG-1_5_1"
"53","ACGTACACATTGTAGC-1_5_1"
"54","ACGTAGTAGCAGCGAT-1_5_1"
"55","ACGTAGTGTACTCGCG-1_5_1"
"56","ACGTAGTGTTAGGGTG-1_5_1"
"57","ACGTCCTAGCCGAATG-1_5_1"
"58","ACTTAGGCAGATTAAG-1_5_1"
"59","ACTTATCAGACGTCCC-1_5_1"
"60","ACTTCGCCAGCTCTGG-1_5_1"
"61","AGAAATGAGTCCTGCG-1_5_1"
"62","AGAACAAGTTCGTTCC-1_5_1"
"63","AGAAGCGGTACCTTCC-1_5_1"
"64","AGACAAAAGTAAGAGG-1_5_1"
"65","AGACACTCAAACTAGA-1_5_1"
"66","AGACACTCACGCCAGT-1_5_1"
"67","AGACCATCAGGACTTT-1_5_1"
"68","AGACCATGTTCTCCCA-1_5_1"
"69","AGACTCAAGTACTCGT-1_5_1"
"70","AGACTCACATGACCCG-1_5_1"
"71","AGAGAATCAGCGTGAA-1_5_1"
"72","AGAGAATCATTAAAGG-1_5_1"
"73","AGAGAATGTCCAAATC-1_5_1"
"74","AGAGCAGGTCCTCCTA-1_5_1"
"75","AGATGAAGTCCTACAA-1_5_1"
"76","AGATGCTCACGAAGAC-1_5_1"
"77","AGCATCAGTACGACTT-1_5_1"
"78","AGCATCATCCGGTAGC-1_5_1"
"79","AGCCACGAGTCTGTAC-1_5_1"
"80","AGCCACGCAAGGTCTT-1_5_1"
"81","AGCCACGGTTATGTCG-1_5_1"
"82","AGCCACGTCTCCGTGT-1_5_1"
"83","AGCGCTGAGAGCCGAT-1_5_1"
"84","AGCGTATCAACGAGGT-1_5_1"
"85","AGCTACACAGAAGCGT-1_5_1"
"86","AGCTTCCGTTCGTACA-1_5_1"
"87","AGCTTCCTCTGCGATA-1_5_1"
"88","AGGAATACATGTTTGG-1_5_1"
"89","AGGACTTTCATGTCAG-1_5_1"
"90","AGGAGGTGTGAGTAAT-1_5_1"
"91","AGGATAAGTGACGTCC-1_5_1"
"92","AGGATCTAGCCTTGAT-1_5_1"
"93","AGGCATTGTTTGTTCT-1_5_1"
"94","AGGGCCTAGATTAGCA-1_5_1"
"95","AGGGTCCCAGTCTGGC-1_5_1"
"96","AGGGTTTCAAAGGAGA-1_5_1"
"97","AGGTAGGCATGAGTAA-1_5_1"
"98","AGGTCATCACCTCTGT-1_5_1"
"99","AGGTCATGTGACGTCC-1_5_1"
"100","AGGTCATTCCTACAAG-1_5_1"
"101","AGGTCATTCGTGGCTG-1_5_1"
"102","AGGTCTACACCTGCAG-1_5_1"
"103","AGGTTACTCCGTATGA-1_5_1"
"104","AGTAGCTTCCTTATCA-1_5_1"
"105","AGTAGTCAGGAAGTCC-1_5_1"
"106","AGTCAACCAACTCATG-1_5_1"
"107","AGTCACATCAGAGCGA-1_5_1"
"108","AGTCATGCAATTAGGA-1_5_1"
"109","AGTCATGTCCTGCTAC-1_5_1"
"110","AGTCTCCCACAGAAGC-1_5_1"
"111","AGTGTTGTCGTTATCT-1_5_1"
"112","AGTTCCCAGATGCTGG-1_5_1"
"113","AGTTCCCGTGATACTC-1_5_1"
"114","AGTTCCCTCGTTCTGC-1_5_1"
"115","ATACTTCCAAGTGCAG-1_5_1"
"116","ATAGACCTCCTTGAAG-1_5_1"
"117","ATAGAGACATTCACCC-1_5_1"
"118","ATAGAGATCGACATTG-1_5_1"
"119","ATAGAGATCGATTCCC-1_5_1"
"120","ATAGGCTAGCAGGCAT-1_5_1"
"121","ATAGGCTTCATTCATC-1_5_1"
"122","ATATCCTTCCGAGCTG-1_5_1"
"123","ATCACAGGTATGAGGC-1_5_1"
"124","ATCACGACATATCTCT-1_5_1"
"125","ATCACGATCCAGTTCC-1_5_1"
"126","ATCACTTAGATCGGTG-1_5_1"
"127","ATCACTTTCGGCCTTT-1_5_1"
"128","ATCATTCAGGTCGTGA-1_5_1"
"129","ATCATTCCAAATGAGT-1_5_1"
"130","ATCCACCTCATGACAC-1_5_1"
"131","ATCCATTCACCAATTG-1_5_1"
"132","ATCCATTGTTAGCTAC-1_5_1"
"133","ATCCGTCAGATGCAGC-1_5_1"
"134","ATCGCCTAGCTTCTAG-1_5_1"
"135","ATCGGATGTAGATTAG-1_5_1"
"136","ATCGGATGTGGCCACT-1_5_1"
"137","ATCGTAGTCCTATTTG-1_5_1"
"138","ATCGTCCTCCCTCGTA-1_5_1"
"139","ATGACCACATACTTTC-1_5_1"
"140","ATGACCAGTGCAATGG-1_5_1"
"141","ATGAGGGGTTATCCAG-1_5_1"
"142","ATGAGGGTCACCTCAC-1_5_1"
"143","ATGATCGCATTACTCT-1_5_1"
"144","ATGATCGGTGTTATCG-1_5_1"
"145","ATGCGATCATCCGGCA-1_5_1"
"146","ATGGATCGTACAAAGT-1_5_1"
"147","ATGTCCCTCATTGAGC-1_5_1"
"148","ATTACCTCAGGCCTGT-1_5_1"
"149","ATTACTCCAAATCGGG-1_5_1"
"150","ATTACTCTCCGGCAGT-1_5_1"
"151","ATTCACTGTGCAGATG-1_5_1"
"152","ATTCATCAGTTTCGGT-1_5_1"
"153","ATTCATCCAGGCTTGC-1_5_1"
"154","ATTCCATCATGTAACC-1_5_1"
"155","ATTCCATGTGCTATTG-1_5_1"
"156","ATTCGTTAGAGGTTTA-1_5_1"
"157","ATTCGTTCAAGTGTCT-1_5_1"
"158","ATTCGTTGTTGAGTCT-1_5_1"
"159","ATTTACCCAGCTGTAT-1_5_1"
"160","ATTTACCGTCCGATCG-1_5_1"
"161","ATTTCTGGTCTCGGAC-1_5_1"
"162","CAAAGAATCGCAGAGA-1_5_1"
"163","CAACAGTCATAGATCC-1_5_1"
"164","CAACAGTGTGAGGCAT-1_5_1"
"165","CAACGATGTTGCTAGT-1_5_1"
"166","CAACGGCCACCATAAC-1_5_1"
"167","CAAGACTAGGAGATAG-1_5_1"
"168","CAAGCTATCGAGAAAT-1_5_1"
"169","CAAGGGACATGTTTGG-1_5_1"
"170","CACAACAAGGTACAGC-1_5_1"
"171","CACAACACAAGAGTGC-1_5_1"
"172","CACAGATGTGGGAGAG-1_5_1"
"173","CACATGAAGGCACTCC-1_5_1"
"174","CACATGAAGGCTAGCA-1_5_1"
"175","CACCGTTGTAGCTGTT-1_5_1"
"176","CACCGTTGTAGGCTGA-1_5_1"
"177","CACCGTTGTGCACGCT-1_5_1"
"178","CACTGAAGTGAGCCAA-1_5_1"
"179","CACTGGGTCGATTTCT-1_5_1"
"180","CACTGTCAGGCATCTT-1_5_1"
"181","CAGAGCCCACTCATAG-1_5_1"
"182","CAGAGCCCATCACAGT-1_5_1"
"183","CAGATTGCAGGTTTAC-1_5_1"
"184","CAGCAATAGGAACATT-1_5_1"
"185","CAGCACGAGCACCGAA-1_5_1"
"186","CAGCACGTCTCTCTTC-1_5_1"
"187","CAGCAGCAGCGCTTCG-1_5_1"
"188","CAGGGCTAGTGCCGAA-1_5_1"
"189","CAGGGCTGTACGGATG-1_5_1"
"190","CAGGTATAGATTCGAA-1_5_1"
"191","CAGTTAGCAACCGTGC-1_5_1"
"192","CATACTTAGATACAGT-1_5_1"
"193","CATACTTAGTCAAGCG-1_5_1"
"194","CATAGACTCCTTGAAG-1_5_1"
"195","CATCCACCATCCGAGC-1_5_1"
"196","CATCCCACAAATACGA-1_5_1"
"197","CATCGGGAGGGAGAAT-1_5_1"
"198","CATGAGTTCTGAGATC-1_5_1"
"199","CATGCAAAGTTCGGTT-1_5_1"
"200","CATGCGGGTTTCTTAC-1_5_1"
"201","CATGCGGTCGCTATTT-1_5_1"
"202","CATGCTCAGCAACTCT-1_5_1"
"203","CATGGTACAACTGCTA-1_5_1"
"204","CATGGTACAATCCTAG-1_5_1"
"205","CATTGAGCAGTCGCTG-1_5_1"
"206","CATTGAGTCTTCGTAT-1_5_1"
"207","CATTGTTAGCATATGA-1_5_1"
"208","CCACAAACAGAGTCAG-1_5_1"
"209","CCACAAAGTCCAACGC-1_5_1"
"210","CCACGAGGTCGTACTA-1_5_1"
"211","CCACGAGGTTATGTGC-1_5_1"
"212","CCACTTGCAAAGGCTG-1_5_1"
"213","CCATAAGCAGATTAAG-1_5_1"
"214","CCATAAGCAGTCTTCC-1_5_1"
"215","CCATAAGTCCGTGACG-1_5_1"
"216","CCATCACGTTGCATGT-1_5_1"
"217","CCCAACTCATCGCTCT-1_5_1"
"218","CCCATTGGTCCCGTGA-1_5_1"
"219","CCCGGAAAGCACGATG-1_5_1"
"220","CCCTAACCAAAGAACT-1_5_1"
"221","CCCTCAAGTGCTCCGA-1_5_1"
"222","CCCTGATGTAGACAAT-1_5_1"
"223","CCCTTAGTCCTTCGAC-1_5_1"
"224","CCGAACGGTTAAACAG-1_5_1"
"225","CCGATGGGTCAGGTAG-1_5_1"
"226","CCGCAAGGTATTTCGG-1_5_1"
"227","CCGGTGACAAGTAGTA-1_5_1"
"228","CCGGTGAGTGGTCCCA-1_5_1"
"229","CCGTTCATCAGCTCTC-1_5_1"
"230","CCTAACCCACTCTCGT-1_5_1"
"231","CCTAACCTCAGTCCGG-1_5_1"
"232","CCTAAGATCGTTCAGA-1_5_1"
"233","CCTACGTTCATCGCAA-1_5_1"
"234","CCTCAACCACTATCGA-1_5_1"
"235","CCTCATGTCGTGGTAT-1_5_1"
"236","CCTCCTCGTGGCAACA-1_5_1"
"237","CCTCTCCCACCTTCCA-1_5_1"
"238","CCTGCATGTCGCTTAA-1_5_1"
"239","CCTGTTGCAGTTTCGA-1_5_1"
"240","CCTGTTGGTAAGATCA-1_5_1"
"241","CCTGTTGGTCATTGCA-1_5_1"
"242","CCTGTTGGTTGAGTCT-1_5_1"
"243","CCTTTGGTCAGACAAA-1_5_1"
"244","CGAAGTTCACGGTAGA-1_5_1"
"245","CGAATTGTCGTTCAGA-1_5_1"
"246","CGACAGCAGGTAACTA-1_5_1"
"247","CGACAGCGTAACGTTC-1_5_1"
"248","CGAGGAACATGTACGT-1_5_1"
"249","CGAGGAAGTCGGTGAA-1_5_1"
"250","CGAGTGCAGCAACAAT-1_5_1"
"251","CGAGTGCAGGGCAGTT-1_5_1"
"252","CGAGTTACATCCTAAG-1_5_1"
"253","CGATGCGGTTCGGGTC-1_5_1"
"254","CGCAGGTTCGTAGCTA-1_5_1"
"255","CGCATGGCACCCTCTA-1_5_1"
"256","CGCCAGAAGGTCGTGA-1_5_1"
"257","CGGAATTCAACACGTT-1_5_1"
"258","CGGAATTCATGCGGTC-1_5_1"
"259","CGGAATTTCTCGCTTG-1_5_1"
"260","CGGACACAGCTACTAC-1_5_1"
"261","CGGACACGTCGAGCAA-1_5_1"
"262","CGGAGAACATGGCCAC-1_5_1"
"263","CGGAGAATCGGCTGGT-1_5_1"
"264","CGGCAGTCACCAAATC-1_5_1"
"265","CGGGTCATCTTACTGT-1_5_1"
"266","CGTAAGTCACAAGGTG-1_5_1"
"267","CGTAATGTCCTTCACG-1_5_1"
"268","CGTAGTAGTAATGCTC-1_5_1"
"269","CGTCAAAAGACCATTC-1_5_1"
"270","CGTCAAATCCTATGGA-1_5_1"
"271","CGTGCTTAGCCGGAAT-1_5_1"
"272","CGTTAGACACCCTAGG-1_5_1"
"273","CGTTCTGAGACTCGAG-1_5_1"
"274","CGTTGGGGTAGGGAGG-1_5_1"
"275","CTAACCCAGACGGTCA-1_5_1"
"276","CTAACTTCAATAGGAT-1_5_1"
"277","CTAAGTGAGAAGGATG-1_5_1"
"278","CTAAGTGCATAAGCGG-1_5_1"
"279","CTAAGTGTCCGAGGCT-1_5_1"
"280","CTACAGACAAGCCATT-1_5_1"
"281","CTACAGAGTGCTATTG-1_5_1"
"282","CTACATTTCGCCGAGT-1_5_1"
"283","CTACCCATCCCAGGCA-1_5_1"
"284","CTACCTGAGCAACCAG-1_5_1"
"285","CTACCTGCAAGAATAC-1_5_1"
"286","CTACCTGCAGCTGTAT-1_5_1"
"287","CTACCTGGTAAGGTCG-1_5_1"
"288","CTAGACACAGTCGAGA-1_5_1"
"289","CTAGACATCAGAACCT-1_5_1"
"290","CTAGGTACAACAGTGG-1_5_1"
"291","CTATAGGAGATACGAT-1_5_1"
"292","CTATAGGCAGTCTGGC-1_5_1"
"293","CTATCCGCACAATTCG-1_5_1"
"294","CTCAATTGTTGTCCCT-1_5_1"
"295","CTCAGAATCGTACCTC-1_5_1"
"296","CTCAGGGAGTACCCTA-1_5_1"
"297","CTCAGGGTCCGGCAAC-1_5_1"
"298","CTCAGTCGTGGAATGC-1_5_1"
"299","CTCATCGCAGTCTGGC-1_5_1"
"300","CTCATGCCACTTCAAG-1_5_1"
"301","CTCCATGGTCTCTCCA-1_5_1"
"302","CTCCCAACAGTGACCC-1_5_1"
"303","CTCCCTCGTAGTCGGA-1_5_1"
"304","CTCCTCCGTACAGCGA-1_5_1"
"305","CTCCTTTTCATTCGTT-1_5_1"
"306","CTCTCAGGTAAGATAC-1_5_1"
"307","CTCTCGAAGCGAGGAG-1_5_1"
"308","CTCTGGTAGCAGATAT-1_5_1"
"309","CTGAATGCACCAAATC-1_5_1"
"310","CTGAATGGTCCTCCTA-1_5_1"
"311","CTGAGGCAGTGGTTCT-1_5_1"
"312","CTGAGGCCACTGCATA-1_5_1"
"313","CTGATCCCATGGGAAC-1_5_1"
"314","CTGCAGGGTTCGGCCA-1_5_1"
"315","CTGCCTAAGTGGCCTC-1_5_1"
"316","CTGCCTATCCTACGAA-1_5_1"
"317","CTGCGAGCATTGAGCT-1_5_1"
"318","CTGGTCTTCGTCTAAG-1_5_1"
"319","CTGTACCGTCGCAGTC-1_5_1"
"320","CTGTGGGAGTGTTCAC-1_5_1"
"321","CTTACCGGTTGTCAGT-1_5_1"
"322","CTTAGGATCTTGCAGA-1_5_1"
"323","CTTCTAATCGCCTAGG-1_5_1"
"324","CTTCTCTAGTGGAAGA-1_5_1"
"325","CTTGAGAAGTTGGGAC-1_5_1"
"326","CTTGATTTCCATTGGA-1_5_1"
"327","CTTTCGGGTACAGTTC-1_5_1"
"328","GAAACCTGTACAAGTA-1_5_1"
"329","GAAATGACAAAGAGTT-1_5_1"
"330","GAAATGACACCTCTAC-1_5_1"
"331","GAACGTTTCAATCGGT-1_5_1"
"332","GAACGTTTCGGTTCAA-1_5_1"
"333","GAAGAATGTCGAATTC-1_5_1"
"334","GAAGAATGTTTGATCG-1_5_1"
"335","GAAGCCCGTCTTGTCC-1_5_1"
"336","GAAGTAATCAAGTGTC-1_5_1"
"337","GAAGTAATCACAAGGG-1_5_1"
"338","GACACGCAGGTCCCTG-1_5_1"
"339","GACACGCAGTATGATG-1_5_1"
"340","GACACGCCACATTCGA-1_5_1"
"341","GACATCATCAGCGCGT-1_5_1"
"342","GACCAATAGTTAACAG-1_5_1"
"343","GACCCAGAGGGATCGT-1_5_1"
"344","GACCCAGAGTGCGACA-1_5_1"
"345","GACCGTGAGGAGGCAG-1_5_1"
"346","GACCGTGTCCCTGGTT-1_5_1"
"347","GACCTTCCAAGTCCAT-1_5_1"
"348","GACTCAAAGAGTGTTA-1_5_1"
"349","GACTCTCCAAGGGCAT-1_5_1"
"350","GAGAGGTAGGTTAAAC-1_5_1"
"351","GAGAGGTTCCCAGTGG-1_5_1"
"352","GAGGCAACATGGCTGC-1_5_1"
"353","GAGGGATCAATTGGTC-1_5_1"
"354","GAGGGTAGTCGTCAGC-1_5_1"
"355","GAGGGTAGTGCTGCAC-1_5_1"
"356","GAGTCATCACGATAGG-1_5_1"
"357","GAGTCTACACTAGGCC-1_5_1"
"358","GAGTTTGAGGTTCTAC-1_5_1"
"359","GATAGAAGTATGTGTC-1_5_1"
"360","GATCCCTCATCGATCA-1_5_1"
"361","GATCGTAAGCTTACGT-1_5_1"
"362","GATGACTAGCCTGAAG-1_5_1"
"363","GATGACTGTTCCGGTG-1_5_1"
"364","GATGATCAGTCCTGTA-1_5_1"
"365","GATGCTAGTAGGCTCC-1_5_1"
"366","GATGTTGGTTTCCAAG-1_5_1"
"367","GATTCGACAGTCTTCC-1_5_1"
"368","GATTCGAGTCTCCCTA-1_5_1"
"369","GCAACATGTAATGCGG-1_5_1"
"370","GCAACATGTTACGATC-1_5_1"
"371","GCACTAAGTAACGCGA-1_5_1"
"372","GCACTAATCGACACTA-1_5_1"
"373","GCAGGCTAGCATGATA-1_5_1"
"374","GCAGGCTAGCTAGAAT-1_5_1"
"375","GCAGGCTCAGGAACCA-1_5_1"
"376","GCAGGCTTCACCTGGG-1_5_1"
"377","GCAGTTAAGGTAGTAT-1_5_1"
"378","GCAGTTACACGTCTCT-1_5_1"
"379","GCATCGGGTACTGTTG-1_5_1"
"380","GCATCGGGTTCGATTG-1_5_1"
"381","GCATCGGTCTCCGTGT-1_5_1"
"382","GCATCTCAGACAACTA-1_5_1"
"383","GCCAACGTCAGCAATC-1_5_1"
"384","GCCAGCATCATGCCGG-1_5_1"
"385","GCCATGGCATTAGGAA-1_5_1"
"386","GCCATGGGTACAACGG-1_5_1"
"387","GCCATGGGTAGTAAGT-1_5_1"
"388","GCCATTCCACTATCCC-1_5_1"
"389","GCCCAGAGTAGGCAAC-1_5_1"
"390","GCCTGTTAGACTGTTC-1_5_1"
"391","GCGAGAAAGATTGAGT-1_5_1"
"392","GCGGAAATCCGATAGT-1_5_1"
"393","GCGGATCAGTCAGCGA-1_5_1"
"394","GCGGATCCATGACGTT-1_5_1"
"395","GCGTGCATCTCGTTTA-1_5_1"
"396","GCGTTTCAGCGTCTCG-1_5_1"
"397","GCTACCTTCTAAGGAA-1_5_1"
"398","GCTCAAAAGTTGGAGC-1_5_1"
"399","GCTTGGGCAGGTTACT-1_5_1"
"400","GCTTTCGCACCTGAAT-1_5_1"
"401","GGAACCCTCCATTCGC-1_5_1"
"402","GGAACCCTCTAGCAAC-1_5_1"
"403","GGAAGTGAGGCCTTGC-1_5_1"
"404","GGACGTCTCGTGCAGC-1_5_1"
"405","GGAGGATAGCACGTCC-1_5_1"
"406","GGAGGTAAGTAGTCTC-1_5_1"
"407","GGAGGTATCACTCACC-1_5_1"
"408","GGCAGTCCAGTGGGTA-1_5_1"
"409","GGCAGTCGTCCGTACG-1_5_1"
"410","GGCGTCAAGCACGTCC-1_5_1"
"411","GGCTGTGCAAATTAGG-1_5_1"
"412","GGCTTGGGTTTAGACC-1_5_1"
"413","GGCTTTCAGTGGTTAA-1_5_1"
"414","GGCTTTCTCATTTACC-1_5_1"
"415","GGGACCTGTGAGCCAA-1_5_1"
"416","GGGACCTGTTACACAC-1_5_1"
"417","GGGACTCGTAACTGCT-1_5_1"
"418","GGGACTCGTCGCACGT-1_5_1"
"419","GGGAGATAGTGCTCGC-1_5_1"
"420","GGGAGATGTGACCTGC-1_5_1"
"421","GGGAGTAAGGACGGAG-1_5_1"
"422","GGGAGTACAGTGCCTG-1_5_1"
"423","GGGATCCCACACTTAG-1_5_1"
"424","GGGATGAGTGGCTACC-1_5_1"
"425","GGGATGATCCTCAGAA-1_5_1"
"426","GGGCCATTCATCTACT-1_5_1"
"427","GGGCTCAAGCGTTAGG-1_5_1"
"428","GGGTAGACATCCTAAG-1_5_1"
"429","GGGTATTCAACAGTGG-1_5_1"
"430","GGGTCACCATGTTTGG-1_5_1"
"431","GGGTCACGTCTTGAAC-1_5_1"
"432","GGGTCTGGTACTTGTG-1_5_1"
"433","GGGTGAAAGTCCCAAT-1_5_1"
"434","GGGTGTCAGAAGTATC-1_5_1"
"435","GGGTTATCACGTCTCT-1_5_1"
"436","GGTAACTGTAACGTTC-1_5_1"
"437","GGTAACTGTTCAACGT-1_5_1"
"438","GGTAATCCACCGGAAA-1_5_1"
"439","GGTAATCCACTATCGA-1_5_1"
"440","GGTAATCCATACCACA-1_5_1"
"441","GGTAGAGCAACGTTAC-1_5_1"
"442","GGTCTGGCATACCAGT-1_5_1"
"443","GGTCTGGTCGAGATAA-1_5_1"
"444","GGTGAAGGTTCCCACT-1_5_1"
"445","GGTGGCTTCCTCTCGA-1_5_1"
"446","GGTGTTAAGGTTGGAC-1_5_1"
"447","GGTGTTAGTTCTCCCA-1_5_1"
"448","GGTTAACTCGGATAAA-1_5_1"
"449","GGTTGTAAGGTCCCTG-1_5_1"
"450","GTAACCAAGCGAATGC-1_5_1"
"451","GTAATCGAGTAGACAT-1_5_1"
"452","GTAATCGCAGTTCTAG-1_5_1"
"453","GTAATCGGTTGACTAC-1_5_1"
"454","GTAATCGTCGTGTGAT-1_5_1"
"455","GTAATGCAGCACTAAA-1_5_1"
"456","GTACAACAGGTCACAG-1_5_1"
"457","GTACAGTCAGCGGATA-1_5_1"
"458","GTACAGTGTCCGTACG-1_5_1"
"459","GTAGAAAAGCGACTTT-1_5_1"
"460","GTAGAGGTCACTGGTA-1_5_1"
"461","GTAGCTATCAGACCTA-1_5_1"
"462","GTAGGAGGTGGGAGAG-1_5_1"
"463","GTAGGTTCAGTAACCT-1_5_1"
"464","GTAGTACTCGAGGCAA-1_5_1"
"465","GTATTGGCACACGGTC-1_5_1"
"466","GTCAAACAGCGCATCC-1_5_1"
"467","GTCACGGCATGTTCGA-1_5_1"
"468","GTCACTCAGTCGAAGC-1_5_1"
"469","GTCACTCGTAGTCGTT-1_5_1"
"470","GTCAGCGGTCGCGTCA-1_5_1"
"471","GTCAGCGGTCTGATCA-1_5_1"
"472","GTCAGCGGTGGAACCA-1_5_1"
"473","GTCCCATTCGAAGCAG-1_5_1"
"474","GTCCTCAAGGACAGCT-1_5_1"
"475","GTCCTCATCAAGTGGG-1_5_1"
"476","GTCGAATCATTGACCA-1_5_1"
"477","GTCGAATTCAAACTGC-1_5_1"
"478","GTCGAATTCCCACAGG-1_5_1"
"479","GTCGCGACAAGGATGC-1_5_1"
"480","GTCGTTCCATCTGGGC-1_5_1"
"481","GTCTAGACACTAGTAC-1_5_1"
"482","GTCTAGACAGAGCCCT-1_5_1"
"483","GTCTGTCAGACCAGCA-1_5_1"
"484","GTCTGTCCAGGTATGG-1_5_1"
"485","GTCTGTCGTATCGGTT-1_5_1"
"486","GTCTTTACATATGCGT-1_5_1"
"487","GTGACGCAGCTGTCCG-1_5_1"
"488","GTGAGCCTCACTACTT-1_5_1"
"489","GTGAGTTGTGGCAGAT-1_5_1"
"490","GTGCACGTCGCCTAGG-1_5_1"
"491","GTGCGTGAGTCATACC-1_5_1"
"492","GTGCTGGGTTCGGTAT-1_5_1"
"493","GTGCTTCGTACAACGG-1_5_1"
"494","GTGCTTCGTGACTCTA-1_5_1"
"495","GTGGAGAGTTATTCCT-1_5_1"
"496","GTGGCGTTCATTGTGG-1_5_1"
"497","GTGGGAATCGCTGCGA-1_5_1"
"498","GTGTGGCTCCATTGGA-1_5_1"
"499","GTGTTAGAGACTGAGC-1_5_1"
"500","GTGTTAGAGCATCAAA-1_5_1"
"501","GTGTTCCCAGAAGCTG-1_5_1"
"502","GTTACAGAGATGGCAC-1_5_1"
"503","GTTACGATCTGTCTCG-1_5_1"
"504","GTTATGGCACGGATCC-1_5_1"
"505","GTTATGGGTAACGGTG-1_5_1"
"506","GTTCATTAGGCGAAGG-1_5_1"
"507","GTTCCGTCAATCTCGA-1_5_1"
"508","GTTCTATAGAGCAGAA-1_5_1"
"509","GTTGAACCACCAGGTC-1_5_1"
"510","GTTGCGGAGATACAGT-1_5_1"
"511","GTTGTAGGTGACATCT-1_5_1"
"512","GTTGTCCTCAGTCCGG-1_5_1"
"513","GTTGTGAGTCAGCGTC-1_5_1"
"514","GTTTACTCAGAGTGTG-1_5_1"
"515","GTTTACTGTGAATATG-1_5_1"
"516","GTTTACTGTTGTATGC-1_5_1"
"517","TAACACGTCCTCGCAT-1_5_1"
"518","TAAGCCAGTCACCGAC-1_5_1"
"519","TAAGCCAGTCGCAGTC-1_5_1"
"520","TAAGCCAGTTTCCAAG-1_5_1"
"521","TACAACGCACTATCGA-1_5_1"
"522","TACATTCTCAAGCCAT-1_5_1"
"523","TACCCGTTCCTGCTAC-1_5_1"
"524","TACCGGGAGAATTGCA-1_5_1"
"525","TACCGGGCAACGAGGT-1_5_1"
"526","TACCGGGGTCGACTTA-1_5_1"
"527","TACCTGCAGCATCGAG-1_5_1"
"528","TACCTGCTCCAACTAG-1_5_1"
"529","TACGCTCCATCTTAGG-1_5_1"
"530","TACTGCCGTTGATGTC-1_5_1"
"531","TACTTACTCCACGTAA-1_5_1"
"532","TACTTACTCTTCCACG-1_5_1"
"533","TACTTCACAGCTGTCG-1_5_1"
"534","TACTTCAGTGTACGCC-1_5_1"
"535","TAGACCAAGGGATCTG-1_5_1"
"536","TAGAGTCTCCTTCGAC-1_5_1"
"537","TAGCACAAGAGAAGGT-1_5_1"
"538","TAGGGTTCATAGAGGC-1_5_1"
"539","TAGTGCAAGAACCCGA-1_5_1"
"540","TATACCTCATACTGAC-1_5_1"
"541","TATACCTGTAGGTACG-1_5_1"
"542","TATACCTGTTAGGAGC-1_5_1"
"543","TATATCCAGTCTGTAC-1_5_1"
"544","TATCAGGCAGATGCGA-1_5_1"
"545","TATCCTATCACAACCA-1_5_1"
"546","TATCGCCAGTTTCGAC-1_5_1"
"547","TATCGCCGTTGTCAGT-1_5_1"
"548","TATCGCCTCCGCGAGT-1_5_1"
"549","TATCTGTAGTACTGGG-1_5_1"
"550","TATCTGTTCTAGAGCT-1_5_1"
"551","TATCTTGTCATGGATC-1_5_1"
"552","TATGTTCTCGCTAAAC-1_5_1"
"553","TATTCCACAGCCTTCT-1_5_1"
"554","TATTTCGGTTTGGGTT-1_5_1"
"555","TCAAGACGTCTCACAA-1_5_1"
"556","TCAAGCAAGGGCAGAG-1_5_1"
"557","TCAAGCACAATTCGTG-1_5_1"
"558","TCAAGCATCGTTCCTG-1_5_1"
"559","TCAAGTGGTCGCTGCA-1_5_1"
"560","TCAAGTGTCAGCCCAG-1_5_1"
"561","TCAATCTAGACCATGG-1_5_1"
"562","TCACAAGAGCCGGAAT-1_5_1"
"563","TCACACCAGCCTGTCG-1_5_1"
"564","TCACATTCAGGTTTAC-1_5_1"
"565","TCACTCGGTTAATGAG-1_5_1"
"566","TCAGCAAGTGAATAAC-1_5_1"
"567","TCAGCCTAGACGCTCC-1_5_1"
"568","TCAGCCTTCGACCATA-1_5_1"
"569","TCAGTCCAGATGAACT-1_5_1"
"570","TCAGTTTGTGCAGTGA-1_5_1"
"571","TCAGTTTTCGTGGCGT-1_5_1"
"572","TCATATCGTTCTCCTG-1_5_1"
"573","TCATCATGTGTAAACA-1_5_1"
"574","TCATCATTCACTTGTT-1_5_1"
"575","TCATGCCCAGCACACC-1_5_1"
"576","TCATGCCTCCCTTGGT-1_5_1"
"577","TCATGTTGTCCGAAAG-1_5_1"
"578","TCATTCACACCTTCGT-1_5_1"
"579","TCATTGTAGGCATCGA-1_5_1"
"580","TCCATCGAGGTTCCGC-1_5_1"
"581","TCCCAGTCAATGGCCC-1_5_1"
"582","TCCGGGAGTCAGGTGA-1_5_1"
"583","TCCTAATGTGACTCTA-1_5_1"
"584","TCCTAATTCCTGTACC-1_5_1"
"585","TCCTCCCCAAATCCCA-1_5_1"
"586","TCCTCCCCACTACCGG-1_5_1"
"587","TCCTCGAAGGCCTAGA-1_5_1"
"588","TCCTCTTGTCCGAAAG-1_5_1"
"589","TCCTGCAAGATTAGCA-1_5_1"
"590","TCCTTTCTCCTGCCAT-1_5_1"
"591","TCGACCTAGGATATAC-1_5_1"
"592","TCGACGGTCGACGTCG-1_5_1"
"593","TCGATTTCACTATCGA-1_5_1"
"594","TCGCTCACATCGGAGA-1_5_1"
"595","TCGCTCATCAGTGATC-1_5_1"
"596","TCGGATAAGGGCAAGG-1_5_1"
"597","TCGGATACAATGGCAG-1_5_1"
"598","TCGGGTGAGCCTCATA-1_5_1"
"599","TCGGGTGCACAGGATG-1_5_1"
"600","TCGGTCTAGCTAAATG-1_5_1"
"601","TCGTGCTCATAGATCC-1_5_1"
"602","TCGTGGGCACTGGATT-1_5_1"
"603","TCTAACTAGTTTGTCG-1_5_1"
"604","TCTATACGTGACCTGC-1_5_1"
"605","TCTATCAAGCTCTGTA-1_5_1"
"606","TCTCCGAGTGGTCCGT-1_5_1"
"607","TCTGCCATCTTCCGTG-1_5_1"
"608","TCTGGCTGTGGTACAG-1_5_1"
"609","TCTGGCTTCTGTACAG-1_5_1"
"610","TGAATCGAGGTAGTAT-1_5_1"
"611","TGACAGTAGGTATCTC-1_5_1"
"612","TGACCCTTCTACGCAA-1_5_1"
"613","TGACGCGAGGCTAGCA-1_5_1"
"614","TGACTCCTCTGCGTCT-1_5_1"
"615","TGAGACTAGTAAGGGA-1_5_1"
"616","TGAGACTGTAGAGCTG-1_5_1"
"617","TGAGCATGTTGGGAAC-1_5_1"
"618","TGAGCGCCATCACGGC-1_5_1"
"619","TGAGGAGCAGAGGACT-1_5_1"
"620","TGAGGAGTCTGAATCG-1_5_1"
"621","TGAGGTTGTGGAGGTT-1_5_1"
"622","TGATCAGAGAGGACTC-1_5_1"
"623","TGATCAGGTTCTGAGT-1_5_1"
"624","TGATCTTTCCGGCAGT-1_5_1"
"625","TGATGGTCAATTGTGC-1_5_1"
"626","TGATGGTGTCAACATC-1_5_1"
"627","TGATTCTGTGCTCCGA-1_5_1"
"628","TGCAGGCCACTTGAGT-1_5_1"
"629","TGCATCCGTCCAAAGG-1_5_1"
"630","TGCATCCTCTTACCGC-1_5_1"
"631","TGCTCCAAGAATCTAG-1_5_1"
"632","TGCTCCAGTTGCCGAC-1_5_1"
"633","TGCTTCGTCATTCATC-1_5_1"
"634","TGCTTCGTCTCCCAAC-1_5_1"
"635","TGCTTGCTCACTGTTT-1_5_1"
"636","TGCTTGCTCCTACGAA-1_5_1"
"637","TGGAGAGAGGTTATAG-1_5_1"
"638","TGGAGGACACCAGTTA-1_5_1"
"639","TGGATCAAGGCGCTCT-1_5_1"
"640","TGGATGTCACGACTAT-1_5_1"
"641","TGGGAAGAGGGCGAAG-1_5_1"
"642","TGGGAAGGTACAAAGT-1_5_1"
"643","TGGGATTGTACGATTC-1_5_1"
"644","TGGGATTTCGGTTAGT-1_5_1"
"645","TGGGCGTCACACGTGC-1_5_1"
"646","TGGGCGTGTGCCCACA-1_5_1"
"647","TGGGCGTTCAGGAAGC-1_5_1"
"648","TGGGCTGGTCGTTTCC-1_5_1"
"649","TGGGTTACATAGTCGT-1_5_1"
"650","TGGTAGTGTACGGGAT-1_5_1"
"651","TGGTGATGTTGGAGAC-1_5_1"
"652","TGGTGATTCAGGAGAC-1_5_1"
"653","TGTAAGCTCACGTAGT-1_5_1"
"654","TGTACAGCAACGTTAC-1_5_1"
"655","TGTACAGGTATCGCTA-1_5_1"
"656","TGTACAGGTGGCGTAA-1_5_1"
"657","TGTCAGAGTTGATCGT-1_5_1"
"658","TGTCCACAGTTGCGAG-1_5_1"
"659","TGTCCCAAGCCGATCC-1_5_1"
"660","TGTGAGTGTCCGGATC-1_5_1"
"661","TGTGATGAGGTGGCTA-1_5_1"
"662","TGTGTGAAGCATTTCG-1_5_1"
"663","TGTGTGAAGCTGACTT-1_5_1"
"664","TGTTACTGTCGACGCT-1_5_1"
"665","TGTTCCGCACCAGCTG-1_5_1"
"666","TGTTCCGGTCCCGGTA-1_5_1"
"667","TGTTCTAAGTTTGAGA-1_5_1"
"668","TGTTGGAGTAAGGAGA-1_5_1"
"669","TTAATCCTCCCGTTCA-1_5_1"
"670","TTAATCCTCTCATGCC-1_5_1"
"671","TTACCGCAGATGGCGT-1_5_1"
"672","TTACCGCCATAGGAGC-1_5_1"
"673","TTAGGCACATGACTAC-1_5_1"
"674","TTCAGGAGTGTTCATG-1_5_1"
"675","TTCATGTTCAAATGAG-1_5_1"
"676","TTCATTGGTGCTCGTG-1_5_1"
"677","TTCCGGTAGCAACCAG-1_5_1"
"678","TTCCGGTGTATGTCCA-1_5_1"
"679","TTCCGGTTCACATACG-1_5_1"
"680","TTCCGTGGTGGCTGCT-1_5_1"
"681","TTCCTAAAGGGCAATC-1_5_1"
"682","TTCCTCTGTGAATTAG-1_5_1"
"683","TTCGATTCAACCCTCT-1_5_1"
"684","TTCGGTCCATAGACTC-1_5_1"
"685","TTCTAGTAGAAGCGAA-1_5_1"
"686","TTGCGTCAGATCCCGC-1_5_1"
"687","TTGGATGAGGCTCAAG-1_5_1"
"688","TTGGATGCACTGAATC-1_5_1"
"689","TTGGATGGTTATAGAG-1_5_1"
"690","TTGGGTATCTTGCAAG-1_5_1"
"691","TTGGTTTTCACTCTTA-1_5_1"
"692","TTGTGTTGTGCTTATG-1_5_1"
"693","TTGTGTTTCAGCGCGT-1_5_1"
"694","TTGTTGTGTACTCGCG-1_5_1"
"695","TTTACCAAGGCTGAAC-1_5_1"
"696","TTTACCAGTACTAGCT-1_5_1"
"697","TTTACCAGTGCGTCGT-1_5_1"
"698","TTTACGTTCAATGTCG-1_5_1"
"699","TTTACTGGTACCGTGC-1_5_1"
"700","TTTACTGGTTAACCTG-1_5_1"
"701","TTTAGTCCACGACCTG-1_5_1"
"702","TTTATGCCAGACCATT-1_5_1"
"703","TTTCAGTTCAACGTGT-1_5_1"
"704","TTTCAGTTCACTGCTC-1_5_1"
"705","TTTCATGAGGCTAAAT-1_5_1"
"706","TTTCCTCCACATAGCT-1_5_1"
"707","TTTCGATCACTAGGCC-1_5_1"
"708","TTTGACTTCCCACAGG-1_5_1"
"709","TTTGATCCACACGGTC-1_5_1"
"710","TTTGATCGTACCGGCT-1_5_1"
"711","TTTGGAGCAACGCCCA-1_5_1"
"712","TTTGGAGTCCTTATGT-1_5_1"
"713","TTTGTTGTCTCGGTAA-1_5_1"
