"","x"
"1","AAAGGATTCACCACAA-1_3_2"
"2","AAAGGGCGTGACACAG-1_3_2"
"3","AAAGTGAGTCTGTGAT-1_3_2"
"4","AACTTCTAGCTTACGT-1_3_2"
"5","ACATCCCGTAGTCACT-1_3_2"
"6","ACCAAACTCTGACCCT-1_3_2"
"7","ACCAACAGTTTCCAAG-1_3_2"
"8","ACCATTTAGTATGCAA-1_3_2"
"9","ACCTGTCCAATACCCA-1_3_2"
"10","ACGATCAGTCTGTAGT-1_3_2"
"11","ACGTACAAGATGATTG-1_3_2"
"12","ACTGCAAAGCACACAG-1_3_2"
"13","ACTTAGGGTCAAGTTC-1_3_2"
"14","ACTTCGCTCGACTCCT-1_3_2"
"15","AGAAATGAGCGACTGA-1_3_2"
"16","AGATGAAAGGTCGCCT-1_3_2"
"17","AGCCAATCACAACCGC-1_3_2"
"18","AGCGTATTCGCAGTCG-1_3_2"
"19","AGCTCAAGTGTTCATG-1_3_2"
"20","AGGGTCCAGGAGCTGT-1_3_2"
"21","AGTGTTGCATACAGCT-1_3_2"
"22","ATAGAGATCTCCGAGG-1_3_2"
"23","ATCAGGTAGGGCAACT-1_3_2"
"24","ATCCATTAGAACTCCT-1_3_2"
"25","ATCGTCCTCGATCCAA-1_3_2"
"26","ATGGGAGCACGATAGG-1_3_2"
"27","ATTTCACGTGAGATAT-1_3_2"
"28","CAACCAAAGGCTCTCG-1_3_2"
"29","CAAGCTACAGCTCCTT-1_3_2"
"30","CACTGTCAGGTCCAGA-1_3_2"
"31","CAGATACGTTTGATCG-1_3_2"
"32","CATACAGTCTACGGGC-1_3_2"
"33","CATAGACGTCACCACG-1_3_2"
"34","CATCAAGCAAGACGGT-1_3_2"
"35","CATCCCATCCTGGGAC-1_3_2"
"36","CATCGTCAGCACCCAC-1_3_2"
"37","CCAATTTTCCTGTTAT-1_3_2"
"38","CCACAAAGTCCCGCAA-1_3_2"
"39","CCCGAAGGTGTCCCTT-1_3_2"
"40","CCCTAACAGGTATAGT-1_3_2"
"41","CCGGGTATCCGCTAGG-1_3_2"
"42","CGACAGCCATAGTCGT-1_3_2"
"43","CGAGAAGCAGTCAGAG-1_3_2"
"44","CGAGTTAAGTCGGCCT-1_3_2"
"45","CGATGCGAGCCGGAAT-1_3_2"
"46","CGTGTCTTCGAGATGG-1_3_2"
"47","CTCACTGGTAGGATAT-1_3_2"
"48","CTCCATGGTGGACCAA-1_3_2"
"49","CTCCCTCTCGAATCCA-1_3_2"
"50","CTGCGAGTCTACTATC-1_3_2"
"51","CTGTATTTCTGTCCCA-1_3_2"
"52","CTTACCGGTAGGACCA-1_3_2"
"53","CTTCCGACACTGTGAT-1_3_2"
"54","CTTCTAAAGTCGTTAC-1_3_2"
"55","GAAATGACAACTCGAT-1_3_2"
"56","GACCTTCCACCAGGTC-1_3_2"
"57","GATAGAACAATACGAA-1_3_2"
"58","GATCACAGTCAATGGG-1_3_2"
"59","GATCGTAAGAAGGGAT-1_3_2"
"60","GATGACTGTGAGCGAT-1_3_2"
"61","GATGTTGAGACTCTTG-1_3_2"
"62","GCCAGGTCATAGATGA-1_3_2"
"63","GCCAGGTGTGTTGAGG-1_3_2"
"64","GCCAGTGGTCTTCTAT-1_3_2"
"65","GGAATGGCACATTGTG-1_3_2"
"66","GGAGAACGTGGGATTG-1_3_2"
"67","GGCGTCAAGCTACAAA-1_3_2"
"68","GGCTTTCCACAGAAGC-1_3_2"
"69","GGGAGTACATTGTCGA-1_3_2"
"70","GGGCTCAAGCCTGGAA-1_3_2"
"71","GGGTTATCACAGTCCG-1_3_2"
"72","GGTTCTCTCCGATCTC-1_3_2"
"73","GTAATCGCACAATGTC-1_3_2"
"74","GTACAACAGATGAAGG-1_3_2"
"75","GTCCACTTCCTCTCTT-1_3_2"
"76","GTCGTAAGTATCACCA-1_3_2"
"77","GTCGTAATCAAGCCGC-1_3_2"
"78","GTCTCACGTCCTACAA-1_3_2"
"79","GTGGAGACAATGTCTG-1_3_2"
"80","GTGTAACTCAATGTCG-1_3_2"
"81","GTGTGGCGTAGGCAAC-1_3_2"
"82","GTGTGGCTCTGATTCT-1_3_2"
"83","TAACACGAGGTTGTTC-1_3_2"
"84","TAAGTCGGTCTAGGCC-1_3_2"
"85","TACAGGTCACAAACGG-1_3_2"
"86","TACCTCGTCAGCCTCT-1_3_2"
"87","TACTTACTCACCGCTT-1_3_2"
"88","TATCTGTAGGTTTGAA-1_3_2"
"89","TCACACCTCACCACAA-1_3_2"
"90","TCAGCAACAGAAATCA-1_3_2"
"91","TCATGAGAGAGCCGTA-1_3_2"
"92","TCATTCATCCCGATCT-1_3_2"
"93","TCCAGAACAATCGCGC-1_3_2"
"94","TCCCACAGTGAAGCTG-1_3_2"
"95","TCCGATCCAATTCGTG-1_3_2"
"96","TCGCTTGTCATGAGAA-1_3_2"
"97","TCTCTGGAGAGTGAAG-1_3_2"
"98","TCTGCCAAGAGGGTAA-1_3_2"
"99","TCTTAGTTCACAGAGG-1_3_2"
"100","TGACAGTGTGTATCCA-1_3_2"
"101","TGACAGTTCAGAGTTC-1_3_2"
"102","TGATTCTGTTAGAGAT-1_3_2"
"103","TGCAGATCAAGTTTGC-1_3_2"
"104","TGCAGGCGTCGATTCA-1_3_2"
"105","TGCTTGCCAACAGATA-1_3_2"
"106","TGGCGTGTCTGTAACG-1_3_2"
"107","TGGTAGTAGAGGCCAT-1_3_2"
"108","TGTAAGCCAGCGTGCT-1_3_2"
"109","TGTGTGACACGGAAGT-1_3_2"
"110","TTAATCCCATTCGGGC-1_3_2"
"111","TTACCGCGTAGCCCTG-1_3_2"
"112","TTACGTTAGTCAGCCC-1_3_2"
"113","TTCAGGAGTCCGTACG-1_3_2"
"114","TTCCTCTTCCGATGCG-1_3_2"
"115","TTCCTCTTCTGAGGTT-1_3_2"
"116","TTCTAGTAGCGCCTCA-1_3_2"
"117","TTCTCTCAGTCTGGAG-1_3_2"
"118","TTGAGTGGTGCTGCAC-1_3_2"
"119","TTGGGTAAGCGACTTT-1_3_2"
"120","TTTACTGTCGGAATTC-1_3_2"
"121","TTTGGAGCACGACCTG-1_3_2"
