"","x"
"1","AAACGAAGTGCCCGTA-1_6_1"
"2","AAAGGTAGTGATACAA-1_6_1"
"3","AACAGGGTCAGGACGA-1_6_1"
"4","AAGCCATGTGCACAAG-1_6_1"
"5","AAGTCGTGTGAACCGA-1_6_1"
"6","AATCGTGTCAGTGTGT-1_6_1"
"7","AATGAAGCAGACGCTC-1_6_1"
"8","AATGGAAGTGAGGATC-1_6_1"
"9","AATGGAATCCCTCTCC-1_6_1"
"10","ACACCAAGTGAACCGA-1_6_1"
"11","ACACCAAGTTAGGGAC-1_6_1"
"12","ACAGGGAAGTACAGAT-1_6_1"
"13","ACATCGACAGCCGTTG-1_6_1"
"14","ACCAAACAGCTCACTA-1_6_1"
"15","ACCGTTCCACTTCCTG-1_6_1"
"16","ACCTACCAGCTGGCTC-1_6_1"
"17","ACGATGTTCGACATTG-1_6_1"
"18","ACGCACGGTCACCGAC-1_6_1"
"19","ACGGAAGGTCATAACC-1_6_1"
"20","ACGGGTCTCTCTGACC-1_6_1"
"21","ACGGTCGCACTTGACA-1_6_1"
"22","ACGGTCGTCCGATAGT-1_6_1"
"23","ACGTAACAGGCTTTCA-1_6_1"
"24","ACGTTCCCATAGTCGT-1_6_1"
"25","ACTATCTGTCTTCCGT-1_6_1"
"26","ACTATTCTCTGAATGC-1_6_1"
"27","ACTCTCGTCAGAGCGA-1_6_1"
"28","ACTGTGACAGACAAAT-1_6_1"
"29","ACTTATCGTTAGGGTG-1_6_1"
"30","ACTTCCGTCTGGTGCG-1_6_1"
"31","ACTTTCAGTTATCTTC-1_6_1"
"32","AGACACTAGACTTGTC-1_6_1"
"33","AGACACTTCACGATCA-1_6_1"
"34","AGACCATTCTCCGATC-1_6_1"
"35","AGATCCATCTGTCTCG-1_6_1"
"36","AGCATCACATCTAACG-1_6_1"
"37","AGCCACGGTCGCAGTC-1_6_1"
"38","AGCCAGCGTTAAGCAA-1_6_1"
"39","AGGAAATAGACCTTTG-1_6_1"
"40","AGGACGAAGACATCAA-1_6_1"
"41","AGGACTTTCGCCAACG-1_6_1"
"42","AGGATCTAGAGCTGCA-1_6_1"
"43","AGGCCACGTCTTTCAT-1_6_1"
"44","AGGCTGCCAAACGAGC-1_6_1"
"45","AGGGCCTAGCGAACTG-1_6_1"
"46","AGGTCTATCTTAGCTT-1_6_1"
"47","AGTCAACCAATCTCTT-1_6_1"
"48","ATAGAGAAGGTCACAG-1_6_1"
"49","ATATCCTCAAGAATGT-1_6_1"
"50","ATCACTTTCGCAGAGA-1_6_1"
"51","ATCATTCTCGCCGTGA-1_6_1"
"52","ATCCATTTCTCCGATC-1_6_1"
"53","ATCCTATAGATGAACT-1_6_1"
"54","ATCGCCTGTCCGAAAG-1_6_1"
"55","ATCTCTACAACTGGTT-1_6_1"
"56","ATGATCGTCCACTAGA-1_6_1"
"57","ATGCCTCGTACAGAGC-1_6_1"
"58","ATGCGATAGCGTGAAC-1_6_1"
"59","ATGTCTTGTAGCTGTT-1_6_1"
"60","ATTATCCAGCTATCCA-1_6_1"
"61","ATTCACTCATCTGCGG-1_6_1"
"62","ATTCCATTCCGAGTGC-1_6_1"
"63","ATTCGTTTCTCTCGCA-1_6_1"
"64","ATTTACCAGGATGCGT-1_6_1"
"65","CAACAGTAGTGGAAGA-1_6_1"
"66","CAACCTCGTTAAAGTG-1_6_1"
"67","CAACGATGTGAGAGGG-1_6_1"
"68","CAACGGCTCGAATCCA-1_6_1"
"69","CAAGACTCACAGAGAC-1_6_1"
"70","CAAGAGGAGAAGTCAT-1_6_1"
"71","CAAGGGATCTCTGAGA-1_6_1"
"72","CAATACGTCATCACTT-1_6_1"
"73","CACAACATCCGTAGTA-1_6_1"
"74","CACCGTTTCCACGTCT-1_6_1"
"75","CACGGGTGTCGCACAC-1_6_1"
"76","CACGTGGAGCATGCAG-1_6_1"
"77","CACTAAGAGAGTAACT-1_6_1"
"78","CAGATTGTCGAAACAA-1_6_1"
"79","CAGCAGCCAGGTGTTT-1_6_1"
"80","CAGCCAGTCGTTACCC-1_6_1"
"81","CAGTTAGCAGAGAGGG-1_6_1"
"82","CAGTTCCTCTTACCAT-1_6_1"
"83","CATAGACTCCGAGGCT-1_6_1"
"84","CATCCGTAGATGCCGA-1_6_1"
"85","CATCGTCAGGAACGCT-1_6_1"
"86","CATGGATCATGGGAAC-1_6_1"
"87","CATTCTAAGTGAACAT-1_6_1"
"88","CATTGCCGTACTAAGA-1_6_1"
"89","CATTGTTCAAACGTGG-1_6_1"
"90","CCCGAAGTCCGCGATG-1_6_1"
"91","CCGCAAGCAACAGCCC-1_6_1"
"92","CCGGGTACAGCACGAA-1_6_1"
"93","CCTACGTAGCATCCTA-1_6_1"
"94","CCTCCAAGTACCCACG-1_6_1"
"95","CCTCCTCCAGACACCC-1_6_1"
"96","CCTCTAGAGTGCACTT-1_6_1"
"97","CCTGTTGTCCATAGAC-1_6_1"
"98","CCTTTGGCAGTAGAAT-1_6_1"
"99","CGAAGTTAGCCTCGTG-1_6_1"
"100","CGACAGCCAGTGGTGA-1_6_1"
"101","CGACAGCTCCATAGAC-1_6_1"
"102","CGCCATTCACCCTATC-1_6_1"
"103","CGCGTGATCATTGTGG-1_6_1"
"104","CGGAACCGTGCTTATG-1_6_1"
"105","CGGCAGTAGTTGCCCG-1_6_1"
"106","CGGGTGTAGAGCCCAA-1_6_1"
"107","CGTCAAACAATTTCTC-1_6_1"
"108","CGTGAATTCACCTCAC-1_6_1"
"109","CGTTAGAGTAATACCC-1_6_1"
"110","CGTTGGGCATTGTACG-1_6_1"
"111","CTACAGATCGCACTCT-1_6_1"
"112","CTACTATAGGCATCGA-1_6_1"
"113","CTACTATCACAGCTGC-1_6_1"
"114","CTAGGTACAATATCCG-1_6_1"
"115","CTAGGTAGTACGCGTC-1_6_1"
"116","CTATAGGTCATTTCGT-1_6_1"
"117","CTCAATTTCGCTGACG-1_6_1"
"118","CTCACTGGTGCTTCAA-1_6_1"
"119","CTCAGTCCATTGGGAG-1_6_1"
"120","CTCATCGCAGCACAAG-1_6_1"
"121","CTCCCTCCACCAGCGT-1_6_1"
"122","CTCCTCCCAAGACCTT-1_6_1"
"123","CTCTCAGGTTGAGGAC-1_6_1"
"124","CTGAATGAGTTTGAGA-1_6_1"
"125","CTGCCTAGTGTGTACT-1_6_1"
"126","CTGTATTCACTTGAGT-1_6_1"
"127","CTTCCTTAGTCTGTAC-1_6_1"
"128","CTTCCTTGTATAGGGC-1_6_1"
"129","CTTCTAAAGAGCTTTC-1_6_1"
"130","CTTCTCTAGGCATTTC-1_6_1"
"131","CTTCTCTAGGTTGGAC-1_6_1"
"132","CTTTCAATCGCTGTTC-1_6_1"
"133","CTTTCAATCGTAACAC-1_6_1"
"134","GAACGTTTCGGCTTCT-1_6_1"
"135","GAAGAATTCCGTACGG-1_6_1"
"136","GAAGGACGTCCAACGC-1_6_1"
"137","GAATAGAAGGGCCTCT-1_6_1"
"138","GAATCACAGGACTATA-1_6_1"
"139","GAATCACGTGGTATGG-1_6_1"
"140","GACATCAGTCGCTGCA-1_6_1"
"141","GACCAATTCATCCCGT-1_6_1"
"142","GACTGATTCGATTTCT-1_6_1"
"143","GACTTCCTCGACACCG-1_6_1"
"144","GAGAGGTTCGTAACTG-1_6_1"
"145","GAGATGGCACGAGGAT-1_6_1"
"146","GAGGCAACACGCTGTG-1_6_1"
"147","GAGGGTAGTACAGCGA-1_6_1"
"148","GAGTGAGGTATCGTAC-1_6_1"
"149","GATCACAGTGGACCAA-1_6_1"
"150","GATTTCTAGGCTGGAT-1_6_1"
"151","GCACGTGTCGACCAAT-1_6_1"
"152","GCAGGCTAGATCCCAT-1_6_1"
"153","GCAGGCTGTTCAAGGG-1_6_1"
"154","GCCAGGTCAACGATCT-1_6_1"
"155","GCGTTTCGTGTCATGT-1_6_1"
"156","GCTGAATGTCCAGCAC-1_6_1"
"157","GCTTCACAGCTGTCCG-1_6_1"
"158","GCTTGGGCACTTCATT-1_6_1"
"159","GGAACCCCACGTATAC-1_6_1"
"160","GGAGAACAGCGACCCT-1_6_1"
"161","GGAGCAAAGTAGGCCA-1_6_1"
"162","GGCTTTCCAATCTCGA-1_6_1"
"163","GGGAGTACAATCTAGC-1_6_1"
"164","GGGCCATAGCCGGATA-1_6_1"
"165","GGTCACGAGGGTATAT-1_6_1"
"166","GTAACCAAGGTTCCGC-1_6_1"
"167","GTAATGCGTGTCCGTG-1_6_1"
"168","GTCATGAAGAACTCCT-1_6_1"
"169","GTCATGAGTCACAATC-1_6_1"
"170","GTCATTTAGAAACACT-1_6_1"
"171","GTCGCGATCATTTCCA-1_6_1"
"172","GTCGCGATCCGCTTAC-1_6_1"
"173","GTCTGTCAGGTTCCAT-1_6_1"
"174","GTCTTTATCACAAGGG-1_6_1"
"175","GTGAGGAGTTCTTGCC-1_6_1"
"176","GTGGGAATCCAAGGGA-1_6_1"
"177","GTGTTAGTCATCGCCT-1_6_1"
"178","GTGTTCCGTCTAACGT-1_6_1"
"179","GTTACAGGTCTGTGCG-1_6_1"
"180","GTTAGTGGTCATAACC-1_6_1"
"181","GTTCGCTTCAGTCTTT-1_6_1"
"182","GTTTACTCAGATTAAG-1_6_1"
"183","TAACCAGCATGGCCAC-1_6_1"
"184","TAACCAGTCTCTGCCA-1_6_1"
"185","TAAGTCGTCCCAACTC-1_6_1"
"186","TACAACGGTGCCCACA-1_6_1"
"187","TACACCCCATCGGATT-1_6_1"
"188","TACATTCCAGGGAATC-1_6_1"
"189","TACGCTCGTGTCCCTT-1_6_1"
"190","TACGGTACACGCTATA-1_6_1"
"191","TACGTCCGTCATCGCG-1_6_1"
"192","TACTGCCAGCCATGCC-1_6_1"
"193","TACTGCCGTGTGAATA-1_6_1"
"194","TAGATCGGTTTCCAAG-1_6_1"
"195","TAGGAGGGTAAGTCAA-1_6_1"
"196","TATCAGGCACACTGGC-1_6_1"
"197","TATCGCCTCCGTATGA-1_6_1"
"198","TATTGCTTCCTTACCG-1_6_1"
"199","TCAAGACCAAGTGGGT-1_6_1"
"200","TCAAGACCAGATCCAT-1_6_1"
"201","TCAAGACTCCTCTAAT-1_6_1"
"202","TCAAGCAGTGGCTTGC-1_6_1"
"203","TCAATCTAGCTACTAC-1_6_1"
"204","TCAGCAAGTCAAAGCG-1_6_1"
"205","TCAGGGCAGCAGCCCT-1_6_1"
"206","TCAGGTAAGCACGATG-1_6_1"
"207","TCATATCTCCCTCGTA-1_6_1"
"208","TCATCATTCGACGCGT-1_6_1"
"209","TCCATGCCAAATCAGA-1_6_1"
"210","TCCCATGAGGGCAACT-1_6_1"
"211","TCCTCTTTCTTCACGC-1_6_1"
"212","TCGACCTAGCAAGTCG-1_6_1"
"213","TCGCAGGTCATCCTAT-1_6_1"
"214","TCGGGACGTCCCTCAT-1_6_1"
"215","TCGGGCAAGTAATTGG-1_6_1"
"216","TCGGGCAGTTATCCAG-1_6_1"
"217","TCGTGCTGTCTGATAC-1_6_1"
"218","TCTACATAGGCGAAGG-1_6_1"
"219","TCTACCGAGCAAGTCG-1_6_1"
"220","TGACAGTAGTTACTCG-1_6_1"
"221","TGACCCTAGTTGTCAC-1_6_1"
"222","TGATTCTAGTTCCTGA-1_6_1"
"223","TGCACGGCAGTGACCC-1_6_1"
"224","TGCACGGGTAAGCGGT-1_6_1"
"225","TGCAGATGTTGCGTAT-1_6_1"
"226","TGCAGGCGTAGCTTTG-1_6_1"
"227","TGCATCCAGTGCCTCG-1_6_1"
"228","TGCGACGGTTTACACG-1_6_1"
"229","TGCGATAAGAAAGTCT-1_6_1"
"230","TGCGATAAGATAGCTA-1_6_1"
"231","TGCGGCAGTCATTCCC-1_6_1"
"232","TGCTGAAAGATACGAT-1_6_1"
"233","TGGAACTAGGCTCAAG-1_6_1"
"234","TGGAGAGGTTAAACAG-1_6_1"
"235","TGGAGGAGTTCAATCG-1_6_1"
"236","TGGGAGAAGGGTGAGG-1_6_1"
"237","TGGGTTACACGGCCAT-1_6_1"
"238","TGTACAGCAAGAATAC-1_6_1"
"239","TGTCAGACAGACTCTA-1_6_1"
"240","TGTCCTGAGTTTGAGA-1_6_1"
"241","TGTGAGTAGGAGTATT-1_6_1"
"242","TGTGCGGGTTCCGCTT-1_6_1"
"243","TGTTCATCAAATTGCC-1_6_1"
"244","TTAGGGTAGTTGCTGT-1_6_1"
"245","TTCCTAATCTTAATCC-1_6_1"
"246","TTCCTCTTCTGAGATC-1_6_1"
"247","TTCGCTGCAAAGCTAA-1_6_1"
"248","TTCTAACGTTTAGTCG-1_6_1"
"249","TTGCATTCAAATCAGA-1_6_1"
"250","TTGCGTCCATGTTTGG-1_6_1"
"251","TTGGTTTTCCGTATAG-1_6_1"
"252","TTGTGGAAGGGTACAC-1_6_1"
"253","TTGTTCACACATAACC-1_6_1"
"254","TTTAGTCTCAGTAGGG-1_6_1"
"255","TTTCCTCTCAATCTTC-1_6_1"
