"","x"
"1","AAACGAACAAGCGCAA-1_3_1"
"2","AAAGAACCAGGGAATC-1_3_1"
"3","AAAGGATAGCGAACTG-1_3_1"
"4","AAAGGATCAGACAATA-1_3_1"
"5","AAAGGGCCAGTCTTCC-1_3_1"
"6","AAAGGTAAGTCTGGAG-1_3_1"
"7","AAAGTGAGTACCCACG-1_3_1"
"8","AACAAAGGTTGGCTAT-1_3_1"
"9","AACAACCAGTTGTAGA-1_3_1"
"10","AACAAGATCAGCATTG-1_3_1"
"11","AACACACCAACGATTC-1_3_1"
"12","AACACACCAATACAGA-1_3_1"
"13","AACAGGGGTGTCTTCC-1_3_1"
"14","AACAGGGTCTCATGGA-1_3_1"
"15","AACCATGGTACGATCT-1_3_1"
"16","AACCTGATCTTACGTT-1_3_1"
"17","AACCTTTCACACTGGC-1_3_1"
"18","AACGAAACACTGCTTC-1_3_1"
"19","AAGAACAAGAGTGGCT-1_3_1"
"20","AAGAACATCTTCTAAC-1_3_1"
"21","AAGACAACACTCCCTA-1_3_1"
"22","AAGACTCGTACTAACC-1_3_1"
"23","AAGCATCAGGGTAATT-1_3_1"
"24","AAGCGAGCAACACGTT-1_3_1"
"25","AAGCGAGGTGGTAATA-1_3_1"
"26","AAGCGTTAGCATCAAA-1_3_1"
"27","AAGGAATCAGGTTACT-1_3_1"
"28","AAGGAATGTTGGAGAC-1_3_1"
"29","AAGGAATTCATTTGCT-1_3_1"
"30","AAGTACCAGGGTTAGC-1_3_1"
"31","AAGTCGTTCCTGTAGA-1_3_1"
"32","AAGTGAAAGCCAGACA-1_3_1"
"33","AAGTTCGAGCCACCGT-1_3_1"
"34","AATAGAGCATCAGCGC-1_3_1"
"35","AATCGTGTCACGGACC-1_3_1"
"36","AATGAAGCATGGGAAC-1_3_1"
"37","AATGAAGTCTGCGTCT-1_3_1"
"38","AATGACCTCTTCTCAA-1_3_1"
"39","AATGCCAAGATGCCGA-1_3_1"
"40","AATTTCCCATCTTAGG-1_3_1"
"41","AATTTCCGTCCTGGGT-1_3_1"
"42","ACAACCAAGGATTACA-1_3_1"
"43","ACAAGCTTCACCCATC-1_3_1"
"44","ACACGCGTCTCGAGTA-1_3_1"
"45","ACACTGACATCGGAAG-1_3_1"
"46","ACACTGAGTGAACGGT-1_3_1"
"47","ACATCGAAGTTCCAGT-1_3_1"
"48","ACATTTCAGCGTCTCG-1_3_1"
"49","ACATTTCCACTCAGAT-1_3_1"
"50","ACCAAACAGACCACGA-1_3_1"
"51","ACCAAACTCCGATCGG-1_3_1"
"52","ACCAACACAGGCGAAT-1_3_1"
"53","ACCATTTAGGCGATAC-1_3_1"
"54","ACCATTTAGTTAGAAC-1_3_1"
"55","ACCCAAACACTGCGTG-1_3_1"
"56","ACGATCACAAGTTGGG-1_3_1"
"57","ACGATCAGTAGCGAGT-1_3_1"
"58","ACGGTTAAGATACCAA-1_3_1"
"59","ACGGTTAAGGATTACA-1_3_1"
"60","ACGGTTAGTTAGGCCC-1_3_1"
"61","ACGTAACCATAACCCA-1_3_1"
"62","ACGTAACGTGTCCCTT-1_3_1"
"63","ACGTACAAGACGTCCC-1_3_1"
"64","ACGTAGTCAATCGCGC-1_3_1"
"65","ACGTAGTTCAAGTAAG-1_3_1"
"66","ACTACGATCGACCAAT-1_3_1"
"67","ACTATCTGTAGAATAC-1_3_1"
"68","ACTATGGAGAGGCGGA-1_3_1"
"69","ACTATGGAGCTTCTAG-1_3_1"
"70","ACTATTCGTTCACCGG-1_3_1"
"71","ACTGTCCTCCACTTTA-1_3_1"
"72","ACTTATCGTGGCTTGC-1_3_1"
"73","ACTTCCGGTTTGGGAG-1_3_1"
"74","ACTTCCGTCCTACGGG-1_3_1"
"75","ACTTTCACAGGTAGTG-1_3_1"
"76","ACTTTCAGTATCGCGC-1_3_1"
"77","AGACACTAGGGAGGGT-1_3_1"
"78","AGACACTTCAGTAGGG-1_3_1"
"79","AGACACTTCGATACGT-1_3_1"
"80","AGACAGGGTGGATCGA-1_3_1"
"81","AGACCATCACCTCGTT-1_3_1"
"82","AGACCATGTTGGGAAC-1_3_1"
"83","AGACCCGTCACGGGCT-1_3_1"
"84","AGAGAGCCACGTCTCT-1_3_1"
"85","AGAGCAGTCCATCCGT-1_3_1"
"86","AGATAGATCTTGGTCC-1_3_1"
"87","AGATCGTAGAAGTCAT-1_3_1"
"88","AGATCGTGTCTGTGCG-1_3_1"
"89","AGATGAAAGTAAACTG-1_3_1"
"90","AGCATCAAGGGAGAAT-1_3_1"
"91","AGCCACGCACATAACC-1_3_1"
"92","AGCCACGTCCCATTTA-1_3_1"
"93","AGCCAGCGTCAGGTAG-1_3_1"
"94","AGCCAGCTCCTTCGAC-1_3_1"
"95","AGCCAGCTCGCAAGAG-1_3_1"
"96","AGCGCCATCTACTCAT-1_3_1"
"97","AGCGCTGTCAACCTTT-1_3_1"
"98","AGCGTCGAGGACGCAT-1_3_1"
"99","AGCGTCGCAAACGTGG-1_3_1"
"100","AGCTTCCGTCTCGACG-1_3_1"
"101","AGGACGAGTGACTGTT-1_3_1"
"102","AGGAGGTGTGATACAA-1_3_1"
"103","AGGATAAAGTAAGCAT-1_3_1"
"104","AGGCATTGTAGCGTCC-1_3_1"
"105","AGGCATTGTCCCGGTA-1_3_1"
"106","AGGCCACGTATTCCTT-1_3_1"
"107","AGGGAGTCAGCGTATT-1_3_1"
"108","AGGGAGTGTCCAGGTC-1_3_1"
"109","AGGGCTCAGCCGATTT-1_3_1"
"110","AGGGCTCCACGTACAT-1_3_1"
"111","AGGGCTCGTAGCACAG-1_3_1"
"112","AGGGCTCGTTCTAACG-1_3_1"
"113","AGGGTTTAGGGTATAT-1_3_1"
"114","AGGGTTTCATAGAGGC-1_3_1"
"115","AGGTCATGTTGTCATG-1_3_1"
"116","AGGTCTACAACACGAG-1_3_1"
"117","AGGTCTACACAGCTGC-1_3_1"
"118","AGGTCTACAGAAATTG-1_3_1"
"119","AGGTCTATCACCTGTC-1_3_1"
"120","AGTAACCAGAGGTATT-1_3_1"
"121","AGTAACCCAAACGAGC-1_3_1"
"122","AGTACCACAATCGCGC-1_3_1"
"123","AGTACCATCGGATAAA-1_3_1"
"124","AGTACTGAGGGTGAGG-1_3_1"
"125","AGTACTGTCATGAAAG-1_3_1"
"126","AGTAGCTTCGCCTCTA-1_3_1"
"127","AGTAGTCGTTTGGGTT-1_3_1"
"128","AGTAGTCTCACCTCAC-1_3_1"
"129","AGTCATGTCCTACCAC-1_3_1"
"130","AGTTCGAAGGCACTAG-1_3_1"
"131","AGTTCGAAGGTAGTCG-1_3_1"
"132","ATACCGAAGTTGTAGA-1_3_1"
"133","ATACTTCAGTCAATCC-1_3_1"
"134","ATACTTCCAAGGTTGG-1_3_1"
"135","ATACTTCTCCGCAGTG-1_3_1"
"136","ATCACGAGTACTAGCT-1_3_1"
"137","ATCAGGTTCAGCGCGT-1_3_1"
"138","ATCAGGTTCGCAGAGA-1_3_1"
"139","ATCATTCTCGACACTA-1_3_1"
"140","ATCCACCCACTTTAGG-1_3_1"
"141","ATCCCTGAGAGCAGCT-1_3_1"
"142","ATCCCTGGTGCCTTTC-1_3_1"
"143","ATCCCTGTCAACTACG-1_3_1"
"144","ATCCTATAGTTACGTC-1_3_1"
"145","ATCCTATCATGTGCTA-1_3_1"
"146","ATCCTATGTCTGTGGC-1_3_1"
"147","ATCGCCTAGACTCATC-1_3_1"
"148","ATCGGATAGTATGTAG-1_3_1"
"149","ATCGGCGAGCAGATAT-1_3_1"
"150","ATCGTAGGTATGGGAC-1_3_1"
"151","ATCGTCCCAGACCATT-1_3_1"
"152","ATCGTGAAGGTGAGAA-1_3_1"
"153","ATGACCATCGCCGAAC-1_3_1"
"154","ATGAGGGAGCGCTGAA-1_3_1"
"155","ATGAGTCGTCTGTCAA-1_3_1"
"156","ATGAGTCTCCATCGTC-1_3_1"
"157","ATGATCGCAAGTTTGC-1_3_1"
"158","ATGATCGGTGTCTTAG-1_3_1"
"159","ATGCCTCTCACAAGAA-1_3_1"
"160","ATGGAGGCAGTTGTCA-1_3_1"
"161","ATGGATCTCATTGCGA-1_3_1"
"162","ATGGGAGAGGTAGTCG-1_3_1"
"163","ATGTCCCAGAGCCGTA-1_3_1"
"164","ATGTCTTCAACGATCT-1_3_1"
"165","ATGTCTTTCCGTTTCG-1_3_1"
"166","ATGTCTTTCCTTTAGT-1_3_1"
"167","ATTACTCCAGAGGCTA-1_3_1"
"168","ATTATCCCAGAAGTGC-1_3_1"
"169","ATTCACTTCACCGGGT-1_3_1"
"170","ATTCAGGTCGGTTGTA-1_3_1"
"171","ATTCATCAGCTCCGAC-1_3_1"
"172","ATTCCATGTCGTGATT-1_3_1"
"173","ATTCCCGGTTGGTGTT-1_3_1"
"174","ATTCCCGTCGAATCCA-1_3_1"
"175","ATTCTTGAGAGCCGTA-1_3_1"
"176","ATTCTTGAGCTGGTGA-1_3_1"
"177","ATTCTTGCAGAAGCTG-1_3_1"
"178","ATTCTTGCAGGGAATC-1_3_1"
"179","ATTTACCGTCCCAAAT-1_3_1"
"180","CAAAGAAAGGTACCTT-1_3_1"
"181","CAAAGAACACGCGTGT-1_3_1"
"182","CAAAGAACAGATACCT-1_3_1"
"183","CAACAACGTTAACAGA-1_3_1"
"184","CAACCTCGTTCAAAGA-1_3_1"
"185","CAACCTCGTTGTGCCG-1_3_1"
"186","CAACGATAGGCGCTCT-1_3_1"
"187","CAACGATGTGCTGCAC-1_3_1"
"188","CAACGATTCCATATGG-1_3_1"
"189","CAAGACTCAAGTTCGT-1_3_1"
"190","CAAGAGGGTCGTTCAA-1_3_1"
"191","CAAGAGGGTGTAAACA-1_3_1"
"192","CAAGCTAGTAATCAGA-1_3_1"
"193","CAAGCTAGTTTGATCG-1_3_1"
"194","CAATGACAGAAGGGAT-1_3_1"
"195","CACACAAGTAAGCAAT-1_3_1"
"196","CACAGATCACGCTATA-1_3_1"
"197","CACATGAGTCTAGGTT-1_3_1"
"198","CACCAAAGTCAGGTAG-1_3_1"
"199","CACCAAATCGCGGACT-1_3_1"
"200","CACGAATTCACGAGGA-1_3_1"
"201","CACGTTCAGCTAGCCC-1_3_1"
"202","CACGTTCCATTGGCAT-1_3_1"
"203","CACTAAGGTACTCGCG-1_3_1"
"204","CAGAGCCGTACTGCGC-1_3_1"
"205","CAGATACAGGGCTTCC-1_3_1"
"206","CAGATTGGTCCAGCGT-1_3_1"
"207","CAGCACGAGGTATCTC-1_3_1"
"208","CAGCAGCCAGTTGCGC-1_3_1"
"209","CAGCAGCCATGCGTGC-1_3_1"
"210","CAGGCCAAGTAAACAC-1_3_1"
"211","CAGGTATCACGACAGA-1_3_1"
"212","CAGGTATCAGTGACCC-1_3_1"
"213","CAGTTAGTCCTCTAAT-1_3_1"
"214","CATAAGCAGCTCAGAG-1_3_1"
"215","CATACCCCATGTGTCA-1_3_1"
"216","CATAGACGTCCGAAAG-1_3_1"
"217","CATAGACGTTGTAAAG-1_3_1"
"218","CATCCACCAGCCTACG-1_3_1"
"219","CATCCCAAGGATGAGA-1_3_1"
"220","CATCCGTAGAGCCTGA-1_3_1"
"221","CATCCGTAGATCCCAT-1_3_1"
"222","CATCGCTCAAACTAGA-1_3_1"
"223","CATCGTCAGTAAACTG-1_3_1"
"224","CATCGTCGTGAAAGTT-1_3_1"
"225","CATCGTCTCTAACGCA-1_3_1"
"226","CATGAGTAGGCTCTCG-1_3_1"
"227","CATGCAAGTCTAGTGT-1_3_1"
"228","CATGCCTCATCAGTCA-1_3_1"
"229","CATGCGGGTCTGTGAT-1_3_1"
"230","CATGGTACATCCGTGG-1_3_1"
"231","CATGGTAGTAGCTGCC-1_3_1"
"232","CATTCTACATGTGCCG-1_3_1"
"233","CATTGAGTCGCCAGAC-1_3_1"
"234","CATTTCATCGAACGCC-1_3_1"
"235","CCAAGCGGTATTGGCT-1_3_1"
"236","CCAATGAGTGAACTAA-1_3_1"
"237","CCACCATAGCACCTGC-1_3_1"
"238","CCACGAGCACGGAAGT-1_3_1"
"239","CCACGAGGTTAGCGGA-1_3_1"
"240","CCACGTTGTTACAGCT-1_3_1"
"241","CCACTTGTCGGCCAAC-1_3_1"
"242","CCATAAGCACTTGGGC-1_3_1"
"243","CCATAAGGTTAGAAAC-1_3_1"
"244","CCATAAGTCCGCAAAT-1_3_1"
"245","CCATCACGTTAGAGTA-1_3_1"
"246","CCCAACTAGTGGCAGT-1_3_1"
"247","CCCAACTCACAGAGCA-1_3_1"
"248","CCCATTGAGGGCAGTT-1_3_1"
"249","CCCATTGCACCCGTAG-1_3_1"
"250","CCCATTGCAGCTTTGA-1_3_1"
"251","CCCGAAGCACTAGGTT-1_3_1"
"252","CCCGAAGTCTAGCATG-1_3_1"
"253","CCCGGAAAGCGTATAA-1_3_1"
"254","CCCGGAACACTGCGTG-1_3_1"
"255","CCCGGAATCATGCAGT-1_3_1"
"256","CCCTCTCAGAGTGGCT-1_3_1"
"257","CCCTCTCTCTTGTTAC-1_3_1"
"258","CCCTGATTCATTTCGT-1_3_1"
"259","CCCTTAGGTCAGGCAA-1_3_1"
"260","CCCTTAGGTCCGGATC-1_3_1"
"261","CCGAACGAGGCTGGAT-1_3_1"
"262","CCGATCTAGCTAATCC-1_3_1"
"263","CCGATCTCAGGCATGA-1_3_1"
"264","CCGATCTCATCTCGTC-1_3_1"
"265","CCGATGGTCTTGAACG-1_3_1"
"266","CCGGGTAAGGTCATCT-1_3_1"
"267","CCGTGAGTCCGGCAGT-1_3_1"
"268","CCGTTCAAGCAGGCTA-1_3_1"
"269","CCTAACCGTACGTGTT-1_3_1"
"270","CCTCAACGTTCAGCGC-1_3_1"
"271","CCTCACACACTAGGTT-1_3_1"
"272","CCTCAGTTCATGCAGT-1_3_1"
"273","CCTCATGAGTAGTGCG-1_3_1"
"274","CCTCATGCATGAAGCG-1_3_1"
"275","CCTCATGGTACTCGCG-1_3_1"
"276","CCTCTAGGTCGTTGCG-1_3_1"
"277","CCTCTCCAGTTTCGAC-1_3_1"
"278","CCTGCATCAACTGTGT-1_3_1"
"279","CCTGCATGTGTAAACA-1_3_1"
"280","CCTTCAGAGCATGATA-1_3_1"
"281","CCTTCAGAGTCTAACC-1_3_1"
"282","CCTTTGGAGTTGTAGA-1_3_1"
"283","CCTTTGGCACAACGAG-1_3_1"
"284","CCTTTGGCACAAGCCC-1_3_1"
"285","CCTTTGGCACATGACT-1_3_1"
"286","CCTTTGGTCCACTTCG-1_3_1"
"287","CCTTTGGTCCATTCAT-1_3_1"
"288","CGAAGGAAGCGACAGT-1_3_1"
"289","CGAAGGAGTCACGCTG-1_3_1"
"290","CGACAGCGTTAAGTCC-1_3_1"
"291","CGACAGCTCCTTGGAA-1_3_1"
"292","CGAGGAATCAGTGTGT-1_3_1"
"293","CGAGTTAGTTCAAACC-1_3_1"
"294","CGAGTTATCGGCACTG-1_3_1"
"295","CGATGGCGTGCCCTTT-1_3_1"
"296","CGATGGCGTTGTGCCG-1_3_1"
"297","CGCAGGTCAAGGGTCA-1_3_1"
"298","CGCAGGTTCCACCTCA-1_3_1"
"299","CGCATAAAGTTGCATC-1_3_1"
"300","CGCATAATCAGACCCG-1_3_1"
"301","CGCCATTGTGATAGAT-1_3_1"
"302","CGCGTGAGTTTCCATT-1_3_1"
"303","CGGAACCTCAGGAAGC-1_3_1"
"304","CGGAACCTCATAGGCT-1_3_1"
"305","CGGAACCTCCTTCTGG-1_3_1"
"306","CGGAGAAGTCAGACTT-1_3_1"
"307","CGGGACTAGAATCGAT-1_3_1"
"308","CGGGACTAGTCTCCTC-1_3_1"
"309","CGGGACTCAAGTTGGG-1_3_1"
"310","CGGGCATGTGCCGTTG-1_3_1"
"311","CGGTCAGAGTTGCATC-1_3_1"
"312","CGTAATGGTACTGCCG-1_3_1"
"313","CGTAATGGTAGCTCGC-1_3_1"
"314","CGTAGTACATACATCG-1_3_1"
"315","CGTCAAATCCGGGACT-1_3_1"
"316","CGTCCATTCATATGGC-1_3_1"
"317","CGTGAATGTGTATACC-1_3_1"
"318","CGTGATACAGGAATCG-1_3_1"
"319","CGTTCTGCAAGGCTTT-1_3_1"
"320","CGTTCTGTCAGGAAAT-1_3_1"
"321","CGTTCTGTCGGACCAC-1_3_1"
"322","CTAACTTTCGTAGGGA-1_3_1"
"323","CTAAGTGGTCCGGCAT-1_3_1"
"324","CTACATTAGAAACTCA-1_3_1"
"325","CTACATTAGTAGCCAG-1_3_1"
"326","CTACCTGAGTGTTGAA-1_3_1"
"327","CTACCTGCACCTGCTT-1_3_1"
"328","CTAGACACAGCGACAA-1_3_1"
"329","CTAGGTACATACCATG-1_3_1"
"330","CTAGGTAGTAGGGTAC-1_3_1"
"331","CTAGGTATCCTACTGC-1_3_1"
"332","CTATCCGTCGTCTACC-1_3_1"
"333","CTATCTAAGCATCCCG-1_3_1"
"334","CTATCTAAGTTGCATC-1_3_1"
"335","CTATCTACACACTTAG-1_3_1"
"336","CTCAACCTCGTAATGC-1_3_1"
"337","CTCAAGATCCATCTGC-1_3_1"
"338","CTCAGAAGTCTCGGAC-1_3_1"
"339","CTCAGTCAGGCCTAAG-1_3_1"
"340","CTCAGTCTCTGGACCG-1_3_1"
"341","CTCATCGCACAATGAA-1_3_1"
"342","CTCATGCAGGTTGTTC-1_3_1"
"343","CTCATGCTCCCAGGAC-1_3_1"
"344","CTCATTATCGTCAACA-1_3_1"
"345","CTCCACAAGAGGCGTT-1_3_1"
"346","CTCCACAAGTCTAACC-1_3_1"
"347","CTCGAGGAGTAGACAT-1_3_1"
"348","CTCGAGGAGTTGGGAC-1_3_1"
"349","CTCTCAGCAGAACCGA-1_3_1"
"350","CTCTGGTCACGTCGTG-1_3_1"
"351","CTCTGGTGTGGCTGAA-1_3_1"
"352","CTGAATGCAACTCCAA-1_3_1"
"353","CTGAATGTCAATGCAC-1_3_1"
"354","CTGAATGTCATGCCCT-1_3_1"
"355","CTGAGCGGTAAGATCA-1_3_1"
"356","CTGAGGCGTACAGAGC-1_3_1"
"357","CTGAGGCGTTGTAAAG-1_3_1"
"358","CTGCATCAGGTAGGCT-1_3_1"
"359","CTGCCATGTTATCTGG-1_3_1"
"360","CTGGACGAGAGAGGGC-1_3_1"
"361","CTGGCAGGTGTCTTAG-1_3_1"
"362","CTGTACCAGCGCAATG-1_3_1"
"363","CTGTACCAGGCCTTCG-1_3_1"
"364","CTGTAGACACCCTAGG-1_3_1"
"365","CTGTCGTGTTTCACTT-1_3_1"
"366","CTGTGAACACGCTTAA-1_3_1"
"367","CTTACCGGTCGTTGCG-1_3_1"
"368","CTTACCGGTGTGCTTA-1_3_1"
"369","CTTACCGGTGTTCGAT-1_3_1"
"370","CTTACCGTCGAGTACT-1_3_1"
"371","CTTAGGACATACCATG-1_3_1"
"372","CTTCAATAGCTGTCCG-1_3_1"
"373","CTTCAATAGTGGATTA-1_3_1"
"374","CTTCCGATCGTCCTTG-1_3_1"
"375","CTTCCTTAGGGATCTG-1_3_1"
"376","CTTCTCTAGTTACGTC-1_3_1"
"377","CTTCTCTGTGAATTGA-1_3_1"
"378","CTTCTCTGTGTATACC-1_3_1"
"379","CTTGAGAGTTCGGGTC-1_3_1"
"380","CTTGAGATCTGCAGCG-1_3_1"
"381","CTTTCAAGTTACACAC-1_3_1"
"382","CTTTCGGCAGTCAGTT-1_3_1"
"383","GAAACCTCAGCACGAA-1_3_1"
"384","GAAATGAAGTAGGATT-1_3_1"
"385","GAAATGACAAGCGCAA-1_3_1"
"386","GAACACTAGCACCTGC-1_3_1"
"387","GAACACTAGGACAGCT-1_3_1"
"388","GAACTGTGTGAGTTTC-1_3_1"
"389","GAAGAATGTTGGCCTG-1_3_1"
"390","GAAGGACAGACCATAA-1_3_1"
"391","GAAGTAATCTGGGTCG-1_3_1"
"392","GAATCGTCAACTGATC-1_3_1"
"393","GACACGCTCGTAGCTA-1_3_1"
"394","GACAGCCCAACCAATC-1_3_1"
"395","GACATCATCCGTGTCT-1_3_1"
"396","GACCAATAGAGTGACC-1_3_1"
"397","GACCCAGAGACTCGAG-1_3_1"
"398","GACCCAGAGGTCCTGC-1_3_1"
"399","GACCCAGGTAGGACTG-1_3_1"
"400","GACCTTCAGTGTACCT-1_3_1"
"401","GACCTTCCAAAGGCGT-1_3_1"
"402","GACGCTGAGCACACAG-1_3_1"
"403","GACGTTAGTTACCTTT-1_3_1"
"404","GACGTTAGTTGCAACT-1_3_1"
"405","GACTATGTCCTTGACC-1_3_1"
"406","GAGACTTAGATTGATG-1_3_1"
"407","GAGACTTCACCTTCGT-1_3_1"
"408","GAGATGGGTATTCCGA-1_3_1"
"409","GAGCCTGAGAAGGGAT-1_3_1"
"410","GAGCCTGGTTTGAACC-1_3_1"
"411","GAGCCTGTCTTTGCAT-1_3_1"
"412","GAGCTGCAGGGAGGTG-1_3_1"
"413","GAGGCCTAGGTGCCTC-1_3_1"
"414","GAGTCATAGGTAAACT-1_3_1"
"415","GAGTCATAGTCCGCCA-1_3_1"
"416","GAGTCATCAGCCTTCT-1_3_1"
"417","GAGTCATCATTGGATC-1_3_1"
"418","GAGTCTATCTACGGGC-1_3_1"
"419","GAGTGAGGTGCACGCT-1_3_1"
"420","GAGTGTTAGAAGTATC-1_3_1"
"421","GAGTGTTGTGTTTACG-1_3_1"
"422","GAGTTACCAGGGTCTC-1_3_1"
"423","GAGTTTGAGTAAATGC-1_3_1"
"424","GAGTTTGGTCTACACA-1_3_1"
"425","GATCCCTCAACATACC-1_3_1"
"426","GATCGTACAGTAGTGG-1_3_1"
"427","GATCGTAGTCGGTGTC-1_3_1"
"428","GATGACTAGACAGCGT-1_3_1"
"429","GATGACTAGCAGTCTT-1_3_1"
"430","GATGACTGTGCAGTGA-1_3_1"
"431","GATGACTTCCCATAAG-1_3_1"
"432","GATGATCCAATTGCAC-1_3_1"
"433","GATGCTACATCTAGAC-1_3_1"
"434","GATGGAGAGGGTAGCT-1_3_1"
"435","GATGGAGCAAGTATCC-1_3_1"
"436","GATTGGTTCAAAGGAT-1_3_1"
"437","GATTTCTCAGGTGACA-1_3_1"
"438","GATTTCTCAGTCGCAC-1_3_1"
"439","GATTTCTGTCCGATCG-1_3_1"
"440","GCAACATGTGTGATGG-1_3_1"
"441","GCAACCGGTAGTTACC-1_3_1"
"442","GCACATAGTGTTAACC-1_3_1"
"443","GCACATAGTTGGGTAG-1_3_1"
"444","GCACGGTAGACCTTTG-1_3_1"
"445","GCACGGTAGGAACGAA-1_3_1"
"446","GCACGGTGTGTCCTAA-1_3_1"
"447","GCACGTGCAAATGAAC-1_3_1"
"448","GCACTAACACGCTTAA-1_3_1"
"449","GCAGCCAGTGCAACAG-1_3_1"
"450","GCAGGCTTCGAAATCC-1_3_1"
"451","GCAGGCTTCGAACGGA-1_3_1"
"452","GCATCGGCAGCGCTTG-1_3_1"
"453","GCATGATAGAGGGTCT-1_3_1"
"454","GCCAGCAGTGTATTCG-1_3_1"
"455","GCCAGCATCTGACGCG-1_3_1"
"456","GCCAGGTAGGCTTCCG-1_3_1"
"457","GCCAGTGAGGATATAC-1_3_1"
"458","GCCATGGCAGGGAATC-1_3_1"
"459","GCCCGAATCGAGAAGC-1_3_1"
"460","GCCGATGCAGGTAGTG-1_3_1"
"461","GCCGATGTCATTGAGC-1_3_1"
"462","GCCGTGATCACAGTGT-1_3_1"
"463","GCCTGTTAGTTGTAGA-1_3_1"
"464","GCGAGAAAGCATGCGA-1_3_1"
"465","GCGATCGCATAGAAAC-1_3_1"
"466","GCGGAAACAAGACCTT-1_3_1"
"467","GCGGAAACAGAGTCTT-1_3_1"
"468","GCGTGCAGTTCTTCAT-1_3_1"
"469","GCTACCTAGATGTAGT-1_3_1"
"470","GCTACCTCAGCGCGTT-1_3_1"
"471","GCTACCTTCACCGGTG-1_3_1"
"472","GCTGGGTTCGAGTCTA-1_3_1"
"473","GCTTCACCAACGACTT-1_3_1"
"474","GCTTGGGGTCTGCGCA-1_3_1"
"475","GCTTTCGAGCTCTGTA-1_3_1"
"476","GGAACCCTCTCCCATG-1_3_1"
"477","GGAAGTGTCTAACGCA-1_3_1"
"478","GGAATCTGTGTTACTG-1_3_1"
"479","GGAATGGTCATCACAG-1_3_1"
"480","GGACGTCAGTGGTTCT-1_3_1"
"481","GGAGATGAGAAATGGG-1_3_1"
"482","GGAGATGAGTGATCGG-1_3_1"
"483","GGAGGATAGCCTCTGG-1_3_1"
"484","GGCACGTAGTAGACCG-1_3_1"
"485","GGCACGTCAGCCATTA-1_3_1"
"486","GGCAGTCCAGGTCCCA-1_3_1"
"487","GGCAGTCGTCTGCAAT-1_3_1"
"488","GGCTGTGTCCGTGCGA-1_3_1"
"489","GGCTTTCCATCCTCAC-1_3_1"
"490","GGCTTTCTCACTCACC-1_3_1"
"491","GGCTTTCTCTATACTC-1_3_1"
"492","GGGACAAAGTTGCGCC-1_3_1"
"493","GGGACCTTCGGCAGTC-1_3_1"
"494","GGGACCTTCTTCTCAA-1_3_1"
"495","GGGAGATCAGAGTTGG-1_3_1"
"496","GGGAGATTCTCGGCTT-1_3_1"
"497","GGGAGTAGTCTGATAC-1_3_1"
"498","GGGATGACAGAACATA-1_3_1"
"499","GGGCCATCATATGAAG-1_3_1"
"500","GGGTATTCAGTGTGCC-1_3_1"
"501","GGGTATTCATGTGGCC-1_3_1"
"502","GGGTCACAGCCTTTCC-1_3_1"
"503","GGGTCACAGCTGAGCA-1_3_1"
"504","GGGTGAAAGCAAGCCA-1_3_1"
"505","GGGTTATAGACTCCGC-1_3_1"
"506","GGGTTATCAACGGGTA-1_3_1"
"507","GGGTTTAGTTACCCTC-1_3_1"
"508","GGTCTGGTCGTCGACG-1_3_1"
"509","GGTGAAGAGGTTCCGC-1_3_1"
"510","GGTGAAGTCTGTGCAA-1_3_1"
"511","GGTGGCTTCGCTCCTA-1_3_1"
"512","GGTGTCGAGGTCTACT-1_3_1"
"513","GGTGTCGAGTATAGAC-1_3_1"
"514","GGTGTCGGTTTACGAC-1_3_1"
"515","GGTGTCGTCGCCAATA-1_3_1"
"516","GGTTAACCACCGGTCA-1_3_1"
"517","GGTTCTCAGCAATTCC-1_3_1"
"518","GGTTCTCAGGAGAGTA-1_3_1"
"519","GGTTGTAAGTTGAAGT-1_3_1"
"520","GGTTGTATCATCTACT-1_3_1"
"521","GGTTGTATCCCAATAG-1_3_1"
"522","GTAACACAGCCTAGGA-1_3_1"
"523","GTAATCGTCAAAGGTA-1_3_1"
"524","GTAATGCGTGCATCTA-1_3_1"
"525","GTAATGCGTTGCTGAT-1_3_1"
"526","GTAGAGGGTCCTACGG-1_3_1"
"527","GTAGAGGTCACGATCA-1_3_1"
"528","GTAGATCTCTGTCCGT-1_3_1"
"529","GTAGCTAGTTCAAACC-1_3_1"
"530","GTAGGTTCACGGTGCT-1_3_1"
"531","GTAGGTTTCGAGAACG-1_3_1"
"532","GTAGTACCATCGCTGG-1_3_1"
"533","GTAGTACGTGCTCGTG-1_3_1"
"534","GTATTGGCAGAATCGG-1_3_1"
"535","GTATTGGGTTGACGGA-1_3_1"
"536","GTATTGGTCGCGCTGA-1_3_1"
"537","GTATTTCAGTTAGAAC-1_3_1"
"538","GTCAAACGTTGCCAAT-1_3_1"
"539","GTCAAGTCAACAACAA-1_3_1"
"540","GTCAAGTTCGTGTGAT-1_3_1"
"541","GTCACGGAGCGGTATG-1_3_1"
"542","GTCACGGCACGGGTAA-1_3_1"
"543","GTCACGGTCGACGCGT-1_3_1"
"544","GTCACGGTCTTCCACG-1_3_1"
"545","GTCACTCAGCAAGTGC-1_3_1"
"546","GTCAGCGAGGCTCCCA-1_3_1"
"547","GTCATTTTCAGGCGAA-1_3_1"
"548","GTCCACTAGCTTTCTT-1_3_1"
"549","GTCCCATGTACGTAGG-1_3_1"
"550","GTCCTCAGTAGCTAAA-1_3_1"
"551","GTCGAATTCATAGACC-1_3_1"
"552","GTCGCGACATGGCTGC-1_3_1"
"553","GTCTACCGTTCTCTCG-1_3_1"
"554","GTCTGTCAGAAAGCGA-1_3_1"
"555","GTCTGTCTCGTCAACA-1_3_1"
"556","GTGAGCCCACAAATAG-1_3_1"
"557","GTGAGGACATCTATCT-1_3_1"
"558","GTGAGTTTCATTCCTA-1_3_1"
"559","GTGCACGGTATGCTAC-1_3_1"
"560","GTGCGTGAGACGAGCT-1_3_1"
"561","GTGCTTCCATGACAGG-1_3_1"
"562","GTGGAAGCACATACGT-1_3_1"
"563","GTGGGAAAGCTCCCTT-1_3_1"
"564","GTGGGAACATTGACCA-1_3_1"
"565","GTGGGAATCGGAAGGT-1_3_1"
"566","GTGGTTAGTAACATGA-1_3_1"
"567","GTGGTTAGTGGTCCCA-1_3_1"
"568","GTGTCCTTCTTAGCTT-1_3_1"
"569","GTGTGATGTAACTGCT-1_3_1"
"570","GTGTGATTCACGATAC-1_3_1"
"571","GTGTGGCAGACTAAGT-1_3_1"
"572","GTGTGGCCAAACCGGA-1_3_1"
"573","GTGTGGCTCCAGGACC-1_3_1"
"574","GTGTTAGTCAGCCTTC-1_3_1"
"575","GTGTTCCGTCAACACT-1_3_1"
"576","GTTACCCAGCAAACAT-1_3_1"
"577","GTTACCCAGCAAGGAA-1_3_1"
"578","GTTACGACACTTGACA-1_3_1"
"579","GTTAGTGCAAGATTGA-1_3_1"
"580","GTTAGTGCAGACCCGT-1_3_1"
"581","GTTCGCTTCAGACCGC-1_3_1"
"582","GTTGAACGTCTAATCG-1_3_1"
"583","GTTGCGGAGGCTTCCG-1_3_1"
"584","GTTGCGGAGGGTAATT-1_3_1"
"585","GTTGCGGAGTACAGCG-1_3_1"
"586","GTTGCGGTCATGACAC-1_3_1"
"587","TAAGCACTCCCATACC-1_3_1"
"588","TAAGCGTAGAATCGTA-1_3_1"
"589","TAAGCGTCACAGTGTT-1_3_1"
"590","TAAGCGTGTGGACAGT-1_3_1"
"591","TAAGTCGAGAGCGACT-1_3_1"
"592","TACAACGTCAATCTTC-1_3_1"
"593","TACAACGTCTGGACTA-1_3_1"
"594","TACAGGTGTAACCCTA-1_3_1"
"595","TACCCACCAACAAGAT-1_3_1"
"596","TACCGAAAGCTACTAC-1_3_1"
"597","TACCTCGTCTCAAAGC-1_3_1"
"598","TACCTGCCACTCTAGA-1_3_1"
"599","TACGCTCAGCGGTAGT-1_3_1"
"600","TACGGTAGTGGTACAG-1_3_1"
"601","TACTGCCTCACGATAC-1_3_1"
"602","TACTTACAGGTAAAGG-1_3_1"
"603","TACTTACCAATAGGAT-1_3_1"
"604","TACTTCACAATGCTCA-1_3_1"
"605","TACTTCATCAGTGATC-1_3_1"
"606","TACTTGTCAACGGCTC-1_3_1"
"607","TAGACTGGTGAAGCTG-1_3_1"
"608","TAGACTGGTGAGCAGT-1_3_1"
"609","TAGAGTCAGCTCCACG-1_3_1"
"610","TAGAGTCTCTCTTCAA-1_3_1"
"611","TAGATCGAGAGGTGCT-1_3_1"
"612","TAGATCGGTCTCAGGC-1_3_1"
"613","TAGATCGTCCGCCTAT-1_3_1"
"614","TAGCACAGTGGGACAT-1_3_1"
"615","TAGTGCATCAGTCAGT-1_3_1"
"616","TAGTGCATCAGTGTGT-1_3_1"
"617","TAGTGCATCATTGAGC-1_3_1"
"618","TATACCTAGGGTGAAA-1_3_1"
"619","TATACCTCATTCATCT-1_3_1"
"620","TATATCCGTATGAGAT-1_3_1"
"621","TATATCCGTCCTACAA-1_3_1"
"622","TATCGCCCAAACCGGA-1_3_1"
"623","TATCGCCGTCTCGGAC-1_3_1"
"624","TATCTTGCACGTAGAG-1_3_1"
"625","TATTCCAAGTCTTCCC-1_3_1"
"626","TATTCCACAGCGGTTC-1_3_1"
"627","TATTCCATCGCTCTCA-1_3_1"
"628","TATTGCTCACAGCTTA-1_3_1"
"629","TATTGCTTCGGCACTG-1_3_1"
"630","TATTGGGGTATTAAGG-1_3_1"
"631","TATTGGGGTGGTAATA-1_3_1"
"632","TATTTCGAGTCCCAGC-1_3_1"
"633","TCAAGCACAAATAGCA-1_3_1"
"634","TCAAGCAGTCTACATG-1_3_1"
"635","TCAAGCAGTGAGAACC-1_3_1"
"636","TCAAGTGCACTAGAGG-1_3_1"
"637","TCAATCTAGACCATTC-1_3_1"
"638","TCAATCTGTCTCTCCA-1_3_1"
"639","TCAATTCAGTCGAAGC-1_3_1"
"640","TCAATTCTCCATACTT-1_3_1"
"641","TCACAAGAGACTTAAG-1_3_1"
"642","TCACACCGTCCCGGTA-1_3_1"
"643","TCACGCTCACAGACGA-1_3_1"
"644","TCACGCTTCAGTGTTG-1_3_1"
"645","TCACTATCATTCACCC-1_3_1"
"646","TCAGCAACACCTCTAC-1_3_1"
"647","TCAGCCTCACTAACCA-1_3_1"
"648","TCAGCCTCATCCTGTC-1_3_1"
"649","TCAGGGCCACAGCCAC-1_3_1"
"650","TCAGGGCTCATCACTT-1_3_1"
"651","TCAGGTAAGTGTTCCA-1_3_1"
"652","TCAGTCCCAGCTTCGG-1_3_1"
"653","TCAGTCCGTTCCGCTT-1_3_1"
"654","TCAGTTTGTAGATTAG-1_3_1"
"655","TCATACTCAAAGGCGT-1_3_1"
"656","TCATACTGTGGGTATG-1_3_1"
"657","TCATCATCAATGCAGG-1_3_1"
"658","TCATCATCACGACTAT-1_3_1"
"659","TCATCATCATGAATCC-1_3_1"
"660","TCATCCGGTCCTCCTA-1_3_1"
"661","TCATGAGTCGTGGACC-1_3_1"
"662","TCATGGATCCGTCACT-1_3_1"
"663","TCATTACAGCAATAAC-1_3_1"
"664","TCATTACAGTTTCGAC-1_3_1"
"665","TCATTACCACACTTAG-1_3_1"
"666","TCATTCATCCACAGCG-1_3_1"
"667","TCATTGTAGATGGTCG-1_3_1"
"668","TCATTTGAGCATGATA-1_3_1"
"669","TCCACGTGTCGACTTA-1_3_1"
"670","TCCATCGCACCAGTTA-1_3_1"
"671","TCCCACATCGAGAGCA-1_3_1"
"672","TCCCAGTCACTCTGCT-1_3_1"
"673","TCCCAGTGTGATGAAT-1_3_1"
"674","TCCCAGTTCCTCTCTT-1_3_1"
"675","TCCGATCCACCCTAGG-1_3_1"
"676","TCCTCCCTCGGTTCAA-1_3_1"
"677","TCCTCGAGTAATGATG-1_3_1"
"678","TCCTCTTAGGTCATTC-1_3_1"
"679","TCCTGCAGTTGTCTAG-1_3_1"
"680","TCCTTTCAGAGTTGTA-1_3_1"
"681","TCCTTTCAGTAGCCAG-1_3_1"
"682","TCGAAGTAGAAACACT-1_3_1"
"683","TCGAAGTAGCGACTGA-1_3_1"
"684","TCGAAGTTCGGCTTCT-1_3_1"
"685","TCGCAGGCACAGTATC-1_3_1"
"686","TCGCTCAAGTCATCGT-1_3_1"
"687","TCGCTCAGTTAGGAGC-1_3_1"
"688","TCGGATATCCGTGTCT-1_3_1"
"689","TCGGGACAGTGTAGAT-1_3_1"
"690","TCGGGACCACAATCTG-1_3_1"
"691","TCGGGACTCCAGCTCT-1_3_1"
"692","TCGGGCAGTTTACGTG-1_3_1"
"693","TCGGGTGTCCGACAGC-1_3_1"
"694","TCGTCCAAGGCTCTCG-1_3_1"
"695","TCGTGCTTCATTGTTC-1_3_1"
"696","TCGTGGGAGTCATACC-1_3_1"
"697","TCTACATGTAGACGGT-1_3_1"
"698","TCTACATTCCTCATAT-1_3_1"
"699","TCTACCGAGTTGGAGC-1_3_1"
"700","TCTATCATCTGTGCGG-1_3_1"
"701","TCTCACGTCGCATAGT-1_3_1"
"702","TCTCAGCAGACGCCAA-1_3_1"
"703","TCTCCGAAGCGGATCA-1_3_1"
"704","TCTGGCTAGTCTAGCT-1_3_1"
"705","TCTGGCTAGTGCTACT-1_3_1"
"706","TCTGTCGCATATGGCT-1_3_1"
"707","TCTTCCTAGGACTGGT-1_3_1"
"708","TCTTCCTTCTAGGAAA-1_3_1"
"709","TCTTTGAGTCTAATCG-1_3_1"
"710","TGAACGTCAATTTCCT-1_3_1"
"711","TGAATGCAGAACGCGT-1_3_1"
"712","TGACAGTAGATTCGAA-1_3_1"
"713","TGACGCGCATCATGAC-1_3_1"
"714","TGACTCCCAAGTCGTT-1_3_1"
"715","TGAGACTCACAGTACT-1_3_1"
"716","TGAGACTCAGCGGTTC-1_3_1"
"717","TGAGACTCAGTTTGGT-1_3_1"
"718","TGAGACTGTGGTACAG-1_3_1"
"719","TGAGCGCCAGGCATGA-1_3_1"
"720","TGAGCGCTCTAAGCCA-1_3_1"
"721","TGAGGAGGTGCGGATA-1_3_1"
"722","TGAGGGACATGACTAC-1_3_1"
"723","TGAGGTTCAACTGAAA-1_3_1"
"724","TGAGGTTTCGCAATGT-1_3_1"
"725","TGATCAGCAGGCAATG-1_3_1"
"726","TGATCAGGTACAGTTC-1_3_1"
"727","TGATGCAGTTGCCTAA-1_3_1"
"728","TGATGGTAGCCTCACG-1_3_1"
"729","TGATTTCTCTTGGAAC-1_3_1"
"730","TGCACGGAGATTGGGC-1_3_1"
"731","TGCACGGTCTCTTGCG-1_3_1"
"732","TGCAGATTCGATTTCT-1_3_1"
"733","TGCAGTAAGGAGTACC-1_3_1"
"734","TGCAGTATCGACCACG-1_3_1"
"735","TGCATGACACAAGCTT-1_3_1"
"736","TGCATGAGTCTGCATA-1_3_1"
"737","TGCCGAGCATCCTATT-1_3_1"
"738","TGCGACGCAAAGAACT-1_3_1"
"739","TGCGATAAGGACAGCT-1_3_1"
"740","TGCTGAACAAGGTCAG-1_3_1"
"741","TGCTTCGTCCATGCAA-1_3_1"
"742","TGCTTGCCAACCGATT-1_3_1"
"743","TGGAGAGAGGATCACG-1_3_1"
"744","TGGAGAGCAGACCATT-1_3_1"
"745","TGGAGAGGTATGCGTT-1_3_1"
"746","TGGAGGAAGGCACGAT-1_3_1"
"747","TGGCGTGAGATACTGA-1_3_1"
"748","TGGCGTGAGCGTGAGT-1_3_1"
"749","TGGCGTGCAGAGTTCT-1_3_1"
"750","TGGGAAGCAAAGGTTA-1_3_1"
"751","TGGGAGAAGCGAACTG-1_3_1"
"752","TGGGAGATCCCGAGTG-1_3_1"
"753","TGGGATTCAGATGCGA-1_3_1"
"754","TGGGCGTTCGTAACAC-1_3_1"
"755","TGGGCTGAGATCACTC-1_3_1"
"756","TGGGCTGCACCACATA-1_3_1"
"757","TGGTACACAACTCCCT-1_3_1"
"758","TGGTACATCGTCTAAG-1_3_1"
"759","TGGTAGTGTGAGCTCC-1_3_1"
"760","TGTAACGGTTACCCTC-1_3_1"
"761","TGTACAGCAGAGGACT-1_3_1"
"762","TGTAGACAGGTAAGGA-1_3_1"
"763","TGTCCTGCAGGACAGT-1_3_1"
"764","TGTGATGCAACAGATA-1_3_1"
"765","TGTGATGTCCTCGATC-1_3_1"
"766","TGTGGCGAGTAGTCTC-1_3_1"
"767","TGTTACTGTCGGTGAA-1_3_1"
"768","TGTTACTTCGAAGAAT-1_3_1"
"769","TGTTCATAGACTCGAG-1_3_1"
"770","TGTTCCGGTCTAACTG-1_3_1"
"771","TGTTCTAGTTGTCTAG-1_3_1"
"772","TGTTGAGCATGGCCCA-1_3_1"
"773","TGTTGAGGTATCGTGT-1_3_1"
"774","TGTTGAGGTGCATTAC-1_3_1"
"775","TGTTGAGTCACCTTAT-1_3_1"
"776","TGTTGGACAATTGAGA-1_3_1"
"777","TGTTGGACAATTGCGT-1_3_1"
"778","TGTTTGTTCGTGGACC-1_3_1"
"779","TTAATCCGTTATAGCC-1_3_1"
"780","TTACGCCGTCAAAGTA-1_3_1"
"781","TTACTGTGTGATAGAT-1_3_1"
"782","TTACTGTTCGTGCACG-1_3_1"
"783","TTAGGGTCATAGACTC-1_3_1"
"784","TTAGTCTAGATGGTCG-1_3_1"
"785","TTCAATCCAGATTAAG-1_3_1"
"786","TTCAATCGTAGCTGAG-1_3_1"
"787","TTCAATCGTCACTGAT-1_3_1"
"788","TTCAATCGTTAGAAAC-1_3_1"
"789","TTCACCGTCCATGCAA-1_3_1"
"790","TTCACCGTCGGTTGTA-1_3_1"
"791","TTCAGGACAGACATCT-1_3_1"
"792","TTCAGGAGTAATCAGA-1_3_1"
"793","TTCATGTTCAGGCGAA-1_3_1"
"794","TTCATGTTCCGTGACG-1_3_1"
"795","TTCATGTTCTTCCGTG-1_3_1"
"796","TTCATTGTCAGCCCAG-1_3_1"
"797","TTCCAATGTGGCATCC-1_3_1"
"798","TTCCAATTCTGAACGT-1_3_1"
"799","TTCCGGTAGGACACTG-1_3_1"
"800","TTCCGTGAGCCACTCG-1_3_1"
"801","TTCCGTGCAACCTATG-1_3_1"
"802","TTCCGTGCAGGCTACC-1_3_1"
"803","TTCCTAAGTTCGTAAC-1_3_1"
"804","TTCCTCTCAGCGTAGA-1_3_1"
"805","TTCCTCTTCAAATGAG-1_3_1"
"806","TTCCTTCGTATGCTTG-1_3_1"
"807","TTCGCTGCATTGCTGA-1_3_1"
"808","TTCGCTGTCTCCGCAT-1_3_1"
"809","TTCTAACCAATTGTGC-1_3_1"
"810","TTCTAACGTCGTATTG-1_3_1"
"811","TTCTAACTCCGGTTCT-1_3_1"
"812","TTCTAGTAGAAGTCCG-1_3_1"
"813","TTCTAGTAGTGGATAT-1_3_1"
"814","TTCTAGTGTCACTACA-1_3_1"
"815","TTCTCTCCATAGCTGT-1_3_1"
"816","TTCTTCCGTAGACGTG-1_3_1"
"817","TTCTTCCTCAATCGGT-1_3_1"
"818","TTCTTGATCAGCAGAG-1_3_1"
"819","TTGAGTGCATCTGTTT-1_3_1"
"820","TTGAGTGGTCTTGTCC-1_3_1"
"821","TTGATGGGTGAATTGA-1_3_1"
"822","TTGCATTCAAGAGGCT-1_3_1"
"823","TTGCGTCTCACAGTGT-1_3_1"
"824","TTGCTGCTCGATAACC-1_3_1"
"825","TTGGGATCAATGAACA-1_3_1"
"826","TTGGGCGGTTCGAGCC-1_3_1"
"827","TTGGTTTTCGAACGCC-1_3_1"
"828","TTGTTCACATGACTTG-1_3_1"
"829","TTGTTTGGTTGCTGAT-1_3_1"
"830","TTGTTTGTCAATCCAG-1_3_1"
"831","TTGTTTGTCGTGGTAT-1_3_1"
"832","TTTACGTTCGACCCAG-1_3_1"
"833","TTTAGTCAGTGCTAGG-1_3_1"
"834","TTTCACAAGAGTCGAC-1_3_1"
"835","TTTCACAAGCCAAGCA-1_3_1"
"836","TTTCAGTGTTCGAGCC-1_3_1"
"837","TTTCGATTCCCAAGTA-1_3_1"
"838","TTTGACTAGCTAGCCC-1_3_1"
"839","TTTGATCCACTGGCGT-1_3_1"
"840","TTTGGAGCATCCGTGG-1_3_1"
"841","TTTGGAGGTCCAAATC-1_3_1"
