"","x"
"1","AAACCCACAAATCGGG-1_7_1"
"2","AAACGCTGTGATAGAT-1_7_1"
"3","AAAGAACAGGCACAAC-1_7_1"
"4","AAAGGATTCCGAAATC-1_7_1"
"5","AACAACCAGAATCCCT-1_7_1"
"6","AACCCAACACAGCCAC-1_7_1"
"7","AACCTTTAGAGGTATT-1_7_1"
"8","AAGAACACACTGAGGA-1_7_1"
"9","AAGGTAAGTGGAGGTT-1_7_1"
"10","AAGGTAATCCATCAGA-1_7_1"
"11","AATCGACGTCACTAGT-1_7_1"
"12","AATGAAGCACATGACT-1_7_1"
"13","AATGACCTCGTAGCTA-1_7_1"
"14","AATGCCAAGCCTGTCG-1_7_1"
"15","AATGCCAGTCCGGCAT-1_7_1"
"16","AATGGCTGTAGGTTTC-1_7_1"
"17","AATTCCTTCCGTAGGC-1_7_1"
"18","ACACAGTCAGCTCATA-1_7_1"
"19","ACATTTCGTTAGTCGT-1_7_1"
"20","ACCCAAACATCTAGAC-1_7_1"
"21","ACCCAAAGTAACGGTG-1_7_1"
"22","ACCCAAATCTATTGTC-1_7_1"
"23","ACCTGAAAGTCAAGCG-1_7_1"
"24","ACGGGTCCACTGCGAC-1_7_1"
"25","ACGGGTCTCGGTCAGC-1_7_1"
"26","ACGGTCGCATGAATAG-1_7_1"
"27","ACGGTCGGTACCTGTA-1_7_1"
"28","ACGGTTAAGCTAAACA-1_7_1"
"29","ACGGTTAGTGTCTTAG-1_7_1"
"30","ACGTTCCCAAGTGGTG-1_7_1"
"31","ACGTTCCGTTAATGAG-1_7_1"
"32","ACTACGAAGGCGATAC-1_7_1"
"33","ACTGATGGTACTCAAC-1_7_1"
"34","ACTGCAACAGTAGAAT-1_7_1"
"35","ACTTATCTCGAGATGG-1_7_1"
"36","ACTTCGCAGGCTATCT-1_7_1"
"37","ACTTTCACAGAAATTG-1_7_1"
"38","ACTTTCAGTCAAGCCC-1_7_1"
"39","AGACAAAGTCGCAGTC-1_7_1"
"40","AGAGCAGCATCAGTCA-1_7_1"
"41","AGATAGAGTGCCCTTT-1_7_1"
"42","AGATCCACAAGTACCT-1_7_1"
"43","AGATGAAGTGTCTTAG-1_7_1"
"44","AGATGAATCCATAGAC-1_7_1"
"45","AGCCAATTCGCCTCTA-1_7_1"
"46","AGCCACGAGCACCAGA-1_7_1"
"47","AGCGATTCACTCCACT-1_7_1"
"48","AGCGCCATCAGATTGC-1_7_1"
"49","AGCGTCGAGCAACTCT-1_7_1"
"50","AGCTACATCTGGTGCG-1_7_1"
"51","AGCTCAATCAAGTGGG-1_7_1"
"52","AGCTCAATCCTAGAGT-1_7_1"
"53","AGCTTCCGTTTGGAGG-1_7_1"
"54","AGGAATATCGCAATTG-1_7_1"
"55","AGGACGAAGACAACAT-1_7_1"
"56","AGGACGAAGGCTCAAG-1_7_1"
"57","AGGACGATCCCATACC-1_7_1"
"58","AGGCATTTCATCCCGT-1_7_1"
"59","AGGGCTCCAAGGCAAC-1_7_1"
"60","AGGTAGGCACGCTGCA-1_7_1"
"61","AGGTTACCACGTATAC-1_7_1"
"62","AGGTTACTCGACGCTG-1_7_1"
"63","AGGTTGTCAACCGTAT-1_7_1"
"64","AGTAACCAGATGCTAA-1_7_1"
"65","AGTAGTCGTTTGCAGT-1_7_1"
"66","AGTCAACTCACCCATC-1_7_1"
"67","AGTCTCCCAGGCCTGT-1_7_1"
"68","AGTCTCCCATTGAGCT-1_7_1"
"69","AGTGTTGGTACTAGCT-1_7_1"
"70","ATACCGACATGACGAG-1_7_1"
"71","ATAGAGAAGTACCGGA-1_7_1"
"72","ATATCCTAGTCGGGAT-1_7_1"
"73","ATCACGAAGGTCTACT-1_7_1"
"74","ATCACTTTCCATCTGC-1_7_1"
"75","ATCAGGTGTGTTAAAG-1_7_1"
"76","ATCCACCTCAATCTTC-1_7_1"
"77","ATCCATTAGCAACAGC-1_7_1"
"78","ATCCGTCAGAGCAACC-1_7_1"
"79","ATCCTATAGAAGCGAA-1_7_1"
"80","ATCGGCGGTACGACTT-1_7_1"
"81","ATCGTAGTCTACTGAG-1_7_1"
"82","ATCGTGAGTGCCGGTT-1_7_1"
"83","ATGAGTCAGCCTCATA-1_7_1"
"84","ATGCGATAGACTACGG-1_7_1"
"85","ATGGATCTCACCATCC-1_7_1"
"86","ATGGTTGCACTTCAGA-1_7_1"
"87","ATGTCTTCATAACGGG-1_7_1"
"88","ATTCAGGGTGTCCATA-1_7_1"
"89","ATTCGTTGTGATACTC-1_7_1"
"90","ATTTCACCAATCCAGT-1_7_1"
"91","ATTTCACTCATACAGC-1_7_1"
"92","ATTTCTGTCTCAGAAC-1_7_1"
"93","CAACAGTAGTAGGATT-1_7_1"
"94","CAACCAACACACCTTC-1_7_1"
"95","CAACGGCGTCAGTCCG-1_7_1"
"96","CAAGAGGTCGTAACTG-1_7_1"
"97","CAATACGTCGCTTAAG-1_7_1"
"98","CAATTTCAGATACATG-1_7_1"
"99","CAATTTCAGCTGTACT-1_7_1"
"100","CACACAAAGCTAGAAT-1_7_1"
"101","CACAGGCCATACCATG-1_7_1"
"102","CACCAAACAGGTTACT-1_7_1"
"103","CACCGTTAGACCATGG-1_7_1"
"104","CACGAATGTTCCGGTG-1_7_1"
"105","CACGGGTAGTCGCTAT-1_7_1"
"106","CACTGGGTCCATACAG-1_7_1"
"107","CACTTCGGTATGTCCA-1_7_1"
"108","CAGAGCCGTCACGCTG-1_7_1"
"109","CAGTTAGTCCATTGTT-1_7_1"
"110","CAGTTCCCAGGAACCA-1_7_1"
"111","CATAAGCGTGGATTTC-1_7_1"
"112","CATAGACGTCAGGTGA-1_7_1"
"113","CATGCAATCTGTCCGT-1_7_1"
"114","CATGCTCCAATGCTCA-1_7_1"
"115","CATGGATCAGCACCCA-1_7_1"
"116","CATGGATTCTCCGCAT-1_7_1"
"117","CATGGTAGTTGCGAAG-1_7_1"
"118","CATGGTATCTCTGGTC-1_7_1"
"119","CATTCATAGCGCACAA-1_7_1"
"120","CATTCTAGTTGACGGA-1_7_1"
"121","CATTGAGGTGTATCCA-1_7_1"
"122","CATTGTTAGACTTCGT-1_7_1"
"123","CCAAGCGCAGGGTCTC-1_7_1"
"124","CCACACTGTTGGGACA-1_7_1"
"125","CCACCATCAAAGTATG-1_7_1"
"126","CCACGAGGTGACTCGC-1_7_1"
"127","CCACGTTGTCTCAAGT-1_7_1"
"128","CCACTTGAGACTACCT-1_7_1"
"129","CCCAACTAGCCACTCG-1_7_1"
"130","CCCATTGGTGTTCATG-1_7_1"
"131","CCCGAAGTCAAGCCGC-1_7_1"
"132","CCCTCAACAGAATCGG-1_7_1"
"133","CCGAACGCAAGGCTTT-1_7_1"
"134","CCGGGTATCTCGTCGT-1_7_1"
"135","CCGGTGAAGAAGCGAA-1_7_1"
"136","CCGGTGATCAACCTTT-1_7_1"
"137","CCGGTGATCGCACGAC-1_7_1"
"138","CCGTTCATCACCGACG-1_7_1"
"139","CCTAACCTCTGAGAAA-1_7_1"
"140","CCTCAACTCATTTGTC-1_7_1"
"141","CCTCACAAGGGCAGTT-1_7_1"
"142","CCTCCAACAGTCTCTC-1_7_1"
"143","CCTGTTGAGGGCAGAG-1_7_1"
"144","CCTGTTGAGGGTCACA-1_7_1"
"145","CCTGTTGCAGGACGAT-1_7_1"
"146","CCTTCAGAGAAGTATC-1_7_1"
"147","CCTTGTGGTCGACTTA-1_7_1"
"148","CGACAGCGTCAAGGCA-1_7_1"
"149","CGAGAAGCACGAGGAT-1_7_1"
"150","CGAGTGCCATACTGTG-1_7_1"
"151","CGAGTGCTCTGGTGCG-1_7_1"
"152","CGATGCGGTGTCCGGT-1_7_1"
"153","CGCAGGTCATTGAAAG-1_7_1"
"154","CGCCATTCAGTAGAAT-1_7_1"
"155","CGCGTGACATAGCACT-1_7_1"
"156","CGCGTGATCGCTCTCA-1_7_1"
"157","CGGAATTAGTTCCTGA-1_7_1"
"158","CGGAATTTCAACCGAT-1_7_1"
"159","CGGCAGTTCAAGAGGC-1_7_1"
"160","CGGGACTGTACCTAAC-1_7_1"
"161","CGGGTCAAGTTGTCGT-1_7_1"
"162","CGGGTCAGTACCTAAC-1_7_1"
"163","CGTCCATAGGATTTAG-1_7_1"
"164","CGTCCATTCACTGTCC-1_7_1"
"165","CGTGCTTCAGCTATAC-1_7_1"
"166","CTACCCACAAGCGGAT-1_7_1"
"167","CTACCCAGTCGCTTAA-1_7_1"
"168","CTACCTGCACTAGAGG-1_7_1"
"169","CTAGACACAGAGGACT-1_7_1"
"170","CTAGGTATCCATTCGC-1_7_1"
"171","CTATAGGGTAGCGTAG-1_7_1"
"172","CTCAATTGTGTGTCCG-1_7_1"
"173","CTCAGTCTCCATCGTC-1_7_1"
"174","CTCATCGCAGCTACCG-1_7_1"
"175","CTCATCGTCCAACTGA-1_7_1"
"176","CTCATTAGTTTGTGGT-1_7_1"
"177","CTCCAACGTTCTATCT-1_7_1"
"178","CTGAATGAGGTGCCAA-1_7_1"
"179","CTGAGGCAGGTTCCAT-1_7_1"
"180","CTGCCTACAGTCGGAA-1_7_1"
"181","CTGCGAGCAAGACCTT-1_7_1"
"182","CTGGTCTAGCGCCCAT-1_7_1"
"183","CTGGTCTGTTGTCAGT-1_7_1"
"184","CTGTATTCATCCGAGC-1_7_1"
"185","CTGTGAATCCAGCACG-1_7_1"
"186","CTTAGGAAGTCCTACA-1_7_1"
"187","CTTCCGAAGTCTGCGC-1_7_1"
"188","CTTCCTTAGATCGCTT-1_7_1"
"189","GAACACTGTCGAGTTT-1_7_1"
"190","GAAGCCCCAAGACTGG-1_7_1"
"191","GAAGGACAGTCTGGTT-1_7_1"
"192","GAAGGGTGTGCACGCT-1_7_1"
"193","GAAGTAAAGCTCGTGC-1_7_1"
"194","GAAGTAAGTACGACAG-1_7_1"
"195","GACACGCAGAGTCCGA-1_7_1"
"196","GACCAATTCAGCCTCT-1_7_1"
"197","GACGTTAAGCTCATAC-1_7_1"
"198","GACGTTAGTTGCGGAA-1_7_1"
"199","GAGCCTGAGGAACGCT-1_7_1"
"200","GAGCTGCTCATCGGGC-1_7_1"
"201","GAGGCAATCTCGACCT-1_7_1"
"202","GAGGCCTAGAGGCGTT-1_7_1"
"203","GAGGCCTGTTGTACGT-1_7_1"
"204","GAGTCATAGTAGGAAG-1_7_1"
"205","GAGTCTAAGTATCCTG-1_7_1"
"206","GAGTGTTTCAGATGCT-1_7_1"
"207","GAGTTTGCAACGTAAA-1_7_1"
"208","GAGTTTGCATAATCCG-1_7_1"
"209","GAGTTTGGTTTACCAG-1_7_1"
"210","GATAGAACACACGGAA-1_7_1"
"211","GATCAGTCATCTAGAC-1_7_1"
"212","GATCAGTTCAGGTGTT-1_7_1"
"213","GATCCCTCACGCAGTC-1_7_1"
"214","GATCGTAAGAGTCCGA-1_7_1"
"215","GATGAGGCACATCCCT-1_7_1"
"216","GATTCGAAGAATCCCT-1_7_1"
"217","GATTCGAAGTCTGGTT-1_7_1"
"218","GCAACATAGAGCTTTC-1_7_1"
"219","GCAACCGCACTGCTTC-1_7_1"
"220","GCACATACACAGTACT-1_7_1"
"221","GCACATATCGTTATCT-1_7_1"
"222","GCACGTGAGAGCGACT-1_7_1"
"223","GCATCGGCACCAGCGT-1_7_1"
"224","GCCAGTGGTCGCAACC-1_7_1"
"225","GCCATTCGTCTTCAAG-1_7_1"
"226","GCCCGAACACAGCTGC-1_7_1"
"227","GCCTGTTTCCTAACAG-1_7_1"
"228","GCCTGTTTCTATTCGT-1_7_1"
"229","GCGGATCCACGCTATA-1_7_1"
"230","GCGGATCTCACCTGGG-1_7_1"
"231","GCGGATCTCCGAACGC-1_7_1"
"232","GCTGGGTAGATTGACA-1_7_1"
"233","GCTGGGTTCCACAGCG-1_7_1"
"234","GCTTCACCAGCATCTA-1_7_1"
"235","GCTTGGGAGCAGCACA-1_7_1"
"236","GGAACCCAGCTAATGA-1_7_1"
"237","GGAAGTGGTGCGAGTA-1_7_1"
"238","GGAATCTTCGGTTGTA-1_7_1"
"239","GGAATGGCACTTCTCG-1_7_1"
"240","GGCTGTGGTCTGTAAC-1_7_1"
"241","GGCTTGGTCCAACTGA-1_7_1"
"242","GGGAGATGTGAGCGAT-1_7_1"
"243","GGGTATTTCATTACTC-1_7_1"
"244","GGGTTATAGCACTCTA-1_7_1"
"245","GGGTTTATCCTATTGT-1_7_1"
"246","GGGTTTATCTCTCTAA-1_7_1"
"247","GGTAACTGTTAATGAG-1_7_1"
"248","GGTGAAGTCATTACGG-1_7_1"
"249","GGTGATTCACAGAGCA-1_7_1"
"250","GGTTCTCCAAGCGGAT-1_7_1"
"251","GGTTCTCCAGAACTTC-1_7_1"
"252","GGTTCTCGTCCCGCAA-1_7_1"
"253","GTAAGTCAGTGATAAC-1_7_1"
"254","GTAGAGGCATCGCTAA-1_7_1"
"255","GTAGATCAGATGTAGT-1_7_1"
"256","GTAGATCCATCTTTCA-1_7_1"
"257","GTAGGAGAGACTCGAG-1_7_1"
"258","GTCAAACCAAGAGATT-1_7_1"
"259","GTCAAGTAGTTGCGAG-1_7_1"
"260","GTCAAGTTCCGCATAA-1_7_1"
"261","GTCATGAGTGACAGGT-1_7_1"
"262","GTCGAATAGTCGTTAC-1_7_1"
"263","GTCGAATGTGCATGAG-1_7_1"
"264","GTCGCGATCGTCTCAC-1_7_1"
"265","GTCGTAAAGGTTCAGG-1_7_1"
"266","GTCGTTCGTCGCACGT-1_7_1"
"267","GTCTTTAAGCTAATGA-1_7_1"
"268","GTGAGTTTCGGCATTA-1_7_1"
"269","GTGGAAGGTTAAGGGC-1_7_1"
"270","GTTACAGAGGCCCACT-1_7_1"
"271","GTTACCCAGTAGGTTA-1_7_1"
"272","GTTACCCGTTCCAAAC-1_7_1"
"273","GTTCTATTCTACTGAG-1_7_1"
"274","GTTGCGGGTTAGAAGT-1_7_1"
"275","GTTGCTCGTGCAGTGA-1_7_1"
"276","GTTGTAGGTTGAGAGC-1_7_1"
"277","GTTGTGACACAGCTTA-1_7_1"
"278","TAACACGGTCGCATTA-1_7_1"
"279","TAACACGTCACGAGGA-1_7_1"
"280","TAAGCACAGTAATCCC-1_7_1"
"281","TAAGCGTCAGGTAGTG-1_7_1"
"282","TAATCTCCACCAGCGT-1_7_1"
"283","TAATTCCTCTCGCTCA-1_7_1"
"284","TACAACGCATGGACAG-1_7_1"
"285","TACAACGGTACGTGAG-1_7_1"
"286","TACCCACTCGTGGACC-1_7_1"
"287","TACCCGTAGGGCAGGA-1_7_1"
"288","TACCGAAGTGAATGTA-1_7_1"
"289","TACCTCGGTTATCTGG-1_7_1"
"290","TACGGGCGTCCAGTTA-1_7_1"
"291","TACGGTAAGACTAAGT-1_7_1"
"292","TAGAGTCAGTGGACTG-1_7_1"
"293","TAGAGTCGTTGGCTAT-1_7_1"
"294","TAGCACACAATGGCAG-1_7_1"
"295","TAGGTTGTCTCACCCA-1_7_1"
"296","TATTCCACACATTCTT-1_7_1"
"297","TATTCCAGTCAAAGCG-1_7_1"
"298","TATTGCTCACGTAGTT-1_7_1"
"299","TATTTCGCATAACAGA-1_7_1"
"300","TCACAAGGTATGAAGT-1_7_1"
"301","TCACATTTCAAGCCTA-1_7_1"
"302","TCACGGGTCATCACAG-1_7_1"
"303","TCAGCAATCATTTGGG-1_7_1"
"304","TCAGGTACAAAGCTCT-1_7_1"
"305","TCAGGTAGTGTTCGAT-1_7_1"
"306","TCAGTCCTCCTCTTTC-1_7_1"
"307","TCAGTGACAAGACGGT-1_7_1"
"308","TCAGTTTCAACCGCCA-1_7_1"
"309","TCATGGATCCCAGGCA-1_7_1"
"310","TCATTTGGTCCAACGC-1_7_1"
"311","TCCAGAAGTGGACCAA-1_7_1"
"312","TCCAGAATCAAAGAAC-1_7_1"
"313","TCCATCGTCCGCGAGT-1_7_1"
"314","TCCATGCGTTCGCGTG-1_7_1"
"315","TCCCATGCAGACGATG-1_7_1"
"316","TCGAAGTTCTTGGAAC-1_7_1"
"317","TCGACCTGTGTGTGGA-1_7_1"
"318","TCGACGGTCAGCTTGA-1_7_1"
"319","TCGCTTGAGTCAGGGT-1_7_1"
"320","TCGGGACAGTCTGGTT-1_7_1"
"321","TCTACATCAGCGGTTC-1_7_1"
"322","TCTATACTCTATTCGT-1_7_1"
"323","TCTCTGGTCGTTGCCT-1_7_1"
"324","TCTTGCGGTGAGACCA-1_7_1"
"325","TCTTGCGTCACCCTCA-1_7_1"
"326","TCTTTGAAGACTCGAG-1_7_1"
"327","TCTTTGAGTAGACACG-1_7_1"
"328","TGAATCGCAGAAATTG-1_7_1"
"329","TGACCCTCATCCTTCG-1_7_1"
"330","TGACGCGAGGCCTTGC-1_7_1"
"331","TGACTCCAGCGACTAG-1_7_1"
"332","TGAGGAGCAGTGTACT-1_7_1"
"333","TGAGGTTGTTCGGCCA-1_7_1"
"334","TGATGCAGTTCTGACA-1_7_1"
"335","TGCAGATCAGCGTGCT-1_7_1"
"336","TGCCGAGCACCAACAT-1_7_1"
"337","TGCGATAGTTCAAGTC-1_7_1"
"338","TGCTGAAGTTGTTGTG-1_7_1"
"339","TGCTTCGGTGCAGGAT-1_7_1"
"340","TGGAGAGAGGTACAGC-1_7_1"
"341","TGGAGAGGTTGAATCC-1_7_1"
"342","TGGAGAGTCAAGTTGC-1_7_1"
"343","TGGATCAGTTTCAGAC-1_7_1"
"344","TGGATCATCCTCACGT-1_7_1"
"345","TGGGCGTAGGTCGTAG-1_7_1"
"346","TGGGCTGGTTTGTTCT-1_7_1"
"347","TGGTGATTCGCTATTT-1_7_1"
"348","TGTAACGTCGATACGT-1_7_1"
"349","TGTACAGAGAACTGAT-1_7_1"
"350","TGTCCCACAGTAACCT-1_7_1"
"351","TGTGAGTCAGTCGCAC-1_7_1"
"352","TGTGAGTTCACAAGAA-1_7_1"
"353","TGTTGAGTCAAGAAAC-1_7_1"
"354","TGTTGGATCATGGTAC-1_7_1"
"355","TGTTTGTAGAGTTGCG-1_7_1"
"356","TTACCGCAGGAGGGTG-1_7_1"
"357","TTACGTTGTGCAATGG-1_7_1"
"358","TTAGGGTCAATCTCGA-1_7_1"
"359","TTCAATCTCTAGTGAC-1_7_1"
"360","TTCACCGTCAAACCCA-1_7_1"
"361","TTCCGGTCACGGCACT-1_7_1"
"362","TTCCGTGGTCTTCCGT-1_7_1"
"363","TTCTAGTGTGTACGCC-1_7_1"
"364","TTCTAGTTCTCCCATG-1_7_1"
"365","TTCTGTATCCACTTCG-1_7_1"
"366","TTCTGTATCTTCTAAC-1_7_1"
"367","TTCTTCCCATCTGGGC-1_7_1"
"368","TTGATGGAGAACTTCC-1_7_1"
"369","TTGCCTGCAGCAGACA-1_7_1"
"370","TTGGGTAGTGTACGCC-1_7_1"
"371","TTTATGCGTAGGCAAC-1_7_1"
"372","TTTCACACAGCTCTGG-1_7_1"
"373","TTTCATGCATCGTCCT-1_7_1"
"374","TTTCGATCAGTCTCTC-1_7_1"
"375","TTTGATCTCGAGATAA-1_7_1"
"376","TTTGGAGTCCGAGGCT-1_7_1"
"377","TTTGGTTTCTTAGCAG-1_7_1"
