"","x"
"1","AAACGAAGTCAGTCTA-1_6_2"
"2","AAACGCTTCCCAGTGG-1_6_2"
"3","AAAGAACGTGCGCTCA-1_6_2"
"4","AAAGAACTCAGGACAG-1_6_2"
"5","AAAGGATCACTACACA-1_6_2"
"6","AAAGGATTCTAGTTCT-1_6_2"
"7","AAAGGTAAGGGAGATA-1_6_2"
"8","AAAGGTACAAGGAGTC-1_6_2"
"9","AAAGTGAAGAGGGTAA-1_6_2"
"10","AAATGGAAGCGACTTT-1_6_2"
"11","AACAACCTCGGATAAA-1_6_2"
"12","AACAAGAAGCATGATA-1_6_2"
"13","AACAAGACACGACGTC-1_6_2"
"14","AACAAGATCGTGGGTC-1_6_2"
"15","AACACACGTGATGTAA-1_6_2"
"16","AACAGGGTCGTCGATA-1_6_2"
"17","AACCAACAGAGAATCT-1_6_2"
"18","AACCAACCAGTGTATC-1_6_2"
"19","AACCAACTCTACCACC-1_6_2"
"20","AACCACATCATGCTAG-1_6_2"
"21","AACCATGAGGAACTCG-1_6_2"
"22","AACCATGAGTGAGCCA-1_6_2"
"23","AACCATGGTGTCCTAA-1_6_2"
"24","AACCCAAAGCGTCAAG-1_6_2"
"25","AACCCAATCACTCCGT-1_6_2"
"26","AACCTGAAGTAACGAT-1_6_2"
"27","AACCTGATCATGCTAG-1_6_2"
"28","AACGAAAGTCCACATA-1_6_2"
"29","AACGGGAAGTAGAGTT-1_6_2"
"30","AACGTCACACCATAAC-1_6_2"
"31","AACGTCATCACAGTGT-1_6_2"
"32","AACTTCTAGAATCGAT-1_6_2"
"33","AAGAACACAAGAGGTC-1_6_2"
"34","AAGACAACAAATGCGG-1_6_2"
"35","AAGACTCTCAAGCGTT-1_6_2"
"36","AAGCATCAGGTGTGAC-1_6_2"
"37","AAGCCATAGCGGTATG-1_6_2"
"38","AAGCCATAGTGGCAGT-1_6_2"
"39","AAGCGAGTCTGTGCTC-1_6_2"
"40","AAGGAATTCTTCGACC-1_6_2"
"41","AAGTACCTCGAGAGAC-1_6_2"
"42","AAGTGAAGTACCTAGT-1_6_2"
"43","AAGTGAAGTATCCTCC-1_6_2"
"44","AAGTGAATCCTCATAT-1_6_2"
"45","AAGTTCGCAAGTTCCA-1_6_2"
"46","AATAGAGCAAGAGTAT-1_6_2"
"47","AATCGTGTCGCCTCTA-1_6_2"
"48","AATGGAAAGTGGGAAA-1_6_2"
"49","AATGGCTAGACGGTCA-1_6_2"
"50","AATGGCTAGCATGTTC-1_6_2"
"51","AATGGCTCAATTCTTC-1_6_2"
"52","AATTTCCCAAACCGGA-1_6_2"
"53","AATTTCCGTAGAATAC-1_6_2"
"54","ACAAAGATCATTTACC-1_6_2"
"55","ACAACCAGTTGCCAAT-1_6_2"
"56","ACACTGACAGGAGGTT-1_6_2"
"57","ACACTGATCCCTCTAG-1_6_2"
"58","ACAGGGACAAGTGATA-1_6_2"
"59","ACATCCCTCATGCTAG-1_6_2"
"60","ACATGCAGTATTGGCT-1_6_2"
"61","ACATTTCGTTGCCTAA-1_6_2"
"62","ACCAAACAGAAGCGCT-1_6_2"
"63","ACCACAAGTTCAAGGG-1_6_2"
"64","ACCATTTAGCACTAAA-1_6_2"
"65","ACCATTTAGCACTCAT-1_6_2"
"66","ACCATTTGTTACCTTT-1_6_2"
"67","ACCCAAAGTAGCTCGC-1_6_2"
"68","ACCCTCAAGGGCTTCC-1_6_2"
"69","ACCCTCAGTTGACGGA-1_6_2"
"70","ACGATCACATACTGAC-1_6_2"
"71","ACGATGTGTGGGTCAA-1_6_2"
"72","ACGGTCGAGACGATAT-1_6_2"
"73","ACGGTCGCAAGTGGGT-1_6_2"
"74","ACTATCTCAACCAGAG-1_6_2"
"75","ACTATCTTCGGTTAGT-1_6_2"
"76","ACTATCTTCTTCTCAA-1_6_2"
"77","ACTATTCAGTACTGGG-1_6_2"
"78","ACTATTCCAGAGTGAC-1_6_2"
"79","ACTCCCAGTGTTTGCA-1_6_2"
"80","ACTCTCGGTATATGGA-1_6_2"
"81","ACTCTCGTCGCTGTTC-1_6_2"
"82","ACTGTCCCACGTGTGC-1_6_2"
"83","ACTGTCCGTTGTCCCT-1_6_2"
"84","ACTGTCCTCCGATCGG-1_6_2"
"85","ACTTATCCACGCTTAA-1_6_2"
"86","ACTTATCTCCCAGCGA-1_6_2"
"87","ACTTCCGGTGGCTGAA-1_6_2"
"88","ACTTCCGTCACGGGAA-1_6_2"
"89","ACTTCCGTCCGCGATG-1_6_2"
"90","ACTTTCAGTGGATACG-1_6_2"
"91","ACTTTCAGTTCCTTGC-1_6_2"
"92","AGAAATGAGACGGAAA-1_6_2"
"93","AGAAATGCATGGACAG-1_6_2"
"94","AGAAATGTCGTAGGGA-1_6_2"
"95","AGAACAAGTGTCCCTT-1_6_2"
"96","AGAAGTAAGTCTGGAG-1_6_2"
"97","AGACACTGTAGCACGA-1_6_2"
"98","AGACACTTCCGCACGA-1_6_2"
"99","AGACACTTCGCTTACC-1_6_2"
"100","AGACCCGCACCTATCC-1_6_2"
"101","AGACTCAGTTTCGACA-1_6_2"
"102","AGACTCATCATGAAAG-1_6_2"
"103","AGACTCATCCGTACGG-1_6_2"
"104","AGAGCAGAGTGCAAAT-1_6_2"
"105","AGAGCCCGTAGCCAGA-1_6_2"
"106","AGAGCCCGTGTGTACT-1_6_2"
"107","AGATAGAAGGGATCAC-1_6_2"
"108","AGATAGAGTGAGGAAA-1_6_2"
"109","AGATAGAGTTACCCAA-1_6_2"
"110","AGCCACGAGCCTCTTC-1_6_2"
"111","AGCGATTAGTAGCAAT-1_6_2"
"112","AGCGCCAAGCTCCATA-1_6_2"
"113","AGCTTCCGTGTGAATA-1_6_2"
"114","AGGAATACATAGGTTC-1_6_2"
"115","AGGAATAGTCTTACAG-1_6_2"
"116","AGGACGATCTGCCTGT-1_6_2"
"117","AGGATAAAGAGGTATT-1_6_2"
"118","AGGATAAGTCAACCAT-1_6_2"
"119","AGGCCACGTGGATTTC-1_6_2"
"120","AGGCTGCAGTCCGCGT-1_6_2"
"121","AGGGTCCAGATCGCTT-1_6_2"
"122","AGGGTCCAGGACAAGA-1_6_2"
"123","AGGGTCCGTCAAAGAT-1_6_2"
"124","AGGGTGACAACTCATG-1_6_2"
"125","AGGGTGACATGGAACG-1_6_2"
"126","AGGTGTTAGACTGGGT-1_6_2"
"127","AGGTGTTGTTAGAAGT-1_6_2"
"128","AGGTGTTGTTCAAAGA-1_6_2"
"129","AGGTGTTGTTGGGCCT-1_6_2"
"130","AGGTGTTTCGTTCGCT-1_6_2"
"131","AGGTTACAGAGTTCGG-1_6_2"
"132","AGGTTGTGTCTTGCTC-1_6_2"
"133","AGGTTGTTCACGGGAA-1_6_2"
"134","AGTAACCAGCGATTCT-1_6_2"
"135","AGTAACCTCTACGCGG-1_6_2"
"136","AGTCAACTCGTAGGGA-1_6_2"
"137","AGTCATGTCTGAATGC-1_6_2"
"138","AGTGACTAGTCGGCAA-1_6_2"
"139","AGTGCCGTCAAGTGGG-1_6_2"
"140","AGTGCCGTCCGTATGA-1_6_2"
"141","AGTTAGCTCGAGTGAG-1_6_2"
"142","AGTTCCCGTCATGGCC-1_6_2"
"143","ATACCGATCACACGAT-1_6_2"
"144","ATACCTTCAGAATTCC-1_6_2"
"145","ATAGAGATCTCCACTG-1_6_2"
"146","ATATCCTAGTCTAGAA-1_6_2"
"147","ATATCCTTCCCTTGTG-1_6_2"
"148","ATCACGACAAGGTCGA-1_6_2"
"149","ATCACGATCTCTGCTG-1_6_2"
"150","ATCATTCAGGCTGAAC-1_6_2"
"151","ATCCACCCATTGCAAC-1_6_2"
"152","ATCCATTTCGCGTAGC-1_6_2"
"153","ATCCCTGTCCACACCT-1_6_2"
"154","ATCCGTCAGTGCTACT-1_6_2"
"155","ATCCGTCGTGGGACAT-1_6_2"
"156","ATCCTATCACCTTCGT-1_6_2"
"157","ATCGATGCACATTCTT-1_6_2"
"158","ATCGATGGTCCTGGGT-1_6_2"
"159","ATCGCCTAGAGCCCAA-1_6_2"
"160","ATCGCCTGTAGGAAAG-1_6_2"
"161","ATCGGATTCCCGAAAT-1_6_2"
"162","ATCGGCGTCTCAGTCC-1_6_2"
"163","ATCGTAGGTGCCGGTT-1_6_2"
"164","ATCGTCCAGAATACAC-1_6_2"
"165","ATCGTCCTCCTTGACC-1_6_2"
"166","ATCGTCCTCTGACAGT-1_6_2"
"167","ATCGTGACATCAGTCA-1_6_2"
"168","ATGAAAGGTCCAGCGT-1_6_2"
"169","ATGAGGGGTGAGATCG-1_6_2"
"170","ATGAGGGGTGGTCCCA-1_6_2"
"171","ATGAGTCAGACCGCCT-1_6_2"
"172","ATGAGTCCAAAGGCGT-1_6_2"
"173","ATGAGTCCAAGAGCTG-1_6_2"
"174","ATGAGTCCAGGTTCAT-1_6_2"
"175","ATGAGTCCATGGAAGC-1_6_2"
"176","ATGATCGGTCTTGAGT-1_6_2"
"177","ATGCATGTCAGGTGTT-1_6_2"
"178","ATGCCTCAGTGCCGAA-1_6_2"
"179","ATGGAGGGTCCTGTTC-1_6_2"
"180","ATGGGTTAGCCTCTGG-1_6_2"
"181","ATGGGTTGTTGATCGT-1_6_2"
"182","ATGGTTGCAGAGCTAG-1_6_2"
"183","ATGTCCCAGCTTTGTG-1_6_2"
"184","ATGTCTTAGTTCGGTT-1_6_2"
"185","ATGTCTTCAAGATGGC-1_6_2"
"186","ATTCACTTCCTCGATC-1_6_2"
"187","ATTCATCAGTAGAATC-1_6_2"
"188","ATTCATCTCAGCTTGA-1_6_2"
"189","ATTCATCTCGGACTGC-1_6_2"
"190","ATTCCATAGAAGTCTA-1_6_2"
"191","ATTCCTAAGCACTGGA-1_6_2"
"192","ATTCCTAGTGTAAATG-1_6_2"
"193","ATTCCTATCAGCAGAG-1_6_2"
"194","ATTCTTGGTAGTCTGT-1_6_2"
"195","ATTCTTGTCACATACG-1_6_2"
"196","ATTCTTGTCCACTAGA-1_6_2"
"197","ATTTACCCACAGTGAG-1_6_2"
"198","ATTTCACGTATCACGT-1_6_2"
"199","CAAAGAAGTGGCATCC-1_6_2"
"200","CAAAGAATCGCCAGAC-1_6_2"
"201","CAACAACCACAACCGC-1_6_2"
"202","CAACAGTGTTGTAAAG-1_6_2"
"203","CAACCAATCGAGAGAC-1_6_2"
"204","CAACCAATCTCTGGTC-1_6_2"
"205","CAACGATAGGTACAAT-1_6_2"
"206","CAACGATAGTTGGAAT-1_6_2"
"207","CAACGATCAACTGAAA-1_6_2"
"208","CAACGGCAGAAAGCGA-1_6_2"
"209","CAACGGCAGTAGACCG-1_6_2"
"210","CAACGGCGTCTACACA-1_6_2"
"211","CAACGGCTCACGGACC-1_6_2"
"212","CAAGGGAAGGTTACCT-1_6_2"
"213","CAAGGGACAGCGAGTA-1_6_2"
"214","CAAGGGACAGCGTTTA-1_6_2"
"215","CAAGGGAGTCTCAAGT-1_6_2"
"216","CAATACGCACTAACGT-1_6_2"
"217","CAATACGTCCAATGCA-1_6_2"
"218","CAATCGATCACTTGGA-1_6_2"
"219","CACATGATCGGTCATA-1_6_2"
"220","CACGTGGCAGGTACGA-1_6_2"
"221","CACGTGGTCAGGACGA-1_6_2"
"222","CACGTTCCAATGAACA-1_6_2"
"223","CACTAAGGTGATCATC-1_6_2"
"224","CACTAAGGTTCTCTCG-1_6_2"
"225","CACTGAAAGGCTAACG-1_6_2"
"226","CACTGGGAGCCTCGTG-1_6_2"
"227","CACTGGGCAGCTCGGT-1_6_2"
"228","CACTGTCTCGTTCCTG-1_6_2"
"229","CACTTCGAGCGAATGC-1_6_2"
"230","CAGAGCCCACTCCTTG-1_6_2"
"231","CAGATCACAGTACTAC-1_6_2"
"232","CAGATCATCTTAGCCC-1_6_2"
"233","CAGATTGAGGACGGAG-1_6_2"
"234","CAGCAATCAACTACGT-1_6_2"
"235","CAGCAGCAGCGACTAG-1_6_2"
"236","CAGCGTGGTGAATTGA-1_6_2"
"237","CAGGCCACACGGTAGA-1_6_2"
"238","CAGGCCAGTAAGTTAG-1_6_2"
"239","CAGGGCTGTAGAAACT-1_6_2"
"240","CAGGGCTTCGCGCCAA-1_6_2"
"241","CAGGTATCAGTATGAA-1_6_2"
"242","CAGGTATGTCCAGCAC-1_6_2"
"243","CAGTGCGAGCCAAGCA-1_6_2"
"244","CAGTGCGCAAGAGTAT-1_6_2"
"245","CAGTTCCTCCTCTGCA-1_6_2"
"246","CATACAGAGCAGAAAG-1_6_2"
"247","CATACAGAGTTGAAGT-1_6_2"
"248","CATACAGGTTGGGATG-1_6_2"
"249","CATACAGTCCGCACTT-1_6_2"
"250","CATACCCCAAGCAGGT-1_6_2"
"251","CATACCCGTTAGGCTT-1_6_2"
"252","CATAGACGTATCGAGG-1_6_2"
"253","CATCCACAGTGAGGTC-1_6_2"
"254","CATCCCAGTAGGTCAG-1_6_2"
"255","CATCGGGTCTTCCCAG-1_6_2"
"256","CATGAGTAGGCTGTAG-1_6_2"
"257","CATGAGTCATCCGGCA-1_6_2"
"258","CATGAGTGTATGGAGC-1_6_2"
"259","CATGAGTTCCTTCACG-1_6_2"
"260","CATTCTATCGCCAGTG-1_6_2"
"261","CATTGCCCAATTCGTG-1_6_2"
"262","CATTGCCCACAGTACT-1_6_2"
"263","CATTGCCGTCGAACAG-1_6_2"
"264","CATTGTTAGGTTGGAC-1_6_2"
"265","CCAAGCGCATCGGTTA-1_6_2"
"266","CCAAGCGGTCGACTGC-1_6_2"
"267","CCACACTGTCATCGCG-1_6_2"
"268","CCACACTTCGACGCTG-1_6_2"
"269","CCACACTTCTATTTCG-1_6_2"
"270","CCACCATAGTAAGACT-1_6_2"
"271","CCACGTTAGGTCCTGC-1_6_2"
"272","CCACTTGCAGTTGTCA-1_6_2"
"273","CCATCACTCTACCAGA-1_6_2"
"274","CCCGAAGTCCACTGAA-1_6_2"
"275","CCCTAACCACACTGGC-1_6_2"
"276","CCCTAACCAGCCCACA-1_6_2"
"277","CCCTAACCAGTCCGTG-1_6_2"
"278","CCCTCAATCGCCTTGT-1_6_2"
"279","CCCTGATCATTCAGCA-1_6_2"
"280","CCCTTAGGTTAAAGTG-1_6_2"
"281","CCGAACGGTGGATACG-1_6_2"
"282","CCGAACGGTTCAAGTC-1_6_2"
"283","CCGAACGTCCTTTGAT-1_6_2"
"284","CCGATGGGTCTGTCCT-1_6_2"
"285","CCGCAAGTCAATCTCT-1_6_2"
"286","CCGGTGACAAAGAACT-1_6_2"
"287","CCGTAGGAGACTAGAT-1_6_2"
"288","CCGTAGGAGGTCATAA-1_6_2"
"289","CCGTAGGCAGACGCTC-1_6_2"
"290","CCGTAGGCAGAGATTA-1_6_2"
"291","CCGTGAGAGACCTTTG-1_6_2"
"292","CCGTGAGAGCTGTGCC-1_6_2"
"293","CCTCACAGTCAACCAT-1_6_2"
"294","CCTCATGAGGTGCAGT-1_6_2"
"295","CCTCCAAGTCGCACAC-1_6_2"
"296","CCTTCAGCAGCTACCG-1_6_2"
"297","CCTTGTGTCACTGTTT-1_6_2"
"298","CCTTTGGGTAGCTGTT-1_6_2"
"299","CGACAGCAGCCATCCG-1_6_2"
"300","CGACAGCCAACTGCTA-1_6_2"
"301","CGAGGAAGTCAAAGTA-1_6_2"
"302","CGAGGCTGTCAGGTGA-1_6_2"
"303","CGAGTGCCAACTGAAA-1_6_2"
"304","CGAGTTAGTCCCTCAT-1_6_2"
"305","CGATCGGTCCTAGCTC-1_6_2"
"306","CGATGCGGTCGTCAGC-1_6_2"
"307","CGATGCGGTTCCACGG-1_6_2"
"308","CGATGGCGTAACGGTG-1_6_2"
"309","CGCAGGTCACCACATA-1_6_2"
"310","CGCATAAAGTATGTAG-1_6_2"
"311","CGCATGGCACCTAAAC-1_6_2"
"312","CGCATGGCAGTCGGAA-1_6_2"
"313","CGCATGGTCCGGTTCT-1_6_2"
"314","CGCATGGTCTCGTCGT-1_6_2"
"315","CGCCAGAAGCCTAACT-1_6_2"
"316","CGCCAGACATAACTCG-1_6_2"
"317","CGGAGAAAGTTCATGC-1_6_2"
"318","CGGCAGTCATCCCACT-1_6_2"
"319","CGGGACTGTACCTTCC-1_6_2"
"320","CGGGACTGTTCAGTAC-1_6_2"
"321","CGGGCATGTATCGAAA-1_6_2"
"322","CGGGTCACAACTGCTA-1_6_2"
"323","CGGGTGTCACCGTCGA-1_6_2"
"324","CGGGTGTGTAGTGTGG-1_6_2"
"325","CGTAATGGTCGCGTTG-1_6_2"
"326","CGTAGTACAGATCATC-1_6_2"
"327","CGTCCATTCTTGATTC-1_6_2"
"328","CGTGAATCATCATCCC-1_6_2"
"329","CGTGATAAGGCCCAAA-1_6_2"
"330","CGTTCTGCACGCGCTA-1_6_2"
"331","CGTTCTGGTAGCACAG-1_6_2"
"332","CGTTCTGGTTCGTACA-1_6_2"
"333","CGTTGGGAGCCGGAAT-1_6_2"
"334","CGTTGGGCAGCTTCCT-1_6_2"
"335","CGTTGGGGTCAACATC-1_6_2"
"336","CTAACCCAGTGTACCT-1_6_2"
"337","CTAACCCGTAGGCAAC-1_6_2"
"338","CTAAGTGCAACAAAGT-1_6_2"
"339","CTACAGACAGGGAATC-1_6_2"
"340","CTACAGATCAAGCCCG-1_6_2"
"341","CTACATTGTAAGCGGT-1_6_2"
"342","CTACATTGTGACACGA-1_6_2"
"343","CTACCCAAGGTGGCTA-1_6_2"
"344","CTACCCATCCGCAAAT-1_6_2"
"345","CTACCTGAGATTGGGC-1_6_2"
"346","CTAGACAAGTGATTCC-1_6_2"
"347","CTAGACACACCGCTAG-1_6_2"
"348","CTAGACACATCGCTCT-1_6_2"
"349","CTAGACAGTACAGTTC-1_6_2"
"350","CTAGACATCCGCTTAC-1_6_2"
"351","CTAGGTAGTGGAAATT-1_6_2"
"352","CTAGGTAGTTCGAAGG-1_6_2"
"353","CTCAACCAGATCACTC-1_6_2"
"354","CTCAACCCAGCGGATA-1_6_2"
"355","CTCAAGAAGACTTCAC-1_6_2"
"356","CTCAAGACATAAGCAA-1_6_2"
"357","CTCAGGGCAACAGTGG-1_6_2"
"358","CTCAGGGGTACATACC-1_6_2"
"359","CTCAGGGGTCCGATCG-1_6_2"
"360","CTCATGCGTGTGAATA-1_6_2"
"361","CTCATGCTCCAACCAA-1_6_2"
"362","CTCCACAAGGGAGAAT-1_6_2"
"363","CTCCACATCTAACACG-1_6_2"
"364","CTCCATGCAACAGAGC-1_6_2"
"365","CTCCCAAAGGCCTAGA-1_6_2"
"366","CTCCCAAGTAGTCCTA-1_6_2"
"367","CTCCCTCAGGTAGACC-1_6_2"
"368","CTCCGATAGGGTTTCT-1_6_2"
"369","CTCCGATTCGCCGAGT-1_6_2"
"370","CTCCTCCAGTATGAGT-1_6_2"
"371","CTCCTCCCACATACGT-1_6_2"
"372","CTCCTTTGTACAAGCG-1_6_2"
"373","CTCGAGGTCTGGGCCA-1_6_2"
"374","CTCTCAGAGGGCCTCT-1_6_2"
"375","CTCTCGAGTCAGACTT-1_6_2"
"376","CTCTGGTAGAGAGTTT-1_6_2"
"377","CTCTGGTCAAACAGGC-1_6_2"
"378","CTGAATGAGACATCAA-1_6_2"
"379","CTGAATGAGCGGTATG-1_6_2"
"380","CTGAGGCAGGTACAAT-1_6_2"
"381","CTGAGGCAGTACTGGG-1_6_2"
"382","CTGAGGCAGTCATGGG-1_6_2"
"383","CTGAGGCTCGGTGAAG-1_6_2"
"384","CTGATCCCATTGTAGC-1_6_2"
"385","CTGATCCTCTCCTGTG-1_6_2"
"386","CTGCATCAGCGAGTAC-1_6_2"
"387","CTGCATCAGGGATCGT-1_6_2"
"388","CTGCATCCAGGTACGA-1_6_2"
"389","CTGCGAGTCGAGTCTA-1_6_2"
"390","CTGCTCACATAAGCGG-1_6_2"
"391","CTGGACGAGGCCTGCT-1_6_2"
"392","CTGGACGCAACCGATT-1_6_2"
"393","CTGGTCTGTCGCTTGG-1_6_2"
"394","CTGTACCGTCCGGTGT-1_6_2"
"395","CTGTCGTGTCGACTGC-1_6_2"
"396","CTGTGGGAGCTACTGT-1_6_2"
"397","CTTACCGAGTACCGGA-1_6_2"
"398","CTTAGGACAAGGTCAG-1_6_2"
"399","CTTAGGACAATGTTGC-1_6_2"
"400","CTTCAATCACGTAGAG-1_6_2"
"401","CTTCAATGTAACATGA-1_6_2"
"402","CTTCGGTCAGACCAAG-1_6_2"
"403","CTTCTCTAGATAGCTA-1_6_2"
"404","CTTGAGATCGCGCTGA-1_6_2"
"405","CTTGATTGTATCAAGA-1_6_2"
"406","CTTGATTGTTCTTGCC-1_6_2"
"407","CTTTCAAAGAACTGAT-1_6_2"
"408","CTTTCGGAGACCAGAC-1_6_2"
"409","CTTTCGGAGCGTACAG-1_6_2"
"410","GAAACCTAGCCAGACA-1_6_2"
"411","GAACACTGTTCATCGA-1_6_2"
"412","GAACGTTGTTCGATTG-1_6_2"
"413","GAACGTTGTTGGAGGT-1_6_2"
"414","GAACGTTTCCGTGTGG-1_6_2"
"415","GAAGAATCAGGGTCTC-1_6_2"
"416","GAAGCCCCATGAGATA-1_6_2"
"417","GAAGCCCGTAAGTTAG-1_6_2"
"418","GAAGCGAGTCCACACG-1_6_2"
"419","GAAGCGATCAGAATAG-1_6_2"
"420","GAAGGGTCATTGCCTC-1_6_2"
"421","GAAGGGTTCGCCTATC-1_6_2"
"422","GAATCGTAGTGGTTCT-1_6_2"
"423","GAATCGTTCATAAGGA-1_6_2"
"424","GACAGCCGTATGAAGT-1_6_2"
"425","GACAGCCTCCACAGCG-1_6_2"
"426","GACATCAGTTGCCAAT-1_6_2"
"427","GACCCTTCAACGGCTC-1_6_2"
"428","GACCCTTGTAGCGAGT-1_6_2"
"429","GACCTTCAGCAAACAT-1_6_2"
"430","GACGCTGTCCTTATAC-1_6_2"
"431","GACGTTAAGTTTGTCG-1_6_2"
"432","GACGTTACAGTCTTCC-1_6_2"
"433","GACTCTCCACAGACGA-1_6_2"
"434","GACTGATCAGCGATTT-1_6_2"
"435","GAGAAATCAGCTATAC-1_6_2"
"436","GAGACTTAGTCACAGG-1_6_2"
"437","GAGACTTGTAGAAACT-1_6_2"
"438","GAGACTTGTTCTGAGT-1_6_2"
"439","GAGAGGTTCTGCTTAT-1_6_2"
"440","GAGATGGTCGAACTCA-1_6_2"
"441","GAGCCTGTCAGGAACG-1_6_2"
"442","GAGCTGCCAATACGAA-1_6_2"
"443","GAGGCAAGTATGAGCG-1_6_2"
"444","GAGGGATGTATGCGGA-1_6_2"
"445","GAGGGTAGTCCAGCCA-1_6_2"
"446","GAGGGTAGTTGCTAGT-1_6_2"
"447","GAGTCATGTCCACACG-1_6_2"
"448","GAGTCATTCAAAGAAC-1_6_2"
"449","GAGTCTAGTAGTGATA-1_6_2"
"450","GAGTGAGGTCACGACC-1_6_2"
"451","GAGTGTTGTTAAGAAC-1_6_2"
"452","GAGTTACTCCGCCTAT-1_6_2"
"453","GAGTTTGTCCTGGGTG-1_6_2"
"454","GATAGAAGTCCGGCAT-1_6_2"
"455","GATAGCTCAACTCCCT-1_6_2"
"456","GATCACATCTTCCCAG-1_6_2"
"457","GATCATGCACATACGT-1_6_2"
"458","GATCCCTTCGAATCCA-1_6_2"
"459","GATGAGGCACCAATTG-1_6_2"
"460","GATGTTGCAGCGTTGC-1_6_2"
"461","GATGTTGGTATGTCAC-1_6_2"
"462","GATTCTTTCCACCTCA-1_6_2"
"463","GCAACATAGAAATTGC-1_6_2"
"464","GCAACCGAGGCCTTGC-1_6_2"
"465","GCAACCGTCACGACTA-1_6_2"
"466","GCACATACACAGTCCG-1_6_2"
"467","GCACATAGTAGTGATA-1_6_2"
"468","GCACGGTTCATACAGC-1_6_2"
"469","GCACGTGCATCGTCCT-1_6_2"
"470","GCACTAAAGGTAGACC-1_6_2"
"471","GCACTAAGTCGTCGGT-1_6_2"
"472","GCAGCTGAGCCTGACC-1_6_2"
"473","GCAGCTGAGGGCAACT-1_6_2"
"474","GCAGTTATCAACGTGT-1_6_2"
"475","GCATCTCAGCCTCACG-1_6_2"
"476","GCATCTCCACATATGC-1_6_2"
"477","GCATGATAGCGCCATC-1_6_2"
"478","GCCAACGCAATTGCGT-1_6_2"
"479","GCCAGGTCAGCCGTCA-1_6_2"
"480","GCCATTCCATCTTCGC-1_6_2"
"481","GCCATTCGTCGGAACA-1_6_2"
"482","GCCCAGAAGGTATTGA-1_6_2"
"483","GCCGATGAGTGTTCAC-1_6_2"
"484","GCCGATGTCATTTGCT-1_6_2"
"485","GCCGTGAGTTTACCTT-1_6_2"
"486","GCCTGTTAGCTACTAC-1_6_2"
"487","GCCTGTTGTACTGTTG-1_6_2"
"488","GCGAGAACACCAATTG-1_6_2"
"489","GCGAGAAGTACGAGTG-1_6_2"
"490","GCGGAAAAGGCTATCT-1_6_2"
"491","GCGGAAACAATCGCGC-1_6_2"
"492","GCGTTTCGTGTAAATG-1_6_2"
"493","GCGTTTCTCCGGACTG-1_6_2"
"494","GCTACAACAGGTCAGA-1_6_2"
"495","GCTACCTAGTCATAGA-1_6_2"
"496","GCTGCAGAGTCACGAG-1_6_2"
"497","GCTGCAGCAGGGAATC-1_6_2"
"498","GCTTCACAGCGTTCCG-1_6_2"
"499","GCTTCACCATTGACAC-1_6_2"
"500","GCTTGGGCACAAATGA-1_6_2"
"501","GCTTTCGGTCATACCA-1_6_2"
"502","GCTTTCGTCTGTGCAA-1_6_2"
"503","GGAACCCTCGTAGCCG-1_6_2"
"504","GGAACCCTCGTTATCT-1_6_2"
"505","GGAAGTGCAGCATACT-1_6_2"
"506","GGAAGTGGTGGGAGAG-1_6_2"
"507","GGAATCTCATTACTCT-1_6_2"
"508","GGAATCTTCGGATAAA-1_6_2"
"509","GGAATGGCAATCAGCT-1_6_2"
"510","GGAGAACCAACATACC-1_6_2"
"511","GGAGAACCAAGGCCTC-1_6_2"
"512","GGAGGATAGACTCTAC-1_6_2"
"513","GGAGGTATCCTACACC-1_6_2"
"514","GGATCTATCAAAGACA-1_6_2"
"515","GGATCTATCCACGAAT-1_6_2"
"516","GGATGTTTCCCGGTAG-1_6_2"
"517","GGCACGTAGTGACCTT-1_6_2"
"518","GGCACGTCATTATGCG-1_6_2"
"519","GGCTTTCAGAAATTCG-1_6_2"
"520","GGCTTTCGTAGGTTTC-1_6_2"
"521","GGGACTCGTGTTAGCT-1_6_2"
"522","GGGACTCTCAGAACCT-1_6_2"
"523","GGGAGTACAAGCGATG-1_6_2"
"524","GGGAGTACACTCCTTG-1_6_2"
"525","GGGAGTAGTCCAAAGG-1_6_2"
"526","GGGATCCTCTCTCGAC-1_6_2"
"527","GGGCCATCACGATTCA-1_6_2"
"528","GGGCGTTCAGAGGACT-1_6_2"
"529","GGGCGTTGTCTCAAGT-1_6_2"
"530","GGGCTCATCTTCGTAT-1_6_2"
"531","GGGTAGAGTGCCGTTG-1_6_2"
"532","GGGTATTAGGTCGTAG-1_6_2"
"533","GGGTATTCAACTAGAA-1_6_2"
"534","GGGTATTCAGAACGCA-1_6_2"
"535","GGGTCACGTACTGGGA-1_6_2"
"536","GGGTGAAAGGTCCCGT-1_6_2"
"537","GGGTGTCGTGTACATC-1_6_2"
"538","GGGTTTAGTGCCCTTT-1_6_2"
"539","GGTAACTCATAGAAAC-1_6_2"
"540","GGTAACTTCGCAATTG-1_6_2"
"541","GGTAATCAGGTGAGCT-1_6_2"
"542","GGTAATCCAAGTGCAG-1_6_2"
"543","GGTCACGAGCTAAATG-1_6_2"
"544","GGTCTGGAGGAGTATT-1_6_2"
"545","GGTGGCTGTCCCACGA-1_6_2"
"546","GGTGTTAGTAGCTAAA-1_6_2"
"547","GGTGTTATCAGTGTTG-1_6_2"
"548","GGTTCTCAGCAATTAG-1_6_2"
"549","GGTTCTCAGCATACTC-1_6_2"
"550","GGTTGTAAGCAGCACA-1_6_2"
"551","GGTTGTACAGAGGCAT-1_6_2"
"552","GGTTGTACAGCTAACT-1_6_2"
"553","GGTTGTAGTCTCCTGT-1_6_2"
"554","GGTTGTATCTGCTAGA-1_6_2"
"555","GTAACACAGTGTTGTC-1_6_2"
"556","GTAACCACAGAATCGG-1_6_2"
"557","GTACAACTCGTGTGAT-1_6_2"
"558","GTAGATCCACAGCCTG-1_6_2"
"559","GTAGATCTCCTCTAGC-1_6_2"
"560","GTAGATCTCTTCTCAA-1_6_2"
"561","GTAGCTAAGGTTCATC-1_6_2"
"562","GTAGCTAGTAGCACGA-1_6_2"
"563","GTAGGAGTCCGGCTTT-1_6_2"
"564","GTCAAACCAAATGCGG-1_6_2"
"565","GTCAAACGTCGTGGTC-1_6_2"
"566","GTCAAGTGTTGCCATA-1_6_2"
"567","GTCACGGCAAACGGCA-1_6_2"
"568","GTCACTCTCTGCTAGA-1_6_2"
"569","GTCAGCGCATGGGATG-1_6_2"
"570","GTCATCCTCTCATTGT-1_6_2"
"571","GTCATGACATATGCGT-1_6_2"
"572","GTCCACTTCATACAGC-1_6_2"
"573","GTCCACTTCTGACGCG-1_6_2"
"574","GTCCTCAAGAGCACTG-1_6_2"
"575","GTCCTCAGTACTAAGA-1_6_2"
"576","GTCCTCAGTCATCACA-1_6_2"
"577","GTCCTCATCCATCTAT-1_6_2"
"578","GTCCTCATCTTGAACG-1_6_2"
"579","GTCGAATCATCCGTTC-1_6_2"
"580","GTCGCGATCTCATTAC-1_6_2"
"581","GTCGCGATCTTCCCAG-1_6_2"
"582","GTCTACCCAGAGGGTT-1_6_2"
"583","GTCTAGAAGGTAACTA-1_6_2"
"584","GTCTAGATCTCTAGGA-1_6_2"
"585","GTCTCACGTCTATGAC-1_6_2"
"586","GTCTGTCCAGACAATA-1_6_2"
"587","GTCTTTAAGGTCATAA-1_6_2"
"588","GTGACGCAGGTCATCT-1_6_2"
"589","GTGAGCCCAATTTCTC-1_6_2"
"590","GTGAGGAAGCAGCACA-1_6_2"
"591","GTGAGGACACATCATG-1_6_2"
"592","GTGAGTTTCATTCATC-1_6_2"
"593","GTGCACGAGTGGTGGT-1_6_2"
"594","GTGCACGCAAGAGTGC-1_6_2"
"595","GTGCAGCCAGTACTAC-1_6_2"
"596","GTGCGTGAGATGAAGG-1_6_2"
"597","GTGCGTGAGTCACACT-1_6_2"
"598","GTGCGTGGTATGTCTG-1_6_2"
"599","GTGCTGGCACACACGC-1_6_2"
"600","GTGCTGGCACGCGTGT-1_6_2"
"601","GTGCTTCGTGATCATC-1_6_2"
"602","GTGGAAGCAGTCGGTC-1_6_2"
"603","GTGGAAGGTACCCGAC-1_6_2"
"604","GTGGAAGGTCATAAAG-1_6_2"
"605","GTGGCGTTCGCACTCT-1_6_2"
"606","GTGGGAATCAGACCTA-1_6_2"
"607","GTGGTTACAACCCTCT-1_6_2"
"608","GTGTAACTCTCGAACA-1_6_2"
"609","GTGTCCTCACCTGCTT-1_6_2"
"610","GTGTTAGCAATCCAGT-1_6_2"
"611","GTGTTAGGTACGATCT-1_6_2"
"612","GTGTTAGTCTCAACCC-1_6_2"
"613","GTGTTCCGTTGGTAGG-1_6_2"
"614","GTTAGACAGAGCCTGA-1_6_2"
"615","GTTAGACGTAGGGAGG-1_6_2"
"616","GTTAGTGCAGGGCTTC-1_6_2"
"617","GTTATGGCAGTCAACT-1_6_2"
"618","GTTCATTCAGAGTAAT-1_6_2"
"619","GTTCATTTCTCTCTAA-1_6_2"
"620","GTTGCGGAGAGCAGTC-1_6_2"
"621","GTTGCGGGTTTACGTG-1_6_2"
"622","GTTGTAGTCGGCTGAC-1_6_2"
"623","GTTGTCCAGTGCAGGT-1_6_2"
"624","GTTGTGATCGATCCCT-1_6_2"
"625","GTTTACTAGTCTGTAC-1_6_2"
"626","GTTTACTTCAGCAGAG-1_6_2"
"627","TAACCAGAGGCTCACC-1_6_2"
"628","TAACGACAGCTCGCAC-1_6_2"
"629","TAACGACCAGGTGACA-1_6_2"
"630","TAACTTCCATGTGGTT-1_6_2"
"631","TAACTTCTCAGGAGAC-1_6_2"
"632","TAACTTCTCGAATCCA-1_6_2"
"633","TAAGCACAGGGATCTG-1_6_2"
"634","TAAGCACCAGGTGTGA-1_6_2"
"635","TAAGCCACACCGCTGA-1_6_2"
"636","TAAGCCAGTGGGAGAG-1_6_2"
"637","TAAGTCGTCGGTAAGG-1_6_2"
"638","TAATTCCAGCCATCCG-1_6_2"
"639","TACACCCCAATCAAGA-1_6_2"
"640","TACAGGTTCGCACGGT-1_6_2"
"641","TACCCACCAATACAGA-1_6_2"
"642","TACCGAACACTCCGGA-1_6_2"
"643","TACGCTCTCTTCCGTG-1_6_2"
"644","TACGGTAAGAGCAGTC-1_6_2"
"645","TACGGTAAGCTCGACC-1_6_2"
"646","TACGTCCAGGGTGGGA-1_6_2"
"647","TACGTCCGTAGTAAGT-1_6_2"
"648","TACTTACTCACCTTAT-1_6_2"
"649","TACTTACTCAGGGTAG-1_6_2"
"650","TACTTGTAGACTCGAG-1_6_2"
"651","TAGACCAGTTGTACGT-1_6_2"
"652","TAGACTGGTAGGCAAC-1_6_2"
"653","TAGAGTCTCTTAGCTT-1_6_2"
"654","TAGATCGGTTTCGTAG-1_6_2"
"655","TAGGAGGAGCACAAAT-1_6_2"
"656","TAGGTACGTTACCTGA-1_6_2"
"657","TAGGTTGTCCTAGCCT-1_6_2"
"658","TATACCTGTCTACGAT-1_6_2"
"659","TATATCCTCTGCTTAT-1_6_2"
"660","TATCAGGCACAGCGCT-1_6_2"
"661","TATCAGGCAGTAGAGC-1_6_2"
"662","TATCAGGGTAGCGATG-1_6_2"
"663","TATCAGGTCCAAAGGG-1_6_2"
"664","TATCGCCGTGATTGGG-1_6_2"
"665","TATCTGTTCTAAACGC-1_6_2"
"666","TATCTTGCAGTTACCA-1_6_2"
"667","TATTGCTCACAGTCCG-1_6_2"
"668","TATTGGGCAGCGGATA-1_6_2"
"669","TATTGGGGTCAATGGG-1_6_2"
"670","TATTGGGTCACTGGTA-1_6_2"
"671","TCAATTCAGTGATAAC-1_6_2"
"672","TCAATTCGTCGCATCG-1_6_2"
"673","TCAATTCGTGCCTAAT-1_6_2"
"674","TCACAAGTCTCAGTCC-1_6_2"
"675","TCACACCAGATACATG-1_6_2"
"676","TCACTATAGCCTCTCT-1_6_2"
"677","TCACTATAGTCTTCGA-1_6_2"
"678","TCACTATCAACATCGT-1_6_2"
"679","TCACTATGTATCAAGA-1_6_2"
"680","TCAGCAATCACGGTCG-1_6_2"
"681","TCAGGGCGTGTCTAAC-1_6_2"
"682","TCAGTCCGTCTCAGAT-1_6_2"
"683","TCAGTTTAGACTGTTC-1_6_2"
"684","TCATACTAGAGCGACT-1_6_2"
"685","TCATGCCTCTGCGGCA-1_6_2"
"686","TCATGGACATGAGTAA-1_6_2"
"687","TCATGGAGTGGCACTC-1_6_2"
"688","TCATGGATCACGATAC-1_6_2"
"689","TCATGTTAGAATGTTG-1_6_2"
"690","TCATTACAGAGTGTTA-1_6_2"
"691","TCATTCATCCTAGAGT-1_6_2"
"692","TCATTGTTCGTAACCA-1_6_2"
"693","TCCACCAAGACATATG-1_6_2"
"694","TCCACGTTCACACGAT-1_6_2"
"695","TCCAGAACAAGTTGGG-1_6_2"
"696","TCCAGAAGTGGCTGCT-1_6_2"
"697","TCCATCGTCGGAGTAG-1_6_2"
"698","TCCCAGTAGAGAACCC-1_6_2"
"699","TCCCAGTAGCATCTTG-1_6_2"
"700","TCCTAATAGCATAGGC-1_6_2"
"701","TCCTAATAGGAGAGGC-1_6_2"
"702","TCCTGCACAAATTGCC-1_6_2"
"703","TCGAACAAGCACACCC-1_6_2"
"704","TCGAACACACATATGC-1_6_2"
"705","TCGAAGTGTAGGACTG-1_6_2"
"706","TCGAAGTTCTATGTGG-1_6_2"
"707","TCGACCTCAGACACAG-1_6_2"
"708","TCGACGGGTATCCCTC-1_6_2"
"709","TCGACGGGTGCCGAAA-1_6_2"
"710","TCGACGGGTGGCCACT-1_6_2"
"711","TCGATTTTCAAGTGGG-1_6_2"
"712","TCGCACTCATGGCCCA-1_6_2"
"713","TCGCAGGAGAGGTTTA-1_6_2"
"714","TCGCAGGAGGTAGATT-1_6_2"
"715","TCGCAGGCAGGGTTGA-1_6_2"
"716","TCGCAGGTCTCATTTG-1_6_2"
"717","TCGGGACAGGAGAATG-1_6_2"
"718","TCGGGCATCTCGGGAC-1_6_2"
"719","TCGGGTGAGATTGACA-1_6_2"
"720","TCGGGTGTCGGTTCAA-1_6_2"
"721","TCGGTCTAGATAGGGA-1_6_2"
"722","TCGTCCAGTGCATGTT-1_6_2"
"723","TCGTCCAGTGTGTTTG-1_6_2"
"724","TCGTGCTTCCGCGGAT-1_6_2"
"725","TCGTGCTTCCTCACGT-1_6_2"
"726","TCTACATGTTAGAAGT-1_6_2"
"727","TCTACCGAGAGTGACC-1_6_2"
"728","TCTATCAGTTCTCCAC-1_6_2"
"729","TCTCAGCCAATCCTAG-1_6_2"
"730","TCTCCGAAGAGAGCGG-1_6_2"
"731","TCTCTGGCAGTCGGAA-1_6_2"
"732","TCTGGCTTCTTCGCTG-1_6_2"
"733","TCTTGCGGTGGGATTG-1_6_2"
"734","TCTTTGACATCACCAA-1_6_2"
"735","TGAACGTAGCAATTAG-1_6_2"
"736","TGAACGTAGCCTGCCA-1_6_2"
"737","TGAACGTGTATAGGGC-1_6_2"
"738","TGAATCGTCGAGCCTG-1_6_2"
"739","TGAATGCCATAGGCGA-1_6_2"
"740","TGAATGCGTATGGAAT-1_6_2"
"741","TGACTCCTCTGCGTCT-1_6_2"
"742","TGAGACTTCACATTGG-1_6_2"
"743","TGAGCGCTCACACGAT-1_6_2"
"744","TGAGGAGCACCCTCTA-1_6_2"
"745","TGAGGTTTCCTTGAAG-1_6_2"
"746","TGATCAGGTAAGAACT-1_6_2"
"747","TGATGCAAGTAGAATC-1_6_2"
"748","TGATGGTAGGGAGGAC-1_6_2"
"749","TGATGGTAGTGCCAGA-1_6_2"
"750","TGATGGTGTTAAGGGC-1_6_2"
"751","TGATGGTTCCTTATCA-1_6_2"
"752","TGATTCTCATCCGGTG-1_6_2"
"753","TGATTCTTCTGGTTGA-1_6_2"
"754","TGCACGGCATTCAGCA-1_6_2"
"755","TGCACGGGTTTACACG-1_6_2"
"756","TGCAGGCAGAGCATAT-1_6_2"
"757","TGCAGGCAGGAGACCT-1_6_2"
"758","TGCAGGCAGTCATGCT-1_6_2"
"759","TGCCGAGCAGGTCTCG-1_6_2"
"760","TGCGACGAGTGGCCTC-1_6_2"
"761","TGCGACGTCAAAGCCT-1_6_2"
"762","TGCGGCAAGAGTGTTA-1_6_2"
"763","TGCGGCAGTTCCGGTG-1_6_2"
"764","TGCGGGTGTTCTCGCT-1_6_2"
"765","TGCTCCAGTACCCAGC-1_6_2"
"766","TGCTCGTGTAACTGCT-1_6_2"
"767","TGCTCGTGTCGTGATT-1_6_2"
"768","TGCTGAATCATTCTTG-1_6_2"
"769","TGCTTCGAGGAGTATT-1_6_2"
"770","TGCTTCGGTCTGCCTT-1_6_2"
"771","TGCTTCGTCATGCTAG-1_6_2"
"772","TGGATCAAGATGACCG-1_6_2"
"773","TGGATCACACATTGTG-1_6_2"
"774","TGGCGTGCAGAACCGA-1_6_2"
"775","TGGGAAGCAACACGAG-1_6_2"
"776","TGGGAAGCAAGATGGC-1_6_2"
"777","TGGGAAGTCGCTCTAC-1_6_2"
"778","TGGGAGATCCATCCGT-1_6_2"
"779","TGGGAGATCGTGCGAC-1_6_2"
"780","TGGGATTTCGGAATTC-1_6_2"
"781","TGGGATTTCTATCGGA-1_6_2"
"782","TGGGTTAAGGCTTCCG-1_6_2"
"783","TGGGTTAAGTTTGAGA-1_6_2"
"784","TGGGTTACAACCCTAA-1_6_2"
"785","TGGGTTAGTCTGTGTA-1_6_2"
"786","TGGGTTAGTGATACAA-1_6_2"
"787","TGGTACAGTACCACGC-1_6_2"
"788","TGGTACATCGCGTAGC-1_6_2"
"789","TGGTAGTAGACCTTTG-1_6_2"
"790","TGGTAGTAGTGAGTGC-1_6_2"
"791","TGGTGATAGCTGAAAT-1_6_2"
"792","TGGTTAGCACGAGGAT-1_6_2"
"793","TGGTTAGGTCAACATC-1_6_2"
"794","TGTAACGTCCTTCTGG-1_6_2"
"795","TGTAGACAGTTCCAGT-1_6_2"
"796","TGTCAGACAGCTATTG-1_6_2"
"797","TGTCAGAGTGCATGTT-1_6_2"
"798","TGTCCTGAGCGATGAC-1_6_2"
"799","TGTGATGTCCCGTTCA-1_6_2"
"800","TGTGGCGAGCCACTCG-1_6_2"
"801","TGTGGCGGTCACTCAA-1_6_2"
"802","TGTTCTATCTATTTCG-1_6_2"
"803","TGTTGAGGTTGAAGTA-1_6_2"
"804","TGTTTGTGTAGTTACC-1_6_2"
"805","TTAATCCCATAATGAG-1_6_2"
"806","TTACAGGCAATCTCTT-1_6_2"
"807","TTACAGGCATTCTTCA-1_6_2"
"808","TTACAGGGTCCAAAGG-1_6_2"
"809","TTACCGCAGTATGTAG-1_6_2"
"810","TTACCGCCACGTGTGC-1_6_2"
"811","TTACCGCCATGGAATA-1_6_2"
"812","TTACCGCTCTCGTCGT-1_6_2"
"813","TTACGTTAGGAATTAC-1_6_2"
"814","TTACGTTCATCGATAC-1_6_2"
"815","TTACTGTAGGAGAATG-1_6_2"
"816","TTACTGTTCAAGCGTT-1_6_2"
"817","TTAGGCACAGCCATTA-1_6_2"
"818","TTAGGCAGTCGTTATG-1_6_2"
"819","TTAGGGTCAATGTGGG-1_6_2"
"820","TTATTGCAGTACCCTA-1_6_2"
"821","TTATTGCGTATACCTG-1_6_2"
"822","TTCAATCAGCGTGCTC-1_6_2"
"823","TTCAATCCATCCTTGC-1_6_2"
"824","TTCAATCTCGGAGTAG-1_6_2"
"825","TTCACCGGTCCATACA-1_6_2"
"826","TTCACGCGTTCAAAGA-1_6_2"
"827","TTCAGGAGTGACTGTT-1_6_2"
"828","TTCAGGATCGTACCTC-1_6_2"
"829","TTCATGTTCCACGTCT-1_6_2"
"830","TTCATTGAGACCAGAC-1_6_2"
"831","TTCCGTGAGAACTGAT-1_6_2"
"832","TTCCGTGTCGAATCCA-1_6_2"
"833","TTCCTAACATGTCGTA-1_6_2"
"834","TTCCTAAGTTCGGACC-1_6_2"
"835","TTCCTTCCATGACTCA-1_6_2"
"836","TTCGATTAGTGCTACT-1_6_2"
"837","TTCGGTCTCGGCATAT-1_6_2"
"838","TTCTAACCAACTTGGT-1_6_2"
"839","TTCTAACTCGACCATA-1_6_2"
"840","TTCTAGTCACTGTCCT-1_6_2"
"841","TTCTCTCAGATGCTTC-1_6_2"
"842","TTCTCTCGTAGGACCA-1_6_2"
"843","TTCTCTCGTTCCCAAA-1_6_2"
"844","TTCTCTCGTTCCGCAG-1_6_2"
"845","TTCTGTACAATGCAAA-1_6_2"
"846","TTCTGTATCAATCTTC-1_6_2"
"847","TTCTTGAAGCAGCACA-1_6_2"
"848","TTCTTGACATCGTCCT-1_6_2"
"849","TTGATGGGTATCGCGC-1_6_2"
"850","TTGCATTAGGATACCG-1_6_2"
"851","TTGCATTGTGACTAAA-1_6_2"
"852","TTGCCTGCAAATCCCA-1_6_2"
"853","TTGCCTGCAAGCTGCC-1_6_2"
"854","TTGCTGCTCGTCACCT-1_6_2"
"855","TTGCTGCTCTTGGGCG-1_6_2"
"856","TTGGATGAGGAACGAA-1_6_2"
"857","TTGGATGCAAGCCATT-1_6_2"
"858","TTGGGATTCAAAGCCT-1_6_2"
"859","TTGGGCGAGCTCACTA-1_6_2"
"860","TTGGGCGAGGTCGCCT-1_6_2"
"861","TTGGGTAAGCGCAATG-1_6_2"
"862","TTGGGTACATACAGCT-1_6_2"
"863","TTGGTTTAGTGAGGCT-1_6_2"
"864","TTGGTTTGTTGCCTAA-1_6_2"
"865","TTGTGTTAGCAGGGAG-1_6_2"
"866","TTGTGTTCAACTGTGT-1_6_2"
"867","TTGTTGTGTAGCACGA-1_6_2"
"868","TTTACCAAGAGCAGAA-1_6_2"
"869","TTTACCAAGCACCAGA-1_6_2"
"870","TTTACGTAGATTTGCC-1_6_2"
"871","TTTACTGAGAGATGCC-1_6_2"
"872","TTTATGCGTGGCCCAT-1_6_2"
"873","TTTCAGTAGTATGACA-1_6_2"
"874","TTTGACTTCTAGGAAA-1_6_2"
"875","TTTGTTGTCACGGGCT-1_6_2"
