"","x"
"1","AAACCCAAGTCTCCTC-1_1_2"
"2","AAACGCTGTGAGCGAT-1_1_2"
"3","AAAGGATGTGCATACT-1_1_2"
"4","AAAGGGCGTGAGATTA-1_1_2"
"5","AAAGTCCCAGAGAATT-1_1_2"
"6","AAATGGATCCCTCAAC-1_1_2"
"7","AACAACCAGCAGGGAG-1_1_2"
"8","AACACACAGGAGGGTG-1_1_2"
"9","AACAGGGTCGCACTCT-1_1_2"
"10","AACCAACCACCTGCGA-1_1_2"
"11","AACCACAGTAACATCC-1_1_2"
"12","AACGAAACAAGAGAGA-1_1_2"
"13","AACGTCAAGCGGTAAC-1_1_2"
"14","AACTTCTCAGTGGCTC-1_1_2"
"15","AAGATAGTCGGACAAG-1_1_2"
"16","AAGCCATAGGCTTAAA-1_1_2"
"17","AAGCCATCATGGGTCC-1_1_2"
"18","AAGCGAGGTCAAACGG-1_1_2"
"19","AAGGAATGTTTCGATG-1_1_2"
"20","AAGTACCGTAGACGGT-1_1_2"
"21","AATAGAGAGGTTCAGG-1_1_2"
"22","AATAGAGCAATTTCTC-1_1_2"
"23","AATGCCATCGAGATAA-1_1_2"
"24","ACAAAGATCCGCTAGG-1_1_2"
"25","ACAAGCTGTGTTTCTT-1_1_2"
"26","ACACAGTTCGTCAACA-1_1_2"
"27","ACACGCGCACCGTACG-1_1_2"
"28","ACACTGATCGGCAGTC-1_1_2"
"29","ACCAACAGTTCTCCTG-1_1_2"
"30","ACCATTTAGCTGGTGA-1_1_2"
"31","ACCATTTTCAAGCCAT-1_1_2"
"32","ACCCAAAGTGCCGTTG-1_1_2"
"33","ACCGTTCAGCCACAAG-1_1_2"
"34","ACCGTTCGTTATTCTC-1_1_2"
"35","ACCGTTCTCGTAATGC-1_1_2"
"36","ACCTGAAGTGACACAG-1_1_2"
"37","ACGATGTGTACGACAG-1_1_2"
"38","ACGGGTCAGCAGAAAG-1_1_2"
"39","ACGGTCGGTTCACGAT-1_1_2"
"40","ACGGTTAGTCTACACA-1_1_2"
"41","ACGGTTATCTATTGTC-1_1_2"
"42","ACGTAACAGATAACGT-1_1_2"
"43","ACGTAGTGTGGCTAGA-1_1_2"
"44","ACTATGGCACCGCTAG-1_1_2"
"45","ACTATTCAGTCTGTAC-1_1_2"
"46","ACTATTCCAAATGAGT-1_1_2"
"47","ACTGCAAAGTCTGCGC-1_1_2"
"48","ACTGTCCCACAATCTG-1_1_2"
"49","ACTGTCCTCAAATAGG-1_1_2"
"50","ACTTAGGGTACCGGCT-1_1_2"
"51","ACTTCCGCACTTTATC-1_1_2"
"52","AGAAGTATCATGCAGT-1_1_2"
"53","AGACAAAGTACTGAGG-1_1_2"
"54","AGACAAATCCGATAAC-1_1_2"
"55","AGACACTGTTCCAGGC-1_1_2"
"56","AGACCATAGTGCACCC-1_1_2"
"57","AGACCATGTATGAAAC-1_1_2"
"58","AGACTCATCAGACCCG-1_1_2"
"59","AGAGCAGTCGGTATGT-1_1_2"
"60","AGATAGACAGCTGAGA-1_1_2"
"61","AGATGAACAAATTGGA-1_1_2"
"62","AGCCAGCGTTGGTACT-1_1_2"
"63","AGCGATTGTCCAGCCA-1_1_2"
"64","AGCGTATAGAGCCATG-1_1_2"
"65","AGGAAATCAGCATTGT-1_1_2"
"66","AGGACGATCGGTAGGA-1_1_2"
"67","AGGAGGTCATACTTTC-1_1_2"
"68","AGGATCTCAATTCTCT-1_1_2"
"69","AGGGCCTCAGAAGTTA-1_1_2"
"70","AGGGTCCGTACTAACC-1_1_2"
"71","AGGGTGAGTGATGTAA-1_1_2"
"72","AGGGTTTCAGGTGAGT-1_1_2"
"73","AGGTCTAAGTCACTAC-1_1_2"
"74","AGGTTACGTTATTCCT-1_1_2"
"75","AGGTTGTAGGGACAGG-1_1_2"
"76","AGTAACCCATAAGCAA-1_1_2"
"77","AGTACTGAGGATTCAA-1_1_2"
"78","AGTACTGAGTCATGCT-1_1_2"
"79","AGTACTGCACATACGT-1_1_2"
"80","AGTACTGTCCCGAAAT-1_1_2"
"81","AGTCACATCCGAGAAG-1_1_2"
"82","AGTCTCCGTAACGCGA-1_1_2"
"83","AGTCTCCGTCCTCATC-1_1_2"
"84","AGTTAGCAGAGCAGCT-1_1_2"
"85","ATACCTTCACCCTTGT-1_1_2"
"86","ATACTTCGTGTGAGCA-1_1_2"
"87","ATAGGCTGTTGGGCCT-1_1_2"
"88","ATATCCTGTAATGATG-1_1_2"
"89","ATATCCTGTCGCTCGA-1_1_2"
"90","ATCACGACATTCCTCG-1_1_2"
"91","ATCCCTGTCCTCTCGA-1_1_2"
"92","ATCCGTCGTCGTTTCC-1_1_2"
"93","ATCCTATCACTGGACC-1_1_2"
"94","ATCGTCCCAAGGTCAG-1_1_2"
"95","ATCGTCCCACTCGATA-1_1_2"
"96","ATGCATGCAAACTGCT-1_1_2"
"97","ATGCATGGTCGTGATT-1_1_2"
"98","ATGCCTCAGGCTCACC-1_1_2"
"99","ATGGATCCAGCCTTCT-1_1_2"
"100","ATGGTTGAGAATAGTC-1_1_2"
"101","ATTACCTGTATTGACC-1_1_2"
"102","ATTACCTTCCTGCCAT-1_1_2"
"103","ATTCACTGTTGCTCAA-1_1_2"
"104","ATTCATCAGGTCCTGC-1_1_2"
"105","ATTCTACCACCAGCGT-1_1_2"
"106","CAAAGAAAGACTAAGT-1_1_2"
"107","CAACAACAGAGGTCGT-1_1_2"
"108","CAACAGTGTGAGCTCC-1_1_2"
"109","CAACCTCGTGTTTGCA-1_1_2"
"110","CAACCTCTCAGGAAGC-1_1_2"
"111","CAACCTCTCGGCCTTT-1_1_2"
"112","CAACGATTCGCTGTCT-1_1_2"
"113","CAACGGCGTGTACAGG-1_1_2"
"114","CAAGACTAGCGTATAA-1_1_2"
"115","CAAGACTCATGTGCCG-1_1_2"
"116","CAAGGGAAGATCACTC-1_1_2"
"117","CAAGGGAGTAGCTTGT-1_1_2"
"118","CAAGGGATCTGCGGGT-1_1_2"
"119","CAATGACAGCAACTCT-1_1_2"
"120","CAATTTCCACATTACG-1_1_2"
"121","CACAACAAGTGGCAGT-1_1_2"
"122","CACAGATCACATACGT-1_1_2"
"123","CACAGGCAGTCTGCGC-1_1_2"
"124","CACAGGCGTTGCTGAT-1_1_2"
"125","CACGAATCACGTGTGC-1_1_2"
"126","CACGGGTAGCTCCCTT-1_1_2"
"127","CACGGGTCAAGAGGTC-1_1_2"
"128","CACGTGGAGAACCCGA-1_1_2"
"129","CACGTGGAGGACTATA-1_1_2"
"130","CACGTGGCAGGTTCGC-1_1_2"
"131","CACGTTCTCGACGATT-1_1_2"
"132","CACTAAGAGACTCTAC-1_1_2"
"133","CACTAAGTCAGGAACG-1_1_2"
"134","CACTGAAAGGTGAGCT-1_1_2"
"135","CACTGTCGTGGGTCAA-1_1_2"
"136","CAGCAGCTCAATGTCG-1_1_2"
"137","CAGCAGCTCGAGTCTA-1_1_2"
"138","CAGGCCATCCATCGTC-1_1_2"
"139","CAGTTCCGTTTGTTCT-1_1_2"
"140","CATAAGCTCACGATAC-1_1_2"
"141","CATACCCTCGCCGATG-1_1_2"
"142","CATACTTGTCGATGCC-1_1_2"
"143","CATCCGTCAACCCGCA-1_1_2"
"144","CATCGGGCATACACCA-1_1_2"
"145","CATGAGTAGCACTAAA-1_1_2"
"146","CATGCGGCATAGCTGT-1_1_2"
"147","CATGGATAGGTACATA-1_1_2"
"148","CATGGTACAACCGCTG-1_1_2"
"149","CATGGTAGTTCGGTAT-1_1_2"
"150","CATTCCGAGACAGCGT-1_1_2"
"151","CATTCCGCAGAGTCAG-1_1_2"
"152","CATTCTAGTATCAGGG-1_1_2"
"153","CATTGAGGTTAAGGAT-1_1_2"
"154","CATTTCAAGTAAGAGG-1_1_2"
"155","CCAATGAGTTCCGTTC-1_1_2"
"156","CCAATTTAGTAGGATT-1_1_2"
"157","CCACCATAGAGCAGAA-1_1_2"
"158","CCACGTTAGACGAAGA-1_1_2"
"159","CCCAACTAGTGCGCTC-1_1_2"
"160","CCCAACTTCCGTGGTG-1_1_2"
"161","CCCAACTTCGAACGGA-1_1_2"
"162","CCCATTGTCACCGCTT-1_1_2"
"163","CCCTGATAGGGAGGAC-1_1_2"
"164","CCGAACGGTGGATACG-1_1_2"
"165","CCGCAAGCACCGCTGA-1_1_2"
"166","CCGGACAAGGTCTTTG-1_1_2"
"167","CCGGACAGTTGGATCT-1_1_2"
"168","CCGGGTACAAAGACTA-1_1_2"
"169","CCGGGTACACAAGTGG-1_1_2"
"170","CCTAACCGTTGTTTGG-1_1_2"
"171","CCTAAGAAGAGGTTAT-1_1_2"
"172","CCTACGTCACATTACG-1_1_2"
"173","CCTACGTGTATTGGCT-1_1_2"
"174","CCTCAACCATGAATAG-1_1_2"
"175","CCTCACACAATGGCAG-1_1_2"
"176","CCTCAGTAGAATCGAT-1_1_2"
"177","CCTCATGGTGACTGAG-1_1_2"
"178","CCTCATGTCTCTGCTG-1_1_2"
"179","CCTCCTCAGCGTGAAC-1_1_2"
"180","CCTCTAGGTGTTACTG-1_1_2"
"181","CGAATTGGTCACATTG-1_1_2"
"182","CGAGGCTCAACAGAGC-1_1_2"
"183","CGAGGCTGTACCTGTA-1_1_2"
"184","CGATGCGAGAAATCCA-1_1_2"
"185","CGATGCGAGAGACAAG-1_1_2"
"186","CGATGCGGTCCTTTGC-1_1_2"
"187","CGATGGCAGCTCTGTA-1_1_2"
"188","CGATGGCCAAATCGGG-1_1_2"
"189","CGCAGGTGTCCAGAAG-1_1_2"
"190","CGCGTGAGTATTTCTC-1_1_2"
"191","CGCGTGATCTTGGGCG-1_1_2"
"192","CGGACACCATTCTGTT-1_1_2"
"193","CGGACACGTGAGATAT-1_1_2"
"194","CGGACACTCCATTGTT-1_1_2"
"195","CGGCAGTAGGAATTAC-1_1_2"
"196","CGGGCATGTATCCCTC-1_1_2"
"197","CGGGTCACATCGTGGC-1_1_2"
"198","CGGGTGTCAATAGAGT-1_1_2"
"199","CGGTCAGAGGCTTAGG-1_1_2"
"200","CGTAGTACATGAGATA-1_1_2"
"201","CGTAGTACATTGCCTC-1_1_2"
"202","CGTCAAAAGTCTAACC-1_1_2"
"203","CGTGAATTCACCGCTT-1_1_2"
"204","CGTGTCTGTGCTCCGA-1_1_2"
"205","CGTTCTGGTGTCATTG-1_1_2"
"206","CTAACTTTCTTCCGTG-1_1_2"
"207","CTACCTGTCTACCACC-1_1_2"
"208","CTACGGGTCCTTCTAA-1_1_2"
"209","CTATAGGGTCTTCATT-1_1_2"
"210","CTCAGAAAGGCGAAGG-1_1_2"
"211","CTCAGTCGTCACTGAT-1_1_2"
"212","CTCATGCCAGGCTATT-1_1_2"
"213","CTCATGCCATCGGAAG-1_1_2"
"214","CTCCATGCATCACAGT-1_1_2"
"215","CTCCCTCTCCTTTAGT-1_1_2"
"216","CTCCGATCAATGACCT-1_1_2"
"217","CTCCGATGTTAAGACA-1_1_2"
"218","CTCCGATTCGCGGTAC-1_1_2"
"219","CTCGAGGGTGGAAATT-1_1_2"
"220","CTCTCAGAGCGACAGT-1_1_2"
"221","CTCTCAGCAGTCAGAG-1_1_2"
"222","CTGAGGCCACATGTTG-1_1_2"
"223","CTGAGGCGTCGAGCAA-1_1_2"
"224","CTGATCCGTAATTAGG-1_1_2"
"225","CTGCAGGGTCATCGGC-1_1_2"
"226","CTGCGAGAGGTTGAGC-1_1_2"
"227","CTGCGAGTCACCTTGC-1_1_2"
"228","CTGGTCTAGTCTCGTA-1_1_2"
"229","CTTAGGACACTTGGCG-1_1_2"
"230","CTTCGGTTCCATCTCG-1_1_2"
"231","CTTCTCTAGGTGATCG-1_1_2"
"232","CTTCTCTTCGACGCTG-1_1_2"
"233","CTTGAGAGTGCTCTTC-1_1_2"
"234","CTTTCAATCGAGCCAC-1_1_2"
"235","GAACACTGTAACGCGA-1_1_2"
"236","GAACGTTCAGTTGTCA-1_1_2"
"237","GAAGAATAGCGCCGTT-1_1_2"
"238","GAAGAATCACGTGTGC-1_1_2"
"239","GAAGGACCAGTTGTCA-1_1_2"
"240","GAAGGACTCTACTATC-1_1_2"
"241","GAATAGAAGATACCAA-1_1_2"
"242","GAATCGTCAATCGCAT-1_1_2"
"243","GACAGCCAGCGGATCA-1_1_2"
"244","GACCAATCAGACCAGA-1_1_2"
"245","GACCCAGAGGCTGAAC-1_1_2"
"246","GACTATGTCTTTGCGC-1_1_2"
"247","GACTGATAGAGCCATG-1_1_2"
"248","GAGCCTGCAAGTGATA-1_1_2"
"249","GAGGCCTCATTGAGCT-1_1_2"
"250","GAGTGAGCACGACGCT-1_1_2"
"251","GAGTGTTCACCAGCTG-1_1_2"
"252","GATAGAAAGATGCTGG-1_1_2"
"253","GATCAGTCAGTAACAA-1_1_2"
"254","GATCCCTTCCTACACC-1_1_2"
"255","GATCGTAAGGACTAAT-1_1_2"
"256","GATGATCAGGACTATA-1_1_2"
"257","GATGTTGAGAGGTGCT-1_1_2"
"258","GATTCGATCTGTTGGA-1_1_2"
"259","GATTGGTCAACACAAA-1_1_2"
"260","GCAACCGTCCTTGAAG-1_1_2"
"261","GCACGGTCACTACAGT-1_1_2"
"262","GCACGGTTCGAATCCA-1_1_2"
"263","GCAGGCTCACTGTCGG-1_1_2"
"264","GCATCGGAGTCCCGGT-1_1_2"
"265","GCATGATTCCTTATAC-1_1_2"
"266","GCATGATTCTGTGTGA-1_1_2"
"267","GCCAGGTCACGCGTCA-1_1_2"
"268","GCCAGTGGTCTACAGT-1_1_2"
"269","GCCGATGGTCACTCTC-1_1_2"
"270","GCCGTGAGTTATGACC-1_1_2"
"271","GCGATCGCACGGTGAA-1_1_2"
"272","GCGATCGTCTAGGCAT-1_1_2"
"273","GCGGATCAGAATCCCT-1_1_2"
"274","GCGTGCAGTTAATCGC-1_1_2"
"275","GCTACAAGTCGTATTG-1_1_2"
"276","GCTACAATCGTCCTTG-1_1_2"
"277","GCTCAAAGTGATGTAA-1_1_2"
"278","GCTGAATGTCTCCTGT-1_1_2"
"279","GCTTGGGCATGGCACC-1_1_2"
"280","GGAAGTGAGTATCCTG-1_1_2"
"281","GGACGTCCAACCACAT-1_1_2"
"282","GGAGATGGTTCGCGTG-1_1_2"
"283","GGAGGTAGTCAAAGTA-1_1_2"
"284","GGAGGTAGTTCAACGT-1_1_2"
"285","GGATCTACAGTGTACT-1_1_2"
"286","GGATCTATCCATCTAT-1_1_2"
"287","GGCGTCAAGCTGTACT-1_1_2"
"288","GGCGTCACACGTCGTG-1_1_2"
"289","GGCTGTGGTCATTCCC-1_1_2"
"290","GGCTTTCGTAGTGTGG-1_1_2"
"291","GGGACAACACGTGAGA-1_1_2"
"292","GGGAGTAAGAACTTCC-1_1_2"
"293","GGGCGTTCAGTTGGTT-1_1_2"
"294","GGGCGTTTCTGAATGC-1_1_2"
"295","GGGCTCAAGCCATTCA-1_1_2"
"296","GGGTAGACAAACACCT-1_1_2"
"297","GGGTAGACACCCGTAG-1_1_2"
"298","GGGTAGATCGTGGAAG-1_1_2"
"299","GGGTATTAGGTGCCTC-1_1_2"
"300","GGGTCACCAATTTCGG-1_1_2"
"301","GGGTGAATCAGAGCGA-1_1_2"
"302","GGGTGTCTCATCGCCT-1_1_2"
"303","GGGTTATGTTGACTGT-1_1_2"
"304","GGGTTATTCCATTGTT-1_1_2"
"305","GGGTTTAGTCTAACGT-1_1_2"
"306","GGTAACTGTATCAGCT-1_1_2"
"307","GGTCACGAGTGTAGAT-1_1_2"
"308","GGTCTGGCACTTCATT-1_1_2"
"309","GGTGAAGTCTAAGGAA-1_1_2"
"310","GGTGATTTCTTCGACC-1_1_2"
"311","GGTGGCTCACATTCGA-1_1_2"
"312","GGTTAACGTCTACAGT-1_1_2"
"313","GGTTGTATCCTACGGG-1_1_2"
"314","GTAACACTCCGATAAC-1_1_2"
"315","GTAACACTCCGGTAAT-1_1_2"
"316","GTACAGTAGCAGGTCA-1_1_2"
"317","GTAGGAGTCGAGCCTG-1_1_2"
"318","GTAGGTTGTTCCTTGC-1_1_2"
"319","GTAGTACAGGGTGAGG-1_1_2"
"320","GTAGTACGTGTCGCTG-1_1_2"
"321","GTATTGGGTAGCTGTT-1_1_2"
"322","GTCAAGTGTCGTCATA-1_1_2"
"323","GTCAAGTTCGCCTATC-1_1_2"
"324","GTCACGGGTTACAGCT-1_1_2"
"325","GTCACTCAGGTTGCCC-1_1_2"
"326","GTCACTCGTCCTCCAT-1_1_2"
"327","GTCATCCGTAACGCGA-1_1_2"
"328","GTCATCCTCGGAACTT-1_1_2"
"329","GTCATGACAAACCACT-1_1_2"
"330","GTCCCATAGCAAGGAA-1_1_2"
"331","GTCGAATCACACGCCA-1_1_2"
"332","GTCGAATTCAGCAATC-1_1_2"
"333","GTCGTAAAGTGAGGCT-1_1_2"
"334","GTCGTTCCACTAGAGG-1_1_2"
"335","GTCTGTCGTCGGTAAG-1_1_2"
"336","GTGAGGAGTTGTGTTG-1_1_2"
"337","GTGCTGGAGCCGTTAT-1_1_2"
"338","GTGGAAGAGGCGTTGA-1_1_2"
"339","GTGGAAGCAAGAATAC-1_1_2"
"340","GTGGGAAAGCGCCTTG-1_1_2"
"341","GTGGGAAGTTTGAAAG-1_1_2"
"342","GTGGTTATCACATACG-1_1_2"
"343","GTGTCCTGTCTCACAA-1_1_2"
"344","GTGTGATAGTTGCGCC-1_1_2"
"345","GTGTGGCGTGGCAACA-1_1_2"
"346","GTGTTCCAGCACTTTG-1_1_2"
"347","GTGTTCCGTGAAGCGT-1_1_2"
"348","GTTACAGGTCGCGTCA-1_1_2"
"349","GTTATGGGTAGATTGA-1_1_2"
"350","GTTCATTAGGACCCAA-1_1_2"
"351","GTTCCGTAGAAATCCA-1_1_2"
"352","GTTCTATGTTCCATTT-1_1_2"
"353","GTTGCTCAGCGAATGC-1_1_2"
"354","GTTGTCCCAACTCGAT-1_1_2"
"355","GTTGTCCGTCAAAGCG-1_1_2"
"356","GTTGTGATCTGAGGCC-1_1_2"
"357","GTTTGGAAGTAAGCAT-1_1_2"
"358","TAAGCACGTCTACGAT-1_1_2"
"359","TAAGCCATCGCTGATA-1_1_2"
"360","TAAGCGTAGAAGGCTC-1_1_2"
"361","TAAGTCGCACCCTATC-1_1_2"
"362","TAAGTCGTCACCTTAT-1_1_2"
"363","TAAGTCGTCCGGACGT-1_1_2"
"364","TAATCTCGTTACCCTC-1_1_2"
"365","TAATCTCGTTTGATCG-1_1_2"
"366","TAATTCCAGGTGCATG-1_1_2"
"367","TAATTCCCATTGTGCA-1_1_2"
"368","TAATTCCGTCTCGGAC-1_1_2"
"369","TACATTCCAGCACCCA-1_1_2"
"370","TACATTCTCAGCGTCG-1_1_2"
"371","TACCCACCATCGTGGC-1_1_2"
"372","TACCCACTCATTGTTC-1_1_2"
"373","TACCGGGCATGGAAGC-1_1_2"
"374","TACCGGGGTTCATCGA-1_1_2"
"375","TACCTGCCACCAGCCA-1_1_2"
"376","TACGTCCAGCGATCGA-1_1_2"
"377","TACTGCCTCTGCGGAC-1_1_2"
"378","TACTTACTCACTTTGT-1_1_2"
"379","TAGAGTCAGTCATTGC-1_1_2"
"380","TAGATCGGTCGCTGCA-1_1_2"
"381","TAGCACACAGTGGTGA-1_1_2"
"382","TAGCACATCTACGGTA-1_1_2"
"383","TAGGGTTAGACCCTTA-1_1_2"
"384","TAGTGCAAGCGGATCA-1_1_2"
"385","TATCCTACAGATCCAT-1_1_2"
"386","TATCCTAGTTGCTCGG-1_1_2"
"387","TATCGCCAGACAACTA-1_1_2"
"388","TATCTTGAGACTGAGC-1_1_2"
"389","TATCTTGCAATCTAGC-1_1_2"
"390","TATCTTGCAGGTACGA-1_1_2"
"391","TCAAGACCACGAGGAT-1_1_2"
"392","TCAAGCAGTGGACCAA-1_1_2"
"393","TCAAGTGCAAAGACTA-1_1_2"
"394","TCAATTCCACGTCGGT-1_1_2"
"395","TCAATTCGTCGGTACC-1_1_2"
"396","TCACACCTCATGTCTT-1_1_2"
"397","TCACATTTCCGAGATT-1_1_2"
"398","TCACGCTAGCACGTCC-1_1_2"
"399","TCACGCTAGGCTTAAA-1_1_2"
"400","TCACGCTGTTTGAAAG-1_1_2"
"401","TCACTCGCATCCTCAC-1_1_2"
"402","TCACTCGTCGTCCATC-1_1_2"
"403","TCAGGTAAGACGGAAA-1_1_2"
"404","TCAGTCCGTGATACCT-1_1_2"
"405","TCATATCCAAGCCATT-1_1_2"
"406","TCATCATCAGACCCGT-1_1_2"
"407","TCATGTTAGCATCTTG-1_1_2"
"408","TCATGTTCATTGTACG-1_1_2"
"409","TCATTGTTCAGCTGTA-1_1_2"
"410","TCATTTGTCTGGTCAA-1_1_2"
"411","TCCCATGTCCACTGAA-1_1_2"
"412","TCCGGGATCTGCGGGT-1_1_2"
"413","TCCTCGATCTGTACAG-1_1_2"
"414","TCCTGCATCTTAGGAC-1_1_2"
"415","TCCTTCTGTTACGATC-1_1_2"
"416","TCGAACAGTCGTGCCA-1_1_2"
"417","TCGAAGTCAGAAGTTA-1_1_2"
"418","TCGACCTGTTGGACCC-1_1_2"
"419","TCGATTTCACCAATTG-1_1_2"
"420","TCGGGACAGTAGGTTA-1_1_2"
"421","TCGGGACGTGACCTGC-1_1_2"
"422","TCGGGCATCAAAGCCT-1_1_2"
"423","TCGGGTGCACTGAATC-1_1_2"
"424","TCGTAGATCCTAGCTC-1_1_2"
"425","TCGTCCAGTGTCCGGT-1_1_2"
"426","TCTATACGTCGACTGC-1_1_2"
"427","TCTGCCAGTTCCACGG-1_1_2"
"428","TCTGGCTCACTACGGC-1_1_2"
"429","TCTGTCGTCATTTCCA-1_1_2"
"430","TCTTAGTCAAGTTGGG-1_1_2"
"431","TCTTCCTTCAAGCCGC-1_1_2"
"432","TGACCCTTCGTAGGAG-1_1_2"
"433","TGAGCATTCTTCTGTA-1_1_2"
"434","TGAGGAGGTCACTCTC-1_1_2"
"435","TGATCAGGTGGGCTCT-1_1_2"
"436","TGATCTTCATGGCACC-1_1_2"
"437","TGATGCAGTGATACAA-1_1_2"
"438","TGCAGATCATGGAGAC-1_1_2"
"439","TGCAGGCTCGTGGTAT-1_1_2"
"440","TGCCGAGCACGTTGGC-1_1_2"
"441","TGCTCCAGTGCCTAAT-1_1_2"
"442","TGCTGAACATGGTACT-1_1_2"
"443","TGCTTGCGTCGCAACC-1_1_2"
"444","TGGATCATCAGAATAG-1_1_2"
"445","TGGATCATCTACGCAA-1_1_2"
"446","TGGATGTGTCTGTAAC-1_1_2"
"447","TGGGAAGGTCATAACC-1_1_2"
"448","TGGGATTCATCCGATA-1_1_2"
"449","TGGGATTTCTACGCAA-1_1_2"
"450","TGGTACAAGGCCACTC-1_1_2"
"451","TGTAACGTCGATACGT-1_1_2"
"452","TGTAAGCTCGATACTG-1_1_2"
"453","TGTACAGAGAATCTAG-1_1_2"
"454","TGTGCGGTCAGTGTTG-1_1_2"
"455","TGTGGCGAGATTGACA-1_1_2"
"456","TGTGTGACATAGATCC-1_1_2"
"457","TGTGTGAGTTCAAGTC-1_1_2"
"458","TGTTCATGTATCGAGG-1_1_2"
"459","TGTTCCGAGATGAACT-1_1_2"
"460","TGTTGAGGTGGTTCTA-1_1_2"
"461","TGTTTGTGTTACCGTA-1_1_2"
"462","TTAATCCCATAGATCC-1_1_2"
"463","TTAATCCGTAGATGTA-1_1_2"
"464","TTACAGGAGTCAGCCC-1_1_2"
"465","TTACCATCAAGCGGAT-1_1_2"
"466","TTACCGCCACGGTGTC-1_1_2"
"467","TTACGCCTCGAAATCC-1_1_2"
"468","TTAGGCAAGGTTCCGC-1_1_2"
"469","TTCAATCGTCCTATAG-1_1_2"
"470","TTCACCGCACAAATGA-1_1_2"
"471","TTCACCGCATATCTGG-1_1_2"
"472","TTCATGTTCGACCAAT-1_1_2"
"473","TTCATGTTCGCCGAGT-1_1_2"
"474","TTCCAATCAGCGAGTA-1_1_2"
"475","TTCGGTCAGATGACAT-1_1_2"
"476","TTCGGTCCAGTCGCAC-1_1_2"
"477","TTCTAACCAGCTGTAT-1_1_2"
"478","TTCTAACGTGGCTGCT-1_1_2"
"479","TTCTGTACAACTCGAT-1_1_2"
"480","TTGAGTGTCGCTAGCG-1_1_2"
"481","TTGCCTGTCAACCCGG-1_1_2"
"482","TTGCTGCGTTAACAGA-1_1_2"
"483","TTGGGCGAGGTAGGCT-1_1_2"
"484","TTGGGCGTCCAACACA-1_1_2"
"485","TTGGGTAAGTAACAGT-1_1_2"
"486","TTGGGTATCTTGAACG-1_1_2"
"487","TTGTGTTTCCTGGGTG-1_1_2"
"488","TTTACGTGTAGAAACT-1_1_2"
"489","TTTACTGGTTCAAACC-1_1_2"
"490","TTTATGCGTCTGTAGT-1_1_2"
"491","TTTCACACACTCGATA-1_1_2"
"492","TTTCGATTCTTTGCTA-1_1_2"
"493","TTTGACTGTTAGGCTT-1_1_2"
"494","TTTGATCAGGCCTGCT-1_1_2"
"495","TTTGGAGGTCTAGATC-1_1_2"
