"","x"
"1","AAACGAACACAATGTC-1_5_2"
"2","AAAGGATGTCGCACAC-1_5_2"
"3","AACAAAGCACGTTCGG-1_5_2"
"4","AACCAACGTGTGACCC-1_5_2"
"5","AACCTGAGTGTGGACA-1_5_2"
"6","AACGAAAGTCCGGTGT-1_5_2"
"7","AAGCCATCAGAAATTG-1_5_2"
"8","AAGCCATTCCCGAGGT-1_5_2"
"9","AATTTCCTCATACGAC-1_5_2"
"10","ACACCAAGTTACAGCT-1_5_2"
"11","ACAGAAACAATAGTAG-1_5_2"
"12","ACAGCCGCAGACCATT-1_5_2"
"13","ACCTGAACAGCGCGTT-1_5_2"
"14","ACGATGTGTCTGTCAA-1_5_2"
"15","ACGTAGTGTCTTGCTC-1_5_2"
"16","ACGTTCCTCTGCCTCA-1_5_2"
"17","ACTCCCAAGCCAAGCA-1_5_2"
"18","ACTCTCGTCTCTGCCA-1_5_2"
"19","ACTGTGAAGGATACCG-1_5_2"
"20","ACTGTGAGTCTGTGCG-1_5_2"
"21","ACTTCCGTCTCTTCAA-1_5_2"
"22","AGAACAAAGTAAACGT-1_5_2"
"23","AGAACCTAGACGTCCC-1_5_2"
"24","AGACAAAGTCGTATGT-1_5_2"
"25","AGATGAACAGTGTATC-1_5_2"
"26","AGCGTATCACTCCTTG-1_5_2"
"27","AGGACGAGTCAACCAT-1_5_2"
"28","AGGACGAGTGACAACG-1_5_2"
"29","AGGACTTGTGTCTTCC-1_5_2"
"30","AGGCATTGTCGTATTG-1_5_2"
"31","AGGCCACTCACTGAAC-1_5_2"
"32","AGGCTGCTCAGCAGAG-1_5_2"
"33","AGGTAGGAGAATAACC-1_5_2"
"34","AGGTAGGTCATAGACC-1_5_2"
"35","AGGTCTACACGGTGTC-1_5_2"
"36","AGTAGTCCATGCTGCG-1_5_2"
"37","ATAGACCCATGGCCAC-1_5_2"
"38","ATAGAGAGTGCAATGG-1_5_2"
"39","ATCACAGGTAGGTCAG-1_5_2"
"40","ATCCCTGTCAATCCAG-1_5_2"
"41","ATCGCCTTCGTCAACA-1_5_2"
"42","ATCGGATCACGAGGAT-1_5_2"
"43","ATGATCGTCTCCCTAG-1_5_2"
"44","ATGGAGGTCAACACGT-1_5_2"
"45","ATGGAGGTCTTCGCTG-1_5_2"
"46","ATGGGAGTCTGTGCAA-1_5_2"
"47","ATGTCCCTCGGCCAAC-1_5_2"
"48","ATTATCCCAGCCTTCT-1_5_2"
"49","CAAAGAACAGAGGTTG-1_5_2"
"50","CAACAGTAGTCGGCAA-1_5_2"
"51","CAACCAATCGGCAGTC-1_5_2"
"52","CAAGACTAGCACGATG-1_5_2"
"53","CACGTGGCACTCCGGA-1_5_2"
"54","CAGATACAGGCACTCC-1_5_2"
"55","CAGATCACAATCGAAA-1_5_2"
"56","CAGATTGTCCCGTGAG-1_5_2"
"57","CAGCAGCAGTTGCGAG-1_5_2"
"58","CAGCCAGCAGGTGTGA-1_5_2"
"59","CAGGCCAGTTCCGGTG-1_5_2"
"60","CAGTTCCAGGCTAAAT-1_5_2"
"61","CATAAGCTCTTCGTGC-1_5_2"
"62","CATCGGGAGCAGTAAT-1_5_2"
"63","CATTGAGAGATGCGAC-1_5_2"
"64","CATTGAGCAACGTATC-1_5_2"
"65","CATTGTTCAGTATGAA-1_5_2"
"66","CCATAAGCAGCGCTTG-1_5_2"
"67","CCATCACCAGTATGAA-1_5_2"
"68","CCATCACGTGACCTGC-1_5_2"
"69","CCCTCTCCACTTGTGA-1_5_2"
"70","CCGAACGCAGAAGTTA-1_5_2"
"71","CCTCAACAGTCGGGAT-1_5_2"
"72","CCTCAACGTACGGGAT-1_5_2"
"73","CCTGCATCAACGTTAC-1_5_2"
"74","CCTGTTGTCTCCTGAC-1_5_2"
"75","CGACAGCAGTGAGGTC-1_5_2"
"76","CGCAGGTAGGCTGGAT-1_5_2"
"77","CTACAGACACTACCGG-1_5_2"
"78","CTACAGAGTCACGTGC-1_5_2"
"79","CTACAGAGTCTTGCGG-1_5_2"
"80","CTAGGTACATGCGTGC-1_5_2"
"81","CTCAGAAGTTTGACAC-1_5_2"
"82","CTCCTTTGTACAAACA-1_5_2"
"83","CTGGCAGTCCTTACCG-1_5_2"
"84","CTTGATTAGGGTCTTT-1_5_2"
"85","GAACACTTCCCTCAAC-1_5_2"
"86","GAAGTAATCTGGGCAC-1_5_2"
"87","GACCCTTTCTACGGTA-1_5_2"
"88","GACCTTCAGAAGCCTG-1_5_2"
"89","GACGTTACACCCTGAG-1_5_2"
"90","GACTCTCAGGATATAC-1_5_2"
"91","GAGCTGCTCGATTGGT-1_5_2"
"92","GAGTCTATCTGCATAG-1_5_2"
"93","GAGTGAGTCGCGCTGA-1_5_2"
"94","GAGTTGTCATGACAGG-1_5_2"
"95","GATAGCTTCGTTGCCT-1_5_2"
"96","GATGACTCACGGCACT-1_5_2"
"97","GCAACCGAGAAAGTCT-1_5_2"
"98","GCCAACGAGTCCCGGT-1_5_2"
"99","GCCAGCAGTATGCTAC-1_5_2"
"100","GCCAGGTAGTTAACAG-1_5_2"
"101","GCCAGGTGTTTGTTCT-1_5_2"
"102","GCCATGGTCTTCTAAC-1_5_2"
"103","GCCCGAAGTTCCACAA-1_5_2"
"104","GCCGTGATCGAAGCAG-1_5_2"
"105","GCTACAATCACACGAT-1_5_2"
"106","GCTGGGTAGGCGTTGA-1_5_2"
"107","GGACGTCCAATTGAAG-1_5_2"
"108","GGCACGTCACTAGAGG-1_5_2"
"109","GGCGTCAAGGCATGGT-1_5_2"
"110","GGGACAAGTAACAGTA-1_5_2"
"111","GGGATCCGTGTCCCTT-1_5_2"
"112","GGGCCATAGGCTCACC-1_5_2"
"113","GGGCCATGTCGTATTG-1_5_2"
"114","GGGTGAAGTTGTGCCG-1_5_2"
"115","GGTGTCGAGGATACCG-1_5_2"
"116","GTAACACTCCATAGGT-1_5_2"
"117","GTAATCGAGAATAACC-1_5_2"
"118","GTAGAAAGTCAACGCC-1_5_2"
"119","GTAGGTTCAGTGAGCA-1_5_2"
"120","GTATTGGAGTTGCCTA-1_5_2"
"121","GTCAGCGTCACTTCTA-1_5_2"
"122","GTGTGATAGTGCGTCC-1_5_2"
"123","GTGTTCCTCTCGCTCA-1_5_2"
"124","GTTACAGAGGCCGCTT-1_5_2"
"125","GTTACGATCACTTCTA-1_5_2"
"126","GTTATGGTCGCAGATT-1_5_2"
"127","GTTCGCTGTCACGACC-1_5_2"
"128","GTTGCGGCAGGTTCCG-1_5_2"
"129","GTTGTGAGTTCCCACT-1_5_2"
"130","TACATTCTCTGTCGCT-1_5_2"
"131","TACCTCGAGGTGCTTT-1_5_2"
"132","TAGCACAGTGTTGATC-1_5_2"
"133","TATGTTCGTTTGAACC-1_5_2"
"134","TCAAGTGGTACTAAGA-1_5_2"
"135","TCAATCTTCTCTCTAA-1_5_2"
"136","TCACACCCACTTTAGG-1_5_2"
"137","TCACTCGCACTCCACT-1_5_2"
"138","TCAGCCTCACATACTG-1_5_2"
"139","TCATATCCACGTCATA-1_5_2"
"140","TCATGAGGTACGATGG-1_5_2"
"141","TCCACCACATCCTATT-1_5_2"
"142","TCCATCGTCCGAGTGC-1_5_2"
"143","TCCCACATCGCGGTAC-1_5_2"
"144","TCCTCCCGTATTGGCT-1_5_2"
"145","TCCTGCACATAATCCG-1_5_2"
"146","TCCTTTCAGCTTAAGA-1_5_2"
"147","TCCTTTCAGTACTCGT-1_5_2"
"148","TCGACGGGTTAAACCC-1_5_2"
"149","TCTATACGTGAGAGGG-1_5_2"
"150","TCTCAGCGTACCGGAA-1_5_2"
"151","TCTGCCAGTGTTGCCG-1_5_2"
"152","TCTTGCGGTCTACGTA-1_5_2"
"153","TGACCCTTCCATATGG-1_5_2"
"154","TGACTCCAGCTGTGCC-1_5_2"
"155","TGAGGTTTCGTCGATA-1_5_2"
"156","TGCACGGCACTACACA-1_5_2"
"157","TGCAGGCCACCATATG-1_5_2"
"158","TGCTTGCAGGTTCTAC-1_5_2"
"159","TGGGAAGTCACAGAGG-1_5_2"
"160","TGGTAGTGTAGTGGCA-1_5_2"
"161","TGGTTAGTCTTCTCAA-1_5_2"
"162","TGTAAGCAGTCAACAA-1_5_2"
"163","TGTCAGACAGCGCGTT-1_5_2"
"164","TGTTCATAGCAGCCCT-1_5_2"
"165","TGTTTGTGTATTGCCA-1_5_2"
"166","TTACAGGTCGACCACG-1_5_2"
"167","TTAGGCATCGCCAGAC-1_5_2"
"168","TTCAGGAAGCCGTCGT-1_5_2"
"169","TTCATGTCATTGAGCT-1_5_2"
"170","TTCCTTCCAGCAATTC-1_5_2"
"171","TTCTCTCGTAACGTTC-1_5_2"
"172","TTCTTCCTCTGCCTGT-1_5_2"
"173","TTGCATTAGCAAATCA-1_5_2"
"174","TTGCGTCAGAGGTTAT-1_5_2"
"175","TTGCGTCTCTCGCTTG-1_5_2"
"176","TTGGGCGCAGCTGTTA-1_5_2"
"177","TTGGGTACACCTGTCT-1_5_2"
"178","TTGGTTTTCTTTGCGC-1_5_2"
"179","TTGTTGTCAAGTGACG-1_5_2"
"180","TTGTTTGGTATGAGCG-1_5_2"
"181","TTTACCACAATAGTAG-1_5_2"
"182","TTTCATGTCGAAGCAG-1_5_2"
"183","TTTGACTTCTCTGCCA-1_5_2"
