"","x"
"1","AACAAAGTCAGACTGT-1_4_1"
"2","AACGGGAAGCTCGGCT-1_4_1"
"3","AAGCATCCACTCATAG-1_4_1"
"4","AATCGACCACGAGGTA-1_4_1"
"5","AATCGTGAGTCATGGG-1_4_1"
"6","ACACTGAGTCCCTAAA-1_4_1"
"7","ACATCGATCTCGTCGT-1_4_1"
"8","ACGTACACAAATCAAG-1_4_1"
"9","ACGTAGTTCGTCTAAG-1_4_1"
"10","ACTTTCACAGCAGACA-1_4_1"
"11","AGCGCCATCCCGAACG-1_4_1"
"12","AGCGCTGCAGTTCTAG-1_4_1"
"13","AGCTCAACATACCGTA-1_4_1"
"14","AGTACTGCAGAACTAA-1_4_1"
"15","AGTCAACGTCTTGGTA-1_4_1"
"16","ATATCCTCAAGCCATT-1_4_1"
"17","ATTCCCGGTAATACCC-1_4_1"
"18","ATTCGTTAGACCATAA-1_4_1"
"19","ATTCTACCATAGAAAC-1_4_1"
"20","ATTGGGTTCCGACGGT-1_4_1"
"21","CAAGGGAGTGTGTCGC-1_4_1"
"22","CAATCGAAGACCTCAT-1_4_1"
"23","CACTTCGGTGAATGTA-1_4_1"
"24","CATCGGGAGAGTTCGG-1_4_1"
"25","CATTCTAAGGTGGTTG-1_4_1"
"26","CCCTCTCCAGGTTCAT-1_4_1"
"27","CGCCAGAAGGACAACC-1_4_1"
"28","CGGAACCTCAGCACCG-1_4_1"
"29","CGGAGAACATGATGCT-1_4_1"
"30","CGGCAGTTCTGCATAG-1_4_1"
"31","CGGGCATTCGCTAATG-1_4_1"
"32","CTCCGATTCCGACAGC-1_4_1"
"33","CTGCTCAGTGGATCGA-1_4_1"
"34","CTGGCAGCAAGATGGC-1_4_1"
"35","CTGGTCTTCGCGAAGA-1_4_1"
"36","CTTACCGGTCATATGC-1_4_1"
"37","CTTCTAAGTACATACC-1_4_1"
"38","GATGATCCATTCGATG-1_4_1"
"39","GCAGCTGGTAGTGGCA-1_4_1"
"40","GCAGGCTGTTTCACAG-1_4_1"
"41","GCCAACGGTGCCCACA-1_4_1"
"42","GCCAGCAGTGTTGACT-1_4_1"
"43","GCGTTTCTCGAATGCT-1_4_1"
"44","GGAATCTCAACACAAA-1_4_1"
"45","GGGACAACAGAGCTAG-1_4_1"
"46","GGGTGAACAAGGTCTT-1_4_1"
"47","GGTTAACAGTTAACGA-1_4_1"
"48","GGTTAACTCTGCCTGT-1_4_1"
"49","GTCACTCCACGGTAGA-1_4_1"
"50","GTCCACTCAGAGATTA-1_4_1"
"51","GTGAGCCGTATTCTCT-1_4_1"
"52","GTGATGTCACAAATGA-1_4_1"
"53","GTGCTGGAGTGATTCC-1_4_1"
"54","GTTACCCAGTCGTCTA-1_4_1"
"55","GTTACGATCGCGCCAA-1_4_1"
"56","GTTCGCTAGGGATCGT-1_4_1"
"57","GTTGTAGCATCGTGGC-1_4_1"
"58","TACCGGGTCAATCCAG-1_4_1"
"59","TACCTGCAGAAGGCTC-1_4_1"
"60","TACTGCCCAGCTTCCT-1_4_1"
"61","TACTGCCCAGTAGATA-1_4_1"
"62","TAGACCAGTGGAAGTC-1_4_1"
"63","TAGGGTTAGGAACTAT-1_4_1"
"64","TAGGGTTTCTCCCATG-1_4_1"
"65","TCCCATGCATGTCGTA-1_4_1"
"66","TCCGAAATCTGGCCGA-1_4_1"
"67","TCCTGCACAGGAGGAG-1_4_1"
"68","TCGAAGTGTCCGGTGT-1_4_1"
"69","TCGGATAGTCCTACGG-1_4_1"
"70","TCTGCCAAGACGAAGA-1_4_1"
"71","TGATTCTGTAAGGCCA-1_4_1"
"72","TGCGATATCACGATCA-1_4_1"
"73","TGGGTTAGTCAGACTT-1_4_1"
"74","TTGGGATCAGTCCCGA-1_4_1"
"75","TTTAGTCAGGTTGTTC-1_4_1"
"76","TTTGGAGAGAGTACCG-1_4_1"
"77","TTTGGTTCAATTAGGA-1_4_1"
