"","x"
"1","AAACCCAAGCCTCATA-1_4_2"
"2","AAAGAACTCCGGGACT-1_4_2"
"3","AAAGGTAAGACGATAT-1_4_2"
"4","AAAGGTACATGGCGCT-1_4_2"
"5","AAATGGAAGGTAAAGG-1_4_2"
"6","AACAAAGAGAGTCTTC-1_4_2"
"7","AACAAAGTCTCTGGTC-1_4_2"
"8","AACAACCAGCGTCGAA-1_4_2"
"9","AACAACCAGGGCAATC-1_4_2"
"10","AACAAGAGTTCTATCT-1_4_2"
"11","AACACACAGCGCCTTG-1_4_2"
"12","AACACACTCCTATGGA-1_4_2"
"13","AACAGGGAGTACCATC-1_4_2"
"14","AACAGGGGTACGGTTT-1_4_2"
"15","AACAGGGGTCAGGCAA-1_4_2"
"16","AACCACAGTGTAACGG-1_4_2"
"17","AACCACATCGATGCTA-1_4_2"
"18","AACCATGAGTGCTCAT-1_4_2"
"19","AACCATGCAAATGAGT-1_4_2"
"20","AACCCAAGTGCTGATT-1_4_2"
"21","AACCCAATCTAAGCGT-1_4_2"
"22","AACGAAAGTAACCAGG-1_4_2"
"23","AACGGGACAAGTGGGT-1_4_2"
"24","AAGAACAAGCCGTTAT-1_4_2"
"25","AAGAACACAGGCTATT-1_4_2"
"26","AAGACAAAGTTCCATG-1_4_2"
"27","AAGACAATCTAGGCCG-1_4_2"
"28","AAGACTCAGCTGACTT-1_4_2"
"29","AAGACTCCATGGGATG-1_4_2"
"30","AAGCCATGTACGCTTA-1_4_2"
"31","AAGCGTTCAGTGACCC-1_4_2"
"32","AAGCGTTTCTTCACAT-1_4_2"
"33","AAGTCGTGTCACGTGC-1_4_2"
"34","AATAGAGGTGGTCCGT-1_4_2"
"35","AATGAAGGTCATATGC-1_4_2"
"36","AATGACCGTAGCGTAG-1_4_2"
"37","AATGCCATCCCTGGTT-1_4_2"
"38","AATGGAAGTTTGCCGG-1_4_2"
"39","AATGGCTAGTCATAGA-1_4_2"
"40","AATGGCTCAAGAGCTG-1_4_2"
"41","AATTCCTAGGTTCCAT-1_4_2"
"42","AATTTCCCAAGACGGT-1_4_2"
"43","AATTTCCCAGCCATTA-1_4_2"
"44","ACAAAGACACCTCTAC-1_4_2"
"45","ACAAAGACAGAATGTA-1_4_2"
"46","ACACAGTAGGCTCTAT-1_4_2"
"47","ACACAGTAGTCCTGCG-1_4_2"
"48","ACACAGTTCTTTCGAT-1_4_2"
"49","ACACCAAGTTAACCTG-1_4_2"
"50","ACACGCGTCTACCAGA-1_4_2"
"51","ACACTGACAGTCGCAC-1_4_2"
"52","ACAGAAACATTGAGCT-1_4_2"
"53","ACAGAAATCTTCGATT-1_4_2"
"54","ACAGGGAAGCAGCCCT-1_4_2"
"55","ACAGGGATCGAGAGAC-1_4_2"
"56","ACATGCAAGTTCACTG-1_4_2"
"57","ACATTTCCACGCGGTT-1_4_2"
"58","ACCAAACGTGTGATGG-1_4_2"
"59","ACCAAACGTTTGCCGG-1_4_2"
"60","ACCACAATCATTATCC-1_4_2"
"61","ACCATTTCACGTAGAG-1_4_2"
"62","ACCCAAACACCGCTGA-1_4_2"
"63","ACCCAAAGTGTCCGTG-1_4_2"
"64","ACCCTTGTCCTTCTGG-1_4_2"
"65","ACCTACCCAGTAGGAC-1_4_2"
"66","ACCTACCTCTGCTTTA-1_4_2"
"67","ACCTGAATCTCGCAGG-1_4_2"
"68","ACCTGTCAGCGGCTCT-1_4_2"
"69","ACCTGTCCAAAGCTAA-1_4_2"
"70","ACGATGTAGCCAAGGT-1_4_2"
"71","ACGATGTTCCCTATTA-1_4_2"
"72","ACGCACGAGTTGTAAG-1_4_2"
"73","ACGGAAGAGCTAGAGC-1_4_2"
"74","ACGGAAGAGGCGTTGA-1_4_2"
"75","ACGGTCGTCTCCCAAC-1_4_2"
"76","ACGTACACACCTAAAC-1_4_2"
"77","ACGTAGTTCACACGAT-1_4_2"
"78","ACGTCCTGTTTGGGTT-1_4_2"
"79","ACGTTCCGTTCTCCAC-1_4_2"
"80","ACTACGACATACTGAC-1_4_2"
"81","ACTACGATCTGCACCT-1_4_2"
"82","ACTATCTAGACGTCCC-1_4_2"
"83","ACTATGGAGCGTCAAG-1_4_2"
"84","ACTATTCAGCGAGTAC-1_4_2"
"85","ACTATTCGTACCCAGC-1_4_2"
"86","ACTATTCTCAGTGCGC-1_4_2"
"87","ACTCCCACAACTGGTT-1_4_2"
"88","ACTCCCAGTAGCTTTG-1_4_2"
"89","ACTCCCAGTCTGATAC-1_4_2"
"90","ACTCCCAGTGTAGGAC-1_4_2"
"91","ACTCTCGGTTCGAAGG-1_4_2"
"92","ACTGTGACATGAAGCG-1_4_2"
"93","ACTTAGGAGTAGGCCA-1_4_2"
"94","ACTTAGGCATTCTCTA-1_4_2"
"95","ACTTATCGTTCAGTAC-1_4_2"
"96","ACTTCGCCAGTCCCGA-1_4_2"
"97","ACTTCGCGTTCTGAGT-1_4_2"
"98","ACTTTCATCCATTGCC-1_4_2"
"99","ACTTTGTAGGTTAAAC-1_4_2"
"100","ACTTTGTCACCTTCGT-1_4_2"
"101","ACTTTGTCATACAGAA-1_4_2"
"102","ACTTTGTGTGAATTGA-1_4_2"
"103","ACTTTGTGTGCATTTG-1_4_2"
"104","AGAAATGAGCAGTACG-1_4_2"
"105","AGAACAAAGAGGCTGT-1_4_2"
"106","AGAAGCGGTATGTCTG-1_4_2"
"107","AGAAGTACATGGGAAC-1_4_2"
"108","AGAAGTAGTGACCGTC-1_4_2"
"109","AGACAAAAGATTGCGG-1_4_2"
"110","AGACAAACAGGAACCA-1_4_2"
"111","AGACCATAGATAACGT-1_4_2"
"112","AGACCATCAGAATTCC-1_4_2"
"113","AGACCATTCATGAAAG-1_4_2"
"114","AGACCCGAGGCGTCCT-1_4_2"
"115","AGACTCACAATAACCC-1_4_2"
"116","AGAGAATAGTAGAATC-1_4_2"
"117","AGAGCCCCAGCAGTGA-1_4_2"
"118","AGAGCCCCATAGAATG-1_4_2"
"119","AGAGCCCTCTCGAACA-1_4_2"
"120","AGATCCAAGCCTCTCT-1_4_2"
"121","AGATCGTGTTGCCTAA-1_4_2"
"122","AGATGAAAGAGTCTTC-1_4_2"
"123","AGATGCTGTGAGCGAT-1_4_2"
"124","AGATGCTGTTACGGAG-1_4_2"
"125","AGATGCTTCGCTCATC-1_4_2"
"126","AGCATCAGTTTCGTTT-1_4_2"
"127","AGCATCATCAGACATC-1_4_2"
"128","AGCCAATTCTTCCCAG-1_4_2"
"129","AGCCACGAGTGGTTGG-1_4_2"
"130","AGCCACGCAAACACGG-1_4_2"
"131","AGCCACGTCCGACATA-1_4_2"
"132","AGCCAGCTCTTTCAGT-1_4_2"
"133","AGCGATTCACAAAGCG-1_4_2"
"134","AGCGATTCAGTGAGCA-1_4_2"
"135","AGCGATTGTCAGGTGA-1_4_2"
"136","AGCGCCAAGATCGACG-1_4_2"
"137","AGCGTATTCACTAGCA-1_4_2"
"138","AGCGTCGTCCACAAGT-1_4_2"
"139","AGCTCAAAGGCAGGTT-1_4_2"
"140","AGCTTCCGTGGTCAAG-1_4_2"
"141","AGGAAATAGCCTGTCG-1_4_2"
"142","AGGAAATCAGGATTCT-1_4_2"
"143","AGGAAATCATGACGAG-1_4_2"
"144","AGGACTTAGGGACAGG-1_4_2"
"145","AGGACTTGTGGACTGA-1_4_2"
"146","AGGACTTTCGAGATAA-1_4_2"
"147","AGGAGGTAGAAAGTCT-1_4_2"
"148","AGGCATTCAGACAATA-1_4_2"
"149","AGGCATTCATCCGAAT-1_4_2"
"150","AGGCCACGTCTGTGTA-1_4_2"
"151","AGGCTGCAGACTGGGT-1_4_2"
"152","AGGCTGCAGTGCCGAA-1_4_2"
"153","AGGCTGCCATACTGAC-1_4_2"
"154","AGGCTGCTCTTTCAGT-1_4_2"
"155","AGGGCCTGTGAGTTGG-1_4_2"
"156","AGGGCCTGTTCCAAAC-1_4_2"
"157","AGGGCTCAGTAGGGTC-1_4_2"
"158","AGGGCTCTCTTACGTT-1_4_2"
"159","AGGGTCCAGCCGGATA-1_4_2"
"160","AGGGTGAAGTGGATTA-1_4_2"
"161","AGGGTTTAGAGGTTAT-1_4_2"
"162","AGGGTTTAGAGTGTTA-1_4_2"
"163","AGGTAGGGTGTCTTAG-1_4_2"
"164","AGGTCATGTTTATGCG-1_4_2"
"165","AGGTCTAAGAGTACCG-1_4_2"
"166","AGGTCTACACTATCGA-1_4_2"
"167","AGGTGTTAGTATGTAG-1_4_2"
"168","AGGTGTTCACTTCTCG-1_4_2"
"169","AGGTGTTGTACTCGCG-1_4_2"
"170","AGGTGTTGTTTAGTCG-1_4_2"
"171","AGGTTACAGCGATGGT-1_4_2"
"172","AGGTTGTGTAGCGTAG-1_4_2"
"173","AGTACTGAGGAGCTGT-1_4_2"
"174","AGTAGTCCAATCGTCA-1_4_2"
"175","AGTAGTCTCTCAAAGC-1_4_2"
"176","AGTCACAGTCTTTATC-1_4_2"
"177","AGTCACAGTTGCCAAT-1_4_2"
"178","AGTCATGTCTGAGGTT-1_4_2"
"179","AGTCTCCCACAAGTGG-1_4_2"
"180","AGTCTCCCAGTACTAC-1_4_2"
"181","AGTGATCAGCACTCCG-1_4_2"
"182","AGTGATCAGTTCGGTT-1_4_2"
"183","AGTGATCCAGTAGGAC-1_4_2"
"184","AGTGATCGTTTCCAAG-1_4_2"
"185","AGTGCCGGTAGAGACC-1_4_2"
"186","AGTGTTGCACTAGGCC-1_4_2"
"187","AGTGTTGGTATGCTAC-1_4_2"
"188","AGTTAGCGTCCTGGTG-1_4_2"
"189","AGTTCCCTCCAGTTCC-1_4_2"
"190","AGTTCGAGTTGTTTGG-1_4_2"
"191","AGTTCGATCGGTCGAC-1_4_2"
"192","ATACCTTTCGTGTTCC-1_4_2"
"193","ATACTTCAGGCAGTCA-1_4_2"
"194","ATACTTCAGGCCTAAG-1_4_2"
"195","ATACTTCCAGGTTTAC-1_4_2"
"196","ATAGACCGTGCACATT-1_4_2"
"197","ATAGACCGTTAAAGTG-1_4_2"
"198","ATAGAGACAACTGCCG-1_4_2"
"199","ATAGAGACATCACGGC-1_4_2"
"200","ATAGAGATCGAACCTA-1_4_2"
"201","ATCACGAGTGAGACCA-1_4_2"
"202","ATCACTTTCCTACTGC-1_4_2"
"203","ATCAGGTAGCAATTAG-1_4_2"
"204","ATCAGGTCAACTCGTA-1_4_2"
"205","ATCAGGTGTTAAGAAC-1_4_2"
"206","ATCATTCGTAGCTTTG-1_4_2"
"207","ATCCACCAGGGTCACA-1_4_2"
"208","ATCCATTGTGGGACAT-1_4_2"
"209","ATCCGTCTCACCTTGC-1_4_2"
"210","ATCCTATAGTTCCGTA-1_4_2"
"211","ATCCTATGTCTTCGAA-1_4_2"
"212","ATCGATGGTTTAGTCG-1_4_2"
"213","ATCGATGTCTACCCAC-1_4_2"
"214","ATCGTAGAGGTTGTTC-1_4_2"
"215","ATCGTAGTCTTCGACC-1_4_2"
"216","ATCGTGACAGCACCCA-1_4_2"
"217","ATCGTGAGTCGCATGC-1_4_2"
"218","ATGACCAGTAGTTCCA-1_4_2"
"219","ATGACCAGTTCAGCTA-1_4_2"
"220","ATGAGGGAGACGAGCT-1_4_2"
"221","ATGAGGGGTACGGATG-1_4_2"
"222","ATGCATGGTAGCACAG-1_4_2"
"223","ATGCATGGTCTTAGTG-1_4_2"
"224","ATGCCTCAGCGAGAAA-1_4_2"
"225","ATGCCTCGTAAGTTGA-1_4_2"
"226","ATGCCTCTCACATACG-1_4_2"
"227","ATGGAGGGTACAGGTG-1_4_2"
"228","ATGGATCCAACGTTAC-1_4_2"
"229","ATGGATCCAATTGCCA-1_4_2"
"230","ATGGATCTCAACTCTT-1_4_2"
"231","ATGGATCTCCGTTTCG-1_4_2"
"232","ATGGGTTAGCCTAGGA-1_4_2"
"233","ATGGTTGCACAATGCT-1_4_2"
"234","ATGGTTGCACCTCTAC-1_4_2"
"235","ATGTCCCTCCACCTCA-1_4_2"
"236","ATGTCTTAGGGCGAAG-1_4_2"
"237","ATTACCTTCTCGCTTG-1_4_2"
"238","ATTACTCGTTTACTTC-1_4_2"
"239","ATTATCCTCAAAGGTA-1_4_2"
"240","ATTATCCTCTTCTGTA-1_4_2"
"241","ATTCACTGTCGTTATG-1_4_2"
"242","ATTCAGGCAACACAGG-1_4_2"
"243","ATTCAGGGTCTCAGAT-1_4_2"
"244","ATTCATCAGAGCTGAC-1_4_2"
"245","ATTCATCCAATTCTCT-1_4_2"
"246","ATTCATCCACGGAAGT-1_4_2"
"247","ATTCATCGTGGTTTGT-1_4_2"
"248","ATTCATCTCATGTCAG-1_4_2"
"249","ATTCGTTGTAATGATG-1_4_2"
"250","ATTCTACTCATGCTAG-1_4_2"
"251","ATTGGGTCATAATCCG-1_4_2"
"252","ATTGTTCCAGCAGTCC-1_4_2"
"253","ATTTACCGTAGAATAC-1_4_2"
"254","ATTTCACGTTAGGCCC-1_4_2"
"255","ATTTCACGTTCAAGTC-1_4_2"
"256","ATTTCTGAGAGTCAGC-1_4_2"
"257","ATTTCTGGTAAGGCCA-1_4_2"
"258","CAACAACAGAGTGTGC-1_4_2"
"259","CAACAACGTCATCGGC-1_4_2"
"260","CAACCAAGTAACCAGG-1_4_2"
"261","CAACCAATCCAGTACA-1_4_2"
"262","CAACGATTCCCTAGGG-1_4_2"
"263","CAACGATTCGGAACTT-1_4_2"
"264","CAACGGCAGTCGCCCA-1_4_2"
"265","CAAGCTAAGCATGCAG-1_4_2"
"266","CAAGCTATCGAGCCTG-1_4_2"
"267","CAAGCTATCTAAGAAG-1_4_2"
"268","CAAGCTATCTGAATGC-1_4_2"
"269","CAAGGGAGTTATCTGG-1_4_2"
"270","CAATACGAGGATAATC-1_4_2"
"271","CAATACGGTTCACCGG-1_4_2"
"272","CAATGACTCATGACAC-1_4_2"
"273","CAATTTCAGGCACAAC-1_4_2"
"274","CACACAAAGAGGATGA-1_4_2"
"275","CACACAAGTATGGGAC-1_4_2"
"276","CACACAATCTCATTGT-1_4_2"
"277","CACAGGCAGAAATTGC-1_4_2"
"278","CACAGGCGTAAGATAC-1_4_2"
"279","CACATGAGTGCCGGTT-1_4_2"
"280","CACGGGTAGTGATTCC-1_4_2"
"281","CACGGGTTCCCTCTTT-1_4_2"
"282","CACGTGGCACTGTGAT-1_4_2"
"283","CACGTGGGTGGCTAGA-1_4_2"
"284","CACGTTCAGAGGCGGA-1_4_2"
"285","CACGTTCAGCGGGTTA-1_4_2"
"286","CACTGAAGTATCGCGC-1_4_2"
"287","CACTGGGGTTTCCCAC-1_4_2"
"288","CACTGTCAGATACAGT-1_4_2"
"289","CACTTCGTCTAGAGCT-1_4_2"
"290","CAGAGCCAGAGAATCT-1_4_2"
"291","CAGATCAGTAGGACTG-1_4_2"
"292","CAGATCAGTGGTCTTA-1_4_2"
"293","CAGATTGTCGCTGTCT-1_4_2"
"294","CAGCAATTCGAGCTGC-1_4_2"
"295","CAGCAATTCTTTCCAA-1_4_2"
"296","CAGCACGCATAGTCAC-1_4_2"
"297","CAGCACGTCCTCGATC-1_4_2"
"298","CAGCAGCCAGTGAGCA-1_4_2"
"299","CAGTGCGGTGTCATTG-1_4_2"
"300","CATACAGAGCTGTTCA-1_4_2"
"301","CATACCCTCAAAGGAT-1_4_2"
"302","CATAGACTCGCATAGT-1_4_2"
"303","CATCAAGCATCTAACG-1_4_2"
"304","CATCGCTAGGCCTAGA-1_4_2"
"305","CATCGCTCAGTATTCG-1_4_2"
"306","CATCGCTTCAAGTCGT-1_4_2"
"307","CATCGGGCATCGAAGG-1_4_2"
"308","CATCGTCCAATACGCT-1_4_2"
"309","CATGAGTCAATAGTGA-1_4_2"
"310","CATGCCTGTCTACAAC-1_4_2"
"311","CATGGTAGTGAGGCAT-1_4_2"
"312","CATTCCGCATGCTGCG-1_4_2"
"313","CATTCCGTCGGAGATG-1_4_2"
"314","CATTCTATCGCAACAT-1_4_2"
"315","CATTGAGGTATTTCCT-1_4_2"
"316","CATTGTTCAACATCGT-1_4_2"
"317","CCAAGCGCAGTCTCTC-1_4_2"
"318","CCAATTTCAAAGACTA-1_4_2"
"319","CCACGAGGTCAGCTTA-1_4_2"
"320","CCACGAGTCACCTCAC-1_4_2"
"321","CCACGTTTCGGAATGG-1_4_2"
"322","CCACTTGGTTCTAAGC-1_4_2"
"323","CCACTTGTCACATTGG-1_4_2"
"324","CCACTTGTCATGAGAA-1_4_2"
"325","CCATAAGAGCTGGCCT-1_4_2"
"326","CCATCACCAAGGTTGG-1_4_2"
"327","CCCATTGAGCCACCGT-1_4_2"
"328","CCCATTGAGGTAATCA-1_4_2"
"329","CCCATTGGTCAAGTTC-1_4_2"
"330","CCCATTGTCGTTCCTG-1_4_2"
"331","CCCGGAACACAACGTT-1_4_2"
"332","CCCTAACTCACGAACT-1_4_2"
"333","CCCTCAATCTGGGAGA-1_4_2"
"334","CCCTCTCTCGTGGTAT-1_4_2"
"335","CCCTGATGTTGTTTGG-1_4_2"
"336","CCCTTAGGTTGGAGAC-1_4_2"
"337","CCGAACGAGACGGAAA-1_4_2"
"338","CCGATGGAGCCGATCC-1_4_2"
"339","CCGCAAGCAAGACTGG-1_4_2"
"340","CCGGACACAAGATCCT-1_4_2"
"341","CCGGACAGTCAGTCCG-1_4_2"
"342","CCGGGTACAATGTCTG-1_4_2"
"343","CCGGTAGCAGCCTACG-1_4_2"
"344","CCGTGAGTCTATCGTT-1_4_2"
"345","CCGTTCAAGGTAGTAT-1_4_2"
"346","CCTAACCGTCGCATTA-1_4_2"
"347","CCTACGTAGGTAATCA-1_4_2"
"348","CCTCAGTGTTTGACAC-1_4_2"
"349","CCTCAGTTCTAGTACG-1_4_2"
"350","CCTCATGCACAGTCAT-1_4_2"
"351","CCTCTCCCATGTCAGT-1_4_2"
"352","CCTGCATCAGTGCCTG-1_4_2"
"353","CCTGCATGTCTGTGTA-1_4_2"
"354","CCTGCATTCAGTAGGG-1_4_2"
"355","CCTGTTGAGATTAGCA-1_4_2"
"356","CCTGTTGCAGTGTACT-1_4_2"
"357","CCTTGTGAGACTAGAT-1_4_2"
"358","CCTTGTGTCCTAGCGG-1_4_2"
"359","CCTTTGGCACTATCGA-1_4_2"
"360","CCTTTGGGTCGTGTTA-1_4_2"
"361","CGAAGGAGTGGCTTGC-1_4_2"
"362","CGAAGGATCCATCTCG-1_4_2"
"363","CGAAGGATCCTCTAGC-1_4_2"
"364","CGAAGTTGTGAGATCG-1_4_2"
"365","CGACAGCAGGTGCAGT-1_4_2"
"366","CGAGAAGAGAAATTCG-1_4_2"
"367","CGAGGCTAGCAGGGAG-1_4_2"
"368","CGAGTGCGTGTGACCC-1_4_2"
"369","CGAGTGCTCGAACCTA-1_4_2"
"370","CGAGTTAAGTCACTGT-1_4_2"
"371","CGAGTTATCGGCATAT-1_4_2"
"372","CGATCGGGTTGCCTAA-1_4_2"
"373","CGATGCGAGGGATCAC-1_4_2"
"374","CGATGGCAGATTCGCT-1_4_2"
"375","CGATGGCAGCAAGTCG-1_4_2"
"376","CGCAGGTTCTAGACAC-1_4_2"
"377","CGCATAAAGTTTGGCT-1_4_2"
"378","CGCATGGCAGTTTGGT-1_4_2"
"379","CGCATGGGTGTTAACC-1_4_2"
"380","CGCCAGACAAGGCAAC-1_4_2"
"381","CGCCAGACACTACACA-1_4_2"
"382","CGCCAGACATGCGTGC-1_4_2"
"383","CGCCATTTCCTCTGCA-1_4_2"
"384","CGCCATTTCTCATGCC-1_4_2"
"385","CGCGTGATCATTGAGC-1_4_2"
"386","CGGAACCAGTACAGCG-1_4_2"
"387","CGGAACCAGTTGGAGC-1_4_2"
"388","CGGAATTAGTCCGTCG-1_4_2"
"389","CGGAATTCATTGAAAG-1_4_2"
"390","CGGACACGTCCTTTGC-1_4_2"
"391","CGGAGAAAGACTCTTG-1_4_2"
"392","CGGAGAACAACCACGC-1_4_2"
"393","CGGAGAACACTGGCGT-1_4_2"
"394","CGGCAGTTCTGATGGT-1_4_2"
"395","CGGGACTAGAGGATCC-1_4_2"
"396","CGGGTGTGTAACCAGG-1_4_2"
"397","CGGTCAGCAAGCTACT-1_4_2"
"398","CGGTCAGCAGGTTACT-1_4_2"
"399","CGTAATGTCCTACCAC-1_4_2"
"400","CGTCAAACACTGCTTC-1_4_2"
"401","CGTGAATAGAGCGACT-1_4_2"
"402","CGTGAATAGATGCCGA-1_4_2"
"403","CGTGATACAGCTATAC-1_4_2"
"404","CGTGCTTCAAGATCCT-1_4_2"
"405","CGTGCTTCACGCTTAA-1_4_2"
"406","CGTTAGACACTGCACG-1_4_2"
"407","CGTTGGGGTTTACGAC-1_4_2"
"408","CTAACCCTCTCGCAGG-1_4_2"
"409","CTAAGTGTCTCCATAT-1_4_2"
"410","CTACAGACAGACATCT-1_4_2"
"411","CTACCCAAGAAGGTAG-1_4_2"
"412","CTACCCATCAACCTTT-1_4_2"
"413","CTACGGGCACCTTCCA-1_4_2"
"414","CTACTATCATCAACCA-1_4_2"
"415","CTAGACACAGTTCTAG-1_4_2"
"416","CTAGACAGTGCGTGCT-1_4_2"
"417","CTAGACATCCCTCGAT-1_4_2"
"418","CTAGACATCGAGTTGT-1_4_2"
"419","CTATAGGGTACAGTCT-1_4_2"
"420","CTATCCGAGGATTTCC-1_4_2"
"421","CTATCCGGTCAACCTA-1_4_2"
"422","CTATCCGGTTGCATCA-1_4_2"
"423","CTATCCGTCGAACGCC-1_4_2"
"424","CTATCTAAGAAGCCTG-1_4_2"
"425","CTATCTAGTCCAAAGG-1_4_2"
"426","CTATCTATCTAAGAAG-1_4_2"
"427","CTCAACCGTTCCCACT-1_4_2"
"428","CTCAACCTCAGATGCT-1_4_2"
"429","CTCAAGAAGTCGCTAT-1_4_2"
"430","CTCAATTCAGGAATAT-1_4_2"
"431","CTCAATTTCTCTGACC-1_4_2"
"432","CTCACTGTCAAATAGG-1_4_2"
"433","CTCAGAATCCCATACC-1_4_2"
"434","CTCAGGGAGACGCCCT-1_4_2"
"435","CTCAGGGCAAAGGCGT-1_4_2"
"436","CTCAGGGCAGTTTCGA-1_4_2"
"437","CTCATCGAGACATCCT-1_4_2"
"438","CTCATCGTCGCAGTCG-1_4_2"
"439","CTCATGCAGGAATCGC-1_4_2"
"440","CTCATGCCATCACAGT-1_4_2"
"441","CTCATGCGTCTACAGT-1_4_2"
"442","CTCATTACAAATTGCC-1_4_2"
"443","CTCCAACCAAACTCTG-1_4_2"
"444","CTCCAACTCTCGCAGG-1_4_2"
"445","CTCCACAAGCGTACAG-1_4_2"
"446","CTCCACAAGGGTTTCT-1_4_2"
"447","CTCCACACAACAGCTT-1_4_2"
"448","CTCCACATCTCTGAGA-1_4_2"
"449","CTCCATGAGGATTTAG-1_4_2"
"450","CTCCATGGTCAAATCC-1_4_2"
"451","CTCCATGGTTACGCCG-1_4_2"
"452","CTCCCAACACGACAAG-1_4_2"
"453","CTCCCTCCAGATGCGA-1_4_2"
"454","CTCCCTCGTTGCATCA-1_4_2"
"455","CTCCCTCTCTGTCGCT-1_4_2"
"456","CTCGAGGTCTCACCCA-1_4_2"
"457","CTCTCAGCATCCGATA-1_4_2"
"458","CTCTGGTCAAGAATAC-1_4_2"
"459","CTGAATGAGCACCAGA-1_4_2"
"460","CTGAATGGTTCCAAAC-1_4_2"
"461","CTGAGCGCAAATCGGG-1_4_2"
"462","CTGAGGCAGCATGGGT-1_4_2"
"463","CTGATCCGTGTGTCGC-1_4_2"
"464","CTGCAGGCATCGGAAG-1_4_2"
"465","CTGCAGGTCCTGCCAT-1_4_2"
"466","CTGCATCAGTTGCGAG-1_4_2"
"467","CTGCCATCAAGAGCTG-1_4_2"
"468","CTGCCATGTCGTGGAA-1_4_2"
"469","CTGCGAGAGCCGTAAG-1_4_2"
"470","CTGCGAGGTCGTTCAA-1_4_2"
"471","CTGGCAGGTCCCGGTA-1_4_2"
"472","CTGGTCTGTGCTGTCG-1_4_2"
"473","CTGTACCAGCGAGTCA-1_4_2"
"474","CTGTCGTAGACGGTCA-1_4_2"
"475","CTGTCGTCAGGTTCAT-1_4_2"
"476","CTGTCGTGTATGCTAC-1_4_2"
"477","CTGTGAAGTAGGTCAG-1_4_2"
"478","CTGTGGGTCGAGTGGA-1_4_2"
"479","CTTACCGTCTCTGCTG-1_4_2"
"480","CTTAGGATCACCTACC-1_4_2"
"481","CTTAGGATCATTCTTG-1_4_2"
"482","CTTCAATAGTTCTCTT-1_4_2"
"483","CTTCCGAAGGTCATAA-1_4_2"
"484","CTTCGGTGTTCGAGCC-1_4_2"
"485","CTTCGGTTCCGATCTC-1_4_2"
"486","CTTCTCTAGAAGTGTT-1_4_2"
"487","CTTGATTCAAGCAGGT-1_4_2"
"488","GAAACCTCAAGGACAC-1_4_2"
"489","GAAACCTTCAAAGGAT-1_4_2"
"490","GAAATGAAGACCTTTG-1_4_2"
"491","GAACACTGTGAGCTCC-1_4_2"
"492","GAACTGTAGATGGCAC-1_4_2"
"493","GAACTGTTCGGTTCAA-1_4_2"
"494","GAAGAATTCTGAATCG-1_4_2"
"495","GAAGCCCCAAGCGAAC-1_4_2"
"496","GAAGCCCCATAGAAAC-1_4_2"
"497","GAAGCCCTCGGACGTC-1_4_2"
"498","GAAGGACGTAGACAGC-1_4_2"
"499","GAAGGGTAGGTTCACT-1_4_2"
"500","GAAGGGTTCCACGGAC-1_4_2"
"501","GAAGTAACAGAAGCGT-1_4_2"
"502","GAATAGAAGACAACTA-1_4_2"
"503","GAATAGACATCGATGT-1_4_2"
"504","GAATCACTCAACGCTA-1_4_2"
"505","GAATCGTTCCTGTAGA-1_4_2"
"506","GACACGCGTACTAAGA-1_4_2"
"507","GACATCACAACTACGT-1_4_2"
"508","GACATCAGTTAAACCC-1_4_2"
"509","GACATCAGTTTGGGTT-1_4_2"
"510","GACCAATCACACAGAG-1_4_2"
"511","GACCAATTCGATGGAG-1_4_2"
"512","GACCAATTCGCTTGCT-1_4_2"
"513","GACCCTTAGGTACAGC-1_4_2"
"514","GACCCTTCAGTGAGCA-1_4_2"
"515","GACCGTGAGATCCCGC-1_4_2"
"516","GACCGTGGTTCGGGTC-1_4_2"
"517","GACCGTGGTTGGACCC-1_4_2"
"518","GACGCTGCACTTACAG-1_4_2"
"519","GACGCTGTCAGGGTAG-1_4_2"
"520","GACTATGGTACGAAAT-1_4_2"
"521","GACTGATAGTTAACGA-1_4_2"
"522","GACTGATCAAAGCAAT-1_4_2"
"523","GACTTCCCACGGCCAT-1_4_2"
"524","GACTTCCTCTTTGCTA-1_4_2"
"525","GAGAAATCAAGGTCTT-1_4_2"
"526","GAGACCCAGAGGATCC-1_4_2"
"527","GAGACTTCACAAATCC-1_4_2"
"528","GAGAGGTAGTCCCTAA-1_4_2"
"529","GAGATGGTCATTACGG-1_4_2"
"530","GAGCCTGGTACAGTCT-1_4_2"
"531","GAGCTGCGTTCGAAGG-1_4_2"
"532","GAGCTGCGTTGTCCCT-1_4_2"
"533","GAGCTGCTCCCGAGGT-1_4_2"
"534","GAGGCAACACCGCTGA-1_4_2"
"535","GAGGCAACACCGTCGA-1_4_2"
"536","GAGGCCTGTGGTCAAG-1_4_2"
"537","GAGGCCTTCAGACTGT-1_4_2"
"538","GAGGCCTTCGCCTAGG-1_4_2"
"539","GAGGGATGTTATTCCT-1_4_2"
"540","GAGGGTATCATGCCCT-1_4_2"
"541","GAGTGTTTCGCTGACG-1_4_2"
"542","GAGTTACAGGTAACTA-1_4_2"
"543","GAGTTACAGTTATGGA-1_4_2"
"544","GAGTTACTCTAAACGC-1_4_2"
"545","GAGTTTGCAAGTGGCA-1_4_2"
"546","GATAGCTAGTCTAACC-1_4_2"
"547","GATAGCTGTCTGTGGC-1_4_2"
"548","GATCACACAGCGGTCT-1_4_2"
"549","GATCAGTGTAGTGATA-1_4_2"
"550","GATCATGAGACGCAGT-1_4_2"
"551","GATCGTAAGTGTAGAT-1_4_2"
"552","GATCGTAGTAAGCGGT-1_4_2"
"553","GATCGTATCAAGAATG-1_4_2"
"554","GATGACTCAAGGAGTC-1_4_2"
"555","GATGACTCAATTCGTG-1_4_2"
"556","GATGAGGAGTACGTCT-1_4_2"
"557","GATGAGGAGTGACCTT-1_4_2"
"558","GATGAGGTCATTGAGC-1_4_2"
"559","GATGAGGTCGTGCTCT-1_4_2"
"560","GATGATCAGAGATCGC-1_4_2"
"561","GATGATCTCATGTCTT-1_4_2"
"562","GATTTCTCATATACCG-1_4_2"
"563","GCACATATCCCTATTA-1_4_2"
"564","GCACGTGGTCGAAACG-1_4_2"
"565","GCAGGCTTCCACAGCG-1_4_2"
"566","GCAGTTATCCGCTAGG-1_4_2"
"567","GCATCGGCACTTGTGA-1_4_2"
"568","GCATGATCACTTTATC-1_4_2"
"569","GCATTAGAGCTGAGTG-1_4_2"
"570","GCATTAGGTGGCTCTG-1_4_2"
"571","GCCAGGTAGGGCGAGA-1_4_2"
"572","GCCAGGTAGGTGCTTT-1_4_2"
"573","GCCATGGTCGTGGCTG-1_4_2"
"574","GCCATTCCAACCACAT-1_4_2"
"575","GCCCAGACAACCTAAC-1_4_2"
"576","GCCCAGATCCGTGGCA-1_4_2"
"577","GCCCAGATCGTGGCGT-1_4_2"
"578","GCCGATGCAACTCATG-1_4_2"
"579","GCCGTGAGTTTAGTCG-1_4_2"
"580","GCCTGTTGTGGCTTGC-1_4_2"
"581","GCGATCGCAGACAATA-1_4_2"
"582","GCGATCGGTTCGAGCC-1_4_2"
"583","GCGATCGTCAACCGAT-1_4_2"
"584","GCGGAAACAGTAGAAT-1_4_2"
"585","GCGGATCCAGTGGCTC-1_4_2"
"586","GCGGATCGTTCAGTAC-1_4_2"
"587","GCGTGCATCCAGCACG-1_4_2"
"588","GCTACAAGTCGTTGGC-1_4_2"
"589","GCTACAATCGCTTAAG-1_4_2"
"590","GCTACCTCAAAGACGC-1_4_2"
"591","GCTGCAGTCGCCTTGT-1_4_2"
"592","GCTGGGTCACAAGCTT-1_4_2"
"593","GCTGGGTGTGTGACCC-1_4_2"
"594","GCTTTCGCACTTCAAG-1_4_2"
"595","GGAACCCCACTGATTG-1_4_2"
"596","GGAAGTGGTAACATAG-1_4_2"
"597","GGAATCTCATGAAGGC-1_4_2"
"598","GGACGTCTCATCACAG-1_4_2"
"599","GGACGTCTCGGCTGTG-1_4_2"
"600","GGAGAACCACCAGCGT-1_4_2"
"601","GGAGATGAGTAAGGGA-1_4_2"
"602","GGAGATGGTCGAACGA-1_4_2"
"603","GGAGATGGTGCTGATT-1_4_2"
"604","GGAGGATGTAATGATG-1_4_2"
"605","GGAGGATTCAGTGTCA-1_4_2"
"606","GGAGGATTCGGAAACG-1_4_2"
"607","GGAGGTAAGGCGTTAG-1_4_2"
"608","GGATCTAAGAGTATAC-1_4_2"
"609","GGATCTATCTGTAAGC-1_4_2"
"610","GGATGTTAGTGTTCAC-1_4_2"
"611","GGCACGTTCCGCAAAT-1_4_2"
"612","GGCTGTGCAAGGGCAT-1_4_2"
"613","GGCTTTCGTCCACATA-1_4_2"
"614","GGGACAAGTTCGTTCC-1_4_2"
"615","GGGACAATCGGAGTAG-1_4_2"
"616","GGGACTCAGACGTCGA-1_4_2"
"617","GGGACTCGTAGCTTAC-1_4_2"
"618","GGGAGATTCTCTCCGA-1_4_2"
"619","GGGAGTAGTCACCCTT-1_4_2"
"620","GGGATGAGTGCCGGTT-1_4_2"
"621","GGGCGTTTCACATACG-1_4_2"
"622","GGGCTACCAACCACGC-1_4_2"
"623","GGGCTCACATGCTGCG-1_4_2"
"624","GGGTAGACACCTTCGT-1_4_2"
"625","GGGTTATAGGGCCCTT-1_4_2"
"626","GGGTTATAGTAAGAGG-1_4_2"
"627","GGGTTTAGTTTGTGGT-1_4_2"
"628","GGTAATCCAACAGCTT-1_4_2"
"629","GGTAGAGAGAGCTGAC-1_4_2"
"630","GGTAGAGTCCAACACA-1_4_2"
"631","GGTCACGAGCGCCCAT-1_4_2"
"632","GGTCTGGAGATCGCCC-1_4_2"
"633","GGTCTGGCACACTGGC-1_4_2"
"634","GGTCTGGCAGTGACCC-1_4_2"
"635","GGTCTGGGTGCAGATG-1_4_2"
"636","GGTGAAGGTAACATAG-1_4_2"
"637","GGTGAAGTCTAGAACC-1_4_2"
"638","GGTGGCTTCGGTCACG-1_4_2"
"639","GGTGTCGTCGATGCAT-1_4_2"
"640","GGTTAACTCTCCGTGT-1_4_2"
"641","GGTTCTCTCTGCGATA-1_4_2"
"642","GGTTCTCTCTGGCTGG-1_4_2"
"643","GTAACCACAAGATTGA-1_4_2"
"644","GTAACCACAGCTGCCA-1_4_2"
"645","GTAAGTCAGTGGAAAG-1_4_2"
"646","GTACAGTGTGGGATTG-1_4_2"
"647","GTAGAGGCATCGGTTA-1_4_2"
"648","GTAGATCTCGTTATCT-1_4_2"
"649","GTAGATCTCTTGGTCC-1_4_2"
"650","GTAGGAGCAAGTTCGT-1_4_2"
"651","GTAGGTTCAGACTCTA-1_4_2"
"652","GTAGTACAGACAGTCG-1_4_2"
"653","GTATTGGGTGCTTATG-1_4_2"
"654","GTATTTCAGGGAGGTG-1_4_2"
"655","GTCAAGTCAGGGACTA-1_4_2"
"656","GTCAAGTCAGTGTATC-1_4_2"
"657","GTCACTCAGACAGCTG-1_4_2"
"658","GTCACTCGTAGCGCCT-1_4_2"
"659","GTCACTCTCTTGATTC-1_4_2"
"660","GTCAGCGAGGCGAACT-1_4_2"
"661","GTCATCCGTTGTTGAC-1_4_2"
"662","GTCATGAAGAGAGTGA-1_4_2"
"663","GTCCACTTCAAGCCAT-1_4_2"
"664","GTCCCATAGCTGTCCG-1_4_2"
"665","GTCCCATCATATGCGT-1_4_2"
"666","GTCGAATGTAGGCAAC-1_4_2"
"667","GTCGAATGTCCCTGAG-1_4_2"
"668","GTCGCGACAGCAGACA-1_4_2"
"669","GTCGCGACAGCTGTAT-1_4_2"
"670","GTCGTAATCCGATGCG-1_4_2"
"671","GTCGTTCCAGGGACTA-1_4_2"
"672","GTCGTTCTCTCTGCCA-1_4_2"
"673","GTCTAGAGTCCCGCAA-1_4_2"
"674","GTCTTTAAGGGCCTCT-1_4_2"
"675","GTGACGCTCTGCTCTG-1_4_2"
"676","GTGAGGATCCGTATGA-1_4_2"
"677","GTGAGTTCACGAGGAT-1_4_2"
"678","GTGATGTGTAGACTGG-1_4_2"
"679","GTGATGTTCCTACACC-1_4_2"
"680","GTGCAGCTCCTGCCAT-1_4_2"
"681","GTGCGTGGTGACAGGT-1_4_2"
"682","GTGCTGGAGGGAGTTC-1_4_2"
"683","GTGCTGGGTGATCATC-1_4_2"
"684","GTGCTTCCAGGGTCTC-1_4_2"
"685","GTGCTTCTCGTCGGGT-1_4_2"
"686","GTGGAGAGTGCGACAA-1_4_2"
"687","GTGGGAATCCATAAGC-1_4_2"
"688","GTGGTTAGTGCCCTTT-1_4_2"
"689","GTGGTTAGTGGTCTGC-1_4_2"
"690","GTGGTTAGTTGTCATG-1_4_2"
"691","GTGTAACCAACCTAAC-1_4_2"
"692","GTGTAACGTTCTCACC-1_4_2"
"693","GTGTAACTCGTTCATT-1_4_2"
"694","GTGTCCTAGTCCCAAT-1_4_2"
"695","GTGTGATAGAGGTCAC-1_4_2"
"696","GTGTGATCATCCTAAG-1_4_2"
"697","GTGTGGCCAATGTCTG-1_4_2"
"698","GTGTTAGCACCCTCTA-1_4_2"
"699","GTGTTAGTCCATCACC-1_4_2"
"700","GTGTTCCGTCCACACG-1_4_2"
"701","GTGTTCCGTTCTATCT-1_4_2"
"702","GTTACAGAGGATCATA-1_4_2"
"703","GTTACAGAGTAAGCAT-1_4_2"
"704","GTTACAGGTGAAAGTT-1_4_2"
"705","GTTACGAAGAGATCGC-1_4_2"
"706","GTTAGACTCAGACCGC-1_4_2"
"707","GTTAGTGCACTTGGCG-1_4_2"
"708","GTTCATTCAGAGATTA-1_4_2"
"709","GTTCGCTTCGCCAACG-1_4_2"
"710","GTTCTATGTGGTGATG-1_4_2"
"711","GTTGAACAGTCCCGAC-1_4_2"
"712","GTTGCGGTCACCCTCA-1_4_2"
"713","GTTGTAGAGTTGTCAC-1_4_2"
"714","GTTGTCCGTTTCAGAC-1_4_2"
"715","GTTGTCCTCACCTCGT-1_4_2"
"716","GTTGTCCTCAGGAACG-1_4_2"
"717","GTTGTCCTCAGTCAGT-1_4_2"
"718","GTTGTGATCTTGGTGA-1_4_2"
"719","TAACACGCATAATCCG-1_4_2"
"720","TAACGACCATACAGCT-1_4_2"
"721","TAACTTCAGAAGGCTC-1_4_2"
"722","TAACTTCTCGCACGGT-1_4_2"
"723","TAAGCACCAGCAGTTT-1_4_2"
"724","TAAGCACTCGAAGGAC-1_4_2"
"725","TAAGCACTCGACCCAG-1_4_2"
"726","TAAGCCACAGCCCAGT-1_4_2"
"727","TAAGCCAGTTGTCCCT-1_4_2"
"728","TAAGCGTCAAGTGGAC-1_4_2"
"729","TAAGTCGAGTTGCGAG-1_4_2"
"730","TAAGTCGGTATGCGTT-1_4_2"
"731","TAATCTCCAAATGGTA-1_4_2"
"732","TACAGGTAGCCTCGTG-1_4_2"
"733","TACCCGTGTGTTAGCT-1_4_2"
"734","TACCCGTGTTCTTCAT-1_4_2"
"735","TACCGAAAGGATCACG-1_4_2"
"736","TACCTCGAGCCAAGGT-1_4_2"
"737","TACCTCGTCGAAACAA-1_4_2"
"738","TACCTGCGTCTTTATC-1_4_2"
"739","TACGCTCCATATTCGG-1_4_2"
"740","TACGGGCTCGTACCTC-1_4_2"
"741","TACGTCCCAGTTGTCA-1_4_2"
"742","TACGTCCCATGCGTGC-1_4_2"
"743","TACTGCCGTCTGTAGT-1_4_2"
"744","TACTGCCTCCTACAAG-1_4_2"
"745","TAGACTGAGAGCATTA-1_4_2"
"746","TAGACTGGTGACTCTA-1_4_2"
"747","TAGAGTCAGACGTCCC-1_4_2"
"748","TAGAGTCGTACAAACA-1_4_2"
"749","TAGAGTCGTCCCTAAA-1_4_2"
"750","TAGATCGGTAGCACGA-1_4_2"
"751","TAGATCGGTAGGACCA-1_4_2"
"752","TAGGGTTGTACTAAGA-1_4_2"
"753","TAGGGTTGTCACTACA-1_4_2"
"754","TAGGTACCAGCTCCTT-1_4_2"
"755","TAGGTTGGTTCGGCGT-1_4_2"
"756","TAGTGCAAGATCCCGC-1_4_2"
"757","TATACCTAGGGCAGTT-1_4_2"
"758","TATACCTCAACTGGTT-1_4_2"
"759","TATATCCCATAACGGG-1_4_2"
"760","TATATCCGTTCCGCTT-1_4_2"
"761","TATCTGTAGATGATTG-1_4_2"
"762","TATCTGTAGCTTAGTC-1_4_2"
"763","TATCTGTCACTCCGAG-1_4_2"
"764","TATCTGTTCCTTTAGT-1_4_2"
"765","TATCTTGTCAGTCATG-1_4_2"
"766","TATGTTCAGGTAGATT-1_4_2"
"767","TATGTTCGTTCCTAGA-1_4_2"
"768","TATTGGGTCAGATTGC-1_4_2"
"769","TCAAGACAGACGGATC-1_4_2"
"770","TCAAGACAGCCTATTG-1_4_2"
"771","TCAAGCAAGTAATCCC-1_4_2"
"772","TCAAGCATCCACATAG-1_4_2"
"773","TCAAGCATCGAGAAAT-1_4_2"
"774","TCAAGCATCTACCTTA-1_4_2"
"775","TCAATCTCAGGTTCCG-1_4_2"
"776","TCAATTCTCCGTGGCA-1_4_2"
"777","TCACAAGTCTACCAGA-1_4_2"
"778","TCACACCGTCCTCATC-1_4_2"
"779","TCACACCTCCGTTGGG-1_4_2"
"780","TCACATTTCGTGGACC-1_4_2"
"781","TCACGCTAGAGAGCAA-1_4_2"
"782","TCACGCTCAGGGAGAG-1_4_2"
"783","TCACGCTGTATGTCCA-1_4_2"
"784","TCACGCTTCAGACCTA-1_4_2"
"785","TCACGCTTCCTAAGTG-1_4_2"
"786","TCACTATAGATTGACA-1_4_2"
"787","TCACTCGCAATTGCAC-1_4_2"
"788","TCAGCCTCAAGTACCT-1_4_2"
"789","TCAGCCTCACTAGGTT-1_4_2"
"790","TCAGCCTTCGTTAGAC-1_4_2"
"791","TCAGGGCGTAAGAACT-1_4_2"
"792","TCAGGGCGTCGCATCG-1_4_2"
"793","TCAGTCCGTGGCCACT-1_4_2"
"794","TCATACTTCAACTGAC-1_4_2"
"795","TCATACTTCTGGGCAC-1_4_2"
"796","TCATATCCACCCAACG-1_4_2"
"797","TCATCATAGAGTCAGC-1_4_2"
"798","TCATCATCAGGGTTGA-1_4_2"
"799","TCATCATCAGTTAAAG-1_4_2"
"800","TCATCCGCACCAGACC-1_4_2"
"801","TCATGAGGTTCCTAAG-1_4_2"
"802","TCATGAGTCGATACGT-1_4_2"
"803","TCATGTTGTCGCACGT-1_4_2"
"804","TCATGTTGTCTCAGGC-1_4_2"
"805","TCATTCAGTTGGTAGG-1_4_2"
"806","TCATTGTGTTTCCCAC-1_4_2"
"807","TCCACCAGTGCATTAC-1_4_2"
"808","TCCATCGGTCGAACGA-1_4_2"
"809","TCCATCGTCAGAACCT-1_4_2"
"810","TCCCACAGTGATTGGG-1_4_2"
"811","TCCCAGTAGCACGGAT-1_4_2"
"812","TCCGAAAGTACCATAC-1_4_2"
"813","TCCGGGACAGATTTCG-1_4_2"
"814","TCCGGGACAGGGCTTC-1_4_2"
"815","TCCGTGTGTGGGTTGA-1_4_2"
"816","TCCTAATCAGGCATGA-1_4_2"
"817","TCCTAATGTACCCACG-1_4_2"
"818","TCCTAATGTGACTGTT-1_4_2"
"819","TCCTCCCAGTTTGAGA-1_4_2"
"820","TCCTCGAAGTCATTGC-1_4_2"
"821","TCCTCGACAGGTAGTG-1_4_2"
"822","TCCTCGATCATTTCCA-1_4_2"
"823","TCGAACAGTTCCAAAC-1_4_2"
"824","TCGAAGTCACCAACAT-1_4_2"
"825","TCGACCTAGCTGAGCA-1_4_2"
"826","TCGACCTAGCTTTCCC-1_4_2"
"827","TCGACCTGTAACCCTA-1_4_2"
"828","TCGACCTGTGTTGATC-1_4_2"
"829","TCGACGGCATCCGGCA-1_4_2"
"830","TCGACGGGTTTGTGGT-1_4_2"
"831","TCGACGGTCCTGATAG-1_4_2"
"832","TCGATTTCAGCTTTGA-1_4_2"
"833","TCGCTTGAGCAAGCCA-1_4_2"
"834","TCGCTTGGTCGCATGC-1_4_2"
"835","TCGGTCTAGCCATTGT-1_4_2"
"836","TCGTAGAAGTTAACGA-1_4_2"
"837","TCGTAGACATATTCGG-1_4_2"
"838","TCGTCCAAGCGGGTAT-1_4_2"
"839","TCGTCCAAGGCTCTCG-1_4_2"
"840","TCGTCCAGTTTCTTAC-1_4_2"
"841","TCGTGCTGTGATATAG-1_4_2"
"842","TCGTGGGAGAGAACCC-1_4_2"
"843","TCGTGGGAGTTGCCCG-1_4_2"
"844","TCGTGGGGTATCGTGT-1_4_2"
"845","TCTACATCACTAAACC-1_4_2"
"846","TCTACATCAGGAATCG-1_4_2"
"847","TCTACCGAGGTCACTT-1_4_2"
"848","TCTACCGAGTAGGTTA-1_4_2"
"849","TCTACCGGTAGCGCCT-1_4_2"
"850","TCTATCAAGCGACCCT-1_4_2"
"851","TCTCAGCCACCTAAAC-1_4_2"
"852","TCTCCGAAGCCTGGAA-1_4_2"
"853","TCTGCCACAGCCTATA-1_4_2"
"854","TCTGCCACATGGCCAC-1_4_2"
"855","TCTGTCGTCCCGAGTG-1_4_2"
"856","TCTTCCTAGGCAATGC-1_4_2"
"857","TCTTGCGAGACATATG-1_4_2"
"858","TCTTGCGAGAGGATCC-1_4_2"
"859","TCTTTGACAAGGGTCA-1_4_2"
"860","TGAATCGAGGGCCCTT-1_4_2"
"861","TGAATGCGTACACGCC-1_4_2"
"862","TGAATGCTCAAGTGGG-1_4_2"
"863","TGACCCTAGCCTGAGA-1_4_2"
"864","TGACCCTTCTGGCCTT-1_4_2"
"865","TGACGCGAGTGAGTTA-1_4_2"
"866","TGACTCCGTACAGCGA-1_4_2"
"867","TGAGCATCATCTCATT-1_4_2"
"868","TGAGCATGTATTAAGG-1_4_2"
"869","TGAGCATTCTCATGGA-1_4_2"
"870","TGAGCGCTCTGCATAG-1_4_2"
"871","TGAGGAGTCCGACGGT-1_4_2"
"872","TGAGGGACAACAAGTA-1_4_2"
"873","TGATCAGAGCACTAAA-1_4_2"
"874","TGATCAGGTATCCCAA-1_4_2"
"875","TGATCAGTCCGTCCTA-1_4_2"
"876","TGATGCAAGCTCCGAC-1_4_2"
"877","TGATTTCTCTTAAGGC-1_4_2"
"878","TGCACGGTCCCTGGTT-1_4_2"
"879","TGCAGATAGGAACTAT-1_4_2"
"880","TGCAGATGTTGTCAGT-1_4_2"
"881","TGCAGATTCGCCAACG-1_4_2"
"882","TGCAGGCAGGACAACC-1_4_2"
"883","TGCAGGCGTCACCGAC-1_4_2"
"884","TGCAGTAAGATTGGGC-1_4_2"
"885","TGCAGTAAGGATATAC-1_4_2"
"886","TGCAGTAGTTCCGCAG-1_4_2"
"887","TGCATGACAATAACCC-1_4_2"
"888","TGCCGAGTCTCATTTG-1_4_2"
"889","TGCGATAGTCAGTCGC-1_4_2"
"890","TGCGGCATCGCCGAGT-1_4_2"
"891","TGCTCCACAGAACTCT-1_4_2"
"892","TGCTTCGCACCGTCTT-1_4_2"
"893","TGGAGGAGTTCCTACC-1_4_2"
"894","TGGAGGATCGCCACTT-1_4_2"
"895","TGGATCAAGGCTCCCA-1_4_2"
"896","TGGATGTAGGAACGAA-1_4_2"
"897","TGGATGTAGGACATCG-1_4_2"
"898","TGGGAAGCATGAAGCG-1_4_2"
"899","TGGGAGATCGGCTTCT-1_4_2"
"900","TGGGATTCATTGGGAG-1_4_2"
"901","TGGGCGTAGTAAGCAT-1_4_2"
"902","TGGGCGTGTTAGGGTG-1_4_2"
"903","TGGTTAGTCCATAGAC-1_4_2"
"904","TGTAACGCAGAGAGGG-1_4_2"
"905","TGTAAGCCACTGGCCA-1_4_2"
"906","TGTACAGTCCGCTAGG-1_4_2"
"907","TGTCCCAGTGTGTGTT-1_4_2"
"908","TGTGCGGGTCTTGCGG-1_4_2"
"909","TGTTCATTCCAACCAA-1_4_2"
"910","TGTTCCGCACTGTTCC-1_4_2"
"911","TGTTCCGTCGCAGTTA-1_4_2"
"912","TGTTGGAAGCGCTGAA-1_4_2"
"913","TTAATCCCACCCTTAC-1_4_2"
"914","TTAATCCCATCGATAC-1_4_2"
"915","TTAATCCGTCACTCAA-1_4_2"
"916","TTAATCCTCACCTGTC-1_4_2"
"917","TTAATCCTCACTACTT-1_4_2"
"918","TTAATCCTCTGGACTA-1_4_2"
"919","TTACAGGAGGTAGCAC-1_4_2"
"920","TTACAGGGTTGCTCAA-1_4_2"
"921","TTACCATGTCGACTGC-1_4_2"
"922","TTACCGCCAGAACGCA-1_4_2"
"923","TTACGCCCACGCAAAG-1_4_2"
"924","TTACGCCGTGTGCTTA-1_4_2"
"925","TTACGCCTCTGGCCGA-1_4_2"
"926","TTACGTTTCAGGGTAG-1_4_2"
"927","TTAGGCAAGACTTGTC-1_4_2"
"928","TTAGGCAAGCCACAAG-1_4_2"
"929","TTAGGCACATCAACCA-1_4_2"
"930","TTAGGCATCCCGTGAG-1_4_2"
"931","TTAGGGTCAAGCTCTA-1_4_2"
"932","TTAGTCTTCATGAGGG-1_4_2"
"933","TTCAATCTCAACCCGG-1_4_2"
"934","TTCAATCTCGCAATGT-1_4_2"
"935","TTCACGCAGGGCATGT-1_4_2"
"936","TTCATGTCAAGATGTA-1_4_2"
"937","TTCATGTCACTGTGAT-1_4_2"
"938","TTCATGTCAGCCCACA-1_4_2"
"939","TTCATGTCAGTAGATA-1_4_2"
"940","TTCCAATAGGGCAGAG-1_4_2"
"941","TTCCGGTCAACCAGAG-1_4_2"
"942","TTCCGGTCACCGTCGA-1_4_2"
"943","TTCCGGTCAGCACGAA-1_4_2"
"944","TTCCTAATCTAAACGC-1_4_2"
"945","TTCCTCTTCGGAAACG-1_4_2"
"946","TTCCTTCAGTATCCTG-1_4_2"
"947","TTCGCTGTCAAGGAGC-1_4_2"
"948","TTCTAACAGAAACCCG-1_4_2"
"949","TTCTAACAGATAACGT-1_4_2"
"950","TTCTAGTAGACGCATG-1_4_2"
"951","TTCTCTCAGAAGCGCT-1_4_2"
"952","TTCTCTCTCGCTGTTC-1_4_2"
"953","TTGAACGAGACTGGGT-1_4_2"
"954","TTGAACGCAGTTAGAA-1_4_2"
"955","TTGAACGCATCCGTTC-1_4_2"
"956","TTGATGGAGATAGTCA-1_4_2"
"957","TTGATGGAGGCTTAGG-1_4_2"
"958","TTGCATTAGTGACCTT-1_4_2"
"959","TTGCCTGCACTCATAG-1_4_2"
"960","TTGGATGTCGCCAGTG-1_4_2"
"961","TTGGGCGCAATTCGTG-1_4_2"
"962","TTGGGCGCATAACAGA-1_4_2"
"963","TTGGGTAGTACAGCGA-1_4_2"
"964","TTGTGGATCACTACTT-1_4_2"
"965","TTGTGTTCAGCATACT-1_4_2"
"966","TTGTGTTCATACTGTG-1_4_2"
"967","TTGTTGTGTGAAGCGT-1_4_2"
"968","TTGTTGTTCGAGCTGC-1_4_2"
"969","TTGTTGTTCTCTATAC-1_4_2"
"970","TTGTTTGGTCGGCTAC-1_4_2"
"971","TTTACCAGTGTAGGAC-1_4_2"
"972","TTTACGTGTTCGGTAT-1_4_2"
"973","TTTACTGGTCAGTTTG-1_4_2"
"974","TTTAGTCAGAGTAACT-1_4_2"
"975","TTTAGTCGTTAGCTAC-1_4_2"
"976","TTTATGCCAAGTGGCA-1_4_2"
"977","TTTCACAAGGTCGTAG-1_4_2"
"978","TTTCAGTTCCTAACAG-1_4_2"
"979","TTTCATGCATCATTGG-1_4_2"
"980","TTTCATGTCGTTGTAG-1_4_2"
"981","TTTCCTCAGGACCCAA-1_4_2"
"982","TTTCCTCGTAGGTGCA-1_4_2"
"983","TTTCGATTCGGCTCTT-1_4_2"
"984","TTTGATCGTAATCAGA-1_4_2"
"985","TTTGATCTCGTAGTGT-1_4_2"
"986","TTTGGAGAGGCACAAC-1_4_2"
"987","TTTGTTGCATAAGCAA-1_4_2"
"988","TTTGTTGGTATGATCC-1_4_2"
