"","x"
"1","AAACCCAAGTGTTGTC-1_2_2"
"2","AAACGAAAGCAATTCC-1_2_2"
"3","AAACGAAGTAGACGGT-1_2_2"
"4","AAACGAAGTGTCTCCT-1_2_2"
"5","AAACGCTCACGGTGAA-1_2_2"
"6","AAACGCTCATAGGCGA-1_2_2"
"7","AAACGCTGTACTAACC-1_2_2"
"8","AAACGCTGTCAGGCAA-1_2_2"
"9","AAACGCTTCGTCAAAC-1_2_2"
"10","AAACGCTTCTTCCAGC-1_2_2"
"11","AAAGAACCACGACGCT-1_2_2"
"12","AAAGAACCATGCCATA-1_2_2"
"13","AAAGAACGTTAGGGTG-1_2_2"
"14","AAAGAACTCCACAGGC-1_2_2"
"15","AAAGGATAGTGCAGGT-1_2_2"
"16","AAAGGATAGTGCTAGG-1_2_2"
"17","AAAGGATTCCTGTTAT-1_2_2"
"18","AAAGGGCAGCTATCTG-1_2_2"
"19","AAAGGGCCAGAGATGC-1_2_2"
"20","AAAGGGCCATGTTCGA-1_2_2"
"21","AAAGGGCGTTGAGTCT-1_2_2"
"22","AAAGGTAAGGTAACTA-1_2_2"
"23","AAAGGTAAGGTCATAA-1_2_2"
"24","AAAGGTACAATAGGAT-1_2_2"
"25","AAAGGTACACTCTGCT-1_2_2"
"26","AAAGGTACAGAATTCC-1_2_2"
"27","AAAGGTACATAGATGA-1_2_2"
"28","AAAGGTAGTAATTGGA-1_2_2"
"29","AAAGGTAGTCGTGATT-1_2_2"
"30","AAAGGTATCTACTCAT-1_2_2"
"31","AAAGTCCAGACATGCG-1_2_2"
"32","AAAGTCCAGGTCCTGC-1_2_2"
"33","AAAGTCCCACAAATCC-1_2_2"
"34","AAAGTCCCACGACAGA-1_2_2"
"35","AAAGTCCGTGGTAACG-1_2_2"
"36","AAAGTGAAGACAACTA-1_2_2"
"37","AAAGTGAAGAGAGAAC-1_2_2"
"38","AAAGTGAAGCCAGACA-1_2_2"
"39","AAAGTGAAGGGTGGGA-1_2_2"
"40","AAAGTGAAGGTTACCT-1_2_2"
"41","AAAGTGACACCTGCTT-1_2_2"
"42","AAAGTGACAGAGTAAT-1_2_2"
"43","AAAGTGAGTCCAGAAG-1_2_2"
"44","AAAGTGATCTCATAGG-1_2_2"
"45","AAATGGAGTGGAACCA-1_2_2"
"46","AAATGGATCGATCCAA-1_2_2"
"47","AACAAAGCAGAACATA-1_2_2"
"48","AACAAAGCATGTTTGG-1_2_2"
"49","AACAAAGGTGAACCGA-1_2_2"
"50","AACAAAGTCAATCAGC-1_2_2"
"51","AACAACCCAAGAAACT-1_2_2"
"52","AACAACCCATCCGTGG-1_2_2"
"53","AACAACCCATGGGTCC-1_2_2"
"54","AACAACCGTAGGGAGG-1_2_2"
"55","AACAACCGTATGCTTG-1_2_2"
"56","AACAACCGTGCATCTA-1_2_2"
"57","AACAACCTCAGTCATG-1_2_2"
"58","AACAAGAAGAGCAACC-1_2_2"
"59","AACAAGAAGGGTGAGG-1_2_2"
"60","AACAAGACAACTCGAT-1_2_2"
"61","AACAAGAGTTCGTACA-1_2_2"
"62","AACACACCAAAGGATT-1_2_2"
"63","AACACACTCCCGAGGT-1_2_2"
"64","AACACACTCGCTCTCA-1_2_2"
"65","AACAGGGAGCCGCTTG-1_2_2"
"66","AACAGGGAGCTAATCC-1_2_2"
"67","AACAGGGCAGTGTGGA-1_2_2"
"68","AACAGGGGTGGCTAGA-1_2_2"
"69","AACAGGGTCCGCTTAC-1_2_2"
"70","AACAGGGTCGTTATCT-1_2_2"
"71","AACCACACAACGACAG-1_2_2"
"72","AACCACACACAACGTT-1_2_2"
"73","AACCACACAGCGACCT-1_2_2"
"74","AACCACAGTCTCCTGT-1_2_2"
"75","AACCACAGTGAGATAT-1_2_2"
"76","AACCACATCCCAGGAC-1_2_2"
"77","AACCACATCGACCTAA-1_2_2"
"78","AACCATGAGTCCTGCG-1_2_2"
"79","AACCATGGTCACCGCA-1_2_2"
"80","AACCCAACATTAGGAA-1_2_2"
"81","AACCCAAGTATGGTAA-1_2_2"
"82","AACCCAATCCATCACC-1_2_2"
"83","AACCTGAAGCTAAGTA-1_2_2"
"84","AACCTGAAGTCGGCAA-1_2_2"
"85","AACCTGACAGCGCGTT-1_2_2"
"86","AACCTGATCTCAGGCG-1_2_2"
"87","AACCTTTAGGGTCAAC-1_2_2"
"88","AACCTTTCAAGTAGTA-1_2_2"
"89","AACCTTTGTACCACGC-1_2_2"
"90","AACGAAAAGCCGCTTG-1_2_2"
"91","AACGAAACAACCGTAT-1_2_2"
"92","AACGAAACATTACTCT-1_2_2"
"93","AACGAAAGTACTGCCG-1_2_2"
"94","AACGAAAGTCGCATGC-1_2_2"
"95","AACGGGAGTAGAGGAA-1_2_2"
"96","AACGGGAGTGATAGAT-1_2_2"
"97","AACGTCAAGTGCAAAT-1_2_2"
"98","AACGTCACAGTTAAAG-1_2_2"
"99","AACTTCTGTGAGGATC-1_2_2"
"100","AACTTCTGTTCGGGTC-1_2_2"
"101","AAGAACAAGCGGCTCT-1_2_2"
"102","AAGAACACACTGGACC-1_2_2"
"103","AAGAACACAGTTGTTG-1_2_2"
"104","AAGAACAGTAACGCGA-1_2_2"
"105","AAGAACAGTAACGTTC-1_2_2"
"106","AAGAACAGTCGGTGAA-1_2_2"
"107","AAGAACAGTGCACGCT-1_2_2"
"108","AAGAACATCCGTGGCA-1_2_2"
"109","AAGACAACACAGTGTT-1_2_2"
"110","AAGACAACACGGATCC-1_2_2"
"111","AAGACAAGTTTGGGAG-1_2_2"
"112","AAGACAATCCGTCAAA-1_2_2"
"113","AAGACTCAGCCTATCA-1_2_2"
"114","AAGACTCAGTAGTGCG-1_2_2"
"115","AAGACTCCAATACGCT-1_2_2"
"116","AAGACTCTCGTGTTCC-1_2_2"
"117","AAGATAGAGGTTGACG-1_2_2"
"118","AAGATAGGTTTAGTCG-1_2_2"
"119","AAGATAGTCGGCTCTT-1_2_2"
"120","AAGCATCAGACCTCCG-1_2_2"
"121","AAGCATCAGCGCGTTC-1_2_2"
"122","AAGCATCAGTCATACC-1_2_2"
"123","AAGCATCGTGAATTAG-1_2_2"
"124","AAGCATCTCAGGAAAT-1_2_2"
"125","AAGCATCTCGACCCAG-1_2_2"
"126","AAGCCATAGCCTATTG-1_2_2"
"127","AAGCCATCATATGAAG-1_2_2"
"128","AAGCCATCATGACTGT-1_2_2"
"129","AAGCCATGTCGCAGTC-1_2_2"
"130","AAGCCATTCACTCGAA-1_2_2"
"131","AAGCCATTCCTACCGT-1_2_2"
"132","AAGCCATTCGCCGAAC-1_2_2"
"133","AAGCGAGCAACAACAA-1_2_2"
"134","AAGCGAGGTAGGTCAG-1_2_2"
"135","AAGCGAGGTAGTCGTT-1_2_2"
"136","AAGCGAGGTGCACAAG-1_2_2"
"137","AAGCGAGTCATAGACC-1_2_2"
"138","AAGCGAGTCGTTCAGA-1_2_2"
"139","AAGCGTTAGACAGCTG-1_2_2"
"140","AAGCGTTCAAACTAGA-1_2_2"
"141","AAGCGTTGTCGTTATG-1_2_2"
"142","AAGCGTTGTGCTTCAA-1_2_2"
"143","AAGCGTTTCCGTGCGA-1_2_2"
"144","AAGGAATAGGTCGCCT-1_2_2"
"145","AAGGAATCAAGTGGCA-1_2_2"
"146","AAGGAATCACACCGAC-1_2_2"
"147","AAGGAATTCCGTGCGA-1_2_2"
"148","AAGTACCCAGACAAAT-1_2_2"
"149","AAGTACCTCACAAGGG-1_2_2"
"150","AAGTCGTCATGACGAG-1_2_2"
"151","AAGTGAAGTCTTAGTG-1_2_2"
"152","AAGTGAAGTTATGTCG-1_2_2"
"153","AAGTTCGGTCCGGTCA-1_2_2"
"154","AAGTTCGTCAGTGCGC-1_2_2"
"155","AATAGAGTCACCTGGG-1_2_2"
"156","AATAGAGTCCGAGGCT-1_2_2"
"157","AATAGAGTCGGCTTGG-1_2_2"
"158","AATCACGAGGTTGACG-1_2_2"
"159","AATCACGCAAAGGGCT-1_2_2"
"160","AATCACGGTATATGGA-1_2_2"
"161","AATCACGTCAACCTCC-1_2_2"
"162","AATCGACGTAGGACCA-1_2_2"
"163","AATCGACTCCTATGGA-1_2_2"
"164","AATCGTGAGCCTCTCT-1_2_2"
"165","AATCGTGCAAGTCGTT-1_2_2"
"166","AATCGTGGTGTTGACT-1_2_2"
"167","AATGAAGAGTGGTTCT-1_2_2"
"168","AATGAAGCAAGCAATA-1_2_2"
"169","AATGAAGCAAGGCCTC-1_2_2"
"170","AATGAAGGTAGCTTAC-1_2_2"
"171","AATGACCAGGGAGTTC-1_2_2"
"172","AATGACCAGTGATGGC-1_2_2"
"173","AATGCCAGTACTGCCG-1_2_2"
"174","AATGCCATCGTAGTGT-1_2_2"
"175","AATGCCATCTCTCAAT-1_2_2"
"176","AATGCCATCTGCACCT-1_2_2"
"177","AATGGAAAGGCTATCT-1_2_2"
"178","AATGGAAAGTAGCATA-1_2_2"
"179","AATGGAAAGTCGCTAT-1_2_2"
"180","AATGGAACATGCTGCG-1_2_2"
"181","AATGGCTCAGCTCATA-1_2_2"
"182","AATTCCTTCCGACATA-1_2_2"
"183","AATTTCCAGCGATGAC-1_2_2"
"184","AATTTCCTCCCATGGG-1_2_2"
"185","AATTTCCTCGTCTACC-1_2_2"
"186","ACAACCAAGCCTTCTC-1_2_2"
"187","ACAACCAAGTCCTGTA-1_2_2"
"188","ACAACCACACAACGTT-1_2_2"
"189","ACAACCAGTAAGATAC-1_2_2"
"190","ACAAGCTAGGCCTGAA-1_2_2"
"191","ACAAGCTCAGAGGTAC-1_2_2"
"192","ACAAGCTTCCGTCCTA-1_2_2"
"193","ACACAGTAGAGGACTC-1_2_2"
"194","ACACAGTAGGTTGCCC-1_2_2"
"195","ACACAGTCACAACGAG-1_2_2"
"196","ACACAGTCATTGAGCT-1_2_2"
"197","ACACAGTGTGAGGAAA-1_2_2"
"198","ACACAGTTCAGTCTTT-1_2_2"
"199","ACACGCGAGCTTAGTC-1_2_2"
"200","ACACGCGGTATGCTAC-1_2_2"
"201","ACACGCGGTGTATTGC-1_2_2"
"202","ACACGCGTCCGATGTA-1_2_2"
"203","ACACTGAAGTAAACAC-1_2_2"
"204","ACACTGAAGTCTCTGA-1_2_2"
"205","ACACTGACAGAACGCA-1_2_2"
"206","ACACTGATCGAACCAT-1_2_2"
"207","ACAGAAAAGGGAGAAT-1_2_2"
"208","ACAGCCGAGGCATCGA-1_2_2"
"209","ACAGCCGTCCAACCGG-1_2_2"
"210","ACAGCCGTCCTGCCAT-1_2_2"
"211","ACAGCCGTCTAAGGAA-1_2_2"
"212","ACAGGGACAAGACAAT-1_2_2"
"213","ACATCCCCACCGTCGA-1_2_2"
"214","ACATCCCCACTCACTC-1_2_2"
"215","ACATCCCCAGTGTATC-1_2_2"
"216","ACATGCAAGACGCCCT-1_2_2"
"217","ACATGCAAGTAGAATC-1_2_2"
"218","ACATGCACAACAACAA-1_2_2"
"219","ACATGCATCACCCATC-1_2_2"
"220","ACATTTCTCATTCACT-1_2_2"
"221","ACATTTCTCGCTAATG-1_2_2"
"222","ACCAAACCAGATTTCG-1_2_2"
"223","ACCAAACGTAGGATAT-1_2_2"
"224","ACCAAACGTCACCGAC-1_2_2"
"225","ACCAACAAGGACCCAA-1_2_2"
"226","ACCAACAGTTGGACTT-1_2_2"
"227","ACCACAAAGTTACGTC-1_2_2"
"228","ACCACAACACCAACAT-1_2_2"
"229","ACCACAACAGGGTTGA-1_2_2"
"230","ACCACAAGTAGCGCCT-1_2_2"
"231","ACCACAAGTCTCGGAC-1_2_2"
"232","ACCACAAGTGCCTATA-1_2_2"
"233","ACCACAAGTGGCTGCT-1_2_2"
"234","ACCATTTCAAGAGTGC-1_2_2"
"235","ACCATTTCAAGCAGGT-1_2_2"
"236","ACCATTTCAGTAACCT-1_2_2"
"237","ACCATTTGTTTGATCG-1_2_2"
"238","ACCCAAAGTAGGTACG-1_2_2"
"239","ACCCTTGAGACGAGCT-1_2_2"
"240","ACCCTTGCAAATCAAG-1_2_2"
"241","ACCCTTGGTTCAAGTC-1_2_2"
"242","ACCCTTGTCCTCTTTC-1_2_2"
"243","ACCGTTCGTCCGAAAG-1_2_2"
"244","ACCGTTCTCTCATTGT-1_2_2"
"245","ACCTACCAGACAGCTG-1_2_2"
"246","ACCTACCCACACCGCA-1_2_2"
"247","ACCTACCTCATGAGTC-1_2_2"
"248","ACCTGAAAGCTGACTT-1_2_2"
"249","ACCTGAAAGGACGCTA-1_2_2"
"250","ACCTGAATCCCGTTCA-1_2_2"
"251","ACCTGTCAGGCCATAG-1_2_2"
"252","ACCTGTCTCTAGATCG-1_2_2"
"253","ACGATCACACTAACCA-1_2_2"
"254","ACGATCATCATGCCCT-1_2_2"
"255","ACGATCATCGTAGTCA-1_2_2"
"256","ACGATGTAGCTGTGCC-1_2_2"
"257","ACGATGTAGGACCCAA-1_2_2"
"258","ACGATGTCACTGTGTA-1_2_2"
"259","ACGATGTCAGTGTGCC-1_2_2"
"260","ACGCACGTCGATCCAA-1_2_2"
"261","ACGGAAGCAAGTGTCT-1_2_2"
"262","ACGGGTCAGGTGCATG-1_2_2"
"263","ACGGGTCCACCATTCC-1_2_2"
"264","ACGGGTCCAGGGCTTC-1_2_2"
"265","ACGGTCGCACTGGCGT-1_2_2"
"266","ACGGTCGCAGAGCGTA-1_2_2"
"267","ACGGTCGGTATAATGG-1_2_2"
"268","ACGGTTAAGTCCCAAT-1_2_2"
"269","ACGGTTAAGTCCCTAA-1_2_2"
"270","ACGGTTACATCTCAAG-1_2_2"
"271","ACGGTTATCTGTGTGA-1_2_2"
"272","ACGTAACAGGGTTTCT-1_2_2"
"273","ACGTAACCATCCGAAT-1_2_2"
"274","ACGTAACTCTGTGTGA-1_2_2"
"275","ACGTACAGTGCGCTCA-1_2_2"
"276","ACGTACAGTGGCATCC-1_2_2"
"277","ACGTACATCATTACTC-1_2_2"
"278","ACGTAGTCACGTCGTG-1_2_2"
"279","ACGTAGTGTAGAGTTA-1_2_2"
"280","ACGTAGTGTTGGTGTT-1_2_2"
"281","ACGTAGTTCCTTCAGC-1_2_2"
"282","ACGTAGTTCTACTATC-1_2_2"
"283","ACGTAGTTCTTACTGT-1_2_2"
"284","ACGTCCTAGAAAGTCT-1_2_2"
"285","ACGTCCTCATCCTTCG-1_2_2"
"286","ACGTCCTTCCGTGCGA-1_2_2"
"287","ACGTTCCGTAAGCAAT-1_2_2"
"288","ACGTTCCGTGAGACGT-1_2_2"
"289","ACGTTCCTCTCAACCC-1_2_2"
"290","ACTACGACAAGGATGC-1_2_2"
"291","ACTATCTAGGTCATTC-1_2_2"
"292","ACTATCTTCACTTCTA-1_2_2"
"293","ACTATCTTCTATTTCG-1_2_2"
"294","ACTATGGAGAATCCCT-1_2_2"
"295","ACTATTCAGCTTCGTA-1_2_2"
"296","ACTCCCATCCAACACA-1_2_2"
"297","ACTCTCGAGAGTCAAT-1_2_2"
"298","ACTCTCGAGGAAGTAG-1_2_2"
"299","ACTCTCGCATGCACTA-1_2_2"
"300","ACTGATGAGGAGCTGT-1_2_2"
"301","ACTGATGAGGGTGGGA-1_2_2"
"302","ACTGATGAGTCGTCTA-1_2_2"
"303","ACTGATGGTCTGGTTA-1_2_2"
"304","ACTGTCCCAGTTTCGA-1_2_2"
"305","ACTGTCCGTGGTAATA-1_2_2"
"306","ACTGTGACAGGTAGTG-1_2_2"
"307","ACTGTGATCTGTCTCG-1_2_2"
"308","ACTTAGGGTAGCTTAC-1_2_2"
"309","ACTTAGGGTGCTCGTG-1_2_2"
"310","ACTTAGGTCGAGTTGT-1_2_2"
"311","ACTTATCAGTCAACAA-1_2_2"
"312","ACTTATCCAAACGAGC-1_2_2"
"313","ACTTATCCAACAGCCC-1_2_2"
"314","ACTTATCCACGCCACA-1_2_2"
"315","ACTTATCGTCAGTTTG-1_2_2"
"316","ACTTATCTCGCAAGAG-1_2_2"
"317","ACTTATCTCTGCGATA-1_2_2"
"318","ACTTCCGAGCTGGAGT-1_2_2"
"319","ACTTCCGCAATGCAAA-1_2_2"
"320","ACTTCGCAGACAGCTG-1_2_2"
"321","ACTTCGCCACCGGTCA-1_2_2"
"322","ACTTCGCGTGTGATGG-1_2_2"
"323","ACTTCGCTCTCTTAAC-1_2_2"
"324","ACTTTCAAGAGAGTGA-1_2_2"
"325","ACTTTCAAGGTGCCTC-1_2_2"
"326","ACTTTCAGTAGGTGCA-1_2_2"
"327","ACTTTCAGTATCCCAA-1_2_2"
"328","ACTTTCAGTTTGTGGT-1_2_2"
"329","ACTTTGTAGGCAGGGA-1_2_2"
"330","ACTTTGTCAAGTGACG-1_2_2"
"331","ACTTTGTGTCATAAAG-1_2_2"
"332","ACTTTGTGTGTTCCAA-1_2_2"
"333","AGAAATGAGGACTTCT-1_2_2"
"334","AGAAATGCAATCCAGT-1_2_2"
"335","AGAAATGTCTGCTAGA-1_2_2"
"336","AGAACAAAGGATTACA-1_2_2"
"337","AGAACAAAGGATTTCC-1_2_2"
"338","AGAACAACATGAGTAA-1_2_2"
"339","AGAACCTGTTTCGGCG-1_2_2"
"340","AGAACCTTCCTCTAAT-1_2_2"
"341","AGAAGCGAGGGAGATA-1_2_2"
"342","AGAAGCGAGGTTACAA-1_2_2"
"343","AGAAGCGGTCCTTGTC-1_2_2"
"344","AGAAGTAGTAGAAACT-1_2_2"
"345","AGAAGTAGTAGTCCTA-1_2_2"
"346","AGAAGTATCAGCCTTC-1_2_2"
"347","AGACAAACATGGCTGC-1_2_2"
"348","AGACAAAGTATGTCTG-1_2_2"
"349","AGACAGGGTTCGGGTC-1_2_2"
"350","AGACAGGTCCGCTGTT-1_2_2"
"351","AGACCATAGACCAGCA-1_2_2"
"352","AGACCATAGAGTCCGA-1_2_2"
"353","AGACCATAGCTAGCCC-1_2_2"
"354","AGACCATCAATGTCAC-1_2_2"
"355","AGACCATCAATTCGTG-1_2_2"
"356","AGACCATCATAACTCG-1_2_2"
"357","AGACCATTCGCACTCT-1_2_2"
"358","AGACCCGAGCAACAAT-1_2_2"
"359","AGACCCGAGCACCGTC-1_2_2"
"360","AGACCCGAGGTCTGGA-1_2_2"
"361","AGACCCGCACGGGTAA-1_2_2"
"362","AGACCCGCATGAGAAT-1_2_2"
"363","AGACCCGTCAGGAACG-1_2_2"
"364","AGACTCAAGTTGCCCG-1_2_2"
"365","AGACTCACAATTGCTG-1_2_2"
"366","AGACTCATCGTAGGGA-1_2_2"
"367","AGACTCATCTCGTCAC-1_2_2"
"368","AGAGAATAGGCATCTT-1_2_2"
"369","AGAGAATAGTATGATG-1_2_2"
"370","AGAGAATTCCCAGCGA-1_2_2"
"371","AGAGAGCCACCGTCTT-1_2_2"
"372","AGAGAGCCACTGATTG-1_2_2"
"373","AGAGCAGAGTGGATTA-1_2_2"
"374","AGAGCAGCAACGTATC-1_2_2"
"375","AGAGCAGTCCTCTCTT-1_2_2"
"376","AGAGCCCAGCATTGAA-1_2_2"
"377","AGAGCCCAGGTCGCCT-1_2_2"
"378","AGAGCCCAGGTGAGCT-1_2_2"
"379","AGATAGAGTCTCTCTG-1_2_2"
"380","AGATAGATCAAGAAAC-1_2_2"
"381","AGATCCAAGGAGAATG-1_2_2"
"382","AGATCCAGTCTTCCGT-1_2_2"
"383","AGATCCAGTGTCCATA-1_2_2"
"384","AGATCCATCAAGCTTG-1_2_2"
"385","AGATCCATCCCGTAAA-1_2_2"
"386","AGATCCATCGATACGT-1_2_2"
"387","AGATGAAAGCTGAAAT-1_2_2"
"388","AGATGAAGTTGACTAC-1_2_2"
"389","AGATGCTAGTTGGAGC-1_2_2"
"390","AGATGCTCACTCCGAG-1_2_2"
"391","AGATGCTGTTCCGGTG-1_2_2"
"392","AGATGCTTCGTGCGAC-1_2_2"
"393","AGCATCAAGTCCGTCG-1_2_2"
"394","AGCATCAGTAGTTCCA-1_2_2"
"395","AGCCAATAGCTAATGA-1_2_2"
"396","AGCCAATGTCCAGCAC-1_2_2"
"397","AGCCAATGTGCGGTAA-1_2_2"
"398","AGCCACGAGCCGAACA-1_2_2"
"399","AGCCACGCAAAGACGC-1_2_2"
"400","AGCCACGCACTCCACT-1_2_2"
"401","AGCCACGTCGTGCGAC-1_2_2"
"402","AGCCAGCGTAGAGGAA-1_2_2"
"403","AGCCAGCGTAGGTGCA-1_2_2"
"404","AGCCAGCTCAGCGTCG-1_2_2"
"405","AGCGATTCAACCGCCA-1_2_2"
"406","AGCGCCAAGGTTTACC-1_2_2"
"407","AGCGCCACACCAGACC-1_2_2"
"408","AGCGCCAGTTCGAACT-1_2_2"
"409","AGCGCCATCTTGATTC-1_2_2"
"410","AGCGCTGAGGACATCG-1_2_2"
"411","AGCGTATAGTAGCCAG-1_2_2"
"412","AGCGTATGTAGCTGCC-1_2_2"
"413","AGCGTATGTATCACCA-1_2_2"
"414","AGCGTATTCGCGTGAC-1_2_2"
"415","AGCGTCGAGCATAGGC-1_2_2"
"416","AGCGTCGAGCGTTAGG-1_2_2"
"417","AGCGTCGAGCTCGCAC-1_2_2"
"418","AGCGTCGCACGTACAT-1_2_2"
"419","AGCGTCGCAGAGGACT-1_2_2"
"420","AGCGTCGGTAAGCAAT-1_2_2"
"421","AGCTACACATGACAGG-1_2_2"
"422","AGCTACAGTGCGTCGT-1_2_2"
"423","AGCTCAAAGCGTCGAA-1_2_2"
"424","AGCTCAACAATTCTCT-1_2_2"
"425","AGCTCAATCGCCAGAC-1_2_2"
"426","AGCTCAATCTCAGAAC-1_2_2"
"427","AGCTTCCCATCGGAAG-1_2_2"
"428","AGCTTCCGTATCCTCC-1_2_2"
"429","AGCTTCCGTTCGGCTG-1_2_2"
"430","AGGAAATAGACTCTAC-1_2_2"
"431","AGGAAATAGCTGTACT-1_2_2"
"432","AGGAAATAGTCCTGCG-1_2_2"
"433","AGGAAATCAACCGGAA-1_2_2"
"434","AGGAAATTCAACTACG-1_2_2"
"435","AGGAAATTCCGCAAAT-1_2_2"
"436","AGGAATAGTCCTATAG-1_2_2"
"437","AGGAATATCCAAAGGG-1_2_2"
"438","AGGACGACATCTGTTT-1_2_2"
"439","AGGACGAGTCAGTCCG-1_2_2"
"440","AGGACGATCCCTATTA-1_2_2"
"441","AGGACTTGTGCCTACG-1_2_2"
"442","AGGAGGTCAACGATCT-1_2_2"
"443","AGGAGGTCATTCGATG-1_2_2"
"444","AGGATAAAGAGCATAT-1_2_2"
"445","AGGATAATCAGGACGA-1_2_2"
"446","AGGATCTAGGTCCTGC-1_2_2"
"447","AGGATCTGTCGCACAC-1_2_2"
"448","AGGATCTTCCGCAAAT-1_2_2"
"449","AGGATCTTCGCGTGAC-1_2_2"
"450","AGGCATTAGGCCTAGA-1_2_2"
"451","AGGCATTGTCCTCAGG-1_2_2"
"452","AGGCATTTCGAGATGG-1_2_2"
"453","AGGCCACAGCTGAGCA-1_2_2"
"454","AGGCCACAGTAAGGGA-1_2_2"
"455","AGGCCACAGTGCTAGG-1_2_2"
"456","AGGCCACTCCGCGGAT-1_2_2"
"457","AGGCTGCAGCCGGAAT-1_2_2"
"458","AGGCTGCAGCTACTGT-1_2_2"
"459","AGGCTGCTCTGGGATT-1_2_2"
"460","AGGGAGTCAAATTGGA-1_2_2"
"461","AGGGAGTCAGTTCTAG-1_2_2"
"462","AGGGAGTTCAACGCTA-1_2_2"
"463","AGGGAGTTCAGTCAGT-1_2_2"
"464","AGGGCCTAGACATACA-1_2_2"
"465","AGGGCCTGTAGGCAGT-1_2_2"
"466","AGGGCTCAGGACTGGT-1_2_2"
"467","AGGGCTCCAACTCATG-1_2_2"
"468","AGGGCTCGTTGGGACA-1_2_2"
"469","AGGGCTCTCCACAAGT-1_2_2"
"470","AGGGTCCAGGTAGATT-1_2_2"
"471","AGGGTCCAGTGCTAGG-1_2_2"
"472","AGGGTCCGTCGCCTAG-1_2_2"
"473","AGGGTGACAGTCCCGA-1_2_2"
"474","AGGGTGATCCAGTGTA-1_2_2"
"475","AGGGTTTAGCCATATC-1_2_2"
"476","AGGGTTTCAAGTGACG-1_2_2"
"477","AGGGTTTCACCCAAGC-1_2_2"
"478","AGGGTTTTCCTAGAGT-1_2_2"
"479","AGGGTTTTCTCTGAGA-1_2_2"
"480","AGGTAGGAGCAATTAG-1_2_2"
"481","AGGTAGGAGTGAACAT-1_2_2"
"482","AGGTAGGGTTCGTGCG-1_2_2"
"483","AGGTAGGTCAAAGAAC-1_2_2"
"484","AGGTAGGTCGTAGTCA-1_2_2"
"485","AGGTCATAGCAGCAGT-1_2_2"
"486","AGGTCATTCTTCGCTG-1_2_2"
"487","AGGTCTAAGGCGACAT-1_2_2"
"488","AGGTCTAAGGTCTGGA-1_2_2"
"489","AGGTCTAGTGATGTAA-1_2_2"
"490","AGGTCTATCGACGTCG-1_2_2"
"491","AGGTGTTAGCAACTTC-1_2_2"
"492","AGGTGTTAGCGATGGT-1_2_2"
"493","AGGTGTTTCGGAGTAG-1_2_2"
"494","AGGTTACAGCATCCTA-1_2_2"
"495","AGGTTACCAAACCATC-1_2_2"
"496","AGGTTACCATGTCTAG-1_2_2"
"497","AGGTTGTGTCTAGGCC-1_2_2"
"498","AGGTTGTGTGCGCTCA-1_2_2"
"499","AGGTTGTTCTTGGCTC-1_2_2"
"500","AGTAACCAGAGGGCGA-1_2_2"
"501","AGTAACCCAAACCGGA-1_2_2"
"502","AGTAACCCAGGGATAC-1_2_2"
"503","AGTAACCCATCGGCCA-1_2_2"
"504","AGTAACCTCCATGATG-1_2_2"
"505","AGTAACCTCGTTAGAC-1_2_2"
"506","AGTAACCTCTAGTGTG-1_2_2"
"507","AGTACCAAGATTGACA-1_2_2"
"508","AGTACCAAGCACACCC-1_2_2"
"509","AGTACCAAGTATTGCC-1_2_2"
"510","AGTACTGCAGCGTGCT-1_2_2"
"511","AGTACTGGTGGTTCTA-1_2_2"
"512","AGTAGCTCATATACCG-1_2_2"
"513","AGTAGTCAGGATTTCC-1_2_2"
"514","AGTAGTCCACGCAGTC-1_2_2"
"515","AGTAGTCGTGTCCAAT-1_2_2"
"516","AGTAGTCTCACTCTTA-1_2_2"
"517","AGTCAACAGAATGTTG-1_2_2"
"518","AGTCAACCAAAGGCTG-1_2_2"
"519","AGTCAACCAGAACATA-1_2_2"
"520","AGTCAACTCATCGTAG-1_2_2"
"521","AGTCACAAGAATAACC-1_2_2"
"522","AGTCACAAGATCCCGC-1_2_2"
"523","AGTCACAAGCCAGTAG-1_2_2"
"524","AGTCACAGTTTGGCTA-1_2_2"
"525","AGTCATGAGTAAACGT-1_2_2"
"526","AGTCATGAGTCACTGT-1_2_2"
"527","AGTCATGCAAAGCTAA-1_2_2"
"528","AGTCATGCAATGAAAC-1_2_2"
"529","AGTCATGCACGGGCTT-1_2_2"
"530","AGTCATGGTGGAATGC-1_2_2"
"531","AGTCATGTCACAGAGG-1_2_2"
"532","AGTCATGTCGTCAGAT-1_2_2"
"533","AGTCATGTCTGTAACG-1_2_2"
"534","AGTCTCCGTCAAAGCG-1_2_2"
"535","AGTCTCCGTCTCGCGA-1_2_2"
"536","AGTCTCCGTTGTCATG-1_2_2"
"537","AGTGACTAGTGCACTT-1_2_2"
"538","AGTGACTCACTTCAGA-1_2_2"
"539","AGTGACTCATCGCTGG-1_2_2"
"540","AGTGACTCATGACAAA-1_2_2"
"541","AGTGACTGTAGGTAGC-1_2_2"
"542","AGTGATCGTTCAAACC-1_2_2"
"543","AGTGCCGAGACTACCT-1_2_2"
"544","AGTGCCGCAAGAGGCT-1_2_2"
"545","AGTGCCGCAAGAGTAT-1_2_2"
"546","AGTGCCGCACGACGTC-1_2_2"
"547","AGTGCCGCACTAGTAC-1_2_2"
"548","AGTGCCGCATGGCCAC-1_2_2"
"549","AGTGTTGAGCGTGCTC-1_2_2"
"550","AGTGTTGAGGATGAGA-1_2_2"
"551","AGTGTTGAGGCCTTCG-1_2_2"
"552","AGTTAGCCACGCTTAA-1_2_2"
"553","AGTTAGCGTGATGGCA-1_2_2"
"554","AGTTAGCGTGCGCTCA-1_2_2"
"555","AGTTAGCTCAGCTGTA-1_2_2"
"556","AGTTCCCTCATCGCCT-1_2_2"
"557","AGTTCCCTCGTGTGAT-1_2_2"
"558","AGTTCGAAGATTGATG-1_2_2"
"559","AGTTCGAAGGGTCAAC-1_2_2"
"560","AGTTCGACAGAGGTAC-1_2_2"
"561","AGTTCGACATTCAGGT-1_2_2"
"562","AGTTCGATCAAGCTGT-1_2_2"
"563","AGTTCGATCCTCACGT-1_2_2"
"564","ATACCGAGTGCACATT-1_2_2"
"565","ATACCTTAGCGATTCT-1_2_2"
"566","ATACCTTAGGCTTAGG-1_2_2"
"567","ATACCTTAGGTTACCT-1_2_2"
"568","ATACCTTAGTTGCTGT-1_2_2"
"569","ATACCTTCATCGCTGG-1_2_2"
"570","ATACCTTGTCTACAAC-1_2_2"
"571","ATACCTTTCTTGTGCC-1_2_2"
"572","ATACTTCCACGCTATA-1_2_2"
"573","ATACTTCGTGTGAGCA-1_2_2"
"574","ATACTTCGTTCAGGTT-1_2_2"
"575","ATACTTCTCTCGCCTA-1_2_2"
"576","ATAGAGAGTTAAGCAA-1_2_2"
"577","ATAGAGATCTCTAAGG-1_2_2"
"578","ATAGGCTAGTCATGAA-1_2_2"
"579","ATAGGCTCATAGGAGC-1_2_2"
"580","ATAGGCTGTGAGTTTC-1_2_2"
"581","ATAGGCTTCACCTGTC-1_2_2"
"582","ATATCCTAGCCTGGAA-1_2_2"
"583","ATCACAGGTACAGCGA-1_2_2"
"584","ATCACAGGTAGTCTTG-1_2_2"
"585","ATCACAGTCTCTTGCG-1_2_2"
"586","ATCACGACATACTGAC-1_2_2"
"587","ATCAGGTCATAGTCAC-1_2_2"
"588","ATCAGGTGTTGTAAAG-1_2_2"
"589","ATCAGGTTCATCCCGT-1_2_2"
"590","ATCATTCCAAGGTTGG-1_2_2"
"591","ATCATTCTCTCTAGGA-1_2_2"
"592","ATCCACCAGTGTTCCA-1_2_2"
"593","ATCCACCGTCTACAAC-1_2_2"
"594","ATCCATTGTCTACAGT-1_2_2"
"595","ATCCATTTCATTGCGA-1_2_2"
"596","ATCCATTTCGAGAGCA-1_2_2"
"597","ATCCATTTCGCTAGCG-1_2_2"
"598","ATCCCTGAGACGGTCA-1_2_2"
"599","ATCCCTGCATAGGAGC-1_2_2"
"600","ATCCCTGGTCCTGAAT-1_2_2"
"601","ATCCCTGGTGTTTGCA-1_2_2"
"602","ATCCGTCAGGGCCTCT-1_2_2"
"603","ATCCGTCCAGTAACGG-1_2_2"
"604","ATCCGTCCATATACCG-1_2_2"
"605","ATCCGTCTCCGAGCTG-1_2_2"
"606","ATCCTATGTGGCAGAT-1_2_2"
"607","ATCCTATGTGTAAACA-1_2_2"
"608","ATCGATGAGGTTCTTG-1_2_2"
"609","ATCGATGTCTTTGATC-1_2_2"
"610","ATCGCCTTCTGAGCAT-1_2_2"
"611","ATCGGATCATCACAGT-1_2_2"
"612","ATCGGATGTAGGGTAC-1_2_2"
"613","ATCGGATGTATGCGGA-1_2_2"
"614","ATCGGATTCCTGGCTT-1_2_2"
"615","ATCGGCGAGAAGGTAG-1_2_2"
"616","ATCGGCGAGCTACTAC-1_2_2"
"617","ATCGGCGCACATTGTG-1_2_2"
"618","ATCGGCGGTTCTTGTT-1_2_2"
"619","ATCGGCGTCCACACAA-1_2_2"
"620","ATCGGCGTCTCCGAAA-1_2_2"
"621","ATCGTAGAGGAGATAG-1_2_2"
"622","ATCGTAGAGTAGGTTA-1_2_2"
"623","ATCGTAGCAGAGTGTG-1_2_2"
"624","ATCGTAGCAGGCAATG-1_2_2"
"625","ATCGTAGTCAACCGAT-1_2_2"
"626","ATCGTCCAGGGAGGAC-1_2_2"
"627","ATCGTCCGTCACTTAG-1_2_2"
"628","ATCGTCCGTTGGACCC-1_2_2"
"629","ATCGTCCTCATGCATG-1_2_2"
"630","ATCGTGAAGTCTACCA-1_2_2"
"631","ATCGTGACACCATATG-1_2_2"
"632","ATCGTGAGTATCATGC-1_2_2"
"633","ATCGTGAGTTGCTTGA-1_2_2"
"634","ATCTCTAAGTAGCTCT-1_2_2"
"635","ATCTCTAGTCACCACG-1_2_2"
"636","ATCTCTAGTGGCTTGC-1_2_2"
"637","ATCTTCAAGCTTGTTG-1_2_2"
"638","ATCTTCAAGGCTTTCA-1_2_2"
"639","ATCTTCAGTCGACTTA-1_2_2"
"640","ATCTTCATCGGACAAG-1_2_2"
"641","ATCTTCATCTTTCTAG-1_2_2"
"642","ATGAAAGAGATCCGAG-1_2_2"
"643","ATGAAAGCATTGCTTT-1_2_2"
"644","ATGAAAGGTGCGCTCA-1_2_2"
"645","ATGAAAGGTTCTCCCA-1_2_2"
"646","ATGACCAAGATTAGCA-1_2_2"
"647","ATGACCACATCCGGCA-1_2_2"
"648","ATGACCAGTACAGTCT-1_2_2"
"649","ATGACCAGTCTACGAT-1_2_2"
"650","ATGACCATCGGAGATG-1_2_2"
"651","ATGAGGGAGGACAAGA-1_2_2"
"652","ATGAGGGCAGCTTTCC-1_2_2"
"653","ATGAGGGTCACTTATC-1_2_2"
"654","ATGAGGGTCATCACTT-1_2_2"
"655","ATGAGGGTCATCTACT-1_2_2"
"656","ATGAGGGTCGAAGGAC-1_2_2"
"657","ATGAGTCAGTAGTCTC-1_2_2"
"658","ATGAGTCCATCACAGT-1_2_2"
"659","ATGAGTCTCGTGCGAC-1_2_2"
"660","ATGAGTCTCTAACGCA-1_2_2"
"661","ATGATCGAGAGGATGA-1_2_2"
"662","ATGATCGCACCGCTAG-1_2_2"
"663","ATGATCGCAGTGTATC-1_2_2"
"664","ATGATCGTCAGTCTTT-1_2_2"
"665","ATGCATGCAAATTGGA-1_2_2"
"666","ATGCATGGTCAATCTG-1_2_2"
"667","ATGCATGGTCTGTGCG-1_2_2"
"668","ATGCCTCCATCGCTCT-1_2_2"
"669","ATGCCTCGTTAGAAAC-1_2_2"
"670","ATGCCTCGTTCAAGTC-1_2_2"
"671","ATGCCTCGTTGGAGAC-1_2_2"
"672","ATGCCTCTCTTCCCGA-1_2_2"
"673","ATGCGATTCCATCACC-1_2_2"
"674","ATGGAGGAGTGAGTGC-1_2_2"
"675","ATGGAGGGTCTTGGTA-1_2_2"
"676","ATGGAGGTCTTTACAC-1_2_2"
"677","ATGGATCAGCCATATC-1_2_2"
"678","ATGGATCAGTAGAGTT-1_2_2"
"679","ATGGATCGTGGCATCC-1_2_2"
"680","ATGGATCGTGGCGCTT-1_2_2"
"681","ATGGATCTCCTGTTAT-1_2_2"
"682","ATGGATCTCCTTTAGT-1_2_2"
"683","ATGGATCTCGCAGTGC-1_2_2"
"684","ATGGGAGAGTTTGCTG-1_2_2"
"685","ATGGGAGGTCGTTGCG-1_2_2"
"686","ATGGGAGGTGATCGTT-1_2_2"
"687","ATGGGTTAGACCTCAT-1_2_2"
"688","ATGGGTTCAACGATTC-1_2_2"
"689","ATGGGTTGTAGCCCTG-1_2_2"
"690","ATGGGTTTCTGGCCAG-1_2_2"
"691","ATGGTTGAGCATCCCG-1_2_2"
"692","ATGGTTGAGGATGTTA-1_2_2"
"693","ATGGTTGGTGAGGATC-1_2_2"
"694","ATGTCCCAGCCATATC-1_2_2"
"695","ATGTCCCCAAGTGGGT-1_2_2"
"696","ATGTCCCCACAAAGTA-1_2_2"
"697","ATGTCCCGTTCTTGTT-1_2_2"
"698","ATGTCCCTCCAGTTCC-1_2_2"
"699","ATGTCTTCAACCACAT-1_2_2"
"700","ATGTCTTGTCCACAGC-1_2_2"
"701","ATGTCTTTCTGTTCAT-1_2_2"
"702","ATTACCTAGACCAAGC-1_2_2"
"703","ATTACCTAGCGTTGTT-1_2_2"
"704","ATTACCTCATGAGATA-1_2_2"
"705","ATTACCTGTTTGGGTT-1_2_2"
"706","ATTACTCGTATGTCTG-1_2_2"
"707","ATTACTCGTCAGCTTA-1_2_2"
"708","ATTACTCGTGTTCGTA-1_2_2"
"709","ATTACTCTCCATCGTC-1_2_2"
"710","ATTCACTCATCGGTTA-1_2_2"
"711","ATTCACTTCATCAGTG-1_2_2"
"712","ATTCAGGAGGCCTGAA-1_2_2"
"713","ATTCAGGAGTAGGAAG-1_2_2"
"714","ATTCAGGGTCTGCAAT-1_2_2"
"715","ATTCAGGTCCAGTTCC-1_2_2"
"716","ATTCATCCAGAGCCCT-1_2_2"
"717","ATTCATCGTATTGACC-1_2_2"
"718","ATTCATCGTGATGGCA-1_2_2"
"719","ATTCCATAGCGAATGC-1_2_2"
"720","ATTCCTAAGTAGCAAT-1_2_2"
"721","ATTCCTACAAGCCCAC-1_2_2"
"722","ATTCCTACAGACTCTA-1_2_2"
"723","ATTCCTACAGAGTGAC-1_2_2"
"724","ATTCCTACATTGACCA-1_2_2"
"725","ATTCCTAGTATCGTGT-1_2_2"
"726","ATTCCTATCCGGTAGC-1_2_2"
"727","ATTCGTTCAGACACAG-1_2_2"
"728","ATTCTACGTAGATCGG-1_2_2"
"729","ATTCTACGTATCTTCT-1_2_2"
"730","ATTCTACGTTCCACGG-1_2_2"
"731","ATTCTACTCAACTGAC-1_2_2"
"732","ATTCTACTCGGCCCAA-1_2_2"
"733","ATTCTTGCATTCGGGC-1_2_2"
"734","ATTCTTGGTCGCTGCA-1_2_2"
"735","ATTCTTGGTCTGTAGT-1_2_2"
"736","ATTGGGTGTTAATGAG-1_2_2"
"737","ATTGTTCAGAATGTTG-1_2_2"
"738","ATTGTTCAGACATGCG-1_2_2"
"739","ATTGTTCCAGATCCTA-1_2_2"
"740","ATTGTTCCATGTTCGA-1_2_2"
"741","ATTGTTCGTAGCGATG-1_2_2"
"742","ATTGTTCGTCTCAGGC-1_2_2"
"743","ATTGTTCGTGTCGCTG-1_2_2"
"744","ATTGTTCTCCGGTAAT-1_2_2"
"745","ATTGTTCTCGATTGAC-1_2_2"
"746","ATTTCACCAGCGTTTA-1_2_2"
"747","ATTTCACTCTTCCACG-1_2_2"
"748","ATTTCTGAGAGGACTC-1_2_2"
"749","ATTTCTGAGCCTCCAG-1_2_2"
"750","ATTTCTGAGGTAATCA-1_2_2"
"751","ATTTCTGCACGATAGG-1_2_2"
"752","ATTTCTGTCCTCTCTT-1_2_2"
"753","CAAAGAACAAGCAGGT-1_2_2"
"754","CAAAGAACAGCGTGCT-1_2_2"
"755","CAAAGAAGTCACTTCC-1_2_2"
"756","CAAAGAATCCTCTAGC-1_2_2"
"757","CAAAGAATCTATACTC-1_2_2"
"758","CAACAACAGGCTCCCA-1_2_2"
"759","CAACAACCAGTCAGCC-1_2_2"
"760","CAACAACTCCTTCTGG-1_2_2"
"761","CAACAGTCAAAGGCTG-1_2_2"
"762","CAACAGTGTCAGACTT-1_2_2"
"763","CAACAGTGTCGACTGC-1_2_2"
"764","CAACAGTGTTTCGTGA-1_2_2"
"765","CAACCAACAATTGCGT-1_2_2"
"766","CAACCAACAGAAACCG-1_2_2"
"767","CAACCAACATGGATCT-1_2_2"
"768","CAACCAAGTGGCTGAA-1_2_2"
"769","CAACGGCCAAGACGGT-1_2_2"
"770","CAACGGCCACGCTGAC-1_2_2"
"771","CAACGGCCAGACATCT-1_2_2"
"772","CAACGGCCATGACAAA-1_2_2"
"773","CAACGGCGTTGAATCC-1_2_2"
"774","CAACGGCTCCTCAGAA-1_2_2"
"775","CAACGGCTCGCGTCGA-1_2_2"
"776","CAAGACTAGGAATCGC-1_2_2"
"777","CAAGACTGTATACGGG-1_2_2"
"778","CAAGACTTCATTCTTG-1_2_2"
"779","CAAGACTTCCCTATTA-1_2_2"
"780","CAAGAGGAGCGAATGC-1_2_2"
"781","CAAGAGGAGTTTCGAC-1_2_2"
"782","CAAGCTACACAGCCAC-1_2_2"
"783","CAAGCTACATATTCGG-1_2_2"
"784","CAAGGGACAATCCTAG-1_2_2"
"785","CAAGGGACATAATCCG-1_2_2"
"786","CAAGGGACATGACTCA-1_2_2"
"787","CAAGGGATCGTGCAGC-1_2_2"
"788","CAATACGGTGCCTAAT-1_2_2"
"789","CAATCGAAGTGACACG-1_2_2"
"790","CAATCGACACCTGCGA-1_2_2"
"791","CAATCGATCACCGACG-1_2_2"
"792","CAATCGATCGACGCGT-1_2_2"
"793","CAATGACCACAACATC-1_2_2"
"794","CAATTTCAGGAACGAA-1_2_2"
"795","CAATTTCCAGTGGTGA-1_2_2"
"796","CAATTTCGTACGTTCA-1_2_2"
"797","CAATTTCGTGTTCGAT-1_2_2"
"798","CACAACACATGAATAG-1_2_2"
"799","CACAACACATTCCTAT-1_2_2"
"800","CACAACAGTAACATCC-1_2_2"
"801","CACAACAGTCGAATGG-1_2_2"
"802","CACAACAGTCTCAGGC-1_2_2"
"803","CACAACATCCTAAGTG-1_2_2"
"804","CACAACATCGAAACAA-1_2_2"
"805","CACACAACACCAGCTG-1_2_2"
"806","CACACAAGTGGACCAA-1_2_2"
"807","CACAGATAGAAATCCA-1_2_2"
"808","CACAGATAGCTCAGAG-1_2_2"
"809","CACAGATAGTCACTAC-1_2_2"
"810","CACAGATCAATTTCCT-1_2_2"
"811","CACAGATGTACGCGTC-1_2_2"
"812","CACAGATGTTTCGACA-1_2_2"
"813","CACAGGCAGCCAGAGT-1_2_2"
"814","CACAGGCAGTATCCTG-1_2_2"
"815","CACAGGCCACAGGATG-1_2_2"
"816","CACAGGCCACCTAAAC-1_2_2"
"817","CACAGGCTCCAACTGA-1_2_2"
"818","CACATGAAGATTGAGT-1_2_2"
"819","CACATGAAGGGCAACT-1_2_2"
"820","CACATGACAGATTTCG-1_2_2"
"821","CACATGAGTTCTAAGC-1_2_2"
"822","CACATGATCGTCAACA-1_2_2"
"823","CACCAAAAGTGTTCCA-1_2_2"
"824","CACCAAACAACCGCCA-1_2_2"
"825","CACCAAACAACTGCTA-1_2_2"
"826","CACCAAAGTCCCGTGA-1_2_2"
"827","CACCAAATCTGGTGCG-1_2_2"
"828","CACCGTTAGCGGTAAC-1_2_2"
"829","CACGAATAGAGAGAAC-1_2_2"
"830","CACGAATAGAGAGCGG-1_2_2"
"831","CACGAATCAAGCAATA-1_2_2"
"832","CACGAATCATGAAGGC-1_2_2"
"833","CACGAATGTAGGAAAG-1_2_2"
"834","CACGAATTCCTACGGG-1_2_2"
"835","CACGGGTAGAAGCCAC-1_2_2"
"836","CACGGGTTCCAGTTCC-1_2_2"
"837","CACGTGGAGAGGGCGA-1_2_2"
"838","CACGTGGAGCGATGAC-1_2_2"
"839","CACGTGGAGTTGCATC-1_2_2"
"840","CACGTGGCAGTGGGTA-1_2_2"
"841","CACGTTCCACAGCCTG-1_2_2"
"842","CACGTTCTCCCGTTGT-1_2_2"
"843","CACTAAGCAGTGACCC-1_2_2"
"844","CACTGAAGTGGTACAG-1_2_2"
"845","CACTGAAGTTCAACGT-1_2_2"
"846","CACTGAAGTTTCACAG-1_2_2"
"847","CACTGGGAGGATGAGA-1_2_2"
"848","CACTGGGAGTTCATGC-1_2_2"
"849","CACTGGGCAGCGCTTG-1_2_2"
"850","CACTGGGGTAGGGAGG-1_2_2"
"851","CACTGGGGTTGTATGC-1_2_2"
"852","CACTGTCAGCGCCATC-1_2_2"
"853","CACTGTCCACGCTGTG-1_2_2"
"854","CACTGTCGTCCAAAGG-1_2_2"
"855","CACTGTCGTGCTCCGA-1_2_2"
"856","CAGAGCCAGCGGATCA-1_2_2"
"857","CAGAGCCCATCACAGT-1_2_2"
"858","CAGAGCCTCCGTCAAA-1_2_2"
"859","CAGATACCACGTCGTG-1_2_2"
"860","CAGATACCAGCACAGA-1_2_2"
"861","CAGATACGTATGAGAT-1_2_2"
"862","CAGATACTCCTTCTAA-1_2_2"
"863","CAGATCAGTAGCGCTC-1_2_2"
"864","CAGATCAGTCAGGTGA-1_2_2"
"865","CAGATTGGTTGCTGAT-1_2_2"
"866","CAGATTGGTTGTTGCA-1_2_2"
"867","CAGCAATAGCAGTACG-1_2_2"
"868","CAGCAATCACGGTCTG-1_2_2"
"869","CAGCAATGTGGACCAA-1_2_2"
"870","CAGCAATTCTACTATC-1_2_2"
"871","CAGCACGGTCGTTATG-1_2_2"
"872","CAGCACGGTGAGTAAT-1_2_2"
"873","CAGCAGCCAACGAGGT-1_2_2"
"874","CAGCAGCGTCCTATAG-1_2_2"
"875","CAGCCAGCAATTGTGC-1_2_2"
"876","CAGCCAGGTTCCATTT-1_2_2"
"877","CAGCGTGCAAGAGAGA-1_2_2"
"878","CAGGCCAAGATGGGCT-1_2_2"
"879","CAGGCCAAGTCATAGA-1_2_2"
"880","CAGGCCAAGTCTTCGA-1_2_2"
"881","CAGGCCATCTCTGCCA-1_2_2"
"882","CAGGGCTCAGGCATGA-1_2_2"
"883","CAGGGCTGTTGTAGCT-1_2_2"
"884","CAGGTATGTCGCCACA-1_2_2"
"885","CAGGTATTCATCACTT-1_2_2"
"886","CAGGTATTCGTTGTGA-1_2_2"
"887","CAGGTATTCTGCCTGT-1_2_2"
"888","CAGTTAGCAGCTTTCC-1_2_2"
"889","CAGTTAGGTGGATGAC-1_2_2"
"890","CAGTTAGTCGCAGATT-1_2_2"
"891","CAGTTCCAGCTGTCCG-1_2_2"
"892","CAGTTCCCAAGACCTT-1_2_2"
"893","CAGTTCCGTCTCCTGT-1_2_2"
"894","CAGTTCCGTGTAAACA-1_2_2"
"895","CATAAGCCAGGGAATC-1_2_2"
"896","CATAAGCGTGATATAG-1_2_2"
"897","CATAAGCTCGAGTGGA-1_2_2"
"898","CATACAGGTGTCCAAT-1_2_2"
"899","CATACCCCAACCTAAC-1_2_2"
"900","CATACCCCAAGTGGTG-1_2_2"
"901","CATACCCTCGATGCTA-1_2_2"
"902","CATACTTGTGGCCACT-1_2_2"
"903","CATACTTTCCGTCAAA-1_2_2"
"904","CATAGACAGCCTCTCT-1_2_2"
"905","CATAGACAGGAACGAA-1_2_2"
"906","CATAGACGTCACATTG-1_2_2"
"907","CATAGACTCAGGGTAG-1_2_2"
"908","CATCAAGAGCAAACAT-1_2_2"
"909","CATCAAGAGCATCAGG-1_2_2"
"910","CATCAAGAGTCACTAC-1_2_2"
"911","CATCAAGGTCACAATC-1_2_2"
"912","CATCAAGGTCCAGCGT-1_2_2"
"913","CATCAAGGTTAAGTCC-1_2_2"
"914","CATCAAGGTTCGGCGT-1_2_2"
"915","CATCAAGTCAATCCAG-1_2_2"
"916","CATCAAGTCGGTGAAG-1_2_2"
"917","CATCCACGTGCCGTAC-1_2_2"
"918","CATCCCAGTGAAAGTT-1_2_2"
"919","CATCCCATCAAGGAGC-1_2_2"
"920","CATCCGTAGCCGAACA-1_2_2"
"921","CATCCGTAGTGGAAGA-1_2_2"
"922","CATCCGTTCTCTGCTG-1_2_2"
"923","CATCGCTCAACCTAAC-1_2_2"
"924","CATCGCTCAGACCTGC-1_2_2"
"925","CATCGCTCATGTGACT-1_2_2"
"926","CATCGCTGTCAGATTC-1_2_2"
"927","CATCGGGAGCACCCAC-1_2_2"
"928","CATCGGGCAAGCGCTC-1_2_2"
"929","CATCGGGGTGATGAAT-1_2_2"
"930","CATCGGGGTGTTCCTC-1_2_2"
"931","CATCGGGTCTATCGGA-1_2_2"
"932","CATCGTCAGCTACTGT-1_2_2"
"933","CATGAGTAGTAAATGC-1_2_2"
"934","CATGAGTTCAGGAAAT-1_2_2"
"935","CATGAGTTCCACGTAA-1_2_2"
"936","CATGCAAAGAGTTGCG-1_2_2"
"937","CATGCAAAGCGCGTTC-1_2_2"
"938","CATGCAATCTTCGATT-1_2_2"
"939","CATGCCTAGTACTCGT-1_2_2"
"940","CATGCGGAGATTGATG-1_2_2"
"941","CATGCGGCAGCAGTAG-1_2_2"
"942","CATGCGGGTACCCAGC-1_2_2"
"943","CATGCGGGTCTTGAAC-1_2_2"
"944","CATGCTCGTGACACAG-1_2_2"
"945","CATGCTCGTTATCTGG-1_2_2"
"946","CATGGATGTATGAAAC-1_2_2"
"947","CATGGATGTTCGGTTA-1_2_2"
"948","CATGGTAAGTGATAAC-1_2_2"
"949","CATGGTACACGTTCGG-1_2_2"
"950","CATGGTACATTCTTCA-1_2_2"
"951","CATTCATAGAATCGAT-1_2_2"
"952","CATTCATAGTCTAGCT-1_2_2"
"953","CATTCATCACTAGGTT-1_2_2"
"954","CATTCATCAGTGGTGA-1_2_2"
"955","CATTCATGTAATGCGG-1_2_2"
"956","CATTCCGTCGAGCCTG-1_2_2"
"957","CATTCCGTCTGGACCG-1_2_2"
"958","CATTCCGTCTTCCAGC-1_2_2"
"959","CATTCTAAGAATGTTG-1_2_2"
"960","CATTCTACACTTTAGG-1_2_2"
"961","CATTCTACAGGAGGTT-1_2_2"
"962","CATTCTAGTGAACCGA-1_2_2"
"963","CATTCTAGTGGAAGTC-1_2_2"
"964","CATTGAGCAATTCGTG-1_2_2"
"965","CATTGAGCAGAGTGTG-1_2_2"
"966","CATTGAGGTGATAGAT-1_2_2"
"967","CATTGAGTCCTGCCAT-1_2_2"
"968","CATTGCCAGAGCAACC-1_2_2"
"969","CATTGCCAGGAAAGAC-1_2_2"
"970","CATTGCCCACTAAACC-1_2_2"
"971","CATTGCCGTACCGGAA-1_2_2"
"972","CATTGCCGTATGTGTC-1_2_2"
"973","CATTGCCGTTACGCCG-1_2_2"
"974","CATTGTTAGCCAAGTG-1_2_2"
"975","CATTGTTAGGCAGGTT-1_2_2"
"976","CATTGTTGTAGGTTTC-1_2_2"
"977","CATTGTTGTCGCTTGG-1_2_2"
"978","CATTGTTGTGTCGATT-1_2_2"
"979","CATTGTTTCACGGGCT-1_2_2"
"980","CATTGTTTCTGGGATT-1_2_2"
"981","CATTTCAAGAACGCGT-1_2_2"
"982","CATTTCAAGACTCGAG-1_2_2"
"983","CATTTCAAGTAGACAT-1_2_2"
"984","CATTTCATCAAGCCTA-1_2_2"
"985","CCAAGCGCAAGATTGA-1_2_2"
"986","CCAAGCGCATGTTCGA-1_2_2"
"987","CCAAGCGGTAGCGCCT-1_2_2"
"988","CCAAGCGTCATGCCAA-1_2_2"
"989","CCAATGAAGGAAGAAC-1_2_2"
"990","CCAATGAGTCGGTGTC-1_2_2"
"991","CCAATGATCCGGACTG-1_2_2"
"992","CCAATTTGTGAGCCAA-1_2_2"
"993","CCACAAAAGCCTGCCA-1_2_2"
"994","CCACAAACATATCTGG-1_2_2"
"995","CCACAAAGTGGCTTAT-1_2_2"
"996","CCACACTAGAACGCGT-1_2_2"
"997","CCACACTAGTGAGTTA-1_2_2"
"998","CCACACTCATGTGACT-1_2_2"
"999","CCACCATGTATGGTTC-1_2_2"
"1000","CCACCATGTTACGTAC-1_2_2"
"1001","CCACCATTCCATTGTT-1_2_2"
"1002","CCACGTTAGATGGTCG-1_2_2"
"1003","CCACGTTGTCACCTTC-1_2_2"
"1004","CCACTTGGTAAGTAGT-1_2_2"
"1005","CCATAAGCACTGATTG-1_2_2"
"1006","CCATCACAGTGGGAAA-1_2_2"
"1007","CCATCACCATGGAGAC-1_2_2"
"1008","CCATCACTCGTAACTG-1_2_2"
"1009","CCATCACTCGTGCAGC-1_2_2"
"1010","CCATCACTCTTCTGGC-1_2_2"
"1011","CCCAACTCATTCTCCG-1_2_2"
"1012","CCCAACTTCGGTAGAG-1_2_2"
"1013","CCCAACTTCGTGTCAA-1_2_2"
"1014","CCCATTGCATGGCGCT-1_2_2"
"1015","CCCATTGTCAGACCCG-1_2_2"
"1016","CCCGAAGGTTCAGCGC-1_2_2"
"1017","CCCGGAAAGGAGTCTG-1_2_2"
"1018","CCCGGAAAGTACAGAT-1_2_2"
"1019","CCCGGAAAGTCAGCGA-1_2_2"
"1020","CCCGGAACAACTAGAA-1_2_2"
"1021","CCCGGAACAAGACGAC-1_2_2"
"1022","CCCGGAACATTCACAG-1_2_2"
"1023","CCCGGAAGTTGAGTCT-1_2_2"
"1024","CCCTAACTCAACGAGG-1_2_2"
"1025","CCCTCAAAGCCTTCTC-1_2_2"
"1026","CCCTCAAGTGGACTGA-1_2_2"
"1027","CCCTCAAGTTCTTGTT-1_2_2"
"1028","CCCTCAATCCTCTCTT-1_2_2"
"1029","CCCTCTCAGACCTGGA-1_2_2"
"1030","CCCTCTCAGATGAACT-1_2_2"
"1031","CCCTCTCAGTCCCAGC-1_2_2"
"1032","CCCTCTCCAGCGTAGA-1_2_2"
"1033","CCCTCTCTCGACATTG-1_2_2"
"1034","CCCTGATAGCGTTCAT-1_2_2"
"1035","CCCTGATAGGTCCAGA-1_2_2"
"1036","CCCTGATCAGCCTATA-1_2_2"
"1037","CCCTGATGTCCGGACT-1_2_2"
"1038","CCCTTAGCAAGAAATC-1_2_2"
"1039","CCCTTAGCAGCGCGTT-1_2_2"
"1040","CCGATCTAGATGCTAA-1_2_2"
"1041","CCGATGGCAACAAGAT-1_2_2"
"1042","CCGATGGCACCCATAA-1_2_2"
"1043","CCGATGGCAGAGGTTG-1_2_2"
"1044","CCGCAAGCAACAGCTT-1_2_2"
"1045","CCGCAAGCATAATCCG-1_2_2"
"1046","CCGCAAGCATGTTTGG-1_2_2"
"1047","CCGCAAGGTATGCTAC-1_2_2"
"1048","CCGCAAGTCGGAACTT-1_2_2"
"1049","CCGGACATCATACGGT-1_2_2"
"1050","CCGGACATCTTTGATC-1_2_2"
"1051","CCGGGTAAGAGAAGGT-1_2_2"
"1052","CCGGGTACACATGGTT-1_2_2"
"1053","CCGGGTAGTCATGACT-1_2_2"
"1054","CCGGGTAGTTCCACGG-1_2_2"
"1055","CCGGGTATCCGCAACG-1_2_2"
"1056","CCGGGTATCGGTCTAA-1_2_2"
"1057","CCGGGTATCTCCGATC-1_2_2"
"1058","CCGGTAGCAAATACAG-1_2_2"
"1059","CCGGTGAAGTCACGAG-1_2_2"
"1060","CCGGTGAGTCCTTGTC-1_2_2"
"1061","CCGGTGATCCAGCTCT-1_2_2"
"1062","CCGTAGGAGAAATTGC-1_2_2"
"1063","CCGTAGGAGAAGCGGG-1_2_2"
"1064","CCGTAGGAGCACAAAT-1_2_2"
"1065","CCGTAGGAGCGTGAAC-1_2_2"
"1066","CCGTAGGCATGGCCAC-1_2_2"
"1067","CCGTAGGTCCGATAAC-1_2_2"
"1068","CCGTAGGTCCTAGCCT-1_2_2"
"1069","CCGTGAGCAAGACTGG-1_2_2"
"1070","CCGTGAGTCCGAAGGA-1_2_2"
"1071","CCGTTCAGTATCGTGT-1_2_2"
"1072","CCTAACCAGCATACTC-1_2_2"
"1073","CCTAACCTCGCATAGT-1_2_2"
"1074","CCTAAGAAGGAATTAC-1_2_2"
"1075","CCTAAGAGTCACAGTT-1_2_2"
"1076","CCTAAGAGTTGAATCC-1_2_2"
"1077","CCTAAGATCCATGCAA-1_2_2"
"1078","CCTACGTGTTCGGCGT-1_2_2"
"1079","CCTACGTTCATCGGGC-1_2_2"
"1080","CCTACGTTCCAAGGGA-1_2_2"
"1081","CCTACGTTCTCCTGTG-1_2_2"
"1082","CCTATCGCATTGACTG-1_2_2"
"1083","CCTCAACAGGTGCGAT-1_2_2"
"1084","CCTCAACTCCTATTTG-1_2_2"
"1085","CCTCACAAGCGTCTCG-1_2_2"
"1086","CCTCACACATCAGTGT-1_2_2"
"1087","CCTCACATCCACAAGT-1_2_2"
"1088","CCTCACATCCCAATAG-1_2_2"
"1089","CCTCAGTCAACTTCTT-1_2_2"
"1090","CCTCAGTCACAACATC-1_2_2"
"1091","CCTCAGTGTGAGATTA-1_2_2"
"1092","CCTCAGTGTTGTTGAC-1_2_2"
"1093","CCTCAGTTCTGAGGCC-1_2_2"
"1094","CCTCATGCACCGTCTT-1_2_2"
"1095","CCTCATGCACGCTGCA-1_2_2"
"1096","CCTCATGTCTACACTT-1_2_2"
"1097","CCTCCAACAAAGGAGA-1_2_2"
"1098","CCTCCAATCGGAGATG-1_2_2"
"1099","CCTCCTCTCCTTTGAT-1_2_2"
"1100","CCTCTAGAGTCACACT-1_2_2"
"1101","CCTCTAGTCCAGCTCT-1_2_2"
"1102","CCTCTAGTCTGCCTGT-1_2_2"
"1103","CCTCTCCAGAGTCACG-1_2_2"
"1104","CCTCTCCCATACAGCT-1_2_2"
"1105","CCTCTCCGTAGATCCT-1_2_2"
"1106","CCTGCATAGACCATTC-1_2_2"
"1107","CCTGCATCAAGAGTTA-1_2_2"
"1108","CCTGCATTCCCGAATA-1_2_2"
"1109","CCTGCATTCTAGGCCG-1_2_2"
"1110","CCTGTTGAGAATAACC-1_2_2"
"1111","CCTGTTGTCACTCCGT-1_2_2"
"1112","CCTTCAGCAGCACCCA-1_2_2"
"1113","CCTTCAGCATGATGCT-1_2_2"
"1114","CCTTCAGGTACGGCAA-1_2_2"
"1115","CCTTGTGAGGCCACTC-1_2_2"
"1116","CCTTGTGTCTAGTCAG-1_2_2"
"1117","CCTTGTGTCTCCCATG-1_2_2"
"1118","CCTTTGGAGGAGTACC-1_2_2"
"1119","CCTTTGGCATAATGAG-1_2_2"
"1120","CGAAGGACAACTCGTA-1_2_2"
"1121","CGAAGGACAAGGATGC-1_2_2"
"1122","CGAAGGAGTTCGGTTA-1_2_2"
"1123","CGAAGGAGTTTGGAAA-1_2_2"
"1124","CGAAGGATCAAAGGTA-1_2_2"
"1125","CGAAGTTAGCAGAAAG-1_2_2"
"1126","CGAAGTTTCGAGCCAC-1_2_2"
"1127","CGAATTGAGACTGTTC-1_2_2"
"1128","CGAATTGGTGTGCCTG-1_2_2"
"1129","CGAATTGTCAAACCTG-1_2_2"
"1130","CGAATTGTCATGGATC-1_2_2"
"1131","CGAGAAGAGAATCCCT-1_2_2"
"1132","CGAGAAGAGTATAACG-1_2_2"
"1133","CGAGAAGAGTGGCCTC-1_2_2"
"1134","CGAGAAGCAACCGCCA-1_2_2"
"1135","CGAGAAGCATGGCCCA-1_2_2"
"1136","CGAGGAACAAGTTGGG-1_2_2"
"1137","CGAGGAAGTTAATGAG-1_2_2"
"1138","CGAGGCTAGAGCAGTC-1_2_2"
"1139","CGAGGCTCACGACCTG-1_2_2"
"1140","CGAGGCTGTTCCACAA-1_2_2"
"1141","CGAGGCTTCCAGCACG-1_2_2"
"1142","CGAGGCTTCCCATAAG-1_2_2"
"1143","CGAGGCTTCTAACGCA-1_2_2"
"1144","CGAGGCTTCTGATGGT-1_2_2"
"1145","CGAGTGCAGGCTAGCA-1_2_2"
"1146","CGAGTGCCAACGTTAC-1_2_2"
"1147","CGAGTGCCATCTCATT-1_2_2"
"1148","CGAGTGCGTTAGTCGT-1_2_2"
"1149","CGAGTTAAGACTACGG-1_2_2"
"1150","CGAGTTAGTCGTTGGC-1_2_2"
"1151","CGAGTTATCTAAGCGT-1_2_2"
"1152","CGATCGGAGCCGCACT-1_2_2"
"1153","CGATCGGAGCGTTAGG-1_2_2"
"1154","CGATCGGCAATTGCGT-1_2_2"
"1155","CGATCGGCATGACTGT-1_2_2"
"1156","CGATCGGTCTCTGCCA-1_2_2"
"1157","CGATGCGAGCAACCAG-1_2_2"
"1158","CGATGCGAGTTCACTG-1_2_2"
"1159","CGATGCGCAGCTCGGT-1_2_2"
"1160","CGATGCGGTACAACGG-1_2_2"
"1161","CGATGCGGTCGAAGCA-1_2_2"
"1162","CGATGCGTCTCGGGAC-1_2_2"
"1163","CGATGGCCATTCACCC-1_2_2"
"1164","CGCAGGTTCGGCTTGG-1_2_2"
"1165","CGCATAAAGTCTTGGT-1_2_2"
"1166","CGCATAAAGTGGTTGG-1_2_2"
"1167","CGCATAACACGAGGTA-1_2_2"
"1168","CGCATAAGTAGCGTTT-1_2_2"
"1169","CGCATAAGTATGGAGC-1_2_2"
"1170","CGCATAATCGCTCTCA-1_2_2"
"1171","CGCATGGAGCTCAGAG-1_2_2"
"1172","CGCATGGGTACTCCCT-1_2_2"
"1173","CGCATGGTCCCATTCG-1_2_2"
"1174","CGCATGGTCCGTCAAA-1_2_2"
"1175","CGCATGGTCCTCACCA-1_2_2"
"1176","CGCCAGAAGTCAGAGC-1_2_2"
"1177","CGCCAGAGTCAACACT-1_2_2"
"1178","CGCCAGATCGCCTTGT-1_2_2"
"1179","CGCCATTCAGCTCCTT-1_2_2"
"1180","CGCGTGAAGAACGCGT-1_2_2"
"1181","CGGAACCGTAGAGATT-1_2_2"
"1182","CGGAACCGTTCTAACG-1_2_2"
"1183","CGGAATTAGGCTCACC-1_2_2"
"1184","CGGAATTAGTCGAAGC-1_2_2"
"1185","CGGAATTTCGCTTGCT-1_2_2"
"1186","CGGACACAGCCAGAGT-1_2_2"
"1187","CGGACACAGCGAATGC-1_2_2"
"1188","CGGACACCAGGAGGTT-1_2_2"
"1189","CGGACACCATGTAACC-1_2_2"
"1190","CGGACACTCTCTTCAA-1_2_2"
"1191","CGGAGAACACTCACTC-1_2_2"
"1192","CGGAGAAGTTATTCTC-1_2_2"
"1193","CGGAGAATCGGCATCG-1_2_2"
"1194","CGGCAGTAGGCATCTT-1_2_2"
"1195","CGGCAGTTCAAAGACA-1_2_2"
"1196","CGGGACTCAGAGAGGG-1_2_2"
"1197","CGGGACTGTGGTCTAT-1_2_2"
"1198","CGGGACTGTTTGAAAG-1_2_2"
"1199","CGGGCATAGCAGCACA-1_2_2"
"1200","CGGGCATAGGTCTTTG-1_2_2"
"1201","CGGGCATCAAATTGCC-1_2_2"
"1202","CGGGCATCACTACAGT-1_2_2"
"1203","CGGGCATTCAGACTGT-1_2_2"
"1204","CGGGCATTCCGAGGCT-1_2_2"
"1205","CGGGTCACAATACGCT-1_2_2"
"1206","CGGGTCAGTACCTATG-1_2_2"
"1207","CGGGTGTCAACGACTT-1_2_2"
"1208","CGGGTGTGTCCAGCCA-1_2_2"
"1209","CGGGTGTGTGGTTCTA-1_2_2"
"1210","CGGTCAGAGGTTGAGC-1_2_2"
"1211","CGGTCAGCAACAAAGT-1_2_2"
"1212","CGGTCAGTCACTACGA-1_2_2"
"1213","CGGTCAGTCGGCTGAC-1_2_2"
"1214","CGTAATGGTACTAAGA-1_2_2"
"1215","CGTAATGGTGTCCCTT-1_2_2"
"1216","CGTAATGGTTATCCAG-1_2_2"
"1217","CGTAATGTCGCTTGCT-1_2_2"
"1218","CGTAGTAAGGTAGACC-1_2_2"
"1219","CGTAGTACAACCGCTG-1_2_2"
"1220","CGTAGTAGTCGACTGC-1_2_2"
"1221","CGTAGTAGTGGCTGCT-1_2_2"
"1222","CGTAGTATCCACGTGG-1_2_2"
"1223","CGTCAAACAATTCTTC-1_2_2"
"1224","CGTCAAAGTCAAAGCG-1_2_2"
"1225","CGTCAAAGTTCTCCAC-1_2_2"
"1226","CGTCAAATCACTGGTA-1_2_2"
"1227","CGTCAAATCATCAGTG-1_2_2"
"1228","CGTCAAATCGACCCAG-1_2_2"
"1229","CGTCAAATCTTTCCAA-1_2_2"
"1230","CGTCCATAGATGGTAT-1_2_2"
"1231","CGTCCATGTACCGCGT-1_2_2"
"1232","CGTCCATGTAGGGAGG-1_2_2"
"1233","CGTCCATGTATGGTTC-1_2_2"
"1234","CGTGAATGTCCTTAAG-1_2_2"
"1235","CGTGAATTCCTAGCTC-1_2_2"
"1236","CGTGAATTCTCAATCT-1_2_2"
"1237","CGTGATAAGCTTTCTT-1_2_2"
"1238","CGTGATAAGGGCAGAG-1_2_2"
"1239","CGTGATAAGGTTGTTC-1_2_2"
"1240","CGTGATACACCCTGAG-1_2_2"
"1241","CGTGATACATACATCG-1_2_2"
"1242","CGTGCTTCAGCTATAC-1_2_2"
"1243","CGTGCTTGTTTCGTAG-1_2_2"
"1244","CGTGCTTTCGAACACT-1_2_2"
"1245","CGTTAGAAGCCTAACT-1_2_2"
"1246","CGTTAGACAGACATCT-1_2_2"
"1247","CGTTAGAGTGACACAG-1_2_2"
"1248","CGTTAGAGTTCCGCAG-1_2_2"
"1249","CGTTCTGCACCCTATC-1_2_2"
"1250","CGTTCTGCAGAGAATT-1_2_2"
"1251","CGTTCTGTCACTTTGT-1_2_2"
"1252","CGTTCTGTCGGTGAAG-1_2_2"
"1253","CGTTCTGTCTAGATCG-1_2_2"
"1254","CGTTGGGAGCATCAGG-1_2_2"
"1255","CGTTGGGAGTTTGAGA-1_2_2"
"1256","CGTTGGGCAATGGGTG-1_2_2"
"1257","CGTTGGGGTTACACAC-1_2_2"
"1258","CTAACCCAGAGGTCGT-1_2_2"
"1259","CTAACCCAGAGTGGCT-1_2_2"
"1260","CTAACCCTCTATGCCC-1_2_2"
"1261","CTAACTTAGTATTCCG-1_2_2"
"1262","CTAACTTAGTCCGCCA-1_2_2"
"1263","CTAACTTTCCGCTAGG-1_2_2"
"1264","CTAAGTGCACCCATAA-1_2_2"
"1265","CTAAGTGTCGACATCA-1_2_2"
"1266","CTACAGACAGACGCTC-1_2_2"
"1267","CTACAGATCACAGAGG-1_2_2"
"1268","CTACAGATCCATCTCG-1_2_2"
"1269","CTACATTCATTAGGCT-1_2_2"
"1270","CTACATTGTGATTCTG-1_2_2"
"1271","CTACATTGTGGTTTGT-1_2_2"
"1272","CTACATTGTTTCGGCG-1_2_2"
"1273","CTACATTTCATGGATC-1_2_2"
"1274","CTACATTTCGCAATGT-1_2_2"
"1275","CTACATTTCGCATAGT-1_2_2"
"1276","CTACATTTCGTTTACT-1_2_2"
"1277","CTACATTTCTAAGCCA-1_2_2"
"1278","CTACATTTCTCCCATG-1_2_2"
"1279","CTACATTTCTCTAAGG-1_2_2"
"1280","CTACCCAAGTCTCCTC-1_2_2"
"1281","CTACCCACAGACCTGC-1_2_2"
"1282","CTACCCATCGAACGGA-1_2_2"
"1283","CTACCCATCGCATTGA-1_2_2"
"1284","CTACCTGAGCTCCGAC-1_2_2"
"1285","CTACCTGCACCATATG-1_2_2"
"1286","CTACCTGTCAATCTCT-1_2_2"
"1287","CTACCTGTCACCCTTG-1_2_2"
"1288","CTACCTGTCATGCAGT-1_2_2"
"1289","CTACCTGTCGTCACCT-1_2_2"
"1290","CTACGGGAGCCGATTT-1_2_2"
"1291","CTACGGGAGTGCGACA-1_2_2"
"1292","CTACGGGGTATTAAGG-1_2_2"
"1293","CTACGGGTCCCTCAAC-1_2_2"
"1294","CTACTATCAGGAAGTC-1_2_2"
"1295","CTACTATTCATTACCT-1_2_2"
"1296","CTAGACACAGGTAGTG-1_2_2"
"1297","CTAGACAGTAGGGTAC-1_2_2"
"1298","CTAGACATCGAAGTGG-1_2_2"
"1299","CTAGGTAAGCAACTTC-1_2_2"
"1300","CTAGGTAAGTGGCCTC-1_2_2"
"1301","CTAGGTACAGCTGTAT-1_2_2"
"1302","CTAGGTAGTAGTGCGA-1_2_2"
"1303","CTAGGTAGTCCACACG-1_2_2"
"1304","CTAGGTATCCCTCGTA-1_2_2"
"1305","CTAGGTATCGGTGTAT-1_2_2"
"1306","CTAGGTATCTGAACGT-1_2_2"
"1307","CTAGGTATCTTTGCTA-1_2_2"
"1308","CTATAGGAGATTACCC-1_2_2"
"1309","CTATCCGCACATCCCT-1_2_2"
"1310","CTATCCGCACTTGAAC-1_2_2"
"1311","CTATCCGGTGAGAGGG-1_2_2"
"1312","CTATCCGGTGTGTGGA-1_2_2"
"1313","CTATCCGTCAAAGCCT-1_2_2"
"1314","CTATCTAGTTCTCAGA-1_2_2"
"1315","CTATCTATCATTACTC-1_2_2"
"1316","CTCAACCAGTTGTCGT-1_2_2"
"1317","CTCAACCGTAGCTGTT-1_2_2"
"1318","CTCAACCGTGCAGTGA-1_2_2"
"1319","CTCAAGAAGCACTCTA-1_2_2"
"1320","CTCAAGAAGCTAGCCC-1_2_2"
"1321","CTCAAGAGTAGACTGG-1_2_2"
"1322","CTCAAGAGTCGCCACA-1_2_2"
"1323","CTCAAGAGTCGTGCCA-1_2_2"
"1324","CTCAAGAGTGCATACT-1_2_2"
"1325","CTCAAGATCATTGAGC-1_2_2"
"1326","CTCAAGATCTACTCAT-1_2_2"
"1327","CTCAATTCATTGGGAG-1_2_2"
"1328","CTCAATTTCGATACGT-1_2_2"
"1329","CTCAATTTCTCTGACC-1_2_2"
"1330","CTCACTGAGGTTGGTG-1_2_2"
"1331","CTCACTGGTGTGGACA-1_2_2"
"1332","CTCAGAAAGCCAACCC-1_2_2"
"1333","CTCAGAAAGCTAAACA-1_2_2"
"1334","CTCAGAACAGGCTACC-1_2_2"
"1335","CTCAGAATCAAGTGGG-1_2_2"
"1336","CTCAGGGAGCCGTTAT-1_2_2"
"1337","CTCAGTCAGGTTTACC-1_2_2"
"1338","CTCAGTCGTCCAGAAG-1_2_2"
"1339","CTCAGTCTCTCTGCTG-1_2_2"
"1340","CTCATCGCACTCATAG-1_2_2"
"1341","CTCATCGTCACCATAG-1_2_2"
"1342","CTCATCGTCACCTCAC-1_2_2"
"1343","CTCATCGTCTCTTAAC-1_2_2"
"1344","CTCATGCAGCGATGGT-1_2_2"
"1345","CTCATGCAGTGGAAGA-1_2_2"
"1346","CTCATGCGTTGGCTAT-1_2_2"
"1347","CTCATTAAGCTCGAAG-1_2_2"
"1348","CTCATTACACGACAGA-1_2_2"
"1349","CTCATTACAGGACAGT-1_2_2"
"1350","CTCCAACCAAGCTGCC-1_2_2"
"1351","CTCCAACCAAGTTCGT-1_2_2"
"1352","CTCCAACGTACAGAGC-1_2_2"
"1353","CTCCAACGTAGGATAT-1_2_2"
"1354","CTCCAACGTAGGGTAC-1_2_2"
"1355","CTCCAACGTATTGAGA-1_2_2"
"1356","CTCCAACGTCAAGGCA-1_2_2"
"1357","CTCCAACGTCATTGCA-1_2_2"
"1358","CTCCAACGTGGACAGT-1_2_2"
"1359","CTCCAACTCCCATAAG-1_2_2"
"1360","CTCCAACTCGAAACAA-1_2_2"
"1361","CTCCACAAGTCCTACA-1_2_2"
"1362","CTCCACAGTCGGTAAG-1_2_2"
"1363","CTCCACATCCCACAGG-1_2_2"
"1364","CTCCATGAGCTCCCTT-1_2_2"
"1365","CTCCCAACAGAGATTA-1_2_2"
"1366","CTCCCTCAGAGATTCA-1_2_2"
"1367","CTCCCTCAGGATCACG-1_2_2"
"1368","CTCCCTCGTTTCCAAG-1_2_2"
"1369","CTCCCTCTCCTGCCAT-1_2_2"
"1370","CTCCGATCAAATCGTC-1_2_2"
"1371","CTCCGATTCCAAGCAT-1_2_2"
"1372","CTCCTCCAGAAAGCGA-1_2_2"
"1373","CTCCTCCCATTGAAAG-1_2_2"
"1374","CTCCTTTAGCCTATCA-1_2_2"
"1375","CTCCTTTGTCCGGTGT-1_2_2"
"1376","CTCCTTTGTGGGCTTC-1_2_2"
"1377","CTCCTTTTCCCTCTCC-1_2_2"
"1378","CTCGAGGGTACTGCCG-1_2_2"
"1379","CTCTCAGCACACAGCC-1_2_2"
"1380","CTCTCGAGTGTCTTCC-1_2_2"
"1381","CTCTCGAGTGTGTGTT-1_2_2"
"1382","CTCTGGTAGACTGGGT-1_2_2"
"1383","CTCTGGTAGCAGAAAG-1_2_2"
"1384","CTCTGGTCAACCAACT-1_2_2"
"1385","CTCTGGTCAACCCTCT-1_2_2"
"1386","CTCTGGTCAAGTCCAT-1_2_2"
"1387","CTCTGGTGTGCAGGAT-1_2_2"
"1388","CTCTGGTTCCCATGGG-1_2_2"
"1389","CTGAATGAGGTTGACG-1_2_2"
"1390","CTGAATGCAAAGGCGT-1_2_2"
"1391","CTGAATGCAGCAGTCC-1_2_2"
"1392","CTGAATGGTTTCGTGA-1_2_2"
"1393","CTGAATGGTTTGGGTT-1_2_2"
"1394","CTGAATGTCCAACCGG-1_2_2"
"1395","CTGAGCGAGCCAGTAG-1_2_2"
"1396","CTGAGCGAGGGACTGT-1_2_2"
"1397","CTGAGCGCAATGAAAC-1_2_2"
"1398","CTGAGCGCAGTTTGGT-1_2_2"
"1399","CTGAGCGGTAGCGTCC-1_2_2"
"1400","CTGAGCGGTTCTTGCC-1_2_2"
"1401","CTGAGCGTCTCCGATC-1_2_2"
"1402","CTGAGGCAGATGCTAA-1_2_2"
"1403","CTGAGGCCAGTGTGCC-1_2_2"
"1404","CTGAGGCGTCTTCGAA-1_2_2"
"1405","CTGAGGCTCATCCTAT-1_2_2"
"1406","CTGAGGCTCCATCAGA-1_2_2"
"1407","CTGAGGCTCCGTCAAA-1_2_2"
"1408","CTGAGGCTCGGAATTC-1_2_2"
"1409","CTGAGGCTCGTCGGGT-1_2_2"
"1410","CTGAGGCTCTGAGAGG-1_2_2"
"1411","CTGAGGCTCTTAGCCC-1_2_2"
"1412","CTGATCCAGATTGACA-1_2_2"
"1413","CTGATCCAGCAGGCAT-1_2_2"
"1414","CTGATCCAGGGAGTTC-1_2_2"
"1415","CTGATCCCATTCACCC-1_2_2"
"1416","CTGATCCGTAGCTTGT-1_2_2"
"1417","CTGATCCGTATGAAGT-1_2_2"
"1418","CTGATCCGTTAAGGAT-1_2_2"
"1419","CTGATCCTCAAGTAAG-1_2_2"
"1420","CTGCAGGCATATGAAG-1_2_2"
"1421","CTGCAGGGTAGATGTA-1_2_2"
"1422","CTGCATCGTCTTACAG-1_2_2"
"1423","CTGCCATAGACTAAGT-1_2_2"
"1424","CTGCCATGTCTGTGGC-1_2_2"
"1425","CTGCGAGAGATGAACT-1_2_2"
"1426","CTGCGAGAGATTGCGG-1_2_2"
"1427","CTGCGAGAGCCTGACC-1_2_2"
"1428","CTGCTCAAGGCCATAG-1_2_2"
"1429","CTGCTCACAAAGCTAA-1_2_2"
"1430","CTGCTCACAAGCTCTA-1_2_2"
"1431","CTGCTCAGTCCGGCAT-1_2_2"
"1432","CTGCTCATCATTGCCC-1_2_2"
"1433","CTGGACGAGCCATTTG-1_2_2"
"1434","CTGGACGCAACTGCTA-1_2_2"
"1435","CTGGACGGTTCCTTGC-1_2_2"
"1436","CTGGCAGGTGACAGGT-1_2_2"
"1437","CTGGTCTAGAGTCAAT-1_2_2"
"1438","CTGGTCTAGCCATTCA-1_2_2"
"1439","CTGGTCTCACTGGATT-1_2_2"
"1440","CTGGTCTCAGCAATTC-1_2_2"
"1441","CTGGTCTGTGGATACG-1_2_2"
"1442","CTGTACCCAGTTCACA-1_2_2"
"1443","CTGTACCGTTCTCCAC-1_2_2"
"1444","CTGTACCTCTCAGTCC-1_2_2"
"1445","CTGTAGAAGGAGTACC-1_2_2"
"1446","CTGTAGACAAAGTATG-1_2_2"
"1447","CTGTAGACATTCTTCA-1_2_2"
"1448","CTGTAGATCATTTCGT-1_2_2"
"1449","CTGTAGATCTTAATCC-1_2_2"
"1450","CTGTATTCAACTACGT-1_2_2"
"1451","CTGTATTCAGAGGGTT-1_2_2"
"1452","CTGTATTGTCCTCCTA-1_2_2"
"1453","CTGTATTGTGGCTTAT-1_2_2"
"1454","CTGTATTTCCAGTGCG-1_2_2"
"1455","CTGTATTTCCGTGTGG-1_2_2"
"1456","CTGTATTTCTCGACCT-1_2_2"
"1457","CTGTCGTAGACCATTC-1_2_2"
"1458","CTGTCGTGTTACCCAA-1_2_2"
"1459","CTGTCGTTCCAACACA-1_2_2"
"1460","CTGTGAACACTGTTCC-1_2_2"
"1461","CTGTGAACATACAGCT-1_2_2"
"1462","CTGTGAAGTTAAGAAC-1_2_2"
"1463","CTGTGGGTCCCTCAAC-1_2_2"
"1464","CTTACCGAGAATAGTC-1_2_2"
"1465","CTTACCGCACCCTGAG-1_2_2"
"1466","CTTACCGGTAACTTCG-1_2_2"
"1467","CTTACCGGTCTGTCCT-1_2_2"
"1468","CTTACCGGTGTTAGCT-1_2_2"
"1469","CTTAGGACAAAGAGTT-1_2_2"
"1470","CTTAGGACACACCGAC-1_2_2"
"1471","CTTAGGACAGAGAGGG-1_2_2"
"1472","CTTAGGATCGTTAGTG-1_2_2"
"1473","CTTCAATAGAGTCGAC-1_2_2"
"1474","CTTCAATCAACACAGG-1_2_2"
"1475","CTTCAATCAAGCCTGC-1_2_2"
"1476","CTTCAATCATCCGCGA-1_2_2"
"1477","CTTCAATCATGACAGG-1_2_2"
"1478","CTTCAATGTCCAATCA-1_2_2"
"1479","CTTCAATTCATTGAGC-1_2_2"
"1480","CTTCAATTCGTGCACG-1_2_2"
"1481","CTTCAATTCGTGGACC-1_2_2"
"1482","CTTCCGACATCATTGG-1_2_2"
"1483","CTTCCGATCATGGATC-1_2_2"
"1484","CTTCCGATCTTGTTAC-1_2_2"
"1485","CTTCCTTCATGTACGT-1_2_2"
"1486","CTTCCTTCATTGCTTT-1_2_2"
"1487","CTTCGGTAGGATTTCC-1_2_2"
"1488","CTTCGGTCAGTGACCC-1_2_2"
"1489","CTTCGGTGTACAAGCG-1_2_2"
"1490","CTTCGGTGTCCAAATC-1_2_2"
"1491","CTTCGGTGTGGAACCA-1_2_2"
"1492","CTTCTAAAGGCACGAT-1_2_2"
"1493","CTTCTAAGTTAGGCTT-1_2_2"
"1494","CTTCTCTAGGAGTACC-1_2_2"
"1495","CTTGAGAAGACAGTCG-1_2_2"
"1496","CTTGAGACACCGCTAG-1_2_2"
"1497","CTTGAGAGTCCGGATC-1_2_2"
"1498","CTTGAGATCCACTGGG-1_2_2"
"1499","CTTGAGATCGGACTTA-1_2_2"
"1500","CTTGAGATCTATACTC-1_2_2"
"1501","CTTGATTAGTGGTCAG-1_2_2"
"1502","CTTGATTCAGCAGATG-1_2_2"
"1503","CTTGATTGTCGTGGTC-1_2_2"
"1504","CTTGATTGTTCGGTCG-1_2_2"
"1505","CTTGATTTCACCATGA-1_2_2"
"1506","CTTGATTTCCCGAGGT-1_2_2"
"1507","CTTTCAAAGCATGAAT-1_2_2"
"1508","CTTTCAAGTACAAACA-1_2_2"
"1509","CTTTCAATCATTACGG-1_2_2"
"1510","CTTTCGGAGGTGGCTA-1_2_2"
"1511","GAAACCTCACTAGAGG-1_2_2"
"1512","GAAACCTCATACTTTC-1_2_2"
"1513","GAAACCTCATAGTCAC-1_2_2"
"1514","GAAACCTTCATTTACC-1_2_2"
"1515","GAAATGACAAGATGTA-1_2_2"
"1516","GAAATGACATGACGGA-1_2_2"
"1517","GAAATGATCCCTTTGG-1_2_2"
"1518","GAACGTTAGCACTAAA-1_2_2"
"1519","GAACGTTGTAGCTGAG-1_2_2"
"1520","GAACGTTTCATGCCAA-1_2_2"
"1521","GAACTGTAGGGACACT-1_2_2"
"1522","GAACTGTAGTCAAGCG-1_2_2"
"1523","GAACTGTCATGTGCTA-1_2_2"
"1524","GAACTGTTCGTACCTC-1_2_2"
"1525","GAAGAATAGAGGGTCT-1_2_2"
"1526","GAAGAATCAGATACTC-1_2_2"
"1527","GAAGAATTCCGAAATC-1_2_2"
"1528","GAAGCCCAGGGAGTTC-1_2_2"
"1529","GAAGCCCCACGTGTGC-1_2_2"
"1530","GAAGCGAAGTTCAACC-1_2_2"
"1531","GAAGCGAGTTCCACAA-1_2_2"
"1532","GAAGCGATCCGTAATG-1_2_2"
"1533","GAAGCGATCTGTCAGA-1_2_2"
"1534","GAAGGACAGCGTGAGT-1_2_2"
"1535","GAAGGACAGGTCCCGT-1_2_2"
"1536","GAAGGACAGTGCTCGC-1_2_2"
"1537","GAAGGACCACGGCCAT-1_2_2"
"1538","GAAGGGTAGACATGCG-1_2_2"
"1539","GAAGGGTAGGTAGGCT-1_2_2"
"1540","GAAGGGTGTTTGACAC-1_2_2"
"1541","GAAGTAAAGAAGGCTC-1_2_2"
"1542","GAAGTAACAAATGCTC-1_2_2"
"1543","GAAGTAACAGCTCCTT-1_2_2"
"1544","GAAGTAACATTCCTAT-1_2_2"
"1545","GAATAGAAGTGGTGGT-1_2_2"
"1546","GAATAGACAATGTCTG-1_2_2"
"1547","GAATAGAGTAACTGCT-1_2_2"
"1548","GAATAGAGTCTATGAC-1_2_2"
"1549","GAATCACAGCTGCCTG-1_2_2"
"1550","GAATCACAGGGACTGT-1_2_2"
"1551","GAATCACAGTTACGTC-1_2_2"
"1552","GAATCACCACAGTCCG-1_2_2"
"1553","GAATCACTCAACTGAC-1_2_2"
"1554","GAATCGTAGTTGGCGA-1_2_2"
"1555","GAATCGTGTGACGCCT-1_2_2"
"1556","GAATCGTTCGCGTTTC-1_2_2"
"1557","GACACGCAGTGGCGAT-1_2_2"
"1558","GACACGCAGTTTAGGA-1_2_2"
"1559","GACACGCCAACCACGC-1_2_2"
"1560","GACACGCTCGTTGTTT-1_2_2"
"1561","GACAGCCCAAAGGCGT-1_2_2"
"1562","GACAGCCTCACCGGGT-1_2_2"
"1563","GACATCACATTCACAG-1_2_2"
"1564","GACATCATCCAAGCCG-1_2_2"
"1565","GACCAATGTCAAACGG-1_2_2"
"1566","GACCAATGTGCAGATG-1_2_2"
"1567","GACCAATTCTTACCAT-1_2_2"
"1568","GACCCAGCAAGCGCTC-1_2_2"
"1569","GACCCTTCATGTGCCG-1_2_2"
"1570","GACCCTTGTAGGCTGA-1_2_2"
"1571","GACCCTTGTCTTCCGT-1_2_2"
"1572","GACCGTGGTGCCTACG-1_2_2"
"1573","GACCGTGGTGGTCTGC-1_2_2"
"1574","GACCTTCAGAGGCGTT-1_2_2"
"1575","GACCTTCAGCCGTTAT-1_2_2"
"1576","GACCTTCAGGGAACAA-1_2_2"
"1577","GACCTTCCAGTGTACT-1_2_2"
"1578","GACCTTCGTAACAGTA-1_2_2"
"1579","GACCTTCGTCAGGCAA-1_2_2"
"1580","GACCTTCGTTAAAGTG-1_2_2"
"1581","GACGCTGAGGTGAGCT-1_2_2"
"1582","GACGCTGAGTTTGGCT-1_2_2"
"1583","GACGCTGCAACCCGCA-1_2_2"
"1584","GACGCTGGTGATGGCA-1_2_2"
"1585","GACGTTAAGTCCGCCA-1_2_2"
"1586","GACGTTACACCAGGTC-1_2_2"
"1587","GACGTTAGTAACATGA-1_2_2"
"1588","GACTATGGTATCGAGG-1_2_2"
"1589","GACTCAACACATGTTG-1_2_2"
"1590","GACTCAAGTTATGGTC-1_2_2"
"1591","GACTCAATCAAGTCGT-1_2_2"
"1592","GACTCAATCACCCTCA-1_2_2"
"1593","GACTCTCCAATAGTCC-1_2_2"
"1594","GACTCTCCAGCGGTCT-1_2_2"
"1595","GACTGATAGGGCGAGA-1_2_2"
"1596","GACTGATTCCGAAATC-1_2_2"
"1597","GACTTCCAGCGTGCCT-1_2_2"
"1598","GAGAAATAGCCAGTAG-1_2_2"
"1599","GAGAAATCATTGACTG-1_2_2"
"1600","GAGAAATGTCTGCCTT-1_2_2"
"1601","GAGAAATTCTACTCAT-1_2_2"
"1602","GAGACCCAGACGCATG-1_2_2"
"1603","GAGACCCGTCCCTGTT-1_2_2"
"1604","GAGACTTAGGGCAGGA-1_2_2"
"1605","GAGACTTAGTAAGGGA-1_2_2"
"1606","GAGACTTAGTCTGCAT-1_2_2"
"1607","GAGACTTCACCAGCGT-1_2_2"
"1608","GAGACTTGTGACGTCC-1_2_2"
"1609","GAGACTTGTTTCGACA-1_2_2"
"1610","GAGACTTTCATCAGTG-1_2_2"
"1611","GAGAGGTAGGAAACGA-1_2_2"
"1612","GAGAGGTTCACTGTCC-1_2_2"
"1613","GAGAGGTTCCACAGGC-1_2_2"
"1614","GAGCCTGAGATGACCG-1_2_2"
"1615","GAGCCTGCAGAGGTTG-1_2_2"
"1616","GAGCCTGGTGAGGATC-1_2_2"
"1617","GAGCTGCAGCGCACAA-1_2_2"
"1618","GAGCTGCAGGTACTGG-1_2_2"
"1619","GAGCTGCAGTTGGAGC-1_2_2"
"1620","GAGCTGCCACATGACT-1_2_2"
"1621","GAGCTGCCATCAACCA-1_2_2"
"1622","GAGGCAAAGGTGCTAG-1_2_2"
"1623","GAGGCAACAAACTAAG-1_2_2"
"1624","GAGGCAACAGCTGAAG-1_2_2"
"1625","GAGGCCTGTTCTCGCT-1_2_2"
"1626","GAGGGATCATTGGCAT-1_2_2"
"1627","GAGGGATGTGCCTGAC-1_2_2"
"1628","GAGGGATTCAAATGCC-1_2_2"
"1629","GAGGGATTCATGTCAG-1_2_2"
"1630","GAGGGTACACTTGACA-1_2_2"
"1631","GAGGGTATCTCGGTAA-1_2_2"
"1632","GAGTCATAGCGTATGG-1_2_2"
"1633","GAGTCATCAAGCAGGT-1_2_2"
"1634","GAGTCATTCATGAGGG-1_2_2"
"1635","GAGTCTAAGCCAAGGT-1_2_2"
"1636","GAGTCTACACGTGAGA-1_2_2"
"1637","GAGTCTAGTCCATACA-1_2_2"
"1638","GAGTCTAGTGACACGA-1_2_2"
"1639","GAGTGAGCACAAGCCC-1_2_2"
"1640","GAGTGAGCACCAGCGT-1_2_2"
"1641","GAGTGAGCACCTGTCT-1_2_2"
"1642","GAGTGTTCAAGACCTT-1_2_2"
"1643","GAGTGTTGTATTGACC-1_2_2"
"1644","GAGTTACCAACAGCCC-1_2_2"
"1645","GAGTTACTCGGACTGC-1_2_2"
"1646","GAGTTGTCAAAGGTTA-1_2_2"
"1647","GAGTTGTCAGCCATTA-1_2_2"
"1648","GAGTTTGAGACAACAT-1_2_2"
"1649","GAGTTTGAGCACTCAT-1_2_2"
"1650","GAGTTTGCACATCCCT-1_2_2"
"1651","GAGTTTGCAGCATGCC-1_2_2"
"1652","GATAGAAGTGCCCAGT-1_2_2"
"1653","GATAGAATCGCGTGAC-1_2_2"
"1654","GATAGCTTCTACACTT-1_2_2"
"1655","GATCACAAGTCTAACC-1_2_2"
"1656","GATCACACAACACAGG-1_2_2"
"1657","GATCACACAGAGAGGG-1_2_2"
"1658","GATCACAGTAGTTAGA-1_2_2"
"1659","GATCACAGTCCTTGTC-1_2_2"
"1660","GATCACATCCTAGCGG-1_2_2"
"1661","GATCACATCTCAACGA-1_2_2"
"1662","GATCAGTCACCTCTGT-1_2_2"
"1663","GATCAGTCAGGAAGTC-1_2_2"
"1664","GATCAGTGTCGTATGT-1_2_2"
"1665","GATCAGTGTGAGACGT-1_2_2"
"1666","GATCAGTGTTTGGGAG-1_2_2"
"1667","GATCAGTTCATGAGTC-1_2_2"
"1668","GATCAGTTCATTTGGG-1_2_2"
"1669","GATCATGAGGATACCG-1_2_2"
"1670","GATCATGAGGCGAAGG-1_2_2"
"1671","GATCATGCACGCGTGT-1_2_2"
"1672","GATCATGGTCTTGTCC-1_2_2"
"1673","GATCATGTCAGACCGC-1_2_2"
"1674","GATCCCTAGGCTGGAT-1_2_2"
"1675","GATCCCTCAAAGACTA-1_2_2"
"1676","GATCCCTTCCACAAGT-1_2_2"
"1677","GATCGTAAGAGTCAAT-1_2_2"
"1678","GATCGTAAGTGTAGTA-1_2_2"
"1679","GATCGTACAATGGCAG-1_2_2"
"1680","GATCGTATCAAAGGAT-1_2_2"
"1681","GATCGTATCTTGGCTC-1_2_2"
"1682","GATGACTAGACCTCCG-1_2_2"
"1683","GATGACTCACGTACAT-1_2_2"
"1684","GATGACTTCGCTTTAT-1_2_2"
"1685","GATGAGGCACAGAGAC-1_2_2"
"1686","GATGAGGCAGGTCCGT-1_2_2"
"1687","GATGAGGGTAGGCTCC-1_2_2"
"1688","GATGAGGTCCTCCACA-1_2_2"
"1689","GATGAGGTCTCTTCAA-1_2_2"
"1690","GATGATCCACCCTAAA-1_2_2"
"1691","GATGATCCAGGGACTA-1_2_2"
"1692","GATGATCGTACCCACG-1_2_2"
"1693","GATGATCTCTGCGGAC-1_2_2"
"1694","GATGCTAAGATAGCTA-1_2_2"
"1695","GATGCTAAGATGCTTC-1_2_2"
"1696","GATGCTAAGGCAGGGA-1_2_2"
"1697","GATGCTACACATGAAA-1_2_2"
"1698","GATGCTAGTCAGGTGA-1_2_2"
"1699","GATGCTATCGGCCTTT-1_2_2"
"1700","GATGGAGCAACCACAT-1_2_2"
"1701","GATGGAGGTGACACGA-1_2_2"
"1702","GATGGAGTCGCATTGA-1_2_2"
"1703","GATGGAGTCGTGGTAT-1_2_2"
"1704","GATGTTGAGTATAGAC-1_2_2"
"1705","GATTCGAAGGGACTGT-1_2_2"
"1706","GATTCGACACGGTAGA-1_2_2"
"1707","GATTCGACAGACCATT-1_2_2"
"1708","GATTCTTAGGGCATGT-1_2_2"
"1709","GATTCTTAGTAGAGTT-1_2_2"
"1710","GATTCTTGTTACGGAG-1_2_2"
"1711","GATTCTTTCGGTAACT-1_2_2"
"1712","GATTGGTAGTGCAGGT-1_2_2"
"1713","GATTGGTCATTCGGGC-1_2_2"
"1714","GATTTCTAGATGCTTC-1_2_2"
"1715","GATTTCTGTGAGTTTC-1_2_2"
"1716","GATTTCTTCCCATTTA-1_2_2"
"1717","GATTTCTTCTACCACC-1_2_2"
"1718","GCAACATCAAAGACGC-1_2_2"
"1719","GCAACATCAAAGCAAT-1_2_2"
"1720","GCAACATCAGCCGTTG-1_2_2"
"1721","GCAACATCATGTCTAG-1_2_2"
"1722","GCAACATGTACAACGG-1_2_2"
"1723","GCAACATTCGTTCCTG-1_2_2"
"1724","GCAACATTCTCCCATG-1_2_2"
"1725","GCAACCGTCAACGTGT-1_2_2"
"1726","GCAACCGTCGCTGCGA-1_2_2"
"1727","GCACATAAGAGAGGGC-1_2_2"
"1728","GCACATAAGGGACACT-1_2_2"
"1729","GCACATAGTCGTGATT-1_2_2"
"1730","GCACATAGTGCATCTA-1_2_2"
"1731","GCACATAGTGTCTAAC-1_2_2"
"1732","GCACATAGTGTTCGAT-1_2_2"
"1733","GCACATATCTACTATC-1_2_2"
"1734","GCACGTGAGACATCCT-1_2_2"
"1735","GCACGTGCACTATGTG-1_2_2"
"1736","GCACGTGCATCCTTGC-1_2_2"
"1737","GCACGTGGTACGAAAT-1_2_2"
"1738","GCACGTGGTGTACGCC-1_2_2"
"1739","GCACTAAAGCTACAAA-1_2_2"
"1740","GCACTAAAGCTGAGTG-1_2_2"
"1741","GCACTAAAGTAAACTG-1_2_2"
"1742","GCACTAAGTCTAACGT-1_2_2"
"1743","GCACTAAGTCTCGGGT-1_2_2"
"1744","GCACTAATCGCCTAGG-1_2_2"
"1745","GCAGCCAAGGAACGCT-1_2_2"
"1746","GCAGCCACAAACCGGA-1_2_2"
"1747","GCAGCCACAAACGAGC-1_2_2"
"1748","GCAGCCACAGTCCCGA-1_2_2"
"1749","GCAGCCAGTAGCTGCC-1_2_2"
"1750","GCAGCTGGTCCTCATC-1_2_2"
"1751","GCAGCTGGTGCTAGCC-1_2_2"
"1752","GCAGCTGTCAAAGGAT-1_2_2"
"1753","GCAGGCTCAATGTGGG-1_2_2"
"1754","GCAGTTAAGCCTGACC-1_2_2"
"1755","GCAGTTAGTCAAGCGA-1_2_2"
"1756","GCAGTTATCATACGGT-1_2_2"
"1757","GCAGTTATCGTGGAAG-1_2_2"
"1758","GCATCGGCACCTTCGT-1_2_2"
"1759","GCATCGGCAGGTGGAT-1_2_2"
"1760","GCATCGGGTAACACGG-1_2_2"
"1761","GCATCTCAGTTCGCAT-1_2_2"
"1762","GCATCTCCAAGAGTTA-1_2_2"
"1763","GCATCTCGTCCCACGA-1_2_2"
"1764","GCATCTCGTGATGGCA-1_2_2"
"1765","GCATCTCTCGGTGCAC-1_2_2"
"1766","GCATGATAGCACCTGC-1_2_2"
"1767","GCATGATCAGGTCAAG-1_2_2"
"1768","GCATGATTCATCACAG-1_2_2"
"1769","GCATGATTCGCTCTAC-1_2_2"
"1770","GCATGATTCTCCGAGG-1_2_2"
"1771","GCATTAGAGGATACGC-1_2_2"
"1772","GCATTAGCAGAGTAAT-1_2_2"
"1773","GCCAACGAGGCGAAGG-1_2_2"
"1774","GCCAACGGTTTGTTCT-1_2_2"
"1775","GCCAACGTCACCGGGT-1_2_2"
"1776","GCCAACGTCGTGTGGC-1_2_2"
"1777","GCCAGCAAGGTAGGCT-1_2_2"
"1778","GCCAGCAAGTACGAGC-1_2_2"
"1779","GCCAGCATCGGTGAAG-1_2_2"
"1780","GCCAGGTAGGTTGCCC-1_2_2"
"1781","GCCAGGTCACGACAAG-1_2_2"
"1782","GCCAGGTGTGATAGAT-1_2_2"
"1783","GCCAGGTGTTGGAGGT-1_2_2"
"1784","GCCAGGTTCGTCAAAC-1_2_2"
"1785","GCCAGTGCACAGTCAT-1_2_2"
"1786","GCCAGTGCAGTGACCC-1_2_2"
"1787","GCCAGTGTCGATAACC-1_2_2"
"1788","GCCATGGAGCACCCAC-1_2_2"
"1789","GCCATGGAGGGCATGT-1_2_2"
"1790","GCCATGGGTATCACGT-1_2_2"
"1791","GCCATGGGTCAACCTA-1_2_2"
"1792","GCCATGGTCAAGGAGC-1_2_2"
"1793","GCCATGGTCATCTACT-1_2_2"
"1794","GCCATTCCATGTAACC-1_2_2"
"1795","GCCATTCTCTACACTT-1_2_2"
"1796","GCCCAGAAGAGCAAGA-1_2_2"
"1797","GCCCAGAGTGTCTTCC-1_2_2"
"1798","GCCCGAAGTAGCCCTG-1_2_2"
"1799","GCCCGAAGTCTGCATA-1_2_2"
"1800","GCCCGAATCTCATAGG-1_2_2"
"1801","GCCGATGGTGCGGCTT-1_2_2"
"1802","GCCGATGTCGACGCGT-1_2_2"
"1803","GCCGTGAAGCATCAAA-1_2_2"
"1804","GCCGTGACAACCTATG-1_2_2"
"1805","GCCGTGATCTCGCAGG-1_2_2"
"1806","GCCTGTTAGTAAAGCT-1_2_2"
"1807","GCCTGTTTCCACGTAA-1_2_2"
"1808","GCCTGTTTCTCATGGA-1_2_2"
"1809","GCGATCGAGAGAGTGA-1_2_2"
"1810","GCGATCGCAGCGGTTC-1_2_2"
"1811","GCGATCGGTATCATGC-1_2_2"
"1812","GCGGAAACAGTAACGG-1_2_2"
"1813","GCGGAAAGTACTGCCG-1_2_2"
"1814","GCGGATCCAACGGGTA-1_2_2"
"1815","GCGGATCGTACAGTCT-1_2_2"
"1816","GCGGATCTCATGAGGG-1_2_2"
"1817","GCGGATCTCGCGTGAC-1_2_2"
"1818","GCGTTTCCAAGTAGTA-1_2_2"
"1819","GCGTTTCGTTCTAAGC-1_2_2"
"1820","GCTACAACAGTATACC-1_2_2"
"1821","GCTACAACATGTTCAG-1_2_2"
"1822","GCTACAATCCGATAAC-1_2_2"
"1823","GCTACAATCTCGCCTA-1_2_2"
"1824","GCTACCTCAGTTAGGG-1_2_2"
"1825","GCTACCTTCCATCTGC-1_2_2"
"1826","GCTACCTTCTTGGCTC-1_2_2"
"1827","GCTCAAACAAGACGGT-1_2_2"
"1828","GCTCAAAGTGGCTTGC-1_2_2"
"1829","GCTCAAATCAATCCGA-1_2_2"
"1830","GCTCAAATCACCACAA-1_2_2"
"1831","GCTGAATAGAGCCTGA-1_2_2"
"1832","GCTGAATAGCGTGAAC-1_2_2"
"1833","GCTGAATAGCGTTGTT-1_2_2"
"1834","GCTGAATAGCTCACTA-1_2_2"
"1835","GCTGAATCAATCACGT-1_2_2"
"1836","GCTGAATTCGACATCA-1_2_2"
"1837","GCTGCAGTCGACGTCG-1_2_2"
"1838","GCTGCAGTCTTGGTCC-1_2_2"
"1839","GCTGGGTAGGGATGTC-1_2_2"
"1840","GCTGGGTCAGGGACTA-1_2_2"
"1841","GCTGGGTGTAATCAGA-1_2_2"
"1842","GCTGGGTTCCCATACC-1_2_2"
"1843","GCTTCACAGGCTTTCA-1_2_2"
"1844","GCTTCACAGGTAAAGG-1_2_2"
"1845","GCTTCACCAGATCACT-1_2_2"
"1846","GCTTCACGTTACGTAC-1_2_2"
"1847","GCTTCACTCTAGAGCT-1_2_2"
"1848","GCTTGGGCAAATTAGG-1_2_2"
"1849","GCTTGGGCAGAAACCG-1_2_2"
"1850","GCTTGGGCAGCAGTGA-1_2_2"
"1851","GCTTGGGGTATCGCTA-1_2_2"
"1852","GCTTGGGGTGACTATC-1_2_2"
"1853","GCTTGGGTCGTCGGGT-1_2_2"
"1854","GCTTTCGAGATCCAAA-1_2_2"
"1855","GCTTTCGCACCGTGGT-1_2_2"
"1856","GGAACCCCACGCAAAG-1_2_2"
"1857","GGAACCCCAGGCCTGT-1_2_2"
"1858","GGAACCCCATGGATCT-1_2_2"
"1859","GGAACCCGTAGCTTAC-1_2_2"
"1860","GGAAGTGCAACTACGT-1_2_2"
"1861","GGAAGTGGTGCCAAGA-1_2_2"
"1862","GGAAGTGTCCAAGCCG-1_2_2"
"1863","GGAATCTAGGGATCGT-1_2_2"
"1864","GGAATCTTCAGACCTA-1_2_2"
"1865","GGAATGGAGGACTTCT-1_2_2"
"1866","GGAATGGTCGTAGGGA-1_2_2"
"1867","GGACGTCCAATTGAGA-1_2_2"
"1868","GGACGTCCATAATGCC-1_2_2"
"1869","GGACGTCGTAACCCGC-1_2_2"
"1870","GGACGTCGTCCCTGTT-1_2_2"
"1871","GGACGTCGTTGCGTAT-1_2_2"
"1872","GGAGAACAGGTCGCCT-1_2_2"
"1873","GGAGAACCAATCGCGC-1_2_2"
"1874","GGAGAACGTTGGTGTT-1_2_2"
"1875","GGAGATGGTACGAGTG-1_2_2"
"1876","GGAGATGTCCATCTAT-1_2_2"
"1877","GGAGATGTCGATAACC-1_2_2"
"1878","GGAGCAACAGCGGTTC-1_2_2"
"1879","GGAGCAATCATAGGCT-1_2_2"
"1880","GGAGCAATCCCAAGCG-1_2_2"
"1881","GGAGCAATCTAGAACC-1_2_2"
"1882","GGAGGATCACGACCTG-1_2_2"
"1883","GGAGGATCATGTTCGA-1_2_2"
"1884","GGAGGTAGTAGACTGG-1_2_2"
"1885","GGAGGTAGTTTAGTCG-1_2_2"
"1886","GGAGGTATCCATCCGT-1_2_2"
"1887","GGAGGTATCTTCTAAC-1_2_2"
"1888","GGATCTACATCTCAAG-1_2_2"
"1889","GGATGTTTCCGCATAA-1_2_2"
"1890","GGCACGTAGCTGAAAT-1_2_2"
"1891","GGCACGTCACCCATAA-1_2_2"
"1892","GGCACGTCACTGTCGG-1_2_2"
"1893","GGCACGTTCATTGCTT-1_2_2"
"1894","GGCAGTCAGTAAATGC-1_2_2"
"1895","GGCGTCAAGCCACCGT-1_2_2"
"1896","GGCGTCAAGGTGAGCT-1_2_2"
"1897","GGCGTCAGTCGGCTAC-1_2_2"
"1898","GGCGTCAGTGTTTGCA-1_2_2"
"1899","GGCTGTGGTACAGCGA-1_2_2"
"1900","GGCTGTGTCCGATTAG-1_2_2"
"1901","GGCTGTGTCGATTGGT-1_2_2"
"1902","GGCTTGGAGCGCCTTG-1_2_2"
"1903","GGCTTGGAGTTCATGC-1_2_2"
"1904","GGCTTGGGTTTAGAGA-1_2_2"
"1905","GGCTTGGTCTCGGGAC-1_2_2"
"1906","GGCTTTCAGAATCTAG-1_2_2"
"1907","GGCTTTCAGGAACTAT-1_2_2"
"1908","GGCTTTCCATAGAGGC-1_2_2"
"1909","GGGAAGTAGGTTACCT-1_2_2"
"1910","GGGAAGTGTAACACCT-1_2_2"
"1911","GGGAAGTGTTCGGTCG-1_2_2"
"1912","GGGACAAAGACAGCTG-1_2_2"
"1913","GGGACCTTCGGAATTC-1_2_2"
"1914","GGGACTCAGAGCATAT-1_2_2"
"1915","GGGACTCCAGAGACTG-1_2_2"
"1916","GGGACTCGTCGTAATC-1_2_2"
"1917","GGGACTCTCATACGGT-1_2_2"
"1918","GGGACTCTCTTAAGGC-1_2_2"
"1919","GGGAGATGTAGGATAT-1_2_2"
"1920","GGGAGATGTATGGAAT-1_2_2"
"1921","GGGAGATGTGCCGGTT-1_2_2"
"1922","GGGAGTAGTAGCCCTG-1_2_2"
"1923","GGGATCCTCTACGGGC-1_2_2"
"1924","GGGATGAAGGAAGTGA-1_2_2"
"1925","GGGATGACAAGTTCGT-1_2_2"
"1926","GGGATGACAGTCCGTG-1_2_2"
"1927","GGGATGAGTAAGTTGA-1_2_2"
"1928","GGGCCATTCCGGGACT-1_2_2"
"1929","GGGCGTTAGGTTTACC-1_2_2"
"1930","GGGCGTTCAGAGATGC-1_2_2"
"1931","GGGCGTTGTCGATGCC-1_2_2"
"1932","GGGCTACCACAACCGC-1_2_2"
"1933","GGGCTACGTACAGAGC-1_2_2"
"1934","GGGCTACGTATCAGCT-1_2_2"
"1935","GGGCTACGTTGCCGCA-1_2_2"
"1936","GGGCTACTCCCGGTAG-1_2_2"
"1937","GGGCTACTCGTTAGAC-1_2_2"
"1938","GGGCTCAAGGAAAGAC-1_2_2"
"1939","GGGCTCACAATGCAGG-1_2_2"
"1940","GGGTAGAAGCATTGTC-1_2_2"
"1941","GGGTAGATCACTCGAA-1_2_2"
"1942","GGGTATTCAGCATACT-1_2_2"
"1943","GGGTATTTCGACATCA-1_2_2"
"1944","GGGTATTTCGTCCTCA-1_2_2"
"1945","GGGTCACAGCACCGTC-1_2_2"
"1946","GGGTCACCAAAGTGTA-1_2_2"
"1947","GGGTCACCACTTCAAG-1_2_2"
"1948","GGGTCACGTGGTTTGT-1_2_2"
"1949","GGGTCACGTTAAGAAC-1_2_2"
"1950","GGGTCACTCGATTTCT-1_2_2"
"1951","GGGTCACTCGTGGGTC-1_2_2"
"1952","GGGTCTGTCCATTCGC-1_2_2"
"1953","GGGTCTGTCTCACGAA-1_2_2"
"1954","GGGTGAAAGCGCATCC-1_2_2"
"1955","GGGTGAAAGGCGAACT-1_2_2"
"1956","GGGTGAATCTATCGTT-1_2_2"
"1957","GGGTGTCTCGGTGTAT-1_2_2"
"1958","GGGTTATAGTGCGCTC-1_2_2"
"1959","GGGTTATCATGGGCAA-1_2_2"
"1960","GGGTTATGTGATAGAT-1_2_2"
"1961","GGGTTTAAGTCAATCC-1_2_2"
"1962","GGGTTTAGTCTGTGAT-1_2_2"
"1963","GGTAACTAGACCAGCA-1_2_2"
"1964","GGTAACTAGAGGCCAT-1_2_2"
"1965","GGTAACTAGAGTACCG-1_2_2"
"1966","GGTAACTAGCAGTAAT-1_2_2"
"1967","GGTAACTAGCCAGTAG-1_2_2"
"1968","GGTAACTAGTAGTCTC-1_2_2"
"1969","GGTAACTCATGACCCG-1_2_2"
"1970","GGTAACTTCCAAGAGG-1_2_2"
"1971","GGTAACTTCTTGGCTC-1_2_2"
"1972","GGTAATCCATCCTTCG-1_2_2"
"1973","GGTAATCGTCTCAGAT-1_2_2"
"1974","GGTAATCGTGACAGGT-1_2_2"
"1975","GGTAATCTCAAGCGTT-1_2_2"
"1976","GGTAGAGAGCCTCAGC-1_2_2"
"1977","GGTAGAGCAATTCACG-1_2_2"
"1978","GGTAGAGCACAGAGCA-1_2_2"
"1979","GGTAGAGGTTGCATTG-1_2_2"
"1980","GGTAGAGTCTGTGCAA-1_2_2"
"1981","GGTCACGAGCCGTCGT-1_2_2"
"1982","GGTCACGAGTGAGCCA-1_2_2"
"1983","GGTCACGGTCTACATG-1_2_2"
"1984","GGTCACGTCATAGACC-1_2_2"
"1985","GGTCTGGAGCGCCATC-1_2_2"
"1986","GGTCTGGAGGTGCGAT-1_2_2"
"1987","GGTCTGGTCATAAGGA-1_2_2"
"1988","GGTGAAGAGGTCGTGA-1_2_2"
"1989","GGTGAAGGTAGTCACT-1_2_2"
"1990","GGTGAAGTCAAGCCAT-1_2_2"
"1991","GGTGATTAGGCTCTCG-1_2_2"
"1992","GGTGATTAGGGTCAAC-1_2_2"
"1993","GGTGATTCACACTGGC-1_2_2"
"1994","GGTGATTGTACGGCAA-1_2_2"
"1995","GGTGATTGTTCAGCGC-1_2_2"
"1996","GGTGGCTCATCGCCTT-1_2_2"
"1997","GGTGGCTTCTAAGAAG-1_2_2"
"1998","GGTGTCGAGAGAGCCT-1_2_2"
"1999","GGTGTCGAGAGGGTGG-1_2_2"
"2000","GGTGTCGAGTACCCTA-1_2_2"
"2001","GGTGTCGCAATAGTCC-1_2_2"
"2002","GGTGTCGGTCTTACAG-1_2_2"
"2003","GGTGTCGGTGGACAGT-1_2_2"
"2004","GGTGTCGTCAGAACCT-1_2_2"
"2005","GGTGTCGTCGTTGTTT-1_2_2"
"2006","GGTGTTAAGCTCGCAC-1_2_2"
"2007","GGTGTTATCCCAAGTA-1_2_2"
"2008","GGTGTTATCTAATTCC-1_2_2"
"2009","GGTTAACAGCACACCC-1_2_2"
"2010","GGTTAACAGTCACAGG-1_2_2"
"2011","GGTTAACCACAAATCC-1_2_2"
"2012","GGTTAACGTCCGACGT-1_2_2"
"2013","GGTTAACTCAATCAGC-1_2_2"
"2014","GGTTCTCAGTATGCAA-1_2_2"
"2015","GGTTCTCCACTACCCT-1_2_2"
"2016","GGTTGTACACTGCGTG-1_2_2"
"2017","GGTTGTAGTAGAGGAA-1_2_2"
"2018","GGTTGTAGTCGTTTCC-1_2_2"
"2019","GGTTGTATCTCCATAT-1_2_2"
"2020","GTAACACAGGGAGGTG-1_2_2"
"2021","GTAACACCAGTCTGGC-1_2_2"
"2022","GTAACACGTGAGGCAT-1_2_2"
"2023","GTAACCAAGCTATCTG-1_2_2"
"2024","GTAACCAGTGACACGA-1_2_2"
"2025","GTAACCATCTCCAAGA-1_2_2"
"2026","GTAAGTCAGAAGTGTT-1_2_2"
"2027","GTAAGTCAGATGCGAC-1_2_2"
"2028","GTAAGTCAGGCACTCC-1_2_2"
"2029","GTAAGTCAGTGCGACA-1_2_2"
"2030","GTAAGTCCAAATGGTA-1_2_2"
"2031","GTAAGTCGTGTTAACC-1_2_2"
"2032","GTAAGTCTCCTTCTTC-1_2_2"
"2033","GTAATCGTCCTAGCTC-1_2_2"
"2034","GTAATGCCATAAGCAA-1_2_2"
"2035","GTAATGCTCATGGATC-1_2_2"
"2036","GTAATGCTCCGCGATG-1_2_2"
"2037","GTAATGCTCTGGGTCG-1_2_2"
"2038","GTACAACAGCTGACTT-1_2_2"
"2039","GTACAACAGTACGAGC-1_2_2"
"2040","GTACAGTTCATGCAGT-1_2_2"
"2041","GTAGAAAGTACGTGAG-1_2_2"
"2042","GTAGAAATCCGTGTGG-1_2_2"
"2043","GTAGAAATCTTGAGCA-1_2_2"
"2044","GTAGAGGCAAGTTGGG-1_2_2"
"2045","GTAGAGGCACCGTACG-1_2_2"
"2046","GTAGAGGGTTGGGATG-1_2_2"
"2047","GTAGAGGTCACCACAA-1_2_2"
"2048","GTAGAGGTCGGAAGGT-1_2_2"
"2049","GTAGATCCAGTAACAA-1_2_2"
"2050","GTAGATCGTTGTGCAT-1_2_2"
"2051","GTAGCTAAGGCATCTT-1_2_2"
"2052","GTAGCTACAGCCGGTT-1_2_2"
"2053","GTAGCTACATGAGATA-1_2_2"
"2054","GTAGGAGGTGACTGAG-1_2_2"
"2055","GTAGGAGTCATTCCTA-1_2_2"
"2056","GTAGGTTAGAGCGACT-1_2_2"
"2057","GTAGGTTCACAAGCCC-1_2_2"
"2058","GTAGGTTCACGTAACT-1_2_2"
"2059","GTAGGTTCAGCTAACT-1_2_2"
"2060","GTAGGTTCATTAAAGG-1_2_2"
"2061","GTAGGTTTCAAACGTC-1_2_2"
"2062","GTAGTACAGTAGCCAG-1_2_2"
"2063","GTAGTACTCATGGGAG-1_2_2"
"2064","GTATTGGGTACTAACC-1_2_2"
"2065","GTATTGGTCAAAGGTA-1_2_2"
"2066","GTATTTCCATACACCA-1_2_2"
"2067","GTATTTCGTACGGATG-1_2_2"
"2068","GTATTTCGTCACTAGT-1_2_2"
"2069","GTATTTCTCACACGAT-1_2_2"
"2070","GTCAAACGTCGTCGGT-1_2_2"
"2071","GTCAAACGTGCACAAG-1_2_2"
"2072","GTCAAACTCGCTCATC-1_2_2"
"2073","GTCAAACTCGGAAGGT-1_2_2"
"2074","GTCAAACTCTCAGAAC-1_2_2"
"2075","GTCAAGTAGGTATTGA-1_2_2"
"2076","GTCAAGTCAATTGCGT-1_2_2"
"2077","GTCAAGTCAGTCAGTT-1_2_2"
"2078","GTCAAGTTCCCTCGTA-1_2_2"
"2079","GTCACGGAGCGGATCA-1_2_2"
"2080","GTCACGGCAAGGCGTA-1_2_2"
"2081","GTCACGGGTGCGAACA-1_2_2"
"2082","GTCACGGTCTTAGCTT-1_2_2"
"2083","GTCACTCCAAGAGGTC-1_2_2"
"2084","GTCACTCCACCTGATA-1_2_2"
"2085","GTCACTCGTATACCTG-1_2_2"
"2086","GTCAGCGCATGACCCG-1_2_2"
"2087","GTCAGCGGTAGAGTTA-1_2_2"
"2088","GTCAGCGGTCAACACT-1_2_2"
"2089","GTCAGCGGTTATAGCC-1_2_2"
"2090","GTCAGCGTCCGGGACT-1_2_2"
"2091","GTCATCCCATGGAACG-1_2_2"
"2092","GTCATGAAGCAACTCT-1_2_2"
"2093","GTCATGAAGGTTGGTG-1_2_2"
"2094","GTCATGACACTGTTCC-1_2_2"
"2095","GTCATGAGTACGGTTT-1_2_2"
"2096","GTCATGAGTAGTCGGA-1_2_2"
"2097","GTCATGAGTCCCTAAA-1_2_2"
"2098","GTCATGAGTGCCTAAT-1_2_2"
"2099","GTCATTTAGCATCGAG-1_2_2"
"2100","GTCATTTCAACCACAT-1_2_2"
"2101","GTCATTTGTGGACTGA-1_2_2"
"2102","GTCCACTAGGGTACAC-1_2_2"
"2103","GTCCACTAGGTACTGG-1_2_2"
"2104","GTCCACTCACACCTAA-1_2_2"
"2105","GTCCACTGTGTCGATT-1_2_2"
"2106","GTCCACTTCGCCAACG-1_2_2"
"2107","GTCCACTTCTAGTCAG-1_2_2"
"2108","GTCCCATAGGCATCTT-1_2_2"
"2109","GTCCCATGTCTCCTGT-1_2_2"
"2110","GTCCCATGTTCAAAGA-1_2_2"
"2111","GTCCCATGTTCTTAGG-1_2_2"
"2112","GTCCCATTCAGCATTG-1_2_2"
"2113","GTCCTCAAGTCTCCTC-1_2_2"
"2114","GTCCTCACACTAAACC-1_2_2"
"2115","GTCCTCACATAGGTAA-1_2_2"
"2116","GTCCTCATCACCGCTT-1_2_2"
"2117","GTCGAATCAGCTGAGA-1_2_2"
"2118","GTCGCGAAGAATTGCA-1_2_2"
"2119","GTCGCGACAGTAGGAC-1_2_2"
"2120","GTCGCGACAGTCACGC-1_2_2"
"2121","GTCGCGAGTCGCGTTG-1_2_2"
"2122","GTCGCGAGTGTAGTGG-1_2_2"
"2123","GTCGCGAGTTGAATCC-1_2_2"
"2124","GTCGTAAGTGAGACCA-1_2_2"
"2125","GTCGTAAGTTACCGTA-1_2_2"
"2126","GTCGTAATCAGAGTGG-1_2_2"
"2127","GTCGTAATCAGTGTCA-1_2_2"
"2128","GTCGTTCAGTCCCAGC-1_2_2"
"2129","GTCGTTCCAGGTCCCA-1_2_2"
"2130","GTCGTTCGTAGACGGT-1_2_2"
"2131","GTCGTTCGTGTCCGGT-1_2_2"
"2132","GTCGTTCTCAGCCTCT-1_2_2"
"2133","GTCTACCTCAGAATAG-1_2_2"
"2134","GTCTACCTCCCTTGTG-1_2_2"
"2135","GTCTAGAAGAGAAGGT-1_2_2"
"2136","GTCTAGACATTGTACG-1_2_2"
"2137","GTCTAGATCAAGTCGT-1_2_2"
"2138","GTCTCACGTTATGGTC-1_2_2"
"2139","GTCTTTAAGCCGGATA-1_2_2"
"2140","GTCTTTAGTAAGATCA-1_2_2"
"2141","GTCTTTAGTTATGTCG-1_2_2"
"2142","GTCTTTAGTTGCCGAC-1_2_2"
"2143","GTCTTTATCACGGGCT-1_2_2"
"2144","GTCTTTATCTATTTCG-1_2_2"
"2145","GTGACGCCAATGAAAC-1_2_2"
"2146","GTGACGCCACTACTTT-1_2_2"
"2147","GTGACGCTCAACGTGT-1_2_2"
"2148","GTGACGCTCGCGAAGA-1_2_2"
"2149","GTGACGCTCTCGGTCT-1_2_2"
"2150","GTGAGCCAGGGCAACT-1_2_2"
"2151","GTGAGGAAGCATACTC-1_2_2"
"2152","GTGAGGAGTAATGCGG-1_2_2"
"2153","GTGATGTCAGAATGTA-1_2_2"
"2154","GTGATGTCATATGGCT-1_2_2"
"2155","GTGCACGAGCAGGGAG-1_2_2"
"2156","GTGCACGCAGAATTCC-1_2_2"
"2157","GTGCACGGTCTTGTCC-1_2_2"
"2158","GTGCACGGTTCTTGCC-1_2_2"
"2159","GTGCACGTCATAGCAC-1_2_2"
"2160","GTGCAGCCAGCACAAG-1_2_2"
"2161","GTGCAGCGTAGTTAGA-1_2_2"
"2162","GTGCAGCTCAACCTTT-1_2_2"
"2163","GTGCAGCTCGCGGACT-1_2_2"
"2164","GTGCGTGAGCATCTTG-1_2_2"
"2165","GTGCGTGGTACACGTT-1_2_2"
"2166","GTGCGTGGTACGACAG-1_2_2"
"2167","GTGCGTGTCATTGTGG-1_2_2"
"2168","GTGCGTGTCCACGAAT-1_2_2"
"2169","GTGCTGGGTCACGACC-1_2_2"
"2170","GTGCTTCGTAGTAAGT-1_2_2"
"2171","GTGCTTCTCTGTAACG-1_2_2"
"2172","GTGGAGAGTGAGTGAC-1_2_2"
"2173","GTGGCGTAGAAACACT-1_2_2"
"2174","GTGGCGTCAGGATGAC-1_2_2"
"2175","GTGGCGTTCGGTCGGT-1_2_2"
"2176","GTGGGAACATTCTCCG-1_2_2"
"2177","GTGGGAATCGTAGAGG-1_2_2"
"2178","GTGGGAATCTGCTGAA-1_2_2"
"2179","GTGGTTAAGTCGAATA-1_2_2"
"2180","GTGGTTAAGTGATGGC-1_2_2"
"2181","GTGGTTAGTAGCGTCC-1_2_2"
"2182","GTGGTTATCACAACCA-1_2_2"
"2183","GTGTAACCACATAGCT-1_2_2"
"2184","GTGTAACCACGACCTG-1_2_2"
"2185","GTGTCCTAGCCTCTGG-1_2_2"
"2186","GTGTCCTCAAGCTGCC-1_2_2"
"2187","GTGTCCTCAGGCTCTG-1_2_2"
"2188","GTGTGATAGACCAGAC-1_2_2"
"2189","GTGTGATTCATACAGC-1_2_2"
"2190","GTGTGGCAGGCACAAC-1_2_2"
"2191","GTGTGGCCAAAGGTTA-1_2_2"
"2192","GTGTGGCCAGGTTCGC-1_2_2"
"2193","GTGTGGCGTATTAAGG-1_2_2"
"2194","GTGTGGCGTTCCTACC-1_2_2"
"2195","GTGTGGCGTTTGTGGT-1_2_2"
"2196","GTGTTAGAGAAGCCAC-1_2_2"
"2197","GTGTTAGAGTGAGTGC-1_2_2"
"2198","GTGTTAGCAATCCTTT-1_2_2"
"2199","GTGTTAGCATTCAGGT-1_2_2"
"2200","GTGTTAGGTTCTTAGG-1_2_2"
"2201","GTGTTCCAGTCTGGTT-1_2_2"
"2202","GTGTTCCAGTTCCGTA-1_2_2"
"2203","GTGTTCCGTACAACGG-1_2_2"
"2204","GTGTTCCGTAGCCCTG-1_2_2"
"2205","GTGTTCCGTGGCAACA-1_2_2"
"2206","GTGTTCCTCCTGGGAC-1_2_2"
"2207","GTGTTCCTCGAGCCTG-1_2_2"
"2208","GTTACAGAGCAATTCC-1_2_2"
"2209","GTTACAGAGTTCCAGT-1_2_2"
"2210","GTTACAGCAAACTAAG-1_2_2"
"2211","GTTACCCAGATTTGCC-1_2_2"
"2212","GTTACCCCACGCTGCA-1_2_2"
"2213","GTTACCCCATGTGGTT-1_2_2"
"2214","GTTACCCGTGTTTGCA-1_2_2"
"2215","GTTACGAGTAACAGGC-1_2_2"
"2216","GTTACGAGTTTGTTCT-1_2_2"
"2217","GTTACGATCTTGTTAC-1_2_2"
"2218","GTTAGACAGACATCCT-1_2_2"
"2219","GTTAGACAGCCGATCC-1_2_2"
"2220","GTTAGACAGCGACTGA-1_2_2"
"2221","GTTAGTGCAGACAAGC-1_2_2"
"2222","GTTAGTGCAGTTCACA-1_2_2"
"2223","GTTAGTGCATAGCTGT-1_2_2"
"2224","GTTAGTGCATCGTTCC-1_2_2"
"2225","GTTAGTGTCATGAGGG-1_2_2"
"2226","GTTATGGCAGTGAGCA-1_2_2"
"2227","GTTATGGGTCGAGTTT-1_2_2"
"2228","GTTATGGGTGTTCGTA-1_2_2"
"2229","GTTCATTAGTACTGGG-1_2_2"
"2230","GTTCATTGTACTCGCG-1_2_2"
"2231","GTTCCGTAGATTCGCT-1_2_2"
"2232","GTTCCGTCAAATCAAG-1_2_2"
"2233","GTTCCGTGTAATGATG-1_2_2"
"2234","GTTCCGTGTACGTGAG-1_2_2"
"2235","GTTCCGTGTTACCCAA-1_2_2"
"2236","GTTCCGTGTTCGGGTC-1_2_2"
"2237","GTTCGCTAGGCCCGTT-1_2_2"
"2238","GTTCGCTAGTGGTTCT-1_2_2"
"2239","GTTCGCTCAACACACT-1_2_2"
"2240","GTTCGCTTCGGTTAGT-1_2_2"
"2241","GTTCTATAGCTACGTT-1_2_2"
"2242","GTTCTATCACGCAAAG-1_2_2"
"2243","GTTCTATGTACAAAGT-1_2_2"
"2244","GTTCTATGTACCCACG-1_2_2"
"2245","GTTGAACCACACACGC-1_2_2"
"2246","GTTGAACCAGAGCGTA-1_2_2"
"2247","GTTGAACTCTCGTCGT-1_2_2"
"2248","GTTGCGGAGACGAGCT-1_2_2"
"2249","GTTGCGGAGCAATAGT-1_2_2"
"2250","GTTGCGGAGTCCTGTA-1_2_2"
"2251","GTTGCGGGTCACAGTT-1_2_2"
"2252","GTTGCGGTCGTACCTC-1_2_2"
"2253","GTTGCGGTCTTAAGGC-1_2_2"
"2254","GTTGCTCAGGTGGTTG-1_2_2"
"2255","GTTGCTCCATCCGATA-1_2_2"
"2256","GTTGCTCTCACTGGTA-1_2_2"
"2257","GTTGCTCTCTAAACGC-1_2_2"
"2258","GTTGTAGAGCGTCAGA-1_2_2"
"2259","GTTGTCCAGTCTCCTC-1_2_2"
"2260","GTTGTCCTCCAAACCA-1_2_2"
"2261","GTTGTCCTCGATTCCC-1_2_2"
"2262","GTTGTGAGTTATCTGG-1_2_2"
"2263","GTTTGGATCAGGAGAC-1_2_2"
"2264","GTTTGGATCCCAGGCA-1_2_2"
"2265","GTTTGGATCCTTCTGG-1_2_2"
"2266","GTTTGGATCGGAACTT-1_2_2"
"2267","TAACACGAGAGAGGTA-1_2_2"
"2268","TAACCAGGTCCTCCTA-1_2_2"
"2269","TAACCAGGTTGGGCCT-1_2_2"
"2270","TAACGACAGGGAGTGG-1_2_2"
"2271","TAACGACAGTCATGAA-1_2_2"
"2272","TAACGACAGTCGGCCT-1_2_2"
"2273","TAACGACAGTTCGGTT-1_2_2"
"2274","TAACGACCAAATGAGT-1_2_2"
"2275","TAACGACCATACCATG-1_2_2"
"2276","TAACGACTCCTATTGT-1_2_2"
"2277","TAACTTCGTGGGTATG-1_2_2"
"2278","TAACTTCTCGTTTACT-1_2_2"
"2279","TAAGCACAGAAACCCG-1_2_2"
"2280","TAAGCACAGACAGCGT-1_2_2"
"2281","TAAGCACAGATGCTTC-1_2_2"
"2282","TAAGCACTCGCGAAGA-1_2_2"
"2283","TAAGCACTCGCTGATA-1_2_2"
"2284","TAAGCACTCTTGGATG-1_2_2"
"2285","TAAGCCAAGAAATCCA-1_2_2"
"2286","TAAGCCAAGGAGGCAG-1_2_2"
"2287","TAAGCCAGTTTGTGGT-1_2_2"
"2288","TAAGCCATCGTCGCTT-1_2_2"
"2289","TAAGTCGAGAGTGTGC-1_2_2"
"2290","TAAGTCGAGCAAATCA-1_2_2"
"2291","TAATCTCCAAGAGGCT-1_2_2"
"2292","TAATCTCCAGCATGCC-1_2_2"
"2293","TAATCTCGTCTACGTA-1_2_2"
"2294","TAATCTCGTGGGAGAG-1_2_2"
"2295","TAATTCCAGTCCGCGT-1_2_2"
"2296","TAATTCCCACGTAACT-1_2_2"
"2297","TAATTCCCACTGTCGG-1_2_2"
"2298","TAATTCCTCAACGTGT-1_2_2"
"2299","TACAACGTCAGCCTTC-1_2_2"
"2300","TACAACGTCGTGGGAA-1_2_2"
"2301","TACACCCAGGAACATT-1_2_2"
"2302","TACACCCTCAGTAGGG-1_2_2"
"2303","TACAGGTTCATCACCC-1_2_2"
"2304","TACATTCCACATTACG-1_2_2"
"2305","TACATTCGTTGACGGA-1_2_2"
"2306","TACATTCTCGTCAACA-1_2_2"
"2307","TACCCACCAGCGAGTA-1_2_2"
"2308","TACCCACGTGGAAGTC-1_2_2"
"2309","TACCCACTCAAGAGTA-1_2_2"
"2310","TACCCACTCCAAGCCG-1_2_2"
"2311","TACCCGTAGCAACAGC-1_2_2"
"2312","TACCCGTCACACGCCA-1_2_2"
"2313","TACCCGTGTCTCAGAT-1_2_2"
"2314","TACCCGTGTGCCCACA-1_2_2"
"2315","TACCCGTGTTTGGAAA-1_2_2"
"2316","TACCGAAAGCTTAGTC-1_2_2"
"2317","TACCGAACATTCATCT-1_2_2"
"2318","TACCGAAGTGCCAAGA-1_2_2"
"2319","TACCGAATCCCTGGTT-1_2_2"
"2320","TACCGGGGTGAAAGTT-1_2_2"
"2321","TACCGGGGTGGACAGT-1_2_2"
"2322","TACCGGGGTTCCAGGC-1_2_2"
"2323","TACCTCGCATCTGCGG-1_2_2"
"2324","TACCTCGGTGATCATC-1_2_2"
"2325","TACCTCGGTTGGCTAT-1_2_2"
"2326","TACCTGCGTATGAAGT-1_2_2"
"2327","TACCTGCGTATGAGCG-1_2_2"
"2328","TACCTGCGTCATCACA-1_2_2"
"2329","TACGCTCAGCTACGTT-1_2_2"
"2330","TACGCTCAGTCATACC-1_2_2"
"2331","TACGCTCTCGTTAGTG-1_2_2"
"2332","TACGGGCAGAGTGACC-1_2_2"
"2333","TACGGGCGTGTTCCTC-1_2_2"
"2334","TACGGGCTCGTGTCAA-1_2_2"
"2335","TACGGTAAGTACAGCG-1_2_2"
"2336","TACGGTAGTCCCAAAT-1_2_2"
"2337","TACGGTAGTGACATCT-1_2_2"
"2338","TACGGTAGTGCACAAG-1_2_2"
"2339","TACGGTATCATCACCC-1_2_2"
"2340","TACGGTATCCGATAAC-1_2_2"
"2341","TACGTCCAGACTCCGC-1_2_2"
"2342","TACGTCCGTTGCTCCT-1_2_2"
"2343","TACTGCCAGGTGGGTT-1_2_2"
"2344","TACTGCCCAATGTTGC-1_2_2"
"2345","TACTTACAGAGAACCC-1_2_2"
"2346","TACTTACAGATGACAT-1_2_2"
"2347","TACTTACAGTATGATG-1_2_2"
"2348","TACTTACGTGCCTGAC-1_2_2"
"2349","TACTTACTCTCTAGGA-1_2_2"
"2350","TACTTCAAGTCCTGTA-1_2_2"
"2351","TACTTCACAACATCGT-1_2_2"
"2352","TACTTCACACCGGAAA-1_2_2"
"2353","TACTTCACAGATTAAG-1_2_2"
"2354","TACTTCACAGTTGAAA-1_2_2"
"2355","TACTTGTCATCATTTC-1_2_2"
"2356","TAGACCAAGATGAACT-1_2_2"
"2357","TAGACCACAGGCTACC-1_2_2"
"2358","TAGACCATCACCGCTT-1_2_2"
"2359","TAGACCATCCATCTGC-1_2_2"
"2360","TAGACTGAGTTCATCG-1_2_2"
"2361","TAGACTGTCTTTCTAG-1_2_2"
"2362","TAGATCGTCTAGGAAA-1_2_2"
"2363","TAGCACAAGCCATATC-1_2_2"
"2364","TAGCACACAGCTGTAT-1_2_2"
"2365","TAGCACATCAGACAAA-1_2_2"
"2366","TAGGAGGGTAGTCGTT-1_2_2"
"2367","TAGGAGGTCACCTGGG-1_2_2"
"2368","TAGGGTTAGGAAAGAC-1_2_2"
"2369","TAGGGTTCATCAGCGC-1_2_2"
"2370","TAGGTACAGGACGCTA-1_2_2"
"2371","TAGGTACGTGCCCAGT-1_2_2"
"2372","TAGGTACTCAAGGTGG-1_2_2"
"2373","TAGGTACTCCGTCAAA-1_2_2"
"2374","TAGGTTGCAGGCTACC-1_2_2"
"2375","TAGGTTGGTCCCTGTT-1_2_2"
"2376","TAGGTTGTCAAGTCGT-1_2_2"
"2377","TAGTGCACATGAAGCG-1_2_2"
"2378","TATACCTAGAGGTTAT-1_2_2"
"2379","TATACCTCACGGTGAA-1_2_2"
"2380","TATATCCCATCATGAC-1_2_2"
"2381","TATCAGGGTCATCCGG-1_2_2"
"2382","TATCAGGGTTATCTGG-1_2_2"
"2383","TATCAGGGTTGGGTTT-1_2_2"
"2384","TATCAGGTCTCCCAAC-1_2_2"
"2385","TATCCTAAGATCACCT-1_2_2"
"2386","TATCCTATCGACGTCG-1_2_2"
"2387","TATCGCCAGCGGTATG-1_2_2"
"2388","TATCGCCGTAGACGTG-1_2_2"
"2389","TATCGCCGTATATGGA-1_2_2"
"2390","TATCGCCGTCAGCTTA-1_2_2"
"2391","TATCGCCTCTCATTTG-1_2_2"
"2392","TATCTGTCATAGATGA-1_2_2"
"2393","TATCTGTTCGGAGTAG-1_2_2"
"2394","TATCTTGAGGGCCAAT-1_2_2"
"2395","TATCTTGCACATTACG-1_2_2"
"2396","TATCTTGCAGTCGGTC-1_2_2"
"2397","TATGTTCAGAATCGCG-1_2_2"
"2398","TATGTTCTCCTCGATC-1_2_2"
"2399","TATGTTCTCTCTTCAA-1_2_2"
"2400","TATTCCACAGTCGTTA-1_2_2"
"2401","TATTCCAGTAACGTTC-1_2_2"
"2402","TATTGCTAGCGTATAA-1_2_2"
"2403","TATTGCTGTATCAAGA-1_2_2"
"2404","TATTGCTTCGACCCAG-1_2_2"
"2405","TATTGCTTCTGTCAGA-1_2_2"
"2406","TATTGGGCAACCGCTG-1_2_2"
"2407","TATTGGGCAGTCGCTG-1_2_2"
"2408","TATTGGGGTCCTGGGT-1_2_2"
"2409","TATTGGGTCTACCTTA-1_2_2"
"2410","TATTTCGAGCGGTAGT-1_2_2"
"2411","TATTTCGCAGCCTACG-1_2_2"
"2412","TATTTCGCATACCAGT-1_2_2"
"2413","TATTTCGGTTTACCAG-1_2_2"
"2414","TCAAGACAGCAAGGAA-1_2_2"
"2415","TCAAGACTCGGCTTGG-1_2_2"
"2416","TCAAGCAAGTCACTCA-1_2_2"
"2417","TCAAGCACAAGGCAAC-1_2_2"
"2418","TCAAGCATCCTAGCCT-1_2_2"
"2419","TCAAGTGAGAGTGAAG-1_2_2"
"2420","TCAAGTGAGGGCGAGA-1_2_2"
"2421","TCAAGTGGTGTTGATC-1_2_2"
"2422","TCAATTCGTCACGCTG-1_2_2"
"2423","TCAATTCGTTTAGTCG-1_2_2"
"2424","TCAATTCTCTGAGAGG-1_2_2"
"2425","TCACAAGAGCAATAAC-1_2_2"
"2426","TCACAAGCACGCTGAC-1_2_2"
"2427","TCACAAGTCTTCGGTC-1_2_2"
"2428","TCACACCCACCGAATT-1_2_2"
"2429","TCACACCCAGTATGAA-1_2_2"
"2430","TCACACCCATCAGTCA-1_2_2"
"2431","TCACATTAGTGAACAT-1_2_2"
"2432","TCACATTCAGACGGAT-1_2_2"
"2433","TCACATTCATTGCCGG-1_2_2"
"2434","TCACGCTCAGATCCAT-1_2_2"
"2435","TCACGGGAGACAAGCC-1_2_2"
"2436","TCACGGGCATGGCTGC-1_2_2"
"2437","TCACGGGTCGACGCGT-1_2_2"
"2438","TCACTATCAGTCTCTC-1_2_2"
"2439","TCACTATTCGCAGTGC-1_2_2"
"2440","TCACTCGTCCGCATAA-1_2_2"
"2441","TCAGCAAAGGTGGCTA-1_2_2"
"2442","TCAGCAAGTAAGATTG-1_2_2"
"2443","TCAGCAAGTAAGCTCT-1_2_2"
"2444","TCAGCCTAGTGCACTT-1_2_2"
"2445","TCAGCCTGTTCGTAAC-1_2_2"
"2446","TCAGGGCAGGAGACCT-1_2_2"
"2447","TCAGGGCAGGAGGTTC-1_2_2"
"2448","TCAGGGCCACAACATC-1_2_2"
"2449","TCAGGGCGTAGGCAAC-1_2_2"
"2450","TCAGGGCGTTCCTAAG-1_2_2"
"2451","TCAGGGCTCAAACCCA-1_2_2"
"2452","TCAGTCCAGGTTACAA-1_2_2"
"2453","TCAGTCCCAATAACCC-1_2_2"
"2454","TCAGTCCGTGTGTCCG-1_2_2"
"2455","TCAGTCCGTTCGGGTC-1_2_2"
"2456","TCAGTCCTCGGCTTGG-1_2_2"
"2457","TCAGTCCTCTCTTAAC-1_2_2"
"2458","TCAGTGAAGTGCTCGC-1_2_2"
"2459","TCAGTGACAACGATCT-1_2_2"
"2460","TCAGTGACACAACGTT-1_2_2"
"2461","TCAGTGAGTAGACGGT-1_2_2"
"2462","TCAGTGAGTGGTCAAG-1_2_2"
"2463","TCAGTGATCACCGACG-1_2_2"
"2464","TCAGTTTCACTTTATC-1_2_2"
"2465","TCAGTTTGTACAGTAA-1_2_2"
"2466","TCAGTTTGTGAGATAT-1_2_2"
"2467","TCAGTTTGTGCATTTG-1_2_2"
"2468","TCATACTCAAATGCTC-1_2_2"
"2469","TCATACTCACGGCACT-1_2_2"
"2470","TCATACTCACGGGCTT-1_2_2"
"2471","TCATATCAGGTTTACC-1_2_2"
"2472","TCATATCAGTGGTTGG-1_2_2"
"2473","TCATATCCAGGCACAA-1_2_2"
"2474","TCATCATGTACGAGCA-1_2_2"
"2475","TCATCATGTCTGATCA-1_2_2"
"2476","TCATCATGTCTGTGCG-1_2_2"
"2477","TCATCATGTGACCGTC-1_2_2"
"2478","TCATGAGAGACAGTCG-1_2_2"
"2479","TCATGAGAGTCGAAAT-1_2_2"
"2480","TCATGAGCACGCGCAT-1_2_2"
"2481","TCATGAGGTATTCCTT-1_2_2"
"2482","TCATGCCCAATTTCGG-1_2_2"
"2483","TCATGCCCACCTGATA-1_2_2"
"2484","TCATGCCCAGCGCGTT-1_2_2"
"2485","TCATGCCCAGGAATAT-1_2_2"
"2486","TCATGCCGTACAGTAA-1_2_2"
"2487","TCATGCCTCCTAGAGT-1_2_2"
"2488","TCATGGAGTCGATTCA-1_2_2"
"2489","TCATGGATCAGCCCAG-1_2_2"
"2490","TCATGTTTCGGCCAAC-1_2_2"
"2491","TCATTACAGAAACTCA-1_2_2"
"2492","TCATTACAGACGGATC-1_2_2"
"2493","TCATTACAGCGAATGC-1_2_2"
"2494","TCATTACCAGCAAGAC-1_2_2"
"2495","TCATTACCATACATCG-1_2_2"
"2496","TCATTACCATGCGGTC-1_2_2"
"2497","TCATTACGTCGAAACG-1_2_2"
"2498","TCATTCAAGCCGCTTG-1_2_2"
"2499","TCATTCACAATTGAAG-1_2_2"
"2500","TCATTCATCCATCTAT-1_2_2"
"2501","TCATTCATCTTCTCAA-1_2_2"
"2502","TCATTTGCACAATGAA-1_2_2"
"2503","TCATTTGCAGAAGTGC-1_2_2"
"2504","TCATTTGTCAAGCCTA-1_2_2"
"2505","TCCACCACACTTTATC-1_2_2"
"2506","TCCACCAGTACCTTCC-1_2_2"
"2507","TCCACCAGTCAACCTA-1_2_2"
"2508","TCCACCAGTGTGAATA-1_2_2"
"2509","TCCACCAGTTGCCAAT-1_2_2"
"2510","TCCACCATCGCAACAT-1_2_2"
"2511","TCCACCATCTGTCGTC-1_2_2"
"2512","TCCACGTAGATGTAGT-1_2_2"
"2513","TCCACGTCAATCAAGA-1_2_2"
"2514","TCCACGTCATGACTAC-1_2_2"
"2515","TCCACGTTCAACTGGT-1_2_2"
"2516","TCCACGTTCCCTCTAG-1_2_2"
"2517","TCCACGTTCCGCATAA-1_2_2"
"2518","TCCAGAAAGAAGAACG-1_2_2"
"2519","TCCAGAATCTCCGATC-1_2_2"
"2520","TCCATCGTCATGGGAG-1_2_2"
"2521","TCCATCGTCGAAATCC-1_2_2"
"2522","TCCATCGTCGGCCCAA-1_2_2"
"2523","TCCATGCCAGGCAATG-1_2_2"
"2524","TCCATGCTCTAGTGAC-1_2_2"
"2525","TCCCACACAACGGCCT-1_2_2"
"2526","TCCCACAGTGAACCGA-1_2_2"
"2527","TCCCACAGTGGAACAC-1_2_2"
"2528","TCCCACATCCAATGCA-1_2_2"
"2529","TCCCAGTTCCTATGGA-1_2_2"
"2530","TCCCATGAGCAGGCTA-1_2_2"
"2531","TCCCATGCAGGTAGTG-1_2_2"
"2532","TCCCATGGTGAGTAAT-1_2_2"
"2533","TCCGAAAAGGTGCTTT-1_2_2"
"2534","TCCGAAAGTAGACAAT-1_2_2"
"2535","TCCGAAATCTGTCAGA-1_2_2"
"2536","TCCGATCCACATGAAA-1_2_2"
"2537","TCCGGGAAGGTGCTGA-1_2_2"
"2538","TCCGGGATCCAGCTCT-1_2_2"
"2539","TCCGTGTCAATCAAGA-1_2_2"
"2540","TCCGTGTCACTTCAAG-1_2_2"
"2541","TCCGTGTGTACTAACC-1_2_2"
"2542","TCCGTGTGTGAATAAC-1_2_2"
"2543","TCCTCCCCAACTTGCA-1_2_2"
"2544","TCCTCCCCACTCATAG-1_2_2"
"2545","TCCTCCCGTCTAGTGT-1_2_2"
"2546","TCCTCGACACTTGGCG-1_2_2"
"2547","TCCTCGATCGATTGAC-1_2_2"
"2548","TCCTCTTAGTAGGTTA-1_2_2"
"2549","TCCTCTTGTTCCATTT-1_2_2"
"2550","TCCTCTTTCAACACGT-1_2_2"
"2551","TCCTGCACACCGTGAC-1_2_2"
"2552","TCCTGCAGTCTTTCTA-1_2_2"
"2553","TCCTGCATCACGATCA-1_2_2"
"2554","TCCTGCATCTTCGTGC-1_2_2"
"2555","TCCTTCTCAAGTGGCA-1_2_2"
"2556","TCCTTCTGTCGCTTGG-1_2_2"
"2557","TCCTTCTTCCCAAGTA-1_2_2"
"2558","TCCTTTCAGACTTCAC-1_2_2"
"2559","TCCTTTCAGTCAGAGC-1_2_2"
"2560","TCCTTTCAGTTCCGTA-1_2_2"
"2561","TCCTTTCCACATTCGA-1_2_2"
"2562","TCCTTTCGTCGAGTTT-1_2_2"
"2563","TCCTTTCTCGGTAGGA-1_2_2"
"2564","TCCTTTCTCTCATTGT-1_2_2"
"2565","TCGAACACAACTGATC-1_2_2"
"2566","TCGAACACATCGGAAG-1_2_2"
"2567","TCGAAGTAGCGAGAAA-1_2_2"
"2568","TCGAAGTAGTGCTCGC-1_2_2"
"2569","TCGAAGTCACGGTGTC-1_2_2"
"2570","TCGAAGTCAGCAGGAT-1_2_2"
"2571","TCGAAGTCAGGGTCTC-1_2_2"
"2572","TCGAAGTGTGTGTGTT-1_2_2"
"2573","TCGAAGTGTTCCGGTG-1_2_2"
"2574","TCGACCTGTGGACCTC-1_2_2"
"2575","TCGACGGCAAGAGTGC-1_2_2"
"2576","TCGACGGCATACATCG-1_2_2"
"2577","TCGACGGTCCGTAGTA-1_2_2"
"2578","TCGACGGTCCGTCCTA-1_2_2"
"2579","TCGATTTCAAATCGTC-1_2_2"
"2580","TCGATTTGTAGAATAC-1_2_2"
"2581","TCGATTTTCTACAGGT-1_2_2"
"2582","TCGATTTTCTCTATAC-1_2_2"
"2583","TCGCACTCACGGGCTT-1_2_2"
"2584","TCGCACTCAGAAACCG-1_2_2"
"2585","TCGCACTGTACACTCA-1_2_2"
"2586","TCGCACTGTGATGTAA-1_2_2"
"2587","TCGGATAAGCACCAGA-1_2_2"
"2588","TCGGATAAGGATCATA-1_2_2"
"2589","TCGGGACAGAAGCGCT-1_2_2"
"2590","TCGGGACAGGCATTTC-1_2_2"
"2591","TCGGGACAGGGCAGGA-1_2_2"
"2592","TCGGGACGTTTCGTTT-1_2_2"
"2593","TCGGGCACACCCAACG-1_2_2"
"2594","TCGGGCACAGGCCTGT-1_2_2"
"2595","TCGGGCATCTCCTGTG-1_2_2"
"2596","TCGGGTGCATTCCTAT-1_2_2"
"2597","TCGGGTGTCCTAGCCT-1_2_2"
"2598","TCGGGTGTCCTCTAAT-1_2_2"
"2599","TCGGTCTCATGCCATA-1_2_2"
"2600","TCGGTCTGTCGGCTAC-1_2_2"
"2601","TCGTAGAAGAGCATCG-1_2_2"
"2602","TCGTAGAAGCAAGTCG-1_2_2"
"2603","TCGTAGACAATTCTTC-1_2_2"
"2604","TCGTAGATCCACGTCT-1_2_2"
"2605","TCGTCCAAGTCACACT-1_2_2"
"2606","TCGTCCAGTACCTGTA-1_2_2"
"2607","TCGTCCAGTCATAACC-1_2_2"
"2608","TCGTCCAGTCGTATTG-1_2_2"
"2609","TCGTGCTCACACACGC-1_2_2"
"2610","TCGTGCTGTAGGACTG-1_2_2"
"2611","TCGTGCTGTGTTTACG-1_2_2"
"2612","TCGTGCTTCTACTCAT-1_2_2"
"2613","TCTAACTCAAGTACCT-1_2_2"
"2614","TCTAACTTCATCTATC-1_2_2"
"2615","TCTAACTTCCGTGTAA-1_2_2"
"2616","TCTACATCAGGCGTTC-1_2_2"
"2617","TCTACATGTCAGACTT-1_2_2"
"2618","TCTACATTCGAGCCAC-1_2_2"
"2619","TCTACCGAGAAATGGG-1_2_2"
"2620","TCTATACAGAACGCGT-1_2_2"
"2621","TCTATACAGGCGCTTC-1_2_2"
"2622","TCTATACAGGGTATAT-1_2_2"
"2623","TCTATACCAGTGACCC-1_2_2"
"2624","TCTATACGTGTGCTTA-1_2_2"
"2625","TCTATCAAGGGCTTCC-1_2_2"
"2626","TCTATCAGTATCACGT-1_2_2"
"2627","TCTATCAGTCCCTGAG-1_2_2"
"2628","TCTCACGTCACTTTGT-1_2_2"
"2629","TCTCACGTCGGCATAT-1_2_2"
"2630","TCTCACGTCTAGTTCT-1_2_2"
"2631","TCTCAGCAGAGGTTTA-1_2_2"
"2632","TCTCAGCGTGTTCGAT-1_2_2"
"2633","TCTCCGACACGTGAGA-1_2_2"
"2634","TCTCCGATCTGGTTGA-1_2_2"
"2635","TCTCTGGGTAGACTGG-1_2_2"
"2636","TCTCTGGGTGGGTCAA-1_2_2"
"2637","TCTCTGGTCAAGAAAC-1_2_2"
"2638","TCTCTGGTCAAGCCCG-1_2_2"
"2639","TCTCTGGTCCCTATTA-1_2_2"
"2640","TCTGGCTAGACCTCCG-1_2_2"
"2641","TCTGGCTAGATAGTCA-1_2_2"
"2642","TCTGGCTCAGTAGTGG-1_2_2"
"2643","TCTGGCTGTTAACCTG-1_2_2"
"2644","TCTGGCTTCGGACGTC-1_2_2"
"2645","TCTGTCGCAGGGTTGA-1_2_2"
"2646","TCTGTCGGTAACAAGT-1_2_2"
"2647","TCTGTCGTCAAGAAAC-1_2_2"
"2648","TCTTAGTGTGGTTTGT-1_2_2"
"2649","TCTTCCTAGACGACTG-1_2_2"
"2650","TCTTCCTAGATGCCGA-1_2_2"
"2651","TCTTCCTAGCATCCCG-1_2_2"
"2652","TCTTCCTCAATGCAGG-1_2_2"
"2653","TCTTCCTGTCGGAACA-1_2_2"
"2654","TCTTCCTTCCATCTGC-1_2_2"
"2655","TCTTGCGAGCTCGCAC-1_2_2"
"2656","TCTTGCGAGCTTCGTA-1_2_2"
"2657","TCTTGCGCAAGTCATC-1_2_2"
"2658","TCTTTGAAGCAACCAG-1_2_2"
"2659","TCTTTGACAAGTGACG-1_2_2"
"2660","TCTTTGATCACCTTGC-1_2_2"
"2661","TGAACGTAGCTTAGTC-1_2_2"
"2662","TGAACGTTCAATCGGT-1_2_2"
"2663","TGAACGTTCGAACGCC-1_2_2"
"2664","TGAATCGAGAGTCTGG-1_2_2"
"2665","TGAATCGAGGACAGCT-1_2_2"
"2666","TGAATCGGTCGCATTA-1_2_2"
"2667","TGAATCGTCTCGTCAC-1_2_2"
"2668","TGAATGCCATGGCCAC-1_2_2"
"2669","TGAATGCGTCCTGTCT-1_2_2"
"2670","TGAATGCTCGATAACC-1_2_2"
"2671","TGAATGCTCTGTTCAT-1_2_2"
"2672","TGACAGTAGCGAATGC-1_2_2"
"2673","TGACAGTAGTTACTCG-1_2_2"
"2674","TGACAGTGTATCCCAA-1_2_2"
"2675","TGACAGTGTTACCCTC-1_2_2"
"2676","TGACAGTTCACCATAG-1_2_2"
"2677","TGACCCTGTAGACACG-1_2_2"
"2678","TGACCCTGTGGCCCAT-1_2_2"
"2679","TGACCCTTCCGGACTG-1_2_2"
"2680","TGACGCGAGGGCAGGA-1_2_2"
"2681","TGACGCGCATGACTCA-1_2_2"
"2682","TGACGCGGTTTGCAGT-1_2_2"
"2683","TGACGCGTCCATGCAA-1_2_2"
"2684","TGACGCGTCTCGTGGG-1_2_2"
"2685","TGACTCCCACCGAATT-1_2_2"
"2686","TGACTCCGTGGTCTCG-1_2_2"
"2687","TGAGACTGTTAGGAGC-1_2_2"
"2688","TGAGACTTCGTTAGTG-1_2_2"
"2689","TGAGCATGTAGGAGTC-1_2_2"
"2690","TGAGCATGTCCTATAG-1_2_2"
"2691","TGAGCATTCTTCTGTA-1_2_2"
"2692","TGAGCGCAGTTCCGTA-1_2_2"
"2693","TGAGCGCGTCGAACAG-1_2_2"
"2694","TGAGCGCTCCTCACCA-1_2_2"
"2695","TGAGGAGCACCAACAT-1_2_2"
"2696","TGAGGTTAGTGCGACA-1_2_2"
"2697","TGAGGTTCATCATTTC-1_2_2"
"2698","TGAGGTTCATGGTACT-1_2_2"
"2699","TGAGGTTTCGTGGCGT-1_2_2"
"2700","TGAGGTTTCTATCGGA-1_2_2"
"2701","TGAGGTTTCTCTAAGG-1_2_2"
"2702","TGAGGTTTCTGAGTCA-1_2_2"
"2703","TGAGTCAAGGCTCCCA-1_2_2"
"2704","TGAGTCAGTGCATACT-1_2_2"
"2705","TGATCAGAGAAGGCTC-1_2_2"
"2706","TGATCAGAGAGTGTTA-1_2_2"
"2707","TGATCAGAGTAGGCCA-1_2_2"
"2708","TGATCAGTCGTCCATC-1_2_2"
"2709","TGATCTTCAAGTTCGT-1_2_2"
"2710","TGATCTTGTCTCAGAT-1_2_2"
"2711","TGATCTTGTGGCGTAA-1_2_2"
"2712","TGATGCAAGACTAAGT-1_2_2"
"2713","TGATGCACACTTGACA-1_2_2"
"2714","TGATGCAGTCGTATTG-1_2_2"
"2715","TGATGGTAGATGGTCG-1_2_2"
"2716","TGATTCTAGATCCAAA-1_2_2"
"2717","TGATTCTAGCGCTGAA-1_2_2"
"2718","TGATTCTCAAAGCGTG-1_2_2"
"2719","TGATTCTCAATGAACA-1_2_2"
"2720","TGATTCTTCGCCATAA-1_2_2"
"2721","TGATTTCAGGCCTAGA-1_2_2"
"2722","TGATTTCCACAAGTTC-1_2_2"
"2723","TGATTTCGTGGACTAG-1_2_2"
"2724","TGCAGATAGAGGATGA-1_2_2"
"2725","TGCAGATAGCATCCCG-1_2_2"
"2726","TGCAGATGTGCATCTA-1_2_2"
"2727","TGCAGATTCGGAACTT-1_2_2"
"2728","TGCAGGCAGTCAACAA-1_2_2"
"2729","TGCAGGCAGTGGCGAT-1_2_2"
"2730","TGCAGGCCACAAGCCC-1_2_2"
"2731","TGCAGGCGTGAATGTA-1_2_2"
"2732","TGCAGGCTCCGATTAG-1_2_2"
"2733","TGCAGGCTCCGTGCGA-1_2_2"
"2734","TGCAGGCTCGCCGAGT-1_2_2"
"2735","TGCAGTACAATAACGA-1_2_2"
"2736","TGCAGTAGTAAGCAAT-1_2_2"
"2737","TGCAGTAGTCCAACGC-1_2_2"
"2738","TGCATCCAGCACACCC-1_2_2"
"2739","TGCATCCCAAAGGGTC-1_2_2"
"2740","TGCATCCCACCGTCGA-1_2_2"
"2741","TGCATCCGTACAGAGC-1_2_2"
"2742","TGCATGAAGATAGTCA-1_2_2"
"2743","TGCATGACAAGTATCC-1_2_2"
"2744","TGCATGATCGGACTGC-1_2_2"
"2745","TGCCGAGAGGCCGCTT-1_2_2"
"2746","TGCGACGAGACCGTTT-1_2_2"
"2747","TGCGACGCACGTGTGC-1_2_2"
"2748","TGCGACGGTACCAATC-1_2_2"
"2749","TGCGACGGTCTTGCTC-1_2_2"
"2750","TGCGACGTCCCATAGA-1_2_2"
"2751","TGCGACGTCGTCGGGT-1_2_2"
"2752","TGCGATAAGACGGTTG-1_2_2"
"2753","TGCGATACACAGAGAC-1_2_2"
"2754","TGCGATAGTGGGCTCT-1_2_2"
"2755","TGCGGCACAATACCCA-1_2_2"
"2756","TGCGGCACACACAGCC-1_2_2"
"2757","TGCGGCACACAGCATT-1_2_2"
"2758","TGCGGCATCCTCACGT-1_2_2"
"2759","TGCGGGTAGCATGTTC-1_2_2"
"2760","TGCGGGTAGGTACCTT-1_2_2"
"2761","TGCGGGTCAAGTCATC-1_2_2"
"2762","TGCTCCAGTCACTCAA-1_2_2"
"2763","TGCTCCAGTCGCCTAG-1_2_2"
"2764","TGCTCCATCGAGAAAT-1_2_2"
"2765","TGCTCGTAGCAAATCA-1_2_2"
"2766","TGCTCGTAGTTCTCTT-1_2_2"
"2767","TGCTCGTCAGGGAATC-1_2_2"
"2768","TGCTCGTGTATTGGCT-1_2_2"
"2769","TGCTGAAAGACTTCAC-1_2_2"
"2770","TGCTGAATCCGATGTA-1_2_2"
"2771","TGCTTCGAGAGTGAAG-1_2_2"
"2772","TGCTTCGAGCCAAGTG-1_2_2"
"2773","TGCTTCGGTACAAGCG-1_2_2"
"2774","TGCTTCGGTAGTGATA-1_2_2"
"2775","TGCTTCGGTGGAAATT-1_2_2"
"2776","TGCTTCGGTTGCATAC-1_2_2"
"2777","TGCTTGCCAACCCGCA-1_2_2"
"2778","TGGAACTAGAAGTCTA-1_2_2"
"2779","TGGAACTAGGTCCCGT-1_2_2"
"2780","TGGAACTCAAACTAGA-1_2_2"
"2781","TGGAACTGTGCAAGAC-1_2_2"
"2782","TGGAACTTCACTACTT-1_2_2"
"2783","TGGAACTTCGCGAAGA-1_2_2"
"2784","TGGAGAGCACCTGTCT-1_2_2"
"2785","TGGAGAGGTAGCTCGC-1_2_2"
"2786","TGGAGGACAGCGCGTT-1_2_2"
"2787","TGGAGGATCTCTATGT-1_2_2"
"2788","TGGATCAAGATCCTAC-1_2_2"
"2789","TGGATCAAGATGTAGT-1_2_2"
"2790","TGGATCACAACACACT-1_2_2"
"2791","TGGATCAGTATAATGG-1_2_2"
"2792","TGGATCAGTCGGCACT-1_2_2"
"2793","TGGATCAGTGCATTAC-1_2_2"
"2794","TGGATGTCAGGTGAGT-1_2_2"
"2795","TGGATGTGTGCATGAG-1_2_2"
"2796","TGGCGTGAGTTCAACC-1_2_2"
"2797","TGGCGTGGTAACTTCG-1_2_2"
"2798","TGGCGTGGTGCTATTG-1_2_2"
"2799","TGGCGTGGTTGGGCCT-1_2_2"
"2800","TGGGAAGCAGGTACGA-1_2_2"
"2801","TGGGAAGTCTAGACAC-1_2_2"
"2802","TGGGAGAAGCGTGCCT-1_2_2"
"2803","TGGGAGACATGACGAG-1_2_2"
"2804","TGGGAGAGTCGTACAT-1_2_2"
"2805","TGGGAGAGTGTGTGTT-1_2_2"
"2806","TGGGAGATCACAATGC-1_2_2"
"2807","TGGGAGATCGTTAGAC-1_2_2"
"2808","TGGGATTCAACCAATC-1_2_2"
"2809","TGGGATTGTACTGAGG-1_2_2"
"2810","TGGGATTGTGTAAATG-1_2_2"
"2811","TGGGATTTCTCGACGG-1_2_2"
"2812","TGGGCGTGTAACGGTG-1_2_2"
"2813","TGGGCGTGTCTTGCTC-1_2_2"
"2814","TGGGCGTGTTGGGACA-1_2_2"
"2815","TGGGTTACATCGCTGG-1_2_2"
"2816","TGGGTTATCGCGGTAC-1_2_2"
"2817","TGGTACAAGTAATACG-1_2_2"
"2818","TGGTAGTGTCATGGCC-1_2_2"
"2819","TGGTGATAGGCCTAGA-1_2_2"
"2820","TGGTGATGTCTGTGTA-1_2_2"
"2821","TGGTGATTCTCACCCA-1_2_2"
"2822","TGGTTAGAGATAGCTA-1_2_2"
"2823","TGGTTAGAGTGGAAGA-1_2_2"
"2824","TGGTTAGGTCCTTTGC-1_2_2"
"2825","TGGTTAGGTGAATGTA-1_2_2"
"2826","TGTAACGAGCCTTGAT-1_2_2"
"2827","TGTAACGCAAGCCATT-1_2_2"
"2828","TGTAACGCACCGTGAC-1_2_2"
"2829","TGTAACGCACTAAACC-1_2_2"
"2830","TGTAAGCCAGCTGTGC-1_2_2"
"2831","TGTAAGCTCAGCAATC-1_2_2"
"2832","TGTAAGCTCCCACAGG-1_2_2"
"2833","TGTACAGGTAGTATAG-1_2_2"
"2834","TGTACAGTCTCCAATT-1_2_2"
"2835","TGTAGACTCGGATTAC-1_2_2"
"2836","TGTCAGAAGAGAGGGC-1_2_2"
"2837","TGTCAGACACGCAGTC-1_2_2"
"2838","TGTCAGACACTAGAGG-1_2_2"
"2839","TGTCAGATCCTAGCTC-1_2_2"
"2840","TGTCCCAAGTTCACTG-1_2_2"
"2841","TGTCCCACAAGAGTTA-1_2_2"
"2842","TGTCCCACAAGGCGTA-1_2_2"
"2843","TGTCCCACATAAGCGG-1_2_2"
"2844","TGTCCTGCAGCGACAA-1_2_2"
"2845","TGTCCTGGTATACAGA-1_2_2"
"2846","TGTCCTGGTATTAAGG-1_2_2"
"2847","TGTCCTGGTCTCTCCA-1_2_2"
"2848","TGTGAGTAGAGTCAGC-1_2_2"
"2849","TGTGAGTAGGTTATAG-1_2_2"
"2850","TGTGAGTGTCTGTGTA-1_2_2"
"2851","TGTGATGCACAGAGAC-1_2_2"
"2852","TGTGATGCAGTGTGCC-1_2_2"
"2853","TGTGATGGTTGGGCCT-1_2_2"
"2854","TGTGATGTCCGCAGTG-1_2_2"
"2855","TGTGATGTCGATTGAC-1_2_2"
"2856","TGTGCGGCACATTACG-1_2_2"
"2857","TGTGCGGTCAGTCATG-1_2_2"
"2858","TGTGCGGTCCTGATAG-1_2_2"
"2859","TGTGCGGTCGGTTCAA-1_2_2"
"2860","TGTGCGGTCTGAGGTT-1_2_2"
"2861","TGTGGCGAGCAAGTGC-1_2_2"
"2862","TGTGGCGCAATTTCGG-1_2_2"
"2863","TGTGGCGCAGTAGTTC-1_2_2"
"2864","TGTGGCGGTAGTCTGT-1_2_2"
"2865","TGTGTGAAGCGATTCT-1_2_2"
"2866","TGTGTGACACCAGTTA-1_2_2"
"2867","TGTTACTAGCATGCGA-1_2_2"
"2868","TGTTACTAGCTACTGT-1_2_2"
"2869","TGTTACTAGGAGGGTG-1_2_2"
"2870","TGTTACTAGGATAATC-1_2_2"
"2871","TGTTACTCAAGCGAAC-1_2_2"
"2872","TGTTACTGTTAATCGC-1_2_2"
"2873","TGTTACTTCGGACGTC-1_2_2"
"2874","TGTTCATGTACTCAAC-1_2_2"
"2875","TGTTCATGTATGGAAT-1_2_2"
"2876","TGTTCATTCGCCTTGT-1_2_2"
"2877","TGTTCATTCGCTGTCT-1_2_2"
"2878","TGTTCCGAGTTACGGG-1_2_2"
"2879","TGTTCCGCAGCACAGA-1_2_2"
"2880","TGTTCTACAAGTCCCG-1_2_2"
"2881","TGTTCTACAATTTCTC-1_2_2"
"2882","TGTTCTAGTGAATAAC-1_2_2"
"2883","TGTTCTAGTGTCCGGT-1_2_2"
"2884","TGTTGAGAGACATGCG-1_2_2"
"2885","TGTTGAGAGTGTGTTC-1_2_2"
"2886","TGTTGAGCAGGATTCT-1_2_2"
"2887","TGTTGAGTCCGTAGTA-1_2_2"
"2888","TGTTGAGTCGTAACAC-1_2_2"
"2889","TGTTGGAGTAGGGTAC-1_2_2"
"2890","TGTTGGATCGAAGTGG-1_2_2"
"2891","TGTTTGTAGAACGCGT-1_2_2"
"2892","TGTTTGTAGTATCTGC-1_2_2"
"2893","TGTTTGTTCACGGTCG-1_2_2"
"2894","TTAATCCGTTGACTGT-1_2_2"
"2895","TTAATCCTCAGACCGC-1_2_2"
"2896","TTAATCCTCCAATCCC-1_2_2"
"2897","TTAATCCTCGCTTGCT-1_2_2"
"2898","TTAATCCTCTGGGCAC-1_2_2"
"2899","TTACAGGCAAGCTCTA-1_2_2"
"2900","TTACAGGGTCTAACGT-1_2_2"
"2901","TTACCATAGGCGAACT-1_2_2"
"2902","TTACCATAGTTACTCG-1_2_2"
"2903","TTACCATCACGTATAC-1_2_2"
"2904","TTACCATCATGACGAG-1_2_2"
"2905","TTACCATGTTTCACAG-1_2_2"
"2906","TTACCATTCTCTCCGA-1_2_2"
"2907","TTACCATTCTTAGTTC-1_2_2"
"2908","TTACCGCAGAATCGAT-1_2_2"
"2909","TTACGCCAGGTTCTAC-1_2_2"
"2910","TTACGCCCATGGATCT-1_2_2"
"2911","TTACGCCGTCCAGCAC-1_2_2"
"2912","TTACGCCGTTGTTTGG-1_2_2"
"2913","TTACTGTCATGGTGGA-1_2_2"
"2914","TTACTGTGTATCAAGA-1_2_2"
"2915","TTAGGCAAGGATACGC-1_2_2"
"2916","TTAGGCAGTGCTCCGA-1_2_2"
"2917","TTAGGCAGTGGGCTCT-1_2_2"
"2918","TTAGGCAGTTTGACAC-1_2_2"
"2919","TTAGGGTAGGGACACT-1_2_2"
"2920","TTAGGGTCAGAGATTA-1_2_2"
"2921","TTAGGGTCAGGTTTAC-1_2_2"
"2922","TTAGGGTTCGAACACT-1_2_2"
"2923","TTAGTCTAGATACGAT-1_2_2"
"2924","TTAGTCTAGTCTCGTA-1_2_2"
"2925","TTATTGCAGTAGCTCT-1_2_2"
"2926","TTATTGCCATGTAACC-1_2_2"
"2927","TTATTGCGTCCACATA-1_2_2"
"2928","TTATTGCGTGATTAGA-1_2_2"
"2929","TTATTGCTCGTTGTGA-1_2_2"
"2930","TTATTGCTCTCCTGTG-1_2_2"
"2931","TTCAATCAGCAAGCCA-1_2_2"
"2932","TTCAATCAGTAGACAT-1_2_2"
"2933","TTCAATCCAAAGGCGT-1_2_2"
"2934","TTCAATCGTAGCTCGC-1_2_2"
"2935","TTCAATCTCCCAGGAC-1_2_2"
"2936","TTCACCGCAAATGAAC-1_2_2"
"2937","TTCACCGGTCGGATTT-1_2_2"
"2938","TTCACCGGTGCAATAA-1_2_2"
"2939","TTCACGCAGTGTTCAC-1_2_2"
"2940","TTCACGCCAACCCGCA-1_2_2"
"2941","TTCACGCCAAGCTCTA-1_2_2"
"2942","TTCACGCCAGCTCATA-1_2_2"
"2943","TTCACGCGTTTGACAC-1_2_2"
"2944","TTCAGGAAGAATAGTC-1_2_2"
"2945","TTCAGGAAGCACTCTA-1_2_2"
"2946","TTCAGGAAGCGTTACT-1_2_2"
"2947","TTCAGGACACATTGTG-1_2_2"
"2948","TTCATGTCAACCAGAG-1_2_2"
"2949","TTCATGTCAAGTTGGG-1_2_2"
"2950","TTCATGTCAGAGAAAG-1_2_2"
"2951","TTCATGTTCAAGCTTG-1_2_2"
"2952","TTCATTGAGCGAATGC-1_2_2"
"2953","TTCATTGAGTGTACAA-1_2_2"
"2954","TTCATTGCAGGCACAA-1_2_2"
"2955","TTCATTGTCACGATCA-1_2_2"
"2956","TTCATTGTCTCTCGAC-1_2_2"
"2957","TTCCACGCAACAACAA-1_2_2"
"2958","TTCCACGGTGCGAGTA-1_2_2"
"2959","TTCCACGTCATTGAGC-1_2_2"
"2960","TTCCGGTCAAGAGTAT-1_2_2"
"2961","TTCCGGTCACTAACGT-1_2_2"
"2962","TTCCGGTCATTCTCCG-1_2_2"
"2963","TTCCGGTGTAGCCCTG-1_2_2"
"2964","TTCCGTGAGGAAGTCC-1_2_2"
"2965","TTCCGTGCACCTGAAT-1_2_2"
"2966","TTCCGTGTCAGACTGT-1_2_2"
"2967","TTCCTAAAGGCCCACT-1_2_2"
"2968","TTCCTAAAGGTGGTTG-1_2_2"
"2969","TTCCTAATCCACCCTA-1_2_2"
"2970","TTCCTAATCGTGCACG-1_2_2"
"2971","TTCCTCTGTGTGTGGA-1_2_2"
"2972","TTCCTTCAGCAGTACG-1_2_2"
"2973","TTCCTTCAGGACTATA-1_2_2"
"2974","TTCCTTCCATGAAAGT-1_2_2"
"2975","TTCCTTCGTAACACGG-1_2_2"
"2976","TTCGATTAGGTTACAA-1_2_2"
"2977","TTCGATTTCGTTAGAC-1_2_2"
"2978","TTCGCTGAGCGAGTAC-1_2_2"
"2979","TTCGCTGGTCGAGATG-1_2_2"
"2980","TTCGCTGTCACGTAGT-1_2_2"
"2981","TTCGCTGTCGCAACAT-1_2_2"
"2982","TTCGGTCGTTACCTGA-1_2_2"
"2983","TTCGGTCGTTTCGACA-1_2_2"
"2984","TTCGGTCTCATGGATC-1_2_2"
"2985","TTCGGTCTCGCTGTCT-1_2_2"
"2986","TTCTAACAGATGACAT-1_2_2"
"2987","TTCTAACGTCTGTCCT-1_2_2"
"2988","TTCTAACGTTATCCAG-1_2_2"
"2989","TTCTAGTGTCACTGAT-1_2_2"
"2990","TTCTAGTGTCGCAGTC-1_2_2"
"2991","TTCTAGTGTGGAAGTC-1_2_2"
"2992","TTCTAGTTCAATCTTC-1_2_2"
"2993","TTCTAGTTCGAGCCTG-1_2_2"
"2994","TTCTCTCAGTCACACT-1_2_2"
"2995","TTCTCTCGTAACAGTA-1_2_2"
"2996","TTCTCTCGTCAAGCGA-1_2_2"
"2997","TTCTCTCGTCCGTACG-1_2_2"
"2998","TTCTCTCTCCCTGTTG-1_2_2"
"2999","TTCTGTACAGCAAGAC-1_2_2"
"3000","TTCTGTACAGCACAGA-1_2_2"
"3001","TTCTGTACATCATCTT-1_2_2"
"3002","TTCTTCCCAAGCTCTA-1_2_2"
"3003","TTCTTCCTCGGTATGT-1_2_2"
"3004","TTCTTCCTCGTTCCCA-1_2_2"
"3005","TTCTTGAAGTACTCGT-1_2_2"
"3006","TTCTTGAGTAGACGGT-1_2_2"
"3007","TTCTTGAGTCCAGCCA-1_2_2"
"3008","TTCTTGATCAAGAGGC-1_2_2"
"3009","TTCTTGATCCGAGTGC-1_2_2"
"3010","TTGAACGAGAAGTCTA-1_2_2"
"3011","TTGAACGAGCCTGTCG-1_2_2"
"3012","TTGAACGTCATCCTAT-1_2_2"
"3013","TTGACCCAGGACACTG-1_2_2"
"3014","TTGACCCCACTTCAGA-1_2_2"
"3015","TTGAGTGCAGCTTTCC-1_2_2"
"3016","TTGAGTGGTAGAATAC-1_2_2"
"3017","TTGAGTGGTCCGACGT-1_2_2"
"3018","TTGATGGAGGCGTTAG-1_2_2"
"3019","TTGATGGAGTTATGGA-1_2_2"
"3020","TTGATGGCAATAGTGA-1_2_2"
"3021","TTGATGGCACAGCCAC-1_2_2"
"3022","TTGATGGCATAGGAGC-1_2_2"
"3023","TTGATGGGTGATACAA-1_2_2"
"3024","TTGCATTAGCGATGAC-1_2_2"
"3025","TTGCATTCAGAGTCAG-1_2_2"
"3026","TTGCATTCATGCCGAC-1_2_2"
"3027","TTGCATTGTAGTGATA-1_2_2"
"3028","TTGCATTGTATCGCTA-1_2_2"
"3029","TTGCATTGTGCTTCAA-1_2_2"
"3030","TTGCATTTCCGGCTTT-1_2_2"
"3031","TTGCATTTCGTTACCC-1_2_2"
"3032","TTGCATTTCTTTCCAA-1_2_2"
"3033","TTGCCTGCAAAGACGC-1_2_2"
"3034","TTGCCTGCAGTAACCT-1_2_2"
"3035","TTGCCTGGTAACAAGT-1_2_2"
"3036","TTGCGTCAGTGGTGGT-1_2_2"
"3037","TTGCGTCGTACTTCCC-1_2_2"
"3038","TTGCGTCGTCGATTTG-1_2_2"
"3039","TTGCTGCAGTATTCCG-1_2_2"
"3040","TTGCTGCAGTGAACAT-1_2_2"
"3041","TTGCTGCCATGTCGTA-1_2_2"
"3042","TTGCTGCGTCACCACG-1_2_2"
"3043","TTGCTGCGTCTCAGGC-1_2_2"
"3044","TTGCTGCTCGAGTCCG-1_2_2"
"3045","TTGGATGCAAACGTGG-1_2_2"
"3046","TTGGATGCATACCATG-1_2_2"
"3047","TTGGATGGTGTCCAAT-1_2_2"
"3048","TTGGATGTCTCGTTTA-1_2_2"
"3049","TTGGGATGTGATATAG-1_2_2"
"3050","TTGGGCGAGTCACAGG-1_2_2"
"3051","TTGGGCGCAGGTCCGT-1_2_2"
"3052","TTGGGCGGTTCCGCGA-1_2_2"
"3053","TTGGGCGGTTTCCATT-1_2_2"
"3054","TTGGGCGTCTCTGCTG-1_2_2"
"3055","TTGGGTACAAGTGACG-1_2_2"
"3056","TTGGGTAGTGCTCCGA-1_2_2"
"3057","TTGTGGAGTTGGGATG-1_2_2"
"3058","TTGTGGAGTTTGGCTA-1_2_2"
"3059","TTGTGGATCCGTCACT-1_2_2"
"3060","TTGTGTTCACGTAACT-1_2_2"
"3061","TTGTGTTGTCATGGCC-1_2_2"
"3062","TTGTGTTGTCTGCAAT-1_2_2"
"3063","TTGTGTTGTTGGGCCT-1_2_2"
"3064","TTGTTCAAGGCGACAT-1_2_2"
"3065","TTGTTCACACTTCAGA-1_2_2"
"3066","TTGTTCAGTCCATACA-1_2_2"
"3067","TTGTTGTGTACGGCAA-1_2_2"
"3068","TTGTTGTGTTTGAAAG-1_2_2"
"3069","TTGTTTGTCATACGAC-1_2_2"
"3070","TTTACCAAGAGCATAT-1_2_2"
"3071","TTTACCACAGGTGGAT-1_2_2"
"3072","TTTACCACAGTGTACT-1_2_2"
"3073","TTTACCAGTGCGTCGT-1_2_2"
"3074","TTTACCAGTGTACATC-1_2_2"
"3075","TTTACGTAGAGATTCA-1_2_2"
"3076","TTTACGTAGCCAGAGT-1_2_2"
"3077","TTTACGTCAAAGCTCT-1_2_2"
"3078","TTTACGTGTAGTGATA-1_2_2"
"3079","TTTACGTGTTCTCTAT-1_2_2"
"3080","TTTACGTTCACCATGA-1_2_2"
"3081","TTTACGTTCCTCTCGA-1_2_2"
"3082","TTTACTGAGCAACTTC-1_2_2"
"3083","TTTACTGAGTGGTTAA-1_2_2"
"3084","TTTACTGTCCAACTGA-1_2_2"
"3085","TTTACTGTCGCGGTAC-1_2_2"
"3086","TTTACTGTCTTACACT-1_2_2"
"3087","TTTATGCAGTTCCTGA-1_2_2"
"3088","TTTATGCCACCTGATA-1_2_2"
"3089","TTTATGCCACTGCATA-1_2_2"
"3090","TTTATGCCAGCGACCT-1_2_2"
"3091","TTTATGCGTTGCAAGG-1_2_2"
"3092","TTTATGCTCGCTGCGA-1_2_2"
"3093","TTTCACAAGTTGCTCA-1_2_2"
"3094","TTTCAGTAGCAGTACG-1_2_2"
"3095","TTTCAGTTCACCCTGT-1_2_2"
"3096","TTTCATGTCAGCGCAC-1_2_2"
"3097","TTTCATGTCCGGCAGT-1_2_2"
"3098","TTTCCTCCAGTGGGTA-1_2_2"
"3099","TTTCCTCGTGAGACCA-1_2_2"
"3100","TTTCCTCGTGGATCGA-1_2_2"
"3101","TTTCGATAGCGACTAG-1_2_2"
"3102","TTTGACTCAACCAATC-1_2_2"
"3103","TTTGACTTCAGAGTGG-1_2_2"
"3104","TTTGATCAGCGCCTCA-1_2_2"
"3105","TTTGATCCAAACGTGG-1_2_2"
"3106","TTTGGAGAGACGCATG-1_2_2"
"3107","TTTGGAGCAGGACGAT-1_2_2"
"3108","TTTGGAGGTCGCTCGA-1_2_2"
"3109","TTTGGTTAGAGCCCAA-1_2_2"
"3110","TTTGGTTCAACAGTGG-1_2_2"
"3111","TTTGGTTCACCGTCTT-1_2_2"
"3112","TTTGGTTGTGTTCATG-1_2_2"
"3113","TTTGGTTTCAGAGCGA-1_2_2"
"3114","TTTGGTTTCGTCGGGT-1_2_2"
"3115","TTTGGTTTCTCATTTG-1_2_2"
"3116","TTTGTTGCAAGATCCT-1_2_2"
