"","x"
"1","AAACCCATCTCCACTG-1_4_1"
"2","AAACGCTAGCCACTCG-1_4_1"
"3","AAACGCTAGGTAAACT-1_4_1"
"4","AAACGCTCACAAGGTG-1_4_1"
"5","AAAGAACTCGTGGAAG-1_4_1"
"6","AAAGGATAGCTAGTTC-1_4_1"
"7","AAAGGGCAGCTGGAGT-1_4_1"
"8","AAAGGGCCACAGTCCG-1_4_1"
"9","AAAGTCCAGGTAAACT-1_4_1"
"10","AAAGTCCTCAACTACG-1_4_1"
"11","AAAGTCCTCCCTCGAT-1_4_1"
"12","AACAAAGAGGTCACTT-1_4_1"
"13","AACAGGGTCTAGATCG-1_4_1"
"14","AACCAACAGTGATAAC-1_4_1"
"15","AACCAACCATGCAGGA-1_4_1"
"16","AACCAACGTCATATGC-1_4_1"
"17","AACCTTTAGGTAGATT-1_4_1"
"18","AACGAAAGTGCCCAGT-1_4_1"
"19","AACGAAATCACTACGA-1_4_1"
"20","AACGGGAAGGGTGAGG-1_4_1"
"21","AACGGGAGTACAAACA-1_4_1"
"22","AACGTCAAGCTCTGTA-1_4_1"
"23","AACTTCTTCTATTCGT-1_4_1"
"24","AAGAACACACGCTATA-1_4_1"
"25","AAGAACAGTGTACGCC-1_4_1"
"26","AAGACAACAGTCAGCC-1_4_1"
"27","AAGACAATCGCGTCGA-1_4_1"
"28","AAGACTCGTTTACACG-1_4_1"
"29","AAGATAGGTGCACGCT-1_4_1"
"30","AAGATAGGTGCCTTCT-1_4_1"
"31","AAGCATCTCCGTACGG-1_4_1"
"32","AAGCGAGGTGACCGTC-1_4_1"
"33","AAGCGTTCAGACAAAT-1_4_1"
"34","AAGCGTTTCAAGTAAG-1_4_1"
"35","AAGGAATAGGAAGTAG-1_4_1"
"36","AAGGAATGTTCAGCTA-1_4_1"
"37","AAGGAATTCTGCATGA-1_4_1"
"38","AAGGTAACATCTATCT-1_4_1"
"39","AAGGTAAGTACTCGAT-1_4_1"
"40","AAGGTAATCGTAGGAG-1_4_1"
"41","AAGTGAAGTTGCTCAA-1_4_1"
"42","AAGTTCGAGCGACAGT-1_4_1"
"43","AATAGAGGTTAGAGAT-1_4_1"
"44","AATAGAGGTTTAGAGA-1_4_1"
"45","AATCACGCACACTTAG-1_4_1"
"46","AATCACGCACGGGCTT-1_4_1"
"47","AATCGACCACTTTAGG-1_4_1"
"48","AATCGTGCACGATTCA-1_4_1"
"49","AATGACCGTGACTGTT-1_4_1"
"50","AATGACCTCTTCGTGC-1_4_1"
"51","AATGCCACACGACGAA-1_4_1"
"52","AATGCCAGTTAGAAAC-1_4_1"
"53","AATGGCTCAAACTCGT-1_4_1"
"54","AATGGCTCATGCCATA-1_4_1"
"55","AATGGCTCATGGAATA-1_4_1"
"56","AATGGCTGTATAGGGC-1_4_1"
"57","AATTCCTAGGTCGTCC-1_4_1"
"58","ACAAAGAAGCACTTTG-1_4_1"
"59","ACAAAGAGTTTACGTG-1_4_1"
"60","ACAACCAAGTCACGCC-1_4_1"
"61","ACACAGTGTAACGTTC-1_4_1"
"62","ACACCAACACAGAGCA-1_4_1"
"63","ACACCAACAGCACCCA-1_4_1"
"64","ACACCAAGTACTGCGC-1_4_1"
"65","ACACGCGCATCCAACA-1_4_1"
"66","ACACGCGGTGGCTGAA-1_4_1"
"67","ACACTGACAACTCCCT-1_4_1"
"68","ACAGGGAGTCCCGTGA-1_4_1"
"69","ACATCGACATTGAGGG-1_4_1"
"70","ACATTTCGTACCCAGC-1_4_1"
"71","ACATTTCTCCCTGGTT-1_4_1"
"72","ACCAAACCACGCGCAT-1_4_1"
"73","ACCAACAGTAACAAGT-1_4_1"
"74","ACCACAAGTAGACGGT-1_4_1"
"75","ACCACAATCGCCGATG-1_4_1"
"76","ACCCAAATCGTAGCCG-1_4_1"
"77","ACCCTCATCATGACAC-1_4_1"
"78","ACCCTCATCGCACTCT-1_4_1"
"79","ACCGTTCCAGTCCCGA-1_4_1"
"80","ACCGTTCGTGGATGAC-1_4_1"
"81","ACCTACCAGCGGTAAC-1_4_1"
"82","ACCTACCAGTGATGGC-1_4_1"
"83","ACCTACCCATACAGGG-1_4_1"
"84","ACCTGAACACGCGTCA-1_4_1"
"85","ACCTGAACATACCGTA-1_4_1"
"86","ACCTGAAGTTGCACGC-1_4_1"
"87","ACCTGTCAGTGTAGTA-1_4_1"
"88","ACCTGTCCAGCATACT-1_4_1"
"89","ACCTGTCGTAGATCGG-1_4_1"
"90","ACCTGTCTCGGAAGGT-1_4_1"
"91","ACGATGTAGATGCTGG-1_4_1"
"92","ACGATGTTCACTGTCC-1_4_1"
"93","ACGCACGTCAAAGCCT-1_4_1"
"94","ACGCACGTCCATTCAT-1_4_1"
"95","ACGCACGTCGAGCACC-1_4_1"
"96","ACGGGTCCACCGGCTA-1_4_1"
"97","ACGGGTCTCTCTATGT-1_4_1"
"98","ACGGTCGCACCATATG-1_4_1"
"99","ACGGTCGTCTAGGAAA-1_4_1"
"100","ACGTACAGTGACTAAA-1_4_1"
"101","ACGTAGTTCGAACCTA-1_4_1"
"102","ACGTCCTCACATCCCT-1_4_1"
"103","ACGTCCTCATCCTATT-1_4_1"
"104","ACGTCCTTCTCCCAAC-1_4_1"
"105","ACGTTCCTCTCTGAGA-1_4_1"
"106","ACTACGAGTATCGAAA-1_4_1"
"107","ACTATCTGTGCCTTTC-1_4_1"
"108","ACTATGGCAGCTATAC-1_4_1"
"109","ACTATTCTCGTGGCGT-1_4_1"
"110","ACTCCCAAGTCTCGTA-1_4_1"
"111","ACTGATGCACATGAAA-1_4_1"
"112","ACTGATGCACATTCTT-1_4_1"
"113","ACTGATGGTACCTATG-1_4_1"
"114","ACTGATGGTTCAATCG-1_4_1"
"115","ACTGCAAAGCGCGTTC-1_4_1"
"116","ACTGTCCAGGTAAGGA-1_4_1"
"117","ACTGTCCAGTAGCTCT-1_4_1"
"118","ACTGTCCGTAGAGACC-1_4_1"
"119","ACTGTCCGTGACACGA-1_4_1"
"120","ACTGTGACAGCTCGGT-1_4_1"
"121","ACTGTGATCCCGAGAC-1_4_1"
"122","ACTTATCGTACTGGGA-1_4_1"
"123","ACTTATCTCGGTCAGC-1_4_1"
"124","ACTTCCGAGCGCCATC-1_4_1"
"125","ACTTCCGTCCTACGGG-1_4_1"
"126","ACTTTCACACTCCGAG-1_4_1"
"127","ACTTTGTCATCGGAAG-1_4_1"
"128","ACTTTGTGTGTTTGCA-1_4_1"
"129","ACTTTGTGTTTGTGGT-1_4_1"
"130","AGAACAAAGGGCTAAC-1_4_1"
"131","AGAACCTCAGCACAGA-1_4_1"
"132","AGAACCTTCGAGTCTA-1_4_1"
"133","AGAAGCGAGATGAATC-1_4_1"
"134","AGAAGCGTCCCAGCGA-1_4_1"
"135","AGAAGTAAGGTTACCT-1_4_1"
"136","AGAAGTAGTGAGGATC-1_4_1"
"137","AGACAAATCCTTATGT-1_4_1"
"138","AGACAAATCTACTATC-1_4_1"
"139","AGACACTTCGGCTGTG-1_4_1"
"140","AGACAGGGTCACCGCA-1_4_1"
"141","AGACTCACACCGCTAG-1_4_1"
"142","AGACTCAGTTGCGGAA-1_4_1"
"143","AGAGAATAGATAGCAT-1_4_1"
"144","AGAGAATGTCCAAAGG-1_4_1"
"145","AGAGAGCAGGCAGGGA-1_4_1"
"146","AGAGAGCTCTGGACTA-1_4_1"
"147","AGAGCAGGTATCATGC-1_4_1"
"148","AGAGCCCCACCGCTGA-1_4_1"
"149","AGAGCCCGTGGACCAA-1_4_1"
"150","AGATAGAAGAACTTCC-1_4_1"
"151","AGATAGACAACGGCCT-1_4_1"
"152","AGATAGACAATAACGA-1_4_1"
"153","AGATAGATCGAACTCA-1_4_1"
"154","AGATCCATCATCACAG-1_4_1"
"155","AGATCCATCCGAGAAG-1_4_1"
"156","AGATCCATCTTGGTGA-1_4_1"
"157","AGATCGTGTATCAGCT-1_4_1"
"158","AGATGCTTCCGCATAA-1_4_1"
"159","AGCATCAAGACTCCGC-1_4_1"
"160","AGCATCAAGAGATGCC-1_4_1"
"161","AGCCAATTCGGAGTAG-1_4_1"
"162","AGCCACGCACATACGT-1_4_1"
"163","AGCCAGCGTCTTCCGT-1_4_1"
"164","AGCCAGCTCCGCTTAC-1_4_1"
"165","AGCGCCAGTGGTGATG-1_4_1"
"166","AGCGCTGAGTTGTACC-1_4_1"
"167","AGCGCTGCATCGATAC-1_4_1"
"168","AGCGTATCAGGACTAG-1_4_1"
"169","AGCGTATCATCTCCCA-1_4_1"
"170","AGCGTCGAGCCATGCC-1_4_1"
"171","AGCTACACATGAGATA-1_4_1"
"172","AGCTCAATCTCAGTCC-1_4_1"
"173","AGGAAATAGCACTCAT-1_4_1"
"174","AGGAAATAGGTATTGA-1_4_1"
"175","AGGAAATAGTGAACAT-1_4_1"
"176","AGGAATAAGTCAACAA-1_4_1"
"177","AGGAATAAGTTCGGTT-1_4_1"
"178","AGGACGAAGCTAATCC-1_4_1"
"179","AGGACTTGTTGATGTC-1_4_1"
"180","AGGACTTTCTACCCAC-1_4_1"
"181","AGGAGGTAGAGAGAAC-1_4_1"
"182","AGGAGGTCACAGTCAT-1_4_1"
"183","AGGAGGTCATGGGATG-1_4_1"
"184","AGGAGGTTCTCGTGGG-1_4_1"
"185","AGGATAACACAACATC-1_4_1"
"186","AGGATCTGTACCGGCT-1_4_1"
"187","AGGCCACAGATCCTAC-1_4_1"
"188","AGGCCACCAGTCCGTG-1_4_1"
"189","AGGCCACGTGTTACAC-1_4_1"
"190","AGGCTGCGTACCTAGT-1_4_1"
"191","AGGGAGTCATGAATAG-1_4_1"
"192","AGGGCTCTCCGCATAA-1_4_1"
"193","AGGGTGAGTCTTCCGT-1_4_1"
"194","AGGGTTTGTCTAGGCC-1_4_1"
"195","AGGGTTTTCACTGAAC-1_4_1"
"196","AGGTAGGAGCGTATAA-1_4_1"
"197","AGGTAGGGTGCCAAGA-1_4_1"
"198","AGGTAGGTCCTCAGGG-1_4_1"
"199","AGGTCATAGGAGGCAG-1_4_1"
"200","AGGTCATGTGCGTGCT-1_4_1"
"201","AGGTCATTCTAGTCAG-1_4_1"
"202","AGGTTACAGGTAGACC-1_4_1"
"203","AGGTTACCAGACATCT-1_4_1"
"204","AGGTTACTCCGAGGCT-1_4_1"
"205","AGGTTGTAGACTTCGT-1_4_1"
"206","AGGTTGTCAATTCGTG-1_4_1"
"207","AGGTTGTCACCCAAGC-1_4_1"
"208","AGTACCACACCCAACG-1_4_1"
"209","AGTACTGCATATGCGT-1_4_1"
"210","AGTACTGGTGGCCCAT-1_4_1"
"211","AGTAGCTGTCTTGGTA-1_4_1"
"212","AGTAGTCAGTTGCATC-1_4_1"
"213","AGTCAACGTGAGTCAG-1_4_1"
"214","AGTCAACGTGGACAGT-1_4_1"
"215","AGTCAACGTGGTCCCA-1_4_1"
"216","AGTCACACAGCAGATG-1_4_1"
"217","AGTCATGTCAGCTTCC-1_4_1"
"218","AGTCATGTCGTCTCAC-1_4_1"
"219","AGTGACTTCAAGCTTG-1_4_1"
"220","AGTGATCCAGAAGCGT-1_4_1"
"221","AGTGCCGAGTATTCCG-1_4_1"
"222","AGTTAGCAGTGATAAC-1_4_1"
"223","AGTTCCCAGAAGCGCT-1_4_1"
"224","AGTTCCCAGCCATATC-1_4_1"
"225","AGTTCCCAGGTTGACG-1_4_1"
"226","AGTTCCCTCTGGGCCA-1_4_1"
"227","AGTTCGAGTATCAGCT-1_4_1"
"228","AGTTCGAGTGCATGTT-1_4_1"
"229","AGTTCGATCGTCCTTG-1_4_1"
"230","ATACCTTGTTCCGTTC-1_4_1"
"231","ATAGACCCAAATGGAT-1_4_1"
"232","ATAGACCCACGACAAG-1_4_1"
"233","ATATCCTAGGGACCAT-1_4_1"
"234","ATATCCTAGTGGATTA-1_4_1"
"235","ATATCCTCATAAGCAA-1_4_1"
"236","ATCACAGGTTATAGAG-1_4_1"
"237","ATCACGACACGCTATA-1_4_1"
"238","ATCACGAGTTAACAGA-1_4_1"
"239","ATCACGATCCACGTAA-1_4_1"
"240","ATCACTTAGTTGAAGT-1_4_1"
"241","ATCAGGTCAACAGTGG-1_4_1"
"242","ATCAGGTGTACCTTCC-1_4_1"
"243","ATCAGGTGTGGAACAC-1_4_1"
"244","ATCAGGTTCGTGCATA-1_4_1"
"245","ATCAGGTTCTCACGAA-1_4_1"
"246","ATCATTCAGCTACGTT-1_4_1"
"247","ATCCACCCAGGTGGAT-1_4_1"
"248","ATCCATTAGACCACGA-1_4_1"
"249","ATCCCTGGTACCCACG-1_4_1"
"250","ATCCCTGTCGAGGCAA-1_4_1"
"251","ATCCCTGTCTTTCCAA-1_4_1"
"252","ATCCGTCGTCTGATCA-1_4_1"
"253","ATCCTATGTCGAACGA-1_4_1"
"254","ATCCTATGTCTGTCAA-1_4_1"
"255","ATCCTATGTGCCAAGA-1_4_1"
"256","ATCGATGGTATCCCTC-1_4_1"
"257","ATCGCCTTCGCTAAAC-1_4_1"
"258","ATCGGATAGAGGCGGA-1_4_1"
"259","ATCGGATGTAGTCGTT-1_4_1"
"260","ATCGGATTCCATCTGC-1_4_1"
"261","ATCGGCGGTGTTTACG-1_4_1"
"262","ATCGTCCGTTCTTGTT-1_4_1"
"263","ATCGTGACAATGCAGG-1_4_1"
"264","ATCGTGAGTTACACAC-1_4_1"
"265","ATCGTGATCCGTACGG-1_4_1"
"266","ATCGTGATCGTGTGAT-1_4_1"
"267","ATGAAAGAGTATGATG-1_4_1"
"268","ATGAAAGTCGACGATT-1_4_1"
"269","ATGACCATCCAACCGG-1_4_1"
"270","ATGACCATCTGATTCT-1_4_1"
"271","ATGAGGGTCGCGCCAA-1_4_1"
"272","ATGAGTCGTATGCGGA-1_4_1"
"273","ATGATCGAGGGTTTCT-1_4_1"
"274","ATGATCGAGTAAGCAT-1_4_1"
"275","ATGATCGCAAGACTGG-1_4_1"
"276","ATGATCGCATTGTAGC-1_4_1"
"277","ATGATCGGTACAGTTC-1_4_1"
"278","ATGATCGGTGGACCAA-1_4_1"
"279","ATGCATGAGAGCTGAC-1_4_1"
"280","ATGCATGAGCATCAGG-1_4_1"
"281","ATGCATGAGCGCCTCA-1_4_1"
"282","ATGCATGTCTCCCTAG-1_4_1"
"283","ATGCCTCAGCGCTTCG-1_4_1"
"284","ATGCCTCAGTTCTACG-1_4_1"
"285","ATGCCTCTCAGTCAGT-1_4_1"
"286","ATGCGATGTGTCCAAT-1_4_1"
"287","ATGGAGGCAGTCAGAG-1_4_1"
"288","ATGGATCGTCACGTGC-1_4_1"
"289","ATGGATCGTGAGATTA-1_4_1"
"290","ATGGGTTCATATTCGG-1_4_1"
"291","ATGGGTTTCACGGGAA-1_4_1"
"292","ATGGTTGCACAGACGA-1_4_1"
"293","ATGGTTGCAGGAGGTT-1_4_1"
"294","ATGTCCCAGGATACCG-1_4_1"
"295","ATGTCCCTCCTCACTG-1_4_1"
"296","ATGTCTTCAGCGTGAA-1_4_1"
"297","ATTACCTAGAGTTGTA-1_4_1"
"298","ATTACCTAGTTGCTCA-1_4_1"
"299","ATTACCTGTTACCGTA-1_4_1"
"300","ATTACTCGTAACTAAG-1_4_1"
"301","ATTATCCAGCTTCATG-1_4_1"
"302","ATTATCCCAAGTGCTT-1_4_1"
"303","ATTCACTCAAGACGGT-1_4_1"
"304","ATTCACTCAGACACAG-1_4_1"
"305","ATTCAGGAGCAACCAG-1_4_1"
"306","ATTCAGGAGGATATAC-1_4_1"
"307","ATTCAGGGTCTCAAGT-1_4_1"
"308","ATTCCCGAGCCTCGTG-1_4_1"
"309","ATTCCCGGTTCCGTTC-1_4_1"
"310","ATTCGTTAGCTAGAAT-1_4_1"
"311","ATTCGTTCATGGGAAC-1_4_1"
"312","ATTCTACAGTTAGTAG-1_4_1"
"313","ATTCTACGTTTCCAAG-1_4_1"
"314","ATTCTACTCCAGCAAT-1_4_1"
"315","ATTCTTGTCGTAACCA-1_4_1"
"316","ATTGGGTCATTCTCCG-1_4_1"
"317","ATTTACCTCTCATTAC-1_4_1"
"318","ATTTCACAGGTTTACC-1_4_1"
"319","ATTTCTGGTCGTGATT-1_4_1"
"320","CAAAGAACAGGCACTC-1_4_1"
"321","CAAAGAACAGGTCCCA-1_4_1"
"322","CAAAGAACATAAGCAA-1_4_1"
"323","CAACAGTGTACGATCT-1_4_1"
"324","CAAGACTGTGGCCCAT-1_4_1"
"325","CAAGAGGCACGGGCTT-1_4_1"
"326","CAAGAGGTCACGGAGA-1_4_1"
"327","CAAGAGGTCTCGGTCT-1_4_1"
"328","CAAGCTATCGGTCTGG-1_4_1"
"329","CAAGCTATCTCCGCAT-1_4_1"
"330","CAATACGGTATCGTAC-1_4_1"
"331","CAATACGTCGGCTTCT-1_4_1"
"332","CAATACGTCGTTTACT-1_4_1"
"333","CAATCGATCCTGCCAT-1_4_1"
"334","CAATGACAGCGTTAGG-1_4_1"
"335","CAATGACAGGGTGAGG-1_4_1"
"336","CACAACATCCGACATA-1_4_1"
"337","CACACAACAAAGCTCT-1_4_1"
"338","CACACAAGTTGGTAGG-1_4_1"
"339","CACAGATGTAGCTTAC-1_4_1"
"340","CACATGAAGTGTTGAA-1_4_1"
"341","CACATGAGTGGACTGA-1_4_1"
"342","CACCAAAAGCAGCCTC-1_4_1"
"343","CACCGTTGTGGGCTTC-1_4_1"
"344","CACCGTTTCGCTTACC-1_4_1"
"345","CACGAATCAAGCTACT-1_4_1"
"346","CACGAATGTGGCCCAT-1_4_1"
"347","CACGAATTCGAACTCA-1_4_1"
"348","CACGTGGGTGTGATGG-1_4_1"
"349","CACTAAGGTATTGAGA-1_4_1"
"350","CACTAAGGTCTTCAAG-1_4_1"
"351","CACTAAGGTTCAGTAC-1_4_1"
"352","CACTGAAGTAACACGG-1_4_1"
"353","CACTGGGAGCCATATC-1_4_1"
"354","CAGAGCCCACCTGTCT-1_4_1"
"355","CAGATACAGTAAACTG-1_4_1"
"356","CAGATACGTACTCGCG-1_4_1"
"357","CAGATACTCGTGTTCC-1_4_1"
"358","CAGATTGGTTTAGTCG-1_4_1"
"359","CAGCAATGTACTGTTG-1_4_1"
"360","CAGCACGGTAGACTGG-1_4_1"
"361","CAGCAGCCAGTGTGCC-1_4_1"
"362","CAGCCAGAGCACTAAA-1_4_1"
"363","CAGCGTGGTTGGGACA-1_4_1"
"364","CAGGCCAAGACGCCCT-1_4_1"
"365","CAGGGCTAGGAGTATT-1_4_1"
"366","CAGGTATTCCGATAGT-1_4_1"
"367","CAGTGCGCAACGTTAC-1_4_1"
"368","CAGTGCGTCACGGTCG-1_4_1"
"369","CAGTTAGCAACTCCAA-1_4_1"
"370","CAGTTAGTCTACCTTA-1_4_1"
"371","CAGTTCCCAAGTGCTT-1_4_1"
"372","CATAAGCCAAGTTTGC-1_4_1"
"373","CATACAGCAAACCACT-1_4_1"
"374","CATACAGCAGACGCTC-1_4_1"
"375","CATACCCCAAGATTGA-1_4_1"
"376","CATACCCTCTTCGTGC-1_4_1"
"377","CATACTTCAGGTCTCG-1_4_1"
"378","CATCAAGAGCGTTCAT-1_4_1"
"379","CATCAAGGTCCGGATC-1_4_1"
"380","CATCAAGGTTTACGTG-1_4_1"
"381","CATCAAGTCCCTTGTG-1_4_1"
"382","CATCCACGTGATAGAT-1_4_1"
"383","CATCCCAGTCTGTAGT-1_4_1"
"384","CATCCCAGTGGACCAA-1_4_1"
"385","CATCCGTGTCTAGTGT-1_4_1"
"386","CATCGCTAGTGACACG-1_4_1"
"387","CATCGCTAGTTGCCCG-1_4_1"
"388","CATCGCTCAAGGTACG-1_4_1"
"389","CATCGGGAGTATCTGC-1_4_1"
"390","CATCGTCCAGTAGAGC-1_4_1"
"391","CATCGTCCATACTTTC-1_4_1"
"392","CATCGTCGTCGCATCG-1_4_1"
"393","CATGAGTGTTCTCAGA-1_4_1"
"394","CATGCCTGTCCCGTGA-1_4_1"
"395","CATGCTCGTACAGTCT-1_4_1"
"396","CATTCCGAGAGTCCGA-1_4_1"
"397","CATTCTATCCGTTGGG-1_4_1"
"398","CATTCTATCTAATTCC-1_4_1"
"399","CATTGAGAGAAACACT-1_4_1"
"400","CATTGAGCAAGTTTGC-1_4_1"
"401","CATTGAGCAGTTGTCA-1_4_1"
"402","CATTGCCAGCACTCTA-1_4_1"
"403","CATTGCCGTGCGCTCA-1_4_1"
"404","CATTGCCTCGAGCCTG-1_4_1"
"405","CATTGTTAGTTGCGAG-1_4_1"
"406","CATTGTTGTAAGGCCA-1_4_1"
"407","CATTGTTGTCATCCCT-1_4_1"
"408","CATTTCAGTCCCAAAT-1_4_1"
"409","CCAAGCGAGAAACTAC-1_4_1"
"410","CCAAGCGGTGGAATGC-1_4_1"
"411","CCAATTTCACGGCACT-1_4_1"
"412","CCAATTTGTAGGAAAG-1_4_1"
"413","CCAATTTTCTCATTGT-1_4_1"
"414","CCACAAACAAGTACCT-1_4_1"
"415","CCACAAAGTTCACGAT-1_4_1"
"416","CCACAAATCAACGCTA-1_4_1"
"417","CCACACTTCTATTGTC-1_4_1"
"418","CCACGAGAGTTCAACC-1_4_1"
"419","CCACGAGGTACTTGTG-1_4_1"
"420","CCACGAGGTCTCGGGT-1_4_1"
"421","CCACGAGTCCGCGAGT-1_4_1"
"422","CCACTTGAGAGGCGTT-1_4_1"
"423","CCACTTGCACAATGAA-1_4_1"
"424","CCATAAGCACAGCATT-1_4_1"
"425","CCATCACGTGGGTCAA-1_4_1"
"426","CCATCACTCTGTACAG-1_4_1"
"427","CCCAACTGTCGTCAGC-1_4_1"
"428","CCCATTGCAGAGGCAT-1_4_1"
"429","CCCGAAGCAGGTCTCG-1_4_1"
"430","CCCGGAACACTGCTTC-1_4_1"
"431","CCCGGAACAGAGGGTT-1_4_1"
"432","CCCGGAATCATTCGTT-1_4_1"
"433","CCCTAACCATCTCGTC-1_4_1"
"434","CCCTCTCCACTCATAG-1_4_1"
"435","CCCTCTCCAGGACTAG-1_4_1"
"436","CCCTGATAGGTGCTAG-1_4_1"
"437","CCGAACGGTCGACTGC-1_4_1"
"438","CCGCAAGTCAAGATAG-1_4_1"
"439","CCGGGTAGTAGTCTTG-1_4_1"
"440","CCGGTAGCACGGCCAT-1_4_1"
"441","CCGGTAGGTAACGGTG-1_4_1"
"442","CCGGTAGTCTCGACGG-1_4_1"
"443","CCGGTAGTCTGGGTCG-1_4_1"
"444","CCGTAGGCACTGTGAT-1_4_1"
"445","CCGTAGGTCTTACTGT-1_4_1"
"446","CCGTGAGAGACTAAGT-1_4_1"
"447","CCGTGAGAGTTGCCCG-1_4_1"
"448","CCGTGAGGTTCCCACT-1_4_1"
"449","CCTAACCGTAGGCAGT-1_4_1"
"450","CCTAAGAGTTATGACC-1_4_1"
"451","CCTAAGATCCATACAG-1_4_1"
"452","CCTACGTGTCATTGCA-1_4_1"
"453","CCTATCGCAACGACTT-1_4_1"
"454","CCTATCGCATATAGCC-1_4_1"
"455","CCTATCGTCTCGTGAA-1_4_1"
"456","CCTCAACCAGATGCGA-1_4_1"
"457","CCTCACAAGTGGTTGG-1_4_1"
"458","CCTCACACATAGTCAC-1_4_1"
"459","CCTCACAGTCCCTGTT-1_4_1"
"460","CCTCAGTAGAGCTTTC-1_4_1"
"461","CCTCAGTGTACAGTAA-1_4_1"
"462","CCTCCTCCATCGCTCT-1_4_1"
"463","CCTCCTCGTTGGGTTT-1_4_1"
"464","CCTCCTCTCTTACACT-1_4_1"
"465","CCTCTAGAGCACCGTC-1_4_1"
"466","CCTGCATAGTTGTCGT-1_4_1"
"467","CCTGTTGTCATGTCTT-1_4_1"
"468","CCTTCAGAGGATGGCT-1_4_1"
"469","CCTTCAGGTACCGGCT-1_4_1"
"470","CCTTCAGTCATGCCCT-1_4_1"
"471","CCTTTGGCAGAGTTCT-1_4_1"
"472","CGAAGGAGTGGCGTAA-1_4_1"
"473","CGAAGGATCTTGAACG-1_4_1"
"474","CGAAGTTAGGGTCACA-1_4_1"
"475","CGACAGCGTAGGCTGA-1_4_1"
"476","CGACAGCGTCTACATG-1_4_1"
"477","CGAGGAAAGCAGCCCT-1_4_1"
"478","CGAGGAAGTCGATTTG-1_4_1"
"479","CGAGGCTAGGTATTGA-1_4_1"
"480","CGAGTGCAGGGTAATT-1_4_1"
"481","CGAGTGCCACAGGATG-1_4_1"
"482","CGAGTTAAGACCAGAC-1_4_1"
"483","CGAGTTAAGGCGCTTC-1_4_1"
"484","CGAGTTATCCTCATAT-1_4_1"
"485","CGAGTTATCGGACAAG-1_4_1"
"486","CGATCGGAGGTTTACC-1_4_1"
"487","CGATCGGGTAAGGCCA-1_4_1"
"488","CGATGGCTCCTCAGAA-1_4_1"
"489","CGCAGGTAGTATGAAC-1_4_1"
"490","CGCAGGTCAGAATTCC-1_4_1"
"491","CGCAGGTGTCTTTATC-1_4_1"
"492","CGCATAACAATGCTCA-1_4_1"
"493","CGCATGGCAACCTAAC-1_4_1"
"494","CGCATGGGTCAAGCGA-1_4_1"
"495","CGCATGGGTTGCATCA-1_4_1"
"496","CGCATGGTCCGTATGA-1_4_1"
"497","CGCCAGACAATCAAGA-1_4_1"
"498","CGCCATTAGAAACTAC-1_4_1"
"499","CGCCATTCAAATAAGC-1_4_1"
"500","CGCCATTTCTGAATCG-1_4_1"
"501","CGCGTGACATCTTAGG-1_4_1"
"502","CGGAACCCAATGCAAA-1_4_1"
"503","CGGAACCCAGCTGTTA-1_4_1"
"504","CGGAACCTCGTAGTCA-1_4_1"
"505","CGGAATTAGGCTATCT-1_4_1"
"506","CGGAATTTCGAAGAAT-1_4_1"
"507","CGGCAGTGTGTGAATA-1_4_1"
"508","CGGCAGTTCGGTGAAG-1_4_1"
"509","CGGGCATAGGAGAATG-1_4_1"
"510","CGGGCATGTACAATAG-1_4_1"
"511","CGGGTCATCGCCGATG-1_4_1"
"512","CGGGTGTAGAATTGCA-1_4_1"
"513","CGGGTGTTCAAGCGTT-1_4_1"
"514","CGGTCAGAGCATGATA-1_4_1"
"515","CGGTCAGAGCCTGTCG-1_4_1"
"516","CGTAAGTCAAGCGATG-1_4_1"
"517","CGTCAAAGTCATAACC-1_4_1"
"518","CGTCAAAGTCGGAACA-1_4_1"
"519","CGTCAAATCGAATGCT-1_4_1"
"520","CGTCCATGTGTCATGT-1_4_1"
"521","CGTCCATTCTGCGGCA-1_4_1"
"522","CGTGAATGTCGTAATC-1_4_1"
"523","CGTGATAAGTACGTCT-1_4_1"
"524","CGTGATAGTCGCCTAG-1_4_1"
"525","CGTGATATCTGAGCAT-1_4_1"
"526","CGTGTCTCACTCTGCT-1_4_1"
"527","CGTGTCTCATCGTTCC-1_4_1"
"528","CGTTAGAAGCCTCTGG-1_4_1"
"529","CGTTAGACAGATCCAT-1_4_1"
"530","CGTTCTGTCATCTACT-1_4_1"
"531","CTAACCCTCCCATACC-1_4_1"
"532","CTAACTTCACATGTTG-1_4_1"
"533","CTAACTTTCCATTCGC-1_4_1"
"534","CTAAGTGCAAGACTGG-1_4_1"
"535","CTACCCATCTCGTGGG-1_4_1"
"536","CTACCTGAGGAAAGTG-1_4_1"
"537","CTACCTGAGGTCACCC-1_4_1"
"538","CTACCTGTCCGTAGGC-1_4_1"
"539","CTACCTGTCTCTGCCA-1_4_1"
"540","CTACGGGAGCCTCACG-1_4_1"
"541","CTACTATCATTAGGCT-1_4_1"
"542","CTACTATGTCCAGAAG-1_4_1"
"543","CTACTATGTGCTTATG-1_4_1"
"544","CTAGACACAAGATCCT-1_4_1"
"545","CTAGGTAAGATTAGCA-1_4_1"
"546","CTAGGTAGTTAGGAGC-1_4_1"
"547","CTATCTAGTCCCGCAA-1_4_1"
"548","CTCAACCCAGTAGGAC-1_4_1"
"549","CTCAACCCATAGTCAC-1_4_1"
"550","CTCAACCCATTCTCTA-1_4_1"
"551","CTCAATTTCTCTAAGG-1_4_1"
"552","CTCACTGCAGCTCGGT-1_4_1"
"553","CTCACTGTCGAGCACC-1_4_1"
"554","CTCAGTCAGCGCCTTG-1_4_1"
"555","CTCATCGGTTATTCTC-1_4_1"
"556","CTCATGCGTCCAAATC-1_4_1"
"557","CTCATGCTCTGAGTCA-1_4_1"
"558","CTCATTAAGCAATTAG-1_4_1"
"559","CTCATTAGTCATGACT-1_4_1"
"560","CTCATTATCAGCATTG-1_4_1"
"561","CTCCACATCTTTGCTA-1_4_1"
"562","CTCCCAAAGTAGGTTA-1_4_1"
"563","CTCCTCCAGAGATTCA-1_4_1"
"564","CTCCTCCAGTTCTACG-1_4_1"
"565","CTCCTCCGTATCGAAA-1_4_1"
"566","CTCGAGGTCGTAGCTA-1_4_1"
"567","CTCTGGTCAACTTGCA-1_4_1"
"568","CTCTGGTGTAGGTACG-1_4_1"
"569","CTCTGGTGTTGCCGAC-1_4_1"
"570","CTGAATGCACCTGCGA-1_4_1"
"571","CTGAATGTCTATTTCG-1_4_1"
"572","CTGATCCTCTGTGCAA-1_4_1"
"573","CTGCAGGCACTTGTGA-1_4_1"
"574","CTGCAGGTCGGCAGTC-1_4_1"
"575","CTGCCATCAGCTGAGA-1_4_1"
"576","CTGCCATTCTCATGGA-1_4_1"
"577","CTGCCTAGTTGTGCAT-1_4_1"
"578","CTGCGAGAGCCGCACT-1_4_1"
"579","CTGCGAGCACCCAATA-1_4_1"
"580","CTGGCAGCAGCTAACT-1_4_1"
"581","CTGGCAGGTCGCTCGA-1_4_1"
"582","CTGGTCTGTTTAAGGA-1_4_1"
"583","CTGTATTGTTGTGCCG-1_4_1"
"584","CTGTGAAAGACCAAGC-1_4_1"
"585","CTTCAATCACCAGCGT-1_4_1"
"586","CTTCCGAAGGCCATAG-1_4_1"
"587","CTTCCGATCGCGCCAA-1_4_1"
"588","CTTCCTTAGCTGGTGA-1_4_1"
"589","CTTCCTTTCTTAATCC-1_4_1"
"590","CTTCGGTCAGAATTCC-1_4_1"
"591","CTTCTCTAGCTGCCTG-1_4_1"
"592","CTTCTCTCAGGGAATC-1_4_1"
"593","CTTCTCTCAGTCTCTC-1_4_1"
"594","CTTGAGAAGACTACGG-1_4_1"
"595","CTTGAGATCGCGCTGA-1_4_1"
"596","CTTGATTCAAGGCCTC-1_4_1"
"597","CTTGATTGTGGCTACC-1_4_1"
"598","CTTTCAATCTGCATAG-1_4_1"
"599","CTTTCGGCAAATGAGT-1_4_1"
"600","CTTTCGGTCGGTTGTA-1_4_1"
"601","GAAACCTTCAAGAAAC-1_4_1"
"602","GAACACTAGTATGGCG-1_4_1"
"603","GAACACTTCGCTACGG-1_4_1"
"604","GAACGTTCACGACAAG-1_4_1"
"605","GAACTGTGTATAGCTC-1_4_1"
"606","GAACTGTGTCGTAATC-1_4_1"
"607","GAAGCCCAGCCATATC-1_4_1"
"608","GAAGCCCCAATACAGA-1_4_1"
"609","GAAGCCCGTTGCCTAA-1_4_1"
"610","GAAGCCCTCCCGAGGT-1_4_1"
"611","GAAGCGATCTGCCTCA-1_4_1"
"612","GAAGGACCAGGTTCCG-1_4_1"
"613","GAAGGACCATGTTACG-1_4_1"
"614","GAAGGGTAGACAACAT-1_4_1"
"615","GAAGGGTTCAGTGATC-1_4_1"
"616","GAAGGGTTCGCGTAGC-1_4_1"
"617","GAAGTAAAGATACATG-1_4_1"
"618","GAAGTAACAACTACGT-1_4_1"
"619","GAATAGACAGGACTTT-1_4_1"
"620","GAATCACCAACGATCT-1_4_1"
"621","GAATCGTAGCCTCTGG-1_4_1"
"622","GACATCAAGCGTATAA-1_4_1"
"623","GACATCATCTTCGTAT-1_4_1"
"624","GACCAATAGCTACTGT-1_4_1"
"625","GACCAATCAGACACAG-1_4_1"
"626","GACCAATTCCTAGAGT-1_4_1"
"627","GACCCAGAGCAATTCC-1_4_1"
"628","GACCCTTGTACGTTCA-1_4_1"
"629","GACCCTTGTGGTCTAT-1_4_1"
"630","GACCGTGTCGGTATGT-1_4_1"
"631","GACCTTCGTGGACTGA-1_4_1"
"632","GACGCTGTCATTTGGG-1_4_1"
"633","GACGTTATCTGTCCGT-1_4_1"
"634","GACTCAAAGCGAGTCA-1_4_1"
"635","GACTCTCAGTGCCCGT-1_4_1"
"636","GACTCTCGTGGGCTCT-1_4_1"
"637","GACTCTCGTGGGTATG-1_4_1"
"638","GACTGATCAGGCCCTA-1_4_1"
"639","GACTTCCGTCAGGTAG-1_4_1"
"640","GACTTCCTCTAGGAAA-1_4_1"
"641","GAGAAATCAAACTGCT-1_4_1"
"642","GAGACTTCAGCCGGTT-1_4_1"
"643","GAGACTTTCTCGGCTT-1_4_1"
"644","GAGAGGTCAAGAGGTC-1_4_1"
"645","GAGAGGTCACTCGATA-1_4_1"
"646","GAGAGGTGTACCGGCT-1_4_1"
"647","GAGATGGCAAAGGCGT-1_4_1"
"648","GAGATGGCAATAGGGC-1_4_1"
"649","GAGCCTGAGTAGCAAT-1_4_1"
"650","GAGCCTGCACACCTTC-1_4_1"
"651","GAGCCTGGTCATGACT-1_4_1"
"652","GAGCCTGTCTGACAGT-1_4_1"
"653","GAGCTGCCAGAAGTGC-1_4_1"
"654","GAGCTGCCATGATAGA-1_4_1"
"655","GAGCTGCGTACCAGAG-1_4_1"
"656","GAGGCAAAGACGGTTG-1_4_1"
"657","GAGGCAATCTACGGTA-1_4_1"
"658","GAGGCCTAGTCTGCAT-1_4_1"
"659","GAGGCCTGTCTTACTT-1_4_1"
"660","GAGGCCTTCACTACGA-1_4_1"
"661","GAGTCATCACGGTGCT-1_4_1"
"662","GAGTCTAAGACTGTTC-1_4_1"
"663","GAGTCTAAGTTGTACC-1_4_1"
"664","GAGTCTATCCACGGAC-1_4_1"
"665","GAGTCTATCGTAATGC-1_4_1"
"666","GAGTGAGAGTGATGGC-1_4_1"
"667","GAGTGAGCACGAGAAC-1_4_1"
"668","GATAGCTCACAGTCAT-1_4_1"
"669","GATAGCTCACGATTCA-1_4_1"
"670","GATCACAGTTGTACGT-1_4_1"
"671","GATCAGTCAGCTACAT-1_4_1"
"672","GATCAGTTCCACGTAA-1_4_1"
"673","GATCGTATCAAGGCTT-1_4_1"
"674","GATGACTGTGGATCGA-1_4_1"
"675","GATGATCGTCTCGACG-1_4_1"
"676","GATTCTTAGATAGCAT-1_4_1"
"677","GATTGGTAGAGAGCCT-1_4_1"
"678","GATTGGTTCGCGCCAA-1_4_1"
"679","GATTTCTAGTAACCTC-1_4_1"
"680","GATTTCTCATAGATCC-1_4_1"
"681","GCAACATCATACCACA-1_4_1"
"682","GCAACCGCAGACCTGC-1_4_1"
"683","GCACATAGTTCTCGCT-1_4_1"
"684","GCACGGTAGTGCAACG-1_4_1"
"685","GCACGTGTCATGCCCT-1_4_1"
"686","GCACTAAGTTTAGAGA-1_4_1"
"687","GCAGCTGAGCGGGTTA-1_4_1"
"688","GCAGCTGCACTTGACA-1_4_1"
"689","GCAGCTGGTCAGACTT-1_4_1"
"690","GCAGGCTCATAGAATG-1_4_1"
"691","GCAGTTAGTATTTCGG-1_4_1"
"692","GCATCGGGTACGTGAG-1_4_1"
"693","GCATCGGTCAGTGTCA-1_4_1"
"694","GCATCGGTCATCGACA-1_4_1"
"695","GCATCGGTCATTACTC-1_4_1"
"696","GCATCTCCACGTCATA-1_4_1"
"697","GCATCTCCACTGTCCT-1_4_1"
"698","GCATCTCGTACGTGAG-1_4_1"
"699","GCATTAGCACTCGATA-1_4_1"
"700","GCATTAGCAGCATGCC-1_4_1"
"701","GCATTAGTCACGGAGA-1_4_1"
"702","GCCAACGCATTCTCTA-1_4_1"
"703","GCCAGCATCACAGTGT-1_4_1"
"704","GCCAGCATCGCTCTAC-1_4_1"
"705","GCCAGGTCACTAAACC-1_4_1"
"706","GCCAGGTCAGGTCTCG-1_4_1"
"707","GCCATGGGTGGGTATG-1_4_1"
"708","GCCATTCAGGTTCTTG-1_4_1"
"709","GCCCAGAGTCTTCATT-1_4_1"
"710","GCCCAGAGTGTGTACT-1_4_1"
"711","GCCCGAATCATCACTT-1_4_1"
"712","GCCGATGTCCTTGGAA-1_4_1"
"713","GCCTGTTCAAATCAAG-1_4_1"
"714","GCGAGAAAGGGACCAT-1_4_1"
"715","GCGATCGTCCTGTACC-1_4_1"
"716","GCGATCGTCGCGATCG-1_4_1"
"717","GCGGATCTCTAAACGC-1_4_1"
"718","GCGGATCTCTTACCAT-1_4_1"
"719","GCGTGCACAACAGTGG-1_4_1"
"720","GCGTGCACATATGCGT-1_4_1"
"721","GCGTGCAGTCGTAATC-1_4_1"
"722","GCGTTTCCAAGCGCAA-1_4_1"
"723","GCGTTTCGTGGACTAG-1_4_1"
"724","GCTACAACAAATGCTC-1_4_1"
"725","GCTACAACACTTCCTG-1_4_1"
"726","GCTACCTGTCGTGATT-1_4_1"
"727","GCTACCTGTCTTCAAG-1_4_1"
"728","GCTACCTGTGACCGTC-1_4_1"
"729","GCTACCTGTTGCTCGG-1_4_1"
"730","GCTACCTGTTTGTTCT-1_4_1"
"731","GCTGCAGAGAAGAGCA-1_4_1"
"732","GCTGCAGCAAGTCGTT-1_4_1"
"733","GCTGCAGGTCAAAGCG-1_4_1"
"734","GCTGGGTCATCGGATT-1_4_1"
"735","GCTTCACGTAGCGCTC-1_4_1"
"736","GCTTGGGGTGAGGCAT-1_4_1"
"737","GCTTGGGTCAGTGCGC-1_4_1"
"738","GCTTTCGAGGCATTTC-1_4_1"
"739","GCTTTCGCAACCAGAG-1_4_1"
"740","GGAACCCTCAGCCTCT-1_4_1"
"741","GGAACCCTCATTACTC-1_4_1"
"742","GGAAGTGAGCGAGTAC-1_4_1"
"743","GGAATCTAGGTTGGAC-1_4_1"
"744","GGAATCTTCCAGGACC-1_4_1"
"745","GGAATCTTCCGCACTT-1_4_1"
"746","GGACGTCAGGTTTGAA-1_4_1"
"747","GGAGAACCACCCAACG-1_4_1"
"748","GGAGAACCACCGTCTT-1_4_1"
"749","GGAGATGGTAGTTAGA-1_4_1"
"750","GGAGCAAAGAGTAACT-1_4_1"
"751","GGAGCAACAATGTGGG-1_4_1"
"752","GGAGGATGTCGCAGTC-1_4_1"
"753","GGAGGTACAGAGTAAT-1_4_1"
"754","GGATCTACATGGTGGA-1_4_1"
"755","GGATGTTCACTCCCTA-1_4_1"
"756","GGATGTTGTTGCATAC-1_4_1"
"757","GGCACGTCAATCGCCG-1_4_1"
"758","GGCAGTCGTAGTCTTG-1_4_1"
"759","GGCAGTCGTTTACACG-1_4_1"
"760","GGCGTCACATCTCATT-1_4_1"
"761","GGCGTCAGTACGACTT-1_4_1"
"762","GGCTGTGAGGATGCGT-1_4_1"
"763","GGCTGTGGTCATCAGT-1_4_1"
"764","GGGACCTAGCTTCATG-1_4_1"
"765","GGGACCTCATGCCGCA-1_4_1"
"766","GGGACTCTCGATGCTA-1_4_1"
"767","GGGAGATAGAGACAAG-1_4_1"
"768","GGGAGTAAGCCTGACC-1_4_1"
"769","GGGAGTAGTGGTACAG-1_4_1"
"770","GGGAGTATCAAGGCTT-1_4_1"
"771","GGGATGAAGACGGAAA-1_4_1"
"772","GGGATGACAGTTAGAA-1_4_1"
"773","GGGATGAGTAACAGTA-1_4_1"
"774","GGGATGAGTCCAAATC-1_4_1"
"775","GGGCCATAGGCTATCT-1_4_1"
"776","GGGCTACAGTTTCAGC-1_4_1"
"777","GGGCTCAGTCAGACGA-1_4_1"
"778","GGGTAGACATAGTCAC-1_4_1"
"779","GGGTAGACATGCCGGT-1_4_1"
"780","GGGTATTGTAGCTGCC-1_4_1"
"781","GGGTCACCAAGCGAAC-1_4_1"
"782","GGGTCACCACAAGTGG-1_4_1"
"783","GGGTCACTCTGGGATT-1_4_1"
"784","GGGTCTGAGACTCTTG-1_4_1"
"785","GGGTCTGAGCCGGAAT-1_4_1"
"786","GGGTGAAAGCAAATGT-1_4_1"
"787","GGGTGAACACCATTCC-1_4_1"
"788","GGGTGAAGTCGATTCA-1_4_1"
"789","GGGTGTCAGAGCAGCT-1_4_1"
"790","GGGTGTCTCCCTTCCC-1_4_1"
"791","GGGTTATTCGGCTGGT-1_4_1"
"792","GGGTTTAGTTGTTGAC-1_4_1"
"793","GGTAACTAGCGTATGG-1_4_1"
"794","GGTAACTCAGATTTCG-1_4_1"
"795","GGTAATCAGTCCCGGT-1_4_1"
"796","GGTAGAGAGCATTTGC-1_4_1"
"797","GGTAGAGTCCTGTTAT-1_4_1"
"798","GGTCACGAGAGATTCA-1_4_1"
"799","GGTGAAGCAGCTATAC-1_4_1"
"800","GGTGATTAGTCCTACA-1_4_1"
"801","GGTGATTTCATTGGTG-1_4_1"
"802","GGTGATTTCGGCTTCT-1_4_1"
"803","GGTGGCTTCGAATCCA-1_4_1"
"804","GGTTAACAGAGAGCAA-1_4_1"
"805","GGTTCTCAGCTAATGA-1_4_1"
"806","GGTTGTAGTCCAGCGT-1_4_1"
"807","GTAACCAAGTTACTCG-1_4_1"
"808","GTAATGCAGAGTCACG-1_4_1"
"809","GTAATGCTCAAGCCCG-1_4_1"
"810","GTACAACAGAGGATGA-1_4_1"
"811","GTACAACTCGGTCTGG-1_4_1"
"812","GTACAGTGTGTAGCAG-1_4_1"
"813","GTAGCTACATCTTCGC-1_4_1"
"814","GTAGGAGGTTGGCCTG-1_4_1"
"815","GTAGGTTAGCATCCTA-1_4_1"
"816","GTAGGTTCAGACCAGA-1_4_1"
"817","GTAGGTTGTAACATAG-1_4_1"
"818","GTAGGTTTCCTACCAC-1_4_1"
"819","GTAGTACAGGAGATAG-1_4_1"
"820","GTAGTACAGTAGACAT-1_4_1"
"821","GTAGTACCATTGGGAG-1_4_1"
"822","GTAGTACTCATCGCCT-1_4_1"
"823","GTATTGGAGCTAGAAT-1_4_1"
"824","GTATTGGCACTTCAAG-1_4_1"
"825","GTATTGGTCAAAGAAC-1_4_1"
"826","GTATTTCGTTAGGACG-1_4_1"
"827","GTCAAGTCAATTTCCT-1_4_1"
"828","GTCACGGAGCTAGCCC-1_4_1"
"829","GTCACGGAGTGCAACG-1_4_1"
"830","GTCACGGCAGCTATAC-1_4_1"
"831","GTCATCCAGCTGTCCG-1_4_1"
"832","GTCATCCTCACCTCTG-1_4_1"
"833","GTCATGATCCTGGGTG-1_4_1"
"834","GTCCACTGTATGTGTC-1_4_1"
"835","GTCCCATAGGATGTTA-1_4_1"
"836","GTCCTCACATTCAGCA-1_4_1"
"837","GTCGAATCATAGATGA-1_4_1"
"838","GTCGCGACATCATTTC-1_4_1"
"839","GTCGCGATCATGCCCT-1_4_1"
"840","GTCGTAAAGGTACCTT-1_4_1"
"841","GTCGTAAAGTTGCATC-1_4_1"
"842","GTCGTTCAGCACTGGA-1_4_1"
"843","GTCGTTCAGCGACTGA-1_4_1"
"844","GTCGTTCAGTACAGCG-1_4_1"
"845","GTCGTTCCAGGAGGTT-1_4_1"
"846","GTCGTTCTCTGGGAGA-1_4_1"
"847","GTCTACCAGCCTCTTC-1_4_1"
"848","GTCTACCCAGCGAGTA-1_4_1"
"849","GTCTAGAGTAGGCAGT-1_4_1"
"850","GTCTGTCCATGGCCCA-1_4_1"
"851","GTGACGCCAAAGTGTA-1_4_1"
"852","GTGACGCCAACGGTAG-1_4_1"
"853","GTGACGCGTGAACTAA-1_4_1"
"854","GTGAGCCTCTGGACTA-1_4_1"
"855","GTGAGGATCTCAGAAC-1_4_1"
"856","GTGAGTTCATGAGATA-1_4_1"
"857","GTGAGTTGTAACAGGC-1_4_1"
"858","GTGAGTTTCACTGTTT-1_4_1"
"859","GTGATGTCAGAAATCA-1_4_1"
"860","GTGATGTCAGGACTAG-1_4_1"
"861","GTGATGTTCCTTGAAG-1_4_1"
"862","GTGCACGAGAAAGCGA-1_4_1"
"863","GTGCGTGAGAGGGTAA-1_4_1"
"864","GTGCGTGGTCCGACGT-1_4_1"
"865","GTGGCGTTCTTACACT-1_4_1"
"866","GTGGTTAAGCTGGCTC-1_4_1"
"867","GTGGTTAGTCGTTTCC-1_4_1"
"868","GTGGTTATCGCCTCTA-1_4_1"
"869","GTGTAACAGCAGCGAT-1_4_1"
"870","GTGTCCTTCATGCGGC-1_4_1"
"871","GTGTGATCATGTTCGA-1_4_1"
"872","GTGTGATTCAGTCTTT-1_4_1"
"873","GTGTGGCAGCCTGACC-1_4_1"
"874","GTGTGGCCAATTCGTG-1_4_1"
"875","GTGTGGCTCGGCGATC-1_4_1"
"876","GTGTTCCGTACACGTT-1_4_1"
"877","GTTACAGGTTGTTGCA-1_4_1"
"878","GTTACCCCACAATGAA-1_4_1"
"879","GTTACCCGTCTGCCTT-1_4_1"
"880","GTTACGAGTAACATCC-1_4_1"
"881","GTTACGAGTCATGCAT-1_4_1"
"882","GTTACGATCTATGTGG-1_4_1"
"883","GTTACGATCTTCCCAG-1_4_1"
"884","GTTAGACCAGAATCGG-1_4_1"
"885","GTTAGTGCACGCGGTT-1_4_1"
"886","GTTAGTGTCGGTGAAG-1_4_1"
"887","GTTATGGAGCGCCTTG-1_4_1"
"888","GTTCGCTAGAACAAGG-1_4_1"
"889","GTTCGCTGTAGCTTAC-1_4_1"
"890","GTTCTATAGACCGCCT-1_4_1"
"891","GTTCTATCAAGAGATT-1_4_1"
"892","GTTCTATTCCTGTAAG-1_4_1"
"893","GTTGAACAGTCTTCGA-1_4_1"
"894","GTTGAACAGTTTGTCG-1_4_1"
"895","GTTGAACCAAGTTCGT-1_4_1"
"896","GTTGCGGCAGCGATTT-1_4_1"
"897","GTTGCTCCATTATGCG-1_4_1"
"898","GTTGCTCTCACACCCT-1_4_1"
"899","GTTGCTCTCGGCCTTT-1_4_1"
"900","GTTGTCCAGGACTAAT-1_4_1"
"901","GTTGTCCCACAATGCT-1_4_1"
"902","GTTGTGATCGACGTCG-1_4_1"
"903","GTTTACTTCCTTCACG-1_4_1"
"904","TAACACGGTCTCTCCA-1_4_1"
"905","TAACCAGCAGCCTTCT-1_4_1"
"906","TAACCAGGTTTGTTGG-1_4_1"
"907","TAAGCCAAGTGCACCC-1_4_1"
"908","TAAGTCGGTCCGACGT-1_4_1"
"909","TAAGTCGGTGACAACG-1_4_1"
"910","TAAGTCGGTGCATCTA-1_4_1"
"911","TAATCTCCAGGCCTGT-1_4_1"
"912","TAATCTCGTAGCACAG-1_4_1"
"913","TAATCTCTCTAGCCAA-1_4_1"
"914","TACAACGAGTCATAGA-1_4_1"
"915","TACAACGTCTTCTTCC-1_4_1"
"916","TACACCCTCCATTTAC-1_4_1"
"917","TACAGGTCACCTAAAC-1_4_1"
"918","TACAGGTCACTACCCT-1_4_1"
"919","TACATTCAGATACCAA-1_4_1"
"920","TACCCACCAAGTGATA-1_4_1"
"921","TACCGAAGTAGCTGCC-1_4_1"
"922","TACCGAATCTCTCTTC-1_4_1"
"923","TACCGGGAGTGCCAGA-1_4_1"
"924","TACCGGGGTCATAAAG-1_4_1"
"925","TACCGGGGTTTGGGAG-1_4_1"
"926","TACCTCGAGCGCTGCT-1_4_1"
"927","TACCTCGCAAGGTCAG-1_4_1"
"928","TACCTGCGTATTCCGA-1_4_1"
"929","TACGCTCGTACTGCGC-1_4_1"
"930","TACGGGCGTCGTATGT-1_4_1"
"931","TACGGGCTCTACCACC-1_4_1"
"932","TACGGTAGTAGATTGA-1_4_1"
"933","TACGTCCCACGACGAA-1_4_1"
"934","TACGTCCCAGCTTCGG-1_4_1"
"935","TACTGCCCACGCGTGT-1_4_1"
"936","TACTGCCGTATACAGA-1_4_1"
"937","TACTGCCGTCGCATTA-1_4_1"
"938","TACTGCCGTGGCATCC-1_4_1"
"939","TACTTACAGCGCTGAA-1_4_1"
"940","TACTTCACATGGGAAC-1_4_1"
"941","TACTTCATCATTCCTA-1_4_1"
"942","TACTTGTAGCAAGCCA-1_4_1"
"943","TAGACCAAGATGAAGG-1_4_1"
"944","TAGACCATCATAGAGA-1_4_1"
"945","TAGACTGCATTCTTCA-1_4_1"
"946","TAGACTGGTGTTCGAT-1_4_1"
"947","TAGAGTCAGGAACGAA-1_4_1"
"948","TAGAGTCCAAGGCGTA-1_4_1"
"949","TAGAGTCCAATCGCGC-1_4_1"
"950","TAGAGTCTCGCTACAA-1_4_1"
"951","TAGATCGGTATGGTTC-1_4_1"
"952","TAGGGTTAGAAGCGCT-1_4_1"
"953","TAGGGTTCAATTGCAC-1_4_1"
"954","TAGGTACGTTAGCTAC-1_4_1"
"955","TAGGTTGAGGCTAGCA-1_4_1"
"956","TAGGTTGCAACAAGAT-1_4_1"
"957","TAGTGCAGTGACTATC-1_4_1"
"958","TAGTGCATCTAAGCCA-1_4_1"
"959","TATACCTAGTTGTAGA-1_4_1"
"960","TATATCCAGCCTGACC-1_4_1"
"961","TATATCCGTTCTTGTT-1_4_1"
"962","TATATCCTCAAACCTG-1_4_1"
"963","TATCAGGTCCATCTCG-1_4_1"
"964","TATCTGTAGAGTCTTC-1_4_1"
"965","TATGTTCGTTCGAACT-1_4_1"
"966","TATTCCACAGTCTACA-1_4_1"
"967","TATTGCTTCCAGCAAT-1_4_1"
"968","TATTGGGGTAGTGCGA-1_4_1"
"969","TATTTCGAGGAACTCG-1_4_1"
"970","TATTTCGAGTCATAGA-1_4_1"
"971","TATTTCGTCAGCATTG-1_4_1"
"972","TCAAGACCAGCAATTC-1_4_1"
"973","TCAAGACGTCATCGGC-1_4_1"
"974","TCAAGACTCATGGGAG-1_4_1"
"975","TCAAGCAAGTGCCGAA-1_4_1"
"976","TCAAGCAGTGGTGATG-1_4_1"
"977","TCAAGTGGTGGTGATG-1_4_1"
"978","TCAAGTGTCAGGAGAC-1_4_1"
"979","TCAATCTAGTTCGGTT-1_4_1"
"980","TCAATTCAGCAGGGAG-1_4_1"
"981","TCAATTCAGGCTCTAT-1_4_1"
"982","TCAATTCGTTTGGGAG-1_4_1"
"983","TCACACCGTAGCTGTT-1_4_1"
"984","TCACATTGTGTCCAAT-1_4_1"
"985","TCACATTTCACGGTCG-1_4_1"
"986","TCACTATCACCGTCGA-1_4_1"
"987","TCACTATCAGGACATG-1_4_1"
"988","TCACTATGTAGTGCGA-1_4_1"
"989","TCACTCGCACGCGCAT-1_4_1"
"990","TCAGCCTAGCGGTATG-1_4_1"
"991","TCAGCCTAGTATGGAT-1_4_1"
"992","TCAGCCTCAGCCCAGT-1_4_1"
"993","TCAGGGCGTTGCGGAA-1_4_1"
"994","TCAGGTACATGACTTG-1_4_1"
"995","TCAGTTTCAGCCGTCA-1_4_1"
"996","TCATACTAGTCACTGT-1_4_1"
"997","TCATACTCACAGTGAG-1_4_1"
"998","TCATACTCACCAAATC-1_4_1"
"999","TCATACTCATAAGCGG-1_4_1"
"1000","TCATACTGTATCGAAA-1_4_1"
"1001","TCATCATAGGACATCG-1_4_1"
"1002","TCATCCGCATGTAACC-1_4_1"
"1003","TCATGAGCAAGGTCGA-1_4_1"
"1004","TCATGCCTCAAAGACA-1_4_1"
"1005","TCATGGAAGCTGCCAC-1_4_1"
"1006","TCATGGATCTCTTAAC-1_4_1"
"1007","TCATGTTTCTGGGCCA-1_4_1"
"1008","TCATTACGTCATATGC-1_4_1"
"1009","TCATTCAGTAGATCCT-1_4_1"
"1010","TCATTCAGTCGTTCAA-1_4_1"
"1011","TCATTGTAGAGTTCGG-1_4_1"
"1012","TCATTGTCATTGGGAG-1_4_1"
"1013","TCATTGTTCGATTTCT-1_4_1"
"1014","TCATTTGAGGGCCCTT-1_4_1"
"1015","TCATTTGCAATTTCCT-1_4_1"
"1016","TCCACCAAGTAGGTTA-1_4_1"
"1017","TCCACGTAGATACTGA-1_4_1"
"1018","TCCACGTAGCTGACAG-1_4_1"
"1019","TCCAGAAAGAACTTCC-1_4_1"
"1020","TCCATCGCAAGATGTA-1_4_1"
"1021","TCCATCGCACGACAAG-1_4_1"
"1022","TCCATCGGTTGAGGAC-1_4_1"
"1023","TCCCACACATCGATCA-1_4_1"
"1024","TCCCACATCTATTGTC-1_4_1"
"1025","TCCCAGTCACTCTCGT-1_4_1"
"1026","TCCCATGCAGCGCGTT-1_4_1"
"1027","TCCCATGTCCTCACGT-1_4_1"
"1028","TCCGATCCAATGGCCC-1_4_1"
"1029","TCCGATCCAGCTGTGC-1_4_1"
"1030","TCCTAATAGACGCCAA-1_4_1"
"1031","TCCTAATTCAACCCGG-1_4_1"
"1032","TCCTCCCGTGTTAAAG-1_4_1"
"1033","TCCTCCCTCTGAGGTT-1_4_1"
"1034","TCGAACATCGGAGATG-1_4_1"
"1035","TCGAAGTGTGGTTCTA-1_4_1"
"1036","TCGACCTCAACTTCTT-1_4_1"
"1037","TCGACCTCAATGGCAG-1_4_1"
"1038","TCGCAGGCAAGATGGC-1_4_1"
"1039","TCGCAGGCACCTATCC-1_4_1"
"1040","TCGCAGGGTAATTGGA-1_4_1"
"1041","TCGCAGGGTCGATTAC-1_4_1"
"1042","TCGCAGGTCCTCGATC-1_4_1"
"1043","TCGCTCACAAAGCACG-1_4_1"
"1044","TCGCTCAGTTTCGTTT-1_4_1"
"1045","TCGCTTGCAGTGTATC-1_4_1"
"1046","TCGCTTGGTGTTGCCG-1_4_1"
"1047","TCGCTTGTCGAAGGAC-1_4_1"
"1048","TCGGGACCAAATCGGG-1_4_1"
"1049","TCGGGACCAATTCGTG-1_4_1"
"1050","TCGGGACGTATCTCGA-1_4_1"
"1051","TCGGGACTCGCGTGAC-1_4_1"
"1052","TCGGGCAAGCGATTCT-1_4_1"
"1053","TCGGGTGAGCGGATCA-1_4_1"
"1054","TCGGGTGCAAGTGGTG-1_4_1"
"1055","TCGGGTGCAATAGTGA-1_4_1"
"1056","TCGGGTGGTTACGATC-1_4_1"
"1057","TCGGGTGTCGGTGAAG-1_4_1"
"1058","TCGGTCTCAGGACAGT-1_4_1"
"1059","TCGTAGAGTTGTTTGG-1_4_1"
"1060","TCGTCCAAGACCGTTT-1_4_1"
"1061","TCGTCCAGTTAGCGGA-1_4_1"
"1062","TCGTGCTAGGCCTTCG-1_4_1"
"1063","TCGTGGGGTGTTACAC-1_4_1"
"1064","TCTAACTAGCAACCAG-1_4_1"
"1065","TCTAACTCAGTGTATC-1_4_1"
"1066","TCTAACTCATCGTTCC-1_4_1"
"1067","TCTACATAGACCATGG-1_4_1"
"1068","TCTACATTCTAGTTCT-1_4_1"
"1069","TCTCACGCAACCCTCT-1_4_1"
"1070","TCTCACGTCATTGCTT-1_4_1"
"1071","TCTCAGCAGATAGGGA-1_4_1"
"1072","TCTCAGCCAAGACAAT-1_4_1"
"1073","TCTCCGAAGATTGTGA-1_4_1"
"1074","TCTCCGACATCGCTAA-1_4_1"
"1075","TCTGCCATCAAATGCC-1_4_1"
"1076","TCTGCCATCGGTTCAA-1_4_1"
"1077","TCTGGCTGTTGGCTAT-1_4_1"
"1078","TCTGTCGAGTACTGGG-1_4_1"
"1079","TCTGTCGCACTCGATA-1_4_1"
"1080","TCTTAGTAGAGACAAG-1_4_1"
"1081","TCTTAGTAGCTACTGT-1_4_1"
"1082","TCTTCCTAGCATTGAA-1_4_1"
"1083","TCTTCCTAGCTACAAA-1_4_1"
"1084","TCTTCCTGTCCGGTGT-1_4_1"
"1085","TCTTCCTGTGATGTAA-1_4_1"
"1086","TCTTTGAAGTTAACGA-1_4_1"
"1087","TGAACGTCACCTGAAT-1_4_1"
"1088","TGAATCGAGCCTATTG-1_4_1"
"1089","TGAATGCCAGTCGTTA-1_4_1"
"1090","TGACAGTAGTGCAGGT-1_4_1"
"1091","TGACAGTCAACGCCCA-1_4_1"
"1092","TGACGCGCATCCGAGC-1_4_1"
"1093","TGACGCGGTCAGCTTA-1_4_1"
"1094","TGACTCCGTACGAAAT-1_4_1"
"1095","TGACTCCGTAGATTGA-1_4_1"
"1096","TGAGACTCAGGCTACC-1_4_1"
"1097","TGAGACTGTCGTGGTC-1_4_1"
"1098","TGAGACTTCGTAGCTA-1_4_1"
"1099","TGAGGAGGTCTGCGCA-1_4_1"
"1100","TGATCAGGTGAGAACC-1_4_1"
"1101","TGATCAGTCTTCCTAA-1_4_1"
"1102","TGATCTTGTCTGTGTA-1_4_1"
"1103","TGATGCAAGACTTGTC-1_4_1"
"1104","TGATGCAAGCTCTATG-1_4_1"
"1105","TGATGGTTCCCATAGA-1_4_1"
"1106","TGATGGTTCGGTAACT-1_4_1"
"1107","TGATTCTAGAGGGTGG-1_4_1"
"1108","TGATTCTTCCTAGCGG-1_4_1"
"1109","TGATTTCAGTGGGAAA-1_4_1"
"1110","TGCACGGAGGAACATT-1_4_1"
"1111","TGCAGATGTGGCCACT-1_4_1"
"1112","TGCAGATTCTATCGGA-1_4_1"
"1113","TGCAGTAGTTCTTGTT-1_4_1"
"1114","TGCATCCGTAGACAAT-1_4_1"
"1115","TGCATCCTCGATACTG-1_4_1"
"1116","TGCATCCTCGGCACTG-1_4_1"
"1117","TGCATGACACTAACCA-1_4_1"
"1118","TGCATGAGTGCACGCT-1_4_1"
"1119","TGCATGAGTGGCCACT-1_4_1"
"1120","TGCATGATCACTTATC-1_4_1"
"1121","TGCATGATCTTACCGC-1_4_1"
"1122","TGCCGAGAGGTATAGT-1_4_1"
"1123","TGCCGAGTCTTAGCTT-1_4_1"
"1124","TGCGATAGTACTTCCC-1_4_1"
"1125","TGCTCGTAGCTGTTCA-1_4_1"
"1126","TGCTGAAAGGTGAGAA-1_4_1"
"1127","TGCTTCGGTGCCTGCA-1_4_1"
"1128","TGCTTCGTCGCGATCG-1_4_1"
"1129","TGCTTCGTCTCATGCC-1_4_1"
"1130","TGCTTGCAGAAAGTCT-1_4_1"
"1131","TGCTTGCAGGTTACAA-1_4_1"
"1132","TGCTTGCTCCTTCTGG-1_4_1"
"1133","TGGAACTGTGGAACAC-1_4_1"
"1134","TGGAGAGAGTGCCTCG-1_4_1"
"1135","TGGAGAGCATCCGGCA-1_4_1"
"1136","TGGAGGACAATGTCTG-1_4_1"
"1137","TGGATCACAGTCCGTG-1_4_1"
"1138","TGGATGTAGACGCATG-1_4_1"
"1139","TGGATGTCAATTGTGC-1_4_1"
"1140","TGGCGTGCATGAGTAA-1_4_1"
"1141","TGGCGTGGTCTAGTGT-1_4_1"
"1142","TGGCGTGTCACAAGAA-1_4_1"
"1143","TGGCGTGTCGAATGCT-1_4_1"
"1144","TGGGAAGTCGGCATAT-1_4_1"
"1145","TGGGATTCATGTGTCA-1_4_1"
"1146","TGGGATTTCTACACTT-1_4_1"
"1147","TGGGCGTGTAGTAAGT-1_4_1"
"1148","TGGGCGTGTTCGTACA-1_4_1"
"1149","TGGGCGTGTTTGAAAG-1_4_1"
"1150","TGGGCTGGTGCAGGAT-1_4_1"
"1151","TGGTAGTAGTATAGGT-1_4_1"
"1152","TGGTAGTCACGCTATA-1_4_1"
"1153","TGGTAGTTCAGCATTG-1_4_1"
"1154","TGGTAGTTCATCCTGC-1_4_1"
"1155","TGGTAGTTCATGGCCG-1_4_1"
"1156","TGGTTAGGTCTGTCAA-1_4_1"
"1157","TGGTTAGTCGGCTGGT-1_4_1"
"1158","TGTAACGTCGTGCATA-1_4_1"
"1159","TGTAACGTCTCACGAA-1_4_1"
"1160","TGTACAGTCTCATGCC-1_4_1"
"1161","TGTCAGAAGCTTACGT-1_4_1"
"1162","TGTCCACAGACCACGA-1_4_1"
"1163","TGTCCACCAAGGTACG-1_4_1"
"1164","TGTCCACGTATTCTCT-1_4_1"
"1165","TGTCCACGTGCTTATG-1_4_1"
"1166","TGTCCTGTCCTATTGT-1_4_1"
"1167","TGTGATGAGCATGCGA-1_4_1"
"1168","TGTGATGTCCGAGTGC-1_4_1"
"1169","TGTGCGGTCAGTCTTT-1_4_1"
"1170","TGTGTGAAGTCATAGA-1_4_1"
"1171","TGTGTGAGTATCTCGA-1_4_1"
"1172","TGTTCATTCAAGGACG-1_4_1"
"1173","TGTTCCGTCTGGGCAC-1_4_1"
"1174","TGTTGGACAACCGTGC-1_4_1"
"1175","TGTTTGTGTTTCACTT-1_4_1"
"1176","TTAATCCAGACCTCCG-1_4_1"
"1177","TTAATCCCAACTCGTA-1_4_1"
"1178","TTAATCCGTCGATGCC-1_4_1"
"1179","TTACAGGAGTCATGCT-1_4_1"
"1180","TTACAGGCAGCAGTCC-1_4_1"
"1181","TTACCGCGTTGTGCAT-1_4_1"
"1182","TTACGCCAGCGGATCA-1_4_1"
"1183","TTACGCCTCGATACAC-1_4_1"
"1184","TTACGTTAGTTATGGA-1_4_1"
"1185","TTACTGTAGGATGTTA-1_4_1"
"1186","TTACTGTCACTCCACT-1_4_1"
"1187","TTAGGCACACATATGC-1_4_1"
"1188","TTAGGGTAGCAGGCAT-1_4_1"
"1189","TTAGGGTAGGTAAAGG-1_4_1"
"1190","TTAGGGTTCGGTTAGT-1_4_1"
"1191","TTAGTCTGTCTCGACG-1_4_1"
"1192","TTAGTCTTCACTGATG-1_4_1"
"1193","TTATTGCGTGTCCACG-1_4_1"
"1194","TTCAATCCACTTCCTG-1_4_1"
"1195","TTCAATCTCACTGTCC-1_4_1"
"1196","TTCAATCTCTTGGATG-1_4_1"
"1197","TTCACCGTCGCTGCGA-1_4_1"
"1198","TTCACGCTCCAAGCAT-1_4_1"
"1199","TTCACGCTCGCTGATA-1_4_1"
"1200","TTCAGGATCCGAAGGA-1_4_1"
"1201","TTCATGTAGACGAAGA-1_4_1"
"1202","TTCATGTAGAGGACTC-1_4_1"
"1203","TTCATGTAGCAATAGT-1_4_1"
"1204","TTCATGTAGGGCAACT-1_4_1"
"1205","TTCATTGCACCTATCC-1_4_1"
"1206","TTCATTGTCCTTCACG-1_4_1"
"1207","TTCATTGTCTTCTGGC-1_4_1"
"1208","TTCCAATAGAAGCTCG-1_4_1"
"1209","TTCCAATGTAGTACGG-1_4_1"
"1210","TTCCGGTAGCAATTCC-1_4_1"
"1211","TTCCGTGTCCTCATAT-1_4_1"
"1212","TTCCTAAAGCTCTTCC-1_4_1"
"1213","TTCCTCTGTATAGGGC-1_4_1"
"1214","TTCGATTCAATGAGCG-1_4_1"
"1215","TTCGATTTCAGTGGGA-1_4_1"
"1216","TTCGATTTCGCTGTCT-1_4_1"
"1217","TTCGCTGCAGTTGTTG-1_4_1"
"1218","TTCGGTCAGTGGCGAT-1_4_1"
"1219","TTCTAACAGAAGCTCG-1_4_1"
"1220","TTCTAACAGCCACAAG-1_4_1"
"1221","TTCTAACAGGCTTAAA-1_4_1"
"1222","TTCTCTCGTGATAGAT-1_4_1"
"1223","TTCTCTCGTGCAATAA-1_4_1"
"1224","TTCTGTATCTGAGTCA-1_4_1"
"1225","TTCTTGACACTCCCTA-1_4_1"
"1226","TTGAACGAGACGGTCA-1_4_1"
"1227","TTGAACGCAAGTATAG-1_4_1"
"1228","TTGAACGGTATGCGTT-1_4_1"
"1229","TTGAACGTCGACATCA-1_4_1"
"1230","TTGAACGTCGTCGACG-1_4_1"
"1231","TTGAGTGCATCCTGTC-1_4_1"
"1232","TTGAGTGTCAACGAGG-1_4_1"
"1233","TTGATGGAGTCAGGGT-1_4_1"
"1234","TTGATGGCACTGTGTA-1_4_1"
"1235","TTGATGGGTATGATCC-1_4_1"
"1236","TTGCATTCACCAGACC-1_4_1"
"1237","TTGCGTCCAGACAATA-1_4_1"
"1238","TTGCGTCGTCTCAGAT-1_4_1"
"1239","TTGCGTCTCATTGAGC-1_4_1"
"1240","TTGCTGCTCATCCCGT-1_4_1"
"1241","TTGGATGCATTGGCAT-1_4_1"
"1242","TTGGATGGTCGAGCTC-1_4_1"
"1243","TTGGGCGAGTTCTCTT-1_4_1"
"1244","TTGGGCGGTATGTGTC-1_4_1"
"1245","TTGGGTAGTAGGTCAG-1_4_1"
"1246","TTGGGTAGTGATACAA-1_4_1"
"1247","TTGGTTTAGCGTCTGC-1_4_1"
"1248","TTGTGTTAGATGACAT-1_4_1"
"1249","TTGTTCATCCCAAGTA-1_4_1"
"1250","TTGTTCATCCCTCAAC-1_4_1"
"1251","TTGTTCATCCTAAACG-1_4_1"
"1252","TTGTTGTCACGCGCTA-1_4_1"
"1253","TTGTTGTCACGTATAC-1_4_1"
"1254","TTGTTTGCAGGTCAAG-1_4_1"
"1255","TTGTTTGCATGACGTT-1_4_1"
"1256","TTGTTTGTCGTCCTTG-1_4_1"
"1257","TTTAGTCAGAAGTGTT-1_4_1"
"1258","TTTAGTCCAGCGTGCT-1_4_1"
"1259","TTTATGCAGCCGATCC-1_4_1"
"1260","TTTATGCCAGTAGATA-1_4_1"
"1261","TTTCACAAGGGCAGAG-1_4_1"
"1262","TTTCAGTCAGTTCTAG-1_4_1"
"1263","TTTCAGTTCAGCATTG-1_4_1"
"1264","TTTGACTCAGCAGTTT-1_4_1"
"1265","TTTGACTTCATGTCAG-1_4_1"
"1266","TTTGATCTCTGCTCTG-1_4_1"
"1267","TTTGGAGAGTATGACA-1_4_1"
"1268","TTTGGAGCATCGTGGC-1_4_1"
