"","x"
"1","AAAGAACGTGTTCAGT-1_5_1"
"2","AAATGGAGTTGGTGTT-1_5_1"
"3","AACAAAGGTGTCCCTT-1_5_1"
"4","AACAAAGGTTTCTTAC-1_5_1"
"5","AACAAGACAATTGGTC-1_5_1"
"6","AACAGGGGTTATAGCC-1_5_1"
"7","AACAGGGTCGCTATTT-1_5_1"
"8","AACCACACAGATACCT-1_5_1"
"9","AACCATGAGTGAGTTA-1_5_1"
"10","AACCTGAAGCCTTCTC-1_5_1"
"11","AACCTTTTCTCACCCA-1_5_1"
"12","AACGGGATCAATGTCG-1_5_1"
"13","AAGAACAAGCTCAGAG-1_5_1"
"14","AAGCGTTCAATTCGTG-1_5_1"
"15","AAGCGTTCATTAAGCC-1_5_1"
"16","AAGGTAAAGTCTTGGT-1_5_1"
"17","AAGTACCAGTGGATAT-1_5_1"
"18","AAGTACCTCGTCCTTG-1_5_1"
"19","AAGTTCGCATCAGCTA-1_5_1"
"20","AATCACGCATAATCCG-1_5_1"
"21","AATGCCAGTTGCCAAT-1_5_1"
"22","AATGGAAGTTTACCTT-1_5_1"
"23","AATGGCTTCTTACCGC-1_5_1"
"24","ACAGCCGTCATCGCAA-1_5_1"
"25","ACATCCCGTCCTCCTA-1_5_1"
"26","ACCAACAAGCGACCCT-1_5_1"
"27","ACCAACACACCTTCCA-1_5_1"
"28","ACCTGTCAGTGTTCAC-1_5_1"
"29","ACGCACGCACTCCTTG-1_5_1"
"30","ACGGGTCCATCGCTCT-1_5_1"
"31","ACGGTCGTCTAGCCAA-1_5_1"
"32","ACGTCCTTCCATCTGC-1_5_1"
"33","ACGTTCCAGAGATTCA-1_5_1"
"34","ACGTTCCCAACACAAA-1_5_1"
"35","ACTACGACAGAATCGG-1_5_1"
"36","ACTACGAGTAAGAACT-1_5_1"
"37","ACTGATGGTGAGACGT-1_5_1"
"38","ACTGCAAAGGAGATAG-1_5_1"
"39","ACTGTCCAGGTAAGGA-1_5_1"
"40","ACTTCCGCACCTCTGT-1_5_1"
"41","ACTTCGCGTAGCGTTT-1_5_1"
"42","ACTTTGTGTCTTCCGT-1_5_1"
"43","AGAACCTGTTGTATGC-1_5_1"
"44","AGACAAAGTCCGTTTC-1_5_1"
"45","AGACAAATCGCGTTTC-1_5_1"
"46","AGACCATCAATAACCC-1_5_1"
"47","AGAGAATCATGTGGCC-1_5_1"
"48","AGATAGAAGAGCCCAA-1_5_1"
"49","AGATCCAGTTAACAGA-1_5_1"
"50","AGATCGTTCTGCGGGT-1_5_1"
"51","AGATGAACATGAATAG-1_5_1"
"52","AGCATCAAGAATCCCT-1_5_1"
"53","AGCCAATGTCGCTCGA-1_5_1"
"54","AGCGCCAGTGGCGTAA-1_5_1"
"55","AGCGTCGGTCATGCAT-1_5_1"
"56","AGCTTCCGTATCCTCC-1_5_1"
"57","AGGAAATAGTGTTCAC-1_5_1"
"58","AGGAGGTTCTGAGAAA-1_5_1"
"59","AGGCATTGTATCGTAC-1_5_1"
"60","AGGGAGTGTGTCTTAG-1_5_1"
"61","AGGGAGTGTTGATGTC-1_5_1"
"62","AGGTCATGTGTAGTGG-1_5_1"
"63","AGGTTACTCGTGGTAT-1_5_1"
"64","AGTAGTCCACATCATG-1_5_1"
"65","AGTCATGGTGGAGAAA-1_5_1"
"66","AGTCATGTCGCCATAA-1_5_1"
"67","AGTGTTGGTCCTGGTG-1_5_1"
"68","AGTTCCCTCTACACAG-1_5_1"
"69","ATACCTTTCGAGTACT-1_5_1"
"70","ATAGGCTTCATTCTTG-1_5_1"
"71","ATATCCTGTTCTCCTG-1_5_1"
"72","ATCACGAGTGTATCCA-1_5_1"
"73","ATCAGGTCAATAGTAG-1_5_1"
"74","ATCCCTGCATACAGAA-1_5_1"
"75","ATCCTATGTACGATTC-1_5_1"
"76","ATCTTCATCAAACTGC-1_5_1"
"77","ATGAGTCAGCGTATGG-1_5_1"
"78","ATGCCTCAGTGGCGAT-1_5_1"
"79","ATGGGTTAGAGCGACT-1_5_1"
"80","ATGGGTTAGGTAGTAT-1_5_1"
"81","ATGGGTTCATCACAGT-1_5_1"
"82","ATTCATCAGGCACCAA-1_5_1"
"83","ATTCCATCACTCATAG-1_5_1"
"84","ATTCCATGTCTAGATC-1_5_1"
"85","ATTCCCGCATGTGTCA-1_5_1"
"86","ATTCTACGTACGAAAT-1_5_1"
"87","ATTGGGTTCCGCAAAT-1_5_1"
"88","ATTGTTCAGTTCACTG-1_5_1"
"89","ATTTCTGTCTTTCGAT-1_5_1"
"90","CAAAGAAAGGGCTGAT-1_5_1"
"91","CAAGACTAGGTGATCG-1_5_1"
"92","CAAGCTAGTGCATGAG-1_5_1"
"93","CAATCGAGTAGCGTCC-1_5_1"
"94","CAATCGATCCCGAGGT-1_5_1"
"95","CACATGAAGACCTCAT-1_5_1"
"96","CACGAATTCAGACATC-1_5_1"
"97","CACGGGTAGCACTCGC-1_5_1"
"98","CACGGGTTCCGAGGCT-1_5_1"
"99","CACGTTCTCCCTTCCC-1_5_1"
"100","CACTAAGCAAGTTCGT-1_5_1"
"101","CACTGTCCAGGTTTAC-1_5_1"
"102","CAGCACGCAGCAGACA-1_5_1"
"103","CAGCCAGAGAAGAACG-1_5_1"
"104","CAGCGTGGTACAATAG-1_5_1"
"105","CAGGGCTCATCTAGAC-1_5_1"
"106","CAGTGCGAGCCGATTT-1_5_1"
"107","CAGTTCCAGAGTCAGC-1_5_1"
"108","CATAAGCGTCGGCTAC-1_5_1"
"109","CATACCCTCGCAGATT-1_5_1"
"110","CATAGACCAATCGCGC-1_5_1"
"111","CATCCACAGCTCGCAC-1_5_1"
"112","CATCCGTTCTGAGATC-1_5_1"
"113","CATCGCTAGGGCCCTT-1_5_1"
"114","CATCGCTAGTAAGAGG-1_5_1"
"115","CATCGGGTCACTTCTA-1_5_1"
"116","CATGGTATCCCATAGA-1_5_1"
"117","CATTCATAGCATCAGG-1_5_1"
"118","CATTCCGGTGGATCGA-1_5_1"
"119","CATTCTACACGGCACT-1_5_1"
"120","CATTGAGTCGTGGCGT-1_5_1"
"121","CATTTCACAAGTGCTT-1_5_1"
"122","CCAAGCGCAAATCAAG-1_5_1"
"123","CCACAAATCAAAGCCT-1_5_1"
"124","CCACGAGTCGGAGTGA-1_5_1"
"125","CCACGTTGTACACGTT-1_5_1"
"126","CCACGTTTCTTCACAT-1_5_1"
"127","CCACTTGCACTGCACG-1_5_1"
"128","CCATAAGGTCCCGTGA-1_5_1"
"129","CCCGAAGGTACTAAGA-1_5_1"
"130","CCCTAACGTCGTATGT-1_5_1"
"131","CCCTGATGTAGTGGCA-1_5_1"
"132","CCGATGGGTGGACCTC-1_5_1"
"133","CCGGACAAGTGGAAAG-1_5_1"
"134","CCGGTGAGTAACCAGG-1_5_1"
"135","CCTCAACAGGCAATGC-1_5_1"
"136","CCTCAGTTCGCCGTGA-1_5_1"
"137","CCTCCAAAGTAGGAAG-1_5_1"
"138","CCTGTTGTCGTTACCC-1_5_1"
"139","CCTTTGGAGGGTGAGG-1_5_1"
"140","CCTTTGGCAAGAGCTG-1_5_1"
"141","CGAAGGATCTTAGGAC-1_5_1"
"142","CGACAGCAGGACAACC-1_5_1"
"143","CGAGGAACAGAGGCTA-1_5_1"
"144","CGAGGCTCAACGCCCA-1_5_1"
"145","CGAGGCTCAAGAGCTG-1_5_1"
"146","CGATCGGCACGGTAGA-1_5_1"
"147","CGATGCGAGAGCTTTC-1_5_1"
"148","CGCATAACACTGTTCC-1_5_1"
"149","CGCCAGACAAGTTGGG-1_5_1"
"150","CGCCAGAGTATCCTTT-1_5_1"
"151","CGCCAGATCATGCTAG-1_5_1"
"152","CGCCATTGTTCAAAGA-1_5_1"
"153","CGCGTGACAACCGATT-1_5_1"
"154","CGGAACCGTTTGGAAA-1_5_1"
"155","CGGACACAGGTGGCTA-1_5_1"
"156","CGGACACTCCATCGTC-1_5_1"
"157","CGGAGAACACTGTTCC-1_5_1"
"158","CGGCAGTAGGCACTCC-1_5_1"
"159","CGGGCATCAAGTTCCA-1_5_1"
"160","CGTGTCTGTCTACGAT-1_5_1"
"161","CTAACTTCAGAGTCTT-1_5_1"
"162","CTAACTTCAGATGCGA-1_5_1"
"163","CTAACTTTCATGACAC-1_5_1"
"164","CTACCCAGTCTCTCAC-1_5_1"
"165","CTACCCATCGCCAGAC-1_5_1"
"166","CTATAGGTCGACATTG-1_5_1"
"167","CTATCTAGTTGACTAC-1_5_1"
"168","CTATCTATCGCATTGA-1_5_1"
"169","CTCAACCGTGCACAAG-1_5_1"
"170","CTCAAGACACCCTGTT-1_5_1"
"171","CTCTCAGTCGTGAGAG-1_5_1"
"172","CTGAGCGAGACCTCCG-1_5_1"
"173","CTGTACCGTTGCCATA-1_5_1"
"174","CTGTGAATCACTCTTA-1_5_1"
"175","CTTACCGAGCTCCATA-1_5_1"
"176","CTTACCGAGGTCGCCT-1_5_1"
"177","CTTACCGCAACAGATA-1_5_1"
"178","CTTGAGAGTCTACACA-1_5_1"
"179","GAAGAATAGATGATTG-1_5_1"
"180","GAAGCGAAGACCAACG-1_5_1"
"181","GAATCGTAGCCTCATA-1_5_1"
"182","GACACGCAGATCGACG-1_5_1"
"183","GACAGCCCAAATGCTC-1_5_1"
"184","GACAGCCGTACCGGCT-1_5_1"
"185","GACATCACAAAGGGTC-1_5_1"
"186","GACCCAGAGCGATGGT-1_5_1"
"187","GACCCTTTCAAATGCC-1_5_1"
"188","GACCTTCAGCATTTCG-1_5_1"
"189","GACCTTCTCGGAGCAA-1_5_1"
"190","GACGCTGGTCTTGCGG-1_5_1"
"191","GAGGCCTTCCCTTTGG-1_5_1"
"192","GAGTCTAGTGTCCTAA-1_5_1"
"193","GAGTGAGTCCTCGATC-1_5_1"
"194","GAGTTACCAATAGAGT-1_5_1"
"195","GAGTTGTGTCCCGGTA-1_5_1"
"196","GAGTTTGTCGAGAATA-1_5_1"
"197","GATAGAAAGTTGTAGA-1_5_1"
"198","GATGATCGTACGTGTT-1_5_1"
"199","GATGCTAGTACGATGG-1_5_1"
"200","GATGGAGCACATATCG-1_5_1"
"201","GATTCGAAGTAGCAAT-1_5_1"
"202","GATTCGAAGTGGACTG-1_5_1"
"203","GATTTCTCACAATGTC-1_5_1"
"204","GATTTCTGTGGGTCAA-1_5_1"
"205","GCAACCGCAGCTATAC-1_5_1"
"206","GCACATAGTGGGCTTC-1_5_1"
"207","GCACTAACAGCTGTAT-1_5_1"
"208","GCAGCCAAGTCAACAA-1_5_1"
"209","GCAGCTGGTGCATGAG-1_5_1"
"210","GCAGGCTTCTGGAAGG-1_5_1"
"211","GCCAACGGTCCTTAAG-1_5_1"
"212","GCCAGCAAGCAGGTCA-1_5_1"
"213","GCCAGGTCAACAGCCC-1_5_1"
"214","GCCAGTGGTAATGATG-1_5_1"
"215","GCCCGAATCCGTAATG-1_5_1"
"216","GCCGATGAGAGCTGCA-1_5_1"
"217","GCGAGAACATCTTTCA-1_5_1"
"218","GCGATCGGTGATGGCA-1_5_1"
"219","GCGGAAATCTGTCAGA-1_5_1"
"220","GCGTGCACACAGCTGC-1_5_1"
"221","GCTGAATAGGTTGGAC-1_5_1"
"222","GGAACCCAGTCCCGAC-1_5_1"
"223","GGAATGGAGGTAAGGA-1_5_1"
"224","GGAATGGCATGACTGT-1_5_1"
"225","GGAGGTATCTTCGTGC-1_5_1"
"226","GGATCTAAGACGCTCC-1_5_1"
"227","GGCTTGGAGATGCTAA-1_5_1"
"228","GGCTTTCTCGCCACTT-1_5_1"
"229","GGGACAACAGTAACCT-1_5_1"
"230","GGGACTCGTAGACGTG-1_5_1"
"231","GGGAGTAAGGTACTGG-1_5_1"
"232","GGGATCCGTTGGGAAC-1_5_1"
"233","GGGTCTGGTCGTTATG-1_5_1"
"234","GGTAGAGCACATCCCT-1_5_1"
"235","GGTCTGGAGTTGAATG-1_5_1"
"236","GGTCTGGTCCATCTGC-1_5_1"
"237","GGTTGTAAGGAACGCT-1_5_1"
"238","GGTTGTAGTCGTTGGC-1_5_1"
"239","GTAAGTCAGCACTAAA-1_5_1"
"240","GTAATCGTCGCATTAG-1_5_1"
"241","GTACAACCAAAGGGTC-1_5_1"
"242","GTAGAAAAGGATTTCC-1_5_1"
"243","GTAGCTACATGTCTAG-1_5_1"
"244","GTAGGAGGTATTCTCT-1_5_1"
"245","GTAGGTTCACGGTGCT-1_5_1"
"246","GTAGTACTCTGGCCTT-1_5_1"
"247","GTCAAGTTCCTAGAGT-1_5_1"
"248","GTCCACTCAAGTGGTG-1_5_1"
"249","GTCCTCAGTGGCAGAT-1_5_1"
"250","GTCGTTCAGACTAGAT-1_5_1"
"251","GTCTACCAGGCCCGTT-1_5_1"
"252","GTCTACCCAACTACGT-1_5_1"
"253","GTCTCACGTGGATACG-1_5_1"
"254","GTGACGCGTCTAACTG-1_5_1"
"255","GTGAGCCCATCAGCAT-1_5_1"
"256","GTGAGGAGTCTACACA-1_5_1"
"257","GTGCTTCCATTAAGCC-1_5_1"
"258","GTGGAAGGTGACACAG-1_5_1"
"259","GTGGAGAAGGTTTACC-1_5_1"
"260","GTGGAGAGTCGGAACA-1_5_1"
"261","GTGTAACAGAGTCAGC-1_5_1"
"262","GTGTAACCAGTTGGTT-1_5_1"
"263","GTGTTCCGTACCGGCT-1_5_1"
"264","GTGTTCCGTCAAATCC-1_5_1"
"265","GTTACAGAGGCCTAGA-1_5_1"
"266","GTTCCGTAGTATTGCC-1_5_1"
"267","GTTCCGTGTGATCATC-1_5_1"
"268","GTTCGCTCACTCCTTG-1_5_1"
"269","GTTCGCTTCTCCAATT-1_5_1"
"270","GTTGAACAGTTCCTGA-1_5_1"
"271","GTTGCGGAGAACCCGA-1_5_1"
"272","GTTGCGGAGGCCTTCG-1_5_1"
"273","GTTGCGGGTAGAATAC-1_5_1"
"274","GTTGTAGGTGACTCGC-1_5_1"
"275","GTTGTCCGTACTGCCG-1_5_1"
"276","GTTGTGATCCTAACAG-1_5_1"
"277","GTTTGGATCGGTCACG-1_5_1"
"278","TAACACGCAATAAGGT-1_5_1"
"279","TAACCAGCAGAGAAAG-1_5_1"
"280","TACATTCAGGTGCAGT-1_5_1"
"281","TACCCGTCACTTCAAG-1_5_1"
"282","TACCTGCCAGCTCTGG-1_5_1"
"283","TACCTGCGTCGCAACC-1_5_1"
"284","TACGGGCTCTCTGAGA-1_5_1"
"285","TACGTCCGTGCCGTAC-1_5_1"
"286","TACTTCAAGGTGCTTT-1_5_1"
"287","TAGCACAGTAAGATAC-1_5_1"
"288","TAGGGTTCATCGCTGG-1_5_1"
"289","TAGGGTTGTGTCTAAC-1_5_1"
"290","TAGGTACAGCTAAATG-1_5_1"
"291","TAGTGCAGTGCATTTG-1_5_1"
"292","TATACCTTCACATTGG-1_5_1"
"293","TATCTGTAGGATACAT-1_5_1"
"294","TATTGGGCAGGACTTT-1_5_1"
"295","TCAAGTGGTCCTGAAT-1_5_1"
"296","TCAATCTGTCAACGCC-1_5_1"
"297","TCAATTCCAACACAAA-1_5_1"
"298","TCAATTCCATCATCCC-1_5_1"
"299","TCAATTCTCTACCTTA-1_5_1"
"300","TCACGCTGTTAATGAG-1_5_1"
"301","TCACGCTTCTCCTGAC-1_5_1"
"302","TCAGTGAAGATGACCG-1_5_1"
"303","TCAGTGATCAACACCA-1_5_1"
"304","TCAGTTTGTTAAGAAC-1_5_1"
"305","TCATACTAGAGTCCGA-1_5_1"
"306","TCATCATGTGGGAGAG-1_5_1"
"307","TCATCATTCAGCAATC-1_5_1"
"308","TCATGTTTCTATCGGA-1_5_1"
"309","TCCCAGTCAGAGGTAC-1_5_1"
"310","TCCTCCCAGCCGGAAT-1_5_1"
"311","TCCTTCTAGCGTTCCG-1_5_1"
"312","TCGACGGGTTCGAGCC-1_5_1"
"313","TCGATTTAGAAGCGGG-1_5_1"
"314","TCGCACTCATCGGTTA-1_5_1"
"315","TCGCTCAGTAAGTTAG-1_5_1"
"316","TCGCTTGCAGACACCC-1_5_1"
"317","TCGGATATCAACTTTC-1_5_1"
"318","TCGGTCTCATTGTACG-1_5_1"
"319","TCGTAGAAGAGGTTTA-1_5_1"
"320","TCGTGGGAGCCTGACC-1_5_1"
"321","TCTACCGTCCATGCAA-1_5_1"
"322","TCTATCATCCCAGCGA-1_5_1"
"323","TCTCACGCATGACTGT-1_5_1"
"324","TGACCCTGTATCGTAC-1_5_1"
"325","TGAGGAGCATAGATCC-1_5_1"
"326","TGAGGTTAGGGCCCTT-1_5_1"
"327","TGAGTCAAGAGCCGTA-1_5_1"
"328","TGATCAGTCCAATCCC-1_5_1"
"329","TGATCTTCAGCCTTCT-1_5_1"
"330","TGATGCACAGGCATGA-1_5_1"
"331","TGATGGTAGAGAGCCT-1_5_1"
"332","TGATTCTTCGACCACG-1_5_1"
"333","TGCGATAAGGTTCCGC-1_5_1"
"334","TGCTCGTGTACTTCCC-1_5_1"
"335","TGGAACTGTCAGGTAG-1_5_1"
"336","TGGAGAGAGGTACTGG-1_5_1"
"337","TGGAGGAGTACAGTCT-1_5_1"
"338","TGGAGGAGTGTCCGGT-1_5_1"
"339","TGGGAGATCACTGTCC-1_5_1"
"340","TGGGCGTAGCTTCGTA-1_5_1"
"341","TGGGCTGAGTAACGTA-1_5_1"
"342","TGGGCTGTCATGCATG-1_5_1"
"343","TGGGTTAAGATCCAAA-1_5_1"
"344","TGGTAGTTCTGTGTGA-1_5_1"
"345","TGGTGATAGTCAAGCG-1_5_1"
"346","TGTAACGAGATGTTGA-1_5_1"
"347","TGTACAGAGTCAAGCG-1_5_1"
"348","TGTACAGCATAGAGGC-1_5_1"
"349","TGTAGACTCAAATAGG-1_5_1"
"350","TGTCCTGAGGATCACG-1_5_1"
"351","TGTGCGGCACCAGTAT-1_5_1"
"352","TGTGTGAGTATACGGG-1_5_1"
"353","TGTGTGATCTTGCAGA-1_5_1"
"354","TGTTACTAGTGCACCC-1_5_1"
"355","TGTTACTTCTTAGCCC-1_5_1"
"356","TGTTCCGCACTGTCGG-1_5_1"
"357","TGTTCTAGTCTGTGGC-1_5_1"
"358","TGTTCTATCACCATCC-1_5_1"
"359","TGTTGGAGTGTAAACA-1_5_1"
"360","TGTTTGTCAGTATTCG-1_5_1"
"361","TTACAGGAGCACCAGA-1_5_1"
"362","TTACCGCCACACGGAA-1_5_1"
"363","TTAGGCACACAATGTC-1_5_1"
"364","TTAGGGTAGTACGTCT-1_5_1"
"365","TTAGTCTTCCTGTAGA-1_5_1"
"366","TTAGTCTTCGTGGAAG-1_5_1"
"367","TTCAATCTCCCGTGTT-1_5_1"
"368","TTCACCGAGGTGGTTG-1_5_1"
"369","TTCCTTCGTGGCCCAT-1_5_1"
"370","TTCGCTGCAAGGCAAC-1_5_1"
"371","TTCGGTCAGGTCATTC-1_5_1"
"372","TTCTGTAAGTATGATG-1_5_1"
"373","TTCTTGATCACGATCA-1_5_1"
"374","TTGGGTAAGCGCCGTT-1_5_1"
"375","TTGTTTGAGACCATTC-1_5_1"
"376","TTGTTTGGTTACACAC-1_5_1"
"377","TTTGATCGTTAGGGTG-1_5_1"
"378","TTTGGTTGTAACCCGC-1_5_1"
