"","x"
"1","AAACGCTCAGTCCCGA-1_1_2"
"2","AAAGAACGTGTTGCCG-1_1_2"
"3","AAAGAACGTTCTATCT-1_1_2"
"4","AAAGGGCAGCTGTTCA-1_1_2"
"5","AAAGGGCCAGTTGGTT-1_1_2"
"6","AAAGGGCGTAACGTTC-1_1_2"
"7","AAAGTCCCAACACAGG-1_1_2"
"8","AAAGTGACACCCTTGT-1_1_2"
"9","AAAGTGAGTCAACACT-1_1_2"
"10","AAATGGACACATAGCT-1_1_2"
"11","AAATGGAGTATCGTTG-1_1_2"
"12","AACAACCGTCGCTGCA-1_1_2"
"13","AACAAGAAGATCCAAA-1_1_2"
"14","AACAAGATCTACAGGT-1_1_2"
"15","AACAGGGCACCATAAC-1_1_2"
"16","AACAGGGCAGAAATTG-1_1_2"
"17","AACAGGGTCTCATTAC-1_1_2"
"18","AACCAACGTATGTCTG-1_1_2"
"19","AACCATGTCCATTTAC-1_1_2"
"20","AACCATGTCTGTCAGA-1_1_2"
"21","AACCTGACATTCATCT-1_1_2"
"22","AACGAAAGTCGAGCTC-1_1_2"
"23","AACTTCTGTGCACATT-1_1_2"
"24","AAGAACAAGGACAAGA-1_1_2"
"25","AAGAACACAGACACAG-1_1_2"
"26","AAGAACATCGTTGTAG-1_1_2"
"27","AAGACAAAGCATCCTA-1_1_2"
"28","AAGACTCAGTCATTGC-1_1_2"
"29","AAGACTCGTGTTGACT-1_1_2"
"30","AAGATAGGTATCGTTG-1_1_2"
"31","AAGCATCAGTGATAAC-1_1_2"
"32","AAGCATCGTTGTGTAC-1_1_2"
"33","AAGCCATAGTGGACTG-1_1_2"
"34","AAGCCATTCTTAATCC-1_1_2"
"35","AAGCGAGAGAGTTGTA-1_1_2"
"36","AAGCGAGAGCGACTAG-1_1_2"
"37","AAGCGAGCAGGCTTGC-1_1_2"
"38","AAGCGTTCAAACTGCT-1_1_2"
"39","AAGCGTTCACACCGAC-1_1_2"
"40","AAGCGTTTCGCCTATC-1_1_2"
"41","AAGGAATTCATTGTTC-1_1_2"
"42","AAGTACCAGCCGATAG-1_1_2"
"43","AAGTACCGTAACACCT-1_1_2"
"44","AAGTCGTCAGAGTGTG-1_1_2"
"45","AAGTGAAAGGCCCGTT-1_1_2"
"46","AAGTTCGCAGTAACGG-1_1_2"
"47","AAGTTCGGTTGTCATG-1_1_2"
"48","AAGTTCGTCCCAGGCA-1_1_2"
"49","AATAGAGTCAGCACCG-1_1_2"
"50","AATCGACAGTTACGTC-1_1_2"
"51","AATGAAGAGGTTGCCC-1_1_2"
"52","AATGACCTCATTCGGA-1_1_2"
"53","AATGGCTTCATGCTAG-1_1_2"
"54","AATTCCTTCTCGTCGT-1_1_2"
"55","AATTTCCCATGATCTG-1_1_2"
"56","AATTTCCTCAGCACCG-1_1_2"
"57","ACAAAGAGTAGTATAG-1_1_2"
"58","ACAAGCTTCATGTCTT-1_1_2"
"59","ACACAGTAGCATGCGA-1_1_2"
"60","ACACAGTCAGTGGGTA-1_1_2"
"61","ACACGCGTCCGCCTAT-1_1_2"
"62","ACACTGACACAGTCAT-1_1_2"
"63","ACAGAAAGTTAACAGA-1_1_2"
"64","ACATCCCTCCATAAGC-1_1_2"
"65","ACATCCCTCTCTCGAC-1_1_2"
"66","ACATGCATCAACTGAC-1_1_2"
"67","ACATTTCTCATCGCAA-1_1_2"
"68","ACCACAAAGGACACTG-1_1_2"
"69","ACCACAACAGCGAACA-1_1_2"
"70","ACCATTTCAAAGGATT-1_1_2"
"71","ACCATTTGTAGCTGCC-1_1_2"
"72","ACCATTTTCTCGACGG-1_1_2"
"73","ACCCAAAAGGACAGTC-1_1_2"
"74","ACCCAAACACCGCTAG-1_1_2"
"75","ACCCTTGCATGGTGGA-1_1_2"
"76","ACCCTTGTCTTCTAAC-1_1_2"
"77","ACCTACCGTGTCCCTT-1_1_2"
"78","ACCTGAACAATGCTCA-1_1_2"
"79","ACGATCACACATTCGA-1_1_2"
"80","ACGATCACACTCCCTA-1_1_2"
"81","ACGATGTGTCCTCATC-1_1_2"
"82","ACGATGTTCAAGGACG-1_1_2"
"83","ACGCACGAGCATGAAT-1_1_2"
"84","ACGCACGGTGCAACGA-1_1_2"
"85","ACGCACGTCAGGACAG-1_1_2"
"86","ACGGAAGAGTCAGAGC-1_1_2"
"87","ACGGGTCGTCCGATCG-1_1_2"
"88","ACGGGTCGTGAATATG-1_1_2"
"89","ACGTAACAGTAATCCC-1_1_2"
"90","ACGTAACCAGTAACAA-1_1_2"
"91","ACGTAACGTCACTTCC-1_1_2"
"92","ACGTACACAAAGGGCT-1_1_2"
"93","ACGTAGTGTGCAGTGA-1_1_2"
"94","ACTATCTCAGGTTCGC-1_1_2"
"95","ACTATGGCAGGAACCA-1_1_2"
"96","ACTGCAAAGGTGAGCT-1_1_2"
"97","ACTGCAACATGAAAGT-1_1_2"
"98","ACTGTGAAGCCAGACA-1_1_2"
"99","ACTGTGAAGTACAACA-1_1_2"
"100","ACTTAGGCATAGTCAC-1_1_2"
"101","ACTTATCCACAACGTT-1_1_2"
"102","ACTTCGCAGTCATCGT-1_1_2"
"103","ACTTTCAGTAACGGTG-1_1_2"
"104","ACTTTGTAGGTGCTAG-1_1_2"
"105","ACTTTGTCAGTCTTCC-1_1_2"
"106","ACTTTGTGTCGGTGTC-1_1_2"
"107","AGAAATGTCCTGCCAT-1_1_2"
"108","AGAAGCGAGTCATGCT-1_1_2"
"109","AGAAGCGTCACGTCCT-1_1_2"
"110","AGAAGTACAAGATGGC-1_1_2"
"111","AGACAAAGTATACAGA-1_1_2"
"112","AGACCATTCGACCAAT-1_1_2"
"113","AGACTCAGTACTAAGA-1_1_2"
"114","AGACTCAGTCTGTGCG-1_1_2"
"115","AGAGAATAGCAAATCA-1_1_2"
"116","AGAGCAGTCCATATGG-1_1_2"
"117","AGAGCCCAGCACGATG-1_1_2"
"118","AGAGCCCAGTAACCGG-1_1_2"
"119","AGATAGACACTACTTT-1_1_2"
"120","AGATCGTGTAAGAACT-1_1_2"
"121","AGATCGTTCTAGGCAT-1_1_2"
"122","AGATGCTCATGGGAAC-1_1_2"
"123","AGCATCAAGTGTTGTC-1_1_2"
"124","AGCCAATTCTCATAGG-1_1_2"
"125","AGCCACGCAGTTAGAA-1_1_2"
"126","AGCCACGTCGTTGTTT-1_1_2"
"127","AGCGATTCACCTTCGT-1_1_2"
"128","AGCGCCACATGGCCCA-1_1_2"
"129","AGCGCCAGTACCATAC-1_1_2"
"130","AGCGCTGCAACCAGAG-1_1_2"
"131","AGCTCAACAGGGAGAG-1_1_2"
"132","AGCTCAAGTCTACTGA-1_1_2"
"133","AGCTCAATCTGGAGAG-1_1_2"
"134","AGGAAATCAGACCTAT-1_1_2"
"135","AGGAATAAGAAGAACG-1_1_2"
"136","AGGAATACATCGGTTA-1_1_2"
"137","AGGAGGTCACACCAGC-1_1_2"
"138","AGGATCTCACTCTGCT-1_1_2"
"139","AGGATCTTCATCTGTT-1_1_2"
"140","AGGGAGTCAATCTAGC-1_1_2"
"141","AGGGCCTTCACTGGGC-1_1_2"
"142","AGGGCTCGTGGTCCCA-1_1_2"
"143","AGGGCTCTCCATTTGT-1_1_2"
"144","AGGGTCCTCATTTGCT-1_1_2"
"145","AGGGTGAGTCCAGTTA-1_1_2"
"146","AGGGTTTTCTGAGGTT-1_1_2"
"147","AGGTGTTCAATAGGGC-1_1_2"
"148","AGGTTACAGTAGCAAT-1_1_2"
"149","AGGTTGTGTCACGTGC-1_1_2"
"150","AGGTTGTTCAGCACCG-1_1_2"
"151","AGTACCATCGGACTTA-1_1_2"
"152","AGTAGCTAGGCGACAT-1_1_2"
"153","AGTAGTCGTCTGCCTT-1_1_2"
"154","AGTCAACTCGGCATCG-1_1_2"
"155","AGTGATCTCGCCTTGT-1_1_2"
"156","AGTGCCGCAAGTATAG-1_1_2"
"157","AGTTAGCTCGCCTTTG-1_1_2"
"158","ATACCGAGTTTCGTAG-1_1_2"
"159","ATACTTCGTACATACC-1_1_2"
"160","ATAGACCAGCCACAAG-1_1_2"
"161","ATAGACCAGCCTCTCT-1_1_2"
"162","ATAGACCAGCGTGTCC-1_1_2"
"163","ATAGACCCAGGCACAA-1_1_2"
"164","ATAGAGAGTTGTCATG-1_1_2"
"165","ATAGAGATCAGATGCT-1_1_2"
"166","ATAGGCTAGAATCGAT-1_1_2"
"167","ATCACTTAGCCAGACA-1_1_2"
"168","ATCATTCAGAGTCGAC-1_1_2"
"169","ATCATTCCACATGAAA-1_1_2"
"170","ATCATTCCACTTCTCG-1_1_2"
"171","ATCCATTAGACTCAAA-1_1_2"
"172","ATCCATTAGGTGAGCT-1_1_2"
"173","ATCCATTAGTCGAAAT-1_1_2"
"174","ATCCCTGCAACCGCCA-1_1_2"
"175","ATCCTATAGGCTAAAT-1_1_2"
"176","ATCCTATTCAGTAGGG-1_1_2"
"177","ATCGATGTCCAAGGGA-1_1_2"
"178","ATCGGATGTAACATCC-1_1_2"
"179","ATCTTCAGTTATGACC-1_1_2"
"180","ATGAAAGTCCATATGG-1_1_2"
"181","ATGCGATTCAGCTTGA-1_1_2"
"182","ATGGAGGGTTAGGCTT-1_1_2"
"183","ATGGATCTCGGACGTC-1_1_2"
"184","ATGGGAGTCAGACCCG-1_1_2"
"185","ATGGTTGTCTGGAGAG-1_1_2"
"186","ATGTCCCAGTTCATCG-1_1_2"
"187","ATGTCCCGTACTGACT-1_1_2"
"188","ATGTCCCGTTCAAAGA-1_1_2"
"189","ATTACCTGTATAGGGC-1_1_2"
"190","ATTATCCAGTGTTCAC-1_1_2"
"191","ATTCAGGTCGTTACCC-1_1_2"
"192","ATTCCATGTTCTATCT-1_1_2"
"193","ATTCCCGAGGAATCGC-1_1_2"
"194","ATTCCCGCACCAGCTG-1_1_2"
"195","ATTCTTGCAAATCAAG-1_1_2"
"196","ATTCTTGCAGGGACTA-1_1_2"
"197","ATTCTTGTCGTCAAAC-1_1_2"
"198","ATTGGGTCAATACCTG-1_1_2"
"199","ATTGGGTTCCGAAGGA-1_1_2"
"200","ATTTCACAGTCAGCCC-1_1_2"
"201","CAACAGTAGCCATCCG-1_1_2"
"202","CAACCAAAGAGGATGA-1_1_2"
"203","CAACCTCTCGGTAACT-1_1_2"
"204","CAACGGCTCCGTCCTA-1_1_2"
"205","CAAGCTAAGCTTCGTA-1_1_2"
"206","CAAGGGACACCGTCTT-1_1_2"
"207","CAATACGAGGTTCACT-1_1_2"
"208","CAATCGACATATCGGT-1_1_2"
"209","CAATGACGTTGGACTT-1_1_2"
"210","CACAACATCCTCACGT-1_1_2"
"211","CACACAAGTGCTTATG-1_1_2"
"212","CACACAATCCATCGTC-1_1_2"
"213","CACAGATTCGGTTGTA-1_1_2"
"214","CACATGATCGGCTTGG-1_1_2"
"215","CACCGTTTCGACGAGA-1_1_2"
"216","CACGGGTGTGTGTGGA-1_1_2"
"217","CACTAAGGTTAGTTCG-1_1_2"
"218","CAGATACCAAGCAATA-1_1_2"
"219","CAGATACTCGCAGAGA-1_1_2"
"220","CAGATACTCTCATGGA-1_1_2"
"221","CAGATCAGTAAGCGGT-1_1_2"
"222","CAGATTGCAGCGTGAA-1_1_2"
"223","CAGCAGCCAGGAGGAG-1_1_2"
"224","CAGCCAGCAGTGTACT-1_1_2"
"225","CAGCGTGAGTATGGCG-1_1_2"
"226","CAGCGTGTCCCGTGTT-1_1_2"
"227","CAGGCCAAGCTTCATG-1_1_2"
"228","CAGGGCTAGCGCTGCT-1_1_2"
"229","CAGGTATAGTTGTAGA-1_1_2"
"230","CAGTGCGAGGCTTTCA-1_1_2"
"231","CAGTGCGGTCGATTTG-1_1_2"
"232","CAGTGCGGTGCATCTA-1_1_2"
"233","CATACCCCACAATCTG-1_1_2"
"234","CATACCCTCGGCTGGT-1_1_2"
"235","CATACTTCATGTGACT-1_1_2"
"236","CATACTTTCGACACCG-1_1_2"
"237","CATAGACCATTCACCC-1_1_2"
"238","CATAGACTCTCCAAGA-1_1_2"
"239","CATCAAGAGTATAACG-1_1_2"
"240","CATCCACTCCATCACC-1_1_2"
"241","CATCGGGCAATTTCCT-1_1_2"
"242","CATCGGGCACATTCGA-1_1_2"
"243","CATCGGGGTGTTCCTC-1_1_2"
"244","CATCGTCAGGTCATCT-1_1_2"
"245","CATCGTCCATTAGGCT-1_1_2"
"246","CATGAGTCAGGCACTC-1_1_2"
"247","CATGCAAGTAGTGATA-1_1_2"
"248","CATGCAAGTTGGGACA-1_1_2"
"249","CATGCAATCGAGAAAT-1_1_2"
"250","CATGCCTAGTAGTCCT-1_1_2"
"251","CATGCCTTCGGCATCG-1_1_2"
"252","CATGCGGAGAGTAACT-1_1_2"
"253","CATGCGGTCGCCTTGT-1_1_2"
"254","CATGGATCACATTACG-1_1_2"
"255","CATGGTACAGCTTCCT-1_1_2"
"256","CATGGTATCGGTGCAC-1_1_2"
"257","CATTCATGTTTATGCG-1_1_2"
"258","CATTCTAAGGCCGCTT-1_1_2"
"259","CATTCTAAGGGCATGT-1_1_2"
"260","CATTGAGAGTCAGCGA-1_1_2"
"261","CATTGAGTCCCGTGAG-1_1_2"
"262","CATTGCCAGGGTTTCT-1_1_2"
"263","CATTGTTCAGTAACCT-1_1_2"
"264","CATTGTTTCTACCTTA-1_1_2"
"265","CCACACTAGTATTAGG-1_1_2"
"266","CCACACTGTGAGGAAA-1_1_2"
"267","CCACACTTCACAAGGG-1_1_2"
"268","CCACGAGCAACGATTC-1_1_2"
"269","CCACTTGCAAGCAATA-1_1_2"
"270","CCACTTGCATTGCCTC-1_1_2"
"271","CCACTTGTCAACCGAT-1_1_2"
"272","CCACTTGTCGTGGGAA-1_1_2"
"273","CCATAAGTCCAACCGG-1_1_2"
"274","CCATCACGTACCTAAC-1_1_2"
"275","CCATCACGTTGACTGT-1_1_2"
"276","CCCAACTAGCTACTAC-1_1_2"
"277","CCCTCAAGTAATTGGA-1_1_2"
"278","CCCTCTCGTACGATGG-1_1_2"
"279","CCCTCTCGTTTCAGAC-1_1_2"
"280","CCCTGATCACCCTCTA-1_1_2"
"281","CCCTTAGAGCGTGAGT-1_1_2"
"282","CCCTTAGTCATTACCT-1_1_2"
"283","CCGCAAGAGGTAAGTT-1_1_2"
"284","CCGCAAGGTTAAGCAA-1_1_2"
"285","CCGGACAAGAGGCCAT-1_1_2"
"286","CCGGACACAGCGCGTT-1_1_2"
"287","CCGGACACATTGCTTT-1_1_2"
"288","CCGGGTACACTATCCC-1_1_2"
"289","CCGGTGAAGATAACGT-1_1_2"
"290","CCGTGAGTCGGAGTGA-1_1_2"
"291","CCGTTCACAGCTGTGC-1_1_2"
"292","CCTAACCTCTGTAACG-1_1_2"
"293","CCTACGTAGAGCAGCT-1_1_2"
"294","CCTCAACTCAAGCGTT-1_1_2"
"295","CCTCACAGTCTTGGTA-1_1_2"
"296","CCTCACAGTGGCTGAA-1_1_2"
"297","CCTCAGTAGCCTGACC-1_1_2"
"298","CCTCCAAGTACCCGCA-1_1_2"
"299","CCTCCTCAGATGACAT-1_1_2"
"300","CCTCCTCGTAAGATCA-1_1_2"
"301","CCTCTAGGTAGCTTGT-1_1_2"
"302","CCTCTAGGTGTGCCTG-1_1_2"
"303","CCTCTCCAGGTCCGAA-1_1_2"
"304","CCTCTCCTCTGAGTCA-1_1_2"
"305","CCTGCATCAGCACAGA-1_1_2"
"306","CCTGCATTCGCTTGAA-1_1_2"
"307","CCTGCATTCGGTTAGT-1_1_2"
"308","CCTGTTGTCTGATGGT-1_1_2"
"309","CCTTTGGAGTAAACTG-1_1_2"
"310","CCTTTGGCACGAAAGC-1_1_2"
"311","CCTTTGGCATGCCGAC-1_1_2"
"312","CGAAGGAGTTCGGTAT-1_1_2"
"313","CGAATTGGTGGACAGT-1_1_2"
"314","CGAATTGTCCCGAAAT-1_1_2"
"315","CGACAGCCAGCAGAAC-1_1_2"
"316","CGAGAAGAGGACAGTC-1_1_2"
"317","CGAGGAAAGTCGCGAA-1_1_2"
"318","CGAGGAACATGCTGCG-1_1_2"
"319","CGAGGAATCGTCGATA-1_1_2"
"320","CGAGGCTAGGACTATA-1_1_2"
"321","CGAGTTAAGACCAAGC-1_1_2"
"322","CGAGTTATCGATGCAT-1_1_2"
"323","CGATGCGGTTACCTTT-1_1_2"
"324","CGATGCGTCCACAGCG-1_1_2"
"325","CGATGGCAGCAAGGAA-1_1_2"
"326","CGATGGCCATCGGTTA-1_1_2"
"327","CGATGGCGTACTCCCT-1_1_2"
"328","CGATGGCGTCAAAGTA-1_1_2"
"329","CGCAGGTCAATCCTAG-1_1_2"
"330","CGCATAAGTAACGGTG-1_1_2"
"331","CGGAACCCACGGCCAT-1_1_2"
"332","CGGAACCTCTGCGAGC-1_1_2"
"333","CGGAATTAGGCACCAA-1_1_2"
"334","CGGACACGTGACCGAA-1_1_2"
"335","CGGGACTTCGGCCCAA-1_1_2"
"336","CGGGTCAGTAGCTTAC-1_1_2"
"337","CGGGTCATCCGATAAC-1_1_2"
"338","CGGGTGTAGCTCGTGC-1_1_2"
"339","CGGGTGTAGTTGCGCC-1_1_2"
"340","CGGTCAGCAGGCGATA-1_1_2"
"341","CGTAAGTCAGTCGGTC-1_1_2"
"342","CGTAAGTCAGTGACCC-1_1_2"
"343","CGTAAGTGTGTTTACG-1_1_2"
"344","CGTCAAAAGAGAGTTT-1_1_2"
"345","CGTCCATCACCAGTTA-1_1_2"
"346","CGTGAATAGTCAGAGC-1_1_2"
"347","CGTGATAGTGAATGAT-1_1_2"
"348","CGTGCTTAGCAGGTCA-1_1_2"
"349","CGTGCTTAGTTACTCG-1_1_2"
"350","CGTGTCTAGTAGGATT-1_1_2"
"351","CGTTAGAAGCTGTCCG-1_1_2"
"352","CTAACCCAGTCTAGCT-1_1_2"
"353","CTACAGATCCTGGGAC-1_1_2"
"354","CTACCCAGTGCTTCAA-1_1_2"
"355","CTACCTGGTGAGTCAG-1_1_2"
"356","CTATAGGGTATCAAGA-1_1_2"
"357","CTATAGGGTGACGTCC-1_1_2"
"358","CTATCCGCAGCCGGTT-1_1_2"
"359","CTCAACCAGGTGCAGT-1_1_2"
"360","CTCAACCGTTAGAGAT-1_1_2"
"361","CTCAAGATCCATTTAC-1_1_2"
"362","CTCAATTGTTAGGCCC-1_1_2"
"363","CTCACTGTCTGATGGT-1_1_2"
"364","CTCAGAAAGCTGAGCA-1_1_2"
"365","CTCAGGGAGTTGCTCA-1_1_2"
"366","CTCATGCCAGTAACAA-1_1_2"
"367","CTCATGCGTGAATGAT-1_1_2"
"368","CTCATGCTCTAGTCAG-1_1_2"
"369","CTCATTACAACTACGT-1_1_2"
"370","CTCATTAGTGCTCTTC-1_1_2"
"371","CTCCAACAGACCGTTT-1_1_2"
"372","CTCCAACAGGTTCATC-1_1_2"
"373","CTCCACATCCCTTGTG-1_1_2"
"374","CTCCATGGTATCCCAA-1_1_2"
"375","CTCCATGTCTGACAGT-1_1_2"
"376","CTCCCTCGTTCGGTCG-1_1_2"
"377","CTCCTTTAGCGTCGAA-1_1_2"
"378","CTCCTTTGTCCGTACG-1_1_2"
"379","CTCCTTTTCAACTGGT-1_1_2"
"380","CTCGAGGCATTGTAGC-1_1_2"
"381","CTCGAGGTCGTCGACG-1_1_2"
"382","CTCTCAGTCAGCAATC-1_1_2"
"383","CTCTCGACATCTATCT-1_1_2"
"384","CTCTCGAGTACCAGAG-1_1_2"
"385","CTCTCGATCCGTGTAA-1_1_2"
"386","CTCTGGTGTCCCTCAT-1_1_2"
"387","CTGAGGCCAGAAGTGC-1_1_2"
"388","CTGCATCCATCTTAGG-1_1_2"
"389","CTGCCATTCGTGCTCT-1_1_2"
"390","CTGCGAGGTCCACGCA-1_1_2"
"391","CTGCGAGTCGATTTCT-1_1_2"
"392","CTGCTCAGTCAACCAT-1_1_2"
"393","CTGGCAGAGCGGGTTA-1_1_2"
"394","CTGGCAGCAGTCAACT-1_1_2"
"395","CTGTACCTCCCTATTA-1_1_2"
"396","CTGTAGACAAACCACT-1_1_2"
"397","CTGTAGATCATGGATC-1_1_2"
"398","CTGTGAAAGTAGATCA-1_1_2"
"399","CTGTGAACACGTATAC-1_1_2"
"400","CTGTGGGCATCCCACT-1_1_2"
"401","CTTACCGCACCACATA-1_1_2"
"402","CTTAGGACATCTCATT-1_1_2"
"403","CTTCCTTCACCATAAC-1_1_2"
"404","CTTCCTTCATTATGCG-1_1_2"
"405","CTTCCTTGTCCCTAAA-1_1_2"
"406","CTTGATTAGAACTTCC-1_1_2"
"407","GAAACCTAGGATTACA-1_1_2"
"408","GAAACCTTCCATACAG-1_1_2"
"409","GAACACTTCCGTCACT-1_1_2"
"410","GAACGTTGTGTACATC-1_1_2"
"411","GAAGCCCGTGGATGAC-1_1_2"
"412","GAAGCCCTCCTCTAGC-1_1_2"
"413","GAAGGACTCATTTACC-1_1_2"
"414","GAAGGGTGTAGTTACC-1_1_2"
"415","GAAGGGTGTATGAAGT-1_1_2"
"416","GAAGTAAAGGACAGCT-1_1_2"
"417","GAATCGTAGACCAAGC-1_1_2"
"418","GACACGCTCGAAGAAT-1_1_2"
"419","GACAGCCGTGCCTGCA-1_1_2"
"420","GACATCACACACACGC-1_1_2"
"421","GACCCAGTCACTCCGT-1_1_2"
"422","GACCCAGTCATCTCTA-1_1_2"
"423","GACCGTGCAACACAGG-1_1_2"
"424","GACGCTGAGATTAGTG-1_1_2"
"425","GACGCTGTCAGGACGA-1_1_2"
"426","GACTATGCAGAACGCA-1_1_2"
"427","GACTCAATCTCGCCTA-1_1_2"
"428","GACTCTCCACAAATCC-1_1_2"
"429","GACTGATGTATCATGC-1_1_2"
"430","GACTGATGTGAATGTA-1_1_2"
"431","GACTTCCGTCATCGCG-1_1_2"
"432","GACTTCCTCACTGAAC-1_1_2"
"433","GAGACCCGTTCGTGCG-1_1_2"
"434","GAGACTTAGGAGCTGT-1_1_2"
"435","GAGATGGAGCATCTTG-1_1_2"
"436","GAGATGGAGTTAGTAG-1_1_2"
"437","GAGATGGTCAGCGCAC-1_1_2"
"438","GAGATGGTCCATAGAC-1_1_2"
"439","GAGATGGTCGAGGCAA-1_1_2"
"440","GAGATGGTCTTTCGAT-1_1_2"
"441","GAGCCTGAGCCTCAGC-1_1_2"
"442","GAGCTGCGTACTGCCG-1_1_2"
"443","GAGCTGCGTCATGGCC-1_1_2"
"444","GAGCTGCTCCACGTAA-1_1_2"
"445","GAGCTGCTCTCTAGGA-1_1_2"
"446","GAGGCAAAGAATTGCA-1_1_2"
"447","GAGGCAACAGAGCTAG-1_1_2"
"448","GAGGCAAGTCCTACGG-1_1_2"
"449","GAGGCCTAGAAAGCGA-1_1_2"
"450","GAGGCCTCAAGCTACT-1_1_2"
"451","GAGGCCTTCAGTGTGT-1_1_2"
"452","GAGGCCTTCATAGACC-1_1_2"
"453","GAGGGTAAGCGACATG-1_1_2"
"454","GAGGGTATCTCACCCA-1_1_2"
"455","GAGTCATAGTACAACA-1_1_2"
"456","GAGTCATCATGGCTGC-1_1_2"
"457","GAGTCTAAGCCGCTTG-1_1_2"
"458","GAGTTACTCAGGCGAA-1_1_2"
"459","GAGTTACTCTTCGTAT-1_1_2"
"460","GAGTTGTAGTAGATCA-1_1_2"
"461","GAGTTGTGTTCGTGCG-1_1_2"
"462","GAGTTGTTCTGGAAGG-1_1_2"
"463","GAGTTTGGTCGCTGCA-1_1_2"
"464","GATAGAACAGATACCT-1_1_2"
"465","GATAGAATCAGTAGGG-1_1_2"
"466","GATAGCTGTGCCTACG-1_1_2"
"467","GATAGCTTCAAGGTGG-1_1_2"
"468","GATAGCTTCCGTTGGG-1_1_2"
"469","GATAGCTTCGGCAGTC-1_1_2"
"470","GATAGCTTCGGTTCAA-1_1_2"
"471","GATCACACATCAGTCA-1_1_2"
"472","GATCATGGTCCCTGTT-1_1_2"
"473","GATCCCTAGATTACCC-1_1_2"
"474","GATGACTCACTTACAG-1_1_2"
"475","GATGAGGCAAAGACTA-1_1_2"
"476","GATGCTATCGAACGGA-1_1_2"
"477","GATGCTATCTGTGCTC-1_1_2"
"478","GATGGAGGTAGAGATT-1_1_2"
"479","GATGTTGAGTTCGCAT-1_1_2"
"480","GATTCGAAGCGATGAC-1_1_2"
"481","GATTCGAAGTGAGTGC-1_1_2"
"482","GATTCGATCCGCATAA-1_1_2"
"483","GATTGGTGTGAAGCTG-1_1_2"
"484","GATTGGTTCAAGTAAG-1_1_2"
"485","GATTTCTTCACGGAGA-1_1_2"
"486","GCAACATGTACTGACT-1_1_2"
"487","GCAACCGGTAGGCTGA-1_1_2"
"488","GCACATAAGTGGAATT-1_1_2"
"489","GCACGGTAGGATGCGT-1_1_2"
"490","GCACGGTCATATAGCC-1_1_2"
"491","GCACGTGTCGGCTTGG-1_1_2"
"492","GCAGCCAGTATGAGAT-1_1_2"
"493","GCAGGCTGTATGACAA-1_1_2"
"494","GCAGGCTGTATTAAGG-1_1_2"
"495","GCAGGCTTCTTGTTAC-1_1_2"
"496","GCAGTTAGTTACGTAC-1_1_2"
"497","GCATCGGGTGCGAGTA-1_1_2"
"498","GCATGATAGTGCCCGT-1_1_2"
"499","GCCAACGCAAGCCATT-1_1_2"
"500","GCCAACGCAAGGAGTC-1_1_2"
"501","GCCAACGCATCAGTGT-1_1_2"
"502","GCCAGGTAGCTAATCC-1_1_2"
"503","GCCAGGTCACTTTAGG-1_1_2"
"504","GCCAGTGCAATAGTAG-1_1_2"
"505","GCCATGGAGTAGGATT-1_1_2"
"506","GCCATGGTCGCATGAT-1_1_2"
"507","GCCCGAACAGCGGTTC-1_1_2"
"508","GCCGATGAGCAATTCC-1_1_2"
"509","GCCGATGGTCGTTTCC-1_1_2"
"510","GCGTGCACATTCACAG-1_1_2"
"511","GCGTTTCAGCGATTCT-1_1_2"
"512","GCGTTTCGTCAGTCGC-1_1_2"
"513","GCGTTTCTCGTAGTGT-1_1_2"
"514","GCTACAAGTGCGAGTA-1_1_2"
"515","GCTACCTCACAAGCCC-1_1_2"
"516","GCTACCTTCAAAGGTA-1_1_2"
"517","GCTGAATAGAGTTGCG-1_1_2"
"518","GCTGAATGTACCAGAG-1_1_2"
"519","GCTGGGTAGATTCGAA-1_1_2"
"520","GCTTCACCAGAGGTAC-1_1_2"
"521","GGAACCCTCTCATGCC-1_1_2"
"522","GGAAGTGAGAGCCGAT-1_1_2"
"523","GGAAGTGAGATGCTGG-1_1_2"
"524","GGAAGTGCAACCAATC-1_1_2"
"525","GGAAGTGCAGGCTACC-1_1_2"
"526","GGAAGTGCAGTATTCG-1_1_2"
"527","GGAAGTGTCTAGGCAT-1_1_2"
"528","GGAATGGTCGAATCCA-1_1_2"
"529","GGAGATGCACCCTGAG-1_1_2"
"530","GGCTTGGGTGGCCTCA-1_1_2"
"531","GGCTTGGTCGTCAAAC-1_1_2"
"532","GGCTTTCTCCCAGCGA-1_1_2"
"533","GGGAAGTGTCTCGACG-1_1_2"
"534","GGGACAAGTTACGCCG-1_1_2"
"535","GGGACCTTCTGACCCT-1_1_2"
"536","GGGATGAGTGGCTACC-1_1_2"
"537","GGGCGTTGTTGGGTAG-1_1_2"
"538","GGGCTACTCTACAGGT-1_1_2"
"539","GGGTAGACACAGTCCG-1_1_2"
"540","GGGTCTGCACACCAGC-1_1_2"
"541","GGGTGTCGTGCCCGTA-1_1_2"
"542","GGGTGTCGTGGGTTGA-1_1_2"
"543","GGGTTATAGCAATTCC-1_1_2"
"544","GGGTTATCAATAGGGC-1_1_2"
"545","GGGTTATTCCCAGCGA-1_1_2"
"546","GGGTTTATCAGTCCGG-1_1_2"
"547","GGTAATCCATTGTAGC-1_1_2"
"548","GGTAGAGCAAGCTGCC-1_1_2"
"549","GGTAGAGCAGCCGGTT-1_1_2"
"550","GGTCACGAGTGCACAG-1_1_2"
"551","GGTCTGGCATGATCTG-1_1_2"
"552","GGTGAAGCAAGCTGCC-1_1_2"
"553","GGTGAAGGTTCCGCAG-1_1_2"
"554","GGTGATTTCAGTCAGT-1_1_2"
"555","GGTGTTAAGCAGCACA-1_1_2"
"556","GGTTAACTCGTGAGAG-1_1_2"
"557","GGTTCTCCAACAGAGC-1_1_2"
"558","GGTTCTCGTGCCTAAT-1_1_2"
"559","GTAAGTCAGTTAGTAG-1_1_2"
"560","GTAATCGTCTCGGTAA-1_1_2"
"561","GTAATGCCATCAACCA-1_1_2"
"562","GTAATGCGTTAGCTAC-1_1_2"
"563","GTACAACAGCCGAATG-1_1_2"
"564","GTACAACGTGCCTTCT-1_1_2"
"565","GTACAGTAGCTTGTTG-1_1_2"
"566","GTAGAAAGTCAGCGTC-1_1_2"
"567","GTAGAGGTCCCTCTAG-1_1_2"
"568","GTAGATCTCTCACGAA-1_1_2"
"569","GTAGCTAGTTTGTTCT-1_1_2"
"570","GTAGGAGCAACAGCCC-1_1_2"
"571","GTAGGAGCAAGCGATG-1_1_2"
"572","GTATTGGTCCAAGCAT-1_1_2"
"573","GTATTGGTCTACACTT-1_1_2"
"574","GTATTTCGTATGGAAT-1_1_2"
"575","GTATTTCGTCTGATCA-1_1_2"
"576","GTATTTCGTGCAGATG-1_1_2"
"577","GTATTTCTCCTGGTCT-1_1_2"
"578","GTCAAACGTGCGTCGT-1_1_2"
"579","GTCAAACGTGGATCGA-1_1_2"
"580","GTCACTCAGGAGTCTG-1_1_2"
"581","GTCAGCGAGCATACTC-1_1_2"
"582","GTCATCCGTGCCGGTT-1_1_2"
"583","GTCATGAAGAATTGTG-1_1_2"
"584","GTCATGAGTGACACGA-1_1_2"
"585","GTCATTTGTTTCGATG-1_1_2"
"586","GTCCCATAGAATTGCA-1_1_2"
"587","GTCCCATTCCCGTGAG-1_1_2"
"588","GTCCTCAGTGCACATT-1_1_2"
"589","GTCGAATCAACCCTAA-1_1_2"
"590","GTCGAATGTCGCAACC-1_1_2"
"591","GTCGCGAAGTCACAGG-1_1_2"
"592","GTCGCGACAAGACGGT-1_1_2"
"593","GTCGCGATCGATACTG-1_1_2"
"594","GTCGTAACACGACGTC-1_1_2"
"595","GTCTACCTCTACTGAG-1_1_2"
"596","GTCTAGAGTAGGTAGC-1_1_2"
"597","GTCTAGATCACCGGGT-1_1_2"
"598","GTCTCACCAATGAACA-1_1_2"
"599","GTCTGTCCACCGGTCA-1_1_2"
"600","GTCTGTCCATCGATCA-1_1_2"
"601","GTCTTTAGTATGTCTG-1_1_2"
"602","GTGAGCCAGTAGTCTC-1_1_2"
"603","GTGAGGACATTGTCGA-1_1_2"
"604","GTGAGGAGTCCCTGAG-1_1_2"
"605","GTGAGTTAGGGCAACT-1_1_2"
"606","GTGAGTTTCGTGCATA-1_1_2"
"607","GTGATGTGTATGTCAC-1_1_2"
"608","GTGCACGAGTTGGCTT-1_1_2"
"609","GTGCGTGCAGAATGTA-1_1_2"
"610","GTGCTGGAGAATCTAG-1_1_2"
"611","GTGCTGGAGGATATAC-1_1_2"
"612","GTGCTTCGTAGATTAG-1_1_2"
"613","GTGGAAGCAACACAAA-1_1_2"
"614","GTGGAAGCACATGAAA-1_1_2"
"615","GTGGCGTTCATGGCCG-1_1_2"
"616","GTGGGAAGTTTCTTAC-1_1_2"
"617","GTGGTTAAGGTTCCAT-1_1_2"
"618","GTGTCCTAGCACAAAT-1_1_2"
"619","GTGTCCTGTCTAGTGT-1_1_2"
"620","GTGTGATGTCTAACTG-1_1_2"
"621","GTGTTCCGTTTACCTT-1_1_2"
"622","GTGTTCCTCATTACCT-1_1_2"
"623","GTTACCCAGGCTAGCA-1_1_2"
"624","GTTACCCTCTGCAGCG-1_1_2"
"625","GTTACGAAGGATACGC-1_1_2"
"626","GTTACGACACTGGATT-1_1_2"
"627","GTTAGTGGTGAGTTTC-1_1_2"
"628","GTTATGGAGCCTCTGG-1_1_2"
"629","GTTATGGCACGCTGCA-1_1_2"
"630","GTTATGGCAGAACCGA-1_1_2"
"631","GTTCCGTAGGATTACA-1_1_2"
"632","GTTCCGTAGTAAGCAT-1_1_2"
"633","GTTCCGTGTGGCCTCA-1_1_2"
"634","GTTCCGTGTTCGGCTG-1_1_2"
"635","GTTCTATCAGGCGATA-1_1_2"
"636","GTTGCTCGTGGATTTC-1_1_2"
"637","GTTGTAGGTATAATGG-1_1_2"
"638","GTTGTCCCAAATAGCA-1_1_2"
"639","GTTTACTAGTGGTGAC-1_1_2"
"640","GTTTACTGTCAGACTT-1_1_2"
"641","GTTTGGAGTATGGAGC-1_1_2"
"642","GTTTGGAGTGTCACAT-1_1_2"
"643","GTTTGGATCTCATTAC-1_1_2"
"644","TAACCAGAGGAACTCG-1_1_2"
"645","TAACCAGCAATCGTCA-1_1_2"
"646","TAACGACCACGGCCAT-1_1_2"
"647","TAACGACGTATTCCGA-1_1_2"
"648","TAACGACGTTACACAC-1_1_2"
"649","TAACGACTCTCAGTCC-1_1_2"
"650","TAAGCCAGTCTGCGCA-1_1_2"
"651","TAAGCCATCGTCACCT-1_1_2"
"652","TAAGCGTGTATGAAGT-1_1_2"
"653","TAAGCGTGTGGGCTCT-1_1_2"
"654","TAAGTCGGTAGATCGG-1_1_2"
"655","TACAACGAGTCGGCAA-1_1_2"
"656","TACACCCTCTAGCCTC-1_1_2"
"657","TACACCCTCTCCACTG-1_1_2"
"658","TACAGGTGTGTCTTCC-1_1_2"
"659","TACCCACCACTGGACC-1_1_2"
"660","TACCCGTAGATGATTG-1_1_2"
"661","TACCCGTCATGACAAA-1_1_2"
"662","TACCCGTTCGGTGAAG-1_1_2"
"663","TACCGAAAGCACTAGG-1_1_2"
"664","TACCGAAGTCGGTGAA-1_1_2"
"665","TACCGAATCTAACACG-1_1_2"
"666","TACGCTCAGTCATACC-1_1_2"
"667","TACGGGCAGCGTCGAA-1_1_2"
"668","TACGTCCTCATGCCGG-1_1_2"
"669","TACTGCCAGTGAACAT-1_1_2"
"670","TACTGCCCATGGCCAC-1_1_2"
"671","TACTTCATCGTGCATA-1_1_2"
"672","TACTTGTTCCGAGAAG-1_1_2"
"673","TAGACTGCAGCCGTTG-1_1_2"
"674","TAGACTGCAGCGGTCT-1_1_2"
"675","TAGAGTCAGGCCCACT-1_1_2"
"676","TAGGTACAGCAGGTCA-1_1_2"
"677","TAGGTACCAACGACTT-1_1_2"
"678","TAGGTACGTTGCACGC-1_1_2"
"679","TATCAGGAGTTCGCAT-1_1_2"
"680","TATCCTAAGTAAACTG-1_1_2"
"681","TATCTGTAGGCCCACT-1_1_2"
"682","TATGTTCGTTCAATCG-1_1_2"
"683","TATTGGGGTATCTTCT-1_1_2"
"684","TCAAGACAGGGATCAC-1_1_2"
"685","TCACAAGTCCATAGGT-1_1_2"
"686","TCACACCGTTCACGAT-1_1_2"
"687","TCACACCTCTGTCGTC-1_1_2"
"688","TCACATTGTTCGGCCA-1_1_2"
"689","TCACTATCAACCGCCA-1_1_2"
"690","TCACTCGCAGGTGTGA-1_1_2"
"691","TCACTCGTCACCATAG-1_1_2"
"692","TCAGGGCAGGGTCAAC-1_1_2"
"693","TCAGGTAGTAGACGGT-1_1_2"
"694","TCAGGTATCGAAGAAT-1_1_2"
"695","TCATACTTCTTTGCGC-1_1_2"
"696","TCATCATGTTCATCGA-1_1_2"
"697","TCATGAGCAATGTGGG-1_1_2"
"698","TCATGAGCAGTAGATA-1_1_2"
"699","TCATGAGGTATTGCCA-1_1_2"
"700","TCATGCCAGCACCAGA-1_1_2"
"701","TCATGGAGTATCTCGA-1_1_2"
"702","TCATTACAGGTTTGAA-1_1_2"
"703","TCATTCACAGCAGATG-1_1_2"
"704","TCATTCAGTCTGTAAC-1_1_2"
"705","TCCAGAACAAGGTCTT-1_1_2"
"706","TCCATGCAGCTGCCTG-1_1_2"
"707","TCCCAGTCACATAACC-1_1_2"
"708","TCCCAGTGTACCCGAC-1_1_2"
"709","TCCCATGAGCCGTTAT-1_1_2"
"710","TCCGAAACACTGGACC-1_1_2"
"711","TCCGAAAGTGGTGATG-1_1_2"
"712","TCCGTGTGTTCCACAA-1_1_2"
"713","TCCTCTTGTGTTGACT-1_1_2"
"714","TCCTGCATCAAAGACA-1_1_2"
"715","TCGAACAAGAATAACC-1_1_2"
"716","TCGAAGTTCCACACAA-1_1_2"
"717","TCGACCTTCGGCCAAC-1_1_2"
"718","TCGCAGGGTACTCGAT-1_1_2"
"719","TCGCTCAAGAGGCTGT-1_1_2"
"720","TCGCTTGCAAACGGCA-1_1_2"
"721","TCGGGCATCATTACGG-1_1_2"
"722","TCGGGCATCGTTCATT-1_1_2"
"723","TCGTAGAAGTCAAGCG-1_1_2"
"724","TCGTCCAAGCTAAATG-1_1_2"
"725","TCGTCCAAGGACAGCT-1_1_2"
"726","TCGTCCAGTCTCTCAC-1_1_2"
"727","TCGTGGGCATATCTCT-1_1_2"
"728","TCGTGGGGTGAATAAC-1_1_2"
"729","TCTACCGTCTAGACAC-1_1_2"
"730","TCTATACAGATCCGAG-1_1_2"
"731","TCTATCACACAATCTG-1_1_2"
"732","TCTATCAGTTGCATCA-1_1_2"
"733","TCTCACGCACAAGCTT-1_1_2"
"734","TCTCCGATCTTTGCTA-1_1_2"
"735","TCTCTGGTCGAACACT-1_1_2"
"736","TCTGCCACACGTTGGC-1_1_2"
"737","TCTGCCAGTTGTAAAG-1_1_2"
"738","TCTGGCTGTCGCCACA-1_1_2"
"739","TCTGTCGAGGCTATCT-1_1_2"
"740","TCTGTCGGTAACTTCG-1_1_2"
"741","TCTGTCGGTACTTCCC-1_1_2"
"742","TCTTCCTAGCTCGTGC-1_1_2"
"743","TCTTCCTAGTGCTCGC-1_1_2"
"744","TCTTCCTCACTGTCGG-1_1_2"
"745","TCTTCCTTCTTGGATG-1_1_2"
"746","TCTTTGACACCTTCGT-1_1_2"
"747","TCTTTGAGTGGAGGTT-1_1_2"
"748","TGAACGTAGACTTCAC-1_1_2"
"749","TGAACGTCACAGGATG-1_1_2"
"750","TGAACGTGTAGAATGT-1_1_2"
"751","TGAACGTTCGGTCATA-1_1_2"
"752","TGACAGTGTTCGCGTG-1_1_2"
"753","TGACGCGTCCTTATCA-1_1_2"
"754","TGAGACTCAGCTGTGC-1_1_2"
"755","TGAGACTGTACTCGCG-1_1_2"
"756","TGAGCGCTCTTAAGGC-1_1_2"
"757","TGAGGAGCAACAAAGT-1_1_2"
"758","TGAGGTTGTGAGCTCC-1_1_2"
"759","TGATCAGCAGGTATGG-1_1_2"
"760","TGATCTTCACCTTCGT-1_1_2"
"761","TGATCTTGTTAAAGTG-1_1_2"
"762","TGATGGTTCGTGGGTC-1_1_2"
"763","TGATTCTGTATCAGCT-1_1_2"
"764","TGATTTCAGGTGCCAA-1_1_2"
"765","TGCACGGCAATCAAGA-1_1_2"
"766","TGCAGATTCCGGACGT-1_1_2"
"767","TGCAGATTCGCTCCTA-1_1_2"
"768","TGCGATAAGATGGTCG-1_1_2"
"769","TGCGATAGTTCAAACC-1_1_2"
"770","TGCGATATCACAACCA-1_1_2"
"771","TGCGGCAAGATGCTTC-1_1_2"
"772","TGCGGCAGTCCGAAGA-1_1_2"
"773","TGCGGGTGTAGACACG-1_1_2"
"774","TGCTCCAAGGCCGCTT-1_1_2"
"775","TGCTCCACACAGTATC-1_1_2"
"776","TGCTGAAGTAGAGCTG-1_1_2"
"777","TGCTTCGCAGCTATTG-1_1_2"
"778","TGCTTGCAGTCGGGAT-1_1_2"
"779","TGGAACTGTTAGGCTT-1_1_2"
"780","TGGAGAGCAATCGAAA-1_1_2"
"781","TGGAGGAAGAGGACTC-1_1_2"
"782","TGGAGGAAGGGTATAT-1_1_2"
"783","TGGAGGACATCGAAGG-1_1_2"
"784","TGGCGTGGTTCAGGTT-1_1_2"
"785","TGGCGTGTCTGGCTGG-1_1_2"
"786","TGGGAAGCACAAGCTT-1_1_2"
"787","TGGGAGAGTTATTCCT-1_1_2"
"788","TGGGATTCAGTGGGTA-1_1_2"
"789","TGGGATTGTTGGGATG-1_1_2"
"790","TGGGCGTAGAGAGCCT-1_1_2"
"791","TGGGCGTGTCGGCTAC-1_1_2"
"792","TGGGTTAGTCCACTCT-1_1_2"
"793","TGGGTTAGTGGCAACA-1_1_2"
"794","TGGTTAGAGTATGAGT-1_1_2"
"795","TGGTTAGGTAGGTGCA-1_1_2"
"796","TGTCCACTCAGTGTTG-1_1_2"
"797","TGTCCCAGTGGGATTG-1_1_2"
"798","TGTCCTGTCGCTCTCA-1_1_2"
"799","TGTGAGTAGGTCTACT-1_1_2"
"800","TGTGCGGAGATTAGAC-1_1_2"
"801","TGTGCGGAGCCTCTGG-1_1_2"
"802","TGTTCCGGTTCGGCGT-1_1_2"
"803","TGTTGGAGTGGAAGTC-1_1_2"
"804","TTAATCCGTCCTCATC-1_1_2"
"805","TTACGTTAGTGCAAAT-1_1_2"
"806","TTACGTTTCCCATTTA-1_1_2"
"807","TTACTGTCATCCTTCG-1_1_2"
"808","TTAGGCAGTTGCTCGG-1_1_2"
"809","TTATTGCCAGCATGCC-1_1_2"
"810","TTATTGCTCGGCTGTG-1_1_2"
"811","TTCATGTAGTGCAAAT-1_1_2"
"812","TTCATTGCAAGTATAG-1_1_2"
"813","TTCATTGTCATAAGGA-1_1_2"
"814","TTCATTGTCGCTACAA-1_1_2"
"815","TTCCAATGTTAGGACG-1_1_2"
"816","TTCCACGTCAGGAAGC-1_1_2"
"817","TTCCACGTCATTGTTC-1_1_2"
"818","TTCCGGTTCGTGCTCT-1_1_2"
"819","TTCCGTGGTTAGAAGT-1_1_2"
"820","TTCCTCTAGGGCAACT-1_1_2"
"821","TTCCTTCAGGCGTTGA-1_1_2"
"822","TTCCTTCCAGAGATGC-1_1_2"
"823","TTCCTTCCAGTGCGCT-1_1_2"
"824","TTCCTTCGTAAGGCCA-1_1_2"
"825","TTCCTTCTCAGAGTGG-1_1_2"
"826","TTCGATTGTTGACGGA-1_1_2"
"827","TTCGATTTCGTGCGAC-1_1_2"
"828","TTCGCTGCACTGCGTG-1_1_2"
"829","TTCGGTCCAGAACGCA-1_1_2"
"830","TTCTAACCACCTGCAG-1_1_2"
"831","TTCTGTAAGGCCTAGA-1_1_2"
"832","TTCTGTACAAGAGTGC-1_1_2"
"833","TTCTTCCTCCTACCAC-1_1_2"
"834","TTCTTGAAGGACAACC-1_1_2"
"835","TTCTTGACAGTAACAA-1_1_2"
"836","TTCTTGATCCATATGG-1_1_2"
"837","TTGAGTGAGCGGGTAT-1_1_2"
"838","TTGCTGCCATGTTACG-1_1_2"
"839","TTGGATGAGACCAACG-1_1_2"
"840","TTGGATGCAAGCAATA-1_1_2"
"841","TTGGGATAGGAAGTGA-1_1_2"
"842","TTGGGATAGTCATCGT-1_1_2"
"843","TTGGGCGGTGAGTAGC-1_1_2"
"844","TTGTGTTAGAGCAGTC-1_1_2"
"845","TTGTGTTTCCTCCACA-1_1_2"
"846","TTGTTCAAGTTACGAA-1_1_2"
"847","TTTATGCAGAGTGTTA-1_1_2"
"848","TTTATGCAGCAACAAT-1_1_2"
"849","TTTCACACAGACATCT-1_1_2"
"850","TTTCCTCGTATTCTCT-1_1_2"
"851","TTTCGATCAACAACAA-1_1_2"
"852","TTTGATCAGTCGGCCT-1_1_2"
"853","TTTGATCCAGGTGTTT-1_1_2"
"854","TTTGATCTCAAGGAGC-1_1_2"
"855","TTTGATCTCGTTCCCA-1_1_2"
"856","TTTGTTGGTCTCCCTA-1_1_2"
"857","TTTGTTGGTTCGAGCC-1_1_2"
"858","TTTGTTGGTTGTACGT-1_1_2"
