"","x"
"1","AAACCCAAGTGTAGTA-1_3_1"
"2","AAACCCACACCGTGGT-1_3_1"
"3","AAACCCAGTTGCACGC-1_3_1"
"4","AAACCCATCTTTCAGT-1_3_1"
"5","AAACGAAGTCAACCTA-1_3_1"
"6","AAAGAACAGAGTGTGC-1_3_1"
"7","AAAGGATGTACTAGCT-1_3_1"
"8","AAAGGGCGTGCTGATT-1_3_1"
"9","AAAGTCCCAGGTCAAG-1_3_1"
"10","AAAGTGACATTGTCGA-1_3_1"
"11","AAAGTGAGTATGATCC-1_3_1"
"12","AACAAAGCAACGACTT-1_3_1"
"13","AACAAAGTCCGTACGG-1_3_1"
"14","AACAAAGTCGTGGCTG-1_3_1"
"15","AACAACCGTGCGGCTT-1_3_1"
"16","AACAACCTCAATGTCG-1_3_1"
"17","AACAACCTCACCGACG-1_3_1"
"18","AACAAGAAGCTATCTG-1_3_1"
"19","AACAAGACAAGTATAG-1_3_1"
"20","AACAAGAGTGCAGATG-1_3_1"
"21","AACACACCATTGCTTT-1_3_1"
"22","AACAGGGAGAATCTAG-1_3_1"
"23","AACAGGGCACCCTCTA-1_3_1"
"24","AACCAACGTTGGCCGT-1_3_1"
"25","AACCACAAGGAAAGTG-1_3_1"
"26","AACCACACACTACTTT-1_3_1"
"27","AACCACATCGATCCAA-1_3_1"
"28","AACCATGGTGATACAA-1_3_1"
"29","AACCCAAAGCCAAGTG-1_3_1"
"30","AACCCAAAGCCACCGT-1_3_1"
"31","AACCTTTCACGGCTAC-1_3_1"
"32","AACGTCAAGGATACCG-1_3_1"
"33","AACTTCTCACAGCATT-1_3_1"
"34","AACTTCTGTCAAGCCC-1_3_1"
"35","AAGAACAAGCCAGAGT-1_3_1"
"36","AAGAACACAATTCTTC-1_3_1"
"37","AAGAACAGTAGCACGA-1_3_1"
"38","AAGACAACATACATCG-1_3_1"
"39","AAGATAGCAGAGGTTG-1_3_1"
"40","AAGATAGCAGCTGAGA-1_3_1"
"41","AAGCATCTCGTTCGCT-1_3_1"
"42","AAGCCATAGCGTCTCG-1_3_1"
"43","AAGCCATCACAGAAGC-1_3_1"
"44","AAGCCATTCGAAGTGG-1_3_1"
"45","AAGCGTTCAACTCGAT-1_3_1"
"46","AAGGAATAGCCTAGGA-1_3_1"
"47","AAGGAATGTACACTCA-1_3_1"
"48","AAGGTAAAGCGTGCTC-1_3_1"
"49","AAGGTAAGTAGATTGA-1_3_1"
"50","AAGTACCCAAATACAG-1_3_1"
"51","AAGTACCTCACTCTTA-1_3_1"
"52","AATCGACGTACGTGTT-1_3_1"
"53","AATCGACTCCTTATCA-1_3_1"
"54","AATCGTGGTCCCGTGA-1_3_1"
"55","AATGAAGAGATGCTTC-1_3_1"
"56","AATGACCTCAGACCGC-1_3_1"
"57","AATGACCTCTCTCGCA-1_3_1"
"58","AATGCCAAGGTAGACC-1_3_1"
"59","AATGCCACACTCCGGA-1_3_1"
"60","AATGCCATCACGGAGA-1_3_1"
"61","AATGGAACACAATTCG-1_3_1"
"62","AATGGAAGTTTGATCG-1_3_1"
"63","AATTCCTCAAGTGACG-1_3_1"
"64","AATTCCTGTAAGGCTG-1_3_1"
"65","AATTTCCAGGTCTGGA-1_3_1"
"66","AATTTCCAGGTGCTGA-1_3_1"
"67","AATTTCCTCTTCCTAA-1_3_1"
"68","ACAAAGATCAGATGCT-1_3_1"
"69","ACAACCACAATGCAAA-1_3_1"
"70","ACAACCACAGTTGTCA-1_3_1"
"71","ACAACCAGTCTTCTAT-1_3_1"
"72","ACAACCATCCTCACGT-1_3_1"
"73","ACAAGCTAGTTCCGTA-1_3_1"
"74","ACACAGTCAGAGCCCT-1_3_1"
"75","ACACCAACACGTCTCT-1_3_1"
"76","ACACCAAGTTCTCCCA-1_3_1"
"77","ACACGCGTCTTCGTAT-1_3_1"
"78","ACAGAAAGTTTCACAG-1_3_1"
"79","ACAGCCGAGATGTTGA-1_3_1"
"80","ACAGGGACATGGAACG-1_3_1"
"81","ACAGGGATCCCACAGG-1_3_1"
"82","ACATCGAAGAAGATCT-1_3_1"
"83","ACATCGACATCCTTCG-1_3_1"
"84","ACATCGAGTCACATTG-1_3_1"
"85","ACATGCAAGTCTGCGC-1_3_1"
"86","ACATGCATCCAATGCA-1_3_1"
"87","ACATGCATCGGATACT-1_3_1"
"88","ACATTTCAGCAGCACA-1_3_1"
"89","ACATTTCAGTGAGGTC-1_3_1"
"90","ACATTTCTCGTTCGCT-1_3_1"
"91","ACCAAACTCCCATTCG-1_3_1"
"92","ACCAACACACACTTAG-1_3_1"
"93","ACCACAAAGTGCAAAT-1_3_1"
"94","ACCCAAAGTAGCCAGA-1_3_1"
"95","ACCCTCATCCGGCTTT-1_3_1"
"96","ACCCTTGAGAGGTTAT-1_3_1"
"97","ACCCTTGCATTCTCTA-1_3_1"
"98","ACCGTTCCAGAGTTCT-1_3_1"
"99","ACCGTTCGTGATAGAT-1_3_1"
"100","ACCTACCAGGCTTAGG-1_3_1"
"101","ACCTACCCAGTGTGGA-1_3_1"
"102","ACCTACCGTACGAGTG-1_3_1"
"103","ACCTACCTCACATTGG-1_3_1"
"104","ACGATCAAGCGTGTTT-1_3_1"
"105","ACGATCACATAAGATG-1_3_1"
"106","ACGATGTCACGTCGTG-1_3_1"
"107","ACGATGTGTTGTCTAG-1_3_1"
"108","ACGATGTTCTCAACCC-1_3_1"
"109","ACGCACGCACCGTCGA-1_3_1"
"110","ACGCACGCACTACACA-1_3_1"
"111","ACGGAAGTCACCTCAC-1_3_1"
"112","ACGGGTCCATGAGTAA-1_3_1"
"113","ACGGTCGTCCACCCTA-1_3_1"
"114","ACGGTCGTCGGCTATA-1_3_1"
"115","ACGGTCGTCTCTCAAT-1_3_1"
"116","ACGGTTAAGCTACTGT-1_3_1"
"117","ACGGTTAGTGTCTCCT-1_3_1"
"118","ACGGTTATCAAGTCTG-1_3_1"
"119","ACGTACAAGTCAAGCG-1_3_1"
"120","ACGTACATCCATGAGT-1_3_1"
"121","ACGTACATCTGCAGCG-1_3_1"
"122","ACGTAGTCAGAAGTGC-1_3_1"
"123","ACGTAGTGTACCACGC-1_3_1"
"124","ACGTCCTCATCTAACG-1_3_1"
"125","ACTACGATCTTGATTC-1_3_1"
"126","ACTATCTAGCGCGTTC-1_3_1"
"127","ACTATGGAGGTAAACT-1_3_1"
"128","ACTATTCAGGTGCTTT-1_3_1"
"129","ACTCCCAAGGCTTAGG-1_3_1"
"130","ACTCCCAAGGTACAGC-1_3_1"
"131","ACTCCCAAGTCATCCA-1_3_1"
"132","ACTCCCAGTTTGTTGG-1_3_1"
"133","ACTCTCGAGCGACAGT-1_3_1"
"134","ACTCTCGAGCGTGAAC-1_3_1"
"135","ACTGCAAAGATCCGAG-1_3_1"
"136","ACTGTGAAGACCTCAT-1_3_1"
"137","ACTGTGACAGATTCGT-1_3_1"
"138","ACTGTGACATGTTCGA-1_3_1"
"139","ACTGTGATCAGCCTTC-1_3_1"
"140","ACTTTCAAGGGAGGAC-1_3_1"
"141","ACTTTCATCCCAACTC-1_3_1"
"142","ACTTTGTGTAGCTGTT-1_3_1"
"143","ACTTTGTGTCCAGTTA-1_3_1"
"144","AGAAATGAGTACAGCG-1_3_1"
"145","AGAAATGCACACAGAG-1_3_1"
"146","AGAAATGTCCCATTCG-1_3_1"
"147","AGAAATGTCGTGAGAG-1_3_1"
"148","AGAACAATCCATTCGC-1_3_1"
"149","AGAACAATCTAGTGTG-1_3_1"
"150","AGAACCTAGAGAGGTA-1_3_1"
"151","AGAACCTGTCATCGGC-1_3_1"
"152","AGAACCTGTCGCTCGA-1_3_1"
"153","AGAACCTGTGCCTTTC-1_3_1"
"154","AGAACCTTCGCTTACC-1_3_1"
"155","AGAAGCGAGCTCGGCT-1_3_1"
"156","AGAAGCGGTTAGAGTA-1_3_1"
"157","AGAAGTAGTCGACTGC-1_3_1"
"158","AGAAGTAGTTTCGATG-1_3_1"
"159","AGAAGTATCTCGTGGG-1_3_1"
"160","AGACACTTCCGCTAGG-1_3_1"
"161","AGACAGGAGTGCTCAT-1_3_1"
"162","AGACAGGCAGTTCTAG-1_3_1"
"163","AGACCATAGGTAAGAG-1_3_1"
"164","AGACCATGTGTGTTTG-1_3_1"
"165","AGACCCGAGCAGCCCT-1_3_1"
"166","AGACCCGGTGTCATTG-1_3_1"
"167","AGAGAATTCGCCAATA-1_3_1"
"168","AGAGAGCTCCCTCGTA-1_3_1"
"169","AGAGCCCAGACATACA-1_3_1"
"170","AGAGCCCCAAATAAGC-1_3_1"
"171","AGAGCCCTCACGTAGT-1_3_1"
"172","AGATAGAAGTAACGAT-1_3_1"
"173","AGATAGAAGTCTACCA-1_3_1"
"174","AGATAGAGTTCGAGCC-1_3_1"
"175","AGATCGTAGACGGTCA-1_3_1"
"176","AGATGAAAGTCATGGG-1_3_1"
"177","AGATGCTAGATCCCAT-1_3_1"
"178","AGATGCTAGATGATTG-1_3_1"
"179","AGATGCTCAACACGAG-1_3_1"
"180","AGATGCTCACAGGATG-1_3_1"
"181","AGCATCAAGTTGGCTT-1_3_1"
"182","AGCCAGCAGACAGCTG-1_3_1"
"183","AGCCAGCAGGTACAGC-1_3_1"
"184","AGCGATTAGTTTGAGA-1_3_1"
"185","AGCGATTGTAGGATAT-1_3_1"
"186","AGCGATTGTCTAATCG-1_3_1"
"187","AGCGATTTCTGGTTGA-1_3_1"
"188","AGCGCTGCACCCTTGT-1_3_1"
"189","AGCGCTGGTTTACTTC-1_3_1"
"190","AGCGTATAGATGAAGG-1_3_1"
"191","AGCGTATAGGTTGAGC-1_3_1"
"192","AGCGTCGGTGAGAGGG-1_3_1"
"193","AGCTTCCGTCGTAATC-1_3_1"
"194","AGGAATAAGACCTGGA-1_3_1"
"195","AGGACTTAGTTAACGA-1_3_1"
"196","AGGACTTGTATCAGCT-1_3_1"
"197","AGGAGGTAGTCGCCCA-1_3_1"
"198","AGGAGGTGTCTCGGGT-1_3_1"
"199","AGGATAATCCTGGCTT-1_3_1"
"200","AGGATCTAGAGATGCC-1_3_1"
"201","AGGATCTGTGCACATT-1_3_1"
"202","AGGATCTGTTTCGATG-1_3_1"
"203","AGGATCTTCCTCTGCA-1_3_1"
"204","AGGATCTTCCTTATGT-1_3_1"
"205","AGGATCTTCGGACAAG-1_3_1"
"206","AGGGAGTAGCAGCGAT-1_3_1"
"207","AGGGCCTAGGACGGAG-1_3_1"
"208","AGGGCCTCACAGAGCA-1_3_1"
"209","AGGGCTCGTACGAGTG-1_3_1"
"210","AGGGTTTGTACCTATG-1_3_1"
"211","AGGGTTTGTCCAGGTC-1_3_1"
"212","AGGTAGGAGCGAAACC-1_3_1"
"213","AGGTAGGCACGCGCAT-1_3_1"
"214","AGGTAGGTCGTCAGAT-1_3_1"
"215","AGGTCATCACCTCGTT-1_3_1"
"216","AGGTCATGTAAGAACT-1_3_1"
"217","AGGTCATGTAGACGGT-1_3_1"
"218","AGGTCTAGTGCCCAGT-1_3_1"
"219","AGGTGTTGTCTTCTAT-1_3_1"
"220","AGGTTGTGTTAAACCC-1_3_1"
"221","AGTAACCGTAGTCCTA-1_3_1"
"222","AGTACTGGTAGGGTAC-1_3_1"
"223","AGTACTGTCTCCCTAG-1_3_1"
"224","AGTAGTCAGGTTCCGC-1_3_1"
"225","AGTAGTCGTGAGCAGT-1_3_1"
"226","AGTCAACGTCAACATC-1_3_1"
"227","AGTCAACTCCATCCGT-1_3_1"
"228","AGTCACACACTTGGCG-1_3_1"
"229","AGTGACTAGGCATCTT-1_3_1"
"230","AGTGATCAGTAATTGG-1_3_1"
"231","AGTGATCGTTTAGACC-1_3_1"
"232","AGTGCCGCAAGCGAAC-1_3_1"
"233","AGTGTTGAGCTTTCTT-1_3_1"
"234","AGTGTTGCAAACAGGC-1_3_1"
"235","AGTGTTGGTCGTTGCG-1_3_1"
"236","AGTTAGCAGTGGTTAA-1_3_1"
"237","AGTTAGCCAAAGTATG-1_3_1"
"238","AGTTAGCCAGGCATGA-1_3_1"
"239","AGTTAGCTCATGCCGG-1_3_1"
"240","AGTTCCCTCCAGGACC-1_3_1"
"241","AGTTCGAAGATACTGA-1_3_1"
"242","AGTTCGAAGGAACTCG-1_3_1"
"243","AGTTCGATCGCAGTGC-1_3_1"
"244","ATACCGACAGCGCTTG-1_3_1"
"245","ATACCTTGTTGGCCTG-1_3_1"
"246","ATACCTTTCAATCAGC-1_3_1"
"247","ATACTTCGTGACCTGC-1_3_1"
"248","ATAGACCGTTTGTGGT-1_3_1"
"249","ATAGAGACATTAGGAA-1_3_1"
"250","ATAGAGAGTAAGACCG-1_3_1"
"251","ATAGGCTAGGAAAGTG-1_3_1"
"252","ATAGGCTTCGTGGGTC-1_3_1"
"253","ATCACAGAGGTCTTTG-1_3_1"
"254","ATCACAGGTGAGATAT-1_3_1"
"255","ATCACGATCTTTCGAT-1_3_1"
"256","ATCACTTAGTAGCTCT-1_3_1"
"257","ATCACTTGTATGGAGC-1_3_1"
"258","ATCAGGTAGGTTTGAA-1_3_1"
"259","ATCAGGTCAGATAAAC-1_3_1"
"260","ATCAGGTGTTAAGTCC-1_3_1"
"261","ATCAGGTGTTCTGAGT-1_3_1"
"262","ATCAGGTGTTGGACCC-1_3_1"
"263","ATCATTCCAACTGGTT-1_3_1"
"264","ATCATTCTCGAAGAAT-1_3_1"
"265","ATCCACCGTAGCTGTT-1_3_1"
"266","ATCCCTGGTGTGAGCA-1_3_1"
"267","ATCCCTGGTTATAGAG-1_3_1"
"268","ATCGATGCAGTCCGTG-1_3_1"
"269","ATCGCCTAGATAACAC-1_3_1"
"270","ATCGCCTCACATTACG-1_3_1"
"271","ATCGCCTCATGGATCT-1_3_1"
"272","ATCGCCTGTCAAAGTA-1_3_1"
"273","ATCGGATGTGTTTCTT-1_3_1"
"274","ATCGGATTCGCTTGAA-1_3_1"
"275","ATCGGATTCTTGGCTC-1_3_1"
"276","ATCGGCGAGAATAACC-1_3_1"
"277","ATCGGCGCAAACAGGC-1_3_1"
"278","ATCGTAGGTAGATGTA-1_3_1"
"279","ATCGTCCAGAATGTTG-1_3_1"
"280","ATCGTGAGTATGGTTC-1_3_1"
"281","ATCGTGAGTGCGGATA-1_3_1"
"282","ATCTCTAAGTAACGAT-1_3_1"
"283","ATCTCTATCATTATCC-1_3_1"
"284","ATGAAAGCAAAGGCTG-1_3_1"
"285","ATGACCAGTCCAGAAG-1_3_1"
"286","ATGACCAGTTAGGGTG-1_3_1"
"287","ATGACCATCACCCTTG-1_3_1"
"288","ATGAGGGTCCGCAGTG-1_3_1"
"289","ATGAGTCTCGACGCGT-1_3_1"
"290","ATGAGTCTCGAGTGGA-1_3_1"
"291","ATGAGTCTCTATACTC-1_3_1"
"292","ATGATCGCATGCGTGC-1_3_1"
"293","ATGATCGTCGGTTGTA-1_3_1"
"294","ATGCCTCGTCACAATC-1_3_1"
"295","ATGCCTCGTGTGTCCG-1_3_1"
"296","ATGCGATAGACAACAT-1_3_1"
"297","ATGCGATGTACATACC-1_3_1"
"298","ATGCGATTCGGTCTAA-1_3_1"
"299","ATGGAGGTCCTGCCAT-1_3_1"
"300","ATGGATCGTGTCCATA-1_3_1"
"301","ATGGATCGTTTGGGAG-1_3_1"
"302","ATGGGAGCAGGTCCCA-1_3_1"
"303","ATGGGAGGTATGCTTG-1_3_1"
"304","ATGGTTGAGGTATAGT-1_3_1"
"305","ATGGTTGGTGCCGTTG-1_3_1"
"306","ATGGTTGTCTGACAGT-1_3_1"
"307","ATGTCCCAGGCATCAG-1_3_1"
"308","ATGTCCCCAAACAGGC-1_3_1"
"309","ATGTCCCGTGTACATC-1_3_1"
"310","ATGTCCCGTTGATGTC-1_3_1"
"311","ATTACCTCACGGTGAA-1_3_1"
"312","ATTACTCGTAGTATAG-1_3_1"
"313","ATTATCCTCTCCGAGG-1_3_1"
"314","ATTCACTCAGTCGCAC-1_3_1"
"315","ATTCACTGTTGCTTGA-1_3_1"
"316","ATTCAGGAGACCAAAT-1_3_1"
"317","ATTCAGGAGCCAGAGT-1_3_1"
"318","ATTCAGGAGTTGCCCG-1_3_1"
"319","ATTCAGGCACTAAACC-1_3_1"
"320","ATTCATCCAGTCGCAC-1_3_1"
"321","ATTCCATGTTCGTAAC-1_3_1"
"322","ATTCCATTCGATTCCC-1_3_1"
"323","ATTCCATTCTAACGCA-1_3_1"
"324","ATTCCTAAGCAGGTCA-1_3_1"
"325","ATTCCTAGTAGACAAT-1_3_1"
"326","ATTCCTAGTCAAATCC-1_3_1"
"327","ATTCGTTAGGCTCTCG-1_3_1"
"328","ATTCGTTAGTCCGCCA-1_3_1"
"329","ATTCTACCACGGTGAA-1_3_1"
"330","ATTCTACGTATTCTCT-1_3_1"
"331","ATTCTACTCTGTAAGC-1_3_1"
"332","ATTCTTGTCCATAGAC-1_3_1"
"333","ATTGGGTTCATCGCTC-1_3_1"
"334","ATTGTTCGTGGAAATT-1_3_1"
"335","ATTGTTCTCCGTGTAA-1_3_1"
"336","ATTGTTCTCTAGACAC-1_3_1"
"337","ATTTACCAGGTCGTGA-1_3_1"
"338","ATTTACCCATGGCGCT-1_3_1"
"339","ATTTACCTCACGGAGA-1_3_1"
"340","ATTTCACAGTTCTCTT-1_3_1"
"341","CAAAGAACACTAGTAC-1_3_1"
"342","CAAAGAACAGAACTAA-1_3_1"
"343","CAAAGAAGTTCCGTTC-1_3_1"
"344","CAACAACAGCAATTCC-1_3_1"
"345","CAACAGTGTACGTGAG-1_3_1"
"346","CAACCTCAGACCAGAC-1_3_1"
"347","CAACCTCGTAGGAGGG-1_3_1"
"348","CAACGGCGTACCCACG-1_3_1"
"349","CAACGGCGTGAGTAGC-1_3_1"
"350","CAAGACTAGCCGAATG-1_3_1"
"351","CAAGACTCAGACCATT-1_3_1"
"352","CAAGCTAGTTTGTGGT-1_3_1"
"353","CAATACGGTCTACGTA-1_3_1"
"354","CAATACGGTCTTACAG-1_3_1"
"355","CAATCGAGTCACATTG-1_3_1"
"356","CAATTTCAGCATTGTC-1_3_1"
"357","CAATTTCCAGCGCTTG-1_3_1"
"358","CAATTTCTCCTGATAG-1_3_1"
"359","CACAACACATAACCCA-1_3_1"
"360","CACACAAAGCGAACTG-1_3_1"
"361","CACAGATCAAGTCCAT-1_3_1"
"362","CACAGGCAGCAACTCT-1_3_1"
"363","CACAGGCAGCAGTAAT-1_3_1"
"364","CACAGGCGTAGCTCGC-1_3_1"
"365","CACATGAAGCATACTC-1_3_1"
"366","CACCAAAGTGAGGATC-1_3_1"
"367","CACCAAATCGCCTATC-1_3_1"
"368","CACCGTTAGTGTCATC-1_3_1"
"369","CACCGTTGTGCGAACA-1_3_1"
"370","CACGAATAGTAATCCC-1_3_1"
"371","CACGAATCATGGCTAT-1_3_1"
"372","CACGAATGTTTAAGGA-1_3_1"
"373","CACGGGTGTCACTTAG-1_3_1"
"374","CACGGGTTCGATGCTA-1_3_1"
"375","CACGTGGAGACGACTG-1_3_1"
"376","CACGTGGGTTGTATGC-1_3_1"
"377","CACGTGGTCCCTGTTG-1_3_1"
"378","CACTAAGAGACATGCG-1_3_1"
"379","CACTAAGGTCGGTGTC-1_3_1"
"380","CACTAAGGTGTTACTG-1_3_1"
"381","CACTAAGGTTGCCGCA-1_3_1"
"382","CACTGAAGTCTACACA-1_3_1"
"383","CACTGAAGTTTACGAC-1_3_1"
"384","CACTGGGAGGGCCTCT-1_3_1"
"385","CACTGGGTCTCGAGTA-1_3_1"
"386","CACTGGGTCTCGTTTA-1_3_1"
"387","CAGAGCCCAAGTGACG-1_3_1"
"388","CAGAGCCGTAAGCGGT-1_3_1"
"389","CAGAGCCTCCATAAGC-1_3_1"
"390","CAGAGCCTCGGCCAAC-1_3_1"
"391","CAGATACAGTGGTTGG-1_3_1"
"392","CAGATACGTGTTGACT-1_3_1"
"393","CAGATTGAGCCTCCAG-1_3_1"
"394","CAGCACGGTAAGTCAA-1_3_1"
"395","CAGCACGGTCAAACGG-1_3_1"
"396","CAGCACGTCATGGGAG-1_3_1"
"397","CAGCAGCCAAAGCAAT-1_3_1"
"398","CAGCCAGAGTGGCAGT-1_3_1"
"399","CAGCGTGGTCCAGCCA-1_3_1"
"400","CAGGCCACACGCTGCA-1_3_1"
"401","CAGGCCAGTCATCGGC-1_3_1"
"402","CAGGGCTAGGCTAAAT-1_3_1"
"403","CAGGTATAGGCTGAAC-1_3_1"
"404","CAGTGCGGTAGATCGG-1_3_1"
"405","CAGTTAGAGCGCAATG-1_3_1"
"406","CAGTTAGCAATAGGAT-1_3_1"
"407","CAGTTAGTCCTCGATC-1_3_1"
"408","CAGTTCCTCAGCTCTC-1_3_1"
"409","CAGTTCCTCCCAAGCG-1_3_1"
"410","CATAAGCGTCGAACGA-1_3_1"
"411","CATAAGCGTCTGTTAG-1_3_1"
"412","CATAAGCTCCAACCGG-1_3_1"
"413","CATACAGAGTTTGGCT-1_3_1"
"414","CATACCCCAGCATTGT-1_3_1"
"415","CATACCCCATCATGAC-1_3_1"
"416","CATACCCGTAGGACTG-1_3_1"
"417","CATACTTTCCCGTAAA-1_3_1"
"418","CATACTTTCGTTCATT-1_3_1"
"419","CATAGACCAGGCCTGT-1_3_1"
"420","CATAGACGTATGCGTT-1_3_1"
"421","CATCCACAGGTGCGAT-1_3_1"
"422","CATCCCAAGGGTTAAT-1_3_1"
"423","CATCCCACACGTAGTT-1_3_1"
"424","CATCCCACATTCCTAT-1_3_1"
"425","CATCGCTGTTTATGCG-1_3_1"
"426","CATCGCTTCACCTTGC-1_3_1"
"427","CATCGGGAGCCGATAG-1_3_1"
"428","CATCGGGCACGCGGTT-1_3_1"
"429","CATCGGGCATTCAGCA-1_3_1"
"430","CATCGGGTCTCTAAGG-1_3_1"
"431","CATCGGGTCTGTCCCA-1_3_1"
"432","CATCGTCGTAAGTTGA-1_3_1"
"433","CATGCAACAGGTGACA-1_3_1"
"434","CATGCCTAGTGCCAGA-1_3_1"
"435","CATGCGGGTCGTTGGC-1_3_1"
"436","CATGCGGTCACCTCGT-1_3_1"
"437","CATGCGGTCTATACTC-1_3_1"
"438","CATGGATGTTGGCCTG-1_3_1"
"439","CATGGTAAGTTGGCTT-1_3_1"
"440","CATTCATCACGCGCTA-1_3_1"
"441","CATTCCGGTACGTAGG-1_3_1"
"442","CATTCTAGTACGATTC-1_3_1"
"443","CATTGCCGTGTCCCTT-1_3_1"
"444","CATTGTTCATAGTCGT-1_3_1"
"445","CATTGTTGTGCACATT-1_3_1"
"446","CATTTCAAGCCATTCA-1_3_1"
"447","CATTTCAAGGGTACAC-1_3_1"
"448","CATTTCACACCAGTAT-1_3_1"
"449","CCACACTAGCATTTGC-1_3_1"
"450","CCACACTTCAAACTGC-1_3_1"
"451","CCACCATAGACTCTAC-1_3_1"
"452","CCACCATGTGACTAAA-1_3_1"
"453","CCACGAGTCAGCCCAG-1_3_1"
"454","CCACGTTAGAAAGCGA-1_3_1"
"455","CCACGTTCAATCTCTT-1_3_1"
"456","CCACTTGAGTACCATC-1_3_1"
"457","CCACTTGGTCATACCA-1_3_1"
"458","CCATAAGAGTCATAGA-1_3_1"
"459","CCCAACTCATGATAGA-1_3_1"
"460","CCCAACTTCATAGGCT-1_3_1"
"461","CCCATTGAGAGTGAAG-1_3_1"
"462","CCCATTGCAGTCTTCC-1_3_1"
"463","CCCGAAGAGCAACTTC-1_3_1"
"464","CCCGAAGTCGGCGATC-1_3_1"
"465","CCCGGAATCACGACTA-1_3_1"
"466","CCCTAACGTGGTCAAG-1_3_1"
"467","CCCTAACTCGGCTGAC-1_3_1"
"468","CCCTCAACAGTATGAA-1_3_1"
"469","CCCTGATAGTCTTGGT-1_3_1"
"470","CCCTGATCATCGGATT-1_3_1"
"471","CCGAACGAGCACTCAT-1_3_1"
"472","CCGAACGGTACGCGTC-1_3_1"
"473","CCGATCTAGTCGCTAT-1_3_1"
"474","CCGATGGCAACAAGAT-1_3_1"
"475","CCGATGGGTTTATGCG-1_3_1"
"476","CCGCAAGTCGCACGAC-1_3_1"
"477","CCGGACAGTGAGATTA-1_3_1"
"478","CCGGACAGTGCCTATA-1_3_1"
"479","CCGGACATCTGAGTCA-1_3_1"
"480","CCGGGTATCAAGCCAT-1_3_1"
"481","CCGGTGAAGCGATGGT-1_3_1"
"482","CCGGTGACATCTATCT-1_3_1"
"483","CCGGTGAGTAGGAGGG-1_3_1"
"484","CCGGTGATCACCATAG-1_3_1"
"485","CCGTAGGCAGCAATTC-1_3_1"
"486","CCGTTCAAGCCATTCA-1_3_1"
"487","CCTAACCGTCATTGCA-1_3_1"
"488","CCTAACCTCCTGTTGC-1_3_1"
"489","CCTAAGACAGACACAG-1_3_1"
"490","CCTAAGATCTTGTTAC-1_3_1"
"491","CCTATCGAGACCATGG-1_3_1"
"492","CCTATCGAGGTTCTAC-1_3_1"
"493","CCTATCGCACGGCTAC-1_3_1"
"494","CCTATCGCAGAGTAAT-1_3_1"
"495","CCTATCGGTTTCCAAG-1_3_1"
"496","CCTATCGTCAACCTTT-1_3_1"
"497","CCTATCGTCAGAGCGA-1_3_1"
"498","CCTATCGTCCTCTAAT-1_3_1"
"499","CCTCAACAGGTGCCAA-1_3_1"
"500","CCTCAGTAGATAACGT-1_3_1"
"501","CCTCAGTGTAATGATG-1_3_1"
"502","CCTCAGTGTTCCTAGA-1_3_1"
"503","CCTCAGTTCAGGAAGC-1_3_1"
"504","CCTCAGTTCTGTCCGT-1_3_1"
"505","CCTCATGTCGCGAAGA-1_3_1"
"506","CCTCCAAGTCCTACGG-1_3_1"
"507","CCTCCTCGTGTTGCCG-1_3_1"
"508","CCTCTCCTCCTGGGTG-1_3_1"
"509","CCTGCATGTCGAGTTT-1_3_1"
"510","CCTGTTGCAGCTGAGA-1_3_1"
"511","CCTGTTGGTATGTGTC-1_3_1"
"512","CCTGTTGTCGTTGTAG-1_3_1"
"513","CCTTCAGTCAACGTGT-1_3_1"
"514","CCTTCAGTCAGACCGC-1_3_1"
"515","CCTTGTGGTCATCTAG-1_3_1"
"516","CCTTGTGGTCGGATTT-1_3_1"
"517","CCTTTGGCAACAAAGT-1_3_1"
"518","CCTTTGGGTAAGGAGA-1_3_1"
"519","CCTTTGGTCTGGCTGG-1_3_1"
"520","CGAAGGACATGCAGGA-1_3_1"
"521","CGAAGGATCTATTTCG-1_3_1"
"522","CGAAGTTGTAGATCCT-1_3_1"
"523","CGAAGTTGTAGATCGG-1_3_1"
"524","CGAAGTTGTCGTCATA-1_3_1"
"525","CGACAGCAGTCGTCTA-1_3_1"
"526","CGACAGCGTCCCGCAA-1_3_1"
"527","CGACAGCTCTACACTT-1_3_1"
"528","CGAGAAGCACAAATCC-1_3_1"
"529","CGAGAAGTCTTCCCGA-1_3_1"
"530","CGAGGAAGTCCACTTC-1_3_1"
"531","CGATGCGAGTACCCTA-1_3_1"
"532","CGATGCGGTTCTCACC-1_3_1"
"533","CGATGGCAGTATTAGG-1_3_1"
"534","CGATGGCCATTCAGGT-1_3_1"
"535","CGCAGGTGTCTGCCTT-1_3_1"
"536","CGCAGGTGTTACGGAG-1_3_1"
"537","CGCATAAAGTCTTCGA-1_3_1"
"538","CGCATAAGTACACGTT-1_3_1"
"539","CGCATGGCAGCAAGAC-1_3_1"
"540","CGCATGGGTTGTAGCT-1_3_1"
"541","CGCCAGAAGATAACGT-1_3_1"
"542","CGCCAGATCAAGATAG-1_3_1"
"543","CGGAACCAGAGTCACG-1_3_1"
"544","CGGAACCAGGCTATCT-1_3_1"
"545","CGGAACCTCCGACAGC-1_3_1"
"546","CGGAATTCATAGGTTC-1_3_1"
"547","CGGAATTTCTTGTTAC-1_3_1"
"548","CGGACACAGCTCGTGC-1_3_1"
"549","CGGACACCACTCCCTA-1_3_1"
"550","CGGAGAAAGAACGCGT-1_3_1"
"551","CGGCAGTCAGCTCGGT-1_3_1"
"552","CGGCAGTCAGTGTACT-1_3_1"
"553","CGGGACTCATCCGTTC-1_3_1"
"554","CGGGACTTCCTGATAG-1_3_1"
"555","CGGGCATTCCCTGGTT-1_3_1"
"556","CGGGCATTCGTGTGGC-1_3_1"
"557","CGGGTCACAGCGACCT-1_3_1"
"558","CGGTCAGGTGTGTCGC-1_3_1"
"559","CGGTCAGTCAAGCCTA-1_3_1"
"560","CGGTCAGTCACTCACC-1_3_1"
"561","CGGTCAGTCGCTCATC-1_3_1"
"562","CGTAATGAGCTGAGTG-1_3_1"
"563","CGTAATGTCTGACAGT-1_3_1"
"564","CGTAGTAAGACGCATG-1_3_1"
"565","CGTCAAACAGATCATC-1_3_1"
"566","CGTCAAACATAATCCG-1_3_1"
"567","CGTCAAATCCCACAGG-1_3_1"
"568","CGTCCATAGAAGCGAA-1_3_1"
"569","CGTCCATAGCCGCTTG-1_3_1"
"570","CGTCCATGTGACGCCT-1_3_1"
"571","CGTGAATAGATGAAGG-1_3_1"
"572","CGTGAATCATAGCTGT-1_3_1"
"573","CGTGATAGTACTAAGA-1_3_1"
"574","CGTGTCTTCAGCGCAC-1_3_1"
"575","CGTGTCTTCCATTTGT-1_3_1"
"576","CGTTCTGTCACCTGGG-1_3_1"
"577","CGTTCTGTCCTGGTCT-1_3_1"
"578","CGTTGGGGTTCGGCGT-1_3_1"
"579","CTAACTTGTGTTCGAT-1_3_1"
"580","CTAAGTGGTAGAATAC-1_3_1"
"581","CTAAGTGGTGATACCT-1_3_1"
"582","CTACAGAGTGGATTTC-1_3_1"
"583","CTACAGATCAGCAGAG-1_3_1"
"584","CTACATTAGGCATCGA-1_3_1"
"585","CTACATTAGGTTGGTG-1_3_1"
"586","CTACATTAGTCATCCA-1_3_1"
"587","CTACATTGTTCCTACC-1_3_1"
"588","CTACCCACAAAGCTCT-1_3_1"
"589","CTACCTGAGTCATCCA-1_3_1"
"590","CTACGGGAGTCACTGT-1_3_1"
"591","CTACGGGGTAAGCGGT-1_3_1"
"592","CTAGACACAGGCATGA-1_3_1"
"593","CTAGACACAGTTGTTG-1_3_1"
"594","CTATAGGCAGGCGATA-1_3_1"
"595","CTATAGGGTCCAAAGG-1_3_1"
"596","CTATCTACATGGAACG-1_3_1"
"597","CTATCTATCTCTCAAT-1_3_1"
"598","CTCAACCGTTAGGGTG-1_3_1"
"599","CTCAACCTCGTGCATA-1_3_1"
"600","CTCAACCTCTTGCAGA-1_3_1"
"601","CTCAAGACATTCTCCG-1_3_1"
"602","CTCAAGATCTGCAGCG-1_3_1"
"603","CTCAATTAGTGCTCAT-1_3_1"
"604","CTCAATTGTCTCACAA-1_3_1"
"605","CTCACTGAGATCGACG-1_3_1"
"606","CTCAGAACAATGACCT-1_3_1"
"607","CTCAGGGAGGTAGGCT-1_3_1"
"608","CTCATCGAGCTATCTG-1_3_1"
"609","CTCATCGGTGGTCTTA-1_3_1"
"610","CTCATGCCACAACCGC-1_3_1"
"611","CTCATGCCAGAAGTGC-1_3_1"
"612","CTCATGCGTCACTAGT-1_3_1"
"613","CTCATGCGTGGATCGA-1_3_1"
"614","CTCATTACAGTTGTCA-1_3_1"
"615","CTCATTATCAAACCCA-1_3_1"
"616","CTCCAACAGATGCTAA-1_3_1"
"617","CTCCAACCATAATGAG-1_3_1"
"618","CTCCAACGTGCAATAA-1_3_1"
"619","CTCCATGAGGCCTTCG-1_3_1"
"620","CTCCCAAAGACAAGCC-1_3_1"
"621","CTCCCTCGTGTTGATC-1_3_1"
"622","CTCCCTCTCTAACGGT-1_3_1"
"623","CTCCGATAGCGCTTCG-1_3_1"
"624","CTCCGATGTCATTCCC-1_3_1"
"625","CTCCTTTGTCCTGGTG-1_3_1"
"626","CTCCTTTTCTACCAGA-1_3_1"
"627","CTCGAGGCATACACCA-1_3_1"
"628","CTCTCAGAGCCGATTT-1_3_1"
"629","CTCTCAGGTGCCGTTG-1_3_1"
"630","CTCTCAGTCCTGTACC-1_3_1"
"631","CTCTGGTGTGGGCTTC-1_3_1"
"632","CTGAATGAGAGCAGCT-1_3_1"
"633","CTGAGCGGTTTGCCGG-1_3_1"
"634","CTGAGGCCAAGATCCT-1_3_1"
"635","CTGAGGCCACATTACG-1_3_1"
"636","CTGAGGCCATCACAGT-1_3_1"
"637","CTGAGGCGTGTGTCCG-1_3_1"
"638","CTGATCCAGGGCGAAG-1_3_1"
"639","CTGATCCAGTGGAATT-1_3_1"
"640","CTGATCCGTGTACGCC-1_3_1"
"641","CTGCAGGGTCCTCATC-1_3_1"
"642","CTGCAGGTCCCATAGA-1_3_1"
"643","CTGCCATAGCCTATTG-1_3_1"
"644","CTGCCATAGTATGCAA-1_3_1"
"645","CTGCGAGGTGCCGGTT-1_3_1"
"646","CTGCGAGTCGAATGCT-1_3_1"
"647","CTGCTCAGTACGCTTA-1_3_1"
"648","CTGGACGGTAGTTACC-1_3_1"
"649","CTGGACGGTCAATGGG-1_3_1"
"650","CTGGACGGTTGCATCA-1_3_1"
"651","CTGGCAGAGTTGAAAC-1_3_1"
"652","CTGGCAGCAACTTGCA-1_3_1"
"653","CTGGTCTGTAATGATG-1_3_1"
"654","CTGGTCTTCATCACTT-1_3_1"
"655","CTGGTCTTCCACGGAC-1_3_1"
"656","CTGTACCCATGACACT-1_3_1"
"657","CTGTACCTCCATCCGT-1_3_1"
"658","CTGTACCTCTCGTGAA-1_3_1"
"659","CTGTAGATCTACCCAC-1_3_1"
"660","CTGTATTTCTGCTGAA-1_3_1"
"661","CTGTCGTAGCAATAGT-1_3_1"
"662","CTGTCGTTCGCGTGCA-1_3_1"
"663","CTGTGAAAGACCAAGC-1_3_1"
"664","CTGTGAAAGGAGAATG-1_3_1"
"665","CTTCCGAAGACCTGGA-1_3_1"
"666","CTTCCGAAGTTCCATG-1_3_1"
"667","CTTCCGAGTCGTTCAA-1_3_1"
"668","CTTCGGTCACAACGTT-1_3_1"
"669","CTTCGGTCAGCGTATT-1_3_1"
"670","CTTCTAAAGACGCCCT-1_3_1"
"671","CTTCTCTCAAACTGCT-1_3_1"
"672","CTTCTCTGTTGGCTAT-1_3_1"
"673","CTTTCAAAGTGATTCC-1_3_1"
"674","CTTTCAAAGTTCATGC-1_3_1"
"675","CTTTCGGCAAATGAAC-1_3_1"
"676","GAAACCTCACCGGTCA-1_3_1"
"677","GAAACCTGTACTCCGG-1_3_1"
"678","GAAACCTTCTCCATAT-1_3_1"
"679","GAACACTAGCACTAAA-1_3_1"
"680","GAACGTTTCCATTCGC-1_3_1"
"681","GAACTGTGTGATATAG-1_3_1"
"682","GAACTGTTCAAGCTGT-1_3_1"
"683","GAAGAATGTAGAGCTG-1_3_1"
"684","GAAGAATTCTGGGATT-1_3_1"
"685","GAAGCCCAGAGCCGTA-1_3_1"
"686","GAAGCCCAGAGGGTAA-1_3_1"
"687","GAAGCCCAGGCAGTCA-1_3_1"
"688","GAAGCGAAGAATTGCA-1_3_1"
"689","GAAGGACAGAAGAGCA-1_3_1"
"690","GAAGGACCATGGGTCC-1_3_1"
"691","GAAGGACGTGGGCTTC-1_3_1"
"692","GAAGGACTCGAACCAT-1_3_1"
"693","GAAGGGTCATGGGAAC-1_3_1"
"694","GAATAGAGTAGACTGG-1_3_1"
"695","GAATCACGTCCTCCTA-1_3_1"
"696","GAATCGTGTCACTGAT-1_3_1"
"697","GAATCGTGTGCACATT-1_3_1"
"698","GAATCGTGTTATCCAG-1_3_1"
"699","GAATCGTTCCTCGCAT-1_3_1"
"700","GAATCGTTCGGATAAA-1_3_1"
"701","GACACGCAGCGTTAGG-1_3_1"
"702","GACAGCCAGGCAATGC-1_3_1"
"703","GACAGCCAGTCCGTCG-1_3_1"
"704","GACCAATTCGCCTTGT-1_3_1"
"705","GACCCAGGTCGTTGGC-1_3_1"
"706","GACCCAGTCCTTCACG-1_3_1"
"707","GACCCAGTCTGTGCAA-1_3_1"
"708","GACCCTTAGAATGTTG-1_3_1"
"709","GACCGTGTCTAAGGAA-1_3_1"
"710","GACCTTCAGGCATCAG-1_3_1"
"711","GACCTTCGTCCACACG-1_3_1"
"712","GACGTTAAGGATCACG-1_3_1"
"713","GACTATGGTTCTCACC-1_3_1"
"714","GACTATGTCTGACAGT-1_3_1"
"715","GACTGATAGGTGATAT-1_3_1"
"716","GACTGATCAAATAGCA-1_3_1"
"717","GACTGATCAAGTGGAC-1_3_1"
"718","GACTGATGTTTACTTC-1_3_1"
"719","GACTTCCTCGGCAGTC-1_3_1"
"720","GAGAAATTCCTCAGAA-1_3_1"
"721","GAGAGGTGTTACCTGA-1_3_1"
"722","GAGATGGAGGGAGGGT-1_3_1"
"723","GAGCCTGAGTGTTGTC-1_3_1"
"724","GAGCCTGCAAGCTCTA-1_3_1"
"725","GAGCCTGCATTCCTAT-1_3_1"
"726","GAGCTGCAGGGTCACA-1_3_1"
"727","GAGCTGCGTCAGCTTA-1_3_1"
"728","GAGCTGCTCGATACGT-1_3_1"
"729","GAGGCAACAGAGGTTG-1_3_1"
"730","GAGGCAATCATCGACA-1_3_1"
"731","GAGGCCTCACTAGTAC-1_3_1"
"732","GAGGGTAAGATAGGGA-1_3_1"
"733","GAGGGTACAATAACGA-1_3_1"
"734","GAGGGTAGTACAAGTA-1_3_1"
"735","GAGGGTATCGAGCCTG-1_3_1"
"736","GAGTCATAGATGGCGT-1_3_1"
"737","GAGTCATGTCGAGTTT-1_3_1"
"738","GAGTCATTCATGAGTC-1_3_1"
"739","GAGTCTAGTAACACGG-1_3_1"
"740","GAGTGAGAGTGGCCTC-1_3_1"
"741","GAGTGTTCATTCGGGC-1_3_1"
"742","GAGTGTTTCTACTCAT-1_3_1"
"743","GAGTTGTTCGTCAAAC-1_3_1"
"744","GATAGAAGTTTGGGAG-1_3_1"
"745","GATAGCTCAAATACGA-1_3_1"
"746","GATAGCTTCACTTGTT-1_3_1"
"747","GATAGCTTCCACGGGT-1_3_1"
"748","GATCAGTCACCTCAGG-1_3_1"
"749","GATCATGCAATCGCCG-1_3_1"
"750","GATCCCTCAAATTAGG-1_3_1"
"751","GATCCCTGTACACGTT-1_3_1"
"752","GATCCCTTCACGAACT-1_3_1"
"753","GATCGTAAGGTCATCT-1_3_1"
"754","GATGAGGGTCTTACAG-1_3_1"
"755","GATGAGGTCATGCGGC-1_3_1"
"756","GATGATCTCCTGATAG-1_3_1"
"757","GATGGAGAGCAAATGT-1_3_1"
"758","GATGGAGAGGCCCACT-1_3_1"
"759","GATGGAGCACGGTGAA-1_3_1"
"760","GATGTTGCACTCACTC-1_3_1"
"761","GATTCGAAGATGAATC-1_3_1"
"762","GATTCGAAGGCCTGAA-1_3_1"
"763","GATTCGAAGGGCCTCT-1_3_1"
"764","GATTCGACATTGTAGC-1_3_1"
"765","GATTCTTGTGTTCCTC-1_3_1"
"766","GATTGGTTCACTGTTT-1_3_1"
"767","GATTGGTTCCGGCAGT-1_3_1"
"768","GATTTCTGTCAGGTGA-1_3_1"
"769","GATTTCTTCCGTCACT-1_3_1"
"770","GCAACATCATAGTCAC-1_3_1"
"771","GCACGGTGTACGTGAG-1_3_1"
"772","GCACGTGCAGGCTCTG-1_3_1"
"773","GCACGTGTCAAGATAG-1_3_1"
"774","GCACTAAAGAAGCGCT-1_3_1"
"775","GCAGCTGAGAGTATAC-1_3_1"
"776","GCAGCTGAGGGTGAGG-1_3_1"
"777","GCAGCTGCATGGGCAA-1_3_1"
"778","GCAGCTGGTAGGGTAC-1_3_1"
"779","GCAGGCTAGAAGCGCT-1_3_1"
"780","GCAGTTAAGGTATTGA-1_3_1"
"781","GCAGTTATCACACGAT-1_3_1"
"782","GCAGTTATCTATGTGG-1_3_1"
"783","GCATCGGAGCCGAATG-1_3_1"
"784","GCATCGGTCTCGGGAC-1_3_1"
"785","GCATCGGTCTCTGAGA-1_3_1"
"786","GCATCTCCACGAGGTA-1_3_1"
"787","GCATCTCGTCTTGCGG-1_3_1"
"788","GCATCTCGTTGCCTAA-1_3_1"
"789","GCATGATGTAGGGTAC-1_3_1"
"790","GCATGATGTATTGGCT-1_3_1"
"791","GCATTAGAGGCTCAAG-1_3_1"
"792","GCATTAGCAAATACGA-1_3_1"
"793","GCATTAGCACTTTATC-1_3_1"
"794","GCATTAGCAGACCGCT-1_3_1"
"795","GCCAACGGTAATCAGA-1_3_1"
"796","GCCAACGGTATCTCTT-1_3_1"
"797","GCCAGGTAGCCGTTAT-1_3_1"
"798","GCCAGGTTCATTACGG-1_3_1"
"799","GCCAGTGAGCGCTGAA-1_3_1"
"800","GCCATGGGTTACTCAG-1_3_1"
"801","GCCATGGTCGATGGAG-1_3_1"
"802","GCCATTCGTCAAAGAT-1_3_1"
"803","GCCATTCGTTGGGAAC-1_3_1"
"804","GCCATTCTCTTAAGGC-1_3_1"
"805","GCCCAGAAGAGTCTGG-1_3_1"
"806","GCCCAGAGTACAGTAA-1_3_1"
"807","GCCGATGGTCAGACTT-1_3_1"
"808","GCCGTGATCAACTGGT-1_3_1"
"809","GCCGTGATCTACTTCA-1_3_1"
"810","GCCGTGATCTGCCTGT-1_3_1"
"811","GCCTGTTTCAACTACG-1_3_1"
"812","GCGAGAAAGAGCCATG-1_3_1"
"813","GCGAGAAGTTCGGCGT-1_3_1"
"814","GCGATCGGTGGAAGTC-1_3_1"
"815","GCGGAAACAACATCGT-1_3_1"
"816","GCGGAAACAAGCCATT-1_3_1"
"817","GCGGAAAGTTCGGTTA-1_3_1"
"818","GCGGATCTCCAACCGG-1_3_1"
"819","GCGGATCTCCCTGGTT-1_3_1"
"820","GCGTGCACAGTCAACT-1_3_1"
"821","GCGTGCATCGCGTGAC-1_3_1"
"822","GCGTTTCTCGCTACAA-1_3_1"
"823","GCTACAAAGTGTAGAT-1_3_1"
"824","GCTACAACAGGATCTT-1_3_1"
"825","GCTACAATCATTTGCT-1_3_1"
"826","GCTGAATAGTGGAAAG-1_3_1"
"827","GCTGAATGTGCGAGTA-1_3_1"
"828","GCTGGGTAGGTAGTAT-1_3_1"
"829","GCTGGGTCAAGCGAAC-1_3_1"
"830","GCTTCACTCGGACCAC-1_3_1"
"831","GCTTCACTCTGAGTCA-1_3_1"
"832","GCTTTCGAGTCACTAC-1_3_1"
"833","GCTTTCGAGTTGAAAC-1_3_1"
"834","GCTTTCGGTTCCGTTC-1_3_1"
"835","GGAACCCAGCAGGTCA-1_3_1"
"836","GGAACCCCAGATCACT-1_3_1"
"837","GGAAGTGCAACGATTC-1_3_1"
"838","GGAAGTGCAGCTTCCT-1_3_1"
"839","GGACGTCGTGGGTCAA-1_3_1"
"840","GGAGGATCAATCTCGA-1_3_1"
"841","GGAGGATTCCACAGGC-1_3_1"
"842","GGAGGTACAGGTACGA-1_3_1"
"843","GGAGGTAGTCGAAACG-1_3_1"
"844","GGAGGTAGTGCGACAA-1_3_1"
"845","GGATCTACAAGGACAC-1_3_1"
"846","GGATCTATCGGCATCG-1_3_1"
"847","GGCAGTCTCGGTCAGC-1_3_1"
"848","GGCTGTGAGCGGTATG-1_3_1"
"849","GGCTGTGTCTTCCCAG-1_3_1"
"850","GGCTTGGAGGAAACGA-1_3_1"
"851","GGCTTGGTCGGATTAC-1_3_1"
"852","GGCTTTCCAGTAACCT-1_3_1"
"853","GGGACAAGTCAGGTGA-1_3_1"
"854","GGGACAATCGGAAGGT-1_3_1"
"855","GGGACTCCATGGCCAC-1_3_1"
"856","GGGACTCTCTATACTC-1_3_1"
"857","GGGAGATCATTGACTG-1_3_1"
"858","GGGAGTAAGTGGGAAA-1_3_1"
"859","GGGAGTAGTGGATGAC-1_3_1"
"860","GGGAGTAGTGGTCTAT-1_3_1"
"861","GGGATCCAGTATGAGT-1_3_1"
"862","GGGATCCGTCTACGTA-1_3_1"
"863","GGGATCCGTGAGGAAA-1_3_1"
"864","GGGATGACAATGTCTG-1_3_1"
"865","GGGCCATGTCCAGGTC-1_3_1"
"866","GGGCGTTAGAGCCGTA-1_3_1"
"867","GGGCGTTAGGAAGTGA-1_3_1"
"868","GGGCGTTGTACGGGAT-1_3_1"
"869","GGGCTACTCAGACCGC-1_3_1"
"870","GGGCTCAGTTAACCTG-1_3_1"
"871","GGGCTCATCAGAGCAG-1_3_1"
"872","GGGTAGAAGGAACTCG-1_3_1"
"873","GGGTAGACACGGCACT-1_3_1"
"874","GGGTAGAGTCTACAAC-1_3_1"
"875","GGGTATTCAGTCGCAC-1_3_1"
"876","GGGTCACAGGGCGAAG-1_3_1"
"877","GGGTCACCAATGCTCA-1_3_1"
"878","GGGTCACTCCAGTGTA-1_3_1"
"879","GGGTGAAAGAAGCTGC-1_3_1"
"880","GGGTGAAAGTAGATCA-1_3_1"
"881","GGGTGAAGTAATTAGG-1_3_1"
"882","GGGTGTCAGGTTGGTG-1_3_1"
"883","GGGTGTCCAAAGCGTG-1_3_1"
"884","GGGTTTAAGTTGCCTA-1_3_1"
"885","GGTAATCAGCCTTTGA-1_3_1"
"886","GGTAATCTCTGTCCCA-1_3_1"
"887","GGTAGAGCACCGAATT-1_3_1"
"888","GGTAGAGTCAAGCTTG-1_3_1"
"889","GGTAGAGTCGCAGTGC-1_3_1"
"890","GGTCACGCACCATTCC-1_3_1"
"891","GGTCACGTCTACCCAC-1_3_1"
"892","GGTGATTCACGCCAGT-1_3_1"
"893","GGTGATTGTTAAACCC-1_3_1"
"894","GGTGATTTCTAGAACC-1_3_1"
"895","GGTGGCTAGGTTTACC-1_3_1"
"896","GGTGGCTGTACAGTAA-1_3_1"
"897","GGTGGCTTCGATGGAG-1_3_1"
"898","GGTGTCGCAATGCAGG-1_3_1"
"899","GGTGTTAGTAGTTCCA-1_3_1"
"900","GGTGTTAGTTAAGTCC-1_3_1"
"901","GGTGTTAGTTCCGCAG-1_3_1"
"902","GGTTAACTCGGCCAAC-1_3_1"
"903","GGTTAACTCGTTGTGA-1_3_1"
"904","GGTTCTCGTCTCTCAC-1_3_1"
"905","GGTTGTAGTCCCGCAA-1_3_1"
"906","GGTTGTATCTGCGATA-1_3_1"
"907","GTAACACTCCATTGGA-1_3_1"
"908","GTAACCACACAGCATT-1_3_1"
"909","GTAACCACACTCAGAT-1_3_1"
"910","GTAACCATCCGACAGC-1_3_1"
"911","GTAAGTCCATAGACTC-1_3_1"
"912","GTAATGCCACTACACA-1_3_1"
"913","GTAATGCCACTTCATT-1_3_1"
"914","GTAATGCCATTGGCAT-1_3_1"
"915","GTAATGCTCGGTCTAA-1_3_1"
"916","GTACAGTAGGGCTGAT-1_3_1"
"917","GTACAGTAGTCATTGC-1_3_1"
"918","GTAGAAAGTAAGCGGT-1_3_1"
"919","GTAGAGGGTCCCACGA-1_3_1"
"920","GTAGATCCACCAGACC-1_3_1"
"921","GTAGCTAAGCACTCAT-1_3_1"
"922","GTAGGTTAGCACTAGG-1_3_1"
"923","GTAGGTTTCTGGACTA-1_3_1"
"924","GTAGTACTCGCCTATC-1_3_1"
"925","GTATTGGAGGCTCAAG-1_3_1"
"926","GTATTGGAGTAGGATT-1_3_1"
"927","GTATTGGAGTGCTCAT-1_3_1"
"928","GTATTGGCAAATGAGT-1_3_1"
"929","GTATTGGCATAGAATG-1_3_1"
"930","GTATTTCAGCACCCAC-1_3_1"
"931","GTCAAACCATTGGGAG-1_3_1"
"932","GTCAAGTCATCGGAAG-1_3_1"
"933","GTCAAGTGTAGCTAAA-1_3_1"
"934","GTCACGGAGACTTCGT-1_3_1"
"935","GTCAGCGTCCGGGACT-1_3_1"
"936","GTCATCCAGACTACGG-1_3_1"
"937","GTCATGACAAGTACCT-1_3_1"
"938","GTCATTTTCGTCGCTT-1_3_1"
"939","GTCATTTTCTGCGGAC-1_3_1"
"940","GTCCACTGTACTAAGA-1_3_1"
"941","GTCCCATAGAGATTCA-1_3_1"
"942","GTCCCATCATGGCACC-1_3_1"
"943","GTCCTCAGTACGTGAG-1_3_1"
"944","GTCGAATAGGTGCTAG-1_3_1"
"945","GTCGAATCAAGTCCCG-1_3_1"
"946","GTCGAATGTAAGAACT-1_3_1"
"947","GTCGAATTCGCATTAG-1_3_1"
"948","GTCGCGAAGATCGCTT-1_3_1"
"949","GTCGCGAGTCTCCCTA-1_3_1"
"950","GTCGCGATCGACGTCG-1_3_1"
"951","GTCGCGATCGCCGAAC-1_3_1"
"952","GTCGTAAAGAGCCTGA-1_3_1"
"953","GTCGTTCAGTCGGCCT-1_3_1"
"954","GTCGTTCCATCTGGGC-1_3_1"
"955","GTCGTTCGTTAGGCCC-1_3_1"
"956","GTCTACCCAACAGATA-1_3_1"
"957","GTCTAGAGTCAACCAT-1_3_1"
"958","GTCTAGATCACCTTAT-1_3_1"
"959","GTCTAGATCACTGTCC-1_3_1"
"960","GTCTCACCAACACAGG-1_3_1"
"961","GTCTCACGTGAATAAC-1_3_1"
"962","GTCTCACTCACGGAGA-1_3_1"
"963","GTCTGTCCACTGTGTA-1_3_1"
"964","GTCTGTCTCAAGCCCG-1_3_1"
"965","GTCTGTCTCTATTCGT-1_3_1"
"966","GTCTTTAAGGACATCG-1_3_1"
"967","GTCTTTACAGACCTGC-1_3_1"
"968","GTGAGCCAGCAGTCTT-1_3_1"
"969","GTGAGCCAGCTACGTT-1_3_1"
"970","GTGAGCCGTCTTGAAC-1_3_1"
"971","GTGAGCCTCCATATGG-1_3_1"
"972","GTGAGGAGTTGGATCT-1_3_1"
"973","GTGAGTTGTATCCTCC-1_3_1"
"974","GTGAGTTTCGGCTGGT-1_3_1"
"975","GTGAGTTTCTCTCAAT-1_3_1"
"976","GTGATGTAGGGTGGGA-1_3_1"
"977","GTGATGTCAGTGGGTA-1_3_1"
"978","GTGATGTCATTGAAAG-1_3_1"
"979","GTGCACGAGAGCGACT-1_3_1"
"980","GTGCACGTCCGCAACG-1_3_1"
"981","GTGCGTGGTCCGGCAT-1_3_1"
"982","GTGCTGGAGCCTGAAG-1_3_1"
"983","GTGCTGGGTCTTCAAG-1_3_1"
"984","GTGCTGGTCGGTATGT-1_3_1"
"985","GTGGAAGAGTGCAGCA-1_3_1"
"986","GTGGAAGGTACAAGCG-1_3_1"
"987","GTGGAGAAGCGGTAAC-1_3_1"
"988","GTGGAGACATCGTCCT-1_3_1"
"989","GTGGGAAGTCAACGCC-1_3_1"
"990","GTGGTTAAGGTCATTC-1_3_1"
"991","GTGTAACCAGCGTGAA-1_3_1"
"992","GTGTCCTAGCAGCGAT-1_3_1"
"993","GTGTCCTGTACGGCAA-1_3_1"
"994","GTGTTAGAGTGCCCGT-1_3_1"
"995","GTGTTAGGTGGATCAG-1_3_1"
"996","GTGTTCCGTAGTTCCA-1_3_1"
"997","GTTACAGGTAGAGCTG-1_3_1"
"998","GTTACCCCACCGAATT-1_3_1"
"999","GTTACCCTCTGGAAGG-1_3_1"
"1000","GTTACGAAGGTGCAGT-1_3_1"
"1001","GTTACGATCAGTGTCA-1_3_1"
"1002","GTTACGATCTTACACT-1_3_1"
"1003","GTTAGACAGGCCTGCT-1_3_1"
"1004","GTTAGTGAGAAGATCT-1_3_1"
"1005","GTTAGTGAGTATGAAC-1_3_1"
"1006","GTTAGTGGTCGTGGAA-1_3_1"
"1007","GTTATGGAGCATGTTC-1_3_1"
"1008","GTTATGGAGTGGTGAC-1_3_1"
"1009","GTTATGGCACAGCCAC-1_3_1"
"1010","GTTCCGTCACGTCTCT-1_3_1"
"1011","GTTCCGTTCTACCAGA-1_3_1"
"1012","GTTCGCTAGTTCGCAT-1_3_1"
"1013","GTTCGCTCACTCCTGT-1_3_1"
"1014","GTTGAACGTGACGCCT-1_3_1"
"1015","GTTGCGGTCTGCGATA-1_3_1"
"1016","GTTGCTCCATCGGAGA-1_3_1"
"1017","GTTGCTCTCTACAGGT-1_3_1"
"1018","GTTGCTCTCTCAAAGC-1_3_1"
"1019","GTTGTAGTCAATGCAC-1_3_1"
"1020","GTTGTAGTCCGATAAC-1_3_1"
"1021","GTTTACTAGACGGATC-1_3_1"
"1022","GTTTACTAGAGGACTC-1_3_1"
"1023","GTTTACTCATCTCGTC-1_3_1"
"1024","GTTTACTGTAAGCGGT-1_3_1"
"1025","GTTTACTTCGTAACTG-1_3_1"
"1026","GTTTGGAGTCCAGGTC-1_3_1"
"1027","GTTTGGATCCAAATGC-1_3_1"
"1028","TAACACGGTGAGGCAT-1_3_1"
"1029","TAACCAGAGTTTGCTG-1_3_1"
"1030","TAAGCACAGGCAGCTA-1_3_1"
"1031","TAAGCACCAGCGACCT-1_3_1"
"1032","TAAGCACTCGTTAGAC-1_3_1"
"1033","TAAGCCAGTACAGCGA-1_3_1"
"1034","TAAGCGTAGTCACTGT-1_3_1"
"1035","TAAGCGTCATGACAGG-1_3_1"
"1036","TAAGCGTGTGGCTACC-1_3_1"
"1037","TAAGTCGCAATGTCTG-1_3_1"
"1038","TAAGTCGGTACCCACG-1_3_1"
"1039","TAAGTCGTCATAAGGA-1_3_1"
"1040","TAATCTCAGATCCCGC-1_3_1"
"1041","TAATCTCTCGAACACT-1_3_1"
"1042","TAATCTCTCGTGGGAA-1_3_1"
"1043","TAATCTCTCTTTCAGT-1_3_1"
"1044","TAATTCCAGTGTACCT-1_3_1"
"1045","TAATTCCTCAATCGGT-1_3_1"
"1046","TACAACGGTGTACATC-1_3_1"
"1047","TACAACGTCGCCGATG-1_3_1"
"1048","TACACCCCAAGACGGT-1_3_1"
"1049","TACATTCAGAATTGTG-1_3_1"
"1050","TACATTCGTGCCAAGA-1_3_1"
"1051","TACCCGTGTCATGCAT-1_3_1"
"1052","TACCGAACATTAGGAA-1_3_1"
"1053","TACCGGGAGTAAACTG-1_3_1"
"1054","TACCGGGTCAGGAAGC-1_3_1"
"1055","TACCTCGGTTACCTGA-1_3_1"
"1056","TACCTGCCATAACCCA-1_3_1"
"1057","TACCTGCTCGCGATCG-1_3_1"
"1058","TACGCTCAGGAACGCT-1_3_1"
"1059","TACGCTCGTCGCATCG-1_3_1"
"1060","TACGGGCCAGCGCTTG-1_3_1"
"1061","TACGGGCCATGATCTG-1_3_1"
"1062","TACGGTATCTCGTTTA-1_3_1"
"1063","TACGTCCCAAATAAGC-1_3_1"
"1064","TACGTCCCAGGTACGA-1_3_1"
"1065","TACTGCCGTATTCCGA-1_3_1"
"1066","TACTTACCAGTATGAA-1_3_1"
"1067","TACTTCAGTATGCGTT-1_3_1"
"1068","TACTTCAGTGGCTACC-1_3_1"
"1069","TACTTCAGTTGCTCGG-1_3_1"
"1070","TACTTGTTCGACACCG-1_3_1"
"1071","TACTTGTTCTAAGAAG-1_3_1"
"1072","TAGACCAGTGCGTTTA-1_3_1"
"1073","TAGACTGTCACTTATC-1_3_1"
"1074","TAGACTGTCCAGTTCC-1_3_1"
"1075","TAGACTGTCTGGCCAG-1_3_1"
"1076","TAGAGTCAGCACTGGA-1_3_1"
"1077","TAGCACAAGGCTTAGG-1_3_1"
"1078","TAGCACACACAGCGCT-1_3_1"
"1079","TAGGAGGAGTGAGTTA-1_3_1"
"1080","TAGGAGGGTATTGCCA-1_3_1"
"1081","TAGGGTTCACCCAAGC-1_3_1"
"1082","TAGGGTTGTAGGCAGT-1_3_1"
"1083","TAGGGTTTCATGGCCG-1_3_1"
"1084","TAGGTACCAAGAGGTC-1_3_1"
"1085","TAGGTACGTGGATCAG-1_3_1"
"1086","TAGGTTGAGAGGTCGT-1_3_1"
"1087","TAGGTTGAGTTAGTAG-1_3_1"
"1088","TAGGTTGCACGCCACA-1_3_1"
"1089","TAGGTTGTCTGGTGGC-1_3_1"
"1090","TAGTGCAAGTGAGGCT-1_3_1"
"1091","TATACCTCAAGCGAGT-1_3_1"
"1092","TATATCCAGAACAGGA-1_3_1"
"1093","TATATCCAGCGACTAG-1_3_1"
"1094","TATATCCTCACATACG-1_3_1"
"1095","TATCCTAAGGGTATAT-1_3_1"
"1096","TATCCTACACCGTACG-1_3_1"
"1097","TATCCTAGTGCCTAAT-1_3_1"
"1098","TATCGCCGTGGCGTAA-1_3_1"
"1099","TATCGCCTCGCTGTTC-1_3_1"
"1100","TATCTGTGTTTGGAGG-1_3_1"
"1101","TATCTTGTCGGAACTT-1_3_1"
"1102","TATCTTGTCTGGGAGA-1_3_1"
"1103","TATGTTCAGGTAGTAT-1_3_1"
"1104","TATTGCTGTCAGTCGC-1_3_1"
"1105","TATTTCGCAGCAGATG-1_3_1"
"1106","TATTTCGTCATCACAG-1_3_1"
"1107","TCAAGACCACCTATCC-1_3_1"
"1108","TCAAGACCACTGTGTA-1_3_1"
"1109","TCAAGACTCGCGTCGA-1_3_1"
"1110","TCAAGACTCTATGCCC-1_3_1"
"1111","TCAATCTGTTAGCTAC-1_3_1"
"1112","TCAATTCAGGTCATTC-1_3_1"
"1113","TCAATTCCAACTCGAT-1_3_1"
"1114","TCAATTCGTATTTCCT-1_3_1"
"1115","TCAATTCGTTTCTTAC-1_3_1"
"1116","TCACAAGGTGTGCTTA-1_3_1"
"1117","TCACACCAGACGATAT-1_3_1"
"1118","TCACGGGCACAGTGTT-1_3_1"
"1119","TCACGGGGTATCGAGG-1_3_1"
"1120","TCACGGGTCAGCGTCG-1_3_1"
"1121","TCACTCGAGTCACGAG-1_3_1"
"1122","TCACTCGGTTGCATGT-1_3_1"
"1123","TCACTCGTCGAGTTGT-1_3_1"
"1124","TCAGCAAAGACCACGA-1_3_1"
"1125","TCAGCCTCAGCTGTGC-1_3_1"
"1126","TCAGGTAAGGCTAGCA-1_3_1"
"1127","TCAGGTATCTTTGATC-1_3_1"
"1128","TCAGTCCGTAGGGTAC-1_3_1"
"1129","TCAGTTTGTTACAGCT-1_3_1"
"1130","TCATACTAGACGGTTG-1_3_1"
"1131","TCATACTAGGGTTTCT-1_3_1"
"1132","TCATACTCAGTGTACT-1_3_1"
"1133","TCATACTGTGGCTCTG-1_3_1"
"1134","TCATATCCAGACATCT-1_3_1"
"1135","TCATATCGTGAGTAGC-1_3_1"
"1136","TCATCATAGACCTCAT-1_3_1"
"1137","TCATCATCAGTCTGGC-1_3_1"
"1138","TCATCATGTCGAAGCA-1_3_1"
"1139","TCATCATTCCTTACCG-1_3_1"
"1140","TCATCCGGTCTACAGT-1_3_1"
"1141","TCATCCGTCGAAGTGG-1_3_1"
"1142","TCATGAGAGTGATTCC-1_3_1"
"1143","TCATGAGCAAACGTGG-1_3_1"
"1144","TCATGCCAGGTTGTTC-1_3_1"
"1145","TCATGGAGTACAAGTA-1_3_1"
"1146","TCATGTTGTCAAGCGA-1_3_1"
"1147","TCATTGTAGCCATATC-1_3_1"
"1148","TCATTGTAGGATATGT-1_3_1"
"1149","TCATTGTTCTACGCGG-1_3_1"
"1150","TCCACCACATTCCTAT-1_3_1"
"1151","TCCAGAAAGTTGGCTT-1_3_1"
"1152","TCCAGAATCCGTAGTA-1_3_1"
"1153","TCCATCGCAACAAGAT-1_3_1"
"1154","TCCATGCGTTGACTGT-1_3_1"
"1155","TCCCACAAGGAACTAT-1_3_1"
"1156","TCCCAGTGTATGCGTT-1_3_1"
"1157","TCCCAGTTCACCGGTG-1_3_1"
"1158","TCCGAAAAGTTCCAGT-1_3_1"
"1159","TCCGGGACACTACACA-1_3_1"
"1160","TCCTAATAGATTTGCC-1_3_1"
"1161","TCCTAATCAAATAGCA-1_3_1"
"1162","TCCTAATGTGGAGAAA-1_3_1"
"1163","TCCTCCCTCGGCATTA-1_3_1"
"1164","TCCTCTTAGAATCTAG-1_3_1"
"1165","TCCTCTTCACCGTCTT-1_3_1"
"1166","TCCTGCAAGTCCTGCG-1_3_1"
"1167","TCCTGCATCACTAGCA-1_3_1"
"1168","TCCTTCTGTAACGCGA-1_3_1"
"1169","TCCTTCTGTCGAGTTT-1_3_1"
"1170","TCCTTCTGTGGCTTGC-1_3_1"
"1171","TCCTTTCCACCTGCGA-1_3_1"
"1172","TCGAAGTCACGCGCAT-1_3_1"
"1173","TCGAAGTTCTTGGATG-1_3_1"
"1174","TCGACCTAGAGAGTGA-1_3_1"
"1175","TCGACCTCAACCGCTG-1_3_1"
"1176","TCGACGGGTAACGATA-1_3_1"
"1177","TCGACGGGTCTACATG-1_3_1"
"1178","TCGACGGTCGGACAAG-1_3_1"
"1179","TCGCACTAGCAAGTCG-1_3_1"
"1180","TCGCAGGGTTAGCTAC-1_3_1"
"1181","TCGCTCAAGCGAAACC-1_3_1"
"1182","TCGCTCAGTTCCGCTT-1_3_1"
"1183","TCGCTCATCTGAGTCA-1_3_1"
"1184","TCGCTTGAGGCCACCT-1_3_1"
"1185","TCGGATAAGACAGCTG-1_3_1"
"1186","TCGGATATCATTCACT-1_3_1"
"1187","TCGGATATCTGAGAAA-1_3_1"
"1188","TCGGGACAGGGTACGT-1_3_1"
"1189","TCGGGACCAACCCTAA-1_3_1"
"1190","TCGGGCATCTGTGCGG-1_3_1"
"1191","TCGGGTGTCACTCTTA-1_3_1"
"1192","TCGGGTGTCGAGTCTA-1_3_1"
"1193","TCGGTCTTCCGTATAG-1_3_1"
"1194","TCGTAGAGTACATTGC-1_3_1"
"1195","TCGTAGAGTCACGCTG-1_3_1"
"1196","TCGTCCAAGAGAATCT-1_3_1"
"1197","TCGTCCACAATAGTAG-1_3_1"
"1198","TCGTGCTCAACTGATC-1_3_1"
"1199","TCGTGCTTCTCTCGAC-1_3_1"
"1200","TCTAACTTCGCAGATT-1_3_1"
"1201","TCTACATAGCACAAAT-1_3_1"
"1202","TCTACATTCCAGTGCG-1_3_1"
"1203","TCTACCGTCGGTCACG-1_3_1"
"1204","TCTATACTCTCGACCT-1_3_1"
"1205","TCTCACGAGCCAAGCA-1_3_1"
"1206","TCTCACGGTATTCCTT-1_3_1"
"1207","TCTCAGCAGGTGGTTG-1_3_1"
"1208","TCTCAGCCACCTTCCA-1_3_1"
"1209","TCTCAGCCATGATAGA-1_3_1"
"1210","TCTCCGAAGGAACTCG-1_3_1"
"1211","TCTCCGAGTCGAACAG-1_3_1"
"1212","TCTGTCGCATGACCCG-1_3_1"
"1213","TCTGTCGGTCTTGCGG-1_3_1"
"1214","TCTTCCTAGAAACACT-1_3_1"
"1215","TGAACGTCAACTTGGT-1_3_1"
"1216","TGAATCGGTACTGCGC-1_3_1"
"1217","TGAATCGGTTCTCGTC-1_3_1"
"1218","TGACAGTCAAAGCTAA-1_3_1"
"1219","TGACAGTCATGACACT-1_3_1"
"1220","TGACAGTTCTTTGGAG-1_3_1"
"1221","TGACCCTCACTTGTCC-1_3_1"
"1222","TGACCCTTCTGGGAGA-1_3_1"
"1223","TGAGCATAGACCAACG-1_3_1"
"1224","TGAGCGCCATCCGCGA-1_3_1"
"1225","TGAGGGAGTCAACCAT-1_3_1"
"1226","TGAGGTTAGAAGCTCG-1_3_1"
"1227","TGAGGTTAGGTCATCT-1_3_1"
"1228","TGAGGTTGTCGCTTGG-1_3_1"
"1229","TGAGTCACACCGGCTA-1_3_1"
"1230","TGATCTTAGTAATACG-1_3_1"
"1231","TGATCTTAGTTTCGAC-1_3_1"
"1232","TGATGCAAGGTGATCG-1_3_1"
"1233","TGATTCTAGAATTGCA-1_3_1"
"1234","TGATTCTCAAACTGCT-1_3_1"
"1235","TGATTTCAGGCCGCTT-1_3_1"
"1236","TGCAGATCACCAGACC-1_3_1"
"1237","TGCAGATGTACGTGAG-1_3_1"
"1238","TGCAGTAGTAACATGA-1_3_1"
"1239","TGCAGTATCTAGAGCT-1_3_1"
"1240","TGCATCCAGCCTCATA-1_3_1"
"1241","TGCATCCAGTGAACAT-1_3_1"
"1242","TGCATGAGTGGGTCAA-1_3_1"
"1243","TGCCGAGAGATGACAT-1_3_1"
"1244","TGCCGAGGTGACCTGC-1_3_1"
"1245","TGCGATAAGCACTCGC-1_3_1"
"1246","TGCGATATCTTTGCTA-1_3_1"
"1247","TGCGGCACATGGCTAT-1_3_1"
"1248","TGCGGCATCTTACACT-1_3_1"
"1249","TGCGGGTCAATCTGCA-1_3_1"
"1250","TGCGGGTCATCGATGT-1_3_1"
"1251","TGCTCGTCAGAATGTA-1_3_1"
"1252","TGCTCGTCAGGAGACT-1_3_1"
"1253","TGCTGAAGTGTAAACA-1_3_1"
"1254","TGCTTCGGTACGCGTC-1_3_1"
"1255","TGCTTGCGTTATTCTC-1_3_1"
"1256","TGCTTGCTCTGAGTCA-1_3_1"
"1257","TGGAACTAGCCACAAG-1_3_1"
"1258","TGGAACTGTAACACGG-1_3_1"
"1259","TGGAACTGTTGGGATG-1_3_1"
"1260","TGGATCAGTCCGGATC-1_3_1"
"1261","TGGATCATCAGTCATG-1_3_1"
"1262","TGGATGTAGTTGAATG-1_3_1"
"1263","TGGATGTTCATTGCGA-1_3_1"
"1264","TGGGAAGCAAAGTATG-1_3_1"
"1265","TGGGAGAAGCCTATTG-1_3_1"
"1266","TGGGAGAGTCCCTGTT-1_3_1"
"1267","TGGGATTGTAACTGCT-1_3_1"
"1268","TGGGATTTCGATTTCT-1_3_1"
"1269","TGGGCGTAGCGGGTAT-1_3_1"
"1270","TGGGCGTTCATCGACA-1_3_1"
"1271","TGGGCTGAGACGCCCT-1_3_1"
"1272","TGGGCTGTCTCTCTAA-1_3_1"
"1273","TGGGTTATCTCAATCT-1_3_1"
"1274","TGGTACACAATCGTCA-1_3_1"
"1275","TGGTAGTCATCGTGCG-1_3_1"
"1276","TGGTAGTGTGCGTCGT-1_3_1"
"1277","TGGTGATAGTTTAGGA-1_3_1"
"1278","TGGTGATTCCTTATGT-1_3_1"
"1279","TGTAACGAGACACACG-1_3_1"
"1280","TGTAACGGTGTTCGTA-1_3_1"
"1281","TGTAACGTCAAACTGC-1_3_1"
"1282","TGTAAGCTCGCTTGAA-1_3_1"
"1283","TGTACAGCATGACGAG-1_3_1"
"1284","TGTCAGAAGACTCTTG-1_3_1"
"1285","TGTCAGAAGAGTCTTC-1_3_1"
"1286","TGTCAGAAGGTGATAT-1_3_1"
"1287","TGTCCACTCAATCCGA-1_3_1"
"1288","TGTCCACTCCTTATCA-1_3_1"
"1289","TGTCCTGCAACCCGCA-1_3_1"
"1290","TGTGAGTAGCGAAACC-1_3_1"
"1291","TGTGAGTGTACCGTGC-1_3_1"
"1292","TGTGATGAGGCACAAC-1_3_1"
"1293","TGTGATGCAAAGGCTG-1_3_1"
"1294","TGTGCGGTCTCATAGG-1_3_1"
"1295","TGTGGCGCAGAGTTCT-1_3_1"
"1296","TGTGGCGGTTAATGAG-1_3_1"
"1297","TGTGTGACAGAACATA-1_3_1"
"1298","TGTGTGACAGAGAGGG-1_3_1"
"1299","TGTGTGATCCTTCGAC-1_3_1"
"1300","TGTGTGATCTATCCAT-1_3_1"
"1301","TGTTACTAGTATGGAT-1_3_1"
"1302","TGTTACTTCTTGCAGA-1_3_1"
"1303","TGTTCATCACATATCG-1_3_1"
"1304","TGTTCCGTCTCTTCAA-1_3_1"
"1305","TGTTCTACACATATCG-1_3_1"
"1306","TGTTGAGAGCTGTACT-1_3_1"
"1307","TGTTGAGGTTGGGAAC-1_3_1"
"1308","TGTTTGTAGTATGGCG-1_3_1"
"1309","TGTTTGTAGTCTTCCC-1_3_1"
"1310","TGTTTGTCAACAAAGT-1_3_1"
"1311","TGTTTGTGTCACTGAT-1_3_1"
"1312","TTAATCCAGGGTTGCA-1_3_1"
"1313","TTACAGGAGACTACCT-1_3_1"
"1314","TTACAGGGTCTTGAGT-1_3_1"
"1315","TTACCATAGGCTGAAC-1_3_1"
"1316","TTACCATCACAGTACT-1_3_1"
"1317","TTACCGCAGCAGGCAT-1_3_1"
"1318","TTACGCCAGTGAGTTA-1_3_1"
"1319","TTACGTTCAAGTTCGT-1_3_1"
"1320","TTACGTTCATATGCGT-1_3_1"
"1321","TTACGTTCATGAGGGT-1_3_1"
"1322","TTACGTTGTAGTCTGT-1_3_1"
"1323","TTAGGCAAGCACTTTG-1_3_1"
"1324","TTAGGCAAGCAGAAAG-1_3_1"
"1325","TTAGGCACAGAGCGTA-1_3_1"
"1326","TTAGGCACAGCGTTGC-1_3_1"
"1327","TTAGGGTCAGTAACAA-1_3_1"
"1328","TTAGGGTTCGTTCAGA-1_3_1"
"1329","TTAGTCTGTACACTCA-1_3_1"
"1330","TTAGTCTTCTCGTGGG-1_3_1"
"1331","TTCAATCCATCCCACT-1_3_1"
"1332","TTCAATCCATTGAAAG-1_3_1"
"1333","TTCAATCGTGGCGCTT-1_3_1"
"1334","TTCACCGAGCCGCTTG-1_3_1"
"1335","TTCACCGCAGGTTACT-1_3_1"
"1336","TTCACGCAGCTTGTTG-1_3_1"
"1337","TTCACGCTCTGTCCCA-1_3_1"
"1338","TTCAGGAAGCTGTACT-1_3_1"
"1339","TTCAGGAGTAACTTCG-1_3_1"
"1340","TTCAGGAGTCATGACT-1_3_1"
"1341","TTCATGTAGGTCACAG-1_3_1"
"1342","TTCATGTCAATCACGT-1_3_1"
"1343","TTCATGTTCATCGCCT-1_3_1"
"1344","TTCATTGCACTGGCGT-1_3_1"
"1345","TTCATTGGTTCGGGTC-1_3_1"
"1346","TTCCACGAGCACTAAA-1_3_1"
"1347","TTCCACGAGGGCGAGA-1_3_1"
"1348","TTCCACGAGTACCATC-1_3_1"
"1349","TTCCACGCACGTCGTG-1_3_1"
"1350","TTCCGGTAGAGTTGTA-1_3_1"
"1351","TTCCTAAGTACGACAG-1_3_1"
"1352","TTCCTAAGTGCCGGTT-1_3_1"
"1353","TTCCTCTCAATCGCGC-1_3_1"
"1354","TTCCTCTCATCGTGCG-1_3_1"
"1355","TTCCTCTTCGACGTCG-1_3_1"
"1356","TTCCTTCAGCAGCCTC-1_3_1"
"1357","TTCGATTAGAAAGTCT-1_3_1"
"1358","TTCGATTAGGAGAGTA-1_3_1"
"1359","TTCGCTGAGAGGTCAC-1_3_1"
"1360","TTCGCTGCAAGTATAG-1_3_1"
"1361","TTCGCTGGTTTCTATC-1_3_1"
"1362","TTCGGTCCAGTTAGAA-1_3_1"
"1363","TTCGGTCGTGTCCGGT-1_3_1"
"1364","TTCTAACAGAACCGCA-1_3_1"
"1365","TTCTAACTCAGGCGAA-1_3_1"
"1366","TTCTAGTCAGATCCAT-1_3_1"
"1367","TTCTAGTCATAGTCAC-1_3_1"
"1368","TTCTAGTGTTGCAACT-1_3_1"
"1369","TTCTCTCAGCACACAG-1_3_1"
"1370","TTCTGTAAGTGGATTA-1_3_1"
"1371","TTCTGTACATACAGAA-1_3_1"
"1372","TTCTGTAGTAGGCTGA-1_3_1"
"1373","TTCTTCCTCCGCCTAT-1_3_1"
"1374","TTCTTCCTCTTTCTAG-1_3_1"
"1375","TTCTTGACAGTCGTTA-1_3_1"
"1376","TTCTTGATCGAACCTA-1_3_1"
"1377","TTGACCCTCGGTTCAA-1_3_1"
"1378","TTGAGTGCAACACTAC-1_3_1"
"1379","TTGAGTGGTACCTATG-1_3_1"
"1380","TTGAGTGGTAGCGTCC-1_3_1"
"1381","TTGATGGGTTCGGCTG-1_3_1"
"1382","TTGATGGGTTCTCACC-1_3_1"
"1383","TTGATGGTCCGTTTCG-1_3_1"
"1384","TTGCATTGTCTATGAC-1_3_1"
"1385","TTGCTGCAGCAAGTCG-1_3_1"
"1386","TTGCTGCGTACACGTT-1_3_1"
"1387","TTGCTGCGTTTCCCAC-1_3_1"
"1388","TTGGATGCAGGACTTT-1_3_1"
"1389","TTGGATGGTATGAGCG-1_3_1"
"1390","TTGGATGGTCACTAGT-1_3_1"
"1391","TTGGGATCAGCTTTCC-1_3_1"
"1392","TTGGGATGTGGTAATA-1_3_1"
"1393","TTGGGATGTTTAAGGA-1_3_1"
"1394","TTGGGCGAGGTGATAT-1_3_1"
"1395","TTGGGCGCATGGAGAC-1_3_1"
"1396","TTGGGTAAGTTCCGTA-1_3_1"
"1397","TTGGTTTAGATTGGGC-1_3_1"
"1398","TTGGTTTCAATTGCCA-1_3_1"
"1399","TTGGTTTTCCATACTT-1_3_1"
"1400","TTGTGGACAGGATCTT-1_3_1"
"1401","TTGTGGAGTTCAAGTC-1_3_1"
"1402","TTGTGTTAGTATTGCC-1_3_1"
"1403","TTGTGTTCAGCTACCG-1_3_1"
"1404","TTGTGTTGTCTGTGTA-1_3_1"
"1405","TTGTGTTTCTCGACCT-1_3_1"
"1406","TTGTTGTAGGTCTGGA-1_3_1"
"1407","TTGTTGTTCGTCCATC-1_3_1"
"1408","TTGTTTGGTAGTACGG-1_3_1"
"1409","TTTACCACAAAGCTAA-1_3_1"
"1410","TTTACCACACATACTG-1_3_1"
"1411","TTTACGTGTGTTATCG-1_3_1"
"1412","TTTACTGTCGTTCCTG-1_3_1"
"1413","TTTAGTCTCAACTGGT-1_3_1"
"1414","TTTCATGGTAGGACCA-1_3_1"
"1415","TTTCATGGTCAAAGCG-1_3_1"
"1416","TTTCCTCCAGGACGAT-1_3_1"
"1417","TTTCGATAGGATGGCT-1_3_1"
"1418","TTTCGATGTTAAGACA-1_3_1"
"1419","TTTGACTCACCGTGAC-1_3_1"
"1420","TTTGACTTCACTCACC-1_3_1"
"1421","TTTGATCAGCCTCTCT-1_3_1"
"1422","TTTGATCAGTTGGAGC-1_3_1"
"1423","TTTGATCCAGAGTTCT-1_3_1"
"1424","TTTGATCCAGCAAGAC-1_3_1"
"1425","TTTGATCGTTTGCCGG-1_3_1"
"1426","TTTGGAGGTGACCGAA-1_3_1"
"1427","TTTGGAGTCGCCCAGA-1_3_1"
"1428","TTTGGTTCACCGGAAA-1_3_1"
"1429","TTTGGTTCAGTATACC-1_3_1"
"1430","TTTGGTTGTTGGACTT-1_3_1"
"1431","TTTGTTGCAAAGGCGT-1_3_1"
"1432","TTTGTTGCAGTCGCAC-1_3_1"
"1433","TTTGTTGGTTAAACAG-1_3_1"
