"","x"
"1","AAACCCACAACTTGGT-1_2_1"
"2","AAACCCACAAGCACCC-1_2_1"
"3","AAACGAAAGAGCACTG-1_2_1"
"4","AAACGAAGTACGAGCA-1_2_1"
"5","AAACGAATCAAACCTG-1_2_1"
"6","AAACGCTGTCCATACA-1_2_1"
"7","AAACGCTTCCTGCTAC-1_2_1"
"8","AAAGAACGTGGATACG-1_2_1"
"9","AAAGAACTCTTGGGCG-1_2_1"
"10","AAAGGATGTATGAGCG-1_2_1"
"11","AAAGGATTCTCCATAT-1_2_1"
"12","AAAGGGCAGTAGGCCA-1_2_1"
"13","AAAGGTATCTACGCAA-1_2_1"
"14","AAAGTCCGTCTGTGCG-1_2_1"
"15","AAAGTCCTCCAAGAGG-1_2_1"
"16","AAAGTGAAGAGTATAC-1_2_1"
"17","AAAGTGAAGGTAAGAG-1_2_1"
"18","AAATGGAAGGTGCCAA-1_2_1"
"19","AAATGGACACTAGTAC-1_2_1"
"20","AACAAAGGTCCTCCAT-1_2_1"
"21","AACAAAGGTTTCACAG-1_2_1"
"22","AACAAAGTCCCAGTGG-1_2_1"
"23","AACAACCAGAGGGCGA-1_2_1"
"24","AACAACCAGAGTTGCG-1_2_1"
"25","AACAACCCATAACTCG-1_2_1"
"26","AACAAGAGTAAGCGGT-1_2_1"
"27","AACAAGATCGATACAC-1_2_1"
"28","AACAAGATCGTTCGCT-1_2_1"
"29","AACACACCATGCCGGT-1_2_1"
"30","AACACACGTCGTCTCT-1_2_1"
"31","AACAGGGAGGGCAACT-1_2_1"
"32","AACAGGGTCCAACCGG-1_2_1"
"33","AACCAACCACTTGAAC-1_2_1"
"34","AACCAACCAGACCATT-1_2_1"
"35","AACCAACTCCACGTGG-1_2_1"
"36","AACCACAAGAAAGTCT-1_2_1"
"37","AACCATGAGCTTAAGA-1_2_1"
"38","AACCATGAGTCCGCGT-1_2_1"
"39","AACCATGAGTTTCTTC-1_2_1"
"40","AACCATGCAGCAGTAG-1_2_1"
"41","AACCATGGTATACGGG-1_2_1"
"42","AACCATGTCACCATAG-1_2_1"
"43","AACCATGTCTTACTGT-1_2_1"
"44","AACCCAACAATTGCCA-1_2_1"
"45","AACCCAACATATGAAG-1_2_1"
"46","AACCTGAAGAGAGCGG-1_2_1"
"47","AACCTGAAGCATTTGC-1_2_1"
"48","AACCTGACAAGAGGCT-1_2_1"
"49","AACCTTTAGCCAACCC-1_2_1"
"50","AACGAAACAGCGACCT-1_2_1"
"51","AACGGGATCGGTCGAC-1_2_1"
"52","AACGTCAGTTAGGACG-1_2_1"
"53","AACTTCTAGACATACA-1_2_1"
"54","AACTTCTTCTGGTGGC-1_2_1"
"55","AAGAACACACAGCCTG-1_2_1"
"56","AAGAACAGTGAACCGA-1_2_1"
"57","AAGACAAAGAGCATTA-1_2_1"
"58","AAGACAAGTGAGATTA-1_2_1"
"59","AAGACTCAGACTTGTC-1_2_1"
"60","AAGACTCCAGTAGTTC-1_2_1"
"61","AAGACTCGTATTGCCA-1_2_1"
"62","AAGACTCTCGCATTAG-1_2_1"
"63","AAGATAGTCATGGAGG-1_2_1"
"64","AAGATAGTCGATGGAG-1_2_1"
"65","AAGCATCGTACATTGC-1_2_1"
"66","AAGCATCGTGCCTTTC-1_2_1"
"67","AAGCATCTCGAACCAT-1_2_1"
"68","AAGCCATCACAGTCAT-1_2_1"
"69","AAGCGAGAGACTCAAA-1_2_1"
"70","AAGCGAGAGATCCTAC-1_2_1"
"71","AAGCGAGAGCAGTAAT-1_2_1"
"72","AAGCGAGAGGAAACGA-1_2_1"
"73","AAGCGAGTCATTGGTG-1_2_1"
"74","AAGGAATAGGTCGCCT-1_2_1"
"75","AAGGTAAGTGGATCGA-1_2_1"
"76","AAGTCGTAGCACTGGA-1_2_1"
"77","AAGTTCGAGGGAGAAT-1_2_1"
"78","AAGTTCGCATATACCG-1_2_1"
"79","AAGTTCGGTGGGTCAA-1_2_1"
"80","AAGTTCGTCTTGTTAC-1_2_1"
"81","AATCGACAGAGAGGGC-1_2_1"
"82","AATCGACCATCTGCGG-1_2_1"
"83","AATCGTGCACGAGGTA-1_2_1"
"84","AATCGTGGTGGTCTCG-1_2_1"
"85","AATGAAGAGCGGTAGT-1_2_1"
"86","AATGAAGGTACTCGAT-1_2_1"
"87","AATGACCCATTCACCC-1_2_1"
"88","AATGCCAAGGATTCCT-1_2_1"
"89","AATGCCAGTCATCACA-1_2_1"
"90","AATGCCATCGATTGGT-1_2_1"
"91","AATGGAACAGGGAATC-1_2_1"
"92","AATGGAAGTAGTCACT-1_2_1"
"93","AATGGAATCGTTCTCG-1_2_1"
"94","AATTCCTTCTCAACGA-1_2_1"
"95","AATTTCCAGGCCACCT-1_2_1"
"96","AATTTCCTCCTGTAAG-1_2_1"
"97","AATTTCCTCGCTCTCA-1_2_1"
"98","ACAAAGACACCCAACG-1_2_1"
"99","ACAACCACAGCGATTT-1_2_1"
"100","ACAACCATCTCTATGT-1_2_1"
"101","ACAAGCTAGTGCTCGC-1_2_1"
"102","ACAAGCTCAATGAAAC-1_2_1"
"103","ACACAGTAGACGCAGT-1_2_1"
"104","ACACCAAAGATGCTTC-1_2_1"
"105","ACACCAAAGTGAGGCT-1_2_1"
"106","ACACCAAGTGATTCTG-1_2_1"
"107","ACACCAATCTGCAGCG-1_2_1"
"108","ACACGCGTCATTATCC-1_2_1"
"109","ACACGCGTCTAGTTCT-1_2_1"
"110","ACACTGACAAGGTCTT-1_2_1"
"111","ACACTGAGTCGTGCCA-1_2_1"
"112","ACACTGAGTCTACGAT-1_2_1"
"113","ACAGAAAAGAGCCATG-1_2_1"
"114","ACAGGGACACTGCGAC-1_2_1"
"115","ACAGGGATCTGGGCGT-1_2_1"
"116","ACATCCCCAAGGCTTT-1_2_1"
"117","ACATCCCGTATCAGGG-1_2_1"
"118","ACATCCCGTGTCGATT-1_2_1"
"119","ACATCCCTCACTCCGT-1_2_1"
"120","ACATCGAAGTGGTTAA-1_2_1"
"121","ACATCGAAGTTCCGGC-1_2_1"
"122","ACATCGATCGCTTACC-1_2_1"
"123","ACATGCACAATGTCAC-1_2_1"
"124","ACCAAACAGGGTAATT-1_2_1"
"125","ACCAAACGTAGAAACT-1_2_1"
"126","ACCAAACGTGCCGTAC-1_2_1"
"127","ACCAACAAGAGATCGC-1_2_1"
"128","ACCACAAGTAGAATAC-1_2_1"
"129","ACCACAAGTTCCAAAC-1_2_1"
"130","ACCATTTAGTTGCGCC-1_2_1"
"131","ACCATTTCAAGCCTGC-1_2_1"
"132","ACCCTCACAAGGCGTA-1_2_1"
"133","ACCCTCATCTCTGCCA-1_2_1"
"134","ACCCTTGAGGAGGCAG-1_2_1"
"135","ACCCTTGAGGTTACAA-1_2_1"
"136","ACCGTTCGTTGGATCT-1_2_1"
"137","ACCGTTCTCGAGCTGC-1_2_1"
"138","ACCTACCCACAAACGG-1_2_1"
"139","ACCTACCTCGCCCAGA-1_2_1"
"140","ACCTGTCGTAGCGAGT-1_2_1"
"141","ACGATCATCGGAGTAG-1_2_1"
"142","ACGATGTCAGAGGTTG-1_2_1"
"143","ACGATGTTCAGTGTGT-1_2_1"
"144","ACGATGTTCCTGGGTG-1_2_1"
"145","ACGATGTTCTGGTTGA-1_2_1"
"146","ACGCACGTCGGACAAG-1_2_1"
"147","ACGGAAGAGAGGCGGA-1_2_1"
"148","ACGGAAGTCGGACCAC-1_2_1"
"149","ACGGGTCAGGCACGAT-1_2_1"
"150","ACGGGTCTCCATCGTC-1_2_1"
"151","ACGGTCGAGAGCATCG-1_2_1"
"152","ACGGTCGAGCGATGAC-1_2_1"
"153","ACGGTCGCACTCCCTA-1_2_1"
"154","ACGGTCGTCAGACTGT-1_2_1"
"155","ACGGTCGTCTCGCTTG-1_2_1"
"156","ACGGTTAAGCAATAAC-1_2_1"
"157","ACGGTTAAGTAGTCCT-1_2_1"
"158","ACGTAACCAGGCGTTC-1_2_1"
"159","ACGTACAGTGAGTAAT-1_2_1"
"160","ACGTAGTCATAAGCAA-1_2_1"
"161","ACGTAGTTCACGATAC-1_2_1"
"162","ACGTAGTTCGTCGCTT-1_2_1"
"163","ACGTCCTAGCAACAAT-1_2_1"
"164","ACGTCCTGTTAAGACA-1_2_1"
"165","ACGTCCTGTTTAAGGA-1_2_1"
"166","ACGTTCCAGCTCCATA-1_2_1"
"167","ACGTTCCGTCTCAAGT-1_2_1"
"168","ACGTTCCTCGACGCTG-1_2_1"
"169","ACTACGATCGTTCATT-1_2_1"
"170","ACTACGATCTCTCCGA-1_2_1"
"171","ACTATCTAGAGTATAC-1_2_1"
"172","ACTATCTGTATAGGAT-1_2_1"
"173","ACTATCTGTTGAGGAC-1_2_1"
"174","ACTATCTTCTGCATGA-1_2_1"
"175","ACTATGGCAAGATCCT-1_2_1"
"176","ACTATGGCAGCATCTA-1_2_1"
"177","ACTATGGGTATCAAGA-1_2_1"
"178","ACTATGGTCGTTCAGA-1_2_1"
"179","ACTATTCAGCAAGTGC-1_2_1"
"180","ACTATTCAGCTCCACG-1_2_1"
"181","ACTATTCGTCTCAAGT-1_2_1"
"182","ACTCCCAAGAGTACCG-1_2_1"
"183","ACTCCCAAGCTCGGCT-1_2_1"
"184","ACTCCCAAGGCTGGAT-1_2_1"
"185","ACTCCCAGTCTAATCG-1_2_1"
"186","ACTCTCGGTACGAGTG-1_2_1"
"187","ACTGATGTCGTGGTAT-1_2_1"
"188","ACTGCAACACACGCCA-1_2_1"
"189","ACTGTGAAGTTTGCTG-1_2_1"
"190","ACTGTGAGTGTGCCTG-1_2_1"
"191","ACTGTGATCGCCTTTG-1_2_1"
"192","ACTTAGGAGATTGACA-1_2_1"
"193","ACTTAGGGTTGATCGT-1_2_1"
"194","ACTTATCGTGTATACC-1_2_1"
"195","ACTTATCTCAGGACGA-1_2_1"
"196","ACTTCCGAGTCAAGCG-1_2_1"
"197","ACTTCCGGTGGTTTAC-1_2_1"
"198","ACTTCCGTCCTCATAT-1_2_1"
"199","ACTTCGCCATAGGAGC-1_2_1"
"200","ACTTCGCTCCATGATG-1_2_1"
"201","ACTTTGTGTGGACCAA-1_2_1"
"202","ACTTTGTTCTGACCCT-1_2_1"
"203","AGAACAACACCCGTAG-1_2_1"
"204","AGAAGCGAGTAGCTCT-1_2_1"
"205","AGACAAACACCCTGTT-1_2_1"
"206","AGACACTAGCAAGTCG-1_2_1"
"207","AGACACTGTCACAATC-1_2_1"
"208","AGACACTGTCCTGTCT-1_2_1"
"209","AGACACTGTTTGGAGG-1_2_1"
"210","AGACACTTCTCCGTGT-1_2_1"
"211","AGACAGGCAGCACGAA-1_2_1"
"212","AGACAGGGTCGTGGTC-1_2_1"
"213","AGACAGGTCCATACTT-1_2_1"
"214","AGACCCGAGCAAATCA-1_2_1"
"215","AGACCCGAGTTCCGTA-1_2_1"
"216","AGACCCGGTGTTCAGT-1_2_1"
"217","AGACTCAAGATCGGTG-1_2_1"
"218","AGACTCATCTGAATCG-1_2_1"
"219","AGAGAATTCGCCTAGG-1_2_1"
"220","AGAGAATTCTCGCTTG-1_2_1"
"221","AGAGAGCAGGTTCTTG-1_2_1"
"222","AGAGAGCTCTACGCGG-1_2_1"
"223","AGAGCAGTCGGTTGTA-1_2_1"
"224","AGAGCCCCAATTCGTG-1_2_1"
"225","AGAGCCCTCACTGGGC-1_2_1"
"226","AGATAGAAGAAACTAC-1_2_1"
"227","AGATCCAGTAGCGTTT-1_2_1"
"228","AGATCGTGTTCGGCTG-1_2_1"
"229","AGATCGTTCAACTCTT-1_2_1"
"230","AGATGAAAGTCAATCC-1_2_1"
"231","AGATGAAGTCATCGCG-1_2_1"
"232","AGATGAAGTCTTCGAA-1_2_1"
"233","AGATGCTAGACATCAA-1_2_1"
"234","AGATGCTAGGCTCTCG-1_2_1"
"235","AGATGCTTCGTAGAGG-1_2_1"
"236","AGCATCAGTCGCACAC-1_2_1"
"237","AGCATCATCAACCTTT-1_2_1"
"238","AGCCAATGTGATTCAC-1_2_1"
"239","AGCCAATGTTGCCGAC-1_2_1"
"240","AGCCAATTCGATTGAC-1_2_1"
"241","AGCCACGCATTGTACG-1_2_1"
"242","AGCGCTGAGAGGCGTT-1_2_1"
"243","AGCGCTGAGAGGTCAC-1_2_1"
"244","AGCGCTGTCGTCAGAT-1_2_1"
"245","AGCGTATCACCCATAA-1_2_1"
"246","AGCGTCGCACCCTTAC-1_2_1"
"247","AGCGTCGGTATGAAAC-1_2_1"
"248","AGCTACACAATAGGGC-1_2_1"
"249","AGCTACAGTTAAACAG-1_2_1"
"250","AGCTACAGTTAAGACA-1_2_1"
"251","AGCTCAATCCTTTGAT-1_2_1"
"252","AGCTTCCTCACCGGGT-1_2_1"
"253","AGGAAATCAGCGTTTA-1_2_1"
"254","AGGAAATGTAATGCTC-1_2_1"
"255","AGGAAATGTATCGTAC-1_2_1"
"256","AGGAAATTCCCGATCT-1_2_1"
"257","AGGAATAAGAACAGGA-1_2_1"
"258","AGGAATAGTACAGGTG-1_2_1"
"259","AGGAATATCTACACAG-1_2_1"
"260","AGGACGAAGAGTGTTA-1_2_1"
"261","AGGACGAAGCCTCTTC-1_2_1"
"262","AGGACGAAGGCTGGAT-1_2_1"
"263","AGGACTTTCCTCAGAA-1_2_1"
"264","AGGAGGTCATCTTCGC-1_2_1"
"265","AGGAGGTGTGAGGCAT-1_2_1"
"266","AGGATAACAATCGCAT-1_2_1"
"267","AGGATAAGTGTGTTTG-1_2_1"
"268","AGGATCTCACTCCGAG-1_2_1"
"269","AGGATCTCATTGGCAT-1_2_1"
"270","AGGATCTGTACTTGTG-1_2_1"
"271","AGGATCTTCCGGTAGC-1_2_1"
"272","AGGCATTTCCGTGTGG-1_2_1"
"273","AGGCATTTCCTACTGC-1_2_1"
"274","AGGCTGCCAGACGGAT-1_2_1"
"275","AGGCTGCGTCTAACGT-1_2_1"
"276","AGGGAGTCAGACGGAT-1_2_1"
"277","AGGGAGTGTATAGGAT-1_2_1"
"278","AGGGAGTGTCACTGAT-1_2_1"
"279","AGGGAGTTCCACAAGT-1_2_1"
"280","AGGGAGTTCGTAGAGG-1_2_1"
"281","AGGGCCTAGGTCCCTG-1_2_1"
"282","AGGGCTCGTCGCGGTT-1_2_1"
"283","AGGGCTCTCTGGCCTT-1_2_1"
"284","AGGGTCCAGGTGCAGT-1_2_1"
"285","AGGGTGACACGATTCA-1_2_1"
"286","AGGGTTTCATTGCCTC-1_2_1"
"287","AGGGTTTGTACCACGC-1_2_1"
"288","AGGTAGGAGCGGTATG-1_2_1"
"289","AGGTAGGCAGAAGTTA-1_2_1"
"290","AGGTAGGGTAGTCGGA-1_2_1"
"291","AGGTCATAGACCAGCA-1_2_1"
"292","AGGTCATAGACCCGCT-1_2_1"
"293","AGGTCATTCGCATTAG-1_2_1"
"294","AGGTCTAAGAACTTCC-1_2_1"
"295","AGGTCTAGTCTACAAC-1_2_1"
"296","AGGTCTAGTTGGATCT-1_2_1"
"297","AGGTCTATCGAGAGAC-1_2_1"
"298","AGGTGTTAGCGTGTTT-1_2_1"
"299","AGGTGTTTCTGCACCT-1_2_1"
"300","AGGTTACAGGTTCTTG-1_2_1"
"301","AGGTTACCAATGAACA-1_2_1"
"302","AGGTTACGTAAGGCCA-1_2_1"
"303","AGGTTGTCAGTGGTGA-1_2_1"
"304","AGGTTGTCATCCTAAG-1_2_1"
"305","AGGTTGTGTCACGCTG-1_2_1"
"306","AGGTTGTGTGTCTAAC-1_2_1"
"307","AGTAACCGTTGTAGCT-1_2_1"
"308","AGTACTGGTTGCGGAA-1_2_1"
"309","AGTACTGTCCGTAGTA-1_2_1"
"310","AGTAGTCGTCCACTCT-1_2_1"
"311","AGTCAACAGCAGCGAT-1_2_1"
"312","AGTCAACGTCATAAAG-1_2_1"
"313","AGTCAACGTCGCAACC-1_2_1"
"314","AGTCACAAGTGCGCTC-1_2_1"
"315","AGTCACAGTACGATGG-1_2_1"
"316","AGTCATGAGGCTCTAT-1_2_1"
"317","AGTCTCCTCCTTCTGG-1_2_1"
"318","AGTCTCCTCTAGTGTG-1_2_1"
"319","AGTGACTAGGGTGGGA-1_2_1"
"320","AGTGACTTCACGGGCT-1_2_1"
"321","AGTGTTGCACAACATC-1_2_1"
"322","AGTGTTGTCTCTATGT-1_2_1"
"323","AGTTAGCCACTGCTTC-1_2_1"
"324","AGTTAGCTCATGGATC-1_2_1"
"325","AGTTCCCTCCACGGAC-1_2_1"
"326","AGTTCCCTCGCTCATC-1_2_1"
"327","AGTTCGACAGGCCTGT-1_2_1"
"328","AGTTCGACAGGCTTGC-1_2_1"
"329","AGTTCGAGTGTCCACG-1_2_1"
"330","AGTTCGATCAGCACCG-1_2_1"
"331","AGTTCGATCGCTTGCT-1_2_1"
"332","ATACCGAGTTCTCTCG-1_2_1"
"333","ATACCTTAGCCATGCC-1_2_1"
"334","ATACTTCCAATGCAAA-1_2_1"
"335","ATAGACCCAACCGCTG-1_2_1"
"336","ATAGACCCAGCACACC-1_2_1"
"337","ATAGACCTCAATCAGC-1_2_1"
"338","ATAGAGACAGTCGCAC-1_2_1"
"339","ATAGGCTGTGCTGTCG-1_2_1"
"340","ATAGGCTGTTATGTGC-1_2_1"
"341","ATAGGCTTCTCGTGGG-1_2_1"
"342","ATATCCTAGTTGGACG-1_2_1"
"343","ATATCCTCAGGCCTGT-1_2_1"
"344","ATATCCTGTAAGTTGA-1_2_1"
"345","ATCACAGCAAGATGGC-1_2_1"
"346","ATCACGAGTCGCTTGG-1_2_1"
"347","ATCACGATCGAGTGAG-1_2_1"
"348","ATCACTTAGCGTCTGC-1_2_1"
"349","ATCATTCAGACTACCT-1_2_1"
"350","ATCATTCAGCGACCCT-1_2_1"
"351","ATCATTCAGTATTCCG-1_2_1"
"352","ATCATTCCACCTCAGG-1_2_1"
"353","ATCATTCCAGTAGATA-1_2_1"
"354","ATCATTCGTTCAAACC-1_2_1"
"355","ATCCACCAGCCTCTTC-1_2_1"
"356","ATCCACCAGTGCTAGG-1_2_1"
"357","ATCCACCTCAAATGAG-1_2_1"
"358","ATCCATTCACTCCGAG-1_2_1"
"359","ATCCATTTCGGTTCAA-1_2_1"
"360","ATCCCTGCAACGATTC-1_2_1"
"361","ATCCGTCGTCGAATTC-1_2_1"
"362","ATCCTATTCACACCGG-1_2_1"
"363","ATCGATGAGTAATCCC-1_2_1"
"364","ATCGATGGTGAACGGT-1_2_1"
"365","ATCGATGGTTGCCAAT-1_2_1"
"366","ATCGCCTCAATCTCGA-1_2_1"
"367","ATCGCCTGTACCAGAG-1_2_1"
"368","ATCGCCTGTATGAAAC-1_2_1"
"369","ATCGCCTGTGGCTGAA-1_2_1"
"370","ATCGGATAGGAAAGGT-1_2_1"
"371","ATCGGATCACTACCCT-1_2_1"
"372","ATCGGATGTACTGAGG-1_2_1"
"373","ATCGGCGCAGCTTTGA-1_2_1"
"374","ATCGGCGGTAGCTAAA-1_2_1"
"375","ATCGGCGGTTAAGGAT-1_2_1"
"376","ATCGGCGTCCATATGG-1_2_1"
"377","ATCGGCGTCGAGAGCA-1_2_1"
"378","ATCGTAGGTCAACACT-1_2_1"
"379","ATCGTCCGTGACCTGC-1_2_1"
"380","ATCGTCCTCCAAGCCG-1_2_1"
"381","ATCGTGAGTGCCTTTC-1_2_1"
"382","ATCTTCAAGGTTAGTA-1_2_1"
"383","ATCTTCACATGGACAG-1_2_1"
"384","ATCTTCACATTACGGT-1_2_1"
"385","ATCTTCATCGGAGCAA-1_2_1"
"386","ATGAAAGAGAGAGCGG-1_2_1"
"387","ATGAAAGAGTAGAGTT-1_2_1"
"388","ATGAAAGAGTGGACGT-1_2_1"
"389","ATGAAAGAGTTCGGTT-1_2_1"
"390","ATGAAAGTCGATCCAA-1_2_1"
"391","ATGACCACACAAGTGG-1_2_1"
"392","ATGAGGGGTCACCCTT-1_2_1"
"393","ATGAGGGGTCACTCGG-1_2_1"
"394","ATGAGTCCAGACGGAT-1_2_1"
"395","ATGATCGAGCGCCTTG-1_2_1"
"396","ATGATCGGTGCGGATA-1_2_1"
"397","ATGCATGCACACGTGC-1_2_1"
"398","ATGCATGGTTCGAAGG-1_2_1"
"399","ATGCCTCTCTATGTGG-1_2_1"
"400","ATGCGATGTCACCGAC-1_2_1"
"401","ATGGAGGGTATTGAGA-1_2_1"
"402","ATGGAGGTCATCCCGT-1_2_1"
"403","ATGGATCAGTTGTCAC-1_2_1"
"404","ATGGATCGTCGATTAC-1_2_1"
"405","ATGGGAGCACATACTG-1_2_1"
"406","ATGGTTGCAACTAGAA-1_2_1"
"407","ATTACTCGTATGGAGC-1_2_1"
"408","ATTACTCTCAATCCGA-1_2_1"
"409","ATTATCCAGTACCATC-1_2_1"
"410","ATTATCCGTTCTGACA-1_2_1"
"411","ATTATCCTCCTGGTCT-1_2_1"
"412","ATTCACTAGCAGTCTT-1_2_1"
"413","ATTCACTCAATCACGT-1_2_1"
"414","ATTCACTTCGCCCAGA-1_2_1"
"415","ATTCAGGAGAGGCCAT-1_2_1"
"416","ATTCAGGCATGTTCAG-1_2_1"
"417","ATTCCATAGGGATCAC-1_2_1"
"418","ATTCCATGTGCATTTG-1_2_1"
"419","ATTCCATGTTGATCGT-1_2_1"
"420","ATTCGTTAGACTTCGT-1_2_1"
"421","ATTCGTTCAGGACAGT-1_2_1"
"422","ATTCGTTCAGTTACCA-1_2_1"
"423","ATTCGTTCATATGGCT-1_2_1"
"424","ATTCGTTGTGTTCATG-1_2_1"
"425","ATTCTACGTGTCTCCT-1_2_1"
"426","ATTCTTGGTTATTCTC-1_2_1"
"427","ATTCTTGTCGCCAATA-1_2_1"
"428","ATTGTTCAGATGTAGT-1_2_1"
"429","ATTTACCAGTGGATAT-1_2_1"
"430","ATTTACCTCAACCCGG-1_2_1"
"431","ATTTACCTCACGATAC-1_2_1"
"432","ATTTCACAGCAATAGT-1_2_1"
"433","ATTTCACAGTTGCCTA-1_2_1"
"434","ATTTCACTCAGCAGAG-1_2_1"
"435","ATTTCACTCGGCTTCT-1_2_1"
"436","ATTTCTGCAGGCCCTA-1_2_1"
"437","CAAAGAAGTAAGGCCA-1_2_1"
"438","CAACAACTCTGTCCGT-1_2_1"
"439","CAACAGTCATTCTCTA-1_2_1"
"440","CAACCAAAGCTTTCTT-1_2_1"
"441","CAACCAAGTACCGTGC-1_2_1"
"442","CAACCAATCGGCATCG-1_2_1"
"443","CAACGATCAAGGTCTT-1_2_1"
"444","CAACGATCACTGCGTG-1_2_1"
"445","CAACGGCCACCATAAC-1_2_1"
"446","CAAGACTCAGAGTGAC-1_2_1"
"447","CAAGACTTCCCGTTGT-1_2_1"
"448","CAAGAGGGTTCATCTT-1_2_1"
"449","CAAGCTACACAGAGAC-1_2_1"
"450","CAAGCTACAGAGGCTA-1_2_1"
"451","CAAGGGACACGACAGA-1_2_1"
"452","CAAGGGATCCTCACCA-1_2_1"
"453","CAATACGCACGTTGGC-1_2_1"
"454","CAATACGGTGTAAACA-1_2_1"
"455","CAATCGATCCTGCCAT-1_2_1"
"456","CAATGACTCTGAACGT-1_2_1"
"457","CAATTTCGTCAGTTTG-1_2_1"
"458","CACAACAGTAAGGCCA-1_2_1"
"459","CACACAACAAAGGATT-1_2_1"
"460","CACACAAGTCATTGCA-1_2_1"
"461","CACACAATCGCAGATT-1_2_1"
"462","CACACAATCTGCTTTA-1_2_1"
"463","CACAGATAGCATGTTC-1_2_1"
"464","CACAGATCAAAGCAAT-1_2_1"
"465","CACAGATGTGAATGAT-1_2_1"
"466","CACAGATGTGACAGCA-1_2_1"
"467","CACAGATGTTCTAACG-1_2_1"
"468","CACAGATGTTGAAGTA-1_2_1"
"469","CACAGGCAGCGCATCC-1_2_1"
"470","CACAGGCAGGTCATTC-1_2_1"
"471","CACAGGCCAAACACCT-1_2_1"
"472","CACAGGCGTTTCTTAC-1_2_1"
"473","CACCAAAGTAGTCTGT-1_2_1"
"474","CACCAAAGTCCGGTCA-1_2_1"
"475","CACCGTTGTCGGTAAG-1_2_1"
"476","CACGAATCACGTCGTG-1_2_1"
"477","CACGAATTCAGACCGC-1_2_1"
"478","CACGGGTCAGTCAACT-1_2_1"
"479","CACGGGTGTATCGGTT-1_2_1"
"480","CACGTTCGTCTTGCGG-1_2_1"
"481","CACTAAGCACTGCACG-1_2_1"
"482","CACTGAATCAGATGCT-1_2_1"
"483","CACTGAATCCGTACGG-1_2_1"
"484","CACTGGGAGGTCTGGA-1_2_1"
"485","CACTTCGAGGTCTACT-1_2_1"
"486","CACTTCGAGTCCCTAA-1_2_1"
"487","CACTTCGTCTGCATGA-1_2_1"
"488","CAGAGCCCAGACAAAT-1_2_1"
"489","CAGAGCCCATTGTAGC-1_2_1"
"490","CAGAGCCGTTGCATAC-1_2_1"
"491","CAGATACTCATTTGGG-1_2_1"
"492","CAGATACTCCTGGGAC-1_2_1"
"493","CAGATCAAGAAGGTAG-1_2_1"
"494","CAGATCAAGACCGCCT-1_2_1"
"495","CAGATCAAGGCTCAAG-1_2_1"
"496","CAGATTGGTCAACCAT-1_2_1"
"497","CAGATTGGTCATTCCC-1_2_1"
"498","CAGATTGGTGTATTCG-1_2_1"
"499","CAGCAATAGTGGTGGT-1_2_1"
"500","CAGCAATGTAGAATAC-1_2_1"
"501","CAGCAATTCAACTACG-1_2_1"
"502","CAGCAGCGTTGTAAAG-1_2_1"
"503","CAGCAGCTCTGAGATC-1_2_1"
"504","CAGCCAGAGTGCACCC-1_2_1"
"505","CAGCCAGTCCGTATGA-1_2_1"
"506","CAGCGTGAGGGTTAAT-1_2_1"
"507","CAGGGCTAGAACTCCT-1_2_1"
"508","CAGGGCTAGGTGCTGA-1_2_1"
"509","CAGGGCTGTCGACTTA-1_2_1"
"510","CAGGGCTTCGGTTGTA-1_2_1"
"511","CAGGTATGTCAGGAGT-1_2_1"
"512","CAGGTATGTGGGAGAG-1_2_1"
"513","CAGGTATGTTAGGGAC-1_2_1"
"514","CAGTGCGTCAGGGATG-1_2_1"
"515","CAGTGCGTCTTGATTC-1_2_1"
"516","CATACAGGTGCCTTTC-1_2_1"
"517","CATACAGGTTCAACGT-1_2_1"
"518","CATACCCAGCGACTAG-1_2_1"
"519","CATACCCCACATGGTT-1_2_1"
"520","CATACCCGTGGGTATG-1_2_1"
"521","CATACCCTCACCTCAC-1_2_1"
"522","CATAGACCAGTTGTCA-1_2_1"
"523","CATAGACGTCGAATTC-1_2_1"
"524","CATAGACTCAACCGAT-1_2_1"
"525","CATCCACAGCTTCATG-1_2_1"
"526","CATCCACAGGGCAAGG-1_2_1"
"527","CATCCACTCTCCTGCA-1_2_1"
"528","CATCCCAGTCGCAGTC-1_2_1"
"529","CATCGCTAGTGGAATT-1_2_1"
"530","CATCGCTAGTTTGTCG-1_2_1"
"531","CATCGCTCAGACAATA-1_2_1"
"532","CATCGCTTCGACGCTG-1_2_1"
"533","CATCGGGGTAGGTAGC-1_2_1"
"534","CATCGTCCAAGTGGAC-1_2_1"
"535","CATGAGTCAGGTTCAT-1_2_1"
"536","CATGCAAAGAGCAACC-1_2_1"
"537","CATGCAAAGAGTTGAT-1_2_1"
"538","CATGCAAAGCCAAGTG-1_2_1"
"539","CATGCAAAGGACACTG-1_2_1"
"540","CATGCAACAAGAGTTA-1_2_1"
"541","CATGCAAGTTGGTACT-1_2_1"
"542","CATGCAATCAGCAGAG-1_2_1"
"543","CATGCAATCCTGTAGA-1_2_1"
"544","CATGCGGAGAGGCGGA-1_2_1"
"545","CATGCTCTCGTAGTGT-1_2_1"
"546","CATGCTCTCTAGGCCG-1_2_1"
"547","CATGGATCATGACTAC-1_2_1"
"548","CATGGTACACACCGCA-1_2_1"
"549","CATGGTATCACTGCTC-1_2_1"
"550","CATTCATAGGAAGTAG-1_2_1"
"551","CATTCATAGTCTGCGC-1_2_1"
"552","CATTCCGCAAGTGCTT-1_2_1"
"553","CATTCCGGTATCCCAA-1_2_1"
"554","CATTCCGTCTGCCCTA-1_2_1"
"555","CATTGAGGTGTAGGAC-1_2_1"
"556","CATTGAGTCACGGAGA-1_2_1"
"557","CATTGCCAGCGTATAA-1_2_1"
"558","CATTGTTAGGCCTAAG-1_2_1"
"559","CATTGTTGTTCTTGTT-1_2_1"
"560","CATTTCAAGAGGTCAC-1_2_1"
"561","CATTTCACAGAGATGC-1_2_1"
"562","CATTTCATCGACGCTG-1_2_1"
"563","CCAAGCGTCTAATTCC-1_2_1"
"564","CCAATGAAGTATCTGC-1_2_1"
"565","CCAATGACATAGATCC-1_2_1"
"566","CCAATGATCCATTCGC-1_2_1"
"567","CCAATGATCCTTGAAG-1_2_1"
"568","CCACACTCACCTGCAG-1_2_1"
"569","CCACCATAGGTCACCC-1_2_1"
"570","CCACCATGTACCGGAA-1_2_1"
"571","CCACCATGTCGCGTTG-1_2_1"
"572","CCACCATGTTCCACAA-1_2_1"
"573","CCACCATTCCTGGGTG-1_2_1"
"574","CCACGTTAGAAACTGT-1_2_1"
"575","CCACGTTAGCACCGTC-1_2_1"
"576","CCACGTTAGGACTGGT-1_2_1"
"577","CCACGTTCACCAGGTC-1_2_1"
"578","CCACGTTCATCAGCGC-1_2_1"
"579","CCACGTTGTGAATAAC-1_2_1"
"580","CCACTTGTCTGAGTCA-1_2_1"
"581","CCATAAGCAATGTCAC-1_2_1"
"582","CCATAAGGTCGTATTG-1_2_1"
"583","CCATCACCAACGGCCT-1_2_1"
"584","CCATCACCAGGACGAT-1_2_1"
"585","CCCAACTGTTACAGCT-1_2_1"
"586","CCCGGAAAGGACAGCT-1_2_1"
"587","CCCGGAATCTTTGCAT-1_2_1"
"588","CCCTCAAAGCCTTCTC-1_2_1"
"589","CCCTGATGTCGCGTTG-1_2_1"
"590","CCCTGATTCTCAAAGC-1_2_1"
"591","CCCTTAGAGCTGCGAA-1_2_1"
"592","CCCTTAGCATTGCTGA-1_2_1"
"593","CCCTTAGGTGCATACT-1_2_1"
"594","CCGAACGAGTAGTGCG-1_2_1"
"595","CCGAACGAGTGGTGAC-1_2_1"
"596","CCGAACGTCATACGAC-1_2_1"
"597","CCGAACGTCCACAGCG-1_2_1"
"598","CCGATCTAGGATGTTA-1_2_1"
"599","CCGATCTGTGGTCTTA-1_2_1"
"600","CCGATCTTCTATTGTC-1_2_1"
"601","CCGATCTTCTTGCGCT-1_2_1"
"602","CCGATGGGTACAAAGT-1_2_1"
"603","CCGATGGGTGGCGCTT-1_2_1"
"604","CCGATGGTCTCACGAA-1_2_1"
"605","CCGCAAGCAAAGGGTC-1_2_1"
"606","CCGGACACAAATTAGG-1_2_1"
"607","CCGGACAGTTTGAACC-1_2_1"
"608","CCGGACATCGAGAATA-1_2_1"
"609","CCGGGTACAACCGTGC-1_2_1"
"610","CCGGGTAGTGTATACC-1_2_1"
"611","CCGGGTATCAAGCTGT-1_2_1"
"612","CCGGTAGAGGACCCAA-1_2_1"
"613","CCGGTAGAGGTCGTGA-1_2_1"
"614","CCGGTAGCAGTAGTTC-1_2_1"
"615","CCGGTAGTCACTGGGC-1_2_1"
"616","CCGGTAGTCCAAGCCG-1_2_1"
"617","CCGGTGAAGCGTGCTC-1_2_1"
"618","CCGGTGACAGATCACT-1_2_1"
"619","CCGGTGACAGCACGAA-1_2_1"
"620","CCGTGAGAGAATCTAG-1_2_1"
"621","CCGTGAGGTAGAATGT-1_2_1"
"622","CCGTGAGTCCGGCTTT-1_2_1"
"623","CCGTTCATCAGGTAAA-1_2_1"
"624","CCTAACCAGAAGAGCA-1_2_1"
"625","CCTAACCAGTAGTCCT-1_2_1"
"626","CCTAACCCACCTGATA-1_2_1"
"627","CCTAACCGTACGGCAA-1_2_1"
"628","CCTAAGACATGTTACG-1_2_1"
"629","CCTACGTAGGCGCTTC-1_2_1"
"630","CCTACGTAGGTGCCAA-1_2_1"
"631","CCTACGTCACATGTTG-1_2_1"
"632","CCTATCGCATCTCCCA-1_2_1"
"633","CCTCAACTCCTACCAC-1_2_1"
"634","CCTCACACAAGGGTCA-1_2_1"
"635","CCTCACACAGAGGCAT-1_2_1"
"636","CCTCACAGTCTTGGTA-1_2_1"
"637","CCTCATGCATTCTCTA-1_2_1"
"638","CCTCATGTCTTGGATG-1_2_1"
"639","CCTCTAGAGGAGAGTA-1_2_1"
"640","CCTCTAGAGTCATAGA-1_2_1"
"641","CCTCTCCAGACTCATC-1_2_1"
"642","CCTCTCCGTAGTTACC-1_2_1"
"643","CCTCTCCTCGTAGTGT-1_2_1"
"644","CCTGCATCAACACTAC-1_2_1"
"645","CCTGCATGTCAGCTTA-1_2_1"
"646","CCTGTTGGTCTTCCGT-1_2_1"
"647","CCTTCAGAGAAACTAC-1_2_1"
"648","CCTTCAGAGCACTCTA-1_2_1"
"649","CCTTCAGTCGCCAGTG-1_2_1"
"650","CCTTGTGAGTAGGAAG-1_2_1"
"651","CCTTGTGAGTCGCGAA-1_2_1"
"652","CCTTGTGTCCCGAGTG-1_2_1"
"653","CCTTTGGAGATTAGTG-1_2_1"
"654","CCTTTGGGTTCCGCGA-1_2_1"
"655","CGAAGTTCATAACCCA-1_2_1"
"656","CGAAGTTTCCTTCTGG-1_2_1"
"657","CGAATTGAGGTGCGAT-1_2_1"
"658","CGAATTGAGGTTCCAT-1_2_1"
"659","CGAATTGCAGGCTCTG-1_2_1"
"660","CGAATTGTCAGGTGTT-1_2_1"
"661","CGACAGCTCAGTGGGA-1_2_1"
"662","CGAGAAGTCGAAGTGG-1_2_1"
"663","CGAGGCTGTGTCCAAT-1_2_1"
"664","CGAGTGCCAACGTAAA-1_2_1"
"665","CGAGTGCGTAGCTAAA-1_2_1"
"666","CGAGTGCTCTGTCCCA-1_2_1"
"667","CGAGTTACAATCTCTT-1_2_1"
"668","CGAGTTAGTCCCGTGA-1_2_1"
"669","CGAGTTAGTGTGTCGC-1_2_1"
"670","CGAGTTATCTGTGCGG-1_2_1"
"671","CGATCGGGTCGTGGTC-1_2_1"
"672","CGATCGGTCAGGTGTT-1_2_1"
"673","CGATCGGTCTCGACGG-1_2_1"
"674","CGATGCGCAGCTGTAT-1_2_1"
"675","CGATGCGCATGGCCAC-1_2_1"
"676","CGATGGCGTACCAGAG-1_2_1"
"677","CGATGGCGTATCGTTG-1_2_1"
"678","CGCAGGTAGCTTTGTG-1_2_1"
"679","CGCAGGTCAGTTGTCA-1_2_1"
"680","CGCAGGTTCTATTGTC-1_2_1"
"681","CGCATAACACACAGCC-1_2_1"
"682","CGCATGGAGACAACAT-1_2_1"
"683","CGCATGGGTTCCGCGA-1_2_1"
"684","CGCCAGAAGCATCGAG-1_2_1"
"685","CGCCAGAGTATCAGCT-1_2_1"
"686","CGCCAGATCCTGGTCT-1_2_1"
"687","CGCCATTCAAGTGACG-1_2_1"
"688","CGCCATTCAAGTGGGT-1_2_1"
"689","CGCCATTGTCTCTCTG-1_2_1"
"690","CGCCATTGTTTCTTAC-1_2_1"
"691","CGCCATTTCCGAAGGA-1_2_1"
"692","CGCGTGAAGCGTTACT-1_2_1"
"693","CGCGTGAGTTCTTGCC-1_2_1"
"694","CGGAACCCACTGATTG-1_2_1"
"695","CGGAACCTCATCGACA-1_2_1"
"696","CGGAATTAGGAAGAAC-1_2_1"
"697","CGGAATTGTTACGGAG-1_2_1"
"698","CGGAGAAAGTACCATC-1_2_1"
"699","CGGAGAATCCGTGGTG-1_2_1"
"700","CGGCAGTTCACCATCC-1_2_1"
"701","CGGCAGTTCGCAACAT-1_2_1"
"702","CGGGACTAGACTTGTC-1_2_1"
"703","CGGGACTCAATGCTCA-1_2_1"
"704","CGGGCATAGATCACCT-1_2_1"
"705","CGGGCATCAGAATGTA-1_2_1"
"706","CGGGCATTCCTTATCA-1_2_1"
"707","CGGGTCATCCGAACGC-1_2_1"
"708","CGGGTCATCCTAAACG-1_2_1"
"709","CGGGTGTAGCCTTCTC-1_2_1"
"710","CGGGTGTAGGTCGACA-1_2_1"
"711","CGGGTGTGTACTCAAC-1_2_1"
"712","CGGTCAGAGCGCGTTC-1_2_1"
"713","CGGTCAGCAATTCGTG-1_2_1"
"714","CGGTCAGCAGTCCCGA-1_2_1"
"715","CGTAAGTTCAGGAAAT-1_2_1"
"716","CGTAATGGTTCGATTG-1_2_1"
"717","CGTAATGTCCAGTACA-1_2_1"
"718","CGTAATGTCCCTCAAC-1_2_1"
"719","CGTAGTAAGCCTAGGA-1_2_1"
"720","CGTAGTAAGCCTCCAG-1_2_1"
"721","CGTAGTAGTGTTCAGT-1_2_1"
"722","CGTAGTATCCAGCCTT-1_2_1"
"723","CGTCAAACAGTTCCAA-1_2_1"
"724","CGTCAAAGTACAGTCT-1_2_1"
"725","CGTCAAATCCGACGGT-1_2_1"
"726","CGTCCATCACATGTTG-1_2_1"
"727","CGTGAATAGCTAGTTC-1_2_1"
"728","CGTGAATCATCAGTGT-1_2_1"
"729","CGTGAATCATCCTGTC-1_2_1"
"730","CGTGAATCATGGGTTT-1_2_1"
"731","CGTGAATGTTGCACGC-1_2_1"
"732","CGTGATAAGGTCCTGC-1_2_1"
"733","CGTGCTTCAACTCGTA-1_2_1"
"734","CGTGCTTCAGACGATG-1_2_1"
"735","CGTTCTGGTGGGATTG-1_2_1"
"736","CGTTGGGAGAAATTCG-1_2_1"
"737","CGTTGGGAGTATGACA-1_2_1"
"738","CGTTGGGGTAACAGTA-1_2_1"
"739","CGTTGGGGTCCATCTC-1_2_1"
"740","CTAACCCGTTGAGTCT-1_2_1"
"741","CTAACTTAGATACCAA-1_2_1"
"742","CTAACTTAGTAGTCAA-1_2_1"
"743","CTAAGTGCATCGAACT-1_2_1"
"744","CTAAGTGTCGGTCATA-1_2_1"
"745","CTAAGTGTCTGCATAG-1_2_1"
"746","CTACAGAGTACTCGCG-1_2_1"
"747","CTACAGATCCTTATCA-1_2_1"
"748","CTACATTCACAGTACT-1_2_1"
"749","CTACATTCAGTGTGCC-1_2_1"
"750","CTACATTGTTCATCTT-1_2_1"
"751","CTACCCATCACTTATC-1_2_1"
"752","CTACCCATCCTATTGT-1_2_1"
"753","CTACCCATCTCAATCT-1_2_1"
"754","CTACCTGGTACTAGCT-1_2_1"
"755","CTACCTGTCCTACAAG-1_2_1"
"756","CTACGGGGTACATACC-1_2_1"
"757","CTACTATGTCTTTATC-1_2_1"
"758","CTAGACAAGACAACAT-1_2_1"
"759","CTAGACAAGCTGACAG-1_2_1"
"760","CTAGACAGTTGAGGAC-1_2_1"
"761","CTAGGTAAGAAATGGG-1_2_1"
"762","CTAGGTACAGTATACC-1_2_1"
"763","CTAGGTAGTCGAAACG-1_2_1"
"764","CTAGGTAGTGGATTTC-1_2_1"
"765","CTAGGTATCCGATAGT-1_2_1"
"766","CTAGGTATCGACGTCG-1_2_1"
"767","CTATAGGGTAGTGATA-1_2_1"
"768","CTATAGGGTATGTCAC-1_2_1"
"769","CTATAGGTCTCCTGTG-1_2_1"
"770","CTATCCGAGCTTTCTT-1_2_1"
"771","CTATCCGTCGGTATGT-1_2_1"
"772","CTATCTACAGTCTACA-1_2_1"
"773","CTATCTAGTCCAGTTA-1_2_1"
"774","CTATCTATCATGACAC-1_2_1"
"775","CTCAACCGTCTTACTT-1_2_1"
"776","CTCAACCGTGAGAACC-1_2_1"
"777","CTCAACCGTGATCGTT-1_2_1"
"778","CTCAATTCATCAGCTA-1_2_1"
"779","CTCAATTGTGCATACT-1_2_1"
"780","CTCAATTGTTGGATCT-1_2_1"
"781","CTCAATTTCGCCGATG-1_2_1"
"782","CTCACTGAGAATTGCA-1_2_1"
"783","CTCACTGCAGTGTGCC-1_2_1"
"784","CTCAGAAGTCCTACGG-1_2_1"
"785","CTCAGAAGTGGGTCAA-1_2_1"
"786","CTCAGAATCCATGAGT-1_2_1"
"787","CTCAGAATCTCTGCTG-1_2_1"
"788","CTCAGGGCACCGTGAC-1_2_1"
"789","CTCAGGGGTGCTAGCC-1_2_1"
"790","CTCAGTCAGACGGATC-1_2_1"
"791","CTCAGTCTCATTCCTA-1_2_1"
"792","CTCATCGAGTCGCCAC-1_2_1"
"793","CTCATCGCAATCACGT-1_2_1"
"794","CTCATCGGTTGGCTAT-1_2_1"
"795","CTCATCGTCTACAGGT-1_2_1"
"796","CTCATGCCATACGCAT-1_2_1"
"797","CTCATGCCATGGGCAA-1_2_1"
"798","CTCATGCGTTCTCTAT-1_2_1"
"799","CTCATGCTCAAGAATG-1_2_1"
"800","CTCATTAAGAAAGTCT-1_2_1"
"801","CTCATTACAAACAGGC-1_2_1"
"802","CTCCAACTCGTTCCTG-1_2_1"
"803","CTCCACACAGCTCTGG-1_2_1"
"804","CTCCATGAGGTCCCGT-1_2_1"
"805","CTCCATGCAAGTGGTG-1_2_1"
"806","CTCCATGCATGATGCT-1_2_1"
"807","CTCCATGTCATCGACA-1_2_1"
"808","CTCCCAAAGTCTCGTA-1_2_1"
"809","CTCCCAACACACCAGC-1_2_1"
"810","CTCCCAAGTGGCTCTG-1_2_1"
"811","CTCCCAATCTAGACCA-1_2_1"
"812","CTCCCTCAGTTGAATG-1_2_1"
"813","CTCCCTCCAGAGTTCT-1_2_1"
"814","CTCCGATTCACCTTGC-1_2_1"
"815","CTCCTCCCAAGATCCT-1_2_1"
"816","CTCCTCCGTAGCTTAC-1_2_1"
"817","CTCCTTTCAATTCTCT-1_2_1"
"818","CTCGAGGAGCGATGGT-1_2_1"
"819","CTCGAGGAGTATCTGC-1_2_1"
"820","CTCGAGGCAGGTCCGT-1_2_1"
"821","CTCGAGGTCTGTCCCA-1_2_1"
"822","CTCTCAGCACCAACAT-1_2_1"
"823","CTCTGGTAGAGTTCGG-1_2_1"
"824","CTCTGGTAGGCGTTAG-1_2_1"
"825","CTCTGGTGTTATCTGG-1_2_1"
"826","CTGAATGAGCATCAGG-1_2_1"
"827","CTGAATGTCGCCGTGA-1_2_1"
"828","CTGAGCGAGGGCAGTT-1_2_1"
"829","CTGAGCGAGTAGGAAG-1_2_1"
"830","CTGAGCGCAAGATGGC-1_2_1"
"831","CTGAGCGCAAGCTGCC-1_2_1"
"832","CTGATCCCATAACCCA-1_2_1"
"833","CTGCAGGGTATTTCCT-1_2_1"
"834","CTGCAGGTCCTCTAGC-1_2_1"
"835","CTGCATCAGGCTCAAG-1_2_1"
"836","CTGCATCCAGGAATCG-1_2_1"
"837","CTGCATCTCCCGATCT-1_2_1"
"838","CTGCCATGTACACGTT-1_2_1"
"839","CTGCTCAAGGCTGGAT-1_2_1"
"840","CTGCTCAAGGCTGTAG-1_2_1"
"841","CTGGACGCAGGCATGA-1_2_1"
"842","CTGGCAGCAGGGACTA-1_2_1"
"843","CTGGTCTAGTGGTGAC-1_2_1"
"844","CTGGTCTCAGAGGTAC-1_2_1"
"845","CTGGTCTGTCAACCTA-1_2_1"
"846","CTGTACCGTACGTTCA-1_2_1"
"847","CTGTAGAGTTGGTACT-1_2_1"
"848","CTGTAGATCGGCCAAC-1_2_1"
"849","CTGTATTAGAAATCCA-1_2_1"
"850","CTGTATTGTCGATGCC-1_2_1"
"851","CTGTCGTAGCCTGAAG-1_2_1"
"852","CTGTCGTCAAGCGCTC-1_2_1"
"853","CTGTCGTGTCCCAAAT-1_2_1"
"854","CTGTGGGAGATGGCAC-1_2_1"
"855","CTTACCGAGCAAATCA-1_2_1"
"856","CTTACCGAGGCGTTAG-1_2_1"
"857","CTTACCGGTTGTCAGT-1_2_1"
"858","CTTACCGTCCGATGTA-1_2_1"
"859","CTTAGGACACAGCCTG-1_2_1"
"860","CTTAGGAGTCTCACAA-1_2_1"
"861","CTTCCGAAGAATTCAG-1_2_1"
"862","CTTCCGAAGATAGCAT-1_2_1"
"863","CTTCCGACAAGTGACG-1_2_1"
"864","CTTCCGAGTCTTGGTA-1_2_1"
"865","CTTCCGAGTTAATGAG-1_2_1"
"866","CTTCCTTCAGACCGCT-1_2_1"
"867","CTTCGGTAGACGAGCT-1_2_1"
"868","CTTCGGTAGCAACTCT-1_2_1"
"869","CTTCGGTGTGGTCTTA-1_2_1"
"870","CTTCTAAGTTTCACTT-1_2_1"
"871","CTTCTCTGTGATACTC-1_2_1"
"872","CTTCTCTTCATTGCGA-1_2_1"
"873","CTTGATTAGGGCTTCC-1_2_1"
"874","CTTGATTTCTCAATCT-1_2_1"
"875","CTTTCGGGTGGTCCGT-1_2_1"
"876","CTTTCGGTCACCTGGG-1_2_1"
"877","GAAACCTAGGTATTGA-1_2_1"
"878","GAAATGAGTATAGGAT-1_2_1"
"879","GAACACTAGCATATGA-1_2_1"
"880","GAACGTTAGTCTGCAT-1_2_1"
"881","GAACGTTCAAGTTGGG-1_2_1"
"882","GAACTGTAGTGCACCC-1_2_1"
"883","GAAGAATAGGGCAGGA-1_2_1"
"884","GAAGAATGTCGGCACT-1_2_1"
"885","GAAGCCCAGAATTCAG-1_2_1"
"886","GAAGCCCCACTTACAG-1_2_1"
"887","GAAGCGAAGAGGTCGT-1_2_1"
"888","GAAGCGAAGCTGCCTG-1_2_1"
"889","GAAGGACAGACGGATC-1_2_1"
"890","GAAGGACAGAGTCGAC-1_2_1"
"891","GAAGGACGTGTTTCTT-1_2_1"
"892","GAAGGGTAGATAGTGT-1_2_1"
"893","GAAGGGTAGGCCTAGA-1_2_1"
"894","GAAGGGTCACAGCTGC-1_2_1"
"895","GAATAGAAGATCCCGC-1_2_1"
"896","GAATAGATCCATGAGT-1_2_1"
"897","GAATCACGTGAATTGA-1_2_1"
"898","GAATCGTAGAGCAAGA-1_2_1"
"899","GAATCGTAGCCGAACA-1_2_1"
"900","GACACGCCAACTGATC-1_2_1"
"901","GACACGCCACCCTGTT-1_2_1"
"902","GACACGCTCACTGAAC-1_2_1"
"903","GACAGCCAGGAAAGGT-1_2_1"
"904","GACAGCCTCTCTATAC-1_2_1"
"905","GACATCAAGATCGCTT-1_2_1"
"906","GACATCAAGGCGCTCT-1_2_1"
"907","GACCAATAGAGTCGAC-1_2_1"
"908","GACCAATCACACTTAG-1_2_1"
"909","GACCAATTCAGTGATC-1_2_1"
"910","GACCCAGGTCAGTCCG-1_2_1"
"911","GACCCAGTCCTTGAAG-1_2_1"
"912","GACCGTGGTGGAGAAA-1_2_1"
"913","GACCTTCTCGAGCCTG-1_2_1"
"914","GACGTTACATACGCAT-1_2_1"
"915","GACGTTACATCTTAGG-1_2_1"
"916","GACTATGCAAGTAGTA-1_2_1"
"917","GACTCAAGTAAGATTG-1_2_1"
"918","GACTCAAGTAGGCTCC-1_2_1"
"919","GACTCTCAGCCGAATG-1_2_1"
"920","GACTCTCCACCTCTAC-1_2_1"
"921","GACTCTCCATGACGAG-1_2_1"
"922","GACTGATAGGTGCGAT-1_2_1"
"923","GACTGATCAGGCACTC-1_2_1"
"924","GACTGATGTACCTGTA-1_2_1"
"925","GACTTCCTCCAAGCAT-1_2_1"
"926","GAGAAATCAAGGTCGA-1_2_1"
"927","GAGAAATCAGAAGCGT-1_2_1"
"928","GAGAAATCAGCGATTT-1_2_1"
"929","GAGAAATTCCAACCGG-1_2_1"
"930","GAGAAATTCGACGACC-1_2_1"
"931","GAGACCCGTGGCTAGA-1_2_1"
"932","GAGACCCTCAAGTCGT-1_2_1"
"933","GAGACTTCATTCGATG-1_2_1"
"934","GAGACTTGTGCCTACG-1_2_1"
"935","GAGAGGTCACGCTTAA-1_2_1"
"936","GAGATGGTCCAAATGC-1_2_1"
"937","GAGATGGTCGGTGTAT-1_2_1"
"938","GAGCCTGAGATGGTAT-1_2_1"
"939","GAGCTGCGTGTTAACC-1_2_1"
"940","GAGCTGCTCACGATCA-1_2_1"
"941","GAGGCCTAGAGAGTGA-1_2_1"
"942","GAGGCCTAGCAGCACA-1_2_1"
"943","GAGGCCTAGCATTTCG-1_2_1"
"944","GAGGCCTAGGATACCG-1_2_1"
"945","GAGGCCTAGGCACAAC-1_2_1"
"946","GAGGCCTCAGCAGTAG-1_2_1"
"947","GAGGCCTGTAAGATTG-1_2_1"
"948","GAGGGATAGTCTCCTC-1_2_1"
"949","GAGGGATCACTGAGTT-1_2_1"
"950","GAGGGATCATCATCCC-1_2_1"
"951","GAGGGATGTGGAATGC-1_2_1"
"952","GAGGGATTCTACCCAC-1_2_1"
"953","GAGGGTAAGATTAGCA-1_2_1"
"954","GAGGGTAAGCGATCGA-1_2_1"
"955","GAGGGTAGTGATATAG-1_2_1"
"956","GAGTCATAGGCAGGTT-1_2_1"
"957","GAGTCATCAAGGTCTT-1_2_1"
"958","GAGTCATCACATGGTT-1_2_1"
"959","GAGTCTACATTCGATG-1_2_1"
"960","GAGTCTAGTCAGGTAG-1_2_1"
"961","GAGTCTAGTTTCTATC-1_2_1"
"962","GAGTGAGCACGTAACT-1_2_1"
"963","GAGTGAGTCGTAACTG-1_2_1"
"964","GAGTTACCAGCTAACT-1_2_1"
"965","GAGTTACTCCCAGCGA-1_2_1"
"966","GAGTTGTAGATGAACT-1_2_1"
"967","GAGTTGTTCCCATACC-1_2_1"
"968","GAGTTTGGTATGTCAC-1_2_1"
"969","GATCACAGTATGAGAT-1_2_1"
"970","GATCAGTCATTGGGAG-1_2_1"
"971","GATCAGTGTAGTTACC-1_2_1"
"972","GATCAGTGTCCGGCAT-1_2_1"
"973","GATCAGTGTCTGCGCA-1_2_1"
"974","GATCATGAGCATCCCG-1_2_1"
"975","GATCATGAGTATGAGT-1_2_1"
"976","GATCATGCAAACCATC-1_2_1"
"977","GATCATGCATTCGGGC-1_2_1"
"978","GATCATGTCGGCGATC-1_2_1"
"979","GATCATGTCTGAGGCC-1_2_1"
"980","GATCCCTCAACAAGAT-1_2_1"
"981","GATCCCTTCATCTATC-1_2_1"
"982","GATCGTACATGACAAA-1_2_1"
"983","GATCGTATCGAGCCTG-1_2_1"
"984","GATGACTGTACTTGTG-1_2_1"
"985","GATGAGGAGACCTCCG-1_2_1"
"986","GATGAGGAGTAGCAAT-1_2_1"
"987","GATGAGGCATGGCCAC-1_2_1"
"988","GATGAGGGTATCAGCT-1_2_1"
"989","GATGATCAGCGTTGTT-1_2_1"
"990","GATGCTATCGGTGCAC-1_2_1"
"991","GATGGAGAGGATCACG-1_2_1"
"992","GATGGAGCAAGATGGC-1_2_1"
"993","GATGGAGCAAGTGGTG-1_2_1"
"994","GATGTTGCACTATGTG-1_2_1"
"995","GATGTTGGTAGTTCCA-1_2_1"
"996","GATGTTGTCCGCAAAT-1_2_1"
"997","GATTCTTGTAGATTAG-1_2_1"
"998","GATTGGTTCGGTCATA-1_2_1"
"999","GATTTCTGTTGACGGA-1_2_1"
"1000","GCAACATCATCGATAC-1_2_1"
"1001","GCAACATTCGGAAACG-1_2_1"
"1002","GCAACATTCTGCACCT-1_2_1"
"1003","GCAACATTCTTGCAGA-1_2_1"
"1004","GCAACCGAGCGCATCC-1_2_1"
"1005","GCAACCGCACCAGACC-1_2_1"
"1006","GCAACCGTCCTGTAAG-1_2_1"
"1007","GCAACCGTCTTGCAAG-1_2_1"
"1008","GCACATAGTAGAATAC-1_2_1"
"1009","GCACATAGTTCCAAAC-1_2_1"
"1010","GCACGGTAGGTAATCA-1_2_1"
"1011","GCACGTGGTACCCGCA-1_2_1"
"1012","GCACGTGGTCTTCATT-1_2_1"
"1013","GCACTAACAAGAGAGA-1_2_1"
"1014","GCACTAACAAGATTGA-1_2_1"
"1015","GCAGCTGAGAGCTGAC-1_2_1"
"1016","GCAGCTGAGATGGTAT-1_2_1"
"1017","GCAGCTGGTTGCCTAA-1_2_1"
"1018","GCAGGCTGTACCATAC-1_2_1"
"1019","GCAGGCTGTACTCAAC-1_2_1"
"1020","GCAGGCTTCTCCCAAC-1_2_1"
"1021","GCAGTTAAGCCTTCTC-1_2_1"
"1022","GCAGTTAAGCGAAACC-1_2_1"
"1023","GCAGTTAAGGACTATA-1_2_1"
"1024","GCATCGGAGCCTCTCT-1_2_1"
"1025","GCATCGGCAGCCTATA-1_2_1"
"1026","GCATCGGGTGGCCACT-1_2_1"
"1027","GCATCGGGTTTAGACC-1_2_1"
"1028","GCATCTCTCCACCTCA-1_2_1"
"1029","GCATGATCAATCAAGA-1_2_1"
"1030","GCATGATCACGACAAG-1_2_1"
"1031","GCATTAGAGATTGATG-1_2_1"
"1032","GCATTAGGTCCAGTTA-1_2_1"
"1033","GCCAACGAGAATCTAG-1_2_1"
"1034","GCCAACGCATAGCTGT-1_2_1"
"1035","GCCAGCAAGCGCCTCA-1_2_1"
"1036","GCCAGCAAGTCTGGTT-1_2_1"
"1037","GCCAGGTAGACTTGTC-1_2_1"
"1038","GCCAGTGGTGTAGTGG-1_2_1"
"1039","GCCATGGCAAGACCGA-1_2_1"
"1040","GCCATGGCATCGATAC-1_2_1"
"1041","GCCATTCCAAACTAGA-1_2_1"
"1042","GCCCAGAGTAGTGGCA-1_2_1"
"1043","GCCCGAAAGAAACCAT-1_2_1"
"1044","GCCCGAACAGGTCCCA-1_2_1"
"1045","GCCCGAAGTATCTCGA-1_2_1"
"1046","GCCCGAATCGTGGACC-1_2_1"
"1047","GCCGATGCACCTGATA-1_2_1"
"1048","GCCGTGACAGTCGGAA-1_2_1"
"1049","GCCGTGAGTGAGTAGC-1_2_1"
"1050","GCCTGTTAGAGTGACC-1_2_1"
"1051","GCCTGTTCACAATGCT-1_2_1"
"1052","GCGAGAATCCCTCATG-1_2_1"
"1053","GCGATCGAGAACAGGA-1_2_1"
"1054","GCGATCGCAACGACTT-1_2_1"
"1055","GCGATCGGTCGATTCA-1_2_1"
"1056","GCGATCGGTGGCTGAA-1_2_1"
"1057","GCGGAAATCGTGGCGT-1_2_1"
"1058","GCGGATCCATTCACAG-1_2_1"
"1059","GCGGATCTCGCACGAC-1_2_1"
"1060","GCTACCTAGCCTTCTC-1_2_1"
"1061","GCTACCTAGTGCACTT-1_2_1"
"1062","GCTGAATAGTTTGGCT-1_2_1"
"1063","GCTGAATGTTAAGACA-1_2_1"
"1064","GCTGCAGGTAGACTGG-1_2_1"
"1065","GCTGGGTCATTCAGGT-1_2_1"
"1066","GCTTCACAGTTTCGAC-1_2_1"
"1067","GCTTCACCAGAGTTCT-1_2_1"
"1068","GCTTCACGTCGAACGA-1_2_1"
"1069","GCTTCACTCCGCAACG-1_2_1"
"1070","GCTTGGGCAACCGGAA-1_2_1"
"1071","GCTTTCGTCACTACTT-1_2_1"
"1072","GGAACCCAGACCAGAC-1_2_1"
"1073","GGAACCCAGCAATAAC-1_2_1"
"1074","GGAACCCAGTGTTGTC-1_2_1"
"1075","GGAACCCGTACGTAGG-1_2_1"
"1076","GGAAGTGGTTTCCCAC-1_2_1"
"1077","GGAATCTCAGACGGAT-1_2_1"
"1078","GGAATCTCAGGGAGAG-1_2_1"
"1079","GGAATCTCATCGAACT-1_2_1"
"1080","GGAATCTGTATCACGT-1_2_1"
"1081","GGAATCTGTATGAGAT-1_2_1"
"1082","GGAATCTTCTCTGCCA-1_2_1"
"1083","GGAATGGCATAGGTTC-1_2_1"
"1084","GGAATGGTCGATACTG-1_2_1"
"1085","GGACGTCCAACCCTAA-1_2_1"
"1086","GGACGTCCAAGCAGGT-1_2_1"
"1087","GGAGAACCACTGAATC-1_2_1"
"1088","GGAGAACGTACCCACG-1_2_1"
"1089","GGAGATGCAATCCAGT-1_2_1"
"1090","GGAGATGGTAACACCT-1_2_1"
"1091","GGAGCAATCTAAACGC-1_2_1"
"1092","GGAGGATAGCGTTACT-1_2_1"
"1093","GGAGGATGTGCGAGTA-1_2_1"
"1094","GGAGGATTCAACACGT-1_2_1"
"1095","GGAGGTAAGGTGCTTT-1_2_1"
"1096","GGAGGTAGTGGGCTCT-1_2_1"
"1097","GGATGTTAGCTAGCCC-1_2_1"
"1098","GGATGTTGTGAGACGT-1_2_1"
"1099","GGATGTTGTTGGCCTG-1_2_1"
"1100","GGCAGTCCACGGCACT-1_2_1"
"1101","GGCAGTCGTGCGGATA-1_2_1"
"1102","GGCGTCAAGCATGGGT-1_2_1"
"1103","GGCGTCACAACACAAA-1_2_1"
"1104","GGCGTCATCCTATGGA-1_2_1"
"1105","GGCTGTGGTCTTGAGT-1_2_1"
"1106","GGCTGTGGTTGTGTAC-1_2_1"
"1107","GGCTGTGTCGCCGTGA-1_2_1"
"1108","GGCTTTCAGTAACCGG-1_2_1"
"1109","GGCTTTCCAGGCTCTG-1_2_1"
"1110","GGGAAGTAGCTTTGTG-1_2_1"
"1111","GGGAAGTCAAAGGGTC-1_2_1"
"1112","GGGAAGTCACAGCTGC-1_2_1"
"1113","GGGAAGTCACTCAGAT-1_2_1"
"1114","GGGAAGTGTTTCGATG-1_2_1"
"1115","GGGAAGTTCGCATGAT-1_2_1"
"1116","GGGAAGTTCGGTTAGT-1_2_1"
"1117","GGGACAACACATATCG-1_2_1"
"1118","GGGACAAGTAGCGTAG-1_2_1"
"1119","GGGACCTAGCATGAAT-1_2_1"
"1120","GGGACCTGTAATGCGG-1_2_1"
"1121","GGGACCTGTGCTAGCC-1_2_1"
"1122","GGGACTCAGGTCGCCT-1_2_1"
"1123","GGGACTCCACAAGTTC-1_2_1"
"1124","GGGACTCGTCGGCCTA-1_2_1"
"1125","GGGACTCTCAAGCGTT-1_2_1"
"1126","GGGAGATAGCAGCAGT-1_2_1"
"1127","GGGATCCAGGAACTAT-1_2_1"
"1128","GGGATCCCAACACAGG-1_2_1"
"1129","GGGATCCTCTTGGAAC-1_2_1"
"1130","GGGATGAGTATTAAGG-1_2_1"
"1131","GGGATGAGTGCCTGCA-1_2_1"
"1132","GGGATGATCCGAGAAG-1_2_1"
"1133","GGGATGATCGCCGATG-1_2_1"
"1134","GGGCCATAGGAAGTAG-1_2_1"
"1135","GGGCCATGTTGTGCAT-1_2_1"
"1136","GGGCGTTAGCAGCAGT-1_2_1"
"1137","GGGCGTTAGGTTGTTC-1_2_1"
"1138","GGGCGTTTCACCACAA-1_2_1"
"1139","GGGCGTTTCTAGACCA-1_2_1"
"1140","GGGCTACCATTACTCT-1_2_1"
"1141","GGGCTCAAGGAGGCAG-1_2_1"
"1142","GGGCTCATCAAGTAAG-1_2_1"
"1143","GGGTAGAGTGAGCGAT-1_2_1"
"1144","GGGTAGAGTGCATTAC-1_2_1"
"1145","GGGTATTCATCATTGG-1_2_1"
"1146","GGGTATTGTTCGGTAT-1_2_1"
"1147","GGGTCACGTGTCCATA-1_2_1"
"1148","GGGTCTGAGGCGAAGG-1_2_1"
"1149","GGGTGAAAGCTCGAAG-1_2_1"
"1150","GGGTGAACAGTATTCG-1_2_1"
"1151","GGGTGAAGTGTGCTTA-1_2_1"
"1152","GGGTGAATCAGCCTCT-1_2_1"
"1153","GGGTGAATCATCTGTT-1_2_1"
"1154","GGGTGTCGTTGCAAGG-1_2_1"
"1155","GGGTTATCAACGTTAC-1_2_1"
"1156","GGGTTATTCTGCGGAC-1_2_1"
"1157","GGGTTTACATACGCAT-1_2_1"
"1158","GGTAACTAGTAGGAAG-1_2_1"
"1159","GGTAACTGTCACAATC-1_2_1"
"1160","GGTAACTTCAAGCTTG-1_2_1"
"1161","GGTAATCGTATCGCTA-1_2_1"
"1162","GGTAATCTCTCTGCCA-1_2_1"
"1163","GGTAGAGGTAACTGCT-1_2_1"
"1164","GGTAGAGGTCATCACA-1_2_1"
"1165","GGTCTGGAGCACCTGC-1_2_1"
"1166","GGTCTGGCAGGAGGAG-1_2_1"
"1167","GGTCTGGGTAACACGG-1_2_1"
"1168","GGTCTGGGTTTACACG-1_2_1"
"1169","GGTCTGGTCAAGCTGT-1_2_1"
"1170","GGTCTGGTCCGTCCTA-1_2_1"
"1171","GGTGAAGCATGTGGCC-1_2_1"
"1172","GGTGATTAGCCGAACA-1_2_1"
"1173","GGTGATTAGGTCGTAG-1_2_1"
"1174","GGTGATTCAGCCCACA-1_2_1"
"1175","GGTGATTTCGTGCGAC-1_2_1"
"1176","GGTGGCTAGCATTTGC-1_2_1"
"1177","GGTGGCTAGTAGTCCT-1_2_1"
"1178","GGTGGCTAGTTAGTAG-1_2_1"
"1179","GGTGGCTCAACGTATC-1_2_1"
"1180","GGTGGCTCAGGTCAGA-1_2_1"
"1181","GGTGGCTTCGACCATA-1_2_1"
"1182","GGTGTCGAGTCGAAAT-1_2_1"
"1183","GGTGTTACAAGAAACT-1_2_1"
"1184","GGTGTTACAGACGGAT-1_2_1"
"1185","GGTGTTACAGATTTCG-1_2_1"
"1186","GGTGTTACATGTCTAG-1_2_1"
"1187","GGTTAACAGTGAGGCT-1_2_1"
"1188","GGTTAACGTCGCACAC-1_2_1"
"1189","GGTTAACTCGCGTAGC-1_2_1"
"1190","GGTTGTAAGAAGCCAC-1_2_1"
"1191","GGTTGTAAGACTGGGT-1_2_1"
"1192","GGTTGTACAAGGTACG-1_2_1"
"1193","GTAACACCAGCGAGTA-1_2_1"
"1194","GTAACACGTACGGCAA-1_2_1"
"1195","GTAACACGTGACTGAG-1_2_1"
"1196","GTAACACTCCGGCAGT-1_2_1"
"1197","GTAACACTCGCACTCT-1_2_1"
"1198","GTAACCAAGCACTAAA-1_2_1"
"1199","GTAACCAGTAGTTCCA-1_2_1"
"1200","GTAAGTCAGCACGATG-1_2_1"
"1201","GTAAGTCCAAGCCCAC-1_2_1"
"1202","GTAAGTCGTCAAACGG-1_2_1"
"1203","GTAAGTCGTGTCCGGT-1_2_1"
"1204","GTAATCGGTTATGACC-1_2_1"
"1205","GTAATGCAGAAGCCTG-1_2_1"
"1206","GTACAACAGCAGAAAG-1_2_1"
"1207","GTACAACAGTAGAGTT-1_2_1"
"1208","GTACAACAGTAGCTCT-1_2_1"
"1209","GTACAACCAGGCACAA-1_2_1"
"1210","GTAGAAATCGTCAACA-1_2_1"
"1211","GTAGATCTCACTGTTT-1_2_1"
"1212","GTAGCTAGTTCCTTGC-1_2_1"
"1213","GTAGGAGCAGAAGCGT-1_2_1"
"1214","GTAGGAGTCCTAAGTG-1_2_1"
"1215","GTAGGTTCAGAATTCC-1_2_1"
"1216","GTATTGGAGGTCATCT-1_2_1"
"1217","GTATTTCAGTTCTCTT-1_2_1"
"1218","GTATTTCGTATCGCTA-1_2_1"
"1219","GTATTTCTCTACCTTA-1_2_1"
"1220","GTCAAACGTCGCATCG-1_2_1"
"1221","GTCAAACTCATTATCC-1_2_1"
"1222","GTCAAGTAGACTTAAG-1_2_1"
"1223","GTCAAGTAGTTGGCGA-1_2_1"
"1224","GTCACGGTCTTACGGA-1_2_1"
"1225","GTCACTCAGTCATTGC-1_2_1"
"1226","GTCACTCGTCGTTATG-1_2_1"
"1227","GTCACTCGTTCGTAAC-1_2_1"
"1228","GTCAGCGCAGAGTTGG-1_2_1"
"1229","GTCAGCGGTTGGACTT-1_2_1"
"1230","GTCATCCCATATGCGT-1_2_1"
"1231","GTCATGACACTCCGGA-1_2_1"
"1232","GTCATTTCACTTCAAG-1_2_1"
"1233","GTCATTTGTGCTCTTC-1_2_1"
"1234","GTCATTTGTTCGGTTA-1_2_1"
"1235","GTCATTTTCTTCGGAA-1_2_1"
"1236","GTCCACTTCATCTACT-1_2_1"
"1237","GTCCACTTCTTTGCGC-1_2_1"
"1238","GTCCCATAGCCACAAG-1_2_1"
"1239","GTCCCATAGCGCCTAC-1_2_1"
"1240","GTCCTCACATGTTTGG-1_2_1"
"1241","GTCCTCATCATCGCAA-1_2_1"
"1242","GTCGAATCAACCCTCT-1_2_1"
"1243","GTCGAATCACCATTCC-1_2_1"
"1244","GTCGAATCATAGAATG-1_2_1"
"1245","GTCGAATGTGCGACAA-1_2_1"
"1246","GTCGCGATCCTTGAAG-1_2_1"
"1247","GTCGCGATCGATTCCC-1_2_1"
"1248","GTCGTAAGTAGGTACG-1_2_1"
"1249","GTCGTTCAGTCATAGA-1_2_1"
"1250","GTCGTTCCACCGGCTA-1_2_1"
"1251","GTCGTTCTCTTACCAT-1_2_1"
"1252","GTCTACCCATGCCATA-1_2_1"
"1253","GTCTACCTCAGGTAAA-1_2_1"
"1254","GTCTAGACACAGACGA-1_2_1"
"1255","GTCTAGAGTGTGCCTG-1_2_1"
"1256","GTCTCACAGGGTAGCT-1_2_1"
"1257","GTCTCACAGTCATAGA-1_2_1"
"1258","GTCTCACAGTGGACGT-1_2_1"
"1259","GTCTCACTCGTCAACA-1_2_1"
"1260","GTCTGTCAGCAGGGAG-1_2_1"
"1261","GTCTGTCAGTCTGCGC-1_2_1"
"1262","GTGACGCGTATGCAAA-1_2_1"
"1263","GTGACGCTCGCGGTAC-1_2_1"
"1264","GTGACGCTCGTTACCC-1_2_1"
"1265","GTGACGCTCTTTGATC-1_2_1"
"1266","GTGAGCCCACAGTGAG-1_2_1"
"1267","GTGAGCCTCCATTGTT-1_2_1"
"1268","GTGAGGACAGCTATTG-1_2_1"
"1269","GTGAGTTAGCCACCGT-1_2_1"
"1270","GTGAGTTAGCCATATC-1_2_1"
"1271","GTGAGTTAGCCGCTTG-1_2_1"
"1272","GTGAGTTTCGGCTTGG-1_2_1"
"1273","GTGAGTTTCTACACAG-1_2_1"
"1274","GTGATGTCAACTGATC-1_2_1"
"1275","GTGATGTCAGACACCC-1_2_1"
"1276","GTGATGTCATGACACT-1_2_1"
"1277","GTGATGTTCCGCTAGG-1_2_1"
"1278","GTGATGTTCTGCACCT-1_2_1"
"1279","GTGCACGAGAATCTAG-1_2_1"
"1280","GTGCACGCAGCGACAA-1_2_1"
"1281","GTGCACGGTTTCGATG-1_2_1"
"1282","GTGCACGTCCCAAGCG-1_2_1"
"1283","GTGCACGTCTTGGTCC-1_2_1"
"1284","GTGCAGCAGTGTCATC-1_2_1"
"1285","GTGCAGCGTTTCGTTT-1_2_1"
"1286","GTGCAGCTCAAGTTGC-1_2_1"
"1287","GTGCAGCTCTACACAG-1_2_1"
"1288","GTGCGTGAGTAGTGCG-1_2_1"
"1289","GTGCGTGCAGACCCGT-1_2_1"
"1290","GTGCGTGGTAGTCTGT-1_2_1"
"1291","GTGCTTCCATCAGCGC-1_2_1"
"1292","GTGGAAGCATAGAATG-1_2_1"
"1293","GTGGAGAGTGCAAGAC-1_2_1"
"1294","GTGGCGTCATCAACCA-1_2_1"
"1295","GTGGCGTGTAGTAAGT-1_2_1"
"1296","GTGGCGTGTATCTCTT-1_2_1"
"1297","GTGGGAACATAGGAGC-1_2_1"
"1298","GTGGTTAGTCAGGAGT-1_2_1"
"1299","GTGTAACAGACCTCAT-1_2_1"
"1300","GTGTAACTCGGCTGAC-1_2_1"
"1301","GTGTCCTAGACCATTC-1_2_1"
"1302","GTGTCCTTCCCTCTAG-1_2_1"
"1303","GTGTGATGTCGAGCAA-1_2_1"
"1304","GTGTTAGAGTCTAGAA-1_2_1"
"1305","GTGTTAGGTACCCACG-1_2_1"
"1306","GTGTTCCAGGTAAACT-1_2_1"
"1307","GTTACAGAGACTTCCA-1_2_1"
"1308","GTTACAGAGCTGGCCT-1_2_1"
"1309","GTTACAGCAACAGTGG-1_2_1"
"1310","GTTACAGCACTAGGCC-1_2_1"
"1311","GTTACAGGTTAGAAGT-1_2_1"
"1312","GTTACAGTCTTAGGAC-1_2_1"
"1313","GTTACCCTCTAAACGC-1_2_1"
"1314","GTTACGAAGGCTTAGG-1_2_1"
"1315","GTTACGACAGAGTGAC-1_2_1"
"1316","GTTACGACATCTTCGC-1_2_1"
"1317","GTTAGACAGGCTCAAG-1_2_1"
"1318","GTTAGACCACTGGAAG-1_2_1"
"1319","GTTAGACTCATACAGC-1_2_1"
"1320","GTTAGTGAGAGCATCG-1_2_1"
"1321","GTTAGTGCAACTGCCG-1_2_1"
"1322","GTTAGTGCACGCACCA-1_2_1"
"1323","GTTAGTGTCACGGGAA-1_2_1"
"1324","GTTATGGAGAACTCCT-1_2_1"
"1325","GTTATGGAGAGTGGCT-1_2_1"
"1326","GTTATGGCACCCATAA-1_2_1"
"1327","GTTATGGGTCTGTGTA-1_2_1"
"1328","GTTCATTGTGCCTTTC-1_2_1"
"1329","GTTCATTTCTCCTGCA-1_2_1"
"1330","GTTCCGTAGAGTCTTC-1_2_1"
"1331","GTTCCGTCAACAGCTT-1_2_1"
"1332","GTTCCGTGTCGACTGC-1_2_1"
"1333","GTTCGCTAGCACAAAT-1_2_1"
"1334","GTTCTATAGCGTATGG-1_2_1"
"1335","GTTGAACCATCCGGTG-1_2_1"
"1336","GTTGAACTCATTCTTG-1_2_1"
"1337","GTTGCGGAGCGCGTTC-1_2_1"
"1338","GTTGCGGCAACCTATG-1_2_1"
"1339","GTTGCGGCATGGGCAA-1_2_1"
"1340","GTTGCGGTCAAGCCCG-1_2_1"
"1341","GTTGCTCCACAGGATG-1_2_1"
"1342","GTTGTGATCGATACGT-1_2_1"
"1343","GTTGTGATCTACCAGA-1_2_1"
"1344","GTTTACTAGATCCGAG-1_2_1"
"1345","GTTTACTTCCATTTCA-1_2_1"
"1346","TAACACGCAAACGTGG-1_2_1"
"1347","TAACACGCACGCTTAA-1_2_1"
"1348","TAACGACCAATACGCT-1_2_1"
"1349","TAACGACGTTGTGCAT-1_2_1"
"1350","TAACTTCAGCAGGGAG-1_2_1"
"1351","TAACTTCCAATAGTAG-1_2_1"
"1352","TAACTTCGTATCAGCT-1_2_1"
"1353","TAACTTCTCGCCAGTG-1_2_1"
"1354","TAAGCACCACCAAAGG-1_2_1"
"1355","TAAGCACGTATTTCGG-1_2_1"
"1356","TAAGCACGTCTCGGGT-1_2_1"
"1357","TAAGCCAAGCGTTACT-1_2_1"
"1358","TAAGCCAAGGGCAACT-1_2_1"
"1359","TAAGCCAGTGCATACT-1_2_1"
"1360","TAAGCGTAGCGGTAAC-1_2_1"
"1361","TAAGTCGCAGAGGCTA-1_2_1"
"1362","TAAGTCGGTCAAACGG-1_2_1"
"1363","TAAGTCGTCTTCCACG-1_2_1"
"1364","TAATCTCCACAAATGA-1_2_1"
"1365","TAATCTCCAGATGCGA-1_2_1"
"1366","TAATCTCTCAGATTGC-1_2_1"
"1367","TAATTCCTCACGACTA-1_2_1"
"1368","TACAACGGTGTCCAAT-1_2_1"
"1369","TACAACGTCGTAGGAG-1_2_1"
"1370","TACAGGTAGACGATAT-1_2_1"
"1371","TACAGGTAGTGCCCGT-1_2_1"
"1372","TACAGGTGTAATCAGA-1_2_1"
"1373","TACAGGTGTGAGGAAA-1_2_1"
"1374","TACATTCCAAGTGACG-1_2_1"
"1375","TACATTCGTGGTACAG-1_2_1"
"1376","TACCCACAGCAATAAC-1_2_1"
"1377","TACCCACCAGCGTTTA-1_2_1"
"1378","TACCCACGTGCAACAG-1_2_1"
"1379","TACCCGTAGGTGAGCT-1_2_1"
"1380","TACCCGTCACTTGAAC-1_2_1"
"1381","TACCCGTCAGAGCCCT-1_2_1"
"1382","TACCCGTGTCACATTG-1_2_1"
"1383","TACCCGTGTCGTTGGC-1_2_1"
"1384","TACCGAAGTGCCCGTA-1_2_1"
"1385","TACCGAAGTGGAAATT-1_2_1"
"1386","TACCGGGAGCCTGACC-1_2_1"
"1387","TACGCTCAGCACTAGG-1_2_1"
"1388","TACGCTCTCAGGCGAA-1_2_1"
"1389","TACGCTCTCCTTATGT-1_2_1"
"1390","TACGGGCCACCCAACG-1_2_1"
"1391","TACGGGCCAGCAATTC-1_2_1"
"1392","TACGGGCGTAGGCTGA-1_2_1"
"1393","TACGGGCGTCTACAAC-1_2_1"
"1394","TACGGTACAAATGCTC-1_2_1"
"1395","TACGGTAGTCACCCTT-1_2_1"
"1396","TACGGTAGTCACGTGC-1_2_1"
"1397","TACTGCCAGTGCCAGA-1_2_1"
"1398","TACTTACTCGCAATTG-1_2_1"
"1399","TACTTCACAACTCATG-1_2_1"
"1400","TACTTCACAAGCGAGT-1_2_1"
"1401","TACTTGTGTACTGCCG-1_2_1"
"1402","TAGAGTCCACGACAAG-1_2_1"
"1403","TAGAGTCCAGGCATTT-1_2_1"
"1404","TAGAGTCGTACGAGTG-1_2_1"
"1405","TAGATCGAGCTAAACA-1_2_1"
"1406","TAGATCGAGGTGCCAA-1_2_1"
"1407","TAGATCGGTCTGTCAA-1_2_1"
"1408","TAGATCGGTCTGTGGC-1_2_1"
"1409","TAGCACATCAGAGCGA-1_2_1"
"1410","TAGCACATCGCATTAG-1_2_1"
"1411","TAGGAGGCACACCTGG-1_2_1"
"1412","TAGGAGGTCTTAAGGC-1_2_1"
"1413","TAGGAGGTCTTGGTCC-1_2_1"
"1414","TAGGGTTAGGAATGTT-1_2_1"
"1415","TAGGGTTGTTACACAC-1_2_1"
"1416","TAGGTACAGTGGTTAA-1_2_1"
"1417","TAGGTTGGTACCCACG-1_2_1"
"1418","TAGGTTGTCATGTCTT-1_2_1"
"1419","TAGTGCACAGTGTACT-1_2_1"
"1420","TATACCTAGCTGGTGA-1_2_1"
"1421","TATATCCAGGCACGAT-1_2_1"
"1422","TATATCCGTCTGTAAC-1_2_1"
"1423","TATATCCGTTAACAGA-1_2_1"
"1424","TATCCTAAGAGTTGTA-1_2_1"
"1425","TATCCTAGTCCACATA-1_2_1"
"1426","TATCCTATCTACTCAT-1_2_1"
"1427","TATCGCCAGCGCTTCG-1_2_1"
"1428","TATCGCCCATGAGTAA-1_2_1"
"1429","TATCGCCGTTCGGTCG-1_2_1"
"1430","TATCTGTGTCAAAGTA-1_2_1"
"1431","TATCTTGAGCCTTTGA-1_2_1"
"1432","TATGTTCGTAGCTAAA-1_2_1"
"1433","TATTCCAAGAGAGTGA-1_2_1"
"1434","TATTCCAAGAGTTCGG-1_2_1"
"1435","TATTCCAAGGGCGAGA-1_2_1"
"1436","TATTCCAAGGTTACCT-1_2_1"
"1437","TATTCCAGTATGGTTC-1_2_1"
"1438","TATTGCTCAACGCCCA-1_2_1"
"1439","TATTGCTCAGGGAGAG-1_2_1"
"1440","TCAAGACCACCCTAGG-1_2_1"
"1441","TCAAGACTCCATGCAA-1_2_1"
"1442","TCAAGCAAGCTCATAC-1_2_1"
"1443","TCAAGTGAGAAGTCTA-1_2_1"
"1444","TCAAGTGAGGAGGCAG-1_2_1"
"1445","TCAAGTGCAAATCGTC-1_2_1"
"1446","TCAAGTGTCTCCACTG-1_2_1"
"1447","TCAAGTGTCTCCTGAC-1_2_1"
"1448","TCAAGTGTCTGCGGAC-1_2_1"
"1449","TCAATCTCAATTCTCT-1_2_1"
"1450","TCAATTCAGATGGCAC-1_2_1"
"1451","TCAATTCGTGAACTAA-1_2_1"
"1452","TCAATTCGTTGACGGA-1_2_1"
"1453","TCAATTCTCTATTGTC-1_2_1"
"1454","TCACAAGCAGCTCATA-1_2_1"
"1455","TCACAAGCATGACTAC-1_2_1"
"1456","TCACAAGTCCTATGGA-1_2_1"
"1457","TCACACCGTCTACAGT-1_2_1"
"1458","TCACATTAGATGACAT-1_2_1"
"1459","TCACATTTCTCGCCTA-1_2_1"
"1460","TCACGCTCACCTATCC-1_2_1"
"1461","TCACGCTTCACTGATG-1_2_1"
"1462","TCACGCTTCGGTAGAG-1_2_1"
"1463","TCACGCTTCTGGCCTT-1_2_1"
"1464","TCACGGGCACGTCGTG-1_2_1"
"1465","TCACTATAGTCCGCCA-1_2_1"
"1466","TCACTATCACCCAACG-1_2_1"
"1467","TCACTATTCATGCCCT-1_2_1"
"1468","TCACTATTCTGCGGGT-1_2_1"
"1469","TCACTCGTCTCATTTG-1_2_1"
"1470","TCAGCAATCATACGAC-1_2_1"
"1471","TCAGCCTAGCGATGCA-1_2_1"
"1472","TCAGCCTAGCTACTGT-1_2_1"
"1473","TCAGCCTGTAGAATAC-1_2_1"
"1474","TCAGGGCAGCTGAGTG-1_2_1"
"1475","TCAGGGCTCTATCGCC-1_2_1"
"1476","TCAGGTATCACCATGA-1_2_1"
"1477","TCAGTCCCAAGAAACT-1_2_1"
"1478","TCAGTTTCAGGGTCTC-1_2_1"
"1479","TCAGTTTGTCCGCAGT-1_2_1"
"1480","TCATACTGTCCAGTTA-1_2_1"
"1481","TCATACTTCGGCCAAC-1_2_1"
"1482","TCATATCGTCTCGACG-1_2_1"
"1483","TCATATCTCCCTTGGT-1_2_1"
"1484","TCATATCTCGTCCATC-1_2_1"
"1485","TCATCATAGTCACACT-1_2_1"
"1486","TCATCCGTCTGGACCG-1_2_1"
"1487","TCATGAGGTCACTCGG-1_2_1"
"1488","TCATGCCAGGGAGTTC-1_2_1"
"1489","TCATGCCGTAATGCTC-1_2_1"
"1490","TCATGCCTCATCACTT-1_2_1"
"1491","TCATGGATCTAGTACG-1_2_1"
"1492","TCATGTTAGAAGCTCG-1_2_1"
"1493","TCATGTTAGTCCCTAA-1_2_1"
"1494","TCATGTTCACGAAGAC-1_2_1"
"1495","TCATGTTGTTGGACCC-1_2_1"
"1496","TCATGTTTCGCTGTCT-1_2_1"
"1497","TCATTACCAGGTGTTT-1_2_1"
"1498","TCATTACTCCTAGCTC-1_2_1"
"1499","TCATTACTCGGTGTAT-1_2_1"
"1500","TCATTCATCATCGCCT-1_2_1"
"1501","TCATTGTGTAGTGTGG-1_2_1"
"1502","TCATTGTTCTCAACGA-1_2_1"
"1503","TCATTTGTCAGTGGGA-1_2_1"
"1504","TCCACGTCAGGTATGG-1_2_1"
"1505","TCCACGTTCATGCTAG-1_2_1"
"1506","TCCAGAACAAGCCTGC-1_2_1"
"1507","TCCATCGCAAGTCCAT-1_2_1"
"1508","TCCATCGGTAGTGTGG-1_2_1"
"1509","TCCATCGTCCATGCAA-1_2_1"
"1510","TCCATGCTCAGCGGAA-1_2_1"
"1511","TCCCACAAGTAATTGG-1_2_1"
"1512","TCCCACAGTGCCTATA-1_2_1"
"1513","TCCCACATCCCGATCT-1_2_1"
"1514","TCCCAGTCAAGCTCTA-1_2_1"
"1515","TCCCAGTCATCAGCGC-1_2_1"
"1516","TCCCAGTGTCTACTGA-1_2_1"
"1517","TCCCAGTTCCTATTGT-1_2_1"
"1518","TCCGAAAAGGTAACTA-1_2_1"
"1519","TCCGAAACAACTCGAT-1_2_1"
"1520","TCCGTGTGTCTAACGT-1_2_1"
"1521","TCCGTGTGTTCTCTCG-1_2_1"
"1522","TCCTAATAGACTCAAA-1_2_1"
"1523","TCCTAATGTAGTCTGT-1_2_1"
"1524","TCCTCCCCAGACAATA-1_2_1"
"1525","TCCTCCCTCTCAGAAC-1_2_1"
"1526","TCCTCGAAGCTCTTCC-1_2_1"
"1527","TCCTCGAAGTGCCAGA-1_2_1"
"1528","TCCTCTTTCCGTCCTA-1_2_1"
"1529","TCCTGCATCTCATAGG-1_2_1"
"1530","TCCTTCTCATGTTTGG-1_2_1"
"1531","TCCTTTCAGTAGCTCT-1_2_1"
"1532","TCCTTTCGTCAAGGCA-1_2_1"
"1533","TCGAACAAGCTGCCAC-1_2_1"
"1534","TCGAAGTAGCGTCTGC-1_2_1"
"1535","TCGACCTCACAACGCC-1_2_1"
"1536","TCGACCTGTTGATCGT-1_2_1"
"1537","TCGACCTTCCCTTGTG-1_2_1"
"1538","TCGACGGGTTGCTGAT-1_2_1"
"1539","TCGATTTGTCAGTTTG-1_2_1"
"1540","TCGATTTGTCATACCA-1_2_1"
"1541","TCGATTTGTCCACACG-1_2_1"
"1542","TCGCACTCAAATGGTA-1_2_1"
"1543","TCGCACTGTCGAGTGA-1_2_1"
"1544","TCGCAGGAGACGAGCT-1_2_1"
"1545","TCGCAGGCACAACGTT-1_2_1"
"1546","TCGCAGGTCCGAGGCT-1_2_1"
"1547","TCGCTCAAGCATGCAG-1_2_1"
"1548","TCGCTCAGTCTCTCAC-1_2_1"
"1549","TCGCTTGAGATGCTGG-1_2_1"
"1550","TCGCTTGGTATGAGAT-1_2_1"
"1551","TCGCTTGTCCGATCTC-1_2_1"
"1552","TCGCTTGTCCGCAGTG-1_2_1"
"1553","TCGGATAAGATTGTGA-1_2_1"
"1554","TCGGATATCGGTTCAA-1_2_1"
"1555","TCGGGACGTGCAGGAT-1_2_1"
"1556","TCGGGACTCTCGGTCT-1_2_1"
"1557","TCGGGCAGTGGGCTCT-1_2_1"
"1558","TCGGGTGAGAATCGTA-1_2_1"
"1559","TCGGGTGAGGGAGATA-1_2_1"
"1560","TCGGGTGGTATGCAAA-1_2_1"
"1561","TCGGGTGGTTCATCTT-1_2_1"
"1562","TCGGGTGTCTACTGAG-1_2_1"
"1563","TCGGTCTAGCCGATAG-1_2_1"
"1564","TCGGTCTCAGGGAATC-1_2_1"
"1565","TCGGTCTTCCGATCGG-1_2_1"
"1566","TCGTAGAAGCCAGAGT-1_2_1"
"1567","TCGTAGAGTAGCTTTG-1_2_1"
"1568","TCGTAGATCGGAGCAA-1_2_1"
"1569","TCGTCCATCATGCCGG-1_2_1"
"1570","TCGTGCTAGTCGGCAA-1_2_1"
"1571","TCGTGCTCAACGGCCT-1_2_1"
"1572","TCGTGGGAGCCACTCG-1_2_1"
"1573","TCGTGGGAGCTGAGTG-1_2_1"
"1574","TCGTGGGGTGAAAGTT-1_2_1"
"1575","TCGTGGGTCGGTGTAT-1_2_1"
"1576","TCTAACTCATAGCACT-1_2_1"
"1577","TCTACATAGGTGATAT-1_2_1"
"1578","TCTACATGTGACTAAA-1_2_1"
"1579","TCTACATTCCTACGGG-1_2_1"
"1580","TCTACATTCTCATGCC-1_2_1"
"1581","TCTACCGAGCCGAATG-1_2_1"
"1582","TCTACCGAGGGAGGAC-1_2_1"
"1583","TCTACCGAGGGCCCTT-1_2_1"
"1584","TCTACCGAGTCAACAA-1_2_1"
"1585","TCTACCGCAACAGCCC-1_2_1"
"1586","TCTACCGCAGCGCGTT-1_2_1"
"1587","TCTACCGGTAAGCTCT-1_2_1"
"1588","TCTACCGGTGTTCCAA-1_2_1"
"1589","TCTACCGTCTTTGCGC-1_2_1"
"1590","TCTATACAGAAATCCA-1_2_1"
"1591","TCTATACAGCCTGAAG-1_2_1"
"1592","TCTATACCAGCTGTGC-1_2_1"
"1593","TCTATACCATCTGGGC-1_2_1"
"1594","TCTATACGTACTCGCG-1_2_1"
"1595","TCTCAGCCAGCTGCCA-1_2_1"
"1596","TCTCAGCCATTCGGGC-1_2_1"
"1597","TCTCCGACAAATTGCC-1_2_1"
"1598","TCTCCGACACTCTGCT-1_2_1"
"1599","TCTGCCATCGGCCTTT-1_2_1"
"1600","TCTTAGTCAGAGAATT-1_2_1"
"1601","TCTTCCTAGTAAACTG-1_2_1"
"1602","TCTTCCTAGTGTTCAC-1_2_1"
"1603","TCTTCCTTCCAACTAG-1_2_1"
"1604","TCTTCCTTCTCCGAGG-1_2_1"
"1605","TCTTGCGAGAGTATAC-1_2_1"
"1606","TCTTGCGGTCGCATTA-1_2_1"
"1607","TCTTTGACAAAGGGTC-1_2_1"
"1608","TGAACGTCATTGAAGA-1_2_1"
"1609","TGAATCGAGGGAACAA-1_2_1"
"1610","TGAATCGAGTCTTCCC-1_2_1"
"1611","TGAATCGCAAGTGCTT-1_2_1"
"1612","TGAATCGGTATCCTCC-1_2_1"
"1613","TGAATCGGTCGTTGGC-1_2_1"
"1614","TGAATGCGTACCGGCT-1_2_1"
"1615","TGAATGCTCAATCCAG-1_2_1"
"1616","TGACAGTCAGGTCTCG-1_2_1"
"1617","TGACAGTGTGGTCCGT-1_2_1"
"1618","TGACCCTCAAATGAGT-1_2_1"
"1619","TGACGCGCAGCATGCC-1_2_1"
"1620","TGACGCGCAGTTTCAG-1_2_1"
"1621","TGACTCCAGGAATGTT-1_2_1"
"1622","TGACTCCAGTTGCCCG-1_2_1"
"1623","TGACTCCGTAGAGACC-1_2_1"
"1624","TGACTCCTCACGTCCT-1_2_1"
"1625","TGAGACTTCTGAGGTT-1_2_1"
"1626","TGAGCATAGAGGTTAT-1_2_1"
"1627","TGAGCATGTTGTTTGG-1_2_1"
"1628","TGAGCATTCCGTACGG-1_2_1"
"1629","TGAGCGCAGCGAGAAA-1_2_1"
"1630","TGAGCGCGTCGGCCTA-1_2_1"
"1631","TGAGCGCGTCGGTGTC-1_2_1"
"1632","TGAGGAGAGTTTCGAC-1_2_1"
"1633","TGAGGAGCATGACTCA-1_2_1"
"1634","TGAGGAGTCCCAAGTA-1_2_1"
"1635","TGAGGTTAGCTTACGT-1_2_1"
"1636","TGAGGTTGTGGACTAG-1_2_1"
"1637","TGAGGTTGTTTGGCTA-1_2_1"
"1638","TGAGTCAAGAACCGCA-1_2_1"
"1639","TGAGTCACACGCGCAT-1_2_1"
"1640","TGAGTCAGTGCGAGTA-1_2_1"
"1641","TGAGTCAGTTCAGCTA-1_2_1"
"1642","TGAGTCATCACCTGGG-1_2_1"
"1643","TGATCAGAGGTGAGCT-1_2_1"
"1644","TGATCTTAGCCTGTCG-1_2_1"
"1645","TGATCTTAGTCGTTAC-1_2_1"
"1646","TGATCTTTCCAGGACC-1_2_1"
"1647","TGATGCAGTACTAGCT-1_2_1"
"1648","TGATGCAGTTTCAGAC-1_2_1"
"1649","TGATGCATCCTCACTG-1_2_1"
"1650","TGATGCATCGATCCAA-1_2_1"
"1651","TGATGCATCGTTCCCA-1_2_1"
"1652","TGATTCTAGTCACAGG-1_2_1"
"1653","TGATTCTTCACTGATG-1_2_1"
"1654","TGATTTCAGTGGACTG-1_2_1"
"1655","TGATTTCCACCGCTGA-1_2_1"
"1656","TGATTTCCAGTGGCTC-1_2_1"
"1657","TGATTTCGTAGGACCA-1_2_1"
"1658","TGATTTCGTGGAGGTT-1_2_1"
"1659","TGATTTCTCCTCGATC-1_2_1"
"1660","TGCACGGGTCTGTGTA-1_2_1"
"1661","TGCAGATGTCGCTGCA-1_2_1"
"1662","TGCAGATGTTCTTCAT-1_2_1"
"1663","TGCAGTAAGTAAAGCT-1_2_1"
"1664","TGCAGTACAGCTGTAT-1_2_1"
"1665","TGCAGTAGTACGCTTA-1_2_1"
"1666","TGCAGTATCACGTAGT-1_2_1"
"1667","TGCAGTATCCAGTGTA-1_2_1"
"1668","TGCATCCGTCTCGCGA-1_2_1"
"1669","TGCATGACACTAGGTT-1_2_1"
"1670","TGCCGAGAGAAATCCA-1_2_1"
"1671","TGCCGAGAGAGGATCC-1_2_1"
"1672","TGCCGAGCAACCAACT-1_2_1"
"1673","TGCGACGCACAGTGTT-1_2_1"
"1674","TGCGACGCAGTCTGGC-1_2_1"
"1675","TGCGGCAAGCTATCCA-1_2_1"
"1676","TGCGGCAGTCGTTCAA-1_2_1"
"1677","TGCGGCAGTGATAGAT-1_2_1"
"1678","TGCGGCAGTTACGCCG-1_2_1"
"1679","TGCGGCAGTTTCACTT-1_2_1"
"1680","TGCTCCACAGCCTATA-1_2_1"
"1681","TGCTCCATCGATCCCT-1_2_1"
"1682","TGCTGAATCTACCACC-1_2_1"
"1683","TGCTTCGCAATGAACA-1_2_1"
"1684","TGCTTCGCAGAACCGA-1_2_1"
"1685","TGCTTCGCAGCACCCA-1_2_1"
"1686","TGCTTCGTCTCAGGCG-1_2_1"
"1687","TGCTTGCAGAGCATTA-1_2_1"
"1688","TGCTTGCGTGTCCACG-1_2_1"
"1689","TGCTTGCGTTATAGCC-1_2_1"
"1690","TGGAACTCACAAACGG-1_2_1"
"1691","TGGAACTCACTCCGAG-1_2_1"
"1692","TGGAGAGCACAAAGTA-1_2_1"
"1693","TGGAGGAAGTACAGCG-1_2_1"
"1694","TGGATGTAGACTGAGC-1_2_1"
"1695","TGGCGTGAGCCAGTAG-1_2_1"
"1696","TGGCGTGTCTGCAGCG-1_2_1"
"1697","TGGGAAGTCGTCGACG-1_2_1"
"1698","TGGGAGACAATGACCT-1_2_1"
"1699","TGGGATTGTTAAGCAA-1_2_1"
"1700","TGGGCGTAGCTGACAG-1_2_1"
"1701","TGGGCGTCAGCGACCT-1_2_1"
"1702","TGGGCGTGTAGAATGT-1_2_1"
"1703","TGGGCTGGTATGCGGA-1_2_1"
"1704","TGGGTTAAGTAGTCCT-1_2_1"
"1705","TGGGTTATCTCCAATT-1_2_1"
"1706","TGGTACAAGTGATCGG-1_2_1"
"1707","TGGTACAGTCGGTGTC-1_2_1"
"1708","TGGTAGTTCAACGAGG-1_2_1"
"1709","TGGTTAGAGACGGTCA-1_2_1"
"1710","TGGTTAGCACGGATCC-1_2_1"
"1711","TGGTTAGTCAACTTTC-1_2_1"
"1712","TGTAAGCAGAGTCGAC-1_2_1"
"1713","TGTACAGAGAAGTCTA-1_2_1"
"1714","TGTACAGAGTGTGTTC-1_2_1"
"1715","TGTACAGGTCTACAAC-1_2_1"
"1716","TGTAGACAGACTAAGT-1_2_1"
"1717","TGTAGACCACCGCTGA-1_2_1"
"1718","TGTAGACTCATCACCC-1_2_1"
"1719","TGTCCACCAACTGCTA-1_2_1"
"1720","TGTCCACGTATGCAAA-1_2_1"
"1721","TGTCCCAGTGCATCTA-1_2_1"
"1722","TGTCCCATCAACACGT-1_2_1"
"1723","TGTCCCATCCGAGAAG-1_2_1"
"1724","TGTCCCATCTCTGCCA-1_2_1"
"1725","TGTGAGTAGCAGGCAT-1_2_1"
"1726","TGTGAGTAGTGCCTCG-1_2_1"
"1727","TGTGAGTTCCCTGGTT-1_2_1"
"1728","TGTGATGGTGGCCACT-1_2_1"
"1729","TGTGCGGTCCCTGGTT-1_2_1"
"1730","TGTGGCGAGCATTGTC-1_2_1"
"1731","TGTGGCGTCCACGTCT-1_2_1"
"1732","TGTGTGAAGCAATAAC-1_2_1"
"1733","TGTTACTGTTGGGACA-1_2_1"
"1734","TGTTACTTCGTCCTTG-1_2_1"
"1735","TGTTCATTCATCTCTA-1_2_1"
"1736","TGTTCCGGTAGCTAAA-1_2_1"
"1737","TGTTCTAAGTCCGCCA-1_2_1"
"1738","TGTTGAGCACCCAATA-1_2_1"
"1739","TGTTGAGTCATTTGTC-1_2_1"
"1740","TGTTGGATCCTGTTAT-1_2_1"
"1741","TGTTTGTAGCATTTCG-1_2_1"
"1742","TGTTTGTGTTCAGCGC-1_2_1"
"1743","TTAATCCAGCATGGGT-1_2_1"
"1744","TTAATCCAGCTGACCC-1_2_1"
"1745","TTAATCCTCAAGAGTA-1_2_1"
"1746","TTACAGGAGACGAGCT-1_2_1"
"1747","TTACAGGCAATGAACA-1_2_1"
"1748","TTACAGGGTCGGTGAA-1_2_1"
"1749","TTACCATAGGGTGGGA-1_2_1"
"1750","TTACCATAGGTTCAGG-1_2_1"
"1751","TTACCATGTGGTTTAC-1_2_1"
"1752","TTACCATTCGCGTGCA-1_2_1"
"1753","TTACCGCTCGTGGGTC-1_2_1"
"1754","TTACGCCCAATAGGAT-1_2_1"
"1755","TTACGTTAGGCTTAAA-1_2_1"
"1756","TTACTGTGTGGATCAG-1_2_1"
"1757","TTAGGCAAGTATTGCC-1_2_1"
"1758","TTAGGCAGTATTGCCA-1_2_1"
"1759","TTAGGCAGTGTCATCA-1_2_1"
"1760","TTAGGCAGTTGGGTAG-1_2_1"
"1761","TTAGGGTCAGCTACAT-1_2_1"
"1762","TTAGGGTCAGGATTCT-1_2_1"
"1763","TTAGGGTCAGTCAGCC-1_2_1"
"1764","TTAGGGTGTAGGTCAG-1_2_1"
"1765","TTAGGGTGTGGCTCTG-1_2_1"
"1766","TTAGTCTCAAATGAAC-1_2_1"
"1767","TTATTGCAGGTAATCA-1_2_1"
"1768","TTATTGCAGTTTGGCT-1_2_1"
"1769","TTATTGCTCAGATTGC-1_2_1"
"1770","TTCAATCAGAGTCACG-1_2_1"
"1771","TTCAATCAGCTACAAA-1_2_1"
"1772","TTCAATCCATGAAAGT-1_2_1"
"1773","TTCAATCTCTTGATTC-1_2_1"
"1774","TTCACGCCAGCTGTGC-1_2_1"
"1775","TTCAGGAAGCGCGTTC-1_2_1"
"1776","TTCAGGAAGTCTAACC-1_2_1"
"1777","TTCAGGACAACGACTT-1_2_1"
"1778","TTCATGTAGCTTACGT-1_2_1"
"1779","TTCATTGAGGTGTGAC-1_2_1"
"1780","TTCATTGAGTCATGAA-1_2_1"
"1781","TTCATTGCAGGGAATC-1_2_1"
"1782","TTCCACGCAGCAGACA-1_2_1"
"1783","TTCCGTGAGAAGGTAG-1_2_1"
"1784","TTCCGTGGTATCTCTT-1_2_1"
"1785","TTCCGTGTCTACTCAT-1_2_1"
"1786","TTCCGTGTCTATGTGG-1_2_1"
"1787","TTCCTAAGTTCGAGCC-1_2_1"
"1788","TTCCTAATCCGACAGC-1_2_1"
"1789","TTCCTCTGTTCTCAGA-1_2_1"
"1790","TTCCTTCTCGGTCTAA-1_2_1"
"1791","TTCGATTCAGAACGCA-1_2_1"
"1792","TTCGCTGCAAGGGCAT-1_2_1"
"1793","TTCGCTGCATAGCTGT-1_2_1"
"1794","TTCGCTGTCACAAGAA-1_2_1"
"1795","TTCGGTCCAGAACCGA-1_2_1"
"1796","TTCGGTCTCGCTGACG-1_2_1"
"1797","TTCTAGTTCGAGTCCG-1_2_1"
"1798","TTCTAGTTCTATCCAT-1_2_1"
"1799","TTCTAGTTCTTACCAT-1_2_1"
"1800","TTCTCTCCACTAAACC-1_2_1"
"1801","TTCTCTCTCCAACTAG-1_2_1"
"1802","TTCTCTCTCTTACGGA-1_2_1"
"1803","TTCTGTAAGCCAGTAG-1_2_1"
"1804","TTCTGTACAAGAGGTC-1_2_1"
"1805","TTCTGTAGTCGGATTT-1_2_1"
"1806","TTCTGTATCAGATGCT-1_2_1"
"1807","TTCTTCCAGCAGTCTT-1_2_1"
"1808","TTCTTCCAGGGTCACA-1_2_1"
"1809","TTCTTCCCAGGCCTGT-1_2_1"
"1810","TTCTTCCGTAGGTACG-1_2_1"
"1811","TTCTTCCTCCGTTTCG-1_2_1"
"1812","TTGAACGCAGGCTACC-1_2_1"
"1813","TTGAACGGTTGGAGAC-1_2_1"
"1814","TTGAACGTCGCACGGT-1_2_1"
"1815","TTGACCCGTTAAGGGC-1_2_1"
"1816","TTGACCCTCCGGTTCT-1_2_1"
"1817","TTGATGGCATCACAGT-1_2_1"
"1818","TTGATGGCATGAGAAT-1_2_1"
"1819","TTGCATTAGTCTGGTT-1_2_1"
"1820","TTGCATTCACCAGACC-1_2_1"
"1821","TTGCATTGTTCCAGGC-1_2_1"
"1822","TTGCCTGTCCGCGAGT-1_2_1"
"1823","TTGCGTCGTGAATAAC-1_2_1"
"1824","TTGCTGCAGTACTGGG-1_2_1"
"1825","TTGCTGCGTAGGGAGG-1_2_1"
"1826","TTGCTGCTCAAGCCTA-1_2_1"
"1827","TTGCTGCTCGCTACGG-1_2_1"
"1828","TTGGATGAGCTAGCCC-1_2_1"
"1829","TTGGGATAGCTGTCCG-1_2_1"
"1830","TTGGGATCAATATCCG-1_2_1"
"1831","TTGGGATCATGACTAC-1_2_1"
"1832","TTGGGCGGTTCTATCT-1_2_1"
"1833","TTGGGTAAGCAGATAT-1_2_1"
"1834","TTGGTTTCAACCAATC-1_2_1"
"1835","TTGGTTTGTATCGAGG-1_2_1"
"1836","TTGGTTTGTGCCTATA-1_2_1"
"1837","TTGTGGAAGTATGATG-1_2_1"
"1838","TTGTGGATCACTAGCA-1_2_1"
"1839","TTGTGGATCCTGGCTT-1_2_1"
"1840","TTGTTCAAGGGTCTTT-1_2_1"
"1841","TTGTTCATCCAAAGGG-1_2_1"
"1842","TTGTTCATCTCAAAGC-1_2_1"
"1843","TTGTTGTAGCTCTGTA-1_2_1"
"1844","TTGTTGTCAGTCTGGC-1_2_1"
"1845","TTTACCAGTCCACATA-1_2_1"
"1846","TTTACCAGTGGTATGG-1_2_1"
"1847","TTTACCATCAGGACGA-1_2_1"
"1848","TTTACCATCCGATAGT-1_2_1"
"1849","TTTACTGCAATACGCT-1_2_1"
"1850","TTTACTGGTCACTTCC-1_2_1"
"1851","TTTATGCGTTATAGCC-1_2_1"
"1852","TTTATGCGTTGCTGAT-1_2_1"
"1853","TTTCACAAGAATCGCG-1_2_1"
"1854","TTTCACATCCGCAAAT-1_2_1"
"1855","TTTCAGTAGTGCTACT-1_2_1"
"1856","TTTCAGTGTAAGTTGA-1_2_1"
"1857","TTTCATGCACCGGTCA-1_2_1"
"1858","TTTCATGGTTCTAAGC-1_2_1"
"1859","TTTCATGTCTTCCACG-1_2_1"
"1860","TTTCCTCTCAGAATAG-1_2_1"
"1861","TTTCGATAGCATGCGA-1_2_1"
"1862","TTTGACTAGACGATAT-1_2_1"
"1863","TTTGACTGTCGCTTAA-1_2_1"
"1864","TTTGGAGCAGCGCGTT-1_2_1"
"1865","TTTGGTTGTAGTCCTA-1_2_1"
"1866","TTTGGTTGTCCAAGAG-1_2_1"
"1867","TTTGGTTTCCCAACTC-1_2_1"
"1868","TTTGTTGAGATTGACA-1_2_1"
"1869","TTTGTTGAGCAAATCA-1_2_1"
"1870","TTTGTTGAGCTATCCA-1_2_1"
"1871","TTTGTTGCAACAAAGT-1_2_1"
"1872","TTTGTTGGTCAATCTG-1_2_1"
"1873","TTTGTTGTCCGCGGAT-1_2_1"
