"","x"
"1","AAACCCAGTATCCTTT-1_1_1"
"2","AAACGAACAGGACGAT-1_1_1"
"3","AAACGAAGTGTAAACA-1_1_1"
"4","AAACGAATCTGCGGGT-1_1_1"
"5","AAACGAATCTTGCAGA-1_1_1"
"6","AAACGCTTCCCTGGTT-1_1_1"
"7","AAAGGATGTACAACGG-1_1_1"
"8","AAAGGATTCCCAAGTA-1_1_1"
"9","AAAGGGCCAACACTAC-1_1_1"
"10","AAAGGGCCATGGATCT-1_1_1"
"11","AAAGGGCGTGAGACGT-1_1_1"
"12","AAAGGTACACCGTGAC-1_1_1"
"13","AAAGGTATCCCGTAAA-1_1_1"
"14","AAAGTCCAGTAATACG-1_1_1"
"15","AAAGTCCTCCCTCGTA-1_1_1"
"16","AAAGTCCTCTTGAACG-1_1_1"
"17","AAAGTGACATACTGTG-1_1_1"
"18","AAAGTGACATTAAAGG-1_1_1"
"19","AAATGGAAGTACCGGA-1_1_1"
"20","AAATGGACAGTTGCGC-1_1_1"
"21","AAATGGATCAGTGTTG-1_1_1"
"22","AACAAAGAGAACTGAT-1_1_1"
"23","AACAAAGCAACGTAAA-1_1_1"
"24","AACAACCTCATTGCGA-1_1_1"
"25","AACAAGAAGTGCACAG-1_1_1"
"26","AACACACTCTCATTTG-1_1_1"
"27","AACAGGGGTCCTTTGC-1_1_1"
"28","AACAGGGTCCGCTTAC-1_1_1"
"29","AACAGGGTCGTGTTCC-1_1_1"
"30","AACAGGGTCTTGCAAG-1_1_1"
"31","AACCAACAGTCTAGCT-1_1_1"
"32","AACCACACACTGCATA-1_1_1"
"33","AACCACACAGATCATC-1_1_1"
"34","AACCACACAGCTGGTC-1_1_1"
"35","AACCATGCAGAAGTGC-1_1_1"
"36","AACCATGCAGCTCATA-1_1_1"
"37","AACCATGTCCCATAAG-1_1_1"
"38","AACCCAACAAGGTCGA-1_1_1"
"39","AACCTGAAGGACAGCT-1_1_1"
"40","AACGAAAAGTAGCTCT-1_1_1"
"41","AACGAAACACCTCAGG-1_1_1"
"42","AACGAAAGTAGTCTGT-1_1_1"
"43","AACGAAATCTTACCAT-1_1_1"
"44","AACGGGAAGAGGTGCT-1_1_1"
"45","AACGTCAAGACACACG-1_1_1"
"46","AACGTCAGTCGTCGGT-1_1_1"
"47","AACTTCTAGATGCCGA-1_1_1"
"48","AACTTCTGTGAGTAAT-1_1_1"
"49","AAGAACAGTCATGGCC-1_1_1"
"50","AAGAACAGTGAGATAT-1_1_1"
"51","AAGACAAGTAAGGAGA-1_1_1"
"52","AAGACAAGTCACCACG-1_1_1"
"53","AAGACTCCACATAACC-1_1_1"
"54","AAGACTCGTCCTCAGG-1_1_1"
"55","AAGATAGAGTTCACTG-1_1_1"
"56","AAGATAGCATATCGGT-1_1_1"
"57","AAGATAGTCACTTTGT-1_1_1"
"58","AAGCATCAGGCTAAAT-1_1_1"
"59","AAGCATCCAAGCGCTC-1_1_1"
"60","AAGCATCGTAGCACAG-1_1_1"
"61","AAGCCATAGGTTACCT-1_1_1"
"62","AAGCCATCACGTTCGG-1_1_1"
"63","AAGCCATGTGAGCGAT-1_1_1"
"64","AAGCGTTAGTCTTCGA-1_1_1"
"65","AAGCGTTCATGACTAC-1_1_1"
"66","AAGGAATAGAACCGCA-1_1_1"
"67","AAGGAATGTATGGGAC-1_1_1"
"68","AAGGAATTCTCGGTCT-1_1_1"
"69","AAGGTAAAGCAAGTCG-1_1_1"
"70","AAGGTAACAGTTGTTG-1_1_1"
"71","AAGGTAAGTAACGCGA-1_1_1"
"72","AAGTACCGTAGAGACC-1_1_1"
"73","AAGTACCGTGCGAACA-1_1_1"
"74","AAGTACCGTTCCAGGC-1_1_1"
"75","AAGTACCTCTCATGGA-1_1_1"
"76","AAGTCGTAGCCTCACG-1_1_1"
"77","AAGTCGTTCTCATAGG-1_1_1"
"78","AAGTGAACATACCGTA-1_1_1"
"79","AAGTGAAGTCAAAGCG-1_1_1"
"80","AATCACGAGCGACATG-1_1_1"
"81","AATCACGGTGACACAG-1_1_1"
"82","AATCGACCAAGTATCC-1_1_1"
"83","AATCGACCACACCTAA-1_1_1"
"84","AATCGACGTCTACTGA-1_1_1"
"85","AATCGACGTGTTGACT-1_1_1"
"86","AATCGTGGTATCAGGG-1_1_1"
"87","AATCGTGTCTACCACC-1_1_1"
"88","AATGACCTCAGACCGC-1_1_1"
"89","AATGGAACACACCTTC-1_1_1"
"90","AATGGAAGTCGACTGC-1_1_1"
"91","AATGGCTAGCACTCTA-1_1_1"
"92","AATGGCTCATGGACAG-1_1_1"
"93","AATGGCTGTTTGGCTA-1_1_1"
"94","AATTCCTCATCCGAAT-1_1_1"
"95","AATTTCCCATTGACTG-1_1_1"
"96","AATTTCCTCCGGCAAC-1_1_1"
"97","ACAAAGAAGTCCGTCG-1_1_1"
"98","ACAAAGAAGTTAACAG-1_1_1"
"99","ACAAAGAAGTTTCTTC-1_1_1"
"100","ACAACCACACTCCCTA-1_1_1"
"101","ACAACCACAGCGGTTC-1_1_1"
"102","ACAACCAGTCTCTCAC-1_1_1"
"103","ACAACCATCCACAGCG-1_1_1"
"104","ACAACCATCCGCATAA-1_1_1"
"105","ACAAGCTGTCGCCTAG-1_1_1"
"106","ACAAGCTGTTACGGAG-1_1_1"
"107","ACAAGCTGTTGCAAGG-1_1_1"
"108","ACACAGTAGTTGCGAG-1_1_1"
"109","ACACAGTCAATAAGGT-1_1_1"
"110","ACACAGTTCTACCCAC-1_1_1"
"111","ACACCAACACACCTAA-1_1_1"
"112","ACACCAAGTGTAGGAC-1_1_1"
"113","ACACGCGAGAAATTCG-1_1_1"
"114","ACACGCGAGTCGCCAC-1_1_1"
"115","ACACGCGCAACGGCCT-1_1_1"
"116","ACACTGACAAAGGGCT-1_1_1"
"117","ACACTGAGTTGTGGCC-1_1_1"
"118","ACACTGATCGATTCCC-1_1_1"
"119","ACAGAAAAGCCTCTGG-1_1_1"
"120","ACAGAAACAATCACGT-1_1_1"
"121","ACAGCCGAGAACAAGG-1_1_1"
"122","ACAGCCGCAAGGACAC-1_1_1"
"123","ACAGCCGGTATCGCAT-1_1_1"
"124","ACAGCCGTCTGGGCAC-1_1_1"
"125","ACAGGGAAGAGCCGAT-1_1_1"
"126","ACAGGGACAAATGCTC-1_1_1"
"127","ACAGGGACATCAGTGT-1_1_1"
"128","ACAGGGATCCTACACC-1_1_1"
"129","ACAGGGATCGTCACCT-1_1_1"
"130","ACATCCCCACAAATCC-1_1_1"
"131","ACATCCCGTGATGAAT-1_1_1"
"132","ACATCGAAGTCCCAGC-1_1_1"
"133","ACATCGACAGGTTACT-1_1_1"
"134","ACATCGATCTATCACT-1_1_1"
"135","ACATGCAGTTCAAACC-1_1_1"
"136","ACATGCATCTTCCAGC-1_1_1"
"137","ACATTTCCAGAAACCG-1_1_1"
"138","ACCAAACCAGCTACCG-1_1_1"
"139","ACCAAACGTCTTGGTA-1_1_1"
"140","ACCACAAAGCACTGGA-1_1_1"
"141","ACCACAACAAACTCTG-1_1_1"
"142","ACCACAAGTCAAGTTC-1_1_1"
"143","ACCACAATCACGACTA-1_1_1"
"144","ACCACAATCACGGTCG-1_1_1"
"145","ACCACAATCTCGCCTA-1_1_1"
"146","ACCATTTAGGGCAAGG-1_1_1"
"147","ACCATTTTCATACAGC-1_1_1"
"148","ACCCAAAAGGATATGT-1_1_1"
"149","ACCCAAATCCGATCTC-1_1_1"
"150","ACCCTCAAGTTCCAGT-1_1_1"
"151","ACCCTCAGTCCGGTGT-1_1_1"
"152","ACCCTCATCATGACAC-1_1_1"
"153","ACCCTTGAGCTAAGTA-1_1_1"
"154","ACCCTTGGTGACAGCA-1_1_1"
"155","ACCCTTGTCCGTGTGG-1_1_1"
"156","ACCCTTGTCGTCCTCA-1_1_1"
"157","ACCGTTCAGGATACCG-1_1_1"
"158","ACCTACCAGAAGCGGG-1_1_1"
"159","ACCTACCAGCGTGAAC-1_1_1"
"160","ACCTACCAGGCTAAAT-1_1_1"
"161","ACCTACCCAGAAATCA-1_1_1"
"162","ACCTGTCGTGTGCCTG-1_1_1"
"163","ACCTGTCTCACTTGTT-1_1_1"
"164","ACGATCAAGAAAGTCT-1_1_1"
"165","ACGATCATCCCGTAAA-1_1_1"
"166","ACGATCATCTCCCAAC-1_1_1"
"167","ACGATGTCACAGCCAC-1_1_1"
"168","ACGATGTCATCATCCC-1_1_1"
"169","ACGATGTGTATGAGCG-1_1_1"
"170","ACGCACGAGCTGAGCA-1_1_1"
"171","ACGCACGGTACCCGAC-1_1_1"
"172","ACGCACGGTCATGCAT-1_1_1"
"173","ACGCACGTCGTTCCCA-1_1_1"
"174","ACGGAAGAGTGATAGT-1_1_1"
"175","ACGGGTCAGGCTCACC-1_1_1"
"176","ACGGTCGAGAGGACTC-1_1_1"
"177","ACGGTCGCAGGTGGAT-1_1_1"
"178","ACGGTCGGTGTGTTTG-1_1_1"
"179","ACGTAACGTTCTTGTT-1_1_1"
"180","ACGTACACAGCCATTA-1_1_1"
"181","ACGTACACAGCCCAGT-1_1_1"
"182","ACGTACACATCGGATT-1_1_1"
"183","ACGTACAGTAGCACGA-1_1_1"
"184","ACGTCCTAGCTCTTCC-1_1_1"
"185","ACGTCCTCACATATGC-1_1_1"
"186","ACGTCCTGTCCGGATC-1_1_1"
"187","ACGTTCCCAAATAAGC-1_1_1"
"188","ACTACGACACAGCTGC-1_1_1"
"189","ACTATCTAGTAGGGTC-1_1_1"
"190","ACTATCTCATTGTACG-1_1_1"
"191","ACTATCTTCGGTTCAA-1_1_1"
"192","ACTATGGAGTTATGGA-1_1_1"
"193","ACTATGGTCTTCGCTG-1_1_1"
"194","ACTATTCGTGGCAGAT-1_1_1"
"195","ACTATTCTCTCCGCAT-1_1_1"
"196","ACTCCCAGTATGACAA-1_1_1"
"197","ACTCCCATCCCGGTAG-1_1_1"
"198","ACTGATGAGAATAACC-1_1_1"
"199","ACTGATGGTGTAGCAG-1_1_1"
"200","ACTGATGTCATTCGTT-1_1_1"
"201","ACTGATGTCCCGAACG-1_1_1"
"202","ACTGCAATCTCGTCAC-1_1_1"
"203","ACTGTGAAGGCTAAAT-1_1_1"
"204","ACTGTGAAGTCACGCC-1_1_1"
"205","ACTGTGACACCAGCCA-1_1_1"
"206","ACTGTGAGTAACATAG-1_1_1"
"207","ACTGTGAGTATAGCTC-1_1_1"
"208","ACTTAGGCATCATCTT-1_1_1"
"209","ACTTAGGGTATGGTTC-1_1_1"
"210","ACTTATCAGATCGCTT-1_1_1"
"211","ACTTATCGTAAGGCCA-1_1_1"
"212","ACTTATCTCGAACCTA-1_1_1"
"213","ACTTCCGAGTGGTGGT-1_1_1"
"214","ACTTCCGCAAAGGAGA-1_1_1"
"215","ACTTCCGCAAAGGGCT-1_1_1"
"216","ACTTCCGCAGCCGTTG-1_1_1"
"217","ACTTCGCCACAAGGTG-1_1_1"
"218","ACTTCGCTCTGCAGCG-1_1_1"
"219","ACTTTCAAGCGATCGA-1_1_1"
"220","ACTTTCAGTAGAGATT-1_1_1"
"221","ACTTTCATCAAGTGGG-1_1_1"
"222","ACTTTCATCCCGAGGT-1_1_1"
"223","ACTTTCATCTCTTAAC-1_1_1"
"224","ACTTTGTGTAGACAAT-1_1_1"
"225","ACTTTGTTCGCGATCG-1_1_1"
"226","AGAAATGGTTGCAACT-1_1_1"
"227","AGAAATGTCGCGTGAC-1_1_1"
"228","AGAACAAAGGTAAGGA-1_1_1"
"229","AGAACAATCGAAACAA-1_1_1"
"230","AGAACCTGTAGGTACG-1_1_1"
"231","AGAACCTGTAGTCGTT-1_1_1"
"232","AGAACCTGTGAATTGA-1_1_1"
"233","AGAAGCGAGCCTATCA-1_1_1"
"234","AGAAGCGCACCAGCCA-1_1_1"
"235","AGAAGTACAATCGCCG-1_1_1"
"236","AGAAGTATCACTGATG-1_1_1"
"237","AGACAAAAGACGCTCC-1_1_1"
"238","AGACAAAGTGATTCTG-1_1_1"
"239","AGACACTAGCACTCCG-1_1_1"
"240","AGACACTGTGGGTTGA-1_1_1"
"241","AGACACTGTTAAGAAC-1_1_1"
"242","AGACACTTCAGATTGC-1_1_1"
"243","AGACACTTCGCTCCTA-1_1_1"
"244","AGACCATAGATGAATC-1_1_1"
"245","AGACCATGTCCTGTTC-1_1_1"
"246","AGACCATGTTGTGTAC-1_1_1"
"247","AGACCCGAGGGCGAGA-1_1_1"
"248","AGACCCGAGTCAGAGC-1_1_1"
"249","AGACCCGGTGCGCTCA-1_1_1"
"250","AGACCCGTCGTTATCT-1_1_1"
"251","AGACTCATCAACACGT-1_1_1"
"252","AGAGAATGTGGATCGA-1_1_1"
"253","AGAGAATTCATTGCGA-1_1_1"
"254","AGAGAATTCCTACGAA-1_1_1"
"255","AGAGAATTCGCCTCTA-1_1_1"
"256","AGAGAGCGTTACAGCT-1_1_1"
"257","AGAGAGCTCAGACCGC-1_1_1"
"258","AGAGCAGAGCCTGACC-1_1_1"
"259","AGAGCCCCAGACCATT-1_1_1"
"260","AGAGCCCCAGCACCCA-1_1_1"
"261","AGAGCCCGTATGCGTT-1_1_1"
"262","AGAGCCCGTTTAAGGA-1_1_1"
"263","AGAGCCCTCGTAGTCA-1_1_1"
"264","AGAGCCCTCGTGTGAT-1_1_1"
"265","AGAGCCCTCTTGAGCA-1_1_1"
"266","AGATAGACAGACGATG-1_1_1"
"267","AGATCCAAGGCTCACC-1_1_1"
"268","AGATCCAAGGTAGTCG-1_1_1"
"269","AGATCGTAGTTAACAG-1_1_1"
"270","AGATCGTCAGATAAAC-1_1_1"
"271","AGATCGTTCTAGTTCT-1_1_1"
"272","AGATGAAAGCGTTCCG-1_1_1"
"273","AGATGAAAGTGTTGTC-1_1_1"
"274","AGATGAAGTATCCCAA-1_1_1"
"275","AGATGAATCATTCGGA-1_1_1"
"276","AGATGCTCAGGAGACT-1_1_1"
"277","AGCATCACATGTAACC-1_1_1"
"278","AGCATCAGTATCGCGC-1_1_1"
"279","AGCCAATCACATCATG-1_1_1"
"280","AGCCAATCACCTGCTT-1_1_1"
"281","AGCCAATGTATCGAGG-1_1_1"
"282","AGCGCCACAACCGTGC-1_1_1"
"283","AGCGCCATCATTGTTC-1_1_1"
"284","AGCGCTGGTCTAATCG-1_1_1"
"285","AGCGCTGTCTAGGCCG-1_1_1"
"286","AGCGTCGAGAGCATAT-1_1_1"
"287","AGCTACAAGTGGTGGT-1_1_1"
"288","AGCTACAGTAAGATCA-1_1_1"
"289","AGCTACATCCGATAGT-1_1_1"
"290","AGCTCAAAGATTGCGG-1_1_1"
"291","AGCTCAAAGCCGCTTG-1_1_1"
"292","AGCTCAAGTCGCAGTC-1_1_1"
"293","AGCTTCCAGACCATTC-1_1_1"
"294","AGCTTCCGTGGCATCC-1_1_1"
"295","AGCTTCCTCTATACGG-1_1_1"
"296","AGCTTCCTCTGGGCAC-1_1_1"
"297","AGGAAATGTAACCCTA-1_1_1"
"298","AGGAATAAGGCCTAAG-1_1_1"
"299","AGGAATACACAACGTT-1_1_1"
"300","AGGAATAGTTGTGGCC-1_1_1"
"301","AGGAATATCCACTGAA-1_1_1"
"302","AGGACGACACTTGGGC-1_1_1"
"303","AGGACGATCACCATGA-1_1_1"
"304","AGGACTTAGCGATTCT-1_1_1"
"305","AGGACTTCATTGAAGA-1_1_1"
"306","AGGAGGTTCCGATCGG-1_1_1"
"307","AGGAGGTTCGTGGTAT-1_1_1"
"308","AGGATAAAGAGCCTGA-1_1_1"
"309","AGGCATTCAAGTAGTA-1_1_1"
"310","AGGCATTGTACGAGTG-1_1_1"
"311","AGGCCACTCCGTTGAA-1_1_1"
"312","AGGCTGCAGGCAGTCA-1_1_1"
"313","AGGCTGCAGGTTCATC-1_1_1"
"314","AGGCTGCGTAGCTTAC-1_1_1"
"315","AGGCTGCGTTTCCCAC-1_1_1"
"316","AGGCTGCTCTTTCCAA-1_1_1"
"317","AGGGAGTTCGTTCTCG-1_1_1"
"318","AGGGCCTAGGATTACA-1_1_1"
"319","AGGGCCTCAGACCGCT-1_1_1"
"320","AGGGCCTGTAACAGGC-1_1_1"
"321","AGGGCTCAGCAACCAG-1_1_1"
"322","AGGGCTCCAGAGCCCT-1_1_1"
"323","AGGGCTCGTCTACACA-1_1_1"
"324","AGGGTCCAGCGGGTTA-1_1_1"
"325","AGGGTCCTCTGTGTGA-1_1_1"
"326","AGGGTGACATTGTCGA-1_1_1"
"327","AGGTAGGGTCGTATGT-1_1_1"
"328","AGGTCATAGCTCCCTT-1_1_1"
"329","AGGTCATAGTTCATGC-1_1_1"
"330","AGGTCATCATTCCTCG-1_1_1"
"331","AGGTCATGTAGTCGGA-1_1_1"
"332","AGGTCATGTTTGTTCT-1_1_1"
"333","AGGTCATTCCCTCGAT-1_1_1"
"334","AGGTGTTGTTCGTGCG-1_1_1"
"335","AGGTGTTTCCACCCTA-1_1_1"
"336","AGGTGTTTCGCTGTTC-1_1_1"
"337","AGGTGTTTCTAGCCAA-1_1_1"
"338","AGGTTACAGTTCATGC-1_1_1"
"339","AGGTTACGTCATAACC-1_1_1"
"340","AGGTTACGTGCCCTTT-1_1_1"
"341","AGGTTGTGTCCTTAAG-1_1_1"
"342","AGTACCAAGGAGAATG-1_1_1"
"343","AGTACCATCTATTGTC-1_1_1"
"344","AGTACTGAGGTACAGC-1_1_1"
"345","AGTACTGCAATAACCC-1_1_1"
"346","AGTAGCTAGCAGGCTA-1_1_1"
"347","AGTAGCTCACGACCTG-1_1_1"
"348","AGTAGCTTCTTGGCTC-1_1_1"
"349","AGTAGTCGTATCCTTT-1_1_1"
"350","AGTAGTCTCCCGGTAG-1_1_1"
"351","AGTCAACAGCCTATTG-1_1_1"
"352","AGTCAACTCCCAAGCG-1_1_1"
"353","AGTCTCCAGAGTTGCG-1_1_1"
"354","AGTCTCCAGTACTGTC-1_1_1"
"355","AGTCTCCCACCTCAGG-1_1_1"
"356","AGTCTCCTCACGGTCG-1_1_1"
"357","AGTGACTAGAAGTCTA-1_1_1"
"358","AGTGACTGTCTGTGAT-1_1_1"
"359","AGTGACTGTTCGGCGT-1_1_1"
"360","AGTGATCTCGCCGAGT-1_1_1"
"361","AGTGCCGGTGTGTGGA-1_1_1"
"362","AGTGTTGCAGGTAGTG-1_1_1"
"363","AGTGTTGTCTATCGGA-1_1_1"
"364","AGTTAGCCAGAACTCT-1_1_1"
"365","AGTTCCCGTCCAAGAG-1_1_1"
"366","AGTTCGACATTGACTG-1_1_1"
"367","AGTTCGAGTCACTAGT-1_1_1"
"368","AGTTCGAGTGGATGAC-1_1_1"
"369","ATACCGACATGCCGGT-1_1_1"
"370","ATACCGAGTTTACACG-1_1_1"
"371","ATACCGATCCAGTACA-1_1_1"
"372","ATACCGATCTGGGAGA-1_1_1"
"373","ATACCTTTCAGATTGC-1_1_1"
"374","ATACTTCAGCGCCTAC-1_1_1"
"375","ATACTTCAGTCAGCCC-1_1_1"
"376","ATACTTCCATAATGCC-1_1_1"
"377","ATACTTCGTGTCTAAC-1_1_1"
"378","ATACTTCGTTGGAGGT-1_1_1"
"379","ATAGACCAGAATCTAG-1_1_1"
"380","ATAGACCGTCCTCATC-1_1_1"
"381","ATAGAGAAGCCGTTGC-1_1_1"
"382","ATAGGCTAGAGTCTTC-1_1_1"
"383","ATAGGCTCACTTACAG-1_1_1"
"384","ATATCCTCAAGGTCAG-1_1_1"
"385","ATATCCTCACGGCTAC-1_1_1"
"386","ATCACAGCACACTTAG-1_1_1"
"387","ATCACAGCAGAGTGAC-1_1_1"
"388","ATCACAGTCCACACAA-1_1_1"
"389","ATCACTTCAGCAGGAT-1_1_1"
"390","ATCACTTTCAACTACG-1_1_1"
"391","ATCAGGTAGCGTGAAC-1_1_1"
"392","ATCAGGTTCTCCCATG-1_1_1"
"393","ATCATTCGTCTGTGAT-1_1_1"
"394","ATCCACCTCCTGTACC-1_1_1"
"395","ATCCCTGCAGTCGCAC-1_1_1"
"396","ATCCCTGGTCCAGCAC-1_1_1"
"397","ATCCCTGTCGACCAAT-1_1_1"
"398","ATCCTATCAGAAGCTG-1_1_1"
"399","ATCGATGGTAATTGGA-1_1_1"
"400","ATCGATGGTGTACGCC-1_1_1"
"401","ATCGGATGTGCGCTCA-1_1_1"
"402","ATCGGCGAGGGCAACT-1_1_1"
"403","ATCGGCGAGTTCCATG-1_1_1"
"404","ATCGGCGCATCGTGGC-1_1_1"
"405","ATCGTAGAGATCGGTG-1_1_1"
"406","ATCGTAGAGGTAGTAT-1_1_1"
"407","ATCGTAGTCGGAGTGA-1_1_1"
"408","ATCGTCCTCACGAGGA-1_1_1"
"409","ATCGTGAAGTCACTGT-1_1_1"
"410","ATCTTCAAGCGTGTCC-1_1_1"
"411","ATCTTCAAGCTAAATG-1_1_1"
"412","ATGAGGGTCACTACGA-1_1_1"
"413","ATGAGGGTCTTCGATT-1_1_1"
"414","ATGAGTCTCCGAACGC-1_1_1"
"415","ATGATCGGTAATTAGG-1_1_1"
"416","ATGATCGGTACTCAAC-1_1_1"
"417","ATGATCGGTCTACACA-1_1_1"
"418","ATGATCGTCGTTGCCT-1_1_1"
"419","ATGCATGCAACAGATA-1_1_1"
"420","ATGCATGGTATCGCTA-1_1_1"
"421","ATGCCTCCAGATAAAC-1_1_1"
"422","ATGCCTCGTGTTACAC-1_1_1"
"423","ATGCGATAGAGTGTTA-1_1_1"
"424","ATGCGATAGTATAACG-1_1_1"
"425","ATGCGATCACAATGCT-1_1_1"
"426","ATGCGATTCTCTGCCA-1_1_1"
"427","ATGCGATTCTTCGTAT-1_1_1"
"428","ATGGAGGAGAGGCGTT-1_1_1"
"429","ATGGAGGCAGTGGTGA-1_1_1"
"430","ATGGAGGCATCCCGTT-1_1_1"
"431","ATGGAGGGTCTATGAC-1_1_1"
"432","ATGGAGGTCTAGTGTG-1_1_1"
"433","ATGGATCAGCTAAATG-1_1_1"
"434","ATGGATCCATTATGCG-1_1_1"
"435","ATGGATCGTGAGGAAA-1_1_1"
"436","ATGGGAGCAGAGATTA-1_1_1"
"437","ATGGGTTGTGACTCTA-1_1_1"
"438","ATGGGTTGTGAGAGGG-1_1_1"
"439","ATGGTTGAGAGCACTG-1_1_1"
"440","ATGGTTGAGCTAGTTC-1_1_1"
"441","ATGTCCCCAATGAAAC-1_1_1"
"442","ATGTCCCTCTGGAAGG-1_1_1"
"443","ATGTCCCTCTTCGACC-1_1_1"
"444","ATGTCTTAGACATATG-1_1_1"
"445","ATGTCTTCACAGTCCG-1_1_1"
"446","ATTATCCAGTTAGTGA-1_1_1"
"447","ATTATCCCAAGTTCCA-1_1_1"
"448","ATTATCCGTAGAGGAA-1_1_1"
"449","ATTATCCGTCACTCGG-1_1_1"
"450","ATTCACTGTTCACCGG-1_1_1"
"451","ATTCAGGAGTTAACAG-1_1_1"
"452","ATTCATCAGAACAAGG-1_1_1"
"453","ATTCCATTCCAGCCTT-1_1_1"
"454","ATTCCCGAGTCACGAG-1_1_1"
"455","ATTCCCGGTAGGCTCC-1_1_1"
"456","ATTCCTAGTCAAAGAT-1_1_1"
"457","ATTCGTTCACATTCTT-1_1_1"
"458","ATTCTTGAGATTAGAC-1_1_1"
"459","ATTCTTGAGGAAGTGA-1_1_1"
"460","ATTCTTGAGTTGGACG-1_1_1"
"461","ATTCTTGCATTGCTTT-1_1_1"
"462","ATTCTTGGTAGAATAC-1_1_1"
"463","ATTCTTGTCTACACAG-1_1_1"
"464","ATTGGGTCATAGGAGC-1_1_1"
"465","ATTGTTCAGCCATCCG-1_1_1"
"466","ATTGTTCCACAAAGCG-1_1_1"
"467","ATTGTTCCACACGCCA-1_1_1"
"468","ATTGTTCCATAACAGA-1_1_1"
"469","ATTGTTCGTTTGGGTT-1_1_1"
"470","ATTTACCAGGACGCTA-1_1_1"
"471","ATTTACCAGGGAGAAT-1_1_1"
"472","ATTTACCGTATCTCGA-1_1_1"
"473","ATTTCACCAGCTGCCA-1_1_1"
"474","ATTTCACGTAAGTTAG-1_1_1"
"475","ATTTCACGTCTGATCA-1_1_1"
"476","ATTTCTGGTTGGGATG-1_1_1"
"477","ATTTCTGTCATTACGG-1_1_1"
"478","CAAAGAAAGTCATACC-1_1_1"
"479","CAACAACAGGTCGTAG-1_1_1"
"480","CAACAACCATATGCGT-1_1_1"
"481","CAACAGTGTGGACCTC-1_1_1"
"482","CAACAGTTCGTTCGCT-1_1_1"
"483","CAACCAAAGCATCCTA-1_1_1"
"484","CAACCAATCGTTCTCG-1_1_1"
"485","CAACCTCCACCTCTGT-1_1_1"
"486","CAACGATAGGGTGGGA-1_1_1"
"487","CAACGATAGTCAGGGT-1_1_1"
"488","CAACGATTCAGCTAGT-1_1_1"
"489","CAACGGCAGCACTAGG-1_1_1"
"490","CAACGGCCACGCTGTG-1_1_1"
"491","CAAGACTAGGTCGTGA-1_1_1"
"492","CAAGAGGAGATCCAAA-1_1_1"
"493","CAAGAGGCAGACAAAT-1_1_1"
"494","CAAGAGGCATGCCATA-1_1_1"
"495","CAAGAGGGTACTAAGA-1_1_1"
"496","CAAGCTACATCATCCC-1_1_1"
"497","CAAGCTAGTCATCTAG-1_1_1"
"498","CAAGGGACAGACAAAT-1_1_1"
"499","CAATACGGTGTACATC-1_1_1"
"500","CAATACGTCATTACTC-1_1_1"
"501","CAATCGACAACCAATC-1_1_1"
"502","CAATCGAGTTGCATGT-1_1_1"
"503","CAATGACGTCGCCACA-1_1_1"
"504","CAATTTCGTGAATTGA-1_1_1"
"505","CACACAACAGCTCTGG-1_1_1"
"506","CACACAATCTGGTGCG-1_1_1"
"507","CACAGGCAGGAGCAAA-1_1_1"
"508","CACATGAAGGCTAGCA-1_1_1"
"509","CACCAAACAAACTGCT-1_1_1"
"510","CACCAAACAGGCAATG-1_1_1"
"511","CACCAAAGTCGACTTA-1_1_1"
"512","CACCAAATCGGACGTC-1_1_1"
"513","CACCGTTAGAAGATCT-1_1_1"
"514","CACCGTTGTCACGTGC-1_1_1"
"515","CACCGTTGTCCGGACT-1_1_1"
"516","CACGAATAGGACAAGA-1_1_1"
"517","CACGAATGTCTCTCAC-1_1_1"
"518","CACGAATGTTAATGAG-1_1_1"
"519","CACGGGTAGATGTTCC-1_1_1"
"520","CACGGGTAGTAACCTC-1_1_1"
"521","CACGGGTTCTGGTCAA-1_1_1"
"522","CACGTGGCACAGCTGC-1_1_1"
"523","CACGTGGTCTGAGTCA-1_1_1"
"524","CACGTGGTCTGGGATT-1_1_1"
"525","CACGTTCCACTGATTG-1_1_1"
"526","CACGTTCTCATTCGGA-1_1_1"
"527","CACTAAGTCTCTTCAA-1_1_1"
"528","CACTGGGAGTAACCGG-1_1_1"
"529","CACTGGGGTGATGTAA-1_1_1"
"530","CACTGGGTCCTCTAGC-1_1_1"
"531","CACTGTCGTATTGGCT-1_1_1"
"532","CACTTCGAGTGCGACA-1_1_1"
"533","CACTTCGGTCATTGCA-1_1_1"
"534","CACTTCGGTTAGGGTG-1_1_1"
"535","CAGAGCCAGTATGAGT-1_1_1"
"536","CAGAGCCCATCGGCCA-1_1_1"
"537","CAGAGCCGTGAGCGAT-1_1_1"
"538","CAGAGCCGTGTTAGCT-1_1_1"
"539","CAGATACTCAGGAACG-1_1_1"
"540","CAGATACTCGAGCCTG-1_1_1"
"541","CAGATCAGTACGATTC-1_1_1"
"542","CAGATTGGTACGGTTT-1_1_1"
"543","CAGCAATGTTAAGACA-1_1_1"
"544","CAGCACGAGCGTGTTT-1_1_1"
"545","CAGCACGCACCGCTAG-1_1_1"
"546","CAGCACGTCAGTGGGA-1_1_1"
"547","CAGCAGCGTGTGATGG-1_1_1"
"548","CAGCAGCGTTTCCATT-1_1_1"
"549","CAGCAGCTCGGCTTGG-1_1_1"
"550","CAGCCAGGTGGGCTTC-1_1_1"
"551","CAGCCAGGTGTAGCAG-1_1_1"
"552","CAGCCAGTCGACATAC-1_1_1"
"553","CAGGCCAAGGTCTGGA-1_1_1"
"554","CAGGCCAGTGAGTCAG-1_1_1"
"555","CAGGGCTCAAGCCTGC-1_1_1"
"556","CAGGTATCAACAGTGG-1_1_1"
"557","CAGGTATGTGCTAGCC-1_1_1"
"558","CAGTTAGAGAAACCCG-1_1_1"
"559","CAGTTAGAGTCCTACA-1_1_1"
"560","CATACAGAGACGACGT-1_1_1"
"561","CATACAGTCATAGAGA-1_1_1"
"562","CATACCCCAGGCTATT-1_1_1"
"563","CATACTTAGTGCACCC-1_1_1"
"564","CATACTTGTATGAGCG-1_1_1"
"565","CATACTTTCATCTCTA-1_1_1"
"566","CATAGACAGACTTCCA-1_1_1"
"567","CATCAAGCAAAGCAAT-1_1_1"
"568","CATCAAGCACTCATAG-1_1_1"
"569","CATCAAGTCTTCGCTG-1_1_1"
"570","CATCCACTCATTTGGG-1_1_1"
"571","CATCCCACACGAGGTA-1_1_1"
"572","CATCCCAGTCTGATCA-1_1_1"
"573","CATCCCAGTGCATGAG-1_1_1"
"574","CATCCCATCATGCAGT-1_1_1"
"575","CATCCGTTCTTACTGT-1_1_1"
"576","CATCGGGCACCGAATT-1_1_1"
"577","CATCGGGCAGAGGGTT-1_1_1"
"578","CATCGGGGTGACTAAA-1_1_1"
"579","CATCGGGTCGTAACAC-1_1_1"
"580","CATCGTCGTGGTGATG-1_1_1"
"581","CATCGTCTCTACACTT-1_1_1"
"582","CATGAGTGTCCGAAGA-1_1_1"
"583","CATGAGTGTGCATTTG-1_1_1"
"584","CATGAGTGTTTCGTTT-1_1_1"
"585","CATGCAAAGCGCCTAC-1_1_1"
"586","CATGCAACACCAAAGG-1_1_1"
"587","CATGCAACAGGTCAAG-1_1_1"
"588","CATGCAACATGCACTA-1_1_1"
"589","CATGCCTCATAAGATG-1_1_1"
"590","CATGCCTGTAGAGGAA-1_1_1"
"591","CATGCCTGTGCCTGCA-1_1_1"
"592","CATGCGGAGAGTATAC-1_1_1"
"593","CATGGATCAAGTGCTT-1_1_1"
"594","CATGGATTCCCATAAG-1_1_1"
"595","CATGGTAAGCCATTTG-1_1_1"
"596","CATGGTAAGCCTGTGC-1_1_1"
"597","CATGGTAGTATGCTTG-1_1_1"
"598","CATGGTATCAAACTGC-1_1_1"
"599","CATGGTATCGTCGACG-1_1_1"
"600","CATTCATAGAGTGACC-1_1_1"
"601","CATTCATAGCCAAGTG-1_1_1"
"602","CATTCATAGTCGAGGT-1_1_1"
"603","CATTCTAGTACCATAC-1_1_1"
"604","CATTCTATCCATAGAC-1_1_1"
"605","CATTGAGAGCTGAAAT-1_1_1"
"606","CATTGCCCAATACCTG-1_1_1"
"607","CATTGCCGTGACTGAG-1_1_1"
"608","CATTGTTAGTAGATCA-1_1_1"
"609","CATTGTTAGTGCGTCC-1_1_1"
"610","CATTTCATCTACACTT-1_1_1"
"611","CCAAGCGCATCCCGTT-1_1_1"
"612","CCAATGAGTAGATCGG-1_1_1"
"613","CCACAAACATCTGTTT-1_1_1"
"614","CCACACTCATCTATCT-1_1_1"
"615","CCACCATCAAGCTGTT-1_1_1"
"616","CCACCATTCATTTGTC-1_1_1"
"617","CCACGTTAGTTATGGA-1_1_1"
"618","CCACGTTTCAGCGGAA-1_1_1"
"619","CCACGTTTCGATACTG-1_1_1"
"620","CCACTTGAGAGAATCT-1_1_1"
"621","CCACTTGCACATCCCT-1_1_1"
"622","CCACTTGGTACCGGAA-1_1_1"
"623","CCACTTGGTAGTAAGT-1_1_1"
"624","CCATCACAGACTTCCA-1_1_1"
"625","CCATCACAGATTGATG-1_1_1"
"626","CCATCACAGCACCTGC-1_1_1"
"627","CCATCACAGTTCGCAT-1_1_1"
"628","CCATCACCATACGCAT-1_1_1"
"629","CCATCACCATATCTCT-1_1_1"
"630","CCATCACGTCTGTGTA-1_1_1"
"631","CCCAACTAGGTCATTC-1_1_1"
"632","CCCATTGCAATTGAAG-1_1_1"
"633","CCCGAAGAGAGTTCGG-1_1_1"
"634","CCCGAAGAGCACTAGG-1_1_1"
"635","CCCGGAACAACGGGTA-1_1_1"
"636","CCCTAACAGGTCATAA-1_1_1"
"637","CCCTAACCACATATGC-1_1_1"
"638","CCCTAACTCCACAGCG-1_1_1"
"639","CCCTCAACATAACAGA-1_1_1"
"640","CCCTCAAGTAACACGG-1_1_1"
"641","CCCTCAAGTACAGGTG-1_1_1"
"642","CCCTCAATCGAACGGA-1_1_1"
"643","CCCTCTCAGAGCATAT-1_1_1"
"644","CCCTCTCTCGTCCTCA-1_1_1"
"645","CCCTCTCTCTAGGCAT-1_1_1"
"646","CCCTGATGTTACTCAG-1_1_1"
"647","CCCTGATTCTAGTACG-1_1_1"
"648","CCCTTAGTCAGCCTCT-1_1_1"
"649","CCGAACGGTCCCAAAT-1_1_1"
"650","CCGAACGGTTTCCATT-1_1_1"
"651","CCGATCTTCCGTAGGC-1_1_1"
"652","CCGATCTTCTAACACG-1_1_1"
"653","CCGATGGAGACTCGAG-1_1_1"
"654","CCGATGGAGTAATTGG-1_1_1"
"655","CCGATGGCATGCCGAC-1_1_1"
"656","CCGATGGGTAGGTCAG-1_1_1"
"657","CCGGACAAGTCTTCGA-1_1_1"
"658","CCGGACAGTCTAGGCC-1_1_1"
"659","CCGGGTAAGAAATTGC-1_1_1"
"660","CCGGGTAGTGTGGTCC-1_1_1"
"661","CCGGTAGAGGCACCAA-1_1_1"
"662","CCGGTGAAGGGTACGT-1_1_1"
"663","CCGGTGAAGGTGCAGT-1_1_1"
"664","CCGGTGACAAACCGGA-1_1_1"
"665","CCGGTGACACTGTTCC-1_1_1"
"666","CCGTAGGAGTCGAGGT-1_1_1"
"667","CCGTAGGCAGTGCGCT-1_1_1"
"668","CCGTGAGCACTGAGGA-1_1_1"
"669","CCGTGAGTCGAGTACT-1_1_1"
"670","CCGTTCACAACCAGAG-1_1_1"
"671","CCGTTCAGTACCGTGC-1_1_1"
"672","CCGTTCAGTCACGTGC-1_1_1"
"673","CCTAACCGTATTAAGG-1_1_1"
"674","CCTAACCTCCCGTGAG-1_1_1"
"675","CCTAAGAGTGGATTTC-1_1_1"
"676","CCTAAGATCGGTGTTA-1_1_1"
"677","CCTAAGATCGTCAGAT-1_1_1"
"678","CCTAAGATCGTGTGGC-1_1_1"
"679","CCTACGTTCCTTGACC-1_1_1"
"680","CCTATCGTCCGTGACG-1_1_1"
"681","CCTATCGTCCTAAGTG-1_1_1"
"682","CCTATCGTCCTCACTG-1_1_1"
"683","CCTCAACTCAAGCCTA-1_1_1"
"684","CCTCAACTCGATGGAG-1_1_1"
"685","CCTCACACAAGGTCAG-1_1_1"
"686","CCTCACATCACCGGGT-1_1_1"
"687","CCTCAGTAGCCAGACA-1_1_1"
"688","CCTCAGTAGCCGTCGT-1_1_1"
"689","CCTCAGTCACAGAAGC-1_1_1"
"690","CCTCAGTCACGAAGAC-1_1_1"
"691","CCTCAGTGTGGTATGG-1_1_1"
"692","CCTCATGAGTATGGAT-1_1_1"
"693","CCTCCAAAGAGTATAC-1_1_1"
"694","CCTCTAGAGAAGTCAT-1_1_1"
"695","CCTCTAGAGACTTAAG-1_1_1"
"696","CCTCTCCGTCATACCA-1_1_1"
"697","CCTCTCCGTCGGTGTC-1_1_1"
"698","CCTCTCCGTTCATCGA-1_1_1"
"699","CCTGCATAGGGTTGCA-1_1_1"
"700","CCTGCATGTTATGGTC-1_1_1"
"701","CCTGCATTCAGAACCT-1_1_1"
"702","CCTGCATTCATCTACT-1_1_1"
"703","CCTGTTGAGAGGTTTA-1_1_1"
"704","CCTGTTGTCCATATGG-1_1_1"
"705","CCTGTTGTCCGATGTA-1_1_1"
"706","CCTGTTGTCGAAATCC-1_1_1"
"707","CCTTCAGTCAAGCCCG-1_1_1"
"708","CCTTCAGTCGAAGAAT-1_1_1"
"709","CCTTGTGAGCGTTCAT-1_1_1"
"710","CCTTTGGCAATGTTGC-1_1_1"
"711","CCTTTGGGTCCGAAGA-1_1_1"
"712","CGAAGGAGTATGAAGT-1_1_1"
"713","CGAAGGATCTGTGTGA-1_1_1"
"714","CGAAGTTCACGCGGTT-1_1_1"
"715","CGAAGTTGTACTCGAT-1_1_1"
"716","CGACAGCCAAGAATGT-1_1_1"
"717","CGACAGCCAGAGTCTT-1_1_1"
"718","CGACAGCTCCATTTAC-1_1_1"
"719","CGACAGCTCTAATTCC-1_1_1"
"720","CGACAGCTCTGCGATA-1_1_1"
"721","CGAGAAGAGGAAGAAC-1_1_1"
"722","CGAGGAACATAGCTGT-1_1_1"
"723","CGAGGAATCTGAATCG-1_1_1"
"724","CGAGGCTAGGGTCACA-1_1_1"
"725","CGAGGCTCATATCTGG-1_1_1"
"726","CGAGGCTTCAGTGTGT-1_1_1"
"727","CGAGTGCAGTGTTCAC-1_1_1"
"728","CGAGTTACAGGCTACC-1_1_1"
"729","CGAGTTAGTGACGTCC-1_1_1"
"730","CGAGTTATCATTTGGG-1_1_1"
"731","CGATCGGGTAAGTTAG-1_1_1"
"732","CGATGCGTCCGCGAGT-1_1_1"
"733","CGATGGCTCTTTGCTA-1_1_1"
"734","CGCAGGTAGCCTCCAG-1_1_1"
"735","CGCAGGTAGGGTTAAT-1_1_1"
"736","CGCAGGTGTCTCGGGT-1_1_1"
"737","CGCATGGAGGGACAGG-1_1_1"
"738","CGCCAGAAGACGAAGA-1_1_1"
"739","CGCCAGACACGGTAGA-1_1_1"
"740","CGCCATTCAACCAATC-1_1_1"
"741","CGCGTGAAGTTGTAAG-1_1_1"
"742","CGCGTGACAACTAGAA-1_1_1"
"743","CGCGTGAGTCACGTGC-1_1_1"
"744","CGCGTGAGTTCGGACC-1_1_1"
"745","CGGAACCAGGTTGGTG-1_1_1"
"746","CGGAACCGTAGACTGG-1_1_1"
"747","CGGAACCGTCGGCTAC-1_1_1"
"748","CGGAATTAGGTCGAGT-1_1_1"
"749","CGGAATTGTAACCCTA-1_1_1"
"750","CGGAATTGTTGGGACA-1_1_1"
"751","CGGACACCAAAGCTAA-1_1_1"
"752","CGGACACCACCAGCCA-1_1_1"
"753","CGGACACCACGTACTA-1_1_1"
"754","CGGAGAAAGAGTGGCT-1_1_1"
"755","CGGAGAAGTAGCGATG-1_1_1"
"756","CGGCAGTTCACTGAAC-1_1_1"
"757","CGGCAGTTCTCATTAC-1_1_1"
"758","CGGGACTCATATCTGG-1_1_1"
"759","CGGGCATCACTCACTC-1_1_1"
"760","CGGGCATCAGAGTAAT-1_1_1"
"761","CGGGCATTCCATCAGA-1_1_1"
"762","CGGGCATTCTCGGTAA-1_1_1"
"763","CGGGTCAAGGTAAGAG-1_1_1"
"764","CGGGTCAGTATTTCTC-1_1_1"
"765","CGGGTCATCTCGACGG-1_1_1"
"766","CGGGTGTCAAACGGCA-1_1_1"
"767","CGTAAGTCATAACTCG-1_1_1"
"768","CGTAATGGTGAATGTA-1_1_1"
"769","CGTAATGTCCTTCGAC-1_1_1"
"770","CGTAGTAAGTGGACGT-1_1_1"
"771","CGTAGTAGTCCAAATC-1_1_1"
"772","CGTCAAACAGTTACCA-1_1_1"
"773","CGTCAAATCGGCCAAC-1_1_1"
"774","CGTCAAATCGGTGTAT-1_1_1"
"775","CGTCCATCACCGTGCA-1_1_1"
"776","CGTCCATGTAGGGAGG-1_1_1"
"777","CGTCCATGTCGTACAT-1_1_1"
"778","CGTCCATTCCTGCCAT-1_1_1"
"779","CGTCCATTCTAGTCAG-1_1_1"
"780","CGTGAATAGTGCTAGG-1_1_1"
"781","CGTGATATCAATCTTC-1_1_1"
"782","CGTGCTTAGTATCTGC-1_1_1"
"783","CGTGCTTAGTGATAGT-1_1_1"
"784","CGTGCTTCACGCTGAC-1_1_1"
"785","CGTGCTTGTGGCACTC-1_1_1"
"786","CGTGTCTCAATGAGCG-1_1_1"
"787","CGTGTCTGTGGACCAA-1_1_1"
"788","CGTGTCTGTTCTCACC-1_1_1"
"789","CGTTAGACAACAAGAT-1_1_1"
"790","CGTTCTGAGCTAGAAT-1_1_1"
"791","CGTTGGGAGGCTTCCG-1_1_1"
"792","CGTTGGGAGGTCGTCC-1_1_1"
"793","CGTTGGGCAAAGGGTC-1_1_1"
"794","CGTTGGGGTCGGATTT-1_1_1"
"795","CTAACCCCAGGACTTT-1_1_1"
"796","CTAACCCGTATACAGA-1_1_1"
"797","CTACAGAAGTAGAATC-1_1_1"
"798","CTACAGAGTATGAGGC-1_1_1"
"799","CTACAGATCCATCAGA-1_1_1"
"800","CTACAGATCTATTGTC-1_1_1"
"801","CTACATTGTGTATACC-1_1_1"
"802","CTACCCAGTCGTACAT-1_1_1"
"803","CTACCCATCCCGAGAC-1_1_1"
"804","CTACCCATCGAATCCA-1_1_1"
"805","CTACCTGCATGTACGT-1_1_1"
"806","CTACCTGGTCCTACAA-1_1_1"
"807","CTACCTGGTCTCAGGC-1_1_1"
"808","CTACCTGTCGTACACA-1_1_1"
"809","CTACGGGCACGCGCTA-1_1_1"
"810","CTACGGGCAGACCTAT-1_1_1"
"811","CTACGGGCAGCATACT-1_1_1"
"812","CTACGGGGTCACTACA-1_1_1"
"813","CTACGGGTCAGACTGT-1_1_1"
"814","CTACTATCAAATGCTC-1_1_1"
"815","CTACTATGTAGGAAAG-1_1_1"
"816","CTAGACAAGGTCTGGA-1_1_1"
"817","CTAGGTACACCGTGGT-1_1_1"
"818","CTAGGTACAGTAGGAC-1_1_1"
"819","CTAGGTAGTATGCGTT-1_1_1"
"820","CTAGGTATCCGCAGTG-1_1_1"
"821","CTATAGGGTTCAAGGG-1_1_1"
"822","CTATCCGGTTTCGTGA-1_1_1"
"823","CTATCCGTCGACGACC-1_1_1"
"824","CTATCCGTCTCGTTTA-1_1_1"
"825","CTATCTAGTCTTCCGT-1_1_1"
"826","CTCAACCAGGTTCTAC-1_1_1"
"827","CTCAACCAGTGAGTTA-1_1_1"
"828","CTCAACCGTAGTACGG-1_1_1"
"829","CTCAAGAAGCGCCTAC-1_1_1"
"830","CTCAAGAGTCATATGC-1_1_1"
"831","CTCAATTAGAATTCAG-1_1_1"
"832","CTCACTGAGGTCGTAG-1_1_1"
"833","CTCACTGAGTTAACAG-1_1_1"
"834","CTCACTGGTCATGGCC-1_1_1"
"835","CTCACTGGTTCCGGTG-1_1_1"
"836","CTCAGAAGTCCGGATC-1_1_1"
"837","CTCAGGGCACTAGGTT-1_1_1"
"838","CTCAGGGGTACTGGGA-1_1_1"
"839","CTCAGGGGTGTGGACA-1_1_1"
"840","CTCAGGGTCGTGCACG-1_1_1"
"841","CTCATCGAGTACAACA-1_1_1"
"842","CTCATCGCACAGAGCA-1_1_1"
"843","CTCATGCCACTTGAGT-1_1_1"
"844","CTCATTACAGCGGTTC-1_1_1"
"845","CTCATTAGTAATTGGA-1_1_1"
"846","CTCCACACAAGAATAC-1_1_1"
"847","CTCCACACACTGCGAC-1_1_1"
"848","CTCCACATCACCTTAT-1_1_1"
"849","CTCCATGTCGTGGAAG-1_1_1"
"850","CTCCCAAGTACGAGCA-1_1_1"
"851","CTCCCAAGTGAGGCAT-1_1_1"
"852","CTCCCTCAGACCTCAT-1_1_1"
"853","CTCCCTCCAACTCGTA-1_1_1"
"854","CTCCCTCCACGCGGTT-1_1_1"
"855","CTCCCTCCACTAACGT-1_1_1"
"856","CTCCGATGTAATGTGA-1_1_1"
"857","CTCCGATTCTTCGTGC-1_1_1"
"858","CTCCTCCAGGCAGGTT-1_1_1"
"859","CTCCTCCAGTAGCAAT-1_1_1"
"860","CTCCTCCAGTGACACG-1_1_1"
"861","CTCCTCCTCCGAGATT-1_1_1"
"862","CTCCTTTGTACTGGGA-1_1_1"
"863","CTCCTTTTCAGTCTTT-1_1_1"
"864","CTCGAGGAGATGCTGG-1_1_1"
"865","CTCGAGGAGGAAGTCC-1_1_1"
"866","CTCGAGGCAACCTATG-1_1_1"
"867","CTCTCAGAGATTGGGC-1_1_1"
"868","CTCTCAGAGTACGAGC-1_1_1"
"869","CTCTCAGCAATCGCGC-1_1_1"
"870","CTCTCAGTCCTATTTG-1_1_1"
"871","CTCTCGAAGGCTGAAC-1_1_1"
"872","CTCTCGAAGGGAGAAT-1_1_1"
"873","CTCTGGTAGGTACAAT-1_1_1"
"874","CTCTGGTTCGCGTAGC-1_1_1"
"875","CTGAATGAGATGGGCT-1_1_1"
"876","CTGAATGAGTCACGCC-1_1_1"
"877","CTGAATGGTGGCTACC-1_1_1"
"878","CTGAATGTCAAGTCGT-1_1_1"
"879","CTGAGCGAGCTGCCTG-1_1_1"
"880","CTGAGCGCAATACGAA-1_1_1"
"881","CTGAGCGGTTTGGAAA-1_1_1"
"882","CTGAGGCCAAGAAACT-1_1_1"
"883","CTGAGGCGTACAAAGT-1_1_1"
"884","CTGAGGCGTATGTCAC-1_1_1"
"885","CTGAGGCTCATTTCGT-1_1_1"
"886","CTGATCCAGGTGTGAC-1_1_1"
"887","CTGATCCTCTCCTGCA-1_1_1"
"888","CTGCAGGGTGCCCTTT-1_1_1"
"889","CTGCAGGTCATAGCAC-1_1_1"
"890","CTGCATCAGACAGCTG-1_1_1"
"891","CTGCATCAGGTGAGCT-1_1_1"
"892","CTGCATCCAGGATTCT-1_1_1"
"893","CTGCCATCAAATGAAC-1_1_1"
"894","CTGCCTACAGCGACAA-1_1_1"
"895","CTGCCTACAGCGTAGA-1_1_1"
"896","CTGCCTAGTAACCCTA-1_1_1"
"897","CTGCCTAGTGTCTAAC-1_1_1"
"898","CTGCCTATCATGCCGG-1_1_1"
"899","CTGCGAGGTAAGATAC-1_1_1"
"900","CTGCTCACAGCTTTGA-1_1_1"
"901","CTGGACGCACATTCTT-1_1_1"
"902","CTGGCAGAGAGGTGCT-1_1_1"
"903","CTGGCAGAGGTAGTAT-1_1_1"
"904","CTGGCAGGTTTGTTGG-1_1_1"
"905","CTGGTCTAGTGTTGAA-1_1_1"
"906","CTGGTCTGTCCACACG-1_1_1"
"907","CTGGTCTTCTCATTGT-1_1_1"
"908","CTGTACCAGCTCATAC-1_1_1"
"909","CTGTACCAGGTTACAA-1_1_1"
"910","CTGTACCCATGCGGTC-1_1_1"
"911","CTGTACCGTCTTGCGG-1_1_1"
"912","CTGTACCTCCCTCGTA-1_1_1"
"913","CTGTATTCAAGCGCTC-1_1_1"
"914","CTGTGAAAGGGTGGGA-1_1_1"
"915","CTGTGAACAGGTGAGT-1_1_1"
"916","CTGTGAAGTCGAAGCA-1_1_1"
"917","CTGTGGGAGCGAGTCA-1_1_1"
"918","CTTACCGAGTAAAGCT-1_1_1"
"919","CTTACCGCATGGGCAA-1_1_1"
"920","CTTACCGGTACGAGTG-1_1_1"
"921","CTTACCGGTGTTCCTC-1_1_1"
"922","CTTCAATCACACGCCA-1_1_1"
"923","CTTCAATCACGACAGA-1_1_1"
"924","CTTCCGAAGGGTTGCA-1_1_1"
"925","CTTCCGAAGTCAGCCC-1_1_1"
"926","CTTCCGATCTATTGTC-1_1_1"
"927","CTTCCTTAGTACTCGT-1_1_1"
"928","CTTCCTTCATCAGCAT-1_1_1"
"929","CTTCGGTCAATACCTG-1_1_1"
"930","CTTCGGTTCATTGCCC-1_1_1"
"931","CTTCGGTTCTCCAAGA-1_1_1"
"932","CTTCTAAAGCACTAGG-1_1_1"
"933","CTTCTAATCCGAGGCT-1_1_1"
"934","CTTCTCTTCGAAGCCC-1_1_1"
"935","CTTGAGAAGAGTCAGC-1_1_1"
"936","CTTGAGACAAAGCGTG-1_1_1"
"937","CTTGATTAGGACTAAT-1_1_1"
"938","CTTGATTGTGACGCCT-1_1_1"
"939","CTTGATTTCATCGGGC-1_1_1"
"940","CTTTCAAGTAAGTAGT-1_1_1"
"941","CTTTCGGTCCTAGCTC-1_1_1"
"942","GAAACCTAGTGATAGT-1_1_1"
"943","GAAATGAAGGTCGACA-1_1_1"
"944","GAACACTAGCCTGACC-1_1_1"
"945","GAACACTAGGATCATA-1_1_1"
"946","GAACACTAGGATTCAA-1_1_1"
"947","GAACACTAGTTCATCG-1_1_1"
"948","GAACACTGTCCGGTCA-1_1_1"
"949","GAACACTTCTCTCCGA-1_1_1"
"950","GAACGTTAGGAAGTAG-1_1_1"
"951","GAAGAATTCGATGCAT-1_1_1"
"952","GAAGCCCAGTTATGGA-1_1_1"
"953","GAAGCCCTCAAGTCTG-1_1_1"
"954","GAAGCGAGTATGGTTC-1_1_1"
"955","GAAGCGAGTGGTCTAT-1_1_1"
"956","GAAGCGATCATTCGGA-1_1_1"
"957","GAAGCGATCGAAGCCC-1_1_1"
"958","GAAGCGATCTCGGCTT-1_1_1"
"959","GAAGGACCAAACCGGA-1_1_1"
"960","GAAGGGTAGTTGTAGA-1_1_1"
"961","GAAGGGTCAGCTGCCA-1_1_1"
"962","GAAGGGTGTTGAGTCT-1_1_1"
"963","GAAGGGTGTTTAGACC-1_1_1"
"964","GAAGTAATCAAGCCAT-1_1_1"
"965","GAAGTAATCCTCCACA-1_1_1"
"966","GAAGTAATCGCTGTCT-1_1_1"
"967","GAATAGAAGCACTCCG-1_1_1"
"968","GAATAGATCAGTCAGT-1_1_1"
"969","GAATCACGTTGCGAAG-1_1_1"
"970","GAATCGTCACAACCGC-1_1_1"
"971","GAATCGTCACTGAGGA-1_1_1"
"972","GAATCGTCACTGTCGG-1_1_1"
"973","GACACGCAGATGGTAT-1_1_1"
"974","GACATCACAAAGCACG-1_1_1"
"975","GACATCACAGACTGCC-1_1_1"
"976","GACATCAGTGTTAAAG-1_1_1"
"977","GACCCAGGTCGTGGAA-1_1_1"
"978","GACCCAGGTCTTTCTA-1_1_1"
"979","GACCCTTAGGAACGAA-1_1_1"
"980","GACCGTGCAACACAAA-1_1_1"
"981","GACCGTGCATGCAGGA-1_1_1"
"982","GACCGTGTCCCAGCGA-1_1_1"
"983","GACCTTCGTGTGAGCA-1_1_1"
"984","GACGCTGAGTTGGACG-1_1_1"
"985","GACGTTATCAATCTCT-1_1_1"
"986","GACGTTATCCTTCTAA-1_1_1"
"987","GACTATGAGGGTCACA-1_1_1"
"988","GACTATGGTTGGATCT-1_1_1"
"989","GACTGATGTAACATAG-1_1_1"
"990","GACTGATGTGTAAATG-1_1_1"
"991","GACTTCCTCTCCCATG-1_1_1"
"992","GAGAAATAGCACGATG-1_1_1"
"993","GAGAAATGTGAGACGT-1_1_1"
"994","GAGAAATGTGGAAGTC-1_1_1"
"995","GAGACTTTCTGAGATC-1_1_1"
"996","GAGAGGTTCCACAGGC-1_1_1"
"997","GAGCCTGTCCAGTTCC-1_1_1"
"998","GAGCCTGTCCATGCAA-1_1_1"
"999","GAGCTGCAGAAGCTGC-1_1_1"
"1000","GAGCTGCGTAGATTGA-1_1_1"
"1001","GAGGCCTTCCTGTTGC-1_1_1"
"1002","GAGGGATTCCAGTGCG-1_1_1"
"1003","GAGGGTAAGACGGATC-1_1_1"
"1004","GAGGGTAAGATCGGTG-1_1_1"
"1005","GAGGGTAAGCAACAAT-1_1_1"
"1006","GAGTCATAGCGTTAGG-1_1_1"
"1007","GAGTGAGAGCAAATCA-1_1_1"
"1008","GAGTGAGAGTGAGTGC-1_1_1"
"1009","GAGTGAGGTCCGGACT-1_1_1"
"1010","GAGTGAGGTCGACTTA-1_1_1"
"1011","GAGTGAGGTCGCGTTG-1_1_1"
"1012","GAGTGAGTCATACGGT-1_1_1"
"1013","GAGTGAGTCGCCGAGT-1_1_1"
"1014","GAGTGTTAGAGCATAT-1_1_1"
"1015","GAGTGTTCATGTCGTA-1_1_1"
"1016","GAGTGTTGTACGTTCA-1_1_1"
"1017","GAGTTACAGCGCACAA-1_1_1"
"1018","GAGTTGTAGCGCCATC-1_1_1"
"1019","GAGTTGTAGGTACAGC-1_1_1"
"1020","GAGTTTGTCTATTGTC-1_1_1"
"1021","GATAGAAAGTCAGCCC-1_1_1"
"1022","GATCACAAGCCTCACG-1_1_1"
"1023","GATCACAAGTTCGCAT-1_1_1"
"1024","GATCAGTAGGTCACCC-1_1_1"
"1025","GATCAGTGTAAGATTG-1_1_1"
"1026","GATCAGTGTACACGCC-1_1_1"
"1027","GATCAGTGTAGCTAAA-1_1_1"
"1028","GATCAGTGTAGTCCTA-1_1_1"
"1029","GATCATGCAATTCTCT-1_1_1"
"1030","GATCCCTAGTTGCGAG-1_1_1"
"1031","GATCCCTGTGAGTAAT-1_1_1"
"1032","GATCCCTGTTGAGAGC-1_1_1"
"1033","GATCCCTTCTCCTGCA-1_1_1"
"1034","GATCGTAAGCTCGAAG-1_1_1"
"1035","GATCGTAAGGGATCGT-1_1_1"
"1036","GATCGTAGTCATGGCC-1_1_1"
"1037","GATGACTTCCAACTGA-1_1_1"
"1038","GATGACTTCCGATGCG-1_1_1"
"1039","GATGAGGAGTGCTAGG-1_1_1"
"1040","GATGAGGGTGGAGGTT-1_1_1"
"1041","GATGATCTCCAATCCC-1_1_1"
"1042","GATGATCTCGACACCG-1_1_1"
"1043","GATGCTAGTACCGTGC-1_1_1"
"1044","GATGCTATCACAGTGT-1_1_1"
"1045","GATGCTATCTCTGCCA-1_1_1"
"1046","GATGGAGAGACCCGCT-1_1_1"
"1047","GATGGAGCACATAGCT-1_1_1"
"1048","GATGGAGTCTCTCGAC-1_1_1"
"1049","GATGTTGAGGTCCAGA-1_1_1"
"1050","GATGTTGCATGTGGCC-1_1_1"
"1051","GATGTTGGTAACAGTA-1_1_1"
"1052","GATGTTGGTGGTCCCA-1_1_1"
"1053","GATGTTGTCGTGCATA-1_1_1"
"1054","GATTCGACAACTTGGT-1_1_1"
"1055","GATTCGAGTTTCGGCG-1_1_1"
"1056","GATTCTTAGGCACAAC-1_1_1"
"1057","GATTCTTCAGAGAAAG-1_1_1"
"1058","GATTCTTGTGTCCATA-1_1_1"
"1059","GATTCTTTCTAGATCG-1_1_1"
"1060","GATTGGTAGTTACTCG-1_1_1"
"1061","GATTGGTGTATCGCAT-1_1_1"
"1062","GATTTCTAGCAGCGAT-1_1_1"
"1063","GATTTCTCACTACCGG-1_1_1"
"1064","GATTTCTGTGTTCGAT-1_1_1"
"1065","GATTTCTTCTTTCGAT-1_1_1"
"1066","GCAACATTCATTGTTC-1_1_1"
"1067","GCAACCGTCCGAGATT-1_1_1"
"1068","GCAACCGTCTTTGGAG-1_1_1"
"1069","GCACGGTTCACAACCA-1_1_1"
"1070","GCACGGTTCACGGGAA-1_1_1"
"1071","GCACGGTTCCCGTGTT-1_1_1"
"1072","GCACGGTTCGTTCCCA-1_1_1"
"1073","GCACGGTTCTGCGATA-1_1_1"
"1074","GCACGGTTCTGGACCG-1_1_1"
"1075","GCACGTGAGTCACAGG-1_1_1"
"1076","GCACGTGCATCTTAGG-1_1_1"
"1077","GCACGTGTCGAGTGGA-1_1_1"
"1078","GCAGCCAAGGACTGGT-1_1_1"
"1079","GCAGCCAAGTTGTCGT-1_1_1"
"1080","GCAGCTGGTTGTATGC-1_1_1"
"1081","GCAGCTGTCCGAGTGC-1_1_1"
"1082","GCAGGCTAGACGGTCA-1_1_1"
"1083","GCAGGCTTCTGTCCGT-1_1_1"
"1084","GCATCGGTCGCCAATA-1_1_1"
"1085","GCATCTCTCAGCTTCC-1_1_1"
"1086","GCATGATCACGCGTCA-1_1_1"
"1087","GCATGATTCCTACCAC-1_1_1"
"1088","GCATTAGGTGCTCCGA-1_1_1"
"1089","GCATTAGGTGTATACC-1_1_1"
"1090","GCCAACGGTTTATGCG-1_1_1"
"1091","GCCAACGGTTTCGATG-1_1_1"
"1092","GCCAGCAAGATCCTAC-1_1_1"
"1093","GCCAGCAGTCTGTAGT-1_1_1"
"1094","GCCAGGTAGGACAGTC-1_1_1"
"1095","GCCAGGTTCTCTTCAA-1_1_1"
"1096","GCCATGGGTAACATCC-1_1_1"
"1097","GCCATGGTCAACCTTT-1_1_1"
"1098","GCCATGGTCGCGTGCA-1_1_1"
"1099","GCCATTCGTCTCTCAC-1_1_1"
"1100","GCCCAGAAGCGACTGA-1_1_1"
"1101","GCCCAGAGTGAATGTA-1_1_1"
"1102","GCCCAGAGTTGGAGGT-1_1_1"
"1103","GCCCGAAGTTAAGGAT-1_1_1"
"1104","GCCCGAATCACGAACT-1_1_1"
"1105","GCCGATGCAATCGCCG-1_1_1"
"1106","GCCGATGGTTCGGACC-1_1_1"
"1107","GCCGTGAAGCGCTTCG-1_1_1"
"1108","GCCGTGACACTGGCCA-1_1_1"
"1109","GCCGTGAGTGCATTTG-1_1_1"
"1110","GCCGTGAGTGCTCCGA-1_1_1"
"1111","GCCTGTTAGAATACAC-1_1_1"
"1112","GCCTGTTCAACTCGAT-1_1_1"
"1113","GCCTGTTTCAAAGAAC-1_1_1"
"1114","GCCTGTTTCCCAATAG-1_1_1"
"1115","GCGAGAACAGCTCTGG-1_1_1"
"1116","GCGAGAACATAACTCG-1_1_1"
"1117","GCGATCGAGTGATTCC-1_1_1"
"1118","GCGATCGGTCGAGTTT-1_1_1"
"1119","GCGATCGGTGAGGATC-1_1_1"
"1120","GCGATCGTCATTGGTG-1_1_1"
"1121","GCGGAAACAACCGCTG-1_1_1"
"1122","GCGGAAACAGTCCCGA-1_1_1"
"1123","GCGGATCAGCATACTC-1_1_1"
"1124","GCGTGCAAGTATAACG-1_1_1"
"1125","GCGTGCAGTCCGATCG-1_1_1"
"1126","GCGTTTCGTTATGTCG-1_1_1"
"1127","GCTACCTAGTCGCGAA-1_1_1"
"1128","GCTACCTCACGACGCT-1_1_1"
"1129","GCTACCTGTAACATCC-1_1_1"
"1130","GCTACCTGTCGCTCGA-1_1_1"
"1131","GCTACCTGTGAAGCGT-1_1_1"
"1132","GCTCAAACAGAGATGC-1_1_1"
"1133","GCTCAAAGTTGACGGA-1_1_1"
"1134","GCTGAATGTGCCTAAT-1_1_1"
"1135","GCTGCAGAGGCTAGCA-1_1_1"
"1136","GCTGCAGTCATCACAG-1_1_1"
"1137","GCTGGGTGTTCCTTGC-1_1_1"
"1138","GCTTCACAGCCGTTAT-1_1_1"
"1139","GCTTGGGAGTAGTCTC-1_1_1"
"1140","GCTTGGGGTACATTGC-1_1_1"
"1141","GCTTGGGGTGCCTTCT-1_1_1"
"1142","GCTTTCGCAATCTAGC-1_1_1"
"1143","GCTTTCGCATATCTGG-1_1_1"
"1144","GGAACCCGTATCAGGG-1_1_1"
"1145","GGAAGTGAGAGTCTGG-1_1_1"
"1146","GGAAGTGTCCGCAGTG-1_1_1"
"1147","GGAATCTCAAGGCCTC-1_1_1"
"1148","GGAATCTCAATACAGA-1_1_1"
"1149","GGAATCTGTGTCCGGT-1_1_1"
"1150","GGAATCTTCATTACCT-1_1_1"
"1151","GGAATCTTCCACACCT-1_1_1"
"1152","GGAATCTTCGCCAACG-1_1_1"
"1153","GGAATCTTCTATCGTT-1_1_1"
"1154","GGAATGGCAAGCACCC-1_1_1"
"1155","GGAATGGTCCCATAGA-1_1_1"
"1156","GGAGCAAGTTGTCTAG-1_1_1"
"1157","GGAGCAAGTTTATGCG-1_1_1"
"1158","GGATCTAAGCAGTACG-1_1_1"
"1159","GGATCTACAGTAGAGC-1_1_1"
"1160","GGATCTATCCTCTGCA-1_1_1"
"1161","GGCACGTAGCGTTGTT-1_1_1"
"1162","GGCACGTAGGTTCTAC-1_1_1"
"1163","GGCACGTCAAGCACCC-1_1_1"
"1164","GGCAGTCAGGTCCTGC-1_1_1"
"1165","GGCAGTCCACGATTCA-1_1_1"
"1166","GGCAGTCGTGACGTCC-1_1_1"
"1167","GGCGTCAAGGATCACG-1_1_1"
"1168","GGCGTCACACGTTGGC-1_1_1"
"1169","GGCGTCAGTGCCCACA-1_1_1"
"1170","GGCGTCAGTTGATGTC-1_1_1"
"1171","GGCTGTGAGCACACAG-1_1_1"
"1172","GGCTGTGAGTAATACG-1_1_1"
"1173","GGCTGTGCAGGGATAC-1_1_1"
"1174","GGCTGTGGTAAGTTAG-1_1_1"
"1175","GGCTGTGGTTGGGTTT-1_1_1"
"1176","GGCTGTGTCGATACGT-1_1_1"
"1177","GGCTGTGTCTGCACCT-1_1_1"
"1178","GGCTTGGAGTGAATAC-1_1_1"
"1179","GGCTTTCGTTATTCTC-1_1_1"
"1180","GGGAAGTCAAAGGCTG-1_1_1"
"1181","GGGACAATCTCATGCC-1_1_1"
"1182","GGGACAATCTCCCATG-1_1_1"
"1183","GGGACCTCAAAGACTA-1_1_1"
"1184","GGGACCTGTCTTCGAA-1_1_1"
"1185","GGGACCTTCTGTACAG-1_1_1"
"1186","GGGACTCTCACCCTTG-1_1_1"
"1187","GGGAGATCAACTTCTT-1_1_1"
"1188","GGGAGATCACTCATAG-1_1_1"
"1189","GGGAGTAGTATTTCGG-1_1_1"
"1190","GGGAGTATCATGAGAA-1_1_1"
"1191","GGGATCCTCGCTCTAC-1_1_1"
"1192","GGGATGAAGGTAAGAG-1_1_1"
"1193","GGGATGAGTCACGTGC-1_1_1"
"1194","GGGATGAGTTGACTGT-1_1_1"
"1195","GGGCGTTGTCCACTCT-1_1_1"
"1196","GGGCTACCAACACAGG-1_1_1"
"1197","GGGCTACCATGCGGTC-1_1_1"
"1198","GGGCTCACAATTGCAC-1_1_1"
"1199","GGGTAGAGTTGCAAGG-1_1_1"
"1200","GGGTATTCAGTACTAC-1_1_1"
"1201","GGGTATTTCATTGCCC-1_1_1"
"1202","GGGTATTTCCGTGTAA-1_1_1"
"1203","GGGTCACGTTCGGTCG-1_1_1"
"1204","GGGTCTGCACAGCATT-1_1_1"
"1205","GGGTCTGGTGCGTGCT-1_1_1"
"1206","GGGTCTGTCGGTCTAA-1_1_1"
"1207","GGGTGTCAGACATATG-1_1_1"
"1208","GGGTTATAGCGTCAGA-1_1_1"
"1209","GGGTTTAAGAAGTCAT-1_1_1"
"1210","GGGTTTAAGATCCTAC-1_1_1"
"1211","GGGTTTACAGGTAGTG-1_1_1"
"1212","GGGTTTAGTCGACGCT-1_1_1"
"1213","GGGTTTATCCGTATGA-1_1_1"
"1214","GGTAACTCAAGAGGCT-1_1_1"
"1215","GGTAACTGTATCGTTG-1_1_1"
"1216","GGTAACTGTTGGATCT-1_1_1"
"1217","GGTAGAGCAACGGCCT-1_1_1"
"1218","GGTAGAGCAGCTTCCT-1_1_1"
"1219","GGTCACGCATCGGTTA-1_1_1"
"1220","GGTCACGGTGACATCT-1_1_1"
"1221","GGTGAAGAGACCATGG-1_1_1"
"1222","GGTGAAGAGAGTTCGG-1_1_1"
"1223","GGTGAAGAGCATCAGG-1_1_1"
"1224","GGTGGCTGTGGACAGT-1_1_1"
"1225","GGTGGCTTCTTACGTT-1_1_1"
"1226","GGTGTCGAGTAGTCCT-1_1_1"
"1227","GGTGTCGCACGTTCGG-1_1_1"
"1228","GGTGTCGTCGAGAGAC-1_1_1"
"1229","GGTTCTCAGCACACAG-1_1_1"
"1230","GGTTCTCAGCTAGATA-1_1_1"
"1231","GGTTCTCAGGTATAGT-1_1_1"
"1232","GGTTCTCAGTGGCGAT-1_1_1"
"1233","GGTTCTCAGTGGTGGT-1_1_1"
"1234","GGTTCTCCACTAACCA-1_1_1"
"1235","GGTTCTCTCCTATGGA-1_1_1"
"1236","GGTTGTACAAATGAAC-1_1_1"
"1237","GGTTGTACAATGTTGC-1_1_1"
"1238","GGTTGTACATCATCCC-1_1_1"
"1239","GGTTGTAGTGACTCTA-1_1_1"
"1240","GGTTGTATCAAGGCTT-1_1_1"
"1241","GGTTGTATCTAGGCCG-1_1_1"
"1242","GTAACACAGCGACCCT-1_1_1"
"1243","GTAACCAGTAGTGATA-1_1_1"
"1244","GTAACCATCAACACCA-1_1_1"
"1245","GTAAGTCAGACATGCG-1_1_1"
"1246","GTAAGTCGTCCGAAAG-1_1_1"
"1247","GTAATCGCAATAACCC-1_1_1"
"1248","GTAATCGCACGACAAG-1_1_1"
"1249","GTAATGCAGATCCCAT-1_1_1"
"1250","GTACAACAGACGTCCC-1_1_1"
"1251","GTACAGTCAGTCAGCC-1_1_1"
"1252","GTACAGTGTTTGGCTA-1_1_1"
"1253","GTACAGTTCCACGGAC-1_1_1"
"1254","GTAGAAAGTGCCGAAA-1_1_1"
"1255","GTAGAAATCCAGCTCT-1_1_1"
"1256","GTAGAGGAGACATCCT-1_1_1"
"1257","GTAGATCCACGACTAT-1_1_1"
"1258","GTAGATCTCATCGTAG-1_1_1"
"1259","GTAGATCTCCACGGGT-1_1_1"
"1260","GTAGATCTCCGTTGAA-1_1_1"
"1261","GTAGCTACAGCAATTC-1_1_1"
"1262","GTAGCTACAGCAGAAC-1_1_1"
"1263","GTAGCTAGTCGTCGGT-1_1_1"
"1264","GTAGCTAGTTGGAGAC-1_1_1"
"1265","GTAGCTATCATTACGG-1_1_1"
"1266","GTAGCTATCCGGTAAT-1_1_1"
"1267","GTAGTACCAGCTGAAG-1_1_1"
"1268","GTAGTACCATGGCACC-1_1_1"
"1269","GTATTGGGTAGCGCTC-1_1_1"
"1270","GTATTGGGTCTGTAAC-1_1_1"
"1271","GTATTGGGTTCAAGTC-1_1_1"
"1272","GTATTGGTCAAAGACA-1_1_1"
"1273","GTATTGGTCTTGTGCC-1_1_1"
"1274","GTATTTCAGACTGGGT-1_1_1"
"1275","GTATTTCAGCATCAAA-1_1_1"
"1276","GTATTTCTCTAACGCA-1_1_1"
"1277","GTCAAACAGCAGGCTA-1_1_1"
"1278","GTCAAACCAAAGACTA-1_1_1"
"1279","GTCAAACCACAGAGAC-1_1_1"
"1280","GTCAAACTCAGATGCT-1_1_1"
"1281","GTCAAACTCGACATAC-1_1_1"
"1282","GTCAAGTAGCACACAG-1_1_1"
"1283","GTCAAGTTCAGAGTTC-1_1_1"
"1284","GTCACGGAGCTAATCC-1_1_1"
"1285","GTCACGGCAAACGAGC-1_1_1"
"1286","GTCACTCAGCACGATG-1_1_1"
"1287","GTCACTCGTGCCTTTC-1_1_1"
"1288","GTCACTCTCATTGCGA-1_1_1"
"1289","GTCACTCTCCCTCATG-1_1_1"
"1290","GTCATCCAGGTAGTCG-1_1_1"
"1291","GTCATCCCAGCAGATG-1_1_1"
"1292","GTCATGACAGGACTAG-1_1_1"
"1293","GTCATGACATGAATCC-1_1_1"
"1294","GTCATGAGTCGCGGTT-1_1_1"
"1295","GTCATGAGTTAAGCAA-1_1_1"
"1296","GTCATTTAGACCCGCT-1_1_1"
"1297","GTCATTTCACCAAAGG-1_1_1"
"1298","GTCATTTGTGCATACT-1_1_1"
"1299","GTCCACTAGAATACAC-1_1_1"
"1300","GTCCACTAGAGCAACC-1_1_1"
"1301","GTCCCATCACACGTGC-1_1_1"
"1302","GTCCCATGTTCGTAAC-1_1_1"
"1303","GTCCTCATCAAATGAG-1_1_1"
"1304","GTCCTCATCACCGACG-1_1_1"
"1305","GTCGAATCAATTCTCT-1_1_1"
"1306","GTCGAATCACGACGCT-1_1_1"
"1307","GTCGCGAAGCTGCCAC-1_1_1"
"1308","GTCGCGATCACCGACG-1_1_1"
"1309","GTCGCGATCTCATTTG-1_1_1"
"1310","GTCGTAAAGAGCCGAT-1_1_1"
"1311","GTCGTAACAATCTCGA-1_1_1"
"1312","GTCGTAATCGCAATGT-1_1_1"
"1313","GTCGTAATCGCTGATA-1_1_1"
"1314","GTCGTTCAGGATACCG-1_1_1"
"1315","GTCGTTCTCAATCCAG-1_1_1"
"1316","GTCGTTCTCGTTGTGA-1_1_1"
"1317","GTCTACCAGTGTTGAA-1_1_1"
"1318","GTCTACCTCTGCATAG-1_1_1"
"1319","GTCTCACTCTACGGTA-1_1_1"
"1320","GTCTGTCCAGTCAGAG-1_1_1"
"1321","GTCTGTCGTCTGCCTT-1_1_1"
"1322","GTCTTTAAGTTTGGCT-1_1_1"
"1323","GTCTTTAGTCGTCATA-1_1_1"
"1324","GTCTTTATCGCTTGAA-1_1_1"
"1325","GTGACGCAGGGCTGAT-1_1_1"
"1326","GTGACGCCAGGCACTC-1_1_1"
"1327","GTGAGCCGTCGTACAT-1_1_1"
"1328","GTGAGCCGTTAGGACG-1_1_1"
"1329","GTGAGCCTCCGAGCTG-1_1_1"
"1330","GTGAGGAAGTGCCGAA-1_1_1"
"1331","GTGAGGACAATGTGGG-1_1_1"
"1332","GTGAGTTTCATTGCGA-1_1_1"
"1333","GTGATGTGTGCACGCT-1_1_1"
"1334","GTGATGTTCAACTTTC-1_1_1"
"1335","GTGCACGTCGGCATCG-1_1_1"
"1336","GTGCAGCAGATTCGAA-1_1_1"
"1337","GTGCAGCCAGCCTACG-1_1_1"
"1338","GTGCGTGAGTCGAAGC-1_1_1"
"1339","GTGCGTGCAGGTTCGC-1_1_1"
"1340","GTGCGTGGTGTATACC-1_1_1"
"1341","GTGCGTGTCATGAGAA-1_1_1"
"1342","GTGCTGGAGTCATAGA-1_1_1"
"1343","GTGCTGGGTATTGAGA-1_1_1"
"1344","GTGCTGGGTCGTACAT-1_1_1"
"1345","GTGCTGGGTTCCTACC-1_1_1"
"1346","GTGCTTCCACTTCTCG-1_1_1"
"1347","GTGCTTCGTAACACCT-1_1_1"
"1348","GTGCTTCTCACTGATG-1_1_1"
"1349","GTGGAAGAGGTACCTT-1_1_1"
"1350","GTGGAAGCAAGTGACG-1_1_1"
"1351","GTGGAAGGTAGAATAC-1_1_1"
"1352","GTGGAGACAAAGGCAC-1_1_1"
"1353","GTGGAGATCGTTCCTG-1_1_1"
"1354","GTGGCGTAGTTCAACC-1_1_1"
"1355","GTGGGAAAGTCGCCCA-1_1_1"
"1356","GTGGGAACATTGCCTC-1_1_1"
"1357","GTGGGAATCTCGACGG-1_1_1"
"1358","GTGGTTACACCACATA-1_1_1"
"1359","GTGTCCTCAATTTCTC-1_1_1"
"1360","GTGTCCTGTCCCGCAA-1_1_1"
"1361","GTGTGATCATGGCGCT-1_1_1"
"1362","GTGTGATCATGTGCCG-1_1_1"
"1363","GTGTGATTCATCTGTT-1_1_1"
"1364","GTGTGGCCAATAGTGA-1_1_1"
"1365","GTGTGGCGTGATTGGG-1_1_1"
"1366","GTGTTCCGTAACTAAG-1_1_1"
"1367","GTGTTCCGTTATCTGG-1_1_1"
"1368","GTTACAGCACCTATCC-1_1_1"
"1369","GTTACAGGTTCAAGTC-1_1_1"
"1370","GTTACCCAGACGGTTG-1_1_1"
"1371","GTTACCCCAGGAACCA-1_1_1"
"1372","GTTACCCGTGCGGTAA-1_1_1"
"1373","GTTACGACACGCGTCA-1_1_1"
"1374","GTTACGACAGACACCC-1_1_1"
"1375","GTTACGACATACAGCT-1_1_1"
"1376","GTTAGACAGCTCACTA-1_1_1"
"1377","GTTAGTGGTTGGACCC-1_1_1"
"1378","GTTATGGCAAATAAGC-1_1_1"
"1379","GTTATGGGTAGCTCGC-1_1_1"
"1380","GTTATGGGTTGTTGCA-1_1_1"
"1381","GTTATGGTCTAAGCGT-1_1_1"
"1382","GTTCATTAGCGCCCAT-1_1_1"
"1383","GTTCATTCATGGCCCA-1_1_1"
"1384","GTTCCGTAGGGTAATT-1_1_1"
"1385","GTTCCGTCATGGGAAC-1_1_1"
"1386","GTTCCGTTCAAGAAAC-1_1_1"
"1387","GTTCCGTTCGGTTCAA-1_1_1"
"1388","GTTCGCTAGACATGCG-1_1_1"
"1389","GTTCGCTCACAATCTG-1_1_1"
"1390","GTTCGCTTCATACGGT-1_1_1"
"1391","GTTCTATCAGGGAGAG-1_1_1"
"1392","GTTGAACCACCGCTAG-1_1_1"
"1393","GTTGAACGTGGATGAC-1_1_1"
"1394","GTTGAACTCACTGGTA-1_1_1"
"1395","GTTGCGGGTATCCCTC-1_1_1"
"1396","GTTGCGGTCACTTCTA-1_1_1"
"1397","GTTGCTCCACGGAAGT-1_1_1"
"1398","GTTGCTCCACGGTGTC-1_1_1"
"1399","GTTGCTCGTCACAGTT-1_1_1"
"1400","GTTGCTCTCATTCGGA-1_1_1"
"1401","GTTGTAGAGAGTGTTA-1_1_1"
"1402","GTTGTAGCAATACAGA-1_1_1"
"1403","GTTGTAGTCGTGCATA-1_1_1"
"1404","GTTGTCCAGTGGTTCT-1_1_1"
"1405","GTTGTCCTCCCATTCG-1_1_1"
"1406","GTTTACTAGCTCCATA-1_1_1"
"1407","GTTTACTCAAAGCGTG-1_1_1"
"1408","GTTTGGACATCGCTGG-1_1_1"
"1409","GTTTGGAGTAGGTAGC-1_1_1"
"1410","GTTTGGAGTCTTGGTA-1_1_1"
"1411","GTTTGGATCGGAAGGT-1_1_1"
"1412","TAACACGAGTCATAGA-1_1_1"
"1413","TAACACGCAAGACAAT-1_1_1"
"1414","TAACACGCATTGCCTC-1_1_1"
"1415","TAACACGGTGTGTGTT-1_1_1"
"1416","TAACCAGAGTCTGCAT-1_1_1"
"1417","TAACGACCACTGCGTG-1_1_1"
"1418","TAACGACGTTACCTTT-1_1_1"
"1419","TAACTTCTCAACTCTT-1_1_1"
"1420","TAACTTCTCGGCAGTC-1_1_1"
"1421","TAAGCACAGCAGGGAG-1_1_1"
"1422","TAAGCACCAGAGTCTT-1_1_1"
"1423","TAAGCACGTAACGCGA-1_1_1"
"1424","TAAGCCACAAACTCGT-1_1_1"
"1425","TAAGCCACAGCGAGTA-1_1_1"
"1426","TAAGCCACAGGCTATT-1_1_1"
"1427","TAAGCCAGTGCAAGAC-1_1_1"
"1428","TAAGCGTAGGACGCAT-1_1_1"
"1429","TAAGTCGCACTCTGCT-1_1_1"
"1430","TAAGTCGTCTCTGCCA-1_1_1"
"1431","TAATCTCAGCTAAACA-1_1_1"
"1432","TAATCTCGTGCCGTTG-1_1_1"
"1433","TAATTCCCAGCGGATA-1_1_1"
"1434","TACAACGTCCCTATTA-1_1_1"
"1435","TACAACGTCGTAACTG-1_1_1"
"1436","TACACCCGTGGTAATA-1_1_1"
"1437","TACACCCTCTGTCTCG-1_1_1"
"1438","TACATTCGTCATCACA-1_1_1"
"1439","TACCCACTCACACCGG-1_1_1"
"1440","TACCCGTCAGGATGAC-1_1_1"
"1441","TACCCGTTCGCGATCG-1_1_1"
"1442","TACCGAACACGTGAGA-1_1_1"
"1443","TACCGAAGTACAAGCG-1_1_1"
"1444","TACCGAAGTCCCGCAA-1_1_1"
"1445","TACCTCGAGACAAGCC-1_1_1"
"1446","TACCTCGAGCCTAACT-1_1_1"
"1447","TACCTCGGTACTCGAT-1_1_1"
"1448","TACCTCGGTCTTCTAT-1_1_1"
"1449","TACCTCGTCAAAGCCT-1_1_1"
"1450","TACCTCGTCAGGAAAT-1_1_1"
"1451","TACCTGCAGGCTTCCG-1_1_1"
"1452","TACGCTCTCTGCTCTG-1_1_1"
"1453","TACGGGCAGCGACTAG-1_1_1"
"1454","TACGGTACAAATACGA-1_1_1"
"1455","TACGGTACATTGTACG-1_1_1"
"1456","TACGTCCCACAGAGAC-1_1_1"
"1457","TACGTCCCATGAATAG-1_1_1"
"1458","TACTGCCAGACGAAGA-1_1_1"
"1459","TACTGCCCAAGTATAG-1_1_1"
"1460","TACTGCCCACATTGTG-1_1_1"
"1461","TACTGCCGTTGCATCA-1_1_1"
"1462","TACTTACCAGGGCTTC-1_1_1"
"1463","TACTTCAAGTAGTCAA-1_1_1"
"1464","TACTTCACAAAGGAGA-1_1_1"
"1465","TACTTCATCTTCCAGC-1_1_1"
"1466","TACTTGTCAGGCTTGC-1_1_1"
"1467","TACTTGTTCGTGTGAT-1_1_1"
"1468","TAGACCAAGAGGTTAT-1_1_1"
"1469","TAGACCACAGTCAGCC-1_1_1"
"1470","TAGACCATCAGCTTGA-1_1_1"
"1471","TAGACCATCAGGTAAA-1_1_1"
"1472","TAGACCATCGAGTCCG-1_1_1"
"1473","TAGACCATCTCGACCT-1_1_1"
"1474","TAGACTGAGTAATACG-1_1_1"
"1475","TAGACTGCAAGAGAGA-1_1_1"
"1476","TAGACTGCATCGCTAA-1_1_1"
"1477","TAGAGTCTCCCGAAAT-1_1_1"
"1478","TAGATCGCACCTTCCA-1_1_1"
"1479","TAGATCGCACGACTAT-1_1_1"
"1480","TAGATCGCATGGACAG-1_1_1"
"1481","TAGATCGTCCGATTAG-1_1_1"
"1482","TAGCACAAGTATGAAC-1_1_1"
"1483","TAGCACACACAATGTC-1_1_1"
"1484","TAGCACAGTACAATAG-1_1_1"
"1485","TAGCACAGTACGTTCA-1_1_1"
"1486","TAGCACATCTATTCGT-1_1_1"
"1487","TAGGAGGAGTATAGGT-1_1_1"
"1488","TAGGAGGGTCCAACGC-1_1_1"
"1489","TAGGGTTCATAGAGGC-1_1_1"
"1490","TAGGGTTGTCGCACAC-1_1_1"
"1491","TAGGGTTTCGGTGTTA-1_1_1"
"1492","TAGGTACCAGATCACT-1_1_1"
"1493","TAGGTACGTGAATATG-1_1_1"
"1494","TAGGTTGAGCATGCGA-1_1_1"
"1495","TAGGTTGAGCGTTCCG-1_1_1"
"1496","TAGGTTGCAAATGGTA-1_1_1"
"1497","TATACCTCATACATCG-1_1_1"
"1498","TATATCCCAAGCACAG-1_1_1"
"1499","TATATCCTCATATGGC-1_1_1"
"1500","TATCAGGCAATCTAGC-1_1_1"
"1501","TATCAGGCACCAGCTG-1_1_1"
"1502","TATCCTAAGCGATGAC-1_1_1"
"1503","TATCCTACAAGCTGTT-1_1_1"
"1504","TATCCTAGTGAGGATC-1_1_1"
"1505","TATCGCCAGATACAGT-1_1_1"
"1506","TATCGCCCATGAATAG-1_1_1"
"1507","TATCGCCGTCCATAGT-1_1_1"
"1508","TATCGCCGTTCGGCCA-1_1_1"
"1509","TATCTGTAGTACAGCG-1_1_1"
"1510","TATCTGTGTACCGTGC-1_1_1"
"1511","TATCTGTGTCAGATTC-1_1_1"
"1512","TATCTGTTCCATCAGA-1_1_1"
"1513","TATCTTGGTCTTGCTC-1_1_1"
"1514","TATCTTGTCTTCGGTC-1_1_1"
"1515","TATGTTCAGGGATCGT-1_1_1"
"1516","TATGTTCGTGGTGATG-1_1_1"
"1517","TATGTTCGTTCGGCCA-1_1_1"
"1518","TATGTTCTCGCGTGAC-1_1_1"
"1519","TATTCCAAGACTACCT-1_1_1"
"1520","TATTCCACAGGACTTT-1_1_1"
"1521","TATTGGGCATTCACAG-1_1_1"
"1522","TCAAGACAGTGTACAA-1_1_1"
"1523","TCAAGCACAAGTCGTT-1_1_1"
"1524","TCAATCTCAAAGGCGT-1_1_1"
"1525","TCAATCTCAGCGGTTC-1_1_1"
"1526","TCAATCTGTATCGCAT-1_1_1"
"1527","TCAATCTGTTTCGTGA-1_1_1"
"1528","TCAATCTTCGACGCTG-1_1_1"
"1529","TCAATTCGTTTCGATG-1_1_1"
"1530","TCACAAGTCGGTGTAT-1_1_1"
"1531","TCACAAGTCGTTCATT-1_1_1"
"1532","TCACACCAGATCCAAA-1_1_1"
"1533","TCACATTAGTTAGTGA-1_1_1"
"1534","TCACATTCAAATCAAG-1_1_1"
"1535","TCACATTCACAATGAA-1_1_1"
"1536","TCACATTGTCTCGCGA-1_1_1"
"1537","TCACGGGAGGCGTCCT-1_1_1"
"1538","TCACTATGTTGCATAC-1_1_1"
"1539","TCACTATTCTGGTGGC-1_1_1"
"1540","TCACTCGAGAACAGGA-1_1_1"
"1541","TCACTCGGTTGAATCC-1_1_1"
"1542","TCAGCAAAGAGAACCC-1_1_1"
"1543","TCAGCAACATCGGCCA-1_1_1"
"1544","TCAGCAAGTTGTGTAC-1_1_1"
"1545","TCAGGGCGTTGCTTGA-1_1_1"
"1546","TCAGGTATCGTTACCC-1_1_1"
"1547","TCAGTCCCAACTCCAA-1_1_1"
"1548","TCAGTCCGTGTGCCTG-1_1_1"
"1549","TCAGTCCTCGATACGT-1_1_1"
"1550","TCAGTGAAGCGAACTG-1_1_1"
"1551","TCAGTGAAGGTTCCAT-1_1_1"
"1552","TCAGTGACAGTATACC-1_1_1"
"1553","TCAGTGATCAACCTCC-1_1_1"
"1554","TCAGTGATCCATCACC-1_1_1"
"1555","TCAGTGATCGGTGTAT-1_1_1"
"1556","TCAGTTTCAGTAACAA-1_1_1"
"1557","TCAGTTTGTGCGGCTT-1_1_1"
"1558","TCAGTTTGTGGAGAAA-1_1_1"
"1559","TCATCATTCCACTAGA-1_1_1"
"1560","TCATCCGTCACGTCCT-1_1_1"
"1561","TCATGAGTCCCGTGTT-1_1_1"
"1562","TCATGCCAGGGTAATT-1_1_1"
"1563","TCATGGAAGCTGGAGT-1_1_1"
"1564","TCATGTTGTTCTCCAC-1_1_1"
"1565","TCATTGTGTATAGGAT-1_1_1"
"1566","TCCACCACAAATGCGG-1_1_1"
"1567","TCCACCAGTGGTCCGT-1_1_1"
"1568","TCCAGAATCGGAATGG-1_1_1"
"1569","TCCAGAATCGGCCTTT-1_1_1"
"1570","TCCATCGAGGCGTCCT-1_1_1"
"1571","TCCATCGAGGTAGATT-1_1_1"
"1572","TCCATCGCAAGATCCT-1_1_1"
"1573","TCCATGCCACGTAGAG-1_1_1"
"1574","TCCATGCCATCTGCGG-1_1_1"
"1575","TCCATGCGTCGCAGTC-1_1_1"
"1576","TCCCACACACGCAAAG-1_1_1"
"1577","TCCCACAGTCTGTGAT-1_1_1"
"1578","TCCCATGGTAGAGATT-1_1_1"
"1579","TCCGAAATCCCGAACG-1_1_1"
"1580","TCCGAAATCTGTGTGA-1_1_1"
"1581","TCCGGGAAGTTGGAGC-1_1_1"
"1582","TCCGGGATCTGAATCG-1_1_1"
"1583","TCCGTGTGTCTTCGAA-1_1_1"
"1584","TCCGTGTTCGACGATT-1_1_1"
"1585","TCCTAATAGGGCAATC-1_1_1"
"1586","TCCTAATTCCGTGTCT-1_1_1"
"1587","TCCTCCCAGACAAGCC-1_1_1"
"1588","TCCTCCCCAAGTATAG-1_1_1"
"1589","TCCTCCCTCGCTAAAC-1_1_1"
"1590","TCCTCGAAGACTGGGT-1_1_1"
"1591","TCCTCGAAGAGCAGAA-1_1_1"
"1592","TCCTCGAAGGTCTACT-1_1_1"
"1593","TCCTCGACAAAGCTCT-1_1_1"
"1594","TCCTCGACACCAAATC-1_1_1"
"1595","TCCTCGAGTTTCCAAG-1_1_1"
"1596","TCCTCTTAGAGGTGCT-1_1_1"
"1597","TCCTCTTGTGGCTTGC-1_1_1"
"1598","TCCTGCAAGCACTTTG-1_1_1"
"1599","TCCTGCAAGGAGATAG-1_1_1"
"1600","TCCTGCATCACTACTT-1_1_1"
"1601","TCCTTCTGTAATGTGA-1_1_1"
"1602","TCCTTTCTCCATGCAA-1_1_1"
"1603","TCGAACAAGTCACTAC-1_1_1"
"1604","TCGAAGTTCAAATGCC-1_1_1"
"1605","TCGAAGTTCTTAGCTT-1_1_1"
"1606","TCGACGGAGACATAAC-1_1_1"
"1607","TCGACGGAGATCCCAT-1_1_1"
"1608","TCGATTTAGCCTAGGA-1_1_1"
"1609","TCGCACTGTCAATCTG-1_1_1"
"1610","TCGCAGGCACAGTCGC-1_1_1"
"1611","TCGCAGGGTCGATTTG-1_1_1"
"1612","TCGCAGGGTGTTCCAA-1_1_1"
"1613","TCGCTCACAAGCGAAC-1_1_1"
"1614","TCGCTCAGTTATGACC-1_1_1"
"1615","TCGCTCATCCACCCTA-1_1_1"
"1616","TCGCTTGCACAGCCTG-1_1_1"
"1617","TCGCTTGGTACAATAG-1_1_1"
"1618","TCGGATAAGGACTGGT-1_1_1"
"1619","TCGGATAGTCATCTAG-1_1_1"
"1620","TCGGATATCGCGGTAC-1_1_1"
"1621","TCGGATATCGGCATTA-1_1_1"
"1622","TCGGGACGTCTATGAC-1_1_1"
"1623","TCGGGACGTGCCGGTT-1_1_1"
"1624","TCGGGACTCAAGAGTA-1_1_1"
"1625","TCGGGCAAGACGTCGA-1_1_1"
"1626","TCGGGCAAGAGCAGAA-1_1_1"
"1627","TCGGGCAAGGACTAAT-1_1_1"
"1628","TCGGGCAGTGTAAACA-1_1_1"
"1629","TCGGGCATCGCATTAG-1_1_1"
"1630","TCGGGTGCATCTCATT-1_1_1"
"1631","TCGGGTGGTAGGCAAC-1_1_1"
"1632","TCGGTCTCATAATCGC-1_1_1"
"1633","TCGTAGACAATCAGCT-1_1_1"
"1634","TCGTAGACAGAACTAA-1_1_1"
"1635","TCGTCCATCCTACGAA-1_1_1"
"1636","TCGTGCTGTCTGTGTA-1_1_1"
"1637","TCGTGCTTCGTAACAC-1_1_1"
"1638","TCGTGCTTCTGTTGGA-1_1_1"
"1639","TCGTGGGCACAGCGCT-1_1_1"
"1640","TCTACATGTGTTCCAA-1_1_1"
"1641","TCTACATTCGCTGCGA-1_1_1"
"1642","TCTACCGGTAACTAAG-1_1_1"
"1643","TCTACCGGTCACTCAA-1_1_1"
"1644","TCTACCGTCACGGGAA-1_1_1"
"1645","TCTACCGTCCAGGACC-1_1_1"
"1646","TCTATACAGGTTGGTG-1_1_1"
"1647","TCTATACGTCTACAAC-1_1_1"
"1648","TCTATCATCAAACTGC-1_1_1"
"1649","TCTCACGCAAGCGAGT-1_1_1"
"1650","TCTCACGCACTATCCC-1_1_1"
"1651","TCTCACGCAGAGTCTT-1_1_1"
"1652","TCTCACGCAGCGTTTA-1_1_1"
"1653","TCTCAGCCAAGAGAGA-1_1_1"
"1654","TCTCAGCCAAGCAGGT-1_1_1"
"1655","TCTCAGCCAAGCCTGC-1_1_1"
"1656","TCTCAGCCAGAGGCTA-1_1_1"
"1657","TCTCTGGAGTGTTGAA-1_1_1"
"1658","TCTCTGGGTACGAGCA-1_1_1"
"1659","TCTCTGGTCCTCACTG-1_1_1"
"1660","TCTCTGGTCTGCTTTA-1_1_1"
"1661","TCTGCCAAGCGAACTG-1_1_1"
"1662","TCTGCCAGTAACAAGT-1_1_1"
"1663","TCTGCCATCCGAGTGC-1_1_1"
"1664","TCTGGCTCAAATCGTC-1_1_1"
"1665","TCTGGCTCACCGTCTT-1_1_1"
"1666","TCTGGCTCAGATGCGA-1_1_1"
"1667","TCTGGCTGTATTGCCA-1_1_1"
"1668","TCTGGCTGTCGAGTTT-1_1_1"
"1669","TCTGGCTGTGATCGTT-1_1_1"
"1670","TCTGGCTTCTATCCAT-1_1_1"
"1671","TCTGTCGGTCCCTCAT-1_1_1"
"1672","TCTGTCGGTTAGGGAC-1_1_1"
"1673","TCTTGCGGTTCTCAGA-1_1_1"
"1674","TCTTGCGTCTAAACGC-1_1_1"
"1675","TCTTTGAAGCTCTGTA-1_1_1"
"1676","TCTTTGAAGGACCCAA-1_1_1"
"1677","TCTTTGACAAATACGA-1_1_1"
"1678","TCTTTGACACAGGATG-1_1_1"
"1679","TCTTTGACATTGAAAG-1_1_1"
"1680","TGAACGTCACAGACGA-1_1_1"
"1681","TGAACGTTCAAGTGTC-1_1_1"
"1682","TGAACGTTCAGTGATC-1_1_1"
"1683","TGAATGCCATACGCAT-1_1_1"
"1684","TGAATGCGTGCTTATG-1_1_1"
"1685","TGAATGCTCTCCTGAC-1_1_1"
"1686","TGACAGTAGCTCGCAC-1_1_1"
"1687","TGACAGTGTACGTACT-1_1_1"
"1688","TGACAGTGTAGCCCTG-1_1_1"
"1689","TGACAGTTCTACACTT-1_1_1"
"1690","TGACCCTAGACGGATC-1_1_1"
"1691","TGACCCTCAATCCTTT-1_1_1"
"1692","TGACCCTGTTAGGGAC-1_1_1"
"1693","TGACGCGCAGCAGATG-1_1_1"
"1694","TGACTCCAGGTCCTGC-1_1_1"
"1695","TGACTCCAGTCCGCGT-1_1_1"
"1696","TGACTCCCAGCAGAAC-1_1_1"
"1697","TGAGACTCACGGTGCT-1_1_1"
"1698","TGAGCATGTACTCGCG-1_1_1"
"1699","TGAGCATGTCCTTAAG-1_1_1"
"1700","TGAGCATGTCGGATTT-1_1_1"
"1701","TGAGCGCAGCACTGGA-1_1_1"
"1702","TGAGCGCAGTTGGAGC-1_1_1"
"1703","TGAGCGCTCGTTATCT-1_1_1"
"1704","TGAGGAGCAGATACCT-1_1_1"
"1705","TGAGGGAAGTAAGAGG-1_1_1"
"1706","TGAGGGAGTGAATTAG-1_1_1"
"1707","TGAGGGATCAATGCAC-1_1_1"
"1708","TGAGGGATCAGACCTA-1_1_1"
"1709","TGAGGGATCGGATAAA-1_1_1"
"1710","TGAGGTTGTTGCAACT-1_1_1"
"1711","TGAGGTTTCTGTGCTC-1_1_1"
"1712","TGAGTCAAGATGCAGC-1_1_1"
"1713","TGAGTCACACAGTGAG-1_1_1"
"1714","TGATCAGGTCTTTCTA-1_1_1"
"1715","TGATCAGGTGAATTGA-1_1_1"
"1716","TGATCAGGTTGTCCCT-1_1_1"
"1717","TGATCAGTCGACTCCT-1_1_1"
"1718","TGATCAGTCGGTGAAG-1_1_1"
"1719","TGATCAGTCTGAGTCA-1_1_1"
"1720","TGATCTTAGGCATCGA-1_1_1"
"1721","TGATGCAGTTAGGCTT-1_1_1"
"1722","TGATGGTAGTTGAAGT-1_1_1"
"1723","TGATGGTCAACGAGGT-1_1_1"
"1724","TGATGGTCACATAACC-1_1_1"
"1725","TGATGGTCATCCTCAC-1_1_1"
"1726","TGCACGGCAGTTAAAG-1_1_1"
"1727","TGCACGGGTAGAGATT-1_1_1"
"1728","TGCACGGTCCCAGTGG-1_1_1"
"1729","TGCACGGTCTTCGATT-1_1_1"
"1730","TGCAGATCACCATATG-1_1_1"
"1731","TGCAGATTCGTAGTGT-1_1_1"
"1732","TGCAGGCGTAGTACGG-1_1_1"
"1733","TGCAGGCTCAAATAGG-1_1_1"
"1734","TGCAGTAGTTAAGACA-1_1_1"
"1735","TGCATGAAGTAGGATT-1_1_1"
"1736","TGCATGACACTGTGTA-1_1_1"
"1737","TGCATGATCCACCCTA-1_1_1"
"1738","TGCCGAGAGCAAGTGC-1_1_1"
"1739","TGCCGAGAGGGATCTG-1_1_1"
"1740","TGCGACGGTCATGGCC-1_1_1"
"1741","TGCGATATCGGAGATG-1_1_1"
"1742","TGCGGCAAGTCCCTAA-1_1_1"
"1743","TGCGGCATCTATCGCC-1_1_1"
"1744","TGCGGCATCTTACTGT-1_1_1"
"1745","TGCGGGTAGAGTATAC-1_1_1"
"1746","TGCGGGTAGCACTGGA-1_1_1"
"1747","TGCGGGTAGTATGGCG-1_1_1"
"1748","TGCGGGTCAATGAAAC-1_1_1"
"1749","TGCGGGTCAGTCAACT-1_1_1"
"1750","TGCGGGTTCGGATAAA-1_1_1"
"1751","TGCTCCAGTACCGGAA-1_1_1"
"1752","TGCTCCAGTTGCATGT-1_1_1"
"1753","TGCTCCATCCATTGGA-1_1_1"
"1754","TGCTCGTAGAGCTGAC-1_1_1"
"1755","TGCTCGTTCTAGATCG-1_1_1"
"1756","TGCTGAACACTTCTCG-1_1_1"
"1757","TGCTGAATCTCCGAGG-1_1_1"
"1758","TGCTTCGAGACACACG-1_1_1"
"1759","TGCTTCGTCTTCTGGC-1_1_1"
"1760","TGCTTGCCACACCAGC-1_1_1"
"1761","TGCTTGCTCTCGGCTT-1_1_1"
"1762","TGGAACTAGTGCCGAA-1_1_1"
"1763","TGGAACTTCTACTATC-1_1_1"
"1764","TGGAGAGAGGCCACCT-1_1_1"
"1765","TGGAGAGCAACTTGGT-1_1_1"
"1766","TGGAGAGCACTGAATC-1_1_1"
"1767","TGGAGAGGTCCCAAAT-1_1_1"
"1768","TGGAGAGGTCTTGAAC-1_1_1"
"1769","TGGAGAGTCCGGTTCT-1_1_1"
"1770","TGGAGGAGTCTCTCAC-1_1_1"
"1771","TGGATCAAGTACGTCT-1_1_1"
"1772","TGGATCATCTGCTGAA-1_1_1"
"1773","TGGATGTAGAAATGGG-1_1_1"
"1774","TGGATGTAGGATAATC-1_1_1"
"1775","TGGATGTCAAGAAACT-1_1_1"
"1776","TGGCGTGAGGCAGGGA-1_1_1"
"1777","TGGCGTGAGGTTCATC-1_1_1"
"1778","TGGGAAGCAGGACAGT-1_1_1"
"1779","TGGGAAGGTATCGTTG-1_1_1"
"1780","TGGGAAGTCATGCGGC-1_1_1"
"1781","TGGGAGACACTACTTT-1_1_1"
"1782","TGGGATTAGGCACAAC-1_1_1"
"1783","TGGGATTTCTCCTGTG-1_1_1"
"1784","TGGGCGTAGGTGATAT-1_1_1"
"1785","TGGGCTGCAAATTGCC-1_1_1"
"1786","TGGGCTGTCGAAACAA-1_1_1"
"1787","TGGGCTGTCGATGCTA-1_1_1"
"1788","TGGGTTACATAGAGGC-1_1_1"
"1789","TGGGTTAGTCTCAGGC-1_1_1"
"1790","TGGTACAGTGTGCTTA-1_1_1"
"1791","TGGTGATAGTGAGTGC-1_1_1"
"1792","TGGTTAGTCAACCTTT-1_1_1"
"1793","TGTAACGGTTTCCATT-1_1_1"
"1794","TGTAAGCAGCCGGATA-1_1_1"
"1795","TGTAAGCCACCTGCTT-1_1_1"
"1796","TGTAAGCCACTGCTTC-1_1_1"
"1797","TGTAAGCGTATTGCCA-1_1_1"
"1798","TGTACAGCAAGGCAAC-1_1_1"
"1799","TGTACAGGTATGCAAA-1_1_1"
"1800","TGTAGACCATCTTAGG-1_1_1"
"1801","TGTCAGATCTTCCGTG-1_1_1"
"1802","TGTCCACCACGACAGA-1_1_1"
"1803","TGTCCCACAAGAGGCT-1_1_1"
"1804","TGTCCCAGTTCCGCGA-1_1_1"
"1805","TGTCCCATCGGATACT-1_1_1"
"1806","TGTGAGTCAACACAAA-1_1_1"
"1807","TGTGAGTTCCGAGGCT-1_1_1"
"1808","TGTGATGGTATCCTCC-1_1_1"
"1809","TGTGATGGTATCGCAT-1_1_1"
"1810","TGTGGCGAGGATATGT-1_1_1"
"1811","TGTGGCGCACAAAGCG-1_1_1"
"1812","TGTGGCGCATTCTCCG-1_1_1"
"1813","TGTGGCGGTGGCTAGA-1_1_1"
"1814","TGTGTGATCGACCATA-1_1_1"
"1815","TGTTACTGTCTAACTG-1_1_1"
"1816","TGTTCATCATGGATCT-1_1_1"
"1817","TGTTCCGTCGGAAACG-1_1_1"
"1818","TGTTCCGTCTCCCAAC-1_1_1"
"1819","TGTTCCGTCTCTAAGG-1_1_1"
"1820","TGTTCTAAGTTGTCAC-1_1_1"
"1821","TGTTCTAGTTCGGCCA-1_1_1"
"1822","TGTTCTATCGCTGATA-1_1_1"
"1823","TGTTCTATCGTCAAAC-1_1_1"
"1824","TGTTGGAAGGAAAGTG-1_1_1"
"1825","TGTTGGAGTTCGGGTC-1_1_1"
"1826","TGTTGGATCTGTCGTC-1_1_1"
"1827","TGTTTGTAGAAACACT-1_1_1"
"1828","TTAATCCGTGCCTAAT-1_1_1"
"1829","TTACCATAGCAATTCC-1_1_1"
"1830","TTACCATAGTGCGACA-1_1_1"
"1831","TTACCATCAACGTTAC-1_1_1"
"1832","TTACCATGTACCAGAG-1_1_1"
"1833","TTACCGCGTACTCGAT-1_1_1"
"1834","TTACGTTCATAGACTC-1_1_1"
"1835","TTACGTTGTGAGTAGC-1_1_1"
"1836","TTACTGTCATGCTGCG-1_1_1"
"1837","TTAGGCAAGAGTTGCG-1_1_1"
"1838","TTAGGCACAGGTTCGC-1_1_1"
"1839","TTAGGGTCACCGCTAG-1_1_1"
"1840","TTAGTCTAGCACTCTA-1_1_1"
"1841","TTAGTCTTCATGAGTC-1_1_1"
"1842","TTATTGCGTTGTACGT-1_1_1"
"1843","TTCAATCCACGCTGTG-1_1_1"
"1844","TTCAATCGTCTTTATC-1_1_1"
"1845","TTCAATCGTGTCTTGA-1_1_1"
"1846","TTCACCGAGGCACTCC-1_1_1"
"1847","TTCACCGCATCGCTCT-1_1_1"
"1848","TTCACGCAGTCGAAAT-1_1_1"
"1849","TTCACGCGTCTAATCG-1_1_1"
"1850","TTCAGGAAGGAGCTGT-1_1_1"
"1851","TTCAGGAAGTAGTGCG-1_1_1"
"1852","TTCAGGATCGACCCAG-1_1_1"
"1853","TTCATTGAGAATTTGG-1_1_1"
"1854","TTCATTGAGGGAGGTG-1_1_1"
"1855","TTCATTGTCATGAGGG-1_1_1"
"1856","TTCCAATTCGCGAAGA-1_1_1"
"1857","TTCCAATTCTGGACTA-1_1_1"
"1858","TTCCACGAGGTTCTAC-1_1_1"
"1859","TTCCACGGTAAGGAGA-1_1_1"
"1860","TTCCGGTCAACGTTAC-1_1_1"
"1861","TTCCGTGGTAGACAAT-1_1_1"
"1862","TTCCTAAAGAATCGTA-1_1_1"
"1863","TTCCTAACACTCACTC-1_1_1"
"1864","TTCCTAATCCCTTGGT-1_1_1"
"1865","TTCCTTCCAGTGGTGA-1_1_1"
"1866","TTCCTTCGTGCACAAG-1_1_1"
"1867","TTCGATTAGAGGTTTA-1_1_1"
"1868","TTCGCTGCAGTCCCGA-1_1_1"
"1869","TTCGCTGGTAGTCTTG-1_1_1"
"1870","TTCGGTCGTAACTGCT-1_1_1"
"1871","TTCGGTCGTAGGTAGC-1_1_1"
"1872","TTCGGTCTCTTTGCGC-1_1_1"
"1873","TTCTAGTAGGAGAATG-1_1_1"
"1874","TTCTAGTCAAAGAACT-1_1_1"
"1875","TTCTCTCCATATTCGG-1_1_1"
"1876","TTCTCTCGTATGACAA-1_1_1"
"1877","TTCTCTCTCGTGGGTC-1_1_1"
"1878","TTCTGTAGTCGTGTTA-1_1_1"
"1879","TTCTTCCTCGCCTAGG-1_1_1"
"1880","TTCTTGAAGCGCCTCA-1_1_1"
"1881","TTGAACGAGCGATGAC-1_1_1"
"1882","TTGAACGGTACTCCCT-1_1_1"
"1883","TTGACCCAGGCCACCT-1_1_1"
"1884","TTGACCCAGGGTACGT-1_1_1"
"1885","TTGACCCCATTGTCGA-1_1_1"
"1886","TTGACCCTCCATGATG-1_1_1"
"1887","TTGAGTGAGAGGTATT-1_1_1"
"1888","TTGAGTGCAATACGCT-1_1_1"
"1889","TTGCATTAGCGCCATC-1_1_1"
"1890","TTGCCTGAGACGCATG-1_1_1"
"1891","TTGCCTGCACCCAACG-1_1_1"
"1892","TTGCCTGGTTGCATCA-1_1_1"
"1893","TTGCGTCAGGAATGTT-1_1_1"
"1894","TTGCGTCAGTTACGTC-1_1_1"
"1895","TTGCGTCTCGTGGCGT-1_1_1"
"1896","TTGGATGCAAGAGTTA-1_1_1"
"1897","TTGGATGGTTGTGTAC-1_1_1"
"1898","TTGGGATGTGAGCGAT-1_1_1"
"1899","TTGGGTAGTAGCCCTG-1_1_1"
"1900","TTGGGTAGTCGAAACG-1_1_1"
"1901","TTGGGTATCAATCGGT-1_1_1"
"1902","TTGGTTTAGGGTATAT-1_1_1"
"1903","TTGGTTTCAGTCAGCC-1_1_1"
"1904","TTGGTTTGTATCAGCT-1_1_1"
"1905","TTGGTTTTCGTAGCTA-1_1_1"
"1906","TTGTGGATCTCCTGTG-1_1_1"
"1907","TTGTGTTGTATGCTAC-1_1_1"
"1908","TTGTTCAAGAGAGAAC-1_1_1"
"1909","TTGTTCACAACTCGTA-1_1_1"
"1910","TTGTTCAGTGTCGCTG-1_1_1"
"1911","TTGTTCATCCAACTGA-1_1_1"
"1912","TTGTTCATCTTAGGAC-1_1_1"
"1913","TTGTTTGCAGGCAATG-1_1_1"
"1914","TTGTTTGTCCATACTT-1_1_1"
"1915","TTTACCAAGCCATTGT-1_1_1"
"1916","TTTACCAAGGTAAGAG-1_1_1"
"1917","TTTACCACAAAGCACG-1_1_1"
"1918","TTTACGTGTCATCCCT-1_1_1"
"1919","TTTATGCCAGGAATAT-1_1_1"
"1920","TTTCACAAGATGCGAC-1_1_1"
"1921","TTTCACAGTCGGCTAC-1_1_1"
"1922","TTTCACATCGCGTAGC-1_1_1"
"1923","TTTCACATCTCGCTTG-1_1_1"
"1924","TTTCATGGTGGCCTCA-1_1_1"
"1925","TTTCCTCTCATTGCCC-1_1_1"
"1926","TTTCGATGTAGGCTCC-1_1_1"
"1927","TTTGACTAGCTGTGCC-1_1_1"
"1928","TTTGACTGTGTTAGCT-1_1_1"
"1929","TTTGATCAGCACCAGA-1_1_1"
"1930","TTTGATCCAATCTAGC-1_1_1"
"1931","TTTGGAGGTATCGTTG-1_1_1"
"1932","TTTGGTTAGGCACCAA-1_1_1"
"1933","TTTGGTTAGGTAGATT-1_1_1"
"1934","TTTGGTTCAGCGTATT-1_1_1"
"1935","TTTGGTTGTATACAGA-1_1_1"
"1936","TTTGGTTTCTGCTCTG-1_1_1"
"1937","TTTGTTGTCGCAATTG-1_1_1"
