"","x"
"1","AAACGCTGTATCAGGG-1_4_2"
"2","AAAGGGCCACAGTCGC-1_4_2"
"3","AAAGGGCGTACCTTCC-1_4_2"
"4","AAAGTGACAGCGGTCT-1_4_2"
"5","AAAGTGACAGTAGAGC-1_4_2"
"6","AAATGGAGTGAGTTGG-1_4_2"
"7","AACAAAGCACGTGAGA-1_4_2"
"8","AACAAAGGTCCTCAGG-1_4_2"
"9","AACAACCCAGCGTATT-1_4_2"
"10","AACAAGATCCTGTAGA-1_4_2"
"11","AACAAGATCCTTGACC-1_4_2"
"12","AACACACAGGGCTGAT-1_4_2"
"13","AACAGGGAGCGATCGA-1_4_2"
"14","AACAGGGAGGCTGTAG-1_4_2"
"15","AACCAACTCTACCTTA-1_4_2"
"16","AACCCAACAGATCCTA-1_4_2"
"17","AACCTGAAGATTGATG-1_4_2"
"18","AACCTTTCACTCTCGT-1_4_2"
"19","AACCTTTGTCGACTTA-1_4_2"
"20","AACTTCTGTCGTCATA-1_4_2"
"21","AAGACAACATCAACCA-1_4_2"
"22","AAGACTCTCGGTCATA-1_4_2"
"23","AAGCCATAGACCAAAT-1_4_2"
"24","AAGCCATCAAACACGG-1_4_2"
"25","AAGCGAGGTACTCGCG-1_4_2"
"26","AAGCGAGGTCGACGCT-1_4_2"
"27","AAGGAATAGGGCATGT-1_4_2"
"28","AAGTTCGCACTAACGT-1_4_2"
"29","AAGTTCGTCCCTCGAT-1_4_2"
"30","AATAGAGGTGGATGAC-1_4_2"
"31","AATCGACGTACTTGTG-1_4_2"
"32","AATCGTGTCAGGGATG-1_4_2"
"33","AATGAAGAGTAAGACT-1_4_2"
"34","AATGACCTCCAGTGTA-1_4_2"
"35","AATGGAACAATCGCCG-1_4_2"
"36","AATGGAAGTTTGAACC-1_4_2"
"37","AATGGAATCAGCATTG-1_4_2"
"38","AATGGCTCACAAATAG-1_4_2"
"39","ACAAAGATCGAAGCAG-1_4_2"
"40","ACAACCAAGCCGATAG-1_4_2"
"41","ACAACCAGTGGACCAA-1_4_2"
"42","ACAACCATCAGAGTGG-1_4_2"
"43","ACACAGTGTATCCTCC-1_4_2"
"44","ACACCAATCCCTTGGT-1_4_2"
"45","ACAGAAACACTGTCGG-1_4_2"
"46","ACAGGGAGTTTGAAAG-1_4_2"
"47","ACATTTCGTTTGCCGG-1_4_2"
"48","ACCAAACGTTATTCCT-1_4_2"
"49","ACCAACAGTATCCCAA-1_4_2"
"50","ACCATTTCACGTCGGT-1_4_2"
"51","ACCATTTCATCTAGAC-1_4_2"
"52","ACCATTTGTAACCAGG-1_4_2"
"53","ACCCAAAGTAGGCAAC-1_4_2"
"54","ACCCAAAGTCGTGTTA-1_4_2"
"55","ACCCTCATCAAACGTC-1_4_2"
"56","ACCCTCATCGGTCAGC-1_4_2"
"57","ACCCTTGGTCTGTGCG-1_4_2"
"58","ACCGTTCCAGGCTTGC-1_4_2"
"59","ACCTGAACACTGGATT-1_4_2"
"60","ACCTGAACAGGATGAC-1_4_2"
"61","ACGATCACATATACCG-1_4_2"
"62","ACGATGTAGGTAGGCT-1_4_2"
"63","ACGGAAGAGTATGAGT-1_4_2"
"64","ACGGAAGCAACATACC-1_4_2"
"65","ACGGAAGTCTGGGATT-1_4_2"
"66","ACGGTCGAGTATTAGG-1_4_2"
"67","ACGGTCGGTCGACTGC-1_4_2"
"68","ACGGTTACAGACCAGA-1_4_2"
"69","ACGTACACACAGAGAC-1_4_2"
"70","ACGTCCTCATGACAAA-1_4_2"
"71","ACTACGAAGCTTCTAG-1_4_2"
"72","ACTATCTCAGGATTCT-1_4_2"
"73","ACTATTCCAGCGTTGC-1_4_2"
"74","ACTATTCTCATCGTAG-1_4_2"
"75","ACTCCCACATCTCAAG-1_4_2"
"76","ACTGCAACAATAGTGA-1_4_2"
"77","ACTGTCCCAGCGAGTA-1_4_2"
"78","ACTTATCTCGAGATAA-1_4_2"
"79","ACTTCCGCAATCGCCG-1_4_2"
"80","ACTTCCGTCCGACAGC-1_4_2"
"81","ACTTCGCCAAAGCGTG-1_4_2"
"82","ACTTCGCGTCATCGGC-1_4_2"
"83","ACTTTCAAGGGCTTCC-1_4_2"
"84","ACTTTCACAGTGGCTC-1_4_2"
"85","ACTTTGTCAAACCACT-1_4_2"
"86","ACTTTGTCAAACGGCA-1_4_2"
"87","AGAACAACAAGAAATC-1_4_2"
"88","AGACACTAGCAATAGT-1_4_2"
"89","AGACCCGAGGTGAGAA-1_4_2"
"90","AGACTCAAGCCGTCGT-1_4_2"
"91","AGACTCACATACAGAA-1_4_2"
"92","AGAGAGCGTGGCCCAT-1_4_2"
"93","AGAGAGCTCTAAGCCA-1_4_2"
"94","AGAGCAGTCTTCGTGC-1_4_2"
"95","AGATAGAGTTCCCACT-1_4_2"
"96","AGATCCAAGGGCGAAG-1_4_2"
"97","AGATCGTAGTGGATAT-1_4_2"
"98","AGATGCTAGTAATCCC-1_4_2"
"99","AGATGCTCAGACAAGC-1_4_2"
"100","AGCATCAGTACACGTT-1_4_2"
"101","AGCCACGCAATTTCCT-1_4_2"
"102","AGCCACGGTGTCCGGT-1_4_2"
"103","AGCCAGCGTACGACTT-1_4_2"
"104","AGCGATTTCGTTCCCA-1_4_2"
"105","AGCGCTGGTATTCTCT-1_4_2"
"106","AGCGTCGTCGCAATTG-1_4_2"
"107","AGGAAATAGTCGTTAC-1_4_2"
"108","AGGACTTGTAACGCGA-1_4_2"
"109","AGGCATTAGCTGGCCT-1_4_2"
"110","AGGCATTGTTAGAAAC-1_4_2"
"111","AGGCTGCTCTTTGCGC-1_4_2"
"112","AGGGAGTTCGCACGGT-1_4_2"
"113","AGGGCCTTCCTAGCGG-1_4_2"
"114","AGGGCTCAGGACAAGA-1_4_2"
"115","AGGGCTCAGGCTGAAC-1_4_2"
"116","AGGGCTCCAGCGATTT-1_4_2"
"117","AGGGCTCCATATCGGT-1_4_2"
"118","AGGGCTCGTCGGTGTC-1_4_2"
"119","AGGGTCCAGCCTGGAA-1_4_2"
"120","AGGGTCCAGGAAACGA-1_4_2"
"121","AGGGTGACAGTAACAA-1_4_2"
"122","AGGGTTTAGGTTGCCC-1_4_2"
"123","AGGTAGGGTAGATTGA-1_4_2"
"124","AGGTCTAAGAGAAGGT-1_4_2"
"125","AGGTGTTGTTAGAAGT-1_4_2"
"126","AGGTGTTTCGATCCAA-1_4_2"
"127","AGGTTACGTCGTTATG-1_4_2"
"128","AGTAACCGTTACCCAA-1_4_2"
"129","AGTAACCTCGGCTTCT-1_4_2"
"130","AGTACCACATCTTTCA-1_4_2"
"131","AGTACCACATGATAGA-1_4_2"
"132","AGTACCATCCTCACGT-1_4_2"
"133","AGTAGCTAGCTCCGAC-1_4_2"
"134","AGTAGCTTCGTGTTCC-1_4_2"
"135","AGTAGTCTCACCGGGT-1_4_2"
"136","AGTCAACAGAGGACTC-1_4_2"
"137","AGTCAACGTTCCATTT-1_4_2"
"138","AGTCATGAGAAGGTAG-1_4_2"
"139","AGTCATGCATCGAAGG-1_4_2"
"140","AGTCATGTCCTAAACG-1_4_2"
"141","AGTGATCGTATGCTAC-1_4_2"
"142","AGTGATCTCCTCTTTC-1_4_2"
"143","AGTGCCGGTATCGTGT-1_4_2"
"144","AGTGTTGTCCATACTT-1_4_2"
"145","AGTTAGCCAGGAGGAG-1_4_2"
"146","AGTTAGCCATGGGTTT-1_4_2"
"147","AGTTCGAGTAGTGCGA-1_4_2"
"148","ATACCTTCACTATCCC-1_4_2"
"149","ATAGACCTCAGCGCGT-1_4_2"
"150","ATAGAGAAGGTTTGAA-1_4_2"
"151","ATAGAGACAAATGAGT-1_4_2"
"152","ATAGGCTAGCCTTCTC-1_4_2"
"153","ATCACAGTCCGATGCG-1_4_2"
"154","ATCACTTAGGAGTACC-1_4_2"
"155","ATCACTTTCACGGTCG-1_4_2"
"156","ATCAGGTCACCGAATT-1_4_2"
"157","ATCAGGTGTCATTCCC-1_4_2"
"158","ATCCACCCAGATTAAG-1_4_2"
"159","ATCCATTTCTCCGAAA-1_4_2"
"160","ATCCGTCAGCGACTAG-1_4_2"
"161","ATCCGTCAGTCATTGC-1_4_2"
"162","ATCGATGCAGCTAACT-1_4_2"
"163","ATCGCCTAGCGCAATG-1_4_2"
"164","ATCGGATAGTAGTCCT-1_4_2"
"165","ATCGGCGAGACTCTTG-1_4_2"
"166","ATCGGCGCAACTCCCT-1_4_2"
"167","ATCGTAGAGCGATCGA-1_4_2"
"168","ATCGTAGCACCGTCTT-1_4_2"
"169","ATCGTCCTCATTCTTG-1_4_2"
"170","ATCTCTAGTTCAAGTC-1_4_2"
"171","ATCTTCAAGCCAAGGT-1_4_2"
"172","ATCTTCACAAAGGGCT-1_4_2"
"173","ATCTTCAGTCAGTTTG-1_4_2"
"174","ATCTTCATCTCGAACA-1_4_2"
"175","ATGAAAGGTAGCCAGA-1_4_2"
"176","ATGAGTCGTCTTTATC-1_4_2"
"177","ATGATCGAGATGACAT-1_4_2"
"178","ATGATCGAGGGTAGCT-1_4_2"
"179","ATGCCTCCAAGTATAG-1_4_2"
"180","ATGCCTCCACGTGAGA-1_4_2"
"181","ATGCGATCATCCGAAT-1_4_2"
"182","ATGGATCCATGTTTGG-1_4_2"
"183","ATGGATCTCTGCGTCT-1_4_2"
"184","ATGGGTTTCGTTAGTG-1_4_2"
"185","ATGGTTGAGCCTCATA-1_4_2"
"186","ATGTCTTAGTGCGACA-1_4_2"
"187","ATGTCTTTCCGACATA-1_4_2"
"188","ATTACTCGTTCAGTAC-1_4_2"
"189","ATTACTCTCTTCCACG-1_4_2"
"190","ATTATCCTCTCGCTCA-1_4_2"
"191","ATTCACTAGGCTATCT-1_4_2"
"192","ATTCAGGTCTGGCCTT-1_4_2"
"193","ATTCATCCAGGACTAG-1_4_2"
"194","ATTCCATGTCAGTCTA-1_4_2"
"195","ATTCCATGTTGCTCCT-1_4_2"
"196","ATTCTACAGGATTTGA-1_4_2"
"197","ATTCTTGGTGGTCTCG-1_4_2"
"198","ATTGTTCCACTTGTCC-1_4_2"
"199","ATTGTTCGTAGACACG-1_4_2"
"200","ATTTACCGTTCGATTG-1_4_2"
"201","ATTTCTGCACGTTCGG-1_4_2"
"202","ATTTCTGCACTGGAAG-1_4_2"
"203","CAAAGAACAGCGTACC-1_4_2"
"204","CAAAGAACATCGCTCT-1_4_2"
"205","CAACCTCCAAGAAATC-1_4_2"
"206","CAACGATAGGGCAATC-1_4_2"
"207","CAACGATAGGGCAGTT-1_4_2"
"208","CAACGATTCGCAACAT-1_4_2"
"209","CAAGACTAGACAGCTG-1_4_2"
"210","CAAGACTAGCCGTAAG-1_4_2"
"211","CAATGACAGGACTATA-1_4_2"
"212","CAATGACAGGCACAAC-1_4_2"
"213","CAATGACGTGGCTTGC-1_4_2"
"214","CAATTTCAGACGATAT-1_4_2"
"215","CAATTTCCAGCAGTAG-1_4_2"
"216","CAATTTCGTATCTCTT-1_4_2"
"217","CACACAAGTACCTTCC-1_4_2"
"218","CACAGATTCGGTTAGT-1_4_2"
"219","CACCAAATCAGCGCGT-1_4_2"
"220","CACCAAATCCCACAGG-1_4_2"
"221","CACGGGTGTATGCAAA-1_4_2"
"222","CACTAAGCACGGCCAT-1_4_2"
"223","CACTGTCTCTACGGTA-1_4_2"
"224","CACTTCGAGAGAGGTA-1_4_2"
"225","CACTTCGAGCTGTGCC-1_4_2"
"226","CAGATTGGTGTAAATG-1_4_2"
"227","CAGCACGGTCGAGCAA-1_4_2"
"228","CAGCACGTCACTGGGC-1_4_2"
"229","CAGCAGCAGTTACGTC-1_4_2"
"230","CAGCCAGGTGGTCTTA-1_4_2"
"231","CAGGGCTCATTAAAGG-1_4_2"
"232","CAGGTATAGAAATGGG-1_4_2"
"233","CAGTTAGCAGTGCGCT-1_4_2"
"234","CAGTTAGGTGAGCGAT-1_4_2"
"235","CATAAGCAGCGAAACC-1_4_2"
"236","CATACAGGTGTAAATG-1_4_2"
"237","CATACCCGTTAGAGTA-1_4_2"
"238","CATACTTCAGCGCTTG-1_4_2"
"239","CATAGACGTGAGTGAC-1_4_2"
"240","CATCCACTCCTCTAAT-1_4_2"
"241","CATCCCACATGGCTAT-1_4_2"
"242","CATCCGTCAAAGCTAA-1_4_2"
"243","CATCGCTAGAATTGTG-1_4_2"
"244","CATCGGGCAACAGAGC-1_4_2"
"245","CATCGGGCACGGCTAC-1_4_2"
"246","CATGAGTAGTCACAGG-1_4_2"
"247","CATGCAAGTGCCGTTG-1_4_2"
"248","CATGCCTGTAGCTAAA-1_4_2"
"249","CATGCCTTCCCGTGAG-1_4_2"
"250","CATGCGGCACATGGTT-1_4_2"
"251","CATGCGGTCATCTACT-1_4_2"
"252","CATGCTCAGAATTGTG-1_4_2"
"253","CATGCTCTCAACTACG-1_4_2"
"254","CATGGATTCGGAGCAA-1_4_2"
"255","CATGGTACACTAAACC-1_4_2"
"256","CATTCCGGTACCGCGT-1_4_2"
"257","CATTCTAGTGAGCCAA-1_4_2"
"258","CATTCTATCTGAGTCA-1_4_2"
"259","CATTGAGTCTTCGACC-1_4_2"
"260","CATTGCCCAGAACTCT-1_4_2"
"261","CATTGCCCAGCATTGT-1_4_2"
"262","CATTGCCTCGTAGGAG-1_4_2"
"263","CATTTCATCCACGGAC-1_4_2"
"264","CCAAGCGAGAGTCCGA-1_4_2"
"265","CCAATTTAGCGTTGTT-1_4_2"
"266","CCAATTTCAGAACTAA-1_4_2"
"267","CCACACTTCGACGCTG-1_4_2"
"268","CCACGAGCATGTCAGT-1_4_2"
"269","CCCTCTCTCTTCTGGC-1_4_2"
"270","CCCTGATCACGCAGTC-1_4_2"
"271","CCCTTAGGTGTGTACT-1_4_2"
"272","CCGAACGCATGAAGCG-1_4_2"
"273","CCGCAAGCATGAGATA-1_4_2"
"274","CCGCAAGGTTTCCATT-1_4_2"
"275","CCGGACAGTCGATGCC-1_4_2"
"276","CCGGGTAAGCCGCTTG-1_4_2"
"277","CCGGGTAGTAGCGTCC-1_4_2"
"278","CCGGTAGCATGGAAGC-1_4_2"
"279","CCGGTAGGTAACATGA-1_4_2"
"280","CCGGTGAGTAGTTCCA-1_4_2"
"281","CCGGTGAGTTCGTAAC-1_4_2"
"282","CCGGTGATCACGTCCT-1_4_2"
"283","CCGGTGATCGAGAAAT-1_4_2"
"284","CCGTAGGGTTGTCCCT-1_4_2"
"285","CCGTGAGAGGCATGCA-1_4_2"
"286","CCGTTCAAGCCATGCC-1_4_2"
"287","CCGTTCACAGCTTCGG-1_4_2"
"288","CCGTTCAGTCGCCTAG-1_4_2"
"289","CCGTTCAGTGAGTCAG-1_4_2"
"290","CCTAAGACAATCGCAT-1_4_2"
"291","CCTACGTAGAATAGTC-1_4_2"
"292","CCTCACAGTGGCTGCT-1_4_2"
"293","CCTCAGTAGGGTTAAT-1_4_2"
"294","CCTCAGTTCGTAGCTA-1_4_2"
"295","CCTCATGCAATGTCAC-1_4_2"
"296","CCTCATGGTAGTGCGA-1_4_2"
"297","CCTCCAATCGGTGTTA-1_4_2"
"298","CCTCTCCGTTTAGAGA-1_4_2"
"299","CCTCTCCTCATCACCC-1_4_2"
"300","CCTGCATCACGTCATA-1_4_2"
"301","CCTGCATCAGCTGTGC-1_4_2"
"302","CCTTCAGTCTGGAGAG-1_4_2"
"303","CCTTGTGCACTTTAGG-1_4_2"
"304","CGAAGTTAGAGGTATT-1_4_2"
"305","CGAATTGAGAGGCTGT-1_4_2"
"306","CGAATTGAGCTCAGAG-1_4_2"
"307","CGAATTGTCGTAGGAG-1_4_2"
"308","CGATCGGAGGAACGTC-1_4_2"
"309","CGATGCGGTATGCTTG-1_4_2"
"310","CGATGGCGTCCACATA-1_4_2"
"311","CGCATGGCATAGTCAC-1_4_2"
"312","CGCCAGACAACACGAG-1_4_2"
"313","CGCCAGATCCATTGGA-1_4_2"
"314","CGCGTGACAGAGGTTG-1_4_2"
"315","CGCGTGATCCGTGACG-1_4_2"
"316","CGGAACCAGAACCCGA-1_4_2"
"317","CGGAACCGTGCTGTCG-1_4_2"
"318","CGGACACAGTTCCAGT-1_4_2"
"319","CGGACACCATCAGCGC-1_4_2"
"320","CGGACACGTCAGATTC-1_4_2"
"321","CGGACACGTCCCTGAG-1_4_2"
"322","CGGAGAATCTTGGGCG-1_4_2"
"323","CGGGACTCACTCAGAT-1_4_2"
"324","CGGGTCACAGAGTAAT-1_4_2"
"325","CGGGTCATCAGGAACG-1_4_2"
"326","CGGTCAGAGTTTCGAC-1_4_2"
"327","CGTAATGAGAGTCACG-1_4_2"
"328","CGTAATGTCTGAATCG-1_4_2"
"329","CGTAGTAAGACTTCGT-1_4_2"
"330","CGTCAAAAGTTGGAAT-1_4_2"
"331","CGTGATAGTTCAACGT-1_4_2"
"332","CGTTCTGCAATAACCC-1_4_2"
"333","CGTTCTGTCACATACG-1_4_2"
"334","CTAACCCAGGAATGTT-1_4_2"
"335","CTAACCCGTTCCTAGA-1_4_2"
"336","CTACGGGGTTGCTCAA-1_4_2"
"337","CTACTATGTACGGTTT-1_4_2"
"338","CTAGACAAGTTGGCTT-1_4_2"
"339","CTAGACACACCCGTAG-1_4_2"
"340","CTAGGTAGTGGACTGA-1_4_2"
"341","CTAGGTAGTTCGGCTG-1_4_2"
"342","CTAGGTATCAGCACCG-1_4_2"
"343","CTATAGGGTCCGGTGT-1_4_2"
"344","CTCAAGAAGGGTAGCT-1_4_2"
"345","CTCAAGACATGCCGCA-1_4_2"
"346","CTCAAGAGTCGAAACG-1_4_2"
"347","CTCAATTCACGGGCTT-1_4_2"
"348","CTCAGGGAGCCGTCGT-1_4_2"
"349","CTCAGGGCACAGCTTA-1_4_2"
"350","CTCAGTCAGAGGTCAC-1_4_2"
"351","CTCAGTCGTTTCTTAC-1_4_2"
"352","CTCATCGAGGTCACCC-1_4_2"
"353","CTCATCGTCTACAGGT-1_4_2"
"354","CTCATGCAGACGGATC-1_4_2"
"355","CTCATGCTCTCAAAGC-1_4_2"
"356","CTCCACAAGCAACAAT-1_4_2"
"357","CTCCATGGTGGGATTG-1_4_2"
"358","CTCCGATCATAGGAGC-1_4_2"
"359","CTCCTCCAGGCAGGTT-1_4_2"
"360","CTCCTCCCATCGAAGG-1_4_2"
"361","CTCCTCCGTTTGGAGG-1_4_2"
"362","CTCTCGATCAAACCTG-1_4_2"
"363","CTCTGGTAGGCGACAT-1_4_2"
"364","CTCTGGTGTACGCTTA-1_4_2"
"365","CTCTGGTTCTGTTGGA-1_4_2"
"366","CTGAATGTCCCGTAAA-1_4_2"
"367","CTGAGGCAGAGTACCG-1_4_2"
"368","CTGATCCAGCTGAAAT-1_4_2"
"369","CTGCATCAGGCTCAAG-1_4_2"
"370","CTGCATCCATGGCTGC-1_4_2"
"371","CTGCATCGTCTGCGCA-1_4_2"
"372","CTGCATCTCAAGCCGC-1_4_2"
"373","CTGCCTACAAGAAATC-1_4_2"
"374","CTGCGAGTCGCTACAA-1_4_2"
"375","CTGGACGGTCTAACTG-1_4_2"
"376","CTGGACGTCGTGGTAT-1_4_2"
"377","CTGGACGTCTAGCCAA-1_4_2"
"378","CTGGCAGCACAAAGTA-1_4_2"
"379","CTGGTCTAGTCCGCCA-1_4_2"
"380","CTGGTCTCAAATGCTC-1_4_2"
"381","CTGGTCTCAGGTTACT-1_4_2"
"382","CTGTACCTCTGAATGC-1_4_2"
"383","CTGTAGATCAACGAGG-1_4_2"
"384","CTGTATTGTCTCCTGT-1_4_2"
"385","CTGTCGTCATCACGGC-1_4_2"
"386","CTGTGAACAAGACGAC-1_4_2"
"387","CTGTGGGTCATTGTTC-1_4_2"
"388","CTTACCGAGAGAGGTA-1_4_2"
"389","CTTCAATGTGCCCGTA-1_4_2"
"390","CTTCCGAGTCTTAGTG-1_4_2"
"391","CTTCGGTAGCTGTTCA-1_4_2"
"392","CTTCGGTGTAGTACGG-1_4_2"
"393","CTTCGGTGTCCGTACG-1_4_2"
"394","CTTCGGTGTGGGAGAG-1_4_2"
"395","CTTCTAAGTAACATCC-1_4_2"
"396","CTTCTAATCCGATAAC-1_4_2"
"397","CTTCTAATCGCGGTAC-1_4_2"
"398","CTTCTCTTCTTCTTCC-1_4_2"
"399","CTTGATTTCACTGAAC-1_4_2"
"400","CTTTCGGCACATTCTT-1_4_2"
"401","CTTTCGGGTAAGTTAG-1_4_2"
"402","GAAACCTAGCATAGGC-1_4_2"
"403","GAAACCTTCACGACTA-1_4_2"
"404","GAAATGAGTGGCACTC-1_4_2"
"405","GAAATGAGTTGTAAAG-1_4_2"
"406","GAAATGAGTTGTGGAG-1_4_2"
"407","GAAATGATCAATCTCT-1_4_2"
"408","GAAGAATTCTCCGAGG-1_4_2"
"409","GAAGCGAGTTCCGTTC-1_4_2"
"410","GAAGGGTCAGGAATAT-1_4_2"
"411","GAAGTAAGTCTGTAGT-1_4_2"
"412","GAAGTAATCCGTCCTA-1_4_2"
"413","GAATAGAGTCACATTG-1_4_2"
"414","GACACGCAGCCGTTGC-1_4_2"
"415","GACACGCAGTTCCGTA-1_4_2"
"416","GACCCTTTCAAGGACG-1_4_2"
"417","GACCGTGAGCAGTCTT-1_4_2"
"418","GACGTTACACTTGTGA-1_4_2"
"419","GACGTTACATCACGGC-1_4_2"
"420","GACGTTATCAACTGAC-1_4_2"
"421","GACTATGGTCAATCTG-1_4_2"
"422","GACTATGGTGAGCAGT-1_4_2"
"423","GACTATGGTGTGACCC-1_4_2"
"424","GACTTCCCACTTCCTG-1_4_2"
"425","GACTTCCTCGAATGCT-1_4_2"
"426","GAGACTTAGGGTAATT-1_4_2"
"427","GAGCCTGAGAGAAGGT-1_4_2"
"428","GAGCCTGCAGCGAGTA-1_4_2"
"429","GAGGCAAAGTGGTGGT-1_4_2"
"430","GAGGCAATCCATCGTC-1_4_2"
"431","GAGGGATCAGGAGGTT-1_4_2"
"432","GAGGGATGTTTCGTAG-1_4_2"
"433","GAGGGTACACAAATCC-1_4_2"
"434","GAGGGTAGTGGTAACG-1_4_2"
"435","GAGTCATAGAAAGCGA-1_4_2"
"436","GAGTCATGTCCTGAAT-1_4_2"
"437","GAGTGAGCACAAGGTG-1_4_2"
"438","GAGTGTTAGCTTCGTA-1_4_2"
"439","GAGTGTTCACCCAAGC-1_4_2"
"440","GAGTGTTGTCACGCTG-1_4_2"
"441","GAGTGTTGTTCGCGTG-1_4_2"
"442","GAGTTACCATGTGACT-1_4_2"
"443","GATCACATCGGAATTC-1_4_2"
"444","GATCAGTTCGCTGACG-1_4_2"
"445","GATCATGAGACCAAAT-1_4_2"
"446","GATCATGTCCCACAGG-1_4_2"
"447","GATCCCTTCATGCCCT-1_4_2"
"448","GATCCCTTCCAGCCTT-1_4_2"
"449","GATCGTATCCTTCTAA-1_4_2"
"450","GATCGTATCTACTGCC-1_4_2"
"451","GATGACTTCTGCACCT-1_4_2"
"452","GATGAGGGTACGTTCA-1_4_2"
"453","GATGATCCAGATCATC-1_4_2"
"454","GATGATCCAGCCTTCT-1_4_2"
"455","GATGATCGTACGGTTT-1_4_2"
"456","GATGGAGCACAGCTTA-1_4_2"
"457","GATTGGTGTTCAGGTT-1_4_2"
"458","GCAACATGTGGTTCTA-1_4_2"
"459","GCACATAGTGCATACT-1_4_2"
"460","GCACATATCCCATACC-1_4_2"
"461","GCACTAACAATTGCAC-1_4_2"
"462","GCAGCTGAGTGTGTTC-1_4_2"
"463","GCATCGGAGGCATCAG-1_4_2"
"464","GCATCGGCAGAGGAAA-1_4_2"
"465","GCATCGGCAGCGTGAA-1_4_2"
"466","GCATCTCAGAAATTGC-1_4_2"
"467","GCATCTCAGAAGGCTC-1_4_2"
"468","GCATGATTCGCATAGT-1_4_2"
"469","GCATTAGAGGGATCTG-1_4_2"
"470","GCCAGCAGTATACCCA-1_4_2"
"471","GCCAGCAGTGTCCGTG-1_4_2"
"472","GCCAGCATCCCTTGTG-1_4_2"
"473","GCCAGGTAGTTCTCTT-1_4_2"
"474","GCCAGGTTCGAGATGG-1_4_2"
"475","GCCAGTGCAGCTCCTT-1_4_2"
"476","GCCCAGACACTTGAGT-1_4_2"
"477","GCCCAGACATTAGGAA-1_4_2"
"478","GCCGATGTCTTTACAC-1_4_2"
"479","GCCGTGAAGAGAGCAA-1_4_2"
"480","GCCGTGAGTTTCGACA-1_4_2"
"481","GCCTGTTAGGTTCCGC-1_4_2"
"482","GCGATCGTCGTGCTCT-1_4_2"
"483","GCGGAAAGTTTAGACC-1_4_2"
"484","GCGGATCTCTTTGCAT-1_4_2"
"485","GCGTGCAGTTGGAGAC-1_4_2"
"486","GCGTTTCCACCTTCGT-1_4_2"
"487","GCTGAATGTCATGACT-1_4_2"
"488","GCTGCAGAGTTGTCAC-1_4_2"
"489","GCTGGGTAGGTTGACG-1_4_2"
"490","GCTGGGTCACTGCGAC-1_4_2"
"491","GCTGGGTGTTGGCCGT-1_4_2"
"492","GCTTCACAGAAGCGAA-1_4_2"
"493","GCTTTCGTCTGATGGT-1_4_2"
"494","GGAATCTGTTATGTCG-1_4_2"
"495","GGAATCTTCGCTATTT-1_4_2"
"496","GGAGATGGTACGGATG-1_4_2"
"497","GGAGCAATCTGGGAGA-1_4_2"
"498","GGATCTAGTGACAGCA-1_4_2"
"499","GGATGTTAGTTCACTG-1_4_2"
"500","GGCGTCAAGGTCCAGA-1_4_2"
"501","GGCTGTGAGGTCGTGA-1_4_2"
"502","GGCTTGGAGCATGAAT-1_4_2"
"503","GGCTTGGAGCGCACAA-1_4_2"
"504","GGCTTTCGTTTAGAGA-1_4_2"
"505","GGGAAGTCACACTTAG-1_4_2"
"506","GGGACAAAGAGGACTC-1_4_2"
"507","GGGACTCCAAGCTGTT-1_4_2"
"508","GGGACTCTCCATCCGT-1_4_2"
"509","GGGACTCTCTGGGCGT-1_4_2"
"510","GGGAGATGTCTTGTCC-1_4_2"
"511","GGGAGTAAGTCACTAC-1_4_2"
"512","GGGAGTAGTCAGACGA-1_4_2"
"513","GGGATCCGTCAACCAT-1_4_2"
"514","GGGATCCTCTGAGAAA-1_4_2"
"515","GGGATGAAGACCAAGC-1_4_2"
"516","GGGATGACAACCTATG-1_4_2"
"517","GGGCTACGTCCGGTCA-1_4_2"
"518","GGGCTACGTTAGGGTG-1_4_2"
"519","GGGCTACGTTTACTGG-1_4_2"
"520","GGGCTACTCTCGACCT-1_4_2"
"521","GGGTAGATCATCCTAT-1_4_2"
"522","GGGTCACGTCCGGTGT-1_4_2"
"523","GGGTCACGTGATAGTA-1_4_2"
"524","GGGTGAACATTGGGAG-1_4_2"
"525","GGGTGAATCTTGCAGA-1_4_2"
"526","GGGTTTATCGACGATT-1_4_2"
"527","GGTAACTCAACCTAAC-1_4_2"
"528","GGTAATCTCTCGGTCT-1_4_2"
"529","GGTAGAGCAACACGAG-1_4_2"
"530","GGTCACGAGTGTACAA-1_4_2"
"531","GGTCACGCAGAAGTGC-1_4_2"
"532","GGTCACGCAGTTGCGC-1_4_2"
"533","GGTCTGGAGCTTTCCC-1_4_2"
"534","GGTCTGGCATGGGATG-1_4_2"
"535","GGTGAAGAGAGTCCGA-1_4_2"
"536","GGTGAAGCACAAGTGG-1_4_2"
"537","GGTGAAGCATCTAGAC-1_4_2"
"538","GGTGATTTCTGCAGCG-1_4_2"
"539","GGTGGCTAGAAGATCT-1_4_2"
"540","GGTGGCTCACATGAAA-1_4_2"
"541","GGTGTCGAGTTGCGAG-1_4_2"
"542","GGTGTTATCCAGGACC-1_4_2"
"543","GGTTCTCTCTCTGGTC-1_4_2"
"544","GGTTGTACAGGCATTT-1_4_2"
"545","GGTTGTAGTACCATAC-1_4_2"
"546","GTAACACCAACGCATT-1_4_2"
"547","GTAACCAAGGAAACGA-1_4_2"
"548","GTAACCAAGGGCTAAC-1_4_2"
"549","GTAACCAGTGAACTAA-1_4_2"
"550","GTAACCATCCTCTTTC-1_4_2"
"551","GTAATGCCATAGATGA-1_4_2"
"552","GTAATGCGTACGATTC-1_4_2"
"553","GTAATGCTCAGAGTTC-1_4_2"
"554","GTACAGTAGGTGGTTG-1_4_2"
"555","GTAGATCAGACAGCTG-1_4_2"
"556","GTAGATCTCCAAATGC-1_4_2"
"557","GTAGCTAAGCCTATTG-1_4_2"
"558","GTAGCTAAGGCACCAA-1_4_2"
"559","GTAGCTATCAGCGCGT-1_4_2"
"560","GTAGTACCATAGTCGT-1_4_2"
"561","GTAGTACGTCGAGATG-1_4_2"
"562","GTAGTACGTTTCCCAC-1_4_2"
"563","GTATTGGGTACACGTT-1_4_2"
"564","GTATTTCCAAGCTACT-1_4_2"
"565","GTCAAACGTACATTGC-1_4_2"
"566","GTCAAGTAGCATGTTC-1_4_2"
"567","GTCAAGTTCGACGACC-1_4_2"
"568","GTCACGGCAGCTTTCC-1_4_2"
"569","GTCACTCAGCACACAG-1_4_2"
"570","GTCACTCTCTGAGAGG-1_4_2"
"571","GTCAGCGCAAGAATAC-1_4_2"
"572","GTCAGCGGTAGACTGG-1_4_2"
"573","GTCATCCTCGATTTCT-1_4_2"
"574","GTCATCCTCGGCCTTT-1_4_2"
"575","GTCCACTAGGCCCAAA-1_4_2"
"576","GTCCCATAGGAACGTC-1_4_2"
"577","GTCCCATAGTGTACCT-1_4_2"
"578","GTCCCATCAGTATTCG-1_4_2"
"579","GTCCTCAAGAGAGCGG-1_4_2"
"580","GTCGAATAGAAATTGC-1_4_2"
"581","GTCGAATGTCTCCTGT-1_4_2"
"582","GTCGCGAGTGCCTGAC-1_4_2"
"583","GTCGTAAGTCAGGAGT-1_4_2"
"584","GTCGTAAGTGCCTTTC-1_4_2"
"585","GTCTCACGTACGATTC-1_4_2"
"586","GTCTCACGTCCGGTCA-1_4_2"
"587","GTCTTTACACCTGCAG-1_4_2"
"588","GTCTTTAGTCGTACTA-1_4_2"
"589","GTGAGGAGTGTCTTAG-1_4_2"
"590","GTGAGTTAGGCGTTAG-1_4_2"
"591","GTGCAGCCACCAATTG-1_4_2"
"592","GTGCAGCGTTTCTATC-1_4_2"
"593","GTGCAGCTCATTCGTT-1_4_2"
"594","GTGCAGCTCTGGACCG-1_4_2"
"595","GTGCTGGCAGACACCC-1_4_2"
"596","GTGGCGTCACACCTTC-1_4_2"
"597","GTGGCGTGTAGAATAC-1_4_2"
"598","GTGGGAATCCTAAACG-1_4_2"
"599","GTGTAACCAAATTAGG-1_4_2"
"600","GTGTAACCAGAGAGGG-1_4_2"
"601","GTGTGGCAGCAACAAT-1_4_2"
"602","GTGTTAGTCTGCCTGT-1_4_2"
"603","GTTACAGAGGCCACCT-1_4_2"
"604","GTTACAGTCCCGTTGT-1_4_2"
"605","GTTACCCCATTCTCCG-1_4_2"
"606","GTTACCCTCAGCTGTA-1_4_2"
"607","GTTACCCTCCTATGGA-1_4_2"
"608","GTTAGACCAAATTGCC-1_4_2"
"609","GTTAGACTCACTGAAC-1_4_2"
"610","GTTAGTGAGTAATCCC-1_4_2"
"611","GTTAGTGAGTAGCTCT-1_4_2"
"612","GTTAGTGCAAACACGG-1_4_2"
"613","GTTATGGAGACGACGT-1_4_2"
"614","GTTCCGTTCGTGTCAA-1_4_2"
"615","GTTCCGTTCTCACTCG-1_4_2"
"616","GTTCTATAGGGTGAGG-1_4_2"
"617","GTTGAACTCCAGTTCC-1_4_2"
"618","GTTGAACTCCATTTGT-1_4_2"
"619","GTTGCTCAGCCGATCC-1_4_2"
"620","GTTGCTCCAAGGTTGG-1_4_2"
"621","GTTTACTCAAATGAGT-1_4_2"
"622","GTTTACTCAGACCTGC-1_4_2"
"623","GTTTGGAGTTCCAAAC-1_4_2"
"624","GTTTGGAGTTCCACGG-1_4_2"
"625","TAACACGAGGAATTAC-1_4_2"
"626","TAACCAGAGCCATTTG-1_4_2"
"627","TAACGACAGCTGAGTG-1_4_2"
"628","TAACGACCATCAGCAT-1_4_2"
"629","TAACTTCCAAATGGTA-1_4_2"
"630","TAACTTCTCGGTTCAA-1_4_2"
"631","TAAGCGTCACATCATG-1_4_2"
"632","TAAGTCGGTACAATAG-1_4_2"
"633","TAAGTCGGTTGCTCAA-1_4_2"
"634","TAATCTCAGTGGATAT-1_4_2"
"635","TAATCTCCAAGTGACG-1_4_2"
"636","TAATCTCCACTGGCCA-1_4_2"
"637","TAATCTCGTTCTTGCC-1_4_2"
"638","TACAACGTCCGTACGG-1_4_2"
"639","TACAGGTCATGAGGGT-1_4_2"
"640","TACAGGTGTGGCATCC-1_4_2"
"641","TACATTCAGCGAACTG-1_4_2"
"642","TACCCACAGAATCGAT-1_4_2"
"643","TACCCACTCACGGAGA-1_4_2"
"644","TACCCACTCAGCGCAC-1_4_2"
"645","TACCCGTAGACTTCCA-1_4_2"
"646","TACCGAAAGACTCTTG-1_4_2"
"647","TACCGAAAGCCGATTT-1_4_2"
"648","TACCGAACAGATACTC-1_4_2"
"649","TACCGAATCTTGGTCC-1_4_2"
"650","TACCTGCAGGATTCCT-1_4_2"
"651","TACCTGCTCGCACTCT-1_4_2"
"652","TACGCTCAGGGAGAAT-1_4_2"
"653","TACGGTATCTCTCTAA-1_4_2"
"654","TACGTCCAGAAACTCA-1_4_2"
"655","TACGTCCCAGCATGCC-1_4_2"
"656","TACTGCCCACGTCTCT-1_4_2"
"657","TACTTACAGAAATTCG-1_4_2"
"658","TACTTACGTGCTCCGA-1_4_2"
"659","TAGACCAGTCCCTGAG-1_4_2"
"660","TAGACCATCAGACAAA-1_4_2"
"661","TAGATCGGTAAGGTCG-1_4_2"
"662","TAGCACAGTAACCCTA-1_4_2"
"663","TAGCACAGTCCTTGTC-1_4_2"
"664","TAGGAGGAGCGTTAGG-1_4_2"
"665","TAGGGTTTCAAGCTGT-1_4_2"
"666","TAGGTACGTAATGTGA-1_4_2"
"667","TAGTGCAAGCGTCTCG-1_4_2"
"668","TATACCTGTATAGCTC-1_4_2"
"669","TATATCCCAAACACCT-1_4_2"
"670","TATCCTAGTGTCCCTT-1_4_2"
"671","TATCGCCGTCGTTCAA-1_4_2"
"672","TATCTGTAGGCCTAAG-1_4_2"
"673","TATGTTCAGCGCCTAC-1_4_2"
"674","TATGTTCAGGGATCTG-1_4_2"
"675","TATGTTCGTTGGCCGT-1_4_2"
"676","TATTCCAGTACCAATC-1_4_2"
"677","TATTGCTCAGAAGTTA-1_4_2"
"678","TCAATCTGTCCAATCA-1_4_2"
"679","TCAATCTGTCGCTGCA-1_4_2"
"680","TCACAAGAGGTGGGTT-1_4_2"
"681","TCACAAGCACTAGGTT-1_4_2"
"682","TCACAAGTCTTAAGGC-1_4_2"
"683","TCACAAGTCTTCGACC-1_4_2"
"684","TCACGCTCAAGCACCC-1_4_2"
"685","TCACGCTTCTCCGCAT-1_4_2"
"686","TCACTATAGAAGTGTT-1_4_2"
"687","TCACTATAGTGTAGAT-1_4_2"
"688","TCACTATCAAAGTGTA-1_4_2"
"689","TCACTATCAACGTTAC-1_4_2"
"690","TCACTCGAGACCAACG-1_4_2"
"691","TCACTCGAGCCTCTTC-1_4_2"
"692","TCACTCGCAAGCCTGC-1_4_2"
"693","TCAGCCTAGGCTTCCG-1_4_2"
"694","TCAGGTAAGGACGCAT-1_4_2"
"695","TCAGGTAAGTGTTGAA-1_4_2"
"696","TCAGGTACAATACGAA-1_4_2"
"697","TCAGGTATCGGTCTAA-1_4_2"
"698","TCAGTCCAGTATGGCG-1_4_2"
"699","TCAGTGACACATGAAA-1_4_2"
"700","TCAGTTTAGGGTACAC-1_4_2"
"701","TCAGTTTTCCTGGGAC-1_4_2"
"702","TCATCCGGTCCACAGC-1_4_2"
"703","TCATGAGAGCACTGGA-1_4_2"
"704","TCATGAGAGGCTTAGG-1_4_2"
"705","TCATGGATCTACACTT-1_4_2"
"706","TCATGTTGTTATTCTC-1_4_2"
"707","TCATTACTCTGCATAG-1_4_2"
"708","TCATTGTCAGCGGTTC-1_4_2"
"709","TCATTGTTCTGTTGGA-1_4_2"
"710","TCCACCACAAACCATC-1_4_2"
"711","TCCACCAGTAGCTTGT-1_4_2"
"712","TCCAGAACACGGTCTG-1_4_2"
"713","TCCAGAAGTTCTCCCA-1_4_2"
"714","TCCATCGAGACTCAAA-1_4_2"
"715","TCCATCGAGAGTCTTC-1_4_2"
"716","TCCCAGTAGCCGAATG-1_4_2"
"717","TCCCAGTCAGCTAACT-1_4_2"
"718","TCCCAGTTCATGCCCT-1_4_2"
"719","TCCCATGGTAGGAAAG-1_4_2"
"720","TCCCATGGTCGCTTAA-1_4_2"
"721","TCCCATGTCAACCCGG-1_4_2"
"722","TCCGAAAAGCGATGAC-1_4_2"
"723","TCCGATCGTCGTAATC-1_4_2"
"724","TCCGGGAGTATCCTCC-1_4_2"
"725","TCCGGGATCTCAACGA-1_4_2"
"726","TCCTCCCGTAAGTTAG-1_4_2"
"727","TCCTCGACAATACCCA-1_4_2"
"728","TCGAACACATTCTGTT-1_4_2"
"729","TCGAACATCATTTGCT-1_4_2"
"730","TCGACCTCAAGCTGTT-1_4_2"
"731","TCGACGGAGTATGCAA-1_4_2"
"732","TCGACGGTCCATCTGC-1_4_2"
"733","TCGCACTGTCCGTACG-1_4_2"
"734","TCGCAGGGTTGGTAGG-1_4_2"
"735","TCGCTCAAGCTACAAA-1_4_2"
"736","TCGCTCACAAACACGG-1_4_2"
"737","TCGCTCACAGGCCTGT-1_4_2"
"738","TCGGGACAGACGCCAA-1_4_2"
"739","TCGGGCAAGGCTAGCA-1_4_2"
"740","TCGGGCATCGCCAATA-1_4_2"
"741","TCGGGTGCAGGTGTTT-1_4_2"
"742","TCGGGTGGTACTGGGA-1_4_2"
"743","TCGGTCTAGAGGTATT-1_4_2"
"744","TCGGTCTTCGACGCTG-1_4_2"
"745","TCGTCCACAAATGCTC-1_4_2"
"746","TCGTGGGAGTTTGAGA-1_4_2"
"747","TCTACATAGTGCGCTC-1_4_2"
"748","TCTACCGTCTGAGCAT-1_4_2"
"749","TCTATACCAGACCCGT-1_4_2"
"750","TCTATCAAGCAATTAG-1_4_2"
"751","TCTATCACAAATCAAG-1_4_2"
"752","TCTATCAGTGAGACCA-1_4_2"
"753","TCTCAGCAGACTCCGC-1_4_2"
"754","TCTCAGCGTCCCGCAA-1_4_2"
"755","TCTCCGAAGACGAAGA-1_4_2"
"756","TCTCCGACATACCAGT-1_4_2"
"757","TCTCCGACATTAAAGG-1_4_2"
"758","TCTTAGTCAAGTCCAT-1_4_2"
"759","TCTTAGTGTGTATCCA-1_4_2"
"760","TCTTCCTTCCATCACC-1_4_2"
"761","TCTTGCGAGTGGTCAG-1_4_2"
"762","TCTTTGACAAGTCCAT-1_4_2"
"763","TGAATCGTCGAATCCA-1_4_2"
"764","TGAATGCCAAAGGCGT-1_4_2"
"765","TGACAGTAGCGCCTCA-1_4_2"
"766","TGACAGTGTACCTAAC-1_4_2"
"767","TGACAGTTCCTCTGCA-1_4_2"
"768","TGACGCGCACTTGGCG-1_4_2"
"769","TGAGCATCACTGATTG-1_4_2"
"770","TGAGCATGTCGCTTGG-1_4_2"
"771","TGAGCATTCGTTCTAT-1_4_2"
"772","TGAGCGCTCATGCCAA-1_4_2"
"773","TGAGGAGAGTGTACCT-1_4_2"
"774","TGAGGAGTCAAACTGC-1_4_2"
"775","TGAGGAGTCATCGCCT-1_4_2"
"776","TGAGTCACACCGGTCA-1_4_2"
"777","TGATGCAAGGCTATCT-1_4_2"
"778","TGATGCAGTCCAACGC-1_4_2"
"779","TGATTCTGTCGAGCTC-1_4_2"
"780","TGATTCTTCCTCTCTT-1_4_2"
"781","TGCACGGCATAGATGA-1_4_2"
"782","TGCATCCGTTGTTGAC-1_4_2"
"783","TGCGACGCAGGCAATG-1_4_2"
"784","TGCGGCACAGATTAAG-1_4_2"
"785","TGCGGCATCATCTATC-1_4_2"
"786","TGCGGCATCCGAGTGC-1_4_2"
"787","TGCGGCATCCGCGATG-1_4_2"
"788","TGCGGGTGTTACCCAA-1_4_2"
"789","TGCGGGTTCAAGTCGT-1_4_2"
"790","TGCTCCAAGTTCACTG-1_4_2"
"791","TGCTCCACAACTTGCA-1_4_2"
"792","TGCTCGTCATGATGCT-1_4_2"
"793","TGCTTCGGTTGCATGT-1_4_2"
"794","TGCTTCGTCTACACTT-1_4_2"
"795","TGGAACTCACTTCATT-1_4_2"
"796","TGGATCAGTGGTATGG-1_4_2"
"797","TGGATCATCGACACTA-1_4_2"
"798","TGGATGTAGTAAGCAT-1_4_2"
"799","TGGATGTGTCTAACTG-1_4_2"
"800","TGGCGTGGTACTTGTG-1_4_2"
"801","TGGCGTGGTCGAAGCA-1_4_2"
"802","TGGCGTGTCCGCACTT-1_4_2"
"803","TGGGAAGGTAAGGCCA-1_4_2"
"804","TGGGAAGTCTGCGTCT-1_4_2"
"805","TGGGAGACAGCGTGCT-1_4_2"
"806","TGGGATTAGAATCGTA-1_4_2"
"807","TGGGATTTCGTCCTTG-1_4_2"
"808","TGGGCGTAGTATAGGT-1_4_2"
"809","TGGGTTAGTGCATGAG-1_4_2"
"810","TGGGTTATCCGTGCGA-1_4_2"
"811","TGGTAGTTCTTCGTGC-1_4_2"
"812","TGTAACGGTTCTCTAT-1_4_2"
"813","TGTAACGTCTTGGTCC-1_4_2"
"814","TGTAGACAGTCTCCTC-1_4_2"
"815","TGTAGACCAGTAGAGC-1_4_2"
"816","TGTCCACGTAGCTTGT-1_4_2"
"817","TGTGAGTTCATTCACT-1_4_2"
"818","TGTGCGGGTATGTGTC-1_4_2"
"819","TGTGTGACATTAAAGG-1_4_2"
"820","TGTTACTAGTTCGCAT-1_4_2"
"821","TGTTCATCATGAAGGC-1_4_2"
"822","TGTTCATGTTCGGCTG-1_4_2"
"823","TGTTCATTCTCGTCGT-1_4_2"
"824","TGTTCATTCTCTATAC-1_4_2"
"825","TGTTCCGCAATCGCAT-1_4_2"
"826","TGTTCTATCCCACAGG-1_4_2"
"827","TGTTGAGAGTGCCGAA-1_4_2"
"828","TGTTGAGCACTTTATC-1_4_2"
"829","TGTTGAGCATCCGTTC-1_4_2"
"830","TGTTTGTGTTACTCAG-1_4_2"
"831","TTAATCCGTCTTTATC-1_4_2"
"832","TTAATCCGTGCCGTAC-1_4_2"
"833","TTAATCCGTTCCACAA-1_4_2"
"834","TTAATCCTCTTGCAGA-1_4_2"
"835","TTACAGGAGGGATGTC-1_4_2"
"836","TTACCATAGATCCTAC-1_4_2"
"837","TTACCATCAAGCGCAA-1_4_2"
"838","TTACCGCCAAATCGTC-1_4_2"
"839","TTACCGCGTAGTCCTA-1_4_2"
"840","TTACGCCAGTTCATCG-1_4_2"
"841","TTACGCCTCCCGATCT-1_4_2"
"842","TTACGTTCAAGGACAC-1_4_2"
"843","TTACGTTGTAAGTCAA-1_4_2"
"844","TTAGGCATCGCCCAGA-1_4_2"
"845","TTAGGGTGTCTCCCTA-1_4_2"
"846","TTAGGGTGTGATATAG-1_4_2"
"847","TTAGTCTTCTAGCCTC-1_4_2"
"848","TTCAATCTCTCTCCGA-1_4_2"
"849","TTCACCGGTAGAATAC-1_4_2"
"850","TTCACCGGTAGCTGTT-1_4_2"
"851","TTCACGCAGTTTCTTC-1_4_2"
"852","TTCAGGACACCGTACG-1_4_2"
"853","TTCCAATCAGAGGCTA-1_4_2"
"854","TTCCAATTCCACAGGC-1_4_2"
"855","TTCCGTGCACGCAAAG-1_4_2"
"856","TTCCGTGGTCGTCATA-1_4_2"
"857","TTCCTAATCCGTGGGT-1_4_2"
"858","TTCGATTAGCCGAACA-1_4_2"
"859","TTCGATTTCTATTCGT-1_4_2"
"860","TTCGGTCCACTCCTTG-1_4_2"
"861","TTCTAACGTTTCTTAC-1_4_2"
"862","TTCTAACTCCTACGAA-1_4_2"
"863","TTCTAACTCGGCTCTT-1_4_2"
"864","TTCTTCCAGACGACTG-1_4_2"
"865","TTCTTCCCATAGCACT-1_4_2"
"866","TTCTTCCTCGAGCCAC-1_4_2"
"867","TTCTTGAAGTTTGAGA-1_4_2"
"868","TTGACCCAGTATGGCG-1_4_2"
"869","TTGACCCGTCGCACGT-1_4_2"
"870","TTGAGTGCAATAAGGT-1_4_2"
"871","TTGATGGAGCCTGAGA-1_4_2"
"872","TTGATGGCAACAAGAT-1_4_2"
"873","TTGCTGCAGTAAACAC-1_4_2"
"874","TTGCTGCTCGCGCTGA-1_4_2"
"875","TTGGGATAGACCCTTA-1_4_2"
"876","TTGGGATAGTCTCGTA-1_4_2"
"877","TTGGGCGAGACCTCCG-1_4_2"
"878","TTGGGCGGTGTTCATG-1_4_2"
"879","TTGGTTTAGACTTCGT-1_4_2"
"880","TTGTGGATCTAAACGC-1_4_2"
"881","TTGTGGATCTCTATGT-1_4_2"
"882","TTGTGTTAGTCACACT-1_4_2"
"883","TTGTGTTCACTAGGTT-1_4_2"
"884","TTGTTCAAGATCCTAC-1_4_2"
"885","TTGTTCACACGGCGTT-1_4_2"
"886","TTGTTCACACTGAGTT-1_4_2"
"887","TTGTTCACAGCATTGT-1_4_2"
"888","TTGTTCATCTGGGAGA-1_4_2"
"889","TTGTTGTGTATGGAGC-1_4_2"
"890","TTGTTTGAGCCTCTGG-1_4_2"
"891","TTTACGTGTTGAGAGC-1_4_2"
"892","TTTCAGTAGTAGTCTC-1_4_2"
"893","TTTCAGTGTAACTGCT-1_4_2"
"894","TTTCATGCATCTTAGG-1_4_2"
"895","TTTCATGCATGTTCAG-1_4_2"
"896","TTTCCTCCAAGGCTTT-1_4_2"
"897","TTTCCTCGTGGCTCTG-1_4_2"
"898","TTTCGATGTACTTGTG-1_4_2"
"899","TTTGATCAGCTCATAC-1_4_2"
"900","TTTGATCCATCATTGG-1_4_2"
"901","TTTGATCTCCTGCTAC-1_4_2"
"902","TTTGGAGCAGAGGACT-1_4_2"
