"","x"
"1","AAACGAAGTTCTAAGC-1_6_1"
"2","AAACGAATCACACGAT-1_6_1"
"3","AAACGCTAGCGCCCAT-1_6_1"
"4","AAAGAACAGGTTGACG-1_6_1"
"5","AAAGAACCACTACACA-1_6_1"
"6","AAAGAACGTGTCCGTG-1_6_1"
"7","AAAGGATCACAATGAA-1_6_1"
"8","AAAGGGCAGCCAAGGT-1_6_1"
"9","AAAGGGCGTTCCTTGC-1_6_1"
"10","AAAGTCCAGCTTGTTG-1_6_1"
"11","AAAGTGACACCTCTGT-1_6_1"
"12","AAATGGAGTACAAGCG-1_6_1"
"13","AACAAGAGTACACGCC-1_6_1"
"14","AACCAACCATGACGAG-1_6_1"
"15","AACCACACAAATGAGT-1_6_1"
"16","AACCACACAAGTGGAC-1_6_1"
"17","AACCACAGTATACCTG-1_6_1"
"18","AACGTCATCCGTATAG-1_6_1"
"19","AACTTCTAGTGAACAT-1_6_1"
"20","AAGACAAAGAATTGTG-1_6_1"
"21","AAGACTCCAGGTCCGT-1_6_1"
"22","AAGACTCTCTGTCTCG-1_6_1"
"23","AAGATAGCAACTGTGT-1_6_1"
"24","AAGCATCAGCGTGAAC-1_6_1"
"25","AAGCCATAGTGGAAGA-1_6_1"
"26","AAGCGTTTCTATGTGG-1_6_1"
"27","AAGGAATCAAGCACCC-1_6_1"
"28","AAGGAATCAGGAGGTT-1_6_1"
"29","AAGTCGTCAGCCGGTT-1_6_1"
"30","AATAGAGCATCGTGCG-1_6_1"
"31","AATCGTGTCTGGAGAG-1_6_1"
"32","AATGACCGTTTGTTCT-1_6_1"
"33","AATGCCATCACGGGCT-1_6_1"
"34","AATGGAATCCAACTAG-1_6_1"
"35","AATGGCTTCGCGTAGC-1_6_1"
"36","AATTCCTTCCATTGCC-1_6_1"
"37","AATTTCCTCACTTGTT-1_6_1"
"38","ACAACCAAGGACAAGA-1_6_1"
"39","ACAACCATCAACCTTT-1_6_1"
"40","ACACGCGGTCCACGCA-1_6_1"
"41","ACATCCCAGAGTTGTA-1_6_1"
"42","ACATCGAGTTCAGTAC-1_6_1"
"43","ACATGCACATTGAGCT-1_6_1"
"44","ACATGCAGTTCTCACC-1_6_1"
"45","ACATTTCTCGTGGGAA-1_6_1"
"46","ACATTTCTCTGCTTTA-1_6_1"
"47","ACCATTTTCTATCACT-1_6_1"
"48","ACCGTTCCAACGTTAC-1_6_1"
"49","ACCGTTCGTTACGTAC-1_6_1"
"50","ACGATGTGTAACATGA-1_6_1"
"51","ACGATGTGTCTTGCTC-1_6_1"
"52","ACGATGTGTTGGCCTG-1_6_1"
"53","ACGGGTCCAGGTTTAC-1_6_1"
"54","ACGTAACTCTAGCATG-1_6_1"
"55","ACGTACAGTGCTCTCT-1_6_1"
"56","ACGTAGTGTACGAGTG-1_6_1"
"57","ACGTTCCAGCACGATG-1_6_1"
"58","ACGTTCCAGTTAGTGA-1_6_1"
"59","ACTACGAAGGTAGTCG-1_6_1"
"60","ACTACGAAGGTCGAGT-1_6_1"
"61","ACTACGATCCGTAATG-1_6_1"
"62","ACTATCTAGCGTTAGG-1_6_1"
"63","ACTATGGCACATGGTT-1_6_1"
"64","ACTATTCCATAATGAG-1_6_1"
"65","ACTATTCGTTACCTGA-1_6_1"
"66","ACTCCCAGTGAGTTTC-1_6_1"
"67","ACTCTCGAGTGCAAAT-1_6_1"
"68","ACTGCAATCGGTTCAA-1_6_1"
"69","ACTGTCCGTCCGTACG-1_6_1"
"70","ACTGTGAGTTCGGTCG-1_6_1"
"71","ACTTCCGGTCTGCGCA-1_6_1"
"72","ACTTCGCAGGTACTGG-1_6_1"
"73","ACTTTGTCACTAGGTT-1_6_1"
"74","AGAACCTAGTAGAATC-1_6_1"
"75","AGAACCTGTGTATTCG-1_6_1"
"76","AGAAGCGTCGACGATT-1_6_1"
"77","AGACTCAGTTTCCATT-1_6_1"
"78","AGAGAATCAAGTGACG-1_6_1"
"79","AGAGAATGTAATTGGA-1_6_1"
"80","AGAGAGCGTGGCTGAA-1_6_1"
"81","AGATAGAAGTCGCCAC-1_6_1"
"82","AGATCCAGTCCCTAAA-1_6_1"
"83","AGATGAACACTGGAAG-1_6_1"
"84","AGATGCTAGATACGAT-1_6_1"
"85","AGCCAATCACAGAGCA-1_6_1"
"86","AGCCAGCGTACGTACT-1_6_1"
"87","AGCGATTGTCGTCATA-1_6_1"
"88","AGCGCCAGTGTCGATT-1_6_1"
"89","AGCGCTGAGTATAGAC-1_6_1"
"90","AGCGCTGGTGTCCACG-1_6_1"
"91","AGCGCTGTCCAAATGC-1_6_1"
"92","AGCGTATCATGGAATA-1_6_1"
"93","AGGAATACAATTGAGA-1_6_1"
"94","AGGCCACGTACCAATC-1_6_1"
"95","AGGCCACTCGTGCATA-1_6_1"
"96","AGGGAGTCATCCTAAG-1_6_1"
"97","AGGGCCTAGCCGGAAT-1_6_1"
"98","AGGGCCTCACTTGACA-1_6_1"
"99","AGGTCATGTATCCCTC-1_6_1"
"100","AGGTGTTCAATAGTCC-1_6_1"
"101","AGGTTACGTCCATACA-1_6_1"
"102","AGGTTGTCATGGGATG-1_6_1"
"103","AGTACCATCGCCTTGT-1_6_1"
"104","AGTACTGGTTTGATCG-1_6_1"
"105","AGTAGCTTCGCATAGT-1_6_1"
"106","AGTAGTCTCCATACTT-1_6_1"
"107","AGTCATGGTGCACAAG-1_6_1"
"108","AGTCTCCGTTAGCGGA-1_6_1"
"109","AGTGCCGCAGCTGTAT-1_6_1"
"110","AGTTAGCCAAAGGTTA-1_6_1"
"111","AGTTCGAAGGCCTGCT-1_6_1"
"112","ATAGAGAAGTGGATTA-1_6_1"
"113","ATATCCTGTACCTTCC-1_6_1"
"114","ATATCCTTCCTTCTTC-1_6_1"
"115","ATCACGAAGCAGCACA-1_6_1"
"116","ATCAGGTGTATGCGGA-1_6_1"
"117","ATCATTCCATCATGAC-1_6_1"
"118","ATCCACCTCAGCTTCC-1_6_1"
"119","ATCCATTCAGGTCCGT-1_6_1"
"120","ATCCCTGCACTGGCCA-1_6_1"
"121","ATCGGCGTCGAAGCAG-1_6_1"
"122","ATCGTCCGTCCTATAG-1_6_1"
"123","ATGACCATCCGATGCG-1_6_1"
"124","ATGCATGAGTGAGGCT-1_6_1"
"125","ATGCATGCAGCGGTTC-1_6_1"
"126","ATGCATGGTGCGTCGT-1_6_1"
"127","ATGTCTTGTGGCCACT-1_6_1"
"128","ATTACTCGTCATCGGC-1_6_1"
"129","ATTCACTAGAAGTGTT-1_6_1"
"130","ATTCCATAGTATAGGT-1_6_1"
"131","ATTCCATCACGGCTAC-1_6_1"
"132","ATTCCCGCAAGCTCTA-1_6_1"
"133","ATTCCTAGTTGCATCA-1_6_1"
"134","ATTCCTATCCTATTTG-1_6_1"
"135","ATTCGTTTCGCAAGAG-1_6_1"
"136","ATTGGGTGTGATCATC-1_6_1"
"137","ATTTCACTCTGCTTAT-1_6_1"
"138","CAAAGAAAGACGCCAA-1_6_1"
"139","CAAAGAACAGAACATA-1_6_1"
"140","CAACAACTCTACCCAC-1_6_1"
"141","CAACCAAGTAGGTACG-1_6_1"
"142","CAACGGCGTGTTAAAG-1_6_1"
"143","CAAGAGGGTGCTTATG-1_6_1"
"144","CAAGAGGTCACTCCGT-1_6_1"
"145","CAAGGGACAATTCGTG-1_6_1"
"146","CAATACGCAGTATACC-1_6_1"
"147","CAATCGAAGAATGTTG-1_6_1"
"148","CAATGACTCGTGGAAG-1_6_1"
"149","CAATTTCCATGTTCGA-1_6_1"
"150","CACACAACAATTGCGT-1_6_1"
"151","CACACAATCATTTACC-1_6_1"
"152","CACAGATAGCCTTTGA-1_6_1"
"153","CACGAATTCTAGTTCT-1_6_1"
"154","CACGTTCGTTCGAACT-1_6_1"
"155","CACTAAGAGAAACCAT-1_6_1"
"156","CACTAAGGTGGTTTAC-1_6_1"
"157","CACTGGGGTTCGGTCG-1_6_1"
"158","CACTGGGTCGCTCTCA-1_6_1"
"159","CAGCACGAGCGCACAA-1_6_1"
"160","CAGCACGCATTGAAGA-1_6_1"
"161","CAGGTATAGGAGAGTA-1_6_1"
"162","CATACTTTCTGGAGAG-1_6_1"
"163","CATAGACAGCATGTTC-1_6_1"
"164","CATCCGTCAACCCTAA-1_6_1"
"165","CATCGTCAGCGCACAA-1_6_1"
"166","CATGAGTAGATAGCAT-1_6_1"
"167","CATGAGTTCGTGGACC-1_6_1"
"168","CATGCGGTCGTGGGTC-1_6_1"
"169","CATGGATGTTGTATGC-1_6_1"
"170","CATGGTATCCGTTTCG-1_6_1"
"171","CATTCATTCTCTGAGA-1_6_1"
"172","CATTCTAGTCGGTGTC-1_6_1"
"173","CATTGAGAGGTTGAGC-1_6_1"
"174","CATTGAGCACTCTAGA-1_6_1"
"175","CCAAGCGAGGTCGACA-1_6_1"
"176","CCACACTGTGCCGTTG-1_6_1"
"177","CCACTTGCAAGAGTGC-1_6_1"
"178","CCACTTGCATACCGTA-1_6_1"
"179","CCATAAGAGCTTCATG-1_6_1"
"180","CCCATTGGTTAGGCCC-1_6_1"
"181","CCCGAAGTCTCAACGA-1_6_1"
"182","CCCTAACCACAGCTTA-1_6_1"
"183","CCCTGATCAATAAGGT-1_6_1"
"184","CCCTTAGAGAGCAGCT-1_6_1"
"185","CCGAACGCAATTGCGT-1_6_1"
"186","CCGAACGCACGTCTCT-1_6_1"
"187","CCGATGGCAACGAGGT-1_6_1"
"188","CCGGACAGTCAGTCTA-1_6_1"
"189","CCGGTAGGTGCGTCGT-1_6_1"
"190","CCGGTGACAATACAGA-1_6_1"
"191","CCGTGAGGTCGTGGTC-1_6_1"
"192","CCTAAGACAGCTAACT-1_6_1"
"193","CCTACGTTCGCCGAGT-1_6_1"
"194","CCTCATGTCGAGATGG-1_6_1"
"195","CCTCTAGCACCAGACC-1_6_1"
"196","CCTCTAGCACCTGATA-1_6_1"
"197","CCTCTAGTCCGATCGG-1_6_1"
"198","CCTCTAGTCTCGTCAC-1_6_1"
"199","CCTCTCCCAGAGGTAC-1_6_1"
"200","CCTCTCCTCGCCGATG-1_6_1"
"201","CGAGTTAGTCCAAATC-1_6_1"
"202","CGAGTTATCCTGGCTT-1_6_1"
"203","CGATCGGCAACTGCTA-1_6_1"
"204","CGATGCGCAGTAGGAC-1_6_1"
"205","CGATGCGCATACAGGG-1_6_1"
"206","CGATGCGGTGTCTAAC-1_6_1"
"207","CGATGGCCACATATGC-1_6_1"
"208","CGCAGGTGTCCGCAGT-1_6_1"
"209","CGCCATTAGTGTCATC-1_6_1"
"210","CGCCATTTCTCAGAAC-1_6_1"
"211","CGCGTGACAACCTAAC-1_6_1"
"212","CGCGTGACAATCAAGA-1_6_1"
"213","CGGAACCCAGGCATGA-1_6_1"
"214","CGGAACCGTCGACGCT-1_6_1"
"215","CGGAATTAGCCATATC-1_6_1"
"216","CGGGCATAGAGTCACG-1_6_1"
"217","CGGGCATTCCGTTGAA-1_6_1"
"218","CGGGTCAAGCGAGTAC-1_6_1"
"219","CGGTCAGCATCCGTTC-1_6_1"
"220","CGGTCAGGTCAAAGTA-1_6_1"
"221","CGTAATGGTATGAAAC-1_6_1"
"222","CGTAATGGTGCTCGTG-1_6_1"
"223","CGTCCATCACAACGCC-1_6_1"
"224","CGTGATAAGAGATCGC-1_6_1"
"225","CGTGATAGTGTGTGTT-1_6_1"
"226","CGTGCTTCAACTGCTA-1_6_1"
"227","CGTTCTGGTAGACAAT-1_6_1"
"228","CGTTCTGTCGCCAATA-1_6_1"
"229","CGTTGGGAGGCTCTAT-1_6_1"
"230","CTAACCCTCAAGTGGG-1_6_1"
"231","CTAACTTCAGCGTATT-1_6_1"
"232","CTAAGTGCATCGCCTT-1_6_1"
"233","CTAGGTATCCAGCCTT-1_6_1"
"234","CTATAGGAGTGGCGAT-1_6_1"
"235","CTATCTATCATGTCTT-1_6_1"
"236","CTCAACCCACGTCTCT-1_6_1"
"237","CTCAACCGTCCTGGTG-1_6_1"
"238","CTCAGGGCACATGGTT-1_6_1"
"239","CTCAGTCCAGCTGCCA-1_6_1"
"240","CTCATGCGTTGTAGCT-1_6_1"
"241","CTCATTAGTCTTGAAC-1_6_1"
"242","CTCATTATCGCTTGCT-1_6_1"
"243","CTCCCAAAGACGGTTG-1_6_1"
"244","CTCCCAAAGTCCCGGT-1_6_1"
"245","CTCCCTCTCACCTGGG-1_6_1"
"246","CTCCGATGTTGTCATG-1_6_1"
"247","CTCCTCCTCCATAAGC-1_6_1"
"248","CTCCTTTTCGGCAGTC-1_6_1"
"249","CTCTGGTTCTAGACAC-1_6_1"
"250","CTGAATGGTTACCTGA-1_6_1"
"251","CTGAGGCAGCGACTTT-1_6_1"
"252","CTGATCCCAGTCACGC-1_6_1"
"253","CTGCATCAGCTGAGTG-1_6_1"
"254","CTGCATCCATTAGGCT-1_6_1"
"255","CTGCATCTCGACCAAT-1_6_1"
"256","CTGCCTACAGGGACTA-1_6_1"
"257","CTGCTCAAGCGTCAGA-1_6_1"
"258","CTGCTCACAGCGAGTA-1_6_1"
"259","CTGTACCTCTTTCCAA-1_6_1"
"260","CTGTAGAAGACGCCCT-1_6_1"
"261","CTGTAGAGTACAACGG-1_6_1"
"262","CTGTGAAAGCATCAGG-1_6_1"
"263","CTTCAATCAGGACAGT-1_6_1"
"264","CTTCTAAGTGTTGACT-1_6_1"
"265","CTTCTCTGTGTGGTCC-1_6_1"
"266","CTTGAGAGTAAGGCTG-1_6_1"
"267","CTTGAGAGTGCCTTCT-1_6_1"
"268","CTTGATTTCGTGTTCC-1_6_1"
"269","CTTTCAAAGGTATCTC-1_6_1"
"270","GAAGAATGTGTACATC-1_6_1"
"271","GAAGCGACAGACGATG-1_6_1"
"272","GAAGGACCATCTCAAG-1_6_1"
"273","GAAGGACTCAAGCCCG-1_6_1"
"274","GACATCACAAGCGATG-1_6_1"
"275","GACCAATTCGTTGCCT-1_6_1"
"276","GACCCAGAGCTGTGCC-1_6_1"
"277","GACCGTGCACGTTCGG-1_6_1"
"278","GACGCTGGTTGTTTGG-1_6_1"
"279","GACGTTAAGCATTTGC-1_6_1"
"280","GACTATGAGAACAGGA-1_6_1"
"281","GACTATGAGAGGTGCT-1_6_1"
"282","GACTATGAGATGTAGT-1_6_1"
"283","GACTCTCTCGAGATGG-1_6_1"
"284","GACTTCCAGAACTCCT-1_6_1"
"285","GACTTCCCACACCGAC-1_6_1"
"286","GACTTCCCATCGAGCC-1_6_1"
"287","GAGAAATGTAGACTGG-1_6_1"
"288","GAGAGGTTCCATCTGC-1_6_1"
"289","GAGCCTGTCTAAACGC-1_6_1"
"290","GAGGCAACAAGAAACT-1_6_1"
"291","GAGGCAATCCACCTCA-1_6_1"
"292","GAGGCCTCAACAGCCC-1_6_1"
"293","GAGGGATTCCATGATG-1_6_1"
"294","GAGGGTAAGCACTAGG-1_6_1"
"295","GAGTCATAGATAGCAT-1_6_1"
"296","GAGTCATCATAACGGG-1_6_1"
"297","GAGTCTAAGCACTCGC-1_6_1"
"298","GAGTCTATCTGGTTGA-1_6_1"
"299","GAGTGAGTCATAGCAC-1_6_1"
"300","GAGTGTTAGTTAACAG-1_6_1"
"301","GATAGAACACTAGAGG-1_6_1"
"302","GATCAGTGTACACGTT-1_6_1"
"303","GATCAGTGTGACTGTT-1_6_1"
"304","GATTCTTAGACGGATC-1_6_1"
"305","GATTGGTAGAGTTGTA-1_6_1"
"306","GATTTCTGTCGATTTG-1_6_1"
"307","GCAACATGTAGGACCA-1_6_1"
"308","GCAACATTCTTCGACC-1_6_1"
"309","GCAACCGGTACCGCGT-1_6_1"
"310","GCACATATCTCTATAC-1_6_1"
"311","GCACATATCTTCGACC-1_6_1"
"312","GCACTAAGTTCTCAGA-1_6_1"
"313","GCAGCCATCATGCCAA-1_6_1"
"314","GCCAGCATCATAAGGA-1_6_1"
"315","GCCAGGTCACTCTCGT-1_6_1"
"316","GCCAGGTTCGACTCCT-1_6_1"
"317","GCCATGGCATCAGTGT-1_6_1"
"318","GCCCAGACACTTGGGC-1_6_1"
"319","GCCCAGACAGAACGCA-1_6_1"
"320","GCCGATGAGCAAATCA-1_6_1"
"321","GCCTGTTCAAAGACTA-1_6_1"
"322","GCGTGCACAACTTCTT-1_6_1"
"323","GCGTGCAGTTTCGTGA-1_6_1"
"324","GCTACAAAGGGCTGAT-1_6_1"
"325","GCTACAACAATGAGCG-1_6_1"
"326","GCTACAAGTGAACCGA-1_6_1"
"327","GCTGAATGTACTAGCT-1_6_1"
"328","GCTGCAGGTAAGACCG-1_6_1"
"329","GCTTCACGTACTTCCC-1_6_1"
"330","GCTTGGGCAGCTATTG-1_6_1"
"331","GCTTGGGTCAATCTTC-1_6_1"
"332","GCTTGGGTCCCAAGTA-1_6_1"
"333","GCTTTCGCATTGCCGG-1_6_1"
"334","GCTTTCGTCGCCGAAC-1_6_1"
"335","GGAACCCCATCGCTGG-1_6_1"
"336","GGAACCCTCTGGCCGA-1_6_1"
"337","GGAAGTGAGAGTCTGG-1_6_1"
"338","GGAAGTGTCGAGTCTA-1_6_1"
"339","GGAATCTGTGTCACAT-1_6_1"
"340","GGAGAACAGAGAGGTA-1_6_1"
"341","GGAGATGCACGACAAG-1_6_1"
"342","GGAGATGCAGTAGTGG-1_6_1"
"343","GGAGATGGTCTAACTG-1_6_1"
"344","GGGACAAAGAGTACCG-1_6_1"
"345","GGGAGTAGTAAGTTAG-1_6_1"
"346","GGGAGTAGTTCAAGGG-1_6_1"
"347","GGGATCCGTGAGCAGT-1_6_1"
"348","GGGATGACACCAGTTA-1_6_1"
"349","GGGATGATCTCCGCAT-1_6_1"
"350","GGGCCATAGTTCATGC-1_6_1"
"351","GGGTCTGAGTTCATGC-1_6_1"
"352","GGGTCTGGTGGGATTG-1_6_1"
"353","GGGTGAATCTGCGTCT-1_6_1"
"354","GGGTTATTCATTCGGA-1_6_1"
"355","GGTAACTCAGGTGAGT-1_6_1"
"356","GGTAACTGTGCCCGTA-1_6_1"
"357","GGTAATCAGGTGCCAA-1_6_1"
"358","GGTCACGTCGCTCTCA-1_6_1"
"359","GGTGAAGAGGCGAACT-1_6_1"
"360","GGTGGCTGTACGCTAT-1_6_1"
"361","GGTGTTAAGCCATGCC-1_6_1"
"362","GGTGTTAAGTTGTAGA-1_6_1"
"363","GGTTAACGTTAGGGTG-1_6_1"
"364","GTAACACCATGTGCCG-1_6_1"
"365","GTAACCAGTCATTGCA-1_6_1"
"366","GTAACCATCGCCAGAC-1_6_1"
"367","GTAAGTCAGGTCTGGA-1_6_1"
"368","GTAAGTCTCTTGCAGA-1_6_1"
"369","GTACAACAGAGAGCCT-1_6_1"
"370","GTACAGTTCGAGGCAA-1_6_1"
"371","GTAGAAATCTCCGAGG-1_6_1"
"372","GTAGAGGAGTGGCAGT-1_6_1"
"373","GTAGAGGGTGCCTACG-1_6_1"
"374","GTAGATCAGTCGGGAT-1_6_1"
"375","GTAGGAGCACCAGTAT-1_6_1"
"376","GTAGGTTAGAATCTAG-1_6_1"
"377","GTATTGGTCCCAACTC-1_6_1"
"378","GTATTTCCAAATCCCA-1_6_1"
"379","GTATTTCTCACACCCT-1_6_1"
"380","GTCAAACCAAACTCTG-1_6_1"
"381","GTCAAACGTCGTGGTC-1_6_1"
"382","GTCAAACTCGCGAAGA-1_6_1"
"383","GTCATGACATCTCAAG-1_6_1"
"384","GTCATGATCTTGGTCC-1_6_1"
"385","GTCATTTCATTGTGCA-1_6_1"
"386","GTCCCATAGTATAGAC-1_6_1"
"387","GTCGCGAAGGGCCAAT-1_6_1"
"388","GTCTACCAGCATGCGA-1_6_1"
"389","GTCTAGAGTGGCCACT-1_6_1"
"390","GTGAGCCCAGTTGTCA-1_6_1"
"391","GTGAGCCTCTCTCGCA-1_6_1"
"392","GTGAGGAGTTTCGATG-1_6_1"
"393","GTGAGTTGTAGTTAGA-1_6_1"
"394","GTGATGTCATATAGCC-1_6_1"
"395","GTGCACGGTTCCTAAG-1_6_1"
"396","GTGCAGCTCGTGGCGT-1_6_1"
"397","GTGCGTGGTATGCAAA-1_6_1"
"398","GTGCTGGAGCCGGATA-1_6_1"
"399","GTGCTTCCAATCTGCA-1_6_1"
"400","GTGGTTAGTCCCAAAT-1_6_1"
"401","GTGTCCTTCTGGCTGG-1_6_1"
"402","GTGTGATTCGTCAACA-1_6_1"
"403","GTGTGGCGTCGATGCC-1_6_1"
"404","GTGTTAGAGACCATTC-1_6_1"
"405","GTGTTCCGTACGAGTG-1_6_1"
"406","GTTACAGAGGGACACT-1_6_1"
"407","GTTATGGAGTTGAAGT-1_6_1"
"408","GTTATGGTCACATACG-1_6_1"
"409","GTTCATTGTTTCACTT-1_6_1"
"410","GTTCGCTCACGACGAA-1_6_1"
"411","GTTCTATAGATGGCGT-1_6_1"
"412","GTTCTATGTGACCGAA-1_6_1"
"413","GTTGAACGTACTCAAC-1_6_1"
"414","GTTGCGGGTCCCAAAT-1_6_1"
"415","GTTGTAGGTTCCACGG-1_6_1"
"416","GTTGTCCTCCTCTCGA-1_6_1"
"417","GTTTACTGTTAGAAGT-1_6_1"
"418","TAACTTCAGGAGAATG-1_6_1"
"419","TAAGCCATCTGAGATC-1_6_1"
"420","TAAGCGTCAATTAGGA-1_6_1"
"421","TAAGTCGCAAAGCAAT-1_6_1"
"422","TACAACGAGACAGTCG-1_6_1"
"423","TACAACGTCAAGTCGT-1_6_1"
"424","TACACCCCACCCAAGC-1_6_1"
"425","TACCCACCACACCGCA-1_6_1"
"426","TACCGAAGTACTGCGC-1_6_1"
"427","TACCGAAGTGCTATTG-1_6_1"
"428","TACCTGCGTGTGGTCC-1_6_1"
"429","TACGCTCAGATAACGT-1_6_1"
"430","TACGCTCGTGACGCCT-1_6_1"
"431","TACGGGCCACAGTGTT-1_6_1"
"432","TACGGGCTCCTTTAGT-1_6_1"
"433","TACGGGCTCGGTATGT-1_6_1"
"434","TACGGTATCGTTCCCA-1_6_1"
"435","TACTTGTGTCTAGGCC-1_6_1"
"436","TAGACCACAGGCATGA-1_6_1"
"437","TAGAGTCAGTCACTCA-1_6_1"
"438","TAGGAGGAGTAGGAAG-1_6_1"
"439","TAGGAGGCAGCTACCG-1_6_1"
"440","TAGTGCATCTTAGGAC-1_6_1"
"441","TATATCCTCGTTCTCG-1_6_1"
"442","TATCCTATCCGCAACG-1_6_1"
"443","TATCGCCTCAAGCTTG-1_6_1"
"444","TATCGCCTCCTCACCA-1_6_1"
"445","TATCTTGTCTAACACG-1_6_1"
"446","TATTCCAAGGTAGTAT-1_6_1"
"447","TATTGGGCATCCGTGG-1_6_1"
"448","TATTGGGGTGATTGGG-1_6_1"
"449","TATTTCGGTCGAGTGA-1_6_1"
"450","TCAAGCAGTTCCTAGA-1_6_1"
"451","TCAAGTGCACCTCTGT-1_6_1"
"452","TCAATTCAGAGAGTTT-1_6_1"
"453","TCACATTAGGCCTAAG-1_6_1"
"454","TCACATTAGGGTTAAT-1_6_1"
"455","TCACATTCAACACTAC-1_6_1"
"456","TCACGCTGTCGTCGGT-1_6_1"
"457","TCACTATAGAAAGTCT-1_6_1"
"458","TCACTATCAGGCACAA-1_6_1"
"459","TCAGGGCTCGCTGCGA-1_6_1"
"460","TCAGTGAAGGCTCCCA-1_6_1"
"461","TCATACTTCGCGCTGA-1_6_1"
"462","TCATATCGTAGTCGGA-1_6_1"
"463","TCATCCGGTACGAGCA-1_6_1"
"464","TCATGCCTCTCAATCT-1_6_1"
"465","TCATTACAGACTGGGT-1_6_1"
"466","TCATTCAGTCGCAGTC-1_6_1"
"467","TCATTGTCACCGTGAC-1_6_1"
"468","TCATTTGTCCAGTGCG-1_6_1"
"469","TCCATCGGTCTTGGTA-1_6_1"
"470","TCCCACAAGTACTGGG-1_6_1"
"471","TCCCAGTCATCTATCT-1_6_1"
"472","TCCGATCAGTTTCAGC-1_6_1"
"473","TCCGTGTCAAATAAGC-1_6_1"
"474","TCCTGCACACGTCTCT-1_6_1"
"475","TCCTTCTAGGTTCTTG-1_6_1"
"476","TCGAACAAGAAGTCAT-1_6_1"
"477","TCGAACATCTGCATAG-1_6_1"
"478","TCGAAGTGTACTCCCT-1_6_1"
"479","TCGACGGAGCGTCAGA-1_6_1"
"480","TCGATTTCATTAGGAA-1_6_1"
"481","TCGCACTAGCTTCGTA-1_6_1"
"482","TCGCAGGCACGACAGA-1_6_1"
"483","TCGCTCACATCGTGGC-1_6_1"
"484","TCGGATATCAGGAAGC-1_6_1"
"485","TCGGGACAGACAACAT-1_6_1"
"486","TCGGGCACAGGATCTT-1_6_1"
"487","TCGGGTGGTTGCGTAT-1_6_1"
"488","TCGTGGGGTAGAATGT-1_6_1"
"489","TCGTGGGTCACGGGAA-1_6_1"
"490","TCTAACTGTAACACGG-1_6_1"
"491","TCTGCCAAGTTTAGGA-1_6_1"
"492","TCTTAGTTCATCCTAT-1_6_1"
"493","TCTTCCTCAGGACTAG-1_6_1"
"494","TGAATGCGTCGTCGGT-1_6_1"
"495","TGACAGTGTGTTACTG-1_6_1"
"496","TGACTCCTCAGCAGAG-1_6_1"
"497","TGAGGAGGTCCGTACG-1_6_1"
"498","TGAGGAGTCAACTGGT-1_6_1"
"499","TGAGGTTCAATGCTCA-1_6_1"
"500","TGAGGTTGTGACCGAA-1_6_1"
"501","TGAGTCAAGGCCACTC-1_6_1"
"502","TGAGTCATCCAGTGTA-1_6_1"
"503","TGATCAGGTGTTCCTC-1_6_1"
"504","TGATCAGTCATTCTTG-1_6_1"
"505","TGATCTTGTGGGCTCT-1_6_1"
"506","TGCACGGTCTCCAATT-1_6_1"
"507","TGCAGATAGAACTGAT-1_6_1"
"508","TGCAGGCCATGTCGTA-1_6_1"
"509","TGCGGGTAGTAACCGG-1_6_1"
"510","TGCTCGTAGGAGATAG-1_6_1"
"511","TGCTCGTCAGAGTGAC-1_6_1"
"512","TGCTCGTTCCACCTCA-1_6_1"
"513","TGCTCGTTCCTGGGTG-1_6_1"
"514","TGCTTCGGTCCTGGGT-1_6_1"
"515","TGGAACTAGGATACGC-1_6_1"
"516","TGGAACTTCAATCCGA-1_6_1"
"517","TGGAGGACACTGGCGT-1_6_1"
"518","TGGATCAAGGAGATAG-1_6_1"
"519","TGGATCATCCGAAATC-1_6_1"
"520","TGGGCTGAGATCGACG-1_6_1"
"521","TGGGCTGAGTCGCCCA-1_6_1"
"522","TGGGCTGTCGTTTACT-1_6_1"
"523","TGGTAGTAGCTCCGAC-1_6_1"
"524","TGGTGATCATACCATG-1_6_1"
"525","TGGTTAGTCCCGAGGT-1_6_1"
"526","TGGTTAGTCTAGCATG-1_6_1"
"527","TGTAAGCTCAGCTTCC-1_6_1"
"528","TGTGATGCACATGGTT-1_6_1"
"529","TGTGGCGAGGTCATCT-1_6_1"
"530","TGTGTGATCAGGACAG-1_6_1"
"531","TGTTACTTCGCACGAC-1_6_1"
"532","TGTTCATAGCAGCCTC-1_6_1"
"533","TGTTTGTAGACGCCAA-1_6_1"
"534","TGTTTGTGTCGGTGTC-1_6_1"
"535","TTAATCCCATGCTGCG-1_6_1"
"536","TTAATCCGTCCGAAGA-1_6_1"
"537","TTACCATTCTGAGATC-1_6_1"
"538","TTACCGCCAGGAATCG-1_6_1"
"539","TTACGTTGTCTAGTGT-1_6_1"
"540","TTAGTCTAGTTGTCAC-1_6_1"
"541","TTCACCGTCGCCAGTG-1_6_1"
"542","TTCATTGTCACGGAGA-1_6_1"
"543","TTCCAATCATAATCGC-1_6_1"
"544","TTCCGTGCAAGCTGTT-1_6_1"
"545","TTCGGTCGTATTTCCT-1_6_1"
"546","TTCTAACCACCCTGTT-1_6_1"
"547","TTCTAGTCACAGTATC-1_6_1"
"548","TTCTCTCCAATTAGGA-1_6_1"
"549","TTCTGTACAGTCGTTA-1_6_1"
"550","TTCTTCCCACGTGAGA-1_6_1"
"551","TTGAACGCAAAGAACT-1_6_1"
"552","TTGAACGGTCCTGGGT-1_6_1"
"553","TTGACCCAGCACGTCC-1_6_1"
"554","TTGCTGCAGTTAGTGA-1_6_1"
"555","TTGCTGCGTGGCTAGA-1_6_1"
"556","TTGGATGCACTAACCA-1_6_1"
"557","TTGGGCGGTTGCTCCT-1_6_1"
"558","TTGGTTTTCTGGGTCG-1_6_1"
"559","TTGTTGTCAACTTGCA-1_6_1"
"560","TTGTTTGCATGAGGGT-1_6_1"
"561","TTTACCACATTGAAAG-1_6_1"
"562","TTTACGTTCTGCATGA-1_6_1"
"563","TTTCAGTGTCGTTCAA-1_6_1"
"564","TTTCATGGTTCATCGA-1_6_1"
"565","TTTCATGTCAGTGTCA-1_6_1"
"566","TTTGATCAGCCACCGT-1_6_1"
"567","TTTGGTTAGCGTCTGC-1_6_1"
"568","TTTGTTGGTAGATTAG-1_6_1"
