"","x"
"1","AAACGAAAGATCACTC-1_3_1"
"2","AAACGCTCATAGAAAC-1_3_1"
"3","AAAGGATAGTAAACGT-1_3_1"
"4","AAAGGGCCAACACGTT-1_3_1"
"5","AAAGGTAAGCACGATG-1_3_1"
"6","AAAGGTAAGTCGAAGC-1_3_1"
"7","AAAGGTAAGTTCGCAT-1_3_1"
"8","AAAGGTACAACCAGAG-1_3_1"
"9","AAAGGTACATACGCAT-1_3_1"
"10","AAAGGTAGTATTCTCT-1_3_1"
"11","AAAGTCCGTAAGCGGT-1_3_1"
"12","AAAGTGAAGGTGATAT-1_3_1"
"13","AAAGTGAGTTTCCATT-1_3_1"
"14","AAAGTGATCATTGTGG-1_3_1"
"15","AAATGGACAAGGGTCA-1_3_1"
"16","AAATGGATCGCCATAA-1_3_1"
"17","AACAAAGAGTATAGGT-1_3_1"
"18","AACAAAGTCCAACCGG-1_3_1"
"19","AACAACCCAAGCGAAC-1_3_1"
"20","AACAAGAAGAAGCCTG-1_3_1"
"21","AACAAGAAGCGCTTCG-1_3_1"
"22","AACAAGATCGCCTATC-1_3_1"
"23","AACACACCAATTGAAG-1_3_1"
"24","AACAGGGCACCCAATA-1_3_1"
"25","AACAGGGCAGAATGTA-1_3_1"
"26","AACCAACCACAGTATC-1_3_1"
"27","AACCACAGTCGCCACA-1_3_1"
"28","AACCCAAAGTACCGGA-1_3_1"
"29","AACCCAACAGCATCTA-1_3_1"
"30","AACCCAATCGGCAGTC-1_3_1"
"31","AACCTTTGTCATCCCT-1_3_1"
"32","AACGAAAAGCTTTCTT-1_3_1"
"33","AACGAAACAAATTGGA-1_3_1"
"34","AACGGGACACGGCACT-1_3_1"
"35","AACGGGACACGGGTAA-1_3_1"
"36","AACGGGATCAGCAGAG-1_3_1"
"37","AACGGGATCCTCTTTC-1_3_1"
"38","AACTTCTAGCACACCC-1_3_1"
"39","AAGAACACAGCTGAAG-1_3_1"
"40","AAGACAACAGAACTAA-1_3_1"
"41","AAGATAGAGTTCGGTT-1_3_1"
"42","AAGCATCCAATTCACG-1_3_1"
"43","AAGCCATCAGATCACT-1_3_1"
"44","AAGCGAGTCATCGCTC-1_3_1"
"45","AAGCGTTAGCTCATAC-1_3_1"
"46","AAGCGTTAGTCTAGCT-1_3_1"
"47","AAGCGTTTCGTAACAC-1_3_1"
"48","AAGGTAAAGGCATCTT-1_3_1"
"49","AAGGTAAAGTAGCTCT-1_3_1"
"50","AAGGTAACACCTCTAC-1_3_1"
"51","AAGGTAATCATAGACC-1_3_1"
"52","AAGTACCCAACACTAC-1_3_1"
"53","AAGTACCTCTAAACGC-1_3_1"
"54","AAGTTCGTCGGAAGGT-1_3_1"
"55","AATAGAGAGCGCACAA-1_3_1"
"56","AATAGAGAGTTAGAAC-1_3_1"
"57","AATCACGTCTCGCTCA-1_3_1"
"58","AATCGACGTGGGCTCT-1_3_1"
"59","AATCGTGTCAGAGTGG-1_3_1"
"60","AATGAAGAGTGCACCC-1_3_1"
"61","AATGAAGCACCTGCTT-1_3_1"
"62","AATGAAGTCTGAGCAT-1_3_1"
"63","AATGACCAGTTGCATC-1_3_1"
"64","AATGACCCACAAGCTT-1_3_1"
"65","AATGGCTAGCACTCAT-1_3_1"
"66","AATGGCTAGGGTATAT-1_3_1"
"67","AATGGCTCAAACCACT-1_3_1"
"68","AATGGCTTCGACCATA-1_3_1"
"69","AATTCCTGTTTCGTTT-1_3_1"
"70","AATTCCTTCCGATCGG-1_3_1"
"71","AATTTCCGTGATAGTA-1_3_1"
"72","ACAAAGACAGGACAGT-1_3_1"
"73","ACAACCAAGAGCCGAT-1_3_1"
"74","ACAAGCTTCCCTTTGG-1_3_1"
"75","ACAAGCTTCCTCTGCA-1_3_1"
"76","ACACAGTCACTGAGGA-1_3_1"
"77","ACACCAAAGTACAACA-1_3_1"
"78","ACACCAAGTCCAGTTA-1_3_1"
"79","ACACCAAGTTCCTTGC-1_3_1"
"80","ACACCAATCATCGCTC-1_3_1"
"81","ACACGCGTCATCGACA-1_3_1"
"82","ACACTGAGTACCCGCA-1_3_1"
"83","ACAGAAAAGTGGTTGG-1_3_1"
"84","ACAGAAATCTCGAGTA-1_3_1"
"85","ACAGCCGCATCTTAGG-1_3_1"
"86","ACAGCCGTCGCAGTCG-1_3_1"
"87","ACATCGAAGCACTCCG-1_3_1"
"88","ACATCGAAGTGCCAGA-1_3_1"
"89","ACATCGACATATCTCT-1_3_1"
"90","ACCAAACAGCGCCCAT-1_3_1"
"91","ACCAACAAGGAGAATG-1_3_1"
"92","ACCCTCACAGTCTACA-1_3_1"
"93","ACCCTCACAGTTCTAG-1_3_1"
"94","ACCGTTCAGACTGTTC-1_3_1"
"95","ACCGTTCCAAGTGGGT-1_3_1"
"96","ACCGTTCCACAACGTT-1_3_1"
"97","ACCTACCGTATCGGTT-1_3_1"
"98","ACCTGTCAGGAAGTAG-1_3_1"
"99","ACCTGTCGTAGGTTTC-1_3_1"
"100","ACGATGTCAAATGCGG-1_3_1"
"101","ACGATGTGTCACGCTG-1_3_1"
"102","ACGATGTGTGAATAAC-1_3_1"
"103","ACGATGTGTGTTCCTC-1_3_1"
"104","ACGCACGAGGTCATTC-1_3_1"
"105","ACGGGTCCACGGTGAA-1_3_1"
"106","ACGGTCGTCAGAACCT-1_3_1"
"107","ACGGTTAGTTAAGTCC-1_3_1"
"108","ACGGTTATCGGTGCAC-1_3_1"
"109","ACGTAACAGCTAGCCC-1_3_1"
"110","ACGTAACAGTCCGTCG-1_3_1"
"111","ACGTAACTCTGGAAGG-1_3_1"
"112","ACGTACACACAAGCAG-1_3_1"
"113","ACGTACAGTGAGATAT-1_3_1"
"114","ACGTTCCCAAGTGGAC-1_3_1"
"115","ACGTTCCTCTACTATC-1_3_1"
"116","ACGTTCCTCTGATTCT-1_3_1"
"117","ACTACGAAGAGGCGGA-1_3_1"
"118","ACTACGAGTTCTCGCT-1_3_1"
"119","ACTATCTCAATCTAGC-1_3_1"
"120","ACTATCTGTTCGTTCC-1_3_1"
"121","ACTATGGAGGATACAT-1_3_1"
"122","ACTCTCGAGTTTAGGA-1_3_1"
"123","ACTCTCGTCCAAGCCG-1_3_1"
"124","ACTCTCGTCTTCACAT-1_3_1"
"125","ACTGATGGTCAGCTTA-1_3_1"
"126","ACTGCAACAACTCCCT-1_3_1"
"127","ACTGTCCCAAACGTGG-1_3_1"
"128","ACTGTCCCACTACCCT-1_3_1"
"129","ACTTATCAGTGGATAT-1_3_1"
"130","ACTTATCCAAAGCAAT-1_3_1"
"131","ACTTATCCACTGAGTT-1_3_1"
"132","ACTTATCTCTAATTCC-1_3_1"
"133","ACTTCCGAGATGGTCG-1_3_1"
"134","ACTTCCGAGCGCCTAC-1_3_1"
"135","ACTTCCGCAGTACTAC-1_3_1"
"136","ACTTCCGTCACCGACG-1_3_1"
"137","ACTTCGCGTCTTCTAT-1_3_1"
"138","ACTTTGTAGAAACTGT-1_3_1"
"139","ACTTTGTAGTCGTCTA-1_3_1"
"140","ACTTTGTCACACCGAC-1_3_1"
"141","AGAAATGCATAACTCG-1_3_1"
"142","AGAACCTGTACTCGAT-1_3_1"
"143","AGAAGCGAGGTCACAG-1_3_1"
"144","AGAAGTAAGGAAGTCC-1_3_1"
"145","AGAAGTAGTACTCGCG-1_3_1"
"146","AGACACTAGTCAATCC-1_3_1"
"147","AGACACTCAGGCCCTA-1_3_1"
"148","AGACACTGTGTTCGTA-1_3_1"
"149","AGACCATCAAGGCCTC-1_3_1"
"150","AGACCCGCACTGTCCT-1_3_1"
"151","AGACCCGCATCAGCTA-1_3_1"
"152","AGACTCAAGTGCAGGT-1_3_1"
"153","AGACTCAGTTACCCAA-1_3_1"
"154","AGACTCATCCTACCGT-1_3_1"
"155","AGAGAATAGAACGCGT-1_3_1"
"156","AGAGAATCACCTCAGG-1_3_1"
"157","AGAGAGCTCCATTTCA-1_3_1"
"158","AGAGCAGAGCTTGTTG-1_3_1"
"159","AGAGCCCAGAGTGAAG-1_3_1"
"160","AGAGCCCAGGCCACCT-1_3_1"
"161","AGAGCCCCAACGTTAC-1_3_1"
"162","AGAGCCCCAAGTGATA-1_3_1"
"163","AGATAGAAGACTGGGT-1_3_1"
"164","AGATAGATCACTCCGT-1_3_1"
"165","AGATAGATCGGTCAGC-1_3_1"
"166","AGATCGTCACGGTAGA-1_3_1"
"167","AGATGAAGTGCGTGCT-1_3_1"
"168","AGCCAATCACTAAACC-1_3_1"
"169","AGCCAATCATAGTCGT-1_3_1"
"170","AGCCACGCACCGTGAC-1_3_1"
"171","AGCCAGCAGTGAGGCT-1_3_1"
"172","AGCGCCAAGCAAATGT-1_3_1"
"173","AGCGCCAGTACGCTTA-1_3_1"
"174","AGCGCCATCGCTCTAC-1_3_1"
"175","AGCGCTGTCACCTGTC-1_3_1"
"176","AGCGCTGTCGATCCCT-1_3_1"
"177","AGCGTATAGTGCTACT-1_3_1"
"178","AGCGTATCAAGCCCAC-1_3_1"
"179","AGCGTATGTGAAGCTG-1_3_1"
"180","AGCGTATTCCATTCAT-1_3_1"
"181","AGCGTCGAGCATCTTG-1_3_1"
"182","AGCGTCGCAAACCACT-1_3_1"
"183","AGCGTCGCAGGAGGAG-1_3_1"
"184","AGCGTCGCATTACGGT-1_3_1"
"185","AGCTACACAAGCACAG-1_3_1"
"186","AGCTACATCGCCGAGT-1_3_1"
"187","AGCTTCCGTAAGATAC-1_3_1"
"188","AGGAAATCAAGCTGCC-1_3_1"
"189","AGGAAATTCAGTGTGT-1_3_1"
"190","AGGAATACAGCACCCA-1_3_1"
"191","AGGACGATCCACGGAC-1_3_1"
"192","AGGACTTCAGAAGCGT-1_3_1"
"193","AGGAGGTTCACCCTGT-1_3_1"
"194","AGGAGGTTCGTTCCCA-1_3_1"
"195","AGGATAAAGGTCACTT-1_3_1"
"196","AGGATAAGTAGCTTGT-1_3_1"
"197","AGGATCTAGACGACTG-1_3_1"
"198","AGGATCTAGGGAGGTG-1_3_1"
"199","AGGATCTAGTACCGGA-1_3_1"
"200","AGGATCTCATAGGTTC-1_3_1"
"201","AGGCATTCAATTAGGA-1_3_1"
"202","AGGCATTGTTGGGACA-1_3_1"
"203","AGGCATTTCCAAGGGA-1_3_1"
"204","AGGCTGCCAGAACTCT-1_3_1"
"205","AGGCTGCCAGTAGATA-1_3_1"
"206","AGGCTGCTCGAAGCAG-1_3_1"
"207","AGGGAGTAGGGCTAAC-1_3_1"
"208","AGGGAGTGTATCCTTT-1_3_1"
"209","AGGGAGTGTTCGCGTG-1_3_1"
"210","AGGGAGTTCATCGCCT-1_3_1"
"211","AGGGCTCTCCTCGCAT-1_3_1"
"212","AGGGTCCCAGAATTCC-1_3_1"
"213","AGGGTCCGTCTTACAG-1_3_1"
"214","AGGGTGAAGTAGAATC-1_3_1"
"215","AGGGTTTAGAGGGCGA-1_3_1"
"216","AGGGTTTAGATACCAA-1_3_1"
"217","AGGTAGGCAACTGCTA-1_3_1"
"218","AGGTAGGCATCGAACT-1_3_1"
"219","AGGTAGGGTTCACCGG-1_3_1"
"220","AGGTCATAGGTCACTT-1_3_1"
"221","AGGTCATAGTGTCATC-1_3_1"
"222","AGGTCATGTGAGATCG-1_3_1"
"223","AGGTCATTCAGTGTTG-1_3_1"
"224","AGGTCATTCTCTAGGA-1_3_1"
"225","AGGTGTTCATGACGTT-1_3_1"
"226","AGGTGTTTCACAATGC-1_3_1"
"227","AGGTTACGTCTTTCAT-1_3_1"
"228","AGGTTACGTTACACTG-1_3_1"
"229","AGGTTACTCATCTATC-1_3_1"
"230","AGTACCAAGCGTTCAT-1_3_1"
"231","AGTACTGAGAGCAACC-1_3_1"
"232","AGTACTGAGTGCTACT-1_3_1"
"233","AGTAGCTAGGATTTCC-1_3_1"
"234","AGTAGTCCACGTATAC-1_3_1"
"235","AGTCAACAGCCAAGTG-1_3_1"
"236","AGTCAACCACCAAAGG-1_3_1"
"237","AGTCAACCAGCGTACC-1_3_1"
"238","AGTCAACGTCGAACGA-1_3_1"
"239","AGTCACAAGAATGTTG-1_3_1"
"240","AGTCATGTCTAAACGC-1_3_1"
"241","AGTGACTAGTACGTCT-1_3_1"
"242","AGTGACTCACGCTGTG-1_3_1"
"243","AGTGATCAGATGGGCT-1_3_1"
"244","AGTGATCAGTGAACAT-1_3_1"
"245","AGTGATCCACCAAATC-1_3_1"
"246","AGTGATCTCTTCTTCC-1_3_1"
"247","AGTGTTGCACTGCGAC-1_3_1"
"248","AGTTAGCGTCTCTCTG-1_3_1"
"249","AGTTAGCGTGATACCT-1_3_1"
"250","AGTTCCCCATCTTTCA-1_3_1"
"251","AGTTCCCGTCAAATCC-1_3_1"
"252","AGTTCGATCGGTTGTA-1_3_1"
"253","ATACCGACAATAGTGA-1_3_1"
"254","ATACTTCGTCACCGAC-1_3_1"
"255","ATAGGCTCAGATACTC-1_3_1"
"256","ATAGGCTCAGGTTCGC-1_3_1"
"257","ATAGGCTGTGGGTCAA-1_3_1"
"258","ATATCCTCATCTTCGC-1_3_1"
"259","ATATCCTGTCTGCCTT-1_3_1"
"260","ATCACAGGTTGCCAAT-1_3_1"
"261","ATCACGAAGGATGAGA-1_3_1"
"262","ATCACTTCAGCGTTGC-1_3_1"
"263","ATCACTTTCTGGGAGA-1_3_1"
"264","ATCAGGTGTGAGTGAC-1_3_1"
"265","ATCCACCCAGACATCT-1_3_1"
"266","ATCCACCTCTGCCTGT-1_3_1"
"267","ATCCATTAGTCTCGTA-1_3_1"
"268","ATCCATTCAGTTAAAG-1_3_1"
"269","ATCCATTGTTCGGTCG-1_3_1"
"270","ATCCATTTCCCGGTAG-1_3_1"
"271","ATCCGTCAGCTCCGAC-1_3_1"
"272","ATCCGTCCAGACCAGA-1_3_1"
"273","ATCCGTCGTATCTCTT-1_3_1"
"274","ATCGATGCACAAGTGG-1_3_1"
"275","ATCGATGGTTCTCGTC-1_3_1"
"276","ATCGCCTAGCCGTCGT-1_3_1"
"277","ATCGCCTCACAAGGTG-1_3_1"
"278","ATCGGCGAGTTACGGG-1_3_1"
"279","ATCGGCGCATTGTAGC-1_3_1"
"280","ATCGGCGGTTCTGACA-1_3_1"
"281","ATCGGCGTCCATTGCC-1_3_1"
"282","ATCGTAGAGGCTCCCA-1_3_1"
"283","ATCGTCCCAAAGCGTG-1_3_1"
"284","ATCGTCCCATTGGGAG-1_3_1"
"285","ATCGTCCGTGTGGACA-1_3_1"
"286","ATCGTCCTCACTTTGT-1_3_1"
"287","ATCTCTAAGCAGTCTT-1_3_1"
"288","ATCTCTACAGCGTAGA-1_3_1"
"289","ATCTTCAGTTCTAACG-1_3_1"
"290","ATGAAAGTCAAGAATG-1_3_1"
"291","ATGACCACACGCAGTC-1_3_1"
"292","ATGACCACAGGCACTC-1_3_1"
"293","ATGAGGGCATTGCTGA-1_3_1"
"294","ATGAGTCAGACTTGTC-1_3_1"
"295","ATGAGTCGTCAAGCCC-1_3_1"
"296","ATGCATGCAGTATTCG-1_3_1"
"297","ATGCCTCTCGGAGATG-1_3_1"
"298","ATGGAGGGTCATCGCG-1_3_1"
"299","ATGGAGGGTGTGTGTT-1_3_1"
"300","ATGGATCCACTGCATA-1_3_1"
"301","ATGGGAGGTTTGGCTA-1_3_1"
"302","ATGGGTTAGTTGGACG-1_3_1"
"303","ATGGTTGAGCACCAGA-1_3_1"
"304","ATGGTTGAGGTAGCAC-1_3_1"
"305","ATGGTTGTCGACCAAT-1_3_1"
"306","ATTACCTCATTCGGGC-1_3_1"
"307","ATTACCTTCACTTGTT-1_3_1"
"308","ATTATCCCAACGATTC-1_3_1"
"309","ATTATCCGTCTGCGCA-1_3_1"
"310","ATTCACTTCAAACGTC-1_3_1"
"311","ATTCAGGAGCTCGACC-1_3_1"
"312","ATTCAGGAGCTTTGTG-1_3_1"
"313","ATTCAGGTCCAGCTCT-1_3_1"
"314","ATTCAGGTCGCTTACC-1_3_1"
"315","ATTCCATAGTACCCTA-1_3_1"
"316","ATTCCATGTTGCAACT-1_3_1"
"317","ATTCCATTCGATACTG-1_3_1"
"318","ATTCCTAAGGCCTAAG-1_3_1"
"319","ATTCGTTAGAAGCTGC-1_3_1"
"320","ATTCGTTCACACGGTC-1_3_1"
"321","ATTCGTTGTTGCTGAT-1_3_1"
"322","ATTCTACCAGAGCCCT-1_3_1"
"323","ATTGGGTGTAGCGAGT-1_3_1"
"324","ATTGTTCAGCACTGGA-1_3_1"
"325","ATTTACCCACGTGTGC-1_3_1"
"326","CAACAGTAGATTGAGT-1_3_1"
"327","CAACCAAAGCTGACCC-1_3_1"
"328","CAACCAATCATTGCCC-1_3_1"
"329","CAACCTCCATCTTAGG-1_3_1"
"330","CAACCTCGTTTGGGTT-1_3_1"
"331","CAAGCTAGTAACAGTA-1_3_1"
"332","CAAGCTATCCGGCTTT-1_3_1"
"333","CAAGCTATCGTCACCT-1_3_1"
"334","CAATACGAGCCTGTGC-1_3_1"
"335","CAATACGTCATAAGGA-1_3_1"
"336","CAATACGTCCGTCAAA-1_3_1"
"337","CAATCGAAGTTAGTAG-1_3_1"
"338","CAATGACAGAACCCGA-1_3_1"
"339","CAATGACCAGGTCCGT-1_3_1"
"340","CAATGACGTGCCTGAC-1_3_1"
"341","CAATGACTCCCTTGTG-1_3_1"
"342","CAATTTCCAAATCAGA-1_3_1"
"343","CAATTTCGTAGCGATG-1_3_1"
"344","CACAACACAAGAGTTA-1_3_1"
"345","CACAACAGTACAGAGC-1_3_1"
"346","CACACAAAGCGTGCCT-1_3_1"
"347","CACACAAAGTAAACGT-1_3_1"
"348","CACACAACAGTTAGAA-1_3_1"
"349","CACACAACATGTGCCG-1_3_1"
"350","CACACAACATTCAGCA-1_3_1"
"351","CACACAAGTACGACTT-1_3_1"
"352","CACACAAGTGGGATTG-1_3_1"
"353","CACAGATGTATCACGT-1_3_1"
"354","CACAGGCTCCTATGGA-1_3_1"
"355","CACATGACACGGGTAA-1_3_1"
"356","CACATGACATTCCTAT-1_3_1"
"357","CACATGAGTCAAGCCC-1_3_1"
"358","CACCAAAAGCGCTTCG-1_3_1"
"359","CACCAAAGTCCGGATC-1_3_1"
"360","CACCGTTCAATAGTGA-1_3_1"
"361","CACCGTTCAGAAGTTA-1_3_1"
"362","CACGAATAGCAATTAG-1_3_1"
"363","CACGGGTAGAGTCGAC-1_3_1"
"364","CACGGGTTCTAAGCGT-1_3_1"
"365","CACGTGGAGACGTCGA-1_3_1"
"366","CACGTGGCAACGTAAA-1_3_1"
"367","CACGTTCAGGGTATAT-1_3_1"
"368","CACGTTCCATGGCCAC-1_3_1"
"369","CACTGAAGTAACGTTC-1_3_1"
"370","CACTGGGAGAGCTTTC-1_3_1"
"371","CACTGGGGTAATTAGG-1_3_1"
"372","CACTGGGGTCGGCCTA-1_3_1"
"373","CACTGGGGTTACACTG-1_3_1"
"374","CACTGGGGTTCAAAGA-1_3_1"
"375","CACTGTCAGGAACGCT-1_3_1"
"376","CACTGTCCAGCTTCGG-1_3_1"
"377","CACTGTCGTGTGATGG-1_3_1"
"378","CACTTCGCAAATGGCG-1_3_1"
"379","CACTTCGGTGAGACGT-1_3_1"
"380","CAGCAATTCAGACCGC-1_3_1"
"381","CAGCAGCTCAACTGAC-1_3_1"
"382","CAGCCAGAGGGAGGCA-1_3_1"
"383","CAGCCAGAGGTTGCCC-1_3_1"
"384","CAGCGTGCAGTCGGAA-1_3_1"
"385","CAGCGTGTCGAGAAAT-1_3_1"
"386","CAGCGTGTCGGTGTTA-1_3_1"
"387","CAGCGTGTCTGCGGGT-1_3_1"
"388","CAGGCCACAAGTCGTT-1_3_1"
"389","CAGGGCTCAGGCGTTC-1_3_1"
"390","CAGGGCTGTATCGTTG-1_3_1"
"391","CAGGTATAGCTAAACA-1_3_1"
"392","CAGGTATTCCGCATAA-1_3_1"
"393","CAGTGCGCAGCGACCT-1_3_1"
"394","CAGTTAGTCACCCTGT-1_3_1"
"395","CAGTTCCCATTCTTCA-1_3_1"
"396","CAGTTCCGTCAGACGA-1_3_1"
"397","CAGTTCCTCAGCTTGA-1_3_1"
"398","CAGTTCCTCTGCGTCT-1_3_1"
"399","CATACAGAGCCACCGT-1_3_1"
"400","CATACAGCACAATGCT-1_3_1"
"401","CATACTTAGTAACGTA-1_3_1"
"402","CATACTTGTCACCGAC-1_3_1"
"403","CATAGACAGGAATCGC-1_3_1"
"404","CATAGACAGTTCACTG-1_3_1"
"405","CATAGACGTCCCTGAG-1_3_1"
"406","CATCAAGAGATGGTAT-1_3_1"
"407","CATCAAGAGCTGAGCA-1_3_1"
"408","CATCCACAGAGGTCGT-1_3_1"
"409","CATCCACGTATCGCGC-1_3_1"
"410","CATCCACTCATTTCGT-1_3_1"
"411","CATCCACTCCACGGAC-1_3_1"
"412","CATCCCATCACCGGGT-1_3_1"
"413","CATCCCATCTTTGGAG-1_3_1"
"414","CATCGCTTCACAAGGG-1_3_1"
"415","CATCGGGCATCTGCGG-1_3_1"
"416","CATGAGTTCGCCATAA-1_3_1"
"417","CATGCAACAACGTAAA-1_3_1"
"418","CATGCAACAACGTATC-1_3_1"
"419","CATGCCTAGGCATCGA-1_3_1"
"420","CATGCCTCAGGATTCT-1_3_1"
"421","CATGCCTGTCATGACT-1_3_1"
"422","CATGCGGCAGTTCCAA-1_3_1"
"423","CATGCTCAGAGGGTAA-1_3_1"
"424","CATGGATAGCTGTTAC-1_3_1"
"425","CATGGTAGTTGCTCCT-1_3_1"
"426","CATGGTATCTTCCGTG-1_3_1"
"427","CATTCCGAGCATCAGG-1_3_1"
"428","CATTCCGTCTTACCGC-1_3_1"
"429","CATTCTAAGCCGGATA-1_3_1"
"430","CATTCTAAGCGACTTT-1_3_1"
"431","CATTCTAAGCTCACTA-1_3_1"
"432","CATTCTACAGGTTCGC-1_3_1"
"433","CATTGAGAGTGACCTT-1_3_1"
"434","CATTGTTCACCTGATA-1_3_1"
"435","CATTGTTTCTAAGGAA-1_3_1"
"436","CATTGTTTCTCCTACG-1_3_1"
"437","CATTTCAGTATTCCGA-1_3_1"
"438","CCAAGCGAGTATGACA-1_3_1"
"439","CCAAGCGGTTCCGTTC-1_3_1"
"440","CCAATGACAAGCGCAA-1_3_1"
"441","CCAATTTAGACCCGCT-1_3_1"
"442","CCAATTTCACAGTATC-1_3_1"
"443","CCACAAAAGATGAAGG-1_3_1"
"444","CCACAAACAAGAATGT-1_3_1"
"445","CCACAAATCTCCTACG-1_3_1"
"446","CCACACTCAACTACGT-1_3_1"
"447","CCACACTCAGACTCTA-1_3_1"
"448","CCACACTCAGTCAGTT-1_3_1"
"449","CCACACTCATCGAACT-1_3_1"
"450","CCACGTTAGATGATTG-1_3_1"
"451","CCACGTTCACTCCTTG-1_3_1"
"452","CCACTTGGTCCGGACT-1_3_1"
"453","CCATAAGGTCGGTGTC-1_3_1"
"454","CCATCACGTCTACAGT-1_3_1"
"455","CCCAACTAGGCATTTC-1_3_1"
"456","CCCAACTGTGGGTTGA-1_3_1"
"457","CCCATTGCAAGATTGA-1_3_1"
"458","CCCATTGCACTCAGAT-1_3_1"
"459","CCCATTGCATCAGTCA-1_3_1"
"460","CCCATTGGTAGCACAG-1_3_1"
"461","CCCGAAGAGTCTTCCC-1_3_1"
"462","CCCGAAGAGTTAGTGA-1_3_1"
"463","CCCGGAAGTGAGTAGC-1_3_1"
"464","CCCTCTCAGGAGTCTG-1_3_1"
"465","CCCTCTCCACTACTTT-1_3_1"
"466","CCCTCTCGTTCCTACC-1_3_1"
"467","CCCTCTCTCAAAGAAC-1_3_1"
"468","CCCTGATCAGGGTCTC-1_3_1"
"469","CCCTTAGAGCGCATCC-1_3_1"
"470","CCCTTAGGTTGGTACT-1_3_1"
"471","CCCTTAGTCCTTCAGC-1_3_1"
"472","CCGATCTGTAAGGCCA-1_3_1"
"473","CCGATGGCATCGTGGC-1_3_1"
"474","CCGATGGGTCCAAGAG-1_3_1"
"475","CCGCAAGCATCAACCA-1_3_1"
"476","CCGCAAGGTATCGAGG-1_3_1"
"477","CCGGACAAGATAACAC-1_3_1"
"478","CCGGACATCCGTTGGG-1_3_1"
"479","CCGGGTACAAATACGA-1_3_1"
"480","CCGGGTATCGGTAACT-1_3_1"
"481","CCGGTAGAGCTCATAC-1_3_1"
"482","CCGGTAGGTGTTTGCA-1_3_1"
"483","CCGGTGAAGTGATAAC-1_3_1"
"484","CCGGTGAGTGCTCCGA-1_3_1"
"485","CCGTAGGTCCTGGCTT-1_3_1"
"486","CCGTAGGTCGTTCCCA-1_3_1"
"487","CCGTTCATCCACTAGA-1_3_1"
"488","CCTAACCGTAAGTTAG-1_3_1"
"489","CCTAAGATCGCATTGA-1_3_1"
"490","CCTCAACAGGGTTGCA-1_3_1"
"491","CCTCAACGTGCTCCGA-1_3_1"
"492","CCTCACATCGTGCTCT-1_3_1"
"493","CCTCAGTAGGCCATAG-1_3_1"
"494","CCTCAGTGTCCTGGGT-1_3_1"
"495","CCTCAGTGTTGATGTC-1_3_1"
"496","CCTCATGCAGTCACGC-1_3_1"
"497","CCTCCAAAGTTAACGA-1_3_1"
"498","CCTCCAAGTACGACAG-1_3_1"
"499","CCTCCTCTCGGTCATA-1_3_1"
"500","CCTCTAGAGAACCGCA-1_3_1"
"501","CCTCTAGAGGAATTAC-1_3_1"
"502","CCTCTCCAGATGATTG-1_3_1"
"503","CCTCTCCAGCTGCGAA-1_3_1"
"504","CCTCTCCGTCATACCA-1_3_1"
"505","CCTGTTGTCGTGCGAC-1_3_1"
"506","CCTTCAGAGTGATGGC-1_3_1"
"507","CCTTCAGAGTGCTCGC-1_3_1"
"508","CCTTCAGAGTTACGGG-1_3_1"
"509","CCTTGTGAGTCCGCCA-1_3_1"
"510","CCTTTGGTCCGATGTA-1_3_1"
"511","CGAAGGACAGAGAGGG-1_3_1"
"512","CGAAGTTGTATTGGCT-1_3_1"
"513","CGACAGCCATACAGAA-1_3_1"
"514","CGACAGCGTAACGATA-1_3_1"
"515","CGAGAAGTCGAATGCT-1_3_1"
"516","CGAGGAAAGGTAAGGA-1_3_1"
"517","CGAGGAAGTCCAAATC-1_3_1"
"518","CGAGGCTAGAGTGAAG-1_3_1"
"519","CGATGGCTCATGCCAA-1_3_1"
"520","CGATGGCTCCCTGGTT-1_3_1"
"521","CGCAGGTCATGACTCA-1_3_1"
"522","CGCAGGTTCCCACAGG-1_3_1"
"523","CGCAGGTTCGTAGGAG-1_3_1"
"524","CGCATGGAGCCGATTT-1_3_1"
"525","CGCATGGAGTGGGAAA-1_3_1"
"526","CGCCAGAAGAATTTGG-1_3_1"
"527","CGCCAGAGTAGGTTTC-1_3_1"
"528","CGCCAGATCATGCCAA-1_3_1"
"529","CGCCAGATCCGGCTTT-1_3_1"
"530","CGCCATTAGGGACACT-1_3_1"
"531","CGCCATTTCCGAGGCT-1_3_1"
"532","CGCGTGAGTAGCGCCT-1_3_1"
"533","CGCGTGAGTGCAGATG-1_3_1"
"534","CGCGTGATCGAGAGAC-1_3_1"
"535","CGGAACCTCCATATGG-1_3_1"
"536","CGGAATTCATCCTAAG-1_3_1"
"537","CGGAATTTCTCCGTGT-1_3_1"
"538","CGGACACCAATGTTGC-1_3_1"
"539","CGGACACTCATAAGGA-1_3_1"
"540","CGGAGAAAGCTAAATG-1_3_1"
"541","CGGAGAAAGTACTGGG-1_3_1"
"542","CGGGACTGTATTGGCT-1_3_1"
"543","CGGGACTTCGTGAGAG-1_3_1"
"544","CGGGCATAGGGTGAGG-1_3_1"
"545","CGGGTCAAGATCGCCC-1_3_1"
"546","CGGGTGTCATCGAGCC-1_3_1"
"547","CGGGTGTGTAACCCGC-1_3_1"
"548","CGGTCAGAGCCAAGCA-1_3_1"
"549","CGGTCAGCATTCGGGC-1_3_1"
"550","CGGTCAGGTCGGTGTC-1_3_1"
"551","CGGTCAGGTGTCCACG-1_3_1"
"552","CGTAAGTAGCCAGAGT-1_3_1"
"553","CGTAAGTGTGAGCCAA-1_3_1"
"554","CGTAATGTCTATACGG-1_3_1"
"555","CGTCAAAAGGTACAAT-1_3_1"
"556","CGTCAAACACGTCGTG-1_3_1"
"557","CGTGAATCAATGGGTG-1_3_1"
"558","CGTGAATGTCCTACAA-1_3_1"
"559","CGTGATAGTACCGGAA-1_3_1"
"560","CGTGATATCTCGTCGT-1_3_1"
"561","CGTGCTTAGTTAACGA-1_3_1"
"562","CGTGCTTGTGAGACCA-1_3_1"
"563","CGTGTCTCAGAGTCTT-1_3_1"
"564","CGTTAGAAGGTCGACA-1_3_1"
"565","CGTTAGACAGGTCCGT-1_3_1"
"566","CGTTCTGCAGGCACTC-1_3_1"
"567","CGTTCTGGTATCTCTT-1_3_1"
"568","CGTTCTGTCGATCCCT-1_3_1"
"569","CGTTGGGGTAGCTCGC-1_3_1"
"570","CTAACTTTCGGTGTAT-1_3_1"
"571","CTAAGTGGTGGCCACT-1_3_1"
"572","CTACAGACAGTTGTTG-1_3_1"
"573","CTACAGAGTAAGTCAA-1_3_1"
"574","CTACATTCACACACGC-1_3_1"
"575","CTACATTGTTAGGCTT-1_3_1"
"576","CTACCCACACCGTCGA-1_3_1"
"577","CTACCTGCACTTCTCG-1_3_1"
"578","CTACCTGTCCCGAAAT-1_3_1"
"579","CTACGGGCATCAGCTA-1_3_1"
"580","CTACGGGGTCCTCATC-1_3_1"
"581","CTACTATAGCTAAACA-1_3_1"
"582","CTACTATCAGCGTTGC-1_3_1"
"583","CTACTATCATCTAGAC-1_3_1"
"584","CTACTATTCGCTAGCG-1_3_1"
"585","CTAGGTAAGTGTACAA-1_3_1"
"586","CTAGGTACAACAGCCC-1_3_1"
"587","CTATAGGAGGCTATCT-1_3_1"
"588","CTATAGGCAGACTGCC-1_3_1"
"589","CTATAGGCAGGCAATG-1_3_1"
"590","CTATAGGCATGACAAA-1_3_1"
"591","CTATCCGCATTATGCG-1_3_1"
"592","CTCAACCCATGGCCCA-1_3_1"
"593","CTCAACCGTATTGGCT-1_3_1"
"594","CTCAAGAAGCGTACAG-1_3_1"
"595","CTCACTGTCGGCATTA-1_3_1"
"596","CTCACTGTCTCGTGGG-1_3_1"
"597","CTCAGAAAGCAAACAT-1_3_1"
"598","CTCAGAAAGGATTACA-1_3_1"
"599","CTCAGTCCACCTCTGT-1_3_1"
"600","CTCAGTCGTCCATACA-1_3_1"
"601","CTCATCGCATGGAATA-1_3_1"
"602","CTCATCGGTCACATTG-1_3_1"
"603","CTCATGCTCCTCGCAT-1_3_1"
"604","CTCCAACTCCCATAGA-1_3_1"
"605","CTCCACATCAACTCTT-1_3_1"
"606","CTCCATGGTCAGTCTA-1_3_1"
"607","CTCCCAAAGAGGTTTA-1_3_1"
"608","CTCCCAACAAATACGA-1_3_1"
"609","CTCCGATCACTGTCGG-1_3_1"
"610","CTCCGATCAGACCTAT-1_3_1"
"611","CTCCGATGTTGAGGAC-1_3_1"
"612","CTCCTTTCATAGGTAA-1_3_1"
"613","CTCCTTTGTAACATCC-1_3_1"
"614","CTCGAGGAGTGTTCAC-1_3_1"
"615","CTCGAGGCATCTATCT-1_3_1"
"616","CTCTCAGTCCTGTAGA-1_3_1"
"617","CTCTCAGTCGAACCAT-1_3_1"
"618","CTCTCGAAGGCCCGTT-1_3_1"
"619","CTCTGGTCAGATTCGT-1_3_1"
"620","CTCTGGTTCCCATGGG-1_3_1"
"621","CTGAGCGAGGCTAGCA-1_3_1"
"622","CTGAGCGCAAGTTCGT-1_3_1"
"623","CTGAGGCAGTGTTCAC-1_3_1"
"624","CTGATCCTCAAAGACA-1_3_1"
"625","CTGATCCTCCCTTCCC-1_3_1"
"626","CTGCAGGCAGGCTACC-1_3_1"
"627","CTGCAGGTCTTACACT-1_3_1"
"628","CTGCCATAGGCTGTAG-1_3_1"
"629","CTGCCTACATCACGGC-1_3_1"
"630","CTGCCTAGTCATCCCT-1_3_1"
"631","CTGCCTATCTAATTCC-1_3_1"
"632","CTGCGAGTCGCCTTGT-1_3_1"
"633","CTGCTCACAAGTATCC-1_3_1"
"634","CTGGACGAGATTCGAA-1_3_1"
"635","CTGGTCTCAAGCAGGT-1_3_1"
"636","CTGGTCTGTCTGCGCA-1_3_1"
"637","CTGTACCGTGTGTCCG-1_3_1"
"638","CTGTAGAGTATAGGAT-1_3_1"
"639","CTGTAGAGTCCGGATC-1_3_1"
"640","CTGTAGATCGCATTAG-1_3_1"
"641","CTGTCGTAGCACGGAT-1_3_1"
"642","CTGTGAAAGGATATGT-1_3_1"
"643","CTGTGAAGTACGATTC-1_3_1"
"644","CTGTGAAGTAGTCACT-1_3_1"
"645","CTGTGGGGTAGGTTTC-1_3_1"
"646","CTTAGGACAAGTATAG-1_3_1"
"647","CTTCAATCAACCAACT-1_3_1"
"648","CTTCAATCAGAGAAAG-1_3_1"
"649","CTTCCGACATCGGTTA-1_3_1"
"650","CTTCCGAGTGGAATGC-1_3_1"
"651","CTTCCTTTCCGATCGG-1_3_1"
"652","CTTCTAATCCTGGGTG-1_3_1"
"653","CTTCTCTGTCTGTGAT-1_3_1"
"654","CTTGAGAGTTCGGGTC-1_3_1"
"655","CTTGATTGTGTTTCTT-1_3_1"
"656","CTTTCAAAGCAGGTCA-1_3_1"
"657","CTTTCGGCATTGCAAC-1_3_1"
"658","CTTTCGGTCCCTCAAC-1_3_1"
"659","GAAACCTAGGCTAAAT-1_3_1"
"660","GAAACCTGTACGTGTT-1_3_1"
"661","GAACACTGTGAGTAAT-1_3_1"
"662","GAACGTTCATCGGCCA-1_3_1"
"663","GAACTGTTCTGGGATT-1_3_1"
"664","GAAGAATAGCGCTGCT-1_3_1"
"665","GAAGAATTCTACACTT-1_3_1"
"666","GAAGGACGTCAGGCAA-1_3_1"
"667","GAAGGGTCACGGTAGA-1_3_1"
"668","GAAGGGTGTAGGAAAG-1_3_1"
"669","GAAGGGTTCTCGACCT-1_3_1"
"670","GAAGTAAGTTATAGAG-1_3_1"
"671","GAAGTAATCTACGGGC-1_3_1"
"672","GACACGCTCATTATCC-1_3_1"
"673","GACAGCCGTACATACC-1_3_1"
"674","GACAGCCGTCAAAGCG-1_3_1"
"675","GACAGCCTCGATTTCT-1_3_1"
"676","GACCAATCACGAGGTA-1_3_1"
"677","GACCAATGTCTCGGAC-1_3_1"
"678","GACCCTTGTTTAGAGA-1_3_1"
"679","GACCCTTTCTCGTTTA-1_3_1"
"680","GACCGTGAGAGGCCAT-1_3_1"
"681","GACCGTGAGCACTCAT-1_3_1"
"682","GACCTTCAGGTCGACA-1_3_1"
"683","GACGTTAAGCAGCACA-1_3_1"
"684","GACGTTACACCAGCGT-1_3_1"
"685","GACGTTATCCATAGGT-1_3_1"
"686","GACTCAACAGCTGAAG-1_3_1"
"687","GACTCAAGTGCACAAG-1_3_1"
"688","GACTCAAGTTGCGGAA-1_3_1"
"689","GACTCTCTCGATACGT-1_3_1"
"690","GACTGATTCCAAAGGG-1_3_1"
"691","GACTTCCTCGCCGAGT-1_3_1"
"692","GACTTCCTCTCAATCT-1_3_1"
"693","GAGAAATAGATTCGCT-1_3_1"
"694","GAGACCCAGAAGCGCT-1_3_1"
"695","GAGACCCAGTCAACAA-1_3_1"
"696","GAGACCCAGTGGTCAG-1_3_1"
"697","GAGACTTTCATTACCT-1_3_1"
"698","GAGACTTTCTTACACT-1_3_1"
"699","GAGAGGTCAATCTCTT-1_3_1"
"700","GAGAGGTGTGGTAATA-1_3_1"
"701","GAGAGGTTCTTCTCAA-1_3_1"
"702","GAGATGGTCTGAGGCC-1_3_1"
"703","GAGCCTGCAGGTTCCG-1_3_1"
"704","GAGCCTGGTTATGTCG-1_3_1"
"705","GAGCTGCAGCTTACGT-1_3_1"
"706","GAGCTGCCAGCAGTAG-1_3_1"
"707","GAGCTGCGTGAGATCG-1_3_1"
"708","GAGCTGCTCGTCGGGT-1_3_1"
"709","GAGGCAAAGGATCACG-1_3_1"
"710","GAGGCCTAGCTTAGTC-1_3_1"
"711","GAGGCCTGTTCTCCAC-1_3_1"
"712","GAGTCATCAGTCTCTC-1_3_1"
"713","GAGTCATGTAACAGGC-1_3_1"
"714","GAGTCTAGTGGATGAC-1_3_1"
"715","GAGTGAGAGTGACCTT-1_3_1"
"716","GAGTGAGGTCATCCGG-1_3_1"
"717","GAGTGAGTCTGCGTCT-1_3_1"
"718","GAGTGTTCAATCGCGC-1_3_1"
"719","GATAGAACAGAAATTG-1_3_1"
"720","GATAGAAGTCCAGCCA-1_3_1"
"721","GATAGCTAGCATCCTA-1_3_1"
"722","GATCACACAGGCTATT-1_3_1"
"723","GATCACATCCGCGAGT-1_3_1"
"724","GATCAGTAGGCATCGA-1_3_1"
"725","GATCATGCAATACGAA-1_3_1"
"726","GATCCCTTCTACCTTA-1_3_1"
"727","GATCGTAAGCTCGCAC-1_3_1"
"728","GATCGTACAATTCTTC-1_3_1"
"729","GATGAGGGTGGCAACA-1_3_1"
"730","GATGAGGTCTACTGAG-1_3_1"
"731","GATGATCAGCCAGACA-1_3_1"
"732","GATGATCAGCGTGAGT-1_3_1"
"733","GATGCTAAGATGCAGC-1_3_1"
"734","GATGGAGGTATCGAGG-1_3_1"
"735","GATTCGACATCATGAC-1_3_1"
"736","GATTCGACATCCTCAC-1_3_1"
"737","GATTCTTAGGAAGTCC-1_3_1"
"738","GATTCTTTCGCTGTCT-1_3_1"
"739","GATTTCTGTCGTTTCC-1_3_1"
"740","GCAACATCAGCTGTAT-1_3_1"
"741","GCAACATCATCGATCA-1_3_1"
"742","GCAACCGAGAGACAAG-1_3_1"
"743","GCACATACAGAGTGAC-1_3_1"
"744","GCACGGTCAATAGTGA-1_3_1"
"745","GCACGGTTCCTATTGT-1_3_1"
"746","GCACTAACAGTCAGTT-1_3_1"
"747","GCACTAAGTATATGGA-1_3_1"
"748","GCACTAAGTCGTCATA-1_3_1"
"749","GCACTAATCTGCGGAC-1_3_1"
"750","GCAGCCAAGCTTTCTT-1_3_1"
"751","GCAGCCAAGGTGAGAA-1_3_1"
"752","GCAGCCACACTATCGA-1_3_1"
"753","GCAGCTGAGAAATTGC-1_3_1"
"754","GCAGCTGCAAAGTATG-1_3_1"
"755","GCAGTTACACCCAACG-1_3_1"
"756","GCAGTTATCCTTCTAA-1_3_1"
"757","GCATCGGAGGCCTGCT-1_3_1"
"758","GCATCGGCAATTGAGA-1_3_1"
"759","GCATCTCTCCTCACCA-1_3_1"
"760","GCATGATAGACGACTG-1_3_1"
"761","GCATTAGGTGGACCAA-1_3_1"
"762","GCATTAGTCTACTGCC-1_3_1"
"763","GCCAACGGTCTTGGTA-1_3_1"
"764","GCCAGCATCGGACAAG-1_3_1"
"765","GCCAGGTAGGCCCACT-1_3_1"
"766","GCCATGGAGGCACTAG-1_3_1"
"767","GCCATGGCATCCGAAT-1_3_1"
"768","GCCATGGGTTCCTAGA-1_3_1"
"769","GCCATTCTCCGCACGA-1_3_1"
"770","GCCGATGAGAAACTAC-1_3_1"
"771","GCCGATGTCGCATAGT-1_3_1"
"772","GCCGTGAAGAATACAC-1_3_1"
"773","GCCGTGAGTTCGTACA-1_3_1"
"774","GCCGTGATCGTGACTA-1_3_1"
"775","GCCTGTTCACTACTTT-1_3_1"
"776","GCGATCGAGGGAGGGT-1_3_1"
"777","GCGATCGGTTAGGGTG-1_3_1"
"778","GCGGATCCATCGGAGA-1_3_1"
"779","GCGTGCAAGGAAACGA-1_3_1"
"780","GCGTTTCGTCACAGAG-1_3_1"
"781","GCTACAAAGGATCACG-1_3_1"
"782","GCTACAATCGATACTG-1_3_1"
"783","GCTACAATCGATGCTA-1_3_1"
"784","GCTACCTCAGTCTTCC-1_3_1"
"785","GCTACCTGTTACGGAG-1_3_1"
"786","GCTCAAAAGGATCACG-1_3_1"
"787","GCTGAATAGACACACG-1_3_1"
"788","GCTGAATCAGGCACAA-1_3_1"
"789","GCTGAATGTATACAGA-1_3_1"
"790","GCTGAATGTTTATGCG-1_3_1"
"791","GCTGAATTCACAGAGG-1_3_1"
"792","GCTGCAGGTATGTCCA-1_3_1"
"793","GCTGCAGTCATCTCTA-1_3_1"
"794","GCTGGGTCACGTCTCT-1_3_1"
"795","GCTGGGTCATAATCGC-1_3_1"
"796","GCTGGGTTCTCCAATT-1_3_1"
"797","GCTTGGGAGGTCATTC-1_3_1"
"798","GCTTGGGCAGTGGGTA-1_3_1"
"799","GCTTGGGGTTCTCCAC-1_3_1"
"800","GCTTTCGAGTCTAGAA-1_3_1"
"801","GCTTTCGGTCAACCTA-1_3_1"
"802","GCTTTCGTCGCGTTTC-1_3_1"
"803","GGAATGGCAGCAGTAG-1_3_1"
"804","GGAATGGGTAGACTGG-1_3_1"
"805","GGAATGGTCCCGAACG-1_3_1"
"806","GGACGTCGTAGCACGA-1_3_1"
"807","GGAGAACCATAAGCGG-1_3_1"
"808","GGAGAACGTGCAACAG-1_3_1"
"809","GGAGATGAGTAGTCAA-1_3_1"
"810","GGAGATGGTAGCCCTG-1_3_1"
"811","GGAGATGTCGACGCTG-1_3_1"
"812","GGAGGTATCCATCTAT-1_3_1"
"813","GGATCTAGTCCATAGT-1_3_1"
"814","GGATGTTGTAGTCGGA-1_3_1"
"815","GGCACGTCAACAAGTA-1_3_1"
"816","GGCACGTCACCGTCTT-1_3_1"
"817","GGCACGTGTGTTGAGG-1_3_1"
"818","GGCACGTTCTCCATAT-1_3_1"
"819","GGCAGTCGTTAGCGGA-1_3_1"
"820","GGCGTCAAGTGCGACA-1_3_1"
"821","GGCGTCAGTGGTAATA-1_3_1"
"822","GGCGTCATCCAACCGG-1_3_1"
"823","GGCGTCATCTGGGCCA-1_3_1"
"824","GGCTGTGCACTTGGGC-1_3_1"
"825","GGCTGTGTCCGAGTGC-1_3_1"
"826","GGCTTTCAGTCACTGT-1_3_1"
"827","GGCTTTCAGTGACCTT-1_3_1"
"828","GGCTTTCTCTCTTGCG-1_3_1"
"829","GGGACCTTCATTCGTT-1_3_1"
"830","GGGACTCCAGGCACAA-1_3_1"
"831","GGGAGATAGACTCAAA-1_3_1"
"832","GGGAGATTCGATTCCC-1_3_1"
"833","GGGAGATTCGTGGTAT-1_3_1"
"834","GGGAGTACATGACGTT-1_3_1"
"835","GGGATCCTCAAACGAA-1_3_1"
"836","GGGATGAGTGCGAACA-1_3_1"
"837","GGGCCATAGCGCACAA-1_3_1"
"838","GGGCGTTTCCAGGACC-1_3_1"
"839","GGGCTACCACAAGCTT-1_3_1"
"840","GGGCTACGTTCGGGTC-1_3_1"
"841","GGGCTACGTTTGTTCT-1_3_1"
"842","GGGCTCAAGAATAACC-1_3_1"
"843","GGGCTCATCGGTAACT-1_3_1"
"844","GGGCTCATCTGATTCT-1_3_1"
"845","GGGTAGAAGTGTACCT-1_3_1"
"846","GGGTAGATCGGCCAAC-1_3_1"
"847","GGGTATTTCACGATAC-1_3_1"
"848","GGGTATTTCCAATGCA-1_3_1"
"849","GGGTCACCAATTTCCT-1_3_1"
"850","GGGTCACCAGATCATC-1_3_1"
"851","GGGTCTGCAGAGTCTT-1_3_1"
"852","GGGTGAAGTACAAGCG-1_3_1"
"853","GGGTTATTCACGGGAA-1_3_1"
"854","GGGTTATTCCCTCAAC-1_3_1"
"855","GGTAACTCACATGAAA-1_3_1"
"856","GGTAACTGTGAACGGT-1_3_1"
"857","GGTAATCCATGGATCT-1_3_1"
"858","GGTAGAGTCAAAGACA-1_3_1"
"859","GGTCACGGTAGGACTG-1_3_1"
"860","GGTCTGGAGAACTGAT-1_3_1"
"861","GGTGAAGCACGTCGTG-1_3_1"
"862","GGTGGCTTCTTTCTAG-1_3_1"
"863","GGTGTCGAGCCTGGAA-1_3_1"
"864","GGTGTCGTCTGGGATT-1_3_1"
"865","GGTGTTACAGGACTTT-1_3_1"
"866","GGTTGTACAGTTCCAA-1_3_1"
"867","GTAACACCAACTGATC-1_3_1"
"868","GTAACCATCCGGGACT-1_3_1"
"869","GTAATCGGTCACTACA-1_3_1"
"870","GTAATGCAGCGCCATC-1_3_1"
"871","GTAATGCTCAGTGTTG-1_3_1"
"872","GTAATGCTCTACGGGC-1_3_1"
"873","GTACAACCAAGCACCC-1_3_1"
"874","GTACAACGTACAGAAT-1_3_1"
"875","GTACAACTCTATCGGA-1_3_1"
"876","GTACAGTAGCTTCATG-1_3_1"
"877","GTACAGTTCTTCGTAT-1_3_1"
"878","GTAGAAAAGCATTGTC-1_3_1"
"879","GTAGAAACATACTTTC-1_3_1"
"880","GTAGAAAGTCTAGATC-1_3_1"
"881","GTAGAGGCAGTTCTAG-1_3_1"
"882","GTAGAGGTCTGAGTCA-1_3_1"
"883","GTAGATCGTCCGTTTC-1_3_1"
"884","GTAGATCTCATTCTTG-1_3_1"
"885","GTAGCTAGTCACGCTG-1_3_1"
"886","GTAGGAGGTTCCAAAC-1_3_1"
"887","GTAGGTTAGAGCTGCA-1_3_1"
"888","GTAGGTTCAATTCACG-1_3_1"
"889","GTAGGTTTCAAGCGTT-1_3_1"
"890","GTAGGTTTCCAAGCCG-1_3_1"
"891","GTAGTACGTGGGTCAA-1_3_1"
"892","GTATTGGAGTAGGATT-1_3_1"
"893","GTATTGGGTAGCGTAG-1_3_1"
"894","GTATTGGGTTGTCATG-1_3_1"
"895","GTATTTCAGCCGTAAG-1_3_1"
"896","GTATTTCGTCACGTGC-1_3_1"
"897","GTATTTCTCTCTGCTG-1_3_1"
"898","GTCAAACAGTCGCTAT-1_3_1"
"899","GTCAAGTTCGCTTGCT-1_3_1"
"900","GTCACGGGTACGATGG-1_3_1"
"901","GTCACGGGTTTCCATT-1_3_1"
"902","GTCACGGTCACCTGGG-1_3_1"
"903","GTCACTCAGCAGTACG-1_3_1"
"904","GTCACTCGTGGCTGCT-1_3_1"
"905","GTCATCCCATCGTTCC-1_3_1"
"906","GTCATCCTCGAGATGG-1_3_1"
"907","GTCATGATCGCCATAA-1_3_1"
"908","GTCATTTGTGAGATCG-1_3_1"
"909","GTCATTTTCGGATACT-1_3_1"
"910","GTCCCATCATGAGATA-1_3_1"
"911","GTCCCATTCTTCGACC-1_3_1"
"912","GTCCTCATCTACCTTA-1_3_1"
"913","GTCGAATTCGTAGTGT-1_3_1"
"914","GTCGCGATCACGATAC-1_3_1"
"915","GTCGTAAGTACGTGTT-1_3_1"
"916","GTCGTAAGTTAGAAGT-1_3_1"
"917","GTCGTTCAGCATTGAA-1_3_1"
"918","GTCGTTCAGGCCTAGA-1_3_1"
"919","GTCGTTCTCTTCTAAC-1_3_1"
"920","GTCTACCGTACTGTTG-1_3_1"
"921","GTCTACCGTTCTCCCA-1_3_1"
"922","GTCTACCTCGTGCGAC-1_3_1"
"923","GTCTAGATCTGTCAGA-1_3_1"
"924","GTCTCACAGAAGGCTC-1_3_1"
"925","GTCTCACAGAAGTGTT-1_3_1"
"926","GTCTCACCAGCAGTTT-1_3_1"
"927","GTCTCACCAGGCGTTC-1_3_1"
"928","GTGAGTTAGCTGAAAT-1_3_1"
"929","GTGAGTTAGCTGACAG-1_3_1"
"930","GTGAGTTCATCTTCGC-1_3_1"
"931","GTGATGTGTGTTACTG-1_3_1"
"932","GTGCACGCAAATGAGT-1_3_1"
"933","GTGCACGCAATTCACG-1_3_1"
"934","GTGCACGTCTATTTCG-1_3_1"
"935","GTGCAGCAGGATACGC-1_3_1"
"936","GTGCAGCGTGCCGAAA-1_3_1"
"937","GTGCAGCGTGTCACAT-1_3_1"
"938","GTGCAGCGTTAAAGTG-1_3_1"
"939","GTGCGTGTCACTTATC-1_3_1"
"940","GTGCGTGTCCTTCTAA-1_3_1"
"941","GTGCTGGTCCATTTAC-1_3_1"
"942","GTGCTGGTCCTGATAG-1_3_1"
"943","GTGGAAGGTAAGATCA-1_3_1"
"944","GTGGAGAGTCACGTGC-1_3_1"
"945","GTGGCGTAGGGCAATC-1_3_1"
"946","GTGGCGTTCCGTGACG-1_3_1"
"947","GTGGGAAAGGCTCAAG-1_3_1"
"948","GTGGGAAGTGGGAGAG-1_3_1"
"949","GTGGTTAGTGGAGAAA-1_3_1"
"950","GTGTAACCAGCTCGGT-1_3_1"
"951","GTGTAACGTTGGCCTG-1_3_1"
"952","GTGTGATAGGTGTGAC-1_3_1"
"953","GTGTGGCTCTCTTCAA-1_3_1"
"954","GTGTTAGGTCGTCTCT-1_3_1"
"955","GTGTTAGTCCCTCAAC-1_3_1"
"956","GTGTTCCCAAGGCTTT-1_3_1"
"957","GTTACAGAGTATGTAG-1_3_1"
"958","GTTACCCAGATTAGTG-1_3_1"
"959","GTTACCCAGCACTAGG-1_3_1"
"960","GTTACCCAGGAGCAAA-1_3_1"
"961","GTTACCCCATCTAGAC-1_3_1"
"962","GTTACCCTCTGTGCTC-1_3_1"
"963","GTTACGACACGCAAAG-1_3_1"
"964","GTTACGATCTGTAACG-1_3_1"
"965","GTTAGACAGCATCAGG-1_3_1"
"966","GTTAGACAGTCTCTGA-1_3_1"
"967","GTTATGGTCTGGGCCA-1_3_1"
"968","GTTCATTAGTGAGTGC-1_3_1"
"969","GTTCATTCAATTCGTG-1_3_1"
"970","GTTCATTGTGCCCGTA-1_3_1"
"971","GTTCATTTCTGGTCAA-1_3_1"
"972","GTTCCGTGTGGACTGA-1_3_1"
"973","GTTCTATTCATCGACA-1_3_1"
"974","GTTGAACCAAATGCGG-1_3_1"
"975","GTTGAACGTGGATCAG-1_3_1"
"976","GTTGCTCTCCATCAGA-1_3_1"
"977","GTTGTCCAGGATGGCT-1_3_1"
"978","GTTGTGAAGTATGGAT-1_3_1"
"979","GTTTACTAGCATTGAA-1_3_1"
"980","GTTTGGAAGCGTACAG-1_3_1"
"981","GTTTGGACACTAGGTT-1_3_1"
"982","TAACACGGTTCCACAA-1_3_1"
"983","TAACACGTCATGAGGG-1_3_1"
"984","TAACCAGAGTAAACTG-1_3_1"
"985","TAACCAGCATAGGAGC-1_3_1"
"986","TAACTTCAGATTACCC-1_3_1"
"987","TAAGCACGTCAGTTTG-1_3_1"
"988","TAAGCCATCCGCACGA-1_3_1"
"989","TAAGCGTCAATCTCTT-1_3_1"
"990","TAAGCGTCACGTCATA-1_3_1"
"991","TAAGCGTGTGGAACCA-1_3_1"
"992","TAAGTCGCAGGATGAC-1_3_1"
"993","TAATCTCCACGCTGTG-1_3_1"
"994","TACAACGTCACAATGC-1_3_1"
"995","TACAACGTCTTCCCGA-1_3_1"
"996","TACACCCAGGCACCAA-1_3_1"
"997","TACACCCAGGGAGTTC-1_3_1"
"998","TACACCCTCGGAGTGA-1_3_1"
"999","TACAGGTCAGTAACAA-1_3_1"
"1000","TACATTCAGACGCTCC-1_3_1"
"1001","TACCCACCAACTGTGT-1_3_1"
"1002","TACCCACTCTCGCTTG-1_3_1"
"1003","TACCGAACAGTGCGCT-1_3_1"
"1004","TACCGAATCTTAGCTT-1_3_1"
"1005","TACCGGGAGAGGGTGG-1_3_1"
"1006","TACCGGGCATATCTGG-1_3_1"
"1007","TACCGGGGTGTCCGGT-1_3_1"
"1008","TACCTCGTCGGACGTC-1_3_1"
"1009","TACGCTCGTTTGATCG-1_3_1"
"1010","TACGGGCCATCATTGG-1_3_1"
"1011","TACGGGCGTAACACGG-1_3_1"
"1012","TACGGGCTCCCTGTTG-1_3_1"
"1013","TACGGGCTCCTGTTAT-1_3_1"
"1014","TACGGGCTCTCTGACC-1_3_1"
"1015","TACGTCCAGATACAGT-1_3_1"
"1016","TACGTCCAGGCCCGTT-1_3_1"
"1017","TACGTCCTCGAGCTGC-1_3_1"
"1018","TACTGCCCAGCTGGTC-1_3_1"
"1019","TACTGCCGTGAGATCG-1_3_1"
"1020","TACTTACGTATACCCA-1_3_1"
"1021","TACTTACTCGGAGTAG-1_3_1"
"1022","TACTTACTCTCACCCA-1_3_1"
"1023","TACTTGTGTAAGTAGT-1_3_1"
"1024","TACTTGTTCCGCAACG-1_3_1"
"1025","TAGACCATCGCCCAGA-1_3_1"
"1026","TAGACTGAGAAGCTGC-1_3_1"
"1027","TAGACTGAGATACGAT-1_3_1"
"1028","TAGACTGCAAGGTCTT-1_3_1"
"1029","TAGACTGCATGAAGCG-1_3_1"
"1030","TAGAGTCCAACAACAA-1_3_1"
"1031","TAGATCGAGGCATGGT-1_3_1"
"1032","TAGATCGAGGTCATTC-1_3_1"
"1033","TAGATCGCAGTCAACT-1_3_1"
"1034","TAGCACAAGTCTGCGC-1_3_1"
"1035","TAGGAGGAGAGACAAG-1_3_1"
"1036","TAGGAGGCACACCGCA-1_3_1"
"1037","TAGGTACGTGCATCTA-1_3_1"
"1038","TAGGTTGAGCATAGGC-1_3_1"
"1039","TAGGTTGAGGTAGATT-1_3_1"
"1040","TAGGTTGTCAGATTGC-1_3_1"
"1041","TAGGTTGTCGACACTA-1_3_1"
"1042","TAGTGCAAGAGTACCG-1_3_1"
"1043","TAGTGCACAGGTCCGT-1_3_1"
"1044","TAGTGCAGTGACACGA-1_3_1"
"1045","TATACCTGTATGCGTT-1_3_1"
"1046","TATATCCCAGCATTGT-1_3_1"
"1047","TATATCCTCAATCCAG-1_3_1"
"1048","TATATCCTCCTCAGGG-1_3_1"
"1049","TATCAGGAGGGCAAGG-1_3_1"
"1050","TATCAGGTCATCGCAA-1_3_1"
"1051","TATCCTACAGTAGAAT-1_3_1"
"1052","TATCGCCCAACCAGAG-1_3_1"
"1053","TATCTGTTCGATCCAA-1_3_1"
"1054","TATCTGTTCTAGTGTG-1_3_1"
"1055","TATCTTGAGCGTATGG-1_3_1"
"1056","TATCTTGCATGCAGGA-1_3_1"
"1057","TATGTTCCAATTTCCT-1_3_1"
"1058","TATGTTCTCCACCTCA-1_3_1"
"1059","TATTCCAGTACGACAG-1_3_1"
"1060","TATTCCAGTTCGGCTG-1_3_1"
"1061","TATTGCTGTCTCACAA-1_3_1"
"1062","TATTGCTTCTCAACGA-1_3_1"
"1063","TATTGGGTCACCTCTG-1_3_1"
"1064","TATTTCGAGGTCACCC-1_3_1"
"1065","TATTTCGTCACCTCAC-1_3_1"
"1066","TCAAGACCAGAGGCAT-1_3_1"
"1067","TCAAGCACAGCTGTAT-1_3_1"
"1068","TCAAGCACATCAGCTA-1_3_1"
"1069","TCAAGCAGTCTACATG-1_3_1"
"1070","TCAAGCAGTTCCGCGA-1_3_1"
"1071","TCAAGCATCACATCAG-1_3_1"
"1072","TCAAGTGAGTCATCGT-1_3_1"
"1073","TCAAGTGGTCGTATTG-1_3_1"
"1074","TCAATCTAGACGACTG-1_3_1"
"1075","TCAATTCAGGCCGCTT-1_3_1"
"1076","TCAATTCGTTATTCCT-1_3_1"
"1077","TCACAAGCACGGTCTG-1_3_1"
"1078","TCACACCTCCGTGACG-1_3_1"
"1079","TCACATTGTAGAGACC-1_3_1"
"1080","TCACGCTCACGTCATA-1_3_1"
"1081","TCACGGGCAAGCGAAC-1_3_1"
"1082","TCACGGGTCAGAATAG-1_3_1"
"1083","TCACTCGCACAGGATG-1_3_1"
"1084","TCACTCGGTTCTTGTT-1_3_1"
"1085","TCAGCAAAGGTACTGG-1_3_1"
"1086","TCAGGGCGTAACAAGT-1_3_1"
"1087","TCAGTCCAGGCCCGTT-1_3_1"
"1088","TCAGTCCCATTCACCC-1_3_1"
"1089","TCAGTTTGTTTGGGTT-1_3_1"
"1090","TCATATCAGCATTTGC-1_3_1"
"1091","TCATATCCAGTCAACT-1_3_1"
"1092","TCATCATCAGGTCCCA-1_3_1"
"1093","TCATCCGGTGGCCTCA-1_3_1"
"1094","TCATGCCAGACGGTCA-1_3_1"
"1095","TCATGCCAGCAGGGAG-1_3_1"
"1096","TCATGCCCACGGTGCT-1_3_1"
"1097","TCATGCCGTTAGAAAC-1_3_1"
"1098","TCATGCCGTTATCTGG-1_3_1"
"1099","TCATGCCTCTGTCCCA-1_3_1"
"1100","TCATGGAGTGATACCT-1_3_1"
"1101","TCATTACCACTATCGA-1_3_1"
"1102","TCATTACGTGATGGCA-1_3_1"
"1103","TCATTCATCACATCAG-1_3_1"
"1104","TCATTCATCGTCCTTG-1_3_1"
"1105","TCCACCAGTTCCGGTG-1_3_1"
"1106","TCCACCATCACGACTA-1_3_1"
"1107","TCCACGTCAGCACAAG-1_3_1"
"1108","TCCACGTGTAAGCGGT-1_3_1"
"1109","TCCAGAACAGCATACT-1_3_1"
"1110","TCCAGAATCGGACTGC-1_3_1"
"1111","TCCATGCTCGCGCCAA-1_3_1"
"1112","TCCCACACAAGTGGGT-1_3_1"
"1113","TCCCAGTTCCAAGCAT-1_3_1"
"1114","TCCCAGTTCTGCTGAA-1_3_1"
"1115","TCCCATGTCATGAGGG-1_3_1"
"1116","TCCGGGAGTACTGCCG-1_3_1"
"1117","TCCGGGAGTGACTCGC-1_3_1"
"1118","TCCTAATTCCACTTTA-1_3_1"
"1119","TCCTCCCGTCGGTACC-1_3_1"
"1120","TCCTCGAGTACCATAC-1_3_1"
"1121","TCCTCGAGTATGATCC-1_3_1"
"1122","TCCTCTTTCACACGAT-1_3_1"
"1123","TCCTGCAGTTCCGTTC-1_3_1"
"1124","TCCTGCATCGGAATGG-1_3_1"
"1125","TCCTTCTTCTGTCGTC-1_3_1"
"1126","TCCTTTCAGACTTGTC-1_3_1"
"1127","TCGAACATCCCGTGTT-1_3_1"
"1128","TCGAACATCGTTCCCA-1_3_1"
"1129","TCGAAGTCAGGCTATT-1_3_1"
"1130","TCGAAGTGTCTGATAC-1_3_1"
"1131","TCGACCTAGAGGCGTT-1_3_1"
"1132","TCGACCTCAGCCATTA-1_3_1"
"1133","TCGACCTGTATCAGCT-1_3_1"
"1134","TCGACCTGTTGGGACA-1_3_1"
"1135","TCGACGGCAATCGCCG-1_3_1"
"1136","TCGATTTAGCGCGTTC-1_3_1"
"1137","TCGATTTGTACGTGAG-1_3_1"
"1138","TCGATTTGTCCAGCAC-1_3_1"
"1139","TCGCACTCAGGACATG-1_3_1"
"1140","TCGCACTCATCTATCT-1_3_1"
"1141","TCGCACTGTCCTGAAT-1_3_1"
"1142","TCGCTCAAGCGACAGT-1_3_1"
"1143","TCGCTCAAGCTAGAGC-1_3_1"
"1144","TCGCTCACAAAGGATT-1_3_1"
"1145","TCGCTTGGTAGCGATG-1_3_1"
"1146","TCGGATACATGCACTA-1_3_1"
"1147","TCGGATATCACTTGTT-1_3_1"
"1148","TCGGGACAGTATGAAC-1_3_1"
"1149","TCGGGACGTTCGGTCG-1_3_1"
"1150","TCGGGCACACCGGAAA-1_3_1"
"1151","TCGGGCACATTCACAG-1_3_1"
"1152","TCGGGCAGTCTGTTAG-1_3_1"
"1153","TCGGGCAGTTGGGATG-1_3_1"
"1154","TCGGGTGCACGCCACA-1_3_1"
"1155","TCGGGTGTCCTTATCA-1_3_1"
"1156","TCGGGTGTCTTTCTAG-1_3_1"
"1157","TCGGTCTAGGTTCATC-1_3_1"
"1158","TCGGTCTAGTGCGCTC-1_3_1"
"1159","TCGGTCTCACGACGAA-1_3_1"
"1160","TCGGTCTGTCCTGGGT-1_3_1"
"1161","TCGTCCATCCTACACC-1_3_1"
"1162","TCGTGCTGTGAGTAGC-1_3_1"
"1163","TCGTGGGAGCCAAGCA-1_3_1"
"1164","TCGTGGGCAAATAAGC-1_3_1"
"1165","TCGTGGGCAGTATACC-1_3_1"
"1166","TCTACATAGAAGTATC-1_3_1"
"1167","TCTACATTCAAGGCTT-1_3_1"
"1168","TCTATACCACGACCTG-1_3_1"
"1169","TCTCACGCACCTTCCA-1_3_1"
"1170","TCTCACGTCATTCGTT-1_3_1"
"1171","TCTCAGCAGATGCTAA-1_3_1"
"1172","TCTCCGAAGCGCAATG-1_3_1"
"1173","TCTCCGACATCGGATT-1_3_1"
"1174","TCTCCGAGTCGGAACA-1_3_1"
"1175","TCTCCGAGTTTGCCGG-1_3_1"
"1176","TCTCTGGTCACTACTT-1_3_1"
"1177","TCTGGCTCATAACGGG-1_3_1"
"1178","TCTGGCTGTTCGGCCA-1_3_1"
"1179","TCTTAGTAGGGCAGAG-1_3_1"
"1180","TCTTAGTGTCAAGGCA-1_3_1"
"1181","TCTTCCTCATCCGAAT-1_3_1"
"1182","TCTTGCGAGCGTCTGC-1_3_1"
"1183","TCTTTGACAGCAGTCC-1_3_1"
"1184","TGAACGTGTTTCCAAG-1_3_1"
"1185","TGAATCGAGCGATGGT-1_3_1"
"1186","TGAATCGCAAGCCATT-1_3_1"
"1187","TGAATGCAGCCGATAG-1_3_1"
"1188","TGAATGCAGCGATTCT-1_3_1"
"1189","TGAATGCGTAGGTCAG-1_3_1"
"1190","TGAATGCGTATTTCCT-1_3_1"
"1191","TGAATGCTCTATACTC-1_3_1"
"1192","TGACAGTGTACAGCGA-1_3_1"
"1193","TGACAGTTCTGTCCCA-1_3_1"
"1194","TGACCCTGTCATGGCC-1_3_1"
"1195","TGACCCTGTTGCAAGG-1_3_1"
"1196","TGACGCGCACGAGAAC-1_3_1"
"1197","TGACTCCAGCGAAACC-1_3_1"
"1198","TGAGACTCACCGCTGA-1_3_1"
"1199","TGAGCATGTGGTTTGT-1_3_1"
"1200","TGAGCGCCAGTGCCTG-1_3_1"
"1201","TGAGGTTCAGTCTTCC-1_3_1"
"1202","TGAGGTTTCCCATGGG-1_3_1"
"1203","TGAGTCAAGGAACGTC-1_3_1"
"1204","TGAGTCAAGTGAACAT-1_3_1"
"1205","TGAGTCAAGTTCCAGT-1_3_1"
"1206","TGAGTCAGTGATCATC-1_3_1"
"1207","TGAGTCAGTTGGGTTT-1_3_1"
"1208","TGATCAGCACGGATCC-1_3_1"
"1209","TGATCAGTCTCACTCG-1_3_1"
"1210","TGATCTTAGCCAGAGT-1_3_1"
"1211","TGATCTTTCAAGTCGT-1_3_1"
"1212","TGATGGTAGACCGCCT-1_3_1"
"1213","TGATGGTCACAATTCG-1_3_1"
"1214","TGATTCTCAGACCATT-1_3_1"
"1215","TGATTTCCACTAGGTT-1_3_1"
"1216","TGCACGGAGCGTGCCT-1_3_1"
"1217","TGCAGATAGGTAGTAT-1_3_1"
"1218","TGCAGATGTATATGGA-1_3_1"
"1219","TGCAGATGTTAAGGGC-1_3_1"
"1220","TGCAGTACAGTAGTTC-1_3_1"
"1221","TGCAGTATCAGTCTTT-1_3_1"
"1222","TGCAGTATCGTTCTAT-1_3_1"
"1223","TGCAGTATCTCATGCC-1_3_1"
"1224","TGCATCCAGGTCATAA-1_3_1"
"1225","TGCGACGTCAGTGTCA-1_3_1"
"1226","TGCGGGTAGTCATTGC-1_3_1"
"1227","TGCGGGTTCGCCAACG-1_3_1"
"1228","TGCTCGTGTAACATAG-1_3_1"
"1229","TGCTTCGTCCTACTGC-1_3_1"
"1230","TGCTTGCGTGACAGGT-1_3_1"
"1231","TGCTTGCTCAAGCCAT-1_3_1"
"1232","TGGAACTCATCTCATT-1_3_1"
"1233","TGGAGAGCACCACTGG-1_3_1"
"1234","TGGAGGATCCTACACC-1_3_1"
"1235","TGGAGGATCTACTCAT-1_3_1"
"1236","TGGATCACACTTGTGA-1_3_1"
"1237","TGGCGTGCAAGGCCTC-1_3_1"
"1238","TGGCGTGTCGACCACG-1_3_1"
"1239","TGGCGTGTCTAACGGT-1_3_1"
"1240","TGGCGTGTCTACCAGA-1_3_1"
"1241","TGGGAAGAGAGGATGA-1_3_1"
"1242","TGGGAAGGTCGATTAC-1_3_1"
"1243","TGGGAGAAGGAGTCTG-1_3_1"
"1244","TGGGAGAAGTGAGTGC-1_3_1"
"1245","TGGGATTGTCCATAGT-1_3_1"
"1246","TGGGATTTCCAAAGGG-1_3_1"
"1247","TGGGATTTCGCTGACG-1_3_1"
"1248","TGGGTTAGTTAAACAG-1_3_1"
"1249","TGGTACACACGCTGCA-1_3_1"
"1250","TGGTACATCAAGAGGC-1_3_1"
"1251","TGGTACATCGCAGTGC-1_3_1"
"1252","TGGTAGTCATGTTCGA-1_3_1"
"1253","TGGTGATCATCCGGCA-1_3_1"
"1254","TGGTGATCATCGGCCA-1_3_1"
"1255","TGGTTAGTCGGCCCAA-1_3_1"
"1256","TGGTTAGTCTCACCCA-1_3_1"
"1257","TGTACAGTCCCTAGGG-1_3_1"
"1258","TGTCAGACAACAGTGG-1_3_1"
"1259","TGTCCACCAATTGCAC-1_3_1"
"1260","TGTCCACCACGCAAAG-1_3_1"
"1261","TGTCCACTCGCATTGA-1_3_1"
"1262","TGTCCCAAGCGGTAGT-1_3_1"
"1263","TGTCCCATCCACACAA-1_3_1"
"1264","TGTCCCATCCGTCCTA-1_3_1"
"1265","TGTGAGTAGCTGGTGA-1_3_1"
"1266","TGTGAGTTCCCGAATA-1_3_1"
"1267","TGTGATGAGTAAGAGG-1_3_1"
"1268","TGTGATGAGTTGTCGT-1_3_1"
"1269","TGTGATGCATCGGATT-1_3_1"
"1270","TGTGATGGTAGGCTCC-1_3_1"
"1271","TGTGATGGTTCTCTAT-1_3_1"
"1272","TGTGATGTCAGCTAGT-1_3_1"
"1273","TGTGCGGCAGTCAGAG-1_3_1"
"1274","TGTGCGGGTCGGATTT-1_3_1"
"1275","TGTTGAGCAGCTGAAG-1_3_1"
"1276","TGTTGAGCATGGAACG-1_3_1"
"1277","TGTTGGACATCCTAAG-1_3_1"
"1278","TGTTGGAGTCTCGACG-1_3_1"
"1279","TGTTGGATCTGTAACG-1_3_1"
"1280","TGTTTGTGTTGTACGT-1_3_1"
"1281","TTACAGGCATCGAACT-1_3_1"
"1282","TTACAGGTCCATCGTC-1_3_1"
"1283","TTACGCCTCAGGAAGC-1_3_1"
"1284","TTACGTTAGACCATAA-1_3_1"
"1285","TTACTGTGTATTCCGA-1_3_1"
"1286","TTACTGTGTTGTCCCT-1_3_1"
"1287","TTACTGTTCCGGTTCT-1_3_1"
"1288","TTAGGCAGTAACGATA-1_3_1"
"1289","TTAGGCAGTTGCATAC-1_3_1"
"1290","TTAGGCATCCATCCGT-1_3_1"
"1291","TTAGGGTAGAGCAGAA-1_3_1"
"1292","TTAGGGTGTAGGTCAG-1_3_1"
"1293","TTAGTCTGTCCTCATC-1_3_1"
"1294","TTATTGCGTGGGTATG-1_3_1"
"1295","TTATTGCTCCACGGAC-1_3_1"
"1296","TTCAATCAGGTTCACT-1_3_1"
"1297","TTCAATCCAGTCTCTC-1_3_1"
"1298","TTCACCGTCCATTTCA-1_3_1"
"1299","TTCAGGAGTTTGGAAA-1_3_1"
"1300","TTCATGTGTCCGCAGT-1_3_1"
"1301","TTCATGTGTGAGTAGC-1_3_1"
"1302","TTCATGTTCGTTCATT-1_3_1"
"1303","TTCCAATCAAATGCGG-1_3_1"
"1304","TTCCAATGTGTGCCTG-1_3_1"
"1305","TTCCAATTCCAGTGTA-1_3_1"
"1306","TTCCAATTCTGTCGTC-1_3_1"
"1307","TTCCGGTGTAAGCAAT-1_3_1"
"1308","TTCCGTGCATAACCCA-1_3_1"
"1309","TTCCGTGGTACCAATC-1_3_1"
"1310","TTCCTAAGTCAACCAT-1_3_1"
"1311","TTCCTCTTCGTAACTG-1_3_1"
"1312","TTCCTTCAGTCGGCCT-1_3_1"
"1313","TTCCTTCGTGGATCAG-1_3_1"
"1314","TTCCTTCTCTCGCGTT-1_3_1"
"1315","TTCGATTAGCTTGTGT-1_3_1"
"1316","TTCGATTCATAGGTTC-1_3_1"
"1317","TTCGATTCATTGTGCA-1_3_1"
"1318","TTCGATTGTCCCGCAA-1_3_1"
"1319","TTCGCTGAGGGCAATC-1_3_1"
"1320","TTCGCTGGTATGCGTT-1_3_1"
"1321","TTCTAGTTCAGTGATC-1_3_1"
"1322","TTCTCTCCATTCATCT-1_3_1"
"1323","TTCTGTACAAGCGATG-1_3_1"
"1324","TTCTTCCCACTGAATC-1_3_1"
"1325","TTCTTCCGTGGTCTCG-1_3_1"
"1326","TTGACCCTCGACATTG-1_3_1"
"1327","TTGACCCTCGTCAAAC-1_3_1"
"1328","TTGAGTGTCGTAGAGG-1_3_1"
"1329","TTGATGGGTTACACAC-1_3_1"
"1330","TTGCCTGCAAGGCGTA-1_3_1"
"1331","TTGCCTGTCCGATGTA-1_3_1"
"1332","TTGCGTCCAAATGATG-1_3_1"
"1333","TTGCTGCGTGAAAGTT-1_3_1"
"1334","TTGCTGCGTTCGAGCC-1_3_1"
"1335","TTGCTGCTCAGTCCGG-1_3_1"
"1336","TTGGGATAGCGTTCAT-1_3_1"
"1337","TTGGGCGAGTCGTCTA-1_3_1"
"1338","TTGGGCGCATAGGTTC-1_3_1"
"1339","TTGGGCGTCGAAGCAG-1_3_1"
"1340","TTGGGTAAGAGTCTTC-1_3_1"
"1341","TTGGGTAAGGTCCCTG-1_3_1"
"1342","TTGGGTATCTTACGTT-1_3_1"
"1343","TTGTGGAAGACTTCCA-1_3_1"
"1344","TTGTGGACAGCATACT-1_3_1"
"1345","TTGTTGTCATATAGCC-1_3_1"
"1346","TTGTTGTGTGCTCCGA-1_3_1"
"1347","TTGTTTGAGTATGGCG-1_3_1"
"1348","TTGTTTGGTATCGAAA-1_3_1"
"1349","TTGTTTGGTTCTCTCG-1_3_1"
"1350","TTTACCATCCATTGTT-1_3_1"
"1351","TTTACGTTCATTGTTC-1_3_1"
"1352","TTTACTGCAGCTACAT-1_3_1"
"1353","TTTAGTCCATACTGTG-1_3_1"
"1354","TTTATGCCAACAACAA-1_3_1"
"1355","TTTCACAGTTCGGCCA-1_3_1"
"1356","TTTCACATCGAGCCAC-1_3_1"
"1357","TTTCAGTCAGCTGTAT-1_3_1"
"1358","TTTCAGTGTACATTGC-1_3_1"
"1359","TTTCCTCAGACGGATC-1_3_1"
"1360","TTTCCTCAGCATGCGA-1_3_1"
"1361","TTTCCTCCAGTGTATC-1_3_1"
"1362","TTTCCTCTCCTAGCGG-1_3_1"
"1363","TTTCGATGTGGATCGA-1_3_1"
"1364","TTTGACTAGAATCGAT-1_3_1"
"1365","TTTGATCCAGATACCT-1_3_1"
"1366","TTTGGAGAGGGACACT-1_3_1"
"1367","TTTGGAGAGTACGTCT-1_3_1"
"1368","TTTGGAGCATGGGAAC-1_3_1"
"1369","TTTGGTTAGCATGCAG-1_3_1"
"1370","TTTGGTTGTGTAAACA-1_3_1"
"1371","TTTGGTTTCGTAGAGG-1_3_1"
"1372","TTTGTTGAGATGGCGT-1_3_1"
"1373","TTTGTTGGTATCTCTT-1_3_1"
