"","x"
"1","AAACCCACACGCGTCA-1_1_2"
"2","AAACCCAGTTACCTGA-1_1_2"
"3","AAACGAATCTGAGCAT-1_1_2"
"4","AAACGCTCAGTCCCGA-1_1_2"
"5","AAAGAACGTGTTGCCG-1_1_2"
"6","AAAGAACGTTCTATCT-1_1_2"
"7","AAAGGATAGCACTCTA-1_1_2"
"8","AAAGGATCAGTCTGGC-1_1_2"
"9","AAAGGGCAGCTGTTCA-1_1_2"
"10","AAAGGGCCAGTTGGTT-1_1_2"
"11","AAAGGGCGTAACGTTC-1_1_2"
"12","AAAGTCCCAACACAGG-1_1_2"
"13","AAAGTGACACCCTTGT-1_1_2"
"14","AAATGGACACATAGCT-1_1_2"
"15","AAATGGAGTATCGTTG-1_1_2"
"16","AACAAAGAGGGTACAC-1_1_2"
"17","AACAAAGGTGGGCTCT-1_1_2"
"18","AACAACCGTCGCTGCA-1_1_2"
"19","AACAAGAAGATCCAAA-1_1_2"
"20","AACAAGACAACGGCCT-1_1_2"
"21","AACAAGATCTACAGGT-1_1_2"
"22","AACACACGTATCCCAA-1_1_2"
"23","AACAGGGCACCATAAC-1_1_2"
"24","AACAGGGCAGAAATTG-1_1_2"
"25","AACAGGGTCTCATTAC-1_1_2"
"26","AACCAACGTATGTCTG-1_1_2"
"27","AACCACAAGAGCAAGA-1_1_2"
"28","AACCATGTCCATTTAC-1_1_2"
"29","AACCATGTCTGTCAGA-1_1_2"
"30","AACCTGACATTCATCT-1_1_2"
"31","AACCTGAGTAACAGTA-1_1_2"
"32","AACTTCTGTGCACATT-1_1_2"
"33","AAGAACAAGGACAAGA-1_1_2"
"34","AAGAACACAGACACAG-1_1_2"
"35","AAGAACATCGTTGTAG-1_1_2"
"36","AAGACAAAGACCATTC-1_1_2"
"37","AAGACAAAGCATCCTA-1_1_2"
"38","AAGACAACAGAACGCA-1_1_2"
"39","AAGACTCAGTCATTGC-1_1_2"
"40","AAGACTCGTGTTGACT-1_1_2"
"41","AAGATAGAGGTCATTC-1_1_2"
"42","AAGATAGCACCAGCTG-1_1_2"
"43","AAGATAGGTATCGTTG-1_1_2"
"44","AAGCATCAGTGATAAC-1_1_2"
"45","AAGCATCGTTGTGTAC-1_1_2"
"46","AAGCCATAGTGGACTG-1_1_2"
"47","AAGCCATGTGGGTATG-1_1_2"
"48","AAGCCATTCTTAATCC-1_1_2"
"49","AAGCGAGAGAGTTGTA-1_1_2"
"50","AAGCGAGAGCGACTAG-1_1_2"
"51","AAGCGAGCAGGCTTGC-1_1_2"
"52","AAGCGTTCAAACTGCT-1_1_2"
"53","AAGCGTTCACACCGAC-1_1_2"
"54","AAGCGTTTCGCCTATC-1_1_2"
"55","AAGGAATAGTTGCTGT-1_1_2"
"56","AAGGAATTCATTGTTC-1_1_2"
"57","AAGTACCAGCCGATAG-1_1_2"
"58","AAGTACCGTAACACCT-1_1_2"
"59","AAGTGAAAGGCCCGTT-1_1_2"
"60","AAGTTCGGTTGTCATG-1_1_2"
"61","AAGTTCGTCCCAGGCA-1_1_2"
"62","AATAGAGCATTCAGGT-1_1_2"
"63","AATAGAGTCAGCACCG-1_1_2"
"64","AATCGACAGTTACGTC-1_1_2"
"65","AATCGACCAGGCAATG-1_1_2"
"66","AATCGACTCTTTGCGC-1_1_2"
"67","AATCGTGAGGAGATAG-1_1_2"
"68","AATGAAGAGGTTGCCC-1_1_2"
"69","AATGAAGAGTTAGTGA-1_1_2"
"70","AATGACCTCATTCGGA-1_1_2"
"71","AATGGAACAGCATTGT-1_1_2"
"72","AATGGCTTCATGCTAG-1_1_2"
"73","AATTCCTTCTCGTCGT-1_1_2"
"74","AATTTCCCATGATCTG-1_1_2"
"75","AATTTCCTCAGCACCG-1_1_2"
"76","ACAAAGAGTAGTATAG-1_1_2"
"77","ACAACCATCAGTGTCA-1_1_2"
"78","ACAAGCTTCATGTCTT-1_1_2"
"79","ACACAGTAGCATGCGA-1_1_2"
"80","ACACAGTAGCGCTTCG-1_1_2"
"81","ACACAGTCAGTGGGTA-1_1_2"
"82","ACACCAAAGCATCCCG-1_1_2"
"83","ACACGCGTCCGCCTAT-1_1_2"
"84","ACAGAAAGTTAACAGA-1_1_2"
"85","ACAGCCGGTCCAATCA-1_1_2"
"86","ACATCCCGTTAAAGTG-1_1_2"
"87","ACATCCCTCAGGAAGC-1_1_2"
"88","ACATCCCTCCATAAGC-1_1_2"
"89","ACATCCCTCTCTCGAC-1_1_2"
"90","ACATCGAAGCGGTATG-1_1_2"
"91","ACATGCATCAACTGAC-1_1_2"
"92","ACATTTCTCATCGCAA-1_1_2"
"93","ACCACAAAGGACACTG-1_1_2"
"94","ACCACAACAGCGAACA-1_1_2"
"95","ACCACAAGTCGAGTGA-1_1_2"
"96","ACCATTTCAAAGGATT-1_1_2"
"97","ACCATTTGTAGCTGCC-1_1_2"
"98","ACCATTTGTGTCGCTG-1_1_2"
"99","ACCATTTTCTCGACGG-1_1_2"
"100","ACCCAAAAGGACAGTC-1_1_2"
"101","ACCCAAACACCGCTAG-1_1_2"
"102","ACCCTTGAGCTGGCCT-1_1_2"
"103","ACCCTTGCATGGTGGA-1_1_2"
"104","ACCCTTGTCTTCTAAC-1_1_2"
"105","ACCTACCAGCCATTGT-1_1_2"
"106","ACCTACCGTGTCCCTT-1_1_2"
"107","ACCTGAACAATGCTCA-1_1_2"
"108","ACCTGAATCATGCCGG-1_1_2"
"109","ACGATCACACATTCGA-1_1_2"
"110","ACGATCACACTCCCTA-1_1_2"
"111","ACGATGTGTCCTCATC-1_1_2"
"112","ACGATGTTCAAGGACG-1_1_2"
"113","ACGCACGAGCATGAAT-1_1_2"
"114","ACGCACGGTGCAACGA-1_1_2"
"115","ACGCACGTCAGGACAG-1_1_2"
"116","ACGGAAGAGTCAGAGC-1_1_2"
"117","ACGGAAGGTCGCATGC-1_1_2"
"118","ACGGGTCAGATTCGAA-1_1_2"
"119","ACGGGTCCAACCAACT-1_1_2"
"120","ACGGGTCGTCCGATCG-1_1_2"
"121","ACGGGTCGTGAATATG-1_1_2"
"122","ACGGGTCGTTTACCTT-1_1_2"
"123","ACGGTCGGTCACGCTG-1_1_2"
"124","ACGGTCGGTGAGCGAT-1_1_2"
"125","ACGGTTACATGGTGGA-1_1_2"
"126","ACGTAACAGTAATCCC-1_1_2"
"127","ACGTAACCAGTAACAA-1_1_2"
"128","ACGTAACGTCACTTCC-1_1_2"
"129","ACGTACAAGGACAAGA-1_1_2"
"130","ACGTACACAAAGGGCT-1_1_2"
"131","ACGTAGTGTGCAGTGA-1_1_2"
"132","ACGTTCCGTGTGTCCG-1_1_2"
"133","ACTACGATCCATAAGC-1_1_2"
"134","ACTATCTCAGGTTCGC-1_1_2"
"135","ACTATGGCAGGAACCA-1_1_2"
"136","ACTATGGCAGGCGAAT-1_1_2"
"137","ACTATTCAGGGCAAGG-1_1_2"
"138","ACTATTCGTGGAACCA-1_1_2"
"139","ACTGCAAAGGTGAGCT-1_1_2"
"140","ACTGCAACATGAAAGT-1_1_2"
"141","ACTGTGAAGACGGTCA-1_1_2"
"142","ACTGTGAAGCCAGACA-1_1_2"
"143","ACTGTGAAGTACAACA-1_1_2"
"144","ACTTAGGCATAGTCAC-1_1_2"
"145","ACTTAGGGTCCACTCT-1_1_2"
"146","ACTTATCCACAACGTT-1_1_2"
"147","ACTTATCCACTTTATC-1_1_2"
"148","ACTTATCCAGTCGGAA-1_1_2"
"149","ACTTCGCAGAAGGGAT-1_1_2"
"150","ACTTCGCAGTCATCGT-1_1_2"
"151","ACTTCGCAGTTGAAAC-1_1_2"
"152","ACTTTCAGTAACGGTG-1_1_2"
"153","ACTTTGTAGCCTTTGA-1_1_2"
"154","ACTTTGTCAGTCTTCC-1_1_2"
"155","ACTTTGTTCTCGTCAC-1_1_2"
"156","AGAAATGTCCTGCCAT-1_1_2"
"157","AGAACAATCTACACTT-1_1_2"
"158","AGAAGCGAGTCATGCT-1_1_2"
"159","AGAAGCGCAAGCGAAC-1_1_2"
"160","AGAAGCGCAATTGCTG-1_1_2"
"161","AGAAGCGTCACGTCCT-1_1_2"
"162","AGAAGTACAAGATGGC-1_1_2"
"163","AGAAGTAGTCATTCCC-1_1_2"
"164","AGACAAAGTATACAGA-1_1_2"
"165","AGACAGGGTTCTTAGG-1_1_2"
"166","AGACAGGTCCCGTGTT-1_1_2"
"167","AGACCATGTGCCTATA-1_1_2"
"168","AGACCATTCGACCAAT-1_1_2"
"169","AGACTCAGTACTAAGA-1_1_2"
"170","AGACTCAGTCTGTGCG-1_1_2"
"171","AGAGAATAGCAAATCA-1_1_2"
"172","AGAGCAGCAGGCGATA-1_1_2"
"173","AGAGCAGTCCATATGG-1_1_2"
"174","AGAGCCCAGAGCATAT-1_1_2"
"175","AGAGCCCAGCACGATG-1_1_2"
"176","AGAGCCCAGTAACCGG-1_1_2"
"177","AGATAGACACTACTTT-1_1_2"
"178","AGATCCAGTATACGGG-1_1_2"
"179","AGATCGTCAGAGATTA-1_1_2"
"180","AGATCGTTCTAGGCAT-1_1_2"
"181","AGATGCTCATGGGAAC-1_1_2"
"182","AGCATCAAGTGTTGTC-1_1_2"
"183","AGCATCAGTAACATGA-1_1_2"
"184","AGCATCATCAACCTTT-1_1_2"
"185","AGCATCATCGACATAC-1_1_2"
"186","AGCCAATTCTCATAGG-1_1_2"
"187","AGCCACGCAGTTAGAA-1_1_2"
"188","AGCCACGTCGTTGTTT-1_1_2"
"189","AGCGATTCACCTTCGT-1_1_2"
"190","AGCGCCACATGGCCCA-1_1_2"
"191","AGCGCCAGTACCATAC-1_1_2"
"192","AGCGCTGCAACCAGAG-1_1_2"
"193","AGCTCAACAGGGAGAG-1_1_2"
"194","AGCTCAAGTCTACTGA-1_1_2"
"195","AGCTCAATCTGGAGAG-1_1_2"
"196","AGGAAATCAGACCTAT-1_1_2"
"197","AGGAATAAGAAGAACG-1_1_2"
"198","AGGAATACATCGGTTA-1_1_2"
"199","AGGAGGTCACACCAGC-1_1_2"
"200","AGGATAAGTTTACCAG-1_1_2"
"201","AGGATCTCAATCGCAT-1_1_2"
"202","AGGATCTCACTCTGCT-1_1_2"
"203","AGGATCTTCATCTGTT-1_1_2"
"204","AGGCCACCAGCAGGAT-1_1_2"
"205","AGGGAGTCAATCTAGC-1_1_2"
"206","AGGGCCTTCACTGGGC-1_1_2"
"207","AGGGCTCAGAAATTGC-1_1_2"
"208","AGGGCTCGTGGTCCCA-1_1_2"
"209","AGGGCTCTCCATTTGT-1_1_2"
"210","AGGGTCCTCATTTGCT-1_1_2"
"211","AGGGTGAGTCCAGTTA-1_1_2"
"212","AGGGTTTAGTGAGCCA-1_1_2"
"213","AGGGTTTTCTGAGGTT-1_1_2"
"214","AGGTGTTCAATAGGGC-1_1_2"
"215","AGGTTACAGGGATCAC-1_1_2"
"216","AGGTTACAGTAGCAAT-1_1_2"
"217","AGGTTACTCTACAGGT-1_1_2"
"218","AGGTTACTCTCAACGA-1_1_2"
"219","AGGTTGTCATTGTAGC-1_1_2"
"220","AGGTTGTGTCACGTGC-1_1_2"
"221","AGGTTGTTCACGGACC-1_1_2"
"222","AGGTTGTTCAGCACCG-1_1_2"
"223","AGTACCATCGGACTTA-1_1_2"
"224","AGTAGCTAGGCGACAT-1_1_2"
"225","AGTAGTCGTCTGCCTT-1_1_2"
"226","AGTCAACTCGGCATCG-1_1_2"
"227","AGTCAACTCTCGAACA-1_1_2"
"228","AGTGATCTCGCCTTGT-1_1_2"
"229","AGTGCCGCAAGTATAG-1_1_2"
"230","AGTTAGCTCGCCTTTG-1_1_2"
"231","AGTTCGAGTTACGTAC-1_1_2"
"232","ATACCGAGTTTCGTAG-1_1_2"
"233","ATACTTCGTACATACC-1_1_2"
"234","ATACTTCGTCCGAAGA-1_1_2"
"235","ATACTTCGTCTGTAGT-1_1_2"
"236","ATAGACCAGCCACAAG-1_1_2"
"237","ATAGACCAGCCTCTCT-1_1_2"
"238","ATAGACCAGCGTGTCC-1_1_2"
"239","ATAGACCCAGGCACAA-1_1_2"
"240","ATAGAGAGTTGTCATG-1_1_2"
"241","ATAGAGATCAGATGCT-1_1_2"
"242","ATAGGCTAGAATCGAT-1_1_2"
"243","ATATCCTCAAGAGGTC-1_1_2"
"244","ATATCCTGTGCAATAA-1_1_2"
"245","ATCACGAGTCTAGATC-1_1_2"
"246","ATCACTTAGCCAGACA-1_1_2"
"247","ATCATTCAGAGTCGAC-1_1_2"
"248","ATCATTCAGCAGAAAG-1_1_2"
"249","ATCATTCCACATGAAA-1_1_2"
"250","ATCATTCCACTTCTCG-1_1_2"
"251","ATCCACCGTCCCTCAT-1_1_2"
"252","ATCCATTAGACTCAAA-1_1_2"
"253","ATCCATTAGGTGAGCT-1_1_2"
"254","ATCCATTAGGTGCTTT-1_1_2"
"255","ATCCATTAGTCGAAAT-1_1_2"
"256","ATCCCTGCAACCGCCA-1_1_2"
"257","ATCCTATAGGCTAAAT-1_1_2"
"258","ATCCTATTCAGTAGGG-1_1_2"
"259","ATCGATGTCCAAGGGA-1_1_2"
"260","ATCGCCTGTCATCCCT-1_1_2"
"261","ATCGCCTTCTCAATCT-1_1_2"
"262","ATCGGATGTAACATCC-1_1_2"
"263","ATCGTCCTCGCGATCG-1_1_2"
"264","ATCGTCCTCGCGGACT-1_1_2"
"265","ATCTTCAGTTATGACC-1_1_2"
"266","ATGAAAGTCCATATGG-1_1_2"
"267","ATGAGGGAGGAGCTGT-1_1_2"
"268","ATGAGGGAGTGCAGGT-1_1_2"
"269","ATGATCGAGGTTCCAT-1_1_2"
"270","ATGCGATTCAGCTTGA-1_1_2"
"271","ATGGAGGGTGTGTCGC-1_1_2"
"272","ATGGAGGGTTAGGCTT-1_1_2"
"273","ATGGATCTCGGACGTC-1_1_2"
"274","ATGGGAGTCAGACCCG-1_1_2"
"275","ATGGTTGTCTGGAGAG-1_1_2"
"276","ATGTCCCAGTTCATCG-1_1_2"
"277","ATGTCCCGTACTGACT-1_1_2"
"278","ATGTCCCGTTCAAAGA-1_1_2"
"279","ATTACCTGTATAGGGC-1_1_2"
"280","ATTATCCAGTGTTCAC-1_1_2"
"281","ATTATCCGTACCGTCG-1_1_2"
"282","ATTATCCGTGATAGTA-1_1_2"
"283","ATTCAGGCAAGCGCAA-1_1_2"
"284","ATTCATCAGCTAGAAT-1_1_2"
"285","ATTCATCCAACTGCCG-1_1_2"
"286","ATTCCATCAGATACCT-1_1_2"
"287","ATTCCATGTTCTATCT-1_1_2"
"288","ATTCCCGAGGAATCGC-1_1_2"
"289","ATTCCCGCACCAGCTG-1_1_2"
"290","ATTCGTTAGGGTCTTT-1_1_2"
"291","ATTCTTGCAAATCAAG-1_1_2"
"292","ATTCTTGCAGGGACTA-1_1_2"
"293","ATTCTTGTCGTCAAAC-1_1_2"
"294","ATTGGGTCAATACCTG-1_1_2"
"295","ATTGGGTGTGACATCT-1_1_2"
"296","ATTGGGTTCCGAAGGA-1_1_2"
"297","ATTGTTCTCCTACTGC-1_1_2"
"298","ATTTCACAGTCAGCCC-1_1_2"
"299","ATTTCTGAGTGTTGAA-1_1_2"
"300","CAACAGTAGCCATCCG-1_1_2"
"301","CAACCAAAGAGGATGA-1_1_2"
"302","CAACCAACAGATCCAT-1_1_2"
"303","CAACCTCGTCCTGGGT-1_1_2"
"304","CAACCTCTCGGTAACT-1_1_2"
"305","CAACGGCTCCGTCCTA-1_1_2"
"306","CAAGACTGTTAGGACG-1_1_2"
"307","CAAGCTAAGCTTCGTA-1_1_2"
"308","CAAGGGACACCGTCTT-1_1_2"
"309","CAATACGAGGTTCACT-1_1_2"
"310","CAATCGACATATCGGT-1_1_2"
"311","CAATGACGTTGGACTT-1_1_2"
"312","CAATTTCAGCTAAATG-1_1_2"
"313","CACAACATCCTCACGT-1_1_2"
"314","CACACAAGTGCTTATG-1_1_2"
"315","CACACAATCCATCGTC-1_1_2"
"316","CACAGATTCGGTTGTA-1_1_2"
"317","CACATGAAGGCATCGA-1_1_2"
"318","CACATGAAGTTGAAAC-1_1_2"
"319","CACATGATCGCCAGTG-1_1_2"
"320","CACATGATCGGCTTGG-1_1_2"
"321","CACCGTTTCGACGAGA-1_1_2"
"322","CACGGGTGTGTGTGGA-1_1_2"
"323","CACTAAGGTTAGTTCG-1_1_2"
"324","CACTAAGTCAGACAAA-1_1_2"
"325","CACTGTCAGACTCGAG-1_1_2"
"326","CACTTCGTCACCGGGT-1_1_2"
"327","CAGATACCAAGCAATA-1_1_2"
"328","CAGATACTCGCAGAGA-1_1_2"
"329","CAGATACTCTCATGGA-1_1_2"
"330","CAGATCAGTAAGCGGT-1_1_2"
"331","CAGATTGCAGCGTGAA-1_1_2"
"332","CAGCACGAGACGCCCT-1_1_2"
"333","CAGCAGCAGGTCATCT-1_1_2"
"334","CAGCAGCCAGGAGGAG-1_1_2"
"335","CAGCCAGCAGTGTACT-1_1_2"
"336","CAGCGTGAGTATGGCG-1_1_2"
"337","CAGCGTGTCCCGTGTT-1_1_2"
"338","CAGGCCAAGCTTCATG-1_1_2"
"339","CAGGCCAGTCAACACT-1_1_2"
"340","CAGGCCAGTGTTCATG-1_1_2"
"341","CAGGGCTAGCGCTGCT-1_1_2"
"342","CAGGGCTCATCCGATA-1_1_2"
"343","CAGGGCTTCGGAATTC-1_1_2"
"344","CAGGTATAGTTGTAGA-1_1_2"
"345","CAGTGCGAGGCTTTCA-1_1_2"
"346","CAGTGCGGTCGATTTG-1_1_2"
"347","CAGTGCGGTGCATCTA-1_1_2"
"348","CAGTGCGTCACTCTTA-1_1_2"
"349","CATACCCCACAATCTG-1_1_2"
"350","CATACCCTCGGCTGGT-1_1_2"
"351","CATACTTTCGACACCG-1_1_2"
"352","CATAGACCATTCACCC-1_1_2"
"353","CATAGACTCTCCAAGA-1_1_2"
"354","CATCCACTCCATCACC-1_1_2"
"355","CATCCGTGTACGTGAG-1_1_2"
"356","CATCGGGAGGAAGTAG-1_1_2"
"357","CATCGGGCAATTTCCT-1_1_2"
"358","CATCGGGCACATTCGA-1_1_2"
"359","CATCGGGGTGTTCCTC-1_1_2"
"360","CATCGTCAGGTCATCT-1_1_2"
"361","CATCGTCCATTAGGCT-1_1_2"
"362","CATGAGTCAGGCACTC-1_1_2"
"363","CATGCAAGTTGGGACA-1_1_2"
"364","CATGCAATCGAGAAAT-1_1_2"
"365","CATGCCTAGTAGTCCT-1_1_2"
"366","CATGCCTTCGGCATCG-1_1_2"
"367","CATGCGGAGAGTAACT-1_1_2"
"368","CATGCGGGTCTACGTA-1_1_2"
"369","CATGCGGTCGCCTTGT-1_1_2"
"370","CATGGATCACATTACG-1_1_2"
"371","CATGGTACAGCTTCCT-1_1_2"
"372","CATGGTATCGGTGCAC-1_1_2"
"373","CATTCATGTTTATGCG-1_1_2"
"374","CATTCTAAGGCCGCTT-1_1_2"
"375","CATTCTAAGGGCATGT-1_1_2"
"376","CATTGAGAGTCAGCGA-1_1_2"
"377","CATTGAGTCCCGTGAG-1_1_2"
"378","CATTGCCAGGGTTTCT-1_1_2"
"379","CATTGCCCAGTAACAA-1_1_2"
"380","CATTGTTCAGTAACCT-1_1_2"
"381","CATTGTTTCCCAATAG-1_1_2"
"382","CATTGTTTCGTGTGAT-1_1_2"
"383","CATTGTTTCTACCTTA-1_1_2"
"384","CCAATGAAGTGATAAC-1_1_2"
"385","CCACACTAGTATTAGG-1_1_2"
"386","CCACACTGTGAGGAAA-1_1_2"
"387","CCACACTTCACAAGGG-1_1_2"
"388","CCACGAGCAACGATTC-1_1_2"
"389","CCACTTGCAAGCAATA-1_1_2"
"390","CCACTTGCATTGCCTC-1_1_2"
"391","CCACTTGTCAACCGAT-1_1_2"
"392","CCACTTGTCGTGGGAA-1_1_2"
"393","CCATAAGTCCAACCGG-1_1_2"
"394","CCATCACGTACCTAAC-1_1_2"
"395","CCATCACGTTGACTGT-1_1_2"
"396","CCCAACTAGCTACTAC-1_1_2"
"397","CCCATTGTCTTACACT-1_1_2"
"398","CCCGGAAGTCAAGTTC-1_1_2"
"399","CCCTCAAGTAATTGGA-1_1_2"
"400","CCCTCTCGTACGATGG-1_1_2"
"401","CCCTCTCGTTTCAGAC-1_1_2"
"402","CCCTGATCACCCTCTA-1_1_2"
"403","CCCTTAGAGCGTGAGT-1_1_2"
"404","CCCTTAGCATCGGTTA-1_1_2"
"405","CCCTTAGTCATTACCT-1_1_2"
"406","CCGCAAGAGGTAAGTT-1_1_2"
"407","CCGCAAGGTTAAGCAA-1_1_2"
"408","CCGGACAAGAGGCCAT-1_1_2"
"409","CCGGACACAGCGCGTT-1_1_2"
"410","CCGGACACATTGCTTT-1_1_2"
"411","CCGGGTACACTATCCC-1_1_2"
"412","CCGGGTAGTTGGTGTT-1_1_2"
"413","CCGGTGAAGATAACGT-1_1_2"
"414","CCGTGAGTCGGAGTGA-1_1_2"
"415","CCGTTCACAGCTGTGC-1_1_2"
"416","CCTAACCTCTGTAACG-1_1_2"
"417","CCTAAGAGTGTCCTAA-1_1_2"
"418","CCTACGTAGAGCAGCT-1_1_2"
"419","CCTCAACAGGGACTGT-1_1_2"
"420","CCTCAACTCAAGCGTT-1_1_2"
"421","CCTCACAGTCTTGGTA-1_1_2"
"422","CCTCACAGTGGCTGAA-1_1_2"
"423","CCTCATGTCAAGCTGT-1_1_2"
"424","CCTCATGTCATTGCGA-1_1_2"
"425","CCTCCAAGTACCCGCA-1_1_2"
"426","CCTCCTCAGATGACAT-1_1_2"
"427","CCTCCTCGTAAGATCA-1_1_2"
"428","CCTCCTCGTTCGTAAC-1_1_2"
"429","CCTCTAGGTAGCTTGT-1_1_2"
"430","CCTCTAGGTGTGCCTG-1_1_2"
"431","CCTCTCCAGGTCCGAA-1_1_2"
"432","CCTCTCCTCTGAGTCA-1_1_2"
"433","CCTGCATCAGCACAGA-1_1_2"
"434","CCTGCATTCATCGCAA-1_1_2"
"435","CCTGCATTCGCTTGAA-1_1_2"
"436","CCTGCATTCGGTTAGT-1_1_2"
"437","CCTGTTGTCTGATGGT-1_1_2"
"438","CCTTTGGAGTAAACTG-1_1_2"
"439","CCTTTGGCAAGCCATT-1_1_2"
"440","CCTTTGGCACGAAAGC-1_1_2"
"441","CCTTTGGCATGCCGAC-1_1_2"
"442","CGAAGGAGTTCGGTAT-1_1_2"
"443","CGAATTGGTGGACAGT-1_1_2"
"444","CGAATTGTCCCGAAAT-1_1_2"
"445","CGAATTGTCCGATAAC-1_1_2"
"446","CGACAGCCAGCAGAAC-1_1_2"
"447","CGACAGCCAGCGGTTC-1_1_2"
"448","CGAGAAGAGGACAGTC-1_1_2"
"449","CGAGGAAAGTCGCGAA-1_1_2"
"450","CGAGGAACATGCTGCG-1_1_2"
"451","CGAGGAATCGTCGATA-1_1_2"
"452","CGAGGCTAGGACTATA-1_1_2"
"453","CGAGTGCAGTGGATTA-1_1_2"
"454","CGAGTTAAGACCAAGC-1_1_2"
"455","CGAGTTACAACGTAAA-1_1_2"
"456","CGAGTTATCGATGCAT-1_1_2"
"457","CGATGCGGTTACCTTT-1_1_2"
"458","CGATGCGTCCACAGCG-1_1_2"
"459","CGATGGCAGCAAGGAA-1_1_2"
"460","CGATGGCCATCGGTTA-1_1_2"
"461","CGATGGCGTACTCCCT-1_1_2"
"462","CGATGGCGTCAAAGTA-1_1_2"
"463","CGCAGGTCAATCCTAG-1_1_2"
"464","CGCATAACACGATAGG-1_1_2"
"465","CGGAACCAGTCTCTGA-1_1_2"
"466","CGGAACCCACGGCCAT-1_1_2"
"467","CGGAACCTCTGCGAGC-1_1_2"
"468","CGGAATTAGGCACCAA-1_1_2"
"469","CGGACACGTATGAGCG-1_1_2"
"470","CGGACACGTGACCGAA-1_1_2"
"471","CGGAGAACACAACGTT-1_1_2"
"472","CGGGACTTCGGCCCAA-1_1_2"
"473","CGGGCATGTATGAGGC-1_1_2"
"474","CGGGTCACAAGAGTAT-1_1_2"
"475","CGGGTCAGTAGCTTAC-1_1_2"
"476","CGGGTCATCCGATAAC-1_1_2"
"477","CGGGTGTAGCTCGTGC-1_1_2"
"478","CGGGTGTAGTTGCGCC-1_1_2"
"479","CGGTCAGCAGGCGATA-1_1_2"
"480","CGTAAGTCAGTCGGTC-1_1_2"
"481","CGTAAGTCAGTGACCC-1_1_2"
"482","CGTAAGTGTGTTTACG-1_1_2"
"483","CGTAATGCAAAGCTCT-1_1_2"
"484","CGTCAAAAGAGAGTTT-1_1_2"
"485","CGTCCATCACCAGTTA-1_1_2"
"486","CGTGAATAGTCAGAGC-1_1_2"
"487","CGTGAATCAGCGTGAA-1_1_2"
"488","CGTGATAGTGAATGAT-1_1_2"
"489","CGTGCTTAGCAGGTCA-1_1_2"
"490","CGTGCTTAGTTACTCG-1_1_2"
"491","CGTGCTTGTTCAACGT-1_1_2"
"492","CGTGTCTAGTAGGATT-1_1_2"
"493","CGTTAGAAGCTGTCCG-1_1_2"
"494","CGTTAGAGTGTGCCTG-1_1_2"
"495","CTAACCCAGTCTAGCT-1_1_2"
"496","CTAAGTGGTGTCATCA-1_1_2"
"497","CTACAGAGTATCTCGA-1_1_2"
"498","CTACAGATCCTGGGAC-1_1_2"
"499","CTACCCAAGGCATCAG-1_1_2"
"500","CTACCCAGTGCTTCAA-1_1_2"
"501","CTACCTGGTGAGTCAG-1_1_2"
"502","CTAGGTACATTAAAGG-1_1_2"
"503","CTAGGTATCCGTTGGG-1_1_2"
"504","CTATAGGGTATCAAGA-1_1_2"
"505","CTATAGGGTGACGTCC-1_1_2"
"506","CTATCCGCAGCCGGTT-1_1_2"
"507","CTATCCGTCTCCACTG-1_1_2"
"508","CTCAACCAGGTGCAGT-1_1_2"
"509","CTCAACCGTTAGAGAT-1_1_2"
"510","CTCAAGATCCATTTAC-1_1_2"
"511","CTCAATTCAGGAGGTT-1_1_2"
"512","CTCAATTGTTAGGCCC-1_1_2"
"513","CTCACTGAGGTCATTC-1_1_2"
"514","CTCACTGTCTGATGGT-1_1_2"
"515","CTCAGAAAGCTGAGCA-1_1_2"
"516","CTCAGGGAGTTGCTCA-1_1_2"
"517","CTCAGTCAGCTCCCTT-1_1_2"
"518","CTCAGTCCACTCAAGT-1_1_2"
"519","CTCATGCCAGTAACAA-1_1_2"
"520","CTCATGCGTGAATGAT-1_1_2"
"521","CTCATGCTCTAGTCAG-1_1_2"
"522","CTCATTACAACTACGT-1_1_2"
"523","CTCATTAGTGCTCTTC-1_1_2"
"524","CTCCAACAGACCGTTT-1_1_2"
"525","CTCCAACAGGTTCATC-1_1_2"
"526","CTCCAACCATGAATAG-1_1_2"
"527","CTCCACAAGGCCTAGA-1_1_2"
"528","CTCCACATCCCTTGTG-1_1_2"
"529","CTCCATGAGCATGCGA-1_1_2"
"530","CTCCATGGTATCCCAA-1_1_2"
"531","CTCCATGTCTGACAGT-1_1_2"
"532","CTCCCAATCATTCGGA-1_1_2"
"533","CTCCCTCAGACCCTTA-1_1_2"
"534","CTCCCTCGTTCGGTCG-1_1_2"
"535","CTCCTTTAGCGTCGAA-1_1_2"
"536","CTCCTTTGTCCACATA-1_1_2"
"537","CTCCTTTGTCCGTACG-1_1_2"
"538","CTCCTTTGTGACCTGC-1_1_2"
"539","CTCCTTTTCAACTGGT-1_1_2"
"540","CTCGAGGAGGGAGGCA-1_1_2"
"541","CTCGAGGCATTGTAGC-1_1_2"
"542","CTCGAGGGTTCGGCTG-1_1_2"
"543","CTCGAGGTCGTCGACG-1_1_2"
"544","CTCTCAGTCAGCAATC-1_1_2"
"545","CTCTCGAAGCACAAAT-1_1_2"
"546","CTCTCGACATCTATCT-1_1_2"
"547","CTCTCGAGTACCAGAG-1_1_2"
"548","CTCTCGATCCGTGTAA-1_1_2"
"549","CTCTGGTGTCCCTCAT-1_1_2"
"550","CTGAATGTCCTTGGAA-1_1_2"
"551","CTGAGGCCAGAAGTGC-1_1_2"
"552","CTGATCCAGGCCACCT-1_1_2"
"553","CTGCATCCATCTTAGG-1_1_2"
"554","CTGCCATTCGTGCTCT-1_1_2"
"555","CTGCCTAAGCAGCAGT-1_1_2"
"556","CTGCGAGAGGATACGC-1_1_2"
"557","CTGCGAGGTCCACGCA-1_1_2"
"558","CTGCGAGTCGATTTCT-1_1_2"
"559","CTGCTCAGTCAACCAT-1_1_2"
"560","CTGGCAGAGCGGGTTA-1_1_2"
"561","CTGGCAGCAGTCAACT-1_1_2"
"562","CTGTAGACAAACCACT-1_1_2"
"563","CTGTAGATCATGGATC-1_1_2"
"564","CTGTATTGTTATGTCG-1_1_2"
"565","CTGTCGTCATCTGGGC-1_1_2"
"566","CTGTGAAAGTAGATCA-1_1_2"
"567","CTGTGAAAGTTAGAAC-1_1_2"
"568","CTGTGAACACGTATAC-1_1_2"
"569","CTGTGAATCATGGATC-1_1_2"
"570","CTGTGGGAGCTCCATA-1_1_2"
"571","CTGTGGGCATCCCACT-1_1_2"
"572","CTTACCGCACCACATA-1_1_2"
"573","CTTAGGAAGCGAGAAA-1_1_2"
"574","CTTAGGACATCTCATT-1_1_2"
"575","CTTCCTTCACCATAAC-1_1_2"
"576","CTTCCTTCATTATGCG-1_1_2"
"577","CTTCCTTGTCCCTAAA-1_1_2"
"578","CTTGAGACAAGCGCTC-1_1_2"
"579","CTTGATTAGAACTTCC-1_1_2"
"580","GAAACCTAGGATTACA-1_1_2"
"581","GAAACCTTCCATACAG-1_1_2"
"582","GAACACTTCCGTCACT-1_1_2"
"583","GAACGTTGTGTACATC-1_1_2"
"584","GAACTGTGTGGTTTAC-1_1_2"
"585","GAAGCCCGTGGATGAC-1_1_2"
"586","GAAGCCCTCCTCTAGC-1_1_2"
"587","GAAGGACTCATTTACC-1_1_2"
"588","GAAGGGTGTAGTTACC-1_1_2"
"589","GAAGGGTGTATGAAGT-1_1_2"
"590","GAAGTAAAGGACAGCT-1_1_2"
"591","GAAGTAAGTTTGTTCT-1_1_2"
"592","GAATCGTGTGTCTCCT-1_1_2"
"593","GACACGCTCGAAGAAT-1_1_2"
"594","GACAGCCGTGCCTGCA-1_1_2"
"595","GACATCACACACACGC-1_1_2"
"596","GACCCAGCAAACCGGA-1_1_2"
"597","GACCCAGTCACTCCGT-1_1_2"
"598","GACCCAGTCATCTCTA-1_1_2"
"599","GACCCTTCAGGTGAGT-1_1_2"
"600","GACCGTGCAACACAGG-1_1_2"
"601","GACGCTGAGATTAGTG-1_1_2"
"602","GACGCTGTCAGGACGA-1_1_2"
"603","GACTCAATCTCGCCTA-1_1_2"
"604","GACTCTCAGATTAGCA-1_1_2"
"605","GACTCTCCACAAATCC-1_1_2"
"606","GACTGATGTATCATGC-1_1_2"
"607","GACTGATGTGAATGTA-1_1_2"
"608","GACTGATTCCTACCGT-1_1_2"
"609","GACTTCCGTCATCGCG-1_1_2"
"610","GACTTCCTCACTGAAC-1_1_2"
"611","GAGACCCGTTCGTGCG-1_1_2"
"612","GAGAGGTGTAAGATCA-1_1_2"
"613","GAGATGGAGCAGTCTT-1_1_2"
"614","GAGATGGAGCATCTTG-1_1_2"
"615","GAGATGGAGGTTCCGC-1_1_2"
"616","GAGATGGAGTTAGTAG-1_1_2"
"617","GAGATGGTCAGCGCAC-1_1_2"
"618","GAGATGGTCCATAGAC-1_1_2"
"619","GAGATGGTCGAGGCAA-1_1_2"
"620","GAGATGGTCTTTCGAT-1_1_2"
"621","GAGCCTGAGCCTCAGC-1_1_2"
"622","GAGCTGCAGCCAGACA-1_1_2"
"623","GAGCTGCGTACTGCCG-1_1_2"
"624","GAGCTGCGTCATGGCC-1_1_2"
"625","GAGCTGCTCCACGTAA-1_1_2"
"626","GAGCTGCTCTCTAGGA-1_1_2"
"627","GAGGCAAAGAATTGCA-1_1_2"
"628","GAGGCAACAGAGCTAG-1_1_2"
"629","GAGGCAAGTCCTACGG-1_1_2"
"630","GAGGCCTAGAAAGCGA-1_1_2"
"631","GAGGCCTCAAGCTACT-1_1_2"
"632","GAGGCCTTCATAGACC-1_1_2"
"633","GAGGGATGTGACTCGC-1_1_2"
"634","GAGGGTAAGCGACATG-1_1_2"
"635","GAGGGTATCTCACCCA-1_1_2"
"636","GAGTCATAGGTTGGTG-1_1_2"
"637","GAGTCATAGTACAACA-1_1_2"
"638","GAGTCATCATGGCTGC-1_1_2"
"639","GAGTCTAAGCCGCTTG-1_1_2"
"640","GAGTCTAGTGACTATC-1_1_2"
"641","GAGTGTTCAGTTAGGG-1_1_2"
"642","GAGTTACTCAGGCGAA-1_1_2"
"643","GAGTTACTCTTCGTAT-1_1_2"
"644","GAGTTGTAGTAGATCA-1_1_2"
"645","GAGTTGTGTTCGTGCG-1_1_2"
"646","GAGTTGTTCTGGAAGG-1_1_2"
"647","GAGTTTGGTCGCTGCA-1_1_2"
"648","GATAGAACAGATACCT-1_1_2"
"649","GATAGAATCAGTAGGG-1_1_2"
"650","GATAGCTCACAAATCC-1_1_2"
"651","GATAGCTGTGCCTACG-1_1_2"
"652","GATAGCTTCAAGGTGG-1_1_2"
"653","GATAGCTTCCGTTGGG-1_1_2"
"654","GATAGCTTCGGCAGTC-1_1_2"
"655","GATAGCTTCGGTTCAA-1_1_2"
"656","GATCACACATCAGTCA-1_1_2"
"657","GATCATGGTCCCTGTT-1_1_2"
"658","GATCCCTAGATTACCC-1_1_2"
"659","GATCCCTAGCCACCGT-1_1_2"
"660","GATCGTACAGGCTTGC-1_1_2"
"661","GATGACTAGAGGTCAC-1_1_2"
"662","GATGACTCACTTACAG-1_1_2"
"663","GATGAGGCAAAGACTA-1_1_2"
"664","GATGCTATCGAACGGA-1_1_2"
"665","GATGCTATCTGTGCTC-1_1_2"
"666","GATGGAGAGGGACCAT-1_1_2"
"667","GATGGAGGTAGAGATT-1_1_2"
"668","GATGTTGAGTTCGCAT-1_1_2"
"669","GATTCGAAGCGATGAC-1_1_2"
"670","GATTCGAAGTGAGTGC-1_1_2"
"671","GATTCGATCCGCATAA-1_1_2"
"672","GATTGGTTCAAGTAAG-1_1_2"
"673","GATTTCTTCACGGAGA-1_1_2"
"674","GCAACATGTACTGACT-1_1_2"
"675","GCAACCGGTAGGCTGA-1_1_2"
"676","GCACATAAGTGGAATT-1_1_2"
"677","GCACGGTAGGATGCGT-1_1_2"
"678","GCACGGTCATATAGCC-1_1_2"
"679","GCACGTGAGGTAGATT-1_1_2"
"680","GCACGTGTCGGCTTGG-1_1_2"
"681","GCAGCCAGTATGAGAT-1_1_2"
"682","GCAGGCTGTATGACAA-1_1_2"
"683","GCAGGCTGTATTAAGG-1_1_2"
"684","GCAGGCTTCTTGTTAC-1_1_2"
"685","GCAGTTAGTTACGTAC-1_1_2"
"686","GCATCGGGTGCGAGTA-1_1_2"
"687","GCATGATAGTGCCCGT-1_1_2"
"688","GCCAACGCAAGCCATT-1_1_2"
"689","GCCAACGCAAGGAGTC-1_1_2"
"690","GCCAACGCATCAGTGT-1_1_2"
"691","GCCAGGTAGCTAATCC-1_1_2"
"692","GCCAGGTCACTTTAGG-1_1_2"
"693","GCCAGGTGTCATCCCT-1_1_2"
"694","GCCATGGAGTAGGATT-1_1_2"
"695","GCCATGGTCATAGAGA-1_1_2"
"696","GCCATGGTCGCATGAT-1_1_2"
"697","GCCCGAACAGCGGTTC-1_1_2"
"698","GCCGATGAGCAATTCC-1_1_2"
"699","GCCGATGGTCGTTTCC-1_1_2"
"700","GCCTGTTCAAGAGAGA-1_1_2"
"701","GCCTGTTCATCTCGTC-1_1_2"
"702","GCCTGTTGTCGTCAGC-1_1_2"
"703","GCGAGAAGTATGCAAA-1_1_2"
"704","GCGATCGAGAGCAAGA-1_1_2"
"705","GCGGAAAAGATGCTAA-1_1_2"
"706","GCGGAAATCCAGCTCT-1_1_2"
"707","GCGTGCACATTCACAG-1_1_2"
"708","GCGTTTCAGCGATTCT-1_1_2"
"709","GCGTTTCAGTAACAGT-1_1_2"
"710","GCGTTTCCATCTAGAC-1_1_2"
"711","GCGTTTCGTCAGTCGC-1_1_2"
"712","GCGTTTCTCGTAGTGT-1_1_2"
"713","GCGTTTCTCTTGATTC-1_1_2"
"714","GCTACAAGTGCGAGTA-1_1_2"
"715","GCTACCTCACAAGCCC-1_1_2"
"716","GCTACCTTCAAAGGTA-1_1_2"
"717","GCTCAAAGTGCATTAC-1_1_2"
"718","GCTGAATAGAGTTGCG-1_1_2"
"719","GCTGAATGTACCAGAG-1_1_2"
"720","GCTGCAGAGTTCCATG-1_1_2"
"721","GCTTCACAGTAACAGT-1_1_2"
"722","GCTTCACCAGAGGTAC-1_1_2"
"723","GGAACCCTCTCATGCC-1_1_2"
"724","GGAACCCTCTGGGCCA-1_1_2"
"725","GGAAGTGAGAGCCGAT-1_1_2"
"726","GGAAGTGAGATGCTGG-1_1_2"
"727","GGAAGTGCAACCAATC-1_1_2"
"728","GGAAGTGCAGGCTACC-1_1_2"
"729","GGAAGTGCAGTATTCG-1_1_2"
"730","GGAAGTGTCTAGGCAT-1_1_2"
"731","GGAATGGTCGAATCCA-1_1_2"
"732","GGAGAACAGAGAGTTT-1_1_2"
"733","GGAGAACGTGTAACGG-1_1_2"
"734","GGAGATGCACCCTGAG-1_1_2"
"735","GGAGGATGTGGATTTC-1_1_2"
"736","GGATGTTGTCTACTGA-1_1_2"
"737","GGCAGTCAGTCATCGT-1_1_2"
"738","GGCAGTCGTCACCACG-1_1_2"
"739","GGCAGTCTCTACCTTA-1_1_2"
"740","GGCTTGGGTGGCCTCA-1_1_2"
"741","GGCTTGGTCGTCAAAC-1_1_2"
"742","GGCTTTCGTCGGTACC-1_1_2"
"743","GGCTTTCTCCCAGCGA-1_1_2"
"744","GGGAAGTGTCTCGACG-1_1_2"
"745","GGGACAACAAGTTCCA-1_1_2"
"746","GGGACAAGTTACGCCG-1_1_2"
"747","GGGACAATCGGCATCG-1_1_2"
"748","GGGACCTCATCTCGTC-1_1_2"
"749","GGGACCTTCTGACCCT-1_1_2"
"750","GGGATGAGTGGCTACC-1_1_2"
"751","GGGCGTTGTTGGGTAG-1_1_2"
"752","GGGCTACCACCAGCCA-1_1_2"
"753","GGGCTACTCTACAGGT-1_1_2"
"754","GGGTAGAAGGTTCCAT-1_1_2"
"755","GGGTAGACACAGTCCG-1_1_2"
"756","GGGTCTGCACACCAGC-1_1_2"
"757","GGGTGTCGTGCCCGTA-1_1_2"
"758","GGGTGTCGTGGGTTGA-1_1_2"
"759","GGGTTATAGCAATTCC-1_1_2"
"760","GGGTTATCAATAGGGC-1_1_2"
"761","GGGTTATTCCCAGCGA-1_1_2"
"762","GGGTTTATCAGTCCGG-1_1_2"
"763","GGTAATCAGTCTCGTA-1_1_2"
"764","GGTAATCCATTGTAGC-1_1_2"
"765","GGTAGAGCAAGCTGCC-1_1_2"
"766","GGTAGAGCAGCCGGTT-1_1_2"
"767","GGTCACGAGTGCACAG-1_1_2"
"768","GGTCTGGCATGATCTG-1_1_2"
"769","GGTGAAGCAAGCTGCC-1_1_2"
"770","GGTGAAGGTTCCGCAG-1_1_2"
"771","GGTGATTGTTCGGCTG-1_1_2"
"772","GGTGATTTCAGTCAGT-1_1_2"
"773","GGTGTTAAGCAGCACA-1_1_2"
"774","GGTTAACTCGTGAGAG-1_1_2"
"775","GGTTCTCCAACAGAGC-1_1_2"
"776","GGTTCTCGTGCCTAAT-1_1_2"
"777","GGTTCTCGTTTGGAAA-1_1_2"
"778","GTAACCAGTAGCTAAA-1_1_2"
"779","GTAACCAGTGGCTCTG-1_1_2"
"780","GTAAGTCAGTTAGTAG-1_1_2"
"781","GTAAGTCCAGCGGTCT-1_1_2"
"782","GTAATCGTCTCGGTAA-1_1_2"
"783","GTAATGCCATCAACCA-1_1_2"
"784","GTAATGCGTTAGCTAC-1_1_2"
"785","GTACAACAGCCGAATG-1_1_2"
"786","GTACAACGTGCCTTCT-1_1_2"
"787","GTAGAGGCAACATACC-1_1_2"
"788","GTAGAGGTCCCTCTAG-1_1_2"
"789","GTAGATCTCTCACGAA-1_1_2"
"790","GTAGATCTCTCTCCGA-1_1_2"
"791","GTAGATCTCTTTGCGC-1_1_2"
"792","GTAGCTAGTTTGTTCT-1_1_2"
"793","GTAGGAGCAACAGCCC-1_1_2"
"794","GTAGGAGCAAGCGATG-1_1_2"
"795","GTATTGGTCCAAGCAT-1_1_2"
"796","GTATTGGTCTACACTT-1_1_2"
"797","GTATTTCGTATGGAAT-1_1_2"
"798","GTATTTCGTCTGATCA-1_1_2"
"799","GTATTTCGTGCAGATG-1_1_2"
"800","GTATTTCTCCTGGTCT-1_1_2"
"801","GTCAAACGTGCGTCGT-1_1_2"
"802","GTCAAACGTGGATCGA-1_1_2"
"803","GTCACTCAGGAGTCTG-1_1_2"
"804","GTCAGCGAGCATACTC-1_1_2"
"805","GTCATCCGTGCCGGTT-1_1_2"
"806","GTCATGAAGAATTGTG-1_1_2"
"807","GTCATGAGTGACACGA-1_1_2"
"808","GTCATGATCACTGATG-1_1_2"
"809","GTCATTTGTTTCGATG-1_1_2"
"810","GTCCCATAGAATTGCA-1_1_2"
"811","GTCCCATTCCCGTGAG-1_1_2"
"812","GTCCTCAGTGCACATT-1_1_2"
"813","GTCGAATCAACCCTAA-1_1_2"
"814","GTCGAATGTCGCAACC-1_1_2"
"815","GTCGCGAAGTCACAGG-1_1_2"
"816","GTCGCGACAAGACGGT-1_1_2"
"817","GTCGCGACAGCAGTAG-1_1_2"
"818","GTCGCGAGTATGACAA-1_1_2"
"819","GTCGCGATCGATACTG-1_1_2"
"820","GTCGTAAAGCGATGGT-1_1_2"
"821","GTCGTAACACGACGTC-1_1_2"
"822","GTCTACCTCTACTGAG-1_1_2"
"823","GTCTAGACATGGGAAC-1_1_2"
"824","GTCTAGAGTAGGTAGC-1_1_2"
"825","GTCTAGATCACCGGGT-1_1_2"
"826","GTCTCACCAATGAACA-1_1_2"
"827","GTCTGTCCACCGGTCA-1_1_2"
"828","GTCTGTCCATCGATCA-1_1_2"
"829","GTCTGTCGTGGATTTC-1_1_2"
"830","GTCTTTAGTATGTCTG-1_1_2"
"831","GTGAGCCAGTAGTCTC-1_1_2"
"832","GTGAGGACATTGTCGA-1_1_2"
"833","GTGAGTTAGGGCAACT-1_1_2"
"834","GTGAGTTTCGTGCATA-1_1_2"
"835","GTGATGTGTATGTCAC-1_1_2"
"836","GTGCACGAGTTGGCTT-1_1_2"
"837","GTGCAGCAGAGTCACG-1_1_2"
"838","GTGCGTGCAGAATGTA-1_1_2"
"839","GTGCTGGAGAATCTAG-1_1_2"
"840","GTGCTGGAGGATATAC-1_1_2"
"841","GTGCTTCGTAGATTAG-1_1_2"
"842","GTGGAAGCAACACAAA-1_1_2"
"843","GTGGAAGCACATGAAA-1_1_2"
"844","GTGGAGACATTGCAAC-1_1_2"
"845","GTGGCGTTCATGGCCG-1_1_2"
"846","GTGGGAAGTTTCTTAC-1_1_2"
"847","GTGGTTAAGGTTCCAT-1_1_2"
"848","GTGTCCTAGCACAAAT-1_1_2"
"849","GTGTCCTGTCTAGTGT-1_1_2"
"850","GTGTGATGTCTAACTG-1_1_2"
"851","GTGTGGCAGGTTCAGG-1_1_2"
"852","GTGTTAGCAGAGGACT-1_1_2"
"853","GTGTTAGGTGCACAAG-1_1_2"
"854","GTGTTAGTCTACAGGT-1_1_2"
"855","GTGTTCCGTCACCGAC-1_1_2"
"856","GTGTTCCGTTTACCTT-1_1_2"
"857","GTGTTCCTCATTACCT-1_1_2"
"858","GTTACCCAGGCTAGCA-1_1_2"
"859","GTTACCCTCTGCAGCG-1_1_2"
"860","GTTACGAAGGATACGC-1_1_2"
"861","GTTACGACAACCGTAT-1_1_2"
"862","GTTACGACACTGGATT-1_1_2"
"863","GTTAGACAGTAAGACT-1_1_2"
"864","GTTAGTGGTGAGTTTC-1_1_2"
"865","GTTATGGAGCCTCTGG-1_1_2"
"866","GTTATGGCACGCTGCA-1_1_2"
"867","GTTATGGCAGAACCGA-1_1_2"
"868","GTTCCGTAGGATTACA-1_1_2"
"869","GTTCCGTAGTAAGCAT-1_1_2"
"870","GTTCCGTGTGGCCTCA-1_1_2"
"871","GTTCCGTGTTCGGCTG-1_1_2"
"872","GTTCTATCAGGCGATA-1_1_2"
"873","GTTGCTCGTGGATTTC-1_1_2"
"874","GTTGTAGGTATAATGG-1_1_2"
"875","GTTGTCCCAAATAGCA-1_1_2"
"876","GTTGTGAGTGTCCAAT-1_1_2"
"877","GTTTACTAGTGGTGAC-1_1_2"
"878","GTTTACTGTCAGACTT-1_1_2"
"879","GTTTGGAGTATGGAGC-1_1_2"
"880","GTTTGGAGTGTCACAT-1_1_2"
"881","GTTTGGATCTCATTAC-1_1_2"
"882","TAACACGGTAATCAGA-1_1_2"
"883","TAACACGTCTCGTGGG-1_1_2"
"884","TAACCAGAGGAACTCG-1_1_2"
"885","TAACCAGCAATCGTCA-1_1_2"
"886","TAACGACAGCCAGAGT-1_1_2"
"887","TAACGACCACGGCCAT-1_1_2"
"888","TAACGACGTATTCCGA-1_1_2"
"889","TAACGACTCTCAGTCC-1_1_2"
"890","TAACTTCCACTGTTCC-1_1_2"
"891","TAAGCCAGTCTGCGCA-1_1_2"
"892","TAAGCCATCGTCACCT-1_1_2"
"893","TAAGCGTGTATGAAGT-1_1_2"
"894","TAAGCGTGTGGGCTCT-1_1_2"
"895","TAAGTCGGTAGATCGG-1_1_2"
"896","TAATTCCGTAATGTGA-1_1_2"
"897","TACAACGAGTCGGCAA-1_1_2"
"898","TACAACGGTAGGGAGG-1_1_2"
"899","TACACCCTCTAGCCTC-1_1_2"
"900","TACACCCTCTCCACTG-1_1_2"
"901","TACAGGTGTGTCTTCC-1_1_2"
"902","TACCCACCACTGGACC-1_1_2"
"903","TACCCGTAGATGATTG-1_1_2"
"904","TACCCGTCATGACAAA-1_1_2"
"905","TACCCGTTCGGTGAAG-1_1_2"
"906","TACCGAAAGCACTAGG-1_1_2"
"907","TACCGAAGTCGGTGAA-1_1_2"
"908","TACCGAATCTAACACG-1_1_2"
"909","TACGCTCAGTCATACC-1_1_2"
"910","TACGGGCAGCGTCGAA-1_1_2"
"911","TACGGTAGTAACTTCG-1_1_2"
"912","TACGTCCTCATGCCGG-1_1_2"
"913","TACTGCCAGTGAACAT-1_1_2"
"914","TACTGCCCATGGCCAC-1_1_2"
"915","TACTTACTCGTGGTAT-1_1_2"
"916","TACTTCATCGTGCATA-1_1_2"
"917","TACTTGTTCCGAGAAG-1_1_2"
"918","TAGACTGCAGCCGTTG-1_1_2"
"919","TAGACTGCAGCGGTCT-1_1_2"
"920","TAGAGTCAGGCCCACT-1_1_2"
"921","TAGATCGAGCGCTGAA-1_1_2"
"922","TAGGTACAGCAGGTCA-1_1_2"
"923","TAGGTACCAACGACTT-1_1_2"
"924","TAGGTACGTTGCACGC-1_1_2"
"925","TAGTGCACACCACTGG-1_1_2"
"926","TAGTGCATCTCCTACG-1_1_2"
"927","TATACCTCAGTTACCA-1_1_2"
"928","TATATCCCAGTTGCGC-1_1_2"
"929","TATCAGGAGTTCGCAT-1_1_2"
"930","TATCAGGGTCTGATCA-1_1_2"
"931","TATCCTAAGTAAACTG-1_1_2"
"932","TATCTGTAGGCCCACT-1_1_2"
"933","TATGTTCAGACTAGAT-1_1_2"
"934","TATGTTCCAGGCGAAT-1_1_2"
"935","TATGTTCGTTCAATCG-1_1_2"
"936","TATTCCAGTCGACTGC-1_1_2"
"937","TATTCCAGTCGTTGCG-1_1_2"
"938","TATTCCATCCATTGGA-1_1_2"
"939","TATTGGGGTATCTTCT-1_1_2"
"940","TCAAGACAGGGATCAC-1_1_2"
"941","TCACAAGTCCATAGGT-1_1_2"
"942","TCACACCGTTCACGAT-1_1_2"
"943","TCACACCTCTGTCGTC-1_1_2"
"944","TCACATTGTTCGGCCA-1_1_2"
"945","TCACGCTGTTCTTAGG-1_1_2"
"946","TCACTATAGCTAGCCC-1_1_2"
"947","TCACTATCAACCGCCA-1_1_2"
"948","TCACTCGAGCTTCGTA-1_1_2"
"949","TCACTCGCACCCTTAC-1_1_2"
"950","TCACTCGCAGGTGTGA-1_1_2"
"951","TCACTCGTCACCATAG-1_1_2"
"952","TCAGGGCAGGGTCAAC-1_1_2"
"953","TCAGGTAGTAGACGGT-1_1_2"
"954","TCAGGTAGTGATAGTA-1_1_2"
"955","TCAGGTATCGAAGAAT-1_1_2"
"956","TCAGTTTAGCAAGTGC-1_1_2"
"957","TCAGTTTAGGGCAGGA-1_1_2"
"958","TCATACTTCTTTGCGC-1_1_2"
"959","TCATATCAGTTTGCTG-1_1_2"
"960","TCATCATGTTCATCGA-1_1_2"
"961","TCATCCGTCTAAGAAG-1_1_2"
"962","TCATGAGCAATGTGGG-1_1_2"
"963","TCATGAGCAGTAGATA-1_1_2"
"964","TCATGCCAGCACCAGA-1_1_2"
"965","TCATGCCGTTATGGTC-1_1_2"
"966","TCATGGAGTATCTCGA-1_1_2"
"967","TCATGTTAGTCCCGAC-1_1_2"
"968","TCATTACAGGTTTGAA-1_1_2"
"969","TCATTCACAGCAGATG-1_1_2"
"970","TCATTCAGTCTGTAAC-1_1_2"
"971","TCATTTGAGTCGCTAT-1_1_2"
"972","TCCAGAACAAGGTCTT-1_1_2"
"973","TCCATGCAGCTGCCTG-1_1_2"
"974","TCCCACATCGCTTGAA-1_1_2"
"975","TCCCAGTCACATAACC-1_1_2"
"976","TCCCAGTGTACCCGAC-1_1_2"
"977","TCCCATGAGCCGTTAT-1_1_2"
"978","TCCCATGAGTCTCGTA-1_1_2"
"979","TCCGAAACACTGGACC-1_1_2"
"980","TCCGAAAGTGGTGATG-1_1_2"
"981","TCCGTGTGTTCCACAA-1_1_2"
"982","TCCTAATGTCGCATCG-1_1_2"
"983","TCCTAATTCATCCTAT-1_1_2"
"984","TCCTGCATCAAAGACA-1_1_2"
"985","TCCTTTCCATCGGAGA-1_1_2"
"986","TCGAACAAGAATAACC-1_1_2"
"987","TCGAAGTTCCACACAA-1_1_2"
"988","TCGACCTTCGGCCAAC-1_1_2"
"989","TCGACGGTCAGGAACG-1_1_2"
"990","TCGCAGGGTACTCGAT-1_1_2"
"991","TCGCTCAAGAGGCTGT-1_1_2"
"992","TCGCTCATCCCGAGAC-1_1_2"
"993","TCGCTTGCAAACGGCA-1_1_2"
"994","TCGCTTGTCCTGGCTT-1_1_2"
"995","TCGGGACGTGCAATAA-1_1_2"
"996","TCGGGCAGTCCTTGTC-1_1_2"
"997","TCGGGCATCATTACGG-1_1_2"
"998","TCGGGCATCGTTCATT-1_1_2"
"999","TCGGTCTCAGGTCAAG-1_1_2"
"1000","TCGTAGAAGTCAAGCG-1_1_2"
"1001","TCGTCCAAGCTAAATG-1_1_2"
"1002","TCGTCCAAGGACAGCT-1_1_2"
"1003","TCGTCCAGTCTCTCAC-1_1_2"
"1004","TCGTGGGCATATCTCT-1_1_2"
"1005","TCGTGGGGTGAATAAC-1_1_2"
"1006","TCTACATCAGAGTCTT-1_1_2"
"1007","TCTACATGTACCTAAC-1_1_2"
"1008","TCTACCGTCTAGACAC-1_1_2"
"1009","TCTATACAGATCCGAG-1_1_2"
"1010","TCTATCACACAATCTG-1_1_2"
"1011","TCTATCAGTTGCATCA-1_1_2"
"1012","TCTCACGCACAAGCTT-1_1_2"
"1013","TCTCCGATCTTTGCTA-1_1_2"
"1014","TCTCTGGAGCCGTAAG-1_1_2"
"1015","TCTCTGGTCGAACACT-1_1_2"
"1016","TCTCTGGTCTTAGCAG-1_1_2"
"1017","TCTGCCACACGTTGGC-1_1_2"
"1018","TCTGCCAGTTGTAAAG-1_1_2"
"1019","TCTGGCTGTCGCCACA-1_1_2"
"1020","TCTGTCGAGCGGATCA-1_1_2"
"1021","TCTGTCGAGGCTATCT-1_1_2"
"1022","TCTGTCGGTAACTTCG-1_1_2"
"1023","TCTGTCGGTACTTCCC-1_1_2"
"1024","TCTTAGTCAGAGGTAC-1_1_2"
"1025","TCTTAGTGTCCGAAGA-1_1_2"
"1026","TCTTCCTAGCTCGTGC-1_1_2"
"1027","TCTTCCTAGTGCTCGC-1_1_2"
"1028","TCTTCCTCACTGTCGG-1_1_2"
"1029","TCTTCCTTCTTGGATG-1_1_2"
"1030","TCTTTGACACCTTCGT-1_1_2"
"1031","TCTTTGAGTGGAGGTT-1_1_2"
"1032","TGAACGTAGACTTCAC-1_1_2"
"1033","TGAACGTCACAGGATG-1_1_2"
"1034","TGAACGTCAGTTGAAA-1_1_2"
"1035","TGAACGTGTAGAATGT-1_1_2"
"1036","TGAACGTTCGGTCATA-1_1_2"
"1037","TGACAGTAGGGCAACT-1_1_2"
"1038","TGACAGTGTTCGCGTG-1_1_2"
"1039","TGACGCGTCCTTATCA-1_1_2"
"1040","TGAGACTCAGCTGTGC-1_1_2"
"1041","TGAGACTGTACTCGCG-1_1_2"
"1042","TGAGCGCTCTTAAGGC-1_1_2"
"1043","TGAGGAGCAACAAAGT-1_1_2"
"1044","TGAGGAGCACCTCGTT-1_1_2"
"1045","TGAGGTTGTGAGCTCC-1_1_2"
"1046","TGATCAGCAGGTATGG-1_1_2"
"1047","TGATCTTCACCTTCGT-1_1_2"
"1048","TGATCTTGTTAAAGTG-1_1_2"
"1049","TGATCTTTCACTCACC-1_1_2"
"1050","TGATGCAAGTTAGTAG-1_1_2"
"1051","TGATGGTGTCCCAAAT-1_1_2"
"1052","TGATGGTTCGTGGGTC-1_1_2"
"1053","TGATTCTGTATCAGCT-1_1_2"
"1054","TGATTTCAGGTGCCAA-1_1_2"
"1055","TGCACGGCAATCAAGA-1_1_2"
"1056","TGCAGATCACACACGC-1_1_2"
"1057","TGCAGATTCCGGACGT-1_1_2"
"1058","TGCAGATTCGCTCCTA-1_1_2"
"1059","TGCAGTACAAACCGGA-1_1_2"
"1060","TGCATCCCACAGTCAT-1_1_2"
"1061","TGCGATAAGATGGTCG-1_1_2"
"1062","TGCGATAGTTCAAACC-1_1_2"
"1063","TGCGATATCACAACCA-1_1_2"
"1064","TGCGATATCTCAGTCC-1_1_2"
"1065","TGCGGCAAGATGCTTC-1_1_2"
"1066","TGCGGCAGTCCGAAGA-1_1_2"
"1067","TGCGGGTGTAGACACG-1_1_2"
"1068","TGCGGGTTCCGCTGTT-1_1_2"
"1069","TGCTCCAAGGCCGCTT-1_1_2"
"1070","TGCTCCACACAGTATC-1_1_2"
"1071","TGCTGAAGTAGAGCTG-1_1_2"
"1072","TGCTTCGCAGCTATTG-1_1_2"
"1073","TGCTTGCAGTCGGGAT-1_1_2"
"1074","TGGAACTGTTAGGCTT-1_1_2"
"1075","TGGAGAGCAATCGAAA-1_1_2"
"1076","TGGAGGAAGGGTATAT-1_1_2"
"1077","TGGAGGACATCGAAGG-1_1_2"
"1078","TGGATGTCACTCCTTG-1_1_2"
"1079","TGGCGTGGTTCAGGTT-1_1_2"
"1080","TGGCGTGTCTGGCTGG-1_1_2"
"1081","TGGGAAGCACAAGCTT-1_1_2"
"1082","TGGGAGAGTTATTCCT-1_1_2"
"1083","TGGGATTCAGTGGGTA-1_1_2"
"1084","TGGGATTGTTGGGATG-1_1_2"
"1085","TGGGATTTCCTATTTG-1_1_2"
"1086","TGGGCGTAGAGAGCCT-1_1_2"
"1087","TGGGCGTGTCGGCTAC-1_1_2"
"1088","TGGGTTAGTCCACTCT-1_1_2"
"1089","TGGGTTAGTGGCAACA-1_1_2"
"1090","TGGTTAGAGTATGAGT-1_1_2"
"1091","TGGTTAGGTAGGTGCA-1_1_2"
"1092","TGGTTAGGTCGCCTAG-1_1_2"
"1093","TGTCAGAGTAGCGTCC-1_1_2"
"1094","TGTCCACTCAGTGTTG-1_1_2"
"1095","TGTCCCAGTGGGATTG-1_1_2"
"1096","TGTCCTGTCGCTCTCA-1_1_2"
"1097","TGTGAGTAGGTCTACT-1_1_2"
"1098","TGTGAGTGTAACTGCT-1_1_2"
"1099","TGTGCGGAGATTAGAC-1_1_2"
"1100","TGTGCGGAGCCTCTGG-1_1_2"
"1101","TGTGGCGTCATGCAGT-1_1_2"
"1102","TGTTCATGTCATGACT-1_1_2"
"1103","TGTTCCGGTTCGGCGT-1_1_2"
"1104","TGTTCTATCCAAACCA-1_1_2"
"1105","TGTTGAGGTAGAATGT-1_1_2"
"1106","TGTTGGAGTGGAAGTC-1_1_2"
"1107","TGTTTGTTCCGAACGC-1_1_2"
"1108","TTAATCCGTCCTCATC-1_1_2"
"1109","TTACGCCAGCATAGGC-1_1_2"
"1110","TTACGCCCATTGCTTT-1_1_2"
"1111","TTACGTTAGTGCAAAT-1_1_2"
"1112","TTACGTTTCCCATTTA-1_1_2"
"1113","TTACTGTCATCCTTCG-1_1_2"
"1114","TTAGGCAGTTGCTCGG-1_1_2"
"1115","TTATTGCCAGCATGCC-1_1_2"
"1116","TTATTGCTCGGCTGTG-1_1_2"
"1117","TTCACGCTCCTGGCTT-1_1_2"
"1118","TTCATGTAGTGCAAAT-1_1_2"
"1119","TTCATTGCAAGTATAG-1_1_2"
"1120","TTCATTGGTCTGCCTT-1_1_2"
"1121","TTCATTGTCATAAGGA-1_1_2"
"1122","TTCATTGTCGCTACAA-1_1_2"
"1123","TTCCAATGTTAGGACG-1_1_2"
"1124","TTCCACGTCAGGAAGC-1_1_2"
"1125","TTCCACGTCATTGTTC-1_1_2"
"1126","TTCCGGTGTTTGGAAA-1_1_2"
"1127","TTCCGGTTCGTGCTCT-1_1_2"
"1128","TTCCGTGGTTAGAAGT-1_1_2"
"1129","TTCCTCTAGGGCAACT-1_1_2"
"1130","TTCCTTCAGGCGTTGA-1_1_2"
"1131","TTCCTTCCAGAGATGC-1_1_2"
"1132","TTCCTTCCAGTGCGCT-1_1_2"
"1133","TTCCTTCGTAAGGCCA-1_1_2"
"1134","TTCCTTCTCAGAGTGG-1_1_2"
"1135","TTCGATTGTTGACGGA-1_1_2"
"1136","TTCGATTTCGTGCGAC-1_1_2"
"1137","TTCGCTGCACTGCGTG-1_1_2"
"1138","TTCGGTCCAGAACGCA-1_1_2"
"1139","TTCTAACCACCTGCAG-1_1_2"
"1140","TTCTAGTCAAGAGTAT-1_1_2"
"1141","TTCTCTCAGAGGCCAT-1_1_2"
"1142","TTCTGTAAGGCCTAGA-1_1_2"
"1143","TTCTGTACAAGAGTGC-1_1_2"
"1144","TTCTTCCTCCTACCAC-1_1_2"
"1145","TTCTTGAAGGACAACC-1_1_2"
"1146","TTCTTGACAGTAACAA-1_1_2"
"1147","TTCTTGATCCATATGG-1_1_2"
"1148","TTGACCCAGTTCCTGA-1_1_2"
"1149","TTGAGTGAGCGGGTAT-1_1_2"
"1150","TTGCTGCCATGTTACG-1_1_2"
"1151","TTGGATGAGACCAACG-1_1_2"
"1152","TTGGATGCAAGCAATA-1_1_2"
"1153","TTGGGATAGGAAGTGA-1_1_2"
"1154","TTGGGATAGTCATCGT-1_1_2"
"1155","TTGGGATGTAGCTGTT-1_1_2"
"1156","TTGGGCGGTGAGTAGC-1_1_2"
"1157","TTGGTTTTCTTTGCGC-1_1_2"
"1158","TTGTGTTAGAGCAGTC-1_1_2"
"1159","TTGTGTTTCCTCCACA-1_1_2"
"1160","TTGTTCAAGTTACGAA-1_1_2"
"1161","TTGTTCATCCTCTCGA-1_1_2"
"1162","TTGTTGTGTCGACTGC-1_1_2"
"1163","TTGTTGTGTGGCAACA-1_1_2"
"1164","TTTACGTTCCCGAAAT-1_1_2"
"1165","TTTATGCAGAGTGTTA-1_1_2"
"1166","TTTATGCAGCAACAAT-1_1_2"
"1167","TTTCACACAGACATCT-1_1_2"
"1168","TTTCCTCGTATTCTCT-1_1_2"
"1169","TTTCGATCAACAACAA-1_1_2"
"1170","TTTGACTAGCCATTCA-1_1_2"
"1171","TTTGATCAGTCGGCCT-1_1_2"
"1172","TTTGATCCAGGTGTTT-1_1_2"
"1173","TTTGATCTCAAGGAGC-1_1_2"
"1174","TTTGATCTCGTTCCCA-1_1_2"
"1175","TTTGGAGAGGGTCAAC-1_1_2"
"1176","TTTGGAGGTAACGATA-1_1_2"
"1177","TTTGGTTCAATGAACA-1_1_2"
"1178","TTTGGTTCACCCTAGG-1_1_2"
"1179","TTTGTTGGTCTCCCTA-1_1_2"
"1180","TTTGTTGGTTCGAGCC-1_1_2"
"1181","TTTGTTGGTTGTACGT-1_1_2"
