"","x"
"1","AAACGCTGTATCAGGG-1_4_2"
"2","AAAGGATAGCTGGCCT-1_4_2"
"3","AAAGGGCCACAGTCGC-1_4_2"
"4","AAAGGGCGTACCTTCC-1_4_2"
"5","AAAGTGACACTCCCTA-1_4_2"
"6","AAAGTGACAGCGGTCT-1_4_2"
"7","AAAGTGACAGTAGAGC-1_4_2"
"8","AACAAAGCACGTGAGA-1_4_2"
"9","AACAACCCAGCGTATT-1_4_2"
"10","AACAACCCATGACGAG-1_4_2"
"11","AACAAGATCCTGTAGA-1_4_2"
"12","AACAAGATCCTTGACC-1_4_2"
"13","AACACACAGGGCTGAT-1_4_2"
"14","AACACACCATGCACTA-1_4_2"
"15","AACAGGGAGCGATCGA-1_4_2"
"16","AACAGGGAGGCTGTAG-1_4_2"
"17","AACCAACTCTACCTTA-1_4_2"
"18","AACCCAACAGATCCTA-1_4_2"
"19","AACCTGAAGATTGATG-1_4_2"
"20","AACCTTTCACTCTCGT-1_4_2"
"21","AACCTTTGTCGACTTA-1_4_2"
"22","AACCTTTGTCGTCTCT-1_4_2"
"23","AACGTCAGTCTACAGT-1_4_2"
"24","AACTTCTGTCGTCATA-1_4_2"
"25","AAGAACATCTCCAAGA-1_4_2"
"26","AAGACAACATCAACCA-1_4_2"
"27","AAGACTCTCGGTCATA-1_4_2"
"28","AAGATAGAGCTTGTGT-1_4_2"
"29","AAGCCATAGACCAAAT-1_4_2"
"30","AAGCCATCAAACACGG-1_4_2"
"31","AAGCGAGGTACTCGCG-1_4_2"
"32","AAGCGAGGTCGACGCT-1_4_2"
"33","AAGCGTTCATAATCCG-1_4_2"
"34","AAGGAATAGGGCATGT-1_4_2"
"35","AAGGAATGTCAGGCAA-1_4_2"
"36","AAGTTCGTCCCTCGAT-1_4_2"
"37","AATAGAGGTGGATGAC-1_4_2"
"38","AATCGACGTACTTGTG-1_4_2"
"39","AATGAAGAGTAAGACT-1_4_2"
"40","AATGACCTCCAGTGTA-1_4_2"
"41","AATGCCAAGGGCTTCC-1_4_2"
"42","AATGGAACAATCGCCG-1_4_2"
"43","AATGGAAGTTTGAACC-1_4_2"
"44","AATGGAATCAGCATTG-1_4_2"
"45","AATTCCTCAGCCGTTG-1_4_2"
"46","ACAAAGAAGGAGAATG-1_4_2"
"47","ACAAAGATCGAAGCAG-1_4_2"
"48","ACAACCAAGCCGATAG-1_4_2"
"49","ACAACCAGTGGACCAA-1_4_2"
"50","ACACAGTGTATCCTCC-1_4_2"
"51","ACACAGTTCCGATAAC-1_4_2"
"52","ACACCAATCCCTTGGT-1_4_2"
"53","ACAGAAACACTGTCGG-1_4_2"
"54","ACAGGGAGTTTGAAAG-1_4_2"
"55","ACATCGACAAGACCTT-1_4_2"
"56","ACATTTCCATAATCGC-1_4_2"
"57","ACCAAACGTTATTCCT-1_4_2"
"58","ACCAAACTCTAGTACG-1_4_2"
"59","ACCAACAGTATCCCAA-1_4_2"
"60","ACCAACAGTATCGCGC-1_4_2"
"61","ACCACAACACGCTGCA-1_4_2"
"62","ACCACAAGTGCCTGAC-1_4_2"
"63","ACCATTTAGAAGCTGC-1_4_2"
"64","ACCATTTCACGTCGGT-1_4_2"
"65","ACCATTTCATCTAGAC-1_4_2"
"66","ACCATTTGTAACCAGG-1_4_2"
"67","ACCCAAAGTAGGCAAC-1_4_2"
"68","ACCCAAAGTCGTGTTA-1_4_2"
"69","ACCCTCATCAAACGTC-1_4_2"
"70","ACCCTCATCGGTCAGC-1_4_2"
"71","ACCCTTGGTCTGTGCG-1_4_2"
"72","ACCTGAACACTGGATT-1_4_2"
"73","ACCTGAACAGGATGAC-1_4_2"
"74","ACCTGAATCGTGCAGC-1_4_2"
"75","ACCTGTCCAAGCGAGT-1_4_2"
"76","ACGATCACATATACCG-1_4_2"
"77","ACGGAAGAGTATGAGT-1_4_2"
"78","ACGGAAGCAACATACC-1_4_2"
"79","ACGGAAGTCTGGGATT-1_4_2"
"80","ACGGTCGAGTATTAGG-1_4_2"
"81","ACGGTCGGTCGACTGC-1_4_2"
"82","ACGGTTAAGAGGATGA-1_4_2"
"83","ACGGTTACAGACCAGA-1_4_2"
"84","ACGGTTACAGACGGAT-1_4_2"
"85","ACGTACACACAGAGAC-1_4_2"
"86","ACGTACACACTAGGCC-1_4_2"
"87","ACGTACACAGTCGCTG-1_4_2"
"88","ACGTCCTAGGGATCGT-1_4_2"
"89","ACGTCCTCATGACAAA-1_4_2"
"90","ACTACGAAGCTTCTAG-1_4_2"
"91","ACTATTCTCATCGTAG-1_4_2"
"92","ACTCCCACATCTCAAG-1_4_2"
"93","ACTCTCGTCTTCCCGA-1_4_2"
"94","ACTGCAACAATAGTGA-1_4_2"
"95","ACTGTCCCAGCGAGTA-1_4_2"
"96","ACTTAGGCAAGGGCAT-1_4_2"
"97","ACTTATCTCGAGATAA-1_4_2"
"98","ACTTCCGCAATCGCCG-1_4_2"
"99","ACTTCCGCAGTTTCAG-1_4_2"
"100","ACTTCCGTCCGACAGC-1_4_2"
"101","ACTTCGCCAAAGCGTG-1_4_2"
"102","ACTTCGCCAATGTGGG-1_4_2"
"103","ACTTCGCGTCATCGGC-1_4_2"
"104","ACTTTCAAGGGCTTCC-1_4_2"
"105","ACTTTCACAGTGGCTC-1_4_2"
"106","ACTTTGTCAAACCACT-1_4_2"
"107","ACTTTGTCAAACGGCA-1_4_2"
"108","AGAAATGGTAAGATAC-1_4_2"
"109","AGAACAACAAGAAATC-1_4_2"
"110","AGACACTAGCAATAGT-1_4_2"
"111","AGACACTGTGTACAGG-1_4_2"
"112","AGACCCGAGGTGAGAA-1_4_2"
"113","AGACTCAAGCCGTCGT-1_4_2"
"114","AGACTCACATACAGAA-1_4_2"
"115","AGAGAGCGTGGCCCAT-1_4_2"
"116","AGAGAGCTCTAAGCCA-1_4_2"
"117","AGAGCAGTCTTCGTGC-1_4_2"
"118","AGATAGAGTTCCCACT-1_4_2"
"119","AGATAGATCCTATTTG-1_4_2"
"120","AGATCCAAGGGCGAAG-1_4_2"
"121","AGATCGTAGTGGATAT-1_4_2"
"122","AGATGCTAGTAATCCC-1_4_2"
"123","AGATGCTCAGACAAGC-1_4_2"
"124","AGCATCAGTACACGTT-1_4_2"
"125","AGCCACGCAATTTCCT-1_4_2"
"126","AGCCACGGTGTCCGGT-1_4_2"
"127","AGCCAGCGTACGACTT-1_4_2"
"128","AGCGATTTCGTTCCCA-1_4_2"
"129","AGCGCTGGTATTCTCT-1_4_2"
"130","AGCGTCGTCGCAATTG-1_4_2"
"131","AGCTCAAGTCAGTCCG-1_4_2"
"132","AGCTTCCCAAAGAACT-1_4_2"
"133","AGGAAATAGTCGTTAC-1_4_2"
"134","AGGAAATGTTCTCTCG-1_4_2"
"135","AGGACTTAGAAGCTCG-1_4_2"
"136","AGGACTTGTAACGCGA-1_4_2"
"137","AGGAGGTCACCGTGGT-1_4_2"
"138","AGGCATTAGCTGGCCT-1_4_2"
"139","AGGCATTGTCCAAGAG-1_4_2"
"140","AGGCATTGTTAGAAAC-1_4_2"
"141","AGGCTGCTCTTTGCGC-1_4_2"
"142","AGGGAGTTCGCACGGT-1_4_2"
"143","AGGGCCTTCCTAGCGG-1_4_2"
"144","AGGGCTCAGATAGCAT-1_4_2"
"145","AGGGCTCAGGACAAGA-1_4_2"
"146","AGGGCTCAGGCTGAAC-1_4_2"
"147","AGGGCTCCATATCGGT-1_4_2"
"148","AGGGCTCGTCGGTGTC-1_4_2"
"149","AGGGCTCTCCATCCGT-1_4_2"
"150","AGGGTCCAGCCTGGAA-1_4_2"
"151","AGGGTCCAGGAAACGA-1_4_2"
"152","AGGGTGACAGTAACAA-1_4_2"
"153","AGGGTTTAGGTTGCCC-1_4_2"
"154","AGGTAGGGTAGATTGA-1_4_2"
"155","AGGTGTTAGTGGTGAC-1_4_2"
"156","AGGTGTTGTTAGAAGT-1_4_2"
"157","AGGTGTTTCGATCCAA-1_4_2"
"158","AGGTTACGTCGTTATG-1_4_2"
"159","AGTAACCAGGAACTCG-1_4_2"
"160","AGTAACCGTTACCCAA-1_4_2"
"161","AGTACCACATGATAGA-1_4_2"
"162","AGTACCATCCTCACGT-1_4_2"
"163","AGTAGCTAGCTCCGAC-1_4_2"
"164","AGTAGCTTCGTGTTCC-1_4_2"
"165","AGTAGTCCAACACGTT-1_4_2"
"166","AGTAGTCTCACCGGGT-1_4_2"
"167","AGTAGTCTCCGCGATG-1_4_2"
"168","AGTCAACAGAGGACTC-1_4_2"
"169","AGTCAACGTTCCATTT-1_4_2"
"170","AGTCATGAGAAGGTAG-1_4_2"
"171","AGTCATGCACAATTCG-1_4_2"
"172","AGTCATGCATCGAAGG-1_4_2"
"173","AGTCATGGTGTCATTG-1_4_2"
"174","AGTCATGTCCTAAACG-1_4_2"
"175","AGTGATCGTATGCTAC-1_4_2"
"176","AGTGATCTCCTCTTTC-1_4_2"
"177","AGTGCCGGTATCGTGT-1_4_2"
"178","AGTGTTGTCCATACTT-1_4_2"
"179","AGTGTTGTCCATCTGC-1_4_2"
"180","AGTTAGCCAGGAGGAG-1_4_2"
"181","AGTTAGCCATGGGTTT-1_4_2"
"182","AGTTCGAGTAGTGCGA-1_4_2"
"183","ATACCTTCACTATCCC-1_4_2"
"184","ATACTTCTCCCTCGAT-1_4_2"
"185","ATAGAGAAGGTTTGAA-1_4_2"
"186","ATAGAGACAAATGAGT-1_4_2"
"187","ATAGGCTAGCCTTCTC-1_4_2"
"188","ATCACAGAGACCAAAT-1_4_2"
"189","ATCACAGTCCGATGCG-1_4_2"
"190","ATCACTTAGGAGTACC-1_4_2"
"191","ATCACTTTCACGGTCG-1_4_2"
"192","ATCAGGTCACCGAATT-1_4_2"
"193","ATCAGGTGTCATTCCC-1_4_2"
"194","ATCCACCCAATTCTTC-1_4_2"
"195","ATCCACCCAGATTAAG-1_4_2"
"196","ATCCATTTCTCCGAAA-1_4_2"
"197","ATCCCTGCATTGACAC-1_4_2"
"198","ATCCGTCAGCGACTAG-1_4_2"
"199","ATCCGTCAGTCATTGC-1_4_2"
"200","ATCCTATTCGACATTG-1_4_2"
"201","ATCGATGCAGCTAACT-1_4_2"
"202","ATCGGATAGTAGTCCT-1_4_2"
"203","ATCGGATGTACAACGG-1_4_2"
"204","ATCGGCGCAACTCCCT-1_4_2"
"205","ATCGTAGAGCGATCGA-1_4_2"
"206","ATCGTAGCACCGTCTT-1_4_2"
"207","ATCGTCCCACCAGACC-1_4_2"
"208","ATCGTCCGTTCGGACC-1_4_2"
"209","ATCGTCCTCATTCTTG-1_4_2"
"210","ATCTCTAGTTCAAGTC-1_4_2"
"211","ATCTTCAAGCCAAGGT-1_4_2"
"212","ATCTTCAGTCAGTTTG-1_4_2"
"213","ATGAAAGGTAGCCAGA-1_4_2"
"214","ATGAGTCGTCTTTATC-1_4_2"
"215","ATGATCGAGATGACAT-1_4_2"
"216","ATGATCGAGGGTAGCT-1_4_2"
"217","ATGCATGCATTCACAG-1_4_2"
"218","ATGCCTCCAAGTATAG-1_4_2"
"219","ATGGAGGTCCATAGAC-1_4_2"
"220","ATGGATCCATGTTTGG-1_4_2"
"221","ATGGATCTCTGCGTCT-1_4_2"
"222","ATGGGTTGTGCCAAGA-1_4_2"
"223","ATGGGTTTCGTTAGTG-1_4_2"
"224","ATGGTTGAGCCTCATA-1_4_2"
"225","ATGTCTTAGTGCGACA-1_4_2"
"226","ATGTCTTTCCGACATA-1_4_2"
"227","ATTACCTCAACTTGCA-1_4_2"
"228","ATTACTCGTTCAGTAC-1_4_2"
"229","ATTACTCTCTTCCACG-1_4_2"
"230","ATTATCCAGTTCGCAT-1_4_2"
"231","ATTATCCTCTCGCTCA-1_4_2"
"232","ATTCACTAGGCTATCT-1_4_2"
"233","ATTCAGGTCTGGCCTT-1_4_2"
"234","ATTCATCCAGGACTAG-1_4_2"
"235","ATTCCATAGGGCAAGG-1_4_2"
"236","ATTCCATGTCAGTCTA-1_4_2"
"237","ATTCCATGTTGCTCCT-1_4_2"
"238","ATTCCATTCGCATGAT-1_4_2"
"239","ATTCCCGAGTACAGAT-1_4_2"
"240","ATTCCTAAGACATATG-1_4_2"
"241","ATTCCTAAGTGCAACG-1_4_2"
"242","ATTCTACAGGATTTGA-1_4_2"
"243","ATTCTTGGTGGTCTCG-1_4_2"
"244","ATTTACCGTTCGATTG-1_4_2"
"245","ATTTCACAGCGTGCTC-1_4_2"
"246","ATTTCACGTACCAGAG-1_4_2"
"247","ATTTCTGCACTGGAAG-1_4_2"
"248","CAAAGAACAGCGTACC-1_4_2"
"249","CAAAGAACATCGCTCT-1_4_2"
"250","CAACCTCCAAGAAATC-1_4_2"
"251","CAACGATAGGGCAATC-1_4_2"
"252","CAACGATAGGGCAGTT-1_4_2"
"253","CAACGATTCATCGGGC-1_4_2"
"254","CAACGATTCGCAACAT-1_4_2"
"255","CAAGACTAGACAGCTG-1_4_2"
"256","CAAGGGAAGCATCGAG-1_4_2"
"257","CAATGACAGGACTATA-1_4_2"
"258","CAATGACAGGCACAAC-1_4_2"
"259","CAATGACCAAACTAGA-1_4_2"
"260","CAATGACGTGGCTTGC-1_4_2"
"261","CAATTTCAGACGATAT-1_4_2"
"262","CAATTTCCAGCAGTAG-1_4_2"
"263","CACACAAGTACCTTCC-1_4_2"
"264","CACAGATTCACGTCCT-1_4_2"
"265","CACAGATTCGGTTAGT-1_4_2"
"266","CACAGGCTCGAGCCTG-1_4_2"
"267","CACATGATCCACTAGA-1_4_2"
"268","CACCAAATCAGCGCGT-1_4_2"
"269","CACCAAATCCCACAGG-1_4_2"
"270","CACGGGTGTATGCAAA-1_4_2"
"271","CACTGTCTCTACGGTA-1_4_2"
"272","CACTTCGAGAGAGGTA-1_4_2"
"273","CACTTCGAGCTGTGCC-1_4_2"
"274","CAGAGCCAGGATACAT-1_4_2"
"275","CAGCACGGTCGAGCAA-1_4_2"
"276","CAGCACGGTGACTGAG-1_4_2"
"277","CAGCACGTCACTGGGC-1_4_2"
"278","CAGCAGCAGTTACGTC-1_4_2"
"279","CAGCGTGCACAATTCG-1_4_2"
"280","CAGGTATAGAAATGGG-1_4_2"
"281","CAGTTAGCAGTGCGCT-1_4_2"
"282","CAGTTAGGTGAGCGAT-1_4_2"
"283","CATAAGCAGCGAAACC-1_4_2"
"284","CATACAGGTGTAAATG-1_4_2"
"285","CATACTTCAGCGCTTG-1_4_2"
"286","CATAGACGTGAGTGAC-1_4_2"
"287","CATCAAGAGTAAACGT-1_4_2"
"288","CATCCACTCCTCTAAT-1_4_2"
"289","CATCCACTCTCGGGAC-1_4_2"
"290","CATCCCACATGGCTAT-1_4_2"
"291","CATCCGTCAAAGCTAA-1_4_2"
"292","CATCCGTCATACAGAA-1_4_2"
"293","CATCGCTAGAATAGTC-1_4_2"
"294","CATCGCTCATTCAGGT-1_4_2"
"295","CATCGGGCAACAGAGC-1_4_2"
"296","CATCGGGCACGGCTAC-1_4_2"
"297","CATGAGTAGTCACAGG-1_4_2"
"298","CATGCAAGTGCCGTTG-1_4_2"
"299","CATGCCTCACTCCGAG-1_4_2"
"300","CATGCCTGTAGCTAAA-1_4_2"
"301","CATGCCTTCCCGTGAG-1_4_2"
"302","CATGCGGCACATGGTT-1_4_2"
"303","CATGCGGTCAGAACCT-1_4_2"
"304","CATGCTCAGAATTGTG-1_4_2"
"305","CATGCTCAGTAGGTTA-1_4_2"
"306","CATGCTCTCAACTACG-1_4_2"
"307","CATGGATTCGGAGCAA-1_4_2"
"308","CATGGTACACTAAACC-1_4_2"
"309","CATGGTATCATCGCTC-1_4_2"
"310","CATTCTATCTGAGTCA-1_4_2"
"311","CATTGAGTCTTCGACC-1_4_2"
"312","CATTGCCCAGAACTCT-1_4_2"
"313","CATTGCCTCGCGTCGA-1_4_2"
"314","CATTGCCTCGTAGGAG-1_4_2"
"315","CATTTCATCCACGGAC-1_4_2"
"316","CCAAGCGAGAGTCCGA-1_4_2"
"317","CCAATGAAGTGGTCAG-1_4_2"
"318","CCAATGACACTTTATC-1_4_2"
"319","CCAATTTAGCGTTGTT-1_4_2"
"320","CCAATTTCAGAACTAA-1_4_2"
"321","CCACACTTCGACGCTG-1_4_2"
"322","CCACGAGCATGTCAGT-1_4_2"
"323","CCCAACTGTCCTCAGG-1_4_2"
"324","CCCATTGCAAGAAATC-1_4_2"
"325","CCCGAAGTCTTACACT-1_4_2"
"326","CCCTCAATCGGTGTTA-1_4_2"
"327","CCCTCTCCACGAGGTA-1_4_2"
"328","CCCTGATCACGCAGTC-1_4_2"
"329","CCCTTAGGTGTGTACT-1_4_2"
"330","CCGAACGCATGAAGCG-1_4_2"
"331","CCGAACGTCTACGGGC-1_4_2"
"332","CCGCAAGCATGAGATA-1_4_2"
"333","CCGCAAGGTTTCCATT-1_4_2"
"334","CCGGACAGTCGATGCC-1_4_2"
"335","CCGGGTAGTAGCGTCC-1_4_2"
"336","CCGGTAGCATGGAAGC-1_4_2"
"337","CCGGTAGGTAACATGA-1_4_2"
"338","CCGGTGAGTAGTTCCA-1_4_2"
"339","CCGGTGAGTTCGTAAC-1_4_2"
"340","CCGGTGATCACGTCCT-1_4_2"
"341","CCGGTGATCGAGAAAT-1_4_2"
"342","CCGTAGGGTTGTCCCT-1_4_2"
"343","CCGTGAGAGGCATGCA-1_4_2"
"344","CCGTTCAGTCGCCTAG-1_4_2"
"345","CCGTTCAGTGAGTCAG-1_4_2"
"346","CCTAAGACAATCGCAT-1_4_2"
"347","CCTACGTAGAATAGTC-1_4_2"
"348","CCTACGTCAATGCAAA-1_4_2"
"349","CCTATCGAGGTTGAGC-1_4_2"
"350","CCTCACAGTGGCTGCT-1_4_2"
"351","CCTCAGTAGGGTTAAT-1_4_2"
"352","CCTCAGTTCGTAGCTA-1_4_2"
"353","CCTCATGAGGGTGAGG-1_4_2"
"354","CCTCATGCAATGTCAC-1_4_2"
"355","CCTCATGGTAGTGCGA-1_4_2"
"356","CCTCCAATCGGTGTTA-1_4_2"
"357","CCTCCTCAGCGTCTCG-1_4_2"
"358","CCTCTCCGTTTAGAGA-1_4_2"
"359","CCTCTCCTCATCACCC-1_4_2"
"360","CCTGCATCACGTCATA-1_4_2"
"361","CCTGCATCAGCTGTGC-1_4_2"
"362","CCTTCAGTCTGGAGAG-1_4_2"
"363","CCTTGTGCACTTTAGG-1_4_2"
"364","CGAAGTTAGAGGTATT-1_4_2"
"365","CGAATTGAGAGGCTGT-1_4_2"
"366","CGAATTGAGCTCAGAG-1_4_2"
"367","CGAATTGGTCTACATG-1_4_2"
"368","CGAATTGTCGTAGGAG-1_4_2"
"369","CGAGGAACACTGAGGA-1_4_2"
"370","CGAGTGCAGCAGATAT-1_4_2"
"371","CGATCGGAGGAACGTC-1_4_2"
"372","CGATGCGGTATGCTTG-1_4_2"
"373","CGATGGCAGAACTTCC-1_4_2"
"374","CGATGGCGTCCACATA-1_4_2"
"375","CGCATGGCATAGTCAC-1_4_2"
"376","CGCCAGACAACACGAG-1_4_2"
"377","CGCCAGATCCATTGGA-1_4_2"
"378","CGCGTGACAGAGGTTG-1_4_2"
"379","CGCGTGATCCGTGACG-1_4_2"
"380","CGGAACCAGAACCCGA-1_4_2"
"381","CGGAACCGTGCTGTCG-1_4_2"
"382","CGGAATTGTTCTCGTC-1_4_2"
"383","CGGACACAGTTCCAGT-1_4_2"
"384","CGGACACCAGAGATTA-1_4_2"
"385","CGGACACCATCAGCGC-1_4_2"
"386","CGGACACGTCAGATTC-1_4_2"
"387","CGGACACGTCCCTGAG-1_4_2"
"388","CGGAGAATCCGTAGTA-1_4_2"
"389","CGGAGAATCTTGGGCG-1_4_2"
"390","CGGGACTCACTCAGAT-1_4_2"
"391","CGGGTCACAGAGTAAT-1_4_2"
"392","CGGGTCATCAGGAACG-1_4_2"
"393","CGTAATGCAACAAAGT-1_4_2"
"394","CGTAATGTCTGAATCG-1_4_2"
"395","CGTCAAAAGTTGGAAT-1_4_2"
"396","CGTGATAGTTCAACGT-1_4_2"
"397","CGTGTCTCATCGTTCC-1_4_2"
"398","CGTTCTGCAATAACCC-1_4_2"
"399","CGTTCTGTCACATACG-1_4_2"
"400","CTAACCCAGGAATGTT-1_4_2"
"401","CTAACCCGTTCCTAGA-1_4_2"
"402","CTAACTTTCAAACGAA-1_4_2"
"403","CTACGGGGTTGCTCAA-1_4_2"
"404","CTACTATGTACGGTTT-1_4_2"
"405","CTAGACACACCCGTAG-1_4_2"
"406","CTAGGTAGTGGACTGA-1_4_2"
"407","CTAGGTAGTTCGGCTG-1_4_2"
"408","CTAGGTATCAGCACCG-1_4_2"
"409","CTATAGGGTCCGGTGT-1_4_2"
"410","CTATCCGTCCCAACTC-1_4_2"
"411","CTATCTACATGAAGCG-1_4_2"
"412","CTATCTATCGGCTTGG-1_4_2"
"413","CTCAACCAGCGTATGG-1_4_2"
"414","CTCAACCAGGAACATT-1_4_2"
"415","CTCAAGAAGGGTAGCT-1_4_2"
"416","CTCAAGACATGCCGCA-1_4_2"
"417","CTCAAGAGTCGAAACG-1_4_2"
"418","CTCAATTCACGGGCTT-1_4_2"
"419","CTCACTGCAGACCAAG-1_4_2"
"420","CTCAGGGAGCCGTCGT-1_4_2"
"421","CTCAGGGCACAGCTTA-1_4_2"
"422","CTCAGTCAGAGGTCAC-1_4_2"
"423","CTCAGTCGTTTCTTAC-1_4_2"
"424","CTCATCGAGGTCACCC-1_4_2"
"425","CTCATCGTCGTAGTCA-1_4_2"
"426","CTCATCGTCTACAGGT-1_4_2"
"427","CTCATGCAGACGGATC-1_4_2"
"428","CTCATGCAGCCTAGGA-1_4_2"
"429","CTCATGCTCTTGGCTC-1_4_2"
"430","CTCCACAAGCAACAAT-1_4_2"
"431","CTCCACAGTACAGTTC-1_4_2"
"432","CTCCATGGTGGGATTG-1_4_2"
"433","CTCCCAAAGTCCCGAC-1_4_2"
"434","CTCCGATCATAGGAGC-1_4_2"
"435","CTCCTCCAGCTAAGTA-1_4_2"
"436","CTCCTCCAGGCAGGTT-1_4_2"
"437","CTCCTCCCATCGAAGG-1_4_2"
"438","CTCCTCCGTTTGGAGG-1_4_2"
"439","CTCCTTTGTTGCCAAT-1_4_2"
"440","CTCGAGGCAGCTATAC-1_4_2"
"441","CTCTCGATCAAACCTG-1_4_2"
"442","CTCTGGTAGGCGACAT-1_4_2"
"443","CTCTGGTGTACGCTTA-1_4_2"
"444","CTCTGGTTCTGTTGGA-1_4_2"
"445","CTGAATGTCCCGTAAA-1_4_2"
"446","CTGAGGCAGAGTACCG-1_4_2"
"447","CTGATCCAGCTGAAAT-1_4_2"
"448","CTGCAGGTCTGCAGCG-1_4_2"
"449","CTGCATCAGGCTCAAG-1_4_2"
"450","CTGCATCCATGGCTGC-1_4_2"
"451","CTGCATCGTCTGCGCA-1_4_2"
"452","CTGCATCTCAAGCCGC-1_4_2"
"453","CTGCCATAGTGGTGAC-1_4_2"
"454","CTGCCTACAACCTAAC-1_4_2"
"455","CTGCCTACAAGAAATC-1_4_2"
"456","CTGCGAGTCGCTACAA-1_4_2"
"457","CTGGACGTCGTGGTAT-1_4_2"
"458","CTGGACGTCTAGCCAA-1_4_2"
"459","CTGGCAGCACAAAGTA-1_4_2"
"460","CTGGTCTAGTCCGCCA-1_4_2"
"461","CTGGTCTCAAATGCTC-1_4_2"
"462","CTGGTCTCAGGTTACT-1_4_2"
"463","CTGTACCCATGGCGCT-1_4_2"
"464","CTGTACCTCTGAATGC-1_4_2"
"465","CTGTAGATCAACGAGG-1_4_2"
"466","CTGTATTGTCTCCTGT-1_4_2"
"467","CTGTCGTCATCACGGC-1_4_2"
"468","CTGTGAACAAGACGAC-1_4_2"
"469","CTGTGGGTCATTGTTC-1_4_2"
"470","CTTACCGAGAGAGGTA-1_4_2"
"471","CTTCAATGTACAGCGA-1_4_2"
"472","CTTCAATGTGCCCGTA-1_4_2"
"473","CTTCCGAGTCTTAGTG-1_4_2"
"474","CTTCGGTAGCTGTTCA-1_4_2"
"475","CTTCGGTGTAGTACGG-1_4_2"
"476","CTTCGGTGTCCGTACG-1_4_2"
"477","CTTCGGTGTGGGAGAG-1_4_2"
"478","CTTCTAAGTAACATCC-1_4_2"
"479","CTTCTAATCCGATAAC-1_4_2"
"480","CTTCTAATCGCGGTAC-1_4_2"
"481","CTTCTCTTCTTCTTCC-1_4_2"
"482","CTTGATTTCACTGAAC-1_4_2"
"483","CTTTCGGCACATTCTT-1_4_2"
"484","CTTTCGGGTAAGTTAG-1_4_2"
"485","GAAACCTAGCATAGGC-1_4_2"
"486","GAAACCTCAACTGCCG-1_4_2"
"487","GAAACCTTCACGACTA-1_4_2"
"488","GAAATGAGTGGCACTC-1_4_2"
"489","GAAATGAGTTGTAAAG-1_4_2"
"490","GAAATGAGTTGTGGAG-1_4_2"
"491","GAAATGATCAATCTCT-1_4_2"
"492","GAACTGTTCCACTGGG-1_4_2"
"493","GAAGAATTCTCCGAGG-1_4_2"
"494","GAAGCGAAGTGAACAT-1_4_2"
"495","GAAGCGACAAAGGGCT-1_4_2"
"496","GAAGCGACAAGGACAC-1_4_2"
"497","GAAGCGAGTTCCGTTC-1_4_2"
"498","GAAGGGTCAGGAATAT-1_4_2"
"499","GAAGTAAGTCTGTAGT-1_4_2"
"500","GAAGTAATCCGTCCTA-1_4_2"
"501","GAATAGAGTCACATTG-1_4_2"
"502","GAATAGAGTGTCCACG-1_4_2"
"503","GACACGCAGCCGTTGC-1_4_2"
"504","GACACGCAGTTCCGTA-1_4_2"
"505","GACACGCCAACCTATG-1_4_2"
"506","GACAGCCTCACGGAGA-1_4_2"
"507","GACCCTTTCAAGGACG-1_4_2"
"508","GACCGTGAGCAGTCTT-1_4_2"
"509","GACCGTGGTCCCGCAA-1_4_2"
"510","GACGTTACATCACGGC-1_4_2"
"511","GACGTTATCAACTGAC-1_4_2"
"512","GACTATGGTCAATCTG-1_4_2"
"513","GACTATGGTGAGCAGT-1_4_2"
"514","GACTATGGTGTGACCC-1_4_2"
"515","GACTTCCCACTTCCTG-1_4_2"
"516","GACTTCCTCGAATGCT-1_4_2"
"517","GAGAAATCAGCGAACA-1_4_2"
"518","GAGACTTAGGGTAATT-1_4_2"
"519","GAGCCTGAGAGAAGGT-1_4_2"
"520","GAGCCTGCAGCGAGTA-1_4_2"
"521","GAGCTGCGTCATGGCC-1_4_2"
"522","GAGGCAAAGTGGTGGT-1_4_2"
"523","GAGGGATCAGGAGGTT-1_4_2"
"524","GAGGGATGTTTCGTAG-1_4_2"
"525","GAGGGTAGTGGTAACG-1_4_2"
"526","GAGTCATAGAAAGCGA-1_4_2"
"527","GAGTCATCATTCACCC-1_4_2"
"528","GAGTGAGCACAAGGTG-1_4_2"
"529","GAGTGTTAGCTTCGTA-1_4_2"
"530","GAGTGTTGTCACGCTG-1_4_2"
"531","GAGTGTTGTTCGCGTG-1_4_2"
"532","GAGTTACCATGTGACT-1_4_2"
"533","GATAGAAAGGCGAACT-1_4_2"
"534","GATCACATCGGAATTC-1_4_2"
"535","GATCAGTTCGCTGACG-1_4_2"
"536","GATCATGAGACCAAAT-1_4_2"
"537","GATCATGGTTCGGTTA-1_4_2"
"538","GATCATGTCCCACAGG-1_4_2"
"539","GATCATGTCGGACTTA-1_4_2"
"540","GATCCCTTCATGCCCT-1_4_2"
"541","GATCCCTTCCAGCCTT-1_4_2"
"542","GATCCCTTCTTGAACG-1_4_2"
"543","GATCGTAGTCCTGAAT-1_4_2"
"544","GATCGTATCCTTCTAA-1_4_2"
"545","GATCGTATCTACTGCC-1_4_2"
"546","GATGACTTCTGCACCT-1_4_2"
"547","GATGATCGTACGGTTT-1_4_2"
"548","GATGCTACATAAGCAA-1_4_2"
"549","GATGCTAGTGCGGATA-1_4_2"
"550","GATGGAGCAGCTGTAT-1_4_2"
"551","GATGGAGGTACATACC-1_4_2"
"552","GATTCGACAGCAGATG-1_4_2"
"553","GATTGGTGTTCAGGTT-1_4_2"
"554","GCAACATAGGTTCCAT-1_4_2"
"555","GCAACATGTGGTTCTA-1_4_2"
"556","GCAACATTCGAAGTGG-1_4_2"
"557","GCAACCGGTGTTCAGT-1_4_2"
"558","GCACATAGTGCATACT-1_4_2"
"559","GCACATATCCCATACC-1_4_2"
"560","GCACGGTGTCCGCAGT-1_4_2"
"561","GCACGTGGTCGATTTG-1_4_2"
"562","GCACGTGGTGGCGCTT-1_4_2"
"563","GCAGTTACAATACCCA-1_4_2"
"564","GCAGTTACAGCTGTGC-1_4_2"
"565","GCAGTTACAGGGTCTC-1_4_2"
"566","GCAGTTATCATAGGCT-1_4_2"
"567","GCAGTTATCCTCATAT-1_4_2"
"568","GCATCGGAGGCATCAG-1_4_2"
"569","GCATCGGCAGAGGAAA-1_4_2"
"570","GCATCGGCAGCGTGAA-1_4_2"
"571","GCATCTCAGAAATTGC-1_4_2"
"572","GCATGATTCGCATAGT-1_4_2"
"573","GCATTAGAGGGATCTG-1_4_2"
"574","GCATTAGTCTTCGTGC-1_4_2"
"575","GCCAGCAGTATACCCA-1_4_2"
"576","GCCAGCAGTGTCCGTG-1_4_2"
"577","GCCAGCATCCCTTGTG-1_4_2"
"578","GCCAGGTAGTTCTCTT-1_4_2"
"579","GCCAGGTTCCACGTAA-1_4_2"
"580","GCCAGGTTCGAGATGG-1_4_2"
"581","GCCAGTGCAGCTCCTT-1_4_2"
"582","GCCATGGCATACCGTA-1_4_2"
"583","GCCATTCGTACCTATG-1_4_2"
"584","GCCCAGACACTTGAGT-1_4_2"
"585","GCCCAGACATTAGGAA-1_4_2"
"586","GCCGATGTCTTTACAC-1_4_2"
"587","GCCGTGAAGAGAGCAA-1_4_2"
"588","GCCGTGAGTTAATGAG-1_4_2"
"589","GCCGTGAGTTTCGACA-1_4_2"
"590","GCCTGTTAGGTTCCGC-1_4_2"
"591","GCGAGAATCAAGTGGG-1_4_2"
"592","GCGATCGTCGTGCTCT-1_4_2"
"593","GCGGATCTCTTTGCAT-1_4_2"
"594","GCGTGCAGTTGGAGAC-1_4_2"
"595","GCGTTTCCACCTTCGT-1_4_2"
"596","GCTGAATGTCATGACT-1_4_2"
"597","GCTGGGTGTTGGCCGT-1_4_2"
"598","GCTTCACAGAAGCGAA-1_4_2"
"599","GCTTGGGAGGTGGGTT-1_4_2"
"600","GCTTTCGGTCCTACGG-1_4_2"
"601","GCTTTCGTCTGATGGT-1_4_2"
"602","GGAATCTGTTATGTCG-1_4_2"
"603","GGAATCTTCGCTATTT-1_4_2"
"604","GGAATGGCAAACCACT-1_4_2"
"605","GGAGATGGTACGGATG-1_4_2"
"606","GGAGATGTCATGAAAG-1_4_2"
"607","GGAGCAATCGACATAC-1_4_2"
"608","GGAGCAATCTGGGAGA-1_4_2"
"609","GGAGGTAGTCACCACG-1_4_2"
"610","GGATCTAGTGACAGCA-1_4_2"
"611","GGATGTTAGTTCACTG-1_4_2"
"612","GGATGTTCAGCCATTA-1_4_2"
"613","GGCGTCAAGGTCCAGA-1_4_2"
"614","GGCTGTGAGGTCGTGA-1_4_2"
"615","GGCTGTGCACAACGTT-1_4_2"
"616","GGCTGTGGTGTTGACT-1_4_2"
"617","GGCTTGGAGATCGCCC-1_4_2"
"618","GGCTTGGAGCATGAAT-1_4_2"
"619","GGCTTGGAGCGCACAA-1_4_2"
"620","GGCTTTCGTTTAGAGA-1_4_2"
"621","GGGAAGTCACACTTAG-1_4_2"
"622","GGGACAAAGAGGACTC-1_4_2"
"623","GGGACTCCAAGCTGTT-1_4_2"
"624","GGGACTCTCCATCCGT-1_4_2"
"625","GGGACTCTCTGGGCGT-1_4_2"
"626","GGGAGATCAAGTCCCG-1_4_2"
"627","GGGAGATGTCTTGTCC-1_4_2"
"628","GGGAGTAAGTCACTAC-1_4_2"
"629","GGGAGTAGTCAGACGA-1_4_2"
"630","GGGATCCGTCAACCAT-1_4_2"
"631","GGGATCCTCTGAGAAA-1_4_2"
"632","GGGATGAAGACCAAGC-1_4_2"
"633","GGGATGACAACCTATG-1_4_2"
"634","GGGCTACGTTAGGGTG-1_4_2"
"635","GGGCTACGTTTACTGG-1_4_2"
"636","GGGCTACTCTCGACCT-1_4_2"
"637","GGGTAGATCATCCTAT-1_4_2"
"638","GGGTCACCAAAGTGTA-1_4_2"
"639","GGGTCACGTCCGGTGT-1_4_2"
"640","GGGTCACGTGATAGTA-1_4_2"
"641","GGGTGAACATTGGGAG-1_4_2"
"642","GGGTGAATCTTGCAGA-1_4_2"
"643","GGGTGTCAGCACTAGG-1_4_2"
"644","GGGTGTCCAATAGAGT-1_4_2"
"645","GGGTTATGTCGGATTT-1_4_2"
"646","GGGTTTATCGACGATT-1_4_2"
"647","GGTAACTGTTCTGACA-1_4_2"
"648","GGTAATCTCTCGGTCT-1_4_2"
"649","GGTAGAGCAACACGAG-1_4_2"
"650","GGTCACGAGTGTACAA-1_4_2"
"651","GGTCACGCAGAAGTGC-1_4_2"
"652","GGTCACGCAGTTGCGC-1_4_2"
"653","GGTCTGGAGCTTTCCC-1_4_2"
"654","GGTCTGGCAAGTACCT-1_4_2"
"655","GGTCTGGCATGGGATG-1_4_2"
"656","GGTGAAGAGAGTCCGA-1_4_2"
"657","GGTGAAGCATCTAGAC-1_4_2"
"658","GGTGATTTCTGCAGCG-1_4_2"
"659","GGTGGCTAGAAGATCT-1_4_2"
"660","GGTGGCTCACATGAAA-1_4_2"
"661","GGTGTCGAGGAAAGAC-1_4_2"
"662","GGTGTCGAGTTGCGAG-1_4_2"
"663","GGTGTTAAGGTAATCA-1_4_2"
"664","GGTGTTATCCAGGACC-1_4_2"
"665","GGTTCTCTCTCTGGTC-1_4_2"
"666","GGTTGTACAGGCATTT-1_4_2"
"667","GGTTGTAGTACCATAC-1_4_2"
"668","GGTTGTAGTAGTGCGA-1_4_2"
"669","GTAACACCAACGCATT-1_4_2"
"670","GTAACCAAGGAAACGA-1_4_2"
"671","GTAACCAGTGAACTAA-1_4_2"
"672","GTAACCATCCTCTTTC-1_4_2"
"673","GTAAGTCCACTGAGGA-1_4_2"
"674","GTAATGCGTACGATTC-1_4_2"
"675","GTAATGCGTATCAAGA-1_4_2"
"676","GTAATGCTCAGAGTTC-1_4_2"
"677","GTACAGTAGGTGGTTG-1_4_2"
"678","GTAGATCAGACAGCTG-1_4_2"
"679","GTAGATCCACATTGTG-1_4_2"
"680","GTAGATCGTCTCTCAC-1_4_2"
"681","GTAGATCTCCAAATGC-1_4_2"
"682","GTAGATCTCGCTGCGA-1_4_2"
"683","GTAGCTAAGCCTATTG-1_4_2"
"684","GTAGCTAAGGCACCAA-1_4_2"
"685","GTAGCTAGTCCACGCA-1_4_2"
"686","GTAGCTATCAGCGCGT-1_4_2"
"687","GTAGCTATCAGGCGAA-1_4_2"
"688","GTAGTACCATAGTCGT-1_4_2"
"689","GTAGTACGTCGAGATG-1_4_2"
"690","GTAGTACGTTTCCCAC-1_4_2"
"691","GTATTGGGTACACGTT-1_4_2"
"692","GTATTTCCAAGCTACT-1_4_2"
"693","GTCAAACGTACATTGC-1_4_2"
"694","GTCAAGTAGATGCCGA-1_4_2"
"695","GTCAAGTAGCATGTTC-1_4_2"
"696","GTCAAGTGTTGCTGAT-1_4_2"
"697","GTCAAGTTCGACGACC-1_4_2"
"698","GTCACGGCAGCTTTCC-1_4_2"
"699","GTCACTCAGCACACAG-1_4_2"
"700","GTCACTCTCTGAGAGG-1_4_2"
"701","GTCAGCGGTAGACTGG-1_4_2"
"702","GTCATCCGTGCATGAG-1_4_2"
"703","GTCATCCTCGATTTCT-1_4_2"
"704","GTCATCCTCGGCCTTT-1_4_2"
"705","GTCCACTAGGCCCAAA-1_4_2"
"706","GTCCACTCACCCTGAG-1_4_2"
"707","GTCCACTCACTGTCGG-1_4_2"
"708","GTCCACTTCAGCGGAA-1_4_2"
"709","GTCCCATAGTGTACCT-1_4_2"
"710","GTCCCATCAGTATTCG-1_4_2"
"711","GTCCTCAAGAGAGCGG-1_4_2"
"712","GTCCTCAGTCATGGCC-1_4_2"
"713","GTCGAATAGAAATTGC-1_4_2"
"714","GTCGAATGTCTCCTGT-1_4_2"
"715","GTCGAATTCCTCAGAA-1_4_2"
"716","GTCGCGAGTGCCTGAC-1_4_2"
"717","GTCGTAACACCAAAGG-1_4_2"
"718","GTCGTAAGTCAGGAGT-1_4_2"
"719","GTCGTAAGTGCCTTTC-1_4_2"
"720","GTCTCACGTACAGTAA-1_4_2"
"721","GTCTCACGTCCGGTCA-1_4_2"
"722","GTCTGTCAGGTGGGTT-1_4_2"
"723","GTCTTTACACCTGCAG-1_4_2"
"724","GTCTTTAGTCGTACTA-1_4_2"
"725","GTGAGGAGTGTCTTAG-1_4_2"
"726","GTGAGTTAGGCGTTAG-1_4_2"
"727","GTGAGTTTCTGCGGAC-1_4_2"
"728","GTGCAGCCACCAATTG-1_4_2"
"729","GTGCAGCGTTTCTATC-1_4_2"
"730","GTGCAGCTCATTCGTT-1_4_2"
"731","GTGCAGCTCTGGACCG-1_4_2"
"732","GTGCTGGCAGACACCC-1_4_2"
"733","GTGCTGGGTACTTGTG-1_4_2"
"734","GTGCTGGGTCCTGTCT-1_4_2"
"735","GTGGAGAAGAATGTTG-1_4_2"
"736","GTGGAGAGTCCTTGTC-1_4_2"
"737","GTGGAGAGTCTAGTGT-1_4_2"
"738","GTGGCGTCACACCTTC-1_4_2"
"739","GTGGCGTGTAGAATAC-1_4_2"
"740","GTGGGAATCCTAAACG-1_4_2"
"741","GTGTAACAGTCCTGCG-1_4_2"
"742","GTGTAACCAAATTAGG-1_4_2"
"743","GTGTAACCAGAGAGGG-1_4_2"
"744","GTGTAACTCTTAGCTT-1_4_2"
"745","GTGTTAGTCTGCCTGT-1_4_2"
"746","GTGTTCCAGTTCCGTA-1_4_2"
"747","GTTACAGAGGCCACCT-1_4_2"
"748","GTTACAGTCCCGTTGT-1_4_2"
"749","GTTACCCCATTCTCCG-1_4_2"
"750","GTTACCCTCAGCTGTA-1_4_2"
"751","GTTACCCTCCTATGGA-1_4_2"
"752","GTTAGACCAAATTGCC-1_4_2"
"753","GTTAGACTCACTGAAC-1_4_2"
"754","GTTAGTGAGTAATCCC-1_4_2"
"755","GTTAGTGAGTAGCTCT-1_4_2"
"756","GTTAGTGCAAACACGG-1_4_2"
"757","GTTATGGAGACGACGT-1_4_2"
"758","GTTCCGTTCGTGTCAA-1_4_2"
"759","GTTCCGTTCTCACTCG-1_4_2"
"760","GTTCGCTGTAGGACCA-1_4_2"
"761","GTTCTATAGGGTGAGG-1_4_2"
"762","GTTCTATAGGTAGCCA-1_4_2"
"763","GTTGAACTCCAGTTCC-1_4_2"
"764","GTTGAACTCCATTTGT-1_4_2"
"765","GTTGCTCAGCCGATCC-1_4_2"
"766","GTTGCTCCAAGGTTGG-1_4_2"
"767","GTTGTGATCGTGGTAT-1_4_2"
"768","GTTTACTCAAATGAGT-1_4_2"
"769","GTTTGGAGTTCCAAAC-1_4_2"
"770","TAACACGCAAACGAGC-1_4_2"
"771","TAACACGGTTTCTATC-1_4_2"
"772","TAACCAGAGCCATTTG-1_4_2"
"773","TAACGACAGCTGAGTG-1_4_2"
"774","TAACGACCATCAGCAT-1_4_2"
"775","TAACTTCCAAATGGTA-1_4_2"
"776","TAACTTCCACGGAAGT-1_4_2"
"777","TAACTTCTCGGTTCAA-1_4_2"
"778","TAAGCCAGTTGTCATG-1_4_2"
"779","TAAGTCGGTACAATAG-1_4_2"
"780","TAAGTCGGTTGCTCAA-1_4_2"
"781","TAATCTCAGTGGATAT-1_4_2"
"782","TAATCTCCAAGTGACG-1_4_2"
"783","TAATCTCCACTGGCCA-1_4_2"
"784","TAATCTCGTTCTTGCC-1_4_2"
"785","TAATCTCTCACTCTTA-1_4_2"
"786","TAATCTCTCTGGGCGT-1_4_2"
"787","TACAACGTCCGTACGG-1_4_2"
"788","TACAACGTCTATTCGT-1_4_2"
"789","TACAGGTCATGAGGGT-1_4_2"
"790","TACAGGTGTGGCATCC-1_4_2"
"791","TACATTCAGCGAACTG-1_4_2"
"792","TACCCACAGAATCGAT-1_4_2"
"793","TACCCACCAATCGAAA-1_4_2"
"794","TACCCACGTTATTCTC-1_4_2"
"795","TACCCACGTTCCATTT-1_4_2"
"796","TACCCACTCACGGAGA-1_4_2"
"797","TACCCACTCAGCGCAC-1_4_2"
"798","TACCCGTAGACTTCCA-1_4_2"
"799","TACCCGTTCTCTAAGG-1_4_2"
"800","TACCGAAAGACTCTTG-1_4_2"
"801","TACCGAAAGCCGATTT-1_4_2"
"802","TACCGAACAGATACTC-1_4_2"
"803","TACCGAATCTTGGTCC-1_4_2"
"804","TACCGGGTCGAAGGAC-1_4_2"
"805","TACCTGCAGGATTCCT-1_4_2"
"806","TACCTGCTCGCACTCT-1_4_2"
"807","TACGCTCAGGGAGAAT-1_4_2"
"808","TACGGTATCTCTCTAA-1_4_2"
"809","TACGTCCAGAAACTCA-1_4_2"
"810","TACGTCCCAGCATGCC-1_4_2"
"811","TACGTCCGTAAGATTG-1_4_2"
"812","TACTGCCCACGTCTCT-1_4_2"
"813","TACTGCCTCAGAGCAG-1_4_2"
"814","TACTTACAGCTGGCTC-1_4_2"
"815","TACTTACGTGCTCCGA-1_4_2"
"816","TAGACTGTCTTTCCAA-1_4_2"
"817","TAGATCGGTAAGGTCG-1_4_2"
"818","TAGCACAGTAACCCTA-1_4_2"
"819","TAGCACAGTCCTTGTC-1_4_2"
"820","TAGGAGGAGCGTTAGG-1_4_2"
"821","TAGGAGGAGGGTAATT-1_4_2"
"822","TAGGGTTTCAAGCTGT-1_4_2"
"823","TAGGTACGTAATGTGA-1_4_2"
"824","TAGTGCAAGCGTCTCG-1_4_2"
"825","TATACCTGTATAGCTC-1_4_2"
"826","TATATCCCAAACACCT-1_4_2"
"827","TATCAGGTCTCATTGT-1_4_2"
"828","TATCCTAGTGTCCCTT-1_4_2"
"829","TATCGCCGTCGTTCAA-1_4_2"
"830","TATCTGTAGGCCTAAG-1_4_2"
"831","TATCTTGCAACGACAG-1_4_2"
"832","TATCTTGGTGCGCTCA-1_4_2"
"833","TATGTTCAGCGCCTAC-1_4_2"
"834","TATGTTCAGGGATCTG-1_4_2"
"835","TATGTTCCACAGTACT-1_4_2"
"836","TATGTTCGTTGGCCGT-1_4_2"
"837","TATTCCAGTACCAATC-1_4_2"
"838","TATTGCTAGTAGGATT-1_4_2"
"839","TATTGCTCAGAAGTTA-1_4_2"
"840","TATTTCGCATCCGCGA-1_4_2"
"841","TCAAGACGTGGAACCA-1_4_2"
"842","TCAATCTGTCCAATCA-1_4_2"
"843","TCAATCTGTCGCTGCA-1_4_2"
"844","TCAATTCTCGCTTGCT-1_4_2"
"845","TCACAAGAGGTGGGTT-1_4_2"
"846","TCACAAGCACTAGGTT-1_4_2"
"847","TCACAAGTCTTAAGGC-1_4_2"
"848","TCACAAGTCTTCGACC-1_4_2"
"849","TCACGCTCAAGCACCC-1_4_2"
"850","TCACGCTTCTCCGCAT-1_4_2"
"851","TCACTATAGAAGTGTT-1_4_2"
"852","TCACTATAGTGTAGAT-1_4_2"
"853","TCACTATCAAAGTGTA-1_4_2"
"854","TCACTATCAACGTTAC-1_4_2"
"855","TCACTCGAGACCAACG-1_4_2"
"856","TCACTCGAGCCTCTTC-1_4_2"
"857","TCACTCGGTGCCGTTG-1_4_2"
"858","TCAGCAATCATTGTTC-1_4_2"
"859","TCAGCCTAGGCTTCCG-1_4_2"
"860","TCAGGGCTCGTGTTCC-1_4_2"
"861","TCAGGTAAGGACGCAT-1_4_2"
"862","TCAGGTAAGTGTTGAA-1_4_2"
"863","TCAGGTACAATACGAA-1_4_2"
"864","TCAGGTATCGGTCTAA-1_4_2"
"865","TCAGTCCAGTATGGCG-1_4_2"
"866","TCAGTGACACATGAAA-1_4_2"
"867","TCAGTGACAGACACAG-1_4_2"
"868","TCAGTTTAGGGTACAC-1_4_2"
"869","TCAGTTTTCCTGGGAC-1_4_2"
"870","TCATCCGGTCCACAGC-1_4_2"
"871","TCATGAGAGCACTGGA-1_4_2"
"872","TCATGAGAGGCTTAGG-1_4_2"
"873","TCATTACTCTGCATAG-1_4_2"
"874","TCATTGTCAGCGGTTC-1_4_2"
"875","TCATTGTCATTGCTGA-1_4_2"
"876","TCATTGTTCTGTTGGA-1_4_2"
"877","TCCACCACAAACCATC-1_4_2"
"878","TCCAGAACACGGTCTG-1_4_2"
"879","TCCAGAAGTTCTCCCA-1_4_2"
"880","TCCATCGAGACTCAAA-1_4_2"
"881","TCCCACAGTTCTCACC-1_4_2"
"882","TCCCAGTAGCCGAATG-1_4_2"
"883","TCCCAGTCAGCTAACT-1_4_2"
"884","TCCCATGAGGCGAAGG-1_4_2"
"885","TCCCATGGTAGGAAAG-1_4_2"
"886","TCCCATGGTCGCTTAA-1_4_2"
"887","TCCCATGTCAACCCGG-1_4_2"
"888","TCCGAAAAGCGATGAC-1_4_2"
"889","TCCGATCGTCGTAATC-1_4_2"
"890","TCCGGGAGTATCCTCC-1_4_2"
"891","TCCGGGATCTCAACGA-1_4_2"
"892","TCCGTGTCAAATCCCA-1_4_2"
"893","TCCTCCCGTAAGTTAG-1_4_2"
"894","TCCTCGAAGGTGCCAA-1_4_2"
"895","TCCTCGACAATACCCA-1_4_2"
"896","TCCTCGATCGCAGATT-1_4_2"
"897","TCGAACAAGGTTCATC-1_4_2"
"898","TCGAACACATTCTGTT-1_4_2"
"899","TCGAACATCATTTGCT-1_4_2"
"900","TCGAAGTAGGAACTAT-1_4_2"
"901","TCGACCTCAAGCTGTT-1_4_2"
"902","TCGACGGTCCATCTGC-1_4_2"
"903","TCGCACTCATGGAATA-1_4_2"
"904","TCGCACTGTCCGTACG-1_4_2"
"905","TCGCAGGAGAGGATCC-1_4_2"
"906","TCGCAGGGTTGGTAGG-1_4_2"
"907","TCGCTCACAAACACGG-1_4_2"
"908","TCGCTCACAGGCCTGT-1_4_2"
"909","TCGGGCAAGGCTAGCA-1_4_2"
"910","TCGGGCACAATTTCTC-1_4_2"
"911","TCGGGCATCGCCAATA-1_4_2"
"912","TCGGGTGAGTCGCTAT-1_4_2"
"913","TCGGGTGCAAGAGCTG-1_4_2"
"914","TCGGGTGCAGGTGTTT-1_4_2"
"915","TCGGGTGGTACTGGGA-1_4_2"
"916","TCGGTCTAGAGGTATT-1_4_2"
"917","TCGGTCTTCGACGCTG-1_4_2"
"918","TCGTCCACAAATGCTC-1_4_2"
"919","TCGTGGGAGTTTGAGA-1_4_2"
"920","TCTACATAGTGCGCTC-1_4_2"
"921","TCTATACCAGACCCGT-1_4_2"
"922","TCTATACTCCGTTTCG-1_4_2"
"923","TCTATCAAGCAATTAG-1_4_2"
"924","TCTATCACAAATCAAG-1_4_2"
"925","TCTATCAGTGAGACCA-1_4_2"
"926","TCTCAGCAGACTCCGC-1_4_2"
"927","TCTCAGCGTCCCGCAA-1_4_2"
"928","TCTCAGCTCACATCAG-1_4_2"
"929","TCTCCGAAGACGAAGA-1_4_2"
"930","TCTCCGACATACCAGT-1_4_2"
"931","TCTCCGACATTAAAGG-1_4_2"
"932","TCTCTGGGTGGCGCTT-1_4_2"
"933","TCTTAGTCAAGTCCAT-1_4_2"
"934","TCTTAGTGTGTATCCA-1_4_2"
"935","TCTTCCTGTAGCGTCC-1_4_2"
"936","TCTTCCTTCCATCACC-1_4_2"
"937","TCTTGCGAGTGAATAC-1_4_2"
"938","TCTTGCGAGTGGTCAG-1_4_2"
"939","TCTTTGACAAGTCCAT-1_4_2"
"940","TGAACGTTCTCCGTGT-1_4_2"
"941","TGAATGCCAAAGGCGT-1_4_2"
"942","TGACAGTAGCGCCTCA-1_4_2"
"943","TGACAGTGTACCTAAC-1_4_2"
"944","TGACAGTTCCTCTGCA-1_4_2"
"945","TGACGCGCACTTGGCG-1_4_2"
"946","TGAGCATGTCGCTTGG-1_4_2"
"947","TGAGCATTCGTTCTAT-1_4_2"
"948","TGAGCGCCATGATAGA-1_4_2"
"949","TGAGGAGAGTGTACCT-1_4_2"
"950","TGAGGAGTCAAACTGC-1_4_2"
"951","TGAGGAGTCATCGCCT-1_4_2"
"952","TGAGGTTGTCTGATAC-1_4_2"
"953","TGAGTCACACCGGTCA-1_4_2"
"954","TGAGTCACAGAGTCAG-1_4_2"
"955","TGATGCAAGGCTATCT-1_4_2"
"956","TGATGCAGTCCAACGC-1_4_2"
"957","TGATTCTTCCTCTCTT-1_4_2"
"958","TGATTTCTCGCTTGCT-1_4_2"
"959","TGCACGGCATAGATGA-1_4_2"
"960","TGCAGATAGTTGCCCG-1_4_2"
"961","TGCAGGCAGGTTCCAT-1_4_2"
"962","TGCATCCGTCTGTGAT-1_4_2"
"963","TGCATCCGTTGTTGAC-1_4_2"
"964","TGCATCCTCTCGACCT-1_4_2"
"965","TGCGACGCAGGCAATG-1_4_2"
"966","TGCGGCACAGATTAAG-1_4_2"
"967","TGCGGCATCATCTATC-1_4_2"
"968","TGCGGCATCCGAGTGC-1_4_2"
"969","TGCGGGTGTTACCCAA-1_4_2"
"970","TGCTCCAAGTTCACTG-1_4_2"
"971","TGCTCCACAACTTGCA-1_4_2"
"972","TGCTCGTCATGATGCT-1_4_2"
"973","TGCTTCGGTTGCATGT-1_4_2"
"974","TGCTTCGTCTACACTT-1_4_2"
"975","TGGAACTCACTTCATT-1_4_2"
"976","TGGAGGAAGATGACCG-1_4_2"
"977","TGGAGGAAGGATACGC-1_4_2"
"978","TGGATCAGTGGTATGG-1_4_2"
"979","TGGATCATCGACACTA-1_4_2"
"980","TGGATGTAGTAAGCAT-1_4_2"
"981","TGGATGTGTCTAACTG-1_4_2"
"982","TGGCGTGGTACTTGTG-1_4_2"
"983","TGGCGTGGTCGAAGCA-1_4_2"
"984","TGGCGTGTCCGCACTT-1_4_2"
"985","TGGGAAGGTAAGGCCA-1_4_2"
"986","TGGGAAGTCTGCGTCT-1_4_2"
"987","TGGGAGAAGATGCAGC-1_4_2"
"988","TGGGAGAGTGTGTGGA-1_4_2"
"989","TGGGATTAGAATCGTA-1_4_2"
"990","TGGGATTTCAAACGTC-1_4_2"
"991","TGGGATTTCGTCCTTG-1_4_2"
"992","TGGGCGTAGTATAGGT-1_4_2"
"993","TGGGTTAGTGCATGAG-1_4_2"
"994","TGGGTTATCCGTGCGA-1_4_2"
"995","TGGTAGTTCTTCGTGC-1_4_2"
"996","TGGTTAGGTTAGCGGA-1_4_2"
"997","TGTAACGGTTCTCTAT-1_4_2"
"998","TGTAACGTCTTGGTCC-1_4_2"
"999","TGTAAGCTCAGTGTCA-1_4_2"
"1000","TGTAGACAGTCTCCTC-1_4_2"
"1001","TGTAGACCAGTAGAGC-1_4_2"
"1002","TGTGAGTTCATTCACT-1_4_2"
"1003","TGTGCGGGTATGTGTC-1_4_2"
"1004","TGTGTGACATTAAAGG-1_4_2"
"1005","TGTGTGAGTCTTCAAG-1_4_2"
"1006","TGTTACTAGTTCGCAT-1_4_2"
"1007","TGTTACTGTATTGCCA-1_4_2"
"1008","TGTTCATCATGAAGGC-1_4_2"
"1009","TGTTCATTCTCGTCGT-1_4_2"
"1010","TGTTCATTCTCTATAC-1_4_2"
"1011","TGTTGAGAGTGCCGAA-1_4_2"
"1012","TGTTGAGCACTTTATC-1_4_2"
"1013","TGTTTGTGTTACTCAG-1_4_2"
"1014","TTAATCCAGCCATATC-1_4_2"
"1015","TTAATCCGTCTTTATC-1_4_2"
"1016","TTAATCCGTTCCACAA-1_4_2"
"1017","TTAATCCTCTTGCAGA-1_4_2"
"1018","TTACAGGAGGGATGTC-1_4_2"
"1019","TTACCATAGATCCTAC-1_4_2"
"1020","TTACCATCAAGCGCAA-1_4_2"
"1021","TTACCGCCAAATCGTC-1_4_2"
"1022","TTACCGCGTAGTCCTA-1_4_2"
"1023","TTACGCCAGTTCATCG-1_4_2"
"1024","TTACGCCTCCCGATCT-1_4_2"
"1025","TTACGTTGTAAGTCAA-1_4_2"
"1026","TTAGGCACAGCCCAGT-1_4_2"
"1027","TTAGGCATCGCCCAGA-1_4_2"
"1028","TTAGGGTGTCCGAAAG-1_4_2"
"1029","TTAGGGTGTCTCCCTA-1_4_2"
"1030","TTAGGGTGTGATATAG-1_4_2"
"1031","TTAGGGTTCTCTATAC-1_4_2"
"1032","TTCAATCAGGGCATGT-1_4_2"
"1033","TTCAATCTCGGCATAT-1_4_2"
"1034","TTCAATCTCTCTCCGA-1_4_2"
"1035","TTCACCGGTAGCTGTT-1_4_2"
"1036","TTCACGCAGGACGCTA-1_4_2"
"1037","TTCACGCAGTTTCTTC-1_4_2"
"1038","TTCAGGACACCGTACG-1_4_2"
"1039","TTCCAATCAGAGGCTA-1_4_2"
"1040","TTCCAATTCCACAGGC-1_4_2"
"1041","TTCCACGAGATTGACA-1_4_2"
"1042","TTCCGTGCACGCAAAG-1_4_2"
"1043","TTCCGTGGTCGTCATA-1_4_2"
"1044","TTCCTAAAGTTAGTGA-1_4_2"
"1045","TTCCTAATCCGTGGGT-1_4_2"
"1046","TTCCTCTGTTCGAACT-1_4_2"
"1047","TTCGATTAGCCGAACA-1_4_2"
"1048","TTCGATTTCTATTCGT-1_4_2"
"1049","TTCTAACGTTTCTTAC-1_4_2"
"1050","TTCTAACTCCTACGAA-1_4_2"
"1051","TTCTAACTCGGCTCTT-1_4_2"
"1052","TTCTTCCAGACGACTG-1_4_2"
"1053","TTCTTCCCATAGCACT-1_4_2"
"1054","TTCTTCCTCGAGCCAC-1_4_2"
"1055","TTCTTGAAGTTTGAGA-1_4_2"
"1056","TTGACCCAGCTATCCA-1_4_2"
"1057","TTGACCCAGTATGGCG-1_4_2"
"1058","TTGACCCCACTTGGCG-1_4_2"
"1059","TTGACCCGTCGCACGT-1_4_2"
"1060","TTGAGTGCAATAAGGT-1_4_2"
"1061","TTGATGGAGCCTGAGA-1_4_2"
"1062","TTGATGGCAACAAGAT-1_4_2"
"1063","TTGATGGGTGAACGGT-1_4_2"
"1064","TTGCCTGTCGTAGCTA-1_4_2"
"1065","TTGCTGCAGTAAACAC-1_4_2"
"1066","TTGCTGCTCGCGCTGA-1_4_2"
"1067","TTGGGATAGACCCTTA-1_4_2"
"1068","TTGGGATAGTCTCGTA-1_4_2"
"1069","TTGGGCGAGACCTCCG-1_4_2"
"1070","TTGGGCGCACTATCGA-1_4_2"
"1071","TTGGGCGGTGTTCATG-1_4_2"
"1072","TTGGGTAAGCTTCTAG-1_4_2"
"1073","TTGGTTTCACAGTGTT-1_4_2"
"1074","TTGTGGATCTAAACGC-1_4_2"
"1075","TTGTGGATCTCTATGT-1_4_2"
"1076","TTGTGTTAGTCACACT-1_4_2"
"1077","TTGTTCACACGGCGTT-1_4_2"
"1078","TTGTTCACACTGAGTT-1_4_2"
"1079","TTGTTCACAGCATTGT-1_4_2"
"1080","TTGTTGTGTATGGAGC-1_4_2"
"1081","TTGTTTGAGCCTCTGG-1_4_2"
"1082","TTTACGTGTTGAGAGC-1_4_2"
"1083","TTTACTGGTTCATCGA-1_4_2"
"1084","TTTACTGTCCCATACC-1_4_2"
"1085","TTTCAGTAGAGTTGAT-1_4_2"
"1086","TTTCAGTAGTAGTCTC-1_4_2"
"1087","TTTCAGTGTAACTGCT-1_4_2"
"1088","TTTCAGTTCGGAACTT-1_4_2"
"1089","TTTCATGCATCTTAGG-1_4_2"
"1090","TTTCATGCATGTTCAG-1_4_2"
"1091","TTTCCTCCAAGGCTTT-1_4_2"
"1092","TTTCCTCGTGGCTCTG-1_4_2"
"1093","TTTGATCCATCATTGG-1_4_2"
"1094","TTTGATCTCCTGCTAC-1_4_2"
"1095","TTTGGAGCAGAGGACT-1_4_2"
"1096","TTTGGTTCATCTGCGG-1_4_2"
"1097","TTTGGTTGTCTTACTT-1_4_2"
"1098","TTTGTTGGTCCCACGA-1_4_2"
