"","x"
"1","AAACCCAAGATTCGCT-1_5_1"
"2","AAACCCAAGTCCCAGC-1_5_1"
"3","AAACCCATCGTGTCAA-1_5_1"
"4","AAACGAAAGGTCGTGA-1_5_1"
"5","AAACGAATCACTCCGT-1_5_1"
"6","AAACGCTAGCACGATG-1_5_1"
"7","AAAGAACGTGAGCTCC-1_5_1"
"8","AAAGAACTCGTGTGGC-1_5_1"
"9","AAAGGATAGGCGATAC-1_5_1"
"10","AAAGGATGTTGAATCC-1_5_1"
"11","AAAGGGCCAACGGCCT-1_5_1"
"12","AAAGTCCCACTCAGAT-1_5_1"
"13","AAAGTCCCATCGATAC-1_5_1"
"14","AAAGTGACACTATGTG-1_5_1"
"15","AAAGTGAGTGCGGATA-1_5_1"
"16","AAAGTGAGTTGGCTAT-1_5_1"
"17","AAATGGATCGACCACG-1_5_1"
"18","AACAAAGGTCCGCAGT-1_5_1"
"19","AACAAGAAGTCTGCGC-1_5_1"
"20","AACAAGATCCCATTCG-1_5_1"
"21","AACAGGGCAAGACGGT-1_5_1"
"22","AACAGGGGTTCTTGCC-1_5_1"
"23","AACCAACCAACTTGGT-1_5_1"
"24","AACCAACCAAGCCCAC-1_5_1"
"25","AACCACACAATGTCAC-1_5_1"
"26","AACCACATCGAAGAAT-1_5_1"
"27","AACCATGGTCCACTTC-1_5_1"
"28","AACCATGTCATTGCTT-1_5_1"
"29","AACCATGTCGTCTCAC-1_5_1"
"30","AACCCAAAGCACACAG-1_5_1"
"31","AACCCAATCCTACGGG-1_5_1"
"32","AACCTTTCAGAGAATT-1_5_1"
"33","AACCTTTTCTGCCTGT-1_5_1"
"34","AACGAAAAGTAGCCAG-1_5_1"
"35","AACGAAAGTCCCTGAG-1_5_1"
"36","AACTTCTGTCGGCTAC-1_5_1"
"37","AAGAACAGTTTGTGGT-1_5_1"
"38","AAGACTCAGCACCGTC-1_5_1"
"39","AAGACTCAGCCTCTTC-1_5_1"
"40","AAGACTCGTAAGATAC-1_5_1"
"41","AAGACTCGTCCGGATC-1_5_1"
"42","AAGACTCGTCTGTGTA-1_5_1"
"43","AAGATAGGTACCCAGC-1_5_1"
"44","AAGCATCAGCCACAAG-1_5_1"
"45","AAGCATCCACAACGCC-1_5_1"
"46","AAGCCATAGCTGCGAA-1_5_1"
"47","AAGCCATTCGCTACAA-1_5_1"
"48","AAGCGTTGTTAACAGA-1_5_1"
"49","AAGGAATAGCCGCTTG-1_5_1"
"50","AAGGAATTCGCTTTAT-1_5_1"
"51","AAGTACCAGACCATGG-1_5_1"
"52","AAGTACCGTCCGGCAT-1_5_1"
"53","AAGTTCGGTTAAACAG-1_5_1"
"54","AAGTTCGTCAGGAGAC-1_5_1"
"55","AAGTTCGTCCGGTAGC-1_5_1"
"56","AATAGAGAGCGTGCTC-1_5_1"
"57","AATAGAGGTGGTGATG-1_5_1"
"58","AATCACGCAAATGCTC-1_5_1"
"59","AATCGACCAGCGTGAA-1_5_1"
"60","AATCGTGAGTAAGGGA-1_5_1"
"61","AATCGTGTCAAAGACA-1_5_1"
"62","AATCGTGTCGGCTGGT-1_5_1"
"63","AATGAAGGTAGACAGC-1_5_1"
"64","AATGACCAGGCATGGT-1_5_1"
"65","AATGACCTCGATTGAC-1_5_1"
"66","AATGCCACAAGGAGTC-1_5_1"
"67","AATGCCAGTGGACCTC-1_5_1"
"68","AATGCCATCCTCTAAT-1_5_1"
"69","AATGGAAAGAGCAGTC-1_5_1"
"70","AATGGAAAGTTTGGCT-1_5_1"
"71","AATGGAAGTAACGGTG-1_5_1"
"72","AATGGCTGTATCCTCC-1_5_1"
"73","AATGGCTTCGCATTGA-1_5_1"
"74","AATTCCTTCAAGCCTA-1_5_1"
"75","AATTTCCGTGTGGTCC-1_5_1"
"76","ACAACCATCATCTACT-1_5_1"
"77","ACAAGCTTCGAACACT-1_5_1"
"78","ACACAGTAGAGTCAAT-1_5_1"
"79","ACACCAACAAGATCCT-1_5_1"
"80","ACACCAAGTAACACCT-1_5_1"
"81","ACACCAAGTATCCTTT-1_5_1"
"82","ACACCAATCAAACGAA-1_5_1"
"83","ACACGCGCAAGTTCGT-1_5_1"
"84","ACACGCGCACATGAAA-1_5_1"
"85","ACACGCGCATGAAGGC-1_5_1"
"86","ACACGCGTCATGCATG-1_5_1"
"87","ACACTGAGTTCGAAGG-1_5_1"
"88","ACACTGATCGTTGTGA-1_5_1"
"89","ACAGAAAAGATGGCAC-1_5_1"
"90","ACAGCCGTCTATCGGA-1_5_1"
"91","ACAGGGAGTATGCGGA-1_5_1"
"92","ACAGGGATCCTCACGT-1_5_1"
"93","ACATCGATCGTTCGCT-1_5_1"
"94","ACATGCACAGGATCTT-1_5_1"
"95","ACATGCATCCACTGAA-1_5_1"
"96","ACATTTCAGTTGTACC-1_5_1"
"97","ACATTTCCATTGACCA-1_5_1"
"98","ACCAAACGTAGGTAGC-1_5_1"
"99","ACCAAACGTGTTAACC-1_5_1"
"100","ACCAAACTCTGTAACG-1_5_1"
"101","ACCAACAAGTACCCTA-1_5_1"
"102","ACCAACAAGTGCGACA-1_5_1"
"103","ACCAACACAGCGACAA-1_5_1"
"104","ACCAACACATAGAGGC-1_5_1"
"105","ACCCTCAAGACGGAAA-1_5_1"
"106","ACCCTCACAGGAATCG-1_5_1"
"107","ACCCTCAGTCTACGTA-1_5_1"
"108","ACCCTCAGTGGAACCA-1_5_1"
"109","ACCCTTGAGGCTAGCA-1_5_1"
"110","ACCCTTGGTCATATGC-1_5_1"
"111","ACCGTTCCAATCTCTT-1_5_1"
"112","ACCGTTCGTACACTCA-1_5_1"
"113","ACCGTTCGTTATTCTC-1_5_1"
"114","ACCGTTCTCGTGCAGC-1_5_1"
"115","ACCTACCCAATGCAAA-1_5_1"
"116","ACCTACCCATGAAGGC-1_5_1"
"117","ACCTGAAAGCTCATAC-1_5_1"
"118","ACCTGAACAGATCACT-1_5_1"
"119","ACCTGAACAGGTTCAT-1_5_1"
"120","ACCTGAATCTTCGACC-1_5_1"
"121","ACCTGTCAGGTTAGTA-1_5_1"
"122","ACCTGTCCAGGCTCTG-1_5_1"
"123","ACCTGTCGTGACTGTT-1_5_1"
"124","ACGATGTAGATCCCGC-1_5_1"
"125","ACGATGTAGGGATCAC-1_5_1"
"126","ACGATGTCACTGTCCT-1_5_1"
"127","ACGATGTCAGGAATAT-1_5_1"
"128","ACGATGTGTCCTACGG-1_5_1"
"129","ACGATGTTCCCAGGCA-1_5_1"
"130","ACGCACGCATCTAGAC-1_5_1"
"131","ACGGAAGCACCAAAGG-1_5_1"
"132","ACGGAAGGTTTCGTTT-1_5_1"
"133","ACGGGTCCAGAGTTGG-1_5_1"
"134","ACGGGTCGTTAGGGTG-1_5_1"
"135","ACGGGTCTCGCTCATC-1_5_1"
"136","ACGGGTCTCTGCGATA-1_5_1"
"137","ACGGTCGAGACTGTTC-1_5_1"
"138","ACGGTTAGTTCGGGTC-1_5_1"
"139","ACGGTTATCCAATGCA-1_5_1"
"140","ACGGTTATCCTTCAGC-1_5_1"
"141","ACGTAACCAGCCTACG-1_5_1"
"142","ACGTAACGTGCACATT-1_5_1"
"143","ACGTAACTCACGACTA-1_5_1"
"144","ACGTACAAGCAATTAG-1_5_1"
"145","ACGTACACAAATGATG-1_5_1"
"146","ACGTACATCCGCGAGT-1_5_1"
"147","ACGTAGTAGGCAGCTA-1_5_1"
"148","ACGTAGTGTCCACACG-1_5_1"
"149","ACGTAGTGTGAGGAAA-1_5_1"
"150","ACGTAGTTCAAATAGG-1_5_1"
"151","ACGTCCTGTTTCTTAC-1_5_1"
"152","ACGTCCTTCACAAGGG-1_5_1"
"153","ACGTTCCAGATGTTCC-1_5_1"
"154","ACGTTCCCATCACGGC-1_5_1"
"155","ACGTTCCGTCTAACGT-1_5_1"
"156","ACTATCTCACGTAACT-1_5_1"
"157","ACTATCTGTCGCGTCA-1_5_1"
"158","ACTATGGAGACATAAC-1_5_1"
"159","ACTATGGAGCGCCGTT-1_5_1"
"160","ACTATTCAGACATAAC-1_5_1"
"161","ACTCTCGCACAAATAG-1_5_1"
"162","ACTCTCGGTTGCAAGG-1_5_1"
"163","ACTGATGAGAGCTGAC-1_5_1"
"164","ACTGATGCACTACACA-1_5_1"
"165","ACTGATGTCCAGGACC-1_5_1"
"166","ACTGATGTCGTAACTG-1_5_1"
"167","ACTGTCCAGACATGCG-1_5_1"
"168","ACTGTCCAGAGGCCAT-1_5_1"
"169","ACTGTCCCAACAAAGT-1_5_1"
"170","ACTGTCCGTCTACTGA-1_5_1"
"171","ACTGTCCTCCAAGCTA-1_5_1"
"172","ACTGTCCTCGACGATT-1_5_1"
"173","ACTGTGAAGCAGATAT-1_5_1"
"174","ACTTAGGCACTTGGGC-1_5_1"
"175","ACTTAGGGTGTTTCTT-1_5_1"
"176","ACTTCCGTCCGCAGTG-1_5_1"
"177","ACTTCGCTCTTAGCAG-1_5_1"
"178","ACTTTCATCGCCAGTG-1_5_1"
"179","ACTTTGTAGCTAGCCC-1_5_1"
"180","ACTTTGTAGGCGCTCT-1_5_1"
"181","AGAAATGAGAGGTGCT-1_5_1"
"182","AGAAATGCAGTTAAAG-1_5_1"
"183","AGAACAACAGGAGACT-1_5_1"
"184","AGAACCTCACCGGCTA-1_5_1"
"185","AGAACCTTCATGTCTT-1_5_1"
"186","AGAAGCGCAGCTGTTA-1_5_1"
"187","AGAAGTAAGACATCAA-1_5_1"
"188","AGAAGTAAGTGATTCC-1_5_1"
"189","AGAAGTACAATTGAAG-1_5_1"
"190","AGAAGTACAGCGACCT-1_5_1"
"191","AGAAGTACATACTTTC-1_5_1"
"192","AGAAGTAGTATCCTTT-1_5_1"
"193","AGAAGTAGTGTAACGG-1_5_1"
"194","AGAAGTATCGGCATTA-1_5_1"
"195","AGACACTCAGCTGTTA-1_5_1"
"196","AGACACTCATGACTAC-1_5_1"
"197","AGACACTGTGACTCGC-1_5_1"
"198","AGACAGGCAGCTATTG-1_5_1"
"199","AGACCATCAAGAGTTA-1_5_1"
"200","AGACCATCATCGTCCT-1_5_1"
"201","AGACCATGTGAACGGT-1_5_1"
"202","AGACCATTCGATTGGT-1_5_1"
"203","AGACCCGGTCTTAGTG-1_5_1"
"204","AGACTCAAGTGCAAAT-1_5_1"
"205","AGACTCACAATTGCTG-1_5_1"
"206","AGAGAATAGGGTCTTT-1_5_1"
"207","AGAGAATGTCCAACGC-1_5_1"
"208","AGAGAATTCGGCACTG-1_5_1"
"209","AGAGAGCGTAGATCGG-1_5_1"
"210","AGAGAGCGTCTGATCA-1_5_1"
"211","AGAGCAGTCGTAGTGT-1_5_1"
"212","AGAGCCCCAAATGGCG-1_5_1"
"213","AGAGCCCCAACGAGGT-1_5_1"
"214","AGAGCCCCAATGAACA-1_5_1"
"215","AGATAGAAGATTAGAC-1_5_1"
"216","AGATAGACACTGCGAC-1_5_1"
"217","AGATCCAAGATACCAA-1_5_1"
"218","AGATCCATCGAATGCT-1_5_1"
"219","AGATCCATCTCATGCC-1_5_1"
"220","AGATCCATCTGGCCAG-1_5_1"
"221","AGATGCTGTACTAAGA-1_5_1"
"222","AGATGCTTCTGCGTCT-1_5_1"
"223","AGCATCAGTTCGGTTA-1_5_1"
"224","AGCATCATCCCATAGA-1_5_1"
"225","AGCATCATCGCCTTTG-1_5_1"
"226","AGCCAATAGGTGGCTA-1_5_1"
"227","AGCCACGCACGGCTAC-1_5_1"
"228","AGCGATTAGCGATGCA-1_5_1"
"229","AGCGATTCATAGCACT-1_5_1"
"230","AGCGCTGTCTCCATAT-1_5_1"
"231","AGCGTCGAGCCTGTGC-1_5_1"
"232","AGCTCAACAGACCTGC-1_5_1"
"233","AGCTTCCAGCTACTGT-1_5_1"
"234","AGCTTCCCATTCCTAT-1_5_1"
"235","AGCTTCCTCACACGAT-1_5_1"
"236","AGCTTCCTCGACGAGA-1_5_1"
"237","AGCTTCCTCTAGATCG-1_5_1"
"238","AGGAAATCAAACTAGA-1_5_1"
"239","AGGACGACAACGGGTA-1_5_1"
"240","AGGACTTGTGTTGCCG-1_5_1"
"241","AGGAGGTAGACATCCT-1_5_1"
"242","AGGAGGTAGATGTTCC-1_5_1"
"243","AGGAGGTAGCATGATA-1_5_1"
"244","AGGAGGTCAAGCGAAC-1_5_1"
"245","AGGATAACAACTCCCT-1_5_1"
"246","AGGATAAGTCATGCAT-1_5_1"
"247","AGGCATTGTATGGGAC-1_5_1"
"248","AGGCATTTCAGATGCT-1_5_1"
"249","AGGCCACAGTCGTTAC-1_5_1"
"250","AGGCCACTCACTTGTT-1_5_1"
"251","AGGCCACTCCTCTGCA-1_5_1"
"252","AGGCTGCAGATACATG-1_5_1"
"253","AGGCTGCCAGGGTCTC-1_5_1"
"254","AGGCTGCGTCATGGCC-1_5_1"
"255","AGGCTGCTCGCTTGAA-1_5_1"
"256","AGGGAGTAGAGCATTA-1_5_1"
"257","AGGGAGTCAAATTGGA-1_5_1"
"258","AGGGAGTCACGCGTGT-1_5_1"
"259","AGGGAGTTCATTCGTT-1_5_1"
"260","AGGGCCTCATCTCAAG-1_5_1"
"261","AGGGCTCAGTACTCGT-1_5_1"
"262","AGGGCTCCAGCAGAAC-1_5_1"
"263","AGGGCTCTCAGTCCGG-1_5_1"
"264","AGGGTCCAGTCTTCGA-1_5_1"
"265","AGGGTCCTCGAGAATA-1_5_1"
"266","AGGGTGACACCAGCCA-1_5_1"
"267","AGGGTGAGTAGCTTAC-1_5_1"
"268","AGGGTGAGTTCCACAA-1_5_1"
"269","AGGGTTTAGCATTTCG-1_5_1"
"270","AGGGTTTCACCCTATC-1_5_1"
"271","AGGGTTTGTAGGACCA-1_5_1"
"272","AGGTAGGCAACTGGTT-1_5_1"
"273","AGGTCATTCGTAGGGA-1_5_1"
"274","AGGTCTAGTGGGAGAG-1_5_1"
"275","AGGTGTTCAAGCGCAA-1_5_1"
"276","AGGTGTTTCACAAGGG-1_5_1"
"277","AGGTTACTCGAACTCA-1_5_1"
"278","AGGTTGTAGACATCCT-1_5_1"
"279","AGGTTGTAGGAGGTTC-1_5_1"
"280","AGGTTGTTCCGTGTGG-1_5_1"
"281","AGTAACCCACCTAAAC-1_5_1"
"282","AGTAACCTCCACCTCA-1_5_1"
"283","AGTACCACAGGCGATA-1_5_1"
"284","AGTAGCTAGAAATTCG-1_5_1"
"285","AGTAGCTTCTATACTC-1_5_1"
"286","AGTAGTCCACGATTCA-1_5_1"
"287","AGTCAACGTCCAGGTC-1_5_1"
"288","AGTCAACTCTGAGAAA-1_5_1"
"289","AGTCACAGTCCAATCA-1_5_1"
"290","AGTCTCCAGACAGCGT-1_5_1"
"291","AGTCTCCCAGTCGTTA-1_5_1"
"292","AGTGACTGTACTCGTA-1_5_1"
"293","AGTGACTGTCACTTCC-1_5_1"
"294","AGTGACTTCTGCTTTA-1_5_1"
"295","AGTGATCTCCGCATAA-1_5_1"
"296","AGTGATCTCGGTCAGC-1_5_1"
"297","AGTGATCTCTTACGGA-1_5_1"
"298","AGTGCCGGTTAGCTAC-1_5_1"
"299","AGTGTTGTCACTTGTT-1_5_1"
"300","AGTTAGCAGCTCCATA-1_5_1"
"301","AGTTAGCAGGCCTAGA-1_5_1"
"302","AGTTAGCGTGTGTGTT-1_5_1"
"303","AGTTCGACACGGAAGT-1_5_1"
"304","AGTTCGATCCACACAA-1_5_1"
"305","ATACCGAAGTCTTGGT-1_5_1"
"306","ATACTTCAGGGTTGCA-1_5_1"
"307","ATACTTCCACGGTCTG-1_5_1"
"308","ATAGACCAGCCTAGGA-1_5_1"
"309","ATAGACCAGTATAACG-1_5_1"
"310","ATAGGCTGTCCTACGG-1_5_1"
"311","ATATCCTAGCACTCAT-1_5_1"
"312","ATATCCTTCATCTATC-1_5_1"
"313","ATATCCTTCCTTCAGC-1_5_1"
"314","ATATCCTTCGTTTACT-1_5_1"
"315","ATCACAGAGGCCTTGC-1_5_1"
"316","ATCACAGTCATGCCCT-1_5_1"
"317","ATCACGACATGGGTCC-1_5_1"
"318","ATCACGAGTTAGCGGA-1_5_1"
"319","ATCACTTAGAGTGTTA-1_5_1"
"320","ATCACTTGTGGCTAGA-1_5_1"
"321","ATCAGGTAGTGCCAGA-1_5_1"
"322","ATCAGGTTCAGCTGAT-1_5_1"
"323","ATCATTCTCATCCTAT-1_5_1"
"324","ATCCACCCATAATGAG-1_5_1"
"325","ATCCATTCACATAGCT-1_5_1"
"326","ATCCATTGTCAAGTTC-1_5_1"
"327","ATCCCTGCACGAAGAC-1_5_1"
"328","ATCCCTGCAGTAGATA-1_5_1"
"329","ATCCCTGGTGTGATGG-1_5_1"
"330","ATCCCTGTCGCTAAAC-1_5_1"
"331","ATCCGTCAGGCCCACT-1_5_1"
"332","ATCCGTCCAGAGTTGG-1_5_1"
"333","ATCCGTCTCTGTACAG-1_5_1"
"334","ATCCTATAGCGCCCAT-1_5_1"
"335","ATCCTATGTCCTACGG-1_5_1"
"336","ATCGATGGTATCCCAA-1_5_1"
"337","ATCGATGGTGCTTATG-1_5_1"
"338","ATCGATGTCCCTTTGG-1_5_1"
"339","ATCGCCTGTTGGCCTG-1_5_1"
"340","ATCGCCTTCGATACGT-1_5_1"
"341","ATCGGATAGCATCGAG-1_5_1"
"342","ATCGGATAGTCGCGAA-1_5_1"
"343","ATCGGATGTTAGAAGT-1_5_1"
"344","ATCGGATTCAATCTCT-1_5_1"
"345","ATCGGCGCATCACAGT-1_5_1"
"346","ATCGTAGCACACTGGC-1_5_1"
"347","ATCGTCCTCTCACTCG-1_5_1"
"348","ATCGTGAGTCGCTCGA-1_5_1"
"349","ATCGTGAGTTGCCATA-1_5_1"
"350","ATCTCTAGTCCGATCG-1_5_1"
"351","ATCTCTAGTCTTCCGT-1_5_1"
"352","ATCTCTATCGGAATTC-1_5_1"
"353","ATGAAAGAGCTAGAAT-1_5_1"
"354","ATGAAAGGTAGGAGGG-1_5_1"
"355","ATGACCAAGAGTGGCT-1_5_1"
"356","ATGACCAAGCCAAGGT-1_5_1"
"357","ATGACCAGTATTAAGG-1_5_1"
"358","ATGAGTCAGCTGCCTG-1_5_1"
"359","ATGAGTCGTATTCTCT-1_5_1"
"360","ATGAGTCGTGATGAAT-1_5_1"
"361","ATGAGTCTCGTAGCCG-1_5_1"
"362","ATGATCGGTGATAGAT-1_5_1"
"363","ATGATCGGTTTCACAG-1_5_1"
"364","ATGATCGTCCTTCGAC-1_5_1"
"365","ATGCATGGTATTGACC-1_5_1"
"366","ATGCCTCGTGGGTATG-1_5_1"
"367","ATGGAGGAGACCTGGA-1_5_1"
"368","ATGGAGGTCATCCTGC-1_5_1"
"369","ATGGATCAGCTCACTA-1_5_1"
"370","ATGGGAGAGACGCATG-1_5_1"
"371","ATGGGAGAGCCTATCA-1_5_1"
"372","ATGGGAGCATCGTCCT-1_5_1"
"373","ATGGGAGGTGTTACTG-1_5_1"
"374","ATGGGTTCAGGTCAAG-1_5_1"
"375","ATGGGTTTCACCCTTG-1_5_1"
"376","ATGTCCCAGACGGTTG-1_5_1"
"377","ATGTCCCGTAGCTTTG-1_5_1"
"378","ATGTCCCGTTTGGGAG-1_5_1"
"379","ATGTCTTGTATTGGCT-1_5_1"
"380","ATTACCTAGCATCAGG-1_5_1"
"381","ATTACCTCACTACACA-1_5_1"
"382","ATTACCTGTACCTGTA-1_5_1"
"383","ATTACCTTCTCTATAC-1_5_1"
"384","ATTACTCAGTAAACGT-1_5_1"
"385","ATTACTCCAGCTGTGC-1_5_1"
"386","ATTACTCCATAACCCA-1_5_1"
"387","ATTACTCTCGCTTAAG-1_5_1"
"388","ATTATCCCAAATACGA-1_5_1"
"389","ATTATCCTCCCATACC-1_5_1"
"390","ATTCAGGTCCTGATAG-1_5_1"
"391","ATTCATCAGATGTTGA-1_5_1"
"392","ATTCATCAGCTTCATG-1_5_1"
"393","ATTCCATAGGCTTAGG-1_5_1"
"394","ATTCCATGTCATCAGT-1_5_1"
"395","ATTCCATGTCTACGAT-1_5_1"
"396","ATTCCCGCAGAAATTG-1_5_1"
"397","ATTCCCGGTCCTACGG-1_5_1"
"398","ATTCCCGTCTGGCTGG-1_5_1"
"399","ATTCGTTAGAGAGCCT-1_5_1"
"400","ATTCGTTAGTTCATCG-1_5_1"
"401","ATTCGTTGTCGTTTCC-1_5_1"
"402","ATTCGTTTCTAATTCC-1_5_1"
"403","ATTCTACAGCCTCGTG-1_5_1"
"404","ATTCTACGTTAGGGAC-1_5_1"
"405","ATTCTACTCGGTAGAG-1_5_1"
"406","ATTCTTGAGACGCCAA-1_5_1"
"407","ATTGTTCAGTGACCTT-1_5_1"
"408","ATTGTTCTCGTTGTTT-1_5_1"
"409","ATTGTTCTCTCAGGCG-1_5_1"
"410","ATTTCTGGTATCGATC-1_5_1"
"411","CAAAGAAAGCGGTATG-1_5_1"
"412","CAACAACAGCCAGTAG-1_5_1"
"413","CAACAACAGCCGTCGT-1_5_1"
"414","CAACAACAGTTGGCTT-1_5_1"
"415","CAACAACGTCTACACA-1_5_1"
"416","CAACAGTGTTCTCAGA-1_5_1"
"417","CAACCAAGTCGAACGA-1_5_1"
"418","CAACGATGTGGTCTTA-1_5_1"
"419","CAACGATGTTTCGGCG-1_5_1"
"420","CAACGATTCTAGTTCT-1_5_1"
"421","CAACGGCCACAGCCAC-1_5_1"
"422","CAACGGCGTCCTGAAT-1_5_1"
"423","CAAGACTCACATACGT-1_5_1"
"424","CAAGACTTCTATACTC-1_5_1"
"425","CAAGAGGAGTAGTCTC-1_5_1"
"426","CAAGAGGGTAGGCTCC-1_5_1"
"427","CAATACGTCCGGACTG-1_5_1"
"428","CAATCGAGTCAACACT-1_5_1"
"429","CAATGACAGGCCTTGC-1_5_1"
"430","CAATGACCAGAACGCA-1_5_1"
"431","CAATGACTCGCTCCTA-1_5_1"
"432","CAATTTCAGGACAGCT-1_5_1"
"433","CACAACACAGCTTCCT-1_5_1"
"434","CACAACATCACGGAGA-1_5_1"
"435","CACACAAAGGTGATAT-1_5_1"
"436","CACACAACAGGAGGAG-1_5_1"
"437","CACACAATCTCTGCCA-1_5_1"
"438","CACAGGCCAAGTCCAT-1_5_1"
"439","CACAGGCGTCCTGTTC-1_5_1"
"440","CACATGAAGGTATTGA-1_5_1"
"441","CACATGATCGGTCTAA-1_5_1"
"442","CACCGTTCATCGAAGG-1_5_1"
"443","CACCGTTCATCTCATT-1_5_1"
"444","CACGAATCAAGAGTTA-1_5_1"
"445","CACGAATCACCTAAAC-1_5_1"
"446","CACGAATTCAAGCCGC-1_5_1"
"447","CACGAATTCTCTTCAA-1_5_1"
"448","CACGGGTGTACCACGC-1_5_1"
"449","CACGGGTTCGGTATGT-1_5_1"
"450","CACGTTCAGATGTTCC-1_5_1"
"451","CACGTTCCACCCTATC-1_5_1"
"452","CACGTTCCACTGAGGA-1_5_1"
"453","CACGTTCGTCGTTCAA-1_5_1"
"454","CACTAAGAGCAAGTGC-1_5_1"
"455","CACTAAGCACATGAAA-1_5_1"
"456","CACTGAAGTTCTCACC-1_5_1"
"457","CACTGGGCATGGCCAC-1_5_1"
"458","CACTGGGGTCAAGTTC-1_5_1"
"459","CACTGGGGTGTCCACG-1_5_1"
"460","CACTGTCAGGTGCCAA-1_5_1"
"461","CACTGTCCACCAGTTA-1_5_1"
"462","CACTGTCCAGCTTTCC-1_5_1"
"463","CAGAGCCGTGGTCTAT-1_5_1"
"464","CAGAGCCTCGGACAAG-1_5_1"
"465","CAGATCAAGACCAAGC-1_5_1"
"466","CAGATCACATCATCCC-1_5_1"
"467","CAGATTGAGCGGACAT-1_5_1"
"468","CAGCAATCACCTCTGT-1_5_1"
"469","CAGCACGGTAACCCTA-1_5_1"
"470","CAGCAGCAGTATAGAC-1_5_1"
"471","CAGCCAGCACCCTTGT-1_5_1"
"472","CAGCGTGGTACGTTCA-1_5_1"
"473","CAGGCCAAGGGCCTCT-1_5_1"
"474","CAGGGCTAGCGACAGT-1_5_1"
"475","CAGGGCTTCCGACAGC-1_5_1"
"476","CAGTGCGAGGCTCCCA-1_5_1"
"477","CAGTGCGCATTCAGCA-1_5_1"
"478","CATACAGCAGAGCCCT-1_5_1"
"479","CATACCCCATCCTTGC-1_5_1"
"480","CATACTTCAAACTCTG-1_5_1"
"481","CATAGACCAATTTCTC-1_5_1"
"482","CATCAAGAGCAGGTCA-1_5_1"
"483","CATCCACAGCAGATAT-1_5_1"
"484","CATCCACCAGAGTTGG-1_5_1"
"485","CATCCACTCCAGCCTT-1_5_1"
"486","CATCCCAGTTCGTGCG-1_5_1"
"487","CATCCGTAGTTAGTAG-1_5_1"
"488","CATCCGTGTTCATCTT-1_5_1"
"489","CATCCGTGTTGGGAAC-1_5_1"
"490","CATCCGTTCCTCTCGA-1_5_1"
"491","CATCGCTAGTCTAGAA-1_5_1"
"492","CATCGCTTCTAACGCA-1_5_1"
"493","CATCGGGAGGATGAGA-1_5_1"
"494","CATCGGGGTCTGTGTA-1_5_1"
"495","CATCGTCGTGACCTGC-1_5_1"
"496","CATCGTCGTTCGAGCC-1_5_1"
"497","CATGAGTAGAGGGTAA-1_5_1"
"498","CATGAGTCACAGTCGC-1_5_1"
"499","CATGAGTTCAAGGACG-1_5_1"
"500","CATGCAAGTCTAGGCC-1_5_1"
"501","CATGCAAGTGTCGCTG-1_5_1"
"502","CATGCCTGTCGCTTGG-1_5_1"
"503","CATGCGGAGTCACGAG-1_5_1"
"504","CATGCTCGTATCGATC-1_5_1"
"505","CATGGATCAAGGGTCA-1_5_1"
"506","CATGGATGTCCACTTC-1_5_1"
"507","CATGGTAAGGGAGTGG-1_5_1"
"508","CATGGTACACTCATAG-1_5_1"
"509","CATGGTACATTGACTG-1_5_1"
"510","CATTCATCACACCAGC-1_5_1"
"511","CATTCCGCAGGATCTT-1_5_1"
"512","CATTCCGTCACGAGGA-1_5_1"
"513","CATTCCGTCCGGACTG-1_5_1"
"514","CATTCCGTCTCATTTG-1_5_1"
"515","CATTCTAAGTCTGGTT-1_5_1"
"516","CATTCTATCGGAGTAG-1_5_1"
"517","CATTGAGGTACCTAAC-1_5_1"
"518","CATTGAGGTCACCACG-1_5_1"
"519","CATTGCCAGGCACGAT-1_5_1"
"520","CATTGCCGTTTCGCTC-1_5_1"
"521","CATTGTTCAAATCCCA-1_5_1"
"522","CATTTCACAGGCACAA-1_5_1"
"523","CATTTCAGTGAGGCAT-1_5_1"
"524","CCAAGCGAGCAATAAC-1_5_1"
"525","CCAAGCGAGTTCCGGC-1_5_1"
"526","CCAATGACAAGTGATA-1_5_1"
"527","CCAATGACATCGGATT-1_5_1"
"528","CCAATGAGTGTTTGCA-1_5_1"
"529","CCAATGATCGGAAACG-1_5_1"
"530","CCAATTTGTATGACAA-1_5_1"
"531","CCAATTTTCTATCGGA-1_5_1"
"532","CCACAAAAGCGTCAGA-1_5_1"
"533","CCACAAAGTACTCAAC-1_5_1"
"534","CCACACTTCCTTATAC-1_5_1"
"535","CCACCATGTACAAACA-1_5_1"
"536","CCACGAGAGTGTTGAA-1_5_1"
"537","CCACGAGAGTTCATCG-1_5_1"
"538","CCACGAGGTGTTCGAT-1_5_1"
"539","CCACGTTTCGGCCAAC-1_5_1"
"540","CCACTTGAGATGGTAT-1_5_1"
"541","CCACTTGTCACAAGAA-1_5_1"
"542","CCATAAGAGTACTGTC-1_5_1"
"543","CCATCACGTAATGTGA-1_5_1"
"544","CCATCACGTATCTCGA-1_5_1"
"545","CCCAACTAGGAATGTT-1_5_1"
"546","CCCAACTCAATCGTCA-1_5_1"
"547","CCCAACTTCCGTAGTA-1_5_1"
"548","CCCATTGCAGGTACGA-1_5_1"
"549","CCCATTGCAGTCTCTC-1_5_1"
"550","CCCATTGTCATGGGAG-1_5_1"
"551","CCCGAAGGTCACTCAA-1_5_1"
"552","CCCTCAACAACGATCT-1_5_1"
"553","CCCTCAATCTGCGTCT-1_5_1"
"554","CCCTCTCCAAACTCTG-1_5_1"
"555","CCCTTAGCAGACCTAT-1_5_1"
"556","CCCTTAGGTCTGTGAT-1_5_1"
"557","CCCTTAGTCTGTGCGG-1_5_1"
"558","CCGAACGCACACAGAG-1_5_1"
"559","CCGATCTGTAACCCTA-1_5_1"
"560","CCGATCTTCCAAATGC-1_5_1"
"561","CCGATGGTCAGGCGAA-1_5_1"
"562","CCGCAAGTCCTGATAG-1_5_1"
"563","CCGCAAGTCTAGGCCG-1_5_1"
"564","CCGGACAGTAAGCTCT-1_5_1"
"565","CCGGGTACATGGAGAC-1_5_1"
"566","CCGGGTAGTACAAAGT-1_5_1"
"567","CCGGGTATCCTTCACG-1_5_1"
"568","CCGGTAGGTTAATGAG-1_5_1"
"569","CCGGTAGTCCTACAAG-1_5_1"
"570","CCGTAGGAGCAGCCCT-1_5_1"
"571","CCGTAGGCACACCGCA-1_5_1"
"572","CCGTGAGAGAGCATAT-1_5_1"
"573","CCGTGAGTCAACTCTT-1_5_1"
"574","CCTAACCAGATTGCGG-1_5_1"
"575","CCTAACCGTAGACGTG-1_5_1"
"576","CCTAAGAAGAAGGTAG-1_5_1"
"577","CCTAAGAAGGAACTAT-1_5_1"
"578","CCTATCGAGAATACAC-1_5_1"
"579","CCTATCGAGACTTGTC-1_5_1"
"580","CCTATCGCATTCACCC-1_5_1"
"581","CCTCAACCAAATGGTA-1_5_1"
"582","CCTCAACCATCATCTT-1_5_1"
"583","CCTCAGTAGTTTCGGT-1_5_1"
"584","CCTCATGAGTGGAAGA-1_5_1"
"585","CCTCCAAAGGTTGCCC-1_5_1"
"586","CCTCCAACACGCGTCA-1_5_1"
"587","CCTCCAAGTGTGAATA-1_5_1"
"588","CCTCCAAGTTTACCAG-1_5_1"
"589","CCTCCTCCAACGGGTA-1_5_1"
"590","CCTCTAGAGTTTGCTG-1_5_1"
"591","CCTCTAGCATGACACT-1_5_1"
"592","CCTCTAGGTGTGAGCA-1_5_1"
"593","CCTCTAGTCCCGTTCA-1_5_1"
"594","CCTCTAGTCTCTCGAC-1_5_1"
"595","CCTCTCCCACTCCACT-1_5_1"
"596","CCTCTCCGTGAGGAAA-1_5_1"
"597","CCTGCATAGCGCGTTC-1_5_1"
"598","CCTGCATGTTCACCGG-1_5_1"
"599","CCTGTTGCAGGACTTT-1_5_1"
"600","CCTTCAGCATCCGATA-1_5_1"
"601","CCTTCAGGTACTTGTG-1_5_1"
"602","CCTTGTGTCCACTGAA-1_5_1"
"603","CCTTTGGAGTTGTACC-1_5_1"
"604","CGAAGGAGTATGAAAC-1_5_1"
"605","CGAAGGATCATAGACC-1_5_1"
"606","CGAAGTTAGGTTGACG-1_5_1"
"607","CGAAGTTGTATGGAGC-1_5_1"
"608","CGAATTGCAACCGGAA-1_5_1"
"609","CGACAGCCAATAACGA-1_5_1"
"610","CGAGAAGCACACGGAA-1_5_1"
"611","CGAGAAGCATGACAAA-1_5_1"
"612","CGAGAAGGTCTCAGAT-1_5_1"
"613","CGAGAAGGTTGGACTT-1_5_1"
"614","CGAGGAATCTCCGAAA-1_5_1"
"615","CGAGGCTCATATCGGT-1_5_1"
"616","CGAGTGCCAGAGACTG-1_5_1"
"617","CGAGTGCGTAAGGCTG-1_5_1"
"618","CGAGTGCTCTCAGAAC-1_5_1"
"619","CGAGTTACAACTGCTA-1_5_1"
"620","CGAGTTAGTTGTTGCA-1_5_1"
"621","CGATGCGGTAGTCGGA-1_5_1"
"622","CGCAGGTCAAAGGATT-1_5_1"
"623","CGCATAACAAATGCTC-1_5_1"
"624","CGCATGGAGATGACCG-1_5_1"
"625","CGCATGGGTAAGGCCA-1_5_1"
"626","CGCATGGTCTGAATGC-1_5_1"
"627","CGCCAGAGTTTCGGCG-1_5_1"
"628","CGCCAGATCTCATAGG-1_5_1"
"629","CGCCATTAGACTCGAG-1_5_1"
"630","CGCCATTCAACCCTAA-1_5_1"
"631","CGCGTGAAGAACCGCA-1_5_1"
"632","CGCGTGAGTATGCTAC-1_5_1"
"633","CGCGTGATCCCATTTA-1_5_1"
"634","CGCGTGATCTAGGCCG-1_5_1"
"635","CGGAACCGTAACTAAG-1_5_1"
"636","CGGAATTAGTCTAGAA-1_5_1"
"637","CGGAATTGTTCGGGTC-1_5_1"
"638","CGGACACAGGTACAGC-1_5_1"
"639","CGGACACTCGGATAAA-1_5_1"
"640","CGGAGAAAGGGTACGT-1_5_1"
"641","CGGAGAAAGGTAGCAC-1_5_1"
"642","CGGAGAACATCGAGCC-1_5_1"
"643","CGGAGAACATGTCGTA-1_5_1"
"644","CGGCAGTCAGCTGTAT-1_5_1"
"645","CGGCAGTTCTCATAGG-1_5_1"
"646","CGGCAGTTCTTCGCTG-1_5_1"
"647","CGGGACTGTGACAGGT-1_5_1"
"648","CGGGCATGTATGGAAT-1_5_1"
"649","CGGGCATTCTCCTGAC-1_5_1"
"650","CGGGTCATCGACGCTG-1_5_1"
"651","CGGTCAGCATTCACAG-1_5_1"
"652","CGTAAGTCATACCACA-1_5_1"
"653","CGTAAGTTCTGGGCAC-1_5_1"
"654","CGTAATGAGCAAGGAA-1_5_1"
"655","CGTAATGTCCGCAAAT-1_5_1"
"656","CGTAATGTCGCTTTAT-1_5_1"
"657","CGTAATGTCTTCTAAC-1_5_1"
"658","CGTAGTAAGAAATCCA-1_5_1"
"659","CGTAGTAGTGCCCAGT-1_5_1"
"660","CGTAGTAGTTGGGCCT-1_5_1"
"661","CGTAGTATCATAGAGA-1_5_1"
"662","CGTCAAAAGGAGCTGT-1_5_1"
"663","CGTCAAAGTTCCTAGA-1_5_1"
"664","CGTCAAATCAACCGAT-1_5_1"
"665","CGTCCATTCAGCCTTC-1_5_1"
"666","CGTGAATAGGCGCTCT-1_5_1"
"667","CGTGAATCAGTTGAAA-1_5_1"
"668","CGTGAATTCAACTACG-1_5_1"
"669","CGTGATACATTCTGTT-1_5_1"
"670","CGTGATATCAACCCGG-1_5_1"
"671","CGTGCTTCAAGATGTA-1_5_1"
"672","CGTGCTTGTCATAGTC-1_5_1"
"673","CGTGCTTTCTAGACAC-1_5_1"
"674","CGTGTCTGTGCCAAGA-1_5_1"
"675","CGTTCTGCATGACAGG-1_5_1"
"676","CGTTCTGGTACTAACC-1_5_1"
"677","CGTTCTGTCTCGTCGT-1_5_1"
"678","CGTTGGGTCTAAGCCA-1_5_1"
"679","CTAACCCAGGGTGAAA-1_5_1"
"680","CTAACTTTCTTGTGCC-1_5_1"
"681","CTAAGTGTCCAAACCA-1_5_1"
"682","CTAAGTGTCCGCATAA-1_5_1"
"683","CTAAGTGTCGGACTTA-1_5_1"
"684","CTACATTAGGGTTAAT-1_5_1"
"685","CTACATTCATCAGCTA-1_5_1"
"686","CTACATTGTATCCTTT-1_5_1"
"687","CTACATTTCGTCGATA-1_5_1"
"688","CTACGGGCAGTTTCAG-1_5_1"
"689","CTACGGGGTCAGACTT-1_5_1"
"690","CTACGGGGTCTTGCTC-1_5_1"
"691","CTACGGGGTTGTCAGT-1_5_1"
"692","CTACGGGTCGTTCAGA-1_5_1"
"693","CTAGACACAAAGCGTG-1_5_1"
"694","CTAGACAGTGCGGTAA-1_5_1"
"695","CTAGACATCACGAACT-1_5_1"
"696","CTAGACATCGTGACTA-1_5_1"
"697","CTAGGTACAATAGTCC-1_5_1"
"698","CTAGGTACACAGTATC-1_5_1"
"699","CTAGGTACATCGCTCT-1_5_1"
"700","CTAGGTATCGACACCG-1_5_1"
"701","CTATAGGTCACAGAGG-1_5_1"
"702","CTATAGGTCCAACTAG-1_5_1"
"703","CTATAGGTCTCCGATC-1_5_1"
"704","CTATCCGCAACGGCTC-1_5_1"
"705","CTATCTAGTAGCTTTG-1_5_1"
"706","CTATCTAGTGTCCAAT-1_5_1"
"707","CTATCTAGTTGCTCCT-1_5_1"
"708","CTCAACCAGGTAGCCA-1_5_1"
"709","CTCAACCGTGCATGAG-1_5_1"
"710","CTCAACCTCACAAGAA-1_5_1"
"711","CTCAACCTCATCTATC-1_5_1"
"712","CTCAATTCAACCCTAA-1_5_1"
"713","CTCAATTGTGAGTCAG-1_5_1"
"714","CTCAATTTCTACCCAC-1_5_1"
"715","CTCACTGAGGAACGTC-1_5_1"
"716","CTCACTGGTGTATACC-1_5_1"
"717","CTCACTGTCATTGTTC-1_5_1"
"718","CTCAGAAAGCAAATGT-1_5_1"
"719","CTCAGAAGTGCCCTTT-1_5_1"
"720","CTCAGAAGTGGCACTC-1_5_1"
"721","CTCAGGGAGAGAAGGT-1_5_1"
"722","CTCAGGGCAATACGCT-1_5_1"
"723","CTCAGTCAGAACAAGG-1_5_1"
"724","CTCAGTCAGACAGCGT-1_5_1"
"725","CTCAGTCGTTGGGATG-1_5_1"
"726","CTCATCGCATCCAACA-1_5_1"
"727","CTCATCGTCTGTTGGA-1_5_1"
"728","CTCATGCAGAATAGTC-1_5_1"
"729","CTCATGCAGTCTTGGT-1_5_1"
"730","CTCATGCCAATGACCT-1_5_1"
"731","CTCATTAGTTGTCAGT-1_5_1"
"732","CTCATTATCCCTCTCC-1_5_1"
"733","CTCCAACCATCTTCGC-1_5_1"
"734","CTCCACAAGGGCTGAT-1_5_1"
"735","CTCCACATCTGTCCCA-1_5_1"
"736","CTCCATGTCTTAGCCC-1_5_1"
"737","CTCCCAAAGTTGCATC-1_5_1"
"738","CTCCGATCATTCCTCG-1_5_1"
"739","CTCCGATGTGCAGATG-1_5_1"
"740","CTCCTCCAGTAGTCTC-1_5_1"
"741","CTCCTCCGTTCCCACT-1_5_1"
"742","CTCCTTTAGGTGGCTA-1_5_1"
"743","CTCCTTTCAAGCCTGC-1_5_1"
"744","CTCGAGGAGGTCACCC-1_5_1"
"745","CTCTCAGGTTGACTAC-1_5_1"
"746","CTCTCAGTCAACACCA-1_5_1"
"747","CTCTCGACAGGCCCTA-1_5_1"
"748","CTCTCGACATGAGATA-1_5_1"
"749","CTGAATGCACGTGAGA-1_5_1"
"750","CTGAATGGTCTGCCTT-1_5_1"
"751","CTGATCCAGCCTCTTC-1_5_1"
"752","CTGATCCAGGTTCAGG-1_5_1"
"753","CTGATCCCAAGGTCAG-1_5_1"
"754","CTGATCCCAGGTCCCA-1_5_1"
"755","CTGCAGGAGCTGACAG-1_5_1"
"756","CTGCAGGCAGCCTATA-1_5_1"
"757","CTGCAGGGTTGTTGAC-1_5_1"
"758","CTGCATCTCTTGCAGA-1_5_1"
"759","CTGCATCTCTTGGCTC-1_5_1"
"760","CTGCCATTCACCCATC-1_5_1"
"761","CTGCCATTCGCTACAA-1_5_1"
"762","CTGCCTAGTCAACCAT-1_5_1"
"763","CTGCGAGAGACCTTTG-1_5_1"
"764","CTGCGAGCAGCCTTCT-1_5_1"
"765","CTGCGAGCATCACAGT-1_5_1"
"766","CTGGACGAGGTGCGAT-1_5_1"
"767","CTGGACGGTCTCACGG-1_5_1"
"768","CTGGACGGTTCTCTCG-1_5_1"
"769","CTGGCAGAGCCGATTT-1_5_1"
"770","CTGGCAGCAGCTGTCG-1_5_1"
"771","CTGGCAGGTACATACC-1_5_1"
"772","CTGGCAGTCCCTTGGT-1_5_1"
"773","CTGGTCTCATCGAGCC-1_5_1"
"774","CTGGTCTGTAAGATTG-1_5_1"
"775","CTGGTCTTCGCGCTGA-1_5_1"
"776","CTGTAGAAGAGAGCCT-1_5_1"
"777","CTGTATTCACATATGC-1_5_1"
"778","CTGTCGTAGTGACCTT-1_5_1"
"779","CTGTGAACAGAACATA-1_5_1"
"780","CTGTGAAGTTGCACGC-1_5_1"
"781","CTGTGGGGTTCTCCCA-1_5_1"
"782","CTTACCGAGGCACAAC-1_5_1"
"783","CTTACCGGTAGAATGT-1_5_1"
"784","CTTACCGGTCGACTTA-1_5_1"
"785","CTTACCGTCAGTGATC-1_5_1"
"786","CTTAGGACACCATTCC-1_5_1"
"787","CTTCAATTCAGGACAG-1_5_1"
"788","CTTCAATTCGACCACG-1_5_1"
"789","CTTCCTTTCACAAGAA-1_5_1"
"790","CTTCCTTTCGGAGCAA-1_5_1"
"791","CTTCGGTAGTAAGAGG-1_5_1"
"792","CTTCGGTGTCAAATCC-1_5_1"
"793","CTTCTAAGTGATACAA-1_5_1"
"794","CTTCTAAGTGTGTACT-1_5_1"
"795","CTTCTAATCGACCATA-1_5_1"
"796","CTTGAGAAGGTTTGAA-1_5_1"
"797","CTTGAGATCCTAAGTG-1_5_1"
"798","CTTGAGATCGCCCAGA-1_5_1"
"799","CTTGAGATCTACTCAT-1_5_1"
"800","CTTTCAATCCCGTGTT-1_5_1"
"801","CTTTCGGGTGATTAGA-1_5_1"
"802","GAAACCTCAAAGCTCT-1_5_1"
"803","GAAACCTTCTGACCCT-1_5_1"
"804","GAAATGAGTTGAATCC-1_5_1"
"805","GAACACTCATGGCGCT-1_5_1"
"806","GAACACTTCAATGTCG-1_5_1"
"807","GAACGTTTCAAACGAA-1_5_1"
"808","GAACTGTCATCTCCCA-1_5_1"
"809","GAACTGTCATGCGTGC-1_5_1"
"810","GAAGAATCAAGATCCT-1_5_1"
"811","GAAGAATTCGCTCTAC-1_5_1"
"812","GAAGCCCAGTGGATTA-1_5_1"
"813","GAAGCGAAGAATACAC-1_5_1"
"814","GAAGCGAGTTACGGAG-1_5_1"
"815","GAAGGACCACAAATCC-1_5_1"
"816","GAAGGACTCTAGCCAA-1_5_1"
"817","GAAGGACTCTGTAAGC-1_5_1"
"818","GAAGGGTCAGAAACCG-1_5_1"
"819","GAAGTAATCATGCCAA-1_5_1"
"820","GAAGTAATCTTACGGA-1_5_1"
"821","GAATAGATCCAATCCC-1_5_1"
"822","GAATCGTGTCATGCAT-1_5_1"
"823","GACACGCAGCAACAAT-1_5_1"
"824","GACACGCGTCGTATTG-1_5_1"
"825","GACAGCCAGATGTAGT-1_5_1"
"826","GACAGCCCAAAGCAAT-1_5_1"
"827","GACAGCCCACAATGAA-1_5_1"
"828","GACAGCCCATGCACTA-1_5_1"
"829","GACAGCCGTAACCAGG-1_5_1"
"830","GACAGCCTCCGACGGT-1_5_1"
"831","GACATCACACCCATAA-1_5_1"
"832","GACCAATGTAGTCGGA-1_5_1"
"833","GACCAATTCAAATAGG-1_5_1"
"834","GACCCAGCACACGCCA-1_5_1"
"835","GACCCAGCAGCAGTGA-1_5_1"
"836","GACCCAGGTCCTCCAT-1_5_1"
"837","GACCCTTCACGAGAAC-1_5_1"
"838","GACCCTTGTACCTTCC-1_5_1"
"839","GACCGTGGTTCTCGCT-1_5_1"
"840","GACCTTCGTTGGAGGT-1_5_1"
"841","GACGTTACAAAGGCAC-1_5_1"
"842","GACGTTAGTAGACAGC-1_5_1"
"843","GACTATGCACATATGC-1_5_1"
"844","GACTCAAGTCACTTCC-1_5_1"
"845","GACTCTCTCTGTGCGG-1_5_1"
"846","GACTTCCAGAGGGTAA-1_5_1"
"847","GACTTCCCAGCAGTTT-1_5_1"
"848","GACTTCCGTATGCTAC-1_5_1"
"849","GAGAAATCACAATGAA-1_5_1"
"850","GAGACCCTCCCGAACG-1_5_1"
"851","GAGATGGAGACTTGTC-1_5_1"
"852","GAGCTGCAGAAGCCAC-1_5_1"
"853","GAGCTGCCACGCGCTA-1_5_1"
"854","GAGGCCTAGGATGAGA-1_5_1"
"855","GAGGCCTAGGCCCACT-1_5_1"
"856","GAGGCCTAGTGGATAT-1_5_1"
"857","GAGGGATAGCTAATGA-1_5_1"
"858","GAGGGATAGCTGTTAC-1_5_1"
"859","GAGGGATCACTGCACG-1_5_1"
"860","GAGGGTAAGCTCACTA-1_5_1"
"861","GAGGGTAGTGTAGCAG-1_5_1"
"862","GAGGGTAGTTCTCCTG-1_5_1"
"863","GAGTCATAGGCACGAT-1_5_1"
"864","GAGTCATAGTCAATCC-1_5_1"
"865","GAGTCATGTAACTGCT-1_5_1"
"866","GAGTCTACACTAACCA-1_5_1"
"867","GAGTCTACACTCCCTA-1_5_1"
"868","GAGTCTATCCACAGCG-1_5_1"
"869","GAGTGAGCAAGATTGA-1_5_1"
"870","GAGTGAGTCGTTGCCT-1_5_1"
"871","GAGTGTTGTGCCTGCA-1_5_1"
"872","GAGTTGTAGTCATGCT-1_5_1"
"873","GAGTTTGCAGACAAGC-1_5_1"
"874","GAGTTTGTCATCACTT-1_5_1"
"875","GAGTTTGTCATGTCAG-1_5_1"
"876","GATAGAACACTGGATT-1_5_1"
"877","GATAGAACAGTCGAGA-1_5_1"
"878","GATAGAACATCGCTGG-1_5_1"
"879","GATAGCTAGCAAGCCA-1_5_1"
"880","GATAGCTAGCCTCAGC-1_5_1"
"881","GATAGCTCAAAGTGTA-1_5_1"
"882","GATAGCTGTACGGTTT-1_5_1"
"883","GATCACAGTTGGACTT-1_5_1"
"884","GATCACATCAATCAGC-1_5_1"
"885","GATCATGAGGCAGGGA-1_5_1"
"886","GATCATGAGTTGTCAC-1_5_1"
"887","GATCCCTAGTCTGGAG-1_5_1"
"888","GATCCCTGTGGCTTAT-1_5_1"
"889","GATCGTATCCGGGACT-1_5_1"
"890","GATGAGGGTACGTGTT-1_5_1"
"891","GATGAGGTCCGCGATG-1_5_1"
"892","GATGAGGTCTCAGGCG-1_5_1"
"893","GATGATCAGCTACAAA-1_5_1"
"894","GATGCTACAATTCGTG-1_5_1"
"895","GATGCTACATTCACAG-1_5_1"
"896","GATGCTAGTACCGGAA-1_5_1"
"897","GATGTTGGTCTTGGTA-1_5_1"
"898","GATTCGATCGGCTATA-1_5_1"
"899","GATTCTTGTCTGTGTA-1_5_1"
"900","GATTGGTAGCTCGACC-1_5_1"
"901","GATTGGTCAACCTATG-1_5_1"
"902","GATTGGTGTCAATGGG-1_5_1"
"903","GATTTCTCATGTGCCG-1_5_1"
"904","GATTTCTTCATAGCAC-1_5_1"
"905","GATTTCTTCATAGGCT-1_5_1"
"906","GATTTCTTCGAGGCAA-1_5_1"
"907","GCAACATGTCAGTCCG-1_5_1"
"908","GCAACATTCAAGAATG-1_5_1"
"909","GCAACCGAGCGCAATG-1_5_1"
"910","GCAACCGTCTGTGCTC-1_5_1"
"911","GCACATACACAATGTC-1_5_1"
"912","GCACATAGTTTCGTAG-1_5_1"
"913","GCACGGTTCAAGCCAT-1_5_1"
"914","GCACGGTTCGCAGTGC-1_5_1"
"915","GCACTAAAGTCATAGA-1_5_1"
"916","GCACTAACACAAATGA-1_5_1"
"917","GCACTAACACCGGAAA-1_5_1"
"918","GCACTAAGTTACAGCT-1_5_1"
"919","GCAGCCACACAACCGC-1_5_1"
"920","GCAGCCACAGGAACCA-1_5_1"
"921","GCAGCTGAGACAGTCG-1_5_1"
"922","GCAGCTGGTCTCGGAC-1_5_1"
"923","GCAGGCTGTGGACTAG-1_5_1"
"924","GCAGTTAGTACCGCGT-1_5_1"
"925","GCATCGGCACTTCAGA-1_5_1"
"926","GCATCGGTCATCTACT-1_5_1"
"927","GCATCTCAGAGGACTC-1_5_1"
"928","GCATCTCAGGACTTCT-1_5_1"
"929","GCATCTCGTTCCGCTT-1_5_1"
"930","GCATCTCTCTTCGGTC-1_5_1"
"931","GCATGATCAATTCTTC-1_5_1"
"932","GCATGATCACTGAGGA-1_5_1"
"933","GCATGATCAGAGGACT-1_5_1"
"934","GCATGATTCATGACAC-1_5_1"
"935","GCATTAGCATGTCTAG-1_5_1"
"936","GCATTAGGTGTTCATG-1_5_1"
"937","GCCAACGCAGTAGGAC-1_5_1"
"938","GCCAGCACATCTCAAG-1_5_1"
"939","GCCAGCAGTGTCGATT-1_5_1"
"940","GCCAGGTCAAACTGCT-1_5_1"
"941","GCCAGGTCACCTCAGG-1_5_1"
"942","GCCAGTGCACAGCCAC-1_5_1"
"943","GCCATGGGTATCTCGA-1_5_1"
"944","GCCCAGAAGTTCCGGC-1_5_1"
"945","GCCCAGACATCTCATT-1_5_1"
"946","GCCCAGATCAGCGTCG-1_5_1"
"947","GCCCGAACAACGCCCA-1_5_1"
"948","GCCCGAACAACGTTAC-1_5_1"
"949","GCCCGAACATAGGTTC-1_5_1"
"950","GCCGATGAGCGAACTG-1_5_1"
"951","GCCGTGACAGCGAACA-1_5_1"
"952","GCCGTGATCAAACGAA-1_5_1"
"953","GCCGTGATCGTGGACC-1_5_1"
"954","GCCTGTTAGACGACTG-1_5_1"
"955","GCCTGTTTCTACGGGC-1_5_1"
"956","GCGAGAACAAAGGCAC-1_5_1"
"957","GCGAGAATCGGCTATA-1_5_1"
"958","GCGAGAATCTAGCAAC-1_5_1"
"959","GCGAGAATCTCAATCT-1_5_1"
"960","GCGAGAATCTCCTGCA-1_5_1"
"961","GCGATCGTCCGATAGT-1_5_1"
"962","GCGATCGTCTACTTCA-1_5_1"
"963","GCGGAAAGTGCGCTCA-1_5_1"
"964","GCGGATCAGCTACGTT-1_5_1"
"965","GCGGATCGTTCGCGTG-1_5_1"
"966","GCGGATCTCTATGTGG-1_5_1"
"967","GCGTGCAAGAAACTAC-1_5_1"
"968","GCGTGCATCCTGCCAT-1_5_1"
"969","GCGTTTCTCTTAGCAG-1_5_1"
"970","GCTACAACACTACGGC-1_5_1"
"971","GCTACAAGTTAGGAGC-1_5_1"
"972","GCTACCTCATCGAAGG-1_5_1"
"973","GCTCAAAAGTTACGGG-1_5_1"
"974","GCTGAATGTTCTATCT-1_5_1"
"975","GCTGCAGCACCTGCAG-1_5_1"
"976","GCTGCAGTCGTGGTAT-1_5_1"
"977","GCTGGGTAGAGTACCG-1_5_1"
"978","GCTGGGTTCCGATTAG-1_5_1"
"979","GCTTCACGTGAAAGTT-1_5_1"
"980","GCTTGGGTCTGTCTCG-1_5_1"
"981","GCTTTCGGTTACTCAG-1_5_1"
"982","GGAACCCGTGAACCGA-1_5_1"
"983","GGAACCCGTTACCCTC-1_5_1"
"984","GGAACCCGTTGACTAC-1_5_1"
"985","GGAAGTGAGATACATG-1_5_1"
"986","GGAAGTGCAGAGGTAC-1_5_1"
"987","GGAATCTAGCTTCATG-1_5_1"
"988","GGAATCTCAGCACAAG-1_5_1"
"989","GGAATCTTCTCCCTAG-1_5_1"
"990","GGAATGGAGATGTTCC-1_5_1"
"991","GGAATGGCATCGTTCC-1_5_1"
"992","GGACGTCAGGTCGTCC-1_5_1"
"993","GGACGTCCAGTAGATA-1_5_1"
"994","GGACGTCTCTCACTCG-1_5_1"
"995","GGACGTCTCTGGTGCG-1_5_1"
"996","GGAGAACAGAAGCTCG-1_5_1"
"997","GGAGAACGTCTAGGCC-1_5_1"
"998","GGAGAACTCGGTCATA-1_5_1"
"999","GGAGATGCAAACACGG-1_5_1"
"1000","GGAGATGCATTGCTTT-1_5_1"
"1001","GGAGCAAAGCACTGGA-1_5_1"
"1002","GGAGGTAAGTTCCAGT-1_5_1"
"1003","GGATCTACAAGTGGAC-1_5_1"
"1004","GGATCTATCCGAAGGA-1_5_1"
"1005","GGATCTATCTGAGGCC-1_5_1"
"1006","GGATGTTAGCCTCACG-1_5_1"
"1007","GGATGTTAGGTGCTTT-1_5_1"
"1008","GGATGTTCATAATGAG-1_5_1"
"1009","GGATGTTGTATCAAGA-1_5_1"
"1010","GGATGTTTCAGAGTGG-1_5_1"
"1011","GGCACGTGTTAGAGTA-1_5_1"
"1012","GGCACGTTCTCTCCGA-1_5_1"
"1013","GGCAGTCAGAGGCCAT-1_5_1"
"1014","GGCAGTCTCATGCTAG-1_5_1"
"1015","GGCGTCACATACGCAT-1_5_1"
"1016","GGCTGTGAGTCTAGAA-1_5_1"
"1017","GGCTGTGCACATTCGA-1_5_1"
"1018","GGCTGTGTCATTTGCT-1_5_1"
"1019","GGCTTGGAGAGTCACG-1_5_1"
"1020","GGCTTGGGTCTGTCCT-1_5_1"
"1021","GGCTTGGGTTAGAAGT-1_5_1"
"1022","GGCTTTCTCCCAGGAC-1_5_1"
"1023","GGGAAGTAGGTTCCAT-1_5_1"
"1024","GGGAAGTCAATGGGTG-1_5_1"
"1025","GGGACAAGTCGCTTGG-1_5_1"
"1026","GGGACAATCGCAACAT-1_5_1"
"1027","GGGACAATCGGTCATA-1_5_1"
"1028","GGGACCTGTACGTGAG-1_5_1"
"1029","GGGACCTTCAGCAATC-1_5_1"
"1030","GGGACTCCACGCCACA-1_5_1"
"1031","GGGAGATTCAAATGAG-1_5_1"
"1032","GGGAGATTCCTGCTAC-1_5_1"
"1033","GGGAGTATCCTATGGA-1_5_1"
"1034","GGGATCCAGACCCTTA-1_5_1"
"1035","GGGATCCCAGGTTCGC-1_5_1"
"1036","GGGATCCTCACCGACG-1_5_1"
"1037","GGGATGAAGCGGACAT-1_5_1"
"1038","GGGATGAGTCGTTCAA-1_5_1"
"1039","GGGATGATCCGATAAC-1_5_1"
"1040","GGGCCATAGTCAGCCC-1_5_1"
"1041","GGGCCATAGTTGGACG-1_5_1"
"1042","GGGCCATTCCGGCTTT-1_5_1"
"1043","GGGCGTTTCACTTGGA-1_5_1"
"1044","GGGCGTTTCTAGCAAC-1_5_1"
"1045","GGGCTACGTGAGTCAG-1_5_1"
"1046","GGGCTACTCACTAGCA-1_5_1"
"1047","GGGCTCACAGTGTACT-1_5_1"
"1048","GGGCTCATCGGATTAC-1_5_1"
"1049","GGGCTCATCTCAAAGC-1_5_1"
"1050","GGGTAGATCAGTGTTG-1_5_1"
"1051","GGGTATTAGCGAGAAA-1_5_1"
"1052","GGGTATTAGGAGAATG-1_5_1"
"1053","GGGTCACGTTGGCCGT-1_5_1"
"1054","GGGTCACTCTGTACAG-1_5_1"
"1055","GGGTCTGTCAAGCGTT-1_5_1"
"1056","GGGTCTGTCATTGCTT-1_5_1"
"1057","GGGTGAAAGGAGAGGC-1_5_1"
"1058","GGGTGAAAGGTAAACT-1_5_1"
"1059","GGGTGAACAAGTGATA-1_5_1"
"1060","GGGTGAACAGTTGGTT-1_5_1"
"1061","GGGTGAATCAGCAGAG-1_5_1"
"1062","GGGTGTCTCACAGAGG-1_5_1"
"1063","GGGTGTCTCCACCTGT-1_5_1"
"1064","GGGTTATGTTAGGAGC-1_5_1"
"1065","GGGTTTATCTACTTCA-1_5_1"
"1066","GGTAACTAGACAGCGT-1_5_1"
"1067","GGTAACTCAACAGTGG-1_5_1"
"1068","GGTAATCGTAGCTCGC-1_5_1"
"1069","GGTAATCTCGGACCAC-1_5_1"
"1070","GGTAATCTCTGAACGT-1_5_1"
"1071","GGTAGAGCACATGGTT-1_5_1"
"1072","GGTAGAGCAGATTTCG-1_5_1"
"1073","GGTCTGGAGTACGTCT-1_5_1"
"1074","GGTCTGGTCTTACCAT-1_5_1"
"1075","GGTGAAGTCATCGCCT-1_5_1"
"1076","GGTGAAGTCGTAGGGA-1_5_1"
"1077","GGTGATTAGCAACAGC-1_5_1"
"1078","GGTGATTGTCTACAGT-1_5_1"
"1079","GGTGGCTGTTGAGAGC-1_5_1"
"1080","GGTGGCTTCCTAGCGG-1_5_1"
"1081","GGTGTCGGTTTCGTGA-1_5_1"
"1082","GGTGTTAAGTTGTAGA-1_5_1"
"1083","GGTTCTCAGAGATTCA-1_5_1"
"1084","GGTTGTAAGATTACCC-1_5_1"
"1085","GGTTGTATCTTACCGC-1_5_1"
"1086","GTAACACGTTAAACAG-1_5_1"
"1087","GTAACACTCTTCTGGC-1_5_1"
"1088","GTAACCACAGCTACAT-1_5_1"
"1089","GTAAGTCGTTGGGAAC-1_5_1"
"1090","GTAATCGCACCACATA-1_5_1"
"1091","GTAATGCGTCACTGAT-1_5_1"
"1092","GTACAACAGCAGGCTA-1_5_1"
"1093","GTACAACGTAGAGGAA-1_5_1"
"1094","GTACAACTCGCGGACT-1_5_1"
"1095","GTACAGTCACAGCCAC-1_5_1"
"1096","GTAGAAAGTTGCTCGG-1_5_1"
"1097","GTAGAGGCAACCAACT-1_5_1"
"1098","GTAGAGGGTCGTCGGT-1_5_1"
"1099","GTAGAGGGTTTGGGTT-1_5_1"
"1100","GTAGATCTCAAGCCAT-1_5_1"
"1101","GTAGGTTCATCCCGTT-1_5_1"
"1102","GTAGTACAGAAGGGAT-1_5_1"
"1103","GTAGTACGTATGCTTG-1_5_1"
"1104","GTATTTCCACAAGCTT-1_5_1"
"1105","GTCAAACTCGCCAACG-1_5_1"
"1106","GTCACGGAGAGAGGTA-1_5_1"
"1107","GTCACGGCATTGCAAC-1_5_1"
"1108","GTCACTCGTGAGCCAA-1_5_1"
"1109","GTCAGCGGTGTCACAT-1_5_1"
"1110","GTCATCCAGAAGCCTG-1_5_1"
"1111","GTCATCCGTTCGTGCG-1_5_1"
"1112","GTCATGACATGAAAGT-1_5_1"
"1113","GTCATTTAGCCTCTTC-1_5_1"
"1114","GTCATTTGTGGAAATT-1_5_1"
"1115","GTCATTTTCGCTTTAT-1_5_1"
"1116","GTCCACTGTCTGCGCA-1_5_1"
"1117","GTCCACTTCCTTATCA-1_5_1"
"1118","GTCCACTTCTCAGTCC-1_5_1"
"1119","GTCCCATAGTATTCCG-1_5_1"
"1120","GTCCCATCAAGCTACT-1_5_1"
"1121","GTCCCATGTCGCATCG-1_5_1"
"1122","GTCCTCACAACCGCTG-1_5_1"
"1123","GTCCTCACATCGCCTT-1_5_1"
"1124","GTCCTCAGTGGGTATG-1_5_1"
"1125","GTCGAATAGGGTCTTT-1_5_1"
"1126","GTCGTAAAGTGTTGTC-1_5_1"
"1127","GTCGTAACAGTCGAGA-1_5_1"
"1128","GTCGTAAGTCTTCCGT-1_5_1"
"1129","GTCGTTCAGTTGTCAC-1_5_1"
"1130","GTCGTTCGTTCCTTGC-1_5_1"
"1131","GTCTAGATCTTCCACG-1_5_1"
"1132","GTCTCACAGTACTGGG-1_5_1"
"1133","GTCTGTCAGAAGGCTC-1_5_1"
"1134","GTCTGTCCAATTGTGC-1_5_1"
"1135","GTCTTTAAGAGGTGCT-1_5_1"
"1136","GTGACGCTCCGCGATG-1_5_1"
"1137","GTGAGCCCATCCGGTG-1_5_1"
"1138","GTGAGGAAGCCTGGAA-1_5_1"
"1139","GTGAGGAAGCTCGAAG-1_5_1"
"1140","GTGAGGATCGACATCA-1_5_1"
"1141","GTGAGGATCGACGAGA-1_5_1"
"1142","GTGAGTTCACACACTA-1_5_1"
"1143","GTGAGTTCATGACGGA-1_5_1"
"1144","GTGAGTTTCTAGCCAA-1_5_1"
"1145","GTGATGTAGTTGCCTA-1_5_1"
"1146","GTGATGTGTAGAGATT-1_5_1"
"1147","GTGATGTTCTATTGTC-1_5_1"
"1148","GTGCACGGTTCTAACG-1_5_1"
"1149","GTGCAGCAGTAGAGTT-1_5_1"
"1150","GTGCGTGCAATGGCAG-1_5_1"
"1151","GTGCGTGGTTCACGAT-1_5_1"
"1152","GTGGAAGCACAATTCG-1_5_1"
"1153","GTGGAGATCGAGAAAT-1_5_1"
"1154","GTGGCGTCAGTATTCG-1_5_1"
"1155","GTGGGAAGTCACATTG-1_5_1"
"1156","GTGGTTACATGGGTCC-1_5_1"
"1157","GTGGTTATCTCTCTTC-1_5_1"
"1158","GTGTAACCAACTCCCT-1_5_1"
"1159","GTGTAACGTTGCAACT-1_5_1"
"1160","GTGTAACGTTTACTTC-1_5_1"
"1161","GTGTCCTAGACCAGCA-1_5_1"
"1162","GTGTGATGTTATGTCG-1_5_1"
"1163","GTGTTAGAGTGATAAC-1_5_1"
"1164","GTGTTAGCATGAGATA-1_5_1"
"1165","GTGTTAGTCCCTGTTG-1_5_1"
"1166","GTGTTCCGTCGCATGC-1_5_1"
"1167","GTTACAGAGGTAGTAT-1_5_1"
"1168","GTTACAGCAGAACTAA-1_5_1"
"1169","GTTACCCGTACCCAGC-1_5_1"
"1170","GTTACCCGTGTGAGCA-1_5_1"
"1171","GTTACGAAGAACGTGC-1_5_1"
"1172","GTTACGAAGAAGGTAG-1_5_1"
"1173","GTTACGATCCGATTAG-1_5_1"
"1174","GTTACGATCCTAACAG-1_5_1"
"1175","GTTAGACTCTGAGAGG-1_5_1"
"1176","GTTAGTGCAAGTCCAT-1_5_1"
"1177","GTTAGTGCATGAAGCG-1_5_1"
"1178","GTTCCGTAGGCCCACT-1_5_1"
"1179","GTTCTATCAGCTTCGG-1_5_1"
"1180","GTTCTATCATCGAGCC-1_5_1"
"1181","GTTGAACAGGCCGCTT-1_5_1"
"1182","GTTGAACAGGTCGTGA-1_5_1"
"1183","GTTGAACCATCGGAAG-1_5_1"
"1184","GTTGCGGTCGCCAGAC-1_5_1"
"1185","GTTGCGGTCGGACGTC-1_5_1"
"1186","GTTGTAGAGAAGCGAA-1_5_1"
"1187","GTTGTAGTCACAGTGT-1_5_1"
"1188","GTTGTCCAGCACTTTG-1_5_1"
"1189","GTTGTCCCAGGTCCCA-1_5_1"
"1190","GTTGTCCGTACCACGC-1_5_1"
"1191","GTTGTCCGTCCCTGTT-1_5_1"
"1192","GTTGTCCTCCCAGCGA-1_5_1"
"1193","GTTGTCCTCTCATTGT-1_5_1"
"1194","GTTTACTAGTCTGTAC-1_5_1"
"1195","GTTTACTGTTTCGATG-1_5_1"
"1196","GTTTACTTCGGCACTG-1_5_1"
"1197","GTTTGGACAGCTTCCT-1_5_1"
"1198","GTTTGGATCAATCAGC-1_5_1"
"1199","TAACACGGTGTTAGCT-1_5_1"
"1200","TAACCAGCAAGAATAC-1_5_1"
"1201","TAACCAGGTTGGTGTT-1_5_1"
"1202","TAACGACAGTCTTGGT-1_5_1"
"1203","TAACGACGTCGCTTAA-1_5_1"
"1204","TAACTTCAGCTAGAAT-1_5_1"
"1205","TAAGCACAGACGACGT-1_5_1"
"1206","TAAGCACGTCAAATCC-1_5_1"
"1207","TAAGCCAAGTATTGCC-1_5_1"
"1208","TAAGCCACACTCCCTA-1_5_1"
"1209","TAAGCCATCGCCACTT-1_5_1"
"1210","TAAGCGTAGACTACGG-1_5_1"
"1211","TAAGCGTGTATCGAAA-1_5_1"
"1212","TAAGCGTTCATTCATC-1_5_1"
"1213","TAAGTCGAGACGACTG-1_5_1"
"1214","TAAGTCGGTGAGGCAT-1_5_1"
"1215","TAATCTCGTAGCTAAA-1_5_1"
"1216","TAATTCCAGCAACTCT-1_5_1"
"1217","TAATTCCCATCGATGT-1_5_1"
"1218","TAATTCCGTACGCGTC-1_5_1"
"1219","TAATTCCGTGCAGATG-1_5_1"
"1220","TAATTCCTCATGCTAG-1_5_1"
"1221","TACAACGAGTGGACGT-1_5_1"
"1222","TACAACGGTGTAGGAC-1_5_1"
"1223","TACACCCGTAAGGCCA-1_5_1"
"1224","TACACCCGTCGAAGCA-1_5_1"
"1225","TACAGGTTCGCTGATA-1_5_1"
"1226","TACAGGTTCTTCTTCC-1_5_1"
"1227","TACATTCCAGGTTCAT-1_5_1"
"1228","TACCCACAGACATATG-1_5_1"
"1229","TACCCACTCCTGGCTT-1_5_1"
"1230","TACCCGTAGGAGAGTA-1_5_1"
"1231","TACCGAAAGCGTTGTT-1_5_1"
"1232","TACCGAACATCTCAAG-1_5_1"
"1233","TACCGAAGTAGCTCGC-1_5_1"
"1234","TACCGAAGTAGGCAGT-1_5_1"
"1235","TACCGAATCGCACGAC-1_5_1"
"1236","TACCTCGCATGTGGCC-1_5_1"
"1237","TACGCTCAGTGATAAC-1_5_1"
"1238","TACGCTCCAAGGAGTC-1_5_1"
"1239","TACGCTCGTCTGCAAT-1_5_1"
"1240","TACGCTCTCTTTACAC-1_5_1"
"1241","TACGGGCGTAATCAAG-1_5_1"
"1242","TACGGGCGTCGTCTCT-1_5_1"
"1243","TACGGGCGTTATGACC-1_5_1"
"1244","TACGGTACATCAGCGC-1_5_1"
"1245","TACGTCCCATGCGTGC-1_5_1"
"1246","TACTGCCAGAGCCCAA-1_5_1"
"1247","TACTGCCGTCTTCATT-1_5_1"
"1248","TACTGCCTCTAACACG-1_5_1"
"1249","TACTTACCAGCTGTGC-1_5_1"
"1250","TACTTACCAGTTTCGA-1_5_1"
"1251","TACTTACGTTGCACGC-1_5_1"
"1252","TACTTCAAGACGTCCC-1_5_1"
"1253","TACTTCAAGGAATTAC-1_5_1"
"1254","TACTTGTGTCGATTAC-1_5_1"
"1255","TAGACCAAGTGCCAGA-1_5_1"
"1256","TAGACCAGTCATCGGC-1_5_1"
"1257","TAGACTGAGATGTAGT-1_5_1"
"1258","TAGACTGGTGAGGATC-1_5_1"
"1259","TAGACTGTCATGAGTC-1_5_1"
"1260","TAGATCGAGCATATGA-1_5_1"
"1261","TAGATCGGTACGGCAA-1_5_1"
"1262","TAGCACAAGACTCATC-1_5_1"
"1263","TAGCACAGTCAAAGCG-1_5_1"
"1264","TAGGAGGAGGTTGCCC-1_5_1"
"1265","TAGGAGGCAGAAGCGT-1_5_1"
"1266","TAGGAGGCATCATCCC-1_5_1"
"1267","TAGGAGGGTAGCGCCT-1_5_1"
"1268","TAGGAGGGTATTAAGG-1_5_1"
"1269","TAGGGTTCAAGCCTGC-1_5_1"
"1270","TAGGGTTGTAGAGATT-1_5_1"
"1271","TAGGGTTTCACTGATG-1_5_1"
"1272","TAGGTACCAAGAGTGC-1_5_1"
"1273","TAGGTACGTCGACGCT-1_5_1"
"1274","TAGTGCAAGGATATAC-1_5_1"
"1275","TAGTGCACATCTAACG-1_5_1"
"1276","TAGTGCAGTGAAAGTT-1_5_1"
"1277","TATACCTCAACACAAA-1_5_1"
"1278","TATACCTGTTGGAGAC-1_5_1"
"1279","TATATCCCAACTTGCA-1_5_1"
"1280","TATCAGGAGTCTCTGA-1_5_1"
"1281","TATCAGGTCCACTTCG-1_5_1"
"1282","TATCCTAGTAGACAAT-1_5_1"
"1283","TATCGCCAGTGGCCTC-1_5_1"
"1284","TATCTGTAGTCTCGTA-1_5_1"
"1285","TATCTGTGTATCGTAC-1_5_1"
"1286","TATCTTGCACCCTGTT-1_5_1"
"1287","TATCTTGGTTTAGAGA-1_5_1"
"1288","TATTCCAAGTAGCCAG-1_5_1"
"1289","TATTCCACATTAGGCT-1_5_1"
"1290","TATTCCATCACACCGG-1_5_1"
"1291","TATTGCTCACCTAAAC-1_5_1"
"1292","TATTGCTCACTTGTGA-1_5_1"
"1293","TATTGGGGTTGTTTGG-1_5_1"
"1294","TATTTCGAGACCAAAT-1_5_1"
"1295","TATTTCGGTGTTAAAG-1_5_1"
"1296","TATTTCGTCGAGAAAT-1_5_1"
"1297","TCAAGACAGAGAGTGA-1_5_1"
"1298","TCAAGACAGCGACTGA-1_5_1"
"1299","TCAAGACAGTGGTTAA-1_5_1"
"1300","TCAAGACGTATCCCTC-1_5_1"
"1301","TCAAGACGTCTAGATC-1_5_1"
"1302","TCAAGCAAGTTCGGTT-1_5_1"
"1303","TCAAGCATCCGTGTGG-1_5_1"
"1304","TCAAGTGAGACTTCAC-1_5_1"
"1305","TCAAGTGTCGTGGCGT-1_5_1"
"1306","TCAATCTAGCATGCAG-1_5_1"
"1307","TCAATTCTCATGTCAG-1_5_1"
"1308","TCACAAGAGGAATTAC-1_5_1"
"1309","TCACAAGAGTGGTCAG-1_5_1"
"1310","TCACAAGCAACTGATC-1_5_1"
"1311","TCACAAGGTACAAACA-1_5_1"
"1312","TCACAAGGTCAACCTA-1_5_1"
"1313","TCACATTAGACATAAC-1_5_1"
"1314","TCACGCTAGACCTGGA-1_5_1"
"1315","TCACGCTCATAGCACT-1_5_1"
"1316","TCACGCTTCGGTCACG-1_5_1"
"1317","TCACGGGTCTGCGGAC-1_5_1"
"1318","TCACTCGTCCCGATCT-1_5_1"
"1319","TCAGCAAAGGAATTAC-1_5_1"
"1320","TCAGCAAAGTAAGGGA-1_5_1"
"1321","TCAGCAACAGCTGTCG-1_5_1"
"1322","TCAGCCTAGTTAGAAC-1_5_1"
"1323","TCAGCCTCAAAGAACT-1_5_1"
"1324","TCAGCCTTCAAACCCA-1_5_1"
"1325","TCAGGGCAGGCATCTT-1_5_1"
"1326","TCAGGGCAGTCGCCCA-1_5_1"
"1327","TCAGGGCCAGGCTTGC-1_5_1"
"1328","TCAGGGCTCGTCGATA-1_5_1"
"1329","TCAGGGCTCTGAACGT-1_5_1"
"1330","TCAGGTATCTTACCAT-1_5_1"
"1331","TCAGTCCAGCCATGCC-1_5_1"
"1332","TCAGTGAAGTACGAGC-1_5_1"
"1333","TCAGTGAGTATGTGTC-1_5_1"
"1334","TCATACTGTTCCGCTT-1_5_1"
"1335","TCATACTTCGTGCATA-1_5_1"
"1336","TCATATCCAAACCATC-1_5_1"
"1337","TCATCATAGGGCATGT-1_5_1"
"1338","TCATCATAGTTGGAAT-1_5_1"
"1339","TCATCCGAGAGTTGCG-1_5_1"
"1340","TCATGTTGTAACGGTG-1_5_1"
"1341","TCATGTTTCTTACGTT-1_5_1"
"1342","TCATTACAGGAGCAAA-1_5_1"
"1343","TCATTACGTGGCTGAA-1_5_1"
"1344","TCATTCACAATCTGCA-1_5_1"
"1345","TCATTCACACTGAGTT-1_5_1"
"1346","TCATTCAGTATGAGCG-1_5_1"
"1347","TCATTCAGTCAATCTG-1_5_1"
"1348","TCATTCATCGAAATCC-1_5_1"
"1349","TCATTTGAGGTAAGGA-1_5_1"
"1350","TCATTTGAGTCATGAA-1_5_1"
"1351","TCATTTGCACATTCGA-1_5_1"
"1352","TCATTTGGTGTTCAGT-1_5_1"
"1353","TCCACCAAGAGCAGTC-1_5_1"
"1354","TCCACCAAGCAGGCTA-1_5_1"
"1355","TCCACCACACGCAGTC-1_5_1"
"1356","TCCACGTAGCTGAGCA-1_5_1"
"1357","TCCAGAAAGGCAGCTA-1_5_1"
"1358","TCCAGAAAGTACCGGA-1_5_1"
"1359","TCCAGAAAGTTTCAGC-1_5_1"
"1360","TCCAGAACACTTGACA-1_5_1"
"1361","TCCAGAATCAGCGTCG-1_5_1"
"1362","TCCATCGTCTGTGCGG-1_5_1"
"1363","TCCATGCGTCAACATC-1_5_1"
"1364","TCCATGCTCCGCATAA-1_5_1"
"1365","TCCCACAAGTTCTACG-1_5_1"
"1366","TCCCACACATGCTGCG-1_5_1"
"1367","TCCCAGTAGAGGATGA-1_5_1"
"1368","TCCCAGTAGCAACTCT-1_5_1"
"1369","TCCCAGTCATCAGCTA-1_5_1"
"1370","TCCCAGTGTAAGTAGT-1_5_1"
"1371","TCCCAGTGTGGAACAC-1_5_1"
"1372","TCCGAAACAACTCATG-1_5_1"
"1373","TCCGAAAGTCCAGCGT-1_5_1"
"1374","TCCGATCCAGGCTACC-1_5_1"
"1375","TCCGATCGTTAGAAGT-1_5_1"
"1376","TCCGGGAGTCCACAGC-1_5_1"
"1377","TCCGGGAGTGATTAGA-1_5_1"
"1378","TCCTCCCAGTCATTGC-1_5_1"
"1379","TCCTCCCCAAGATGTA-1_5_1"
"1380","TCCTCCCCACCGGAAA-1_5_1"
"1381","TCCTCCCTCCGTGACG-1_5_1"
"1382","TCCTCCCTCGCTGCGA-1_5_1"
"1383","TCCTCGACAAATGATG-1_5_1"
"1384","TCCTCGATCCACACCT-1_5_1"
"1385","TCCTCGATCGTAATGC-1_5_1"
"1386","TCCTCTTAGAGGTTAT-1_5_1"
"1387","TCCTCTTAGGATTCCT-1_5_1"
"1388","TCCTGCACACGAGAAC-1_5_1"
"1389","TCCTGCAGTCCGGTGT-1_5_1"
"1390","TCCTTCTAGGTTATAG-1_5_1"
"1391","TCCTTCTGTCCATCTC-1_5_1"
"1392","TCCTTCTGTGGGTTGA-1_5_1"
"1393","TCCTTTCAGTTCAACC-1_5_1"
"1394","TCCTTTCTCAAAGCCT-1_5_1"
"1395","TCCTTTCTCCATTGTT-1_5_1"
"1396","TCCTTTCTCGTAACAC-1_5_1"
"1397","TCCTTTCTCTCATAGG-1_5_1"
"1398","TCGAACAAGTGATAAC-1_5_1"
"1399","TCGAAGTAGAGTTGCG-1_5_1"
"1400","TCGACCTAGCGACAGT-1_5_1"
"1401","TCGACCTCAAGGTTGG-1_5_1"
"1402","TCGACCTGTGATCGTT-1_5_1"
"1403","TCGACCTTCGAAGTGG-1_5_1"
"1404","TCGACGGCACCAAATC-1_5_1"
"1405","TCGACGGTCATGTCTT-1_5_1"
"1406","TCGACGGTCGTTCATT-1_5_1"
"1407","TCGATTTGTGGTAATA-1_5_1"
"1408","TCGATTTGTGTCTCCT-1_5_1"
"1409","TCGATTTTCAACTGAC-1_5_1"
"1410","TCGCACTTCAGCCTTC-1_5_1"
"1411","TCGCAGGGTGCCTGAC-1_5_1"
"1412","TCGCAGGTCGAGTTGT-1_5_1"
"1413","TCGCTCACAGGACATG-1_5_1"
"1414","TCGCTTGTCGTGTGGC-1_5_1"
"1415","TCGGATACAGGCACTC-1_5_1"
"1416","TCGGATAGTGTTCGAT-1_5_1"
"1417","TCGGGACAGAGGCTGT-1_5_1"
"1418","TCGGGACCAGGTCTCG-1_5_1"
"1419","TCGGGACGTCAGACTT-1_5_1"
"1420","TCGGGACTCATGCCAA-1_5_1"
"1421","TCGGGCAAGTTGCCCG-1_5_1"
"1422","TCGGGTGCACCGGAAA-1_5_1"
"1423","TCGTAGAAGCGTGCTC-1_5_1"
"1424","TCGTAGAAGTTGGCGA-1_5_1"
"1425","TCGTAGAGTTCTCGCT-1_5_1"
"1426","TCGTCCAAGCGTTCAT-1_5_1"
"1427","TCGTGCTAGGAGCTGT-1_5_1"
"1428","TCGTGGGCACCGTGGT-1_5_1"
"1429","TCTACATCAAGAAACT-1_5_1"
"1430","TCTACCGCAAAGACTA-1_5_1"
"1431","TCTATACCACGACTAT-1_5_1"
"1432","TCTCACGAGCATGCAG-1_5_1"
"1433","TCTCAGCGTGACTCTA-1_5_1"
"1434","TCTCAGCGTTCTATCT-1_5_1"
"1435","TCTCAGCTCTCCTACG-1_5_1"
"1436","TCTCAGCTCTTCCCAG-1_5_1"
"1437","TCTCCGAAGTAGCAAT-1_5_1"
"1438","TCTCCGACAAGATTGA-1_5_1"
"1439","TCTCCGAGTTGCACGC-1_5_1"
"1440","TCTCTGGGTAGTCCTA-1_5_1"
"1441","TCTCTGGGTCGACGCT-1_5_1"
"1442","TCTCTGGTCGCCAGTG-1_5_1"
"1443","TCTCTGGTCTCGCAGG-1_5_1"
"1444","TCTGCCAGTAGATTAG-1_5_1"
"1445","TCTGCCATCATTGCTT-1_5_1"
"1446","TCTGCCATCCCTTTGG-1_5_1"
"1447","TCTGGCTAGCCTCAGC-1_5_1"
"1448","TCTGGCTCAAGTTTGC-1_5_1"
"1449","TCTGGCTGTCATGACT-1_5_1"
"1450","TCTGGCTGTGACAGCA-1_5_1"
"1451","TCTGGCTGTGATTCTG-1_5_1"
"1452","TCTGGCTTCTGAGATC-1_5_1"
"1453","TCTGTCGTCTGATGGT-1_5_1"
"1454","TCTTAGTAGGACTATA-1_5_1"
"1455","TCTTAGTAGTGGTTAA-1_5_1"
"1456","TCTTAGTCATACCATG-1_5_1"
"1457","TCTTAGTGTACTGCCG-1_5_1"
"1458","TCTTAGTTCCAGCAAT-1_5_1"
"1459","TCTTCCTAGCATAGGC-1_5_1"
"1460","TCTTCCTCAATAGGAT-1_5_1"
"1461","TCTTGCGCAAAGGCTG-1_5_1"
"1462","TCTTGCGGTTGCAAGG-1_5_1"
"1463","TCTTTGACAATTTCCT-1_5_1"
"1464","TCTTTGACATGTGGCC-1_5_1"
"1465","TGAACGTGTTCAATCG-1_5_1"
"1466","TGAATCGGTACGATGG-1_5_1"
"1467","TGAATGCCAAATCGGG-1_5_1"
"1468","TGACAGTCATAGCACT-1_5_1"
"1469","TGACCCTAGTAGAGTT-1_5_1"
"1470","TGACCCTGTCGAGTGA-1_5_1"
"1471","TGACGCGAGCCAAGTG-1_5_1"
"1472","TGAGACTAGATGCTTC-1_5_1"
"1473","TGAGACTAGCATGGGT-1_5_1"
"1474","TGAGACTCATTAAAGG-1_5_1"
"1475","TGAGACTTCCGAGATT-1_5_1"
"1476","TGAGCGCAGCAACCAG-1_5_1"
"1477","TGAGGAGCAGGTGAGT-1_5_1"
"1478","TGAGGAGTCAACGTGT-1_5_1"
"1479","TGAGGGACAGCCGGTT-1_5_1"
"1480","TGAGGGAGTATGATCC-1_5_1"
"1481","TGAGGGATCGTAACCA-1_5_1"
"1482","TGAGGTTGTCTGTGGC-1_5_1"
"1483","TGAGTCAAGGTAGACC-1_5_1"
"1484","TGAGTCACAATCGAAA-1_5_1"
"1485","TGATCAGTCTCTATGT-1_5_1"
"1486","TGATCTTCAAGAAACT-1_5_1"
"1487","TGATCTTTCGGAGATG-1_5_1"
"1488","TGATCTTTCTGGACCG-1_5_1"
"1489","TGATGCACACATGTTG-1_5_1"
"1490","TGATGCAGTATCTCTT-1_5_1"
"1491","TGATGGTAGTGATCGG-1_5_1"
"1492","TGATGGTCATGGGAAC-1_5_1"
"1493","TGATTTCCACTTGACA-1_5_1"
"1494","TGATTTCGTAATACCC-1_5_1"
"1495","TGATTTCGTCACGCTG-1_5_1"
"1496","TGATTTCTCGATCCAA-1_5_1"
"1497","TGCACGGAGCACTAGG-1_5_1"
"1498","TGCACGGCAACTGTGT-1_5_1"
"1499","TGCACGGTCTTCACGC-1_5_1"
"1500","TGCAGGCAGGTCCGAA-1_5_1"
"1501","TGCAGTAAGTCAGCCC-1_5_1"
"1502","TGCATCCCAGCTTCCT-1_5_1"
"1503","TGCATGAAGGCTATCT-1_5_1"
"1504","TGCCGAGAGCGGGTAT-1_5_1"
"1505","TGCGACGAGCATCGAG-1_5_1"
"1506","TGCGACGCAACTCGAT-1_5_1"
"1507","TGCGATAAGATTCGAA-1_5_1"
"1508","TGCGATACACAACGCC-1_5_1"
"1509","TGCGATATCTAAGAAG-1_5_1"
"1510","TGCGGCAAGGGACAGG-1_5_1"
"1511","TGCGGGTGTCGCAGTC-1_5_1"
"1512","TGCGGGTTCCACGAAT-1_5_1"
"1513","TGCGGGTTCGCCTCTA-1_5_1"
"1514","TGCTGAAAGGCACAAC-1_5_1"
"1515","TGCTGAACATCCAACA-1_5_1"
"1516","TGCTTCGTCTGCGTCT-1_5_1"
"1517","TGCTTGCAGTTAACAG-1_5_1"
"1518","TGCTTGCCAGACCGCT-1_5_1"
"1519","TGCTTGCCAGTCCGTG-1_5_1"
"1520","TGCTTGCCATCGATAC-1_5_1"
"1521","TGCTTGCGTAACATCC-1_5_1"
"1522","TGGAACTAGCCTCATA-1_5_1"
"1523","TGGAGAGCAACGACTT-1_5_1"
"1524","TGGAGAGTCTCGGCTT-1_5_1"
"1525","TGGAGGAGTACTGTTG-1_5_1"
"1526","TGGATCATCGATCCAA-1_5_1"
"1527","TGGCGTGTCCGAGGCT-1_5_1"
"1528","TGGGAAGCAAGCCCAC-1_5_1"
"1529","TGGGAAGCATCCGGCA-1_5_1"
"1530","TGGGAAGGTCATCACA-1_5_1"
"1531","TGGGAAGGTCTGCGCA-1_5_1"
"1532","TGGGAAGTCAAGGACG-1_5_1"
"1533","TGGGAGATCATGAGTC-1_5_1"
"1534","TGGGATTTCGCTATTT-1_5_1"
"1535","TGGGCGTGTCTTCAAG-1_5_1"
"1536","TGGGTTAAGTTGTACC-1_5_1"
"1537","TGGGTTACACTACAGT-1_5_1"
"1538","TGGGTTAGTCGAACGA-1_5_1"
"1539","TGGTACAAGTCAGCCC-1_5_1"
"1540","TGGTGATGTGCGGATA-1_5_1"
"1541","TGGTGATTCGCTAGCG-1_5_1"
"1542","TGGTTAGAGGAATGTT-1_5_1"
"1543","TGGTTAGGTTCTAAGC-1_5_1"
"1544","TGTAACGAGGAACGCT-1_5_1"
"1545","TGTAACGCAAAGCACG-1_5_1"
"1546","TGTAACGGTCTGCGCA-1_5_1"
"1547","TGTAACGGTGATATAG-1_5_1"
"1548","TGTAAGCCAGCAGTGA-1_5_1"
"1549","TGTAAGCCAGCGGATA-1_5_1"
"1550","TGTACAGGTCAAACGG-1_5_1"
"1551","TGTACAGTCCCAGGCA-1_5_1"
"1552","TGTCAGAAGCGTGTTT-1_5_1"
"1553","TGTCAGAGTATTGCCA-1_5_1"
"1554","TGTCAGAGTCTGATCA-1_5_1"
"1555","TGTCAGAGTGTGTGTT-1_5_1"
"1556","TGTCCACCAGTTGTTG-1_5_1"
"1557","TGTCCACCATAATCGC-1_5_1"
"1558","TGTCCACTCGAAGCCC-1_5_1"
"1559","TGTCCTGCACTCCCTA-1_5_1"
"1560","TGTGATGAGTAGACAT-1_5_1"
"1561","TGTGATGCACACCTTC-1_5_1"
"1562","TGTGATGCAGCTGTTA-1_5_1"
"1563","TGTGATGTCGGCTATA-1_5_1"
"1564","TGTGCGGTCGTTGTAG-1_5_1"
"1565","TGTGGCGGTTAGAGAT-1_5_1"
"1566","TGTGGCGGTTTAAGGA-1_5_1"
"1567","TGTTACTAGACTACCT-1_5_1"
"1568","TGTTACTGTCAAGCCC-1_5_1"
"1569","TGTTACTGTCAGTCGC-1_5_1"
"1570","TGTTCATCATTGCCTC-1_5_1"
"1571","TGTTCCGAGCTGACTT-1_5_1"
"1572","TGTTCTAAGACAAGCC-1_5_1"
"1573","TGTTCTATCGTTCTAT-1_5_1"
"1574","TGTTGAGAGCGACAGT-1_5_1"
"1575","TGTTGAGTCGACCAAT-1_5_1"
"1576","TGTTGGACAGCTTTCC-1_5_1"
"1577","TGTTGGAGTCGTCAGC-1_5_1"
"1578","TGTTTGTAGATTAGTG-1_5_1"
"1579","TGTTTGTAGGCGTTGA-1_5_1"
"1580","TTAATCCCACCTCTGT-1_5_1"
"1581","TTAATCCGTTTGGAGG-1_5_1"
"1582","TTAATCCTCCGATAAC-1_5_1"
"1583","TTACCATCATTCATCT-1_5_1"
"1584","TTACCATTCCGTATAG-1_5_1"
"1585","TTACCGCAGAAGAGCA-1_5_1"
"1586","TTACCGCTCACAACCA-1_5_1"
"1587","TTACCGCTCTCGGGAC-1_5_1"
"1588","TTACGCCCAAGATCCT-1_5_1"
"1589","TTACGTTAGAGCAGTC-1_5_1"
"1590","TTACGTTCAGCATCTA-1_5_1"
"1591","TTACTGTCAACGCCCA-1_5_1"
"1592","TTACTGTCAGTGACCC-1_5_1"
"1593","TTACTGTGTGTGCCTG-1_5_1"
"1594","TTACTGTTCCATTGTT-1_5_1"
"1595","TTAGGGTCAGGCAATG-1_5_1"
"1596","TTAGGGTGTGAAGCGT-1_5_1"
"1597","TTAGTCTAGATCCCGC-1_5_1"
"1598","TTAGTCTAGGTGATCG-1_5_1"
"1599","TTAGTCTGTCACTCGG-1_5_1"
"1600","TTAGTCTGTTGCTCCT-1_5_1"
"1601","TTATTGCAGTCAGCCC-1_5_1"
"1602","TTCAATCAGCAAACAT-1_5_1"
"1603","TTCACCGGTCTCCCTA-1_5_1"
"1604","TTCACCGGTGAAGCTG-1_5_1"
"1605","TTCACCGTCATGGTAC-1_5_1"
"1606","TTCACGCGTTTCGTGA-1_5_1"
"1607","TTCAGGATCTTGGTCC-1_5_1"
"1608","TTCATGTCAGCAGATG-1_5_1"
"1609","TTCATTGAGAAACCAT-1_5_1"
"1610","TTCATTGGTCTTACTT-1_5_1"
"1611","TTCATTGTCATTTGTC-1_5_1"
"1612","TTCATTGTCCACATAG-1_5_1"
"1613","TTCCACGAGACGTCCC-1_5_1"
"1614","TTCCACGCACTGCGTG-1_5_1"
"1615","TTCCACGTCCCGGTAG-1_5_1"
"1616","TTCCACGTCCTACCAC-1_5_1"
"1617","TTCCGGTCAAATGAAC-1_5_1"
"1618","TTCCGGTCAAATTGCC-1_5_1"
"1619","TTCCGGTCATCCCACT-1_5_1"
"1620","TTCCGGTGTCAAAGAT-1_5_1"
"1621","TTCCGGTTCAAGTGTC-1_5_1"
"1622","TTCCGTGAGTTTGTCG-1_5_1"
"1623","TTCCGTGCAATCCTAG-1_5_1"
"1624","TTCCTCTAGCTGGTGA-1_5_1"
"1625","TTCCTCTCAGTTTCAG-1_5_1"
"1626","TTCCTCTTCCATGATG-1_5_1"
"1627","TTCCTTCCACCACTGG-1_5_1"
"1628","TTCCTTCGTGAATAAC-1_5_1"
"1629","TTCGATTGTCTCAAGT-1_5_1"
"1630","TTCGCTGAGCATTTCG-1_5_1"
"1631","TTCGCTGTCTCCAATT-1_5_1"
"1632","TTCGGTCGTATACCTG-1_5_1"
"1633","TTCGGTCTCACACCCT-1_5_1"
"1634","TTCTAACGTGTGTCGC-1_5_1"
"1635","TTCTCTCCATATCTCT-1_5_1"
"1636","TTCTCTCTCTATCACT-1_5_1"
"1637","TTCTGTACAGCGGTCT-1_5_1"
"1638","TTCTTCCCACTGCACG-1_5_1"
"1639","TTCTTCCCAGAAGCGT-1_5_1"
"1640","TTCTTCCGTACACGCC-1_5_1"
"1641","TTCTTGATCTTTGCTA-1_5_1"
"1642","TTGAACGCAACTACGT-1_5_1"
"1643","TTGAACGCAATAACGA-1_5_1"
"1644","TTGAACGGTCCGAAGA-1_5_1"
"1645","TTGAACGTCCCATACC-1_5_1"
"1646","TTGAACGTCTGTCGCT-1_5_1"
"1647","TTGACCCTCAATGTCG-1_5_1"
"1648","TTGAGTGCACCTGTCT-1_5_1"
"1649","TTGAGTGTCGTTCCCA-1_5_1"
"1650","TTGATGGCACCATAAC-1_5_1"
"1651","TTGATGGGTACACTCA-1_5_1"
"1652","TTGCATTCAATCGCAT-1_5_1"
"1653","TTGCCTGGTGGTCAAG-1_5_1"
"1654","TTGCGTCGTTGCATGT-1_5_1"
"1655","TTGCTGCAGCCTTTCC-1_5_1"
"1656","TTGCTGCCAACCGGAA-1_5_1"
"1657","TTGGATGCACGCAAAG-1_5_1"
"1658","TTGGATGCATCCGCGA-1_5_1"
"1659","TTGGATGTCCAGTGTA-1_5_1"
"1660","TTGGATGTCTAGAACC-1_5_1"
"1661","TTGGGATCATGGGTCC-1_5_1"
"1662","TTGGGCGAGAGTTGAT-1_5_1"
"1663","TTGGGCGTCTCTTGCG-1_5_1"
"1664","TTGGGCGTCTTCGCTG-1_5_1"
"1665","TTGGGTAAGTGGAAGA-1_5_1"
"1666","TTGGGTAGTCCACTCT-1_5_1"
"1667","TTGGGTAGTGGATCAG-1_5_1"
"1668","TTGGGTATCATCTGTT-1_5_1"
"1669","TTGGGTATCCTACACC-1_5_1"
"1670","TTGGTTTAGTCGAGGT-1_5_1"
"1671","TTGGTTTCAAGTGCTT-1_5_1"
"1672","TTGTGGACAACCACGC-1_5_1"
"1673","TTGTGGACAGCGCTTG-1_5_1"
"1674","TTGTTCATCGCTAATG-1_5_1"
"1675","TTGTTCATCTCGAGTA-1_5_1"
"1676","TTGTTGTCACTTGAGT-1_5_1"
"1677","TTGTTTGCACGTGTGC-1_5_1"
"1678","TTGTTTGCAGCTGTTA-1_5_1"
"1679","TTTACGTTCTTTGGAG-1_5_1"
"1680","TTTACTGGTTGCATTG-1_5_1"
"1681","TTTACTGTCAAACCCA-1_5_1"
"1682","TTTACTGTCCGAGTGC-1_5_1"
"1683","TTTAGTCAGACTGAGC-1_5_1"
"1684","TTTAGTCTCCACCCTA-1_5_1"
"1685","TTTCACAAGTCTAACC-1_5_1"
"1686","TTTCACAAGTGCGTCC-1_5_1"
"1687","TTTCACACAATTGGTC-1_5_1"
"1688","TTTCACATCAACTGAC-1_5_1"
"1689","TTTCATGAGGCATCAG-1_5_1"
"1690","TTTCCTCGTTAGAAAC-1_5_1"
"1691","TTTCCTCTCCAACCAA-1_5_1"
"1692","TTTCCTCTCGTGAGAG-1_5_1"
"1693","TTTCGATAGAGGCGTT-1_5_1"
"1694","TTTCGATGTAGGACCA-1_5_1"
"1695","TTTCGATGTGTGCTTA-1_5_1"
"1696","TTTGACTAGGTTCACT-1_5_1"
"1697","TTTGATCAGGCTAGCA-1_5_1"
"1698","TTTGATCCAGGTGTGA-1_5_1"
"1699","TTTGATCTCAATGCAC-1_5_1"
"1700","TTTGATCTCACCTTAT-1_5_1"
"1701","TTTGATCTCACTTTGT-1_5_1"
"1702","TTTGGAGCACTGGCCA-1_5_1"
"1703","TTTGGTTAGAACTGAT-1_5_1"
"1704","TTTGGTTGTGCTCTTC-1_5_1"
