"","x"
"1","AAACGAAGTCTCACAA-1_2_1"
"2","AAAGGATTCACACGAT-1_2_1"
"3","AAAGTCCAGCTCGGCT-1_2_1"
"4","AAAGTCCCAAGGGTCA-1_2_1"
"5","AACAAAGAGATCGCCC-1_2_1"
"6","AACAACCCAAATGATG-1_2_1"
"7","AACAAGATCCGCATAA-1_2_1"
"8","AACCCAACAAGAGTTA-1_2_1"
"9","AACCTGAAGTCAACAA-1_2_1"
"10","AACCTGATCGACGCTG-1_2_1"
"11","AACCTTTGTGGATACG-1_2_1"
"12","AACTTCTCAACTCGAT-1_2_1"
"13","AAGAACAGTGAGACGT-1_2_1"
"14","AAGATAGTCAGCTAGT-1_2_1"
"15","AAGCATCAGAAGCGCT-1_2_1"
"16","AAGCCATGTAACTTCG-1_2_1"
"17","AAGCGAGAGGCACAAC-1_2_1"
"18","AAGCGAGCAAAGGTTA-1_2_1"
"19","AAGCGTTAGCCAGTAG-1_2_1"
"20","AAGCGTTCAGCACGAA-1_2_1"
"21","AAGGAATCAGCAGATG-1_2_1"
"22","AAGGTAATCTCCGATC-1_2_1"
"23","AAGTACCAGTCACAGG-1_2_1"
"24","AAGTGAACAAATGATG-1_2_1"
"25","AATGAAGGTTTCTTAC-1_2_1"
"26","AATGACCCAGACTCTA-1_2_1"
"27","AATGACCTCGCCTTGT-1_2_1"
"28","ACAAGCTCATGAAAGT-1_2_1"
"29","ACACAGTTCTCCAAGA-1_2_1"
"30","ACACCAAAGCAACTCT-1_2_1"
"31","ACACTGACACGCCACA-1_2_1"
"32","ACAGAAACAGCTACTA-1_2_1"
"33","ACAGGGAAGCTCCCTT-1_2_1"
"34","ACATCCCCACGACGTC-1_2_1"
"35","ACATTTCTCTACTGAG-1_2_1"
"36","ACCAACAAGGAGGCAG-1_2_1"
"37","ACCATTTCAGACCTAT-1_2_1"
"38","ACCCTTGCATTGTACG-1_2_1"
"39","ACCCTTGGTAAGGCCA-1_2_1"
"40","ACCTACCCATGTCTAG-1_2_1"
"41","ACGATCATCTCGACGG-1_2_1"
"42","ACGATGTAGTCCCTAA-1_2_1"
"43","ACGGGTCAGCGGTATG-1_2_1"
"44","ACGGGTCAGGGACTGT-1_2_1"
"45","ACGGTCGAGGATAATC-1_2_1"
"46","ACGGTCGGTTCGAAGG-1_2_1"
"47","ACGGTCGTCGATAACC-1_2_1"
"48","ACGGTTATCCCTGTTG-1_2_1"
"49","ACGTCCTGTGGAAGTC-1_2_1"
"50","ACTCTCGTCGGTCTGG-1_2_1"
"51","ACTTCGCCACCAGCTG-1_2_1"
"52","ACTTCGCCAGAGTCAG-1_2_1"
"53","ACTTTGTCAATAGGGC-1_2_1"
"54","AGAACAATCTCCGAAA-1_2_1"
"55","AGACAAAAGTGCCAGA-1_2_1"
"56","AGACACTGTTCATCTT-1_2_1"
"57","AGACCATAGGGTGGGA-1_2_1"
"58","AGACCCGTCTAAGCCA-1_2_1"
"59","AGACTCACACGCAAAG-1_2_1"
"60","AGATCGTCAGGTTCCG-1_2_1"
"61","AGATGCTAGGTGGGTT-1_2_1"
"62","AGCCAATAGCAGCAGT-1_2_1"
"63","AGCGCCACAAAGGGCT-1_2_1"
"64","AGCGTCGCATTCGATG-1_2_1"
"65","AGGAAATTCTCCCTAG-1_2_1"
"66","AGGACGAAGCGAGTCA-1_2_1"
"67","AGGCCACCAGATCATC-1_2_1"
"68","AGGGCCTCATCGTGCG-1_2_1"
"69","AGGGTCCCACCTCTGT-1_2_1"
"70","AGGTAGGAGGATCACG-1_2_1"
"71","AGGTAGGGTGAATATG-1_2_1"
"72","AGGTCATAGATGACCG-1_2_1"
"73","AGTAACCGTATCTTCT-1_2_1"
"74","AGTCACAGTGTATTGC-1_2_1"
"75","AGTCATGCAAGATGGC-1_2_1"
"76","AGTCATGGTCTTCAAG-1_2_1"
"77","AGTCATGGTTTCTATC-1_2_1"
"78","AGTCTCCCATCCCGTT-1_2_1"
"79","AGTGATCAGCAGCAGT-1_2_1"
"80","AGTGCCGCAAATAAGC-1_2_1"
"81","AGTGTTGAGAGGTATT-1_2_1"
"82","AGTTCCCGTCAACACT-1_2_1"
"83","ATACCTTGTAGGAGTC-1_2_1"
"84","ATACCTTTCGCCGAGT-1_2_1"
"85","ATACTTCGTTGGGTTT-1_2_1"
"86","ATAGACCAGCAATTAG-1_2_1"
"87","ATAGAGAGTGGAATGC-1_2_1"
"88","ATCACAGAGCTGCCAC-1_2_1"
"89","ATCACAGCAAGACAAT-1_2_1"
"90","ATCACAGTCATTTCCA-1_2_1"
"91","ATCAGGTGTCAAAGTA-1_2_1"
"92","ATCAGGTGTTTGAAAG-1_2_1"
"93","ATCAGGTTCTCCTACG-1_2_1"
"94","ATCATTCCAATCTAGC-1_2_1"
"95","ATCCCTGAGAGGATGA-1_2_1"
"96","ATCCCTGTCTACGGGC-1_2_1"
"97","ATCGTAGCAGGTACGA-1_2_1"
"98","ATCGTAGTCGAACCAT-1_2_1"
"99","ATCGTCCTCATGAGAA-1_2_1"
"100","ATCGTCCTCTTCGTGC-1_2_1"
"101","ATGACCACAGGTTCCG-1_2_1"
"102","ATGATCGGTCCGACGT-1_2_1"
"103","ATGCATGGTTATCTGG-1_2_1"
"104","ATGCCTCAGGCTGGAT-1_2_1"
"105","ATGCCTCCATGAGTAA-1_2_1"
"106","ATGCGATCAGATTTCG-1_2_1"
"107","ATGGAGGCATGAGTAA-1_2_1"
"108","ATGGGTTTCCTTCTTC-1_2_1"
"109","ATGGTTGCAAATGAAC-1_2_1"
"110","ATGTCCCCAGTTTCGA-1_2_1"
"111","ATGTCTTCATGTGCTA-1_2_1"
"112","ATTCAGGAGTAAACAC-1_2_1"
"113","ATTCCATAGCGTATGG-1_2_1"
"114","ATTGTTCAGTGGAAAG-1_2_1"
"115","CAACCAAAGCATGCAG-1_2_1"
"116","CAACCTCAGCGTGAAC-1_2_1"
"117","CAACCTCCAACCACGC-1_2_1"
"118","CAACCTCCATGACCCG-1_2_1"
"119","CAACCTCGTCATTGCA-1_2_1"
"120","CAACGATAGCTGACCC-1_2_1"
"121","CAAGACTTCGACCAAT-1_2_1"
"122","CAAGAGGGTGGCTTAT-1_2_1"
"123","CAAGAGGGTGTCCAAT-1_2_1"
"124","CAAGCTAGTTCTCCCA-1_2_1"
"125","CAAGGGACACTCAGAT-1_2_1"
"126","CAATACGTCGCAGTCG-1_2_1"
"127","CACACAATCGTTCCCA-1_2_1"
"128","CACAGGCAGAGAGCGG-1_2_1"
"129","CACAGGCGTAACATGA-1_2_1"
"130","CACGAATAGAGAGCCT-1_2_1"
"131","CACGAATGTCCACAGC-1_2_1"
"132","CACGAATGTCCTCATC-1_2_1"
"133","CACGTGGAGCGTCTGC-1_2_1"
"134","CACGTGGAGGATGTTA-1_2_1"
"135","CACGTGGGTACTCAAC-1_2_1"
"136","CACTAAGCAGGCATTT-1_2_1"
"137","CACTGTCTCCGCACGA-1_2_1"
"138","CACTTCGGTAAGGCCA-1_2_1"
"139","CAGATCACAGAGATGC-1_2_1"
"140","CAGCAATGTTATCCAG-1_2_1"
"141","CAGCACGTCAATCTTC-1_2_1"
"142","CAGCCAGAGCAACAGC-1_2_1"
"143","CAGGTATGTTTCCATT-1_2_1"
"144","CAGTGCGAGTCGGGAT-1_2_1"
"145","CAGTTCCGTATCATGC-1_2_1"
"146","CATCAAGAGGGAGATA-1_2_1"
"147","CATCAAGCACGTGAGA-1_2_1"
"148","CATCGTCTCCACAAGT-1_2_1"
"149","CATGAGTCAACACTAC-1_2_1"
"150","CATGCGGAGTAGTCTC-1_2_1"
"151","CATGCGGGTAGATGTA-1_2_1"
"152","CATGCTCAGGTGGCTA-1_2_1"
"153","CATGGATCAGGTGAGT-1_2_1"
"154","CATGGTATCGTGGCTG-1_2_1"
"155","CCAAGCGCAAGAGTGC-1_2_1"
"156","CCAATGAAGGGACCAT-1_2_1"
"157","CCAATTTAGCACTCGC-1_2_1"
"158","CCACAAAGTCCTGTTC-1_2_1"
"159","CCACACTTCCTACGGG-1_2_1"
"160","CCACGAGCAAGTTGGG-1_2_1"
"161","CCCAACTTCGCAGATT-1_2_1"
"162","CCCGAAGGTAACAAGT-1_2_1"
"163","CCCGGAACAGTAGTGG-1_2_1"
"164","CCCTAACTCGAGTGGA-1_2_1"
"165","CCCTCTCGTTCCGGTG-1_2_1"
"166","CCGATCTAGGTGCTGA-1_2_1"
"167","CCGGACAAGTCACTAC-1_2_1"
"168","CCGGACAGTCAGCTTA-1_2_1"
"169","CCGTAGGGTAACTTCG-1_2_1"
"170","CCGTGAGGTCGACTTA-1_2_1"
"171","CCTAACCGTGTGTGGA-1_2_1"
"172","CCTAAGATCCTGGTCT-1_2_1"
"173","CCTCACAGTCCACTCT-1_2_1"
"174","CCTCCTCCAACTTCTT-1_2_1"
"175","CCTGCATAGGATACGC-1_2_1"
"176","CCTGCATCAGCAAGAC-1_2_1"
"177","CGAAGGAGTCCGAAGA-1_2_1"
"178","CGAGTTAAGCCATGCC-1_2_1"
"179","CGAGTTATCTGCGTCT-1_2_1"
"180","CGCCAGAGTTGTGCAT-1_2_1"
"181","CGCCATTTCTTACCAT-1_2_1"
"182","CGGCAGTAGCCTGAAG-1_2_1"
"183","CGGGACTTCCATCTCG-1_2_1"
"184","CGGGTGTGTGTAGGAC-1_2_1"
"185","CGGTCAGTCACTCGAA-1_2_1"
"186","CGTAAGTAGTCACGAG-1_2_1"
"187","CGTAAGTGTCCCTGTT-1_2_1"
"188","CGTCAAAAGAGCATCG-1_2_1"
"189","CTACAGAGTTAGGCCC-1_2_1"
"190","CTACATTGTTCTGAGT-1_2_1"
"191","CTACGGGAGAAAGCGA-1_2_1"
"192","CTACGGGAGAAAGTCT-1_2_1"
"193","CTACTATAGCAATTAG-1_2_1"
"194","CTATAGGCAGTCAGCC-1_2_1"
"195","CTATCTAAGATGAATC-1_2_1"
"196","CTATCTATCGTAATGC-1_2_1"
"197","CTCAACCGTAGTTAGA-1_2_1"
"198","CTCAGGGGTCTACGTA-1_2_1"
"199","CTCATTATCTAGCAAC-1_2_1"
"200","CTCCCAACAACCGCCA-1_2_1"
"201","CTCCCAAGTCATAGTC-1_2_1"
"202","CTCCGATCATAATGCC-1_2_1"
"203","CTCCGATGTTTGTTGG-1_2_1"
"204","CTCTCGAAGGCCATAG-1_2_1"
"205","CTGAGCGCACGACAAG-1_2_1"
"206","CTGAGCGTCTCGGGAC-1_2_1"
"207","CTGCAGGAGCATACTC-1_2_1"
"208","CTGCAGGAGCGCCATC-1_2_1"
"209","CTGCCATCATCTCGTC-1_2_1"
"210","CTGCGAGTCTCCAAGA-1_2_1"
"211","CTGCTCACATCCCACT-1_2_1"
"212","CTGCTCAGTTTGAAAG-1_2_1"
"213","CTGCTCATCAGTCTTT-1_2_1"
"214","CTGGCAGGTCCCGCAA-1_2_1"
"215","CTGGCAGGTTCCAGGC-1_2_1"
"216","CTGTATTGTAAGGTCG-1_2_1"
"217","CTTCAATCAAATGAGT-1_2_1"
"218","CTTCAATGTATCAAGA-1_2_1"
"219","CTTCGGTGTTCCTTGC-1_2_1"
"220","CTTCTAACATACCGTA-1_2_1"
"221","CTTTCGGCACAATGTC-1_2_1"
"222","GAAACCTTCTCCCAAC-1_2_1"
"223","GAAGCGAAGGATATAC-1_2_1"
"224","GAAGGGTAGACACACG-1_2_1"
"225","GAAGTAACATGATGCT-1_2_1"
"226","GAATCGTTCGTGTCAA-1_2_1"
"227","GACAGCCTCCCTATTA-1_2_1"
"228","GACCAATTCCTAGCCT-1_2_1"
"229","GACCCAGGTTGAGTCT-1_2_1"
"230","GACCCTTTCACAAGGG-1_2_1"
"231","GACGCTGGTAGGTAGC-1_2_1"
"232","GACGCTGGTTTACACG-1_2_1"
"233","GACTCTCCACTCTAGA-1_2_1"
"234","GACTGATTCCTATGGA-1_2_1"
"235","GAGAAATAGGTATAGT-1_2_1"
"236","GAGACTTCAATCGCGC-1_2_1"
"237","GAGCTGCCATAACTCG-1_2_1"
"238","GAGGGTAAGCCTGACC-1_2_1"
"239","GAGGGTAGTCTGCCTT-1_2_1"
"240","GAGTCATGTTGATGTC-1_2_1"
"241","GAGTCTAGTTATTCTC-1_2_1"
"242","GAGTGAGCATCCGTGG-1_2_1"
"243","GAGTTACAGAAACCAT-1_2_1"
"244","GAGTTACAGAGCAGCT-1_2_1"
"245","GATGATCAGGACGGAG-1_2_1"
"246","GATGATCGTCAGGTGA-1_2_1"
"247","GATGCTATCAACTGGT-1_2_1"
"248","GCAACCGAGTTGTACC-1_2_1"
"249","GCACGTGCAGGCGTTC-1_2_1"
"250","GCACGTGGTACTGGGA-1_2_1"
"251","GCAGCCACAATCCTTT-1_2_1"
"252","GCAGCTGTCGCGTGAC-1_2_1"
"253","GCAGTTACAGCTGGTC-1_2_1"
"254","GCCATGGAGAGAATCT-1_2_1"
"255","GCCATTCAGATAGCAT-1_2_1"
"256","GCCATTCTCTACTCAT-1_2_1"
"257","GCCTGTTAGGGCCAAT-1_2_1"
"258","GCGATCGAGTCTTCGA-1_2_1"
"259","GCGATCGCACGAGGAT-1_2_1"
"260","GCGGATCAGAGTATAC-1_2_1"
"261","GCGTGCATCCACCTCA-1_2_1"
"262","GCTACCTTCTACCCAC-1_2_1"
"263","GGAACCCCATAGGCGA-1_2_1"
"264","GGAATCTCAACAGATA-1_2_1"
"265","GGAATGGTCATTGAGC-1_2_1"
"266","GGACGTCAGTCTAGAA-1_2_1"
"267","GGACGTCCATAGTCGT-1_2_1"
"268","GGATCTAAGAATAACC-1_2_1"
"269","GGATGTTGTTGTGGAG-1_2_1"
"270","GGATGTTTCGTTCCTG-1_2_1"
"271","GGCAGTCCAGTAGTTC-1_2_1"
"272","GGCAGTCTCACTTATC-1_2_1"
"273","GGCTGTGGTCGTCTCT-1_2_1"
"274","GGGACTCAGTGGTTAA-1_2_1"
"275","GGGAGATTCTGGACCG-1_2_1"
"276","GGGCCATTCATTGAGC-1_2_1"
"277","GGGTAGATCACCGCTT-1_2_1"
"278","GGGTATTCAACACAGG-1_2_1"
"279","GGTCACGCACAGTGTT-1_2_1"
"280","GGTCACGGTCGTTTCC-1_2_1"
"281","GGTCACGTCACCCTTG-1_2_1"
"282","GGTCTGGCACATGGTT-1_2_1"
"283","GGTGAAGCACTACTTT-1_2_1"
"284","GGTGAAGGTTCAATCG-1_2_1"
"285","GGTGAAGGTTCGAGCC-1_2_1"
"286","GGTGGCTGTCAATGGG-1_2_1"
"287","GGTGGCTTCAGCGCGT-1_2_1"
"288","GGTGTCGCAAATGAAC-1_2_1"
"289","GGTGTCGTCTTCCAGC-1_2_1"
"290","GTACAGTCAATGGGTG-1_2_1"
"291","GTAGGTTAGCACTCAT-1_2_1"
"292","GTCAAACGTACCATAC-1_2_1"
"293","GTCAAGTAGTTCATCG-1_2_1"
"294","GTCACTCTCCTGGCTT-1_2_1"
"295","GTCATGACATAGACTC-1_2_1"
"296","GTCATTTGTCCAGTTA-1_2_1"
"297","GTCCACTGTTTAGAGA-1_2_1"
"298","GTCCTCACAAGTGGAC-1_2_1"
"299","GTCCTCATCGCGTCGA-1_2_1"
"300","GTCGCGAGTTCCTACC-1_2_1"
"301","GTCGCGATCATTCCTA-1_2_1"
"302","GTCGTAACACGGATCC-1_2_1"
"303","GTCTACCGTTGCTGAT-1_2_1"
"304","GTCTCACGTATTTCCT-1_2_1"
"305","GTGAGGAGTATGAGGC-1_2_1"
"306","GTGAGTTCAGACCGCT-1_2_1"
"307","GTGATGTGTACCGCGT-1_2_1"
"308","GTGATGTGTGCGGATA-1_2_1"
"309","GTGCACGAGTTGCATC-1_2_1"
"310","GTGCTGGGTCCCTCAT-1_2_1"
"311","GTGGAAGGTCGTCAGC-1_2_1"
"312","GTGGCGTTCTTGCAAG-1_2_1"
"313","GTGGGAACAATTGAAG-1_2_1"
"314","GTGTTAGCAGCGCTTG-1_2_1"
"315","GTGTTAGGTGTGTCGC-1_2_1"
"316","GTTACGAGTCTCAGAT-1_2_1"
"317","GTTAGACGTTGGGCCT-1_2_1"
"318","GTTATGGAGCTAATGA-1_2_1"
"319","GTTATGGCAGGGACTA-1_2_1"
"320","GTTCGCTTCTTCACAT-1_2_1"
"321","GTTGCGGCACGCCACA-1_2_1"
"322","GTTGCTCCAATGAAAC-1_2_1"
"323","GTTGCTCTCCATCACC-1_2_1"
"324","GTTGTGAAGCGACCCT-1_2_1"
"325","GTTTACTTCGGCTGGT-1_2_1"
"326","TAACTTCGTCACTGAT-1_2_1"
"327","TAACTTCTCCAATGCA-1_2_1"
"328","TAAGCACTCTTCCACG-1_2_1"
"329","TAAGCGTCATAGAAAC-1_2_1"
"330","TAATTCCGTAAGAACT-1_2_1"
"331","TAATTCCGTATGAAAC-1_2_1"
"332","TACCCGTTCCAACTAG-1_2_1"
"333","TACCTGCCATAACTCG-1_2_1"
"334","TACGCTCGTGCGACAA-1_2_1"
"335","TACGGGCGTGTCCATA-1_2_1"
"336","TACGGTAAGTGACCTT-1_2_1"
"337","TACTGCCGTACGAGTG-1_2_1"
"338","TACTTACAGTACAGAT-1_2_1"
"339","TAGACCAAGAGTCACG-1_2_1"
"340","TAGGTACAGTCACACT-1_2_1"
"341","TATCAGGAGGCACTCC-1_2_1"
"342","TATCAGGGTGCGTTTA-1_2_1"
"343","TATCCTATCAAGAGGC-1_2_1"
"344","TATCTGTAGTTCATGC-1_2_1"
"345","TATCTTGGTCAGACGA-1_2_1"
"346","TATTGCTCAACGACAG-1_2_1"
"347","TATTGCTCACACGGTC-1_2_1"
"348","TATTGGGTCTCATAGG-1_2_1"
"349","TCAAGACAGATAACAC-1_2_1"
"350","TCAAGCATCGGAGTGA-1_2_1"
"351","TCAATCTGTCTCTCTG-1_2_1"
"352","TCACATTCATGGCCCA-1_2_1"
"353","TCACGCTGTCGCAACC-1_2_1"
"354","TCACTCGTCAGCTCTC-1_2_1"
"355","TCAGCCTCAGAGGGTT-1_2_1"
"356","TCATACTCAATGTCAC-1_2_1"
"357","TCATACTTCAATCTCT-1_2_1"
"358","TCATATCCAGGAATCG-1_2_1"
"359","TCATGGATCTAGCCAA-1_2_1"
"360","TCATGTTAGCCTCTGG-1_2_1"
"361","TCATGTTAGTAAACAC-1_2_1"
"362","TCATGTTAGTCGTCTA-1_2_1"
"363","TCATTCACAAGCTGCC-1_2_1"
"364","TCATTGTTCGCAGTCG-1_2_1"
"365","TCATTTGCATTCATCT-1_2_1"
"366","TCCACCAAGCACTTTG-1_2_1"
"367","TCCACGTCACGAGGAT-1_2_1"
"368","TCCAGAAAGGTGGCTA-1_2_1"
"369","TCCAGAAGTGAAAGTT-1_2_1"
"370","TCCATCGGTACCCGAC-1_2_1"
"371","TCCCACACATTGCCGG-1_2_1"
"372","TCCCACAGTCGTAATC-1_2_1"
"373","TCCGATCTCCACGTCT-1_2_1"
"374","TCCTAATAGAGTGACC-1_2_1"
"375","TCCTTCTCAGTATTCG-1_2_1"
"376","TCCTTCTGTCACGACC-1_2_1"
"377","TCCTTTCAGCTAGATA-1_2_1"
"378","TCGACCTTCCACGTAA-1_2_1"
"379","TCGACGGTCTCTCGCA-1_2_1"
"380","TCGCTCAAGCCATTTG-1_2_1"
"381","TCGCTCACAACCCTCT-1_2_1"
"382","TCGGGACAGAATTGCA-1_2_1"
"383","TCGGGACAGCTCCCTT-1_2_1"
"384","TCGGGACTCATCTGTT-1_2_1"
"385","TCGTCCAAGGCCTAAG-1_2_1"
"386","TCGTGCTGTGTAGCAG-1_2_1"
"387","TCTAACTGTGCCCTTT-1_2_1"
"388","TCTATCAAGCCATCCG-1_2_1"
"389","TCTCAGCAGCATTGTC-1_2_1"
"390","TCTGGCTTCAAGCTTG-1_2_1"
"391","TCTTCCTCACGAGAAC-1_2_1"
"392","TCTTGCGGTAACACGG-1_2_1"
"393","TCTTTGACACCGGAAA-1_2_1"
"394","TGAGACTGTGCATCTA-1_2_1"
"395","TGAGCATAGCGTACAG-1_2_1"
"396","TGAGCATGTGTTCGTA-1_2_1"
"397","TGAGTCAGTGATATAG-1_2_1"
"398","TGATCTTTCATAGACC-1_2_1"
"399","TGATGCAAGGAGGCAG-1_2_1"
"400","TGATGCATCGAACGGA-1_2_1"
"401","TGATGGTAGTAGCAAT-1_2_1"
"402","TGCAGGCCATCCGGCA-1_2_1"
"403","TGCGATAGTACCTATG-1_2_1"
"404","TGCTCCACAAATCAAG-1_2_1"
"405","TGCTCCATCGCCAATA-1_2_1"
"406","TGGAACTAGGTCACCC-1_2_1"
"407","TGGAGGACAAGAGTTA-1_2_1"
"408","TGGCGTGGTCTCAGGC-1_2_1"
"409","TGGGAAGCAGAAACCG-1_2_1"
"410","TGGGAGAGTCGGAAAC-1_2_1"
"411","TGGGCGTTCAAGCCTA-1_2_1"
"412","TGGGCGTTCCTCTCGA-1_2_1"
"413","TGGTAGTAGGTCCCGT-1_2_1"
"414","TGGTGATTCTCATTTG-1_2_1"
"415","TGGTTAGCAGTGGCTC-1_2_1"
"416","TGTAGACCATCAGCAT-1_2_1"
"417","TGTCAGAGTCAGGTAG-1_2_1"
"418","TGTCCCAGTGTATTCG-1_2_1"
"419","TGTGAGTTCTATTTCG-1_2_1"
"420","TGTGCGGAGATCGACG-1_2_1"
"421","TGTGCGGTCTTTACAC-1_2_1"
"422","TGTGTGAAGTATCTGC-1_2_1"
"423","TGTTCCGGTTTGCAGT-1_2_1"
"424","TGTTCTAAGTCGTTAC-1_2_1"
"425","TGTTGAGTCTATTTCG-1_2_1"
"426","TTAATCCTCGAGAAGC-1_2_1"
"427","TTACCATTCTAATTCC-1_2_1"
"428","TTACGCCTCCGAGTGC-1_2_1"
"429","TTCACGCCAGATCCAT-1_2_1"
"430","TTCACGCCAGCTGGTC-1_2_1"
"431","TTCAGGAGTGACAGGT-1_2_1"
"432","TTCATGTAGACATAGT-1_2_1"
"433","TTCCAATCACCAGCGT-1_2_1"
"434","TTCCAATCACCCTATC-1_2_1"
"435","TTCCGGTAGTCAGGGT-1_2_1"
"436","TTCCTCTTCATCGACA-1_2_1"
"437","TTCTAACCATTGTAGC-1_2_1"
"438","TTCTCTCCAATTCGTG-1_2_1"
"439","TTCTTCCAGGACTGGT-1_2_1"
"440","TTCTTGAAGCACTCGC-1_2_1"
"441","TTCTTGATCATAGCAC-1_2_1"
"442","TTGAACGAGGTGATCG-1_2_1"
"443","TTGATGGGTGTTATCG-1_2_1"
"444","TTGCATTCACTGAGTT-1_2_1"
"445","TTGGATGGTGCCTAAT-1_2_1"
"446","TTGGATGTCGGCCCAA-1_2_1"
"447","TTGGGCGTCAGTAGGG-1_2_1"
"448","TTGGTTTGTCCACTCT-1_2_1"
"449","TTGTGTTCAGAACATA-1_2_1"
"450","TTGTTCACACACACTA-1_2_1"
"451","TTGTTCACACCCAATA-1_2_1"
"452","TTGTTTGGTTCGTACA-1_2_1"
"453","TTTACGTCACCCAATA-1_2_1"
"454","TTTACGTCAGTCTTCC-1_2_1"
"455","TTTACTGAGGACCCAA-1_2_1"
"456","TTTACTGAGTTGGAGC-1_2_1"
"457","TTTACTGGTTGGGTTT-1_2_1"
"458","TTTATGCCAGCTATTG-1_2_1"
"459","TTTCATGAGAAATTCG-1_2_1"
"460","TTTGACTGTGGCGCTT-1_2_1"
"461","TTTGATCAGGTAAGTT-1_2_1"
