"","x"
"1","AAACGAAGTAACAGTA-1_1_1"
"2","AAACGCTGTGGATCAG-1_1_1"
"3","AAAGAACGTATATGGA-1_1_1"
"4","AAAGAACTCCATCTGC-1_1_1"
"5","AAAGGGCCATGCACTA-1_1_1"
"6","AAAGGTAAGGTTATAG-1_1_1"
"7","AAAGGTACAGCAAGAC-1_1_1"
"8","AAAGGTAGTTTAGTCG-1_1_1"
"9","AAAGTCCCACCAGCTG-1_1_1"
"10","AAAGTCCCAGTCTTCC-1_1_1"
"11","AAAGTCCCATAGGCGA-1_1_1"
"12","AAAGTCCGTATTGAGA-1_1_1"
"13","AAAGTGAAGACCTCAT-1_1_1"
"14","AACAAAGGTTTACGTG-1_1_1"
"15","AACAAAGTCGGAATTC-1_1_1"
"16","AACAACCGTCTCTCCA-1_1_1"
"17","AACAACCGTTGCGAAG-1_1_1"
"18","AACAAGACAGTTCTAG-1_1_1"
"19","AACAAGAGTAGTGATA-1_1_1"
"20","AACACACCAGCATACT-1_1_1"
"21","AACAGGGCAAGGCCTC-1_1_1"
"22","AACAGGGGTCGTAATC-1_1_1"
"23","AACCAACAGATGCTAA-1_1_1"
"24","AACCAACGTCGGTGTC-1_1_1"
"25","AACCCAAAGAAATCCA-1_1_1"
"26","AACCCAATCCCAGCGA-1_1_1"
"27","AACCTGAAGATACAGT-1_1_1"
"28","AACCTGAAGCGAATGC-1_1_1"
"29","AACCTGACAGGTGGAT-1_1_1"
"30","AACGAAACACCCATAA-1_1_1"
"31","AACGAAAGTTCAACGT-1_1_1"
"32","AACGAAATCGGCTGAC-1_1_1"
"33","AACGAAATCTGGTGCG-1_1_1"
"34","AACGTCACACGAGGAT-1_1_1"
"35","AAGAACAGTGCATACT-1_1_1"
"36","AAGACTCAGCTGGCCT-1_1_1"
"37","AAGCATCTCGAGTGAG-1_1_1"
"38","AAGCATCTCTGGCTGG-1_1_1"
"39","AAGCGTTAGCACTAGG-1_1_1"
"40","AAGCGTTAGGTACATA-1_1_1"
"41","AAGCGTTCAGGGTTGA-1_1_1"
"42","AAGGAATTCTGCTCTG-1_1_1"
"43","AAGTACCGTACTTCCC-1_1_1"
"44","AAGTACCTCAAGTAAG-1_1_1"
"45","AAGTCGTAGTGGTCAG-1_1_1"
"46","AAGTGAACACTACCGG-1_1_1"
"47","AAGTGAATCTGTCAGA-1_1_1"
"48","AAGTTCGCACGATAGG-1_1_1"
"49","AATAGAGAGTAATCCC-1_1_1"
"50","AATCACGGTTCTCCTG-1_1_1"
"51","AATGAAGCAACCTATG-1_1_1"
"52","AATGAAGCACTATCGA-1_1_1"
"53","AATTCCTAGCATTGTC-1_1_1"
"54","AATTTCCGTACAGTCT-1_1_1"
"55","AATTTCCGTTATCCAG-1_1_1"
"56","ACAAAGATCGTACACA-1_1_1"
"57","ACAACCAAGGCGATAC-1_1_1"
"58","ACAAGCTCAATCAGCT-1_1_1"
"59","ACACAGTAGTTGTCGT-1_1_1"
"60","ACACCAACACGCCAGT-1_1_1"
"61","ACACCAACAGAGGCAT-1_1_1"
"62","ACACCAACATGGCCAC-1_1_1"
"63","ACACTGAGTAAGATCA-1_1_1"
"64","ACAGAAACAGACTGCC-1_1_1"
"65","ACAGGGAGTGTAGGAC-1_1_1"
"66","ACAGGGATCCATATGG-1_1_1"
"67","ACATCCCGTAGACAAT-1_1_1"
"68","ACATCCCGTTAAAGTG-1_1_1"
"69","ACCAAACAGCTAGTTC-1_1_1"
"70","ACCAACAGTGTTTACG-1_1_1"
"71","ACCACAAGTCTCTCTG-1_1_1"
"72","ACCCAAACATGGCCCA-1_1_1"
"73","ACCCTTGCACTCAAGT-1_1_1"
"74","ACCCTTGGTCTGTGTA-1_1_1"
"75","ACCGTTCAGACAGTCG-1_1_1"
"76","ACCGTTCTCAGCAGAG-1_1_1"
"77","ACCTACCAGTGAGGTC-1_1_1"
"78","ACCTGTCAGGATTCCT-1_1_1"
"79","ACCTGTCGTCACTGAT-1_1_1"
"80","ACCTGTCGTTTAGAGA-1_1_1"
"81","ACGATCAGTCGATTAC-1_1_1"
"82","ACGATGTAGGATGCGT-1_1_1"
"83","ACGATGTTCCTCAGGG-1_1_1"
"84","ACGCACGAGAGGCGTT-1_1_1"
"85","ACGCACGCAGCGGTTC-1_1_1"
"86","ACGGAAGAGCCAGACA-1_1_1"
"87","ACGGTCGGTGGGTTGA-1_1_1"
"88","ACGGTCGGTTCCCACT-1_1_1"
"89","ACGGTTATCGTGGACC-1_1_1"
"90","ACGGTTATCTTTGGAG-1_1_1"
"91","ACGTACAAGCCTCAGC-1_1_1"
"92","ACGTACAAGGCATGCA-1_1_1"
"93","ACGTACAGTTGCATCA-1_1_1"
"94","ACGTACATCACCGCTT-1_1_1"
"95","ACGTAGTCAATCGCGC-1_1_1"
"96","ACGTAGTGTCCGGTCA-1_1_1"
"97","ACGTCCTCAAGGTCGA-1_1_1"
"98","ACGTTCCAGGGTGGGA-1_1_1"
"99","ACTATCTAGGCAGGTT-1_1_1"
"100","ACTATCTCAGTCACGC-1_1_1"
"101","ACTATCTCATCGATGT-1_1_1"
"102","ACTATGGGTGGCGCTT-1_1_1"
"103","ACTATTCCAATCGCAT-1_1_1"
"104","ACTATTCCAGCTTCCT-1_1_1"
"105","ACTCCCAAGTGTAGAT-1_1_1"
"106","ACTCCCATCTATCGCC-1_1_1"
"107","ACTGATGAGTCGCCCA-1_1_1"
"108","ACTGCAAAGAGCATTA-1_1_1"
"109","ACTGTGAAGGCACAAC-1_1_1"
"110","ACTGTGACAAGACCTT-1_1_1"
"111","ACTGTGAGTGACTGTT-1_1_1"
"112","ACTGTGAGTGCGTCGT-1_1_1"
"113","ACTTATCAGGACACTG-1_1_1"
"114","ACTTCCGGTGGGACAT-1_1_1"
"115","ACTTCGCTCAGACTGT-1_1_1"
"116","ACTTCGCTCGTACACA-1_1_1"
"117","ACTTTGTAGATTCGCT-1_1_1"
"118","ACTTTGTGTTCTCTCG-1_1_1"
"119","AGAACAAAGTCAGCCC-1_1_1"
"120","AGAACAAGTGATATAG-1_1_1"
"121","AGAACCTAGAGAGAAC-1_1_1"
"122","AGAACCTAGCATAGGC-1_1_1"
"123","AGAAGCGTCTTGATTC-1_1_1"
"124","AGAAGTAGTAATTGGA-1_1_1"
"125","AGAAGTATCTCGGTCT-1_1_1"
"126","AGACAAATCGAGTACT-1_1_1"
"127","AGACAGGAGAGTTGAT-1_1_1"
"128","AGACAGGAGGACTTCT-1_1_1"
"129","AGACAGGGTACACGTT-1_1_1"
"130","AGACAGGTCATACGGT-1_1_1"
"131","AGACCCGAGAGAACCC-1_1_1"
"132","AGACCCGCACACGGTC-1_1_1"
"133","AGACCCGTCGTCACCT-1_1_1"
"134","AGACCCGTCTGGCCAG-1_1_1"
"135","AGACTCAGTCGCACAC-1_1_1"
"136","AGACTCAGTGTACGCC-1_1_1"
"137","AGAGAATAGATAACAC-1_1_1"
"138","AGAGAATCAACACAGG-1_1_1"
"139","AGAGAGCCATGTCGTA-1_1_1"
"140","AGATCCAGTCCACACG-1_1_1"
"141","AGATGAACAGAGGTAC-1_1_1"
"142","AGATGCTTCATGCATG-1_1_1"
"143","AGCCAGCTCCACTGGG-1_1_1"
"144","AGCGCTGAGTCTACCA-1_1_1"
"145","AGCGCTGCACGTCATA-1_1_1"
"146","AGCGTCGAGAGGATCC-1_1_1"
"147","AGCGTCGCACGCAGTC-1_1_1"
"148","AGCGTCGGTGCATCTA-1_1_1"
"149","AGCTACATCAGGGATG-1_1_1"
"150","AGCTCAAAGCTTGTTG-1_1_1"
"151","AGCTCAAGTCCTGAAT-1_1_1"
"152","AGCTCAAGTCTGCGCA-1_1_1"
"153","AGCTCAATCACGTAGT-1_1_1"
"154","AGGAAATAGGCTTTCA-1_1_1"
"155","AGGAAATAGGTACCTT-1_1_1"
"156","AGGAAATCAAAGACTA-1_1_1"
"157","AGGAAATCATCCGCGA-1_1_1"
"158","AGGAATAAGTTCATGC-1_1_1"
"159","AGGACGAAGATAGTGT-1_1_1"
"160","AGGACGAAGCATTTCG-1_1_1"
"161","AGGACGACACAAGTTC-1_1_1"
"162","AGGACGAGTAGCTTTG-1_1_1"
"163","AGGACTTCAGTTGAAA-1_1_1"
"164","AGGAGGTGTGTTGACT-1_1_1"
"165","AGGAGGTTCTTAGGAC-1_1_1"
"166","AGGCATTGTACGATCT-1_1_1"
"167","AGGCCACAGCCGATTT-1_1_1"
"168","AGGCCACTCTCACTCG-1_1_1"
"169","AGGCTGCAGGGATCAC-1_1_1"
"170","AGGCTGCTCAAGCTGT-1_1_1"
"171","AGGCTGCTCTGGGCCA-1_1_1"
"172","AGGGAGTGTCCTTGTC-1_1_1"
"173","AGGGCCTCAGCGTGCT-1_1_1"
"174","AGGGCCTCAGTTGCGC-1_1_1"
"175","AGGGCTCCAGCATTGT-1_1_1"
"176","AGGGTCCTCTAGCCTC-1_1_1"
"177","AGGGTGACACTTCTCG-1_1_1"
"178","AGGGTTTCATGTTACG-1_1_1"
"179","AGGTAGGAGAGAGCAA-1_1_1"
"180","AGGTCATAGTCATCCA-1_1_1"
"181","AGGTCATGTAATCAGA-1_1_1"
"182","AGGTCATGTTCCGCTT-1_1_1"
"183","AGGTCATGTTCTCCAC-1_1_1"
"184","AGGTCTAGTCCATCTC-1_1_1"
"185","AGGTCTAGTTCTTCAT-1_1_1"
"186","AGGTCTATCTAACGGT-1_1_1"
"187","AGGTGTTTCAGGAACG-1_1_1"
"188","AGGTGTTTCGATGCAT-1_1_1"
"189","AGGTTACGTGGTATGG-1_1_1"
"190","AGGTTGTTCCTGATAG-1_1_1"
"191","AGTAACCAGACTACGG-1_1_1"
"192","AGTAACCGTTAAGGGC-1_1_1"
"193","AGTAGCTGTTGATGTC-1_1_1"
"194","AGTCAACGTAGCGTTT-1_1_1"
"195","AGTCACAGTGGTCAAG-1_1_1"
"196","AGTCATGAGAAATCCA-1_1_1"
"197","AGTCATGAGAAATTCG-1_1_1"
"198","AGTCTCCGTGGTCTTA-1_1_1"
"199","AGTGACTAGTAGGATT-1_1_1"
"200","AGTGATCCAAGCCCAC-1_1_1"
"201","AGTGATCTCATGCCGG-1_1_1"
"202","AGTGCCGCATCGGAAG-1_1_1"
"203","AGTGTTGTCCTTGACC-1_1_1"
"204","AGTTAGCAGTCATCGT-1_1_1"
"205","AGTTAGCCAGTCGGAA-1_1_1"
"206","AGTTCCCGTGGCTAGA-1_1_1"
"207","AGTTCCCTCGTTACCC-1_1_1"
"208","ATACCGAGTCTTCATT-1_1_1"
"209","ATACTTCCAATTGGTC-1_1_1"
"210","ATAGACCGTGGAATGC-1_1_1"
"211","ATAGAGAAGTTGTACC-1_1_1"
"212","ATAGGCTAGAAGCTCG-1_1_1"
"213","ATCACAGCACCCAATA-1_1_1"
"214","ATCACTTTCACTACGA-1_1_1"
"215","ATCAGGTAGACATACA-1_1_1"
"216","ATCATTCGTGAATAAC-1_1_1"
"217","ATCCACCGTTGGTGTT-1_1_1"
"218","ATCCCTGCACAGCCTG-1_1_1"
"219","ATCCCTGTCGTAACCA-1_1_1"
"220","ATCCGTCAGCTGACTT-1_1_1"
"221","ATCCGTCAGTCATTGC-1_1_1"
"222","ATCCTATGTAGGCTGA-1_1_1"
"223","ATCGGCGCATAGGAGC-1_1_1"
"224","ATCGGCGGTCCACTCT-1_1_1"
"225","ATCGTAGAGACTCGAG-1_1_1"
"226","ATCGTAGAGCACTTTG-1_1_1"
"227","ATCGTAGTCGACGCGT-1_1_1"
"228","ATCGTAGTCGTCCTCA-1_1_1"
"229","ATCGTCCTCTGACAGT-1_1_1"
"230","ATCGTGATCACAGTGT-1_1_1"
"231","ATGAGGGAGATGGGCT-1_1_1"
"232","ATGATCGCAGCGATTT-1_1_1"
"233","ATGATCGCAGCTGAAG-1_1_1"
"234","ATGATCGCATTGTAGC-1_1_1"
"235","ATGATCGTCCATGCAA-1_1_1"
"236","ATGCATGCATTCCTCG-1_1_1"
"237","ATGCCTCCATACATCG-1_1_1"
"238","ATGCCTCCATGATCTG-1_1_1"
"239","ATGCGATTCGAGAATA-1_1_1"
"240","ATGGGAGAGGCATGCA-1_1_1"
"241","ATGGTTGGTTGGTGTT-1_1_1"
"242","ATGGTTGTCGTTCGCT-1_1_1"
"243","ATGTCCCAGATGATTG-1_1_1"
"244","ATGTCCCAGGATGAGA-1_1_1"
"245","ATGTCCCGTATAGGGC-1_1_1"
"246","ATTACCTGTAGTAAGT-1_1_1"
"247","ATTACTCAGCATATGA-1_1_1"
"248","ATTACTCTCTGACGCG-1_1_1"
"249","ATTATCCTCGGACAAG-1_1_1"
"250","ATTCACTCACGTGTGC-1_1_1"
"251","ATTCATCCAACAGATA-1_1_1"
"252","ATTCATCGTAATTAGG-1_1_1"
"253","ATTCCATAGTCCTGTA-1_1_1"
"254","ATTCCTACACCGAATT-1_1_1"
"255","ATTCCTAGTAGAGATT-1_1_1"
"256","ATTCCTAGTCCAAGAG-1_1_1"
"257","ATTCCTATCGCCTCTA-1_1_1"
"258","ATTCGTTCAACGATTC-1_1_1"
"259","ATTCGTTGTTCGGTCG-1_1_1"
"260","ATTCTTGAGCCACTCG-1_1_1"
"261","ATTGTTCAGTCCTGCG-1_1_1"
"262","ATTGTTCGTGTTGCCG-1_1_1"
"263","ATTTCACTCCGCAACG-1_1_1"
"264","CAACAACGTCAGTCGC-1_1_1"
"265","CAACAGTCAAGATCCT-1_1_1"
"266","CAACCAAGTACCGGAA-1_1_1"
"267","CAACGATCACACCAGC-1_1_1"
"268","CAACGATTCCTAACAG-1_1_1"
"269","CAACGGCGTGGTAACG-1_1_1"
"270","CAAGACTAGAGTGTGC-1_1_1"
"271","CAAGACTAGCATTGTC-1_1_1"
"272","CAAGACTAGGTGCTTT-1_1_1"
"273","CAAGAGGCAAGGTCAG-1_1_1"
"274","CAAGGGAAGCATGCGA-1_1_1"
"275","CAATACGAGTTTAGGA-1_1_1"
"276","CAATACGTCCATTTGT-1_1_1"
"277","CAATCGAAGAGCCGTA-1_1_1"
"278","CAATGACAGATTGACA-1_1_1"
"279","CAATTTCAGAGTGAAG-1_1_1"
"280","CAATTTCGTAATTGGA-1_1_1"
"281","CAATTTCTCGAGAAAT-1_1_1"
"282","CACACAATCGAGAAAT-1_1_1"
"283","CACACAATCTAGATCG-1_1_1"
"284","CACAGATAGCATAGGC-1_1_1"
"285","CACAGATCAACGTATC-1_1_1"
"286","CACAGATGTGACTATC-1_1_1"
"287","CACAGGCAGCATGCGA-1_1_1"
"288","CACAGGCCAAAGCTCT-1_1_1"
"289","CACATGAAGAAGATCT-1_1_1"
"290","CACATGACAATTGCAC-1_1_1"
"291","CACCAAACAATTCGTG-1_1_1"
"292","CACCAAATCATGTCAG-1_1_1"
"293","CACCGTTGTCGATTTG-1_1_1"
"294","CACGTGGTCAGGGATG-1_1_1"
"295","CACGTTCAGGCTAGCA-1_1_1"
"296","CACTGAATCAAAGAAC-1_1_1"
"297","CACTGGGGTGTCGCTG-1_1_1"
"298","CACTGGGGTTAAAGTG-1_1_1"
"299","CACTGTCTCTTCTCAA-1_1_1"
"300","CACTTCGCAGCATACT-1_1_1"
"301","CAGAGCCGTATCATGC-1_1_1"
"302","CAGATCACAGCTGCCA-1_1_1"
"303","CAGATCATCCAACTAG-1_1_1"
"304","CAGATCATCCACGGGT-1_1_1"
"305","CAGCACGGTCTACAGT-1_1_1"
"306","CAGCGTGGTCTGGTTA-1_1_1"
"307","CAGGCCAAGTATTAGG-1_1_1"
"308","CAGGGCTTCGAACTCA-1_1_1"
"309","CAGTGCGAGTGATCGG-1_1_1"
"310","CAGTGCGGTTTAGACC-1_1_1"
"311","CAGTTAGAGAACGTGC-1_1_1"
"312","CAGTTAGCATCTCGTC-1_1_1"
"313","CAGTTAGTCGTTACCC-1_1_1"
"314","CATAAGCCATGCCGAC-1_1_1"
"315","CATAAGCTCTCCAAGA-1_1_1"
"316","CATACTTAGCCGTTGC-1_1_1"
"317","CATACTTAGTACAGCG-1_1_1"
"318","CATCAAGGTAGACAAT-1_1_1"
"319","CATCCACAGGTGAGCT-1_1_1"
"320","CATCCACGTAATTAGG-1_1_1"
"321","CATCCACGTCTGTGGC-1_1_1"
"322","CATCCCAGTTAGCGGA-1_1_1"
"323","CATCCGTTCGGCCAAC-1_1_1"
"324","CATCCGTTCTCCACTG-1_1_1"
"325","CATCGTCGTCAGCTTA-1_1_1"
"326","CATGAGTTCTACTATC-1_1_1"
"327","CATGCAATCAGTGGGA-1_1_1"
"328","CATGCGGCACGCACCA-1_1_1"
"329","CATGCTCAGGCGTTAG-1_1_1"
"330","CATGCTCAGTTTCTTC-1_1_1"
"331","CATGCTCGTATAGCTC-1_1_1"
"332","CATTCATCAGGACGAT-1_1_1"
"333","CATTCCGGTCACCGAC-1_1_1"
"334","CATTCTATCCATTGCC-1_1_1"
"335","CATTGCCCATGACGGA-1_1_1"
"336","CATTGTTTCGTCGACG-1_1_1"
"337","CATTTCAAGAATTTGG-1_1_1"
"338","CATTTCACATCGTGCG-1_1_1"
"339","CCAAGCGGTCACCTTC-1_1_1"
"340","CCAATGAAGTCCCTAA-1_1_1"
"341","CCAATGACAGGGTTGA-1_1_1"
"342","CCAATGAGTCAATGGG-1_1_1"
"343","CCAATTTGTCAGGTAG-1_1_1"
"344","CCACACTTCGACCATA-1_1_1"
"345","CCACCATCAGCTGAAG-1_1_1"
"346","CCACCATCATCTAGAC-1_1_1"
"347","CCACGTTGTGGTAATA-1_1_1"
"348","CCATAAGAGTCTTGGT-1_1_1"
"349","CCCGAAGCAATCAAGA-1_1_1"
"350","CCCGAAGTCGAGATAA-1_1_1"
"351","CCCGGAATCATTCGGA-1_1_1"
"352","CCCTCAAAGTCCCAGC-1_1_1"
"353","CCCTCTCGTCAGCGTC-1_1_1"
"354","CCGAACGAGGCTATCT-1_1_1"
"355","CCGAACGGTCAACGCC-1_1_1"
"356","CCGATCTAGGAGGTTC-1_1_1"
"357","CCGATCTAGGCTATCT-1_1_1"
"358","CCGATCTAGTCACGCC-1_1_1"
"359","CCGATGGGTCTCGACG-1_1_1"
"360","CCGGGTACATGACAAA-1_1_1"
"361","CCGGGTAGTGTTAGCT-1_1_1"
"362","CCGTAGGCAATGTCAC-1_1_1"
"363","CCGTGAGGTGTATCCA-1_1_1"
"364","CCTAACCAGCGCTTCG-1_1_1"
"365","CCTAACCCATAGGCGA-1_1_1"
"366","CCTAAGACAGCGTACC-1_1_1"
"367","CCTAAGAGTGTGTTTG-1_1_1"
"368","CCTACGTCAATTGTGC-1_1_1"
"369","CCTACGTGTTAAGTCC-1_1_1"
"370","CCTATCGAGGAACGTC-1_1_1"
"371","CCTCAGTGTAAGTTAG-1_1_1"
"372","CCTCAGTTCACTGCTC-1_1_1"
"373","CCTCAGTTCTGTAACG-1_1_1"
"374","CCTCATGGTACAACGG-1_1_1"
"375","CCTCCTCAGCCAAGTG-1_1_1"
"376","CCTCTCCCATTCTCTA-1_1_1"
"377","CCTCTCCGTATCCCTC-1_1_1"
"378","CCTCTCCTCAGTGGGA-1_1_1"
"379","CCTGCATCAAACGGCA-1_1_1"
"380","CCTGTTGCACAGTCGC-1_1_1"
"381","CCTGTTGGTCCACGCA-1_1_1"
"382","CCTTCAGAGGAAAGGT-1_1_1"
"383","CGAATTGAGGACAACC-1_1_1"
"384","CGAATTGGTGGGAGAG-1_1_1"
"385","CGAATTGTCACAACCA-1_1_1"
"386","CGAATTGTCGTCGACG-1_1_1"
"387","CGACAGCTCGAGCTGC-1_1_1"
"388","CGAGAAGAGAAACCAT-1_1_1"
"389","CGAGAAGCAGATTCGT-1_1_1"
"390","CGAGGAACATAACCCA-1_1_1"
"391","CGAGGCTGTCAACACT-1_1_1"
"392","CGAGGCTGTTGCGTAT-1_1_1"
"393","CGAGTGCAGATACATG-1_1_1"
"394","CGAGTGCGTTTCACTT-1_1_1"
"395","CGAGTTATCAATGCAC-1_1_1"
"396","CGATCGGTCCACGTAA-1_1_1"
"397","CGATCGGTCGGTTGTA-1_1_1"
"398","CGATGCGGTGAGACCA-1_1_1"
"399","CGATGGCAGTGCCTCG-1_1_1"
"400","CGATGGCGTAACTAAG-1_1_1"
"401","CGATGGCTCATTTCGT-1_1_1"
"402","CGCATAAAGACAACTA-1_1_1"
"403","CGCATAAAGCATCCTA-1_1_1"
"404","CGCATAAAGTTCATCG-1_1_1"
"405","CGCATAAGTCGTGGAA-1_1_1"
"406","CGCCAGACAACGATTC-1_1_1"
"407","CGCCATTCACCTGTCT-1_1_1"
"408","CGCCATTTCCGTGTGG-1_1_1"
"409","CGCGTGAAGTGCAAAT-1_1_1"
"410","CGGAACCCAATACCCA-1_1_1"
"411","CGGAACCGTGTCCTAA-1_1_1"
"412","CGGAACCGTTAGGAGC-1_1_1"
"413","CGGAATTTCAGGAGAC-1_1_1"
"414","CGGAATTTCATTACCT-1_1_1"
"415","CGGACACAGTGATAAC-1_1_1"
"416","CGGACACCAAAGCTCT-1_1_1"
"417","CGGACACCAGCAGACA-1_1_1"
"418","CGGAGAAAGACGGTCA-1_1_1"
"419","CGGAGAAAGGACTATA-1_1_1"
"420","CGGCAGTGTATTGCCA-1_1_1"
"421","CGGGCATAGCACGATG-1_1_1"
"422","CGGGCATCAAGTATAG-1_1_1"
"423","CGGGTGTAGAAGCTCG-1_1_1"
"424","CGGGTGTGTAACGATA-1_1_1"
"425","CGGGTGTGTTTGGCTA-1_1_1"
"426","CGGTCAGGTTGCATCA-1_1_1"
"427","CGTAAGTAGCTTCATG-1_1_1"
"428","CGTAAGTAGGAATGTT-1_1_1"
"429","CGTAAGTAGGTCCCGT-1_1_1"
"430","CGTAAGTCACTGGCGT-1_1_1"
"431","CGTAAGTGTCATAGTC-1_1_1"
"432","CGTAAGTGTTACGATC-1_1_1"
"433","CGTAAGTTCAGTCTTT-1_1_1"
"434","CGTAATGGTCACAGTT-1_1_1"
"435","CGTCAAACATTAAGCC-1_1_1"
"436","CGTCCATAGCGTTCCG-1_1_1"
"437","CGTCCATGTATCACGT-1_1_1"
"438","CGTGAATCAATCAGCT-1_1_1"
"439","CGTGAATGTTGTACGT-1_1_1"
"440","CGTTCTGAGCACACCC-1_1_1"
"441","CGTTGGGCAGTCGTTA-1_1_1"
"442","CGTTGGGTCGAGCACC-1_1_1"
"443","CTAACCCCAAGAAACT-1_1_1"
"444","CTAACCCCATGTGCTA-1_1_1"
"445","CTAACTTAGAGCAGAA-1_1_1"
"446","CTAACTTCAAGAAATC-1_1_1"
"447","CTACAGAGTATGGTAA-1_1_1"
"448","CTACCCACAACAGATA-1_1_1"
"449","CTACCCAGTGTGACCC-1_1_1"
"450","CTACCCATCGCCTAGG-1_1_1"
"451","CTACCTGCAGTTGTCA-1_1_1"
"452","CTACCTGGTGGAGAAA-1_1_1"
"453","CTACCTGGTTGAATCC-1_1_1"
"454","CTACCTGTCACACCGG-1_1_1"
"455","CTACGGGAGATTAGTG-1_1_1"
"456","CTACGGGGTTGGAGGT-1_1_1"
"457","CTACTATGTCGAGTTT-1_1_1"
"458","CTATCCGGTGTGTCCG-1_1_1"
"459","CTATCCGGTTCTCCTG-1_1_1"
"460","CTATCTACAAGAGTTA-1_1_1"
"461","CTATCTACATGACTGT-1_1_1"
"462","CTCAACCTCCACCTGT-1_1_1"
"463","CTCACTGAGAGAGCCT-1_1_1"
"464","CTCAGAAAGACTACCT-1_1_1"
"465","CTCAGAAAGGTACTGG-1_1_1"
"466","CTCAGGGAGGCTTAGG-1_1_1"
"467","CTCAGGGTCCCACAGG-1_1_1"
"468","CTCATGCCAAAGCAAT-1_1_1"
"469","CTCATGCGTGCATGTT-1_1_1"
"470","CTCATTAAGGGATGTC-1_1_1"
"471","CTCATTAGTCTGCCTT-1_1_1"
"472","CTCCACAGTGGTAACG-1_1_1"
"473","CTCCACATCTACCCAC-1_1_1"
"474","CTCCCTCAGCCAACCC-1_1_1"
"475","CTCCGATCATCAGCGC-1_1_1"
"476","CTCCTCCAGCAAGGAA-1_1_1"
"477","CTCCTTTCATCCTAAG-1_1_1"
"478","CTCCTTTTCATGCCCT-1_1_1"
"479","CTCGAGGCAACGTATC-1_1_1"
"480","CTCGAGGCACTCACTC-1_1_1"
"481","CTCTCAGAGACATACA-1_1_1"
"482","CTCTCAGCATGGACAG-1_1_1"
"483","CTCTCAGTCCACGGGT-1_1_1"
"484","CTCTCGACAACGGCTC-1_1_1"
"485","CTCTCGAGTGGACAGT-1_1_1"
"486","CTCTGGTCAGTTGGTT-1_1_1"
"487","CTCTGGTCATAACCCA-1_1_1"
"488","CTGAATGTCCGTAATG-1_1_1"
"489","CTGAATGTCCTACAAG-1_1_1"
"490","CTGAGCGCACCTCTGT-1_1_1"
"491","CTGCAGGTCAAGAGTA-1_1_1"
"492","CTGCATCAGACTCTTG-1_1_1"
"493","CTGCCATCAGAGGGTT-1_1_1"
"494","CTGCCATCAGTGTACT-1_1_1"
"495","CTGCCATGTCCAGAAG-1_1_1"
"496","CTGCCTAGTCCGGCAT-1_1_1"
"497","CTGCCTAGTGGTCTAT-1_1_1"
"498","CTGCCTATCATTCATC-1_1_1"
"499","CTGCTCATCGCCAATA-1_1_1"
"500","CTGGACGAGGTAGCAC-1_1_1"
"501","CTGGCAGAGTAAACAC-1_1_1"
"502","CTGGTCTAGCCTCTTC-1_1_1"
"503","CTGTAGACATACTTTC-1_1_1"
"504","CTGTCGTAGGAACGTC-1_1_1"
"505","CTGTCGTGTAACATAG-1_1_1"
"506","CTGTCGTTCTTCCCGA-1_1_1"
"507","CTGTGAAGTGTATACC-1_1_1"
"508","CTGTGAAGTTCGGTTA-1_1_1"
"509","CTGTGGGGTACAAGTA-1_1_1"
"510","CTGTGGGGTCAAAGAT-1_1_1"
"511","CTGTGGGGTCGCATCG-1_1_1"
"512","CTGTGGGGTGACTAAA-1_1_1"
"513","CTTACCGCAACGACTT-1_1_1"
"514","CTTACCGGTGCACGCT-1_1_1"
"515","CTTAGGATCGTCAAAC-1_1_1"
"516","CTTCAATAGATTAGAC-1_1_1"
"517","CTTCAATGTTCAGCGC-1_1_1"
"518","CTTCCGACAGCATCTA-1_1_1"
"519","CTTCCGAGTTCTCCTG-1_1_1"
"520","CTTCCTTCAGGAATCG-1_1_1"
"521","CTTCCTTCATGTCTAG-1_1_1"
"522","CTTCGGTAGGCTAAAT-1_1_1"
"523","CTTCGGTCAGTGGGTA-1_1_1"
"524","CTTCGGTGTCAACACT-1_1_1"
"525","CTTCGGTTCCTACCGT-1_1_1"
"526","CTTCTAAAGTCGGGAT-1_1_1"
"527","CTTCTCTTCATCGCCT-1_1_1"
"528","CTTCTCTTCGGTAGGA-1_1_1"
"529","CTTGAGACATGAATCC-1_1_1"
"530","CTTGAGAGTCGTCAGC-1_1_1"
"531","CTTGAGATCTTCGACC-1_1_1"
"532","CTTGATTCAGTCAGAG-1_1_1"
"533","CTTTCAACATGAGATA-1_1_1"
"534","CTTTCAATCGAGCCTG-1_1_1"
"535","GAAATGATCATTACGG-1_1_1"
"536","GAAATGATCATTGTGG-1_1_1"
"537","GAAATGATCGTCAAAC-1_1_1"
"538","GAACACTAGCAAATGT-1_1_1"
"539","GAACACTTCTGAGAAA-1_1_1"
"540","GAACGTTCAGGGTTGA-1_1_1"
"541","GAACTGTCAACATCGT-1_1_1"
"542","GAACTGTTCTTCTCAA-1_1_1"
"543","GAAGCCCAGAGGGTAA-1_1_1"
"544","GAAGCCCCACAGCCAC-1_1_1"
"545","GAAGCCCGTATAATGG-1_1_1"
"546","GAAGCGAGTAGCGAGT-1_1_1"
"547","GAAGCGAGTCGGCTAC-1_1_1"
"548","GAATAGACATGGATCT-1_1_1"
"549","GAATCGTAGGAGTATT-1_1_1"
"550","GAATCGTTCACTTATC-1_1_1"
"551","GACACGCCAGGAGGAG-1_1_1"
"552","GACAGCCCATGTTACG-1_1_1"
"553","GACATCACAGTTTCAG-1_1_1"
"554","GACATCAGTGATGGCA-1_1_1"
"555","GACCAATAGAGGCCAT-1_1_1"
"556","GACCAATAGTGGATTA-1_1_1"
"557","GACCCAGTCACGGGCT-1_1_1"
"558","GACCGTGTCGCTACAA-1_1_1"
"559","GACCTTCAGTCATCGT-1_1_1"
"560","GACCTTCCAATTGAAG-1_1_1"
"561","GACCTTCGTCATCTAG-1_1_1"
"562","GACGCTGTCACATACG-1_1_1"
"563","GACGCTGTCGAGAAGC-1_1_1"
"564","GACGCTGTCGAGTGGA-1_1_1"
"565","GACGTTACATCCGCGA-1_1_1"
"566","GACTATGGTAGAGATT-1_1_1"
"567","GACTCTCGTGCCTGCA-1_1_1"
"568","GACTGATCACGAGGTA-1_1_1"
"569","GACTGATCATATGAAG-1_1_1"
"570","GACTGATGTCGTAATC-1_1_1"
"571","GACTGATTCTCATGGA-1_1_1"
"572","GACTGATTCTCGTGGG-1_1_1"
"573","GAGAAATGTGCAATAA-1_1_1"
"574","GAGAGGTGTCCAGGTC-1_1_1"
"575","GAGAGGTTCGCTAAAC-1_1_1"
"576","GAGCCTGCACGCGCTA-1_1_1"
"577","GAGCCTGCATTCTGTT-1_1_1"
"578","GAGCCTGTCTTCCGTG-1_1_1"
"579","GAGCTGCCACGGTAGA-1_1_1"
"580","GAGCTGCTCGGTTCAA-1_1_1"
"581","GAGGCAAGTACACGTT-1_1_1"
"582","GAGGCCTGTGTGTACT-1_1_1"
"583","GAGGCCTTCACAGAGG-1_1_1"
"584","GAGGGATCATGAGGGT-1_1_1"
"585","GAGGGATTCGATTGGT-1_1_1"
"586","GAGGGTAAGGGAGGGT-1_1_1"
"587","GAGTGTTGTGAGGAAA-1_1_1"
"588","GAGTGTTTCAGCGCGT-1_1_1"
"589","GAGTGTTTCTAACGCA-1_1_1"
"590","GAGTTACAGGGATCAC-1_1_1"
"591","GAGTTTGCAGTCGTTA-1_1_1"
"592","GATAGAAGTAGCGAGT-1_1_1"
"593","GATAGCTGTAGACAAT-1_1_1"
"594","GATAGCTTCATAGACC-1_1_1"
"595","GATCCCTAGACGACTG-1_1_1"
"596","GATCGTAAGAATAGTC-1_1_1"
"597","GATGACTCAATTAGGA-1_1_1"
"598","GATGAGGAGAGAGGTA-1_1_1"
"599","GATGAGGGTTGACTGT-1_1_1"
"600","GATGAGGTCTCCGTGT-1_1_1"
"601","GATGATCCAGCGACAA-1_1_1"
"602","GATGGAGTCAGAGCGA-1_1_1"
"603","GATGTTGAGAATTGCA-1_1_1"
"604","GATGTTGGTGCCAAGA-1_1_1"
"605","GATTCGACACCAGTAT-1_1_1"
"606","GATTCGAGTATTGACC-1_1_1"
"607","GATTGGTCAGCAGAAC-1_1_1"
"608","GATTGGTCATGACTGT-1_1_1"
"609","GATTTCTGTTGGGCCT-1_1_1"
"610","GCACATAAGCCAGTAG-1_1_1"
"611","GCACATACACTTGGGC-1_1_1"
"612","GCACGTGAGCCTCTGG-1_1_1"
"613","GCACGTGAGGCGAACT-1_1_1"
"614","GCAGCCAAGTGGTGAC-1_1_1"
"615","GCAGCTGGTAAGGCTG-1_1_1"
"616","GCAGCTGGTCGCACAC-1_1_1"
"617","GCAGTTAGTTTACCTT-1_1_1"
"618","GCATCGGCAACGACTT-1_1_1"
"619","GCATCTCGTAACATCC-1_1_1"
"620","GCATCTCGTGTTCCTC-1_1_1"
"621","GCATGATAGAAGGGAT-1_1_1"
"622","GCATGATTCGTTCTAT-1_1_1"
"623","GCATTAGGTTGTGCAT-1_1_1"
"624","GCATTAGTCAGCCTCT-1_1_1"
"625","GCCAGCAGTCGCATTA-1_1_1"
"626","GCCAGGTAGAGCAGTC-1_1_1"
"627","GCCAGGTCATCATCTT-1_1_1"
"628","GCCAGTGTCGAGAATA-1_1_1"
"629","GCCATGGAGGAAAGTG-1_1_1"
"630","GCCATGGCAAAGACTA-1_1_1"
"631","GCCATGGCAAATACAG-1_1_1"
"632","GCCATGGGTTTCACAG-1_1_1"
"633","GCCCAGACAGCTGCCA-1_1_1"
"634","GCCCAGATCAGCACCG-1_1_1"
"635","GCCCGAAAGAGTCTTC-1_1_1"
"636","GCCGTGAAGTGGACTG-1_1_1"
"637","GCCGTGACACCTTCGT-1_1_1"
"638","GCCTGTTGTACTCGAT-1_1_1"
"639","GCCTGTTTCCCTCGTA-1_1_1"
"640","GCGATCGAGTATAGAC-1_1_1"
"641","GCGGAAAAGGTCGCCT-1_1_1"
"642","GCGGAAATCTATGTGG-1_1_1"
"643","GCGTTTCAGGTGAGAA-1_1_1"
"644","GCGTTTCCAACAGTGG-1_1_1"
"645","GCGTTTCCAATTGCAC-1_1_1"
"646","GCGTTTCGTGGCTAGA-1_1_1"
"647","GCTACAATCCTCAGAA-1_1_1"
"648","GCTCAAACAAATTGCC-1_1_1"
"649","GCTGAATCAAATGGTA-1_1_1"
"650","GCTGAATCAGTGCGCT-1_1_1"
"651","GCTGAATGTACAGCGA-1_1_1"
"652","GCTGGGTCAAGAGTTA-1_1_1"
"653","GCTTGGGAGACTGTTC-1_1_1"
"654","GCTTGGGAGTGTTGAA-1_1_1"
"655","GCTTTCGCAGTCGAGA-1_1_1"
"656","GGAACCCAGGTTGGTG-1_1_1"
"657","GGAACCCCATCCTAAG-1_1_1"
"658","GGAACCCTCTGGAAGG-1_1_1"
"659","GGAAGTGAGGGAACAA-1_1_1"
"660","GGAAGTGAGTCATGCT-1_1_1"
"661","GGAAGTGTCATTCTTG-1_1_1"
"662","GGAATCTCAGAATCGG-1_1_1"
"663","GGACGTCCAACTACGT-1_1_1"
"664","GGACGTCCACAAATGA-1_1_1"
"665","GGAGATGCAAGAATAC-1_1_1"
"666","GGAGATGTCGGCTGAC-1_1_1"
"667","GGAGCAATCAACTGAC-1_1_1"
"668","GGAGGATTCCACGTGG-1_1_1"
"669","GGAGGTATCCTCTAGC-1_1_1"
"670","GGAGGTATCGTGTTCC-1_1_1"
"671","GGATGTTAGAGCCATG-1_1_1"
"672","GGCACGTAGGATACGC-1_1_1"
"673","GGCACGTGTCACTACA-1_1_1"
"674","GGCACGTTCGGTTAGT-1_1_1"
"675","GGCAGTCCAACCTATG-1_1_1"
"676","GGCAGTCGTCGAACAG-1_1_1"
"677","GGCAGTCTCATACGAC-1_1_1"
"678","GGCAGTCTCGATTCCC-1_1_1"
"679","GGCGTCAAGCAGGGAG-1_1_1"
"680","GGCGTCAAGGTCCCTG-1_1_1"
"681","GGCGTCACAAAGGTTA-1_1_1"
"682","GGCGTCACACCTTCGT-1_1_1"
"683","GGCGTCAGTATTCCTT-1_1_1"
"684","GGCGTCAGTCCCGCAA-1_1_1"
"685","GGCGTCAGTCTTTATC-1_1_1"
"686","GGCTGTGAGACAGTCG-1_1_1"
"687","GGCTGTGTCCCGAGTG-1_1_1"
"688","GGCTTGGCATACTGTG-1_1_1"
"689","GGCTTGGTCTGCGATA-1_1_1"
"690","GGCTTTCCAGTATGAA-1_1_1"
"691","GGGAAGTGTACTGCGC-1_1_1"
"692","GGGAAGTTCACTTATC-1_1_1"
"693","GGGACAACAATTCTCT-1_1_1"
"694","GGGACCTAGCTAGAGC-1_1_1"
"695","GGGACCTAGGCTCAAG-1_1_1"
"696","GGGACCTGTCGTCTCT-1_1_1"
"697","GGGACCTTCTTGGAAC-1_1_1"
"698","GGGAGATTCAACTGGT-1_1_1"
"699","GGGATGAGTTGTGCCG-1_1_1"
"700","GGGCGTTAGACGCTCC-1_1_1"
"701","GGGCGTTGTCCGTTTC-1_1_1"
"702","GGGCTACCAGCTACAT-1_1_1"
"703","GGGCTCAAGACCAAGC-1_1_1"
"704","GGGCTCAGTTACGCCG-1_1_1"
"705","GGGTAGATCCTTGAAG-1_1_1"
"706","GGGTATTGTCAGGAGT-1_1_1"
"707","GGGTCACCAGCACACC-1_1_1"
"708","GGGTTATCAACCAATC-1_1_1"
"709","GGGTTATCAATTAGGA-1_1_1"
"710","GGGTTTACAGCTGAAG-1_1_1"
"711","GGGTTTAGTTAGTCGT-1_1_1"
"712","GGTAACTAGCCAAGGT-1_1_1"
"713","GGTAACTGTAGAGTTA-1_1_1"
"714","GGTAATCAGACTTGTC-1_1_1"
"715","GGTCACGCAAATGGCG-1_1_1"
"716","GGTCTGGCAAAGCTCT-1_1_1"
"717","GGTCTGGGTCTTGTCC-1_1_1"
"718","GGTGAAGGTCAGACGA-1_1_1"
"719","GGTGAAGTCTGGCCAG-1_1_1"
"720","GGTGATTTCTCCAATT-1_1_1"
"721","GGTGGCTCATGCAGGA-1_1_1"
"722","GGTGTCGAGAGAGGGC-1_1_1"
"723","GGTGTCGTCTCGTGAA-1_1_1"
"724","GGTGTTAAGGAAAGGT-1_1_1"
"725","GGTGTTATCATGGGAG-1_1_1"
"726","GGTTCTCAGGCACCAA-1_1_1"
"727","GGTTCTCAGTCAACAA-1_1_1"
"728","GGTTCTCCAGCGGTTC-1_1_1"
"729","GGTTGTAGTCAAACGG-1_1_1"
"730","GGTTGTAGTGAGTTTC-1_1_1"
"731","GTAACACCAAGTGTCT-1_1_1"
"732","GTAACACGTATCGCTA-1_1_1"
"733","GTAACCATCCGGCAGT-1_1_1"
"734","GTAATCGCATGTGTCA-1_1_1"
"735","GTAATGCGTGATACCT-1_1_1"
"736","GTAATGCGTTCGAGCC-1_1_1"
"737","GTACAACAGGGACACT-1_1_1"
"738","GTACAACGTAGTCGGA-1_1_1"
"739","GTAGAGGCAGCGAGTA-1_1_1"
"740","GTAGAGGTCCTGGTCT-1_1_1"
"741","GTAGATCAGTGGCGAT-1_1_1"
"742","GTAGGAGGTGCACAAG-1_1_1"
"743","GTAGGTTAGAGCAACC-1_1_1"
"744","GTAGTACTCTCAAAGC-1_1_1"
"745","GTATTGGCATAACTCG-1_1_1"
"746","GTCAAACGTCATCGCG-1_1_1"
"747","GTCAAGTAGCGACTTT-1_1_1"
"748","GTCAAGTAGGAACTAT-1_1_1"
"749","GTCAAGTGTATCGAAA-1_1_1"
"750","GTCACGGAGACGTCCC-1_1_1"
"751","GTCACGGCATGGAAGC-1_1_1"
"752","GTCACTCAGAAGAGCA-1_1_1"
"753","GTCACTCAGCCTCAAT-1_1_1"
"754","GTCACTCTCGATTGGT-1_1_1"
"755","GTCATCCAGTCGAATA-1_1_1"
"756","GTCATCCGTCACCGAC-1_1_1"
"757","GTCATGAAGTTACGGG-1_1_1"
"758","GTCATGAGTATTGGCT-1_1_1"
"759","GTCATGAGTGGCGTAA-1_1_1"
"760","GTCATGATCGTTACCC-1_1_1"
"761","GTCATTTAGCATCTTG-1_1_1"
"762","GTCATTTTCCACCTGT-1_1_1"
"763","GTCATTTTCCGACAGC-1_1_1"
"764","GTCCACTGTCGTACAT-1_1_1"
"765","GTCCACTTCACTGCTC-1_1_1"
"766","GTCCACTTCAGCTTCC-1_1_1"
"767","GTCCCATGTCAGACTT-1_1_1"
"768","GTCGAATAGTACTGTC-1_1_1"
"769","GTCGTAAGTGAGATTA-1_1_1"
"770","GTCTAGAAGACAGCGT-1_1_1"
"771","GTCTAGAAGCTCCATA-1_1_1"
"772","GTCTAGAGTGTTAACC-1_1_1"
"773","GTCTCACGTGGGTTGA-1_1_1"
"774","GTCTCACTCTCTAAGG-1_1_1"
"775","GTCTGTCAGCCTCATA-1_1_1"
"776","GTCTGTCAGTTGCCTA-1_1_1"
"777","GTCTGTCGTTAAGTCC-1_1_1"
"778","GTCTTTAAGTTTCAGC-1_1_1"
"779","GTCTTTACACCACATA-1_1_1"
"780","GTGACGCTCATTACCT-1_1_1"
"781","GTGAGCCAGCACTAAA-1_1_1"
"782","GTGAGGAAGAAGTATC-1_1_1"
"783","GTGAGGAAGTGTTCCA-1_1_1"
"784","GTGATGTAGGTCGCCT-1_1_1"
"785","GTGATGTAGTGAATAC-1_1_1"
"786","GTGATGTCAACTGAAA-1_1_1"
"787","GTGATGTCAAGTAGTA-1_1_1"
"788","GTGATGTGTCACTCAA-1_1_1"
"789","GTGCACGTCGACCAAT-1_1_1"
"790","GTGCGTGGTCTGTCCT-1_1_1"
"791","GTGCGTGGTTGGACTT-1_1_1"
"792","GTGGAGAGTTTGATCG-1_1_1"
"793","GTGGCGTAGGAAGTAG-1_1_1"
"794","GTGGCGTCACAAAGCG-1_1_1"
"795","GTGGGAACAACTGCTA-1_1_1"
"796","GTGGGAACAATCGCGC-1_1_1"
"797","GTGGGAACATGGACAG-1_1_1"
"798","GTGGGAAGTCTGCCTT-1_1_1"
"799","GTGTCCTAGACCATGG-1_1_1"
"800","GTGTGATGTACGTAGG-1_1_1"
"801","GTGTTAGAGGATTCAA-1_1_1"
"802","GTGTTAGTCAGGGTAG-1_1_1"
"803","GTGTTCCAGCCAGACA-1_1_1"
"804","GTGTTCCCAATTGTGC-1_1_1"
"805","GTTACAGTCTCCGATC-1_1_1"
"806","GTTACCCTCACGGTCG-1_1_1"
"807","GTTACGATCTTTGGAG-1_1_1"
"808","GTTAGACCACCTGAAT-1_1_1"
"809","GTTAGACTCATCACCC-1_1_1"
"810","GTTATGGTCAAGGCTT-1_1_1"
"811","GTTCATTAGACTGGGT-1_1_1"
"812","GTTCCGTGTAGCGTCC-1_1_1"
"813","GTTCCGTGTCAATCTG-1_1_1"
"814","GTTCGCTAGTGGCAGT-1_1_1"
"815","GTTCGCTCACTAGTAC-1_1_1"
"816","GTTCTATAGGCCGCTT-1_1_1"
"817","GTTCTATGTGTCATCA-1_1_1"
"818","GTTGAACCAGCTGGTC-1_1_1"
"819","GTTGAACGTACCTGTA-1_1_1"
"820","GTTGAACGTGTGTACT-1_1_1"
"821","GTTGTAGGTATCACCA-1_1_1"
"822","GTTGTCCGTCGCTCGA-1_1_1"
"823","GTTGTCCTCCATCTAT-1_1_1"
"824","GTTGTCCTCGCTCTAC-1_1_1"
"825","GTTTACTTCGTGGCGT-1_1_1"
"826","GTTTGGATCATTCGGA-1_1_1"
"827","TAACCAGGTGTTAGCT-1_1_1"
"828","TAACGACCATCCCGTT-1_1_1"
"829","TAACTTCGTGTCTTGA-1_1_1"
"830","TAAGCACAGGTAAACT-1_1_1"
"831","TAAGCACTCCGTGGCA-1_1_1"
"832","TAAGCCAAGACAACAT-1_1_1"
"833","TAAGCCACACAAGTTC-1_1_1"
"834","TAAGCGTGTAAGGTCG-1_1_1"
"835","TAAGTCGAGTGTTCAC-1_1_1"
"836","TAAGTCGCACCGCTGA-1_1_1"
"837","TAAGTCGGTACGATGG-1_1_1"
"838","TAATCTCCACTAGTAC-1_1_1"
"839","TAATCTCTCAGCCTCT-1_1_1"
"840","TAATCTCTCCAGCACG-1_1_1"
"841","TAATTCCAGAAATTGC-1_1_1"
"842","TAATTCCCATGGCCCA-1_1_1"
"843","TACAACGTCCTATTGT-1_1_1"
"844","TACAGGTAGATCACCT-1_1_1"
"845","TACAGGTAGTTACGTC-1_1_1"
"846","TACATTCAGACCAAGC-1_1_1"
"847","TACATTCGTGCAACAG-1_1_1"
"848","TACATTCTCTGCATGA-1_1_1"
"849","TACCCACAGTTACGTC-1_1_1"
"850","TACCCACCATAGGTAA-1_1_1"
"851","TACCCGTGTACTGAGG-1_1_1"
"852","TACCGAATCGGATTAC-1_1_1"
"853","TACCGGGCAGGCTCTG-1_1_1"
"854","TACCTGCCAAGTATCC-1_1_1"
"855","TACCTGCTCGTAGCTA-1_1_1"
"856","TACGCTCTCCGGGACT-1_1_1"
"857","TACGGGCAGCCGATAG-1_1_1"
"858","TACGGGCAGGGAACAA-1_1_1"
"859","TACGGGCAGTGTTGTC-1_1_1"
"860","TACGGTAAGCAACCAG-1_1_1"
"861","TACGGTAGTTACGTAC-1_1_1"
"862","TACTGCCAGCTGGTGA-1_1_1"
"863","TACTGCCAGTACGTCT-1_1_1"
"864","TACTTACCAAGTGATA-1_1_1"
"865","TACTTACCAGCATTGT-1_1_1"
"866","TAGACCAGTGGTAATA-1_1_1"
"867","TAGAGTCTCTGGGAGA-1_1_1"
"868","TAGATCGGTGCCAAGA-1_1_1"
"869","TAGCACAAGTCGAAAT-1_1_1"
"870","TAGCACAGTCATACCA-1_1_1"
"871","TAGGAGGAGATACGAT-1_1_1"
"872","TAGGGTTCAGTCAACT-1_1_1"
"873","TAGGGTTGTCGTCAGC-1_1_1"
"874","TAGGTTGGTCACGACC-1_1_1"
"875","TAGGTTGTCGCTGTCT-1_1_1"
"876","TAGTGCAGTTACCCTC-1_1_1"
"877","TATATCCTCAGACAAA-1_1_1"
"878","TATCAGGAGACAGCTG-1_1_1"
"879","TATCAGGAGATGAAGG-1_1_1"
"880","TATCAGGCACGCTGAC-1_1_1"
"881","TATCAGGGTCGCATCG-1_1_1"
"882","TATCCTATCTAGACAC-1_1_1"
"883","TATCTGTCACGGGCTT-1_1_1"
"884","TATCTTGGTATTTCGG-1_1_1"
"885","TATCTTGGTTACCCAA-1_1_1"
"886","TATTCCACAATAAGGT-1_1_1"
"887","TATTCCACACGTTGGC-1_1_1"
"888","TCAAGACCAGCTATTG-1_1_1"
"889","TCAAGCAGTCCAGAAG-1_1_1"
"890","TCAAGTGAGTATGTAG-1_1_1"
"891","TCAAGTGCACGTTCGG-1_1_1"
"892","TCAAGTGCAGTTGAAA-1_1_1"
"893","TCAAGTGGTTTGAAAG-1_1_1"
"894","TCAAGTGTCTTTGCGC-1_1_1"
"895","TCAATTCGTGTATACC-1_1_1"
"896","TCACAAGTCACCGGTG-1_1_1"
"897","TCACACCAGCATGATA-1_1_1"
"898","TCACATTCATCCCACT-1_1_1"
"899","TCACTATCACCGTGCA-1_1_1"
"900","TCAGCAAGTAGGTCAG-1_1_1"
"901","TCAGCAAGTTACCCTC-1_1_1"
"902","TCAGCAAGTTGTGGAG-1_1_1"
"903","TCAGCCTGTTATCTGG-1_1_1"
"904","TCAGGGCTCACTTATC-1_1_1"
"905","TCAGGTAAGTTAACGA-1_1_1"
"906","TCAGTGATCCGATTAG-1_1_1"
"907","TCAGTTTGTCTCACGG-1_1_1"
"908","TCATACTAGAGAGGTA-1_1_1"
"909","TCATACTCACATAACC-1_1_1"
"910","TCATACTCACCGTCGA-1_1_1"
"911","TCATACTGTAAGGCTG-1_1_1"
"912","TCATACTTCGGCTGTG-1_1_1"
"913","TCATATCAGCAAACAT-1_1_1"
"914","TCATATCAGTCATGAA-1_1_1"
"915","TCATATCCACTCCGGA-1_1_1"
"916","TCATATCCAGCTTTGA-1_1_1"
"917","TCATATCGTGAGTTGG-1_1_1"
"918","TCATGAGAGAAAGCGA-1_1_1"
"919","TCATGCCAGCCTAGGA-1_1_1"
"920","TCATGCCCAAATACAG-1_1_1"
"921","TCATGGACAAGCACCC-1_1_1"
"922","TCATGGATCGAGTCTA-1_1_1"
"923","TCATGGATCGCCAGTG-1_1_1"
"924","TCATGTTCAGACTGCC-1_1_1"
"925","TCATGTTGTCTTGGTA-1_1_1"
"926","TCATTACCACTATGTG-1_1_1"
"927","TCATTCAAGGGTAGCT-1_1_1"
"928","TCATTCATCGAGAAGC-1_1_1"
"929","TCATTGTGTCACCGAC-1_1_1"
"930","TCATTTGCAGGTGACA-1_1_1"
"931","TCATTTGTCGAACTCA-1_1_1"
"932","TCCACCAGTCAGACGA-1_1_1"
"933","TCCAGAACATAACTCG-1_1_1"
"934","TCCATCGTCGATTCCC-1_1_1"
"935","TCCATGCAGACTCATC-1_1_1"
"936","TCCCAGTAGTTTGGCT-1_1_1"
"937","TCCCAGTGTACAACGG-1_1_1"
"938","TCCCATGGTTGGGTAG-1_1_1"
"939","TCCGAAAGTCGCTTAA-1_1_1"
"940","TCCGATCGTGATCATC-1_1_1"
"941","TCCGGGAAGCTTCTAG-1_1_1"
"942","TCCGGGATCGAGTTGT-1_1_1"
"943","TCCGTGTTCGTGGCTG-1_1_1"
"944","TCCTAATCACAATGAA-1_1_1"
"945","TCCTCCCGTACTCGTA-1_1_1"
"946","TCCTCGAAGAGCGACT-1_1_1"
"947","TCCTCGAAGGGTGAGG-1_1_1"
"948","TCCTCGAGTCCTTAAG-1_1_1"
"949","TCCTCTTAGGTTCAGG-1_1_1"
"950","TCCTCTTCAACTTCTT-1_1_1"
"951","TCCTCTTTCTCCCTAG-1_1_1"
"952","TCCTGCAAGGAGCTGT-1_1_1"
"953","TCGAACAAGCGACTTT-1_1_1"
"954","TCGAACAAGTCTGGTT-1_1_1"
"955","TCGAAGTAGAGTTGCG-1_1_1"
"956","TCGAAGTCAGGCCTGT-1_1_1"
"957","TCGACGGAGCCGAATG-1_1_1"
"958","TCGATTTTCCTGGTCT-1_1_1"
"959","TCGCACTGTAGTCTGT-1_1_1"
"960","TCGCTTGGTCATTGCA-1_1_1"
"961","TCGGATAAGTAATCCC-1_1_1"
"962","TCGGATATCTTTCCAA-1_1_1"
"963","TCGGGACTCATCCTAT-1_1_1"
"964","TCGGGCAAGGTTTACC-1_1_1"
"965","TCGGGTGGTCAACACT-1_1_1"
"966","TCGGTCTTCGGCTCTT-1_1_1"
"967","TCGTAGAAGGTCCCTG-1_1_1"
"968","TCGTGCTGTGTACAGG-1_1_1"
"969","TCGTGGGAGTGCTCGC-1_1_1"
"970","TCTAACTAGAAATCCA-1_1_1"
"971","TCTAACTCAAGCTGTT-1_1_1"
"972","TCTAACTCACTGTCGG-1_1_1"
"973","TCTACATAGGGCAAGG-1_1_1"
"974","TCTACATTCGCGTAGC-1_1_1"
"975","TCTACCGCAGACCCGT-1_1_1"
"976","TCTATACTCGTTCGCT-1_1_1"
"977","TCTATCACAAGCGAAC-1_1_1"
"978","TCTCAGCAGGCGAACT-1_1_1"
"979","TCTCAGCGTTAGAAAC-1_1_1"
"980","TCTCAGCTCATGGTAC-1_1_1"
"981","TCTCCGACAAATCAGA-1_1_1"
"982","TCTGCCACACAAATGA-1_1_1"
"983","TCTGCCAGTAGCGCCT-1_1_1"
"984","TCTTAGTAGGTCCTGC-1_1_1"
"985","TCTTGCGAGTTCATCG-1_1_1"
"986","TGAACGTAGCATGCAG-1_1_1"
"987","TGAACGTCAAGTGACG-1_1_1"
"988","TGAATGCCATATGGCT-1_1_1"
"989","TGACAGTCAGACCAGA-1_1_1"
"990","TGACAGTTCGAACACT-1_1_1"
"991","TGACCCTAGCCGGAAT-1_1_1"
"992","TGACCCTCAAACCATC-1_1_1"
"993","TGACGCGGTTCCTAGA-1_1_1"
"994","TGACGCGTCGCCGTGA-1_1_1"
"995","TGACTCCTCTACTGAG-1_1_1"
"996","TGAGCATTCGTCACCT-1_1_1"
"997","TGAGCGCAGGTTGACG-1_1_1"
"998","TGAGCGCAGTTAGAAC-1_1_1"
"999","TGAGGGACAAATTAGG-1_1_1"
"1000","TGAGGGAGTTCGAACT-1_1_1"
"1001","TGAGGTTGTAGACAAT-1_1_1"
"1002","TGAGGTTGTTCTCCCA-1_1_1"
"1003","TGAGTCACATTGTACG-1_1_1"
"1004","TGATCAGGTGGTCTCG-1_1_1"
"1005","TGATCTTAGCAACCAG-1_1_1"
"1006","TGATGCACATGACGGA-1_1_1"
"1007","TGATGCAGTTCATCGA-1_1_1"
"1008","TGATGCATCGAGTACT-1_1_1"
"1009","TGATGGTAGTGGTTGG-1_1_1"
"1010","TGATGGTGTATGCAAA-1_1_1"
"1011","TGATTTCCATGCCGGT-1_1_1"
"1012","TGCACGGGTTCTTGTT-1_1_1"
"1013","TGCACGGTCAAGTAAG-1_1_1"
"1014","TGCAGATGTAGGACCA-1_1_1"
"1015","TGCAGATGTCCTGTCT-1_1_1"
"1016","TGCAGGCGTTGGGTAG-1_1_1"
"1017","TGCATCCAGTGAGGTC-1_1_1"
"1018","TGCATCCCAAGACCGA-1_1_1"
"1019","TGCATCCCACACCTAA-1_1_1"
"1020","TGCATCCCAGCAGGAT-1_1_1"
"1021","TGCATCCTCATTGCCC-1_1_1"
"1022","TGCATCCTCCCTCTCC-1_1_1"
"1023","TGCATGAGTAGACACG-1_1_1"
"1024","TGCGACGCACGGCTAC-1_1_1"
"1025","TGCGACGCAGTCACGC-1_1_1"
"1026","TGCGGCAGTTCTATCT-1_1_1"
"1027","TGCGGGTGTCGTACTA-1_1_1"
"1028","TGCGGGTGTTCAAAGA-1_1_1"
"1029","TGCTCCAAGATACTGA-1_1_1"
"1030","TGCTCGTAGTCCTACA-1_1_1"
"1031","TGCTCGTCATCGCTAA-1_1_1"
"1032","TGCTGAACAATCGCGC-1_1_1"
"1033","TGCTGAAGTGTAAATG-1_1_1"
"1034","TGCTGAAGTTGCCGAC-1_1_1"
"1035","TGCTTCGCAAGGATGC-1_1_1"
"1036","TGCTTGCAGAGAGCCT-1_1_1"
"1037","TGGAACTGTTCGATTG-1_1_1"
"1038","TGGAGGACAGAGGAAA-1_1_1"
"1039","TGGAGGATCCATATGG-1_1_1"
"1040","TGGATCACAAAGAGTT-1_1_1"
"1041","TGGATCAGTTTGTGGT-1_1_1"
"1042","TGGCGTGTCCATTCGC-1_1_1"
"1043","TGGGAAGAGCCTCTGG-1_1_1"
"1044","TGGGAAGAGCGTATGG-1_1_1"
"1045","TGGGAAGTCCCTTCCC-1_1_1"
"1046","TGGGAGACAGTATTCG-1_1_1"
"1047","TGGGAGAGTGCTGTCG-1_1_1"
"1048","TGGGAGATCTCTCGCA-1_1_1"
"1049","TGGGATTCACTAACGT-1_1_1"
"1050","TGGGATTGTAGACTGG-1_1_1"
"1051","TGGGCGTCACGAAGAC-1_1_1"
"1052","TGGGCTGTCCTTATGT-1_1_1"
"1053","TGGGTTAAGACGCAGT-1_1_1"
"1054","TGGGTTAAGCCGTAAG-1_1_1"
"1055","TGGTGATCACATAGCT-1_1_1"
"1056","TGGTGATGTAGAATGT-1_1_1"
"1057","TGGTGATTCATAGACC-1_1_1"
"1058","TGGTGATTCTCACGAA-1_1_1"
"1059","TGTAACGCAGCTGTGC-1_1_1"
"1060","TGTAACGTCATGGATC-1_1_1"
"1061","TGTAAGCGTATCAGCT-1_1_1"
"1062","TGTACAGTCACTTATC-1_1_1"
"1063","TGTAGACCAGGTCCGT-1_1_1"
"1064","TGTAGACGTCCACACG-1_1_1"
"1065","TGTCAGAGTGGACTGA-1_1_1"
"1066","TGTCCACGTTGGACCC-1_1_1"
"1067","TGTCCCACAGTAACCT-1_1_1"
"1068","TGTCCCAGTGCCTTCT-1_1_1"
"1069","TGTGAGTAGAACTTCC-1_1_1"
"1070","TGTGATGAGGTGGTTG-1_1_1"
"1071","TGTGATGCAATGCAAA-1_1_1"
"1072","TGTGATGGTCCATAGT-1_1_1"
"1073","TGTGCGGTCGATAACC-1_1_1"
"1074","TGTGGCGGTTAAAGTG-1_1_1"
"1075","TGTTCATAGACCTCCG-1_1_1"
"1076","TGTTCATAGGACTTCT-1_1_1"
"1077","TGTTCATCAAAGTATG-1_1_1"
"1078","TGTTCATCACATATCG-1_1_1"
"1079","TGTTCATTCAGAGCAG-1_1_1"
"1080","TGTTCCGGTCAAGCGA-1_1_1"
"1081","TGTTCTAAGTATGAAC-1_1_1"
"1082","TGTTCTATCCACTGGG-1_1_1"
"1083","TGTTGAGTCCAAGCCG-1_1_1"
"1084","TTAATCCCAAGAGTGC-1_1_1"
"1085","TTAATCCCACGTAGTT-1_1_1"
"1086","TTAATCCGTGACCGAA-1_1_1"
"1087","TTACGCCGTCTGTGTA-1_1_1"
"1088","TTACGTTAGGTGGTTG-1_1_1"
"1089","TTACTGTTCCAGCACG-1_1_1"
"1090","TTACTGTTCGATTGAC-1_1_1"
"1091","TTAGGCAAGGGAGTGG-1_1_1"
"1092","TTAGGCAGTAGGAGTC-1_1_1"
"1093","TTAGGGTTCAAGAATG-1_1_1"
"1094","TTAGGGTTCCATGAGT-1_1_1"
"1095","TTCACCGAGCAAGTCG-1_1_1"
"1096","TTCACCGAGGCCATAG-1_1_1"
"1097","TTCATGTAGGCCTTGC-1_1_1"
"1098","TTCATGTTCAGTGATC-1_1_1"
"1099","TTCATTGCACGCAAAG-1_1_1"
"1100","TTCATTGGTTCGAACT-1_1_1"
"1101","TTCATTGTCCAAGGGA-1_1_1"
"1102","TTCCAATAGCAGCGAT-1_1_1"
"1103","TTCCAATGTACCGGAA-1_1_1"
"1104","TTCCACGCAGTCTTCC-1_1_1"
"1105","TTCCACGGTGAAGCTG-1_1_1"
"1106","TTCCGGTCACTATCGA-1_1_1"
"1107","TTCCTAACAAGTTGGG-1_1_1"
"1108","TTCCTCTTCGAAGCCC-1_1_1"
"1109","TTCCTTCAGAGGTATT-1_1_1"
"1110","TTCCTTCAGATCCTAC-1_1_1"
"1111","TTCGCTGTCTAAGCGT-1_1_1"
"1112","TTCGGTCCATCTAACG-1_1_1"
"1113","TTCGGTCTCAGGACAG-1_1_1"
"1114","TTCTAACAGATGTTCC-1_1_1"
"1115","TTCTAACCAAGTGCAG-1_1_1"
"1116","TTCTAGTTCTAAACGC-1_1_1"
"1117","TTCTCTCGTACAGGTG-1_1_1"
"1118","TTCTTCCCAGGGATAC-1_1_1"
"1119","TTGAACGAGGGTACAC-1_1_1"
"1120","TTGACCCTCGATCCCT-1_1_1"
"1121","TTGAGTGAGTATGTAG-1_1_1"
"1122","TTGAGTGCAAGAGTTA-1_1_1"
"1123","TTGATGGAGGAAGAAC-1_1_1"
"1124","TTGCCTGAGTTTGAGA-1_1_1"
"1125","TTGCCTGCAATGTCAC-1_1_1"
"1126","TTGCTGCGTCACAGTT-1_1_1"
"1127","TTGGGATGTGGCTACC-1_1_1"
"1128","TTGGGATTCTTGCGCT-1_1_1"
"1129","TTGGGCGGTCTAGGCC-1_1_1"
"1130","TTGGGCGTCGCCAGAC-1_1_1"
"1131","TTGGGTAGTTGATGTC-1_1_1"
"1132","TTGGTTTCATAGACTC-1_1_1"
"1133","TTGGTTTGTAACATAG-1_1_1"
"1134","TTGTGGAAGGATGCGT-1_1_1"
"1135","TTGTTCAAGGCATGCA-1_1_1"
"1136","TTTACCAAGCACTCGC-1_1_1"
"1137","TTTACCATCCTTATCA-1_1_1"
"1138","TTTACGTAGGAGAATG-1_1_1"
"1139","TTTACTGTCCGATGCG-1_1_1"
"1140","TTTAGTCCAATCACGT-1_1_1"
"1141","TTTAGTCGTATAGCTC-1_1_1"
"1142","TTTATGCTCACTGAAC-1_1_1"
"1143","TTTCACACATGCAGGA-1_1_1"
"1144","TTTCAGTAGGGTAATT-1_1_1"
"1145","TTTCAGTCACTTGGGC-1_1_1"
"1146","TTTCAGTTCCGATCGG-1_1_1"
"1147","TTTCCTCTCCTGGCTT-1_1_1"
"1148","TTTGGAGAGGCTTTCA-1_1_1"
"1149","TTTGGAGAGTAGATCA-1_1_1"
"1150","TTTGGTTCAAAGCGTG-1_1_1"
"1151","TTTGGTTTCAGATTGC-1_1_1"
