"","x"
"1","AAACGCTAGATGTAGT-1_4_1"
"2","AAACGCTCACGCGTGT-1_4_1"
"3","AAACGCTCATCAGCTA-1_4_1"
"4","AAAGGATAGTCGTCTA-1_4_1"
"5","AAAGTCCGTCATCCGG-1_4_1"
"6","AACAACCAGCAATAAC-1_4_1"
"7","AACAACCTCCCATAAG-1_4_1"
"8","AACACACCATGGTACT-1_4_1"
"9","AACCAACGTCTAACGT-1_4_1"
"10","AACCACAGTATTGGCT-1_4_1"
"11","AACCATGAGACGACTG-1_4_1"
"12","AACCTGAGTACTAAGA-1_4_1"
"13","AACCTTTAGAGAGGGC-1_4_1"
"14","AACGTCACATATCTGG-1_4_1"
"15","AACTTCTGTTCTCGCT-1_4_1"
"16","AAGAACAGTTTCGTGA-1_4_1"
"17","AAGCATCCACGGCACT-1_4_1"
"18","AAGCATCCACTACGGC-1_4_1"
"19","AAGCATCGTTAGGCCC-1_4_1"
"20","AAGCCATAGATGCTTC-1_4_1"
"21","AAGCGAGCAAGTCCCG-1_4_1"
"22","AAGCGAGGTGGCACTC-1_4_1"
"23","AAGCGTTAGAAACTGT-1_4_1"
"24","AAGCGTTCATATAGCC-1_4_1"
"25","AAGGAATCACGTAACT-1_4_1"
"26","AAGTACCAGACCAACG-1_4_1"
"27","AAGTGAATCCAGCACG-1_4_1"
"28","AATCACGGTGCGTTTA-1_4_1"
"29","AATCGACCATTCTTCA-1_4_1"
"30","AATCGACTCGACGATT-1_4_1"
"31","AATCGTGTCCTCGCAT-1_4_1"
"32","AATGAAGAGGACTATA-1_4_1"
"33","AATGAAGGTGATCGTT-1_4_1"
"34","AATGACCCACTGGAAG-1_4_1"
"35","AATGCCAGTAGAGGAA-1_4_1"
"36","AATGGCTTCAAGCCGC-1_4_1"
"37","AATTTCCAGGCTTAAA-1_4_1"
"38","ACAAAGATCGAGCCTG-1_4_1"
"39","ACAACCACAATATCCG-1_4_1"
"40","ACACAGTGTGACTGAG-1_4_1"
"41","ACACCAAGTATTGAGA-1_4_1"
"42","ACAGAAACATCATGAC-1_4_1"
"43","ACAGCCGAGTCACTCA-1_4_1"
"44","ACATCGAGTGCGAGTA-1_4_1"
"45","ACATCGAGTGCTGTCG-1_4_1"
"46","ACATCGAGTGGCAACA-1_4_1"
"47","ACATCGAGTTGTGTTG-1_4_1"
"48","ACATGCAGTAGAGACC-1_4_1"
"49","ACATTTCCAGAGGCAT-1_4_1"
"50","ACCAAACTCGTTCAGA-1_4_1"
"51","ACCCAAAGTTCCTACC-1_4_1"
"52","ACCCTTGCAGAGTAAT-1_4_1"
"53","ACCGTTCCAGGGTTGA-1_4_1"
"54","ACCGTTCTCGTCGACG-1_4_1"
"55","ACCTACCTCACTGGGC-1_4_1"
"56","ACCTGAAAGCTGCCTG-1_4_1"
"57","ACGATGTAGATGACCG-1_4_1"
"58","ACGCACGCAGACACCC-1_4_1"
"59","ACGCACGGTCACCCTT-1_4_1"
"60","ACGGTTAGTATCGTAC-1_4_1"
"61","ACGTAGTTCGTTGCCT-1_4_1"
"62","ACTATGGAGTCATGAA-1_4_1"
"63","ACTATGGCACTCCTTG-1_4_1"
"64","ACTATGGGTCCTTAAG-1_4_1"
"65","ACTATGGGTGAAAGTT-1_4_1"
"66","ACTATTCCACCAGTTA-1_4_1"
"67","ACTGATGCAAAGCAAT-1_4_1"
"68","ACTGATGGTGTCTTAG-1_4_1"
"69","ACTGCAACATTCAGCA-1_4_1"
"70","ACTGTCCAGCGTCAGA-1_4_1"
"71","ACTTATCTCGTGGGTC-1_4_1"
"72","ACTTCCGAGAGTCTTC-1_4_1"
"73","ACTTTGTAGCCATTGT-1_4_1"
"74","AGAACCTCAGAAGCGT-1_4_1"
"75","AGAAGCGGTATTAAGG-1_4_1"
"76","AGAAGTAGTCTTGCTC-1_4_1"
"77","AGACAAAGTTCGGCTG-1_4_1"
"78","AGACTCACAGATAAAC-1_4_1"
"79","AGACTCATCATATGGC-1_4_1"
"80","AGAGAGCCAAGTAGTA-1_4_1"
"81","AGAGCAGGTCACTACA-1_4_1"
"82","AGATCGTAGAGGTTAT-1_4_1"
"83","AGATCGTCAAGGTTGG-1_4_1"
"84","AGATCGTCACTCCTGT-1_4_1"
"85","AGATGCTCATGATAGA-1_4_1"
"86","AGCCACGAGCGATCGA-1_4_1"
"87","AGCCACGCATGACACT-1_4_1"
"88","AGCCACGTCAGACAAA-1_4_1"
"89","AGCGATTGTGAGTGAC-1_4_1"
"90","AGCGCCAAGGAGAGTA-1_4_1"
"91","AGCGCCATCACGAGGA-1_4_1"
"92","AGCGCCATCACGTCCT-1_4_1"
"93","AGCGCTGGTAGCGAGT-1_4_1"
"94","AGCGTATGTTCAGCTA-1_4_1"
"95","AGCTTCCAGCTGGCCT-1_4_1"
"96","AGCTTCCCATCGATAC-1_4_1"
"97","AGCTTCCTCACTCACC-1_4_1"
"98","AGCTTCCTCTAGACCA-1_4_1"
"99","AGGACGACATTGACAC-1_4_1"
"100","AGGACTTAGCCTATCA-1_4_1"
"101","AGGAGGTGTACGTTCA-1_4_1"
"102","AGGATAATCTGGCCAG-1_4_1"
"103","AGGATCTGTTGCTTGA-1_4_1"
"104","AGGATCTTCGTTGTGA-1_4_1"
"105","AGGCCACGTTAGGCTT-1_4_1"
"106","AGGCTGCAGCCTGTCG-1_4_1"
"107","AGGGCCTAGTGCTAGG-1_4_1"
"108","AGGGCTCGTCTACGAT-1_4_1"
"109","AGGTCATTCACCTTGC-1_4_1"
"110","AGGTCATTCCAACTAG-1_4_1"
"111","AGGTCATTCGGAGATG-1_4_1"
"112","AGGTGTTAGCGAGAAA-1_4_1"
"113","AGGTGTTAGGCTCCCA-1_4_1"
"114","AGGTGTTTCACGAACT-1_4_1"
"115","AGGTTACGTGTCCTAA-1_4_1"
"116","AGGTTGTGTCCGGTCA-1_4_1"
"117","AGGTTGTTCCCAACTC-1_4_1"
"118","AGTAACCAGGAGCAAA-1_4_1"
"119","AGTAACCGTATGGTTC-1_4_1"
"120","AGTAACCTCAGCCTTC-1_4_1"
"121","AGTACCAAGGACTTCT-1_4_1"
"122","AGTAGTCGTCTGCCTT-1_4_1"
"123","AGTAGTCGTTCGGCTG-1_4_1"
"124","AGTCAACAGAGAGCGG-1_4_1"
"125","AGTCAACAGAGCACTG-1_4_1"
"126","AGTCACACAACCGCTG-1_4_1"
"127","AGTCACACACGATAGG-1_4_1"
"128","AGTCATGCAGTCACGC-1_4_1"
"129","AGTCATGGTCTCTCAC-1_4_1"
"130","AGTCATGTCTCTCAAT-1_4_1"
"131","AGTGACTTCATGAGTC-1_4_1"
"132","AGTGACTTCTGCCCTA-1_4_1"
"133","AGTGATCTCTTACACT-1_4_1"
"134","AGTGTTGAGCTATCCA-1_4_1"
"135","AGTGTTGGTATCGATC-1_4_1"
"136","AGTTAGCAGACAACTA-1_4_1"
"137","AGTTAGCTCCATGCAA-1_4_1"
"138","AGTTCGAAGAGTCACG-1_4_1"
"139","ATAGAGAAGGTGAGCT-1_4_1"
"140","ATAGGCTAGGCGAACT-1_4_1"
"141","ATCACTTCACTCCGAG-1_4_1"
"142","ATCCATTAGACTTCCA-1_4_1"
"143","ATCCATTGTGAGGATC-1_4_1"
"144","ATCCATTTCGGCTGGT-1_4_1"
"145","ATCCGTCGTAGCGTTT-1_4_1"
"146","ATCGATGAGTCCCGAC-1_4_1"
"147","ATCGCCTTCAGTGATC-1_4_1"
"148","ATCGGCGCACCAACAT-1_4_1"
"149","ATCGGCGTCTTAGCTT-1_4_1"
"150","ATCGTAGCACCTGCTT-1_4_1"
"151","ATCGTCCCAACCGATT-1_4_1"
"152","ATCGTGACAGGGAATC-1_4_1"
"153","ATCTCTACATCGGATT-1_4_1"
"154","ATGAAAGTCAGTGTGT-1_4_1"
"155","ATGACCAGTGAATTGA-1_4_1"
"156","ATGAGGGGTGCCCGTA-1_4_1"
"157","ATGAGTCCAATCGTCA-1_4_1"
"158","ATGAGTCCAATTGAGA-1_4_1"
"159","ATGATCGCAATAGAGT-1_4_1"
"160","ATGGAGGAGCTGACTT-1_4_1"
"161","ATGGAGGCAAGTGGAC-1_4_1"
"162","ATGGAGGCATAAGATG-1_4_1"
"163","ATGGATCAGAAACACT-1_4_1"
"164","ATGGATCAGATACTGA-1_4_1"
"165","ATGGGAGTCTTTACAC-1_4_1"
"166","ATGTCCCTCTGTACAG-1_4_1"
"167","ATGTCTTAGCGTTCCG-1_4_1"
"168","ATGTCTTGTTGGGCCT-1_4_1"
"169","ATTACTCTCACCATGA-1_4_1"
"170","ATTACTCTCGGACGTC-1_4_1"
"171","ATTATCCCATGTTCAG-1_4_1"
"172","ATTATCCGTACTCGTA-1_4_1"
"173","ATTATCCTCTACCTTA-1_4_1"
"174","ATTCACTGTTCTTGCC-1_4_1"
"175","ATTCAGGAGTCGAGGT-1_4_1"
"176","ATTCCATAGTACCGGA-1_4_1"
"177","ATTCCATCAGTTCTAG-1_4_1"
"178","ATTCCCGAGCATGCAG-1_4_1"
"179","ATTCCCGGTTAGTTCG-1_4_1"
"180","ATTCGTTGTAGGCTCC-1_4_1"
"181","ATTCTACTCTTACGGA-1_4_1"
"182","ATTGTTCCACATCCCT-1_4_1"
"183","ATTTCACCATCCTTCG-1_4_1"
"184","ATTTCTGCAGAGGCAT-1_4_1"
"185","ATTTCTGTCAACTCTT-1_4_1"
"186","ATTTCTGTCTTTCGAT-1_4_1"
"187","CAACAACTCGATTCCC-1_4_1"
"188","CAACAACTCTTACCAT-1_4_1"
"189","CAACCTCCAGCTGGTC-1_4_1"
"190","CAACGATGTTTGGCTA-1_4_1"
"191","CAACGGCAGGACAGTC-1_4_1"
"192","CAACGGCTCGGACTTA-1_4_1"
"193","CAAGACTCAGAGTCTT-1_4_1"
"194","CAAGAGGAGTCAACAA-1_4_1"
"195","CAAGCTATCTCGGTCT-1_4_1"
"196","CAATACGAGGCACAAC-1_4_1"
"197","CAATCGAAGAGTCTTC-1_4_1"
"198","CAATCGATCCAACTAG-1_4_1"
"199","CAATGACTCAACTACG-1_4_1"
"200","CAATGACTCCATCTGC-1_4_1"
"201","CAATTTCCAGGACTAG-1_4_1"
"202","CACAGGCCAGAGCGTA-1_4_1"
"203","CACAGGCTCTCAATCT-1_4_1"
"204","CACCAAACAAATAAGC-1_4_1"
"205","CACGAATTCAAATAGG-1_4_1"
"206","CACGTTCGTATGCTAC-1_4_1"
"207","CACTAAGCATGTTCAG-1_4_1"
"208","CACTAAGTCCATAAGC-1_4_1"
"209","CACTGAAGTCGTCGGT-1_4_1"
"210","CACTGGGGTCGTTGGC-1_4_1"
"211","CACTGTCTCCGGCTTT-1_4_1"
"212","CACTTCGTCACGACTA-1_4_1"
"213","CACTTCGTCCATCTCG-1_4_1"
"214","CAGCAATAGGTTCCAT-1_4_1"
"215","CAGCACGCAAGCGCAA-1_4_1"
"216","CAGCACGTCGGATACT-1_4_1"
"217","CAGCCAGAGCACCAGA-1_4_1"
"218","CAGCCAGAGTAGCAAT-1_4_1"
"219","CAGCGTGGTGGTAATA-1_4_1"
"220","CAGGGCTAGGAAGTCC-1_4_1"
"221","CAGTTCCGTCTTGCTC-1_4_1"
"222","CATACAGCAATGGGTG-1_4_1"
"223","CATACCCGTCGATTCA-1_4_1"
"224","CATACTTTCAATGTCG-1_4_1"
"225","CATACTTTCCTTGGAA-1_4_1"
"226","CATCAAGAGGCTTTCA-1_4_1"
"227","CATCAAGCATGACCCG-1_4_1"
"228","CATCCACAGACGACTG-1_4_1"
"229","CATCCACGTATGTCTG-1_4_1"
"230","CATCCACGTCGTGTTA-1_4_1"
"231","CATCCACTCGGTTCAA-1_4_1"
"232","CATCGGGAGGCAATGC-1_4_1"
"233","CATGCAAAGTGGCCTC-1_4_1"
"234","CATGCCTGTCAGTCGC-1_4_1"
"235","CATGGTAGTCGGAACA-1_4_1"
"236","CATTCATGTACTGAGG-1_4_1"
"237","CATTCCGCACATTCTT-1_4_1"
"238","CATTGAGCAGCTAACT-1_4_1"
"239","CATTGTTGTAACACCT-1_4_1"
"240","CCAAGCGAGCTGACTT-1_4_1"
"241","CCAATGACAAAGGAGA-1_4_1"
"242","CCAATGAGTTCGAGCC-1_4_1"
"243","CCACAAAAGTCGGCAA-1_4_1"
"244","CCCATTGTCGGTCTGG-1_4_1"
"245","CCCGAAGAGATGGCAC-1_4_1"
"246","CCCTCTCCATCAACCA-1_4_1"
"247","CCGATCTCAAACACCT-1_4_1"
"248","CCGATCTGTTGCTCGG-1_4_1"
"249","CCGCAAGCAAGACAAT-1_4_1"
"250","CCGGACAAGGTAAGGA-1_4_1"
"251","CCGGTAGAGCTTTGTG-1_4_1"
"252","CCGGTAGCATTGACTG-1_4_1"
"253","CCGTAGGTCTAAGAAG-1_4_1"
"254","CCTAACCGTTCGTGCG-1_4_1"
"255","CCTAAGACAGAACTTC-1_4_1"
"256","CCTATCGTCATCGCAA-1_4_1"
"257","CCTCAACCATAGGCGA-1_4_1"
"258","CCTCAACGTGCTATTG-1_4_1"
"259","CCTCAGTAGTCCTGTA-1_4_1"
"260","CCTCAGTGTACAAGTA-1_4_1"
"261","CCTCAGTGTCAGCTTA-1_4_1"
"262","CCTCAGTGTCGCGTTG-1_4_1"
"263","CCTCATGAGCGTATAA-1_4_1"
"264","CCTCATGAGGGAGGGT-1_4_1"
"265","CCTCATGTCCGTGCGA-1_4_1"
"266","CCTCATGTCGATCCCT-1_4_1"
"267","CCTCCTCTCTGGGATT-1_4_1"
"268","CCTCTCCGTGGGCTCT-1_4_1"
"269","CCTGTTGTCATTTGCT-1_4_1"
"270","CCTTTGGCAGAGAGGG-1_4_1"
"271","CGAAGTTGTGAACCGA-1_4_1"
"272","CGAATTGTCACCTTAT-1_4_1"
"273","CGAATTGTCGCTTGAA-1_4_1"
"274","CGAGGCTGTTCTTGTT-1_4_1"
"275","CGAGTTAAGAGTAACT-1_4_1"
"276","CGAGTTATCTCATTTG-1_4_1"
"277","CGATCGGCAGAGCCCT-1_4_1"
"278","CGATGGCAGATTGGGC-1_4_1"
"279","CGCAGGTGTTTACTGG-1_4_1"
"280","CGCATAAGTCACCACG-1_4_1"
"281","CGCATAATCGGTATGT-1_4_1"
"282","CGCATGGAGGGCGAAG-1_4_1"
"283","CGCATGGGTTGGTGTT-1_4_1"
"284","CGCATGGTCGTGAGAG-1_4_1"
"285","CGCATGGTCGTGGCTG-1_4_1"
"286","CGCCAGACAATCGCGC-1_4_1"
"287","CGCCAGACACTTGGGC-1_4_1"
"288","CGCCATTCACTGTCCT-1_4_1"
"289","CGGAACCAGTCCCTAA-1_4_1"
"290","CGGAATTAGTGTCATC-1_4_1"
"291","CGGACACGTATACAGA-1_4_1"
"292","CGGACACGTCGCTGCA-1_4_1"
"293","CGGGCATGTGCCTGAC-1_4_1"
"294","CGGGTGTCATCTAACG-1_4_1"
"295","CGTCAAATCGGAACTT-1_4_1"
"296","CGTCAAATCTTACTGT-1_4_1"
"297","CGTGCTTAGTATAGGT-1_4_1"
"298","CGTGCTTCAATGTTGC-1_4_1"
"299","CGTGCTTCAGCTGGTC-1_4_1"
"300","CGTGTCTCATTGACAC-1_4_1"
"301","CGTTAGAAGCGTGTCC-1_4_1"
"302","CGTTCTGCACAATCTG-1_4_1"
"303","CGTTCTGGTTGGCTAT-1_4_1"
"304","CGTTGGGCACTGGATT-1_4_1"
"305","CGTTGGGGTACAGAAT-1_4_1"
"306","CGTTGGGGTGTGAATA-1_4_1"
"307","CTAACCCAGTGACACG-1_4_1"
"308","CTAACTTTCAGCAGAG-1_4_1"
"309","CTAAGTGGTCTTAGTG-1_4_1"
"310","CTACCCACATGTTCGA-1_4_1"
"311","CTACCTGTCTCGCTCA-1_4_1"
"312","CTACGGGGTCAAAGCG-1_4_1"
"313","CTATAGGTCCCTCGTA-1_4_1"
"314","CTATCCGTCATGCAGT-1_4_1"
"315","CTATCTACACTGTGAT-1_4_1"
"316","CTATCTAGTCAGGCAA-1_4_1"
"317","CTATCTATCACGTAGT-1_4_1"
"318","CTCAAGAGTAAGATAC-1_4_1"
"319","CTCAAGAGTCGTTTCC-1_4_1"
"320","CTCAAGATCAACTCTT-1_4_1"
"321","CTCACTGCAGAAATTG-1_4_1"
"322","CTCATCGCAAGAAATC-1_4_1"
"323","CTCATGCAGAATCCCT-1_4_1"
"324","CTCATTACATCTCCCA-1_4_1"
"325","CTCCAACCACGGTAGA-1_4_1"
"326","CTCCAACGTTGTGGCC-1_4_1"
"327","CTCCAACTCAAGGCTT-1_4_1"
"328","CTCCACAAGGGTTAAT-1_4_1"
"329","CTCCACAGTGATGAAT-1_4_1"
"330","CTCCATGGTACGAGCA-1_4_1"
"331","CTCCCAATCCACTGGG-1_4_1"
"332","CTCCGATCATCTGTTT-1_4_1"
"333","CTCCGATGTGACAACG-1_4_1"
"334","CTCCTCCAGTAGACCG-1_4_1"
"335","CTCCTTTCACGGTCTG-1_4_1"
"336","CTCCTTTCAGGACAGT-1_4_1"
"337","CTCGAGGCAGTAGAAT-1_4_1"
"338","CTCGAGGGTCGTCAGC-1_4_1"
"339","CTCTCAGAGGCCTGAA-1_4_1"
"340","CTCTCGACACTTGGCG-1_4_1"
"341","CTCTCGATCGACGAGA-1_4_1"
"342","CTCTGGTGTACCTTCC-1_4_1"
"343","CTCTGGTGTCGCAGTC-1_4_1"
"344","CTGAATGGTTCAAACC-1_4_1"
"345","CTGCAGGAGGAAAGTG-1_4_1"
"346","CTGCAGGGTGAGCAGT-1_4_1"
"347","CTGCATCAGAGAGTGA-1_4_1"
"348","CTGCGAGAGTTGAATG-1_4_1"
"349","CTGCGAGTCGTCTCAC-1_4_1"
"350","CTGGCAGTCTTAGCCC-1_4_1"
"351","CTGTAGAGTTTACTTC-1_4_1"
"352","CTGTCGTGTGGAATGC-1_4_1"
"353","CTGTGGGAGGACAGCT-1_4_1"
"354","CTGTGGGTCCGTGTCT-1_4_1"
"355","CTTACCGCACCTGCAG-1_4_1"
"356","CTTACCGGTCCAGCGT-1_4_1"
"357","CTTACCGGTTGGTAGG-1_4_1"
"358","CTTCTAAGTCTCACAA-1_4_1"
"359","CTTGATTTCATTTCGT-1_4_1"
"360","CTTTCAAAGTCACTGT-1_4_1"
"361","CTTTCAATCGCAGAGA-1_4_1"
"362","CTTTCGGCAATAGTCC-1_4_1"
"363","GAAACCTTCGTTCCCA-1_4_1"
"364","GAAATGAAGTCACGCC-1_4_1"
"365","GAACGTTTCACGAACT-1_4_1"
"366","GAAGAATAGTAAACTG-1_4_1"
"367","GAAGCGAGTTTCAGAC-1_4_1"
"368","GAAGGGTCATGCAGCC-1_4_1"
"369","GAATAGATCGGCTTGG-1_4_1"
"370","GAATCACGTAGTCCTA-1_4_1"
"371","GAATCACTCCGTGGTG-1_4_1"
"372","GAATCGTGTGATGGCA-1_4_1"
"373","GACACGCTCAACACGT-1_4_1"
"374","GACAGCCAGCAAATCA-1_4_1"
"375","GACATCATCACTTCTA-1_4_1"
"376","GACATCATCTCCGAGG-1_4_1"
"377","GACCAATAGAGAACCC-1_4_1"
"378","GACCAATAGCCTCAGC-1_4_1"
"379","GACCCTTTCGCATTGA-1_4_1"
"380","GACGTTAGTACAGAGC-1_4_1"
"381","GACGTTATCTGAGAGG-1_4_1"
"382","GACTCTCCATCGGTTA-1_4_1"
"383","GACTTCCGTCGCATCG-1_4_1"
"384","GAGAAATAGTTGCGCC-1_4_1"
"385","GAGACCCGTGGACTGA-1_4_1"
"386","GAGACCCTCGCTTGAA-1_4_1"
"387","GAGACTTTCTGGTTGA-1_4_1"
"388","GAGAGGTCAGTGTGCC-1_4_1"
"389","GAGCCTGCAAATTGGA-1_4_1"
"390","GAGCCTGCATGCGTGC-1_4_1"
"391","GAGGCAATCGACGAGA-1_4_1"
"392","GAGTCTAGTACCACGC-1_4_1"
"393","GAGTGAGGTTAAGACA-1_4_1"
"394","GAGTTGTAGCGACCCT-1_4_1"
"395","GATCATGTCATTGTTC-1_4_1"
"396","GATCATGTCCCAGGAC-1_4_1"
"397","GATCGTACATGACTTG-1_4_1"
"398","GATGACTAGCTGGTGA-1_4_1"
"399","GATGATCGTCAGACGA-1_4_1"
"400","GATGATCTCAGCGCGT-1_4_1"
"401","GATGATCTCGGCTGTG-1_4_1"
"402","GATGCTAGTAACATCC-1_4_1"
"403","GATGGAGTCCATCCGT-1_4_1"
"404","GATGTTGGTGAGACCA-1_4_1"
"405","GATGTTGTCCCGTGTT-1_4_1"
"406","GATTCGAGTTCAAACC-1_4_1"
"407","GATTCTTCATATGAAG-1_4_1"
"408","GATTCTTTCGAACTCA-1_4_1"
"409","GATTTCTTCTTCCCAG-1_4_1"
"410","GCAACATTCGTAGGGA-1_4_1"
"411","GCACTAACAATCGCAT-1_4_1"
"412","GCAGTTAAGAAGGGAT-1_4_1"
"413","GCATCGGAGGTCCGAA-1_4_1"
"414","GCATCTCCAATAGTAG-1_4_1"
"415","GCATCTCGTTAAACAG-1_4_1"
"416","GCCAGCATCGCCGAGT-1_4_1"
"417","GCCAGGTTCGACGTCG-1_4_1"
"418","GCCATTCAGCTACTAC-1_4_1"
"419","GCCATTCTCACCTCAC-1_4_1"
"420","GCGAGAATCGCGTGAC-1_4_1"
"421","GCGATCGCAAGAGAGA-1_4_1"
"422","GCGATCGGTTCAGGTT-1_4_1"
"423","GCTACCTCAGATTTCG-1_4_1"
"424","GCTACCTGTTGGACCC-1_4_1"
"425","GCTCAAATCACTGTTT-1_4_1"
"426","GCTGCAGGTACCCGCA-1_4_1"
"427","GCTGCAGGTCGAGTTT-1_4_1"
"428","GCTTGGGCAGAGTGAC-1_4_1"
"429","GCTTTCGCAGGACTTT-1_4_1"
"430","GGAATGGAGACAGTCG-1_4_1"
"431","GGAGATGAGATTGCGG-1_4_1"
"432","GGAGGATTCGAGAACG-1_4_1"
"433","GGAGGTAAGCGACATG-1_4_1"
"434","GGATGTTCAATCGCCG-1_4_1"
"435","GGCACGTCACAGGATG-1_4_1"
"436","GGCTTGGAGGCTAGCA-1_4_1"
"437","GGCTTGGAGTAATACG-1_4_1"
"438","GGCTTTCGTCGAACAG-1_4_1"
"439","GGCTTTCTCAGCGGAA-1_4_1"
"440","GGGACCTGTATTGAGA-1_4_1"
"441","GGGATGAAGGTGCCAA-1_4_1"
"442","GGGATGATCAAGTGGG-1_4_1"
"443","GGGCCATAGGGTTAGC-1_4_1"
"444","GGGCCATGTCACATTG-1_4_1"
"445","GGGCCATTCCTCACGT-1_4_1"
"446","GGGCGTTAGAAATGGG-1_4_1"
"447","GGGCGTTCAACAACAA-1_4_1"
"448","GGGCTACCAGAGGACT-1_4_1"
"449","GGGCTCAAGGTAGCAC-1_4_1"
"450","GGGCTCACATGAGAAT-1_4_1"
"451","GGGCTCAGTTCTCCTG-1_4_1"
"452","GGGTCTGGTCACAATC-1_4_1"
"453","GGGTGAACAGTGTGCC-1_4_1"
"454","GGGTGAATCTTGGAAC-1_4_1"
"455","GGTAACTTCGTAACAC-1_4_1"
"456","GGTAATCCAGGCACTC-1_4_1"
"457","GGTAATCCATACCAGT-1_4_1"
"458","GGTAGAGTCGTTCCCA-1_4_1"
"459","GGTCTGGAGGACGCAT-1_4_1"
"460","GGTGAAGCACTCCGGA-1_4_1"
"461","GGTGATTAGGTTACCT-1_4_1"
"462","GGTGGCTGTACAGTCT-1_4_1"
"463","GGTTGTAAGGTGCCTC-1_4_1"
"464","GGTTGTAGTCATACCA-1_4_1"
"465","GGTTGTATCATCAGTG-1_4_1"
"466","GTAACACGTAGTACGG-1_4_1"
"467","GTAACCAAGTGATAAC-1_4_1"
"468","GTAATGCAGTTCCTGA-1_4_1"
"469","GTAGAAAGTTGCTCGG-1_4_1"
"470","GTAGAGGGTGGATGAC-1_4_1"
"471","GTAGTACAGAGCTGCA-1_4_1"
"472","GTAGTACAGCAATAAC-1_4_1"
"473","GTAGTACTCGAGAAGC-1_4_1"
"474","GTAGTACTCGCGTGCA-1_4_1"
"475","GTCAAGTAGCGTCGAA-1_4_1"
"476","GTCAAGTAGGTACCTT-1_4_1"
"477","GTCAGCGAGGAGGTTC-1_4_1"
"478","GTCATCCAGAACTGAT-1_4_1"
"479","GTCATCCGTCGTCTCT-1_4_1"
"480","GTCATGATCAACACCA-1_4_1"
"481","GTCATTTAGTACCATC-1_4_1"
"482","GTCATTTGTTAAGAAC-1_4_1"
"483","GTCATTTTCAGGACAG-1_4_1"
"484","GTCCACTCAGAGGTTG-1_4_1"
"485","GTCCACTCATCATCTT-1_4_1"
"486","GTCCACTTCGCAGAGA-1_4_1"
"487","GTCCCATCACTTGACA-1_4_1"
"488","GTCCCATGTCACCCTT-1_4_1"
"489","GTCGCGAAGCGGACAT-1_4_1"
"490","GTCGTAACATCTCGTC-1_4_1"
"491","GTCGTAATCTGAGTCA-1_4_1"
"492","GTCTACCCAGCGATTT-1_4_1"
"493","GTCTACCGTGGATACG-1_4_1"
"494","GTGACGCTCACTGATG-1_4_1"
"495","GTGAGCCAGTTCCATG-1_4_1"
"496","GTGAGCCAGTTCGCAT-1_4_1"
"497","GTGCACGCAACAAGAT-1_4_1"
"498","GTGCAGCGTGCCTTCT-1_4_1"
"499","GTGCAGCTCCTCTTTC-1_4_1"
"500","GTGCGTGGTGAGACCA-1_4_1"
"501","GTGCTGGCATCGTTCC-1_4_1"
"502","GTGGAAGCACCTCAGG-1_4_1"
"503","GTGGAAGCATCCGAAT-1_4_1"
"504","GTGGAAGCATTGACCA-1_4_1"
"505","GTGGCGTTCAGCTGTA-1_4_1"
"506","GTGTAACTCAGCACCG-1_4_1"
"507","GTGTCCTAGACTGGGT-1_4_1"
"508","GTGTTAGGTCCACGCA-1_4_1"
"509","GTTAGTGAGGGTTGCA-1_4_1"
"510","GTTAGTGTCTGAACGT-1_4_1"
"511","GTTATGGCAAGCCTGC-1_4_1"
"512","GTTGAACGTCACGACC-1_4_1"
"513","GTTGCTCCACATCCCT-1_4_1"
"514","GTTGTAGCAGCCATTA-1_4_1"
"515","GTTGTAGGTCGTAATC-1_4_1"
"516","GTTGTAGGTGCAACGA-1_4_1"
"517","GTTGTCCCAAACCGGA-1_4_1"
"518","GTTTACTAGCTATCTG-1_4_1"
"519","GTTTACTCAAGTCCCG-1_4_1"
"520","TAACACGGTGCAACAG-1_4_1"
"521","TAACTTCCAGTGGTGA-1_4_1"
"522","TAACTTCGTATCGTGT-1_4_1"
"523","TAAGCACGTATATGGA-1_4_1"
"524","TAAGCGTTCCATATGG-1_4_1"
"525","TAATTCCGTGTTGATC-1_4_1"
"526","TACAGGTCAGGTGTTT-1_4_1"
"527","TACATTCAGGCCATAG-1_4_1"
"528","TACCCACAGATGTTCC-1_4_1"
"529","TACCCGTGTGTGAATA-1_4_1"
"530","TACCTGCTCCTTCTTC-1_4_1"
"531","TACGCTCCAAGCCCAC-1_4_1"
"532","TACGGGCCATTATGCG-1_4_1"
"533","TACGGGCGTAACGTTC-1_4_1"
"534","TACGGTAAGGTAGTAT-1_4_1"
"535","TACGGTAGTTCGAAGG-1_4_1"
"536","TACGGTATCAAGAAAC-1_4_1"
"537","TACGGTATCAAGTGTC-1_4_1"
"538","TACGGTATCCTTCAGC-1_4_1"
"539","TACTTACAGCAATTCC-1_4_1"
"540","TACTTCAGTTTCGACA-1_4_1"
"541","TAGAGTCCAATTTCGG-1_4_1"
"542","TAGATCGGTCCCTGAG-1_4_1"
"543","TAGATCGTCATTTGTC-1_4_1"
"544","TAGGAGGAGGAGCTGT-1_4_1"
"545","TAGGGTTAGAGCTGAC-1_4_1"
"546","TAGGGTTAGCTCGTGC-1_4_1"
"547","TAGGGTTAGGGCTGAT-1_4_1"
"548","TAGTGCAAGATGAATC-1_4_1"
"549","TAGTGCAAGGATTCCT-1_4_1"
"550","TAGTGCAGTTGGTAGG-1_4_1"
"551","TATACCTAGGTCCAGA-1_4_1"
"552","TATATCCAGCGGTAAC-1_4_1"
"553","TATCAGGGTGACTATC-1_4_1"
"554","TATCGCCCAGACCTAT-1_4_1"
"555","TATCTGTAGCTCGAAG-1_4_1"
"556","TATCTGTCACTTGTGA-1_4_1"
"557","TATCTTGGTCATCCCT-1_4_1"
"558","TATGTTCAGGTGCATG-1_4_1"
"559","TATGTTCCAGCGTACC-1_4_1"
"560","TATTGGGGTGACCGAA-1_4_1"
"561","TATTTCGAGTCGCGAA-1_4_1"
"562","TATTTCGCAAACACCT-1_4_1"
"563","TCAATCTAGCCATATC-1_4_1"
"564","TCAATCTAGTATGGCG-1_4_1"
"565","TCAATTCAGCCGTAAG-1_4_1"
"566","TCAATTCGTTGTTTGG-1_4_1"
"567","TCACACCTCCGCAACG-1_4_1"
"568","TCACGGGTCATGTCAG-1_4_1"
"569","TCACTCGTCATCTACT-1_4_1"
"570","TCAGCAAAGAAGGCTC-1_4_1"
"571","TCAGCCTCAGTCAGCC-1_4_1"
"572","TCAGTTTCATCATTTC-1_4_1"
"573","TCATACTAGGAGTCTG-1_4_1"
"574","TCATCATCACACACTA-1_4_1"
"575","TCATGAGGTAAGATAC-1_4_1"
"576","TCATTACGTGGTGATG-1_4_1"
"577","TCATTCACATCGATAC-1_4_1"
"578","TCATTGTTCTTAGTTC-1_4_1"
"579","TCATTTGAGGGTAGCT-1_4_1"
"580","TCCACCACAAGGTCTT-1_4_1"
"581","TCCACGTGTACTAACC-1_4_1"
"582","TCCAGAAAGTGGATAT-1_4_1"
"583","TCCATCGCACGGAAGT-1_4_1"
"584","TCCATGCCATGTGGTT-1_4_1"
"585","TCCCATGGTTGCGGAA-1_4_1"
"586","TCCCATGGTTGGATCT-1_4_1"
"587","TCCGAAAGTAAGTTAG-1_4_1"
"588","TCCGAAAGTGGTCTAT-1_4_1"
"589","TCCGAAATCGAGATAA-1_4_1"
"590","TCCGATCTCCGAGTGC-1_4_1"
"591","TCCTGCACAATGTCTG-1_4_1"
"592","TCCTGCACACAATCTG-1_4_1"
"593","TCCTGCATCGTGCATA-1_4_1"
"594","TCCTTTCCATCGTCCT-1_4_1"
"595","TCCTTTCGTCAACCAT-1_4_1"
"596","TCGACCTAGCCTAGGA-1_4_1"
"597","TCGACCTAGGCACGAT-1_4_1"
"598","TCGACGGCATACTGAC-1_4_1"
"599","TCGCAGGCACAAATGA-1_4_1"
"600","TCGCAGGTCGGTAGAG-1_4_1"
"601","TCGCTTGTCCGTCACT-1_4_1"
"602","TCGGATAGTCTTGTCC-1_4_1"
"603","TCGGGACTCTCTGCCA-1_4_1"
"604","TCGGGCACAAGCGCAA-1_4_1"
"605","TCGGGCAGTATTGAGA-1_4_1"
"606","TCGGGTGGTTGTCCCT-1_4_1"
"607","TCGGTCTTCATCACCC-1_4_1"
"608","TCGGTCTTCCGAACGC-1_4_1"
"609","TCGTAGATCGAATCCA-1_4_1"
"610","TCGTCCACACGTAGAG-1_4_1"
"611","TCGTGGGCAAGCAGGT-1_4_1"
"612","TCGTGGGGTGGCCACT-1_4_1"
"613","TCTAACTCAGTTAGAA-1_4_1"
"614","TCTAACTGTTAGCTAC-1_4_1"
"615","TCTATCAGTAGGTAGC-1_4_1"
"616","TCTCAGCGTATGTGTC-1_4_1"
"617","TCTCAGCGTGACACAG-1_4_1"
"618","TCTCCGATCAGTGGGA-1_4_1"
"619","TCTGCCAAGGATCACG-1_4_1"
"620","TCTGCCAGTGATACCT-1_4_1"
"621","TCTGTCGAGGCGATAC-1_4_1"
"622","TCTTCCTCAGTGCCTG-1_4_1"
"623","TCTTTGACATCACAGT-1_4_1"
"624","TCTTTGATCGTGCTCT-1_4_1"
"625","TGAATCGTCTAACACG-1_4_1"
"626","TGAATGCAGGGCATGT-1_4_1"
"627","TGAATGCCATGACTTG-1_4_1"
"628","TGACAGTAGCCATTCA-1_4_1"
"629","TGACTCCAGCCAAGCA-1_4_1"
"630","TGAGACTCATACACCA-1_4_1"
"631","TGAGCATGTTCTCTAT-1_4_1"
"632","TGAGGTTTCACATACG-1_4_1"
"633","TGAGGTTTCTCGGGAC-1_4_1"
"634","TGATCTTAGCAGTCTT-1_4_1"
"635","TGATGCATCAATCTTC-1_4_1"
"636","TGATTCTGTCATCCGG-1_4_1"
"637","TGATTCTTCACACCGG-1_4_1"
"638","TGCAGATCAGCGTACC-1_4_1"
"639","TGCAGGCTCAACCTTT-1_4_1"
"640","TGCCGAGAGACTAGAT-1_4_1"
"641","TGCGATAGTGAATGTA-1_4_1"
"642","TGCGATATCGGCTGGT-1_4_1"
"643","TGCGATATCTAGCCAA-1_4_1"
"644","TGCTGAAAGCAACAGC-1_4_1"
"645","TGCTGAATCGAGAGCA-1_4_1"
"646","TGCTTCGCACAGTATC-1_4_1"
"647","TGCTTGCAGCTTCATG-1_4_1"
"648","TGCTTGCCACCGGCTA-1_4_1"
"649","TGGAGAGCAGCCGGTT-1_4_1"
"650","TGGAGGAAGGCATCTT-1_4_1"
"651","TGGAGGATCGTTGCCT-1_4_1"
"652","TGGATCAAGTTTAGGA-1_4_1"
"653","TGGCGTGGTTTAAGGA-1_4_1"
"654","TGGGAAGAGAAGTCTA-1_4_1"
"655","TGGGCGTCATCTTCGC-1_4_1"
"656","TGGGCGTTCCTACACC-1_4_1"
"657","TGGGCTGAGACTTCGT-1_4_1"
"658","TGGTACACACCGCTGA-1_4_1"
"659","TGGTGATGTTGACTAC-1_4_1"
"660","TGTAACGAGCAAGTGC-1_4_1"
"661","TGTAACGCAGTTGTCA-1_4_1"
"662","TGTAACGCATCGATGT-1_4_1"
"663","TGTACAGAGGGTGAAA-1_4_1"
"664","TGTACAGGTTTCGACA-1_4_1"
"665","TGTAGACGTGTCATTG-1_4_1"
"666","TGTCCACCAGCTATTG-1_4_1"
"667","TGTCCCAAGTTGTAGA-1_4_1"
"668","TGTGATGTCATCGCAA-1_4_1"
"669","TGTGCGGGTCTTCGAA-1_4_1"
"670","TGTGGCGCACACCAGC-1_4_1"
"671","TGTTACTAGACATGCG-1_4_1"
"672","TGTTACTCATGCCGGT-1_4_1"
"673","TGTTCCGGTCGCGTTG-1_4_1"
"674","TGTTCTAGTACGTGAG-1_4_1"
"675","TGTTGAGGTTGGTAGG-1_4_1"
"676","TGTTTGTCAGCCCAGT-1_4_1"
"677","TTAATCCGTAACATGA-1_4_1"
"678","TTAATCCGTTCCGTTC-1_4_1"
"679","TTAATCCTCACAAGAA-1_4_1"
"680","TTACAGGCACGACTAT-1_4_1"
"681","TTACCATTCATCAGTG-1_4_1"
"682","TTACGCCCACGCAGTC-1_4_1"
"683","TTACGCCGTAGCGCCT-1_4_1"
"684","TTACGCCGTTCGAAGG-1_4_1"
"685","TTACGCCTCGCCTTTG-1_4_1"
"686","TTACGTTTCCTACCAC-1_4_1"
"687","TTACTGTGTCATCTAG-1_4_1"
"688","TTACTGTGTGTGTGTT-1_4_1"
"689","TTAGGCATCCTACGGG-1_4_1"
"690","TTAGGGTGTCCCGCAA-1_4_1"
"691","TTATTGCGTAGCTTGT-1_4_1"
"692","TTCACCGGTTAAGAAC-1_4_1"
"693","TTCATTGTCCTAGAGT-1_4_1"
"694","TTCATTGTCTTCCTAA-1_4_1"
"695","TTCCGTGAGCGGTAGT-1_4_1"
"696","TTCCGTGAGGGTAGCT-1_4_1"
"697","TTCCGTGCAACGCCCA-1_4_1"
"698","TTCCGTGCAGCGATTT-1_4_1"
"699","TTCCTCTAGGCGACAT-1_4_1"
"700","TTCCTCTGTTAAAGTG-1_4_1"
"701","TTCCTTCCAATTGGTC-1_4_1"
"702","TTCGATTCATTCCTCG-1_4_1"
"703","TTCTAGTCACTACCCT-1_4_1"
"704","TTCTTGATCTCAATCT-1_4_1"
"705","TTCTTGATCTCTTAAC-1_4_1"
"706","TTGACCCGTGGTTTAC-1_4_1"
"707","TTGACCCTCCTTATGT-1_4_1"
"708","TTGCATTCAGCATACT-1_4_1"
"709","TTGCCTGTCAACGTGT-1_4_1"
"710","TTGCGTCTCAGTCCGG-1_4_1"
"711","TTGCTGCGTCGCTCGA-1_4_1"
"712","TTGCTGCTCGTAGAGG-1_4_1"
"713","TTGGGCGGTCACAGTT-1_4_1"
"714","TTGTTGTGTCATATGC-1_4_1"
"715","TTGTTTGGTAACGCGA-1_4_1"
"716","TTTACCAGTTTGCCGG-1_4_1"
"717","TTTACCATCGCGCCAA-1_4_1"
"718","TTTACGTCAAGGCTTT-1_4_1"
"719","TTTACGTTCGAAGTGG-1_4_1"
"720","TTTAGTCCAGTCGTTA-1_4_1"
"721","TTTAGTCTCAGCTTGA-1_4_1"
"722","TTTATGCCATGTGGCC-1_4_1"
"723","TTTGACTAGGTAGTCG-1_4_1"
"724","TTTGATCCACGACAGA-1_4_1"
"725","TTTGGAGCAGTCAGCC-1_4_1"
"726","TTTGGTTTCAGTCACA-1_4_1"
