"","x"
"1","AAACGCTCAGTCCCGA-1_1_2"
"2","AAAGAACGTGTTGCCG-1_1_2"
"3","AAAGAACGTTCTATCT-1_1_2"
"4","AAAGGGCCAGTTGGTT-1_1_2"
"5","AAAGGGCGTAACGTTC-1_1_2"
"6","AAAGTCCCAACACAGG-1_1_2"
"7","AAAGTGACACCCTTGT-1_1_2"
"8","AAATGGACACATAGCT-1_1_2"
"9","AAATGGAGTATCGTTG-1_1_2"
"10","AACAACCGTCGCTGCA-1_1_2"
"11","AACAAGAAGATCCAAA-1_1_2"
"12","AACAAGATCTACAGGT-1_1_2"
"13","AACAGGGCACCATAAC-1_1_2"
"14","AACAGGGCAGAAATTG-1_1_2"
"15","AACAGGGTCTCATTAC-1_1_2"
"16","AACCATGTCCATTTAC-1_1_2"
"17","AACCATGTCTGTCAGA-1_1_2"
"18","AACCTGACATTCATCT-1_1_2"
"19","AACTTCTGTGCACATT-1_1_2"
"20","AAGAACAAGGACAAGA-1_1_2"
"21","AAGAACACAGACACAG-1_1_2"
"22","AAGAACATCGTTGTAG-1_1_2"
"23","AAGACTCAGTCATTGC-1_1_2"
"24","AAGACTCGTGTTGACT-1_1_2"
"25","AAGATAGGTATCGTTG-1_1_2"
"26","AAGCATCAGTGATAAC-1_1_2"
"27","AAGCCATAGTGGACTG-1_1_2"
"28","AAGCCATTCTTAATCC-1_1_2"
"29","AAGCGAGAGAGTTGTA-1_1_2"
"30","AAGCGAGAGCGACTAG-1_1_2"
"31","AAGCGAGCAGGCTTGC-1_1_2"
"32","AAGCGTTCAAACTGCT-1_1_2"
"33","AAGCGTTTCGCCTATC-1_1_2"
"34","AAGGAATTCATTGTTC-1_1_2"
"35","AAGTACCAGCCGATAG-1_1_2"
"36","AAGTCGTCAGAGTGTG-1_1_2"
"37","AAGTTCGCAGTAACGG-1_1_2"
"38","AAGTTCGTCCCAGGCA-1_1_2"
"39","AATCGACAGTTACGTC-1_1_2"
"40","AATGAAGAGGTTGCCC-1_1_2"
"41","AATGACCTCATTCGGA-1_1_2"
"42","AATGGCTTCATGCTAG-1_1_2"
"43","AATTCCTTCTCGTCGT-1_1_2"
"44","AATTTCCCATGATCTG-1_1_2"
"45","AATTTCCTCAGCACCG-1_1_2"
"46","ACAAAGAGTAGTATAG-1_1_2"
"47","ACAAGCTTCATGTCTT-1_1_2"
"48","ACACAGTAGCATGCGA-1_1_2"
"49","ACACAGTCAGTGGGTA-1_1_2"
"50","ACACGCGTCCGCCTAT-1_1_2"
"51","ACATCCCTCCATAAGC-1_1_2"
"52","ACATCCCTCTCTCGAC-1_1_2"
"53","ACATTTCTCATCGCAA-1_1_2"
"54","ACCACAACAGCGAACA-1_1_2"
"55","ACCATTTTCTCGACGG-1_1_2"
"56","ACCCAAAAGGACAGTC-1_1_2"
"57","ACCCAAACACCGCTAG-1_1_2"
"58","ACCCTTGCATGGTGGA-1_1_2"
"59","ACCCTTGTCTTCTAAC-1_1_2"
"60","ACCTGAACAATGCTCA-1_1_2"
"61","ACGATCACACATTCGA-1_1_2"
"62","ACGATCACACTCCCTA-1_1_2"
"63","ACGATGTGTCCTCATC-1_1_2"
"64","ACGATGTTCAAGGACG-1_1_2"
"65","ACGCACGAGCATGAAT-1_1_2"
"66","ACGCACGGTGCAACGA-1_1_2"
"67","ACGCACGTCAGGACAG-1_1_2"
"68","ACGGGTCGTGAATATG-1_1_2"
"69","ACGGTTACATGGTGGA-1_1_2"
"70","ACGTAACAGTAATCCC-1_1_2"
"71","ACGTAACGTCACTTCC-1_1_2"
"72","ACGTACACAAAGGGCT-1_1_2"
"73","ACGTAGTGTGCAGTGA-1_1_2"
"74","ACTATCTCAGGTTCGC-1_1_2"
"75","ACTATGGCAGGAACCA-1_1_2"
"76","ACTGCAAAGGTGAGCT-1_1_2"
"77","ACTGCAACATGAAAGT-1_1_2"
"78","ACTGTGAAGACGGTCA-1_1_2"
"79","ACTGTGAAGCCAGACA-1_1_2"
"80","ACTGTGAAGTACAACA-1_1_2"
"81","ACTTAGGCATAGTCAC-1_1_2"
"82","ACTTATCCACAACGTT-1_1_2"
"83","ACTTCGCAGTCATCGT-1_1_2"
"84","ACTTTCAGTAACGGTG-1_1_2"
"85","ACTTTGTCAGTCTTCC-1_1_2"
"86","ACTTTGTGTCGGTGTC-1_1_2"
"87","AGAAATGTCCTGCCAT-1_1_2"
"88","AGAAGCGAGTCATGCT-1_1_2"
"89","AGAAGCGTCACGTCCT-1_1_2"
"90","AGAAGTACAAGATGGC-1_1_2"
"91","AGACAAAGTATACAGA-1_1_2"
"92","AGACAGGTCCCGTGTT-1_1_2"
"93","AGACCATTCGACCAAT-1_1_2"
"94","AGACTCAGTACTAAGA-1_1_2"
"95","AGACTCAGTCTGTGCG-1_1_2"
"96","AGAGAATAGCAAATCA-1_1_2"
"97","AGAGCCCAGCACGATG-1_1_2"
"98","AGATAGACACTACTTT-1_1_2"
"99","AGATCCAGTATACGGG-1_1_2"
"100","AGATCGTGTAAGAACT-1_1_2"
"101","AGATCGTTCTAGGCAT-1_1_2"
"102","AGATGCTCATGGGAAC-1_1_2"
"103","AGCATCAAGTGTTGTC-1_1_2"
"104","AGCCAATTCTCATAGG-1_1_2"
"105","AGCCACGCAGTTAGAA-1_1_2"
"106","AGCCACGTCGTTGTTT-1_1_2"
"107","AGCGATTCACCTTCGT-1_1_2"
"108","AGCGCCACATGGCCCA-1_1_2"
"109","AGCGCCAGTACCATAC-1_1_2"
"110","AGCTCAACAGGGAGAG-1_1_2"
"111","AGCTCAATCTGGAGAG-1_1_2"
"112","AGGAAATCAGACCTAT-1_1_2"
"113","AGGAATAAGAAGAACG-1_1_2"
"114","AGGAATACATCGGTTA-1_1_2"
"115","AGGAGGTCACACCAGC-1_1_2"
"116","AGGATCTCACTCTGCT-1_1_2"
"117","AGGGAGTCAATCTAGC-1_1_2"
"118","AGGGCCTTCACTGGGC-1_1_2"
"119","AGGGCTCGTGGTCCCA-1_1_2"
"120","AGGGCTCTCCATTTGT-1_1_2"
"121","AGGGTCCTCATTTGCT-1_1_2"
"122","AGGGTGAGTCCAGTTA-1_1_2"
"123","AGGGTTTTCTGAGGTT-1_1_2"
"124","AGGTGTTCAATAGGGC-1_1_2"
"125","AGGTTACAGTAGCAAT-1_1_2"
"126","AGGTTGTGTCACGTGC-1_1_2"
"127","AGGTTGTTCACTGCTC-1_1_2"
"128","AGGTTGTTCAGCACCG-1_1_2"
"129","AGTAACCGTACGATTC-1_1_2"
"130","AGTACCATCGGACTTA-1_1_2"
"131","AGTAGCTAGGCGACAT-1_1_2"
"132","AGTAGTCGTCTGCCTT-1_1_2"
"133","AGTGATCTCGCCTTGT-1_1_2"
"134","AGTGCCGCAAGTATAG-1_1_2"
"135","ATACCGAGTTTCGTAG-1_1_2"
"136","ATACTTCGTACATACC-1_1_2"
"137","ATAGACCAGCCTCTCT-1_1_2"
"138","ATAGACCAGCGTGTCC-1_1_2"
"139","ATAGACCCAGGCACAA-1_1_2"
"140","ATAGAGAGTTGTCATG-1_1_2"
"141","ATAGAGATCAGATGCT-1_1_2"
"142","ATAGGCTAGAATCGAT-1_1_2"
"143","ATCATTCAGAGTCGAC-1_1_2"
"144","ATCATTCCACATGAAA-1_1_2"
"145","ATCATTCCACTTCTCG-1_1_2"
"146","ATCCATTAGACTCAAA-1_1_2"
"147","ATCCATTAGGTGAGCT-1_1_2"
"148","ATCCATTAGTCGAAAT-1_1_2"
"149","ATCCTATAGGCTAAAT-1_1_2"
"150","ATCGATGTCCAAGGGA-1_1_2"
"151","ATGAGGGAGTGCAGGT-1_1_2"
"152","ATGCGATTCAGCTTGA-1_1_2"
"153","ATGGATCTCGGACGTC-1_1_2"
"154","ATGGGAGTCAGACCCG-1_1_2"
"155","ATGGTTGTCTGGAGAG-1_1_2"
"156","ATGTCCCAGTTCATCG-1_1_2"
"157","ATGTCCCGTACTGACT-1_1_2"
"158","ATTACCTGTATAGGGC-1_1_2"
"159","ATTATCCGTTCCGCAG-1_1_2"
"160","ATTCAGGTCGTTACCC-1_1_2"
"161","ATTCCATGTTCTATCT-1_1_2"
"162","ATTCCCGAGGAATCGC-1_1_2"
"163","ATTCCCGCACCAGCTG-1_1_2"
"164","ATTCTTGCAAATCAAG-1_1_2"
"165","ATTCTTGTCGTCAAAC-1_1_2"
"166","ATTGGGTCAATACCTG-1_1_2"
"167","ATTGGGTTCCGAAGGA-1_1_2"
"168","CAACCAAAGAGGATGA-1_1_2"
"169","CAACCTCTCGGTAACT-1_1_2"
"170","CAACGGCTCCGTCCTA-1_1_2"
"171","CAAGACTGTTAGGACG-1_1_2"
"172","CAAGCTAAGCTTCGTA-1_1_2"
"173","CAAGGGACACCGTCTT-1_1_2"
"174","CAATACGAGGTTCACT-1_1_2"
"175","CAATCGACATATCGGT-1_1_2"
"176","CACAACATCCTCACGT-1_1_2"
"177","CACACAAGTGCTTATG-1_1_2"
"178","CACACAATCCATCGTC-1_1_2"
"179","CACAGATTCGGTTGTA-1_1_2"
"180","CACATGATCGGCTTGG-1_1_2"
"181","CACGGGTGTGTGTGGA-1_1_2"
"182","CACTAAGGTTAGTTCG-1_1_2"
"183","CAGATCAGTAAGCGGT-1_1_2"
"184","CAGATTGCAGCGTGAA-1_1_2"
"185","CAGCAGCCAGGAGGAG-1_1_2"
"186","CAGCCAGCAGTGTACT-1_1_2"
"187","CAGCGTGAGTATGGCG-1_1_2"
"188","CAGCGTGTCCCGTGTT-1_1_2"
"189","CAGGCCAAGCTTCATG-1_1_2"
"190","CAGGCCAGTCAACACT-1_1_2"
"191","CAGGCCAGTGTTCATG-1_1_2"
"192","CAGGGCTAGCGCTGCT-1_1_2"
"193","CAGGTATAGTTGTAGA-1_1_2"
"194","CAGTGCGAGGCTTTCA-1_1_2"
"195","CAGTGCGGTGCATCTA-1_1_2"
"196","CATACCCCACAATCTG-1_1_2"
"197","CATACCCTCGGCTGGT-1_1_2"
"198","CATACTTTCGACACCG-1_1_2"
"199","CATAGACCATTCACCC-1_1_2"
"200","CATCCACTCCATCACC-1_1_2"
"201","CATCGGGCACATTCGA-1_1_2"
"202","CATCGGGGTGTTCCTC-1_1_2"
"203","CATCGTCAGGTCATCT-1_1_2"
"204","CATCGTCCATTAGGCT-1_1_2"
"205","CATGCAAGTAGTGATA-1_1_2"
"206","CATGCAAGTTGGGACA-1_1_2"
"207","CATGCAATCGAGAAAT-1_1_2"
"208","CATGCCTAGTAGTCCT-1_1_2"
"209","CATGCGGTCGCCTTGT-1_1_2"
"210","CATGGATCACATTACG-1_1_2"
"211","CATGGTACAGCTTCCT-1_1_2"
"212","CATGGTATCGGTGCAC-1_1_2"
"213","CATTCATGTTTATGCG-1_1_2"
"214","CATTCTAAGGCCGCTT-1_1_2"
"215","CATTCTAAGGGCATGT-1_1_2"
"216","CATTGAGAGTCAGCGA-1_1_2"
"217","CATTGAGTCCCGTGAG-1_1_2"
"218","CATTGTTCAGTAACCT-1_1_2"
"219","CATTGTTTCCCAATAG-1_1_2"
"220","CCAATGAGTCTAGTGT-1_1_2"
"221","CCACACTGTGAGGAAA-1_1_2"
"222","CCACACTTCACAAGGG-1_1_2"
"223","CCACGAGCAACGATTC-1_1_2"
"224","CCACTTGCAAGCAATA-1_1_2"
"225","CCACTTGCATTGCCTC-1_1_2"
"226","CCACTTGTCGTGGGAA-1_1_2"
"227","CCATCACGTACCTAAC-1_1_2"
"228","CCATCACGTTGACTGT-1_1_2"
"229","CCCAACTAGCTACTAC-1_1_2"
"230","CCCTCAAGTAATTGGA-1_1_2"
"231","CCCTCTCGTACGATGG-1_1_2"
"232","CCCTGATCACCCTCTA-1_1_2"
"233","CCCTTAGAGCGTGAGT-1_1_2"
"234","CCGCAAGAGGTAAGTT-1_1_2"
"235","CCGCAAGGTTAAGCAA-1_1_2"
"236","CCGGACAAGAGGCCAT-1_1_2"
"237","CCGGACACAGCGCGTT-1_1_2"
"238","CCGGACACATTGCTTT-1_1_2"
"239","CCGGGTACACTATCCC-1_1_2"
"240","CCGGTGAAGATAACGT-1_1_2"
"241","CCGTGAGTCGGAGTGA-1_1_2"
"242","CCGTTCACAGCTGTGC-1_1_2"
"243","CCTAACCTCTGTAACG-1_1_2"
"244","CCTACGTAGAGCAGCT-1_1_2"
"245","CCTCAACTCAAGCGTT-1_1_2"
"246","CCTCACAGTCTTGGTA-1_1_2"
"247","CCTCACAGTGGCTGAA-1_1_2"
"248","CCTCAGTAGCCTGACC-1_1_2"
"249","CCTCCAAGTACCCGCA-1_1_2"
"250","CCTCCTCGTAAGATCA-1_1_2"
"251","CCTCTAGGTAGCTTGT-1_1_2"
"252","CCTCTCCAGGTCCGAA-1_1_2"
"253","CCTCTCCTCTGAGTCA-1_1_2"
"254","CCTGCATCAGCACAGA-1_1_2"
"255","CCTGCATTCGGTTAGT-1_1_2"
"256","CCTGTTGTCTGATGGT-1_1_2"
"257","CCTTTGGAGTAAACTG-1_1_2"
"258","CCTTTGGCAAGCCATT-1_1_2"
"259","CCTTTGGCATGCCGAC-1_1_2"
"260","CGAAGGAGTTCGGTAT-1_1_2"
"261","CGAATTGTCCCGAAAT-1_1_2"
"262","CGACAGCCAGCAGAAC-1_1_2"
"263","CGAGAAGAGGACAGTC-1_1_2"
"264","CGAGGAAAGTCGCGAA-1_1_2"
"265","CGAGGAACATGCTGCG-1_1_2"
"266","CGAGGAATCGTCGATA-1_1_2"
"267","CGAGGCTAGGACTATA-1_1_2"
"268","CGAGTTAAGACCAAGC-1_1_2"
"269","CGAGTTATCGATGCAT-1_1_2"
"270","CGATGCGGTTACCTTT-1_1_2"
"271","CGATGCGTCCACAGCG-1_1_2"
"272","CGATGGCAGCAAGGAA-1_1_2"
"273","CGATGGCCATCGGTTA-1_1_2"
"274","CGATGGCGTACTCCCT-1_1_2"
"275","CGCAGGTCAATCCTAG-1_1_2"
"276","CGGAACCCACGGCCAT-1_1_2"
"277","CGGAACCTCTGCGAGC-1_1_2"
"278","CGGAATTAGGCACCAA-1_1_2"
"279","CGGACACGTGACCGAA-1_1_2"
"280","CGGGACTTCGGCCCAA-1_1_2"
"281","CGGGCATGTATGAGGC-1_1_2"
"282","CGGGTCAGTAGCTTAC-1_1_2"
"283","CGGGTCATCCGATAAC-1_1_2"
"284","CGGGTGTAGCTCGTGC-1_1_2"
"285","CGTAAGTCAGTCGGTC-1_1_2"
"286","CGTAAGTCAGTGACCC-1_1_2"
"287","CGTAAGTGTCAGGCAA-1_1_2"
"288","CGTAAGTGTGTTTACG-1_1_2"
"289","CGTCCATCACCAGTTA-1_1_2"
"290","CGTGAATAGTCAGAGC-1_1_2"
"291","CGTGCTTAGCAGGTCA-1_1_2"
"292","CGTGCTTAGTTACTCG-1_1_2"
"293","CGTGTCTAGTAGGATT-1_1_2"
"294","CGTTAGAAGCTGTCCG-1_1_2"
"295","CTAACCCAGTCTAGCT-1_1_2"
"296","CTACAGATCCTGGGAC-1_1_2"
"297","CTACCCAGTGCTTCAA-1_1_2"
"298","CTATAGGGTATCAAGA-1_1_2"
"299","CTATAGGGTGACGTCC-1_1_2"
"300","CTCAACCAGGTGCAGT-1_1_2"
"301","CTCAACCGTTAGAGAT-1_1_2"
"302","CTCAATTGTTAGGCCC-1_1_2"
"303","CTCACTGTCTGATGGT-1_1_2"
"304","CTCAGAAAGCTGAGCA-1_1_2"
"305","CTCAGGGAGTTGCTCA-1_1_2"
"306","CTCATGCGTGAATGAT-1_1_2"
"307","CTCATGCTCTAGTCAG-1_1_2"
"308","CTCATTACAACTACGT-1_1_2"
"309","CTCATTAGTGCTCTTC-1_1_2"
"310","CTCCAACAGGTTCATC-1_1_2"
"311","CTCCACATCCCTTGTG-1_1_2"
"312","CTCCATGGTATCCCAA-1_1_2"
"313","CTCCATGTCTGACAGT-1_1_2"
"314","CTCCCTCGTTCGGTCG-1_1_2"
"315","CTCCTTTAGCGTCGAA-1_1_2"
"316","CTCCTTTGTCCGTACG-1_1_2"
"317","CTCCTTTTCAACTGGT-1_1_2"
"318","CTCGAGGTCGTCGACG-1_1_2"
"319","CTCTCGAAGCACAAAT-1_1_2"
"320","CTCTCGACATCTATCT-1_1_2"
"321","CTCTCGAGTACCAGAG-1_1_2"
"322","CTCTGGTGTCCCTCAT-1_1_2"
"323","CTGAGGCCAGAAGTGC-1_1_2"
"324","CTGCATCCATCTTAGG-1_1_2"
"325","CTGCCATTCGTGCTCT-1_1_2"
"326","CTGCGAGGTCCACGCA-1_1_2"
"327","CTGCGAGTCGATTTCT-1_1_2"
"328","CTGCTCAGTCAACCAT-1_1_2"
"329","CTGGCAGAGCGGGTTA-1_1_2"
"330","CTGGCAGCAGTCAACT-1_1_2"
"331","CTGTAGACAAACCACT-1_1_2"
"332","CTGTAGATCATGGATC-1_1_2"
"333","CTGTGAACACGTATAC-1_1_2"
"334","CTGTGGGAGCTCCATA-1_1_2"
"335","CTGTGGGCATCCCACT-1_1_2"
"336","CTTACCGCACCACATA-1_1_2"
"337","CTTAGGACATCTCATT-1_1_2"
"338","CTTCCTTCACCATAAC-1_1_2"
"339","CTTCCTTCATTATGCG-1_1_2"
"340","CTTCCTTGTCCCTAAA-1_1_2"
"341","GAAACCTAGGATTACA-1_1_2"
"342","GAACACTTCCGTCACT-1_1_2"
"343","GAACGTTGTGTACATC-1_1_2"
"344","GAAGCCCGTGGATGAC-1_1_2"
"345","GAAGGGTGTATGAAGT-1_1_2"
"346","GACACGCCAAATGCGG-1_1_2"
"347","GACACGCTCGAAGAAT-1_1_2"
"348","GACAGCCGTGCCTGCA-1_1_2"
"349","GACATCACACACACGC-1_1_2"
"350","GACCCAGTCACTCCGT-1_1_2"
"351","GACCCAGTCATCTCTA-1_1_2"
"352","GACCGTGCAACACAGG-1_1_2"
"353","GACCGTGTCTTGCAAG-1_1_2"
"354","GACGCTGAGATTAGTG-1_1_2"
"355","GACTCAATCTCGCCTA-1_1_2"
"356","GACTCTCCACAAATCC-1_1_2"
"357","GACTGATGTATCATGC-1_1_2"
"358","GACTGATGTGAATGTA-1_1_2"
"359","GACTTCCGTCATCGCG-1_1_2"
"360","GACTTCCTCACTGAAC-1_1_2"
"361","GAGATGGAGCATCTTG-1_1_2"
"362","GAGATGGAGTTAGTAG-1_1_2"
"363","GAGATGGTCGAGGCAA-1_1_2"
"364","GAGATGGTCTTTCGAT-1_1_2"
"365","GAGCCTGAGCCTCAGC-1_1_2"
"366","GAGCTGCGTCATGGCC-1_1_2"
"367","GAGCTGCTCCACGTAA-1_1_2"
"368","GAGCTGCTCTCTAGGA-1_1_2"
"369","GAGGCCTCAAGCTACT-1_1_2"
"370","GAGGCCTTCATAGACC-1_1_2"
"371","GAGGGTAAGCGACATG-1_1_2"
"372","GAGGGTATCTCACCCA-1_1_2"
"373","GAGTCATAGTACAACA-1_1_2"
"374","GAGTCATCATGGCTGC-1_1_2"
"375","GAGTCTAAGCCGCTTG-1_1_2"
"376","GAGTTACTCAGGCGAA-1_1_2"
"377","GAGTTACTCTTCGTAT-1_1_2"
"378","GAGTTGTAGTAGATCA-1_1_2"
"379","GAGTTGTGTTCGTGCG-1_1_2"
"380","GAGTTTGGTCGCTGCA-1_1_2"
"381","GATAGAACAGATACCT-1_1_2"
"382","GATAGCTTCAAGGTGG-1_1_2"
"383","GATAGCTTCCGTTGGG-1_1_2"
"384","GATAGCTTCGGCAGTC-1_1_2"
"385","GATAGCTTCGGTTCAA-1_1_2"
"386","GATCACACATCAGTCA-1_1_2"
"387","GATCCCTAGCCACCGT-1_1_2"
"388","GATGACTCACTTACAG-1_1_2"
"389","GATGAGGCAAAGACTA-1_1_2"
"390","GATGCTATCGAACGGA-1_1_2"
"391","GATGCTATCTGTGCTC-1_1_2"
"392","GATGGAGAGGGACCAT-1_1_2"
"393","GATGTTGAGTTCGCAT-1_1_2"
"394","GATTCGAAGTGAGTGC-1_1_2"
"395","GATTGGTTCAAGTAAG-1_1_2"
"396","GATTTCTTCACGGAGA-1_1_2"
"397","GCAACCGGTAGGCTGA-1_1_2"
"398","GCACATAAGTGGAATT-1_1_2"
"399","GCACGGTAGGATGCGT-1_1_2"
"400","GCACGTGTCGGCTTGG-1_1_2"
"401","GCAGCCAGTATGAGAT-1_1_2"
"402","GCAGGCTGTATGACAA-1_1_2"
"403","GCAGGCTGTATTAAGG-1_1_2"
"404","GCAGGCTTCTTGTTAC-1_1_2"
"405","GCAGTTAGTTACGTAC-1_1_2"
"406","GCATCGGGTGCGAGTA-1_1_2"
"407","GCCAACGCAAGCCATT-1_1_2"
"408","GCCAACGCAAGGAGTC-1_1_2"
"409","GCCAACGCATCAGTGT-1_1_2"
"410","GCCAGGTAGCTAATCC-1_1_2"
"411","GCCAGTGCAATAGTAG-1_1_2"
"412","GCCATGGAGTAGGATT-1_1_2"
"413","GCCATGGTCGCATGAT-1_1_2"
"414","GCCCGAACAGCGGTTC-1_1_2"
"415","GCCGATGAGCAATTCC-1_1_2"
"416","GCGTTTCAGCGATTCT-1_1_2"
"417","GCGTTTCGTCAGTCGC-1_1_2"
"418","GCGTTTCTCGTAGTGT-1_1_2"
"419","GCTACAAGTGCGAGTA-1_1_2"
"420","GCTACCTCACAAGCCC-1_1_2"
"421","GCTACCTTCAAAGGTA-1_1_2"
"422","GCTGAATAGAGTTGCG-1_1_2"
"423","GCTGAATGTACCAGAG-1_1_2"
"424","GCTGGGTAGATTCGAA-1_1_2"
"425","GCTTCACCAGAGGTAC-1_1_2"
"426","GGAAGTGAGATGCTGG-1_1_2"
"427","GGAAGTGCAACCAATC-1_1_2"
"428","GGAAGTGCAGGCTACC-1_1_2"
"429","GGAAGTGCAGTATTCG-1_1_2"
"430","GGAAGTGTCTAGGCAT-1_1_2"
"431","GGAGATGCACCCTGAG-1_1_2"
"432","GGAGGATGTGGATTTC-1_1_2"
"433","GGCTTGGGTGGCCTCA-1_1_2"
"434","GGCTTGGTCGTCAAAC-1_1_2"
"435","GGCTTTCTCCCAGCGA-1_1_2"
"436","GGGAAGTGTCTCGACG-1_1_2"
"437","GGGACAAGTTACGCCG-1_1_2"
"438","GGGACCTTCTGACCCT-1_1_2"
"439","GGGATGAGTGGCTACC-1_1_2"
"440","GGGCGTTGTTGGGTAG-1_1_2"
"441","GGGCTACTCTACAGGT-1_1_2"
"442","GGGTAGACACAGTCCG-1_1_2"
"443","GGGTCTGCACACCAGC-1_1_2"
"444","GGGTGTCGTGCCCGTA-1_1_2"
"445","GGGTGTCGTGGGTTGA-1_1_2"
"446","GGGTTATAGCAATTCC-1_1_2"
"447","GGGTTATTCCCAGCGA-1_1_2"
"448","GGGTTTATCAGTCCGG-1_1_2"
"449","GGTAATCCATTGTAGC-1_1_2"
"450","GGTAGAGCAAGCTGCC-1_1_2"
"451","GGTAGAGCAGCCGGTT-1_1_2"
"452","GGTCACGAGTGCACAG-1_1_2"
"453","GGTCTGGCATGATCTG-1_1_2"
"454","GGTGAAGCAAGCTGCC-1_1_2"
"455","GGTGATTTCAGTCAGT-1_1_2"
"456","GGTTAACTCGTGAGAG-1_1_2"
"457","GGTTCTCCAACAGAGC-1_1_2"
"458","GGTTCTCGTGCCTAAT-1_1_2"
"459","GTAAGTCAGTTAGTAG-1_1_2"
"460","GTAATCGTCTCGGTAA-1_1_2"
"461","GTAATGCCATCAACCA-1_1_2"
"462","GTAATGCGTTAGCTAC-1_1_2"
"463","GTACAACAGCCGAATG-1_1_2"
"464","GTAGAGGTCCCTCTAG-1_1_2"
"465","GTAGATCTCTCACGAA-1_1_2"
"466","GTAGCTAGTTTGTTCT-1_1_2"
"467","GTAGGAGCAACAGCCC-1_1_2"
"468","GTAGGAGCAAGCGATG-1_1_2"
"469","GTATTGGTCCAAGCAT-1_1_2"
"470","GTATTGGTCTACACTT-1_1_2"
"471","GTATTTCGTCTGATCA-1_1_2"
"472","GTATTTCGTGCAGATG-1_1_2"
"473","GTATTTCTCCTGGTCT-1_1_2"
"474","GTCAAACGTGCGTCGT-1_1_2"
"475","GTCACTCAGGAGTCTG-1_1_2"
"476","GTCAGCGAGCATACTC-1_1_2"
"477","GTCATGAAGAATTGTG-1_1_2"
"478","GTCATGAGTGACACGA-1_1_2"
"479","GTCATTTGTTTCGATG-1_1_2"
"480","GTCCCATAGAATTGCA-1_1_2"
"481","GTCCCATTCCCGTGAG-1_1_2"
"482","GTCGAATCAACCCTAA-1_1_2"
"483","GTCGAATGTCGCAACC-1_1_2"
"484","GTCGCGAAGTCACAGG-1_1_2"
"485","GTCGCGACAAGACGGT-1_1_2"
"486","GTCGCGATCGATACTG-1_1_2"
"487","GTCGTAACACGACGTC-1_1_2"
"488","GTCTACCTCTACTGAG-1_1_2"
"489","GTCTAGAGTAGGTAGC-1_1_2"
"490","GTCTCACCAATGAACA-1_1_2"
"491","GTCTGTCCACCGGTCA-1_1_2"
"492","GTCTGTCCATCGATCA-1_1_2"
"493","GTGAGCCAGTAGTCTC-1_1_2"
"494","GTGAGGACATTGTCGA-1_1_2"
"495","GTGAGGAGTCCCTGAG-1_1_2"
"496","GTGAGTTAGGGCAACT-1_1_2"
"497","GTGAGTTTCGTGCATA-1_1_2"
"498","GTGATGTGTATGTCAC-1_1_2"
"499","GTGCACGAGTTGGCTT-1_1_2"
"500","GTGCTGGAGAATCTAG-1_1_2"
"501","GTGCTGGAGGATATAC-1_1_2"
"502","GTGCTTCGTAGATTAG-1_1_2"
"503","GTGGAAGCAACACAAA-1_1_2"
"504","GTGGAAGCACATGAAA-1_1_2"
"505","GTGGCGTTCATGGCCG-1_1_2"
"506","GTGGGAAGTTTCTTAC-1_1_2"
"507","GTGTCCTAGCACAAAT-1_1_2"
"508","GTGTCCTGTCTAGTGT-1_1_2"
"509","GTGTGATGTCTAACTG-1_1_2"
"510","GTGTTCCGTTTACCTT-1_1_2"
"511","GTGTTCCTCATTACCT-1_1_2"
"512","GTTACCCAGGCTAGCA-1_1_2"
"513","GTTACCCTCTGCAGCG-1_1_2"
"514","GTTACGAAGGATACGC-1_1_2"
"515","GTTACGACACTGGATT-1_1_2"
"516","GTTAGTGGTGAGTTTC-1_1_2"
"517","GTTATGGAGCCTCTGG-1_1_2"
"518","GTTATGGCACGCTGCA-1_1_2"
"519","GTTATGGCAGAACCGA-1_1_2"
"520","GTTCCGTAGGATTACA-1_1_2"
"521","GTTCCGTGTGGCCTCA-1_1_2"
"522","GTTCCGTGTTCGGCTG-1_1_2"
"523","GTTCTATCAGGCGATA-1_1_2"
"524","GTTGCTCGTGGATTTC-1_1_2"
"525","GTTGTAGGTATAATGG-1_1_2"
"526","GTTGTCCCAAATAGCA-1_1_2"
"527","GTTTGGAGTATGGAGC-1_1_2"
"528","GTTTGGAGTGTCACAT-1_1_2"
"529","GTTTGGATCTCATTAC-1_1_2"
"530","TAACCAGAGGAACTCG-1_1_2"
"531","TAACCAGCAATCGTCA-1_1_2"
"532","TAACGACGTATTCCGA-1_1_2"
"533","TAACGACTCTCAGTCC-1_1_2"
"534","TAAGCCAGTCTGCGCA-1_1_2"
"535","TAAGCCATCGTCACCT-1_1_2"
"536","TAAGCGTGTATGAAGT-1_1_2"
"537","TAAGCGTGTGGGCTCT-1_1_2"
"538","TAAGTCGGTAGATCGG-1_1_2"
"539","TACAACGAGTCGGCAA-1_1_2"
"540","TACACCCTCTAGCCTC-1_1_2"
"541","TACACCCTCTCCACTG-1_1_2"
"542","TACAGGTGTGTCTTCC-1_1_2"
"543","TACCCACCACTGGACC-1_1_2"
"544","TACCCGTAGATGATTG-1_1_2"
"545","TACCCGTTCGGTGAAG-1_1_2"
"546","TACCGAAGTCGGTGAA-1_1_2"
"547","TACCGAATCTAACACG-1_1_2"
"548","TACGCTCAGTCATACC-1_1_2"
"549","TACGTCCTCATGCCGG-1_1_2"
"550","TACTGCCAGTGAACAT-1_1_2"
"551","TACTGCCCATGGCCAC-1_1_2"
"552","TACTTGTTCCGAGAAG-1_1_2"
"553","TAGACTGCAGCCGTTG-1_1_2"
"554","TAGACTGCAGCGGTCT-1_1_2"
"555","TAGAGTCAGGCCCACT-1_1_2"
"556","TAGGTACAGCAGGTCA-1_1_2"
"557","TAGGTACCAACGACTT-1_1_2"
"558","TAGGTACGTTGCACGC-1_1_2"
"559","TATCAGGAGTTCGCAT-1_1_2"
"560","TATCTGTAGGCCCACT-1_1_2"
"561","TATGTTCGTTCAATCG-1_1_2"
"562","TATTGGGGTATCTTCT-1_1_2"
"563","TCAAGACAGGGATCAC-1_1_2"
"564","TCACAAGTCCATAGGT-1_1_2"
"565","TCACACCTCTGTCGTC-1_1_2"
"566","TCACATTGTTCGGCCA-1_1_2"
"567","TCACTATCAACCGCCA-1_1_2"
"568","TCACTCGCAGGTGTGA-1_1_2"
"569","TCACTCGTCACCATAG-1_1_2"
"570","TCAGGGCAGGGTCAAC-1_1_2"
"571","TCAGGTAGTAGACGGT-1_1_2"
"572","TCAGGTATCGAAGAAT-1_1_2"
"573","TCATACTTCTTTGCGC-1_1_2"
"574","TCATCATGTTCATCGA-1_1_2"
"575","TCATGAGCAATGTGGG-1_1_2"
"576","TCATGAGCAGTAGATA-1_1_2"
"577","TCATGAGGTATTGCCA-1_1_2"
"578","TCATGGAGTATCTCGA-1_1_2"
"579","TCATTACAGGTTTGAA-1_1_2"
"580","TCATTCACAGCAGATG-1_1_2"
"581","TCATTCAGTCTGTAAC-1_1_2"
"582","TCCAGAACAAGGTCTT-1_1_2"
"583","TCCATGCAGCTGCCTG-1_1_2"
"584","TCCGAAACACTGGACC-1_1_2"
"585","TCCGAAAGTGGTGATG-1_1_2"
"586","TCCGTGTGTTCCACAA-1_1_2"
"587","TCCTCTTGTGTTGACT-1_1_2"
"588","TCCTGCATCAAAGACA-1_1_2"
"589","TCGAAGTTCCACACAA-1_1_2"
"590","TCGACCTTCGGCCAAC-1_1_2"
"591","TCGCAGGGTACTCGAT-1_1_2"
"592","TCGCTCAAGAGGCTGT-1_1_2"
"593","TCGCTTGCAAACGGCA-1_1_2"
"594","TCGGGCATCATTACGG-1_1_2"
"595","TCGGGCATCGTTCATT-1_1_2"
"596","TCGTAGAAGTCAAGCG-1_1_2"
"597","TCGTCCAAGCTAAATG-1_1_2"
"598","TCGTCCAAGGACAGCT-1_1_2"
"599","TCGTCCAGTCTCTCAC-1_1_2"
"600","TCGTGGGCATATCTCT-1_1_2"
"601","TCGTGGGGTGAATAAC-1_1_2"
"602","TCTACCGTCTAGACAC-1_1_2"
"603","TCTATACAGATCCGAG-1_1_2"
"604","TCTATCACACAATCTG-1_1_2"
"605","TCTATCAGTTGCATCA-1_1_2"
"606","TCTCCGATCTTTGCTA-1_1_2"
"607","TCTCTGGTCGAACACT-1_1_2"
"608","TCTCTGGTCTTAGCAG-1_1_2"
"609","TCTGCCACACGTTGGC-1_1_2"
"610","TCTGCCAGTTGTAAAG-1_1_2"
"611","TCTGGCTGTCGCCACA-1_1_2"
"612","TCTGTCGAGGCTATCT-1_1_2"
"613","TCTGTCGGTAACTTCG-1_1_2"
"614","TCTGTCGGTACTTCCC-1_1_2"
"615","TCTTCCTAGCTCGTGC-1_1_2"
"616","TCTTCCTAGTGCTCGC-1_1_2"
"617","TCTTCCTCACTGTCGG-1_1_2"
"618","TCTTCCTTCTTGGATG-1_1_2"
"619","TCTTTGACACCTTCGT-1_1_2"
"620","TCTTTGAGTGGAGGTT-1_1_2"
"621","TGAACGTCACAGGATG-1_1_2"
"622","TGAACGTGTAGAATGT-1_1_2"
"623","TGAACGTTCGGTCATA-1_1_2"
"624","TGACGCGTCCTTATCA-1_1_2"
"625","TGAGACTCAGCTGTGC-1_1_2"
"626","TGAGACTGTACTCGCG-1_1_2"
"627","TGAGGAGCAACAAAGT-1_1_2"
"628","TGAGGGATCACAATGC-1_1_2"
"629","TGAGGTTGTGAGCTCC-1_1_2"
"630","TGATCAGCAGGTATGG-1_1_2"
"631","TGATCTTCACCTTCGT-1_1_2"
"632","TGATCTTGTTAAAGTG-1_1_2"
"633","TGATGGTTCGTGGGTC-1_1_2"
"634","TGATTCTGTATCAGCT-1_1_2"
"635","TGCACGGCAATCAAGA-1_1_2"
"636","TGCGATAAGATGGTCG-1_1_2"
"637","TGCGATATCACAACCA-1_1_2"
"638","TGCGATATCTCAGTCC-1_1_2"
"639","TGCGGCAAGATGCTTC-1_1_2"
"640","TGCGGGTGTAGACACG-1_1_2"
"641","TGCTCCACACAGTATC-1_1_2"
"642","TGCTGAAGTAGAGCTG-1_1_2"
"643","TGCTTCGCAGCTATTG-1_1_2"
"644","TGCTTGCAGTCGGGAT-1_1_2"
"645","TGGAACTGTTAGGCTT-1_1_2"
"646","TGGAGGAAGAGGACTC-1_1_2"
"647","TGGAGGACATCGAAGG-1_1_2"
"648","TGGCGTGGTTCAGGTT-1_1_2"
"649","TGGCGTGTCTGGCTGG-1_1_2"
"650","TGGGAAGCACAAGCTT-1_1_2"
"651","TGGGAGAGTTATTCCT-1_1_2"
"652","TGGGATTCAGTGGGTA-1_1_2"
"653","TGGGATTGTTGGGATG-1_1_2"
"654","TGGGCGTAGAGAGCCT-1_1_2"
"655","TGGGCGTGTCGGCTAC-1_1_2"
"656","TGGGTTAGTCCACTCT-1_1_2"
"657","TGGGTTAGTGGCAACA-1_1_2"
"658","TGGTTAGAGTATGAGT-1_1_2"
"659","TGGTTAGGTAGGTGCA-1_1_2"
"660","TGTCCCAGTGGGATTG-1_1_2"
"661","TGTCCTGTCGCTCTCA-1_1_2"
"662","TGTGAGTAGGTCTACT-1_1_2"
"663","TGTGCGGAGATTAGAC-1_1_2"
"664","TGTGCGGAGCCTCTGG-1_1_2"
"665","TGTTCATGTCATGACT-1_1_2"
"666","TGTTCCGGTTCGGCGT-1_1_2"
"667","TGTTGGAGTGGAAGTC-1_1_2"
"668","TTAATCCGTCCTCATC-1_1_2"
"669","TTACGTTTCCCATTTA-1_1_2"
"670","TTACTGTCATCCTTCG-1_1_2"
"671","TTATTGCCAGCATGCC-1_1_2"
"672","TTATTGCTCGGCTGTG-1_1_2"
"673","TTCATGTAGTGCAAAT-1_1_2"
"674","TTCATTGCAAGTATAG-1_1_2"
"675","TTCATTGTCATAAGGA-1_1_2"
"676","TTCATTGTCGCTACAA-1_1_2"
"677","TTCCAATGTTAGGACG-1_1_2"
"678","TTCCACGTCAGGAAGC-1_1_2"
"679","TTCCGGTTCGTGCTCT-1_1_2"
"680","TTCCGTGGTTAGAAGT-1_1_2"
"681","TTCCTCTAGGGCAACT-1_1_2"
"682","TTCCTTCAGGCGTTGA-1_1_2"
"683","TTCCTTCCAGAGATGC-1_1_2"
"684","TTCCTTCCAGTGCGCT-1_1_2"
"685","TTCCTTCGTAAGGCCA-1_1_2"
"686","TTCGATTGTTGACGGA-1_1_2"
"687","TTCGCTGCACTGCGTG-1_1_2"
"688","TTCTAACCACCTGCAG-1_1_2"
"689","TTCTAGTCAAGAGTAT-1_1_2"
"690","TTCTGTACAAGAGTGC-1_1_2"
"691","TTCTTGAAGGACAACC-1_1_2"
"692","TTCTTGACAGTAACAA-1_1_2"
"693","TTGAGTGAGCGGGTAT-1_1_2"
"694","TTGCTGCCATGTTACG-1_1_2"
"695","TTGGATGAGACCAACG-1_1_2"
"696","TTGGGATAGGAAGTGA-1_1_2"
"697","TTGGGATAGTCATCGT-1_1_2"
"698","TTGGGCGGTGAGTAGC-1_1_2"
"699","TTGTGTTTCCTCCACA-1_1_2"
"700","TTGTTCAAGTTACGAA-1_1_2"
"701","TTTATGCAGAGTGTTA-1_1_2"
"702","TTTATGCAGCAACAAT-1_1_2"
"703","TTTCCTCGTATTCTCT-1_1_2"
"704","TTTCGATCAACAACAA-1_1_2"
"705","TTTGATCAGTCGGCCT-1_1_2"
"706","TTTGATCCAGGTGTTT-1_1_2"
"707","TTTGATCTCAAGGAGC-1_1_2"
"708","TTTGGAGGTAACGATA-1_1_2"
"709","TTTGTTGGTCTCCCTA-1_1_2"
"710","TTTGTTGGTTCGAGCC-1_1_2"
"711","TTTGTTGGTTGTACGT-1_1_2"
