"","x"
"1","AAACGCTCATAGAAAC-1_3_1"
"2","AAAGGTAAGCACGATG-1_3_1"
"3","AAAGGTAAGTTCGCAT-1_3_1"
"4","AAAGGTACATACGCAT-1_3_1"
"5","AAAGTCCGTAAGCGGT-1_3_1"
"6","AAAGTGAAGGTGATAT-1_3_1"
"7","AAAGTGAGTTTCCATT-1_3_1"
"8","AAATGGATCGCCATAA-1_3_1"
"9","AACAAAGTCCAACCGG-1_3_1"
"10","AACAAGAAGAAGCCTG-1_3_1"
"11","AACAAGAAGCGCTTCG-1_3_1"
"12","AACAAGATCGCCTATC-1_3_1"
"13","AACACACCAATTGAAG-1_3_1"
"14","AACAGGGCACCCAATA-1_3_1"
"15","AACAGGGCAGAATGTA-1_3_1"
"16","AACCACAGTCGCCACA-1_3_1"
"17","AACCCAACAGCATCTA-1_3_1"
"18","AACCCAATCGGCAGTC-1_3_1"
"19","AACCTTTGTCATCCCT-1_3_1"
"20","AACGAAAAGCTTTCTT-1_3_1"
"21","AACGAAACAAATTGGA-1_3_1"
"22","AACGGGACACGGCACT-1_3_1"
"23","AACGGGACACGGGTAA-1_3_1"
"24","AACGGGATCAGCAGAG-1_3_1"
"25","AAGAACACAGCTGAAG-1_3_1"
"26","AAGATAGAGTTCGGTT-1_3_1"
"27","AAGCATCCAATTCACG-1_3_1"
"28","AAGCGAGTCATCGCTC-1_3_1"
"29","AAGCGTTAGCTCATAC-1_3_1"
"30","AAGCGTTAGTCTAGCT-1_3_1"
"31","AAGCGTTTCGTAACAC-1_3_1"
"32","AAGGTAAAGGCATCTT-1_3_1"
"33","AAGTACCCAACACTAC-1_3_1"
"34","AATAGAGAGTTAGAAC-1_3_1"
"35","AATCGTGCATCTGCGG-1_3_1"
"36","AATCGTGTCAGAGTGG-1_3_1"
"37","AATGACCAGTTGCATC-1_3_1"
"38","AATGACCCACAAGCTT-1_3_1"
"39","AATGGCTAGCACTCAT-1_3_1"
"40","AATGGCTCAAACCACT-1_3_1"
"41","AATGGCTTCGACCATA-1_3_1"
"42","AATTTCCGTGATAGTA-1_3_1"
"43","ACAACCAAGAGCCGAT-1_3_1"
"44","ACAAGCTTCCCTTTGG-1_3_1"
"45","ACAAGCTTCCTCTGCA-1_3_1"
"46","ACACAGTCACTGAGGA-1_3_1"
"47","ACACCAAAGTACAACA-1_3_1"
"48","ACACCAAGTCCAGTTA-1_3_1"
"49","ACACCAAGTTCCTTGC-1_3_1"
"50","ACACGCGTCATCGACA-1_3_1"
"51","ACAGAAAAGTGGTTGG-1_3_1"
"52","ACAGCCGTCGCAGTCG-1_3_1"
"53","ACATCGAAGTGCCAGA-1_3_1"
"54","ACCAAACAGCGCCCAT-1_3_1"
"55","ACCCTCACAGTTCTAG-1_3_1"
"56","ACCGTTCAGACTGTTC-1_3_1"
"57","ACCGTTCCAAGTGGGT-1_3_1"
"58","ACCGTTCCACAACGTT-1_3_1"
"59","ACCTGTCAGGAAGTAG-1_3_1"
"60","ACCTGTCGTAGGTTTC-1_3_1"
"61","ACGATGTCAAATGCGG-1_3_1"
"62","ACGATGTGTCACGCTG-1_3_1"
"63","ACGATGTGTGTTCCTC-1_3_1"
"64","ACGCACGAGGTCATTC-1_3_1"
"65","ACGGGTCCACGGTGAA-1_3_1"
"66","ACGTAACTCTGGAAGG-1_3_1"
"67","ACGTACAGTGAGATAT-1_3_1"
"68","ACGTTCCCAAGTGGAC-1_3_1"
"69","ACGTTCCTCTACTATC-1_3_1"
"70","ACGTTCCTCTGATTCT-1_3_1"
"71","ACTACGAAGAGGCGGA-1_3_1"
"72","ACTATCTCAATCTAGC-1_3_1"
"73","ACTATGGAGGATACAT-1_3_1"
"74","ACTCTCGTCTTCACAT-1_3_1"
"75","ACTGCAACAACTCCCT-1_3_1"
"76","ACTGTCCCAAACGTGG-1_3_1"
"77","ACTTATCAGTGGATAT-1_3_1"
"78","ACTTATCCAAAGCAAT-1_3_1"
"79","ACTTATCTCTAATTCC-1_3_1"
"80","ACTTTGTAGAAACTGT-1_3_1"
"81","ACTTTGTAGTCGTCTA-1_3_1"
"82","ACTTTGTCACACCGAC-1_3_1"
"83","AGACACTAGTCAATCC-1_3_1"
"84","AGACCATCAAGGCCTC-1_3_1"
"85","AGACTCATCCTACCGT-1_3_1"
"86","AGAGAATCACCTCAGG-1_3_1"
"87","AGAGAGCTCCATTTCA-1_3_1"
"88","AGAGCAGAGCTTGTTG-1_3_1"
"89","AGAGCCCAGAGTGAAG-1_3_1"
"90","AGAGCCCCAACGTTAC-1_3_1"
"91","AGATAGATCGGTCAGC-1_3_1"
"92","AGATCGTCACGGTAGA-1_3_1"
"93","AGCCAATCACTAAACC-1_3_1"
"94","AGCCAGCAGTGAGGCT-1_3_1"
"95","AGCGCCAGTACGCTTA-1_3_1"
"96","AGCGCCATCGCTCTAC-1_3_1"
"97","AGCGTATGTGAAGCTG-1_3_1"
"98","AGCGTATTCCATTCAT-1_3_1"
"99","AGCGTCGAGCATCTTG-1_3_1"
"100","AGCGTCGCAAACCACT-1_3_1"
"101","AGCGTCGCAGGAGGAG-1_3_1"
"102","AGCTACACAAGCACAG-1_3_1"
"103","AGCTACATCGCCGAGT-1_3_1"
"104","AGCTTCCGTAAGATAC-1_3_1"
"105","AGGAATACAGCACCCA-1_3_1"
"106","AGGACGATCCACGGAC-1_3_1"
"107","AGGAGGTTCGTTCCCA-1_3_1"
"108","AGGATAAAGGTCACTT-1_3_1"
"109","AGGATAAGTAGCTTGT-1_3_1"
"110","AGGATCTAGTACCGGA-1_3_1"
"111","AGGATCTCATAGGTTC-1_3_1"
"112","AGGCATTCAATTAGGA-1_3_1"
"113","AGGCATTTCCAAGGGA-1_3_1"
"114","AGGCTGCCAGTAGATA-1_3_1"
"115","AGGCTGCTCGAAGCAG-1_3_1"
"116","AGGGAGTTCATCGCCT-1_3_1"
"117","AGGGTCCCAGAATTCC-1_3_1"
"118","AGGGTCCGTCTTACAG-1_3_1"
"119","AGGGTGAAGTAGAATC-1_3_1"
"120","AGGTAGGGTTCACCGG-1_3_1"
"121","AGGTCATAGGTCACTT-1_3_1"
"122","AGGTCATAGTGTCATC-1_3_1"
"123","AGGTCATTCTCTAGGA-1_3_1"
"124","AGGTGTTCATGACGTT-1_3_1"
"125","AGGTTACGTTACACTG-1_3_1"
"126","AGGTTACTCATCTATC-1_3_1"
"127","AGTACTGAGAGCAACC-1_3_1"
"128","AGTCAACAGCCAAGTG-1_3_1"
"129","AGTCAACCAGCGTACC-1_3_1"
"130","AGTCATGTCTAAACGC-1_3_1"
"131","AGTGATCAGATGGGCT-1_3_1"
"132","AGTGATCCACCAAATC-1_3_1"
"133","AGTGATCTCTTCTTCC-1_3_1"
"134","AGTGTTGCACTGCGAC-1_3_1"
"135","AGTTAGCGTCTCTCTG-1_3_1"
"136","AGTTAGCGTGATACCT-1_3_1"
"137","AGTTCCCCATCTTTCA-1_3_1"
"138","AGTTCGATCGGTTGTA-1_3_1"
"139","ATACTTCGTCACCGAC-1_3_1"
"140","ATAGGCTCAGATACTC-1_3_1"
"141","ATAGGCTGTGGGTCAA-1_3_1"
"142","ATATCCTCATCTTCGC-1_3_1"
"143","ATCACAGGTTGCCAAT-1_3_1"
"144","ATCACTTTCTGGGAGA-1_3_1"
"145","ATCAGGTGTGAGTGAC-1_3_1"
"146","ATCCACCCAGACATCT-1_3_1"
"147","ATCCACCTCTGCCTGT-1_3_1"
"148","ATCCATTAGTCTCGTA-1_3_1"
"149","ATCCATTCAGTTAAAG-1_3_1"
"150","ATCCATTGTTCGGTCG-1_3_1"
"151","ATCCGTCCAGACCAGA-1_3_1"
"152","ATCCGTCGTATCTCTT-1_3_1"
"153","ATCGATGCACAAGTGG-1_3_1"
"154","ATCGATGGTTCTCGTC-1_3_1"
"155","ATCGTAGAGGCTCCCA-1_3_1"
"156","ATCGTCCCATTGGGAG-1_3_1"
"157","ATCGTCCGTGTGGACA-1_3_1"
"158","ATCGTCCTCACTTTGT-1_3_1"
"159","ATCTCTAAGCAGTCTT-1_3_1"
"160","ATGACCACACGCAGTC-1_3_1"
"161","ATGAGTCAGACTTGTC-1_3_1"
"162","ATGAGTCGTCAAGCCC-1_3_1"
"163","ATGCATGCAGTATTCG-1_3_1"
"164","ATGGAGGGTCATCGCG-1_3_1"
"165","ATGGATCCACTGCATA-1_3_1"
"166","ATGGGAGGTTTGGCTA-1_3_1"
"167","ATGGGTTAGTTGGACG-1_3_1"
"168","ATGGTTGAGCACCAGA-1_3_1"
"169","ATGGTTGAGGTAGCAC-1_3_1"
"170","ATGGTTGTCGACCAAT-1_3_1"
"171","ATTATCCCAACGATTC-1_3_1"
"172","ATTCAGGAGCTCGACC-1_3_1"
"173","ATTCAGGTCCAGCTCT-1_3_1"
"174","ATTCAGGTCGCTTACC-1_3_1"
"175","ATTCCATAGTACCCTA-1_3_1"
"176","ATTCCATTCGATACTG-1_3_1"
"177","ATTCGTTAGAAGCTGC-1_3_1"
"178","ATTCGTTGTTGCTGAT-1_3_1"
"179","ATTGGGTGTAGCGAGT-1_3_1"
"180","ATTGTTCAGCACTGGA-1_3_1"
"181","ATTTACCCACGTGTGC-1_3_1"
"182","CAACCAAAGCTGACCC-1_3_1"
"183","CAACCAATCATTGCCC-1_3_1"
"184","CAACCTCCATCTTAGG-1_3_1"
"185","CAAGCTAGTAACAGTA-1_3_1"
"186","CAAGCTATCCGGCTTT-1_3_1"
"187","CAATACGAGCCTGTGC-1_3_1"
"188","CAATACGTCATAAGGA-1_3_1"
"189","CAATACGTCCGTCAAA-1_3_1"
"190","CAATCGAAGTTAGTAG-1_3_1"
"191","CAATGACAGAACCCGA-1_3_1"
"192","CAATGACCAGGTCCGT-1_3_1"
"193","CAATGACGTGCCTGAC-1_3_1"
"194","CAATGACTCCCTTGTG-1_3_1"
"195","CAATTTCGTAGCGATG-1_3_1"
"196","CACACAAAGCGTGCCT-1_3_1"
"197","CACACAACAGTTAGAA-1_3_1"
"198","CACACAACATGTGCCG-1_3_1"
"199","CACACAACATTCAGCA-1_3_1"
"200","CACACAAGTGGGATTG-1_3_1"
"201","CACAGATGTATCACGT-1_3_1"
"202","CACATGACACGGGTAA-1_3_1"
"203","CACATGACATTCCTAT-1_3_1"
"204","CACATGAGTCTCTCCA-1_3_1"
"205","CACCAAAGTCCGGATC-1_3_1"
"206","CACCGTTCAATAGTGA-1_3_1"
"207","CACGAATAGCAATTAG-1_3_1"
"208","CACGGGTTCTAAGCGT-1_3_1"
"209","CACGTGGAGACGTCGA-1_3_1"
"210","CACGTTCAGGGTATAT-1_3_1"
"211","CACTGAAGTAACGTTC-1_3_1"
"212","CACTGGGGTAATTAGG-1_3_1"
"213","CACTGGGGTTACACTG-1_3_1"
"214","CACTGGGGTTCAAAGA-1_3_1"
"215","CACTGTCAGGAACGCT-1_3_1"
"216","CACTGTCCAGCTTCGG-1_3_1"
"217","CACTGTCGTGTGATGG-1_3_1"
"218","CACTTCGCAAATGGCG-1_3_1"
"219","CACTTCGGTGAGACGT-1_3_1"
"220","CAGCAGCTCAACTGAC-1_3_1"
"221","CAGCCAGAGGGAGGCA-1_3_1"
"222","CAGCGTGCAGTCGGAA-1_3_1"
"223","CAGCGTGTCGGTGTTA-1_3_1"
"224","CAGCGTGTCTGCGGGT-1_3_1"
"225","CAGGGCTCAGGCGTTC-1_3_1"
"226","CAGGGCTGTATCGTTG-1_3_1"
"227","CAGTGCGCAGCGACCT-1_3_1"
"228","CAGTTAGTCACCCTGT-1_3_1"
"229","CAGTTCCCATTCTTCA-1_3_1"
"230","CATACTTAGTAACGTA-1_3_1"
"231","CATACTTGTCACCGAC-1_3_1"
"232","CATAGACAGCGTCAGA-1_3_1"
"233","CATAGACAGGAATCGC-1_3_1"
"234","CATCAAGAGATGGTAT-1_3_1"
"235","CATCAAGAGCTGAGCA-1_3_1"
"236","CATCCACAGAGGTCGT-1_3_1"
"237","CATCCACTCATTTCGT-1_3_1"
"238","CATCCCATCACCGGGT-1_3_1"
"239","CATCCCATCGAGAAGC-1_3_1"
"240","CATCCCATCTTTGGAG-1_3_1"
"241","CATCGCTTCACAAGGG-1_3_1"
"242","CATCGTCCAACTTGGT-1_3_1"
"243","CATGCAACAACGTAAA-1_3_1"
"244","CATGCAACAACGTATC-1_3_1"
"245","CATGCTCAGAGGGTAA-1_3_1"
"246","CATGGATAGCTGTTAC-1_3_1"
"247","CATGGTAGTTGCTCCT-1_3_1"
"248","CATGGTATCTTCCGTG-1_3_1"
"249","CATTCTAAGCCGGATA-1_3_1"
"250","CATTCTAAGCGACTTT-1_3_1"
"251","CCAAGCGAGTATGACA-1_3_1"
"252","CCAAGCGGTTCCGTTC-1_3_1"
"253","CCAATGACAAGCGCAA-1_3_1"
"254","CCACAAACAAGAATGT-1_3_1"
"255","CCACACTCAACTACGT-1_3_1"
"256","CCACACTCATCGAACT-1_3_1"
"257","CCACGTTCACTCCTTG-1_3_1"
"258","CCATCACAGAAGCCAC-1_3_1"
"259","CCATCACGTCTACAGT-1_3_1"
"260","CCCAACTAGGCATTTC-1_3_1"
"261","CCCAACTGTCTTTCAT-1_3_1"
"262","CCCAACTGTGGGTTGA-1_3_1"
"263","CCCATTGCACTCAGAT-1_3_1"
"264","CCCGGAAGTGAGTAGC-1_3_1"
"265","CCCTCTCGTTCCTACC-1_3_1"
"266","CCCTCTCTCAAAGAAC-1_3_1"
"267","CCCTTAGAGCGCATCC-1_3_1"
"268","CCCTTAGGTTGGTACT-1_3_1"
"269","CCCTTAGTCCTTCAGC-1_3_1"
"270","CCGATGGCATCGTGGC-1_3_1"
"271","CCGATGGGTCCAAGAG-1_3_1"
"272","CCGCAAGGTATCGAGG-1_3_1"
"273","CCGGACATCCGTTGGG-1_3_1"
"274","CCGGGTACAAATACGA-1_3_1"
"275","CCGTAGGTCGTTCCCA-1_3_1"
"276","CCGTTCATCCACTAGA-1_3_1"
"277","CCTAACCGTAAGTTAG-1_3_1"
"278","CCTAAGATCGCATTGA-1_3_1"
"279","CCTCAACGTGCTCCGA-1_3_1"
"280","CCTCACATCGTGCTCT-1_3_1"
"281","CCTCAGTAGGCCATAG-1_3_1"
"282","CCTCATGCAGTCACGC-1_3_1"
"283","CCTCCAAAGTTAACGA-1_3_1"
"284","CCTCTAGAGGAATTAC-1_3_1"
"285","CCTCTCCAGATGATTG-1_3_1"
"286","CCTCTCCGTCATACCA-1_3_1"
"287","CCTGTTGTCGTGCGAC-1_3_1"
"288","CCTTCAGAGTGATGGC-1_3_1"
"289","CCTTCAGAGTTACGGG-1_3_1"
"290","CGAAGGACAGAGAGGG-1_3_1"
"291","CGACAGCCATACAGAA-1_3_1"
"292","CGACAGCGTAACGATA-1_3_1"
"293","CGAGAAGCACAGCTGC-1_3_1"
"294","CGAGAAGTCGAATGCT-1_3_1"
"295","CGAGGAAGTCCAAATC-1_3_1"
"296","CGAGGCTAGAGTGAAG-1_3_1"
"297","CGAGTGCTCCTCTAGC-1_3_1"
"298","CGCAGGTCATGACTCA-1_3_1"
"299","CGCAGGTTCGTAGGAG-1_3_1"
"300","CGCATGGAGCCGATTT-1_3_1"
"301","CGCATGGAGTGGGAAA-1_3_1"
"302","CGCCAGAAGAATTTGG-1_3_1"
"303","CGCCAGATCATGCCAA-1_3_1"
"304","CGCCAGATCCGGCTTT-1_3_1"
"305","CGCCATTCAGCACACC-1_3_1"
"306","CGCCATTTCCGAGGCT-1_3_1"
"307","CGCGTGAGTAGCGCCT-1_3_1"
"308","CGCGTGATCGAGAGAC-1_3_1"
"309","CGGAATTCATCCTAAG-1_3_1"
"310","CGGACACCAATGTTGC-1_3_1"
"311","CGGAGAAAGCTAAATG-1_3_1"
"312","CGGAGAAAGTACTGGG-1_3_1"
"313","CGGGACTGTATTGGCT-1_3_1"
"314","CGGGTGTCATCGAGCC-1_3_1"
"315","CGGGTGTGTAACCCGC-1_3_1"
"316","CGGTCAGAGCCAAGCA-1_3_1"
"317","CGGTCAGCATTCGGGC-1_3_1"
"318","CGGTCAGGTGTCCACG-1_3_1"
"319","CGTAAGTAGCCAGAGT-1_3_1"
"320","CGTAATGTCTATACGG-1_3_1"
"321","CGTCAAAAGGTACAAT-1_3_1"
"322","CGTGAATCAATGGGTG-1_3_1"
"323","CGTGAATGTCCTACAA-1_3_1"
"324","CGTGCTTGTGAGACCA-1_3_1"
"325","CGTTAGACAGGTCCGT-1_3_1"
"326","CGTTCTGCAGGCACTC-1_3_1"
"327","CGTTCTGGTATCTCTT-1_3_1"
"328","CGTTGGGGTAGCTCGC-1_3_1"
"329","CTAACTTTCGGTGTAT-1_3_1"
"330","CTACAGACAGTTGTTG-1_3_1"
"331","CTACAGAGTAAGTCAA-1_3_1"
"332","CTACATTCACACACGC-1_3_1"
"333","CTACATTGTTAGGCTT-1_3_1"
"334","CTACCTGCACTTCTCG-1_3_1"
"335","CTACCTGTCCCGAAAT-1_3_1"
"336","CTACGGGCATCAGCTA-1_3_1"
"337","CTACGGGGTCCTCATC-1_3_1"
"338","CTACTATAGCTAAACA-1_3_1"
"339","CTACTATCAGCGTTGC-1_3_1"
"340","CTACTATCATCTAGAC-1_3_1"
"341","CTAGGTAAGTGTACAA-1_3_1"
"342","CTAGGTACAACAGCCC-1_3_1"
"343","CTATAGGAGGCTATCT-1_3_1"
"344","CTATAGGCAGACTGCC-1_3_1"
"345","CTATAGGCAGGCAATG-1_3_1"
"346","CTATAGGCATGACAAA-1_3_1"
"347","CTCAACCGTATTGGCT-1_3_1"
"348","CTCAAGAAGCGTACAG-1_3_1"
"349","CTCAGAAAGCAAACAT-1_3_1"
"350","CTCAGTCCACCTCTGT-1_3_1"
"351","CTCATCGCATGGAATA-1_3_1"
"352","CTCATCGGTCACATTG-1_3_1"
"353","CTCATGCTCCTCGCAT-1_3_1"
"354","CTCCAACTCCCATAGA-1_3_1"
"355","CTCCACATCAACTCTT-1_3_1"
"356","CTCCATGGTCAGTCTA-1_3_1"
"357","CTCCCAAAGAGGTTTA-1_3_1"
"358","CTCCCAACAAATACGA-1_3_1"
"359","CTCCGATCAGACCTAT-1_3_1"
"360","CTCCGATGTTGAGGAC-1_3_1"
"361","CTCCTTTCATAGGTAA-1_3_1"
"362","CTCCTTTGTTCTCCAC-1_3_1"
"363","CTCTCGAAGGCCCGTT-1_3_1"
"364","CTCTGGTCAAATGCGG-1_3_1"
"365","CTCTGGTCAGATTCGT-1_3_1"
"366","CTCTGGTTCCCATGGG-1_3_1"
"367","CTGAGCGAGAAGATCT-1_3_1"
"368","CTGAGCGCAAGTTCGT-1_3_1"
"369","CTGCAGGCAGGCTACC-1_3_1"
"370","CTGCAGGTCTTACACT-1_3_1"
"371","CTGCCATAGGCTGTAG-1_3_1"
"372","CTGCCTACATCACGGC-1_3_1"
"373","CTGCCTAGTCACTCTC-1_3_1"
"374","CTGCCTAGTCATCCCT-1_3_1"
"375","CTGCGAGTCGCCTTGT-1_3_1"
"376","CTGCTCACAAGTATCC-1_3_1"
"377","CTGCTCAGTTCAAACC-1_3_1"
"378","CTGGACGAGATTCGAA-1_3_1"
"379","CTGTCGTAGCACGGAT-1_3_1"
"380","CTGTGAAAGGATATGT-1_3_1"
"381","CTGTGAAGTAGTCACT-1_3_1"
"382","CTGTGGGGTAGGTTTC-1_3_1"
"383","CTTAGGACAAGTATAG-1_3_1"
"384","CTTCAATCAACCAACT-1_3_1"
"385","CTTCAATCAGAGAAAG-1_3_1"
"386","CTTCCGACATCGGTTA-1_3_1"
"387","CTTCCGAGTGGAATGC-1_3_1"
"388","CTTCCTTTCCGATCGG-1_3_1"
"389","CTTCTCTGTCTGTGAT-1_3_1"
"390","CTTGAGAGTTCGGGTC-1_3_1"
"391","CTTGATTGTGTTTCTT-1_3_1"
"392","CTTTCAAAGCAGGTCA-1_3_1"
"393","CTTTCGGCATTGCAAC-1_3_1"
"394","CTTTCGGTCCCTCAAC-1_3_1"
"395","GAACACTGTGAGTAAT-1_3_1"
"396","GAAGGACGTCAGGCAA-1_3_1"
"397","GAAGGGTGTAGGAAAG-1_3_1"
"398","GAAGTAAGTTATAGAG-1_3_1"
"399","GACACGCTCATTATCC-1_3_1"
"400","GACAGCCGTCAAAGCG-1_3_1"
"401","GACCCTTTCTCGTTTA-1_3_1"
"402","GACCGTGAGAGGCCAT-1_3_1"
"403","GACGTTACACCAGCGT-1_3_1"
"404","GACGTTACAGATACTC-1_3_1"
"405","GACTCAACAGCTGAAG-1_3_1"
"406","GACTCAAGTGCACAAG-1_3_1"
"407","GACTCAAGTTGCGGAA-1_3_1"
"408","GAGACCCAGTCAACAA-1_3_1"
"409","GAGACCCAGTGGTCAG-1_3_1"
"410","GAGACTTTCTTACACT-1_3_1"
"411","GAGAGGTCAATCTCTT-1_3_1"
"412","GAGAGGTGTGGTAATA-1_3_1"
"413","GAGAGGTTCTTCTCAA-1_3_1"
"414","GAGCCTGCAGGTTCCG-1_3_1"
"415","GAGCCTGGTTATGTCG-1_3_1"
"416","GAGCTGCAGCTTACGT-1_3_1"
"417","GAGCTGCCAGCAGTAG-1_3_1"
"418","GAGCTGCGTGAGATCG-1_3_1"
"419","GAGTCATCAGTCTCTC-1_3_1"
"420","GAGTCATGTAACAGGC-1_3_1"
"421","GAGTCTAGTGGATGAC-1_3_1"
"422","GAGTCTAGTTGTAAAG-1_3_1"
"423","GAGTGAGAGTGACCTT-1_3_1"
"424","GAGTGAGTCTGCGTCT-1_3_1"
"425","GATCACACAGGCTATT-1_3_1"
"426","GATCAGTAGGCATCGA-1_3_1"
"427","GATCATGCAATACGAA-1_3_1"
"428","GATCGTACAATTCTTC-1_3_1"
"429","GATGAGGTCTACTGAG-1_3_1"
"430","GATGATCAGCCAGACA-1_3_1"
"431","GATGATCAGCGTGAGT-1_3_1"
"432","GATTCGACATCCTCAC-1_3_1"
"433","GCAACATCATCGATCA-1_3_1"
"434","GCAACCGAGCCTGAAG-1_3_1"
"435","GCAACCGTCTGATTCT-1_3_1"
"436","GCACGGTCAATAGTGA-1_3_1"
"437","GCACGGTTCCTATTGT-1_3_1"
"438","GCACTAAGTATATGGA-1_3_1"
"439","GCAGCCAAGATCACTC-1_3_1"
"440","GCAGCCAAGCTTTCTT-1_3_1"
"441","GCAGTTACACCCAACG-1_3_1"
"442","GCATCGGAGGCCTGCT-1_3_1"
"443","GCATCTCTCCTCACCA-1_3_1"
"444","GCATTAGTCTACTGCC-1_3_1"
"445","GCCAGGTAGGCCCACT-1_3_1"
"446","GCCATGGAGGCACTAG-1_3_1"
"447","GCCATGGCATCCGAAT-1_3_1"
"448","GCCATGGGTTCCTAGA-1_3_1"
"449","GCCATTCTCCGCACGA-1_3_1"
"450","GCCGATGAGAAACTAC-1_3_1"
"451","GCCGATGTCGCATAGT-1_3_1"
"452","GCCGTGAAGAATACAC-1_3_1"
"453","GCCGTGAGTTCGTACA-1_3_1"
"454","GCCTGTTCACTACTTT-1_3_1"
"455","GCGGATCCATCGGAGA-1_3_1"
"456","GCGTGCAAGGAAACGA-1_3_1"
"457","GCGTTTCGTCACAGAG-1_3_1"
"458","GCTACAAAGGATCACG-1_3_1"
"459","GCTACAATCGATGCTA-1_3_1"
"460","GCTACCTCAGTCTTCC-1_3_1"
"461","GCTGAATAGACACACG-1_3_1"
"462","GCTGAATCAGGCACAA-1_3_1"
"463","GCTGAATGTATACAGA-1_3_1"
"464","GCTGCAGTCATCTCTA-1_3_1"
"465","GCTGGGTCACGTCTCT-1_3_1"
"466","GCTGGGTTCTCCAATT-1_3_1"
"467","GCTTGGGAGGTCATTC-1_3_1"
"468","GCTTGGGCAGTGGGTA-1_3_1"
"469","GCTTGGGGTTCGGCTG-1_3_1"
"470","GCTTGGGGTTCTCCAC-1_3_1"
"471","GCTTTCGGTCAACCTA-1_3_1"
"472","GGAATGGCAGCAGTAG-1_3_1"
"473","GGAATGGGTAGACTGG-1_3_1"
"474","GGAATGGTCCCGAACG-1_3_1"
"475","GGACGTCGTAGCACGA-1_3_1"
"476","GGAGAACCATAAGCGG-1_3_1"
"477","GGAGATGGTAGCCCTG-1_3_1"
"478","GGAGATGTCGACGCTG-1_3_1"
"479","GGATCTAGTCCATAGT-1_3_1"
"480","GGCACGTCAACAAGTA-1_3_1"
"481","GGCACGTGTGTTGAGG-1_3_1"
"482","GGCACGTTCTCCATAT-1_3_1"
"483","GGCAGTCGTTAGCGGA-1_3_1"
"484","GGCGTCATCCAACCGG-1_3_1"
"485","GGCGTCATCTGGGCCA-1_3_1"
"486","GGCTTTCAGTCACTGT-1_3_1"
"487","GGCTTTCAGTGACCTT-1_3_1"
"488","GGGACCTGTGAAGCGT-1_3_1"
"489","GGGACCTTCATTCGTT-1_3_1"
"490","GGGACTCCAGGCACAA-1_3_1"
"491","GGGAGATTCGATTCCC-1_3_1"
"492","GGGATCCTCAAACGAA-1_3_1"
"493","GGGCGTTTCCAGGACC-1_3_1"
"494","GGGCTACCACAAGCTT-1_3_1"
"495","GGGCTACGTTTGTTCT-1_3_1"
"496","GGGCTCAAGAATAACC-1_3_1"
"497","GGGCTCATCGGTAACT-1_3_1"
"498","GGGCTCATCTGATTCT-1_3_1"
"499","GGGTAGAAGTGTACCT-1_3_1"
"500","GGGTAGATCGGCCAAC-1_3_1"
"501","GGGTCACGTGCCTAAT-1_3_1"
"502","GGTAACTCACATGAAA-1_3_1"
"503","GGTAACTGTGAACGGT-1_3_1"
"504","GGTAATCCATGGATCT-1_3_1"
"505","GGTCACGGTAGGACTG-1_3_1"
"506","GGTTGTACAGTTCCAA-1_3_1"
"507","GTAACACCAACTGATC-1_3_1"
"508","GTAACCATCCGGGACT-1_3_1"
"509","GTAATCGGTCACTACA-1_3_1"
"510","GTAATGCTCAGTGTTG-1_3_1"
"511","GTAATGCTCTACGGGC-1_3_1"
"512","GTACAACGTACAGAAT-1_3_1"
"513","GTACAACTCTATCGGA-1_3_1"
"514","GTACAGTTCTTCGTAT-1_3_1"
"515","GTAGAAAAGCATTGTC-1_3_1"
"516","GTAGAAACATACTTTC-1_3_1"
"517","GTAGATCTCATTCTTG-1_3_1"
"518","GTAGCTACATTCCTCG-1_3_1"
"519","GTAGGTTAGAGCTGCA-1_3_1"
"520","GTAGGTTCAATTCACG-1_3_1"
"521","GTAGGTTTCAAGCGTT-1_3_1"
"522","GTAGGTTTCCAAGCCG-1_3_1"
"523","GTAGTACGTGGGTCAA-1_3_1"
"524","GTATTGGAGTAGGATT-1_3_1"
"525","GTATTGGGTAGCGTAG-1_3_1"
"526","GTATTTCGTCACGTGC-1_3_1"
"527","GTATTTCTCTCTGCTG-1_3_1"
"528","GTCACGGGTTTCCATT-1_3_1"
"529","GTCACTCGTGGCTGCT-1_3_1"
"530","GTCATCCTCGAGATGG-1_3_1"
"531","GTCATGATCGCCATAA-1_3_1"
"532","GTCATTTTCGGATACT-1_3_1"
"533","GTCCCATCATGAGATA-1_3_1"
"534","GTCCTCATCTACCTTA-1_3_1"
"535","GTCGAATTCGTAGTGT-1_3_1"
"536","GTCGCGATCACGATAC-1_3_1"
"537","GTCGTTCAGCATTGAA-1_3_1"
"538","GTCGTTCAGGCCTAGA-1_3_1"
"539","GTCGTTCTCTTCTAAC-1_3_1"
"540","GTCTACCGTACTGTTG-1_3_1"
"541","GTCTACCGTTCTCCCA-1_3_1"
"542","GTCTACCTCGTGCGAC-1_3_1"
"543","GTCTAGACAGAGGTAC-1_3_1"
"544","GTCTAGATCTGTCAGA-1_3_1"
"545","GTCTCACAGAAGTGTT-1_3_1"
"546","GTCTCACCAGGCGTTC-1_3_1"
"547","GTGAGTTCATCTTCGC-1_3_1"
"548","GTGCACGCAAATGAGT-1_3_1"
"549","GTGCACGTCCAGTACA-1_3_1"
"550","GTGCAGCAGGATACGC-1_3_1"
"551","GTGCAGCGTGTCACAT-1_3_1"
"552","GTGCTGGTCCTGATAG-1_3_1"
"553","GTGGAAGGTAAGATCA-1_3_1"
"554","GTGGCGTAGGGCAATC-1_3_1"
"555","GTGGCGTTCCGTGACG-1_3_1"
"556","GTGGGAAGTGGGAGAG-1_3_1"
"557","GTGGTTAGTGGAGAAA-1_3_1"
"558","GTGTAACCAGCTCGGT-1_3_1"
"559","GTGTGATAGGTGTGAC-1_3_1"
"560","GTGTGGCTCTCTTCAA-1_3_1"
"561","GTGTTAGGTCGTCTCT-1_3_1"
"562","GTTACCCAGCACTAGG-1_3_1"
"563","GTTACCCAGGAGCAAA-1_3_1"
"564","GTTACCCTCTGTGCTC-1_3_1"
"565","GTTACGATCTGTAACG-1_3_1"
"566","GTTAGACAGCATCAGG-1_3_1"
"567","GTTCATTCAATTCGTG-1_3_1"
"568","GTTCATTGTGCCCGTA-1_3_1"
"569","GTTCCGTGTGGACTGA-1_3_1"
"570","GTTCTATTCATCGACA-1_3_1"
"571","GTTGAACCAAATGCGG-1_3_1"
"572","GTTGAACGTGGATCAG-1_3_1"
"573","GTTGCTCTCCATCAGA-1_3_1"
"574","GTTGTCCAGGATGGCT-1_3_1"
"575","GTTGTGAAGTATGGAT-1_3_1"
"576","GTTTACTAGCATTGAA-1_3_1"
"577","GTTTACTGTCGTTATG-1_3_1"
"578","GTTTGGAAGCGTACAG-1_3_1"
"579","GTTTGGACACTAGGTT-1_3_1"
"580","TAACACGGTTCCACAA-1_3_1"
"581","TAACACGTCATGAGGG-1_3_1"
"582","TAACCAGCATAGGAGC-1_3_1"
"583","TAACTTCAGATTACCC-1_3_1"
"584","TAAGCACGTCAGTTTG-1_3_1"
"585","TAAGCGTCAATCTCTT-1_3_1"
"586","TAAGCGTGTGGAACCA-1_3_1"
"587","TACAACGTCACAATGC-1_3_1"
"588","TACAACGTCTTCCCGA-1_3_1"
"589","TACACCCAGGGAGTTC-1_3_1"
"590","TACCCACCAACTGTGT-1_3_1"
"591","TACCCACTCTCGCTTG-1_3_1"
"592","TACCGAATCTTAGCTT-1_3_1"
"593","TACCGGGCATATCTGG-1_3_1"
"594","TACCGGGGTGTCCGGT-1_3_1"
"595","TACGCTCGTTTGATCG-1_3_1"
"596","TACGGGCGTAACACGG-1_3_1"
"597","TACGGGCTCCTGTTAT-1_3_1"
"598","TACGTCCAGATACAGT-1_3_1"
"599","TACGTCCAGGCCCGTT-1_3_1"
"600","TACGTCCTCGAGCTGC-1_3_1"
"601","TACTGCCCAGCTGGTC-1_3_1"
"602","TACTTACGTATACCCA-1_3_1"
"603","TACTTACTCGGAGTAG-1_3_1"
"604","TACTTGTTCCGCAACG-1_3_1"
"605","TAGAGTCCAACAACAA-1_3_1"
"606","TAGATCGAGGTCATTC-1_3_1"
"607","TAGATCGCAGTCAACT-1_3_1"
"608","TAGGAGGAGAGACAAG-1_3_1"
"609","TAGGAGGCACACCGCA-1_3_1"
"610","TAGGTACGTGCATCTA-1_3_1"
"611","TAGGTTGAGCATAGGC-1_3_1"
"612","TAGGTTGTCGACACTA-1_3_1"
"613","TATATCCCAGCATTGT-1_3_1"
"614","TATCAGGTCATCGCAA-1_3_1"
"615","TATCTGTTCTAGTGTG-1_3_1"
"616","TATGTTCCAATTTCCT-1_3_1"
"617","TATGTTCTCCACCTCA-1_3_1"
"618","TATTCCAGTACGACAG-1_3_1"
"619","TATTCCAGTTCGGCTG-1_3_1"
"620","TATTGCTGTCTCACAA-1_3_1"
"621","TATTGCTTCTCAACGA-1_3_1"
"622","TCAAGACCAGAGGCAT-1_3_1"
"623","TCAAGCACAGCTGTAT-1_3_1"
"624","TCAAGCACATCAGCTA-1_3_1"
"625","TCAAGCAGTCTACATG-1_3_1"
"626","TCAAGCATCACATCAG-1_3_1"
"627","TCAAGTGAGTCATCGT-1_3_1"
"628","TCAAGTGGTCGTATTG-1_3_1"
"629","TCAATCTAGACGACTG-1_3_1"
"630","TCAATTCGTTATTCCT-1_3_1"
"631","TCACAAGCACGGTCTG-1_3_1"
"632","TCACACCTCCGTGACG-1_3_1"
"633","TCACGCTCACGTCATA-1_3_1"
"634","TCACGGGTCAGAATAG-1_3_1"
"635","TCACTCGCACAGGATG-1_3_1"
"636","TCACTCGGTTCTTGTT-1_3_1"
"637","TCAGCCTAGTCTGGTT-1_3_1"
"638","TCAGGGCGTAACAAGT-1_3_1"
"639","TCAGTCCAGGCCCGTT-1_3_1"
"640","TCAGTCCCATTCACCC-1_3_1"
"641","TCATATCAGCATTTGC-1_3_1"
"642","TCATATCCAGTCAACT-1_3_1"
"643","TCATATCTCGGCATAT-1_3_1"
"644","TCATCATCAGGTCCCA-1_3_1"
"645","TCATGCCAGACGGTCA-1_3_1"
"646","TCATGCCAGCAGGGAG-1_3_1"
"647","TCATGCCGTTAGAAAC-1_3_1"
"648","TCATGCCTCTGTCCCA-1_3_1"
"649","TCATTACCACTATCGA-1_3_1"
"650","TCATTCATCGTCCTTG-1_3_1"
"651","TCCACCAGTTCCGGTG-1_3_1"
"652","TCCACGTCAGCACAAG-1_3_1"
"653","TCCACGTGTAAGCGGT-1_3_1"
"654","TCCAGAACAGCATACT-1_3_1"
"655","TCCATGCCACTGGACC-1_3_1"
"656","TCCCACACAAGTGGGT-1_3_1"
"657","TCCCAGTTCCAAGCAT-1_3_1"
"658","TCCGGGAGTACTGCCG-1_3_1"
"659","TCCTCCCGTCGGTACC-1_3_1"
"660","TCCTCGAGTATGATCC-1_3_1"
"661","TCCTCTTTCACACGAT-1_3_1"
"662","TCCTGCATCGGAATGG-1_3_1"
"663","TCCTTCTTCTGTCGTC-1_3_1"
"664","TCGAACATCCCGTGTT-1_3_1"
"665","TCGAAGTCAGGCTATT-1_3_1"
"666","TCGACCTCAGCCATTA-1_3_1"
"667","TCGACCTGTTGGGACA-1_3_1"
"668","TCGACGGCAATCGCCG-1_3_1"
"669","TCGATTTAGCGCGTTC-1_3_1"
"670","TCGATTTGTCCAGCAC-1_3_1"
"671","TCGCACTCAGGACATG-1_3_1"
"672","TCGCACTCATCTATCT-1_3_1"
"673","TCGCACTGTCCTGAAT-1_3_1"
"674","TCGCTCAAGCTAGAGC-1_3_1"
"675","TCGGATATCACTTGTT-1_3_1"
"676","TCGGGACGTTCGGTCG-1_3_1"
"677","TCGGGCACACCGGAAA-1_3_1"
"678","TCGGGCACATTCACAG-1_3_1"
"679","TCGGGTGTCCTTATCA-1_3_1"
"680","TCGGGTGTCTTTCTAG-1_3_1"
"681","TCGGTCTAGGTTCATC-1_3_1"
"682","TCGGTCTAGTGCGCTC-1_3_1"
"683","TCGGTCTCACGACGAA-1_3_1"
"684","TCGGTCTGTCCTGGGT-1_3_1"
"685","TCGTCCATCCTACACC-1_3_1"
"686","TCGTGGGAGCCAAGCA-1_3_1"
"687","TCGTGGGCAGTATACC-1_3_1"
"688","TCTACATTCAAGGCTT-1_3_1"
"689","TCTACCGTCAGACCGC-1_3_1"
"690","TCTCACGTCATTCGTT-1_3_1"
"691","TCTCAGCAGATGCTAA-1_3_1"
"692","TCTCCGAAGCGCAATG-1_3_1"
"693","TCTCCGAGTTTGCCGG-1_3_1"
"694","TCTTAGTAGGGCAGAG-1_3_1"
"695","TCTTAGTGTCAAGGCA-1_3_1"
"696","TCTTCCTCATCCGAAT-1_3_1"
"697","TCTTGCGAGCGTCTGC-1_3_1"
"698","TCTTTGACAGCAGTCC-1_3_1"
"699","TGAACGTGTTTCCAAG-1_3_1"
"700","TGAATCGAGCGATGGT-1_3_1"
"701","TGAATGCAGCCGATAG-1_3_1"
"702","TGAATGCAGCGATTCT-1_3_1"
"703","TGAATGCGTAGGTCAG-1_3_1"
"704","TGAATGCGTATTTCCT-1_3_1"
"705","TGAATGCTCTATACTC-1_3_1"
"706","TGACAGTGTACAGCGA-1_3_1"
"707","TGACCCTGTTGCAAGG-1_3_1"
"708","TGACGCGCACGAGAAC-1_3_1"
"709","TGACTCCAGCGAAACC-1_3_1"
"710","TGAGACTCACCGCTGA-1_3_1"
"711","TGAGCATGTGGTTTGT-1_3_1"
"712","TGAGCGCCAGTGCCTG-1_3_1"
"713","TGAGGTTCAGTCTTCC-1_3_1"
"714","TGAGGTTTCCCATGGG-1_3_1"
"715","TGAGTCAAGTGAACAT-1_3_1"
"716","TGAGTCAGTGATCATC-1_3_1"
"717","TGATCAGCACGGATCC-1_3_1"
"718","TGATCAGTCTCACTCG-1_3_1"
"719","TGATCTTAGCCAGAGT-1_3_1"
"720","TGATGGTAGACCGCCT-1_3_1"
"721","TGATTCTCAGACCATT-1_3_1"
"722","TGCACGGAGCGTGCCT-1_3_1"
"723","TGCAGATGTATATGGA-1_3_1"
"724","TGCAGATGTTAAGGGC-1_3_1"
"725","TGCAGTACAGTAGTTC-1_3_1"
"726","TGCAGTATCGTTCTAT-1_3_1"
"727","TGCATCCAGGTCATAA-1_3_1"
"728","TGCATGACATTCCTAT-1_3_1"
"729","TGCCGAGGTCGTCATA-1_3_1"
"730","TGCGACGTCAGTGTCA-1_3_1"
"731","TGCGGGTAGTCATTGC-1_3_1"
"732","TGCGGGTTCGCCAACG-1_3_1"
"733","TGCTTCGTCCTACTGC-1_3_1"
"734","TGCTTGCTCAAGCCAT-1_3_1"
"735","TGGAACTCATCTCATT-1_3_1"
"736","TGGAGGATCCTACACC-1_3_1"
"737","TGGAGGATCTACTCAT-1_3_1"
"738","TGGATCACACTTGTGA-1_3_1"
"739","TGGCGTGCAAGGCCTC-1_3_1"
"740","TGGCGTGTCGACCACG-1_3_1"
"741","TGGGAAGGTCGATTAC-1_3_1"
"742","TGGGAGAAGGAGTCTG-1_3_1"
"743","TGGGATTGTCCATAGT-1_3_1"
"744","TGGGATTTCCAAAGGG-1_3_1"
"745","TGGGATTTCGCTGACG-1_3_1"
"746","TGGGTTAGTTAAACAG-1_3_1"
"747","TGGTACACACGCTGCA-1_3_1"
"748","TGGTACATCAAGAGGC-1_3_1"
"749","TGGTACATCGCAGTGC-1_3_1"
"750","TGGTTAGTCGGCCCAA-1_3_1"
"751","TGGTTAGTCTCACCCA-1_3_1"
"752","TGTACAGTCCCTAGGG-1_3_1"
"753","TGTCCACCACGCAAAG-1_3_1"
"754","TGTCCCAAGCGGTAGT-1_3_1"
"755","TGTCCCATCCGTCCTA-1_3_1"
"756","TGTGAGTAGCTGGTGA-1_3_1"
"757","TGTGAGTTCCCGAATA-1_3_1"
"758","TGTGATGAGTTGTCGT-1_3_1"
"759","TGTGATGCATCGGATT-1_3_1"
"760","TGTGATGGTAGGCTCC-1_3_1"
"761","TGTGATGTCAGCTAGT-1_3_1"
"762","TGTGCGGCAGTCAGAG-1_3_1"
"763","TGTGCGGGTCGGATTT-1_3_1"
"764","TGTTGGATCTGTAACG-1_3_1"
"765","TTACCGCCAGAGAATT-1_3_1"
"766","TTACGTTAGACCATAA-1_3_1"
"767","TTACTGTGTTGTCCCT-1_3_1"
"768","TTACTGTTCCGGTTCT-1_3_1"
"769","TTAGGCATCCATCCGT-1_3_1"
"770","TTATTGCGTGGGTATG-1_3_1"
"771","TTATTGCTCCACGGAC-1_3_1"
"772","TTCAATCAGCTGTTCA-1_3_1"
"773","TTCAATCAGGTTCACT-1_3_1"
"774","TTCAATCCAGTCTCTC-1_3_1"
"775","TTCACCGTCCATTTCA-1_3_1"
"776","TTCAGGAGTTTGGAAA-1_3_1"
"777","TTCATGTGTGAGTAGC-1_3_1"
"778","TTCCAATCAAATGCGG-1_3_1"
"779","TTCCAATTCCAGTGTA-1_3_1"
"780","TTCCGGTGTAAGCAAT-1_3_1"
"781","TTCCGTGGTACCAATC-1_3_1"
"782","TTCCTCTTCGTAACTG-1_3_1"
"783","TTCCTTCGTGGATCAG-1_3_1"
"784","TTCCTTCTCTCGCGTT-1_3_1"
"785","TTCGATTAGCTTGTGT-1_3_1"
"786","TTCGATTAGGTGCAGT-1_3_1"
"787","TTCGATTCATTGTGCA-1_3_1"
"788","TTCGCTGGTATGCGTT-1_3_1"
"789","TTCTCTCCATTCATCT-1_3_1"
"790","TTCTGTACAAGCGATG-1_3_1"
"791","TTCTTCCCACTGAATC-1_3_1"
"792","TTCTTCCTCGCCGTGA-1_3_1"
"793","TTGAGTGTCGTAGAGG-1_3_1"
"794","TTGCCTGTCCGATGTA-1_3_1"
"795","TTGCTGCGTTCGAGCC-1_3_1"
"796","TTGCTGCTCAGTCCGG-1_3_1"
"797","TTGGGATAGCGTTCAT-1_3_1"
"798","TTGGGCGAGTCGTCTA-1_3_1"
"799","TTGGGTAAGAGTCTTC-1_3_1"
"800","TTGTTGTCATATAGCC-1_3_1"
"801","TTGTTGTGTGCTCCGA-1_3_1"
"802","TTGTTTGAGTATGGCG-1_3_1"
"803","TTGTTTGGTTCTCTCG-1_3_1"
"804","TTTACCATCCATTGTT-1_3_1"
"805","TTTACTGCAGCTACAT-1_3_1"
"806","TTTAGTCCATACTGTG-1_3_1"
"807","TTTATGCCAACAACAA-1_3_1"
"808","TTTCACAGTTCGGCCA-1_3_1"
"809","TTTCAGTCAGCTGTAT-1_3_1"
"810","TTTCCTCCAGTGTATC-1_3_1"
"811","TTTCCTCTCCTAGCGG-1_3_1"
"812","TTTCGATGTGGATCGA-1_3_1"
"813","TTTGATCCAGATACCT-1_3_1"
"814","TTTGGAGAGTACGTCT-1_3_1"
"815","TTTGGAGCATGGGAAC-1_3_1"
"816","TTTGGTTGTGTAAACA-1_3_1"
"817","TTTGTTGGTATCTCTT-1_3_1"
