"","x"
"1","AAACGCTCATCAGCTA-1_4_1"
"2","AAAGGATTCTACCCAC-1_4_1"
"3","AAAGTCCGTCATCCGG-1_4_1"
"4","AAATGGAGTTATGGTC-1_4_1"
"5","AACAACCAGCAATAAC-1_4_1"
"6","AACCACAGTATTGGCT-1_4_1"
"7","AACCATGAGACGACTG-1_4_1"
"8","AACCCAATCCTAGCTC-1_4_1"
"9","AACCTGAGTAGATTAG-1_4_1"
"10","AACCTTTAGAGAGGGC-1_4_1"
"11","AACGTCACATATCTGG-1_4_1"
"12","AAGCATCGTTAGGCCC-1_4_1"
"13","AAGCGAGCAAGTCCCG-1_4_1"
"14","AAGGAATCACGTAACT-1_4_1"
"15","AAGTACCAGACCAACG-1_4_1"
"16","AAGTGAATCCAGCACG-1_4_1"
"17","AATCGACCATTCTTCA-1_4_1"
"18","AATCGACTCGACGATT-1_4_1"
"19","AATCGTGTCCTCGCAT-1_4_1"
"20","AATGAAGAGGACTATA-1_4_1"
"21","AATGACCCACTGGAAG-1_4_1"
"22","AATGCCAGTAGAGGAA-1_4_1"
"23","AATGGCTTCAAGCCGC-1_4_1"
"24","ACAAAGATCGAGCCTG-1_4_1"
"25","ACACAGTGTGACTGAG-1_4_1"
"26","ACAGAAACATCATGAC-1_4_1"
"27","ACAGCCGAGTCACTCA-1_4_1"
"28","ACATCGAGTGCTGTCG-1_4_1"
"29","ACATCGAGTTGTGTTG-1_4_1"
"30","ACCAAACTCGTTCAGA-1_4_1"
"31","ACCCTTGCAGAGTAAT-1_4_1"
"32","ACCGTTCTCGTCGACG-1_4_1"
"33","ACCTACCAGTCGGGAT-1_4_1"
"34","ACCTACCTCACTGGGC-1_4_1"
"35","ACGCACGCAGACACCC-1_4_1"
"36","ACGCACGGTCACCCTT-1_4_1"
"37","ACGGTTAGTATCGTAC-1_4_1"
"38","ACGTTCCAGGGAGGCA-1_4_1"
"39","ACTGATGCAAAGCAAT-1_4_1"
"40","ACTGATGGTGTCTTAG-1_4_1"
"41","ACTGCAATCGCTAAAC-1_4_1"
"42","AGAACCTCAGAAGCGT-1_4_1"
"43","AGACAAAGTTCGGCTG-1_4_1"
"44","AGACTCATCATATGGC-1_4_1"
"45","AGAGCAGGTCACTACA-1_4_1"
"46","AGATCGTAGAGGTTAT-1_4_1"
"47","AGATCGTCAAGGTTGG-1_4_1"
"48","AGATCGTCACTCCTGT-1_4_1"
"49","AGCCACGAGCGATCGA-1_4_1"
"50","AGCCACGCATGACACT-1_4_1"
"51","AGCCACGTCAGACAAA-1_4_1"
"52","AGCGCCAAGGAGAGTA-1_4_1"
"53","AGCGCCATCACGAGGA-1_4_1"
"54","AGCTTCCCATCGATAC-1_4_1"
"55","AGCTTCCTCACTCACC-1_4_1"
"56","AGGACGACATTGACAC-1_4_1"
"57","AGGAGGTGTACGTTCA-1_4_1"
"58","AGGATAATCTGGCCAG-1_4_1"
"59","AGGATCTTCGTTGTGA-1_4_1"
"60","AGGCATTAGGAAGTAG-1_4_1"
"61","AGGCCACGTACCTAAC-1_4_1"
"62","AGGCCACGTTAGGCTT-1_4_1"
"63","AGGCTGCAGCCTGTCG-1_4_1"
"64","AGGGCCTAGTGCTAGG-1_4_1"
"65","AGGGCTCGTCTACGAT-1_4_1"
"66","AGGTAGGCACGGTAGA-1_4_1"
"67","AGGTCATTCACCTTGC-1_4_1"
"68","AGGTCATTCGGAGATG-1_4_1"
"69","AGGTGTTAGCGAGAAA-1_4_1"
"70","AGGTGTTAGGCTCCCA-1_4_1"
"71","AGGTGTTTCACGAACT-1_4_1"
"72","AGGTTGTGTCCGGTCA-1_4_1"
"73","AGGTTGTTCCCAACTC-1_4_1"
"74","AGTAACCGTATGGTTC-1_4_1"
"75","AGTACCAAGGACTTCT-1_4_1"
"76","AGTAGTCGTTCGGCTG-1_4_1"
"77","AGTCAACAGAGAGCGG-1_4_1"
"78","AGTCAACAGAGCACTG-1_4_1"
"79","AGTCACACACGATAGG-1_4_1"
"80","AGTCATGCAGTCACGC-1_4_1"
"81","AGTCATGGTCTCTCAC-1_4_1"
"82","AGTCATGTCTCTCAAT-1_4_1"
"83","AGTGACTTCATGAGTC-1_4_1"
"84","AGTGACTTCTGCCCTA-1_4_1"
"85","AGTGATCTCTTACACT-1_4_1"
"86","AGTGTTGAGCTATCCA-1_4_1"
"87","AGTGTTGGTATCGATC-1_4_1"
"88","AGTTAGCAGACAACTA-1_4_1"
"89","AGTTAGCTCCATGCAA-1_4_1"
"90","AGTTCGAAGAGTCACG-1_4_1"
"91","ATAGAGAAGGTGAGCT-1_4_1"
"92","ATCCATTTCGGCTGGT-1_4_1"
"93","ATCCGTCGTAGCGTTT-1_4_1"
"94","ATCGATGAGTCCCGAC-1_4_1"
"95","ATCGCCTTCAGTGATC-1_4_1"
"96","ATCGGCGCACCAACAT-1_4_1"
"97","ATCGGCGTCTTAGCTT-1_4_1"
"98","ATCGTAGCACCTGCTT-1_4_1"
"99","ATCGTCCCAACCGATT-1_4_1"
"100","ATCGTGACAGGGAATC-1_4_1"
"101","ATCGTGAGTCCACAGC-1_4_1"
"102","ATGACCAGTGAATTGA-1_4_1"
"103","ATGAGGGCAGCCGTCA-1_4_1"
"104","ATGAGTCCAATCGTCA-1_4_1"
"105","ATGATCGCAATAGAGT-1_4_1"
"106","ATGGAGGAGCTGACTT-1_4_1"
"107","ATGGAGGCAAGTGGAC-1_4_1"
"108","ATGGATCAGAAACACT-1_4_1"
"109","ATGGGAGTCTTTACAC-1_4_1"
"110","ATGTCCCTCTGTACAG-1_4_1"
"111","ATGTCTTAGCGTTCCG-1_4_1"
"112","ATTACTCTCACCATGA-1_4_1"
"113","ATTACTCTCGGACGTC-1_4_1"
"114","ATTCAGGAGTCGAGGT-1_4_1"
"115","ATTCCATAGTACCGGA-1_4_1"
"116","ATTCCATCAGTTCTAG-1_4_1"
"117","ATTCCCGAGCATGCAG-1_4_1"
"118","ATTCCCGGTTAGTTCG-1_4_1"
"119","ATTGTTCCACATCCCT-1_4_1"
"120","ATTTCACCATCCTTCG-1_4_1"
"121","ATTTCTGTCAACTCTT-1_4_1"
"122","CAAAGAAGTGTGAATA-1_4_1"
"123","CAACAACTCGATTCCC-1_4_1"
"124","CAACGGCAGGACAGTC-1_4_1"
"125","CAAGACTCAGAGTCTT-1_4_1"
"126","CAAGCTATCTCGGTCT-1_4_1"
"127","CAATCGATCCAACTAG-1_4_1"
"128","CAATGACTCCATCTGC-1_4_1"
"129","CAATTTCCAGGACTAG-1_4_1"
"130","CACACAATCTCGTCAC-1_4_1"
"131","CACAGGCTCTCAATCT-1_4_1"
"132","CACCAAACAAATAAGC-1_4_1"
"133","CACGTTCGTATGCTAC-1_4_1"
"134","CACTAAGCATGTTCAG-1_4_1"
"135","CACTGAAGTCGTCGGT-1_4_1"
"136","CACTGGGGTCGTTGGC-1_4_1"
"137","CACTTCGTCCATCTCG-1_4_1"
"138","CAGCAATAGGTTCCAT-1_4_1"
"139","CAGCACGCAAGCGCAA-1_4_1"
"140","CAGCGTGGTGGTAATA-1_4_1"
"141","CATACAGCAATGGGTG-1_4_1"
"142","CATACTTTCAATGTCG-1_4_1"
"143","CATACTTTCCTTGGAA-1_4_1"
"144","CATCAAGAGGCTTTCA-1_4_1"
"145","CATCAAGCATGACCCG-1_4_1"
"146","CATCCACAGACGACTG-1_4_1"
"147","CATCCACAGAGGCTGT-1_4_1"
"148","CATCCACGTATGTCTG-1_4_1"
"149","CATCCACGTCGTGTTA-1_4_1"
"150","CATCCACTCGGTTCAA-1_4_1"
"151","CATCGGGAGGCAATGC-1_4_1"
"152","CATGCAAAGTGGCCTC-1_4_1"
"153","CATGGTAGTCGGAACA-1_4_1"
"154","CATTCATGTACTGAGG-1_4_1"
"155","CATTCCGCACATTCTT-1_4_1"
"156","CATTGTTGTAACACCT-1_4_1"
"157","CCAATGACAAAGGAGA-1_4_1"
"158","CCAATGAGTTCGAGCC-1_4_1"
"159","CCACAAAAGTCGGCAA-1_4_1"
"160","CCCATTGTCGGTCTGG-1_4_1"
"161","CCCGGAAGTACTTGTG-1_4_1"
"162","CCCTCTCCATCAACCA-1_4_1"
"163","CCGATCTCAAACACCT-1_4_1"
"164","CCGCAAGCAAGACAAT-1_4_1"
"165","CCGGACAAGGTAAGGA-1_4_1"
"166","CCGGTAGAGCTTTGTG-1_4_1"
"167","CCGTAGGGTATGCAAA-1_4_1"
"168","CCTAACCGTTCGTGCG-1_4_1"
"169","CCTATCGTCATCGCAA-1_4_1"
"170","CCTCAACGTGCTATTG-1_4_1"
"171","CCTCAGTAGTCCTGTA-1_4_1"
"172","CCTCAGTGTACAAGTA-1_4_1"
"173","CCTCAGTGTCAGCTTA-1_4_1"
"174","CCTCAGTGTCGCGTTG-1_4_1"
"175","CCTCATGAGCGTATAA-1_4_1"
"176","CCTCATGAGGGAGGGT-1_4_1"
"177","CCTCCTCTCCTTTAGT-1_4_1"
"178","CCTCCTCTCTGGGATT-1_4_1"
"179","CCTCTCCGTGGGCTCT-1_4_1"
"180","CCTGTTGTCATTTGCT-1_4_1"
"181","CCTTCAGAGCTTGTTG-1_4_1"
"182","CCTTTGGCAGAGAGGG-1_4_1"
"183","CGAATTGTCGCTTGAA-1_4_1"
"184","CGAGTTAAGAGTAACT-1_4_1"
"185","CGAGTTATCTCATTTG-1_4_1"
"186","CGATCGGCAGAGCCCT-1_4_1"
"187","CGATGGCAGATTGGGC-1_4_1"
"188","CGCAGGTGTTTACTGG-1_4_1"
"189","CGCATAAGTCACCACG-1_4_1"
"190","CGCATAATCGGTATGT-1_4_1"
"191","CGCATGGAGGGCGAAG-1_4_1"
"192","CGCCAGACAATCGCGC-1_4_1"
"193","CGCCAGACACTTGGGC-1_4_1"
"194","CGGAACCAGTCCCTAA-1_4_1"
"195","CGGAACCTCTCGAACA-1_4_1"
"196","CGGAATTAGTGTCATC-1_4_1"
"197","CGGACACGTCGCTGCA-1_4_1"
"198","CGTAAGTCAACACACT-1_4_1"
"199","CGTCAAATCGGAACTT-1_4_1"
"200","CGTCAAATCTTACTGT-1_4_1"
"201","CGTGCTTCAGCTGGTC-1_4_1"
"202","CGTGTCTCATTGACAC-1_4_1"
"203","CGTTGGGGTGTGAATA-1_4_1"
"204","CTAACCCAGTGACACG-1_4_1"
"205","CTAACTTTCAGCAGAG-1_4_1"
"206","CTAAGTGGTCTTAGTG-1_4_1"
"207","CTACCCACATGTTCGA-1_4_1"
"208","CTACCTGTCTCGCTCA-1_4_1"
"209","CTACGGGGTCAAAGCG-1_4_1"
"210","CTATAGGTCCCTCGTA-1_4_1"
"211","CTATCCGTCATGCAGT-1_4_1"
"212","CTATCTACACTGTGAT-1_4_1"
"213","CTATCTAGTCAGGCAA-1_4_1"
"214","CTATCTATCACGTAGT-1_4_1"
"215","CTCAAGAGTAAGATAC-1_4_1"
"216","CTCAAGAGTCGTTTCC-1_4_1"
"217","CTCAAGATCAACTCTT-1_4_1"
"218","CTCACTGAGTCCCGGT-1_4_1"
"219","CTCAGAAGTGATACAA-1_4_1"
"220","CTCATCGCAAGAAATC-1_4_1"
"221","CTCCAACGTTGTGGCC-1_4_1"
"222","CTCCACAGTGATGAAT-1_4_1"
"223","CTCCCAATCCACTGGG-1_4_1"
"224","CTCCGATGTGACAACG-1_4_1"
"225","CTCCTTTCACGGTCTG-1_4_1"
"226","CTCGAGGGTCGTCAGC-1_4_1"
"227","CTCTCAGAGGCCTGAA-1_4_1"
"228","CTCTCGACACTTGGCG-1_4_1"
"229","CTGCAGGAGGAAAGTG-1_4_1"
"230","CTGCATCAGAGAGTGA-1_4_1"
"231","CTGCTCAAGGCAGGGA-1_4_1"
"232","CTGGCAGTCTTAGCCC-1_4_1"
"233","CTGTAGAGTTTACTTC-1_4_1"
"234","CTGTCGTGTGGAATGC-1_4_1"
"235","CTGTGGGTCCGTGTCT-1_4_1"
"236","CTTACCGCACCTGCAG-1_4_1"
"237","CTTACCGGTCCAGCGT-1_4_1"
"238","CTTACCGGTTGGTAGG-1_4_1"
"239","CTTCCGATCCGATCTC-1_4_1"
"240","CTTTCAATCGCAGAGA-1_4_1"
"241","CTTTCGGCAATAGTCC-1_4_1"
"242","GAAACCTAGCCGATTT-1_4_1"
"243","GAAACCTTCGTTCCCA-1_4_1"
"244","GAAATGAAGTCACGCC-1_4_1"
"245","GAACGTTTCACGAACT-1_4_1"
"246","GAAGAATAGTAAACTG-1_4_1"
"247","GAAGGGTAGAAATCCA-1_4_1"
"248","GAAGTAACAGCTGAAG-1_4_1"
"249","GAATAGATCGGCTTGG-1_4_1"
"250","GAATCACGTAGTCCTA-1_4_1"
"251","GACACGCTCAACACGT-1_4_1"
"252","GACATCATCTCCGAGG-1_4_1"
"253","GACCCTTTCGCATTGA-1_4_1"
"254","GACCGTGCACTGTTCC-1_4_1"
"255","GACGTTATCTGAGAGG-1_4_1"
"256","GACTCTCCATCGGTTA-1_4_1"
"257","GACTTCCGTCGCATCG-1_4_1"
"258","GAGAAATAGTTGCGCC-1_4_1"
"259","GAGAAATCAGGCTATT-1_4_1"
"260","GAGACTTTCTGGTTGA-1_4_1"
"261","GAGCCTGCAAATTGGA-1_4_1"
"262","GAGTGAGGTTAAGACA-1_4_1"
"263","GAGTTACCAGTGACCC-1_4_1"
"264","GAGTTGTAGCGACCCT-1_4_1"
"265","GATAGCTCAGAGGGTT-1_4_1"
"266","GATCATGTCCCAGGAC-1_4_1"
"267","GATCGTACATGACTTG-1_4_1"
"268","GATGATCGTCAGACGA-1_4_1"
"269","GATGATCTCAGCGCGT-1_4_1"
"270","GATGCTAGTAACATCC-1_4_1"
"271","GATGTTGGTGAGACCA-1_4_1"
"272","GATGTTGTCCCGTGTT-1_4_1"
"273","GATTCTTCATATGAAG-1_4_1"
"274","GATTCTTTCGAACTCA-1_4_1"
"275","GCAACATTCGTAGGGA-1_4_1"
"276","GCAGCCACACAAATAG-1_4_1"
"277","GCAGTTAAGAAGGGAT-1_4_1"
"278","GCATCTCCAATAGTAG-1_4_1"
"279","GCCAGCATCGCCGAGT-1_4_1"
"280","GCCAGGTTCGACGTCG-1_4_1"
"281","GCCATTCAGCTACTAC-1_4_1"
"282","GCCATTCTCACCTCAC-1_4_1"
"283","GCGAGAATCGCGTGAC-1_4_1"
"284","GCGATCGCAAGAGAGA-1_4_1"
"285","GCGATCGGTTCAGGTT-1_4_1"
"286","GCGTTTCCACTGAATC-1_4_1"
"287","GCTACCTCAGATTTCG-1_4_1"
"288","GCTGAATCAGCATTGT-1_4_1"
"289","GCTGCAGGTCGAGTTT-1_4_1"
"290","GCTTCACGTCTGATAC-1_4_1"
"291","GCTTTCGCAGGACTTT-1_4_1"
"292","GGAATGGAGACAGTCG-1_4_1"
"293","GGAGGTAAGCGACATG-1_4_1"
"294","GGATGTTCAATCGCCG-1_4_1"
"295","GGATGTTCACGATAGG-1_4_1"
"296","GGCACGTCACAGGATG-1_4_1"
"297","GGCTTGGAGGCTAGCA-1_4_1"
"298","GGGACCTGTATTGAGA-1_4_1"
"299","GGGATGAAGGTGCCAA-1_4_1"
"300","GGGATGATCAAGTGGG-1_4_1"
"301","GGGCCATGTATGAGGC-1_4_1"
"302","GGGCCATTCCTCACGT-1_4_1"
"303","GGGCGTTAGAAATGGG-1_4_1"
"304","GGGCGTTCAACAACAA-1_4_1"
"305","GGGCTACAGACATCAA-1_4_1"
"306","GGGCTACCAGAGGACT-1_4_1"
"307","GGGCTCAAGGTAGCAC-1_4_1"
"308","GGGCTCACATGAGAAT-1_4_1"
"309","GGGCTCAGTTCTCCTG-1_4_1"
"310","GGGTCTGGTCACAATC-1_4_1"
"311","GGGTGAACAGTGTGCC-1_4_1"
"312","GGGTGAATCTTGGAAC-1_4_1"
"313","GGTAACTCATCTTTCA-1_4_1"
"314","GGTAACTTCGTAACAC-1_4_1"
"315","GGTAATCCAGGCACTC-1_4_1"
"316","GGTAATCCATACCAGT-1_4_1"
"317","GGTCTGGAGGACGCAT-1_4_1"
"318","GGTGAAGCACTCCGGA-1_4_1"
"319","GGTGATTAGGTTACCT-1_4_1"
"320","GGTGGCTAGGTCCTGC-1_4_1"
"321","GGTTGTAAGGTGCCTC-1_4_1"
"322","GGTTGTAGTCATACCA-1_4_1"
"323","GGTTGTATCATCAGTG-1_4_1"
"324","GTAATGCAGTTCCTGA-1_4_1"
"325","GTAGAGGGTGGATGAC-1_4_1"
"326","GTAGGTTGTTGGCCTG-1_4_1"
"327","GTAGTACTCGCGTGCA-1_4_1"
"328","GTCATCCAGAACTGAT-1_4_1"
"329","GTCATCCGTCGTCTCT-1_4_1"
"330","GTCATGATCAACACCA-1_4_1"
"331","GTCATTTGTTAAGAAC-1_4_1"
"332","GTCCACTCAGAGGTTG-1_4_1"
"333","GTCCACTCATCATCTT-1_4_1"
"334","GTCCACTTCGCAGAGA-1_4_1"
"335","GTCCCATCACTTGACA-1_4_1"
"336","GTCGAATCACCCTTGT-1_4_1"
"337","GTCGCGAAGCGGACAT-1_4_1"
"338","GTCGTAACATCTCGTC-1_4_1"
"339","GTCGTAATCTGAGTCA-1_4_1"
"340","GTCTACCGTGGATACG-1_4_1"
"341","GTCTCACTCAACTGGT-1_4_1"
"342","GTGACGCTCACTGATG-1_4_1"
"343","GTGAGCCAGTTCCATG-1_4_1"
"344","GTGCACGCAACAAGAT-1_4_1"
"345","GTGCAGCTCCTCTTTC-1_4_1"
"346","GTGCTGGCATCGTTCC-1_4_1"
"347","GTGGAAGCATCCGAAT-1_4_1"
"348","GTGGAAGCATTGACCA-1_4_1"
"349","GTGTAACTCAGCACCG-1_4_1"
"350","GTGTCCTAGACTGGGT-1_4_1"
"351","GTGTTAGGTCCACGCA-1_4_1"
"352","GTTAGTGAGGGTTGCA-1_4_1"
"353","GTTATGGCAAGCCTGC-1_4_1"
"354","GTTGTAGCAGCCATTA-1_4_1"
"355","GTTGTAGGTCGTAATC-1_4_1"
"356","GTTGTAGGTGCAACGA-1_4_1"
"357","GTTGTCCCAAACCGGA-1_4_1"
"358","GTTTACTAGCTATCTG-1_4_1"
"359","GTTTACTCAAGTCCCG-1_4_1"
"360","TAACTTCCAGTGGTGA-1_4_1"
"361","TAAGCACGTATATGGA-1_4_1"
"362","TAAGCCATCGGCCCAA-1_4_1"
"363","TAAGCGTTCCATATGG-1_4_1"
"364","TAATTCCGTGTTGATC-1_4_1"
"365","TACAGGTCAGGTGTTT-1_4_1"
"366","TACATTCAGGCCATAG-1_4_1"
"367","TACCCACAGATGTTCC-1_4_1"
"368","TACCTCGTCGCTCATC-1_4_1"
"369","TACGGGCCATTATGCG-1_4_1"
"370","TACGGGCGTAACGTTC-1_4_1"
"371","TACGGTAAGGTAGTAT-1_4_1"
"372","TACGGTATCAAGAAAC-1_4_1"
"373","TACTTACAGCAATTCC-1_4_1"
"374","TAGATCGGTCCCTGAG-1_4_1"
"375","TAGGAGGAGGAGCTGT-1_4_1"
"376","TAGGGTTAGCTCGTGC-1_4_1"
"377","TAGGTACAGACATAGT-1_4_1"
"378","TAGTGCAAGGATTCCT-1_4_1"
"379","TATACCTAGGTCCAGA-1_4_1"
"380","TATATCCAGCGGTAAC-1_4_1"
"381","TATCAGGGTGACTATC-1_4_1"
"382","TATCTGTAGCTCGAAG-1_4_1"
"383","TATCTGTCACTTGTGA-1_4_1"
"384","TATGTTCAGGTGCATG-1_4_1"
"385","TATGTTCCAGCGTACC-1_4_1"
"386","TATTGGGGTGACCGAA-1_4_1"
"387","TATTTCGAGTCGCGAA-1_4_1"
"388","TCAATTCAGCCGTAAG-1_4_1"
"389","TCAATTCGTTGTTTGG-1_4_1"
"390","TCAATTCTCTACTGCC-1_4_1"
"391","TCACACCTCCGCAACG-1_4_1"
"392","TCACTCGTCATCTACT-1_4_1"
"393","TCAGCAAAGAAGGCTC-1_4_1"
"394","TCAGCCTCAGTCAGCC-1_4_1"
"395","TCATACTTCTTCACAT-1_4_1"
"396","TCATGAGGTAAGATAC-1_4_1"
"397","TCATTGTTCTTAGTTC-1_4_1"
"398","TCATTTGAGGGTAGCT-1_4_1"
"399","TCCACCACAAGGTCTT-1_4_1"
"400","TCCACGTGTACTAACC-1_4_1"
"401","TCCAGAAAGTGGATAT-1_4_1"
"402","TCCATGCCATGTGGTT-1_4_1"
"403","TCCCATGGTTGGATCT-1_4_1"
"404","TCCGAAATCGAGATAA-1_4_1"
"405","TCCGATCTCCGAGTGC-1_4_1"
"406","TCCTGCACACAATCTG-1_4_1"
"407","TCCTGCATCGTGCATA-1_4_1"
"408","TCCTTTCCATCGTCCT-1_4_1"
"409","TCGACCTAGCCTAGGA-1_4_1"
"410","TCGACCTAGGCACGAT-1_4_1"
"411","TCGCAGGCACAAATGA-1_4_1"
"412","TCGCAGGGTGAATTAG-1_4_1"
"413","TCGCTTGTCCGTCACT-1_4_1"
"414","TCGGATAGTCTTGTCC-1_4_1"
"415","TCGGGCAGTATTGAGA-1_4_1"
"416","TCGGTCTTCCGAACGC-1_4_1"
"417","TCGTAGAGTCTTCTAT-1_4_1"
"418","TCGTAGATCGAATCCA-1_4_1"
"419","TCGTCCACACGTAGAG-1_4_1"
"420","TCGTGGGCAAGCAGGT-1_4_1"
"421","TCGTGGGGTGGCCACT-1_4_1"
"422","TCTAACTCAGTTAGAA-1_4_1"
"423","TCTAACTGTTAGCTAC-1_4_1"
"424","TCTCAGCGTATGTGTC-1_4_1"
"425","TCTCAGCGTGACACAG-1_4_1"
"426","TCTCCGATCAGTGGGA-1_4_1"
"427","TCTCTGGCAACACAAA-1_4_1"
"428","TCTGCCAAGGATCACG-1_4_1"
"429","TCTGCCAGTGATACCT-1_4_1"
"430","TCTTCCTCAGTGCCTG-1_4_1"
"431","TCTTTGACATCACAGT-1_4_1"
"432","TCTTTGATCGTGCTCT-1_4_1"
"433","TGAATCGTCTAACACG-1_4_1"
"434","TGAATGCAGGGCATGT-1_4_1"
"435","TGAATGCCATGACTTG-1_4_1"
"436","TGACAGTAGCCATTCA-1_4_1"
"437","TGACTCCAGCCAAGCA-1_4_1"
"438","TGAGCATGTTCTCTAT-1_4_1"
"439","TGAGGTTTCACATACG-1_4_1"
"440","TGAGGTTTCTCGGGAC-1_4_1"
"441","TGATGCATCAATCTTC-1_4_1"
"442","TGATTCTCACCGTGGT-1_4_1"
"443","TGATTCTGTCATCCGG-1_4_1"
"444","TGCAGATCAGCGTACC-1_4_1"
"445","TGCAGGCTCAACCTTT-1_4_1"
"446","TGCGATATCTAGCCAA-1_4_1"
"447","TGCTGAATCGAGAGCA-1_4_1"
"448","TGCTTCGCACAGTATC-1_4_1"
"449","TGCTTGCCACCGGCTA-1_4_1"
"450","TGGAGAGCAGCCGGTT-1_4_1"
"451","TGGAGGAAGGCATCTT-1_4_1"
"452","TGGATCAAGTTTAGGA-1_4_1"
"453","TGGGCTGAGACTTCGT-1_4_1"
"454","TGGTACACACCGCTGA-1_4_1"
"455","TGGTGATGTTGACTAC-1_4_1"
"456","TGTAACGCATCGATGT-1_4_1"
"457","TGTACAGAGGGTGAAA-1_4_1"
"458","TGTACAGGTTTCGACA-1_4_1"
"459","TGTAGACGTGTCATTG-1_4_1"
"460","TGTCCACAGTCATCGT-1_4_1"
"461","TGTGATGTCATCGCAA-1_4_1"
"462","TGTGCGGGTCTTCGAA-1_4_1"
"463","TGTTACTCATGCCGGT-1_4_1"
"464","TGTTACTTCATTACTC-1_4_1"
"465","TGTTCCGGTCGCGTTG-1_4_1"
"466","TTAATCCGTAACATGA-1_4_1"
"467","TTAATCCGTTCCGTTC-1_4_1"
"468","TTACAGGCACGACTAT-1_4_1"
"469","TTACGCCGTTCGAAGG-1_4_1"
"470","TTACGCCTCGCCTTTG-1_4_1"
"471","TTACTGTGTCATCTAG-1_4_1"
"472","TTACTGTGTGTGTGTT-1_4_1"
"473","TTAGGGTGTCCCGCAA-1_4_1"
"474","TTATTGCGTAGCTTGT-1_4_1"
"475","TTCCGGTTCTTTGATC-1_4_1"
"476","TTCCGTGAGCGGTAGT-1_4_1"
"477","TTCCGTGAGGGTAGCT-1_4_1"
"478","TTCCGTGCAACGCCCA-1_4_1"
"479","TTCCTCTAGGCGACAT-1_4_1"
"480","TTCCTTCCAATTGGTC-1_4_1"
"481","TTCGATTCATTCCTCG-1_4_1"
"482","TTCTAGTCACTACCCT-1_4_1"
"483","TTCTTGATCTCAATCT-1_4_1"
"484","TTCTTGATCTCTTAAC-1_4_1"
"485","TTGACCCGTGGTTTAC-1_4_1"
"486","TTGAGTGGTCACTTCC-1_4_1"
"487","TTGCATTCAGCATACT-1_4_1"
"488","TTGCGTCTCAGTCCGG-1_4_1"
"489","TTGGGCGGTCACAGTT-1_4_1"
"490","TTGTTGTGTCATATGC-1_4_1"
"491","TTTACCAGTTTGCCGG-1_4_1"
"492","TTTACGTCAAGGCTTT-1_4_1"
"493","TTTACGTTCGAAGTGG-1_4_1"
"494","TTTATGCCATGTGGCC-1_4_1"
"495","TTTCACAGTATAGCTC-1_4_1"
"496","TTTGACTAGGTAGTCG-1_4_1"
"497","TTTGGAGCAGTCAGCC-1_4_1"
"498","TTTGGTTTCAGTCACA-1_4_1"
