"","x"
"1","AAAGAACGTATATGGA-1_1_1"
"2","AAAGAACTCCATCTGC-1_1_1"
"3","AAAGGGCCATGCACTA-1_1_1"
"4","AAAGGTAAGGTTATAG-1_1_1"
"5","AAAGTCCCAGTCTTCC-1_1_1"
"6","AAAGTGAAGACCTCAT-1_1_1"
"7","AACAAAGGTTTACGTG-1_1_1"
"8","AACAACCGTCTCTCCA-1_1_1"
"9","AACAACCGTTGCGAAG-1_1_1"
"10","AACAAGACAGTTCTAG-1_1_1"
"11","AACAAGAGTAGTGATA-1_1_1"
"12","AACACACCAGCATACT-1_1_1"
"13","AACCAACAGATGCTAA-1_1_1"
"14","AACCCAAAGAAATCCA-1_1_1"
"15","AACCTGAAGATACAGT-1_1_1"
"16","AACGAAACACCCATAA-1_1_1"
"17","AACGAAAGTTCAACGT-1_1_1"
"18","AACGAAATCGGCTGAC-1_1_1"
"19","AACGAAATCTGGTGCG-1_1_1"
"20","AACGTCACACGAGGAT-1_1_1"
"21","AAGAACAGTGCATACT-1_1_1"
"22","AAGACTCAGCTGGCCT-1_1_1"
"23","AAGCATCTCGAGTGAG-1_1_1"
"24","AAGCGTTAGGTACATA-1_1_1"
"25","AAGCGTTCAGGGTTGA-1_1_1"
"26","AAGGAATTCTGCTCTG-1_1_1"
"27","AAGTACCGTACTTCCC-1_1_1"
"28","AAGTGAACACTACCGG-1_1_1"
"29","AAGTTCGCACGATAGG-1_1_1"
"30","AATAGAGAGTAATCCC-1_1_1"
"31","AATCACGGTTCTCCTG-1_1_1"
"32","AATGAAGCACTATCGA-1_1_1"
"33","AATTCCTAGCATTGTC-1_1_1"
"34","AATTTCCGTACAGTCT-1_1_1"
"35","ACAAAGATCGTACACA-1_1_1"
"36","ACAAGCTAGAATCTAG-1_1_1"
"37","ACACAGTAGTTGTCGT-1_1_1"
"38","ACACCAACATGGCCAC-1_1_1"
"39","ACAGGGAGTGTAGGAC-1_1_1"
"40","ACAGGGATCCATATGG-1_1_1"
"41","ACATCCCGTTAAAGTG-1_1_1"
"42","ACATCGACAGTAGGAC-1_1_1"
"43","ACCAAACAGCTAGTTC-1_1_1"
"44","ACCACAAGTCTCTCTG-1_1_1"
"45","ACCCAAACATGGCCCA-1_1_1"
"46","ACCGTTCAGACAGTCG-1_1_1"
"47","ACCTACCAGTGAGGTC-1_1_1"
"48","ACCTGTCAGGATTCCT-1_1_1"
"49","ACCTGTCGTTTAGAGA-1_1_1"
"50","ACGATCAGTCGATTAC-1_1_1"
"51","ACGATGTAGGATGCGT-1_1_1"
"52","ACGATGTTCCTCAGGG-1_1_1"
"53","ACGCACGAGAGGCGTT-1_1_1"
"54","ACGCACGCAGCGGTTC-1_1_1"
"55","ACGGTCGGTGGGTTGA-1_1_1"
"56","ACGGTCGGTTCCCACT-1_1_1"
"57","ACGGTTATCGTGGACC-1_1_1"
"58","ACGTACAAGCCTCAGC-1_1_1"
"59","ACGTACATCACCGCTT-1_1_1"
"60","ACGTAGTGTCCGGTCA-1_1_1"
"61","ACGTCCTCAAGGTCGA-1_1_1"
"62","ACGTTCCAGGGTGGGA-1_1_1"
"63","ACTATCTAGGCAGGTT-1_1_1"
"64","ACTATCTCATCGATGT-1_1_1"
"65","ACTATGGGTGGCGCTT-1_1_1"
"66","ACTATTCCAGCTTCCT-1_1_1"
"67","ACTCCCAAGTGTAGAT-1_1_1"
"68","ACTCCCATCTATCGCC-1_1_1"
"69","ACTGATGAGTCGCCCA-1_1_1"
"70","ACTGTGACAAGACCTT-1_1_1"
"71","ACTTATCAGGACACTG-1_1_1"
"72","ACTTCCGGTGGGACAT-1_1_1"
"73","ACTTCGCTCGTACACA-1_1_1"
"74","ACTTTGTAGATTCGCT-1_1_1"
"75","ACTTTGTGTTCTCTCG-1_1_1"
"76","AGAACAAAGTCAGCCC-1_1_1"
"77","AGAACAAGTGATATAG-1_1_1"
"78","AGAACCTAGCATAGGC-1_1_1"
"79","AGAAGCGTCTTGATTC-1_1_1"
"80","AGAAGTATCTCGGTCT-1_1_1"
"81","AGACAAATCGAGTACT-1_1_1"
"82","AGACAGGAGAGTTGAT-1_1_1"
"83","AGACAGGAGGACTTCT-1_1_1"
"84","AGACAGGTCATACGGT-1_1_1"
"85","AGACCCGAGAGAACCC-1_1_1"
"86","AGACCCGCACACGGTC-1_1_1"
"87","AGACCCGTCGTCACCT-1_1_1"
"88","AGACTCAGTCGCACAC-1_1_1"
"89","AGAGAATAGATAACAC-1_1_1"
"90","AGAGAATCAACACAGG-1_1_1"
"91","AGAGAGCCATGTCGTA-1_1_1"
"92","AGAGCAGCACGCAGTC-1_1_1"
"93","AGATCCAGTCCACACG-1_1_1"
"94","AGCCAGCTCCACTGGG-1_1_1"
"95","AGCGCTGAGTCTACCA-1_1_1"
"96","AGCGTCGAGAGGATCC-1_1_1"
"97","AGCGTCGAGGCTCCCA-1_1_1"
"98","AGCGTCGCACGCAGTC-1_1_1"
"99","AGCGTCGGTGCATCTA-1_1_1"
"100","AGCTACATCAGGGATG-1_1_1"
"101","AGCTCAAGTCTGCGCA-1_1_1"
"102","AGGAAATCAAAGACTA-1_1_1"
"103","AGGAAATCATCCGCGA-1_1_1"
"104","AGGACGAAGATAGTGT-1_1_1"
"105","AGGACGAAGCATTTCG-1_1_1"
"106","AGGACGAGTAGCTTTG-1_1_1"
"107","AGGAGGTTCTTAGGAC-1_1_1"
"108","AGGCATTGTACGATCT-1_1_1"
"109","AGGCCACTCTCACTCG-1_1_1"
"110","AGGCTGCAGGGATCAC-1_1_1"
"111","AGGCTGCTCTGGGCCA-1_1_1"
"112","AGGGAGTGTCCTTGTC-1_1_1"
"113","AGGGCCTCAGCGTGCT-1_1_1"
"114","AGGGCTCCAGCATTGT-1_1_1"
"115","AGGGTCCTCTAGCCTC-1_1_1"
"116","AGGGTGACACTTCTCG-1_1_1"
"117","AGGGTTTCATGTTACG-1_1_1"
"118","AGGTAGGAGAGAGCAA-1_1_1"
"119","AGGTCATAGTCATCCA-1_1_1"
"120","AGGTCATGTAATCAGA-1_1_1"
"121","AGGTCATGTTCTCCAC-1_1_1"
"122","AGGTCTAGTCCATCTC-1_1_1"
"123","AGGTCTAGTTCTTCAT-1_1_1"
"124","AGGTGTTTCGATGCAT-1_1_1"
"125","AGGTTACGTGGTATGG-1_1_1"
"126","AGGTTGTTCCTGATAG-1_1_1"
"127","AGTAACCAGACTACGG-1_1_1"
"128","AGTAGCTGTTGATGTC-1_1_1"
"129","AGTCACAGTGGTCAAG-1_1_1"
"130","AGTCATGAGAAATTCG-1_1_1"
"131","AGTCTCCGTGGTCTTA-1_1_1"
"132","AGTGACTAGTAGGATT-1_1_1"
"133","AGTGATCCAAGCCCAC-1_1_1"
"134","AGTGATCTCAGTGTTG-1_1_1"
"135","AGTGTTGTCCTTGACC-1_1_1"
"136","AGTTAGCCAGTCGGAA-1_1_1"
"137","AGTTCCCGTGGCTAGA-1_1_1"
"138","AGTTCCCTCGTTACCC-1_1_1"
"139","ATACCGAGTCTTCATT-1_1_1"
"140","ATAGACCGTGGAATGC-1_1_1"
"141","ATAGAGAAGTTGTACC-1_1_1"
"142","ATCACAGCACCCAATA-1_1_1"
"143","ATCACTTTCACTACGA-1_1_1"
"144","ATCAGGTAGACATACA-1_1_1"
"145","ATCATTCGTGAATAAC-1_1_1"
"146","ATCCACCGTTGGTGTT-1_1_1"
"147","ATCCCTGCACAGCCTG-1_1_1"
"148","ATCCGTCAGCTGACTT-1_1_1"
"149","ATCCGTCAGTCATTGC-1_1_1"
"150","ATCGGCGCATAGGAGC-1_1_1"
"151","ATCGTAGAGACTCGAG-1_1_1"
"152","ATCGTAGAGCACTTTG-1_1_1"
"153","ATCGTCCTCTGACAGT-1_1_1"
"154","ATCGTGATCACAGTGT-1_1_1"
"155","ATGAGGGAGATGGGCT-1_1_1"
"156","ATGATCGCAGCTGAAG-1_1_1"
"157","ATGATCGCATTGTAGC-1_1_1"
"158","ATGCATGCATTCCTCG-1_1_1"
"159","ATGCCTCCATGATCTG-1_1_1"
"160","ATGCGATTCGAGAATA-1_1_1"
"161","ATGGGAGAGGCATGCA-1_1_1"
"162","ATGGTTGGTTGGTGTT-1_1_1"
"163","ATGGTTGTCGTTCGCT-1_1_1"
"164","ATGTCCCAGATGATTG-1_1_1"
"165","ATGTCCCAGGATGAGA-1_1_1"
"166","ATGTCCCGTATAGGGC-1_1_1"
"167","ATTACCTGTAGTAAGT-1_1_1"
"168","ATTATCCTCGGACAAG-1_1_1"
"169","ATTCACTCACGTGTGC-1_1_1"
"170","ATTCATCCAACAGATA-1_1_1"
"171","ATTCATCGTAATTAGG-1_1_1"
"172","ATTCCATAGTCCTGTA-1_1_1"
"173","ATTCCTACACCGAATT-1_1_1"
"174","ATTCCTAGTAGAGATT-1_1_1"
"175","ATTCGTTCAACGATTC-1_1_1"
"176","ATTGTTCAGTCCTGCG-1_1_1"
"177","ATTGTTCGTGTTGCCG-1_1_1"
"178","ATTTCACTCCGCAACG-1_1_1"
"179","CAACAACGTCAGTCGC-1_1_1"
"180","CAACAGTCAAGATCCT-1_1_1"
"181","CAACCAAGTACCGGAA-1_1_1"
"182","CAACGATCACACCAGC-1_1_1"
"183","CAACGATTCCTAACAG-1_1_1"
"184","CAACGGCGTGGTAACG-1_1_1"
"185","CAAGACTAGCATTGTC-1_1_1"
"186","CAAGACTAGGTGCTTT-1_1_1"
"187","CAAGAGGCAAGGTCAG-1_1_1"
"188","CAAGGGAAGCATGCGA-1_1_1"
"189","CAATACGTCCATTTGT-1_1_1"
"190","CAATTTCAGAGTGAAG-1_1_1"
"191","CAATTTCGTAATTGGA-1_1_1"
"192","CAATTTCTCGAGAAAT-1_1_1"
"193","CACACAATCGAGAAAT-1_1_1"
"194","CACACAATCTAGATCG-1_1_1"
"195","CACAGATGTGACTATC-1_1_1"
"196","CACAGGCCAAAGCTCT-1_1_1"
"197","CACCAAACAATTCGTG-1_1_1"
"198","CACCAAATCATGTCAG-1_1_1"
"199","CACCGTTTCTTCCAGC-1_1_1"
"200","CACGTGGTCAGGGATG-1_1_1"
"201","CACGTTCAGGCTAGCA-1_1_1"
"202","CACTGAATCAAAGAAC-1_1_1"
"203","CACTGGGCAGACTGCC-1_1_1"
"204","CACTGGGGTGTCGCTG-1_1_1"
"205","CACTGTCTCTTCTCAA-1_1_1"
"206","CACTTCGCAGCATACT-1_1_1"
"207","CAGAGCCGTATCATGC-1_1_1"
"208","CAGATCACAGCTGCCA-1_1_1"
"209","CAGATCATCCACGGGT-1_1_1"
"210","CAGCACGGTCTACAGT-1_1_1"
"211","CAGGCCAAGTATTAGG-1_1_1"
"212","CAGGGCTTCGAACTCA-1_1_1"
"213","CAGTGCGAGTGATCGG-1_1_1"
"214","CAGTGCGGTTTAGACC-1_1_1"
"215","CAGTTAGAGAACGTGC-1_1_1"
"216","CAGTTAGTCGTTACCC-1_1_1"
"217","CATAAGCTCTCCAAGA-1_1_1"
"218","CATACTTAGCCGTTGC-1_1_1"
"219","CATACTTAGTACAGCG-1_1_1"
"220","CATCAAGGTAGACAAT-1_1_1"
"221","CATCCACAGGTGAGCT-1_1_1"
"222","CATCCACGTAATTAGG-1_1_1"
"223","CATCCACGTCTGTGGC-1_1_1"
"224","CATCCGTTCGGCCAAC-1_1_1"
"225","CATCCGTTCTCCACTG-1_1_1"
"226","CATCGTCGTCAGCTTA-1_1_1"
"227","CATGAGTTCTACTATC-1_1_1"
"228","CATGCAATCAGTGGGA-1_1_1"
"229","CATGCGGCACGCACCA-1_1_1"
"230","CATGCTCAGTTTCTTC-1_1_1"
"231","CATGCTCGTATAGCTC-1_1_1"
"232","CATTCCGGTCACCGAC-1_1_1"
"233","CATTCTATCCATTGCC-1_1_1"
"234","CATTGCCCATGACGGA-1_1_1"
"235","CATTGTTTCGTCGACG-1_1_1"
"236","CATTTCAAGAATTTGG-1_1_1"
"237","CATTTCACATCGTGCG-1_1_1"
"238","CCAAGCGGTCACCTTC-1_1_1"
"239","CCAATGAAGTCCCTAA-1_1_1"
"240","CCAATGACAGGGTTGA-1_1_1"
"241","CCAATTTGTCAGGTAG-1_1_1"
"242","CCATAAGAGTCTTGGT-1_1_1"
"243","CCCGAAGCAATCAAGA-1_1_1"
"244","CCCGAAGTCGAGATAA-1_1_1"
"245","CCCTCAAAGTCCCAGC-1_1_1"
"246","CCGAACGGTCAACGCC-1_1_1"
"247","CCGATCTAGGAGGTTC-1_1_1"
"248","CCGATCTAGGCTATCT-1_1_1"
"249","CCGATCTAGTCACGCC-1_1_1"
"250","CCGATGGGTCTCGACG-1_1_1"
"251","CCGGGTAGTGTTAGCT-1_1_1"
"252","CCGTGAGGTGTATCCA-1_1_1"
"253","CCTAACCAGCGCTTCG-1_1_1"
"254","CCTAACCCATAGGCGA-1_1_1"
"255","CCTAAGACAGCGTACC-1_1_1"
"256","CCTAAGAGTGTGTTTG-1_1_1"
"257","CCTACGTCAATTGTGC-1_1_1"
"258","CCTACGTGTTAAGTCC-1_1_1"
"259","CCTATCGAGGAACGTC-1_1_1"
"260","CCTCAGTTCACTGCTC-1_1_1"
"261","CCTCATGGTACAACGG-1_1_1"
"262","CCTCTCCGTATCCCTC-1_1_1"
"263","CCTGCATCAAACGGCA-1_1_1"
"264","CCTGTTGAGAAACTGT-1_1_1"
"265","CCTGTTGCACAGTCGC-1_1_1"
"266","CCTGTTGGTCCACGCA-1_1_1"
"267","CCTTCAGTCGGAATGG-1_1_1"
"268","CCTTTGGGTGCAGTGA-1_1_1"
"269","CGAATTGAGGACAACC-1_1_1"
"270","CGAATTGGTGGGAGAG-1_1_1"
"271","CGAATTGTCACAACCA-1_1_1"
"272","CGAATTGTCGTCGACG-1_1_1"
"273","CGACAGCTCGAGCTGC-1_1_1"
"274","CGAGAAGAGAAACCAT-1_1_1"
"275","CGAGAAGCAGATTCGT-1_1_1"
"276","CGAGGAACATAACCCA-1_1_1"
"277","CGAGGCTGTCAACACT-1_1_1"
"278","CGAGGCTGTTGCGTAT-1_1_1"
"279","CGAGTGCGTTTCACTT-1_1_1"
"280","CGATCGGTCCACGTAA-1_1_1"
"281","CGATCGGTCGGTTGTA-1_1_1"
"282","CGATGCGGTGAGACCA-1_1_1"
"283","CGATGGCGTAACTAAG-1_1_1"
"284","CGATGGCTCATTTCGT-1_1_1"
"285","CGCATAAAGACAACTA-1_1_1"
"286","CGCATAAAGCATCCTA-1_1_1"
"287","CGCATAAAGTTCATCG-1_1_1"
"288","CGCATAAGTCGTGGAA-1_1_1"
"289","CGCCAGACAACGATTC-1_1_1"
"290","CGCCATTCACCTGTCT-1_1_1"
"291","CGCCATTTCCGTGTGG-1_1_1"
"292","CGGAACCCAATACCCA-1_1_1"
"293","CGGAACCGTGTCCTAA-1_1_1"
"294","CGGAATTTCAGGAGAC-1_1_1"
"295","CGGAATTTCATTACCT-1_1_1"
"296","CGGACACAGTGATAAC-1_1_1"
"297","CGGACACCAAAGCTCT-1_1_1"
"298","CGGACACCAGCAGACA-1_1_1"
"299","CGGAGAAAGACGGTCA-1_1_1"
"300","CGGCAGTGTATTGCCA-1_1_1"
"301","CGGGCATCAAGTATAG-1_1_1"
"302","CGGGTGTAGAAGCTCG-1_1_1"
"303","CGGGTGTGTAACGATA-1_1_1"
"304","CGGGTGTGTTTGGCTA-1_1_1"
"305","CGGTCAGGTTGCATCA-1_1_1"
"306","CGTAAGTAGCTTCATG-1_1_1"
"307","CGTAAGTAGGAATGTT-1_1_1"
"308","CGTAAGTAGGTCCCGT-1_1_1"
"309","CGTAAGTCACTGGCGT-1_1_1"
"310","CGTAAGTTCAGTCTTT-1_1_1"
"311","CGTAATGGTCACAGTT-1_1_1"
"312","CGTCAAACATTAAGCC-1_1_1"
"313","CGTCCATGTATCACGT-1_1_1"
"314","CGTGAATGTTGTACGT-1_1_1"
"315","CGTTAGATCAAGTCGT-1_1_1"
"316","CGTTCTGAGCACACCC-1_1_1"
"317","CGTTGGGCAGTCGTTA-1_1_1"
"318","CGTTGGGTCGAGCACC-1_1_1"
"319","CTAACCCCAAGAAACT-1_1_1"
"320","CTAACCCCATGTGCTA-1_1_1"
"321","CTAACTTAGAGCAGAA-1_1_1"
"322","CTACAGAGTATGGTAA-1_1_1"
"323","CTACCCACAACAGATA-1_1_1"
"324","CTACCCAGTGTGACCC-1_1_1"
"325","CTACCCATCGCCTAGG-1_1_1"
"326","CTACCTGTCACACCGG-1_1_1"
"327","CTACGGGAGATTAGTG-1_1_1"
"328","CTACTATGTCGAGTTT-1_1_1"
"329","CTATCCGGTGTGTCCG-1_1_1"
"330","CTCAACCTCCACCTGT-1_1_1"
"331","CTCACTGAGAGAGCCT-1_1_1"
"332","CTCAGAAAGACTACCT-1_1_1"
"333","CTCAGAAAGGTACTGG-1_1_1"
"334","CTCAGGGAGGCTTAGG-1_1_1"
"335","CTCAGGGTCCCACAGG-1_1_1"
"336","CTCATGCCAAAGCAAT-1_1_1"
"337","CTCCACAGTGGTAACG-1_1_1"
"338","CTCCACATCTACCCAC-1_1_1"
"339","CTCCCTCAGCCAACCC-1_1_1"
"340","CTCCTCCAGCAAGGAA-1_1_1"
"341","CTCCTTTCATCCTAAG-1_1_1"
"342","CTCCTTTTCATGCCCT-1_1_1"
"343","CTCTCAGAGACATACA-1_1_1"
"344","CTCTCAGCATGGACAG-1_1_1"
"345","CTCTCAGTCCACGGGT-1_1_1"
"346","CTCTCGACAACGGCTC-1_1_1"
"347","CTCTCGAGTGGACAGT-1_1_1"
"348","CTCTGGTCAGTTGGTT-1_1_1"
"349","CTGAATGTCCTACAAG-1_1_1"
"350","CTGAGCGAGCCGGAAT-1_1_1"
"351","CTGCAGGTCAAGAGTA-1_1_1"
"352","CTGCATCAGACTCTTG-1_1_1"
"353","CTGCATCAGGTGCTTT-1_1_1"
"354","CTGCCATCAGTGTACT-1_1_1"
"355","CTGCCTAGTCCGGCAT-1_1_1"
"356","CTGCCTAGTGGTCTAT-1_1_1"
"357","CTGCCTATCATTCATC-1_1_1"
"358","CTGCTCATCGCCAATA-1_1_1"
"359","CTGTAGACATACTTTC-1_1_1"
"360","CTGTCGTAGGAACGTC-1_1_1"
"361","CTGTCGTGTAACATAG-1_1_1"
"362","CTGTCGTTCTTCCCGA-1_1_1"
"363","CTGTGAAGTGTATACC-1_1_1"
"364","CTGTGAAGTTCGGTTA-1_1_1"
"365","CTGTGGGGTACAAGTA-1_1_1"
"366","CTGTGGGGTCAAAGAT-1_1_1"
"367","CTGTGGGGTGACTAAA-1_1_1"
"368","CTTACCGGTGCACGCT-1_1_1"
"369","CTTAGGATCGTCAAAC-1_1_1"
"370","CTTCAATCACAAGCAG-1_1_1"
"371","CTTCCTTCAGGAATCG-1_1_1"
"372","CTTCCTTCATGTCTAG-1_1_1"
"373","CTTCGGTAGGCTAAAT-1_1_1"
"374","CTTCGGTGTCAACACT-1_1_1"
"375","CTTCTAAAGTCGGGAT-1_1_1"
"376","CTTCTCTTCATCGCCT-1_1_1"
"377","CTTGAGAGTCGTCAGC-1_1_1"
"378","CTTGAGATCTTCGACC-1_1_1"
"379","CTTGATTCAGTCAGAG-1_1_1"
"380","CTTTCAACATGAGATA-1_1_1"
"381","CTTTCAATCGAGCCTG-1_1_1"
"382","GAAATGATCATTACGG-1_1_1"
"383","GAACACTTCTGAGAAA-1_1_1"
"384","GAACTGTCAACATCGT-1_1_1"
"385","GAACTGTTCTTCTCAA-1_1_1"
"386","GAAGCCCAGAGGGTAA-1_1_1"
"387","GAAGCCCCACAGCCAC-1_1_1"
"388","GAAGCCCGTATAATGG-1_1_1"
"389","GAAGCGAGTCGGCTAC-1_1_1"
"390","GAATCGTAGGAGTATT-1_1_1"
"391","GAATCGTTCACTTATC-1_1_1"
"392","GACACGCCAGGAGGAG-1_1_1"
"393","GACAGCCCATGTTACG-1_1_1"
"394","GACATCAGTGATGGCA-1_1_1"
"395","GACCAATAGAGGCCAT-1_1_1"
"396","GACCGTGTCGCTACAA-1_1_1"
"397","GACCTTCAGTCATCGT-1_1_1"
"398","GACCTTCCAATTGAAG-1_1_1"
"399","GACGCTGTCGAGAAGC-1_1_1"
"400","GACGCTGTCGAGTGGA-1_1_1"
"401","GACGTTACATCCGCGA-1_1_1"
"402","GACTCTCGTGCCTGCA-1_1_1"
"403","GACTGATCATATGAAG-1_1_1"
"404","GACTGATGTCGTAATC-1_1_1"
"405","GACTGATTCTCGTGGG-1_1_1"
"406","GAGAAATGTGCAATAA-1_1_1"
"407","GAGAGGTGTCCAGGTC-1_1_1"
"408","GAGAGGTTCGCTAAAC-1_1_1"
"409","GAGATGGAGTAATACG-1_1_1"
"410","GAGCCTGCACGCGCTA-1_1_1"
"411","GAGCCTGCATTCTGTT-1_1_1"
"412","GAGCTGCCACGGTAGA-1_1_1"
"413","GAGCTGCTCGGTTCAA-1_1_1"
"414","GAGGCAAGTACACGTT-1_1_1"
"415","GAGGCCTGTGTGTACT-1_1_1"
"416","GAGGCCTTCACAGAGG-1_1_1"
"417","GAGGGATCATGAGGGT-1_1_1"
"418","GAGGGATTCGATTGGT-1_1_1"
"419","GAGGGTAAGGGAGGGT-1_1_1"
"420","GAGTGTTGTGAGGAAA-1_1_1"
"421","GAGTGTTTCAGCGCGT-1_1_1"
"422","GAGTGTTTCTAACGCA-1_1_1"
"423","GAGTTTGCAGTCGTTA-1_1_1"
"424","GATAGAAGTAGCGAGT-1_1_1"
"425","GATAGCTGTAGACAAT-1_1_1"
"426","GATCCCTAGACGACTG-1_1_1"
"427","GATCGTAAGAATAGTC-1_1_1"
"428","GATGACTCAATTAGGA-1_1_1"
"429","GATGAGGAGAGAGGTA-1_1_1"
"430","GATGAGGTCTCCGTGT-1_1_1"
"431","GATGATCCAGCGACAA-1_1_1"
"432","GATGGAGTCAGAGCGA-1_1_1"
"433","GATGTTGGTGCCAAGA-1_1_1"
"434","GATGTTGGTTTGGCTA-1_1_1"
"435","GATTCGACACCAGTAT-1_1_1"
"436","GATTCGAGTATTGACC-1_1_1"
"437","GATTGGTCAGCAGAAC-1_1_1"
"438","GATTGGTCATGACTGT-1_1_1"
"439","GATTTCTAGAAGTATC-1_1_1"
"440","GCACGTGAGGCGAACT-1_1_1"
"441","GCAGCCAAGTGGTGAC-1_1_1"
"442","GCAGCTGGTAAGGCTG-1_1_1"
"443","GCAGTTAGTTTACCTT-1_1_1"
"444","GCATCGGCAACGACTT-1_1_1"
"445","GCATCTCGTGTTCCTC-1_1_1"
"446","GCATGATAGAAGGGAT-1_1_1"
"447","GCATTAGGTTGTGCAT-1_1_1"
"448","GCATTAGTCAGCCTCT-1_1_1"
"449","GCCAACGAGGTGTGAC-1_1_1"
"450","GCCAGCAGTCGCATTA-1_1_1"
"451","GCCAGGTAGAGCAGTC-1_1_1"
"452","GCCAGGTCATCATCTT-1_1_1"
"453","GCCAGTGTCGAGAATA-1_1_1"
"454","GCCATGGAGGAAAGTG-1_1_1"
"455","GCCATGGCAAATACAG-1_1_1"
"456","GCCATGGGTTTCACAG-1_1_1"
"457","GCCCAGACAGCTGCCA-1_1_1"
"458","GCCCAGATCAGCACCG-1_1_1"
"459","GCCCGAAAGAGTCTTC-1_1_1"
"460","GCCGTGAAGTGGACTG-1_1_1"
"461","GCCGTGACACCTTCGT-1_1_1"
"462","GCCTGTTGTACTCGAT-1_1_1"
"463","GCGATCGAGTATAGAC-1_1_1"
"464","GCGGAAAAGGTCGCCT-1_1_1"
"465","GCGGAAATCTATGTGG-1_1_1"
"466","GCGTTTCCAACAGTGG-1_1_1"
"467","GCGTTTCCAATTGCAC-1_1_1"
"468","GCGTTTCGTGGCTAGA-1_1_1"
"469","GCTACAATCCTCAGAA-1_1_1"
"470","GCTCAAACAAATTGCC-1_1_1"
"471","GCTGAATCAGTGCGCT-1_1_1"
"472","GCTGAATGTACAGCGA-1_1_1"
"473","GCTGGGTCAAGAGTTA-1_1_1"
"474","GCTTGGGAGACTGTTC-1_1_1"
"475","GCTTGGGAGTGTTGAA-1_1_1"
"476","GCTTTCGCAGTCGAGA-1_1_1"
"477","GGAACCCAGGTTGGTG-1_1_1"
"478","GGAACCCCATCCTAAG-1_1_1"
"479","GGAACCCTCTGGAAGG-1_1_1"
"480","GGAAGTGAGGGAACAA-1_1_1"
"481","GGAAGTGAGTCATGCT-1_1_1"
"482","GGAAGTGTCATTCTTG-1_1_1"
"483","GGACGTCCACAAATGA-1_1_1"
"484","GGAGATGCAAGAATAC-1_1_1"
"485","GGAGCAATCAACTGAC-1_1_1"
"486","GGAGGATTCCACGTGG-1_1_1"
"487","GGAGGTATCCTCTAGC-1_1_1"
"488","GGAGGTATCGTGTTCC-1_1_1"
"489","GGATGTTAGAGCCATG-1_1_1"
"490","GGCACGTAGGATACGC-1_1_1"
"491","GGCACGTGTCACTACA-1_1_1"
"492","GGCACGTTCGGTTAGT-1_1_1"
"493","GGCAGTCCAACCTATG-1_1_1"
"494","GGCAGTCTCATACGAC-1_1_1"
"495","GGCAGTCTCGATTCCC-1_1_1"
"496","GGCGTCAAGCAGGGAG-1_1_1"
"497","GGCGTCACACCTTCGT-1_1_1"
"498","GGCGTCAGTATTCCTT-1_1_1"
"499","GGCTGTGAGACAGTCG-1_1_1"
"500","GGCTGTGTCCCGAGTG-1_1_1"
"501","GGCTTGGCATACTGTG-1_1_1"
"502","GGCTTTCCAGTATGAA-1_1_1"
"503","GGGAAGTGTACTGCGC-1_1_1"
"504","GGGAAGTTCACTTATC-1_1_1"
"505","GGGACCTAGCTAGAGC-1_1_1"
"506","GGGACCTGTCGTCTCT-1_1_1"
"507","GGGACCTTCTTGGAAC-1_1_1"
"508","GGGAGATTCAACTGGT-1_1_1"
"509","GGGATGAGTTGTGCCG-1_1_1"
"510","GGGCGTTAGACGCTCC-1_1_1"
"511","GGGCTACCAGCTACAT-1_1_1"
"512","GGGCTCAAGACCAAGC-1_1_1"
"513","GGGTAGATCCTTGAAG-1_1_1"
"514","GGGTATTGTCAGGAGT-1_1_1"
"515","GGGTCACCAGCACACC-1_1_1"
"516","GGGTGAACAACTGAAA-1_1_1"
"517","GGGTTATCAACCAATC-1_1_1"
"518","GGGTTATCAATTAGGA-1_1_1"
"519","GGGTTTACAGCTGAAG-1_1_1"
"520","GGGTTTAGTTAGTCGT-1_1_1"
"521","GGTAACTAGCCAAGGT-1_1_1"
"522","GGTAACTGTAGAGTTA-1_1_1"
"523","GGTAATCAGACTTGTC-1_1_1"
"524","GGTCTGGCAAAGCTCT-1_1_1"
"525","GGTCTGGGTCTTGTCC-1_1_1"
"526","GGTGAAGGTCAGACGA-1_1_1"
"527","GGTGGCTAGATAACGT-1_1_1"
"528","GGTGTCGTCTCGTGAA-1_1_1"
"529","GGTGTTAAGGAAAGGT-1_1_1"
"530","GGTTCTCAGTCAACAA-1_1_1"
"531","GGTTCTCCAGCGGTTC-1_1_1"
"532","GGTTGTAGTCAAACGG-1_1_1"
"533","GGTTGTAGTGAGTTTC-1_1_1"
"534","GTAACACCAAGTGTCT-1_1_1"
"535","GTAACACGTATCGCTA-1_1_1"
"536","GTAACCATCCGGCAGT-1_1_1"
"537","GTAATCGCATGTGTCA-1_1_1"
"538","GTAATGCGTGATACCT-1_1_1"
"539","GTACAACAGGGACACT-1_1_1"
"540","GTACAACGTAGTCGGA-1_1_1"
"541","GTAGAGGCAGCGAGTA-1_1_1"
"542","GTAGATCAGTGGCGAT-1_1_1"
"543","GTAGGAGGTGCACAAG-1_1_1"
"544","GTAGTACTCTCAAAGC-1_1_1"
"545","GTATTGGCATAACTCG-1_1_1"
"546","GTCAAACGTCATCGCG-1_1_1"
"547","GTCAAGTAGCGACTTT-1_1_1"
"548","GTCAAGTCAATAAGGT-1_1_1"
"549","GTCACGGCATGGAAGC-1_1_1"
"550","GTCACTCAGAAGAGCA-1_1_1"
"551","GTCATCCAGTCGAATA-1_1_1"
"552","GTCATCCGTCACCGAC-1_1_1"
"553","GTCATGAAGTTACGGG-1_1_1"
"554","GTCATGAGTGGCGTAA-1_1_1"
"555","GTCATGATCGTTACCC-1_1_1"
"556","GTCATTTAGCATCTTG-1_1_1"
"557","GTCATTTAGTTCGGTT-1_1_1"
"558","GTCATTTTCCACCTGT-1_1_1"
"559","GTCATTTTCCGACAGC-1_1_1"
"560","GTCCACTGTCGTACAT-1_1_1"
"561","GTCCACTTCACTGCTC-1_1_1"
"562","GTCCACTTCAGCTTCC-1_1_1"
"563","GTCCCATCATCTCATT-1_1_1"
"564","GTCGAATAGTACTGTC-1_1_1"
"565","GTCGTAAGTGAGATTA-1_1_1"
"566","GTCTAGAAGCTCCATA-1_1_1"
"567","GTCTCACGTGGGTTGA-1_1_1"
"568","GTCTCACTCTCTAAGG-1_1_1"
"569","GTCTGTCGTTAAGTCC-1_1_1"
"570","GTCTTTAAGTTTCAGC-1_1_1"
"571","GTCTTTACACCACATA-1_1_1"
"572","GTGACGCTCATTACCT-1_1_1"
"573","GTGAGCCAGCACTAAA-1_1_1"
"574","GTGAGGAAGAAGTATC-1_1_1"
"575","GTGAGGAAGTGTTCCA-1_1_1"
"576","GTGATGTAGGTCGCCT-1_1_1"
"577","GTGATGTCAACTGAAA-1_1_1"
"578","GTGATGTCAAGTAGTA-1_1_1"
"579","GTGCACGTCGACCAAT-1_1_1"
"580","GTGGAGAGTTTGATCG-1_1_1"
"581","GTGGCGTAGGAAGTAG-1_1_1"
"582","GTGGGAACAACTGCTA-1_1_1"
"583","GTGGGAACAATCGCGC-1_1_1"
"584","GTGGGAACATGGACAG-1_1_1"
"585","GTGTCCTAGACCATGG-1_1_1"
"586","GTGTGATGTACGTAGG-1_1_1"
"587","GTGTTAGAGGATTCAA-1_1_1"
"588","GTGTTCCAGCCAGACA-1_1_1"
"589","GTTACAGTCTCCGATC-1_1_1"
"590","GTTACCCTCACGGTCG-1_1_1"
"591","GTTCATTAGACTGGGT-1_1_1"
"592","GTTCGCTAGTGGCAGT-1_1_1"
"593","GTTCTATAGGCCGCTT-1_1_1"
"594","GTTCTATGTGTCATCA-1_1_1"
"595","GTTGAACCAGCTGGTC-1_1_1"
"596","GTTGAACGTGTGTACT-1_1_1"
"597","GTTGTCCGTCGCTCGA-1_1_1"
"598","GTTGTCCTCCATCTAT-1_1_1"
"599","GTTTGGATCATTCGGA-1_1_1"
"600","TAACGACCATCCCGTT-1_1_1"
"601","TAACTTCGTGTCTTGA-1_1_1"
"602","TAAGCACAGGTAAACT-1_1_1"
"603","TAAGCACTCCGTGGCA-1_1_1"
"604","TAAGCCAAGACAACAT-1_1_1"
"605","TAAGCCACACAAGTTC-1_1_1"
"606","TAAGCGTGTAAGGTCG-1_1_1"
"607","TAAGTCGAGTGTTCAC-1_1_1"
"608","TAAGTCGCACCGCTGA-1_1_1"
"609","TAAGTCGGTACGATGG-1_1_1"
"610","TAATCTCTCAGCCTCT-1_1_1"
"611","TAATCTCTCCAGCACG-1_1_1"
"612","TAATTCCCATGGCCCA-1_1_1"
"613","TACAACGTCCTATTGT-1_1_1"
"614","TACATTCAGACCAAGC-1_1_1"
"615","TACATTCGTGCAACAG-1_1_1"
"616","TACATTCTCTGCATGA-1_1_1"
"617","TACCCACAGTTACGTC-1_1_1"
"618","TACCCACCATAGGTAA-1_1_1"
"619","TACCCGTGTACTGAGG-1_1_1"
"620","TACCGAATCGGATTAC-1_1_1"
"621","TACCTGCCAAGTATCC-1_1_1"
"622","TACGCTCTCCGGGACT-1_1_1"
"623","TACGGGCAGCCGATAG-1_1_1"
"624","TACGGGCAGGGAACAA-1_1_1"
"625","TACGGGCAGTGTTGTC-1_1_1"
"626","TACGGTAAGCAACCAG-1_1_1"
"627","TACGGTAGTTACGTAC-1_1_1"
"628","TACTTACCAAGTGATA-1_1_1"
"629","TAGACCAGTGGTAATA-1_1_1"
"630","TAGAGTCTCTGGGAGA-1_1_1"
"631","TAGGAGGAGATACGAT-1_1_1"
"632","TAGGGTTCAGTCAACT-1_1_1"
"633","TAGGGTTGTCGTCAGC-1_1_1"
"634","TAGTGCAGTTACCCTC-1_1_1"
"635","TATATCCTCAGACAAA-1_1_1"
"636","TATCAGGAGACAGCTG-1_1_1"
"637","TATCAGGCACGCTGAC-1_1_1"
"638","TATCAGGGTCGCATCG-1_1_1"
"639","TATCTGTCACGGGCTT-1_1_1"
"640","TATCTTGGTTACCCAA-1_1_1"
"641","TATTCCACACGTTGGC-1_1_1"
"642","TCAAGACAGCATCAGG-1_1_1"
"643","TCAAGCAGTCCAGAAG-1_1_1"
"644","TCAAGTGAGTATGTAG-1_1_1"
"645","TCAAGTGCACGTTCGG-1_1_1"
"646","TCAAGTGCAGTTGAAA-1_1_1"
"647","TCAAGTGGTTTGAAAG-1_1_1"
"648","TCACAAGTCACCGGTG-1_1_1"
"649","TCACTATCACCGTGCA-1_1_1"
"650","TCAGCAAGTAGGTCAG-1_1_1"
"651","TCAGCAAGTTACCCTC-1_1_1"
"652","TCAGCAAGTTGTGGAG-1_1_1"
"653","TCAGCCTGTTATCTGG-1_1_1"
"654","TCAGGGCTCACTTATC-1_1_1"
"655","TCAGTTTGTCTCACGG-1_1_1"
"656","TCATACTGTAAGGCTG-1_1_1"
"657","TCATACTTCGGCTGTG-1_1_1"
"658","TCATATCCACTCCGGA-1_1_1"
"659","TCATATCCAGCTTTGA-1_1_1"
"660","TCATGAGAGAAAGCGA-1_1_1"
"661","TCATGCCAGCCTAGGA-1_1_1"
"662","TCATGCCCAAATACAG-1_1_1"
"663","TCATGGACAAGCACCC-1_1_1"
"664","TCATGGATCGAGTCTA-1_1_1"
"665","TCATGGATCGCCAGTG-1_1_1"
"666","TCATTACCACTATGTG-1_1_1"
"667","TCATTCAAGGGTAGCT-1_1_1"
"668","TCATTCATCGAGAAGC-1_1_1"
"669","TCATTGTGTCACCGAC-1_1_1"
"670","TCATTTGCAGGTGACA-1_1_1"
"671","TCATTTGTCGAACTCA-1_1_1"
"672","TCCACCAGTCAGACGA-1_1_1"
"673","TCCAGAACATAACTCG-1_1_1"
"674","TCCATCGTCGATTCCC-1_1_1"
"675","TCCCAGTAGTTTGGCT-1_1_1"
"676","TCCCAGTGTACAACGG-1_1_1"
"677","TCCGATCGTGATCATC-1_1_1"
"678","TCCGGGAAGCTTCTAG-1_1_1"
"679","TCCGGGATCGAGTTGT-1_1_1"
"680","TCCGTGTTCGTGGCTG-1_1_1"
"681","TCCTAATCACAATGAA-1_1_1"
"682","TCCTCCCGTACTCGTA-1_1_1"
"683","TCCTCGAAGGGTGAGG-1_1_1"
"684","TCCTCTTAGGTTCAGG-1_1_1"
"685","TCCTCTTTCTCCCTAG-1_1_1"
"686","TCCTGCAAGGAGCTGT-1_1_1"
"687","TCGAAGTAGAGTTGCG-1_1_1"
"688","TCGAAGTCAGGCCTGT-1_1_1"
"689","TCGACGGAGCCGAATG-1_1_1"
"690","TCGCACTGTAGTCTGT-1_1_1"
"691","TCGCTTGGTCATTGCA-1_1_1"
"692","TCGGATAAGTAATCCC-1_1_1"
"693","TCGGATATCTTTCCAA-1_1_1"
"694","TCGGGACTCATCCTAT-1_1_1"
"695","TCGGGCAAGGTTTACC-1_1_1"
"696","TCGGGTGGTCAACACT-1_1_1"
"697","TCGGTCTTCGGCTCTT-1_1_1"
"698","TCGTAGAAGGTCCCTG-1_1_1"
"699","TCGTGCTGTGTACAGG-1_1_1"
"700","TCTAACTAGAAATCCA-1_1_1"
"701","TCTAACTCACTGTCGG-1_1_1"
"702","TCTACATAGGGCAAGG-1_1_1"
"703","TCTACCGCAGACCCGT-1_1_1"
"704","TCTCAGCAGGCGAACT-1_1_1"
"705","TCTCCGACAAATCAGA-1_1_1"
"706","TCTGCCACACAAATGA-1_1_1"
"707","TCTTAGTAGGTCCTGC-1_1_1"
"708","TGAATGCCATATGGCT-1_1_1"
"709","TGACCCTAGCCGGAAT-1_1_1"
"710","TGACCCTCAAACCATC-1_1_1"
"711","TGACGCGGTCACTTCC-1_1_1"
"712","TGACGCGGTTCCTAGA-1_1_1"
"713","TGACGCGTCGCCGTGA-1_1_1"
"714","TGACTCCTCTACTGAG-1_1_1"
"715","TGAGCATTCGTCACCT-1_1_1"
"716","TGAGCGCAGGTTGACG-1_1_1"
"717","TGAGCGCAGTTAGAAC-1_1_1"
"718","TGAGGGAGTTCGAACT-1_1_1"
"719","TGAGGTTGTAGACAAT-1_1_1"
"720","TGATCAGGTGGTCTCG-1_1_1"
"721","TGATGCATCGAGTACT-1_1_1"
"722","TGATGGTAGTGGTTGG-1_1_1"
"723","TGATGGTGTATGCAAA-1_1_1"
"724","TGATTTCCATGCCGGT-1_1_1"
"725","TGCACGGGTTCTTGTT-1_1_1"
"726","TGCAGATGTAGGACCA-1_1_1"
"727","TGCAGATGTCCTGTCT-1_1_1"
"728","TGCATCCAGTGAGGTC-1_1_1"
"729","TGCATCCCAAGACCGA-1_1_1"
"730","TGCATCCCAGCAGGAT-1_1_1"
"731","TGCATCCTCATTGCCC-1_1_1"
"732","TGCATCCTCCCTCTCC-1_1_1"
"733","TGCGACGCACGGCTAC-1_1_1"
"734","TGCGGCAGTTCTATCT-1_1_1"
"735","TGCGGGTGTCGTACTA-1_1_1"
"736","TGCTCCATCTGCTAGA-1_1_1"
"737","TGCTCGTAGTCCTACA-1_1_1"
"738","TGCTGAACAATCGCGC-1_1_1"
"739","TGCTGAAGTGTAAATG-1_1_1"
"740","TGCTGAAGTTGCCGAC-1_1_1"
"741","TGCTTCGCAAGGATGC-1_1_1"
"742","TGCTTGCAGAGAGCCT-1_1_1"
"743","TGGAGGACAGAGGAAA-1_1_1"
"744","TGGATCACAAAGAGTT-1_1_1"
"745","TGGATCAGTTTGTGGT-1_1_1"
"746","TGGCGTGTCCATTCGC-1_1_1"
"747","TGGGAAGAGCCTCTGG-1_1_1"
"748","TGGGAAGAGCGTATGG-1_1_1"
"749","TGGGAGAGTGCTGTCG-1_1_1"
"750","TGGGAGATCTCTCGCA-1_1_1"
"751","TGGGATTCACTAACGT-1_1_1"
"752","TGGGATTGTAGACTGG-1_1_1"
"753","TGGGCGTCACGAAGAC-1_1_1"
"754","TGGGCTGTCCTTATGT-1_1_1"
"755","TGGGTTAAGCCGTAAG-1_1_1"
"756","TGGTGATCACATAGCT-1_1_1"
"757","TGGTGATGTAGAATGT-1_1_1"
"758","TGGTGATTCATAGACC-1_1_1"
"759","TGTAACGTCATGGATC-1_1_1"
"760","TGTACAGTCACTTATC-1_1_1"
"761","TGTAGACCAGGTCCGT-1_1_1"
"762","TGTCCACGTTGGACCC-1_1_1"
"763","TGTCCACTCAAGCGTT-1_1_1"
"764","TGTCCCACAGTAACCT-1_1_1"
"765","TGTGATGGTCCATAGT-1_1_1"
"766","TGTGCGGTCGATAACC-1_1_1"
"767","TGTTCATAGACCTCCG-1_1_1"
"768","TGTTCATAGGACTTCT-1_1_1"
"769","TGTTCATTCAGAGCAG-1_1_1"
"770","TGTTCCGGTCAAGCGA-1_1_1"
"771","TGTTCTATCCACTGGG-1_1_1"
"772","TTAATCCCAAGAGTGC-1_1_1"
"773","TTAATCCCACGTAGTT-1_1_1"
"774","TTAATCCGTGACCGAA-1_1_1"
"775","TTACAGGAGAAGCCAC-1_1_1"
"776","TTACGCCGTCTGTGTA-1_1_1"
"777","TTACGTTAGGTGGTTG-1_1_1"
"778","TTACTGTTCCAGCACG-1_1_1"
"779","TTACTGTTCGATTGAC-1_1_1"
"780","TTAGGCAGTAGGAGTC-1_1_1"
"781","TTAGGGTTCCATGAGT-1_1_1"
"782","TTCACCGAGCAAGTCG-1_1_1"
"783","TTCACCGAGGCCATAG-1_1_1"
"784","TTCACCGCATGACCCG-1_1_1"
"785","TTCATGTTCAGTGATC-1_1_1"
"786","TTCATTGGTTCGAACT-1_1_1"
"787","TTCCAATAGCAGCGAT-1_1_1"
"788","TTCCAATGTACCGGAA-1_1_1"
"789","TTCCACGCAGTCTTCC-1_1_1"
"790","TTCCACGGTGAAGCTG-1_1_1"
"791","TTCCTCTTCGAAGCCC-1_1_1"
"792","TTCGGTCCATCTAACG-1_1_1"
"793","TTCGGTCTCAGGACAG-1_1_1"
"794","TTCTAACAGATGTTCC-1_1_1"
"795","TTCTAACCAAGTGCAG-1_1_1"
"796","TTCTAGTTCTAAACGC-1_1_1"
"797","TTCTCTCGTACAGGTG-1_1_1"
"798","TTCTTCCCAGGGATAC-1_1_1"
"799","TTGAACGAGGGTACAC-1_1_1"
"800","TTGACCCTCGATCCCT-1_1_1"
"801","TTGAGTGAGTATGTAG-1_1_1"
"802","TTGAGTGCAAGAGTTA-1_1_1"
"803","TTGCCTGAGTTTGAGA-1_1_1"
"804","TTGCTGCGTCACAGTT-1_1_1"
"805","TTGGGATGTGGCTACC-1_1_1"
"806","TTGGGATTCTTGCGCT-1_1_1"
"807","TTGGGCGGTCTAGGCC-1_1_1"
"808","TTGGGCGTCGCCAGAC-1_1_1"
"809","TTGGGTAGTTGATGTC-1_1_1"
"810","TTGGTTTGTAACATAG-1_1_1"
"811","TTGTGGAAGGATGCGT-1_1_1"
"812","TTGTTCAAGGCATGCA-1_1_1"
"813","TTTACCAAGCACTCGC-1_1_1"
"814","TTTACCATCCTTATCA-1_1_1"
"815","TTTACTGTCCGATGCG-1_1_1"
"816","TTTAGTCCAATCACGT-1_1_1"
"817","TTTATGCTCACTGAAC-1_1_1"
"818","TTTCAGTAGGGTAATT-1_1_1"
"819","TTTCAGTCACTTGGGC-1_1_1"
"820","TTTCAGTTCCGATCGG-1_1_1"
"821","TTTCCTCTCCTGGCTT-1_1_1"
"822","TTTGGAGAGGCTTTCA-1_1_1"
"823","TTTGGAGAGTAGATCA-1_1_1"
"824","TTTGGTTTCAGATTGC-1_1_1"
