"","x"
"1","AAACGCTGTATCAGGG-1_4_2"
"2","AAAGGGCCACAGTCGC-1_4_2"
"3","AAAGGGCGTACCTTCC-1_4_2"
"4","AAAGTGACAGCGGTCT-1_4_2"
"5","AAATGGAGTGAGTTGG-1_4_2"
"6","AACAAAGGTCCTCAGG-1_4_2"
"7","AACAACCCAGCGTATT-1_4_2"
"8","AACAAGATCCTGTAGA-1_4_2"
"9","AACAAGATCCTTGACC-1_4_2"
"10","AACACACAGGGCTGAT-1_4_2"
"11","AACAGGGAGCGATCGA-1_4_2"
"12","AACAGGGAGGCTGTAG-1_4_2"
"13","AACCAACTCTACCTTA-1_4_2"
"14","AACCTGAAGATTGATG-1_4_2"
"15","AACCTTTCACTCTCGT-1_4_2"
"16","AACCTTTGTCGACTTA-1_4_2"
"17","AACTTCTGTCGTCATA-1_4_2"
"18","AAGACAACATCAACCA-1_4_2"
"19","AAGACTCTCGGTCATA-1_4_2"
"20","AAGCCATAGACCAAAT-1_4_2"
"21","AAGCCATCAAACACGG-1_4_2"
"22","AAGCGAGGTACTCGCG-1_4_2"
"23","AAGCGAGGTCGACGCT-1_4_2"
"24","AAGGAATAGGGCATGT-1_4_2"
"25","AAGTTCGCACTAACGT-1_4_2"
"26","AAGTTCGTCCCTCGAT-1_4_2"
"27","AATAGAGGTGGATGAC-1_4_2"
"28","AATCGACGTACTTGTG-1_4_2"
"29","AATCGTGTCAGGGATG-1_4_2"
"30","AATGAAGAGTAAGACT-1_4_2"
"31","AATGACCTCCAGTGTA-1_4_2"
"32","AATGGAACAATCGCCG-1_4_2"
"33","AATGGAAGTTTGAACC-1_4_2"
"34","AATGGAATCAGCATTG-1_4_2"
"35","AATGGCTCACAAATAG-1_4_2"
"36","ACAAAGAAGGAGAATG-1_4_2"
"37","ACAAAGATCGAAGCAG-1_4_2"
"38","ACAACCAAGCCGATAG-1_4_2"
"39","ACAACCAGTGGACCAA-1_4_2"
"40","ACAACCATCAGAGTGG-1_4_2"
"41","ACACAGTGTATCCTCC-1_4_2"
"42","ACACCAATCCCTTGGT-1_4_2"
"43","ACAGAAACACTGTCGG-1_4_2"
"44","ACAGGGAGTTTGAAAG-1_4_2"
"45","ACCAAACGTTATTCCT-1_4_2"
"46","ACCAAACTCTAGTACG-1_4_2"
"47","ACCAACAGTATCCCAA-1_4_2"
"48","ACCATTTCATCTAGAC-1_4_2"
"49","ACCATTTGTAACCAGG-1_4_2"
"50","ACCCAAAGTCGTGTTA-1_4_2"
"51","ACCCTCATCAAACGTC-1_4_2"
"52","ACCCTCATCGGTCAGC-1_4_2"
"53","ACCCTTGGTCTGTGCG-1_4_2"
"54","ACCGTTCCAGGCTTGC-1_4_2"
"55","ACCTGAACACTGGATT-1_4_2"
"56","ACCTGAACAGGATGAC-1_4_2"
"57","ACGATCACATATACCG-1_4_2"
"58","ACGATGTAGGTAGGCT-1_4_2"
"59","ACGGAAGAGTATGAGT-1_4_2"
"60","ACGGAAGTCTGGGATT-1_4_2"
"61","ACGGTCGAGTATTAGG-1_4_2"
"62","ACGGTCGGTCGACTGC-1_4_2"
"63","ACGGTTACAGACCAGA-1_4_2"
"64","ACGTACACACAGAGAC-1_4_2"
"65","ACGTCCTCATGACAAA-1_4_2"
"66","ACTACGAAGCTTCTAG-1_4_2"
"67","ACTATCTCAGGATTCT-1_4_2"
"68","ACTATTCCAGCGTTGC-1_4_2"
"69","ACTATTCTCATCGTAG-1_4_2"
"70","ACTGCAACAATAGTGA-1_4_2"
"71","ACTGTCCCAGCGAGTA-1_4_2"
"72","ACTTATCTCGAGATAA-1_4_2"
"73","ACTTCCGCAATCGCCG-1_4_2"
"74","ACTTCCGTCCGACAGC-1_4_2"
"75","ACTTCGCGTCATCGGC-1_4_2"
"76","ACTTTGTCAAACCACT-1_4_2"
"77","ACTTTGTCAAACGGCA-1_4_2"
"78","AGAACAACAAGAAATC-1_4_2"
"79","AGACACTAGCAATAGT-1_4_2"
"80","AGACCCGAGGTGAGAA-1_4_2"
"81","AGACTCACATACAGAA-1_4_2"
"82","AGAGAGCGTGGCCCAT-1_4_2"
"83","AGAGAGCTCTAAGCCA-1_4_2"
"84","AGAGCAGTCTTCGTGC-1_4_2"
"85","AGATAGATCCTATTTG-1_4_2"
"86","AGATCCAAGGGCGAAG-1_4_2"
"87","AGATCGTAGTGGATAT-1_4_2"
"88","AGATGCTAGTAATCCC-1_4_2"
"89","AGATGCTCAGACAAGC-1_4_2"
"90","AGCATCAGTACACGTT-1_4_2"
"91","AGCCACGCAATTTCCT-1_4_2"
"92","AGCCACGGTGTCCGGT-1_4_2"
"93","AGCCAGCGTACGACTT-1_4_2"
"94","AGCGATTTCGTTCCCA-1_4_2"
"95","AGCGCTGGTATTCTCT-1_4_2"
"96","AGCGTCGCAATTGCAC-1_4_2"
"97","AGCGTCGTCGCAATTG-1_4_2"
"98","AGGAAATAGTCGTTAC-1_4_2"
"99","AGGACTTGTAACGCGA-1_4_2"
"100","AGGCATTAGCTGGCCT-1_4_2"
"101","AGGCATTGTTAGAAAC-1_4_2"
"102","AGGCTGCTCTTTGCGC-1_4_2"
"103","AGGGAGTTCGCACGGT-1_4_2"
"104","AGGGCCTTCCTAGCGG-1_4_2"
"105","AGGGCTCAGGACAAGA-1_4_2"
"106","AGGGCTCAGGCTGAAC-1_4_2"
"107","AGGGCTCCAGCGATTT-1_4_2"
"108","AGGGCTCCATATCGGT-1_4_2"
"109","AGGGCTCGTCGGTGTC-1_4_2"
"110","AGGGTCCAGCCTGGAA-1_4_2"
"111","AGGGTGACAGTAACAA-1_4_2"
"112","AGGGTTTAGGTTGCCC-1_4_2"
"113","AGGTAGGGTAGATTGA-1_4_2"
"114","AGGTGTTGTTAGAAGT-1_4_2"
"115","AGGTGTTTCGATCCAA-1_4_2"
"116","AGGTTACGTCGTTATG-1_4_2"
"117","AGTAACCAGGAACTCG-1_4_2"
"118","AGTAACCGTTACCCAA-1_4_2"
"119","AGTAACCTCGGCTTCT-1_4_2"
"120","AGTACCACATCTTTCA-1_4_2"
"121","AGTACCACATGATAGA-1_4_2"
"122","AGTACCATCCTCACGT-1_4_2"
"123","AGTAGCTAGCTCCGAC-1_4_2"
"124","AGTAGCTTCGTGTTCC-1_4_2"
"125","AGTAGTCTCACCGGGT-1_4_2"
"126","AGTCAACAGAGGACTC-1_4_2"
"127","AGTCAACGTTCCATTT-1_4_2"
"128","AGTCATGAGAAGGTAG-1_4_2"
"129","AGTCATGCACAATTCG-1_4_2"
"130","AGTCATGCATCGAAGG-1_4_2"
"131","AGTCATGGTGTCATTG-1_4_2"
"132","AGTGATCGTATGCTAC-1_4_2"
"133","AGTGATCTCCTCTTTC-1_4_2"
"134","AGTGCCGGTATCGTGT-1_4_2"
"135","AGTGTTGTCCATACTT-1_4_2"
"136","AGTTAGCCAGGAGGAG-1_4_2"
"137","AGTTAGCCATGGGTTT-1_4_2"
"138","ATAGACCTCAGCGCGT-1_4_2"
"139","ATAGAGAAGGTTTGAA-1_4_2"
"140","ATAGAGACAAATGAGT-1_4_2"
"141","ATCACTTAGGAGTACC-1_4_2"
"142","ATCAGGTCACCGAATT-1_4_2"
"143","ATCAGGTGTCATTCCC-1_4_2"
"144","ATCCACCCAGATTAAG-1_4_2"
"145","ATCCATTTCTCCGAAA-1_4_2"
"146","ATCCGTCAGCGACTAG-1_4_2"
"147","ATCCGTCAGTCATTGC-1_4_2"
"148","ATCGATGCAGCTAACT-1_4_2"
"149","ATCGGATAGTAGTCCT-1_4_2"
"150","ATCGGCGCAACTCCCT-1_4_2"
"151","ATCGTAGAGCGATCGA-1_4_2"
"152","ATCTCTAGTTCAAGTC-1_4_2"
"153","ATCTTCAAGCCAAGGT-1_4_2"
"154","ATCTTCAGTCAGTTTG-1_4_2"
"155","ATCTTCATCTCGAACA-1_4_2"
"156","ATGAAAGGTAGCCAGA-1_4_2"
"157","ATGAGTCGTCTTTATC-1_4_2"
"158","ATGCCTCCACGTGAGA-1_4_2"
"159","ATGCGATCATCCGAAT-1_4_2"
"160","ATGGAGGTCCATAGAC-1_4_2"
"161","ATGGATCCATGTTTGG-1_4_2"
"162","ATGGATCTCTGCGTCT-1_4_2"
"163","ATGTCTTAGTGCGACA-1_4_2"
"164","ATGTCTTTCCGACATA-1_4_2"
"165","ATTACTCGTTCAGTAC-1_4_2"
"166","ATTACTCTCTTCCACG-1_4_2"
"167","ATTATCCTCTCGCTCA-1_4_2"
"168","ATTCACTAGGCTATCT-1_4_2"
"169","ATTCAGGTCTGGCCTT-1_4_2"
"170","ATTCATCCAGGACTAG-1_4_2"
"171","ATTCCATGTCAGTCTA-1_4_2"
"172","ATTCCATGTTGCTCCT-1_4_2"
"173","ATTCTACAGGATTTGA-1_4_2"
"174","ATTCTTGGTGGTCTCG-1_4_2"
"175","ATTGTTCCACTTGTCC-1_4_2"
"176","ATTGTTCGTAGACACG-1_4_2"
"177","ATTTACCGTTCGATTG-1_4_2"
"178","ATTTCTGCACGTTCGG-1_4_2"
"179","ATTTCTGCACTGGAAG-1_4_2"
"180","CAAAGAACAGCGTACC-1_4_2"
"181","CAAAGAACATCGCTCT-1_4_2"
"182","CAACCTCCAAGAAATC-1_4_2"
"183","CAACGATAGGGCAATC-1_4_2"
"184","CAACGATAGGGCAGTT-1_4_2"
"185","CAACGATTCGCAACAT-1_4_2"
"186","CAAGACTAGACAGCTG-1_4_2"
"187","CAAGACTAGCCGTAAG-1_4_2"
"188","CAATGACAGGACTATA-1_4_2"
"189","CAATGACAGGCACAAC-1_4_2"
"190","CAATTTCAGACGATAT-1_4_2"
"191","CAATTTCCAGCAGTAG-1_4_2"
"192","CAATTTCGTATCTCTT-1_4_2"
"193","CACACAAGTACCTTCC-1_4_2"
"194","CACAGATTCGGTTAGT-1_4_2"
"195","CACATGAGTGATGGCA-1_4_2"
"196","CACCAAATCAGCGCGT-1_4_2"
"197","CACCAAATCCCACAGG-1_4_2"
"198","CACGGGTGTATGCAAA-1_4_2"
"199","CACTGTCTCTACGGTA-1_4_2"
"200","CACTTCGAGAGAGGTA-1_4_2"
"201","CACTTCGAGCTGTGCC-1_4_2"
"202","CAGATTGGTGTAAATG-1_4_2"
"203","CAGCACGGTCGAGCAA-1_4_2"
"204","CAGCACGTCACTGGGC-1_4_2"
"205","CAGCAGCAGTTACGTC-1_4_2"
"206","CAGCCAGGTACCTAAC-1_4_2"
"207","CAGCCAGGTGGTCTTA-1_4_2"
"208","CAGCGTGCACAATTCG-1_4_2"
"209","CAGGGCTCATTAAAGG-1_4_2"
"210","CAGGTATAGAAATGGG-1_4_2"
"211","CAGTTAGCAGTGCGCT-1_4_2"
"212","CAGTTAGGTGAGCGAT-1_4_2"
"213","CATACAGGTGTAAATG-1_4_2"
"214","CATACCCGTTAGAGTA-1_4_2"
"215","CATACTTCAGCGCTTG-1_4_2"
"216","CATAGACGTGAGTGAC-1_4_2"
"217","CATCAAGAGTAAACGT-1_4_2"
"218","CATCCACTCCTCTAAT-1_4_2"
"219","CATCCACTCTCGGGAC-1_4_2"
"220","CATCCCACATGGCTAT-1_4_2"
"221","CATCCGTCAAAGCTAA-1_4_2"
"222","CATCGCTAGAATTGTG-1_4_2"
"223","CATCGGGCAACAGAGC-1_4_2"
"224","CATGAGTAGTCACAGG-1_4_2"
"225","CATGCAAGTGCCGTTG-1_4_2"
"226","CATGCCTGTAGCTAAA-1_4_2"
"227","CATGCCTTCCCGTGAG-1_4_2"
"228","CATGCGGTCATCTACT-1_4_2"
"229","CATGCTCAGAATTGTG-1_4_2"
"230","CATGCTCTCAACTACG-1_4_2"
"231","CATGGATTCGGAGCAA-1_4_2"
"232","CATTCCGGTACCGCGT-1_4_2"
"233","CATTCTAGTGAGCCAA-1_4_2"
"234","CATTCTATCTGAGTCA-1_4_2"
"235","CATTGCCCAGAACTCT-1_4_2"
"236","CATTGCCCAGCATTGT-1_4_2"
"237","CATTGCCTCGTAGGAG-1_4_2"
"238","CATTTCATCCACGGAC-1_4_2"
"239","CCAAGCGAGAGTCCGA-1_4_2"
"240","CCAATTTAGCGTTGTT-1_4_2"
"241","CCAATTTCAGAACTAA-1_4_2"
"242","CCACACTTCGACGCTG-1_4_2"
"243","CCACGAGCATGTCAGT-1_4_2"
"244","CCCTCTCTCTTCTGGC-1_4_2"
"245","CCCTGATCACGCAGTC-1_4_2"
"246","CCCTTAGGTGTGTACT-1_4_2"
"247","CCGCAAGCATGAGATA-1_4_2"
"248","CCGCAAGGTTTCCATT-1_4_2"
"249","CCGGACAGTCGATGCC-1_4_2"
"250","CCGGGTAAGCCGCTTG-1_4_2"
"251","CCGGGTAGTAGCGTCC-1_4_2"
"252","CCGGTAGCATGGAAGC-1_4_2"
"253","CCGGTAGGTAACATGA-1_4_2"
"254","CCGGTGAGTAGTTCCA-1_4_2"
"255","CCGGTGAGTTCGTAAC-1_4_2"
"256","CCGGTGATCACGTCCT-1_4_2"
"257","CCGGTGATCGAGAAAT-1_4_2"
"258","CCGTTCAAGCCATGCC-1_4_2"
"259","CCGTTCACAGCTTCGG-1_4_2"
"260","CCGTTCAGTCGCCTAG-1_4_2"
"261","CCGTTCAGTGAGTCAG-1_4_2"
"262","CCTAAGACAATCGCAT-1_4_2"
"263","CCTACGTAGAATAGTC-1_4_2"
"264","CCTCACAGTGGCTGCT-1_4_2"
"265","CCTCAGTAGGGTTAAT-1_4_2"
"266","CCTCAGTTCGTAGCTA-1_4_2"
"267","CCTCATGCAATGTCAC-1_4_2"
"268","CCTCATGGTAGTGCGA-1_4_2"
"269","CCTCCAATCGGTGTTA-1_4_2"
"270","CCTCTCCGTTTAGAGA-1_4_2"
"271","CCTCTCCTCATCACCC-1_4_2"
"272","CCTGCATCACGTCATA-1_4_2"
"273","CCTGCATCAGCTGTGC-1_4_2"
"274","CCTTGTGCACTTTAGG-1_4_2"
"275","CGAAGTTAGAGGTATT-1_4_2"
"276","CGAATTGAGAGGCTGT-1_4_2"
"277","CGAATTGAGCTCAGAG-1_4_2"
"278","CGAATTGTCGTAGGAG-1_4_2"
"279","CGAGTGCAGCAGATAT-1_4_2"
"280","CGATCGGAGGAACGTC-1_4_2"
"281","CGATGCGGTATGCTTG-1_4_2"
"282","CGATGGCGTCCACATA-1_4_2"
"283","CGCATGGCATAGTCAC-1_4_2"
"284","CGCCAGACAACACGAG-1_4_2"
"285","CGCCAGATCCATTGGA-1_4_2"
"286","CGCGTGACAGAGGTTG-1_4_2"
"287","CGCGTGATCCGTGACG-1_4_2"
"288","CGGAACCAGAACCCGA-1_4_2"
"289","CGGAACCGTGCTGTCG-1_4_2"
"290","CGGACACAGTTCCAGT-1_4_2"
"291","CGGACACCATCAGCGC-1_4_2"
"292","CGGACACGTCCCTGAG-1_4_2"
"293","CGGAGAATCCGTAGTA-1_4_2"
"294","CGGAGAATCTTGGGCG-1_4_2"
"295","CGGGACTCACTCAGAT-1_4_2"
"296","CGGGTCACAGAGTAAT-1_4_2"
"297","CGGGTCATCAGGAACG-1_4_2"
"298","CGGTCAGAGTTTCGAC-1_4_2"
"299","CGTAATGAGAGTCACG-1_4_2"
"300","CGTAATGTCTGAATCG-1_4_2"
"301","CGTAGTAAGACTTCGT-1_4_2"
"302","CGTGATAGTTCAACGT-1_4_2"
"303","CGTGTCTCATCGTTCC-1_4_2"
"304","CGTTCTGCAATAACCC-1_4_2"
"305","CGTTCTGTCACATACG-1_4_2"
"306","CTAACCCAGGAATGTT-1_4_2"
"307","CTACGGGGTTGCTCAA-1_4_2"
"308","CTACTATGTACGGTTT-1_4_2"
"309","CTAGACAAGTTGGCTT-1_4_2"
"310","CTAGACACACCCGTAG-1_4_2"
"311","CTAGGTAGTGGACTGA-1_4_2"
"312","CTAGGTAGTTCGGCTG-1_4_2"
"313","CTAGGTATCAGCACCG-1_4_2"
"314","CTATAGGGTCCGGTGT-1_4_2"
"315","CTCAAGAAGGGTAGCT-1_4_2"
"316","CTCAAGACATGCCGCA-1_4_2"
"317","CTCAATTCACGGGCTT-1_4_2"
"318","CTCAGGGAGCCGTCGT-1_4_2"
"319","CTCAGGGCACAGCTTA-1_4_2"
"320","CTCAGTCAGAGGTCAC-1_4_2"
"321","CTCAGTCGTTTCTTAC-1_4_2"
"322","CTCATCGAGGTCACCC-1_4_2"
"323","CTCATCGTCTACAGGT-1_4_2"
"324","CTCATGCAGACGGATC-1_4_2"
"325","CTCATGCTCTCAAAGC-1_4_2"
"326","CTCCACAAGCAACAAT-1_4_2"
"327","CTCCATGGTGGGATTG-1_4_2"
"328","CTCCGATCATAGGAGC-1_4_2"
"329","CTCCTCCAGGCAGGTT-1_4_2"
"330","CTCCTCCCATCGAAGG-1_4_2"
"331","CTCCTCCGTTTGGAGG-1_4_2"
"332","CTCTCGATCAAACCTG-1_4_2"
"333","CTCTGGTAGGCGACAT-1_4_2"
"334","CTCTGGTGTACGCTTA-1_4_2"
"335","CTCTGGTTCTGTTGGA-1_4_2"
"336","CTGAGGCAGAGTACCG-1_4_2"
"337","CTGCAGGTCTGCAGCG-1_4_2"
"338","CTGCATCCATGGCTGC-1_4_2"
"339","CTGCATCTCAAGCCGC-1_4_2"
"340","CTGCCATAGTGGTGAC-1_4_2"
"341","CTGCCTACAAGAAATC-1_4_2"
"342","CTGCGAGTCGCTACAA-1_4_2"
"343","CTGGACGGTCTAACTG-1_4_2"
"344","CTGGACGTCGTGGTAT-1_4_2"
"345","CTGGACGTCTAGCCAA-1_4_2"
"346","CTGGTCTAGTCCGCCA-1_4_2"
"347","CTGGTCTCAAATGCTC-1_4_2"
"348","CTGTACCTCTGAATGC-1_4_2"
"349","CTGTAGATCAACGAGG-1_4_2"
"350","CTGTATTGTCTCCTGT-1_4_2"
"351","CTGTGAACAAGACGAC-1_4_2"
"352","CTGTGGGTCATTGTTC-1_4_2"
"353","CTTACCGAGAGAGGTA-1_4_2"
"354","CTTCAATGTGCCCGTA-1_4_2"
"355","CTTCCGAGTCTTAGTG-1_4_2"
"356","CTTCGGTGTAGTACGG-1_4_2"
"357","CTTCGGTGTCCGTACG-1_4_2"
"358","CTTCGGTGTGGGAGAG-1_4_2"
"359","CTTCTAAGTAACATCC-1_4_2"
"360","CTTCTAATCCGATAAC-1_4_2"
"361","CTTCTAATCGCGGTAC-1_4_2"
"362","CTTCTCTTCTTCTTCC-1_4_2"
"363","GAAACCTAGCATAGGC-1_4_2"
"364","GAAACCTTCACGACTA-1_4_2"
"365","GAAATGAGTGGCACTC-1_4_2"
"366","GAAATGAGTTGTAAAG-1_4_2"
"367","GAAATGATCAATCTCT-1_4_2"
"368","GAAGCGACAAAGGGCT-1_4_2"
"369","GAAGCGAGTTCCGTTC-1_4_2"
"370","GAAGGGTCAGGAATAT-1_4_2"
"371","GAAGTAAGTCTGTAGT-1_4_2"
"372","GAAGTAATCCGTCCTA-1_4_2"
"373","GAATAGAGTCACATTG-1_4_2"
"374","GACACGCAGCCGTTGC-1_4_2"
"375","GACACGCAGTTCCGTA-1_4_2"
"376","GACCCTTTCAAGGACG-1_4_2"
"377","GACCGTGAGCAGTCTT-1_4_2"
"378","GACGTTACACTTGTGA-1_4_2"
"379","GACGTTACATCACGGC-1_4_2"
"380","GACGTTATCAACTGAC-1_4_2"
"381","GACTATGGTCAATCTG-1_4_2"
"382","GACTATGGTGTGACCC-1_4_2"
"383","GACTTCCCACTTCCTG-1_4_2"
"384","GACTTCCTCGAATGCT-1_4_2"
"385","GAGACTTAGGGTAATT-1_4_2"
"386","GAGCCTGAGAGAAGGT-1_4_2"
"387","GAGCCTGCAGCGAGTA-1_4_2"
"388","GAGGCAAAGTGGTGGT-1_4_2"
"389","GAGGCAATCCATCGTC-1_4_2"
"390","GAGGGATGTTTCGTAG-1_4_2"
"391","GAGGGTACACAAATCC-1_4_2"
"392","GAGGGTAGTGGTAACG-1_4_2"
"393","GAGTCATAGAAAGCGA-1_4_2"
"394","GAGTCATGTCCTGAAT-1_4_2"
"395","GAGTGAGCACAAGGTG-1_4_2"
"396","GAGTGTTAGCTTCGTA-1_4_2"
"397","GAGTGTTCACCCAAGC-1_4_2"
"398","GAGTGTTGTCACGCTG-1_4_2"
"399","GAGTGTTGTTCGCGTG-1_4_2"
"400","GAGTTACCATGTGACT-1_4_2"
"401","GATCACATCGGAATTC-1_4_2"
"402","GATCAGTTCGCTGACG-1_4_2"
"403","GATCATGAGACCAAAT-1_4_2"
"404","GATCATGTCCCACAGG-1_4_2"
"405","GATCCCTTCATGCCCT-1_4_2"
"406","GATCCCTTCCAGCCTT-1_4_2"
"407","GATCGTATCCTTCTAA-1_4_2"
"408","GATCGTATCTACTGCC-1_4_2"
"409","GATGACTTCTGCACCT-1_4_2"
"410","GATGATCCAGATCATC-1_4_2"
"411","GATGATCCAGCCTTCT-1_4_2"
"412","GATGATCGTACGGTTT-1_4_2"
"413","GATGGAGCACAGCTTA-1_4_2"
"414","GATTGGTGTTCAGGTT-1_4_2"
"415","GCAACATGTGGTTCTA-1_4_2"
"416","GCAACCGGTGTTCAGT-1_4_2"
"417","GCACATAGTGCATACT-1_4_2"
"418","GCACATATCCCATACC-1_4_2"
"419","GCACGGTTCAGCCTCT-1_4_2"
"420","GCACTAACAATTGCAC-1_4_2"
"421","GCAGCTGAGTGTGTTC-1_4_2"
"422","GCAGGCTAGCAACTCT-1_4_2"
"423","GCATCGGAGGCATCAG-1_4_2"
"424","GCATCGGCAGAGGAAA-1_4_2"
"425","GCATCTCAGAAGGCTC-1_4_2"
"426","GCATGATTCGCATAGT-1_4_2"
"427","GCATTAGAGGGATCTG-1_4_2"
"428","GCCAGCAGTATACCCA-1_4_2"
"429","GCCAGCAGTGTCCGTG-1_4_2"
"430","GCCAGCATCCCTTGTG-1_4_2"
"431","GCCAGGTAGTTCTCTT-1_4_2"
"432","GCCAGGTTCGAGATGG-1_4_2"
"433","GCCCAGACACTTGAGT-1_4_2"
"434","GCCCAGACATTAGGAA-1_4_2"
"435","GCCGATGTCTTTACAC-1_4_2"
"436","GCCGTGAAGAGAGCAA-1_4_2"
"437","GCCGTGAGTTTCGACA-1_4_2"
"438","GCCTGTTAGGTTCCGC-1_4_2"
"439","GCGATCGTCGTGCTCT-1_4_2"
"440","GCGGATCTCTTTGCAT-1_4_2"
"441","GCGTGCAGTTGGAGAC-1_4_2"
"442","GCGTTTCCACCTTCGT-1_4_2"
"443","GCTGAATGTCATGACT-1_4_2"
"444","GCTGCAGAGTTGTCAC-1_4_2"
"445","GCTGGGTAGGTTGACG-1_4_2"
"446","GCTGGGTCACTGCGAC-1_4_2"
"447","GCTGGGTGTTGGCCGT-1_4_2"
"448","GCTTTCGTCTGATGGT-1_4_2"
"449","GGAATCTGTTATGTCG-1_4_2"
"450","GGAATCTTCGCTATTT-1_4_2"
"451","GGAGCAATCTGGGAGA-1_4_2"
"452","GGATCTAGTGACAGCA-1_4_2"
"453","GGATGTTAGTTCACTG-1_4_2"
"454","GGCGTCAAGGTCCAGA-1_4_2"
"455","GGCTGTGAGGTCGTGA-1_4_2"
"456","GGCTGTGCACAACGTT-1_4_2"
"457","GGCTTGGAGCATGAAT-1_4_2"
"458","GGCTTGGAGCGCACAA-1_4_2"
"459","GGCTTTCGTTTAGAGA-1_4_2"
"460","GGGACTCCAAGCTGTT-1_4_2"
"461","GGGACTCTCTGGGCGT-1_4_2"
"462","GGGAGTAAGTCACTAC-1_4_2"
"463","GGGAGTAGTCAGACGA-1_4_2"
"464","GGGATCCGTCAACCAT-1_4_2"
"465","GGGATCCTCTGAGAAA-1_4_2"
"466","GGGATGAAGACCAAGC-1_4_2"
"467","GGGATGACAACCTATG-1_4_2"
"468","GGGCTACGTCCGGTCA-1_4_2"
"469","GGGCTACGTTAGGGTG-1_4_2"
"470","GGGCTACGTTTACTGG-1_4_2"
"471","GGGCTACTCTCGACCT-1_4_2"
"472","GGGTCACGTCCGGTGT-1_4_2"
"473","GGGTCACGTGATAGTA-1_4_2"
"474","GGGTGAACATTGGGAG-1_4_2"
"475","GGTAACTCAACCTAAC-1_4_2"
"476","GGTAACTGTTCTGACA-1_4_2"
"477","GGTAGAGCAACACGAG-1_4_2"
"478","GGTCACGAGTGTACAA-1_4_2"
"479","GGTCACGCAGAAGTGC-1_4_2"
"480","GGTCACGCAGTTGCGC-1_4_2"
"481","GGTCTGGAGCTTTCCC-1_4_2"
"482","GGTCTGGCATGGGATG-1_4_2"
"483","GGTGAAGAGAGTCCGA-1_4_2"
"484","GGTGAAGCACAAGTGG-1_4_2"
"485","GGTGAAGCATCTAGAC-1_4_2"
"486","GGTGATTTCTGCAGCG-1_4_2"
"487","GGTGGCTAGAAGATCT-1_4_2"
"488","GGTGGCTCACATGAAA-1_4_2"
"489","GGTGTTATCCAGGACC-1_4_2"
"490","GGTTCTCTCTCTGGTC-1_4_2"
"491","GGTTGTACAGGCATTT-1_4_2"
"492","GGTTGTAGTACCATAC-1_4_2"
"493","GTAACACCAACGCATT-1_4_2"
"494","GTAACCAAGGAAACGA-1_4_2"
"495","GTAACCAGTGAACTAA-1_4_2"
"496","GTAACCATCCTCTTTC-1_4_2"
"497","GTAATGCGTACGATTC-1_4_2"
"498","GTAGATCAGACAGCTG-1_4_2"
"499","GTAGATCGTCTCTCAC-1_4_2"
"500","GTAGATCTCCAAATGC-1_4_2"
"501","GTAGCTAAGCCTATTG-1_4_2"
"502","GTAGCTAAGGCACCAA-1_4_2"
"503","GTAGCTATCAGCGCGT-1_4_2"
"504","GTAGTACCATAGTCGT-1_4_2"
"505","GTAGTACGTCGAGATG-1_4_2"
"506","GTAGTACGTTTCCCAC-1_4_2"
"507","GTATTGGGTACACGTT-1_4_2"
"508","GTCAAACGTACATTGC-1_4_2"
"509","GTCAAGTAGCATGTTC-1_4_2"
"510","GTCAAGTTCGACGACC-1_4_2"
"511","GTCACGGCAGCTTTCC-1_4_2"
"512","GTCACTCTCTGAGAGG-1_4_2"
"513","GTCAGCGGTAGACTGG-1_4_2"
"514","GTCATCCTCGGCCTTT-1_4_2"
"515","GTCCACTAGGCCCAAA-1_4_2"
"516","GTCCCATAGGAACGTC-1_4_2"
"517","GTCCCATCAGTATTCG-1_4_2"
"518","GTCCTCAAGAGAGCGG-1_4_2"
"519","GTCGAATAGAAATTGC-1_4_2"
"520","GTCGAATGTCTCCTGT-1_4_2"
"521","GTCGCGAGTGCCTGAC-1_4_2"
"522","GTCGTAAGTCAGGAGT-1_4_2"
"523","GTCGTAAGTGCCTTTC-1_4_2"
"524","GTCTCACGTACGATTC-1_4_2"
"525","GTCTTTACACCTGCAG-1_4_2"
"526","GTCTTTAGTCGTACTA-1_4_2"
"527","GTGAGGAGTGTCTTAG-1_4_2"
"528","GTGAGTTAGGCGTTAG-1_4_2"
"529","GTGCAGCCACCAATTG-1_4_2"
"530","GTGCAGCGTTTCTATC-1_4_2"
"531","GTGCAGCTCATTCGTT-1_4_2"
"532","GTGCAGCTCTGGACCG-1_4_2"
"533","GTGCTGGCAGACACCC-1_4_2"
"534","GTGGAGAGTCCTTGTC-1_4_2"
"535","GTGGCGTCACACCTTC-1_4_2"
"536","GTGGCGTGTAGAATAC-1_4_2"
"537","GTGGGAATCCTAAACG-1_4_2"
"538","GTGTAACCAAATTAGG-1_4_2"
"539","GTGTAACCAGAGAGGG-1_4_2"
"540","GTGTGGCAGCAACAAT-1_4_2"
"541","GTGTTAGTCTGCCTGT-1_4_2"
"542","GTTACAGAGGCCACCT-1_4_2"
"543","GTTACAGTCCCGTTGT-1_4_2"
"544","GTTACCCCATTCTCCG-1_4_2"
"545","GTTACCCTCAGCTGTA-1_4_2"
"546","GTTACCCTCCTATGGA-1_4_2"
"547","GTTAGACTCACTGAAC-1_4_2"
"548","GTTAGTGAGTAGCTCT-1_4_2"
"549","GTTAGTGCAAACACGG-1_4_2"
"550","GTTCCGTTCTCACTCG-1_4_2"
"551","GTTGAACTCCAGTTCC-1_4_2"
"552","GTTGAACTCCATTTGT-1_4_2"
"553","GTTGCTCAGCCGATCC-1_4_2"
"554","GTTGCTCCAAGGTTGG-1_4_2"
"555","GTTTACTCAAATGAGT-1_4_2"
"556","GTTTACTCAGACCTGC-1_4_2"
"557","GTTTGGAGTTCCAAAC-1_4_2"
"558","TAACACGAGGAATTAC-1_4_2"
"559","TAACACGGTTTCTATC-1_4_2"
"560","TAACCAGAGCCATTTG-1_4_2"
"561","TAACGACCATCAGCAT-1_4_2"
"562","TAACTTCCAAATGGTA-1_4_2"
"563","TAACTTCTCGGTTCAA-1_4_2"
"564","TAAGCGTCACATCATG-1_4_2"
"565","TAAGTCGGTACAATAG-1_4_2"
"566","TAAGTCGGTTGCTCAA-1_4_2"
"567","TAATCTCAGTGGATAT-1_4_2"
"568","TAATCTCCACTGGCCA-1_4_2"
"569","TAATCTCGTTCTTGCC-1_4_2"
"570","TACAACGTCCGTACGG-1_4_2"
"571","TACAGGTCATGAGGGT-1_4_2"
"572","TACAGGTGTGGCATCC-1_4_2"
"573","TACATTCAGCGAACTG-1_4_2"
"574","TACCCACAGAATCGAT-1_4_2"
"575","TACCCACTCACGGAGA-1_4_2"
"576","TACCCACTCAGCGCAC-1_4_2"
"577","TACCCGTAGACTTCCA-1_4_2"
"578","TACCGAAAGCCGATTT-1_4_2"
"579","TACCGAATCTTGGTCC-1_4_2"
"580","TACCTGCAGGATTCCT-1_4_2"
"581","TACCTGCTCGCACTCT-1_4_2"
"582","TACGCTCAGGGAGAAT-1_4_2"
"583","TACGGTATCTCTCTAA-1_4_2"
"584","TACGTCCAGAAACTCA-1_4_2"
"585","TACGTCCCAGCATGCC-1_4_2"
"586","TACTGCCCACGTCTCT-1_4_2"
"587","TACTTACAGAAATTCG-1_4_2"
"588","TACTTACGTGCTCCGA-1_4_2"
"589","TAGACCAGTCCCTGAG-1_4_2"
"590","TAGACCATCAGACAAA-1_4_2"
"591","TAGCACAGTAACCCTA-1_4_2"
"592","TAGCACAGTCCTTGTC-1_4_2"
"593","TAGGAGGAGCGTTAGG-1_4_2"
"594","TAGGGTTTCAAGCTGT-1_4_2"
"595","TAGGTACGTAATGTGA-1_4_2"
"596","TAGTGCAAGCGTCTCG-1_4_2"
"597","TATACCTGTATAGCTC-1_4_2"
"598","TATCCTAGTGTCCCTT-1_4_2"
"599","TATCTGTAGGCCTAAG-1_4_2"
"600","TATGTTCAGCGCCTAC-1_4_2"
"601","TATGTTCGTTGGCCGT-1_4_2"
"602","TATTCCAGTACCAATC-1_4_2"
"603","TATTGCTCAGAAGTTA-1_4_2"
"604","TATTTCGCATCCGCGA-1_4_2"
"605","TCAATCTGTCCAATCA-1_4_2"
"606","TCAATCTGTCGCTGCA-1_4_2"
"607","TCACAAGAGGTGGGTT-1_4_2"
"608","TCACAAGCACTAGGTT-1_4_2"
"609","TCACAAGTCTTAAGGC-1_4_2"
"610","TCACAAGTCTTCGACC-1_4_2"
"611","TCACGCTCAAGCACCC-1_4_2"
"612","TCACGCTTCTCCGCAT-1_4_2"
"613","TCACTATAGAAGTGTT-1_4_2"
"614","TCACTATAGTGTAGAT-1_4_2"
"615","TCACTATCAAAGTGTA-1_4_2"
"616","TCACTATCAACGTTAC-1_4_2"
"617","TCACTCGAGACCAACG-1_4_2"
"618","TCACTCGAGCCTCTTC-1_4_2"
"619","TCACTCGCAAGCCTGC-1_4_2"
"620","TCAGCAATCATTGTTC-1_4_2"
"621","TCAGCCTAGGCTTCCG-1_4_2"
"622","TCAGGTAAGGACGCAT-1_4_2"
"623","TCAGGTAAGTGTTGAA-1_4_2"
"624","TCAGGTACAATACGAA-1_4_2"
"625","TCAGGTATCGGTCTAA-1_4_2"
"626","TCAGTGACACATGAAA-1_4_2"
"627","TCAGTTTAGGGTACAC-1_4_2"
"628","TCAGTTTTCCTGGGAC-1_4_2"
"629","TCATCCGGTCCACAGC-1_4_2"
"630","TCATGAGAGCACTGGA-1_4_2"
"631","TCATGAGAGGCTTAGG-1_4_2"
"632","TCATGGATCTACACTT-1_4_2"
"633","TCATGTTGTTATTCTC-1_4_2"
"634","TCATTGTCAGCGGTTC-1_4_2"
"635","TCATTGTTCTGTTGGA-1_4_2"
"636","TCCACCACAAACCATC-1_4_2"
"637","TCCACCAGTAGCTTGT-1_4_2"
"638","TCCAGAACACGGTCTG-1_4_2"
"639","TCCAGAAGTTCTCCCA-1_4_2"
"640","TCCCAGTAGCCGAATG-1_4_2"
"641","TCCCAGTCAGCTAACT-1_4_2"
"642","TCCCATGAGGCGAAGG-1_4_2"
"643","TCCCATGGTCGCTTAA-1_4_2"
"644","TCCCATGTCAACCCGG-1_4_2"
"645","TCCGATCGTCGTAATC-1_4_2"
"646","TCCGGGATCTCAACGA-1_4_2"
"647","TCCTCCCGTAAGTTAG-1_4_2"
"648","TCCTCGAGTATGCAAA-1_4_2"
"649","TCGAACATCATTTGCT-1_4_2"
"650","TCGACCTCAAGCTGTT-1_4_2"
"651","TCGACGGTCCATCTGC-1_4_2"
"652","TCGCACTGTCCGTACG-1_4_2"
"653","TCGCTCAAGCTACAAA-1_4_2"
"654","TCGCTCACAAACACGG-1_4_2"
"655","TCGCTCACAGGCCTGT-1_4_2"
"656","TCGGGACAGACGCCAA-1_4_2"
"657","TCGGGCAAGGCTAGCA-1_4_2"
"658","TCGGGCATCGCCAATA-1_4_2"
"659","TCGGGTGCAGGTGTTT-1_4_2"
"660","TCGGGTGGTACTGGGA-1_4_2"
"661","TCGGTCTAGAGGTATT-1_4_2"
"662","TCGGTCTTCGACGCTG-1_4_2"
"663","TCGTCCACAAATGCTC-1_4_2"
"664","TCTACATAGTGCGCTC-1_4_2"
"665","TCTACCGTCTGAGCAT-1_4_2"
"666","TCTATACCAGACCCGT-1_4_2"
"667","TCTATCAAGCAATTAG-1_4_2"
"668","TCTATCACAAATCAAG-1_4_2"
"669","TCTATCAGTGAGACCA-1_4_2"
"670","TCTCAGCGTCCCGCAA-1_4_2"
"671","TCTCCGAAGACGAAGA-1_4_2"
"672","TCTCCGACATACCAGT-1_4_2"
"673","TCTTAGTCAAGTCCAT-1_4_2"
"674","TCTTAGTGTGTATCCA-1_4_2"
"675","TCTTCCTTCCATCACC-1_4_2"
"676","TCTTGCGAGTGGTCAG-1_4_2"
"677","TCTTTGACAAGTCCAT-1_4_2"
"678","TGAATCGTCGAATCCA-1_4_2"
"679","TGAATGCCAAAGGCGT-1_4_2"
"680","TGACAGTAGCGCCTCA-1_4_2"
"681","TGACAGTGTACCTAAC-1_4_2"
"682","TGACAGTTCCTCTGCA-1_4_2"
"683","TGACGCGCACTTGGCG-1_4_2"
"684","TGAGCATCACTGATTG-1_4_2"
"685","TGAGCATGTCGCTTGG-1_4_2"
"686","TGAGCATTCGTTCTAT-1_4_2"
"687","TGAGCGCTCATGCCAA-1_4_2"
"688","TGAGGAGAGTGTACCT-1_4_2"
"689","TGAGGAGTCAAACTGC-1_4_2"
"690","TGAGGAGTCATCGCCT-1_4_2"
"691","TGATGCAAGGCTATCT-1_4_2"
"692","TGATGCAGTCCAACGC-1_4_2"
"693","TGATTCTGTCGAGCTC-1_4_2"
"694","TGATTCTTCCTCTCTT-1_4_2"
"695","TGCACGGCATAGATGA-1_4_2"
"696","TGCATCCGTCTGTGAT-1_4_2"
"697","TGCATCCGTTGTTGAC-1_4_2"
"698","TGCGACGCAGGCAATG-1_4_2"
"699","TGCGGCACAGATTAAG-1_4_2"
"700","TGCGGCATCCGAGTGC-1_4_2"
"701","TGCGGCATCCGCGATG-1_4_2"
"702","TGCGGGTGTTACCCAA-1_4_2"
"703","TGCGGGTTCAAGTCGT-1_4_2"
"704","TGCTCCAAGTTCACTG-1_4_2"
"705","TGCTCCACAACTTGCA-1_4_2"
"706","TGCTTCGGTTGCATGT-1_4_2"
"707","TGGAACTCACTTCATT-1_4_2"
"708","TGGATCAGTGGTATGG-1_4_2"
"709","TGGATCATCGACACTA-1_4_2"
"710","TGGATGTAGTAAGCAT-1_4_2"
"711","TGGATGTGTCTAACTG-1_4_2"
"712","TGGCGTGGTACTTGTG-1_4_2"
"713","TGGCGTGGTCGAAGCA-1_4_2"
"714","TGGCGTGTCCGCACTT-1_4_2"
"715","TGGGAAGGTAAGGCCA-1_4_2"
"716","TGGGAAGTCTGCGTCT-1_4_2"
"717","TGGGAGACAGCGTGCT-1_4_2"
"718","TGGGATTTCGTCCTTG-1_4_2"
"719","TGGGCGTAGTATAGGT-1_4_2"
"720","TGGGTTAGTGCATGAG-1_4_2"
"721","TGGGTTATCCGTGCGA-1_4_2"
"722","TGGTAGTTCTTCGTGC-1_4_2"
"723","TGTAACGGTTCTCTAT-1_4_2"
"724","TGTAACGTCTTGGTCC-1_4_2"
"725","TGTAGACAGTCTCCTC-1_4_2"
"726","TGTAGACCAGTAGAGC-1_4_2"
"727","TGTCCACGTAGCTTGT-1_4_2"
"728","TGTGCGGGTATGTGTC-1_4_2"
"729","TGTTACTAGTTCGCAT-1_4_2"
"730","TGTTCATCATGAAGGC-1_4_2"
"731","TGTTCATGTTCGGCTG-1_4_2"
"732","TGTTCATTCTCGTCGT-1_4_2"
"733","TGTTCATTCTCTATAC-1_4_2"
"734","TGTTCCGCAATCGCAT-1_4_2"
"735","TGTTGAGAGTGCCGAA-1_4_2"
"736","TGTTTGTGTTACTCAG-1_4_2"
"737","TTAATCCGTCTTTATC-1_4_2"
"738","TTAATCCGTGCCGTAC-1_4_2"
"739","TTAATCCGTTCCACAA-1_4_2"
"740","TTAATCCTCTTGCAGA-1_4_2"
"741","TTACAGGAGGGATGTC-1_4_2"
"742","TTACCATAGATCCTAC-1_4_2"
"743","TTACCATCAAGCGCAA-1_4_2"
"744","TTACCGCGTAGTCCTA-1_4_2"
"745","TTACGCCAGTTCATCG-1_4_2"
"746","TTACGCCTCCCGATCT-1_4_2"
"747","TTACGTTCAAGGACAC-1_4_2"
"748","TTACGTTGTAAGTCAA-1_4_2"
"749","TTAGGCATCGCCCAGA-1_4_2"
"750","TTAGGGTGTCTCCCTA-1_4_2"
"751","TTAGGGTGTGATATAG-1_4_2"
"752","TTAGTCTTCTAGCCTC-1_4_2"
"753","TTCAATCTCTCTCCGA-1_4_2"
"754","TTCACCGGTAGAATAC-1_4_2"
"755","TTCACCGGTAGCTGTT-1_4_2"
"756","TTCACGCAGTTTCTTC-1_4_2"
"757","TTCAGGACACCGTACG-1_4_2"
"758","TTCCAATTCCACAGGC-1_4_2"
"759","TTCCGTGCACGCAAAG-1_4_2"
"760","TTCCGTGGTCGTCATA-1_4_2"
"761","TTCCTAATCCGTGGGT-1_4_2"
"762","TTCGATTAGCCGAACA-1_4_2"
"763","TTCGATTTCTATTCGT-1_4_2"
"764","TTCGGTCCACTCCTTG-1_4_2"
"765","TTCTAACGTTTCTTAC-1_4_2"
"766","TTCTAACTCCTACGAA-1_4_2"
"767","TTCTTCCAGACGACTG-1_4_2"
"768","TTCTTCCCATAGCACT-1_4_2"
"769","TTCTTCCTCGAGCCAC-1_4_2"
"770","TTCTTGAAGTTTGAGA-1_4_2"
"771","TTGACCCAGCTATCCA-1_4_2"
"772","TTGACCCAGTATGGCG-1_4_2"
"773","TTGACCCGTCGCACGT-1_4_2"
"774","TTGAGTGCAATAAGGT-1_4_2"
"775","TTGATGGAGCCTGAGA-1_4_2"
"776","TTGATGGCAACAAGAT-1_4_2"
"777","TTGCTGCAGTAAACAC-1_4_2"
"778","TTGGGATAGACCCTTA-1_4_2"
"779","TTGGGCGGTGTTCATG-1_4_2"
"780","TTGTGGATCTAAACGC-1_4_2"
"781","TTGTGGATCTCTATGT-1_4_2"
"782","TTGTGTTAGTCACACT-1_4_2"
"783","TTGTGTTCACTAGGTT-1_4_2"
"784","TTGTTCACAGCATTGT-1_4_2"
"785","TTGTTCATCTGGGAGA-1_4_2"
"786","TTGTTGTGTATGGAGC-1_4_2"
"787","TTGTTTGAGCCTCTGG-1_4_2"
"788","TTTACGTGTTGAGAGC-1_4_2"
"789","TTTCAGTAGTAGTCTC-1_4_2"
"790","TTTCAGTGTAACTGCT-1_4_2"
"791","TTTCAGTTCGGAACTT-1_4_2"
"792","TTTCATGCATCTTAGG-1_4_2"
"793","TTTCATGCATGTTCAG-1_4_2"
"794","TTTCCTCCAAGGCTTT-1_4_2"
"795","TTTCCTCGTGGCTCTG-1_4_2"
"796","TTTCGATGTACTTGTG-1_4_2"
"797","TTTGATCCATCATTGG-1_4_2"
"798","TTTGATCTCCTGCTAC-1_4_2"
"799","TTTGGAGCAGAGGACT-1_4_2"
