"","x"
"1","AAACGAAGTCTCACAA-1_2_1"
"2","AAAGTCCCAAGGGTCA-1_2_1"
"3","AAATGGAGTCGAGTTT-1_2_1"
"4","AAATGGAGTCGATTTG-1_2_1"
"5","AACAACCCAAATGATG-1_2_1"
"6","AACCCAACAAGAGTTA-1_2_1"
"7","AACCTGAAGTCAACAA-1_2_1"
"8","AACCTTTGTGGATACG-1_2_1"
"9","AACTTCTCAACTCGAT-1_2_1"
"10","AAGATAGTCAGCTAGT-1_2_1"
"11","AAGCCATGTAACTTCG-1_2_1"
"12","AAGCGAGCAAAGGTTA-1_2_1"
"13","AAGCGTTAGCCAGTAG-1_2_1"
"14","AAGGTAATCTCCGATC-1_2_1"
"15","AAGTGAACAAATGATG-1_2_1"
"16","AATGAAGGTTTCTTAC-1_2_1"
"17","AATGACCTCGCCTTGT-1_2_1"
"18","ACACCAAAGCAACTCT-1_2_1"
"19","ACAGGGAAGCTCCCTT-1_2_1"
"20","ACATTTCTCTACTGAG-1_2_1"
"21","ACCAACAAGGAGGCAG-1_2_1"
"22","ACCCTTGGTAAGGCCA-1_2_1"
"23","ACCTACCCATGTCTAG-1_2_1"
"24","ACGATCAAGCCTCTTC-1_2_1"
"25","ACGATCATCTCGCCTA-1_2_1"
"26","ACGGGTCAGGGACTGT-1_2_1"
"27","ACGGTCGGTTCGAAGG-1_2_1"
"28","ACGTCCTGTGGAAGTC-1_2_1"
"29","ACTCTCGTCGGTCTGG-1_2_1"
"30","ACTTCGCCAGAGTCAG-1_2_1"
"31","AGACAAAAGTGCCAGA-1_2_1"
"32","AGACACTGTTCATCTT-1_2_1"
"33","AGATGCTAGGTGGGTT-1_2_1"
"34","AGCCAATAGCAGCAGT-1_2_1"
"35","AGGACGAAGCGAGTCA-1_2_1"
"36","AGGGCCTCATCGTGCG-1_2_1"
"37","AGGTAGGAGGATCACG-1_2_1"
"38","AGTCACAGTGTATTGC-1_2_1"
"39","AGTCATGGTTTCTATC-1_2_1"
"40","AGTGCCGCAAATAAGC-1_2_1"
"41","AGTGTTGAGAGGTATT-1_2_1"
"42","ATACCTTGTAGGAGTC-1_2_1"
"43","ATACCTTTCGCCGAGT-1_2_1"
"44","ATACTTCGTTGGGTTT-1_2_1"
"45","ATAGAGAGTGGAATGC-1_2_1"
"46","ATCACAGAGCTGCCAC-1_2_1"
"47","ATCATTCCAATCTAGC-1_2_1"
"48","ATCCCTGAGAGGATGA-1_2_1"
"49","ATCCCTGTCTACGGGC-1_2_1"
"50","ATCGTCCTCTTCGTGC-1_2_1"
"51","ATGACCACAGGTTCCG-1_2_1"
"52","ATGCATGGTTATCTGG-1_2_1"
"53","ATGCCTCAGGCTGGAT-1_2_1"
"54","ATGCCTCCATGAGTAA-1_2_1"
"55","ATGCGATCAGATTTCG-1_2_1"
"56","ATGTCTTCATGTGCTA-1_2_1"
"57","ATTCAGGAGTAAACAC-1_2_1"
"58","ATTCCATAGCGTATGG-1_2_1"
"59","ATTGTTCAGTGGAAAG-1_2_1"
"60","CAACCTCGTCATTGCA-1_2_1"
"61","CAACGATAGCTGACCC-1_2_1"
"62","CAAGACTTCGACCAAT-1_2_1"
"63","CAAGAGGGTGGCTTAT-1_2_1"
"64","CAAGCTAGTTCTCCCA-1_2_1"
"65","CAAGGGACACTCAGAT-1_2_1"
"66","CAATACGTCGCAGTCG-1_2_1"
"67","CACAGGCGTAACATGA-1_2_1"
"68","CACGAATAGAGAGCCT-1_2_1"
"69","CACGTGGAGCGTCTGC-1_2_1"
"70","CACGTGGAGGATGTTA-1_2_1"
"71","CACTAAGCAGGCATTT-1_2_1"
"72","CACTTCGGTAAGGCCA-1_2_1"
"73","CAGCACGTCAATCTTC-1_2_1"
"74","CAGGTATGTTTCCATT-1_2_1"
"75","CATCAAGAGGGAGATA-1_2_1"
"76","CATCAAGCACGTGAGA-1_2_1"
"77","CATCGGGTCAGTGTGT-1_2_1"
"78","CATCGTCTCCACAAGT-1_2_1"
"79","CATGCTCAGGTGGCTA-1_2_1"
"80","CATGGTATCGTGGCTG-1_2_1"
"81","CCAAGCGCAAGAGTGC-1_2_1"
"82","CCAATGAAGGGACCAT-1_2_1"
"83","CCACACTTCCTACGGG-1_2_1"
"84","CCCGGAACAGTAGTGG-1_2_1"
"85","CCGATCTAGGTGCTGA-1_2_1"
"86","CCGGACAAGTCACTAC-1_2_1"
"87","CCGTGAGGTCGACTTA-1_2_1"
"88","CCTAAGATCCTGGTCT-1_2_1"
"89","CCTCACAGTCCACTCT-1_2_1"
"90","CCTCCTCCAACTTCTT-1_2_1"
"91","CCTGCATCAGCAAGAC-1_2_1"
"92","CGAGTTAAGCCATGCC-1_2_1"
"93","CGAGTTATCTGCGTCT-1_2_1"
"94","CGCCAGAGTTGTGCAT-1_2_1"
"95","CGGCAGTAGCCTGAAG-1_2_1"
"96","CGTTAGACATGTCAGT-1_2_1"
"97","CGTTCTGGTGAGCGAT-1_2_1"
"98","CTACTATAGCAATTAG-1_2_1"
"99","CTATCTAAGATGAATC-1_2_1"
"100","CTATCTATCGTAATGC-1_2_1"
"101","CTCAGGGGTCTACGTA-1_2_1"
"102","CTCATTATCTAGCAAC-1_2_1"
"103","CTCCACACAATGTGGG-1_2_1"
"104","CTCCCAAGTCATAGTC-1_2_1"
"105","CTCGAGGTCTAGTCAG-1_2_1"
"106","CTGAGCGTCTCGGGAC-1_2_1"
"107","CTGCAGGAGCATACTC-1_2_1"
"108","CTGCCATCATCTCGTC-1_2_1"
"109","CTGCTCACATCCCACT-1_2_1"
"110","CTGCTCATCAGTCTTT-1_2_1"
"111","CTGTATTGTAAGGTCG-1_2_1"
"112","CTTCTAACATACCGTA-1_2_1"
"113","GAAATGATCACCCATC-1_2_1"
"114","GAAGTAACATGATGCT-1_2_1"
"115","GACCCAGGTTGAGTCT-1_2_1"
"116","GACCCTTTCACAAGGG-1_2_1"
"117","GACGCTGGTAGGTAGC-1_2_1"
"118","GAGAAATAGGTATAGT-1_2_1"
"119","GAGACTTCAATCGCGC-1_2_1"
"120","GAGGGTAAGCCTGACC-1_2_1"
"121","GAGTGAGCATCCGTGG-1_2_1"
"122","GAGTTACAGAGCAGCT-1_2_1"
"123","GATGATCAGGACGGAG-1_2_1"
"124","GATGATCGTCAGGTGA-1_2_1"
"125","GCACGTGCAGGCGTTC-1_2_1"
"126","GCAGCCACAATCCTTT-1_2_1"
"127","GCAGCTGTCGCGTGAC-1_2_1"
"128","GCCATTCAGATAGCAT-1_2_1"
"129","GCCTGTTAGGGCCAAT-1_2_1"
"130","GCGATCGCACGAGGAT-1_2_1"
"131","GCGGATCAGAGTATAC-1_2_1"
"132","GCTTGGGGTAACGATA-1_2_1"
"133","GGAACCCCATAGGCGA-1_2_1"
"134","GGAATCTCAACAGATA-1_2_1"
"135","GGACGTCAGTCTAGAA-1_2_1"
"136","GGACGTCCATAGTCGT-1_2_1"
"137","GGATGTTTCGTTCCTG-1_2_1"
"138","GGCAGTCCAGTAGTTC-1_2_1"
"139","GGCAGTCTCACTTATC-1_2_1"
"140","GGCTGTGGTCGTCTCT-1_2_1"
"141","GGGTATTCAACACAGG-1_2_1"
"142","GGGTATTTCATGGAGG-1_2_1"
"143","GGTCACGGTCGTTTCC-1_2_1"
"144","GGTGAAGGTTCAATCG-1_2_1"
"145","GGTGAAGGTTCGAGCC-1_2_1"
"146","GGTGGCTCAGGGATAC-1_2_1"
"147","GTAATCGCAGTATGAA-1_2_1"
"148","GTACAGTCAATGGGTG-1_2_1"
"149","GTAGATCGTGCAGGAT-1_2_1"
"150","GTCAAGTAGTTCATCG-1_2_1"
"151","GTCCTCACAAGTGGAC-1_2_1"
"152","GTCTACCGTTGCTGAT-1_2_1"
"153","GTGAGGAGTATGAGGC-1_2_1"
"154","GTGAGTTCAGACCGCT-1_2_1"
"155","GTGATGTGTACCGCGT-1_2_1"
"156","GTGATGTGTGCGGATA-1_2_1"
"157","GTGCTGGGTCCCTCAT-1_2_1"
"158","GTGGAAGCACGACGAA-1_2_1"
"159","GTGGAAGGTCGTCAGC-1_2_1"
"160","GTGGCGTTCTTGCAAG-1_2_1"
"161","GTGGGAACAATTGAAG-1_2_1"
"162","GTGTTAGCAGCGCTTG-1_2_1"
"163","GTTACGAGTCTCAGAT-1_2_1"
"164","GTTATGGAGCTAATGA-1_2_1"
"165","GTTGCGGCACGCCACA-1_2_1"
"166","GTTTACTGTTGAGAGC-1_2_1"
"167","TAACTTCTCCAATGCA-1_2_1"
"168","TAAGCACTCTTCCACG-1_2_1"
"169","TAAGCGTCATAGAAAC-1_2_1"
"170","TAAGTCGCATGTACGT-1_2_1"
"171","TAATTCCGTAAGAACT-1_2_1"
"172","TACATTCGTGTTGATC-1_2_1"
"173","TACCTGCCATAACTCG-1_2_1"
"174","TACGGGCGTGTCCATA-1_2_1"
"175","TACTGCCGTACGAGTG-1_2_1"
"176","TACTTACAGTACAGAT-1_2_1"
"177","TAGACCAAGAGTCACG-1_2_1"
"178","TATCAGGGTGCGTTTA-1_2_1"
"179","TATCTGTAGTTCATGC-1_2_1"
"180","TATCTTGGTCAGACGA-1_2_1"
"181","TATTGCTCAACGACAG-1_2_1"
"182","TATTGGGTCTCATAGG-1_2_1"
"183","TCAAGACAGATAACAC-1_2_1"
"184","TCACGCTGTCGCAACC-1_2_1"
"185","TCAGCCTCAGAGGGTT-1_2_1"
"186","TCATGGATCTAGCCAA-1_2_1"
"187","TCATGTTAGCCTCTGG-1_2_1"
"188","TCATGTTAGTCGTCTA-1_2_1"
"189","TCATTTGCATTCATCT-1_2_1"
"190","TCCACCAAGCACTTTG-1_2_1"
"191","TCCATCGGTACCCGAC-1_2_1"
"192","TCCCACACATTGCCGG-1_2_1"
"193","TCCCACAGTCGTAATC-1_2_1"
"194","TCCTAATAGAGTGACC-1_2_1"
"195","TCCTTCTCAGTATTCG-1_2_1"
"196","TCCTTTCAGCTAGATA-1_2_1"
"197","TCGACGGTCTCTCGCA-1_2_1"
"198","TCGCTCAAGCCATTTG-1_2_1"
"199","TCGTGCTGTGTAGCAG-1_2_1"
"200","TCTAACTGTGCCCTTT-1_2_1"
"201","TCTGGCTTCAAGCTTG-1_2_1"
"202","TCTTCCTCACGAGAAC-1_2_1"
"203","TCTTTGACACCGGAAA-1_2_1"
"204","TGAGACTCATCGATAC-1_2_1"
"205","TGAGCATAGCGTACAG-1_2_1"
"206","TGAGCATGTGTTCGTA-1_2_1"
"207","TGAGTCAGTGATATAG-1_2_1"
"208","TGATCAGTCTTTGGAG-1_2_1"
"209","TGATGCAAGGAGGCAG-1_2_1"
"210","TGATGGTAGTAGCAAT-1_2_1"
"211","TGGAACTAGGTCACCC-1_2_1"
"212","TGGAGGACAAGAGTTA-1_2_1"
"213","TGGGAAGCAGAAACCG-1_2_1"
"214","TGGGAGAGTCGGAAAC-1_2_1"
"215","TGGGCGTTCAAGCCTA-1_2_1"
"216","TGGGCGTTCCTCTCGA-1_2_1"
"217","TGGGTTAAGAACAGGA-1_2_1"
"218","TGGTTAGCAGTGGCTC-1_2_1"
"219","TGTAGACCATCAGCAT-1_2_1"
"220","TGTCAGAGTCAGGTAG-1_2_1"
"221","TGTGCGGAGATCGACG-1_2_1"
"222","TGTGCGGTCTTTACAC-1_2_1"
"223","TGTGTGAAGTATCTGC-1_2_1"
"224","TGTTCCGGTTTGCAGT-1_2_1"
"225","TTAATCCTCGAGAAGC-1_2_1"
"226","TTACCATTCTAATTCC-1_2_1"
"227","TTACGCCTCCGAGTGC-1_2_1"
"228","TTCACGCCAGATCCAT-1_2_1"
"229","TTCACGCCAGCTGGTC-1_2_1"
"230","TTCAGGAGTGACAGGT-1_2_1"
"231","TTCCAATCACCCTATC-1_2_1"
"232","TTCCTCTTCATCGACA-1_2_1"
"233","TTCTAACCATTGTAGC-1_2_1"
"234","TTCTCTCCAATTCGTG-1_2_1"
"235","TTGAACGAGGTGATCG-1_2_1"
"236","TTGATGGGTGTTATCG-1_2_1"
"237","TTGGATGGTGCCTAAT-1_2_1"
"238","TTGGATGTCGGCCCAA-1_2_1"
"239","TTGGGCGTCAGTAGGG-1_2_1"
"240","TTGTTCACACCCAATA-1_2_1"
"241","TTTACGTCACCCAATA-1_2_1"
"242","TTTACGTCAGTCTTCC-1_2_1"
"243","TTTACTGAGTTGGAGC-1_2_1"
"244","TTTACTGGTTGGGTTT-1_2_1"
"245","TTTGACTGTGGCGCTT-1_2_1"
