"","x"
"1","AAACCCAAGATTCGCT-1_5_1"
"2","AAACCCAAGTCCCAGC-1_5_1"
"3","AAACGAATCACTCCGT-1_5_1"
"4","AAAGAACTCGTGTGGC-1_5_1"
"5","AAAGGGCCAACGGCCT-1_5_1"
"6","AAAGTCCCACTCAGAT-1_5_1"
"7","AAAGTCCCATCGATAC-1_5_1"
"8","AAATGGATCGACCACG-1_5_1"
"9","AACCCAAAGCACACAG-1_5_1"
"10","AACCTTTCAGAGAATT-1_5_1"
"11","AACCTTTTCTGCCTGT-1_5_1"
"12","AACGAAAAGTAGCCAG-1_5_1"
"13","AACTTCTGTCGGCTAC-1_5_1"
"14","AAGAACACACCAGGTC-1_5_1"
"15","AAGAACAGTTTGTGGT-1_5_1"
"16","AAGACTCAGCCTCTTC-1_5_1"
"17","AAGACTCGTAAGATAC-1_5_1"
"18","AAGACTCGTCCGGATC-1_5_1"
"19","AAGATAGGTACCCAGC-1_5_1"
"20","AAGCCATAGCTGCGAA-1_5_1"
"21","AAGCCATTCGCTACAA-1_5_1"
"22","AAGCGTTGTTAACAGA-1_5_1"
"23","AAGGAATAGCCGCTTG-1_5_1"
"24","AAGGAATTCGCTTTAT-1_5_1"
"25","AAGTACCAGACCATGG-1_5_1"
"26","AAGTACCGTCCGGCAT-1_5_1"
"27","AAGTTCGGTTAAACAG-1_5_1"
"28","AAGTTCGTCAGGAGAC-1_5_1"
"29","AATAGAGAGCGTGCTC-1_5_1"
"30","AATAGAGGTGGTGATG-1_5_1"
"31","AATCGACCAGCGTGAA-1_5_1"
"32","AATCGTGAGTAAGGGA-1_5_1"
"33","AATCGTGTCAAAGACA-1_5_1"
"34","AATCGTGTCGGCTGGT-1_5_1"
"35","AATGAAGGTAGACAGC-1_5_1"
"36","AATGACCAGGCATGGT-1_5_1"
"37","AATGCCACAAGGAGTC-1_5_1"
"38","AATGGCTGTATCCTCC-1_5_1"
"39","AATTCCTTCAAGCCTA-1_5_1"
"40","AATTTCCGTGTGGTCC-1_5_1"
"41","ACACCAACAAGATCCT-1_5_1"
"42","ACACCAAGTATCCTTT-1_5_1"
"43","ACACCAATCAAACGAA-1_5_1"
"44","ACACGCGCATGAAGGC-1_5_1"
"45","ACACGCGTCATGCATG-1_5_1"
"46","ACATCGATCGTTCGCT-1_5_1"
"47","ACATGCATCCACTGAA-1_5_1"
"48","ACCAACAAGTACCCTA-1_5_1"
"49","ACCAACACAGCGACAA-1_5_1"
"50","ACCCTCAAGACGGAAA-1_5_1"
"51","ACCCTCACACCAGGTC-1_5_1"
"52","ACCGTTCGTACACTCA-1_5_1"
"53","ACCGTTCTCGTGCAGC-1_5_1"
"54","ACCTGAACAGATCACT-1_5_1"
"55","ACCTGAACAGGTTCAT-1_5_1"
"56","ACCTGTCAGGTTAGTA-1_5_1"
"57","ACGATGTAGATCCCGC-1_5_1"
"58","ACGATGTGTCCTACGG-1_5_1"
"59","ACGGAAGCACCAAAGG-1_5_1"
"60","ACGGGTCCAGAGTTGG-1_5_1"
"61","ACGGGTCTCGCTCATC-1_5_1"
"62","ACGGGTCTCTGCGATA-1_5_1"
"63","ACGGTCGAGACTGTTC-1_5_1"
"64","ACGGTTAGTTCGGGTC-1_5_1"
"65","ACGGTTATCCAATGCA-1_5_1"
"66","ACGTAACTCACGACTA-1_5_1"
"67","ACGTCCTGTTTCTTAC-1_5_1"
"68","ACGTTCCGTCTAACGT-1_5_1"
"69","ACTATCTCACGTAACT-1_5_1"
"70","ACTATCTGTCGCGTCA-1_5_1"
"71","ACTCTCGCACAAATAG-1_5_1"
"72","ACTGATGAGAGCTGAC-1_5_1"
"73","ACTGATGTCCAGGACC-1_5_1"
"74","ACTGTCCCAACAAAGT-1_5_1"
"75","ACTGTCCGTCTACTGA-1_5_1"
"76","ACTGTCCTCCAAGCTA-1_5_1"
"77","ACTGTGAAGCAGATAT-1_5_1"
"78","ACTTAGGGTGTTTCTT-1_5_1"
"79","ACTTCGCTCTTAGCAG-1_5_1"
"80","ACTTTCATCGCCAGTG-1_5_1"
"81","ACTTTGTAGCTAGCCC-1_5_1"
"82","AGAAATGAGAGGTGCT-1_5_1"
"83","AGAAATGCAGTTAAAG-1_5_1"
"84","AGAACAACAGGAGACT-1_5_1"
"85","AGAACCTCACCGGCTA-1_5_1"
"86","AGAACCTTCATGTCTT-1_5_1"
"87","AGAAGCGCAGCTGTTA-1_5_1"
"88","AGAAGTAAGACATCAA-1_5_1"
"89","AGAAGTACAATTGAAG-1_5_1"
"90","AGAAGTACAGCGACCT-1_5_1"
"91","AGAAGTACATACTTTC-1_5_1"
"92","AGAAGTAGTATCCTTT-1_5_1"
"93","AGAAGTAGTGTAACGG-1_5_1"
"94","AGAAGTATCGGCATTA-1_5_1"
"95","AGACACTGTGACTCGC-1_5_1"
"96","AGACAGGCAGCTATTG-1_5_1"
"97","AGACCATCAAGAGTTA-1_5_1"
"98","AGACCATCATCGTCCT-1_5_1"
"99","AGACCCGGTCTTAGTG-1_5_1"
"100","AGACTCACAATTGCTG-1_5_1"
"101","AGAGAATGTCCAACGC-1_5_1"
"102","AGAGAATTCGGCACTG-1_5_1"
"103","AGAGAGCGTAGATCGG-1_5_1"
"104","AGAGAGCGTCTGATCA-1_5_1"
"105","AGAGCCCCAACGAGGT-1_5_1"
"106","AGAGCCCCAATGAACA-1_5_1"
"107","AGATCCATCGAATGCT-1_5_1"
"108","AGATCCATCTGGCCAG-1_5_1"
"109","AGATGCTGTACTAAGA-1_5_1"
"110","AGCATCATCGCCTTTG-1_5_1"
"111","AGCGATTAGCGATGCA-1_5_1"
"112","AGCGATTCATAGCACT-1_5_1"
"113","AGCGCTGTCTCCATAT-1_5_1"
"114","AGCGTCGAGCCTGTGC-1_5_1"
"115","AGCTTCCCATTCCTAT-1_5_1"
"116","AGCTTCCTCTAGATCG-1_5_1"
"117","AGGAAATCAAACTAGA-1_5_1"
"118","AGGACGACAACGGGTA-1_5_1"
"119","AGGACTTGTGTTGCCG-1_5_1"
"120","AGGAGGTAGATGTTCC-1_5_1"
"121","AGGAGGTAGCATGATA-1_5_1"
"122","AGGAGGTCAAGCGAAC-1_5_1"
"123","AGGCATTGTATGGGAC-1_5_1"
"124","AGGCATTTCAGATGCT-1_5_1"
"125","AGGCCACAGTCGTTAC-1_5_1"
"126","AGGCCACTCACTTGTT-1_5_1"
"127","AGGCTGCGTCATGGCC-1_5_1"
"128","AGGGAGTCAAATTGGA-1_5_1"
"129","AGGGAGTCACGCGTGT-1_5_1"
"130","AGGGAGTTCATTCGTT-1_5_1"
"131","AGGGCTCAGTACTCGT-1_5_1"
"132","AGGGTGAGTAGCTTAC-1_5_1"
"133","AGGGTTTAGCATTTCG-1_5_1"
"134","AGGGTTTGTAGGACCA-1_5_1"
"135","AGGTAGGCAACTGGTT-1_5_1"
"136","AGGTCATTCGTAGGGA-1_5_1"
"137","AGGTCTAGTGGGAGAG-1_5_1"
"138","AGGTTGTAGACATCCT-1_5_1"
"139","AGGTTGTAGGAGGTTC-1_5_1"
"140","AGGTTGTTCCGTGTGG-1_5_1"
"141","AGTAACCCACCTAAAC-1_5_1"
"142","AGTAACCTCCACCTCA-1_5_1"
"143","AGTAGCTAGAAATTCG-1_5_1"
"144","AGTCAACGTCCAGGTC-1_5_1"
"145","AGTCACAGTCCAATCA-1_5_1"
"146","AGTGACTGTACTCGTA-1_5_1"
"147","AGTGACTTCTGCTTTA-1_5_1"
"148","AGTGATCTCCGCATAA-1_5_1"
"149","AGTGATCTCGGTCAGC-1_5_1"
"150","AGTGTTGTCACTTGTT-1_5_1"
"151","AGTTAGCAGCTCCATA-1_5_1"
"152","AGTTAGCAGGCCTAGA-1_5_1"
"153","ATACCGAAGTCTTGGT-1_5_1"
"154","ATACTTCCACGGTCTG-1_5_1"
"155","ATAGACCAGCCTAGGA-1_5_1"
"156","ATAGACCAGTATAACG-1_5_1"
"157","ATATCCTAGCACTCAT-1_5_1"
"158","ATATCCTTCATCTATC-1_5_1"
"159","ATATCCTTCCTTCAGC-1_5_1"
"160","ATATCCTTCGTTTACT-1_5_1"
"161","ATCACAGAGGCCTTGC-1_5_1"
"162","ATCACAGTCATGCCCT-1_5_1"
"163","ATCACGACATGGGTCC-1_5_1"
"164","ATCACTTAGAGTGTTA-1_5_1"
"165","ATCCATTGTCAAGTTC-1_5_1"
"166","ATCCCTGCAGTAGATA-1_5_1"
"167","ATCGATGGTATCCCAA-1_5_1"
"168","ATCGCCTGTTGGCCTG-1_5_1"
"169","ATCGGATAGCATCGAG-1_5_1"
"170","ATCGGCGCATCACAGT-1_5_1"
"171","ATCGTAGCACACTGGC-1_5_1"
"172","ATCGTCCTCTCACTCG-1_5_1"
"173","ATCGTGAGTCGCTCGA-1_5_1"
"174","ATCGTGAGTTGCCATA-1_5_1"
"175","ATCTCTAGTCCGATCG-1_5_1"
"176","ATCTCTAGTCTTCCGT-1_5_1"
"177","ATCTCTATCGGAATTC-1_5_1"
"178","ATGAAAGAGCTAGAAT-1_5_1"
"179","ATGAAAGGTAGGAGGG-1_5_1"
"180","ATGACCAAGAGTGGCT-1_5_1"
"181","ATGAGTCAGCTGCCTG-1_5_1"
"182","ATGAGTCGTATTCTCT-1_5_1"
"183","ATGAGTCGTGATGAAT-1_5_1"
"184","ATGATCGGTGATAGAT-1_5_1"
"185","ATGATCGTCCTTCGAC-1_5_1"
"186","ATGCATGGTATTGACC-1_5_1"
"187","ATGGAGGAGACCTGGA-1_5_1"
"188","ATGGGAGAGACGCATG-1_5_1"
"189","ATGGGAGAGCCTATCA-1_5_1"
"190","ATGGGAGGTGTTACTG-1_5_1"
"191","ATGGGTTTCACCCTTG-1_5_1"
"192","ATGTCCCAGACGGTTG-1_5_1"
"193","ATGTCCCGTTTGGGAG-1_5_1"
"194","ATGTCTTTCTACCAGA-1_5_1"
"195","ATTACCTTCTCTATAC-1_5_1"
"196","ATTACTCAGTAAACGT-1_5_1"
"197","ATTACTCTCGCTTAAG-1_5_1"
"198","ATTATCCCAAATACGA-1_5_1"
"199","ATTATCCTCCCATACC-1_5_1"
"200","ATTCAGGTCCTGATAG-1_5_1"
"201","ATTCATCAGATGTTGA-1_5_1"
"202","ATTCCATAGGCTTAGG-1_5_1"
"203","ATTCCCGCAGAAATTG-1_5_1"
"204","ATTCGTTAGAGAGCCT-1_5_1"
"205","ATTCGTTAGTTCATCG-1_5_1"
"206","ATTCTACAGCCTCGTG-1_5_1"
"207","ATTCTTGAGACGCCAA-1_5_1"
"208","ATTGTTCTCGTTGTTT-1_5_1"
"209","CAAAGAAAGCGGTATG-1_5_1"
"210","CAACAACAGCCGTCGT-1_5_1"
"211","CAACAGTGTTCTCAGA-1_5_1"
"212","CAACCAAGTCGAACGA-1_5_1"
"213","CAACGGCCACAGCCAC-1_5_1"
"214","CAACGGCGTCCTGAAT-1_5_1"
"215","CAAGAGGAGTAGTCTC-1_5_1"
"216","CAAGAGGGTAGGCTCC-1_5_1"
"217","CAATCGAGTCAACACT-1_5_1"
"218","CAATGACAGGCCTTGC-1_5_1"
"219","CAATGACTCGCTCCTA-1_5_1"
"220","CAATTTCAGGACAGCT-1_5_1"
"221","CACAACATCACGGAGA-1_5_1"
"222","CACACAAAGGTGATAT-1_5_1"
"223","CACAGGCGTCCTGTTC-1_5_1"
"224","CACATGAAGGTATTGA-1_5_1"
"225","CACATGATCGGTCTAA-1_5_1"
"226","CACCGTTCATCGAAGG-1_5_1"
"227","CACGAATCAAGAGTTA-1_5_1"
"228","CACGAATCACCTAAAC-1_5_1"
"229","CACGAATTCTCTTCAA-1_5_1"
"230","CACGGGTGTACCACGC-1_5_1"
"231","CACGGGTTCGGTATGT-1_5_1"
"232","CACGTTCCACCCTATC-1_5_1"
"233","CACGTTCCACTGAGGA-1_5_1"
"234","CACTGGGGTGTCCACG-1_5_1"
"235","CAGAGCCTCGGACAAG-1_5_1"
"236","CAGATCAAGACCAAGC-1_5_1"
"237","CAGCAGCGTCGGCTAC-1_5_1"
"238","CAGCGTGGTACGTTCA-1_5_1"
"239","CAGGGCTAGCGACAGT-1_5_1"
"240","CAGGGCTTCCGACAGC-1_5_1"
"241","CATACTTCAAACTCTG-1_5_1"
"242","CATCCACAGCAGATAT-1_5_1"
"243","CATCCCAGTTCGTGCG-1_5_1"
"244","CATCCGTAGTTAGTAG-1_5_1"
"245","CATCCGTTCCTCTCGA-1_5_1"
"246","CATCGGGAGGATGAGA-1_5_1"
"247","CATCGTCGTGACCTGC-1_5_1"
"248","CATGAGTTCAAGGACG-1_5_1"
"249","CATGCAAGTCTAGGCC-1_5_1"
"250","CATGCGGAGTCACGAG-1_5_1"
"251","CATGCTCGTATCGATC-1_5_1"
"252","CATGGATGTCCACTTC-1_5_1"
"253","CATGGTAAGGGAGTGG-1_5_1"
"254","CATGGTACACTCATAG-1_5_1"
"255","CATGGTACATTGACTG-1_5_1"
"256","CATTCCGAGCTCCCTT-1_5_1"
"257","CATTCCGTCACGAGGA-1_5_1"
"258","CATTCCGTCCGGACTG-1_5_1"
"259","CATTCCGTCTCATTTG-1_5_1"
"260","CATTCTAAGTCTGGTT-1_5_1"
"261","CATTGCCGTTTCGCTC-1_5_1"
"262","CATTGTTCAAATCCCA-1_5_1"
"263","CATTTCAGTGAGGCAT-1_5_1"
"264","CCAAGCGAGTTCCGGC-1_5_1"
"265","CCAATGACAAGTGATA-1_5_1"
"266","CCAATGAGTGTTTGCA-1_5_1"
"267","CCAATTTGTATGACAA-1_5_1"
"268","CCAATTTTCTATCGGA-1_5_1"
"269","CCACAAAAGCGTCAGA-1_5_1"
"270","CCACAAAGTACTCAAC-1_5_1"
"271","CCACGAGAGTGTTGAA-1_5_1"
"272","CCACGAGAGTTCATCG-1_5_1"
"273","CCACGAGGTGTTCGAT-1_5_1"
"274","CCACGTTTCGGCCAAC-1_5_1"
"275","CCACTTGAGATGGTAT-1_5_1"
"276","CCATCACGTAATGTGA-1_5_1"
"277","CCATCACGTATCTCGA-1_5_1"
"278","CCCAACTCAATCGTCA-1_5_1"
"279","CCCAACTTCCGTAGTA-1_5_1"
"280","CCCATTGCAGGTACGA-1_5_1"
"281","CCCTTAGGTCTGTGAT-1_5_1"
"282","CCGAACGCACACAGAG-1_5_1"
"283","CCGATGGTCAGGCGAA-1_5_1"
"284","CCGCAAGTCCTGATAG-1_5_1"
"285","CCGCAAGTCTAGGCCG-1_5_1"
"286","CCGGACAGTAAGCTCT-1_5_1"
"287","CCGGGTACATGGAGAC-1_5_1"
"288","CCGGGTATCCTTCACG-1_5_1"
"289","CCGTAGGAGCAGCCCT-1_5_1"
"290","CCGTAGGCACACCGCA-1_5_1"
"291","CCGTGAGTCAACTCTT-1_5_1"
"292","CCTAACCAGATTGCGG-1_5_1"
"293","CCTCAACCAAATGGTA-1_5_1"
"294","CCTCAGTAGTTTCGGT-1_5_1"
"295","CCTCCAAGTGTGAATA-1_5_1"
"296","CCTCCAAGTTTACCAG-1_5_1"
"297","CCTCTAGCATGACACT-1_5_1"
"298","CCTCTAGTCCCGTTCA-1_5_1"
"299","CCTCTCCGTGAGGAAA-1_5_1"
"300","CCTGCATAGCGCGTTC-1_5_1"
"301","CCTTCAGGTACTTGTG-1_5_1"
"302","CCTTGTGTCCACTGAA-1_5_1"
"303","CGAAGGAGTATGAAAC-1_5_1"
"304","CGAAGTTGTCTGTCAA-1_5_1"
"305","CGAGAAGCATGACAAA-1_5_1"
"306","CGAGGAATCTCCGAAA-1_5_1"
"307","CGAGTGCCAGAGACTG-1_5_1"
"308","CGAGTGCGTAAGGCTG-1_5_1"
"309","CGAGTGCTCTCAGAAC-1_5_1"
"310","CGAGTTAGTTGTTGCA-1_5_1"
"311","CGCATGGGTAAGGCCA-1_5_1"
"312","CGCATGGTCTGAATGC-1_5_1"
"313","CGCCAGAGTTTCGGCG-1_5_1"
"314","CGCGTGAAGAACCGCA-1_5_1"
"315","CGCGTGATCCCATTTA-1_5_1"
"316","CGGAACCGTAACTAAG-1_5_1"
"317","CGGAATTAGTCTAGAA-1_5_1"
"318","CGGAGAAAGGGTACGT-1_5_1"
"319","CGGAGAACATCGAGCC-1_5_1"
"320","CGGAGAACATGTCGTA-1_5_1"
"321","CGGCAGTCAGCTGTAT-1_5_1"
"322","CGGCAGTTCTCATAGG-1_5_1"
"323","CGGCAGTTCTTCGCTG-1_5_1"
"324","CGGGTCATCGACGCTG-1_5_1"
"325","CGTAATGAGCAAGGAA-1_5_1"
"326","CGTAGTAAGAAATCCA-1_5_1"
"327","CGTAGTAGTGCCCAGT-1_5_1"
"328","CGTAGTATCATAGAGA-1_5_1"
"329","CGTGAATAGGCGCTCT-1_5_1"
"330","CGTGAATTCAACTACG-1_5_1"
"331","CGTGATACATTCTGTT-1_5_1"
"332","CGTGATATCAACCCGG-1_5_1"
"333","CGTGCTTGTCATAGTC-1_5_1"
"334","CGTTCTGCATGACAGG-1_5_1"
"335","CGTTCTGTCTCGTCGT-1_5_1"
"336","CGTTGGGTCTAAGCCA-1_5_1"
"337","CTAAGTGTCCAAACCA-1_5_1"
"338","CTACATTGTATCCTTT-1_5_1"
"339","CTACGGGCAGTTTCAG-1_5_1"
"340","CTACGGGGTCTTGCTC-1_5_1"
"341","CTACGGGGTTGTCAGT-1_5_1"
"342","CTACGGGTCGTTCAGA-1_5_1"
"343","CTAGGTACACAGTATC-1_5_1"
"344","CTAGGTACATCGCTCT-1_5_1"
"345","CTAGGTATCGACACCG-1_5_1"
"346","CTATAGGTCACAGAGG-1_5_1"
"347","CTATAGGTCCAACTAG-1_5_1"
"348","CTATCCGCAACGGCTC-1_5_1"
"349","CTATCTAGTAGCTTTG-1_5_1"
"350","CTATCTAGTGTCCAAT-1_5_1"
"351","CTATCTAGTTGCTCCT-1_5_1"
"352","CTCAACCAGGTAGCCA-1_5_1"
"353","CTCAACCTCATCTATC-1_5_1"
"354","CTCAATTGTGAGTCAG-1_5_1"
"355","CTCAGAAAGCAAATGT-1_5_1"
"356","CTCAGTCAGAACAAGG-1_5_1"
"357","CTCAGTCGTTGGGATG-1_5_1"
"358","CTCATCGCATCCAACA-1_5_1"
"359","CTCATGCAGAATAGTC-1_5_1"
"360","CTCATGCAGTCTTGGT-1_5_1"
"361","CTCATTAGTTGTCAGT-1_5_1"
"362","CTCATTATCCCTCTCC-1_5_1"
"363","CTCCAACCATCTTCGC-1_5_1"
"364","CTCCACATCTGTCCCA-1_5_1"
"365","CTCCCAAAGTTGCATC-1_5_1"
"366","CTCCGATCATTCCTCG-1_5_1"
"367","CTCCGATGTGCAGATG-1_5_1"
"368","CTCCTTTAGGTGGCTA-1_5_1"
"369","CTCCTTTCAAGCCTGC-1_5_1"
"370","CTGAATGGTCTGCCTT-1_5_1"
"371","CTGATCCAGCCTCTTC-1_5_1"
"372","CTGATCCCAAGGTCAG-1_5_1"
"373","CTGCAGGAGCTGACAG-1_5_1"
"374","CTGCAGGCAGCCTATA-1_5_1"
"375","CTGCATCTCTTGGCTC-1_5_1"
"376","CTGCCTAGTCAACCAT-1_5_1"
"377","CTGCGAGCAGCCTTCT-1_5_1"
"378","CTGGACGGTTCTCTCG-1_5_1"
"379","CTGGCAGAGCCGATTT-1_5_1"
"380","CTGGCAGGTACATACC-1_5_1"
"381","CTGGCAGTCCCTTGGT-1_5_1"
"382","CTGGTCTCATCGAGCC-1_5_1"
"383","CTGGTCTGTAAGATTG-1_5_1"
"384","CTGTATTCACATATGC-1_5_1"
"385","CTGTGAACAGAACATA-1_5_1"
"386","CTTACCGGTAGAATGT-1_5_1"
"387","CTTACCGTCAGTGATC-1_5_1"
"388","CTTCCTTTCGGAGCAA-1_5_1"
"389","CTTCTAAGTGTGTACT-1_5_1"
"390","CTTGAGAAGGTTTGAA-1_5_1"
"391","CTTGAGATCGCCCAGA-1_5_1"
"392","CTTTCAATCCCGTGTT-1_5_1"
"393","GAAACCTTCTGACCCT-1_5_1"
"394","GAACACTTCAATGTCG-1_5_1"
"395","GAACGTTTCAAACGAA-1_5_1"
"396","GAAGAATCAAGATCCT-1_5_1"
"397","GAAGCGAGTTACGGAG-1_5_1"
"398","GAAGGACTCTAGCCAA-1_5_1"
"399","GAAGGACTCTGTAAGC-1_5_1"
"400","GAAGTAATCATGCCAA-1_5_1"
"401","GAATCGTGTCATGCAT-1_5_1"
"402","GACACGCAGCAACAAT-1_5_1"
"403","GACAGCCCATGCACTA-1_5_1"
"404","GACAGCCGTAACCAGG-1_5_1"
"405","GACAGCCTCCGACGGT-1_5_1"
"406","GACATCACACCCATAA-1_5_1"
"407","GACCAATTCAAATAGG-1_5_1"
"408","GACCCTTGTACCTTCC-1_5_1"
"409","GACCTTCGTTGGAGGT-1_5_1"
"410","GACGTTACAAAGGCAC-1_5_1"
"411","GACGTTAGTAGACAGC-1_5_1"
"412","GACTTCCAGAGGGTAA-1_5_1"
"413","GACTTCCCAGCAGTTT-1_5_1"
"414","GAGAAATCACAATGAA-1_5_1"
"415","GAGATGGAGACTTGTC-1_5_1"
"416","GAGCTGCCACGCGCTA-1_5_1"
"417","GAGGCCTAGGATGAGA-1_5_1"
"418","GAGGCCTAGGCCCACT-1_5_1"
"419","GAGGCCTAGTGGATAT-1_5_1"
"420","GAGGGATAGCTGTTAC-1_5_1"
"421","GAGGGATCACTGCACG-1_5_1"
"422","GAGGGTAAGCTCACTA-1_5_1"
"423","GAGGGTAGTTCTCCTG-1_5_1"
"424","GAGTCATAGTCAATCC-1_5_1"
"425","GAGTCATGTAACTGCT-1_5_1"
"426","GAGTCTACACTAACCA-1_5_1"
"427","GAGTGAGTCGTTGCCT-1_5_1"
"428","GAGTTTGCAGACAAGC-1_5_1"
"429","GAGTTTGTCATGTCAG-1_5_1"
"430","GATAGCTAGCAAGCCA-1_5_1"
"431","GATCACAGTTGGACTT-1_5_1"
"432","GATCATGAGTTGTCAC-1_5_1"
"433","GATCCCTAGTCTGGAG-1_5_1"
"434","GATCGTATCCGGGACT-1_5_1"
"435","GATGAGGGTACGTGTT-1_5_1"
"436","GATGTTGGTCTTGGTA-1_5_1"
"437","GATTCGATCGGCTATA-1_5_1"
"438","GATTGGTCAACCTATG-1_5_1"
"439","GATTTCTCATGTGCCG-1_5_1"
"440","GCACATACACAATGTC-1_5_1"
"441","GCACTAACACAAATGA-1_5_1"
"442","GCACTAACACCGGAAA-1_5_1"
"443","GCACTAAGTTACAGCT-1_5_1"
"444","GCAGCCACAGGAACCA-1_5_1"
"445","GCAGCTGGTCTCGGAC-1_5_1"
"446","GCAGGCTGTGGACTAG-1_5_1"
"447","GCAGTTAGTACCGCGT-1_5_1"
"448","GCATCGGTCATCTACT-1_5_1"
"449","GCATGATCACTGAGGA-1_5_1"
"450","GCATGATTCATGACAC-1_5_1"
"451","GCATTAGCATGAAGGC-1_5_1"
"452","GCATTAGCATGTCTAG-1_5_1"
"453","GCCAGGTCAAACTGCT-1_5_1"
"454","GCCAGGTCACCTCAGG-1_5_1"
"455","GCCATGGGTATCTCGA-1_5_1"
"456","GCCCGAACAACGCCCA-1_5_1"
"457","GCCGATGAGCGAACTG-1_5_1"
"458","GCCGTGACAGCGAACA-1_5_1"
"459","GCCTGTTAGACGACTG-1_5_1"
"460","GCCTGTTTCTACGGGC-1_5_1"
"461","GCGAGAATCTAGCAAC-1_5_1"
"462","GCGAGAATCTCAATCT-1_5_1"
"463","GCGAGAATCTCCTGCA-1_5_1"
"464","GCGATCGTCCGATAGT-1_5_1"
"465","GCGGATCAGCTACGTT-1_5_1"
"466","GCGGATCTCTATGTGG-1_5_1"
"467","GCGTTTCTCTTAGCAG-1_5_1"
"468","GCTACAAGTTAGGAGC-1_5_1"
"469","GCTACCTCATCGAAGG-1_5_1"
"470","GCTGCAGCACCTGCAG-1_5_1"
"471","GCTGCAGTCGTGGTAT-1_5_1"
"472","GCTTTCGGTTACTCAG-1_5_1"
"473","GGAACCCGTTACCCTC-1_5_1"
"474","GGAAGTGAGATACATG-1_5_1"
"475","GGAAGTGCAGAGGTAC-1_5_1"
"476","GGAATCTTCTCCCTAG-1_5_1"
"477","GGAATGGCATCGTTCC-1_5_1"
"478","GGACGTCAGGTCGTCC-1_5_1"
"479","GGACGTCCAGTAGATA-1_5_1"
"480","GGACGTCTCTCACTCG-1_5_1"
"481","GGAGAACAGAAGCTCG-1_5_1"
"482","GGAGAACTCGGTCATA-1_5_1"
"483","GGAGATGCAAACACGG-1_5_1"
"484","GGAGATGCATTGCTTT-1_5_1"
"485","GGAGCAAAGCACTGGA-1_5_1"
"486","GGCAGTCAGAGGCCAT-1_5_1"
"487","GGCAGTCTCATGCTAG-1_5_1"
"488","GGCGTCACATACGCAT-1_5_1"
"489","GGCTGTGAGTCTAGAA-1_5_1"
"490","GGCTTGGAGAGTCACG-1_5_1"
"491","GGCTTGGGTTAGAAGT-1_5_1"
"492","GGGAAGTCAATGGGTG-1_5_1"
"493","GGGACAATCGCAACAT-1_5_1"
"494","GGGACAATCGGTCATA-1_5_1"
"495","GGGACCTTCAGCAATC-1_5_1"
"496","GGGACTCCACGCCACA-1_5_1"
"497","GGGAGATTCAAATGAG-1_5_1"
"498","GGGAGTATCCTATGGA-1_5_1"
"499","GGGATCCCAGGTTCGC-1_5_1"
"500","GGGATGAAGCGGACAT-1_5_1"
"501","GGGCCATAGTCAGCCC-1_5_1"
"502","GGGCCATAGTTGGACG-1_5_1"
"503","GGGCGTTTCTAGCAAC-1_5_1"
"504","GGGCTACGTGAGTCAG-1_5_1"
"505","GGGCTACTCACTAGCA-1_5_1"
"506","GGGCTCACAGTGTACT-1_5_1"
"507","GGGCTCATCGGATTAC-1_5_1"
"508","GGGTATTAGCGAGAAA-1_5_1"
"509","GGGTCTGTCAAGCGTT-1_5_1"
"510","GGGTGAAAGGAGAGGC-1_5_1"
"511","GGGTGAAAGGTAAACT-1_5_1"
"512","GGGTGTCTCACAGAGG-1_5_1"
"513","GGTAACTAGACAGCGT-1_5_1"
"514","GGTAGAGCACATGGTT-1_5_1"
"515","GGTAGAGCAGATTTCG-1_5_1"
"516","GGTCTGGTCTTACCAT-1_5_1"
"517","GGTGATTGTCTACAGT-1_5_1"
"518","GGTGGCTGTTGAGAGC-1_5_1"
"519","GGTGTTAAGTTGTAGA-1_5_1"
"520","GTAACACGTTAAACAG-1_5_1"
"521","GTAACCACAGCTACAT-1_5_1"
"522","GTAATCGCACCACATA-1_5_1"
"523","GTACAACAGCAGGCTA-1_5_1"
"524","GTACAACGTAGAGGAA-1_5_1"
"525","GTACAGTCACAGCCAC-1_5_1"
"526","GTAGAGGGTCGTCGGT-1_5_1"
"527","GTAGAGGGTTTGGGTT-1_5_1"
"528","GTAGATCTCAAGCCAT-1_5_1"
"529","GTAGGTTCATCCCGTT-1_5_1"
"530","GTATTTCCACAAGCTT-1_5_1"
"531","GTCAAACTCGCCAACG-1_5_1"
"532","GTCACGGAGAGAGGTA-1_5_1"
"533","GTCAGCGGTGTCACAT-1_5_1"
"534","GTCATCCAGAAGCCTG-1_5_1"
"535","GTCATGACATGAAAGT-1_5_1"
"536","GTCATTTAGCCTCTTC-1_5_1"
"537","GTCATTTGTGGAAATT-1_5_1"
"538","GTCCACTGTCTGCGCA-1_5_1"
"539","GTCCCATCAAGCTACT-1_5_1"
"540","GTCCTCAGTGGGTATG-1_5_1"
"541","GTCGAATAGGGTCTTT-1_5_1"
"542","GTCGTTCGTTCCTTGC-1_5_1"
"543","GTCTGTCAGAAGGCTC-1_5_1"
"544","GTCTTTAAGAGGTGCT-1_5_1"
"545","GTGAGGATCGACATCA-1_5_1"
"546","GTGAGGATCGACGAGA-1_5_1"
"547","GTGAGTTCACACACTA-1_5_1"
"548","GTGAGTTCATGACGGA-1_5_1"
"549","GTGAGTTTCTAGCCAA-1_5_1"
"550","GTGATGTAGTTGCCTA-1_5_1"
"551","GTGCACGGTTCTAACG-1_5_1"
"552","GTGCAGCAGTAGAGTT-1_5_1"
"553","GTGGAAGCACAATTCG-1_5_1"
"554","GTGGTTACATGGGTCC-1_5_1"
"555","GTGTAACCAACTCCCT-1_5_1"
"556","GTGTAACGTTGCAACT-1_5_1"
"557","GTGTCCTAGACCAGCA-1_5_1"
"558","GTGTTAGCATGAGATA-1_5_1"
"559","GTGTTAGTCCCTGTTG-1_5_1"
"560","GTGTTCCGTCGCATGC-1_5_1"
"561","GTTACAGAGGTAGTAT-1_5_1"
"562","GTTACAGCAGAACTAA-1_5_1"
"563","GTTACCCGTACCCAGC-1_5_1"
"564","GTTACCCGTGTGAGCA-1_5_1"
"565","GTTACGAAGAACGTGC-1_5_1"
"566","GTTACGAAGAAGGTAG-1_5_1"
"567","GTTACGATCCGATTAG-1_5_1"
"568","GTTACGATCCTAACAG-1_5_1"
"569","GTTAGACTCTGAGAGG-1_5_1"
"570","GTTAGTGCAAGTCCAT-1_5_1"
"571","GTTAGTGCATGAAGCG-1_5_1"
"572","GTTGAACAGGCCGCTT-1_5_1"
"573","GTTGAACAGGTCGTGA-1_5_1"
"574","GTTGAACCATCGGAAG-1_5_1"
"575","GTTGTCCAGCACTTTG-1_5_1"
"576","GTTGTCCTCCCAGCGA-1_5_1"
"577","GTTTACTAGTCTGTAC-1_5_1"
"578","GTTTACTTCGGCACTG-1_5_1"
"579","TAACACGGTGTTAGCT-1_5_1"
"580","TAACCAGCAAGAATAC-1_5_1"
"581","TAACGACGTCGCTTAA-1_5_1"
"582","TAACTTCAGCTAGAAT-1_5_1"
"583","TAAGCACGTCAAATCC-1_5_1"
"584","TAAGCCAAGTATTGCC-1_5_1"
"585","TAAGCCATCGCCACTT-1_5_1"
"586","TAAGCGTAGACTACGG-1_5_1"
"587","TAAGCGTGTATCGAAA-1_5_1"
"588","TAAGCGTTCATTCATC-1_5_1"
"589","TAAGTCGAGACGACTG-1_5_1"
"590","TAAGTCGGTGAGGCAT-1_5_1"
"591","TAATCTCGTAGCTAAA-1_5_1"
"592","TAATTCCAGCAACTCT-1_5_1"
"593","TAATTCCCATCGATGT-1_5_1"
"594","TAATTCCGTACGCGTC-1_5_1"
"595","TACAACGAGTGGACGT-1_5_1"
"596","TACAACGGTGTAGGAC-1_5_1"
"597","TACACCCGTAAGGCCA-1_5_1"
"598","TACAGGTTCGCTGATA-1_5_1"
"599","TACATTCCAGGTTCAT-1_5_1"
"600","TACCCACAGACATATG-1_5_1"
"601","TACCCACTCCTGGCTT-1_5_1"
"602","TACCGAAAGCGTTGTT-1_5_1"
"603","TACCGAACATCTCAAG-1_5_1"
"604","TACCGAAGTAGCTCGC-1_5_1"
"605","TACCGAATCGCACGAC-1_5_1"
"606","TACGCTCCAAGGAGTC-1_5_1"
"607","TACGGGCGTAATCAAG-1_5_1"
"608","TACGGGCGTCGTCTCT-1_5_1"
"609","TACGGGCGTTATGACC-1_5_1"
"610","TACGGTATCAGCTGAT-1_5_1"
"611","TACGTCCCATGCGTGC-1_5_1"
"612","TACTTACCAGTTTCGA-1_5_1"
"613","TACTTCAAGGAATTAC-1_5_1"
"614","TAGACCAAGTGCCAGA-1_5_1"
"615","TAGACTGGTGAGGATC-1_5_1"
"616","TAGACTGTCATGAGTC-1_5_1"
"617","TAGATCGAGCATATGA-1_5_1"
"618","TAGGAGGCATCATCCC-1_5_1"
"619","TAGGAGGGTAGCGCCT-1_5_1"
"620","TAGGAGGGTATTAAGG-1_5_1"
"621","TAGGTACCAAGAGTGC-1_5_1"
"622","TAGGTACGTCGACGCT-1_5_1"
"623","TAGTGCAAGGATATAC-1_5_1"
"624","TAGTGCACATCTAACG-1_5_1"
"625","TAGTGCAGTGAAAGTT-1_5_1"
"626","TATACCTGTTGGAGAC-1_5_1"
"627","TATCAGGAGTCTCTGA-1_5_1"
"628","TATCAGGTCCACTTCG-1_5_1"
"629","TATCTGTGTATCGTAC-1_5_1"
"630","TATTCCAAGTAGCCAG-1_5_1"
"631","TATTCCACATTAGGCT-1_5_1"
"632","TATTCCATCACACCGG-1_5_1"
"633","TATTGCTCACTTGTGA-1_5_1"
"634","TATTGGGGTTGTTTGG-1_5_1"
"635","TATTTCGGTGTTAAAG-1_5_1"
"636","TATTTCGTCGAGAAAT-1_5_1"
"637","TCAAGACGTATCCCTC-1_5_1"
"638","TCAAGACGTCTAGATC-1_5_1"
"639","TCAAGCATCCGTGTGG-1_5_1"
"640","TCAAGTGAGACTTCAC-1_5_1"
"641","TCAAGTGTCGTGGCGT-1_5_1"
"642","TCACAAGAGTGGTCAG-1_5_1"
"643","TCACAAGCAACTGATC-1_5_1"
"644","TCACAAGGTACAAACA-1_5_1"
"645","TCACGCTAGACCTGGA-1_5_1"
"646","TCACGCTCATAGCACT-1_5_1"
"647","TCACGGGTCTGCGGAC-1_5_1"
"648","TCACTCGTCCCGATCT-1_5_1"
"649","TCAGCAAAGGAATTAC-1_5_1"
"650","TCAGCAAAGTAAGGGA-1_5_1"
"651","TCAGCCTAGTTAGAAC-1_5_1"
"652","TCAGCCTTCAAACCCA-1_5_1"
"653","TCAGGGCAGTCGCCCA-1_5_1"
"654","TCAGGTATCTTACCAT-1_5_1"
"655","TCAGTGAAGTACGAGC-1_5_1"
"656","TCAGTGAGTATGTGTC-1_5_1"
"657","TCATACTGTTCCGCTT-1_5_1"
"658","TCATACTTCGTGCATA-1_5_1"
"659","TCATCATAGCGTTCAT-1_5_1"
"660","TCATCATAGTTGGAAT-1_5_1"
"661","TCATGTTGTAACGGTG-1_5_1"
"662","TCATGTTTCTTACGTT-1_5_1"
"663","TCATTACAGGAGCAAA-1_5_1"
"664","TCATTACGTGGCTGAA-1_5_1"
"665","TCATTCACACTGAGTT-1_5_1"
"666","TCATTCATCGAAATCC-1_5_1"
"667","TCATTTGGTGTTCAGT-1_5_1"
"668","TCCACCAAGAGCAGTC-1_5_1"
"669","TCCAGAAAGGCAGCTA-1_5_1"
"670","TCCAGAAAGTACCGGA-1_5_1"
"671","TCCAGAACACTTGACA-1_5_1"
"672","TCCATCGTCTGTGCGG-1_5_1"
"673","TCCATGCTCCGCATAA-1_5_1"
"674","TCCCACACATGCTGCG-1_5_1"
"675","TCCCAGTGTAAGTAGT-1_5_1"
"676","TCCTCCCCAAGATGTA-1_5_1"
"677","TCCTCCCTCCGTGACG-1_5_1"
"678","TCCTCCCTCGCTGCGA-1_5_1"
"679","TCCTCTTAGAGGTTAT-1_5_1"
"680","TCCTGCACACGAGAAC-1_5_1"
"681","TCCTTCTGTCCATCTC-1_5_1"
"682","TCCTTCTGTGGGTTGA-1_5_1"
"683","TCCTTTCTCCATTGTT-1_5_1"
"684","TCCTTTCTCGTAACAC-1_5_1"
"685","TCGAACAAGTGATAAC-1_5_1"
"686","TCGAAGTAGAGTTGCG-1_5_1"
"687","TCGACCTCAAGGTTGG-1_5_1"
"688","TCGACCTGTGATCGTT-1_5_1"
"689","TCGACCTTCGAAGTGG-1_5_1"
"690","TCGACGGCACCAAATC-1_5_1"
"691","TCGACGGTCATGTCTT-1_5_1"
"692","TCGATTTGTGGTAATA-1_5_1"
"693","TCGATTTTCAACTGAC-1_5_1"
"694","TCGCAGGTCGAGTTGT-1_5_1"
"695","TCGCTCACAGGACATG-1_5_1"
"696","TCGGATAGTGTTCGAT-1_5_1"
"697","TCGGGACAGAGGCTGT-1_5_1"
"698","TCGGGACCAGGTCTCG-1_5_1"
"699","TCGGGACGTCAGACTT-1_5_1"
"700","TCGTAGAGTTCTCGCT-1_5_1"
"701","TCGTCCAAGCGTTCAT-1_5_1"
"702","TCGTGCTAGGAGCTGT-1_5_1"
"703","TCGTGGGCACCGTGGT-1_5_1"
"704","TCTACATCAAGAAACT-1_5_1"
"705","TCTACCGCAAAGACTA-1_5_1"
"706","TCTATACCACGACTAT-1_5_1"
"707","TCTCAGCTCTTCCCAG-1_5_1"
"708","TCTCTGGGTAGTCCTA-1_5_1"
"709","TCTCTGGGTCGACGCT-1_5_1"
"710","TCTCTGGTCGCCAGTG-1_5_1"
"711","TCTGCCAGTAGATTAG-1_5_1"
"712","TCTGCCATCATTGCTT-1_5_1"
"713","TCTGGCTAGCCTCAGC-1_5_1"
"714","TCTGGCTGTCATGACT-1_5_1"
"715","TCTGGCTGTGACAGCA-1_5_1"
"716","TCTGGCTTCTGAGATC-1_5_1"
"717","TCTGTCGTCTGATGGT-1_5_1"
"718","TCTTAGTAGTGGTTAA-1_5_1"
"719","TCTTAGTTCCAGCAAT-1_5_1"
"720","TCTTCCTCAATAGGAT-1_5_1"
"721","TGAACGTGTTCAATCG-1_5_1"
"722","TGACAGTCATAGCACT-1_5_1"
"723","TGACCCTGTCGAGTGA-1_5_1"
"724","TGAGACTAGATGCTTC-1_5_1"
"725","TGAGACTAGCATGGGT-1_5_1"
"726","TGAGACTCATTAAAGG-1_5_1"
"727","TGAGTCACAATCGAAA-1_5_1"
"728","TGATCTTTCGGAGATG-1_5_1"
"729","TGATGGTAGTGATCGG-1_5_1"
"730","TGATTTCGTCACGCTG-1_5_1"
"731","TGCACGGAGCACTAGG-1_5_1"
"732","TGCACGGCAACTGTGT-1_5_1"
"733","TGCAGTAAGTCAGCCC-1_5_1"
"734","TGCATGAAGGCTATCT-1_5_1"
"735","TGCGACGAGCATCGAG-1_5_1"
"736","TGCGACGCAACTCGAT-1_5_1"
"737","TGCGATACACAACGCC-1_5_1"
"738","TGCGGGTTCCACGAAT-1_5_1"
"739","TGCGGGTTCGCCTCTA-1_5_1"
"740","TGCTGAAAGGCACAAC-1_5_1"
"741","TGCTGAAGTGTTCCTC-1_5_1"
"742","TGCTTGCCAGACCGCT-1_5_1"
"743","TGCTTGCCATCGATAC-1_5_1"
"744","TGCTTGCGTAACATCC-1_5_1"
"745","TGGAACTAGCCTCATA-1_5_1"
"746","TGGATCATCGATCCAA-1_5_1"
"747","TGGGAAGCAAGCCCAC-1_5_1"
"748","TGGGAAGCATCCGGCA-1_5_1"
"749","TGGGAAGGTCATCACA-1_5_1"
"750","TGGGAAGGTCTGCGCA-1_5_1"
"751","TGGGAAGTCAAGGACG-1_5_1"
"752","TGGGCGTGTCTTCAAG-1_5_1"
"753","TGGTGATGTGCGGATA-1_5_1"
"754","TGGTTAGAGGAATGTT-1_5_1"
"755","TGTAACGGTCTGCGCA-1_5_1"
"756","TGTAAGCCAGCAGTGA-1_5_1"
"757","TGTACAGGTCAAACGG-1_5_1"
"758","TGTCAGAAGCGTGTTT-1_5_1"
"759","TGTGATGAGTAGACAT-1_5_1"
"760","TGTGCGGTCGTTGTAG-1_5_1"
"761","TGTGGCGGTTAGAGAT-1_5_1"
"762","TGTTCATCATTGCCTC-1_5_1"
"763","TGTTCTAAGACAAGCC-1_5_1"
"764","TTAATCCCACCTCTGT-1_5_1"
"765","TTACCGCTCTCGGGAC-1_5_1"
"766","TTACTGTCAGTGACCC-1_5_1"
"767","TTACTGTGTGTGCCTG-1_5_1"
"768","TTAGGGTCAGGCAATG-1_5_1"
"769","TTAGGGTGTGAAGCGT-1_5_1"
"770","TTAGTCTGTCACTCGG-1_5_1"
"771","TTAGTCTGTTGCTCCT-1_5_1"
"772","TTCACCGGTCTCCCTA-1_5_1"
"773","TTCACCGGTGAAGCTG-1_5_1"
"774","TTCACCGTCATGGTAC-1_5_1"
"775","TTCATGTCAGCAGATG-1_5_1"
"776","TTCATTGAGAAACCAT-1_5_1"
"777","TTCATTGGTCTTACTT-1_5_1"
"778","TTCCACGAGACGTCCC-1_5_1"
"779","TTCCGGTCAAATTGCC-1_5_1"
"780","TTCCGGTTCAAGTGTC-1_5_1"
"781","TTCCGTGAGTTTGTCG-1_5_1"
"782","TTCCTCTTCCATGATG-1_5_1"
"783","TTCCTTCCACCACTGG-1_5_1"
"784","TTCGCTGAGCATTTCG-1_5_1"
"785","TTCGGTCGTATACCTG-1_5_1"
"786","TTCGGTCTCACACCCT-1_5_1"
"787","TTCTAACGTGTGTCGC-1_5_1"
"788","TTCTCTCTCTATCACT-1_5_1"
"789","TTCTGTACAGCGGTCT-1_5_1"
"790","TTCTTCCCACTGCACG-1_5_1"
"791","TTCTTCCGTACACGCC-1_5_1"
"792","TTGAACGCAACTACGT-1_5_1"
"793","TTGAACGCAATAACGA-1_5_1"
"794","TTGAACGGTCCGAAGA-1_5_1"
"795","TTGAACGTCCCATACC-1_5_1"
"796","TTGAACGTCTGTCGCT-1_5_1"
"797","TTGAGTGCACCTGTCT-1_5_1"
"798","TTGAGTGTCGTTCCCA-1_5_1"
"799","TTGATGGGTACACTCA-1_5_1"
"800","TTGCATTGTGTAGGAC-1_5_1"
"801","TTGCGTCGTTGCATGT-1_5_1"
"802","TTGCTGCCAACCGGAA-1_5_1"
"803","TTGGATGCACGCAAAG-1_5_1"
"804","TTGGATGCATCCGCGA-1_5_1"
"805","TTGGGATCATGGGTCC-1_5_1"
"806","TTGGGTATCCTACACC-1_5_1"
"807","TTGTGGACAGCGCTTG-1_5_1"
"808","TTGTTCATCGCTAATG-1_5_1"
"809","TTGTTCATCTCGAGTA-1_5_1"
"810","TTGTTTGCACGTGTGC-1_5_1"
"811","TTGTTTGCAGCTGTTA-1_5_1"
"812","TTTACTGGTTGCATTG-1_5_1"
"813","TTTACTGTCAAACCCA-1_5_1"
"814","TTTCACACAATTGGTC-1_5_1"
"815","TTTCCTCGTTAGAAAC-1_5_1"
"816","TTTCCTCTCCAACCAA-1_5_1"
"817","TTTGATCAGGCTAGCA-1_5_1"
"818","TTTGATCCAGGTGTGA-1_5_1"
"819","TTTGATCTCAATGCAC-1_5_1"
"820","TTTGATCTCACTTTGT-1_5_1"
"821","TTTGGTTAGAACTGAT-1_5_1"
