"","x"
"1","AAACCCACAAGCGCTC-1_4_2"
"2","AAACCCAGTCATACCA-1_4_2"
"3","AAACCCAGTTGCTCCT-1_4_2"
"4","AAACCCATCCACGTCT-1_4_2"
"5","AAACGAAAGGCCCGTT-1_4_2"
"6","AAACGAAAGGTGATCG-1_4_2"
"7","AAACGAATCAAATGCC-1_4_2"
"8","AAACGCTGTCTTGAAC-1_4_2"
"9","AAACGCTTCAATGCAC-1_4_2"
"10","AAAGAACGTACCTATG-1_4_2"
"11","AAAGAACTCCGCAGTG-1_4_2"
"12","AAAGGATAGCTGGCCT-1_4_2"
"13","AAAGGATAGGAAGAAC-1_4_2"
"14","AAAGGATGTCGGATTT-1_4_2"
"15","AAAGGATGTTACGATC-1_4_2"
"16","AAAGGATTCCTGTAGA-1_4_2"
"17","AAAGGATTCGCCAACG-1_4_2"
"18","AAAGGATTCTACTCAT-1_4_2"
"19","AAAGGGCAGAGAGGTA-1_4_2"
"20","AAAGGGCAGGTTCATC-1_4_2"
"21","AAAGGGCCAACCGCTG-1_4_2"
"22","AAAGGGCCATAATGAG-1_4_2"
"23","AAAGGGCTCTCGTGAA-1_4_2"
"24","AAAGGTAAGTACCATC-1_4_2"
"25","AAAGTCCAGAGCAGCT-1_4_2"
"26","AAAGTCCCAATGACCT-1_4_2"
"27","AAAGTCCGTACGAGCA-1_4_2"
"28","AAAGTGAAGCATCTTG-1_4_2"
"29","AAAGTGACACACTTAG-1_4_2"
"30","AAAGTGACACCTCTAC-1_4_2"
"31","AAAGTGAGTGGCTACC-1_4_2"
"32","AAAGTGATCTTGGTGA-1_4_2"
"33","AACAAAGAGACAACAT-1_4_2"
"34","AACAAAGCACTTGTGA-1_4_2"
"35","AACAACCAGTACGAGC-1_4_2"
"36","AACAACCCATGACGAG-1_4_2"
"37","AACAAGAAGCGGTAGT-1_4_2"
"38","AACAAGACATTGAAGA-1_4_2"
"39","AACACACAGACTCAAA-1_4_2"
"40","AACACACCAGGTGTTT-1_4_2"
"41","AACACACCATGCACTA-1_4_2"
"42","AACACACTCCTGTAAG-1_4_2"
"43","AACACACTCGCCTCTA-1_4_2"
"44","AACAGGGGTATTCTCT-1_4_2"
"45","AACAGGGTCACCCTTG-1_4_2"
"46","AACAGGGTCTGCGGAC-1_4_2"
"47","AACCAACCAAAGAGTT-1_4_2"
"48","AACCAACCAAGAAACT-1_4_2"
"49","AACCAACCACTGTGAT-1_4_2"
"50","AACCACAGTCCTTTGC-1_4_2"
"51","AACCACAGTCGATTTG-1_4_2"
"52","AACCATGTCCAACTGA-1_4_2"
"53","AACCCAAAGACTCTAC-1_4_2"
"54","AACCCAACACAAAGCG-1_4_2"
"55","AACCCAACACAAGGTG-1_4_2"
"56","AACCCAACAGCCTTCT-1_4_2"
"57","AACCCAAGTTTCGTGA-1_4_2"
"58","AACCTGAAGAAGAACG-1_4_2"
"59","AACCTGAAGGCGCTCT-1_4_2"
"60","AACCTGAGTGTTAAAG-1_4_2"
"61","AACCTGATCCGCAGTG-1_4_2"
"62","AACCTGATCCGCTAGG-1_4_2"
"63","AACCTGATCCGTGTCT-1_4_2"
"64","AACCTTTAGCTCGAAG-1_4_2"
"65","AACCTTTGTATCACGT-1_4_2"
"66","AACCTTTGTCGTCTCT-1_4_2"
"67","AACGAAATCCAATGCA-1_4_2"
"68","AACGGGACACTGTCCT-1_4_2"
"69","AACGGGAGTGTATCCA-1_4_2"
"70","AACGGGAGTTTCCAAG-1_4_2"
"71","AACGTCACACCAGTTA-1_4_2"
"72","AACGTCACATCCGATA-1_4_2"
"73","AACGTCAGTCGGCTAC-1_4_2"
"74","AACGTCAGTCTACAGT-1_4_2"
"75","AACTTCTCATCCGAGC-1_4_2"
"76","AACTTCTGTTGTTGAC-1_4_2"
"77","AACTTCTTCCTTATAC-1_4_2"
"78","AAGAACAAGGAACGCT-1_4_2"
"79","AAGAACAAGTAGAGTT-1_4_2"
"80","AAGAACACAGCATGCC-1_4_2"
"81","AAGACAAAGGACGGAG-1_4_2"
"82","AAGACTCCATAGATGA-1_4_2"
"83","AAGACTCCATGCCGCA-1_4_2"
"84","AAGACTCGTTCGGACC-1_4_2"
"85","AAGACTCTCCTCACTG-1_4_2"
"86","AAGACTCTCTGAGCAT-1_4_2"
"87","AAGATAGAGCATGATA-1_4_2"
"88","AAGATAGCATCTTAGG-1_4_2"
"89","AAGATAGGTCCTCAGG-1_4_2"
"90","AAGCATCAGGAGTATT-1_4_2"
"91","AAGCATCAGGTTTGAA-1_4_2"
"92","AAGCATCAGTTAGTGA-1_4_2"
"93","AAGCATCGTCGAACGA-1_4_2"
"94","AAGCATCTCACAAGAA-1_4_2"
"95","AAGCATCTCATTGGTG-1_4_2"
"96","AAGCCATAGTGGTTGG-1_4_2"
"97","AAGCCATTCTGGGCCA-1_4_2"
"98","AAGCGAGAGCCACTCG-1_4_2"
"99","AAGCGAGCAGAGTGAC-1_4_2"
"100","AAGCGAGTCGGATACT-1_4_2"
"101","AAGCGTTCATAATCCG-1_4_2"
"102","AAGCGTTCATCCGTGG-1_4_2"
"103","AAGGAATAGCGCACAA-1_4_2"
"104","AAGGAATGTAGTGCGA-1_4_2"
"105","AAGGAATGTCAGGCAA-1_4_2"
"106","AAGGAATTCGTGTGGC-1_4_2"
"107","AAGGTAAAGCTCGAAG-1_4_2"
"108","AAGGTAACATTACGGT-1_4_2"
"109","AAGTACCCACGACAAG-1_4_2"
"110","AAGTACCCATCACAGT-1_4_2"
"111","AAGTACCCATCAGTGT-1_4_2"
"112","AAGTCGTAGTCGAGGT-1_4_2"
"113","AAGTCGTCAACTTGCA-1_4_2"
"114","AAGTCGTGTCTAGGTT-1_4_2"
"115","AAGTGAATCACCGGGT-1_4_2"
"116","AATCACGAGGCCATAG-1_4_2"
"117","AATCACGCAATAGAGT-1_4_2"
"118","AATCACGGTAGCGAGT-1_4_2"
"119","AATCGACGTGTGGTCC-1_4_2"
"120","AATCGACGTTACAGCT-1_4_2"
"121","AATCGACTCAACCTCC-1_4_2"
"122","AATCGTGCAGAAATTG-1_4_2"
"123","AATGAAGGTGTCACAT-1_4_2"
"124","AATGAAGTCTAGCCAA-1_4_2"
"125","AATGACCAGAGAAGGT-1_4_2"
"126","AATGACCCATCGATAC-1_4_2"
"127","AATGACCGTTCGCGTG-1_4_2"
"128","AATGACCTCAGTCATG-1_4_2"
"129","AATGCCACAGGGTTGA-1_4_2"
"130","AATGCCATCCAAGGGA-1_4_2"
"131","AATGGAAAGACGACGT-1_4_2"
"132","AATGGAAAGGTCATAA-1_4_2"
"133","AATGGAACACGTACAT-1_4_2"
"134","AATGGCTAGGCACTAG-1_4_2"
"135","AATGGCTCAACACAGG-1_4_2"
"136","AATGGCTGTTTAAGGA-1_4_2"
"137","AATGGCTTCTCATTGT-1_4_2"
"138","AATTCCTCAGCCGTTG-1_4_2"
"139","AATTTCCAGGCCACTC-1_4_2"
"140","AATTTCCAGGCTAAAT-1_4_2"
"141","AATTTCCTCCGAGTGC-1_4_2"
"142","ACAAAGATCCTCACCA-1_4_2"
"143","ACAACCAAGGATCACG-1_4_2"
"144","ACAACCATCTTGATTC-1_4_2"
"145","ACAAGCTCAGGAGGTT-1_4_2"
"146","ACAAGCTGTGTTTACG-1_4_2"
"147","ACACAGTGTCGCGTCA-1_4_2"
"148","ACACAGTGTCGTGATT-1_4_2"
"149","ACACAGTGTCTCACAA-1_4_2"
"150","ACACAGTGTGCATTTG-1_4_2"
"151","ACACAGTTCCGATAAC-1_4_2"
"152","ACACAGTTCTCCTACG-1_4_2"
"153","ACACCAACAGCAGACA-1_4_2"
"154","ACACGCGCAACTCGAT-1_4_2"
"155","ACACTGAAGCGCCATC-1_4_2"
"156","ACACTGAGTCATCCCT-1_4_2"
"157","ACACTGAGTTCGTTCC-1_4_2"
"158","ACAGAAACAATGGGTG-1_4_2"
"159","ACAGCCGCAAATGCTC-1_4_2"
"160","ACAGCCGGTGTTTGCA-1_4_2"
"161","ACAGCCGTCCTGCCAT-1_4_2"
"162","ACAGGGAGTGCGTCGT-1_4_2"
"163","ACATCCCGTTCGGTCG-1_4_2"
"164","ACATCCCTCTAGTACG-1_4_2"
"165","ACATCGAAGCTCACTA-1_4_2"
"166","ACATCGAAGTCGCGAA-1_4_2"
"167","ACATCGAAGTGGATAT-1_4_2"
"168","ACATCGAGTCCTATAG-1_4_2"
"169","ACATCGAGTTCTCCTG-1_4_2"
"170","ACATCGATCCCTCTCC-1_4_2"
"171","ACATCGATCTCACGAA-1_4_2"
"172","ACATGCAGTAGACAGC-1_4_2"
"173","ACATGCAGTCAGTTTG-1_4_2"
"174","ACATGCAGTGACAACG-1_4_2"
"175","ACATGCAGTGACACAG-1_4_2"
"176","ACATTTCAGCCTAACT-1_4_2"
"177","ACATTTCAGTTAGTGA-1_4_2"
"178","ACATTTCCAAAGGGCT-1_4_2"
"179","ACATTTCGTAACATAG-1_4_2"
"180","ACCAACAAGTGTTCCA-1_4_2"
"181","ACCAACAGTATCGCGC-1_4_2"
"182","ACCAACAGTCTGTCCT-1_4_2"
"183","ACCAACATCAGTGGGA-1_4_2"
"184","ACCACAACACGCTGCA-1_4_2"
"185","ACCACAACAGAATTCC-1_4_2"
"186","ACCACAAGTGCCTGAC-1_4_2"
"187","ACCACAATCGATTCCC-1_4_2"
"188","ACCATTTAGAAGCTGC-1_4_2"
"189","ACCATTTCATTAGGCT-1_4_2"
"190","ACCATTTGTAACATAG-1_4_2"
"191","ACCATTTTCCACTGAA-1_4_2"
"192","ACCCAAATCGCTCTCA-1_4_2"
"193","ACCCTTGAGAATAACC-1_4_2"
"194","ACCCTTGAGAGATTCA-1_4_2"
"195","ACCCTTGAGCTAGAGC-1_4_2"
"196","ACCCTTGAGGATGTTA-1_4_2"
"197","ACCCTTGCACGACAAG-1_4_2"
"198","ACCCTTGGTGGCAACA-1_4_2"
"199","ACCGTTCCAACCACAT-1_4_2"
"200","ACCGTTCGTTAAGCAA-1_4_2"
"201","ACCTACCCACACCGAC-1_4_2"
"202","ACCTACCCATGACTGT-1_4_2"
"203","ACCTACCGTGCATTTG-1_4_2"
"204","ACCTGAAGTTGTCAGT-1_4_2"
"205","ACCTGAATCCAGCCTT-1_4_2"
"206","ACCTGAATCGCCTTGT-1_4_2"
"207","ACCTGAATCGTGCAGC-1_4_2"
"208","ACCTGTCAGGCGATAC-1_4_2"
"209","ACCTGTCGTCTTTATC-1_4_2"
"210","ACCTGTCGTGGGCTCT-1_4_2"
"211","ACCTGTCTCATACAGC-1_4_2"
"212","ACCTGTCTCGCGGTAC-1_4_2"
"213","ACGATCAAGCGCCGTT-1_4_2"
"214","ACGATCAAGTCCTGTA-1_4_2"
"215","ACGATGTAGCACCGTC-1_4_2"
"216","ACGATGTCAACCTATG-1_4_2"
"217","ACGCACGAGCCACTCG-1_4_2"
"218","ACGCACGCAGCAATTC-1_4_2"
"219","ACGCACGGTGAGATAT-1_4_2"
"220","ACGCACGTCAGACCGC-1_4_2"
"221","ACGGAAGAGCCACTCG-1_4_2"
"222","ACGGAAGCACTTGGGC-1_4_2"
"223","ACGGAAGGTGAATTAG-1_4_2"
"224","ACGGTCGAGAGCATAT-1_4_2"
"225","ACGGTTAAGACAGTCG-1_4_2"
"226","ACGGTTAAGCGTACAG-1_4_2"
"227","ACGGTTACAGACGGAT-1_4_2"
"228","ACGGTTAGTCAGTCCG-1_4_2"
"229","ACGTAACCATCCCGTT-1_4_2"
"230","ACGTAACTCGATTCCC-1_4_2"
"231","ACGTAACTCTCTATGT-1_4_2"
"232","ACGTACAAGTCTGCAT-1_4_2"
"233","ACGTACACACTAGGCC-1_4_2"
"234","ACGTACACAGTCGCTG-1_4_2"
"235","ACGTACACATCGCTGG-1_4_2"
"236","ACGTACACATCTGGGC-1_4_2"
"237","ACGTACAGTCACCGCA-1_4_2"
"238","ACGTACAGTGCGTGCT-1_4_2"
"239","ACGTACATCTACACAG-1_4_2"
"240","ACGTAGTAGTATGTAG-1_4_2"
"241","ACGTCCTGTAACTGCT-1_4_2"
"242","ACGTTCCGTCATATGC-1_4_2"
"243","ACGTTCCTCGCCGTGA-1_4_2"
"244","ACTACGACATCATCCC-1_4_2"
"245","ACTATGGAGCTGGCCT-1_4_2"
"246","ACTATGGCAATTGAAG-1_4_2"
"247","ACTATGGGTCCGAAAG-1_4_2"
"248","ACTATGGTCACGGGCT-1_4_2"
"249","ACTATGGTCTGGTGCG-1_4_2"
"250","ACTCTCGAGAGCTTTC-1_4_2"
"251","ACTCTCGTCTTCCCGA-1_4_2"
"252","ACTGATGCAGCGTTGC-1_4_2"
"253","ACTGCAAAGAGTGTGC-1_4_2"
"254","ACTGCAACAAGGTACG-1_4_2"
"255","ACTGCAACATAATGAG-1_4_2"
"256","ACTGCAATCCGAAGGA-1_4_2"
"257","ACTGCAATCTCCTGAC-1_4_2"
"258","ACTGTCCAGCCGTTAT-1_4_2"
"259","ACTGTCCGTAGCTTGT-1_4_2"
"260","ACTGTCCGTCGCTTAA-1_4_2"
"261","ACTGTCCGTTAGGAGC-1_4_2"
"262","ACTTAGGAGCTGCGAA-1_4_2"
"263","ACTTAGGAGGTTGTTC-1_4_2"
"264","ACTTAGGCAAGGGCAT-1_4_2"
"265","ACTTATCGTATCATGC-1_4_2"
"266","ACTTATCTCTTGCAGA-1_4_2"
"267","ACTTCCGAGCTCATAC-1_4_2"
"268","ACTTCCGCAGTTTCAG-1_4_2"
"269","ACTTCGCTCCGATCTC-1_4_2"
"270","ACTTCGCTCGAGAAGC-1_4_2"
"271","ACTTCGCTCTGATTCT-1_4_2"
"272","ACTTCGCTCTTCTCAA-1_4_2"
"273","ACTTTCAGTCCCTGAG-1_4_2"
"274","ACTTTCATCACCGCTT-1_4_2"
"275","ACTTTCATCACTCTTA-1_4_2"
"276","AGAAATGGTTGTGTTG-1_4_2"
"277","AGAAATGTCAGAGCGA-1_4_2"
"278","AGAAATGTCAGGTAAA-1_4_2"
"279","AGAACAAGTAGCGTAG-1_4_2"
"280","AGAACAATCGATTGAC-1_4_2"
"281","AGAACCTAGCATACTC-1_4_2"
"282","AGAACCTAGGGAGAAT-1_4_2"
"283","AGAACCTAGTGGCAGT-1_4_2"
"284","AGAACCTCACATTACG-1_4_2"
"285","AGAAGCGCACTCCTTG-1_4_2"
"286","AGAAGTAGTAGTGGCA-1_4_2"
"287","AGACACTCAAGGGTCA-1_4_2"
"288","AGACACTCAGGAAGTC-1_4_2"
"289","AGACACTGTTGTTGCA-1_4_2"
"290","AGACACTTCACGATCA-1_4_2"
"291","AGACAGGCAAGCTGTT-1_4_2"
"292","AGACAGGTCCAGGACC-1_4_2"
"293","AGACAGGTCGTAGTCA-1_4_2"
"294","AGACCATAGCAAATCA-1_4_2"
"295","AGACCATGTAGTCACT-1_4_2"
"296","AGACCATGTTGTTTGG-1_4_2"
"297","AGACCATTCGAGAATA-1_4_2"
"298","AGACCCGAGCCTCTGG-1_4_2"
"299","AGACCCGAGGAGCTGT-1_4_2"
"300","AGACCCGAGGAGGTTC-1_4_2"
"301","AGAGAATGTGTATTCG-1_4_2"
"302","AGAGAATGTTAAGAAC-1_4_2"
"303","AGAGAGCCAAACACCT-1_4_2"
"304","AGAGAGCGTCTACTGA-1_4_2"
"305","AGAGAGCTCATTTGGG-1_4_2"
"306","AGAGCAGCACGTACAT-1_4_2"
"307","AGAGCAGCAGGTTCCG-1_4_2"
"308","AGAGCAGTCAGCGTCG-1_4_2"
"309","AGAGCAGTCGACATTG-1_4_2"
"310","AGAGCCCAGAAACTGT-1_4_2"
"311","AGAGCCCCAGCATGCC-1_4_2"
"312","AGAGCCCGTACTAACC-1_4_2"
"313","AGATAGAAGGTACAGC-1_4_2"
"314","AGATAGACAGCGAGTA-1_4_2"
"315","AGATAGACATGTAACC-1_4_2"
"316","AGATAGAGTAAGGCCA-1_4_2"
"317","AGATAGAGTGATTGGG-1_4_2"
"318","AGATCCAAGAATCGCG-1_4_2"
"319","AGATCCAAGGATTTGA-1_4_2"
"320","AGATCCAGTAATTGGA-1_4_2"
"321","AGATCCATCGTACACA-1_4_2"
"322","AGATCCATCTTCCTAA-1_4_2"
"323","AGATCGTAGCAGTAAT-1_4_2"
"324","AGATCGTAGCCTGCCA-1_4_2"
"325","AGATCGTGTCTCGGAC-1_4_2"
"326","AGATCGTTCATCACTT-1_4_2"
"327","AGATCGTTCCTCAGGG-1_4_2"
"328","AGATCGTTCCTCTTTC-1_4_2"
"329","AGATGAATCCGTCCTA-1_4_2"
"330","AGATGCTCAAGCTGTT-1_4_2"
"331","AGATGCTCAAGGACAC-1_4_2"
"332","AGATGCTCAAGGAGTC-1_4_2"
"333","AGATGCTCACATTACG-1_4_2"
"334","AGATGCTGTACTGTTG-1_4_2"
"335","AGATGCTGTATATGGA-1_4_2"
"336","AGATGCTGTGACTGAG-1_4_2"
"337","AGATGCTTCGTTGTTT-1_4_2"
"338","AGATGCTTCTCGGGAC-1_4_2"
"339","AGCATCACAGCAATTC-1_4_2"
"340","AGCCAGCGTTAGAAAC-1_4_2"
"341","AGCCAGCTCTCATTAC-1_4_2"
"342","AGCGATTCAAGGAGTC-1_4_2"
"343","AGCGATTGTGCGGCTT-1_4_2"
"344","AGCGATTTCCAAGCCG-1_4_2"
"345","AGCGATTTCCAGTTCC-1_4_2"
"346","AGCGCCATCATTGCTT-1_4_2"
"347","AGCGCCATCCGTGGTG-1_4_2"
"348","AGCGTATCACTACCCT-1_4_2"
"349","AGCGTCGAGGTGGGTT-1_4_2"
"350","AGCGTCGGTGGTCAAG-1_4_2"
"351","AGCTCAAAGTGGAAAG-1_4_2"
"352","AGCTCAATCAGAATAG-1_4_2"
"353","AGCTTCCCAAAGAACT-1_4_2"
"354","AGGAAATGTACTAGCT-1_4_2"
"355","AGGAAATGTCGTGATT-1_4_2"
"356","AGGAAATTCACTACGA-1_4_2"
"357","AGGAATAAGATTAGTG-1_4_2"
"358","AGGAATAGTCGTATTG-1_4_2"
"359","AGGAATATCGGATTAC-1_4_2"
"360","AGGACGACATCGTCCT-1_4_2"
"361","AGGACGAGTAAGATAC-1_4_2"
"362","AGGACGATCCCATTTA-1_4_2"
"363","AGGACTTAGAAGCTCG-1_4_2"
"364","AGGACTTAGTCAGAGC-1_4_2"
"365","AGGACTTGTTCGAAGG-1_4_2"
"366","AGGACTTTCTGCTTTA-1_4_2"
"367","AGGAGGTAGACTCTTG-1_4_2"
"368","AGGAGGTAGCGTATGG-1_4_2"
"369","AGGAGGTCACCGTGGT-1_4_2"
"370","AGGAGGTGTCCAGGTC-1_4_2"
"371","AGGAGGTGTCCTCCAT-1_4_2"
"372","AGGATAACAAGTCCAT-1_4_2"
"373","AGGATAACAGCGACAA-1_4_2"
"374","AGGATAAGTCCACTCT-1_4_2"
"375","AGGATCTGTTGTACGT-1_4_2"
"376","AGGCATTAGTCGCCCA-1_4_2"
"377","AGGCATTCATCACGGC-1_4_2"
"378","AGGCATTGTCCAAGAG-1_4_2"
"379","AGGCCACAGACTCTTG-1_4_2"
"380","AGGCCACAGGTAGTCG-1_4_2"
"381","AGGCCACAGTGCTCGC-1_4_2"
"382","AGGCCACCAAAGGCGT-1_4_2"
"383","AGGCCACCACCACTGG-1_4_2"
"384","AGGCCACCATTGCTTT-1_4_2"
"385","AGGCCACGTGGGAGAG-1_4_2"
"386","AGGCTGCAGTCTCTGA-1_4_2"
"387","AGGCTGCCAGTCACGC-1_4_2"
"388","AGGGAGTAGCGTGAAC-1_4_2"
"389","AGGGCCTAGAAACCCG-1_4_2"
"390","AGGGCCTAGGTTCACT-1_4_2"
"391","AGGGCCTCATACTGTG-1_4_2"
"392","AGGGCCTGTCTAGATC-1_4_2"
"393","AGGGCCTGTTGGACCC-1_4_2"
"394","AGGGCTCAGATAGCAT-1_4_2"
"395","AGGGCTCTCCATCCGT-1_4_2"
"396","AGGGTCCCACCAAAGG-1_4_2"
"397","AGGGTCCTCCTTGAAG-1_4_2"
"398","AGGGTCCTCTGGGCAC-1_4_2"
"399","AGGGTGAAGTTCTACG-1_4_2"
"400","AGGGTGACATCCGAAT-1_4_2"
"401","AGGGTGACATTCTCCG-1_4_2"
"402","AGGGTTTTCGGAGTGA-1_4_2"
"403","AGGTAGGAGTCACAGG-1_4_2"
"404","AGGTAGGTCCTCTTTC-1_4_2"
"405","AGGTAGGTCGAACTCA-1_4_2"
"406","AGGTCATGTGCAATAA-1_4_2"
"407","AGGTCATTCTGAACGT-1_4_2"
"408","AGGTGTTAGTGGTGAC-1_4_2"
"409","AGGTGTTCATGTCAGT-1_4_2"
"410","AGGTGTTGTCTCAGAT-1_4_2"
"411","AGGTTACAGAGAGGGC-1_4_2"
"412","AGGTTACGTCCTTAAG-1_4_2"
"413","AGGTTGTGTATCACCA-1_4_2"
"414","AGTAACCAGTATGGCG-1_4_2"
"415","AGTAACCCAAGATGGC-1_4_2"
"416","AGTACCAAGGCATGGT-1_4_2"
"417","AGTACCATCTACCTTA-1_4_2"
"418","AGTACTGAGCATTGAA-1_4_2"
"419","AGTAGCTGTGCTCTCT-1_4_2"
"420","AGTAGTCCACCATAAC-1_4_2"
"421","AGTAGTCCAGGTCAGA-1_4_2"
"422","AGTAGTCTCCGCGATG-1_4_2"
"423","AGTCAACTCCAACTGA-1_4_2"
"424","AGTCAACTCGAGCCAC-1_4_2"
"425","AGTCACAAGCTTACGT-1_4_2"
"426","AGTCACACACACACGC-1_4_2"
"427","AGTCACACAGAGTTGG-1_4_2"
"428","AGTCACAGTACCAATC-1_4_2"
"429","AGTCACATCCAAGGGA-1_4_2"
"430","AGTCACATCCGATTAG-1_4_2"
"431","AGTCACATCCTGTAAG-1_4_2"
"432","AGTCATGAGATAGTCA-1_4_2"
"433","AGTCATGCACTGCGAC-1_4_2"
"434","AGTCTCCTCATCAGTG-1_4_2"
"435","AGTCTCCTCCATTGGA-1_4_2"
"436","AGTGACTAGCAATTCC-1_4_2"
"437","AGTGACTAGTATCTGC-1_4_2"
"438","AGTGACTCAGCGGTTC-1_4_2"
"439","AGTGACTTCAAAGGTA-1_4_2"
"440","AGTGACTTCTACCACC-1_4_2"
"441","AGTGATCTCCGCATAA-1_4_2"
"442","AGTGCCGAGCGACAGT-1_4_2"
"443","AGTGTTGCACAACCGC-1_4_2"
"444","AGTGTTGTCCATCTGC-1_4_2"
"445","AGTTAGCAGACCTGGA-1_4_2"
"446","AGTTCCCCAAGAGATT-1_4_2"
"447","AGTTCGAAGCAGTAAT-1_4_2"
"448","ATACCGAAGAGTTGCG-1_4_2"
"449","ATACCGAAGGTACTGG-1_4_2"
"450","ATACCTTGTGACAACG-1_4_2"
"451","ATACTTCAGACGATAT-1_4_2"
"452","ATACTTCAGATACTGA-1_4_2"
"453","ATACTTCCACTGGACC-1_4_2"
"454","ATACTTCCACTTCTCG-1_4_2"
"455","ATACTTCTCCCTCGAT-1_4_2"
"456","ATACTTCTCGACCATA-1_4_2"
"457","ATAGACCGTTATAGCC-1_4_2"
"458","ATAGACCTCTTGCAAG-1_4_2"
"459","ATAGACCTCTTTACAC-1_4_2"
"460","ATAGAGAAGCACTCTA-1_4_2"
"461","ATAGAGACAGAAATCA-1_4_2"
"462","ATAGAGACATCGCTGG-1_4_2"
"463","ATAGAGAGTATGGAAT-1_4_2"
"464","ATAGGCTAGTAGCAAT-1_4_2"
"465","ATAGGCTCATTGTCGA-1_4_2"
"466","ATAGGCTTCATCTATC-1_4_2"
"467","ATATCCTAGACAGCGT-1_4_2"
"468","ATATCCTCATACCACA-1_4_2"
"469","ATATCCTCATTCGATG-1_4_2"
"470","ATCACAGAGCTCGGCT-1_4_2"
"471","ATCACAGGTCTACAGT-1_4_2"
"472","ATCACGAAGACAACTA-1_4_2"
"473","ATCACGAAGTAGCCAG-1_4_2"
"474","ATCACGACACCCAATA-1_4_2"
"475","ATCACGATCACCCTTG-1_4_2"
"476","ATCACTTAGAAACCAT-1_4_2"
"477","ATCACTTAGCTCCACG-1_4_2"
"478","ATCACTTAGTAGAGTT-1_4_2"
"479","ATCACTTAGTTGTCAC-1_4_2"
"480","ATCATTCAGAGTACCG-1_4_2"
"481","ATCATTCCATAGGCGA-1_4_2"
"482","ATCATTCGTAGAATGT-1_4_2"
"483","ATCATTCTCATTACGG-1_4_2"
"484","ATCCACCGTGGATACG-1_4_2"
"485","ATCCACCGTGGTCTAT-1_4_2"
"486","ATCCACCTCCCAAGCG-1_4_2"
"487","ATCCACCTCTACGGGC-1_4_2"
"488","ATCCATTCAGACGCTC-1_4_2"
"489","ATCCATTCAGGATGAC-1_4_2"
"490","ATCCATTGTACATTGC-1_4_2"
"491","ATCCATTGTACTGGGA-1_4_2"
"492","ATCCATTTCAGCTGTA-1_4_2"
"493","ATCCCTGAGGATATGT-1_4_2"
"494","ATCCCTGCATTGACAC-1_4_2"
"495","ATCCCTGGTGAGTTGG-1_4_2"
"496","ATCCGTCTCATTTCGT-1_4_2"
"497","ATCCGTCTCGAGCACC-1_4_2"
"498","ATCCTATTCGACATTG-1_4_2"
"499","ATCCTATTCGGTGCAC-1_4_2"
"500","ATCGATGAGCACTCGC-1_4_2"
"501","ATCGATGAGCTGAGCA-1_4_2"
"502","ATCGATGAGGACAACC-1_4_2"
"503","ATCGATGGTCATACCA-1_4_2"
"504","ATCGATGGTCCAGGTC-1_4_2"
"505","ATCGATGTCTTGCAAG-1_4_2"
"506","ATCGCCTCACGGATCC-1_4_2"
"507","ATCGGATAGGTAAGTT-1_4_2"
"508","ATCGGATAGGTCGTCC-1_4_2"
"509","ATCGGATGTACAACGG-1_4_2"
"510","ATCGGATGTGATGAAT-1_4_2"
"511","ATCGGCGCAAAGGGCT-1_4_2"
"512","ATCGGCGCAATAACGA-1_4_2"
"513","ATCGGCGGTCCAGTTA-1_4_2"
"514","ATCGTAGAGATGTTGA-1_4_2"
"515","ATCGTAGAGCGCCATC-1_4_2"
"516","ATCGTCCAGCGACCCT-1_4_2"
"517","ATCGTCCCACCAGACC-1_4_2"
"518","ATCGTCCCAGCACCCA-1_4_2"
"519","ATCGTCCGTTCGGACC-1_4_2"
"520","ATCGTCCTCCGCACGA-1_4_2"
"521","ATCGTGAGTAGAAACT-1_4_2"
"522","ATCGTGAGTGTTACTG-1_4_2"
"523","ATCTCTACACAGCTGC-1_4_2"
"524","ATCTCTATCACTTGTT-1_4_2"
"525","ATCTCTATCTAGAGCT-1_4_2"
"526","ATCTTCAAGATAGTGT-1_4_2"
"527","ATCTTCAAGTGTACAA-1_4_2"
"528","ATCTTCACACTGGCGT-1_4_2"
"529","ATCTTCACAGTCTTCC-1_4_2"
"530","ATCTTCACATCGGTTA-1_4_2"
"531","ATGAAAGAGTCCGTCG-1_4_2"
"532","ATGAAAGCAGTTAGGG-1_4_2"
"533","ATGAAAGCATAAGCGG-1_4_2"
"534","ATGAAAGTCGGCTGGT-1_4_2"
"535","ATGACCACACCAGCCA-1_4_2"
"536","ATGACCAGTTGGCCTG-1_4_2"
"537","ATGAGGGAGGCCTAGA-1_4_2"
"538","ATGAGGGAGTAACCGG-1_4_2"
"539","ATGAGGGTCCCTCATG-1_4_2"
"540","ATGAGTCCACCCTCTA-1_4_2"
"541","ATGAGTCCAGGGACTA-1_4_2"
"542","ATGAGTCGTAAGATCA-1_4_2"
"543","ATGATCGCACAAAGCG-1_4_2"
"544","ATGATCGCAGGTGACA-1_4_2"
"545","ATGCATGCAGTGTGCC-1_4_2"
"546","ATGCATGCATTCACAG-1_4_2"
"547","ATGCATGTCGTACACA-1_4_2"
"548","ATGCCTCCAGATTTCG-1_4_2"
"549","ATGCGATAGAACCGCA-1_4_2"
"550","ATGCGATAGCAAGCCA-1_4_2"
"551","ATGCGATCAGAGTTGG-1_4_2"
"552","ATGGAGGGTTCTCCTG-1_4_2"
"553","ATGGAGGTCTAAACGC-1_4_2"
"554","ATGGATCGTATGTCTG-1_4_2"
"555","ATGGATCTCGGCCTTT-1_4_2"
"556","ATGGGAGCAGCATACT-1_4_2"
"557","ATGGGAGGTTGTACGT-1_4_2"
"558","ATGGGTTGTGCCAAGA-1_4_2"
"559","ATGGTTGCAAGTAGTA-1_4_2"
"560","ATGGTTGGTCCTGAAT-1_4_2"
"561","ATGGTTGGTTCTTCAT-1_4_2"
"562","ATGTCCCCACCGCTGA-1_4_2"
"563","ATGTCCCCATGAAGCG-1_4_2"
"564","ATGTCCCGTGAGTCAG-1_4_2"
"565","ATGTCTTGTTGGGATG-1_4_2"
"566","ATTACCTCAACTTGCA-1_4_2"
"567","ATTACCTGTCAAAGCG-1_4_2"
"568","ATTACCTTCGTCTCAC-1_4_2"
"569","ATTACTCAGCGTACAG-1_4_2"
"570","ATTACTCTCCAGCCTT-1_4_2"
"571","ATTATCCAGTTCGCAT-1_4_2"
"572","ATTATCCCATCGTGCG-1_4_2"
"573","ATTCACTAGTGGTCAG-1_4_2"
"574","ATTCACTAGTTGCATC-1_4_2"
"575","ATTCACTCAGGCTACC-1_4_2"
"576","ATTCACTGTATGCTTG-1_4_2"
"577","ATTCACTGTTTGGGTT-1_4_2"
"578","ATTCAGGAGGGTATAT-1_4_2"
"579","ATTCAGGCACTGAGTT-1_4_2"
"580","ATTCAGGGTATATGGA-1_4_2"
"581","ATTCATCAGAGATTCA-1_4_2"
"582","ATTCATCCAAAGCACG-1_4_2"
"583","ATTCATCTCGCTGATA-1_4_2"
"584","ATTCCATAGGATATAC-1_4_2"
"585","ATTCCATTCGCATGAT-1_4_2"
"586","ATTCCCGAGTACAGAT-1_4_2"
"587","ATTCCCGCACCAATTG-1_4_2"
"588","ATTCCCGTCTCACTCG-1_4_2"
"589","ATTCCTAAGACATATG-1_4_2"
"590","ATTCCTAAGTGCAACG-1_4_2"
"591","ATTCCTATCTTGGCTC-1_4_2"
"592","ATTCTACCATAATGAG-1_4_2"
"593","ATTCTACTCAACACGT-1_4_2"
"594","ATTCTACTCGAGAAAT-1_4_2"
"595","ATTCTTGCAGTTGCGC-1_4_2"
"596","ATTCTTGTCAAGTTGC-1_4_2"
"597","ATTGGGTCAGTAGAAT-1_4_2"
"598","ATTGGGTCATCATTGG-1_4_2"
"599","ATTGGGTCATTGAAGA-1_4_2"
"600","ATTGGGTTCCGCAACG-1_4_2"
"601","ATTGTTCAGGTCGCCT-1_4_2"
"602","ATTGTTCCAAGTGGCA-1_4_2"
"603","ATTGTTCGTAGATTGA-1_4_2"
"604","ATTGTTCTCTGGAGAG-1_4_2"
"605","ATTTACCCAAATCGTC-1_4_2"
"606","ATTTACCGTACAAACA-1_4_2"
"607","ATTTACCGTGGCTGCT-1_4_2"
"608","ATTTACCTCACTTGGA-1_4_2"
"609","ATTTCACAGCGTGCTC-1_4_2"
"610","ATTTCACGTACCAGAG-1_4_2"
"611","ATTTCTGCACAAAGTA-1_4_2"
"612","ATTTCTGCATCATGAC-1_4_2"
"613","ATTTCTGGTACATACC-1_4_2"
"614","ATTTCTGTCCAACACA-1_4_2"
"615","CAACCAATCGTTCCTG-1_4_2"
"616","CAACCTCAGTTGCTCA-1_4_2"
"617","CAACCTCGTGTTACTG-1_4_2"
"618","CAACCTCTCGTTATCT-1_4_2"
"619","CAACGATAGATACGAT-1_4_2"
"620","CAACGATGTAGATGTA-1_4_2"
"621","CAACGATGTGGAGAAA-1_4_2"
"622","CAACGATTCATCGGGC-1_4_2"
"623","CAACGGCAGCTGAAAT-1_4_2"
"624","CAACGGCAGTCGGGAT-1_4_2"
"625","CAACGGCCATCAGTCA-1_4_2"
"626","CAACGGCGTGGCTGCT-1_4_2"
"627","CAACGGCGTTCACCGG-1_4_2"
"628","CAAGACTCAGAAGTTA-1_4_2"
"629","CAAGACTTCCCGTAAA-1_4_2"
"630","CAAGAGGCAAACTCTG-1_4_2"
"631","CAAGAGGCAATGCTCA-1_4_2"
"632","CAAGAGGCATGGTACT-1_4_2"
"633","CAAGAGGGTATGCGGA-1_4_2"
"634","CAAGAGGTCCTTCAGC-1_4_2"
"635","CAAGCTAAGGTACAGC-1_4_2"
"636","CAAGCTAGTTCACGAT-1_4_2"
"637","CAAGCTATCCAAGCAT-1_4_2"
"638","CAAGGGAAGAATTGTG-1_4_2"
"639","CAAGGGAAGACCGCCT-1_4_2"
"640","CAAGGGAAGTTGGCGA-1_4_2"
"641","CAATACGAGGAACGAA-1_4_2"
"642","CAATACGGTAGGACTG-1_4_2"
"643","CAATACGTCACATACG-1_4_2"
"644","CAATCGAAGGATTTAG-1_4_2"
"645","CAATCGATCAGCCTTC-1_4_2"
"646","CAATCGATCCCAGTGG-1_4_2"
"647","CAATGACCAAACTAGA-1_4_2"
"648","CAATGACCAACGACTT-1_4_2"
"649","CAATGACTCCTCTCTT-1_4_2"
"650","CAATTTCCAATGGGTG-1_4_2"
"651","CAATTTCCATGAATCC-1_4_2"
"652","CAATTTCGTTGCTAGT-1_4_2"
"653","CACAACAAGAGTGACC-1_4_2"
"654","CACACAACAGAATTCC-1_4_2"
"655","CACACAAGTCGCTCGA-1_4_2"
"656","CACACAATCCGTGGGT-1_4_2"
"657","CACACAATCCTACAAG-1_4_2"
"658","CACACAATCGCAAGAG-1_4_2"
"659","CACAGATAGGAACGAA-1_4_2"
"660","CACAGATTCACGTCCT-1_4_2"
"661","CACAGGCAGAGTTGTA-1_4_2"
"662","CACAGGCTCGAGCCTG-1_4_2"
"663","CACATGAAGCTCCCTT-1_4_2"
"664","CACATGAAGGATCATA-1_4_2"
"665","CACATGACACTCCTGT-1_4_2"
"666","CACATGAGTACAAGTA-1_4_2"
"667","CACATGATCCACTAGA-1_4_2"
"668","CACATGATCTGGACCG-1_4_2"
"669","CACGAATAGGGTCTTT-1_4_2"
"670","CACGGGTAGTAGTCAA-1_4_2"
"671","CACGGGTGTAGAAACT-1_4_2"
"672","CACGGGTGTAGTCCTA-1_4_2"
"673","CACGGGTGTGGCTTAT-1_4_2"
"674","CACGGGTTCCTAGAGT-1_4_2"
"675","CACGGGTTCGAGCCAC-1_4_2"
"676","CACGTGGGTATCGTGT-1_4_2"
"677","CACGTGGTCTACCTTA-1_4_2"
"678","CACGTTCAGCAGAAAG-1_4_2"
"679","CACGTTCAGGTGGTTG-1_4_2"
"680","CACGTTCAGTGTAGTA-1_4_2"
"681","CACGTTCGTTGGATCT-1_4_2"
"682","CACTAAGAGGATCACG-1_4_2"
"683","CACTAAGCAAACCGGA-1_4_2"
"684","CACTGAAGTTAGGGTG-1_4_2"
"685","CACTGGGAGCGAAACC-1_4_2"
"686","CACTGGGCAAATGCTC-1_4_2"
"687","CACTGGGCAATACCTG-1_4_2"
"688","CACTGGGCATCGATCA-1_4_2"
"689","CACTGTCGTCCGTACG-1_4_2"
"690","CACTTCGTCATGCGGC-1_4_2"
"691","CACTTCGTCCACGAAT-1_4_2"
"692","CAGAGCCGTTGCCATA-1_4_2"
"693","CAGAGCCTCACCCATC-1_4_2"
"694","CAGATACAGATGGCAC-1_4_2"
"695","CAGATACAGGTGCCAA-1_4_2"
"696","CAGATCAAGCTGTTAC-1_4_2"
"697","CAGATTGAGATTGAGT-1_4_2"
"698","CAGATTGCAACGCCCA-1_4_2"
"699","CAGATTGCAAGCAATA-1_4_2"
"700","CAGATTGCACGCAGTC-1_4_2"
"701","CAGATTGGTTGGGACA-1_4_2"
"702","CAGCAATTCACCCATC-1_4_2"
"703","CAGCACGAGTGGAATT-1_4_2"
"704","CAGCACGAGTTCCAGT-1_4_2"
"705","CAGCACGCACGCTTAA-1_4_2"
"706","CAGCACGGTCTCTCTG-1_4_2"
"707","CAGCACGGTGTGGTCC-1_4_2"
"708","CAGCAGCCAGCTGAAG-1_4_2"
"709","CAGCAGCTCAGACCGC-1_4_2"
"710","CAGCCAGAGCAAGGAA-1_4_2"
"711","CAGCCAGCAACATACC-1_4_2"
"712","CAGCCAGCACGAGGTA-1_4_2"
"713","CAGCCAGCAGGGATAC-1_4_2"
"714","CAGCCAGGTGTCACAT-1_4_2"
"715","CAGCCAGTCCGACATA-1_4_2"
"716","CAGCCAGTCGCATGAT-1_4_2"
"717","CAGCGTGGTAGTTCCA-1_4_2"
"718","CAGGCCAGTGGATCAG-1_4_2"
"719","CAGGCCAGTGTGGACA-1_4_2"
"720","CAGGGCTAGAAGCGCT-1_4_2"
"721","CAGGGCTCAGAGGGTT-1_4_2"
"722","CAGGGCTGTGGGTATG-1_4_2"
"723","CAGGGCTTCCTGGGTG-1_4_2"
"724","CAGGTATAGCAGTACG-1_4_2"
"725","CAGGTATGTCACGACC-1_4_2"
"726","CAGGTATGTGCTCGTG-1_4_2"
"727","CAGGTATTCAGCTGTA-1_4_2"
"728","CAGTGCGGTGAGTTTC-1_4_2"
"729","CAGTGCGTCCGTTGAA-1_4_2"
"730","CAGTTCCTCTCTAAGG-1_4_2"
"731","CATAAGCAGTAATACG-1_4_2"
"732","CATAAGCTCACCGGGT-1_4_2"
"733","CATACAGGTCAGGAGT-1_4_2"
"734","CATACAGGTCGAGCAA-1_4_2"
"735","CATACCCAGTCCCAAT-1_4_2"
"736","CATACCCGTGAATTAG-1_4_2"
"737","CATACCCGTTGGTAGG-1_4_2"
"738","CATACTTCAGCCGTCA-1_4_2"
"739","CATACTTCAGTTGTCA-1_4_2"
"740","CATACTTGTCAGGCAA-1_4_2"
"741","CATACTTGTGGCGTAA-1_4_2"
"742","CATACTTGTTAGGGTG-1_4_2"
"743","CATAGACCACCCAAGC-1_4_2"
"744","CATAGACGTGGTTTGT-1_4_2"
"745","CATCCACCATGGCTAT-1_4_2"
"746","CATCCGTAGCCGAATG-1_4_2"
"747","CATCCGTAGTAGCCAG-1_4_2"
"748","CATCCGTCAGGACAGT-1_4_2"
"749","CATCCGTCATACAGAA-1_4_2"
"750","CATCGCTAGTTTCGAC-1_4_2"
"751","CATCGCTCATTCAGGT-1_4_2"
"752","CATCGGGCAACAGTGG-1_4_2"
"753","CATCGGGCATGCCGCA-1_4_2"
"754","CATCGTCCACTGCGTG-1_4_2"
"755","CATCGTCCAGTAACAA-1_4_2"
"756","CATCGTCGTAGTGGCA-1_4_2"
"757","CATCGTCTCTCTCGCA-1_4_2"
"758","CATGAGTTCATTTCGT-1_4_2"
"759","CATGAGTTCCTCTCTT-1_4_2"
"760","CATGCAAGTCAAAGTA-1_4_2"
"761","CATGCCTAGATCGGTG-1_4_2"
"762","CATGCCTCACTCCGAG-1_4_2"
"763","CATGCGGAGTATGACA-1_4_2"
"764","CATGCGGGTCCAGCCA-1_4_2"
"765","CATGCGGTCAGAACCT-1_4_2"
"766","CATGCGGTCTAGACCA-1_4_2"
"767","CATGCTCAGTAGGTTA-1_4_2"
"768","CATGCTCTCCACTGAA-1_4_2"
"769","CATGCTCTCGGTGTAT-1_4_2"
"770","CATGGATCATCTCGTC-1_4_2"
"771","CATGGTACAAAGTATG-1_4_2"
"772","CATGGTAGTTCACGAT-1_4_2"
"773","CATGGTATCACAAGAA-1_4_2"
"774","CATGGTATCCATGCAA-1_4_2"
"775","CATTCATAGTCATGGG-1_4_2"
"776","CATTCATCAGCCCAGT-1_4_2"
"777","CATTCATTCATGCAGT-1_4_2"
"778","CATTCATTCTGGCCTT-1_4_2"
"779","CATTCCGAGAAGGCTC-1_4_2"
"780","CATTCCGAGCTGACTT-1_4_2"
"781","CATTCCGCAAGCGAGT-1_4_2"
"782","CATTCCGTCCAGCAAT-1_4_2"
"783","CATTCTACATTCTTCA-1_4_2"
"784","CATTCTATCCGTGTCT-1_4_2"
"785","CATTGAGAGCGCCTCA-1_4_2"
"786","CATTGAGAGTACAGAT-1_4_2"
"787","CATTGCCGTATCATGC-1_4_2"
"788","CATTGCCGTGTCATCA-1_4_2"
"789","CATTGCCTCGCGTCGA-1_4_2"
"790","CATTGTTAGCAAGTGC-1_4_2"
"791","CATTGTTCATTAGGCT-1_4_2"
"792","CATTGTTGTCTCACAA-1_4_2"
"793","CATTTCAAGTCGAAAT-1_4_2"
"794","CATTTCACAAAGTGTA-1_4_2"
"795","CATTTCACATCTGCGG-1_4_2"
"796","CATTTCATCTATGTGG-1_4_2"
"797","CATTTCATCTGTAACG-1_4_2"
"798","CCAAGCGGTGTCCGGT-1_4_2"
"799","CCAAGCGTCTATTCGT-1_4_2"
"800","CCAATGAAGTGGTCAG-1_4_2"
"801","CCAATGAAGTTAGTGA-1_4_2"
"802","CCAATGACACTTTATC-1_4_2"
"803","CCAATGAGTAACACCT-1_4_2"
"804","CCAATGAGTCTCGACG-1_4_2"
"805","CCAATGAGTTACCTTT-1_4_2"
"806","CCACAAAAGCGTTACT-1_4_2"
"807","CCACAAAAGTCCGTCG-1_4_2"
"808","CCACAAACAGTCGCTG-1_4_2"
"809","CCACAAAGTAGGTTTC-1_4_2"
"810","CCACAAATCAGATGCT-1_4_2"
"811","CCACACTGTTTGTTGG-1_4_2"
"812","CCACCATAGCCTAGGA-1_4_2"
"813","CCACGAGAGATGCTAA-1_4_2"
"814","CCACGTTCAAAGGCAC-1_4_2"
"815","CCACGTTGTGTCACAT-1_4_2"
"816","CCACTTGCATCCGGTG-1_4_2"
"817","CCATAAGAGACGGTCA-1_4_2"
"818","CCATAAGAGCCGTAAG-1_4_2"
"819","CCATCACAGGGCAGAG-1_4_2"
"820","CCATCACAGTAACGTA-1_4_2"
"821","CCCATTGAGAATCCCT-1_4_2"
"822","CCCATTGCAAGAAATC-1_4_2"
"823","CCCATTGCAATCGCCG-1_4_2"
"824","CCCGAAGCACGGCTAC-1_4_2"
"825","CCCGAAGGTGTGTCCG-1_4_2"
"826","CCCGAAGTCACGATAC-1_4_2"
"827","CCCGAAGTCTTACACT-1_4_2"
"828","CCCGGAACACGGTCTG-1_4_2"
"829","CCCGGAAGTACACGTT-1_4_2"
"830","CCCTAACAGTCAGAGC-1_4_2"
"831","CCCTAACAGTCCGCGT-1_4_2"
"832","CCCTCAATCGGTGTTA-1_4_2"
"833","CCCTCTCCACGAGGTA-1_4_2"
"834","CCCTCTCGTCGTGGTC-1_4_2"
"835","CCCTCTCTCATGACAC-1_4_2"
"836","CCCTCTCTCTCTGAGA-1_4_2"
"837","CCCTGATAGGCTGGAT-1_4_2"
"838","CCCTGATCAAGTGCTT-1_4_2"
"839","CCCTGATTCGGCTGGT-1_4_2"
"840","CCCTTAGGTCGCAGTC-1_4_2"
"841","CCCTTAGGTGTTCGTA-1_4_2"
"842","CCCTTAGGTTTCGCTC-1_4_2"
"843","CCGAACGCAACACAGG-1_4_2"
"844","CCGAACGCAAGTACCT-1_4_2"
"845","CCGAACGCAGCTATTG-1_4_2"
"846","CCGAACGGTCGATTAC-1_4_2"
"847","CCGAACGGTGTGTGTT-1_4_2"
"848","CCGAACGTCAGACATC-1_4_2"
"849","CCGAACGTCTACGGGC-1_4_2"
"850","CCGATCTAGCTACAAA-1_4_2"
"851","CCGATCTGTATCGTTG-1_4_2"
"852","CCGATCTTCGTAGAGG-1_4_2"
"853","CCGATGGAGACATCCT-1_4_2"
"854","CCGATGGCATACATCG-1_4_2"
"855","CCGATGGTCCTCACCA-1_4_2"
"856","CCGCAAGGTTATAGAG-1_4_2"
"857","CCGGACAAGGGTACAC-1_4_2"
"858","CCGGACAAGTAACCTC-1_4_2"
"859","CCGGACACACCTGATA-1_4_2"
"860","CCGGACATCTCGTTTA-1_4_2"
"861","CCGGGTAGTGATACTC-1_4_2"
"862","CCGGGTAGTTCCGTTC-1_4_2"
"863","CCGGTAGAGTTCGGTT-1_4_2"
"864","CCGGTAGCATGGGTTT-1_4_2"
"865","CCGGTGAAGGCGTTGA-1_4_2"
"866","CCGGTGAAGTCATAGA-1_4_2"
"867","CCGTAGGAGGTCTTTG-1_4_2"
"868","CCGTAGGCACCCGTAG-1_4_2"
"869","CCGTGAGAGTAGCCAG-1_4_2"
"870","CCGTGAGGTAGGTAGC-1_4_2"
"871","CCGTTCACATACAGAA-1_4_2"
"872","CCGTTCATCAGGAAAT-1_4_2"
"873","CCGTTCATCCTTACCG-1_4_2"
"874","CCGTTCATCTAATTCC-1_4_2"
"875","CCTAACCAGAGCCCAA-1_4_2"
"876","CCTAACCAGGAGTACC-1_4_2"
"877","CCTAAGAAGGGAGTGG-1_4_2"
"878","CCTAAGATCCTTGACC-1_4_2"
"879","CCTACGTAGGGTACGT-1_4_2"
"880","CCTACGTCAAGGTCAG-1_4_2"
"881","CCTACGTCAATGCAAA-1_4_2"
"882","CCTACGTCATTGTGCA-1_4_2"
"883","CCTACGTGTGGAATGC-1_4_2"
"884","CCTATCGAGGTTGAGC-1_4_2"
"885","CCTATCGGTACCGCGT-1_4_2"
"886","CCTATCGGTTTCAGAC-1_4_2"
"887","CCTATCGTCGAACTCA-1_4_2"
"888","CCTCAACAGGCTGTAG-1_4_2"
"889","CCTCAACAGTGCTAGG-1_4_2"
"890","CCTCAACCATACAGAA-1_4_2"
"891","CCTCAACTCAGTCCGG-1_4_2"
"892","CCTCAACTCGGCAGTC-1_4_2"
"893","CCTCACAGTAGTGTGG-1_4_2"
"894","CCTCACAGTGGAGAAA-1_4_2"
"895","CCTCACATCATTGCTT-1_4_2"
"896","CCTCACATCTCGACGG-1_4_2"
"897","CCTCAGTCAAAGGATT-1_4_2"
"898","CCTCATGAGGGTGAGG-1_4_2"
"899","CCTCCAAGTATTTCCT-1_4_2"
"900","CCTCCTCAGCGTCTCG-1_4_2"
"901","CCTCCTCGTACAGTCT-1_4_2"
"902","CCTCCTCGTCGTGCCA-1_4_2"
"903","CCTGCATAGGAGATAG-1_4_2"
"904","CCTGCATGTTCGGTCG-1_4_2"
"905","CCTGCATTCAACTCTT-1_4_2"
"906","CCTGCATTCCTCCACA-1_4_2"
"907","CCTGTTGAGTCTGCAT-1_4_2"
"908","CCTGTTGGTCTACATG-1_4_2"
"909","CCTGTTGGTGACACGA-1_4_2"
"910","CCTTCAGGTTATGTGC-1_4_2"
"911","CCTTGTGGTCCACTTC-1_4_2"
"912","CCTTGTGTCCTGTTGC-1_4_2"
"913","CCTTTGGAGACGCAGT-1_4_2"
"914","CCTTTGGGTATGAAGT-1_4_2"
"915","CGAAGGACAGCGTTGC-1_4_2"
"916","CGAAGGACATTAAAGG-1_4_2"
"917","CGAAGTTAGACCTCCG-1_4_2"
"918","CGAAGTTAGGCGTTGA-1_4_2"
"919","CGAAGTTCAGGCCTGT-1_4_2"
"920","CGAAGTTTCATCTACT-1_4_2"
"921","CGAATTGAGTGACACG-1_4_2"
"922","CGAATTGCATAGTCAC-1_4_2"
"923","CGAATTGGTCTACATG-1_4_2"
"924","CGAATTGGTCTTGAGT-1_4_2"
"925","CGACAGCAGATTAGCA-1_4_2"
"926","CGACAGCGTGCGCTCA-1_4_2"
"927","CGACAGCGTTCCACGG-1_4_2"
"928","CGAGAAGGTACTTGTG-1_4_2"
"929","CGAGAAGGTCATGACT-1_4_2"
"930","CGAGAAGTCGTGCATA-1_4_2"
"931","CGAGGAAGTGACTAAA-1_4_2"
"932","CGAGGAATCGCCAATA-1_4_2"
"933","CGAGGAATCTACTGCC-1_4_2"
"934","CGAGGCTCACAAAGCG-1_4_2"
"935","CGAGGCTCACACCGAC-1_4_2"
"936","CGAGTGCAGGCGATAC-1_4_2"
"937","CGAGTGCTCAGCCTCT-1_4_2"
"938","CGAGTTATCAATGCAC-1_4_2"
"939","CGAGTTATCTGTAACG-1_4_2"
"940","CGATCGGAGCTGCCAC-1_4_2"
"941","CGATCGGAGTAGCATA-1_4_2"
"942","CGATCGGTCACGTAGT-1_4_2"
"943","CGATGCGGTAGTCGTT-1_4_2"
"944","CGATGCGTCCATGCAA-1_4_2"
"945","CGATGGCAGAACTTCC-1_4_2"
"946","CGATGGCGTCAACCTA-1_4_2"
"947","CGATGGCGTCAGGAGT-1_4_2"
"948","CGATGGCGTTGGCTAT-1_4_2"
"949","CGCAGGTAGTGGTTGG-1_4_2"
"950","CGCAGGTGTCGTTGGC-1_4_2"
"951","CGCAGGTGTTTGACAC-1_4_2"
"952","CGCAGGTTCAAGGCTT-1_4_2"
"953","CGCAGGTTCACTGATG-1_4_2"
"954","CGCAGGTTCCGCTTAC-1_4_2"
"955","CGCATAAAGAGGTGCT-1_4_2"
"956","CGCATAAAGGCCTAGA-1_4_2"
"957","CGCATAATCAGCGTCG-1_4_2"
"958","CGCATGGAGCGCGTTC-1_4_2"
"959","CGCATGGCACTCCGGA-1_4_2"
"960","CGCATGGGTCGTATTG-1_4_2"
"961","CGCCAGACACTCAAGT-1_4_2"
"962","CGCCAGATCACGGGCT-1_4_2"
"963","CGCCATTCAGACCGCT-1_4_2"
"964","CGCCATTGTCCCACGA-1_4_2"
"965","CGCGTGATCTACACAG-1_4_2"
"966","CGGAACCAGGTGAGAA-1_4_2"
"967","CGGAACCCAAATTGGA-1_4_2"
"968","CGGAACCGTACGATTC-1_4_2"
"969","CGGAACCGTGCCAAGA-1_4_2"
"970","CGGAACCGTGGGACAT-1_4_2"
"971","CGGAACCTCAGAGCGA-1_4_2"
"972","CGGAATTAGGTCGTCC-1_4_2"
"973","CGGAATTAGTTCTCTT-1_4_2"
"974","CGGAATTCACTACACA-1_4_2"
"975","CGGAATTGTTCTCGTC-1_4_2"
"976","CGGAATTGTTGGGCCT-1_4_2"
"977","CGGACACCAGAGATTA-1_4_2"
"978","CGGACACGTCTTTCAT-1_4_2"
"979","CGGACACGTGCCTTCT-1_4_2"
"980","CGGAGAACAAGAGAGA-1_4_2"
"981","CGGAGAAGTTCTTAGG-1_4_2"
"982","CGGAGAATCACGGAGA-1_4_2"
"983","CGGCAGTCAAGTGGTG-1_4_2"
"984","CGGCAGTGTAATCAGA-1_4_2"
"985","CGGCAGTGTTCTCCAC-1_4_2"
"986","CGGCAGTTCACGATCA-1_4_2"
"987","CGGGACTGTTCCAAAC-1_4_2"
"988","CGGGCATCACCTTCCA-1_4_2"
"989","CGGGTCAAGGAAGTAG-1_4_2"
"990","CGGGTCAGTCTGTTAG-1_4_2"
"991","CGGGTCAGTGCGGCTT-1_4_2"
"992","CGGGTCATCAACCTCC-1_4_2"
"993","CGGGTGTAGTGGTTAA-1_4_2"
"994","CGGGTGTGTACCCACG-1_4_2"
"995","CGGGTGTTCCCATAGA-1_4_2"
"996","CGGTCAGAGGCCTGCT-1_4_2"
"997","CGGTCAGAGGTAAAGG-1_4_2"
"998","CGGTCAGGTTCCGTTC-1_4_2"
"999","CGGTCAGGTTCTCACC-1_4_2"
"1000","CGTAAGTAGGCAGGGA-1_4_2"
"1001","CGTAAGTGTGTATTGC-1_4_2"
"1002","CGTAATGCAACAAAGT-1_4_2"
"1003","CGTAATGGTCAGGAGT-1_4_2"
"1004","CGTAGTAGTCCAACGC-1_4_2"
"1005","CGTCAAAAGTTGCTCA-1_4_2"
"1006","CGTCAAACACAAGCTT-1_4_2"
"1007","CGTCAAACAGCACGAA-1_4_2"
"1008","CGTCCATAGGGTACAC-1_4_2"
"1009","CGTCCATCATCGTGCG-1_4_2"
"1010","CGTCCATTCATGGCCG-1_4_2"
"1011","CGTGAATCAGCCGTTG-1_4_2"
"1012","CGTGAATCATGGGCAA-1_4_2"
"1013","CGTGAATGTCATCAGT-1_4_2"
"1014","CGTGAATGTCCATACA-1_4_2"
"1015","CGTGATAAGGCCACTC-1_4_2"
"1016","CGTGATAGTGATCGTT-1_4_2"
"1017","CGTGCTTAGTCAGCCC-1_4_2"
"1018","CGTGCTTTCAATCTTC-1_4_2"
"1019","CGTGCTTTCTCGGTAA-1_4_2"
"1020","CGTGTCTCAAGGTCGA-1_4_2"
"1021","CGTTAGAAGGTTAGTA-1_4_2"
"1022","CGTTAGATCCTGATAG-1_4_2"
"1023","CGTTAGATCGAGTTGT-1_4_2"
"1024","CGTTAGATCGTGGCGT-1_4_2"
"1025","CGTTCTGAGCTATCCA-1_4_2"
"1026","CGTTCTGCACGACGCT-1_4_2"
"1027","CGTTGGGCACATACGT-1_4_2"
"1028","CGTTGGGGTTCTTAGG-1_4_2"
"1029","CGTTGGGTCCGTTTCG-1_4_2"
"1030","CGTTGGGTCGCGGACT-1_4_2"
"1031","CTAACCCAGGAACTCG-1_4_2"
"1032","CTAACTTCAAGACCTT-1_4_2"
"1033","CTAACTTTCAAACGAA-1_4_2"
"1034","CTAAGTGAGTAGGATT-1_4_2"
"1035","CTAAGTGTCTCCTGAC-1_4_2"
"1036","CTAAGTGTCTGTTGGA-1_4_2"
"1037","CTACAGAAGATGCGAC-1_4_2"
"1038","CTACAGACAAAGCAAT-1_4_2"
"1039","CTACAGACAACCAACT-1_4_2"
"1040","CTACAGATCGGACGTC-1_4_2"
"1041","CTACATTAGATTGTGA-1_4_2"
"1042","CTACATTAGTTTGCTG-1_4_2"
"1043","CTACATTGTGTCCGGT-1_4_2"
"1044","CTACCCACAAGTGTCT-1_4_2"
"1045","CTACCCACAAGTTTGC-1_4_2"
"1046","CTACCCAGTATCGGTT-1_4_2"
"1047","CTACCCATCTGGACTA-1_4_2"
"1048","CTACCTGAGACGAAGA-1_4_2"
"1049","CTACCTGAGCAGTAAT-1_4_2"
"1050","CTACGGGCATCGCTAA-1_4_2"
"1051","CTACGGGCATTGTGCA-1_4_2"
"1052","CTACGGGTCGTGCACG-1_4_2"
"1053","CTACTATAGGTGAGCT-1_4_2"
"1054","CTACTATCAAACTCTG-1_4_2"
"1055","CTACTATGTAACGTTC-1_4_2"
"1056","CTAGACAGTCAGGTGA-1_4_2"
"1057","CTAGGTACATGTTACG-1_4_2"
"1058","CTATAGGTCGACGACC-1_4_2"
"1059","CTATCCGAGGTAAAGG-1_4_2"
"1060","CTATCCGGTGTCGATT-1_4_2"
"1061","CTATCCGTCATCCCGT-1_4_2"
"1062","CTATCCGTCATGCTAG-1_4_2"
"1063","CTATCCGTCCCAACTC-1_4_2"
"1064","CTATCTACATGAAGCG-1_4_2"
"1065","CTATCTACATGGAATA-1_4_2"
"1066","CTATCTATCGGCTTGG-1_4_2"
"1067","CTCAACCAGAGAGCCT-1_4_2"
"1068","CTCAACCAGCGTATGG-1_4_2"
"1069","CTCAACCAGGAACATT-1_4_2"
"1070","CTCAACCTCAGGTAAA-1_4_2"
"1071","CTCAAGAAGGTCCGAA-1_4_2"
"1072","CTCAAGACACAGTGAG-1_4_2"
"1073","CTCAATTAGGGACACT-1_4_2"
"1074","CTCAATTGTTCTCGTC-1_4_2"
"1075","CTCAATTTCCTTGGAA-1_4_2"
"1076","CTCACTGCAAAGCACG-1_4_2"
"1077","CTCACTGCAAGCTGTT-1_4_2"
"1078","CTCACTGCAGACCAAG-1_4_2"
"1079","CTCACTGGTTAGAAGT-1_4_2"
"1080","CTCAGAATCGTAGGAG-1_4_2"
"1081","CTCAGGGCACCTGCTT-1_4_2"
"1082","CTCAGGGTCCGAGAAG-1_4_2"
"1083","CTCAGTCCATCCTTCG-1_4_2"
"1084","CTCAGTCGTCTTGAAC-1_4_2"
"1085","CTCATCGCATCAGCGC-1_4_2"
"1086","CTCATCGCATCGGATT-1_4_2"
"1087","CTCATCGTCTGCGGGT-1_4_2"
"1088","CTCATCGTCTTACGGA-1_4_2"
"1089","CTCATGCAGCCTAGGA-1_4_2"
"1090","CTCATGCAGGTTCTAC-1_4_2"
"1091","CTCATGCGTGTCACAT-1_4_2"
"1092","CTCATGCTCCTTATAC-1_4_2"
"1093","CTCATTAAGCACTAGG-1_4_2"
"1094","CTCATTACATACCGTA-1_4_2"
"1095","CTCATTACATCATTGG-1_4_2"
"1096","CTCATTATCATTGCCC-1_4_2"
"1097","CTCCAACTCATGCCGG-1_4_2"
"1098","CTCCAACTCGTGGACC-1_4_2"
"1099","CTCCAACTCTGCTTAT-1_4_2"
"1100","CTCCACAAGTGTTGTC-1_4_2"
"1101","CTCCATGAGCTACTAC-1_4_2"
"1102","CTCCATGAGTGCGCTC-1_4_2"
"1103","CTCCATGCAAACCATC-1_4_2"
"1104","CTCCATGGTACTCCCT-1_4_2"
"1105","CTCCATGTCGGAAGGT-1_4_2"
"1106","CTCCCAAAGTCCCGAC-1_4_2"
"1107","CTCCCAAGTTTGAAAG-1_4_2"
"1108","CTCCCAATCGCTAAAC-1_4_2"
"1109","CTCCCTCAGAAATGGG-1_4_2"
"1110","CTCCGATTCGATTTCT-1_4_2"
"1111","CTCCGATTCTGAGAAA-1_4_2"
"1112","CTCCTCCCACCTGATA-1_4_2"
"1113","CTCCTCCTCAACTGAC-1_4_2"
"1114","CTCCTCCTCCTATTTG-1_4_2"
"1115","CTCCTTTCAATTCGTG-1_4_2"
"1116","CTCCTTTGTGATCATC-1_4_2"
"1117","CTCCTTTGTTCTTAGG-1_4_2"
"1118","CTCCTTTTCATAAGGA-1_4_2"
"1119","CTCCTTTTCTAGTGAC-1_4_2"
"1120","CTCGAGGAGATCGCTT-1_4_2"
"1121","CTCGAGGCAAATAAGC-1_4_2"
"1122","CTCGAGGCAGCTATAC-1_4_2"
"1123","CTCGAGGGTAGGTCAG-1_4_2"
"1124","CTCGAGGGTCGAAGCA-1_4_2"
"1125","CTCGAGGGTGTCTAAC-1_4_2"
"1126","CTCTCAGAGTAGCATA-1_4_2"
"1127","CTCTCAGTCAAGAAAC-1_4_2"
"1128","CTCTCGAAGACCCTTA-1_4_2"
"1129","CTGAATGAGACCTTTG-1_4_2"
"1130","CTGAATGAGACTTCCA-1_4_2"
"1131","CTGAATGAGTAGATCA-1_4_2"
"1132","CTGAATGCACACCTGG-1_4_2"
"1133","CTGAGCGAGGATTCAA-1_4_2"
"1134","CTGAGCGAGTATCCTG-1_4_2"
"1135","CTGAGCGGTTATGACC-1_4_2"
"1136","CTGAGCGTCTCCAAGA-1_4_2"
"1137","CTGAGGCAGTAGGAAG-1_4_2"
"1138","CTGAGGCCAAATCGTC-1_4_2"
"1139","CTGAGGCCAGCTCCTT-1_4_2"
"1140","CTGATCCAGTTTGTCG-1_4_2"
"1141","CTGCAGGAGCAGCGAT-1_4_2"
"1142","CTGCAGGGTAATTAGG-1_4_2"
"1143","CTGCAGGGTGACAGGT-1_4_2"
"1144","CTGCAGGTCTCGCTCA-1_4_2"
"1145","CTGCATCAGAGGTTAT-1_4_2"
"1146","CTGCCATAGCTGAGCA-1_4_2"
"1147","CTGCCATGTAGGTGCA-1_4_2"
"1148","CTGCCATGTCCAGAAG-1_4_2"
"1149","CTGCCATTCGGCTGGT-1_4_2"
"1150","CTGCCTAAGTATAACG-1_4_2"
"1151","CTGCCTACAACCTAAC-1_4_2"
"1152","CTGCCTATCTTCGTGC-1_4_2"
"1153","CTGCGAGTCCCAAGCG-1_4_2"
"1154","CTGCTCAAGGTAGCAC-1_4_2"
"1155","CTGCTCACACGGATCC-1_4_2"
"1156","CTGCTCACACTAACCA-1_4_2"
"1157","CTGCTCAGTCTAGTGT-1_4_2"
"1158","CTGCTCAGTTACCCAA-1_4_2"
"1159","CTGCTCAGTTGGACTT-1_4_2"
"1160","CTGGACGCAACCCTAA-1_4_2"
"1161","CTGGCAGTCGCTAGCG-1_4_2"
"1162","CTGGTCTTCCACACCT-1_4_2"
"1163","CTGTACCAGATACGAT-1_4_2"
"1164","CTGTACCAGTAGTCTC-1_4_2"
"1165","CTGTACCCACGATAGG-1_4_2"
"1166","CTGTACCCATGGCGCT-1_4_2"
"1167","CTGTACCGTGTATACC-1_4_2"
"1168","CTGTACCGTTAAACAG-1_4_2"
"1169","CTGTACCTCTTAGTTC-1_4_2"
"1170","CTGTAGAAGCCTCATA-1_4_2"
"1171","CTGTAGACAGACTGCC-1_4_2"
"1172","CTGTAGACATTGAGCT-1_4_2"
"1173","CTGTAGAGTCATGACT-1_4_2"
"1174","CTGTAGAGTGCTGATT-1_4_2"
"1175","CTGTAGATCTCGGTCT-1_4_2"
"1176","CTGTATTAGTGCCTCG-1_4_2"
"1177","CTGTATTGTATCGCTA-1_4_2"
"1178","CTGTATTGTGGTAATA-1_4_2"
"1179","CTGTATTTCATCACTT-1_4_2"
"1180","CTGTATTTCCGTCCTA-1_4_2"
"1181","CTGTCGTAGCTCATAC-1_4_2"
"1182","CTGTCGTAGTACCGGA-1_4_2"
"1183","CTGTCGTCAGGTGGAT-1_4_2"
"1184","CTGTCGTGTCTACGTA-1_4_2"
"1185","CTGTGGGAGGTGCGAT-1_4_2"
"1186","CTGTGGGTCTGGCCTT-1_4_2"
"1187","CTTACCGTCCGGTAGC-1_4_2"
"1188","CTTAGGAAGAGAGCAA-1_4_2"
"1189","CTTAGGAAGCTGCGAA-1_4_2"
"1190","CTTAGGAAGGAACTCG-1_4_2"
"1191","CTTAGGAGTGACTGAG-1_4_2"
"1192","CTTAGGATCATGAGAA-1_4_2"
"1193","CTTCAATAGTGCAGCA-1_4_2"
"1194","CTTCAATGTACAGCGA-1_4_2"
"1195","CTTCAATGTTCCACGG-1_4_2"
"1196","CTTCCGAGTATGTGTC-1_4_2"
"1197","CTTCCGATCGCTCATC-1_4_2"
"1198","CTTCCTTAGATGCTGG-1_4_2"
"1199","CTTCCTTAGCTGGCCT-1_4_2"
"1200","CTTCGGTTCGACGTCG-1_4_2"
"1201","CTTCGGTTCGTAGAGG-1_4_2"
"1202","CTTCTAAAGGACACTG-1_4_2"
"1203","CTTCTAAGTATCACGT-1_4_2"
"1204","CTTCTAATCCTCTCTT-1_4_2"
"1205","CTTCTCTTCATCACTT-1_4_2"
"1206","CTTGAGATCGCTTGAA-1_4_2"
"1207","CTTGATTCACAGAGCA-1_4_2"
"1208","CTTGATTCAGTTCCAA-1_4_2"
"1209","CTTGATTTCGACGCTG-1_4_2"
"1210","CTTTCGGGTCGTGCCA-1_4_2"
"1211","GAAATGAAGTACAACA-1_4_2"
"1212","GAAATGATCCAAGCCG-1_4_2"
"1213","GAAATGATCTGGACCG-1_4_2"
"1214","GAACACTCAACAAGTA-1_4_2"
"1215","GAACACTCAATAGTAG-1_4_2"
"1216","GAACACTCATCATCTT-1_4_2"
"1217","GAACACTTCTCTCTAA-1_4_2"
"1218","GAACGTTAGCCTCAGC-1_4_2"
"1219","GAACGTTGTACTAAGA-1_4_2"
"1220","GAACTGTGTCGCTTGG-1_4_2"
"1221","GAACTGTTCAGCGTCG-1_4_2"
"1222","GAAGAATAGGAAAGAC-1_4_2"
"1223","GAAGAATGTGAATTGA-1_4_2"
"1224","GAAGCCCGTGGCAACA-1_4_2"
"1225","GAAGCCCGTTAAGACA-1_4_2"
"1226","GAAGCCCTCTATCGGA-1_4_2"
"1227","GAAGCGAAGATCCTAC-1_4_2"
"1228","GAAGCGAAGTGAACAT-1_4_2"
"1229","GAAGCGATCACCGACG-1_4_2"
"1230","GAAGGACGTTAGGCTT-1_4_2"
"1231","GAAGGGTGTCGTGGAA-1_4_2"
"1232","GAAGGGTGTTCGAGCC-1_4_2"
"1233","GAAGGGTTCACTACTT-1_4_2"
"1234","GAAGTAAAGCAGAAAG-1_4_2"
"1235","GAAGTAACAGAGGTTG-1_4_2"
"1236","GAATAGAGTGTCCACG-1_4_2"
"1237","GAATCACTCTCAATCT-1_4_2"
"1238","GAATCGTAGAGATTCA-1_4_2"
"1239","GAATCGTCAACTCGTA-1_4_2"
"1240","GAATCGTGTCGTATTG-1_4_2"
"1241","GAATCGTTCTAGACCA-1_4_2"
"1242","GACACGCAGCTCAGAG-1_4_2"
"1243","GACACGCAGGTTCTTG-1_4_2"
"1244","GACACGCAGTATAGAC-1_4_2"
"1245","GACACGCCAACCTATG-1_4_2"
"1246","GACACGCCACCTCAGG-1_4_2"
"1247","GACACGCTCGACCAAT-1_4_2"
"1248","GACAGCCTCACGGAGA-1_4_2"
"1249","GACATCATCACTACTT-1_4_2"
"1250","GACCAATAGATCCTAC-1_4_2"
"1251","GACCCAGAGATACCAA-1_4_2"
"1252","GACCCAGCATCCGAAT-1_4_2"
"1253","GACCCAGGTATGAAGT-1_4_2"
"1254","GACCCAGGTCTGTCCT-1_4_2"
"1255","GACCCAGTCATGCATG-1_4_2"
"1256","GACCCAGTCGATACAC-1_4_2"
"1257","GACCCAGTCGCAAGAG-1_4_2"
"1258","GACCCTTAGATGACAT-1_4_2"
"1259","GACCCTTCACACAGCC-1_4_2"
"1260","GACCCTTGTGTAGTGG-1_4_2"
"1261","GACCGTGGTCCCGCAA-1_4_2"
"1262","GACCTTCAGTTGCGAG-1_4_2"
"1263","GACGCTGGTCAAGCGA-1_4_2"
"1264","GACGCTGTCCACTAGA-1_4_2"
"1265","GACGTTACACCAAATC-1_4_2"
"1266","GACGTTACACGTCGGT-1_4_2"
"1267","GACGTTATCGCTATTT-1_4_2"
"1268","GACTATGAGGGACCAT-1_4_2"
"1269","GACTCAAAGGTCGTGA-1_4_2"
"1270","GACTCAACAGCTTCGG-1_4_2"
"1271","GACTCAATCTCCTGTG-1_4_2"
"1272","GACTCTCCAAAGCACG-1_4_2"
"1273","GACTCTCCAGAGTAAT-1_4_2"
"1274","GACTCTCGTACGTACT-1_4_2"
"1275","GACTCTCGTCCTGAAT-1_4_2"
"1276","GACTCTCTCACGGTCG-1_4_2"
"1277","GACTGATAGCAAATGT-1_4_2"
"1278","GACTGATGTTTGAAAG-1_4_2"
"1279","GACTTCCAGATTGCGG-1_4_2"
"1280","GACTTCCAGGGCATGT-1_4_2"
"1281","GACTTCCAGGGCCCTT-1_4_2"
"1282","GACTTCCCATAATGCC-1_4_2"
"1283","GACTTCCGTATGAAAC-1_4_2"
"1284","GACTTCCGTCTAGATC-1_4_2"
"1285","GACTTCCTCCAACTGA-1_4_2"
"1286","GAGAAATCAGCGAACA-1_4_2"
"1287","GAGAAATCAGTGGCTC-1_4_2"
"1288","GAGACCCCACCAACAT-1_4_2"
"1289","GAGACTTCAGAACGCA-1_4_2"
"1290","GAGACTTGTGCACATT-1_4_2"
"1291","GAGAGGTCATCCAATG-1_4_2"
"1292","GAGAGGTGTAGCACAG-1_4_2"
"1293","GAGATGGAGACGAAGA-1_4_2"
"1294","GAGATGGGTATCGAGG-1_4_2"
"1295","GAGATGGTCCACCTGT-1_4_2"
"1296","GAGATGGTCCTGTTGC-1_4_2"
"1297","GAGCCTGAGCGATTCT-1_4_2"
"1298","GAGCCTGTCGCACTCT-1_4_2"
"1299","GAGCTGCAGGTTCTAC-1_4_2"
"1300","GAGCTGCGTCATGGCC-1_4_2"
"1301","GAGCTGCGTTAAAGTG-1_4_2"
"1302","GAGCTGCTCAACTACG-1_4_2"
"1303","GAGGCAACAATTCACG-1_4_2"
"1304","GAGGCAATCAACCCGG-1_4_2"
"1305","GAGGCCTAGGTGATAT-1_4_2"
"1306","GAGGCCTCAACCCTAA-1_4_2"
"1307","GAGGCCTCACTACGGC-1_4_2"
"1308","GAGGCCTTCACGGGAA-1_4_2"
"1309","GAGGCCTTCGGCAGTC-1_4_2"
"1310","GAGGGATAGAAATTGC-1_4_2"
"1311","GAGGGATTCCACGTGG-1_4_2"
"1312","GAGGGTATCCGATAAC-1_4_2"
"1313","GAGTCATCAAATGGCG-1_4_2"
"1314","GAGTCATCATTCACCC-1_4_2"
"1315","GAGTCTACAGACAAGC-1_4_2"
"1316","GAGTGAGAGCGCTGAA-1_4_2"
"1317","GAGTGAGCATCGTGGC-1_4_2"
"1318","GAGTGAGTCATGACAC-1_4_2"
"1319","GAGTGAGTCTCTAGGA-1_4_2"
"1320","GAGTGTTCAAGTTCGT-1_4_2"
"1321","GAGTGTTCACCGGCTA-1_4_2"
"1322","GAGTGTTCACTTCTCG-1_4_2"
"1323","GAGTGTTGTAGGCTGA-1_4_2"
"1324","GAGTTACTCGAATGCT-1_4_2"
"1325","GAGTTGTCAGCATACT-1_4_2"
"1326","GAGTTTGAGCATGGGT-1_4_2"
"1327","GAGTTTGCATCAGCTA-1_4_2"
"1328","GAGTTTGGTAGTGATA-1_4_2"
"1329","GATAGAAAGGCGAACT-1_4_2"
"1330","GATAGAACACCGGAAA-1_4_2"
"1331","GATAGCTCACGGCGTT-1_4_2"
"1332","GATAGCTCAGCTACTA-1_4_2"
"1333","GATCAGTTCAAGAGGC-1_4_2"
"1334","GATCAGTTCTCAGGCG-1_4_2"
"1335","GATCATGTCGGACTTA-1_4_2"
"1336","GATCATGTCTTCCGTG-1_4_2"
"1337","GATCCCTGTCAATGGG-1_4_2"
"1338","GATCCCTTCTTGAACG-1_4_2"
"1339","GATCGTAAGCGTATGG-1_4_2"
"1340","GATCGTACACTTTAGG-1_4_2"
"1341","GATCGTAGTCCTGAAT-1_4_2"
"1342","GATGAGGGTGAGTAAT-1_4_2"
"1343","GATGATCAGCAAGTGC-1_4_2"
"1344","GATGATCAGCCTGCCA-1_4_2"
"1345","GATGATCCACCGTGGT-1_4_2"
"1346","GATGATCTCGTGTGAT-1_4_2"
"1347","GATGCTACATAAGCAA-1_4_2"
"1348","GATGCTAGTCAAGTTC-1_4_2"
"1349","GATGCTAGTGCGGATA-1_4_2"
"1350","GATGCTATCAGACAAA-1_4_2"
"1351","GATGGAGAGGTACCTT-1_4_2"
"1352","GATGGAGAGTATTCCG-1_4_2"
"1353","GATGGAGCACGGGTAA-1_4_2"
"1354","GATGGAGCAGCTGTAT-1_4_2"
"1355","GATGGAGTCCTACCGT-1_4_2"
"1356","GATGTTGCAGGTTCAT-1_4_2"
"1357","GATTCGACAGCAGATG-1_4_2"
"1358","GATTCGAGTACAAGTA-1_4_2"
"1359","GATTCGAGTGCGGATA-1_4_2"
"1360","GATTCGAGTTCCAGGC-1_4_2"
"1361","GATTCTTCAGTAGTGG-1_4_2"
"1362","GATTCTTGTTGCGTAT-1_4_2"
"1363","GATTGGTGTACCGCGT-1_4_2"
"1364","GATTGGTTCGAAGTGG-1_4_2"
"1365","GATTTCTTCGCTGACG-1_4_2"
"1366","GCAACATAGGTTCCAT-1_4_2"
"1367","GCAACATCAACCGTGC-1_4_2"
"1368","GCAACATCACAGCCAC-1_4_2"
"1369","GCAACATCATGACGGA-1_4_2"
"1370","GCAACATTCGCTAATG-1_4_2"
"1371","GCAACCGGTAGATCGG-1_4_2"
"1372","GCACATAGTGCTGCAC-1_4_2"
"1373","GCACATAGTTATGGTC-1_4_2"
"1374","GCACGGTAGCTTCATG-1_4_2"
"1375","GCACGGTCAATGAAAC-1_4_2"
"1376","GCACGGTCATCGCTAA-1_4_2"
"1377","GCACGGTGTCCGCAGT-1_4_2"
"1378","GCACGTGAGCCATATC-1_4_2"
"1379","GCACGTGGTGGCGCTT-1_4_2"
"1380","GCACGTGTCACCCTGT-1_4_2"
"1381","GCACGTGTCTCAAAGC-1_4_2"
"1382","GCACTAAAGCTTGTTG-1_4_2"
"1383","GCACTAAGTGCATCTA-1_4_2"
"1384","GCACTAATCTACGCGG-1_4_2"
"1385","GCAGCCAAGCTCCACG-1_4_2"
"1386","GCAGCCAAGTAGGATT-1_4_2"
"1387","GCAGCCAGTGTTAACC-1_4_2"
"1388","GCAGCTGAGCTAGATA-1_4_2"
"1389","GCAGCTGCATGCGGTC-1_4_2"
"1390","GCAGCTGGTCACCCTT-1_4_2"
"1391","GCAGGCTGTCAGCTTA-1_4_2"
"1392","GCAGTTAAGTAGACAT-1_4_2"
"1393","GCAGTTACAATACCCA-1_4_2"
"1394","GCAGTTACAGGGTCTC-1_4_2"
"1395","GCAGTTAGTCTGTAGT-1_4_2"
"1396","GCAGTTATCATAGGCT-1_4_2"
"1397","GCAGTTATCCTCATAT-1_4_2"
"1398","GCATCGGAGTGGTGGT-1_4_2"
"1399","GCATCGGCAACACTAC-1_4_2"
"1400","GCATCTCCAGAACTCT-1_4_2"
"1401","GCATCTCTCCCTCTAG-1_4_2"
"1402","GCATGATAGTGTACCT-1_4_2"
"1403","GCATGATCAAGAGGTC-1_4_2"
"1404","GCATTAGCACGCGTCA-1_4_2"
"1405","GCATTAGTCTTCGTGC-1_4_2"
"1406","GCCAACGAGGCTCTCG-1_4_2"
"1407","GCCAACGCAGCCGTCA-1_4_2"
"1408","GCCAACGCATGACTTG-1_4_2"
"1409","GCCAACGGTATCGCAT-1_4_2"
"1410","GCCAGCAGTTCGAAGG-1_4_2"
"1411","GCCAGCATCGAGTACT-1_4_2"
"1412","GCCAGGTAGCGTCTGC-1_4_2"
"1413","GCCAGGTTCCACGTAA-1_4_2"
"1414","GCCAGGTTCGCCGATG-1_4_2"
"1415","GCCAGTGCAAATTGCC-1_4_2"
"1416","GCCAGTGCAACCGCTG-1_4_2"
"1417","GCCAGTGGTCGTTGGC-1_4_2"
"1418","GCCATGGCACGACGCT-1_4_2"
"1419","GCCATGGGTACGCTAT-1_4_2"
"1420","GCCATGGGTGGCAGAT-1_4_2"
"1421","GCCATGGGTGTCCAAT-1_4_2"
"1422","GCCATTCCAAGCCATT-1_4_2"
"1423","GCCATTCGTACCTATG-1_4_2"
"1424","GCCATTCTCCGCATAA-1_4_2"
"1425","GCCATTCTCCTGCCAT-1_4_2"
"1426","GCCCAGACAACGACAG-1_4_2"
"1427","GCCCAGAGTCCGAAAG-1_4_2"
"1428","GCCCAGATCACACCCT-1_4_2"
"1429","GCCCGAAAGCACGTCC-1_4_2"
"1430","GCCCGAACAAAGAACT-1_4_2"
"1431","GCCGTGAAGTAGTGCG-1_4_2"
"1432","GCCGTGACAAATCGTC-1_4_2"
"1433","GCCGTGAGTACAAACA-1_4_2"
"1434","GCCGTGAGTTAATGAG-1_4_2"
"1435","GCCTGTTAGCTGAGTG-1_4_2"
"1436","GCCTGTTAGTCGCCCA-1_4_2"
"1437","GCCTGTTGTTGCCGCA-1_4_2"
"1438","GCCTGTTTCAAGATAG-1_4_2"
"1439","GCCTGTTTCTACAGGT-1_4_2"
"1440","GCGAGAACACACACGC-1_4_2"
"1441","GCGAGAATCAAGTGGG-1_4_2"
"1442","GCGATCGCAACATACC-1_4_2"
"1443","GCGATCGCATGAGATA-1_4_2"
"1444","GCGGAAAAGAGTCACG-1_4_2"
"1445","GCGGAAATCACCTACC-1_4_2"
"1446","GCGGAAATCGCGCTGA-1_4_2"
"1447","GCGTGCACAGTAGTGG-1_4_2"
"1448","GCGTGCACATGACTTG-1_4_2"
"1449","GCGTGCAGTTCTCTAT-1_4_2"
"1450","GCGTTTCAGAGAGGTA-1_4_2"
"1451","GCGTTTCAGCTCACTA-1_4_2"
"1452","GCGTTTCAGTTAGTGA-1_4_2"
"1453","GCGTTTCTCTCAAAGC-1_4_2"
"1454","GCTACAAAGGTTGCCC-1_4_2"
"1455","GCTACAAAGTGTTCCA-1_4_2"
"1456","GCTACAACAATAACCC-1_4_2"
"1457","GCTACCTTCCATCTCG-1_4_2"
"1458","GCTACCTTCGCCACTT-1_4_2"
"1459","GCTCAAAGTGTTAAAG-1_4_2"
"1460","GCTCAAAGTTATTCTC-1_4_2"
"1461","GCTCAAATCCTACACC-1_4_2"
"1462","GCTGAATAGACCTGGA-1_4_2"
"1463","GCTGAATAGAGAGTTT-1_4_2"
"1464","GCTGAATCAGGAGACT-1_4_2"
"1465","GCTGCAGCACCTGCAG-1_4_2"
"1466","GCTGCAGCATCCTCAC-1_4_2"
"1467","GCTGCAGCATGGAAGC-1_4_2"
"1468","GCTGCAGGTCTTCGAA-1_4_2"
"1469","GCTGCAGGTTAGAAAC-1_4_2"
"1470","GCTGCAGTCGACCAAT-1_4_2"
"1471","GCTGGGTAGACGAAGA-1_4_2"
"1472","GCTGGGTGTATTAAGG-1_4_2"
"1473","GCTTCACGTCGCACAC-1_4_2"
"1474","GCTTGGGAGACCTTTG-1_4_2"
"1475","GCTTGGGAGGTGGGTT-1_4_2"
"1476","GCTTGGGTCGAAGAAT-1_4_2"
"1477","GCTTGGGTCGGACGTC-1_4_2"
"1478","GCTTTCGCATGTTCGA-1_4_2"
"1479","GCTTTCGGTAGACGGT-1_4_2"
"1480","GCTTTCGGTCCTACGG-1_4_2"
"1481","GGAACCCGTTAGGGAC-1_4_2"
"1482","GGAAGTGGTAGCTTTG-1_4_2"
"1483","GGAAGTGGTCTTCTAT-1_4_2"
"1484","GGAAGTGTCATTACGG-1_4_2"
"1485","GGAAGTGTCGCCGAAC-1_4_2"
"1486","GGAATCTAGACTCCGC-1_4_2"
"1487","GGAATCTCACAACATC-1_4_2"
"1488","GGAATCTGTACGATTC-1_4_2"
"1489","GGAATGGCAAACCACT-1_4_2"
"1490","GGAATGGCACACCTGG-1_4_2"
"1491","GGAATGGGTAACAGGC-1_4_2"
"1492","GGAATGGGTGATTCTG-1_4_2"
"1493","GGACGTCGTGGCTGCT-1_4_2"
"1494","GGAGAACAGCTAAATG-1_4_2"
"1495","GGAGAACAGCTGTCCG-1_4_2"
"1496","GGAGAACCACCCTGAG-1_4_2"
"1497","GGAGATGCACGGGCTT-1_4_2"
"1498","GGAGATGCACTCCGGA-1_4_2"
"1499","GGAGATGTCAGCCTCT-1_4_2"
"1500","GGAGATGTCATGAAAG-1_4_2"
"1501","GGAGCAAAGCGCTGAA-1_4_2"
"1502","GGAGCAAAGTAGGTTA-1_4_2"
"1503","GGAGCAAGTCATCGGC-1_4_2"
"1504","GGAGCAATCGACATAC-1_4_2"
"1505","GGAGGATTCAGCGTCG-1_4_2"
"1506","GGAGGTACAAGTCATC-1_4_2"
"1507","GGAGGTACATCGGAAG-1_4_2"
"1508","GGAGGTAGTCACCACG-1_4_2"
"1509","GGAGGTATCTCTGCCA-1_4_2"
"1510","GGATCTAAGATGTAGT-1_4_2"
"1511","GGATCTAGTGTAGGAC-1_4_2"
"1512","GGATGTTAGAGATTCA-1_4_2"
"1513","GGATGTTAGCTCTATG-1_4_2"
"1514","GGATGTTCAGACATCT-1_4_2"
"1515","GGATGTTGTACCTAGT-1_4_2"
"1516","GGCAGTCAGGCACCAA-1_4_2"
"1517","GGCAGTCCAGGTCAGA-1_4_2"
"1518","GGCAGTCTCCATGCAA-1_4_2"
"1519","GGCAGTCTCCGAGGCT-1_4_2"
"1520","GGCGTCATCGGTAGAG-1_4_2"
"1521","GGCTGTGGTGTTGACT-1_4_2"
"1522","GGCTTGGAGATCGCCC-1_4_2"
"1523","GGCTTGGAGTGTCATC-1_4_2"
"1524","GGCTTGGCAGGTTCCG-1_4_2"
"1525","GGCTTGGGTAGAAACT-1_4_2"
"1526","GGCTTGGGTGATCATC-1_4_2"
"1527","GGCTTGGTCCACCCTA-1_4_2"
"1528","GGCTTTCAGCGTGAGT-1_4_2"
"1529","GGCTTTCGTACAGCGA-1_4_2"
"1530","GGGAAGTCATCACCAA-1_4_2"
"1531","GGGAAGTGTAGGAAAG-1_4_2"
"1532","GGGAAGTTCATGCATG-1_4_2"
"1533","GGGACAACATCACAGT-1_4_2"
"1534","GGGACCTAGTAAGCAT-1_4_2"
"1535","GGGACCTTCTTCCCAG-1_4_2"
"1536","GGGACTCAGGACCCAA-1_4_2"
"1537","GGGACTCCAGCTCTGG-1_4_2"
"1538","GGGACTCCATCTCATT-1_4_2"
"1539","GGGACTCGTTCGAGCC-1_4_2"
"1540","GGGAGATCAAGTCCCG-1_4_2"
"1541","GGGAGATGTGTGGTCC-1_4_2"
"1542","GGGAGTAAGTGTTCAC-1_4_2"
"1543","GGGAGTACAGAGGCTA-1_4_2"
"1544","GGGATCCAGGCATCTT-1_4_2"
"1545","GGGATGACAACGAGGT-1_4_2"
"1546","GGGATGACACAGGATG-1_4_2"
"1547","GGGATGACAGGTTCAT-1_4_2"
"1548","GGGATGACAGTCGCAC-1_4_2"
"1549","GGGATGAGTGGCCACT-1_4_2"
"1550","GGGCCATTCTACGGGC-1_4_2"
"1551","GGGCGTTAGATGTTGA-1_4_2"
"1552","GGGCGTTAGTTGGCTT-1_4_2"
"1553","GGGCGTTGTCCGGCAT-1_4_2"
"1554","GGGCTACAGCTATCTG-1_4_2"
"1555","GGGCTACTCAGCTCTC-1_4_2"
"1556","GGGCTACTCATTACCT-1_4_2"
"1557","GGGCTACTCCAGCTCT-1_4_2"
"1558","GGGCTCAGTAGCCCTG-1_4_2"
"1559","GGGCTCAGTCAGGCAA-1_4_2"
"1560","GGGCTCAGTCGCACGT-1_4_2"
"1561","GGGCTCATCCGATGCG-1_4_2"
"1562","GGGTAGAGTTGGACCC-1_4_2"
"1563","GGGTATTCATCCTATT-1_4_2"
"1564","GGGTATTGTCGCATGC-1_4_2"
"1565","GGGTATTTCGCAGAGA-1_4_2"
"1566","GGGTCACAGCTAAGTA-1_4_2"
"1567","GGGTCACAGGTCCGAA-1_4_2"
"1568","GGGTCACCAAAGTGTA-1_4_2"
"1569","GGGTCACCATAGACTC-1_4_2"
"1570","GGGTCTGCACCAGCCA-1_4_2"
"1571","GGGTGAAAGGATGTTA-1_4_2"
"1572","GGGTGAATCCGTTGGG-1_4_2"
"1573","GGGTGTCCAATAGAGT-1_4_2"
"1574","GGGTGTCCAATTGCCA-1_4_2"
"1575","GGGTGTCTCGAGCACC-1_4_2"
"1576","GGGTTATGTCGGATTT-1_4_2"
"1577","GGGTTATTCATGGAGG-1_4_2"
"1578","GGGTTATTCCGCGGAT-1_4_2"
"1579","GGGTTATTCTATCCAT-1_4_2"
"1580","GGGTTTAAGGCAGTCA-1_4_2"
"1581","GGGTTTACAATGTGGG-1_4_2"
"1582","GGGTTTAGTGAATAAC-1_4_2"
"1583","GGTAACTAGAGTTGTA-1_4_2"
"1584","GGTAATCCAACTTCTT-1_4_2"
"1585","GGTAATCCAATAAGGT-1_4_2"
"1586","GGTAATCCAGTCGGTC-1_4_2"
"1587","GGTAGAGAGACCTCCG-1_4_2"
"1588","GGTAGAGCAATCGCAT-1_4_2"
"1589","GGTAGAGGTATCAGGG-1_4_2"
"1590","GGTAGAGTCCCGAGGT-1_4_2"
"1591","GGTCACGAGTCATACC-1_4_2"
"1592","GGTCACGGTAACTTCG-1_4_2"
"1593","GGTCACGGTGTCACAT-1_4_2"
"1594","GGTCTGGCAAGTACCT-1_4_2"
"1595","GGTCTGGCAGAACGCA-1_4_2"
"1596","GGTCTGGGTAAGGTCG-1_4_2"
"1597","GGTCTGGGTCTTACAG-1_4_2"
"1598","GGTGAAGAGTATCTGC-1_4_2"
"1599","GGTGAAGGTACGACAG-1_4_2"
"1600","GGTGAAGGTGGTCCGT-1_4_2"
"1601","GGTGAAGTCGCTATTT-1_4_2"
"1602","GGTGATTGTATTGAGA-1_4_2"
"1603","GGTGTCGAGACGATAT-1_4_2"
"1604","GGTGTCGAGGAAAGAC-1_4_2"
"1605","GGTGTCGCAGTCGCTG-1_4_2"
"1606","GGTGTCGGTGTTCAGT-1_4_2"
"1607","GGTGTTAAGGTAATCA-1_4_2"
"1608","GGTGTTAAGTCGTCTA-1_4_2"
"1609","GGTGTTAGTGCCTTCT-1_4_2"
"1610","GGTGTTATCTGTGCTC-1_4_2"
"1611","GGTTAACTCTTGGCTC-1_4_2"
"1612","GGTTCTCAGGTTATAG-1_4_2"
"1613","GGTTGTAGTAGTGCGA-1_4_2"
"1614","GGTTGTAGTCTCGACG-1_4_2"
"1615","GTAACACAGAACTTCC-1_4_2"
"1616","GTAACACCATTACTCT-1_4_2"
"1617","GTAACACGTAGACGGT-1_4_2"
"1618","GTAACACGTCAACATC-1_4_2"
"1619","GTAACCAAGGAGACCT-1_4_2"
"1620","GTAACCACAAAGGGCT-1_4_2"
"1621","GTAACCATCAAACCCA-1_4_2"
"1622","GTAAGTCCACTGAGGA-1_4_2"
"1623","GTAATCGCAGCTGTTA-1_4_2"
"1624","GTAATCGGTACCGCGT-1_4_2"
"1625","GTAATCGGTACGTGTT-1_4_2"
"1626","GTAATCGTCCGTCAAA-1_4_2"
"1627","GTAATGCAGAGAAGGT-1_4_2"
"1628","GTAATGCCAAAGACGC-1_4_2"
"1629","GTAATGCCAATATCCG-1_4_2"
"1630","GTAATGCGTATCAAGA-1_4_2"
"1631","GTAATGCGTCAGTCGC-1_4_2"
"1632","GTAATGCTCAGTCTTT-1_4_2"
"1633","GTACAACCAAGCTACT-1_4_2"
"1634","GTACAACCACCAAATC-1_4_2"
"1635","GTACAGTGTACTAAGA-1_4_2"
"1636","GTAGAAAGTCGCATTA-1_4_2"
"1637","GTAGAAATCAAGATAG-1_4_2"
"1638","GTAGAAATCGTGCATA-1_4_2"
"1639","GTAGAGGGTACGGATG-1_4_2"
"1640","GTAGATCAGAGATTCA-1_4_2"
"1641","GTAGATCCACGCAAAG-1_4_2"
"1642","GTAGATCGTCACTGAT-1_4_2"
"1643","GTAGATCGTCCTGGTG-1_4_2"
"1644","GTAGATCGTGGGATTG-1_4_2"
"1645","GTAGATCTCAGGGTAG-1_4_2"
"1646","GTAGATCTCATCAGTG-1_4_2"
"1647","GTAGCTATCAGGCGAA-1_4_2"
"1648","GTAGGAGAGAGTGTGC-1_4_2"
"1649","GTAGGAGCACGCGGTT-1_4_2"
"1650","GTAGGAGCAGAAACCG-1_4_2"
"1651","GTAGGAGCAGTGACCC-1_4_2"
"1652","GTAGGAGTCATCGGGC-1_4_2"
"1653","GTAGGAGTCGCGTGAC-1_4_2"
"1654","GTAGGTTAGGAAAGGT-1_4_2"
"1655","GTAGGTTAGTCTAGCT-1_4_2"
"1656","GTAGGTTTCACTTGTT-1_4_2"
"1657","GTAGTACAGAGAGTGA-1_4_2"
"1658","GTAGTACCAAGGTTGG-1_4_2"
"1659","GTAGTACCACCAGGTC-1_4_2"
"1660","GTAGTACGTATGGGAC-1_4_2"
"1661","GTATTGGCAGTCAACT-1_4_2"
"1662","GTATTTCAGTCACTCA-1_4_2"
"1663","GTATTTCCACACACTA-1_4_2"
"1664","GTATTTCTCCGCGATG-1_4_2"
"1665","GTATTTCTCGTAGTGT-1_4_2"
"1666","GTCAAGTAGATGCCGA-1_4_2"
"1667","GTCAAGTAGCTAGCCC-1_4_2"
"1668","GTCAAGTGTTGCTGAT-1_4_2"
"1669","GTCAAGTGTTTCACAG-1_4_2"
"1670","GTCACGGAGTATGGAT-1_4_2"
"1671","GTCACGGCATGAATCC-1_4_2"
"1672","GTCACGGTCGGTCATA-1_4_2"
"1673","GTCACTCAGCCATTTG-1_4_2"
"1674","GTCACTCCATAACGGG-1_4_2"
"1675","GTCACTCCATGCCATA-1_4_2"
"1676","GTCAGCGAGGTCATTC-1_4_2"
"1677","GTCAGCGAGTTAGAAC-1_4_2"
"1678","GTCAGCGGTGCTCCGA-1_4_2"
"1679","GTCAGCGTCACTAGCA-1_4_2"
"1680","GTCATCCCAGAGCTAG-1_4_2"
"1681","GTCATCCGTGCATGAG-1_4_2"
"1682","GTCATGACAACAAGTA-1_4_2"
"1683","GTCATGACACTTCAAG-1_4_2"
"1684","GTCATGAGTTAAGTCC-1_4_2"
"1685","GTCATGATCATAGCAC-1_4_2"
"1686","GTCATTTAGAACGTGC-1_4_2"
"1687","GTCATTTGTATCGAAA-1_4_2"
"1688","GTCATTTTCGTCGATA-1_4_2"
"1689","GTCCACTCACTGTCGG-1_4_2"
"1690","GTCCACTTCAGCGGAA-1_4_2"
"1691","GTCCCATAGGTATAGT-1_4_2"
"1692","GTCCCATTCAAGTGTC-1_4_2"
"1693","GTCCTCAGTATGGAAT-1_4_2"
"1694","GTCGAATAGATGCTGG-1_4_2"
"1695","GTCGAATAGGTTCACT-1_4_2"
"1696","GTCGAATAGTTCCGTA-1_4_2"
"1697","GTCGAATGTTAAGGAT-1_4_2"
"1698","GTCGAATTCAGCGGAA-1_4_2"
"1699","GTCGAATTCCTCAGAA-1_4_2"
"1700","GTCGCGAAGCCTGTGC-1_4_2"
"1701","GTCGTAAAGCTTACGT-1_4_2"
"1702","GTCGTAACACCAAAGG-1_4_2"
"1703","GTCGTAATCGTGCTCT-1_4_2"
"1704","GTCGTAATCTAGCAAC-1_4_2"
"1705","GTCGTAATCTATCGCC-1_4_2"
"1706","GTCGTTCCATCGGTTA-1_4_2"
"1707","GTCGTTCGTCTGCGCA-1_4_2"
"1708","GTCGTTCTCGGTGTTA-1_4_2"
"1709","GTCTACCGTCTGATAC-1_4_2"
"1710","GTCTACCGTGTATTCG-1_4_2"
"1711","GTCTAGAAGAGCAACC-1_4_2"
"1712","GTCTAGACACTTACAG-1_4_2"
"1713","GTCTAGACATTCACCC-1_4_2"
"1714","GTCTAGATCACTTCTA-1_4_2"
"1715","GTCTCACGTACAGTAA-1_4_2"
"1716","GTCTCACGTTACCCTC-1_4_2"
"1717","GTCTGTCAGCCTCACG-1_4_2"
"1718","GTCTGTCGTGAGCAGT-1_4_2"
"1719","GTCTTTACACACGGTC-1_4_2"
"1720","GTCTTTACAGCTTCGG-1_4_2"
"1721","GTCTTTAGTATAATGG-1_4_2"
"1722","GTCTTTAGTCAGTCTA-1_4_2"
"1723","GTGACGCAGGGACCAT-1_4_2"
"1724","GTGACGCCATCGTTCC-1_4_2"
"1725","GTGAGCCAGATTAGTG-1_4_2"
"1726","GTGAGGAGTGGTCTGC-1_4_2"
"1727","GTGAGGATCCGGTTCT-1_4_2"
"1728","GTGAGTTAGTTACGTC-1_4_2"
"1729","GTGAGTTCACTTGTCC-1_4_2"
"1730","GTGAGTTGTCAAACGG-1_4_2"
"1731","GTGAGTTTCCGTTTCG-1_4_2"
"1732","GTGAGTTTCTGCGGAC-1_4_2"
"1733","GTGATGTCACAAGCTT-1_4_2"
"1734","GTGATGTCAGGATGAC-1_4_2"
"1735","GTGCACGAGCCAAGGT-1_4_2"
"1736","GTGCACGAGCCTAGGA-1_4_2"
"1737","GTGCACGCAGTAGATA-1_4_2"
"1738","GTGCACGTCGTGCTCT-1_4_2"
"1739","GTGCAGCAGAGTTGCG-1_4_2"
"1740","GTGCAGCAGCGGACAT-1_4_2"
"1741","GTGCAGCCACCTGCGA-1_4_2"
"1742","GTGCGTGTCCGTCCTA-1_4_2"
"1743","GTGCTGGAGAACTTCC-1_4_2"
"1744","GTGCTGGGTCCTGTCT-1_4_2"
"1745","GTGCTGGTCCGAGTGC-1_4_2"
"1746","GTGCTTCCAATTCTCT-1_4_2"
"1747","GTGCTTCCACGCTGCA-1_4_2"
"1748","GTGCTTCCAGTTCCAA-1_4_2"
"1749","GTGCTTCCATTGACTG-1_4_2"
"1750","GTGCTTCTCCACATAG-1_4_2"
"1751","GTGGAAGAGGTTGAGC-1_4_2"
"1752","GTGGAAGAGTCTGTAC-1_4_2"
"1753","GTGGAAGCAAGCGAAC-1_4_2"
"1754","GTGGAAGCACTACACA-1_4_2"
"1755","GTGGAAGGTCGGTGTC-1_4_2"
"1756","GTGGAGAAGAATGTTG-1_4_2"
"1757","GTGGAGAGTCTAGTGT-1_4_2"
"1758","GTGGAGATCCGGCAAC-1_4_2"
"1759","GTGGCGTAGCGTCTGC-1_4_2"
"1760","GTGGGAAAGGAGAATG-1_4_2"
"1761","GTGGGAATCTGAATGC-1_4_2"
"1762","GTGGTTAAGCTGGTGA-1_4_2"
"1763","GTGGTTAGTGTGTCCG-1_4_2"
"1764","GTGGTTATCCAACACA-1_4_2"
"1765","GTGTAACAGTCCTGCG-1_4_2"
"1766","GTGTAACGTGGTAACG-1_4_2"
"1767","GTGTAACTCCACGAAT-1_4_2"
"1768","GTGTAACTCTTAGCTT-1_4_2"
"1769","GTGTCCTAGCTCTATG-1_4_2"
"1770","GTGTCCTGTCGCTGCA-1_4_2"
"1771","GTGTGATCAAAGGGTC-1_4_2"
"1772","GTGTGGCAGGAAAGTG-1_4_2"
"1773","GTGTTAGAGCACCGTC-1_4_2"
"1774","GTGTTAGAGCGCCCAT-1_4_2"
"1775","GTGTTAGCACCGGTCA-1_4_2"
"1776","GTGTTCCAGGTCCCGT-1_4_2"
"1777","GTGTTCCAGTTCCGTA-1_4_2"
"1778","GTGTTCCTCCGTGACG-1_4_2"
"1779","GTTACAGAGCCTAACT-1_4_2"
"1780","GTTACAGTCGACACCG-1_4_2"
"1781","GTTACCCAGAAGCGGG-1_4_2"
"1782","GTTACCCAGCAACAGC-1_4_2"
"1783","GTTACGACAGAGGTAC-1_4_2"
"1784","GTTACGACATAACCCA-1_4_2"
"1785","GTTACGAGTGTCCGGT-1_4_2"
"1786","GTTACGAGTTACGGAG-1_4_2"
"1787","GTTAGACCAGTCTACA-1_4_2"
"1788","GTTAGACGTAGCGCTC-1_4_2"
"1789","GTTAGACTCCTCTCGA-1_4_2"
"1790","GTTAGACTCTCATTAC-1_4_2"
"1791","GTTAGTGCAACAAAGT-1_4_2"
"1792","GTTAGTGTCAGTGGGA-1_4_2"
"1793","GTTATGGAGAAGCGAA-1_4_2"
"1794","GTTATGGAGACCATGG-1_4_2"
"1795","GTTCATTCACATAGCT-1_4_2"
"1796","GTTCATTTCCCGAAAT-1_4_2"
"1797","GTTCCGTAGGCCGCTT-1_4_2"
"1798","GTTCGCTCAAGAGAGA-1_4_2"
"1799","GTTCGCTGTAGGACCA-1_4_2"
"1800","GTTCGCTGTATTGACC-1_4_2"
"1801","GTTCTATAGGTAGCCA-1_4_2"
"1802","GTTCTATAGTGGGAAA-1_4_2"
"1803","GTTCTATCACCTGATA-1_4_2"
"1804","GTTCTATGTATCGAAA-1_4_2"
"1805","GTTCTATGTCGCTCGA-1_4_2"
"1806","GTTGAACAGATCGGTG-1_4_2"
"1807","GTTGAACCAACCGCTG-1_4_2"
"1808","GTTGAACCACTATCGA-1_4_2"
"1809","GTTGCGGAGCGCCATC-1_4_2"
"1810","GTTGCGGAGGCTGAAC-1_4_2"
"1811","GTTGCGGAGGGTAATT-1_4_2"
"1812","GTTGCGGCAAAGGCGT-1_4_2"
"1813","GTTGCGGTCGCGATCG-1_4_2"
"1814","GTTGCTCAGAGTCACG-1_4_2"
"1815","GTTGCTCAGCCTTCTC-1_4_2"
"1816","GTTGCTCTCTCCCTAG-1_4_2"
"1817","GTTGTAGAGAGCATCG-1_4_2"
"1818","GTTGTAGAGCTCACTA-1_4_2"
"1819","GTTGTAGGTAGTCTGT-1_4_2"
"1820","GTTGTCCAGAGCTTTC-1_4_2"
"1821","GTTGTCCAGAGGGTCT-1_4_2"
"1822","GTTGTCCCAGCTATAC-1_4_2"
"1823","GTTGTGAAGGGTACGT-1_4_2"
"1824","GTTGTGACACTGCACG-1_4_2"
"1825","GTTTACTCAATTAGGA-1_4_2"
"1826","GTTTACTCATGATGCT-1_4_2"
"1827","GTTTGGAGTGACTGAG-1_4_2"
"1828","TAACACGCATTCTCCG-1_4_2"
"1829","TAACACGTCAGGGATG-1_4_2"
"1830","TAACCAGAGCCACAAG-1_4_2"
"1831","TAACCAGAGCCTTTGA-1_4_2"
"1832","TAACCAGGTTACGTAC-1_4_2"
"1833","TAACGACAGGTCCAGA-1_4_2"
"1834","TAACTTCCAGACACAG-1_4_2"
"1835","TAACTTCCATAGCACT-1_4_2"
"1836","TAAGCACGTTAAGTCC-1_4_2"
"1837","TAAGCCAAGGCACAAC-1_4_2"
"1838","TAAGCCAGTTAGGCTT-1_4_2"
"1839","TAAGCCAGTTGTCATG-1_4_2"
"1840","TAAGCGTAGGATTACA-1_4_2"
"1841","TAAGCGTTCCTTTAGT-1_4_2"
"1842","TAAGCGTTCGAGAAGC-1_4_2"
"1843","TAAGTCGCACTGATTG-1_4_2"
"1844","TAAGTCGCAGTGCGCT-1_4_2"
"1845","TAAGTCGTCCCTCTTT-1_4_2"
"1846","TAATCTCTCACTCTTA-1_4_2"
"1847","TAATCTCTCTGGGCGT-1_4_2"
"1848","TAATTCCAGCTCCCTT-1_4_2"
"1849","TAATTCCAGGCTTAGG-1_4_2"
"1850","TACAACGAGTACAGCG-1_4_2"
"1851","TACAACGGTTGCGAAG-1_4_2"
"1852","TACAACGTCAACTTTC-1_4_2"
"1853","TACAACGTCTATTCGT-1_4_2"
"1854","TACACCCCAAAGGCTG-1_4_2"
"1855","TACACCCCAGTATTCG-1_4_2"
"1856","TACACCCCATCTTAGG-1_4_2"
"1857","TACACCCGTAACATCC-1_4_2"
"1858","TACACCCGTCTAGTGT-1_4_2"
"1859","TACACCCTCAAGTCGT-1_4_2"
"1860","TACAGGTCACGTAGAG-1_4_2"
"1861","TACAGGTGTATGGTTC-1_4_2"
"1862","TACATTCGTCTGATCA-1_4_2"
"1863","TACCCACCATGGCACC-1_4_2"
"1864","TACCCACGTTATTCTC-1_4_2"
"1865","TACCCACGTTCCATTT-1_4_2"
"1866","TACCCACTCTGTGCTC-1_4_2"
"1867","TACCCGTGTTGATGTC-1_4_2"
"1868","TACCCGTTCGGTCTAA-1_4_2"
"1869","TACCCGTTCGTCCATC-1_4_2"
"1870","TACCCGTTCTCTAAGG-1_4_2"
"1871","TACCCGTTCTGGCTGG-1_4_2"
"1872","TACCGAAGTCTTGCGG-1_4_2"
"1873","TACCGAATCTATCGCC-1_4_2"
"1874","TACCGGGAGACCAAGC-1_4_2"
"1875","TACCGGGCAAGGACAC-1_4_2"
"1876","TACCGGGCACATCATG-1_4_2"
"1877","TACCGGGCAGAGGAAA-1_4_2"
"1878","TACCGGGTCGAAGGAC-1_4_2"
"1879","TACGCTCCATATGGCT-1_4_2"
"1880","TACGCTCTCGTCGCTT-1_4_2"
"1881","TACGGGCAGGCTCCCA-1_4_2"
"1882","TACGGTAAGTCGGGAT-1_4_2"
"1883","TACGGTAGTTGCAAGG-1_4_2"
"1884","TACGGTATCGTAGAGG-1_4_2"
"1885","TACGTCCCACAAATGA-1_4_2"
"1886","TACGTCCGTAAGATTG-1_4_2"
"1887","TACGTCCGTCTTCATT-1_4_2"
"1888","TACGTCCTCATACGGT-1_4_2"
"1889","TACGTCCTCGACGATT-1_4_2"
"1890","TACTGCCAGACTCTTG-1_4_2"
"1891","TACTGCCTCAGAGCAG-1_4_2"
"1892","TACTTACAGGAAAGGT-1_4_2"
"1893","TACTTCAGTCCTCATC-1_4_2"
"1894","TACTTCAGTGAGGATC-1_4_2"
"1895","TACTTCATCGCACGAC-1_4_2"
"1896","TACTTCATCTTCCAGC-1_4_2"
"1897","TACTTGTAGTCAGCCC-1_4_2"
"1898","TAGACCAGTCGTTGGC-1_4_2"
"1899","TAGACCATCTCGTGGG-1_4_2"
"1900","TAGACTGGTACTAACC-1_4_2"
"1901","TAGACTGTCCCAGGAC-1_4_2"
"1902","TAGACTGTCGTTCTGC-1_4_2"
"1903","TAGACTGTCTTTCCAA-1_4_2"
"1904","TAGAGTCCATTGAAGA-1_4_2"
"1905","TAGAGTCCATTGGGAG-1_4_2"
"1906","TAGAGTCGTCACGTGC-1_4_2"
"1907","TAGATCGAGAGCATTA-1_4_2"
"1908","TAGATCGTCTAGCAAC-1_4_2"
"1909","TAGCACAAGTGTTGAA-1_4_2"
"1910","TAGGAGGAGGGTAATT-1_4_2"
"1911","TAGGAGGGTCTGTGAT-1_4_2"
"1912","TAGGGTTGTGCACAAG-1_4_2"
"1913","TAGGTACAGTGGAATT-1_4_2"
"1914","TAGGTACGTACTTGTG-1_4_2"
"1915","TAGGTACGTTGCATGT-1_4_2"
"1916","TAGGTTGTCAGCCTCT-1_4_2"
"1917","TAGGTTGTCATAGAGA-1_4_2"
"1918","TAGTGCACACTGTTCC-1_4_2"
"1919","TATACCTGTCGTCAGC-1_4_2"
"1920","TATATCCCATTGACTG-1_4_2"
"1921","TATATCCGTAAGCTCT-1_4_2"
"1922","TATATCCGTACCCAGC-1_4_2"
"1923","TATATCCGTGAACTAA-1_4_2"
"1924","TATCAGGAGATGAAGG-1_4_2"
"1925","TATCAGGCAGAGGTAC-1_4_2"
"1926","TATCAGGGTTAGAGAT-1_4_2"
"1927","TATCAGGTCTCATTGT-1_4_2"
"1928","TATCCTAAGCGTTAGG-1_4_2"
"1929","TATCGCCTCGTTTACT-1_4_2"
"1930","TATCTTGTCCTGTACC-1_4_2"
"1931","TATGTTCAGAAGCCAC-1_4_2"
"1932","TATGTTCAGACTTAAG-1_4_2"
"1933","TATGTTCAGTAATACG-1_4_2"
"1934","TATGTTCAGTGACACG-1_4_2"
"1935","TATGTTCCAACACTAC-1_4_2"
"1936","TATGTTCCACAGTACT-1_4_2"
"1937","TATGTTCGTACGGTTT-1_4_2"
"1938","TATGTTCTCATCGCCT-1_4_2"
"1939","TATGTTCTCCGATAGT-1_4_2"
"1940","TATTCCACAGCACAAG-1_4_2"
"1941","TATTGCTAGTCTTGGT-1_4_2"
"1942","TATTGCTGTCAGCTTA-1_4_2"
"1943","TATTGCTGTGTGTGGA-1_4_2"
"1944","TATTGGGAGGAGAATG-1_4_2"
"1945","TATTGGGTCGACGAGA-1_4_2"
"1946","TATTTCGAGTCAGAGC-1_4_2"
"1947","TATTTCGCACTAACGT-1_4_2"
"1948","TCAAGACGTGGAACCA-1_4_2"
"1949","TCAAGCAAGGTACAAT-1_4_2"
"1950","TCAAGCACAAGCACAG-1_4_2"
"1951","TCAAGCACAATAACGA-1_4_2"
"1952","TCAAGCAGTCGCATGC-1_4_2"
"1953","TCAAGCATCGTTCGCT-1_4_2"
"1954","TCAAGTGTCTCATAGG-1_4_2"
"1955","TCAATCTCACGACAGA-1_4_2"
"1956","TCAATCTGTTCCGCAG-1_4_2"
"1957","TCAATTCAGAGGCGGA-1_4_2"
"1958","TCAATTCGTCTATGAC-1_4_2"
"1959","TCAATTCTCGCTTGCT-1_4_2"
"1960","TCAATTCTCTCACCCA-1_4_2"
"1961","TCACAAGAGAAGAACG-1_4_2"
"1962","TCACAAGAGGGAGATA-1_4_2"
"1963","TCACATTCATACCATG-1_4_2"
"1964","TCACATTGTAGAGGAA-1_4_2"
"1965","TCACATTGTCTTCGAA-1_4_2"
"1966","TCACATTTCGCTAAAC-1_4_2"
"1967","TCACGCTAGCTCTGTA-1_4_2"
"1968","TCACGCTAGGATCATA-1_4_2"
"1969","TCACGCTCACCTAAAC-1_4_2"
"1970","TCACGCTGTGCAATGG-1_4_2"
"1971","TCACTCGGTGCCGTTG-1_4_2"
"1972","TCAGCAAAGGACTATA-1_4_2"
"1973","TCAGCAAGTTAAGAAC-1_4_2"
"1974","TCAGCCTCAACCCTAA-1_4_2"
"1975","TCAGGGCAGACCATAA-1_4_2"
"1976","TCAGGGCAGGGACAGG-1_4_2"
"1977","TCAGGGCTCATGAGTC-1_4_2"
"1978","TCAGGGCTCGTGTTCC-1_4_2"
"1979","TCAGTCCCACACAGAG-1_4_2"
"1980","TCAGTGAAGTCACTCA-1_4_2"
"1981","TCAGTGACATCGAACT-1_4_2"
"1982","TCAGTGAGTCATCCGG-1_4_2"
"1983","TCAGTGATCAACTACG-1_4_2"
"1984","TCAGTTTGTGATGTAA-1_4_2"
"1985","TCATACTAGGGAGTTC-1_4_2"
"1986","TCATACTCAAGCCCAC-1_4_2"
"1987","TCATACTGTAGTTCCA-1_4_2"
"1988","TCATACTTCGTCAAAC-1_4_2"
"1989","TCATATCTCAAGGACG-1_4_2"
"1990","TCATATCTCCGTGCGA-1_4_2"
"1991","TCATCATAGTTCCATG-1_4_2"
"1992","TCATCATCACGACAAG-1_4_2"
"1993","TCATCCGAGGATGGCT-1_4_2"
"1994","TCATCCGAGGCGAAGG-1_4_2"
"1995","TCATCCGCACACACGC-1_4_2"
"1996","TCATCCGTCCGTGGGT-1_4_2"
"1997","TCATGAGGTCGTATTG-1_4_2"
"1998","TCATGAGTCTGCCTCA-1_4_2"
"1999","TCATGCCAGTAGGTTA-1_4_2"
"2000","TCATGCCCACAATGAA-1_4_2"
"2001","TCATGCCTCTCTCCGA-1_4_2"
"2002","TCATGGAAGGCACAAC-1_4_2"
"2003","TCATGGACAAATCAGA-1_4_2"
"2004","TCATGGACAGCTGGTC-1_4_2"
"2005","TCATGGAGTATGCGTT-1_4_2"
"2006","TCATGGAGTCAAGGCA-1_4_2"
"2007","TCATGTTAGCGTTACT-1_4_2"
"2008","TCATGTTCATAACCCA-1_4_2"
"2009","TCATGTTGTAGCTTTG-1_4_2"
"2010","TCATGTTTCCTTCAGC-1_4_2"
"2011","TCATTACAGCTCGCAC-1_4_2"
"2012","TCATTACAGGGATGTC-1_4_2"
"2013","TCATTACGTGTCATTG-1_4_2"
"2014","TCATTCAAGGGTTGCA-1_4_2"
"2015","TCATTCATCATCGGGC-1_4_2"
"2016","TCATTGTCAACGCCCA-1_4_2"
"2017","TCATTGTCATTGCTGA-1_4_2"
"2018","TCATTGTTCCACTTCG-1_4_2"
"2019","TCATTTGAGGTCGACA-1_4_2"
"2020","TCATTTGCACACCTGG-1_4_2"
"2021","TCATTTGCAGAACTCT-1_4_2"
"2022","TCATTTGGTGAGTAGC-1_4_2"
"2023","TCATTTGGTTGGCCGT-1_4_2"
"2024","TCCACCACAGGCATGA-1_4_2"
"2025","TCCACCAGTGTACGCC-1_4_2"
"2026","TCCACGTCAAGCTGCC-1_4_2"
"2027","TCCACGTCAGTTTGGT-1_4_2"
"2028","TCCAGAAAGGTTACCT-1_4_2"
"2029","TCCAGAAAGTAGCTCT-1_4_2"
"2030","TCCAGAAAGTTCGGTT-1_4_2"
"2031","TCCAGAACACACGTGC-1_4_2"
"2032","TCCAGAAGTGCGACAA-1_4_2"
"2033","TCCAGAATCTCGTGAA-1_4_2"
"2034","TCCAGAATCTGCGTCT-1_4_2"
"2035","TCCATCGGTAACGCGA-1_4_2"
"2036","TCCATCGGTTTCGTTT-1_4_2"
"2037","TCCATCGTCGAGAACG-1_4_2"
"2038","TCCCACACAGCATTGT-1_4_2"
"2039","TCCCACAGTTCTCACC-1_4_2"
"2040","TCCCACATCAAATGCC-1_4_2"
"2041","TCCCAGTCAAACTGCT-1_4_2"
"2042","TCCCAGTTCTAAGGAA-1_4_2"
"2043","TCCCATGGTGCTCCGA-1_4_2"
"2044","TCCCATGTCGCCTATC-1_4_2"
"2045","TCCGAAAAGCACTCAT-1_4_2"
"2046","TCCGAAAAGGCCCACT-1_4_2"
"2047","TCCGAAACATATGCGT-1_4_2"
"2048","TCCGAAACATGTGACT-1_4_2"
"2049","TCCGAAAGTCCTGGTG-1_4_2"
"2050","TCCGAAAGTCTAGGCC-1_4_2"
"2051","TCCGAAATCGTCCTTG-1_4_2"
"2052","TCCGATCAGCTCTTCC-1_4_2"
"2053","TCCGATCGTAACTAAG-1_4_2"
"2054","TCCGATCTCTCTCTTC-1_4_2"
"2055","TCCGGGACAAGAGATT-1_4_2"
"2056","TCCGGGACACCCTTGT-1_4_2"
"2057","TCCGGGACACTGGACC-1_4_2"
"2058","TCCGTGTCAAATCCCA-1_4_2"
"2059","TCCGTGTCACTTGGCG-1_4_2"
"2060","TCCTAATAGGTGCTAG-1_4_2"
"2061","TCCTAATCATGGAACG-1_4_2"
"2062","TCCTAATTCTGGGAGA-1_4_2"
"2063","TCCTCGAAGCGTCAGA-1_4_2"
"2064","TCCTCGATCGCAGATT-1_4_2"
"2065","TCCTCGATCGGAGCAA-1_4_2"
"2066","TCCTCTTCACTCTGCT-1_4_2"
"2067","TCCTCTTCAGTTGCGC-1_4_2"
"2068","TCCTCTTGTCATAGTC-1_4_2"
"2069","TCCTCTTGTGACATCT-1_4_2"
"2070","TCCTGCAAGCACACCC-1_4_2"
"2071","TCCTGCACAAAGCGTG-1_4_2"
"2072","TCCTGCACAAGCTACT-1_4_2"
"2073","TCCTTCTAGGTCGTGA-1_4_2"
"2074","TCCTTTCCACTTGAAC-1_4_2"
"2075","TCCTTTCTCAAGTCGT-1_4_2"
"2076","TCGAACACAACACAAA-1_4_2"
"2077","TCGAAGTCAAATGAAC-1_4_2"
"2078","TCGAAGTCAGACCTGC-1_4_2"
"2079","TCGAAGTGTATCGAGG-1_4_2"
"2080","TCGAAGTGTTGACGGA-1_4_2"
"2081","TCGACCTGTTAACAGA-1_4_2"
"2082","TCGACCTTCAAGATAG-1_4_2"
"2083","TCGACCTTCCAGTTCC-1_4_2"
"2084","TCGACGGGTTTCGTGA-1_4_2"
"2085","TCGACGGTCAAACCCA-1_4_2"
"2086","TCGACGGTCACAAGGG-1_4_2"
"2087","TCGACGGTCTTCGGTC-1_4_2"
"2088","TCGATTTAGGTTGACG-1_4_2"
"2089","TCGATTTGTCCGAAGA-1_4_2"
"2090","TCGATTTGTCGCCTAG-1_4_2"
"2091","TCGCACTCAGGATTCT-1_4_2"
"2092","TCGCACTCATGGAATA-1_4_2"
"2093","TCGCACTGTGCCTATA-1_4_2"
"2094","TCGCAGGAGAGGATCC-1_4_2"
"2095","TCGCTCAAGGTCCCTG-1_4_2"
"2096","TCGCTCAAGTCGCGAA-1_4_2"
"2097","TCGCTCATCTGTAAGC-1_4_2"
"2098","TCGCTTGAGGTTAAAC-1_4_2"
"2099","TCGCTTGAGTTCGGTT-1_4_2"
"2100","TCGCTTGCACATAACC-1_4_2"
"2101","TCGCTTGTCCATTTCA-1_4_2"
"2102","TCGGATATCGCACGAC-1_4_2"
"2103","TCGGGACAGCAAGTGC-1_4_2"
"2104","TCGGGACAGGCAGCTA-1_4_2"
"2105","TCGGGACAGGGAACAA-1_4_2"
"2106","TCGGGACCACTGAGTT-1_4_2"
"2107","TCGGGACTCTGACCCT-1_4_2"
"2108","TCGGGCAAGTAGTGCG-1_4_2"
"2109","TCGGGCACAATTTCTC-1_4_2"
"2110","TCGGGCACATGACAAA-1_4_2"
"2111","TCGGGCAGTATCTCTT-1_4_2"
"2112","TCGGGCATCCTTCTAA-1_4_2"
"2113","TCGGGTGAGAAAGTCT-1_4_2"
"2114","TCGGGTGAGATACTGA-1_4_2"
"2115","TCGGGTGAGGCCTGCT-1_4_2"
"2116","TCGGGTGAGTCGCTAT-1_4_2"
"2117","TCGGGTGCAAGAGCTG-1_4_2"
"2118","TCGTAGACAAGTCCCG-1_4_2"
"2119","TCGTAGATCTGGGCAC-1_4_2"
"2120","TCGTCCAAGAGCATAT-1_4_2"
"2121","TCGTCCAAGAGCCGTA-1_4_2"
"2122","TCGTCCAGTTCTAAGC-1_4_2"
"2123","TCGTGCTAGTAGTCTC-1_4_2"
"2124","TCGTGCTCAACCGCTG-1_4_2"
"2125","TCGTGCTCACCTCTGT-1_4_2"
"2126","TCGTGGGCATCCTTCG-1_4_2"
"2127","TCGTGGGTCCCTTTGG-1_4_2"
"2128","TCTAACTGTCTAGATC-1_4_2"
"2129","TCTAACTTCAGATGCT-1_4_2"
"2130","TCTACATAGCGTCAGA-1_4_2"
"2131","TCTACATAGCTCAGAG-1_4_2"
"2132","TCTACATAGGTGGCTA-1_4_2"
"2133","TCTACATGTGACAGCA-1_4_2"
"2134","TCTACCGAGTCCCGAC-1_4_2"
"2135","TCTATACAGTGATTCC-1_4_2"
"2136","TCTATACGTACGACTT-1_4_2"
"2137","TCTATACTCCGTTTCG-1_4_2"
"2138","TCTATACTCTCCCAAC-1_4_2"
"2139","TCTATCAAGAGATGCC-1_4_2"
"2140","TCTATCAGTCTCTCTG-1_4_2"
"2141","TCTATCATCGCAAGAG-1_4_2"
"2142","TCTATCATCGTACCTC-1_4_2"
"2143","TCTCACGTCCAAATGC-1_4_2"
"2144","TCTCAGCAGATACTGA-1_4_2"
"2145","TCTCAGCGTATACCCA-1_4_2"
"2146","TCTCAGCGTGACTAAA-1_4_2"
"2147","TCTCAGCTCACATCAG-1_4_2"
"2148","TCTCAGCTCCCTCGAT-1_4_2"
"2149","TCTCCGACATGACAAA-1_4_2"
"2150","TCTCCGATCAACTCTT-1_4_2"
"2151","TCTCCGATCCCTGTTG-1_4_2"
"2152","TCTCTGGGTGGCGCTT-1_4_2"
"2153","TCTGGCTAGGGCTTCC-1_4_2"
"2154","TCTGGCTAGTCAGCCC-1_4_2"
"2155","TCTGGCTGTGTCATTG-1_4_2"
"2156","TCTGTCGGTAAGCAAT-1_4_2"
"2157","TCTGTCGGTGTAAATG-1_4_2"
"2158","TCTGTCGTCCGTGTAA-1_4_2"
"2159","TCTGTCGTCCTCAGAA-1_4_2"
"2160","TCTTAGTAGCTTTCCC-1_4_2"
"2161","TCTTAGTTCAAGCGTT-1_4_2"
"2162","TCTTCCTGTAGCGTCC-1_4_2"
"2163","TCTTGCGAGTGAATAC-1_4_2"
"2164","TCTTGCGCAAGTACCT-1_4_2"
"2165","TCTTTGACACGCTATA-1_4_2"
"2166","TCTTTGAGTTCGAACT-1_4_2"
"2167","TCTTTGAGTTTAGACC-1_4_2"
"2168","TGAACGTAGGTCGACA-1_4_2"
"2169","TGAACGTCAATGTCTG-1_4_2"
"2170","TGAACGTCACACGCCA-1_4_2"
"2171","TGAACGTTCGCTTTAT-1_4_2"
"2172","TGAATCGGTATGCTAC-1_4_2"
"2173","TGAATGCCATGCCATA-1_4_2"
"2174","TGACAGTAGCTCCACG-1_4_2"
"2175","TGACAGTGTAAGGCTG-1_4_2"
"2176","TGACCCTAGCCATTTG-1_4_2"
"2177","TGACCCTAGGATTCAA-1_4_2"
"2178","TGACCCTCAGTTTGGT-1_4_2"
"2179","TGACGCGCATCCGGCA-1_4_2"
"2180","TGACGCGGTCGTACAT-1_4_2"
"2181","TGACGCGTCACAAGGG-1_4_2"
"2182","TGACGCGTCGCTACGG-1_4_2"
"2183","TGACTCCAGTAAAGCT-1_4_2"
"2184","TGACTCCGTGCCGTAC-1_4_2"
"2185","TGACTCCTCCAAAGGG-1_4_2"
"2186","TGAGACTGTCGTGATT-1_4_2"
"2187","TGAGACTTCCTGTAAG-1_4_2"
"2188","TGAGCATAGGTAGGCT-1_4_2"
"2189","TGAGCGCCAACTGCTA-1_4_2"
"2190","TGAGGAGAGTAACCTC-1_4_2"
"2191","TGAGGAGGTGCCTGAC-1_4_2"
"2192","TGAGGGAAGATCGACG-1_4_2"
"2193","TGAGGTTAGCAAGGAA-1_4_2"
"2194","TGAGGTTAGTGCACAG-1_4_2"
"2195","TGATCAGGTGTGTCCG-1_4_2"
"2196","TGATCTTCACTGGCCA-1_4_2"
"2197","TGATCTTCAGTCTGGC-1_4_2"
"2198","TGATCTTGTACTAACC-1_4_2"
"2199","TGATCTTGTTGTGGAG-1_4_2"
"2200","TGATCTTTCACTGATG-1_4_2"
"2201","TGATGGTCAATAGTAG-1_4_2"
"2202","TGATGGTGTAAGATTG-1_4_2"
"2203","TGATGGTTCGGTCTAA-1_4_2"
"2204","TGATTCTGTATGAAGT-1_4_2"
"2205","TGATTTCGTACTGCCG-1_4_2"
"2206","TGCACGGCAGGTCCCA-1_4_2"
"2207","TGCACGGCATCGTGGC-1_4_2"
"2208","TGCACGGTCCATACAG-1_4_2"
"2209","TGCAGATAGTTGCCCG-1_4_2"
"2210","TGCAGGCAGGTTCCAT-1_4_2"
"2211","TGCAGGCCACAACGTT-1_4_2"
"2212","TGCAGGCCACACCAGC-1_4_2"
"2213","TGCAGGCCATAGCACT-1_4_2"
"2214","TGCAGGCCATTCGATG-1_4_2"
"2215","TGCAGTACACAATGAA-1_4_2"
"2216","TGCAGTAGTACTGCCG-1_4_2"
"2217","TGCAGTATCTGCTTTA-1_4_2"
"2218","TGCATCCTCTACAGGT-1_4_2"
"2219","TGCATCCTCTCGACCT-1_4_2"
"2220","TGCATGACATCCGTGG-1_4_2"
"2221","TGCCGAGAGCCGATTT-1_4_2"
"2222","TGCCGAGGTCTTTCTA-1_4_2"
"2223","TGCCGAGGTTCGGCGT-1_4_2"
"2224","TGCCGAGTCCAAACCA-1_4_2"
"2225","TGCCGAGTCTGGGCCA-1_4_2"
"2226","TGCGACGAGTTGAAAC-1_4_2"
"2227","TGCGACGCAGTAGGAC-1_4_2"
"2228","TGCGACGGTTGGTGTT-1_4_2"
"2229","TGCGACGTCTGTCGTC-1_4_2"
"2230","TGCGACGTCTTCGTAT-1_4_2"
"2231","TGCGGCAAGCCTTCTC-1_4_2"
"2232","TGCGGCAGTGCAATAA-1_4_2"
"2233","TGCGGGTAGCATTTCG-1_4_2"
"2234","TGCGGGTCATACAGCT-1_4_2"
"2235","TGCGGGTGTCTCAAGT-1_4_2"
"2236","TGCGGGTGTGAGGATC-1_4_2"
"2237","TGCTCCAAGACGCTCC-1_4_2"
"2238","TGCTCCAAGATGATTG-1_4_2"
"2239","TGCTCGTGTATGTCCA-1_4_2"
"2240","TGCTCGTTCGCGCTGA-1_4_2"
"2241","TGCTGAACAAGCTGCC-1_4_2"
"2242","TGCTGAAGTACAGGTG-1_4_2"
"2243","TGCTGAAGTGCACAAG-1_4_2"
"2244","TGCTGAAGTTTCGCTC-1_4_2"
"2245","TGCTGAATCACAAGGG-1_4_2"
"2246","TGCTTCGCAGTCAGAG-1_4_2"
"2247","TGCTTCGTCTTTCAGT-1_4_2"
"2248","TGCTTGCCACGCTTAA-1_4_2"
"2249","TGGAACTGTCGAGATG-1_4_2"
"2250","TGGAACTTCCCAAGCG-1_4_2"
"2251","TGGAACTTCGCCGATG-1_4_2"
"2252","TGGAGAGCACCAGACC-1_4_2"
"2253","TGGAGAGGTATCATGC-1_4_2"
"2254","TGGAGAGTCACTGGGC-1_4_2"
"2255","TGGAGAGTCCGCAACG-1_4_2"
"2256","TGGAGGAAGATGACCG-1_4_2"
"2257","TGGAGGAAGGATACGC-1_4_2"
"2258","TGGAGGAAGTAAGAGG-1_4_2"
"2259","TGGAGGATCAACTCTT-1_4_2"
"2260","TGGATCACACGCGCTA-1_4_2"
"2261","TGGATCACATTAAAGG-1_4_2"
"2262","TGGATCATCCAGTGTA-1_4_2"
"2263","TGGATCATCTTTGCTA-1_4_2"
"2264","TGGATGTCAACCTAAC-1_4_2"
"2265","TGGATGTCAGGTGAGT-1_4_2"
"2266","TGGCGTGAGTTCCTGA-1_4_2"
"2267","TGGCGTGCAATTGAGA-1_4_2"
"2268","TGGCGTGGTGCAGATG-1_4_2"
"2269","TGGCGTGTCGTTAGAC-1_4_2"
"2270","TGGCGTGTCTAACGGT-1_4_2"
"2271","TGGCGTGTCTGGGCCA-1_4_2"
"2272","TGGGAAGAGAGCAGTC-1_4_2"
"2273","TGGGAAGAGCGTGAAC-1_4_2"
"2274","TGGGAAGGTTACCGTA-1_4_2"
"2275","TGGGAAGTCTGATGGT-1_4_2"
"2276","TGGGAGAAGATGCAGC-1_4_2"
"2277","TGGGAGAGTATCCTTT-1_4_2"
"2278","TGGGATTGTGCTAGCC-1_4_2"
"2279","TGGGATTTCAAACGTC-1_4_2"
"2280","TGGGATTTCGTAGCCG-1_4_2"
"2281","TGGGCGTAGTTTCGGT-1_4_2"
"2282","TGGGCGTCAACCAGAG-1_4_2"
"2283","TGGGCGTGTAGCTGCC-1_4_2"
"2284","TGGGCTGAGAGCATTA-1_4_2"
"2285","TGGGCTGCAAACCGGA-1_4_2"
"2286","TGGGCTGCAATACGCT-1_4_2"
"2287","TGGGCTGGTCATTGCA-1_4_2"
"2288","TGGGCTGGTTCGGCCA-1_4_2"
"2289","TGGGCTGTCCCAGTGG-1_4_2"
"2290","TGGGCTGTCCTGCTAC-1_4_2"
"2291","TGGGTTAAGCCATGCC-1_4_2"
"2292","TGGGTTATCCATTTGT-1_4_2"
"2293","TGGTACAGTCCTACGG-1_4_2"
"2294","TGGTACATCCACACCT-1_4_2"
"2295","TGGTAGTCAGCAAGAC-1_4_2"
"2296","TGGTGATAGATTGTGA-1_4_2"
"2297","TGGTGATAGGTTAGTA-1_4_2"
"2298","TGGTGATGTCCTGGTG-1_4_2"
"2299","TGGTTAGGTGCGAACA-1_4_2"
"2300","TGGTTAGTCCGAGATT-1_4_2"
"2301","TGTAACGAGACTTCAC-1_4_2"
"2302","TGTAACGTCGGATACT-1_4_2"
"2303","TGTAAGCAGACTGAGC-1_4_2"
"2304","TGTAAGCGTAATTAGG-1_4_2"
"2305","TGTAAGCGTACCGTGC-1_4_2"
"2306","TGTAAGCTCAGAGTGG-1_4_2"
"2307","TGTAAGCTCAGTGTCA-1_4_2"
"2308","TGTACAGCAGGAATCG-1_4_2"
"2309","TGTACAGGTACCACGC-1_4_2"
"2310","TGTACAGTCGGTTAGT-1_4_2"
"2311","TGTAGACGTGTTGAGG-1_4_2"
"2312","TGTCAGAAGACCAAAT-1_4_2"
"2313","TGTCCACAGCTGCCAC-1_4_2"
"2314","TGTCCCACATCGTGCG-1_4_2"
"2315","TGTCCCATCACTGTCC-1_4_2"
"2316","TGTCCTGAGTTCGGTT-1_4_2"
"2317","TGTCCTGGTCGGCCTA-1_4_2"
"2318","TGTCCTGGTTACCTGA-1_4_2"
"2319","TGTCCTGTCGTTAGAC-1_4_2"
"2320","TGTGAGTTCTCGCCTA-1_4_2"
"2321","TGTGATGAGATTAGTG-1_4_2"
"2322","TGTGATGAGTTTGTCG-1_4_2"
"2323","TGTGATGTCGACCTAA-1_4_2"
"2324","TGTGATGTCTCGTCAC-1_4_2"
"2325","TGTGCGGCATCCCGTT-1_4_2"
"2326","TGTGCGGTCCGATGTA-1_4_2"
"2327","TGTGCGGTCCTACGGG-1_4_2"
"2328","TGTGGCGAGTTGAAGT-1_4_2"
"2329","TGTGTGACAATGACCT-1_4_2"
"2330","TGTGTGACAGTCAGTT-1_4_2"
"2331","TGTTACTAGGATCATA-1_4_2"
"2332","TGTTACTAGTCATGCT-1_4_2"
"2333","TGTTACTGTATTGCCA-1_4_2"
"2334","TGTTACTTCATTCATC-1_4_2"
"2335","TGTTCATAGAGAGGGC-1_4_2"
"2336","TGTTCATAGTCAGCCC-1_4_2"
"2337","TGTTCTAAGAACGCGT-1_4_2"
"2338","TGTTCTACAATTTCTC-1_4_2"
"2339","TGTTGAGAGTCGTTAC-1_4_2"
"2340","TGTTGAGTCTTAAGGC-1_4_2"
"2341","TGTTTGTAGGCATCGA-1_4_2"
"2342","TGTTTGTCAAGATCCT-1_4_2"
"2343","TGTTTGTGTACTCCGG-1_4_2"
"2344","TGTTTGTGTTCATCTT-1_4_2"
"2345","TGTTTGTTCTTGTGCC-1_4_2"
"2346","TTAATCCAGCTAAGTA-1_4_2"
"2347","TTAATCCCAACAGCCC-1_4_2"
"2348","TTAATCCCACAAACGG-1_4_2"
"2349","TTAATCCTCCGAGCTG-1_4_2"
"2350","TTACAGGAGGCGTTAG-1_4_2"
"2351","TTACAGGTCCGTAATG-1_4_2"
"2352","TTACAGGTCTCATTGT-1_4_2"
"2353","TTACCATAGCAGAAAG-1_4_2"
"2354","TTACCATGTCCTGTCT-1_4_2"
"2355","TTACCATTCGGTTCAA-1_4_2"
"2356","TTACCGCCACTGTCGG-1_4_2"
"2357","TTACCGCCATATAGCC-1_4_2"
"2358","TTACGCCCACTGAGTT-1_4_2"
"2359","TTACGCCCATTCACAG-1_4_2"
"2360","TTACGCCGTAGTCTTG-1_4_2"
"2361","TTACGCCGTCTGTGTA-1_4_2"
"2362","TTACGTTAGCAACAGC-1_4_2"
"2363","TTACGTTTCCACGTCT-1_4_2"
"2364","TTACTGTAGCCGTCGT-1_4_2"
"2365","TTACTGTAGCTGACTT-1_4_2"
"2366","TTACTGTCAGCTCCTT-1_4_2"
"2367","TTACTGTCAGGTTCCG-1_4_2"
"2368","TTAGGCACAGCCCAGT-1_4_2"
"2369","TTAGGCAGTCACTAGT-1_4_2"
"2370","TTAGGCATCATCACTT-1_4_2"
"2371","TTAGGGTGTAACAGTA-1_4_2"
"2372","TTAGGGTGTCCGAAAG-1_4_2"
"2373","TTAGGGTTCTCTATAC-1_4_2"
"2374","TTAGTCTAGAAATTCG-1_4_2"
"2375","TTAGTCTGTATCACGT-1_4_2"
"2376","TTATTGCGTGACTCTA-1_4_2"
"2377","TTATTGCGTTAAGTCC-1_4_2"
"2378","TTCAATCAGTTCGCAT-1_4_2"
"2379","TTCAATCTCACTCTTA-1_4_2"
"2380","TTCAATCTCGGCATAT-1_4_2"
"2381","TTCACCGGTTCTCCAC-1_4_2"
"2382","TTCACGCGTCCGGATC-1_4_2"
"2383","TTCACGCGTGGTCTCG-1_4_2"
"2384","TTCAGGAAGAAATCCA-1_4_2"
"2385","TTCAGGACAATCTGCA-1_4_2"
"2386","TTCAGGAGTGCCCTTT-1_4_2"
"2387","TTCATGTGTAGATCCT-1_4_2"
"2388","TTCATGTGTATCGGTT-1_4_2"
"2389","TTCATGTGTCGATTAC-1_4_2"
"2390","TTCATGTGTGCGACAA-1_4_2"
"2391","TTCATGTGTTGGACTT-1_4_2"
"2392","TTCATGTTCGAGTTGT-1_4_2"
"2393","TTCATTGAGGTTCTTG-1_4_2"
"2394","TTCATTGGTGAGCAGT-1_4_2"
"2395","TTCCAATAGGAGCAAA-1_4_2"
"2396","TTCCAATAGGCGATAC-1_4_2"
"2397","TTCCAATGTCGAAACG-1_4_2"
"2398","TTCCACGAGATTGACA-1_4_2"
"2399","TTCCACGCACTCTAGA-1_4_2"
"2400","TTCCGGTAGACGCTCC-1_4_2"
"2401","TTCCGGTAGTCCCGAC-1_4_2"
"2402","TTCCGGTCAACGATTC-1_4_2"
"2403","TTCCGGTTCATAGGCT-1_4_2"
"2404","TTCCGTGAGCTCTTCC-1_4_2"
"2405","TTCCGTGCATCGGTTA-1_4_2"
"2406","TTCCGTGGTACTGACT-1_4_2"
"2407","TTCCGTGGTAGATCGG-1_4_2"
"2408","TTCCGTGTCGCTGACG-1_4_2"
"2409","TTCCTAAAGTAGCATA-1_4_2"
"2410","TTCCTAAAGTTAGTGA-1_4_2"
"2411","TTCCTAACATCTGGGC-1_4_2"
"2412","TTCCTAAGTTGGCCTG-1_4_2"
"2413","TTCCTAATCCTCTTTC-1_4_2"
"2414","TTCCTAATCTAAGCCA-1_4_2"
"2415","TTCCTCTGTCGCTTAA-1_4_2"
"2416","TTCCTCTGTTCGAACT-1_4_2"
"2417","TTCGATTCACAGCTGC-1_4_2"
"2418","TTCGATTCACTGGACC-1_4_2"
"2419","TTCGATTGTGAGGCAT-1_4_2"
"2420","TTCGGTCCAAGAGATT-1_4_2"
"2421","TTCGGTCCAGGTTCAT-1_4_2"
"2422","TTCGGTCGTAAGTTAG-1_4_2"
"2423","TTCGGTCTCGGCATTA-1_4_2"
"2424","TTCTAACAGACTTCAC-1_4_2"
"2425","TTCTAACCATGCCGCA-1_4_2"
"2426","TTCTAACGTTAGAAAC-1_4_2"
"2427","TTCTAACGTTTGGGTT-1_4_2"
"2428","TTCTAGTCACAAGCAG-1_4_2"
"2429","TTCTAGTCACGTACTA-1_4_2"
"2430","TTCTAGTCATAGCTGT-1_4_2"
"2431","TTCTAGTTCGCTATTT-1_4_2"
"2432","TTCTCTCTCGCAGTTA-1_4_2"
"2433","TTCTGTAGTGCGAACA-1_4_2"
"2434","TTCTGTATCGAGTACT-1_4_2"
"2435","TTCTGTATCGCTCATC-1_4_2"
"2436","TTCTTCCAGATTTGCC-1_4_2"
"2437","TTCTTCCGTTAGGAGC-1_4_2"
"2438","TTCTTCCTCATCGGGC-1_4_2"
"2439","TTCTTGAAGACTTCAC-1_4_2"
"2440","TTCTTGAGTATTGACC-1_4_2"
"2441","TTCTTGAGTCCTGTTC-1_4_2"
"2442","TTGAACGGTGTAAACA-1_4_2"
"2443","TTGAACGTCTCTCAAT-1_4_2"
"2444","TTGACCCCACGCTTAA-1_4_2"
"2445","TTGACCCCACTTGGCG-1_4_2"
"2446","TTGACCCGTACGCGTC-1_4_2"
"2447","TTGACCCGTTAGAGAT-1_4_2"
"2448","TTGACCCTCCTGGGTG-1_4_2"
"2449","TTGAGTGAGACCGCCT-1_4_2"
"2450","TTGATGGAGACGTCGA-1_4_2"
"2451","TTGATGGAGGTAATCA-1_4_2"
"2452","TTGATGGAGTTGTCAC-1_4_2"
"2453","TTGATGGGTGAACGGT-1_4_2"
"2454","TTGCATTCAGAGGGTT-1_4_2"
"2455","TTGCATTGTTAAGTCC-1_4_2"
"2456","TTGCCTGTCGTAGCTA-1_4_2"
"2457","TTGCTGCGTCGGAACA-1_4_2"
"2458","TTGCTGCGTTTACGTG-1_4_2"
"2459","TTGGATGCACCAAATC-1_4_2"
"2460","TTGGGATCACTATGTG-1_4_2"
"2461","TTGGGCGCACTATCGA-1_4_2"
"2462","TTGGGCGTCAGACCGC-1_4_2"
"2463","TTGGGCGTCGTTACCC-1_4_2"
"2464","TTGGGTAAGCTTCTAG-1_4_2"
"2465","TTGGTTTAGTGAGTTA-1_4_2"
"2466","TTGGTTTCACAGTGTT-1_4_2"
"2467","TTGGTTTCAGCGTTTA-1_4_2"
"2468","TTGGTTTGTATGCGGA-1_4_2"
"2469","TTGTGGACAACTGAAA-1_4_2"
"2470","TTGTGGAGTCGCGTCA-1_4_2"
"2471","TTGTGGATCTTCTAAC-1_4_2"
"2472","TTGTGTTAGGTGATAT-1_4_2"
"2473","TTGTGTTCAGTAGTGG-1_4_2"
"2474","TTGTGTTGTACTGCCG-1_4_2"
"2475","TTGTGTTTCGAAGCAG-1_4_2"
"2476","TTGTGTTTCGCGCCAA-1_4_2"
"2477","TTGTTCAAGTAGATCA-1_4_2"
"2478","TTGTTGTCACAAGCAG-1_4_2"
"2479","TTGTTGTCACACAGCC-1_4_2"
"2480","TTGTTTGAGACGACGT-1_4_2"
"2481","TTGTTTGAGTAGGATT-1_4_2"
"2482","TTGTTTGCAAATCGTC-1_4_2"
"2483","TTGTTTGCACTCATAG-1_4_2"
"2484","TTGTTTGGTGCTCCGA-1_4_2"
"2485","TTTACCATCAGCATTG-1_4_2"
"2486","TTTACGTAGACTACCT-1_4_2"
"2487","TTTACGTCATCTCATT-1_4_2"
"2488","TTTACGTTCAGTCAGT-1_4_2"
"2489","TTTACTGAGGTCACCC-1_4_2"
"2490","TTTACTGCAACGATCT-1_4_2"
"2491","TTTACTGGTCGCTCGA-1_4_2"
"2492","TTTACTGGTTCATCGA-1_4_2"
"2493","TTTAGTCCAGGTCTCG-1_4_2"
"2494","TTTATGCGTGGTCTCG-1_4_2"
"2495","TTTATGCTCGTCCATC-1_4_2"
"2496","TTTCACACACACTGGC-1_4_2"
"2497","TTTCAGTAGAGTTGAT-1_4_2"
"2498","TTTCAGTAGGGCCTCT-1_4_2"
"2499","TTTCAGTAGGTGCCAA-1_4_2"
"2500","TTTCAGTCAATAGAGT-1_4_2"
"2501","TTTCAGTCAGATCATC-1_4_2"
"2502","TTTCAGTCATGTTCAG-1_4_2"
"2503","TTTCAGTGTGTGTCCG-1_4_2"
"2504","TTTCATGAGAAGTATC-1_4_2"
"2505","TTTCATGAGGTACAGC-1_4_2"
"2506","TTTCATGCAGCGTTTA-1_4_2"
"2507","TTTCCTCGTAGACTGG-1_4_2"
"2508","TTTCGATAGCCTAACT-1_4_2"
"2509","TTTCGATCAGCGTGCT-1_4_2"
"2510","TTTGACTAGGACTATA-1_4_2"
"2511","TTTGATCTCCCTTGTG-1_4_2"
"2512","TTTGGTTCATCTGCGG-1_4_2"
"2513","TTTGGTTGTCTTACTT-1_4_2"
"2514","TTTGTTGAGCGTATGG-1_4_2"
"2515","TTTGTTGGTCCCACGA-1_4_2"
