"","x"
"1","AAACCCAGTCATGACT-1_6_1"
"2","AAACGAAAGATGAAGG-1_6_1"
"3","AAACGAACAACACACT-1_6_1"
"4","AAACGCTGTATCCTTT-1_6_1"
"5","AAAGAACAGCAAGGAA-1_6_1"
"6","AAAGGATAGTCACGCC-1_6_1"
"7","AAAGGGCCAGCTACAT-1_6_1"
"8","AAAGGGCCATACCAGT-1_6_1"
"9","AAAGGGCGTTTCGCTC-1_6_1"
"10","AAAGGTAGTGCTCGTG-1_6_1"
"11","AAAGGTAGTTCTCACC-1_6_1"
"12","AAAGTCCCAGTTCCAA-1_6_1"
"13","AAAGTCCTCAGCGTCG-1_6_1"
"14","AAAGTCCTCGCATTAG-1_6_1"
"15","AAAGTGACATCTTAGG-1_6_1"
"16","AAATGGATCCATGAGT-1_6_1"
"17","AAATGGATCCCTCGTA-1_6_1"
"18","AACAAGACATTGCCGG-1_6_1"
"19","AACAAGATCACCTGTC-1_6_1"
"20","AACACACCATGTGGTT-1_6_1"
"21","AACACACGTAGCGCCT-1_6_1"
"22","AACACACGTCGGTGAA-1_6_1"
"23","AACACACTCTGCGTCT-1_6_1"
"24","AACAGGGTCGTTCTGC-1_6_1"
"25","AACCAACCATGGATCT-1_6_1"
"26","AACCAACGTGCATTAC-1_6_1"
"27","AACCACAGTTGTTGTG-1_6_1"
"28","AACCACATCCTACGAA-1_6_1"
"29","AACCATGCAAGACGGT-1_6_1"
"30","AACCCAACAATTGGTC-1_6_1"
"31","AACCTGACACCCTAAA-1_6_1"
"32","AACCTGAGTAGTTCCA-1_6_1"
"33","AACCTTTTCTGGCTGG-1_6_1"
"34","AACGAAACACTCCGGA-1_6_1"
"35","AACGTCAAGAATAGTC-1_6_1"
"36","AACTTCTCACCTGCAG-1_6_1"
"37","AAGACAACAATTTCGG-1_6_1"
"38","AAGACAATCAGAGCGA-1_6_1"
"39","AAGACAATCGCGTGAC-1_6_1"
"40","AAGACTCAGCGACAGT-1_6_1"
"41","AAGACTCCATGGCCAC-1_6_1"
"42","AAGCATCAGAGAAGGT-1_6_1"
"43","AAGCCATTCATACAGC-1_6_1"
"44","AAGCCATTCGCGGACT-1_6_1"
"45","AAGCGTTCAAGGTCAG-1_6_1"
"46","AAGCGTTTCAGATTGC-1_6_1"
"47","AAGGAATCAGAAGTTA-1_6_1"
"48","AAGGTAAGTTCTAACG-1_6_1"
"49","AAGTACCTCCGGGACT-1_6_1"
"50","AAGTCGTCATGGAGAC-1_6_1"
"51","AAGTCGTTCAACTGAC-1_6_1"
"52","AAGTCGTTCTCTCAAT-1_6_1"
"53","AAGTGAATCTCTATAC-1_6_1"
"54","AAGTTCGGTTAGGACG-1_6_1"
"55","AATAGAGAGGGCAAGG-1_6_1"
"56","AATCACGTCCCTGGTT-1_6_1"
"57","AATCGACAGTCTCGTA-1_6_1"
"58","AATCGACGTGAGGAAA-1_6_1"
"59","AATCGTGAGACGTCCC-1_6_1"
"60","AATGAAGGTCCAAAGG-1_6_1"
"61","AATGACCCAGAGTAAT-1_6_1"
"62","AATGACCCATGTGACT-1_6_1"
"63","AATGCCAAGGGACAGG-1_6_1"
"64","AATGCCAAGTAGGGTC-1_6_1"
"65","AATGCCATCGTCTACC-1_6_1"
"66","AATGCCATCGTGGCTG-1_6_1"
"67","ACAAAGAAGCATGCAG-1_6_1"
"68","ACAAAGAAGCTTTCTT-1_6_1"
"69","ACAAAGATCTCAAAGC-1_6_1"
"70","ACAACCACAATAAGGT-1_6_1"
"71","ACAACCACACAGCTTA-1_6_1"
"72","ACAACCAGTACGATTC-1_6_1"
"73","ACAAGCTCACTGGAAG-1_6_1"
"74","ACAAGCTCATGGCTGC-1_6_1"
"75","ACACCAAAGTCATGAA-1_6_1"
"76","ACACGCGTCACTGAAC-1_6_1"
"77","ACACTGAGTGAGATTA-1_6_1"
"78","ACACTGATCCACAGGC-1_6_1"
"79","ACAGCCGAGTCACTCA-1_6_1"
"80","ACAGCCGCATCAGCTA-1_6_1"
"81","ACAGGGAGTGTCTTGA-1_6_1"
"82","ACAGGGATCCACGTCT-1_6_1"
"83","ACAGGGATCCCGAGTG-1_6_1"
"84","ACATCGAGTACGAAAT-1_6_1"
"85","ACCAACAGTACGATCT-1_6_1"
"86","ACCAACATCGGCTTGG-1_6_1"
"87","ACCACAAAGCTGAAGC-1_6_1"
"88","ACCATTTTCAGCTTGA-1_6_1"
"89","ACCCAAACAACGGCTC-1_6_1"
"90","ACCCAAACAAGCACAG-1_6_1"
"91","ACCCAAACACCAGCGT-1_6_1"
"92","ACCCAAACACTACCGG-1_6_1"
"93","ACCCTTGGTCGCATTA-1_6_1"
"94","ACCCTTGTCCCATTCG-1_6_1"
"95","ACCGTTCTCGGTAGGA-1_6_1"
"96","ACCTACCAGCACTCGC-1_6_1"
"97","ACCTACCGTACAAGCG-1_6_1"
"98","ACCTGAACATCCGCGA-1_6_1"
"99","ACCTGAATCATACGGT-1_6_1"
"100","ACCTGTCGTCACTCTC-1_6_1"
"101","ACCTGTCGTGAAAGTT-1_6_1"
"102","ACCTGTCGTGGGATTG-1_6_1"
"103","ACCTGTCTCAGCCCAG-1_6_1"
"104","ACGATCAAGCTGACCC-1_6_1"
"105","ACGATCACAAAGCACG-1_6_1"
"106","ACGATCAGTAAGAACT-1_6_1"
"107","ACGCACGGTGTCATCA-1_6_1"
"108","ACGGAAGGTACTGGGA-1_6_1"
"109","ACGGGTCTCATTCTTG-1_6_1"
"110","ACGGTTAGTCATCACA-1_6_1"
"111","ACGTACACACTATCGA-1_6_1"
"112","ACGTACACAGTGCGCT-1_6_1"
"113","ACGTAGTTCCTACCAC-1_6_1"
"114","ACGTCCTAGTCTAGAA-1_6_1"
"115","ACGTTCCGTCCGATCG-1_6_1"
"116","ACTACGACAATTGAAG-1_6_1"
"117","ACTACGACAGAGACTG-1_6_1"
"118","ACTATCTAGGCAGTCA-1_6_1"
"119","ACTATCTCAGCCTACG-1_6_1"
"120","ACTATCTTCTCGAGTA-1_6_1"
"121","ACTATGGGTCTCTCCA-1_6_1"
"122","ACTATTCAGCTACGTT-1_6_1"
"123","ACTATTCCAGGTCTCG-1_6_1"
"124","ACTCCCAAGTCTAGCT-1_6_1"
"125","ACTCTCGTCTTCGACC-1_6_1"
"126","ACTGATGGTTCGGCCA-1_6_1"
"127","ACTGCAATCGCATTAG-1_6_1"
"128","ACTGTCCCACCCAATA-1_6_1"
"129","ACTGTCCGTGAGATCG-1_6_1"
"130","ACTGTCCGTGAGCGAT-1_6_1"
"131","ACTTAGGTCGAGATAA-1_6_1"
"132","ACTTCCGCACCAGCGT-1_6_1"
"133","ACTTTCAAGACGGATC-1_6_1"
"134","ACTTTCACACACTGGC-1_6_1"
"135","ACTTTCATCTACGCAA-1_6_1"
"136","ACTTTGTGTTGCGGAA-1_6_1"
"137","ACTTTGTTCAAGAGGC-1_6_1"
"138","AGAAATGGTATAATGG-1_6_1"
"139","AGAACAATCGTCTAAG-1_6_1"
"140","AGAACCTAGTAACGTA-1_6_1"
"141","AGAACCTCAGGGCTTC-1_6_1"
"142","AGAAGCGTCACGGAGA-1_6_1"
"143","AGAAGTAAGCTGACTT-1_6_1"
"144","AGAAGTAGTTACGTAC-1_6_1"
"145","AGACAAAGTCGTAATC-1_6_1"
"146","AGACCATAGCGATGGT-1_6_1"
"147","AGACTCACAACTTCTT-1_6_1"
"148","AGAGAATAGCATTTCG-1_6_1"
"149","AGAGAATGTCGTTCAA-1_6_1"
"150","AGAGAATTCGTGGCTG-1_6_1"
"151","AGAGAGCGTGATATAG-1_6_1"
"152","AGAGCAGAGCCAAGGT-1_6_1"
"153","AGAGCAGCAAGGCAAC-1_6_1"
"154","AGATAGAAGGGATCAC-1_6_1"
"155","AGATCCAGTATCAAGA-1_6_1"
"156","AGATCGTGTACCGGCT-1_6_1"
"157","AGATGAACAGAGTTGG-1_6_1"
"158","AGATGAATCTACAGGT-1_6_1"
"159","AGATGCTGTAAGGCCA-1_6_1"
"160","AGCCAATAGACATACA-1_6_1"
"161","AGCCAATAGCTGTACT-1_6_1"
"162","AGCCAATCAACTCGAT-1_6_1"
"163","AGCGATTAGCACCAGA-1_6_1"
"164","AGCGATTAGCTTTCCC-1_6_1"
"165","AGCGATTCAAAGGGCT-1_6_1"
"166","AGCGATTGTGTGAATA-1_6_1"
"167","AGCGATTTCCACATAG-1_6_1"
"168","AGCGCCAAGAAGAGCA-1_6_1"
"169","AGCGCCACACTGTTCC-1_6_1"
"170","AGCGCCAGTAGCTTGT-1_6_1"
"171","AGCGCTGAGTTAGTGA-1_6_1"
"172","AGCGTATGTTCTCACC-1_6_1"
"173","AGCGTCGAGTGACCTT-1_6_1"
"174","AGCGTCGCAACGGCCT-1_6_1"
"175","AGCGTCGGTGCATCTA-1_6_1"
"176","AGCTTCCAGAATCGTA-1_6_1"
"177","AGCTTCCAGGCAGGGA-1_6_1"
"178","AGGAAATTCAACCTTT-1_6_1"
"179","AGGACGAAGCGTTACT-1_6_1"
"180","AGGACGATCTAAGGAA-1_6_1"
"181","AGGACTTTCACAGTGT-1_6_1"
"182","AGGAGGTAGACCGCCT-1_6_1"
"183","AGGAGGTAGTGAGTTA-1_6_1"
"184","AGGATAACAAGTTGGG-1_6_1"
"185","AGGATAAGTGCTTCAA-1_6_1"
"186","AGGATCTTCCTCAGAA-1_6_1"
"187","AGGCTGCCACCGTCTT-1_6_1"
"188","AGGGCCTTCAGCTAGT-1_6_1"
"189","AGGGCTCCACCATAAC-1_6_1"
"190","AGGGCTCCAGTTCCAA-1_6_1"
"191","AGGGTGAGTCTCCCTA-1_6_1"
"192","AGGGTGAGTGAGCTCC-1_6_1"
"193","AGGGTTTCAGCAGAAC-1_6_1"
"194","AGGTAGGAGGGTACAC-1_6_1"
"195","AGGTAGGTCATAAGGA-1_6_1"
"196","AGGTCATCATTCACAG-1_6_1"
"197","AGGTGTTGTTCCACGG-1_6_1"
"198","AGGTTGTCATGAATAG-1_6_1"
"199","AGGTTGTTCCCGAAAT-1_6_1"
"200","AGTAACCCATCATTTC-1_6_1"
"201","AGTACCAAGGCTGAAC-1_6_1"
"202","AGTACCAAGTTAACGA-1_6_1"
"203","AGTACCACAATTAGGA-1_6_1"
"204","AGTACCAGTCCTGAAT-1_6_1"
"205","AGTACTGTCTGGGTCG-1_6_1"
"206","AGTAGCTCAAGGCCTC-1_6_1"
"207","AGTAGCTGTCGAACGA-1_6_1"
"208","AGTAGCTGTGTCATGT-1_6_1"
"209","AGTCAACGTCCACATA-1_6_1"
"210","AGTCACACACGACAAG-1_6_1"
"211","AGTCACAGTCAGTCCG-1_6_1"
"212","AGTGACTGTCACTCGG-1_6_1"
"213","AGTGATCAGGGTACAC-1_6_1"
"214","AGTGATCCAACGGCCT-1_6_1"
"215","AGTGATCCAGAACTAA-1_6_1"
"216","AGTGATCCATCCGAGC-1_6_1"
"217","AGTTAGCTCTATCCAT-1_6_1"
"218","AGTTCCCCAGTGTGGA-1_6_1"
"219","AGTTCGAAGATAACGT-1_6_1"
"220","AGTTCGATCTTGGTCC-1_6_1"
"221","ATACCTTCAAGTATAG-1_6_1"
"222","ATACTTCGTGTGTGGA-1_6_1"
"223","ATAGACCAGCCAGAGT-1_6_1"
"224","ATAGACCTCCGTCACT-1_6_1"
"225","ATAGAGAAGGTAAAGG-1_6_1"
"226","ATAGAGACAGTTGTCA-1_6_1"
"227","ATAGAGAGTCCTCATC-1_6_1"
"228","ATAGAGAGTTCTTGTT-1_6_1"
"229","ATAGGCTCACGTTCGG-1_6_1"
"230","ATCACAGCACTGCACG-1_6_1"
"231","ATCACTTCACGTCGTG-1_6_1"
"232","ATCACTTGTTCTATCT-1_6_1"
"233","ATCACTTGTTCTCACC-1_6_1"
"234","ATCACTTTCTCCTACG-1_6_1"
"235","ATCAGGTGTCCAAATC-1_6_1"
"236","ATCATTCAGACCATGG-1_6_1"
"237","ATCCACCCAAGAATGT-1_6_1"
"238","ATCCATTAGAGGCCAT-1_6_1"
"239","ATCCCTGCAACCAACT-1_6_1"
"240","ATCCCTGGTGTGTCCG-1_6_1"
"241","ATCCCTGTCGGTGTTA-1_6_1"
"242","ATCCGTCCACGTGAGA-1_6_1"
"243","ATCCTATAGGTAACTA-1_6_1"
"244","ATCCTATGTCATAGTC-1_6_1"
"245","ATCGATGAGACATCAA-1_6_1"
"246","ATCGCCTAGGCTCACC-1_6_1"
"247","ATCGGATTCTCATAGG-1_6_1"
"248","ATCGGCGAGCAATTCC-1_6_1"
"249","ATCGGCGTCCTCCACA-1_6_1"
"250","ATCGGCGTCGAGGCAA-1_6_1"
"251","ATCGTAGAGGCATGCA-1_6_1"
"252","ATCGTAGTCCTACTGC-1_6_1"
"253","ATCGTCCCAGGTCAGA-1_6_1"
"254","ATCGTCCGTCCGATCG-1_6_1"
"255","ATCGTGAAGGTTGGAC-1_6_1"
"256","ATCGTGAAGTTTCTTC-1_6_1"
"257","ATCGTGACAAGAGGTC-1_6_1"
"258","ATCGTGACACTGGATT-1_6_1"
"259","ATCGTGAGTACTGCGC-1_6_1"
"260","ATCGTGATCGGTTAGT-1_6_1"
"261","ATCTCTAAGGACGCTA-1_6_1"
"262","ATCTCTAAGTCTGGTT-1_6_1"
"263","ATGAAAGAGTCGCTAT-1_6_1"
"264","ATGAAAGGTTTGGCTA-1_6_1"
"265","ATGACCAGTCGCATTA-1_6_1"
"266","ATGATCGGTACCGTCG-1_6_1"
"267","ATGATCGTCGCCTATC-1_6_1"
"268","ATGCATGTCCGACGGT-1_6_1"
"269","ATGCGATGTACAGGTG-1_6_1"
"270","ATGGAGGAGTATAGGT-1_6_1"
"271","ATGGGAGAGACAGTCG-1_6_1"
"272","ATGGGAGAGAGCCCAA-1_6_1"
"273","ATGGGTTCAGAGATTA-1_6_1"
"274","ATGGGTTTCCTGTACC-1_6_1"
"275","ATGGTTGAGCGCCCAT-1_6_1"
"276","ATGGTTGCATGCCGAC-1_6_1"
"277","ATGGTTGTCATGGCCG-1_6_1"
"278","ATGTCCCAGCAGATAT-1_6_1"
"279","ATGTCCCAGGGCCCTT-1_6_1"
"280","ATGTCCCGTTTCGTAG-1_6_1"
"281","ATGTCTTCAAATAGCA-1_6_1"
"282","ATTACCTAGCTTCATG-1_6_1"
"283","ATTACCTTCTAGAACC-1_6_1"
"284","ATTACTCAGAGTCAGC-1_6_1"
"285","ATTATCCAGCTTTCTT-1_6_1"
"286","ATTATCCCACTCGATA-1_6_1"
"287","ATTATCCTCGTAACAC-1_6_1"
"288","ATTCAGGAGTACCCTA-1_6_1"
"289","ATTCATCAGCCTCGTG-1_6_1"
"290","ATTCCATAGGGTGAGG-1_6_1"
"291","ATTCCATGTCGTCATA-1_6_1"
"292","ATTCCCGCACCTGCAG-1_6_1"
"293","ATTCCCGCAGCCGGTT-1_6_1"
"294","ATTCCTAAGAGATCGC-1_6_1"
"295","ATTCCTAAGTATGATG-1_6_1"
"296","ATTCCTATCATTGTGG-1_6_1"
"297","ATTCGTTCATTCTTCA-1_6_1"
"298","ATTCTACGTTCAATCG-1_6_1"
"299","ATTCTACGTTCCCAAA-1_6_1"
"300","ATTCTTGAGAGGGCGA-1_6_1"
"301","ATTGGGTCACTCTCGT-1_6_1"
"302","ATTGTTCTCCGAAGGA-1_6_1"
"303","ATTGTTCTCGCCATAA-1_6_1"
"304","ATTTACCAGGCCTTGC-1_6_1"
"305","ATTTACCCAACAGAGC-1_6_1"
"306","ATTTCACCAACTGCTA-1_6_1"
"307","ATTTCACCAAGATTGA-1_6_1"
"308","CAAAGAAGTTGCAACT-1_6_1"
"309","CAACAACCACTACCGG-1_6_1"
"310","CAACAGTAGCCAGACA-1_6_1"
"311","CAACCAACACCTGATA-1_6_1"
"312","CAACCAAGTGCCTTTC-1_6_1"
"313","CAACCTCTCACCGCTT-1_6_1"
"314","CAACGATCAACTCGAT-1_6_1"
"315","CAACGGCCACAATGTC-1_6_1"
"316","CAACGGCTCCATACTT-1_6_1"
"317","CAAGACTGTTCAGGTT-1_6_1"
"318","CAAGAGGCAACCGATT-1_6_1"
"319","CAAGAGGCAAGCGATG-1_6_1"
"320","CAAGCTAAGTCACGAG-1_6_1"
"321","CAAGCTACATATACCG-1_6_1"
"322","CAATACGGTCGTGCCA-1_6_1"
"323","CAATCGACACCGTCTT-1_6_1"
"324","CACAACAAGGTACATA-1_6_1"
"325","CACAACACACCCTTAC-1_6_1"
"326","CACAACAGTAGTCCTA-1_6_1"
"327","CACAACATCCTCACTG-1_6_1"
"328","CACAGATAGGAGTACC-1_6_1"
"329","CACAGATCACCGTCGA-1_6_1"
"330","CACAGGCAGCCTCATA-1_6_1"
"331","CACAGGCAGGTAATCA-1_6_1"
"332","CACAGGCGTAGGACCA-1_6_1"
"333","CACAGGCGTGAGAACC-1_6_1"
"334","CACCGTTGTCGTACAT-1_6_1"
"335","CACCGTTGTGTGATGG-1_6_1"
"336","CACGAATAGTCACACT-1_6_1"
"337","CACGGGTTCCAAATGC-1_6_1"
"338","CACGTGGAGTCGTCTA-1_6_1"
"339","CACGTTCGTCTTGAAC-1_6_1"
"340","CACGTTCGTGCCAAGA-1_6_1"
"341","CACTGAACAACGCCCA-1_6_1"
"342","CACTGTCCAAGTCCAT-1_6_1"
"343","CACTGTCGTCGAATTC-1_6_1"
"344","CACTTCGGTCAGTTTG-1_6_1"
"345","CAGAGCCTCACGGTCG-1_6_1"
"346","CAGAGCCTCGTCGACG-1_6_1"
"347","CAGATACTCCCTTTGG-1_6_1"
"348","CAGATCACACATAACC-1_6_1"
"349","CAGATCAGTAGACGGT-1_6_1"
"350","CAGATTGCAAGTGGCA-1_6_1"
"351","CAGCAATAGTGAGGCT-1_6_1"
"352","CAGCCAGTCGTAGCTA-1_6_1"
"353","CAGCGTGAGTCTCTGA-1_6_1"
"354","CAGCGTGCATAACCCA-1_6_1"
"355","CAGGCCAGTTTGGCTA-1_6_1"
"356","CAGGGCTAGTACTCGT-1_6_1"
"357","CAGGGCTCAAACCACT-1_6_1"
"358","CAGGTATCAGAGTCTT-1_6_1"
"359","CAGTTCCGTGACTATC-1_6_1"
"360","CAGTTCCGTTCGGCGT-1_6_1"
"361","CATAAGCCAGAGGAAA-1_6_1"
"362","CATAAGCGTTTAGACC-1_6_1"
"363","CATACAGGTCCGCAGT-1_6_1"
"364","CATACCCGTTGTTTGG-1_6_1"
"365","CATACCCGTTTGCAGT-1_6_1"
"366","CATACCCTCGGTTAGT-1_6_1"
"367","CATAGACAGGAGACCT-1_6_1"
"368","CATAGACTCTATTTCG-1_6_1"
"369","CATCAAGAGTTGAAGT-1_6_1"
"370","CATCAAGCAGTTCACA-1_6_1"
"371","CATCAAGGTAAGATTG-1_6_1"
"372","CATCCGTTCGCTTTAT-1_6_1"
"373","CATCGCTAGACTGAGC-1_6_1"
"374","CATCGGGAGACGCCAA-1_6_1"
"375","CATCGGGAGGAAGTCC-1_6_1"
"376","CATCGGGCAGAGTTGG-1_6_1"
"377","CATCGGGGTACACGTT-1_6_1"
"378","CATCGGGGTAGTCGGA-1_6_1"
"379","CATGAGTAGCCAACCC-1_6_1"
"380","CATGAGTCAAGGCCTC-1_6_1"
"381","CATGCAAAGCGTGTCC-1_6_1"
"382","CATGCAAAGTATGAAC-1_6_1"
"383","CATGCAACACCCTCTA-1_6_1"
"384","CATGCCTAGTAATCCC-1_6_1"
"385","CATGCCTCACTGTCCT-1_6_1"
"386","CATGCCTCAGGCACAA-1_6_1"
"387","CATGCGGAGTGCACAG-1_6_1"
"388","CATGCTCCAAAGGCGT-1_6_1"
"389","CATGCTCTCGTGGGAA-1_6_1"
"390","CATTGAGAGATGTTGA-1_6_1"
"391","CATTGCCTCAGCTCTC-1_6_1"
"392","CCAAGCGAGTGAGCCA-1_6_1"
"393","CCAAGCGTCGGCCCAA-1_6_1"
"394","CCAATGAAGCACTAAA-1_6_1"
"395","CCAATGAAGGGTATAT-1_6_1"
"396","CCACAAAGTGAGGAAA-1_6_1"
"397","CCACAAAGTTGGCTAT-1_6_1"
"398","CCACGAGGTCTGATAC-1_6_1"
"399","CCACGTTAGGAAGTGA-1_6_1"
"400","CCACGTTGTATACCCA-1_6_1"
"401","CCACGTTGTATCCTCC-1_6_1"
"402","CCACTTGCATCATGAC-1_6_1"
"403","CCACTTGTCCTCTGCA-1_6_1"
"404","CCATCACAGATGGCGT-1_6_1"
"405","CCATCACAGCACCAGA-1_6_1"
"406","CCATCACAGCCTGTGC-1_6_1"
"407","CCATCACTCCGCTGTT-1_6_1"
"408","CCCATTGCATTGCCGG-1_6_1"
"409","CCCATTGTCTTGGGCG-1_6_1"
"410","CCCGAAGAGGCCTAAG-1_6_1"
"411","CCCGAAGCATCATTTC-1_6_1"
"412","CCCGAAGTCCGTTTCG-1_6_1"
"413","CCCGGAAAGGTAGGCT-1_6_1"
"414","CCCGGAACAGCACAAG-1_6_1"
"415","CCCTGATAGAAGGGAT-1_6_1"
"416","CCCTGATAGAGGTATT-1_6_1"
"417","CCCTGATAGGACATCG-1_6_1"
"418","CCCTGATGTCTGATCA-1_6_1"
"419","CCCTTAGGTGCTTCAA-1_6_1"
"420","CCCTTAGGTTTGGAGG-1_6_1"
"421","CCGAACGAGGTCGAGT-1_6_1"
"422","CCGAACGTCGATTGGT-1_6_1"
"423","CCGATCTCAATGTTGC-1_6_1"
"424","CCGATGGAGGCTCAAG-1_6_1"
"425","CCGCAAGCAGTATGAA-1_6_1"
"426","CCGCAAGGTACAAAGT-1_6_1"
"427","CCGCAAGGTGCTCCGA-1_6_1"
"428","CCGGACATCGCTGTCT-1_6_1"
"429","CCGGGTAAGTTCCGTA-1_6_1"
"430","CCGGTAGAGCTTGTTG-1_6_1"
"431","CCGGTAGGTGCGTTTA-1_6_1"
"432","CCGTAGGAGTTGTCGT-1_6_1"
"433","CCGTAGGGTTCCCAAA-1_6_1"
"434","CCGTGAGGTACGACAG-1_6_1"
"435","CCGTGAGGTCTCGGGT-1_6_1"
"436","CCGTGAGTCCAACTAG-1_6_1"
"437","CCGTGAGTCTGGAAGG-1_6_1"
"438","CCGTTCAAGCCGGAAT-1_6_1"
"439","CCGTTCACACGCCAGT-1_6_1"
"440","CCGTTCAGTGTCCGTG-1_6_1"
"441","CCTAACCCACTTGGCG-1_6_1"
"442","CCTAACCGTCACTCGG-1_6_1"
"443","CCTATCGAGAGCAGTC-1_6_1"
"444","CCTATCGAGCATCGAG-1_6_1"
"445","CCTATCGTCAGGACGA-1_6_1"
"446","CCTCAACCACAGAGCA-1_6_1"
"447","CCTCAACGTATCCCTC-1_6_1"
"448","CCTCAACGTCATAAAG-1_6_1"
"449","CCTCAACTCAAACCTG-1_6_1"
"450","CCTCAGTCATCTTTCA-1_6_1"
"451","CCTCATGGTCGCACGT-1_6_1"
"452","CCTCATGTCCTGTTGC-1_6_1"
"453","CCTCATGTCGACCAAT-1_6_1"
"454","CCTCCTCAGTACGTCT-1_6_1"
"455","CCTCTAGTCCTCGCAT-1_6_1"
"456","CCTGCATTCACATTGG-1_6_1"
"457","CCTGTTGGTTGGGACA-1_6_1"
"458","CCTTCAGGTTTCGCTC-1_6_1"
"459","CCTTGTGAGCTAAATG-1_6_1"
"460","CCTTGTGTCTGTCGTC-1_6_1"
"461","CCTTTGGGTAGCTTGT-1_6_1"
"462","CCTTTGGGTCGAGTGA-1_6_1"
"463","CGAAGTTCACGCGTGT-1_6_1"
"464","CGAATTGCACCTGCGA-1_6_1"
"465","CGAATTGCAGCAGATG-1_6_1"
"466","CGAATTGTCCAAAGGG-1_6_1"
"467","CGAATTGTCCATCAGA-1_6_1"
"468","CGACAGCAGGATGTTA-1_6_1"
"469","CGAGGAAGTATGCAAA-1_6_1"
"470","CGAGGAAGTGTAAACA-1_6_1"
"471","CGAGTGCAGGAAGTAG-1_6_1"
"472","CGAGTGCAGGTGGTTG-1_6_1"
"473","CGAGTGCTCTTCGATT-1_6_1"
"474","CGAGTTACACGGAAGT-1_6_1"
"475","CGAGTTAGTCGGTAAG-1_6_1"
"476","CGATCGGAGAGCAGCT-1_6_1"
"477","CGATGCGGTATTCTCT-1_6_1"
"478","CGATGCGTCTTTGCTA-1_6_1"
"479","CGCATAATCATGGATC-1_6_1"
"480","CGCATGGAGCACGATG-1_6_1"
"481","CGCATGGTCCGTTTCG-1_6_1"
"482","CGCCAGAAGAATAACC-1_6_1"
"483","CGCGTGAAGACGTCCC-1_6_1"
"484","CGCGTGAGTCGCCTAG-1_6_1"
"485","CGGACACAGCAAATGT-1_6_1"
"486","CGGACACTCCGCAGTG-1_6_1"
"487","CGGAGAAAGCGTCGAA-1_6_1"
"488","CGGCAGTAGAGCAACC-1_6_1"
"489","CGGCAGTAGGAGTATT-1_6_1"
"490","CGGCAGTCAGTTCTAG-1_6_1"
"491","CGGCAGTGTGCCTTTC-1_6_1"
"492","CGGGACTAGACAGTCG-1_6_1"
"493","CGGGACTTCTCTTGCG-1_6_1"
"494","CGGGTCAAGCCTCACG-1_6_1"
"495","CGGGTGTAGTGGCCTC-1_6_1"
"496","CGGGTGTTCACCTGTC-1_6_1"
"497","CGGTCAGAGAAGCGGG-1_6_1"
"498","CGGTCAGGTCACTTAG-1_6_1"
"499","CGGTCAGGTTCTTCAT-1_6_1"
"500","CGTAAGTAGGGCAGTT-1_6_1"
"501","CGTAATGGTAATTGGA-1_6_1"
"502","CGTCAAACAAGCACAG-1_6_1"
"503","CGTCCATGTGTCACAT-1_6_1"
"504","CGTGAATCAGGCTATT-1_6_1"
"505","CGTGATAAGGCCTTCG-1_6_1"
"506","CGTGATAGTACGTGAG-1_6_1"
"507","CGTGCTTTCGCGGTAC-1_6_1"
"508","CGTGTCTAGGGTTGCA-1_6_1"
"509","CGTTAGAAGATCCAAA-1_6_1"
"510","CGTTGGGCAAATCAGA-1_6_1"
"511","CGTTGGGCAGTCTCTC-1_6_1"
"512","CGTTGGGTCTTCGACC-1_6_1"
"513","CTACAGAAGACGAGCT-1_6_1"
"514","CTACAGAGTCGCTTGG-1_6_1"
"515","CTACATTGTAACGATA-1_6_1"
"516","CTACATTTCTGTGTGA-1_6_1"
"517","CTACCCAAGTCAGCCC-1_6_1"
"518","CTACCTGAGCATTTCG-1_6_1"
"519","CTACCTGGTCGGTACC-1_6_1"
"520","CTACGGGTCATACAGC-1_6_1"
"521","CTACTATAGGTTCCAT-1_6_1"
"522","CTAGACACACACACTA-1_6_1"
"523","CTAGACAGTCACGACC-1_6_1"
"524","CTAGACAGTCGAACAG-1_6_1"
"525","CTAGGTAGTGTCCACG-1_6_1"
"526","CTATAGGAGCGACATG-1_6_1"
"527","CTATCTACATAGAATG-1_6_1"
"528","CTCAACCGTGCCCACA-1_6_1"
"529","CTCAACCTCTCGAACA-1_6_1"
"530","CTCAAGAAGAGCAGAA-1_6_1"
"531","CTCAAGACATAATGAG-1_6_1"
"532","CTCAAGAGTAACGCGA-1_6_1"
"533","CTCACTGAGTACCGGA-1_6_1"
"534","CTCAGAACATAGACTC-1_6_1"
"535","CTCAGAATCCACTAGA-1_6_1"
"536","CTCAGAATCTCGACCT-1_6_1"
"537","CTCAGGGGTTCGATTG-1_6_1"
"538","CTCAGGGTCGTGTGAT-1_6_1"
"539","CTCATTAAGTGCACTT-1_6_1"
"540","CTCATTAGTCAAGTTC-1_6_1"
"541","CTCATTAGTTCAAAGA-1_6_1"
"542","CTCCAACAGTGCTCGC-1_6_1"
"543","CTCCATGCATAGAGGC-1_6_1"
"544","CTCCCAACACTACACA-1_6_1"
"545","CTCCCAAGTGATAGTA-1_6_1"
"546","CTCCCAAGTGTGGACA-1_6_1"
"547","CTCCCTCCACTGAGTT-1_6_1"
"548","CTCCGATCAGGGTTGA-1_6_1"
"549","CTCCGATCATGGGTCC-1_6_1"
"550","CTCCGATTCGTGCACG-1_6_1"
"551","CTCCTTTAGTGATGGC-1_6_1"
"552","CTCCTTTCACTACAGT-1_6_1"
"553","CTCCTTTTCACCTGTC-1_6_1"
"554","CTCTCAGAGTGCCCGT-1_6_1"
"555","CTGAATGCACCGTACG-1_6_1"
"556","CTGAGCGAGCGGGTAT-1_6_1"
"557","CTGAGCGAGGATATGT-1_6_1"
"558","CTGAGCGCAGAATGTA-1_6_1"
"559","CTGAGCGCAGCGGTCT-1_6_1"
"560","CTGAGCGTCGCTAGCG-1_6_1"
"561","CTGAGGCCAGGAAGTC-1_6_1"
"562","CTGCAGGCACTCGATA-1_6_1"
"563","CTGCAGGGTCCGAAAG-1_6_1"
"564","CTGCATCTCCGTAGGC-1_6_1"
"565","CTGCCATGTTTGAACC-1_6_1"
"566","CTGCCTAGTTTCACAG-1_6_1"
"567","CTGCGAGCAACGGCCT-1_6_1"
"568","CTGCTCAGTAACACGG-1_6_1"
"569","CTGCTCATCAGCGCGT-1_6_1"
"570","CTGGACGAGAGGGTCT-1_6_1"
"571","CTGGACGAGTGGAAAG-1_6_1"
"572","CTGGCAGAGAGTGACC-1_6_1"
"573","CTGGCAGTCCTAGCGG-1_6_1"
"574","CTGGTCTAGAGCAGCT-1_6_1"
"575","CTGGTCTGTAAGCTCT-1_6_1"
"576","CTGTAGAGTAGCACAG-1_6_1"
"577","CTGTATTCAAAGCGTG-1_6_1"
"578","CTGTATTGTACAAACA-1_6_1"
"579","CTGTCGTTCCCAAGTA-1_6_1"
"580","CTGTGAAGTGAATAAC-1_6_1"
"581","CTTACCGCACGAAAGC-1_6_1"
"582","CTTACCGGTCGAGATG-1_6_1"
"583","CTTAGGATCGTTGTTT-1_6_1"
"584","CTTCCTTCAAGGGTCA-1_6_1"
"585","CTTCCTTCATTGACCA-1_6_1"
"586","CTTCCTTGTTCTATCT-1_6_1"
"587","CTTCGGTGTATCGGTT-1_6_1"
"588","CTTCTAAAGTAAGCAT-1_6_1"
"589","CTTGAGATCCACTTCG-1_6_1"
"590","CTTGATTCAAGGTACG-1_6_1"
"591","CTTGATTGTCAACATC-1_6_1"
"592","CTTGATTTCAGCGCGT-1_6_1"
"593","CTTTCAAGTCTAATCG-1_6_1"
"594","GAAACCTCATGTTTGG-1_6_1"
"595","GAAACCTGTATACCCA-1_6_1"
"596","GAAACCTTCAGCAATC-1_6_1"
"597","GAACACTAGCGCGTTC-1_6_1"
"598","GAACACTTCTTAAGGC-1_6_1"
"599","GAAGAATGTATGTGTC-1_6_1"
"600","GAAGCCCAGGTAAACT-1_6_1"
"601","GAAGGACTCATGGAGG-1_6_1"
"602","GAAGTAAAGTTGCGAG-1_6_1"
"603","GAATAGATCCCATAGA-1_6_1"
"604","GAATCGTTCATGCCAA-1_6_1"
"605","GACACGCGTAAGATAC-1_6_1"
"606","GACATCAAGGCGTTGA-1_6_1"
"607","GACCCAGCAAAGGTTA-1_6_1"
"608","GACCCAGTCACAACCA-1_6_1"
"609","GACCCTTTCGGCGATC-1_6_1"
"610","GACCGTGTCATGCAGT-1_6_1"
"611","GACCTTCAGATACGAT-1_6_1"
"612","GACCTTCCATCGTGGC-1_6_1"
"613","GACGCTGAGAAGGTAG-1_6_1"
"614","GACGCTGTCGTGGAAG-1_6_1"
"615","GACTCAAGTATGGTTC-1_6_1"
"616","GACTGATCACGTAGAG-1_6_1"
"617","GACTGATGTCCTCAGG-1_6_1"
"618","GAGACCCAGGGCGAGA-1_6_1"
"619","GAGACCCGTGACGTCC-1_6_1"
"620","GAGACCCTCGTAATGC-1_6_1"
"621","GAGACCCTCTGCCTCA-1_6_1"
"622","GAGATGGTCGAGAAGC-1_6_1"
"623","GAGCTGCAGGTACCTT-1_6_1"
"624","GAGCTGCCAAACTGCT-1_6_1"
"625","GAGGCCTAGCGACAGT-1_6_1"
"626","GAGGGTAAGTACGTCT-1_6_1"
"627","GAGGGTAAGTGGTTGG-1_6_1"
"628","GAGGGTACATGACCCG-1_6_1"
"629","GAGGGTAGTAGCTTTG-1_6_1"
"630","GAGTGAGAGGATGAGA-1_6_1"
"631","GAGTGAGCAAGTCCCG-1_6_1"
"632","GAGTGAGGTAGGCTGA-1_6_1"
"633","GAGTGAGTCCATTGCC-1_6_1"
"634","GAGTGTTAGTCTCGTA-1_6_1"
"635","GAGTTACTCCATTGCC-1_6_1"
"636","GAGTTGTCAATTGGTC-1_6_1"
"637","GAGTTTGTCTGAGGTT-1_6_1"
"638","GATAGCTCATCCTAAG-1_6_1"
"639","GATAGCTTCCGTGGCA-1_6_1"
"640","GATCAGTTCCAAGCCG-1_6_1"
"641","GATCCCTGTATCACCA-1_6_1"
"642","GATCCCTGTCACTACA-1_6_1"
"643","GATCGTAAGGTCATAA-1_6_1"
"644","GATCGTATCTACGGTA-1_6_1"
"645","GATGACTCACAGTGAG-1_6_1"
"646","GATGAGGTCCCTGGTT-1_6_1"
"647","GATGATCCAGAAGCTG-1_6_1"
"648","GATGCTACAAGTTCCA-1_6_1"
"649","GATGCTACAGACATCT-1_6_1"
"650","GATGGAGGTCATGCAT-1_6_1"
"651","GATGTTGGTCGTGGAA-1_6_1"
"652","GATGTTGGTTTGCAGT-1_6_1"
"653","GATTCGACAGTGGTGA-1_6_1"
"654","GATTCGATCAAGAAAC-1_6_1"
"655","GATTCTTCAGACACAG-1_6_1"
"656","GATTGGTCACCCAATA-1_6_1"
"657","GATTGGTGTATGTCTG-1_6_1"
"658","GATTTCTAGAAGAGCA-1_6_1"
"659","GCAACATAGTAACCTC-1_6_1"
"660","GCACATATCCGCGATG-1_6_1"
"661","GCACGTGAGATGGCAC-1_6_1"
"662","GCACGTGCACGCCACA-1_6_1"
"663","GCACGTGCACGTAGAG-1_6_1"
"664","GCACGTGTCTGAGAGG-1_6_1"
"665","GCACTAAAGGCACTAG-1_6_1"
"666","GCAGCCAGTGTTAGCT-1_6_1"
"667","GCAGCTGAGCAGAAAG-1_6_1"
"668","GCAGCTGTCGCATAGT-1_6_1"
"669","GCAGGCTCAGCGACAA-1_6_1"
"670","GCAGGCTCATGGCCCA-1_6_1"
"671","GCAGTTACATTGCAAC-1_6_1"
"672","GCATCGGGTTCCCACT-1_6_1"
"673","GCATCTCGTCGAACAG-1_6_1"
"674","GCATCTCTCGTGACTA-1_6_1"
"675","GCATGATGTGCAGGAT-1_6_1"
"676","GCCAGCAGTATTGACC-1_6_1"
"677","GCCAGTGGTAGGTACG-1_6_1"
"678","GCCAGTGGTTAAAGTG-1_6_1"
"679","GCCAGTGTCGTTGTAG-1_6_1"
"680","GCCATGGAGCTGTTAC-1_6_1"
"681","GCCATGGCAGAAGTTA-1_6_1"
"682","GCCATGGTCGCGATCG-1_6_1"
"683","GCCCAGAAGTATGACA-1_6_1"
"684","GCCCAGACACGGTGTC-1_6_1"
"685","GCCCGAAAGCAGTAAT-1_6_1"
"686","GCCCGAAGTCTGTAGT-1_6_1"
"687","GCCCGAAGTTGCAACT-1_6_1"
"688","GCCGATGCACCACATA-1_6_1"
"689","GCCGTGAAGAGCCTGA-1_6_1"
"690","GCCGTGAAGTCCGTCG-1_6_1"
"691","GCCTGTTAGCCTGAAG-1_6_1"
"692","GCCTGTTAGGTATAGT-1_6_1"
"693","GCCTGTTTCATACGGT-1_6_1"
"694","GCCTGTTTCGGTTGTA-1_6_1"
"695","GCGATCGGTAGTCCTA-1_6_1"
"696","GCGATCGGTGGCTACC-1_6_1"
"697","GCGGAAACAAGCAATA-1_6_1"
"698","GCGGATCTCTTCGACC-1_6_1"
"699","GCTACAAAGCTCTTCC-1_6_1"
"700","GCTACAAGTACGATCT-1_6_1"
"701","GCTACAAGTTCACGAT-1_6_1"
"702","GCTCAAAGTCGCATTA-1_6_1"
"703","GCTCAAAGTCGTTGCG-1_6_1"
"704","GCTGAATTCAGCGCAC-1_6_1"
"705","GCTGCAGAGACGAGCT-1_6_1"
"706","GCTGCAGCACGCTATA-1_6_1"
"707","GCTGCAGGTGACTATC-1_6_1"
"708","GCTGGGTGTCTTAGTG-1_6_1"
"709","GCTTGGGAGACCACGA-1_6_1"
"710","GCTTGGGAGTAACGTA-1_6_1"
"711","GCTTTCGGTCCACTCT-1_6_1"
"712","GGAACCCAGCCGTAAG-1_6_1"
"713","GGAACCCCACCTGCTT-1_6_1"
"714","GGAATCTAGAGTTGCG-1_6_1"
"715","GGAATCTTCCTAGCCT-1_6_1"
"716","GGAATGGGTAATGCGG-1_6_1"
"717","GGAATGGTCCACCTGT-1_6_1"
"718","GGACGTCAGTTGAAAC-1_6_1"
"719","GGACGTCCACGCGTCA-1_6_1"
"720","GGACGTCGTACGAAAT-1_6_1"
"721","GGACGTCGTCCAGCCA-1_6_1"
"722","GGAGCAAAGTCCGCGT-1_6_1"
"723","GGAGGATGTCTGATCA-1_6_1"
"724","GGAGGTAAGCATCAGG-1_6_1"
"725","GGAGGTACAATCGAAA-1_6_1"
"726","GGAGGTACAGTAGTGG-1_6_1"
"727","GGATGTTCATTCAGCA-1_6_1"
"728","GGCAGTCAGACCCGCT-1_6_1"
"729","GGCAGTCCACGCTGCA-1_6_1"
"730","GGCAGTCCAGGCACAA-1_6_1"
"731","GGCAGTCCAGGTACGA-1_6_1"
"732","GGCGTCACAATGGCCC-1_6_1"
"733","GGCGTCACATGATCTG-1_6_1"
"734","GGCGTCATCTCGTGGG-1_6_1"
"735","GGCTGTGTCTCCGAAA-1_6_1"
"736","GGCTTGGTCACTTGTT-1_6_1"
"737","GGCTTGGTCCTAAACG-1_6_1"
"738","GGGAAGTAGCTGCCAC-1_6_1"
"739","GGGAAGTGTATGTGTC-1_6_1"
"740","GGGACAAAGTGGTGGT-1_6_1"
"741","GGGACAACAACATCGT-1_6_1"
"742","GGGACAAGTATGAGAT-1_6_1"
"743","GGGACCTAGAGAGCAA-1_6_1"
"744","GGGACCTAGTATGAAC-1_6_1"
"745","GGGACCTGTGAATGAT-1_6_1"
"746","GGGACTCGTGACTAAA-1_6_1"
"747","GGGAGATCATCTTCGC-1_6_1"
"748","GGGAGATGTGGACAGT-1_6_1"
"749","GGGATCCAGGTCCAGA-1_6_1"
"750","GGGATGAAGGATATGT-1_6_1"
"751","GGGCCATGTAGAATAC-1_6_1"
"752","GGGCTCACACTATGTG-1_6_1"
"753","GGGCTCACAGGAAGTC-1_6_1"
"754","GGGTAGACAAATGGTA-1_6_1"
"755","GGGTCTGTCTACAGGT-1_6_1"
"756","GGGTGTCGTTGCTCCT-1_6_1"
"757","GGGTGTCTCACGTAGT-1_6_1"
"758","GGGTGTCTCCGAAATC-1_6_1"
"759","GGGTTATGTGTATACC-1_6_1"
"760","GGGTTATTCCGGTAAT-1_6_1"
"761","GGGTTTACAACTGCCG-1_6_1"
"762","GGGTTTATCTTACACT-1_6_1"
"763","GGTAACTGTGACAGGT-1_6_1"
"764","GGTAATCAGTTCATGC-1_6_1"
"765","GGTAGAGCAGCGTTGC-1_6_1"
"766","GGTGAAGTCGCTACAA-1_6_1"
"767","GGTGATTAGGTGAGCT-1_6_1"
"768","GGTGTCGAGGGAGTTC-1_6_1"
"769","GGTGTTATCGAAGAAT-1_6_1"
"770","GGTTCTCAGCACAAAT-1_6_1"
"771","GGTTCTCAGTCAGGGT-1_6_1"
"772","GGTTCTCGTACCGGAA-1_6_1"
"773","GGTTCTCGTCTGCATA-1_6_1"
"774","GGTTGTATCGAAATCC-1_6_1"
"775","GTAACACAGACATAAC-1_6_1"
"776","GTAACACGTGATGGCA-1_6_1"
"777","GTAAGTCAGATCACTC-1_6_1"
"778","GTAATCGAGTAAGACT-1_6_1"
"779","GTAATCGCATCCGGCA-1_6_1"
"780","GTAATGCCAAGAGTGC-1_6_1"
"781","GTACAACAGGTTCATC-1_6_1"
"782","GTACAGTGTCTTCGAA-1_6_1"
"783","GTACAGTTCGTAACTG-1_6_1"
"784","GTAGAAACATCCGATA-1_6_1"
"785","GTAGAAACATCGGTTA-1_6_1"
"786","GTAGAGGCAGAGTCAG-1_6_1"
"787","GTAGAGGGTCATAAAG-1_6_1"
"788","GTAGAGGGTCTTGTCC-1_6_1"
"789","GTAGATCAGCAATTAG-1_6_1"
"790","GTAGATCCACCGTCGA-1_6_1"
"791","GTAGCTACAAGCGATG-1_6_1"
"792","GTAGCTAGTCCTTGTC-1_6_1"
"793","GTAGGAGAGTTAACGA-1_6_1"
"794","GTAGGAGCAAGGCTTT-1_6_1"
"795","GTAGGAGCAGTGTGGA-1_6_1"
"796","GTAGGTTAGGGCGAGA-1_6_1"
"797","GTAGGTTCAACAACAA-1_6_1"
"798","GTAGGTTCAGTCGTTA-1_6_1"
"799","GTCAAACCACTAACGT-1_6_1"
"800","GTCAAGTAGTGCGTCC-1_6_1"
"801","GTCAAGTTCACCCATC-1_6_1"
"802","GTCAAGTTCAGTCTTT-1_6_1"
"803","GTCACGGGTGGTCTTA-1_6_1"
"804","GTCACTCCAGCCTACG-1_6_1"
"805","GTCACTCGTATCGCAT-1_6_1"
"806","GTCAGCGCAGACCAAG-1_6_1"
"807","GTCATGAAGGAGAGGC-1_6_1"
"808","GTCATGAAGTGATCGG-1_6_1"
"809","GTCATTTAGACTAAGT-1_6_1"
"810","GTCATTTAGTAAACTG-1_6_1"
"811","GTCCACTTCGTCGCTT-1_6_1"
"812","GTCCCATAGGCATCTT-1_6_1"
"813","GTCCCATCACCGTCTT-1_6_1"
"814","GTCCCATCATCTCGTC-1_6_1"
"815","GTCCCATCATGACGGA-1_6_1"
"816","GTCCTCATCGACACTA-1_6_1"
"817","GTCGAATCATTGCCTC-1_6_1"
"818","GTCGAATGTCCCACGA-1_6_1"
"819","GTCGAATTCTGTTCAT-1_6_1"
"820","GTCGCGAGTTGTGTTG-1_6_1"
"821","GTCGTAAAGACGCCAA-1_6_1"
"822","GTCGTAAAGCACCGTC-1_6_1"
"823","GTCGTAAAGTATTAGG-1_6_1"
"824","GTCTACCAGCGTCTCG-1_6_1"
"825","GTCTAGAAGCTGCCAC-1_6_1"
"826","GTCTAGAAGTAGGAAG-1_6_1"
"827","GTCTGTCAGCGGGTTA-1_6_1"
"828","GTCTTTAAGGACGGAG-1_6_1"
"829","GTCTTTACATTCTCCG-1_6_1"
"830","GTCTTTAGTTAATCGC-1_6_1"
"831","GTCTTTATCGGTGAAG-1_6_1"
"832","GTGAGCCCAATCGTCA-1_6_1"
"833","GTGAGCCGTAGGCTGA-1_6_1"
"834","GTGAGCCTCGAACCAT-1_6_1"
"835","GTGAGGATCATCGCCT-1_6_1"
"836","GTGAGTTAGGGCCTCT-1_6_1"
"837","GTGATGTGTGTCATTG-1_6_1"
"838","GTGATGTTCTCCTGTG-1_6_1"
"839","GTGCACGAGGATTACA-1_6_1"
"840","GTGCAGCTCTTCGGTC-1_6_1"
"841","GTGCGTGGTAGTGTGG-1_6_1"
"842","GTGGAGACAGAGTTCT-1_6_1"
"843","GTGGAGAGTACAGAGC-1_6_1"
"844","GTGGCGTCACAATGTC-1_6_1"
"845","GTGGTTAAGCGCAATG-1_6_1"
"846","GTGGTTACACATCCCT-1_6_1"
"847","GTGGTTATCAAGTTGC-1_6_1"
"848","GTGGTTATCTAGTCAG-1_6_1"
"849","GTGTAACCACAGACGA-1_6_1"
"850","GTGTAACGTGATACAA-1_6_1"
"851","GTGTCCTTCAGGACGA-1_6_1"
"852","GTGTGGCGTTGTGCAT-1_6_1"
"853","GTGTTAGCAATGGGTG-1_6_1"
"854","GTGTTCCCAGCTACCG-1_6_1"
"855","GTGTTCCTCTAAGCGT-1_6_1"
"856","GTTACAGAGCAACAGC-1_6_1"
"857","GTTACCCCATGTTTGG-1_6_1"
"858","GTTACGACAAGCTGTT-1_6_1"
"859","GTTAGACAGAGCAAGA-1_6_1"
"860","GTTAGACGTTAGTCGT-1_6_1"
"861","GTTAGACTCCCAAGCG-1_6_1"
"862","GTTAGTGAGGCCTGCT-1_6_1"
"863","GTTATGGAGGGTACAC-1_6_1"
"864","GTTATGGAGTCCCAGC-1_6_1"
"865","GTTATGGCAAGTGCTT-1_6_1"
"866","GTTATGGGTGTCATTG-1_6_1"
"867","GTTCATTAGGGACTGT-1_6_1"
"868","GTTCATTAGTATTCCG-1_6_1"
"869","GTTCATTGTCAAGGCA-1_6_1"
"870","GTTCCGTAGTTGAATG-1_6_1"
"871","GTTCCGTAGTTGTAGA-1_6_1"
"872","GTTCCGTCAATGAAAC-1_6_1"
"873","GTTCCGTGTGTCTTGA-1_6_1"
"874","GTTCGCTCACTTCAAG-1_6_1"
"875","GTTCGCTGTCCAGTTA-1_6_1"
"876","GTTCGCTTCGGAATGG-1_6_1"
"877","GTTCGCTTCGTTGTTT-1_6_1"
"878","GTTGCGGAGAGGGCGA-1_6_1"
"879","GTTGCTCGTGTGAATA-1_6_1"
"880","GTTGTGATCTACCTTA-1_6_1"
"881","GTTTGGAGTACTTGTG-1_6_1"
"882","TAACACGCATCCGATA-1_6_1"
"883","TAACCAGAGGGAGTGG-1_6_1"
"884","TAACGACAGTGGGAAA-1_6_1"
"885","TAACTTCCATGGATCT-1_6_1"
"886","TAAGCACGTTCGGTCG-1_6_1"
"887","TAAGCCAAGTTATGGA-1_6_1"
"888","TAAGCCATCATAGCAC-1_6_1"
"889","TAAGCGTAGGTCGACA-1_6_1"
"890","TAATTCCCAAAGCTCT-1_6_1"
"891","TACAACGAGTGCCGAA-1_6_1"
"892","TACAACGCAAAGAACT-1_6_1"
"893","TACAACGCAATTTCCT-1_6_1"
"894","TACAACGCAGCATCTA-1_6_1"
"895","TACAACGTCAGCAGAG-1_6_1"
"896","TACACCCCAAATAAGC-1_6_1"
"897","TACACCCCAAGTGGCA-1_6_1"
"898","TACACCCGTTAACCTG-1_6_1"
"899","TACAGGTGTCCTGAAT-1_6_1"
"900","TACAGGTGTTATGTCG-1_6_1"
"901","TACAGGTTCCGTATGA-1_6_1"
"902","TACCCACGTTAAACAG-1_6_1"
"903","TACCGAAAGGCAATGC-1_6_1"
"904","TACCGAAAGGTACCTT-1_6_1"
"905","TACCGGGGTCAGACTT-1_6_1"
"906","TACCGGGGTCCTCCTA-1_6_1"
"907","TACCTCGTCTGCGGCA-1_6_1"
"908","TACGCTCAGCGACAGT-1_6_1"
"909","TACGGGCCAGCGGTTC-1_6_1"
"910","TACGGTACAAACCGGA-1_6_1"
"911","TACGGTACAGTTAAAG-1_6_1"
"912","TACGGTATCCATACAG-1_6_1"
"913","TACGTCCCAGTGACCC-1_6_1"
"914","TACTGCCCATGTGGTT-1_6_1"
"915","TACTGCCGTTGGGAAC-1_6_1"
"916","TACTGCCTCGTGCATA-1_6_1"
"917","TACTTACGTGCCAAGA-1_6_1"
"918","TACTTCAGTAATGATG-1_6_1"
"919","TACTTCATCCAAATGC-1_6_1"
"920","TAGACCATCTGAACGT-1_6_1"
"921","TAGACCATCTGTAAGC-1_6_1"
"922","TAGATCGGTTCGGTAT-1_6_1"
"923","TAGATCGTCTGCGATA-1_6_1"
"924","TAGCACAAGTCATACC-1_6_1"
"925","TAGCACACATCGATGT-1_6_1"
"926","TAGGAGGTCGATACTG-1_6_1"
"927","TAGGGTTAGCGCCCAT-1_6_1"
"928","TAGGTTGAGAAGCGAA-1_6_1"
"929","TAGGTTGTCATGACAC-1_6_1"
"930","TAGGTTGTCTATGCCC-1_6_1"
"931","TAGTGCAAGACAGTCG-1_6_1"
"932","TAGTGCATCGAACGCC-1_6_1"
"933","TAGTGCATCGTCTAAG-1_6_1"
"934","TATACCTCATTGAAGA-1_6_1"
"935","TATACCTGTACCAATC-1_6_1"
"936","TATACCTTCGCTCTCA-1_6_1"
"937","TATATCCTCCAATGCA-1_6_1"
"938","TATCAGGAGGCAGCTA-1_6_1"
"939","TATCCTATCCTACAAG-1_6_1"
"940","TATCGCCGTAGCGTAG-1_6_1"
"941","TATCTGTCAAGATCCT-1_6_1"
"942","TATCTGTCAAGCGAAC-1_6_1"
"943","TATCTGTCATGGCACC-1_6_1"
"944","TATCTTGTCTGGACTA-1_6_1"
"945","TATTGCTCAGGGATAC-1_6_1"
"946","TATTGCTGTTACCCAA-1_6_1"
"947","TATTGGGGTGTAGTGG-1_6_1"
"948","TATTTCGAGGTACAGC-1_6_1"
"949","TATTTCGCACCAACAT-1_6_1"
"950","TCAAGACAGTGCCTCG-1_6_1"
"951","TCAAGACGTTGGATCT-1_6_1"
"952","TCAAGCACATCCGAAT-1_6_1"
"953","TCAAGCATCCACTGGG-1_6_1"
"954","TCAAGCATCGGCCCAA-1_6_1"
"955","TCAAGTGAGATCGCCC-1_6_1"
"956","TCAATCTTCGGTTCAA-1_6_1"
"957","TCAATCTTCGTTGCCT-1_6_1"
"958","TCAATTCGTTGAATCC-1_6_1"
"959","TCACACCAGCACAAAT-1_6_1"
"960","TCACACCCAGAGTCTT-1_6_1"
"961","TCACATTCACGTAGTT-1_6_1"
"962","TCACATTGTTCGGCCA-1_6_1"
"963","TCACGCTAGGAATCGC-1_6_1"
"964","TCACTATGTGCGAACA-1_6_1"
"965","TCACTCGAGTACGTCT-1_6_1"
"966","TCACTCGCACTTCAAG-1_6_1"
"967","TCAGCAAAGGCTGGAT-1_6_1"
"968","TCAGCAAGTTCTCGCT-1_6_1"
"969","TCAGCCTAGAGGATCC-1_6_1"
"970","TCAGCCTAGCACGGAT-1_6_1"
"971","TCAGGTAGTATCGCGC-1_6_1"
"972","TCAGTGACAAGGGCAT-1_6_1"
"973","TCAGTGATCGAGAGCA-1_6_1"
"974","TCAGTTTGTGTGCTTA-1_6_1"
"975","TCATACTCAGGTATGG-1_6_1"
"976","TCATACTGTCGTTCAA-1_6_1"
"977","TCATATCCACACCTTC-1_6_1"
"978","TCATATCCACATAGCT-1_6_1"
"979","TCATCATAGCTGTTAC-1_6_1"
"980","TCATCATCAGGACTAG-1_6_1"
"981","TCATCCGGTGGAACCA-1_6_1"
"982","TCATGCCCAGAAATCA-1_6_1"
"983","TCATGCCGTAGACACG-1_6_1"
"984","TCATGTTGTAATGCGG-1_6_1"
"985","TCATGTTTCAACCGAT-1_6_1"
"986","TCATGTTTCCGTCCTA-1_6_1"
"987","TCATTCAAGGCTGAAC-1_6_1"
"988","TCATTCACAAACCATC-1_6_1"
"989","TCATTGTGTTGATGTC-1_6_1"
"990","TCATTGTTCCGTGGGT-1_6_1"
"991","TCATTTGAGATGGCAC-1_6_1"
"992","TCATTTGAGCATGATA-1_6_1"
"993","TCCACCAAGAGTTGCG-1_6_1"
"994","TCCACCAGTAAGGAGA-1_6_1"
"995","TCCACCATCATCACAG-1_6_1"
"996","TCCACGTGTGCAATAA-1_6_1"
"997","TCCACGTTCGCTTACC-1_6_1"
"998","TCCAGAAAGCCTGAGA-1_6_1"
"999","TCCAGAACAGAGGAAA-1_6_1"
"1000","TCCATGCTCGGACAAG-1_6_1"
"1001","TCCCACACAAGACGAC-1_6_1"
"1002","TCCCATGTCAGTGTTG-1_6_1"
"1003","TCCCATGTCTAACGGT-1_6_1"
"1004","TCCGATCGTAGACTGG-1_6_1"
"1005","TCCGATCGTTGCAACT-1_6_1"
"1006","TCCGATCTCACGGAGA-1_6_1"
"1007","TCCGGGATCACTGTCC-1_6_1"
"1008","TCCTAATTCCCTCAAC-1_6_1"
"1009","TCCTCCCGTCATAACC-1_6_1"
"1010","TCCTCGAAGAGAGCGG-1_6_1"
"1011","TCCTCGATCGATTCCC-1_6_1"
"1012","TCCTCTTGTTGTGGAG-1_6_1"
"1013","TCCTGCAAGATGAAGG-1_6_1"
"1014","TCCTGCAAGCATCAAA-1_6_1"
"1015","TCCTTCTCATCCGGCA-1_6_1"
"1016","TCGAACAGTCCAGGTC-1_6_1"
"1017","TCGAAGTAGAGCCGAT-1_6_1"
"1018","TCGACCTCAATCCAGT-1_6_1"
"1019","TCGACCTCACGACGAA-1_6_1"
"1020","TCGACGGCAAGTATAG-1_6_1"
"1021","TCGCTTGCAATACCTG-1_6_1"
"1022","TCGCTTGGTAGGCTGA-1_6_1"
"1023","TCGGATAAGCAACTCT-1_6_1"
"1024","TCGGATAGTAGGACCA-1_6_1"
"1025","TCGGGACAGAAGAGCA-1_6_1"
"1026","TCGGGACAGTGATCGG-1_6_1"
"1027","TCGGGCAAGATGTTAG-1_6_1"
"1028","TCGGGCAAGCTCATAC-1_6_1"
"1029","TCGGGCAAGGGTACGT-1_6_1"
"1030","TCGGTCTAGGGCGAAG-1_6_1"
"1031","TCGGTCTAGGGCTTCC-1_6_1"
"1032","TCGGTCTTCTTTGGAG-1_6_1"
"1033","TCGTCCAGTAATGCGG-1_6_1"
"1034","TCGTGCTCAAGAGTGC-1_6_1"
"1035","TCGTGCTGTGGTAATA-1_6_1"
"1036","TCTAACTTCGGTCGAC-1_6_1"
"1037","TCTACCGAGACTTCCA-1_6_1"
"1038","TCTACCGAGAGGGTAA-1_6_1"
"1039","TCTACCGCAATTCACG-1_6_1"
"1040","TCTACCGGTTGCGGCT-1_6_1"
"1041","TCTATACAGGTGCTAG-1_6_1"
"1042","TCTATACCATGAATAG-1_6_1"
"1043","TCTATACGTCAAGCGA-1_6_1"
"1044","TCTATCAAGGTGGTTG-1_6_1"
"1045","TCTCCGAGTCTACAGT-1_6_1"
"1046","TCTCCGATCGCCGTGA-1_6_1"
"1047","TCTCTGGGTTTCGCTC-1_6_1"
"1048","TCTCTGGTCTGCTGAA-1_6_1"
"1049","TCTGTCGCACGAGAAC-1_6_1"
"1050","TCTGTCGGTGTGTCCG-1_6_1"
"1051","TCTGTCGTCGACTCCT-1_6_1"
"1052","TCTTAGTTCTGTTCAT-1_6_1"
"1053","TCTTCCTAGAATACAC-1_6_1"
"1054","TCTTCCTAGTCATACC-1_6_1"
"1055","TCTTCCTGTCTCGCGA-1_6_1"
"1056","TCTTCCTGTTGGAGAC-1_6_1"
"1057","TCTTGCGGTGTTCAGT-1_6_1"
"1058","TCTTTGAGTATACCCA-1_6_1"
"1059","TGAACGTCATACGCAT-1_6_1"
"1060","TGAACGTTCGGCCCAA-1_6_1"
"1061","TGAATCGTCGCTCATC-1_6_1"
"1062","TGAATGCGTCTTTCAT-1_6_1"
"1063","TGAATGCGTGACACGA-1_6_1"
"1064","TGACAGTAGTCGAGGT-1_6_1"
"1065","TGACCCTGTCGTCATA-1_6_1"
"1066","TGACCCTTCGGATTAC-1_6_1"
"1067","TGACGCGCAGGTACGA-1_6_1"
"1068","TGACGCGCATACACCA-1_6_1"
"1069","TGAGACTTCTAGTCAG-1_6_1"
"1070","TGAGCATGTTGCGGAA-1_6_1"
"1071","TGAGGAGCACCCAACG-1_6_1"
"1072","TGAGGAGGTGGCTGCT-1_6_1"
"1073","TGAGGGATCGCGCTGA-1_6_1"
"1074","TGAGTCAAGATGCAGC-1_6_1"
"1075","TGAGTCAAGCACTTTG-1_6_1"
"1076","TGATCAGCAGTCGCTG-1_6_1"
"1077","TGATCTTCACTCATAG-1_6_1"
"1078","TGATGGTAGAGTCAAT-1_6_1"
"1079","TGATGGTTCAATCTCT-1_6_1"
"1080","TGATTCTGTCACATTG-1_6_1"
"1081","TGATTTCCATACTGTG-1_6_1"
"1082","TGCAGATCACTTCAGA-1_6_1"
"1083","TGCAGGCTCAGGCGAA-1_6_1"
"1084","TGCAGTAGTCAAACGG-1_6_1"
"1085","TGCAGTAGTGTGTGTT-1_6_1"
"1086","TGCATGAGTCCAGGTC-1_6_1"
"1087","TGCGATAGTATTTCGG-1_6_1"
"1088","TGCGATAGTCGATGCC-1_6_1"
"1089","TGCGGCACATACAGAA-1_6_1"
"1090","TGCGGCAGTACCCGAC-1_6_1"
"1091","TGCTCGTCATCCGCGA-1_6_1"
"1092","TGCTCGTGTATCACGT-1_6_1"
"1093","TGCTTCGGTTTAAGGA-1_6_1"
"1094","TGCTTGCCAGAGACTG-1_6_1"
"1095","TGCTTGCGTAGAGGAA-1_6_1"
"1096","TGCTTGCGTTATTCTC-1_6_1"
"1097","TGGAGGACACCAGCTG-1_6_1"
"1098","TGGAGGACATACAGGG-1_6_1"
"1099","TGGAGGAGTACGTAGG-1_6_1"
"1100","TGGATGTGTGAGCCAA-1_6_1"
"1101","TGGATGTGTGCTGATT-1_6_1"
"1102","TGGCGTGAGAGAGCCT-1_6_1"
"1103","TGGCGTGCACGCAAAG-1_6_1"
"1104","TGGCGTGCACGCGTCA-1_6_1"
"1105","TGGCGTGGTAACGATA-1_6_1"
"1106","TGGGAGACATCCCACT-1_6_1"
"1107","TGGGATTCAGACCTAT-1_6_1"
"1108","TGGGATTTCGACGCGT-1_6_1"
"1109","TGGGCGTGTTACCGTA-1_6_1"
"1110","TGGGTTATCCGTGGCA-1_6_1"
"1111","TGGTACAGTCCGATCG-1_6_1"
"1112","TGGTACATCGCACTCT-1_6_1"
"1113","TGGTAGTTCATCCTGC-1_6_1"
"1114","TGGTGATTCTGAGAAA-1_6_1"
"1115","TGGTGATTCTGTGCTC-1_6_1"
"1116","TGGTTAGTCAGCAATC-1_6_1"
"1117","TGGTTAGTCGTTCGCT-1_6_1"
"1118","TGTAACGGTCTCACGG-1_6_1"
"1119","TGTAACGGTGCTGATT-1_6_1"
"1120","TGTAAGCCAACGACTT-1_6_1"
"1121","TGTAAGCGTACGGCAA-1_6_1"
"1122","TGTACAGAGTCCCGGT-1_6_1"
"1123","TGTACAGTCAATCTCT-1_6_1"
"1124","TGTAGACAGAGTTGTA-1_6_1"
"1125","TGTAGACAGCACTGGA-1_6_1"
"1126","TGTCCACCACTGCGAC-1_6_1"
"1127","TGTCCACGTCGGTGTC-1_6_1"
"1128","TGTCCCACACGCTTAA-1_6_1"
"1129","TGTCCTGAGACGCATG-1_6_1"
"1130","TGTCCTGAGGAACTAT-1_6_1"
"1131","TGTGAGTCATATTCGG-1_6_1"
"1132","TGTGAGTTCTGGCCAG-1_6_1"
"1133","TGTGATGTCACAGAGG-1_6_1"
"1134","TGTGATGTCTCTGGTC-1_6_1"
"1135","TGTGCGGAGCCTGACC-1_6_1"
"1136","TGTGCGGGTTCTAAGC-1_6_1"
"1137","TGTGGCGAGGGTGAGG-1_6_1"
"1138","TGTGTGATCCGAGCTG-1_6_1"
"1139","TGTGTGATCGAAACAA-1_6_1"
"1140","TGTTACTAGATGGCGT-1_6_1"
"1141","TGTTACTAGATTGGGC-1_6_1"
"1142","TGTTACTCAGAGACTG-1_6_1"
"1143","TGTTCATTCTCGGGAC-1_6_1"
"1144","TGTTCCGCATCCGCGA-1_6_1"
"1145","TGTTCCGGTCTACGAT-1_6_1"
"1146","TGTTCCGTCCGAGGCT-1_6_1"
"1147","TGTTCTACAGCTATAC-1_6_1"
"1148","TGTTCTAGTCACCACG-1_6_1"
"1149","TGTTCTAGTCGCTCGA-1_6_1"
"1150","TGTTCTAGTCTAGTGT-1_6_1"
"1151","TGTTGAGGTTAGGAGC-1_6_1"
"1152","TGTTGGATCAGACTGT-1_6_1"
"1153","TGTTGGATCCAACACA-1_6_1"
"1154","TTAATCCGTACCTTCC-1_6_1"
"1155","TTAATCCGTTATGTCG-1_6_1"
"1156","TTACAGGAGCATCGAG-1_6_1"
"1157","TTACAGGCATTGAAAG-1_6_1"
"1158","TTACAGGGTCGTCAGC-1_6_1"
"1159","TTACGCCCACAGCGCT-1_6_1"
"1160","TTAGGCAAGGGAGTTC-1_6_1"
"1161","TTAGGCATCCCTGTTG-1_6_1"
"1162","TTAGGGTAGAACGCGT-1_6_1"
"1163","TTAGGGTCACAGACGA-1_6_1"
"1164","TTAGGGTGTGCTATTG-1_6_1"
"1165","TTAGGGTTCACCATAG-1_6_1"
"1166","TTAGTCTCAAAGGCAC-1_6_1"
"1167","TTAGTCTCACTGTGTA-1_6_1"
"1168","TTCAATCCACGTGTGC-1_6_1"
"1169","TTCAATCGTCGATTCA-1_6_1"
"1170","TTCACCGAGAAGCCAC-1_6_1"
"1171","TTCACCGCAGGAAGTC-1_6_1"
"1172","TTCACCGCATAAGATG-1_6_1"
"1173","TTCACCGGTATGAAGT-1_6_1"
"1174","TTCACGCCACGGAAGT-1_6_1"
"1175","TTCAGGAAGGCTGGAT-1_6_1"
"1176","TTCAGGACACCCAATA-1_6_1"
"1177","TTCATTGCACCAATTG-1_6_1"
"1178","TTCATTGCAGTTGAAA-1_6_1"
"1179","TTCATTGTCAAGTTGC-1_6_1"
"1180","TTCCAATCACAGTACT-1_6_1"
"1181","TTCCAATCAGTCTTCC-1_6_1"
"1182","TTCCACGGTATATGGA-1_6_1"
"1183","TTCCACGGTCAAAGAT-1_6_1"
"1184","TTCCGTGGTGAGATAT-1_6_1"
"1185","TTCCTAAAGTTTCGGT-1_6_1"
"1186","TTCCTCTAGCCTTTGA-1_6_1"
"1187","TTCGCTGAGAAGCCTG-1_6_1"
"1188","TTCGCTGGTCCACTCT-1_6_1"
"1189","TTCGGTCAGTCCCAAT-1_6_1"
"1190","TTCGGTCGTAAGAACT-1_6_1"
"1191","TTCTAACGTCGATGCC-1_6_1"
"1192","TTCTAACTCACCTGTC-1_6_1"
"1193","TTCTCTCCAACTTGCA-1_6_1"
"1194","TTCTCTCTCTAGACCA-1_6_1"
"1195","TTCTGTAAGATACGAT-1_6_1"
"1196","TTGAACGAGGTGCATG-1_6_1"
"1197","TTGAGTGGTTCGGCTG-1_6_1"
"1198","TTGATGGAGTTGAATG-1_6_1"
"1199","TTGATGGTCACGATCA-1_6_1"
"1200","TTGCATTAGGGCAGGA-1_6_1"
"1201","TTGCATTGTGGAATGC-1_6_1"
"1202","TTGCCTGCAGCATTGT-1_6_1"
"1203","TTGCGTCAGTCGCGAA-1_6_1"
"1204","TTGCGTCCACTTCCTG-1_6_1"
"1205","TTGCTGCTCCCTCTTT-1_6_1"
"1206","TTGGATGCACCCATAA-1_6_1"
"1207","TTGGGATCACAATGAA-1_6_1"
"1208","TTGGGATGTGCATGTT-1_6_1"
"1209","TTGGTTTCAGTGTGGA-1_6_1"
"1210","TTGTGGACACAGAAGC-1_6_1"
"1211","TTGTGGAGTTGCATGT-1_6_1"
"1212","TTGTGGAGTTTGCCGG-1_6_1"
"1213","TTGTGGATCAGGAACG-1_6_1"
"1214","TTGTGTTAGCGTGAAC-1_6_1"
"1215","TTGTGTTGTCGTCATA-1_6_1"
"1216","TTGTTCATCGTTCGCT-1_6_1"
"1217","TTGTTTGAGAAACTGT-1_6_1"
"1218","TTTACCACACGTCATA-1_6_1"
"1219","TTTACGTTCTCCAATT-1_6_1"
"1220","TTTACTGCAATCCAGT-1_6_1"
"1221","TTTACTGGTACTCCCT-1_6_1"
"1222","TTTAGTCTCACTCCGT-1_6_1"
"1223","TTTAGTCTCATTCTTG-1_6_1"
"1224","TTTATGCCAGAGAAAG-1_6_1"
"1225","TTTATGCGTGTCACAT-1_6_1"
"1226","TTTCACACACCTCGTT-1_6_1"
"1227","TTTCACATCAGTGTCA-1_6_1"
"1228","TTTCACATCGAGAAGC-1_6_1"
"1229","TTTCACATCGTCCTCA-1_6_1"
"1230","TTTCATGTCTAAGAAG-1_6_1"
"1231","TTTGATCGTCAAAGTA-1_6_1"
"1232","TTTGGAGAGCTAAGTA-1_6_1"
"1233","TTTGGTTGTATCAGCT-1_6_1"
"1234","TTTGGTTTCTGAGATC-1_6_1"
"1235","TTTGTTGTCTTGCGCT-1_6_1"
