"","x"
"1","AAACGAAGTGTCCTAA-1_1_2"
"2","AAACGAATCAGACTGT-1_1_2"
"3","AAACGAATCTGAGCAT-1_1_2"
"4","AAACGCTAGATCGACG-1_1_2"
"5","AAACGCTAGGCCCAAA-1_1_2"
"6","AAACGCTAGGTAGACC-1_1_2"
"7","AAACGCTAGGTGCTAG-1_1_2"
"8","AAACGCTGTACAGTCT-1_1_2"
"9","AAACGCTTCATTTACC-1_1_2"
"10","AAACGCTTCTGTCTCG-1_1_2"
"11","AAAGAACGTATAATGG-1_1_2"
"12","AAAGAACGTATCGAAA-1_1_2"
"13","AAAGAACGTCACATTG-1_1_2"
"14","AAAGGATAGCACTCTA-1_1_2"
"15","AAAGGATAGGTCCGAA-1_1_2"
"16","AAAGGATCAGTCTGGC-1_1_2"
"17","AAAGGATTCGTAGTCA-1_1_2"
"18","AAAGGGCAGTTCCGGC-1_1_2"
"19","AAAGGGCCACGCTGCA-1_1_2"
"20","AAAGGTAAGCCGCACT-1_1_2"
"21","AAAGTCCAGGCCCAAA-1_1_2"
"22","AAAGTCCAGGTTAGTA-1_1_2"
"23","AAAGTCCGTTAACAGA-1_1_2"
"24","AAAGTGAAGTCTCGTA-1_1_2"
"25","AAAGTGAAGTGCACAG-1_1_2"
"26","AAAGTGACATATGGCT-1_1_2"
"27","AAAGTGATCGACACCG-1_1_2"
"28","AAATGGACAAGTCATC-1_1_2"
"29","AAATGGATCATGTCTT-1_1_2"
"30","AACAAAGCAGGTAGTG-1_1_2"
"31","AACAAAGGTGGGCTCT-1_1_2"
"32","AACAAAGGTTCCCACT-1_1_2"
"33","AACAAAGTCCCTCTTT-1_1_2"
"34","AACAACCGTAGCGCTC-1_1_2"
"35","AACAACCGTCTACGAT-1_1_2"
"36","AACAACCTCGAACGGA-1_1_2"
"37","AACAAGACAACGGCCT-1_1_2"
"38","AACAAGAGTGATTGGG-1_1_2"
"39","AACAAGAGTTGCATCA-1_1_2"
"40","AACAAGATCCATCTCG-1_1_2"
"41","AACACACAGCGCCCAT-1_1_2"
"42","AACACACTCTCGTGAA-1_1_2"
"43","AACAGGGAGGGCAAGG-1_1_2"
"44","AACAGGGGTCAGGTAG-1_1_2"
"45","AACAGGGGTCCAGAAG-1_1_2"
"46","AACAGGGTCTCGACGG-1_1_2"
"47","AACCAACAGCCATATC-1_1_2"
"48","AACCAACAGCCATTCA-1_1_2"
"49","AACCAACCACGACTAT-1_1_2"
"50","AACCAACCATCGATCA-1_1_2"
"51","AACCAACGTTCTATCT-1_1_2"
"52","AACCAACGTTTGGAAA-1_1_2"
"53","AACCACAAGGAGACCT-1_1_2"
"54","AACCACAGTAGTATAG-1_1_2"
"55","AACCACAGTGCATACT-1_1_2"
"56","AACCCAAAGCATGATA-1_1_2"
"57","AACCTGACAGAAATCA-1_1_2"
"58","AACCTGATCGCCAGAC-1_1_2"
"59","AACCTGATCGGCTGGT-1_1_2"
"60","AACCTGATCGGTCATA-1_1_2"
"61","AACCTTTCACCAAAGG-1_1_2"
"62","AACCTTTGTATGGGAC-1_1_2"
"63","AACCTTTGTCGGAACA-1_1_2"
"64","AACCTTTGTTTCGTTT-1_1_2"
"65","AACGAAACAGACCAGA-1_1_2"
"66","AACGAAACATACTGTG-1_1_2"
"67","AACGAAATCGGTCACG-1_1_2"
"68","AACGGGAAGGTGCGAT-1_1_2"
"69","AACGGGATCGTCCTCA-1_1_2"
"70","AACTTCTTCAAGCCGC-1_1_2"
"71","AACTTCTTCCATAGGT-1_1_2"
"72","AACTTCTTCCGATGTA-1_1_2"
"73","AACTTCTTCTGGGCAC-1_1_2"
"74","AACTTCTTCTTCGCTG-1_1_2"
"75","AAGAACACACATGTTG-1_1_2"
"76","AAGACAAAGACCATTC-1_1_2"
"77","AAGACAAAGGGCATGT-1_1_2"
"78","AAGACAACAGAACGCA-1_1_2"
"79","AAGACTCAGTGATAGT-1_1_2"
"80","AAGACTCCAGCGAGTA-1_1_2"
"81","AAGACTCCATGTGCCG-1_1_2"
"82","AAGATAGAGGTCATTC-1_1_2"
"83","AAGATAGCAAATAAGC-1_1_2"
"84","AAGATAGCAGGAACCA-1_1_2"
"85","AAGATAGGTTCACGAT-1_1_2"
"86","AAGATAGTCATCGACA-1_1_2"
"87","AAGCATCAGCGTATGG-1_1_2"
"88","AAGCATCCAGTAACAA-1_1_2"
"89","AAGCATCGTAGCGCTC-1_1_2"
"90","AAGCCATGTGGGTATG-1_1_2"
"91","AAGCCATTCGTAACTG-1_1_2"
"92","AAGCGTTAGCTCGAAG-1_1_2"
"93","AAGGAATAGTTGCTGT-1_1_2"
"94","AAGGAATCACGGTAGA-1_1_2"
"95","AAGGAATCACTCCTTG-1_1_2"
"96","AAGGTAAAGTCACTAC-1_1_2"
"97","AAGGTAACAGCTGGTC-1_1_2"
"98","AAGGTAAGTCTCGCGA-1_1_2"
"99","AAGGTAATCCGCCTAT-1_1_2"
"100","AAGTACCGTAACGCGA-1_1_2"
"101","AAGTACCTCATGCGGC-1_1_2"
"102","AAGTCGTAGCAACTTC-1_1_2"
"103","AAGTCGTTCGCGTGAC-1_1_2"
"104","AAGTGAAAGTTCATGC-1_1_2"
"105","AAGTGAACATCAGTGT-1_1_2"
"106","AAGTGAAGTCGTCTCT-1_1_2"
"107","AAGTTCGCAACAGAGC-1_1_2"
"108","AAGTTCGGTTACACAC-1_1_2"
"109","AATAGAGAGACAGCGT-1_1_2"
"110","AATAGAGAGTGAGGCT-1_1_2"
"111","AATAGAGCAGTAACCT-1_1_2"
"112","AATAGAGCATGGCCAC-1_1_2"
"113","AATAGAGCATTCAGGT-1_1_2"
"114","AATAGAGGTGCCCGTA-1_1_2"
"115","AATAGAGTCAAATAGG-1_1_2"
"116","AATCACGAGTGCACCC-1_1_2"
"117","AATCACGCACAAGCCC-1_1_2"
"118","AATCACGGTCCTGTTC-1_1_2"
"119","AATCACGGTCTTCAAG-1_1_2"
"120","AATCGACAGAATACAC-1_1_2"
"121","AATCGACCACTAACCA-1_1_2"
"122","AATCGACCAGGCAATG-1_1_2"
"123","AATCGACGTGGTCCCA-1_1_2"
"124","AATCGACTCTTTGCGC-1_1_2"
"125","AATCGTGAGGAGATAG-1_1_2"
"126","AATCGTGTCTCCCAAC-1_1_2"
"127","AATGAAGCAACTGGTT-1_1_2"
"128","AATGCCATCGTGAGAG-1_1_2"
"129","AATGGAAGTGAGTCAG-1_1_2"
"130","AATGGAAGTTCTCCAC-1_1_2"
"131","AATGGAATCCCAAGCG-1_1_2"
"132","AATGGCTTCGTGCTCT-1_1_2"
"133","AATTCCTAGGAAGTCC-1_1_2"
"134","AATTCCTAGTCCCAGC-1_1_2"
"135","AATTCCTAGTGAGGTC-1_1_2"
"136","AATTCCTGTTCTGAGT-1_1_2"
"137","AATTCCTTCAGACATC-1_1_2"
"138","AATTCCTTCATCTACT-1_1_2"
"139","AATTCCTTCCGTATGA-1_1_2"
"140","AATTCCTTCTGGGATT-1_1_2"
"141","AATTTCCAGCACTCGC-1_1_2"
"142","ACAAAGAAGTAACGTA-1_1_2"
"143","ACAAAGACATAACAGA-1_1_2"
"144","ACAACCATCAAACGAA-1_1_2"
"145","ACAACCATCCAGCACG-1_1_2"
"146","ACAACCATCCATACAG-1_1_2"
"147","ACAAGCTCAACAGTGG-1_1_2"
"148","ACAAGCTCACTGCGTG-1_1_2"
"149","ACAAGCTTCTGGGAGA-1_1_2"
"150","ACACAGTAGCGCTTCG-1_1_2"
"151","ACACAGTCATATACCG-1_1_2"
"152","ACACAGTGTGGCGCTT-1_1_2"
"153","ACACCAAAGCATCCCG-1_1_2"
"154","ACACGCGCATCCTCAC-1_1_2"
"155","ACAGAAATCTACTATC-1_1_2"
"156","ACAGCCGAGTACAACA-1_1_2"
"157","ACATCCCAGAAACCAT-1_1_2"
"158","ACATCCCGTGTGTACT-1_1_2"
"159","ACATCCCGTTAAAGTG-1_1_2"
"160","ACATCGAAGCGGTATG-1_1_2"
"161","ACATCGAAGCTCGTGC-1_1_2"
"162","ACATGCAAGCTAGTTC-1_1_2"
"163","ACATGCACACCTCAGG-1_1_2"
"164","ACATGCATCACTTTGT-1_1_2"
"165","ACATTTCCAGCACGAA-1_1_2"
"166","ACATTTCGTATGAGAT-1_1_2"
"167","ACATTTCGTGAACTAA-1_1_2"
"168","ACATTTCTCAGTGGGA-1_1_2"
"169","ACATTTCTCTTCTAAC-1_1_2"
"170","ACCAAACAGACCGCCT-1_1_2"
"171","ACCAAACAGGAACGAA-1_1_2"
"172","ACCAAACAGTAAGACT-1_1_2"
"173","ACCAAACCAACACGTT-1_1_2"
"174","ACCAAACCACATATGC-1_1_2"
"175","ACCAAACGTCTGTAAC-1_1_2"
"176","ACCAACAGTCTCGCGA-1_1_2"
"177","ACCACAACACAAACGG-1_1_2"
"178","ACCACAAGTGTGATGG-1_1_2"
"179","ACCATTTAGTCGGCAA-1_1_2"
"180","ACCATTTGTGTCGCTG-1_1_2"
"181","ACCCAAAAGACCAGAC-1_1_2"
"182","ACCCAAAAGTGCAGCA-1_1_2"
"183","ACCCAAACAAGTATAG-1_1_2"
"184","ACCCAAAGTGTCCATA-1_1_2"
"185","ACCCTCACAACACAGG-1_1_2"
"186","ACCCTTGAGCTGGCCT-1_1_2"
"187","ACCCTTGCAACTGAAA-1_1_2"
"188","ACCCTTGTCGTGCTCT-1_1_2"
"189","ACCGTTCGTAGCGTAG-1_1_2"
"190","ACCGTTCGTTCCCAAA-1_1_2"
"191","ACCTACCAGCCATTGT-1_1_2"
"192","ACCTACCTCGTAATGC-1_1_2"
"193","ACCTACCTCTTGAGCA-1_1_2"
"194","ACCTGAACACAGTGAG-1_1_2"
"195","ACCTGAAGTGATACAA-1_1_2"
"196","ACCTGAAGTGTTTCTT-1_1_2"
"197","ACCTGAATCATGCCGG-1_1_2"
"198","ACCTGTCGTCTCGGGT-1_1_2"
"199","ACCTGTCTCCGAGTGC-1_1_2"
"200","ACGATCACAGGCCTGT-1_1_2"
"201","ACGATCAGTTTGTTGG-1_1_2"
"202","ACGCACGAGCAGGCTA-1_1_2"
"203","ACGCACGAGCCAGTAG-1_1_2"
"204","ACGCACGTCACCTACC-1_1_2"
"205","ACGCACGTCCGTGTGG-1_1_2"
"206","ACGGGTCAGATTCGAA-1_1_2"
"207","ACGGGTCAGCCGATTT-1_1_2"
"208","ACGGGTCCACTGAATC-1_1_2"
"209","ACGGGTCTCGGTAGGA-1_1_2"
"210","ACGGTCGGTCACGCTG-1_1_2"
"211","ACGGTCGGTGAGCGAT-1_1_2"
"212","ACGGTCGTCGCTTACC-1_1_2"
"213","ACGGTTAAGGCTATCT-1_1_2"
"214","ACGTAACCAACGGCCT-1_1_2"
"215","ACGTAACTCTTAGTTC-1_1_2"
"216","ACGTACAAGGACAAGA-1_1_2"
"217","ACGTACAAGTCCGTCG-1_1_2"
"218","ACGTACATCAATCCAG-1_1_2"
"219","ACGTAGTCAAAGGCTG-1_1_2"
"220","ACGTCCTAGAAGCGGG-1_1_2"
"221","ACGTCCTTCAATGCAC-1_1_2"
"222","ACGTTCCGTGTGTCCG-1_1_2"
"223","ACTACGAAGGAACGAA-1_1_2"
"224","ACTACGACAACTACGT-1_1_2"
"225","ACTACGACATGTTCGA-1_1_2"
"226","ACTACGAGTCGAGCAA-1_1_2"
"227","ACTACGAGTCTTGAAC-1_1_2"
"228","ACTACGAGTTACAGCT-1_1_2"
"229","ACTACGATCCATAAGC-1_1_2"
"230","ACTATCTAGCATCCCG-1_1_2"
"231","ACTATCTGTAGCTTTG-1_1_2"
"232","ACTATCTTCTTCTGTA-1_1_2"
"233","ACTATCTTCTTGAACG-1_1_2"
"234","ACTATGGAGGGCTGAT-1_1_2"
"235","ACTATGGCAGGCGAAT-1_1_2"
"236","ACTATGGGTCCTGGTG-1_1_2"
"237","ACTATGGGTTAGAAGT-1_1_2"
"238","ACTATGGTCGTTCCTG-1_1_2"
"239","ACTATTCAGGGCAAGG-1_1_2"
"240","ACTATTCCAAGGTACG-1_1_2"
"241","ACTATTCCACCAAATC-1_1_2"
"242","ACTCCCACAAGTTGGG-1_1_2"
"243","ACTCTCGAGCATGGGT-1_1_2"
"244","ACTCTCGCACGATTCA-1_1_2"
"245","ACTCTCGGTGACCTGC-1_1_2"
"246","ACTCTCGGTTGTATGC-1_1_2"
"247","ACTGATGCAGTTAAAG-1_1_2"
"248","ACTGCAAAGACGCATG-1_1_2"
"249","ACTGCAACAACAGCTT-1_1_2"
"250","ACTGCAACAGAGGGTT-1_1_2"
"251","ACTGCAAGTACGGGAT-1_1_2"
"252","ACTGCAAGTCCACTTC-1_1_2"
"253","ACTGCAAGTTAGGACG-1_1_2"
"254","ACTGTCCAGGGATCTG-1_1_2"
"255","ACTGTCCCAACCGTGC-1_1_2"
"256","ACTGTCCCATAGGAGC-1_1_2"
"257","ACTGTCCGTGGGACAT-1_1_2"
"258","ACTGTCCGTGTTAAAG-1_1_2"
"259","ACTGTCCTCGGCGATC-1_1_2"
"260","ACTGTGAAGGAAACGA-1_1_2"
"261","ACTGTGAGTCAGTCCG-1_1_2"
"262","ACTGTGATCCGAGGCT-1_1_2"
"263","ACTTAGGAGCACCGTC-1_1_2"
"264","ACTTAGGCAACTGTGT-1_1_2"
"265","ACTTAGGGTCCACGCA-1_1_2"
"266","ACTTAGGGTCCACTCT-1_1_2"
"267","ACTTAGGTCGGCCCAA-1_1_2"
"268","ACTTATCCAGTCGGAA-1_1_2"
"269","ACTTATCCATCGTCCT-1_1_2"
"270","ACTTATCCATGGAATA-1_1_2"
"271","ACTTATCGTAGCGTAG-1_1_2"
"272","ACTTATCGTTGCCAAT-1_1_2"
"273","ACTTATCTCGCCAACG-1_1_2"
"274","ACTTCCGCATCGAGCC-1_1_2"
"275","ACTTCGCAGAAGGGAT-1_1_2"
"276","ACTTCGCAGCTGAAGC-1_1_2"
"277","ACTTCGCAGTTGAAAC-1_1_2"
"278","ACTTTCAGTACGTGAG-1_1_2"
"279","ACTTTCAGTATCAGCT-1_1_2"
"280","ACTTTGTAGAGAACCC-1_1_2"
"281","ACTTTGTAGCCTTTGA-1_1_2"
"282","ACTTTGTGTGTTAGCT-1_1_2"
"283","AGAAATGAGACTGAGC-1_1_2"
"284","AGAAATGAGTAGAATC-1_1_2"
"285","AGAAATGTCCGTGGCA-1_1_2"
"286","AGAACAAAGGTTAGTA-1_1_2"
"287","AGAACAAAGTTTGAGA-1_1_2"
"288","AGAACAAGTCCGGTCA-1_1_2"
"289","AGAACAATCTACACTT-1_1_2"
"290","AGAACAATCTGGTTGA-1_1_2"
"291","AGAACCTAGGTCTACT-1_1_2"
"292","AGAACCTCAGCAGGAT-1_1_2"
"293","AGAACCTGTGTGTACT-1_1_2"
"294","AGAAGCGAGTGGCAGT-1_1_2"
"295","AGAAGCGCAAGCGAAC-1_1_2"
"296","AGAAGCGGTTAGGACG-1_1_2"
"297","AGAAGCGTCCGGACTG-1_1_2"
"298","AGAAGTAGTCATTCCC-1_1_2"
"299","AGAAGTAGTTCTCGTC-1_1_2"
"300","AGACAAAAGCTCTGTA-1_1_2"
"301","AGACACTCAACAGTGG-1_1_2"
"302","AGACACTGTGAACGGT-1_1_2"
"303","AGACACTTCCATTTAC-1_1_2"
"304","AGACACTTCGTAACCA-1_1_2"
"305","AGACAGGAGCGTGTTT-1_1_2"
"306","AGACAGGCAATGGCAG-1_1_2"
"307","AGACAGGGTTCTTAGG-1_1_2"
"308","AGACAGGTCACTTCTA-1_1_2"
"309","AGACCATAGTACTGGG-1_1_2"
"310","AGACCATGTAGATTGA-1_1_2"
"311","AGACCATGTGCCTATA-1_1_2"
"312","AGACCCGAGCGTTGTT-1_1_2"
"313","AGACCCGAGCTGCGAA-1_1_2"
"314","AGACCCGCAGTTCACA-1_1_2"
"315","AGACCCGGTTAACAGA-1_1_2"
"316","AGACCCGGTTATAGAG-1_1_2"
"317","AGACCCGTCTCGCGTT-1_1_2"
"318","AGACTCAAGACGCATG-1_1_2"
"319","AGACTCACACGTACTA-1_1_2"
"320","AGAGAATCAGAAGTTA-1_1_2"
"321","AGAGAATTCTGGCCTT-1_1_2"
"322","AGAGAGCAGTAAGACT-1_1_2"
"323","AGAGAGCAGTCAACAA-1_1_2"
"324","AGAGAGCCAAAGCGTG-1_1_2"
"325","AGAGAGCCAACTTCTT-1_1_2"
"326","AGAGAGCCACACCGCA-1_1_2"
"327","AGAGAGCGTTCTAACG-1_1_2"
"328","AGAGAGCGTTGCGTAT-1_1_2"
"329","AGAGCAGCAGGCGATA-1_1_2"
"330","AGAGCAGTCTGTCGCT-1_1_2"
"331","AGAGCCCAGAGCATAT-1_1_2"
"332","AGAGCCCCACGTCGGT-1_1_2"
"333","AGAGCCCCAGTATTCG-1_1_2"
"334","AGAGCCCGTCAGGCAA-1_1_2"
"335","AGAGCCCTCATTTGGG-1_1_2"
"336","AGAGCCCTCGCACGGT-1_1_2"
"337","AGATAGAAGCCAAGCA-1_1_2"
"338","AGATAGAAGCTTCGTA-1_1_2"
"339","AGATAGACATTGGCAT-1_1_2"
"340","AGATCCAAGAATGTTG-1_1_2"
"341","AGATCCATCCGTCAAA-1_1_2"
"342","AGATCGTCAGAAATTG-1_1_2"
"343","AGATCGTGTGTTCAGT-1_1_2"
"344","AGATGCTCACTGTCGG-1_1_2"
"345","AGATGCTCAGCTTCGG-1_1_2"
"346","AGCATCACAGCTGAAG-1_1_2"
"347","AGCATCATCAACCTTT-1_1_2"
"348","AGCCAATAGCAAACAT-1_1_2"
"349","AGCCAATCACAAAGCG-1_1_2"
"350","AGCCAATGTATCAAGA-1_1_2"
"351","AGCCAATGTATTAAGG-1_1_2"
"352","AGCCAATTCTGAGTCA-1_1_2"
"353","AGCCACGAGAGAGGTA-1_1_2"
"354","AGCCACGCATAGGTAA-1_1_2"
"355","AGCCAGCAGGAGGTTC-1_1_2"
"356","AGCCAGCGTTAGGGAC-1_1_2"
"357","AGCGATTTCTCAACCC-1_1_2"
"358","AGCGCTGCAACTGATC-1_1_2"
"359","AGCGCTGGTAGATGTA-1_1_2"
"360","AGCGCTGGTGTAGTGG-1_1_2"
"361","AGCGTATCAACTAGAA-1_1_2"
"362","AGCGTATGTACTGCCG-1_1_2"
"363","AGCGTATGTAGCGTCC-1_1_2"
"364","AGCGTCGGTCTACGAT-1_1_2"
"365","AGCGTCGTCACTCCGT-1_1_2"
"366","AGCTACACAAGAGCTG-1_1_2"
"367","AGCTCAAAGGGTATAT-1_1_2"
"368","AGCTCAAGTTAAACAG-1_1_2"
"369","AGGAAATGTGCGAACA-1_1_2"
"370","AGGAAATGTGCGAGTA-1_1_2"
"371","AGGAAATTCAGCGCAC-1_1_2"
"372","AGGAAATTCCCATTTA-1_1_2"
"373","AGGAAATTCCCTCTCC-1_1_2"
"374","AGGAATACAGGTGGAT-1_1_2"
"375","AGGACGAAGATCGCTT-1_1_2"
"376","AGGACGAAGTCTGTAC-1_1_2"
"377","AGGACGACATCTTAGG-1_1_2"
"378","AGGACGAGTAACCCGC-1_1_2"
"379","AGGACGAGTCACAGTT-1_1_2"
"380","AGGACGATCGGAGCAA-1_1_2"
"381","AGGACTTAGTCCCAGC-1_1_2"
"382","AGGACTTGTACCGGAA-1_1_2"
"383","AGGACTTGTCGAACGA-1_1_2"
"384","AGGACTTGTTAAAGTG-1_1_2"
"385","AGGACTTTCACGATAC-1_1_2"
"386","AGGAGGTAGATGCTAA-1_1_2"
"387","AGGAGGTAGGCGCTCT-1_1_2"
"388","AGGAGGTGTAAGAACT-1_1_2"
"389","AGGAGGTTCAATCCGA-1_1_2"
"390","AGGAGGTTCCAGGACC-1_1_2"
"391","AGGATAAAGGCCTGCT-1_1_2"
"392","AGGATAAGTCCAAATC-1_1_2"
"393","AGGATCTAGCTCCCTT-1_1_2"
"394","AGGATCTCAATCGCAT-1_1_2"
"395","AGGATCTTCGATCCAA-1_1_2"
"396","AGGCATTGTTAGCTAC-1_1_2"
"397","AGGCCACCAAGAAACT-1_1_2"
"398","AGGCCACCACAACGAG-1_1_2"
"399","AGGCCACCAGCAGGAT-1_1_2"
"400","AGGCCACTCGGCTATA-1_1_2"
"401","AGGCTGCCAAGAGTAT-1_1_2"
"402","AGGCTGCCATTCTCTA-1_1_2"
"403","AGGCTGCGTCAGTCGC-1_1_2"
"404","AGGCTGCTCATGAGAA-1_1_2"
"405","AGGGAGTGTACTCGTA-1_1_2"
"406","AGGGCCTCAAATCCCA-1_1_2"
"407","AGGGCCTCATCGTTCC-1_1_2"
"408","AGGGCCTGTAACACCT-1_1_2"
"409","AGGGCCTGTAGCCCTG-1_1_2"
"410","AGGGCTCAGTAGACCG-1_1_2"
"411","AGGGCTCTCCATCGTC-1_1_2"
"412","AGGGTCCAGCTGACCC-1_1_2"
"413","AGGGTCCGTCGTTGCG-1_1_2"
"414","AGGGTCCGTGTCATTG-1_1_2"
"415","AGGGTCCGTTCTTCAT-1_1_2"
"416","AGGGTCCTCACCCTTG-1_1_2"
"417","AGGGTCCTCGTTTACT-1_1_2"
"418","AGGGTGAAGCTGTGCC-1_1_2"
"419","AGGGTGAGTTGCATTG-1_1_2"
"420","AGGGTTTAGGTGCCAA-1_1_2"
"421","AGGGTTTAGTGGTTGG-1_1_2"
"422","AGGGTTTTCTGGACTA-1_1_2"
"423","AGGTAGGAGATACCAA-1_1_2"
"424","AGGTAGGGTGCAATGG-1_1_2"
"425","AGGTCATCAACCAGAG-1_1_2"
"426","AGGTCATCATTACTCT-1_1_2"
"427","AGGTCATTCATGAGGG-1_1_2"
"428","AGGTCTACAGAAGTGC-1_1_2"
"429","AGGTCTATCTGCTGAA-1_1_2"
"430","AGGTGTTCAAGTAGTA-1_1_2"
"431","AGGTGTTGTAATCAGA-1_1_2"
"432","AGGTTACTCTCAACGA-1_1_2"
"433","AGGTTGTAGACCCGCT-1_1_2"
"434","AGGTTGTAGTTCTCTT-1_1_2"
"435","AGGTTGTCATTGTAGC-1_1_2"
"436","AGGTTGTGTGAGTTTC-1_1_2"
"437","AGGTTGTTCACTGGTA-1_1_2"
"438","AGGTTGTTCTCCCATG-1_1_2"
"439","AGTAACCGTGGATTTC-1_1_2"
"440","AGTACCAGTAACAAGT-1_1_2"
"441","AGTACTGGTTGCGGCT-1_1_2"
"442","AGTAGCTAGCTTTCCC-1_1_2"
"443","AGTAGCTCACAAAGTA-1_1_2"
"444","AGTAGCTCAGGACATG-1_1_2"
"445","AGTAGCTGTTTGGGAG-1_1_2"
"446","AGTAGTCAGCGGATCA-1_1_2"
"447","AGTAGTCGTCGTTGGC-1_1_2"
"448","AGTAGTCGTTCTCTAT-1_1_2"
"449","AGTAGTCTCTGCTGAA-1_1_2"
"450","AGTCAACCACGGTGTC-1_1_2"
"451","AGTCAACCATCACGGC-1_1_2"
"452","AGTCAACTCTCGAACA-1_1_2"
"453","AGTCACACAAGATTGA-1_1_2"
"454","AGTCACAGTTGAAGTA-1_1_2"
"455","AGTCATGCAGATAAAC-1_1_2"
"456","AGTCATGTCAACACGT-1_1_2"
"457","AGTCTCCCATCAACCA-1_1_2"
"458","AGTCTCCGTTAAGGAT-1_1_2"
"459","AGTGACTTCCGGTAGC-1_1_2"
"460","AGTGACTTCGGTCTAA-1_1_2"
"461","AGTGATCGTACTTGTG-1_1_2"
"462","AGTGATCTCCTTCGAC-1_1_2"
"463","AGTGATCTCGGTTAGT-1_1_2"
"464","AGTGTTGAGGTTCTAC-1_1_2"
"465","AGTGTTGTCCATTCGC-1_1_2"
"466","AGTTAGCAGTTGAATG-1_1_2"
"467","AGTTAGCGTTCGAGCC-1_1_2"
"468","AGTTCCCAGCAATTCC-1_1_2"
"469","AGTTCGAGTATCTTCT-1_1_2"
"470","AGTTCGAGTCGGCACT-1_1_2"
"471","AGTTCGAGTTACGTAC-1_1_2"
"472","ATACCGAAGGCAGGTT-1_1_2"
"473","ATACCGAGTACCCGAC-1_1_2"
"474","ATACCTTAGAGTGACC-1_1_2"
"475","ATACCTTCACAAGTGG-1_1_2"
"476","ATACCTTCACACGGAA-1_1_2"
"477","ATACCTTTCCGTTGAA-1_1_2"
"478","ATACCTTTCTATACTC-1_1_2"
"479","ATACTTCAGTTGCCTA-1_1_2"
"480","ATACTTCGTCCGAAGA-1_1_2"
"481","ATACTTCGTCTGTAGT-1_1_2"
"482","ATACTTCTCTGGGATT-1_1_2"
"483","ATAGACCAGCACCAGA-1_1_2"
"484","ATAGACCCATCCGAAT-1_1_2"
"485","ATAGAGAAGAGAGCGG-1_1_2"
"486","ATAGAGACAATTGCGT-1_1_2"
"487","ATAGAGAGTTTCGATG-1_1_2"
"488","ATAGAGATCAAGTAAG-1_1_2"
"489","ATAGAGATCCTACGGG-1_1_2"
"490","ATAGAGATCTACTCAT-1_1_2"
"491","ATAGGCTAGGGTCAAC-1_1_2"
"492","ATAGGCTGTCCTACAA-1_1_2"
"493","ATAGGCTGTGAGATCG-1_1_2"
"494","ATATCCTAGCCGGATA-1_1_2"
"495","ATATCCTCAAGAGGTC-1_1_2"
"496","ATATCCTGTTCTCGTC-1_1_2"
"497","ATATCCTTCGATACTG-1_1_2"
"498","ATCACAGAGACAGTCG-1_1_2"
"499","ATCACGAAGCAGGTCA-1_1_2"
"500","ATCACGAAGCTAAGTA-1_1_2"
"501","ATCACGATCATTCGGA-1_1_2"
"502","ATCAGGTAGGAAGAAC-1_1_2"
"503","ATCATTCAGCAGAAAG-1_1_2"
"504","ATCATTCAGGCGAAGG-1_1_2"
"505","ATCATTCCACAAGTGG-1_1_2"
"506","ATCATTCCAGTCAGTT-1_1_2"
"507","ATCATTCCATGGAACG-1_1_2"
"508","ATCCACCAGAGCCATG-1_1_2"
"509","ATCCACCGTCCCTCAT-1_1_2"
"510","ATCCATTAGGGTTAGC-1_1_2"
"511","ATCCATTAGGTGCTTT-1_1_2"
"512","ATCCATTCAGAACCGA-1_1_2"
"513","ATCCATTTCCTTCTTC-1_1_2"
"514","ATCCCTGGTTGCCGAC-1_1_2"
"515","ATCCTATAGCTCGAAG-1_1_2"
"516","ATCCTATAGTTACGGG-1_1_2"
"517","ATCCTATCAGCGTTTA-1_1_2"
"518","ATCCTATTCAGATTGC-1_1_2"
"519","ATCGATGAGGCCTTGC-1_1_2"
"520","ATCGATGAGGTATCTC-1_1_2"
"521","ATCGATGCATGTTCAG-1_1_2"
"522","ATCGCCTAGTGATCGG-1_1_2"
"523","ATCGCCTGTCATCCCT-1_1_2"
"524","ATCGCCTGTCCTACAA-1_1_2"
"525","ATCGCCTTCAACCGAT-1_1_2"
"526","ATCGCCTTCCCTGTTG-1_1_2"
"527","ATCGGATCAGGTGTGA-1_1_2"
"528","ATCGGATCATGAATCC-1_1_2"
"529","ATCGGCGAGGCTAAAT-1_1_2"
"530","ATCGGCGGTGTTCATG-1_1_2"
"531","ATCGTAGCATCGGAAG-1_1_2"
"532","ATCGTAGGTGGATGAC-1_1_2"
"533","ATCGTCCAGACTCTAC-1_1_2"
"534","ATCGTCCGTGATTCAC-1_1_2"
"535","ATCGTCCTCGCGATCG-1_1_2"
"536","ATCGTCCTCGCGGACT-1_1_2"
"537","ATCGTGAAGCTGAAGC-1_1_2"
"538","ATCGTGAGTATCAGGG-1_1_2"
"539","ATCTCTAAGAGTGTTA-1_1_2"
"540","ATCTCTAAGGAAAGGT-1_1_2"
"541","ATCTCTAAGTGGCAGT-1_1_2"
"542","ATCTCTATCGCCCAGA-1_1_2"
"543","ATCTTCAAGCATGGGT-1_1_2"
"544","ATGAAAGCAAGTTTGC-1_1_2"
"545","ATGAGGGAGGAGCTGT-1_1_2"
"546","ATGAGTCAGCGAATGC-1_1_2"
"547","ATGATCGAGGTTCCAT-1_1_2"
"548","ATGATCGCAAGTACCT-1_1_2"
"549","ATGATCGCAGCACAGA-1_1_2"
"550","ATGATCGGTGTAACGG-1_1_2"
"551","ATGCATGAGTCACTCA-1_1_2"
"552","ATGCATGCACTGGACC-1_1_2"
"553","ATGCCTCAGAGGTCAC-1_1_2"
"554","ATGCCTCGTCTGATAC-1_1_2"
"555","ATGCGATAGCTTTCCC-1_1_2"
"556","ATGGAGGCACGCTTAA-1_1_2"
"557","ATGGAGGGTGTGTCGC-1_1_2"
"558","ATGGATCAGGACAGTC-1_1_2"
"559","ATGGATCCATCCGGCA-1_1_2"
"560","ATGGATCCATCTTCGC-1_1_2"
"561","ATGGGAGGTATGCTAC-1_1_2"
"562","ATGGGAGTCCTATTTG-1_1_2"
"563","ATGGGAGTCGGACTGC-1_1_2"
"564","ATGGGAGTCTTTGCGC-1_1_2"
"565","ATGGGTTGTAGATCGG-1_1_2"
"566","ATGGGTTGTAGCTGTT-1_1_2"
"567","ATGGTTGTCCTTCGAC-1_1_2"
"568","ATGTCCCAGTGTTGTC-1_1_2"
"569","ATGTCTTAGATGCTTC-1_1_2"
"570","ATGTCTTGTAGATCCT-1_1_2"
"571","ATGTCTTGTATGCTTG-1_1_2"
"572","ATGTCTTGTCTGTTAG-1_1_2"
"573","ATGTCTTGTGTTTCTT-1_1_2"
"574","ATTACCTCAGTAGAAT-1_1_2"
"575","ATTACCTCATCTCGTC-1_1_2"
"576","ATTACCTTCGACGCTG-1_1_2"
"577","ATTACTCAGACCTCAT-1_1_2"
"578","ATTACTCCAAATGAGT-1_1_2"
"579","ATTACTCCAAGAGCTG-1_1_2"
"580","ATTATCCGTACCGTCG-1_1_2"
"581","ATTCACTAGTACAGAT-1_1_2"
"582","ATTCACTAGTCACGAG-1_1_2"
"583","ATTCACTCAGGTTACT-1_1_2"
"584","ATTCACTTCATCGTAG-1_1_2"
"585","ATTCAGGCAGAAACCG-1_1_2"
"586","ATTCAGGTCCGAGCTG-1_1_2"
"587","ATTCATCAGATGCGAC-1_1_2"
"588","ATTCCATAGCGACAGT-1_1_2"
"589","ATTCCATCACGTATAC-1_1_2"
"590","ATTCCATCAGATACCT-1_1_2"
"591","ATTCCATCAGCAGGAT-1_1_2"
"592","ATTCCATTCGTGACTA-1_1_2"
"593","ATTCCCGAGAGCCATG-1_1_2"
"594","ATTCCTACAGGACGAT-1_1_2"
"595","ATTCCTAGTTAGTCGT-1_1_2"
"596","ATTCGTTAGGGACCAT-1_1_2"
"597","ATTCTACAGTAGTCAA-1_1_2"
"598","ATTCTACGTAGTCGGA-1_1_2"
"599","ATTCTTGAGGCTGTAG-1_1_2"
"600","ATTCTTGAGTCATGCT-1_1_2"
"601","ATTCTTGCAAGAGGCT-1_1_2"
"602","ATTCTTGGTAGACAGC-1_1_2"
"603","ATTCTTGGTGTAGTGG-1_1_2"
"604","ATTGGGTGTGACATCT-1_1_2"
"605","ATTGTTCAGATCCGAG-1_1_2"
"606","ATTGTTCAGGCTCCCA-1_1_2"
"607","ATTGTTCAGTGGACGT-1_1_2"
"608","ATTGTTCCAGCAGACA-1_1_2"
"609","ATTGTTCGTGTCCGTG-1_1_2"
"610","ATTTACCCATCAGTGT-1_1_2"
"611","ATTTACCGTAGTATAG-1_1_2"
"612","ATTTCACAGGATCACG-1_1_2"
"613","ATTTCACAGTTAGTGA-1_1_2"
"614","ATTTCACCATATGAAG-1_1_2"
"615","ATTTCACTCCAAGCAT-1_1_2"
"616","ATTTCTGAGTGTTGAA-1_1_2"
"617","ATTTCTGCAGTTGGTT-1_1_2"
"618","ATTTCTGTCAATGTCG-1_1_2"
"619","ATTTCTGTCAGGGATG-1_1_2"
"620","CAAAGAACAACTGAAA-1_1_2"
"621","CAAAGAAGTAGGTAGC-1_1_2"
"622","CAAAGAAGTCGAGCAA-1_1_2"
"623","CAACAACGTCCAAGAG-1_1_2"
"624","CAACAACTCACCACAA-1_1_2"
"625","CAACAGTAGACGAGCT-1_1_2"
"626","CAACAGTTCTCCACTG-1_1_2"
"627","CAACCAACACAGAGAC-1_1_2"
"628","CAACCAACATAATCCG-1_1_2"
"629","CAACCAAGTCGCCTAG-1_1_2"
"630","CAACCAAGTCGCGTCA-1_1_2"
"631","CAACCTCGTCCTGGGT-1_1_2"
"632","CAACCTCGTCGTGGAA-1_1_2"
"633","CAACCTCGTGAATGAT-1_1_2"
"634","CAACCTCGTTTGGCTA-1_1_2"
"635","CAACCTCTCCCAAGCG-1_1_2"
"636","CAACCTCTCCTTGACC-1_1_2"
"637","CAACGATGTTCGTTCC-1_1_2"
"638","CAACGATTCATCGCCT-1_1_2"
"639","CAACGGCAGACTGTTC-1_1_2"
"640","CAACGGCGTGGTCTAT-1_1_2"
"641","CAACGGCTCTCGTCGT-1_1_2"
"642","CAAGACTGTACATACC-1_1_2"
"643","CAAGACTTCTAGGCAT-1_1_2"
"644","CAAGACTTCTCCGATC-1_1_2"
"645","CAAGAGGGTCTCGCGA-1_1_2"
"646","CAAGAGGGTGGGACAT-1_1_2"
"647","CAAGAGGGTTAATCGC-1_1_2"
"648","CAAGAGGTCGTTCATT-1_1_2"
"649","CAAGCTAGTGTCTTGA-1_1_2"
"650","CAAGCTATCACTACGA-1_1_2"
"651","CAATACGAGGGTCACA-1_1_2"
"652","CAATACGGTCACATTG-1_1_2"
"653","CAATCGAAGTCACACT-1_1_2"
"654","CAATCGAGTATCGCTA-1_1_2"
"655","CAATTTCAGCTAAATG-1_1_2"
"656","CAATTTCTCACTAGCA-1_1_2"
"657","CAATTTCTCGTTGTTT-1_1_2"
"658","CACAACAAGGCACTAG-1_1_2"
"659","CACAACACATGACACT-1_1_2"
"660","CACAACAGTAGAGATT-1_1_2"
"661","CACAACATCAAAGGAT-1_1_2"
"662","CACAACATCCCGTAAA-1_1_2"
"663","CACAGATAGATTACCC-1_1_2"
"664","CACAGATAGTCGGCCT-1_1_2"
"665","CACAGATCAGCAGTGA-1_1_2"
"666","CACAGATCATGCACTA-1_1_2"
"667","CACAGATGTGGCTAGA-1_1_2"
"668","CACAGATTCCGCAGTG-1_1_2"
"669","CACATGAAGGCATCGA-1_1_2"
"670","CACCAAAAGTAATCCC-1_1_2"
"671","CACCAAATCATAGCAC-1_1_2"
"672","CACCAAATCTCGACGG-1_1_2"
"673","CACCGTTAGGCATGCA-1_1_2"
"674","CACGAATAGGTGCAGT-1_1_2"
"675","CACGAATGTAGTCTTG-1_1_2"
"676","CACGGGTTCGTCCATC-1_1_2"
"677","CACGTGGCACGAGGTA-1_1_2"
"678","CACGTGGCAGAGGACT-1_1_2"
"679","CACGTTCAGGGAGTGG-1_1_2"
"680","CACGTTCCAATCTGCA-1_1_2"
"681","CACGTTCCACATTCTT-1_1_2"
"682","CACGTTCTCTGATGGT-1_1_2"
"683","CACTGAAAGCGAATGC-1_1_2"
"684","CACTGAATCTAAGGAA-1_1_2"
"685","CACTGGGAGCCTTTCC-1_1_2"
"686","CACTGGGTCGTCTACC-1_1_2"
"687","CACTGTCAGCGTTGTT-1_1_2"
"688","CACTGTCTCCGTAGTA-1_1_2"
"689","CACTTCGTCACCGGGT-1_1_2"
"690","CACTTCGTCTTCGATT-1_1_2"
"691","CAGAGCCAGGAATCGC-1_1_2"
"692","CAGAGCCCAGTATACC-1_1_2"
"693","CAGAGCCGTGTCTAAC-1_1_2"
"694","CAGAGCCGTTTAGACC-1_1_2"
"695","CAGATACAGAATCGAT-1_1_2"
"696","CAGATACAGTCATGAA-1_1_2"
"697","CAGATACGTCTGTCAA-1_1_2"
"698","CAGATACGTGGAGAAA-1_1_2"
"699","CAGATCAAGCGCATCC-1_1_2"
"700","CAGATCAAGCTTGTTG-1_1_2"
"701","CAGATCATCCACGTCT-1_1_2"
"702","CAGATCATCGAATCCA-1_1_2"
"703","CAGATTGCACCTGCAG-1_1_2"
"704","CAGATTGCAGAGAAAG-1_1_2"
"705","CAGATTGCATCGTGCG-1_1_2"
"706","CAGCAATAGATCGGTG-1_1_2"
"707","CAGCAATTCGGCTGAC-1_1_2"
"708","CAGCACGAGTAAAGCT-1_1_2"
"709","CAGCAGCAGGTCATCT-1_1_2"
"710","CAGCAGCCACAGACGA-1_1_2"
"711","CAGCCAGAGAGTGTGC-1_1_2"
"712","CAGCCAGCACGTTCGG-1_1_2"
"713","CAGCCAGTCATAGAGA-1_1_2"
"714","CAGCCAGTCCTGCTAC-1_1_2"
"715","CAGCGTGCAAAGCAAT-1_1_2"
"716","CAGGGCTGTCACGACC-1_1_2"
"717","CAGGGCTTCCCTTCCC-1_1_2"
"718","CAGGTATAGCAAACAT-1_1_2"
"719","CAGTGCGAGCCAGACA-1_1_2"
"720","CAGTGCGTCACTCTTA-1_1_2"
"721","CAGTTCCTCGGATACT-1_1_2"
"722","CATAAGCCATCGGTTA-1_1_2"
"723","CATAAGCGTTCAGCTA-1_1_2"
"724","CATACAGAGCACTAGG-1_1_2"
"725","CATACAGCAGGTGGAT-1_1_2"
"726","CATACAGTCTGGACCG-1_1_2"
"727","CATACCCAGCCACCGT-1_1_2"
"728","CATACCCAGTACCATC-1_1_2"
"729","CATACCCGTAGCTGAG-1_1_2"
"730","CATACCCGTATTGACC-1_1_2"
"731","CATACCCGTCGGTACC-1_1_2"
"732","CATACCCGTTGGGTTT-1_1_2"
"733","CATACCCTCTACCAGA-1_1_2"
"734","CATACTTCAGGCGATA-1_1_2"
"735","CATACTTGTTTCGTGA-1_1_2"
"736","CATACTTTCAAACGAA-1_1_2"
"737","CATACTTTCCATACAG-1_1_2"
"738","CATAGACGTATGCGGA-1_1_2"
"739","CATAGACTCAAAGACA-1_1_2"
"740","CATAGACTCACGAACT-1_1_2"
"741","CATAGACTCGCGTAGC-1_1_2"
"742","CATCAAGCAAATCGTC-1_1_2"
"743","CATCAAGCAAGATGGC-1_1_2"
"744","CATCAAGCATGACTTG-1_1_2"
"745","CATCAAGGTGACGCCT-1_1_2"
"746","CATCAAGTCGTAGCCG-1_1_2"
"747","CATCCACCACTGGAAG-1_1_2"
"748","CATCCACCATCTGTTT-1_1_2"
"749","CATCCACGTGGCCCAT-1_1_2"
"750","CATCCCAGTAGGAGTC-1_1_2"
"751","CATCCGTGTACGTGAG-1_1_2"
"752","CATCCGTTCGGACCAC-1_1_2"
"753","CATCGCTAGGCTTAGG-1_1_2"
"754","CATCGCTAGTTGGACG-1_1_2"
"755","CATCGCTCAGTTAAAG-1_1_2"
"756","CATCGCTCATCCCACT-1_1_2"
"757","CATCGGGCACATATCG-1_1_2"
"758","CATCGTCGTCCACACG-1_1_2"
"759","CATGAGTCAAGGTCTT-1_1_2"
"760","CATGAGTGTGTCCGGT-1_1_2"
"761","CATGAGTTCATCAGTG-1_1_2"
"762","CATGCCTAGTACCGGA-1_1_2"
"763","CATGCCTTCGTCTACC-1_1_2"
"764","CATGCGGGTCTACGTA-1_1_2"
"765","CATGCGGTCGTAGTCA-1_1_2"
"766","CATGCTCAGATTACCC-1_1_2"
"767","CATGCTCCAGTAACAA-1_1_2"
"768","CATGCTCTCGCACGAC-1_1_2"
"769","CATGGATAGATGGGCT-1_1_2"
"770","CATGGATAGTCTAACC-1_1_2"
"771","CATGGATCACTGGCCA-1_1_2"
"772","CATGGTAAGGCATCTT-1_1_2"
"773","CATGGTATCCTGTAGA-1_1_2"
"774","CATGGTATCTAAGGAA-1_1_2"
"775","CATTCATCAAGGCAAC-1_1_2"
"776","CATTCATGTACAGAGC-1_1_2"
"777","CATTCATGTACGCTTA-1_1_2"
"778","CATTCCGAGCATTGTC-1_1_2"
"779","CATTCCGAGGAAGTAG-1_1_2"
"780","CATTCCGCATATCTGG-1_1_2"
"781","CATTCTACAGCTGTCG-1_1_2"
"782","CATTCTAGTCACAGAG-1_1_2"
"783","CATTGAGCAAATGGAT-1_1_2"
"784","CATTGCCAGCTAAGTA-1_1_2"
"785","CATTGCCCAGTAACAA-1_1_2"
"786","CATTGCCTCCAAGCAT-1_1_2"
"787","CATTGTTGTTAGAAGT-1_1_2"
"788","CATTGTTTCACCGGTG-1_1_2"
"789","CCAAGCGGTCTAATCG-1_1_2"
"790","CCAAGCGTCAGCAGAG-1_1_2"
"791","CCAATGAAGATACCAA-1_1_2"
"792","CCAATGAAGTGATAAC-1_1_2"
"793","CCAATGACATGTCGTA-1_1_2"
"794","CCAATTTAGCGATTCT-1_1_2"
"795","CCAATTTAGTGCACAG-1_1_2"
"796","CCACAAAGTATCAAGA-1_1_2"
"797","CCACAAATCGCAGATT-1_1_2"
"798","CCACACTCAGCGGTCT-1_1_2"
"799","CCACACTCATATGGCT-1_1_2"
"800","CCACCATTCAGCAATC-1_1_2"
"801","CCACCATTCCGATTAG-1_1_2"
"802","CCACCATTCCTTGAAG-1_1_2"
"803","CCACGAGCAGCGAACA-1_1_2"
"804","CCACGAGGTCACAGAG-1_1_2"
"805","CCACGAGGTGTTACAC-1_1_2"
"806","CCACGAGTCGATCCCT-1_1_2"
"807","CCACGTTGTTGGGCCT-1_1_2"
"808","CCACGTTGTTGTTGAC-1_1_2"
"809","CCACGTTTCAGACATC-1_1_2"
"810","CCACTTGCACTGCGTG-1_1_2"
"811","CCACTTGCAGGTTTAC-1_1_2"
"812","CCACTTGCATCTTCGC-1_1_2"
"813","CCACTTGTCTCCTGCA-1_1_2"
"814","CCATAAGAGGGACAGG-1_1_2"
"815","CCATAAGCATTGTGCA-1_1_2"
"816","CCATAAGGTATTAAGG-1_1_2"
"817","CCATAAGTCGCAAGAG-1_1_2"
"818","CCATCACAGTGGTTAA-1_1_2"
"819","CCATCACCATGTCTAG-1_1_2"
"820","CCATCACGTGGCAACA-1_1_2"
"821","CCCAACTAGGACAGTC-1_1_2"
"822","CCCATTGCAAGACCGA-1_1_2"
"823","CCCATTGGTTGGCCTG-1_1_2"
"824","CCCATTGTCTACTGCC-1_1_2"
"825","CCCGAAGAGAGCCGAT-1_1_2"
"826","CCCGAAGAGTCTTGGT-1_1_2"
"827","CCCGAAGCAAATTGCC-1_1_2"
"828","CCCGAAGCAACAGATA-1_1_2"
"829","CCCGAAGGTAGGCAAC-1_1_2"
"830","CCCGAAGTCTTTGGAG-1_1_2"
"831","CCCGGAAAGTCCCAAT-1_1_2"
"832","CCCGGAAGTATTCTCT-1_1_2"
"833","CCCGGAAGTCAAGTTC-1_1_2"
"834","CCCGGAATCGCGATCG-1_1_2"
"835","CCCTAACAGAAGCCAC-1_1_2"
"836","CCCTAACAGCAGCACA-1_1_2"
"837","CCCTAACAGGCGTTGA-1_1_2"
"838","CCCTAACCAAATGGTA-1_1_2"
"839","CCCTAACGTCAGCTTA-1_1_2"
"840","CCCTCAACAGAAGTTA-1_1_2"
"841","CCCTCAAGTAATCAGA-1_1_2"
"842","CCCTCAATCGGACAAG-1_1_2"
"843","CCCTCTCCAGCACCCA-1_1_2"
"844","CCCTCTCTCGCTGCGA-1_1_2"
"845","CCCTGATCACCTCGTT-1_1_2"
"846","CCCTGATCAGATTAAG-1_1_2"
"847","CCCTTAGCAAAGCTAA-1_1_2"
"848","CCCTTAGCATGAAGCG-1_1_2"
"849","CCGAACGCACTCCACT-1_1_2"
"850","CCGAACGGTACCCAGC-1_1_2"
"851","CCGAACGGTTTGTTCT-1_1_2"
"852","CCGATCTGTATCAGGG-1_1_2"
"853","CCGATGGAGGGTCTTT-1_1_2"
"854","CCGCAAGGTAGATGTA-1_1_2"
"855","CCGGACACACGCTATA-1_1_2"
"856","CCGGTAGCAAGAAATC-1_1_2"
"857","CCGGTAGCACACGGTC-1_1_2"
"858","CCGGTGAAGCGTACAG-1_1_2"
"859","CCGGTGAAGGCAGCTA-1_1_2"
"860","CCGGTGACAAACTGCT-1_1_2"
"861","CCGGTGATCCACACAA-1_1_2"
"862","CCGTAGGCAGCTACTA-1_1_2"
"863","CCGTAGGGTTGGATCT-1_1_2"
"864","CCGTAGGTCTTCCCGA-1_1_2"
"865","CCGTGAGGTAGCGTTT-1_1_2"
"866","CCGTGAGGTTTACACG-1_1_2"
"867","CCGTGAGTCGGTAGAG-1_1_2"
"868","CCTAACCAGTAGCCAG-1_1_2"
"869","CCTAACCCAAGGAGTC-1_1_2"
"870","CCTAACCTCAAACGTC-1_1_2"
"871","CCTAAGACACTTTATC-1_1_2"
"872","CCTAAGAGTGTCCTAA-1_1_2"
"873","CCTAAGATCCTAGCTC-1_1_2"
"874","CCTACGTGTACAGTCT-1_1_2"
"875","CCTACGTGTCACCCTT-1_1_2"
"876","CCTATCGTCGTTCTGC-1_1_2"
"877","CCTATCGTCTTGTGCC-1_1_2"
"878","CCTCAACAGGGACTGT-1_1_2"
"879","CCTCACAAGTGGATTA-1_1_2"
"880","CCTCACATCCTGGGAC-1_1_2"
"881","CCTCAGTAGATTGAGT-1_1_2"
"882","CCTCATGAGTGAGTTA-1_1_2"
"883","CCTCATGCAGTGGGTA-1_1_2"
"884","CCTCATGTCAAGCTGT-1_1_2"
"885","CCTCATGTCATTGCGA-1_1_2"
"886","CCTCATGTCTGTGTGA-1_1_2"
"887","CCTCCAATCCACGGGT-1_1_2"
"888","CCTCCAATCCATATGG-1_1_2"
"889","CCTCCTCGTTCGTAAC-1_1_2"
"890","CCTCCTCGTTCTGAGT-1_1_2"
"891","CCTCCTCTCCGTGTCT-1_1_2"
"892","CCTCCTCTCGGCTGGT-1_1_2"
"893","CCTCCTCTCTGGGTCG-1_1_2"
"894","CCTGCATCAACTCCAA-1_1_2"
"895","CCTGCATTCATCGCAA-1_1_2"
"896","CCTGCATTCGGTTGTA-1_1_2"
"897","CCTGTTGCACTGTCGG-1_1_2"
"898","CCTTCAGCACAACATC-1_1_2"
"899","CCTTCAGCACACACTA-1_1_2"
"900","CCTTCAGCAGCATTGT-1_1_2"
"901","CCTTGTGAGCTGACTT-1_1_2"
"902","CCTTGTGAGGGACAGG-1_1_2"
"903","CCTTGTGCAAGCAATA-1_1_2"
"904","CCTTGTGCATGTGGTT-1_1_2"
"905","CCTTGTGGTTGCGAAG-1_1_2"
"906","CCTTTGGCAATGAAAC-1_1_2"
"907","CGAAGTTAGCGCAATG-1_1_2"
"908","CGAAGTTGTGTGTGTT-1_1_2"
"909","CGAAGTTTCATCTCTA-1_1_2"
"910","CGAATTGCAACACACT-1_1_2"
"911","CGAATTGCACTAAACC-1_1_2"
"912","CGAATTGTCCGATAAC-1_1_2"
"913","CGACAGCAGACGAAGA-1_1_2"
"914","CGACAGCCACCAACAT-1_1_2"
"915","CGAGAAGAGCAAGTCG-1_1_2"
"916","CGAGAAGAGTGGTCAG-1_1_2"
"917","CGAGGAAAGGTAGCCA-1_1_2"
"918","CGAGGAAGTTGGTGTT-1_1_2"
"919","CGAGGAATCCCGAGAC-1_1_2"
"920","CGAGGAATCGAGTACT-1_1_2"
"921","CGAGGCTGTACGATCT-1_1_2"
"922","CGAGTGCCAGCTGTAT-1_1_2"
"923","CGAGTGCGTGCGTCGT-1_1_2"
"924","CGAGTGCGTTATAGCC-1_1_2"
"925","CGAGTGCTCAGTCCGG-1_1_2"
"926","CGAGTTAAGCGACTTT-1_1_2"
"927","CGAGTTACAACGTAAA-1_1_2"
"928","CGAGTTAGTCGCTTGG-1_1_2"
"929","CGAGTTATCGGTGAAG-1_1_2"
"930","CGAGTTATCTGCTGAA-1_1_2"
"931","CGAGTTATCTTGGTGA-1_1_2"
"932","CGATCGGTCCGTGACG-1_1_2"
"933","CGATGGCCAGACCTGC-1_1_2"
"934","CGATGGCTCAAGGAGC-1_1_2"
"935","CGCAGGTAGCTCGCAC-1_1_2"
"936","CGCAGGTCAGATACCT-1_1_2"
"937","CGCATAACAAGCCTGC-1_1_2"
"938","CGCATAACACGATAGG-1_1_2"
"939","CGCATAAGTTCCACGG-1_1_2"
"940","CGCATAATCCGTGTAA-1_1_2"
"941","CGCATAATCTTTCTAG-1_1_2"
"942","CGCATGGAGTTTCTTC-1_1_2"
"943","CGCATGGGTGTGACCC-1_1_2"
"944","CGCATGGGTTGCTCGG-1_1_2"
"945","CGCCAGAAGTGCGACA-1_1_2"
"946","CGCCAGAGTAACAGGC-1_1_2"
"947","CGCCAGAGTGATACCT-1_1_2"
"948","CGCCAGATCACCTGTC-1_1_2"
"949","CGCCAGATCCGTTGGG-1_1_2"
"950","CGCCAGATCCTGTAGA-1_1_2"
"951","CGCCATTGTATCGATC-1_1_2"
"952","CGCGTGAGTTACTCAG-1_1_2"
"953","CGCGTGATCTTAGCAG-1_1_2"
"954","CGGAACCCAAACCACT-1_1_2"
"955","CGGAATTAGAAAGCGA-1_1_2"
"956","CGGAATTCAGCGTTTA-1_1_2"
"957","CGGAATTCATGGCTAT-1_1_2"
"958","CGGAGAACACAACGTT-1_1_2"
"959","CGGAGAATCGATGGAG-1_1_2"
"960","CGGAGAATCGCCGAGT-1_1_2"
"961","CGGCAGTAGCAATTCC-1_1_2"
"962","CGGCAGTTCAAAGAAC-1_1_2"
"963","CGGCAGTTCATGGCCG-1_1_2"
"964","CGGGACTAGGTTATAG-1_1_2"
"965","CGGGCATAGCTGAAGC-1_1_2"
"966","CGGGCATAGTAACAGT-1_1_2"
"967","CGGGCATGTTCTCTAT-1_1_2"
"968","CGGGCATTCAACTTTC-1_1_2"
"969","CGGGTGTAGTCGAAAT-1_1_2"
"970","CGGGTGTGTGTTTGCA-1_1_2"
"971","CGGGTGTTCACCTTAT-1_1_2"
"972","CGTAAGTCATACTGAC-1_1_2"
"973","CGTAATGCAAAGCTCT-1_1_2"
"974","CGTAATGCACTCCCTA-1_1_2"
"975","CGTAGTAAGAAGTATC-1_1_2"
"976","CGTAGTAAGCGTTGTT-1_1_2"
"977","CGTAGTACATTGCCGG-1_1_2"
"978","CGTAGTATCCGTGGTG-1_1_2"
"979","CGTAGTATCCTGTTGC-1_1_2"
"980","CGTAGTATCTTAAGGC-1_1_2"
"981","CGTCAAAAGCCTCTTC-1_1_2"
"982","CGTCAAAAGGGATCAC-1_1_2"
"983","CGTCAAACAATTCTCT-1_1_2"
"984","CGTCCATAGCCTTTCC-1_1_2"
"985","CGTCCATAGGGACACT-1_1_2"
"986","CGTCCATTCTTCGCTG-1_1_2"
"987","CGTGAATGTTCTTGCC-1_1_2"
"988","CGTGAATGTTGCGTAT-1_1_2"
"989","CGTGAATTCGTGTTCC-1_1_2"
"990","CGTGATACACCCTTGT-1_1_2"
"991","CGTGCTTGTATCAAGA-1_1_2"
"992","CGTGCTTGTTGTCATG-1_1_2"
"993","CGTGCTTTCAGACCCG-1_1_2"
"994","CGTGCTTTCCAATGCA-1_1_2"
"995","CGTGCTTTCTGTGCAA-1_1_2"
"996","CGTGTCTCAGAGTGAC-1_1_2"
"997","CGTGTCTCATTCATCT-1_1_2"
"998","CGTTAGACACTGGAAG-1_1_2"
"999","CGTTAGAGTGTGCCTG-1_1_2"
"1000","CGTTAGAGTTGTTGTG-1_1_2"
"1001","CGTTCTGCAGACAAAT-1_1_2"
"1002","CGTTCTGGTACCCACG-1_1_2"
"1003","CGTTCTGTCCACTTTA-1_1_2"
"1004","CGTTGGGAGATGGCGT-1_1_2"
"1005","CGTTGGGCATGACTGT-1_1_2"
"1006","CGTTGGGTCTTACGGA-1_1_2"
"1007","CTAACCCCAAGAGGTC-1_1_2"
"1008","CTAACCCCATCGCTAA-1_1_2"
"1009","CTAACCCTCCATCTGC-1_1_2"
"1010","CTAACTTAGTAGCTCT-1_1_2"
"1011","CTAACTTCAAGTCCCG-1_1_2"
"1012","CTAACTTCAGACATCT-1_1_2"
"1013","CTAAGTGCACCCTGTT-1_1_2"
"1014","CTAAGTGGTGTCATCA-1_1_2"
"1015","CTAAGTGGTTACCTTT-1_1_2"
"1016","CTACAGATCTCCCAAC-1_1_2"
"1017","CTACCCAAGCCTCAAT-1_1_2"
"1018","CTACCCAAGGCATCAG-1_1_2"
"1019","CTACGGGCAAGAATGT-1_1_2"
"1020","CTACGGGGTTACCCAA-1_1_2"
"1021","CTACGGGGTTGCTGAT-1_1_2"
"1022","CTACTATAGCACGGAT-1_1_2"
"1023","CTAGACAAGTCGTCTA-1_1_2"
"1024","CTAGACAGTGCATTAC-1_1_2"
"1025","CTAGGTACATTAAAGG-1_1_2"
"1026","CTAGGTAGTACGATGG-1_1_2"
"1027","CTAGGTAGTTCGATTG-1_1_2"
"1028","CTAGGTATCCGTTGGG-1_1_2"
"1029","CTAGGTATCGGAAACG-1_1_2"
"1030","CTATAGGAGTGCTACT-1_1_2"
"1031","CTATAGGCATGTGTCA-1_1_2"
"1032","CTATAGGTCGAAGAAT-1_1_2"
"1033","CTATCCGTCGTAACCA-1_1_2"
"1034","CTATCCGTCTCCACTG-1_1_2"
"1035","CTATCTAAGTCGGGAT-1_1_2"
"1036","CTATCTATCTTACCGC-1_1_2"
"1037","CTCAACCCAACCTATG-1_1_2"
"1038","CTCAACCCATTGACCA-1_1_2"
"1039","CTCAACCTCCAGCAAT-1_1_2"
"1040","CTCAACCTCCATAAGC-1_1_2"
"1041","CTCAAGATCGACGACC-1_1_2"
"1042","CTCAATTCAACAAAGT-1_1_2"
"1043","CTCAATTCAAGATGGC-1_1_2"
"1044","CTCAATTCAGAAGCTG-1_1_2"
"1045","CTCAATTCAGGAGGTT-1_1_2"
"1046","CTCACTGAGAGGCGGA-1_1_2"
"1047","CTCACTGAGGTCATTC-1_1_2"
"1048","CTCACTGCATGACAAA-1_1_2"
"1049","CTCACTGGTGAGGCAT-1_1_2"
"1050","CTCACTGTCTCCCTAG-1_1_2"
"1051","CTCAGAACACCAGACC-1_1_2"
"1052","CTCAGAACAGTCGGTC-1_1_2"
"1053","CTCAGAACATTACTCT-1_1_2"
"1054","CTCAGGGTCGTCAGAT-1_1_2"
"1055","CTCAGTCCAAGAAACT-1_1_2"
"1056","CTCAGTCGTAGAATAC-1_1_2"
"1057","CTCAGTCGTTGCATGT-1_1_2"
"1058","CTCAGTCTCGAGCACC-1_1_2"
"1059","CTCATCGAGTCATCGT-1_1_2"
"1060","CTCATCGCATCTCCCA-1_1_2"
"1061","CTCATCGGTGTTAGCT-1_1_2"
"1062","CTCATGCCAAGTGGGT-1_1_2"
"1063","CTCATTAGTGTTAAAG-1_1_2"
"1064","CTCATTATCACCCATC-1_1_2"
"1065","CTCATTATCGTAGTCA-1_1_2"
"1066","CTCATTATCTCGCTCA-1_1_2"
"1067","CTCCAACCATGAATAG-1_1_2"
"1068","CTCCAACGTGATTAGA-1_1_2"
"1069","CTCCACAAGGCCTAGA-1_1_2"
"1070","CTCCACACACACGTGC-1_1_2"
"1071","CTCCACATCGTAGTGT-1_1_2"
"1072","CTCCATGGTCGGTACC-1_1_2"
"1073","CTCCATGGTGCCCACA-1_1_2"
"1074","CTCCCAATCATTCGGA-1_1_2"
"1075","CTCCCAATCTAGGAAA-1_1_2"
"1076","CTCCCTCAGACCCTTA-1_1_2"
"1077","CTCCCTCAGCCGAATG-1_1_2"
"1078","CTCCCTCTCAAGTTGC-1_1_2"
"1079","CTCCGATCACTAGGTT-1_1_2"
"1080","CTCCTTTAGATAACGT-1_1_2"
"1081","CTCCTTTAGCCGAATG-1_1_2"
"1082","CTCCTTTGTCCACATA-1_1_2"
"1083","CTCCTTTGTGACCTGC-1_1_2"
"1084","CTCCTTTTCTACGCAA-1_1_2"
"1085","CTCGAGGAGGGAGGCA-1_1_2"
"1086","CTCGAGGCAACTCCAA-1_1_2"
"1087","CTCGAGGCACTGTCCT-1_1_2"
"1088","CTCGAGGGTTCGGCTG-1_1_2"
"1089","CTCTCAGCAAACGTGG-1_1_2"
"1090","CTCTCAGCATATAGCC-1_1_2"
"1091","CTCTCAGTCACTACTT-1_1_2"
"1092","CTCTCGAAGATCGCCC-1_1_2"
"1093","CTCTCGAAGGTAGTCG-1_1_2"
"1094","CTCTCGATCAATCGGT-1_1_2"
"1095","CTCTCGATCCTTATAC-1_1_2"
"1096","CTCTGGTGTAGTGGCA-1_1_2"
"1097","CTCTGGTGTCGTACAT-1_1_2"
"1098","CTCTGGTTCAAATGAG-1_1_2"
"1099","CTCTGGTTCCGCGGAT-1_1_2"
"1100","CTGAATGAGTGCAACG-1_1_2"
"1101","CTGAATGCAAACTAGA-1_1_2"
"1102","CTGAATGGTAAGGAGA-1_1_2"
"1103","CTGAATGTCCTTGGAA-1_1_2"
"1104","CTGAGCGAGACCAAAT-1_1_2"
"1105","CTGAGCGAGTCGGGAT-1_1_2"
"1106","CTGAGCGCACCTCTGT-1_1_2"
"1107","CTGATCCAGTAAACTG-1_1_2"
"1108","CTGCAGGGTATGGGAC-1_1_2"
"1109","CTGCAGGTCGCTGATA-1_1_2"
"1110","CTGCATCCAAGGAGTC-1_1_2"
"1111","CTGCATCTCGCCGTGA-1_1_2"
"1112","CTGCATCTCTTCGGAA-1_1_2"
"1113","CTGCCATAGGATGCGT-1_1_2"
"1114","CTGCCATCACCTGTCT-1_1_2"
"1115","CTGCCATCACTACACA-1_1_2"
"1116","CTGCCTAAGGTCGAGT-1_1_2"
"1117","CTGCCTACAAAGCGTG-1_1_2"
"1118","CTGCCTACACAGCCTG-1_1_2"
"1119","CTGCCTATCTGGTTGA-1_1_2"
"1120","CTGCGAGAGAACGTGC-1_1_2"
"1121","CTGCGAGCACAGTGTT-1_1_2"
"1122","CTGCGAGGTCTGCAAT-1_1_2"
"1123","CTGCGAGGTGCCTGCA-1_1_2"
"1124","CTGCGAGGTGTTATCG-1_1_2"
"1125","CTGCTCAAGTGATCGG-1_1_2"
"1126","CTGCTCAAGTGGTGGT-1_1_2"
"1127","CTGCTCAGTTCCGCAG-1_1_2"
"1128","CTGGCAGCATCCGATA-1_1_2"
"1129","CTGGCAGGTACATTGC-1_1_2"
"1130","CTGGTCTCAGGCGAAT-1_1_2"
"1131","CTGGTCTCATGGCGCT-1_1_2"
"1132","CTGGTCTTCGTCCTCA-1_1_2"
"1133","CTGTACCGTCCGTACG-1_1_2"
"1134","CTGTACCGTTCATCGA-1_1_2"
"1135","CTGTAGAGTAGAATAC-1_1_2"
"1136","CTGTAGAGTAGTATAG-1_1_2"
"1137","CTGTATTCAATTGCAC-1_1_2"
"1138","CTGTATTGTCCACAGC-1_1_2"
"1139","CTGTATTGTTATGTCG-1_1_2"
"1140","CTGTATTTCAATGCAC-1_1_2"
"1141","CTGTATTTCAGGTGTT-1_1_2"
"1142","CTGTCGTAGAATTTGG-1_1_2"
"1143","CTGTCGTAGTGGTGGT-1_1_2"
"1144","CTGTCGTCATCTGGGC-1_1_2"
"1145","CTGTCGTGTTCGGCCA-1_1_2"
"1146","CTGTCGTGTTTGGCTA-1_1_2"
"1147","CTGTGAATCCACAAGT-1_1_2"
"1148","CTGTGGGAGACCAGAC-1_1_2"
"1149","CTGTGGGAGCTAAGTA-1_1_2"
"1150","CTGTGGGGTTACGCCG-1_1_2"
"1151","CTTACCGAGCGAATGC-1_1_2"
"1152","CTTACCGGTGCGGCTT-1_1_2"
"1153","CTTAGGAAGCTTACGT-1_1_2"
"1154","CTTAGGAGTTGGCCGT-1_1_2"
"1155","CTTAGGATCCAGTACA-1_1_2"
"1156","CTTCAATAGGCCTTCG-1_1_2"
"1157","CTTCAATGTTAATGAG-1_1_2"
"1158","CTTCAATGTTGCAACT-1_1_2"
"1159","CTTCAATTCCAACCAA-1_1_2"
"1160","CTTCCGAGTAGCTTGT-1_1_2"
"1161","CTTCCGATCAAACGAA-1_1_2"
"1162","CTTCCGATCGTGGACC-1_1_2"
"1163","CTTCCTTCACTCACTC-1_1_2"
"1164","CTTCCTTTCGGAGCAA-1_1_2"
"1165","CTTCGGTAGATGAACT-1_1_2"
"1166","CTTCGGTAGGAAAGAC-1_1_2"
"1167","CTTCGGTGTTCCAGGC-1_1_2"
"1168","CTTCTAAAGTGCAGCA-1_1_2"
"1169","CTTCTAAAGTTAACAG-1_1_2"
"1170","CTTCTCTCACACGGAA-1_1_2"
"1171","CTTCTCTCAGGACTTT-1_1_2"
"1172","CTTGAGACAAGCGCTC-1_1_2"
"1173","CTTGAGAGTGAACCGA-1_1_2"
"1174","CTTGAGAGTTGGTACT-1_1_2"
"1175","CTTTCGGCATCGATAC-1_1_2"
"1176","CTTTCGGGTACGTGAG-1_1_2"
"1177","CTTTCGGTCATTCATC-1_1_2"
"1178","GAAATGAGTGAGCCAA-1_1_2"
"1179","GAACACTAGATGCTGG-1_1_2"
"1180","GAACACTAGTGGACTG-1_1_2"
"1181","GAACACTTCGTTCTCG-1_1_2"
"1182","GAACGTTCACTTTATC-1_1_2"
"1183","GAACGTTGTACAAAGT-1_1_2"
"1184","GAACTGTGTGGTTTAC-1_1_2"
"1185","GAACTGTTCCTTATGT-1_1_2"
"1186","GAAGAATGTAGTACGG-1_1_2"
"1187","GAAGAATGTGCCTTCT-1_1_2"
"1188","GAAGCCCGTCGCACGT-1_1_2"
"1189","GAAGCCCGTTCCGCGA-1_1_2"
"1190","GAAGCGACACATTACG-1_1_2"
"1191","GAAGCGAGTTTGGCTA-1_1_2"
"1192","GAAGCGATCATTCATC-1_1_2"
"1193","GAAGCGATCTCATGCC-1_1_2"
"1194","GAAGGACAGGAGCAAA-1_1_2"
"1195","GAAGGACCAGGGTCTC-1_1_2"
"1196","GAAGGACTCAAGCCTA-1_1_2"
"1197","GAAGGACTCAGGAAGC-1_1_2"
"1198","GAAGGGTAGCCTGCCA-1_1_2"
"1199","GAAGGGTTCTGTCTCG-1_1_2"
"1200","GAAGTAAAGACCCTTA-1_1_2"
"1201","GAAGTAACAAATGATG-1_1_2"
"1202","GAAGTAACAGCGCGTT-1_1_2"
"1203","GAAGTAAGTTTGTTCT-1_1_2"
"1204","GAAGTAATCGGCGATC-1_1_2"
"1205","GAATAGAGTACAGAAT-1_1_2"
"1206","GAATAGAGTTTCGATG-1_1_2"
"1207","GAATCACAGCTAAATG-1_1_2"
"1208","GAATCACAGTAAACGT-1_1_2"
"1209","GAATCACTCGGTCGGT-1_1_2"
"1210","GAATCGTAGAGCCGAT-1_1_2"
"1211","GAATCGTCAAGCCCAC-1_1_2"
"1212","GAATCGTGTCCCGCAA-1_1_2"
"1213","GAATCGTGTGTCTCCT-1_1_2"
"1214","GAATCGTTCGACGCTG-1_1_2"
"1215","GACACGCAGGCCTAAG-1_1_2"
"1216","GACACGCCATAGATCC-1_1_2"
"1217","GACAGCCCACATTCGA-1_1_2"
"1218","GACATCACAGCTCTGG-1_1_2"
"1219","GACATCAGTCCCGCAA-1_1_2"
"1220","GACATCATCATTTGCT-1_1_2"
"1221","GACCAATCACCCTGAG-1_1_2"
"1222","GACCAATGTCAAGTTC-1_1_2"
"1223","GACCAATGTGCTGCAC-1_1_2"
"1224","GACCCTTCAGGTGAGT-1_1_2"
"1225","GACCCTTCATTCCTAT-1_1_2"
"1226","GACCGTGAGTTTGCTG-1_1_2"
"1227","GACCTTCCAAGACCGA-1_1_2"
"1228","GACCTTCCACCCTTAC-1_1_2"
"1229","GACGCTGAGTAAACTG-1_1_2"
"1230","GACGCTGTCACCCTCA-1_1_2"
"1231","GACGCTGTCCCGAATA-1_1_2"
"1232","GACGCTGTCTCAGAAC-1_1_2"
"1233","GACGCTGTCTGTTCAT-1_1_2"
"1234","GACTATGAGAGCAACC-1_1_2"
"1235","GACTATGAGATGAAGG-1_1_2"
"1236","GACTATGTCTGAGTCA-1_1_2"
"1237","GACTCTCCAGCATGCC-1_1_2"
"1238","GACTCTCGTATGGGAC-1_1_2"
"1239","GACTCTCGTGCCAAGA-1_1_2"
"1240","GACTGATAGATACGAT-1_1_2"
"1241","GACTGATGTAGCTGTT-1_1_2"
"1242","GACTGATTCATGCGGC-1_1_2"
"1243","GACTGATTCCTACCGT-1_1_2"
"1244","GACTTCCCAAGTCATC-1_1_2"
"1245","GACTTCCGTACTCGCG-1_1_2"
"1246","GAGAAATCACCGAATT-1_1_2"
"1247","GAGAAATGTCCTTTGC-1_1_2"
"1248","GAGAAATTCAGCTTCC-1_1_2"
"1249","GAGACCCCACAAAGCG-1_1_2"
"1250","GAGACCCGTGAATTGA-1_1_2"
"1251","GAGACCCGTGGAAATT-1_1_2"
"1252","GAGACCCGTGGAACAC-1_1_2"
"1253","GAGACTTAGGAAGTAG-1_1_2"
"1254","GAGACTTTCGCCTTTG-1_1_2"
"1255","GAGAGGTAGAATCGTA-1_1_2"
"1256","GAGAGGTAGGTGCCAA-1_1_2"
"1257","GAGAGGTCACAGTCCG-1_1_2"
"1258","GAGATGGAGGTTCCGC-1_1_2"
"1259","GAGATGGCAACAGCTT-1_1_2"
"1260","GAGATGGCATCACGGC-1_1_2"
"1261","GAGATGGTCATCACTT-1_1_2"
"1262","GAGATGGTCATCCCGT-1_1_2"
"1263","GAGCCTGAGCTTCATG-1_1_2"
"1264","GAGCCTGGTGTTCCAA-1_1_2"
"1265","GAGCTGCAGAGAGCCT-1_1_2"
"1266","GAGCTGCAGCCAGACA-1_1_2"
"1267","GAGCTGCTCTGCGGAC-1_1_2"
"1268","GAGGCAACAATGGCAG-1_1_2"
"1269","GAGGCAACAGTGGGTA-1_1_2"
"1270","GAGGCAAGTAGACAAT-1_1_2"
"1271","GAGGCAATCTCGGTAA-1_1_2"
"1272","GAGGCCTAGTAAGGGA-1_1_2"
"1273","GAGGCCTGTACTTGTG-1_1_2"
"1274","GAGGCCTGTGAGATCG-1_1_2"
"1275","GAGGCCTTCGCTAGCG-1_1_2"
"1276","GAGGGATAGGGCCCTT-1_1_2"
"1277","GAGGGATCAAGTATCC-1_1_2"
"1278","GAGGGATGTGACTCGC-1_1_2"
"1279","GAGGGATTCCGCACTT-1_1_2"
"1280","GAGGGTAAGACTTCCA-1_1_2"
"1281","GAGGGTACACTCAGAT-1_1_2"
"1282","GAGGGTAGTCCAGTTA-1_1_2"
"1283","GAGGGTAGTGTATCCA-1_1_2"
"1284","GAGTCATAGCGACATG-1_1_2"
"1285","GAGTCATCAGCGAACA-1_1_2"
"1286","GAGTCTACAAGATTGA-1_1_2"
"1287","GAGTCTAGTGACTATC-1_1_2"
"1288","GAGTCTATCTTAAGGC-1_1_2"
"1289","GAGTGAGAGAGTAACT-1_1_2"
"1290","GAGTGAGGTATCTTCT-1_1_2"
"1291","GAGTGTTCAAGGTCTT-1_1_2"
"1292","GAGTGTTCAGCTATAC-1_1_2"
"1293","GAGTGTTGTGGGTCAA-1_1_2"
"1294","GAGTTACAGATACATG-1_1_2"
"1295","GAGTTGTTCCATAGAC-1_1_2"
"1296","GAGTTGTTCCGTAGGC-1_1_2"
"1297","GAGTTTGAGGTGATCG-1_1_2"
"1298","GAGTTTGCAAGGCGTA-1_1_2"
"1299","GATAGAAAGTGGATAT-1_1_2"
"1300","GATAGAAGTATACGGG-1_1_2"
"1301","GATAGCTCACAAATCC-1_1_2"
"1302","GATAGCTCAGACGGAT-1_1_2"
"1303","GATAGCTTCAAAGGAT-1_1_2"
"1304","GATCACAAGGTTCTTG-1_1_2"
"1305","GATCACAAGTTTCGAC-1_1_2"
"1306","GATCACATCCACTGAA-1_1_2"
"1307","GATCAGTAGTCATAGA-1_1_2"
"1308","GATCATGCATCTCATT-1_1_2"
"1309","GATCATGGTCACGTGC-1_1_2"
"1310","GATCATGTCGCCTCTA-1_1_2"
"1311","GATCCCTAGCGACTTT-1_1_2"
"1312","GATCCCTCACAGCTTA-1_1_2"
"1313","GATCCCTCATCCGGCA-1_1_2"
"1314","GATCCCTTCTGCTCTG-1_1_2"
"1315","GATCGTACAGGCTTGC-1_1_2"
"1316","GATCGTAGTTAACCTG-1_1_2"
"1317","GATGAGGTCGCTGTTC-1_1_2"
"1318","GATGATCGTCTAATCG-1_1_2"
"1319","GATGCTACAGTATACC-1_1_2"
"1320","GATGCTAGTCAGACGA-1_1_2"
"1321","GATGGAGAGAAGCCAC-1_1_2"
"1322","GATGGAGCAGCTCATA-1_1_2"
"1323","GATGGAGCAGGATTCT-1_1_2"
"1324","GATGGAGTCACCTGGG-1_1_2"
"1325","GATGGAGTCGCTGATA-1_1_2"
"1326","GATGTTGAGATTGGGC-1_1_2"
"1327","GATGTTGGTCTCGACG-1_1_2"
"1328","GATTCGACATTACGGT-1_1_2"
"1329","GATTGGTAGACGCCCT-1_1_2"
"1330","GATTGGTAGATGGTAT-1_1_2"
"1331","GATTGGTTCTCTGACC-1_1_2"
"1332","GATTTCTGTGTAGCAG-1_1_2"
"1333","GCAACATCAAGCCATT-1_1_2"
"1334","GCAACATGTCAGGAGT-1_1_2"
"1335","GCAACATTCTCTCTAA-1_1_2"
"1336","GCAACCGAGTGCAACG-1_1_2"
"1337","GCAACCGTCTCTAAGG-1_1_2"
"1338","GCAACCGTCTGAGATC-1_1_2"
"1339","GCACATACAATGAAAC-1_1_2"
"1340","GCACATATCATTTACC-1_1_2"
"1341","GCACATATCCGTTGGG-1_1_2"
"1342","GCACGGTCAGTAGATA-1_1_2"
"1343","GCACGTGAGGTAGATT-1_1_2"
"1344","GCACGTGGTTAGGCCC-1_1_2"
"1345","GCACTAAAGGGACAGG-1_1_2"
"1346","GCACTAATCCTGCTAC-1_1_2"
"1347","GCAGCCATCGCTCATC-1_1_2"
"1348","GCAGCTGAGGCTGAAC-1_1_2"
"1349","GCAGCTGGTACACGCC-1_1_2"
"1350","GCAGCTGTCACAGTGT-1_1_2"
"1351","GCAGCTGTCACTTTGT-1_1_2"
"1352","GCAGGCTAGGCTTTCA-1_1_2"
"1353","GCAGGCTTCGGAATTC-1_1_2"
"1354","GCAGGCTTCGTAGAGG-1_1_2"
"1355","GCATCGGGTGACAACG-1_1_2"
"1356","GCATCGGGTTCATCTT-1_1_2"
"1357","GCATCGGTCACCGGGT-1_1_2"
"1358","GCATCGGTCCTATGGA-1_1_2"
"1359","GCATCGGTCGGAGTAG-1_1_2"
"1360","GCATCTCGTCGCAGTC-1_1_2"
"1361","GCATCTCGTGATTCAC-1_1_2"
"1362","GCATGATAGAAGCGCT-1_1_2"
"1363","GCATGATAGCTAGATA-1_1_2"
"1364","GCCAACGCAAAGGAGA-1_1_2"
"1365","GCCAACGGTACAGAAT-1_1_2"
"1366","GCCAACGGTTAGGCTT-1_1_2"
"1367","GCCAACGTCGGACCAC-1_1_2"
"1368","GCCAGCAAGTAGAATC-1_1_2"
"1369","GCCAGCACACGCCACA-1_1_2"
"1370","GCCAGCAGTAGAGCTG-1_1_2"
"1371","GCCAGCAGTTGTATGC-1_1_2"
"1372","GCCAGCATCGGCATTA-1_1_2"
"1373","GCCAGGTCATTGACTG-1_1_2"
"1374","GCCAGGTGTCATCCCT-1_1_2"
"1375","GCCAGGTGTGCTCGTG-1_1_2"
"1376","GCCAGTGAGTCATGAA-1_1_2"
"1377","GCCAGTGCACTGCTTC-1_1_2"
"1378","GCCAGTGCATCATTTC-1_1_2"
"1379","GCCATGGAGTCTTGGT-1_1_2"
"1380","GCCATGGTCATAGAGA-1_1_2"
"1381","GCCATTCAGAGGACTC-1_1_2"
"1382","GCCATTCCACCAGCTG-1_1_2"
"1383","GCCATTCGTGGTCCCA-1_1_2"
"1384","GCCATTCGTTACCTGA-1_1_2"
"1385","GCCATTCGTTCACGAT-1_1_2"
"1386","GCCCAGAAGCTCGACC-1_1_2"
"1387","GCCCAGACACCAGCCA-1_1_2"
"1388","GCCCAGATCAAGAAAC-1_1_2"
"1389","GCCCAGATCAAGCTTG-1_1_2"
"1390","GCCCGAATCCCTTGGT-1_1_2"
"1391","GCCGATGAGCCAAGCA-1_1_2"
"1392","GCCGATGCACATGACT-1_1_2"
"1393","GCCGATGCACTTCATT-1_1_2"
"1394","GCCGATGGTCGGTAAG-1_1_2"
"1395","GCCGTGAAGCAAGTCG-1_1_2"
"1396","GCCGTGACATGATGCT-1_1_2"
"1397","GCCTGTTAGGGCCTCT-1_1_2"
"1398","GCCTGTTGTCGTCAGC-1_1_2"
"1399","GCCTGTTGTGCTCTTC-1_1_2"
"1400","GCCTGTTTCAACGAGG-1_1_2"
"1401","GCCTGTTTCATTACGG-1_1_2"
"1402","GCGAGAACAAGTGTCT-1_1_2"
"1403","GCGAGAAGTTATGACC-1_1_2"
"1404","GCGAGAATCACATACG-1_1_2"
"1405","GCGATCGAGATTTGCC-1_1_2"
"1406","GCGATCGGTCGTGGAA-1_1_2"
"1407","GCGGAAAAGATGCTAA-1_1_2"
"1408","GCGGAAAAGCTGCGAA-1_1_2"
"1409","GCGGAAACACCCTAAA-1_1_2"
"1410","GCGGAAATCCAGCTCT-1_1_2"
"1411","GCGGATCAGTCACACT-1_1_2"
"1412","GCGGATCCACACGTGC-1_1_2"
"1413","GCGGATCGTAGCTTTG-1_1_2"
"1414","GCGGATCGTAGGTGCA-1_1_2"
"1415","GCGGATCGTGTCATGT-1_1_2"
"1416","GCGGATCTCGCCAGAC-1_1_2"
"1417","GCGTGCAAGGGCAGAG-1_1_2"
"1418","GCGTGCACAAGAGTAT-1_1_2"
"1419","GCGTGCAGTACTCCCT-1_1_2"
"1420","GCGTGCAGTATTCTCT-1_1_2"
"1421","GCGTGCAGTTGTAGCT-1_1_2"
"1422","GCGTGCATCCGTGCGA-1_1_2"
"1423","GCGTTTCAGTAACAGT-1_1_2"
"1424","GCGTTTCCATCTAGAC-1_1_2"
"1425","GCGTTTCTCGGAGCAA-1_1_2"
"1426","GCTACAATCCATGCAA-1_1_2"
"1427","GCTACCTAGCATCAAA-1_1_2"
"1428","GCTACCTAGTAACCGG-1_1_2"
"1429","GCTACCTGTAATACCC-1_1_2"
"1430","GCTCAAACAGCTGCCA-1_1_2"
"1431","GCTCAAACAGGAGGAG-1_1_2"
"1432","GCTCAAAGTACAGAAT-1_1_2"
"1433","GCTCAAAGTCGGCTAC-1_1_2"
"1434","GCTGAATAGGGATGTC-1_1_2"
"1435","GCTGAATCATCTTAGG-1_1_2"
"1436","GCTGAATGTCTTCATT-1_1_2"
"1437","GCTGCAGTCTCAATCT-1_1_2"
"1438","GCTGGGTTCCACTGGG-1_1_2"
"1439","GCTGGGTTCTCTGAGA-1_1_2"
"1440","GCTTCACAGAGGACTC-1_1_2"
"1441","GCTTCACAGTAACAGT-1_1_2"
"1442","GCTTCACTCTGGTGCG-1_1_2"
"1443","GCTTGGGGTGTCATCA-1_1_2"
"1444","GCTTTCGTCCTACGAA-1_1_2"
"1445","GGAACCCAGTCGGGAT-1_1_2"
"1446","GGAACCCTCGTCTCAC-1_1_2"
"1447","GGAACCCTCTGGGCCA-1_1_2"
"1448","GGAAGTGCATCTAGAC-1_1_2"
"1449","GGAATCTCATCCGCGA-1_1_2"
"1450","GGAATGGTCCGGTTCT-1_1_2"
"1451","GGACGTCCAAAGGAGA-1_1_2"
"1452","GGACGTCCAAGAGTGC-1_1_2"
"1453","GGAGAACAGAGAGTTT-1_1_2"
"1454","GGAGAACTCGAATGCT-1_1_2"
"1455","GGAGATGAGCTAATGA-1_1_2"
"1456","GGAGATGCAGGAGGAG-1_1_2"
"1457","GGAGGTAAGCGTGCTC-1_1_2"
"1458","GGATCTAGTCAGATTC-1_1_2"
"1459","GGATGTTAGTTGCTCA-1_1_2"
"1460","GGATGTTTCTCATGCC-1_1_2"
"1461","GGCACGTCATGTTCGA-1_1_2"
"1462","GGCACGTCATTGAAAG-1_1_2"
"1463","GGCACGTGTTCTAAGC-1_1_2"
"1464","GGCAGTCTCCCAGCGA-1_1_2"
"1465","GGCAGTCTCTACCTTA-1_1_2"
"1466","GGCGTCAAGATAGGGA-1_1_2"
"1467","GGCGTCAAGATGTTGA-1_1_2"
"1468","GGCGTCACAGCTCTGG-1_1_2"
"1469","GGCGTCATCCTACACC-1_1_2"
"1470","GGCTGTGCATGTTACG-1_1_2"
"1471","GGCTGTGTCATTCGTT-1_1_2"
"1472","GGCTTGGCAGTCGGAA-1_1_2"
"1473","GGCTTGGTCAAACTGC-1_1_2"
"1474","GGCTTTCCAATTGAAG-1_1_2"
"1475","GGCTTTCCATACCAGT-1_1_2"
"1476","GGCTTTCCATGGTACT-1_1_2"
"1477","GGCTTTCGTCGGTACC-1_1_2"
"1478","GGCTTTCTCACTGTCC-1_1_2"
"1479","GGCTTTCTCCCTTCCC-1_1_2"
"1480","GGCTTTCTCCGTTGAA-1_1_2"
"1481","GGGAAGTAGCACTCAT-1_1_2"
"1482","GGGACAACACGTACTA-1_1_2"
"1483","GGGACAAGTAATGCGG-1_1_2"
"1484","GGGACAATCGGCATCG-1_1_2"
"1485","GGGACAATCTCGAACA-1_1_2"
"1486","GGGACCTCATCTCGTC-1_1_2"
"1487","GGGACCTTCATACAGC-1_1_2"
"1488","GGGACTCAGGTGCCAA-1_1_2"
"1489","GGGACTCGTCCACGCA-1_1_2"
"1490","GGGACTCGTGATACCT-1_1_2"
"1491","GGGAGATAGTCATAGA-1_1_2"
"1492","GGGAGATCACTTCATT-1_1_2"
"1493","GGGAGATTCATCACTT-1_1_2"
"1494","GGGAGTAGTACTTGTG-1_1_2"
"1495","GGGATCCAGAGTGTGC-1_1_2"
"1496","GGGATCCGTTGCCGCA-1_1_2"
"1497","GGGATCCTCTAAGAAG-1_1_2"
"1498","GGGATGACACAGTACT-1_1_2"
"1499","GGGATGACAGGAGACT-1_1_2"
"1500","GGGCCATTCGTTCCCA-1_1_2"
"1501","GGGCCATTCTCCGAGG-1_1_2"
"1502","GGGCGTTAGAAGTCCG-1_1_2"
"1503","GGGCGTTCAATTGCTG-1_1_2"
"1504","GGGCTACAGTAGTCTC-1_1_2"
"1505","GGGCTACTCGCTCCTA-1_1_2"
"1506","GGGCTCAAGGAACGCT-1_1_2"
"1507","GGGCTCAGTGTGCTTA-1_1_2"
"1508","GGGCTCATCTGCCTGT-1_1_2"
"1509","GGGTAGAAGATCACTC-1_1_2"
"1510","GGGTAGAAGGTTCCAT-1_1_2"
"1511","GGGTAGAGTACACGCC-1_1_2"
"1512","GGGTAGATCAACGCTA-1_1_2"
"1513","GGGTAGATCAGAACCT-1_1_2"
"1514","GGGTATTAGGTCCCGT-1_1_2"
"1515","GGGTATTGTATCACGT-1_1_2"
"1516","GGGTATTGTCGTCATA-1_1_2"
"1517","GGGTATTGTTCATCTT-1_1_2"
"1518","GGGTATTGTTCCCACT-1_1_2"
"1519","GGGTCACAGGTTTACC-1_1_2"
"1520","GGGTCACGTAGTCGGA-1_1_2"
"1521","GGGTCACGTGTGGACA-1_1_2"
"1522","GGGTCTGAGATACCAA-1_1_2"
"1523","GGGTCTGGTCCTCCAT-1_1_2"
"1524","GGGTCTGTCTGTCTCG-1_1_2"
"1525","GGGTGAAAGTACCCTA-1_1_2"
"1526","GGGTGAACAGTCTCTC-1_1_2"
"1527","GGGTGAACATAGCTGT-1_1_2"
"1528","GGGTGAAGTCACATTG-1_1_2"
"1529","GGGTGAATCTATGCCC-1_1_2"
"1530","GGGTGTCGTTTACTGG-1_1_2"
"1531","GGGTTATCACCCTTAC-1_1_2"
"1532","GGGTTATCACCGTCTT-1_1_2"
"1533","GGGTTATGTAGTTCCA-1_1_2"
"1534","GGGTTATGTGTTCAGT-1_1_2"
"1535","GGGTTTAAGAGGTCAC-1_1_2"
"1536","GGGTTTACAATAACGA-1_1_2"
"1537","GGTAACTCATTCAGGT-1_1_2"
"1538","GGTAACTGTCATAAAG-1_1_2"
"1539","GGTAACTGTCGCACGT-1_1_2"
"1540","GGTAACTGTCTTCATT-1_1_2"
"1541","GGTAATCCAGTTAGAA-1_1_2"
"1542","GGTAGAGGTTCTCTCG-1_1_2"
"1543","GGTAGAGTCGAGAATA-1_1_2"
"1544","GGTCACGAGTGGCCTC-1_1_2"
"1545","GGTCACGCATCTTAGG-1_1_2"
"1546","GGTCACGTCATCCTAT-1_1_2"
"1547","GGTCTGGCACCTCTAC-1_1_2"
"1548","GGTGAAGTCAAGTTGC-1_1_2"
"1549","GGTGAAGTCAGAGTTC-1_1_2"
"1550","GGTGATTCAGTCGAGA-1_1_2"
"1551","GGTGATTGTTCGGCTG-1_1_2"
"1552","GGTGGCTAGGAACGAA-1_1_2"
"1553","GGTGTCGAGCTCCACG-1_1_2"
"1554","GGTGTCGAGGTTATAG-1_1_2"
"1555","GGTGTCGTCCTCTCGA-1_1_2"
"1556","GGTGTTACACAAACGG-1_1_2"
"1557","GGTGTTACACATGAAA-1_1_2"
"1558","GGTGTTACACGGAAGT-1_1_2"
"1559","GGTGTTAGTATTTCCT-1_1_2"
"1560","GGTGTTATCCATCCGT-1_1_2"
"1561","GGTTAACAGGCGATAC-1_1_2"
"1562","GGTTCTCAGGTCGTAG-1_1_2"
"1563","GGTTCTCAGTCTTGGT-1_1_2"
"1564","GGTTCTCGTACGTTCA-1_1_2"
"1565","GGTTGTAAGATGGGCT-1_1_2"
"1566","GGTTGTACAGCGTGAA-1_1_2"
"1567","GGTTGTACATCGTCCT-1_1_2"
"1568","GTAACACAGACGTCCC-1_1_2"
"1569","GTAACACCAAACCGGA-1_1_2"
"1570","GTAACACTCCTGGTCT-1_1_2"
"1571","GTAACCAAGAAGTGTT-1_1_2"
"1572","GTAACCAGTAGCTAAA-1_1_2"
"1573","GTAACCAGTAGGCAAC-1_1_2"
"1574","GTAACCAGTTATTCTC-1_1_2"
"1575","GTAACCATCCCTAGGG-1_1_2"
"1576","GTAAGTCCAGCGGTCT-1_1_2"
"1577","GTAAGTCCATCCTTGC-1_1_2"
"1578","GTAAGTCTCTCTTAAC-1_1_2"
"1579","GTAATCGGTCATACCA-1_1_2"
"1580","GTAATCGTCCATAGGT-1_1_2"
"1581","GTAATGCAGATAACAC-1_1_2"
"1582","GTAATGCAGGAACTAT-1_1_2"
"1583","GTACAACAGCAATTAG-1_1_2"
"1584","GTACAGTGTGGACAGT-1_1_2"
"1585","GTACAGTTCATTGTGG-1_1_2"
"1586","GTAGAAAAGCCGTAAG-1_1_2"
"1587","GTAGAAAAGTAAAGCT-1_1_2"
"1588","GTAGAAACACTCACTC-1_1_2"
"1589","GTAGAAAGTCTAACTG-1_1_2"
"1590","GTAGAAAGTGGTCAAG-1_1_2"
"1591","GTAGAGGCAACATACC-1_1_2"
"1592","GTAGAGGGTACTCGAT-1_1_2"
"1593","GTAGAGGTCAAACTGC-1_1_2"
"1594","GTAGATCAGCGTGAGT-1_1_2"
"1595","GTAGATCGTGTTCATG-1_1_2"
"1596","GTAGATCTCTTACGGA-1_1_2"
"1597","GTAGATCTCTTTGCGC-1_1_2"
"1598","GTAGCTACAGAATGTA-1_1_2"
"1599","GTAGCTAGTCTAACTG-1_1_2"
"1600","GTAGGAGCAAAGGCGT-1_1_2"
"1601","GTAGGAGCATCCTGTC-1_1_2"
"1602","GTAGGAGGTACTGCCG-1_1_2"
"1603","GTAGGAGGTCCGGTCA-1_1_2"
"1604","GTAGGAGTCAGCTGAT-1_1_2"
"1605","GTAGGTTGTGGTGATG-1_1_2"
"1606","GTAGGTTGTTTGCAGT-1_1_2"
"1607","GTAGGTTTCGCGCTGA-1_1_2"
"1608","GTAGTACGTAGGTAGC-1_1_2"
"1609","GTATTGGTCTGAGGTT-1_1_2"
"1610","GTATTTCGTAGTGATA-1_1_2"
"1611","GTATTTCTCTTACCAT-1_1_2"
"1612","GTCAAACTCGTAGTCA-1_1_2"
"1613","GTCAAGTGTTTGCAGT-1_1_2"
"1614","GTCAAGTTCGTGCATA-1_1_2"
"1615","GTCACGGTCCGAAGGA-1_1_2"
"1616","GTCACTCAGGTACCTT-1_1_2"
"1617","GTCACTCAGTACGTCT-1_1_2"
"1618","GTCACTCAGTTGCCCG-1_1_2"
"1619","GTCACTCGTGAGATCG-1_1_2"
"1620","GTCACTCGTGATACTC-1_1_2"
"1621","GTCACTCGTTCGTAAC-1_1_2"
"1622","GTCAGCGTCCTTCTGG-1_1_2"
"1623","GTCATCCAGCGATGAC-1_1_2"
"1624","GTCATCCCAGCGACAA-1_1_2"
"1625","GTCATGACAATACGCT-1_1_2"
"1626","GTCATGACAGGTCCCA-1_1_2"
"1627","GTCATGAGTGAGAACC-1_1_2"
"1628","GTCATGATCACTGATG-1_1_2"
"1629","GTCATTTCATTGGATC-1_1_2"
"1630","GTCCACTCACGACAAG-1_1_2"
"1631","GTCCCATGTCCAGCCA-1_1_2"
"1632","GTCCCATTCACCCTTG-1_1_2"
"1633","GTCCCATTCATGTCTT-1_1_2"
"1634","GTCCTCAGTTATTCTC-1_1_2"
"1635","GTCCTCATCAATGTCG-1_1_2"
"1636","GTCCTCATCGGATACT-1_1_2"
"1637","GTCGAATGTCACATTG-1_1_2"
"1638","GTCGCGACAAAGGCTG-1_1_2"
"1639","GTCGCGACACAATGCT-1_1_2"
"1640","GTCGCGACAGCAGTAG-1_1_2"
"1641","GTCGCGACAGTTAGGG-1_1_2"
"1642","GTCGCGAGTATGACAA-1_1_2"
"1643","GTCGCGAGTTGGGATG-1_1_2"
"1644","GTCGCGATCTGTCGTC-1_1_2"
"1645","GTCGTAAAGACCATAA-1_1_2"
"1646","GTCGTAAAGCGATGGT-1_1_2"
"1647","GTCGTAACACCCAAGC-1_1_2"
"1648","GTCGTAAGTTCTGACA-1_1_2"
"1649","GTCGTTCAGATGCAGC-1_1_2"
"1650","GTCGTTCCAAAGGATT-1_1_2"
"1651","GTCGTTCGTGGATGAC-1_1_2"
"1652","GTCGTTCTCCGTGCGA-1_1_2"
"1653","GTCTACCCACCCATAA-1_1_2"
"1654","GTCTACCTCCTTATGT-1_1_2"
"1655","GTCTAGACAGCAGTAG-1_1_2"
"1656","GTCTAGACATGGGAAC-1_1_2"
"1657","GTCTAGAGTAATTGGA-1_1_2"
"1658","GTCTAGAGTCGGTGTC-1_1_2"
"1659","GTCTCACAGCTGTGCC-1_1_2"
"1660","GTCTCACCAGCCTTCT-1_1_2"
"1661","GTCTCACGTGGAATGC-1_1_2"
"1662","GTCTGTCGTAATGCTC-1_1_2"
"1663","GTCTGTCTCAAGATAG-1_1_2"
"1664","GTCTGTCTCCCGAAAT-1_1_2"
"1665","GTCTTTAAGCGGTAGT-1_1_2"
"1666","GTGACGCAGTTGGAGC-1_1_2"
"1667","GTGACGCTCTTCGGAA-1_1_2"
"1668","GTGAGCCGTCTACGAT-1_1_2"
"1669","GTGAGCCTCACTCACC-1_1_2"
"1670","GTGAGGAAGACGACGT-1_1_2"
"1671","GTGAGGACACATCATG-1_1_2"
"1672","GTGAGGACATGGTGGA-1_1_2"
"1673","GTGAGTTAGTTGGGAC-1_1_2"
"1674","GTGCACGAGTCCTGCG-1_1_2"
"1675","GTGCACGAGTCGCGAA-1_1_2"
"1676","GTGCACGTCGTCCTTG-1_1_2"
"1677","GTGCAGCAGAGTCACG-1_1_2"
"1678","GTGCAGCTCATGCCCT-1_1_2"
"1679","GTGCGTGCAGACGGAT-1_1_2"
"1680","GTGCGTGGTGCATTAC-1_1_2"
"1681","GTGCGTGTCGCGCTGA-1_1_2"
"1682","GTGCTTCAGAGTCAGC-1_1_2"
"1683","GTGCTTCCAATTGCAC-1_1_2"
"1684","GTGCTTCGTGCGGATA-1_1_2"
"1685","GTGCTTCTCTGTTGGA-1_1_2"
"1686","GTGGAAGTCCGGACTG-1_1_2"
"1687","GTGGAGAAGGGTATAT-1_1_2"
"1688","GTGGAGACACCCATAA-1_1_2"
"1689","GTGGAGACATTGCAAC-1_1_2"
"1690","GTGGAGAGTTACGCCG-1_1_2"
"1691","GTGGAGATCACACGAT-1_1_2"
"1692","GTGGAGATCAGGTAAA-1_1_2"
"1693","GTGGAGATCCGTGTCT-1_1_2"
"1694","GTGGCGTGTTCAGCTA-1_1_2"
"1695","GTGTAACTCGCGTAGC-1_1_2"
"1696","GTGTCCTGTCAATCTG-1_1_2"
"1697","GTGTGGCAGGTTCAGG-1_1_2"
"1698","GTGTGGCCAATCTAGC-1_1_2"
"1699","GTGTGGCCAGGATCTT-1_1_2"
"1700","GTGTTAGCAGAGGACT-1_1_2"
"1701","GTGTTAGGTTGCCGAC-1_1_2"
"1702","GTGTTAGTCTACAGGT-1_1_2"
"1703","GTGTTCCAGAGAAGGT-1_1_2"
"1704","GTGTTCCCATGACGAG-1_1_2"
"1705","GTGTTCCGTCACCGAC-1_1_2"
"1706","GTTACCCAGCCGAATG-1_1_2"
"1707","GTTACCCGTCGTCAGC-1_1_2"
"1708","GTTACGAAGAAATCCA-1_1_2"
"1709","GTTACGAAGGGTAGCT-1_1_2"
"1710","GTTACGACAACCGTAT-1_1_2"
"1711","GTTACGATCAAGCGTT-1_1_2"
"1712","GTTAGACAGCAACAGC-1_1_2"
"1713","GTTAGACAGTAAGACT-1_1_2"
"1714","GTTAGACCATACAGAA-1_1_2"
"1715","GTTAGACGTTAGGCCC-1_1_2"
"1716","GTTAGACTCCGATCTC-1_1_2"
"1717","GTTAGTGAGAAACCCG-1_1_2"
"1718","GTTAGTGAGTCCGTCG-1_1_2"
"1719","GTTAGTGCAGGTACGA-1_1_2"
"1720","GTTATGGCATGACGAG-1_1_2"
"1721","GTTCATTAGGATAATC-1_1_2"
"1722","GTTCATTTCCGAGAAG-1_1_2"
"1723","GTTCCGTCATCGATCA-1_1_2"
"1724","GTTCGCTAGCATGCAG-1_1_2"
"1725","GTTCGCTGTCTTAGTG-1_1_2"
"1726","GTTCTATCACGAAGAC-1_1_2"
"1727","GTTGAACAGCGTCTCG-1_1_2"
"1728","GTTGAACCAAGTGCAG-1_1_2"
"1729","GTTGAACCAGGCATGA-1_1_2"
"1730","GTTGAACGTACGATTC-1_1_2"
"1731","GTTGAACGTGGATTTC-1_1_2"
"1732","GTTGAACTCAAAGCCT-1_1_2"
"1733","GTTGAACTCCTCACGT-1_1_2"
"1734","GTTGCGGAGGACACTG-1_1_2"
"1735","GTTGCTCAGACCACGA-1_1_2"
"1736","GTTGCTCTCTATACGG-1_1_2"
"1737","GTTGTAGAGATAGCTA-1_1_2"
"1738","GTTGTAGCAAGACCGA-1_1_2"
"1739","GTTGTAGTCAGGTAAA-1_1_2"
"1740","GTTGTAGTCATCGCCT-1_1_2"
"1741","GTTGTCCCATTCCTAT-1_1_2"
"1742","GTTGTCCGTACCTGTA-1_1_2"
"1743","GTTGTCCTCAAAGCCT-1_1_2"
"1744","GTTGTCCTCTCGACGG-1_1_2"
"1745","GTTGTGAAGAGTGAAG-1_1_2"
"1746","GTTGTGAGTAGCACGA-1_1_2"
"1747","GTTGTGAGTGTCCAAT-1_1_2"
"1748","GTTTACTAGGCCCACT-1_1_2"
"1749","GTTTACTTCAATCCAG-1_1_2"
"1750","TAACACGAGCTCGAAG-1_1_2"
"1751","TAACACGGTAATCAGA-1_1_2"
"1752","TAACACGGTCTAGATC-1_1_2"
"1753","TAACACGTCTCGTGGG-1_1_2"
"1754","TAACCAGGTACGCGTC-1_1_2"
"1755","TAACCAGTCCGGCTTT-1_1_2"
"1756","TAACCAGTCGATACGT-1_1_2"
"1757","TAACGACAGCCAGAGT-1_1_2"
"1758","TAACGACAGCTTGTTG-1_1_2"
"1759","TAACGACCAGGCACTC-1_1_2"
"1760","TAACGACGTCGTTGCG-1_1_2"
"1761","TAACGACGTTAACCTG-1_1_2"
"1762","TAACGACTCAAACGAA-1_1_2"
"1763","TAACTTCAGACATGCG-1_1_2"
"1764","TAACTTCAGTCTTCGA-1_1_2"
"1765","TAACTTCGTTCGAACT-1_1_2"
"1766","TAACTTCTCGTCCTTG-1_1_2"
"1767","TAAGCACAGCTAGATA-1_1_2"
"1768","TAAGCACAGGATTTAG-1_1_2"
"1769","TAAGCACCAAACCATC-1_1_2"
"1770","TAAGCACGTCTCCTGT-1_1_2"
"1771","TAAGCGTAGTTGCCCG-1_1_2"
"1772","TAAGTCGGTATGACAA-1_1_2"
"1773","TAATCTCAGATTGACA-1_1_2"
"1774","TAATCTCAGGCTAACG-1_1_2"
"1775","TAATCTCAGTAACGTA-1_1_2"
"1776","TAATCTCAGTTAGAAC-1_1_2"
"1777","TAATCTCTCCCGAAAT-1_1_2"
"1778","TAATTCCGTAATGTGA-1_1_2"
"1779","TAATTCCGTTTGCCGG-1_1_2"
"1780","TAATTCCTCTTCGATT-1_1_2"
"1781","TACAACGGTAGGGAGG-1_1_2"
"1782","TACACCCAGAAGCTCG-1_1_2"
"1783","TACACCCAGAAGGTAG-1_1_2"
"1784","TACACCCCAAGAAACT-1_1_2"
"1785","TACACCCGTTCTCCAC-1_1_2"
"1786","TACAGGTAGAAGTCAT-1_1_2"
"1787","TACATTCAGCACCGAA-1_1_2"
"1788","TACATTCTCGCCGAAC-1_1_2"
"1789","TACATTCTCGGAGTGA-1_1_2"
"1790","TACATTCTCTGTGTGA-1_1_2"
"1791","TACCCACAGGGCTTCC-1_1_2"
"1792","TACCCACCAGGTCAGA-1_1_2"
"1793","TACCCACTCGATTGGT-1_1_2"
"1794","TACCCGTGTAAGATCA-1_1_2"
"1795","TACCCGTTCTGTCCCA-1_1_2"
"1796","TACCGAAAGCACTCCG-1_1_2"
"1797","TACCGAAAGGAACTAT-1_1_2"
"1798","TACCGAATCGTCTCAC-1_1_2"
"1799","TACCGGGGTCATATGC-1_1_2"
"1800","TACCGGGTCGGCGATC-1_1_2"
"1801","TACCTCGAGCCGCTTG-1_1_2"
"1802","TACCTCGCAACCGCTG-1_1_2"
"1803","TACCTCGGTACCTATG-1_1_2"
"1804","TACCTCGGTCGACGCT-1_1_2"
"1805","TACCTCGTCCTGGTCT-1_1_2"
"1806","TACCTGCCAAATGATG-1_1_2"
"1807","TACCTGCGTAGTCTGT-1_1_2"
"1808","TACCTGCGTCTGATCA-1_1_2"
"1809","TACCTGCTCGACCATA-1_1_2"
"1810","TACGCTCCACTGCGTG-1_1_2"
"1811","TACGGGCCACCGCTAG-1_1_2"
"1812","TACGGGCCATACTGTG-1_1_2"
"1813","TACGGGCGTATTGAGA-1_1_2"
"1814","TACGGTAAGATGTTGA-1_1_2"
"1815","TACGGTACAATAAGGT-1_1_2"
"1816","TACGGTATCCCGAATA-1_1_2"
"1817","TACGTCCGTTGTATGC-1_1_2"
"1818","TACGTCCTCATGCCAA-1_1_2"
"1819","TACTGCCTCCGACGGT-1_1_2"
"1820","TACTTACCAATAGTGA-1_1_2"
"1821","TACTTACCACCTATCC-1_1_2"
"1822","TACTTACCATGACACT-1_1_2"
"1823","TACTTACGTACCTTCC-1_1_2"
"1824","TACTTACTCGTGGTAT-1_1_2"
"1825","TACTTACTCTGCTAGA-1_1_2"
"1826","TACTTCAAGCTAATCC-1_1_2"
"1827","TACTTGTAGGATTTAG-1_1_2"
"1828","TAGACCAGTCCATCTC-1_1_2"
"1829","TAGACTGAGAAGCCAC-1_1_2"
"1830","TAGACTGGTCATACCA-1_1_2"
"1831","TAGACTGGTTCTCGTC-1_1_2"
"1832","TAGAGTCCAGCGCGTT-1_1_2"
"1833","TAGAGTCCAGGTTCCG-1_1_2"
"1834","TAGATCGAGAGGTGCT-1_1_2"
"1835","TAGATCGAGCGCTGAA-1_1_2"
"1836","TAGATCGTCAGCACCG-1_1_2"
"1837","TAGCACAAGTTCCGGC-1_1_2"
"1838","TAGCACAGTGAGATTA-1_1_2"
"1839","TAGCACATCAAGCCGC-1_1_2"
"1840","TAGGAGGCACCAACAT-1_1_2"
"1841","TAGGTACCAACCAATC-1_1_2"
"1842","TAGGTTGCATCAGCGC-1_1_2"
"1843","TAGTGCAGTAGTGATA-1_1_2"
"1844","TATACCTAGTCATCGT-1_1_2"
"1845","TATACCTCAGTTACCA-1_1_2"
"1846","TATACCTCATATCTCT-1_1_2"
"1847","TATACCTGTGGCCACT-1_1_2"
"1848","TATACCTTCATCGTAG-1_1_2"
"1849","TATACCTTCGACCTAA-1_1_2"
"1850","TATATCCCAGTTGCGC-1_1_2"
"1851","TATCAGGAGCGTCAAG-1_1_2"
"1852","TATCAGGGTGTCTCCT-1_1_2"
"1853","TATCAGGTCGCAGATT-1_1_2"
"1854","TATCCTACATACACCA-1_1_2"
"1855","TATCGCCGTAGCGTCC-1_1_2"
"1856","TATCGCCTCAAGCCAT-1_1_2"
"1857","TATCGCCTCTCGTCGT-1_1_2"
"1858","TATCTGTCAACAAGAT-1_1_2"
"1859","TATCTGTGTGAACGGT-1_1_2"
"1860","TATCTGTTCTTGGGCG-1_1_2"
"1861","TATCTTGAGCGAATGC-1_1_2"
"1862","TATCTTGCAAAGCTAA-1_1_2"
"1863","TATCTTGCAAGGGCAT-1_1_2"
"1864","TATCTTGTCATGGGAG-1_1_2"
"1865","TATCTTGTCGGCAGTC-1_1_2"
"1866","TATGTTCAGGTTACAA-1_1_2"
"1867","TATGTTCCAGGCGAAT-1_1_2"
"1868","TATTCCAGTAGCTTTG-1_1_2"
"1869","TATTCCAGTCGACTGC-1_1_2"
"1870","TATTCCAGTCGTTGCG-1_1_2"
"1871","TATTCCAGTGAGCAGT-1_1_2"
"1872","TATTGCTCATCCTAAG-1_1_2"
"1873","TATTGCTGTGTATCCA-1_1_2"
"1874","TATTGCTGTGTTACAC-1_1_2"
"1875","TATTGGGCACCTGCGA-1_1_2"
"1876","TATTGGGTCAGGTAAA-1_1_2"
"1877","TATTGGGTCGCGCTGA-1_1_2"
"1878","TATTGGGTCTGGGATT-1_1_2"
"1879","TATTTCGGTATCGTAC-1_1_2"
"1880","TATTTCGGTCAAGTTC-1_1_2"
"1881","TATTTCGTCCGTGCGA-1_1_2"
"1882","TCAAGACCAAGTTCCA-1_1_2"
"1883","TCAAGACCAGCTATAC-1_1_2"
"1884","TCAAGACGTGACTATC-1_1_2"
"1885","TCAAGACGTGATTAGA-1_1_2"
"1886","TCAAGCACAATTGCGT-1_1_2"
"1887","TCAAGCATCAACTGAC-1_1_2"
"1888","TCAAGTGTCACTGAAC-1_1_2"
"1889","TCAAGTGTCACTGGTA-1_1_2"
"1890","TCAATCTCACGAGGTA-1_1_2"
"1891","TCAATTCAGTTGAAAC-1_1_2"
"1892","TCAATTCCAGACGCTC-1_1_2"
"1893","TCAATTCGTTTACACG-1_1_2"
"1894","TCAATTCTCATCGTAG-1_1_2"
"1895","TCACAAGAGTGAATAC-1_1_2"
"1896","TCACAAGCATGACTAC-1_1_2"
"1897","TCACAAGGTAGCACAG-1_1_2"
"1898","TCACACCCAAAGCGTG-1_1_2"
"1899","TCACACCGTCATATGC-1_1_2"
"1900","TCACGCTGTGTGTACT-1_1_2"
"1901","TCACTATAGCTAGCCC-1_1_2"
"1902","TCACTATCATACAGAA-1_1_2"
"1903","TCACTCGCACCCTTAC-1_1_2"
"1904","TCACTCGGTATCAAGA-1_1_2"
"1905","TCAGCAAAGAGAGTTT-1_1_2"
"1906","TCAGCAAAGTCTACCA-1_1_2"
"1907","TCAGCCTGTTGTCTAG-1_1_2"
"1908","TCAGGGCAGTACTGTC-1_1_2"
"1909","TCAGGGCAGTTATGGA-1_1_2"
"1910","TCAGGGCCATAGGCGA-1_1_2"
"1911","TCAGGGCTCCAGCAAT-1_1_2"
"1912","TCAGTCCGTTAGGCTT-1_1_2"
"1913","TCAGTGACACGCTATA-1_1_2"
"1914","TCAGTTTAGCAAGTGC-1_1_2"
"1915","TCAGTTTAGGGCAGGA-1_1_2"
"1916","TCAGTTTCAATTGGTC-1_1_2"
"1917","TCAGTTTCATGGTGGA-1_1_2"
"1918","TCAGTTTTCTGTCAGA-1_1_2"
"1919","TCATATCAGTCTCGTA-1_1_2"
"1920","TCATATCAGTTTGCTG-1_1_2"
"1921","TCATATCTCCTTCAGC-1_1_2"
"1922","TCATATCTCTCTATAC-1_1_2"
"1923","TCATGAGGTAGATCGG-1_1_2"
"1924","TCATGAGGTGGTTCTA-1_1_2"
"1925","TCATGAGTCACCGCTT-1_1_2"
"1926","TCATGCCCAATACGAA-1_1_2"
"1927","TCATGCCGTTATGGTC-1_1_2"
"1928","TCATGGATCATTGAGC-1_1_2"
"1929","TCATGGATCCTGTAAG-1_1_2"
"1930","TCATGGATCTTGCAAG-1_1_2"
"1931","TCATGTTAGACATGCG-1_1_2"
"1932","TCATGTTAGTCCCGAC-1_1_2"
"1933","TCATGTTGTAGACTGG-1_1_2"
"1934","TCATGTTTCATGTCAG-1_1_2"
"1935","TCATTACAGTGTTCCA-1_1_2"
"1936","TCATTCAAGCTTCTAG-1_1_2"
"1937","TCATTCACAATTGCAC-1_1_2"
"1938","TCATTGTAGATTGGGC-1_1_2"
"1939","TCATTGTCAACACGAG-1_1_2"
"1940","TCATTGTCAAGTTCGT-1_1_2"
"1941","TCATTGTTCCATCACC-1_1_2"
"1942","TCATTGTTCGGCTGAC-1_1_2"
"1943","TCATTTGAGTCAGCGA-1_1_2"
"1944","TCCACCAAGAGTTGAT-1_1_2"
"1945","TCCACCATCACAGTGT-1_1_2"
"1946","TCCACCATCTCTCGCA-1_1_2"
"1947","TCCACGTGTGCAAGAC-1_1_2"
"1948","TCCACGTGTGGAGGTT-1_1_2"
"1949","TCCACGTTCGCTTTAT-1_1_2"
"1950","TCCACGTTCTTACGTT-1_1_2"
"1951","TCCAGAAAGACCGTTT-1_1_2"
"1952","TCCAGAACAATTGGTC-1_1_2"
"1953","TCCAGAATCCACGTAA-1_1_2"
"1954","TCCCACAAGATTGGGC-1_1_2"
"1955","TCCCACAAGGCTTTCA-1_1_2"
"1956","TCCCACAGTAACAAGT-1_1_2"
"1957","TCCCACATCGAGCCAC-1_1_2"
"1958","TCCCACATCGCTTGAA-1_1_2"
"1959","TCCCAGTCAAGGATGC-1_1_2"
"1960","TCCCAGTGTAGCTTGT-1_1_2"
"1961","TCCCAGTTCATTCACT-1_1_2"
"1962","TCCCATGAGCTATCTG-1_1_2"
"1963","TCCCATGAGGAGAGTA-1_1_2"
"1964","TCCGATCGTTGCATAC-1_1_2"
"1965","TCCGATCTCTTCTGTA-1_1_2"
"1966","TCCGTGTTCGAGAACG-1_1_2"
"1967","TCCTAATAGTGGCCTC-1_1_2"
"1968","TCCTAATGTCGCATCG-1_1_2"
"1969","TCCTAATGTGAATATG-1_1_2"
"1970","TCCTCCCTCGCTAGCG-1_1_2"
"1971","TCCTCGACAAGGCAAC-1_1_2"
"1972","TCCTCTTCAGACGGAT-1_1_2"
"1973","TCCTCTTTCGGCTATA-1_1_2"
"1974","TCCTGCAAGCCTATTG-1_1_2"
"1975","TCCTGCACACCGTCGA-1_1_2"
"1976","TCCTTCTCAGCGCTTG-1_1_2"
"1977","TCCTTCTCATGACGGA-1_1_2"
"1978","TCCTTTCAGAGCTGCA-1_1_2"
"1979","TCCTTTCAGTAGGAAG-1_1_2"
"1980","TCCTTTCAGTGGTTCT-1_1_2"
"1981","TCCTTTCTCCCAAGCG-1_1_2"
"1982","TCCTTTCTCGTCACCT-1_1_2"
"1983","TCGAACACAGTCGCTG-1_1_2"
"1984","TCGAAGTAGAGAGGTA-1_1_2"
"1985","TCGACCTTCGCAGTCG-1_1_2"
"1986","TCGACGGAGCATGCGA-1_1_2"
"1987","TCGACGGGTGGACTAG-1_1_2"
"1988","TCGACGGTCATTCTTG-1_1_2"
"1989","TCGATTTGTAATGATG-1_1_2"
"1990","TCGATTTGTCGATTTG-1_1_2"
"1991","TCGATTTGTGTAGCAG-1_1_2"
"1992","TCGATTTGTTTGCCGG-1_1_2"
"1993","TCGATTTTCCATTTAC-1_1_2"
"1994","TCGATTTTCTATACTC-1_1_2"
"1995","TCGCACTAGATCGCTT-1_1_2"
"1996","TCGCACTAGCAAGCCA-1_1_2"
"1997","TCGCACTGTGGCTGAA-1_1_2"
"1998","TCGCACTGTTCGTGCG-1_1_2"
"1999","TCGCAGGTCCATTGTT-1_1_2"
"2000","TCGCAGGTCGAAGGAC-1_1_2"
"2001","TCGCTCACAGAAGTTA-1_1_2"
"2002","TCGCTCATCCCGAGAC-1_1_2"
"2003","TCGCTTGAGCCTAGGA-1_1_2"
"2004","TCGCTTGCAGCGTGCT-1_1_2"
"2005","TCGCTTGTCCTGGCTT-1_1_2"
"2006","TCGGGACAGGGTAATT-1_1_2"
"2007","TCGGGACCAGTCTACA-1_1_2"
"2008","TCGGGACGTACAGTAA-1_1_2"
"2009","TCGGGACGTGCAATAA-1_1_2"
"2010","TCGGGACTCACACCGG-1_1_2"
"2011","TCGGGACTCTGACGCG-1_1_2"
"2012","TCGGGCAAGCGTGCCT-1_1_2"
"2013","TCGGGCAGTCCTTGTC-1_1_2"
"2014","TCGGGCATCCTGTAAG-1_1_2"
"2015","TCGGGTGAGCCTATTG-1_1_2"
"2016","TCGGGTGAGTTCCATG-1_1_2"
"2017","TCGGGTGCAATACCTG-1_1_2"
"2018","TCGGTCTCACAAGCCC-1_1_2"
"2019","TCGGTCTCAGCACCCA-1_1_2"
"2020","TCGGTCTCAGGTCAAG-1_1_2"
"2021","TCGGTCTCATCTTAGG-1_1_2"
"2022","TCGGTCTTCCCTCATG-1_1_2"
"2023","TCGTAGAAGCTACAAA-1_1_2"
"2024","TCGTAGACATCGGAAG-1_1_2"
"2025","TCGTCCAAGTGAGGCT-1_1_2"
"2026","TCGTGCTCAGGGATAC-1_1_2"
"2027","TCGTGCTTCCTAGAGT-1_1_2"
"2028","TCGTGGGCACGTACAT-1_1_2"
"2029","TCGTGGGTCACTTGGA-1_1_2"
"2030","TCTAACTAGCTAAGTA-1_1_2"
"2031","TCTAACTCAAAGGTTA-1_1_2"
"2032","TCTAACTTCATAGACC-1_1_2"
"2033","TCTACATAGCTCGAAG-1_1_2"
"2034","TCTACATCAGAGTCTT-1_1_2"
"2035","TCTACATTCAAGGACG-1_1_2"
"2036","TCTACATTCGTTCAGA-1_1_2"
"2037","TCTACCGGTAGCGCTC-1_1_2"
"2038","TCTACCGGTATTGGCT-1_1_2"
"2039","TCTATACAGTAGTCCT-1_1_2"
"2040","TCTATACCACTAACGT-1_1_2"
"2041","TCTATACGTGCATACT-1_1_2"
"2042","TCTATACTCATTGCTT-1_1_2"
"2043","TCTATACTCCCAGGAC-1_1_2"
"2044","TCTATCAAGCTTAGTC-1_1_2"
"2045","TCTATCACAGAGGCTA-1_1_2"
"2046","TCTATCATCGCCAACG-1_1_2"
"2047","TCTCACGAGGCCTAGA-1_1_2"
"2048","TCTCACGAGTAGTCTC-1_1_2"
"2049","TCTCACGCAGACCCGT-1_1_2"
"2050","TCTCACGCAGCCTATA-1_1_2"
"2051","TCTCAGCAGGGAGTGG-1_1_2"
"2052","TCTCAGCGTGTTGCCG-1_1_2"
"2053","TCTCAGCTCTGCTTTA-1_1_2"
"2054","TCTCCGAAGCACAAAT-1_1_2"
"2055","TCTCCGAAGGCGACAT-1_1_2"
"2056","TCTCCGAGTTGGCCGT-1_1_2"
"2057","TCTCCGATCTCTCCGA-1_1_2"
"2058","TCTCTGGAGCCGTAAG-1_1_2"
"2059","TCTCTGGGTGACTCTA-1_1_2"
"2060","TCTCTGGGTTGCATTG-1_1_2"
"2061","TCTCTGGTCATGAGTC-1_1_2"
"2062","TCTCTGGTCATTGCTT-1_1_2"
"2063","TCTGCCAGTATTCCGA-1_1_2"
"2064","TCTGGCTAGGGAGTGG-1_1_2"
"2065","TCTGGCTGTGGCGCTT-1_1_2"
"2066","TCTGTCGAGCGGATCA-1_1_2"
"2067","TCTGTCGAGCTAGTTC-1_1_2"
"2068","TCTGTCGCAAAGACGC-1_1_2"
"2069","TCTGTCGGTCTGATAC-1_1_2"
"2070","TCTGTCGTCAGGACGA-1_1_2"
"2071","TCTTAGTCAGAGGTAC-1_1_2"
"2072","TCTTAGTGTACAGTCT-1_1_2"
"2073","TCTTAGTGTACGGATG-1_1_2"
"2074","TCTTAGTGTCCGAAGA-1_1_2"
"2075","TCTTAGTTCGACGTCG-1_1_2"
"2076","TCTTCCTAGTGCCAGA-1_1_2"
"2077","TCTTCCTTCATGCCGG-1_1_2"
"2078","TCTTGCGAGCCTGAAG-1_1_2"
"2079","TCTTGCGAGGTAGACC-1_1_2"
"2080","TCTTTGAAGATAGGGA-1_1_2"
"2081","TCTTTGAAGTCCGCGT-1_1_2"
"2082","TCTTTGACAGGTCTCG-1_1_2"
"2083","TCTTTGACAGTATTCG-1_1_2"
"2084","TGAACGTCACGGTCTG-1_1_2"
"2085","TGAACGTCAGTTGAAA-1_1_2"
"2086","TGAACGTTCTAGGCCG-1_1_2"
"2087","TGAATGCAGTGGTTCT-1_1_2"
"2088","TGAATGCCAGAGGACT-1_1_2"
"2089","TGAATGCCATATACCG-1_1_2"
"2090","TGAATGCCATTGAAGA-1_1_2"
"2091","TGAATGCGTGTTAGCT-1_1_2"
"2092","TGAATGCGTTCGAAGG-1_1_2"
"2093","TGACAGTCACCCTAAA-1_1_2"
"2094","TGACAGTGTCTTTATC-1_1_2"
"2095","TGACCCTAGTAATTGG-1_1_2"
"2096","TGACCCTGTAGCTGTT-1_1_2"
"2097","TGACCCTTCCTCTCTT-1_1_2"
"2098","TGACGCGAGGCTTAGG-1_1_2"
"2099","TGACTCCAGCTGAAGC-1_1_2"
"2100","TGACTCCCAGGTAGTG-1_1_2"
"2101","TGACTCCCATTCCTCG-1_1_2"
"2102","TGACTCCTCCCAAGTA-1_1_2"
"2103","TGACTCCTCCGCTTAC-1_1_2"
"2104","TGAGCATCAGTCCCGA-1_1_2"
"2105","TGAGCATTCTGGGCAC-1_1_2"
"2106","TGAGCGCAGGGTTAAT-1_1_2"
"2107","TGAGCGCGTATTCCTT-1_1_2"
"2108","TGAGGGAAGAAACCAT-1_1_2"
"2109","TGAGGTTAGGGTGAAA-1_1_2"
"2110","TGAGGTTAGTAGTGCG-1_1_2"
"2111","TGAGGTTCAACCTATG-1_1_2"
"2112","TGAGGTTGTTCCGTTC-1_1_2"
"2113","TGAGTCAAGAGTTGAT-1_1_2"
"2114","TGAGTCAAGTGGGAAA-1_1_2"
"2115","TGAGTCACAAACTGCT-1_1_2"
"2116","TGAGTCATCACTGTTT-1_1_2"
"2117","TGAGTCATCGTTGTAG-1_1_2"
"2118","TGAGTCATCTTCCGTG-1_1_2"
"2119","TGATCAGCACATGGTT-1_1_2"
"2120","TGATCAGCAGTCGGAA-1_1_2"
"2121","TGATCAGTCTTACCGC-1_1_2"
"2122","TGATCTTCACATAGCT-1_1_2"
"2123","TGATCTTTCTTGTGCC-1_1_2"
"2124","TGATGCAGTTGTATGC-1_1_2"
"2125","TGATGCATCGCAAGAG-1_1_2"
"2126","TGATGGTGTTTGACAC-1_1_2"
"2127","TGATGGTTCGTCCATC-1_1_2"
"2128","TGATGGTTCTTGCGCT-1_1_2"
"2129","TGATTCTCACCGGTCA-1_1_2"
"2130","TGATTCTGTGAATGTA-1_1_2"
"2131","TGATTCTTCAGGACAG-1_1_2"
"2132","TGATTTCAGGTCGTGA-1_1_2"
"2133","TGATTTCCACACGTGC-1_1_2"
"2134","TGATTTCCACGTAGAG-1_1_2"
"2135","TGATTTCTCCATTGCC-1_1_2"
"2136","TGATTTCTCCCAACTC-1_1_2"
"2137","TGATTTCTCCGTTGGG-1_1_2"
"2138","TGATTTCTCTCGAGTA-1_1_2"
"2139","TGCACGGCACATTACG-1_1_2"
"2140","TGCACGGCAGCACCCA-1_1_2"
"2141","TGCACGGGTGTTAAAG-1_1_2"
"2142","TGCACGGTCATCAGTG-1_1_2"
"2143","TGCACGGTCCGTATGA-1_1_2"
"2144","TGCACGGTCGAGAACG-1_1_2"
"2145","TGCAGATCACACACGC-1_1_2"
"2146","TGCAGGCAGGTCCTGC-1_1_2"
"2147","TGCAGGCCATGAGAAT-1_1_2"
"2148","TGCAGGCTCAAATGAG-1_1_2"
"2149","TGCAGGCTCTCACCCA-1_1_2"
"2150","TGCAGTAGTCAGGCAA-1_1_2"
"2151","TGCAGTAGTGTCATTG-1_1_2"
"2152","TGCAGTATCAACCTTT-1_1_2"
"2153","TGCAGTATCACTACGA-1_1_2"
"2154","TGCAGTATCTGGGCGT-1_1_2"
"2155","TGCATCCAGTCGAATA-1_1_2"
"2156","TGCATCCCATGGGAAC-1_1_2"
"2157","TGCATGACACTTGTGA-1_1_2"
"2158","TGCCGAGAGTTTGTCG-1_1_2"
"2159","TGCCGAGCAGCAAGAC-1_1_2"
"2160","TGCCGAGGTTTCGTTT-1_1_2"
"2161","TGCGACGAGTTGCGCC-1_1_2"
"2162","TGCGACGCACGATAGG-1_1_2"
"2163","TGCGACGGTGAGCGAT-1_1_2"
"2164","TGCGATACAGGAGGAG-1_1_2"
"2165","TGCGGCAAGCATGGGT-1_1_2"
"2166","TGCGGCAAGGATACAT-1_1_2"
"2167","TGCGGCAAGTTGCGAG-1_1_2"
"2168","TGCGGCACACACCTTC-1_1_2"
"2169","TGCGGCAGTAGATGTA-1_1_2"
"2170","TGCGGCATCACTTCTA-1_1_2"
"2171","TGCGGGTAGATCCGAG-1_1_2"
"2172","TGCGGGTAGCTACTAC-1_1_2"
"2173","TGCGGGTAGTGGATTA-1_1_2"
"2174","TGCGGGTCACTGCGAC-1_1_2"
"2175","TGCGGGTGTATGCAAA-1_1_2"
"2176","TGCGGGTGTGAAGCTG-1_1_2"
"2177","TGCGGGTTCACTGGGC-1_1_2"
"2178","TGCGGGTTCGGCTTGG-1_1_2"
"2179","TGCTCCACACGGCACT-1_1_2"
"2180","TGCTCGTAGTCGAGGT-1_1_2"
"2181","TGCTCGTCACACAGCC-1_1_2"
"2182","TGCTCGTGTACGTGAG-1_1_2"
"2183","TGCTGAAAGTCTCCTC-1_1_2"
"2184","TGCTGAAGTGTCCACG-1_1_2"
"2185","TGCTTCGAGTTAGTGA-1_1_2"
"2186","TGCTTGCAGGTCGCCT-1_1_2"
"2187","TGCTTGCCAGCGCTTG-1_1_2"
"2188","TGCTTGCTCCGGCAGT-1_1_2"
"2189","TGCTTGCTCTTCCCAG-1_1_2"
"2190","TGGAACTAGAACTCCT-1_1_2"
"2191","TGGAACTCATATGGCT-1_1_2"
"2192","TGGAACTTCCTGGGTG-1_1_2"
"2193","TGGAGGAAGGCCTGCT-1_1_2"
"2194","TGGAGGAGTATAGCTC-1_1_2"
"2195","TGGAGGAGTCGACGCT-1_1_2"
"2196","TGGAGGATCGTTCTCG-1_1_2"
"2197","TGGATCAGTGAGGCAT-1_1_2"
"2198","TGGATCATCACCGCTT-1_1_2"
"2199","TGGATCATCCGGGACT-1_1_2"
"2200","TGGATGTCACTCCTTG-1_1_2"
"2201","TGGATGTCATAGGAGC-1_1_2"
"2202","TGGATGTCATGGATCT-1_1_2"
"2203","TGGCGTGCATTCTCTA-1_1_2"
"2204","TGGCGTGTCGACGACC-1_1_2"
"2205","TGGGAAGAGAGTACCG-1_1_2"
"2206","TGGGAAGGTATTGACC-1_1_2"
"2207","TGGGAAGTCGGAGCAA-1_1_2"
"2208","TGGGAGATCCGGGACT-1_1_2"
"2209","TGGGAGATCCTAGCCT-1_1_2"
"2210","TGGGATTTCCTATTTG-1_1_2"
"2211","TGGGCGTAGTAGCAAT-1_1_2"
"2212","TGGGCTGAGTCTCGTA-1_1_2"
"2213","TGGGCTGTCGTTCTAT-1_1_2"
"2214","TGGGTTAAGCATGATA-1_1_2"
"2215","TGGGTTACAGTTGGTT-1_1_2"
"2216","TGGTACAGTGTATTGC-1_1_2"
"2217","TGGTACATCGTTCTCG-1_1_2"
"2218","TGGTTAGGTCGCCTAG-1_1_2"
"2219","TGTAACGCAGTATGAA-1_1_2"
"2220","TGTAACGCATGGGCAA-1_1_2"
"2221","TGTAACGGTCAACATC-1_1_2"
"2222","TGTAACGTCTATACTC-1_1_2"
"2223","TGTAAGCGTATGGGAC-1_1_2"
"2224","TGTAAGCTCCGGGACT-1_1_2"
"2225","TGTAAGCTCTAAGAAG-1_1_2"
"2226","TGTACAGGTCCGTTTC-1_1_2"
"2227","TGTAGACAGGCATCGA-1_1_2"
"2228","TGTAGACAGGTAAGGA-1_1_2"
"2229","TGTAGACCAAGTGGTG-1_1_2"
"2230","TGTCAGACAGATACTC-1_1_2"
"2231","TGTCAGAGTAGCGTCC-1_1_2"
"2232","TGTCAGAGTATGTGTC-1_1_2"
"2233","TGTCAGAGTCGAAACG-1_1_2"
"2234","TGTCCACAGTGTGTTC-1_1_2"
"2235","TGTCCACTCTATTGTC-1_1_2"
"2236","TGTCCCACACGATTCA-1_1_2"
"2237","TGTCCTGAGATCACTC-1_1_2"
"2238","TGTCCTGAGCATCAAA-1_1_2"
"2239","TGTCCTGCAATAACGA-1_1_2"
"2240","TGTCCTGCAGACTCTA-1_1_2"
"2241","TGTCCTGGTGGGCTCT-1_1_2"
"2242","TGTGAGTAGTCCCGGT-1_1_2"
"2243","TGTGAGTGTAACTGCT-1_1_2"
"2244","TGTGAGTGTACCGCGT-1_1_2"
"2245","TGTGAGTTCATCGCTC-1_1_2"
"2246","TGTGATGAGGCATCAG-1_1_2"
"2247","TGTGATGGTTTACCTT-1_1_2"
"2248","TGTGATGTCCAGGACC-1_1_2"
"2249","TGTGATGTCTCGACGG-1_1_2"
"2250","TGTGCGGCACATGGTT-1_1_2"
"2251","TGTGCGGCAGGAAGTC-1_1_2"
"2252","TGTGCGGGTGTCACAT-1_1_2"
"2253","TGTGCGGTCATCACAG-1_1_2"
"2254","TGTGCGGTCCAGGACC-1_1_2"
"2255","TGTGGCGAGTCATGCT-1_1_2"
"2256","TGTGGCGCACTTGAGT-1_1_2"
"2257","TGTGGCGGTATCAGGG-1_1_2"
"2258","TGTGGCGGTCAAATCC-1_1_2"
"2259","TGTGGCGTCATGCAGT-1_1_2"
"2260","TGTTACTCAATGTCAC-1_1_2"
"2261","TGTTACTCAGGACTAG-1_1_2"
"2262","TGTTACTGTATCATGC-1_1_2"
"2263","TGTTCATGTCTTGCTC-1_1_2"
"2264","TGTTCTAGTTACACAC-1_1_2"
"2265","TGTTCTATCCAAACCA-1_1_2"
"2266","TGTTGAGAGACTTCAC-1_1_2"
"2267","TGTTGAGAGATCGGTG-1_1_2"
"2268","TGTTGAGGTAGAATGT-1_1_2"
"2269","TGTTGAGGTCACGCTG-1_1_2"
"2270","TGTTGAGTCACTGGGC-1_1_2"
"2271","TGTTGGACAGACTGCC-1_1_2"
"2272","TGTTGGATCGTCCTCA-1_1_2"
"2273","TGTTTGTTCGTCCATC-1_1_2"
"2274","TTAATCCAGAAGCCAC-1_1_2"
"2275","TTAATCCCAATACCCA-1_1_2"
"2276","TTACAGGCACTCCGAG-1_1_2"
"2277","TTACCATCACCCTATC-1_1_2"
"2278","TTACCGCAGCCATATC-1_1_2"
"2279","TTACCGCGTAGGAGGG-1_1_2"
"2280","TTACCGCGTCTACAGT-1_1_2"
"2281","TTACGCCCATTGCTTT-1_1_2"
"2282","TTACGCCGTCAAGCGA-1_1_2"
"2283","TTACGCCGTGAATTGA-1_1_2"
"2284","TTACGCCTCCATACAG-1_1_2"
"2285","TTACGTTAGTCTAACC-1_1_2"
"2286","TTACGTTTCAGATTGC-1_1_2"
"2287","TTACTGTCACTTGTCC-1_1_2"
"2288","TTACTGTGTATGATCC-1_1_2"
"2289","TTAGGCAAGATCCCGC-1_1_2"
"2290","TTAGGCAAGATTAGTG-1_1_2"
"2291","TTAGGCAGTATTCCTT-1_1_2"
"2292","TTAGGGTAGGGTCTTT-1_1_2"
"2293","TTAGGGTCATCAGCAT-1_1_2"
"2294","TTAGGGTGTAACCAGG-1_1_2"
"2295","TTAGGGTTCAAAGGTA-1_1_2"
"2296","TTAGTCTAGTCACTCA-1_1_2"
"2297","TTAGTCTCATTGACCA-1_1_2"
"2298","TTAGTCTGTCACAGAG-1_1_2"
"2299","TTAGTCTTCACGAACT-1_1_2"
"2300","TTATTGCAGCATCTTG-1_1_2"
"2301","TTATTGCCATTCCTAT-1_1_2"
"2302","TTATTGCGTCCTGGGT-1_1_2"
"2303","TTCAATCTCAATCGGT-1_1_2"
"2304","TTCACCGGTTGGTGTT-1_1_2"
"2305","TTCACCGTCGATCCAA-1_1_2"
"2306","TTCACGCTCAGTCCGG-1_1_2"
"2307","TTCACGCTCTAGCCAA-1_1_2"
"2308","TTCAGGAAGAGGGTGG-1_1_2"
"2309","TTCAGGAAGTGTTCCA-1_1_2"
"2310","TTCAGGAGTAAGTTGA-1_1_2"
"2311","TTCAGGATCAGCTAGT-1_1_2"
"2312","TTCATGTAGCCTATCA-1_1_2"
"2313","TTCATGTGTCCCAAAT-1_1_2"
"2314","TTCATGTTCCATTTGT-1_1_2"
"2315","TTCATTGGTCTGCCTT-1_1_2"
"2316","TTCCAATAGTTGGAAT-1_1_2"
"2317","TTCCAATTCCCATTCG-1_1_2"
"2318","TTCCAATTCGGTAACT-1_1_2"
"2319","TTCCACGCAACACGAG-1_1_2"
"2320","TTCCGGTGTTTGGAAA-1_1_2"
"2321","TTCCGTGAGCGTCAGA-1_1_2"
"2322","TTCCGTGAGTCATGCT-1_1_2"
"2323","TTCCGTGCAGCACGAA-1_1_2"
"2324","TTCCTAACACGGCGTT-1_1_2"
"2325","TTCCTCTCACTCAGAT-1_1_2"
"2326","TTCCTCTTCTTCGTAT-1_1_2"
"2327","TTCCTTCAGAGCCATG-1_1_2"
"2328","TTCCTTCAGTGCTCAT-1_1_2"
"2329","TTCCTTCGTTGCTCAA-1_1_2"
"2330","TTCGATTGTACGATGG-1_1_2"
"2331","TTCGATTGTCTATGAC-1_1_2"
"2332","TTCGATTTCCGATAGT-1_1_2"
"2333","TTCGCTGAGAGGTCGT-1_1_2"
"2334","TTCGCTGCAAAGCTCT-1_1_2"
"2335","TTCGCTGGTGGGCTTC-1_1_2"
"2336","TTCGCTGGTGTTACAC-1_1_2"
"2337","TTCGGTCAGACATGCG-1_1_2"
"2338","TTCGGTCAGCTTAGTC-1_1_2"
"2339","TTCGGTCCAAATTGCC-1_1_2"
"2340","TTCGGTCTCACATTGG-1_1_2"
"2341","TTCTAGTAGATCCGAG-1_1_2"
"2342","TTCTAGTAGGAGGCAG-1_1_2"
"2343","TTCTAGTCACAAGGTG-1_1_2"
"2344","TTCTCTCTCCTACGAA-1_1_2"
"2345","TTCTCTCTCGAGCTGC-1_1_2"
"2346","TTCTGTAAGCGATGAC-1_1_2"
"2347","TTCTGTAAGCTCATAC-1_1_2"
"2348","TTCTGTATCACATCAG-1_1_2"
"2349","TTCTGTATCCAGCTCT-1_1_2"
"2350","TTCTTGACAATCAAGA-1_1_2"
"2351","TTCTTGATCCCATAGA-1_1_2"
"2352","TTCTTGATCGGTGCAC-1_1_2"
"2353","TTGAACGAGTATTAGG-1_1_2"
"2354","TTGAACGGTATCAGCT-1_1_2"
"2355","TTGAACGGTTAGGGTG-1_1_2"
"2356","TTGAACGTCTTTCAGT-1_1_2"
"2357","TTGACCCAGTTCCTGA-1_1_2"
"2358","TTGACCCCACGACCTG-1_1_2"
"2359","TTGACCCTCATTTCCA-1_1_2"
"2360","TTGAGTGCACTTGTGA-1_1_2"
"2361","TTGAGTGGTCCTGGTG-1_1_2"
"2362","TTGAGTGTCTTAAGGC-1_1_2"
"2363","TTGATGGGTACGACTT-1_1_2"
"2364","TTGATGGGTAGTGTGG-1_1_2"
"2365","TTGATGGGTTGGACCC-1_1_2"
"2366","TTGATGGTCATTGCTT-1_1_2"
"2367","TTGCATTAGACGACGT-1_1_2"
"2368","TTGCATTAGGGTTTCT-1_1_2"
"2369","TTGCATTAGTGCAACG-1_1_2"
"2370","TTGCATTCAGCGGTCT-1_1_2"
"2371","TTGCATTGTTACGGAG-1_1_2"
"2372","TTGCATTGTTGTCATG-1_1_2"
"2373","TTGCATTTCCATAGGT-1_1_2"
"2374","TTGCCTGAGTCTTGGT-1_1_2"
"2375","TTGCGTCGTCCCTGAG-1_1_2"
"2376","TTGCGTCTCCGATAAC-1_1_2"
"2377","TTGCGTCTCTGGGATT-1_1_2"
"2378","TTGCTGCGTAACTGCT-1_1_2"
"2379","TTGCTGCGTGTACGCC-1_1_2"
"2380","TTGCTGCTCATACGAC-1_1_2"
"2381","TTGCTGCTCCAAAGGG-1_1_2"
"2382","TTGGATGCATAATCGC-1_1_2"
"2383","TTGGATGGTCCCGCAA-1_1_2"
"2384","TTGGATGTCATCACCC-1_1_2"
"2385","TTGGGATAGTGTTCCA-1_1_2"
"2386","TTGGGATGTAAGTTAG-1_1_2"
"2387","TTGGGATGTAGCTGTT-1_1_2"
"2388","TTGGGATTCAGTGTTG-1_1_2"
"2389","TTGGGATTCCCGAACG-1_1_2"
"2390","TTGGGATTCGATGGAG-1_1_2"
"2391","TTGGGCGGTCGAACAG-1_1_2"
"2392","TTGGGCGGTTCTCCAC-1_1_2"
"2393","TTGGGTAAGGTTCTTG-1_1_2"
"2394","TTGGGTAAGTAACCTC-1_1_2"
"2395","TTGGGTAAGTGTTCAC-1_1_2"
"2396","TTGGGTACAATCCTTT-1_1_2"
"2397","TTGGGTACACCATAAC-1_1_2"
"2398","TTGGTTTAGGTGTGAC-1_1_2"
"2399","TTGGTTTCATAGGTAA-1_1_2"
"2400","TTGTGGAGTCGTTATG-1_1_2"
"2401","TTGTGGATCAATGTCG-1_1_2"
"2402","TTGTGTTAGAGCCGAT-1_1_2"
"2403","TTGTGTTAGGAACGCT-1_1_2"
"2404","TTGTGTTCACCCTAGG-1_1_2"
"2405","TTGTGTTTCCCAACTC-1_1_2"
"2406","TTGTTCAAGGAAACGA-1_1_2"
"2407","TTGTTCATCACTGGTA-1_1_2"
"2408","TTGTTCATCAGACATC-1_1_2"
"2409","TTGTTCATCCTCTCGA-1_1_2"
"2410","TTGTTGTAGTCGCCAC-1_1_2"
"2411","TTGTTGTCATTCGATG-1_1_2"
"2412","TTGTTGTGTGACGTCC-1_1_2"
"2413","TTGTTGTTCATACGAC-1_1_2"
"2414","TTGTTTGAGCTGAGTG-1_1_2"
"2415","TTGTTTGAGTGTAGTA-1_1_2"
"2416","TTGTTTGGTTTGAACC-1_1_2"
"2417","TTTACGTAGTATCCTG-1_1_2"
"2418","TTTACGTTCCCGAAAT-1_1_2"
"2419","TTTACTGAGACTTAAG-1_1_2"
"2420","TTTACTGAGCGTCTGC-1_1_2"
"2421","TTTACTGCATCTCGTC-1_1_2"
"2422","TTTAGTCAGCTGAAAT-1_1_2"
"2423","TTTAGTCCAAAGCACG-1_1_2"
"2424","TTTAGTCGTGAGAGGG-1_1_2"
"2425","TTTAGTCTCTGGTGGC-1_1_2"
"2426","TTTATGCAGCTAAATG-1_1_2"
"2427","TTTCACACATAGGAGC-1_1_2"
"2428","TTTCACAGTGGTCAAG-1_1_2"
"2429","TTTCAGTCAGTTGTCA-1_1_2"
"2430","TTTCCTCCACCGTACG-1_1_2"
"2431","TTTCCTCTCGTTAGAC-1_1_2"
"2432","TTTCGATTCTGTACAG-1_1_2"
"2433","TTTGACTCAAATCAGA-1_1_2"
"2434","TTTGACTGTAGTCCTA-1_1_2"
"2435","TTTGATCAGTTAGAAC-1_1_2"
"2436","TTTGATCCAAGACCGA-1_1_2"
"2437","TTTGATCGTAGCGATG-1_1_2"
"2438","TTTGATCGTTCAAGTC-1_1_2"
"2439","TTTGGAGAGGAAGTAG-1_1_2"
"2440","TTTGGAGGTAGATTAG-1_1_2"
"2441","TTTGGAGGTGTCATGT-1_1_2"
"2442","TTTGGTTCAATGAACA-1_1_2"
"2443","TTTGGTTCACCCTAGG-1_1_2"
"2444","TTTGGTTGTATTGGCT-1_1_2"
"2445","TTTGGTTTCATTTGCT-1_1_2"
"2446","TTTGGTTTCCTTCACG-1_1_2"
"2447","TTTGGTTTCTGAGCAT-1_1_2"
"2448","TTTGTTGCAGGCGATA-1_1_2"
