"","x"
"1","AAACCCACACAAGTGG-1_2_1"
"2","AAACCCACAGAAATTG-1_2_1"
"3","AAACCCAGTTCTCCCA-1_2_1"
"4","AAACCCATCATCGCCT-1_2_1"
"5","AAACGAACAAGTTCCA-1_2_1"
"6","AAACGAATCTTTGGAG-1_2_1"
"7","AAACGCTTCGCAGTCG-1_2_1"
"8","AAAGAACAGTACAACA-1_2_1"
"9","AAAGAACGTGCATCTA-1_2_1"
"10","AAAGGTAAGAGAGTTT-1_2_1"
"11","AAAGGTATCGATCCCT-1_2_1"
"12","AAAGTCCGTGTGGTCC-1_2_1"
"13","AAAGTCCGTTGTGGCC-1_2_1"
"14","AAAGTGAAGCAACCAG-1_2_1"
"15","AAAGTGACAGTCTTCC-1_2_1"
"16","AAAGTGATCACCGGGT-1_2_1"
"17","AAAGTGATCCGCATAA-1_2_1"
"18","AAAGTGATCGGCTGTG-1_2_1"
"19","AAATGGAAGCTGGCTC-1_2_1"
"20","AAATGGAGTCCGAAGA-1_2_1"
"21","AACAAAGCATGCACTA-1_2_1"
"22","AACAAAGGTTAAAGTG-1_2_1"
"23","AACAACCAGCGCTTCG-1_2_1"
"24","AACAACCGTCGCGTTG-1_2_1"
"25","AACAACCTCTCATTGT-1_2_1"
"26","AACAAGAGTAACGGTG-1_2_1"
"27","AACACACAGTAGCTCT-1_2_1"
"28","AACAGGGCAGGGCTTC-1_2_1"
"29","AACCACATCTCCGCAT-1_2_1"
"30","AACCACATCTTCGATT-1_2_1"
"31","AACCCAACACCGTGGT-1_2_1"
"32","AACCTGAAGCTCTTCC-1_2_1"
"33","AACCTGAGTGATAGAT-1_2_1"
"34","AACCTTTAGAGCGACT-1_2_1"
"35","AACCTTTGTACGAGTG-1_2_1"
"36","AACCTTTGTTCCTAAG-1_2_1"
"37","AACGAAAGTGCGAACA-1_2_1"
"38","AACGAAATCCACACCT-1_2_1"
"39","AACGGGAAGCAGAAAG-1_2_1"
"40","AACGGGAAGTGCACAG-1_2_1"
"41","AACGGGACAAGCGGAT-1_2_1"
"42","AACGGGACACATTCTT-1_2_1"
"43","AACGGGATCAATCTTC-1_2_1"
"44","AACTTCTTCCATAAGC-1_2_1"
"45","AAGAACAAGAGCCATG-1_2_1"
"46","AAGAACAAGGCAGGGA-1_2_1"
"47","AAGACAACACTGCATA-1_2_1"
"48","AAGACAATCATAGACC-1_2_1"
"49","AAGACAATCGTGAGAG-1_2_1"
"50","AAGACTCGTAAGCGGT-1_2_1"
"51","AAGACTCGTGTCCACG-1_2_1"
"52","AAGACTCTCCTCACTG-1_2_1"
"53","AAGATAGCAGCTACCG-1_2_1"
"54","AAGCATCCATCAGTGT-1_2_1"
"55","AAGCATCGTGTTAGCT-1_2_1"
"56","AAGCATCGTTCAACGT-1_2_1"
"57","AAGCATCTCTTTGCAT-1_2_1"
"58","AAGCCATCATCCTAAG-1_2_1"
"59","AAGCCATTCTGAGAAA-1_2_1"
"60","AAGCGAGAGCAAGGAA-1_2_1"
"61","AAGCGTTAGCACGATG-1_2_1"
"62","AAGCGTTAGCTAGTTC-1_2_1"
"63","AAGCGTTAGTAACCGG-1_2_1"
"64","AAGCGTTTCTCGCTCA-1_2_1"
"65","AAGGAATCACCTGATA-1_2_1"
"66","AAGGAATTCCTCAGGG-1_2_1"
"67","AAGGTAAAGTCATGCT-1_2_1"
"68","AAGGTAACACTCCTTG-1_2_1"
"69","AAGTACCAGCTCCGAC-1_2_1"
"70","AAGTGAAAGTTACTCG-1_2_1"
"71","AAGTTCGGTAAGATTG-1_2_1"
"72","AAGTTCGGTTGTGCCG-1_2_1"
"73","AATAGAGGTCCTGGGT-1_2_1"
"74","AATAGAGGTTGACGGA-1_2_1"
"75","AATAGAGTCCAATCCC-1_2_1"
"76","AATCACGCAAGAGGTC-1_2_1"
"77","AATCACGCATTGGATC-1_2_1"
"78","AATCACGTCTGTTGGA-1_2_1"
"79","AATCGTGAGCACCGTC-1_2_1"
"80","AATCGTGAGGCATGCA-1_2_1"
"81","AATGAAGGTAGCGAGT-1_2_1"
"82","AATGAAGGTCACCACG-1_2_1"
"83","AATGCCAAGAAAGCGA-1_2_1"
"84","AATGCCAGTTCTGACA-1_2_1"
"85","AATGGAACAACTGGTT-1_2_1"
"86","AATGGAACAGTATACC-1_2_1"
"87","AATGGAAGTGTAAACA-1_2_1"
"88","AATGGCTAGAGTCTGG-1_2_1"
"89","AATGGCTGTCTCAGAT-1_2_1"
"90","AATGGCTGTGTGAGCA-1_2_1"
"91","AATTCCTAGTTCAACC-1_2_1"
"92","AATTCCTCATTGGGAG-1_2_1"
"93","AATTCCTGTTAAACAG-1_2_1"
"94","AATTTCCGTGCTTCAA-1_2_1"
"95","AATTTCCTCCGTATGA-1_2_1"
"96","AATTTCCTCTTGTTAC-1_2_1"
"97","ACAAAGAAGCGTGCTC-1_2_1"
"98","ACAAAGAAGCTTCGTA-1_2_1"
"99","ACAAAGAAGGTCGTCC-1_2_1"
"100","ACAAAGAGTTGCCAAT-1_2_1"
"101","ACAAAGATCCACGGGT-1_2_1"
"102","ACAACCACAAGTACCT-1_2_1"
"103","ACAACCAGTCGTACAT-1_2_1"
"104","ACAACCATCATAAGGA-1_2_1"
"105","ACAAGCTCAGTTAGGG-1_2_1"
"106","ACACAGTGTGTTAAAG-1_2_1"
"107","ACACGCGAGTATAGGT-1_2_1"
"108","ACACGCGCACGGGCTT-1_2_1"
"109","ACACTGACAATGGCCC-1_2_1"
"110","ACACTGAGTTGCTCAA-1_2_1"
"111","ACAGCCGAGTCATCCA-1_2_1"
"112","ACAGCCGCACGAGAAC-1_2_1"
"113","ACAGCCGTCCATTGTT-1_2_1"
"114","ACATCCCGTTACGGAG-1_2_1"
"115","ACATCGACACTGGCGT-1_2_1"
"116","ACATCGACAGCTAACT-1_2_1"
"117","ACATGCAAGCAAGTGC-1_2_1"
"118","ACATGCACAATGTGGG-1_2_1"
"119","ACATGCACAGGACAGT-1_2_1"
"120","ACATGCATCCATTTCA-1_2_1"
"121","ACATTTCGTAACACCT-1_2_1"
"122","ACATTTCTCGGAATGG-1_2_1"
"123","ACCAAACCAAGGATGC-1_2_1"
"124","ACCAAACGTAGCCCTG-1_2_1"
"125","ACCAAACGTCGTTGGC-1_2_1"
"126","ACCAAACTCATCCCGT-1_2_1"
"127","ACCAACACAAGTCCCG-1_2_1"
"128","ACCAACATCATACAGC-1_2_1"
"129","ACCAACATCCAAAGGG-1_2_1"
"130","ACCACAAAGCCATTGT-1_2_1"
"131","ACCACAATCCGTGTAA-1_2_1"
"132","ACCATTTAGTGAGCCA-1_2_1"
"133","ACCATTTTCACTCGAA-1_2_1"
"134","ACCCAAAGTACAGAGC-1_2_1"
"135","ACCCAAAGTCTAGGTT-1_2_1"
"136","ACCCTCAAGAGGGTAA-1_2_1"
"137","ACCCTCAGTACCTAGT-1_2_1"
"138","ACCCTCATCTAAGGAA-1_2_1"
"139","ACCCTCATCTGCTAGA-1_2_1"
"140","ACCCTTGAGTATAGGT-1_2_1"
"141","ACCGTTCAGAGTATAC-1_2_1"
"142","ACCGTTCAGCATGTTC-1_2_1"
"143","ACCTACCAGGGTTGCA-1_2_1"
"144","ACCTACCGTACTAGCT-1_2_1"
"145","ACCTGAAGTCAAGCGA-1_2_1"
"146","ACCTGAATCGGAGTGA-1_2_1"
"147","ACCTGAATCGGCAGTC-1_2_1"
"148","ACCTGTCAGTTCCGTA-1_2_1"
"149","ACCTGTCCATCATTTC-1_2_1"
"150","ACCTGTCCATTGACAC-1_2_1"
"151","ACCTGTCTCCTGGGTG-1_2_1"
"152","ACCTGTCTCTAAACGC-1_2_1"
"153","ACGATCAAGCTCGGCT-1_2_1"
"154","ACGATCAAGTAAGGGA-1_2_1"
"155","ACGATGTCAATGTCTG-1_2_1"
"156","ACGCACGGTAGGTAGC-1_2_1"
"157","ACGGAAGGTATCAGGG-1_2_1"
"158","ACGGGTCCAGGCACTC-1_2_1"
"159","ACGGGTCTCGTGGTAT-1_2_1"
"160","ACGTAACCAAGAGTAT-1_2_1"
"161","ACGTAACCACAACGTT-1_2_1"
"162","ACGTAACCATCTCAAG-1_2_1"
"163","ACGTAACTCCGACAGC-1_2_1"
"164","ACGTACAAGCTGACCC-1_2_1"
"165","ACGTACACACAAGCAG-1_2_1"
"166","ACGTACATCAGAGCGA-1_2_1"
"167","ACGTACATCTAGCAAC-1_2_1"
"168","ACGTAGTCAGAGAGGG-1_2_1"
"169","ACGTAGTTCAAACCCA-1_2_1"
"170","ACGTCCTTCCTAGCGG-1_2_1"
"171","ACTACGAGTTCTGAGT-1_2_1"
"172","ACTATCTGTTAGGAGC-1_2_1"
"173","ACTATGGAGGCTCCCA-1_2_1"
"174","ACTATGGAGTGGTTGG-1_2_1"
"175","ACTATGGAGTTCGCAT-1_2_1"
"176","ACTATTCAGAGCAAGA-1_2_1"
"177","ACTATTCAGATGGCAC-1_2_1"
"178","ACTATTCAGCTAGAAT-1_2_1"
"179","ACTATTCGTTATAGCC-1_2_1"
"180","ACTATTCTCGAACGGA-1_2_1"
"181","ACTCCCACACCCTGAG-1_2_1"
"182","ACTCTCGGTTCAGGTT-1_2_1"
"183","ACTGATGAGGTCACTT-1_2_1"
"184","ACTGATGTCCAAATGC-1_2_1"
"185","ACTGATGTCGGCCCAA-1_2_1"
"186","ACTGCAAAGCTATCCA-1_2_1"
"187","ACTGCAACAGCGGTTC-1_2_1"
"188","ACTGCAATCCACAAGT-1_2_1"
"189","ACTGTCCCAGCAGATG-1_2_1"
"190","ACTGTCCGTTGCGGCT-1_2_1"
"191","ACTGTGAGTTCGTTCC-1_2_1"
"192","ACTGTGAGTTGACTGT-1_2_1"
"193","ACTTAGGAGACGTCCC-1_2_1"
"194","ACTTAGGAGGTGATAT-1_2_1"
"195","ACTTAGGGTGCGGTAA-1_2_1"
"196","ACTTAGGTCTTACTGT-1_2_1"
"197","ACTTATCCAAATACGA-1_2_1"
"198","ACTTCCGAGAGGGTCT-1_2_1"
"199","ACTTCCGCAGGCGAAT-1_2_1"
"200","ACTTCCGCAGTCACGC-1_2_1"
"201","ACTTCCGCAGTGAGCA-1_2_1"
"202","ACTTCCGGTAGGCTCC-1_2_1"
"203","ACTTCGCAGGGTGAAA-1_2_1"
"204","ACTTTCACACTCAGAT-1_2_1"
"205","ACTTTCACACTGTGTA-1_2_1"
"206","ACTTTGTCATCGGAGA-1_2_1"
"207","ACTTTGTTCCTTGAAG-1_2_1"
"208","ACTTTGTTCTACCACC-1_2_1"
"209","AGAAATGGTATGTCTG-1_2_1"
"210","AGAAATGGTGCTCGTG-1_2_1"
"211","AGAACAAAGCTTCTAG-1_2_1"
"212","AGAACCTGTCAAACGG-1_2_1"
"213","AGAACCTGTCATAGTC-1_2_1"
"214","AGAAGCGAGGCTCACC-1_2_1"
"215","AGAAGCGCAGGTAGTG-1_2_1"
"216","AGAAGCGTCAGCGCAC-1_2_1"
"217","AGAAGCGTCCACGTGG-1_2_1"
"218","AGAAGTAAGGAGTCTG-1_2_1"
"219","AGAAGTACAAGTTGGG-1_2_1"
"220","AGAAGTATCCATCGTC-1_2_1"
"221","AGACACTAGATCACTC-1_2_1"
"222","AGACACTCAGACGATG-1_2_1"
"223","AGACAGGCAAAGCTCT-1_2_1"
"224","AGACAGGTCGGACCAC-1_2_1"
"225","AGACCATAGACATGCG-1_2_1"
"226","AGACCATTCTCGGCTT-1_2_1"
"227","AGACCATTCTTAATCC-1_2_1"
"228","AGACCCGAGGAAACGA-1_2_1"
"229","AGACTCAAGAACTTCC-1_2_1"
"230","AGACTCACAGCGACAA-1_2_1"
"231","AGACTCAGTTGTTGCA-1_2_1"
"232","AGAGAATAGCTGTCCG-1_2_1"
"233","AGAGAGCTCACCTGTC-1_2_1"
"234","AGAGCCCCAGGTGTGA-1_2_1"
"235","AGAGCCCTCAAACGAA-1_2_1"
"236","AGATAGAGTCACCTTC-1_2_1"
"237","AGATAGAGTTGGACCC-1_2_1"
"238","AGATCCAAGCCTTGAT-1_2_1"
"239","AGATCCAAGGTCGTAG-1_2_1"
"240","AGATCGTCATTCTGTT-1_2_1"
"241","AGATCGTGTTAGAAAC-1_2_1"
"242","AGATCGTTCAATCAGC-1_2_1"
"243","AGATGAAAGCCGGAAT-1_2_1"
"244","AGATGAAAGGCAGCTA-1_2_1"
"245","AGATGAAAGTTTCGAC-1_2_1"
"246","AGATGAATCCGCCTAT-1_2_1"
"247","AGATGCTAGTGGGAAA-1_2_1"
"248","AGATGCTGTTTACCTT-1_2_1"
"249","AGCATCACAAGTTGGG-1_2_1"
"250","AGCATCACACTTCAGA-1_2_1"
"251","AGCATCAGTAGTGGCA-1_2_1"
"252","AGCATCATCCGGTTCT-1_2_1"
"253","AGCATCATCCTGATAG-1_2_1"
"254","AGCATCATCGTCGCTT-1_2_1"
"255","AGCCAATTCATCACAG-1_2_1"
"256","AGCCAGCAGCTAGAAT-1_2_1"
"257","AGCCAGCAGTGCACAG-1_2_1"
"258","AGCCAGCAGTTCAACC-1_2_1"
"259","AGCCAGCCACAAATAG-1_2_1"
"260","AGCCAGCCATCATTGG-1_2_1"
"261","AGCCAGCGTTTCGTAG-1_2_1"
"262","AGCCAGCTCTACCACC-1_2_1"
"263","AGCGATTGTTGGCTAT-1_2_1"
"264","AGCGCCAAGGCCCAAA-1_2_1"
"265","AGCGCTGAGATGATTG-1_2_1"
"266","AGCGCTGAGCTTTGTG-1_2_1"
"267","AGCGCTGAGTCCTACA-1_2_1"
"268","AGCGCTGGTATACCTG-1_2_1"
"269","AGCGTATCACCGAATT-1_2_1"
"270","AGCGTCGCAGTTAGAA-1_2_1"
"271","AGCGTCGCATTCAGGT-1_2_1"
"272","AGCTCAAAGCCGGAAT-1_2_1"
"273","AGCTCAAGTGGCATCC-1_2_1"
"274","AGCTTCCAGATTGTGA-1_2_1"
"275","AGCTTCCAGGATACGC-1_2_1"
"276","AGCTTCCCATGCAGGA-1_2_1"
"277","AGCTTCCGTGTCCCTT-1_2_1"
"278","AGCTTCCTCTACTGCC-1_2_1"
"279","AGGAAATTCAGGTGTT-1_2_1"
"280","AGGAATAAGAAACCAT-1_2_1"
"281","AGGAATAAGACTTGTC-1_2_1"
"282","AGGAATACAGGAATCG-1_2_1"
"283","AGGACGAAGCACCGAA-1_2_1"
"284","AGGACGAGTAGCTGAG-1_2_1"
"285","AGGACTTAGCAAATGT-1_2_1"
"286","AGGACTTAGCTCCACG-1_2_1"
"287","AGGACTTAGTTCGGTT-1_2_1"
"288","AGGACTTCAAGCTGTT-1_2_1"
"289","AGGACTTGTTCTCGTC-1_2_1"
"290","AGGACTTTCTATCGGA-1_2_1"
"291","AGGAGGTAGTCATCCA-1_2_1"
"292","AGGAGGTCAGACACAG-1_2_1"
"293","AGGAGGTCATTGGATC-1_2_1"
"294","AGGATAAGTTGTCAGT-1_2_1"
"295","AGGATCTAGAAGCCAC-1_2_1"
"296","AGGATCTAGATTGATG-1_2_1"
"297","AGGATCTTCGCACGAC-1_2_1"
"298","AGGCATTCAGGCACTC-1_2_1"
"299","AGGCATTCATAACGGG-1_2_1"
"300","AGGCATTGTATCAGGG-1_2_1"
"301","AGGCATTGTTTGGGTT-1_2_1"
"302","AGGCATTTCAGATGCT-1_2_1"
"303","AGGCCACAGACCATGG-1_2_1"
"304","AGGCCACAGATTCGAA-1_2_1"
"305","AGGCCACTCGGAGTGA-1_2_1"
"306","AGGGCCTAGAATACAC-1_2_1"
"307","AGGGCCTGTACGATTC-1_2_1"
"308","AGGGTCCGTGGCTTAT-1_2_1"
"309","AGGGTGAAGGAGGCAG-1_2_1"
"310","AGGGTGACACGGCCAT-1_2_1"
"311","AGGGTGACAGCTACTA-1_2_1"
"312","AGGGTGATCCATTGGA-1_2_1"
"313","AGGGTTTCAAGTTCCA-1_2_1"
"314","AGGGTTTGTGCCTTCT-1_2_1"
"315","AGGGTTTTCACCTCTG-1_2_1"
"316","AGGGTTTTCTCGAGTA-1_2_1"
"317","AGGTAGGCAAGCCATT-1_2_1"
"318","AGGTAGGGTCGACTTA-1_2_1"
"319","AGGTCATTCTGGGCGT-1_2_1"
"320","AGGTCTACAGATCACT-1_2_1"
"321","AGGTCTAGTTCTGACA-1_2_1"
"322","AGGTTACCAATACCTG-1_2_1"
"323","AGGTTACGTCAAGTTC-1_2_1"
"324","AGGTTACTCATAGACC-1_2_1"
"325","AGGTTACTCGGTGAAG-1_2_1"
"326","AGGTTACTCTGGACTA-1_2_1"
"327","AGGTTGTGTTACCCTC-1_2_1"
"328","AGTAACCAGACACACG-1_2_1"
"329","AGTACCAAGATAACGT-1_2_1"
"330","AGTACCACACAACGCC-1_2_1"
"331","AGTACCACAGTTGGTT-1_2_1"
"332","AGTACTGAGCACGATG-1_2_1"
"333","AGTACTGCAGCGTATT-1_2_1"
"334","AGTAGCTAGGACAAGA-1_2_1"
"335","AGTAGCTCAAGGGCAT-1_2_1"
"336","AGTAGTCTCGAGAACG-1_2_1"
"337","AGTAGTCTCTGTCCGT-1_2_1"
"338","AGTCAACAGCTCAGAG-1_2_1"
"339","AGTCAACCAAGACGAC-1_2_1"
"340","AGTCAACGTGGCTCTG-1_2_1"
"341","AGTCAACGTTCTTCAT-1_2_1"
"342","AGTCACAAGTACGTCT-1_2_1"
"343","AGTCACATCTTCTGTA-1_2_1"
"344","AGTCTCCCAAGGTCGA-1_2_1"
"345","AGTCTCCCATCGGCCA-1_2_1"
"346","AGTGACTCAAAGGTTA-1_2_1"
"347","AGTGACTGTATCTTCT-1_2_1"
"348","AGTGACTTCCCGAGTG-1_2_1"
"349","AGTGACTTCTTGGTCC-1_2_1"
"350","AGTGATCCATTGCCTC-1_2_1"
"351","AGTGCCGAGTAGAGTT-1_2_1"
"352","AGTGCCGTCGGACGTC-1_2_1"
"353","AGTGCCGTCTGTGCAA-1_2_1"
"354","AGTGTTGAGCAGTAAT-1_2_1"
"355","AGTGTTGCATGAATAG-1_2_1"
"356","AGTGTTGGTACCCGCA-1_2_1"
"357","AGTGTTGTCTGTCCGT-1_2_1"
"358","AGTTAGCAGACTAAGT-1_2_1"
"359","AGTTAGCAGCACCGAA-1_2_1"
"360","AGTTAGCGTCTGTGGC-1_2_1"
"361","AGTTCCCAGGTTATAG-1_2_1"
"362","AGTTCGACACGTACTA-1_2_1"
"363","ATACCGATCACCCTGT-1_2_1"
"364","ATACCGATCAGGGTAG-1_2_1"
"365","ATACCGATCTACCCAC-1_2_1"
"366","ATACCTTCATTACGGT-1_2_1"
"367","ATACCTTTCACTACGA-1_2_1"
"368","ATACTTCAGATGGGCT-1_2_1"
"369","ATAGACCCACATATGC-1_2_1"
"370","ATAGAGAAGACCGTTT-1_2_1"
"371","ATAGAGAAGGAATCGC-1_2_1"
"372","ATAGAGACAATCGCAT-1_2_1"
"373","ATAGAGAGTTATTCCT-1_2_1"
"374","ATAGGCTAGCCTATCA-1_2_1"
"375","ATAGGCTCAGCACACC-1_2_1"
"376","ATAGGCTGTAAGGCCA-1_2_1"
"377","ATATCCTCACAAAGCG-1_2_1"
"378","ATATCCTTCCACCCTA-1_2_1"
"379","ATCACAGAGTTGAAGT-1_2_1"
"380","ATCACAGTCACTTCTA-1_2_1"
"381","ATCACGAAGGACCCAA-1_2_1"
"382","ATCACGAAGGTAGACC-1_2_1"
"383","ATCACGACATGCCGGT-1_2_1"
"384","ATCACGAGTATGTCTG-1_2_1"
"385","ATCACGATCGACGCTG-1_2_1"
"386","ATCACTTGTCCCTAAA-1_2_1"
"387","ATCAGGTTCCGTCCTA-1_2_1"
"388","ATCATTCAGAGCTTTC-1_2_1"
"389","ATCCACCGTACCGGAA-1_2_1"
"390","ATCCATTAGCCTCGTG-1_2_1"
"391","ATCCATTGTCGTGATT-1_2_1"
"392","ATCCCTGAGTTGGAAT-1_2_1"
"393","ATCCGTCTCACTACGA-1_2_1"
"394","ATCGATGTCGGAACTT-1_2_1"
"395","ATCGCCTAGAGGACTC-1_2_1"
"396","ATCGCCTAGCAACAAT-1_2_1"
"397","ATCGCCTTCACTGGGC-1_2_1"
"398","ATCGGATAGTAGCAAT-1_2_1"
"399","ATCGGATCAGGTCCGT-1_2_1"
"400","ATCGGATGTCTCTCTG-1_2_1"
"401","ATCGGCGGTAACTAAG-1_2_1"
"402","ATCGGCGTCACCACAA-1_2_1"
"403","ATCGGCGTCGAGAGAC-1_2_1"
"404","ATCGGCGTCTACACAG-1_2_1"
"405","ATCGTAGTCACGGAGA-1_2_1"
"406","ATCGTAGTCATCTCTA-1_2_1"
"407","ATCGTCCAGATACATG-1_2_1"
"408","ATCGTCCAGCGACTGA-1_2_1"
"409","ATCGTCCCAACGATTC-1_2_1"
"410","ATCGTGACACTTCAAG-1_2_1"
"411","ATCGTGAGTGCATGTT-1_2_1"
"412","ATCGTGAGTTTCGTGA-1_2_1"
"413","ATCGTGATCATGGTAC-1_2_1"
"414","ATCTCTACAGGCAATG-1_2_1"
"415","ATCTCTAGTACCCACG-1_2_1"
"416","ATCTCTAGTGTTCCAA-1_2_1"
"417","ATCTCTATCAACGCTA-1_2_1"
"418","ATGAAAGCATGCAGGA-1_2_1"
"419","ATGAAAGCATGTTTGG-1_2_1"
"420","ATGACCACAATGTCAC-1_2_1"
"421","ATGACCATCATTTGCT-1_2_1"
"422","ATGACCATCCGGTTCT-1_2_1"
"423","ATGAGGGTCAAGCCGC-1_2_1"
"424","ATGAGTCGTTCTAAGC-1_2_1"
"425","ATGAGTCTCAGCTCTC-1_2_1"
"426","ATGAGTCTCTCATTAC-1_2_1"
"427","ATGATCGAGCCGATCC-1_2_1"
"428","ATGCATGAGTCGGCAA-1_2_1"
"429","ATGCATGAGTGTACCT-1_2_1"
"430","ATGCATGGTAGAATGT-1_2_1"
"431","ATGCATGTCCAGCAAT-1_2_1"
"432","ATGCCTCAGAATAACC-1_2_1"
"433","ATGCCTCCAATGACCT-1_2_1"
"434","ATGCGATAGGAGTCTG-1_2_1"
"435","ATGCGATGTTTAAGGA-1_2_1"
"436","ATGGATCAGCTTCATG-1_2_1"
"437","ATGGATCAGTCTGGTT-1_2_1"
"438","ATGGATCCATAGAAAC-1_2_1"
"439","ATGGATCTCGTCTAAG-1_2_1"
"440","ATGGGAGAGAGGTATT-1_2_1"
"441","ATGGGAGGTGGCGTAA-1_2_1"
"442","ATGGGAGTCACGTCCT-1_2_1"
"443","ATGGGTTCAGTAGTTC-1_2_1"
"444","ATGGTTGAGAAACACT-1_2_1"
"445","ATGGTTGAGGAGATAG-1_2_1"
"446","ATGGTTGGTCGCTCGA-1_2_1"
"447","ATGTCCCAGCTTGTTG-1_2_1"
"448","ATGTCCCAGGTGAGAA-1_2_1"
"449","ATGTCCCAGTCACTCA-1_2_1"
"450","ATGTCCCGTCTCAGAT-1_2_1"
"451","ATGTCTTTCTCATGCC-1_2_1"
"452","ATTACCTCAAATCGGG-1_2_1"
"453","ATTACCTCAGATCACT-1_2_1"
"454","ATTACCTGTCCGGACT-1_2_1"
"455","ATTACTCGTGTCTTGA-1_2_1"
"456","ATTACTCTCCCACAGG-1_2_1"
"457","ATTATCCCAGGATCTT-1_2_1"
"458","ATTATCCTCCATCTCG-1_2_1"
"459","ATTCACTAGGGAGGAC-1_2_1"
"460","ATTCACTCATGACCCG-1_2_1"
"461","ATTCACTTCGTGCACG-1_2_1"
"462","ATTCAGGAGTCGGCAA-1_2_1"
"463","ATTCAGGGTCCAGTTA-1_2_1"
"464","ATTCAGGGTGCAATGG-1_2_1"
"465","ATTCATCAGGGAACAA-1_2_1"
"466","ATTCATCCAGGCCTGT-1_2_1"
"467","ATTCCATAGTTTAGGA-1_2_1"
"468","ATTCCATGTCATCTAG-1_2_1"
"469","ATTCCCGAGTAGGTTA-1_2_1"
"470","ATTCCCGCATTGCCGG-1_2_1"
"471","ATTCCCGGTCTGGTTA-1_2_1"
"472","ATTCCTACACGATTCA-1_2_1"
"473","ATTCCTACAGGCTACC-1_2_1"
"474","ATTCCTATCGTCGGGT-1_2_1"
"475","ATTCGTTGTCCGTACG-1_2_1"
"476","ATTCGTTGTGTGTACT-1_2_1"
"477","ATTCTACTCATCGCAA-1_2_1"
"478","ATTCTACTCCGTATGA-1_2_1"
"479","ATTCTTGAGAGTGTTA-1_2_1"
"480","ATTGGGTGTAACAGTA-1_2_1"
"481","ATTGGGTGTGACTAAA-1_2_1"
"482","ATTGGGTTCTGTCGTC-1_2_1"
"483","ATTGTTCCATCGCTAA-1_2_1"
"484","ATTGTTCGTGCCCACA-1_2_1"
"485","ATTTACCCAGTTGAAA-1_2_1"
"486","ATTTCACAGCTTAGTC-1_2_1"
"487","ATTTCACGTAGGTCAG-1_2_1"
"488","ATTTCACGTCTGATCA-1_2_1"
"489","ATTTCTGAGAATACAC-1_2_1"
"490","ATTTCTGAGGTTGCCC-1_2_1"
"491","ATTTCTGCAAGACGAC-1_2_1"
"492","ATTTCTGTCCCTTGGT-1_2_1"
"493","CAAAGAAAGAAGGTAG-1_2_1"
"494","CAAAGAACAAATTGCC-1_2_1"
"495","CAAAGAACAACCCTAA-1_2_1"
"496","CAACAACCACGGCACT-1_2_1"
"497","CAACAACTCTTACGGA-1_2_1"
"498","CAACAGTAGTCAGCGA-1_2_1"
"499","CAACAGTCATTGACTG-1_2_1"
"500","CAACCAAAGCGACTTT-1_2_1"
"501","CAACCAACAAGGACAC-1_2_1"
"502","CAACCAAGTGCCTAAT-1_2_1"
"503","CAACCAATCCACAAGT-1_2_1"
"504","CAACCTCAGCTGAAAT-1_2_1"
"505","CAACCTCTCCATGATG-1_2_1"
"506","CAACGATCATACTGTG-1_2_1"
"507","CAACGATGTACACGCC-1_2_1"
"508","CAACGGCAGAGCATAT-1_2_1"
"509","CAAGACTCATTCGATG-1_2_1"
"510","CAAGAGGTCCGTGCGA-1_2_1"
"511","CAAGAGGTCGCTGTTC-1_2_1"
"512","CAAGCTACACTTTAGG-1_2_1"
"513","CAAGGGACAGCATGCC-1_2_1"
"514","CAAGGGAGTGTCCCTT-1_2_1"
"515","CAATACGCATACCACA-1_2_1"
"516","CAATACGGTCAGGAGT-1_2_1"
"517","CAATACGTCCAGTTCC-1_2_1"
"518","CAATCGAAGGAAGAAC-1_2_1"
"519","CAATCGATCATCACAG-1_2_1"
"520","CAATCGATCGGTAGGA-1_2_1"
"521","CAATGACCACAATCTG-1_2_1"
"522","CAATGACCATACACCA-1_2_1"
"523","CAATGACGTGCATACT-1_2_1"
"524","CAATTTCAGAAACTGT-1_2_1"
"525","CAATTTCAGTAAACTG-1_2_1"
"526","CAATTTCCAGACAAGC-1_2_1"
"527","CAATTTCCATGGAAGC-1_2_1"
"528","CAATTTCGTTGTTGTG-1_2_1"
"529","CAATTTCTCGTGGTAT-1_2_1"
"530","CACAACAAGAGCTGCA-1_2_1"
"531","CACAACAAGAGGCGGA-1_2_1"
"532","CACAACACATCGGTTA-1_2_1"
"533","CACAACAGTACGTACT-1_2_1"
"534","CACACAAAGATGTAGT-1_2_1"
"535","CACACAATCCATAGAC-1_2_1"
"536","CACAGATCAATGGCAG-1_2_1"
"537","CACAGATGTGGCACTC-1_2_1"
"538","CACAGGCAGCCTGTGC-1_2_1"
"539","CACAGGCAGGACTATA-1_2_1"
"540","CACAGGCAGTTCATGC-1_2_1"
"541","CACATGAAGTGATGGC-1_2_1"
"542","CACATGACACCCTGAG-1_2_1"
"543","CACCAAAAGAGGGTCT-1_2_1"
"544","CACCAAATCACTGGTA-1_2_1"
"545","CACCGTTTCTCCACTG-1_2_1"
"546","CACGAATCAACGACAG-1_2_1"
"547","CACGAATTCCCTCGAT-1_2_1"
"548","CACGGGTGTTACGTAC-1_2_1"
"549","CACGGGTTCGGCTGGT-1_2_1"
"550","CACGTGGCAGAAACCG-1_2_1"
"551","CACGTGGGTATCTTCT-1_2_1"
"552","CACGTGGTCCATCGTC-1_2_1"
"553","CACGTGGTCCTTACCG-1_2_1"
"554","CACGTTCGTCTAGGCC-1_2_1"
"555","CACGTTCTCGGTAGAG-1_2_1"
"556","CACTAAGCACCTGCAG-1_2_1"
"557","CACTGAACACGACGCT-1_2_1"
"558","CACTGAAGTCTCCCTA-1_2_1"
"559","CACTGAATCCAGTGTA-1_2_1"
"560","CACTGGGAGCTCGACC-1_2_1"
"561","CACTGTCGTAGGGAGG-1_2_1"
"562","CACTGTCTCCTCACCA-1_2_1"
"563","CACTGTCTCGTGAGAG-1_2_1"
"564","CACTGTCTCGTTGTGA-1_2_1"
"565","CACTTCGGTATGTGTC-1_2_1"
"566","CAGAGCCCAGCGTATT-1_2_1"
"567","CAGATACAGAATCGCG-1_2_1"
"568","CAGATACCAATAGTCC-1_2_1"
"569","CAGATACGTTCCTAGA-1_2_1"
"570","CAGATCAGTTCGTTCC-1_2_1"
"571","CAGATTGAGTGAACAT-1_2_1"
"572","CAGATTGCAACCACGC-1_2_1"
"573","CAGCAATCACCAACAT-1_2_1"
"574","CAGCAGCAGATGTTAG-1_2_1"
"575","CAGCAGCAGCAATAAC-1_2_1"
"576","CAGCAGCAGCAGGGAG-1_2_1"
"577","CAGCAGCTCTCTCGAC-1_2_1"
"578","CAGCCAGTCGCATTAG-1_2_1"
"579","CAGGCCACAGTCAGCC-1_2_1"
"580","CAGGGCTAGCGGGTTA-1_2_1"
"581","CAGGGCTCAGCTCATA-1_2_1"
"582","CAGGGCTGTAATACCC-1_2_1"
"583","CAGGGCTGTCCCTCAT-1_2_1"
"584","CAGGGCTGTGTTGCCG-1_2_1"
"585","CAGGTATAGTTTCTTC-1_2_1"
"586","CAGGTATGTGGCAACA-1_2_1"
"587","CAGGTATTCCAACTGA-1_2_1"
"588","CAGTGCGAGCTTTGTG-1_2_1"
"589","CAGTGCGTCGGACTGC-1_2_1"
"590","CAGTGCGTCTCCCAAC-1_2_1"
"591","CAGTTAGCATAATCGC-1_2_1"
"592","CAGTTCCTCGAATGCT-1_2_1"
"593","CATACAGAGCTACTGT-1_2_1"
"594","CATACAGCACGGCACT-1_2_1"
"595","CATACAGCACTACGGC-1_2_1"
"596","CATACAGGTGTTCCTC-1_2_1"
"597","CATACAGTCCCATTTA-1_2_1"
"598","CATACCCTCGAAGAAT-1_2_1"
"599","CATACCCTCGTGTTCC-1_2_1"
"600","CATACTTCAATTCTCT-1_2_1"
"601","CATACTTGTGTCCGGT-1_2_1"
"602","CATACTTTCCACGAAT-1_2_1"
"603","CATAGACTCGTAGGGA-1_2_1"
"604","CATAGACTCTACTGAG-1_2_1"
"605","CATCAAGAGGTAAGGA-1_2_1"
"606","CATCAAGCAATGACCT-1_2_1"
"607","CATCAAGGTCATATGC-1_2_1"
"608","CATCAAGGTCCAAGAG-1_2_1"
"609","CATCAAGGTGGCCACT-1_2_1"
"610","CATCCACAGTGATAGT-1_2_1"
"611","CATCCACGTCTAGGTT-1_2_1"
"612","CATCCACGTGACTGTT-1_2_1"
"613","CATCCACGTTTAGACC-1_2_1"
"614","CATCCACTCCCTTTGG-1_2_1"
"615","CATCCACTCGGACTTA-1_2_1"
"616","CATCCCAAGATTAGCA-1_2_1"
"617","CATCGCTTCGCAGTGC-1_2_1"
"618","CATCGGGCAAAGCTCT-1_2_1"
"619","CATCGGGCAGATCCTA-1_2_1"
"620","CATCGGGTCTCTGGTC-1_2_1"
"621","CATCGTCGTTCTTGCC-1_2_1"
"622","CATGAGTAGGTACAGC-1_2_1"
"623","CATGCAAAGGGAACAA-1_2_1"
"624","CATGCAAGTTCGGTAT-1_2_1"
"625","CATGCAATCCGAGCTG-1_2_1"
"626","CATGCCTCAGGAATAT-1_2_1"
"627","CATGCCTGTACGCTAT-1_2_1"
"628","CATGCCTGTCCACTCT-1_2_1"
"629","CATGCTCAGCATCGAG-1_2_1"
"630","CATGCTCTCCTAGCGG-1_2_1"
"631","CATGCTCTCCTATGGA-1_2_1"
"632","CATGCTCTCGACCTAA-1_2_1"
"633","CATGCTCTCTGTTCAT-1_2_1"
"634","CATGGATAGAAGGCTC-1_2_1"
"635","CATGGATTCCCGAGGT-1_2_1"
"636","CATGGTATCCTGTAAG-1_2_1"
"637","CATTCATCATCAACCA-1_2_1"
"638","CATTCATTCCTATGGA-1_2_1"
"639","CATTCCGAGGGTACAC-1_2_1"
"640","CATTCCGTCAAATGAG-1_2_1"
"641","CATTCTATCCTGTTAT-1_2_1"
"642","CATTGAGCATGTAACC-1_2_1"
"643","CATTGAGGTCCGGACT-1_2_1"
"644","CATTGAGGTCCGTTTC-1_2_1"
"645","CATTGCCTCCATAGAC-1_2_1"
"646","CATTGTTAGGTGATCG-1_2_1"
"647","CATTGTTCAAGCCTGC-1_2_1"
"648","CATTGTTGTAGTATAG-1_2_1"
"649","CCAAGCGAGGCTAACG-1_2_1"
"650","CCAAGCGTCCTGGGTG-1_2_1"
"651","CCAATGAGTTAAGAAC-1_2_1"
"652","CCAATGATCTCCTGCA-1_2_1"
"653","CCACAAAAGGGATCGT-1_2_1"
"654","CCACAAACACATAACC-1_2_1"
"655","CCACAAAGTGTTATCG-1_2_1"
"656","CCACACTGTTGCTTGA-1_2_1"
"657","CCACACTTCGTTGCCT-1_2_1"
"658","CCACCATAGAAGCTCG-1_2_1"
"659","CCACCATAGGCTCAAG-1_2_1"
"660","CCACCATCACAAACGG-1_2_1"
"661","CCACCATGTCTCCTGT-1_2_1"
"662","CCACCATTCATGCAGT-1_2_1"
"663","CCACGAGAGTCATGGG-1_2_1"
"664","CCACGAGCATCGCTCT-1_2_1"
"665","CCACGAGCATTGTACG-1_2_1"
"666","CCACGAGGTGGCAGAT-1_2_1"
"667","CCACGAGGTGTATTGC-1_2_1"
"668","CCACGAGGTTCGGACC-1_2_1"
"669","CCACGAGGTTTGTTGG-1_2_1"
"670","CCACGTTAGATGCTTC-1_2_1"
"671","CCACGTTGTACAAGCG-1_2_1"
"672","CCACGTTGTTTGTGGT-1_2_1"
"673","CCACTTGCAGGCATGA-1_2_1"
"674","CCACTTGGTGGCTACC-1_2_1"
"675","CCACTTGGTTAAGACA-1_2_1"
"676","CCATAAGGTTACCCAA-1_2_1"
"677","CCATCACCAAGTGGTG-1_2_1"
"678","CCATCACGTTGAGGAC-1_2_1"
"679","CCATCACTCTGGTTGA-1_2_1"
"680","CCCAACTCAGCTACCG-1_2_1"
"681","CCCATTGAGTCCCAGC-1_2_1"
"682","CCCGAAGGTTAAACAG-1_2_1"
"683","CCCGGAAGTTTCCAAG-1_2_1"
"684","CCCTAACAGCTAGATA-1_2_1"
"685","CCCTAACCACAGTGTT-1_2_1"
"686","CCCTAACTCTTAGCTT-1_2_1"
"687","CCCTCTCAGGTAGTCG-1_2_1"
"688","CCCTGATGTCCATCTC-1_2_1"
"689","CCCTTAGAGATGAATC-1_2_1"
"690","CCCTTAGCAAACCGGA-1_2_1"
"691","CCCTTAGCAAACTCGT-1_2_1"
"692","CCGAACGAGGTTCCGC-1_2_1"
"693","CCGAACGTCAAACTGC-1_2_1"
"694","CCGATCTAGACGCCCT-1_2_1"
"695","CCGATGGGTGGCACTC-1_2_1"
"696","CCGCAAGGTGGGCTCT-1_2_1"
"697","CCGCAAGTCGATCCCT-1_2_1"
"698","CCGGACAAGCGCCTTG-1_2_1"
"699","CCGGACAGTCAACCTA-1_2_1"
"700","CCGGGTAAGACCCGCT-1_2_1"
"701","CCGGTAGAGGGCAACT-1_2_1"
"702","CCGGTGATCTGTAACG-1_2_1"
"703","CCGTTCAAGCAAGGAA-1_2_1"
"704","CCGTTCACATCGTTCC-1_2_1"
"705","CCTAACCCATATGAAG-1_2_1"
"706","CCTAACCTCAGCGGAA-1_2_1"
"707","CCTAAGAAGGCGACAT-1_2_1"
"708","CCTAAGATCTCGTGAA-1_2_1"
"709","CCTACGTAGCGAGAAA-1_2_1"
"710","CCTACGTAGTTACTCG-1_2_1"
"711","CCTACGTGTCCACGCA-1_2_1"
"712","CCTCAACCAGGATCTT-1_2_1"
"713","CCTCACAAGCATCCTA-1_2_1"
"714","CCTCACAAGGTACTGG-1_2_1"
"715","CCTCAGTAGAGTTGCG-1_2_1"
"716","CCTCCAACACCGAATT-1_2_1"
"717","CCTCCTCCATTGAGCT-1_2_1"
"718","CCTCTAGCACAGAGCA-1_2_1"
"719","CCTCTAGTCAGAATAG-1_2_1"
"720","CCTCTCCAGATTCGCT-1_2_1"
"721","CCTCTCCTCCGTACGG-1_2_1"
"722","CCTGCATTCAGTGTTG-1_2_1"
"723","CCTGTTGAGTATGTAG-1_2_1"
"724","CCTGTTGGTTCCCAAA-1_2_1"
"725","CCTTCAGAGGATTCCT-1_2_1"
"726","CCTTCAGTCGAGCTGC-1_2_1"
"727","CCTTCAGTCGTTACCC-1_2_1"
"728","CCTTCAGTCTAGGCAT-1_2_1"
"729","CCTTGTGAGCATGCAG-1_2_1"
"730","CCTTGTGAGGCGAAGG-1_2_1"
"731","CCTTGTGAGTATGACA-1_2_1"
"732","CCTTGTGCATCGCTAA-1_2_1"
"733","CCTTGTGGTGGAACCA-1_2_1"
"734","CCTTGTGGTTGCATTG-1_2_1"
"735","CCTTTGGAGTAATACG-1_2_1"
"736","CCTTTGGGTGACGTCC-1_2_1"
"737","CGAAGGACAAGATTGA-1_2_1"
"738","CGAAGGACACGTAGAG-1_2_1"
"739","CGAAGGAGTATCTTCT-1_2_1"
"740","CGAAGGAGTGCCTGCA-1_2_1"
"741","CGAAGGATCACCTGTC-1_2_1"
"742","CGAAGTTGTGCAAGAC-1_2_1"
"743","CGAAGTTTCTAGAACC-1_2_1"
"744","CGAATTGCAATCGCGC-1_2_1"
"745","CGACAGCCAGGGTCTC-1_2_1"
"746","CGACAGCGTAGCGATG-1_2_1"
"747","CGACAGCGTCAGGCAA-1_2_1"
"748","CGACAGCTCAGGAAAT-1_2_1"
"749","CGAGGAAAGGAAAGTG-1_2_1"
"750","CGAGGAACACATTACG-1_2_1"
"751","CGAGGAAGTAGCGCTC-1_2_1"
"752","CGAGGCTTCCCGAACG-1_2_1"
"753","CGAGTGCGTAGTTACC-1_2_1"
"754","CGAGTGCTCCCGAGGT-1_2_1"
"755","CGAGTTAAGATAGCAT-1_2_1"
"756","CGAGTTACAAAGAACT-1_2_1"
"757","CGAGTTAGTGGCAGAT-1_2_1"
"758","CGATCGGGTTGCCAAT-1_2_1"
"759","CGATCGGTCAGGAACG-1_2_1"
"760","CGCAGGTGTGACAGGT-1_2_1"
"761","CGCAGGTGTTCGGGTC-1_2_1"
"762","CGCAGGTTCTGAGATC-1_2_1"
"763","CGCATAAAGACGCCAA-1_2_1"
"764","CGCATAAAGAGAATCT-1_2_1"
"765","CGCATAAAGGGAGGAC-1_2_1"
"766","CGCATAACACGTAGTT-1_2_1"
"767","CGCATAAGTACAATAG-1_2_1"
"768","CGCATGGCAGTTAAAG-1_2_1"
"769","CGCATGGGTGAGATCG-1_2_1"
"770","CGCCATTAGAAATTGC-1_2_1"
"771","CGCCATTAGACATACA-1_2_1"
"772","CGCGTGAGTATGGAAT-1_2_1"
"773","CGCGTGAGTTGACTAC-1_2_1"
"774","CGGAACCAGCACCCAC-1_2_1"
"775","CGGAACCAGTACAGCG-1_2_1"
"776","CGGAACCAGTGCAGCA-1_2_1"
"777","CGGAACCGTGACGTCC-1_2_1"
"778","CGGAATTAGACTACGG-1_2_1"
"779","CGGAATTGTGATACCT-1_2_1"
"780","CGGACACAGTCGCTAT-1_2_1"
"781","CGGACACCAAGCTGCC-1_2_1"
"782","CGGAGAAAGGTGCAGT-1_2_1"
"783","CGGAGAACACCTGTCT-1_2_1"
"784","CGGAGAATCCGTTGGG-1_2_1"
"785","CGGCAGTAGACGCCAA-1_2_1"
"786","CGGCAGTCAGTCAGAG-1_2_1"
"787","CGGGACTCAGCTTCGG-1_2_1"
"788","CGGGACTGTTGTTGTG-1_2_1"
"789","CGGGCATGTGAAGCTG-1_2_1"
"790","CGGGCATTCTGAGGTT-1_2_1"
"791","CGGGCATTCTGGGTCG-1_2_1"
"792","CGGGTCAAGTCCTGTA-1_2_1"
"793","CGGGTCAGTGGACTAG-1_2_1"
"794","CGGGTGTGTCGGTACC-1_2_1"
"795","CGGTCAGGTAGTCCTA-1_2_1"
"796","CGTAAGTGTCAGACGA-1_2_1"
"797","CGTAAGTTCCCTAGGG-1_2_1"
"798","CGTAATGAGAACGCGT-1_2_1"
"799","CGTAATGAGGATTTAG-1_2_1"
"800","CGTAATGCACAAGGTG-1_2_1"
"801","CGTAGTAAGCGATGGT-1_2_1"
"802","CGTAGTATCCTCGCAT-1_2_1"
"803","CGTCAAATCTGGTGGC-1_2_1"
"804","CGTCCATCACAATTCG-1_2_1"
"805","CGTCCATTCACGGGAA-1_2_1"
"806","CGTCCATTCGATGCTA-1_2_1"
"807","CGTGAATAGGAGAATG-1_2_1"
"808","CGTGAATAGTGATGGC-1_2_1"
"809","CGTGAATGTAACAGGC-1_2_1"
"810","CGTGATAAGAAACACT-1_2_1"
"811","CGTGATAAGTCTGTAC-1_2_1"
"812","CGTGATACAGACCAGA-1_2_1"
"813","CGTGATAGTGATGGCA-1_2_1"
"814","CGTGCTTCAATTGCCA-1_2_1"
"815","CGTGTCTAGCATACTC-1_2_1"
"816","CGTGTCTAGTCATGGG-1_2_1"
"817","CGTTAGAAGCGGTAAC-1_2_1"
"818","CGTTAGAAGGGAGTGG-1_2_1"
"819","CGTTCTGAGTGACCTT-1_2_1"
"820","CGTTCTGCACGTGAGA-1_2_1"
"821","CGTTCTGCACTGTTCC-1_2_1"
"822","CGTTCTGCAGGGATAC-1_2_1"
"823","CGTTGGGCAAATGCGG-1_2_1"
"824","CGTTGGGCAGAAATTG-1_2_1"
"825","CGTTGGGCAGAATTCC-1_2_1"
"826","CGTTGGGCATGAAGCG-1_2_1"
"827","CTAACCCAGGTTCCAT-1_2_1"
"828","CTAACCCGTGGAAGTC-1_2_1"
"829","CTAACCCTCGTGGCGT-1_2_1"
"830","CTAACTTCAGCAGTCC-1_2_1"
"831","CTAACTTGTGTTCGTA-1_2_1"
"832","CTAAGTGAGCGGGTTA-1_2_1"
"833","CTACAGAAGCCTGTCG-1_2_1"
"834","CTACAGAAGTATAGAC-1_2_1"
"835","CTACATTAGGCGATAC-1_2_1"
"836","CTACATTTCGGTATGT-1_2_1"
"837","CTACCTGCACGTTGGC-1_2_1"
"838","CTACCTGTCTCATGCC-1_2_1"
"839","CTACGGGAGCTGAGTG-1_2_1"
"840","CTAGACACATGGAGAC-1_2_1"
"841","CTAGACAGTGATGTAA-1_2_1"
"842","CTAGACATCAAGTGTC-1_2_1"
"843","CTAGGTAAGTCCCAGC-1_2_1"
"844","CTATCTAAGAACCCGA-1_2_1"
"845","CTATCTAAGGCTTAGG-1_2_1"
"846","CTCAACCCACACCGCA-1_2_1"
"847","CTCAACCGTATCGTGT-1_2_1"
"848","CTCAAGATCCTTACCG-1_2_1"
"849","CTCAAGATCTTCGGAA-1_2_1"
"850","CTCAATTAGAACTGAT-1_2_1"
"851","CTCAATTAGGCAATGC-1_2_1"
"852","CTCAATTGTTGCATCA-1_2_1"
"853","CTCAGAAAGCAGCCTC-1_2_1"
"854","CTCAGGGAGACATATG-1_2_1"
"855","CTCAGGGTCTCGAACA-1_2_1"
"856","CTCAGTCAGGTAGCAC-1_2_1"
"857","CTCAGTCTCCGCTAGG-1_2_1"
"858","CTCATCGCAGCTCTGG-1_2_1"
"859","CTCATCGCATTGTCGA-1_2_1"
"860","CTCATCGTCCACATAG-1_2_1"
"861","CTCATGCAGAATTGCA-1_2_1"
"862","CTCATGCCACATGTTG-1_2_1"
"863","CTCATGCGTCACAGAG-1_2_1"
"864","CTCATGCGTCGAATGG-1_2_1"
"865","CTCATGCGTCTAGGCC-1_2_1"
"866","CTCATTACACATAGCT-1_2_1"
"867","CTCATTAGTCCTGTCT-1_2_1"
"868","CTCATTATCATAGCAC-1_2_1"
"869","CTCCAACAGAGCAAGA-1_2_1"
"870","CTCCAACAGCACTCGC-1_2_1"
"871","CTCCAACGTGACTATC-1_2_1"
"872","CTCCAACTCGACATAC-1_2_1"
"873","CTCCACAAGGGAACAA-1_2_1"
"874","CTCCACAAGTGAATAC-1_2_1"
"875","CTCCACACAAGAGAGA-1_2_1"
"876","CTCCATGAGTGAGGCT-1_2_1"
"877","CTCCATGCACTAGGTT-1_2_1"
"878","CTCCATGCAGACAATA-1_2_1"
"879","CTCCATGCAGAGCTAG-1_2_1"
"880","CTCCATGCAGGTTTAC-1_2_1"
"881","CTCCATGGTCGGCCTA-1_2_1"
"882","CTCCATGTCACCGCTT-1_2_1"
"883","CTCCCAAAGTATCTGC-1_2_1"
"884","CTCCCAATCTCGCTCA-1_2_1"
"885","CTCCCTCAGGAAAGTG-1_2_1"
"886","CTCCCTCAGGAGGTTC-1_2_1"
"887","CTCCCTCCACTGGATT-1_2_1"
"888","CTCCCTCTCGGATAAA-1_2_1"
"889","CTCCGATAGATTGGGC-1_2_1"
"890","CTCCTCCAGTGCACTT-1_2_1"
"891","CTCCTCCAGTGCCGAA-1_2_1"
"892","CTCCTCCCAAGTGGCA-1_2_1"
"893","CTCCTCCCAATCGTCA-1_2_1"
"894","CTCCTCCCAGCTTTGA-1_2_1"
"895","CTCCTTTAGAAGTCAT-1_2_1"
"896","CTCCTTTAGCATTGTC-1_2_1"
"897","CTCCTTTAGGAATTAC-1_2_1"
"898","CTCCTTTCACACAGAG-1_2_1"
"899","CTCGAGGCATGTTACG-1_2_1"
"900","CTCGAGGCATTGACAC-1_2_1"
"901","CTCGAGGTCTCAACGA-1_2_1"
"902","CTCGAGGTCTCGCTTG-1_2_1"
"903","CTCTGGTAGACATACA-1_2_1"
"904","CTCTGGTGTCGTCAGC-1_2_1"
"905","CTCTGGTGTTGCTCAA-1_2_1"
"906","CTCTGGTTCTACGGTA-1_2_1"
"907","CTGAATGCACATACTG-1_2_1"
"908","CTGAATGTCTGCTGAA-1_2_1"
"909","CTGAGCGAGCTCAGAG-1_2_1"
"910","CTGAGGCGTAAGCAAT-1_2_1"
"911","CTGAGGCTCGCGTTTC-1_2_1"
"912","CTGAGGCTCGGTAGAG-1_2_1"
"913","CTGAGGCTCTTTCAGT-1_2_1"
"914","CTGATCCGTCTACACA-1_2_1"
"915","CTGATCCTCTTTCCAA-1_2_1"
"916","CTGCAGGCAAAGTGTA-1_2_1"
"917","CTGCAGGGTACAAGTA-1_2_1"
"918","CTGCAGGGTACTGCGC-1_2_1"
"919","CTGCAGGGTGATGAAT-1_2_1"
"920","CTGCAGGGTTAGGACG-1_2_1"
"921","CTGCATCAGGTTATAG-1_2_1"
"922","CTGCATCGTCCTTTGC-1_2_1"
"923","CTGCATCGTGCAACAG-1_2_1"
"924","CTGCATCTCGTAGTCA-1_2_1"
"925","CTGCCATAGGAATTAC-1_2_1"
"926","CTGCCATGTCATCGGC-1_2_1"
"927","CTGCCTAAGGTCACTT-1_2_1"
"928","CTGCCTACAATAGGGC-1_2_1"
"929","CTGCGAGAGACTGTTC-1_2_1"
"930","CTGGACGAGCGGACAT-1_2_1"
"931","CTGGACGTCCAAACCA-1_2_1"
"932","CTGGCAGAGAGTTGTA-1_2_1"
"933","CTGGCAGAGATCCCGC-1_2_1"
"934","CTGGCAGGTGGGTATG-1_2_1"
"935","CTGGTCTAGACTCAAA-1_2_1"
"936","CTGGTCTAGGCTTCCG-1_2_1"
"937","CTGTACCTCGATGCAT-1_2_1"
"938","CTGTAGACACTTGAGT-1_2_1"
"939","CTGTCGTAGACGCCCT-1_2_1"
"940","CTGTCGTCACTCCACT-1_2_1"
"941","CTGTCGTCAGGTAGTG-1_2_1"
"942","CTGTGAAAGTGATAAC-1_2_1"
"943","CTGTGAATCCTCACTG-1_2_1"
"944","CTGTGGGAGGTGATAT-1_2_1"
"945","CTGTGGGTCTATCGGA-1_2_1"
"946","CTTACCGAGACCTCAT-1_2_1"
"947","CTTACCGAGCCTAGGA-1_2_1"
"948","CTTAGGAGTCAAGGCA-1_2_1"
"949","CTTAGGAGTGATGGCA-1_2_1"
"950","CTTCAATAGGTTCAGG-1_2_1"
"951","CTTCAATAGTACAACA-1_2_1"
"952","CTTCAATTCAGAACCT-1_2_1"
"953","CTTCAATTCAGTGTCA-1_2_1"
"954","CTTCCGAAGCTGGAGT-1_2_1"
"955","CTTCCGACACGTGTGC-1_2_1"
"956","CTTCCGAGTATTGGCT-1_2_1"
"957","CTTCCGATCTCCAATT-1_2_1"
"958","CTTCCTTGTTTACTTC-1_2_1"
"959","CTTCCTTTCTTCGACC-1_2_1"
"960","CTTCGGTTCAGCTTGA-1_2_1"
"961","CTTCTAAAGGTCATTC-1_2_1"
"962","CTTCTAACACGAGAAC-1_2_1"
"963","CTTCTAACAGCTACTA-1_2_1"
"964","CTTCTAACATTCCTCG-1_2_1"
"965","CTTCTAAGTAGTTAGA-1_2_1"
"966","CTTCTCTGTAGTTACC-1_2_1"
"967","CTTGAGAGTGCGTCGT-1_2_1"
"968","CTTGATTCAGCACACC-1_2_1"
"969","CTTGATTTCCGACGGT-1_2_1"
"970","CTTGATTTCCGATGCG-1_2_1"
"971","CTTTCAACAACCTAAC-1_2_1"
"972","CTTTCAATCAACCTTT-1_2_1"
"973","CTTTCGGAGGATATGT-1_2_1"
"974","CTTTCGGCAAGTTCCA-1_2_1"
"975","CTTTCGGCAGCTTCGG-1_2_1"
"976","GAAACCTTCAGTGTGT-1_2_1"
"977","GAAATGAGTATCAGCT-1_2_1"
"978","GAAATGAGTCGGCACT-1_2_1"
"979","GAAATGATCTTCCAGC-1_2_1"
"980","GAACACTGTACTGAGG-1_2_1"
"981","GAACACTGTGGTGATG-1_2_1"
"982","GAACACTTCCATTCAT-1_2_1"
"983","GAACGTTAGGATGTTA-1_2_1"
"984","GAACGTTGTAAGTCAA-1_2_1"
"985","GAACTGTAGAGTTGAT-1_2_1"
"986","GAACTGTCAGGACTAG-1_2_1"
"987","GAACTGTGTTCACCGG-1_2_1"
"988","GAAGAATAGCCGCTTG-1_2_1"
"989","GAAGAATAGCTACTGT-1_2_1"
"990","GAAGCCCGTGAATGAT-1_2_1"
"991","GAAGCGACACACAGCC-1_2_1"
"992","GAAGCGACACCGTGAC-1_2_1"
"993","GAAGCGACAGTCAGAG-1_2_1"
"994","GAAGCGATCGACCAAT-1_2_1"
"995","GAAGGACCAACCACAT-1_2_1"
"996","GAAGGACGTTGTTGAC-1_2_1"
"997","GAAGGACTCCGTATGA-1_2_1"
"998","GAAGGGTAGACTACGG-1_2_1"
"999","GAAGGGTCAGCTTCGG-1_2_1"
"1000","GAAGGGTGTGGGCTTC-1_2_1"
"1001","GAATAGACACTCCGAG-1_2_1"
"1002","GAATCACAGACTAAGT-1_2_1"
"1003","GAATCACCACCCTGTT-1_2_1"
"1004","GAATCACGTACTGCGC-1_2_1"
"1005","GAATCACGTGTTCCTC-1_2_1"
"1006","GAATCACTCATGAGGG-1_2_1"
"1007","GACACGCCAAGGTCGA-1_2_1"
"1008","GACACGCGTTCTCCTG-1_2_1"
"1009","GACACGCTCACCTCGT-1_2_1"
"1010","GACAGCCAGTCTGTAC-1_2_1"
"1011","GACAGCCGTCAACCTA-1_2_1"
"1012","GACAGCCGTGGACCAA-1_2_1"
"1013","GACAGCCTCCGAAATC-1_2_1"
"1014","GACATCAAGTCATAGA-1_2_1"
"1015","GACATCAGTACTCCCT-1_2_1"
"1016","GACATCATCTTAAGGC-1_2_1"
"1017","GACCAATCAGTGACCC-1_2_1"
"1018","GACCAATGTAGCTAAA-1_2_1"
"1019","GACCAATGTTGGTGTT-1_2_1"
"1020","GACCAATGTTTAAGGA-1_2_1"
"1021","GACCCAGGTAGGTTTC-1_2_1"
"1022","GACCCTTTCTCGGCTT-1_2_1"
"1023","GACCTTCTCGGCTATA-1_2_1"
"1024","GACCTTCTCTGCGGAC-1_2_1"
"1025","GACGCTGCACAACGTT-1_2_1"
"1026","GACGCTGCATGAAGGC-1_2_1"
"1027","GACGCTGTCTGGGAGA-1_2_1"
"1028","GACGTTAAGCGATCGA-1_2_1"
"1029","GACGTTACAATACAGA-1_2_1"
"1030","GACTCAAAGTTCATCG-1_2_1"
"1031","GACTCAACAGAGGTAC-1_2_1"
"1032","GACTCAAGTACCCGCA-1_2_1"
"1033","GACTCTCCATTGGCAT-1_2_1"
"1034","GACTCTCGTCATGACT-1_2_1"
"1035","GACTGATAGAGGTCGT-1_2_1"
"1036","GACTGATCAGCGTTGC-1_2_1"
"1037","GACTGATGTACTAGCT-1_2_1"
"1038","GACTGATGTATGGAGC-1_2_1"
"1039","GACTTCCTCCAGCAAT-1_2_1"
"1040","GACTTCCTCGAGTTGT-1_2_1"
"1041","GAGAAATAGCTCCACG-1_2_1"
"1042","GAGAAATAGTGATGGC-1_2_1"
"1043","GAGACTTAGACGCTCC-1_2_1"
"1044","GAGACTTTCTGTGTGA-1_2_1"
"1045","GAGAGGTTCATATGGC-1_2_1"
"1046","GAGATGGAGGGACAGG-1_2_1"
"1047","GAGATGGCAGATCATC-1_2_1"
"1048","GAGATGGGTTTCGTGA-1_2_1"
"1049","GAGATGGTCGTGGAAG-1_2_1"
"1050","GAGCCTGTCCATAGAC-1_2_1"
"1051","GAGCTGCAGTAGTCAA-1_2_1"
"1052","GAGCTGCTCTATTTCG-1_2_1"
"1053","GAGGCAATCCGTTGGG-1_2_1"
"1054","GAGGCAATCGACTCCT-1_2_1"
"1055","GAGGCCTAGGGCCCTT-1_2_1"
"1056","GAGGCCTGTGAGATTA-1_2_1"
"1057","GAGTCATTCGGAAGGT-1_2_1"
"1058","GAGTCATTCTGGCCTT-1_2_1"
"1059","GAGTCTAAGCGTTACT-1_2_1"
"1060","GAGTGAGAGAGCAGCT-1_2_1"
"1061","GAGTGAGAGCCAGAGT-1_2_1"
"1062","GAGTGAGAGCCTGACC-1_2_1"
"1063","GAGTGAGCAACCGACC-1_2_1"
"1064","GAGTGAGGTACGAAAT-1_2_1"
"1065","GAGTGAGTCGCCGATG-1_2_1"
"1066","GAGTGTTAGCGTTCAT-1_2_1"
"1067","GAGTGTTGTGTTAAAG-1_2_1"
"1068","GAGTGTTTCTGGTGCG-1_2_1"
"1069","GAGTTACAGTGGAATT-1_2_1"
"1070","GAGTTACGTACATACC-1_2_1"
"1071","GAGTTACTCGATGCAT-1_2_1"
"1072","GAGTTGTTCGCGATCG-1_2_1"
"1073","GATAGAAAGCTCTATG-1_2_1"
"1074","GATAGAAAGTCGCTAT-1_2_1"
"1075","GATAGAATCCTCAGAA-1_2_1"
"1076","GATCACAGTTAAGGGC-1_2_1"
"1077","GATCAGTCAACGTATC-1_2_1"
"1078","GATCAGTTCACTGGGC-1_2_1"
"1079","GATCAGTTCCCAATAG-1_2_1"
"1080","GATCAGTTCGCTTACC-1_2_1"
"1081","GATCAGTTCGGTGTAT-1_2_1"
"1082","GATCATGAGGAGTACC-1_2_1"
"1083","GATCATGGTGACCTGC-1_2_1"
"1084","GATCCCTCATACCGTA-1_2_1"
"1085","GATCCCTGTCAACCAT-1_2_1"
"1086","GATCGTAAGATTCGAA-1_2_1"
"1087","GATCGTAGTCAAATCC-1_2_1"
"1088","GATGACTAGGGTCACA-1_2_1"
"1089","GATGACTCATCCGTGG-1_2_1"
"1090","GATGACTGTCGCATGC-1_2_1"
"1091","GATGACTTCCGTGTGG-1_2_1"
"1092","GATGAGGAGACAGCGT-1_2_1"
"1093","GATGAGGAGACTGGGT-1_2_1"
"1094","GATGAGGAGATTACCC-1_2_1"
"1095","GATGAGGAGCCATCCG-1_2_1"
"1096","GATGAGGTCTACAGGT-1_2_1"
"1097","GATGATCAGTTAGTAG-1_2_1"
"1098","GATGATCGTACCGTCG-1_2_1"
"1099","GATGCTATCATCTCTA-1_2_1"
"1100","GATGGAGGTGTGTCGC-1_2_1"
"1101","GATGGAGTCCTTGGAA-1_2_1"
"1102","GATGTTGAGGGTAGCT-1_2_1"
"1103","GATGTTGTCAACCTTT-1_2_1"
"1104","GATGTTGTCTGGGCAC-1_2_1"
"1105","GATTCGAAGACTTCAC-1_2_1"
"1106","GATTCTTGTGTGACCC-1_2_1"
"1107","GATTCTTTCACTTGGA-1_2_1"
"1108","GATTGGTAGCTACAAA-1_2_1"
"1109","GATTGGTAGTGGAAGA-1_2_1"
"1110","GATTGGTGTGACGCCT-1_2_1"
"1111","GATTGGTGTGGATTTC-1_2_1"
"1112","GATTGGTTCAACGCTA-1_2_1"
"1113","GCAACATAGTGACCTT-1_2_1"
"1114","GCAACATGTCTCAGAT-1_2_1"
"1115","GCAACCGAGTGGATTA-1_2_1"
"1116","GCAACCGCAAAGGAGA-1_2_1"
"1117","GCAACCGCATACGCAT-1_2_1"
"1118","GCACATAAGAACCCGA-1_2_1"
"1119","GCACATACAATGTTGC-1_2_1"
"1120","GCACGGTAGATCACCT-1_2_1"
"1121","GCACGGTCAAGGACAC-1_2_1"
"1122","GCACGGTGTATTAAGG-1_2_1"
"1123","GCACGTGGTGGGTCAA-1_2_1"
"1124","GCACGTGTCCTGCCAT-1_2_1"
"1125","GCACTAAAGAGCATCG-1_2_1"
"1126","GCACTAAAGCAACTTC-1_2_1"
"1127","GCACTAACATAGCTGT-1_2_1"
"1128","GCAGCCAAGTGCAACG-1_2_1"
"1129","GCAGCCATCTCAATCT-1_2_1"
"1130","GCAGCTGTCGATGCAT-1_2_1"
"1131","GCAGGCTAGCACTCGC-1_2_1"
"1132","GCAGGCTTCAATGTCG-1_2_1"
"1133","GCAGGCTTCTGGAAGG-1_2_1"
"1134","GCAGTTAAGAGAGAAC-1_2_1"
"1135","GCAGTTAAGTACTGTC-1_2_1"
"1136","GCAGTTAAGTGCGCTC-1_2_1"
"1137","GCAGTTAAGTGCTACT-1_2_1"
"1138","GCAGTTAAGTTACGAA-1_2_1"
"1139","GCAGTTAGTATCCTTT-1_2_1"
"1140","GCATCGGGTAGGAAAG-1_2_1"
"1141","GCATCGGGTAGGTCAG-1_2_1"
"1142","GCATCTCAGTGGTGAC-1_2_1"
"1143","GCATGATGTGAGATAT-1_2_1"
"1144","GCATGATTCCACAAGT-1_2_1"
"1145","GCATTAGGTGGCTGCT-1_2_1"
"1146","GCCAACGAGAGACAAG-1_2_1"
"1147","GCCAACGAGGCATCGA-1_2_1"
"1148","GCCAACGGTAGCGCCT-1_2_1"
"1149","GCCAACGTCCTTCTAA-1_2_1"
"1150","GCCAGCACATCGTGGC-1_2_1"
"1151","GCCAGGTAGTCTGGTT-1_2_1"
"1152","GCCAGGTCAAGCGAGT-1_2_1"
"1153","GCCAGTGTCGGCAGTC-1_2_1"
"1154","GCCATGGAGGATTCAA-1_2_1"
"1155","GCCATGGAGGCTCCCA-1_2_1"
"1156","GCCATGGAGTCACAGG-1_2_1"
"1157","GCCATGGAGTGTACCT-1_2_1"
"1158","GCCATGGCAATCAGCT-1_2_1"
"1159","GCCATGGCACCGCTGA-1_2_1"
"1160","GCCATGGGTTCGTACA-1_2_1"
"1161","GCCATGGTCCTTCTGG-1_2_1"
"1162","GCCATGGTCGAACACT-1_2_1"
"1163","GCCATTCAGACGAGCT-1_2_1"
"1164","GCCATTCAGAGTCACG-1_2_1"
"1165","GCCATTCTCACTTCTA-1_2_1"
"1166","GCCCAGAGTTTAGACC-1_2_1"
"1167","GCCCGAAAGGGCGAGA-1_2_1"
"1168","GCCCGAACAGAGCTAG-1_2_1"
"1169","GCCCGAACAGTTGTCA-1_2_1"
"1170","GCCCGAATCTTACCAT-1_2_1"
"1171","GCCGATGTCATGAGGG-1_2_1"
"1172","GCCGATGTCTCCGCAT-1_2_1"
"1173","GCCGTGATCGAATGCT-1_2_1"
"1174","GCCTGTTCAACGTAAA-1_2_1"
"1175","GCCTGTTGTATGTGTC-1_2_1"
"1176","GCGAGAATCCTAGAGT-1_2_1"
"1177","GCGATCGCAAGAAATC-1_2_1"
"1178","GCGATCGCACCCTATC-1_2_1"
"1179","GCGATCGTCTTGATTC-1_2_1"
"1180","GCGGAAAAGCGTGTCC-1_2_1"
"1181","GCGGATCTCATCTGTT-1_2_1"
"1182","GCGTGCAAGCACCGAA-1_2_1"
"1183","GCGTGCAGTAGATTAG-1_2_1"
"1184","GCGTGCAGTGTAACGG-1_2_1"
"1185","GCGTTTCAGGGATCAC-1_2_1"
"1186","GCGTTTCAGTTTAGGA-1_2_1"
"1187","GCGTTTCCAAATGGCG-1_2_1"
"1188","GCGTTTCGTTGCAAGG-1_2_1"
"1189","GCTACAATCAGGGTAG-1_2_1"
"1190","GCTACAATCTGAACGT-1_2_1"
"1191","GCTACCTAGACATCAA-1_2_1"
"1192","GCTACCTAGGGCATGT-1_2_1"
"1193","GCTACCTAGGGTGAAA-1_2_1"
"1194","GCTACCTAGTTCGGTT-1_2_1"
"1195","GCTCAAAAGTTGCGCC-1_2_1"
"1196","GCTGAATCACACCGCA-1_2_1"
"1197","GCTGAATCAGCATCTA-1_2_1"
"1198","GCTGAATTCTCGTGGG-1_2_1"
"1199","GCTGCAGAGACGCAGT-1_2_1"
"1200","GCTGCAGCAGCACCCA-1_2_1"
"1201","GCTGCAGGTAATTAGG-1_2_1"
"1202","GCTGCAGTCGCCCAGA-1_2_1"
"1203","GCTGGGTCACAAAGCG-1_2_1"
"1204","GCTTCACAGGGCAGGA-1_2_1"
"1205","GCTTCACGTTGCGAAG-1_2_1"
"1206","GCTTCACTCTGGCCGA-1_2_1"
"1207","GCTTGGGAGACCTGGA-1_2_1"
"1208","GCTTGGGTCGACCAAT-1_2_1"
"1209","GCTTGGGTCTGCGATA-1_2_1"
"1210","GCTTTCGAGAGCAACC-1_2_1"
"1211","GCTTTCGAGTGGCGAT-1_2_1"
"1212","GCTTTCGCAGCTGGTC-1_2_1"
"1213","GCTTTCGGTTTGCCGG-1_2_1"
"1214","GGAACCCCAGTTGGTT-1_2_1"
"1215","GGAACCCCATCACGGC-1_2_1"
"1216","GGAACCCTCACACCGG-1_2_1"
"1217","GGAACCCTCGAGCCTG-1_2_1"
"1218","GGAATCTCACATACGT-1_2_1"
"1219","GGAATCTGTGAGTAGC-1_2_1"
"1220","GGAATCTGTGTTACTG-1_2_1"
"1221","GGAATCTGTTAGAAGT-1_2_1"
"1222","GGAATGGTCCTGGGAC-1_2_1"
"1223","GGACGTCTCTTTGCAT-1_2_1"
"1224","GGAGAACCAGCGGATA-1_2_1"
"1225","GGAGAACTCGAGTGAG-1_2_1"
"1226","GGAGATGTCGAGAGCA-1_2_1"
"1227","GGAGCAAAGAAGGGAT-1_2_1"
"1228","GGAGCAATCGATTTCT-1_2_1"
"1229","GGAGCAATCTTCGGAA-1_2_1"
"1230","GGAGGATGTTTCGTTT-1_2_1"
"1231","GGAGGTACAAATGAAC-1_2_1"
"1232","GGAGGTATCCACGTGG-1_2_1"
"1233","GGATCTAAGTAACCTC-1_2_1"
"1234","GGATCTACAGACCCGT-1_2_1"
"1235","GGATCTATCTCTCAAT-1_2_1"
"1236","GGATCTATCTGGAAGG-1_2_1"
"1237","GGATGTTCACCGTGAC-1_2_1"
"1238","GGATGTTGTAAGTAGT-1_2_1"
"1239","GGATGTTTCAGTGTCA-1_2_1"
"1240","GGCACGTAGTACTGTC-1_2_1"
"1241","GGCACGTCATTGGCAT-1_2_1"
"1242","GGCACGTGTCGAACGA-1_2_1"
"1243","GGCACGTTCTGGACCG-1_2_1"
"1244","GGCAGTCCACTTCTCG-1_2_1"
"1245","GGCAGTCGTATCTCGA-1_2_1"
"1246","GGCGTCATCAAGCTTG-1_2_1"
"1247","GGCTGTGCACGGTGCT-1_2_1"
"1248","GGCTGTGGTAACACCT-1_2_1"
"1249","GGCTTGGCAACCTAAC-1_2_1"
"1250","GGCTTGGGTACTGGGA-1_2_1"
"1251","GGGAAGTCAGGTATGG-1_2_1"
"1252","GGGAAGTTCTAGAACC-1_2_1"
"1253","GGGACAAAGGGAGAAT-1_2_1"
"1254","GGGACCTCAAAGGTTA-1_2_1"
"1255","GGGACCTCAGCTATTG-1_2_1"
"1256","GGGACCTGTTCGGCTG-1_2_1"
"1257","GGGACTCCAAACGAGC-1_2_1"
"1258","GGGACTCCAGCACACC-1_2_1"
"1259","GGGAGATAGCAGCCTC-1_2_1"
"1260","GGGAGATAGTCAATCC-1_2_1"
"1261","GGGAGATGTTGCATAC-1_2_1"
"1262","GGGAGTACATGAGAAT-1_2_1"
"1263","GGGAGTAGTTCAGCGC-1_2_1"
"1264","GGGATGAGTAGCGTCC-1_2_1"
"1265","GGGATGATCCTTACCG-1_2_1"
"1266","GGGCCATGTACCGGAA-1_2_1"
"1267","GGGCCATGTAGGTCAG-1_2_1"
"1268","GGGCCATGTGGGATTG-1_2_1"
"1269","GGGCGTTGTAATTAGG-1_2_1"
"1270","GGGCGTTGTGAGCCAA-1_2_1"
"1271","GGGCTACGTCAGATTC-1_2_1"
"1272","GGGCTACGTCTCGCGA-1_2_1"
"1273","GGGCTACTCTCGACGG-1_2_1"
"1274","GGGCTCAAGAGAGCCT-1_2_1"
"1275","GGGCTCAAGCATGATA-1_2_1"
"1276","GGGCTCAAGGTCACCC-1_2_1"
"1277","GGGCTCAAGTTATGGA-1_2_1"
"1278","GGGTAGAGTTTACCAG-1_2_1"
"1279","GGGTATTGTGGTTTGT-1_2_1"
"1280","GGGTCACAGCATGCGA-1_2_1"
"1281","GGGTCACCAAGTCCAT-1_2_1"
"1282","GGGTCACCAGTTGCGC-1_2_1"
"1283","GGGTCACCATGTGGTT-1_2_1"
"1284","GGGTCACGTCCTCCTA-1_2_1"
"1285","GGGTCACGTGGTCTTA-1_2_1"
"1286","GGGTCACTCTTAATCC-1_2_1"
"1287","GGGTCTGCAATACGAA-1_2_1"
"1288","GGGTCTGTCTCCATAT-1_2_1"
"1289","GGGTGAAAGGTGCTGA-1_2_1"
"1290","GGGTGAAAGTAGTCAA-1_2_1"
"1291","GGGTGAACAGACCGCT-1_2_1"
"1292","GGGTGAAGTATTGGCT-1_2_1"
"1293","GGGTGAAGTTTCAGAC-1_2_1"
"1294","GGGTGTCAGCCAGACA-1_2_1"
"1295","GGGTGTCAGGATATGT-1_2_1"
"1296","GGGTGTCCAAAGGATT-1_2_1"
"1297","GGGTGTCGTCGAATGG-1_2_1"
"1298","GGGTTATCAGGCATGA-1_2_1"
"1299","GGGTTATCATAATCGC-1_2_1"
"1300","GGGTTATCATCAGCAT-1_2_1"
"1301","GGGTTATGTATACGGG-1_2_1"
"1302","GGGTTATGTTAGGGAC-1_2_1"
"1303","GGGTTTACATCGAACT-1_2_1"
"1304","GGGTTTAGTATAGGGC-1_2_1"
"1305","GGTAATCCACAGTCGC-1_2_1"
"1306","GGTAATCGTGAGTGAC-1_2_1"
"1307","GGTAGAGCAAGCCATT-1_2_1"
"1308","GGTAGAGGTGGTGATG-1_2_1"
"1309","GGTCACGAGACCTCAT-1_2_1"
"1310","GGTCTGGCAAACCGGA-1_2_1"
"1311","GGTCTGGTCCCTCGTA-1_2_1"
"1312","GGTGAAGAGATTACCC-1_2_1"
"1313","GGTGAAGAGGGCAAGG-1_2_1"
"1314","GGTGAAGAGTATGAGT-1_2_1"
"1315","GGTGAAGGTCTGTGAT-1_2_1"
"1316","GGTGATTTCTACGGGC-1_2_1"
"1317","GGTGGCTTCCTATTTG-1_2_1"
"1318","GGTGTCGAGCGAAACC-1_2_1"
"1319","GGTGTCGAGGTACAGC-1_2_1"
"1320","GGTGTTACACTCAGAT-1_2_1"
"1321","GGTGTTACAGAGATTA-1_2_1"
"1322","GGTGTTAGTGCTATTG-1_2_1"
"1323","GGTTAACCACGCGTCA-1_2_1"
"1324","GGTTAACCAGCAGATG-1_2_1"
"1325","GGTTAACTCGATTCCC-1_2_1"
"1326","GGTTAACTCTGCGGAC-1_2_1"
"1327","GGTTCTCAGAGGGTAA-1_2_1"
"1328","GGTTGTATCGTGGCTG-1_2_1"
"1329","GTAACACAGTTCTACG-1_2_1"
"1330","GTAACACTCCACATAG-1_2_1"
"1331","GTAACCAAGACTTCAC-1_2_1"
"1332","GTAACCAAGAGTGGCT-1_2_1"
"1333","GTAACCAGTTGGATCT-1_2_1"
"1334","GTAAGTCGTGTCTAAC-1_2_1"
"1335","GTAAGTCGTTGCAACT-1_2_1"
"1336","GTAATGCAGCGTGAAC-1_2_1"
"1337","GTAATGCCATAACCCA-1_2_1"
"1338","GTAATGCGTGGTAACG-1_2_1"
"1339","GTACAACCACGCCACA-1_2_1"
"1340","GTACAACCACTGTCGG-1_2_1"
"1341","GTACAACTCACCTTAT-1_2_1"
"1342","GTACAGTAGATTGCGG-1_2_1"
"1343","GTACAGTAGCTAAATG-1_2_1"
"1344","GTACAGTTCTGGGCCA-1_2_1"
"1345","GTAGAAAGTCCGAAGA-1_2_1"
"1346","GTAGAAAGTCCTATAG-1_2_1"
"1347","GTAGAAAGTTCTCGTC-1_2_1"
"1348","GTAGATCTCCGAGGCT-1_2_1"
"1349","GTAGATCTCCGTGGGT-1_2_1"
"1350","GTAGCTAAGCCTAACT-1_2_1"
"1351","GTAGCTACATCCGCGA-1_2_1"
"1352","GTAGCTAGTAGGATAT-1_2_1"
"1353","GTAGGAGAGTTTGGCT-1_2_1"
"1354","GTAGGAGCAACCGCCA-1_2_1"
"1355","GTAGGTTCAGAATGTA-1_2_1"
"1356","GTAGGTTTCGTTCCCA-1_2_1"
"1357","GTAGTACAGGTAAGTT-1_2_1"
"1358","GTAGTACCAACCCTCT-1_2_1"
"1359","GTATTGGGTGGGATTG-1_2_1"
"1360","GTATTGGTCTGGGAGA-1_2_1"
"1361","GTATTTCAGAGCTTTC-1_2_1"
"1362","GTATTTCCATCCGGTG-1_2_1"
"1363","GTCAAACCAACTGATC-1_2_1"
"1364","GTCAAACCAGTAACCT-1_2_1"
"1365","GTCAAGTCACATGAAA-1_2_1"
"1366","GTCAAGTCACCAGTTA-1_2_1"
"1367","GTCAAGTCACGTAGAG-1_2_1"
"1368","GTCACGGAGATGAAGG-1_2_1"
"1369","GTCACGGCACGTCATA-1_2_1"
"1370","GTCACGGGTCTTACAG-1_2_1"
"1371","GTCACGGGTGTATTCG-1_2_1"
"1372","GTCACGGTCCACAAGT-1_2_1"
"1373","GTCACGGTCGCGGTAC-1_2_1"
"1374","GTCACTCAGAAGGCTC-1_2_1"
"1375","GTCACTCAGTAATTGG-1_2_1"
"1376","GTCAGCGTCGTTACCC-1_2_1"
"1377","GTCATCCCAAGTGCAG-1_2_1"
"1378","GTCATCCTCCTCATAT-1_2_1"
"1379","GTCATGAGTATTGACC-1_2_1"
"1380","GTCATGAGTGAGTTGG-1_2_1"
"1381","GTCATGATCAGCTTGA-1_2_1"
"1382","GTCATTTAGCCTGTGC-1_2_1"
"1383","GTCATTTAGGACTTCT-1_2_1"
"1384","GTCATTTCAACTGTGT-1_2_1"
"1385","GTCATTTCAGGCTTGC-1_2_1"
"1386","GTCCTCAAGGCTTAAA-1_2_1"
"1387","GTCCTCAGTGGTCCGT-1_2_1"
"1388","GTCCTCATCGTCAAAC-1_2_1"
"1389","GTCGAATAGGAGGTTC-1_2_1"
"1390","GTCGAATCACCTATCC-1_2_1"
"1391","GTCGAATGTCACGACC-1_2_1"
"1392","GTCGAATGTCTGTAGT-1_2_1"
"1393","GTCGAATGTGCCTTCT-1_2_1"
"1394","GTCGAATGTGTCCATA-1_2_1"
"1395","GTCGCGAAGGTTGACG-1_2_1"
"1396","GTCGCGACACTGTCCT-1_2_1"
"1397","GTCGCGACAGTATTCG-1_2_1"
"1398","GTCGCGAGTTTCGTGA-1_2_1"
"1399","GTCGTAAAGATGAAGG-1_2_1"
"1400","GTCGTAAAGTATGAAC-1_2_1"
"1401","GTCGTAACAACCGACC-1_2_1"
"1402","GTCGTAATCAGTGTGT-1_2_1"
"1403","GTCGTTCGTACTTGTG-1_2_1"
"1404","GTCTACCCAACCGTGC-1_2_1"
"1405","GTCTACCCAAGAGTAT-1_2_1"
"1406","GTCTACCGTGAGAGGG-1_2_1"
"1407","GTCTAGAAGACATCCT-1_2_1"
"1408","GTCTAGACAGTTTGGT-1_2_1"
"1409","GTCTCACCAGAGAGGG-1_2_1"
"1410","GTCTGTCTCGTGGCGT-1_2_1"
"1411","GTCTTTAAGACCAACG-1_2_1"
"1412","GTCTTTACAGGTTCGC-1_2_1"
"1413","GTGACGCTCGACCTAA-1_2_1"
"1414","GTGAGCCCAAGTGACG-1_2_1"
"1415","GTGAGCCCAGCAGAAC-1_2_1"
"1416","GTGAGCCGTCCACAGC-1_2_1"
"1417","GTGAGCCGTCTTGCGG-1_2_1"
"1418","GTGAGCCTCTGCTTAT-1_2_1"
"1419","GTGAGGAAGGTGATAT-1_2_1"
"1420","GTGAGGACACGGGCTT-1_2_1"
"1421","GTGAGGAGTCTACAGT-1_2_1"
"1422","GTGAGTTAGGCGACAT-1_2_1"
"1423","GTGAGTTCAAATGCGG-1_2_1"
"1424","GTGCACGGTACCTAAC-1_2_1"
"1425","GTGCGTGAGTGCAACG-1_2_1"
"1426","GTGCGTGGTTTGTTCT-1_2_1"
"1427","GTGCGTGTCAGCTGTA-1_2_1"
"1428","GTGCGTGTCCATTCGC-1_2_1"
"1429","GTGCTGGAGCCAAGCA-1_2_1"
"1430","GTGCTTCTCACTTATC-1_2_1"
"1431","GTGGAAGGTGTTTACG-1_2_1"
"1432","GTGGAAGTCCGAGAAG-1_2_1"
"1433","GTGGAGAAGTGCACTT-1_2_1"
"1434","GTGGAGAGTGTCGATT-1_2_1"
"1435","GTGGCGTGTCTACTGA-1_2_1"
"1436","GTGGCGTTCGTGCAGC-1_2_1"
"1437","GTGGCGTTCTGATTCT-1_2_1"
"1438","GTGGGAATCAATCCGA-1_2_1"
"1439","GTGGGAATCCGAGAAG-1_2_1"
"1440","GTGGTTAAGTATCCTG-1_2_1"
"1441","GTGGTTAAGTATGGCG-1_2_1"
"1442","GTGGTTAAGTGTGTTC-1_2_1"
"1443","GTGTAACAGTTCCAGT-1_2_1"
"1444","GTGTAACCACAGCCAC-1_2_1"
"1445","GTGTAACGTCCTGTTC-1_2_1"
"1446","GTGTAACTCAGACTGT-1_2_1"
"1447","GTGTAACTCTTGTGCC-1_2_1"
"1448","GTGTGATCAACGAGGT-1_2_1"
"1449","GTGTGATGTACGTTCA-1_2_1"
"1450","GTGTGATGTAGCGCCT-1_2_1"
"1451","GTGTGATGTCGGTACC-1_2_1"
"1452","GTGTGATGTGTATACC-1_2_1"
"1453","GTGTGATTCTGCGGAC-1_2_1"
"1454","GTGTGGCAGCCGTAAG-1_2_1"
"1455","GTGTGGCAGGTAAAGG-1_2_1"
"1456","GTGTGGCGTAACATAG-1_2_1"
"1457","GTGTTAGGTCACCACG-1_2_1"
"1458","GTGTTCCAGAGCAGAA-1_2_1"
"1459","GTGTTCCAGGCCACTC-1_2_1"
"1460","GTGTTCCAGTAGGAAG-1_2_1"
"1461","GTGTTCCTCTACACAG-1_2_1"
"1462","GTTACAGAGGCTCAAG-1_2_1"
"1463","GTTACAGGTGGTCCGT-1_2_1"
"1464","GTTACCCTCCTTCTAA-1_2_1"
"1465","GTTACGAGTCGTGATT-1_2_1"
"1466","GTTAGACAGACGGTCA-1_2_1"
"1467","GTTAGACAGTATGTAG-1_2_1"
"1468","GTTAGACAGTTCCTGA-1_2_1"
"1469","GTTAGACCAATAACGA-1_2_1"
"1470","GTTAGACCAGCGGATA-1_2_1"
"1471","GTTAGACCAGTAGTGG-1_2_1"
"1472","GTTAGACGTCGATTCA-1_2_1"
"1473","GTTAGTGGTTCTAAGC-1_2_1"
"1474","GTTATGGAGCAGAAAG-1_2_1"
"1475","GTTATGGAGCGAACTG-1_2_1"
"1476","GTTATGGCAGTTGCGC-1_2_1"
"1477","GTTCATTAGCTGAGTG-1_2_1"
"1478","GTTCCGTAGGTGCGAT-1_2_1"
"1479","GTTCCGTCATGATCTG-1_2_1"
"1480","GTTCCGTTCACCTCGT-1_2_1"
"1481","GTTCCGTTCACTGAAC-1_2_1"
"1482","GTTCCGTTCTTCTTCC-1_2_1"
"1483","GTTCGCTAGAACAAGG-1_2_1"
"1484","GTTCTATAGATCACCT-1_2_1"
"1485","GTTCTATCATGTGCCG-1_2_1"
"1486","GTTCTATTCAGACATC-1_2_1"
"1487","GTTGAACCACAAGCAG-1_2_1"
"1488","GTTGAACCATCGGAGA-1_2_1"
"1489","GTTGAACGTATCGCGC-1_2_1"
"1490","GTTGAACGTTGCAACT-1_2_1"
"1491","GTTGCGGCAGCGGTTC-1_2_1"
"1492","GTTGCGGTCACTCACC-1_2_1"
"1493","GTTGCTCAGAAATCCA-1_2_1"
"1494","GTTGCTCAGTTACGAA-1_2_1"
"1495","GTTGCTCTCAGAGCAG-1_2_1"
"1496","GTTGTAGAGACTCGAG-1_2_1"
"1497","GTTGTAGCACTTCTCG-1_2_1"
"1498","GTTGTAGCAGCATTGT-1_2_1"
"1499","GTTGTCCCATGATCTG-1_2_1"
"1500","GTTGTCCGTACAATAG-1_2_1"
"1501","GTTGTGAAGAAACTCA-1_2_1"
"1502","GTTGTGAGTAGCGTCC-1_2_1"
"1503","GTTGTGAGTCGAACGA-1_2_1"
"1504","GTTTACTAGCAATTAG-1_2_1"
"1505","GTTTACTGTGTTCATG-1_2_1"
"1506","GTTTACTTCTATCCAT-1_2_1"
"1507","TAACACGTCAGCCCAG-1_2_1"
"1508","TAACCAGAGGCATCAG-1_2_1"
"1509","TAACCAGAGTACTGTC-1_2_1"
"1510","TAACCAGGTTCGTACA-1_2_1"
"1511","TAACGACAGTGGAAGA-1_2_1"
"1512","TAACTTCAGAAGGGAT-1_2_1"
"1513","TAAGCACAGATACATG-1_2_1"
"1514","TAAGCACCACCTCAGG-1_2_1"
"1515","TAAGCACTCCCAGGCA-1_2_1"
"1516","TAAGCCAGTACGGCAA-1_2_1"
"1517","TAAGCCAGTCTGTGTA-1_2_1"
"1518","TAAGCCATCGACCCAG-1_2_1"
"1519","TAAGCGTCATACGCAT-1_2_1"
"1520","TAATCTCCATGACTCA-1_2_1"
"1521","TAATTCCAGACTCCGC-1_2_1"
"1522","TAATTCCAGGCTCTAT-1_2_1"
"1523","TAATTCCGTGCAGATG-1_2_1"
"1524","TAATTCCTCTGCACCT-1_2_1"
"1525","TACACCCAGATTAGCA-1_2_1"
"1526","TACACCCCAGAAATTG-1_2_1"
"1527","TACACCCGTGGTAACG-1_2_1"
"1528","TACAGGTAGCCAAGGT-1_2_1"
"1529","TACAGGTCACTATCGA-1_2_1"
"1530","TACAGGTGTATGACAA-1_2_1"
"1531","TACCCACAGATTTGCC-1_2_1"
"1532","TACCCACCACCGTCGA-1_2_1"
"1533","TACCCACCATTGGATC-1_2_1"
"1534","TACCCACGTGGACAGT-1_2_1"
"1535","TACCGAACAAGACCGA-1_2_1"
"1536","TACCGAAGTTGTGGAG-1_2_1"
"1537","TACCGGGAGTCCCAAT-1_2_1"
"1538","TACCGGGGTACCCGAC-1_2_1"
"1539","TACCTCGCAACGGTAG-1_2_1"
"1540","TACCTCGCATACACCA-1_2_1"
"1541","TACCTCGGTTCTCCCA-1_2_1"
"1542","TACCTGCCACTCCGAG-1_2_1"
"1543","TACCTGCCATCTGTTT-1_2_1"
"1544","TACGGGCCACCTGTCT-1_2_1"
"1545","TACGGGCGTCCTACGG-1_2_1"
"1546","TACGGGCGTCTACTGA-1_2_1"
"1547","TACGGGCGTTAACCTG-1_2_1"
"1548","TACGGGCTCAAGCGTT-1_2_1"
"1549","TACGGGCTCTACTATC-1_2_1"
"1550","TACGGTACACAAATAG-1_2_1"
"1551","TACGGTACAGGCGATA-1_2_1"
"1552","TACGGTATCAAGCTGT-1_2_1"
"1553","TACGGTATCCGGTAGC-1_2_1"
"1554","TACGGTATCGATTGGT-1_2_1"
"1555","TACGTCCAGGCGTTAG-1_2_1"
"1556","TACGTCCCAACACGAG-1_2_1"
"1557","TACTGCCAGGTTACCT-1_2_1"
"1558","TACTTACTCATGGAGG-1_2_1"
"1559","TACTTCAAGAGTCTTC-1_2_1"
"1560","TACTTCAGTCTGCATA-1_2_1"
"1561","TACTTGTCAAAGGCAC-1_2_1"
"1562","TAGACCACAAAGGTTA-1_2_1"
"1563","TAGACTGAGGCATGGT-1_2_1"
"1564","TAGAGTCGTTCCGTTC-1_2_1"
"1565","TAGAGTCTCGATCCAA-1_2_1"
"1566","TAGATCGCAGAATCGG-1_2_1"
"1567","TAGCACACATCCCGTT-1_2_1"
"1568","TAGGAGGAGAGTAACT-1_2_1"
"1569","TAGGAGGAGGTGCTTT-1_2_1"
"1570","TAGGAGGCAGGACTTT-1_2_1"
"1571","TAGGAGGTCACTTTGT-1_2_1"
"1572","TAGGAGGTCCCGAACG-1_2_1"
"1573","TAGGGTTAGCTGAAAT-1_2_1"
"1574","TAGGGTTAGTGTAGAT-1_2_1"
"1575","TAGGGTTCACATAACC-1_2_1"
"1576","TAGGGTTTCTTGAGCA-1_2_1"
"1577","TAGGTACCAATTGTGC-1_2_1"
"1578","TAGGTACCATAACAGA-1_2_1"
"1579","TAGGTACGTAACGTTC-1_2_1"
"1580","TAGGTACGTCATGCAT-1_2_1"
"1581","TAGGTTGAGGAAGAAC-1_2_1"
"1582","TAGGTTGGTTCTTCAT-1_2_1"
"1583","TAGGTTGTCGGAGATG-1_2_1"
"1584","TAGGTTGTCTCGCTCA-1_2_1"
"1585","TAGTGCAAGAAGCGGG-1_2_1"
"1586","TAGTGCACAATGGGTG-1_2_1"
"1587","TAGTGCATCTCGACGG-1_2_1"
"1588","TATACCTAGCAATAGT-1_2_1"
"1589","TATACCTCATGTTCGA-1_2_1"
"1590","TATACCTTCGTGCAGC-1_2_1"
"1591","TATACCTTCTAGAACC-1_2_1"
"1592","TATATCCAGCCTCAAT-1_2_1"
"1593","TATATCCGTGAGAACC-1_2_1"
"1594","TATCAGGTCCGCAACG-1_2_1"
"1595","TATCAGGTCGAAGCAG-1_2_1"
"1596","TATCCTAAGCTTAGTC-1_2_1"
"1597","TATCCTAGTCACTACA-1_2_1"
"1598","TATCCTAGTTGTTTGG-1_2_1"
"1599","TATCCTATCTCTCGAC-1_2_1"
"1600","TATCGCCAGAAGTCAT-1_2_1"
"1601","TATCTGTAGCAGCGAT-1_2_1"
"1602","TATCTGTGTGGAGAAA-1_2_1"
"1603","TATCTGTTCATCCTAT-1_2_1"
"1604","TATCTGTTCGGTCAGC-1_2_1"
"1605","TATCTTGCAGGTACGA-1_2_1"
"1606","TATCTTGGTGGTTTGT-1_2_1"
"1607","TATCTTGGTGTGTCCG-1_2_1"
"1608","TATCTTGGTTAATCGC-1_2_1"
"1609","TATGTTCAGAGTCAAT-1_2_1"
"1610","TATTCCACAACTGATC-1_2_1"
"1611","TATTCCACATGGGTCC-1_2_1"
"1612","TATTCCAGTACGACAG-1_2_1"
"1613","TATTCCAGTTACCCAA-1_2_1"
"1614","TATTCCAGTTCAAGGG-1_2_1"
"1615","TATTGCTAGAAGCCTG-1_2_1"
"1616","TATTGCTAGGGAACAA-1_2_1"
"1617","TATTGGGAGATTGGGC-1_2_1"
"1618","TATTGGGTCTGTCCGT-1_2_1"
"1619","TATTTCGAGCATTTCG-1_2_1"
"1620","TATTTCGTCTTAGCAG-1_2_1"
"1621","TCAAGACAGGTTGCCC-1_2_1"
"1622","TCAAGACGTAACGGTG-1_2_1"
"1623","TCAAGCAAGTCCGTCG-1_2_1"
"1624","TCAAGCATCGTCGATA-1_2_1"
"1625","TCAAGTGAGATAGTGT-1_2_1"
"1626","TCAATCTGTCGTTATG-1_2_1"
"1627","TCAATCTTCCACATAG-1_2_1"
"1628","TCAATTCAGGGATCTG-1_2_1"
"1629","TCAATTCAGTTGCTGT-1_2_1"
"1630","TCACAAGCAGAGGGTT-1_2_1"
"1631","TCACAAGTCTGATTCT-1_2_1"
"1632","TCACACCCACCTTCCA-1_2_1"
"1633","TCACACCCATGTGGCC-1_2_1"
"1634","TCACATTAGCACTCTA-1_2_1"
"1635","TCACATTAGTTGCTGT-1_2_1"
"1636","TCACATTCATCATCCC-1_2_1"
"1637","TCACGCTGTCGTTTCC-1_2_1"
"1638","TCACGCTGTCTCAAGT-1_2_1"
"1639","TCACGCTTCGTGCTCT-1_2_1"
"1640","TCACGCTTCTCTGACC-1_2_1"
"1641","TCACTATAGCTCTATG-1_2_1"
"1642","TCACTATGTAGATGTA-1_2_1"
"1643","TCACTCGGTTCAGGTT-1_2_1"
"1644","TCAGCAAGTAGTTCCA-1_2_1"
"1645","TCAGCAAGTCGTGGAA-1_2_1"
"1646","TCAGCAAGTGTGATGG-1_2_1"
"1647","TCAGCAAGTGTGCTTA-1_2_1"
"1648","TCAGCCTGTCACCACG-1_2_1"
"1649","TCAGGGCAGAGTTGAT-1_2_1"
"1650","TCAGGGCTCGAGATGG-1_2_1"
"1651","TCAGGTATCTATCGGA-1_2_1"
"1652","TCAGTCCCAACTCATG-1_2_1"
"1653","TCAGTCCCACGGATCC-1_2_1"
"1654","TCAGTCCGTCGGTGAA-1_2_1"
"1655","TCAGTCCGTTATTCTC-1_2_1"
"1656","TCAGTGACAGTAGATA-1_2_1"
"1657","TCAGTTTGTTCCTAAG-1_2_1"
"1658","TCAGTTTTCCACCTGT-1_2_1"
"1659","TCATACTAGAACTTCC-1_2_1"
"1660","TCATACTAGGTCCTGC-1_2_1"
"1661","TCATACTCACACTTAG-1_2_1"
"1662","TCATACTGTGTTAGCT-1_2_1"
"1663","TCATATCTCCAGCTCT-1_2_1"
"1664","TCATCATAGCGTATAA-1_2_1"
"1665","TCATCATGTCATAAAG-1_2_1"
"1666","TCATCATTCAAGCCCG-1_2_1"
"1667","TCATCATTCCATCTGC-1_2_1"
"1668","TCATCATTCCTCATAT-1_2_1"
"1669","TCATCATTCGAGAAAT-1_2_1"
"1670","TCATCCGTCTGAGAGG-1_2_1"
"1671","TCATGGAGTAGCACGA-1_2_1"
"1672","TCATGTTAGCTGCCAC-1_2_1"
"1673","TCATGTTGTGCAATGG-1_2_1"
"1674","TCATGTTTCTATTTCG-1_2_1"
"1675","TCATTACAGCAGATAT-1_2_1"
"1676","TCATTACAGTATGACA-1_2_1"
"1677","TCATTACCAGCTGTTA-1_2_1"
"1678","TCATTACCATACACCA-1_2_1"
"1679","TCATTACGTCCTGGTG-1_2_1"
"1680","TCATTCAAGTAGTGCG-1_2_1"
"1681","TCATTCAGTCCACGCA-1_2_1"
"1682","TCATTGTCAACAACAA-1_2_1"
"1683","TCATTGTCACCTGCAG-1_2_1"
"1684","TCATTTGTCGCGTGCA-1_2_1"
"1685","TCCACGTCAACTCCCT-1_2_1"
"1686","TCCACGTCAGACAAAT-1_2_1"
"1687","TCCACGTCAGCAGGAT-1_2_1"
"1688","TCCACGTTCGCCTTTG-1_2_1"
"1689","TCCACGTTCTCCACTG-1_2_1"
"1690","TCCATGCTCCGTATGA-1_2_1"
"1691","TCCATGCTCGTCGCTT-1_2_1"
"1692","TCCCACAAGCATGGGT-1_2_1"
"1693","TCCCACACAGAGTGTG-1_2_1"
"1694","TCCCACAGTGTCATCA-1_2_1"
"1695","TCCCAGTAGCATGCAG-1_2_1"
"1696","TCCCAGTAGCTATCCA-1_2_1"
"1697","TCCCAGTCAACAGCCC-1_2_1"
"1698","TCCCAGTCATGATCTG-1_2_1"
"1699","TCCCAGTGTCGCACGT-1_2_1"
"1700","TCCCATGCACTAACGT-1_2_1"
"1701","TCCCATGTCCGCCTAT-1_2_1"
"1702","TCCGAAACACACCGCA-1_2_1"
"1703","TCCGAAACAGGCTACC-1_2_1"
"1704","TCCGAAATCGTAGTGT-1_2_1"
"1705","TCCGATCCAAAGGGTC-1_2_1"
"1706","TCCGATCCAAGTTTGC-1_2_1"
"1707","TCCGGGATCAGCTGAT-1_2_1"
"1708","TCCGGGATCCGTAATG-1_2_1"
"1709","TCCGGGATCGTAGTGT-1_2_1"
"1710","TCCGGGATCTAGACCA-1_2_1"
"1711","TCCGGGATCTCGCCTA-1_2_1"
"1712","TCCTAATCACTCCGAG-1_2_1"
"1713","TCCTAATCAGAAATCA-1_2_1"
"1714","TCCTAATCATCTCATT-1_2_1"
"1715","TCCTAATGTAAGACCG-1_2_1"
"1716","TCCTAATGTGGTATGG-1_2_1"
"1717","TCCTAATGTGTGTCCG-1_2_1"
"1718","TCCTCCCGTGACACGA-1_2_1"
"1719","TCCTCGAAGCAGGGAG-1_2_1"
"1720","TCCTCTTCAGGCGTTC-1_2_1"
"1721","TCCTCTTGTCTGTGGC-1_2_1"
"1722","TCCTGCAAGACCAGCA-1_2_1"
"1723","TCCTGCAGTTTCGTAG-1_2_1"
"1724","TCCTGCATCACACCGG-1_2_1"
"1725","TCCTGCATCGCTTGCT-1_2_1"
"1726","TCCTTCTCACATTACG-1_2_1"
"1727","TCCTTCTCACGTTCGG-1_2_1"
"1728","TCCTTCTTCGTTAGTG-1_2_1"
"1729","TCCTTTCCAAACGAGC-1_2_1"
"1730","TCCTTTCGTGCATCTA-1_2_1"
"1731","TCGAACAGTACGATGG-1_2_1"
"1732","TCGAACATCTAGAGCT-1_2_1"
"1733","TCGAAGTAGCACTCCG-1_2_1"
"1734","TCGACCTGTCGAGATG-1_2_1"
"1735","TCGACGGAGAACTCCT-1_2_1"
"1736","TCGACGGAGCATCGAG-1_2_1"
"1737","TCGACGGGTGTTCATG-1_2_1"
"1738","TCGACGGTCGCCATAA-1_2_1"
"1739","TCGATTTAGACTCAAA-1_2_1"
"1740","TCGATTTAGGATACGC-1_2_1"
"1741","TCGCACTAGCTAGAGC-1_2_1"
"1742","TCGCAGGCAACACGTT-1_2_1"
"1743","TCGCAGGCACTGTCCT-1_2_1"
"1744","TCGCTCAAGTGGTCAG-1_2_1"
"1745","TCGCTCACAAGCAGGT-1_2_1"
"1746","TCGCTTGAGGCCCACT-1_2_1"
"1747","TCGGATACATCGATGT-1_2_1"
"1748","TCGGATAGTACAGTCT-1_2_1"
"1749","TCGGATAGTGCGGATA-1_2_1"
"1750","TCGGGACAGTGGCGAT-1_2_1"
"1751","TCGGGACGTCTGTAAC-1_2_1"
"1752","TCGGGCAAGATGGTAT-1_2_1"
"1753","TCGGGCAAGGTATAGT-1_2_1"
"1754","TCGGGCATCAGTGGGA-1_2_1"
"1755","TCGGGTGCATAGGAGC-1_2_1"
"1756","TCGGGTGGTTCTCGTC-1_2_1"
"1757","TCGGTCTAGCAACTTC-1_2_1"
"1758","TCGGTCTTCATTGGTG-1_2_1"
"1759","TCGTAGAAGTAGCAAT-1_2_1"
"1760","TCGTGCTAGACGTCCC-1_2_1"
"1761","TCGTGCTGTCCACTTC-1_2_1"
"1762","TCGTGCTTCATGAGGG-1_2_1"
"1763","TCGTGGGGTGAGTTTC-1_2_1"
"1764","TCGTGGGGTTCGAGCC-1_2_1"
"1765","TCTAACTAGTTTCGAC-1_2_1"
"1766","TCTAACTCATGCGGTC-1_2_1"
"1767","TCTAACTGTCCTTTGC-1_2_1"
"1768","TCTAACTGTCTGTGAT-1_2_1"
"1769","TCTAACTGTTACACAC-1_2_1"
"1770","TCTAACTTCCTGGGAC-1_2_1"
"1771","TCTACATGTTAAGAAC-1_2_1"
"1772","TCTACCGAGGAGTATT-1_2_1"
"1773","TCTACCGGTTTGATCG-1_2_1"
"1774","TCTATACGTAATGTGA-1_2_1"
"1775","TCTATACGTTGCTTGA-1_2_1"
"1776","TCTATCAAGCAGTCTT-1_2_1"
"1777","TCTATCACACGACAAG-1_2_1"
"1778","TCTATCATCATAGACC-1_2_1"
"1779","TCTATCATCCACGGAC-1_2_1"
"1780","TCTCACGAGAGGGTCT-1_2_1"
"1781","TCTCACGAGCAGCACA-1_2_1"
"1782","TCTCACGCACGTTCGG-1_2_1"
"1783","TCTCACGGTGCTGCAC-1_2_1"
"1784","TCTCACGTCTGCGGGT-1_2_1"
"1785","TCTCAGCAGAGTCAAT-1_2_1"
"1786","TCTCAGCCAACAGATA-1_2_1"
"1787","TCTCAGCGTGATCGTT-1_2_1"
"1788","TCTCAGCTCACTTGGA-1_2_1"
"1789","TCTCCGAGTGCTGCAC-1_2_1"
"1790","TCTCTGGCAGTCAGTT-1_2_1"
"1791","TCTCTGGTCGTGTGAT-1_2_1"
"1792","TCTGCCATCTCGAGTA-1_2_1"
"1793","TCTGGCTAGGATCATA-1_2_1"
"1794","TCTGGCTAGGCAATGC-1_2_1"
"1795","TCTGGCTTCACTGGGC-1_2_1"
"1796","TCTGGCTTCCAGGACC-1_2_1"
"1797","TCTTAGTTCGCTGTTC-1_2_1"
"1798","TCTTCCTCAAGTAGTA-1_2_1"
"1799","TCTTCCTCACTTGAAC-1_2_1"
"1800","TCTTCCTGTCGTTCAA-1_2_1"
"1801","TCTTGCGCAATTGCTG-1_2_1"
"1802","TCTTTGAAGCACTAAA-1_2_1"
"1803","TCTTTGAGTTGAGGAC-1_2_1"
"1804","TCTTTGATCATGCTAG-1_2_1"
"1805","TGAACGTAGGGAGTGG-1_2_1"
"1806","TGAACGTTCCTTCTTC-1_2_1"
"1807","TGAATCGGTCTCAGAT-1_2_1"
"1808","TGAATCGGTCTCGGAC-1_2_1"
"1809","TGAATGCAGACTAAGT-1_2_1"
"1810","TGAATGCCACACAGAG-1_2_1"
"1811","TGAATGCCACTAGGCC-1_2_1"
"1812","TGAATGCGTATGAGAT-1_2_1"
"1813","TGAATGCTCGGCACTG-1_2_1"
"1814","TGACAGTAGAAAGTCT-1_2_1"
"1815","TGACAGTAGAGCAAGA-1_2_1"
"1816","TGACAGTTCGTTAGTG-1_2_1"
"1817","TGACGCGAGTTTGGCT-1_2_1"
"1818","TGACGCGCACGTTGGC-1_2_1"
"1819","TGACGCGCAGGAATAT-1_2_1"
"1820","TGAGACTTCCCTTGTG-1_2_1"
"1821","TGAGCATCAGACCCGT-1_2_1"
"1822","TGAGCATGTGGAGAAA-1_2_1"
"1823","TGAGCATTCCTTGGAA-1_2_1"
"1824","TGAGCGCCACGTTGGC-1_2_1"
"1825","TGAGCGCTCAACTGGT-1_2_1"
"1826","TGAGGAGCACGTTGGC-1_2_1"
"1827","TGAGGGAAGCTTTGTG-1_2_1"
"1828","TGAGGGAAGGGCAACT-1_2_1"
"1829","TGAGGGACAGCTCGGT-1_2_1"
"1830","TGAGGTTCATCTCCCA-1_2_1"
"1831","TGAGGTTGTCAATGGG-1_2_1"
"1832","TGAGTCAAGTAACCGG-1_2_1"
"1833","TGAGTCAGTCGTGCCA-1_2_1"
"1834","TGATCAGAGCCATTTG-1_2_1"
"1835","TGATCTTAGGGCAGGA-1_2_1"
"1836","TGATGGTCAATCCTAG-1_2_1"
"1837","TGATGGTCATGTGTCA-1_2_1"
"1838","TGATGGTGTTATCCAG-1_2_1"
"1839","TGATTCTGTTAACAGA-1_2_1"
"1840","TGATTTCCATTGAGCT-1_2_1"
"1841","TGATTTCGTGTGATGG-1_2_1"
"1842","TGATTTCTCATAGACC-1_2_1"
"1843","TGCAGATGTATTAAGG-1_2_1"
"1844","TGCAGATTCGCCATAA-1_2_1"
"1845","TGCAGGCAGGCTAGCA-1_2_1"
"1846","TGCAGTAAGTATTCCG-1_2_1"
"1847","TGCAGTACACCCTAAA-1_2_1"
"1848","TGCAGTATCACTGGTA-1_2_1"
"1849","TGCATCCAGGTAACTA-1_2_1"
"1850","TGCATCCCATCCGTGG-1_2_1"
"1851","TGCATCCGTCTTTCTA-1_2_1"
"1852","TGCATGACACGTAACT-1_2_1"
"1853","TGCATGACATTGAGGG-1_2_1"
"1854","TGCATGAGTCGTACTA-1_2_1"
"1855","TGCATGATCGTCTACC-1_2_1"
"1856","TGCCGAGCATTGGCAT-1_2_1"
"1857","TGCCGAGGTAGGCAAC-1_2_1"
"1858","TGCCGAGGTCCTACAA-1_2_1"
"1859","TGCCGAGGTGAATGTA-1_2_1"
"1860","TGCCGAGTCTCGACGG-1_2_1"
"1861","TGCGACGCACAGCTGC-1_2_1"
"1862","TGCGACGGTACCTTCC-1_2_1"
"1863","TGCGACGGTTCAGCTA-1_2_1"
"1864","TGCGACGTCCTTTGAT-1_2_1"
"1865","TGCGATAGTCTCCTGT-1_2_1"
"1866","TGCGGCAAGCACTAGG-1_2_1"
"1867","TGCGGCACACTAGAGG-1_2_1"
"1868","TGCGGCACATCGTCCT-1_2_1"
"1869","TGCGGCAGTCCCAAAT-1_2_1"
"1870","TGCTCCAAGACCATAA-1_2_1"
"1871","TGCTCCACATTCTCTA-1_2_1"
"1872","TGCTCGTGTATGGAGC-1_2_1"
"1873","TGCTGAAGTACGATTC-1_2_1"
"1874","TGCTTCGCATCGAACT-1_2_1"
"1875","TGCTTCGCATTCCTAT-1_2_1"
"1876","TGCTTCGGTGCACGCT-1_2_1"
"1877","TGGAACTGTCACGCTG-1_2_1"
"1878","TGGAACTGTCGGTACC-1_2_1"
"1879","TGGAACTGTGACTCTA-1_2_1"
"1880","TGGAACTTCTTAGTTC-1_2_1"
"1881","TGGAGAGCAAACCGGA-1_2_1"
"1882","TGGAGAGGTGAGCAGT-1_2_1"
"1883","TGGAGAGGTGTTGAGG-1_2_1"
"1884","TGGAGGAAGTCTCTGA-1_2_1"
"1885","TGGATCACACACCGAC-1_2_1"
"1886","TGGATCATCTCCGTGT-1_2_1"
"1887","TGGATGTGTTCTCGTC-1_2_1"
"1888","TGGATGTTCCATGATG-1_2_1"
"1889","TGGCGTGAGAATACAC-1_2_1"
"1890","TGGCGTGCAAGGTCGA-1_2_1"
"1891","TGGCGTGCATCGGCCA-1_2_1"
"1892","TGGCGTGGTACAGCGA-1_2_1"
"1893","TGGGAGAAGGCACCAA-1_2_1"
"1894","TGGGAGAGTGCGTGCT-1_2_1"
"1895","TGGGAGATCACTTCTA-1_2_1"
"1896","TGGGATTCAAATGGTA-1_2_1"
"1897","TGGGATTCACCATATG-1_2_1"
"1898","TGGGATTGTCACTACA-1_2_1"
"1899","TGGGCGTCATCTCAAG-1_2_1"
"1900","TGGGCGTTCCGAGGCT-1_2_1"
"1901","TGGGCGTTCTGAGTCA-1_2_1"
"1902","TGGGCTGAGACATCAA-1_2_1"
"1903","TGGGCTGAGGTTGACG-1_2_1"
"1904","TGGGCTGAGTTTCGGT-1_2_1"
"1905","TGGGTTAGTACAATAG-1_2_1"
"1906","TGGTACAGTCTGGTTA-1_2_1"
"1907","TGGTACAGTTTGGGTT-1_2_1"
"1908","TGGTACATCATTTGCT-1_2_1"
"1909","TGGTAGTAGACACACG-1_2_1"
"1910","TGGTGATAGCTGAAGC-1_2_1"
"1911","TGGTGATCATGGAGAC-1_2_1"
"1912","TGGTGATGTAGCGAGT-1_2_1"
"1913","TGGTTAGAGCCAAGCA-1_2_1"
"1914","TGGTTAGCACAGTCAT-1_2_1"
"1915","TGGTTAGCACTTGTCC-1_2_1"
"1916","TGGTTAGGTCGCACAC-1_2_1"
"1917","TGGTTAGTCCCGTTGT-1_2_1"
"1918","TGTAAGCGTTATAGAG-1_2_1"
"1919","TGTACAGAGTCGTTAC-1_2_1"
"1920","TGTACAGTCCCGTAAA-1_2_1"
"1921","TGTAGACAGCTAGCCC-1_2_1"
"1922","TGTAGACCACTTTATC-1_2_1"
"1923","TGTAGACCATTCGGGC-1_2_1"
"1924","TGTCAGAAGCCTTTCC-1_2_1"
"1925","TGTCAGAGTGTGCTTA-1_2_1"
"1926","TGTCAGATCACATACG-1_2_1"
"1927","TGTCCACCAAGACGGT-1_2_1"
"1928","TGTCCACGTCTCTCTG-1_2_1"
"1929","TGTCCACTCGCTGCGA-1_2_1"
"1930","TGTCCTGAGTATTGCC-1_2_1"
"1931","TGTCCTGGTTCAAACC-1_2_1"
"1932","TGTCCTGTCAGCATTG-1_2_1"
"1933","TGTGAGTAGACCTGGA-1_2_1"
"1934","TGTGAGTAGTAAGCAT-1_2_1"
"1935","TGTGAGTTCCACGTCT-1_2_1"
"1936","TGTGAGTTCGCAGTTA-1_2_1"
"1937","TGTGATGAGATAGCTA-1_2_1"
"1938","TGTGATGTCACTCGAA-1_2_1"
"1939","TGTGGCGAGAGGTGCT-1_2_1"
"1940","TGTGGCGAGTATGAAC-1_2_1"
"1941","TGTGGCGGTCAGTCTA-1_2_1"
"1942","TGTGGCGTCAGACTGT-1_2_1"
"1943","TGTGGCGTCCGAGGCT-1_2_1"
"1944","TGTGTGAAGTCGCCAC-1_2_1"
"1945","TGTGTGAGTTCTCGTC-1_2_1"
"1946","TGTTACTAGACATAGT-1_2_1"
"1947","TGTTCCGAGACGGAAA-1_2_1"
"1948","TGTTCCGCAACTCGAT-1_2_1"
"1949","TGTTCCGGTGGGTCAA-1_2_1"
"1950","TGTTCTAGTTGCATCA-1_2_1"
"1951","TGTTCTAGTTGGCCGT-1_2_1"
"1952","TGTTCTATCTCACGAA-1_2_1"
"1953","TGTTGAGCAGGTTCAT-1_2_1"
"1954","TGTTGGACAGTATGAA-1_2_1"
"1955","TGTTTGTAGCCATTGT-1_2_1"
"1956","TGTTTGTAGCTAATGA-1_2_1"
"1957","TGTTTGTCAATAGTAG-1_2_1"
"1958","TGTTTGTCATGAAAGT-1_2_1"
"1959","TTAATCCCACATGTTG-1_2_1"
"1960","TTAATCCCATCGATAC-1_2_1"
"1961","TTAATCCGTAAGGCTG-1_2_1"
"1962","TTAATCCTCTCGCTCA-1_2_1"
"1963","TTACAGGCAGCGTATT-1_2_1"
"1964","TTACAGGGTGCTAGCC-1_2_1"
"1965","TTACCATGTTCTCGTC-1_2_1"
"1966","TTACCATTCCCTCTAG-1_2_1"
"1967","TTACCGCCACGAAGAC-1_2_1"
"1968","TTACCGCCAGACCAAG-1_2_1"
"1969","TTACCGCCAGCCTATA-1_2_1"
"1970","TTACCGCGTTAGCTAC-1_2_1"
"1971","TTACGCCTCTAAGAAG-1_2_1"
"1972","TTACTGTAGAATTGCA-1_2_1"
"1973","TTACTGTGTGGATCGA-1_2_1"
"1974","TTAGGCAAGCCGAACA-1_2_1"
"1975","TTAGGCAAGCGTGAAC-1_2_1"
"1976","TTAGGCAAGTCCCGAC-1_2_1"
"1977","TTAGGCACATCTGTTT-1_2_1"
"1978","TTAGGCAGTTGTCATG-1_2_1"
"1979","TTAGGGTAGCTGCCAC-1_2_1"
"1980","TTAGGGTTCTTGGTGA-1_2_1"
"1981","TTAGTCTTCACTACTT-1_2_1"
"1982","TTATTGCCATCCGGCA-1_2_1"
"1983","TTATTGCTCTCACCCA-1_2_1"
"1984","TTCAATCAGAGTACCG-1_2_1"
"1985","TTCACCGTCTCATTTG-1_2_1"
"1986","TTCACGCCAACTACGT-1_2_1"
"1987","TTCACGCTCAAAGACA-1_2_1"
"1988","TTCACGCTCAAAGGTA-1_2_1"
"1989","TTCAGGAGTCGTGGAA-1_2_1"
"1990","TTCAGGATCGGTCTGG-1_2_1"
"1991","TTCAGGATCTCAAAGC-1_2_1"
"1992","TTCATGTAGGAGTCTG-1_2_1"
"1993","TTCATGTCAGCTGTTA-1_2_1"
"1994","TTCATGTGTGTCACAT-1_2_1"
"1995","TTCATGTGTTCAAGTC-1_2_1"
"1996","TTCATTGAGCGAACTG-1_2_1"
"1997","TTCATTGAGGGCAGTT-1_2_1"
"1998","TTCATTGGTTCAAGTC-1_2_1"
"1999","TTCCAATTCAAGGAGC-1_2_1"
"2000","TTCCACGGTTCTCTAT-1_2_1"
"2001","TTCCACGGTTGTTTGG-1_2_1"
"2002","TTCCACGTCCTCATAT-1_2_1"
"2003","TTCCGGTAGCCTATCA-1_2_1"
"2004","TTCCGGTAGGAACGTC-1_2_1"
"2005","TTCCGGTAGTTACTCG-1_2_1"
"2006","TTCCTAAAGATAGCTA-1_2_1"
"2007","TTCCTAAGTAACCCGC-1_2_1"
"2008","TTCCTAAGTTCCGGTG-1_2_1"
"2009","TTCCTCTAGATGGGCT-1_2_1"
"2010","TTCCTCTAGTGCCTCG-1_2_1"
"2011","TTCCTTCCAAACTAGA-1_2_1"
"2012","TTCGATTAGCGAGTCA-1_2_1"
"2013","TTCGATTCACTTCAGA-1_2_1"
"2014","TTCGCTGAGAGGTCGT-1_2_1"
"2015","TTCGCTGGTCCAGCCA-1_2_1"
"2016","TTCGCTGGTTGCATGT-1_2_1"
"2017","TTCGGTCAGACTCCGC-1_2_1"
"2018","TTCGGTCAGCGTGTCC-1_2_1"
"2019","TTCGGTCCATGCGGTC-1_2_1"
"2020","TTCGGTCGTAGCGTAG-1_2_1"
"2021","TTCGGTCGTGGAGGTT-1_2_1"
"2022","TTCGGTCTCTTCTAAC-1_2_1"
"2023","TTCTAACCAGGACATG-1_2_1"
"2024","TTCTCTCAGAATTTGG-1_2_1"
"2025","TTCTCTCAGACCTCAT-1_2_1"
"2026","TTCTCTCAGTTCTACG-1_2_1"
"2027","TTCTCTCGTTCCTTGC-1_2_1"
"2028","TTCTGTAAGTGAGGCT-1_2_1"
"2029","TTCTGTACAATCCAGT-1_2_1"
"2030","TTCTTCCGTCCCTGAG-1_2_1"
"2031","TTCTTCCGTTCTATCT-1_2_1"
"2032","TTCTTCCTCACACCGG-1_2_1"
"2033","TTCTTCCTCACTTGTT-1_2_1"
"2034","TTCTTCCTCTGGGTCG-1_2_1"
"2035","TTCTTGAAGCAAGTGC-1_2_1"
"2036","TTCTTGAGTGTTCGAT-1_2_1"
"2037","TTGAACGCACGTAGAG-1_2_1"
"2038","TTGAACGCATACCACA-1_2_1"
"2039","TTGAGTGAGTTCCGGC-1_2_1"
"2040","TTGAGTGCAGGACGAT-1_2_1"
"2041","TTGAGTGGTATTCCTT-1_2_1"
"2042","TTGAGTGTCAGATGCT-1_2_1"
"2043","TTGAGTGTCTGAGCAT-1_2_1"
"2044","TTGATGGAGATGTTAG-1_2_1"
"2045","TTGATGGAGCATCAGG-1_2_1"
"2046","TTGATGGCAATCCTAG-1_2_1"
"2047","TTGCATTTCTACTGAG-1_2_1"
"2048","TTGCCTGAGTTGTAGA-1_2_1"
"2049","TTGCGTCTCACTTCTA-1_2_1"
"2050","TTGCGTCTCCTGCCAT-1_2_1"
"2051","TTGCTGCCACAATGAA-1_2_1"
"2052","TTGCTGCTCCAGTACA-1_2_1"
"2053","TTGCTGCTCCATCTGC-1_2_1"
"2054","TTGGATGCAAGCGATG-1_2_1"
"2055","TTGGGATTCGCGGTAC-1_2_1"
"2056","TTGGGCGAGGAAAGTG-1_2_1"
"2057","TTGTGGACATCTTCGC-1_2_1"
"2058","TTGTGGAGTCGTGGAA-1_2_1"
"2059","TTGTGTTAGTTAGTAG-1_2_1"
"2060","TTGTGTTGTCATACCA-1_2_1"
"2061","TTGTTCAAGACGTCGA-1_2_1"
"2062","TTGTTCACACCTGATA-1_2_1"
"2063","TTGTTCAGTTCTCCTG-1_2_1"
"2064","TTGTTGTCAAATGGCG-1_2_1"
"2065","TTGTTGTGTGACACGA-1_2_1"
"2066","TTGTTTGAGCACCTGC-1_2_1"
"2067","TTTACCAAGGGCAGGA-1_2_1"
"2068","TTTACCACAGGAGGTT-1_2_1"
"2069","TTTACCAGTAGGTAGC-1_2_1"
"2070","TTTACGTGTATTTCTC-1_2_1"
"2071","TTTACGTTCTTTACAC-1_2_1"
"2072","TTTACTGTCTCTGGTC-1_2_1"
"2073","TTTATGCAGTCGAAGC-1_2_1"
"2074","TTTATGCCAGAGTTGG-1_2_1"
"2075","TTTATGCGTCACTCTC-1_2_1"
"2076","TTTCACAAGAATTTGG-1_2_1"
"2077","TTTCACAAGTGACACG-1_2_1"
"2078","TTTCACATCCAGCAAT-1_2_1"
"2079","TTTCAGTGTCGGTGAA-1_2_1"
"2080","TTTCAGTTCTTCGATT-1_2_1"
"2081","TTTCATGTCAAGCGTT-1_2_1"
"2082","TTTCCTCGTGAACGGT-1_2_1"
"2083","TTTCCTCGTTACAGCT-1_2_1"
"2084","TTTCGATCAGCTTTGA-1_2_1"
"2085","TTTCGATGTATCGCGC-1_2_1"
"2086","TTTCGATGTCATCCCT-1_2_1"
"2087","TTTCGATGTCGCGGTT-1_2_1"
"2088","TTTCGATGTTGAGGAC-1_2_1"
"2089","TTTCGATTCGTTGCCT-1_2_1"
"2090","TTTGACTGTCCATAGT-1_2_1"
"2091","TTTGACTGTGAGAGGG-1_2_1"
"2092","TTTGACTTCTGTTGGA-1_2_1"
"2093","TTTGATCCAGAGAAAG-1_2_1"
"2094","TTTGATCCATAAGATG-1_2_1"
"2095","TTTGATCGTCCTGGGT-1_2_1"
"2096","TTTGATCGTCGGTGAA-1_2_1"
"2097","TTTGGTTCATTGTGCA-1_2_1"
"2098","TTTGTTGGTGTCATCA-1_2_1"
"2099","TTTGTTGTCGGAATTC-1_2_1"
