"","x"
"1","AAACGAAAGTTCACTG-1_3_1"
"2","AAACGCTCAGAAATCA-1_3_1"
"3","AAACGCTCAGCCATTA-1_3_1"
"4","AAAGAACAGAGGTATT-1_3_1"
"5","AAAGAACTCGTGTTCC-1_3_1"
"6","AAAGGATTCGGAAACG-1_3_1"
"7","AAAGGGCCACCGGTCA-1_3_1"
"8","AAAGGGCGTCTGGTTA-1_3_1"
"9","AAAGGTACACGCACCA-1_3_1"
"10","AAAGGTAGTATGCAAA-1_3_1"
"11","AAAGGTATCGACGAGA-1_3_1"
"12","AAAGTCCAGCACAAAT-1_3_1"
"13","AAAGTCCGTCGTGGAA-1_3_1"
"14","AAAGTGACATACTGTG-1_3_1"
"15","AAAGTGACATCAGCGC-1_3_1"
"16","AAAGTGAGTAACCCGC-1_3_1"
"17","AAAGTGATCCTACACC-1_3_1"
"18","AAAGTGATCGACGCGT-1_3_1"
"19","AAATGGACAGAGGTTG-1_3_1"
"20","AAATGGAGTCCTCATC-1_3_1"
"21","AACAAAGAGGAGTACC-1_3_1"
"22","AACAACCGTAGATCGG-1_3_1"
"23","AACAACCTCCGTACGG-1_3_1"
"24","AACAACCTCTTCTTCC-1_3_1"
"25","AACAAGACAGGCGTTC-1_3_1"
"26","AACAAGAGTACGACTT-1_3_1"
"27","AACACACCACGGCACT-1_3_1"
"28","AACACACCATGCAGCC-1_3_1"
"29","AACAGGGAGGTAGCCA-1_3_1"
"30","AACAGGGAGTACAACA-1_3_1"
"31","AACAGGGCACATCATG-1_3_1"
"32","AACCAACAGCACGATG-1_3_1"
"33","AACCACACAAACGGCA-1_3_1"
"34","AACCACATCGAGAACG-1_3_1"
"35","AACCATGGTTTGAACC-1_3_1"
"36","AACCCAATCAAACTGC-1_3_1"
"37","AACCTGAAGAGGTTTA-1_3_1"
"38","AACCTGACACCGAATT-1_3_1"
"39","AACCTGACATCCAACA-1_3_1"
"40","AACCTGATCACCGGGT-1_3_1"
"41","AACCTTTAGATGGCGT-1_3_1"
"42","AACCTTTAGCACGTCC-1_3_1"
"43","AACCTTTAGGAATGTT-1_3_1"
"44","AACCTTTCAAATCCCA-1_3_1"
"45","AACGAAATCCTTTGAT-1_3_1"
"46","AACGGGAAGTAGCATA-1_3_1"
"47","AACGGGAGTCAGTTTG-1_3_1"
"48","AACGGGATCCGAGAAG-1_3_1"
"49","AACGGGATCGCGAAGA-1_3_1"
"50","AACGTCATCACTTTGT-1_3_1"
"51","AACTTCTAGAGGTCAC-1_3_1"
"52","AACTTCTCAGACACAG-1_3_1"
"53","AACTTCTGTAGATTAG-1_3_1"
"54","AACTTCTGTCATACCA-1_3_1"
"55","AACTTCTGTCTACATG-1_3_1"
"56","AACTTCTTCGCACGAC-1_3_1"
"57","AACTTCTTCTTACCAT-1_3_1"
"58","AAGACAAGTGATACAA-1_3_1"
"59","AAGACAATCTGATTCT-1_3_1"
"60","AAGATAGAGGGTACGT-1_3_1"
"61","AAGATAGGTCGTCAGC-1_3_1"
"62","AAGCCATAGTCAACAA-1_3_1"
"63","AAGCCATAGTGGTTAA-1_3_1"
"64","AAGCCATTCGTTAGTG-1_3_1"
"65","AAGCGAGAGTGGTTGG-1_3_1"
"66","AAGCGAGCAAGAATGT-1_3_1"
"67","AAGCGAGCATCCGGTG-1_3_1"
"68","AAGCGAGGTGGGATTG-1_3_1"
"69","AAGCGAGGTGTCCTAA-1_3_1"
"70","AAGGTAAGTAGTTAGA-1_3_1"
"71","AAGGTAATCTATCGGA-1_3_1"
"72","AAGTACCAGTACTCGT-1_3_1"
"73","AAGTACCAGTAGGGTC-1_3_1"
"74","AAGTACCCAAATCGGG-1_3_1"
"75","AAGTACCGTTGCCTAA-1_3_1"
"76","AAGTGAAAGGTAAAGG-1_3_1"
"77","AAGTGAAAGTGGGAAA-1_3_1"
"78","AATAGAGAGCCTTTCC-1_3_1"
"79","AATCGACAGGTCCGAA-1_3_1"
"80","AATCGACTCACGGACC-1_3_1"
"81","AATCGTGAGTTCTCTT-1_3_1"
"82","AATCGTGCATAGAAAC-1_3_1"
"83","AATCGTGGTTATGTGC-1_3_1"
"84","AATGAAGAGGGATCAC-1_3_1"
"85","AATGAAGAGTGGAAAG-1_3_1"
"86","AATGAAGTCACTACTT-1_3_1"
"87","AATGAAGTCCTTCTAA-1_3_1"
"88","AATGACCTCATGAAAG-1_3_1"
"89","AATGCCACAAACTAGA-1_3_1"
"90","AATGCCACAGTTTCGA-1_3_1"
"91","AATGCCAGTATGAAAC-1_3_1"
"92","AATGCCAGTGACTCGC-1_3_1"
"93","AATGCCATCAATCCGA-1_3_1"
"94","AATGCCATCACAGTGT-1_3_1"
"95","AATGCCATCCCTTTGG-1_3_1"
"96","AATGGAAAGAGCCCAA-1_3_1"
"97","AATGGAAAGGATTCCT-1_3_1"
"98","AATGGAATCAAGCCGC-1_3_1"
"99","AATGGAATCGAAGCAG-1_3_1"
"100","AATGGCTCAGTGGCTC-1_3_1"
"101","AATGGCTCATGGATCT-1_3_1"
"102","AATTCCTCAATCGCCG-1_3_1"
"103","AATTCCTCAATTTCCT-1_3_1"
"104","AATTCCTGTTCCGCAG-1_3_1"
"105","AATTTCCAGACCAAGC-1_3_1"
"106","AATTTCCCAAGGTCAG-1_3_1"
"107","AATTTCCGTCATGACT-1_3_1"
"108","ACAAAGAAGTTGGCTT-1_3_1"
"109","ACAAAGAGTATGGTAA-1_3_1"
"110","ACAACCAAGTCCCGGT-1_3_1"
"111","ACAACCAGTGGCTGCT-1_3_1"
"112","ACAACCAGTTACTCAG-1_3_1"
"113","ACAACCATCGCCTTGT-1_3_1"
"114","ACAAGCTAGATGGTAT-1_3_1"
"115","ACAAGCTCAACACTAC-1_3_1"
"116","ACACAGTAGACTGAGC-1_3_1"
"117","ACACAGTCAGAACTAA-1_3_1"
"118","ACACAGTGTGACAGGT-1_3_1"
"119","ACACAGTGTGTCCGTG-1_3_1"
"120","ACACCAACAAGAGATT-1_3_1"
"121","ACACCAATCCACGTCT-1_3_1"
"122","ACACCAATCGGCACTG-1_3_1"
"123","ACACCAATCTGAGTCA-1_3_1"
"124","ACACTGAAGACGGAAA-1_3_1"
"125","ACACTGACACCCAACG-1_3_1"
"126","ACACTGATCGCATGAT-1_3_1"
"127","ACAGCCGCATCTCAAG-1_3_1"
"128","ACATCCCAGTCTAGCT-1_3_1"
"129","ACATCCCGTAGCTCGC-1_3_1"
"130","ACATCGATCTGAGGTT-1_3_1"
"131","ACATGCAAGACGGATC-1_3_1"
"132","ACATGCACAAGCTGCC-1_3_1"
"133","ACATGCACAAGTCCAT-1_3_1"
"134","ACATGCACAATACGCT-1_3_1"
"135","ACATGCAGTCCTGTCT-1_3_1"
"136","ACATGCAGTCTAGGCC-1_3_1"
"137","ACATTTCCAAGGGCAT-1_3_1"
"138","ACATTTCTCTCGAGTA-1_3_1"
"139","ACATTTCTCTTCTGGC-1_3_1"
"140","ACCAAACAGTATGGCG-1_3_1"
"141","ACCAAACCAATGTTGC-1_3_1"
"142","ACCAAACCATATGAAG-1_3_1"
"143","ACCAAACCATCCCGTT-1_3_1"
"144","ACCAAACCATTCATCT-1_3_1"
"145","ACCAAACGTGTGCTTA-1_3_1"
"146","ACCAACAGTTGTTGAC-1_3_1"
"147","ACCACAAAGTCATAGA-1_3_1"
"148","ACCACAACAGGTCCCA-1_3_1"
"149","ACCACAAGTTCTCTAT-1_3_1"
"150","ACCACAATCACCGCTT-1_3_1"
"151","ACCACAATCACGACTA-1_3_1"
"152","ACCACAATCAGACCCG-1_3_1"
"153","ACCACAATCTCCTGCA-1_3_1"
"154","ACCATTTGTAAGGCTG-1_3_1"
"155","ACCCAAAAGACGACTG-1_3_1"
"156","ACCCAAACAGTATACC-1_3_1"
"157","ACCCAAACATCGATCA-1_3_1"
"158","ACCCTTGTCAACTCTT-1_3_1"
"159","ACCCTTGTCTGCCTCA-1_3_1"
"160","ACCTACCGTACCCAGC-1_3_1"
"161","ACCTACCTCTGCGGGT-1_3_1"
"162","ACCTGAAAGGTAGCAC-1_3_1"
"163","ACCTGAACATCCAATG-1_3_1"
"164","ACCTGAAGTAGTCACT-1_3_1"
"165","ACCTGAATCGCTACAA-1_3_1"
"166","ACCTGTCAGAACTCCT-1_3_1"
"167","ACCTGTCCAATTGCAC-1_3_1"
"168","ACCTGTCGTCCTTGTC-1_3_1"
"169","ACCTGTCTCGTGTGGC-1_3_1"
"170","ACGATCACAAAGTATG-1_3_1"
"171","ACGATCAGTTCAGGTT-1_3_1"
"172","ACGATGTCAGCGAGTA-1_3_1"
"173","ACGATGTTCCTCTCTT-1_3_1"
"174","ACGCACGCAGTACTAC-1_3_1"
"175","ACGGAAGCAGCTGAGA-1_3_1"
"176","ACGGAAGCATCAGTCA-1_3_1"
"177","ACGGGTCTCGTCGATA-1_3_1"
"178","ACGGTCGCATCATCTT-1_3_1"
"179","ACGGTTAGTGACTCTA-1_3_1"
"180","ACGTAACCATGAGTAA-1_3_1"
"181","ACGTACACAGAGCCCT-1_3_1"
"182","ACGTAGTCAGTGGCTC-1_3_1"
"183","ACGTAGTGTAATTAGG-1_3_1"
"184","ACGTCCTCAAGCACCC-1_3_1"
"185","ACGTCCTTCCTACGGG-1_3_1"
"186","ACGTCCTTCTTGCGCT-1_3_1"
"187","ACTACGACACTGAGTT-1_3_1"
"188","ACTACGACAGCGACAA-1_3_1"
"189","ACTACGACATTACTCT-1_3_1"
"190","ACTATCTAGTCTAGAA-1_3_1"
"191","ACTATGGAGCACCGAA-1_3_1"
"192","ACTATGGGTACGGATG-1_3_1"
"193","ACTATGGGTTAACAGA-1_3_1"
"194","ACTATTCCAACACTAC-1_3_1"
"195","ACTATTCGTTATGTGC-1_3_1"
"196","ACTCCCATCTAGTCAG-1_3_1"
"197","ACTCTCGGTGGCTGCT-1_3_1"
"198","ACTCTCGGTGTTTGCA-1_3_1"
"199","ACTCTCGTCGACCTAA-1_3_1"
"200","ACTGATGTCAGCCTCT-1_3_1"
"201","ACTGATGTCTAGGCAT-1_3_1"
"202","ACTGTCCTCCAACTGA-1_3_1"
"203","ACTTAGGAGTGAGGCT-1_3_1"
"204","ACTTAGGGTGTGGACA-1_3_1"
"205","ACTTATCGTCGATTCA-1_3_1"
"206","ACTTCCGCACTAAACC-1_3_1"
"207","ACTTCGCAGGAATTAC-1_3_1"
"208","ACTTCGCTCTGTCGCT-1_3_1"
"209","ACTTTCAAGCAAATGT-1_3_1"
"210","ACTTTCACAAATGGCG-1_3_1"
"211","ACTTTCACACTGAGTT-1_3_1"
"212","ACTTTGTAGAGCAGTC-1_3_1"
"213","AGAAATGCACAGTGTT-1_3_1"
"214","AGAAATGTCTCTATAC-1_3_1"
"215","AGAACAACAACCTAAC-1_3_1"
"216","AGAACAACATCCTTCG-1_3_1"
"217","AGAACAATCCGTCACT-1_3_1"
"218","AGAACCTCAACGCCCA-1_3_1"
"219","AGAACCTTCCGACAGC-1_3_1"
"220","AGAAGTAAGGCTGTAG-1_3_1"
"221","AGAAGTACAGCGGTTC-1_3_1"
"222","AGAAGTAGTAAGTAGT-1_3_1"
"223","AGAAGTAGTGAGATTA-1_3_1"
"224","AGACAAACATACAGGG-1_3_1"
"225","AGACAAAGTAGGAGTC-1_3_1"
"226","AGACAAAGTGTCATCA-1_3_1"
"227","AGACACTCACTCTCGT-1_3_1"
"228","AGACACTGTAGCCAGA-1_3_1"
"229","AGACACTTCAATCGGT-1_3_1"
"230","AGACACTTCTTCGGTC-1_3_1"
"231","AGACCATCAATACCTG-1_3_1"
"232","AGACCATCACGAGAAC-1_3_1"
"233","AGACCATGTCCATCTC-1_3_1"
"234","AGACCCGCATATGCGT-1_3_1"
"235","AGACCCGGTGACTATC-1_3_1"
"236","AGACCCGTCCCAGGAC-1_3_1"
"237","AGACTCAAGGTAGTAT-1_3_1"
"238","AGACTCAAGTCACTCA-1_3_1"
"239","AGACTCATCCGATCGG-1_3_1"
"240","AGAGAATAGTTTAGGA-1_3_1"
"241","AGAGAATCATGGCGCT-1_3_1"
"242","AGAGAGCAGGAAGTAG-1_3_1"
"243","AGAGAGCCAGTCTCTC-1_3_1"
"244","AGAGCAGCACAATGAA-1_3_1"
"245","AGAGCCCGTGATACTC-1_3_1"
"246","AGAGCCCGTGCTTATG-1_3_1"
"247","AGAGCCCTCGCATTAG-1_3_1"
"248","AGATAGACATCCGATA-1_3_1"
"249","AGATAGAGTCGACGCT-1_3_1"
"250","AGATAGAGTGACTGTT-1_3_1"
"251","AGATCCATCATAGGCT-1_3_1"
"252","AGATCCATCTGCTTTA-1_3_1"
"253","AGATCGTCATTCATCT-1_3_1"
"254","AGATCGTGTCCCTGTT-1_3_1"
"255","AGATCGTTCGCTATTT-1_3_1"
"256","AGATCGTTCGTTCTAT-1_3_1"
"257","AGATGAATCAAGTGGG-1_3_1"
"258","AGATGCTGTACCTAAC-1_3_1"
"259","AGATGCTTCTGCTGAA-1_3_1"
"260","AGCATCACAAGTACCT-1_3_1"
"261","AGCCAATAGCGTTACT-1_3_1"
"262","AGCCAATCAGCCGTTG-1_3_1"
"263","AGCCACGAGGCAGGGA-1_3_1"
"264","AGCCACGCACCGGTCA-1_3_1"
"265","AGCCACGGTCAGGTGA-1_3_1"
"266","AGCCACGGTGGCTCTG-1_3_1"
"267","AGCCAGCAGAAAGCGA-1_3_1"
"268","AGCCAGCGTGTGCCTG-1_3_1"
"269","AGCGATTGTCTTGCTC-1_3_1"
"270","AGCGCCACAGCACGAA-1_3_1"
"271","AGCGCTGAGAAGCGCT-1_3_1"
"272","AGCGCTGGTCGTGGAA-1_3_1"
"273","AGCGCTGTCATCCTGC-1_3_1"
"274","AGCTACAGTAGCCCTG-1_3_1"
"275","AGCTACAGTCGCCACA-1_3_1"
"276","AGCTACAGTCTTTCAT-1_3_1"
"277","AGCTACATCGCTAAAC-1_3_1"
"278","AGCTCAAAGCAATAGT-1_3_1"
"279","AGCTCAAAGGTACCTT-1_3_1"
"280","AGCTCAAGTACGTACT-1_3_1"
"281","AGCTTCCAGGATCACG-1_3_1"
"282","AGGAAATTCGATTTCT-1_3_1"
"283","AGGAATAAGCTAATCC-1_3_1"
"284","AGGAATACAGCACAAG-1_3_1"
"285","AGGAATACAGTTAGAA-1_3_1"
"286","AGGAATATCCGATGCG-1_3_1"
"287","AGGACGATCACTCTTA-1_3_1"
"288","AGGACTTCACATTCGA-1_3_1"
"289","AGGACTTCAGATCCAT-1_3_1"
"290","AGGACTTTCATTTGCT-1_3_1"
"291","AGGACTTTCTGCTTTA-1_3_1"
"292","AGGAGGTAGCTCGTGC-1_3_1"
"293","AGGATCTAGACAGTCG-1_3_1"
"294","AGGATCTAGTGGTCAG-1_3_1"
"295","AGGATCTCATTCAGCA-1_3_1"
"296","AGGATCTCATTCTTCA-1_3_1"
"297","AGGCATTGTCCGTTTC-1_3_1"
"298","AGGCATTTCGCCTTTG-1_3_1"
"299","AGGCCACTCTACCACC-1_3_1"
"300","AGGCTGCCAAGGAGTC-1_3_1"
"301","AGGCTGCCACAAGTTC-1_3_1"
"302","AGGCTGCCACAGTGTT-1_3_1"
"303","AGGGAGTCACGATTCA-1_3_1"
"304","AGGGAGTGTCGCGTCA-1_3_1"
"305","AGGGCCTTCCGAAATC-1_3_1"
"306","AGGGCTCAGTGGTTGG-1_3_1"
"307","AGGGCTCCATTACTCT-1_3_1"
"308","AGGGCTCGTGCAGTGA-1_3_1"
"309","AGGGCTCTCTCGAGTA-1_3_1"
"310","AGGGTCCTCTCTCGAC-1_3_1"
"311","AGGGTGAAGTGAGCCA-1_3_1"
"312","AGGGTGACAGTTTCGA-1_3_1"
"313","AGGGTGATCAGCGCAC-1_3_1"
"314","AGGGTGATCCGCTAGG-1_3_1"
"315","AGGGTTTAGAATCCCT-1_3_1"
"316","AGGGTTTAGCAACAGC-1_3_1"
"317","AGGGTTTAGGTGCTTT-1_3_1"
"318","AGGTAGGAGGTGAGCT-1_3_1"
"319","AGGTCATAGCGGTAGT-1_3_1"
"320","AGGTCATCATGTTTGG-1_3_1"
"321","AGGTCATGTGGCAACA-1_3_1"
"322","AGGTGTTAGCTCCCTT-1_3_1"
"323","AGGTGTTAGGTGGCTA-1_3_1"
"324","AGGTGTTGTCACTCAA-1_3_1"
"325","AGGTGTTGTTCCCAAA-1_3_1"
"326","AGGTGTTGTTGACGGA-1_3_1"
"327","AGGTGTTTCGTAGTCA-1_3_1"
"328","AGGTTGTCAATCGCAT-1_3_1"
"329","AGGTTGTCACCAAAGG-1_3_1"
"330","AGGTTGTTCATCTCTA-1_3_1"
"331","AGGTTGTTCCTACTGC-1_3_1"
"332","AGGTTGTTCTCGTGGG-1_3_1"
"333","AGTAACCCAAGCGCAA-1_3_1"
"334","AGTACCACAAGCAGGT-1_3_1"
"335","AGTACCACAATGAACA-1_3_1"
"336","AGTACCACAGCGTGCT-1_3_1"
"337","AGTACCACAGGTGTTT-1_3_1"
"338","AGTACCATCGGCTGGT-1_3_1"
"339","AGTACTGCAACTTCTT-1_3_1"
"340","AGTACTGCACAAAGTA-1_3_1"
"341","AGTAGCTAGCCATCCG-1_3_1"
"342","AGTAGCTCACATGTTG-1_3_1"
"343","AGTAGCTTCTCCTGTG-1_3_1"
"344","AGTAGTCAGCTCACTA-1_3_1"
"345","AGTAGTCCATACTGTG-1_3_1"
"346","AGTAGTCTCACTTTGT-1_3_1"
"347","AGTAGTCTCGCTACGG-1_3_1"
"348","AGTAGTCTCGGTGCAC-1_3_1"
"349","AGTCAACAGGACGCAT-1_3_1"
"350","AGTCAACCAAGATCCT-1_3_1"
"351","AGTCAACGTATAGGGC-1_3_1"
"352","AGTCACAAGGGCAGAG-1_3_1"
"353","AGTCACAGTTTAGACC-1_3_1"
"354","AGTCATGGTTTCAGAC-1_3_1"
"355","AGTCTCCAGGCGACAT-1_3_1"
"356","AGTCTCCCACTATCGA-1_3_1"
"357","AGTCTCCCAGTGTATC-1_3_1"
"358","AGTCTCCGTCCAGAAG-1_3_1"
"359","AGTGACTCACGATTCA-1_3_1"
"360","AGTGACTCATACCATG-1_3_1"
"361","AGTGATCAGACCGCCT-1_3_1"
"362","AGTGATCGTTCAGCTA-1_3_1"
"363","AGTGATCTCCTTCTTC-1_3_1"
"364","AGTGATCTCGCAAGAG-1_3_1"
"365","AGTGATCTCGTAGGAG-1_3_1"
"366","AGTGATCTCTGCTGAA-1_3_1"
"367","AGTGCCGAGCCACTCG-1_3_1"
"368","AGTGCCGAGCTGTTAC-1_3_1"
"369","AGTGTTGAGGTAGTAT-1_3_1"
"370","AGTTAGCCAGCCCACA-1_3_1"
"371","AGTTAGCTCCATACAG-1_3_1"
"372","AGTTCCCTCAAGCCGC-1_3_1"
"373","AGTTCGAAGCTTAAGA-1_3_1"
"374","AGTTCGACAGCTTTGA-1_3_1"
"375","AGTTCGATCTGTCCGT-1_3_1"
"376","ATACCTTCAAGCACCC-1_3_1"
"377","ATACCTTCACCGCTAG-1_3_1"
"378","ATACTTCGTTCTGACA-1_3_1"
"379","ATACTTCTCAGCATTG-1_3_1"
"380","ATAGAGAGTGCCGTTG-1_3_1"
"381","ATAGAGAGTTCCGTTC-1_3_1"
"382","ATAGGCTCAGTAGAGC-1_3_1"
"383","ATAGGCTCATTGACAC-1_3_1"
"384","ATAGGCTGTAACGCGA-1_3_1"
"385","ATAGGCTGTGAGTAAT-1_3_1"
"386","ATAGGCTTCTTAGCTT-1_3_1"
"387","ATATCCTAGCGTCAAG-1_3_1"
"388","ATATCCTCAGGGACTA-1_3_1"
"389","ATATCCTTCGGTGTTA-1_3_1"
"390","ATCACAGCAAGCAGGT-1_3_1"
"391","ATCACAGCAGTACTAC-1_3_1"
"392","ATCACAGCATGGAACG-1_3_1"
"393","ATCACGAAGCCAACCC-1_3_1"
"394","ATCACGAGTCGTCTCT-1_3_1"
"395","ATCACTTTCCGTAGGC-1_3_1"
"396","ATCAGGTCATCTTTCA-1_3_1"
"397","ATCATTCCACTTGAGT-1_3_1"
"398","ATCATTCCATAGTCAC-1_3_1"
"399","ATCATTCGTAGGAGGG-1_3_1"
"400","ATCATTCGTCGTATGT-1_3_1"
"401","ATCCACCTCTGGGCAC-1_3_1"
"402","ATCCATTCAGTATACC-1_3_1"
"403","ATCCCTGAGGGTTTCT-1_3_1"
"404","ATCCCTGCACTGCGAC-1_3_1"
"405","ATCCGTCCACAGGATG-1_3_1"
"406","ATCCGTCCACCAGTTA-1_3_1"
"407","ATCCGTCCATGGGAAC-1_3_1"
"408","ATCCTATCACTCGATA-1_3_1"
"409","ATCCTATTCGAACACT-1_3_1"
"410","ATCCTATTCTTCCTAA-1_3_1"
"411","ATCGCCTAGGTCGCCT-1_3_1"
"412","ATCGGATAGCGGTAGT-1_3_1"
"413","ATCGGATCAATACCCA-1_3_1"
"414","ATCGGATCACTACCCT-1_3_1"
"415","ATCGGCGGTAAGTTAG-1_3_1"
"416","ATCGGCGGTTCTAACG-1_3_1"
"417","ATCGGCGTCTGCCCTA-1_3_1"
"418","ATCGTAGAGTAAGAGG-1_3_1"
"419","ATCGTAGCATAATCCG-1_3_1"
"420","ATCGTAGGTCGACTTA-1_3_1"
"421","ATCGTCCCAATATCCG-1_3_1"
"422","ATCGTCCGTTCATCGA-1_3_1"
"423","ATCGTGACATGCAGGA-1_3_1"
"424","ATCGTGAGTTACGCCG-1_3_1"
"425","ATCGTGATCTAGGAAA-1_3_1"
"426","ATCTCTAAGCCAGTAG-1_3_1"
"427","ATCTCTAAGTTCCATG-1_3_1"
"428","ATCTTCAAGACCTTTG-1_3_1"
"429","ATCTTCAGTGAAGCTG-1_3_1"
"430","ATCTTCATCGTTAGAC-1_3_1"
"431","ATGAAAGAGCACACAG-1_3_1"
"432","ATGAAAGAGGTTTGAA-1_3_1"
"433","ATGAAAGAGTATGACA-1_3_1"
"434","ATGAAAGGTTTCACTT-1_3_1"
"435","ATGACCAGTGTTGATC-1_3_1"
"436","ATGAGGGAGTCAGCCC-1_3_1"
"437","ATGAGGGCAAGTGGTG-1_3_1"
"438","ATGAGGGCAGTTGGTT-1_3_1"
"439","ATGAGGGTCGGTCACG-1_3_1"
"440","ATGAGGGTCGTTGTGA-1_3_1"
"441","ATGAGGGTCTCAAAGC-1_3_1"
"442","ATGAGGGTCTCCGAAA-1_3_1"
"443","ATGAGTCAGCTCATAC-1_3_1"
"444","ATGAGTCAGCTCTTCC-1_3_1"
"445","ATGAGTCCACGACGAA-1_3_1"
"446","ATGAGTCCATATCTCT-1_3_1"
"447","ATGAGTCTCAAATGCC-1_3_1"
"448","ATGATCGAGGTCCGAA-1_3_1"
"449","ATGATCGCAATAGGGC-1_3_1"
"450","ATGCATGAGCCACCGT-1_3_1"
"451","ATGCATGCATCGGAGA-1_3_1"
"452","ATGCATGTCATCCTAT-1_3_1"
"453","ATGCCTCAGGTTAGTA-1_3_1"
"454","ATGCCTCCACCTGCGA-1_3_1"
"455","ATGCCTCGTGTTAAAG-1_3_1"
"456","ATGCCTCTCAGATTGC-1_3_1"
"457","ATGGAGGAGACATATG-1_3_1"
"458","ATGGATCAGTACCCTA-1_3_1"
"459","ATGGATCCATATAGCC-1_3_1"
"460","ATGGATCGTTGTAGCT-1_3_1"
"461","ATGGGAGAGGGCATGT-1_3_1"
"462","ATGGGTTCACAACATC-1_3_1"
"463","ATGGGTTGTTGGGAAC-1_3_1"
"464","ATGGTTGCAAGCCCAC-1_3_1"
"465","ATGGTTGGTTCATCTT-1_3_1"
"466","ATGGTTGTCTCTGACC-1_3_1"
"467","ATGTCCCGTGTCTTGA-1_3_1"
"468","ATGTCCCTCAGCGCGT-1_3_1"
"469","ATGTCCCTCTCGGTCT-1_3_1"
"470","ATTACCTGTATTTCGG-1_3_1"
"471","ATTACCTTCCCTTGTG-1_3_1"
"472","ATTACTCAGCTCGAAG-1_3_1"
"473","ATTACTCCAACAGATA-1_3_1"
"474","ATTACTCCACGGGTAA-1_3_1"
"475","ATTACTCTCGGAATTC-1_3_1"
"476","ATTATCCAGTACTGGG-1_3_1"
"477","ATTATCCTCTCAGTCC-1_3_1"
"478","ATTCACTCATTGTAGC-1_3_1"
"479","ATTCAGGAGCAAATCA-1_3_1"
"480","ATTCAGGGTAGATTAG-1_3_1"
"481","ATTCATCAGCGCGTTC-1_3_1"
"482","ATTCATCGTGTCGATT-1_3_1"
"483","ATTCCATCACATACTG-1_3_1"
"484","ATTCCATCAGGCTTGC-1_3_1"
"485","ATTCCATTCATACGGT-1_3_1"
"486","ATTCCATTCCTACGAA-1_3_1"
"487","ATTCCCGAGGTATCTC-1_3_1"
"488","ATTCCCGGTTTGATCG-1_3_1"
"489","ATTCCCGTCAAGCTGT-1_3_1"
"490","ATTCGTTAGGCAGCTA-1_3_1"
"491","ATTCTACCAAAGGAGA-1_3_1"
"492","ATTCTACGTATGCTAC-1_3_1"
"493","ATTCTTGGTGAAAGTT-1_3_1"
"494","ATTCTTGTCTCATAGG-1_3_1"
"495","ATTGGGTTCTTAGCCC-1_3_1"
"496","ATTGTTCCAATAAGGT-1_3_1"
"497","ATTGTTCGTTGCCATA-1_3_1"
"498","ATTGTTCTCTCATTGT-1_3_1"
"499","ATTTACCCACCAGACC-1_3_1"
"500","ATTTACCTCGAGCCTG-1_3_1"
"501","ATTTCACTCTTTGCGC-1_3_1"
"502","ATTTCTGAGAGTGTGC-1_3_1"
"503","CAAAGAACACCGTGCA-1_3_1"
"504","CAAAGAACAGGACAGT-1_3_1"
"505","CAAAGAATCACGTCCT-1_3_1"
"506","CAACAACAGCCTGCCA-1_3_1"
"507","CAACAGTTCCTCTAAT-1_3_1"
"508","CAACCAAAGGAGCTGT-1_3_1"
"509","CAACCAAGTTGGGAAC-1_3_1"
"510","CAACCAATCTACTTCA-1_3_1"
"511","CAACCTCTCAAGGACG-1_3_1"
"512","CAACGATCAGCAGTCC-1_3_1"
"513","CAACGATTCCCGAATA-1_3_1"
"514","CAACGGCAGCAGCAGT-1_3_1"
"515","CAACGGCTCGAAGGAC-1_3_1"
"516","CAAGACTAGCTCGGCT-1_3_1"
"517","CAAGACTAGGGACTGT-1_3_1"
"518","CAAGACTCAAGCTGTT-1_3_1"
"519","CAAGACTGTCGTATTG-1_3_1"
"520","CAAGACTGTTGTATGC-1_3_1"
"521","CAAGACTTCCACAGCG-1_3_1"
"522","CAAGACTTCCAGGACC-1_3_1"
"523","CAAGAGGCAATCCAGT-1_3_1"
"524","CAAGGGAGTCCAGCGT-1_3_1"
"525","CAAGGGAGTGGTCTGC-1_3_1"
"526","CAAGGGAGTTCCTAGA-1_3_1"
"527","CAAGGGAGTTGCGAAG-1_3_1"
"528","CAATACGGTCTCGCGA-1_3_1"
"529","CAATACGTCCCGAACG-1_3_1"
"530","CAATACGTCTGACGCG-1_3_1"
"531","CAATTTCAGGTAAACT-1_3_1"
"532","CAATTTCAGTCCTGTA-1_3_1"
"533","CACAACAAGGATACGC-1_3_1"
"534","CACAACACAAGCTACT-1_3_1"
"535","CACAACACATCGGAGA-1_3_1"
"536","CACACAACATACTTTC-1_3_1"
"537","CACACAATCCTACTGC-1_3_1"
"538","CACAGATTCCGTGGCA-1_3_1"
"539","CACATGAGTAGCGTAG-1_3_1"
"540","CACATGATCAAGTGTC-1_3_1"
"541","CACCAAACACAATGCT-1_3_1"
"542","CACCAAACAGCCTTCT-1_3_1"
"543","CACCAAAGTACGTTCA-1_3_1"
"544","CACCAAAGTGAGCAGT-1_3_1"
"545","CACCGTTAGGGATGTC-1_3_1"
"546","CACCGTTGTCCTGTCT-1_3_1"
"547","CACCGTTGTTGTCCCT-1_3_1"
"548","CACGAATTCTGAGAAA-1_3_1"
"549","CACGGGTGTTATCTGG-1_3_1"
"550","CACGTTCTCCCAAGCG-1_3_1"
"551","CACTAAGAGAGATTCA-1_3_1"
"552","CACTAAGCATCGTGGC-1_3_1"
"553","CACTAAGGTGTTCCAA-1_3_1"
"554","CACTAAGTCTAGCCTC-1_3_1"
"555","CACTGAAAGCTGGCCT-1_3_1"
"556","CACTGGGAGCGCACAA-1_3_1"
"557","CACTGGGAGCTCCATA-1_3_1"
"558","CACTGGGAGTAAGGGA-1_3_1"
"559","CACTGGGGTATCGGTT-1_3_1"
"560","CACTGGGGTGGACCAA-1_3_1"
"561","CACTGTCCAAATAGCA-1_3_1"
"562","CACTGTCCATTGTACG-1_3_1"
"563","CACTTCGAGTACTGGG-1_3_1"
"564","CACTTCGCAGGCTACC-1_3_1"
"565","CACTTCGTCGTCCTTG-1_3_1"
"566","CACTTCGTCTATTCGT-1_3_1"
"567","CAGAGCCCAGAAACCG-1_3_1"
"568","CAGAGCCCAGATCCAT-1_3_1"
"569","CAGATACTCATGCCAA-1_3_1"
"570","CAGATCAAGCTAATCC-1_3_1"
"571","CAGATCATCCGCGAGT-1_3_1"
"572","CAGATCATCGAACTCA-1_3_1"
"573","CAGATTGGTGGGCTCT-1_3_1"
"574","CAGCAGCAGACTGGGT-1_3_1"
"575","CAGCCAGAGCGAATGC-1_3_1"
"576","CAGCCAGCAACTCGTA-1_3_1"
"577","CAGCCAGGTAGTGATA-1_3_1"
"578","CAGCCAGGTTTGGCTA-1_3_1"
"579","CAGCGTGCAGTGCCTG-1_3_1"
"580","CAGCGTGGTACCGGAA-1_3_1"
"581","CAGCGTGTCATGCTAG-1_3_1"
"582","CAGGCCAAGCAAACAT-1_3_1"
"583","CAGGCCACAAAGGCAC-1_3_1"
"584","CAGGCCACAGATTTCG-1_3_1"
"585","CAGGGCTAGAGCAAGA-1_3_1"
"586","CAGGGCTCAACGGCCT-1_3_1"
"587","CAGGTATCAACCGACC-1_3_1"
"588","CAGGTATGTATGACAA-1_3_1"
"589","CAGGTATTCCAGTACA-1_3_1"
"590","CAGTGCGCACGCTGAC-1_3_1"
"591","CAGTGCGCATGACTTG-1_3_1"
"592","CAGTGCGGTATGAGCG-1_3_1"
"593","CAGTGCGTCGTAATGC-1_3_1"
"594","CAGTGCGTCTAGACCA-1_3_1"
"595","CAGTTAGAGTAGCTCT-1_3_1"
"596","CAGTTAGCACTTGTGA-1_3_1"
"597","CAGTTCCGTATACCTG-1_3_1"
"598","CATAAGCCAAACAGGC-1_3_1"
"599","CATAAGCCACTGCATA-1_3_1"
"600","CATAAGCTCATTCTTG-1_3_1"
"601","CATACAGAGAGGATGA-1_3_1"
"602","CATACAGAGTGCAACG-1_3_1"
"603","CATACAGTCGGTCATA-1_3_1"
"604","CATACCCCAAACACCT-1_3_1"
"605","CATACCCCATTGAAGA-1_3_1"
"606","CATACCCTCAGACATC-1_3_1"
"607","CATACTTCACAGTCCG-1_3_1"
"608","CATAGACAGTTCACTG-1_3_1"
"609","CATAGACGTAGTCTGT-1_3_1"
"610","CATCAAGTCGCCTAGG-1_3_1"
"611","CATCCACAGACTTCGT-1_3_1"
"612","CATCCACAGGACTATA-1_3_1"
"613","CATCCACGTGGACCAA-1_3_1"
"614","CATCCCAAGAGTTGCG-1_3_1"
"615","CATCCGTGTAACTGCT-1_3_1"
"616","CATCCGTTCGGATACT-1_3_1"
"617","CATCGCTAGGCCTAGA-1_3_1"
"618","CATCGGGCACGGTGTC-1_3_1"
"619","CATCGGGCACTGGCCA-1_3_1"
"620","CATCGGGGTCGTCGGT-1_3_1"
"621","CATCGGGTCTCAAAGC-1_3_1"
"622","CATCGTCAGACGCCAA-1_3_1"
"623","CATCGTCAGCCTGAGA-1_3_1"
"624","CATCGTCAGGCACGAT-1_3_1"
"625","CATCGTCAGGCGTCCT-1_3_1"
"626","CATCGTCTCTCGTTTA-1_3_1"
"627","CATGAGTGTAGCTTGT-1_3_1"
"628","CATGCAACATTGAGCT-1_3_1"
"629","CATGCGGAGATCACTC-1_3_1"
"630","CATGCGGAGTCATGCT-1_3_1"
"631","CATGCTCAGGCTTAAA-1_3_1"
"632","CATGCTCTCGCCAATA-1_3_1"
"633","CATGGATAGGAGTCTG-1_3_1"
"634","CATGGATGTATTAAGG-1_3_1"
"635","CATGGATTCATCGACA-1_3_1"
"636","CATGGATTCTAAGAAG-1_3_1"
"637","CATGGTAAGAAACTCA-1_3_1"
"638","CATGGTAAGAGATTCA-1_3_1"
"639","CATGGTAAGCTGTCCG-1_3_1"
"640","CATGGTAAGGACCCAA-1_3_1"
"641","CATGGTACACAAGCAG-1_3_1"
"642","CATTCATTCGGCCCAA-1_3_1"
"643","CATTCATTCTCTTGCG-1_3_1"
"644","CATTCATTCTGAACGT-1_3_1"
"645","CATTCCGAGACCATAA-1_3_1"
"646","CATTCCGAGCGACTAG-1_3_1"
"647","CATTCTAAGCAGCCTC-1_3_1"
"648","CATTGAGCAAAGCTAA-1_3_1"
"649","CATTGAGGTATGTGTC-1_3_1"
"650","CATTGAGGTCTCCCTA-1_3_1"
"651","CATTGAGTCATCACAG-1_3_1"
"652","CATTGAGTCCACAGCG-1_3_1"
"653","CATTGCCAGTAGTCCT-1_3_1"
"654","CATTGCCCACACCAGC-1_3_1"
"655","CATTGTTAGCACCTGC-1_3_1"
"656","CATTGTTTCCCACAGG-1_3_1"
"657","CATTGTTTCTGGGCGT-1_3_1"
"658","CATTTCACAGGTATGG-1_3_1"
"659","CCAAGCGAGGTTCCGC-1_3_1"
"660","CCAAGCGCATTGCCTC-1_3_1"
"661","CCAAGCGGTAAGCAAT-1_3_1"
"662","CCAAGCGTCCACACAA-1_3_1"
"663","CCAAGCGTCGTTCTAT-1_3_1"
"664","CCAATGAAGAATACAC-1_3_1"
"665","CCAATGAAGCACCGTC-1_3_1"
"666","CCAATGAGTGTGCTTA-1_3_1"
"667","CCAATTTAGCGCCTCA-1_3_1"
"668","CCACAAATCCGATGTA-1_3_1"
"669","CCACAAATCTTCACAT-1_3_1"
"670","CCACACTCAGGTAGTG-1_3_1"
"671","CCACACTGTGATACCT-1_3_1"
"672","CCACACTTCAAGTGGG-1_3_1"
"673","CCACACTTCTAGTCAG-1_3_1"
"674","CCACCATCATCCTCAC-1_3_1"
"675","CCACGAGCAAGGGCAT-1_3_1"
"676","CCACGTTCATGTGCCG-1_3_1"
"677","CCACTTGAGGTAGGCT-1_3_1"
"678","CCACTTGCACAGCGCT-1_3_1"
"679","CCATAAGGTGGCCACT-1_3_1"
"680","CCATAAGTCCGTATAG-1_3_1"
"681","CCATCACAGAAGTCCG-1_3_1"
"682","CCATCACCAAGGATGC-1_3_1"
"683","CCATCACGTTAGTCGT-1_3_1"
"684","CCATCACGTTGTGTTG-1_3_1"
"685","CCCAACTAGCTGCCAC-1_3_1"
"686","CCCAACTCACTTACAG-1_3_1"
"687","CCCAACTCAGAGTGAC-1_3_1"
"688","CCCATTGTCATCGCAA-1_3_1"
"689","CCCGAAGCAAGGCGTA-1_3_1"
"690","CCCGAAGCAGACCATT-1_3_1"
"691","CCCGAAGTCTCGTCGT-1_3_1"
"692","CCCGGAATCCTACCAC-1_3_1"
"693","CCCTAACAGTAAACTG-1_3_1"
"694","CCCTAACGTCGTGATT-1_3_1"
"695","CCCTCAAGTATCGCAT-1_3_1"
"696","CCCTCTCCACAAGCTT-1_3_1"
"697","CCCTCTCCACGACGCT-1_3_1"
"698","CCCTGATCAAACAGGC-1_3_1"
"699","CCCTGATCATAATCCG-1_3_1"
"700","CCCTGATGTGATAGTA-1_3_1"
"701","CCCTGATGTGTTTCTT-1_3_1"
"702","CCCTTAGGTTCGCGTG-1_3_1"
"703","CCCTTAGTCACAGTGT-1_3_1"
"704","CCGAACGCAGTGCCTG-1_3_1"
"705","CCGAACGCATGTGGCC-1_3_1"
"706","CCGAACGTCATTTGCT-1_3_1"
"707","CCGAACGTCCTGGGTG-1_3_1"
"708","CCGATCTAGTTCCTGA-1_3_1"
"709","CCGATCTGTCACGACC-1_3_1"
"710","CCGATCTTCAATCTCT-1_3_1"
"711","CCGATGGGTTGCGGAA-1_3_1"
"712","CCGATGGTCGACGCTG-1_3_1"
"713","CCGATGGTCTGGAAGG-1_3_1"
"714","CCGCAAGCATGGCCCA-1_3_1"
"715","CCGCAAGTCCCAGCGA-1_3_1"
"716","CCGGACAAGCTAGAAT-1_3_1"
"717","CCGGACAGTAACGATA-1_3_1"
"718","CCGGTAGAGGCAGGTT-1_3_1"
"719","CCGGTAGGTACATACC-1_3_1"
"720","CCGGTGACAGTTCTAG-1_3_1"
"721","CCGGTGAGTCTGATCA-1_3_1"
"722","CCGTAGGCAGCCGTCA-1_3_1"
"723","CCGTAGGTCAAATAGG-1_3_1"
"724","CCGTGAGAGTAAGGGA-1_3_1"
"725","CCGTGAGGTCTACGTA-1_3_1"
"726","CCGTTCACACGTTCGG-1_3_1"
"727","CCGTTCAGTGATACTC-1_3_1"
"728","CCTAAGAGTCATGGCC-1_3_1"
"729","CCTAAGATCGTTCAGA-1_3_1"
"730","CCTACGTAGCATACTC-1_3_1"
"731","CCTACGTTCACATACG-1_3_1"
"732","CCTCAACAGGAAAGTG-1_3_1"
"733","CCTCAACAGGAGTACC-1_3_1"
"734","CCTCAACCAGTACTAC-1_3_1"
"735","CCTCAACGTATTCCGA-1_3_1"
"736","CCTCACACAACCACAT-1_3_1"
"737","CCTCACATCACTTCTA-1_3_1"
"738","CCTCAGTAGCGCTGAA-1_3_1"
"739","CCTCAGTAGGACAGCT-1_3_1"
"740","CCTCATGAGACATAAC-1_3_1"
"741","CCTCATGAGCAGAAAG-1_3_1"
"742","CCTCATGGTGCAACGA-1_3_1"
"743","CCTCCAAGTGAGCAGT-1_3_1"
"744","CCTCCAAGTTAGAAGT-1_3_1"
"745","CCTCCTCTCTTAGCAG-1_3_1"
"746","CCTCTAGGTCTCGACG-1_3_1"
"747","CCTCTCCAGTGCGACA-1_3_1"
"748","CCTCTCCCAGCTCGGT-1_3_1"
"749","CCTCTCCGTCTATGAC-1_3_1"
"750","CCTGCATAGACATATG-1_3_1"
"751","CCTGCATAGCTCCCTT-1_3_1"
"752","CCTGCATAGGGCCTCT-1_3_1"
"753","CCTGCATTCTCTGGTC-1_3_1"
"754","CCTGCATTCTGCACCT-1_3_1"
"755","CCTGTTGGTCACTCGG-1_3_1"
"756","CCTGTTGGTCGCGTCA-1_3_1"
"757","CCTTCAGCATCCAATG-1_3_1"
"758","CCTTCAGTCGATTGGT-1_3_1"
"759","CCTTTGGTCCTATTTG-1_3_1"
"760","CGAAGGACAGCTGAGA-1_3_1"
"761","CGAAGGAGTGTGTGGA-1_3_1"
"762","CGAAGGAGTTGCATAC-1_3_1"
"763","CGAATTGAGCAGTCTT-1_3_1"
"764","CGAATTGTCGTGTCAA-1_3_1"
"765","CGACAGCGTAGCGTCC-1_3_1"
"766","CGACAGCTCGCTATTT-1_3_1"
"767","CGAGAAGCACAAACGG-1_3_1"
"768","CGAGGAAGTTGCATAC-1_3_1"
"769","CGAGGAATCTGCGTCT-1_3_1"
"770","CGAGGCTAGCTGACAG-1_3_1"
"771","CGAGGCTCACTCGATA-1_3_1"
"772","CGAGGCTCATGGCCCA-1_3_1"
"773","CGAGGCTTCACCTTAT-1_3_1"
"774","CGAGTGCCAAAGAACT-1_3_1"
"775","CGAGTGCCAAGCGCTC-1_3_1"
"776","CGAGTGCTCATCGCTC-1_3_1"
"777","CGAGTTAGTGACAGCA-1_3_1"
"778","CGATGCGTCATCACTT-1_3_1"
"779","CGATGGCAGGTTCCGC-1_3_1"
"780","CGATGGCGTAAGTCAA-1_3_1"
"781","CGATGGCGTACGATTC-1_3_1"
"782","CGATGGCGTCTGTCAA-1_3_1"
"783","CGATGGCTCACTGCTC-1_3_1"
"784","CGCAGGTAGAAGTCTA-1_3_1"
"785","CGCAGGTGTTGGTGTT-1_3_1"
"786","CGCAGGTTCGTTGTTT-1_3_1"
"787","CGCATAAAGTACGAGC-1_3_1"
"788","CGCATAACACTAGGCC-1_3_1"
"789","CGCATAATCGAGAGAC-1_3_1"
"790","CGCATGGCAAACTCTG-1_3_1"
"791","CGCATGGGTCATACCA-1_3_1"
"792","CGCATGGGTGCATCTA-1_3_1"
"793","CGCATGGGTGGCACTC-1_3_1"
"794","CGCCAGAAGACCTCAT-1_3_1"
"795","CGCCAGACAACTGTGT-1_3_1"
"796","CGCCAGACAGTCGGAA-1_3_1"
"797","CGCCATTCATTACGGT-1_3_1"
"798","CGCGTGAAGCCGATTT-1_3_1"
"799","CGGAACCGTGACAGCA-1_3_1"
"800","CGGAACCTCTATCGGA-1_3_1"
"801","CGGAATTCAGAGTCTT-1_3_1"
"802","CGGAATTTCCTTCGAC-1_3_1"
"803","CGGAATTTCTGGCTGG-1_3_1"
"804","CGGACACAGTGCTAGG-1_3_1"
"805","CGGACACCAGATAAAC-1_3_1"
"806","CGGACACGTACGGGAT-1_3_1"
"807","CGGACACGTTGCCGAC-1_3_1"
"808","CGGACACTCCACGGGT-1_3_1"
"809","CGGACACTCGCCTTGT-1_3_1"
"810","CGGAGAAGTTCGTAAC-1_3_1"
"811","CGGCAGTCATAGCACT-1_3_1"
"812","CGGCAGTGTTCAATCG-1_3_1"
"813","CGGGACTCATAACCCA-1_3_1"
"814","CGGGACTGTTAGAGTA-1_3_1"
"815","CGGGACTTCAGCAATC-1_3_1"
"816","CGGGCATAGTGAATAC-1_3_1"
"817","CGGGTCAAGCTGACCC-1_3_1"
"818","CGGGTCAAGGGTATAT-1_3_1"
"819","CGGGTGTAGGGAACAA-1_3_1"
"820","CGGGTGTTCAGTGTTG-1_3_1"
"821","CGGTCAGCACTACACA-1_3_1"
"822","CGTAAGTTCGAGTACT-1_3_1"
"823","CGTAATGAGTTACTCG-1_3_1"
"824","CGTAATGCATAACTCG-1_3_1"
"825","CGTAATGTCGACCATA-1_3_1"
"826","CGTAATGTCGAGCACC-1_3_1"
"827","CGTAGTAAGTGGTTAA-1_3_1"
"828","CGTAGTAGTGTCGCTG-1_3_1"
"829","CGTAGTATCGGTCAGC-1_3_1"
"830","CGTCAAAGTCTAGATC-1_3_1"
"831","CGTCAAATCATGGTAC-1_3_1"
"832","CGTCAAATCCACAGGC-1_3_1"
"833","CGTCAAATCCCGTTCA-1_3_1"
"834","CGTCCATAGCTGACAG-1_3_1"
"835","CGTCCATGTATCCCTC-1_3_1"
"836","CGTCCATTCAGTGTGT-1_3_1"
"837","CGTGAATTCACCTCGT-1_3_1"
"838","CGTGAATTCCGGGACT-1_3_1"
"839","CGTGATAAGGTAGTCG-1_3_1"
"840","CGTGATACAGCATCTA-1_3_1"
"841","CGTGATACATGACGAG-1_3_1"
"842","CGTGATACATGCTGCG-1_3_1"
"843","CGTGATAGTCCTTAAG-1_3_1"
"844","CGTGCTTCAACGACAG-1_3_1"
"845","CGTGCTTCACCTTCCA-1_3_1"
"846","CGTGCTTTCAAAGAAC-1_3_1"
"847","CGTGCTTTCAAGCCCG-1_3_1"
"848","CGTTAGAAGTAACCGG-1_3_1"
"849","CGTTCTGAGATGTAGT-1_3_1"
"850","CGTTCTGTCATGAGAA-1_3_1"
"851","CGTTCTGTCGCTGTCT-1_3_1"
"852","CGTTGGGGTAACCCTA-1_3_1"
"853","CTAACCCCAACACGAG-1_3_1"
"854","CTAACCCCACTCTGCT-1_3_1"
"855","CTAACCCGTTTCGACA-1_3_1"
"856","CTAACTTGTCCACACG-1_3_1"
"857","CTAAGTGAGCCATGCC-1_3_1"
"858","CTAAGTGCAAAGAGTT-1_3_1"
"859","CTAAGTGGTCGGCTAC-1_3_1"
"860","CTAAGTGTCTTCGTAT-1_3_1"
"861","CTACAGAAGCTAAATG-1_3_1"
"862","CTACAGATCACGGACC-1_3_1"
"863","CTACATTAGAGCAGCT-1_3_1"
"864","CTACCCAAGGTGTGAC-1_3_1"
"865","CTACCCATCTACCACC-1_3_1"
"866","CTACCTGCAATGTCTG-1_3_1"
"867","CTACCTGCAGCGAGTA-1_3_1"
"868","CTACCTGGTATCTCGA-1_3_1"
"869","CTACCTGGTTGCGTAT-1_3_1"
"870","CTACTATCACTTACAG-1_3_1"
"871","CTACTATCAGAGTTCT-1_3_1"
"872","CTACTATGTGCCCAGT-1_3_1"
"873","CTACTATGTGTCTCCT-1_3_1"
"874","CTAGACAAGATGATTG-1_3_1"
"875","CTAGACAAGGACTTCT-1_3_1"
"876","CTAGACACACTAAACC-1_3_1"
"877","CTAGACACATTCAGGT-1_3_1"
"878","CTAGACAGTCCGGACT-1_3_1"
"879","CTAGGTACACACCTGG-1_3_1"
"880","CTAGGTAGTGTAAACA-1_3_1"
"881","CTAGGTATCTCACTCG-1_3_1"
"882","CTATAGGAGGTTTGAA-1_3_1"
"883","CTATAGGAGTGAACAT-1_3_1"
"884","CTATAGGTCTTCCAGC-1_3_1"
"885","CTATCCGCAATTCACG-1_3_1"
"886","CTATCCGTCAGATGCT-1_3_1"
"887","CTATCTACAAGAGATT-1_3_1"
"888","CTATCTACAGCCTACG-1_3_1"
"889","CTATCTACAGTCGGAA-1_3_1"
"890","CTATCTACATCCTATT-1_3_1"
"891","CTATCTATCATTGTTC-1_3_1"
"892","CTCAACCAGGTAAGTT-1_3_1"
"893","CTCAAGAGTACACTCA-1_3_1"
"894","CTCAAGAGTCGCGTTG-1_3_1"
"895","CTCAATTTCTCGGTCT-1_3_1"
"896","CTCACTGCAGGGTTGA-1_3_1"
"897","CTCAGAAAGACATGCG-1_3_1"
"898","CTCAGAAAGGCTGGAT-1_3_1"
"899","CTCAGTCCAATCAAGA-1_3_1"
"900","CTCAGTCGTGTGCTTA-1_3_1"
"901","CTCAGTCTCGCAGAGA-1_3_1"
"902","CTCATCGTCAACGTGT-1_3_1"
"903","CTCCAACAGTAATTGG-1_3_1"
"904","CTCCAACCATTCAGCA-1_3_1"
"905","CTCCAACTCGCAGAGA-1_3_1"
"906","CTCCACAGTGGACCTC-1_3_1"
"907","CTCCATGAGCATGTTC-1_3_1"
"908","CTCCATGGTGCATACT-1_3_1"
"909","CTCCCAAAGATAGCTA-1_3_1"
"910","CTCCCAACAAATAGCA-1_3_1"
"911","CTCCCAATCCCTATTA-1_3_1"
"912","CTCCCAATCCTAGAGT-1_3_1"
"913","CTCCCTCAGAGGTATT-1_3_1"
"914","CTCCCTCCACCCATAA-1_3_1"
"915","CTCCGATAGACTAAGT-1_3_1"
"916","CTCCGATCACTTGACA-1_3_1"
"917","CTCCGATGTACTAAGA-1_3_1"
"918","CTCCTTTCATCCTAAG-1_3_1"
"919","CTCCTTTCATGCGTGC-1_3_1"
"920","CTCCTTTGTAGCTAAA-1_3_1"
"921","CTCTCAGGTTACTCAG-1_3_1"
"922","CTCTCGATCTATGCCC-1_3_1"
"923","CTCTGGTAGCCGCTTG-1_3_1"
"924","CTGAATGCAACTGCCG-1_3_1"
"925","CTGAATGGTAGAGATT-1_3_1"
"926","CTGAATGGTCCCTGAG-1_3_1"
"927","CTGAATGGTCGCAACC-1_3_1"
"928","CTGAATGTCAGCTGTA-1_3_1"
"929","CTGAGCGAGTCCCTAA-1_3_1"
"930","CTGAGGCGTACAACGG-1_3_1"
"931","CTGCAGGAGGAACGCT-1_3_1"
"932","CTGCAGGGTGACGTCC-1_3_1"
"933","CTGCAGGTCGCCAACG-1_3_1"
"934","CTGCATCAGTGCGACA-1_3_1"
"935","CTGCATCCATTGCTTT-1_3_1"
"936","CTGCATCGTACGCTTA-1_3_1"
"937","CTGCATCGTGCCCTTT-1_3_1"
"938","CTGCATCTCGGTATGT-1_3_1"
"939","CTGCCATAGGTCACAG-1_3_1"
"940","CTGCCATCAAACACCT-1_3_1"
"941","CTGCCATTCACCCTTG-1_3_1"
"942","CTGCCATTCCTACTGC-1_3_1"
"943","CTGCCATTCGGAGCAA-1_3_1"
"944","CTGCCATTCTGGACCG-1_3_1"
"945","CTGCCTAGTCCTCCTA-1_3_1"
"946","CTGCCTAGTTCCGTTC-1_3_1"
"947","CTGCTCAAGCCATTCA-1_3_1"
"948","CTGCTCAGTGATACAA-1_3_1"
"949","CTGGACGAGTAAACTG-1_3_1"
"950","CTGGACGGTACTCCGG-1_3_1"
"951","CTGGACGTCTCTGGTC-1_3_1"
"952","CTGGCAGCAACCCTCT-1_3_1"
"953","CTGGTCTGTGGAAGTC-1_3_1"
"954","CTGGTCTGTTGTACGT-1_3_1"
"955","CTGTACCGTGACGCCT-1_3_1"
"956","CTGTACCTCCCAGCGA-1_3_1"
"957","CTGTATTCATCATCTT-1_3_1"
"958","CTGTATTCATCCAATG-1_3_1"
"959","CTGTATTGTACAAGCG-1_3_1"
"960","CTGTCGTCACACGGTC-1_3_1"
"961","CTGTGAACAAATACGA-1_3_1"
"962","CTGTGAATCGGAACTT-1_3_1"
"963","CTTACCGAGCAGGGAG-1_3_1"
"964","CTTAGGAAGGTTAAAC-1_3_1"
"965","CTTAGGAGTAGCTGAG-1_3_1"
"966","CTTAGGAGTGTAGCAG-1_3_1"
"967","CTTCAATAGCATGCGA-1_3_1"
"968","CTTCAATCAAGTTGGG-1_3_1"
"969","CTTCAATTCAGACCTA-1_3_1"
"970","CTTCCGACAATCGCAT-1_3_1"
"971","CTTCCGAGTGTACATC-1_3_1"
"972","CTTCGGTGTCATATGC-1_3_1"
"973","CTTCGGTGTCTAACGT-1_3_1"
"974","CTTCGGTTCAAATGAG-1_3_1"
"975","CTTCTAATCACCTTAT-1_3_1"
"976","CTTCTAATCCGATAGT-1_3_1"
"977","CTTCTCTCAGAGTTGG-1_3_1"
"978","CTTCTCTGTATCGTGT-1_3_1"
"979","CTTCTCTGTGGAAATT-1_3_1"
"980","CTTCTCTTCCATAGAC-1_3_1"
"981","CTTGAGAGTACCGCGT-1_3_1"
"982","CTTGAGAGTAGCGAGT-1_3_1"
"983","CTTGAGAGTCGGCACT-1_3_1"
"984","CTTGAGATCCGTTTCG-1_3_1"
"985","CTTGATTAGCCTCTTC-1_3_1"
"986","CTTGATTCACTTGAAC-1_3_1"
"987","CTTGATTCAGTGTGGA-1_3_1"
"988","CTTTCAACACTGTGTA-1_3_1"
"989","CTTTCGGCACATATGC-1_3_1"
"990","CTTTCGGCAGAGTTGG-1_3_1"
"991","CTTTCGGTCCGGCAAC-1_3_1"
"992","GAAACCTAGAGGGTCT-1_3_1"
"993","GAAACCTCATGACTCA-1_3_1"
"994","GAAACCTGTCACTACA-1_3_1"
"995","GAAACCTGTGCGACAA-1_3_1"
"996","GAAACCTGTGTGAGCA-1_3_1"
"997","GAACACTCACGGGTAA-1_3_1"
"998","GAACACTCAGACAAGC-1_3_1"
"999","GAACACTGTTTCACAG-1_3_1"
"1000","GAACGTTCACGACAGA-1_3_1"
"1001","GAACGTTGTGTATTGC-1_3_1"
"1002","GAACTGTCAATCTCGA-1_3_1"
"1003","GAACTGTCACCCATAA-1_3_1"
"1004","GAACTGTTCGCCGAGT-1_3_1"
"1005","GAAGAATAGTGCAGGT-1_3_1"
"1006","GAAGCCCAGCGACTTT-1_3_1"
"1007","GAAGCCCCAGACCATT-1_3_1"
"1008","GAAGCCCCAGAGATTA-1_3_1"
"1009","GAAGCCCGTTCGGTAT-1_3_1"
"1010","GAAGCGACAGAAGTGC-1_3_1"
"1011","GAAGCGACAGGCATGA-1_3_1"
"1012","GAAGCGAGTCACCGCA-1_3_1"
"1013","GAAGCGATCAAGCCCG-1_3_1"
"1014","GAAGGACCACTGAGGA-1_3_1"
"1015","GAAGGACCATAGTCAC-1_3_1"
"1016","GAAGTAAAGCGAAACC-1_3_1"
"1017","GAATAGAAGCCTCAAT-1_3_1"
"1018","GAATAGACAAGTTCGT-1_3_1"
"1019","GAATAGACATGACAAA-1_3_1"
"1020","GAATCACTCAGCTCTC-1_3_1"
"1021","GAATCGTAGAGTCACG-1_3_1"
"1022","GAATCGTAGGTTGGAC-1_3_1"
"1023","GAATCGTTCCCTTGTG-1_3_1"
"1024","GACACGCAGTTGCCTA-1_3_1"
"1025","GACACGCCATAGCTGT-1_3_1"
"1026","GACAGCCCAAGAGAGA-1_3_1"
"1027","GACAGCCCAAGCGAAC-1_3_1"
"1028","GACAGCCCAGTTACCA-1_3_1"
"1029","GACATCATCCGATCGG-1_3_1"
"1030","GACCAATAGGAACGTC-1_3_1"
"1031","GACCAATTCTCAATCT-1_3_1"
"1032","GACCGTGAGAGTGTTA-1_3_1"
"1033","GACCGTGGTGCCTTTC-1_3_1"
"1034","GACCGTGTCCATTTAC-1_3_1"
"1035","GACCGTGTCGCTCCTA-1_3_1"
"1036","GACGTTAAGTGTAGTA-1_3_1"
"1037","GACGTTACAGGGAGAG-1_3_1"
"1038","GACGTTACAGTGGGTA-1_3_1"
"1039","GACTCAAAGCCTATCA-1_3_1"
"1040","GACTCAACAACTGAAA-1_3_1"
"1041","GACTCAAGTGCTGTCG-1_3_1"
"1042","GACTCAATCCATCTCG-1_3_1"
"1043","GACTCTCAGAATCGTA-1_3_1"
"1044","GACTCTCAGTCCTACA-1_3_1"
"1045","GACTCTCCAAGTGTCT-1_3_1"
"1046","GACTCTCTCACGGACC-1_3_1"
"1047","GACTCTCTCTACGCAA-1_3_1"
"1048","GACTGATAGGTCTACT-1_3_1"
"1049","GACTGATCAGGTCCGT-1_3_1"
"1050","GACTGATCAGTTCACA-1_3_1"
"1051","GACTGATTCATGCATG-1_3_1"
"1052","GACTGATTCGAGAAAT-1_3_1"
"1053","GACTTCCCACTCCACT-1_3_1"
"1054","GAGAAATAGCTTCGTA-1_3_1"
"1055","GAGAAATCAGTTTGGT-1_3_1"
"1056","GAGAAATCATGCAGCC-1_3_1"
"1057","GAGAAATGTCGACGCT-1_3_1"
"1058","GAGAAATGTTGTCATG-1_3_1"
"1059","GAGAAATTCCGCTAGG-1_3_1"
"1060","GAGACCCAGGGATCGT-1_3_1"
"1061","GAGACCCCATCCGAAT-1_3_1"
"1062","GAGACCCCATGACGAG-1_3_1"
"1063","GAGACCCTCCCGAACG-1_3_1"
"1064","GAGACTTCACAGCCAC-1_3_1"
"1065","GAGACTTCATGTGCTA-1_3_1"
"1066","GAGACTTGTCCGGACT-1_3_1"
"1067","GAGATGGCACTTGAGT-1_3_1"
"1068","GAGATGGTCCCGTTGT-1_3_1"
"1069","GAGCCTGAGTGGTTGG-1_3_1"
"1070","GAGCCTGGTTGTGGCC-1_3_1"
"1071","GAGCCTGTCTGAATGC-1_3_1"
"1072","GAGCTGCGTAATCAGA-1_3_1"
"1073","GAGCTGCTCCTTATCA-1_3_1"
"1074","GAGGCAAAGAAAGTCT-1_3_1"
"1075","GAGGCAAAGAACGCGT-1_3_1"
"1076","GAGGCAACAATAGTCC-1_3_1"
"1077","GAGGCAAGTACAAAGT-1_3_1"
"1078","GAGGCCTAGCTGAGCA-1_3_1"
"1079","GAGGCCTGTATGGAAT-1_3_1"
"1080","GAGGGATCAATCGTCA-1_3_1"
"1081","GAGGGATGTGGCCACT-1_3_1"
"1082","GAGGGTATCAAGGACG-1_3_1"
"1083","GAGTCATAGGGCAATC-1_3_1"
"1084","GAGTCATGTCGTACTA-1_3_1"
"1085","GAGTCATTCCGCAACG-1_3_1"
"1086","GAGTGTTAGATGCTAA-1_3_1"
"1087","GAGTGTTCAGGACGAT-1_3_1"
"1088","GAGTGTTTCCGCAGTG-1_3_1"
"1089","GAGTTACTCATAGAGA-1_3_1"
"1090","GAGTTACTCCTTGGAA-1_3_1"
"1091","GAGTTGTTCCTTCTAA-1_3_1"
"1092","GAGTTTGAGACCATAA-1_3_1"
"1093","GAGTTTGCAAACCGGA-1_3_1"
"1094","GATAGCTAGACCTGGA-1_3_1"
"1095","GATAGCTAGCGTGCTC-1_3_1"
"1096","GATAGCTCAATGAACA-1_3_1"
"1097","GATCACAAGTAGGATT-1_3_1"
"1098","GATCACACAAGGTACG-1_3_1"
"1099","GATCACAGTACAATAG-1_3_1"
"1100","GATCACAGTGGTCTTA-1_3_1"
"1101","GATCACATCTCTAAGG-1_3_1"
"1102","GATCAGTAGGAGGTTC-1_3_1"
"1103","GATCAGTAGGCTAACG-1_3_1"
"1104","GATCCCTCACCTGCGA-1_3_1"
"1105","GATCCCTTCAAACGAA-1_3_1"
"1106","GATCGTAAGACGAAGA-1_3_1"
"1107","GATCGTAAGGTGGCTA-1_3_1"
"1108","GATCGTACAACCACAT-1_3_1"
"1109","GATCGTAGTTTGAAAG-1_3_1"
"1110","GATCGTATCTTGATTC-1_3_1"
"1111","GATGACTCAAGTGTCT-1_3_1"
"1112","GATGAGGCACGGGTAA-1_3_1"
"1113","GATGAGGCATGTTACG-1_3_1"
"1114","GATGAGGTCAAGATAG-1_3_1"
"1115","GATGAGGTCGGCCAAC-1_3_1"
"1116","GATGATCAGAAAGCGA-1_3_1"
"1117","GATGATCGTCCAGGTC-1_3_1"
"1118","GATGATCGTGGTATGG-1_3_1"
"1119","GATGATCTCTCAGAAC-1_3_1"
"1120","GATGCTAAGAACTCCT-1_3_1"
"1121","GATGCTAAGTTGAAAC-1_3_1"
"1122","GATGCTAGTCAAGGCA-1_3_1"
"1123","GATGCTATCAACTACG-1_3_1"
"1124","GATGCTATCATTTACC-1_3_1"
"1125","GATGCTATCGCTAATG-1_3_1"
"1126","GATGGAGAGTCAGGGT-1_3_1"
"1127","GATGTTGTCTACCAGA-1_3_1"
"1128","GATTCGAAGCTGTTCA-1_3_1"
"1129","GATTCGACATCTTAGG-1_3_1"
"1130","GATTCGAGTACAGTAA-1_3_1"
"1131","GATTCTTCATTGCCGG-1_3_1"
"1132","GATTGGTAGCGTTACT-1_3_1"
"1133","GATTGGTAGCTCGTGC-1_3_1"
"1134","GATTGGTCAGCCGTTG-1_3_1"
"1135","GATTGGTGTAGACACG-1_3_1"
"1136","GATTGGTTCATCTGTT-1_3_1"
"1137","GATTGGTTCGCTAAAC-1_3_1"
"1138","GATTTCTAGTTGTAGA-1_3_1"
"1139","GATTTCTGTCCTTAAG-1_3_1"
"1140","GCACATAAGAGTCTTC-1_3_1"
"1141","GCACATAAGCTCCGAC-1_3_1"
"1142","GCACATAGTCAGGAGT-1_3_1"
"1143","GCACGGTCACGTGTGC-1_3_1"
"1144","GCACTAAAGCAAGTGC-1_3_1"
"1145","GCACTAAAGCGACTAG-1_3_1"
"1146","GCACTAAAGGACTAAT-1_3_1"
"1147","GCACTAAGTCGCACGT-1_3_1"
"1148","GCACTAATCACATTGG-1_3_1"
"1149","GCAGCCAAGATCGCTT-1_3_1"
"1150","GCAGCCATCTGTGCTC-1_3_1"
"1151","GCAGGCTAGACTTGTC-1_3_1"
"1152","GCAGGCTTCTGTTGGA-1_3_1"
"1153","GCAGTTAAGAGAGTGA-1_3_1"
"1154","GCATCGGCAGTCTACA-1_3_1"
"1155","GCATCGGTCCACGTGG-1_3_1"
"1156","GCATGATCAACAGCTT-1_3_1"
"1157","GCATTAGCAAGCAGGT-1_3_1"
"1158","GCATTAGCAGACGGAT-1_3_1"
"1159","GCATTAGTCCCACAGG-1_3_1"
"1160","GCCAACGCAGCATGCC-1_3_1"
"1161","GCCAACGGTCGTACAT-1_3_1"
"1162","GCCAGCACAAATCAGA-1_3_1"
"1163","GCCAGGTCAAATACAG-1_3_1"
"1164","GCCAGGTCATGACCCG-1_3_1"
"1165","GCCAGTGCACCTCTGT-1_3_1"
"1166","GCCAGTGCAGGTGGAT-1_3_1"
"1167","GCCAGTGTCCTGGGAC-1_3_1"
"1168","GCCATGGAGTCGAGGT-1_3_1"
"1169","GCCATTCAGTGAGGCT-1_3_1"
"1170","GCCCGAAGTCTCCCTA-1_3_1"
"1171","GCCGATGGTCGCTTAA-1_3_1"
"1172","GCCGATGGTCTTAGTG-1_3_1"
"1173","GCCGATGGTGACAGGT-1_3_1"
"1174","GCCGATGGTGACGCCT-1_3_1"
"1175","GCCGATGTCAAAGCCT-1_3_1"
"1176","GCCGATGTCGTTAGTG-1_3_1"
"1177","GCCGTGAAGGTACATA-1_3_1"
"1178","GCCTGTTAGAGTATAC-1_3_1"
"1179","GCCTGTTCAATCTCGA-1_3_1"
"1180","GCGAGAATCGCTGCGA-1_3_1"
"1181","GCGATCGGTACACGCC-1_3_1"
"1182","GCGATCGTCAAGCCCG-1_3_1"
"1183","GCGATCGTCCCTCAAC-1_3_1"
"1184","GCGGAAAAGATGTAGT-1_3_1"
"1185","GCGGAAAAGGATGTTA-1_3_1"
"1186","GCGGATCAGATTAGCA-1_3_1"
"1187","GCGGATCCATCTCCCA-1_3_1"
"1188","GCGGATCCATGCTGCG-1_3_1"
"1189","GCGTTTCGTAGGAAAG-1_3_1"
"1190","GCTACAAAGTGATAGT-1_3_1"
"1191","GCTACCTCACGCAGTC-1_3_1"
"1192","GCTCAAAAGGCCTTGC-1_3_1"
"1193","GCTCAAACAGCCATTA-1_3_1"
"1194","GCTCAAAGTTTCTATC-1_3_1"
"1195","GCTCAAATCTATTTCG-1_3_1"
"1196","GCTCAAATCTCCTGCA-1_3_1"
"1197","GCTGAATAGTGTAGAT-1_3_1"
"1198","GCTGAATCAATATCCG-1_3_1"
"1199","GCTGAATTCACGTCCT-1_3_1"
"1200","GCTGAATTCACTTGTT-1_3_1"
"1201","GCTGCAGCAAGATGTA-1_3_1"
"1202","GCTGCAGTCGAACGCC-1_3_1"
"1203","GCTGGGTGTCTCTCCA-1_3_1"
"1204","GCTTCACCACTTGGGC-1_3_1"
"1205","GCTTCACGTACTGTTG-1_3_1"
"1206","GCTTCACGTGCGGCTT-1_3_1"
"1207","GCTTGGGAGCCATATC-1_3_1"
"1208","GCTTGGGGTAGAGCTG-1_3_1"
"1209","GCTTGGGGTAGTCACT-1_3_1"
"1210","GCTTTCGAGGTTACCT-1_3_1"
"1211","GCTTTCGAGTATGGCG-1_3_1"
"1212","GCTTTCGTCATAGGCT-1_3_1"
"1213","GGAACCCCATCATCCC-1_3_1"
"1214","GGAACCCTCACTGCTC-1_3_1"
"1215","GGAACCCTCTCCGAGG-1_3_1"
"1216","GGAAGTGAGTCAGAGC-1_3_1"
"1217","GGAAGTGCAGTCTGGC-1_3_1"
"1218","GGAAGTGGTCTTCAAG-1_3_1"
"1219","GGAATCTAGACTCAAA-1_3_1"
"1220","GGAATCTAGATGTAGT-1_3_1"
"1221","GGAATCTAGGGTTAAT-1_3_1"
"1222","GGAATGGAGAAAGTCT-1_3_1"
"1223","GGAATGGAGGATTCCT-1_3_1"
"1224","GGACGTCGTAGCTGCC-1_3_1"
"1225","GGACGTCTCCAACTAG-1_3_1"
"1226","GGAGATGAGTCACAGG-1_3_1"
"1227","GGAGATGCAGTGGGTA-1_3_1"
"1228","GGAGCAATCGCAATTG-1_3_1"
"1229","GGAGGATGTATCTCTT-1_3_1"
"1230","GGAGGATTCGAGGCAA-1_3_1"
"1231","GGAGGTACACGCTTAA-1_3_1"
"1232","GGAGGTAGTGAATTGA-1_3_1"
"1233","GGATCTACAGGCACTC-1_3_1"
"1234","GGATCTATCACTGGGC-1_3_1"
"1235","GGATGTTCAGCAGGAT-1_3_1"
"1236","GGATGTTGTGATACCT-1_3_1"
"1237","GGATGTTGTTTGACAC-1_3_1"
"1238","GGATGTTTCAATCAGC-1_3_1"
"1239","GGATGTTTCCTGTAGA-1_3_1"
"1240","GGCACGTAGCCAGAGT-1_3_1"
"1241","GGCACGTGTTCTCCCA-1_3_1"
"1242","GGCAGTCAGATGCTTC-1_3_1"
"1243","GGCAGTCCAAAGTATG-1_3_1"
"1244","GGCGTCAAGTGGCCTC-1_3_1"
"1245","GGCGTCAGTGAGCAGT-1_3_1"
"1246","GGCGTCAGTGGCTCTG-1_3_1"
"1247","GGCGTCATCATAAGGA-1_3_1"
"1248","GGCTGTGGTATTGCCA-1_3_1"
"1249","GGCTGTGTCAAGTCGT-1_3_1"
"1250","GGCTTGGAGTAGGATT-1_3_1"
"1251","GGCTTTCGTCGAAACG-1_3_1"
"1252","GGCTTTCTCACTCTTA-1_3_1"
"1253","GGGACAATCGATGGAG-1_3_1"
"1254","GGGACCTAGGCCGCTT-1_3_1"
"1255","GGGACCTTCTACTGCC-1_3_1"
"1256","GGGACTCGTATGTCTG-1_3_1"
"1257","GGGACTCTCAACCTTT-1_3_1"
"1258","GGGAGATGTTGGACTT-1_3_1"
"1259","GGGAGTATCCTGATAG-1_3_1"
"1260","GGGAGTATCTGTCGCT-1_3_1"
"1261","GGGATCCAGCATCAAA-1_3_1"
"1262","GGGATCCCATGATAGA-1_3_1"
"1263","GGGATCCCATGTGACT-1_3_1"
"1264","GGGATCCTCAAGAATG-1_3_1"
"1265","GGGATCCTCCACACCT-1_3_1"
"1266","GGGCCATAGCGTCTGC-1_3_1"
"1267","GGGCCATTCGGCATTA-1_3_1"
"1268","GGGCGTTAGGATAATC-1_3_1"
"1269","GGGCGTTGTGATTCTG-1_3_1"
"1270","GGGCTACCACGACAGA-1_3_1"
"1271","GGGCTACCATATGGCT-1_3_1"
"1272","GGGTAGATCGTGCGAC-1_3_1"
"1273","GGGTATTGTGGCTAGA-1_3_1"
"1274","GGGTCACGTGGCCTCA-1_3_1"
"1275","GGGTCACTCTAGACCA-1_3_1"
"1276","GGGTCTGCAAATCGTC-1_3_1"
"1277","GGGTGAAAGACGTCCC-1_3_1"
"1278","GGGTGAACAGCACCCA-1_3_1"
"1279","GGGTGAACAGCCATTA-1_3_1"
"1280","GGGTGAAGTACGGCAA-1_3_1"
"1281","GGGTGTCCATATGGCT-1_3_1"
"1282","GGGTGTCCATGACGGA-1_3_1"
"1283","GGGTGTCTCCGTGCGA-1_3_1"
"1284","GGGTTATAGATCGCCC-1_3_1"
"1285","GGGTTATAGCAATTAG-1_3_1"
"1286","GGGTTATAGCCATCCG-1_3_1"
"1287","GGGTTATAGCTAGAAT-1_3_1"
"1288","GGGTTTACAATGACCT-1_3_1"
"1289","GGTAACTCAGCTACTA-1_3_1"
"1290","GGTAACTTCAGGAACG-1_3_1"
"1291","GGTAATCGTGGATCGA-1_3_1"
"1292","GGTAGAGAGATCCAAA-1_3_1"
"1293","GGTAGAGGTGTGAGCA-1_3_1"
"1294","GGTCACGCAAAGGTTA-1_3_1"
"1295","GGTCACGGTCACCCTT-1_3_1"
"1296","GGTCACGGTGGGCTTC-1_3_1"
"1297","GGTCACGGTTAGGCCC-1_3_1"
"1298","GGTGAAGAGCAGCACA-1_3_1"
"1299","GGTGAAGAGTGGCCTC-1_3_1"
"1300","GGTGAAGCATGCCGAC-1_3_1"
"1301","GGTGAAGTCGGACTGC-1_3_1"
"1302","GGTGATTAGGTATCTC-1_3_1"
"1303","GGTGATTGTATCGTGT-1_3_1"
"1304","GGTGATTGTTGTGCCG-1_3_1"
"1305","GGTGGCTAGGAAGTGA-1_3_1"
"1306","GGTGTCGAGATCCCGC-1_3_1"
"1307","GGTGTCGCAGAACTAA-1_3_1"
"1308","GGTGTCGTCGCGTGCA-1_3_1"
"1309","GGTGTTAAGCTCATAC-1_3_1"
"1310","GGTGTTATCGCCTTTG-1_3_1"
"1311","GGTTAACAGATGATTG-1_3_1"
"1312","GGTTAACCAACTGCTA-1_3_1"
"1313","GGTTAACTCCGAACGC-1_3_1"
"1314","GGTTAACTCTCCGTGT-1_3_1"
"1315","GGTTCTCAGACTAAGT-1_3_1"
"1316","GGTTCTCGTCATCGGC-1_3_1"
"1317","GGTTGTACACTAACCA-1_3_1"
"1318","GGTTGTATCTCAACGA-1_3_1"
"1319","GGTTGTATCTCCAAGA-1_3_1"
"1320","GTAACACAGCATCTTG-1_3_1"
"1321","GTAACACAGTCAGCGA-1_3_1"
"1322","GTAACACCACATGACT-1_3_1"
"1323","GTAACACTCGTAACAC-1_3_1"
"1324","GTAACCAAGACTGTTC-1_3_1"
"1325","GTAACCAGTACAGTAA-1_3_1"
"1326","GTAACCAGTCAACATC-1_3_1"
"1327","GTAAGTCCACTATGTG-1_3_1"
"1328","GTAAGTCTCATGAGTC-1_3_1"
"1329","GTAATCGAGGTCATTC-1_3_1"
"1330","GTAATCGTCGCTAAAC-1_3_1"
"1331","GTAATCGTCTTGGATG-1_3_1"
"1332","GTAATGCAGAGCTTTC-1_3_1"
"1333","GTAATGCTCTGCAGCG-1_3_1"
"1334","GTACAACTCGAGTACT-1_3_1"
"1335","GTACAGTAGGTGCCAA-1_3_1"
"1336","GTACAGTCATGGCCCA-1_3_1"
"1337","GTACAGTGTACAGAAT-1_3_1"
"1338","GTACAGTGTAGACAGC-1_3_1"
"1339","GTACAGTTCTAAGCGT-1_3_1"
"1340","GTAGAGGAGAAATCCA-1_3_1"
"1341","GTAGAGGTCGCTAAAC-1_3_1"
"1342","GTAGATCAGACGAAGA-1_3_1"
"1343","GTAGCTAAGCGTGCCT-1_3_1"
"1344","GTAGGAGAGACGATAT-1_3_1"
"1345","GTAGGAGCACTACGGC-1_3_1"
"1346","GTAGGAGGTCAGTCGC-1_3_1"
"1347","GTAGGTTTCTGATTCT-1_3_1"
"1348","GTAGTACGTGATGAAT-1_3_1"
"1349","GTAGTACTCATTGCTT-1_3_1"
"1350","GTATTGGAGAGTTGTA-1_3_1"
"1351","GTATTGGAGGATTCAA-1_3_1"
"1352","GTATTGGCAGGTAGTG-1_3_1"
"1353","GTATTGGGTCACGCTG-1_3_1"
"1354","GTATTTCAGAGCATCG-1_3_1"
"1355","GTATTTCTCCTAAACG-1_3_1"
"1356","GTATTTCTCCTAGCTC-1_3_1"
"1357","GTCAAACCAACTCGAT-1_3_1"
"1358","GTCAAACCAGCTCCTT-1_3_1"
"1359","GTCAAGTTCTGAACGT-1_3_1"
"1360","GTCACGGAGTCCCTAA-1_3_1"
"1361","GTCACGGCACTATGTG-1_3_1"
"1362","GTCACGGTCAGGAAAT-1_3_1"
"1363","GTCACGGTCGGTAGGA-1_3_1"
"1364","GTCAGCGAGTAGTCTC-1_3_1"
"1365","GTCAGCGGTCGTCATA-1_3_1"
"1366","GTCATCCCAAAGCACG-1_3_1"
"1367","GTCATCCCAATAGGAT-1_3_1"
"1368","GTCATTTTCGTGGCTG-1_3_1"
"1369","GTCCACTTCGAGATAA-1_3_1"
"1370","GTCCACTTCGCGTGAC-1_3_1"
"1371","GTCCCATCATGGAAGC-1_3_1"
"1372","GTCCTCAAGATTTGCC-1_3_1"
"1373","GTCCTCACAACCCGCA-1_3_1"
"1374","GTCCTCATCCGAACGC-1_3_1"
"1375","GTCGAATGTCAGATTC-1_3_1"
"1376","GTCGCGACAGCCCACA-1_3_1"
"1377","GTCGCGAGTGTCATTG-1_3_1"
"1378","GTCGCGAGTTGGCTAT-1_3_1"
"1379","GTCGCGAGTTTACACG-1_3_1"
"1380","GTCGTAAGTGGATACG-1_3_1"
"1381","GTCGTAATCCAGTGCG-1_3_1"
"1382","GTCGTAATCTTGGAAC-1_3_1"
"1383","GTCGTTCAGCCGTTGC-1_3_1"
"1384","GTCTACCAGGTAAGGA-1_3_1"
"1385","GTCTACCCAATTGCAC-1_3_1"
"1386","GTCTACCGTTCCACGG-1_3_1"
"1387","GTCTACCTCATGTCAG-1_3_1"
"1388","GTCTCACTCCAGCACG-1_3_1"
"1389","GTCTGTCGTCGGTGAA-1_3_1"
"1390","GTCTGTCGTGCCGTTG-1_3_1"
"1391","GTCTGTCTCTGTGTGA-1_3_1"
"1392","GTCTTTAAGGCACTCC-1_3_1"
"1393","GTCTTTAGTCATCAGT-1_3_1"
"1394","GTCTTTATCAAACGAA-1_3_1"
"1395","GTGACGCAGGTTCAGG-1_3_1"
"1396","GTGACGCCATGTTCGA-1_3_1"
"1397","GTGAGCCAGAGTGGCT-1_3_1"
"1398","GTGAGCCCATGCCGGT-1_3_1"
"1399","GTGAGCCGTTCTGACA-1_3_1"
"1400","GTGAGGACATTGAGCT-1_3_1"
"1401","GTGAGGATCCGCATAA-1_3_1"
"1402","GTGAGTTCACAAATGA-1_3_1"
"1403","GTGATGTCAATCGCCG-1_3_1"
"1404","GTGATGTTCCGAAATC-1_3_1"
"1405","GTGCACGAGATGTTGA-1_3_1"
"1406","GTGCACGCACAGAGAC-1_3_1"
"1407","GTGCACGGTGCTGTCG-1_3_1"
"1408","GTGCAGCCATCTAGAC-1_3_1"
"1409","GTGCAGCCATGAATAG-1_3_1"
"1410","GTGCAGCGTTGGACTT-1_3_1"
"1411","GTGCAGCTCCAAATGC-1_3_1"
"1412","GTGCGTGCAGGAGGAG-1_3_1"
"1413","GTGCGTGTCATCTATC-1_3_1"
"1414","GTGCTGGAGGTTACAA-1_3_1"
"1415","GTGCTGGGTGTTCGTA-1_3_1"
"1416","GTGCTTCAGTGGTTGG-1_3_1"
"1417","GTGGAAGAGGCTTTCA-1_3_1"
"1418","GTGGAAGTCTCGAACA-1_3_1"
"1419","GTGGAGAGTTCTTCAT-1_3_1"
"1420","GTGGAGAGTTGGTGTT-1_3_1"
"1421","GTGGAGATCGTACACA-1_3_1"
"1422","GTGGCGTCAATCACGT-1_3_1"
"1423","GTGGCGTGTCGTTCAA-1_3_1"
"1424","GTGGCGTGTCTCTCAC-1_3_1"
"1425","GTGTAACGTACGCTAT-1_3_1"
"1426","GTGTAACGTAGGACTG-1_3_1"
"1427","GTGTAACGTCATTGCA-1_3_1"
"1428","GTGTAACGTTCATCTT-1_3_1"
"1429","GTGTAACTCATTACCT-1_3_1"
"1430","GTGTAACTCTTCCCGA-1_3_1"
"1431","GTGTCCTAGCTGACAG-1_3_1"
"1432","GTGTGATGTGCCCAGT-1_3_1"
"1433","GTGTGGCTCCGCGAGT-1_3_1"
"1434","GTGTTCCTCGTACACA-1_3_1"
"1435","GTTACAGAGCTACTGT-1_3_1"
"1436","GTTACAGCAATGTCTG-1_3_1"
"1437","GTTACAGGTACAGAAT-1_3_1"
"1438","GTTACCCAGGGATCGT-1_3_1"
"1439","GTTACCCCAACAAAGT-1_3_1"
"1440","GTTACCCGTATCGCGC-1_3_1"
"1441","GTTAGACTCGGTTCAA-1_3_1"
"1442","GTTAGTGGTGATATAG-1_3_1"
"1443","GTTATGGAGCTACTAC-1_3_1"
"1444","GTTATGGCACGTAGAG-1_3_1"
"1445","GTTCCGTAGCACAAAT-1_3_1"
"1446","GTTCCGTTCTATTCGT-1_3_1"
"1447","GTTCGCTAGTGATAGT-1_3_1"
"1448","GTTCGCTGTGGATTTC-1_3_1"
"1449","GTTCGCTTCCAACTGA-1_3_1"
"1450","GTTCTATAGCTCACTA-1_3_1"
"1451","GTTCTATGTAGTTAGA-1_3_1"
"1452","GTTCTATGTGTATACC-1_3_1"
"1453","GTTGAACAGCGCCATC-1_3_1"
"1454","GTTGCGGTCCGACGGT-1_3_1"
"1455","GTTGCTCAGCGAACTG-1_3_1"
"1456","GTTGCTCGTGTCTAAC-1_3_1"
"1457","GTTGTAGCAACGACTT-1_3_1"
"1458","GTTGTCCCATGACTCA-1_3_1"
"1459","GTTGTGAAGCAGAAAG-1_3_1"
"1460","GTTGTGAAGCCATTCA-1_3_1"
"1461","GTTGTGATCCATGAGT-1_3_1"
"1462","GTTGTGATCTCAATCT-1_3_1"
"1463","TAACCAGAGGAGAGGC-1_3_1"
"1464","TAACCAGTCACTTGGA-1_3_1"
"1465","TAACGACCAAACAGGC-1_3_1"
"1466","TAACGACCAAGATCCT-1_3_1"
"1467","TAACTTCAGAAGCTGC-1_3_1"
"1468","TAACTTCTCGCCTAGG-1_3_1"
"1469","TAAGCACCACAGCGCT-1_3_1"
"1470","TAAGCACTCCCACAGG-1_3_1"
"1471","TAAGCACTCCTGCTAC-1_3_1"
"1472","TAAGCCATCCACGTAA-1_3_1"
"1473","TAAGCGTCAAATAAGC-1_3_1"
"1474","TAAGCGTCAGCTATTG-1_3_1"
"1475","TAAGCGTTCATTGCGA-1_3_1"
"1476","TAAGTCGGTCTTGGTA-1_3_1"
"1477","TAATCTCAGTGGTGGT-1_3_1"
"1478","TAATCTCAGTTGTACC-1_3_1"
"1479","TAATCTCCAGACTCTA-1_3_1"
"1480","TAATTCCGTAGCACAG-1_3_1"
"1481","TAATTCCTCCTATGGA-1_3_1"
"1482","TACAACGTCTAGATCG-1_3_1"
"1483","TACAGGTAGTGATAGT-1_3_1"
"1484","TACAGGTCACTCCGAG-1_3_1"
"1485","TACATTCTCCGCCTAT-1_3_1"
"1486","TACATTCTCGAAGTGG-1_3_1"
"1487","TACCCACGTGATACCT-1_3_1"
"1488","TACCCACGTGCGGTAA-1_3_1"
"1489","TACCCACTCCGTTTCG-1_3_1"
"1490","TACCCGTCAAGTTGGG-1_3_1"
"1491","TACCCGTCAGTTCTAG-1_3_1"
"1492","TACCCGTTCCTGTTAT-1_3_1"
"1493","TACCCGTTCGAAGCAG-1_3_1"
"1494","TACCTCGAGCGGGTTA-1_3_1"
"1495","TACCTCGCAAGAATGT-1_3_1"
"1496","TACCTCGGTGAGTGAC-1_3_1"
"1497","TACCTGCCATGCACTA-1_3_1"
"1498","TACCTGCGTCATAGTC-1_3_1"
"1499","TACCTGCGTCCAGGTC-1_3_1"
"1500","TACGCTCCATGATAGA-1_3_1"
"1501","TACGGGCCAAATACAG-1_3_1"
"1502","TACGGGCGTACAAACA-1_3_1"
"1503","TACGGTAAGTATGACA-1_3_1"
"1504","TACGGTAGTCCCTCAT-1_3_1"
"1505","TACGGTAGTGGACCAA-1_3_1"
"1506","TACGGTATCATTCTTG-1_3_1"
"1507","TACGGTATCGCAGTCG-1_3_1"
"1508","TACGGTATCTGCCTGT-1_3_1"
"1509","TACGTCCCAAGAGCTG-1_3_1"
"1510","TACGTCCCAAGGGCAT-1_3_1"
"1511","TACTGCCAGGAGACCT-1_3_1"
"1512","TACTGCCTCAAACCCA-1_3_1"
"1513","TACTTACGTACCCACG-1_3_1"
"1514","TACTTACGTTAGTCGT-1_3_1"
"1515","TACTTCACAACGCCCA-1_3_1"
"1516","TACTTCACAGATGCGA-1_3_1"
"1517","TACTTCAGTAGACAAT-1_3_1"
"1518","TACTTGTAGCACGATG-1_3_1"
"1519","TACTTGTCAAGACGAC-1_3_1"
"1520","TAGACCACAGACCTAT-1_3_1"
"1521","TAGACCAGTGATCATC-1_3_1"
"1522","TAGACCAGTTAGGCCC-1_3_1"
"1523","TAGACCATCTAGACCA-1_3_1"
"1524","TAGACTGCAAGCACCC-1_3_1"
"1525","TAGACTGCATCCTTCG-1_3_1"
"1526","TAGAGTCCACAGCCAC-1_3_1"
"1527","TAGATCGAGATGTAGT-1_3_1"
"1528","TAGATCGCATACAGAA-1_3_1"
"1529","TAGATCGGTCTTGCTC-1_3_1"
"1530","TAGCACAGTATGTGTC-1_3_1"
"1531","TAGCACATCCGATAAC-1_3_1"
"1532","TAGGGTTAGTAACCTC-1_3_1"
"1533","TAGGGTTCAGTCTCTC-1_3_1"
"1534","TAGGTACAGGCGTCCT-1_3_1"
"1535","TAGGTACAGGTCGAGT-1_3_1"
"1536","TAGTGCAAGCTCTTCC-1_3_1"
"1537","TAGTGCAAGTGGTGGT-1_3_1"
"1538","TAGTGCATCTACTATC-1_3_1"
"1539","TAGTGCATCTAGCCAA-1_3_1"
"1540","TATACCTAGCACTTTG-1_3_1"
"1541","TATACCTCACAATGTC-1_3_1"
"1542","TATACCTCATCTATCT-1_3_1"
"1543","TATATCCGTCTCACAA-1_3_1"
"1544","TATATCCTCAGCTGTA-1_3_1"
"1545","TATCAGGTCTCCCATG-1_3_1"
"1546","TATCCTAAGATTGTGA-1_3_1"
"1547","TATCCTAAGTCCGCGT-1_3_1"
"1548","TATCCTAGTTATGTCG-1_3_1"
"1549","TATCCTAGTTTCGTTT-1_3_1"
"1550","TATCCTATCTTGCGCT-1_3_1"
"1551","TATCGCCAGTGGAAGA-1_3_1"
"1552","TATCTGTAGACCATGG-1_3_1"
"1553","TATCTGTAGTGCCGAA-1_3_1"
"1554","TATGTTCAGACTCTTG-1_3_1"
"1555","TATGTTCCACAAATCC-1_3_1"
"1556","TATGTTCCAGCAGTAG-1_3_1"
"1557","TATTCCACAGGTCAAG-1_3_1"
"1558","TATTCCATCCTAACAG-1_3_1"
"1559","TATTGGGCACGAAAGC-1_3_1"
"1560","TATTTCGGTGGTTTAC-1_3_1"
"1561","TCAAGACAGTGACACG-1_3_1"
"1562","TCAAGCAAGGGAGGCA-1_3_1"
"1563","TCAAGCAAGTGAGCCA-1_3_1"
"1564","TCAAGCACACAAATCC-1_3_1"
"1565","TCAAGCACAGCCGTTG-1_3_1"
"1566","TCAAGCAGTGATACCT-1_3_1"
"1567","TCAAGTGCACCCTAGG-1_3_1"
"1568","TCAAGTGTCGTTAGAC-1_3_1"
"1569","TCAATCTGTTCTCGCT-1_3_1"
"1570","TCAATTCAGAGGCCAT-1_3_1"
"1571","TCAATTCTCATTTCCA-1_3_1"
"1572","TCAATTCTCGTTAGAC-1_3_1"
"1573","TCACAAGCAGCTTTGA-1_3_1"
"1574","TCACACCTCTGGCCTT-1_3_1"
"1575","TCACATTAGAACAAGG-1_3_1"
"1576","TCACATTAGTTTGCTG-1_3_1"
"1577","TCACATTGTGACACGA-1_3_1"
"1578","TCACGCTTCAGCTGTA-1_3_1"
"1579","TCACGCTTCGACATTG-1_3_1"
"1580","TCACGGGCAGCACAGA-1_3_1"
"1581","TCACGGGGTAGGCTGA-1_3_1"
"1582","TCACGGGTCACATTGG-1_3_1"
"1583","TCACTATAGACAACTA-1_3_1"
"1584","TCACTATAGTTGCGCC-1_3_1"
"1585","TCACTATCACCGTCTT-1_3_1"
"1586","TCACTATCACTGCGAC-1_3_1"
"1587","TCACTCGCAACGCCCA-1_3_1"
"1588","TCACTCGCAGTCGAGA-1_3_1"
"1589","TCACTCGTCGTCAACA-1_3_1"
"1590","TCAGCAACAATATCCG-1_3_1"
"1591","TCAGCAACATATAGCC-1_3_1"
"1592","TCAGCAAGTCACTCGG-1_3_1"
"1593","TCAGCAATCACGATAC-1_3_1"
"1594","TCAGCCTTCAAATGAG-1_3_1"
"1595","TCAGGGCAGCCGTAAG-1_3_1"
"1596","TCAGGGCGTATGGGAC-1_3_1"
"1597","TCAGGTACAAATGAGT-1_3_1"
"1598","TCAGGTACAATTCGTG-1_3_1"
"1599","TCAGGTAGTGATACAA-1_3_1"
"1600","TCAGGTATCTCCGAGG-1_3_1"
"1601","TCAGTCCAGCACAAAT-1_3_1"
"1602","TCAGTCCAGGGTAATT-1_3_1"
"1603","TCAGTCCAGGTACTGG-1_3_1"
"1604","TCAGTCCCAATGCAAA-1_3_1"
"1605","TCAGTCCGTAGATGTA-1_3_1"
"1606","TCAGTCCGTTCGGACC-1_3_1"
"1607","TCAGTGATCATCGACA-1_3_1"
"1608","TCAGTTTAGGCCTTGC-1_3_1"
"1609","TCAGTTTAGGTAGATT-1_3_1"
"1610","TCAGTTTGTGGACCAA-1_3_1"
"1611","TCATACTAGACATGCG-1_3_1"
"1612","TCATACTCACGTAGAG-1_3_1"
"1613","TCATACTGTAACTGCT-1_3_1"
"1614","TCATACTGTCGTTATG-1_3_1"
"1615","TCATACTTCTCTAGGA-1_3_1"
"1616","TCATATCCAGGTGACA-1_3_1"
"1617","TCATATCTCCGTGGTG-1_3_1"
"1618","TCATATCTCGGCTCTT-1_3_1"
"1619","TCATATCTCTCGTCAC-1_3_1"
"1620","TCATCATAGACAAGCC-1_3_1"
"1621","TCATCATGTCACCGCA-1_3_1"
"1622","TCATCCGCAACGACAG-1_3_1"
"1623","TCATCCGGTTAGAGAT-1_3_1"
"1624","TCATCCGTCGAACACT-1_3_1"
"1625","TCATCCGTCGTTCATT-1_3_1"
"1626","TCATGAGAGGCCATAG-1_3_1"
"1627","TCATGCCTCGCACTCT-1_3_1"
"1628","TCATGCCTCTCCAATT-1_3_1"
"1629","TCATGGATCACGAACT-1_3_1"
"1630","TCATGGATCCATCACC-1_3_1"
"1631","TCATGTTCACGCCACA-1_3_1"
"1632","TCATGTTCAGCGAGTA-1_3_1"
"1633","TCATGTTGTACATTGC-1_3_1"
"1634","TCATGTTGTAGATCGG-1_3_1"
"1635","TCATTACCAACGTTAC-1_3_1"
"1636","TCATTACGTAGCGTAG-1_3_1"
"1637","TCATTACGTTGCCGCA-1_3_1"
"1638","TCATTACTCTCGGTCT-1_3_1"
"1639","TCATTCAGTCACCGCA-1_3_1"
"1640","TCATTCATCAGGTAAA-1_3_1"
"1641","TCATTGTAGCATGCAG-1_3_1"
"1642","TCATTGTTCTCCCATG-1_3_1"
"1643","TCATTTGTCAGGGTAG-1_3_1"
"1644","TCCACCAAGAATCTAG-1_3_1"
"1645","TCCACGTCAATTGAGA-1_3_1"
"1646","TCCACGTCATATCGGT-1_3_1"
"1647","TCCACGTTCCTACACC-1_3_1"
"1648","TCCAGAACATGTAACC-1_3_1"
"1649","TCCATCGAGCGATGGT-1_3_1"
"1650","TCCATGCTCTCCAAGA-1_3_1"
"1651","TCCCACAAGCACTTTG-1_3_1"
"1652","TCCCACAAGTGATGGC-1_3_1"
"1653","TCCCACACAAGCACCC-1_3_1"
"1654","TCCCACACATCCGCGA-1_3_1"
"1655","TCCCACATCACTCACC-1_3_1"
"1656","TCCCACATCCGGACGT-1_3_1"
"1657","TCCCACATCGTGTGAT-1_3_1"
"1658","TCCCAGTAGACGCTCC-1_3_1"
"1659","TCCCAGTAGTCCTGCG-1_3_1"
"1660","TCCCATGCAGGTAGTG-1_3_1"
"1661","TCCCATGGTGCGTTTA-1_3_1"
"1662","TCCGAAAAGTCACACT-1_3_1"
"1663","TCCGAAAGTCCGAAAG-1_3_1"
"1664","TCCGAAATCTACAGGT-1_3_1"
"1665","TCCGATCAGGGAGTTC-1_3_1"
"1666","TCCGATCCAAGTATCC-1_3_1"
"1667","TCCGATCCATCCTCAC-1_3_1"
"1668","TCCGATCGTCTCTCAC-1_3_1"
"1669","TCCGGGAAGAGGTTAT-1_3_1"
"1670","TCCGGGAAGTACAGCG-1_3_1"
"1671","TCCGGGAGTATTAAGG-1_3_1"
"1672","TCCGGGAGTGGTCCCA-1_3_1"
"1673","TCCGTGTGTACAGTCT-1_3_1"
"1674","TCCTAATAGATAGCAT-1_3_1"
"1675","TCCTAATAGATGCTGG-1_3_1"
"1676","TCCTAATAGCTCTGTA-1_3_1"
"1677","TCCTAATTCATTGTTC-1_3_1"
"1678","TCCTAATTCTCTAAGG-1_3_1"
"1679","TCCTCGATCACGTAGT-1_3_1"
"1680","TCCTCTTGTCTGTAAC-1_3_1"
"1681","TCCTCTTGTGAGGAAA-1_3_1"
"1682","TCCTGCAAGAGATCGC-1_3_1"
"1683","TCCTGCATCCATTGCC-1_3_1"
"1684","TCCTTCTCACTCTCGT-1_3_1"
"1685","TCCTTCTCACTGGCCA-1_3_1"
"1686","TCCTTCTCAGAACGCA-1_3_1"
"1687","TCCTTCTGTTCAGTAC-1_3_1"
"1688","TCCTTCTGTTTCGTGA-1_3_1"
"1689","TCCTTTCAGCGTTGTT-1_3_1"
"1690","TCCTTTCCATACTGAC-1_3_1"
"1691","TCCTTTCTCATTCATC-1_3_1"
"1692","TCGAACAGTTGCAAGG-1_3_1"
"1693","TCGAACATCGCTAATG-1_3_1"
"1694","TCGAACATCTGCCTCA-1_3_1"
"1695","TCGAAGTGTTGTACGT-1_3_1"
"1696","TCGAAGTTCCATCTAT-1_3_1"
"1697","TCGAAGTTCCTTGAAG-1_3_1"
"1698","TCGACCTCAAACGAGC-1_3_1"
"1699","TCGACGGCAATAGAGT-1_3_1"
"1700","TCGACGGGTGGATGAC-1_3_1"
"1701","TCGACGGTCCGATTAG-1_3_1"
"1702","TCGACGGTCGCCAGTG-1_3_1"
"1703","TCGATTTGTCATCGGC-1_3_1"
"1704","TCGATTTTCGTGGAAG-1_3_1"
"1705","TCGCAGGAGCTCTTCC-1_3_1"
"1706","TCGCAGGGTCATAACC-1_3_1"
"1707","TCGCAGGTCGTTGTAG-1_3_1"
"1708","TCGCTCAAGAGTCTTC-1_3_1"
"1709","TCGCTCAAGCGATCGA-1_3_1"
"1710","TCGCTCACATACAGCT-1_3_1"
"1711","TCGCTTGAGAGAGTTT-1_3_1"
"1712","TCGCTTGAGCAACTTC-1_3_1"
"1713","TCGCTTGTCATCTGTT-1_3_1"
"1714","TCGGATACATATCGGT-1_3_1"
"1715","TCGGGACCACTTGGGC-1_3_1"
"1716","TCGGGACTCAGTGGGA-1_3_1"
"1717","TCGGGCACATAAGATG-1_3_1"
"1718","TCGGGTGAGAATCCCT-1_3_1"
"1719","TCGGGTGAGCTGGCCT-1_3_1"
"1720","TCGGGTGAGTTGCCTA-1_3_1"
"1721","TCGGGTGCACCTGAAT-1_3_1"
"1722","TCGTCCAGTGCAACGA-1_3_1"
"1723","TCGTCCATCACGGGAA-1_3_1"
"1724","TCGTGCTAGCCGTTAT-1_3_1"
"1725","TCGTGCTCAGACCTGC-1_3_1"
"1726","TCGTGGGTCCTCTCTT-1_3_1"
"1727","TCTACATAGAGCATTA-1_3_1"
"1728","TCTACATCACGCCACA-1_3_1"
"1729","TCTACATGTGTTCATG-1_3_1"
"1730","TCTACCGAGAGCCATG-1_3_1"
"1731","TCTATACAGAAGCTCG-1_3_1"
"1732","TCTATCACAATAGTCC-1_3_1"
"1733","TCTATCACAGTGTATC-1_3_1"
"1734","TCTATCAGTCGCAGTC-1_3_1"
"1735","TCTCACGGTCAGGAGT-1_3_1"
"1736","TCTCACGTCGAAGCCC-1_3_1"
"1737","TCTCAGCAGAGGATGA-1_3_1"
"1738","TCTCAGCCATTCGATG-1_3_1"
"1739","TCTCCGAAGGCTCACC-1_3_1"
"1740","TCTGCCAAGGGCGAAG-1_3_1"
"1741","TCTGCCAGTTGAGTCT-1_3_1"
"1742","TCTGGCTTCATTTCCA-1_3_1"
"1743","TCTGTCGAGTGACACG-1_3_1"
"1744","TCTGTCGCATTAAAGG-1_3_1"
"1745","TCTGTCGGTAGAATGT-1_3_1"
"1746","TCTGTCGTCCCGAATA-1_3_1"
"1747","TCTTAGTCAGGACTTT-1_3_1"
"1748","TCTTCCTAGCACACAG-1_3_1"
"1749","TCTTTGACAATCTCTT-1_3_1"
"1750","TCTTTGAGTAGGTACG-1_3_1"
"1751","TCTTTGATCTAGCATG-1_3_1"
"1752","TGAACGTCAATGAGCG-1_3_1"
"1753","TGAACGTCATACTGTG-1_3_1"
"1754","TGAACGTGTAGAAACT-1_3_1"
"1755","TGAACGTGTGACAGCA-1_3_1"
"1756","TGAACGTGTTTACGTG-1_3_1"
"1757","TGAATCGCAGCCGTCA-1_3_1"
"1758","TGAATCGGTCAGACGA-1_3_1"
"1759","TGAATGCGTAGGAGTC-1_3_1"
"1760","TGACAGTGTCTCACGG-1_3_1"
"1761","TGACAGTGTGAATTAG-1_3_1"
"1762","TGACAGTTCCATAGGT-1_3_1"
"1763","TGACCCTAGACATCAA-1_3_1"
"1764","TGACCCTTCAAGCCAT-1_3_1"
"1765","TGACGCGAGAGTTGCG-1_3_1"
"1766","TGACTCCGTGTCGCTG-1_3_1"
"1767","TGAGCGCGTTGTTGAC-1_3_1"
"1768","TGAGGAGAGCCAAGCA-1_3_1"
"1769","TGAGGAGAGGCCTAAG-1_3_1"
"1770","TGAGGAGCATGGGATG-1_3_1"
"1771","TGAGGAGGTAACGATA-1_3_1"
"1772","TGAGGGAAGCCAAGTG-1_3_1"
"1773","TGAGGGAAGCTGTGCC-1_3_1"
"1774","TGAGGGAAGGTCGTGA-1_3_1"
"1775","TGAGGTTAGAGGGTCT-1_3_1"
"1776","TGAGTCAAGGACAAGA-1_3_1"
"1777","TGAGTCAAGGTTGCCC-1_3_1"
"1778","TGAGTCAAGTAAACTG-1_3_1"
"1779","TGAGTCAAGTAGAATC-1_3_1"
"1780","TGATCAGAGACCTCAT-1_3_1"
"1781","TGATCTTCAGTATTCG-1_3_1"
"1782","TGATCTTGTACTTGTG-1_3_1"
"1783","TGATGCAAGAGGATCC-1_3_1"
"1784","TGATGCACAAGTTTGC-1_3_1"
"1785","TGATGGTCATGGAACG-1_3_1"
"1786","TGATGGTGTGTCCTAA-1_3_1"
"1787","TGATTCTCAAAGGGCT-1_3_1"
"1788","TGATTCTCACTAGGCC-1_3_1"
"1789","TGATTCTCAGTAGTGG-1_3_1"
"1790","TGATTCTGTGTAAACA-1_3_1"
"1791","TGATTTCAGGATATGT-1_3_1"
"1792","TGCACGGAGCTTAAGA-1_3_1"
"1793","TGCACGGGTACACTCA-1_3_1"
"1794","TGCAGATAGTTCGCAT-1_3_1"
"1795","TGCAGATCAGTCAGCC-1_3_1"
"1796","TGCAGATGTCATCGCG-1_3_1"
"1797","TGCAGATGTCCTGTCT-1_3_1"
"1798","TGCAGATTCGACGCTG-1_3_1"
"1799","TGCAGATTCTTCGTGC-1_3_1"
"1800","TGCAGATTCTTTGCGC-1_3_1"
"1801","TGCAGGCCATAGGTAA-1_3_1"
"1802","TGCATCCCAGATCATC-1_3_1"
"1803","TGCATCCCATCCAACA-1_3_1"
"1804","TGCATGAAGACCGTTT-1_3_1"
"1805","TGCATGACATGTCAGT-1_3_1"
"1806","TGCATGACATTCATCT-1_3_1"
"1807","TGCATGAGTTGGGAAC-1_3_1"
"1808","TGCATGATCGTTGTTT-1_3_1"
"1809","TGCGATAAGTCTAACC-1_3_1"
"1810","TGCGATATCACACCCT-1_3_1"
"1811","TGCGATATCAGGTGTT-1_3_1"
"1812","TGCGATATCCATCAGA-1_3_1"
"1813","TGCGGCAAGATAGGGA-1_3_1"
"1814","TGCGGCAGTCATGGCC-1_3_1"
"1815","TGCGGGTTCCACGTGG-1_3_1"
"1816","TGCTCCACATGCTGCG-1_3_1"
"1817","TGCTCCAGTCAAATCC-1_3_1"
"1818","TGCTCGTCAGACGATG-1_3_1"
"1819","TGCTCGTGTGAATAAC-1_3_1"
"1820","TGCTTCGTCCAGCACG-1_3_1"
"1821","TGCTTGCTCACTCCGT-1_3_1"
"1822","TGGAACTAGATACATG-1_3_1"
"1823","TGGAGAGCAAAGAGTT-1_3_1"
"1824","TGGAGAGTCCTCGATC-1_3_1"
"1825","TGGAGGATCCATTCGC-1_3_1"
"1826","TGGATGTAGCTGAAAT-1_3_1"
"1827","TGGATGTGTGATCGTT-1_3_1"
"1828","TGGCGTGAGCCGTTGC-1_3_1"
"1829","TGGCGTGAGCTCCCTT-1_3_1"
"1830","TGGCGTGGTGGTCTGC-1_3_1"
"1831","TGGGAAGAGGTTGGTG-1_3_1"
"1832","TGGGAAGCATCATGAC-1_3_1"
"1833","TGGGAAGGTCCAATCA-1_3_1"
"1834","TGGGATTCATGAAGCG-1_3_1"
"1835","TGGGCGTCAGTCGGAA-1_3_1"
"1836","TGGGCGTGTCCTCCAT-1_3_1"
"1837","TGGGCGTTCTCATTTG-1_3_1"
"1838","TGGGCTGGTTCAGGTT-1_3_1"
"1839","TGGGCTGTCACTTCTA-1_3_1"
"1840","TGGGTTAAGTTGAAGT-1_3_1"
"1841","TGGTACACAGGCGATA-1_3_1"
"1842","TGGTACATCATGCCAA-1_3_1"
"1843","TGGTAGTAGACGCCCT-1_3_1"
"1844","TGGTAGTAGCGTCAAG-1_3_1"
"1845","TGGTAGTCATAGATCC-1_3_1"
"1846","TGGTAGTTCCATCTCG-1_3_1"
"1847","TGGTGATAGAGAGAAC-1_3_1"
"1848","TGGTGATAGCAGGCTA-1_3_1"
"1849","TGGTGATGTAAGTTGA-1_3_1"
"1850","TGGTGATTCTTCGACC-1_3_1"
"1851","TGGTTAGAGGTCACTT-1_3_1"
"1852","TGGTTAGCACGGCTAC-1_3_1"
"1853","TGGTTAGGTTCTTGCC-1_3_1"
"1854","TGTAACGAGTCGAAGC-1_3_1"
"1855","TGTAACGCATTGAGGG-1_3_1"
"1856","TGTAACGTCTAAGAAG-1_3_1"
"1857","TGTAAGCGTCAGCTTA-1_3_1"
"1858","TGTACAGCAAGCGGAT-1_3_1"
"1859","TGTACAGTCGACGCTG-1_3_1"
"1860","TGTAGACCACCCTAGG-1_3_1"
"1861","TGTAGACTCTTCGGTC-1_3_1"
"1862","TGTCAGAAGTCAACAA-1_3_1"
"1863","TGTCAGACATCAGCAT-1_3_1"
"1864","TGTCAGACATCTAACG-1_3_1"
"1865","TGTCAGATCTCTGCCA-1_3_1"
"1866","TGTCCACCAAGCTGTT-1_3_1"
"1867","TGTCCACTCCCATTCG-1_3_1"
"1868","TGTCCACTCGCCACTT-1_3_1"
"1869","TGTCCCAGTCAAAGAT-1_3_1"
"1870","TGTCCCAGTGGACAGT-1_3_1"
"1871","TGTCCTGCACGCTGAC-1_3_1"
"1872","TGTCCTGCACTCCGGA-1_3_1"
"1873","TGTCCTGGTTCCCACT-1_3_1"
"1874","TGTGAGTCAAAGGCTG-1_3_1"
"1875","TGTGAGTCAGCTTCCT-1_3_1"
"1876","TGTGATGCAGTGGTGA-1_3_1"
"1877","TGTGCGGAGGCAATGC-1_3_1"
"1878","TGTGCGGAGGCAGTCA-1_3_1"
"1879","TGTGGCGGTACAGAGC-1_3_1"
"1880","TGTGTGAAGTATAGGT-1_3_1"
"1881","TGTGTGATCTAGTACG-1_3_1"
"1882","TGTTACTCAAGACCGA-1_3_1"
"1883","TGTTACTTCGCCTATC-1_3_1"
"1884","TGTTCATGTGATGGCA-1_3_1"
"1885","TGTTCATTCGCTCCTA-1_3_1"
"1886","TGTTCCGAGGGCATGT-1_3_1"
"1887","TGTTCCGGTTAGTTCG-1_3_1"
"1888","TGTTCCGTCAAGTAAG-1_3_1"
"1889","TGTTCTACAATACGAA-1_3_1"
"1890","TGTTCTACACACCTAA-1_3_1"
"1891","TGTTCTACAGCAAGAC-1_3_1"
"1892","TGTTGAGCACGCACCA-1_3_1"
"1893","TGTTTGTAGAATACAC-1_3_1"
"1894","TGTTTGTAGGCACCAA-1_3_1"
"1895","TGTTTGTCAAGGTCTT-1_3_1"
"1896","TGTTTGTGTCTGCCTT-1_3_1"
"1897","TTAATCCCAGTTGTTG-1_3_1"
"1898","TTAATCCCATAGACTC-1_3_1"
"1899","TTAATCCTCGCGCCAA-1_3_1"
"1900","TTACAGGAGCTAATCC-1_3_1"
"1901","TTACAGGGTACGCGTC-1_3_1"
"1902","TTACAGGTCAGCGGAA-1_3_1"
"1903","TTACCATAGATAGTCA-1_3_1"
"1904","TTACCGCCAACGCCCA-1_3_1"
"1905","TTACCGCTCCGTCACT-1_3_1"
"1906","TTACCGCTCTACTGCC-1_3_1"
"1907","TTACGCCAGGGAGATA-1_3_1"
"1908","TTACTGTCATGCACTA-1_3_1"
"1909","TTAGGCAAGGTCCTGC-1_3_1"
"1910","TTAGGCAAGTACTCGT-1_3_1"
"1911","TTAGGCATCGAGTTGT-1_3_1"
"1912","TTAGTCTGTCATACCA-1_3_1"
"1913","TTAGTCTTCGGTCGGT-1_3_1"
"1914","TTATTGCTCCATGAGT-1_3_1"
"1915","TTCAATCGTCTTACTT-1_3_1"
"1916","TTCACCGCAAATAAGC-1_3_1"
"1917","TTCACCGCACCATAAC-1_3_1"
"1918","TTCACCGCAGTCGGAA-1_3_1"
"1919","TTCACCGCATAGATGA-1_3_1"
"1920","TTCACCGGTGTTATCG-1_3_1"
"1921","TTCACGCAGACTACCT-1_3_1"
"1922","TTCAGGAAGGCCTAGA-1_3_1"
"1923","TTCAGGAGTTGCATGT-1_3_1"
"1924","TTCAGGATCGCTGATA-1_3_1"
"1925","TTCATGTAGGGATCGT-1_3_1"
"1926","TTCATGTGTTTGACAC-1_3_1"
"1927","TTCATTGCATACCACA-1_3_1"
"1928","TTCCAATCAGGGTCTC-1_3_1"
"1929","TTCCAATTCATGAGTC-1_3_1"
"1930","TTCCGGTTCACTGAAC-1_3_1"
"1931","TTCCGGTTCATCCCGT-1_3_1"
"1932","TTCCGTGCAAAGAGTT-1_3_1"
"1933","TTCCGTGCACTAGGTT-1_3_1"
"1934","TTCCGTGCATCAGTCA-1_3_1"
"1935","TTCCTAAAGTTTAGGA-1_3_1"
"1936","TTCCTAAGTGTCCAAT-1_3_1"
"1937","TTCCTAAGTTTCGATG-1_3_1"
"1938","TTCCTAATCAGACAAA-1_3_1"
"1939","TTCCTCTAGACTCCGC-1_3_1"
"1940","TTCCTCTAGGATACGC-1_3_1"
"1941","TTCCTTCAGCTACGTT-1_3_1"
"1942","TTCCTTCCATGAGGGT-1_3_1"
"1943","TTCGATTAGTACAACA-1_3_1"
"1944","TTCGATTTCACCTTAT-1_3_1"
"1945","TTCGATTTCCATCTAT-1_3_1"
"1946","TTCGCTGGTCACTTCC-1_3_1"
"1947","TTCGCTGTCCATTGTT-1_3_1"
"1948","TTCGGTCAGAGAGAAC-1_3_1"
"1949","TTCGGTCAGCGTGAAC-1_3_1"
"1950","TTCGGTCGTTACCTGA-1_3_1"
"1951","TTCTAGTAGGATGGCT-1_3_1"
"1952","TTCTCTCCACCCTAGG-1_3_1"
"1953","TTCTCTCCATGGCTAT-1_3_1"
"1954","TTCTGTACACAGCATT-1_3_1"
"1955","TTCTGTAGTACTTGTG-1_3_1"
"1956","TTCTTCCCACGGTGAA-1_3_1"
"1957","TTCTTCCTCAGGTAAA-1_3_1"
"1958","TTCTTGAAGTACCATC-1_3_1"
"1959","TTCTTGAGTTCAGGTT-1_3_1"
"1960","TTCTTGATCGGAAACG-1_3_1"
"1961","TTGAACGAGACTCCGC-1_3_1"
"1962","TTGAACGAGCGAGTCA-1_3_1"
"1963","TTGAACGGTCGTTGGC-1_3_1"
"1964","TTGACCCGTGGATCGA-1_3_1"
"1965","TTGACCCTCACCTCAC-1_3_1"
"1966","TTGAGTGCAACCGACC-1_3_1"
"1967","TTGAGTGCATACAGAA-1_3_1"
"1968","TTGAGTGGTTATAGAG-1_3_1"
"1969","TTGATGGCAGAAGTTA-1_3_1"
"1970","TTGATGGGTGACACAG-1_3_1"
"1971","TTGATGGTCATGAGAA-1_3_1"
"1972","TTGATGGTCATTGCTT-1_3_1"
"1973","TTGCATTAGCCTCTGG-1_3_1"
"1974","TTGCATTCAACCCGCA-1_3_1"
"1975","TTGCATTCAGCCTTCT-1_3_1"
"1976","TTGCATTGTCAACCTA-1_3_1"
"1977","TTGCCTGCACCCTCTA-1_3_1"
"1978","TTGCCTGGTAAGCGGT-1_3_1"
"1979","TTGCCTGGTGCCGAAA-1_3_1"
"1980","TTGCGTCAGGCCGCTT-1_3_1"
"1981","TTGCGTCAGGTCACAG-1_3_1"
"1982","TTGCGTCCACGCGTCA-1_3_1"
"1983","TTGCTGCGTCTGATAC-1_3_1"
"1984","TTGCTGCGTGACTGAG-1_3_1"
"1985","TTGGATGAGTAAGCAT-1_3_1"
"1986","TTGGATGGTGTCTCCT-1_3_1"
"1987","TTGGGATCAACGCATT-1_3_1"
"1988","TTGGGATGTTGGACTT-1_3_1"
"1989","TTGGGCGCATTGACCA-1_3_1"
"1990","TTGGGCGGTACTCAAC-1_3_1"
"1991","TTGGGCGTCGACATAC-1_3_1"
"1992","TTGGGCGTCTGTGTGA-1_3_1"
"1993","TTGGGTAGTTGCCATA-1_3_1"
"1994","TTGGTTTCACAGCTTA-1_3_1"
"1995","TTGTGGAAGCTCTATG-1_3_1"
"1996","TTGTGTTAGCCTCGTG-1_3_1"
"1997","TTGTGTTCACTTCCTG-1_3_1"
"1998","TTGTTCAGTGTGTTTG-1_3_1"
"1999","TTGTTCATCCCAAGTA-1_3_1"
"2000","TTGTTGTCACTGGCGT-1_3_1"
"2001","TTGTTGTGTAGCGTTT-1_3_1"
"2002","TTGTTTGAGACCTCAT-1_3_1"
"2003","TTGTTTGAGGCAGGGA-1_3_1"
"2004","TTGTTTGAGTGAGGTC-1_3_1"
"2005","TTTACCAAGCCGGATA-1_3_1"
"2006","TTTACCAAGGTCACTT-1_3_1"
"2007","TTTACCACAGACCATT-1_3_1"
"2008","TTTACCACAGCCTACG-1_3_1"
"2009","TTTACCATCCATTGGA-1_3_1"
"2010","TTTACCATCTCTCCGA-1_3_1"
"2011","TTTACGTCACGTAGAG-1_3_1"
"2012","TTTACGTCACTTGGGC-1_3_1"
"2013","TTTACTGCATGGATCT-1_3_1"
"2014","TTTAGTCGTCTTCAAG-1_3_1"
"2015","TTTATGCCAAGGTCGA-1_3_1"
"2016","TTTATGCGTACATACC-1_3_1"
"2017","TTTATGCTCACGGACC-1_3_1"
"2018","TTTCACAAGGGTATAT-1_3_1"
"2019","TTTCACACACTGGACC-1_3_1"
"2020","TTTCACAGTGCGAGTA-1_3_1"
"2021","TTTCACATCCAGCAAT-1_3_1"
"2022","TTTCAGTAGGTAAACT-1_3_1"
"2023","TTTCAGTAGTGAATAC-1_3_1"
"2024","TTTCATGCATAGCACT-1_3_1"
"2025","TTTCATGCATCTGCGG-1_3_1"
"2026","TTTCGATAGCACACAG-1_3_1"
"2027","TTTCGATCAGAACGCA-1_3_1"
"2028","TTTCGATTCGAGAATA-1_3_1"
"2029","TTTGACTAGACAACAT-1_3_1"
"2030","TTTGACTCACCGGTCA-1_3_1"
"2031","TTTGATCGTCACCCTT-1_3_1"
"2032","TTTGGAGTCGACCATA-1_3_1"
"2033","TTTGGTTAGTATTAGG-1_3_1"
"2034","TTTGGTTGTTGAGAGC-1_3_1"
"2035","TTTGTTGAGAATCTAG-1_3_1"
"2036","TTTGTTGAGTCTAGCT-1_3_1"
"2037","TTTGTTGCAAGCGAAC-1_3_1"
"2038","TTTGTTGTCCGACAGC-1_3_1"
