"","x"
"1","AAACGAATCAAGGTGG-1_5_1"
"2","AAAGAACGTGTTCAGT-1_5_1"
"3","AAAGGATTCTAACGGT-1_5_1"
"4","AAAGTGACATGAATAG-1_5_1"
"5","AAATGGAGTTGGTGTT-1_5_1"
"6","AACAAAGCAAATAGCA-1_5_1"
"7","AACAAAGGTGTCCCTT-1_5_1"
"8","AACAAAGGTTTCTTAC-1_5_1"
"9","AACAAGAAGCATCAAA-1_5_1"
"10","AACAAGACAATTGGTC-1_5_1"
"11","AACACACCAGTAACCT-1_5_1"
"12","AACAGGGGTTATAGCC-1_5_1"
"13","AACAGGGTCGCTATTT-1_5_1"
"14","AACCATGAGTGAGTTA-1_5_1"
"15","AACCTGAAGCCTTCTC-1_5_1"
"16","AACCTTTCATGTACGT-1_5_1"
"17","AACCTTTTCTCACCCA-1_5_1"
"18","AACGGGATCAATGTCG-1_5_1"
"19","AACGTCAAGTAACGTA-1_5_1"
"20","AAGAACAAGCTCAGAG-1_5_1"
"21","AAGCGAGCAATACCCA-1_5_1"
"22","AAGCGTTCAATTCGTG-1_5_1"
"23","AAGCGTTCATTAAGCC-1_5_1"
"24","AAGGTAAAGTCTTGGT-1_5_1"
"25","AAGGTAACACAAAGTA-1_5_1"
"26","AAGTACCAGTCAAGCG-1_5_1"
"27","AAGTACCAGTGGATAT-1_5_1"
"28","AAGTACCTCGTCCTTG-1_5_1"
"29","AAGTTCGCATCAGCTA-1_5_1"
"30","AATCACGCATAATCCG-1_5_1"
"31","AATGCCAGTTGCCAAT-1_5_1"
"32","AATGGAAGTTTACCTT-1_5_1"
"33","AATGGCTTCTTACCGC-1_5_1"
"34","ACAAAGAAGACTTAAG-1_5_1"
"35","ACAACCAGTGGACTAG-1_5_1"
"36","ACAAGCTAGCGCCCAT-1_5_1"
"37","ACACCAATCTTGTTAC-1_5_1"
"38","ACACTGATCATTCTTG-1_5_1"
"39","ACAGCCGTCATCGCAA-1_5_1"
"40","ACATCCCGTCCTCCTA-1_5_1"
"41","ACCAACAAGCGACCCT-1_5_1"
"42","ACCAACACACCTTCCA-1_5_1"
"43","ACCCAAACATCTTAGG-1_5_1"
"44","ACCTGTCAGTGTTCAC-1_5_1"
"45","ACCTGTCTCGTGCAGC-1_5_1"
"46","ACGCACGAGCACTCGC-1_5_1"
"47","ACGCACGCACTCCTTG-1_5_1"
"48","ACGGGTCCATCGCTCT-1_5_1"
"49","ACGGTCGTCTAGCCAA-1_5_1"
"50","ACGTAACTCATCCTGC-1_5_1"
"51","ACGTACACAGTTTCAG-1_5_1"
"52","ACGTAGTAGACATGCG-1_5_1"
"53","ACGTAGTAGGTGCTAG-1_5_1"
"54","ACGTTCCAGAGATTCA-1_5_1"
"55","ACGTTCCCAACACAAA-1_5_1"
"56","ACGTTCCCAGCAGACA-1_5_1"
"57","ACTACGACAGAATCGG-1_5_1"
"58","ACTACGAGTAAGAACT-1_5_1"
"59","ACTATTCGTTTGGGAG-1_5_1"
"60","ACTGATGGTGAGACGT-1_5_1"
"61","ACTGCAAAGGAGATAG-1_5_1"
"62","ACTGCAATCTTCGCTG-1_5_1"
"63","ACTGTCCAGGTAAGGA-1_5_1"
"64","ACTTCCGCACCTCTGT-1_5_1"
"65","ACTTCGCGTAGCGTTT-1_5_1"
"66","ACTTTGTGTCTTCCGT-1_5_1"
"67","AGAACCTGTTGTATGC-1_5_1"
"68","AGACAAAGTCCGTTTC-1_5_1"
"69","AGACAAATCGCGTTTC-1_5_1"
"70","AGACCATCAATAACCC-1_5_1"
"71","AGAGAATCATGTGGCC-1_5_1"
"72","AGAGCCCGTTCCATTT-1_5_1"
"73","AGATAGAAGAGCCCAA-1_5_1"
"74","AGATCCAGTTAACAGA-1_5_1"
"75","AGATCGTTCAAACCTG-1_5_1"
"76","AGATCGTTCTGCGGGT-1_5_1"
"77","AGATGAACATGAATAG-1_5_1"
"78","AGCATCAAGAATCCCT-1_5_1"
"79","AGCCAATGTCGCTCGA-1_5_1"
"80","AGCGATTTCATTCGTT-1_5_1"
"81","AGCGCCAGTGGCGTAA-1_5_1"
"82","AGCGCTGAGACCCTTA-1_5_1"
"83","AGCGTATTCGCCTTTG-1_5_1"
"84","AGCTACACAGCAAGAC-1_5_1"
"85","AGGAAATAGTGTTCAC-1_5_1"
"86","AGGAAATGTTATAGCC-1_5_1"
"87","AGGAGGTTCTGAGAAA-1_5_1"
"88","AGGCATTTCCAAGAGG-1_5_1"
"89","AGGCCACTCGCTGTCT-1_5_1"
"90","AGGGAGTGTGTCTTAG-1_5_1"
"91","AGGGAGTGTTGATGTC-1_5_1"
"92","AGGGTTTTCTCTCCGA-1_5_1"
"93","AGGTCATGTGTAGTGG-1_5_1"
"94","AGGTGTTTCAAATAGG-1_5_1"
"95","AGGTTACTCGTGGTAT-1_5_1"
"96","AGTAGCTAGATGTTCC-1_5_1"
"97","AGTAGTCCACATCATG-1_5_1"
"98","AGTCAACCAAGTTGGG-1_5_1"
"99","AGTCATGGTGGAGAAA-1_5_1"
"100","AGTCATGTCGCCATAA-1_5_1"
"101","AGTGTTGGTAGCACAG-1_5_1"
"102","AGTGTTGGTCCTGGTG-1_5_1"
"103","AGTTCCCTCTACACAG-1_5_1"
"104","ATACCTTTCGAGTACT-1_5_1"
"105","ATAGACCTCATTGTTC-1_5_1"
"106","ATAGAGACAGCTCTGG-1_5_1"
"107","ATAGAGAGTGATACAA-1_5_1"
"108","ATAGGCTTCATTCTTG-1_5_1"
"109","ATATCCTGTTCTCCTG-1_5_1"
"110","ATCACAGGTACTAGCT-1_5_1"
"111","ATCACGAGTGTATCCA-1_5_1"
"112","ATCCACCGTTAAGCAA-1_5_1"
"113","ATCCCTGCATACAGAA-1_5_1"
"114","ATCCTATGTACGATTC-1_5_1"
"115","ATCGTAGAGGGAGTTC-1_5_1"
"116","ATCGTAGTCGACATTG-1_5_1"
"117","ATCTTCATCAAACTGC-1_5_1"
"118","ATGCCTCAGTGGCGAT-1_5_1"
"119","ATGCGATTCGTTCCTG-1_5_1"
"120","ATGGGAGTCACTCGAA-1_5_1"
"121","ATGGGTTAGAGCGACT-1_5_1"
"122","ATGGGTTAGGTAGTAT-1_5_1"
"123","ATGGGTTCATCACAGT-1_5_1"
"124","ATGTCCCCAACACACT-1_5_1"
"125","ATTATCCAGTAGCAAT-1_5_1"
"126","ATTCATCAGGCACCAA-1_5_1"
"127","ATTCCATCACTCATAG-1_5_1"
"128","ATTCCATGTCTAGATC-1_5_1"
"129","ATTCCCGCATGTGTCA-1_5_1"
"130","ATTCCTAAGTGGATAT-1_5_1"
"131","ATTCCTAGTCGAGTGA-1_5_1"
"132","ATTCTACCAGGCCCTA-1_5_1"
"133","ATTCTACGTACGAAAT-1_5_1"
"134","ATTGGGTTCCGCAAAT-1_5_1"
"135","ATTGTTCAGTTCACTG-1_5_1"
"136","ATTTCTGTCTTTCGAT-1_5_1"
"137","CAAAGAAAGGGCTGAT-1_5_1"
"138","CAAAGAATCTCCTGCA-1_5_1"
"139","CAACCAAGTAGATCGG-1_5_1"
"140","CAACGGCCACATTCGA-1_5_1"
"141","CAAGACTAGGTGATCG-1_5_1"
"142","CAAGAGGCACCGTGAC-1_5_1"
"143","CAAGCTAGTGCATGAG-1_5_1"
"144","CAAGCTATCTATTGTC-1_5_1"
"145","CAAGGGACAGTCGCTG-1_5_1"
"146","CAATCGAGTAGCGTCC-1_5_1"
"147","CAATCGATCCCGAGGT-1_5_1"
"148","CACATGAAGACCTCAT-1_5_1"
"149","CACGAATTCAGACATC-1_5_1"
"150","CACGGGTTCCGAGGCT-1_5_1"
"151","CACGTTCTCCCTTCCC-1_5_1"
"152","CACTAAGCAAGTTCGT-1_5_1"
"153","CACTGTCCAGGTTTAC-1_5_1"
"154","CAGATACGTCTGATAC-1_5_1"
"155","CAGATCACAACTTGGT-1_5_1"
"156","CAGCACGCAGCAGACA-1_5_1"
"157","CAGCCAGAGAAGAACG-1_5_1"
"158","CAGCGTGGTACAATAG-1_5_1"
"159","CAGGGCTCATCTAGAC-1_5_1"
"160","CAGGGCTGTATGATCC-1_5_1"
"161","CAGTGCGAGCCGATTT-1_5_1"
"162","CAGTTCCAGAGTCAGC-1_5_1"
"163","CATAAGCGTCGGCTAC-1_5_1"
"164","CATACCCTCGCAGATT-1_5_1"
"165","CATACTTGTATCTCTT-1_5_1"
"166","CATAGACCAATCGCGC-1_5_1"
"167","CATCCACAGCTCGCAC-1_5_1"
"168","CATCCGTTCTGAGATC-1_5_1"
"169","CATCGCTAGGGCCCTT-1_5_1"
"170","CATCGCTAGTAAGAGG-1_5_1"
"171","CATCGGGTCACTTCTA-1_5_1"
"172","CATGAGTTCTGCCTGT-1_5_1"
"173","CATGGTATCCCATAGA-1_5_1"
"174","CATGGTATCGCGTGAC-1_5_1"
"175","CATTCATAGCATCAGG-1_5_1"
"176","CATTCCGGTACGACAG-1_5_1"
"177","CATTCCGGTGGATCGA-1_5_1"
"178","CATTCTACACGGCACT-1_5_1"
"179","CATTCTATCCACGTAA-1_5_1"
"180","CATTGAGCATGAGGGT-1_5_1"
"181","CATTGAGTCGTGGCGT-1_5_1"
"182","CATTTCACAACGGTAG-1_5_1"
"183","CATTTCACAAGTGCTT-1_5_1"
"184","CCAAGCGCAAATCAAG-1_5_1"
"185","CCACAAATCAAAGCCT-1_5_1"
"186","CCACGAGTCGGAGTGA-1_5_1"
"187","CCACGTTGTACACGTT-1_5_1"
"188","CCACGTTTCTTCACAT-1_5_1"
"189","CCACTTGCACTGCACG-1_5_1"
"190","CCATAAGGTCCCGTGA-1_5_1"
"191","CCCGAAGGTACTAAGA-1_5_1"
"192","CCCGAAGGTCGCTTAA-1_5_1"
"193","CCCTTAGCAATACGAA-1_5_1"
"194","CCGATGGGTGGACCTC-1_5_1"
"195","CCGGTGAGTAACCAGG-1_5_1"
"196","CCTCAACAGGCAATGC-1_5_1"
"197","CCTCACATCGGAAGGT-1_5_1"
"198","CCTCAGTTCGCCGTGA-1_5_1"
"199","CCTCCAAAGTAGGAAG-1_5_1"
"200","CCTGCATCAGAAATCA-1_5_1"
"201","CCTGTTGTCGTTACCC-1_5_1"
"202","CCTTTGGAGGGTGAGG-1_5_1"
"203","CGAAGGACAGGCTATT-1_5_1"
"204","CGAAGGATCTTAGGAC-1_5_1"
"205","CGACAGCAGGACAACC-1_5_1"
"206","CGAGGAACATGAGATA-1_5_1"
"207","CGAGGCTCAACGCCCA-1_5_1"
"208","CGAGGCTCAAGAGCTG-1_5_1"
"209","CGATCGGCAATTGCAC-1_5_1"
"210","CGATCGGCACGGTAGA-1_5_1"
"211","CGATGCGAGAGCTTTC-1_5_1"
"212","CGCATAACACTGTTCC-1_5_1"
"213","CGCCAGAGTATCCTTT-1_5_1"
"214","CGCCAGATCATGCTAG-1_5_1"
"215","CGCCATTGTTCAAAGA-1_5_1"
"216","CGCGTGACAACCGATT-1_5_1"
"217","CGCGTGATCTCTTAAC-1_5_1"
"218","CGGAACCAGGAACGAA-1_5_1"
"219","CGGACACAGGTGGCTA-1_5_1"
"220","CGGACACTCCATCGTC-1_5_1"
"221","CGGAGAACACTGTTCC-1_5_1"
"222","CGGCAGTAGGCACTCC-1_5_1"
"223","CGGGACTAGTACGTCT-1_5_1"
"224","CGGGCATCAAGTTCCA-1_5_1"
"225","CGTCCATAGAAGCCTG-1_5_1"
"226","CGTGTCTGTCTACGAT-1_5_1"
"227","CTAACTTCAGAGTCTT-1_5_1"
"228","CTAACTTCAGATGCGA-1_5_1"
"229","CTAACTTTCATGACAC-1_5_1"
"230","CTACAGAGTATCTCTT-1_5_1"
"231","CTACCCAGTCTCTCAC-1_5_1"
"232","CTACCCATCGCCAGAC-1_5_1"
"233","CTACCTGCACGCGTGT-1_5_1"
"234","CTACTATCAGAATGTA-1_5_1"
"235","CTAGACAAGTAGCTCT-1_5_1"
"236","CTAGACAGTTCTTGTT-1_5_1"
"237","CTATAGGTCGACATTG-1_5_1"
"238","CTATCTAGTTGACTAC-1_5_1"
"239","CTATCTATCGCATTGA-1_5_1"
"240","CTCAAGACACCCTGTT-1_5_1"
"241","CTCACTGTCTAGAACC-1_5_1"
"242","CTCAGTCCAAATTGGA-1_5_1"
"243","CTCCCTCAGGAAGTAG-1_5_1"
"244","CTCCTCCCACTAGGCC-1_5_1"
"245","CTCGAGGAGTTGGCGA-1_5_1"
"246","CTCTCAGTCGTGAGAG-1_5_1"
"247","CTCTCGACACCAAATC-1_5_1"
"248","CTGAGCGAGACCTCCG-1_5_1"
"249","CTGTACCGTTGCCATA-1_5_1"
"250","CTGTGAAGTGTTAAAG-1_5_1"
"251","CTTACCGAGCTCCATA-1_5_1"
"252","CTTACCGAGGTCGCCT-1_5_1"
"253","CTTCGGTGTATATGGA-1_5_1"
"254","CTTCTAAAGGATACGC-1_5_1"
"255","CTTGAGAGTCTACACA-1_5_1"
"256","CTTGAGAGTTCTCCTG-1_5_1"
"257","GAAGAATAGATGATTG-1_5_1"
"258","GAAGCCCGTTGCGGCT-1_5_1"
"259","GAAGCGAAGACCAACG-1_5_1"
"260","GAAGTAAGTTCGTAAC-1_5_1"
"261","GAATCGTAGCCTCATA-1_5_1"
"262","GACAGCCCAAATGCTC-1_5_1"
"263","GACAGCCGTACCGGCT-1_5_1"
"264","GACCCAGAGCGATGGT-1_5_1"
"265","GACCCTTTCAAATGCC-1_5_1"
"266","GACCTTCAGCATTTCG-1_5_1"
"267","GACCTTCTCGGAGCAA-1_5_1"
"268","GACGCTGGTCTTGCGG-1_5_1"
"269","GACGCTGTCACTTCTA-1_5_1"
"270","GACTTCCGTATCGCAT-1_5_1"
"271","GAGAAATTCACTACGA-1_5_1"
"272","GAGCCTGCACATTCGA-1_5_1"
"273","GAGGCCTTCCCTTTGG-1_5_1"
"274","GAGTCTAGTGTCCTAA-1_5_1"
"275","GAGTGAGTCCTCGATC-1_5_1"
"276","GAGTTACCAATAGAGT-1_5_1"
"277","GAGTTACTCAGTGATC-1_5_1"
"278","GAGTTGTGTCCCGGTA-1_5_1"
"279","GAGTTTGTCGAGAATA-1_5_1"
"280","GATAGAAAGTTGTAGA-1_5_1"
"281","GATCCCTGTATGGGAC-1_5_1"
"282","GATCGTATCGTAGAGG-1_5_1"
"283","GATGATCGTACGTGTT-1_5_1"
"284","GATGCTAGTACGATGG-1_5_1"
"285","GATGGAGCACATATCG-1_5_1"
"286","GATTCGAAGTAGCAAT-1_5_1"
"287","GATTCGAAGTGGACTG-1_5_1"
"288","GATTTCTCACAATGTC-1_5_1"
"289","GATTTCTGTGGGTCAA-1_5_1"
"290","GCAACCGCAGCTATAC-1_5_1"
"291","GCACTAACAGCTGTAT-1_5_1"
"292","GCAGCCAAGTCAACAA-1_5_1"
"293","GCAGCTGGTGCATGAG-1_5_1"
"294","GCAGGCTTCTGGAAGG-1_5_1"
"295","GCATGATCAGCATACT-1_5_1"
"296","GCATGATGTGTTCGAT-1_5_1"
"297","GCATTAGAGAAACCAT-1_5_1"
"298","GCCAACGGTCCTTAAG-1_5_1"
"299","GCCAACGTCGTGGCGT-1_5_1"
"300","GCCAGCAAGCAGGTCA-1_5_1"
"301","GCCAGCATCTCACCCA-1_5_1"
"302","GCCAGGTCAACAGCCC-1_5_1"
"303","GCCAGTGGTAATGATG-1_5_1"
"304","GCCCGAATCCGTAATG-1_5_1"
"305","GCCGATGAGAGCTGCA-1_5_1"
"306","GCGAGAACATCTTTCA-1_5_1"
"307","GCGATCGGTGATGGCA-1_5_1"
"308","GCGGAAAAGGAGGTTC-1_5_1"
"309","GCGTGCACACAGCTGC-1_5_1"
"310","GCTCAAAAGCATGCAG-1_5_1"
"311","GCTCAAATCGTTAGTG-1_5_1"
"312","GCTGAATAGGTTGGAC-1_5_1"
"313","GGAACCCAGTCCCGAC-1_5_1"
"314","GGAATGGAGGTAAGGA-1_5_1"
"315","GGAATGGCATGACTGT-1_5_1"
"316","GGAGGTACAGTAGTGG-1_5_1"
"317","GGAGGTATCTTCGTGC-1_5_1"
"318","GGATCTAAGACGCTCC-1_5_1"
"319","GGATGTTGTTGTGTTG-1_5_1"
"320","GGCTTGGAGATGCTAA-1_5_1"
"321","GGCTTTCTCGCCACTT-1_5_1"
"322","GGGACAACAGTAACCT-1_5_1"
"323","GGGACCTCAGGCTCTG-1_5_1"
"324","GGGACCTGTCCAAGAG-1_5_1"
"325","GGGACTCGTAGACGTG-1_5_1"
"326","GGGAGTAAGGTACTGG-1_5_1"
"327","GGGATCCGTTGGGAAC-1_5_1"
"328","GGGCGTTCAAGATGTA-1_5_1"
"329","GGGTCTGAGGGTACAC-1_5_1"
"330","GGGTCTGGTCGTTATG-1_5_1"
"331","GGGTGTCCAACGATTC-1_5_1"
"332","GGGTTTAGTGGTGATG-1_5_1"
"333","GGTAGAGCACATCCCT-1_5_1"
"334","GGTCTGGAGTTGAATG-1_5_1"
"335","GGTCTGGTCCATCTGC-1_5_1"
"336","GGTTGTAAGGAACGCT-1_5_1"
"337","GGTTGTAGTCGTTGGC-1_5_1"
"338","GTAACACAGCGGTAGT-1_5_1"
"339","GTAAGTCAGCACTAAA-1_5_1"
"340","GTAATCGTCGCATTAG-1_5_1"
"341","GTAATGCCATAATCCG-1_5_1"
"342","GTACAACCAAAGGGTC-1_5_1"
"343","GTAGAAAAGGATTTCC-1_5_1"
"344","GTAGAAACAAACTAAG-1_5_1"
"345","GTAGAGGAGAAGATCT-1_5_1"
"346","GTAGCTACATGTCTAG-1_5_1"
"347","GTAGGAGGTATTCTCT-1_5_1"
"348","GTAGGTTCACGGTGCT-1_5_1"
"349","GTAGGTTGTGTAGGAC-1_5_1"
"350","GTAGTACTCTGGCCTT-1_5_1"
"351","GTCAAGTTCCTAGAGT-1_5_1"
"352","GTCATTTGTAGATCGG-1_5_1"
"353","GTCCACTCAAGTGGTG-1_5_1"
"354","GTCCTCAGTGGCAGAT-1_5_1"
"355","GTCGTTCAGACTAGAT-1_5_1"
"356","GTCTACCAGGCCCGTT-1_5_1"
"357","GTCTACCCAACTACGT-1_5_1"
"358","GTCTACCGTCACCGAC-1_5_1"
"359","GTCTAGAGTCCAAATC-1_5_1"
"360","GTCTCACGTGGATACG-1_5_1"
"361","GTGACGCGTCTAACTG-1_5_1"
"362","GTGAGCCCATCAGCAT-1_5_1"
"363","GTGCTTCCATTAAGCC-1_5_1"
"364","GTGGAAGGTGACACAG-1_5_1"
"365","GTGGAGAAGGTTTACC-1_5_1"
"366","GTGGAGAGTCGGAACA-1_5_1"
"367","GTGGGAAAGCTATCCA-1_5_1"
"368","GTGTAACAGAGTCAGC-1_5_1"
"369","GTGTAACGTCTACATG-1_5_1"
"370","GTGTTCCGTACCGGCT-1_5_1"
"371","GTGTTCCGTCAAATCC-1_5_1"
"372","GTTACAGAGGCCTAGA-1_5_1"
"373","GTTCCGTAGTATTGCC-1_5_1"
"374","GTTCCGTAGTGTTCAC-1_5_1"
"375","GTTCGCTCACTCCTTG-1_5_1"
"376","GTTCGCTTCTCCAATT-1_5_1"
"377","GTTGCGGAGAACCCGA-1_5_1"
"378","GTTGCGGAGGCCTTCG-1_5_1"
"379","GTTGCGGGTAGAATAC-1_5_1"
"380","GTTGTAGGTGACTCGC-1_5_1"
"381","GTTGTCCGTACTGCCG-1_5_1"
"382","GTTGTGACAAGACCTT-1_5_1"
"383","GTTTGGATCGGTCACG-1_5_1"
"384","TAACACGCAATAAGGT-1_5_1"
"385","TAACCAGCAGAGAAAG-1_5_1"
"386","TACACCCTCCATCTGC-1_5_1"
"387","TACATTCAGGTGCAGT-1_5_1"
"388","TACCCGTCACTTCAAG-1_5_1"
"389","TACCTGCCAGCTCTGG-1_5_1"
"390","TACCTGCGTCGCAACC-1_5_1"
"391","TACGGGCTCTCTGAGA-1_5_1"
"392","TACGTCCGTGCCGTAC-1_5_1"
"393","TACTGCCAGTAAACGT-1_5_1"
"394","TACTTCAAGGTGCTTT-1_5_1"
"395","TAGCACAGTAAGATAC-1_5_1"
"396","TAGGAGGTCCTTATAC-1_5_1"
"397","TAGGGTTCATCGCTGG-1_5_1"
"398","TAGGGTTGTGTCTAAC-1_5_1"
"399","TAGGTACAGCTAAATG-1_5_1"
"400","TAGTGCACAAAGTGTA-1_5_1"
"401","TAGTGCAGTGCATTTG-1_5_1"
"402","TATACCTTCACATTGG-1_5_1"
"403","TATCTGTAGGATACAT-1_5_1"
"404","TATTGGGAGCACTCAT-1_5_1"
"405","TATTGGGCAGGACTTT-1_5_1"
"406","TCAAGACCATCACAGT-1_5_1"
"407","TCAAGACTCCCTCGTA-1_5_1"
"408","TCAAGCACAGATAAAC-1_5_1"
"409","TCAAGTGGTCCTGAAT-1_5_1"
"410","TCAATCTGTCAACGCC-1_5_1"
"411","TCAATTCCAACACAAA-1_5_1"
"412","TCAATTCCATCATCCC-1_5_1"
"413","TCAATTCTCTACCTTA-1_5_1"
"414","TCACGCTTCTCCTGAC-1_5_1"
"415","TCACTCGGTACGCGTC-1_5_1"
"416","TCAGCCTAGAAGGTAG-1_5_1"
"417","TCAGTGAAGATGACCG-1_5_1"
"418","TCAGTGATCAACACCA-1_5_1"
"419","TCAGTTTAGAGTCAGC-1_5_1"
"420","TCAGTTTGTTAAGAAC-1_5_1"
"421","TCATACTAGAGTCCGA-1_5_1"
"422","TCATCATGTATTTCCT-1_5_1"
"423","TCATCATGTGGGAGAG-1_5_1"
"424","TCATCATTCAGCAATC-1_5_1"
"425","TCATGTTCAGTGACCC-1_5_1"
"426","TCATTACCAGCCGGTT-1_5_1"
"427","TCATTGTGTCGTTCAA-1_5_1"
"428","TCCCAGTCAGAGGTAC-1_5_1"
"429","TCCTCCCAGCCGGAAT-1_5_1"
"430","TCCTCTTAGCCGCACT-1_5_1"
"431","TCCTCTTGTGAATGAT-1_5_1"
"432","TCCTTCTAGCGTTCCG-1_5_1"
"433","TCCTTCTCAACGGCTC-1_5_1"
"434","TCGACGGGTTCGAGCC-1_5_1"
"435","TCGATTTAGAAGCGGG-1_5_1"
"436","TCGCACTCATCGGTTA-1_5_1"
"437","TCGCTCAGTAAGTTAG-1_5_1"
"438","TCGCTTGCACCAGACC-1_5_1"
"439","TCGCTTGCAGACACCC-1_5_1"
"440","TCGGATATCAACTTTC-1_5_1"
"441","TCGGGTGGTCTCGGAC-1_5_1"
"442","TCGGTCTCATTGTACG-1_5_1"
"443","TCGTAGAAGAGGTTTA-1_5_1"
"444","TCGTGGGAGCCTGACC-1_5_1"
"445","TCTACCGTCCATGCAA-1_5_1"
"446","TCTATCAGTTCTGACA-1_5_1"
"447","TCTATCATCCCAGCGA-1_5_1"
"448","TCTCAGCGTCGCATTA-1_5_1"
"449","TCTTTGAAGAATTGCA-1_5_1"
"450","TGACCCTGTATCGTAC-1_5_1"
"451","TGAGGAGCATAGATCC-1_5_1"
"452","TGAGGTTAGGGCCCTT-1_5_1"
"453","TGAGTCAAGAGCCGTA-1_5_1"
"454","TGATCTTCAGCCTTCT-1_5_1"
"455","TGATGCACAGGCATGA-1_5_1"
"456","TGATGGTAGAGAGCCT-1_5_1"
"457","TGATTCTTCGACCACG-1_5_1"
"458","TGCGATAAGGTTCCGC-1_5_1"
"459","TGGAACTGTCAGGTAG-1_5_1"
"460","TGGAGAGAGGTACTGG-1_5_1"
"461","TGGAGGAGTACAGTCT-1_5_1"
"462","TGGAGGAGTGTCCGGT-1_5_1"
"463","TGGGAAGCAGAGGTAC-1_5_1"
"464","TGGGAGATCACTGTCC-1_5_1"
"465","TGGGCGTAGCTTCGTA-1_5_1"
"466","TGGGCTGAGTAACGTA-1_5_1"
"467","TGGGCTGTCATGCATG-1_5_1"
"468","TGGGTTAAGATCCAAA-1_5_1"
"469","TGGTGATAGTCAAGCG-1_5_1"
"470","TGGTGATTCTGAGTCA-1_5_1"
"471","TGGTTAGGTCTATGAC-1_5_1"
"472","TGTAACGAGATGTTGA-1_5_1"
"473","TGTAAGCAGGCGTCCT-1_5_1"
"474","TGTAAGCGTTGTAGCT-1_5_1"
"475","TGTACAGAGTCAAGCG-1_5_1"
"476","TGTACAGCATAGAGGC-1_5_1"
"477","TGTACAGCATTCTCTA-1_5_1"
"478","TGTAGACTCAAATAGG-1_5_1"
"479","TGTCCTGAGGATCACG-1_5_1"
"480","TGTGATGTCCGATGCG-1_5_1"
"481","TGTGCGGCACCAGTAT-1_5_1"
"482","TGTGCGGGTACAGTTC-1_5_1"
"483","TGTGCGGTCGAGTCCG-1_5_1"
"484","TGTGTGAGTATACGGG-1_5_1"
"485","TGTGTGATCTTGCAGA-1_5_1"
"486","TGTTACTAGTGCACCC-1_5_1"
"487","TGTTACTTCTTAGCCC-1_5_1"
"488","TGTTCCGCACTGTCGG-1_5_1"
"489","TGTTCTAGTCTGTGGC-1_5_1"
"490","TGTTCTATCACCATCC-1_5_1"
"491","TGTTGGAGTGTAAACA-1_5_1"
"492","TGTTTGTCAGTATTCG-1_5_1"
"493","TTACAGGAGCACCAGA-1_5_1"
"494","TTACAGGCATCGTGGC-1_5_1"
"495","TTACCATGTGCCTGCA-1_5_1"
"496","TTACCGCCACACGGAA-1_5_1"
"497","TTAGGCACACAATGTC-1_5_1"
"498","TTAGGGTAGACATATG-1_5_1"
"499","TTAGGGTAGTACGTCT-1_5_1"
"500","TTAGGGTCAGTCAACT-1_5_1"
"501","TTAGGGTGTACTGCCG-1_5_1"
"502","TTAGTCTTCCTGTAGA-1_5_1"
"503","TTAGTCTTCGTGGAAG-1_5_1"
"504","TTCAATCTCCCGTGTT-1_5_1"
"505","TTCACCGAGGTGGTTG-1_5_1"
"506","TTCACCGGTAGCGAGT-1_5_1"
"507","TTCCTCTCATCTCGTC-1_5_1"
"508","TTCCTTCGTGGCCCAT-1_5_1"
"509","TTCGATTGTCTAGGCC-1_5_1"
"510","TTCGCTGCAAGGCAAC-1_5_1"
"511","TTCGGTCAGGTCATTC-1_5_1"
"512","TTCTTGATCACGATCA-1_5_1"
"513","TTGGGCGGTGAACGGT-1_5_1"
"514","TTGGGTAAGCGCCGTT-1_5_1"
"515","TTGTGGACAATCACGT-1_5_1"
"516","TTGTTCACACAGCCAC-1_5_1"
"517","TTGTTTGAGACCATTC-1_5_1"
"518","TTGTTTGGTTACACAC-1_5_1"
"519","TTTAGTCTCTTAATCC-1_5_1"
"520","TTTCCTCAGGCTAACG-1_5_1"
"521","TTTGATCGTCATTCCC-1_5_1"
"522","TTTGATCGTGCAATGG-1_5_1"
"523","TTTGATCGTTAGGGTG-1_5_1"
"524","TTTGGTTCATGGAATA-1_5_1"
"525","TTTGGTTGTAACCCGC-1_5_1"
"526","TTTGTTGCACTGGCCA-1_5_1"
