"","x"
"1","AAACGCTAGCCACTCG-1_4_1"
"2","AAACGCTCACAAGGTG-1_4_1"
"3","AAAGAACTCGTGGAAG-1_4_1"
"4","AAAGGATAGCTAGTTC-1_4_1"
"5","AAAGGGCAGCTGGAGT-1_4_1"
"6","AAAGGGCCACAGTCCG-1_4_1"
"7","AAAGTCCAGGTAAACT-1_4_1"
"8","AAAGTCCTCAACTACG-1_4_1"
"9","AAAGTCCTCCCTCGAT-1_4_1"
"10","AACAAAGAGGTCACTT-1_4_1"
"11","AACAACCCATGACTTG-1_4_1"
"12","AACAGGGTCTAGATCG-1_4_1"
"13","AACCAACAGTGATAAC-1_4_1"
"14","AACCAACCATGCAGGA-1_4_1"
"15","AACCAACGTCATATGC-1_4_1"
"16","AACCTTTAGGTAGATT-1_4_1"
"17","AACGAAATCACTACGA-1_4_1"
"18","AACGGGAAGGGTGAGG-1_4_1"
"19","AACGGGAGTACAAACA-1_4_1"
"20","AACGTCAAGCTCTGTA-1_4_1"
"21","AACTTCTTCTATTCGT-1_4_1"
"22","AAGAACACACGCTATA-1_4_1"
"23","AAGAACAGTGTACGCC-1_4_1"
"24","AAGACAACAGTCAGCC-1_4_1"
"25","AAGACAATCGCGTCGA-1_4_1"
"26","AAGACTCGTTTACACG-1_4_1"
"27","AAGATAGGTGCCTTCT-1_4_1"
"28","AAGCATCTCCGTACGG-1_4_1"
"29","AAGCGAGGTGACCGTC-1_4_1"
"30","AAGCGTTCAGACAAAT-1_4_1"
"31","AAGCGTTTCAAGTAAG-1_4_1"
"32","AAGGAATAGGAAGTAG-1_4_1"
"33","AAGGAATGTTCAGCTA-1_4_1"
"34","AAGGAATTCTGCATGA-1_4_1"
"35","AAGGTAAGTACTCGAT-1_4_1"
"36","AAGGTAATCGTAGGAG-1_4_1"
"37","AAGTGAAGTTGCTCAA-1_4_1"
"38","AAGTTCGAGCGACAGT-1_4_1"
"39","AATAGAGGTTTAGAGA-1_4_1"
"40","AATCACGCACACTTAG-1_4_1"
"41","AATCACGCACGGGCTT-1_4_1"
"42","AATCGACCACTTTAGG-1_4_1"
"43","AATCGTGCACGATTCA-1_4_1"
"44","AATGACCTCTTCGTGC-1_4_1"
"45","AATGCCACACGACGAA-1_4_1"
"46","AATGCCAGTTAGAAAC-1_4_1"
"47","AATGGCTCAAACTCGT-1_4_1"
"48","AATGGCTCATGCCATA-1_4_1"
"49","AATGGCTCATGGAATA-1_4_1"
"50","AATGGCTGTATAGGGC-1_4_1"
"51","AATTCCTAGGTCGTCC-1_4_1"
"52","ACAAAGAAGCACTTTG-1_4_1"
"53","ACAAAGAGTTTACGTG-1_4_1"
"54","ACAACCAAGTCACGCC-1_4_1"
"55","ACACAGTGTAACGTTC-1_4_1"
"56","ACACCAAAGCTCATAC-1_4_1"
"57","ACACCAACACAGAGCA-1_4_1"
"58","ACACCAACAGCACCCA-1_4_1"
"59","ACACGCGCATCCAACA-1_4_1"
"60","ACACTGACAACTCCCT-1_4_1"
"61","ACAGGGACAATCTCTT-1_4_1"
"62","ACATGCAAGTGTACAA-1_4_1"
"63","ACATGCACAGGACATG-1_4_1"
"64","ACATGCATCCTCATAT-1_4_1"
"65","ACATTTCGTACCCAGC-1_4_1"
"66","ACATTTCTCCCTGGTT-1_4_1"
"67","ACCAAACCACGCGCAT-1_4_1"
"68","ACCAAACGTGACACAG-1_4_1"
"69","ACCAACAGTAACAAGT-1_4_1"
"70","ACCACAAGTAGACGGT-1_4_1"
"71","ACCACAATCCATTGTT-1_4_1"
"72","ACCACAATCGCCGATG-1_4_1"
"73","ACCCAAATCGTAGCCG-1_4_1"
"74","ACCCTCATCATGACAC-1_4_1"
"75","ACCCTCATCGCACTCT-1_4_1"
"76","ACCGTTCCAGTCCCGA-1_4_1"
"77","ACCGTTCGTGGATGAC-1_4_1"
"78","ACCTACCAGCGGTAAC-1_4_1"
"79","ACCTACCAGTGATGGC-1_4_1"
"80","ACCTACCCATACAGGG-1_4_1"
"81","ACCTGAACACGCGTCA-1_4_1"
"82","ACCTGAACATACCGTA-1_4_1"
"83","ACCTGAAGTTGCACGC-1_4_1"
"84","ACCTGTCCAGCATACT-1_4_1"
"85","ACCTGTCGTAGATCGG-1_4_1"
"86","ACCTGTCTCGGAAGGT-1_4_1"
"87","ACGATGTAGATGCTGG-1_4_1"
"88","ACGATGTTCACTGTCC-1_4_1"
"89","ACGCACGTCAAAGCCT-1_4_1"
"90","ACGCACGTCCATTCAT-1_4_1"
"91","ACGCACGTCGAGCACC-1_4_1"
"92","ACGGGTCCACCGGCTA-1_4_1"
"93","ACGGGTCTCTCTATGT-1_4_1"
"94","ACGGTCGCAGGAGGAG-1_4_1"
"95","ACGGTCGTCTAGGAAA-1_4_1"
"96","ACGGTTACACCTTCGT-1_4_1"
"97","ACGTACAGTGACTAAA-1_4_1"
"98","ACGTAGTCAAAGCACG-1_4_1"
"99","ACGTCCTCACATCCCT-1_4_1"
"100","ACGTCCTCATCCTATT-1_4_1"
"101","ACGTCCTTCTCCCAAC-1_4_1"
"102","ACGTTCCTCCGCCTAT-1_4_1"
"103","ACGTTCCTCTCTGAGA-1_4_1"
"104","ACTATCTGTGCCTTTC-1_4_1"
"105","ACTATGGCAGCTATAC-1_4_1"
"106","ACTATTCTCGTGGCGT-1_4_1"
"107","ACTCCCAAGTCTCGTA-1_4_1"
"108","ACTGATGCACATGAAA-1_4_1"
"109","ACTGATGCACATTCTT-1_4_1"
"110","ACTGATGGTACCTATG-1_4_1"
"111","ACTGATGGTTCAATCG-1_4_1"
"112","ACTGATGTCTAGTCAG-1_4_1"
"113","ACTGCAAAGCGCGTTC-1_4_1"
"114","ACTGTCCAGGTAAGGA-1_4_1"
"115","ACTGTCCAGTAGCTCT-1_4_1"
"116","ACTGTCCGTAGAGACC-1_4_1"
"117","ACTGTCCGTGACACGA-1_4_1"
"118","ACTGTGACAGCTCGGT-1_4_1"
"119","ACTTATCTCGGTCAGC-1_4_1"
"120","ACTTCCGAGCGCCATC-1_4_1"
"121","ACTTCCGTCCTACGGG-1_4_1"
"122","ACTTTCACACTCCGAG-1_4_1"
"123","ACTTTGTCATCGGAAG-1_4_1"
"124","ACTTTGTGTTTGTGGT-1_4_1"
"125","AGAAATGGTCCGCAGT-1_4_1"
"126","AGAACAAAGGGCTAAC-1_4_1"
"127","AGAACAATCTAGGAAA-1_4_1"
"128","AGAACCTCAGCACAGA-1_4_1"
"129","AGAACCTTCGAGTCTA-1_4_1"
"130","AGAAGCGAGATGAATC-1_4_1"
"131","AGAAGCGTCCCAGCGA-1_4_1"
"132","AGACAAAGTAGGGTAC-1_4_1"
"133","AGACAAATCCTTATGT-1_4_1"
"134","AGACACTAGTTCAACC-1_4_1"
"135","AGACACTTCGGATAAA-1_4_1"
"136","AGACACTTCGGCTGTG-1_4_1"
"137","AGACAGGGTCACCGCA-1_4_1"
"138","AGACCATCACCGCTAG-1_4_1"
"139","AGACTCACACCGCTAG-1_4_1"
"140","AGACTCAGTTGCGGAA-1_4_1"
"141","AGAGAATAGATAGCAT-1_4_1"
"142","AGAGAATAGTCGTCTA-1_4_1"
"143","AGAGAATGTCCAAAGG-1_4_1"
"144","AGAGAGCAGGCAGGGA-1_4_1"
"145","AGAGAGCTCTGGACTA-1_4_1"
"146","AGAGCAGGTATCATGC-1_4_1"
"147","AGAGCCCCACCGCTGA-1_4_1"
"148","AGAGCCCGTGGACCAA-1_4_1"
"149","AGATAGAAGAACTTCC-1_4_1"
"150","AGATAGACAACGGCCT-1_4_1"
"151","AGATAGACAATAACGA-1_4_1"
"152","AGATAGATCGAACTCA-1_4_1"
"153","AGATCCATCCGAGAAG-1_4_1"
"154","AGATCCATCTTGGTGA-1_4_1"
"155","AGATCGTGTATCAGCT-1_4_1"
"156","AGCATCAAGACTCCGC-1_4_1"
"157","AGCATCAAGAGATGCC-1_4_1"
"158","AGCCAATTCGGAGTAG-1_4_1"
"159","AGCCAGCCACAGAGCA-1_4_1"
"160","AGCGCCAGTGGTGATG-1_4_1"
"161","AGCGCTGAGTTGTACC-1_4_1"
"162","AGCGTATCAGGACTAG-1_4_1"
"163","AGCGTATCATCTCCCA-1_4_1"
"164","AGCGTCGAGCCATGCC-1_4_1"
"165","AGCTACACATGAGATA-1_4_1"
"166","AGCTCAATCTCAGTCC-1_4_1"
"167","AGGAAATAGCACTCAT-1_4_1"
"168","AGGAAATAGGTATTGA-1_4_1"
"169","AGGAAATAGTGAACAT-1_4_1"
"170","AGGAATAAGTCAACAA-1_4_1"
"171","AGGAATAAGTTCGGTT-1_4_1"
"172","AGGACGAAGCTAATCC-1_4_1"
"173","AGGACTTGTTGATGTC-1_4_1"
"174","AGGACTTTCTACCCAC-1_4_1"
"175","AGGAGGTAGAGAGAAC-1_4_1"
"176","AGGAGGTCACACAGAG-1_4_1"
"177","AGGAGGTCACAGTCAT-1_4_1"
"178","AGGAGGTCATGGGATG-1_4_1"
"179","AGGAGGTTCTCGTGGG-1_4_1"
"180","AGGATCTGTACCGGCT-1_4_1"
"181","AGGCCACCAGTCCGTG-1_4_1"
"182","AGGCCACGTGTTACAC-1_4_1"
"183","AGGCTGCGTACCTAGT-1_4_1"
"184","AGGGAGTCATGAATAG-1_4_1"
"185","AGGGCTCTCCGCATAA-1_4_1"
"186","AGGGTGAGTCTTCCGT-1_4_1"
"187","AGGGTGAGTGTCATGT-1_4_1"
"188","AGGGTTTGTCTAGGCC-1_4_1"
"189","AGGGTTTTCACTGAAC-1_4_1"
"190","AGGTAGGAGCGTATAA-1_4_1"
"191","AGGTAGGTCCTCAGGG-1_4_1"
"192","AGGTCATGTGCGTGCT-1_4_1"
"193","AGGTCTAGTGCCTACG-1_4_1"
"194","AGGTTACAGGTAGACC-1_4_1"
"195","AGGTTACAGTGCAGGT-1_4_1"
"196","AGGTTACCAGACATCT-1_4_1"
"197","AGGTTACTCCGAGGCT-1_4_1"
"198","AGGTTGTAGACTTCGT-1_4_1"
"199","AGGTTGTCAATTCGTG-1_4_1"
"200","AGGTTGTCACCCAAGC-1_4_1"
"201","AGTACCACACCCAACG-1_4_1"
"202","AGTACTGCATATGCGT-1_4_1"
"203","AGTACTGGTGGCCCAT-1_4_1"
"204","AGTAGCTGTCTTGGTA-1_4_1"
"205","AGTAGTCAGTTGCATC-1_4_1"
"206","AGTCAACGTGAGTCAG-1_4_1"
"207","AGTCAACGTGGACAGT-1_4_1"
"208","AGTCAACGTGGTCCCA-1_4_1"
"209","AGTCACACAGCAGATG-1_4_1"
"210","AGTCATGTCAGCTTCC-1_4_1"
"211","AGTCATGTCGTCTCAC-1_4_1"
"212","AGTCTCCAGATGCTAA-1_4_1"
"213","AGTGACTTCAAGCTTG-1_4_1"
"214","AGTGATCCAGAAGCGT-1_4_1"
"215","AGTTCCCTCTGGGCCA-1_4_1"
"216","AGTTCGAGTATCAGCT-1_4_1"
"217","AGTTCGAGTGCATGTT-1_4_1"
"218","AGTTCGATCGTCCTTG-1_4_1"
"219","ATACCTTGTTCCGTTC-1_4_1"
"220","ATAGACCCAAATGGAT-1_4_1"
"221","ATAGACCCACGACAAG-1_4_1"
"222","ATATCCTAGGGACCAT-1_4_1"
"223","ATATCCTCATAAGCAA-1_4_1"
"224","ATCACAGGTTATAGAG-1_4_1"
"225","ATCACGACACGCTATA-1_4_1"
"226","ATCACGAGTTAACAGA-1_4_1"
"227","ATCACTTAGTTGAAGT-1_4_1"
"228","ATCAGGTCAACAGTGG-1_4_1"
"229","ATCAGGTGTACCTTCC-1_4_1"
"230","ATCAGGTGTGGAACAC-1_4_1"
"231","ATCAGGTTCGTGCATA-1_4_1"
"232","ATCAGGTTCTCACGAA-1_4_1"
"233","ATCATTCAGCTACGTT-1_4_1"
"234","ATCCACCCAGGTGGAT-1_4_1"
"235","ATCCCTGGTACCCACG-1_4_1"
"236","ATCCCTGTCGAGGCAA-1_4_1"
"237","ATCCCTGTCTTTCCAA-1_4_1"
"238","ATCCGTCGTCACCGAC-1_4_1"
"239","ATCCGTCGTCTGATCA-1_4_1"
"240","ATCCTATAGTAGGAAG-1_4_1"
"241","ATCCTATGTCGAACGA-1_4_1"
"242","ATCCTATGTCTGTCAA-1_4_1"
"243","ATCGATGGTATCCCTC-1_4_1"
"244","ATCGCCTTCGCTAAAC-1_4_1"
"245","ATCGGATAGAGGCGGA-1_4_1"
"246","ATCGGATAGCACCGAA-1_4_1"
"247","ATCGGATGTAGTCGTT-1_4_1"
"248","ATCGGATTCCATCTGC-1_4_1"
"249","ATCGGCGGTGTTTACG-1_4_1"
"250","ATCGTCCGTTCTTGTT-1_4_1"
"251","ATCGTGACAATGCAGG-1_4_1"
"252","ATCGTGAGTTACACAC-1_4_1"
"253","ATCGTGATCGTGTGAT-1_4_1"
"254","ATGAAAGAGTATGATG-1_4_1"
"255","ATGAAAGTCGACGATT-1_4_1"
"256","ATGACCACAGCGACCT-1_4_1"
"257","ATGACCATCCAACCGG-1_4_1"
"258","ATGACCATCTGATTCT-1_4_1"
"259","ATGAGGGTCGCGCCAA-1_4_1"
"260","ATGAGTCGTATGCGGA-1_4_1"
"261","ATGATCGAGGGTTTCT-1_4_1"
"262","ATGATCGCAAGACTGG-1_4_1"
"263","ATGATCGCATTGTAGC-1_4_1"
"264","ATGATCGGTACAGTTC-1_4_1"
"265","ATGATCGGTGGACCAA-1_4_1"
"266","ATGCATGAGCATCAGG-1_4_1"
"267","ATGCATGAGCGCCTCA-1_4_1"
"268","ATGCCTCAGTTCTACG-1_4_1"
"269","ATGCCTCTCAGTCAGT-1_4_1"
"270","ATGGAGGAGCAGAAAG-1_4_1"
"271","ATGGAGGCAGTCAGAG-1_4_1"
"272","ATGGATCGTCACGTGC-1_4_1"
"273","ATGGATCGTGAGATTA-1_4_1"
"274","ATGGGTTCATATTCGG-1_4_1"
"275","ATGGGTTTCACGGGAA-1_4_1"
"276","ATGGGTTTCCGTGTAA-1_4_1"
"277","ATGGTTGCACAGACGA-1_4_1"
"278","ATGGTTGCAGGAGGTT-1_4_1"
"279","ATGTCCCAGGATACCG-1_4_1"
"280","ATGTCTTCAGCGTGAA-1_4_1"
"281","ATTACCTAGTTGCTCA-1_4_1"
"282","ATTACCTGTTACCGTA-1_4_1"
"283","ATTATCCAGCTTCATG-1_4_1"
"284","ATTATCCCAAGTGCTT-1_4_1"
"285","ATTCACTAGCCACCGT-1_4_1"
"286","ATTCACTCAGACACAG-1_4_1"
"287","ATTCAGGAGCAACCAG-1_4_1"
"288","ATTCAGGGTCTCAAGT-1_4_1"
"289","ATTCCCGAGCCTCGTG-1_4_1"
"290","ATTCCCGCACCTGAAT-1_4_1"
"291","ATTCCCGGTTCCGTTC-1_4_1"
"292","ATTCGTTAGCTAGAAT-1_4_1"
"293","ATTCGTTCATGGGAAC-1_4_1"
"294","ATTCTACAGTTAGTAG-1_4_1"
"295","ATTCTACCACGTCGGT-1_4_1"
"296","ATTCTACGTTTCCAAG-1_4_1"
"297","ATTCTTGTCGTAACCA-1_4_1"
"298","ATTTACCTCTCATTAC-1_4_1"
"299","ATTTCACAGGTTTACC-1_4_1"
"300","ATTTCTGAGTCCCAAT-1_4_1"
"301","ATTTCTGGTCGTGATT-1_4_1"
"302","CAAAGAACAGGCACTC-1_4_1"
"303","CAAAGAACAGGTCCCA-1_4_1"
"304","CAAAGAACATAAGCAA-1_4_1"
"305","CAACAGTGTACGATCT-1_4_1"
"306","CAAGACTAGTTCCAGT-1_4_1"
"307","CAAGACTGTGGCCCAT-1_4_1"
"308","CAAGAGGCACGGGCTT-1_4_1"
"309","CAAGAGGTCACGGAGA-1_4_1"
"310","CAAGAGGTCTCGGTCT-1_4_1"
"311","CAATACGGTATCGTAC-1_4_1"
"312","CAATACGGTGTTATCG-1_4_1"
"313","CAATACGTCGGCTTCT-1_4_1"
"314","CAATACGTCGTTTACT-1_4_1"
"315","CAATCGACACAACATC-1_4_1"
"316","CAATCGATCCTGCCAT-1_4_1"
"317","CAATGACAGCGTTAGG-1_4_1"
"318","CAATGACAGGGTGAGG-1_4_1"
"319","CACAACATCCGACATA-1_4_1"
"320","CACACAAGTTGGTAGG-1_4_1"
"321","CACAGATGTAGCTTAC-1_4_1"
"322","CACATGAAGTGTTGAA-1_4_1"
"323","CACCAAAAGCAGCCTC-1_4_1"
"324","CACCGTTTCGCTTACC-1_4_1"
"325","CACGAATCAAGCTACT-1_4_1"
"326","CACGAATGTGGCCCAT-1_4_1"
"327","CACGAATTCGAACTCA-1_4_1"
"328","CACGTGGGTGTGATGG-1_4_1"
"329","CACTAAGCACCGTCTT-1_4_1"
"330","CACTAAGGTATTGAGA-1_4_1"
"331","CACTAAGGTGCCCTTT-1_4_1"
"332","CACTAAGGTTCAGTAC-1_4_1"
"333","CACTAAGTCGAGGCAA-1_4_1"
"334","CACTGGGAGCCATATC-1_4_1"
"335","CAGAGCCAGAGTGTTA-1_4_1"
"336","CAGATACAGTAAACTG-1_4_1"
"337","CAGATACGTACTCGCG-1_4_1"
"338","CAGATACTCGTGTTCC-1_4_1"
"339","CAGATTGGTTTAGTCG-1_4_1"
"340","CAGCAATGTACTGTTG-1_4_1"
"341","CAGCACGGTAGACTGG-1_4_1"
"342","CAGCAGCCAGTGTGCC-1_4_1"
"343","CAGCCAGAGCACTAAA-1_4_1"
"344","CAGCGTGGTTGGGACA-1_4_1"
"345","CAGGGCTAGGAGTATT-1_4_1"
"346","CAGGTATTCCGATAGT-1_4_1"
"347","CAGTGCGCAACGTTAC-1_4_1"
"348","CAGTGCGTCACGGTCG-1_4_1"
"349","CAGTTCCCAAGTGCTT-1_4_1"
"350","CATAAGCCAAGTTTGC-1_4_1"
"351","CATACAGAGCAATTAG-1_4_1"
"352","CATACAGCAAACCACT-1_4_1"
"353","CATACAGCAGACGCTC-1_4_1"
"354","CATACCCCACCAAATC-1_4_1"
"355","CATACCCTCTTCGTGC-1_4_1"
"356","CATACTTCAGGTCTCG-1_4_1"
"357","CATCAAGAGCGTTCAT-1_4_1"
"358","CATCAAGGTCCGGATC-1_4_1"
"359","CATCAAGGTTTACGTG-1_4_1"
"360","CATCAAGTCCCTTGTG-1_4_1"
"361","CATCCACGTGATAGAT-1_4_1"
"362","CATCCCAGTCTGTAGT-1_4_1"
"363","CATCCCAGTGGACCAA-1_4_1"
"364","CATCCGTGTCTAGTGT-1_4_1"
"365","CATCGCTAGTGACACG-1_4_1"
"366","CATCGCTAGTTGCCCG-1_4_1"
"367","CATCGCTCAAGGTACG-1_4_1"
"368","CATCGGGAGTATCTGC-1_4_1"
"369","CATCGTCCAGTAGAGC-1_4_1"
"370","CATCGTCCATACTTTC-1_4_1"
"371","CATCGTCGTCGCATCG-1_4_1"
"372","CATGAGTGTTCTCAGA-1_4_1"
"373","CATGCCTGTCCCGTGA-1_4_1"
"374","CATGCTCGTACAGTCT-1_4_1"
"375","CATTCCGAGAGTCCGA-1_4_1"
"376","CATTCTATCTAATTCC-1_4_1"
"377","CATTGAGAGAAACACT-1_4_1"
"378","CATTGAGCAAGTTTGC-1_4_1"
"379","CATTGAGCAGTTGTCA-1_4_1"
"380","CATTGCCAGCACTCTA-1_4_1"
"381","CATTGCCGTGCGCTCA-1_4_1"
"382","CATTGCCTCGAGCCTG-1_4_1"
"383","CATTGTTAGTTGCGAG-1_4_1"
"384","CATTGTTGTCATCCCT-1_4_1"
"385","CATTTCAGTCCCAAAT-1_4_1"
"386","CCAAGCGAGAAACTAC-1_4_1"
"387","CCAAGCGGTGGAATGC-1_4_1"
"388","CCAATTTGTAGGAAAG-1_4_1"
"389","CCAATTTTCTCATTGT-1_4_1"
"390","CCACAAACAAGTACCT-1_4_1"
"391","CCACAAATCAACGCTA-1_4_1"
"392","CCACACTTCTATTGTC-1_4_1"
"393","CCACGAGAGTTCAACC-1_4_1"
"394","CCACGAGGTCTCGGGT-1_4_1"
"395","CCACGAGTCCGCGAGT-1_4_1"
"396","CCACTTGAGAGGCGTT-1_4_1"
"397","CCACTTGCACAATGAA-1_4_1"
"398","CCATCACGTGGGTCAA-1_4_1"
"399","CCCAACTGTCGTCAGC-1_4_1"
"400","CCCGAAGCAGGTCTCG-1_4_1"
"401","CCCGGAACACTGCTTC-1_4_1"
"402","CCCGGAACAGAGGGTT-1_4_1"
"403","CCCGGAATCATTCGTT-1_4_1"
"404","CCCTAACCATCTCGTC-1_4_1"
"405","CCCTAACTCTACTTCA-1_4_1"
"406","CCCTCTCCACTCATAG-1_4_1"
"407","CCCTCTCCAGGACTAG-1_4_1"
"408","CCCTTAGAGTCTCGTA-1_4_1"
"409","CCGATCTTCTGGGCCA-1_4_1"
"410","CCGCAAGCAGGGATAC-1_4_1"
"411","CCGCAAGTCAAGATAG-1_4_1"
"412","CCGGGTAGTAGTCTTG-1_4_1"
"413","CCGGTAGCACGGCCAT-1_4_1"
"414","CCGGTAGGTAACGGTG-1_4_1"
"415","CCGGTAGTCTCGACGG-1_4_1"
"416","CCGGTAGTCTGGGTCG-1_4_1"
"417","CCGTAGGCACTGTGAT-1_4_1"
"418","CCGTAGGTCTTACTGT-1_4_1"
"419","CCGTGAGAGACTAAGT-1_4_1"
"420","CCTAACCGTAGGCAGT-1_4_1"
"421","CCTAAGAGTTATGACC-1_4_1"
"422","CCTAAGATCCATACAG-1_4_1"
"423","CCTATCGCAACGACTT-1_4_1"
"424","CCTATCGCATATAGCC-1_4_1"
"425","CCTCAACCAGATGCGA-1_4_1"
"426","CCTCACAAGTGGTTGG-1_4_1"
"427","CCTCACAGTCCCTGTT-1_4_1"
"428","CCTCAGTAGAGCTTTC-1_4_1"
"429","CCTCCTCGTTGGGTTT-1_4_1"
"430","CCTCCTCTCTCGGCTT-1_4_1"
"431","CCTCCTCTCTTACACT-1_4_1"
"432","CCTCTAGAGCACCGTC-1_4_1"
"433","CCTGCATAGTTGTCGT-1_4_1"
"434","CCTGTTGTCATGTCTT-1_4_1"
"435","CCTTCAGAGGATGGCT-1_4_1"
"436","CCTTCAGGTACCGGCT-1_4_1"
"437","CCTTCAGTCATGCCCT-1_4_1"
"438","CCTTTGGCAGAGTTCT-1_4_1"
"439","CGAAGGACAACTACGT-1_4_1"
"440","CGAAGGAGTGGCGTAA-1_4_1"
"441","CGAAGGATCTTGAACG-1_4_1"
"442","CGAAGTTAGGGTCACA-1_4_1"
"443","CGACAGCCACTGCACG-1_4_1"
"444","CGACAGCGTAGGCTGA-1_4_1"
"445","CGACAGCGTCTACATG-1_4_1"
"446","CGAGGAAAGCAGCCCT-1_4_1"
"447","CGAGGAAGTCGATTTG-1_4_1"
"448","CGAGGCTAGGTATTGA-1_4_1"
"449","CGAGTGCAGGGTAATT-1_4_1"
"450","CGAGTGCCACAGGATG-1_4_1"
"451","CGAGTTAAGACCAGAC-1_4_1"
"452","CGAGTTAAGGCGCTTC-1_4_1"
"453","CGAGTTATCCTCATAT-1_4_1"
"454","CGAGTTATCGGACAAG-1_4_1"
"455","CGAGTTATCGTCCATC-1_4_1"
"456","CGATCGGAGGTTTACC-1_4_1"
"457","CGATCGGGTAAGGCCA-1_4_1"
"458","CGATGGCTCCTCAGAA-1_4_1"
"459","CGATGGCTCGGTCATA-1_4_1"
"460","CGCAGGTCAGAATTCC-1_4_1"
"461","CGCAGGTGTCTTTATC-1_4_1"
"462","CGCATAACAATGCTCA-1_4_1"
"463","CGCATGGGTCAAGCGA-1_4_1"
"464","CGCATGGGTTGCATCA-1_4_1"
"465","CGCATGGTCCGTATGA-1_4_1"
"466","CGCCAGACAATCAAGA-1_4_1"
"467","CGCCATTAGAAACTAC-1_4_1"
"468","CGCCATTCAAATAAGC-1_4_1"
"469","CGCCATTTCTGAATCG-1_4_1"
"470","CGCGTGACATCTTAGG-1_4_1"
"471","CGGAACCCAATGCAAA-1_4_1"
"472","CGGAACCCAGCTGTTA-1_4_1"
"473","CGGAACCTCGTAGTCA-1_4_1"
"474","CGGAATTAGGCTATCT-1_4_1"
"475","CGGCAGTTCGGTGAAG-1_4_1"
"476","CGGGCATAGGAGAATG-1_4_1"
"477","CGGGCATGTACAATAG-1_4_1"
"478","CGGGTCATCGCCGATG-1_4_1"
"479","CGGGTGTAGAATTGCA-1_4_1"
"480","CGGGTGTTCAAGCGTT-1_4_1"
"481","CGGTCAGAGCATGATA-1_4_1"
"482","CGGTCAGAGCCTGTCG-1_4_1"
"483","CGTAAGTCAAGCGATG-1_4_1"
"484","CGTCAAAGTCATAACC-1_4_1"
"485","CGTCAAAGTCGGAACA-1_4_1"
"486","CGTCAAATCGAATGCT-1_4_1"
"487","CGTCCATGTGTCATGT-1_4_1"
"488","CGTGATAAGTACGTCT-1_4_1"
"489","CGTGATAGTCGCCTAG-1_4_1"
"490","CGTGATATCTGAGCAT-1_4_1"
"491","CGTGTCTCACTCTGCT-1_4_1"
"492","CGTGTCTCATCGTTCC-1_4_1"
"493","CGTTAGAAGCCTCTGG-1_4_1"
"494","CGTTAGACAGATCCAT-1_4_1"
"495","CGTTCTGTCATCTACT-1_4_1"
"496","CGTTGGGGTCCTCCAT-1_4_1"
"497","CTAACCCTCCCATACC-1_4_1"
"498","CTAACTTCACATGTTG-1_4_1"
"499","CTAACTTTCCATTCGC-1_4_1"
"500","CTAAGTGCAAGACTGG-1_4_1"
"501","CTACATTCAGCTCGGT-1_4_1"
"502","CTACCCATCAGGGTAG-1_4_1"
"503","CTACCCATCTCGTGGG-1_4_1"
"504","CTACCTGAGGTCACCC-1_4_1"
"505","CTACCTGTCCGTAGGC-1_4_1"
"506","CTACCTGTCTCTGCCA-1_4_1"
"507","CTACGGGAGCCTCACG-1_4_1"
"508","CTACGGGAGTAGCAAT-1_4_1"
"509","CTACTATAGGGTTTCT-1_4_1"
"510","CTACTATCATTAGGCT-1_4_1"
"511","CTACTATGTCCAGAAG-1_4_1"
"512","CTACTATGTGCTTATG-1_4_1"
"513","CTAGACACAAGATCCT-1_4_1"
"514","CTAGGTAAGATTAGCA-1_4_1"
"515","CTAGGTAGTTAGGAGC-1_4_1"
"516","CTATCTAGTCCCGCAA-1_4_1"
"517","CTCAACCCAGTAGGAC-1_4_1"
"518","CTCAACCCATAGTCAC-1_4_1"
"519","CTCAACCCATTCTCTA-1_4_1"
"520","CTCAATTTCTCTAAGG-1_4_1"
"521","CTCACTGCAGCTCGGT-1_4_1"
"522","CTCAGTCAGCGCCTTG-1_4_1"
"523","CTCATCGGTTATTCTC-1_4_1"
"524","CTCATGCGTCCAAATC-1_4_1"
"525","CTCATGCTCTGAGTCA-1_4_1"
"526","CTCATTAAGCAATTAG-1_4_1"
"527","CTCATTATCAGCATTG-1_4_1"
"528","CTCCACATCTTTGCTA-1_4_1"
"529","CTCCCAAAGTAGGTTA-1_4_1"
"530","CTCCTCCAGAGATTCA-1_4_1"
"531","CTCCTCCAGGTCCGAA-1_4_1"
"532","CTCCTCCAGTTCTACG-1_4_1"
"533","CTCCTCCGTATCGAAA-1_4_1"
"534","CTCGAGGAGGGAGGCA-1_4_1"
"535","CTCGAGGTCGTAGCTA-1_4_1"
"536","CTCTGGTCAACTTGCA-1_4_1"
"537","CTCTGGTGTAGGTACG-1_4_1"
"538","CTCTGGTGTTGCCGAC-1_4_1"
"539","CTGAATGTCTATTTCG-1_4_1"
"540","CTGATCCTCTGTGCAA-1_4_1"
"541","CTGCAGGCACTTGTGA-1_4_1"
"542","CTGCAGGTCGGCAGTC-1_4_1"
"543","CTGCATCCAAGTGGTG-1_4_1"
"544","CTGCCTAGTTGTGCAT-1_4_1"
"545","CTGCGAGCACCCAATA-1_4_1"
"546","CTGCTCATCAAAGCCT-1_4_1"
"547","CTGGACGAGGACCCAA-1_4_1"
"548","CTGGCAGCAGCTAACT-1_4_1"
"549","CTGGCAGGTCGCTCGA-1_4_1"
"550","CTGGTCTGTTTAAGGA-1_4_1"
"551","CTGTATTGTTGTGCCG-1_4_1"
"552","CTGTGAAAGACCAAGC-1_4_1"
"553","CTTACCGCAATCTCGA-1_4_1"
"554","CTTCAATCACCAGCGT-1_4_1"
"555","CTTCCGAAGGCCATAG-1_4_1"
"556","CTTCCGATCCAAATGC-1_4_1"
"557","CTTCCGATCGCGCCAA-1_4_1"
"558","CTTCCTTAGCTGGTGA-1_4_1"
"559","CTTCGGTCAGAATTCC-1_4_1"
"560","CTTCTAATCGTCTACC-1_4_1"
"561","CTTCTCTAGCTGCCTG-1_4_1"
"562","CTTCTCTCAGGGAATC-1_4_1"
"563","CTTCTCTCAGTCTCTC-1_4_1"
"564","CTTGAGAAGACTACGG-1_4_1"
"565","CTTGAGATCGCGCTGA-1_4_1"
"566","CTTGATTCAAGGCCTC-1_4_1"
"567","CTTGATTGTGGCTACC-1_4_1"
"568","CTTTCAATCTGCATAG-1_4_1"
"569","CTTTCGGTCGGTTGTA-1_4_1"
"570","GAAACCTTCAAGAAAC-1_4_1"
"571","GAACACTAGTATGGCG-1_4_1"
"572","GAACACTTCGCTACGG-1_4_1"
"573","GAACGTTCACGACAAG-1_4_1"
"574","GAACTGTGTATAGCTC-1_4_1"
"575","GAAGCCCAGCCATATC-1_4_1"
"576","GAAGCCCCAATACAGA-1_4_1"
"577","GAAGCCCGTCGTCTCT-1_4_1"
"578","GAAGCGATCTGCCTCA-1_4_1"
"579","GAAGGACCAGGTTCCG-1_4_1"
"580","GAAGGACCATGTTACG-1_4_1"
"581","GAAGGGTAGACAACAT-1_4_1"
"582","GAAGGGTTCAGTGATC-1_4_1"
"583","GAAGTAAAGATACATG-1_4_1"
"584","GAAGTAACAACTACGT-1_4_1"
"585","GAATAGACAGGACTTT-1_4_1"
"586","GAATCGTAGCCTCTGG-1_4_1"
"587","GACATCAAGCGTATAA-1_4_1"
"588","GACATCATCTTCGTAT-1_4_1"
"589","GACCAATAGCTACTGT-1_4_1"
"590","GACCAATCAGACACAG-1_4_1"
"591","GACCAATTCCTAGAGT-1_4_1"
"592","GACCCAGAGCAATTCC-1_4_1"
"593","GACCCTTGTACGTTCA-1_4_1"
"594","GACCCTTGTGGTCTAT-1_4_1"
"595","GACCGTGTCGGTATGT-1_4_1"
"596","GACCTTCGTGGACTGA-1_4_1"
"597","GACGCTGTCATTTGGG-1_4_1"
"598","GACGTTATCTGTCCGT-1_4_1"
"599","GACTCAAAGCGAGTCA-1_4_1"
"600","GACTCTCAGTGCCCGT-1_4_1"
"601","GACTCTCGTGGGCTCT-1_4_1"
"602","GACTCTCGTGGGTATG-1_4_1"
"603","GACTGATAGTCCCGGT-1_4_1"
"604","GACTTCCGTCAGGTAG-1_4_1"
"605","GACTTCCTCTAGGAAA-1_4_1"
"606","GAGAAATCAAACTGCT-1_4_1"
"607","GAGACTTCAGCCGGTT-1_4_1"
"608","GAGACTTTCTCGGCTT-1_4_1"
"609","GAGAGGTCAAGAGGTC-1_4_1"
"610","GAGAGGTCACTCGATA-1_4_1"
"611","GAGAGGTGTACCGGCT-1_4_1"
"612","GAGATGGCAAAGGCGT-1_4_1"
"613","GAGATGGCAATAGGGC-1_4_1"
"614","GAGCCTGAGTAGCAAT-1_4_1"
"615","GAGCCTGCACACCTTC-1_4_1"
"616","GAGCCTGGTCATGACT-1_4_1"
"617","GAGCCTGTCTGACAGT-1_4_1"
"618","GAGCTGCCAGAAGTGC-1_4_1"
"619","GAGCTGCCATGATAGA-1_4_1"
"620","GAGCTGCGTACCAGAG-1_4_1"
"621","GAGGCAAAGACGGTTG-1_4_1"
"622","GAGGCAATCTACGGTA-1_4_1"
"623","GAGGCCTAGTCTGCAT-1_4_1"
"624","GAGGCCTGTCTTACTT-1_4_1"
"625","GAGGCCTTCACTACGA-1_4_1"
"626","GAGTCATCACGGTGCT-1_4_1"
"627","GAGTCTAAGCGATGCA-1_4_1"
"628","GAGTCTAAGTTGTACC-1_4_1"
"629","GAGTCTACAGACAATA-1_4_1"
"630","GAGTCTATCCACGGAC-1_4_1"
"631","GAGTCTATCGTAATGC-1_4_1"
"632","GAGTGAGAGTGATGGC-1_4_1"
"633","GAGTGAGCACGAGAAC-1_4_1"
"634","GAGTTTGGTTCCGCTT-1_4_1"
"635","GATAGCTCACAGTCAT-1_4_1"
"636","GATAGCTCACGATTCA-1_4_1"
"637","GATCACAGTTGTACGT-1_4_1"
"638","GATCAGTCAGCTACAT-1_4_1"
"639","GATCAGTTCCACGTAA-1_4_1"
"640","GATCGTATCAAGGCTT-1_4_1"
"641","GATGACTGTGGATCGA-1_4_1"
"642","GATGATCGTCTCGACG-1_4_1"
"643","GATTCTTAGATAGCAT-1_4_1"
"644","GATTGGTAGAGAGCCT-1_4_1"
"645","GATTGGTTCGCGCCAA-1_4_1"
"646","GATTTCTAGTAACCTC-1_4_1"
"647","GATTTCTCATAGATCC-1_4_1"
"648","GCAACCGCAGACCTGC-1_4_1"
"649","GCACATAGTTCTCGCT-1_4_1"
"650","GCACGGTAGTGCAACG-1_4_1"
"651","GCACGTGTCATGCCCT-1_4_1"
"652","GCACTAAGTTTAGAGA-1_4_1"
"653","GCAGCTGAGCGGGTTA-1_4_1"
"654","GCAGGCTCATAGAATG-1_4_1"
"655","GCAGTTAGTATTTCGG-1_4_1"
"656","GCATCGGGTACGTGAG-1_4_1"
"657","GCATCGGTCAGTGTCA-1_4_1"
"658","GCATCGGTCATCGACA-1_4_1"
"659","GCATCGGTCATTACTC-1_4_1"
"660","GCATCTCCACTGTCCT-1_4_1"
"661","GCATCTCGTACGTGAG-1_4_1"
"662","GCATTAGCACTCGATA-1_4_1"
"663","GCATTAGCAGCATGCC-1_4_1"
"664","GCATTAGTCACGGAGA-1_4_1"
"665","GCCAACGCATTCTCTA-1_4_1"
"666","GCCAACGGTTTGATCG-1_4_1"
"667","GCCAGCATCACAGTGT-1_4_1"
"668","GCCAGCATCGCTCTAC-1_4_1"
"669","GCCAGGTCACTAAACC-1_4_1"
"670","GCCAGGTCAGGTCTCG-1_4_1"
"671","GCCATTCAGGTTCTTG-1_4_1"
"672","GCCCAGAGTCTTCATT-1_4_1"
"673","GCCCAGAGTGTGTACT-1_4_1"
"674","GCCCGAAGTGCAATGG-1_4_1"
"675","GCCCGAATCATCACTT-1_4_1"
"676","GCCGATGTCCTTGGAA-1_4_1"
"677","GCGAGAAAGGGACCAT-1_4_1"
"678","GCGATCGTCCTGTACC-1_4_1"
"679","GCGATCGTCGCGATCG-1_4_1"
"680","GCGGAAAAGTGAGCCA-1_4_1"
"681","GCGGATCTCTTACCAT-1_4_1"
"682","GCGTGCACAACAGTGG-1_4_1"
"683","GCGTGCACATATGCGT-1_4_1"
"684","GCGTGCAGTCGTAATC-1_4_1"
"685","GCGTTTCCAAGCGCAA-1_4_1"
"686","GCTACAACAAATGCTC-1_4_1"
"687","GCTACCTGTCGTGATT-1_4_1"
"688","GCTACCTGTCTTCAAG-1_4_1"
"689","GCTACCTGTGACCGTC-1_4_1"
"690","GCTACCTGTTGCTCGG-1_4_1"
"691","GCTACCTGTTTGTTCT-1_4_1"
"692","GCTGCAGAGAAGAGCA-1_4_1"
"693","GCTGCAGCAAGTCGTT-1_4_1"
"694","GCTGCAGGTCAAAGCG-1_4_1"
"695","GCTGGGTCATCGGATT-1_4_1"
"696","GCTTCACGTAGCGCTC-1_4_1"
"697","GCTTGGGGTGAGGCAT-1_4_1"
"698","GCTTGGGTCAGTGCGC-1_4_1"
"699","GCTTTCGAGGCATTTC-1_4_1"
"700","GCTTTCGCAACCAGAG-1_4_1"
"701","GGAACCCTCAGCCTCT-1_4_1"
"702","GGAACCCTCATTACTC-1_4_1"
"703","GGAAGTGAGCGAGTAC-1_4_1"
"704","GGAATCTAGGTTGGAC-1_4_1"
"705","GGAATCTTCCGCACTT-1_4_1"
"706","GGACGTCAGGTTTGAA-1_4_1"
"707","GGACGTCGTCGCCACA-1_4_1"
"708","GGAGAACCACCCAACG-1_4_1"
"709","GGAGAACCACCGTCTT-1_4_1"
"710","GGAGATGAGTCAGGGT-1_4_1"
"711","GGAGATGGTAGTTAGA-1_4_1"
"712","GGAGCAACAATGTGGG-1_4_1"
"713","GGAGGATGTCGCAGTC-1_4_1"
"714","GGAGGTACAGAGTAAT-1_4_1"
"715","GGATCTACATGGTGGA-1_4_1"
"716","GGATGTTGTTGCATAC-1_4_1"
"717","GGCAGTCGTTTACACG-1_4_1"
"718","GGCGTCACATCTCATT-1_4_1"
"719","GGCGTCAGTACGACTT-1_4_1"
"720","GGCGTCAGTCGGAACA-1_4_1"
"721","GGCTGTGAGGATGCGT-1_4_1"
"722","GGCTGTGGTCATCAGT-1_4_1"
"723","GGGACAAGTCTCTCAC-1_4_1"
"724","GGGACCTAGCTTCATG-1_4_1"
"725","GGGACCTCATGCCGCA-1_4_1"
"726","GGGAGTAAGCCTGACC-1_4_1"
"727","GGGAGTAGTGGTACAG-1_4_1"
"728","GGGAGTATCAAGGCTT-1_4_1"
"729","GGGATGAAGACGGAAA-1_4_1"
"730","GGGATGACAGTTAGAA-1_4_1"
"731","GGGATGAGTAACAGTA-1_4_1"
"732","GGGCCATAGGCTATCT-1_4_1"
"733","GGGCTACAGTTTCAGC-1_4_1"
"734","GGGCTCAGTCAGACGA-1_4_1"
"735","GGGTAGACATAGTCAC-1_4_1"
"736","GGGTAGACATGCCGGT-1_4_1"
"737","GGGTCACCAAGCGAAC-1_4_1"
"738","GGGTCACCACAAGTGG-1_4_1"
"739","GGGTCACTCTGGGATT-1_4_1"
"740","GGGTCTGAGACTCTTG-1_4_1"
"741","GGGTCTGAGCCGGAAT-1_4_1"
"742","GGGTGAAAGCAAATGT-1_4_1"
"743","GGGTGAACACCATTCC-1_4_1"
"744","GGGTGAAGTCGATTCA-1_4_1"
"745","GGGTGTCAGAGCAGCT-1_4_1"
"746","GGGTGTCTCCCTTCCC-1_4_1"
"747","GGGTTTAGTTGTTGAC-1_4_1"
"748","GGTAACTAGCGTATGG-1_4_1"
"749","GGTAACTCAGATTTCG-1_4_1"
"750","GGTAATCAGCATCGAG-1_4_1"
"751","GGTAATCAGTCCCGGT-1_4_1"
"752","GGTAGAGAGCATTTGC-1_4_1"
"753","GGTAGAGTCCTGTTAT-1_4_1"
"754","GGTCACGAGAGATTCA-1_4_1"
"755","GGTGAAGCAGCTATAC-1_4_1"
"756","GGTGATTAGTCCTACA-1_4_1"
"757","GGTGATTTCATTGGTG-1_4_1"
"758","GGTGATTTCGGCTTCT-1_4_1"
"759","GGTGGCTGTAGTTCCA-1_4_1"
"760","GGTGGCTTCGAATCCA-1_4_1"
"761","GGTGTTAGTTAGAGTA-1_4_1"
"762","GGTTAACAGAGAGCAA-1_4_1"
"763","GGTTAACGTCATTCCC-1_4_1"
"764","GGTTCTCAGCTAATGA-1_4_1"
"765","GGTTGTAGTCCAGCGT-1_4_1"
"766","GTAACCAAGTTACTCG-1_4_1"
"767","GTAATGCAGAGTCACG-1_4_1"
"768","GTACAACAGAGGATGA-1_4_1"
"769","GTACAACGTGCTCTTC-1_4_1"
"770","GTACAACTCGGTCTGG-1_4_1"
"771","GTACAGTGTGTAGCAG-1_4_1"
"772","GTAGCTACATCTTCGC-1_4_1"
"773","GTAGGAGAGCTCCACG-1_4_1"
"774","GTAGGAGCAATAACCC-1_4_1"
"775","GTAGGAGGTTGGCCTG-1_4_1"
"776","GTAGGTTAGCATCCTA-1_4_1"
"777","GTAGGTTCAGACCAGA-1_4_1"
"778","GTAGGTTGTAACATAG-1_4_1"
"779","GTAGGTTTCCTACCAC-1_4_1"
"780","GTAGTACAGGAGATAG-1_4_1"
"781","GTAGTACAGTAGACAT-1_4_1"
"782","GTAGTACTCATCGCCT-1_4_1"
"783","GTATTGGAGCTAGAAT-1_4_1"
"784","GTATTGGCACTTCAAG-1_4_1"
"785","GTATTGGTCAAAGAAC-1_4_1"
"786","GTATTTCGTTAGGACG-1_4_1"
"787","GTCAAGTCAATTTCCT-1_4_1"
"788","GTCACGGAGCTAGCCC-1_4_1"
"789","GTCACGGAGTGCAACG-1_4_1"
"790","GTCACGGCAGCTATAC-1_4_1"
"791","GTCATGATCCTGGGTG-1_4_1"
"792","GTCCACTGTATGTGTC-1_4_1"
"793","GTCCCATAGGATGTTA-1_4_1"
"794","GTCCTCACATTCAGCA-1_4_1"
"795","GTCGAATCATAGATGA-1_4_1"
"796","GTCGCGACATCATTTC-1_4_1"
"797","GTCGCGATCATGCCCT-1_4_1"
"798","GTCGTAAAGGTACCTT-1_4_1"
"799","GTCGTAAAGTTGCATC-1_4_1"
"800","GTCGTTCAGCACTGGA-1_4_1"
"801","GTCGTTCAGCGACTGA-1_4_1"
"802","GTCGTTCAGTACAGCG-1_4_1"
"803","GTCGTTCCAGGAGGTT-1_4_1"
"804","GTCGTTCTCTGGGAGA-1_4_1"
"805","GTCTACCAGCCTCTTC-1_4_1"
"806","GTCTACCCAGCGAGTA-1_4_1"
"807","GTCTAGAGTAGGCAGT-1_4_1"
"808","GTCTGTCCATGGCCCA-1_4_1"
"809","GTGACGCCAAAGTGTA-1_4_1"
"810","GTGACGCGTGAACTAA-1_4_1"
"811","GTGAGCCAGGGTCAAC-1_4_1"
"812","GTGAGCCTCTGGACTA-1_4_1"
"813","GTGAGGACAACCTAAC-1_4_1"
"814","GTGAGGATCTCAGAAC-1_4_1"
"815","GTGAGTTCATGAGATA-1_4_1"
"816","GTGAGTTGTAACAGGC-1_4_1"
"817","GTGAGTTTCACTGTTT-1_4_1"
"818","GTGATGTAGAAGCTCG-1_4_1"
"819","GTGATGTCAGAAATCA-1_4_1"
"820","GTGATGTCAGGACTAG-1_4_1"
"821","GTGATGTTCCTTGAAG-1_4_1"
"822","GTGCGTGAGAGGGTAA-1_4_1"
"823","GTGGCGTTCTTACACT-1_4_1"
"824","GTGGTTAAGCTGGCTC-1_4_1"
"825","GTGGTTAGTCGTTTCC-1_4_1"
"826","GTGGTTATCGCCTCTA-1_4_1"
"827","GTGTAACAGCAGCGAT-1_4_1"
"828","GTGTCCTTCATGCGGC-1_4_1"
"829","GTGTGATCATGTTCGA-1_4_1"
"830","GTGTGATTCAGTCTTT-1_4_1"
"831","GTGTGGCAGCCTGACC-1_4_1"
"832","GTGTGGCCAATTCGTG-1_4_1"
"833","GTGTGGCCACGCCACA-1_4_1"
"834","GTGTGGCGTTAGGACG-1_4_1"
"835","GTGTGGCTCGGCGATC-1_4_1"
"836","GTGTTCCGTACACGTT-1_4_1"
"837","GTTACAGAGACTACGG-1_4_1"
"838","GTTACAGGTTGTTGCA-1_4_1"
"839","GTTACCCAGCGTGTTT-1_4_1"
"840","GTTACCCCACAATGAA-1_4_1"
"841","GTTACCCGTCTGCCTT-1_4_1"
"842","GTTACGATCTATGTGG-1_4_1"
"843","GTTACGATCTTCCCAG-1_4_1"
"844","GTTAGACCAGAATCGG-1_4_1"
"845","GTTAGTGCACGCGGTT-1_4_1"
"846","GTTAGTGTCGGTGAAG-1_4_1"
"847","GTTATGGAGCGCCTTG-1_4_1"
"848","GTTCGCTAGAACAAGG-1_4_1"
"849","GTTCGCTGTAGCTTAC-1_4_1"
"850","GTTCTATAGACCGCCT-1_4_1"
"851","GTTCTATCAAGAGATT-1_4_1"
"852","GTTGAACAGTCTTCGA-1_4_1"
"853","GTTGAACAGTTTGTCG-1_4_1"
"854","GTTGAACCAAGTTCGT-1_4_1"
"855","GTTGCGGCAGCGATTT-1_4_1"
"856","GTTGCTCTCACACCCT-1_4_1"
"857","GTTGCTCTCGGCCTTT-1_4_1"
"858","GTTGTCCCACAATGCT-1_4_1"
"859","GTTGTGATCGACGTCG-1_4_1"
"860","GTTTACTTCCTTCACG-1_4_1"
"861","TAACACGGTCTCTCCA-1_4_1"
"862","TAACCAGGTTTGTTGG-1_4_1"
"863","TAACTTCTCTCTGCCA-1_4_1"
"864","TAAGCCAAGTGCACCC-1_4_1"
"865","TAAGTCGGTGACAACG-1_4_1"
"866","TAAGTCGGTGCATCTA-1_4_1"
"867","TAATCTCTCTAGCCAA-1_4_1"
"868","TACAACGAGTCATAGA-1_4_1"
"869","TACAACGTCTTCTTCC-1_4_1"
"870","TACACCCTCCATTTAC-1_4_1"
"871","TACAGGTCACCTAAAC-1_4_1"
"872","TACAGGTCACTACCCT-1_4_1"
"873","TACATTCAGATACCAA-1_4_1"
"874","TACCGAATCTCTCTTC-1_4_1"
"875","TACCGGGAGTGCCAGA-1_4_1"
"876","TACCGGGGTACAAAGT-1_4_1"
"877","TACCGGGGTCATAAAG-1_4_1"
"878","TACCGGGGTTTGGGAG-1_4_1"
"879","TACCTCGAGCGCTGCT-1_4_1"
"880","TACCTCGCAAGGTCAG-1_4_1"
"881","TACGCTCGTACTGCGC-1_4_1"
"882","TACGGGCGTCGTATGT-1_4_1"
"883","TACGGGCTCTACCACC-1_4_1"
"884","TACTGCCCACGCGTGT-1_4_1"
"885","TACTGCCGTATACAGA-1_4_1"
"886","TACTGCCGTCGCATTA-1_4_1"
"887","TACTGCCGTGGCATCC-1_4_1"
"888","TACTTACAGCGCTGAA-1_4_1"
"889","TACTTCATCATTCCTA-1_4_1"
"890","TACTTGTAGCAAGCCA-1_4_1"
"891","TAGACCAAGATGAAGG-1_4_1"
"892","TAGACCATCATAGAGA-1_4_1"
"893","TAGACTGCATTCTTCA-1_4_1"
"894","TAGACTGGTGTTCGAT-1_4_1"
"895","TAGAGTCAGCCTTCTC-1_4_1"
"896","TAGAGTCAGGAACGAA-1_4_1"
"897","TAGAGTCCAAGGCGTA-1_4_1"
"898","TAGAGTCTCGCTACAA-1_4_1"
"899","TAGATCGGTATGGTTC-1_4_1"
"900","TAGGTACGTTAGCTAC-1_4_1"
"901","TAGGTTGAGGCTAGCA-1_4_1"
"902","TAGGTTGCAACAAGAT-1_4_1"
"903","TAGTGCATCTAAGCCA-1_4_1"
"904","TATACCTAGTTGTAGA-1_4_1"
"905","TATATCCAGCCTGACC-1_4_1"
"906","TATATCCGTTCTTGTT-1_4_1"
"907","TATCAGGTCCATCTCG-1_4_1"
"908","TATCTGTAGAGTCTTC-1_4_1"
"909","TATGTTCGTTCGAACT-1_4_1"
"910","TATTCCACAGTCTACA-1_4_1"
"911","TATTGCTCATCCTTGC-1_4_1"
"912","TATTGCTTCCAGCAAT-1_4_1"
"913","TATTGGGTCCACCCTA-1_4_1"
"914","TATTTCGAGGAACTCG-1_4_1"
"915","TATTTCGAGTCATAGA-1_4_1"
"916","TATTTCGTCAGCATTG-1_4_1"
"917","TCAAGACCAGCAATTC-1_4_1"
"918","TCAAGACTCATGGGAG-1_4_1"
"919","TCAAGCAAGTGCCGAA-1_4_1"
"920","TCAAGCAGTGGTGATG-1_4_1"
"921","TCAAGTGGTGGTGATG-1_4_1"
"922","TCAAGTGTCAGGAGAC-1_4_1"
"923","TCAATCTAGTTCGGTT-1_4_1"
"924","TCAATTCAGCAGGGAG-1_4_1"
"925","TCAATTCAGGCTCTAT-1_4_1"
"926","TCACACCCAATAGAGT-1_4_1"
"927","TCACATTGTGTCCAAT-1_4_1"
"928","TCACATTTCACGGTCG-1_4_1"
"929","TCACTATCACCGTCGA-1_4_1"
"930","TCACTATCAGGACATG-1_4_1"
"931","TCACTATGTAGTGCGA-1_4_1"
"932","TCACTCGCACGCGCAT-1_4_1"
"933","TCAGCCTAGCGGTATG-1_4_1"
"934","TCAGCCTAGTATGGAT-1_4_1"
"935","TCAGCCTCAGCCCAGT-1_4_1"
"936","TCAGGGCGTTGCGGAA-1_4_1"
"937","TCAGGTACATGACTTG-1_4_1"
"938","TCAGTTTCAGCCGTCA-1_4_1"
"939","TCATACTAGTCACTGT-1_4_1"
"940","TCATACTCACAGTGAG-1_4_1"
"941","TCATACTCACCAAATC-1_4_1"
"942","TCATACTCATAAGCGG-1_4_1"
"943","TCATACTGTATCGAAA-1_4_1"
"944","TCATCATAGGACATCG-1_4_1"
"945","TCATCCGCATGTAACC-1_4_1"
"946","TCATGCCTCAAAGACA-1_4_1"
"947","TCATGGAAGCTGCCAC-1_4_1"
"948","TCATGTTTCTGGGCCA-1_4_1"
"949","TCATTACGTCATATGC-1_4_1"
"950","TCATTCAGTAGATCCT-1_4_1"
"951","TCATTCATCTTCGACC-1_4_1"
"952","TCATTGTAGAGTTCGG-1_4_1"
"953","TCATTGTCATTGGGAG-1_4_1"
"954","TCATTGTTCGATTTCT-1_4_1"
"955","TCATTTGAGGGCCCTT-1_4_1"
"956","TCATTTGCAATTTCCT-1_4_1"
"957","TCCACCAAGTAGGTTA-1_4_1"
"958","TCCACGTAGCTGACAG-1_4_1"
"959","TCCAGAAAGAACTTCC-1_4_1"
"960","TCCATCGCAAGATGTA-1_4_1"
"961","TCCATCGGTTGAGGAC-1_4_1"
"962","TCCCACACATCGATCA-1_4_1"
"963","TCCCACATCTATTGTC-1_4_1"
"964","TCCCAGTAGGGAACAA-1_4_1"
"965","TCCCAGTCACTCTCGT-1_4_1"
"966","TCCCATGCAGCGCGTT-1_4_1"
"967","TCCCATGTCCTCACGT-1_4_1"
"968","TCCGATCCAATGGCCC-1_4_1"
"969","TCCGATCCAGCTGTGC-1_4_1"
"970","TCCGTGTCAAACGAGC-1_4_1"
"971","TCCTAATAGACGCCAA-1_4_1"
"972","TCCTAATTCAACCCGG-1_4_1"
"973","TCCTCCCGTGTTAAAG-1_4_1"
"974","TCCTCCCTCTGAGGTT-1_4_1"
"975","TCCTCGAGTGGATTTC-1_4_1"
"976","TCGAACATCGGAGATG-1_4_1"
"977","TCGAAGTGTGGTTCTA-1_4_1"
"978","TCGACCTCAACTTCTT-1_4_1"
"979","TCGACCTCAATGGCAG-1_4_1"
"980","TCGCAGGCAAGATGGC-1_4_1"
"981","TCGCAGGCACCTATCC-1_4_1"
"982","TCGCAGGGTAATTGGA-1_4_1"
"983","TCGCAGGGTCGATTAC-1_4_1"
"984","TCGCAGGTCCTCGATC-1_4_1"
"985","TCGCTCACAAAGCACG-1_4_1"
"986","TCGCTCAGTTTCGTTT-1_4_1"
"987","TCGCTTGGTGTTGCCG-1_4_1"
"988","TCGCTTGTCGAAGGAC-1_4_1"
"989","TCGGGACCAAATCGGG-1_4_1"
"990","TCGGGACCAATTCGTG-1_4_1"
"991","TCGGGACGTATCTCGA-1_4_1"
"992","TCGGGACTCGCGTGAC-1_4_1"
"993","TCGGGCAAGCGATTCT-1_4_1"
"994","TCGGGTGAGCGGATCA-1_4_1"
"995","TCGGGTGCAAGTGGTG-1_4_1"
"996","TCGGGTGCAATAGTGA-1_4_1"
"997","TCGGGTGGTTACGATC-1_4_1"
"998","TCGGGTGTCGGTGAAG-1_4_1"
"999","TCGGTCTCAGGACAGT-1_4_1"
"1000","TCGTAGAGTTGTTTGG-1_4_1"
"1001","TCGTCCAAGACCGTTT-1_4_1"
"1002","TCGTCCAGTTAGCGGA-1_4_1"
"1003","TCGTGCTAGGCCTTCG-1_4_1"
"1004","TCGTGGGGTGTTACAC-1_4_1"
"1005","TCTAACTAGCAACCAG-1_4_1"
"1006","TCTAACTCAGTGTATC-1_4_1"
"1007","TCTAACTCATCGTTCC-1_4_1"
"1008","TCTACATAGACCATGG-1_4_1"
"1009","TCTACATTCTAGTTCT-1_4_1"
"1010","TCTCACGCAACCCTCT-1_4_1"
"1011","TCTCACGGTCGCCTAG-1_4_1"
"1012","TCTCACGTCATTGCTT-1_4_1"
"1013","TCTCAGCCAAGACAAT-1_4_1"
"1014","TCTCCGAAGATTGTGA-1_4_1"
"1015","TCTCCGACATCGCTAA-1_4_1"
"1016","TCTGCCATCAAATGCC-1_4_1"
"1017","TCTGCCATCGGTTCAA-1_4_1"
"1018","TCTGGCTGTTGGCTAT-1_4_1"
"1019","TCTGTCGAGTACTGGG-1_4_1"
"1020","TCTGTCGCACTCGATA-1_4_1"
"1021","TCTTAGTAGAGACAAG-1_4_1"
"1022","TCTTAGTAGCTACTGT-1_4_1"
"1023","TCTTCCTAGCATTGAA-1_4_1"
"1024","TCTTCCTAGCTACAAA-1_4_1"
"1025","TCTTCCTGTCCGGTGT-1_4_1"
"1026","TCTTCCTGTGATGTAA-1_4_1"
"1027","TCTTTGAAGTTAACGA-1_4_1"
"1028","TGAACGTCACCTGAAT-1_4_1"
"1029","TGAATCGAGCCTATTG-1_4_1"
"1030","TGAATGCCAGTCGTTA-1_4_1"
"1031","TGACAGTCAACGCCCA-1_4_1"
"1032","TGACGCGCATCCGAGC-1_4_1"
"1033","TGACGCGGTCAGCTTA-1_4_1"
"1034","TGACTCCGTACGAAAT-1_4_1"
"1035","TGAGACTCAGGCTACC-1_4_1"
"1036","TGAGACTGTCGTGGTC-1_4_1"
"1037","TGAGACTTCGTAGCTA-1_4_1"
"1038","TGATCAGGTGAGAACC-1_4_1"
"1039","TGATCAGTCTTCCTAA-1_4_1"
"1040","TGATCTTGTCTGTGTA-1_4_1"
"1041","TGATGCAAGACTTGTC-1_4_1"
"1042","TGATGCAAGCTCTATG-1_4_1"
"1043","TGATGGTTCCCATAGA-1_4_1"
"1044","TGATTCTAGAGGGTGG-1_4_1"
"1045","TGATTCTTCCTAGCGG-1_4_1"
"1046","TGATTTCAGTGGGAAA-1_4_1"
"1047","TGCACGGAGGAACATT-1_4_1"
"1048","TGCAGATGTGGCCACT-1_4_1"
"1049","TGCAGATTCTATCGGA-1_4_1"
"1050","TGCATCCGTAGACAAT-1_4_1"
"1051","TGCATCCTCGATACTG-1_4_1"
"1052","TGCATCCTCGGCACTG-1_4_1"
"1053","TGCATGACACTAACCA-1_4_1"
"1054","TGCATGAGTGCACGCT-1_4_1"
"1055","TGCATGAGTGGCCACT-1_4_1"
"1056","TGCATGATCACTTATC-1_4_1"
"1057","TGCATGATCTTACCGC-1_4_1"
"1058","TGCCGAGAGGTATAGT-1_4_1"
"1059","TGCCGAGTCTTAGCTT-1_4_1"
"1060","TGCGATAGTACTTCCC-1_4_1"
"1061","TGCTCGTAGACCTTTG-1_4_1"
"1062","TGCTCGTAGCTGTTCA-1_4_1"
"1063","TGCTTCGGTGCCTGCA-1_4_1"
"1064","TGCTTCGTCGCGATCG-1_4_1"
"1065","TGCTTCGTCTCATGCC-1_4_1"
"1066","TGCTTGCAGAAAGTCT-1_4_1"
"1067","TGCTTGCAGGTTACAA-1_4_1"
"1068","TGCTTGCTCCTTCTGG-1_4_1"
"1069","TGGAACTGTGGAACAC-1_4_1"
"1070","TGGAGAGAGTGCCTCG-1_4_1"
"1071","TGGAGAGCATCCGGCA-1_4_1"
"1072","TGGAGGACAATGTCTG-1_4_1"
"1073","TGGATCACAGTCCGTG-1_4_1"
"1074","TGGATCAGTTGGCCGT-1_4_1"
"1075","TGGATGTAGACGCATG-1_4_1"
"1076","TGGATGTCAATTGTGC-1_4_1"
"1077","TGGCGTGCATGAGTAA-1_4_1"
"1078","TGGCGTGGTCTAGTGT-1_4_1"
"1079","TGGGAAGTCGGCATAT-1_4_1"
"1080","TGGGATTCATGTGTCA-1_4_1"
"1081","TGGGATTTCTACACTT-1_4_1"
"1082","TGGGCGTGTAGTAAGT-1_4_1"
"1083","TGGGCGTGTTCGTACA-1_4_1"
"1084","TGGGCGTGTTTGAAAG-1_4_1"
"1085","TGGGCTGGTGCAGGAT-1_4_1"
"1086","TGGTACAGTTTCGATG-1_4_1"
"1087","TGGTAGTAGTATAGGT-1_4_1"
"1088","TGGTAGTCACGCTATA-1_4_1"
"1089","TGGTAGTTCAGCATTG-1_4_1"
"1090","TGGTAGTTCATCCTGC-1_4_1"
"1091","TGGTAGTTCATGGCCG-1_4_1"
"1092","TGGTTAGGTCTGTCAA-1_4_1"
"1093","TGGTTAGTCGGCTGGT-1_4_1"
"1094","TGTAACGTCGTGCATA-1_4_1"
"1095","TGTAACGTCTCACGAA-1_4_1"
"1096","TGTACAGGTCCACGCA-1_4_1"
"1097","TGTACAGTCTCATGCC-1_4_1"
"1098","TGTCAGAAGCTTACGT-1_4_1"
"1099","TGTCCACAGACCACGA-1_4_1"
"1100","TGTCCACCAAGGTACG-1_4_1"
"1101","TGTCCTGTCCTATTGT-1_4_1"
"1102","TGTGATGAGCCTGACC-1_4_1"
"1103","TGTGATGTCCGAGTGC-1_4_1"
"1104","TGTGCGGTCAAGCCCG-1_4_1"
"1105","TGTGCGGTCAGTCTTT-1_4_1"
"1106","TGTGTGAAGTCATAGA-1_4_1"
"1107","TGTGTGAGTATCTCGA-1_4_1"
"1108","TGTTCATTCAAGGACG-1_4_1"
"1109","TGTTCCGTCTGGGCAC-1_4_1"
"1110","TGTTGGACAACCGTGC-1_4_1"
"1111","TGTTTGTGTTTCACTT-1_4_1"
"1112","TTAATCCAGACCTCCG-1_4_1"
"1113","TTAATCCCAACTCGTA-1_4_1"
"1114","TTAATCCGTCGATGCC-1_4_1"
"1115","TTACAGGAGTCATGCT-1_4_1"
"1116","TTACAGGCAGCAGTCC-1_4_1"
"1117","TTACCGCGTTGTGCAT-1_4_1"
"1118","TTACCGCTCATGCGGC-1_4_1"
"1119","TTACGCCAGCGGATCA-1_4_1"
"1120","TTACGCCTCGATACAC-1_4_1"
"1121","TTACTGTAGGATGTTA-1_4_1"
"1122","TTACTGTCACTCCACT-1_4_1"
"1123","TTAGGCACACATATGC-1_4_1"
"1124","TTAGGGTTCGGTTAGT-1_4_1"
"1125","TTAGTCTGTCTCGACG-1_4_1"
"1126","TTATTGCGTGTCCACG-1_4_1"
"1127","TTCAATCCACTTCCTG-1_4_1"
"1128","TTCAATCTCACTGTCC-1_4_1"
"1129","TTCAATCTCTTGGATG-1_4_1"
"1130","TTCACCGTCGCTGCGA-1_4_1"
"1131","TTCACGCTCCAAGCAT-1_4_1"
"1132","TTCACGCTCGCTGATA-1_4_1"
"1133","TTCAGGATCCGAAGGA-1_4_1"
"1134","TTCATGTAGACGAAGA-1_4_1"
"1135","TTCATGTAGAGGACTC-1_4_1"
"1136","TTCATGTAGCAATAGT-1_4_1"
"1137","TTCATGTAGGGCAACT-1_4_1"
"1138","TTCATTGCACCTATCC-1_4_1"
"1139","TTCATTGTCCTTCACG-1_4_1"
"1140","TTCATTGTCTTCTGGC-1_4_1"
"1141","TTCCAATAGAAGCTCG-1_4_1"
"1142","TTCCAATGTAGTACGG-1_4_1"
"1143","TTCCGTGTCCTCATAT-1_4_1"
"1144","TTCCTAAAGCTCTTCC-1_4_1"
"1145","TTCCTCTGTATAGGGC-1_4_1"
"1146","TTCGATTTCAGTGGGA-1_4_1"
"1147","TTCGATTTCGCTGTCT-1_4_1"
"1148","TTCGCTGCAGTTGTTG-1_4_1"
"1149","TTCGCTGTCGATACGT-1_4_1"
"1150","TTCGGTCAGTGGCGAT-1_4_1"
"1151","TTCGGTCCAGACAAAT-1_4_1"
"1152","TTCTAACAGAAGCTCG-1_4_1"
"1153","TTCTAACAGCCACAAG-1_4_1"
"1154","TTCTCTCGTGATAGAT-1_4_1"
"1155","TTCTCTCGTGCAATAA-1_4_1"
"1156","TTCTGTATCTGAGTCA-1_4_1"
"1157","TTCTTGACACTCCCTA-1_4_1"
"1158","TTGAACGAGACGGTCA-1_4_1"
"1159","TTGAACGCAAGTATAG-1_4_1"
"1160","TTGAACGGTATGCGTT-1_4_1"
"1161","TTGAACGTCGACATCA-1_4_1"
"1162","TTGAACGTCGTCGACG-1_4_1"
"1163","TTGAGTGCATCCTGTC-1_4_1"
"1164","TTGAGTGTCAACGAGG-1_4_1"
"1165","TTGATGGAGTCAGGGT-1_4_1"
"1166","TTGATGGCACGGAAGT-1_4_1"
"1167","TTGATGGCACTGTGTA-1_4_1"
"1168","TTGATGGGTATGATCC-1_4_1"
"1169","TTGCGTCCAGACAATA-1_4_1"
"1170","TTGCGTCGTCTCAGAT-1_4_1"
"1171","TTGCGTCTCATTGAGC-1_4_1"
"1172","TTGCTGCTCATCCCGT-1_4_1"
"1173","TTGGATGCATTGGCAT-1_4_1"
"1174","TTGGGCGAGTTCTCTT-1_4_1"
"1175","TTGGGCGGTATGTGTC-1_4_1"
"1176","TTGGGTAGTAGGTCAG-1_4_1"
"1177","TTGGGTAGTGATACAA-1_4_1"
"1178","TTGGTTTAGCGTCTGC-1_4_1"
"1179","TTGTGTTAGATGACAT-1_4_1"
"1180","TTGTTCATCCCAAGTA-1_4_1"
"1181","TTGTTCATCCCTCAAC-1_4_1"
"1182","TTGTTCATCCTAAACG-1_4_1"
"1183","TTGTTGTCACGCGCTA-1_4_1"
"1184","TTGTTGTCACGTATAC-1_4_1"
"1185","TTGTTTGCAGGTCAAG-1_4_1"
"1186","TTGTTTGCATGACGTT-1_4_1"
"1187","TTTAGTCAGAAGTGTT-1_4_1"
"1188","TTTAGTCCAGCGTGCT-1_4_1"
"1189","TTTATGCAGCCGATCC-1_4_1"
"1190","TTTCACAAGGGCAGAG-1_4_1"
"1191","TTTCAGTCAGTTCTAG-1_4_1"
"1192","TTTCAGTTCAGCATTG-1_4_1"
"1193","TTTGACTCAGCAGTTT-1_4_1"
"1194","TTTGACTTCATGTCAG-1_4_1"
"1195","TTTGATCTCTGCTCTG-1_4_1"
"1196","TTTGGAGAGTATGACA-1_4_1"
"1197","TTTGGAGCATCGTGGC-1_4_1"
