"","x"
"1","AAACCCAGTATCCTTT-1_1_1"
"2","AAACGAACAGGACGAT-1_1_1"
"3","AAACGAAGTGTAAACA-1_1_1"
"4","AAACGAATCTGCGGGT-1_1_1"
"5","AAACGAATCTTGCAGA-1_1_1"
"6","AAACGCTTCCCTGGTT-1_1_1"
"7","AAAGAACTCTCGTGAA-1_1_1"
"8","AAAGGATGTACAACGG-1_1_1"
"9","AAAGGATTCCCAAGTA-1_1_1"
"10","AAAGGGCCAACACTAC-1_1_1"
"11","AAAGGGCCATGGATCT-1_1_1"
"12","AAAGGGCGTGAGACGT-1_1_1"
"13","AAAGGGCTCGGCCTTT-1_1_1"
"14","AAAGGTACACCGTGAC-1_1_1"
"15","AAAGGTATCCCGTAAA-1_1_1"
"16","AAAGTCCAGGACAAGA-1_1_1"
"17","AAAGTCCAGTAATACG-1_1_1"
"18","AAAGTCCTCCCTCGTA-1_1_1"
"19","AAAGTCCTCTTGAACG-1_1_1"
"20","AAAGTGACATACTGTG-1_1_1"
"21","AAAGTGACATTAAAGG-1_1_1"
"22","AAATGGAAGTACCGGA-1_1_1"
"23","AAATGGACAGTTGCGC-1_1_1"
"24","AAATGGATCAGTGTTG-1_1_1"
"25","AACAAAGAGAACTGAT-1_1_1"
"26","AACAAAGCAACGTAAA-1_1_1"
"27","AACAAGAAGTGCACAG-1_1_1"
"28","AACAGGGGTCCTTTGC-1_1_1"
"29","AACAGGGTCCGCTTAC-1_1_1"
"30","AACAGGGTCGTGTTCC-1_1_1"
"31","AACAGGGTCTTGCAAG-1_1_1"
"32","AACCAACAGTCTAGCT-1_1_1"
"33","AACCACACACTGCATA-1_1_1"
"34","AACCACACAGATCATC-1_1_1"
"35","AACCACACAGCTGGTC-1_1_1"
"36","AACCATGCAGAAGTGC-1_1_1"
"37","AACCATGCAGCTCATA-1_1_1"
"38","AACCATGTCCCATAAG-1_1_1"
"39","AACCCAACAAGGTCGA-1_1_1"
"40","AACCCAAGTACGCTTA-1_1_1"
"41","AACCCAAGTCATACCA-1_1_1"
"42","AACCTGAAGGACAGCT-1_1_1"
"43","AACCTGACACAATGTC-1_1_1"
"44","AACCTTTAGCGAGTCA-1_1_1"
"45","AACCTTTCACCCAATA-1_1_1"
"46","AACGAAAAGTAGCTCT-1_1_1"
"47","AACGAAACAAGTCGTT-1_1_1"
"48","AACGAAACACCTCAGG-1_1_1"
"49","AACGAAAGTAGTCTGT-1_1_1"
"50","AACGGGAAGAGGTGCT-1_1_1"
"51","AACGTCAAGACACACG-1_1_1"
"52","AACGTCAGTCGTCGGT-1_1_1"
"53","AACTTCTAGATGCCGA-1_1_1"
"54","AACTTCTGTGAGTAAT-1_1_1"
"55","AAGAACAGTCATGGCC-1_1_1"
"56","AAGAACAGTGAGATAT-1_1_1"
"57","AAGACAAGTAAGGAGA-1_1_1"
"58","AAGACAAGTCACCACG-1_1_1"
"59","AAGACAATCACGATAC-1_1_1"
"60","AAGACTCCACATAACC-1_1_1"
"61","AAGACTCGTCCTCAGG-1_1_1"
"62","AAGATAGAGTTCACTG-1_1_1"
"63","AAGATAGCATATCGGT-1_1_1"
"64","AAGATAGTCACTTTGT-1_1_1"
"65","AAGCATCAGGCTAAAT-1_1_1"
"66","AAGCATCGTAGCACAG-1_1_1"
"67","AAGCATCGTTACGCCG-1_1_1"
"68","AAGCATCTCACCTCAC-1_1_1"
"69","AAGCCATAGGTTACCT-1_1_1"
"70","AAGCCATCACGTTCGG-1_1_1"
"71","AAGCCATGTGAGCGAT-1_1_1"
"72","AAGCGTTAGCCGGATA-1_1_1"
"73","AAGCGTTAGTACCATC-1_1_1"
"74","AAGCGTTAGTCTTCGA-1_1_1"
"75","AAGCGTTCATGACTAC-1_1_1"
"76","AAGGAATAGAACCGCA-1_1_1"
"77","AAGGAATGTATGGGAC-1_1_1"
"78","AAGGAATGTGGTTCTA-1_1_1"
"79","AAGGTAAAGCAAGTCG-1_1_1"
"80","AAGGTAACACTGCGTG-1_1_1"
"81","AAGGTAACAGTTGTTG-1_1_1"
"82","AAGTACCGTAGAGACC-1_1_1"
"83","AAGTACCGTGCGAACA-1_1_1"
"84","AAGTACCGTTCCAGGC-1_1_1"
"85","AAGTACCTCTCATGGA-1_1_1"
"86","AAGTCGTAGCCTCACG-1_1_1"
"87","AAGTCGTGTCACAGAG-1_1_1"
"88","AAGTCGTTCTCATAGG-1_1_1"
"89","AAGTGAACATACCGTA-1_1_1"
"90","AAGTGAAGTCAAAGCG-1_1_1"
"91","AAGTTCGGTACGTTCA-1_1_1"
"92","AATCACGAGCGACATG-1_1_1"
"93","AATCACGAGCTGTCCG-1_1_1"
"94","AATCACGGTGACACAG-1_1_1"
"95","AATCGACCAAGTATCC-1_1_1"
"96","AATCGACGTATTGAGA-1_1_1"
"97","AATCGACGTCTACTGA-1_1_1"
"98","AATCGACGTGTTGACT-1_1_1"
"99","AATCGTGCAATTCGTG-1_1_1"
"100","AATCGTGGTATCAGGG-1_1_1"
"101","AATGACCTCAGACCGC-1_1_1"
"102","AATGGAACACACCTTC-1_1_1"
"103","AATGGCTCATGGACAG-1_1_1"
"104","AATGGCTGTTTGGCTA-1_1_1"
"105","AATGGCTTCCTACGAA-1_1_1"
"106","AATTCCTCATCCGAAT-1_1_1"
"107","AATTTCCCATTGACTG-1_1_1"
"108","ACAAAGAAGTTAACAG-1_1_1"
"109","ACAAAGAAGTTTCTTC-1_1_1"
"110","ACAAAGAGTCACCGAC-1_1_1"
"111","ACAAAGATCCACTGGG-1_1_1"
"112","ACAACCACACTCCCTA-1_1_1"
"113","ACAACCACAGCGGTTC-1_1_1"
"114","ACAACCAGTCTCTCAC-1_1_1"
"115","ACAACCATCAACTACG-1_1_1"
"116","ACAACCATCCACAGCG-1_1_1"
"117","ACAACCATCCGCATAA-1_1_1"
"118","ACAAGCTGTCGCCTAG-1_1_1"
"119","ACAAGCTGTTACGGAG-1_1_1"
"120","ACAAGCTGTTGCAAGG-1_1_1"
"121","ACACAGTAGTCTCTGA-1_1_1"
"122","ACACAGTAGTTGCGAG-1_1_1"
"123","ACACAGTCAATAAGGT-1_1_1"
"124","ACACAGTTCTACCCAC-1_1_1"
"125","ACACCAACACACCTAA-1_1_1"
"126","ACACCAAGTGTAGGAC-1_1_1"
"127","ACACGCGAGTCGCCAC-1_1_1"
"128","ACACGCGGTTTCGTTT-1_1_1"
"129","ACACGCGTCCCTTCCC-1_1_1"
"130","ACACTGACAAAGGGCT-1_1_1"
"131","ACACTGAGTTGTGGCC-1_1_1"
"132","ACACTGATCGATTCCC-1_1_1"
"133","ACAGAAAAGCCTCTGG-1_1_1"
"134","ACAGAAACAATCACGT-1_1_1"
"135","ACAGCCGAGAACAAGG-1_1_1"
"136","ACAGCCGCACTAGGTT-1_1_1"
"137","ACAGCCGGTATCGCAT-1_1_1"
"138","ACAGCCGTCTGGGCAC-1_1_1"
"139","ACAGGGACAAATGCTC-1_1_1"
"140","ACAGGGACAGGATGAC-1_1_1"
"141","ACAGGGACATCAGTGT-1_1_1"
"142","ACAGGGATCCTACACC-1_1_1"
"143","ACAGGGATCGTCACCT-1_1_1"
"144","ACATCCCCACAAATCC-1_1_1"
"145","ACATCCCGTGATGAAT-1_1_1"
"146","ACATCGAAGTCCCAGC-1_1_1"
"147","ACATCGATCTATCACT-1_1_1"
"148","ACATGCAGTTCAAACC-1_1_1"
"149","ACATGCATCTTCCAGC-1_1_1"
"150","ACATTTCCAGAAACCG-1_1_1"
"151","ACCAAACCAGCTACCG-1_1_1"
"152","ACCAACAGTTTCGTAG-1_1_1"
"153","ACCAACATCAAGTCTG-1_1_1"
"154","ACCACAAAGCACTGGA-1_1_1"
"155","ACCACAACAAACTCTG-1_1_1"
"156","ACCACAATCACGACTA-1_1_1"
"157","ACCACAATCACGGTCG-1_1_1"
"158","ACCACAATCTCGCCTA-1_1_1"
"159","ACCATTTAGGGCAAGG-1_1_1"
"160","ACCATTTTCATACAGC-1_1_1"
"161","ACCATTTTCTACGCAA-1_1_1"
"162","ACCCAAAAGGATATGT-1_1_1"
"163","ACCCAAATCCGATCTC-1_1_1"
"164","ACCCTCAAGTTCCAGT-1_1_1"
"165","ACCCTCAGTCATCTAG-1_1_1"
"166","ACCCTCAGTCCGGTGT-1_1_1"
"167","ACCCTCATCATGACAC-1_1_1"
"168","ACCCTTGAGCTAAGTA-1_1_1"
"169","ACCCTTGCAGTTCCAA-1_1_1"
"170","ACCCTTGGTGACAGCA-1_1_1"
"171","ACCCTTGTCCGTGTGG-1_1_1"
"172","ACCCTTGTCGTCCTCA-1_1_1"
"173","ACCGTTCAGGATACCG-1_1_1"
"174","ACCTACCAGAAGCGGG-1_1_1"
"175","ACCTACCAGCGTGAAC-1_1_1"
"176","ACCTACCAGGCTAAAT-1_1_1"
"177","ACCTACCCAGAAATCA-1_1_1"
"178","ACCTGTCGTGTGCCTG-1_1_1"
"179","ACCTGTCTCACTTGTT-1_1_1"
"180","ACGATCAAGAAAGTCT-1_1_1"
"181","ACGATCATCCCGTAAA-1_1_1"
"182","ACGATCATCTCCCAAC-1_1_1"
"183","ACGATGTCACAGCCAC-1_1_1"
"184","ACGATGTCATCATCCC-1_1_1"
"185","ACGATGTGTATGAGCG-1_1_1"
"186","ACGATGTGTCTCCCTA-1_1_1"
"187","ACGCACGAGCTGAGCA-1_1_1"
"188","ACGCACGGTACCCGAC-1_1_1"
"189","ACGCACGGTCATGCAT-1_1_1"
"190","ACGCACGTCGTTCCCA-1_1_1"
"191","ACGGAAGAGTGATAGT-1_1_1"
"192","ACGGGTCAGGCTCACC-1_1_1"
"193","ACGGTCGAGAGGACTC-1_1_1"
"194","ACGGTCGCAGGTGGAT-1_1_1"
"195","ACGGTCGGTGTGTTTG-1_1_1"
"196","ACGTAACGTTCTTGTT-1_1_1"
"197","ACGTAACTCGTGTGAT-1_1_1"
"198","ACGTACACAGCCATTA-1_1_1"
"199","ACGTACACAGCCCAGT-1_1_1"
"200","ACGTACACATCGGATT-1_1_1"
"201","ACGTACACATTGGATC-1_1_1"
"202","ACGTACAGTAGCACGA-1_1_1"
"203","ACGTCCTAGCTCTTCC-1_1_1"
"204","ACGTCCTCACATATGC-1_1_1"
"205","ACGTCCTGTCCGGATC-1_1_1"
"206","ACGTTCCCAAATAAGC-1_1_1"
"207","ACTACGACACAGCTGC-1_1_1"
"208","ACTATCTAGTAGGGTC-1_1_1"
"209","ACTATCTCATTGTACG-1_1_1"
"210","ACTATCTTCGGTTCAA-1_1_1"
"211","ACTATGGAGTTATGGA-1_1_1"
"212","ACTATGGTCTTCGCTG-1_1_1"
"213","ACTATTCGTGGCAGAT-1_1_1"
"214","ACTATTCTCTCCGCAT-1_1_1"
"215","ACTCCCAGTATGACAA-1_1_1"
"216","ACTCCCATCCATTCGC-1_1_1"
"217","ACTCCCATCCCGGTAG-1_1_1"
"218","ACTCCCATCGATCCAA-1_1_1"
"219","ACTGATGAGAATAACC-1_1_1"
"220","ACTGATGGTGTAGCAG-1_1_1"
"221","ACTGATGTCATTCGTT-1_1_1"
"222","ACTGATGTCCCGAACG-1_1_1"
"223","ACTGCAATCTCGTCAC-1_1_1"
"224","ACTGTGAAGGCTAAAT-1_1_1"
"225","ACTGTGAAGTCACGCC-1_1_1"
"226","ACTGTGACACCAGCCA-1_1_1"
"227","ACTGTGAGTAACATAG-1_1_1"
"228","ACTGTGAGTATAGCTC-1_1_1"
"229","ACTGTGAGTTTGGCTA-1_1_1"
"230","ACTTAGGCATCATCTT-1_1_1"
"231","ACTTAGGGTATGGTTC-1_1_1"
"232","ACTTATCAGATCGCTT-1_1_1"
"233","ACTTATCAGTGTTCAC-1_1_1"
"234","ACTTATCGTAAGGCCA-1_1_1"
"235","ACTTATCTCGAACCTA-1_1_1"
"236","ACTTCCGAGTGGTGGT-1_1_1"
"237","ACTTCCGCAAAGGAGA-1_1_1"
"238","ACTTCCGCAAAGGGCT-1_1_1"
"239","ACTTCCGCAGCCGTTG-1_1_1"
"240","ACTTCGCCACAAGGTG-1_1_1"
"241","ACTTCGCTCTGCAGCG-1_1_1"
"242","ACTTTCAAGCGATCGA-1_1_1"
"243","ACTTTCAGTAGAGATT-1_1_1"
"244","ACTTTCATCAAGTGGG-1_1_1"
"245","ACTTTCATCCCGAGGT-1_1_1"
"246","ACTTTCATCTCTTAAC-1_1_1"
"247","ACTTTGTGTAGACAAT-1_1_1"
"248","ACTTTGTTCGCGATCG-1_1_1"
"249","AGAAATGGTTGCAACT-1_1_1"
"250","AGAAATGTCGCGTGAC-1_1_1"
"251","AGAACAAAGGTAAGGA-1_1_1"
"252","AGAACAATCGAAACAA-1_1_1"
"253","AGAACCTAGATCACCT-1_1_1"
"254","AGAACCTGTAGGTACG-1_1_1"
"255","AGAACCTGTAGTCGTT-1_1_1"
"256","AGAACCTGTGAATTGA-1_1_1"
"257","AGAAGCGAGCCTATCA-1_1_1"
"258","AGAAGCGCACCAGCCA-1_1_1"
"259","AGAAGTACAATCGCCG-1_1_1"
"260","AGAAGTATCACTGATG-1_1_1"
"261","AGACAAAAGACGCTCC-1_1_1"
"262","AGACAAAGTGATTCTG-1_1_1"
"263","AGACACTAGCACTCCG-1_1_1"
"264","AGACACTGTGGGTTGA-1_1_1"
"265","AGACACTGTTAAGAAC-1_1_1"
"266","AGACACTTCAGATTGC-1_1_1"
"267","AGACACTTCGCTCCTA-1_1_1"
"268","AGACCATAGATGAATC-1_1_1"
"269","AGACCATGTCCTGTTC-1_1_1"
"270","AGACCCGAGGGCGAGA-1_1_1"
"271","AGACCCGAGTCAGAGC-1_1_1"
"272","AGACCCGGTGCGCTCA-1_1_1"
"273","AGACCCGTCGTTATCT-1_1_1"
"274","AGACTCATCAACACGT-1_1_1"
"275","AGAGAATGTATCCCTC-1_1_1"
"276","AGAGAATGTGGATCGA-1_1_1"
"277","AGAGAATTCATTGCGA-1_1_1"
"278","AGAGAATTCCTACGAA-1_1_1"
"279","AGAGAATTCGCCTCTA-1_1_1"
"280","AGAGAGCGTTACAGCT-1_1_1"
"281","AGAGAGCTCAGACCGC-1_1_1"
"282","AGAGCAGAGCCTGACC-1_1_1"
"283","AGAGCCCCAGACCATT-1_1_1"
"284","AGAGCCCCAGCACCCA-1_1_1"
"285","AGAGCCCGTATGCGTT-1_1_1"
"286","AGAGCCCGTTTAAGGA-1_1_1"
"287","AGAGCCCTCGTAGTCA-1_1_1"
"288","AGAGCCCTCGTGTGAT-1_1_1"
"289","AGAGCCCTCTTGAGCA-1_1_1"
"290","AGATAGACAGACGATG-1_1_1"
"291","AGATCCAAGGCTCACC-1_1_1"
"292","AGATCCAAGGTAGTCG-1_1_1"
"293","AGATCCACAGCGTACC-1_1_1"
"294","AGATCCATCACTTGGA-1_1_1"
"295","AGATCGTAGTTAACAG-1_1_1"
"296","AGATCGTCAGATAAAC-1_1_1"
"297","AGATGAAAGCGTTCCG-1_1_1"
"298","AGATGAAAGTGTTGTC-1_1_1"
"299","AGATGAAGTATCCCAA-1_1_1"
"300","AGATGCTCAGGAGACT-1_1_1"
"301","AGATGCTGTAAGATTG-1_1_1"
"302","AGCATCAAGGGAGGGT-1_1_1"
"303","AGCATCACATGTAACC-1_1_1"
"304","AGCATCAGTATCGCGC-1_1_1"
"305","AGCATCAGTATGTCAC-1_1_1"
"306","AGCCAATCACATCATG-1_1_1"
"307","AGCCAATCACCTGCTT-1_1_1"
"308","AGCCAATGTATCGAGG-1_1_1"
"309","AGCGATTCATCCGAAT-1_1_1"
"310","AGCGCCACAACCGTGC-1_1_1"
"311","AGCGCCATCATTGTTC-1_1_1"
"312","AGCGCTGGTCTAATCG-1_1_1"
"313","AGCGCTGTCTAGGCCG-1_1_1"
"314","AGCGTCGAGAGCATAT-1_1_1"
"315","AGCTACAAGTGGTGGT-1_1_1"
"316","AGCTACAGTAAGATCA-1_1_1"
"317","AGCTACATCCGATAGT-1_1_1"
"318","AGCTCAAAGCCGCTTG-1_1_1"
"319","AGCTCAAGTCGCAGTC-1_1_1"
"320","AGCTTCCAGACCATTC-1_1_1"
"321","AGCTTCCGTGGCATCC-1_1_1"
"322","AGCTTCCTCTATACGG-1_1_1"
"323","AGCTTCCTCTGGGCAC-1_1_1"
"324","AGGAAATGTAACCCTA-1_1_1"
"325","AGGAATAAGGCCTAAG-1_1_1"
"326","AGGAATACACAACGTT-1_1_1"
"327","AGGAATAGTTGTGGCC-1_1_1"
"328","AGGAATATCCACTGAA-1_1_1"
"329","AGGACGACACTTGGGC-1_1_1"
"330","AGGACGATCACCATGA-1_1_1"
"331","AGGACTTAGCGATTCT-1_1_1"
"332","AGGACTTCATTGAAGA-1_1_1"
"333","AGGAGGTCATATCTCT-1_1_1"
"334","AGGAGGTTCAATGTCG-1_1_1"
"335","AGGAGGTTCCGATCGG-1_1_1"
"336","AGGAGGTTCGTGGTAT-1_1_1"
"337","AGGATAAAGAGCCTGA-1_1_1"
"338","AGGATAATCACTCTTA-1_1_1"
"339","AGGCATTCAAGTAGTA-1_1_1"
"340","AGGCATTGTACGAGTG-1_1_1"
"341","AGGCCACTCCGTTGAA-1_1_1"
"342","AGGCTGCAGGCAGTCA-1_1_1"
"343","AGGCTGCAGGTTCATC-1_1_1"
"344","AGGCTGCGTAGCTTAC-1_1_1"
"345","AGGCTGCGTTTCCCAC-1_1_1"
"346","AGGCTGCTCTTTCCAA-1_1_1"
"347","AGGGAGTAGGACGGAG-1_1_1"
"348","AGGGAGTTCGTTCTCG-1_1_1"
"349","AGGGCCTAGGATTACA-1_1_1"
"350","AGGGCCTCAGACCGCT-1_1_1"
"351","AGGGCCTGTAACAGGC-1_1_1"
"352","AGGGCTCCAGAGCCCT-1_1_1"
"353","AGGGCTCGTCTACACA-1_1_1"
"354","AGGGTCCAGCGGGTTA-1_1_1"
"355","AGGGTCCTCTGTGTGA-1_1_1"
"356","AGGGTGACATTGTCGA-1_1_1"
"357","AGGGTGAGTCATTCCC-1_1_1"
"358","AGGGTTTTCCCGAAAT-1_1_1"
"359","AGGTAGGGTCGTATGT-1_1_1"
"360","AGGTCATAGCTCCCTT-1_1_1"
"361","AGGTCATAGTTCATGC-1_1_1"
"362","AGGTCATCATTCCTCG-1_1_1"
"363","AGGTCATGTAGTCGGA-1_1_1"
"364","AGGTCATGTTTGTTCT-1_1_1"
"365","AGGTCATTCCCTCGAT-1_1_1"
"366","AGGTCTAGTTGAGAGC-1_1_1"
"367","AGGTGTTGTTCGTGCG-1_1_1"
"368","AGGTGTTTCCACCCTA-1_1_1"
"369","AGGTGTTTCGCTGTTC-1_1_1"
"370","AGGTGTTTCTAGCCAA-1_1_1"
"371","AGGTTACAGTTCATGC-1_1_1"
"372","AGGTTACGTCATAACC-1_1_1"
"373","AGGTTACGTGCCCTTT-1_1_1"
"374","AGGTTACGTTCTAACG-1_1_1"
"375","AGGTTGTAGGGCAGAG-1_1_1"
"376","AGGTTGTGTCCTTAAG-1_1_1"
"377","AGGTTGTTCGGACTTA-1_1_1"
"378","AGTACCAAGGAGAATG-1_1_1"
"379","AGTACTGAGGTACAGC-1_1_1"
"380","AGTACTGCAATAACCC-1_1_1"
"381","AGTAGCTAGCAGGCTA-1_1_1"
"382","AGTAGCTCACGACCTG-1_1_1"
"383","AGTAGCTTCTTGGCTC-1_1_1"
"384","AGTAGTCAGCGCCGTT-1_1_1"
"385","AGTAGTCGTATCCTTT-1_1_1"
"386","AGTAGTCTCCCGGTAG-1_1_1"
"387","AGTCAACAGCCTATTG-1_1_1"
"388","AGTCAACGTAGCACGA-1_1_1"
"389","AGTCAACGTATGTGTC-1_1_1"
"390","AGTCAACTCCCAAGCG-1_1_1"
"391","AGTCTCCAGAGTTGCG-1_1_1"
"392","AGTCTCCAGTACTGTC-1_1_1"
"393","AGTCTCCCACCTCAGG-1_1_1"
"394","AGTCTCCTCACGGTCG-1_1_1"
"395","AGTGACTAGAAGTCTA-1_1_1"
"396","AGTGACTGTCTGTGAT-1_1_1"
"397","AGTGACTGTTCGGCGT-1_1_1"
"398","AGTGACTTCGATACGT-1_1_1"
"399","AGTGCCGGTGTGTGGA-1_1_1"
"400","AGTGTTGCAGGTAGTG-1_1_1"
"401","AGTGTTGTCTATCGGA-1_1_1"
"402","AGTTAGCCAGAACTCT-1_1_1"
"403","AGTTCCCGTCCAAGAG-1_1_1"
"404","AGTTCCCGTTATCCAG-1_1_1"
"405","AGTTCGACATTGACTG-1_1_1"
"406","AGTTCGAGTGGATGAC-1_1_1"
"407","ATACCGACATGCCGGT-1_1_1"
"408","ATACCGATCCAGTACA-1_1_1"
"409","ATACCGATCTGGGAGA-1_1_1"
"410","ATACCTTAGGATTACA-1_1_1"
"411","ATACCTTTCAGATTGC-1_1_1"
"412","ATACTTCAGTCAGCCC-1_1_1"
"413","ATACTTCGTGTCTAAC-1_1_1"
"414","ATACTTCGTTGGAGGT-1_1_1"
"415","ATAGACCAGAATCTAG-1_1_1"
"416","ATAGACCAGATAGGGA-1_1_1"
"417","ATAGACCGTCCTCATC-1_1_1"
"418","ATAGAGAAGCCGTTGC-1_1_1"
"419","ATAGGCTAGAGTCTTC-1_1_1"
"420","ATAGGCTCACTTACAG-1_1_1"
"421","ATAGGCTCAGGCGTTC-1_1_1"
"422","ATATCCTCAAGGTCAG-1_1_1"
"423","ATATCCTCACGGCTAC-1_1_1"
"424","ATATCCTGTACTAACC-1_1_1"
"425","ATCACAGCAACCAATC-1_1_1"
"426","ATCACAGCAGAGTGAC-1_1_1"
"427","ATCACAGTCCACACAA-1_1_1"
"428","ATCACTTCAGCAGGAT-1_1_1"
"429","ATCACTTTCAACTACG-1_1_1"
"430","ATCAGGTAGCGTGAAC-1_1_1"
"431","ATCAGGTCACAGTCGC-1_1_1"
"432","ATCAGGTTCTCCCATG-1_1_1"
"433","ATCATTCGTCTGTGAT-1_1_1"
"434","ATCCACCTCCTGTACC-1_1_1"
"435","ATCCATTCAACAGAGC-1_1_1"
"436","ATCCCTGCAGTCGCAC-1_1_1"
"437","ATCCCTGGTCCAGCAC-1_1_1"
"438","ATCCCTGTCGACCAAT-1_1_1"
"439","ATCCTATCAGAAGCTG-1_1_1"
"440","ATCGATGAGTAACGAT-1_1_1"
"441","ATCGATGGTAATTGGA-1_1_1"
"442","ATCGATGGTGTACGCC-1_1_1"
"443","ATCGGATGTGCGCTCA-1_1_1"
"444","ATCGGCGAGGGCAACT-1_1_1"
"445","ATCGGCGAGTTCCATG-1_1_1"
"446","ATCGGCGCATCGTGGC-1_1_1"
"447","ATCGGCGTCATGAGGG-1_1_1"
"448","ATCGTAGAGATCGGTG-1_1_1"
"449","ATCGTAGAGGTAGTAT-1_1_1"
"450","ATCGTAGTCGGAGTGA-1_1_1"
"451","ATCGTCCTCACGAGGA-1_1_1"
"452","ATCGTCCTCGCCCAGA-1_1_1"
"453","ATCGTGAAGTCACTGT-1_1_1"
"454","ATCTCTAGTGAGATTA-1_1_1"
"455","ATCTTCAAGCGTGTCC-1_1_1"
"456","ATCTTCAAGCTAAATG-1_1_1"
"457","ATGAGGGCATCGTGCG-1_1_1"
"458","ATGAGGGTCACTACGA-1_1_1"
"459","ATGAGGGTCTTCGATT-1_1_1"
"460","ATGAGTCTCCGAACGC-1_1_1"
"461","ATGATCGGTAATTAGG-1_1_1"
"462","ATGATCGGTCTACACA-1_1_1"
"463","ATGCATGCAACAGATA-1_1_1"
"464","ATGCCTCCAGATAAAC-1_1_1"
"465","ATGCCTCGTCCCGTGA-1_1_1"
"466","ATGCCTCGTGTTACAC-1_1_1"
"467","ATGCGATAGAGTGTTA-1_1_1"
"468","ATGCGATAGTATAACG-1_1_1"
"469","ATGCGATCACAATGCT-1_1_1"
"470","ATGCGATTCTCTGCCA-1_1_1"
"471","ATGCGATTCTTCGTAT-1_1_1"
"472","ATGGAGGCAACGGTAG-1_1_1"
"473","ATGGAGGCAGTGGTGA-1_1_1"
"474","ATGGAGGCATCCCGTT-1_1_1"
"475","ATGGAGGGTCTATGAC-1_1_1"
"476","ATGGAGGTCTAGTGTG-1_1_1"
"477","ATGGATCAGCTAAATG-1_1_1"
"478","ATGGATCCATTATGCG-1_1_1"
"479","ATGGATCGTGAGGAAA-1_1_1"
"480","ATGGGAGCAGAGATTA-1_1_1"
"481","ATGGGTTGTGACTCTA-1_1_1"
"482","ATGGGTTGTGAGAGGG-1_1_1"
"483","ATGGTTGAGAGCACTG-1_1_1"
"484","ATGGTTGAGCTAGTTC-1_1_1"
"485","ATGTCCCCAATGAAAC-1_1_1"
"486","ATGTCCCTCTGGAAGG-1_1_1"
"487","ATGTCCCTCTTCGACC-1_1_1"
"488","ATGTCTTAGACATATG-1_1_1"
"489","ATGTCTTCACAGTCCG-1_1_1"
"490","ATTACCTCAGCTACAT-1_1_1"
"491","ATTATCCAGTTAGTGA-1_1_1"
"492","ATTATCCCAAGTTCCA-1_1_1"
"493","ATTATCCGTCACTCGG-1_1_1"
"494","ATTATCCTCCACAGGC-1_1_1"
"495","ATTCACTGTTCACCGG-1_1_1"
"496","ATTCAGGAGTTAACAG-1_1_1"
"497","ATTCAGGGTACACGCC-1_1_1"
"498","ATTCATCAGAACAAGG-1_1_1"
"499","ATTCCATTCCAGCCTT-1_1_1"
"500","ATTCCCGAGTCACGAG-1_1_1"
"501","ATTCCCGGTAGGCTCC-1_1_1"
"502","ATTCCTAGTCAAAGAT-1_1_1"
"503","ATTCCTATCACCTACC-1_1_1"
"504","ATTCGTTCACATTCTT-1_1_1"
"505","ATTCTTGAGATTAGAC-1_1_1"
"506","ATTCTTGAGGAAGTGA-1_1_1"
"507","ATTCTTGAGTTGGACG-1_1_1"
"508","ATTCTTGCATTGCTTT-1_1_1"
"509","ATTCTTGGTAGAATAC-1_1_1"
"510","ATTCTTGTCGTTAGAC-1_1_1"
"511","ATTCTTGTCTACACAG-1_1_1"
"512","ATTGGGTCACCAACAT-1_1_1"
"513","ATTGGGTCATAGGAGC-1_1_1"
"514","ATTGGGTCATTCAGCA-1_1_1"
"515","ATTGTTCAGCCATCCG-1_1_1"
"516","ATTGTTCCACAAAGCG-1_1_1"
"517","ATTGTTCCACACGCCA-1_1_1"
"518","ATTGTTCCACGCTGCA-1_1_1"
"519","ATTGTTCCATAACAGA-1_1_1"
"520","ATTGTTCGTTTGGGTT-1_1_1"
"521","ATTTACCAGGACGCTA-1_1_1"
"522","ATTTACCAGGGAGAAT-1_1_1"
"523","ATTTACCGTATCTCGA-1_1_1"
"524","ATTTCACGTAAGTTAG-1_1_1"
"525","ATTTCACGTCTGATCA-1_1_1"
"526","ATTTCTGCAATGACCT-1_1_1"
"527","ATTTCTGGTTGGGATG-1_1_1"
"528","ATTTCTGTCATTACGG-1_1_1"
"529","CAAAGAAAGTCATACC-1_1_1"
"530","CAACAACAGGTCGTAG-1_1_1"
"531","CAACAACCATATGCGT-1_1_1"
"532","CAACAGTAGGACAGCT-1_1_1"
"533","CAACAGTGTCGTGCCA-1_1_1"
"534","CAACAGTGTGGACCTC-1_1_1"
"535","CAACAGTTCGTTCGCT-1_1_1"
"536","CAACCAAAGCATCCTA-1_1_1"
"537","CAACCAATCGTTCTCG-1_1_1"
"538","CAACCTCCAAGATGTA-1_1_1"
"539","CAACCTCCACCTCTGT-1_1_1"
"540","CAACGATAGGGTGGGA-1_1_1"
"541","CAACGATAGTCAGGGT-1_1_1"
"542","CAACGATTCAGCTAGT-1_1_1"
"543","CAACGGCAGCACTAGG-1_1_1"
"544","CAACGGCCACGCTGTG-1_1_1"
"545","CAAGACTAGGTCGTGA-1_1_1"
"546","CAAGAGGAGATCCAAA-1_1_1"
"547","CAAGAGGCAGACAAAT-1_1_1"
"548","CAAGAGGCATGCCATA-1_1_1"
"549","CAAGAGGGTACTAAGA-1_1_1"
"550","CAAGCTACATCATCCC-1_1_1"
"551","CAAGCTAGTCATCTAG-1_1_1"
"552","CAAGGGACAGACAAAT-1_1_1"
"553","CAATACGGTGTACATC-1_1_1"
"554","CAATACGTCATTACTC-1_1_1"
"555","CAATCGACAACCAATC-1_1_1"
"556","CAATGACGTCGCCACA-1_1_1"
"557","CAATTTCGTGAATTGA-1_1_1"
"558","CAATTTCTCGCCAACG-1_1_1"
"559","CACACAACAAGTGTCT-1_1_1"
"560","CACACAACAGCTCTGG-1_1_1"
"561","CACACAATCAAGCTTG-1_1_1"
"562","CACACAATCTGGTGCG-1_1_1"
"563","CACAGATGTACTGAGG-1_1_1"
"564","CACAGGCAGGAGCAAA-1_1_1"
"565","CACATGAAGGCTAGCA-1_1_1"
"566","CACCAAAAGTCACTAC-1_1_1"
"567","CACCAAACAAACTGCT-1_1_1"
"568","CACCAAACAGGCAATG-1_1_1"
"569","CACCAAAGTCGACTTA-1_1_1"
"570","CACCAAATCGGACGTC-1_1_1"
"571","CACCGTTAGAAGATCT-1_1_1"
"572","CACCGTTAGGTGCTGA-1_1_1"
"573","CACCGTTGTCACGTGC-1_1_1"
"574","CACCGTTGTCCGGACT-1_1_1"
"575","CACGAATAGGACAAGA-1_1_1"
"576","CACGAATGTCTCTCAC-1_1_1"
"577","CACGAATGTTAATGAG-1_1_1"
"578","CACGGGTAGATGTTCC-1_1_1"
"579","CACGGGTAGTAACCTC-1_1_1"
"580","CACGGGTTCTGGTCAA-1_1_1"
"581","CACGTGGCAAGAATAC-1_1_1"
"582","CACGTGGCACAGCTGC-1_1_1"
"583","CACGTGGTCTGAGTCA-1_1_1"
"584","CACGTGGTCTGGGATT-1_1_1"
"585","CACGTTCAGACGCCAA-1_1_1"
"586","CACGTTCCACTGATTG-1_1_1"
"587","CACGTTCTCATTCGGA-1_1_1"
"588","CACTAAGTCTCTTCAA-1_1_1"
"589","CACTGGGGTGATGTAA-1_1_1"
"590","CACTGGGTCCTCTAGC-1_1_1"
"591","CACTGTCGTATTGGCT-1_1_1"
"592","CACTTCGAGAGGCTGT-1_1_1"
"593","CACTTCGAGTGCGACA-1_1_1"
"594","CACTTCGGTCATTGCA-1_1_1"
"595","CACTTCGGTTAGGGTG-1_1_1"
"596","CAGAGCCAGTATGAGT-1_1_1"
"597","CAGAGCCCATCGGCCA-1_1_1"
"598","CAGAGCCGTGAGCGAT-1_1_1"
"599","CAGAGCCGTGTTAGCT-1_1_1"
"600","CAGATACTCAGGAACG-1_1_1"
"601","CAGATACTCGAGCCTG-1_1_1"
"602","CAGATCAAGACAAGCC-1_1_1"
"603","CAGATTGGTACGGTTT-1_1_1"
"604","CAGCAATGTTAAGACA-1_1_1"
"605","CAGCACGAGCGTGTTT-1_1_1"
"606","CAGCACGCACCGCTAG-1_1_1"
"607","CAGCACGTCAGTGGGA-1_1_1"
"608","CAGCAGCGTGTGATGG-1_1_1"
"609","CAGCAGCGTTTCCATT-1_1_1"
"610","CAGCAGCTCGGCTTGG-1_1_1"
"611","CAGCCAGGTGGGCTTC-1_1_1"
"612","CAGCCAGGTGTAGCAG-1_1_1"
"613","CAGCCAGTCGACATAC-1_1_1"
"614","CAGCGTGGTACGAGTG-1_1_1"
"615","CAGCGTGTCCGTGTAA-1_1_1"
"616","CAGGCCAGTGAGTCAG-1_1_1"
"617","CAGGGCTCAAGCCTGC-1_1_1"
"618","CAGGTATCAACAGTGG-1_1_1"
"619","CAGGTATGTGCTAGCC-1_1_1"
"620","CAGTTAGAGAAACCCG-1_1_1"
"621","CAGTTAGAGTCCTACA-1_1_1"
"622","CATACAGAGACGACGT-1_1_1"
"623","CATACAGTCATAGAGA-1_1_1"
"624","CATACCCCAGGCTATT-1_1_1"
"625","CATACTTAGTGCACCC-1_1_1"
"626","CATACTTGTATGAGCG-1_1_1"
"627","CATACTTTCATCTCTA-1_1_1"
"628","CATAGACAGACTTCCA-1_1_1"
"629","CATCAAGCAAAGCAAT-1_1_1"
"630","CATCAAGCACCTCTAC-1_1_1"
"631","CATCAAGCACTCATAG-1_1_1"
"632","CATCAAGTCTTCGCTG-1_1_1"
"633","CATCCACTCATTTGGG-1_1_1"
"634","CATCCCACACGAGGTA-1_1_1"
"635","CATCCCAGTCTGATCA-1_1_1"
"636","CATCCCAGTGCATGAG-1_1_1"
"637","CATCCCATCATGCAGT-1_1_1"
"638","CATCCGTTCTTACTGT-1_1_1"
"639","CATCGCTAGGAACGCT-1_1_1"
"640","CATCGGGCACCGAATT-1_1_1"
"641","CATCGGGCAGAGGGTT-1_1_1"
"642","CATCGGGGTGACTAAA-1_1_1"
"643","CATCGGGTCGTAACAC-1_1_1"
"644","CATCGTCGTGGTGATG-1_1_1"
"645","CATCGTCTCTACACTT-1_1_1"
"646","CATGAGTGTCCGAAGA-1_1_1"
"647","CATGAGTGTGCATTTG-1_1_1"
"648","CATGAGTGTTTCGTTT-1_1_1"
"649","CATGCAAAGCGCCTAC-1_1_1"
"650","CATGCAACAGGTCAAG-1_1_1"
"651","CATGCAACATGCACTA-1_1_1"
"652","CATGCCTGTAGAGGAA-1_1_1"
"653","CATGCCTGTGACGTCC-1_1_1"
"654","CATGCCTGTGCCTGCA-1_1_1"
"655","CATGCGGAGAGTATAC-1_1_1"
"656","CATGCGGTCATTGTGG-1_1_1"
"657","CATGCTCCAATCGTCA-1_1_1"
"658","CATGCTCCAGCTGCCA-1_1_1"
"659","CATGGATCAAGTGCTT-1_1_1"
"660","CATGGATTCCCATAAG-1_1_1"
"661","CATGGTAAGCCATTTG-1_1_1"
"662","CATGGTAAGCCTGTGC-1_1_1"
"663","CATGGTAGTATGCTTG-1_1_1"
"664","CATGGTATCAAACTGC-1_1_1"
"665","CATGGTATCGTCGACG-1_1_1"
"666","CATTCATAGAGTGACC-1_1_1"
"667","CATTCATAGCCAAGTG-1_1_1"
"668","CATTCATAGTCGAGGT-1_1_1"
"669","CATTCCGTCGACCAAT-1_1_1"
"670","CATTCTAGTACCATAC-1_1_1"
"671","CATTCTATCCATAGAC-1_1_1"
"672","CATTGAGAGCTGAAAT-1_1_1"
"673","CATTGCCCAATACCTG-1_1_1"
"674","CATTGCCGTGACTGAG-1_1_1"
"675","CATTGTTAGTGCGTCC-1_1_1"
"676","CATTGTTTCACTTGTT-1_1_1"
"677","CATTTCATCTACACTT-1_1_1"
"678","CCAAGCGCATCCCGTT-1_1_1"
"679","CCACAAACATCTGTTT-1_1_1"
"680","CCACAAATCCCGATCT-1_1_1"
"681","CCACACTCATCTATCT-1_1_1"
"682","CCACCATCAAGCTGTT-1_1_1"
"683","CCACCATCACGCGTGT-1_1_1"
"684","CCACGTTAGTTATGGA-1_1_1"
"685","CCACGTTGTCTAGGTT-1_1_1"
"686","CCACGTTTCAGCGGAA-1_1_1"
"687","CCACGTTTCGATACTG-1_1_1"
"688","CCACGTTTCTATCCAT-1_1_1"
"689","CCACTTGAGAGAATCT-1_1_1"
"690","CCACTTGCACATCCCT-1_1_1"
"691","CCACTTGGTACCGGAA-1_1_1"
"692","CCACTTGGTAGTAAGT-1_1_1"
"693","CCATAAGAGCACTAAA-1_1_1"
"694","CCATAAGAGGTGAGCT-1_1_1"
"695","CCATCACAGACTTCCA-1_1_1"
"696","CCATCACAGATTGATG-1_1_1"
"697","CCATCACAGCACCTGC-1_1_1"
"698","CCATCACCATACGCAT-1_1_1"
"699","CCATCACCATATCTCT-1_1_1"
"700","CCATCACGTCTGTGTA-1_1_1"
"701","CCCAACTAGGTCATTC-1_1_1"
"702","CCCATTGCAATTGAAG-1_1_1"
"703","CCCGAAGAGAGTTCGG-1_1_1"
"704","CCCGAAGAGCACTAGG-1_1_1"
"705","CCCGGAACAACGGGTA-1_1_1"
"706","CCCTAACAGGTCATAA-1_1_1"
"707","CCCTAACCACATATGC-1_1_1"
"708","CCCTAACCATATCGGT-1_1_1"
"709","CCCTCAACATAACAGA-1_1_1"
"710","CCCTCAAGTAACACGG-1_1_1"
"711","CCCTCAAGTACAGGTG-1_1_1"
"712","CCCTCAATCGAACGGA-1_1_1"
"713","CCCTCTCAGAGCATAT-1_1_1"
"714","CCCTCTCTCGTCCTCA-1_1_1"
"715","CCCTCTCTCTAGGCAT-1_1_1"
"716","CCCTGATCACTTGTGA-1_1_1"
"717","CCCTGATGTTACTCAG-1_1_1"
"718","CCCTGATTCTAGTACG-1_1_1"
"719","CCCTTAGTCAGCCTCT-1_1_1"
"720","CCCTTAGTCGGTAGGA-1_1_1"
"721","CCGAACGGTCCCAAAT-1_1_1"
"722","CCGAACGGTGAATGAT-1_1_1"
"723","CCGAACGGTTTCCATT-1_1_1"
"724","CCGATCTTCCGTAGGC-1_1_1"
"725","CCGATCTTCTAACACG-1_1_1"
"726","CCGATGGAGACTCGAG-1_1_1"
"727","CCGATGGAGTAATTGG-1_1_1"
"728","CCGATGGCATGCCGAC-1_1_1"
"729","CCGATGGGTAGGTCAG-1_1_1"
"730","CCGCAAGAGGAACGTC-1_1_1"
"731","CCGGACAAGTCTTCGA-1_1_1"
"732","CCGGACAGTCTAGGCC-1_1_1"
"733","CCGGGTAAGAAATTGC-1_1_1"
"734","CCGGGTAGTGTGGTCC-1_1_1"
"735","CCGGTAGAGGCACCAA-1_1_1"
"736","CCGGTGAAGGGTACGT-1_1_1"
"737","CCGGTGACAAACCGGA-1_1_1"
"738","CCGGTGACACTGTTCC-1_1_1"
"739","CCGTAGGAGTCGAGGT-1_1_1"
"740","CCGTAGGCAGTGCGCT-1_1_1"
"741","CCGTAGGTCGCAACAT-1_1_1"
"742","CCGTGAGCACTGAGGA-1_1_1"
"743","CCGTGAGTCGAGTACT-1_1_1"
"744","CCGTTCACAACCAGAG-1_1_1"
"745","CCGTTCAGTACCGTGC-1_1_1"
"746","CCGTTCAGTCACGTGC-1_1_1"
"747","CCTAACCTCAGGGTAG-1_1_1"
"748","CCTAACCTCCCGTGAG-1_1_1"
"749","CCTAAGAGTGGATTTC-1_1_1"
"750","CCTAAGATCGGTGTTA-1_1_1"
"751","CCTAAGATCGTCAGAT-1_1_1"
"752","CCTAAGATCGTGTGGC-1_1_1"
"753","CCTACGTAGTACGTCT-1_1_1"
"754","CCTACGTTCCTTGACC-1_1_1"
"755","CCTATCGTCCGTGACG-1_1_1"
"756","CCTATCGTCCTAAGTG-1_1_1"
"757","CCTATCGTCCTCACTG-1_1_1"
"758","CCTCAACTCAAGCCTA-1_1_1"
"759","CCTCAACTCGATGGAG-1_1_1"
"760","CCTCACACAAGGTCAG-1_1_1"
"761","CCTCACATCACCGGGT-1_1_1"
"762","CCTCAGTAGCCAGACA-1_1_1"
"763","CCTCAGTAGCCGTCGT-1_1_1"
"764","CCTCAGTCACAGAAGC-1_1_1"
"765","CCTCAGTCACGAAGAC-1_1_1"
"766","CCTCAGTGTGGTATGG-1_1_1"
"767","CCTCATGAGTATGGAT-1_1_1"
"768","CCTCCAAAGAGTATAC-1_1_1"
"769","CCTCTAGAGAAGTCAT-1_1_1"
"770","CCTCTAGAGACTTAAG-1_1_1"
"771","CCTCTCCGTCATACCA-1_1_1"
"772","CCTCTCCGTCGGTGTC-1_1_1"
"773","CCTCTCCGTTCATCGA-1_1_1"
"774","CCTGCATAGGGTTGCA-1_1_1"
"775","CCTGCATGTTATGGTC-1_1_1"
"776","CCTGCATTCAGAACCT-1_1_1"
"777","CCTGCATTCATCTACT-1_1_1"
"778","CCTGTTGAGAGGTTTA-1_1_1"
"779","CCTGTTGTCCATATGG-1_1_1"
"780","CCTGTTGTCCGATGTA-1_1_1"
"781","CCTGTTGTCGAAATCC-1_1_1"
"782","CCTTCAGTCAAGCCCG-1_1_1"
"783","CCTTCAGTCGAAGAAT-1_1_1"
"784","CCTTGTGAGCGTTCAT-1_1_1"
"785","CCTTGTGAGTGGTTAA-1_1_1"
"786","CCTTGTGTCTGTCTCG-1_1_1"
"787","CCTTTGGCAATGTTGC-1_1_1"
"788","CCTTTGGGTCCGAAGA-1_1_1"
"789","CGAAGGATCTGTGTGA-1_1_1"
"790","CGAAGTTCACGCGGTT-1_1_1"
"791","CGAAGTTGTACTCGAT-1_1_1"
"792","CGAATTGTCTCATGGA-1_1_1"
"793","CGACAGCCAAGAATGT-1_1_1"
"794","CGACAGCTCCATTTAC-1_1_1"
"795","CGACAGCTCTAATTCC-1_1_1"
"796","CGACAGCTCTGCGATA-1_1_1"
"797","CGAGAAGAGGAAGAAC-1_1_1"
"798","CGAGGAACATAGCTGT-1_1_1"
"799","CGAGGAATCTGAATCG-1_1_1"
"800","CGAGGCTAGGGTCACA-1_1_1"
"801","CGAGGCTCATATCTGG-1_1_1"
"802","CGAGGCTGTCGAAACG-1_1_1"
"803","CGAGGCTTCAGTGTGT-1_1_1"
"804","CGAGTGCAGTGTTCAC-1_1_1"
"805","CGAGTTAAGACCAGCA-1_1_1"
"806","CGAGTTACAGGCTACC-1_1_1"
"807","CGAGTTAGTGACGTCC-1_1_1"
"808","CGATCGGGTAAGTTAG-1_1_1"
"809","CGATGCGTCCGCGAGT-1_1_1"
"810","CGATGGCTCTTTGCTA-1_1_1"
"811","CGCAGGTAGCCTCCAG-1_1_1"
"812","CGCAGGTAGGGTTAAT-1_1_1"
"813","CGCAGGTGTCTCGGGT-1_1_1"
"814","CGCAGGTGTGTCCTAA-1_1_1"
"815","CGCATGGAGGGACAGG-1_1_1"
"816","CGCCAGAAGACGAAGA-1_1_1"
"817","CGCCAGACACGGTAGA-1_1_1"
"818","CGCCATTCAACCAATC-1_1_1"
"819","CGCGTGAAGTACAGCG-1_1_1"
"820","CGCGTGACAACTAGAA-1_1_1"
"821","CGCGTGAGTCACGTGC-1_1_1"
"822","CGCGTGAGTTCGGACC-1_1_1"
"823","CGGAACCAGGTTGGTG-1_1_1"
"824","CGGAACCGTAGACTGG-1_1_1"
"825","CGGAACCGTCGGCTAC-1_1_1"
"826","CGGAATTAGGTCGAGT-1_1_1"
"827","CGGAATTGTAACCCTA-1_1_1"
"828","CGGAATTGTTGGGACA-1_1_1"
"829","CGGACACCAAAGCTAA-1_1_1"
"830","CGGACACCACCAGCCA-1_1_1"
"831","CGGACACCACGTACTA-1_1_1"
"832","CGGACACGTTGTAAAG-1_1_1"
"833","CGGAGAAAGAGTGGCT-1_1_1"
"834","CGGAGAAGTAGCGATG-1_1_1"
"835","CGGCAGTTCACTGAAC-1_1_1"
"836","CGGCAGTTCTCATTAC-1_1_1"
"837","CGGGACTCATATCTGG-1_1_1"
"838","CGGGCATCACTCACTC-1_1_1"
"839","CGGGCATCAGAGTAAT-1_1_1"
"840","CGGGCATTCCATCAGA-1_1_1"
"841","CGGGCATTCTCGGTAA-1_1_1"
"842","CGGGTCAAGGTAAGAG-1_1_1"
"843","CGGGTCAGTATTTCTC-1_1_1"
"844","CGGGTCAGTTCTTCAT-1_1_1"
"845","CGGGTCATCTCGACGG-1_1_1"
"846","CGGGTGTCAAACGGCA-1_1_1"
"847","CGTAAGTCATAACTCG-1_1_1"
"848","CGTAATGGTGAATGTA-1_1_1"
"849","CGTAATGTCCTTCGAC-1_1_1"
"850","CGTAGTAAGTGGACGT-1_1_1"
"851","CGTAGTAGTCCAAATC-1_1_1"
"852","CGTCAAACAGTTACCA-1_1_1"
"853","CGTCAAATCGGCCAAC-1_1_1"
"854","CGTCAAATCGGTGTAT-1_1_1"
"855","CGTCCATCACCGTGCA-1_1_1"
"856","CGTCCATGTAGGGAGG-1_1_1"
"857","CGTCCATGTCGTACAT-1_1_1"
"858","CGTCCATTCCTGCCAT-1_1_1"
"859","CGTCCATTCTAGTCAG-1_1_1"
"860","CGTGATATCAATCTTC-1_1_1"
"861","CGTGCTTAGGCAGCTA-1_1_1"
"862","CGTGCTTAGTATCTGC-1_1_1"
"863","CGTGCTTAGTGATAGT-1_1_1"
"864","CGTGCTTCACGCTGAC-1_1_1"
"865","CGTGCTTGTGGCACTC-1_1_1"
"866","CGTGTCTCAATGAGCG-1_1_1"
"867","CGTGTCTGTGGACCAA-1_1_1"
"868","CGTGTCTGTTCTCACC-1_1_1"
"869","CGTTAGACAACAAGAT-1_1_1"
"870","CGTTAGAGTGTACAGG-1_1_1"
"871","CGTTGGGAGGATATGT-1_1_1"
"872","CGTTGGGAGGCTTCCG-1_1_1"
"873","CGTTGGGAGGTCGTCC-1_1_1"
"874","CGTTGGGGTCGGATTT-1_1_1"
"875","CTAACCCCAGGACTTT-1_1_1"
"876","CTAACCCGTATACAGA-1_1_1"
"877","CTACAGAAGTAGAATC-1_1_1"
"878","CTACAGAGTATGAGGC-1_1_1"
"879","CTACAGATCCATCAGA-1_1_1"
"880","CTACAGATCTATTGTC-1_1_1"
"881","CTACATTGTGTATACC-1_1_1"
"882","CTACCCAGTCGTACAT-1_1_1"
"883","CTACCCATCCCGAGAC-1_1_1"
"884","CTACCCATCGAATCCA-1_1_1"
"885","CTACCCATCGCTGTTC-1_1_1"
"886","CTACCTGCATGTACGT-1_1_1"
"887","CTACCTGGTCCTACAA-1_1_1"
"888","CTACCTGGTCTCAGGC-1_1_1"
"889","CTACCTGTCGTACACA-1_1_1"
"890","CTACGGGCACGCGCTA-1_1_1"
"891","CTACGGGCAGACCTAT-1_1_1"
"892","CTACGGGCAGCAGATG-1_1_1"
"893","CTACGGGCAGCATACT-1_1_1"
"894","CTACGGGGTCACTACA-1_1_1"
"895","CTACGGGGTGTCATTG-1_1_1"
"896","CTACGGGTCAGACTGT-1_1_1"
"897","CTACTATAGGGCGAAG-1_1_1"
"898","CTACTATCAAATGCTC-1_1_1"
"899","CTACTATGTAGGAAAG-1_1_1"
"900","CTAGACAAGGTCTGGA-1_1_1"
"901","CTAGGTAAGGGATGTC-1_1_1"
"902","CTAGGTACACCGTGGT-1_1_1"
"903","CTAGGTACAGTAGGAC-1_1_1"
"904","CTAGGTAGTATGCGTT-1_1_1"
"905","CTAGGTATCCGCAGTG-1_1_1"
"906","CTATAGGGTTCAAGGG-1_1_1"
"907","CTATCCGTCTCGTTTA-1_1_1"
"908","CTATCTAGTCTTCCGT-1_1_1"
"909","CTCAACCAGGTTCTAC-1_1_1"
"910","CTCAACCAGTGAGTTA-1_1_1"
"911","CTCAACCGTAGTACGG-1_1_1"
"912","CTCAAGAAGCGCCTAC-1_1_1"
"913","CTCAAGAGTCATATGC-1_1_1"
"914","CTCAATTAGAATTCAG-1_1_1"
"915","CTCACTGAGGTCGTAG-1_1_1"
"916","CTCACTGAGTTAACAG-1_1_1"
"917","CTCACTGGTCATGGCC-1_1_1"
"918","CTCACTGGTTCCGGTG-1_1_1"
"919","CTCAGAAGTCCGGATC-1_1_1"
"920","CTCAGAATCACCCTTG-1_1_1"
"921","CTCAGGGCACTAGGTT-1_1_1"
"922","CTCAGGGGTACTGGGA-1_1_1"
"923","CTCAGGGGTGTGGACA-1_1_1"
"924","CTCAGGGTCGTGCACG-1_1_1"
"925","CTCATCGAGTACAACA-1_1_1"
"926","CTCATCGCACAGAGCA-1_1_1"
"927","CTCATGCCACTTGAGT-1_1_1"
"928","CTCATTAGTAATTGGA-1_1_1"
"929","CTCATTATCGACGATT-1_1_1"
"930","CTCCACACAAGAATAC-1_1_1"
"931","CTCCACACACTGCGAC-1_1_1"
"932","CTCCACAGTCTTTATC-1_1_1"
"933","CTCCACATCACCTTAT-1_1_1"
"934","CTCCATGTCGTGGAAG-1_1_1"
"935","CTCCCAACAAGACAAT-1_1_1"
"936","CTCCCAAGTACGAGCA-1_1_1"
"937","CTCCCAAGTGAGGCAT-1_1_1"
"938","CTCCCTCAGACCTCAT-1_1_1"
"939","CTCCCTCAGTCCGCGT-1_1_1"
"940","CTCCCTCAGTTGCCCG-1_1_1"
"941","CTCCCTCCAACTCGTA-1_1_1"
"942","CTCCGATGTAATGTGA-1_1_1"
"943","CTCCGATGTCCGCAGT-1_1_1"
"944","CTCCGATTCTTCGTGC-1_1_1"
"945","CTCCTCCAGGCAGGTT-1_1_1"
"946","CTCCTCCAGTGACACG-1_1_1"
"947","CTCCTCCGTTGGCCTG-1_1_1"
"948","CTCCTCCTCCGAGATT-1_1_1"
"949","CTCCTTTGTACTGGGA-1_1_1"
"950","CTCCTTTTCAGTCTTT-1_1_1"
"951","CTCGAGGAGGAAGTCC-1_1_1"
"952","CTCGAGGCAACCTATG-1_1_1"
"953","CTCTCAGAGATTGGGC-1_1_1"
"954","CTCTCAGAGTACGAGC-1_1_1"
"955","CTCTCAGCAATCGCGC-1_1_1"
"956","CTCTCAGTCCTATTTG-1_1_1"
"957","CTCTCGAAGGCTGAAC-1_1_1"
"958","CTCTCGAAGGGAGAAT-1_1_1"
"959","CTCTGGTAGGTACAAT-1_1_1"
"960","CTCTGGTTCGCGTAGC-1_1_1"
"961","CTGAATGAGATGGGCT-1_1_1"
"962","CTGAATGAGTCACGCC-1_1_1"
"963","CTGAATGGTGGCTACC-1_1_1"
"964","CTGAATGTCAAGTCGT-1_1_1"
"965","CTGAGCGAGCTGCCTG-1_1_1"
"966","CTGAGCGCAATACGAA-1_1_1"
"967","CTGAGCGGTTTGGAAA-1_1_1"
"968","CTGAGGCCAAGAAACT-1_1_1"
"969","CTGAGGCGTACAAAGT-1_1_1"
"970","CTGAGGCGTATGTCAC-1_1_1"
"971","CTGAGGCTCATTTCGT-1_1_1"
"972","CTGATCCAGGTGTGAC-1_1_1"
"973","CTGATCCTCTCCTGCA-1_1_1"
"974","CTGCAGGGTGCCCTTT-1_1_1"
"975","CTGCAGGTCATAGCAC-1_1_1"
"976","CTGCATCAGACAGCTG-1_1_1"
"977","CTGCATCAGGTGAGCT-1_1_1"
"978","CTGCATCCAGGATTCT-1_1_1"
"979","CTGCCATCAAATGAAC-1_1_1"
"980","CTGCCTACAGCGACAA-1_1_1"
"981","CTGCCTACAGCGTAGA-1_1_1"
"982","CTGCCTAGTAACCCTA-1_1_1"
"983","CTGCCTAGTGTCTAAC-1_1_1"
"984","CTGCCTATCATGCCGG-1_1_1"
"985","CTGCGAGGTAAGATAC-1_1_1"
"986","CTGCGAGTCCACGAAT-1_1_1"
"987","CTGCTCACAGCTTTGA-1_1_1"
"988","CTGCTCATCTCAGGCG-1_1_1"
"989","CTGGACGCACATTCTT-1_1_1"
"990","CTGGCAGAGAGGTGCT-1_1_1"
"991","CTGGTCTGTCCACACG-1_1_1"
"992","CTGGTCTTCTCATTGT-1_1_1"
"993","CTGTACCAGCTCATAC-1_1_1"
"994","CTGTACCAGGTTACAA-1_1_1"
"995","CTGTACCCATGCGGTC-1_1_1"
"996","CTGTACCGTCTTGCGG-1_1_1"
"997","CTGTACCGTGTCCGTG-1_1_1"
"998","CTGTACCTCCCTCGTA-1_1_1"
"999","CTGTAGATCGCTAGCG-1_1_1"
"1000","CTGTATTCAAGCGCTC-1_1_1"
"1001","CTGTGAAAGGGTGGGA-1_1_1"
"1002","CTGTGAACAGGTGAGT-1_1_1"
"1003","CTGTGAAGTCGAAGCA-1_1_1"
"1004","CTGTGGGAGCGAGTCA-1_1_1"
"1005","CTTACCGAGTAAAGCT-1_1_1"
"1006","CTTACCGCATGGGCAA-1_1_1"
"1007","CTTACCGGTACGAGTG-1_1_1"
"1008","CTTACCGGTGTTCCTC-1_1_1"
"1009","CTTCAATCACACGCCA-1_1_1"
"1010","CTTCAATCACGACAGA-1_1_1"
"1011","CTTCAATCACGACTAT-1_1_1"
"1012","CTTCCGAAGGGTTGCA-1_1_1"
"1013","CTTCCGAAGTCAGCCC-1_1_1"
"1014","CTTCCGATCTATTGTC-1_1_1"
"1015","CTTCCTTAGTACTCGT-1_1_1"
"1016","CTTCCTTCATCAGCAT-1_1_1"
"1017","CTTCGGTCAATACCTG-1_1_1"
"1018","CTTCGGTTCTCCAAGA-1_1_1"
"1019","CTTCTAAAGCACTAGG-1_1_1"
"1020","CTTCTAATCCGAGGCT-1_1_1"
"1021","CTTCTCTGTATGACAA-1_1_1"
"1022","CTTCTCTTCGAAGCCC-1_1_1"
"1023","CTTGAGACAAAGCGTG-1_1_1"
"1024","CTTGAGACAAGCCATT-1_1_1"
"1025","CTTGATTAGAGTGGCT-1_1_1"
"1026","CTTGATTAGGACTAAT-1_1_1"
"1027","CTTGATTGTGACGCCT-1_1_1"
"1028","CTTTCAAGTAAGTAGT-1_1_1"
"1029","CTTTCGGTCCTAGCTC-1_1_1"
"1030","GAAACCTAGTGATAGT-1_1_1"
"1031","GAAACCTTCGCCTCTA-1_1_1"
"1032","GAAATGAAGGTCGACA-1_1_1"
"1033","GAAATGAGTCCGATCG-1_1_1"
"1034","GAACACTAGCCTGACC-1_1_1"
"1035","GAACACTAGGATCATA-1_1_1"
"1036","GAACACTAGGATTCAA-1_1_1"
"1037","GAACACTAGTTCATCG-1_1_1"
"1038","GAACACTGTCCGGTCA-1_1_1"
"1039","GAACACTTCTCTCCGA-1_1_1"
"1040","GAAGAATTCGATGCAT-1_1_1"
"1041","GAAGCCCAGTTATGGA-1_1_1"
"1042","GAAGCCCTCAAGTCTG-1_1_1"
"1043","GAAGCGAGTGGTCTAT-1_1_1"
"1044","GAAGCGATCGAAGCCC-1_1_1"
"1045","GAAGCGATCTCATTAC-1_1_1"
"1046","GAAGCGATCTCGGCTT-1_1_1"
"1047","GAAGGGTAGTTGTAGA-1_1_1"
"1048","GAAGGGTCAGCTGCCA-1_1_1"
"1049","GAAGGGTGTTGAGTCT-1_1_1"
"1050","GAAGGGTGTTTAGACC-1_1_1"
"1051","GAAGGGTTCGCGTTTC-1_1_1"
"1052","GAAGTAATCAAGCCAT-1_1_1"
"1053","GAAGTAATCCTCCACA-1_1_1"
"1054","GAAGTAATCGCTGTCT-1_1_1"
"1055","GAATAGAAGCACTCCG-1_1_1"
"1056","GAATAGATCAGTCAGT-1_1_1"
"1057","GAATAGATCGCAGTTA-1_1_1"
"1058","GAATCACGTTGCGAAG-1_1_1"
"1059","GAATCGTCACAACCGC-1_1_1"
"1060","GAATCGTCACTGAGGA-1_1_1"
"1061","GAATCGTCACTGTCGG-1_1_1"
"1062","GACACGCAGATGGTAT-1_1_1"
"1063","GACATCACAAAGCACG-1_1_1"
"1064","GACATCACAGACTGCC-1_1_1"
"1065","GACATCAGTGTTAAAG-1_1_1"
"1066","GACCAATGTGATACTC-1_1_1"
"1067","GACCCAGGTCGTGGAA-1_1_1"
"1068","GACCCAGGTCTTTCTA-1_1_1"
"1069","GACCCTTAGCGAGAAA-1_1_1"
"1070","GACCCTTAGGAACGAA-1_1_1"
"1071","GACCGTGCAACACAAA-1_1_1"
"1072","GACCGTGTCCCAGCGA-1_1_1"
"1073","GACCTTCGTGTGAGCA-1_1_1"
"1074","GACCTTCGTGTTCATG-1_1_1"
"1075","GACGCTGAGTTGGACG-1_1_1"
"1076","GACGCTGGTCTGTAGT-1_1_1"
"1077","GACGTTACAGTTGCGC-1_1_1"
"1078","GACGTTATCAATCTCT-1_1_1"
"1079","GACGTTATCCTTCTAA-1_1_1"
"1080","GACTATGAGGGTCACA-1_1_1"
"1081","GACTATGGTTGGATCT-1_1_1"
"1082","GACTCTCCAAGGTCGA-1_1_1"
"1083","GACTGATGTAACATAG-1_1_1"
"1084","GACTGATGTGTAAATG-1_1_1"
"1085","GACTTCCTCTCCCATG-1_1_1"
"1086","GAGAAATAGCACGATG-1_1_1"
"1087","GAGAAATGTGAGACGT-1_1_1"
"1088","GAGAAATGTGGAAGTC-1_1_1"
"1089","GAGACCCTCAAGTGGG-1_1_1"
"1090","GAGACTTTCTGAGATC-1_1_1"
"1091","GAGAGGTTCCACAGGC-1_1_1"
"1092","GAGCCTGTCCATGCAA-1_1_1"
"1093","GAGCTGCAGAAGCTGC-1_1_1"
"1094","GAGCTGCGTAGATTGA-1_1_1"
"1095","GAGGCCTTCCTGTTGC-1_1_1"
"1096","GAGGGATTCCAGTGCG-1_1_1"
"1097","GAGGGTAAGACGGATC-1_1_1"
"1098","GAGGGTAAGATCGGTG-1_1_1"
"1099","GAGGGTAAGCAACAAT-1_1_1"
"1100","GAGGGTAGTTAAACCC-1_1_1"
"1101","GAGTCATAGCGTTAGG-1_1_1"
"1102","GAGTCTACAAGATTGA-1_1_1"
"1103","GAGTCTAGTTCGATTG-1_1_1"
"1104","GAGTGAGAGACGCAGT-1_1_1"
"1105","GAGTGAGAGCAAATCA-1_1_1"
"1106","GAGTGAGAGTGAGTGC-1_1_1"
"1107","GAGTGAGCATCGTTCC-1_1_1"
"1108","GAGTGAGGTCCGGACT-1_1_1"
"1109","GAGTGAGGTCGACTTA-1_1_1"
"1110","GAGTGAGGTCGCGTTG-1_1_1"
"1111","GAGTGAGTCATACGGT-1_1_1"
"1112","GAGTGAGTCGCCGAGT-1_1_1"
"1113","GAGTGTTAGCCATCCG-1_1_1"
"1114","GAGTGTTCATGTCGTA-1_1_1"
"1115","GAGTGTTGTACGTTCA-1_1_1"
"1116","GAGTTACAGCGCACAA-1_1_1"
"1117","GAGTTACGTCTGTGTA-1_1_1"
"1118","GAGTTGTAGGTACAGC-1_1_1"
"1119","GAGTTTGTCTATTGTC-1_1_1"
"1120","GATAGAAAGTCAGCCC-1_1_1"
"1121","GATCACAAGCCTCACG-1_1_1"
"1122","GATCACAAGGTCGTAG-1_1_1"
"1123","GATCACAAGTTCGCAT-1_1_1"
"1124","GATCAGTAGGTCACCC-1_1_1"
"1125","GATCAGTGTACACGCC-1_1_1"
"1126","GATCAGTGTAGCTAAA-1_1_1"
"1127","GATCAGTGTAGTCCTA-1_1_1"
"1128","GATCAGTGTCGAGCTC-1_1_1"
"1129","GATCATGCAATTCTCT-1_1_1"
"1130","GATCATGGTAACTAAG-1_1_1"
"1131","GATCCCTAGTTGCGAG-1_1_1"
"1132","GATCCCTGTGAGTAAT-1_1_1"
"1133","GATCCCTGTTGAGAGC-1_1_1"
"1134","GATCCCTTCTCCTGCA-1_1_1"
"1135","GATCGTAAGCTCGAAG-1_1_1"
"1136","GATCGTAAGGGATCGT-1_1_1"
"1137","GATCGTACAACTCCAA-1_1_1"
"1138","GATCGTAGTCATGGCC-1_1_1"
"1139","GATGACTAGTTAACAG-1_1_1"
"1140","GATGACTCAAGCTGCC-1_1_1"
"1141","GATGACTTCCGATGCG-1_1_1"
"1142","GATGAGGAGTGCTAGG-1_1_1"
"1143","GATGAGGGTGGAGGTT-1_1_1"
"1144","GATGATCTCCAATCCC-1_1_1"
"1145","GATGATCTCGACACCG-1_1_1"
"1146","GATGCTAAGATGACCG-1_1_1"
"1147","GATGCTAGTACCGTGC-1_1_1"
"1148","GATGCTATCACAGTGT-1_1_1"
"1149","GATGCTATCTCTGCCA-1_1_1"
"1150","GATGGAGAGACCCGCT-1_1_1"
"1151","GATGGAGCACATAGCT-1_1_1"
"1152","GATGGAGTCTCTCGAC-1_1_1"
"1153","GATGTTGAGGTCCAGA-1_1_1"
"1154","GATGTTGCATGTGGCC-1_1_1"
"1155","GATGTTGGTAACAGTA-1_1_1"
"1156","GATGTTGGTGGTCCCA-1_1_1"
"1157","GATGTTGTCGTGCATA-1_1_1"
"1158","GATTCGACAACTTGGT-1_1_1"
"1159","GATTCGAGTTTCGGCG-1_1_1"
"1160","GATTCTTAGGCACAAC-1_1_1"
"1161","GATTCTTCAGAGAAAG-1_1_1"
"1162","GATTCTTGTACCGTCG-1_1_1"
"1163","GATTCTTGTGGGCTCT-1_1_1"
"1164","GATTCTTGTGTCCATA-1_1_1"
"1165","GATTCTTTCTAGATCG-1_1_1"
"1166","GATTGGTAGTTACTCG-1_1_1"
"1167","GATTGGTGTATCGCAT-1_1_1"
"1168","GATTTCTCACTACCGG-1_1_1"
"1169","GATTTCTTCTTTCGAT-1_1_1"
"1170","GCAACATTCATTGTTC-1_1_1"
"1171","GCAACCGAGGATACCG-1_1_1"
"1172","GCAACCGTCCGAGATT-1_1_1"
"1173","GCAACCGTCTTTGGAG-1_1_1"
"1174","GCACGGTGTGGATCGA-1_1_1"
"1175","GCACGGTTCACAACCA-1_1_1"
"1176","GCACGGTTCACGGGAA-1_1_1"
"1177","GCACGGTTCCCGTGTT-1_1_1"
"1178","GCACGGTTCTGCGATA-1_1_1"
"1179","GCACGGTTCTGGACCG-1_1_1"
"1180","GCACGTGAGTCACAGG-1_1_1"
"1181","GCACGTGCATCTTAGG-1_1_1"
"1182","GCACGTGTCGAGTGGA-1_1_1"
"1183","GCAGCCAAGGACTGGT-1_1_1"
"1184","GCAGCCATCGAGAAGC-1_1_1"
"1185","GCAGCTGCAACACGAG-1_1_1"
"1186","GCAGCTGCATTGAGCT-1_1_1"
"1187","GCAGCTGGTCCGCAGT-1_1_1"
"1188","GCAGCTGGTGCGGCTT-1_1_1"
"1189","GCAGCTGGTTGTATGC-1_1_1"
"1190","GCAGCTGTCCGAGTGC-1_1_1"
"1191","GCAGGCTAGACGGTCA-1_1_1"
"1192","GCAGGCTTCTGTCCGT-1_1_1"
"1193","GCATCGGTCGCCAATA-1_1_1"
"1194","GCATCTCAGCGCCTAC-1_1_1"
"1195","GCATCTCGTACAACGG-1_1_1"
"1196","GCATCTCGTCCAAAGG-1_1_1"
"1197","GCATCTCTCAGCTTCC-1_1_1"
"1198","GCATGATCACGCGTCA-1_1_1"
"1199","GCATGATTCCTACCAC-1_1_1"
"1200","GCATTAGGTGCTCCGA-1_1_1"
"1201","GCATTAGGTGTATACC-1_1_1"
"1202","GCCAACGGTTTATGCG-1_1_1"
"1203","GCCAACGGTTTCGATG-1_1_1"
"1204","GCCAGCAAGATCCTAC-1_1_1"
"1205","GCCAGCACAGAAGCGT-1_1_1"
"1206","GCCAGCAGTCTGTAGT-1_1_1"
"1207","GCCAGGTAGGACAGTC-1_1_1"
"1208","GCCAGGTTCTCTTCAA-1_1_1"
"1209","GCCATGGGTAACATCC-1_1_1"
"1210","GCCATGGTCAACCTTT-1_1_1"
"1211","GCCATGGTCGCGTGCA-1_1_1"
"1212","GCCATTCTCCACGGGT-1_1_1"
"1213","GCCCAGAAGCGACTGA-1_1_1"
"1214","GCCCAGAGTGAATGTA-1_1_1"
"1215","GCCCAGAGTTGGAGGT-1_1_1"
"1216","GCCCGAAGTTAAGGAT-1_1_1"
"1217","GCCCGAATCACGAACT-1_1_1"
"1218","GCCGATGCAATCGCCG-1_1_1"
"1219","GCCGATGGTTCGGACC-1_1_1"
"1220","GCCGTGAAGCGCTTCG-1_1_1"
"1221","GCCGTGACACTGGCCA-1_1_1"
"1222","GCCGTGAGTGCATTTG-1_1_1"
"1223","GCCGTGAGTGCTCCGA-1_1_1"
"1224","GCCTGTTAGAATACAC-1_1_1"
"1225","GCCTGTTCAACTCGAT-1_1_1"
"1226","GCCTGTTTCAAAGAAC-1_1_1"
"1227","GCCTGTTTCCCAATAG-1_1_1"
"1228","GCGAGAACAGCTCTGG-1_1_1"
"1229","GCGAGAACATAACTCG-1_1_1"
"1230","GCGATCGAGTGATTCC-1_1_1"
"1231","GCGATCGGTCGAGTTT-1_1_1"
"1232","GCGATCGGTGAGGATC-1_1_1"
"1233","GCGATCGTCATTGGTG-1_1_1"
"1234","GCGGAAACAACCGCTG-1_1_1"
"1235","GCGGAAACAGTCCCGA-1_1_1"
"1236","GCGGATCAGCATACTC-1_1_1"
"1237","GCGTGCAAGTATAACG-1_1_1"
"1238","GCGTGCAGTCCGATCG-1_1_1"
"1239","GCTACCTAGTCGCGAA-1_1_1"
"1240","GCTACCTCACGACGCT-1_1_1"
"1241","GCTACCTGTAACATCC-1_1_1"
"1242","GCTACCTGTCGCTCGA-1_1_1"
"1243","GCTACCTGTGAAGCGT-1_1_1"
"1244","GCTCAAACAGAGATGC-1_1_1"
"1245","GCTCAAAGTTGACGGA-1_1_1"
"1246","GCTGAATCACTATGTG-1_1_1"
"1247","GCTGAATGTGCCTAAT-1_1_1"
"1248","GCTGCAGAGGCTAGCA-1_1_1"
"1249","GCTGCAGTCATCACAG-1_1_1"
"1250","GCTGGGTGTTCCTTGC-1_1_1"
"1251","GCTTCACAGCCGTTAT-1_1_1"
"1252","GCTTGGGAGTAGTCTC-1_1_1"
"1253","GCTTGGGGTGCCTTCT-1_1_1"
"1254","GCTTTCGCAATCTAGC-1_1_1"
"1255","GCTTTCGCATATCTGG-1_1_1"
"1256","GGAACCCGTATCAGGG-1_1_1"
"1257","GGAAGTGAGAGTCTGG-1_1_1"
"1258","GGAAGTGCAGGAATAT-1_1_1"
"1259","GGAAGTGTCCGCAGTG-1_1_1"
"1260","GGAATCTAGAGCTGCA-1_1_1"
"1261","GGAATCTCAAGGCCTC-1_1_1"
"1262","GGAATCTCAATACAGA-1_1_1"
"1263","GGAATCTCATACTGAC-1_1_1"
"1264","GGAATCTGTGTCCGGT-1_1_1"
"1265","GGAATCTTCATTACCT-1_1_1"
"1266","GGAATCTTCCACACCT-1_1_1"
"1267","GGAATCTTCGCCAACG-1_1_1"
"1268","GGAATCTTCTATCGTT-1_1_1"
"1269","GGAATGGTCCCATAGA-1_1_1"
"1270","GGAATGGTCTTAGGAC-1_1_1"
"1271","GGAGAACAGCAATAGT-1_1_1"
"1272","GGAGCAAGTTGTCTAG-1_1_1"
"1273","GGAGCAAGTTTATGCG-1_1_1"
"1274","GGATCTACAGTAGAGC-1_1_1"
"1275","GGATCTATCCTCTGCA-1_1_1"
"1276","GGATGTTTCCAGCACG-1_1_1"
"1277","GGCACGTAGCGTTGTT-1_1_1"
"1278","GGCACGTAGGTTCTAC-1_1_1"
"1279","GGCACGTCAAGCACCC-1_1_1"
"1280","GGCAGTCAGGTCCTGC-1_1_1"
"1281","GGCAGTCCACGATTCA-1_1_1"
"1282","GGCAGTCGTGACGTCC-1_1_1"
"1283","GGCGTCAAGGATCACG-1_1_1"
"1284","GGCGTCACACGTTGGC-1_1_1"
"1285","GGCGTCAGTGCCCACA-1_1_1"
"1286","GGCGTCAGTTGATGTC-1_1_1"
"1287","GGCTGTGAGCACACAG-1_1_1"
"1288","GGCTGTGAGTAATACG-1_1_1"
"1289","GGCTGTGCAGGGATAC-1_1_1"
"1290","GGCTGTGGTAAGTTAG-1_1_1"
"1291","GGCTGTGGTCTAACTG-1_1_1"
"1292","GGCTGTGGTTGGGTTT-1_1_1"
"1293","GGCTGTGTCGATACGT-1_1_1"
"1294","GGCTGTGTCTGCACCT-1_1_1"
"1295","GGCTTGGAGTGAATAC-1_1_1"
"1296","GGCTTTCGTTATTCTC-1_1_1"
"1297","GGGAAGTCAAAGGCTG-1_1_1"
"1298","GGGACAATCTCATGCC-1_1_1"
"1299","GGGACCTCAAAGACTA-1_1_1"
"1300","GGGACCTGTCTTCGAA-1_1_1"
"1301","GGGACCTTCTGTACAG-1_1_1"
"1302","GGGACTCTCACCCTTG-1_1_1"
"1303","GGGAGATCAACTTCTT-1_1_1"
"1304","GGGAGATCACTCATAG-1_1_1"
"1305","GGGAGTAGTATTTCGG-1_1_1"
"1306","GGGAGTATCATGAGAA-1_1_1"
"1307","GGGATCCTCGCTCTAC-1_1_1"
"1308","GGGATGAAGGTAAGAG-1_1_1"
"1309","GGGATGAAGTAGCCAG-1_1_1"
"1310","GGGATGAGTCACGTGC-1_1_1"
"1311","GGGATGAGTTGACTGT-1_1_1"
"1312","GGGATGATCTTCTGGC-1_1_1"
"1313","GGGCGTTAGACCAAGC-1_1_1"
"1314","GGGCTACCAACACAGG-1_1_1"
"1315","GGGCTACCATGCGGTC-1_1_1"
"1316","GGGCTCACAATTGCAC-1_1_1"
"1317","GGGTAGAGTCCGAAAG-1_1_1"
"1318","GGGTAGAGTTGCAAGG-1_1_1"
"1319","GGGTATTCAGTACTAC-1_1_1"
"1320","GGGTATTTCATTGCCC-1_1_1"
"1321","GGGTATTTCCGTGTAA-1_1_1"
"1322","GGGTCACAGAAAGTCT-1_1_1"
"1323","GGGTCACCAAGGCTTT-1_1_1"
"1324","GGGTCACGTTCGGTCG-1_1_1"
"1325","GGGTCTGGTGCGTGCT-1_1_1"
"1326","GGGTTATAGCGTCAGA-1_1_1"
"1327","GGGTTATAGTCTTCCC-1_1_1"
"1328","GGGTTTAAGAAGTCAT-1_1_1"
"1329","GGGTTTAAGATCCTAC-1_1_1"
"1330","GGGTTTACAGGTAGTG-1_1_1"
"1331","GGGTTTAGTCGACGCT-1_1_1"
"1332","GGTAACTCAAGAGGCT-1_1_1"
"1333","GGTAACTGTAGTCGTT-1_1_1"
"1334","GGTAACTGTATCGTTG-1_1_1"
"1335","GGTAACTGTTGGATCT-1_1_1"
"1336","GGTAGAGCAACGGCCT-1_1_1"
"1337","GGTAGAGCAGCTTCCT-1_1_1"
"1338","GGTCACGCATCGGTTA-1_1_1"
"1339","GGTCACGGTGACATCT-1_1_1"
"1340","GGTCTGGCAATGAACA-1_1_1"
"1341","GGTGAAGAGACCATGG-1_1_1"
"1342","GGTGAAGAGAGTTCGG-1_1_1"
"1343","GGTGAAGAGCATCAGG-1_1_1"
"1344","GGTGGCTGTCATCACA-1_1_1"
"1345","GGTGGCTGTGGACAGT-1_1_1"
"1346","GGTGGCTTCTTACGTT-1_1_1"
"1347","GGTGTCGAGTAGTCCT-1_1_1"
"1348","GGTGTCGCACGTTCGG-1_1_1"
"1349","GGTGTCGCATCAGCAT-1_1_1"
"1350","GGTGTCGTCGAGAGAC-1_1_1"
"1351","GGTTCTCAGCACACAG-1_1_1"
"1352","GGTTCTCAGCTAGATA-1_1_1"
"1353","GGTTCTCAGGTATAGT-1_1_1"
"1354","GGTTCTCAGTGGCGAT-1_1_1"
"1355","GGTTCTCAGTGGTGGT-1_1_1"
"1356","GGTTCTCCACTAACCA-1_1_1"
"1357","GGTTCTCTCCTATGGA-1_1_1"
"1358","GGTTGTACAAATGAAC-1_1_1"
"1359","GGTTGTACAATGTTGC-1_1_1"
"1360","GGTTGTACATCATCCC-1_1_1"
"1361","GGTTGTAGTGACTCTA-1_1_1"
"1362","GGTTGTATCAAGGCTT-1_1_1"
"1363","GGTTGTATCTAGGCCG-1_1_1"
"1364","GTAACACAGCGACCCT-1_1_1"
"1365","GTAACCAGTAGTGATA-1_1_1"
"1366","GTAACCATCAACACCA-1_1_1"
"1367","GTAAGTCAGACATGCG-1_1_1"
"1368","GTAAGTCGTCCGAAAG-1_1_1"
"1369","GTAATCGCAATAACCC-1_1_1"
"1370","GTAATCGCACGACAAG-1_1_1"
"1371","GTAATGCAGATCCCAT-1_1_1"
"1372","GTACAACAGACGTCCC-1_1_1"
"1373","GTACAGTGTTTGGCTA-1_1_1"
"1374","GTACAGTTCCACGGAC-1_1_1"
"1375","GTAGAAAGTGCCGAAA-1_1_1"
"1376","GTAGAAATCCAGCTCT-1_1_1"
"1377","GTAGAGGAGACATCCT-1_1_1"
"1378","GTAGATCCACGACTAT-1_1_1"
"1379","GTAGATCTCATCGTAG-1_1_1"
"1380","GTAGATCTCCACGGGT-1_1_1"
"1381","GTAGATCTCCGTTGAA-1_1_1"
"1382","GTAGCTACAGCAATTC-1_1_1"
"1383","GTAGCTACAGCAGAAC-1_1_1"
"1384","GTAGCTAGTTGGAGAC-1_1_1"
"1385","GTAGCTATCATTACGG-1_1_1"
"1386","GTAGTACCAGCTGAAG-1_1_1"
"1387","GTAGTACCATGGCACC-1_1_1"
"1388","GTAGTACTCAGACCTA-1_1_1"
"1389","GTATTGGGTAGCGCTC-1_1_1"
"1390","GTATTGGGTCTACACA-1_1_1"
"1391","GTATTGGGTCTGTAAC-1_1_1"
"1392","GTATTGGGTTCAAGTC-1_1_1"
"1393","GTATTGGTCAAAGACA-1_1_1"
"1394","GTATTGGTCTTGTGCC-1_1_1"
"1395","GTATTTCAGACTGGGT-1_1_1"
"1396","GTATTTCAGCATCAAA-1_1_1"
"1397","GTATTTCTCTAACGCA-1_1_1"
"1398","GTCAAACAGCAGGCTA-1_1_1"
"1399","GTCAAACCAAAGACTA-1_1_1"
"1400","GTCAAACCACAGAGAC-1_1_1"
"1401","GTCAAACTCGACATAC-1_1_1"
"1402","GTCAAGTAGCACACAG-1_1_1"
"1403","GTCAAGTTCAGAGTTC-1_1_1"
"1404","GTCACGGAGCTAATCC-1_1_1"
"1405","GTCACGGCAAACGAGC-1_1_1"
"1406","GTCACGGTCCGTCACT-1_1_1"
"1407","GTCACTCAGCACGATG-1_1_1"
"1408","GTCACTCGTAGCTCGC-1_1_1"
"1409","GTCACTCGTGCCTTTC-1_1_1"
"1410","GTCACTCTCATTGCGA-1_1_1"
"1411","GTCACTCTCCCTCATG-1_1_1"
"1412","GTCATCCAGGTAGTCG-1_1_1"
"1413","GTCATCCCAGCAGATG-1_1_1"
"1414","GTCATGACAGGACTAG-1_1_1"
"1415","GTCATGACATGAATCC-1_1_1"
"1416","GTCATGAGTCGCGGTT-1_1_1"
"1417","GTCATGAGTTAAGCAA-1_1_1"
"1418","GTCATTTAGACCCGCT-1_1_1"
"1419","GTCATTTCACCAAAGG-1_1_1"
"1420","GTCATTTGTGCATACT-1_1_1"
"1421","GTCCACTAGAATACAC-1_1_1"
"1422","GTCCACTAGAGCAACC-1_1_1"
"1423","GTCCCATCACACGTGC-1_1_1"
"1424","GTCCCATGTTCGTAAC-1_1_1"
"1425","GTCCTCAGTCGTTATG-1_1_1"
"1426","GTCCTCATCACCGACG-1_1_1"
"1427","GTCGAATCACGACGCT-1_1_1"
"1428","GTCGCGAAGCTGCCAC-1_1_1"
"1429","GTCGCGATCTCATTTG-1_1_1"
"1430","GTCGTAAAGAGCCGAT-1_1_1"
"1431","GTCGTAAAGTCATCGT-1_1_1"
"1432","GTCGTAACAATCTCGA-1_1_1"
"1433","GTCGTAATCGCAATGT-1_1_1"
"1434","GTCGTAATCGCTGATA-1_1_1"
"1435","GTCGTTCAGGATACCG-1_1_1"
"1436","GTCGTTCAGTGCAAAT-1_1_1"
"1437","GTCGTTCTCAATCCAG-1_1_1"
"1438","GTCTACCAGTGTTGAA-1_1_1"
"1439","GTCTAGAAGGTAAGAG-1_1_1"
"1440","GTCTAGAGTCAGGTAG-1_1_1"
"1441","GTCTCACTCTACGGTA-1_1_1"
"1442","GTCTGTCAGACCTTTG-1_1_1"
"1443","GTCTGTCCAGTCAGAG-1_1_1"
"1444","GTCTGTCGTCTGCCTT-1_1_1"
"1445","GTCTTTAAGTTTGGCT-1_1_1"
"1446","GTCTTTAGTCGTCATA-1_1_1"
"1447","GTCTTTATCGCTTGAA-1_1_1"
"1448","GTGACGCAGGGCTGAT-1_1_1"
"1449","GTGACGCCAGGCACTC-1_1_1"
"1450","GTGAGCCGTCGTACAT-1_1_1"
"1451","GTGAGCCGTTAGGACG-1_1_1"
"1452","GTGAGCCTCCGAGCTG-1_1_1"
"1453","GTGAGGAAGTGCCGAA-1_1_1"
"1454","GTGAGTTTCATTGCGA-1_1_1"
"1455","GTGATGTCAACTCGTA-1_1_1"
"1456","GTGATGTGTGCACGCT-1_1_1"
"1457","GTGCAGCAGATTCGAA-1_1_1"
"1458","GTGCAGCCAGCCTACG-1_1_1"
"1459","GTGCGTGAGTCGAAGC-1_1_1"
"1460","GTGCGTGCAGGTTCGC-1_1_1"
"1461","GTGCGTGGTGTATACC-1_1_1"
"1462","GTGCGTGTCATGAGAA-1_1_1"
"1463","GTGCTGGAGTCATAGA-1_1_1"
"1464","GTGCTGGGTATTGAGA-1_1_1"
"1465","GTGCTGGGTCACTCGG-1_1_1"
"1466","GTGCTGGGTCGTACAT-1_1_1"
"1467","GTGCTTCGTAACACCT-1_1_1"
"1468","GTGCTTCTCACTGATG-1_1_1"
"1469","GTGGAAGAGGTACCTT-1_1_1"
"1470","GTGGAAGCAAGTGACG-1_1_1"
"1471","GTGGAAGGTAGAATAC-1_1_1"
"1472","GTGGAGACAAAGGCAC-1_1_1"
"1473","GTGGAGATCGTTCCTG-1_1_1"
"1474","GTGGCGTAGTTCAACC-1_1_1"
"1475","GTGGCGTCACCACATA-1_1_1"
"1476","GTGGGAAAGTCGCCCA-1_1_1"
"1477","GTGGGAACATTGCCTC-1_1_1"
"1478","GTGGGAATCTCGACGG-1_1_1"
"1479","GTGGTTAAGGCACTCC-1_1_1"
"1480","GTGGTTACACCACATA-1_1_1"
"1481","GTGTCCTCAATTTCTC-1_1_1"
"1482","GTGTCCTCATACCACA-1_1_1"
"1483","GTGTCCTGTCCCGCAA-1_1_1"
"1484","GTGTGATCATGGCGCT-1_1_1"
"1485","GTGTGATCATGTGCCG-1_1_1"
"1486","GTGTGATTCATCTGTT-1_1_1"
"1487","GTGTGGCCAATAGTGA-1_1_1"
"1488","GTGTGGCGTGATTGGG-1_1_1"
"1489","GTGTTAGGTCCTCATC-1_1_1"
"1490","GTGTTCCGTAACTAAG-1_1_1"
"1491","GTGTTCCGTTATCTGG-1_1_1"
"1492","GTTACAGCACCTATCC-1_1_1"
"1493","GTTACAGGTTCAAGTC-1_1_1"
"1494","GTTACCCAGACGGTTG-1_1_1"
"1495","GTTACCCCAGGAACCA-1_1_1"
"1496","GTTACCCGTGCGGTAA-1_1_1"
"1497","GTTACGACACGCGTCA-1_1_1"
"1498","GTTACGACAGACACCC-1_1_1"
"1499","GTTACGACATACAGCT-1_1_1"
"1500","GTTATGGGTAGCTCGC-1_1_1"
"1501","GTTATGGGTTGTTGCA-1_1_1"
"1502","GTTATGGTCTAAGCGT-1_1_1"
"1503","GTTCATTAGCGCCCAT-1_1_1"
"1504","GTTCATTCATGGCCCA-1_1_1"
"1505","GTTCATTTCGCACGGT-1_1_1"
"1506","GTTCCGTAGGGTAATT-1_1_1"
"1507","GTTCCGTCATGGGAAC-1_1_1"
"1508","GTTCCGTTCAAGAAAC-1_1_1"
"1509","GTTCCGTTCGGTTCAA-1_1_1"
"1510","GTTCGCTAGACATGCG-1_1_1"
"1511","GTTCGCTCACCCTAGG-1_1_1"
"1512","GTTCGCTTCATACGGT-1_1_1"
"1513","GTTCTATCAGGGAGAG-1_1_1"
"1514","GTTGAACAGTATAGGT-1_1_1"
"1515","GTTGAACCACCGCTAG-1_1_1"
"1516","GTTGAACGTGGATGAC-1_1_1"
"1517","GTTGCGGGTATCCCTC-1_1_1"
"1518","GTTGCGGTCACTTCTA-1_1_1"
"1519","GTTGCTCCACGGAAGT-1_1_1"
"1520","GTTGCTCCACGGTGTC-1_1_1"
"1521","GTTGCTCGTCACAGTT-1_1_1"
"1522","GTTGCTCTCATTCGGA-1_1_1"
"1523","GTTGTAGAGAGTGTTA-1_1_1"
"1524","GTTGTAGCAATACAGA-1_1_1"
"1525","GTTGTAGTCGTGCATA-1_1_1"
"1526","GTTGTCCAGTGGTTCT-1_1_1"
"1527","GTTGTCCTCCCATTCG-1_1_1"
"1528","GTTTACTAGCTCCATA-1_1_1"
"1529","GTTTACTCAAAGCGTG-1_1_1"
"1530","GTTTACTGTACCCGCA-1_1_1"
"1531","GTTTGGACATCGCTGG-1_1_1"
"1532","GTTTGGAGTAGGTAGC-1_1_1"
"1533","GTTTGGAGTCTTGGTA-1_1_1"
"1534","GTTTGGATCGGAAGGT-1_1_1"
"1535","TAACACGAGTCATAGA-1_1_1"
"1536","TAACACGCAAGACAAT-1_1_1"
"1537","TAACACGCATTGCCTC-1_1_1"
"1538","TAACACGGTGTGTGTT-1_1_1"
"1539","TAACCAGAGGCCACTC-1_1_1"
"1540","TAACCAGAGTCTGCAT-1_1_1"
"1541","TAACGACAGCGGATCA-1_1_1"
"1542","TAACGACCACTGCGTG-1_1_1"
"1543","TAACGACGTTACCTTT-1_1_1"
"1544","TAACTTCTCGGCAGTC-1_1_1"
"1545","TAAGCACAGCAGGGAG-1_1_1"
"1546","TAAGCACAGTGACCTT-1_1_1"
"1547","TAAGCACCAGAACATA-1_1_1"
"1548","TAAGCACCAGAGTCTT-1_1_1"
"1549","TAAGCACGTAACGCGA-1_1_1"
"1550","TAAGCCACAAACTCGT-1_1_1"
"1551","TAAGCCACAGGCTATT-1_1_1"
"1552","TAAGCCAGTGCAAGAC-1_1_1"
"1553","TAAGCGTAGGACGCAT-1_1_1"
"1554","TAAGTCGTCTCTGCCA-1_1_1"
"1555","TAATCTCAGCTAAACA-1_1_1"
"1556","TAATCTCGTGCCGTTG-1_1_1"
"1557","TACAACGTCCCTATTA-1_1_1"
"1558","TACAACGTCGTAACTG-1_1_1"
"1559","TACACCCGTGGTAATA-1_1_1"
"1560","TACACCCTCTGTCTCG-1_1_1"
"1561","TACATTCGTCATCACA-1_1_1"
"1562","TACATTCTCTCCTGAC-1_1_1"
"1563","TACCCACTCACACCGG-1_1_1"
"1564","TACCCGTAGTTGAAAC-1_1_1"
"1565","TACCCGTCAGGATGAC-1_1_1"
"1566","TACCCGTTCGCGATCG-1_1_1"
"1567","TACCGAAAGAGGATGA-1_1_1"
"1568","TACCGAACACGTGAGA-1_1_1"
"1569","TACCGAAGTACAAGCG-1_1_1"
"1570","TACCGAAGTCCCGCAA-1_1_1"
"1571","TACCTCGAGACAAGCC-1_1_1"
"1572","TACCTCGAGCCTAACT-1_1_1"
"1573","TACCTCGAGTAGGCCA-1_1_1"
"1574","TACCTCGGTACTCGAT-1_1_1"
"1575","TACCTCGGTCTTCTAT-1_1_1"
"1576","TACCTCGTCAAAGCCT-1_1_1"
"1577","TACCTCGTCAGGAAAT-1_1_1"
"1578","TACCTGCAGGCTTCCG-1_1_1"
"1579","TACGCTCTCTGCTCTG-1_1_1"
"1580","TACGGGCAGCGACTAG-1_1_1"
"1581","TACGGGCTCCTCGCAT-1_1_1"
"1582","TACGGTACAAATACGA-1_1_1"
"1583","TACGGTACATTGTACG-1_1_1"
"1584","TACGTCCCACAGAGAC-1_1_1"
"1585","TACGTCCCATGAATAG-1_1_1"
"1586","TACTGCCAGACGAAGA-1_1_1"
"1587","TACTGCCCAAGTATAG-1_1_1"
"1588","TACTGCCCACATTGTG-1_1_1"
"1589","TACTGCCGTTGCATCA-1_1_1"
"1590","TACTTACCAGGGCTTC-1_1_1"
"1591","TACTTCAAGTAGTCAA-1_1_1"
"1592","TACTTCACAAAGGAGA-1_1_1"
"1593","TACTTCAGTGAGAACC-1_1_1"
"1594","TACTTCATCTTCCAGC-1_1_1"
"1595","TACTTGTAGAAGCCAC-1_1_1"
"1596","TACTTGTCAGGCTTGC-1_1_1"
"1597","TACTTGTTCGTGTGAT-1_1_1"
"1598","TAGACCAAGAGGTTAT-1_1_1"
"1599","TAGACCAAGCGTCAGA-1_1_1"
"1600","TAGACCAGTTAGGGTG-1_1_1"
"1601","TAGACCATCAGGTAAA-1_1_1"
"1602","TAGACCATCGAGTCCG-1_1_1"
"1603","TAGACCATCTCGACCT-1_1_1"
"1604","TAGACTGAGTAATACG-1_1_1"
"1605","TAGACTGCAAGAGAGA-1_1_1"
"1606","TAGACTGCACGGGCTT-1_1_1"
"1607","TAGACTGCATCGCTAA-1_1_1"
"1608","TAGAGTCCATGTTACG-1_1_1"
"1609","TAGAGTCTCCCGAAAT-1_1_1"
"1610","TAGATCGCACGACTAT-1_1_1"
"1611","TAGATCGCATGGACAG-1_1_1"
"1612","TAGATCGTCCGATTAG-1_1_1"
"1613","TAGCACAAGTATGAAC-1_1_1"
"1614","TAGCACACACAATGTC-1_1_1"
"1615","TAGCACAGTACAATAG-1_1_1"
"1616","TAGCACAGTACGTTCA-1_1_1"
"1617","TAGCACAGTTGTCTAG-1_1_1"
"1618","TAGCACATCTATTCGT-1_1_1"
"1619","TAGGAGGAGTATAGGT-1_1_1"
"1620","TAGGAGGGTCCAACGC-1_1_1"
"1621","TAGGGTTCATAGAGGC-1_1_1"
"1622","TAGGGTTGTACACTCA-1_1_1"
"1623","TAGGGTTGTCGCACAC-1_1_1"
"1624","TAGGGTTTCGGTGTTA-1_1_1"
"1625","TAGGTACCAGATCACT-1_1_1"
"1626","TAGGTACGTGAATATG-1_1_1"
"1627","TAGGTTGAGCATGCGA-1_1_1"
"1628","TAGGTTGAGCGTTCCG-1_1_1"
"1629","TAGGTTGCAAATGGTA-1_1_1"
"1630","TATACCTCATACATCG-1_1_1"
"1631","TATATCCAGCATTTGC-1_1_1"
"1632","TATATCCCAAGCACAG-1_1_1"
"1633","TATATCCTCATATGGC-1_1_1"
"1634","TATCAGGCAATCTAGC-1_1_1"
"1635","TATCAGGCACCAGCTG-1_1_1"
"1636","TATCAGGGTAGGTGCA-1_1_1"
"1637","TATCCTAAGCGATGAC-1_1_1"
"1638","TATCCTACAAGCTGTT-1_1_1"
"1639","TATCCTAGTGAGGATC-1_1_1"
"1640","TATCGCCAGATACAGT-1_1_1"
"1641","TATCGCCAGGTTGTTC-1_1_1"
"1642","TATCGCCCATGAATAG-1_1_1"
"1643","TATCGCCGTCCATAGT-1_1_1"
"1644","TATCGCCGTTCGGCCA-1_1_1"
"1645","TATCTGTAGTACAGCG-1_1_1"
"1646","TATCTGTCAACTGAAA-1_1_1"
"1647","TATCTGTGTCAGATTC-1_1_1"
"1648","TATCTGTTCCATCAGA-1_1_1"
"1649","TATCTTGGTCTTGCTC-1_1_1"
"1650","TATCTTGTCTTCGGTC-1_1_1"
"1651","TATGTTCAGGGATCGT-1_1_1"
"1652","TATGTTCGTGGTGATG-1_1_1"
"1653","TATGTTCGTTCGGCCA-1_1_1"
"1654","TATTCCAAGACTACCT-1_1_1"
"1655","TATTCCACAGGACTTT-1_1_1"
"1656","TATTGGGCACGGTAGA-1_1_1"
"1657","TATTGGGCATTCACAG-1_1_1"
"1658","TATTTCGTCGCCTTGT-1_1_1"
"1659","TCAAGCACAAGTCGTT-1_1_1"
"1660","TCAATCTAGATTCGAA-1_1_1"
"1661","TCAATCTCAAAGGCGT-1_1_1"
"1662","TCAATCTCAGCGGTTC-1_1_1"
"1663","TCAATCTGTATCGCAT-1_1_1"
"1664","TCAATCTGTTTCGTGA-1_1_1"
"1665","TCAATCTTCGACGCTG-1_1_1"
"1666","TCAATTCGTTTCGATG-1_1_1"
"1667","TCACAAGTCGGTGTAT-1_1_1"
"1668","TCACAAGTCGTTCATT-1_1_1"
"1669","TCACACCAGATCCAAA-1_1_1"
"1670","TCACATTAGGCTTAGG-1_1_1"
"1671","TCACATTAGTTAGTGA-1_1_1"
"1672","TCACATTCAAATCAAG-1_1_1"
"1673","TCACATTCACAATGAA-1_1_1"
"1674","TCACATTGTCTCGCGA-1_1_1"
"1675","TCACGCTGTCATCGGC-1_1_1"
"1676","TCACGCTTCATGAAAG-1_1_1"
"1677","TCACGGGAGGCGTCCT-1_1_1"
"1678","TCACGGGGTGTAAATG-1_1_1"
"1679","TCACTATGTTGCATAC-1_1_1"
"1680","TCACTATTCGGTAAGG-1_1_1"
"1681","TCACTATTCTGGTGGC-1_1_1"
"1682","TCACTCGAGAAACCAT-1_1_1"
"1683","TCACTCGAGAACAGGA-1_1_1"
"1684","TCACTCGAGCCACTCG-1_1_1"
"1685","TCACTCGGTTGAATCC-1_1_1"
"1686","TCAGCAAAGAGAACCC-1_1_1"
"1687","TCAGCAACATCGGCCA-1_1_1"
"1688","TCAGCAAGTTGTGTAC-1_1_1"
"1689","TCAGCCTAGCGGATCA-1_1_1"
"1690","TCAGCCTAGCTCTTCC-1_1_1"
"1691","TCAGCCTGTTCGGTAT-1_1_1"
"1692","TCAGGGCGTTGCTTGA-1_1_1"
"1693","TCAGGTATCGTTACCC-1_1_1"
"1694","TCAGTCCCAACTCCAA-1_1_1"
"1695","TCAGTCCGTGTGCCTG-1_1_1"
"1696","TCAGTCCTCGATACGT-1_1_1"
"1697","TCAGTGAAGCGAACTG-1_1_1"
"1698","TCAGTGAAGGTTCCAT-1_1_1"
"1699","TCAGTGACAGTATACC-1_1_1"
"1700","TCAGTGATCAACCTCC-1_1_1"
"1701","TCAGTGATCCATCACC-1_1_1"
"1702","TCAGTGATCGGTGTAT-1_1_1"
"1703","TCAGTGATCTCGAGTA-1_1_1"
"1704","TCAGTTTCAGTAACAA-1_1_1"
"1705","TCAGTTTGTGGAGAAA-1_1_1"
"1706","TCATACTCATGACAGG-1_1_1"
"1707","TCATCATTCCACTAGA-1_1_1"
"1708","TCATCCGTCACGTCCT-1_1_1"
"1709","TCATGAGGTCATCTAG-1_1_1"
"1710","TCATGAGTCCCGTGTT-1_1_1"
"1711","TCATGCCAGGGTAATT-1_1_1"
"1712","TCATGGAAGCTGGAGT-1_1_1"
"1713","TCATGTTGTTCTCCAC-1_1_1"
"1714","TCATTGTGTATAGGAT-1_1_1"
"1715","TCATTTGAGCTCCCTT-1_1_1"
"1716","TCCACCACAAATGCGG-1_1_1"
"1717","TCCACCAGTGGTCCGT-1_1_1"
"1718","TCCAGAATCGGAATGG-1_1_1"
"1719","TCCATCGAGGCGTCCT-1_1_1"
"1720","TCCATCGAGGTAGATT-1_1_1"
"1721","TCCATCGCAAGATCCT-1_1_1"
"1722","TCCATGCAGCTGTACT-1_1_1"
"1723","TCCATGCCATCTGCGG-1_1_1"
"1724","TCCATGCGTCGCAGTC-1_1_1"
"1725","TCCCACACACGCAAAG-1_1_1"
"1726","TCCCACAGTCTGTGAT-1_1_1"
"1727","TCCCATGGTAGAGATT-1_1_1"
"1728","TCCGAAATCCCGAACG-1_1_1"
"1729","TCCGAAATCTGTGTGA-1_1_1"
"1730","TCCGGGAAGTTGGAGC-1_1_1"
"1731","TCCGGGATCTGAATCG-1_1_1"
"1732","TCCGTGTCACGTATAC-1_1_1"
"1733","TCCGTGTGTCTTCGAA-1_1_1"
"1734","TCCGTGTTCGACGATT-1_1_1"
"1735","TCCTAATAGGGCAATC-1_1_1"
"1736","TCCTAATTCCGTGTCT-1_1_1"
"1737","TCCTCCCAGACAAGCC-1_1_1"
"1738","TCCTCCCCAAGTATAG-1_1_1"
"1739","TCCTCCCTCGCTAAAC-1_1_1"
"1740","TCCTCGAAGACTGGGT-1_1_1"
"1741","TCCTCGAAGAGCAGAA-1_1_1"
"1742","TCCTCGAAGGTCTACT-1_1_1"
"1743","TCCTCGAGTTTCCAAG-1_1_1"
"1744","TCCTCTTAGAGGTGCT-1_1_1"
"1745","TCCTCTTGTGGCTTGC-1_1_1"
"1746","TCCTGCAAGCACTTTG-1_1_1"
"1747","TCCTGCAAGGAGATAG-1_1_1"
"1748","TCCTGCATCACTACTT-1_1_1"
"1749","TCCTTCTGTAATGTGA-1_1_1"
"1750","TCCTTTCTCCATGCAA-1_1_1"
"1751","TCGAACAAGTCACTAC-1_1_1"
"1752","TCGAAGTTCAAATGCC-1_1_1"
"1753","TCGAAGTTCATCGTAG-1_1_1"
"1754","TCGAAGTTCTTAGCTT-1_1_1"
"1755","TCGACGGAGACATAAC-1_1_1"
"1756","TCGACGGAGATCCCAT-1_1_1"
"1757","TCGACGGCAGCGACCT-1_1_1"
"1758","TCGATTTAGCCTAGGA-1_1_1"
"1759","TCGCACTGTCAATCTG-1_1_1"
"1760","TCGCAGGCACAGTCGC-1_1_1"
"1761","TCGCAGGGTCGATTTG-1_1_1"
"1762","TCGCAGGGTGTTCCAA-1_1_1"
"1763","TCGCTCACAAGCGAAC-1_1_1"
"1764","TCGCTCATCCACCCTA-1_1_1"
"1765","TCGCTTGCACAGCCTG-1_1_1"
"1766","TCGCTTGGTACAATAG-1_1_1"
"1767","TCGGATAAGGACTGGT-1_1_1"
"1768","TCGGATAGTCATCTAG-1_1_1"
"1769","TCGGATATCGCGGTAC-1_1_1"
"1770","TCGGATATCGGCATTA-1_1_1"
"1771","TCGGGACGTCTATGAC-1_1_1"
"1772","TCGGGACGTGCCGGTT-1_1_1"
"1773","TCGGGCAAGACGTCGA-1_1_1"
"1774","TCGGGCAAGAGCAGAA-1_1_1"
"1775","TCGGGCAGTGTAAACA-1_1_1"
"1776","TCGGGTGCACCCATAA-1_1_1"
"1777","TCGGGTGCATCTCATT-1_1_1"
"1778","TCGGGTGGTAGGCAAC-1_1_1"
"1779","TCGTAGACAATCAGCT-1_1_1"
"1780","TCGTAGACAGAACTAA-1_1_1"
"1781","TCGTAGAGTTAAACAG-1_1_1"
"1782","TCGTCCACACGTCTCT-1_1_1"
"1783","TCGTCCATCCTACGAA-1_1_1"
"1784","TCGTGCTGTCTGTGTA-1_1_1"
"1785","TCGTGCTGTGCATGTT-1_1_1"
"1786","TCGTGCTTCTGTTGGA-1_1_1"
"1787","TCGTGGGCACAGCGCT-1_1_1"
"1788","TCTAACTAGTGCAGCA-1_1_1"
"1789","TCTACATGTGTTCCAA-1_1_1"
"1790","TCTACATTCGCTGCGA-1_1_1"
"1791","TCTACCGGTAACTAAG-1_1_1"
"1792","TCTACCGGTCACTCAA-1_1_1"
"1793","TCTACCGTCACGGGAA-1_1_1"
"1794","TCTACCGTCCAGGACC-1_1_1"
"1795","TCTATACAGGTTGGTG-1_1_1"
"1796","TCTATACGTCTACAAC-1_1_1"
"1797","TCTATCATCAAACTGC-1_1_1"
"1798","TCTCACGCAAGCGAGT-1_1_1"
"1799","TCTCACGCACTATCCC-1_1_1"
"1800","TCTCACGCAGAGTCTT-1_1_1"
"1801","TCTCACGCAGCGTTTA-1_1_1"
"1802","TCTCAGCCAAGAGAGA-1_1_1"
"1803","TCTCAGCCAAGCAGGT-1_1_1"
"1804","TCTCAGCCAAGCCTGC-1_1_1"
"1805","TCTCAGCCAGAGGCTA-1_1_1"
"1806","TCTCAGCTCCCATGGG-1_1_1"
"1807","TCTCCGACATAACGGG-1_1_1"
"1808","TCTCCGATCTTACGTT-1_1_1"
"1809","TCTCTGGAGTGTTGAA-1_1_1"
"1810","TCTCTGGGTACGAGCA-1_1_1"
"1811","TCTCTGGTCCTCACTG-1_1_1"
"1812","TCTCTGGTCTGCTTTA-1_1_1"
"1813","TCTGCCAAGCGAACTG-1_1_1"
"1814","TCTGCCAGTAACAAGT-1_1_1"
"1815","TCTGCCATCCGAGTGC-1_1_1"
"1816","TCTGGCTCAAATCGTC-1_1_1"
"1817","TCTGGCTCAGATGCGA-1_1_1"
"1818","TCTGGCTGTATTGCCA-1_1_1"
"1819","TCTGGCTGTCGAGTTT-1_1_1"
"1820","TCTGGCTGTGATCGTT-1_1_1"
"1821","TCTGGCTTCTATCCAT-1_1_1"
"1822","TCTGTCGGTCCCTCAT-1_1_1"
"1823","TCTGTCGGTTAGGGAC-1_1_1"
"1824","TCTTCCTTCGCTGACG-1_1_1"
"1825","TCTTGCGAGAATTGTG-1_1_1"
"1826","TCTTGCGGTTCTCAGA-1_1_1"
"1827","TCTTGCGTCTAAACGC-1_1_1"
"1828","TCTTTGAAGCTCTGTA-1_1_1"
"1829","TCTTTGAAGGACCCAA-1_1_1"
"1830","TCTTTGACAAATACGA-1_1_1"
"1831","TCTTTGACACAGGATG-1_1_1"
"1832","TCTTTGACATTGAAAG-1_1_1"
"1833","TGAACGTCACAGACGA-1_1_1"
"1834","TGAACGTGTGTCACAT-1_1_1"
"1835","TGAACGTTCAAGTGTC-1_1_1"
"1836","TGAACGTTCAGTGATC-1_1_1"
"1837","TGAATCGAGGCACCAA-1_1_1"
"1838","TGAATCGGTATCTCTT-1_1_1"
"1839","TGAATGCCATACGCAT-1_1_1"
"1840","TGAATGCGTGCTTATG-1_1_1"
"1841","TGAATGCTCTCCTGAC-1_1_1"
"1842","TGACAGTAGCTCGCAC-1_1_1"
"1843","TGACAGTGTACGTACT-1_1_1"
"1844","TGACAGTGTAGCCCTG-1_1_1"
"1845","TGACAGTTCTACACTT-1_1_1"
"1846","TGACCCTAGACGGATC-1_1_1"
"1847","TGACCCTCATCGCCTT-1_1_1"
"1848","TGACCCTGTATCGATC-1_1_1"
"1849","TGACCCTGTCCATACA-1_1_1"
"1850","TGACCCTGTTAGGGAC-1_1_1"
"1851","TGACGCGCAGACACAG-1_1_1"
"1852","TGACGCGCAGCAGATG-1_1_1"
"1853","TGACTCCAGGTCCTGC-1_1_1"
"1854","TGACTCCCAGCAGAAC-1_1_1"
"1855","TGACTCCGTCACTACA-1_1_1"
"1856","TGAGACTCACGGTGCT-1_1_1"
"1857","TGAGCATGTACTCGCG-1_1_1"
"1858","TGAGCATGTCCTTAAG-1_1_1"
"1859","TGAGCATGTGGCCACT-1_1_1"
"1860","TGAGCGCAGCACTGGA-1_1_1"
"1861","TGAGCGCAGTTGGAGC-1_1_1"
"1862","TGAGCGCTCGTTATCT-1_1_1"
"1863","TGAGGAGCAGATACCT-1_1_1"
"1864","TGAGGGAAGCCTCTGG-1_1_1"
"1865","TGAGGGAAGTAAGAGG-1_1_1"
"1866","TGAGGGAGTGAATTAG-1_1_1"
"1867","TGAGGGATCAATGCAC-1_1_1"
"1868","TGAGGGATCAGACCTA-1_1_1"
"1869","TGAGGGATCAGACTGT-1_1_1"
"1870","TGAGGGATCGGATAAA-1_1_1"
"1871","TGAGGTTGTTGCAACT-1_1_1"
"1872","TGAGTCAAGATGCAGC-1_1_1"
"1873","TGAGTCACACAGTGAG-1_1_1"
"1874","TGATCAGGTCTTTCTA-1_1_1"
"1875","TGATCAGGTGAATTGA-1_1_1"
"1876","TGATCAGGTTGTCCCT-1_1_1"
"1877","TGATCAGTCGACTCCT-1_1_1"
"1878","TGATCAGTCGGTGAAG-1_1_1"
"1879","TGATCTTAGGCATCGA-1_1_1"
"1880","TGATCTTGTACCTGTA-1_1_1"
"1881","TGATCTTGTATGAGCG-1_1_1"
"1882","TGATGCAGTTAGGCTT-1_1_1"
"1883","TGATGGTCAACGAGGT-1_1_1"
"1884","TGATGGTCACATAACC-1_1_1"
"1885","TGATGGTCATCCTCAC-1_1_1"
"1886","TGATTCTTCACCTGGG-1_1_1"
"1887","TGATTTCCAGAAATCA-1_1_1"
"1888","TGCACGGCAGTTAAAG-1_1_1"
"1889","TGCACGGGTAGAGATT-1_1_1"
"1890","TGCACGGTCCCAGTGG-1_1_1"
"1891","TGCACGGTCTTCGATT-1_1_1"
"1892","TGCAGATTCGTAGTGT-1_1_1"
"1893","TGCAGGCGTAGTACGG-1_1_1"
"1894","TGCAGGCTCAAATAGG-1_1_1"
"1895","TGCAGTACACCGGTCA-1_1_1"
"1896","TGCAGTAGTTAAGACA-1_1_1"
"1897","TGCATGAAGTAGGATT-1_1_1"
"1898","TGCATGACACTGTGTA-1_1_1"
"1899","TGCATGATCCACCCTA-1_1_1"
"1900","TGCCGAGAGCAAGTGC-1_1_1"
"1901","TGCCGAGAGGGATCTG-1_1_1"
"1902","TGCGACGGTCATGGCC-1_1_1"
"1903","TGCGATATCGGAGATG-1_1_1"
"1904","TGCGGCAAGTCCCTAA-1_1_1"
"1905","TGCGGCAGTAGACAAT-1_1_1"
"1906","TGCGGCATCTATCGCC-1_1_1"
"1907","TGCGGCATCTTACTGT-1_1_1"
"1908","TGCGGGTAGCACTGGA-1_1_1"
"1909","TGCGGGTAGTATGGCG-1_1_1"
"1910","TGCGGGTCAATGAAAC-1_1_1"
"1911","TGCGGGTCAGTCAACT-1_1_1"
"1912","TGCGGGTGTAGCTGTT-1_1_1"
"1913","TGCGGGTTCGGATAAA-1_1_1"
"1914","TGCTCCACAAGCTGTT-1_1_1"
"1915","TGCTCCACACTTGACA-1_1_1"
"1916","TGCTCCAGTACCGGAA-1_1_1"
"1917","TGCTCCATCCATTGGA-1_1_1"
"1918","TGCTCGTAGAGCTGAC-1_1_1"
"1919","TGCTCGTCAGACTCTA-1_1_1"
"1920","TGCTCGTTCTAGATCG-1_1_1"
"1921","TGCTGAACACTTCTCG-1_1_1"
"1922","TGCTGAATCTCCGAGG-1_1_1"
"1923","TGCTTCGAGACACACG-1_1_1"
"1924","TGCTTCGTCTTCTGGC-1_1_1"
"1925","TGCTTGCCACACCAGC-1_1_1"
"1926","TGCTTGCTCTCGGCTT-1_1_1"
"1927","TGGAACTAGTATTCCG-1_1_1"
"1928","TGGAACTAGTGCCGAA-1_1_1"
"1929","TGGAACTTCTACTATC-1_1_1"
"1930","TGGAGAGAGGCCACCT-1_1_1"
"1931","TGGAGAGCAACTTGGT-1_1_1"
"1932","TGGAGAGCACTGAATC-1_1_1"
"1933","TGGAGAGGTCCCAAAT-1_1_1"
"1934","TGGAGAGGTCTTGAAC-1_1_1"
"1935","TGGAGAGTCCGGTTCT-1_1_1"
"1936","TGGAGGAGTCTCTCAC-1_1_1"
"1937","TGGATCAAGTACGTCT-1_1_1"
"1938","TGGATCAAGTAGATCA-1_1_1"
"1939","TGGATCATCTGCTGAA-1_1_1"
"1940","TGGATGTAGAAATGGG-1_1_1"
"1941","TGGATGTAGGATAATC-1_1_1"
"1942","TGGATGTCAAGAAACT-1_1_1"
"1943","TGGCGTGAGGCAGGGA-1_1_1"
"1944","TGGCGTGAGGTTCATC-1_1_1"
"1945","TGGGAAGCAGGACAGT-1_1_1"
"1946","TGGGAAGGTATCGTTG-1_1_1"
"1947","TGGGAAGTCATGCGGC-1_1_1"
"1948","TGGGATTTCTCCTGTG-1_1_1"
"1949","TGGGCGTAGGTGATAT-1_1_1"
"1950","TGGGCTGCAAATTGCC-1_1_1"
"1951","TGGGCTGTCGAAACAA-1_1_1"
"1952","TGGGCTGTCGATGCTA-1_1_1"
"1953","TGGGTTACATAGAGGC-1_1_1"
"1954","TGGGTTAGTCTCAGGC-1_1_1"
"1955","TGGTACAGTGTGCTTA-1_1_1"
"1956","TGGTGATAGTGAGTGC-1_1_1"
"1957","TGGTTAGTCAACCTTT-1_1_1"
"1958","TGTAACGGTTTCCATT-1_1_1"
"1959","TGTAAGCAGCCGGATA-1_1_1"
"1960","TGTAAGCCACCTGCTT-1_1_1"
"1961","TGTAAGCCACTGCTTC-1_1_1"
"1962","TGTAAGCGTATTGCCA-1_1_1"
"1963","TGTACAGAGAGTACCG-1_1_1"
"1964","TGTACAGCAAGGCAAC-1_1_1"
"1965","TGTACAGGTATGCAAA-1_1_1"
"1966","TGTAGACCATCTTAGG-1_1_1"
"1967","TGTCAGAAGCTAATGA-1_1_1"
"1968","TGTCCACCACGACAGA-1_1_1"
"1969","TGTCCACCACGACCTG-1_1_1"
"1970","TGTCCCACAAGAGGCT-1_1_1"
"1971","TGTCCCAGTATGCGTT-1_1_1"
"1972","TGTCCCAGTTCCGCGA-1_1_1"
"1973","TGTCCCATCGGATACT-1_1_1"
"1974","TGTCCTGTCCACTAGA-1_1_1"
"1975","TGTGAGTCAACACAAA-1_1_1"
"1976","TGTGAGTTCCGAGGCT-1_1_1"
"1977","TGTGAGTTCTGCCTCA-1_1_1"
"1978","TGTGAGTTCTGTCGCT-1_1_1"
"1979","TGTGATGGTATCCTCC-1_1_1"
"1980","TGTGATGGTATCGCAT-1_1_1"
"1981","TGTGATGTCTAATTCC-1_1_1"
"1982","TGTGGCGAGGATATGT-1_1_1"
"1983","TGTGGCGCACAAAGCG-1_1_1"
"1984","TGTGGCGCAGCTTCGG-1_1_1"
"1985","TGTGGCGCATTCTCCG-1_1_1"
"1986","TGTGGCGGTGGCTAGA-1_1_1"
"1987","TGTGTGATCGACCATA-1_1_1"
"1988","TGTTACTGTCTAACTG-1_1_1"
"1989","TGTTCATCAAGATGTA-1_1_1"
"1990","TGTTCATCATGGATCT-1_1_1"
"1991","TGTTCCGGTCCCGTGA-1_1_1"
"1992","TGTTCCGTCGGAAACG-1_1_1"
"1993","TGTTCCGTCTCCCAAC-1_1_1"
"1994","TGTTCCGTCTCTAAGG-1_1_1"
"1995","TGTTCTAAGTTGTCAC-1_1_1"
"1996","TGTTCTAGTTCGGCCA-1_1_1"
"1997","TGTTCTATCGCTGATA-1_1_1"
"1998","TGTTCTATCGTCAAAC-1_1_1"
"1999","TGTTGAGAGTTGGACG-1_1_1"
"2000","TGTTGGAAGGAAAGTG-1_1_1"
"2001","TGTTGGAGTTCGGGTC-1_1_1"
"2002","TGTTGGATCTGTCGTC-1_1_1"
"2003","TGTTTGTAGAAACACT-1_1_1"
"2004","TTACCATAGCAATTCC-1_1_1"
"2005","TTACCATCAACGTTAC-1_1_1"
"2006","TTACCATGTACCAGAG-1_1_1"
"2007","TTACCATTCTTTGCGC-1_1_1"
"2008","TTACCGCGTACTCGAT-1_1_1"
"2009","TTACGTTCATAGACTC-1_1_1"
"2010","TTACGTTGTGAGTAGC-1_1_1"
"2011","TTAGGCAAGAGTTGCG-1_1_1"
"2012","TTAGGCACACTTTATC-1_1_1"
"2013","TTAGGCACAGGTTCGC-1_1_1"
"2014","TTAGGCAGTCACAGTT-1_1_1"
"2015","TTAGGGTCACCGCTAG-1_1_1"
"2016","TTAGTCTAGCACTCTA-1_1_1"
"2017","TTAGTCTCAGAGTTGG-1_1_1"
"2018","TTAGTCTTCATGAGTC-1_1_1"
"2019","TTATTGCGTTGTACGT-1_1_1"
"2020","TTATTGCTCATTGAGC-1_1_1"
"2021","TTCAATCCACGCTGTG-1_1_1"
"2022","TTCAATCGTCTTTATC-1_1_1"
"2023","TTCAATCGTGTCTTGA-1_1_1"
"2024","TTCACCGAGGCACTCC-1_1_1"
"2025","TTCACCGCATCGCTCT-1_1_1"
"2026","TTCACGCAGTCGAAAT-1_1_1"
"2027","TTCACGCGTCTAATCG-1_1_1"
"2028","TTCAGGAAGGAGCTGT-1_1_1"
"2029","TTCAGGAAGTAGTGCG-1_1_1"
"2030","TTCAGGAGTTGTCTAG-1_1_1"
"2031","TTCAGGATCGACCCAG-1_1_1"
"2032","TTCATTGAGAATTTGG-1_1_1"
"2033","TTCATTGAGGGAGGTG-1_1_1"
"2034","TTCATTGTCATGAGGG-1_1_1"
"2035","TTCCAATTCGCGAAGA-1_1_1"
"2036","TTCCACGAGGTTCTAC-1_1_1"
"2037","TTCCACGAGTCAGCCC-1_1_1"
"2038","TTCCACGGTAAGGAGA-1_1_1"
"2039","TTCCACGGTCCGGATC-1_1_1"
"2040","TTCCGGTAGTAGGAAG-1_1_1"
"2041","TTCCGGTCAACGTTAC-1_1_1"
"2042","TTCCGTGCAAGACGGT-1_1_1"
"2043","TTCCGTGGTAGACAAT-1_1_1"
"2044","TTCCGTGTCCGTTGAA-1_1_1"
"2045","TTCCTAAAGAATCGTA-1_1_1"
"2046","TTCCTAACACTCACTC-1_1_1"
"2047","TTCCTAAGTTGTGCCG-1_1_1"
"2048","TTCCTAATCCCTTGGT-1_1_1"
"2049","TTCCTTCCAGTGGTGA-1_1_1"
"2050","TTCCTTCGTGCACAAG-1_1_1"
"2051","TTCGATTAGAGGTTTA-1_1_1"
"2052","TTCGCTGCAGTCCCGA-1_1_1"
"2053","TTCGCTGGTAGTCTTG-1_1_1"
"2054","TTCGGTCGTAACTGCT-1_1_1"
"2055","TTCGGTCTCTTTGCGC-1_1_1"
"2056","TTCTAGTAGGAGAATG-1_1_1"
"2057","TTCTAGTCAAAGAACT-1_1_1"
"2058","TTCTAGTCACCAGGTC-1_1_1"
"2059","TTCTAGTTCCCAGGCA-1_1_1"
"2060","TTCTAGTTCCTCTTTC-1_1_1"
"2061","TTCTCTCCATATTCGG-1_1_1"
"2062","TTCTCTCTCGTGGGTC-1_1_1"
"2063","TTCTGTAGTCGTGTTA-1_1_1"
"2064","TTCTTCCTCGCCTAGG-1_1_1"
"2065","TTCTTGAAGCGCCTCA-1_1_1"
"2066","TTCTTGATCAACACCA-1_1_1"
"2067","TTGAACGGTACTCCCT-1_1_1"
"2068","TTGACCCAGGCCACCT-1_1_1"
"2069","TTGACCCAGGGTACGT-1_1_1"
"2070","TTGACCCCAGAACGCA-1_1_1"
"2071","TTGACCCCATTGTCGA-1_1_1"
"2072","TTGACCCTCATCAGTG-1_1_1"
"2073","TTGACCCTCCATGATG-1_1_1"
"2074","TTGAGTGAGAGGTATT-1_1_1"
"2075","TTGAGTGCAATACGCT-1_1_1"
"2076","TTGCATTAGCGCCATC-1_1_1"
"2077","TTGCCTGAGACGCATG-1_1_1"
"2078","TTGCCTGCACCCAACG-1_1_1"
"2079","TTGCCTGGTTGCATCA-1_1_1"
"2080","TTGCGTCAGGAATGTT-1_1_1"
"2081","TTGCGTCAGTTACGTC-1_1_1"
"2082","TTGCGTCTCGTGGCGT-1_1_1"
"2083","TTGGATGAGCTATCTG-1_1_1"
"2084","TTGGATGGTTGTGTAC-1_1_1"
"2085","TTGGGATGTGAGCGAT-1_1_1"
"2086","TTGGGTAGTAGCCCTG-1_1_1"
"2087","TTGGGTAGTCGAAACG-1_1_1"
"2088","TTGGGTATCAATCGGT-1_1_1"
"2089","TTGGTTTAGGGTATAT-1_1_1"
"2090","TTGGTTTAGGTTGTTC-1_1_1"
"2091","TTGGTTTCAGTCAGCC-1_1_1"
"2092","TTGGTTTGTATCAGCT-1_1_1"
"2093","TTGGTTTTCGTAGCTA-1_1_1"
"2094","TTGTGGATCTCCTGTG-1_1_1"
"2095","TTGTGTTGTATGCTAC-1_1_1"
"2096","TTGTTCAAGAGAGAAC-1_1_1"
"2097","TTGTTCACAACTCGTA-1_1_1"
"2098","TTGTTCAGTGTCGCTG-1_1_1"
"2099","TTGTTCATCCAACTGA-1_1_1"
"2100","TTGTTCATCTTAGGAC-1_1_1"
"2101","TTGTTTGCAGGCAATG-1_1_1"
"2102","TTGTTTGTCCATACTT-1_1_1"
"2103","TTTACCAAGCCATTGT-1_1_1"
"2104","TTTACCACAAAGCACG-1_1_1"
"2105","TTTACCATCATCGACA-1_1_1"
"2106","TTTACGTAGCTGTTAC-1_1_1"
"2107","TTTACGTGTCATCCCT-1_1_1"
"2108","TTTATGCCAGGAATAT-1_1_1"
"2109","TTTATGCCATAGTCGT-1_1_1"
"2110","TTTCACAAGATGCGAC-1_1_1"
"2111","TTTCACACAGCTTCGG-1_1_1"
"2112","TTTCACAGTCGGCTAC-1_1_1"
"2113","TTTCACATCGCGTAGC-1_1_1"
"2114","TTTCACATCTCGCTTG-1_1_1"
"2115","TTTCATGGTGGCCTCA-1_1_1"
"2116","TTTCCTCTCATTGCCC-1_1_1"
"2117","TTTCGATGTAGGCTCC-1_1_1"
"2118","TTTGACTAGCTGTGCC-1_1_1"
"2119","TTTGACTGTGTTAGCT-1_1_1"
"2120","TTTGATCAGCACCAGA-1_1_1"
"2121","TTTGATCCAATCTAGC-1_1_1"
"2122","TTTGGAGGTATCGTTG-1_1_1"
"2123","TTTGGTTAGGCACCAA-1_1_1"
"2124","TTTGGTTAGGTAGATT-1_1_1"
"2125","TTTGGTTAGTTCTACG-1_1_1"
"2126","TTTGGTTCAGCGTATT-1_1_1"
"2127","TTTGGTTGTATACAGA-1_1_1"
"2128","TTTGGTTTCTGCTCTG-1_1_1"
"2129","TTTGTTGTCGCAATTG-1_1_1"
