"","x"
"1","AAACCCACATCCGTGG-1_2_2"
"2","AAACCCAGTTGGCCTG-1_2_2"
"3","AAACGAAGTGGACTAG-1_2_2"
"4","AAACGCTAGTTGCGAG-1_2_2"
"5","AAACGCTCACAAAGCG-1_2_2"
"6","AAAGAACCAACACTAC-1_2_2"
"7","AAAGAACCAAGTTGGG-1_2_2"
"8","AAAGAACGTGAGACCA-1_2_2"
"9","AAAGGATAGCAAATCA-1_2_2"
"10","AAAGGATGTATACAGA-1_2_2"
"11","AAAGGGCGTACGAAAT-1_2_2"
"12","AAAGGGCGTCTTCCGT-1_2_2"
"13","AAAGGGCTCAGTGTGT-1_2_2"
"14","AAAGGTAAGGCTTAAA-1_2_2"
"15","AAAGGTAAGTAAATGC-1_2_2"
"16","AAAGGTACATAGGTAA-1_2_2"
"17","AAAGTCCCACAGTATC-1_2_2"
"18","AAAGTGAAGGTGCGAT-1_2_2"
"19","AAAGTGATCCTCACGT-1_2_2"
"20","AAATGGATCTTCTGGC-1_2_2"
"21","AACAAAGTCCACTTCG-1_2_2"
"22","AACAAAGTCTTCCACG-1_2_2"
"23","AACAACCAGCACTCAT-1_2_2"
"24","AACAACCCAGACGCTC-1_2_2"
"25","AACAAGAAGAGTGGCT-1_2_2"
"26","AACAAGAAGTAAGGGA-1_2_2"
"27","AACAAGACAGAGGAAA-1_2_2"
"28","AACAAGAGTCCCTAAA-1_2_2"
"29","AACAAGAGTGGTCCGT-1_2_2"
"30","AACAAGATCTCCATAT-1_2_2"
"31","AACACACCACTCGATA-1_2_2"
"32","AACACACTCTCTCCGA-1_2_2"
"33","AACAGGGAGAGGGTAA-1_2_2"
"34","AACAGGGCAACCGACC-1_2_2"
"35","AACAGGGCACTTCTCG-1_2_2"
"36","AACAGGGCAGGGACTA-1_2_2"
"37","AACAGGGGTACATACC-1_2_2"
"38","AACAGGGGTGTTGATC-1_2_2"
"39","AACCAACAGCTTCGTA-1_2_2"
"40","AACCAACGTGGTTCTA-1_2_2"
"41","AACCAACTCTAGCATG-1_2_2"
"42","AACCACAAGACCAAGC-1_2_2"
"43","AACCACATCCGCACTT-1_2_2"
"44","AACCATGAGTTCACTG-1_2_2"
"45","AACCATGCACCAGCGT-1_2_2"
"46","AACCCAACAAGCGATG-1_2_2"
"47","AACCCAACATAGAATG-1_2_2"
"48","AACCTGAGTTTACTTC-1_2_2"
"49","AACCTTTCACATGGTT-1_2_2"
"50","AACCTTTGTACTAAGA-1_2_2"
"51","AACCTTTGTAGGCTCC-1_2_2"
"52","AACCTTTTCGGCGATC-1_2_2"
"53","AACCTTTTCTTCCACG-1_2_2"
"54","AACGGGAGTCATACCA-1_2_2"
"55","AACGGGAGTGAATGTA-1_2_2"
"56","AACGGGATCTAGCCTC-1_2_2"
"57","AACGGGATCTCTAGGA-1_2_2"
"58","AACGTCAAGCATCTTG-1_2_2"
"59","AACGTCAAGGCCGCTT-1_2_2"
"60","AACGTCACAAAGCTCT-1_2_2"
"61","AACGTCACAACGAGGT-1_2_2"
"62","AACGTCATCCCTTGTG-1_2_2"
"63","AACGTCATCTTCTGTA-1_2_2"
"64","AACTTCTAGCCAGTAG-1_2_2"
"65","AACTTCTCATATACCG-1_2_2"
"66","AAGAACACAGAACTTC-1_2_2"
"67","AAGAACAGTGATTAGA-1_2_2"
"68","AAGAACATCGATACGT-1_2_2"
"69","AAGACAAAGGCATCGA-1_2_2"
"70","AAGACAACAATAGTAG-1_2_2"
"71","AAGACAAGTAACATCC-1_2_2"
"72","AAGACAAGTCTGTCAA-1_2_2"
"73","AAGACTCCACTTTAGG-1_2_2"
"74","AAGACTCCAGTTAGAA-1_2_2"
"75","AAGACTCTCTAGGCAT-1_2_2"
"76","AAGCATCAGTATGCAA-1_2_2"
"77","AAGCATCCAGGAACCA-1_2_2"
"78","AAGCATCCAGGCGATA-1_2_2"
"79","AAGCATCGTATGTCAC-1_2_2"
"80","AAGCCATTCAACACGT-1_2_2"
"81","AAGCCATTCTTCTTCC-1_2_2"
"82","AAGCGAGTCGCAAGAG-1_2_2"
"83","AAGCGAGTCGCCTCTA-1_2_2"
"84","AAGCGTTAGGATAATC-1_2_2"
"85","AAGCGTTAGGTAAACT-1_2_2"
"86","AAGCGTTCAATCGAAA-1_2_2"
"87","AAGCGTTGTCCTCCAT-1_2_2"
"88","AAGCGTTTCCACACCT-1_2_2"
"89","AAGCGTTTCCTTGAAG-1_2_2"
"90","AAGGAATGTCCGGTGT-1_2_2"
"91","AAGGAATGTCGCAACC-1_2_2"
"92","AAGGAATTCCGACGGT-1_2_2"
"93","AAGGAATTCCGGCAGT-1_2_2"
"94","AAGGTAACACACTGGC-1_2_2"
"95","AAGGTAAGTAGTGATA-1_2_2"
"96","AAGGTAATCGAGCACC-1_2_2"
"97","AAGGTAATCTAACGGT-1_2_2"
"98","AAGTACCGTGGTCCCA-1_2_2"
"99","AAGTACCTCTCTCGAC-1_2_2"
"100","AAGTCGTAGAGAATCT-1_2_2"
"101","AAGTCGTAGATGCTGG-1_2_2"
"102","AAGTCGTAGCGACATG-1_2_2"
"103","AAGTCGTAGGGCAATC-1_2_2"
"104","AAGTCGTTCATATGGC-1_2_2"
"105","AAGTCGTTCATTGCGA-1_2_2"
"106","AAGTGAAAGCTACGTT-1_2_2"
"107","AAGTGAACATGTTCGA-1_2_2"
"108","AAGTGAAGTAAGATTG-1_2_2"
"109","AAGTGAAGTTCAAACC-1_2_2"
"110","AAGTTCGGTAACCAGG-1_2_2"
"111","AAGTTCGGTCGTGTTA-1_2_2"
"112","AAGTTCGGTGGCCACT-1_2_2"
"113","AAGTTCGTCCTTCTTC-1_2_2"
"114","AAGTTCGTCTCTATAC-1_2_2"
"115","AATAGAGTCGAAGGAC-1_2_2"
"116","AATCACGGTCGGTGAA-1_2_2"
"117","AATCGACAGATACGAT-1_2_2"
"118","AATCGACAGGTTCCAT-1_2_2"
"119","AATCGACGTCTTACTT-1_2_2"
"120","AATCGACGTGAGAACC-1_2_2"
"121","AATCGACTCAGACCCG-1_2_2"
"122","AATCGTGAGACTTAAG-1_2_2"
"123","AATCGTGCACATGACT-1_2_2"
"124","AATCGTGGTCTCGGAC-1_2_2"
"125","AATCGTGTCGACCTAA-1_2_2"
"126","AATCGTGTCGCCATAA-1_2_2"
"127","AATGAAGCAAACCATC-1_2_2"
"128","AATGAAGGTAGCTGAG-1_2_2"
"129","AATGAAGTCCTCACCA-1_2_2"
"130","AATGACCAGAGTGGCT-1_2_2"
"131","AATGACCCAACTTGCA-1_2_2"
"132","AATGACCCACGTAACT-1_2_2"
"133","AATGACCTCACTGATG-1_2_2"
"134","AATGACCTCATTTGGG-1_2_2"
"135","AATGACCTCTAGTACG-1_2_2"
"136","AATGCCAAGGGACACT-1_2_2"
"137","AATGCCAAGGGCTAAC-1_2_2"
"138","AATGCCAGTTACACTG-1_2_2"
"139","AATGGAAAGGATATGT-1_2_2"
"140","AATGGAATCGGTCACG-1_2_2"
"141","AATGGCTCAAAGGATT-1_2_2"
"142","AATGGCTCAGGTATGG-1_2_2"
"143","AATGGCTGTGAGACGT-1_2_2"
"144","AATGGCTGTTCCCAAA-1_2_2"
"145","AATTCCTAGTACGTCT-1_2_2"
"146","AATTCCTGTCAAAGCG-1_2_2"
"147","AATTCCTGTGGAACAC-1_2_2"
"148","AATTCCTGTTCGCGTG-1_2_2"
"149","AATTCCTTCCGTAATG-1_2_2"
"150","AATTTCCTCAAGAAAC-1_2_2"
"151","AATTTCCTCCAAGCTA-1_2_2"
"152","ACAAAGACACGGAAGT-1_2_2"
"153","ACAAAGACATCCTATT-1_2_2"
"154","ACAAAGAGTCACCACG-1_2_2"
"155","ACAAAGATCAGCGTCG-1_2_2"
"156","ACAAAGATCCGGCAGT-1_2_2"
"157","ACAACCAAGTAAAGCT-1_2_2"
"158","ACAACCACACCCTTAC-1_2_2"
"159","ACAACCAGTAGAGTTA-1_2_2"
"160","ACAACCAGTGTATTGC-1_2_2"
"161","ACAACCATCGGTTAGT-1_2_2"
"162","ACAAGCTAGCCTCTCT-1_2_2"
"163","ACAAGCTAGCTAGCCC-1_2_2"
"164","ACAAGCTAGTGAGGTC-1_2_2"
"165","ACAAGCTCAAGCCTGC-1_2_2"
"166","ACAAGCTGTGGTCTAT-1_2_2"
"167","ACAAGCTTCTATGCCC-1_2_2"
"168","ACACAGTCAACTCGAT-1_2_2"
"169","ACACAGTCATCTGCGG-1_2_2"
"170","ACACCAAGTAGGAAAG-1_2_2"
"171","ACACGCGAGCTGACTT-1_2_2"
"172","ACACGCGGTCGCCACA-1_2_2"
"173","ACACGCGGTGGTACAG-1_2_2"
"174","ACACGCGGTTAGAGAT-1_2_2"
"175","ACACTGACACGGCGTT-1_2_2"
"176","ACACTGACAGGATGAC-1_2_2"
"177","ACACTGACATAGAAAC-1_2_2"
"178","ACACTGAGTACAAGTA-1_2_2"
"179","ACACTGATCACATACG-1_2_2"
"180","ACAGAAAAGCACGTCC-1_2_2"
"181","ACAGAAACACACGGTC-1_2_2"
"182","ACAGCCGCACGGAAGT-1_2_2"
"183","ACAGCCGCATGATGCT-1_2_2"
"184","ACAGCCGTCAAACGTC-1_2_2"
"185","ACAGCCGTCCTAGCTC-1_2_2"
"186","ACATCCCAGCTAGAAT-1_2_2"
"187","ACATCCCAGTTCAACC-1_2_2"
"188","ACATCCCGTCACGACC-1_2_2"
"189","ACATCCCGTGAATGAT-1_2_2"
"190","ACATCCCTCGAGAAGC-1_2_2"
"191","ACATCGACACGAAGAC-1_2_2"
"192","ACATCGAGTGTACAGG-1_2_2"
"193","ACATCGATCAGCCTCT-1_2_2"
"194","ACATCGATCATGAAAG-1_2_2"
"195","ACATCGATCCCGTTGT-1_2_2"
"196","ACATCGATCCGTAGTA-1_2_2"
"197","ACATGCAAGATGCAGC-1_2_2"
"198","ACATGCAAGGGAGTTC-1_2_2"
"199","ACATGCAAGTCGGCCT-1_2_2"
"200","ACATGCACAGCATTGT-1_2_2"
"201","ACATTTCAGCACCGAA-1_2_2"
"202","ACATTTCAGCCGTCGT-1_2_2"
"203","ACATTTCCACTTGACA-1_2_2"
"204","ACATTTCCATAGGCGA-1_2_2"
"205","ACCAAACAGTGTTCCA-1_2_2"
"206","ACCAAACCAATAGTGA-1_2_2"
"207","ACCAAACCAGCAGATG-1_2_2"
"208","ACCAAACCAGCGGATA-1_2_2"
"209","ACCAACAAGGTAGCCA-1_2_2"
"210","ACCAACACACTAAACC-1_2_2"
"211","ACCAACACATACCATG-1_2_2"
"212","ACCAACAGTATCGAAA-1_2_2"
"213","ACCAACAGTGGCGCTT-1_2_2"
"214","ACCACAAAGCGTTCCG-1_2_2"
"215","ACCACAACATATCTCT-1_2_2"
"216","ACCATTTCACGCTATA-1_2_2"
"217","ACCCAAACAGAGTTGG-1_2_2"
"218","ACCCAAACAGTAGATA-1_2_2"
"219","ACCCAAAGTCAAACGG-1_2_2"
"220","ACCCTCAAGTGATGGC-1_2_2"
"221","ACCCTCACACTGAGGA-1_2_2"
"222","ACCCTCACAGAGTGAC-1_2_2"
"223","ACCCTCAGTCAAGCCC-1_2_2"
"224","ACCCTCAGTGGCTACC-1_2_2"
"225","ACCCTCATCATTTGGG-1_2_2"
"226","ACCCTCATCTGCGGGT-1_2_2"
"227","ACCGTTCGTACGCTTA-1_2_2"
"228","ACCGTTCTCATTATCC-1_2_2"
"229","ACCGTTCTCCACAAGT-1_2_2"
"230","ACCTACCAGATTAGAC-1_2_2"
"231","ACCTACCAGTTACGAA-1_2_2"
"232","ACCTACCCAATCCTTT-1_2_2"
"233","ACCTACCCAGAGACTG-1_2_2"
"234","ACCTACCCATCGGAGA-1_2_2"
"235","ACCTGAATCGAATCCA-1_2_2"
"236","ACCTGAATCGTGGCTG-1_2_2"
"237","ACCTGAATCTACCAGA-1_2_2"
"238","ACCTGTCAGAAACTAC-1_2_2"
"239","ACCTGTCGTGATCGTT-1_2_2"
"240","ACCTGTCGTGCGTCGT-1_2_2"
"241","ACCTGTCTCATTCGTT-1_2_2"
"242","ACGATCAAGGTGCCTC-1_2_2"
"243","ACGATCACAAAGACTA-1_2_2"
"244","ACGATCACAATCCTAG-1_2_2"
"245","ACGATCACACTTGACA-1_2_2"
"246","ACGATCATCCGCGGAT-1_2_2"
"247","ACGATGTCAGATCCTA-1_2_2"
"248","ACGATGTCAGTTGTCA-1_2_2"
"249","ACGCACGGTTCCGCTT-1_2_2"
"250","ACGCACGTCCTGTTAT-1_2_2"
"251","ACGGAAGTCAAGGTGG-1_2_2"
"252","ACGGAAGTCCTTCTTC-1_2_2"
"253","ACGGAAGTCGCTAAAC-1_2_2"
"254","ACGGGTCCATTCAGCA-1_2_2"
"255","ACGGGTCTCAGTCAGT-1_2_2"
"256","ACGGGTCTCCTTCTTC-1_2_2"
"257","ACGGGTCTCGGTCATA-1_2_2"
"258","ACGGTCGCACGGCCAT-1_2_2"
"259","ACGGTCGCAGGCAATG-1_2_2"
"260","ACGGTCGGTCATCCCT-1_2_2"
"261","ACGGTTAAGGCCTTCG-1_2_2"
"262","ACGGTTAGTCAGACGA-1_2_2"
"263","ACGGTTATCTGCACCT-1_2_2"
"264","ACGTAACAGTCGGCAA-1_2_2"
"265","ACGTAACAGTGGACTG-1_2_2"
"266","ACGTAACCAATCGCGC-1_2_2"
"267","ACGTAACGTACAAACA-1_2_2"
"268","ACGTAACTCTCCAAGA-1_2_2"
"269","ACGTACAAGATACTGA-1_2_2"
"270","ACGTACATCTCAACGA-1_2_2"
"271","ACGTAGTCAAGTATCC-1_2_2"
"272","ACGTAGTGTAGAGACC-1_2_2"
"273","ACGTAGTTCCACACCT-1_2_2"
"274","ACGTAGTTCTCGACCT-1_2_2"
"275","ACGTAGTTCTGTGCTC-1_2_2"
"276","ACGTCCTCAAGCGAAC-1_2_2"
"277","ACGTCCTCAGTTAGAA-1_2_2"
"278","ACGTCCTGTCTTAGTG-1_2_2"
"279","ACGTCCTGTTTCTTAC-1_2_2"
"280","ACGTCCTTCGACGCGT-1_2_2"
"281","ACGTTCCCAGACACAG-1_2_2"
"282","ACGTTCCCAGACCTGC-1_2_2"
"283","ACGTTCCCAGGAATAT-1_2_2"
"284","ACGTTCCGTCCAGGTC-1_2_2"
"285","ACTACGAAGCCTGAAG-1_2_2"
"286","ACTACGAAGTGATGGC-1_2_2"
"287","ACTACGACAATAGAGT-1_2_2"
"288","ACTACGAGTTAAGCAA-1_2_2"
"289","ACTACGATCGAGTACT-1_2_2"
"290","ACTACGATCGGACAAG-1_2_2"
"291","ACTATCTCAAGTGGCA-1_2_2"
"292","ACTATCTGTGTCCCTT-1_2_2"
"293","ACTATGGAGAGCGACT-1_2_2"
"294","ACTATGGAGCACTTTG-1_2_2"
"295","ACTATGGGTACTCGTA-1_2_2"
"296","ACTATGGGTAGCCCTG-1_2_2"
"297","ACTATGGGTCTGGTTA-1_2_2"
"298","ACTCCCATCGCTGTCT-1_2_2"
"299","ACTCTCGCAATTTCTC-1_2_2"
"300","ACTCTCGTCAAAGGAT-1_2_2"
"301","ACTCTCGTCATTGCTT-1_2_2"
"302","ACTCTCGTCTGCGAGC-1_2_2"
"303","ACTGATGCAACGGGTA-1_2_2"
"304","ACTGCAACACCGGAAA-1_2_2"
"305","ACTGCAATCCTTGGAA-1_2_2"
"306","ACTGTCCAGTAGGCCA-1_2_2"
"307","ACTGTCCCACGGGTAA-1_2_2"
"308","ACTGTCCCAGTGAGCA-1_2_2"
"309","ACTGTCCGTGATTAGA-1_2_2"
"310","ACTGTGAGTACCCGAC-1_2_2"
"311","ACTTAGGAGAGGTGCT-1_2_2"
"312","ACTTAGGAGTCTAACC-1_2_2"
"313","ACTTAGGGTCCCAAAT-1_2_2"
"314","ACTTAGGTCTTGGGCG-1_2_2"
"315","ACTTATCCACCTCTGT-1_2_2"
"316","ACTTATCGTAGTTCCA-1_2_2"
"317","ACTTATCTCCGATAGT-1_2_2"
"318","ACTTATCTCCTCTAGC-1_2_2"
"319","ACTTCCGAGAGCCTGA-1_2_2"
"320","ACTTCCGCAAACGGCA-1_2_2"
"321","ACTTCCGCAAGTTGGG-1_2_2"
"322","ACTTCCGCAGCATCTA-1_2_2"
"323","ACTTCCGTCACGTCCT-1_2_2"
"324","ACTTCGCAGCCTCTTC-1_2_2"
"325","ACTTCGCTCATTACCT-1_2_2"
"326","ACTTTCATCACTTGGA-1_2_2"
"327","ACTTTGTAGCAAACAT-1_2_2"
"328","ACTTTGTTCGTTGTAG-1_2_2"
"329","AGAAATGAGTTGAAGT-1_2_2"
"330","AGAAATGCAAGTTCGT-1_2_2"
"331","AGAAATGGTGATTAGA-1_2_2"
"332","AGAACAAGTGTGGACA-1_2_2"
"333","AGAACCTGTATGCAAA-1_2_2"
"334","AGAAGCGTCAAGGACG-1_2_2"
"335","AGAAGTAAGAGCCGAT-1_2_2"
"336","AGAAGTAAGGTCCCTG-1_2_2"
"337","AGAAGTACAATCTCGA-1_2_2"
"338","AGAAGTAGTTCAAAGA-1_2_2"
"339","AGAAGTATCCGTGACG-1_2_2"
"340","AGACAAAAGGTAAAGG-1_2_2"
"341","AGACAAACACCTAAAC-1_2_2"
"342","AGACAAAGTTACCTGA-1_2_2"
"343","AGACAAATCCCATTCG-1_2_2"
"344","AGACACTGTCAAAGCG-1_2_2"
"345","AGACACTGTGGGTTGA-1_2_2"
"346","AGACAGGCAACCAGAG-1_2_2"
"347","AGACAGGCACTAACCA-1_2_2"
"348","AGACAGGGTGTTCGTA-1_2_2"
"349","AGACCATAGCCTTCTC-1_2_2"
"350","AGACCCGTCCGCTTAC-1_2_2"
"351","AGACCCGTCGCCAGAC-1_2_2"
"352","AGACCCGTCTCGTGGG-1_2_2"
"353","AGACTCAAGCGTTGTT-1_2_2"
"354","AGACTCACAAAGACTA-1_2_2"
"355","AGACTCACACACAGCC-1_2_2"
"356","AGACTCACAGAAATCA-1_2_2"
"357","AGACTCACAGGTCAGA-1_2_2"
"358","AGAGAATAGCTAATGA-1_2_2"
"359","AGAGAATCAAAGTATG-1_2_2"
"360","AGAGAATCACAACGAG-1_2_2"
"361","AGAGAATCATAATGCC-1_2_2"
"362","AGAGAGCAGAACCCGA-1_2_2"
"363","AGAGAGCCACAACCGC-1_2_2"
"364","AGAGAGCTCCCATTCG-1_2_2"
"365","AGAGCAGAGCTCACTA-1_2_2"
"366","AGAGCCCAGAACAGGA-1_2_2"
"367","AGAGCCCCAGTCACGC-1_2_2"
"368","AGATAGACAGAACATA-1_2_2"
"369","AGATAGAGTTCTCCCA-1_2_2"
"370","AGATAGATCGGAGCAA-1_2_2"
"371","AGATCCAAGGGCGAAG-1_2_2"
"372","AGATCCAGTAAGGCCA-1_2_2"
"373","AGATCCAGTAGGCTGA-1_2_2"
"374","AGATCCATCTTCCACG-1_2_2"
"375","AGATCGTAGCGGACAT-1_2_2"
"376","AGATCGTAGTGGCCTC-1_2_2"
"377","AGATCGTCAGCAGGAT-1_2_2"
"378","AGATCGTCAGGCAATG-1_2_2"
"379","AGATCGTGTCAGACGA-1_2_2"
"380","AGATCGTGTTTGGGTT-1_2_2"
"381","AGATGAAGTCATCAGT-1_2_2"
"382","AGATGAATCCGCTAGG-1_2_2"
"383","AGATGCTGTTCGTTCC-1_2_2"
"384","AGCATCAAGCGCGTTC-1_2_2"
"385","AGCATCACACTACCGG-1_2_2"
"386","AGCATCAGTATGACAA-1_2_2"
"387","AGCATCAGTCAGATTC-1_2_2"
"388","AGCATCAGTTGCTCAA-1_2_2"
"389","AGCATCATCACAAGAA-1_2_2"
"390","AGCATCATCGGTCAGC-1_2_2"
"391","AGCCAATAGAGGTTAT-1_2_2"
"392","AGCCAATAGTCATAGA-1_2_2"
"393","AGCCAATCAGGGATAC-1_2_2"
"394","AGCCAATTCGTAACAC-1_2_2"
"395","AGCCACGAGTGAGTTA-1_2_2"
"396","AGCCACGAGTTAGTAG-1_2_2"
"397","AGCCACGGTGCAGATG-1_2_2"
"398","AGCCAGCAGACGGAAA-1_2_2"
"399","AGCGATTAGAGGCCAT-1_2_2"
"400","AGCGATTAGTGGATTA-1_2_2"
"401","AGCGATTCAGATTAAG-1_2_2"
"402","AGCGATTCAGCGTTTA-1_2_2"
"403","AGCGATTTCGTGGAAG-1_2_2"
"404","AGCGCCACAATTCTCT-1_2_2"
"405","AGCGCCACACATTGTG-1_2_2"
"406","AGCGCCACATGTTCGA-1_2_2"
"407","AGCGCTGTCCACCTGT-1_2_2"
"408","AGCGTATTCTCGGTCT-1_2_2"
"409","AGCGTCGCAGGTAGTG-1_2_2"
"410","AGCGTCGTCAATCAGC-1_2_2"
"411","AGCTACAAGATCGCCC-1_2_2"
"412","AGCTACACACAACGCC-1_2_2"
"413","AGCTACACAGTCGTTA-1_2_2"
"414","AGCTACATCGTTCATT-1_2_2"
"415","AGCTCAATCGGTTGTA-1_2_2"
"416","AGCTTCCAGTAACGAT-1_2_2"
"417","AGCTTCCCATGGAGAC-1_2_2"
"418","AGGAAATAGACGGAAA-1_2_2"
"419","AGGAAATAGGCTTTCA-1_2_2"
"420","AGGAAATCAACCAACT-1_2_2"
"421","AGGAATAAGCGTATGG-1_2_2"
"422","AGGACGAAGAGCAGTC-1_2_2"
"423","AGGAGGTTCGCTCTAC-1_2_2"
"424","AGGATAAGTAAGATAC-1_2_2"
"425","AGGATAATCCCAGCGA-1_2_2"
"426","AGGATAATCTGGAGAG-1_2_2"
"427","AGGATCTAGACTTCCA-1_2_2"
"428","AGGATCTAGCCATTGT-1_2_2"
"429","AGGATCTAGCTACTGT-1_2_2"
"430","AGGATCTTCTCCCAAC-1_2_2"
"431","AGGCATTCAAGTGCAG-1_2_2"
"432","AGGCCACTCCTAAACG-1_2_2"
"433","AGGCCACTCTCAATCT-1_2_2"
"434","AGGCCACTCTGAATGC-1_2_2"
"435","AGGCTGCAGAAGGGAT-1_2_2"
"436","AGGCTGCAGGTGCGAT-1_2_2"
"437","AGGCTGCGTGATTGGG-1_2_2"
"438","AGGGAGTAGCGACTGA-1_2_2"
"439","AGGGAGTGTGAGATAT-1_2_2"
"440","AGGGAGTGTTATCCAG-1_2_2"
"441","AGGGAGTTCAGCATTG-1_2_2"
"442","AGGGCCTAGATTAGAC-1_2_2"
"443","AGGGCCTCAAGGCTTT-1_2_2"
"444","AGGGCCTCAGCAGGAT-1_2_2"
"445","AGGGCTCAGCACCAGA-1_2_2"
"446","AGGGCTCCAAATACGA-1_2_2"
"447","AGGGCTCCAACTCGAT-1_2_2"
"448","AGGGCTCGTAGCACAG-1_2_2"
"449","AGGGTCCAGAGGGTCT-1_2_2"
"450","AGGGTCCTCATTGCCC-1_2_2"
"451","AGGGTGAAGGTCGACA-1_2_2"
"452","AGGGTGAGTAACCCTA-1_2_2"
"453","AGGGTGATCGAGATAA-1_2_2"
"454","AGGGTGATCGTAGCCG-1_2_2"
"455","AGGGTTTAGCGTATGG-1_2_2"
"456","AGGGTTTAGGCAGGGA-1_2_2"
"457","AGGGTTTGTCATGGCC-1_2_2"
"458","AGGGTTTGTTAGAGAT-1_2_2"
"459","AGGGTTTTCATTACGG-1_2_2"
"460","AGGTAGGAGAGGACTC-1_2_2"
"461","AGGTAGGAGTTTCGGT-1_2_2"
"462","AGGTAGGGTAAGGCCA-1_2_2"
"463","AGGTAGGTCCTTCAGC-1_2_2"
"464","AGGTCATCAGTCAACT-1_2_2"
"465","AGGTCATCATGGAACG-1_2_2"
"466","AGGTCATTCCGAGATT-1_2_2"
"467","AGGTCTAAGACTCGAG-1_2_2"
"468","AGGTCTACAGGTCTCG-1_2_2"
"469","AGGTCTAGTACAGAAT-1_2_2"
"470","AGGTCTAGTCAGGTAG-1_2_2"
"471","AGGTCTATCCCTGGTT-1_2_2"
"472","AGGTCTATCGGAATTC-1_2_2"
"473","AGGTGTTAGACGCAGT-1_2_2"
"474","AGGTGTTAGCGTTGTT-1_2_2"
"475","AGGTGTTCAAGATTGA-1_2_2"
"476","AGGTGTTCATAGAGGC-1_2_2"
"477","AGGTGTTGTCCTATAG-1_2_2"
"478","AGGTTGTTCCGGTTCT-1_2_2"
"479","AGGTTGTTCGCATAGT-1_2_2"
"480","AGGTTGTTCGCTCCTA-1_2_2"
"481","AGGTTGTTCTAGGCAT-1_2_2"
"482","AGTAACCAGACAACAT-1_2_2"
"483","AGTAACCAGGACTATA-1_2_2"
"484","AGTAACCGTAATCAAG-1_2_2"
"485","AGTAACCTCTACGCGG-1_2_2"
"486","AGTAACCTCTAGAGCT-1_2_2"
"487","AGTACCACAAGCTGTT-1_2_2"
"488","AGTACCAGTAGGCTGA-1_2_2"
"489","AGTACCAGTATCGTGT-1_2_2"
"490","AGTACCATCCTGTTGC-1_2_2"
"491","AGTACTGAGAGTCAGC-1_2_2"
"492","AGTACTGAGTGATTCC-1_2_2"
"493","AGTAGTCCAAATCGGG-1_2_2"
"494","AGTAGTCCAGGTGAGT-1_2_2"
"495","AGTCAACAGTAGACAT-1_2_2"
"496","AGTCAACCACTGGACC-1_2_2"
"497","AGTCAACGTTGTGGAG-1_2_2"
"498","AGTCACAAGTTCCTGA-1_2_2"
"499","AGTCACACAGTCACGC-1_2_2"
"500","AGTCACAGTCTGTGGC-1_2_2"
"501","AGTCACAGTTGTGCCG-1_2_2"
"502","AGTCATGCACGCGCTA-1_2_2"
"503","AGTCATGCACGGCTAC-1_2_2"
"504","AGTCATGGTAAGTTAG-1_2_2"
"505","AGTCATGGTCATGACT-1_2_2"
"506","AGTCTCCCAGGAAGTC-1_2_2"
"507","AGTCTCCTCGGAGATG-1_2_2"
"508","AGTGACTCAGGCACTC-1_2_2"
"509","AGTGACTCATCCTTCG-1_2_2"
"510","AGTGATCCAACTGCCG-1_2_2"
"511","AGTGATCCACCGTCTT-1_2_2"
"512","AGTGATCCAGACCTAT-1_2_2"
"513","AGTGATCGTCGCTTAA-1_2_2"
"514","AGTGATCTCTGCTAGA-1_2_2"
"515","AGTGCCGAGACTCGAG-1_2_2"
"516","AGTGCCGAGCATGATA-1_2_2"
"517","AGTGCCGCAATCCTAG-1_2_2"
"518","AGTGCCGTCTAGTACG-1_2_2"
"519","AGTGTTGGTACTGTTG-1_2_2"
"520","AGTTAGCCAGGCGATA-1_2_2"
"521","AGTTCCCAGCTGGAGT-1_2_2"
"522","AGTTCCCTCATTTGGG-1_2_2"
"523","AGTTCGAAGGCTTAAA-1_2_2"
"524","AGTTCGACATACAGAA-1_2_2"
"525","AGTTCGACATTGGCAT-1_2_2"
"526","AGTTCGAGTTAAACAG-1_2_2"
"527","AGTTCGATCGGCTGGT-1_2_2"
"528","ATACCGAAGCATGAAT-1_2_2"
"529","ATACCGACAACTCGTA-1_2_2"
"530","ATACCGACAGGCACTC-1_2_2"
"531","ATACCGACATGACAAA-1_2_2"
"532","ATACCGAGTCCACAGC-1_2_2"
"533","ATACCGATCCTGCTAC-1_2_2"
"534","ATACCGATCTGCCCTA-1_2_2"
"535","ATACCTTCACCATTCC-1_2_2"
"536","ATACCTTGTGTGGTCC-1_2_2"
"537","ATACCTTTCCACACAA-1_2_2"
"538","ATACTTCCAACGATTC-1_2_2"
"539","ATACTTCCAGAGATTA-1_2_2"
"540","ATACTTCGTACTCAAC-1_2_2"
"541","ATACTTCGTAGATTGA-1_2_2"
"542","ATACTTCGTGTTTACG-1_2_2"
"543","ATAGACCGTGCTCTCT-1_2_2"
"544","ATAGACCTCGTGTTCC-1_2_2"
"545","ATAGAGAAGAACCGCA-1_2_2"
"546","ATAGAGAAGCAAGCCA-1_2_2"
"547","ATAGAGAAGTAATACG-1_2_2"
"548","ATAGAGAGTCAAAGCG-1_2_2"
"549","ATAGAGATCCTACCAC-1_2_2"
"550","ATAGGCTAGCGCCTTG-1_2_2"
"551","ATAGGCTCAACCAACT-1_2_2"
"552","ATAGGCTCAACCGTGC-1_2_2"
"553","ATATCCTAGTACTCGT-1_2_2"
"554","ATATCCTGTATCTTCT-1_2_2"
"555","ATATCCTGTCAGACGA-1_2_2"
"556","ATCACAGAGATTAGCA-1_2_2"
"557","ATCACAGTCGCTCTCA-1_2_2"
"558","ATCACGACAGCTGTGC-1_2_2"
"559","ATCACGAGTGCGTCGT-1_2_2"
"560","ATCACGAGTTCTAACG-1_2_2"
"561","ATCACGATCATGCCCT-1_2_2"
"562","ATCACTTAGAGTGTTA-1_2_2"
"563","ATCACTTAGCCTCGTG-1_2_2"
"564","ATCACTTTCCGCAAAT-1_2_2"
"565","ATCACTTTCCTCTCTT-1_2_2"
"566","ATCAGGTAGGACTGGT-1_2_2"
"567","ATCAGGTAGTGCTCGC-1_2_2"
"568","ATCAGGTCAAGGCGTA-1_2_2"
"569","ATCATTCAGACGCAGT-1_2_2"
"570","ATCATTCCACATGACT-1_2_2"
"571","ATCCACCAGTCCGCCA-1_2_2"
"572","ATCCACCCACTGTGAT-1_2_2"
"573","ATCCACCCATCCGAGC-1_2_2"
"574","ATCCATTAGGGATGTC-1_2_2"
"575","ATCCATTCAGAGTCTT-1_2_2"
"576","ATCCCTGCACAGCGCT-1_2_2"
"577","ATCCCTGCATCCTCAC-1_2_2"
"578","ATCCCTGTCGCTTACC-1_2_2"
"579","ATCCGTCAGCATGCGA-1_2_2"
"580","ATCCGTCCACTAGTAC-1_2_2"
"581","ATCCGTCTCAACTCTT-1_2_2"
"582","ATCCGTCTCGTGACTA-1_2_2"
"583","ATCCTATAGTCTGGTT-1_2_2"
"584","ATCCTATCAAGTTTGC-1_2_2"
"585","ATCCTATCACAACCGC-1_2_2"
"586","ATCCTATGTCAACATC-1_2_2"
"587","ATCCTATTCCGAAATC-1_2_2"
"588","ATCCTATTCCTAGCGG-1_2_2"
"589","ATCGATGCAATCTGCA-1_2_2"
"590","ATCGATGCATCACCAA-1_2_2"
"591","ATCGATGTCAATCCAG-1_2_2"
"592","ATCGCCTAGAGAGTGA-1_2_2"
"593","ATCGCCTCAGTGTATC-1_2_2"
"594","ATCGCCTGTCTTGTCC-1_2_2"
"595","ATCGCCTTCCACGTAA-1_2_2"
"596","ATCGCCTTCTGAGCAT-1_2_2"
"597","ATCGGATGTGTGATGG-1_2_2"
"598","ATCGGATTCGTCCATC-1_2_2"
"599","ATCGGCGAGTGAGGCT-1_2_2"
"600","ATCGGCGTCAAAGCCT-1_2_2"
"601","ATCGTCCAGACCATTC-1_2_2"
"602","ATCGTCCCAAGAGATT-1_2_2"
"603","ATCGTCCCACGGCACT-1_2_2"
"604","ATCGTCCCAGGTGTGA-1_2_2"
"605","ATCGTCCGTAATGTGA-1_2_2"
"606","ATCGTGAAGCCGTCGT-1_2_2"
"607","ATCGTGAAGGTCTTTG-1_2_2"
"608","ATCGTGAGTCGTCATA-1_2_2"
"609","ATCTCTAAGGGCCTCT-1_2_2"
"610","ATCTCTACAAATGGCG-1_2_2"
"611","ATCTCTAGTCGCGTCA-1_2_2"
"612","ATCTCTATCAAATAGG-1_2_2"
"613","ATCTCTATCTATGCCC-1_2_2"
"614","ATCTTCAAGGTCGTAG-1_2_2"
"615","ATCTTCAGTTGTAAAG-1_2_2"
"616","ATCTTCATCCGGCAAC-1_2_2"
"617","ATCTTCATCGAAACAA-1_2_2"
"618","ATGAAAGAGACCAGAC-1_2_2"
"619","ATGAAAGAGGCAGTCA-1_2_2"
"620","ATGAAAGAGTACAGCG-1_2_2"
"621","ATGAAAGTCCATCCGT-1_2_2"
"622","ATGAAAGTCGCCGATG-1_2_2"
"623","ATGACCAAGAGTTGCG-1_2_2"
"624","ATGACCAAGCCAGTAG-1_2_2"
"625","ATGACCAAGTTATGGA-1_2_2"
"626","ATGACCACAAGTATCC-1_2_2"
"627","ATGACCACACTCGATA-1_2_2"
"628","ATGACCAGTATCGCTA-1_2_2"
"629","ATGACCAGTTGGACTT-1_2_2"
"630","ATGACCATCGACATTG-1_2_2"
"631","ATGAGGGAGAACAGGA-1_2_2"
"632","ATGAGGGAGCTAATGA-1_2_2"
"633","ATGAGGGAGGCCATAG-1_2_2"
"634","ATGAGGGCACATGTTG-1_2_2"
"635","ATGAGGGCATACCAGT-1_2_2"
"636","ATGAGGGTCGATCCAA-1_2_2"
"637","ATGAGTCAGTAGTCTC-1_2_2"
"638","ATGAGTCCAACGATCT-1_2_2"
"639","ATGAGTCTCAATCTCT-1_2_2"
"640","ATGAGTCTCATCAGTG-1_2_2"
"641","ATGATCGCAACCACAT-1_2_2"
"642","ATGATCGCACATGACT-1_2_2"
"643","ATGCCTCAGAGAGCCT-1_2_2"
"644","ATGCCTCCACTGAGTT-1_2_2"
"645","ATGCCTCCAGTATACC-1_2_2"
"646","ATGCCTCTCTGCGGGT-1_2_2"
"647","ATGCCTCTCTTACACT-1_2_2"
"648","ATGCGATAGCGTGCCT-1_2_2"
"649","ATGCGATAGGCTCTCG-1_2_2"
"650","ATGCGATCAAGCCCAC-1_2_2"
"651","ATGCGATCAGTCACGC-1_2_2"
"652","ATGCGATTCGACCATA-1_2_2"
"653","ATGGAGGAGACCAAGC-1_2_2"
"654","ATGGAGGAGGAACTAT-1_2_2"
"655","ATGGAGGGTCTCGGAC-1_2_2"
"656","ATGGAGGGTGACTCGC-1_2_2"
"657","ATGGAGGGTGTCCAAT-1_2_2"
"658","ATGGGAGCACTATCGA-1_2_2"
"659","ATGGGAGTCTGGAGAG-1_2_2"
"660","ATGGGTTAGCACACCC-1_2_2"
"661","ATGGGTTGTACTGCGC-1_2_2"
"662","ATGGGTTTCGAGTGGA-1_2_2"
"663","ATGGGTTTCTCAGTCC-1_2_2"
"664","ATGGGTTTCTTTGATC-1_2_2"
"665","ATGGTTGAGAAGCTGC-1_2_2"
"666","ATGGTTGAGATTCGCT-1_2_2"
"667","ATGGTTGGTATGGTAA-1_2_2"
"668","ATGTCCCAGCGTGTCC-1_2_2"
"669","ATGTCCCCAGCATCTA-1_2_2"
"670","ATGTCCCGTCCTATAG-1_2_2"
"671","ATGTCCCGTGCGACAA-1_2_2"
"672","ATGTCCCGTTCCGCGA-1_2_2"
"673","ATGTCCCGTTGTGTTG-1_2_2"
"674","ATGTCCCTCCATTTAC-1_2_2"
"675","ATGTCTTAGATACATG-1_2_2"
"676","ATGTCTTCAGTGGGTA-1_2_2"
"677","ATGTCTTGTTCCAAAC-1_2_2"
"678","ATGTCTTGTTGGCTAT-1_2_2"
"679","ATGTCTTTCCAACTAG-1_2_2"
"680","ATTACCTCAGACATCT-1_2_2"
"681","ATTACTCAGGGATCGT-1_2_2"
"682","ATTACTCCAATGACCT-1_2_2"
"683","ATTACTCGTAGGTACG-1_2_2"
"684","ATTACTCGTAGTAAGT-1_2_2"
"685","ATTATCCAGCCTAGGA-1_2_2"
"686","ATTATCCAGGTGCCTC-1_2_2"
"687","ATTATCCAGTTATGGA-1_2_2"
"688","ATTATCCCAATGAACA-1_2_2"
"689","ATTATCCGTAGACGTG-1_2_2"
"690","ATTATCCTCGACGAGA-1_2_2"
"691","ATTCACTAGACCTCCG-1_2_2"
"692","ATTCACTAGTTGTAGA-1_2_2"
"693","ATTCACTGTGATAGAT-1_2_2"
"694","ATTCACTTCAGGAAGC-1_2_2"
"695","ATTCACTTCGTCTACC-1_2_2"
"696","ATTCAGGAGTACAGAT-1_2_2"
"697","ATTCAGGTCGAAATCC-1_2_2"
"698","ATTCATCAGTACGTCT-1_2_2"
"699","ATTCATCGTCCGGACT-1_2_2"
"700","ATTCCATCATGTTACG-1_2_2"
"701","ATTCCATGTCTCGCGA-1_2_2"
"702","ATTCCATGTTAGGCCC-1_2_2"
"703","ATTCCATTCTTCTGGC-1_2_2"
"704","ATTCCCGCAATGTTGC-1_2_2"
"705","ATTCCCGGTCCGGTCA-1_2_2"
"706","ATTCCCGGTGAATTAG-1_2_2"
"707","ATTCCTACACAAAGCG-1_2_2"
"708","ATTCGTTCAGATGCGA-1_2_2"
"709","ATTCGTTCAGCAGACA-1_2_2"
"710","ATTCGTTCATGGCCAC-1_2_2"
"711","ATTCGTTGTACAAAGT-1_2_2"
"712","ATTCGTTGTCACTAGT-1_2_2"
"713","ATTCGTTGTCCTCATC-1_2_2"
"714","ATTCGTTTCTTGCAGA-1_2_2"
"715","ATTCTACAGAATCGAT-1_2_2"
"716","ATTCTACCAGCAGTCC-1_2_2"
"717","ATTCTACGTGTACGCC-1_2_2"
"718","ATTCTTGGTCTGTGAT-1_2_2"
"719","ATTCTTGGTTGCGGAA-1_2_2"
"720","ATTGTTCAGGCAGGTT-1_2_2"
"721","ATTGTTCAGTGCTACT-1_2_2"
"722","ATTTACCGTCTGTCAA-1_2_2"
"723","ATTTACCGTGATATAG-1_2_2"
"724","ATTTCACAGAATCGAT-1_2_2"
"725","ATTTCTGCAATAGTGA-1_2_2"
"726","ATTTCTGGTGTCCACG-1_2_2"
"727","ATTTCTGTCAGGAAGC-1_2_2"
"728","CAAAGAACACTAGTAC-1_2_2"
"729","CAACAACAGCAGTACG-1_2_2"
"730","CAACAACCAAGGTACG-1_2_2"
"731","CAACAACGTTACTCAG-1_2_2"
"732","CAACAACTCAAGTCGT-1_2_2"
"733","CAACAACTCCAGTACA-1_2_2"
"734","CAACAGTCATCTAGAC-1_2_2"
"735","CAACAGTGTAGCACAG-1_2_2"
"736","CAACAGTGTGGCTGCT-1_2_2"
"737","CAACAGTTCCAGCTCT-1_2_2"
"738","CAACCAAAGACCCGCT-1_2_2"
"739","CAACCAAAGGATAATC-1_2_2"
"740","CAACCAAAGGGACCAT-1_2_2"
"741","CAACCAATCGGAAACG-1_2_2"
"742","CAACCTCAGCGCCCAT-1_2_2"
"743","CAACCTCTCACCGCTT-1_2_2"
"744","CAACGATCACCCAAGC-1_2_2"
"745","CAACGATCACTACGGC-1_2_2"
"746","CAACGATGTCTAGATC-1_2_2"
"747","CAACGGCAGCTTAAGA-1_2_2"
"748","CAACGGCAGGGTGAAA-1_2_2"
"749","CAACGGCAGGTTCTTG-1_2_2"
"750","CAACGGCAGTGTGTTC-1_2_2"
"751","CAACGGCGTGTGTGTT-1_2_2"
"752","CAACGGCTCTCGACCT-1_2_2"
"753","CAAGACTAGGAAAGTG-1_2_2"
"754","CAAGACTCAGTAACGG-1_2_2"
"755","CAAGACTGTAAGTTGA-1_2_2"
"756","CAAGACTGTGAGTAGC-1_2_2"
"757","CAAGACTTCTTCCGTG-1_2_2"
"758","CAAGAGGAGATTAGCA-1_2_2"
"759","CAAGAGGAGGATATGT-1_2_2"
"760","CAAGAGGCAACTGCCG-1_2_2"
"761","CAAGAGGCAAGAAACT-1_2_2"
"762","CAAGAGGCACGAAGAC-1_2_2"
"763","CAAGAGGGTCTCAGAT-1_2_2"
"764","CAAGAGGTCGGAATTC-1_2_2"
"765","CAAGCTAAGAGCAAGA-1_2_2"
"766","CAAGCTAAGTAGCCAG-1_2_2"
"767","CAAGCTACAAGGACAC-1_2_2"
"768","CAAGCTACAATGTCAC-1_2_2"
"769","CAAGCTAGTTTGGCTA-1_2_2"
"770","CAAGCTATCCTCTCTT-1_2_2"
"771","CAAGGGAGTGGATCGA-1_2_2"
"772","CAAGGGAGTTCTATCT-1_2_2"
"773","CAAGGGATCACTGAAC-1_2_2"
"774","CAAGGGATCTGAGTCA-1_2_2"
"775","CAATACGAGAGTGTGC-1_2_2"
"776","CAATACGAGGCCTTGC-1_2_2"
"777","CAATACGAGGGTACGT-1_2_2"
"778","CAATCGAAGAGCCATG-1_2_2"
"779","CAATCGAAGCCGAACA-1_2_2"
"780","CAATCGAAGTGATAGT-1_2_2"
"781","CAATCGAGTCACCACG-1_2_2"
"782","CAATCGAGTGCCGTTG-1_2_2"
"783","CAATGACAGGGCGAAG-1_2_2"
"784","CAATGACAGTAAGGGA-1_2_2"
"785","CAATTTCAGAGTCGAC-1_2_2"
"786","CAATTTCAGGATATAC-1_2_2"
"787","CAATTTCAGGTAACTA-1_2_2"
"788","CAATTTCCAACGGCCT-1_2_2"
"789","CAATTTCGTTGCATGT-1_2_2"
"790","CAATTTCTCTCAACGA-1_2_2"
"791","CACAACAAGAGTATAC-1_2_2"
"792","CACAACAGTCTGTTAG-1_2_2"
"793","CACAACATCGCAACAT-1_2_2"
"794","CACAACATCGCTACAA-1_2_2"
"795","CACACAAAGGATTTGA-1_2_2"
"796","CACACAAAGTTAACAG-1_2_2"
"797","CACACAACACCTCGTT-1_2_2"
"798","CACACAAGTTGGATCT-1_2_2"
"799","CACAGATGTAAGCTCT-1_2_2"
"800","CACAGATTCATGAAAG-1_2_2"
"801","CACAGATTCCCGTGAG-1_2_2"
"802","CACAGATTCGCACGGT-1_2_2"
"803","CACAGGCAGTTGGAGC-1_2_2"
"804","CACAGGCCATCCTCAC-1_2_2"
"805","CACATGAAGAGCTTTC-1_2_2"
"806","CACATGAAGCGACCCT-1_2_2"
"807","CACATGAAGCTCCACG-1_2_2"
"808","CACATGAGTATCGTAC-1_2_2"
"809","CACATGAGTGAGGAAA-1_2_2"
"810","CACATGAGTTGTGCCG-1_2_2"
"811","CACCAAAAGACCAACG-1_2_2"
"812","CACCAAACAATAACGA-1_2_2"
"813","CACCAAACATGAGATA-1_2_2"
"814","CACCAAATCTCGAACA-1_2_2"
"815","CACCGTTGTTCCTACC-1_2_2"
"816","CACCGTTTCCAGTGCG-1_2_2"
"817","CACGAATAGCAATTAG-1_2_2"
"818","CACGAATAGGGCTGAT-1_2_2"
"819","CACGAATCAGTTGGTT-1_2_2"
"820","CACGAATCATGGAACG-1_2_2"
"821","CACGAATGTTGGCCGT-1_2_2"
"822","CACGAATTCAATCAGC-1_2_2"
"823","CACGAATTCATGGGAG-1_2_2"
"824","CACGAATTCCGACGGT-1_2_2"
"825","CACGGGTAGAACAAGG-1_2_2"
"826","CACGGGTAGGGAGGAC-1_2_2"
"827","CACGGGTCAGTGTGGA-1_2_2"
"828","CACGGGTGTAAGTTGA-1_2_2"
"829","CACGTGGAGAGGCGGA-1_2_2"
"830","CACGTGGGTACGACAG-1_2_2"
"831","CACGTTCGTAGGACCA-1_2_2"
"832","CACGTTCGTCAGTTTG-1_2_2"
"833","CACGTTCGTGGCGCTT-1_2_2"
"834","CACGTTCTCCAGTACA-1_2_2"
"835","CACTAAGAGCCAAGCA-1_2_2"
"836","CACTAAGAGGACACTG-1_2_2"
"837","CACTAAGCAGAACTAA-1_2_2"
"838","CACTAAGCAGAATGTA-1_2_2"
"839","CACTAAGGTAGACACG-1_2_2"
"840","CACTGGGAGTAAACTG-1_2_2"
"841","CACTGGGGTAGAATGT-1_2_2"
"842","CACTGGGGTTACCGTA-1_2_2"
"843","CACTGGGTCGGACGTC-1_2_2"
"844","CACTGGGTCGTCTACC-1_2_2"
"845","CACTGTCCACTCCGAG-1_2_2"
"846","CACTGTCTCAAGGACG-1_2_2"
"847","CACTGTCTCACAATGC-1_2_2"
"848","CACTGTCTCAGACCTA-1_2_2"
"849","CACTTCGGTCGCTTAA-1_2_2"
"850","CAGAGCCAGTGGATTA-1_2_2"
"851","CAGAGCCCACTGATTG-1_2_2"
"852","CAGAGCCCAGGATGAC-1_2_2"
"853","CAGAGCCGTATGCTAC-1_2_2"
"854","CAGAGCCTCCGAGATT-1_2_2"
"855","CAGATACCACATTACG-1_2_2"
"856","CAGATACCAGGTGAGT-1_2_2"
"857","CAGATACCATATGAAG-1_2_2"
"858","CAGATACGTCTTTCTA-1_2_2"
"859","CAGATACTCCTCTTTC-1_2_2"
"860","CAGATCAAGAGCAGCT-1_2_2"
"861","CAGATCAAGCAGGCAT-1_2_2"
"862","CAGATCAAGCGTGAGT-1_2_2"
"863","CAGATCAAGGAATGTT-1_2_2"
"864","CAGATCAAGTTGCGCC-1_2_2"
"865","CAGATCACAAACTCTG-1_2_2"
"866","CAGATCAGTGAGATAT-1_2_2"
"867","CAGATCATCGACGCGT-1_2_2"
"868","CAGATTGCATCGTGCG-1_2_2"
"869","CAGATTGGTCCTCAGG-1_2_2"
"870","CAGATTGTCGGAATTC-1_2_2"
"871","CAGCAATGTACACTCA-1_2_2"
"872","CAGCACGAGCTCATAC-1_2_2"
"873","CAGCACGGTGAGGCAT-1_2_2"
"874","CAGCACGTCCTCTAAT-1_2_2"
"875","CAGCAGCAGTCGCGAA-1_2_2"
"876","CAGCCAGCATACAGCT-1_2_2"
"877","CAGCCAGTCCATAGAC-1_2_2"
"878","CAGCGTGCATTGCCGG-1_2_2"
"879","CAGCGTGGTTAAGAAC-1_2_2"
"880","CAGGCCAAGATTCGCT-1_2_2"
"881","CAGGCCATCCTACCAC-1_2_2"
"882","CAGGGCTCAGGAAGTC-1_2_2"
"883","CAGGGCTGTATCGCTA-1_2_2"
"884","CAGGGCTGTGTACATC-1_2_2"
"885","CAGGGCTTCAGTCTTT-1_2_2"
"886","CAGGTATAGATGGGCT-1_2_2"
"887","CAGGTATAGCAACCAG-1_2_2"
"888","CAGGTATCATGACAAA-1_2_2"
"889","CAGGTATTCTGCCTCA-1_2_2"
"890","CAGTGCGCAATGTCAC-1_2_2"
"891","CAGTTAGAGGATTTAG-1_2_2"
"892","CAGTTAGGTTCGGCGT-1_2_2"
"893","CAGTTAGTCAGACCGC-1_2_2"
"894","CAGTTAGTCGCTTTAT-1_2_2"
"895","CAGTTAGTCTTCTCAA-1_2_2"
"896","CAGTTCCAGCAACTCT-1_2_2"
"897","CAGTTCCGTCACTTCC-1_2_2"
"898","CATAAGCCAATAGTGA-1_2_2"
"899","CATAAGCCAATTTCTC-1_2_2"
"900","CATACAGCAATCTCGA-1_2_2"
"901","CATACAGGTGTCCAAT-1_2_2"
"902","CATACAGGTTCCCAAA-1_2_2"
"903","CATACAGGTTGCCGAC-1_2_2"
"904","CATACCCAGACGACGT-1_2_2"
"905","CATACCCCAATGCAAA-1_2_2"
"906","CATACCCCAGCGCGTT-1_2_2"
"907","CATACCCGTTACCGTA-1_2_2"
"908","CATACTTAGCCGAACA-1_2_2"
"909","CATACTTCAGAGCGTA-1_2_2"
"910","CATACTTCATCTCATT-1_2_2"
"911","CATACTTGTAACTTCG-1_2_2"
"912","CATACTTTCCGTATGA-1_2_2"
"913","CATAGACCAAGGTCTT-1_2_2"
"914","CATAGACGTGAGGCAT-1_2_2"
"915","CATAGACTCCCTGGTT-1_2_2"
"916","CATAGACTCTATCACT-1_2_2"
"917","CATCAAGCAACGTTAC-1_2_2"
"918","CATCAAGCACAGCCTG-1_2_2"
"919","CATCAAGGTGTCCCTT-1_2_2"
"920","CATCAAGTCTCGACGG-1_2_2"
"921","CATCCACCACATGACT-1_2_2"
"922","CATCCACCACGCGCAT-1_2_2"
"923","CATCCACCATGCCGCA-1_2_2"
"924","CATCCACTCGGAAGGT-1_2_2"
"925","CATCCCACAACGCATT-1_2_2"
"926","CATCCGTAGAAATGGG-1_2_2"
"927","CATCCGTAGTCTGCAT-1_2_2"
"928","CATCCGTTCACCTCAC-1_2_2"
"929","CATCGCTGTCAGACGA-1_2_2"
"930","CATCGGGAGCCTCAGC-1_2_2"
"931","CATCGGGAGGCATCGA-1_2_2"
"932","CATCGGGAGTCTGTAC-1_2_2"
"933","CATCGTCAGCTGTACT-1_2_2"
"934","CATCGTCCAGGAGACT-1_2_2"
"935","CATGAGTCACCAGTAT-1_2_2"
"936","CATGAGTCACGTAACT-1_2_2"
"937","CATGAGTCACTGGCCA-1_2_2"
"938","CATGCAATCACGGGCT-1_2_2"
"939","CATGCCTAGAGATCGC-1_2_2"
"940","CATGCCTTCTTCCAGC-1_2_2"
"941","CATGCGGCAGTCGTTA-1_2_2"
"942","CATGCGGGTTAGGGAC-1_2_2"
"943","CATGCGGTCGATTTCT-1_2_2"
"944","CATGCGGTCGCAATTG-1_2_2"
"945","CATGCTCGTAATTGGA-1_2_2"
"946","CATGCTCGTACCGGCT-1_2_2"
"947","CATGCTCTCGGTGTTA-1_2_2"
"948","CATGGATAGGTTCACT-1_2_2"
"949","CATGGATCAGAGAATT-1_2_2"
"950","CATGGATCAGCCGTTG-1_2_2"
"951","CATGGATTCACGGAGA-1_2_2"
"952","CATGGTACAACCGCCA-1_2_2"
"953","CATGGTACAGACAAGC-1_2_2"
"954","CATGGTACAGTCGCTG-1_2_2"
"955","CATGGTAGTTACGATC-1_2_2"
"956","CATGGTATCATCTATC-1_2_2"
"957","CATTCATGTACAGAGC-1_2_2"
"958","CATTCATGTAGTCCTA-1_2_2"
"959","CATTCATGTGCCTGAC-1_2_2"
"960","CATTCCGAGAGGTCAC-1_2_2"
"961","CATTCCGCAGGCGTTC-1_2_2"
"962","CATTCCGGTCTCGGGT-1_2_2"
"963","CATTCCGGTTGGCCGT-1_2_2"
"964","CATTCTACACCTGCAG-1_2_2"
"965","CATTCTATCCAGCTCT-1_2_2"
"966","CATTGAGAGCTCTTCC-1_2_2"
"967","CATTGAGCACGCACCA-1_2_2"
"968","CATTGAGCAGAGTGAC-1_2_2"
"969","CATTGAGCAGCGTTTA-1_2_2"
"970","CATTGAGTCCACGGGT-1_2_2"
"971","CATTGAGTCCTTTGAT-1_2_2"
"972","CATTGCCCACATGGTT-1_2_2"
"973","CATTGCCGTCCCTCAT-1_2_2"
"974","CATTGTTAGATGCTAA-1_2_2"
"975","CATTGTTGTGTTACAC-1_2_2"
"976","CATTTCAAGAATTGTG-1_2_2"
"977","CATTTCACATCCTAAG-1_2_2"
"978","CATTTCATCACTGTCC-1_2_2"
"979","CCAAGCGAGGGTACAC-1_2_2"
"980","CCAAGCGAGTGTCATC-1_2_2"
"981","CCAAGCGTCCTTGACC-1_2_2"
"982","CCAATTTAGAAGAGCA-1_2_2"
"983","CCAATTTAGTTACGAA-1_2_2"
"984","CCAATTTGTATGAGCG-1_2_2"
"985","CCACAAAAGTTGTCGT-1_2_2"
"986","CCACACTAGGCCGCTT-1_2_2"
"987","CCACACTCATGCCGAC-1_2_2"
"988","CCACACTCATTGTCGA-1_2_2"
"989","CCACACTTCTACTATC-1_2_2"
"990","CCACCATAGAAGCGCT-1_2_2"
"991","CCACCATAGACTTGTC-1_2_2"
"992","CCACCATCATGGCACC-1_2_2"
"993","CCACCATGTGGCTCTG-1_2_2"
"994","CCACCATGTTTGTTGG-1_2_2"
"995","CCACCATTCGTTAGTG-1_2_2"
"996","CCACCATTCTTTGGAG-1_2_2"
"997","CCACGAGAGAAGCGGG-1_2_2"
"998","CCACGAGGTCATACCA-1_2_2"
"999","CCACGAGTCCAAGCCG-1_2_2"
"1000","CCACGTTAGATAGTGT-1_2_2"
"1001","CCACTTGAGTAGTCTC-1_2_2"
"1002","CCATAAGCAGAATTCC-1_2_2"
"1003","CCATAAGTCAGGTGTT-1_2_2"
"1004","CCATAAGTCCCTAGGG-1_2_2"
"1005","CCATCACCAGTCGGAA-1_2_2"
"1006","CCATCACGTGAACTAA-1_2_2"
"1007","CCATCACGTTCTCTCG-1_2_2"
"1008","CCATCACTCATCTCTA-1_2_2"
"1009","CCATCACTCCGGTTCT-1_2_2"
"1010","CCATCACTCTGAGCAT-1_2_2"
"1011","CCCAACTAGAGAGCGG-1_2_2"
"1012","CCCAACTCACCCTGAG-1_2_2"
"1013","CCCAACTCATCGTCCT-1_2_2"
"1014","CCCAACTGTAGAATAC-1_2_2"
"1015","CCCAACTGTGCCTACG-1_2_2"
"1016","CCCAACTGTGTGACCC-1_2_2"
"1017","CCCAACTTCTTACCAT-1_2_2"
"1018","CCCATTGAGCCTCTCT-1_2_2"
"1019","CCCATTGAGCTAGCCC-1_2_2"
"1020","CCCATTGCACTAGTAC-1_2_2"
"1021","CCCATTGGTGCAAGAC-1_2_2"
"1022","CCCATTGTCTGGCTGG-1_2_2"
"1023","CCCGAAGAGAAAGTCT-1_2_2"
"1024","CCCGAAGAGCCGTTAT-1_2_2"
"1025","CCCGAAGCATGGAGAC-1_2_2"
"1026","CCCGAAGGTAGGCTGA-1_2_2"
"1027","CCCGAAGGTCGGCCTA-1_2_2"
"1028","CCCGAAGGTGCTTCAA-1_2_2"
"1029","CCCGGAAAGGATTTAG-1_2_2"
"1030","CCCGGAAAGTTACGTC-1_2_2"
"1031","CCCGGAACAAGCAGGT-1_2_2"
"1032","CCCGGAACAGAGTAAT-1_2_2"
"1033","CCCGGAAGTTCCTTGC-1_2_2"
"1034","CCCGGAATCCTAGCTC-1_2_2"
"1035","CCCGGAATCGCTCTCA-1_2_2"
"1036","CCCTAACCAAATGCGG-1_2_2"
"1037","CCCTAACGTCAGTCGC-1_2_2"
"1038","CCCTAACGTGCTCCGA-1_2_2"
"1039","CCCTAACGTGGCTTGC-1_2_2"
"1040","CCCTAACTCGCTGTCT-1_2_2"
"1041","CCCTAACTCTATCGGA-1_2_2"
"1042","CCCTCAAAGTTGCGCC-1_2_2"
"1043","CCCTCAAGTCCGATCG-1_2_2"
"1044","CCCTCAATCTTCCGTG-1_2_2"
"1045","CCCTCTCAGATCACCT-1_2_2"
"1046","CCCTCTCGTTGATGTC-1_2_2"
"1047","CCCTGATCAGGTCCCA-1_2_2"
"1048","CCCTTAGCAACCGTGC-1_2_2"
"1049","CCCTTAGCATGGAAGC-1_2_2"
"1050","CCCTTAGGTACTGTTG-1_2_2"
"1051","CCCTTAGGTTCGTTCC-1_2_2"
"1052","CCGAACGGTCCTACAA-1_2_2"
"1053","CCGAACGGTCGATTTG-1_2_2"
"1054","CCGAACGGTTCTCGCT-1_2_2"
"1055","CCGAACGTCGACGCTG-1_2_2"
"1056","CCGAACGTCTCCGAAA-1_2_2"
"1057","CCGAACGTCTGAATCG-1_2_2"
"1058","CCGATCTGTTGTAGCT-1_2_2"
"1059","CCGATCTTCCTCATAT-1_2_2"
"1060","CCGATGGGTCGAACGA-1_2_2"
"1061","CCGATGGTCTCGAACA-1_2_2"
"1062","CCGCAAGGTGGAAATT-1_2_2"
"1063","CCGCAAGTCACTACGA-1_2_2"
"1064","CCGGACAAGCGTGTTT-1_2_2"
"1065","CCGGGTAGTAGTGTGG-1_2_2"
"1066","CCGGGTATCAAGAATG-1_2_2"
"1067","CCGGGTATCAAGATAG-1_2_2"
"1068","CCGGTAGAGCAGCGAT-1_2_2"
"1069","CCGGTAGAGCGTTCCG-1_2_2"
"1070","CCGGTAGCACAGCTTA-1_2_2"
"1071","CCGGTAGGTGGGTATG-1_2_2"
"1072","CCGGTAGGTTTCTATC-1_2_2"
"1073","CCGGTAGGTTTGTGGT-1_2_2"
"1074","CCGGTAGTCACTCGAA-1_2_2"
"1075","CCGGTAGTCTGGCCAG-1_2_2"
"1076","CCGTAGGAGAAGCCTG-1_2_2"
"1077","CCGTAGGAGGGCTAAC-1_2_2"
"1078","CCGTAGGGTTGCATAC-1_2_2"
"1079","CCGTGAGAGGTGATCG-1_2_2"
"1080","CCGTGAGCACGGTCTG-1_2_2"
"1081","CCGTGAGGTATCGTTG-1_2_2"
"1082","CCGTGAGTCTGCATAG-1_2_2"
"1083","CCGTTCACAGGTACGA-1_2_2"
"1084","CCGTTCAGTGATTCTG-1_2_2"
"1085","CCTAACCAGAGGGTCT-1_2_2"
"1086","CCTAACCAGCTCGAAG-1_2_2"
"1087","CCTAACCCAACAGCTT-1_2_2"
"1088","CCTAACCCAACCGCTG-1_2_2"
"1089","CCTAACCGTACTAACC-1_2_2"
"1090","CCTAACCGTCTCGGAC-1_2_2"
"1091","CCTAACCTCCAGTACA-1_2_2"
"1092","CCTAAGAAGGCTTTCA-1_2_2"
"1093","CCTAAGAAGTAGATCA-1_2_2"
"1094","CCTAAGACACGTATAC-1_2_2"
"1095","CCTAAGACATAGGTTC-1_2_2"
"1096","CCTATCGAGAAGCTCG-1_2_2"
"1097","CCTATCGAGATCCGAG-1_2_2"
"1098","CCTATCGCAATACAGA-1_2_2"
"1099","CCTATCGGTGAGATTA-1_2_2"
"1100","CCTCAACAGTATAACG-1_2_2"
"1101","CCTCAACCACTGCACG-1_2_2"
"1102","CCTCAACCAGTTGGTT-1_2_2"
"1103","CCTCAACGTGTGTACT-1_2_2"
"1104","CCTCAACGTTTCGTGA-1_2_2"
"1105","CCTCACACAAAGACTA-1_2_2"
"1106","CCTCACAGTTTCACAG-1_2_2"
"1107","CCTCACATCGCACGGT-1_2_2"
"1108","CCTCAGTAGCAGCGAT-1_2_2"
"1109","CCTCAGTCAGGACATG-1_2_2"
"1110","CCTCAGTGTATGTCTG-1_2_2"
"1111","CCTCAGTGTTCTAACG-1_2_2"
"1112","CCTCAGTTCCGTATGA-1_2_2"
"1113","CCTCATGAGCAATAGT-1_2_2"
"1114","CCTCATGAGGATTTAG-1_2_2"
"1115","CCTCATGCAAAGCAAT-1_2_2"
"1116","CCTCATGCACCTCTGT-1_2_2"
"1117","CCTCATGCAGAGTTGG-1_2_2"
"1118","CCTCCAAAGGTCCCTG-1_2_2"
"1119","CCTCCAAGTACGCTTA-1_2_2"
"1120","CCTCCAATCTGAGAGG-1_2_2"
"1121","CCTCCTCGTGATAGTA-1_2_2"
"1122","CCTCTAGAGCTCCGAC-1_2_2"
"1123","CCTCTAGCAAGCTGTT-1_2_2"
"1124","CCTCTAGCAGTACTAC-1_2_2"
"1125","CCTCTAGTCATTGTTC-1_2_2"
"1126","CCTCTCCAGTGGAAAG-1_2_2"
"1127","CCTCTCCCAGTTGCGC-1_2_2"
"1128","CCTGCATAGTACAACA-1_2_2"
"1129","CCTGCATCACGACGTC-1_2_2"
"1130","CCTGCATGTCTACATG-1_2_2"
"1131","CCTGCATGTGAAAGTT-1_2_2"
"1132","CCTGCATGTGACAGCA-1_2_2"
"1133","CCTGCATTCCTGCCAT-1_2_2"
"1134","CCTGCATTCGACGCTG-1_2_2"
"1135","CCTGCATTCGTTCTGC-1_2_2"
"1136","CCTGTTGAGATTGGGC-1_2_2"
"1137","CCTGTTGCACATAACC-1_2_2"
"1138","CCTGTTGGTACGAGTG-1_2_2"
"1139","CCTGTTGGTATTGAGA-1_2_2"
"1140","CCTGTTGTCACAATGC-1_2_2"
"1141","CCTTCAGAGAGTGGCT-1_2_2"
"1142","CCTTCAGGTGAATTAG-1_2_2"
"1143","CCTTCAGTCCATGATG-1_2_2"
"1144","CCTTGTGAGTGCTAGG-1_2_2"
"1145","CCTTGTGGTTCAGTAC-1_2_2"
"1146","CCTTGTGTCTTGGAAC-1_2_2"
"1147","CCTTTGGCATAATGCC-1_2_2"
"1148","CGAAGGAAGGGTGAAA-1_2_2"
"1149","CGAAGGACAACCCGCA-1_2_2"
"1150","CGAAGGACAATACAGA-1_2_2"
"1151","CGAAGGACAGTGCGCT-1_2_2"
"1152","CGAAGGAGTAACGATA-1_2_2"
"1153","CGAAGTTCAGAGGAAA-1_2_2"
"1154","CGAAGTTCATAACTCG-1_2_2"
"1155","CGAAGTTCATGGAGAC-1_2_2"
"1156","CGAAGTTGTAGGTCAG-1_2_2"
"1157","CGAAGTTGTCACTCTC-1_2_2"
"1158","CGAAGTTGTGCGGTAA-1_2_2"
"1159","CGAATTGAGATTAGAC-1_2_2"
"1160","CGAATTGAGGATTCCT-1_2_2"
"1161","CGAATTGAGGCGTTAG-1_2_2"
"1162","CGAATTGCATGCTGCG-1_2_2"
"1163","CGAATTGTCCGTAGGC-1_2_2"
"1164","CGACAGCTCCGACATA-1_2_2"
"1165","CGACAGCTCGATGGAG-1_2_2"
"1166","CGAGAAGAGGTTGCCC-1_2_2"
"1167","CGAGAAGCAATAGTAG-1_2_2"
"1168","CGAGAAGGTCGTATGT-1_2_2"
"1169","CGAGAAGTCAAGCCCG-1_2_2"
"1170","CGAGAAGTCATCGTAG-1_2_2"
"1171","CGAGGAACAAATACAG-1_2_2"
"1172","CGAGGAAGTCTGCATA-1_2_2"
"1173","CGAGGCTGTGATGAAT-1_2_2"
"1174","CGAGGCTTCGGTCGAC-1_2_2"
"1175","CGAGTGCCATCGGAAG-1_2_2"
"1176","CGAGTGCGTAACTAAG-1_2_2"
"1177","CGAGTGCTCTCCATAT-1_2_2"
"1178","CGAGTGCTCTGACGCG-1_2_2"
"1179","CGAGTTAAGGTGATCG-1_2_2"
"1180","CGAGTTACAACGCCCA-1_2_2"
"1181","CGAGTTAGTGAGATAT-1_2_2"
"1182","CGAGTTATCTTCACGC-1_2_2"
"1183","CGATCGGAGCAAATGT-1_2_2"
"1184","CGATCGGAGCTGCCAC-1_2_2"
"1185","CGATCGGCAAGTGATA-1_2_2"
"1186","CGATCGGCAGACACCC-1_2_2"
"1187","CGATCGGGTTTAAGGA-1_2_2"
"1188","CGATCGGTCGTGTGAT-1_2_2"
"1189","CGATGCGAGAGCAGCT-1_2_2"
"1190","CGATGCGAGTTCATGC-1_2_2"
"1191","CGATGCGCAAGCCCAC-1_2_2"
"1192","CGATGCGCATCAGTGT-1_2_2"
"1193","CGATGGCCACGTACTA-1_2_2"
"1194","CGCAGGTAGAAGTCCG-1_2_2"
"1195","CGCAGGTCAGCGTTTA-1_2_2"
"1196","CGCAGGTCATGATCTG-1_2_2"
"1197","CGCAGGTGTATTCCGA-1_2_2"
"1198","CGCATAACATGGGTCC-1_2_2"
"1199","CGCATAAGTGATGGCA-1_2_2"
"1200","CGCATAAGTGTTGAGG-1_2_2"
"1201","CGCATAATCAAGCCCG-1_2_2"
"1202","CGCATGGCACTAGAGG-1_2_2"
"1203","CGCATGGCAGCGTACC-1_2_2"
"1204","CGCATGGCATACTGTG-1_2_2"
"1205","CGCCAGAAGCCGCACT-1_2_2"
"1206","CGCCAGAAGGCGAACT-1_2_2"
"1207","CGCCAGACAGGTTCGC-1_2_2"
"1208","CGCCAGATCCCACAGG-1_2_2"
"1209","CGCCAGATCCCAGCGA-1_2_2"
"1210","CGCCATTCACAACCGC-1_2_2"
"1211","CGCCATTCAGCTGGTC-1_2_2"
"1212","CGCCATTCATACCATG-1_2_2"
"1213","CGCCATTGTGGAAGTC-1_2_2"
"1214","CGCCATTTCGACACCG-1_2_2"
"1215","CGCGTGAAGAGCCTGA-1_2_2"
"1216","CGCGTGAAGGCCTTGC-1_2_2"
"1217","CGCGTGAGTCAGTCTA-1_2_2"
"1218","CGGAACCCACCTGCAG-1_2_2"
"1219","CGGAACCCAGACTGCC-1_2_2"
"1220","CGGAACCCATAGACTC-1_2_2"
"1221","CGGAACCTCGCTGATA-1_2_2"
"1222","CGGAATTAGTATGGAT-1_2_2"
"1223","CGGAATTCAATTGCGT-1_2_2"
"1224","CGGAATTTCTCTTCAA-1_2_2"
"1225","CGGACACGTAACATCC-1_2_2"
"1226","CGGACACGTAACTTCG-1_2_2"
"1227","CGGACACTCAGTGTCA-1_2_2"
"1228","CGGAGAAAGATTAGTG-1_2_2"
"1229","CGGAGAATCCATTGCC-1_2_2"
"1230","CGGCAGTAGCGTCTCG-1_2_2"
"1231","CGGGACTAGCAAGTCG-1_2_2"
"1232","CGGGACTCACTGAATC-1_2_2"
"1233","CGGGACTCATGGAAGC-1_2_2"
"1234","CGGGACTGTGAAAGTT-1_2_2"
"1235","CGGGCATAGCGAGAAA-1_2_2"
"1236","CGGGCATCAAGCACAG-1_2_2"
"1237","CGGGCATCAGTCGAGA-1_2_2"
"1238","CGGGCATGTACTCCCT-1_2_2"
"1239","CGGGCATGTAGAGGAA-1_2_2"
"1240","CGGGTCACACATCCCT-1_2_2"
"1241","CGGGTCATCTGAATGC-1_2_2"
"1242","CGGGTGTCACAACGTT-1_2_2"
"1243","CGGTCAGAGTGTAGAT-1_2_2"
"1244","CGTAAGTAGAGCACTG-1_2_2"
"1245","CGTAAGTAGCGATTCT-1_2_2"
"1246","CGTAAGTCAGACCAAG-1_2_2"
"1247","CGTAAGTGTACCTTCC-1_2_2"
"1248","CGTAAGTGTGCGGCTT-1_2_2"
"1249","CGTAAGTGTTAGGACG-1_2_2"
"1250","CGTAAGTTCCGTGCGA-1_2_2"
"1251","CGTAAGTTCCTTATAC-1_2_2"
"1252","CGTAAGTTCGTAGCCG-1_2_2"
"1253","CGTAAGTTCTAGCAAC-1_2_2"
"1254","CGTAATGCACTGCATA-1_2_2"
"1255","CGTAATGTCGTGCGAC-1_2_2"
"1256","CGTAGTACAGAACCGA-1_2_2"
"1257","CGTAGTATCCCATAAG-1_2_2"
"1258","CGTAGTATCGCAGAGA-1_2_2"
"1259","CGTCAAATCCTAGCCT-1_2_2"
"1260","CGTCCATAGATAGTCA-1_2_2"
"1261","CGTCCATAGCTAGAGC-1_2_2"
"1262","CGTCCATGTAAGGAGA-1_2_2"
"1263","CGTCCATGTGATAGTA-1_2_2"
"1264","CGTCCATGTTACCTGA-1_2_2"
"1265","CGTGAATCAGCGCTTG-1_2_2"
"1266","CGTGATAAGGTCATAA-1_2_2"
"1267","CGTGATAGTATCGCGC-1_2_2"
"1268","CGTGCTTAGCACTAAA-1_2_2"
"1269","CGTGCTTAGTAGTCAA-1_2_2"
"1270","CGTGCTTCAACCGACC-1_2_2"
"1271","CGTGCTTGTTTCGTAG-1_2_2"
"1272","CGTGCTTTCGACGACC-1_2_2"
"1273","CGTGCTTTCGCTCTAC-1_2_2"
"1274","CGTGTCTGTTCCTACC-1_2_2"
"1275","CGTGTCTTCGCCGTGA-1_2_2"
"1276","CGTTAGACAAAGACTA-1_2_2"
"1277","CGTTAGAGTAGCGCTC-1_2_2"
"1278","CGTTAGATCGAGAAGC-1_2_2"
"1279","CGTTCTGCAATGCAGG-1_2_2"
"1280","CGTTCTGCAATTGAGA-1_2_2"
"1281","CGTTCTGGTAGATCGG-1_2_2"
"1282","CGTTCTGGTGATACAA-1_2_2"
"1283","CGTTCTGTCCTGTACC-1_2_2"
"1284","CGTTGGGTCGATCCAA-1_2_2"
"1285","CGTTGGGTCTGCTCTG-1_2_2"
"1286","CTAACCCCAGATCATC-1_2_2"
"1287","CTAACCCCAGTAACGG-1_2_2"
"1288","CTAACCCGTACGACAG-1_2_2"
"1289","CTAACTTAGCTGACCC-1_2_2"
"1290","CTAACTTCAGACATCT-1_2_2"
"1291","CTAACTTGTACCTAAC-1_2_2"
"1292","CTAACTTTCGCACGAC-1_2_2"
"1293","CTAAGTGAGCAGCCTC-1_2_2"
"1294","CTAAGTGTCCATAGAC-1_2_2"
"1295","CTACAGAAGGTCCCTG-1_2_2"
"1296","CTACATTAGAAGCGCT-1_2_2"
"1297","CTACATTAGCGTACAG-1_2_2"
"1298","CTACATTAGTGACACG-1_2_2"
"1299","CTACATTCACAGCATT-1_2_2"
"1300","CTACCCAAGATCACTC-1_2_2"
"1301","CTACCCACAAGTCCAT-1_2_2"
"1302","CTACCCACATTGCAAC-1_2_2"
"1303","CTACCCAGTTGCTCCT-1_2_2"
"1304","CTACCCATCCGCTTAC-1_2_2"
"1305","CTACCTGAGCATTTCG-1_2_2"
"1306","CTACCTGGTCCTTAAG-1_2_2"
"1307","CTACCTGTCCAGTTCC-1_2_2"
"1308","CTACCTGTCGGAATGG-1_2_2"
"1309","CTACCTGTCTTGGTCC-1_2_2"
"1310","CTACGGGAGCGAATGC-1_2_2"
"1311","CTACGGGGTAACATAG-1_2_2"
"1312","CTACGGGTCGCACTCT-1_2_2"
"1313","CTACTATAGTATGGAT-1_2_2"
"1314","CTACTATCAATGGCAG-1_2_2"
"1315","CTAGACAAGTCTAGAA-1_2_2"
"1316","CTAGACAGTTGCAACT-1_2_2"
"1317","CTAGGTAGTTCGAGCC-1_2_2"
"1318","CTAGGTAGTTGGCCTG-1_2_2"
"1319","CTAGGTATCATGCCAA-1_2_2"
"1320","CTAGGTATCGTTTACT-1_2_2"
"1321","CTATAGGCAAATCCCA-1_2_2"
"1322","CTATAGGCAATCGTCA-1_2_2"
"1323","CTATAGGGTAAGGTCG-1_2_2"
"1324","CTATAGGGTTTCTATC-1_2_2"
"1325","CTATCCGAGCTATCCA-1_2_2"
"1326","CTATCCGAGGTGCCTC-1_2_2"
"1327","CTATCCGGTACACTCA-1_2_2"
"1328","CTATCTACAGGTTCAT-1_2_2"
"1329","CTATCTAGTCCAAGAG-1_2_2"
"1330","CTATCTAGTTACACTG-1_2_2"
"1331","CTATCTATCAGGGTAG-1_2_2"
"1332","CTATCTATCCGATAAC-1_2_2"
"1333","CTCAACCAGGTGCAGT-1_2_2"
"1334","CTCAACCGTCGCTTAA-1_2_2"
"1335","CTCAAGAGTCCGGTGT-1_2_2"
"1336","CTCAAGAGTGATTCAC-1_2_2"
"1337","CTCAAGAGTGCATACT-1_2_2"
"1338","CTCAAGAGTTTGGGAG-1_2_2"
"1339","CTCAAGATCACACCCT-1_2_2"
"1340","CTCAATTAGCATGATA-1_2_2"
"1341","CTCAATTAGCTCCATA-1_2_2"
"1342","CTCAATTCAGACACAG-1_2_2"
"1343","CTCAATTGTAGCTCGC-1_2_2"
"1344","CTCAATTGTTTAGACC-1_2_2"
"1345","CTCACTGAGGCTTAGG-1_2_2"
"1346","CTCACTGCAATGGCCC-1_2_2"
"1347","CTCACTGGTGCTGCAC-1_2_2"
"1348","CTCACTGTCAAGAGTA-1_2_2"
"1349","CTCACTGTCAGCATTG-1_2_2"
"1350","CTCACTGTCCAGTACA-1_2_2"
"1351","CTCAGAAAGATTGCGG-1_2_2"
"1352","CTCAGAACAATTCGTG-1_2_2"
"1353","CTCAGAACAGAGAGGG-1_2_2"
"1354","CTCAGAAGTATCCTCC-1_2_2"
"1355","CTCAGAAGTGCATGTT-1_2_2"
"1356","CTCAGAATCATCGCTC-1_2_2"
"1357","CTCAGAATCGGATACT-1_2_2"
"1358","CTCAGGGAGCATCCTA-1_2_2"
"1359","CTCAGGGCAAAGCACG-1_2_2"
"1360","CTCAGGGCACTGTCGG-1_2_2"
"1361","CTCAGGGGTGAATGTA-1_2_2"
"1362","CTCAGTCAGACTACGG-1_2_2"
"1363","CTCAGTCAGATTGTGA-1_2_2"
"1364","CTCAGTCGTAGGCTCC-1_2_2"
"1365","CTCATCGAGGCAGGGA-1_2_2"
"1366","CTCATCGCACACCTTC-1_2_2"
"1367","CTCATCGTCATGAAAG-1_2_2"
"1368","CTCATGCAGAGGTCGT-1_2_2"
"1369","CTCATGCCAAAGGGTC-1_2_2"
"1370","CTCATGCCAGGCATTT-1_2_2"
"1371","CTCATGCGTTTAGAGA-1_2_2"
"1372","CTCATGCTCGACACTA-1_2_2"
"1373","CTCCAACAGTACAACA-1_2_2"
"1374","CTCCAACAGTTCCTGA-1_2_2"
"1375","CTCCAACTCCACTTTA-1_2_2"
"1376","CTCCACAAGTCATAGA-1_2_2"
"1377","CTCCACAAGTTTCAGC-1_2_2"
"1378","CTCCATGAGAATCGAT-1_2_2"
"1379","CTCCATGAGCGACTAG-1_2_2"
"1380","CTCCATGCACAAATGA-1_2_2"
"1381","CTCCCAAAGATGCTTC-1_2_2"
"1382","CTCCCAACACGTCGGT-1_2_2"
"1383","CTCCCAATCTACCAGA-1_2_2"
"1384","CTCCCTCCACAAGTTC-1_2_2"
"1385","CTCCCTCCACCAATTG-1_2_2"
"1386","CTCCGATAGCCTCTCT-1_2_2"
"1387","CTCCGATCAAGTGCTT-1_2_2"
"1388","CTCCGATTCTGCGATA-1_2_2"
"1389","CTCCTCCAGTGGTTAA-1_2_2"
"1390","CTCCTCCGTCCTCATC-1_2_2"
"1391","CTCCTCCTCGCCACTT-1_2_2"
"1392","CTCGAGGCATATTCGG-1_2_2"
"1393","CTCGAGGGTGGTAATA-1_2_2"
"1394","CTCGAGGGTTTGTTCT-1_2_2"
"1395","CTCTCAGAGAAGTCCG-1_2_2"
"1396","CTCTCAGGTGAGATTA-1_2_2"
"1397","CTCTCGAAGGAGAGTA-1_2_2"
"1398","CTCTCGAAGGTCCAGA-1_2_2"
"1399","CTCTCGACATAACGGG-1_2_2"
"1400","CTCTCGAGTAAGATCA-1_2_2"
"1401","CTCTCGAGTGAGATCG-1_2_2"
"1402","CTCTGGTAGAGCTGAC-1_2_2"
"1403","CTGAATGAGACATAAC-1_2_2"
"1404","CTGAATGTCCAAGCAT-1_2_2"
"1405","CTGAATGTCGAGCCTG-1_2_2"
"1406","CTGAGCGAGTCGGCCT-1_2_2"
"1407","CTGAGCGCAACTCGAT-1_2_2"
"1408","CTGAGCGGTATCCCTC-1_2_2"
"1409","CTGAGCGGTATGAGCG-1_2_2"
"1410","CTGAGCGGTTGATGTC-1_2_2"
"1411","CTGAGGCCACGTTCGG-1_2_2"
"1412","CTGAGGCGTAATGTGA-1_2_2"
"1413","CTGAGGCTCTTGATTC-1_2_2"
"1414","CTGATCCAGAAAGCGA-1_2_2"
"1415","CTGATCCAGCCGTAAG-1_2_2"
"1416","CTGATCCCAGATCACT-1_2_2"
"1417","CTGATCCCAGCTTCCT-1_2_2"
"1418","CTGATCCCATTGCTGA-1_2_2"
"1419","CTGATCCGTGTCCCTT-1_2_2"
"1420","CTGATCCGTTATGACC-1_2_2"
"1421","CTGATCCGTTCGGTCG-1_2_2"
"1422","CTGATCCTCATCAGTG-1_2_2"
"1423","CTGCAGGGTCAAGCCC-1_2_2"
"1424","CTGCCATAGGAGGCAG-1_2_2"
"1425","CTGCCATAGGTGCATG-1_2_2"
"1426","CTGCCATTCCTGTTGC-1_2_2"
"1427","CTGCCTAAGCGAGGAG-1_2_2"
"1428","CTGCCTACAACAGAGC-1_2_2"
"1429","CTGCCTACATGAAGGC-1_2_2"
"1430","CTGCGAGGTCCACACG-1_2_2"
"1431","CTGCGAGGTTTACGTG-1_2_2"
"1432","CTGCTCAAGCATGCGA-1_2_2"
"1433","CTGCTCACAGCGGATA-1_2_2"
"1434","CTGCTCAGTGTCCGTG-1_2_2"
"1435","CTGCTCATCATCTATC-1_2_2"
"1436","CTGGACGAGTTACTCG-1_2_2"
"1437","CTGGACGGTCGCTTGG-1_2_2"
"1438","CTGGCAGCAACGCCCA-1_2_2"
"1439","CTGGTCTCAACATACC-1_2_2"
"1440","CTGGTCTCACGCTGCA-1_2_2"
"1441","CTGGTCTCATCGGAGA-1_2_2"
"1442","CTGGTCTGTACTGACT-1_2_2"
"1443","CTGGTCTTCCACTGAA-1_2_2"
"1444","CTGTACCAGGAACATT-1_2_2"
"1445","CTGTACCAGGGAACAA-1_2_2"
"1446","CTGTACCCATTCCTCG-1_2_2"
"1447","CTGTACCGTCGGAAAC-1_2_2"
"1448","CTGTACCTCAAGGCTT-1_2_2"
"1449","CTGTACCTCCCAGGCA-1_2_2"
"1450","CTGTAGAAGTCACACT-1_2_2"
"1451","CTGTAGACAGAGCTAG-1_2_2"
"1452","CTGTATTAGGACAAGA-1_2_2"
"1453","CTGTATTGTCGAAACG-1_2_2"
"1454","CTGTATTTCTATCACT-1_2_2"
"1455","CTGTGAACAGTAGTTC-1_2_2"
"1456","CTGTGAAGTACGAAAT-1_2_2"
"1457","CTGTGAAGTTCTTGCC-1_2_2"
"1458","CTGTGAAGTTTCTATC-1_2_2"
"1459","CTGTGAATCCGTTGGG-1_2_2"
"1460","CTGTGGGAGGCCACTC-1_2_2"
"1461","CTGTGGGGTAGCGTCC-1_2_2"
"1462","CTGTGGGGTCTGTGGC-1_2_2"
"1463","CTGTGGGGTGCCTTTC-1_2_2"
"1464","CTTACCGCAGTCGGTC-1_2_2"
"1465","CTTACCGTCGCAAGAG-1_2_2"
"1466","CTTAGGAAGTGGAATT-1_2_2"
"1467","CTTAGGAGTACGGTTT-1_2_2"
"1468","CTTCAATAGTGGACTG-1_2_2"
"1469","CTTCAATTCGATGCTA-1_2_2"
"1470","CTTCCGAAGTCGAAGC-1_2_2"
"1471","CTTCCGACAAGGTACG-1_2_2"
"1472","CTTCCGACACGACGAA-1_2_2"
"1473","CTTCCGATCTAGTGTG-1_2_2"
"1474","CTTCCTTAGATGCAGC-1_2_2"
"1475","CTTCCTTCAGGGAATC-1_2_2"
"1476","CTTCCTTGTGTGAATA-1_2_2"
"1477","CTTCCTTTCACCTCGT-1_2_2"
"1478","CTTCGGTAGCACGTCC-1_2_2"
"1479","CTTCGGTGTCTCTCTG-1_2_2"
"1480","CTTCTAAAGAAAGTCT-1_2_2"
"1481","CTTCTAAAGTCATCCA-1_2_2"
"1482","CTTCTAACAATACCTG-1_2_2"
"1483","CTTCTAATCACAGAGG-1_2_2"
"1484","CTTCTCTAGAAGTCCG-1_2_2"
"1485","CTTCTCTGTGAAGCGT-1_2_2"
"1486","CTTCTCTTCAGCAATC-1_2_2"
"1487","CTTGAGAAGAAACCAT-1_2_2"
"1488","CTTGAGAAGACTTAAG-1_2_2"
"1489","CTTGAGAAGTGGGAAA-1_2_2"
"1490","CTTGAGACATCATCCC-1_2_2"
"1491","CTTGAGAGTACTCCCT-1_2_2"
"1492","CTTGAGATCCCATAAG-1_2_2"
"1493","CTTGAGATCCGTTTCG-1_2_2"
"1494","CTTGATTAGGTGCGAT-1_2_2"
"1495","CTTGATTCAGGGATAC-1_2_2"
"1496","CTTTCAAAGCCTGACC-1_2_2"
"1497","CTTTCAAAGTTGGACG-1_2_2"
"1498","CTTTCAACAGGCTTGC-1_2_2"
"1499","CTTTCAAGTAACATCC-1_2_2"
"1500","CTTTCGGCAACAACAA-1_2_2"
"1501","CTTTCGGGTGCAATGG-1_2_2"
"1502","CTTTCGGTCGTAGGAG-1_2_2"
"1503","GAAACCTAGACGGTTG-1_2_2"
"1504","GAAACCTAGCTGACCC-1_2_2"
"1505","GAAACCTTCCTGTTGC-1_2_2"
"1506","GAAATGAGTAGGCAAC-1_2_2"
"1507","GAACACTAGACCAAGC-1_2_2"
"1508","GAACACTAGCGTTCAT-1_2_2"
"1509","GAACACTAGGCGCTTC-1_2_2"
"1510","GAACACTCACATTCTT-1_2_2"
"1511","GAACACTCATAGATCC-1_2_2"
"1512","GAACACTGTTTGGAGG-1_2_2"
"1513","GAACGTTCATCCTTCG-1_2_2"
"1514","GAACGTTGTTCCACGG-1_2_2"
"1515","GAACGTTGTTGCGGAA-1_2_2"
"1516","GAACTGTAGGAATGTT-1_2_2"
"1517","GAACTGTAGGGCCAAT-1_2_2"
"1518","GAACTGTCATTGCTGA-1_2_2"
"1519","GAACTGTTCATAGAGA-1_2_2"
"1520","GAACTGTTCGCCAGTG-1_2_2"
"1521","GAACTGTTCTGAGAAA-1_2_2"
"1522","GAAGAATCAGAGTTGG-1_2_2"
"1523","GAAGAATCAGCTTCCT-1_2_2"
"1524","GAAGAATCAGTAACAA-1_2_2"
"1525","GAAGCCCCAATGTTGC-1_2_2"
"1526","GAAGCCCGTTTCGTTT-1_2_2"
"1527","GAAGCCCTCTTTGCAT-1_2_2"
"1528","GAAGCGAAGAAACACT-1_2_2"
"1529","GAAGCGAAGACGCCCT-1_2_2"
"1530","GAAGCGACACATGAAA-1_2_2"
"1531","GAAGCGACACTGCATA-1_2_2"
"1532","GAAGCGACATGGGATG-1_2_2"
"1533","GAAGCGAGTCTCTCAC-1_2_2"
"1534","GAAGCGAGTTTGCCGG-1_2_2"
"1535","GAAGCGATCACTACGA-1_2_2"
"1536","GAAGGACGTAGCGTCC-1_2_2"
"1537","GAAGGACTCCATGAGT-1_2_2"
"1538","GAAGGGTCACGTGTGC-1_2_2"
"1539","GAAGGGTCATTACTCT-1_2_2"
"1540","GAAGTAACAAGGAGTC-1_2_2"
"1541","GAAGTAAGTCTCTCTG-1_2_2"
"1542","GAAGTAAGTTCCCAAA-1_2_2"
"1543","GAAGTAATCTCCCAAC-1_2_2"
"1544","GAATAGAGTAAGTAGT-1_2_2"
"1545","GAATAGAGTACCAATC-1_2_2"
"1546","GAATAGATCACTCACC-1_2_2"
"1547","GAATCACCATGGGCAA-1_2_2"
"1548","GAATCACGTCGTCAGC-1_2_2"
"1549","GAATCGTCACTTCTCG-1_2_2"
"1550","GAATCGTCAGGGTTGA-1_2_2"
"1551","GAATCGTTCTTCGGTC-1_2_2"
"1552","GACACGCCAGGATGAC-1_2_2"
"1553","GACACGCGTTTAGACC-1_2_2"
"1554","GACACGCTCATTCCTA-1_2_2"
"1555","GACAGCCGTGGACTAG-1_2_2"
"1556","GACAGCCTCATTCTTG-1_2_2"
"1557","GACAGCCTCGGTGAAG-1_2_2"
"1558","GACATCACAATAACGA-1_2_2"
"1559","GACATCAGTACCCAGC-1_2_2"
"1560","GACATCAGTAGACACG-1_2_2"
"1561","GACATCAGTATCCCTC-1_2_2"
"1562","GACCAATAGCACAAAT-1_2_2"
"1563","GACCAATAGTGGGAAA-1_2_2"
"1564","GACCAATAGTTTAGGA-1_2_2"
"1565","GACCAATGTTACCCAA-1_2_2"
"1566","GACCCAGAGTACAGAT-1_2_2"
"1567","GACCCAGTCGACACTA-1_2_2"
"1568","GACCCTTAGAATTCAG-1_2_2"
"1569","GACCCTTCACCGCTAG-1_2_2"
"1570","GACCCTTCATTGCAAC-1_2_2"
"1571","GACCCTTTCTCCAATT-1_2_2"
"1572","GACCCTTTCTGGGATT-1_2_2"
"1573","GACCGTGAGACAGTCG-1_2_2"
"1574","GACCGTGAGAGCATAT-1_2_2"
"1575","GACCGTGCACCAGTAT-1_2_2"
"1576","GACCGTGGTGGCCTCA-1_2_2"
"1577","GACCGTGTCCAGTACA-1_2_2"
"1578","GACCGTGTCGATACAC-1_2_2"
"1579","GACCGTGTCGCCGAGT-1_2_2"
"1580","GACCTTCAGGGCAACT-1_2_2"
"1581","GACCTTCCATATCTGG-1_2_2"
"1582","GACCTTCGTCCACTCT-1_2_2"
"1583","GACCTTCTCGACCTAA-1_2_2"
"1584","GACGTTACAAACTAAG-1_2_2"
"1585","GACGTTACACCGTGGT-1_2_2"
"1586","GACGTTACATCGAACT-1_2_2"
"1587","GACTATGCAGTTGGTT-1_2_2"
"1588","GACTATGGTGTACGCC-1_2_2"
"1589","GACTATGTCGAGCCTG-1_2_2"
"1590","GACTATGTCGTCGCTT-1_2_2"
"1591","GACTCAAAGCATGTTC-1_2_2"
"1592","GACTCAAAGCGGTAGT-1_2_2"
"1593","GACTCAAAGTAAACGT-1_2_2"
"1594","GACTCTCAGAAGAGCA-1_2_2"
"1595","GACTCTCAGCGGGTAT-1_2_2"
"1596","GACTCTCCAAAGCGTG-1_2_2"
"1597","GACTCTCGTAGGTAGC-1_2_2"
"1598","GACTCTCGTGAGATTA-1_2_2"
"1599","GACTCTCTCATGCCAA-1_2_2"
"1600","GACTGATCAAGAAATC-1_2_2"
"1601","GACTGATCAATCAGCT-1_2_2"
"1602","GACTTCCAGAGGCGGA-1_2_2"
"1603","GACTTCCAGTTTGAGA-1_2_2"
"1604","GACTTCCCAAGTACCT-1_2_2"
"1605","GACTTCCCATTGCCTC-1_2_2"
"1606","GACTTCCGTCCCGTGA-1_2_2"
"1607","GACTTCCTCGGAATGG-1_2_2"
"1608","GAGAAATCAGACAAGC-1_2_2"
"1609","GAGAAATTCCGTTTCG-1_2_2"
"1610","GAGACCCTCACGGGAA-1_2_2"
"1611","GAGACCCTCGTCCTCA-1_2_2"
"1612","GAGACTTCAAGAATAC-1_2_2"
"1613","GAGACTTGTCCCTGTT-1_2_2"
"1614","GAGACTTGTGGCGTAA-1_2_2"
"1615","GAGAGGTCATATACCG-1_2_2"
"1616","GAGAGGTTCTACCACC-1_2_2"
"1617","GAGATGGAGCTAATGA-1_2_2"
"1618","GAGATGGCATTGGCAT-1_2_2"
"1619","GAGATGGGTACCTATG-1_2_2"
"1620","GAGCCTGAGCAGGCTA-1_2_2"
"1621","GAGCCTGGTCCCGGTA-1_2_2"
"1622","GAGCTGCCAGTCGCTG-1_2_2"
"1623","GAGCTGCTCGGCTCTT-1_2_2"
"1624","GAGGCAAAGCCATTGT-1_2_2"
"1625","GAGGCAAAGCTGACCC-1_2_2"
"1626","GAGGCAAAGGGTTAGC-1_2_2"
"1627","GAGGCAAGTGCATTTG-1_2_2"
"1628","GAGGCAAGTTTGATCG-1_2_2"
"1629","GAGGCCTAGAGTGACC-1_2_2"
"1630","GAGGCCTGTTGGGAAC-1_2_2"
"1631","GAGGCCTTCCGTGTGG-1_2_2"
"1632","GAGGGATGTACTAGCT-1_2_2"
"1633","GAGGGATTCAAACCTG-1_2_2"
"1634","GAGGGATTCCCTAGGG-1_2_2"
"1635","GAGGGATTCTGCGATA-1_2_2"
"1636","GAGGGATTCTGTTGGA-1_2_2"
"1637","GAGGGTATCGCAATTG-1_2_2"
"1638","GAGTCATCACAAAGTA-1_2_2"
"1639","GAGTCATGTTGCATAC-1_2_2"
"1640","GAGTCATTCGGCATTA-1_2_2"
"1641","GAGTCATTCTGAGTCA-1_2_2"
"1642","GAGTCTAAGCCAACCC-1_2_2"
"1643","GAGTCTAAGCTTTCCC-1_2_2"
"1644","GAGTCTAAGGATGTTA-1_2_2"
"1645","GAGTCTATCCTCTGCA-1_2_2"
"1646","GAGTGAGAGATGTTGA-1_2_2"
"1647","GAGTGAGAGTCCCAAT-1_2_2"
"1648","GAGTGAGCAGTGTATC-1_2_2"
"1649","GAGTGTTCAGAAACCG-1_2_2"
"1650","GAGTGTTCATTAAAGG-1_2_2"
"1651","GAGTGTTGTGAGTAGC-1_2_2"
"1652","GAGTGTTTCTGCAGCG-1_2_2"
"1653","GAGTTACAGCGCCATC-1_2_2"
"1654","GAGTTACCATAACAGA-1_2_2"
"1655","GAGTTGTAGGAAGTGA-1_2_2"
"1656","GAGTTGTCAGGCAATG-1_2_2"
"1657","GAGTTGTGTAGGACCA-1_2_2"
"1658","GAGTTGTTCCCGGTAG-1_2_2"
"1659","GAGTTGTTCGCGATCG-1_2_2"
"1660","GAGTTTGAGCCTAACT-1_2_2"
"1661","GAGTTTGCAGCGAACA-1_2_2"
"1662","GATAGAACATCGATGT-1_2_2"
"1663","GATAGAACATCTTTCA-1_2_2"
"1664","GATAGAAGTAGAGTTA-1_2_2"
"1665","GATAGAATCCAGCTCT-1_2_2"
"1666","GATAGCTAGGTCATCT-1_2_2"
"1667","GATAGCTCACGAGAAC-1_2_2"
"1668","GATAGCTTCAAGGAGC-1_2_2"
"1669","GATCACAAGGTTTACC-1_2_2"
"1670","GATCACACAGGACATG-1_2_2"
"1671","GATCAGTTCTTACCGC-1_2_2"
"1672","GATCATGAGACATCCT-1_2_2"
"1673","GATCATGAGCTGAAAT-1_2_2"
"1674","GATCATGAGGTCATCT-1_2_2"
"1675","GATCATGAGTAATCCC-1_2_2"
"1676","GATCATGGTGACGTCC-1_2_2"
"1677","GATCCCTCAGGCATGA-1_2_2"
"1678","GATCCCTTCCCAAGTA-1_2_2"
"1679","GATCGTAAGCGAACTG-1_2_2"
"1680","GATCGTACAAGTTGGG-1_2_2"
"1681","GATCGTAGTGTTGATC-1_2_2"
"1682","GATGACTAGGAGGCAG-1_2_2"
"1683","GATGACTCACTGGACC-1_2_2"
"1684","GATGACTCAGCTATAC-1_2_2"
"1685","GATGAGGAGTGGATAT-1_2_2"
"1686","GATGAGGCACCAAAGG-1_2_2"
"1687","GATGAGGCACTCTAGA-1_2_2"
"1688","GATGAGGGTTGGTAGG-1_2_2"
"1689","GATGAGGTCATTTGCT-1_2_2"
"1690","GATGATCCACGATAGG-1_2_2"
"1691","GATGATCGTCTCGCGA-1_2_2"
"1692","GATGCTAGTCGAGTGA-1_2_2"
"1693","GATGGAGAGTCCCGGT-1_2_2"
"1694","GATGGAGGTACAAGCG-1_2_2"
"1695","GATGGAGTCAGCCCAG-1_2_2"
"1696","GATGGAGTCAGTCATG-1_2_2"
"1697","GATGTTGGTGAGCGAT-1_2_2"
"1698","GATGTTGTCGGTAGGA-1_2_2"
"1699","GATTCGAAGGACAAGA-1_2_2"
"1700","GATTCTTGTTGCAACT-1_2_2"
"1701","GATTGGTAGTGGACGT-1_2_2"
"1702","GATTGGTCACTGTCCT-1_2_2"
"1703","GATTGGTGTCACCTTC-1_2_2"
"1704","GATTGGTGTTTGGAAA-1_2_2"
"1705","GATTTCTGTTGTGTAC-1_2_2"
"1706","GCAACATAGAAACTAC-1_2_2"
"1707","GCAACCGAGTGACACG-1_2_2"
"1708","GCAACCGCAAAGAGTT-1_2_2"
"1709","GCAACCGTCTGGGATT-1_2_2"
"1710","GCACATAAGGATTACA-1_2_2"
"1711","GCACGGTCAAACCACT-1_2_2"
"1712","GCACGGTCAAACGGCA-1_2_2"
"1713","GCACGGTGTTATCTGG-1_2_2"
"1714","GCACGGTGTTGCTCAA-1_2_2"
"1715","GCACGTGAGGTTCTAC-1_2_2"
"1716","GCACGTGCATGAGAAT-1_2_2"
"1717","GCACTAAAGACTTGTC-1_2_2"
"1718","GCACTAACACCTCAGG-1_2_2"
"1719","GCACTAACATGCAGCC-1_2_2"
"1720","GCACTAAGTTGCATCA-1_2_2"
"1721","GCAGCCACATTGCTTT-1_2_2"
"1722","GCAGCCATCTTCTAAC-1_2_2"
"1723","GCAGCTGAGACTTCGT-1_2_2"
"1724","GCAGCTGCAATTGTGC-1_2_2"
"1725","GCAGCTGCATAGTCAC-1_2_2"
"1726","GCAGCTGGTATACGGG-1_2_2"
"1727","GCAGGCTTCAAATGCC-1_2_2"
"1728","GCAGGCTTCGGCTGGT-1_2_2"
"1729","GCAGTTAAGAATCTAG-1_2_2"
"1730","GCAGTTAAGACATAAC-1_2_2"
"1731","GCAGTTAGTTCAGGTT-1_2_2"
"1732","GCATCGGAGCTAATCC-1_2_2"
"1733","GCATCTCAGCTAGAAT-1_2_2"
"1734","GCATCTCGTAGTTACC-1_2_2"
"1735","GCATCTCGTCGATTTG-1_2_2"
"1736","GCATCTCTCGATTGGT-1_2_2"
"1737","GCATGATCATAATCGC-1_2_2"
"1738","GCATGATGTCGTCAGC-1_2_2"
"1739","GCATGATGTGTTGCCG-1_2_2"
"1740","GCATTAGAGGCTCACC-1_2_2"
"1741","GCATTAGTCTCTAGGA-1_2_2"
"1742","GCCAACGTCGACCAAT-1_2_2"
"1743","GCCAGCACAATCGCGC-1_2_2"
"1744","GCCAGCAGTGACACGA-1_2_2"
"1745","GCCAGCATCTGTGCTC-1_2_2"
"1746","GCCAGGTAGGTTTACC-1_2_2"
"1747","GCCAGTGAGCAAACAT-1_2_2"
"1748","GCCAGTGTCTTGCAGA-1_2_2"
"1749","GCCATGGTCCAAAGGG-1_2_2"
"1750","GCCATTCGTAGGTGCA-1_2_2"
"1751","GCCATTCGTATTTCTC-1_2_2"
"1752","GCCATTCGTTCCACAA-1_2_2"
"1753","GCCCAGAAGCCACCGT-1_2_2"
"1754","GCCCAGAGTCGTTATG-1_2_2"
"1755","GCCCGAACAATTGTGC-1_2_2"
"1756","GCCCGAACACATACTG-1_2_2"
"1757","GCCGATGAGTGATTCC-1_2_2"
"1758","GCCGATGCAAGAGATT-1_2_2"
"1759","GCCGATGCAATAGGGC-1_2_2"
"1760","GCCGATGGTTTCGACA-1_2_2"
"1761","GCCGATGTCTTCTCAA-1_2_2"
"1762","GCCGTGAAGGTCGACA-1_2_2"
"1763","GCCGTGACATACTGAC-1_2_2"
"1764","GCCGTGATCGTCTCAC-1_2_2"
"1765","GCCTGTTCACATGTTG-1_2_2"
"1766","GCCTGTTCATGAATAG-1_2_2"
"1767","GCCTGTTGTGCGTGCT-1_2_2"
"1768","GCCTGTTGTTGCCTAA-1_2_2"
"1769","GCCTGTTTCGTGACTA-1_2_2"
"1770","GCCTGTTTCTATACGG-1_2_2"
"1771","GCGAGAAAGAATCGCG-1_2_2"
"1772","GCGAGAACAGAGTAAT-1_2_2"
"1773","GCGAGAAGTAGACAAT-1_2_2"
"1774","GCGATCGAGCATTGTC-1_2_2"
"1775","GCGATCGCAAATCGTC-1_2_2"
"1776","GCGATCGGTCAAACGG-1_2_2"
"1777","GCGGAAAAGAGGTGCT-1_2_2"
"1778","GCGGAAACACAGTACT-1_2_2"
"1779","GCGGAAACACGTAACT-1_2_2"
"1780","GCGGAAACAGAACCGA-1_2_2"
"1781","GCGGAAAGTAGTGCGA-1_2_2"
"1782","GCGGAAAGTGCGGCTT-1_2_2"
"1783","GCGGAAAGTTGAAGTA-1_2_2"
"1784","GCGGATCAGAGTCTGG-1_2_2"
"1785","GCGGATCGTATCCTCC-1_2_2"
"1786","GCGGATCGTCCGCAGT-1_2_2"
"1787","GCGTGCAGTAGGCAAC-1_2_2"
"1788","GCGTGCAGTGCTCGTG-1_2_2"
"1789","GCGTGCAGTGGGATTG-1_2_2"
"1790","GCGTGCATCACCTGGG-1_2_2"
"1791","GCGTGCATCCGATCTC-1_2_2"
"1792","GCGTTTCAGACTGAGC-1_2_2"
"1793","GCGTTTCCATGGAATA-1_2_2"
"1794","GCGTTTCGTAACGCGA-1_2_2"
"1795","GCGTTTCTCCGAGCTG-1_2_2"
"1796","GCGTTTCTCGAGAACG-1_2_2"
"1797","GCTACAACACTCCACT-1_2_2"
"1798","GCTACAAGTCCGAAGA-1_2_2"
"1799","GCTACAAGTCGCGGTT-1_2_2"
"1800","GCTACAAGTTTGGGAG-1_2_2"
"1801","GCTACCTAGCCGTTGC-1_2_2"
"1802","GCTACCTGTACGTGAG-1_2_2"
"1803","GCTACCTGTCATCTAG-1_2_2"
"1804","GCTACCTGTGTCTTAG-1_2_2"
"1805","GCTACCTTCTTACCGC-1_2_2"
"1806","GCTCAAAAGCTGGCTC-1_2_2"
"1807","GCTCAAAAGGATGGCT-1_2_2"
"1808","GCTGAATCATGCACTA-1_2_2"
"1809","GCTGAATGTAAGATCA-1_2_2"
"1810","GCTGAATGTGAGATCG-1_2_2"
"1811","GCTGCAGAGTCCCAGC-1_2_2"
"1812","GCTGCAGGTCCTGGTG-1_2_2"
"1813","GCTGCAGTCGCACGAC-1_2_2"
"1814","GCTGCAGTCGTTCCTG-1_2_2"
"1815","GCTGGGTAGAGGGTGG-1_2_2"
"1816","GCTGGGTGTGTCCGGT-1_2_2"
"1817","GCTGGGTTCTGGTGCG-1_2_2"
"1818","GCTTCACAGTTCTACG-1_2_2"
"1819","GCTTCACCACGTAGAG-1_2_2"
"1820","GCTTCACGTAATTAGG-1_2_2"
"1821","GCTTCACTCGACGAGA-1_2_2"
"1822","GCTTGGGCAAGAGCTG-1_2_2"
"1823","GCTTGGGCATGTTCGA-1_2_2"
"1824","GCTTTCGCAATGTGGG-1_2_2"
"1825","GCTTTCGTCGACCCAG-1_2_2"
"1826","GGAACCCAGCGTCTCG-1_2_2"
"1827","GGAACCCCATCACGGC-1_2_2"
"1828","GGAACCCGTAGGCAAC-1_2_2"
"1829","GGAACCCGTTCCAAAC-1_2_2"
"1830","GGAACCCTCCGTCACT-1_2_2"
"1831","GGAACCCTCTGAATGC-1_2_2"
"1832","GGAAGTGCACTTGGGC-1_2_2"
"1833","GGAAGTGGTGCTCTCT-1_2_2"
"1834","GGAAGTGGTTCCTAGA-1_2_2"
"1835","GGAAGTGGTTCGTGCG-1_2_2"
"1836","GGAAGTGTCTGAGTCA-1_2_2"
"1837","GGAATCTCAAGTGCTT-1_2_2"
"1838","GGAATCTCAGCTGGTC-1_2_2"
"1839","GGAATCTGTGGCTGAA-1_2_2"
"1840","GGAATCTTCTTCGTAT-1_2_2"
"1841","GGAATGGGTGCGTCGT-1_2_2"
"1842","GGACGTCCACGTGAGA-1_2_2"
"1843","GGACGTCTCCATTTGT-1_2_2"
"1844","GGAGAACAGCACTCCG-1_2_2"
"1845","GGAGAACAGCGCCTAC-1_2_2"
"1846","GGAGAACAGTAGGAAG-1_2_2"
"1847","GGAGAACCAGTCCCGA-1_2_2"
"1848","GGAGAACCATTGAGGG-1_2_2"
"1849","GGAGAACGTCATAACC-1_2_2"
"1850","GGAGATGCACTACGGC-1_2_2"
"1851","GGAGATGGTCTGTCCT-1_2_2"
"1852","GGAGATGTCGCCGAAC-1_2_2"
"1853","GGAGATGTCGGTCACG-1_2_2"
"1854","GGAGCAAGTGAATTGA-1_2_2"
"1855","GGAGGATAGACATATG-1_2_2"
"1856","GGAGGATAGCTGCCTG-1_2_2"
"1857","GGAGGATCATCTTCGC-1_2_2"
"1858","GGAGGATGTATGTCAC-1_2_2"
"1859","GGAGGATGTGATATAG-1_2_2"
"1860","GGAGGATGTTAGAGTA-1_2_2"
"1861","GGAGGTAAGTGATAAC-1_2_2"
"1862","GGAGGTACATCGGTTA-1_2_2"
"1863","GGAGGTAGTCTGTCCT-1_2_2"
"1864","GGATCTAAGATACATG-1_2_2"
"1865","GGATCTAAGTATTGCC-1_2_2"
"1866","GGATCTATCAGGAGAC-1_2_2"
"1867","GGATCTATCCGAGATT-1_2_2"
"1868","GGATGTTAGTCCCGAC-1_2_2"
"1869","GGATGTTCAGGTGACA-1_2_2"
"1870","GGATGTTGTGTGTTTG-1_2_2"
"1871","GGATGTTTCAGCTGTA-1_2_2"
"1872","GGATGTTTCCACGGAC-1_2_2"
"1873","GGCACGTTCAAGCCTA-1_2_2"
"1874","GGCACGTTCCAAAGGG-1_2_2"
"1875","GGCAGTCAGCGCGTTC-1_2_2"
"1876","GGCAGTCCAACGAGGT-1_2_2"
"1877","GGCAGTCCAATGTGGG-1_2_2"
"1878","GGCAGTCCACTGAATC-1_2_2"
"1879","GGCAGTCCATTCCTCG-1_2_2"
"1880","GGCAGTCGTCCACATA-1_2_2"
"1881","GGCAGTCTCGGTCAGC-1_2_2"
"1882","GGCAGTCTCTATCCAT-1_2_2"
"1883","GGCGTCAGTAGCGCTC-1_2_2"
"1884","GGCGTCAGTGATAGAT-1_2_2"
"1885","GGCGTCATCTCATAGG-1_2_2"
"1886","GGCTGTGAGGCGACAT-1_2_2"
"1887","GGCTGTGAGTATAGGT-1_2_2"
"1888","GGCTGTGCACTTGTGA-1_2_2"
"1889","GGCTTGGCAGTAGAGC-1_2_2"
"1890","GGCTTGGCATCTGGGC-1_2_2"
"1891","GGCTTGGGTAACCCTA-1_2_2"
"1892","GGCTTGGGTTTAGAGA-1_2_2"
"1893","GGCTTTCAGCTTCATG-1_2_2"
"1894","GGCTTTCGTAACGGTG-1_2_2"
"1895","GGGAAGTAGTTGGCTT-1_2_2"
"1896","GGGAAGTTCGTCGCTT-1_2_2"
"1897","GGGACAAAGTCGAATA-1_2_2"
"1898","GGGACAACAAGGTACG-1_2_2"
"1899","GGGACAATCTGGGCGT-1_2_2"
"1900","GGGACCTCAGTCTGGC-1_2_2"
"1901","GGGACCTGTTTGGGAG-1_2_2"
"1902","GGGACCTTCCGCTAGG-1_2_2"
"1903","GGGACTCAGGAGAGTA-1_2_2"
"1904","GGGACTCAGTTCACTG-1_2_2"
"1905","GGGACTCGTAAGCGGT-1_2_2"
"1906","GGGACTCGTCTCACAA-1_2_2"
"1907","GGGACTCTCAGACCGC-1_2_2"
"1908","GGGACTCTCGGACTGC-1_2_2"
"1909","GGGAGATAGTCGGCAA-1_2_2"
"1910","GGGAGATCATGGTACT-1_2_2"
"1911","GGGAGATGTAACAGTA-1_2_2"
"1912","GGGAGATGTGAAGCGT-1_2_2"
"1913","GGGAGTACACATGGTT-1_2_2"
"1914","GGGAGTACATCCTATT-1_2_2"
"1915","GGGAGTATCCATGAGT-1_2_2"
"1916","GGGATCCTCTCCTGAC-1_2_2"
"1917","GGGATGAAGTGATAAC-1_2_2"
"1918","GGGCCATAGACCTGGA-1_2_2"
"1919","GGGCCATGTAGATCGG-1_2_2"
"1920","GGGCCATGTGCATCTA-1_2_2"
"1921","GGGCCATTCTTTCAGT-1_2_2"
"1922","GGGCGTTAGCGGATCA-1_2_2"
"1923","GGGCGTTAGGTCTTTG-1_2_2"
"1924","GGGCGTTCACTGTTCC-1_2_2"
"1925","GGGCGTTTCAAAGCCT-1_2_2"
"1926","GGGCTACCAGCGTTGC-1_2_2"
"1927","GGGCTACCATGCAGGA-1_2_2"
"1928","GGGCTACTCTATACGG-1_2_2"
"1929","GGGCTACTCTCGCCTA-1_2_2"
"1930","GGGCTCAAGAAGCCTG-1_2_2"
"1931","GGGCTCAAGCCTCACG-1_2_2"
"1932","GGGCTCACATATCTCT-1_2_2"
"1933","GGGCTCAGTGATAGTA-1_2_2"
"1934","GGGCTCAGTGCGAGTA-1_2_2"
"1935","GGGTAGAAGGCTTAGG-1_2_2"
"1936","GGGTAGAAGGTACCTT-1_2_2"
"1937","GGGTAGACAAATGGTA-1_2_2"
"1938","GGGTAGACATTCGGGC-1_2_2"
"1939","GGGTAGATCTGCGGCA-1_2_2"
"1940","GGGTATTAGGCTTAGG-1_2_2"
"1941","GGGTATTGTAGGTACG-1_2_2"
"1942","GGGTATTTCGCTAGCG-1_2_2"
"1943","GGGTCACTCACTGTCC-1_2_2"
"1944","GGGTCTGAGACTCTTG-1_2_2"
"1945","GGGTCTGCATTGGATC-1_2_2"
"1946","GGGTCTGGTGTCCCTT-1_2_2"
"1947","GGGTGAAAGAAGCTCG-1_2_2"
"1948","GGGTGAAAGGTATTGA-1_2_2"
"1949","GGGTGAACACGCGCTA-1_2_2"
"1950","GGGTGAACACTTCAAG-1_2_2"
"1951","GGGTGAAGTGAGATCG-1_2_2"
"1952","GGGTGTCAGAAACTCA-1_2_2"
"1953","GGGTGTCCAAGTAGTA-1_2_2"
"1954","GGGTGTCGTTGCAACT-1_2_2"
"1955","GGGTGTCTCTTCTGTA-1_2_2"
"1956","GGGTTATAGTCTGTAC-1_2_2"
"1957","GGGTTATCACTAGGTT-1_2_2"
"1958","GGGTTATTCACGGTCG-1_2_2"
"1959","GGGTTATTCTCTTAAC-1_2_2"
"1960","GGGTTTAAGTTCCAGT-1_2_2"
"1961","GGGTTTACAATGCAAA-1_2_2"
"1962","GGGTTTACATAGGCGA-1_2_2"
"1963","GGGTTTACATCCGATA-1_2_2"
"1964","GGGTTTAGTATCTTCT-1_2_2"
"1965","GGGTTTAGTATGCTAC-1_2_2"
"1966","GGGTTTATCCACTGGG-1_2_2"
"1967","GGTAACTAGGTCATAA-1_2_2"
"1968","GGTAACTAGTGGTTCT-1_2_2"
"1969","GGTAACTCAAGGGTCA-1_2_2"
"1970","GGTAACTCACCTAAAC-1_2_2"
"1971","GGTAACTGTAGGACCA-1_2_2"
"1972","GGTAACTTCATAGGCT-1_2_2"
"1973","GGTAACTTCGGCATAT-1_2_2"
"1974","GGTAATCCAGCTACAT-1_2_2"
"1975","GGTAATCCATGGCTAT-1_2_2"
"1976","GGTAGAGGTACGTAGG-1_2_2"
"1977","GGTAGAGGTAGACAAT-1_2_2"
"1978","GGTAGAGGTTTGCAGT-1_2_2"
"1979","GGTCACGTCGGTCGGT-1_2_2"
"1980","GGTCTGGAGGCCCGTT-1_2_2"
"1981","GGTCTGGCAACCTAAC-1_2_2"
"1982","GGTCTGGCAATGGCCC-1_2_2"
"1983","GGTCTGGCACCCGTAG-1_2_2"
"1984","GGTCTGGTCCTCAGGG-1_2_2"
"1985","GGTGAAGAGACTCAAA-1_2_2"
"1986","GGTGAAGTCTTGGCTC-1_2_2"
"1987","GGTGATTCAACTCGAT-1_2_2"
"1988","GGTGATTCACGTAGTT-1_2_2"
"1989","GGTGATTGTAGTGGCA-1_2_2"
"1990","GGTGATTTCCCTTGGT-1_2_2"
"1991","GGTGGCTAGGCTCACC-1_2_2"
"1992","GGTGGCTCAATTTCCT-1_2_2"
"1993","GGTGGCTCACTGCGAC-1_2_2"
"1994","GGTGGCTCATGGCTGC-1_2_2"
"1995","GGTGGCTGTACGCGTC-1_2_2"
"1996","GGTGGCTGTGGAGGTT-1_2_2"
"1997","GGTGGCTTCACGTCCT-1_2_2"
"1998","GGTGGCTTCTAGTCAG-1_2_2"
"1999","GGTGTCGAGAAATTGC-1_2_2"
"2000","GGTGTCGAGGAATTAC-1_2_2"
"2001","GGTGTCGAGTTGTAGA-1_2_2"
"2002","GGTGTCGGTCAATGGG-1_2_2"
"2003","GGTGTCGTCACTACGA-1_2_2"
"2004","GGTGTCGTCCCTTGGT-1_2_2"
"2005","GGTGTCGTCGCCGAGT-1_2_2"
"2006","GGTGTCGTCTATCGTT-1_2_2"
"2007","GGTGTTACAACCACAT-1_2_2"
"2008","GGTGTTACACGCGCAT-1_2_2"
"2009","GGTGTTATCCGTGTAA-1_2_2"
"2010","GGTGTTATCGTAGCTA-1_2_2"
"2011","GGTTAACAGCTACTAC-1_2_2"
"2012","GGTTAACGTCACGCTG-1_2_2"
"2013","GGTTCTCCAACAAGTA-1_2_2"
"2014","GGTTCTCCACACCGAC-1_2_2"
"2015","GGTTCTCGTCTTTATC-1_2_2"
"2016","GGTTCTCTCTGGCCAG-1_2_2"
"2017","GTAACACTCCACGTGG-1_2_2"
"2018","GTAACACTCTCAGGCG-1_2_2"
"2019","GTAACACTCTCTTGCG-1_2_2"
"2020","GTAACCATCCTACGGG-1_2_2"
"2021","GTAAGTCCACTGCATA-1_2_2"
"2022","GTAAGTCGTCACAGTT-1_2_2"
"2023","GTAAGTCGTCGTCATA-1_2_2"
"2024","GTAAGTCGTTCGGACC-1_2_2"
"2025","GTAATCGGTCGATTAC-1_2_2"
"2026","GTAATCGTCGATGGAG-1_2_2"
"2027","GTAATCGTCGCACGGT-1_2_2"
"2028","GTAATCGTCGCTCATC-1_2_2"
"2029","GTAATGCAGAGCAGTC-1_2_2"
"2030","GTAATGCCAGAATTCC-1_2_2"
"2031","GTAATGCGTCCTGTTC-1_2_2"
"2032","GTAATGCGTGTAGCAG-1_2_2"
"2033","GTACAACCACAGCCAC-1_2_2"
"2034","GTACAACGTCATATGC-1_2_2"
"2035","GTACAACGTGACCGAA-1_2_2"
"2036","GTACAACGTGGATCAG-1_2_2"
"2037","GTACAGTAGCTGCCTG-1_2_2"
"2038","GTACAGTTCCCGAAAT-1_2_2"
"2039","GTACAGTTCCGCGGAT-1_2_2"
"2040","GTAGAAAAGATGAATC-1_2_2"
"2041","GTAGAAACATGAATAG-1_2_2"
"2042","GTAGAAAGTCTAACGT-1_2_2"
"2043","GTAGAAATCAGACCCG-1_2_2"
"2044","GTAGAAATCGTTCTGC-1_2_2"
"2045","GTAGAGGCACGGCACT-1_2_2"
"2046","GTAGAGGTCGGCATTA-1_2_2"
"2047","GTAGAGGTCTCAGTCC-1_2_2"
"2048","GTAGATCAGCTCTGTA-1_2_2"
"2049","GTAGATCTCCACACCT-1_2_2"
"2050","GTAGCTACATAATGCC-1_2_2"
"2051","GTAGCTACATACTGAC-1_2_2"
"2052","GTAGCTAGTACGAAAT-1_2_2"
"2053","GTAGGAGCATTGGCAT-1_2_2"
"2054","GTAGGAGGTGGTAACG-1_2_2"
"2055","GTAGGAGGTTTAGTCG-1_2_2"
"2056","GTAGGAGTCCGTCAAA-1_2_2"
"2057","GTAGGTTGTCTACGAT-1_2_2"
"2058","GTAGGTTGTCTGTGGC-1_2_2"
"2059","GTAGGTTTCTGCGGAC-1_2_2"
"2060","GTAGTACAGGGTACAC-1_2_2"
"2061","GTAGTACCAGCCTTCT-1_2_2"
"2062","GTAGTACCAGTACTAC-1_2_2"
"2063","GTAGTACGTGAATGAT-1_2_2"
"2064","GTAGTACGTGATTCTG-1_2_2"
"2065","GTAGTACGTGGCCACT-1_2_2"
"2066","GTAGTACTCTCTGCTG-1_2_2"
"2067","GTATTGGAGCTAGTTC-1_2_2"
"2068","GTATTGGGTGCTCCGA-1_2_2"
"2069","GTATTGGTCGCTGATA-1_2_2"
"2070","GTATTTCAGTGCAACG-1_2_2"
"2071","GTATTTCGTTCCGCTT-1_2_2"
"2072","GTATTTCTCCGAGCTG-1_2_2"
"2073","GTCAAACAGAGCAGTC-1_2_2"
"2074","GTCAAACAGCCTCTTC-1_2_2"
"2075","GTCAAACAGTCGCTAT-1_2_2"
"2076","GTCAAACCACAAATAG-1_2_2"
"2077","GTCAAACCAGGGTCTC-1_2_2"
"2078","GTCAAGTGTACGTGTT-1_2_2"
"2079","GTCACGGAGAATCTAG-1_2_2"
"2080","GTCACGGAGGTCACAG-1_2_2"
"2081","GTCACGGTCACCCTTG-1_2_2"
"2082","GTCACGGTCGTAGCTA-1_2_2"
"2083","GTCACTCCATAGAATG-1_2_2"
"2084","GTCACTCGTACCTATG-1_2_2"
"2085","GTCACTCGTCCGACGT-1_2_2"
"2086","GTCACTCTCGAGAATA-1_2_2"
"2087","GTCACTCTCTTGGCTC-1_2_2"
"2088","GTCAGCGAGCTCCGAC-1_2_2"
"2089","GTCAGCGAGTACCGGA-1_2_2"
"2090","GTCAGCGAGTGGTCAG-1_2_2"
"2091","GTCAGCGGTTGTTGCA-1_2_2"
"2092","GTCATCCAGCTACGTT-1_2_2"
"2093","GTCATCCCACTTTATC-1_2_2"
"2094","GTCATCCTCAGCCTTC-1_2_2"
"2095","GTCATGAAGGTAAACT-1_2_2"
"2096","GTCATTTAGCTCCATA-1_2_2"
"2097","GTCATTTGTCGTACTA-1_2_2"
"2098","GTCATTTTCGGTGCAC-1_2_2"
"2099","GTCCACTCACTTGACA-1_2_2"
"2100","GTCCACTCATCCTATT-1_2_2"
"2101","GTCCCATAGCAGCACA-1_2_2"
"2102","GTCCCATCAAGTGACG-1_2_2"
"2103","GTCCCATCAATAGTAG-1_2_2"
"2104","GTCCCATGTCTACAAC-1_2_2"
"2105","GTCCCATTCATGAGAA-1_2_2"
"2106","GTCCTCACAGGACTAG-1_2_2"
"2107","GTCCTCAGTCGTCATA-1_2_2"
"2108","GTCCTCAGTGTGACCC-1_2_2"
"2109","GTCGAATGTCATCTAG-1_2_2"
"2110","GTCGAATTCTAGCATG-1_2_2"
"2111","GTCGCGACAATTTCCT-1_2_2"
"2112","GTCGCGACATTGAAAG-1_2_2"
"2113","GTCGTAAAGAGTAACT-1_2_2"
"2114","GTCGTAAGTGCATGTT-1_2_2"
"2115","GTCGTAAGTGTACGCC-1_2_2"
"2116","GTCGTAAGTTGCTGAT-1_2_2"
"2117","GTCGTTCAGTTGTACC-1_2_2"
"2118","GTCGTTCCAGGAGGTT-1_2_2"
"2119","GTCGTTCTCCCAGGAC-1_2_2"
"2120","GTCTACCAGTACGAGC-1_2_2"
"2121","GTCTACCTCGAAATCC-1_2_2"
"2122","GTCTAGAGTCTGCATA-1_2_2"
"2123","GTCTCACCAAAGCAAT-1_2_2"
"2124","GTCTCACCAGATACCT-1_2_2"
"2125","GTCTCACGTGCGTGCT-1_2_2"
"2126","GTCTGTCAGTTGGAGC-1_2_2"
"2127","GTCTGTCCAGTCGGTC-1_2_2"
"2128","GTCTGTCGTAGTCCTA-1_2_2"
"2129","GTCTGTCGTTATCTTC-1_2_2"
"2130","GTCTGTCTCTATACGG-1_2_2"
"2131","GTCTTTAAGAGTGAAG-1_2_2"
"2132","GTCTTTACAGACCGCT-1_2_2"
"2133","GTGACGCAGATTGTGA-1_2_2"
"2134","GTGACGCCAATGTTGC-1_2_2"
"2135","GTGACGCTCATGAAAG-1_2_2"
"2136","GTGAGCCCATGATGCT-1_2_2"
"2137","GTGAGCCCATGGGTCC-1_2_2"
"2138","GTGAGGAAGCGCCTTG-1_2_2"
"2139","GTGAGGAGTCGGCTAC-1_2_2"
"2140","GTGAGGATCACGGTCG-1_2_2"
"2141","GTGAGGATCTCCGAGG-1_2_2"
"2142","GTGAGTTAGATCCTAC-1_2_2"
"2143","GTGAGTTAGTACAGCG-1_2_2"
"2144","GTGAGTTCAAGCTCTA-1_2_2"
"2145","GTGAGTTGTGCAATAA-1_2_2"
"2146","GTGAGTTGTGTCTCCT-1_2_2"
"2147","GTGAGTTTCGTAGCCG-1_2_2"
"2148","GTGATGTCAGGCGTTC-1_2_2"
"2149","GTGATGTCATCATTTC-1_2_2"
"2150","GTGATGTGTGTCTTCC-1_2_2"
"2151","GTGCACGGTGGTTTAC-1_2_2"
"2152","GTGCACGTCATTCGGA-1_2_2"
"2153","GTGCAGCGTTGGTAGG-1_2_2"
"2154","GTGCAGCTCATCGCTC-1_2_2"
"2155","GTGCGTGCAACTGTGT-1_2_2"
"2156","GTGCGTGCATGGCCAC-1_2_2"
"2157","GTGCGTGTCCAATCTT-1_2_2"
"2158","GTGCGTGTCGGCCCAA-1_2_2"
"2159","GTGCTGGAGTCGTTAC-1_2_2"
"2160","GTGCTGGCAAGTGGAC-1_2_2"
"2161","GTGCTGGCACAAACGG-1_2_2"
"2162","GTGCTGGCACAGTCGC-1_2_2"
"2163","GTGCTGGTCTTCTCAA-1_2_2"
"2164","GTGCTTCAGTAGTCTC-1_2_2"
"2165","GTGGAAGCACTGCACG-1_2_2"
"2166","GTGGAGAAGACCTTTG-1_2_2"
"2167","GTGGAGACAGAAGCGT-1_2_2"
"2168","GTGGAGATCGGCTCTT-1_2_2"
"2169","GTGGAGATCTGAGATC-1_2_2"
"2170","GTGGCGTCATGGAAGC-1_2_2"
"2171","GTGGCGTTCCATAGGT-1_2_2"
"2172","GTGGCGTTCCGATTAG-1_2_2"
"2173","GTGGCGTTCGAGAAGC-1_2_2"
"2174","GTGGGAAAGTTGTCGT-1_2_2"
"2175","GTGGGAACACCACATA-1_2_2"
"2176","GTGGGAACATCATCTT-1_2_2"
"2177","GTGGGAACATCCGCGA-1_2_2"
"2178","GTGGTTACAGGGCTTC-1_2_2"
"2179","GTGGTTACAGTAGTTC-1_2_2"
"2180","GTGGTTACATCGGTTA-1_2_2"
"2181","GTGGTTATCCACATAG-1_2_2"
"2182","GTGTAACCAACGGCTC-1_2_2"
"2183","GTGTAACGTGCAACGA-1_2_2"
"2184","GTGTAACGTGTCCACG-1_2_2"
"2185","GTGTCCTAGGCGTTGA-1_2_2"
"2186","GTGTCCTCACGAGAAC-1_2_2"
"2187","GTGTCCTCACTTGGGC-1_2_2"
"2188","GTGTCCTCAGTCAGTT-1_2_2"
"2189","GTGTCCTGTTGCAACT-1_2_2"
"2190","GTGTGATAGATTGAGT-1_2_2"
"2191","GTGTGATGTACAAAGT-1_2_2"
"2192","GTGTGGCAGCACTAAA-1_2_2"
"2193","GTGTGGCAGCATGATA-1_2_2"
"2194","GTGTGGCCAGACCATT-1_2_2"
"2195","GTGTGGCTCAGCTCTC-1_2_2"
"2196","GTGTGGCTCAGGCGAA-1_2_2"
"2197","GTGTGGCTCTTACTGT-1_2_2"
"2198","GTGTTAGAGGCTTTCA-1_2_2"
"2199","GTGTTAGCACATCATG-1_2_2"
"2200","GTGTTAGGTGCCGGTT-1_2_2"
"2201","GTGTTCCAGACCAGAC-1_2_2"
"2202","GTGTTCCAGTTTGCTG-1_2_2"
"2203","GTGTTCCCAAACGAGC-1_2_2"
"2204","GTGTTCCCAAACTCGT-1_2_2"
"2205","GTTACAGCACTAGTAC-1_2_2"
"2206","GTTACAGTCATCTACT-1_2_2"
"2207","GTTACCCAGTCTGGAG-1_2_2"
"2208","GTTACCCCAATGGCAG-1_2_2"
"2209","GTTACCCCACACACGC-1_2_2"
"2210","GTTACCCCACTGGCGT-1_2_2"
"2211","GTTACCCCATCGCTCT-1_2_2"
"2212","GTTACCCGTCTGATCA-1_2_2"
"2213","GTTACCCGTGCTCTTC-1_2_2"
"2214","GTTACCCTCGTTCGCT-1_2_2"
"2215","GTTACGAAGACGTCCC-1_2_2"
"2216","GTTACGACAAGATGTA-1_2_2"
"2217","GTTACGACAAGATTGA-1_2_2"
"2218","GTTACGAGTGAGTTGG-1_2_2"
"2219","GTTACGATCGAACGGA-1_2_2"
"2220","GTTAGACAGTTAGAAC-1_2_2"
"2221","GTTAGACAGTTTCGAC-1_2_2"
"2222","GTTAGACCACCAGCGT-1_2_2"
"2223","GTTAGTGAGTGGCCTC-1_2_2"
"2224","GTTAGTGGTTAGGCCC-1_2_2"
"2225","GTTATGGGTCATCCCT-1_2_2"
"2226","GTTATGGGTCGTCATA-1_2_2"
"2227","GTTATGGTCACCTGGG-1_2_2"
"2228","GTTCATTCAGAGTGAC-1_2_2"
"2229","GTTCATTCAGGGCTTC-1_2_2"
"2230","GTTCATTGTACTGAGG-1_2_2"
"2231","GTTCATTGTATCGTGT-1_2_2"
"2232","GTTCATTGTTCGTTCC-1_2_2"
"2233","GTTCATTTCCCTAGGG-1_2_2"
"2234","GTTCCGTAGGGTCACA-1_2_2"
"2235","GTTCCGTAGTAACCGG-1_2_2"
"2236","GTTCCGTCACGTCATA-1_2_2"
"2237","GTTCCGTGTTCCTAAG-1_2_2"
"2238","GTTCCGTTCGTTAGTG-1_2_2"
"2239","GTTCGCTCAATGTCTG-1_2_2"
"2240","GTTCGCTTCGACCAAT-1_2_2"
"2241","GTTCGCTTCGCAGATT-1_2_2"
"2242","GTTCTATCATCCTTCG-1_2_2"
"2243","GTTCTATGTAATGCGG-1_2_2"
"2244","GTTCTATGTCCCTGAG-1_2_2"
"2245","GTTCTATGTCCTACAA-1_2_2"
"2246","GTTGAACAGAGCCCAA-1_2_2"
"2247","GTTGAACAGTACAGCG-1_2_2"
"2248","GTTGAACCAGTCAACT-1_2_2"
"2249","GTTGCGGGTTAGCTAC-1_2_2"
"2250","GTTGCGGGTTGTATGC-1_2_2"
"2251","GTTGCTCAGTCTGCGC-1_2_2"
"2252","GTTGCTCGTTAATGAG-1_2_2"
"2253","GTTGCTCTCAAGCCCG-1_2_2"
"2254","GTTGTAGAGCTGCCTG-1_2_2"
"2255","GTTGTCCAGCTCCGAC-1_2_2"
"2256","GTTGTCCGTCGGAACA-1_2_2"
"2257","GTTGTCCGTGGCAACA-1_2_2"
"2258","GTTGTGAAGTATAGGT-1_2_2"
"2259","GTTGTGACAAGACGAC-1_2_2"
"2260","GTTGTGACATTATGCG-1_2_2"
"2261","GTTGTGAGTTCATCGA-1_2_2"
"2262","GTTGTGATCAAACGAA-1_2_2"
"2263","GTTGTGATCCTACACC-1_2_2"
"2264","GTTTACTCAGCCGTTG-1_2_2"
"2265","GTTTACTGTCGCACGT-1_2_2"
"2266","GTTTACTTCGATCCAA-1_2_2"
"2267","GTTTGGAAGTTGTAGA-1_2_2"
"2268","GTTTGGACACTAGGTT-1_2_2"
"2269","GTTTGGAGTGCACATT-1_2_2"
"2270","TAACACGAGTAGCATA-1_2_2"
"2271","TAACACGCAACCGTGC-1_2_2"
"2272","TAACACGGTCGTTGCG-1_2_2"
"2273","TAACACGGTTAATCGC-1_2_2"
"2274","TAACACGTCAAACGAA-1_2_2"
"2275","TAACCAGCACCATTCC-1_2_2"
"2276","TAACCAGCATGGGCAA-1_2_2"
"2277","TAACCAGGTAGATTGA-1_2_2"
"2278","TAACCAGGTATCAGGG-1_2_2"
"2279","TAACCAGGTTCACCGG-1_2_2"
"2280","TAACCAGTCTCTCTTC-1_2_2"
"2281","TAACGACCACAGCTGC-1_2_2"
"2282","TAACGACTCGAGTGAG-1_2_2"
"2283","TAACGACTCGTAACTG-1_2_2"
"2284","TAACTTCAGGGTATAT-1_2_2"
"2285","TAACTTCCATGACGTT-1_2_2"
"2286","TAACTTCTCAGATTGC-1_2_2"
"2287","TAAGCACCAACGTATC-1_2_2"
"2288","TAAGCACCACTTCAGA-1_2_2"
"2289","TAAGCACCAGTGGTGA-1_2_2"
"2290","TAAGCACTCGAACCAT-1_2_2"
"2291","TAAGCCAAGCTGACAG-1_2_2"
"2292","TAAGCCAAGCTTTGTG-1_2_2"
"2293","TAAGCCAGTAGATCCT-1_2_2"
"2294","TAAGCCAGTCGAGCTC-1_2_2"
"2295","TAAGCCATCCCAGGCA-1_2_2"
"2296","TAAGCGTAGAATTGCA-1_2_2"
"2297","TAAGCGTAGAGGTTTA-1_2_2"
"2298","TAAGCGTAGTTGGAAT-1_2_2"
"2299","TAAGCGTTCCAGCTCT-1_2_2"
"2300","TAAGTCGTCTGTCAGA-1_2_2"
"2301","TAATCTCCATACACCA-1_2_2"
"2302","TAATCTCGTCAACCTA-1_2_2"
"2303","TAATCTCTCGAATGCT-1_2_2"
"2304","TAATCTCTCTGACCCT-1_2_2"
"2305","TAATCTCTCTTACGTT-1_2_2"
"2306","TAATTCCCACTACAGT-1_2_2"
"2307","TAATTCCGTAAGTCAA-1_2_2"
"2308","TAATTCCTCTAGACCA-1_2_2"
"2309","TACAACGAGATCACTC-1_2_2"
"2310","TACAACGCAAATTGGA-1_2_2"
"2311","TACAACGCAGCGAGTA-1_2_2"
"2312","TACAACGGTCTATGAC-1_2_2"
"2313","TACAACGGTGATACAA-1_2_2"
"2314","TACAACGGTGGGTATG-1_2_2"
"2315","TACAACGTCCGACATA-1_2_2"
"2316","TACAACGTCTGCCTCA-1_2_2"
"2317","TACACCCAGCGGTATG-1_2_2"
"2318","TACACCCCAAGATGGC-1_2_2"
"2319","TACAGGTAGTGGTCAG-1_2_2"
"2320","TACATTCGTAGACACG-1_2_2"
"2321","TACATTCTCAGACATC-1_2_2"
"2322","TACCCACAGAGTCGAC-1_2_2"
"2323","TACCCACAGCATACTC-1_2_2"
"2324","TACCCACCACTCAGAT-1_2_2"
"2325","TACCCACCATCGTGGC-1_2_2"
"2326","TACCCACCATGCGGTC-1_2_2"
"2327","TACCCGTGTATCCCTC-1_2_2"
"2328","TACCCGTGTTCCGTTC-1_2_2"
"2329","TACCCGTTCATCGCTC-1_2_2"
"2330","TACCCGTTCCAACCAA-1_2_2"
"2331","TACCCGTTCCATTCAT-1_2_2"
"2332","TACCGAAAGAGTGGCT-1_2_2"
"2333","TACCGAACAGCAGACA-1_2_2"
"2334","TACCGGGCACCAGTTA-1_2_2"
"2335","TACCTCGCAAATTAGG-1_2_2"
"2336","TACCTGCCAATTTCTC-1_2_2"
"2337","TACCTGCCATGTCAGT-1_2_2"
"2338","TACCTGCTCCTAACAG-1_2_2"
"2339","TACGCTCTCTACGCAA-1_2_2"
"2340","TACGGGCAGACATCAA-1_2_2"
"2341","TACGGGCAGCCGGAAT-1_2_2"
"2342","TACGGGCCAGCGTGCT-1_2_2"
"2343","TACGGGCGTGTGTGTT-1_2_2"
"2344","TACGGGCTCTCGTCAC-1_2_2"
"2345","TACGGTAGTAGGTTTC-1_2_2"
"2346","TACGTCCAGCCATATC-1_2_2"
"2347","TACGTCCAGTCTGTAC-1_2_2"
"2348","TACGTCCAGTTCCGGC-1_2_2"
"2349","TACGTCCCAGCTGTGC-1_2_2"
"2350","TACGTCCGTCGTGTTA-1_2_2"
"2351","TACGTCCGTTGGCCTG-1_2_2"
"2352","TACGTCCTCATGTCTT-1_2_2"
"2353","TACTGCCCAAGACCGA-1_2_2"
"2354","TACTGCCGTACTAGCT-1_2_2"
"2355","TACTTACGTTTGGGAG-1_2_2"
"2356","TACTTCAAGCGTTCCG-1_2_2"
"2357","TACTTCATCTCGCTTG-1_2_2"
"2358","TACTTCATCTCTGCTG-1_2_2"
"2359","TACTTGTGTGATATAG-1_2_2"
"2360","TACTTGTTCTGGGCAC-1_2_2"
"2361","TAGACCACAACCTATG-1_2_2"
"2362","TAGACCACACAAACGG-1_2_2"
"2363","TAGACCACAGCGGTTC-1_2_2"
"2364","TAGACCATCAACACCA-1_2_2"
"2365","TAGACCATCTTAGGAC-1_2_2"
"2366","TAGAGTCAGACCACGA-1_2_2"
"2367","TAGAGTCCAAGCGAAC-1_2_2"
"2368","TAGAGTCCAGACGGAT-1_2_2"
"2369","TAGAGTCGTACTCGAT-1_2_2"
"2370","TAGAGTCGTTCAATCG-1_2_2"
"2371","TAGATCGCAATGCAAA-1_2_2"
"2372","TAGATCGCATCGGAGA-1_2_2"
"2373","TAGATCGTCAAACCCA-1_2_2"
"2374","TAGATCGTCGCGCTGA-1_2_2"
"2375","TAGCACACAACGCCCA-1_2_2"
"2376","TAGCACACACTGGAAG-1_2_2"
"2377","TAGGAGGCATCAGCGC-1_2_2"
"2378","TAGGGTTCACACCTAA-1_2_2"
"2379","TAGGTACAGAAGCCAC-1_2_2"
"2380","TAGGTACGTGTTCGAT-1_2_2"
"2381","TAGGTACGTTTCGATG-1_2_2"
"2382","TAGGTACTCTCCATAT-1_2_2"
"2383","TAGGTTGCAGAGCCCT-1_2_2"
"2384","TAGGTTGGTCCTGAAT-1_2_2"
"2385","TAGGTTGTCGTGGCTG-1_2_2"
"2386","TAGGTTGTCGTTCGCT-1_2_2"
"2387","TAGTGCAAGATCGACG-1_2_2"
"2388","TAGTGCAGTGACACGA-1_2_2"
"2389","TAGTGCATCTGAGTCA-1_2_2"
"2390","TATACCTAGGGCAGTT-1_2_2"
"2391","TATACCTCAATCGCCG-1_2_2"
"2392","TATACCTCATTCTTCA-1_2_2"
"2393","TATACCTGTCCTGTCT-1_2_2"
"2394","TATACCTTCAGCATTG-1_2_2"
"2395","TATATCCCATGTGCTA-1_2_2"
"2396","TATCAGGCATCCGAGC-1_2_2"
"2397","TATCCTAAGGTCCCGT-1_2_2"
"2398","TATCCTACACCCGTAG-1_2_2"
"2399","TATCGCCGTGTTATCG-1_2_2"
"2400","TATCGCCGTTCGTACA-1_2_2"
"2401","TATCTGTCAGTGGCTC-1_2_2"
"2402","TATCTGTTCCCGAACG-1_2_2"
"2403","TATCTTGCAATCACGT-1_2_2"
"2404","TATCTTGCATGTGACT-1_2_2"
"2405","TATCTTGGTATATGGA-1_2_2"
"2406","TATGTTCGTCGTGCCA-1_2_2"
"2407","TATGTTCGTGTCTTGA-1_2_2"
"2408","TATGTTCTCCATCTGC-1_2_2"
"2409","TATTCCAAGGATTTGA-1_2_2"
"2410","TATTCCAAGGGCAACT-1_2_2"
"2411","TATTCCACAGGGAGAG-1_2_2"
"2412","TATTCCACATCGGAGA-1_2_2"
"2413","TATTGCTAGACCACGA-1_2_2"
"2414","TATTGCTGTGAGCCAA-1_2_2"
"2415","TATTGGGCAGCTGAAG-1_2_2"
"2416","TATTGGGCATCACGGC-1_2_2"
"2417","TATTGGGGTACCTGTA-1_2_2"
"2418","TATTTCGAGTCGAAGC-1_2_2"
"2419","TATTTCGAGTGCGTCC-1_2_2"
"2420","TATTTCGGTCTTCCGT-1_2_2"
"2421","TCAAGACCATACTGAC-1_2_2"
"2422","TCAAGACGTGCCCAGT-1_2_2"
"2423","TCAAGCACACTCCTTG-1_2_2"
"2424","TCAAGCACAGTGTGCC-1_2_2"
"2425","TCAAGCAGTAGAGCTG-1_2_2"
"2426","TCAAGCAGTATCAGCT-1_2_2"
"2427","TCAAGCAGTTATGGTC-1_2_2"
"2428","TCAAGTGCATTCAGCA-1_2_2"
"2429","TCAAGTGGTTTACCTT-1_2_2"
"2430","TCAAGTGTCTCGTGGG-1_2_2"
"2431","TCAATCTGTCAAGCGA-1_2_2"
"2432","TCAATCTGTGTAAACA-1_2_2"
"2433","TCAATCTTCGGTATGT-1_2_2"
"2434","TCAATTCAGTCCCAAT-1_2_2"
"2435","TCAATTCAGTCTTCGA-1_2_2"
"2436","TCAATTCGTATCACGT-1_2_2"
"2437","TCACAAGAGCTAGAGC-1_2_2"
"2438","TCACAAGCACAGTCGC-1_2_2"
"2439","TCACACCAGAATTGTG-1_2_2"
"2440","TCACACCCAAAGCGTG-1_2_2"
"2441","TCACACCCACAAGTGG-1_2_2"
"2442","TCACACCGTAACGGTG-1_2_2"
"2443","TCACACCGTCTCGGAC-1_2_2"
"2444","TCACATTCAACTGCCG-1_2_2"
"2445","TCACGCTCAGCTCCTT-1_2_2"
"2446","TCACGCTCATTCACCC-1_2_2"
"2447","TCACGCTGTGTTGCCG-1_2_2"
"2448","TCACGCTGTTTAGACC-1_2_2"
"2449","TCACGCTTCCACAGCG-1_2_2"
"2450","TCACGCTTCTTGGGCG-1_2_2"
"2451","TCACGGGAGGAAAGAC-1_2_2"
"2452","TCACGGGGTCATGCAT-1_2_2"
"2453","TCACGGGGTCGGCTAC-1_2_2"
"2454","TCACTATGTTTACCAG-1_2_2"
"2455","TCACTCGAGTAGTGCG-1_2_2"
"2456","TCACTCGCACCGTCTT-1_2_2"
"2457","TCACTCGTCACCCTGT-1_2_2"
"2458","TCACTCGTCACCTGGG-1_2_2"
"2459","TCAGCAAAGAGGCGGA-1_2_2"
"2460","TCAGCAAAGTGATAGT-1_2_2"
"2461","TCAGCAACACAACGAG-1_2_2"
"2462","TCAGCAACAGTGAGCA-1_2_2"
"2463","TCAGCCTAGTCTCGTA-1_2_2"
"2464","TCAGCCTCACTACACA-1_2_2"
"2465","TCAGCCTGTAATGCTC-1_2_2"
"2466","TCAGGGCCAGGTCTCG-1_2_2"
"2467","TCAGGGCCATGTGTCA-1_2_2"
"2468","TCAGGGCGTAACATAG-1_2_2"
"2469","TCAGGGCGTACGACAG-1_2_2"
"2470","TCAGGGCTCAGGGTAG-1_2_2"
"2471","TCAGGGCTCTGAGGCC-1_2_2"
"2472","TCAGGTACAGTCTACA-1_2_2"
"2473","TCAGGTATCCACGGAC-1_2_2"
"2474","TCAGTCCCAATCAGCT-1_2_2"
"2475","TCAGTGAAGATGTAGT-1_2_2"
"2476","TCAGTGAGTCGTACTA-1_2_2"
"2477","TCAGTGAGTTAGTCGT-1_2_2"
"2478","TCAGTGATCAAATAGG-1_2_2"
"2479","TCAGTGATCGTTCTGC-1_2_2"
"2480","TCAGTTTAGCACAAAT-1_2_2"
"2481","TCAGTTTTCTATACGG-1_2_2"
"2482","TCATACTTCTATTGTC-1_2_2"
"2483","TCATATCAGACGCAGT-1_2_2"
"2484","TCATATCCAAATGGTA-1_2_2"
"2485","TCATATCCATTCACAG-1_2_2"
"2486","TCATATCCATTCTCCG-1_2_2"
"2487","TCATATCTCGCGCCAA-1_2_2"
"2488","TCATCATGTATCGCGC-1_2_2"
"2489","TCATCATGTCCACACG-1_2_2"
"2490","TCATCATTCAGGTGTT-1_2_2"
"2491","TCATCCGAGATTGATG-1_2_2"
"2492","TCATGAGAGTGTTGTC-1_2_2"
"2493","TCATGAGCATTCGGGC-1_2_2"
"2494","TCATGCCGTAGCGTAG-1_2_2"
"2495","TCATGCCGTATACGGG-1_2_2"
"2496","TCATGCCGTGTCCATA-1_2_2"
"2497","TCATGCCTCCACAAGT-1_2_2"
"2498","TCATGGAAGGAGTATT-1_2_2"
"2499","TCATGGACAAGTCATC-1_2_2"
"2500","TCATGGACACGTCGTG-1_2_2"
"2501","TCATGGAGTCGAGTGA-1_2_2"
"2502","TCATGGAGTCTAGATC-1_2_2"
"2503","TCATGTTAGGTACATA-1_2_2"
"2504","TCATGTTGTAAGATAC-1_2_2"
"2505","TCATGTTTCTACTTCA-1_2_2"
"2506","TCATTACCATGGGATG-1_2_2"
"2507","TCATTACTCATCTATC-1_2_2"
"2508","TCATTCACAAATCGTC-1_2_2"
"2509","TCATTCACAAGAGAGA-1_2_2"
"2510","TCATTCACAGACTCTA-1_2_2"
"2511","TCATTCATCACGGGAA-1_2_2"
"2512","TCATTCATCTTACACT-1_2_2"
"2513","TCATTGTAGGTCCCGT-1_2_2"
"2514","TCATTGTAGTTGGAAT-1_2_2"
"2515","TCATTGTCACACGTGC-1_2_2"
"2516","TCATTGTGTAAGAACT-1_2_2"
"2517","TCATTGTTCAAGTTGC-1_2_2"
"2518","TCATTTGAGCAAATCA-1_2_2"
"2519","TCATTTGAGCGCTGCT-1_2_2"
"2520","TCATTTGAGGGCAATC-1_2_2"
"2521","TCATTTGCATATTCGG-1_2_2"
"2522","TCATTTGCATCTTCGC-1_2_2"
"2523","TCCACCAAGAGCAGTC-1_2_2"
"2524","TCCACCAAGTCATGCT-1_2_2"
"2525","TCCACCAGTAACTGCT-1_2_2"
"2526","TCCACCATCCATCAGA-1_2_2"
"2527","TCCACGTCAGCGCTTG-1_2_2"
"2528","TCCACGTCATCACGGC-1_2_2"
"2529","TCCACGTGTGATTCTG-1_2_2"
"2530","TCCACGTTCAGCGCGT-1_2_2"
"2531","TCCACGTTCGCGGACT-1_2_2"
"2532","TCCAGAATCAGACATC-1_2_2"
"2533","TCCATCGAGGCATGGT-1_2_2"
"2534","TCCATCGGTCCGGACT-1_2_2"
"2535","TCCATCGTCCGAAGGA-1_2_2"
"2536","TCCATGCCAGCAAGAC-1_2_2"
"2537","TCCATGCGTCGTCTCT-1_2_2"
"2538","TCCATGCGTCTTCGAA-1_2_2"
"2539","TCCCACACAAACCACT-1_2_2"
"2540","TCCCACACAGCTGAAG-1_2_2"
"2541","TCCCACAGTACTAACC-1_2_2"
"2542","TCCCACAGTCCGAAGA-1_2_2"
"2543","TCCCACAGTCGTGTTA-1_2_2"
"2544","TCCCACAGTCTAGATC-1_2_2"
"2545","TCCCAGTCAGCGTAGA-1_2_2"
"2546","TCCCAGTCAGGTGGAT-1_2_2"
"2547","TCCCAGTTCTCCGCAT-1_2_2"
"2548","TCCCATGGTGGCTCTG-1_2_2"
"2549","TCCCATGTCAACGCTA-1_2_2"
"2550","TCCCATGTCATAAGGA-1_2_2"
"2551","TCCCATGTCGAAATCC-1_2_2"
"2552","TCCGAAACATGGCCCA-1_2_2"
"2553","TCCGAAAGTTCCTACC-1_2_2"
"2554","TCCGAAATCACTGGGC-1_2_2"
"2555","TCCGAAATCATTACTC-1_2_2"
"2556","TCCGATCAGTGGTTGG-1_2_2"
"2557","TCCGATCAGTTGCCCG-1_2_2"
"2558","TCCGATCCAAATACGA-1_2_2"
"2559","TCCGATCCAACCTATG-1_2_2"
"2560","TCCGATCGTGTGAGCA-1_2_2"
"2561","TCCGATCTCGTCTCAC-1_2_2"
"2562","TCCGATCTCGTGCACG-1_2_2"
"2563","TCCGATCTCGTTAGTG-1_2_2"
"2564","TCCGGGACAACTACGT-1_2_2"
"2565","TCCGTGTCAAGGATGC-1_2_2"
"2566","TCCGTGTCATGAAGGC-1_2_2"
"2567","TCCTAATAGAGTTGCG-1_2_2"
"2568","TCCTAATAGGTGATAT-1_2_2"
"2569","TCCTAATCATGAGTAA-1_2_2"
"2570","TCCTAATCATGCCGCA-1_2_2"
"2571","TCCTAATGTCCTCCTA-1_2_2"
"2572","TCCTAATTCGACGATT-1_2_2"
"2573","TCCTCCCCAATTGAGA-1_2_2"
"2574","TCCTCGAAGACTAGAT-1_2_2"
"2575","TCCTCGACATTGTAGC-1_2_2"
"2576","TCCTCGAGTGTAAACA-1_2_2"
"2577","TCCTCGATCCCTGGTT-1_2_2"
"2578","TCCTCTTAGGAACATT-1_2_2"
"2579","TCCTCTTGTGGAGGTT-1_2_2"
"2580","TCCTCTTTCAAATAGG-1_2_2"
"2581","TCCTGCAAGGATACGC-1_2_2"
"2582","TCCTGCAAGGTTCACT-1_2_2"
"2583","TCCTGCACACCAAATC-1_2_2"
"2584","TCCTGCACATCTCCCA-1_2_2"
"2585","TCCTGCAGTTCGGCTG-1_2_2"
"2586","TCCTTCTAGCAGATAT-1_2_2"
"2587","TCCTTCTCAACGGCCT-1_2_2"
"2588","TCCTTCTTCTTCGTGC-1_2_2"
"2589","TCCTTTCAGGGTTGCA-1_2_2"
"2590","TCCTTTCAGGTCTTTG-1_2_2"
"2591","TCCTTTCAGTCTCGTA-1_2_2"
"2592","TCCTTTCGTGATATAG-1_2_2"
"2593","TCCTTTCTCCACGGGT-1_2_2"
"2594","TCCTTTCTCTAAGGAA-1_2_2"
"2595","TCGAACAAGAAGTGTT-1_2_2"
"2596","TCGAACACAGGGTTGA-1_2_2"
"2597","TCGAACACATCCTAAG-1_2_2"
"2598","TCGAACAGTCTTGTCC-1_2_2"
"2599","TCGAACATCCCGATCT-1_2_2"
"2600","TCGAAGTAGACATAGT-1_2_2"
"2601","TCGAAGTAGAGTCAAT-1_2_2"
"2602","TCGAAGTAGGGATGTC-1_2_2"
"2603","TCGAAGTGTAACGATA-1_2_2"
"2604","TCGAAGTGTACCAATC-1_2_2"
"2605","TCGAAGTTCATTGAGC-1_2_2"
"2606","TCGAAGTTCTGTACAG-1_2_2"
"2607","TCGACCTAGGCTATCT-1_2_2"
"2608","TCGACCTGTAGATTAG-1_2_2"
"2609","TCGACCTGTTACGTAC-1_2_2"
"2610","TCGACCTTCACATACG-1_2_2"
"2611","TCGACCTTCCATTTCA-1_2_2"
"2612","TCGACGGCACCTGCAG-1_2_2"
"2613","TCGACGGCACGGTAGA-1_2_2"
"2614","TCGACGGCAGGTACGA-1_2_2"
"2615","TCGATTTCAACACGAG-1_2_2"
"2616","TCGATTTCAAGACGGT-1_2_2"
"2617","TCGATTTCAATCCAGT-1_2_2"
"2618","TCGATTTCAATGTTGC-1_2_2"
"2619","TCGATTTTCTCCAATT-1_2_2"
"2620","TCGCACTCAGGCACAA-1_2_2"
"2621","TCGCACTCAGGTTACT-1_2_2"
"2622","TCGCACTGTCATCCCT-1_2_2"
"2623","TCGCACTGTCCCTGAG-1_2_2"
"2624","TCGCACTTCATTCGGA-1_2_2"
"2625","TCGCACTTCTGAGAAA-1_2_2"
"2626","TCGCAGGTCCTAAGTG-1_2_2"
"2627","TCGCAGGTCGACCCAG-1_2_2"
"2628","TCGCAGGTCGCATTGA-1_2_2"
"2629","TCGCTCAAGACTGGGT-1_2_2"
"2630","TCGCTCAAGAGTGAAG-1_2_2"
"2631","TCGCTCACAACAGTGG-1_2_2"
"2632","TCGCTCACAGGCGATA-1_2_2"
"2633","TCGCTTGAGGAGAATG-1_2_2"
"2634","TCGCTTGTCTTCGTAT-1_2_2"
"2635","TCGGATAAGTGATAAC-1_2_2"
"2636","TCGGATACATGGAAGC-1_2_2"
"2637","TCGGATAGTACCGTGC-1_2_2"
"2638","TCGGATATCATTCGTT-1_2_2"
"2639","TCGGGACTCCAAATGC-1_2_2"
"2640","TCGGGACTCCACGAAT-1_2_2"
"2641","TCGGGCACAAATAAGC-1_2_2"
"2642","TCGGGCAGTATGTCAC-1_2_2"
"2643","TCGGGCATCCTCTCTT-1_2_2"
"2644","TCGGGCATCGCGTGAC-1_2_2"
"2645","TCGGGCATCTATTTCG-1_2_2"
"2646","TCGGGTGAGCCTATTG-1_2_2"
"2647","TCGGGTGAGGGACCAT-1_2_2"
"2648","TCGGGTGAGTACCGGA-1_2_2"
"2649","TCGGGTGCAATCGCGC-1_2_2"
"2650","TCGGGTGCAGAGAATT-1_2_2"
"2651","TCGGGTGCAGCTTCCT-1_2_2"
"2652","TCGGGTGCATCAGCGC-1_2_2"
"2653","TCGGTCTGTCTTTCTA-1_2_2"
"2654","TCGGTCTTCACGATCA-1_2_2"
"2655","TCGTAGAAGCACCCAC-1_2_2"
"2656","TCGTAGACAGAATGTA-1_2_2"
"2657","TCGTAGAGTACTCCCT-1_2_2"
"2658","TCGTAGAGTGCCCACA-1_2_2"
"2659","TCGTAGAGTTTGGAAA-1_2_2"
"2660","TCGTCCAAGTCAGGGT-1_2_2"
"2661","TCGTCCAGTAACATGA-1_2_2"
"2662","TCGTCCAGTGAGTCAG-1_2_2"
"2663","TCGTGCTTCCATATGG-1_2_2"
"2664","TCGTGCTTCTCACGAA-1_2_2"
"2665","TCGTGGGCACAAGGTG-1_2_2"
"2666","TCGTGGGCACGGCGTT-1_2_2"
"2667","TCGTGGGCAGGTTTAC-1_2_2"
"2668","TCGTGGGTCTTCTGGC-1_2_2"
"2669","TCTAACTAGTTAACAG-1_2_2"
"2670","TCTACATAGGAAAGGT-1_2_2"
"2671","TCTACATCAGAGTAAT-1_2_2"
"2672","TCTACCGAGGCCCACT-1_2_2"
"2673","TCTACCGTCCGTTGGG-1_2_2"
"2674","TCTATACTCATTCATC-1_2_2"
"2675","TCTATACTCTCGTTTA-1_2_2"
"2676","TCTATCAAGTTGCCCG-1_2_2"
"2677","TCTATCACAATACGCT-1_2_2"
"2678","TCTATCAGTGCCTATA-1_2_2"
"2679","TCTATCAGTTGCAAGG-1_2_2"
"2680","TCTCACGAGCAAGTCG-1_2_2"
"2681","TCTCACGAGTGCCTCG-1_2_2"
"2682","TCTCACGCAATACCCA-1_2_2"
"2683","TCTCACGCACGTCTCT-1_2_2"
"2684","TCTCACGCATCCGGTG-1_2_2"
"2685","TCTCACGCATGGAACG-1_2_2"
"2686","TCTCACGTCAGTCACA-1_2_2"
"2687","TCTCAGCCAACAAAGT-1_2_2"
"2688","TCTCAGCCAGGCACAA-1_2_2"
"2689","TCTCAGCCATGTACGT-1_2_2"
"2690","TCTCAGCGTGTCCTAA-1_2_2"
"2691","TCTCAGCTCTGCGATA-1_2_2"
"2692","TCTCCGAGTCTTCATT-1_2_2"
"2693","TCTCTGGAGCCAAGCA-1_2_2"
"2694","TCTCTGGAGGTGCCAA-1_2_2"
"2695","TCTCTGGCAATCAGCT-1_2_2"
"2696","TCTCTGGCACCGTACG-1_2_2"
"2697","TCTCTGGCACTAGTAC-1_2_2"
"2698","TCTCTGGGTTAAGACA-1_2_2"
"2699","TCTCTGGTCACACCCT-1_2_2"
"2700","TCTCTGGTCGAAGCCC-1_2_2"
"2701","TCTGCCAAGAGTCACG-1_2_2"
"2702","TCTGCCAAGCGCCTTG-1_2_2"
"2703","TCTGCCAAGGGAGGAC-1_2_2"
"2704","TCTGCCACAACGTTAC-1_2_2"
"2705","TCTGCCAGTTAAGGGC-1_2_2"
"2706","TCTGTCGCATGCCATA-1_2_2"
"2707","TCTGTCGGTGACACAG-1_2_2"
"2708","TCTGTCGTCACATTGG-1_2_2"
"2709","TCTGTCGTCGGATAAA-1_2_2"
"2710","TCTTAGTGTAATTAGG-1_2_2"
"2711","TCTTAGTGTACAGAGC-1_2_2"
"2712","TCTTCCTAGCAACCAG-1_2_2"
"2713","TCTTCCTAGCACTAAA-1_2_2"
"2714","TCTTCCTGTGTCTTAG-1_2_2"
"2715","TCTTCCTTCTTAGCAG-1_2_2"
"2716","TCTTGCGGTACGCTAT-1_2_2"
"2717","TCTTGCGGTAGAGCTG-1_2_2"
"2718","TCTTGCGTCAACCTTT-1_2_2"
"2719","TCTTTGAAGGGCAGGA-1_2_2"
"2720","TCTTTGAAGTAACGTA-1_2_2"
"2721","TCTTTGACACTAGGTT-1_2_2"
"2722","TCTTTGAGTCACTCAA-1_2_2"
"2723","TCTTTGATCGCTAATG-1_2_2"
"2724","TCTTTGATCTGAGGTT-1_2_2"
"2725","TGAACGTAGAAGCGCT-1_2_2"
"2726","TGAACGTAGCAATTCC-1_2_2"
"2727","TGAATCGAGCATTGTC-1_2_2"
"2728","TGAATCGCACTCACTC-1_2_2"
"2729","TGAATGCAGTCACTCA-1_2_2"
"2730","TGAATGCCATTGAAGA-1_2_2"
"2731","TGACAGTAGATGCCGA-1_2_2"
"2732","TGACAGTAGCGTTCCG-1_2_2"
"2733","TGACCCTGTAGCGATG-1_2_2"
"2734","TGACCCTGTTATAGCC-1_2_2"
"2735","TGACCCTTCGCCTAGG-1_2_2"
"2736","TGACGCGCAACGAGGT-1_2_2"
"2737","TGACGCGCACCTGCAG-1_2_2"
"2738","TGACGCGGTCAACGCC-1_2_2"
"2739","TGACGCGGTGAAGCGT-1_2_2"
"2740","TGACGCGGTGCAATGG-1_2_2"
"2741","TGACGCGGTTAGAGAT-1_2_2"
"2742","TGACGCGTCAACCTTT-1_2_2"
"2743","TGACTCCAGACTAAGT-1_2_2"
"2744","TGACTCCCAGGGTCTC-1_2_2"
"2745","TGACTCCGTAACACGG-1_2_2"
"2746","TGACTCCGTCTCGGGT-1_2_2"
"2747","TGACTCCGTCTTGAGT-1_2_2"
"2748","TGACTCCTCATGCATG-1_2_2"
"2749","TGAGACTAGGTCCCGT-1_2_2"
"2750","TGAGACTCACGCCAGT-1_2_2"
"2751","TGAGACTGTCTCACAA-1_2_2"
"2752","TGAGACTGTGTCATCA-1_2_2"
"2753","TGAGCATAGTAGACCG-1_2_2"
"2754","TGAGCATCACAGTGAG-1_2_2"
"2755","TGAGCATGTGAGGCAT-1_2_2"
"2756","TGAGCATGTGCTCGTG-1_2_2"
"2757","TGAGCATTCGTGGCGT-1_2_2"
"2758","TGAGCGCAGAGGTTTA-1_2_2"
"2759","TGAGGGAAGCAGGGAG-1_2_2"
"2760","TGAGGGAGTACCTGTA-1_2_2"
"2761","TGAGGTTGTCGTCATA-1_2_2"
"2762","TGAGGTTGTGTTATCG-1_2_2"
"2763","TGAGTCAAGATTGAGT-1_2_2"
"2764","TGAGTCAAGTGGTTCT-1_2_2"
"2765","TGAGTCACAACTCATG-1_2_2"
"2766","TGAGTCACAGCACAAG-1_2_2"
"2767","TGATCAGAGATCCAAA-1_2_2"
"2768","TGATCAGAGCCTCATA-1_2_2"
"2769","TGATCAGTCCGTAGGC-1_2_2"
"2770","TGATCAGTCGGCATAT-1_2_2"
"2771","TGATCTTCAAGAGTAT-1_2_2"
"2772","TGATGCATCTTGGAAC-1_2_2"
"2773","TGATGGTAGCGTGTTT-1_2_2"
"2774","TGATGGTCAGGACATG-1_2_2"
"2775","TGATGGTTCGTTTACT-1_2_2"
"2776","TGATTCTAGCATTGAA-1_2_2"
"2777","TGATTCTAGTCTAACC-1_2_2"
"2778","TGATTCTTCCGAGTGC-1_2_2"
"2779","TGATTTCGTCAAGCGA-1_2_2"
"2780","TGATTTCGTGGCTGAA-1_2_2"
"2781","TGATTTCTCAGGTAAA-1_2_2"
"2782","TGCACGGAGCGCCTAC-1_2_2"
"2783","TGCACGGAGGTGCTTT-1_2_2"
"2784","TGCACGGCACACCGAC-1_2_2"
"2785","TGCAGATCATTGGATC-1_2_2"
"2786","TGCAGATGTCCTGTTC-1_2_2"
"2787","TGCAGGCCACGACCTG-1_2_2"
"2788","TGCAGGCCAGTGGGTA-1_2_2"
"2789","TGCAGGCCAGTTCCAA-1_2_2"
"2790","TGCAGGCTCGAAATCC-1_2_2"
"2791","TGCAGTAAGATTAGTG-1_2_2"
"2792","TGCAGTAGTGACGCCT-1_2_2"
"2793","TGCAGTAGTTTGAACC-1_2_2"
"2794","TGCAGTATCGCTTTAT-1_2_2"
"2795","TGCAGTATCGTAGCCG-1_2_2"
"2796","TGCATCCGTATCCTCC-1_2_2"
"2797","TGCATCCTCCGACAGC-1_2_2"
"2798","TGCATCCTCGCCACTT-1_2_2"
"2799","TGCATCCTCTGCTTAT-1_2_2"
"2800","TGCATCCTCTGTGCGG-1_2_2"
"2801","TGCATGAAGCTCCATA-1_2_2"
"2802","TGCCGAGGTGCATCTA-1_2_2"
"2803","TGCGACGCACGACAAG-1_2_2"
"2804","TGCGACGCACTGCTTC-1_2_2"
"2805","TGCGACGCAGTCTCTC-1_2_2"
"2806","TGCGATAAGCTCGTGC-1_2_2"
"2807","TGCGATAAGTGAATAC-1_2_2"
"2808","TGCGATAGTAGCGTTT-1_2_2"
"2809","TGCGGCAAGCCAGACA-1_2_2"
"2810","TGCGGCAAGGTCGTCC-1_2_2"
"2811","TGCGGCATCGTACCTC-1_2_2"
"2812","TGCGGGTAGGTCCGAA-1_2_2"
"2813","TGCGGGTAGTGGTGAC-1_2_2"
"2814","TGCGGGTCATCAGCTA-1_2_2"
"2815","TGCGGGTTCAATCTCT-1_2_2"
"2816","TGCGGGTTCCATCCGT-1_2_2"
"2817","TGCTCCAAGATTACCC-1_2_2"
"2818","TGCTCCACATCATTTC-1_2_2"
"2819","TGCTCCAGTGCCTACG-1_2_2"
"2820","TGCTCGTAGGAAAGAC-1_2_2"
"2821","TGCTCGTGTCAAACGG-1_2_2"
"2822","TGCTCGTTCATGAGGG-1_2_2"
"2823","TGCTCGTTCCACTTTA-1_2_2"
"2824","TGCTGAAAGACATGCG-1_2_2"
"2825","TGCTGAACACGTAGTT-1_2_2"
"2826","TGCTGAACAGCAAGAC-1_2_2"
"2827","TGCTGAAGTTGGGTTT-1_2_2"
"2828","TGCTGAAGTTTCAGAC-1_2_2"
"2829","TGCTGAATCTAGAACC-1_2_2"
"2830","TGCTTCGAGTTTGCTG-1_2_2"
"2831","TGCTTCGGTCACCCTT-1_2_2"
"2832","TGCTTCGGTTCGAACT-1_2_2"
"2833","TGCTTGCCATCTATCT-1_2_2"
"2834","TGCTTGCCATTCTGTT-1_2_2"
"2835","TGGAACTAGAGGTCGT-1_2_2"
"2836","TGGAACTGTGGTTTGT-1_2_2"
"2837","TGGAGAGCACTTCAGA-1_2_2"
"2838","TGGAGAGGTTACCGTA-1_2_2"
"2839","TGGAGGAAGTCTTGGT-1_2_2"
"2840","TGGAGGAGTGGGCTCT-1_2_2"
"2841","TGGATCAGTAAGAACT-1_2_2"
"2842","TGGATCAGTCACTCAA-1_2_2"
"2843","TGGATCAGTGCATGTT-1_2_2"
"2844","TGGATGTAGCGCCGTT-1_2_2"
"2845","TGGATGTGTGCTCGTG-1_2_2"
"2846","TGGATGTTCGTGTGGC-1_2_2"
"2847","TGGCGTGAGATGTTCC-1_2_2"
"2848","TGGCGTGAGGTTTGAA-1_2_2"
"2849","TGGCGTGCACTTCATT-1_2_2"
"2850","TGGCGTGGTCTCGCGA-1_2_2"
"2851","TGGCGTGTCATCGGGC-1_2_2"
"2852","TGGCGTGTCCATCTAT-1_2_2"
"2853","TGGGAAGAGACCAAAT-1_2_2"
"2854","TGGGAAGTCGACCCAG-1_2_2"
"2855","TGGGAGAAGTAGCCAG-1_2_2"
"2856","TGGGAGATCGGAGTAG-1_2_2"
"2857","TGGGATTAGCAACAAT-1_2_2"
"2858","TGGGATTAGCCGTTAT-1_2_2"
"2859","TGGGATTCAGCACCCA-1_2_2"
"2860","TGGGATTGTGTCCGTG-1_2_2"
"2861","TGGGATTGTTAGGCCC-1_2_2"
"2862","TGGGATTTCAACTGAC-1_2_2"
"2863","TGGGATTTCGATACAC-1_2_2"
"2864","TGGGCGTCACAAATAG-1_2_2"
"2865","TGGGCGTGTAGCTAAA-1_2_2"
"2866","TGGGCGTTCCACAAGT-1_2_2"
"2867","TGGGCGTTCGTGTGGC-1_2_2"
"2868","TGGGCGTTCTGAGCAT-1_2_2"
"2869","TGGGCTGCAGCCTACG-1_2_2"
"2870","TGGGCTGTCGGTGAAG-1_2_2"
"2871","TGGGTTAAGTGGCAGT-1_2_2"
"2872","TGGGTTATCTGGAGAG-1_2_2"
"2873","TGGTACAAGCAACAGC-1_2_2"
"2874","TGGTACAAGCATCCCG-1_2_2"
"2875","TGGTACACATTGTGCA-1_2_2"
"2876","TGGTACAGTTACACTG-1_2_2"
"2877","TGGTACATCGTAACTG-1_2_2"
"2878","TGGTAGTAGAACGCGT-1_2_2"
"2879","TGGTAGTAGTTGCGCC-1_2_2"
"2880","TGGTAGTGTATTTCGG-1_2_2"
"2881","TGGTAGTGTCTCTCTG-1_2_2"
"2882","TGGTAGTGTGTCGATT-1_2_2"
"2883","TGGTAGTTCCACCTGT-1_2_2"
"2884","TGGTGATAGGATGGCT-1_2_2"
"2885","TGGTGATAGTAAGAGG-1_2_2"
"2886","TGGTGATGTGGTCTTA-1_2_2"
"2887","TGGTTAGAGTCAGCGA-1_2_2"
"2888","TGGTTAGGTCACAATC-1_2_2"
"2889","TGTAACGCAGAGAATT-1_2_2"
"2890","TGTAACGGTGCGCTCA-1_2_2"
"2891","TGTAAGCAGAGCATCG-1_2_2"
"2892","TGTAAGCAGGACGCTA-1_2_2"
"2893","TGTAAGCGTCAGTCCG-1_2_2"
"2894","TGTAAGCGTGGAACCA-1_2_2"
"2895","TGTAAGCTCTAGTCAG-1_2_2"
"2896","TGTACAGAGTCAACAA-1_2_2"
"2897","TGTACAGCATAGTCAC-1_2_2"
"2898","TGTACAGGTGAGACGT-1_2_2"
"2899","TGTACAGGTGCCTTCT-1_2_2"
"2900","TGTACAGGTTGCATCA-1_2_2"
"2901","TGTACAGTCTAGTACG-1_2_2"
"2902","TGTAGACAGCGATGCA-1_2_2"
"2903","TGTAGACAGGTCGAGT-1_2_2"
"2904","TGTAGACCACTGAATC-1_2_2"
"2905","TGTAGACGTGCCCGTA-1_2_2"
"2906","TGTCAGAAGTAATTGG-1_2_2"
"2907","TGTCAGAAGTCCGCGT-1_2_2"
"2908","TGTCCACAGTCTGGAG-1_2_2"
"2909","TGTCCACCAATGGCAG-1_2_2"
"2910","TGTCCACGTTAATCGC-1_2_2"
"2911","TGTCCACTCGCTGACG-1_2_2"
"2912","TGTCCACTCTTTGATC-1_2_2"
"2913","TGTCCCAAGAGATCGC-1_2_2"
"2914","TGTCCCACAGGATCTT-1_2_2"
"2915","TGTCCCAGTGTCTTGA-1_2_2"
"2916","TGTCCCATCAGTCATG-1_2_2"
"2917","TGTCCCATCGCAGAGA-1_2_2"
"2918","TGTCCTGAGGGCCTCT-1_2_2"
"2919","TGTCCTGCAGTGAGCA-1_2_2"
"2920","TGTCCTGGTAGGTCAG-1_2_2"
"2921","TGTGAGTAGGCACCAA-1_2_2"
"2922","TGTGAGTAGGTAAAGG-1_2_2"
"2923","TGTGAGTCATCCTTGC-1_2_2"
"2924","TGTGATGTCGTGGCTG-1_2_2"
"2925","TGTGATGTCTGCGGGT-1_2_2"
"2926","TGTGCGGGTGGCCCAT-1_2_2"
"2927","TGTGCGGTCCCGTAAA-1_2_2"
"2928","TGTGCGGTCGCCCAGA-1_2_2"
"2929","TGTGGCGAGGGTACAC-1_2_2"
"2930","TGTGGCGCAGTCTGGC-1_2_2"
"2931","TGTGGCGTCCTCACCA-1_2_2"
"2932","TGTGGCGTCGGTTCAA-1_2_2"
"2933","TGTGTGACAAGTGGAC-1_2_2"
"2934","TGTGTGATCCGATAGT-1_2_2"
"2935","TGTGTGATCCGCAACG-1_2_2"
"2936","TGTTACTTCGTTGCCT-1_2_2"
"2937","TGTTCATAGCCAAGGT-1_2_2"
"2938","TGTTCATCAGTTTCAG-1_2_2"
"2939","TGTTCATCATTGAAGA-1_2_2"
"2940","TGTTCATTCGTAGTGT-1_2_2"
"2941","TGTTCCGAGTATTAGG-1_2_2"
"2942","TGTTCCGCATCGATCA-1_2_2"
"2943","TGTTCTAAGGCAGGTT-1_2_2"
"2944","TGTTCTAAGGTGATCG-1_2_2"
"2945","TGTTCTACACGCTGAC-1_2_2"
"2946","TGTTCTAGTAGTTACC-1_2_2"
"2947","TGTTCTATCCAAATGC-1_2_2"
"2948","TGTTGAGCAGGATGAC-1_2_2"
"2949","TGTTGAGCATAATCCG-1_2_2"
"2950","TGTTTGTCAGGTGGAT-1_2_2"
"2951","TGTTTGTCAGTAACCT-1_2_2"
"2952","TTAATCCGTATTCCTT-1_2_2"
"2953","TTAATCCGTCAAATCC-1_2_2"
"2954","TTACAGGAGGCTCCCA-1_2_2"
"2955","TTACAGGCACAAACGG-1_2_2"
"2956","TTACAGGCAGCATACT-1_2_2"
"2957","TTACAGGCATCCGTGG-1_2_2"
"2958","TTACAGGGTCTTCAAG-1_2_2"
"2959","TTACAGGGTTAAGGAT-1_2_2"
"2960","TTACCGCCAGACGGAT-1_2_2"
"2961","TTACCGCGTCCCGCAA-1_2_2"
"2962","TTACGCCAGGTGCGAT-1_2_2"
"2963","TTACGCCAGTATGCAA-1_2_2"
"2964","TTACGCCGTCCAGCGT-1_2_2"
"2965","TTACGTTAGTAAGACT-1_2_2"
"2966","TTACGTTCACCAATTG-1_2_2"
"2967","TTACGTTGTTACTCAG-1_2_2"
"2968","TTACGTTTCCATCAGA-1_2_2"
"2969","TTACTGTAGACTCAAA-1_2_2"
"2970","TTACTGTGTCGAGCTC-1_2_2"
"2971","TTACTGTTCTGTGCTC-1_2_2"
"2972","TTAGGCAAGAGGTCGT-1_2_2"
"2973","TTAGGCAGTTCCGGTG-1_2_2"
"2974","TTAGGCATCTAGGCCG-1_2_2"
"2975","TTAGGCATCTCTCAAT-1_2_2"
"2976","TTAGGGTGTCGCATCG-1_2_2"
"2977","TTAGGGTTCGCAGTGC-1_2_2"
"2978","TTAGTCTAGCTCTTCC-1_2_2"
"2979","TTAGTCTGTATGGAAT-1_2_2"
"2980","TTAGTCTGTGAAAGTT-1_2_2"
"2981","TTATTGCAGCTGACCC-1_2_2"
"2982","TTATTGCCAAGCCTGC-1_2_2"
"2983","TTATTGCCAATACAGA-1_2_2"
"2984","TTATTGCTCGCTAAAC-1_2_2"
"2985","TTATTGCTCTCATAGG-1_2_2"
"2986","TTATTGCTCTGTCCGT-1_2_2"
"2987","TTCAATCTCGCCTAGG-1_2_2"
"2988","TTCACCGAGATTAGTG-1_2_2"
"2989","TTCACCGTCATGCCAA-1_2_2"
"2990","TTCACCGTCGTGCTCT-1_2_2"
"2991","TTCACCGTCTCCAATT-1_2_2"
"2992","TTCACCGTCTCTTCAA-1_2_2"
"2993","TTCACGCAGAGGATCC-1_2_2"
"2994","TTCACGCAGCTGACAG-1_2_2"
"2995","TTCACGCAGGATTCAA-1_2_2"
"2996","TTCACGCCAGGAACCA-1_2_2"
"2997","TTCACGCGTACGAGTG-1_2_2"
"2998","TTCACGCGTGATGGCA-1_2_2"
"2999","TTCACGCTCGGTGCAC-1_2_2"
"3000","TTCAGGAAGCCGGAAT-1_2_2"
"3001","TTCAGGACAGCCGGTT-1_2_2"
"3002","TTCAGGATCTGGGATT-1_2_2"
"3003","TTCATGTGTGAGATAT-1_2_2"
"3004","TTCATGTGTTAAGACA-1_2_2"
"3005","TTCATTGGTTCGTTCC-1_2_2"
"3006","TTCATTGTCCAAAGGG-1_2_2"
"3007","TTCATTGTCCTAGCCT-1_2_2"
"3008","TTCATTGTCTCCGAGG-1_2_2"
"3009","TTCCAATAGTTGCCCG-1_2_2"
"3010","TTCCAATCACCTATCC-1_2_2"
"3011","TTCCAATGTCGCAACC-1_2_2"
"3012","TTCCAATTCTGCTTAT-1_2_2"
"3013","TTCCACGCAACGACTT-1_2_2"
"3014","TTCCACGCAGAACCGA-1_2_2"
"3015","TTCCACGCAGCTGTGC-1_2_2"
"3016","TTCCACGGTCTCCTGT-1_2_2"
"3017","TTCCACGGTGACAGCA-1_2_2"
"3018","TTCCGGTGTATGGAGC-1_2_2"
"3019","TTCCGTGAGGTTAAAC-1_2_2"
"3020","TTCCGTGCACGCGCAT-1_2_2"
"3021","TTCCGTGGTTCTCTAT-1_2_2"
"3022","TTCCGTGTCGTGACTA-1_2_2"
"3023","TTCCTAACAAATGGAT-1_2_2"
"3024","TTCCTCTAGGACAGCT-1_2_2"
"3025","TTCCTCTCAAAGCACG-1_2_2"
"3026","TTCCTCTCATATGGCT-1_2_2"
"3027","TTCCTTCAGAAGCGGG-1_2_2"
"3028","TTCCTTCCAAATGAAC-1_2_2"
"3029","TTCCTTCCACATAGCT-1_2_2"
"3030","TTCCTTCGTAACAGGC-1_2_2"
"3031","TTCCTTCGTGCTGTCG-1_2_2"
"3032","TTCGATTCATGAATCC-1_2_2"
"3033","TTCGATTGTCTTGTCC-1_2_2"
"3034","TTCGATTTCTTACGTT-1_2_2"
"3035","TTCGCTGCAAGTTTGC-1_2_2"
"3036","TTCGCTGGTACTGAGG-1_2_2"
"3037","TTCGCTGTCAAGGAGC-1_2_2"
"3038","TTCGCTGTCTTAGCCC-1_2_2"
"3039","TTCTAACAGCTCGACC-1_2_2"
"3040","TTCTAACCATCCTATT-1_2_2"
"3041","TTCTAACGTGCTCCGA-1_2_2"
"3042","TTCTAACTCAAAGGAT-1_2_2"
"3043","TTCTAACTCGTAGAGG-1_2_2"
"3044","TTCTAGTTCGGCAGTC-1_2_2"
"3045","TTCTCTCAGAATACAC-1_2_2"
"3046","TTCTCTCCATCCGCGA-1_2_2"
"3047","TTCTCTCTCAAGTCGT-1_2_2"
"3048","TTCTCTCTCCTTCTAA-1_2_2"
"3049","TTCTGTAAGAAGAGCA-1_2_2"
"3050","TTCTGTAAGACTCTAC-1_2_2"
"3051","TTCTGTAAGCAACCAG-1_2_2"
"3052","TTCTGTAGTCAGGCAA-1_2_2"
"3053","TTCTGTATCACTCGAA-1_2_2"
"3054","TTCTGTATCATCTGTT-1_2_2"
"3055","TTCTGTATCTAACACG-1_2_2"
"3056","TTCTTCCCAATTGGTC-1_2_2"
"3057","TTCTTCCGTGAGTTGG-1_2_2"
"3058","TTCTTGAAGAATCGAT-1_2_2"
"3059","TTCTTGAAGCGTACAG-1_2_2"
"3060","TTCTTGACAGCCCACA-1_2_2"
"3061","TTGAACGAGGAAGTGA-1_2_2"
"3062","TTGACCCAGATGACCG-1_2_2"
"3063","TTGACCCTCCTACGAA-1_2_2"
"3064","TTGAGTGCATATGCGT-1_2_2"
"3065","TTGAGTGGTCCACATA-1_2_2"
"3066","TTGATGGCAAGACGAC-1_2_2"
"3067","TTGATGGCACGTCGGT-1_2_2"
"3068","TTGCATTCAAGTGCTT-1_2_2"
"3069","TTGCATTTCCGCTGTT-1_2_2"
"3070","TTGCCTGAGTAACAGT-1_2_2"
"3071","TTGCCTGGTACCTGTA-1_2_2"
"3072","TTGCCTGTCATGGATC-1_2_2"
"3073","TTGCGTCAGATGGCAC-1_2_2"
"3074","TTGCGTCAGTCGCGAA-1_2_2"
"3075","TTGCTGCGTCTCGCGA-1_2_2"
"3076","TTGGATGAGAGCAACC-1_2_2"
"3077","TTGGATGAGCACTAAA-1_2_2"
"3078","TTGGATGAGTTGGACG-1_2_2"
"3079","TTGGATGGTGTCCCTT-1_2_2"
"3080","TTGGATGTCGATGCAT-1_2_2"
"3081","TTGGGCGAGAGCACTG-1_2_2"
"3082","TTGGGCGCAAGATCCT-1_2_2"
"3083","TTGGGCGGTCCAGAAG-1_2_2"
"3084","TTGGGCGGTTTAGACC-1_2_2"
"3085","TTGGGTAAGAGATGCC-1_2_2"
"3086","TTGGGTAAGTGGTTCT-1_2_2"
"3087","TTGGGTAGTATCGCGC-1_2_2"
"3088","TTGGGTATCTCTATAC-1_2_2"
"3089","TTGGTTTTCACGATAC-1_2_2"
"3090","TTGTGGACAGGAATAT-1_2_2"
"3091","TTGTGGACAGTCTGGC-1_2_2"
"3092","TTGTGGACATTGGGAG-1_2_2"
"3093","TTGTGTTAGCGAGTCA-1_2_2"
"3094","TTGTGTTAGCGCCTAC-1_2_2"
"3095","TTGTGTTAGTCGCCCA-1_2_2"
"3096","TTGTGTTAGTTGGAGC-1_2_2"
"3097","TTGTGTTCAATAGTGA-1_2_2"
"3098","TTGTGTTGTACTGAGG-1_2_2"
"3099","TTGTGTTGTTGACTAC-1_2_2"
"3100","TTGTTCAAGCCACAAG-1_2_2"
"3101","TTGTTCACAGGACATG-1_2_2"
"3102","TTGTTCACATAATGCC-1_2_2"
"3103","TTGTTCATCAAGGAGC-1_2_2"
"3104","TTGTTCATCAGCAGAG-1_2_2"
"3105","TTGTTGTCAATCTGCA-1_2_2"
"3106","TTGTTGTTCTCTTCAA-1_2_2"
"3107","TTGTTTGCAGAGGAAA-1_2_2"
"3108","TTGTTTGGTTGGGTAG-1_2_2"
"3109","TTGTTTGGTTTCAGAC-1_2_2"
"3110","TTTACCAAGAGTCCGA-1_2_2"
"3111","TTTACCATCGGCTGAC-1_2_2"
"3112","TTTACGTAGGGTCAAC-1_2_2"
"3113","TTTACGTGTTCGGCCA-1_2_2"
"3114","TTTACGTTCTGCGGCA-1_2_2"
"3115","TTTACTGAGCCAACCC-1_2_2"
"3116","TTTACTGCAGATACCT-1_2_2"
"3117","TTTAGTCCAAAGACGC-1_2_2"
"3118","TTTAGTCGTCCACACG-1_2_2"
"3119","TTTAGTCTCCTACGAA-1_2_2"
"3120","TTTATGCGTAATCAAG-1_2_2"
"3121","TTTATGCGTCTTGTCC-1_2_2"
"3122","TTTATGCTCACCATCC-1_2_2"
"3123","TTTCACACAACAAGTA-1_2_2"
"3124","TTTCACACATAGACTC-1_2_2"
"3125","TTTCACATCCATAAGC-1_2_2"
"3126","TTTCACATCGTAGCTA-1_2_2"
"3127","TTTCAGTAGGAACTCG-1_2_2"
"3128","TTTCAGTCAAATCCCA-1_2_2"
"3129","TTTCAGTCACGGCCAT-1_2_2"
"3130","TTTCATGCAGTTCCAA-1_2_2"
"3131","TTTCATGTCCTACGGG-1_2_2"
"3132","TTTCCTCCATTAGGCT-1_2_2"
"3133","TTTCCTCTCATCCTGC-1_2_2"
"3134","TTTCGATAGACCTTTG-1_2_2"
"3135","TTTCGATGTAGCCCTG-1_2_2"
"3136","TTTCGATTCAGACCCG-1_2_2"
"3137","TTTGACTAGATCCGAG-1_2_2"
"3138","TTTGACTCAAAGAACT-1_2_2"
"3139","TTTGACTCATCGTGGC-1_2_2"
"3140","TTTGACTGTTCTAACG-1_2_2"
"3141","TTTGATCTCAAGCCCG-1_2_2"
"3142","TTTGATCTCAGCTTCC-1_2_2"
"3143","TTTGGAGAGCAGGCAT-1_2_2"
"3144","TTTGGAGAGTTTAGGA-1_2_2"
"3145","TTTGGAGTCAAACTGC-1_2_2"
"3146","TTTGGAGTCAACTGAC-1_2_2"
"3147","TTTGGTTGTACCGCGT-1_2_2"
"3148","TTTGTTGAGAAGCGGG-1_2_2"
"3149","TTTGTTGAGGGAGTTC-1_2_2"
"3150","TTTGTTGCAAAGACTA-1_2_2"
"3151","TTTGTTGCATCTCCCA-1_2_2"
"3152","TTTGTTGGTATGAGGC-1_2_2"
"3153","TTTGTTGGTTGTTGTG-1_2_2"
"3154","TTTGTTGTCCACCCTA-1_2_2"
