"","x"
"1","AAACCCAAGACATCAA-1_6_1"
"2","AAACGAAGTTCTAAGC-1_6_1"
"3","AAACGAATCACACGAT-1_6_1"
"4","AAACGCTAGCGCCCAT-1_6_1"
"5","AAAGAACAGGTTGACG-1_6_1"
"6","AAAGAACCACACAGCC-1_6_1"
"7","AAAGAACCACTACACA-1_6_1"
"8","AAAGAACGTGTCCGTG-1_6_1"
"9","AAAGGATCACAATGAA-1_6_1"
"10","AAAGGGCAGCCAAGGT-1_6_1"
"11","AAAGGGCGTTCCTTGC-1_6_1"
"12","AAAGTCCAGCTTGTTG-1_6_1"
"13","AAAGTCCGTCCTATAG-1_6_1"
"14","AAAGTGACACCTCTGT-1_6_1"
"15","AAATGGAGTACAAGCG-1_6_1"
"16","AACAAGAGTACACGCC-1_6_1"
"17","AACCAACCATGACGAG-1_6_1"
"18","AACCACACAAATGAGT-1_6_1"
"19","AACCACACAAGTGGAC-1_6_1"
"20","AACCACAGTATACCTG-1_6_1"
"21","AACGTCATCCGTATAG-1_6_1"
"22","AACTTCTAGTGAACAT-1_6_1"
"23","AACTTCTGTGCATGAG-1_6_1"
"24","AAGAACACAATTGAAG-1_6_1"
"25","AAGACAAAGAATTGTG-1_6_1"
"26","AAGACTCCAGGTCCGT-1_6_1"
"27","AAGACTCTCTGTCTCG-1_6_1"
"28","AAGATAGCAACTGTGT-1_6_1"
"29","AAGCATCAGCGTGAAC-1_6_1"
"30","AAGCCATAGTGGAAGA-1_6_1"
"31","AAGCGTTTCTATGTGG-1_6_1"
"32","AAGGAATCAAGCACCC-1_6_1"
"33","AAGGAATCAGGAGGTT-1_6_1"
"34","AAGGTAACAGGACAGT-1_6_1"
"35","AAGTCGTCAGCCGGTT-1_6_1"
"36","AATAGAGCATCGTGCG-1_6_1"
"37","AATCGTGTCTGGAGAG-1_6_1"
"38","AATGACCCAGTAGTTC-1_6_1"
"39","AATGACCGTTTGTTCT-1_6_1"
"40","AATGCCATCACGGGCT-1_6_1"
"41","AATGGAATCCAACTAG-1_6_1"
"42","AATGGCTGTGTCTCCT-1_6_1"
"43","AATGGCTTCGCGTAGC-1_6_1"
"44","AATTCCTGTGCCTATA-1_6_1"
"45","AATTCCTTCCATTGCC-1_6_1"
"46","AATTTCCTCACTTGTT-1_6_1"
"47","ACAACCAAGGACAAGA-1_6_1"
"48","ACAACCAAGGCTCTCG-1_6_1"
"49","ACAACCATCAACCTTT-1_6_1"
"50","ACACGCGGTCCACGCA-1_6_1"
"51","ACACGCGGTTGTCTAG-1_6_1"
"52","ACAGAAATCCTCACGT-1_6_1"
"53","ACATCCCAGAGTTGTA-1_6_1"
"54","ACATCGAGTTCAGTAC-1_6_1"
"55","ACATGCACATTGAGCT-1_6_1"
"56","ACATGCAGTTCTCACC-1_6_1"
"57","ACATTTCTCGTGGGAA-1_6_1"
"58","ACATTTCTCTGCTTTA-1_6_1"
"59","ACCATTTTCTATCACT-1_6_1"
"60","ACCATTTTCTCATGCC-1_6_1"
"61","ACCCTTGCAAACCACT-1_6_1"
"62","ACCGTTCCAACGTTAC-1_6_1"
"63","ACCGTTCGTTACGTAC-1_6_1"
"64","ACGATGTGTAACATGA-1_6_1"
"65","ACGGGTCCAGGTTTAC-1_6_1"
"66","ACGTACAGTGCTCTCT-1_6_1"
"67","ACGTAGTGTACGAGTG-1_6_1"
"68","ACGTTCCAGCACGATG-1_6_1"
"69","ACGTTCCAGTTAGTGA-1_6_1"
"70","ACTACGAAGGTAGTCG-1_6_1"
"71","ACTACGAAGGTCGAGT-1_6_1"
"72","ACTACGATCCGTAATG-1_6_1"
"73","ACTATCTAGCGTTAGG-1_6_1"
"74","ACTATGGCACATGGTT-1_6_1"
"75","ACTATTCCATAATGAG-1_6_1"
"76","ACTATTCGTTACCTGA-1_6_1"
"77","ACTCCCAGTGAGTTTC-1_6_1"
"78","ACTCTCGAGTGCAAAT-1_6_1"
"79","ACTGCAATCGGTTCAA-1_6_1"
"80","ACTGTCCCACATTACG-1_6_1"
"81","ACTGTCCGTCCGTACG-1_6_1"
"82","ACTGTGAGTTCGGTCG-1_6_1"
"83","ACTTCCGGTCTGCGCA-1_6_1"
"84","ACTTCGCAGGTACTGG-1_6_1"
"85","ACTTTCAGTCATCCCT-1_6_1"
"86","ACTTTCATCAACCTCC-1_6_1"
"87","ACTTTGTCACTAGGTT-1_6_1"
"88","AGAACCTGTGTATTCG-1_6_1"
"89","AGAAGCGTCGACGATT-1_6_1"
"90","AGACACTAGTCTAACC-1_6_1"
"91","AGACACTGTCCTGGTG-1_6_1"
"92","AGACTCAGTTTCCATT-1_6_1"
"93","AGAGAATGTAATTGGA-1_6_1"
"94","AGAGAGCGTGGCTGAA-1_6_1"
"95","AGATAGAAGTCGCCAC-1_6_1"
"96","AGATAGAGTGAATGAT-1_6_1"
"97","AGATCCAGTCCCTAAA-1_6_1"
"98","AGATGAACACTGGAAG-1_6_1"
"99","AGATGCTAGATACGAT-1_6_1"
"100","AGCCAATCACAGAGCA-1_6_1"
"101","AGCCAGCGTACGTACT-1_6_1"
"102","AGCGATTGTCTAACTG-1_6_1"
"103","AGCGCCAGTGTCGATT-1_6_1"
"104","AGCGCTGAGTATAGAC-1_6_1"
"105","AGCGCTGGTGTCCACG-1_6_1"
"106","AGCGCTGTCCAAATGC-1_6_1"
"107","AGCGTATCAGGAATAT-1_6_1"
"108","AGCGTATCATGGAATA-1_6_1"
"109","AGGAATACAATTGAGA-1_6_1"
"110","AGGAATATCGCCACTT-1_6_1"
"111","AGGACGATCCCGAAAT-1_6_1"
"112","AGGACTTGTCCGAAAG-1_6_1"
"113","AGGCCACAGGGACCAT-1_6_1"
"114","AGGCCACGTACCAATC-1_6_1"
"115","AGGCCACTCGTGCATA-1_6_1"
"116","AGGGAGTCATCCTAAG-1_6_1"
"117","AGGGCCTCACTTGACA-1_6_1"
"118","AGGTCATGTATCCCTC-1_6_1"
"119","AGGTCTAAGAAACACT-1_6_1"
"120","AGGTTACGTCCATACA-1_6_1"
"121","AGGTTGTCATGGGATG-1_6_1"
"122","AGTACCATCGCCTTGT-1_6_1"
"123","AGTACTGGTTTGATCG-1_6_1"
"124","AGTAGTCTCCATACTT-1_6_1"
"125","AGTCATGGTGCACAAG-1_6_1"
"126","AGTCTCCGTTAGCGGA-1_6_1"
"127","AGTGCCGCAGCTGTAT-1_6_1"
"128","AGTTAGCCAAAGGTTA-1_6_1"
"129","AGTTCGAAGGCCTGCT-1_6_1"
"130","ATACCTTTCGCGTTTC-1_6_1"
"131","ATAGAGAAGTGGATTA-1_6_1"
"132","ATAGGCTCACTAGTAC-1_6_1"
"133","ATATCCTGTACCTTCC-1_6_1"
"134","ATATCCTTCCTTCTTC-1_6_1"
"135","ATCACGAAGCAGCACA-1_6_1"
"136","ATCAGGTAGCGCGTTC-1_6_1"
"137","ATCAGGTGTATGCGGA-1_6_1"
"138","ATCATTCCATCATGAC-1_6_1"
"139","ATCCACCAGAGTGGCT-1_6_1"
"140","ATCCACCTCAGCTTCC-1_6_1"
"141","ATCCATTCAGGTCCGT-1_6_1"
"142","ATCCCTGCACTGGCCA-1_6_1"
"143","ATCCTATTCGTCAAAC-1_6_1"
"144","ATCGCCTAGGCTCACC-1_6_1"
"145","ATCGGATTCAAGCGTT-1_6_1"
"146","ATCGGCGTCGAAGCAG-1_6_1"
"147","ATCGTCCGTCCTATAG-1_6_1"
"148","ATCTTCAAGGGTCACA-1_6_1"
"149","ATGACCATCCGATGCG-1_6_1"
"150","ATGCATGAGTGAGGCT-1_6_1"
"151","ATGCATGCAGCGGTTC-1_6_1"
"152","ATGCATGGTGCGTCGT-1_6_1"
"153","ATGCCTCCAGACTGCC-1_6_1"
"154","ATGTCTTGTGGCCACT-1_6_1"
"155","ATTACTCGTCATCGGC-1_6_1"
"156","ATTCACTAGAAGTGTT-1_6_1"
"157","ATTCCATCACGGCTAC-1_6_1"
"158","ATTCCCGCAAGCTCTA-1_6_1"
"159","ATTCCTAGTTGCATCA-1_6_1"
"160","ATTCCTATCCTATTTG-1_6_1"
"161","ATTCGTTTCGCAAGAG-1_6_1"
"162","ATTGGGTGTGATCATC-1_6_1"
"163","ATTTCACTCTGCTTAT-1_6_1"
"164","CAAAGAAAGACGCCAA-1_6_1"
"165","CAAAGAACAGAACATA-1_6_1"
"166","CAACAACTCTACCCAC-1_6_1"
"167","CAACAGTCATGACACT-1_6_1"
"168","CAACCAAGTAGGTACG-1_6_1"
"169","CAACCAAGTGCCTTTC-1_6_1"
"170","CAACGATCAACTCGAT-1_6_1"
"171","CAACGGCGTGTTAAAG-1_6_1"
"172","CAAGAGGGTGCTTATG-1_6_1"
"173","CAAGGGACAATTCGTG-1_6_1"
"174","CAAGGGATCCTACAAG-1_6_1"
"175","CAATACGCAGTATACC-1_6_1"
"176","CAATCGAAGAATGTTG-1_6_1"
"177","CAATGACTCGTGGAAG-1_6_1"
"178","CAATTTCCATGTTCGA-1_6_1"
"179","CACACAACAATTGCGT-1_6_1"
"180","CACACAATCATTTACC-1_6_1"
"181","CACAGATAGCCTTTGA-1_6_1"
"182","CACCGTTCAAAGGCGT-1_6_1"
"183","CACGAATTCTAGTTCT-1_6_1"
"184","CACGTTCGTTCGAACT-1_6_1"
"185","CACTAAGAGAAACCAT-1_6_1"
"186","CACTAAGGTGGTTTAC-1_6_1"
"187","CACTAAGGTGTCATGT-1_6_1"
"188","CACTAAGTCGAGAACG-1_6_1"
"189","CACTGGGGTTCGGTCG-1_6_1"
"190","CACTGGGTCGCTCTCA-1_6_1"
"191","CACTTCGGTTTGAACC-1_6_1"
"192","CAGAGCCAGAAACCAT-1_6_1"
"193","CAGATACAGGTTGAGC-1_6_1"
"194","CAGCACGAGCGCACAA-1_6_1"
"195","CAGCACGCATTGAAGA-1_6_1"
"196","CAGGTATAGGAGAGTA-1_6_1"
"197","CAGTTCCAGGACTTCT-1_6_1"
"198","CATAAGCAGGGAGGTG-1_6_1"
"199","CATACTTTCTGGAGAG-1_6_1"
"200","CATAGACAGCATGTTC-1_6_1"
"201","CATAGACTCAAAGGAT-1_6_1"
"202","CATCCGTCAACCCTAA-1_6_1"
"203","CATCGCTGTTGGGAAC-1_6_1"
"204","CATCGCTTCATCGCTC-1_6_1"
"205","CATCGGGTCTGAATGC-1_6_1"
"206","CATCGTCAGCGCACAA-1_6_1"
"207","CATGAGTAGATAGCAT-1_6_1"
"208","CATGAGTTCGTGGACC-1_6_1"
"209","CATGCCTAGGAATCGC-1_6_1"
"210","CATGCCTTCTCACGAA-1_6_1"
"211","CATGCGGTCGTGGGTC-1_6_1"
"212","CATGGATGTTGTATGC-1_6_1"
"213","CATGGTATCCGTTTCG-1_6_1"
"214","CATTCATTCTCTGAGA-1_6_1"
"215","CATTCTAGTCGGTGTC-1_6_1"
"216","CATTGAGAGGTTGAGC-1_6_1"
"217","CATTGAGCACTCTAGA-1_6_1"
"218","CATTGTTAGGTTAAAC-1_6_1"
"219","CATTGTTCACGGCCAT-1_6_1"
"220","CCAAGCGAGGTCGACA-1_6_1"
"221","CCAAGCGAGTGATAGT-1_6_1"
"222","CCACACTGTGCCGTTG-1_6_1"
"223","CCACTTGCAAGAGTGC-1_6_1"
"224","CCACTTGCATACCGTA-1_6_1"
"225","CCATAAGAGCTTCATG-1_6_1"
"226","CCCATTGAGAGTATAC-1_6_1"
"227","CCCATTGGTTAGGCCC-1_6_1"
"228","CCCATTGTCTCGAACA-1_6_1"
"229","CCCGAAGTCTCAACGA-1_6_1"
"230","CCCTAACCACAGCTTA-1_6_1"
"231","CCCTTAGAGAGCAGCT-1_6_1"
"232","CCGAACGCAATTGCGT-1_6_1"
"233","CCGAACGCACGTCTCT-1_6_1"
"234","CCGATGGCAACGAGGT-1_6_1"
"235","CCGGACAGTCAGTCTA-1_6_1"
"236","CCGGTAGGTGCGTCGT-1_6_1"
"237","CCGGTGACAATACAGA-1_6_1"
"238","CCGTAGGGTTACGATC-1_6_1"
"239","CCGTGAGGTCGTGGTC-1_6_1"
"240","CCTAAGACAGCTAACT-1_6_1"
"241","CCTACGTTCGCCGAGT-1_6_1"
"242","CCTCATGTCGAGATGG-1_6_1"
"243","CCTCCTCCATGAGAAT-1_6_1"
"244","CCTCTAGCACCAGACC-1_6_1"
"245","CCTCTAGCACCTGATA-1_6_1"
"246","CCTCTAGTCCGATCGG-1_6_1"
"247","CCTCTAGTCTCGTCAC-1_6_1"
"248","CCTCTCCCAGAGGTAC-1_6_1"
"249","CCTCTCCTCGCCGATG-1_6_1"
"250","CCTTGTGCATCTGGGC-1_6_1"
"251","CGAGGAAAGGGATCAC-1_6_1"
"252","CGAGTTAGTCCAAATC-1_6_1"
"253","CGAGTTATCCTGGCTT-1_6_1"
"254","CGATCGGAGGTGATCG-1_6_1"
"255","CGATCGGCAACTGCTA-1_6_1"
"256","CGATGCGCAGTAGGAC-1_6_1"
"257","CGATGCGCATACAGGG-1_6_1"
"258","CGATGCGGTGTCTAAC-1_6_1"
"259","CGATGGCCACATATGC-1_6_1"
"260","CGATGGCGTCTCACAA-1_6_1"
"261","CGCAGGTGTCCGCAGT-1_6_1"
"262","CGCATGGGTTAGGAGC-1_6_1"
"263","CGCCAGATCTCATGGA-1_6_1"
"264","CGCCATTAGTGTCATC-1_6_1"
"265","CGCCATTCAGTCGCTG-1_6_1"
"266","CGCCATTTCTCAGAAC-1_6_1"
"267","CGCGTGACAACCTAAC-1_6_1"
"268","CGCGTGACAATCAAGA-1_6_1"
"269","CGCGTGAGTGGACCTC-1_6_1"
"270","CGCGTGATCAACGTGT-1_6_1"
"271","CGGAACCCAGGCATGA-1_6_1"
"272","CGGAACCGTCGACGCT-1_6_1"
"273","CGGAATTAGCCATATC-1_6_1"
"274","CGGGCATAGAGTCACG-1_6_1"
"275","CGGGCATTCCGTTGAA-1_6_1"
"276","CGGGTCAAGAGTCTTC-1_6_1"
"277","CGGGTCAAGCGAGTAC-1_6_1"
"278","CGGTCAGCATCCGTTC-1_6_1"
"279","CGGTCAGGTCAAAGTA-1_6_1"
"280","CGTAAGTCAATCGAAA-1_6_1"
"281","CGTAATGGTATGAAAC-1_6_1"
"282","CGTAATGGTGCTCGTG-1_6_1"
"283","CGTCCATCACAACGCC-1_6_1"
"284","CGTGATAAGAGATCGC-1_6_1"
"285","CGTGATAGTGTGTGTT-1_6_1"
"286","CGTGCTTCAACTGCTA-1_6_1"
"287","CGTGTCTCAGCAGAAC-1_6_1"
"288","CGTTAGAAGATCCAAA-1_6_1"
"289","CGTTCTGCACAAGCCC-1_6_1"
"290","CGTTCTGGTAGACAAT-1_6_1"
"291","CGTTCTGTCGCCAATA-1_6_1"
"292","CGTTGGGAGGCTCTAT-1_6_1"
"293","CGTTGGGGTACCCAGC-1_6_1"
"294","CTAACCCTCAAGTGGG-1_6_1"
"295","CTAACTTCAGCGTATT-1_6_1"
"296","CTAAGTGCATCGCCTT-1_6_1"
"297","CTAGACAAGGACGCTA-1_6_1"
"298","CTAGGTATCCAGCCTT-1_6_1"
"299","CTATAGGAGTGGCGAT-1_6_1"
"300","CTATCCGTCTCACTCG-1_6_1"
"301","CTATCTATCATGTCTT-1_6_1"
"302","CTCAACCCACGTCTCT-1_6_1"
"303","CTCAACCGTCCTGGTG-1_6_1"
"304","CTCAGGGCACATGGTT-1_6_1"
"305","CTCAGTCCAGCTGCCA-1_6_1"
"306","CTCAGTCTCTAGTGTG-1_6_1"
"307","CTCATGCGTTGTAGCT-1_6_1"
"308","CTCATTAGTCTTGAAC-1_6_1"
"309","CTCATTATCGCTTGCT-1_6_1"
"310","CTCCCAAAGACGGTTG-1_6_1"
"311","CTCCCAAAGTCCCGGT-1_6_1"
"312","CTCCCTCTCACCTGGG-1_6_1"
"313","CTCCGATGTTGTCATG-1_6_1"
"314","CTCCTCCTCCATAAGC-1_6_1"
"315","CTCCTTTTCGGCAGTC-1_6_1"
"316","CTCTCAGGTATTGACC-1_6_1"
"317","CTCTGGTTCTAGACAC-1_6_1"
"318","CTGAATGGTTACCTGA-1_6_1"
"319","CTGAGGCAGCGACTTT-1_6_1"
"320","CTGATCCCAGTCACGC-1_6_1"
"321","CTGCATCAGCCATATC-1_6_1"
"322","CTGCATCAGCTGAGTG-1_6_1"
"323","CTGCATCCATTAGGCT-1_6_1"
"324","CTGCATCTCGACCAAT-1_6_1"
"325","CTGCCTACAGGGACTA-1_6_1"
"326","CTGCTCAAGCGTCAGA-1_6_1"
"327","CTGCTCACACCAGCTG-1_6_1"
"328","CTGCTCACAGCGAGTA-1_6_1"
"329","CTGTACCTCTTTCCAA-1_6_1"
"330","CTGTAGAGTACAACGG-1_6_1"
"331","CTGTCGTCAGCCGGTT-1_6_1"
"332","CTGTGAAAGCATCAGG-1_6_1"
"333","CTTAGGACACGTGAGA-1_6_1"
"334","CTTCAATCAGGACAGT-1_6_1"
"335","CTTCTAAGTGTTGACT-1_6_1"
"336","CTTCTCTGTGTGGTCC-1_6_1"
"337","CTTCTCTGTTACGTAC-1_6_1"
"338","CTTGAGAAGCTTAGTC-1_6_1"
"339","CTTGAGAGTAAGGCTG-1_6_1"
"340","CTTGAGAGTGCCTTCT-1_6_1"
"341","CTTGATTTCGTGTTCC-1_6_1"
"342","CTTTCAAAGGTATCTC-1_6_1"
"343","GAACGTTGTAGCGCCT-1_6_1"
"344","GAAGAATGTGTACATC-1_6_1"
"345","GAAGCGACAGACGATG-1_6_1"
"346","GAAGGACCATCTCAAG-1_6_1"
"347","GAAGGACTCAAGCCCG-1_6_1"
"348","GAATCACAGAAGTATC-1_6_1"
"349","GACACGCAGCAATAGT-1_6_1"
"350","GACATCAAGGCGTTGA-1_6_1"
"351","GACATCACAAGCGATG-1_6_1"
"352","GACCAATCATCCCACT-1_6_1"
"353","GACCAATTCGTTGCCT-1_6_1"
"354","GACCCAGAGCTGTGCC-1_6_1"
"355","GACCGTGCACGTTCGG-1_6_1"
"356","GACGCTGCATAGAAAC-1_6_1"
"357","GACGCTGGTTGTTTGG-1_6_1"
"358","GACGTTAAGCATTTGC-1_6_1"
"359","GACGTTAGTCATCCCT-1_6_1"
"360","GACTATGAGAACAGGA-1_6_1"
"361","GACTATGAGAGGTGCT-1_6_1"
"362","GACTATGAGATGTAGT-1_6_1"
"363","GACTCTCGTCGTACAT-1_6_1"
"364","GACTGATGTTTAGAGA-1_6_1"
"365","GACTTCCAGAACTCCT-1_6_1"
"366","GACTTCCCACACCGAC-1_6_1"
"367","GACTTCCCATCGAGCC-1_6_1"
"368","GAGAAATGTAGACTGG-1_6_1"
"369","GAGACCCTCTTCGCTG-1_6_1"
"370","GAGAGGTTCCATCTGC-1_6_1"
"371","GAGCCTGTCTAAACGC-1_6_1"
"372","GAGGCAACAAGAAACT-1_6_1"
"373","GAGGCAATCCACCTCA-1_6_1"
"374","GAGGCCTCAACAGCCC-1_6_1"
"375","GAGGCCTCAGCTGTTA-1_6_1"
"376","GAGGCCTTCCTGCCAT-1_6_1"
"377","GAGGGATTCCATGATG-1_6_1"
"378","GAGGGTAAGCACTAGG-1_6_1"
"379","GAGTCATAGATAGCAT-1_6_1"
"380","GAGTCATCATAACGGG-1_6_1"
"381","GAGTCTAAGCACTCGC-1_6_1"
"382","GAGTCTATCCCATAGA-1_6_1"
"383","GAGTGAGTCATAGCAC-1_6_1"
"384","GAGTGTTAGTTAACAG-1_6_1"
"385","GAGTTACAGCCATGCC-1_6_1"
"386","GATAGAACACTAGAGG-1_6_1"
"387","GATCACACAGCTGTCG-1_6_1"
"388","GATCAGTGTACACGTT-1_6_1"
"389","GATCAGTGTGACTGTT-1_6_1"
"390","GATCATGGTTACACTG-1_6_1"
"391","GATGACTAGGCTCTCG-1_6_1"
"392","GATGGAGAGGTGCAGT-1_6_1"
"393","GATGTTGAGTTTCGAC-1_6_1"
"394","GATTCTTAGACGGATC-1_6_1"
"395","GATTGGTAGAGTTGTA-1_6_1"
"396","GATTGGTGTAGGATAT-1_6_1"
"397","GATTTCTGTCGATTTG-1_6_1"
"398","GCAACATGTAGGACCA-1_6_1"
"399","GCAACATTCTTCGACC-1_6_1"
"400","GCAACCGGTACCGCGT-1_6_1"
"401","GCACATAGTAGCACGA-1_6_1"
"402","GCACATATCTCTATAC-1_6_1"
"403","GCACGGTTCAGAATAG-1_6_1"
"404","GCACTAAAGGCACTAG-1_6_1"
"405","GCACTAAGTTCTCAGA-1_6_1"
"406","GCAGCCATCATGCCAA-1_6_1"
"407","GCCAGCATCATAAGGA-1_6_1"
"408","GCCAGGTCACTCTCGT-1_6_1"
"409","GCCAGGTTCGACTCCT-1_6_1"
"410","GCCCAGACAGAACGCA-1_6_1"
"411","GCCCAGAGTCTAGTGT-1_6_1"
"412","GCCGATGAGCAAATCA-1_6_1"
"413","GCCTGTTCAAAGACTA-1_6_1"
"414","GCGATCGCACTTGAAC-1_6_1"
"415","GCGATCGGTGTGTCCG-1_6_1"
"416","GCGTGCACAACTTCTT-1_6_1"
"417","GCGTGCAGTTTCGTGA-1_6_1"
"418","GCGTTTCGTATGCTTG-1_6_1"
"419","GCTACAAAGGGCTGAT-1_6_1"
"420","GCTACAACAATGAGCG-1_6_1"
"421","GCTACAAGTGAACCGA-1_6_1"
"422","GCTGAATGTACTAGCT-1_6_1"
"423","GCTGCAGCATGTCGTA-1_6_1"
"424","GCTGCAGGTAAGACCG-1_6_1"
"425","GCTGCAGTCACATCAG-1_6_1"
"426","GCTTCACGTACTTCCC-1_6_1"
"427","GCTTGGGCAGCTATTG-1_6_1"
"428","GCTTGGGTCCCAAGTA-1_6_1"
"429","GCTTTCGTCGCCGAAC-1_6_1"
"430","GGAAGTGAGAGTCTGG-1_6_1"
"431","GGAAGTGTCGAGTCTA-1_6_1"
"432","GGAATCTGTGTCACAT-1_6_1"
"433","GGAGAACAGAGAGGTA-1_6_1"
"434","GGAGATGCACGACAAG-1_6_1"
"435","GGAGATGCAGTAGTGG-1_6_1"
"436","GGATGTTAGGTTAGTA-1_6_1"
"437","GGCACGTCATCCGATA-1_6_1"
"438","GGCGTCATCTTCCACG-1_6_1"
"439","GGGACAAAGAGTACCG-1_6_1"
"440","GGGACCTAGCCTGACC-1_6_1"
"441","GGGACTCAGCCTTCTC-1_6_1"
"442","GGGAGATAGGCATTTC-1_6_1"
"443","GGGAGTAGTAAGTTAG-1_6_1"
"444","GGGAGTAGTTCAAGGG-1_6_1"
"445","GGGATCCGTGAGCAGT-1_6_1"
"446","GGGATGACACCAGTTA-1_6_1"
"447","GGGATGATCTCCGCAT-1_6_1"
"448","GGGCCATAGTTCATGC-1_6_1"
"449","GGGTCTGAGTTCATGC-1_6_1"
"450","GGGTCTGGTGGGATTG-1_6_1"
"451","GGGTGAATCTGCGTCT-1_6_1"
"452","GGGTTATTCATTCGGA-1_6_1"
"453","GGTAACTCAGGTGAGT-1_6_1"
"454","GGTAACTGTGACAGGT-1_6_1"
"455","GGTAACTGTGCCCGTA-1_6_1"
"456","GGTAATCAGGTGCCAA-1_6_1"
"457","GGTCACGTCGCTCTCA-1_6_1"
"458","GGTGAAGAGGCGAACT-1_6_1"
"459","GGTGTTAAGCCATGCC-1_6_1"
"460","GGTGTTAAGTTGTAGA-1_6_1"
"461","GGTTAACGTTAGGGTG-1_6_1"
"462","GTAACACCATGTGCCG-1_6_1"
"463","GTAACCAGTCATTGCA-1_6_1"
"464","GTAACCATCGCCAGAC-1_6_1"
"465","GTAAGTCAGGTCTGGA-1_6_1"
"466","GTAAGTCGTTCGCGTG-1_6_1"
"467","GTAAGTCTCTTGCAGA-1_6_1"
"468","GTACAACAGAGAGCCT-1_6_1"
"469","GTACAGTAGATGATTG-1_6_1"
"470","GTACAGTTCGAGGCAA-1_6_1"
"471","GTAGAAATCTCCGAGG-1_6_1"
"472","GTAGAGGAGTGGCAGT-1_6_1"
"473","GTAGAGGGTGCCTACG-1_6_1"
"474","GTAGATCAGTCGGGAT-1_6_1"
"475","GTAGGAGAGCAGGGAG-1_6_1"
"476","GTAGGAGCACCAGTAT-1_6_1"
"477","GTAGGAGTCACGATAC-1_6_1"
"478","GTAGGTTAGAATCTAG-1_6_1"
"479","GTATTGGAGCATCAAA-1_6_1"
"480","GTATTGGCACATACGT-1_6_1"
"481","GTATTGGTCCCAACTC-1_6_1"
"482","GTATTTCTCACACCCT-1_6_1"
"483","GTCAAACCAAACTCTG-1_6_1"
"484","GTCAAACCAGCTCTGG-1_6_1"
"485","GTCAAACGTCGTGGTC-1_6_1"
"486","GTCAAACTCGCGAAGA-1_6_1"
"487","GTCACGGGTTTAGACC-1_6_1"
"488","GTCACTCCAATTGAGA-1_6_1"
"489","GTCATCCTCCCTTCCC-1_6_1"
"490","GTCATGACATCTCAAG-1_6_1"
"491","GTCATTTCATTGTGCA-1_6_1"
"492","GTCCCATAGTATAGAC-1_6_1"
"493","GTCGCGAAGGGCCAAT-1_6_1"
"494","GTCTACCAGATAGTCA-1_6_1"
"495","GTCTACCAGCATGCGA-1_6_1"
"496","GTCTACCCACACAGAG-1_6_1"
"497","GTCTAGAGTGGCCACT-1_6_1"
"498","GTGAGCCCAGTTGTCA-1_6_1"
"499","GTGAGCCTCCTACGAA-1_6_1"
"500","GTGAGCCTCTCTCGCA-1_6_1"
"501","GTGAGTTGTAGTTAGA-1_6_1"
"502","GTGATGTAGGTAGCCA-1_6_1"
"503","GTGATGTCATATAGCC-1_6_1"
"504","GTGCACGGTTCCTAAG-1_6_1"
"505","GTGCACGGTTTAGTCG-1_6_1"
"506","GTGCAGCAGCGAACTG-1_6_1"
"507","GTGCAGCTCGTGGCGT-1_6_1"
"508","GTGCGTGGTATGCAAA-1_6_1"
"509","GTGCTTCCAATCTGCA-1_6_1"
"510","GTGCTTCCATCGTCCT-1_6_1"
"511","GTGGCGTTCGTGTTCC-1_6_1"
"512","GTGGTTAGTCCCAAAT-1_6_1"
"513","GTGGTTATCATGCCAA-1_6_1"
"514","GTGTAACAGGCGTTGA-1_6_1"
"515","GTGTCCTTCTGGCTGG-1_6_1"
"516","GTGTGATTCGTCAACA-1_6_1"
"517","GTGTGGCGTCGATGCC-1_6_1"
"518","GTGTTAGAGACCATTC-1_6_1"
"519","GTGTTCCGTACGAGTG-1_6_1"
"520","GTTACAGAGGGACACT-1_6_1"
"521","GTTATGGAGTTGAAGT-1_6_1"
"522","GTTATGGTCACATACG-1_6_1"
"523","GTTCATTGTTTCACTT-1_6_1"
"524","GTTCGCTCACGACGAA-1_6_1"
"525","GTTCTATAGATGGCGT-1_6_1"
"526","GTTCTATGTGACCGAA-1_6_1"
"527","GTTGAACGTACTCAAC-1_6_1"
"528","GTTGCGGGTCCCAAAT-1_6_1"
"529","GTTGTAGCAGCCCACA-1_6_1"
"530","GTTGTAGGTTCCACGG-1_6_1"
"531","GTTGTCCTCCTCTCGA-1_6_1"
"532","GTTTACTTCTAGAACC-1_6_1"
"533","TAACGACCAACGATTC-1_6_1"
"534","TAACTTCAGGAGAATG-1_6_1"
"535","TAAGCCATCTGAGATC-1_6_1"
"536","TAAGCGTCAATTAGGA-1_6_1"
"537","TAAGTCGCAAAGCAAT-1_6_1"
"538","TAATTCCCAATATCCG-1_6_1"
"539","TAATTCCGTGATGTAA-1_6_1"
"540","TAATTCCTCCTCCACA-1_6_1"
"541","TACAACGAGACAGTCG-1_6_1"
"542","TACAACGGTTTGTTGG-1_6_1"
"543","TACAACGTCAAGTCGT-1_6_1"
"544","TACACCCCACCCAAGC-1_6_1"
"545","TACCCACCACACCGCA-1_6_1"
"546","TACCCGTAGACGCCCT-1_6_1"
"547","TACCGAAGTACTGCGC-1_6_1"
"548","TACCGAAGTGCTATTG-1_6_1"
"549","TACCTCGCAGCTGTTA-1_6_1"
"550","TACCTGCGTGTGGTCC-1_6_1"
"551","TACGCTCAGATAACGT-1_6_1"
"552","TACGCTCGTGACGCCT-1_6_1"
"553","TACGGGCCACAGTGTT-1_6_1"
"554","TACGGGCTCCTTTAGT-1_6_1"
"555","TACGGGCTCGGTATGT-1_6_1"
"556","TACGGTATCGTTCCCA-1_6_1"
"557","TACTTGTGTCTAGGCC-1_6_1"
"558","TAGAGTCAGTCACTCA-1_6_1"
"559","TAGCACACACGGTCTG-1_6_1"
"560","TAGGAGGAGTAGGAAG-1_6_1"
"561","TAGGAGGCAGCTACCG-1_6_1"
"562","TAGGTACCACTATCCC-1_6_1"
"563","TAGTGCATCTTAGGAC-1_6_1"
"564","TATCCTATCCGCAACG-1_6_1"
"565","TATCGCCTCAAGCTTG-1_6_1"
"566","TATCGCCTCCTCACCA-1_6_1"
"567","TATCTTGTCTAACACG-1_6_1"
"568","TATTCCAAGGTAGTAT-1_6_1"
"569","TATTGGGCATCCGTGG-1_6_1"
"570","TATTGGGGTGATTGGG-1_6_1"
"571","TATTTCGGTCGAGTGA-1_6_1"
"572","TCAAGCAGTTCCTAGA-1_6_1"
"573","TCAAGTGCACCTCTGT-1_6_1"
"574","TCAATTCAGAGAGTTT-1_6_1"
"575","TCACATTAGGCCTAAG-1_6_1"
"576","TCACATTAGGGTTAAT-1_6_1"
"577","TCACATTCAACACTAC-1_6_1"
"578","TCACGCTGTCGTCGGT-1_6_1"
"579","TCACTATAGAAAGTCT-1_6_1"
"580","TCACTATAGCACTAAA-1_6_1"
"581","TCACTATCAGGCACAA-1_6_1"
"582","TCACTATGTTTGAAAG-1_6_1"
"583","TCAGCAATCAGTCATG-1_6_1"
"584","TCAGGGCTCGCTGCGA-1_6_1"
"585","TCAGTGAAGGCTCCCA-1_6_1"
"586","TCATACTTCGCGCTGA-1_6_1"
"587","TCATATCGTAGTCGGA-1_6_1"
"588","TCATCCGGTACGAGCA-1_6_1"
"589","TCATGCCTCGTCAACA-1_6_1"
"590","TCATGCCTCTCAATCT-1_6_1"
"591","TCATTACAGACTGGGT-1_6_1"
"592","TCATTCAGTCGCAGTC-1_6_1"
"593","TCATTGTCACCGTGAC-1_6_1"
"594","TCATTTGTCCAGTGCG-1_6_1"
"595","TCATTTGTCTTGGGCG-1_6_1"
"596","TCCATCGGTCTTGGTA-1_6_1"
"597","TCCCACAAGGCGACAT-1_6_1"
"598","TCCCACAAGTACTGGG-1_6_1"
"599","TCCCAGTCATCTATCT-1_6_1"
"600","TCCCAGTTCCCTATTA-1_6_1"
"601","TCCGAAATCATTGTGG-1_6_1"
"602","TCCGATCAGTTTCAGC-1_6_1"
"603","TCCGATCTCCGAGAAG-1_6_1"
"604","TCCGTGTCAAATAAGC-1_6_1"
"605","TCCTAATGTTGCGGCT-1_6_1"
"606","TCCTCCCGTTCCGCTT-1_6_1"
"607","TCCTGCACACGTCTCT-1_6_1"
"608","TCCTTCTAGGTTCTTG-1_6_1"
"609","TCCTTTCTCCGGTTCT-1_6_1"
"610","TCGAACAAGAAGTCAT-1_6_1"
"611","TCGAACATCTGCATAG-1_6_1"
"612","TCGAAGTGTACTCCCT-1_6_1"
"613","TCGAAGTGTGTCCCTT-1_6_1"
"614","TCGACGGAGCGTCAGA-1_6_1"
"615","TCGATTTCATTAGGAA-1_6_1"
"616","TCGCACTAGCTTCGTA-1_6_1"
"617","TCGCAGGAGGTAGCCA-1_6_1"
"618","TCGCTCACATCGTGGC-1_6_1"
"619","TCGCTCATCCCTCAAC-1_6_1"
"620","TCGGATATCAGGAAGC-1_6_1"
"621","TCGGGACAGACAACAT-1_6_1"
"622","TCGGGACCATATCTCT-1_6_1"
"623","TCGGGACTCGTGGTAT-1_6_1"
"624","TCGGGCACAGGATCTT-1_6_1"
"625","TCGGGCAGTTTGAAAG-1_6_1"
"626","TCGGGTGCACTTGGCG-1_6_1"
"627","TCGGGTGGTTGCGTAT-1_6_1"
"628","TCGGTCTCATGCCGGT-1_6_1"
"629","TCGTGGGGTAGAATGT-1_6_1"
"630","TCGTGGGTCACGGGAA-1_6_1"
"631","TCTAACTGTAACACGG-1_6_1"
"632","TCTCACGAGACCAAGC-1_6_1"
"633","TCTCCGACAGTCGCTG-1_6_1"
"634","TCTCTGGGTTGTGGCC-1_6_1"
"635","TCTGCCAAGAGAGCAA-1_6_1"
"636","TCTGCCAAGTTTAGGA-1_6_1"
"637","TCTTAGTTCATCCTAT-1_6_1"
"638","TCTTCCTCAGGACTAG-1_6_1"
"639","TCTTGCGCACTGCGAC-1_6_1"
"640","TCTTTGAGTAAGGTCG-1_6_1"
"641","TGAATGCGTCGTCGGT-1_6_1"
"642","TGACAGTGTGTTACTG-1_6_1"
"643","TGACTCCTCAGCAGAG-1_6_1"
"644","TGAGGAGGTCCGTACG-1_6_1"
"645","TGAGGAGTCAACTGGT-1_6_1"
"646","TGAGGTTCAATGCTCA-1_6_1"
"647","TGAGGTTGTGACCGAA-1_6_1"
"648","TGAGTCAAGGCCACTC-1_6_1"
"649","TGAGTCATCCAGTGTA-1_6_1"
"650","TGATCAGGTGTTCCTC-1_6_1"
"651","TGATCAGTCATTCTTG-1_6_1"
"652","TGATCTTGTGGGCTCT-1_6_1"
"653","TGATGCATCTGGCCAG-1_6_1"
"654","TGCACGGTCTCCAATT-1_6_1"
"655","TGCAGATAGAACTGAT-1_6_1"
"656","TGCAGGCCATGTCGTA-1_6_1"
"657","TGCATCCGTTTATGCG-1_6_1"
"658","TGCGATAGTCTTCCGT-1_6_1"
"659","TGCGGGTAGTAACCGG-1_6_1"
"660","TGCTCCAGTAAGCTCT-1_6_1"
"661","TGCTCGTAGGAGATAG-1_6_1"
"662","TGCTCGTCAAGAGGCT-1_6_1"
"663","TGCTCGTTCCACCTCA-1_6_1"
"664","TGCTCGTTCCTGGGTG-1_6_1"
"665","TGCTTCGGTCCTGGGT-1_6_1"
"666","TGGAACTAGGATACGC-1_6_1"
"667","TGGAACTTCAATCCGA-1_6_1"
"668","TGGAGGACACTGGCGT-1_6_1"
"669","TGGATCATCCGAAATC-1_6_1"
"670","TGGGCTGAGATCGACG-1_6_1"
"671","TGGGCTGAGTCGCCCA-1_6_1"
"672","TGGGCTGTCGTTTACT-1_6_1"
"673","TGGTAGTAGCTCCGAC-1_6_1"
"674","TGGTGATCATACCATG-1_6_1"
"675","TGGTTAGGTCCTACAA-1_6_1"
"676","TGGTTAGTCCCGAGGT-1_6_1"
"677","TGGTTAGTCTAGCATG-1_6_1"
"678","TGTAAGCCACTGCACG-1_6_1"
"679","TGTAAGCGTGGTCAAG-1_6_1"
"680","TGTAAGCTCAGCTTCC-1_6_1"
"681","TGTAGACGTATAGGAT-1_6_1"
"682","TGTGTGATCAGGACAG-1_6_1"
"683","TGTTACTTCGCACGAC-1_6_1"
"684","TGTTCATAGCAGCCTC-1_6_1"
"685","TGTTCCGAGTGCCTCG-1_6_1"
"686","TGTTCTAGTCATCTAG-1_6_1"
"687","TGTTTGTAGACGCCAA-1_6_1"
"688","TGTTTGTGTCGGTGTC-1_6_1"
"689","TTAATCCCATGCTGCG-1_6_1"
"690","TTAATCCGTCCGAAGA-1_6_1"
"691","TTACCATTCTGAGATC-1_6_1"
"692","TTACCGCCAGGAATCG-1_6_1"
"693","TTACGCCCACTGGATT-1_6_1"
"694","TTACGCCCATACTGTG-1_6_1"
"695","TTACGTTGTCTAGTGT-1_6_1"
"696","TTAGGCAGTAGACAAT-1_6_1"
"697","TTAGTCTAGTTGTCAC-1_6_1"
"698","TTCACCGTCGCCAGTG-1_6_1"
"699","TTCACGCCAGCGATTT-1_6_1"
"700","TTCATTGCACATCCCT-1_6_1"
"701","TTCCAATCATAATCGC-1_6_1"
"702","TTCCACGGTGTATTGC-1_6_1"
"703","TTCCGTGCAAGCTGTT-1_6_1"
"704","TTCCTAACAAGTTCGT-1_6_1"
"705","TTCCTCTTCCTATGGA-1_6_1"
"706","TTCGGTCGTATTTCCT-1_6_1"
"707","TTCTAACCACCCTGTT-1_6_1"
"708","TTCTAGTCACAGTATC-1_6_1"
"709","TTCTCTCCAATTAGGA-1_6_1"
"710","TTCTGTACAGTCGTTA-1_6_1"
"711","TTCTTCCCACGTGAGA-1_6_1"
"712","TTGAACGAGGTGAGCT-1_6_1"
"713","TTGAACGCAAAGAACT-1_6_1"
"714","TTGAACGCATGTGCTA-1_6_1"
"715","TTGAACGGTCCTGGGT-1_6_1"
"716","TTGACCCGTCCCACGA-1_6_1"
"717","TTGCCTGAGGATACGC-1_6_1"
"718","TTGCTGCAGTTAGTGA-1_6_1"
"719","TTGCTGCGTGGCTAGA-1_6_1"
"720","TTGCTGCGTGTCCACG-1_6_1"
"721","TTGGATGCACTAACCA-1_6_1"
"722","TTGGGCGGTTGCTCCT-1_6_1"
"723","TTGGTTTTCTGGGTCG-1_6_1"
"724","TTGGTTTTCTGTCTCG-1_6_1"
"725","TTGTGGAGTTTGCCGG-1_6_1"
"726","TTGTTGTCAACTTGCA-1_6_1"
"727","TTGTTTGCATGAGGGT-1_6_1"
"728","TTTACCACATTGAAAG-1_6_1"
"729","TTTACGTTCTGCATGA-1_6_1"
"730","TTTATGCTCACTACGA-1_6_1"
"731","TTTCAGTGTCGTTCAA-1_6_1"
"732","TTTCATGGTTCATCGA-1_6_1"
"733","TTTCATGTCAGTGTCA-1_6_1"
"734","TTTCGATCACAGTGAG-1_6_1"
"735","TTTGACTGTCCTACAA-1_6_1"
"736","TTTGATCAGCCACCGT-1_6_1"
"737","TTTGGTTAGCGTCTGC-1_6_1"
"738","TTTGTTGGTAGATTAG-1_6_1"
