"","x"
"1","AAACGCTGTATCAGGG-1_4_2"
"2","AAAGGGCCACAGTCGC-1_4_2"
"3","AAAGGGCGTACCTTCC-1_4_2"
"4","AAAGTGACACTCCCTA-1_4_2"
"5","AAAGTGACAGCGGTCT-1_4_2"
"6","AACAAAGCACGTGAGA-1_4_2"
"7","AACAACCCAGCGTATT-1_4_2"
"8","AACAAGATCCTGTAGA-1_4_2"
"9","AACAAGATCCTTGACC-1_4_2"
"10","AACACACAGGGCTGAT-1_4_2"
"11","AACAGGGAGCGATCGA-1_4_2"
"12","AACAGGGAGGCTGTAG-1_4_2"
"13","AACCAACTCTACCTTA-1_4_2"
"14","AACCCAACAGATCCTA-1_4_2"
"15","AACCTGAAGATTGATG-1_4_2"
"16","AACCTTTCACTCTCGT-1_4_2"
"17","AACCTTTGTCGACTTA-1_4_2"
"18","AACTTCTGTCGTCATA-1_4_2"
"19","AAGAACATCTCCAAGA-1_4_2"
"20","AAGACAACATCAACCA-1_4_2"
"21","AAGACTCTCGGTCATA-1_4_2"
"22","AAGATAGAGCTTGTGT-1_4_2"
"23","AAGCCATAGACCAAAT-1_4_2"
"24","AAGCCATCAAACACGG-1_4_2"
"25","AAGCGAGGTACTCGCG-1_4_2"
"26","AAGCGAGGTCGACGCT-1_4_2"
"27","AAGGAATAGGGCATGT-1_4_2"
"28","AAGTTCGTCCCTCGAT-1_4_2"
"29","AATAGAGGTGGATGAC-1_4_2"
"30","AATCGACGTACTTGTG-1_4_2"
"31","AATGAAGAGTAAGACT-1_4_2"
"32","AATGACCTCCAGTGTA-1_4_2"
"33","AATGCCAAGGGCTTCC-1_4_2"
"34","AATGGAACAATCGCCG-1_4_2"
"35","AATGGAAGTTTGAACC-1_4_2"
"36","AATGGAATCAGCATTG-1_4_2"
"37","ACAAAGAAGGAGAATG-1_4_2"
"38","ACAAAGATCGAAGCAG-1_4_2"
"39","ACAACCAAGCCGATAG-1_4_2"
"40","ACAACCAGTGGACCAA-1_4_2"
"41","ACAACCATCAGAGTGG-1_4_2"
"42","ACACAGTGTATCCTCC-1_4_2"
"43","ACACCAATCCCTTGGT-1_4_2"
"44","ACAGAAACACTGTCGG-1_4_2"
"45","ACAGGGAGTTTGAAAG-1_4_2"
"46","ACATCGACAAGACCTT-1_4_2"
"47","ACATTTCCATAATCGC-1_4_2"
"48","ACCAAACGTTATTCCT-1_4_2"
"49","ACCAAACTCTAGTACG-1_4_2"
"50","ACCAACAGTATCCCAA-1_4_2"
"51","ACCATTTGTAACCAGG-1_4_2"
"52","ACCCAAAGTAGGCAAC-1_4_2"
"53","ACCCAAAGTCGTGTTA-1_4_2"
"54","ACCCTCATCAAACGTC-1_4_2"
"55","ACCCTCATCGGTCAGC-1_4_2"
"56","ACCCTTGGTCTGTGCG-1_4_2"
"57","ACCTGAACACTGGATT-1_4_2"
"58","ACCTGAACAGGATGAC-1_4_2"
"59","ACCTGTCCAAGCGAGT-1_4_2"
"60","ACGATCACATATACCG-1_4_2"
"61","ACGGAAGAGTATGAGT-1_4_2"
"62","ACGGAAGTCTGGGATT-1_4_2"
"63","ACGGTCGAGTATTAGG-1_4_2"
"64","ACGGTCGGTCGACTGC-1_4_2"
"65","ACGGTTAAGAGGATGA-1_4_2"
"66","ACGGTTACAGACCAGA-1_4_2"
"67","ACGGTTACAGACGGAT-1_4_2"
"68","ACGTACACACAGAGAC-1_4_2"
"69","ACGTCCTAGGGATCGT-1_4_2"
"70","ACGTCCTCATGACAAA-1_4_2"
"71","ACTACGAAGCTTCTAG-1_4_2"
"72","ACTATTCTCATCGTAG-1_4_2"
"73","ACTCCCACATCTCAAG-1_4_2"
"74","ACTGCAACAATAGTGA-1_4_2"
"75","ACTGTCCCAGCGAGTA-1_4_2"
"76","ACTTATCTCGAGATAA-1_4_2"
"77","ACTTCCGCAATCGCCG-1_4_2"
"78","ACTTCCGTCCGACAGC-1_4_2"
"79","ACTTCGCCAAAGCGTG-1_4_2"
"80","ACTTCGCCAATGTGGG-1_4_2"
"81","ACTTCGCGTCATCGGC-1_4_2"
"82","ACTTTCAAGGGCTTCC-1_4_2"
"83","ACTTTGTCAAACCACT-1_4_2"
"84","ACTTTGTCAAACGGCA-1_4_2"
"85","AGAAATGGTAAGATAC-1_4_2"
"86","AGAACAACAAGAAATC-1_4_2"
"87","AGACACTAGCAATAGT-1_4_2"
"88","AGACCCGAGGTGAGAA-1_4_2"
"89","AGACTCAAGCCGTCGT-1_4_2"
"90","AGACTCACATACAGAA-1_4_2"
"91","AGAGAGCGTGGCCCAT-1_4_2"
"92","AGAGAGCTCTAAGCCA-1_4_2"
"93","AGAGCAGTCTTCGTGC-1_4_2"
"94","AGATAGAGTTCCCACT-1_4_2"
"95","AGATCCAAGGGCGAAG-1_4_2"
"96","AGATCGTAGTGGATAT-1_4_2"
"97","AGATGCTAGTAATCCC-1_4_2"
"98","AGATGCTCAGACAAGC-1_4_2"
"99","AGCATCAGTACACGTT-1_4_2"
"100","AGCCACGCAATTTCCT-1_4_2"
"101","AGCCACGGTGTCCGGT-1_4_2"
"102","AGCCAGCGTACGACTT-1_4_2"
"103","AGCGATTTCGTTCCCA-1_4_2"
"104","AGCGCTGGTATTCTCT-1_4_2"
"105","AGCGTCGTCGCAATTG-1_4_2"
"106","AGCTCAAGTCAGTCCG-1_4_2"
"107","AGGAAATAGTCGTTAC-1_4_2"
"108","AGGACTTGTAACGCGA-1_4_2"
"109","AGGCATTAGCTGGCCT-1_4_2"
"110","AGGCATTGTTAGAAAC-1_4_2"
"111","AGGCTGCTCTTTGCGC-1_4_2"
"112","AGGGAGTTCGCACGGT-1_4_2"
"113","AGGGCCTTCCTAGCGG-1_4_2"
"114","AGGGCTCAGGACAAGA-1_4_2"
"115","AGGGCTCAGGCTGAAC-1_4_2"
"116","AGGGCTCCATATCGGT-1_4_2"
"117","AGGGCTCGTCGGTGTC-1_4_2"
"118","AGGGTCCAGCCTGGAA-1_4_2"
"119","AGGGTCCAGGAAACGA-1_4_2"
"120","AGGGTGACAGTAACAA-1_4_2"
"121","AGGGTTTAGGTTGCCC-1_4_2"
"122","AGGTAGGGTAGATTGA-1_4_2"
"123","AGGTGTTGTTAGAAGT-1_4_2"
"124","AGGTGTTTCGATCCAA-1_4_2"
"125","AGGTTACGTCGTTATG-1_4_2"
"126","AGTAACCAGGAACTCG-1_4_2"
"127","AGTAACCGTTACCCAA-1_4_2"
"128","AGTACCATCCTCACGT-1_4_2"
"129","AGTAGCTAGCTCCGAC-1_4_2"
"130","AGTAGCTTCGTGTTCC-1_4_2"
"131","AGTAGTCCAACACGTT-1_4_2"
"132","AGTAGTCTCACCGGGT-1_4_2"
"133","AGTCAACAGAGGACTC-1_4_2"
"134","AGTCAACGTTCCATTT-1_4_2"
"135","AGTCATGAGAAGGTAG-1_4_2"
"136","AGTCATGCACAATTCG-1_4_2"
"137","AGTCATGTCCTAAACG-1_4_2"
"138","AGTGATCGTATGCTAC-1_4_2"
"139","AGTGATCTCCTCTTTC-1_4_2"
"140","AGTGCCGGTATCGTGT-1_4_2"
"141","AGTGTTGTCCATACTT-1_4_2"
"142","AGTTAGCCAGGAGGAG-1_4_2"
"143","AGTTAGCCATGGGTTT-1_4_2"
"144","AGTTCGAGTAGTGCGA-1_4_2"
"145","ATACCTTCACTATCCC-1_4_2"
"146","ATAGAGAAGGTTTGAA-1_4_2"
"147","ATAGAGACAAATGAGT-1_4_2"
"148","ATAGGCTAGCCTTCTC-1_4_2"
"149","ATCACAGAGACCAAAT-1_4_2"
"150","ATCACAGTCCGATGCG-1_4_2"
"151","ATCACTTAGGAGTACC-1_4_2"
"152","ATCACTTTCACGGTCG-1_4_2"
"153","ATCAGGTCACCGAATT-1_4_2"
"154","ATCAGGTGTCATTCCC-1_4_2"
"155","ATCCACCCAGATTAAG-1_4_2"
"156","ATCCATTTCTCCGAAA-1_4_2"
"157","ATCCGTCAGCGACTAG-1_4_2"
"158","ATCCGTCAGTCATTGC-1_4_2"
"159","ATCGATGCAGCTAACT-1_4_2"
"160","ATCGGATAGTAGTCCT-1_4_2"
"161","ATCGGCGCAACTCCCT-1_4_2"
"162","ATCGTAGAGCGATCGA-1_4_2"
"163","ATCGTCCTCATTCTTG-1_4_2"
"164","ATCTCTAGTTCAAGTC-1_4_2"
"165","ATCTTCAAGCCAAGGT-1_4_2"
"166","ATCTTCAGTCAGTTTG-1_4_2"
"167","ATGAAAGGTAGCCAGA-1_4_2"
"168","ATGATCGAGATGACAT-1_4_2"
"169","ATGATCGAGGGTAGCT-1_4_2"
"170","ATGCCTCCAAGTATAG-1_4_2"
"171","ATGGAGGTCCATAGAC-1_4_2"
"172","ATGGATCCATGTTTGG-1_4_2"
"173","ATGGATCTCTGCGTCT-1_4_2"
"174","ATGGTTGAGCCTCATA-1_4_2"
"175","ATGTCTTAGTGCGACA-1_4_2"
"176","ATGTCTTTCCGACATA-1_4_2"
"177","ATTACTCGTTCAGTAC-1_4_2"
"178","ATTACTCTCTTCCACG-1_4_2"
"179","ATTATCCTCTCGCTCA-1_4_2"
"180","ATTCACTAGGCTATCT-1_4_2"
"181","ATTCAGGTCTGGCCTT-1_4_2"
"182","ATTCATCCAGGACTAG-1_4_2"
"183","ATTCCATGTCAGTCTA-1_4_2"
"184","ATTCCATGTTGCTCCT-1_4_2"
"185","ATTCTACAGGATTTGA-1_4_2"
"186","ATTCTTGGTGGTCTCG-1_4_2"
"187","ATTTACCGTTCGATTG-1_4_2"
"188","CAAAGAACAGCGTACC-1_4_2"
"189","CAAAGAACATCGCTCT-1_4_2"
"190","CAACCTCCAAGAAATC-1_4_2"
"191","CAACGATAGGGCAATC-1_4_2"
"192","CAACGATAGGGCAGTT-1_4_2"
"193","CAACGATTCGCAACAT-1_4_2"
"194","CAAGACTAGACAGCTG-1_4_2"
"195","CAAGACTAGCCGTAAG-1_4_2"
"196","CAAGGGAAGCATCGAG-1_4_2"
"197","CAATGACAGGACTATA-1_4_2"
"198","CAATGACAGGCACAAC-1_4_2"
"199","CAATGACGTGGCTTGC-1_4_2"
"200","CAATTTCAGACGATAT-1_4_2"
"201","CAATTTCCAGCAGTAG-1_4_2"
"202","CACACAAGTACCTTCC-1_4_2"
"203","CACAGATTCACGTCCT-1_4_2"
"204","CACAGATTCGGTTAGT-1_4_2"
"205","CACCAAATCAGCGCGT-1_4_2"
"206","CACCAAATCCCACAGG-1_4_2"
"207","CACGGGTGTATGCAAA-1_4_2"
"208","CACTGTCTCTACGGTA-1_4_2"
"209","CACTTCGAGAGAGGTA-1_4_2"
"210","CACTTCGAGCTGTGCC-1_4_2"
"211","CAGCACGGTCGAGCAA-1_4_2"
"212","CAGCACGTCACTGGGC-1_4_2"
"213","CAGCAGCAGTTACGTC-1_4_2"
"214","CAGGTATAGAAATGGG-1_4_2"
"215","CAGTTAGCAGTGCGCT-1_4_2"
"216","CAGTTAGGTGAGCGAT-1_4_2"
"217","CATAAGCAGCGAAACC-1_4_2"
"218","CATACAGGTGTAAATG-1_4_2"
"219","CATACTTCAGCGCTTG-1_4_2"
"220","CATAGACGTGAGTGAC-1_4_2"
"221","CATCCACTCCTCTAAT-1_4_2"
"222","CATCCCACATGGCTAT-1_4_2"
"223","CATCCGTCAAAGCTAA-1_4_2"
"224","CATCGGGCAACAGAGC-1_4_2"
"225","CATCGGGCACGGCTAC-1_4_2"
"226","CATGAGTAGTCACAGG-1_4_2"
"227","CATGCAAGTGCCGTTG-1_4_2"
"228","CATGCCTGTAGCTAAA-1_4_2"
"229","CATGCCTTCCCGTGAG-1_4_2"
"230","CATGCGGCACATGGTT-1_4_2"
"231","CATGCTCAGAATTGTG-1_4_2"
"232","CATGCTCTCAACTACG-1_4_2"
"233","CATGGATTCGGAGCAA-1_4_2"
"234","CATGGTACACTAAACC-1_4_2"
"235","CATTCTATCTGAGTCA-1_4_2"
"236","CATTGAGTCTTCGACC-1_4_2"
"237","CATTGCCCAGAACTCT-1_4_2"
"238","CATTGCCTCGCGTCGA-1_4_2"
"239","CATTGCCTCGTAGGAG-1_4_2"
"240","CATTTCATCCACGGAC-1_4_2"
"241","CCAAGCGAGAGTCCGA-1_4_2"
"242","CCAATGACACTTTATC-1_4_2"
"243","CCAATTTAGCGTTGTT-1_4_2"
"244","CCAATTTCAGAACTAA-1_4_2"
"245","CCACACTTCGACGCTG-1_4_2"
"246","CCACGAGCATGTCAGT-1_4_2"
"247","CCCTGATCACGCAGTC-1_4_2"
"248","CCGCAAGCATGAGATA-1_4_2"
"249","CCGCAAGGTTTCCATT-1_4_2"
"250","CCGGACAGTCGATGCC-1_4_2"
"251","CCGGGTAGTAGCGTCC-1_4_2"
"252","CCGGTAGCATGGAAGC-1_4_2"
"253","CCGGTGAGTAGTTCCA-1_4_2"
"254","CCGGTGAGTTCGTAAC-1_4_2"
"255","CCGGTGATCACGTCCT-1_4_2"
"256","CCGGTGATCGAGAAAT-1_4_2"
"257","CCGTTCAGTCGCCTAG-1_4_2"
"258","CCGTTCAGTGAGTCAG-1_4_2"
"259","CCTAAGACAATCGCAT-1_4_2"
"260","CCTACGTAGAATAGTC-1_4_2"
"261","CCTCACAGTGGCTGCT-1_4_2"
"262","CCTCAGTAGGGTTAAT-1_4_2"
"263","CCTCAGTTCGTAGCTA-1_4_2"
"264","CCTCATGCAATGTCAC-1_4_2"
"265","CCTCATGGTAGTGCGA-1_4_2"
"266","CCTCCAATCGGTGTTA-1_4_2"
"267","CCTCTCCGTTTAGAGA-1_4_2"
"268","CCTCTCCTCATCACCC-1_4_2"
"269","CCTGCATCACGTCATA-1_4_2"
"270","CCTGCATCAGCTGTGC-1_4_2"
"271","CCTTCAGTCTGGAGAG-1_4_2"
"272","CCTTGTGCACTTTAGG-1_4_2"
"273","CGAAGTTAGAGGTATT-1_4_2"
"274","CGAATTGAGAGGCTGT-1_4_2"
"275","CGAATTGTCGTAGGAG-1_4_2"
"276","CGAGGAACACTGAGGA-1_4_2"
"277","CGAGTGCAGCAGATAT-1_4_2"
"278","CGATCGGAGGAACGTC-1_4_2"
"279","CGATGCGGTATGCTTG-1_4_2"
"280","CGATGGCGTCCACATA-1_4_2"
"281","CGCATGGCATAGTCAC-1_4_2"
"282","CGCCAGATCCATTGGA-1_4_2"
"283","CGCGTGACAGAGGTTG-1_4_2"
"284","CGCGTGATCCGTGACG-1_4_2"
"285","CGGAACCAGAACCCGA-1_4_2"
"286","CGGAACCGTGCTGTCG-1_4_2"
"287","CGGACACAGTTCCAGT-1_4_2"
"288","CGGACACCATCAGCGC-1_4_2"
"289","CGGACACGTCAGATTC-1_4_2"
"290","CGGACACGTCCCTGAG-1_4_2"
"291","CGGAGAATCTTGGGCG-1_4_2"
"292","CGGGACTCACTCAGAT-1_4_2"
"293","CGGGTCACAGAGTAAT-1_4_2"
"294","CGGGTCATCAGGAACG-1_4_2"
"295","CGGTCAGAGTTTCGAC-1_4_2"
"296","CGTAATGTCTGAATCG-1_4_2"
"297","CGTGATAGTTCAACGT-1_4_2"
"298","CGTGTCTCATCGTTCC-1_4_2"
"299","CGTTCTGTCACATACG-1_4_2"
"300","CTAACCCAGGAATGTT-1_4_2"
"301","CTAACCCGTTCCTAGA-1_4_2"
"302","CTACGGGGTTGCTCAA-1_4_2"
"303","CTACTATGTACGGTTT-1_4_2"
"304","CTAGACACACCCGTAG-1_4_2"
"305","CTAGGTAGTGGACTGA-1_4_2"
"306","CTAGGTAGTTCGGCTG-1_4_2"
"307","CTAGGTATCAGCACCG-1_4_2"
"308","CTATAGGGTCCGGTGT-1_4_2"
"309","CTATCTACATGAAGCG-1_4_2"
"310","CTCAAGAAGGGTAGCT-1_4_2"
"311","CTCAAGACATGCCGCA-1_4_2"
"312","CTCAAGAGTCGAAACG-1_4_2"
"313","CTCAATTCACGGGCTT-1_4_2"
"314","CTCAGGGAGCCGTCGT-1_4_2"
"315","CTCAGGGCACAGCTTA-1_4_2"
"316","CTCAGTCAGAGGTCAC-1_4_2"
"317","CTCAGTCGTTTCTTAC-1_4_2"
"318","CTCATCGAGGTCACCC-1_4_2"
"319","CTCATCGTCGTAGTCA-1_4_2"
"320","CTCATCGTCTACAGGT-1_4_2"
"321","CTCATGCAGACGGATC-1_4_2"
"322","CTCATGCTCTTGGCTC-1_4_2"
"323","CTCCACAAGCAACAAT-1_4_2"
"324","CTCCACAGTACAGTTC-1_4_2"
"325","CTCCATGGTGGGATTG-1_4_2"
"326","CTCCGATCATAGGAGC-1_4_2"
"327","CTCCTCCAGCTAAGTA-1_4_2"
"328","CTCCTCCAGGCAGGTT-1_4_2"
"329","CTCCTCCCATCGAAGG-1_4_2"
"330","CTCCTCCGTTTGGAGG-1_4_2"
"331","CTCCTTTGTTGCCAAT-1_4_2"
"332","CTCTCGATCAAACCTG-1_4_2"
"333","CTCTGGTAGGCGACAT-1_4_2"
"334","CTCTGGTGTACGCTTA-1_4_2"
"335","CTCTGGTTCTGTTGGA-1_4_2"
"336","CTGAATGTCCCGTAAA-1_4_2"
"337","CTGAGGCAGAGTACCG-1_4_2"
"338","CTGATCCAGCTGAAAT-1_4_2"
"339","CTGCATCAGGCTCAAG-1_4_2"
"340","CTGCATCCATGGCTGC-1_4_2"
"341","CTGCATCGTCTGCGCA-1_4_2"
"342","CTGCATCTCAAGCCGC-1_4_2"
"343","CTGCCTACAAGAAATC-1_4_2"
"344","CTGCGAGTCGCTACAA-1_4_2"
"345","CTGGACGTCGTGGTAT-1_4_2"
"346","CTGGACGTCTAGCCAA-1_4_2"
"347","CTGGCAGCACAAAGTA-1_4_2"
"348","CTGGTCTAGTCCGCCA-1_4_2"
"349","CTGGTCTCAAATGCTC-1_4_2"
"350","CTGGTCTCAGGTTACT-1_4_2"
"351","CTGTACCCATGGCGCT-1_4_2"
"352","CTGTACCTCTGAATGC-1_4_2"
"353","CTGTAGATCAACGAGG-1_4_2"
"354","CTGTATTGTCTCCTGT-1_4_2"
"355","CTGTGAACAAGACGAC-1_4_2"
"356","CTGTGGGTCATTGTTC-1_4_2"
"357","CTTACCGAGAGAGGTA-1_4_2"
"358","CTTCAATGTGCCCGTA-1_4_2"
"359","CTTCCGAGTCTTAGTG-1_4_2"
"360","CTTCGGTAGCTGTTCA-1_4_2"
"361","CTTCGGTGTAGTACGG-1_4_2"
"362","CTTCGGTGTCCGTACG-1_4_2"
"363","CTTCGGTGTGGGAGAG-1_4_2"
"364","CTTCTAAGTAACATCC-1_4_2"
"365","CTTCTAATCCGATAAC-1_4_2"
"366","CTTCTAATCGCGGTAC-1_4_2"
"367","CTTCTCTTCTTCTTCC-1_4_2"
"368","CTTGATTTCACTGAAC-1_4_2"
"369","CTTTCGGCACATTCTT-1_4_2"
"370","CTTTCGGGTAAGTTAG-1_4_2"
"371","GAAACCTAGCATAGGC-1_4_2"
"372","GAAACCTCAACTGCCG-1_4_2"
"373","GAAACCTTCACGACTA-1_4_2"
"374","GAAATGAGTGGCACTC-1_4_2"
"375","GAAATGAGTTGTAAAG-1_4_2"
"376","GAAATGAGTTGTGGAG-1_4_2"
"377","GAAATGATCAATCTCT-1_4_2"
"378","GAACTGTTCCACTGGG-1_4_2"
"379","GAAGAATTCTCCGAGG-1_4_2"
"380","GAAGCGACAAGGACAC-1_4_2"
"381","GAAGCGAGTTCCGTTC-1_4_2"
"382","GAAGGGTCAGGAATAT-1_4_2"
"383","GAAGTAAGTCTGTAGT-1_4_2"
"384","GAAGTAATCCGTCCTA-1_4_2"
"385","GAATAGAGTCACATTG-1_4_2"
"386","GACACGCAGCCGTTGC-1_4_2"
"387","GACACGCAGTTCCGTA-1_4_2"
"388","GACCCTTTCAAGGACG-1_4_2"
"389","GACCGTGAGCAGTCTT-1_4_2"
"390","GACGTTACATCACGGC-1_4_2"
"391","GACGTTATCAACTGAC-1_4_2"
"392","GACTATGGTCAATCTG-1_4_2"
"393","GACTATGGTGAGCAGT-1_4_2"
"394","GACTATGGTGTGACCC-1_4_2"
"395","GACTTCCCACTTCCTG-1_4_2"
"396","GACTTCCTCGAATGCT-1_4_2"
"397","GAGACTTAGGGTAATT-1_4_2"
"398","GAGCCTGAGAGAAGGT-1_4_2"
"399","GAGCCTGCAGCGAGTA-1_4_2"
"400","GAGGCAAAGTGGTGGT-1_4_2"
"401","GAGGGTACACAAATCC-1_4_2"
"402","GAGGGTAGTGGTAACG-1_4_2"
"403","GAGTCATAGAAAGCGA-1_4_2"
"404","GAGTCATGTCCTGAAT-1_4_2"
"405","GAGTGAGCACAAGGTG-1_4_2"
"406","GAGTGTTAGCTTCGTA-1_4_2"
"407","GAGTGTTGTCACGCTG-1_4_2"
"408","GAGTGTTGTTCGCGTG-1_4_2"
"409","GAGTTACCATGTGACT-1_4_2"
"410","GATCACATCGGAATTC-1_4_2"
"411","GATCAGTTCGCTGACG-1_4_2"
"412","GATCATGAGACCAAAT-1_4_2"
"413","GATCATGGTTCGGTTA-1_4_2"
"414","GATCATGTCCCACAGG-1_4_2"
"415","GATCCCTTCATGCCCT-1_4_2"
"416","GATCCCTTCCAGCCTT-1_4_2"
"417","GATCGTATCCTTCTAA-1_4_2"
"418","GATCGTATCTACTGCC-1_4_2"
"419","GATGACTTCTGCACCT-1_4_2"
"420","GATGATCGTACGGTTT-1_4_2"
"421","GATGGAGGTACATACC-1_4_2"
"422","GATTGGTGTTCAGGTT-1_4_2"
"423","GCAACATGTGGTTCTA-1_4_2"
"424","GCAACATTCGAAGTGG-1_4_2"
"425","GCAACCGGTGTTCAGT-1_4_2"
"426","GCACATAGTGCATACT-1_4_2"
"427","GCACATATCCCATACC-1_4_2"
"428","GCACGGTGTCCGCAGT-1_4_2"
"429","GCACGTGGTCGATTTG-1_4_2"
"430","GCAGTTACAGCTGTGC-1_4_2"
"431","GCATCGGAGGCATCAG-1_4_2"
"432","GCATCGGCAGAGGAAA-1_4_2"
"433","GCATCTCAGAAATTGC-1_4_2"
"434","GCATGATTCGCATAGT-1_4_2"
"435","GCATTAGAGGGATCTG-1_4_2"
"436","GCCAGCAGTATACCCA-1_4_2"
"437","GCCAGCAGTGTCCGTG-1_4_2"
"438","GCCAGCATCCCTTGTG-1_4_2"
"439","GCCAGGTAGTTCTCTT-1_4_2"
"440","GCCAGGTTCGAGATGG-1_4_2"
"441","GCCATGGCATACCGTA-1_4_2"
"442","GCCCAGACACTTGAGT-1_4_2"
"443","GCCCAGACATTAGGAA-1_4_2"
"444","GCCGATGTCTTTACAC-1_4_2"
"445","GCCGTGAAGAGAGCAA-1_4_2"
"446","GCCGTGAGTTTCGACA-1_4_2"
"447","GCCTGTTAGGTTCCGC-1_4_2"
"448","GCGATCGTCGTGCTCT-1_4_2"
"449","GCGGAAAGTTTAGACC-1_4_2"
"450","GCGGATCTCTTTGCAT-1_4_2"
"451","GCGTGCAGTTGGAGAC-1_4_2"
"452","GCGTTTCCACCTTCGT-1_4_2"
"453","GCTGAATGTCATGACT-1_4_2"
"454","GCTGGGTGTTGGCCGT-1_4_2"
"455","GCTTGGGAGGTGGGTT-1_4_2"
"456","GCTTTCGTCTGATGGT-1_4_2"
"457","GGAATCTGTTATGTCG-1_4_2"
"458","GGAATCTTCGCTATTT-1_4_2"
"459","GGAGCAATCTGGGAGA-1_4_2"
"460","GGATCTAGTGACAGCA-1_4_2"
"461","GGATGTTAGTTCACTG-1_4_2"
"462","GGCGTCAAGGTCCAGA-1_4_2"
"463","GGCTGTGAGGTCGTGA-1_4_2"
"464","GGCTTGGAGCGCACAA-1_4_2"
"465","GGCTTTCGTTTAGAGA-1_4_2"
"466","GGGAAGTCACACTTAG-1_4_2"
"467","GGGACTCCAAGCTGTT-1_4_2"
"468","GGGACTCTCCATCCGT-1_4_2"
"469","GGGACTCTCTGGGCGT-1_4_2"
"470","GGGAGATGTCTTGTCC-1_4_2"
"471","GGGAGTAAGTCACTAC-1_4_2"
"472","GGGAGTAGTCAGACGA-1_4_2"
"473","GGGATCCGTCAACCAT-1_4_2"
"474","GGGATCCTCTGAGAAA-1_4_2"
"475","GGGATGAAGACCAAGC-1_4_2"
"476","GGGATGACAACCTATG-1_4_2"
"477","GGGCTACGTTAGGGTG-1_4_2"
"478","GGGCTACGTTTACTGG-1_4_2"
"479","GGGCTACTCTCGACCT-1_4_2"
"480","GGGTAGATCATCCTAT-1_4_2"
"481","GGGTCACGTCCGGTGT-1_4_2"
"482","GGGTCACGTGATAGTA-1_4_2"
"483","GGGTGAACATTGGGAG-1_4_2"
"484","GGGTGAATCTTGCAGA-1_4_2"
"485","GGGTTTATCGACGATT-1_4_2"
"486","GGTAATCTCTCGGTCT-1_4_2"
"487","GGTAGAGCAACACGAG-1_4_2"
"488","GGTCACGAGTGTACAA-1_4_2"
"489","GGTCACGCAGAAGTGC-1_4_2"
"490","GGTCACGCAGTTGCGC-1_4_2"
"491","GGTCTGGAGCTTTCCC-1_4_2"
"492","GGTCTGGCATGGGATG-1_4_2"
"493","GGTGAAGAGAGTCCGA-1_4_2"
"494","GGTGAAGCATCTAGAC-1_4_2"
"495","GGTGATTTCTGCAGCG-1_4_2"
"496","GGTGGCTAGAAGATCT-1_4_2"
"497","GGTGGCTCACATGAAA-1_4_2"
"498","GGTGTCGAGTTGCGAG-1_4_2"
"499","GGTTCTCTCTCTGGTC-1_4_2"
"500","GGTTGTACAGGCATTT-1_4_2"
"501","GGTTGTAGTACCATAC-1_4_2"
"502","GTAACACCAACGCATT-1_4_2"
"503","GTAACCAAGGAAACGA-1_4_2"
"504","GTAACCAGTGAACTAA-1_4_2"
"505","GTAACCATCCTCTTTC-1_4_2"
"506","GTAATGCGTACGATTC-1_4_2"
"507","GTAATGCTCAGAGTTC-1_4_2"
"508","GTACAGTAGGTGGTTG-1_4_2"
"509","GTAGATCAGACAGCTG-1_4_2"
"510","GTAGATCCACATTGTG-1_4_2"
"511","GTAGATCGTCTCTCAC-1_4_2"
"512","GTAGATCTCCAAATGC-1_4_2"
"513","GTAGATCTCGCTGCGA-1_4_2"
"514","GTAGCTAAGCCTATTG-1_4_2"
"515","GTAGCTAAGGCACCAA-1_4_2"
"516","GTAGCTAGTCCACGCA-1_4_2"
"517","GTAGCTATCAGCGCGT-1_4_2"
"518","GTAGTACCATAGTCGT-1_4_2"
"519","GTAGTACGTCGAGATG-1_4_2"
"520","GTAGTACGTTTCCCAC-1_4_2"
"521","GTATTGGGTACACGTT-1_4_2"
"522","GTCAAACGTACATTGC-1_4_2"
"523","GTCAAGTAGCATGTTC-1_4_2"
"524","GTCAAGTTCGACGACC-1_4_2"
"525","GTCACGGCAGCTTTCC-1_4_2"
"526","GTCACTCAGCACACAG-1_4_2"
"527","GTCACTCTCTGAGAGG-1_4_2"
"528","GTCAGCGGTAGACTGG-1_4_2"
"529","GTCATCCTCGATTTCT-1_4_2"
"530","GTCATCCTCGGCCTTT-1_4_2"
"531","GTCCACTAGGCCCAAA-1_4_2"
"532","GTCCCATCAGTATTCG-1_4_2"
"533","GTCCTCAAGAGAGCGG-1_4_2"
"534","GTCCTCAGTCATGGCC-1_4_2"
"535","GTCGAATAGAAATTGC-1_4_2"
"536","GTCGAATGTCTCCTGT-1_4_2"
"537","GTCGCGAGTGCCTGAC-1_4_2"
"538","GTCGTAAGTCAGGAGT-1_4_2"
"539","GTCGTAAGTGCCTTTC-1_4_2"
"540","GTCTCACGTCCGGTCA-1_4_2"
"541","GTCTGTCAGGTGGGTT-1_4_2"
"542","GTCTTTAGTCGTACTA-1_4_2"
"543","GTGAGGAGTGTCTTAG-1_4_2"
"544","GTGAGTTAGGCGTTAG-1_4_2"
"545","GTGCAGCCACCAATTG-1_4_2"
"546","GTGCAGCGTTTCTATC-1_4_2"
"547","GTGCAGCTCATTCGTT-1_4_2"
"548","GTGCAGCTCTGGACCG-1_4_2"
"549","GTGCTGGCAGACACCC-1_4_2"
"550","GTGGCGTCACACCTTC-1_4_2"
"551","GTGGCGTGTAGAATAC-1_4_2"
"552","GTGGGAATCCTAAACG-1_4_2"
"553","GTGTAACCAAATTAGG-1_4_2"
"554","GTGTAACCAGAGAGGG-1_4_2"
"555","GTGTTAGTCTGCCTGT-1_4_2"
"556","GTTACAGAGGCCACCT-1_4_2"
"557","GTTACAGTCCCGTTGT-1_4_2"
"558","GTTACCCCATTCTCCG-1_4_2"
"559","GTTACCCTCAGCTGTA-1_4_2"
"560","GTTACCCTCCTATGGA-1_4_2"
"561","GTTAGACCAAATTGCC-1_4_2"
"562","GTTAGACTCACTGAAC-1_4_2"
"563","GTTAGTGAGTAATCCC-1_4_2"
"564","GTTAGTGAGTAGCTCT-1_4_2"
"565","GTTAGTGCAAACACGG-1_4_2"
"566","GTTATGGAGACGACGT-1_4_2"
"567","GTTCCGTTCGTGTCAA-1_4_2"
"568","GTTCCGTTCTCACTCG-1_4_2"
"569","GTTGAACTCCAGTTCC-1_4_2"
"570","GTTGAACTCCATTTGT-1_4_2"
"571","GTTGCTCAGCCGATCC-1_4_2"
"572","GTTGCTCCAAGGTTGG-1_4_2"
"573","GTTGTGATCGTGGTAT-1_4_2"
"574","GTTTACTCAAATGAGT-1_4_2"
"575","GTTTGGAGTTCCAAAC-1_4_2"
"576","TAACACGCAAACGAGC-1_4_2"
"577","TAACCAGAGCCATTTG-1_4_2"
"578","TAACGACAGCTGAGTG-1_4_2"
"579","TAACGACCATCAGCAT-1_4_2"
"580","TAACTTCCAAATGGTA-1_4_2"
"581","TAACTTCCACGGAAGT-1_4_2"
"582","TAACTTCTCGGTTCAA-1_4_2"
"583","TAAGTCGGTACAATAG-1_4_2"
"584","TAAGTCGGTTGCTCAA-1_4_2"
"585","TAATCTCAGTGGATAT-1_4_2"
"586","TAATCTCCAAGTGACG-1_4_2"
"587","TAATCTCCACTGGCCA-1_4_2"
"588","TAATCTCGTTCTTGCC-1_4_2"
"589","TACAACGTCCGTACGG-1_4_2"
"590","TACAGGTCATGAGGGT-1_4_2"
"591","TACAGGTGTGGCATCC-1_4_2"
"592","TACATTCAGCGAACTG-1_4_2"
"593","TACCCACAGAATCGAT-1_4_2"
"594","TACCCACCAATCGAAA-1_4_2"
"595","TACCCACTCACGGAGA-1_4_2"
"596","TACCCACTCAGCGCAC-1_4_2"
"597","TACCCGTAGACTTCCA-1_4_2"
"598","TACCGAAAGCCGATTT-1_4_2"
"599","TACCGAACAGATACTC-1_4_2"
"600","TACCGAATCTTGGTCC-1_4_2"
"601","TACCTGCAGGATTCCT-1_4_2"
"602","TACCTGCTCGCACTCT-1_4_2"
"603","TACGCTCAGGGAGAAT-1_4_2"
"604","TACGGTATCTCTCTAA-1_4_2"
"605","TACGTCCAGAAACTCA-1_4_2"
"606","TACGTCCCAGCATGCC-1_4_2"
"607","TACTGCCCACGTCTCT-1_4_2"
"608","TACTTACAGCTGGCTC-1_4_2"
"609","TACTTACGTGCTCCGA-1_4_2"
"610","TAGACCAGTCCCTGAG-1_4_2"
"611","TAGCACAGTAACCCTA-1_4_2"
"612","TAGCACAGTCCTTGTC-1_4_2"
"613","TAGGAGGAGCGTTAGG-1_4_2"
"614","TAGGGTTTCAAGCTGT-1_4_2"
"615","TAGGTACGTAATGTGA-1_4_2"
"616","TAGTGCAAGCGTCTCG-1_4_2"
"617","TATACCTGTATAGCTC-1_4_2"
"618","TATCCTAGTGTCCCTT-1_4_2"
"619","TATCGCCGTCGTTCAA-1_4_2"
"620","TATCTGTAGGCCTAAG-1_4_2"
"621","TATCTTGGTGCGCTCA-1_4_2"
"622","TATGTTCAGGGATCTG-1_4_2"
"623","TATGTTCGTTGGCCGT-1_4_2"
"624","TATTCCAGTACCAATC-1_4_2"
"625","TATTGCTAGTAGGATT-1_4_2"
"626","TATTGCTCAGAAGTTA-1_4_2"
"627","TCAATCTGTCCAATCA-1_4_2"
"628","TCAATCTGTCGCTGCA-1_4_2"
"629","TCACAAGAGGTGGGTT-1_4_2"
"630","TCACAAGCACTAGGTT-1_4_2"
"631","TCACAAGTCTTAAGGC-1_4_2"
"632","TCACGCTCAAGCACCC-1_4_2"
"633","TCACGCTTCTCCGCAT-1_4_2"
"634","TCACTATAGAAGTGTT-1_4_2"
"635","TCACTATAGTGTAGAT-1_4_2"
"636","TCACTATCAAAGTGTA-1_4_2"
"637","TCACTATCAACGTTAC-1_4_2"
"638","TCACTCGAGACCAACG-1_4_2"
"639","TCACTCGAGCCTCTTC-1_4_2"
"640","TCAGCCTAGGCTTCCG-1_4_2"
"641","TCAGGTAAGGACGCAT-1_4_2"
"642","TCAGGTAAGTGTTGAA-1_4_2"
"643","TCAGGTACAATACGAA-1_4_2"
"644","TCAGGTATCGGTCTAA-1_4_2"
"645","TCAGTTTAGGGTACAC-1_4_2"
"646","TCAGTTTTCCTGGGAC-1_4_2"
"647","TCATCCGGTCCACAGC-1_4_2"
"648","TCATGAGAGCACTGGA-1_4_2"
"649","TCATGAGAGGCTTAGG-1_4_2"
"650","TCATTACTCTGCATAG-1_4_2"
"651","TCATTGTCAGCGGTTC-1_4_2"
"652","TCATTGTTCTGTTGGA-1_4_2"
"653","TCCACCACAAACCATC-1_4_2"
"654","TCCAGAACACGGTCTG-1_4_2"
"655","TCCAGAAGTTCTCCCA-1_4_2"
"656","TCCATCGAGACTCAAA-1_4_2"
"657","TCCCACAGTTCTCACC-1_4_2"
"658","TCCCAGTAGCCGAATG-1_4_2"
"659","TCCCAGTCAGCTAACT-1_4_2"
"660","TCCCATGGTAGGAAAG-1_4_2"
"661","TCCCATGGTCGCTTAA-1_4_2"
"662","TCCCATGTCAACCCGG-1_4_2"
"663","TCCGAAAAGCGATGAC-1_4_2"
"664","TCCGATCGTCGTAATC-1_4_2"
"665","TCCGGGATCTCAACGA-1_4_2"
"666","TCCTCCCGTAAGTTAG-1_4_2"
"667","TCCTCGAAGGTGCCAA-1_4_2"
"668","TCCTCGACAATACCCA-1_4_2"
"669","TCGAACAAGGTTCATC-1_4_2"
"670","TCGAACACATTCTGTT-1_4_2"
"671","TCGAACATCATTTGCT-1_4_2"
"672","TCGACCTCAAGCTGTT-1_4_2"
"673","TCGACGGAGTATGCAA-1_4_2"
"674","TCGACGGTCCATCTGC-1_4_2"
"675","TCGCACTGTCCGTACG-1_4_2"
"676","TCGCAGGGTTGGTAGG-1_4_2"
"677","TCGCTCACAAACACGG-1_4_2"
"678","TCGCTCACAGGCCTGT-1_4_2"
"679","TCGGGCAAGGCTAGCA-1_4_2"
"680","TCGGGCATCGCCAATA-1_4_2"
"681","TCGGGTGCAGGTGTTT-1_4_2"
"682","TCGGGTGGTACTGGGA-1_4_2"
"683","TCGGTCTAGAGGTATT-1_4_2"
"684","TCGGTCTTCGACGCTG-1_4_2"
"685","TCGTCCACAAATGCTC-1_4_2"
"686","TCGTGGGAGTTTGAGA-1_4_2"
"687","TCTACATAGTGCGCTC-1_4_2"
"688","TCTATACCAGACCCGT-1_4_2"
"689","TCTATCAAGCAATTAG-1_4_2"
"690","TCTATCACAAATCAAG-1_4_2"
"691","TCTATCAGTGAGACCA-1_4_2"
"692","TCTCAGCAGACTCCGC-1_4_2"
"693","TCTCAGCGTCCCGCAA-1_4_2"
"694","TCTCCGAAGACGAAGA-1_4_2"
"695","TCTCCGACATACCAGT-1_4_2"
"696","TCTCCGACATTAAAGG-1_4_2"
"697","TCTTAGTCAAGTCCAT-1_4_2"
"698","TCTTAGTGTGTATCCA-1_4_2"
"699","TCTTCCTTCCATCACC-1_4_2"
"700","TCTTGCGAGTGGTCAG-1_4_2"
"701","TCTTTGACAAGTCCAT-1_4_2"
"702","TGAACGTTCTCCGTGT-1_4_2"
"703","TGAATGCCAAAGGCGT-1_4_2"
"704","TGACAGTAGCGCCTCA-1_4_2"
"705","TGACAGTGTACCTAAC-1_4_2"
"706","TGACAGTTCCTCTGCA-1_4_2"
"707","TGACGCGCACTTGGCG-1_4_2"
"708","TGAGCATTCGTTCTAT-1_4_2"
"709","TGAGCGCCATGATAGA-1_4_2"
"710","TGAGGAGAGTGTACCT-1_4_2"
"711","TGAGGAGTCAAACTGC-1_4_2"
"712","TGAGGAGTCATCGCCT-1_4_2"
"713","TGAGGTTGTCTGATAC-1_4_2"
"714","TGAGTCACACCGGTCA-1_4_2"
"715","TGAGTCACAGAGTCAG-1_4_2"
"716","TGATGCAAGGCTATCT-1_4_2"
"717","TGATGCAGTCCAACGC-1_4_2"
"718","TGATTCTTCCTCTCTT-1_4_2"
"719","TGCACGGCATAGATGA-1_4_2"
"720","TGCAGGCAGGTTCCAT-1_4_2"
"721","TGCATCCGTCTGTGAT-1_4_2"
"722","TGCATCCGTTGTTGAC-1_4_2"
"723","TGCATCCTCTCGACCT-1_4_2"
"724","TGCGACGCAGGCAATG-1_4_2"
"725","TGCGGCACAGATTAAG-1_4_2"
"726","TGCGGCATCATCTATC-1_4_2"
"727","TGCGGCATCCGAGTGC-1_4_2"
"728","TGCGGGTGTTACCCAA-1_4_2"
"729","TGCTCCACAACTTGCA-1_4_2"
"730","TGCTCGTCATGATGCT-1_4_2"
"731","TGCTTCGGTTGCATGT-1_4_2"
"732","TGCTTCGTCTACACTT-1_4_2"
"733","TGGAACTCACTTCATT-1_4_2"
"734","TGGATCAGTGGTATGG-1_4_2"
"735","TGGATCATCGACACTA-1_4_2"
"736","TGGATGTAGTAAGCAT-1_4_2"
"737","TGGATGTGTCTAACTG-1_4_2"
"738","TGGCGTGGTACTTGTG-1_4_2"
"739","TGGCGTGGTCGAAGCA-1_4_2"
"740","TGGCGTGTCCGCACTT-1_4_2"
"741","TGGGAAGGTAAGGCCA-1_4_2"
"742","TGGGAAGTCTGCGTCT-1_4_2"
"743","TGGGAGACAGCGTGCT-1_4_2"
"744","TGGGAGAGTGTGTGGA-1_4_2"
"745","TGGGATTAGAATCGTA-1_4_2"
"746","TGGGTTAGTGCATGAG-1_4_2"
"747","TGGGTTATCCGTGCGA-1_4_2"
"748","TGGTAGTTCTTCGTGC-1_4_2"
"749","TGGTTAGGTTAGCGGA-1_4_2"
"750","TGTAACGGTTCTCTAT-1_4_2"
"751","TGTAACGTCTTGGTCC-1_4_2"
"752","TGTAGACAGTCTCCTC-1_4_2"
"753","TGTAGACCAGTAGAGC-1_4_2"
"754","TGTGAGTTCATTCACT-1_4_2"
"755","TGTGCGGGTATGTGTC-1_4_2"
"756","TGTGTGAGTCTTCAAG-1_4_2"
"757","TGTTACTAGTTCGCAT-1_4_2"
"758","TGTTCATCATGAAGGC-1_4_2"
"759","TGTTCATTCTCGTCGT-1_4_2"
"760","TGTTCATTCTCTATAC-1_4_2"
"761","TGTTGAGAGTGCCGAA-1_4_2"
"762","TGTTGAGCACTTTATC-1_4_2"
"763","TGTTTGTGTTACTCAG-1_4_2"
"764","TTAATCCGTCTTTATC-1_4_2"
"765","TTAATCCGTGCCGTAC-1_4_2"
"766","TTAATCCGTTCCACAA-1_4_2"
"767","TTAATCCTCTTGCAGA-1_4_2"
"768","TTACAGGAGGGATGTC-1_4_2"
"769","TTACCATAGATCCTAC-1_4_2"
"770","TTACCATCAAGCGCAA-1_4_2"
"771","TTACCGCCAAATCGTC-1_4_2"
"772","TTACCGCGTAGTCCTA-1_4_2"
"773","TTACGCCAGTTCATCG-1_4_2"
"774","TTACGCCTCCCGATCT-1_4_2"
"775","TTACGTTGTAAGTCAA-1_4_2"
"776","TTAGGCATCGCCCAGA-1_4_2"
"777","TTAGGGTGTCTCCCTA-1_4_2"
"778","TTAGGGTGTGATATAG-1_4_2"
"779","TTCAATCTCTCTCCGA-1_4_2"
"780","TTCACCGGTAGCTGTT-1_4_2"
"781","TTCACGCAGTTTCTTC-1_4_2"
"782","TTCAGGACACCGTACG-1_4_2"
"783","TTCCAATTCCACAGGC-1_4_2"
"784","TTCCGTGCACGCAAAG-1_4_2"
"785","TTCCGTGGTCGTCATA-1_4_2"
"786","TTCCTAATCCGTGGGT-1_4_2"
"787","TTCGATTAGCCGAACA-1_4_2"
"788","TTCGATTTCTATTCGT-1_4_2"
"789","TTCTAACGTTTCTTAC-1_4_2"
"790","TTCTAACTCCTACGAA-1_4_2"
"791","TTCTAACTCGGCTCTT-1_4_2"
"792","TTCTTCCAGACGACTG-1_4_2"
"793","TTCTTCCCATAGCACT-1_4_2"
"794","TTCTTCCTCGAGCCAC-1_4_2"
"795","TTCTTGAAGTTTGAGA-1_4_2"
"796","TTGACCCAGCTATCCA-1_4_2"
"797","TTGACCCGTCGCACGT-1_4_2"
"798","TTGAGTGCAATAAGGT-1_4_2"
"799","TTGATGGAGCCTGAGA-1_4_2"
"800","TTGATGGCAACAAGAT-1_4_2"
"801","TTGCTGCAGTAAACAC-1_4_2"
"802","TTGCTGCTCGCGCTGA-1_4_2"
"803","TTGGGATAGACCCTTA-1_4_2"
"804","TTGGGATAGTCTCGTA-1_4_2"
"805","TTGGGCGAGACCTCCG-1_4_2"
"806","TTGGGCGGTGTTCATG-1_4_2"
"807","TTGTGGATCTAAACGC-1_4_2"
"808","TTGTGGATCTCTATGT-1_4_2"
"809","TTGTGTTAGTCACACT-1_4_2"
"810","TTGTTCAAGATCCTAC-1_4_2"
"811","TTGTTCACACGGCGTT-1_4_2"
"812","TTGTTCACACTGAGTT-1_4_2"
"813","TTGTTCACAGCATTGT-1_4_2"
"814","TTGTTGTGTATGGAGC-1_4_2"
"815","TTGTTTGAGCCTCTGG-1_4_2"
"816","TTTACGTGTTGAGAGC-1_4_2"
"817","TTTCAGTAGTAGTCTC-1_4_2"
"818","TTTCAGTGTAACTGCT-1_4_2"
"819","TTTCATGCATCTTAGG-1_4_2"
"820","TTTCATGCATGTTCAG-1_4_2"
"821","TTTCCTCCAAGGCTTT-1_4_2"
"822","TTTCCTCGTGGCTCTG-1_4_2"
"823","TTTGATCCATCATTGG-1_4_2"
"824","TTTGATCTCCTGCTAC-1_4_2"
"825","TTTGGAGCAGAGGACT-1_4_2"
