"","x"
"1","AAACGCTCAGTCCCGA-1_1_2"
"2","AAAGAACGTGTTGCCG-1_1_2"
"3","AAAGAACGTTCTATCT-1_1_2"
"4","AAAGGGCAGCTGTTCA-1_1_2"
"5","AAAGGGCCAGTTGGTT-1_1_2"
"6","AAAGTCCCAACACAGG-1_1_2"
"7","AAAGTGACACCCTTGT-1_1_2"
"8","AAAGTGAGTCAACACT-1_1_2"
"9","AAATGGACACATAGCT-1_1_2"
"10","AAATGGAGTATCGTTG-1_1_2"
"11","AACAACCGTCGCTGCA-1_1_2"
"12","AACAAGAAGATCCAAA-1_1_2"
"13","AACAAGATCTACAGGT-1_1_2"
"14","AACAGGGCACCATAAC-1_1_2"
"15","AACAGGGCAGAAATTG-1_1_2"
"16","AACAGGGTCTCATTAC-1_1_2"
"17","AACCAACGTATGTCTG-1_1_2"
"18","AACCACAAGAGCAAGA-1_1_2"
"19","AACCATGTCCATTTAC-1_1_2"
"20","AACCATGTCTGTCAGA-1_1_2"
"21","AACCTGACATTCATCT-1_1_2"
"22","AACTTCTGTGCACATT-1_1_2"
"23","AAGAACAAGGACAAGA-1_1_2"
"24","AAGAACACAGACACAG-1_1_2"
"25","AAGAACATCGTTGTAG-1_1_2"
"26","AAGACTCAGTCATTGC-1_1_2"
"27","AAGACTCGTGTTGACT-1_1_2"
"28","AAGATAGGTATCGTTG-1_1_2"
"29","AAGCATCAGTGATAAC-1_1_2"
"30","AAGCATCGTTGTGTAC-1_1_2"
"31","AAGCCATAGTGGACTG-1_1_2"
"32","AAGCCATTCTTAATCC-1_1_2"
"33","AAGCGAGAGAGTTGTA-1_1_2"
"34","AAGCGAGAGCGACTAG-1_1_2"
"35","AAGCGAGCAGGCTTGC-1_1_2"
"36","AAGCGTTCAAACTGCT-1_1_2"
"37","AAGCGTTTCGCCTATC-1_1_2"
"38","AAGGAATTCATTGTTC-1_1_2"
"39","AAGTACCAGCCGATAG-1_1_2"
"40","AAGTGAAAGGCCCGTT-1_1_2"
"41","AAGTTCGTCCCAGGCA-1_1_2"
"42","AATAGAGTCAGCACCG-1_1_2"
"43","AATCGACAGTTACGTC-1_1_2"
"44","AATCGTGAGGAGATAG-1_1_2"
"45","AATGAAGAGGTTGCCC-1_1_2"
"46","AATGAAGAGTTAGTGA-1_1_2"
"47","AATGACCTCATTCGGA-1_1_2"
"48","AATGGCTTCATGCTAG-1_1_2"
"49","AATTCCTTCTCGTCGT-1_1_2"
"50","AATTTCCCATGATCTG-1_1_2"
"51","AATTTCCTCAGCACCG-1_1_2"
"52","ACAAAGAGTAGTATAG-1_1_2"
"53","ACAACCATCAGTGTCA-1_1_2"
"54","ACAAGCTTCATGTCTT-1_1_2"
"55","ACACAGTAGCATGCGA-1_1_2"
"56","ACACAGTCAGTGGGTA-1_1_2"
"57","ACACGCGTCCGCCTAT-1_1_2"
"58","ACAGAAAGTTAACAGA-1_1_2"
"59","ACAGCCGGTCCAATCA-1_1_2"
"60","ACATCCCTCAGGAAGC-1_1_2"
"61","ACATCCCTCCATAAGC-1_1_2"
"62","ACATCCCTCTCTCGAC-1_1_2"
"63","ACATGCATCAACTGAC-1_1_2"
"64","ACATTTCTCATCGCAA-1_1_2"
"65","ACCACAACAGCGAACA-1_1_2"
"66","ACCATTTCAAAGGATT-1_1_2"
"67","ACCATTTGTAGCTGCC-1_1_2"
"68","ACCATTTTCTCGACGG-1_1_2"
"69","ACCCAAAAGGACAGTC-1_1_2"
"70","ACCCAAACACCGCTAG-1_1_2"
"71","ACCCTTGCATGGTGGA-1_1_2"
"72","ACCCTTGTCTTCTAAC-1_1_2"
"73","ACCTGAACAATGCTCA-1_1_2"
"74","ACGATCACACATTCGA-1_1_2"
"75","ACGATCACACTCCCTA-1_1_2"
"76","ACGATGTGTCCTCATC-1_1_2"
"77","ACGATGTTCAAGGACG-1_1_2"
"78","ACGCACGAGCATGAAT-1_1_2"
"79","ACGCACGGTGCAACGA-1_1_2"
"80","ACGCACGTCAGGACAG-1_1_2"
"81","ACGGAAGGTCGCATGC-1_1_2"
"82","ACGGGTCCAACCAACT-1_1_2"
"83","ACGGGTCGTGAATATG-1_1_2"
"84","ACGGGTCGTTTACCTT-1_1_2"
"85","ACGGTTACATGGTGGA-1_1_2"
"86","ACGTAACAGTAATCCC-1_1_2"
"87","ACGTAACCAGTAACAA-1_1_2"
"88","ACGTAACGTCACTTCC-1_1_2"
"89","ACGTACACAAAGGGCT-1_1_2"
"90","ACGTAGTGTGCAGTGA-1_1_2"
"91","ACTATCTCAGGTTCGC-1_1_2"
"92","ACTATGGCAGGAACCA-1_1_2"
"93","ACTGCAAAGGTGAGCT-1_1_2"
"94","ACTGCAACATGAAAGT-1_1_2"
"95","ACTGTGAAGACGGTCA-1_1_2"
"96","ACTGTGAAGCCAGACA-1_1_2"
"97","ACTGTGAAGTACAACA-1_1_2"
"98","ACTTAGGCATAGTCAC-1_1_2"
"99","ACTTATCCACAACGTT-1_1_2"
"100","ACTTATCCACTTTATC-1_1_2"
"101","ACTTCGCAGTCATCGT-1_1_2"
"102","ACTTTCAGTAACGGTG-1_1_2"
"103","ACTTTGTCAGTCTTCC-1_1_2"
"104","ACTTTGTTCTCGTCAC-1_1_2"
"105","AGAAATGTCCTGCCAT-1_1_2"
"106","AGAAGCGAGTCATGCT-1_1_2"
"107","AGAAGCGCAATTGCTG-1_1_2"
"108","AGAAGCGTCACGTCCT-1_1_2"
"109","AGAAGTACAAGATGGC-1_1_2"
"110","AGACAAAGTATACAGA-1_1_2"
"111","AGACAGGTCCCGTGTT-1_1_2"
"112","AGACCATTCGACCAAT-1_1_2"
"113","AGACTCAGTACTAAGA-1_1_2"
"114","AGACTCAGTCTGTGCG-1_1_2"
"115","AGAGAATAGCAAATCA-1_1_2"
"116","AGAGCAGTCCATATGG-1_1_2"
"117","AGAGCCCAGCACGATG-1_1_2"
"118","AGAGCCCAGTAACCGG-1_1_2"
"119","AGATAGACACTACTTT-1_1_2"
"120","AGATCCAGTATACGGG-1_1_2"
"121","AGATCGTCAGAGATTA-1_1_2"
"122","AGATCGTTCTAGGCAT-1_1_2"
"123","AGATGCTCATGGGAAC-1_1_2"
"124","AGCATCAAGTGTTGTC-1_1_2"
"125","AGCATCAGTAACATGA-1_1_2"
"126","AGCATCATCGACATAC-1_1_2"
"127","AGCCAATTCTCATAGG-1_1_2"
"128","AGCCACGCAGTTAGAA-1_1_2"
"129","AGCCACGTCGTTGTTT-1_1_2"
"130","AGCGATTCACCTTCGT-1_1_2"
"131","AGCGCCACATGGCCCA-1_1_2"
"132","AGCGCCAGTACCATAC-1_1_2"
"133","AGCGCTGCAACCAGAG-1_1_2"
"134","AGCTCAACAGGGAGAG-1_1_2"
"135","AGCTCAAGTCTACTGA-1_1_2"
"136","AGCTCAATCTGGAGAG-1_1_2"
"137","AGGAAATCAGACCTAT-1_1_2"
"138","AGGAATAAGAAGAACG-1_1_2"
"139","AGGAATACATCGGTTA-1_1_2"
"140","AGGAGGTCACACCAGC-1_1_2"
"141","AGGATAAGTTTACCAG-1_1_2"
"142","AGGATCTCACTCTGCT-1_1_2"
"143","AGGATCTTCATCTGTT-1_1_2"
"144","AGGGAGTCAATCTAGC-1_1_2"
"145","AGGGCCTTCACTGGGC-1_1_2"
"146","AGGGCTCAGAAATTGC-1_1_2"
"147","AGGGCTCGTGGTCCCA-1_1_2"
"148","AGGGCTCTCCATTTGT-1_1_2"
"149","AGGGTCCTCATTTGCT-1_1_2"
"150","AGGGTGAGTCCAGTTA-1_1_2"
"151","AGGGTTTTCTGAGGTT-1_1_2"
"152","AGGTGTTCAATAGGGC-1_1_2"
"153","AGGTTACAGTAGCAAT-1_1_2"
"154","AGGTTGTGTCACGTGC-1_1_2"
"155","AGGTTGTTCACGGACC-1_1_2"
"156","AGGTTGTTCAGCACCG-1_1_2"
"157","AGTACCATCGGACTTA-1_1_2"
"158","AGTAGCTAGGCGACAT-1_1_2"
"159","AGTAGTCGTCTGCCTT-1_1_2"
"160","AGTGATCTCGCCTTGT-1_1_2"
"161","AGTGCCGCAAGTATAG-1_1_2"
"162","AGTTAGCTCGCCTTTG-1_1_2"
"163","ATACCGAGTTTCGTAG-1_1_2"
"164","ATACTTCGTACATACC-1_1_2"
"165","ATACTTCGTCTGTAGT-1_1_2"
"166","ATAGACCAGCCTCTCT-1_1_2"
"167","ATAGACCAGCGTGTCC-1_1_2"
"168","ATAGACCCAGGCACAA-1_1_2"
"169","ATAGAGAGTTGTCATG-1_1_2"
"170","ATAGAGATCAGATGCT-1_1_2"
"171","ATAGGCTAGAATCGAT-1_1_2"
"172","ATCACGAGTCTAGATC-1_1_2"
"173","ATCATTCAGAGTCGAC-1_1_2"
"174","ATCATTCCACATGAAA-1_1_2"
"175","ATCATTCCACTTCTCG-1_1_2"
"176","ATCCATTAGACTCAAA-1_1_2"
"177","ATCCATTAGGTGAGCT-1_1_2"
"178","ATCCATTAGTCGAAAT-1_1_2"
"179","ATCCCTGCAACCGCCA-1_1_2"
"180","ATCCTATAGGCTAAAT-1_1_2"
"181","ATCCTATTCAGTAGGG-1_1_2"
"182","ATCGATGTCCAAGGGA-1_1_2"
"183","ATCGCCTTCTCAATCT-1_1_2"
"184","ATGAAAGTCCATATGG-1_1_2"
"185","ATGCGATTCAGCTTGA-1_1_2"
"186","ATGGATCTCGGACGTC-1_1_2"
"187","ATGGGAGTCAGACCCG-1_1_2"
"188","ATGGTTGTCTGGAGAG-1_1_2"
"189","ATGTCCCAGTTCATCG-1_1_2"
"190","ATGTCCCGTACTGACT-1_1_2"
"191","ATTACCTGTATAGGGC-1_1_2"
"192","ATTATCCGTGATAGTA-1_1_2"
"193","ATTCAGGCAAGCGCAA-1_1_2"
"194","ATTCATCAGCTAGAAT-1_1_2"
"195","ATTCATCCAACTGCCG-1_1_2"
"196","ATTCCATGTTCTATCT-1_1_2"
"197","ATTCCCGAGGAATCGC-1_1_2"
"198","ATTCCCGCACCAGCTG-1_1_2"
"199","ATTCTTGCAAATCAAG-1_1_2"
"200","ATTCTTGCAGGGACTA-1_1_2"
"201","ATTCTTGTCGTCAAAC-1_1_2"
"202","ATTGGGTCAATACCTG-1_1_2"
"203","ATTGGGTTCCGAAGGA-1_1_2"
"204","ATTTCACAGTCAGCCC-1_1_2"
"205","CAACAGTAGCCATCCG-1_1_2"
"206","CAACCAAAGAGGATGA-1_1_2"
"207","CAACCAACAGATCCAT-1_1_2"
"208","CAACCTCTCGGTAACT-1_1_2"
"209","CAACGGCTCCGTCCTA-1_1_2"
"210","CAAGACTGTTAGGACG-1_1_2"
"211","CAAGCTAAGCTTCGTA-1_1_2"
"212","CAAGGGACACCGTCTT-1_1_2"
"213","CAATACGAGGTTCACT-1_1_2"
"214","CAATCGACATATCGGT-1_1_2"
"215","CACAACATCCTCACGT-1_1_2"
"216","CACACAAGTGCTTATG-1_1_2"
"217","CACACAATCCATCGTC-1_1_2"
"218","CACAGATTCGGTTGTA-1_1_2"
"219","CACATGAAGTTGAAAC-1_1_2"
"220","CACATGATCGCCAGTG-1_1_2"
"221","CACATGATCGGCTTGG-1_1_2"
"222","CACGGGTGTGTGTGGA-1_1_2"
"223","CACTAAGGTTAGTTCG-1_1_2"
"224","CACTAAGTCAGACAAA-1_1_2"
"225","CAGATACCAAGCAATA-1_1_2"
"226","CAGATACTCTCATGGA-1_1_2"
"227","CAGATCAGTAAGCGGT-1_1_2"
"228","CAGATTGCAGCGTGAA-1_1_2"
"229","CAGCACGAGACGCCCT-1_1_2"
"230","CAGCAGCCAGGAGGAG-1_1_2"
"231","CAGCCAGCAGTGTACT-1_1_2"
"232","CAGCGTGAGTATGGCG-1_1_2"
"233","CAGCGTGTCCCGTGTT-1_1_2"
"234","CAGGCCAAGCTTCATG-1_1_2"
"235","CAGGCCAGTCAACACT-1_1_2"
"236","CAGGCCAGTGTTCATG-1_1_2"
"237","CAGGGCTAGCGCTGCT-1_1_2"
"238","CAGGTATAGTTGTAGA-1_1_2"
"239","CAGTGCGAGGCTTTCA-1_1_2"
"240","CAGTGCGGTCGATTTG-1_1_2"
"241","CAGTGCGGTGCATCTA-1_1_2"
"242","CATACCCCACAATCTG-1_1_2"
"243","CATACCCTCGGCTGGT-1_1_2"
"244","CATACTTTCGACACCG-1_1_2"
"245","CATAGACCATTCACCC-1_1_2"
"246","CATAGACTCTCCAAGA-1_1_2"
"247","CATCCACTCCATCACC-1_1_2"
"248","CATCGGGAGGAAGTAG-1_1_2"
"249","CATCGGGCAATTTCCT-1_1_2"
"250","CATCGGGCACATTCGA-1_1_2"
"251","CATCGGGGTGTTCCTC-1_1_2"
"252","CATCGTCAGGTCATCT-1_1_2"
"253","CATCGTCCATTAGGCT-1_1_2"
"254","CATGAGTCAGGCACTC-1_1_2"
"255","CATGCAAGTAGTGATA-1_1_2"
"256","CATGCAAGTTGGGACA-1_1_2"
"257","CATGCAATCGAGAAAT-1_1_2"
"258","CATGCCTAGTAGTCCT-1_1_2"
"259","CATGCCTTCGGCATCG-1_1_2"
"260","CATGCGGAGAGTAACT-1_1_2"
"261","CATGCGGTCGCCTTGT-1_1_2"
"262","CATGGATCACATTACG-1_1_2"
"263","CATGGTACAGCTTCCT-1_1_2"
"264","CATGGTATCGGTGCAC-1_1_2"
"265","CATTCATGTTTATGCG-1_1_2"
"266","CATTCTAAGGCCGCTT-1_1_2"
"267","CATTCTAAGGGCATGT-1_1_2"
"268","CATTGAGAGTCAGCGA-1_1_2"
"269","CATTGAGTCCCGTGAG-1_1_2"
"270","CATTGCCAGGGTTTCT-1_1_2"
"271","CATTGTTCAGTAACCT-1_1_2"
"272","CATTGTTTCCCAATAG-1_1_2"
"273","CATTGTTTCGTGTGAT-1_1_2"
"274","CATTGTTTCTACCTTA-1_1_2"
"275","CCACACTAGTATTAGG-1_1_2"
"276","CCACACTGTGAGGAAA-1_1_2"
"277","CCACACTTCACAAGGG-1_1_2"
"278","CCACGAGCAACGATTC-1_1_2"
"279","CCACTTGCAAGCAATA-1_1_2"
"280","CCACTTGCATTGCCTC-1_1_2"
"281","CCACTTGTCGTGGGAA-1_1_2"
"282","CCATAAGTCCAACCGG-1_1_2"
"283","CCATCACGTACCTAAC-1_1_2"
"284","CCATCACGTTGACTGT-1_1_2"
"285","CCCAACTAGCTACTAC-1_1_2"
"286","CCCATTGTCTTACACT-1_1_2"
"287","CCCTCAAGTAATTGGA-1_1_2"
"288","CCCTCTCGTACGATGG-1_1_2"
"289","CCCTCTCGTTTCAGAC-1_1_2"
"290","CCCTGATCACCCTCTA-1_1_2"
"291","CCCTTAGAGCGTGAGT-1_1_2"
"292","CCCTTAGCATCGGTTA-1_1_2"
"293","CCGCAAGAGGTAAGTT-1_1_2"
"294","CCGCAAGGTTAAGCAA-1_1_2"
"295","CCGGACAAGAGGCCAT-1_1_2"
"296","CCGGACACAGCGCGTT-1_1_2"
"297","CCGGACACATTGCTTT-1_1_2"
"298","CCGGGTAGTTGGTGTT-1_1_2"
"299","CCGGTGAAGATAACGT-1_1_2"
"300","CCGTGAGTCGGAGTGA-1_1_2"
"301","CCGTTCAAGTAGCCAG-1_1_2"
"302","CCGTTCACAGCTGTGC-1_1_2"
"303","CCTAACCTCTGTAACG-1_1_2"
"304","CCTACGTAGAGCAGCT-1_1_2"
"305","CCTCAACTCAAGCGTT-1_1_2"
"306","CCTCACAGTCTTGGTA-1_1_2"
"307","CCTCACAGTGGCTGAA-1_1_2"
"308","CCTCCAAGTACCCGCA-1_1_2"
"309","CCTCCTCGTAAGATCA-1_1_2"
"310","CCTCTAGGTAGCTTGT-1_1_2"
"311","CCTCTCCAGGTCCGAA-1_1_2"
"312","CCTCTCCTCTGAGTCA-1_1_2"
"313","CCTGCATCAGCACAGA-1_1_2"
"314","CCTGCATTCGCTTGAA-1_1_2"
"315","CCTGCATTCGGTTAGT-1_1_2"
"316","CCTGTTGTCTGATGGT-1_1_2"
"317","CCTTTGGAGTAAACTG-1_1_2"
"318","CCTTTGGCAAGCCATT-1_1_2"
"319","CCTTTGGCACGAAAGC-1_1_2"
"320","CCTTTGGCATGCCGAC-1_1_2"
"321","CGAAGGAGTTCGGTAT-1_1_2"
"322","CGAATTGTCCCGAAAT-1_1_2"
"323","CGACAGCCAGCAGAAC-1_1_2"
"324","CGACAGCCAGCGGTTC-1_1_2"
"325","CGAGAAGAGGACAGTC-1_1_2"
"326","CGAGGAAAGTCGCGAA-1_1_2"
"327","CGAGGAACATGCTGCG-1_1_2"
"328","CGAGGAATCGTCGATA-1_1_2"
"329","CGAGGCTAGGACTATA-1_1_2"
"330","CGAGTTAAGACCAAGC-1_1_2"
"331","CGAGTTATCGATGCAT-1_1_2"
"332","CGATGCGGTTACCTTT-1_1_2"
"333","CGATGCGTCCACAGCG-1_1_2"
"334","CGATGGCAGCAAGGAA-1_1_2"
"335","CGATGGCCATCGGTTA-1_1_2"
"336","CGATGGCGTACTCCCT-1_1_2"
"337","CGATGGCGTCAAAGTA-1_1_2"
"338","CGCAGGTCAATCCTAG-1_1_2"
"339","CGGAACCAGTCTCTGA-1_1_2"
"340","CGGAACCCACGGCCAT-1_1_2"
"341","CGGAACCTCTGCGAGC-1_1_2"
"342","CGGAATTAGGCACCAA-1_1_2"
"343","CGGACACGTATGAGCG-1_1_2"
"344","CGGACACGTGACCGAA-1_1_2"
"345","CGGGACTTCGGCCCAA-1_1_2"
"346","CGGGTCACAAGAGTAT-1_1_2"
"347","CGGGTCAGTAGCTTAC-1_1_2"
"348","CGGGTCATCCGATAAC-1_1_2"
"349","CGGGTGTAGCTCGTGC-1_1_2"
"350","CGTAAGTCAGTCGGTC-1_1_2"
"351","CGTAAGTCAGTGACCC-1_1_2"
"352","CGTAAGTGTGTTTACG-1_1_2"
"353","CGTCCATCACCAGTTA-1_1_2"
"354","CGTGAATAGTCAGAGC-1_1_2"
"355","CGTGAATCAGCGTGAA-1_1_2"
"356","CGTGCTTAGCAGGTCA-1_1_2"
"357","CGTGCTTAGTTACTCG-1_1_2"
"358","CGTGCTTGTTCAACGT-1_1_2"
"359","CGTGTCTAGTAGGATT-1_1_2"
"360","CGTTAGAAGCTGTCCG-1_1_2"
"361","CTAACCCAGTCTAGCT-1_1_2"
"362","CTACAGAGTATCTCGA-1_1_2"
"363","CTACAGATCCTGGGAC-1_1_2"
"364","CTACCCAGTGCTTCAA-1_1_2"
"365","CTACCTGGTGAGTCAG-1_1_2"
"366","CTATAGGGTATCAAGA-1_1_2"
"367","CTATAGGGTGACGTCC-1_1_2"
"368","CTATCCGCAGCCGGTT-1_1_2"
"369","CTCAACCAGGTGCAGT-1_1_2"
"370","CTCAACCGTTAGAGAT-1_1_2"
"371","CTCAATTGTTAGGCCC-1_1_2"
"372","CTCACTGTCTGATGGT-1_1_2"
"373","CTCAGAAAGCTGAGCA-1_1_2"
"374","CTCAGGGAGTTGCTCA-1_1_2"
"375","CTCAGTCAGCTCCCTT-1_1_2"
"376","CTCATGCGTGAATGAT-1_1_2"
"377","CTCATGCTCTAGTCAG-1_1_2"
"378","CTCATTACAACTACGT-1_1_2"
"379","CTCATTAGTGCTCTTC-1_1_2"
"380","CTCCAACAGACCGTTT-1_1_2"
"381","CTCCAACAGGTTCATC-1_1_2"
"382","CTCCACATCCCTTGTG-1_1_2"
"383","CTCCATGAGCATGCGA-1_1_2"
"384","CTCCATGGTATCCCAA-1_1_2"
"385","CTCCATGTCTGACAGT-1_1_2"
"386","CTCCCTCGTTCGGTCG-1_1_2"
"387","CTCCTTTAGCGTCGAA-1_1_2"
"388","CTCCTTTGTCCGTACG-1_1_2"
"389","CTCCTTTTCAACTGGT-1_1_2"
"390","CTCGAGGTCGTCGACG-1_1_2"
"391","CTCTCAGTCAGCAATC-1_1_2"
"392","CTCTCGACATCTATCT-1_1_2"
"393","CTCTCGAGTACCAGAG-1_1_2"
"394","CTCTCGATCCGTGTAA-1_1_2"
"395","CTCTGGTGTCCCTCAT-1_1_2"
"396","CTGAGGCCAGAAGTGC-1_1_2"
"397","CTGATCCAGGCCACCT-1_1_2"
"398","CTGCATCCATCTTAGG-1_1_2"
"399","CTGCCATTCGTGCTCT-1_1_2"
"400","CTGCCTAAGCAGCAGT-1_1_2"
"401","CTGCGAGGTCCACGCA-1_1_2"
"402","CTGCGAGTCGATTTCT-1_1_2"
"403","CTGCTCAGTCAACCAT-1_1_2"
"404","CTGGCAGAGCGGGTTA-1_1_2"
"405","CTGGCAGCAGTCAACT-1_1_2"
"406","CTGTAGACAAACCACT-1_1_2"
"407","CTGTAGATCATGGATC-1_1_2"
"408","CTGTGAAAGTAGATCA-1_1_2"
"409","CTGTGAAAGTTAGAAC-1_1_2"
"410","CTGTGAACACGTATAC-1_1_2"
"411","CTGTGAATCATGGATC-1_1_2"
"412","CTGTGGGCATCCCACT-1_1_2"
"413","CTTACCGCACCACATA-1_1_2"
"414","CTTAGGAAGCGAGAAA-1_1_2"
"415","CTTAGGACATCTCATT-1_1_2"
"416","CTTCCTTCACCATAAC-1_1_2"
"417","CTTCCTTCATTATGCG-1_1_2"
"418","CTTCCTTGTCCCTAAA-1_1_2"
"419","GAAACCTAGGATTACA-1_1_2"
"420","GAACACTTCCGTCACT-1_1_2"
"421","GAACGTTGTGTACATC-1_1_2"
"422","GAAGCCCGTGGATGAC-1_1_2"
"423","GAAGCCCTCCTCTAGC-1_1_2"
"424","GAAGGGTGTATGAAGT-1_1_2"
"425","GAAGTAAAGGACAGCT-1_1_2"
"426","GACACGCTCGAAGAAT-1_1_2"
"427","GACAGCCGTGCCTGCA-1_1_2"
"428","GACATCACACACACGC-1_1_2"
"429","GACCCAGCAAACCGGA-1_1_2"
"430","GACCCAGTCACTCCGT-1_1_2"
"431","GACCCAGTCATCTCTA-1_1_2"
"432","GACCGTGCAACACAGG-1_1_2"
"433","GACGCTGAGATTAGTG-1_1_2"
"434","GACGCTGTCAGGACGA-1_1_2"
"435","GACTCAATCTCGCCTA-1_1_2"
"436","GACTCTCCACAAATCC-1_1_2"
"437","GACTGATGTATCATGC-1_1_2"
"438","GACTGATGTGAATGTA-1_1_2"
"439","GACTTCCGTCATCGCG-1_1_2"
"440","GACTTCCTCACTGAAC-1_1_2"
"441","GAGAGGTGTAAGATCA-1_1_2"
"442","GAGATGGAGCAGTCTT-1_1_2"
"443","GAGATGGAGCATCTTG-1_1_2"
"444","GAGATGGAGGTTCCGC-1_1_2"
"445","GAGATGGAGTTAGTAG-1_1_2"
"446","GAGATGGTCAGCGCAC-1_1_2"
"447","GAGATGGTCCATAGAC-1_1_2"
"448","GAGATGGTCGAGGCAA-1_1_2"
"449","GAGATGGTCTTTCGAT-1_1_2"
"450","GAGCCTGAGCCTCAGC-1_1_2"
"451","GAGCTGCGTCATGGCC-1_1_2"
"452","GAGCTGCTCCACGTAA-1_1_2"
"453","GAGCTGCTCTCTAGGA-1_1_2"
"454","GAGGCAAAGAATTGCA-1_1_2"
"455","GAGGCAACAGAGCTAG-1_1_2"
"456","GAGGCAAGTCCTACGG-1_1_2"
"457","GAGGCCTAGAAAGCGA-1_1_2"
"458","GAGGCCTCAAGCTACT-1_1_2"
"459","GAGGCCTTCATAGACC-1_1_2"
"460","GAGGGTAAGCGACATG-1_1_2"
"461","GAGGGTATCTCACCCA-1_1_2"
"462","GAGTCATAGGTTGGTG-1_1_2"
"463","GAGTCATAGTACAACA-1_1_2"
"464","GAGTCATCATGGCTGC-1_1_2"
"465","GAGTCTAAGCCGCTTG-1_1_2"
"466","GAGTGTTCAGTTAGGG-1_1_2"
"467","GAGTTACTCAGGCGAA-1_1_2"
"468","GAGTTACTCTTCGTAT-1_1_2"
"469","GAGTTGTAGTAGATCA-1_1_2"
"470","GAGTTGTGTTCGTGCG-1_1_2"
"471","GAGTTTGGTCGCTGCA-1_1_2"
"472","GATAGAACAGATACCT-1_1_2"
"473","GATAGCTGTGCCTACG-1_1_2"
"474","GATAGCTTCAAGGTGG-1_1_2"
"475","GATAGCTTCCGTTGGG-1_1_2"
"476","GATAGCTTCGGCAGTC-1_1_2"
"477","GATAGCTTCGGTTCAA-1_1_2"
"478","GATCACACATCAGTCA-1_1_2"
"479","GATGACTAGAGGTCAC-1_1_2"
"480","GATGACTCACTTACAG-1_1_2"
"481","GATGAGGCAAAGACTA-1_1_2"
"482","GATGCTATCGAACGGA-1_1_2"
"483","GATGCTATCTGTGCTC-1_1_2"
"484","GATGGAGGTAGAGATT-1_1_2"
"485","GATGTTGAGTTCGCAT-1_1_2"
"486","GATTCGAAGTGAGTGC-1_1_2"
"487","GATTGGTTCAAGTAAG-1_1_2"
"488","GATTTCTTCACGGAGA-1_1_2"
"489","GCAACATGTACTGACT-1_1_2"
"490","GCAACCGGTAGGCTGA-1_1_2"
"491","GCACATAAGTGGAATT-1_1_2"
"492","GCACGGTAGGATGCGT-1_1_2"
"493","GCACGGTCATATAGCC-1_1_2"
"494","GCACGTGTCGGCTTGG-1_1_2"
"495","GCAGCCAGTATGAGAT-1_1_2"
"496","GCAGGCTGTATGACAA-1_1_2"
"497","GCAGGCTTCTTGTTAC-1_1_2"
"498","GCAGTTAGTTACGTAC-1_1_2"
"499","GCATCGGGTGCGAGTA-1_1_2"
"500","GCCAACGCAAGCCATT-1_1_2"
"501","GCCAACGCAAGGAGTC-1_1_2"
"502","GCCAACGCATCAGTGT-1_1_2"
"503","GCCAGGTAGCTAATCC-1_1_2"
"504","GCCAGGTCACTTTAGG-1_1_2"
"505","GCCATGGAGTAGGATT-1_1_2"
"506","GCCATGGTCGCATGAT-1_1_2"
"507","GCCCGAACAGCGGTTC-1_1_2"
"508","GCCGATGAGCAATTCC-1_1_2"
"509","GCCTGTTCAAGAGAGA-1_1_2"
"510","GCCTGTTCATCTCGTC-1_1_2"
"511","GCGAGAAGTATGCAAA-1_1_2"
"512","GCGTTTCAGCGATTCT-1_1_2"
"513","GCGTTTCGTCAGTCGC-1_1_2"
"514","GCGTTTCTCGTAGTGT-1_1_2"
"515","GCGTTTCTCTTGATTC-1_1_2"
"516","GCTACAAGTGCGAGTA-1_1_2"
"517","GCTACCTCACAAGCCC-1_1_2"
"518","GCTACCTTCAAAGGTA-1_1_2"
"519","GCTGAATAGAGTTGCG-1_1_2"
"520","GCTGAATGTACCAGAG-1_1_2"
"521","GCTTCACCAGAGGTAC-1_1_2"
"522","GGAAGTGAGATGCTGG-1_1_2"
"523","GGAAGTGCAACCAATC-1_1_2"
"524","GGAAGTGCAGGCTACC-1_1_2"
"525","GGAAGTGCAGTATTCG-1_1_2"
"526","GGAAGTGTCTAGGCAT-1_1_2"
"527","GGAATGGTCGAATCCA-1_1_2"
"528","GGAGAACGTGTAACGG-1_1_2"
"529","GGAGATGCACCCTGAG-1_1_2"
"530","GGATGTTGTCTACTGA-1_1_2"
"531","GGCAGTCAGTCATCGT-1_1_2"
"532","GGCAGTCGTCACCACG-1_1_2"
"533","GGCTTGGGTGGCCTCA-1_1_2"
"534","GGCTTGGTCGTCAAAC-1_1_2"
"535","GGCTTTCTCCCAGCGA-1_1_2"
"536","GGGAAGTGTCTCGACG-1_1_2"
"537","GGGACAACAAGTTCCA-1_1_2"
"538","GGGACAAGTTACGCCG-1_1_2"
"539","GGGACCTTCTGACCCT-1_1_2"
"540","GGGATGAGTGGCTACC-1_1_2"
"541","GGGCGTTGTTGGGTAG-1_1_2"
"542","GGGCTACTCTACAGGT-1_1_2"
"543","GGGTAGACACAGTCCG-1_1_2"
"544","GGGTCTGCACACCAGC-1_1_2"
"545","GGGTGTCGTGCCCGTA-1_1_2"
"546","GGGTGTCGTGGGTTGA-1_1_2"
"547","GGGTTATAGCAATTCC-1_1_2"
"548","GGGTTATCAATAGGGC-1_1_2"
"549","GGGTTATTCCCAGCGA-1_1_2"
"550","GGGTTTATCAGTCCGG-1_1_2"
"551","GGTAATCAGTCTCGTA-1_1_2"
"552","GGTAATCCATTGTAGC-1_1_2"
"553","GGTAGAGCAAGCTGCC-1_1_2"
"554","GGTAGAGCAGCCGGTT-1_1_2"
"555","GGTCACGAGTGCACAG-1_1_2"
"556","GGTCTGGCATGATCTG-1_1_2"
"557","GGTGAAGCAAGCTGCC-1_1_2"
"558","GGTGAAGGTTCCGCAG-1_1_2"
"559","GGTGATTTCAGTCAGT-1_1_2"
"560","GGTGTTAAGCAGCACA-1_1_2"
"561","GGTTAACTCGTGAGAG-1_1_2"
"562","GGTTCTCCAACAGAGC-1_1_2"
"563","GGTTCTCGTGCCTAAT-1_1_2"
"564","GGTTCTCGTTTGGAAA-1_1_2"
"565","GTAACCAGTGGCTCTG-1_1_2"
"566","GTAAGTCAGTTAGTAG-1_1_2"
"567","GTAATCGTCTCGGTAA-1_1_2"
"568","GTAATGCCATCAACCA-1_1_2"
"569","GTAATGCGTTAGCTAC-1_1_2"
"570","GTACAACAGCCGAATG-1_1_2"
"571","GTACAACGTGCCTTCT-1_1_2"
"572","GTAGAGGTCCCTCTAG-1_1_2"
"573","GTAGATCTCTCACGAA-1_1_2"
"574","GTAGATCTCTCTCCGA-1_1_2"
"575","GTAGATCTCTTTGCGC-1_1_2"
"576","GTAGCTAGTTTGTTCT-1_1_2"
"577","GTAGGAGCAACAGCCC-1_1_2"
"578","GTAGGAGCAAGCGATG-1_1_2"
"579","GTATTGGTCCAAGCAT-1_1_2"
"580","GTATTGGTCTACACTT-1_1_2"
"581","GTATTTCGTATGGAAT-1_1_2"
"582","GTATTTCGTCTGATCA-1_1_2"
"583","GTATTTCGTGCAGATG-1_1_2"
"584","GTATTTCTCCTGGTCT-1_1_2"
"585","GTCAAACGTGCGTCGT-1_1_2"
"586","GTCACTCAGGAGTCTG-1_1_2"
"587","GTCAGCGAGCATACTC-1_1_2"
"588","GTCATGAAGAATTGTG-1_1_2"
"589","GTCATGAGTGACACGA-1_1_2"
"590","GTCCCATAGAATTGCA-1_1_2"
"591","GTCCCATTCCCGTGAG-1_1_2"
"592","GTCCTCAGTGCACATT-1_1_2"
"593","GTCGAATCAACCCTAA-1_1_2"
"594","GTCGAATGTCGCAACC-1_1_2"
"595","GTCGCGAAGTCACAGG-1_1_2"
"596","GTCGCGACAAGACGGT-1_1_2"
"597","GTCGCGATCGATACTG-1_1_2"
"598","GTCGTAACACGACGTC-1_1_2"
"599","GTCTACCTCTACTGAG-1_1_2"
"600","GTCTAGAGTAGGTAGC-1_1_2"
"601","GTCTAGATCACCGGGT-1_1_2"
"602","GTCTCACCAATGAACA-1_1_2"
"603","GTCTGTCCACCGGTCA-1_1_2"
"604","GTCTGTCCATCGATCA-1_1_2"
"605","GTCTGTCGTGGATTTC-1_1_2"
"606","GTCTTTAGTATGTCTG-1_1_2"
"607","GTGAGCCAGTAGTCTC-1_1_2"
"608","GTGAGGACATTGTCGA-1_1_2"
"609","GTGAGTTAGGGCAACT-1_1_2"
"610","GTGAGTTTCGTGCATA-1_1_2"
"611","GTGATGTGTATGTCAC-1_1_2"
"612","GTGCACGAGTTGGCTT-1_1_2"
"613","GTGCGTGCAGAATGTA-1_1_2"
"614","GTGCTGGAGAATCTAG-1_1_2"
"615","GTGCTGGAGGATATAC-1_1_2"
"616","GTGCTTCGTAGATTAG-1_1_2"
"617","GTGGAAGCAACACAAA-1_1_2"
"618","GTGGAAGCACATGAAA-1_1_2"
"619","GTGGCGTTCATGGCCG-1_1_2"
"620","GTGGGAAGTTTCTTAC-1_1_2"
"621","GTGGTTAAGGTTCCAT-1_1_2"
"622","GTGTCCTAGCACAAAT-1_1_2"
"623","GTGTCCTGTCTAGTGT-1_1_2"
"624","GTGTGATGTCTAACTG-1_1_2"
"625","GTGTTAGGTGCACAAG-1_1_2"
"626","GTGTTAGTCTACAGGT-1_1_2"
"627","GTGTTCCGTTTACCTT-1_1_2"
"628","GTGTTCCTCATTACCT-1_1_2"
"629","GTTACCCAGGCTAGCA-1_1_2"
"630","GTTACCCTCTGCAGCG-1_1_2"
"631","GTTACGAAGGATACGC-1_1_2"
"632","GTTACGACACTGGATT-1_1_2"
"633","GTTAGTGGTGAGTTTC-1_1_2"
"634","GTTATGGAGCCTCTGG-1_1_2"
"635","GTTATGGCACGCTGCA-1_1_2"
"636","GTTATGGCAGAACCGA-1_1_2"
"637","GTTCCGTAGGATTACA-1_1_2"
"638","GTTCCGTAGTAAGCAT-1_1_2"
"639","GTTCCGTGTGGCCTCA-1_1_2"
"640","GTTCCGTGTTCGGCTG-1_1_2"
"641","GTTCTATCAGGCGATA-1_1_2"
"642","GTTGCTCGTGGATTTC-1_1_2"
"643","GTTGTAGGTATAATGG-1_1_2"
"644","GTTGTCCCAAATAGCA-1_1_2"
"645","GTTTGGAGTATGGAGC-1_1_2"
"646","GTTTGGAGTGTCACAT-1_1_2"
"647","GTTTGGATCTCATTAC-1_1_2"
"648","TAACCAGAGGAACTCG-1_1_2"
"649","TAACCAGCAATCGTCA-1_1_2"
"650","TAACGACCACGGCCAT-1_1_2"
"651","TAACGACGTATTCCGA-1_1_2"
"652","TAACGACTCTCAGTCC-1_1_2"
"653","TAACTTCCACTGTTCC-1_1_2"
"654","TAAGCCAGTCTGCGCA-1_1_2"
"655","TAAGCCATCGTCACCT-1_1_2"
"656","TAAGCGTGTATGAAGT-1_1_2"
"657","TAAGCGTGTGGGCTCT-1_1_2"
"658","TAAGTCGGTAGATCGG-1_1_2"
"659","TACAACGAGTCGGCAA-1_1_2"
"660","TACACCCTCTAGCCTC-1_1_2"
"661","TACACCCTCTCCACTG-1_1_2"
"662","TACAGGTGTGTCTTCC-1_1_2"
"663","TACCCACCACTGGACC-1_1_2"
"664","TACCCGTAGATGATTG-1_1_2"
"665","TACCCGTTCGGTGAAG-1_1_2"
"666","TACCGAAAGCACTAGG-1_1_2"
"667","TACCGAAGTCGGTGAA-1_1_2"
"668","TACCGAATCTAACACG-1_1_2"
"669","TACGCTCAGTCATACC-1_1_2"
"670","TACGGGCAGCGTCGAA-1_1_2"
"671","TACGTCCTCATGCCGG-1_1_2"
"672","TACTGCCAGTGAACAT-1_1_2"
"673","TACTGCCCATGGCCAC-1_1_2"
"674","TACTTCATCGTGCATA-1_1_2"
"675","TACTTGTTCCGAGAAG-1_1_2"
"676","TAGACTGCAGCCGTTG-1_1_2"
"677","TAGACTGCAGCGGTCT-1_1_2"
"678","TAGAGTCAGGCCCACT-1_1_2"
"679","TAGGTACAGCAGGTCA-1_1_2"
"680","TAGGTACCAACGACTT-1_1_2"
"681","TAGGTACGTTGCACGC-1_1_2"
"682","TAGTGCATCTCCTACG-1_1_2"
"683","TATCAGGAGTTCGCAT-1_1_2"
"684","TATCAGGGTCTGATCA-1_1_2"
"685","TATCTGTAGGCCCACT-1_1_2"
"686","TATGTTCAGACTAGAT-1_1_2"
"687","TATGTTCGTTCAATCG-1_1_2"
"688","TATTGGGGTATCTTCT-1_1_2"
"689","TCAAGACAGGGATCAC-1_1_2"
"690","TCACAAGTCCATAGGT-1_1_2"
"691","TCACACCGTTCACGAT-1_1_2"
"692","TCACACCTCTGTCGTC-1_1_2"
"693","TCACATTGTTCGGCCA-1_1_2"
"694","TCACGCTGTTCTTAGG-1_1_2"
"695","TCACTATCAACCGCCA-1_1_2"
"696","TCACTCGAGCTTCGTA-1_1_2"
"697","TCACTCGCAGGTGTGA-1_1_2"
"698","TCACTCGTCACCATAG-1_1_2"
"699","TCAGGGCAGGGTCAAC-1_1_2"
"700","TCAGGTAGTAGACGGT-1_1_2"
"701","TCAGGTAGTGATAGTA-1_1_2"
"702","TCAGGTATCGAAGAAT-1_1_2"
"703","TCATACTTCTTTGCGC-1_1_2"
"704","TCATCATGTTCATCGA-1_1_2"
"705","TCATCCGTCTAAGAAG-1_1_2"
"706","TCATGAGCAATGTGGG-1_1_2"
"707","TCATGAGCAGTAGATA-1_1_2"
"708","TCATGAGGTATTGCCA-1_1_2"
"709","TCATGGAGTATCTCGA-1_1_2"
"710","TCATTACAGGTTTGAA-1_1_2"
"711","TCATTCACAGCAGATG-1_1_2"
"712","TCATTCAGTCTGTAAC-1_1_2"
"713","TCATTTGAGTCGCTAT-1_1_2"
"714","TCCAGAACAAGGTCTT-1_1_2"
"715","TCCATGCAGCTGCCTG-1_1_2"
"716","TCCCAGTCACATAACC-1_1_2"
"717","TCCCAGTGTACCCGAC-1_1_2"
"718","TCCCATGAGCCGTTAT-1_1_2"
"719","TCCCATGAGTCTCGTA-1_1_2"
"720","TCCGAAACACTGGACC-1_1_2"
"721","TCCGAAAGTGGTGATG-1_1_2"
"722","TCCGTGTGTTCCACAA-1_1_2"
"723","TCCTAATTCATCCTAT-1_1_2"
"724","TCCTGCATCAAAGACA-1_1_2"
"725","TCCTTTCCATCGGAGA-1_1_2"
"726","TCGAAGTTCCACACAA-1_1_2"
"727","TCGACCTTCGGCCAAC-1_1_2"
"728","TCGCAGGGTACTCGAT-1_1_2"
"729","TCGCTCAAGAGGCTGT-1_1_2"
"730","TCGCTTGCAAACGGCA-1_1_2"
"731","TCGGGCATCATTACGG-1_1_2"
"732","TCGGGCATCGTTCATT-1_1_2"
"733","TCGTAGAAGTCAAGCG-1_1_2"
"734","TCGTCCAAGCTAAATG-1_1_2"
"735","TCGTCCAAGGACAGCT-1_1_2"
"736","TCGTCCAGTCTCTCAC-1_1_2"
"737","TCGTGGGCATATCTCT-1_1_2"
"738","TCGTGGGGTGAATAAC-1_1_2"
"739","TCTACATGTACCTAAC-1_1_2"
"740","TCTACCGTCTAGACAC-1_1_2"
"741","TCTATACAGATCCGAG-1_1_2"
"742","TCTATCACACAATCTG-1_1_2"
"743","TCTATCAGTTGCATCA-1_1_2"
"744","TCTCCGATCTTTGCTA-1_1_2"
"745","TCTCTGGTCGAACACT-1_1_2"
"746","TCTCTGGTCTTAGCAG-1_1_2"
"747","TCTGCCACACGTTGGC-1_1_2"
"748","TCTGCCAGTTGTAAAG-1_1_2"
"749","TCTGGCTGTCGCCACA-1_1_2"
"750","TCTGTCGAGGCTATCT-1_1_2"
"751","TCTGTCGGTAACTTCG-1_1_2"
"752","TCTGTCGGTACTTCCC-1_1_2"
"753","TCTTCCTAGCTCGTGC-1_1_2"
"754","TCTTCCTAGTGCTCGC-1_1_2"
"755","TCTTCCTCACTGTCGG-1_1_2"
"756","TCTTCCTTCTTGGATG-1_1_2"
"757","TCTTTGACACCTTCGT-1_1_2"
"758","TCTTTGAGTGGAGGTT-1_1_2"
"759","TGAACGTAGACTTCAC-1_1_2"
"760","TGAACGTCACAGGATG-1_1_2"
"761","TGAACGTGTAGAATGT-1_1_2"
"762","TGAACGTTCGGTCATA-1_1_2"
"763","TGACAGTAGGGCAACT-1_1_2"
"764","TGACAGTGTTCGCGTG-1_1_2"
"765","TGACGCGTCCTTATCA-1_1_2"
"766","TGAGACTCAGCTGTGC-1_1_2"
"767","TGAGACTGTACTCGCG-1_1_2"
"768","TGAGCGCTCTTAAGGC-1_1_2"
"769","TGAGGAGCAACAAAGT-1_1_2"
"770","TGAGGAGCACCTCGTT-1_1_2"
"771","TGAGGTTGTGAGCTCC-1_1_2"
"772","TGATCAGCAGGTATGG-1_1_2"
"773","TGATCTTCACCTTCGT-1_1_2"
"774","TGATCTTGTTAAAGTG-1_1_2"
"775","TGATGCAAGTTAGTAG-1_1_2"
"776","TGATGGTGTCCCAAAT-1_1_2"
"777","TGATGGTTCGTGGGTC-1_1_2"
"778","TGATTCTGTATCAGCT-1_1_2"
"779","TGATTTCAGGTGCCAA-1_1_2"
"780","TGCACGGCAATCAAGA-1_1_2"
"781","TGCAGATTCCGGACGT-1_1_2"
"782","TGCAGATTCGCTCCTA-1_1_2"
"783","TGCAGTACAAACCGGA-1_1_2"
"784","TGCGATAAGATGGTCG-1_1_2"
"785","TGCGATAGTTCAAACC-1_1_2"
"786","TGCGATATCACAACCA-1_1_2"
"787","TGCGGCAAGATGCTTC-1_1_2"
"788","TGCGGCAGTCCGAAGA-1_1_2"
"789","TGCGGGTGTAGACACG-1_1_2"
"790","TGCTCCAAGGCCGCTT-1_1_2"
"791","TGCTCCACACAGTATC-1_1_2"
"792","TGCTGAAGTAGAGCTG-1_1_2"
"793","TGCTTCGCAGCTATTG-1_1_2"
"794","TGCTTGCAGTCGGGAT-1_1_2"
"795","TGGAACTGTTAGGCTT-1_1_2"
"796","TGGAGAGCAATCGAAA-1_1_2"
"797","TGGAGGACATCGAAGG-1_1_2"
"798","TGGCGTGGTTCAGGTT-1_1_2"
"799","TGGCGTGTCTGGCTGG-1_1_2"
"800","TGGGAAGCACAAGCTT-1_1_2"
"801","TGGGAGAGTTATTCCT-1_1_2"
"802","TGGGATTCAGTGGGTA-1_1_2"
"803","TGGGATTGTTGGGATG-1_1_2"
"804","TGGGCGTAGAGAGCCT-1_1_2"
"805","TGGGCGTGTCGGCTAC-1_1_2"
"806","TGGGTTAGTCCACTCT-1_1_2"
"807","TGGGTTAGTGGCAACA-1_1_2"
"808","TGGTTAGAGTATGAGT-1_1_2"
"809","TGGTTAGGTAGGTGCA-1_1_2"
"810","TGTCCACTCAGTGTTG-1_1_2"
"811","TGTCCCAGTGGGATTG-1_1_2"
"812","TGTCCTGTCGCTCTCA-1_1_2"
"813","TGTGAGTAGGTCTACT-1_1_2"
"814","TGTGCGGAGATTAGAC-1_1_2"
"815","TGTGCGGAGCCTCTGG-1_1_2"
"816","TGTTCCGGTTCGGCGT-1_1_2"
"817","TGTTGGAGTGGAAGTC-1_1_2"
"818","TGTTTGTTCCGAACGC-1_1_2"
"819","TTAATCCGTCCTCATC-1_1_2"
"820","TTACGTTTCCCATTTA-1_1_2"
"821","TTACTGTCATCCTTCG-1_1_2"
"822","TTAGGCAGTTGCTCGG-1_1_2"
"823","TTATTGCCAGCATGCC-1_1_2"
"824","TTATTGCTCGGCTGTG-1_1_2"
"825","TTCACGCTCCTGGCTT-1_1_2"
"826","TTCATGTAGTGCAAAT-1_1_2"
"827","TTCATTGCAAGTATAG-1_1_2"
"828","TTCATTGTCATAAGGA-1_1_2"
"829","TTCATTGTCGCTACAA-1_1_2"
"830","TTCCAATGTTAGGACG-1_1_2"
"831","TTCCACGTCAGGAAGC-1_1_2"
"832","TTCCGGTTCGTGCTCT-1_1_2"
"833","TTCCGTGGTTAGAAGT-1_1_2"
"834","TTCCTCTAGGGCAACT-1_1_2"
"835","TTCCTTCAGGCGTTGA-1_1_2"
"836","TTCCTTCCAGAGATGC-1_1_2"
"837","TTCCTTCCAGTGCGCT-1_1_2"
"838","TTCCTTCGTAAGGCCA-1_1_2"
"839","TTCGATTGTTGACGGA-1_1_2"
"840","TTCGATTTCGTGCGAC-1_1_2"
"841","TTCGCTGCACTGCGTG-1_1_2"
"842","TTCGGTCCAGAACGCA-1_1_2"
"843","TTCTAACCACCTGCAG-1_1_2"
"844","TTCTCTCAGAGGCCAT-1_1_2"
"845","TTCTGTAAGGCCTAGA-1_1_2"
"846","TTCTGTACAAGAGTGC-1_1_2"
"847","TTCTTCCTCCTACCAC-1_1_2"
"848","TTCTTGACAGTAACAA-1_1_2"
"849","TTCTTGATCCATATGG-1_1_2"
"850","TTGACCCAGTTCCTGA-1_1_2"
"851","TTGAGTGAGCGGGTAT-1_1_2"
"852","TTGCTGCCATGTTACG-1_1_2"
"853","TTGGATGAGACCAACG-1_1_2"
"854","TTGGGATAGGAAGTGA-1_1_2"
"855","TTGGGATAGTCATCGT-1_1_2"
"856","TTGGGCGGTGAGTAGC-1_1_2"
"857","TTGGTTTTCTTTGCGC-1_1_2"
"858","TTGTGTTTCCTCCACA-1_1_2"
"859","TTGTTCAAGTTACGAA-1_1_2"
"860","TTGTTGTGTCGACTGC-1_1_2"
"861","TTGTTGTGTGGCAACA-1_1_2"
"862","TTTATGCAGAGTGTTA-1_1_2"
"863","TTTATGCAGCAACAAT-1_1_2"
"864","TTTCCTCGTATTCTCT-1_1_2"
"865","TTTCGATCAACAACAA-1_1_2"
"866","TTTGACTAGCCATTCA-1_1_2"
"867","TTTGATCAGTCGGCCT-1_1_2"
"868","TTTGATCCAGGTGTTT-1_1_2"
"869","TTTGATCTCAAGGAGC-1_1_2"
"870","TTTGGAGAGGGTCAAC-1_1_2"
"871","TTTGGAGGTAACGATA-1_1_2"
"872","TTTGTTGAGCCGAATG-1_1_2"
"873","TTTGTTGGTCTCCCTA-1_1_2"
"874","TTTGTTGGTTCGAGCC-1_1_2"
"875","TTTGTTGGTTGTACGT-1_1_2"
