"","x"
"1","AAACCCACAAGCACCC-1_2_1"
"2","AAACCCACAATAGTGA-1_2_1"
"3","AAACGAAAGAGCACTG-1_2_1"
"4","AAACGAAGTACGAGCA-1_2_1"
"5","AAACGAATCAAACCTG-1_2_1"
"6","AAACGCTTCCTGCTAC-1_2_1"
"7","AAAGAACTCTATTGTC-1_2_1"
"8","AAAGAACTCTTGGGCG-1_2_1"
"9","AAAGGATGTATGAGCG-1_2_1"
"10","AAAGGATTCTCCATAT-1_2_1"
"11","AAAGGGCAGTAGGCCA-1_2_1"
"12","AAAGTCCGTCTGTGCG-1_2_1"
"13","AAAGTCCTCCAAGAGG-1_2_1"
"14","AAAGTGAAGAGTATAC-1_2_1"
"15","AAAGTGAAGGTAAGAG-1_2_1"
"16","AAATGGAAGGTGCCAA-1_2_1"
"17","AAATGGACACTAGTAC-1_2_1"
"18","AACAAAGGTCCTCCAT-1_2_1"
"19","AACAACCAGAGGGCGA-1_2_1"
"20","AACAACCAGAGTTGCG-1_2_1"
"21","AACAACCCATAACTCG-1_2_1"
"22","AACAAGAGTAAGCGGT-1_2_1"
"23","AACAAGATCGATACAC-1_2_1"
"24","AACACACCATGCCGGT-1_2_1"
"25","AACACACGTCGTCTCT-1_2_1"
"26","AACAGGGAGGGCAACT-1_2_1"
"27","AACCAACCACTTGAAC-1_2_1"
"28","AACCAACCAGACCATT-1_2_1"
"29","AACCACAAGAAAGTCT-1_2_1"
"30","AACCATGAGCTTAAGA-1_2_1"
"31","AACCATGAGTCCGCGT-1_2_1"
"32","AACCATGAGTTTCTTC-1_2_1"
"33","AACCATGCAGCAGTAG-1_2_1"
"34","AACCATGGTATACGGG-1_2_1"
"35","AACCATGTCTTACTGT-1_2_1"
"36","AACCCAAAGTAGGGTC-1_2_1"
"37","AACCTGAAGAGAGCGG-1_2_1"
"38","AACCTGAAGCATTTGC-1_2_1"
"39","AACCTGAAGTGCGACA-1_2_1"
"40","AACCTGACAAGAGGCT-1_2_1"
"41","AACCTTTAGCCAACCC-1_2_1"
"42","AACGAAACAGCGACCT-1_2_1"
"43","AACGGGAAGTGCACAG-1_2_1"
"44","AACGGGATCGGTCGAC-1_2_1"
"45","AACGTCAAGCAAACAT-1_2_1"
"46","AACGTCAGTTAGGACG-1_2_1"
"47","AACTTCTAGACATACA-1_2_1"
"48","AACTTCTTCTCCACTG-1_2_1"
"49","AACTTCTTCTGGTGGC-1_2_1"
"50","AAGAACACAGAACGCA-1_2_1"
"51","AAGAACAGTGAACCGA-1_2_1"
"52","AAGACAAAGAGCATTA-1_2_1"
"53","AAGACTCAGACTTGTC-1_2_1"
"54","AAGACTCCAGTAGTTC-1_2_1"
"55","AAGACTCGTATTGCCA-1_2_1"
"56","AAGACTCTCGCATTAG-1_2_1"
"57","AAGATAGTCATGGAGG-1_2_1"
"58","AAGATAGTCGATGGAG-1_2_1"
"59","AAGCATCGTACATTGC-1_2_1"
"60","AAGCATCGTGCCTTTC-1_2_1"
"61","AAGCATCTCGAACCAT-1_2_1"
"62","AAGCCATCACAGTCAT-1_2_1"
"63","AAGCGAGAGATCCTAC-1_2_1"
"64","AAGCGAGAGCAGTAAT-1_2_1"
"65","AAGCGAGAGGAAACGA-1_2_1"
"66","AAGCGAGAGGCGAAGG-1_2_1"
"67","AAGCGAGGTATGATCC-1_2_1"
"68","AAGCGTTGTTGGGATG-1_2_1"
"69","AAGGTAAGTGGATCGA-1_2_1"
"70","AAGTCGTAGCACTGGA-1_2_1"
"71","AAGTTCGAGGGAGAAT-1_2_1"
"72","AAGTTCGCATATACCG-1_2_1"
"73","AAGTTCGGTGGGTCAA-1_2_1"
"74","AAGTTCGTCCGTGTGG-1_2_1"
"75","AAGTTCGTCTTGTTAC-1_2_1"
"76","AATCGACAGAGAGGGC-1_2_1"
"77","AATCGTGCACGAGGTA-1_2_1"
"78","AATCGTGGTGGTCTCG-1_2_1"
"79","AATGAAGAGCGGTAGT-1_2_1"
"80","AATGAAGGTACTCGAT-1_2_1"
"81","AATGACCCATTCACCC-1_2_1"
"82","AATGCCAAGGATTCCT-1_2_1"
"83","AATGCCAGTCATCACA-1_2_1"
"84","AATGCCATCGATTGGT-1_2_1"
"85","AATGGAATCGTTCTCG-1_2_1"
"86","AATTCCTTCTCAACGA-1_2_1"
"87","AATTTCCTCCTGTAAG-1_2_1"
"88","ACAAAGAAGCACTAGG-1_2_1"
"89","ACAACCATCTCTATGT-1_2_1"
"90","ACAAGCTCAATGAAAC-1_2_1"
"91","ACACAGTAGACGCAGT-1_2_1"
"92","ACACCAAAGATGCTTC-1_2_1"
"93","ACACCAAAGTGAGGCT-1_2_1"
"94","ACACCAAGTGATTCTG-1_2_1"
"95","ACACGCGAGCCGGATA-1_2_1"
"96","ACACGCGTCATTATCC-1_2_1"
"97","ACACGCGTCTAGTTCT-1_2_1"
"98","ACACTGACAAGGTCTT-1_2_1"
"99","ACACTGAGTCGTGCCA-1_2_1"
"100","ACACTGAGTCTACGAT-1_2_1"
"101","ACAGAAAAGAGCCATG-1_2_1"
"102","ACAGGGACACTGCGAC-1_2_1"
"103","ACAGGGATCTGGGCGT-1_2_1"
"104","ACATCCCGTATCAGGG-1_2_1"
"105","ACATCGAAGTGGTTAA-1_2_1"
"106","ACATGCACAATGTCAC-1_2_1"
"107","ACCAACAAGAGATCGC-1_2_1"
"108","ACCACAAGTAGAATAC-1_2_1"
"109","ACCACAAGTTCCAAAC-1_2_1"
"110","ACCACAATCCGTGTAA-1_2_1"
"111","ACCATTTAGTTGCGCC-1_2_1"
"112","ACCCTCACAAGGCGTA-1_2_1"
"113","ACCCTCATCTCTGCCA-1_2_1"
"114","ACCGTTCTCGAGCTGC-1_2_1"
"115","ACCTACCTCGCCCAGA-1_2_1"
"116","ACCTACCTCGCTCTAC-1_2_1"
"117","ACCTGTCGTAGCGAGT-1_2_1"
"118","ACGATCATCGGAGTAG-1_2_1"
"119","ACGATGTTCAGTGTGT-1_2_1"
"120","ACGCACGGTACTCAAC-1_2_1"
"121","ACGCACGTCGGACAAG-1_2_1"
"122","ACGGAAGTCGGACCAC-1_2_1"
"123","ACGGGTCAGGCACGAT-1_2_1"
"124","ACGGGTCGTTCCTACC-1_2_1"
"125","ACGGGTCTCCATCGTC-1_2_1"
"126","ACGGTCGAGCGATGAC-1_2_1"
"127","ACGGTCGCACTCCCTA-1_2_1"
"128","ACGGTCGGTCTTGTCC-1_2_1"
"129","ACGGTCGTCAGACTGT-1_2_1"
"130","ACGGTTAAGTAGTCCT-1_2_1"
"131","ACGTAACCATATGCGT-1_2_1"
"132","ACGTACAGTGAGTAAT-1_2_1"
"133","ACGTAGTTCGTCGCTT-1_2_1"
"134","ACGTCCTAGCAACAAT-1_2_1"
"135","ACGTCCTCAAACGGCA-1_2_1"
"136","ACGTCCTCAAGTAGTA-1_2_1"
"137","ACGTCCTGTTTAAGGA-1_2_1"
"138","ACGTTCCGTCTCAAGT-1_2_1"
"139","ACGTTCCTCGACGCTG-1_2_1"
"140","ACTACGATCGTTCATT-1_2_1"
"141","ACTACGATCTCTCCGA-1_2_1"
"142","ACTATCTAGAGTATAC-1_2_1"
"143","ACTATCTGTATAGGAT-1_2_1"
"144","ACTATCTTCTGCATGA-1_2_1"
"145","ACTATGGTCGTTCAGA-1_2_1"
"146","ACTATTCAGCAAGTGC-1_2_1"
"147","ACTATTCAGCTCCACG-1_2_1"
"148","ACTATTCGTCTCAAGT-1_2_1"
"149","ACTCCCAAGAGTACCG-1_2_1"
"150","ACTCCCAAGCTCGGCT-1_2_1"
"151","ACTCCCAAGGCTGGAT-1_2_1"
"152","ACTCCCAGTCTAATCG-1_2_1"
"153","ACTCTCGGTACGAGTG-1_2_1"
"154","ACTGCAACACACGCCA-1_2_1"
"155","ACTGTGATCGCCTTTG-1_2_1"
"156","ACTTATCGTGTATACC-1_2_1"
"157","ACTTATCTCAGGACGA-1_2_1"
"158","ACTTATCTCGATTGGT-1_2_1"
"159","ACTTCCGGTAGTCTTG-1_2_1"
"160","ACTTCCGTCCTCATAT-1_2_1"
"161","ACTTCGCGTGAAAGTT-1_2_1"
"162","ACTTTGTGTGGACCAA-1_2_1"
"163","ACTTTGTTCTGACCCT-1_2_1"
"164","AGAAGCGAGTAGCTCT-1_2_1"
"165","AGACAAAAGGAGAGTA-1_2_1"
"166","AGACAAACACCCTGTT-1_2_1"
"167","AGACAAAGTTCCTAGA-1_2_1"
"168","AGACACTGTCACAATC-1_2_1"
"169","AGACACTGTCCTGTCT-1_2_1"
"170","AGACACTGTTTGGAGG-1_2_1"
"171","AGACAGGGTCGTGGTC-1_2_1"
"172","AGACAGGTCCATACTT-1_2_1"
"173","AGACCCGAGCAAATCA-1_2_1"
"174","AGACCCGAGTTCCGTA-1_2_1"
"175","AGACCCGGTGTTCAGT-1_2_1"
"176","AGACTCAAGATCGGTG-1_2_1"
"177","AGACTCATCTGAATCG-1_2_1"
"178","AGAGAATCAATGAGCG-1_2_1"
"179","AGAGAATTCGCCTAGG-1_2_1"
"180","AGAGAGCTCTACGCGG-1_2_1"
"181","AGAGCAGTCGGTTGTA-1_2_1"
"182","AGAGCCCCAATTCGTG-1_2_1"
"183","AGATAGAAGAAACTAC-1_2_1"
"184","AGATCCAGTAGCGTTT-1_2_1"
"185","AGATCGTGTTCGGCTG-1_2_1"
"186","AGATCGTTCAACTCTT-1_2_1"
"187","AGATGAAGTCATCGCG-1_2_1"
"188","AGATGAAGTCTTCGAA-1_2_1"
"189","AGATGCTAGACATCAA-1_2_1"
"190","AGATGCTAGGCTCTCG-1_2_1"
"191","AGATGCTGTGAATGTA-1_2_1"
"192","AGATGCTTCGTAGAGG-1_2_1"
"193","AGCATCAGTCGCACAC-1_2_1"
"194","AGCATCATCAACCTTT-1_2_1"
"195","AGCCAATGTGATTCAC-1_2_1"
"196","AGCCAATTCGATTGAC-1_2_1"
"197","AGCCACGCATTGTACG-1_2_1"
"198","AGCCACGTCTGCACCT-1_2_1"
"199","AGCCAGCAGGCCACCT-1_2_1"
"200","AGCCAGCGTTTCGTAG-1_2_1"
"201","AGCGCCACAAGAGTGC-1_2_1"
"202","AGCGCTGAGAGGCGTT-1_2_1"
"203","AGCGTCGCACCCTTAC-1_2_1"
"204","AGCGTCGGTATGAAAC-1_2_1"
"205","AGCTACAGTTAAACAG-1_2_1"
"206","AGCTCAATCCTTTGAT-1_2_1"
"207","AGCTTCCCACATACTG-1_2_1"
"208","AGGAAATCAGCGTTTA-1_2_1"
"209","AGGAAATGTAATGCTC-1_2_1"
"210","AGGAAATGTATCGTAC-1_2_1"
"211","AGGAAATTCCCGATCT-1_2_1"
"212","AGGAATACACGCGCAT-1_2_1"
"213","AGGAATAGTACAGGTG-1_2_1"
"214","AGGAATATCTACACAG-1_2_1"
"215","AGGACGAAGCCTCTTC-1_2_1"
"216","AGGACGAAGGCTGGAT-1_2_1"
"217","AGGACTTAGGTCCTGC-1_2_1"
"218","AGGACTTTCCTCAGAA-1_2_1"
"219","AGGAGGTCATCTTCGC-1_2_1"
"220","AGGAGGTGTGAGGCAT-1_2_1"
"221","AGGATAAGTGTGTTTG-1_2_1"
"222","AGGATCTCACTCCGAG-1_2_1"
"223","AGGATCTCATTGGCAT-1_2_1"
"224","AGGATCTTCCGGTAGC-1_2_1"
"225","AGGCATTTCCGTGTGG-1_2_1"
"226","AGGCATTTCCTACTGC-1_2_1"
"227","AGGCCACGTGGGCTTC-1_2_1"
"228","AGGCTGCCAGACGGAT-1_2_1"
"229","AGGCTGCGTCTAACGT-1_2_1"
"230","AGGGAGTCAGACGGAT-1_2_1"
"231","AGGGAGTGTATAGGAT-1_2_1"
"232","AGGGAGTGTCACTGAT-1_2_1"
"233","AGGGAGTTCCACAAGT-1_2_1"
"234","AGGGCCTAGGTCCCTG-1_2_1"
"235","AGGGCTCAGGTAGTAT-1_2_1"
"236","AGGGCTCGTCGCGGTT-1_2_1"
"237","AGGGCTCTCTGGCCTT-1_2_1"
"238","AGGGTCCAGGTGCAGT-1_2_1"
"239","AGGGTCCGTAGGATAT-1_2_1"
"240","AGGGTGACACGATTCA-1_2_1"
"241","AGGGTTTGTACCACGC-1_2_1"
"242","AGGGTTTTCCCTTGTG-1_2_1"
"243","AGGTAGGAGCGGTATG-1_2_1"
"244","AGGTAGGCAGAAGTTA-1_2_1"
"245","AGGTAGGGTAGTCGGA-1_2_1"
"246","AGGTAGGGTGTGTGGA-1_2_1"
"247","AGGTCATAGACCAGCA-1_2_1"
"248","AGGTCATAGACCCGCT-1_2_1"
"249","AGGTCTAAGAACTTCC-1_2_1"
"250","AGGTCTAGTCTACAAC-1_2_1"
"251","AGGTCTAGTTGGATCT-1_2_1"
"252","AGGTCTATCGAGAGAC-1_2_1"
"253","AGGTGTTAGCGTGTTT-1_2_1"
"254","AGGTGTTTCTGCACCT-1_2_1"
"255","AGGTTACAGGTTCTTG-1_2_1"
"256","AGGTTACCAATGAACA-1_2_1"
"257","AGGTTGTCATCCTAAG-1_2_1"
"258","AGGTTGTGTCACGCTG-1_2_1"
"259","AGTAACCGTTGTAGCT-1_2_1"
"260","AGTACTGGTTGCGGAA-1_2_1"
"261","AGTACTGTCCGTAGTA-1_2_1"
"262","AGTAGTCGTCCACTCT-1_2_1"
"263","AGTCAACGTCGCAACC-1_2_1"
"264","AGTCACAGTACGATGG-1_2_1"
"265","AGTCATGAGATGCAGC-1_2_1"
"266","AGTCATGAGGCTCTAT-1_2_1"
"267","AGTCTCCTCTAGTGTG-1_2_1"
"268","AGTGACTAGGGTGGGA-1_2_1"
"269","AGTGTTGCACAACATC-1_2_1"
"270","AGTGTTGTCTCTATGT-1_2_1"
"271","AGTTAGCCACTGCTTC-1_2_1"
"272","AGTTAGCGTGTTAAAG-1_2_1"
"273","AGTTAGCTCATGGATC-1_2_1"
"274","AGTTCCCCAAAGACTA-1_2_1"
"275","AGTTCCCTCCACGGAC-1_2_1"
"276","AGTTCCCTCGCTCATC-1_2_1"
"277","AGTTCGACAGGCCTGT-1_2_1"
"278","AGTTCGACAGGCTTGC-1_2_1"
"279","AGTTCGAGTGTCCACG-1_2_1"
"280","AGTTCGATCAGCACCG-1_2_1"
"281","AGTTCGATCGCTTGCT-1_2_1"
"282","ATACCGAGTTCTCTCG-1_2_1"
"283","ATACCTTAGCCATGCC-1_2_1"
"284","ATACTTCAGTATTAGG-1_2_1"
"285","ATACTTCCAATGCAAA-1_2_1"
"286","ATAGACCCAACCGCTG-1_2_1"
"287","ATAGACCCAGCACACC-1_2_1"
"288","ATAGACCTCAATCAGC-1_2_1"
"289","ATAGGCTGTGCTGTCG-1_2_1"
"290","ATAGGCTTCTCGTGGG-1_2_1"
"291","ATATCCTAGTTGGACG-1_2_1"
"292","ATATCCTCAGGCCTGT-1_2_1"
"293","ATCACAGCAAGATGGC-1_2_1"
"294","ATCACAGCACTCCACT-1_2_1"
"295","ATCACGAGTCCTACGG-1_2_1"
"296","ATCATTCAGACTACCT-1_2_1"
"297","ATCATTCAGCGACCCT-1_2_1"
"298","ATCATTCAGTATTCCG-1_2_1"
"299","ATCATTCCACCTCAGG-1_2_1"
"300","ATCATTCCAGTAGATA-1_2_1"
"301","ATCATTCGTTCAAACC-1_2_1"
"302","ATCCACCAGTGCTAGG-1_2_1"
"303","ATCCACCCACCAGCCA-1_2_1"
"304","ATCCACCTCAAATGAG-1_2_1"
"305","ATCCATTCACTCCGAG-1_2_1"
"306","ATCCATTTCGGTTCAA-1_2_1"
"307","ATCCCTGCAACGATTC-1_2_1"
"308","ATCCGTCGTCGAATTC-1_2_1"
"309","ATCGATGGTGAACGGT-1_2_1"
"310","ATCGATGGTTGCCAAT-1_2_1"
"311","ATCGCCTCAATCTCGA-1_2_1"
"312","ATCGCCTGTATGAAAC-1_2_1"
"313","ATCGCCTGTGGCTGAA-1_2_1"
"314","ATCGGATAGGAAAGGT-1_2_1"
"315","ATCGGATCACTACCCT-1_2_1"
"316","ATCGGATCATGGACAG-1_2_1"
"317","ATCGGATGTACTGAGG-1_2_1"
"318","ATCGGCGCAGCTTTGA-1_2_1"
"319","ATCGGCGGTACCTAGT-1_2_1"
"320","ATCGGCGGTTAAGGAT-1_2_1"
"321","ATCGGCGTCCATATGG-1_2_1"
"322","ATCGTAGGTCAACACT-1_2_1"
"323","ATCGTCCGTGACCTGC-1_2_1"
"324","ATCGTGAGTGCCTTTC-1_2_1"
"325","ATCTCTAAGCCGATTT-1_2_1"
"326","ATCTTCACATGGACAG-1_2_1"
"327","ATGAAAGAGAGAGCGG-1_2_1"
"328","ATGAAAGAGTAGAGTT-1_2_1"
"329","ATGAAAGAGTGGACGT-1_2_1"
"330","ATGAAAGAGTTCGGTT-1_2_1"
"331","ATGACCACACAAGTGG-1_2_1"
"332","ATGACCAGTCTACTGA-1_2_1"
"333","ATGAGGGGTAGTGGCA-1_2_1"
"334","ATGAGGGGTCACCCTT-1_2_1"
"335","ATGAGGGGTCACTCGG-1_2_1"
"336","ATGAGGGTCAGAACCT-1_2_1"
"337","ATGAGTCCAGACGGAT-1_2_1"
"338","ATGATCGAGCGCCTTG-1_2_1"
"339","ATGCATGCACACGTGC-1_2_1"
"340","ATGCCTCTCTATGTGG-1_2_1"
"341","ATGCGATGTCACCGAC-1_2_1"
"342","ATGGAGGGTATTGAGA-1_2_1"
"343","ATGGATCAGCGTATGG-1_2_1"
"344","ATGGATCAGTTGTCAC-1_2_1"
"345","ATGGATCGTCGATTAC-1_2_1"
"346","ATGGGAGCAAGAATGT-1_2_1"
"347","ATGGGAGCACATACTG-1_2_1"
"348","ATTACTCGTTCAAGTC-1_2_1"
"349","ATTACTCTCAATCCGA-1_2_1"
"350","ATTATCCAGTACCATC-1_2_1"
"351","ATTATCCCACTCAGAT-1_2_1"
"352","ATTATCCGTTCTGACA-1_2_1"
"353","ATTATCCTCCTGGTCT-1_2_1"
"354","ATTCACTAGCAGTCTT-1_2_1"
"355","ATTCACTAGGTGAGCT-1_2_1"
"356","ATTCACTCAATCACGT-1_2_1"
"357","ATTCACTTCGCCCAGA-1_2_1"
"358","ATTCAGGAGAGGCCAT-1_2_1"
"359","ATTCAGGCATGTTCAG-1_2_1"
"360","ATTCAGGGTCAACACT-1_2_1"
"361","ATTCCATAGGGATCAC-1_2_1"
"362","ATTCCATCAGCTTCGG-1_2_1"
"363","ATTCCATGTTGATCGT-1_2_1"
"364","ATTCGTTAGACTTCGT-1_2_1"
"365","ATTCGTTCAGGACAGT-1_2_1"
"366","ATTCGTTCATATGGCT-1_2_1"
"367","ATTCGTTCATGTGCCG-1_2_1"
"368","ATTCTACGTAGAATAC-1_2_1"
"369","ATTCTACGTGTCTCCT-1_2_1"
"370","ATTCTTGGTTATTCTC-1_2_1"
"371","ATTGTTCAGATGTAGT-1_2_1"
"372","ATTTACCAGCGTTCAT-1_2_1"
"373","ATTTACCAGTGGATAT-1_2_1"
"374","ATTTACCTCAACCCGG-1_2_1"
"375","ATTTACCTCACGATAC-1_2_1"
"376","ATTTCACAGTTGCCTA-1_2_1"
"377","ATTTCACTCAGCAGAG-1_2_1"
"378","ATTTCACTCGGCTTCT-1_2_1"
"379","ATTTCTGCAGGCCCTA-1_2_1"
"380","CAAAGAAGTAAGGCCA-1_2_1"
"381","CAACAACGTGGATACG-1_2_1"
"382","CAACAACGTTAGCTAC-1_2_1"
"383","CAACAGTCATTCTCTA-1_2_1"
"384","CAACCAAAGCTTTCTT-1_2_1"
"385","CAACCAAGTACCGTGC-1_2_1"
"386","CAACCAATCGGCATCG-1_2_1"
"387","CAACGATCACTGCGTG-1_2_1"
"388","CAACGGCCACCATAAC-1_2_1"
"389","CAAGACTCAGAGTGAC-1_2_1"
"390","CAAGACTTCCCGTTGT-1_2_1"
"391","CAAGAGGGTTCATCTT-1_2_1"
"392","CAAGCTACACAGAGAC-1_2_1"
"393","CAAGCTACAGAGGCTA-1_2_1"
"394","CAAGGGATCCTCACCA-1_2_1"
"395","CAAGGGATCGGTCAGC-1_2_1"
"396","CAATACGCACAGCCAC-1_2_1"
"397","CAATACGGTGTAAACA-1_2_1"
"398","CAATCGACACAGCTTA-1_2_1"
"399","CAATTTCGTCAGTTTG-1_2_1"
"400","CACAACAGTAAGGCCA-1_2_1"
"401","CACACAAGTCATTGCA-1_2_1"
"402","CACACAATCGCAGATT-1_2_1"
"403","CACACAATCTGCTTTA-1_2_1"
"404","CACAGATAGCATGTTC-1_2_1"
"405","CACAGATCAAAGCAAT-1_2_1"
"406","CACAGATGTGAATGAT-1_2_1"
"407","CACAGATGTGACAGCA-1_2_1"
"408","CACAGATGTTCTAACG-1_2_1"
"409","CACAGGCAGCGCATCC-1_2_1"
"410","CACAGGCCAAACACCT-1_2_1"
"411","CACAGGCGTCGCAACC-1_2_1"
"412","CACATGATCACACCGG-1_2_1"
"413","CACCAAAAGCACCTGC-1_2_1"
"414","CACCAAAGTAGTCTGT-1_2_1"
"415","CACCAAAGTCCGGTCA-1_2_1"
"416","CACCAAATCAAAGGAT-1_2_1"
"417","CACCGTTGTCGGTAAG-1_2_1"
"418","CACGAATCACGTCGTG-1_2_1"
"419","CACGGGTCAGTCAACT-1_2_1"
"420","CACGGGTGTATCGGTT-1_2_1"
"421","CACGGGTGTGGCCTCA-1_2_1"
"422","CACGTTCGTCTTGCGG-1_2_1"
"423","CACTGAATCCGTACGG-1_2_1"
"424","CACTGGGAGGTCTGGA-1_2_1"
"425","CACTTCGAGGTCTACT-1_2_1"
"426","CACTTCGAGTCCCTAA-1_2_1"
"427","CACTTCGTCTGCATGA-1_2_1"
"428","CAGAGCCCAGACAAAT-1_2_1"
"429","CAGAGCCCATTGTAGC-1_2_1"
"430","CAGAGCCGTTGCATAC-1_2_1"
"431","CAGATACTCCTGGGAC-1_2_1"
"432","CAGATCAAGAAGGTAG-1_2_1"
"433","CAGATCAAGACCGCCT-1_2_1"
"434","CAGATCAAGGCTCAAG-1_2_1"
"435","CAGATCAAGGGTATAT-1_2_1"
"436","CAGATTGGTCAACCAT-1_2_1"
"437","CAGATTGGTCATTCCC-1_2_1"
"438","CAGATTGGTCCGGTGT-1_2_1"
"439","CAGATTGGTGTATTCG-1_2_1"
"440","CAGCAATGTAGAATAC-1_2_1"
"441","CAGCAATTCAACTACG-1_2_1"
"442","CAGCACGCAACCAACT-1_2_1"
"443","CAGCAGCGTTGTAAAG-1_2_1"
"444","CAGCAGCTCTGAGATC-1_2_1"
"445","CAGCCAGAGTGCACCC-1_2_1"
"446","CAGCCAGCACGTACTA-1_2_1"
"447","CAGCCAGTCCGTATGA-1_2_1"
"448","CAGCGTGTCTGGGTCG-1_2_1"
"449","CAGGCCAGTGTTACTG-1_2_1"
"450","CAGGGCTAGAACTCCT-1_2_1"
"451","CAGGGCTAGGTGCTGA-1_2_1"
"452","CAGGGCTAGGTGTGAC-1_2_1"
"453","CAGGGCTGTCGACTTA-1_2_1"
"454","CAGGTATGTTAGGGAC-1_2_1"
"455","CAGTGCGGTATGGAAT-1_2_1"
"456","CAGTGCGTCAGGGATG-1_2_1"
"457","CATACAGCAGTTTCAG-1_2_1"
"458","CATACAGGTGCCTTTC-1_2_1"
"459","CATACAGGTTCAACGT-1_2_1"
"460","CATACCCAGCGACTAG-1_2_1"
"461","CATACCCGTGGGTATG-1_2_1"
"462","CATACCCTCACCTCAC-1_2_1"
"463","CATAGACGTCGAATTC-1_2_1"
"464","CATAGACTCAACCGAT-1_2_1"
"465","CATCCACCAAGACAAT-1_2_1"
"466","CATCCACTCTCCTGCA-1_2_1"
"467","CATCGCTAGTTTGTCG-1_2_1"
"468","CATCGCTTCGACGCTG-1_2_1"
"469","CATCGGGGTAGGTAGC-1_2_1"
"470","CATCGTCCAAGTGGAC-1_2_1"
"471","CATCGTCCACAAATGA-1_2_1"
"472","CATCGTCTCAGTCATG-1_2_1"
"473","CATGAGTCAGGTTCAT-1_2_1"
"474","CATGCAAAGAGCAACC-1_2_1"
"475","CATGCAAAGAGTTGAT-1_2_1"
"476","CATGCAAAGCCAAGTG-1_2_1"
"477","CATGCAAAGGACACTG-1_2_1"
"478","CATGCAATCCTGTAGA-1_2_1"
"479","CATGCTCTCGTAGTGT-1_2_1"
"480","CATGCTCTCTAGGCCG-1_2_1"
"481","CATGGATAGGCACGAT-1_2_1"
"482","CATGGATCATGACTAC-1_2_1"
"483","CATGGTACACACCGCA-1_2_1"
"484","CATGGTATCACTGCTC-1_2_1"
"485","CATTCATAGTCTGCGC-1_2_1"
"486","CATTCCGCAAGTGCTT-1_2_1"
"487","CATTCCGGTATCCCAA-1_2_1"
"488","CATTCCGTCTGCCCTA-1_2_1"
"489","CATTGAGTCACGGAGA-1_2_1"
"490","CATTGCCAGCGTATAA-1_2_1"
"491","CATTGTTAGGCCTAAG-1_2_1"
"492","CATTTCAAGAGGTCAC-1_2_1"
"493","CATTTCACAGAGATGC-1_2_1"
"494","CATTTCATCGACGCTG-1_2_1"
"495","CCAATGAAGTATCTGC-1_2_1"
"496","CCAATGACATAGATCC-1_2_1"
"497","CCAATGAGTTTACGTG-1_2_1"
"498","CCAATGATCCATTCGC-1_2_1"
"499","CCAATGATCCTTGAAG-1_2_1"
"500","CCAATTTGTTCCCACT-1_2_1"
"501","CCAATTTTCGCCAACG-1_2_1"
"502","CCACACTCACCTGCAG-1_2_1"
"503","CCACACTTCGGTCACG-1_2_1"
"504","CCACCATAGGTCACCC-1_2_1"
"505","CCACCATGTACCGGAA-1_2_1"
"506","CCACCATTCCTGGGTG-1_2_1"
"507","CCACGAGGTCTCGGGT-1_2_1"
"508","CCACGTTAGAAACTGT-1_2_1"
"509","CCACGTTAGGACTGGT-1_2_1"
"510","CCACGTTCACCAGGTC-1_2_1"
"511","CCACGTTCATCAGCGC-1_2_1"
"512","CCACGTTGTGAATAAC-1_2_1"
"513","CCACTTGTCTGAGTCA-1_2_1"
"514","CCATAAGCAATGTCAC-1_2_1"
"515","CCATAAGGTCGTATTG-1_2_1"
"516","CCATCACCAACGGCCT-1_2_1"
"517","CCATCACCAGGACGAT-1_2_1"
"518","CCCAACTGTTACAGCT-1_2_1"
"519","CCCGGAATCTTTGCAT-1_2_1"
"520","CCCTAACAGATGTTGA-1_2_1"
"521","CCCTAACCATCGGAAG-1_2_1"
"522","CCCTCAAAGCCATTCA-1_2_1"
"523","CCCTCTCCAAGGTCAG-1_2_1"
"524","CCCTTAGCATTGCTGA-1_2_1"
"525","CCCTTAGGTGCATACT-1_2_1"
"526","CCCTTAGTCTGCGTCT-1_2_1"
"527","CCGAACGAGTGGTGAC-1_2_1"
"528","CCGAACGGTATGTCTG-1_2_1"
"529","CCGAACGGTCTCAGGC-1_2_1"
"530","CCGAACGTCATACGAC-1_2_1"
"531","CCGAACGTCCACAGCG-1_2_1"
"532","CCGATCTAGGATGTTA-1_2_1"
"533","CCGATCTAGGTTATAG-1_2_1"
"534","CCGATCTGTGGTCTTA-1_2_1"
"535","CCGATCTTCTATTGTC-1_2_1"
"536","CCGATCTTCTTGCGCT-1_2_1"
"537","CCGATGGGTACAAAGT-1_2_1"
"538","CCGATGGGTAGTACGG-1_2_1"
"539","CCGATGGGTGGCGCTT-1_2_1"
"540","CCGATGGTCTCACGAA-1_2_1"
"541","CCGCAAGAGCCACTCG-1_2_1"
"542","CCGCAAGCAAAGGGTC-1_2_1"
"543","CCGGGTAAGCAGGCTA-1_2_1"
"544","CCGGGTATCAAGCTGT-1_2_1"
"545","CCGGTAGAGAGAGGTA-1_2_1"
"546","CCGGTAGAGGTCGTGA-1_2_1"
"547","CCGGTAGTCACTGGGC-1_2_1"
"548","CCGGTGAAGCGTGCTC-1_2_1"
"549","CCGGTGACAGATCACT-1_2_1"
"550","CCGGTGACAGCACGAA-1_2_1"
"551","CCGTGAGGTAGAATGT-1_2_1"
"552","CCTAACCAGTAGTCCT-1_2_1"
"553","CCTAACCCACCTGATA-1_2_1"
"554","CCTAACCGTACGGCAA-1_2_1"
"555","CCTAAGACATGTTACG-1_2_1"
"556","CCTAAGATCACTGTCC-1_2_1"
"557","CCTACGTAGGCGCTTC-1_2_1"
"558","CCTACGTAGGTGCCAA-1_2_1"
"559","CCTACGTCACATGTTG-1_2_1"
"560","CCTACGTTCTCTCGCA-1_2_1"
"561","CCTATCGCATCTCCCA-1_2_1"
"562","CCTCAACTCCTACCAC-1_2_1"
"563","CCTCACACAAGGGTCA-1_2_1"
"564","CCTCACACAGAGGCAT-1_2_1"
"565","CCTCACAGTCTTGGTA-1_2_1"
"566","CCTCATGCATTCTCTA-1_2_1"
"567","CCTCTAGAGGAGAGTA-1_2_1"
"568","CCTCTCCAGACTCATC-1_2_1"
"569","CCTCTCCGTAGTTACC-1_2_1"
"570","CCTGCATGTCAGCTTA-1_2_1"
"571","CCTTCAGAGAAACTAC-1_2_1"
"572","CCTTCAGAGCACTCTA-1_2_1"
"573","CCTTCAGTCGCCAGTG-1_2_1"
"574","CCTTGTGAGTAGGAAG-1_2_1"
"575","CCTTGTGAGTCGCGAA-1_2_1"
"576","CCTTGTGAGTGCTCGC-1_2_1"
"577","CCTTTGGAGATTAGTG-1_2_1"
"578","CCTTTGGGTTCCGCGA-1_2_1"
"579","CGAAGTTCATAACCCA-1_2_1"
"580","CGAAGTTTCCTTCTGG-1_2_1"
"581","CGAATTGAGGTTCCAT-1_2_1"
"582","CGAATTGCAGGCTCTG-1_2_1"
"583","CGAATTGTCAGGTGTT-1_2_1"
"584","CGAGGCTGTGTCCAAT-1_2_1"
"585","CGAGTGCCAACGACAG-1_2_1"
"586","CGAGTGCCAACGTAAA-1_2_1"
"587","CGAGTGCGTGACCGTC-1_2_1"
"588","CGAGTGCTCTGTCCCA-1_2_1"
"589","CGAGTTACAATCTCTT-1_2_1"
"590","CGAGTTAGTCCCGTGA-1_2_1"
"591","CGAGTTAGTGTGTCGC-1_2_1"
"592","CGAGTTATCTGTGCGG-1_2_1"
"593","CGATCGGGTCGTGGTC-1_2_1"
"594","CGATCGGGTGGAACCA-1_2_1"
"595","CGATCGGTCAGGTGTT-1_2_1"
"596","CGATGCGCAGCTGTAT-1_2_1"
"597","CGATGCGCATGGCCAC-1_2_1"
"598","CGCAGGTCAGTTGTCA-1_2_1"
"599","CGCAGGTTCTATTGTC-1_2_1"
"600","CGCATAACACACAGCC-1_2_1"
"601","CGCATAACAGAGGTTG-1_2_1"
"602","CGCATGGAGGCTTCCG-1_2_1"
"603","CGCCAGAAGCATCGAG-1_2_1"
"604","CGCCAGAGTATCAGCT-1_2_1"
"605","CGCCAGATCCTGGTCT-1_2_1"
"606","CGCCATTAGACATACA-1_2_1"
"607","CGCCATTCAAGTGGGT-1_2_1"
"608","CGCCATTGTCTCTCTG-1_2_1"
"609","CGCCATTGTTTCTTAC-1_2_1"
"610","CGCCATTTCCGAAGGA-1_2_1"
"611","CGCGTGAGTTCTTGCC-1_2_1"
"612","CGGAACCCACTGATTG-1_2_1"
"613","CGGAACCTCATCGACA-1_2_1"
"614","CGGAATTAGGAAGAAC-1_2_1"
"615","CGGAATTGTTACGGAG-1_2_1"
"616","CGGAGAAAGTACCATC-1_2_1"
"617","CGGAGAAAGTACTGTC-1_2_1"
"618","CGGCAGTTCACCATCC-1_2_1"
"619","CGGCAGTTCGCAACAT-1_2_1"
"620","CGGGACTCAATGCTCA-1_2_1"
"621","CGGGCATAGAAACTCA-1_2_1"
"622","CGGGCATAGATCACCT-1_2_1"
"623","CGGGCATCAGAATGTA-1_2_1"
"624","CGGGTCATCCGAACGC-1_2_1"
"625","CGGGTGTGTACTCAAC-1_2_1"
"626","CGGTCAGAGCGCGTTC-1_2_1"
"627","CGGTCAGCAATTCGTG-1_2_1"
"628","CGGTCAGCAGTCCCGA-1_2_1"
"629","CGTAATGGTTCGATTG-1_2_1"
"630","CGTAATGTCCAGTACA-1_2_1"
"631","CGTAGTAAGCCTAGGA-1_2_1"
"632","CGTAGTAAGCCTCCAG-1_2_1"
"633","CGTAGTAGTGTTCAGT-1_2_1"
"634","CGTAGTATCCAGCCTT-1_2_1"
"635","CGTCAAACAGTTCCAA-1_2_1"
"636","CGTCAAAGTACAGTCT-1_2_1"
"637","CGTCCATCACATGTTG-1_2_1"
"638","CGTGAATCATCAGTGT-1_2_1"
"639","CGTGAATCATGGGTTT-1_2_1"
"640","CGTGATAAGGTCCTGC-1_2_1"
"641","CGTGCTTCAACTCGTA-1_2_1"
"642","CGTGCTTCAGACGATG-1_2_1"
"643","CGTTCTGAGCGCGTTC-1_2_1"
"644","CGTTCTGGTGGGATTG-1_2_1"
"645","CGTTGGGAGAAATTCG-1_2_1"
"646","CGTTGGGCATCGATGT-1_2_1"
"647","CGTTGGGGTAACAGTA-1_2_1"
"648","CGTTGGGGTCCATCTC-1_2_1"
"649","CTAACCCCATTCGGGC-1_2_1"
"650","CTAACTTAGATACCAA-1_2_1"
"651","CTAACTTAGTAGTCAA-1_2_1"
"652","CTAAGTGTCTGCATAG-1_2_1"
"653","CTACAGAGTACTCGCG-1_2_1"
"654","CTACAGATCCTTATCA-1_2_1"
"655","CTACATTCAGTGTGCC-1_2_1"
"656","CTACCCAAGATTAGTG-1_2_1"
"657","CTACCCATCCTATTGT-1_2_1"
"658","CTACCTGGTACTAGCT-1_2_1"
"659","CTACCTGTCAACTGGT-1_2_1"
"660","CTACCTGTCCTACAAG-1_2_1"
"661","CTACCTGTCTGAATCG-1_2_1"
"662","CTACTATGTCTTTATC-1_2_1"
"663","CTAGACAAGACAACAT-1_2_1"
"664","CTAGACAAGCTGACAG-1_2_1"
"665","CTAGACACAGCGTTTA-1_2_1"
"666","CTAGACAGTTGAGGAC-1_2_1"
"667","CTAGGTAAGAAATGGG-1_2_1"
"668","CTAGGTATCCGATAGT-1_2_1"
"669","CTAGGTATCGACGTCG-1_2_1"
"670","CTATAGGGTAGTGATA-1_2_1"
"671","CTATCCGAGCTTTCTT-1_2_1"
"672","CTATCCGTCGGTATGT-1_2_1"
"673","CTATCTAGTAGAGACC-1_2_1"
"674","CTATCTAGTCCAGTTA-1_2_1"
"675","CTATCTATCATGACAC-1_2_1"
"676","CTCAACCGTCTTACTT-1_2_1"
"677","CTCAACCGTGAGAACC-1_2_1"
"678","CTCAATTCATCAGCTA-1_2_1"
"679","CTCAATTGTGCATACT-1_2_1"
"680","CTCAATTTCGCCGATG-1_2_1"
"681","CTCACTGCAAGTGACG-1_2_1"
"682","CTCAGAAGTCCTACGG-1_2_1"
"683","CTCAGAATCCATGAGT-1_2_1"
"684","CTCAGAATCTCTGCTG-1_2_1"
"685","CTCAGGGCACCGTGAC-1_2_1"
"686","CTCAGTCTCATTCCTA-1_2_1"
"687","CTCATCGAGTCGCCAC-1_2_1"
"688","CTCATCGCAATCACGT-1_2_1"
"689","CTCATCGTCTACAGGT-1_2_1"
"690","CTCATGCCATGGGCAA-1_2_1"
"691","CTCATGCGTCGAATGG-1_2_1"
"692","CTCATGCTCAAGAATG-1_2_1"
"693","CTCATTAAGAAAGTCT-1_2_1"
"694","CTCATTACAAACAGGC-1_2_1"
"695","CTCATTAGTGACTAAA-1_2_1"
"696","CTCCAACGTTGGTGTT-1_2_1"
"697","CTCCATGCAAGTGGTG-1_2_1"
"698","CTCCATGTCATCGACA-1_2_1"
"699","CTCCCAAAGTCTCGTA-1_2_1"
"700","CTCCCAAGTGGCTCTG-1_2_1"
"701","CTCCCTCAGTTGAATG-1_2_1"
"702","CTCCCTCCAGAGTTCT-1_2_1"
"703","CTCCTCCAGCCGATTT-1_2_1"
"704","CTCCTCCGTAGCTTAC-1_2_1"
"705","CTCCTTTCAATTCTCT-1_2_1"
"706","CTCGAGGAGCGATGGT-1_2_1"
"707","CTCGAGGAGTATCTGC-1_2_1"
"708","CTCGAGGCAGGTCCGT-1_2_1"
"709","CTCGAGGTCTGTCCCA-1_2_1"
"710","CTCTCAGCACCAACAT-1_2_1"
"711","CTCTGGTAGAGTTCGG-1_2_1"
"712","CTCTGGTAGGCGTTAG-1_2_1"
"713","CTCTGGTGTTATCTGG-1_2_1"
"714","CTGAATGAGCATCAGG-1_2_1"
"715","CTGAATGTCGCCGTGA-1_2_1"
"716","CTGAGCGAGTAGGAAG-1_2_1"
"717","CTGAGCGCAAGATGGC-1_2_1"
"718","CTGAGCGCAAGCTGCC-1_2_1"
"719","CTGATCCCATAACCCA-1_2_1"
"720","CTGCAGGCAACACAAA-1_2_1"
"721","CTGCAGGTCCTCTAGC-1_2_1"
"722","CTGCATCAGGCTCAAG-1_2_1"
"723","CTGCATCCAGGAATCG-1_2_1"
"724","CTGCCATGTACACGTT-1_2_1"
"725","CTGCCTAGTGTCATTG-1_2_1"
"726","CTGCCTAGTTAAGGAT-1_2_1"
"727","CTGCTCAAGCCTTTGA-1_2_1"
"728","CTGCTCAAGGCTGGAT-1_2_1"
"729","CTGCTCACAAGGTACG-1_2_1"
"730","CTGGACGCAGGCATGA-1_2_1"
"731","CTGGACGCATGAGATA-1_2_1"
"732","CTGGTCTGTCAACCTA-1_2_1"
"733","CTGGTCTTCGTCAAAC-1_2_1"
"734","CTGTACCAGGACTTCT-1_2_1"
"735","CTGTACCTCGACATCA-1_2_1"
"736","CTGTAGAGTTGGTACT-1_2_1"
"737","CTGTAGATCGGCCAAC-1_2_1"
"738","CTGTATTAGAAATCCA-1_2_1"
"739","CTGTCGTAGCCTGAAG-1_2_1"
"740","CTGTCGTCAAGCGCTC-1_2_1"
"741","CTGTCGTGTCCCAAAT-1_2_1"
"742","CTGTGGGAGATGGCAC-1_2_1"
"743","CTTACCGAGCAAATCA-1_2_1"
"744","CTTACCGAGGCGTTAG-1_2_1"
"745","CTTACCGGTTGTCAGT-1_2_1"
"746","CTTACCGTCCGATGTA-1_2_1"
"747","CTTAGGACACAGCCTG-1_2_1"
"748","CTTAGGAGTCTCACAA-1_2_1"
"749","CTTCCGAAGAATTCAG-1_2_1"
"750","CTTCCGAAGATAGCAT-1_2_1"
"751","CTTCCGAGTCTTGGTA-1_2_1"
"752","CTTCCGAGTTAATGAG-1_2_1"
"753","CTTCGGTGTGGTCTTA-1_2_1"
"754","CTTCTAACAGATCATC-1_2_1"
"755","CTTCTAAGTTTCACTT-1_2_1"
"756","CTTCTAATCTAGGCAT-1_2_1"
"757","CTTCTCTGTGATACTC-1_2_1"
"758","CTTTCGGTCACCTGGG-1_2_1"
"759","GAAACCTAGGTATTGA-1_2_1"
"760","GAAATGAGTATAGGAT-1_2_1"
"761","GAACACTAGCATATGA-1_2_1"
"762","GAACACTGTGAGTGAC-1_2_1"
"763","GAACGTTCAAGTTGGG-1_2_1"
"764","GAACTGTAGTGCACCC-1_2_1"
"765","GAAGAATAGGGCAGGA-1_2_1"
"766","GAAGAATGTCGGCACT-1_2_1"
"767","GAAGAATTCGCTCTCA-1_2_1"
"768","GAAGCCCAGAATTCAG-1_2_1"
"769","GAAGCCCCACTTACAG-1_2_1"
"770","GAAGCGAAGAGGTCGT-1_2_1"
"771","GAAGCGAAGCTGCCTG-1_2_1"
"772","GAAGGACAGAGTCGAC-1_2_1"
"773","GAAGGACGTGTTTCTT-1_2_1"
"774","GAAGGGTAGATAGTGT-1_2_1"
"775","GAAGGGTGTGTAGTGG-1_2_1"
"776","GAATAGAAGATCCCGC-1_2_1"
"777","GAATAGATCCATGAGT-1_2_1"
"778","GAATCACGTGAATTGA-1_2_1"
"779","GAATCGTAGAGCAAGA-1_2_1"
"780","GAATCGTAGCCGAACA-1_2_1"
"781","GACACGCCACCCTGTT-1_2_1"
"782","GACACGCGTACACTCA-1_2_1"
"783","GACACGCTCACTGAAC-1_2_1"
"784","GACAGCCTCTCTATAC-1_2_1"
"785","GACATCAAGATCGCTT-1_2_1"
"786","GACATCAAGCTGCGAA-1_2_1"
"787","GACATCAAGGCGCTCT-1_2_1"
"788","GACATCATCAGCAGAG-1_2_1"
"789","GACATCATCCATAGAC-1_2_1"
"790","GACCAATTCAGTGATC-1_2_1"
"791","GACCCAGGTCAGTCCG-1_2_1"
"792","GACCCAGTCCGATCTC-1_2_1"
"793","GACCCAGTCCTTGAAG-1_2_1"
"794","GACCGTGGTGGAGAAA-1_2_1"
"795","GACCGTGTCGACATCA-1_2_1"
"796","GACCTTCGTACCGTCG-1_2_1"
"797","GACCTTCTCGAGCCTG-1_2_1"
"798","GACGCTGTCCATTGTT-1_2_1"
"799","GACGTTACATACGCAT-1_2_1"
"800","GACTATGCAAGTAGTA-1_2_1"
"801","GACTCAAGTAGGCTCC-1_2_1"
"802","GACTCTCAGCCGAATG-1_2_1"
"803","GACTCTCCACCTCTAC-1_2_1"
"804","GACTCTCCATGACGAG-1_2_1"
"805","GACTGATCAGGCACTC-1_2_1"
"806","GACTGATGTACCTGTA-1_2_1"
"807","GACTTCCTCACCGGTG-1_2_1"
"808","GACTTCCTCCAAGCAT-1_2_1"
"809","GAGAAATCAAGGTCGA-1_2_1"
"810","GAGAAATCAGAAGCGT-1_2_1"
"811","GAGAAATGTTGAATCC-1_2_1"
"812","GAGAAATTCCAACCGG-1_2_1"
"813","GAGACCCTCAAGTCGT-1_2_1"
"814","GAGACTTGTGCCTACG-1_2_1"
"815","GAGATGGTCCAAATGC-1_2_1"
"816","GAGATGGTCGGTGTAT-1_2_1"
"817","GAGCCTGAGATGGTAT-1_2_1"
"818","GAGCTGCGTGTTAACC-1_2_1"
"819","GAGCTGCTCACGATCA-1_2_1"
"820","GAGGCCTAGAGAGTGA-1_2_1"
"821","GAGGCCTAGCAGCACA-1_2_1"
"822","GAGGCCTAGCATTTCG-1_2_1"
"823","GAGGCCTAGGCACAAC-1_2_1"
"824","GAGGCCTCAGCAGTAG-1_2_1"
"825","GAGGCCTGTAAGATTG-1_2_1"
"826","GAGGGATCACTGAGTT-1_2_1"
"827","GAGGGATGTGGAATGC-1_2_1"
"828","GAGGGATTCTACCCAC-1_2_1"
"829","GAGGGTAGTGATATAG-1_2_1"
"830","GAGTCATCAAGGTCTT-1_2_1"
"831","GAGTCATCACATGGTT-1_2_1"
"832","GAGTCTACATTCGATG-1_2_1"
"833","GAGTCTAGTTTCTATC-1_2_1"
"834","GAGTGAGCACGTAACT-1_2_1"
"835","GAGTTACCAGCTAACT-1_2_1"
"836","GAGTTGTGTGCTCGTG-1_2_1"
"837","GAGTTGTTCCCATACC-1_2_1"
"838","GAGTTTGGTATGTCAC-1_2_1"
"839","GATCACAGTATGAGAT-1_2_1"
"840","GATCAGTGTAGTTACC-1_2_1"
"841","GATCATGAGCATCCCG-1_2_1"
"842","GATCATGAGTATGAGT-1_2_1"
"843","GATCATGCAAACCATC-1_2_1"
"844","GATCATGCACTATCGA-1_2_1"
"845","GATCATGCATTCGGGC-1_2_1"
"846","GATCATGTCTGAGGCC-1_2_1"
"847","GATCCCTAGTTGCATC-1_2_1"
"848","GATCCCTCAACAAGAT-1_2_1"
"849","GATCCCTTCATCTATC-1_2_1"
"850","GATCGTACATGACAAA-1_2_1"
"851","GATCGTATCGAGCCTG-1_2_1"
"852","GATGACTAGCCATTTG-1_2_1"
"853","GATGACTCATGGGAAC-1_2_1"
"854","GATGACTGTACTTGTG-1_2_1"
"855","GATGAGGAGACCTCCG-1_2_1"
"856","GATGAGGAGTAGCAAT-1_2_1"
"857","GATGAGGCATGGCCAC-1_2_1"
"858","GATGAGGGTATCAGCT-1_2_1"
"859","GATGATCAGCGTTGTT-1_2_1"
"860","GATGGAGCAAGATGGC-1_2_1"
"861","GATGGAGCAAGTGGTG-1_2_1"
"862","GATGTTGCACTATGTG-1_2_1"
"863","GATGTTGGTTAGAAGT-1_2_1"
"864","GATGTTGTCCGCAAAT-1_2_1"
"865","GATTCTTGTAGATTAG-1_2_1"
"866","GATTGGTAGTGCTAGG-1_2_1"
"867","GATTTCTGTTGACGGA-1_2_1"
"868","GCAACATTCTGCACCT-1_2_1"
"869","GCAACATTCTTGCAGA-1_2_1"
"870","GCAACCGAGCGCATCC-1_2_1"
"871","GCAACCGCACCAGACC-1_2_1"
"872","GCAACCGTCCTGTAAG-1_2_1"
"873","GCAACCGTCTTGCAAG-1_2_1"
"874","GCACATAGTAGAATAC-1_2_1"
"875","GCACATAGTTCCAAAC-1_2_1"
"876","GCACGGTAGGTAATCA-1_2_1"
"877","GCACTAACAAGATTGA-1_2_1"
"878","GCAGGCTGTACCATAC-1_2_1"
"879","GCAGGCTGTACTCAAC-1_2_1"
"880","GCAGGCTTCTCCCAAC-1_2_1"
"881","GCAGTTAAGCCTTCTC-1_2_1"
"882","GCAGTTAAGCGAAACC-1_2_1"
"883","GCAGTTAAGGACTATA-1_2_1"
"884","GCATCGGGTGGCCACT-1_2_1"
"885","GCATCGGGTTTAGACC-1_2_1"
"886","GCATCTCTCCACCTCA-1_2_1"
"887","GCATGATCAATACCTG-1_2_1"
"888","GCATTAGAGATTGATG-1_2_1"
"889","GCATTAGGTCCAGTTA-1_2_1"
"890","GCCAACGCATAGCTGT-1_2_1"
"891","GCCAGCAAGTCTGGTT-1_2_1"
"892","GCCAGGTAGACTTGTC-1_2_1"
"893","GCCAGGTGTCTCAGGC-1_2_1"
"894","GCCATGGCATCGATAC-1_2_1"
"895","GCCATTCCAAACTAGA-1_2_1"
"896","GCCCAGAGTAGTGGCA-1_2_1"
"897","GCCCGAAAGAAACCAT-1_2_1"
"898","GCCCGAACAGGTCCCA-1_2_1"
"899","GCCCGAATCGTGGACC-1_2_1"
"900","GCCGATGCACCTGATA-1_2_1"
"901","GCCGTGAGTAGTCACT-1_2_1"
"902","GCCGTGAGTATGCGTT-1_2_1"
"903","GCCTGTTAGAGTGACC-1_2_1"
"904","GCCTGTTCACAATGCT-1_2_1"
"905","GCCTGTTTCCGTATGA-1_2_1"
"906","GCGAGAATCCCTCATG-1_2_1"
"907","GCGATCGAGAACAGGA-1_2_1"
"908","GCGATCGCAACGACTT-1_2_1"
"909","GCGATCGCACTTACAG-1_2_1"
"910","GCGATCGGTGGCTGAA-1_2_1"
"911","GCGGAAATCGTGGCGT-1_2_1"
"912","GCGGATCCAATTCGTG-1_2_1"
"913","GCGGATCCATTCACAG-1_2_1"
"914","GCTACCTAGTGCACTT-1_2_1"
"915","GCTGAATAGTTTGGCT-1_2_1"
"916","GCTGAATGTTAAGACA-1_2_1"
"917","GCTGCAGGTAGACTGG-1_2_1"
"918","GCTGGGTCATTCAGGT-1_2_1"
"919","GCTTCACCAGAGTTCT-1_2_1"
"920","GCTTCACTCCGCAACG-1_2_1"
"921","GCTTGGGCAACCGGAA-1_2_1"
"922","GCTTTCGTCACTACTT-1_2_1"
"923","GGAACCCAGACCAGAC-1_2_1"
"924","GGAACCCAGCAATAAC-1_2_1"
"925","GGAACCCAGTGTTGTC-1_2_1"
"926","GGAAGTGCACCTCGTT-1_2_1"
"927","GGAAGTGGTTTCCCAC-1_2_1"
"928","GGAATCTAGGCTAGCA-1_2_1"
"929","GGAATCTCAGGGAGAG-1_2_1"
"930","GGAATCTCATCGAACT-1_2_1"
"931","GGAATCTGTATCACGT-1_2_1"
"932","GGAATCTGTATGAGAT-1_2_1"
"933","GGAATCTTCTCTGCCA-1_2_1"
"934","GGAATGGCATAGGTTC-1_2_1"
"935","GGAATGGTCAGGGATG-1_2_1"
"936","GGACGTCCAACCCTAA-1_2_1"
"937","GGACGTCCAAGCAGGT-1_2_1"
"938","GGAGAACAGACGGTTG-1_2_1"
"939","GGAGAACAGTGCTACT-1_2_1"
"940","GGAGAACCACTGAATC-1_2_1"
"941","GGAGAACGTACCCACG-1_2_1"
"942","GGAGATGCAATCCAGT-1_2_1"
"943","GGAGATGGTAACACCT-1_2_1"
"944","GGAGCAATCTAAACGC-1_2_1"
"945","GGAGGATTCAACACGT-1_2_1"
"946","GGAGGATTCCGGACGT-1_2_1"
"947","GGAGGTAGTGGGCTCT-1_2_1"
"948","GGATCTAAGCCGTCGT-1_2_1"
"949","GGATCTACAACTCCCT-1_2_1"
"950","GGATGTTGTGAGACGT-1_2_1"
"951","GGATGTTGTTGGCCTG-1_2_1"
"952","GGCAGTCCACGGCACT-1_2_1"
"953","GGCAGTCGTGCGGATA-1_2_1"
"954","GGCGTCAAGCATGGGT-1_2_1"
"955","GGCGTCACAACACAAA-1_2_1"
"956","GGCGTCATCCTATGGA-1_2_1"
"957","GGCTGTGGTTGTGTAC-1_2_1"
"958","GGCTTGGGTACTGGGA-1_2_1"
"959","GGCTTGGGTAGACTGG-1_2_1"
"960","GGCTTTCAGTAACCGG-1_2_1"
"961","GGGAAGTAGCTTTGTG-1_2_1"
"962","GGGAAGTCAAAGGGTC-1_2_1"
"963","GGGAAGTCACTCAGAT-1_2_1"
"964","GGGAAGTGTAGTCGTT-1_2_1"
"965","GGGAAGTGTTTCGATG-1_2_1"
"966","GGGAAGTTCGCATGAT-1_2_1"
"967","GGGAAGTTCGGTTAGT-1_2_1"
"968","GGGACAAGTCACAATC-1_2_1"
"969","GGGACAAGTGCCGGTT-1_2_1"
"970","GGGACAATCCCAGTGG-1_2_1"
"971","GGGACCTGTGCTAGCC-1_2_1"
"972","GGGACTCAGGTCGCCT-1_2_1"
"973","GGGACTCCAAATGAGT-1_2_1"
"974","GGGACTCCACAAGTTC-1_2_1"
"975","GGGACTCGTCGGCCTA-1_2_1"
"976","GGGAGATAGCAGCAGT-1_2_1"
"977","GGGATCCAGGAACTAT-1_2_1"
"978","GGGATCCCAACACAGG-1_2_1"
"979","GGGATCCTCTTGGAAC-1_2_1"
"980","GGGATGAGTATTAAGG-1_2_1"
"981","GGGATGATCCGAGAAG-1_2_1"
"982","GGGCCATAGGAAGTAG-1_2_1"
"983","GGGCCATTCCACTGAA-1_2_1"
"984","GGGCGTTAGCAGCAGT-1_2_1"
"985","GGGCGTTTCACCACAA-1_2_1"
"986","GGGCTCAAGCACTCAT-1_2_1"
"987","GGGCTCAAGGAGGCAG-1_2_1"
"988","GGGCTCATCAAGTAAG-1_2_1"
"989","GGGTAGAGTGAGCGAT-1_2_1"
"990","GGGTAGAGTGCATTAC-1_2_1"
"991","GGGTATTCATCATTGG-1_2_1"
"992","GGGTCTGAGGCGAAGG-1_2_1"
"993","GGGTCTGAGTGTGTTC-1_2_1"
"994","GGGTCTGGTTCAAACC-1_2_1"
"995","GGGTGAAAGCGCGTTC-1_2_1"
"996","GGGTGAAAGCTCGAAG-1_2_1"
"997","GGGTGAACAGTATTCG-1_2_1"
"998","GGGTGAATCAGCCTCT-1_2_1"
"999","GGGTGAATCATCTGTT-1_2_1"
"1000","GGGTTATCAACGTTAC-1_2_1"
"1001","GGGTTATGTGTTTACG-1_2_1"
"1002","GGGTTTATCTGACAGT-1_2_1"
"1003","GGTAACTAGAAGCGAA-1_2_1"
"1004","GGTAACTGTCACAATC-1_2_1"
"1005","GGTAATCGTAGTCACT-1_2_1"
"1006","GGTAATCGTATCGCTA-1_2_1"
"1007","GGTAATCTCTCTGCCA-1_2_1"
"1008","GGTCACGTCAGACTGT-1_2_1"
"1009","GGTCTGGAGCACCTGC-1_2_1"
"1010","GGTCTGGCAGGAGGAG-1_2_1"
"1011","GGTCTGGGTAACACGG-1_2_1"
"1012","GGTCTGGTCAAGCTGT-1_2_1"
"1013","GGTCTGGTCCGTCCTA-1_2_1"
"1014","GGTGAAGCATGTGGCC-1_2_1"
"1015","GGTGATTAGGTCGTAG-1_2_1"
"1016","GGTGATTCAGCCCACA-1_2_1"
"1017","GGTGATTTCGTGCGAC-1_2_1"
"1018","GGTGGCTAGCATTTGC-1_2_1"
"1019","GGTGGCTAGTTAGTAG-1_2_1"
"1020","GGTGGCTCAACGTATC-1_2_1"
"1021","GGTGGCTCAGGTCAGA-1_2_1"
"1022","GGTGGCTTCGACCATA-1_2_1"
"1023","GGTGTCGAGTCGAAAT-1_2_1"
"1024","GGTGTCGTCGTTCTCG-1_2_1"
"1025","GGTGTTACAAGAAACT-1_2_1"
"1026","GGTGTTACAGACGGAT-1_2_1"
"1027","GGTGTTACAGATTTCG-1_2_1"
"1028","GGTTAACGTCGCACAC-1_2_1"
"1029","GGTTAACTCGCGTAGC-1_2_1"
"1030","GGTTAACTCTGCGATA-1_2_1"
"1031","GTAACACCAGCGAGTA-1_2_1"
"1032","GTAACACGTACGGCAA-1_2_1"
"1033","GTAACACTCGCACTCT-1_2_1"
"1034","GTAACCAAGCACTAAA-1_2_1"
"1035","GTAACCAGTAGTTCCA-1_2_1"
"1036","GTAAGTCGTCAAACGG-1_2_1"
"1037","GTAAGTCGTGTCCGGT-1_2_1"
"1038","GTAATCGGTTATGACC-1_2_1"
"1039","GTAATGCAGAAGCCTG-1_2_1"
"1040","GTACAACAGCAGAAAG-1_2_1"
"1041","GTACAACCAGGCACAA-1_2_1"
"1042","GTACAGTTCAGTGTTG-1_2_1"
"1043","GTAGAGGCAGATCATC-1_2_1"
"1044","GTAGATCTCACTGTTT-1_2_1"
"1045","GTAGCTAAGCCTAACT-1_2_1"
"1046","GTAGCTAAGTGTCATC-1_2_1"
"1047","GTAGCTAGTTCCTTGC-1_2_1"
"1048","GTAGGAGCAGAAGCGT-1_2_1"
"1049","GTAGGAGTCCTAAGTG-1_2_1"
"1050","GTAGGTTTCCAAGCAT-1_2_1"
"1051","GTAGGTTTCTAACGCA-1_2_1"
"1052","GTAGGTTTCTAGTACG-1_2_1"
"1053","GTATTGGAGGTCATCT-1_2_1"
"1054","GTATTGGTCGCCTCTA-1_2_1"
"1055","GTATTTCAGTTCTCTT-1_2_1"
"1056","GTATTTCCACTCAGAT-1_2_1"
"1057","GTATTTCGTATCGCTA-1_2_1"
"1058","GTATTTCTCTACCTTA-1_2_1"
"1059","GTCAAACGTCGCATCG-1_2_1"
"1060","GTCAAACTCATTATCC-1_2_1"
"1061","GTCAAGTAGACTTAAG-1_2_1"
"1062","GTCAAGTAGTACGTCT-1_2_1"
"1063","GTCAAGTAGTTGGCGA-1_2_1"
"1064","GTCACGGAGCAGCCCT-1_2_1"
"1065","GTCACGGTCTTACGGA-1_2_1"
"1066","GTCACTCAGTCATTGC-1_2_1"
"1067","GTCACTCGTTCGTAAC-1_2_1"
"1068","GTCAGCGCAACTTGGT-1_2_1"
"1069","GTCAGCGGTTGGACTT-1_2_1"
"1070","GTCATCCGTTTACTTC-1_2_1"
"1071","GTCATTTGTGCTCTTC-1_2_1"
"1072","GTCATTTTCTTCGGAA-1_2_1"
"1073","GTCCACTTCATCTACT-1_2_1"
"1074","GTCCACTTCTTTGCGC-1_2_1"
"1075","GTCCCATAGCCACAAG-1_2_1"
"1076","GTCCCATAGCGCCTAC-1_2_1"
"1077","GTCCTCATCATCGCAA-1_2_1"
"1078","GTCGAATCAACCCTCT-1_2_1"
"1079","GTCGAATCACCATTCC-1_2_1"
"1080","GTCGAATCATAGAATG-1_2_1"
"1081","GTCGAATGTGCGACAA-1_2_1"
"1082","GTCGCGATCCTTGAAG-1_2_1"
"1083","GTCGCGATCGATTCCC-1_2_1"
"1084","GTCGTAAGTAGGTACG-1_2_1"
"1085","GTCTACCGTAGCGTCC-1_2_1"
"1086","GTCTACCTCAGGTAAA-1_2_1"
"1087","GTCTAGACACAGACGA-1_2_1"
"1088","GTCTAGAGTGACGTCC-1_2_1"
"1089","GTCTAGAGTGTGCCTG-1_2_1"
"1090","GTCTAGATCGTCACCT-1_2_1"
"1091","GTCTCACAGTCATAGA-1_2_1"
"1092","GTCTCACAGTGGACGT-1_2_1"
"1093","GTCTCACTCGTCAACA-1_2_1"
"1094","GTCTGTCAGCAGGGAG-1_2_1"
"1095","GTCTGTCAGTCTGCGC-1_2_1"
"1096","GTCTGTCCATCGCTCT-1_2_1"
"1097","GTCTTTACATACCATG-1_2_1"
"1098","GTCTTTAGTCCGGTGT-1_2_1"
"1099","GTGACGCGTATGCAAA-1_2_1"
"1100","GTGACGCTCGCGGTAC-1_2_1"
"1101","GTGACGCTCGTTACCC-1_2_1"
"1102","GTGACGCTCTTTGATC-1_2_1"
"1103","GTGAGCCCACAGTGAG-1_2_1"
"1104","GTGAGGAAGAAGCTGC-1_2_1"
"1105","GTGAGGACAGCTATTG-1_2_1"
"1106","GTGAGTTAGCCACCGT-1_2_1"
"1107","GTGAGTTAGCCGCTTG-1_2_1"
"1108","GTGATGTCAACTGATC-1_2_1"
"1109","GTGATGTCAGACACCC-1_2_1"
"1110","GTGATGTTCCGCTAGG-1_2_1"
"1111","GTGATGTTCTGCACCT-1_2_1"
"1112","GTGCACGAGAATCTAG-1_2_1"
"1113","GTGCACGCAGCGACAA-1_2_1"
"1114","GTGCACGGTTTCGATG-1_2_1"
"1115","GTGCACGTCTTGGTCC-1_2_1"
"1116","GTGCAGCTCAAGTTGC-1_2_1"
"1117","GTGCAGCTCTACACAG-1_2_1"
"1118","GTGCGTGAGTAGTGCG-1_2_1"
"1119","GTGCGTGCAGACCCGT-1_2_1"
"1120","GTGCGTGGTAGTCTGT-1_2_1"
"1121","GTGCTTCAGCGCCTAC-1_2_1"
"1122","GTGCTTCCATCAGCGC-1_2_1"
"1123","GTGGAGAGTGCAAGAC-1_2_1"
"1124","GTGGCGTCATCAACCA-1_2_1"
"1125","GTGGCGTGTATCTCTT-1_2_1"
"1126","GTGTAACAGACCTCAT-1_2_1"
"1127","GTGTAACTCGGCTGAC-1_2_1"
"1128","GTGTCCTAGACCATTC-1_2_1"
"1129","GTGTCCTCATTGCCTC-1_2_1"
"1130","GTGTCCTTCCCTCTAG-1_2_1"
"1131","GTGTGATGTCGAGCAA-1_2_1"
"1132","GTGTGATTCAGTGGGA-1_2_1"
"1133","GTGTTAGAGTCTAGAA-1_2_1"
"1134","GTGTTAGGTACCCACG-1_2_1"
"1135","GTGTTCCAGGTAAACT-1_2_1"
"1136","GTTACAGAGCTGGCCT-1_2_1"
"1137","GTTACAGCAACAGTGG-1_2_1"
"1138","GTTACAGCACTAGGCC-1_2_1"
"1139","GTTACAGTCTTAGGAC-1_2_1"
"1140","GTTACCCAGCTGTACT-1_2_1"
"1141","GTTACGAAGGCTTAGG-1_2_1"
"1142","GTTACGACAGAGTGAC-1_2_1"
"1143","GTTACGACATCTTCGC-1_2_1"
"1144","GTTAGACAGGCTCAAG-1_2_1"
"1145","GTTAGACCACTGGAAG-1_2_1"
"1146","GTTAGACTCATACAGC-1_2_1"
"1147","GTTAGTGCACGCACCA-1_2_1"
"1148","GTTAGTGTCACGGGAA-1_2_1"
"1149","GTTATGGAGAACTCCT-1_2_1"
"1150","GTTATGGAGAGTGGCT-1_2_1"
"1151","GTTATGGCACCCATAA-1_2_1"
"1152","GTTATGGGTCTGTGTA-1_2_1"
"1153","GTTCATTTCTCCTGCA-1_2_1"
"1154","GTTCCGTAGAGTCTTC-1_2_1"
"1155","GTTCCGTCAACAGCTT-1_2_1"
"1156","GTTCCGTGTCGACTGC-1_2_1"
"1157","GTTCGCTAGCACAAAT-1_2_1"
"1158","GTTCGCTCAGAGTGTG-1_2_1"
"1159","GTTCTATAGCGTATGG-1_2_1"
"1160","GTTGAACTCATTCTTG-1_2_1"
"1161","GTTGCGGCAACCTATG-1_2_1"
"1162","GTTGCGGCATGGGCAA-1_2_1"
"1163","GTTGCTCCACAGGATG-1_2_1"
"1164","GTTGCTCTCCATCGTC-1_2_1"
"1165","GTTGTAGAGCGCTGAA-1_2_1"
"1166","GTTGTGATCGATACGT-1_2_1"
"1167","GTTGTGATCTACCAGA-1_2_1"
"1168","GTTTACTAGATCCGAG-1_2_1"
"1169","GTTTACTTCAACTACG-1_2_1"
"1170","GTTTACTTCCATTTCA-1_2_1"
"1171","GTTTGGACACTCTAGA-1_2_1"
"1172","TAACACGCAAACGTGG-1_2_1"
"1173","TAACACGCACGCTTAA-1_2_1"
"1174","TAACACGGTCACCCTT-1_2_1"
"1175","TAACGACAGGAAGTCC-1_2_1"
"1176","TAACTTCAGCAGGGAG-1_2_1"
"1177","TAACTTCCAATAGTAG-1_2_1"
"1178","TAACTTCGTATCAGCT-1_2_1"
"1179","TAAGCACGTATTTCGG-1_2_1"
"1180","TAAGCACGTCTCGGGT-1_2_1"
"1181","TAAGCCAAGCGTTACT-1_2_1"
"1182","TAAGCCAAGGGCAACT-1_2_1"
"1183","TAAGCCAGTGCATACT-1_2_1"
"1184","TAAGCGTAGCGGTAAC-1_2_1"
"1185","TAAGTCGGTCAAACGG-1_2_1"
"1186","TAAGTCGTCTTCCACG-1_2_1"
"1187","TAATCTCCAGATGCGA-1_2_1"
"1188","TAATCTCTCAGATTGC-1_2_1"
"1189","TAATTCCCAGTTGGTT-1_2_1"
"1190","TAATTCCTCACGACTA-1_2_1"
"1191","TACAACGGTGTCCAAT-1_2_1"
"1192","TACAACGTCGTAGGAG-1_2_1"
"1193","TACAGGTAGACGATAT-1_2_1"
"1194","TACAGGTAGTGCCCGT-1_2_1"
"1195","TACAGGTGTGAGGAAA-1_2_1"
"1196","TACATTCCAAGTGACG-1_2_1"
"1197","TACCCACAGCAATAAC-1_2_1"
"1198","TACCCACCAGCGTTTA-1_2_1"
"1199","TACCCGTCACTTGAAC-1_2_1"
"1200","TACCCGTCAGAGCCCT-1_2_1"
"1201","TACCCGTGTCACATTG-1_2_1"
"1202","TACCCGTGTCGTTGGC-1_2_1"
"1203","TACCGAAAGAAGAACG-1_2_1"
"1204","TACCGAAGTATGTCTG-1_2_1"
"1205","TACCGAAGTGCCCGTA-1_2_1"
"1206","TACCTGCAGCTTGTTG-1_2_1"
"1207","TACCTGCGTAGGATAT-1_2_1"
"1208","TACGCTCAGCACTAGG-1_2_1"
"1209","TACGCTCTCAGGCGAA-1_2_1"
"1210","TACGCTCTCCTTATGT-1_2_1"
"1211","TACGGGCCAGCAATTC-1_2_1"
"1212","TACGGGCGTCTACAAC-1_2_1"
"1213","TACGGTACAAATGCTC-1_2_1"
"1214","TACGGTAGTCACCCTT-1_2_1"
"1215","TACGGTAGTCACGTGC-1_2_1"
"1216","TACTGCCAGTGCCAGA-1_2_1"
"1217","TACTTACAGTCGCTAT-1_2_1"
"1218","TACTTCACAACTCATG-1_2_1"
"1219","TACTTCACAAGCGAGT-1_2_1"
"1220","TACTTGTGTACTGCCG-1_2_1"
"1221","TAGACTGAGACTTCGT-1_2_1"
"1222","TAGACTGCATACAGCT-1_2_1"
"1223","TAGAGTCCACGCTATA-1_2_1"
"1224","TAGAGTCCAGGCATTT-1_2_1"
"1225","TAGAGTCGTACGAGTG-1_2_1"
"1226","TAGATCGAGCTAAACA-1_2_1"
"1227","TAGATCGAGGTGCCAA-1_2_1"
"1228","TAGATCGGTCTGTGGC-1_2_1"
"1229","TAGCACATCAGAGCGA-1_2_1"
"1230","TAGCACATCGCATTAG-1_2_1"
"1231","TAGGAGGCACACCTGG-1_2_1"
"1232","TAGGAGGTCTTAAGGC-1_2_1"
"1233","TAGGAGGTCTTGGTCC-1_2_1"
"1234","TAGGGTTAGGAATGTT-1_2_1"
"1235","TAGGGTTGTTACACAC-1_2_1"
"1236","TAGGTACAGTGGTTAA-1_2_1"
"1237","TAGGTTGGTACCCACG-1_2_1"
"1238","TAGGTTGTCATGTCTT-1_2_1"
"1239","TAGTGCACAGTGTACT-1_2_1"
"1240","TATACCTAGCTGGTGA-1_2_1"
"1241","TATACCTTCCGCGGAT-1_2_1"
"1242","TATATCCAGGCACGAT-1_2_1"
"1243","TATATCCGTCTGTAAC-1_2_1"
"1244","TATATCCGTTAACAGA-1_2_1"
"1245","TATCAGGGTACTGCCG-1_2_1"
"1246","TATCCTAAGAGTTGTA-1_2_1"
"1247","TATCCTAAGCGATGCA-1_2_1"
"1248","TATCCTAAGGCTATCT-1_2_1"
"1249","TATCCTAGTCCACATA-1_2_1"
"1250","TATCCTATCTACTCAT-1_2_1"
"1251","TATCGCCGTCGCAACC-1_2_1"
"1252","TATCGCCGTTCGGTCG-1_2_1"
"1253","TATCTTGAGCCTTTGA-1_2_1"
"1254","TATTCCAAGAGAGTGA-1_2_1"
"1255","TATTCCAAGGTTACCT-1_2_1"
"1256","TATTGCTCAGGGAGAG-1_2_1"
"1257","TATTGGGCACATTACG-1_2_1"
"1258","TCAAGACTCCATGCAA-1_2_1"
"1259","TCAAGCAAGCTCATAC-1_2_1"
"1260","TCAAGTGAGAAGTCTA-1_2_1"
"1261","TCAAGTGAGGAGGCAG-1_2_1"
"1262","TCAAGTGCAAATCGTC-1_2_1"
"1263","TCAAGTGTCTCTAAGG-1_2_1"
"1264","TCAAGTGTCTGCGGAC-1_2_1"
"1265","TCAATCTCAATTCTCT-1_2_1"
"1266","TCAATTCAGATGGCAC-1_2_1"
"1267","TCAATTCGTGAACTAA-1_2_1"
"1268","TCAATTCGTTGACGGA-1_2_1"
"1269","TCAATTCTCTATTGTC-1_2_1"
"1270","TCACAAGAGTCACGAG-1_2_1"
"1271","TCACAAGCAGCTCATA-1_2_1"
"1272","TCACAAGCATGACTAC-1_2_1"
"1273","TCACAAGTCCTATGGA-1_2_1"
"1274","TCACACCGTCTACAGT-1_2_1"
"1275","TCACATTTCTCGCCTA-1_2_1"
"1276","TCACGCTCAGACTGCC-1_2_1"
"1277","TCACGCTTCGGTAGAG-1_2_1"
"1278","TCACGCTTCTGGCCTT-1_2_1"
"1279","TCACGGGCACGTCGTG-1_2_1"
"1280","TCACTATAGTCCGCCA-1_2_1"
"1281","TCACTATCACCCAACG-1_2_1"
"1282","TCACTATTCATGCCCT-1_2_1"
"1283","TCAGCAATCATACGAC-1_2_1"
"1284","TCAGCCTAGCGATGCA-1_2_1"
"1285","TCAGGGCAGCTGAGTG-1_2_1"
"1286","TCAGGGCTCAGCGCAC-1_2_1"
"1287","TCAGTCCCAAGAAACT-1_2_1"
"1288","TCAGTGAGTATATGGA-1_2_1"
"1289","TCAGTTTCAGGGTCTC-1_2_1"
"1290","TCAGTTTGTCCGCAGT-1_2_1"
"1291","TCATACTGTCCAGTTA-1_2_1"
"1292","TCATACTTCGCCCAGA-1_2_1"
"1293","TCATACTTCGGCCAAC-1_2_1"
"1294","TCATATCTCCCTTGGT-1_2_1"
"1295","TCATATCTCGTCCATC-1_2_1"
"1296","TCATCATCACTACAGT-1_2_1"
"1297","TCATCATGTCGCTGCA-1_2_1"
"1298","TCATCCGTCTGGACCG-1_2_1"
"1299","TCATGAGCAAGTCCAT-1_2_1"
"1300","TCATGAGGTCACTCGG-1_2_1"
"1301","TCATGCCAGGAAAGAC-1_2_1"
"1302","TCATGCCAGGGAGTTC-1_2_1"
"1303","TCATGCCGTAATGCTC-1_2_1"
"1304","TCATGCCTCATCACTT-1_2_1"
"1305","TCATGGAGTAAGGCCA-1_2_1"
"1306","TCATGGAGTATCGATC-1_2_1"
"1307","TCATGGATCTAGTACG-1_2_1"
"1308","TCATGTTAGAAGCTCG-1_2_1"
"1309","TCATGTTAGTCCCTAA-1_2_1"
"1310","TCATGTTCACGAAGAC-1_2_1"
"1311","TCATGTTGTTGGACCC-1_2_1"
"1312","TCATGTTTCGCTGTCT-1_2_1"
"1313","TCATTACCAGGTGTTT-1_2_1"
"1314","TCATTACTCCTAGCTC-1_2_1"
"1315","TCATTACTCGGTGTAT-1_2_1"
"1316","TCATTCATCATCGCCT-1_2_1"
"1317","TCATTGTGTAGTGTGG-1_2_1"
"1318","TCATTGTTCTCAACGA-1_2_1"
"1319","TCATTTGTCAGTGGGA-1_2_1"
"1320","TCCACGTCAGGTATGG-1_2_1"
"1321","TCCAGAACAAGCCTGC-1_2_1"
"1322","TCCAGAACAATGTCAC-1_2_1"
"1323","TCCAGAACACTTACAG-1_2_1"
"1324","TCCATCGCAAGTCCAT-1_2_1"
"1325","TCCATCGGTAGTGTGG-1_2_1"
"1326","TCCATCGTCCATGCAA-1_2_1"
"1327","TCCATGCTCAGCGGAA-1_2_1"
"1328","TCCCACAAGTAATTGG-1_2_1"
"1329","TCCCACAGTACAGTCT-1_2_1"
"1330","TCCCACAGTGCCTATA-1_2_1"
"1331","TCCCAGTCAAGCTCTA-1_2_1"
"1332","TCCCAGTCATCAGCGC-1_2_1"
"1333","TCCCAGTTCCTATTGT-1_2_1"
"1334","TCCCATGGTATGATCC-1_2_1"
"1335","TCCCATGGTGCGTTTA-1_2_1"
"1336","TCCGGGAAGGGTCACA-1_2_1"
"1337","TCCGTGTGTCTAACGT-1_2_1"
"1338","TCCTAATAGACTCAAA-1_2_1"
"1339","TCCTAATAGCCAAGGT-1_2_1"
"1340","TCCTAATGTAGTCTGT-1_2_1"
"1341","TCCTCCCCAGACAATA-1_2_1"
"1342","TCCTCCCCATGCCGAC-1_2_1"
"1343","TCCTCGAAGCTCTTCC-1_2_1"
"1344","TCCTCGAAGTGCCAGA-1_2_1"
"1345","TCCTCGATCTTACCGC-1_2_1"
"1346","TCCTCTTTCCGTCCTA-1_2_1"
"1347","TCCTGCATCTCATAGG-1_2_1"
"1348","TCCTTTCGTCAAGGCA-1_2_1"
"1349","TCGAACAAGCTGCCAC-1_2_1"
"1350","TCGAAGTAGCGTCTGC-1_2_1"
"1351","TCGACCTCACAACGCC-1_2_1"
"1352","TCGACCTGTTGATCGT-1_2_1"
"1353","TCGACCTTCCCTTGTG-1_2_1"
"1354","TCGACGGGTTGCTGAT-1_2_1"
"1355","TCGATTTGTCAGTTTG-1_2_1"
"1356","TCGATTTGTCATACCA-1_2_1"
"1357","TCGATTTGTCCACACG-1_2_1"
"1358","TCGATTTGTGGCCTCA-1_2_1"
"1359","TCGCACTCAAATGGTA-1_2_1"
"1360","TCGCACTGTCGAGTGA-1_2_1"
"1361","TCGCAGGAGACGAGCT-1_2_1"
"1362","TCGCAGGCACAACGTT-1_2_1"
"1363","TCGCTCAAGCATGCAG-1_2_1"
"1364","TCGCTCAGTCTCTCAC-1_2_1"
"1365","TCGCTTGAGATGCTGG-1_2_1"
"1366","TCGCTTGTCCGATCTC-1_2_1"
"1367","TCGGATATCGGTTCAA-1_2_1"
"1368","TCGGGACGTGCAGGAT-1_2_1"
"1369","TCGGGCAGTGGGCTCT-1_2_1"
"1370","TCGGTCTAGCCGATAG-1_2_1"
"1371","TCGGTCTCAGGGAATC-1_2_1"
"1372","TCGTCCATCTCTGCTG-1_2_1"
"1373","TCGTGCTCAACGGCCT-1_2_1"
"1374","TCGTGGGAGCTGAGTG-1_2_1"
"1375","TCTAACTCATAGCACT-1_2_1"
"1376","TCTACATGTGACTAAA-1_2_1"
"1377","TCTACATTCTCATGCC-1_2_1"
"1378","TCTACCGAGCCGAATG-1_2_1"
"1379","TCTACCGAGGGAGGAC-1_2_1"
"1380","TCTACCGAGGGCCCTT-1_2_1"
"1381","TCTACCGAGTCAACAA-1_2_1"
"1382","TCTACCGCAACAGCCC-1_2_1"
"1383","TCTACCGCAGCGCGTT-1_2_1"
"1384","TCTACCGGTAAGCTCT-1_2_1"
"1385","TCTACCGGTGTTCCAA-1_2_1"
"1386","TCTACCGGTTGTCCCT-1_2_1"
"1387","TCTATACCAGCTGTGC-1_2_1"
"1388","TCTATCACACTCCTGT-1_2_1"
"1389","TCTCACGAGCTCTGTA-1_2_1"
"1390","TCTCAGCGTCGATTAC-1_2_1"
"1391","TCTCAGCGTGTATACC-1_2_1"
"1392","TCTCCGACAAATTGCC-1_2_1"
"1393","TCTCCGACACTCTGCT-1_2_1"
"1394","TCTTAGTGTATCGCGC-1_2_1"
"1395","TCTTCCTAGTAAACTG-1_2_1"
"1396","TCTTCCTTCTCCGAGG-1_2_1"
"1397","TCTTGCGGTCGCATTA-1_2_1"
"1398","TGAACGTCATTGAAGA-1_2_1"
"1399","TGAACGTGTTGGTGTT-1_2_1"
"1400","TGAACGTTCCACAAGT-1_2_1"
"1401","TGAATCGAGGGAACAA-1_2_1"
"1402","TGAATCGCAAGTGCTT-1_2_1"
"1403","TGAATCGGTCGTTGGC-1_2_1"
"1404","TGAATGCGTACCGGCT-1_2_1"
"1405","TGAATGCTCAATCCAG-1_2_1"
"1406","TGACAGTGTGGTCCGT-1_2_1"
"1407","TGACCCTAGTATAACG-1_2_1"
"1408","TGACCCTAGTCGAATA-1_2_1"
"1409","TGACCCTCAAATGAGT-1_2_1"
"1410","TGACGCGCAGCATGCC-1_2_1"
"1411","TGACGCGCAGTTTCAG-1_2_1"
"1412","TGACTCCAGTTGCCCG-1_2_1"
"1413","TGACTCCTCACGTCCT-1_2_1"
"1414","TGAGCATAGAGGTTAT-1_2_1"
"1415","TGAGCATGTTGTTTGG-1_2_1"
"1416","TGAGCATTCCGTACGG-1_2_1"
"1417","TGAGCATTCGCATGAT-1_2_1"
"1418","TGAGCGCGTCGGTGTC-1_2_1"
"1419","TGAGGAGGTCTCACAA-1_2_1"
"1420","TGAGGAGTCCCAAGTA-1_2_1"
"1421","TGAGGTTAGCTTACGT-1_2_1"
"1422","TGAGGTTGTGGACTAG-1_2_1"
"1423","TGAGGTTGTTTGGCTA-1_2_1"
"1424","TGAGTCAAGAACCGCA-1_2_1"
"1425","TGAGTCACAAGCACAG-1_2_1"
"1426","TGAGTCACACGCGCAT-1_2_1"
"1427","TGAGTCAGTGCGAGTA-1_2_1"
"1428","TGAGTCAGTTCAGCTA-1_2_1"
"1429","TGAGTCATCACCTGGG-1_2_1"
"1430","TGATCAGAGAGTGGCT-1_2_1"
"1431","TGATCAGAGGTGAGCT-1_2_1"
"1432","TGATCTTAGCCTGTCG-1_2_1"
"1433","TGATCTTAGTCGTTAC-1_2_1"
"1434","TGATCTTTCCAGGACC-1_2_1"
"1435","TGATGCAGTACTAGCT-1_2_1"
"1436","TGATGCAGTTTCAGAC-1_2_1"
"1437","TGATGCATCCTCACTG-1_2_1"
"1438","TGATGGTGTTGCATCA-1_2_1"
"1439","TGATGGTTCAAATAGG-1_2_1"
"1440","TGATTCTTCACTGATG-1_2_1"
"1441","TGATTCTTCCGAGATT-1_2_1"
"1442","TGATTTCCAGTGGCTC-1_2_1"
"1443","TGATTTCGTAGGACCA-1_2_1"
"1444","TGATTTCTCCTCGATC-1_2_1"
"1445","TGCAGATGTCGCTGCA-1_2_1"
"1446","TGCAGTAAGTAAAGCT-1_2_1"
"1447","TGCAGTATCCAGTGTA-1_2_1"
"1448","TGCCGAGAGAGGATCC-1_2_1"
"1449","TGCCGAGCAACCAACT-1_2_1"
"1450","TGCGACGCACAGTGTT-1_2_1"
"1451","TGCGACGCAGTCTGGC-1_2_1"
"1452","TGCGGCAAGGTGCCAA-1_2_1"
"1453","TGCGGCAGTCGTTCAA-1_2_1"
"1454","TGCGGCAGTGATAGAT-1_2_1"
"1455","TGCGGCAGTTACGCCG-1_2_1"
"1456","TGCGGCAGTTTCACTT-1_2_1"
"1457","TGCTGAATCTACCACC-1_2_1"
"1458","TGCTTCGCAATGAACA-1_2_1"
"1459","TGCTTCGCAGAACCGA-1_2_1"
"1460","TGCTTCGCAGCACCCA-1_2_1"
"1461","TGCTTCGTCTCAGGCG-1_2_1"
"1462","TGCTTCGTCTCGTGGG-1_2_1"
"1463","TGCTTGCGTGTCCACG-1_2_1"
"1464","TGCTTGCGTTATAGCC-1_2_1"
"1465","TGGAGAGCACAAAGTA-1_2_1"
"1466","TGGATCAAGCCGAATG-1_2_1"
"1467","TGGATGTAGACTGAGC-1_2_1"
"1468","TGGCGTGAGACGAAGA-1_2_1"
"1469","TGGGAAGTCGTCGACG-1_2_1"
"1470","TGGGAAGTCTACTGCC-1_2_1"
"1471","TGGGAGACAATGACCT-1_2_1"
"1472","TGGGATTGTTAAGCAA-1_2_1"
"1473","TGGGCGTCAGCGACCT-1_2_1"
"1474","TGGGCTGGTATGCGGA-1_2_1"
"1475","TGGGTTAAGTAGTCCT-1_2_1"
"1476","TGGGTTATCTCCAATT-1_2_1"
"1477","TGGTACAAGTGATCGG-1_2_1"
"1478","TGGTACAGTCGGTGTC-1_2_1"
"1479","TGGTAGTAGGGAGGAC-1_2_1"
"1480","TGGTTAGCACGGATCC-1_2_1"
"1481","TGGTTAGTCAACTTTC-1_2_1"
"1482","TGTAAGCAGAGTCGAC-1_2_1"
"1483","TGTACAGAGAAGTCTA-1_2_1"
"1484","TGTACAGAGTGTGTTC-1_2_1"
"1485","TGTACAGGTCTACAAC-1_2_1"
"1486","TGTAGACAGACTAAGT-1_2_1"
"1487","TGTAGACCACCGCTGA-1_2_1"
"1488","TGTAGACTCATCACCC-1_2_1"
"1489","TGTCCACCAACTGCTA-1_2_1"
"1490","TGTCCACGTATGCAAA-1_2_1"
"1491","TGTCCCATCAACACGT-1_2_1"
"1492","TGTCCCATCCGAGAAG-1_2_1"
"1493","TGTCCCATCTCTGCCA-1_2_1"
"1494","TGTGAGTAGTGCCTCG-1_2_1"
"1495","TGTGATGGTACAAGTA-1_2_1"
"1496","TGTGATGGTGGCCACT-1_2_1"
"1497","TGTGGCGAGCATTGTC-1_2_1"
"1498","TGTGGCGTCCACGTCT-1_2_1"
"1499","TGTGTGAAGCAATAAC-1_2_1"
"1500","TGTTACTGTTGGGACA-1_2_1"
"1501","TGTTACTTCGTCCTTG-1_2_1"
"1502","TGTTACTTCTCGACCT-1_2_1"
"1503","TGTTCATTCATCTCTA-1_2_1"
"1504","TGTTCATTCCATGATG-1_2_1"
"1505","TGTTCCGGTAGCTAAA-1_2_1"
"1506","TGTTCTACACAGTATC-1_2_1"
"1507","TGTTGAGCACCCAATA-1_2_1"
"1508","TGTTGAGGTCGCCACA-1_2_1"
"1509","TGTTGAGTCATTTGTC-1_2_1"
"1510","TGTTGAGTCGACGCGT-1_2_1"
"1511","TGTTGGATCCTGTTAT-1_2_1"
"1512","TGTTTGTGTTCAGCGC-1_2_1"
"1513","TTAATCCAGCATGGGT-1_2_1"
"1514","TTAATCCAGCTGACCC-1_2_1"
"1515","TTAATCCTCAAGAGTA-1_2_1"
"1516","TTACAGGAGACGAGCT-1_2_1"
"1517","TTACAGGAGACGCTCC-1_2_1"
"1518","TTACAGGGTCGGTGAA-1_2_1"
"1519","TTACCATAGGGTGGGA-1_2_1"
"1520","TTACCATAGGTTCAGG-1_2_1"
"1521","TTACCATGTACGGCAA-1_2_1"
"1522","TTACCATGTGGTTTAC-1_2_1"
"1523","TTACCATTCGCGTGCA-1_2_1"
"1524","TTACGCCCAATAGGAT-1_2_1"
"1525","TTACGTTAGGCTTAAA-1_2_1"
"1526","TTAGGCAAGTATTGCC-1_2_1"
"1527","TTAGGCAGTATTGCCA-1_2_1"
"1528","TTAGGCAGTGTCATCA-1_2_1"
"1529","TTAGGGTCAGCTACAT-1_2_1"
"1530","TTAGGGTCAGGATTCT-1_2_1"
"1531","TTAGGGTCAGTCAGCC-1_2_1"
"1532","TTAGGGTGTAGGTCAG-1_2_1"
"1533","TTAGGGTGTGGCTCTG-1_2_1"
"1534","TTAGTCTCAAATGAAC-1_2_1"
"1535","TTATTGCAGGTAATCA-1_2_1"
"1536","TTATTGCAGTTTGGCT-1_2_1"
"1537","TTATTGCTCGAACCTA-1_2_1"
"1538","TTCAATCTCTTGATTC-1_2_1"
"1539","TTCACGCCAGCTGTGC-1_2_1"
"1540","TTCACGCTCTTCCCAG-1_2_1"
"1541","TTCAGGAAGCGCGTTC-1_2_1"
"1542","TTCAGGAAGTCTAACC-1_2_1"
"1543","TTCAGGACAACGACTT-1_2_1"
"1544","TTCATGTAGCTTACGT-1_2_1"
"1545","TTCATTGAGTCATGAA-1_2_1"
"1546","TTCATTGCAGGGAATC-1_2_1"
"1547","TTCCAATTCCGCAAAT-1_2_1"
"1548","TTCCACGCAGCAGACA-1_2_1"
"1549","TTCCGTGGTATCTCTT-1_2_1"
"1550","TTCCTAAGTTCGAGCC-1_2_1"
"1551","TTCCTAATCCGACAGC-1_2_1"
"1552","TTCCTCTTCGTTGTTT-1_2_1"
"1553","TTCCTTCTCGGTCTAA-1_2_1"
"1554","TTCGATTCAGAACGCA-1_2_1"
"1555","TTCGCTGCAAGGGCAT-1_2_1"
"1556","TTCGGTCTCGCTGACG-1_2_1"
"1557","TTCTAGTCACAAAGTA-1_2_1"
"1558","TTCTAGTTCGAGTCCG-1_2_1"
"1559","TTCTAGTTCTATCCAT-1_2_1"
"1560","TTCTAGTTCTTACCAT-1_2_1"
"1561","TTCTCTCCACTAAACC-1_2_1"
"1562","TTCTCTCCAGTACTAC-1_2_1"
"1563","TTCTCTCTCCAACTAG-1_2_1"
"1564","TTCTCTCTCTTACGGA-1_2_1"
"1565","TTCTGTAAGACATATG-1_2_1"
"1566","TTCTGTAAGCCAGTAG-1_2_1"
"1567","TTCTTCCAGCAGTCTT-1_2_1"
"1568","TTCTTCCAGGGTCACA-1_2_1"
"1569","TTCTTCCCAGGCCTGT-1_2_1"
"1570","TTCTTCCGTAGGTACG-1_2_1"
"1571","TTCTTGAGTGCTTATG-1_2_1"
"1572","TTGAACGGTTGGAGAC-1_2_1"
"1573","TTGAACGTCGCACGGT-1_2_1"
"1574","TTGACCCGTTAAGGGC-1_2_1"
"1575","TTGATGGCATCACAGT-1_2_1"
"1576","TTGATGGCATGAGAAT-1_2_1"
"1577","TTGCATTAGTCTGGTT-1_2_1"
"1578","TTGCATTCACCAGACC-1_2_1"
"1579","TTGCATTGTCTACACA-1_2_1"
"1580","TTGCCTGTCCGCGAGT-1_2_1"
"1581","TTGCGTCGTGAATAAC-1_2_1"
"1582","TTGCTGCAGTAAACTG-1_2_1"
"1583","TTGCTGCAGTACTGGG-1_2_1"
"1584","TTGCTGCGTAGGGAGG-1_2_1"
"1585","TTGCTGCTCAAGCCTA-1_2_1"
"1586","TTGGGATAGCTGTCCG-1_2_1"
"1587","TTGGGATCAATATCCG-1_2_1"
"1588","TTGGGCGGTTCTATCT-1_2_1"
"1589","TTGGGTAAGCAGATAT-1_2_1"
"1590","TTGGTTTCAACCAATC-1_2_1"
"1591","TTGGTTTGTATCGAGG-1_2_1"
"1592","TTGTGGAAGTATGATG-1_2_1"
"1593","TTGTGGATCACTAGCA-1_2_1"
"1594","TTGTGGATCCTGGCTT-1_2_1"
"1595","TTGTTCAAGGGTCTTT-1_2_1"
"1596","TTGTTCATCTCAAAGC-1_2_1"
"1597","TTGTTGTAGCTCTGTA-1_2_1"
"1598","TTGTTTGGTTTATGCG-1_2_1"
"1599","TTTACCAGTGGTATGG-1_2_1"
"1600","TTTACCATCAGGACGA-1_2_1"
"1601","TTTACCATCCGATAGT-1_2_1"
"1602","TTTACTGCAATACGCT-1_2_1"
"1603","TTTATGCGTTGCTGAT-1_2_1"
"1604","TTTCACATCCGCAAAT-1_2_1"
"1605","TTTCAGTAGTGCTACT-1_2_1"
"1606","TTTCAGTGTAAGTTGA-1_2_1"
"1607","TTTCATGCACAGAGCA-1_2_1"
"1608","TTTCATGGTATCGCGC-1_2_1"
"1609","TTTCATGGTTCTAAGC-1_2_1"
"1610","TTTCATGTCTTCCACG-1_2_1"
"1611","TTTCCTCTCAGAATAG-1_2_1"
"1612","TTTCGATAGCATGCGA-1_2_1"
"1613","TTTGACTGTCGCTTAA-1_2_1"
"1614","TTTGGAGAGCCTTTGA-1_2_1"
"1615","TTTGGAGCAGCGCGTT-1_2_1"
"1616","TTTGGTTGTAGTCCTA-1_2_1"
"1617","TTTGGTTGTCCAAGAG-1_2_1"
"1618","TTTGGTTTCCAAACCA-1_2_1"
"1619","TTTGGTTTCCCAACTC-1_2_1"
"1620","TTTGTTGAGATTGACA-1_2_1"
"1621","TTTGTTGAGCAAATCA-1_2_1"
"1622","TTTGTTGCAAAGAACT-1_2_1"
"1623","TTTGTTGGTCAATCTG-1_2_1"
"1624","TTTGTTGTCCGCGGAT-1_2_1"
