"","x"
"1","AAACCCAAGTGTAGTA-1_3_1"
"2","AAACCCACACCGTGGT-1_3_1"
"3","AAACCCAGTTGCACGC-1_3_1"
"4","AAACCCATCTTTCAGT-1_3_1"
"5","AAACGAAGTCAACCTA-1_3_1"
"6","AAAGAACAGAGTGTGC-1_3_1"
"7","AAAGGATGTACTAGCT-1_3_1"
"8","AAAGGGCGTGCTGATT-1_3_1"
"9","AAAGGTAGTGTTGACT-1_3_1"
"10","AAAGTGACATTGTCGA-1_3_1"
"11","AAAGTGAGTATGATCC-1_3_1"
"12","AACAAAGCAACGACTT-1_3_1"
"13","AACAAAGTCCGTACGG-1_3_1"
"14","AACAACCCAAATGGCG-1_3_1"
"15","AACAACCGTGCGGCTT-1_3_1"
"16","AACAACCTCAATGTCG-1_3_1"
"17","AACAACCTCACCGACG-1_3_1"
"18","AACAAGAAGCTATCTG-1_3_1"
"19","AACAAGACAAGTATAG-1_3_1"
"20","AACAAGAGTGCAGATG-1_3_1"
"21","AACACACCATTGCTTT-1_3_1"
"22","AACAGGGAGAATCTAG-1_3_1"
"23","AACAGGGCACCCTCTA-1_3_1"
"24","AACCAACGTTGGCCGT-1_3_1"
"25","AACCACAAGGAAAGTG-1_3_1"
"26","AACCACACACTACTTT-1_3_1"
"27","AACCACATCGATCCAA-1_3_1"
"28","AACCCAAAGCCAAGTG-1_3_1"
"29","AACCCAAAGCCACCGT-1_3_1"
"30","AACCTTTCACGGCTAC-1_3_1"
"31","AACGTCAAGGATACCG-1_3_1"
"32","AACTTCTCACAGCATT-1_3_1"
"33","AACTTCTGTCAAGCCC-1_3_1"
"34","AAGAACAAGCCAGAGT-1_3_1"
"35","AAGAACACAATTCTTC-1_3_1"
"36","AAGAACAGTAGCACGA-1_3_1"
"37","AAGACAACATACATCG-1_3_1"
"38","AAGATAGCAGAGGTTG-1_3_1"
"39","AAGATAGCAGCTGAGA-1_3_1"
"40","AAGCATCTCGTTCGCT-1_3_1"
"41","AAGCCATAGCGTCTCG-1_3_1"
"42","AAGCCATCACAGAAGC-1_3_1"
"43","AAGCGTTCAACTCGAT-1_3_1"
"44","AAGGAATAGCCTAGGA-1_3_1"
"45","AAGGTAAAGCGTGCTC-1_3_1"
"46","AAGGTAAGTAGATTGA-1_3_1"
"47","AAGTACCCAAATACAG-1_3_1"
"48","AAGTACCTCACTCTTA-1_3_1"
"49","AATCGACGTACGTGTT-1_3_1"
"50","AATCGACTCCTTATCA-1_3_1"
"51","AATCGTGGTCCCGTGA-1_3_1"
"52","AATGAAGAGATGCTTC-1_3_1"
"53","AATGACCTCAGACCGC-1_3_1"
"54","AATGACCTCTCTCGCA-1_3_1"
"55","AATGCCAAGGTAGACC-1_3_1"
"56","AATGCCACACTCCGGA-1_3_1"
"57","AATGCCATCACGGAGA-1_3_1"
"58","AATGGAACACAATTCG-1_3_1"
"59","AATGGAAGTTTGATCG-1_3_1"
"60","AATGGCTCACGGTGAA-1_3_1"
"61","AATGGCTTCCGTATAG-1_3_1"
"62","AATTCCTGTAAGGCTG-1_3_1"
"63","AATTTCCAGGTCTGGA-1_3_1"
"64","AATTTCCAGGTGCTGA-1_3_1"
"65","AATTTCCTCTTCCTAA-1_3_1"
"66","ACAAAGATCAGATGCT-1_3_1"
"67","ACAACCACAATGCAAA-1_3_1"
"68","ACAACCACAGTTGTCA-1_3_1"
"69","ACAACCAGTCTTCTAT-1_3_1"
"70","ACAACCAGTGATAGAT-1_3_1"
"71","ACAACCATCCTCACGT-1_3_1"
"72","ACAAGCTAGTTCCGTA-1_3_1"
"73","ACACAGTCAGAGCCCT-1_3_1"
"74","ACACCAACACGTCTCT-1_3_1"
"75","ACACCAAGTTCTCCCA-1_3_1"
"76","ACACGCGTCTTCGTAT-1_3_1"
"77","ACAGAAAGTTTCACAG-1_3_1"
"78","ACAGCCGAGATGTTGA-1_3_1"
"79","ACAGCCGCACGATTCA-1_3_1"
"80","ACAGCCGGTGTCTAAC-1_3_1"
"81","ACAGGGACATGGAACG-1_3_1"
"82","ACAGGGATCCCACAGG-1_3_1"
"83","ACATCGAAGAAGATCT-1_3_1"
"84","ACATCGACATCCTTCG-1_3_1"
"85","ACATCGAGTCACATTG-1_3_1"
"86","ACATGCAAGTCTGCGC-1_3_1"
"87","ACATGCATCCAATGCA-1_3_1"
"88","ACATTTCAGCAGCACA-1_3_1"
"89","ACATTTCTCGCTTAAG-1_3_1"
"90","ACATTTCTCGTTCGCT-1_3_1"
"91","ACCAAACTCCCATTCG-1_3_1"
"92","ACCAAACTCTCTAGGA-1_3_1"
"93","ACCAACACACACTTAG-1_3_1"
"94","ACCACAAAGTGCAAAT-1_3_1"
"95","ACCATTTGTTTCTATC-1_3_1"
"96","ACCCAAAGTAGCCAGA-1_3_1"
"97","ACCCTCAGTCCGATCG-1_3_1"
"98","ACCCTTGAGAGGTTAT-1_3_1"
"99","ACCCTTGAGTCGGCCT-1_3_1"
"100","ACCCTTGCATTCTCTA-1_3_1"
"101","ACCGTTCGTGATAGAT-1_3_1"
"102","ACCTACCAGGCTTAGG-1_3_1"
"103","ACCTACCCAGTGTGGA-1_3_1"
"104","ACCTACCGTACGAGTG-1_3_1"
"105","ACCTACCTCACATTGG-1_3_1"
"106","ACGATCAAGCGTGTTT-1_3_1"
"107","ACGATCACATAAGATG-1_3_1"
"108","ACGATGTGTTGTCTAG-1_3_1"
"109","ACGATGTTCTCAACCC-1_3_1"
"110","ACGCACGCACCGTCGA-1_3_1"
"111","ACGGAAGTCACCTCAC-1_3_1"
"112","ACGGGTCCATGAGTAA-1_3_1"
"113","ACGGTCGTCCACCCTA-1_3_1"
"114","ACGGTCGTCGGCTATA-1_3_1"
"115","ACGGTCGTCTCTCAAT-1_3_1"
"116","ACGGTTAAGCTACTGT-1_3_1"
"117","ACGGTTAGTGTCTCCT-1_3_1"
"118","ACGGTTATCAAGTCTG-1_3_1"
"119","ACGTACAAGTCAAGCG-1_3_1"
"120","ACGTACATCCATGAGT-1_3_1"
"121","ACGTACATCTGCAGCG-1_3_1"
"122","ACGTAGTCAGAAGTGC-1_3_1"
"123","ACGTAGTGTACCACGC-1_3_1"
"124","ACGTCCTCATCTAACG-1_3_1"
"125","ACGTCCTTCAGGACGA-1_3_1"
"126","ACTACGACACCCATAA-1_3_1"
"127","ACTACGATCTTGATTC-1_3_1"
"128","ACTATCTAGCGCGTTC-1_3_1"
"129","ACTATGGAGGTAAACT-1_3_1"
"130","ACTATTCAGGTGCTTT-1_3_1"
"131","ACTCCCAAGGTACAGC-1_3_1"
"132","ACTCCCAAGTCATCCA-1_3_1"
"133","ACTCCCAGTTTGTTGG-1_3_1"
"134","ACTCTCGAGCGACAGT-1_3_1"
"135","ACTCTCGAGCGTGAAC-1_3_1"
"136","ACTGCAAAGATCCGAG-1_3_1"
"137","ACTGTGAAGACCTCAT-1_3_1"
"138","ACTGTGACAGATTCGT-1_3_1"
"139","ACTGTGACATGTTCGA-1_3_1"
"140","ACTGTGATCAGCCTTC-1_3_1"
"141","ACTTTCAAGGGAGGAC-1_3_1"
"142","ACTTTCATCCCAACTC-1_3_1"
"143","ACTTTGTCAGAAGTGC-1_3_1"
"144","ACTTTGTGTAGCTGTT-1_3_1"
"145","ACTTTGTGTCCAGTTA-1_3_1"
"146","AGAAATGCACACAGAG-1_3_1"
"147","AGAAATGTCCCATTCG-1_3_1"
"148","AGAAATGTCGTGAGAG-1_3_1"
"149","AGAACAATCCATTCGC-1_3_1"
"150","AGAACAATCTAGTGTG-1_3_1"
"151","AGAACCTAGAGAGGTA-1_3_1"
"152","AGAACCTGTCATCGGC-1_3_1"
"153","AGAACCTGTCGCTCGA-1_3_1"
"154","AGAACCTGTGCCTTTC-1_3_1"
"155","AGAACCTTCGCTTACC-1_3_1"
"156","AGAAGCGAGCTCGGCT-1_3_1"
"157","AGAAGCGGTTAGAGTA-1_3_1"
"158","AGAAGTAGTCGACTGC-1_3_1"
"159","AGAAGTAGTTTCGATG-1_3_1"
"160","AGAAGTATCTCGTGGG-1_3_1"
"161","AGACACTTCCGCTAGG-1_3_1"
"162","AGACAGGAGTGCTCAT-1_3_1"
"163","AGACAGGCAGTTCTAG-1_3_1"
"164","AGACCATAGGTAAGAG-1_3_1"
"165","AGACCATGTGTGTTTG-1_3_1"
"166","AGACCCGGTACATACC-1_3_1"
"167","AGACCCGGTGTCATTG-1_3_1"
"168","AGACTCACAAAGACTA-1_3_1"
"169","AGAGAATTCGCCAATA-1_3_1"
"170","AGAGAGCTCCCTCGTA-1_3_1"
"171","AGAGCCCAGACATACA-1_3_1"
"172","AGAGCCCCAAATAAGC-1_3_1"
"173","AGAGCCCTCACGTAGT-1_3_1"
"174","AGATAGAAGTAACGAT-1_3_1"
"175","AGATAGAAGTCTACCA-1_3_1"
"176","AGATAGAGTTCGAGCC-1_3_1"
"177","AGATCGTAGACGGTCA-1_3_1"
"178","AGATGAAAGTCATGGG-1_3_1"
"179","AGATGCTAGATCCCAT-1_3_1"
"180","AGATGCTAGATGATTG-1_3_1"
"181","AGATGCTCAACACGAG-1_3_1"
"182","AGATGCTCACAGGATG-1_3_1"
"183","AGCCAGCAGACAGCTG-1_3_1"
"184","AGCCAGCAGGTACAGC-1_3_1"
"185","AGCGATTAGTTTGAGA-1_3_1"
"186","AGCGATTGTAGGATAT-1_3_1"
"187","AGCGATTGTCTAATCG-1_3_1"
"188","AGCGATTTCTGGTTGA-1_3_1"
"189","AGCGCTGCACCCTTGT-1_3_1"
"190","AGCGCTGGTTTACTTC-1_3_1"
"191","AGCGTATAGATGAAGG-1_3_1"
"192","AGCGTATAGGTTGAGC-1_3_1"
"193","AGCGTCGCAAGCACAG-1_3_1"
"194","AGCGTCGGTGAGAGGG-1_3_1"
"195","AGCTTCCGTCGTAATC-1_3_1"
"196","AGGAATAAGACCTGGA-1_3_1"
"197","AGGACTTAGTTAACGA-1_3_1"
"198","AGGACTTGTATCAGCT-1_3_1"
"199","AGGAGGTAGTCGCCCA-1_3_1"
"200","AGGAGGTGTCTCGGGT-1_3_1"
"201","AGGATAATCCTGGCTT-1_3_1"
"202","AGGATCTAGAGATGCC-1_3_1"
"203","AGGATCTGTGCACATT-1_3_1"
"204","AGGATCTGTTTCGATG-1_3_1"
"205","AGGATCTTCCTCTGCA-1_3_1"
"206","AGGATCTTCCTTATGT-1_3_1"
"207","AGGATCTTCGGACAAG-1_3_1"
"208","AGGGAGTAGCAGCGAT-1_3_1"
"209","AGGGCCTAGGACGGAG-1_3_1"
"210","AGGGCCTCACAGAGCA-1_3_1"
"211","AGGGCTCGTACGAGTG-1_3_1"
"212","AGGGTTTGTACCTATG-1_3_1"
"213","AGGGTTTGTCCAGGTC-1_3_1"
"214","AGGTAGGAGCGAAACC-1_3_1"
"215","AGGTAGGCACGCGCAT-1_3_1"
"216","AGGTAGGTCGTCAGAT-1_3_1"
"217","AGGTCATCACCTCGTT-1_3_1"
"218","AGGTCATGTAAGAACT-1_3_1"
"219","AGGTCATGTAGACGGT-1_3_1"
"220","AGGTGTTAGCACTCAT-1_3_1"
"221","AGGTGTTGTCTTCTAT-1_3_1"
"222","AGGTTACTCCGATGTA-1_3_1"
"223","AGGTTGTGTTAAACCC-1_3_1"
"224","AGTAACCGTAGTCCTA-1_3_1"
"225","AGTACTGGTAGGGTAC-1_3_1"
"226","AGTACTGTCTCCCTAG-1_3_1"
"227","AGTAGTCAGGTTCCGC-1_3_1"
"228","AGTAGTCGTGAGCAGT-1_3_1"
"229","AGTCAACGTCAACATC-1_3_1"
"230","AGTCAACTCCATCCGT-1_3_1"
"231","AGTCACACACTTGGCG-1_3_1"
"232","AGTGACTAGGCATCTT-1_3_1"
"233","AGTGATCGTTTAGACC-1_3_1"
"234","AGTGCCGCAAGCGAAC-1_3_1"
"235","AGTGTTGAGCTTTCTT-1_3_1"
"236","AGTGTTGCAAACAGGC-1_3_1"
"237","AGTGTTGGTCGTTGCG-1_3_1"
"238","AGTTAGCAGAGTGAAG-1_3_1"
"239","AGTTAGCAGTGGTTAA-1_3_1"
"240","AGTTAGCCAAAGTATG-1_3_1"
"241","AGTTAGCCAGGCATGA-1_3_1"
"242","AGTTAGCTCATGCCGG-1_3_1"
"243","AGTTCCCTCCAGGACC-1_3_1"
"244","AGTTCGAAGGAACTCG-1_3_1"
"245","ATACCGACAGCGCTTG-1_3_1"
"246","ATACCTTGTTGGCCTG-1_3_1"
"247","ATACCTTTCAATCAGC-1_3_1"
"248","ATACTTCGTGACCTGC-1_3_1"
"249","ATAGACCGTTTGTGGT-1_3_1"
"250","ATAGAGACATTAGGAA-1_3_1"
"251","ATAGAGAGTAAGACCG-1_3_1"
"252","ATAGAGAGTTCCGTTC-1_3_1"
"253","ATAGGCTAGGAAAGTG-1_3_1"
"254","ATAGGCTTCGTGGGTC-1_3_1"
"255","ATCACAGAGGTCTTTG-1_3_1"
"256","ATCACAGGTGAGATAT-1_3_1"
"257","ATCACGATCTTTCGAT-1_3_1"
"258","ATCACTTAGTAGCTCT-1_3_1"
"259","ATCACTTGTATGGAGC-1_3_1"
"260","ATCAGGTAGGTTTGAA-1_3_1"
"261","ATCAGGTGTTAAGTCC-1_3_1"
"262","ATCAGGTGTTCTGAGT-1_3_1"
"263","ATCAGGTGTTGGACCC-1_3_1"
"264","ATCATTCCAACTGGTT-1_3_1"
"265","ATCATTCTCGAAGAAT-1_3_1"
"266","ATCCACCGTAGCTGTT-1_3_1"
"267","ATCCCTGGTTATAGAG-1_3_1"
"268","ATCGCCTAGATAACAC-1_3_1"
"269","ATCGCCTCACATTACG-1_3_1"
"270","ATCGCCTCATGGATCT-1_3_1"
"271","ATCGCCTGTCAAAGTA-1_3_1"
"272","ATCGGATGTGTTTCTT-1_3_1"
"273","ATCGGATTCGCTTGAA-1_3_1"
"274","ATCGGATTCTTGGCTC-1_3_1"
"275","ATCGGCGCAAACAGGC-1_3_1"
"276","ATCGTAGGTAGATGTA-1_3_1"
"277","ATCGTCCAGAATGTTG-1_3_1"
"278","ATCGTGAGTGCGGATA-1_3_1"
"279","ATCGTGATCCATTGGA-1_3_1"
"280","ATCTCTAAGTAACGAT-1_3_1"
"281","ATCTCTATCATTATCC-1_3_1"
"282","ATGAAAGAGCTGACAG-1_3_1"
"283","ATGACCAGTCCAGAAG-1_3_1"
"284","ATGACCAGTTAGGGTG-1_3_1"
"285","ATGACCATCAAGCCCG-1_3_1"
"286","ATGACCATCACCCTTG-1_3_1"
"287","ATGAGGGTCCGCAGTG-1_3_1"
"288","ATGAGTCTCGACGCGT-1_3_1"
"289","ATGAGTCTCTATACTC-1_3_1"
"290","ATGATCGCACCGTCTT-1_3_1"
"291","ATGATCGCATGCGTGC-1_3_1"
"292","ATGATCGTCGGTTGTA-1_3_1"
"293","ATGCCTCGTCACAATC-1_3_1"
"294","ATGCCTCGTGTGTCCG-1_3_1"
"295","ATGCGATAGACAACAT-1_3_1"
"296","ATGCGATAGTTGGAAT-1_3_1"
"297","ATGCGATGTACATACC-1_3_1"
"298","ATGCGATTCAGCACCG-1_3_1"
"299","ATGGAGGTCCTGCCAT-1_3_1"
"300","ATGGATCGTGTCCATA-1_3_1"
"301","ATGGATCGTTTGGGAG-1_3_1"
"302","ATGGGAGCAGGTCCCA-1_3_1"
"303","ATGGGAGGTATGCTTG-1_3_1"
"304","ATGGGTTCAAATGGCG-1_3_1"
"305","ATGGTTGGTGCCGTTG-1_3_1"
"306","ATGGTTGTCTGACAGT-1_3_1"
"307","ATGTCCCGTGTACATC-1_3_1"
"308","ATGTCCCGTTGATGTC-1_3_1"
"309","ATGTCTTGTTGCTGAT-1_3_1"
"310","ATTACCTCACGGTGAA-1_3_1"
"311","ATTACTCGTAGTATAG-1_3_1"
"312","ATTATCCAGACATCAA-1_3_1"
"313","ATTATCCTCTCCGAGG-1_3_1"
"314","ATTCACTCAGTCGCAC-1_3_1"
"315","ATTCACTGTATCGATC-1_3_1"
"316","ATTCACTGTTGCTTGA-1_3_1"
"317","ATTCAGGAGACCAAAT-1_3_1"
"318","ATTCAGGAGCCAGAGT-1_3_1"
"319","ATTCAGGAGTTGCCCG-1_3_1"
"320","ATTCAGGCACTAAACC-1_3_1"
"321","ATTCATCCATACCAGT-1_3_1"
"322","ATTCCATGTTCGTAAC-1_3_1"
"323","ATTCCATTCCGCGAGT-1_3_1"
"324","ATTCCATTCGATTCCC-1_3_1"
"325","ATTCCATTCTAACGCA-1_3_1"
"326","ATTCCCGGTCGTAATC-1_3_1"
"327","ATTCCTAAGCAGGTCA-1_3_1"
"328","ATTCCTAGTAGACAAT-1_3_1"
"329","ATTCCTAGTCAAATCC-1_3_1"
"330","ATTCGTTAGGCTCTCG-1_3_1"
"331","ATTCGTTAGTCCGCCA-1_3_1"
"332","ATTCTACCACGGTGAA-1_3_1"
"333","ATTCTACGTATTCTCT-1_3_1"
"334","ATTCTACTCTGTAAGC-1_3_1"
"335","ATTCTTGTCCATAGAC-1_3_1"
"336","ATTGGGTTCATCGCTC-1_3_1"
"337","ATTGTTCGTGGAAATT-1_3_1"
"338","ATTGTTCTCCGTGTAA-1_3_1"
"339","ATTGTTCTCTAGACAC-1_3_1"
"340","ATTTACCCATGGCGCT-1_3_1"
"341","ATTTACCTCACGGAGA-1_3_1"
"342","ATTTCACAGTTCTCTT-1_3_1"
"343","ATTTCACGTCTTTATC-1_3_1"
"344","CAAAGAACACTAGTAC-1_3_1"
"345","CAAAGAACAGAACTAA-1_3_1"
"346","CAAAGAAGTTCCGTTC-1_3_1"
"347","CAACAACAGCAATTCC-1_3_1"
"348","CAACAGTGTACGTGAG-1_3_1"
"349","CAACCTCAGACCAGAC-1_3_1"
"350","CAACCTCGTAGGAGGG-1_3_1"
"351","CAACGATGTTGTAAAG-1_3_1"
"352","CAACGGCGTACCCACG-1_3_1"
"353","CAACGGCGTGAGTAGC-1_3_1"
"354","CAAGACTAGCCGAATG-1_3_1"
"355","CAAGACTCAGACCATT-1_3_1"
"356","CAAGAGGGTGAGAACC-1_3_1"
"357","CAAGCTAGTTTGTGGT-1_3_1"
"358","CAATACGGTCTACGTA-1_3_1"
"359","CAATCGAGTCACATTG-1_3_1"
"360","CAATTTCAGCATTGTC-1_3_1"
"361","CAATTTCCAGCGCTTG-1_3_1"
"362","CAATTTCGTCGAGCTC-1_3_1"
"363","CAATTTCTCCTGATAG-1_3_1"
"364","CACAACACATAACCCA-1_3_1"
"365","CACACAAAGCGAACTG-1_3_1"
"366","CACAGATCAAGTCCAT-1_3_1"
"367","CACAGGCAGCAACTCT-1_3_1"
"368","CACAGGCAGCAGTAAT-1_3_1"
"369","CACAGGCGTAGCTCGC-1_3_1"
"370","CACATGAAGCATACTC-1_3_1"
"371","CACCAAAGTGAGGATC-1_3_1"
"372","CACCAAATCGCCTATC-1_3_1"
"373","CACCGTTAGTGTCATC-1_3_1"
"374","CACCGTTGTGCGAACA-1_3_1"
"375","CACGAATAGTAATCCC-1_3_1"
"376","CACGAATCATGGCTAT-1_3_1"
"377","CACGAATGTTTAAGGA-1_3_1"
"378","CACGGGTCATTGACTG-1_3_1"
"379","CACGGGTGTCACTTAG-1_3_1"
"380","CACGTGGGTTGTATGC-1_3_1"
"381","CACGTGGTCCCTGTTG-1_3_1"
"382","CACTAAGGTCGGTGTC-1_3_1"
"383","CACTAAGGTGTTACTG-1_3_1"
"384","CACTAAGGTTGCCGCA-1_3_1"
"385","CACTGAAGTCTACACA-1_3_1"
"386","CACTGAAGTTTACGAC-1_3_1"
"387","CACTGGGAGGGCCTCT-1_3_1"
"388","CACTGGGTCTCGAGTA-1_3_1"
"389","CAGAGCCGTAAGCGGT-1_3_1"
"390","CAGAGCCTCCATAAGC-1_3_1"
"391","CAGAGCCTCGGCCAAC-1_3_1"
"392","CAGATACAGTGGTTGG-1_3_1"
"393","CAGATACGTGTTGACT-1_3_1"
"394","CAGATTGAGCCTCCAG-1_3_1"
"395","CAGCACGGTAAGTCAA-1_3_1"
"396","CAGCACGGTCAAACGG-1_3_1"
"397","CAGCACGTCATGGGAG-1_3_1"
"398","CAGCAGCCAAAGCAAT-1_3_1"
"399","CAGCGTGGTCCAGCCA-1_3_1"
"400","CAGGCCACACGCTGCA-1_3_1"
"401","CAGGCCAGTCATCGGC-1_3_1"
"402","CAGGGCTAGGCTAAAT-1_3_1"
"403","CAGGTATAGGCTGAAC-1_3_1"
"404","CAGTGCGGTAGATCGG-1_3_1"
"405","CAGTGCGTCTACACTT-1_3_1"
"406","CAGTTAGAGCGCAATG-1_3_1"
"407","CAGTTAGCAATAGGAT-1_3_1"
"408","CAGTTAGTCCTCGATC-1_3_1"
"409","CAGTTCCTCAGCTCTC-1_3_1"
"410","CAGTTCCTCCCAAGCG-1_3_1"
"411","CATAAGCGTCTGTTAG-1_3_1"
"412","CATAAGCTCCAACCGG-1_3_1"
"413","CATACAGAGTAGGAAG-1_3_1"
"414","CATACAGAGTTTGGCT-1_3_1"
"415","CATACCCCAGCATTGT-1_3_1"
"416","CATACCCCATCATGAC-1_3_1"
"417","CATACCCGTAGGACTG-1_3_1"
"418","CATACTTTCCCGTAAA-1_3_1"
"419","CATAGACCAGGCCTGT-1_3_1"
"420","CATAGACGTATGCGTT-1_3_1"
"421","CATCCACAGGTGCGAT-1_3_1"
"422","CATCCACTCATTCTTG-1_3_1"
"423","CATCCCAAGGGTTAAT-1_3_1"
"424","CATCCCACACGTAGTT-1_3_1"
"425","CATCCCACATTCCTAT-1_3_1"
"426","CATCGCTGTTTATGCG-1_3_1"
"427","CATCGCTTCACCTTGC-1_3_1"
"428","CATCGGGAGCCGATAG-1_3_1"
"429","CATCGGGCACGCGGTT-1_3_1"
"430","CATCGGGCATTCAGCA-1_3_1"
"431","CATCGGGTCTCTAAGG-1_3_1"
"432","CATCGGGTCTGTCCCA-1_3_1"
"433","CATCGTCGTAAGTTGA-1_3_1"
"434","CATGCAACAGGTGACA-1_3_1"
"435","CATGCCTAGTGCCAGA-1_3_1"
"436","CATGCGGGTCGTTGGC-1_3_1"
"437","CATGCGGTCACCTCGT-1_3_1"
"438","CATGCGGTCTATACTC-1_3_1"
"439","CATGGATGTTGGCCTG-1_3_1"
"440","CATTCATCACGCGCTA-1_3_1"
"441","CATTCCGGTACGTAGG-1_3_1"
"442","CATTCTACAAGAGCTG-1_3_1"
"443","CATTCTAGTACGATTC-1_3_1"
"444","CATTGTTAGCACCTGC-1_3_1"
"445","CATTGTTCATAGTCGT-1_3_1"
"446","CATTGTTGTGCACATT-1_3_1"
"447","CATTGTTTCGAGCCTG-1_3_1"
"448","CATTTCAAGCCATTCA-1_3_1"
"449","CATTTCAAGGGTACAC-1_3_1"
"450","CATTTCACACCAGTAT-1_3_1"
"451","CCAAGCGAGGGAACAA-1_3_1"
"452","CCAAGCGGTGTTAGCT-1_3_1"
"453","CCAATGAAGAATAGTC-1_3_1"
"454","CCAATGATCAAGGACG-1_3_1"
"455","CCACACTAGCATTTGC-1_3_1"
"456","CCACACTTCAAACTGC-1_3_1"
"457","CCACCATAGACTCTAC-1_3_1"
"458","CCACCATGTGACTAAA-1_3_1"
"459","CCACGAGTCAGCCCAG-1_3_1"
"460","CCACGTTAGAAAGCGA-1_3_1"
"461","CCACGTTCAATCTCTT-1_3_1"
"462","CCACTTGAGTACCATC-1_3_1"
"463","CCACTTGGTCATACCA-1_3_1"
"464","CCATCACTCGACCCAG-1_3_1"
"465","CCCAACTCATGATAGA-1_3_1"
"466","CCCAACTTCATAGGCT-1_3_1"
"467","CCCATTGAGAGTGAAG-1_3_1"
"468","CCCATTGCAGTCTTCC-1_3_1"
"469","CCCGAAGAGCAACTTC-1_3_1"
"470","CCCGAAGTCGGCGATC-1_3_1"
"471","CCCGGAATCACGACTA-1_3_1"
"472","CCCTAACGTGGTCAAG-1_3_1"
"473","CCCTAACTCGGCTGAC-1_3_1"
"474","CCCTCAACAGTATGAA-1_3_1"
"475","CCCTGATAGTCTTGGT-1_3_1"
"476","CCCTGATCATCGGATT-1_3_1"
"477","CCGAACGAGCACTCAT-1_3_1"
"478","CCGAACGGTACGCGTC-1_3_1"
"479","CCGATCTCAGTCTTCC-1_3_1"
"480","CCGATGGCAACAAGAT-1_3_1"
"481","CCGATGGGTTTATGCG-1_3_1"
"482","CCGATGGTCAGTCATG-1_3_1"
"483","CCGCAAGTCGCACGAC-1_3_1"
"484","CCGGACAGTGAGATTA-1_3_1"
"485","CCGGACAGTGCCTATA-1_3_1"
"486","CCGGGTATCAAGCCAT-1_3_1"
"487","CCGGTGAAGCGATGGT-1_3_1"
"488","CCGGTGACATCTATCT-1_3_1"
"489","CCGGTGAGTAGGAGGG-1_3_1"
"490","CCGGTGATCACCATAG-1_3_1"
"491","CCGTAGGCAGCAATTC-1_3_1"
"492","CCGTTCAAGCCATTCA-1_3_1"
"493","CCTAACCGTCATTGCA-1_3_1"
"494","CCTAAGACAGACACAG-1_3_1"
"495","CCTAAGATCTTGTTAC-1_3_1"
"496","CCTACGTAGCATACTC-1_3_1"
"497","CCTATCGAGACCATGG-1_3_1"
"498","CCTATCGAGGTTCTAC-1_3_1"
"499","CCTATCGCACGGCTAC-1_3_1"
"500","CCTATCGCAGAGTAAT-1_3_1"
"501","CCTATCGGTTTCCAAG-1_3_1"
"502","CCTATCGTCAACCTTT-1_3_1"
"503","CCTATCGTCAGAGCGA-1_3_1"
"504","CCTATCGTCCTCTAAT-1_3_1"
"505","CCTCAACAGGTGCCAA-1_3_1"
"506","CCTCAGTAGATAACGT-1_3_1"
"507","CCTCAGTGTTCCTAGA-1_3_1"
"508","CCTCAGTTCAGGAAGC-1_3_1"
"509","CCTCAGTTCTGTCCGT-1_3_1"
"510","CCTCATGTCGCGAAGA-1_3_1"
"511","CCTCCAAGTCCTACGG-1_3_1"
"512","CCTCCTCGTGTTGCCG-1_3_1"
"513","CCTCTCCTCCTGGGTG-1_3_1"
"514","CCTCTCCTCTCGTGAA-1_3_1"
"515","CCTGCATGTCGAGTTT-1_3_1"
"516","CCTGTTGCAGCTGAGA-1_3_1"
"517","CCTGTTGGTATGTGTC-1_3_1"
"518","CCTGTTGTCGTTGTAG-1_3_1"
"519","CCTTCAGTCAGACCGC-1_3_1"
"520","CCTTGTGGTCATCTAG-1_3_1"
"521","CCTTGTGGTCGGATTT-1_3_1"
"522","CCTTTGGCAACAAAGT-1_3_1"
"523","CCTTTGGGTAAGGAGA-1_3_1"
"524","CCTTTGGGTACGCTTA-1_3_1"
"525","CCTTTGGTCTGGCTGG-1_3_1"
"526","CGAAGGACATGCAGGA-1_3_1"
"527","CGAAGGATCTATTTCG-1_3_1"
"528","CGAAGTTGTAGATCCT-1_3_1"
"529","CGAAGTTGTAGATCGG-1_3_1"
"530","CGAAGTTGTCGTCATA-1_3_1"
"531","CGACAGCAGTCGTCTA-1_3_1"
"532","CGACAGCTCTACACTT-1_3_1"
"533","CGAGAAGCACAAATCC-1_3_1"
"534","CGAGAAGTCTTCCCGA-1_3_1"
"535","CGAGGAAGTCCACTTC-1_3_1"
"536","CGATCGGCAGTAGGAC-1_3_1"
"537","CGATGCGAGTACCCTA-1_3_1"
"538","CGATGCGGTTCTCACC-1_3_1"
"539","CGATGGCAGTATTAGG-1_3_1"
"540","CGATGGCCATTCAGGT-1_3_1"
"541","CGCAGGTGTCTGCCTT-1_3_1"
"542","CGCAGGTGTTACGGAG-1_3_1"
"543","CGCATAAAGTCTTCGA-1_3_1"
"544","CGCATAAGTACACGTT-1_3_1"
"545","CGCATGGCAGCAAGAC-1_3_1"
"546","CGCATGGGTTGTAGCT-1_3_1"
"547","CGCCAGAAGATAACGT-1_3_1"
"548","CGCCAGATCAAGATAG-1_3_1"
"549","CGCCATTGTACAACGG-1_3_1"
"550","CGGAACCAGAGTCACG-1_3_1"
"551","CGGAACCAGGCTATCT-1_3_1"
"552","CGGAACCTCCGACAGC-1_3_1"
"553","CGGAATTCATAGGTTC-1_3_1"
"554","CGGAATTTCTTGTTAC-1_3_1"
"555","CGGACACAGCTCGTGC-1_3_1"
"556","CGGACACCACTCCCTA-1_3_1"
"557","CGGCAGTCAGCTCGGT-1_3_1"
"558","CGGGACTCATCCGTTC-1_3_1"
"559","CGGGACTTCCTGATAG-1_3_1"
"560","CGGGCATTCCCTGGTT-1_3_1"
"561","CGGGCATTCGTGTGGC-1_3_1"
"562","CGGGTCACAGCGACCT-1_3_1"
"563","CGGTCAGGTGTGTCGC-1_3_1"
"564","CGGTCAGTCAAGCCTA-1_3_1"
"565","CGGTCAGTCACTCACC-1_3_1"
"566","CGGTCAGTCGCTCATC-1_3_1"
"567","CGTAATGAGCTGAGTG-1_3_1"
"568","CGTAATGTCTGACAGT-1_3_1"
"569","CGTAGTAAGACGCATG-1_3_1"
"570","CGTCAAACAGATCATC-1_3_1"
"571","CGTCAAACATAATCCG-1_3_1"
"572","CGTCAAATCCCACAGG-1_3_1"
"573","CGTCCATAGCCGCTTG-1_3_1"
"574","CGTCCATGTGACGCCT-1_3_1"
"575","CGTGAATAGATGAAGG-1_3_1"
"576","CGTGAATCATAGCTGT-1_3_1"
"577","CGTGATAGTACTAAGA-1_3_1"
"578","CGTGTCTTCAGCGCAC-1_3_1"
"579","CGTGTCTTCCATTTGT-1_3_1"
"580","CGTTCTGTCACCTGGG-1_3_1"
"581","CGTTCTGTCCTGGTCT-1_3_1"
"582","CGTTGGGGTTCGGCGT-1_3_1"
"583","CTAACTTGTCCACACG-1_3_1"
"584","CTAACTTGTGTTCGAT-1_3_1"
"585","CTAAGTGGTAGAATAC-1_3_1"
"586","CTAAGTGGTGATACCT-1_3_1"
"587","CTACAGAGTGGATTTC-1_3_1"
"588","CTACAGATCAGCAGAG-1_3_1"
"589","CTACATTAGGCATCGA-1_3_1"
"590","CTACATTAGGTTGGTG-1_3_1"
"591","CTACATTAGTCATCCA-1_3_1"
"592","CTACATTGTTCCTACC-1_3_1"
"593","CTACCCAAGCAGTACG-1_3_1"
"594","CTACCCACAAAGCTCT-1_3_1"
"595","CTACCTGAGTCATCCA-1_3_1"
"596","CTACGGGAGTCACTGT-1_3_1"
"597","CTACGGGGTAAGCGGT-1_3_1"
"598","CTAGACACAGGCATGA-1_3_1"
"599","CTAGACACAGTTGTTG-1_3_1"
"600","CTAGGTAAGGAAACGA-1_3_1"
"601","CTATAGGGTCCAAAGG-1_3_1"
"602","CTATCTACATGGAACG-1_3_1"
"603","CTATCTATCTCTCAAT-1_3_1"
"604","CTCAACCGTTAGGGTG-1_3_1"
"605","CTCAAGACATTCTCCG-1_3_1"
"606","CTCAAGATCTGCAGCG-1_3_1"
"607","CTCAATTAGTGCTCAT-1_3_1"
"608","CTCAATTGTCTCACAA-1_3_1"
"609","CTCACTGAGATCGACG-1_3_1"
"610","CTCAGAACAATGACCT-1_3_1"
"611","CTCAGGGAGGTAGGCT-1_3_1"
"612","CTCATCGAGCTATCTG-1_3_1"
"613","CTCATCGCAACCGCTG-1_3_1"
"614","CTCATCGGTGGTCTTA-1_3_1"
"615","CTCATGCCACAACCGC-1_3_1"
"616","CTCATGCCAGAAGTGC-1_3_1"
"617","CTCATGCGTCACTAGT-1_3_1"
"618","CTCATGCGTGGATCGA-1_3_1"
"619","CTCATGCTCATGAAAG-1_3_1"
"620","CTCATTACAGTTGTCA-1_3_1"
"621","CTCATTATCAAACCCA-1_3_1"
"622","CTCCAACCATAATGAG-1_3_1"
"623","CTCCACACACATGTTG-1_3_1"
"624","CTCCCAAAGACAAGCC-1_3_1"
"625","CTCCCTCGTGTTGATC-1_3_1"
"626","CTCCCTCTCTAACGGT-1_3_1"
"627","CTCCGATAGCGCTTCG-1_3_1"
"628","CTCCGATAGGAAGAAC-1_3_1"
"629","CTCCGATGTCATTCCC-1_3_1"
"630","CTCCTTTGTCCTGGTG-1_3_1"
"631","CTCCTTTGTCGACTGC-1_3_1"
"632","CTCCTTTTCTACCAGA-1_3_1"
"633","CTCGAGGCATACACCA-1_3_1"
"634","CTCTCAGAGCCGATTT-1_3_1"
"635","CTCTCAGAGCTTTCCC-1_3_1"
"636","CTCTCAGTCCTGTACC-1_3_1"
"637","CTCTGGTGTGGGCTTC-1_3_1"
"638","CTGAATGAGAGCAGCT-1_3_1"
"639","CTGAATGGTGGGATTG-1_3_1"
"640","CTGAGCGGTTTGCCGG-1_3_1"
"641","CTGAGGCCAAGATCCT-1_3_1"
"642","CTGAGGCCACATTACG-1_3_1"
"643","CTGAGGCGTGTGTCCG-1_3_1"
"644","CTGAGGCTCCATACAG-1_3_1"
"645","CTGATCCAGGGCGAAG-1_3_1"
"646","CTGATCCAGTGGAATT-1_3_1"
"647","CTGATCCGTGTACGCC-1_3_1"
"648","CTGCAGGGTCCTCATC-1_3_1"
"649","CTGCAGGTCCCATAGA-1_3_1"
"650","CTGCCATAGTATGCAA-1_3_1"
"651","CTGCGAGGTGCCGGTT-1_3_1"
"652","CTGCGAGTCGAATGCT-1_3_1"
"653","CTGGACGGTAGTTACC-1_3_1"
"654","CTGGACGGTCAATGGG-1_3_1"
"655","CTGGACGGTTGCATCA-1_3_1"
"656","CTGGCAGAGTTGAAAC-1_3_1"
"657","CTGGCAGCAACTTGCA-1_3_1"
"658","CTGGTCTCATGTTACG-1_3_1"
"659","CTGGTCTGTAATGATG-1_3_1"
"660","CTGGTCTTCATCACTT-1_3_1"
"661","CTGGTCTTCCACGGAC-1_3_1"
"662","CTGTACCCATGACACT-1_3_1"
"663","CTGTACCTCCATCCGT-1_3_1"
"664","CTGTACCTCTCGTGAA-1_3_1"
"665","CTGTATTTCTGCTGAA-1_3_1"
"666","CTGTCGTAGCAATAGT-1_3_1"
"667","CTGTCGTTCGCGTGCA-1_3_1"
"668","CTGTGAAAGACCAAGC-1_3_1"
"669","CTGTGAAAGGAGAATG-1_3_1"
"670","CTTCCGAAGACCTGGA-1_3_1"
"671","CTTCCGAAGTTCCATG-1_3_1"
"672","CTTCCGAGTCGTTCAA-1_3_1"
"673","CTTCGGTCACAACGTT-1_3_1"
"674","CTTCGGTCAGCGTATT-1_3_1"
"675","CTTCTAAAGACGCCCT-1_3_1"
"676","CTTCTCTCAAACTGCT-1_3_1"
"677","CTTCTCTGTTGGCTAT-1_3_1"
"678","CTTGAGAAGGACTAAT-1_3_1"
"679","CTTGAGAGTGGGTCAA-1_3_1"
"680","CTTTCAAAGACCAGCA-1_3_1"
"681","CTTTCAAAGTGATTCC-1_3_1"
"682","CTTTCAAAGTTCATGC-1_3_1"
"683","CTTTCGGCAAATGAAC-1_3_1"
"684","GAAACCTCACCGGTCA-1_3_1"
"685","GAAACCTGTACTCCGG-1_3_1"
"686","GAAACCTTCTCCATAT-1_3_1"
"687","GAAATGAGTTACCCAA-1_3_1"
"688","GAACACTAGCACTAAA-1_3_1"
"689","GAACGTTTCCATTCGC-1_3_1"
"690","GAACTGTGTGATATAG-1_3_1"
"691","GAACTGTTCAAGCTGT-1_3_1"
"692","GAAGAATTCTGGGATT-1_3_1"
"693","GAAGCCCAGAGCCGTA-1_3_1"
"694","GAAGCCCAGAGGGTAA-1_3_1"
"695","GAAGCCCAGGCAGTCA-1_3_1"
"696","GAAGCGAAGAATTGCA-1_3_1"
"697","GAAGGACCACTGGCCA-1_3_1"
"698","GAAGGACCATGGGTCC-1_3_1"
"699","GAAGGACGTGGGCTTC-1_3_1"
"700","GAAGGACTCGAACCAT-1_3_1"
"701","GAAGGGTCATGGGAAC-1_3_1"
"702","GAATAGAGTAGACTGG-1_3_1"
"703","GAATCGTGTCACTGAT-1_3_1"
"704","GAATCGTGTGCACATT-1_3_1"
"705","GAATCGTGTTATCCAG-1_3_1"
"706","GAATCGTTCCTCGCAT-1_3_1"
"707","GAATCGTTCGGATAAA-1_3_1"
"708","GACACGCAGCGTTAGG-1_3_1"
"709","GACACGCAGTTGCCTA-1_3_1"
"710","GACACGCTCATCACAG-1_3_1"
"711","GACAGCCAGGCAATGC-1_3_1"
"712","GACAGCCAGTCCGTCG-1_3_1"
"713","GACATCATCCGATCGG-1_3_1"
"714","GACCAATGTGCCAAGA-1_3_1"
"715","GACCCAGGTCGTTGGC-1_3_1"
"716","GACCCAGTCCTTCACG-1_3_1"
"717","GACCCAGTCTGTGCAA-1_3_1"
"718","GACCCTTAGAATGTTG-1_3_1"
"719","GACCCTTCAGGTTCGC-1_3_1"
"720","GACCGTGTCTAAGGAA-1_3_1"
"721","GACCTTCAGGCATCAG-1_3_1"
"722","GACCTTCGTCCACACG-1_3_1"
"723","GACGCTGTCGGACTGC-1_3_1"
"724","GACGTTAAGGATCACG-1_3_1"
"725","GACTATGGTTCTCACC-1_3_1"
"726","GACTATGTCTGACAGT-1_3_1"
"727","GACTGATAGGTGATAT-1_3_1"
"728","GACTGATCAAATAGCA-1_3_1"
"729","GACTGATCAAGTGGAC-1_3_1"
"730","GACTGATGTTTACTTC-1_3_1"
"731","GACTTCCTCGGCAGTC-1_3_1"
"732","GAGAAATTCCTCAGAA-1_3_1"
"733","GAGACTTTCGATGCAT-1_3_1"
"734","GAGAGGTGTTACCTGA-1_3_1"
"735","GAGATGGAGGGAGGGT-1_3_1"
"736","GAGCCTGAGTGTTGTC-1_3_1"
"737","GAGCCTGCATTCCTAT-1_3_1"
"738","GAGCTGCAGGGTCACA-1_3_1"
"739","GAGCTGCGTCAGCTTA-1_3_1"
"740","GAGCTGCTCGATACGT-1_3_1"
"741","GAGGCAACAGAGGTTG-1_3_1"
"742","GAGGCAATCATCGACA-1_3_1"
"743","GAGGCCTCACTAGTAC-1_3_1"
"744","GAGGGATGTGTGGTCC-1_3_1"
"745","GAGGGTAAGATAGGGA-1_3_1"
"746","GAGGGTACAATAACGA-1_3_1"
"747","GAGGGTAGTACAAGTA-1_3_1"
"748","GAGGGTATCGAGCCTG-1_3_1"
"749","GAGTCATAGATGGCGT-1_3_1"
"750","GAGTCATGTCGAGTTT-1_3_1"
"751","GAGTCATTCATGAGTC-1_3_1"
"752","GAGTCTAGTAACACGG-1_3_1"
"753","GAGTGAGAGTGGCCTC-1_3_1"
"754","GAGTGTTCATTCGGGC-1_3_1"
"755","GAGTGTTTCTACTCAT-1_3_1"
"756","GAGTTGTTCGTCAAAC-1_3_1"
"757","GATAGAAGTTTGGGAG-1_3_1"
"758","GATAGCTCAAATACGA-1_3_1"
"759","GATAGCTTCACTTGTT-1_3_1"
"760","GATAGCTTCCACGGGT-1_3_1"
"761","GATCAGTCACCTCAGG-1_3_1"
"762","GATCATGCAATCGCCG-1_3_1"
"763","GATCCCTCAAATTAGG-1_3_1"
"764","GATCCCTGTACACGTT-1_3_1"
"765","GATCCCTTCACGAACT-1_3_1"
"766","GATCGTAAGGTCATCT-1_3_1"
"767","GATGAGGGTCTTACAG-1_3_1"
"768","GATGAGGTCATGCGGC-1_3_1"
"769","GATGATCTCCTGATAG-1_3_1"
"770","GATGATCTCGGAAGGT-1_3_1"
"771","GATGGAGAGCAAATGT-1_3_1"
"772","GATGGAGCACGGTGAA-1_3_1"
"773","GATGTTGCACTCACTC-1_3_1"
"774","GATGTTGTCGTACCTC-1_3_1"
"775","GATTCGAAGATGAATC-1_3_1"
"776","GATTCGAAGGCCTGAA-1_3_1"
"777","GATTCGAAGGGCCTCT-1_3_1"
"778","GATTCGACATTGTAGC-1_3_1"
"779","GATTCTTGTGTTCCTC-1_3_1"
"780","GATTGGTTCACTGTTT-1_3_1"
"781","GATTGGTTCCGGCAGT-1_3_1"
"782","GATTTCTGTCAGGTGA-1_3_1"
"783","GATTTCTTCCGTCACT-1_3_1"
"784","GCAACATCATAGTCAC-1_3_1"
"785","GCAACCGGTTCTCCCA-1_3_1"
"786","GCACGGTGTACGTGAG-1_3_1"
"787","GCACGTGCAGGCTCTG-1_3_1"
"788","GCACGTGTCAAGATAG-1_3_1"
"789","GCACTAAAGAAGCGCT-1_3_1"
"790","GCAGCTGAGAGTATAC-1_3_1"
"791","GCAGCTGAGGGTGAGG-1_3_1"
"792","GCAGCTGCATGGGCAA-1_3_1"
"793","GCAGCTGGTAGGGTAC-1_3_1"
"794","GCAGGCTAGAAGCGCT-1_3_1"
"795","GCAGGCTGTTCTTCAT-1_3_1"
"796","GCAGTTAAGGTATTGA-1_3_1"
"797","GCAGTTATCACACGAT-1_3_1"
"798","GCAGTTATCTATGTGG-1_3_1"
"799","GCATCGGAGCCGAATG-1_3_1"
"800","GCATCGGTCTCGGGAC-1_3_1"
"801","GCATCGGTCTCTGAGA-1_3_1"
"802","GCATCTCCACGAGGTA-1_3_1"
"803","GCATCTCGTCTTGCGG-1_3_1"
"804","GCATCTCGTTGCCTAA-1_3_1"
"805","GCATGATGTAGGGTAC-1_3_1"
"806","GCATGATGTATTGGCT-1_3_1"
"807","GCATTAGAGCAATTCC-1_3_1"
"808","GCATTAGAGGCTCAAG-1_3_1"
"809","GCATTAGCAAATACGA-1_3_1"
"810","GCATTAGCACTTTATC-1_3_1"
"811","GCATTAGCAGACCGCT-1_3_1"
"812","GCATTAGGTTCTGACA-1_3_1"
"813","GCCAACGGTAATCAGA-1_3_1"
"814","GCCAACGGTATCTCTT-1_3_1"
"815","GCCAGGTAGCCGTTAT-1_3_1"
"816","GCCAGGTTCATTACGG-1_3_1"
"817","GCCAGTGAGCGCTGAA-1_3_1"
"818","GCCATGGGTTACTCAG-1_3_1"
"819","GCCATGGTCGATGGAG-1_3_1"
"820","GCCATTCGTCAAAGAT-1_3_1"
"821","GCCATTCGTTGGGAAC-1_3_1"
"822","GCCATTCTCGGTGCAC-1_3_1"
"823","GCCATTCTCTTAAGGC-1_3_1"
"824","GCCCAGAAGAGTCTGG-1_3_1"
"825","GCCCAGAGTACAGTAA-1_3_1"
"826","GCCGATGGTCAGACTT-1_3_1"
"827","GCCGTGATCAACTGGT-1_3_1"
"828","GCCGTGATCTACTTCA-1_3_1"
"829","GCCGTGATCTGCCTGT-1_3_1"
"830","GCCTGTTAGGCACGAT-1_3_1"
"831","GCCTGTTTCAACTACG-1_3_1"
"832","GCGAGAAAGAGCCATG-1_3_1"
"833","GCGAGAAGTTCGGCGT-1_3_1"
"834","GCGATCGGTGGAAGTC-1_3_1"
"835","GCGGAAACAACATCGT-1_3_1"
"836","GCGGATCTCCAACCGG-1_3_1"
"837","GCGGATCTCCCTGGTT-1_3_1"
"838","GCGTGCACAGTCAACT-1_3_1"
"839","GCGTGCATCGCGTGAC-1_3_1"
"840","GCGTTTCTCGCTACAA-1_3_1"
"841","GCTACAAAGTGTAGAT-1_3_1"
"842","GCTACAACAGGATCTT-1_3_1"
"843","GCTACAATCATTTGCT-1_3_1"
"844","GCTGAATAGTGGAAAG-1_3_1"
"845","GCTGAATGTGCGAGTA-1_3_1"
"846","GCTGGGTAGGTAGTAT-1_3_1"
"847","GCTGGGTCAAGCGAAC-1_3_1"
"848","GCTTCACTCGGACCAC-1_3_1"
"849","GCTTCACTCTGAGTCA-1_3_1"
"850","GCTTTCGAGTCACTAC-1_3_1"
"851","GCTTTCGAGTTGAAAC-1_3_1"
"852","GCTTTCGGTTCCGTTC-1_3_1"
"853","GGAACCCAGCAGGTCA-1_3_1"
"854","GGAAGTGAGGTCCCGT-1_3_1"
"855","GGAAGTGCAACGATTC-1_3_1"
"856","GGAAGTGCAGCTTCCT-1_3_1"
"857","GGACGTCGTGGGTCAA-1_3_1"
"858","GGAGATGGTATGGTAA-1_3_1"
"859","GGAGGATCAATCTCGA-1_3_1"
"860","GGAGGATTCCACAGGC-1_3_1"
"861","GGAGGTACAGGTACGA-1_3_1"
"862","GGAGGTAGTCGAAACG-1_3_1"
"863","GGAGGTAGTGAATTGA-1_3_1"
"864","GGAGGTAGTGCGACAA-1_3_1"
"865","GGATCTACAAGGACAC-1_3_1"
"866","GGATGTTGTAGGGAGG-1_3_1"
"867","GGCAGTCTCGGTCAGC-1_3_1"
"868","GGCTGTGAGCGGTATG-1_3_1"
"869","GGCTGTGTCTTCCCAG-1_3_1"
"870","GGCTTGGAGGAAACGA-1_3_1"
"871","GGCTTGGGTGCTGCAC-1_3_1"
"872","GGCTTGGTCGGATTAC-1_3_1"
"873","GGCTTTCCAGTAACCT-1_3_1"
"874","GGGACAAGTCAGGTGA-1_3_1"
"875","GGGACAATCGGAAGGT-1_3_1"
"876","GGGACTCTCTATACTC-1_3_1"
"877","GGGAGATCATTGACTG-1_3_1"
"878","GGGAGTAAGTGGGAAA-1_3_1"
"879","GGGAGTAGTGGATGAC-1_3_1"
"880","GGGAGTAGTGGTCTAT-1_3_1"
"881","GGGATCCAGTATGAGT-1_3_1"
"882","GGGATCCGTCTACGTA-1_3_1"
"883","GGGATCCGTGAGGAAA-1_3_1"
"884","GGGATGACAATGTCTG-1_3_1"
"885","GGGCCATCACCTATCC-1_3_1"
"886","GGGCCATGTCCAGGTC-1_3_1"
"887","GGGCGTTAGGAAGTGA-1_3_1"
"888","GGGCTACTCAGACCGC-1_3_1"
"889","GGGCTCAGTTAACCTG-1_3_1"
"890","GGGCTCATCAGAGCAG-1_3_1"
"891","GGGTAGAAGGAACTCG-1_3_1"
"892","GGGTAGAGTCTACAAC-1_3_1"
"893","GGGTATTCAGTCGCAC-1_3_1"
"894","GGGTCACAGGGCGAAG-1_3_1"
"895","GGGTCACCAATGCTCA-1_3_1"
"896","GGGTCACTCCAATGCA-1_3_1"
"897","GGGTCACTCCAGTGTA-1_3_1"
"898","GGGTCTGGTTGGTAGG-1_3_1"
"899","GGGTGAAAGAAGCTGC-1_3_1"
"900","GGGTGAAAGGTTCCAT-1_3_1"
"901","GGGTGAAAGTAGATCA-1_3_1"
"902","GGGTGAAGTAATTAGG-1_3_1"
"903","GGGTGTCAGGTTGGTG-1_3_1"
"904","GGGTGTCCAAAGCGTG-1_3_1"
"905","GGGTTTAAGTTGCCTA-1_3_1"
"906","GGTAATCAGCCTTTGA-1_3_1"
"907","GGTAATCTCTGTCCCA-1_3_1"
"908","GGTAGAGAGCGAGAAA-1_3_1"
"909","GGTAGAGCACCGAATT-1_3_1"
"910","GGTAGAGTCAAGCTTG-1_3_1"
"911","GGTAGAGTCGCAGTGC-1_3_1"
"912","GGTCACGCACCATTCC-1_3_1"
"913","GGTCTGGTCCAACTGA-1_3_1"
"914","GGTGATTCACGCCAGT-1_3_1"
"915","GGTGATTGTTAAACCC-1_3_1"
"916","GGTGATTTCTAGAACC-1_3_1"
"917","GGTGGCTAGGTTTACC-1_3_1"
"918","GGTGGCTAGTAGCCAG-1_3_1"
"919","GGTGGCTGTACAGTAA-1_3_1"
"920","GGTGGCTTCGATGGAG-1_3_1"
"921","GGTGTCGCAATGCAGG-1_3_1"
"922","GGTGTCGGTGAATATG-1_3_1"
"923","GGTGTTAGTAGTTCCA-1_3_1"
"924","GGTGTTAGTTCCGCAG-1_3_1"
"925","GGTTAACTCGGCCAAC-1_3_1"
"926","GGTTAACTCGTTGTGA-1_3_1"
"927","GGTTCTCGTCTCTCAC-1_3_1"
"928","GGTTGTAGTCCCGCAA-1_3_1"
"929","GGTTGTATCTGCGATA-1_3_1"
"930","GTAACACTCCATTGGA-1_3_1"
"931","GTAACCACACAGCATT-1_3_1"
"932","GTAACCACACTCAGAT-1_3_1"
"933","GTAAGTCCATAGACTC-1_3_1"
"934","GTAAGTCTCTGGACCG-1_3_1"
"935","GTAATGCCACTTCATT-1_3_1"
"936","GTAATGCCATTGGCAT-1_3_1"
"937","GTAATGCTCGGTCTAA-1_3_1"
"938","GTACAGTAGGGCTGAT-1_3_1"
"939","GTACAGTAGTCATTGC-1_3_1"
"940","GTAGAAAGTAAGCGGT-1_3_1"
"941","GTAGAGGGTCCCACGA-1_3_1"
"942","GTAGCTAAGCACTCAT-1_3_1"
"943","GTAGGTTAGCACTAGG-1_3_1"
"944","GTAGGTTTCTGGACTA-1_3_1"
"945","GTAGTACTCGCCTATC-1_3_1"
"946","GTATTGGAGGCTCAAG-1_3_1"
"947","GTATTGGAGTGCTCAT-1_3_1"
"948","GTATTGGCAAATGAGT-1_3_1"
"949","GTATTGGCATAGAATG-1_3_1"
"950","GTATTGGGTCTACTGA-1_3_1"
"951","GTATTTCAGCACCCAC-1_3_1"
"952","GTATTTCGTATGAGGC-1_3_1"
"953","GTCAAACCATTGGGAG-1_3_1"
"954","GTCAAGTCATCGGAAG-1_3_1"
"955","GTCAAGTGTAGCTAAA-1_3_1"
"956","GTCACGGAGACTTCGT-1_3_1"
"957","GTCAGCGTCCGGGACT-1_3_1"
"958","GTCATCCAGACTACGG-1_3_1"
"959","GTCATGACAAGTACCT-1_3_1"
"960","GTCATTTTCGTCGCTT-1_3_1"
"961","GTCATTTTCTGCGGAC-1_3_1"
"962","GTCCACTGTACTAAGA-1_3_1"
"963","GTCCCATAGAGATTCA-1_3_1"
"964","GTCCCATCATGGCACC-1_3_1"
"965","GTCCTCAGTACGTGAG-1_3_1"
"966","GTCGAATAGGTGCTAG-1_3_1"
"967","GTCGAATCAAGTCCCG-1_3_1"
"968","GTCGAATGTAAGAACT-1_3_1"
"969","GTCGAATTCGCATTAG-1_3_1"
"970","GTCGCGAAGATCGCTT-1_3_1"
"971","GTCGCGAGTCTCCCTA-1_3_1"
"972","GTCGCGATCAGTAGGG-1_3_1"
"973","GTCGCGATCGACGTCG-1_3_1"
"974","GTCGCGATCGCCGAAC-1_3_1"
"975","GTCGTAAAGAGCCTGA-1_3_1"
"976","GTCGTTCAGTCGGCCT-1_3_1"
"977","GTCGTTCCATCTGGGC-1_3_1"
"978","GTCGTTCGTTAGGCCC-1_3_1"
"979","GTCTACCCAACAGATA-1_3_1"
"980","GTCTAGATCACCTTAT-1_3_1"
"981","GTCTAGATCACTGTCC-1_3_1"
"982","GTCTCACCAACACAGG-1_3_1"
"983","GTCTCACGTGAATAAC-1_3_1"
"984","GTCTCACTCACGGAGA-1_3_1"
"985","GTCTGTCCACTGTGTA-1_3_1"
"986","GTCTGTCTCAAGCCCG-1_3_1"
"987","GTCTGTCTCTATTCGT-1_3_1"
"988","GTCTTTAAGGACATCG-1_3_1"
"989","GTCTTTACAGACCTGC-1_3_1"
"990","GTGAGCCAGCAGTCTT-1_3_1"
"991","GTGAGCCAGCTACGTT-1_3_1"
"992","GTGAGCCTCCATATGG-1_3_1"
"993","GTGAGGACACAGTCGC-1_3_1"
"994","GTGAGTTTCGGCTGGT-1_3_1"
"995","GTGAGTTTCTCTCAAT-1_3_1"
"996","GTGATGTAGGGTGGGA-1_3_1"
"997","GTGATGTCAGTGGGTA-1_3_1"
"998","GTGATGTCATTGAAAG-1_3_1"
"999","GTGCACGAGAGCGACT-1_3_1"
"1000","GTGCGTGGTCCGGCAT-1_3_1"
"1001","GTGCTGGAGCCTGAAG-1_3_1"
"1002","GTGCTGGTCGGTATGT-1_3_1"
"1003","GTGGAAGAGTGCAGCA-1_3_1"
"1004","GTGGAAGGTACAAGCG-1_3_1"
"1005","GTGGAGAAGCGGTAAC-1_3_1"
"1006","GTGGAGACATCGTCCT-1_3_1"
"1007","GTGGGAAGTCAACGCC-1_3_1"
"1008","GTGGTTAAGGTCATTC-1_3_1"
"1009","GTGTAACCAGCGTGAA-1_3_1"
"1010","GTGTCCTAGCAGCGAT-1_3_1"
"1011","GTGTCCTGTACGGCAA-1_3_1"
"1012","GTGTTAGAGTGCCCGT-1_3_1"
"1013","GTGTTAGGTGGATCAG-1_3_1"
"1014","GTGTTCCGTAGTTCCA-1_3_1"
"1015","GTTACAGGTAGAGCTG-1_3_1"
"1016","GTTACCCCACCGAATT-1_3_1"
"1017","GTTACCCTCTGGAAGG-1_3_1"
"1018","GTTACGATCAGTGTCA-1_3_1"
"1019","GTTACGATCTTACACT-1_3_1"
"1020","GTTAGACAGGCCTGCT-1_3_1"
"1021","GTTAGTGAGAAGATCT-1_3_1"
"1022","GTTAGTGAGTATGAAC-1_3_1"
"1023","GTTAGTGGTCGTGGAA-1_3_1"
"1024","GTTATGGAGCATGTTC-1_3_1"
"1025","GTTATGGAGTGGTGAC-1_3_1"
"1026","GTTATGGCACAGCCAC-1_3_1"
"1027","GTTCCGTCACGTCTCT-1_3_1"
"1028","GTTCCGTTCTACCAGA-1_3_1"
"1029","GTTCGCTAGCAAGGAA-1_3_1"
"1030","GTTCGCTAGTTCGCAT-1_3_1"
"1031","GTTCGCTCACTCCTGT-1_3_1"
"1032","GTTGAACGTGACGCCT-1_3_1"
"1033","GTTGCGGTCTGCGATA-1_3_1"
"1034","GTTGCTCCATCGGAGA-1_3_1"
"1035","GTTGCTCTCTACAGGT-1_3_1"
"1036","GTTGCTCTCTCAAAGC-1_3_1"
"1037","GTTGTAGTCCGATAAC-1_3_1"
"1038","GTTTACTAGACGGATC-1_3_1"
"1039","GTTTACTAGAGGACTC-1_3_1"
"1040","GTTTACTCATCTCGTC-1_3_1"
"1041","GTTTACTGTAAGCGGT-1_3_1"
"1042","GTTTACTTCGTAACTG-1_3_1"
"1043","GTTTGGAGTCCAGGTC-1_3_1"
"1044","GTTTGGATCCAAATGC-1_3_1"
"1045","TAACACGGTGAGGCAT-1_3_1"
"1046","TAACCAGAGTTTGCTG-1_3_1"
"1047","TAAGCACAGGCAGCTA-1_3_1"
"1048","TAAGCACCAGCGACCT-1_3_1"
"1049","TAAGCACTCGTTAGAC-1_3_1"
"1050","TAAGCCAGTACAGCGA-1_3_1"
"1051","TAAGCGTAGTCACTGT-1_3_1"
"1052","TAAGCGTCATGACAGG-1_3_1"
"1053","TAAGCGTGTGGCTACC-1_3_1"
"1054","TAAGTCGCAATGTCTG-1_3_1"
"1055","TAAGTCGGTACCCACG-1_3_1"
"1056","TAAGTCGTCATAAGGA-1_3_1"
"1057","TAATCTCAGATCCCGC-1_3_1"
"1058","TAATCTCTCGAACACT-1_3_1"
"1059","TAATCTCTCGTGGGAA-1_3_1"
"1060","TAATCTCTCTTTCAGT-1_3_1"
"1061","TAATTCCAGTGTACCT-1_3_1"
"1062","TAATTCCTCAATCGGT-1_3_1"
"1063","TACAACGGTGTACATC-1_3_1"
"1064","TACAACGTCGCCGATG-1_3_1"
"1065","TACACCCCAAGACGGT-1_3_1"
"1066","TACATTCAGAATTGTG-1_3_1"
"1067","TACATTCCAAGGAGTC-1_3_1"
"1068","TACATTCCATGACTGT-1_3_1"
"1069","TACATTCGTGCCAAGA-1_3_1"
"1070","TACCCGTGTCATGCAT-1_3_1"
"1071","TACCGAACATTAGGAA-1_3_1"
"1072","TACCGGGAGTAAACTG-1_3_1"
"1073","TACCGGGTCAGGAAGC-1_3_1"
"1074","TACCTGCAGGGTTTCT-1_3_1"
"1075","TACCTGCTCGCGATCG-1_3_1"
"1076","TACGCTCAGAGCCATG-1_3_1"
"1077","TACGCTCAGGAACGCT-1_3_1"
"1078","TACGCTCGTCGCATCG-1_3_1"
"1079","TACGGGCCAGCGCTTG-1_3_1"
"1080","TACGGGCCATGATCTG-1_3_1"
"1081","TACGGTATCTCGTTTA-1_3_1"
"1082","TACGTCCCAAATAAGC-1_3_1"
"1083","TACGTCCCAGGTACGA-1_3_1"
"1084","TACTGCCGTATTCCGA-1_3_1"
"1085","TACTTACCAGTATGAA-1_3_1"
"1086","TACTTACGTGACACAG-1_3_1"
"1087","TACTTCAAGTATCCTG-1_3_1"
"1088","TACTTCAGTATGCGTT-1_3_1"
"1089","TACTTCAGTGGCTACC-1_3_1"
"1090","TACTTCAGTTGCTCGG-1_3_1"
"1091","TACTTGTTCGACACCG-1_3_1"
"1092","TACTTGTTCTAAGAAG-1_3_1"
"1093","TAGACTGTCACTTATC-1_3_1"
"1094","TAGACTGTCCAGTTCC-1_3_1"
"1095","TAGACTGTCTGGCCAG-1_3_1"
"1096","TAGAGTCAGCACTGGA-1_3_1"
"1097","TAGCACAAGGCTTAGG-1_3_1"
"1098","TAGCACACACAGCGCT-1_3_1"
"1099","TAGCACAGTTTATGCG-1_3_1"
"1100","TAGGAGGAGTGAGTTA-1_3_1"
"1101","TAGGAGGTCACTGGTA-1_3_1"
"1102","TAGGGTTCACCCAAGC-1_3_1"
"1103","TAGGGTTGTAGGCAGT-1_3_1"
"1104","TAGGGTTTCATGGCCG-1_3_1"
"1105","TAGGTACCAAGAGGTC-1_3_1"
"1106","TAGGTACGTGGATCAG-1_3_1"
"1107","TAGGTTGTCTGGTGGC-1_3_1"
"1108","TAGTGCAAGTGAGGCT-1_3_1"
"1109","TATACCTCAAGCGAGT-1_3_1"
"1110","TATATCCAGAACAGGA-1_3_1"
"1111","TATATCCAGCGACTAG-1_3_1"
"1112","TATATCCGTCGTTTCC-1_3_1"
"1113","TATATCCTCACATACG-1_3_1"
"1114","TATCCTAAGGGTATAT-1_3_1"
"1115","TATCCTACACCGTACG-1_3_1"
"1116","TATCCTAGTGCCTAAT-1_3_1"
"1117","TATCCTATCCTGATAG-1_3_1"
"1118","TATCGCCGTGGCGTAA-1_3_1"
"1119","TATCGCCTCGCTGTTC-1_3_1"
"1120","TATCTGTGTTTGGAGG-1_3_1"
"1121","TATCTGTTCTGGGAGA-1_3_1"
"1122","TATCTTGGTCGCATCG-1_3_1"
"1123","TATCTTGTCGGAACTT-1_3_1"
"1124","TATCTTGTCTGGGAGA-1_3_1"
"1125","TATGTTCAGGTAGTAT-1_3_1"
"1126","TATTGCTGTCAGTCGC-1_3_1"
"1127","TATTTCGCAGCAGATG-1_3_1"
"1128","TATTTCGTCATCACAG-1_3_1"
"1129","TCAAGACCACCTATCC-1_3_1"
"1130","TCAAGACCACTGTGTA-1_3_1"
"1131","TCAAGACTCGCGTCGA-1_3_1"
"1132","TCAAGACTCTATGCCC-1_3_1"
"1133","TCAAGTGAGTCTAGCT-1_3_1"
"1134","TCAATCTGTTAGCTAC-1_3_1"
"1135","TCAATTCCAACTCGAT-1_3_1"
"1136","TCAATTCGTTTCTTAC-1_3_1"
"1137","TCACAAGAGCGCATCC-1_3_1"
"1138","TCACAAGGTGTGCTTA-1_3_1"
"1139","TCACACCAGACGATAT-1_3_1"
"1140","TCACGCTGTTAGGCTT-1_3_1"
"1141","TCACGCTTCGCCTATC-1_3_1"
"1142","TCACGGGCACAGTGTT-1_3_1"
"1143","TCACGGGGTATCGAGG-1_3_1"
"1144","TCACGGGTCAGCGTCG-1_3_1"
"1145","TCACTATCATAACTCG-1_3_1"
"1146","TCACTCGAGTCACGAG-1_3_1"
"1147","TCACTCGGTTGCATGT-1_3_1"
"1148","TCACTCGTCGAGTTGT-1_3_1"
"1149","TCAGCAAAGACCACGA-1_3_1"
"1150","TCAGCCTCAGCTGTGC-1_3_1"
"1151","TCAGGTAAGGCTAGCA-1_3_1"
"1152","TCAGGTATCTTTGATC-1_3_1"
"1153","TCAGTCCGTAGGGTAC-1_3_1"
"1154","TCAGTTTGTTACAGCT-1_3_1"
"1155","TCATACTAGACGGTTG-1_3_1"
"1156","TCATACTAGGGTTTCT-1_3_1"
"1157","TCATACTGTGGCTCTG-1_3_1"
"1158","TCATATCCAGACATCT-1_3_1"
"1159","TCATATCGTGAGTAGC-1_3_1"
"1160","TCATCATAGACCTCAT-1_3_1"
"1161","TCATCATCAGTCTGGC-1_3_1"
"1162","TCATCATGTCGAAGCA-1_3_1"
"1163","TCATCATTCCTTACCG-1_3_1"
"1164","TCATCCGGTCTACAGT-1_3_1"
"1165","TCATCCGTCGAAGTGG-1_3_1"
"1166","TCATGAGAGTGATTCC-1_3_1"
"1167","TCATGAGCAAACGTGG-1_3_1"
"1168","TCATGGAGTACAAGTA-1_3_1"
"1169","TCATGTTGTCAAGCGA-1_3_1"
"1170","TCATGTTTCAAGAGGC-1_3_1"
"1171","TCATTGTAGCCATATC-1_3_1"
"1172","TCATTGTAGGATATGT-1_3_1"
"1173","TCATTGTTCTACGCGG-1_3_1"
"1174","TCCACCACATTCCTAT-1_3_1"
"1175","TCCACGTAGCTGACAG-1_3_1"
"1176","TCCAGAAAGTTGGCTT-1_3_1"
"1177","TCCAGAATCCGTAGTA-1_3_1"
"1178","TCCATCGCAACAAGAT-1_3_1"
"1179","TCCATGCGTTGACTGT-1_3_1"
"1180","TCCCACAAGGAACTAT-1_3_1"
"1181","TCCCAGTGTATGCGTT-1_3_1"
"1182","TCCCAGTTCACCGGTG-1_3_1"
"1183","TCCGAAAAGTTCCAGT-1_3_1"
"1184","TCCGGGACACTACACA-1_3_1"
"1185","TCCTAATAGATTTGCC-1_3_1"
"1186","TCCTAATCAAATAGCA-1_3_1"
"1187","TCCTAATGTGGAGAAA-1_3_1"
"1188","TCCTCCCTCGGCATTA-1_3_1"
"1189","TCCTCTTAGAATCTAG-1_3_1"
"1190","TCCTCTTCACCGTCTT-1_3_1"
"1191","TCCTGCAAGTCCTGCG-1_3_1"
"1192","TCCTGCATCACTAGCA-1_3_1"
"1193","TCCTTCTGTAACGCGA-1_3_1"
"1194","TCCTTCTGTCGAGTTT-1_3_1"
"1195","TCCTTCTGTGGCTTGC-1_3_1"
"1196","TCCTTTCCACCTGCGA-1_3_1"
"1197","TCGAAGTCACGCGCAT-1_3_1"
"1198","TCGAAGTTCTTGGATG-1_3_1"
"1199","TCGACCTAGAGAGTGA-1_3_1"
"1200","TCGACCTCAACCGCTG-1_3_1"
"1201","TCGACGGGTAACGATA-1_3_1"
"1202","TCGACGGGTCTACATG-1_3_1"
"1203","TCGACGGTCGGACAAG-1_3_1"
"1204","TCGCACTAGCAAGTCG-1_3_1"
"1205","TCGCAGGAGAGAGCCT-1_3_1"
"1206","TCGCAGGGTTAGCTAC-1_3_1"
"1207","TCGCTCAAGCGAAACC-1_3_1"
"1208","TCGCTCAGTTCCGCTT-1_3_1"
"1209","TCGCTCATCTGAGTCA-1_3_1"
"1210","TCGCTTGAGGCCACCT-1_3_1"
"1211","TCGGATAAGACAGCTG-1_3_1"
"1212","TCGGATATCATTCACT-1_3_1"
"1213","TCGGATATCTGAGAAA-1_3_1"
"1214","TCGGGACAGGGTACGT-1_3_1"
"1215","TCGGGCATCTGTGCGG-1_3_1"
"1216","TCGGGTGTCACTCTTA-1_3_1"
"1217","TCGGGTGTCGAGTCTA-1_3_1"
"1218","TCGGTCTTCCGTATAG-1_3_1"
"1219","TCGTAGAGTACATTGC-1_3_1"
"1220","TCGTAGAGTCACGCTG-1_3_1"
"1221","TCGTCCAAGAGAATCT-1_3_1"
"1222","TCGTCCACAATAGTAG-1_3_1"
"1223","TCGTCCAGTGTCTTCC-1_3_1"
"1224","TCGTGCTCAACTGATC-1_3_1"
"1225","TCGTGCTTCTCTCGAC-1_3_1"
"1226","TCTAACTTCGCAGATT-1_3_1"
"1227","TCTACATAGCACAAAT-1_3_1"
"1228","TCTACATTCCAGTGCG-1_3_1"
"1229","TCTACCGTCACTCACC-1_3_1"
"1230","TCTACCGTCGGTCACG-1_3_1"
"1231","TCTATACTCTCGACCT-1_3_1"
"1232","TCTCACGAGCCAAGCA-1_3_1"
"1233","TCTCACGGTATTCCTT-1_3_1"
"1234","TCTCACGTCGAAGCCC-1_3_1"
"1235","TCTCAGCAGGTGGTTG-1_3_1"
"1236","TCTCAGCCACCTTCCA-1_3_1"
"1237","TCTCAGCCATGATAGA-1_3_1"
"1238","TCTCCGAAGGAACTCG-1_3_1"
"1239","TCTCCGAGTCGAACAG-1_3_1"
"1240","TCTGGCTAGCTAAACA-1_3_1"
"1241","TCTGTCGCATGACCCG-1_3_1"
"1242","TCTGTCGGTCTTGCGG-1_3_1"
"1243","TCTTCCTAGAAACACT-1_3_1"
"1244","TGAACGTCAACTTGGT-1_3_1"
"1245","TGAATCGAGAAATCCA-1_3_1"
"1246","TGAATCGGTACTGCGC-1_3_1"
"1247","TGACAGTCAAAGCTAA-1_3_1"
"1248","TGACAGTCATGACACT-1_3_1"
"1249","TGACCCTCACTTGTCC-1_3_1"
"1250","TGACCCTTCTGGGAGA-1_3_1"
"1251","TGAGCATAGACCAACG-1_3_1"
"1252","TGAGCGCCATCCGCGA-1_3_1"
"1253","TGAGGGAGTCAACCAT-1_3_1"
"1254","TGAGGTTAGAAGCTCG-1_3_1"
"1255","TGAGGTTAGGTCATCT-1_3_1"
"1256","TGAGGTTGTCGCTTGG-1_3_1"
"1257","TGATCTTAGTAATACG-1_3_1"
"1258","TGATCTTAGTTTCGAC-1_3_1"
"1259","TGATGCAAGGTGATCG-1_3_1"
"1260","TGATTCTAGAATTGCA-1_3_1"
"1261","TGATTCTCAAACTGCT-1_3_1"
"1262","TGCAGATCACCAGACC-1_3_1"
"1263","TGCAGATGTACGTGAG-1_3_1"
"1264","TGCAGTAGTAACATGA-1_3_1"
"1265","TGCAGTATCTAGAGCT-1_3_1"
"1266","TGCATCCAGCCTCATA-1_3_1"
"1267","TGCATCCAGTGAACAT-1_3_1"
"1268","TGCATGAGTGGGTCAA-1_3_1"
"1269","TGCCGAGAGATGACAT-1_3_1"
"1270","TGCCGAGGTGACCTGC-1_3_1"
"1271","TGCGATAAGCACTCGC-1_3_1"
"1272","TGCGATATCTTTGCTA-1_3_1"
"1273","TGCGGCACATGGCTAT-1_3_1"
"1274","TGCGGGTCAATCTGCA-1_3_1"
"1275","TGCGGGTCATCGATGT-1_3_1"
"1276","TGCGGGTGTTGCCTAA-1_3_1"
"1277","TGCTCGTCAGGAGACT-1_3_1"
"1278","TGCTTCGGTACGCGTC-1_3_1"
"1279","TGCTTGCGTTATTCTC-1_3_1"
"1280","TGCTTGCTCTGAGTCA-1_3_1"
"1281","TGGAACTAGCCACAAG-1_3_1"
"1282","TGGAACTCAGGTCAAG-1_3_1"
"1283","TGGAACTGTAACACGG-1_3_1"
"1284","TGGAACTGTTGGGATG-1_3_1"
"1285","TGGAGAGGTGGCTCTG-1_3_1"
"1286","TGGATCAGTCCGGATC-1_3_1"
"1287","TGGATCATCAGTCATG-1_3_1"
"1288","TGGATGTAGTTGAATG-1_3_1"
"1289","TGGATGTGTCGAGCAA-1_3_1"
"1290","TGGATGTGTTCCTTGC-1_3_1"
"1291","TGGATGTTCATTGCGA-1_3_1"
"1292","TGGGAAGCAAAGTATG-1_3_1"
"1293","TGGGAGAAGCCTATTG-1_3_1"
"1294","TGGGATTGTAACTGCT-1_3_1"
"1295","TGGGATTTCGATTTCT-1_3_1"
"1296","TGGGCGTAGCGGGTAT-1_3_1"
"1297","TGGGCGTTCATCGACA-1_3_1"
"1298","TGGGCTGAGACGCCCT-1_3_1"
"1299","TGGGCTGTCTCTCTAA-1_3_1"
"1300","TGGGTTATCTCAATCT-1_3_1"
"1301","TGGTACACAATCGTCA-1_3_1"
"1302","TGGTACACAGCTACCG-1_3_1"
"1303","TGGTAGTGTGCGTCGT-1_3_1"
"1304","TGGTGATAGTTTAGGA-1_3_1"
"1305","TGGTGATTCCTTATGT-1_3_1"
"1306","TGTAACGAGACACACG-1_3_1"
"1307","TGTAACGTCAAACTGC-1_3_1"
"1308","TGTCAGAAGACTCTTG-1_3_1"
"1309","TGTCAGAAGAGTCTTC-1_3_1"
"1310","TGTCAGAAGGTGATAT-1_3_1"
"1311","TGTCCACTCAATCCGA-1_3_1"
"1312","TGTCCACTCCTTATCA-1_3_1"
"1313","TGTCCTGCAACCCGCA-1_3_1"
"1314","TGTCCTGCACATACGT-1_3_1"
"1315","TGTGAGTAGCGAAACC-1_3_1"
"1316","TGTGAGTCAGACCATT-1_3_1"
"1317","TGTGAGTGTACCGTGC-1_3_1"
"1318","TGTGATGAGGCACAAC-1_3_1"
"1319","TGTGATGCAAAGGCTG-1_3_1"
"1320","TGTGCGGTCTCATAGG-1_3_1"
"1321","TGTGGCGCAGAGTTCT-1_3_1"
"1322","TGTGGCGGTTAATGAG-1_3_1"
"1323","TGTGTGACAGAACATA-1_3_1"
"1324","TGTGTGACAGAGAGGG-1_3_1"
"1325","TGTGTGATCCTTCGAC-1_3_1"
"1326","TGTGTGATCTATCCAT-1_3_1"
"1327","TGTGTGATCTCAGTCC-1_3_1"
"1328","TGTTACTAGTATGGAT-1_3_1"
"1329","TGTTACTTCTTGCAGA-1_3_1"
"1330","TGTTCATCACATATCG-1_3_1"
"1331","TGTTCCGTCTCTTCAA-1_3_1"
"1332","TGTTCTACACATATCG-1_3_1"
"1333","TGTTGAGAGCTGTACT-1_3_1"
"1334","TGTTGAGGTTGGGAAC-1_3_1"
"1335","TGTTTGTAGTATGGCG-1_3_1"
"1336","TGTTTGTAGTCTTCCC-1_3_1"
"1337","TGTTTGTCAACAAAGT-1_3_1"
"1338","TGTTTGTGTCACTGAT-1_3_1"
"1339","TTAATCCAGGGTTGCA-1_3_1"
"1340","TTACAGGAGACTACCT-1_3_1"
"1341","TTACCATAGGCTGAAC-1_3_1"
"1342","TTACCATCACAGTACT-1_3_1"
"1343","TTACCGCAGCAGGCAT-1_3_1"
"1344","TTACGCCAGTGAGTTA-1_3_1"
"1345","TTACGTTCAAGTTCGT-1_3_1"
"1346","TTACGTTCATATGCGT-1_3_1"
"1347","TTACGTTCATGAGGGT-1_3_1"
"1348","TTACGTTGTAGTCTGT-1_3_1"
"1349","TTACTGTCACTTGACA-1_3_1"
"1350","TTAGGCAAGCACTTTG-1_3_1"
"1351","TTAGGCACAGAGCGTA-1_3_1"
"1352","TTAGGCACAGCGTTGC-1_3_1"
"1353","TTAGGGTCAGTAACAA-1_3_1"
"1354","TTAGGGTTCATAGGCT-1_3_1"
"1355","TTAGGGTTCGTTCAGA-1_3_1"
"1356","TTAGTCTGTACACTCA-1_3_1"
"1357","TTAGTCTTCTCGTGGG-1_3_1"
"1358","TTATTGCTCGCAGTTA-1_3_1"
"1359","TTCAATCCATCCCACT-1_3_1"
"1360","TTCAATCCATTGAAAG-1_3_1"
"1361","TTCAATCGTGGCGCTT-1_3_1"
"1362","TTCACCGAGCCGCTTG-1_3_1"
"1363","TTCACCGCAGGTTACT-1_3_1"
"1364","TTCACGCAGCTTGTTG-1_3_1"
"1365","TTCACGCTCTGTCCCA-1_3_1"
"1366","TTCAGGAAGCTGTACT-1_3_1"
"1367","TTCAGGAGTAACTTCG-1_3_1"
"1368","TTCAGGAGTCATGACT-1_3_1"
"1369","TTCATGTAGGTCACAG-1_3_1"
"1370","TTCATGTCAATCACGT-1_3_1"
"1371","TTCATGTTCATCGCCT-1_3_1"
"1372","TTCATTGCACTGGCGT-1_3_1"
"1373","TTCATTGGTTCGGGTC-1_3_1"
"1374","TTCCACGAGCACTAAA-1_3_1"
"1375","TTCCACGAGGGCGAGA-1_3_1"
"1376","TTCCACGAGTACCATC-1_3_1"
"1377","TTCCACGCACGTCGTG-1_3_1"
"1378","TTCCGGTAGAGTTGTA-1_3_1"
"1379","TTCCTAAAGCTTTCCC-1_3_1"
"1380","TTCCTAAGTACGACAG-1_3_1"
"1381","TTCCTAAGTGCCGGTT-1_3_1"
"1382","TTCCTCTAGGACCCAA-1_3_1"
"1383","TTCCTCTCAATCGCGC-1_3_1"
"1384","TTCCTCTCATCGTGCG-1_3_1"
"1385","TTCCTCTTCGACGTCG-1_3_1"
"1386","TTCCTTCAGCAGCCTC-1_3_1"
"1387","TTCGATTAGGAGAGTA-1_3_1"
"1388","TTCGATTAGGGATGTC-1_3_1"
"1389","TTCGCTGAGAGGTCAC-1_3_1"
"1390","TTCGCTGCAAGTATAG-1_3_1"
"1391","TTCGCTGGTTTCTATC-1_3_1"
"1392","TTCGGTCCAGTTAGAA-1_3_1"
"1393","TTCTAACAGAACCGCA-1_3_1"
"1394","TTCTAACTCAGGCGAA-1_3_1"
"1395","TTCTAGTCAGATCCAT-1_3_1"
"1396","TTCTAGTCATAGTCAC-1_3_1"
"1397","TTCTAGTGTTGCAACT-1_3_1"
"1398","TTCTCTCAGCACACAG-1_3_1"
"1399","TTCTCTCCACCGTGCA-1_3_1"
"1400","TTCTGTACATACAGAA-1_3_1"
"1401","TTCTTCCGTTCAGGTT-1_3_1"
"1402","TTCTTCCTCCGCCTAT-1_3_1"
"1403","TTCTTCCTCTTTCTAG-1_3_1"
"1404","TTCTTGACAGTCGTTA-1_3_1"
"1405","TTCTTGATCGAACCTA-1_3_1"
"1406","TTGAACGAGCTGTACT-1_3_1"
"1407","TTGAGTGCAACACTAC-1_3_1"
"1408","TTGAGTGGTACCTATG-1_3_1"
"1409","TTGAGTGGTAGCGTCC-1_3_1"
"1410","TTGAGTGGTATGAAGT-1_3_1"
"1411","TTGATGGGTTCGGCTG-1_3_1"
"1412","TTGATGGTCCGTTTCG-1_3_1"
"1413","TTGCATTGTCTATGAC-1_3_1"
"1414","TTGCGTCAGCTTAAGA-1_3_1"
"1415","TTGCGTCCACGCGTCA-1_3_1"
"1416","TTGCTGCAGCAAGTCG-1_3_1"
"1417","TTGCTGCGTACACGTT-1_3_1"
"1418","TTGCTGCGTTTCCCAC-1_3_1"
"1419","TTGGATGCAGGACTTT-1_3_1"
"1420","TTGGATGGTATGAGCG-1_3_1"
"1421","TTGGATGGTCACTAGT-1_3_1"
"1422","TTGGGATCAGCTTTCC-1_3_1"
"1423","TTGGGATGTGGTAATA-1_3_1"
"1424","TTGGGATGTTTAAGGA-1_3_1"
"1425","TTGGGCGAGGTGATAT-1_3_1"
"1426","TTGGGCGCATGGAGAC-1_3_1"
"1427","TTGGGTAAGTTCCGTA-1_3_1"
"1428","TTGGTTTAGATTGGGC-1_3_1"
"1429","TTGGTTTTCCATACTT-1_3_1"
"1430","TTGTGGACAGGATCTT-1_3_1"
"1431","TTGTGGAGTTCAAGTC-1_3_1"
"1432","TTGTGTTCAGCTACCG-1_3_1"
"1433","TTGTGTTTCTCGACCT-1_3_1"
"1434","TTGTTCACAAGGTCTT-1_3_1"
"1435","TTGTTGTAGGTCTGGA-1_3_1"
"1436","TTGTTGTTCGTCCATC-1_3_1"
"1437","TTGTTTGGTAGTACGG-1_3_1"
"1438","TTTACCACAAAGCTAA-1_3_1"
"1439","TTTACGTGTGTTATCG-1_3_1"
"1440","TTTACTGAGGCTGGAT-1_3_1"
"1441","TTTACTGTCGTTCCTG-1_3_1"
"1442","TTTAGTCTCAACTGGT-1_3_1"
"1443","TTTCATGGTAGGACCA-1_3_1"
"1444","TTTCATGGTCAAAGCG-1_3_1"
"1445","TTTCCTCCAGGACGAT-1_3_1"
"1446","TTTCGATAGGATGGCT-1_3_1"
"1447","TTTCGATGTTAAGACA-1_3_1"
"1448","TTTCGATGTTGGAGGT-1_3_1"
"1449","TTTGACTCACCGTGAC-1_3_1"
"1450","TTTGATCAGCCTCTCT-1_3_1"
"1451","TTTGATCAGTTGGAGC-1_3_1"
"1452","TTTGATCCAGCAAGAC-1_3_1"
"1453","TTTGATCGTTTGCCGG-1_3_1"
"1454","TTTGGAGTCGCCCAGA-1_3_1"
"1455","TTTGGTTCACCGGAAA-1_3_1"
"1456","TTTGGTTCAGTATACC-1_3_1"
"1457","TTTGGTTGTTGGACTT-1_3_1"
"1458","TTTGTTGCAAAGGCGT-1_3_1"
"1459","TTTGTTGCAGTCGCAC-1_3_1"
"1460","TTTGTTGGTTAAACAG-1_3_1"
