"","x"
"1","AAACCCACAAGCGCTC-1_4_2"
"2","AAACCCAGTCATACCA-1_4_2"
"3","AAACCCAGTTGCTCCT-1_4_2"
"4","AAACCCATCCACGTCT-1_4_2"
"5","AAACGAAAGGCCCGTT-1_4_2"
"6","AAACGAAAGGTGATCG-1_4_2"
"7","AAACGAATCAAATGCC-1_4_2"
"8","AAACGCTGTCTTGAAC-1_4_2"
"9","AAACGCTTCAATGCAC-1_4_2"
"10","AAAGAACGTACCTATG-1_4_2"
"11","AAAGAACTCCGCAGTG-1_4_2"
"12","AAAGGATAGCTGGCCT-1_4_2"
"13","AAAGGATAGGAAGAAC-1_4_2"
"14","AAAGGATGTCGGATTT-1_4_2"
"15","AAAGGATGTTACGATC-1_4_2"
"16","AAAGGATTCGCCAACG-1_4_2"
"17","AAAGGATTCTACTCAT-1_4_2"
"18","AAAGGGCAGAGAGGTA-1_4_2"
"19","AAAGGGCAGGTTCATC-1_4_2"
"20","AAAGGGCCAACCGCTG-1_4_2"
"21","AAAGGGCCATAATGAG-1_4_2"
"22","AAAGGGCTCTCGTGAA-1_4_2"
"23","AAAGGTAAGTACCATC-1_4_2"
"24","AAAGGTATCATTACCT-1_4_2"
"25","AAAGTCCAGAGCAGCT-1_4_2"
"26","AAAGTCCCAATGACCT-1_4_2"
"27","AAAGTCCGTACGAGCA-1_4_2"
"28","AAAGTGAAGCATCTTG-1_4_2"
"29","AAAGTGACACACTTAG-1_4_2"
"30","AAAGTGACACCTCTAC-1_4_2"
"31","AAAGTGAGTGGCTACC-1_4_2"
"32","AAAGTGATCTTGGTGA-1_4_2"
"33","AAATGGATCGTAATGC-1_4_2"
"34","AACAAAGAGACAACAT-1_4_2"
"35","AACAAAGCACGTGAGA-1_4_2"
"36","AACAAAGCACTTGTGA-1_4_2"
"37","AACAACCAGTACGAGC-1_4_2"
"38","AACAACCCATGACGAG-1_4_2"
"39","AACAAGAAGCGGTAGT-1_4_2"
"40","AACAAGACATTGAAGA-1_4_2"
"41","AACACACAGACTCAAA-1_4_2"
"42","AACACACAGCACTAAA-1_4_2"
"43","AACACACCAGGTGTTT-1_4_2"
"44","AACACACCATGCACTA-1_4_2"
"45","AACACACTCCTGTAAG-1_4_2"
"46","AACACACTCGCCTCTA-1_4_2"
"47","AACAGGGTCACCCTTG-1_4_2"
"48","AACAGGGTCTGCGGAC-1_4_2"
"49","AACCAACCAAAGAGTT-1_4_2"
"50","AACCAACCAAGAAACT-1_4_2"
"51","AACCAACCACTGTGAT-1_4_2"
"52","AACCACAGTCCTTTGC-1_4_2"
"53","AACCACAGTCGATTTG-1_4_2"
"54","AACCATGTCCAACTGA-1_4_2"
"55","AACCCAAAGACTCTAC-1_4_2"
"56","AACCCAACACAAAGCG-1_4_2"
"57","AACCCAACACAAGGTG-1_4_2"
"58","AACCCAACAGATCCTA-1_4_2"
"59","AACCCAACAGCCTTCT-1_4_2"
"60","AACCCAAGTTTCGTGA-1_4_2"
"61","AACCTGAAGAAGAACG-1_4_2"
"62","AACCTGAAGGCGCTCT-1_4_2"
"63","AACCTGAGTGTTAAAG-1_4_2"
"64","AACCTGATCCGCAGTG-1_4_2"
"65","AACCTGATCCGCTAGG-1_4_2"
"66","AACCTGATCCGTGTCT-1_4_2"
"67","AACCTTTAGCTCGAAG-1_4_2"
"68","AACCTTTGTATCACGT-1_4_2"
"69","AACCTTTGTCGTCTCT-1_4_2"
"70","AACCTTTTCACCCTCA-1_4_2"
"71","AACGAAATCCAATGCA-1_4_2"
"72","AACGGGACACTGTCCT-1_4_2"
"73","AACGGGAGTGTATCCA-1_4_2"
"74","AACGGGAGTTTCCAAG-1_4_2"
"75","AACGTCACACCAGTTA-1_4_2"
"76","AACGTCACATCCGATA-1_4_2"
"77","AACGTCAGTCTACAGT-1_4_2"
"78","AACTTCTCATCCGAGC-1_4_2"
"79","AACTTCTGTTGTTGAC-1_4_2"
"80","AACTTCTTCCTTATAC-1_4_2"
"81","AAGAACAAGGAACGCT-1_4_2"
"82","AAGAACAAGTAGAGTT-1_4_2"
"83","AAGAACACAGCATGCC-1_4_2"
"84","AAGACAAAGGACGGAG-1_4_2"
"85","AAGACTCCATAGATGA-1_4_2"
"86","AAGACTCCATGCCGCA-1_4_2"
"87","AAGACTCGTTCGGACC-1_4_2"
"88","AAGACTCTCCTCACTG-1_4_2"
"89","AAGACTCTCTGAGCAT-1_4_2"
"90","AAGATAGAGCATGATA-1_4_2"
"91","AAGATAGCATCTTAGG-1_4_2"
"92","AAGATAGGTCCTCAGG-1_4_2"
"93","AAGCATCAGGTTTGAA-1_4_2"
"94","AAGCATCAGTTAGTGA-1_4_2"
"95","AAGCATCGTCGAACGA-1_4_2"
"96","AAGCATCTCACAAGAA-1_4_2"
"97","AAGCATCTCATTGGTG-1_4_2"
"98","AAGCCATAGTGGTTGG-1_4_2"
"99","AAGCCATTCTGGGCCA-1_4_2"
"100","AAGCGAGAGCCACTCG-1_4_2"
"101","AAGCGAGCAGAGTGAC-1_4_2"
"102","AAGCGAGTCGGATACT-1_4_2"
"103","AAGCGTTCATAATCCG-1_4_2"
"104","AAGCGTTCATCCGTGG-1_4_2"
"105","AAGGAATAGCGCACAA-1_4_2"
"106","AAGGAATGTAGTGCGA-1_4_2"
"107","AAGGAATGTCAGGCAA-1_4_2"
"108","AAGGAATTCGTGTGGC-1_4_2"
"109","AAGGTAAAGCTCGAAG-1_4_2"
"110","AAGGTAACATTACGGT-1_4_2"
"111","AAGTACCCACGACAAG-1_4_2"
"112","AAGTACCCATCACAGT-1_4_2"
"113","AAGTACCCATCAGTGT-1_4_2"
"114","AAGTCGTAGTCGAGGT-1_4_2"
"115","AAGTCGTCAACTTGCA-1_4_2"
"116","AAGTCGTGTCTAGGTT-1_4_2"
"117","AAGTGAATCACCGGGT-1_4_2"
"118","AATCACGAGGCCATAG-1_4_2"
"119","AATCACGCAATAGAGT-1_4_2"
"120","AATCACGGTAGCGAGT-1_4_2"
"121","AATCGACGTGTGGTCC-1_4_2"
"122","AATCGACGTTACAGCT-1_4_2"
"123","AATCGACTCAACCTCC-1_4_2"
"124","AATCGTGCAGAAATTG-1_4_2"
"125","AATGAAGAGAACAAGG-1_4_2"
"126","AATGAAGGTGTCACAT-1_4_2"
"127","AATGAAGTCTAGCCAA-1_4_2"
"128","AATGACCAGAGAAGGT-1_4_2"
"129","AATGACCCATCGATAC-1_4_2"
"130","AATGACCGTTCGCGTG-1_4_2"
"131","AATGACCTCAGTCATG-1_4_2"
"132","AATGCCACAGGGTTGA-1_4_2"
"133","AATGCCATCCAAGGGA-1_4_2"
"134","AATGGAAAGACGACGT-1_4_2"
"135","AATGGAAAGGTCATAA-1_4_2"
"136","AATGGAACACGTACAT-1_4_2"
"137","AATGGCTAGGCACTAG-1_4_2"
"138","AATGGCTCAACACAGG-1_4_2"
"139","AATGGCTCATATACCG-1_4_2"
"140","AATGGCTGTTTAAGGA-1_4_2"
"141","AATTCCTCAGCCGTTG-1_4_2"
"142","AATTTCCAGGCCACTC-1_4_2"
"143","AATTTCCAGGCTAAAT-1_4_2"
"144","AATTTCCTCCGAGTGC-1_4_2"
"145","ACAAAGATCCTCACCA-1_4_2"
"146","ACAACCAAGGATCACG-1_4_2"
"147","ACAACCATCTTGATTC-1_4_2"
"148","ACAAGCTCAGGAGGTT-1_4_2"
"149","ACAAGCTGTGTTTACG-1_4_2"
"150","ACACAGTGTCAATCTG-1_4_2"
"151","ACACAGTGTCGCGTCA-1_4_2"
"152","ACACAGTGTCGTGATT-1_4_2"
"153","ACACAGTGTCTCACAA-1_4_2"
"154","ACACAGTGTGCATTTG-1_4_2"
"155","ACACAGTTCCGATAAC-1_4_2"
"156","ACACAGTTCTCCTACG-1_4_2"
"157","ACACCAACAGCAGACA-1_4_2"
"158","ACACGCGCAACTCGAT-1_4_2"
"159","ACACTGAAGCGCCATC-1_4_2"
"160","ACACTGAGTCATCCCT-1_4_2"
"161","ACAGAAACAATGGGTG-1_4_2"
"162","ACAGCCGCAAATGCTC-1_4_2"
"163","ACAGCCGGTGTTTGCA-1_4_2"
"164","ACAGCCGTCCTGCCAT-1_4_2"
"165","ACAGGGAGTGCGTCGT-1_4_2"
"166","ACATCCCGTTCGGTCG-1_4_2"
"167","ACATCCCTCTAGTACG-1_4_2"
"168","ACATCGAAGCTCACTA-1_4_2"
"169","ACATCGAAGTCGCGAA-1_4_2"
"170","ACATCGAAGTGGATAT-1_4_2"
"171","ACATCGAGTCCTATAG-1_4_2"
"172","ACATCGAGTTCTCCTG-1_4_2"
"173","ACATCGATCCCTCTCC-1_4_2"
"174","ACATCGATCTCACGAA-1_4_2"
"175","ACATGCAGTAGACAGC-1_4_2"
"176","ACATGCAGTCAGTTTG-1_4_2"
"177","ACATGCAGTGACAACG-1_4_2"
"178","ACATGCAGTGACACAG-1_4_2"
"179","ACATTTCAGCCTAACT-1_4_2"
"180","ACATTTCAGTTAGTGA-1_4_2"
"181","ACATTTCCAAAGGGCT-1_4_2"
"182","ACATTTCCATAATCGC-1_4_2"
"183","ACATTTCGTAACATAG-1_4_2"
"184","ACCAACAAGTGTTCCA-1_4_2"
"185","ACCAACAGTATCGCGC-1_4_2"
"186","ACCAACAGTCTGTCCT-1_4_2"
"187","ACCAACATCAGTGGGA-1_4_2"
"188","ACCACAACACGCTGCA-1_4_2"
"189","ACCACAACAGAATTCC-1_4_2"
"190","ACCACAAGTGCCTGAC-1_4_2"
"191","ACCACAATCGATTCCC-1_4_2"
"192","ACCATTTAGAAGCTGC-1_4_2"
"193","ACCATTTCACGTCGGT-1_4_2"
"194","ACCATTTCATTAGGCT-1_4_2"
"195","ACCATTTGTAACATAG-1_4_2"
"196","ACCATTTTCCACTGAA-1_4_2"
"197","ACCCAAAGTACTGACT-1_4_2"
"198","ACCCAAAGTAGGCAAC-1_4_2"
"199","ACCCAAATCGCTCTCA-1_4_2"
"200","ACCCTTGAGAATAACC-1_4_2"
"201","ACCCTTGAGAGATTCA-1_4_2"
"202","ACCCTTGAGCTAGAGC-1_4_2"
"203","ACCCTTGAGGATGTTA-1_4_2"
"204","ACCCTTGCACGACAAG-1_4_2"
"205","ACCCTTGGTGGCAACA-1_4_2"
"206","ACCGTTCCAACCACAT-1_4_2"
"207","ACCGTTCGTTAAGCAA-1_4_2"
"208","ACCTACCCACACCGAC-1_4_2"
"209","ACCTACCCATCGGCCA-1_4_2"
"210","ACCTACCCATGACTGT-1_4_2"
"211","ACCTACCGTGCATTTG-1_4_2"
"212","ACCTGAAGTTGTCAGT-1_4_2"
"213","ACCTGAATCCAGCCTT-1_4_2"
"214","ACCTGAATCGCCTTGT-1_4_2"
"215","ACCTGAATCGTGCAGC-1_4_2"
"216","ACCTGTCAGGCGATAC-1_4_2"
"217","ACCTGTCGTCTTTATC-1_4_2"
"218","ACCTGTCGTGGGCTCT-1_4_2"
"219","ACCTGTCTCATACAGC-1_4_2"
"220","ACCTGTCTCGCGGTAC-1_4_2"
"221","ACGATCAAGATTAGAC-1_4_2"
"222","ACGATCAAGCGCCGTT-1_4_2"
"223","ACGATCAAGTCCTGTA-1_4_2"
"224","ACGATGTAGCACCGTC-1_4_2"
"225","ACGATGTCAACCTATG-1_4_2"
"226","ACGCACGAGCCACTCG-1_4_2"
"227","ACGCACGCAGCAATTC-1_4_2"
"228","ACGCACGGTGAGATAT-1_4_2"
"229","ACGCACGTCAGACCGC-1_4_2"
"230","ACGGAAGAGCCACTCG-1_4_2"
"231","ACGGAAGCAACATACC-1_4_2"
"232","ACGGAAGCACTTGGGC-1_4_2"
"233","ACGGAAGGTGAATTAG-1_4_2"
"234","ACGGTCGAGAGCATAT-1_4_2"
"235","ACGGTTAAGACAGTCG-1_4_2"
"236","ACGGTTAAGCGTACAG-1_4_2"
"237","ACGGTTACAGACGGAT-1_4_2"
"238","ACGGTTAGTCAGTCCG-1_4_2"
"239","ACGTAACCATCCCGTT-1_4_2"
"240","ACGTAACTCGATTCCC-1_4_2"
"241","ACGTAACTCTCTATGT-1_4_2"
"242","ACGTACAAGTCTGCAT-1_4_2"
"243","ACGTACACACTAGGCC-1_4_2"
"244","ACGTACACAGTCGCTG-1_4_2"
"245","ACGTACACATCGCTGG-1_4_2"
"246","ACGTACACATCTGGGC-1_4_2"
"247","ACGTACAGTCACCGCA-1_4_2"
"248","ACGTACAGTGCGTGCT-1_4_2"
"249","ACGTACATCTACACAG-1_4_2"
"250","ACGTAGTAGTATGTAG-1_4_2"
"251","ACGTCCTGTAACTGCT-1_4_2"
"252","ACGTTCCGTCATATGC-1_4_2"
"253","ACGTTCCTCGCCGTGA-1_4_2"
"254","ACTACGACATCATCCC-1_4_2"
"255","ACTATGGAGCTGGCCT-1_4_2"
"256","ACTATGGCAATTGAAG-1_4_2"
"257","ACTATGGGTCCGAAAG-1_4_2"
"258","ACTATGGTCACGGGCT-1_4_2"
"259","ACTCCCACATCTCAAG-1_4_2"
"260","ACTCTCGAGAGCTTTC-1_4_2"
"261","ACTCTCGTCTTCCCGA-1_4_2"
"262","ACTGATGCAGCGTTGC-1_4_2"
"263","ACTGCAAAGAGTGTGC-1_4_2"
"264","ACTGCAACAAGGTACG-1_4_2"
"265","ACTGCAACATAATGAG-1_4_2"
"266","ACTGCAATCCGAAGGA-1_4_2"
"267","ACTGCAATCTCCTGAC-1_4_2"
"268","ACTGTCCAGCCGTTAT-1_4_2"
"269","ACTGTCCGTAGCTTGT-1_4_2"
"270","ACTGTCCGTCGCTTAA-1_4_2"
"271","ACTGTCCGTTAGGAGC-1_4_2"
"272","ACTTAGGAGCTGCGAA-1_4_2"
"273","ACTTAGGAGGTTGTTC-1_4_2"
"274","ACTTAGGCAAGGGCAT-1_4_2"
"275","ACTTATCGTATCATGC-1_4_2"
"276","ACTTATCTCCTCGCAT-1_4_2"
"277","ACTTATCTCTTGCAGA-1_4_2"
"278","ACTTCCGAGCTCATAC-1_4_2"
"279","ACTTCCGCAGTTTCAG-1_4_2"
"280","ACTTCGCCAAAGCGTG-1_4_2"
"281","ACTTCGCTCCGATCTC-1_4_2"
"282","ACTTCGCTCGAGAAGC-1_4_2"
"283","ACTTCGCTCTGATTCT-1_4_2"
"284","ACTTCGCTCTTCTCAA-1_4_2"
"285","ACTTTCAAGGGCTTCC-1_4_2"
"286","ACTTTCACAGTGGCTC-1_4_2"
"287","ACTTTCAGTCCCTGAG-1_4_2"
"288","ACTTTCATCACCGCTT-1_4_2"
"289","ACTTTCATCACTCTTA-1_4_2"
"290","AGAAATGGTTGTGTTG-1_4_2"
"291","AGAAATGTCAGAGCGA-1_4_2"
"292","AGAAATGTCAGGTAAA-1_4_2"
"293","AGAACAAGTAGCGTAG-1_4_2"
"294","AGAACAATCGATTGAC-1_4_2"
"295","AGAACCTAGCATACTC-1_4_2"
"296","AGAACCTAGGGAGAAT-1_4_2"
"297","AGAACCTAGTGGCAGT-1_4_2"
"298","AGAACCTCACATTACG-1_4_2"
"299","AGAAGCGCACTCCTTG-1_4_2"
"300","AGAAGTAGTAGTGGCA-1_4_2"
"301","AGACACTCAAGGGTCA-1_4_2"
"302","AGACACTCAGGAAGTC-1_4_2"
"303","AGACACTGTTGTTGCA-1_4_2"
"304","AGACACTTCACGATCA-1_4_2"
"305","AGACAGGCAAGCTGTT-1_4_2"
"306","AGACAGGTCCAGGACC-1_4_2"
"307","AGACAGGTCGTAGTCA-1_4_2"
"308","AGACCATAGCAAATCA-1_4_2"
"309","AGACCATGTAGTCACT-1_4_2"
"310","AGACCATGTTGTTTGG-1_4_2"
"311","AGACCATTCGAGAATA-1_4_2"
"312","AGACCCGAGCCTCTGG-1_4_2"
"313","AGACCCGAGGAGCTGT-1_4_2"
"314","AGACCCGAGGAGGTTC-1_4_2"
"315","AGACTCAAGCCGTCGT-1_4_2"
"316","AGAGAATGTGTATTCG-1_4_2"
"317","AGAGAATGTTAAGAAC-1_4_2"
"318","AGAGAATGTTGCATGT-1_4_2"
"319","AGAGAGCCAAACACCT-1_4_2"
"320","AGAGAGCGTCTACTGA-1_4_2"
"321","AGAGAGCTCATTTGGG-1_4_2"
"322","AGAGCAGCACGTACAT-1_4_2"
"323","AGAGCAGCAGGTTCCG-1_4_2"
"324","AGAGCAGTCAGCGTCG-1_4_2"
"325","AGAGCAGTCGACATTG-1_4_2"
"326","AGAGCCCAGAAACTGT-1_4_2"
"327","AGAGCCCCAGCATGCC-1_4_2"
"328","AGAGCCCGTACTAACC-1_4_2"
"329","AGATAGAAGGTACAGC-1_4_2"
"330","AGATAGACAGCGAGTA-1_4_2"
"331","AGATAGACATGTAACC-1_4_2"
"332","AGATAGAGTAAGGCCA-1_4_2"
"333","AGATAGAGTGATTGGG-1_4_2"
"334","AGATAGAGTTCCCACT-1_4_2"
"335","AGATAGATCCGTATAG-1_4_2"
"336","AGATCCAAGAATCGCG-1_4_2"
"337","AGATCCAAGGATTTGA-1_4_2"
"338","AGATCCAGTAATTGGA-1_4_2"
"339","AGATCCATCGTACACA-1_4_2"
"340","AGATCCATCTTCCTAA-1_4_2"
"341","AGATCGTAGCAGTAAT-1_4_2"
"342","AGATCGTAGCCTGCCA-1_4_2"
"343","AGATCGTGTCTCGGAC-1_4_2"
"344","AGATCGTTCATCACTT-1_4_2"
"345","AGATCGTTCCTCAGGG-1_4_2"
"346","AGATCGTTCCTCTTTC-1_4_2"
"347","AGATGAATCCGTCCTA-1_4_2"
"348","AGATGCTCAAGCTGTT-1_4_2"
"349","AGATGCTCAAGGACAC-1_4_2"
"350","AGATGCTCAAGGAGTC-1_4_2"
"351","AGATGCTCACATTACG-1_4_2"
"352","AGATGCTGTACTGTTG-1_4_2"
"353","AGATGCTGTATATGGA-1_4_2"
"354","AGATGCTGTGACTGAG-1_4_2"
"355","AGATGCTTCGTTGTTT-1_4_2"
"356","AGATGCTTCTCGGGAC-1_4_2"
"357","AGCATCACAGCAATTC-1_4_2"
"358","AGCCAGCGTTAGAAAC-1_4_2"
"359","AGCCAGCTCTCATTAC-1_4_2"
"360","AGCGATTCAAGGAGTC-1_4_2"
"361","AGCGATTGTGCGGCTT-1_4_2"
"362","AGCGATTTCCAAGCCG-1_4_2"
"363","AGCGATTTCCAGTTCC-1_4_2"
"364","AGCGCCATCATTGCTT-1_4_2"
"365","AGCGCCATCCGTGGTG-1_4_2"
"366","AGCGTATCACTACCCT-1_4_2"
"367","AGCGTCGAGGTGGGTT-1_4_2"
"368","AGCGTCGGTGGTCAAG-1_4_2"
"369","AGCTCAAAGTGGAAAG-1_4_2"
"370","AGCTCAATCAGAATAG-1_4_2"
"371","AGCTTCCCAAAGAACT-1_4_2"
"372","AGGAAATGTACTAGCT-1_4_2"
"373","AGGAAATGTCGTGATT-1_4_2"
"374","AGGAAATTCACTACGA-1_4_2"
"375","AGGAATAAGATTAGTG-1_4_2"
"376","AGGAATAGTCGTATTG-1_4_2"
"377","AGGAATATCGGATTAC-1_4_2"
"378","AGGACGACATCGTCCT-1_4_2"
"379","AGGACGAGTAAGATAC-1_4_2"
"380","AGGACGATCACTTATC-1_4_2"
"381","AGGACGATCCCATTTA-1_4_2"
"382","AGGACTTAGAAGCTCG-1_4_2"
"383","AGGACTTAGTCAGAGC-1_4_2"
"384","AGGACTTGTTCGAAGG-1_4_2"
"385","AGGAGGTAGACTCTTG-1_4_2"
"386","AGGAGGTAGCGTATGG-1_4_2"
"387","AGGAGGTCACCGTGGT-1_4_2"
"388","AGGAGGTGTCCAGGTC-1_4_2"
"389","AGGAGGTGTCCTCCAT-1_4_2"
"390","AGGATAACAAGTCCAT-1_4_2"
"391","AGGATAACAGCGACAA-1_4_2"
"392","AGGATAAGTCCACTCT-1_4_2"
"393","AGGATCTGTTGTACGT-1_4_2"
"394","AGGCATTAGTCGCCCA-1_4_2"
"395","AGGCATTCATCACGGC-1_4_2"
"396","AGGCATTGTCCAAGAG-1_4_2"
"397","AGGCCACAGACTCTTG-1_4_2"
"398","AGGCCACAGGTAGTCG-1_4_2"
"399","AGGCCACAGTGCTCGC-1_4_2"
"400","AGGCCACCAAAGGCGT-1_4_2"
"401","AGGCCACCACCACTGG-1_4_2"
"402","AGGCCACCATTGCTTT-1_4_2"
"403","AGGCCACGTGGGAGAG-1_4_2"
"404","AGGCTGCAGTCTCTGA-1_4_2"
"405","AGGCTGCCAGTCACGC-1_4_2"
"406","AGGGAGTAGCGTGAAC-1_4_2"
"407","AGGGCCTAGAAACCCG-1_4_2"
"408","AGGGCCTAGGTTCACT-1_4_2"
"409","AGGGCCTCATACTGTG-1_4_2"
"410","AGGGCCTGTCTAGATC-1_4_2"
"411","AGGGCCTGTTGGACCC-1_4_2"
"412","AGGGCTCAGATAGCAT-1_4_2"
"413","AGGGCTCTCCATCCGT-1_4_2"
"414","AGGGTCCAGGAAACGA-1_4_2"
"415","AGGGTCCCACCAAAGG-1_4_2"
"416","AGGGTCCTCCTTGAAG-1_4_2"
"417","AGGGTCCTCTGGGCAC-1_4_2"
"418","AGGGTGAAGTGGACGT-1_4_2"
"419","AGGGTGAAGTTCTACG-1_4_2"
"420","AGGGTGACATCCGAAT-1_4_2"
"421","AGGGTGACATTCTCCG-1_4_2"
"422","AGGGTTTTCGGAGTGA-1_4_2"
"423","AGGTAGGAGTCACAGG-1_4_2"
"424","AGGTAGGTCCTCTTTC-1_4_2"
"425","AGGTAGGTCGAACTCA-1_4_2"
"426","AGGTCATGTGCAATAA-1_4_2"
"427","AGGTCATGTGTACATC-1_4_2"
"428","AGGTCATTCTGAACGT-1_4_2"
"429","AGGTCTAAGCTCGTGC-1_4_2"
"430","AGGTGTTAGTGGTGAC-1_4_2"
"431","AGGTGTTCATGTCAGT-1_4_2"
"432","AGGTGTTGTCTCAGAT-1_4_2"
"433","AGGTTACAGAGAGGGC-1_4_2"
"434","AGGTTACGTCCTTAAG-1_4_2"
"435","AGGTTGTGTATCACCA-1_4_2"
"436","AGTAACCAGTATGGCG-1_4_2"
"437","AGTAACCCAAGATGGC-1_4_2"
"438","AGTACCAAGGCATGGT-1_4_2"
"439","AGTACCATCTACCTTA-1_4_2"
"440","AGTACTGAGCATTGAA-1_4_2"
"441","AGTAGCTGTGCTCTCT-1_4_2"
"442","AGTAGTCCACCATAAC-1_4_2"
"443","AGTAGTCCAGGTCAGA-1_4_2"
"444","AGTAGTCTCCGCGATG-1_4_2"
"445","AGTCAACTCCAACTGA-1_4_2"
"446","AGTCAACTCGAGCCAC-1_4_2"
"447","AGTCACAAGCTTACGT-1_4_2"
"448","AGTCACACACACACGC-1_4_2"
"449","AGTCACACAGAGTTGG-1_4_2"
"450","AGTCACAGTACCAATC-1_4_2"
"451","AGTCACATCCAAGGGA-1_4_2"
"452","AGTCACATCCGATTAG-1_4_2"
"453","AGTCACATCCTGTAAG-1_4_2"
"454","AGTCATGAGACCCGCT-1_4_2"
"455","AGTCATGAGATAGTCA-1_4_2"
"456","AGTCATGCACTGCGAC-1_4_2"
"457","AGTCATGTCCTAAACG-1_4_2"
"458","AGTCTCCTCATCAGTG-1_4_2"
"459","AGTCTCCTCCATTGGA-1_4_2"
"460","AGTGACTAGCAATTCC-1_4_2"
"461","AGTGACTAGTATCTGC-1_4_2"
"462","AGTGACTCAGCGGTTC-1_4_2"
"463","AGTGACTTCAAAGGTA-1_4_2"
"464","AGTGACTTCTACCACC-1_4_2"
"465","AGTGATCTCCGCATAA-1_4_2"
"466","AGTGCCGAGCGACAGT-1_4_2"
"467","AGTGTTGCACAACCGC-1_4_2"
"468","AGTGTTGTCCATCTGC-1_4_2"
"469","AGTTAGCAGACCTGGA-1_4_2"
"470","AGTTCCCCAAGAGATT-1_4_2"
"471","AGTTCGAAGCAGTAAT-1_4_2"
"472","AGTTCGACATGTCGTA-1_4_2"
"473","AGTTCGAGTAGTGCGA-1_4_2"
"474","ATACCGAAGAGTTGCG-1_4_2"
"475","ATACCGAAGGTACTGG-1_4_2"
"476","ATACCGACAACACGAG-1_4_2"
"477","ATACCTTCACTATCCC-1_4_2"
"478","ATACCTTGTGACAACG-1_4_2"
"479","ATACTTCAGACGATAT-1_4_2"
"480","ATACTTCAGATACTGA-1_4_2"
"481","ATACTTCCACTGGACC-1_4_2"
"482","ATACTTCCACTTCTCG-1_4_2"
"483","ATACTTCTCCCTCGAT-1_4_2"
"484","ATACTTCTCGACCATA-1_4_2"
"485","ATAGACCGTTATAGCC-1_4_2"
"486","ATAGACCTCTTGCAAG-1_4_2"
"487","ATAGACCTCTTTACAC-1_4_2"
"488","ATAGAGAAGCACTCTA-1_4_2"
"489","ATAGAGACAGAAATCA-1_4_2"
"490","ATAGAGACATCGCTGG-1_4_2"
"491","ATAGAGAGTATGGAAT-1_4_2"
"492","ATAGGCTAGCCTTCTC-1_4_2"
"493","ATAGGCTAGTAGCAAT-1_4_2"
"494","ATAGGCTCATTGTCGA-1_4_2"
"495","ATAGGCTTCATCTATC-1_4_2"
"496","ATATCCTAGACAGCGT-1_4_2"
"497","ATATCCTCATACCACA-1_4_2"
"498","ATATCCTCATTCGATG-1_4_2"
"499","ATCACAGAGACCAAAT-1_4_2"
"500","ATCACAGAGCTCGGCT-1_4_2"
"501","ATCACAGGTCTACAGT-1_4_2"
"502","ATCACAGTCCGATGCG-1_4_2"
"503","ATCACGAAGACAACTA-1_4_2"
"504","ATCACGAAGTAGCCAG-1_4_2"
"505","ATCACGACACCCAATA-1_4_2"
"506","ATCACGATCACCCTTG-1_4_2"
"507","ATCACTTAGAAACCAT-1_4_2"
"508","ATCACTTAGCTCCACG-1_4_2"
"509","ATCACTTAGTAGAGTT-1_4_2"
"510","ATCACTTAGTTGTCAC-1_4_2"
"511","ATCACTTTCACGGTCG-1_4_2"
"512","ATCATTCAGAGTACCG-1_4_2"
"513","ATCATTCCATAGGCGA-1_4_2"
"514","ATCATTCGTAGAATGT-1_4_2"
"515","ATCATTCTCATTACGG-1_4_2"
"516","ATCCACCGTGGATACG-1_4_2"
"517","ATCCACCGTGGTCTAT-1_4_2"
"518","ATCCACCTCCCAAGCG-1_4_2"
"519","ATCCACCTCTACGGGC-1_4_2"
"520","ATCCATTCAGACGCTC-1_4_2"
"521","ATCCATTCAGGATGAC-1_4_2"
"522","ATCCATTGTACATTGC-1_4_2"
"523","ATCCATTGTACTGGGA-1_4_2"
"524","ATCCATTTCAGCTGTA-1_4_2"
"525","ATCCCTGAGGATATGT-1_4_2"
"526","ATCCCTGCATTGACAC-1_4_2"
"527","ATCCCTGGTGAGTTGG-1_4_2"
"528","ATCCGTCTCATTTCGT-1_4_2"
"529","ATCCGTCTCGAGCACC-1_4_2"
"530","ATCCTATCAGTTACCA-1_4_2"
"531","ATCCTATTCGACATTG-1_4_2"
"532","ATCCTATTCGGTGCAC-1_4_2"
"533","ATCGATGAGCACTCGC-1_4_2"
"534","ATCGATGAGCTGAGCA-1_4_2"
"535","ATCGATGAGGACAACC-1_4_2"
"536","ATCGATGGTCATACCA-1_4_2"
"537","ATCGATGGTCCAGGTC-1_4_2"
"538","ATCGATGTCTTGCAAG-1_4_2"
"539","ATCGCCTCACGGATCC-1_4_2"
"540","ATCGGATAGGTAAGTT-1_4_2"
"541","ATCGGATAGGTCGTCC-1_4_2"
"542","ATCGGATGTACAACGG-1_4_2"
"543","ATCGGATGTGATGAAT-1_4_2"
"544","ATCGGCGAGACTCTTG-1_4_2"
"545","ATCGGCGCAAAGGGCT-1_4_2"
"546","ATCGGCGCAATAACGA-1_4_2"
"547","ATCGGCGGTCCAGTTA-1_4_2"
"548","ATCGTAGAGATGTTGA-1_4_2"
"549","ATCGTAGAGCGCCATC-1_4_2"
"550","ATCGTAGCACCGTCTT-1_4_2"
"551","ATCGTCCAGCGACCCT-1_4_2"
"552","ATCGTCCCACCAGACC-1_4_2"
"553","ATCGTCCCAGCACCCA-1_4_2"
"554","ATCGTCCGTTCGGACC-1_4_2"
"555","ATCGTCCTCATTCTTG-1_4_2"
"556","ATCGTCCTCCGCACGA-1_4_2"
"557","ATCGTGAGTAGAAACT-1_4_2"
"558","ATCGTGAGTGTTACTG-1_4_2"
"559","ATCTCTAAGTCTGGTT-1_4_2"
"560","ATCTCTACACAGCTGC-1_4_2"
"561","ATCTCTATCACTTGTT-1_4_2"
"562","ATCTCTATCTAGAGCT-1_4_2"
"563","ATCTTCAAGATAGTGT-1_4_2"
"564","ATCTTCAAGTGTACAA-1_4_2"
"565","ATCTTCACACTGGCGT-1_4_2"
"566","ATCTTCACAGTCTTCC-1_4_2"
"567","ATCTTCACATCGGTTA-1_4_2"
"568","ATGAAAGAGTCCGTCG-1_4_2"
"569","ATGAAAGCAGTTAGGG-1_4_2"
"570","ATGAAAGCATAAGCGG-1_4_2"
"571","ATGAAAGTCGGCTGGT-1_4_2"
"572","ATGACCACACCAGCCA-1_4_2"
"573","ATGACCAGTTGGCCTG-1_4_2"
"574","ATGAGGGAGGCCTAGA-1_4_2"
"575","ATGAGGGAGTAACCGG-1_4_2"
"576","ATGAGGGTCCCTCATG-1_4_2"
"577","ATGAGTCCACCCTCTA-1_4_2"
"578","ATGAGTCCAGGGACTA-1_4_2"
"579","ATGAGTCGTAAGATCA-1_4_2"
"580","ATGATCGAGATGACAT-1_4_2"
"581","ATGATCGAGGGTAGCT-1_4_2"
"582","ATGATCGCACAAAGCG-1_4_2"
"583","ATGATCGCAGGTGACA-1_4_2"
"584","ATGCATGCAGTGTGCC-1_4_2"
"585","ATGCATGCATTCACAG-1_4_2"
"586","ATGCATGGTTCAGCTA-1_4_2"
"587","ATGCATGTCGTACACA-1_4_2"
"588","ATGCCTCCAAGTATAG-1_4_2"
"589","ATGCCTCCAGATTTCG-1_4_2"
"590","ATGCGATAGAACCGCA-1_4_2"
"591","ATGCGATAGCAAGCCA-1_4_2"
"592","ATGCGATCAGAGTTGG-1_4_2"
"593","ATGGAGGGTTCTCCTG-1_4_2"
"594","ATGGAGGTCTAAACGC-1_4_2"
"595","ATGGATCGTATGTCTG-1_4_2"
"596","ATGGATCTCGGCCTTT-1_4_2"
"597","ATGGGAGCAGCATACT-1_4_2"
"598","ATGGGAGGTTGTACGT-1_4_2"
"599","ATGGGTTGTGCCAAGA-1_4_2"
"600","ATGGGTTTCGTTAGTG-1_4_2"
"601","ATGGTTGAGCCTCATA-1_4_2"
"602","ATGGTTGCAAGTAGTA-1_4_2"
"603","ATGGTTGGTCCTGAAT-1_4_2"
"604","ATGGTTGGTTCTTCAT-1_4_2"
"605","ATGTCCCAGGGCAAGG-1_4_2"
"606","ATGTCCCCAAGGCAAC-1_4_2"
"607","ATGTCCCCACCGCTGA-1_4_2"
"608","ATGTCCCGTGAGTCAG-1_4_2"
"609","ATGTCTTGTTGGGATG-1_4_2"
"610","ATTACCTCAACTTGCA-1_4_2"
"611","ATTACCTGTCAAAGCG-1_4_2"
"612","ATTACCTTCGTCTCAC-1_4_2"
"613","ATTACTCAGCGTACAG-1_4_2"
"614","ATTACTCTCCAGCCTT-1_4_2"
"615","ATTATCCAGTTCGCAT-1_4_2"
"616","ATTATCCCATCGTGCG-1_4_2"
"617","ATTCACTAGTGGTCAG-1_4_2"
"618","ATTCACTAGTTGCATC-1_4_2"
"619","ATTCACTCAGGCTACC-1_4_2"
"620","ATTCACTGTATGCTTG-1_4_2"
"621","ATTCACTGTTTGGGTT-1_4_2"
"622","ATTCAGGCACTGAGTT-1_4_2"
"623","ATTCAGGGTATATGGA-1_4_2"
"624","ATTCATCAGAGATTCA-1_4_2"
"625","ATTCATCCAAAGCACG-1_4_2"
"626","ATTCATCTCAAACCCA-1_4_2"
"627","ATTCATCTCGCTGATA-1_4_2"
"628","ATTCCATAGGATATAC-1_4_2"
"629","ATTCCATTCGCATGAT-1_4_2"
"630","ATTCCCGAGTACAGAT-1_4_2"
"631","ATTCCCGCACCAATTG-1_4_2"
"632","ATTCCCGTCTCACTCG-1_4_2"
"633","ATTCCTAAGACATATG-1_4_2"
"634","ATTCCTAAGTGCAACG-1_4_2"
"635","ATTCCTATCTTGGCTC-1_4_2"
"636","ATTCTACCATAATGAG-1_4_2"
"637","ATTCTACTCAACACGT-1_4_2"
"638","ATTCTACTCGAGAAAT-1_4_2"
"639","ATTCTTGCAGTTGCGC-1_4_2"
"640","ATTCTTGTCAAGTTGC-1_4_2"
"641","ATTGGGTCAGTAGAAT-1_4_2"
"642","ATTGGGTCATCATTGG-1_4_2"
"643","ATTGGGTCATTGAAGA-1_4_2"
"644","ATTGGGTTCCGCAACG-1_4_2"
"645","ATTGTTCAGGTCGCCT-1_4_2"
"646","ATTGTTCCAAGTGGCA-1_4_2"
"647","ATTGTTCGTAGATTGA-1_4_2"
"648","ATTGTTCTCTGGAGAG-1_4_2"
"649","ATTTACCCAAATCGTC-1_4_2"
"650","ATTTACCGTACAAACA-1_4_2"
"651","ATTTACCGTGGCTGCT-1_4_2"
"652","ATTTACCTCACTTGGA-1_4_2"
"653","ATTTCACAGCGTGCTC-1_4_2"
"654","ATTTCACGTACCAGAG-1_4_2"
"655","ATTTCACTCCTGTTGC-1_4_2"
"656","ATTTCTGCACAAAGTA-1_4_2"
"657","ATTTCTGCATCATGAC-1_4_2"
"658","ATTTCTGGTACATACC-1_4_2"
"659","ATTTCTGTCCAACACA-1_4_2"
"660","CAAAGAACAGGTCAAG-1_4_2"
"661","CAACCAACAGCTGTGC-1_4_2"
"662","CAACCAATCGTTCCTG-1_4_2"
"663","CAACCTCAGTTGCTCA-1_4_2"
"664","CAACCTCGTGTTACTG-1_4_2"
"665","CAACCTCTCGTTATCT-1_4_2"
"666","CAACGATAGATACGAT-1_4_2"
"667","CAACGATGTAGATGTA-1_4_2"
"668","CAACGATGTGGAGAAA-1_4_2"
"669","CAACGATTCATCGGGC-1_4_2"
"670","CAACGGCAGCTGAAAT-1_4_2"
"671","CAACGGCAGTCGGGAT-1_4_2"
"672","CAACGGCCATCAGTCA-1_4_2"
"673","CAACGGCGTGGCTGCT-1_4_2"
"674","CAACGGCGTTCACCGG-1_4_2"
"675","CAACGGCTCAAGGAGC-1_4_2"
"676","CAAGACTCAGAAGTTA-1_4_2"
"677","CAAGACTTCCCGTAAA-1_4_2"
"678","CAAGAGGCAAACTCTG-1_4_2"
"679","CAAGAGGCAATGCTCA-1_4_2"
"680","CAAGAGGCATGGTACT-1_4_2"
"681","CAAGAGGGTATGCGGA-1_4_2"
"682","CAAGAGGTCCTTCAGC-1_4_2"
"683","CAAGCTAAGGTACAGC-1_4_2"
"684","CAAGCTAGTTCACGAT-1_4_2"
"685","CAAGCTATCCAAGCAT-1_4_2"
"686","CAAGGGAAGAATTGTG-1_4_2"
"687","CAAGGGAAGACCGCCT-1_4_2"
"688","CAAGGGAAGTTGGCGA-1_4_2"
"689","CAATACGAGGAACGAA-1_4_2"
"690","CAATACGGTAGGACTG-1_4_2"
"691","CAATACGTCACATACG-1_4_2"
"692","CAATCGAAGGATTTAG-1_4_2"
"693","CAATCGATCAGCCTTC-1_4_2"
"694","CAATCGATCCCAGTGG-1_4_2"
"695","CAATGACCAAACTAGA-1_4_2"
"696","CAATGACCAACGACTT-1_4_2"
"697","CAATGACGTGGCTTGC-1_4_2"
"698","CAATGACTCCTCTCTT-1_4_2"
"699","CAATTTCCAATGGGTG-1_4_2"
"700","CAATTTCCATGAATCC-1_4_2"
"701","CAATTTCGTTGCTAGT-1_4_2"
"702","CACAACAAGAGTGACC-1_4_2"
"703","CACAACATCACCGACG-1_4_2"
"704","CACACAACAGAATTCC-1_4_2"
"705","CACACAAGTCGCTCGA-1_4_2"
"706","CACACAATCCGTGGGT-1_4_2"
"707","CACACAATCCTACAAG-1_4_2"
"708","CACACAATCGCAAGAG-1_4_2"
"709","CACAGATAGGAACGAA-1_4_2"
"710","CACAGATTCACGTCCT-1_4_2"
"711","CACAGGCAGAGTTGTA-1_4_2"
"712","CACAGGCTCGAGCCTG-1_4_2"
"713","CACATGAAGCTCCCTT-1_4_2"
"714","CACATGAAGGATCATA-1_4_2"
"715","CACATGACACTCCTGT-1_4_2"
"716","CACATGAGTACAAGTA-1_4_2"
"717","CACATGATCCACTAGA-1_4_2"
"718","CACATGATCTGGACCG-1_4_2"
"719","CACGAATAGGGTCTTT-1_4_2"
"720","CACGGGTAGTAGTCAA-1_4_2"
"721","CACGGGTGTAGAAACT-1_4_2"
"722","CACGGGTGTAGTCCTA-1_4_2"
"723","CACGGGTGTGGCTTAT-1_4_2"
"724","CACGGGTTCCTAGAGT-1_4_2"
"725","CACGGGTTCGAGCCAC-1_4_2"
"726","CACGTGGGTATCGTGT-1_4_2"
"727","CACGTGGTCTACCTTA-1_4_2"
"728","CACGTTCAGCAGAAAG-1_4_2"
"729","CACGTTCAGGTGGTTG-1_4_2"
"730","CACGTTCAGTGTAGTA-1_4_2"
"731","CACGTTCGTTGGATCT-1_4_2"
"732","CACTAAGAGGATCACG-1_4_2"
"733","CACTAAGCAAACCGGA-1_4_2"
"734","CACTAAGCACGGCCAT-1_4_2"
"735","CACTGAAGTTAGGGTG-1_4_2"
"736","CACTGGGAGCGAAACC-1_4_2"
"737","CACTGGGCAAATGCTC-1_4_2"
"738","CACTGGGCAATACCTG-1_4_2"
"739","CACTGGGCATCGATCA-1_4_2"
"740","CACTGTCGTCCGTACG-1_4_2"
"741","CACTTCGTCATGCGGC-1_4_2"
"742","CACTTCGTCCACGAAT-1_4_2"
"743","CAGAGCCAGGATACAT-1_4_2"
"744","CAGAGCCGTTGCCATA-1_4_2"
"745","CAGAGCCTCACCCATC-1_4_2"
"746","CAGATACAGATGGCAC-1_4_2"
"747","CAGATACAGGTGCCAA-1_4_2"
"748","CAGATCAAGCTGTTAC-1_4_2"
"749","CAGATCAAGGTACATA-1_4_2"
"750","CAGATCAGTGCCGGTT-1_4_2"
"751","CAGATTGAGATTGAGT-1_4_2"
"752","CAGATTGCAACGCCCA-1_4_2"
"753","CAGATTGCAAGCAATA-1_4_2"
"754","CAGATTGGTTGGGACA-1_4_2"
"755","CAGCAATTCACCCATC-1_4_2"
"756","CAGCACGAGTGGAATT-1_4_2"
"757","CAGCACGAGTTCCAGT-1_4_2"
"758","CAGCACGCACGCTTAA-1_4_2"
"759","CAGCACGGTCTCTCTG-1_4_2"
"760","CAGCACGGTGTGGTCC-1_4_2"
"761","CAGCAGCCAGCTGAAG-1_4_2"
"762","CAGCAGCTCAGACCGC-1_4_2"
"763","CAGCCAGAGCAAGGAA-1_4_2"
"764","CAGCCAGCAACATACC-1_4_2"
"765","CAGCCAGCACGAGGTA-1_4_2"
"766","CAGCCAGCAGGGATAC-1_4_2"
"767","CAGCCAGGTGTCACAT-1_4_2"
"768","CAGCCAGTCATGGCCG-1_4_2"
"769","CAGCCAGTCCGACATA-1_4_2"
"770","CAGCCAGTCGCATGAT-1_4_2"
"771","CAGCGTGGTAGTTCCA-1_4_2"
"772","CAGGCCAGTGGATCAG-1_4_2"
"773","CAGGCCAGTGTGGACA-1_4_2"
"774","CAGGGCTAGAAGCGCT-1_4_2"
"775","CAGGGCTCAGAGGGTT-1_4_2"
"776","CAGGGCTGTGGGTATG-1_4_2"
"777","CAGGGCTTCCTGGGTG-1_4_2"
"778","CAGGTATAGCAGTACG-1_4_2"
"779","CAGGTATGTCACGACC-1_4_2"
"780","CAGGTATGTGCTCGTG-1_4_2"
"781","CAGGTATTCAGCTGTA-1_4_2"
"782","CAGTGCGGTGAGTTTC-1_4_2"
"783","CAGTGCGTCCGTTGAA-1_4_2"
"784","CAGTTCCTCTCTAAGG-1_4_2"
"785","CATAAGCAGCGAAACC-1_4_2"
"786","CATAAGCAGTAATACG-1_4_2"
"787","CATAAGCTCACCGGGT-1_4_2"
"788","CATACAGGTCAGGAGT-1_4_2"
"789","CATACAGGTCGAGCAA-1_4_2"
"790","CATACCCAGTCCCAAT-1_4_2"
"791","CATACCCGTGAATTAG-1_4_2"
"792","CATACCCGTTGGTAGG-1_4_2"
"793","CATACTTCAGCCGTCA-1_4_2"
"794","CATACTTCAGTTGTCA-1_4_2"
"795","CATACTTGTCAGGCAA-1_4_2"
"796","CATACTTGTGGCGTAA-1_4_2"
"797","CATACTTGTTAGGGTG-1_4_2"
"798","CATAGACCACCCAAGC-1_4_2"
"799","CATAGACGTGGTTTGT-1_4_2"
"800","CATCAAGGTCCACTTC-1_4_2"
"801","CATCCACCATGGCTAT-1_4_2"
"802","CATCCGTAGCCGAATG-1_4_2"
"803","CATCCGTAGTAGCCAG-1_4_2"
"804","CATCCGTCAGGACAGT-1_4_2"
"805","CATCCGTCATACAGAA-1_4_2"
"806","CATCGCTAGTTTCGAC-1_4_2"
"807","CATCGCTCATTCAGGT-1_4_2"
"808","CATCGGGCAACAGTGG-1_4_2"
"809","CATCGGGCATGCCGCA-1_4_2"
"810","CATCGTCCACTGCGTG-1_4_2"
"811","CATCGTCCAGTAACAA-1_4_2"
"812","CATCGTCGTAGTGGCA-1_4_2"
"813","CATCGTCTCTCTCGCA-1_4_2"
"814","CATGAGTTCATTTCGT-1_4_2"
"815","CATGAGTTCCTCTCTT-1_4_2"
"816","CATGCAAGTCAAAGTA-1_4_2"
"817","CATGCCTAGATCGGTG-1_4_2"
"818","CATGCCTCACTCCGAG-1_4_2"
"819","CATGCGGAGTATGACA-1_4_2"
"820","CATGCGGCACATGGTT-1_4_2"
"821","CATGCGGGTCCAGCCA-1_4_2"
"822","CATGCGGTCAGAACCT-1_4_2"
"823","CATGCGGTCTAGACCA-1_4_2"
"824","CATGCTCAGGTGAGAA-1_4_2"
"825","CATGCTCAGTAGGTTA-1_4_2"
"826","CATGCTCTCCACTGAA-1_4_2"
"827","CATGCTCTCGGTGTAT-1_4_2"
"828","CATGGATCATCTCGTC-1_4_2"
"829","CATGGTACAAAGTATG-1_4_2"
"830","CATGGTACACTAAACC-1_4_2"
"831","CATGGTAGTTCACGAT-1_4_2"
"832","CATGGTATCACAAGAA-1_4_2"
"833","CATGGTATCCATGCAA-1_4_2"
"834","CATTCATAGTCATGGG-1_4_2"
"835","CATTCATCAGCCCAGT-1_4_2"
"836","CATTCATTCATGCAGT-1_4_2"
"837","CATTCATTCTGGCCTT-1_4_2"
"838","CATTCCGAGAAGGCTC-1_4_2"
"839","CATTCCGAGCTGACTT-1_4_2"
"840","CATTCCGCAAGCGAGT-1_4_2"
"841","CATTCCGTCCAGCAAT-1_4_2"
"842","CATTCTACATTCTTCA-1_4_2"
"843","CATTCTATCCGTGTCT-1_4_2"
"844","CATTGAGAGCGCCTCA-1_4_2"
"845","CATTGAGAGTACAGAT-1_4_2"
"846","CATTGAGTCTTCGACC-1_4_2"
"847","CATTGCCGTATCATGC-1_4_2"
"848","CATTGCCGTGTCATCA-1_4_2"
"849","CATTGCCTCGCGTCGA-1_4_2"
"850","CATTGTTAGCAAGTGC-1_4_2"
"851","CATTGTTCATTAGGCT-1_4_2"
"852","CATTGTTGTCTCACAA-1_4_2"
"853","CATTTCAAGTCGAAAT-1_4_2"
"854","CATTTCACAAAGTGTA-1_4_2"
"855","CATTTCACATCTGCGG-1_4_2"
"856","CATTTCATCTATGTGG-1_4_2"
"857","CATTTCATCTGTAACG-1_4_2"
"858","CCAAGCGGTGTCCGGT-1_4_2"
"859","CCAAGCGTCTATTCGT-1_4_2"
"860","CCAATGAAGTGGTCAG-1_4_2"
"861","CCAATGAAGTTAGTGA-1_4_2"
"862","CCAATGACACTTTATC-1_4_2"
"863","CCAATGAGTAACACCT-1_4_2"
"864","CCAATGAGTCTCGACG-1_4_2"
"865","CCAATGAGTTACCTTT-1_4_2"
"866","CCACAAAAGCGTTACT-1_4_2"
"867","CCACAAAAGTCCGTCG-1_4_2"
"868","CCACAAACAGTCGCTG-1_4_2"
"869","CCACAAAGTAGGTTTC-1_4_2"
"870","CCACAAATCAGATGCT-1_4_2"
"871","CCACACTGTTTGTTGG-1_4_2"
"872","CCACCATAGCCTAGGA-1_4_2"
"873","CCACGAGAGATGCTAA-1_4_2"
"874","CCACGTTCAAAGGCAC-1_4_2"
"875","CCACGTTGTGTCACAT-1_4_2"
"876","CCACTTGCATCCGGTG-1_4_2"
"877","CCATAAGAGACGGTCA-1_4_2"
"878","CCATAAGAGCCGTAAG-1_4_2"
"879","CCATCACAGGGCAGAG-1_4_2"
"880","CCATCACAGTAACGTA-1_4_2"
"881","CCCAACTGTCCTCAGG-1_4_2"
"882","CCCATTGAGAATCCCT-1_4_2"
"883","CCCATTGCAAGAAATC-1_4_2"
"884","CCCATTGCAATCGCCG-1_4_2"
"885","CCCGAAGCACGGCTAC-1_4_2"
"886","CCCGAAGGTGTGTCCG-1_4_2"
"887","CCCGAAGTCACGATAC-1_4_2"
"888","CCCGGAACACGGTCTG-1_4_2"
"889","CCCGGAAGTACACGTT-1_4_2"
"890","CCCTAACAGTCAGAGC-1_4_2"
"891","CCCTAACAGTCCGCGT-1_4_2"
"892","CCCTCAATCGGTGTTA-1_4_2"
"893","CCCTCTCCACGAGGTA-1_4_2"
"894","CCCTCTCGTCGTGGTC-1_4_2"
"895","CCCTCTCTCATGACAC-1_4_2"
"896","CCCTCTCTCTCTGAGA-1_4_2"
"897","CCCTGATAGGCTGGAT-1_4_2"
"898","CCCTGATCAAGTGCTT-1_4_2"
"899","CCCTGATTCGGCTGGT-1_4_2"
"900","CCCTTAGGTCGCAGTC-1_4_2"
"901","CCCTTAGGTGTTCGTA-1_4_2"
"902","CCCTTAGGTTTCGCTC-1_4_2"
"903","CCGAACGCAACACAGG-1_4_2"
"904","CCGAACGCAAGTACCT-1_4_2"
"905","CCGAACGCAGCTATTG-1_4_2"
"906","CCGAACGCATGAAGCG-1_4_2"
"907","CCGAACGGTCGATTAC-1_4_2"
"908","CCGAACGGTGTGTGTT-1_4_2"
"909","CCGAACGTCAGACATC-1_4_2"
"910","CCGAACGTCTACGGGC-1_4_2"
"911","CCGATCTAGCTACAAA-1_4_2"
"912","CCGATCTGTATCGTTG-1_4_2"
"913","CCGATCTTCGTAGAGG-1_4_2"
"914","CCGATGGAGACATCCT-1_4_2"
"915","CCGATGGCATACATCG-1_4_2"
"916","CCGATGGTCCTCACCA-1_4_2"
"917","CCGCAAGAGTAGGTTA-1_4_2"
"918","CCGCAAGGTTATAGAG-1_4_2"
"919","CCGGACAAGGGTACAC-1_4_2"
"920","CCGGACAAGTAACCTC-1_4_2"
"921","CCGGACACACCTGATA-1_4_2"
"922","CCGGACATCTCGTTTA-1_4_2"
"923","CCGGGTAGTGATACTC-1_4_2"
"924","CCGGGTAGTTCCGTTC-1_4_2"
"925","CCGGTAGAGTTCGGTT-1_4_2"
"926","CCGGTAGCATGGGTTT-1_4_2"
"927","CCGGTGAAGGCGTTGA-1_4_2"
"928","CCGGTGAAGTCATAGA-1_4_2"
"929","CCGTAGGAGGTCTTTG-1_4_2"
"930","CCGTAGGCACCCGTAG-1_4_2"
"931","CCGTAGGGTTGTCCCT-1_4_2"
"932","CCGTGAGAGGCATGCA-1_4_2"
"933","CCGTGAGAGTAGCCAG-1_4_2"
"934","CCGTGAGGTAGGTAGC-1_4_2"
"935","CCGTTCACATACAGAA-1_4_2"
"936","CCGTTCATCAGGAAAT-1_4_2"
"937","CCGTTCATCCTTACCG-1_4_2"
"938","CCGTTCATCTAATTCC-1_4_2"
"939","CCTAACCAGAGCCCAA-1_4_2"
"940","CCTAACCAGGAGTACC-1_4_2"
"941","CCTAAGAAGGGAGTGG-1_4_2"
"942","CCTAAGATCCTTGACC-1_4_2"
"943","CCTACGTAGGGTACGT-1_4_2"
"944","CCTACGTCAAGGTCAG-1_4_2"
"945","CCTACGTCAATGCAAA-1_4_2"
"946","CCTACGTCATTGTGCA-1_4_2"
"947","CCTACGTGTGGAATGC-1_4_2"
"948","CCTACGTTCCACACCT-1_4_2"
"949","CCTATCGAGGTTGAGC-1_4_2"
"950","CCTATCGGTACCGCGT-1_4_2"
"951","CCTATCGGTTTCAGAC-1_4_2"
"952","CCTATCGTCGAACTCA-1_4_2"
"953","CCTCAACAGGCTGTAG-1_4_2"
"954","CCTCAACAGTGCTAGG-1_4_2"
"955","CCTCAACCATACAGAA-1_4_2"
"956","CCTCAACTCAGTCCGG-1_4_2"
"957","CCTCAACTCGGCAGTC-1_4_2"
"958","CCTCACAGTAGTGTGG-1_4_2"
"959","CCTCACAGTGGAGAAA-1_4_2"
"960","CCTCACATCATTGCTT-1_4_2"
"961","CCTCACATCTCGACGG-1_4_2"
"962","CCTCAGTCAAAGGATT-1_4_2"
"963","CCTCATGAGGGTGAGG-1_4_2"
"964","CCTCCAAGTATTTCCT-1_4_2"
"965","CCTCCTCAGCGTCTCG-1_4_2"
"966","CCTCCTCGTACAGTCT-1_4_2"
"967","CCTCCTCGTCGTGCCA-1_4_2"
"968","CCTCTCCCAGGGCTTC-1_4_2"
"969","CCTGCATAGGAGATAG-1_4_2"
"970","CCTGCATGTTCGGTCG-1_4_2"
"971","CCTGCATTCAACTCTT-1_4_2"
"972","CCTGCATTCCTCCACA-1_4_2"
"973","CCTGTTGAGTCTGCAT-1_4_2"
"974","CCTGTTGGTCTACATG-1_4_2"
"975","CCTGTTGGTGACACGA-1_4_2"
"976","CCTTCAGGTTATGTGC-1_4_2"
"977","CCTTCAGTCTGGAGAG-1_4_2"
"978","CCTTGTGAGTTTGGCT-1_4_2"
"979","CCTTGTGGTCCACTTC-1_4_2"
"980","CCTTGTGTCCTGTTGC-1_4_2"
"981","CCTTTGGAGACGCAGT-1_4_2"
"982","CCTTTGGGTATGAAGT-1_4_2"
"983","CGAAGGACAGCGTTGC-1_4_2"
"984","CGAAGGACATTAAAGG-1_4_2"
"985","CGAAGTTAGACCTCCG-1_4_2"
"986","CGAAGTTAGGCGTTGA-1_4_2"
"987","CGAAGTTCAGGCCTGT-1_4_2"
"988","CGAAGTTTCATCTACT-1_4_2"
"989","CGAATTGAGTGACACG-1_4_2"
"990","CGAATTGCATAGTCAC-1_4_2"
"991","CGAATTGGTCTACATG-1_4_2"
"992","CGAATTGGTCTTGAGT-1_4_2"
"993","CGACAGCAGATTAGCA-1_4_2"
"994","CGACAGCGTGCGCTCA-1_4_2"
"995","CGACAGCGTTCCACGG-1_4_2"
"996","CGAGAAGGTACTTGTG-1_4_2"
"997","CGAGAAGGTCATGACT-1_4_2"
"998","CGAGAAGTCGTGCATA-1_4_2"
"999","CGAGGAAGTGACTAAA-1_4_2"
"1000","CGAGGAATCGCCAATA-1_4_2"
"1001","CGAGGAATCTACTGCC-1_4_2"
"1002","CGAGGCTCACAAAGCG-1_4_2"
"1003","CGAGTGCAGGCGATAC-1_4_2"
"1004","CGAGTGCTCAGCCTCT-1_4_2"
"1005","CGAGTTATCAATGCAC-1_4_2"
"1006","CGAGTTATCTGTAACG-1_4_2"
"1007","CGATCGGAGCTGCCAC-1_4_2"
"1008","CGATCGGAGTAGCATA-1_4_2"
"1009","CGATCGGTCACGTAGT-1_4_2"
"1010","CGATGCGGTAGTCGTT-1_4_2"
"1011","CGATGCGTCCATGCAA-1_4_2"
"1012","CGATGGCAGAACTTCC-1_4_2"
"1013","CGATGGCGTCAACCTA-1_4_2"
"1014","CGATGGCGTCAGGAGT-1_4_2"
"1015","CGATGGCGTTGGCTAT-1_4_2"
"1016","CGCAGGTAGTGGTTGG-1_4_2"
"1017","CGCAGGTGTCGTTGGC-1_4_2"
"1018","CGCAGGTGTTTGACAC-1_4_2"
"1019","CGCAGGTTCAAGGCTT-1_4_2"
"1020","CGCAGGTTCACTGATG-1_4_2"
"1021","CGCAGGTTCCGCTTAC-1_4_2"
"1022","CGCATAAAGAGGTGCT-1_4_2"
"1023","CGCATAAAGGCCTAGA-1_4_2"
"1024","CGCATAATCAGCGTCG-1_4_2"
"1025","CGCATGGAGCGCGTTC-1_4_2"
"1026","CGCATGGCACTCCGGA-1_4_2"
"1027","CGCATGGGTCGTATTG-1_4_2"
"1028","CGCCAGACACTCAAGT-1_4_2"
"1029","CGCCAGAGTGCACGCT-1_4_2"
"1030","CGCCAGATCACGGGCT-1_4_2"
"1031","CGCCATTCAGACCGCT-1_4_2"
"1032","CGCGTGATCTACACAG-1_4_2"
"1033","CGGAACCAGGTGAGAA-1_4_2"
"1034","CGGAACCCAAATTGGA-1_4_2"
"1035","CGGAACCGTACGATTC-1_4_2"
"1036","CGGAACCGTGGGACAT-1_4_2"
"1037","CGGAACCTCAGAGCGA-1_4_2"
"1038","CGGAATTAGGTCGTCC-1_4_2"
"1039","CGGAATTAGTTCTCTT-1_4_2"
"1040","CGGAATTCACTACACA-1_4_2"
"1041","CGGAATTGTTCTCGTC-1_4_2"
"1042","CGGAATTGTTGGGCCT-1_4_2"
"1043","CGGACACCAGAGATTA-1_4_2"
"1044","CGGACACGTCAGATTC-1_4_2"
"1045","CGGACACGTCTTTCAT-1_4_2"
"1046","CGGACACGTGCCTTCT-1_4_2"
"1047","CGGAGAACAAGAGAGA-1_4_2"
"1048","CGGAGAAGTTCTTAGG-1_4_2"
"1049","CGGAGAATCACGGAGA-1_4_2"
"1050","CGGCAGTCAAGTGGTG-1_4_2"
"1051","CGGCAGTGTAATCAGA-1_4_2"
"1052","CGGCAGTGTTCTCCAC-1_4_2"
"1053","CGGCAGTTCACGATCA-1_4_2"
"1054","CGGGACTGTTCCAAAC-1_4_2"
"1055","CGGGCATCACCTTCCA-1_4_2"
"1056","CGGGTCAAGGAAGTAG-1_4_2"
"1057","CGGGTCAGTCTGTTAG-1_4_2"
"1058","CGGGTCAGTGCGGCTT-1_4_2"
"1059","CGGGTCATCAACCTCC-1_4_2"
"1060","CGGGTGTAGTGGTTAA-1_4_2"
"1061","CGGGTGTGTACCCACG-1_4_2"
"1062","CGGGTGTTCCCATAGA-1_4_2"
"1063","CGGTCAGAGGCCTGCT-1_4_2"
"1064","CGGTCAGAGGTAAAGG-1_4_2"
"1065","CGGTCAGGTTCCGTTC-1_4_2"
"1066","CGGTCAGGTTCTCACC-1_4_2"
"1067","CGTAAGTAGGCAGGGA-1_4_2"
"1068","CGTAAGTGTGTATTGC-1_4_2"
"1069","CGTAATGAGCGCCCAT-1_4_2"
"1070","CGTAATGCAACAAAGT-1_4_2"
"1071","CGTAATGGTCAGGAGT-1_4_2"
"1072","CGTAATGTCCTGGGAC-1_4_2"
"1073","CGTAGTAGTCCAACGC-1_4_2"
"1074","CGTCAAAAGTTGCTCA-1_4_2"
"1075","CGTCAAAAGTTGGAAT-1_4_2"
"1076","CGTCAAACACAAGCTT-1_4_2"
"1077","CGTCAAACAGCACGAA-1_4_2"
"1078","CGTCCATAGGGTACAC-1_4_2"
"1079","CGTCCATCATCGTGCG-1_4_2"
"1080","CGTCCATTCATGGCCG-1_4_2"
"1081","CGTGAATCAGCCGTTG-1_4_2"
"1082","CGTGAATCATGGGCAA-1_4_2"
"1083","CGTGAATGTCATCAGT-1_4_2"
"1084","CGTGAATGTCCATACA-1_4_2"
"1085","CGTGATAAGGCCACTC-1_4_2"
"1086","CGTGATAGTGATCGTT-1_4_2"
"1087","CGTGCTTAGTCAGCCC-1_4_2"
"1088","CGTGCTTTCAATCTTC-1_4_2"
"1089","CGTGCTTTCTCGGTAA-1_4_2"
"1090","CGTGTCTCAAGGTCGA-1_4_2"
"1091","CGTTAGAAGGTTAGTA-1_4_2"
"1092","CGTTAGATCCTGATAG-1_4_2"
"1093","CGTTAGATCGAGTTGT-1_4_2"
"1094","CGTTAGATCGTGGCGT-1_4_2"
"1095","CGTTCTGAGCTATCCA-1_4_2"
"1096","CGTTCTGCACGACGCT-1_4_2"
"1097","CGTTGGGCACATACGT-1_4_2"
"1098","CGTTGGGGTTCTTAGG-1_4_2"
"1099","CGTTGGGTCCGTTTCG-1_4_2"
"1100","CGTTGGGTCGCGGACT-1_4_2"
"1101","CTAACCCAGGAACTCG-1_4_2"
"1102","CTAACCCGTTCCTAGA-1_4_2"
"1103","CTAACTTCAAGACCTT-1_4_2"
"1104","CTAACTTTCAAACGAA-1_4_2"
"1105","CTAAGTGAGTAGGATT-1_4_2"
"1106","CTAAGTGTCTCCTGAC-1_4_2"
"1107","CTAAGTGTCTGTTGGA-1_4_2"
"1108","CTACAGAAGATGCGAC-1_4_2"
"1109","CTACAGACAAAGCAAT-1_4_2"
"1110","CTACAGACAACCAACT-1_4_2"
"1111","CTACAGATCGGACGTC-1_4_2"
"1112","CTACATTAGATTGTGA-1_4_2"
"1113","CTACATTAGTTTGCTG-1_4_2"
"1114","CTACATTGTGTCCGGT-1_4_2"
"1115","CTACCCACAAGTGTCT-1_4_2"
"1116","CTACCCACAAGTTTGC-1_4_2"
"1117","CTACCCAGTATCGGTT-1_4_2"
"1118","CTACCCATCTGGACTA-1_4_2"
"1119","CTACCTGAGACGAAGA-1_4_2"
"1120","CTACCTGAGCAGTAAT-1_4_2"
"1121","CTACGGGCATCGCTAA-1_4_2"
"1122","CTACGGGCATTGTGCA-1_4_2"
"1123","CTACGGGTCGTGCACG-1_4_2"
"1124","CTACTATAGGTGAGCT-1_4_2"
"1125","CTACTATCAAACTCTG-1_4_2"
"1126","CTACTATGTAACGTTC-1_4_2"
"1127","CTAGACAGTCAGGTGA-1_4_2"
"1128","CTAGGTACATGTTACG-1_4_2"
"1129","CTATAGGTCGACGACC-1_4_2"
"1130","CTATCCGAGGTAAAGG-1_4_2"
"1131","CTATCCGGTGTCGATT-1_4_2"
"1132","CTATCCGTCATCCCGT-1_4_2"
"1133","CTATCCGTCATGCTAG-1_4_2"
"1134","CTATCCGTCCCAACTC-1_4_2"
"1135","CTATCTACATGAAGCG-1_4_2"
"1136","CTATCTACATGGAATA-1_4_2"
"1137","CTATCTATCGGCTTGG-1_4_2"
"1138","CTCAACCAGAGAGCCT-1_4_2"
"1139","CTCAACCAGCGTATGG-1_4_2"
"1140","CTCAACCAGGAACATT-1_4_2"
"1141","CTCAACCTCAGGTAAA-1_4_2"
"1142","CTCAAGAAGGTCCGAA-1_4_2"
"1143","CTCAAGACACAGTGAG-1_4_2"
"1144","CTCAAGAGTCGAAACG-1_4_2"
"1145","CTCAATTAGGGACACT-1_4_2"
"1146","CTCAATTGTTCTCGTC-1_4_2"
"1147","CTCAATTTCCTTGGAA-1_4_2"
"1148","CTCACTGCAAAGCACG-1_4_2"
"1149","CTCACTGCAAGCTGTT-1_4_2"
"1150","CTCACTGCAGACCAAG-1_4_2"
"1151","CTCACTGGTTAGAAGT-1_4_2"
"1152","CTCAGAATCGTAGGAG-1_4_2"
"1153","CTCAGGGCACCTGCTT-1_4_2"
"1154","CTCAGGGTCCGAGAAG-1_4_2"
"1155","CTCAGTCCATCCTTCG-1_4_2"
"1156","CTCAGTCGTCTTGAAC-1_4_2"
"1157","CTCATCGCATCAGCGC-1_4_2"
"1158","CTCATCGCATCGGATT-1_4_2"
"1159","CTCATCGTCTGCGGGT-1_4_2"
"1160","CTCATCGTCTTACGGA-1_4_2"
"1161","CTCATGCAGCCTAGGA-1_4_2"
"1162","CTCATGCAGGTTCTAC-1_4_2"
"1163","CTCATGCGTGTCACAT-1_4_2"
"1164","CTCATGCTCCTTATAC-1_4_2"
"1165","CTCATTAAGCACTAGG-1_4_2"
"1166","CTCATTACATACCGTA-1_4_2"
"1167","CTCATTACATCATTGG-1_4_2"
"1168","CTCATTATCATTGCCC-1_4_2"
"1169","CTCCAACTCATGCCGG-1_4_2"
"1170","CTCCAACTCGTGGACC-1_4_2"
"1171","CTCCAACTCTGCTTAT-1_4_2"
"1172","CTCCACAAGTGTTGTC-1_4_2"
"1173","CTCCATGAGCTACTAC-1_4_2"
"1174","CTCCATGAGTGCGCTC-1_4_2"
"1175","CTCCATGGTACTCCCT-1_4_2"
"1176","CTCCATGTCGGAAGGT-1_4_2"
"1177","CTCCCAAAGTCCCGAC-1_4_2"
"1178","CTCCCAAGTTTGAAAG-1_4_2"
"1179","CTCCCAATCGCTAAAC-1_4_2"
"1180","CTCCCTCAGAAATGGG-1_4_2"
"1181","CTCCGATTCGATTTCT-1_4_2"
"1182","CTCCGATTCTGAGAAA-1_4_2"
"1183","CTCCTCCCACCTGATA-1_4_2"
"1184","CTCCTCCTCAACTGAC-1_4_2"
"1185","CTCCTCCTCCTATTTG-1_4_2"
"1186","CTCCTTTCAATTCGTG-1_4_2"
"1187","CTCCTTTGTGATCATC-1_4_2"
"1188","CTCCTTTGTTCTTAGG-1_4_2"
"1189","CTCCTTTTCATAAGGA-1_4_2"
"1190","CTCCTTTTCTAGTGAC-1_4_2"
"1191","CTCGAGGAGATCGCTT-1_4_2"
"1192","CTCGAGGCAAATAAGC-1_4_2"
"1193","CTCGAGGCAGCTATAC-1_4_2"
"1194","CTCGAGGGTAGGTCAG-1_4_2"
"1195","CTCGAGGGTCGAAGCA-1_4_2"
"1196","CTCGAGGGTGTCTAAC-1_4_2"
"1197","CTCTCAGAGTAGCATA-1_4_2"
"1198","CTCTCAGGTACGTAGG-1_4_2"
"1199","CTCTCAGTCAAGAAAC-1_4_2"
"1200","CTCTCGAAGACCCTTA-1_4_2"
"1201","CTGAATGAGACCTTTG-1_4_2"
"1202","CTGAATGAGACTTCCA-1_4_2"
"1203","CTGAATGAGGACAGTC-1_4_2"
"1204","CTGAATGAGTAGATCA-1_4_2"
"1205","CTGAATGCACACCTGG-1_4_2"
"1206","CTGAATGTCCCGTAAA-1_4_2"
"1207","CTGAGCGAGGATTCAA-1_4_2"
"1208","CTGAGCGAGTATCCTG-1_4_2"
"1209","CTGAGCGGTCTTACTT-1_4_2"
"1210","CTGAGCGGTTATGACC-1_4_2"
"1211","CTGAGCGTCTCCAAGA-1_4_2"
"1212","CTGAGGCAGTAGGAAG-1_4_2"
"1213","CTGAGGCCAGCTCCTT-1_4_2"
"1214","CTGATCCAGCTGAAAT-1_4_2"
"1215","CTGATCCAGTTTGTCG-1_4_2"
"1216","CTGCAGGAGCAGCGAT-1_4_2"
"1217","CTGCAGGGTAATTAGG-1_4_2"
"1218","CTGCAGGGTGACAGGT-1_4_2"
"1219","CTGCAGGTCTCGCTCA-1_4_2"
"1220","CTGCATCAGAGGTTAT-1_4_2"
"1221","CTGCATCAGGCTCAAG-1_4_2"
"1222","CTGCATCGTCTGCGCA-1_4_2"
"1223","CTGCCATAGCTGAGCA-1_4_2"
"1224","CTGCCATGTAGGTGCA-1_4_2"
"1225","CTGCCATGTGATAGAT-1_4_2"
"1226","CTGCCATTCGGCTGGT-1_4_2"
"1227","CTGCCTAAGTATAACG-1_4_2"
"1228","CTGCCTACAACCTAAC-1_4_2"
"1229","CTGCCTATCTTCGTGC-1_4_2"
"1230","CTGCGAGTCCCAAGCG-1_4_2"
"1231","CTGCTCAAGGTAGCAC-1_4_2"
"1232","CTGCTCACACGGATCC-1_4_2"
"1233","CTGCTCACACTAACCA-1_4_2"
"1234","CTGCTCAGTCTAGTGT-1_4_2"
"1235","CTGCTCAGTTACCCAA-1_4_2"
"1236","CTGCTCAGTTCAAACC-1_4_2"
"1237","CTGCTCAGTTGGACTT-1_4_2"
"1238","CTGGACGCAACCCTAA-1_4_2"
"1239","CTGGCAGCACAAAGTA-1_4_2"
"1240","CTGGCAGTCGCTAGCG-1_4_2"
"1241","CTGGTCTCAGGTTACT-1_4_2"
"1242","CTGGTCTTCCACACCT-1_4_2"
"1243","CTGTACCAGATACGAT-1_4_2"
"1244","CTGTACCAGTAGTCTC-1_4_2"
"1245","CTGTACCCACGATAGG-1_4_2"
"1246","CTGTACCCATGGCGCT-1_4_2"
"1247","CTGTACCGTGTATACC-1_4_2"
"1248","CTGTACCGTTAAACAG-1_4_2"
"1249","CTGTACCTCTTAGTTC-1_4_2"
"1250","CTGTAGAAGCCTCATA-1_4_2"
"1251","CTGTAGACAGACTGCC-1_4_2"
"1252","CTGTAGACATTGAGCT-1_4_2"
"1253","CTGTAGAGTCATGACT-1_4_2"
"1254","CTGTAGAGTGCTGATT-1_4_2"
"1255","CTGTAGATCTCGGTCT-1_4_2"
"1256","CTGTATTAGTGCCTCG-1_4_2"
"1257","CTGTATTGTATCGCTA-1_4_2"
"1258","CTGTATTGTGGTAATA-1_4_2"
"1259","CTGTATTTCATCACTT-1_4_2"
"1260","CTGTATTTCCGTCCTA-1_4_2"
"1261","CTGTCGTAGCTCATAC-1_4_2"
"1262","CTGTCGTAGTACCGGA-1_4_2"
"1263","CTGTCGTCAGGTGGAT-1_4_2"
"1264","CTGTCGTCATCACGGC-1_4_2"
"1265","CTGTCGTGTCTACGTA-1_4_2"
"1266","CTGTGGGAGGTGCGAT-1_4_2"
"1267","CTGTGGGTCTGGCCTT-1_4_2"
"1268","CTTACCGTCCGGTAGC-1_4_2"
"1269","CTTAGGAAGAGAGCAA-1_4_2"
"1270","CTTAGGAAGCTGCGAA-1_4_2"
"1271","CTTAGGAAGGAACTCG-1_4_2"
"1272","CTTAGGAGTGACTGAG-1_4_2"
"1273","CTTAGGATCATGAGAA-1_4_2"
"1274","CTTCAATAGTGCAGCA-1_4_2"
"1275","CTTCAATAGTGGATAT-1_4_2"
"1276","CTTCAATGTACAGCGA-1_4_2"
"1277","CTTCAATGTTCCACGG-1_4_2"
"1278","CTTCCGAGTATGTGTC-1_4_2"
"1279","CTTCCGATCGCTCATC-1_4_2"
"1280","CTTCCTTAGATGCTGG-1_4_2"
"1281","CTTCCTTAGCTGGCCT-1_4_2"
"1282","CTTCGGTAGCTGTTCA-1_4_2"
"1283","CTTCGGTTCGACGTCG-1_4_2"
"1284","CTTCGGTTCGTAGAGG-1_4_2"
"1285","CTTCTAAAGGACACTG-1_4_2"
"1286","CTTCTAAGTATCACGT-1_4_2"
"1287","CTTCTAATCCTCTCTT-1_4_2"
"1288","CTTCTCTTCATCACTT-1_4_2"
"1289","CTTGAGATCGCTTGAA-1_4_2"
"1290","CTTGATTCACAGAGCA-1_4_2"
"1291","CTTGATTCAGTTCCAA-1_4_2"
"1292","CTTGATTTCACTGAAC-1_4_2"
"1293","CTTGATTTCGACGCTG-1_4_2"
"1294","CTTTCGGCACATTCTT-1_4_2"
"1295","CTTTCGGGTAAGTTAG-1_4_2"
"1296","CTTTCGGGTCGTGCCA-1_4_2"
"1297","GAAATGAAGTACAACA-1_4_2"
"1298","GAAATGATCCAAGCCG-1_4_2"
"1299","GAAATGATCTGGACCG-1_4_2"
"1300","GAACACTCAACAAGTA-1_4_2"
"1301","GAACACTCAATAGTAG-1_4_2"
"1302","GAACACTCATCATCTT-1_4_2"
"1303","GAACACTTCTCTCTAA-1_4_2"
"1304","GAACGTTAGCCTCAGC-1_4_2"
"1305","GAACGTTGTACTAAGA-1_4_2"
"1306","GAACTGTGTCGCTTGG-1_4_2"
"1307","GAACTGTTCAGCGTCG-1_4_2"
"1308","GAAGAATAGGAAAGAC-1_4_2"
"1309","GAAGAATGTGAATTGA-1_4_2"
"1310","GAAGCCCGTGGCAACA-1_4_2"
"1311","GAAGCCCGTTAAGACA-1_4_2"
"1312","GAAGCCCTCTATCGGA-1_4_2"
"1313","GAAGCGAAGATCCTAC-1_4_2"
"1314","GAAGCGAAGTGAACAT-1_4_2"
"1315","GAAGCGATCACCGACG-1_4_2"
"1316","GAAGGACGTTAGGCTT-1_4_2"
"1317","GAAGGGTGTCGTGGAA-1_4_2"
"1318","GAAGGGTGTTCGAGCC-1_4_2"
"1319","GAAGGGTTCACTACTT-1_4_2"
"1320","GAAGTAAAGCAGAAAG-1_4_2"
"1321","GAAGTAAAGCTGAAGC-1_4_2"
"1322","GAAGTAACAGAGGTTG-1_4_2"
"1323","GAATAGAGTGTCCACG-1_4_2"
"1324","GAATCACGTCCTCCAT-1_4_2"
"1325","GAATCACTCTCAATCT-1_4_2"
"1326","GAATCGTAGAGATTCA-1_4_2"
"1327","GAATCGTCAACTCGTA-1_4_2"
"1328","GAATCGTGTCGTATTG-1_4_2"
"1329","GAATCGTTCTAGACCA-1_4_2"
"1330","GACACGCAGCTCAGAG-1_4_2"
"1331","GACACGCAGGTTCTTG-1_4_2"
"1332","GACACGCAGTATAGAC-1_4_2"
"1333","GACACGCCAACCTATG-1_4_2"
"1334","GACACGCCACCTCAGG-1_4_2"
"1335","GACACGCTCGACCAAT-1_4_2"
"1336","GACAGCCTCACGGAGA-1_4_2"
"1337","GACATCATCACTACTT-1_4_2"
"1338","GACCAATAGATCCTAC-1_4_2"
"1339","GACCCAGAGATACCAA-1_4_2"
"1340","GACCCAGCATCCGAAT-1_4_2"
"1341","GACCCAGGTATGAAGT-1_4_2"
"1342","GACCCAGGTCTGTCCT-1_4_2"
"1343","GACCCAGTCATGCATG-1_4_2"
"1344","GACCCAGTCGATACAC-1_4_2"
"1345","GACCCAGTCGCAAGAG-1_4_2"
"1346","GACCCTTAGATGACAT-1_4_2"
"1347","GACCCTTCACACAGCC-1_4_2"
"1348","GACCCTTGTGTAGTGG-1_4_2"
"1349","GACCGTGGTCCCGCAA-1_4_2"
"1350","GACCTTCAGTTGCGAG-1_4_2"
"1351","GACGCTGGTCAAGCGA-1_4_2"
"1352","GACGTTACACCAAATC-1_4_2"
"1353","GACGTTACACGTCGGT-1_4_2"
"1354","GACGTTATCGCTATTT-1_4_2"
"1355","GACTATGAGGGACCAT-1_4_2"
"1356","GACTATGGTGAGCAGT-1_4_2"
"1357","GACTCAAAGGTCGTGA-1_4_2"
"1358","GACTCAACAGCTTCGG-1_4_2"
"1359","GACTCAATCTCCTGTG-1_4_2"
"1360","GACTCTCCAAAGCACG-1_4_2"
"1361","GACTCTCCAGAGTAAT-1_4_2"
"1362","GACTCTCGTACGTACT-1_4_2"
"1363","GACTCTCGTCCTGAAT-1_4_2"
"1364","GACTCTCTCACGGTCG-1_4_2"
"1365","GACTGATAGCAAATGT-1_4_2"
"1366","GACTGATGTTTGAAAG-1_4_2"
"1367","GACTTCCAGATTGCGG-1_4_2"
"1368","GACTTCCAGGGCATGT-1_4_2"
"1369","GACTTCCAGGGCCCTT-1_4_2"
"1370","GACTTCCCATAATGCC-1_4_2"
"1371","GACTTCCGTATGAAAC-1_4_2"
"1372","GACTTCCGTCTAGATC-1_4_2"
"1373","GACTTCCTCCAACTGA-1_4_2"
"1374","GAGAAATCAGCGAACA-1_4_2"
"1375","GAGAAATCAGTGGCTC-1_4_2"
"1376","GAGACCCCACCAACAT-1_4_2"
"1377","GAGACTTCAGAACGCA-1_4_2"
"1378","GAGACTTGTGCACATT-1_4_2"
"1379","GAGAGGTCATCCAATG-1_4_2"
"1380","GAGAGGTGTAGCACAG-1_4_2"
"1381","GAGATGGAGACGAAGA-1_4_2"
"1382","GAGATGGGTATCGAGG-1_4_2"
"1383","GAGATGGTCCACCTGT-1_4_2"
"1384","GAGATGGTCCTGTTGC-1_4_2"
"1385","GAGCCTGAGCGATTCT-1_4_2"
"1386","GAGCCTGTCGCACTCT-1_4_2"
"1387","GAGCTGCAGGTTCTAC-1_4_2"
"1388","GAGCTGCGTCATGGCC-1_4_2"
"1389","GAGCTGCGTTAAAGTG-1_4_2"
"1390","GAGCTGCTCAACTACG-1_4_2"
"1391","GAGGCAACAATTCACG-1_4_2"
"1392","GAGGCAATCAACCCGG-1_4_2"
"1393","GAGGCCTAGGTGATAT-1_4_2"
"1394","GAGGCCTCAACCCTAA-1_4_2"
"1395","GAGGCCTCACTACGGC-1_4_2"
"1396","GAGGCCTGTGGCATCC-1_4_2"
"1397","GAGGCCTTCACGGGAA-1_4_2"
"1398","GAGGCCTTCGGCAGTC-1_4_2"
"1399","GAGGGATCAGGAGGTT-1_4_2"
"1400","GAGGGATTCCACGTGG-1_4_2"
"1401","GAGGGTATCCGATAAC-1_4_2"
"1402","GAGTCATCAAATGGCG-1_4_2"
"1403","GAGTCATCATTCACCC-1_4_2"
"1404","GAGTCTACAGACAAGC-1_4_2"
"1405","GAGTGAGAGCGCTGAA-1_4_2"
"1406","GAGTGAGCATCGTGGC-1_4_2"
"1407","GAGTGAGTCATGACAC-1_4_2"
"1408","GAGTGAGTCTCTAGGA-1_4_2"
"1409","GAGTGTTCAAGTTCGT-1_4_2"
"1410","GAGTGTTCACCGGCTA-1_4_2"
"1411","GAGTGTTCACTTCTCG-1_4_2"
"1412","GAGTGTTGTAGGCTGA-1_4_2"
"1413","GAGTGTTTCTTGGCTC-1_4_2"
"1414","GAGTTACTCGAATGCT-1_4_2"
"1415","GAGTTGTCAGCATACT-1_4_2"
"1416","GAGTTTGAGCATGGGT-1_4_2"
"1417","GAGTTTGCATCAGCTA-1_4_2"
"1418","GAGTTTGGTAGTGATA-1_4_2"
"1419","GATAGAAAGGCGAACT-1_4_2"
"1420","GATAGAACACCGGAAA-1_4_2"
"1421","GATAGCTCACGGCGTT-1_4_2"
"1422","GATAGCTCAGCTACTA-1_4_2"
"1423","GATCAGTTCAAGAGGC-1_4_2"
"1424","GATCAGTTCTCAGGCG-1_4_2"
"1425","GATCATGTCGGACTTA-1_4_2"
"1426","GATCATGTCTTCCGTG-1_4_2"
"1427","GATCCCTCATTAAAGG-1_4_2"
"1428","GATCCCTGTCAATGGG-1_4_2"
"1429","GATCCCTTCTTGAACG-1_4_2"
"1430","GATCGTAAGCGTATGG-1_4_2"
"1431","GATCGTACACTTTAGG-1_4_2"
"1432","GATCGTAGTCCTGAAT-1_4_2"
"1433","GATGACTAGTATAGGT-1_4_2"
"1434","GATGAGGGTACGTTCA-1_4_2"
"1435","GATGAGGGTGAGTAAT-1_4_2"
"1436","GATGATCAGCAAGTGC-1_4_2"
"1437","GATGATCAGCCTGCCA-1_4_2"
"1438","GATGATCCACCGTGGT-1_4_2"
"1439","GATGATCTCGTGTGAT-1_4_2"
"1440","GATGCTACATAAGCAA-1_4_2"
"1441","GATGCTAGTCAAGTTC-1_4_2"
"1442","GATGCTAGTGCGGATA-1_4_2"
"1443","GATGCTATCAGACAAA-1_4_2"
"1444","GATGGAGAGGTACCTT-1_4_2"
"1445","GATGGAGAGTATTCCG-1_4_2"
"1446","GATGGAGCACGGGTAA-1_4_2"
"1447","GATGGAGCAGCTGTAT-1_4_2"
"1448","GATGGAGTCCTACCGT-1_4_2"
"1449","GATGTTGAGTACGAGC-1_4_2"
"1450","GATGTTGCAGGTTCAT-1_4_2"
"1451","GATTCGACAGCAGATG-1_4_2"
"1452","GATTCGAGTACAAGTA-1_4_2"
"1453","GATTCGAGTGCGGATA-1_4_2"
"1454","GATTCGAGTTCCAGGC-1_4_2"
"1455","GATTCTTCAGTAGTGG-1_4_2"
"1456","GATTCTTGTTGCGTAT-1_4_2"
"1457","GATTGGTGTACCGCGT-1_4_2"
"1458","GATTGGTTCGAAGTGG-1_4_2"
"1459","GATTTCTCATAGTCGT-1_4_2"
"1460","GATTTCTTCGCTGACG-1_4_2"
"1461","GCAACATAGGTTCCAT-1_4_2"
"1462","GCAACATCAACCGTGC-1_4_2"
"1463","GCAACATCACAGCCAC-1_4_2"
"1464","GCAACATCATGACGGA-1_4_2"
"1465","GCAACATTCGCTAATG-1_4_2"
"1466","GCAACCGGTAGATCGG-1_4_2"
"1467","GCACATAGTGCTGCAC-1_4_2"
"1468","GCACATAGTTATGGTC-1_4_2"
"1469","GCACATATCAAGCCGC-1_4_2"
"1470","GCACGGTAGCTTCATG-1_4_2"
"1471","GCACGGTCAATGAAAC-1_4_2"
"1472","GCACGGTCATCGCTAA-1_4_2"
"1473","GCACGGTGTCCGCAGT-1_4_2"
"1474","GCACGTGAGCCATATC-1_4_2"
"1475","GCACGTGGTGGCGCTT-1_4_2"
"1476","GCACGTGTCACCCTGT-1_4_2"
"1477","GCACGTGTCTCAAAGC-1_4_2"
"1478","GCACTAAGTGCATCTA-1_4_2"
"1479","GCACTAATCTACGCGG-1_4_2"
"1480","GCAGCCAAGTAGGATT-1_4_2"
"1481","GCAGCCAGTGTTAACC-1_4_2"
"1482","GCAGCTGAGCTAGATA-1_4_2"
"1483","GCAGCTGGTCACCCTT-1_4_2"
"1484","GCAGGCTGTCAGCTTA-1_4_2"
"1485","GCAGTTAAGTAGACAT-1_4_2"
"1486","GCAGTTACAATACCCA-1_4_2"
"1487","GCAGTTAGTCTGTAGT-1_4_2"
"1488","GCAGTTATCATAGGCT-1_4_2"
"1489","GCAGTTATCCTCATAT-1_4_2"
"1490","GCATCGGAGTGGTGGT-1_4_2"
"1491","GCATCGGCAACACTAC-1_4_2"
"1492","GCATCGGCAGCGTGAA-1_4_2"
"1493","GCATCTCAGAAATTGC-1_4_2"
"1494","GCATCTCCAGAACTCT-1_4_2"
"1495","GCATCTCTCCCTCTAG-1_4_2"
"1496","GCATGATAGTGTACCT-1_4_2"
"1497","GCATGATCAAGAGGTC-1_4_2"
"1498","GCATTAGCACGCGTCA-1_4_2"
"1499","GCATTAGTCTTCGTGC-1_4_2"
"1500","GCCAACGCAGCCGTCA-1_4_2"
"1501","GCCAACGCATGACTTG-1_4_2"
"1502","GCCAACGGTATCGCAT-1_4_2"
"1503","GCCAGCAGTTCGAAGG-1_4_2"
"1504","GCCAGCATCGAGTACT-1_4_2"
"1505","GCCAGGTAGCGTCTGC-1_4_2"
"1506","GCCAGGTTCCACGTAA-1_4_2"
"1507","GCCAGGTTCGCCGATG-1_4_2"
"1508","GCCAGTGCAAATTGCC-1_4_2"
"1509","GCCAGTGCAACCGCTG-1_4_2"
"1510","GCCAGTGCAGCTCCTT-1_4_2"
"1511","GCCAGTGGTCGTTGGC-1_4_2"
"1512","GCCATGGCACGACGCT-1_4_2"
"1513","GCCATGGGTACGCTAT-1_4_2"
"1514","GCCATGGGTGGCAGAT-1_4_2"
"1515","GCCATGGGTGTCCAAT-1_4_2"
"1516","GCCATTCCAAGCCATT-1_4_2"
"1517","GCCATTCGTACCTATG-1_4_2"
"1518","GCCATTCTCCGCATAA-1_4_2"
"1519","GCCATTCTCCTGCCAT-1_4_2"
"1520","GCCCAGACAACGACAG-1_4_2"
"1521","GCCCAGAGTCCGAAAG-1_4_2"
"1522","GCCCAGATCACACCCT-1_4_2"
"1523","GCCCGAAAGCACGTCC-1_4_2"
"1524","GCCCGAACAAAGAACT-1_4_2"
"1525","GCCGTGAAGTAGTGCG-1_4_2"
"1526","GCCGTGACAAATCGTC-1_4_2"
"1527","GCCGTGAGTACAAACA-1_4_2"
"1528","GCCGTGAGTTAATGAG-1_4_2"
"1529","GCCTGTTAGCTGAGTG-1_4_2"
"1530","GCCTGTTAGTCGCCCA-1_4_2"
"1531","GCCTGTTGTTGCCGCA-1_4_2"
"1532","GCCTGTTTCAAGATAG-1_4_2"
"1533","GCCTGTTTCTACAGGT-1_4_2"
"1534","GCGAGAACACACACGC-1_4_2"
"1535","GCGAGAATCAAGTGGG-1_4_2"
"1536","GCGATCGCAACATACC-1_4_2"
"1537","GCGATCGCATGAGATA-1_4_2"
"1538","GCGGAAAAGAGTCACG-1_4_2"
"1539","GCGGAAAGTTTAGACC-1_4_2"
"1540","GCGGAAATCACCTACC-1_4_2"
"1541","GCGGAAATCGCGCTGA-1_4_2"
"1542","GCGGATCAGTGCAAAT-1_4_2"
"1543","GCGTGCACAGTAGTGG-1_4_2"
"1544","GCGTGCACATGACTTG-1_4_2"
"1545","GCGTGCAGTTCTCTAT-1_4_2"
"1546","GCGTTTCAGAGAGGTA-1_4_2"
"1547","GCGTTTCAGCTCACTA-1_4_2"
"1548","GCGTTTCAGTTAGTGA-1_4_2"
"1549","GCGTTTCTCTCAAAGC-1_4_2"
"1550","GCTACAAAGGTTGCCC-1_4_2"
"1551","GCTACAAAGTGTTCCA-1_4_2"
"1552","GCTACAACAATAACCC-1_4_2"
"1553","GCTACCTTCCATCTCG-1_4_2"
"1554","GCTACCTTCGCCACTT-1_4_2"
"1555","GCTCAAAGTGTTAAAG-1_4_2"
"1556","GCTCAAAGTTATTCTC-1_4_2"
"1557","GCTCAAATCCTACACC-1_4_2"
"1558","GCTGAATAGACCTGGA-1_4_2"
"1559","GCTGAATAGAGAGTTT-1_4_2"
"1560","GCTGAATCAGGAGACT-1_4_2"
"1561","GCTGCAGCACCTGCAG-1_4_2"
"1562","GCTGCAGCATCCTCAC-1_4_2"
"1563","GCTGCAGCATGGAAGC-1_4_2"
"1564","GCTGCAGGTCTTCGAA-1_4_2"
"1565","GCTGCAGGTTAGAAAC-1_4_2"
"1566","GCTGCAGTCGACCAAT-1_4_2"
"1567","GCTGGGTAGACGAAGA-1_4_2"
"1568","GCTGGGTGTATTAAGG-1_4_2"
"1569","GCTTCACAGAAGCGAA-1_4_2"
"1570","GCTTCACGTCGCACAC-1_4_2"
"1571","GCTTGGGAGACCTTTG-1_4_2"
"1572","GCTTGGGAGGTGGGTT-1_4_2"
"1573","GCTTGGGGTTTGATCG-1_4_2"
"1574","GCTTGGGTCGAAGAAT-1_4_2"
"1575","GCTTGGGTCGGACGTC-1_4_2"
"1576","GCTTTCGCATGTTCGA-1_4_2"
"1577","GCTTTCGGTAGACGGT-1_4_2"
"1578","GCTTTCGGTCCTACGG-1_4_2"
"1579","GGAACCCGTTAGGGAC-1_4_2"
"1580","GGAAGTGGTAGCTTTG-1_4_2"
"1581","GGAAGTGGTCTTCTAT-1_4_2"
"1582","GGAAGTGTCATTACGG-1_4_2"
"1583","GGAAGTGTCGCCGAAC-1_4_2"
"1584","GGAATCTAGACTCCGC-1_4_2"
"1585","GGAATCTCACAACATC-1_4_2"
"1586","GGAATCTGTACGATTC-1_4_2"
"1587","GGAATGGCAAACCACT-1_4_2"
"1588","GGAATGGCACACCTGG-1_4_2"
"1589","GGAATGGGTAACAGGC-1_4_2"
"1590","GGAATGGGTGATTCTG-1_4_2"
"1591","GGACGTCGTGGCTGCT-1_4_2"
"1592","GGAGAACAGCTAAATG-1_4_2"
"1593","GGAGAACAGCTGTCCG-1_4_2"
"1594","GGAGAACCACCCTGAG-1_4_2"
"1595","GGAGATGCACGGGCTT-1_4_2"
"1596","GGAGATGCACTCCGGA-1_4_2"
"1597","GGAGATGGTACGGATG-1_4_2"
"1598","GGAGATGTCAGCCTCT-1_4_2"
"1599","GGAGATGTCATGAAAG-1_4_2"
"1600","GGAGCAAAGCGCTGAA-1_4_2"
"1601","GGAGCAAAGTAGGTTA-1_4_2"
"1602","GGAGCAAGTCATCGGC-1_4_2"
"1603","GGAGCAATCGACATAC-1_4_2"
"1604","GGAGGATTCAGCGTCG-1_4_2"
"1605","GGAGGTACAAGTCATC-1_4_2"
"1606","GGAGGTACATCGGAAG-1_4_2"
"1607","GGAGGTAGTCACCACG-1_4_2"
"1608","GGAGGTATCTCTGCCA-1_4_2"
"1609","GGATCTAGTGTAGGAC-1_4_2"
"1610","GGATGTTAGAGATTCA-1_4_2"
"1611","GGATGTTAGCTCTATG-1_4_2"
"1612","GGATGTTCAGACATCT-1_4_2"
"1613","GGATGTTCAGCCATTA-1_4_2"
"1614","GGATGTTGTACCTAGT-1_4_2"
"1615","GGCAGTCAGGCACCAA-1_4_2"
"1616","GGCAGTCCAGGTCAGA-1_4_2"
"1617","GGCAGTCTCCATGCAA-1_4_2"
"1618","GGCAGTCTCCGAGGCT-1_4_2"
"1619","GGCGTCATCGGTAGAG-1_4_2"
"1620","GGCTGTGGTGTTGACT-1_4_2"
"1621","GGCTTGGAGATCGCCC-1_4_2"
"1622","GGCTTGGAGTGTCATC-1_4_2"
"1623","GGCTTGGCAGGTTCCG-1_4_2"
"1624","GGCTTGGGTAGAAACT-1_4_2"
"1625","GGCTTGGGTGATCATC-1_4_2"
"1626","GGCTTGGTCCACCCTA-1_4_2"
"1627","GGCTTTCAGCGTGAGT-1_4_2"
"1628","GGCTTTCGTACAGCGA-1_4_2"
"1629","GGCTTTCGTAGCGTAG-1_4_2"
"1630","GGGAAGTCACACTTAG-1_4_2"
"1631","GGGAAGTCATCACCAA-1_4_2"
"1632","GGGAAGTGTAGGAAAG-1_4_2"
"1633","GGGAAGTTCATGCATG-1_4_2"
"1634","GGGACAAAGAGGACTC-1_4_2"
"1635","GGGACAACAGAGTCTT-1_4_2"
"1636","GGGACAACATCACAGT-1_4_2"
"1637","GGGACCTAGTAAGCAT-1_4_2"
"1638","GGGACCTTCTTCCCAG-1_4_2"
"1639","GGGACTCAGGACCCAA-1_4_2"
"1640","GGGACTCCAGCTCTGG-1_4_2"
"1641","GGGACTCCATCTCATT-1_4_2"
"1642","GGGACTCTCCATCCGT-1_4_2"
"1643","GGGAGATCAAGTCCCG-1_4_2"
"1644","GGGAGATGTCTTGTCC-1_4_2"
"1645","GGGAGATGTGTGGTCC-1_4_2"
"1646","GGGAGTAAGTGTTCAC-1_4_2"
"1647","GGGAGTACAGAGGCTA-1_4_2"
"1648","GGGATCCAGGCATCTT-1_4_2"
"1649","GGGATGACAACGAGGT-1_4_2"
"1650","GGGATGACACAGGATG-1_4_2"
"1651","GGGATGACAGGTTCAT-1_4_2"
"1652","GGGATGACAGTCGCAC-1_4_2"
"1653","GGGATGAGTGGCCACT-1_4_2"
"1654","GGGCCATTCTACGGGC-1_4_2"
"1655","GGGCGTTAGATGTTGA-1_4_2"
"1656","GGGCGTTAGTTGGCTT-1_4_2"
"1657","GGGCGTTGTCCGGCAT-1_4_2"
"1658","GGGCTACAGCTATCTG-1_4_2"
"1659","GGGCTACTCAGCTCTC-1_4_2"
"1660","GGGCTACTCATTACCT-1_4_2"
"1661","GGGCTACTCCAGCTCT-1_4_2"
"1662","GGGCTCAGTAGCCCTG-1_4_2"
"1663","GGGCTCAGTCAGGCAA-1_4_2"
"1664","GGGCTCAGTCGCACGT-1_4_2"
"1665","GGGCTCATCCGATGCG-1_4_2"
"1666","GGGTAGAGTTGGACCC-1_4_2"
"1667","GGGTATTCATCCTATT-1_4_2"
"1668","GGGTATTGTCGCATGC-1_4_2"
"1669","GGGTATTTCGCAGAGA-1_4_2"
"1670","GGGTCACAGCTAAGTA-1_4_2"
"1671","GGGTCACAGGTCCGAA-1_4_2"
"1672","GGGTCACCAAAGTGTA-1_4_2"
"1673","GGGTCACCATAGACTC-1_4_2"
"1674","GGGTCTGCACCAGCCA-1_4_2"
"1675","GGGTCTGTCTGCACCT-1_4_2"
"1676","GGGTGAAAGGATGTTA-1_4_2"
"1677","GGGTGAATCCGTTGGG-1_4_2"
"1678","GGGTGAATCTTGCAGA-1_4_2"
"1679","GGGTGTCAGCACTAGG-1_4_2"
"1680","GGGTGTCCAATAGAGT-1_4_2"
"1681","GGGTGTCCAATTGCCA-1_4_2"
"1682","GGGTGTCTCGAGCACC-1_4_2"
"1683","GGGTTATGTCGGATTT-1_4_2"
"1684","GGGTTATTCATGGAGG-1_4_2"
"1685","GGGTTATTCCGCGGAT-1_4_2"
"1686","GGGTTATTCTATCCAT-1_4_2"
"1687","GGGTTTAAGGCAGTCA-1_4_2"
"1688","GGGTTTACAATGTGGG-1_4_2"
"1689","GGGTTTAGTGAATAAC-1_4_2"
"1690","GGGTTTAGTGTAGTGG-1_4_2"
"1691","GGGTTTATCGACGATT-1_4_2"
"1692","GGTAACTAGAGTTGTA-1_4_2"
"1693","GGTAATCCAACTTCTT-1_4_2"
"1694","GGTAATCCAATAAGGT-1_4_2"
"1695","GGTAATCCAGTCGGTC-1_4_2"
"1696","GGTAATCTCTCGGTCT-1_4_2"
"1697","GGTAGAGAGACCTCCG-1_4_2"
"1698","GGTAGAGCAATCGCAT-1_4_2"
"1699","GGTAGAGGTATCAGGG-1_4_2"
"1700","GGTAGAGTCCCGAGGT-1_4_2"
"1701","GGTCACGAGTCATACC-1_4_2"
"1702","GGTCACGGTAACTTCG-1_4_2"
"1703","GGTCACGGTGTCACAT-1_4_2"
"1704","GGTCTGGCAAGTACCT-1_4_2"
"1705","GGTCTGGCAGAACGCA-1_4_2"
"1706","GGTCTGGGTAAGGTCG-1_4_2"
"1707","GGTCTGGGTCTTACAG-1_4_2"
"1708","GGTGAAGAGTATCTGC-1_4_2"
"1709","GGTGAAGGTACGACAG-1_4_2"
"1710","GGTGAAGGTGGTCCGT-1_4_2"
"1711","GGTGAAGTCGCTATTT-1_4_2"
"1712","GGTGATTAGTTGTAAG-1_4_2"
"1713","GGTGATTGTATTGAGA-1_4_2"
"1714","GGTGTCGAGACGATAT-1_4_2"
"1715","GGTGTCGAGGAAAGAC-1_4_2"
"1716","GGTGTCGAGTTGCGAG-1_4_2"
"1717","GGTGTCGCAGTCGCTG-1_4_2"
"1718","GGTGTCGGTGTTCAGT-1_4_2"
"1719","GGTGTTAAGACTTAAG-1_4_2"
"1720","GGTGTTAAGGTAATCA-1_4_2"
"1721","GGTGTTAAGTCGTCTA-1_4_2"
"1722","GGTGTTATCTGTGCTC-1_4_2"
"1723","GGTTAACTCTTGGCTC-1_4_2"
"1724","GGTTCTCAGGTTATAG-1_4_2"
"1725","GGTTGTAGTAGTGCGA-1_4_2"
"1726","GGTTGTAGTCTCGACG-1_4_2"
"1727","GTAACACAGAACTTCC-1_4_2"
"1728","GTAACACCATTACTCT-1_4_2"
"1729","GTAACACGTAGACGGT-1_4_2"
"1730","GTAACACGTCAACATC-1_4_2"
"1731","GTAACCAAGGAGACCT-1_4_2"
"1732","GTAACCAAGGGCTAAC-1_4_2"
"1733","GTAACCACAAAGGGCT-1_4_2"
"1734","GTAACCATCAAACCCA-1_4_2"
"1735","GTAAGTCCACTGAGGA-1_4_2"
"1736","GTAATCGCAGCTGTTA-1_4_2"
"1737","GTAATCGGTACCGCGT-1_4_2"
"1738","GTAATCGGTACGTGTT-1_4_2"
"1739","GTAATCGTCCGTCAAA-1_4_2"
"1740","GTAATGCAGAGAAGGT-1_4_2"
"1741","GTAATGCCAAAGACGC-1_4_2"
"1742","GTAATGCCAATATCCG-1_4_2"
"1743","GTAATGCCATAGATGA-1_4_2"
"1744","GTAATGCGTATCAAGA-1_4_2"
"1745","GTAATGCGTCAGTCGC-1_4_2"
"1746","GTAATGCTCAGAGTTC-1_4_2"
"1747","GTAATGCTCAGTCTTT-1_4_2"
"1748","GTACAACCAAGCTACT-1_4_2"
"1749","GTACAACCACCAAATC-1_4_2"
"1750","GTACAGTAGGTGGTTG-1_4_2"
"1751","GTACAGTGTACTAAGA-1_4_2"
"1752","GTAGAAAGTCGCATTA-1_4_2"
"1753","GTAGAAATCAAGATAG-1_4_2"
"1754","GTAGAAATCGTGCATA-1_4_2"
"1755","GTAGAGGGTACGGATG-1_4_2"
"1756","GTAGATCAGAGATTCA-1_4_2"
"1757","GTAGATCCACGCAAAG-1_4_2"
"1758","GTAGATCGTCACTGAT-1_4_2"
"1759","GTAGATCGTCCTGGTG-1_4_2"
"1760","GTAGATCGTGGGATTG-1_4_2"
"1761","GTAGATCTCAGGGTAG-1_4_2"
"1762","GTAGATCTCATCAGTG-1_4_2"
"1763","GTAGCTATCAGGCGAA-1_4_2"
"1764","GTAGGAGAGAGTGTGC-1_4_2"
"1765","GTAGGAGCACGCGGTT-1_4_2"
"1766","GTAGGAGCAGAAACCG-1_4_2"
"1767","GTAGGAGTCATCGGGC-1_4_2"
"1768","GTAGGAGTCGCGTGAC-1_4_2"
"1769","GTAGGTTAGGAAAGGT-1_4_2"
"1770","GTAGGTTAGTCTAGCT-1_4_2"
"1771","GTAGGTTTCACTTGTT-1_4_2"
"1772","GTAGTACAGACAGCTG-1_4_2"
"1773","GTAGTACAGAGAGTGA-1_4_2"
"1774","GTAGTACCAAGGTTGG-1_4_2"
"1775","GTAGTACCACCAGGTC-1_4_2"
"1776","GTAGTACGTATGGGAC-1_4_2"
"1777","GTATTGGCAGTCAACT-1_4_2"
"1778","GTATTTCAGTCACTCA-1_4_2"
"1779","GTATTTCCAAGCTACT-1_4_2"
"1780","GTATTTCCACACACTA-1_4_2"
"1781","GTATTTCTCCGCGATG-1_4_2"
"1782","GTATTTCTCGTAGTGT-1_4_2"
"1783","GTCAAGTAGATGCCGA-1_4_2"
"1784","GTCAAGTAGCTAGCCC-1_4_2"
"1785","GTCAAGTGTTGCTGAT-1_4_2"
"1786","GTCAAGTGTTTCACAG-1_4_2"
"1787","GTCACGGAGTATGGAT-1_4_2"
"1788","GTCACGGCATGAATCC-1_4_2"
"1789","GTCACGGTCGGTCATA-1_4_2"
"1790","GTCACTCAGCACACAG-1_4_2"
"1791","GTCACTCAGCCATTTG-1_4_2"
"1792","GTCACTCCATAACGGG-1_4_2"
"1793","GTCACTCCATGCCATA-1_4_2"
"1794","GTCAGCGAGGTCATTC-1_4_2"
"1795","GTCAGCGAGTTAGAAC-1_4_2"
"1796","GTCAGCGGTGCTCCGA-1_4_2"
"1797","GTCAGCGTCACTAGCA-1_4_2"
"1798","GTCATCCCAGAGCTAG-1_4_2"
"1799","GTCATCCGTGCATGAG-1_4_2"
"1800","GTCATCCTCGATTTCT-1_4_2"
"1801","GTCATGACAACAAGTA-1_4_2"
"1802","GTCATGACACTTCAAG-1_4_2"
"1803","GTCATGAGTTAAGTCC-1_4_2"
"1804","GTCATGATCATAGCAC-1_4_2"
"1805","GTCATTTAGAACGTGC-1_4_2"
"1806","GTCATTTGTATCGAAA-1_4_2"
"1807","GTCATTTTCGTCGATA-1_4_2"
"1808","GTCCACTCACTGTCGG-1_4_2"
"1809","GTCCACTTCAGCGGAA-1_4_2"
"1810","GTCCCATAGGTATAGT-1_4_2"
"1811","GTCCCATAGTGTACCT-1_4_2"
"1812","GTCCCATTCAAGTGTC-1_4_2"
"1813","GTCCTCAGTATGGAAT-1_4_2"
"1814","GTCGAATAGATGCTGG-1_4_2"
"1815","GTCGAATAGGTTCACT-1_4_2"
"1816","GTCGAATAGTTCCGTA-1_4_2"
"1817","GTCGAATGTTAAGGAT-1_4_2"
"1818","GTCGAATTCAGCGGAA-1_4_2"
"1819","GTCGAATTCCTCAGAA-1_4_2"
"1820","GTCGCGAAGCCTGTGC-1_4_2"
"1821","GTCGTAAAGCTTACGT-1_4_2"
"1822","GTCGTAACACCAAAGG-1_4_2"
"1823","GTCGTAATCGCCCAGA-1_4_2"
"1824","GTCGTAATCTAGCAAC-1_4_2"
"1825","GTCGTAATCTATCGCC-1_4_2"
"1826","GTCGTTCCATCGGTTA-1_4_2"
"1827","GTCGTTCGTCTGCGCA-1_4_2"
"1828","GTCGTTCTCGGTGTTA-1_4_2"
"1829","GTCTACCGTCTGATAC-1_4_2"
"1830","GTCTACCGTGTATTCG-1_4_2"
"1831","GTCTAGAAGAGCAACC-1_4_2"
"1832","GTCTAGACACTTACAG-1_4_2"
"1833","GTCTAGATCACTTCTA-1_4_2"
"1834","GTCTCACGTACAGTAA-1_4_2"
"1835","GTCTCACGTCCGGTCA-1_4_2"
"1836","GTCTCACGTTACCCTC-1_4_2"
"1837","GTCTGTCAGCCTCACG-1_4_2"
"1838","GTCTGTCGTGAGCAGT-1_4_2"
"1839","GTCTTTACACACGGTC-1_4_2"
"1840","GTCTTTACAGCTTCGG-1_4_2"
"1841","GTCTTTAGTATAATGG-1_4_2"
"1842","GTCTTTAGTCAGTCTA-1_4_2"
"1843","GTGACGCAGGGACCAT-1_4_2"
"1844","GTGACGCCATCGTTCC-1_4_2"
"1845","GTGAGCCAGATTAGTG-1_4_2"
"1846","GTGAGGAGTGGTCTGC-1_4_2"
"1847","GTGAGGATCCGGTTCT-1_4_2"
"1848","GTGAGTTAGTTACGTC-1_4_2"
"1849","GTGAGTTCACTTGTCC-1_4_2"
"1850","GTGAGTTGTCAAACGG-1_4_2"
"1851","GTGAGTTTCCGTTTCG-1_4_2"
"1852","GTGAGTTTCTGCGGAC-1_4_2"
"1853","GTGATGTCACAAGCTT-1_4_2"
"1854","GTGATGTCAGGATGAC-1_4_2"
"1855","GTGCACGAGCCAAGGT-1_4_2"
"1856","GTGCACGAGCCTAGGA-1_4_2"
"1857","GTGCACGCAGTAGATA-1_4_2"
"1858","GTGCACGTCGTGCTCT-1_4_2"
"1859","GTGCAGCAGAGTTGCG-1_4_2"
"1860","GTGCAGCAGCGGACAT-1_4_2"
"1861","GTGCAGCCACCTGCGA-1_4_2"
"1862","GTGCAGCTCGGAGTGA-1_4_2"
"1863","GTGCGTGTCCGTCCTA-1_4_2"
"1864","GTGCTGGAGAACTTCC-1_4_2"
"1865","GTGCTGGGTCCTGTCT-1_4_2"
"1866","GTGCTGGTCCGAGTGC-1_4_2"
"1867","GTGCTTCCAATTCTCT-1_4_2"
"1868","GTGCTTCCACGCTGCA-1_4_2"
"1869","GTGCTTCCAGTTCCAA-1_4_2"
"1870","GTGCTTCCATTGACTG-1_4_2"
"1871","GTGCTTCTCCACATAG-1_4_2"
"1872","GTGGAAGAGGTTGAGC-1_4_2"
"1873","GTGGAAGAGTCTGTAC-1_4_2"
"1874","GTGGAAGCAAGCGAAC-1_4_2"
"1875","GTGGAAGCACTACACA-1_4_2"
"1876","GTGGAAGGTCGGTGTC-1_4_2"
"1877","GTGGAGAAGAATGTTG-1_4_2"
"1878","GTGGAGAGTCTAGTGT-1_4_2"
"1879","GTGGAGATCCGGCAAC-1_4_2"
"1880","GTGGCGTAGCGTCTGC-1_4_2"
"1881","GTGGGAAAGCAGTAAT-1_4_2"
"1882","GTGGGAAAGGAGAATG-1_4_2"
"1883","GTGGGAAGTAGACAGC-1_4_2"
"1884","GTGGGAATCTGAATGC-1_4_2"
"1885","GTGGTTAAGCTGGTGA-1_4_2"
"1886","GTGGTTAGTGTGTCCG-1_4_2"
"1887","GTGGTTATCCAACACA-1_4_2"
"1888","GTGTAACAGTCCTGCG-1_4_2"
"1889","GTGTAACGTGGTAACG-1_4_2"
"1890","GTGTAACTCCACGAAT-1_4_2"
"1891","GTGTAACTCTTAGCTT-1_4_2"
"1892","GTGTCCTAGCTCTATG-1_4_2"
"1893","GTGTCCTGTCGCTGCA-1_4_2"
"1894","GTGTGATCAAAGGGTC-1_4_2"
"1895","GTGTGATCAACTCATG-1_4_2"
"1896","GTGTGGCAGGAAAGTG-1_4_2"
"1897","GTGTTAGAGCACCGTC-1_4_2"
"1898","GTGTTAGAGCGCCCAT-1_4_2"
"1899","GTGTTAGCACCGGTCA-1_4_2"
"1900","GTGTTCCAGGTCCCGT-1_4_2"
"1901","GTGTTCCAGTTCCGTA-1_4_2"
"1902","GTGTTCCTCCGTGACG-1_4_2"
"1903","GTTACAGAGCCTAACT-1_4_2"
"1904","GTTACAGTCGACACCG-1_4_2"
"1905","GTTACCCAGAAGCGGG-1_4_2"
"1906","GTTACCCAGCAACAGC-1_4_2"
"1907","GTTACGACAGAGGTAC-1_4_2"
"1908","GTTACGACATAACCCA-1_4_2"
"1909","GTTACGAGTGTCCGGT-1_4_2"
"1910","GTTACGAGTTACGGAG-1_4_2"
"1911","GTTAGACCAAATTGCC-1_4_2"
"1912","GTTAGACCAGTCTACA-1_4_2"
"1913","GTTAGACGTAGCGCTC-1_4_2"
"1914","GTTAGACTCCTCTCGA-1_4_2"
"1915","GTTAGACTCTCATTAC-1_4_2"
"1916","GTTAGTGAGTAATCCC-1_4_2"
"1917","GTTAGTGCAACAAAGT-1_4_2"
"1918","GTTAGTGTCAGTGGGA-1_4_2"
"1919","GTTATGGAGAAGCGAA-1_4_2"
"1920","GTTATGGAGACCATGG-1_4_2"
"1921","GTTCATTCACATAGCT-1_4_2"
"1922","GTTCATTTCCCGAAAT-1_4_2"
"1923","GTTCCGTAGGCCGCTT-1_4_2"
"1924","GTTCGCTCAAGAGAGA-1_4_2"
"1925","GTTCGCTGTAGGACCA-1_4_2"
"1926","GTTCGCTGTATTGACC-1_4_2"
"1927","GTTCTATAGGGTGAGG-1_4_2"
"1928","GTTCTATAGGTAGCCA-1_4_2"
"1929","GTTCTATAGTGGGAAA-1_4_2"
"1930","GTTCTATCACCTGATA-1_4_2"
"1931","GTTCTATGTATCGAAA-1_4_2"
"1932","GTTCTATGTCGCTCGA-1_4_2"
"1933","GTTGAACAGATCGGTG-1_4_2"
"1934","GTTGAACCAACCGCTG-1_4_2"
"1935","GTTGAACCACTATCGA-1_4_2"
"1936","GTTGCGGAGCGCCATC-1_4_2"
"1937","GTTGCGGAGGCTGAAC-1_4_2"
"1938","GTTGCGGAGGGTAATT-1_4_2"
"1939","GTTGCGGCAAAGGCGT-1_4_2"
"1940","GTTGCGGTCGCGATCG-1_4_2"
"1941","GTTGCTCAGAGTCACG-1_4_2"
"1942","GTTGCTCAGCCTTCTC-1_4_2"
"1943","GTTGCTCTCTCCCTAG-1_4_2"
"1944","GTTGTAGAGAGCATCG-1_4_2"
"1945","GTTGTAGAGCTCACTA-1_4_2"
"1946","GTTGTAGGTAGTCTGT-1_4_2"
"1947","GTTGTCCAGAGCTTTC-1_4_2"
"1948","GTTGTCCAGAGGGTCT-1_4_2"
"1949","GTTGTCCCAGCTATAC-1_4_2"
"1950","GTTGTGAAGGGTACGT-1_4_2"
"1951","GTTGTGACACTGCACG-1_4_2"
"1952","GTTTACTCAATTAGGA-1_4_2"
"1953","GTTTACTCATGATGCT-1_4_2"
"1954","GTTTGGAGTGACTGAG-1_4_2"
"1955","GTTTGGAGTTCCACGG-1_4_2"
"1956","TAACACGCATTCTCCG-1_4_2"
"1957","TAACACGTCAGGGATG-1_4_2"
"1958","TAACCAGAGCCACAAG-1_4_2"
"1959","TAACCAGAGCCTTTGA-1_4_2"
"1960","TAACCAGGTTACGTAC-1_4_2"
"1961","TAACGACAGCTGAGTG-1_4_2"
"1962","TAACGACAGGTCCAGA-1_4_2"
"1963","TAACGACGTAGCTTAC-1_4_2"
"1964","TAACTTCCAGACACAG-1_4_2"
"1965","TAACTTCCATAGCACT-1_4_2"
"1966","TAAGCCAAGGCACAAC-1_4_2"
"1967","TAAGCCAGTTAGGCTT-1_4_2"
"1968","TAAGCCAGTTGTCATG-1_4_2"
"1969","TAAGCGTAGGATTACA-1_4_2"
"1970","TAAGCGTTCCTTTAGT-1_4_2"
"1971","TAAGCGTTCGAGAAGC-1_4_2"
"1972","TAAGTCGCACTGATTG-1_4_2"
"1973","TAAGTCGCAGTGCGCT-1_4_2"
"1974","TAAGTCGTCCCTCTTT-1_4_2"
"1975","TAATCTCCAAGTGACG-1_4_2"
"1976","TAATCTCTCACTCTTA-1_4_2"
"1977","TAATCTCTCTGGGCGT-1_4_2"
"1978","TAATTCCAGCTCCCTT-1_4_2"
"1979","TAATTCCAGGCTTAGG-1_4_2"
"1980","TACAACGAGTACAGCG-1_4_2"
"1981","TACAACGGTTGCGAAG-1_4_2"
"1982","TACAACGTCAACTTTC-1_4_2"
"1983","TACAACGTCTATTCGT-1_4_2"
"1984","TACACCCCAAAGGCTG-1_4_2"
"1985","TACACCCCAGTATTCG-1_4_2"
"1986","TACACCCCATCTTAGG-1_4_2"
"1987","TACACCCGTAACATCC-1_4_2"
"1988","TACACCCGTCTAGTGT-1_4_2"
"1989","TACACCCTCAAGTCGT-1_4_2"
"1990","TACAGGTCACGTAGAG-1_4_2"
"1991","TACAGGTGTATGGTTC-1_4_2"
"1992","TACATTCGTCTGATCA-1_4_2"
"1993","TACCCACCATGGCACC-1_4_2"
"1994","TACCCACGTTATTCTC-1_4_2"
"1995","TACCCACGTTCCATTT-1_4_2"
"1996","TACCCACTCTGTGCTC-1_4_2"
"1997","TACCCGTGTTGATGTC-1_4_2"
"1998","TACCCGTTCGGTCTAA-1_4_2"
"1999","TACCCGTTCGTCCATC-1_4_2"
"2000","TACCCGTTCTCTAAGG-1_4_2"
"2001","TACCCGTTCTGGCTGG-1_4_2"
"2002","TACCGAAAGACTCTTG-1_4_2"
"2003","TACCGAACAGATACTC-1_4_2"
"2004","TACCGAAGTCTTGCGG-1_4_2"
"2005","TACCGAATCTATCGCC-1_4_2"
"2006","TACCGGGAGACCAAGC-1_4_2"
"2007","TACCGGGCAAGGACAC-1_4_2"
"2008","TACCGGGCACATCATG-1_4_2"
"2009","TACCGGGCAGAGGAAA-1_4_2"
"2010","TACCGGGTCGAAGGAC-1_4_2"
"2011","TACCTGCTCCAGGACC-1_4_2"
"2012","TACGCTCCATATGGCT-1_4_2"
"2013","TACGCTCTCGTCGCTT-1_4_2"
"2014","TACGGGCAGGCTCCCA-1_4_2"
"2015","TACGGTAAGTCGGGAT-1_4_2"
"2016","TACGGTAGTTGCAAGG-1_4_2"
"2017","TACGGTATCGTAGAGG-1_4_2"
"2018","TACGTCCCACAAATGA-1_4_2"
"2019","TACGTCCGTAAGATTG-1_4_2"
"2020","TACGTCCGTCTTCATT-1_4_2"
"2021","TACGTCCTCATACGGT-1_4_2"
"2022","TACGTCCTCGACGATT-1_4_2"
"2023","TACTGCCAGACTCTTG-1_4_2"
"2024","TACTGCCTCAGAGCAG-1_4_2"
"2025","TACTTACAGGAAAGGT-1_4_2"
"2026","TACTTCAGTCCTCATC-1_4_2"
"2027","TACTTCAGTGAGGATC-1_4_2"
"2028","TACTTCATCGCACGAC-1_4_2"
"2029","TACTTCATCTTCCAGC-1_4_2"
"2030","TACTTGTAGTCAGCCC-1_4_2"
"2031","TAGACCAGTCGTTGGC-1_4_2"
"2032","TAGACCATCTCGTGGG-1_4_2"
"2033","TAGACTGGTACTAACC-1_4_2"
"2034","TAGACTGTCCCAGGAC-1_4_2"
"2035","TAGACTGTCGTTCTGC-1_4_2"
"2036","TAGACTGTCTTTCCAA-1_4_2"
"2037","TAGAGTCCATTGAAGA-1_4_2"
"2038","TAGAGTCCATTGGGAG-1_4_2"
"2039","TAGAGTCGTCACGTGC-1_4_2"
"2040","TAGATCGAGAGCATTA-1_4_2"
"2041","TAGATCGCAGTCGTTA-1_4_2"
"2042","TAGATCGGTAAGGTCG-1_4_2"
"2043","TAGATCGTCTAGCAAC-1_4_2"
"2044","TAGCACAAGTGTTGAA-1_4_2"
"2045","TAGGAGGAGGGTAATT-1_4_2"
"2046","TAGGAGGGTCTGTGAT-1_4_2"
"2047","TAGGGTTCACTCTGCT-1_4_2"
"2048","TAGGGTTGTGCACAAG-1_4_2"
"2049","TAGGTACAGTGGAATT-1_4_2"
"2050","TAGGTACGTACTTGTG-1_4_2"
"2051","TAGGTACGTTGCATGT-1_4_2"
"2052","TAGGTTGTCAGCCTCT-1_4_2"
"2053","TAGGTTGTCATAGAGA-1_4_2"
"2054","TAGTGCACACTGTTCC-1_4_2"
"2055","TATACCTCACTAACGT-1_4_2"
"2056","TATACCTGTCGTCAGC-1_4_2"
"2057","TATATCCCAAACACCT-1_4_2"
"2058","TATATCCCATTGACTG-1_4_2"
"2059","TATATCCGTAAGCTCT-1_4_2"
"2060","TATATCCGTACCCAGC-1_4_2"
"2061","TATATCCGTGAACTAA-1_4_2"
"2062","TATCAGGAGATGAAGG-1_4_2"
"2063","TATCAGGCAGAGGTAC-1_4_2"
"2064","TATCAGGGTTAGAGAT-1_4_2"
"2065","TATCAGGTCTCATTGT-1_4_2"
"2066","TATCCTAAGCGTTAGG-1_4_2"
"2067","TATCGCCGTCGTTCAA-1_4_2"
"2068","TATCGCCTCGTTTACT-1_4_2"
"2069","TATCTTGCAACGACAG-1_4_2"
"2070","TATCTTGTCCTGTACC-1_4_2"
"2071","TATGTTCAGAAGCCAC-1_4_2"
"2072","TATGTTCAGACTTAAG-1_4_2"
"2073","TATGTTCAGGGATCTG-1_4_2"
"2074","TATGTTCAGTAATACG-1_4_2"
"2075","TATGTTCAGTGACACG-1_4_2"
"2076","TATGTTCCAACACTAC-1_4_2"
"2077","TATGTTCCACAGTACT-1_4_2"
"2078","TATGTTCGTACGGTTT-1_4_2"
"2079","TATGTTCTCATCGCCT-1_4_2"
"2080","TATGTTCTCCGATAGT-1_4_2"
"2081","TATTCCACAGCACAAG-1_4_2"
"2082","TATTCCAGTATGATCC-1_4_2"
"2083","TATTGCTAGTCTTGGT-1_4_2"
"2084","TATTGCTGTCAGCTTA-1_4_2"
"2085","TATTGCTGTGTGTGGA-1_4_2"
"2086","TATTGCTTCTAGTGAC-1_4_2"
"2087","TATTGGGAGGAGAATG-1_4_2"
"2088","TATTGGGTCGACGAGA-1_4_2"
"2089","TATTTCGAGTCAGAGC-1_4_2"
"2090","TATTTCGCACTAACGT-1_4_2"
"2091","TATTTCGGTACGTGTT-1_4_2"
"2092","TATTTCGTCCCGAATA-1_4_2"
"2093","TATTTCGTCTGCTCTG-1_4_2"
"2094","TCAAGACGTGGAACCA-1_4_2"
"2095","TCAAGCAAGGTACAAT-1_4_2"
"2096","TCAAGCACAAGCACAG-1_4_2"
"2097","TCAAGCACAATAACGA-1_4_2"
"2098","TCAAGCAGTCGCATGC-1_4_2"
"2099","TCAAGCATCGTTCGCT-1_4_2"
"2100","TCAAGTGTCTCATAGG-1_4_2"
"2101","TCAATCTCACGACAGA-1_4_2"
"2102","TCAATTCAGAGGCGGA-1_4_2"
"2103","TCAATTCGTCTATGAC-1_4_2"
"2104","TCAATTCTCGCTTGCT-1_4_2"
"2105","TCAATTCTCTCACCCA-1_4_2"
"2106","TCACAAGAGAAGAACG-1_4_2"
"2107","TCACAAGAGGGAGATA-1_4_2"
"2108","TCACATTCATACCATG-1_4_2"
"2109","TCACATTGTAGAGGAA-1_4_2"
"2110","TCACATTGTCTTCGAA-1_4_2"
"2111","TCACATTTCGCTAAAC-1_4_2"
"2112","TCACGCTAGGATCATA-1_4_2"
"2113","TCACGCTCACCTAAAC-1_4_2"
"2114","TCACGCTGTGCAATGG-1_4_2"
"2115","TCACTCGGTGCCGTTG-1_4_2"
"2116","TCAGCAAAGGACTATA-1_4_2"
"2117","TCAGCAACAGGTGAGT-1_4_2"
"2118","TCAGCAAGTTAAGAAC-1_4_2"
"2119","TCAGCCTCAACCCTAA-1_4_2"
"2120","TCAGGGCAGACCATAA-1_4_2"
"2121","TCAGGGCAGGGACAGG-1_4_2"
"2122","TCAGGGCTCATGAGTC-1_4_2"
"2123","TCAGGGCTCGTGTTCC-1_4_2"
"2124","TCAGTCCAGTATGGCG-1_4_2"
"2125","TCAGTCCCACACAGAG-1_4_2"
"2126","TCAGTGAAGTCACTCA-1_4_2"
"2127","TCAGTGACATCGAACT-1_4_2"
"2128","TCAGTGATCAACTACG-1_4_2"
"2129","TCAGTTTGTGATGTAA-1_4_2"
"2130","TCATACTAGGGAGTTC-1_4_2"
"2131","TCATACTCAAGCCCAC-1_4_2"
"2132","TCATACTCATAGGTTC-1_4_2"
"2133","TCATACTGTAGTTCCA-1_4_2"
"2134","TCATACTTCGTCAAAC-1_4_2"
"2135","TCATATCTCAAGGACG-1_4_2"
"2136","TCATATCTCCGTGCGA-1_4_2"
"2137","TCATCATAGTTCCATG-1_4_2"
"2138","TCATCATCACGACAAG-1_4_2"
"2139","TCATCCGAGGATGGCT-1_4_2"
"2140","TCATCCGAGGCGAAGG-1_4_2"
"2141","TCATCCGCACACACGC-1_4_2"
"2142","TCATCCGTCCGTGGGT-1_4_2"
"2143","TCATGAGGTCGTATTG-1_4_2"
"2144","TCATGAGTCTGCCTCA-1_4_2"
"2145","TCATGCCAGTAGGTTA-1_4_2"
"2146","TCATGCCCACAATGAA-1_4_2"
"2147","TCATGGAAGGCACAAC-1_4_2"
"2148","TCATGGACAAATCAGA-1_4_2"
"2149","TCATGGACAGCTGGTC-1_4_2"
"2150","TCATGGAGTATGCGTT-1_4_2"
"2151","TCATGGAGTCAAGGCA-1_4_2"
"2152","TCATGTTAGCGTTACT-1_4_2"
"2153","TCATGTTCATAACCCA-1_4_2"
"2154","TCATGTTGTAGCTTTG-1_4_2"
"2155","TCATGTTTCCTTCAGC-1_4_2"
"2156","TCATTACAGCTCGCAC-1_4_2"
"2157","TCATTACAGGGATGTC-1_4_2"
"2158","TCATTACGTGTCATTG-1_4_2"
"2159","TCATTACGTTCAGCGC-1_4_2"
"2160","TCATTCAAGGGTTGCA-1_4_2"
"2161","TCATTCATCATCGGGC-1_4_2"
"2162","TCATTGTCAACGCCCA-1_4_2"
"2163","TCATTGTCATTGCTGA-1_4_2"
"2164","TCATTGTTCCACTTCG-1_4_2"
"2165","TCATTTGAGGTCGACA-1_4_2"
"2166","TCATTTGCACACCTGG-1_4_2"
"2167","TCATTTGCAGAACTCT-1_4_2"
"2168","TCATTTGGTGAGTAGC-1_4_2"
"2169","TCATTTGGTTGGCCGT-1_4_2"
"2170","TCCACCACAGGCATGA-1_4_2"
"2171","TCCACCAGTGTACGCC-1_4_2"
"2172","TCCACGTCAAGCTGCC-1_4_2"
"2173","TCCACGTCAGTTTGGT-1_4_2"
"2174","TCCAGAAAGGTTACCT-1_4_2"
"2175","TCCAGAAAGTAGCTCT-1_4_2"
"2176","TCCAGAAAGTTCGGTT-1_4_2"
"2177","TCCAGAACACACGTGC-1_4_2"
"2178","TCCAGAAGTGCGACAA-1_4_2"
"2179","TCCAGAATCTCGTGAA-1_4_2"
"2180","TCCAGAATCTGCGTCT-1_4_2"
"2181","TCCATCGAGACTCAAA-1_4_2"
"2182","TCCATCGAGAGTCTTC-1_4_2"
"2183","TCCATCGGTAACGCGA-1_4_2"
"2184","TCCATCGGTTTCGTTT-1_4_2"
"2185","TCCCACACAGCATTGT-1_4_2"
"2186","TCCCACAGTTCTCACC-1_4_2"
"2187","TCCCACATCAAATGCC-1_4_2"
"2188","TCCCAGTCAAACTGCT-1_4_2"
"2189","TCCCAGTTCATGCCCT-1_4_2"
"2190","TCCCAGTTCTAAGGAA-1_4_2"
"2191","TCCCATGGTAGGAAAG-1_4_2"
"2192","TCCCATGGTGCTCCGA-1_4_2"
"2193","TCCCATGTCGCCTATC-1_4_2"
"2194","TCCGAAAAGCACTCAT-1_4_2"
"2195","TCCGAAAAGGCCCACT-1_4_2"
"2196","TCCGAAACATATGCGT-1_4_2"
"2197","TCCGAAACATGTGACT-1_4_2"
"2198","TCCGAAAGTCCTGGTG-1_4_2"
"2199","TCCGAAAGTCTAGGCC-1_4_2"
"2200","TCCGAAATCGTCCTTG-1_4_2"
"2201","TCCGATCAGCTCTTCC-1_4_2"
"2202","TCCGATCGTAACTAAG-1_4_2"
"2203","TCCGATCTCTCTCTTC-1_4_2"
"2204","TCCGGGACAAGAGATT-1_4_2"
"2205","TCCGGGACACCCTTGT-1_4_2"
"2206","TCCGGGACACTGGACC-1_4_2"
"2207","TCCGGGAGTATCCTCC-1_4_2"
"2208","TCCGTGTCAAATCCCA-1_4_2"
"2209","TCCGTGTCACTTGGCG-1_4_2"
"2210","TCCTAATAGGTGCTAG-1_4_2"
"2211","TCCTAATCATGGAACG-1_4_2"
"2212","TCCTAATTCTGGGAGA-1_4_2"
"2213","TCCTCCCGTACAGTAA-1_4_2"
"2214","TCCTCGAAGCGTCAGA-1_4_2"
"2215","TCCTCGACAATACCCA-1_4_2"
"2216","TCCTCGATCGCAGATT-1_4_2"
"2217","TCCTCGATCGGAGCAA-1_4_2"
"2218","TCCTCTTCACTCTGCT-1_4_2"
"2219","TCCTCTTCAGTTGCGC-1_4_2"
"2220","TCCTCTTGTCATAGTC-1_4_2"
"2221","TCCTCTTGTGACATCT-1_4_2"
"2222","TCCTGCAAGCACACCC-1_4_2"
"2223","TCCTGCACAAAGCGTG-1_4_2"
"2224","TCCTGCACAAGCTACT-1_4_2"
"2225","TCCTTCTAGGTCGTGA-1_4_2"
"2226","TCCTTCTAGTGAGGCT-1_4_2"
"2227","TCCTTTCCACTTGAAC-1_4_2"
"2228","TCCTTTCTCAAGTCGT-1_4_2"
"2229","TCGAACACAACACAAA-1_4_2"
"2230","TCGAACACATTCTGTT-1_4_2"
"2231","TCGAAGTAGGAACTAT-1_4_2"
"2232","TCGAAGTCAAATGAAC-1_4_2"
"2233","TCGAAGTCAGACCTGC-1_4_2"
"2234","TCGAAGTGTATCGAGG-1_4_2"
"2235","TCGAAGTGTTGACGGA-1_4_2"
"2236","TCGACCTGTTAACAGA-1_4_2"
"2237","TCGACCTTCAAGATAG-1_4_2"
"2238","TCGACCTTCCAGTTCC-1_4_2"
"2239","TCGACGGAGTATGCAA-1_4_2"
"2240","TCGACGGGTTTCGTGA-1_4_2"
"2241","TCGACGGTCAAACCCA-1_4_2"
"2242","TCGACGGTCACAAGGG-1_4_2"
"2243","TCGACGGTCTTCGGTC-1_4_2"
"2244","TCGATTTAGGTTGACG-1_4_2"
"2245","TCGATTTGTCCGAAGA-1_4_2"
"2246","TCGATTTTCATTATCC-1_4_2"
"2247","TCGCACTCATGGAATA-1_4_2"
"2248","TCGCACTGTGCCTATA-1_4_2"
"2249","TCGCAGGAGAGGATCC-1_4_2"
"2250","TCGCAGGGTTGGTAGG-1_4_2"
"2251","TCGCTCAAGGTCCCTG-1_4_2"
"2252","TCGCTCAAGTCGCGAA-1_4_2"
"2253","TCGCTCATCTGTAAGC-1_4_2"
"2254","TCGCTTGAGGTTAAAC-1_4_2"
"2255","TCGCTTGAGTTCGGTT-1_4_2"
"2256","TCGCTTGCACATAACC-1_4_2"
"2257","TCGCTTGTCCATTTCA-1_4_2"
"2258","TCGGATATCGCACGAC-1_4_2"
"2259","TCGGGACAGCAAGTGC-1_4_2"
"2260","TCGGGACAGGCAGCTA-1_4_2"
"2261","TCGGGACAGGGAACAA-1_4_2"
"2262","TCGGGACCACTGAGTT-1_4_2"
"2263","TCGGGACTCTGACCCT-1_4_2"
"2264","TCGGGCAAGTAGTGCG-1_4_2"
"2265","TCGGGCACAATTTCTC-1_4_2"
"2266","TCGGGCACATGACAAA-1_4_2"
"2267","TCGGGCAGTATCTCTT-1_4_2"
"2268","TCGGGCATCCTTCTAA-1_4_2"
"2269","TCGGGTGAGAAAGTCT-1_4_2"
"2270","TCGGGTGAGATACTGA-1_4_2"
"2271","TCGGGTGAGGCCTGCT-1_4_2"
"2272","TCGGGTGAGTCGCTAT-1_4_2"
"2273","TCGGGTGCAAGAGCTG-1_4_2"
"2274","TCGTAGACAAGTCCCG-1_4_2"
"2275","TCGTAGATCTGGGCAC-1_4_2"
"2276","TCGTCCAAGAGCATAT-1_4_2"
"2277","TCGTCCAAGAGCCGTA-1_4_2"
"2278","TCGTCCAGTTCTAAGC-1_4_2"
"2279","TCGTGCTAGTAGTCTC-1_4_2"
"2280","TCGTGCTCAACCGCTG-1_4_2"
"2281","TCGTGCTCACCTCTGT-1_4_2"
"2282","TCGTGGGAGTTTGAGA-1_4_2"
"2283","TCGTGGGCATCCTTCG-1_4_2"
"2284","TCGTGGGTCCCTTTGG-1_4_2"
"2285","TCTAACTGTCTAGATC-1_4_2"
"2286","TCTAACTTCAGATGCT-1_4_2"
"2287","TCTACATAGCGTCAGA-1_4_2"
"2288","TCTACATAGCTCAGAG-1_4_2"
"2289","TCTACATAGGTGGCTA-1_4_2"
"2290","TCTACATGTGACAGCA-1_4_2"
"2291","TCTACCGAGTCCCGAC-1_4_2"
"2292","TCTATACAGTGATTCC-1_4_2"
"2293","TCTATACGTACGACTT-1_4_2"
"2294","TCTATACTCCGTTTCG-1_4_2"
"2295","TCTATACTCTCCCAAC-1_4_2"
"2296","TCTATCAAGAGATGCC-1_4_2"
"2297","TCTATCAGTCTCTCTG-1_4_2"
"2298","TCTATCATCGCAAGAG-1_4_2"
"2299","TCTATCATCGTACCTC-1_4_2"
"2300","TCTCACGTCCAAATGC-1_4_2"
"2301","TCTCAGCAGACTCCGC-1_4_2"
"2302","TCTCAGCAGATACTGA-1_4_2"
"2303","TCTCAGCGTATACCCA-1_4_2"
"2304","TCTCAGCGTGACTAAA-1_4_2"
"2305","TCTCAGCTCACATCAG-1_4_2"
"2306","TCTCAGCTCCCTCGAT-1_4_2"
"2307","TCTCCGACATGACAAA-1_4_2"
"2308","TCTCCGACATTAAAGG-1_4_2"
"2309","TCTCCGATCAACTCTT-1_4_2"
"2310","TCTCCGATCCCTGTTG-1_4_2"
"2311","TCTCTGGAGTGACACG-1_4_2"
"2312","TCTCTGGGTGGCGCTT-1_4_2"
"2313","TCTGGCTAGGGCTTCC-1_4_2"
"2314","TCTGGCTAGTCAGCCC-1_4_2"
"2315","TCTGGCTGTGTCATTG-1_4_2"
"2316","TCTGTCGGTAAGCAAT-1_4_2"
"2317","TCTGTCGGTGTAAATG-1_4_2"
"2318","TCTGTCGTCCGTGTAA-1_4_2"
"2319","TCTGTCGTCCTCAGAA-1_4_2"
"2320","TCTTAGTAGCTTTCCC-1_4_2"
"2321","TCTTAGTTCAAGCGTT-1_4_2"
"2322","TCTTCCTGTAGCGTCC-1_4_2"
"2323","TCTTGCGAGTGAATAC-1_4_2"
"2324","TCTTGCGCAAGTACCT-1_4_2"
"2325","TCTTTGACACGCTATA-1_4_2"
"2326","TCTTTGAGTTCGAACT-1_4_2"
"2327","TCTTTGAGTTTAGACC-1_4_2"
"2328","TGAACGTAGGTCGACA-1_4_2"
"2329","TGAACGTCAATGTCTG-1_4_2"
"2330","TGAACGTCACACGCCA-1_4_2"
"2331","TGAACGTTCGCTTTAT-1_4_2"
"2332","TGAACGTTCTCCGTGT-1_4_2"
"2333","TGAATCGGTATGCTAC-1_4_2"
"2334","TGAATGCCATGCCATA-1_4_2"
"2335","TGACAGTAGCTCCACG-1_4_2"
"2336","TGACAGTCATACCGTA-1_4_2"
"2337","TGACAGTGTAAGGCTG-1_4_2"
"2338","TGACCCTAGCCATTTG-1_4_2"
"2339","TGACCCTAGGATTCAA-1_4_2"
"2340","TGACCCTCAGTTTGGT-1_4_2"
"2341","TGACGCGCATCCGGCA-1_4_2"
"2342","TGACGCGGTCGTACAT-1_4_2"
"2343","TGACGCGTCACAAGGG-1_4_2"
"2344","TGACGCGTCGCTACGG-1_4_2"
"2345","TGACTCCAGTAAAGCT-1_4_2"
"2346","TGACTCCGTGCCGTAC-1_4_2"
"2347","TGACTCCTCCAAAGGG-1_4_2"
"2348","TGAGACTGTCGTGATT-1_4_2"
"2349","TGAGACTTCCTGTAAG-1_4_2"
"2350","TGAGCATAGGTAGGCT-1_4_2"
"2351","TGAGCATGTCGAGCAA-1_4_2"
"2352","TGAGCGCCAACTGCTA-1_4_2"
"2353","TGAGGAGAGTAACCTC-1_4_2"
"2354","TGAGGAGGTGCCTGAC-1_4_2"
"2355","TGAGGGAAGATCGACG-1_4_2"
"2356","TGAGGGAGTGGCTTAT-1_4_2"
"2357","TGAGGTTAGCAAGGAA-1_4_2"
"2358","TGAGGTTAGTGCACAG-1_4_2"
"2359","TGAGTCACACCGGTCA-1_4_2"
"2360","TGATCAGGTGTGTCCG-1_4_2"
"2361","TGATCTTCACTGGCCA-1_4_2"
"2362","TGATCTTCAGTCTGGC-1_4_2"
"2363","TGATCTTGTACTAACC-1_4_2"
"2364","TGATCTTGTTGTGGAG-1_4_2"
"2365","TGATCTTTCACTGATG-1_4_2"
"2366","TGATGGTCAATAGTAG-1_4_2"
"2367","TGATGGTGTAAGATTG-1_4_2"
"2368","TGATGGTTCGGTCTAA-1_4_2"
"2369","TGATTCTGTATGAAGT-1_4_2"
"2370","TGATTTCGTACTGCCG-1_4_2"
"2371","TGCACGGCAGGTCCCA-1_4_2"
"2372","TGCACGGCATCGTGGC-1_4_2"
"2373","TGCACGGTCCATACAG-1_4_2"
"2374","TGCAGATAGTTGCCCG-1_4_2"
"2375","TGCAGGCAGGTTCCAT-1_4_2"
"2376","TGCAGGCCACAACGTT-1_4_2"
"2377","TGCAGGCCACACCAGC-1_4_2"
"2378","TGCAGGCCATAGCACT-1_4_2"
"2379","TGCAGGCCATTCGATG-1_4_2"
"2380","TGCAGTACACAATGAA-1_4_2"
"2381","TGCAGTAGTACTGCCG-1_4_2"
"2382","TGCAGTATCTGCTTTA-1_4_2"
"2383","TGCATCCTCTACAGGT-1_4_2"
"2384","TGCATCCTCTCGACCT-1_4_2"
"2385","TGCATGACATCCGTGG-1_4_2"
"2386","TGCCGAGAGCCGATTT-1_4_2"
"2387","TGCCGAGGTCTTTCTA-1_4_2"
"2388","TGCCGAGGTTCGGCGT-1_4_2"
"2389","TGCCGAGTCCAAACCA-1_4_2"
"2390","TGCCGAGTCTGGGCCA-1_4_2"
"2391","TGCGACGAGTTGAAAC-1_4_2"
"2392","TGCGACGGTTGGTGTT-1_4_2"
"2393","TGCGACGTCTGTCGTC-1_4_2"
"2394","TGCGACGTCTTCGTAT-1_4_2"
"2395","TGCGGCAAGCCTTCTC-1_4_2"
"2396","TGCGGCAGTGCAATAA-1_4_2"
"2397","TGCGGCATCATCTATC-1_4_2"
"2398","TGCGGGTAGCATTTCG-1_4_2"
"2399","TGCGGGTCATACAGCT-1_4_2"
"2400","TGCGGGTGTCTCAAGT-1_4_2"
"2401","TGCGGGTGTGAGGATC-1_4_2"
"2402","TGCTCCAAGACGCTCC-1_4_2"
"2403","TGCTCCAAGATGATTG-1_4_2"
"2404","TGCTCGTCATGATGCT-1_4_2"
"2405","TGCTCGTGTATGTCCA-1_4_2"
"2406","TGCTCGTTCGCGCTGA-1_4_2"
"2407","TGCTGAAAGTTACTCG-1_4_2"
"2408","TGCTGAACAAGCTGCC-1_4_2"
"2409","TGCTGAAGTACAGGTG-1_4_2"
"2410","TGCTGAAGTGCACAAG-1_4_2"
"2411","TGCTGAAGTTTCGCTC-1_4_2"
"2412","TGCTGAATCACAAGGG-1_4_2"
"2413","TGCTTCGCAGTCAGAG-1_4_2"
"2414","TGCTTCGTCTACACTT-1_4_2"
"2415","TGCTTCGTCTTTCAGT-1_4_2"
"2416","TGCTTGCCACGCTTAA-1_4_2"
"2417","TGGAACTGTCGAGATG-1_4_2"
"2418","TGGAACTTCCCAAGCG-1_4_2"
"2419","TGGAACTTCGCCGATG-1_4_2"
"2420","TGGAGAGCACCAGACC-1_4_2"
"2421","TGGAGAGGTATCATGC-1_4_2"
"2422","TGGAGAGTCACTGGGC-1_4_2"
"2423","TGGAGAGTCCGCAACG-1_4_2"
"2424","TGGAGGAAGATGACCG-1_4_2"
"2425","TGGAGGAAGGATACGC-1_4_2"
"2426","TGGAGGAAGTAAGAGG-1_4_2"
"2427","TGGAGGATCAACTCTT-1_4_2"
"2428","TGGATCACACGCGCTA-1_4_2"
"2429","TGGATCACATTAAAGG-1_4_2"
"2430","TGGATCATCCAGTGTA-1_4_2"
"2431","TGGATCATCTTTGCTA-1_4_2"
"2432","TGGATGTCAACCTAAC-1_4_2"
"2433","TGGATGTCAGGTGAGT-1_4_2"
"2434","TGGCGTGAGTTCCTGA-1_4_2"
"2435","TGGCGTGCAATTGAGA-1_4_2"
"2436","TGGCGTGGTGCAGATG-1_4_2"
"2437","TGGCGTGTCGTTAGAC-1_4_2"
"2438","TGGCGTGTCTAACGGT-1_4_2"
"2439","TGGCGTGTCTGGGCCA-1_4_2"
"2440","TGGGAAGAGAGCAGTC-1_4_2"
"2441","TGGGAAGAGCCTGCCA-1_4_2"
"2442","TGGGAAGAGCGTGAAC-1_4_2"
"2443","TGGGAAGGTTACCGTA-1_4_2"
"2444","TGGGAAGTCTGATGGT-1_4_2"
"2445","TGGGAGAAGATGCAGC-1_4_2"
"2446","TGGGAGAGTAACGTTC-1_4_2"
"2447","TGGGAGAGTATCCTTT-1_4_2"
"2448","TGGGATTAGAATCGTA-1_4_2"
"2449","TGGGATTGTGCTAGCC-1_4_2"
"2450","TGGGATTTCAAACGTC-1_4_2"
"2451","TGGGATTTCGTAGCCG-1_4_2"
"2452","TGGGCGTAGTTTCGGT-1_4_2"
"2453","TGGGCGTCAACCAGAG-1_4_2"
"2454","TGGGCGTGTAGCTGCC-1_4_2"
"2455","TGGGCTGAGACGGTTG-1_4_2"
"2456","TGGGCTGAGAGCATTA-1_4_2"
"2457","TGGGCTGCAAACCGGA-1_4_2"
"2458","TGGGCTGCAATACGCT-1_4_2"
"2459","TGGGCTGGTCATTGCA-1_4_2"
"2460","TGGGCTGGTTCGGCCA-1_4_2"
"2461","TGGGCTGTCCCAGTGG-1_4_2"
"2462","TGGGCTGTCCTGCTAC-1_4_2"
"2463","TGGGTTAAGCCATGCC-1_4_2"
"2464","TGGGTTATCCATTTGT-1_4_2"
"2465","TGGTACAGTCCTACGG-1_4_2"
"2466","TGGTACATCCACACCT-1_4_2"
"2467","TGGTAGTCAGCAAGAC-1_4_2"
"2468","TGGTGATAGATTGTGA-1_4_2"
"2469","TGGTGATAGGTTAGTA-1_4_2"
"2470","TGGTGATGTCCTGGTG-1_4_2"
"2471","TGGTTAGGTGCGAACA-1_4_2"
"2472","TGGTTAGTCCGAGATT-1_4_2"
"2473","TGTAACGAGACTTCAC-1_4_2"
"2474","TGTAACGTCGGATACT-1_4_2"
"2475","TGTAAGCAGACTGAGC-1_4_2"
"2476","TGTAAGCGTAATTAGG-1_4_2"
"2477","TGTAAGCGTACCGTGC-1_4_2"
"2478","TGTAAGCTCAGAGTGG-1_4_2"
"2479","TGTAAGCTCAGTGTCA-1_4_2"
"2480","TGTACAGCAGGAATCG-1_4_2"
"2481","TGTACAGGTACCACGC-1_4_2"
"2482","TGTACAGTCGGTTAGT-1_4_2"
"2483","TGTAGACGTGTTGAGG-1_4_2"
"2484","TGTCAGAAGACCAAAT-1_4_2"
"2485","TGTCCACAGCTGCCAC-1_4_2"
"2486","TGTCCACTCCTCAGGG-1_4_2"
"2487","TGTCCCACATCGTGCG-1_4_2"
"2488","TGTCCCATCACTGTCC-1_4_2"
"2489","TGTCCTGAGTTCGGTT-1_4_2"
"2490","TGTCCTGGTCGGCCTA-1_4_2"
"2491","TGTCCTGGTTACCTGA-1_4_2"
"2492","TGTCCTGTCGTTAGAC-1_4_2"
"2493","TGTGAGTTCATTCACT-1_4_2"
"2494","TGTGAGTTCTCGCCTA-1_4_2"
"2495","TGTGATGAGATTAGTG-1_4_2"
"2496","TGTGATGAGTTTGTCG-1_4_2"
"2497","TGTGATGTCGACCTAA-1_4_2"
"2498","TGTGATGTCTCGTCAC-1_4_2"
"2499","TGTGCGGCATCCCGTT-1_4_2"
"2500","TGTGCGGTCCGATGTA-1_4_2"
"2501","TGTGCGGTCCTACGGG-1_4_2"
"2502","TGTGGCGAGGTCGAGT-1_4_2"
"2503","TGTGGCGAGTTGAAGT-1_4_2"
"2504","TGTGTGACAATGACCT-1_4_2"
"2505","TGTGTGACAGTCAGTT-1_4_2"
"2506","TGTGTGACATTAAAGG-1_4_2"
"2507","TGTTACTAGGATCATA-1_4_2"
"2508","TGTTACTAGTCATGCT-1_4_2"
"2509","TGTTACTGTATTGCCA-1_4_2"
"2510","TGTTACTTCATTCATC-1_4_2"
"2511","TGTTCATAGAGAGGGC-1_4_2"
"2512","TGTTCATAGTCAGCCC-1_4_2"
"2513","TGTTCCGAGTCTGGAG-1_4_2"
"2514","TGTTCTAAGAACGCGT-1_4_2"
"2515","TGTTCTACAATTTCTC-1_4_2"
"2516","TGTTCTATCCCACAGG-1_4_2"
"2517","TGTTGAGAGTCGTTAC-1_4_2"
"2518","TGTTGAGCACTTTATC-1_4_2"
"2519","TGTTGAGCATCCGTTC-1_4_2"
"2520","TGTTGAGTCTTAAGGC-1_4_2"
"2521","TGTTTGTAGGCATCGA-1_4_2"
"2522","TGTTTGTCAAGATCCT-1_4_2"
"2523","TGTTTGTGTACTCCGG-1_4_2"
"2524","TGTTTGTGTTCATCTT-1_4_2"
"2525","TGTTTGTTCTTGTGCC-1_4_2"
"2526","TTAATCCAGCCATATC-1_4_2"
"2527","TTAATCCAGCTAAGTA-1_4_2"
"2528","TTAATCCAGCTAGAAT-1_4_2"
"2529","TTAATCCCAACAGCCC-1_4_2"
"2530","TTAATCCCACAAACGG-1_4_2"
"2531","TTAATCCTCCGAGCTG-1_4_2"
"2532","TTACAGGAGGCGTTAG-1_4_2"
"2533","TTACAGGTCCGTAATG-1_4_2"
"2534","TTACAGGTCTCATTGT-1_4_2"
"2535","TTACCATAGCAGAAAG-1_4_2"
"2536","TTACCATGTCCTGTCT-1_4_2"
"2537","TTACCATTCGGTTCAA-1_4_2"
"2538","TTACCGCCAAATCGTC-1_4_2"
"2539","TTACCGCCACTGTCGG-1_4_2"
"2540","TTACCGCCATATAGCC-1_4_2"
"2541","TTACGCCAGTCACACT-1_4_2"
"2542","TTACGCCCACTGAGTT-1_4_2"
"2543","TTACGCCCATTCACAG-1_4_2"
"2544","TTACGCCGTAGTCTTG-1_4_2"
"2545","TTACGCCGTCTGTGTA-1_4_2"
"2546","TTACGTTAGCAACAGC-1_4_2"
"2547","TTACGTTTCCACGTCT-1_4_2"
"2548","TTACTGTAGCCGTCGT-1_4_2"
"2549","TTACTGTAGCTGACTT-1_4_2"
"2550","TTACTGTCAGCTCCTT-1_4_2"
"2551","TTACTGTCAGGTTCCG-1_4_2"
"2552","TTAGGCACAGCCCAGT-1_4_2"
"2553","TTAGGCAGTCACTAGT-1_4_2"
"2554","TTAGGCATCATCACTT-1_4_2"
"2555","TTAGGGTGTAACAGTA-1_4_2"
"2556","TTAGGGTGTATGTGTC-1_4_2"
"2557","TTAGGGTGTCCGAAAG-1_4_2"
"2558","TTAGGGTTCTCTATAC-1_4_2"
"2559","TTAGTCTGTATCACGT-1_4_2"
"2560","TTATTGCGTGACTCTA-1_4_2"
"2561","TTATTGCGTTAAGTCC-1_4_2"
"2562","TTCAATCAGTTCGCAT-1_4_2"
"2563","TTCAATCCAATGACCT-1_4_2"
"2564","TTCAATCTCACTCTTA-1_4_2"
"2565","TTCAATCTCGGCATAT-1_4_2"
"2566","TTCACCGGTTCTCCAC-1_4_2"
"2567","TTCACGCAGGACGCTA-1_4_2"
"2568","TTCACGCGTCCGGATC-1_4_2"
"2569","TTCACGCGTGGTCTCG-1_4_2"
"2570","TTCAGGAAGAAATCCA-1_4_2"
"2571","TTCAGGACAATCTGCA-1_4_2"
"2572","TTCAGGAGTGCCCTTT-1_4_2"
"2573","TTCATGTGTAGATCCT-1_4_2"
"2574","TTCATGTGTATCGGTT-1_4_2"
"2575","TTCATGTGTCGATTAC-1_4_2"
"2576","TTCATGTGTGCGACAA-1_4_2"
"2577","TTCATGTGTTGGACTT-1_4_2"
"2578","TTCATGTTCGAGTTGT-1_4_2"
"2579","TTCATTGAGGTTCTTG-1_4_2"
"2580","TTCATTGGTGAGCAGT-1_4_2"
"2581","TTCCAATAGGAGCAAA-1_4_2"
"2582","TTCCAATAGGCGATAC-1_4_2"
"2583","TTCCAATCAGAGGCTA-1_4_2"
"2584","TTCCAATGTCGAAACG-1_4_2"
"2585","TTCCACGAGATTGACA-1_4_2"
"2586","TTCCACGCACTCTAGA-1_4_2"
"2587","TTCCGGTAGACGCTCC-1_4_2"
"2588","TTCCGGTAGTCCCGAC-1_4_2"
"2589","TTCCGGTCAACGATTC-1_4_2"
"2590","TTCCGGTTCATAGGCT-1_4_2"
"2591","TTCCGTGAGCTCTTCC-1_4_2"
"2592","TTCCGTGCATCGGTTA-1_4_2"
"2593","TTCCGTGGTACTGACT-1_4_2"
"2594","TTCCGTGGTAGATCGG-1_4_2"
"2595","TTCCGTGTCGCTGACG-1_4_2"
"2596","TTCCTAAAGTAGCATA-1_4_2"
"2597","TTCCTAAAGTTAGTGA-1_4_2"
"2598","TTCCTAACATCTGGGC-1_4_2"
"2599","TTCCTAAGTTGGCCTG-1_4_2"
"2600","TTCCTAATCCTCTTTC-1_4_2"
"2601","TTCCTAATCTAAGCCA-1_4_2"
"2602","TTCCTCTGTCGCTTAA-1_4_2"
"2603","TTCCTCTGTTCGAACT-1_4_2"
"2604","TTCGATTCACAGCTGC-1_4_2"
"2605","TTCGATTCACTGGACC-1_4_2"
"2606","TTCGATTGTGAGGCAT-1_4_2"
"2607","TTCGGTCCAAGAGATT-1_4_2"
"2608","TTCGGTCCAGGTTCAT-1_4_2"
"2609","TTCGGTCGTAAGTTAG-1_4_2"
"2610","TTCGGTCTCGGCATTA-1_4_2"
"2611","TTCTAACAGACTTCAC-1_4_2"
"2612","TTCTAACCATGCCGCA-1_4_2"
"2613","TTCTAACGTTAGAAAC-1_4_2"
"2614","TTCTAACGTTTGGGTT-1_4_2"
"2615","TTCTAACTCGGCTCTT-1_4_2"
"2616","TTCTAGTCACAAGCAG-1_4_2"
"2617","TTCTAGTCACGTACTA-1_4_2"
"2618","TTCTAGTCATAGCTGT-1_4_2"
"2619","TTCTAGTTCGCTATTT-1_4_2"
"2620","TTCTCTCTCGCAGTTA-1_4_2"
"2621","TTCTGTAGTGCGAACA-1_4_2"
"2622","TTCTGTATCGAGTACT-1_4_2"
"2623","TTCTGTATCGCTCATC-1_4_2"
"2624","TTCTTCCAGATTTGCC-1_4_2"
"2625","TTCTTCCGTTAGGAGC-1_4_2"
"2626","TTCTTCCTCATCGGGC-1_4_2"
"2627","TTCTTGAAGACTTCAC-1_4_2"
"2628","TTCTTGAGTATTGACC-1_4_2"
"2629","TTCTTGAGTCCTGTTC-1_4_2"
"2630","TTGAACGGTGTAAACA-1_4_2"
"2631","TTGAACGTCTCTCAAT-1_4_2"
"2632","TTGACCCCACGCTTAA-1_4_2"
"2633","TTGACCCCACTTGGCG-1_4_2"
"2634","TTGACCCGTACGCGTC-1_4_2"
"2635","TTGACCCGTTAGAGAT-1_4_2"
"2636","TTGACCCTCCTGGGTG-1_4_2"
"2637","TTGAGTGAGACCGCCT-1_4_2"
"2638","TTGAGTGAGCCAAGGT-1_4_2"
"2639","TTGATGGAGACGTCGA-1_4_2"
"2640","TTGATGGAGGTAATCA-1_4_2"
"2641","TTGATGGAGTTGTCAC-1_4_2"
"2642","TTGATGGGTGAACGGT-1_4_2"
"2643","TTGCATTCAGAGGGTT-1_4_2"
"2644","TTGCATTGTTAAGTCC-1_4_2"
"2645","TTGCCTGTCGTAGCTA-1_4_2"
"2646","TTGCTGCGTCGGAACA-1_4_2"
"2647","TTGCTGCGTTTACGTG-1_4_2"
"2648","TTGCTGCTCCATGATG-1_4_2"
"2649","TTGCTGCTCGCGCTGA-1_4_2"
"2650","TTGGATGCACCAAATC-1_4_2"
"2651","TTGGGATAGTCTCGTA-1_4_2"
"2652","TTGGGATCACTATGTG-1_4_2"
"2653","TTGGGCGCACTATCGA-1_4_2"
"2654","TTGGGCGTCAGACCGC-1_4_2"
"2655","TTGGGCGTCGTTACCC-1_4_2"
"2656","TTGGGTAAGCTTCTAG-1_4_2"
"2657","TTGGTTTAGACTTCGT-1_4_2"
"2658","TTGGTTTAGTGAGTTA-1_4_2"
"2659","TTGGTTTCACAGTGTT-1_4_2"
"2660","TTGGTTTCAGCGTTTA-1_4_2"
"2661","TTGGTTTGTATGCGGA-1_4_2"
"2662","TTGTGGACAACTGAAA-1_4_2"
"2663","TTGTGGAGTCGCGTCA-1_4_2"
"2664","TTGTGGATCTTCTAAC-1_4_2"
"2665","TTGTGTTAGGTGATAT-1_4_2"
"2666","TTGTGTTCAGTAGTGG-1_4_2"
"2667","TTGTGTTGTACTGCCG-1_4_2"
"2668","TTGTGTTTCGAAGCAG-1_4_2"
"2669","TTGTGTTTCGCGCCAA-1_4_2"
"2670","TTGTTCAAGTAGATCA-1_4_2"
"2671","TTGTTCACACGGCGTT-1_4_2"
"2672","TTGTTCACACTGAGTT-1_4_2"
"2673","TTGTTGTCACAAGCAG-1_4_2"
"2674","TTGTTGTCACACAGCC-1_4_2"
"2675","TTGTTTGAGACGACGT-1_4_2"
"2676","TTGTTTGAGTAGGATT-1_4_2"
"2677","TTGTTTGCAAATCGTC-1_4_2"
"2678","TTGTTTGCACTCATAG-1_4_2"
"2679","TTGTTTGGTGCTCCGA-1_4_2"
"2680","TTGTTTGGTTTGTGGT-1_4_2"
"2681","TTTACCATCAGCATTG-1_4_2"
"2682","TTTACGTAGACTACCT-1_4_2"
"2683","TTTACGTCATCTCATT-1_4_2"
"2684","TTTACGTTCAGTCAGT-1_4_2"
"2685","TTTACTGAGGTCACCC-1_4_2"
"2686","TTTACTGCAACGATCT-1_4_2"
"2687","TTTACTGGTCGCTCGA-1_4_2"
"2688","TTTACTGGTTCATCGA-1_4_2"
"2689","TTTAGTCCAGGTCTCG-1_4_2"
"2690","TTTATGCGTGGTCTCG-1_4_2"
"2691","TTTATGCTCGTCCATC-1_4_2"
"2692","TTTCACACACACTGGC-1_4_2"
"2693","TTTCACAGTTTCCAAG-1_4_2"
"2694","TTTCAGTAGAGTTGAT-1_4_2"
"2695","TTTCAGTAGGGCCTCT-1_4_2"
"2696","TTTCAGTAGGTGCCAA-1_4_2"
"2697","TTTCAGTCAATAGAGT-1_4_2"
"2698","TTTCAGTCAGATCATC-1_4_2"
"2699","TTTCAGTCATGTTCAG-1_4_2"
"2700","TTTCAGTGTGTGTCCG-1_4_2"
"2701","TTTCATGAGAAGTATC-1_4_2"
"2702","TTTCATGAGGTACAGC-1_4_2"
"2703","TTTCATGCAGCGTTTA-1_4_2"
"2704","TTTCCTCGTAGACTGG-1_4_2"
"2705","TTTCGATAGCCTAACT-1_4_2"
"2706","TTTCGATCAGCGTGCT-1_4_2"
"2707","TTTGACTAGGACTATA-1_4_2"
"2708","TTTGATCGTGTTCCAA-1_4_2"
"2709","TTTGATCTCCCTTGTG-1_4_2"
"2710","TTTGGAGTCTGGGAGA-1_4_2"
"2711","TTTGGTTCATCTGCGG-1_4_2"
"2712","TTTGGTTGTCTTACTT-1_4_2"
"2713","TTTGTTGAGCGTATGG-1_4_2"
"2714","TTTGTTGGTCCCACGA-1_4_2"
