"","x"
"1","AAACCCACAACTTCTT-1_2_1"
"2","AAACCCACAGCAGATG-1_2_1"
"3","AAACCCAGTCTGGTTA-1_2_1"
"4","AAACGAAGTGACATCT-1_2_1"
"5","AAACGAATCTGCTTAT-1_2_1"
"6","AAACGCTAGTAATTGG-1_2_1"
"7","AAACGCTTCACGACTA-1_2_1"
"8","AAAGAACCACCTGATA-1_2_1"
"9","AAAGAACCAGCAAGAC-1_2_1"
"10","AAAGAACTCATCTATC-1_2_1"
"11","AAAGGATGTTTCGACA-1_2_1"
"12","AAAGGATTCACACGAT-1_2_1"
"13","AAAGGGCAGCTGACCC-1_2_1"
"14","AAAGGGCAGGCCTTGC-1_2_1"
"15","AAAGGGCAGTGTAGAT-1_2_1"
"16","AAAGGGCCATATACCG-1_2_1"
"17","AAAGGGCGTGGCTTGC-1_2_1"
"18","AAAGGTACATAACAGA-1_2_1"
"19","AAAGTCCCAATTGAAG-1_2_1"
"20","AAAGTGAAGACCGTTT-1_2_1"
"21","AAAGTGATCCACAGGC-1_2_1"
"22","AAAGTGATCTGTAAGC-1_2_1"
"23","AAATGGACAATCACGT-1_2_1"
"24","AACAAAGAGATCGCCC-1_2_1"
"25","AACAACCAGAGGGTCT-1_2_1"
"26","AACAACCCAGAGGTTG-1_2_1"
"27","AACAACCTCTCTAAGG-1_2_1"
"28","AACAAGAAGTCTACCA-1_2_1"
"29","AACAAGAAGTGATAAC-1_2_1"
"30","AACAAGACATGTCAGT-1_2_1"
"31","AACAAGATCCGCATAA-1_2_1"
"32","AACACACCAAACAGGC-1_2_1"
"33","AACACACCATCTCCCA-1_2_1"
"34","AACACACGTGTATTGC-1_2_1"
"35","AACAGGGCAAGACCTT-1_2_1"
"36","AACAGGGCAATGTCTG-1_2_1"
"37","AACAGGGTCAACCGAT-1_2_1"
"38","AACCACACATGATAGA-1_2_1"
"39","AACCACAGTGGCCCAT-1_2_1"
"40","AACCACATCCCAGCGA-1_2_1"
"41","AACCATGAGTGGTCAG-1_2_1"
"42","AACCATGGTTCTCGCT-1_2_1"
"43","AACCCAAAGTTCATCG-1_2_1"
"44","AACCCAATCTGTGCAA-1_2_1"
"45","AACCCAATCTTGCAGA-1_2_1"
"46","AACCTGACAAGCTCTA-1_2_1"
"47","AACCTGACACCAAATC-1_2_1"
"48","AACCTGATCGACGCTG-1_2_1"
"49","AACCTGATCTAGACAC-1_2_1"
"50","AACCTTTAGAGGTCAC-1_2_1"
"51","AACCTTTAGCTGTTAC-1_2_1"
"52","AACCTTTCACTTGGGC-1_2_1"
"53","AACCTTTGTTGAAGTA-1_2_1"
"54","AACGAAACAGCGTATT-1_2_1"
"55","AACGAAAGTAGGCTCC-1_2_1"
"56","AACGAAATCCTTGAAG-1_2_1"
"57","AACGAAATCTATCGTT-1_2_1"
"58","AACGGGAAGATTCGAA-1_2_1"
"59","AACGGGACATTAGGCT-1_2_1"
"60","AACGGGAGTAGGCAAC-1_2_1"
"61","AACGGGATCTATCGTT-1_2_1"
"62","AACGTCAGTATCGCGC-1_2_1"
"63","AACGTCATCGTTCGCT-1_2_1"
"64","AACTTCTCAACGGCCT-1_2_1"
"65","AACTTCTGTCGGTGAA-1_2_1"
"66","AACTTCTTCGTGCAGC-1_2_1"
"67","AAGAACAGTGAGACGT-1_2_1"
"68","AAGAACAGTTAGTTCG-1_2_1"
"69","AAGAACATCATCACAG-1_2_1"
"70","AAGACAAGTCAGTCTA-1_2_1"
"71","AAGACAATCGTCAACA-1_2_1"
"72","AAGACTCCACATATCG-1_2_1"
"73","AAGACTCCATGGAACG-1_2_1"
"74","AAGACTCTCAGATGCT-1_2_1"
"75","AAGCATCAGAAGCGCT-1_2_1"
"76","AAGCATCTCGTACACA-1_2_1"
"77","AAGCCATCATTCTTCA-1_2_1"
"78","AAGCCATTCCGTGCGA-1_2_1"
"79","AAGCGAGAGGCACAAC-1_2_1"
"80","AAGCGAGAGTATAACG-1_2_1"
"81","AAGCGTTAGACCAACG-1_2_1"
"82","AAGCGTTAGCATGAAT-1_2_1"
"83","AAGCGTTCAACAACAA-1_2_1"
"84","AAGCGTTCAGCACGAA-1_2_1"
"85","AAGCGTTTCAGCATTG-1_2_1"
"86","AAGCGTTTCCCATTTA-1_2_1"
"87","AAGGAATAGACATGCG-1_2_1"
"88","AAGGAATCAGCAGATG-1_2_1"
"89","AAGGAATGTGCAAGAC-1_2_1"
"90","AAGGAATTCACCGCTT-1_2_1"
"91","AAGGAATTCGAGCCAC-1_2_1"
"92","AAGGTAAAGTTTGGCT-1_2_1"
"93","AAGGTAACAAACCATC-1_2_1"
"94","AAGGTAAGTGGTCTTA-1_2_1"
"95","AAGTACCAGCCTCCAG-1_2_1"
"96","AAGTACCGTAGGCAGT-1_2_1"
"97","AAGTACCTCCGAGCTG-1_2_1"
"98","AAGTCGTCAAAGTGTA-1_2_1"
"99","AAGTGAAAGTCCTGCG-1_2_1"
"100","AAGTGAAGTATCGCAT-1_2_1"
"101","AAGTTCGCAATGAAAC-1_2_1"
"102","AAGTTCGTCTTGCAGA-1_2_1"
"103","AATAGAGCACACTGGC-1_2_1"
"104","AATAGAGGTGACCTGC-1_2_1"
"105","AATCACGAGAAGATCT-1_2_1"
"106","AATCACGGTGGCTTGC-1_2_1"
"107","AATCGACAGTAAGAGG-1_2_1"
"108","AATCGACGTACAAGCG-1_2_1"
"109","AATCGACGTGCCTGCA-1_2_1"
"110","AATCGTGCATCTCCCA-1_2_1"
"111","AATCGTGGTATGGTAA-1_2_1"
"112","AATCGTGTCGATGGAG-1_2_1"
"113","AATGAAGAGATGAATC-1_2_1"
"114","AATGAAGAGATGTTGA-1_2_1"
"115","AATGAAGGTTCAAGTC-1_2_1"
"116","AATGACCAGCACTCCG-1_2_1"
"117","AATGACCCACGCTGAC-1_2_1"
"118","AATGACCCAGACTCTA-1_2_1"
"119","AATGGAAAGTGGACTG-1_2_1"
"120","AATGGAAGTAAGATTG-1_2_1"
"121","AATGGAAGTCAACATC-1_2_1"
"122","AATGGCTCAGCACAGA-1_2_1"
"123","AATGGCTCATGACGAG-1_2_1"
"124","AATGGCTGTGAATTGA-1_2_1"
"125","AATTCCTAGAGGTTAT-1_2_1"
"126","AATTCCTAGCGTGAGT-1_2_1"
"127","AATTCCTCACGTAGAG-1_2_1"
"128","AATTCCTTCAGCGCGT-1_2_1"
"129","AATTTCCAGGGCCTCT-1_2_1"
"130","AATTTCCTCTGGCCAG-1_2_1"
"131","ACAAAGAAGGTACTGG-1_2_1"
"132","ACAAAGACACTGGAAG-1_2_1"
"133","ACAAAGAGTCCAGCAC-1_2_1"
"134","ACAACCACAACAAAGT-1_2_1"
"135","ACAACCACACGGGCTT-1_2_1"
"136","ACAACCACAGGTATGG-1_2_1"
"137","ACAACCATCACTGGGC-1_2_1"
"138","ACAACCATCGACACCG-1_2_1"
"139","ACAAGCTAGTAGGGTC-1_2_1"
"140","ACAAGCTCATGAAAGT-1_2_1"
"141","ACAAGCTGTATCCTCC-1_2_1"
"142","ACAAGCTGTTCGGCCA-1_2_1"
"143","ACACAGTCAGGGACTA-1_2_1"
"144","ACACAGTGTACAAGCG-1_2_1"
"145","ACACAGTTCTCCAAGA-1_2_1"
"146","ACACAGTTCTGGTCAA-1_2_1"
"147","ACACCAACAAGAAATC-1_2_1"
"148","ACACCAAGTTCGAAGG-1_2_1"
"149","ACACCAATCGGTCTGG-1_2_1"
"150","ACACGCGCAATTGCCA-1_2_1"
"151","ACACTGAAGAACGTGC-1_2_1"
"152","ACACTGAAGGTTGTTC-1_2_1"
"153","ACACTGACACGCCACA-1_2_1"
"154","ACACTGACATTCAGGT-1_2_1"
"155","ACACTGAGTCAGTCCG-1_2_1"
"156","ACACTGATCGGCTCTT-1_2_1"
"157","ACAGAAACAGCTACTA-1_2_1"
"158","ACAGAAAGTTATGGTC-1_2_1"
"159","ACAGAAAGTTCGGCGT-1_2_1"
"160","ACAGCCGAGAAACCAT-1_2_1"
"161","ACAGCCGCACACCAGC-1_2_1"
"162","ACAGCCGCACATCCCT-1_2_1"
"163","ACAGCCGCAGCAGATG-1_2_1"
"164","ACAGCCGTCAGACCTA-1_2_1"
"165","ACAGCCGTCAGTCATG-1_2_1"
"166","ACAGGGAAGCGACAGT-1_2_1"
"167","ACAGGGATCCTAGCTC-1_2_1"
"168","ACATCCCCAAACAGGC-1_2_1"
"169","ACATCCCCACGACGTC-1_2_1"
"170","ACATCCCGTCCGTTTC-1_2_1"
"171","ACATCCCGTCTAACTG-1_2_1"
"172","ACATCGAGTGTTCCAA-1_2_1"
"173","ACATGCAGTATGTGTC-1_2_1"
"174","ACATTTCCACATAGCT-1_2_1"
"175","ACATTTCCACTGTTCC-1_2_1"
"176","ACCAAACAGGTTCCGC-1_2_1"
"177","ACCAAACCACACAGAG-1_2_1"
"178","ACCAAACGTGGTACAG-1_2_1"
"179","ACCAAACGTTAGAGTA-1_2_1"
"180","ACCAAACGTTTACTTC-1_2_1"
"181","ACCAAACTCCCGAATA-1_2_1"
"182","ACCAACAAGATGGTAT-1_2_1"
"183","ACCACAAAGCTCAGAG-1_2_1"
"184","ACCACAAAGGAGAGTA-1_2_1"
"185","ACCACAAAGTACTCGT-1_2_1"
"186","ACCACAAGTTGGGACA-1_2_1"
"187","ACCACAATCTTGTGCC-1_2_1"
"188","ACCATTTAGGAAAGAC-1_2_1"
"189","ACCATTTCAGACCTAT-1_2_1"
"190","ACCATTTCATGATCTG-1_2_1"
"191","ACCCAAAAGGTCATTC-1_2_1"
"192","ACCCAAAAGTTGTAGA-1_2_1"
"193","ACCCAAACAACTCGAT-1_2_1"
"194","ACCCAAAGTCTCGGAC-1_2_1"
"195","ACCCTCAAGTCGAAAT-1_2_1"
"196","ACCCTCAGTTCCGGTG-1_2_1"
"197","ACCCTCATCGTAGGGA-1_2_1"
"198","ACCCTTGCATTGTACG-1_2_1"
"199","ACCTACCAGGATTTAG-1_2_1"
"200","ACCTACCCACGGAAGT-1_2_1"
"201","ACCTACCTCGGCTATA-1_2_1"
"202","ACCTGAAAGATGCAGC-1_2_1"
"203","ACCTGAAAGTAATACG-1_2_1"
"204","ACCTGAATCCCTCTCC-1_2_1"
"205","ACCTGTCAGAAAGTCT-1_2_1"
"206","ACCTGTCGTGCCTATA-1_2_1"
"207","ACCTGTCGTTATGACC-1_2_1"
"208","ACGATCAAGAGTAACT-1_2_1"
"209","ACGATCACAACGGTAG-1_2_1"
"210","ACGATCATCTCGACGG-1_2_1"
"211","ACGATGTAGTCCCTAA-1_2_1"
"212","ACGCACGAGTAGCCAG-1_2_1"
"213","ACGCACGCAATTGGTC-1_2_1"
"214","ACGCACGGTCCTGGTG-1_2_1"
"215","ACGCACGTCTGGGAGA-1_2_1"
"216","ACGGGTCAGAACTCCT-1_2_1"
"217","ACGGGTCAGACAGCGT-1_2_1"
"218","ACGGGTCAGCGGTATG-1_2_1"
"219","ACGGGTCGTCTCAGAT-1_2_1"
"220","ACGGGTCTCAAGTCGT-1_2_1"
"221","ACGGTCGAGGATAATC-1_2_1"
"222","ACGGTCGCAAACTAGA-1_2_1"
"223","ACGGTCGGTTGTATGC-1_2_1"
"224","ACGGTCGTCGATAACC-1_2_1"
"225","ACGGTTATCACCGGGT-1_2_1"
"226","ACGGTTATCCCTGTTG-1_2_1"
"227","ACGGTTATCGTTCAGA-1_2_1"
"228","ACGGTTATCTCAGTCC-1_2_1"
"229","ACGTAACCACTATGTG-1_2_1"
"230","ACGTAACGTGAAGCGT-1_2_1"
"231","ACGTACAAGACAACAT-1_2_1"
"232","ACGTACAGTGTCCAAT-1_2_1"
"233","ACGTAGTAGACCGTTT-1_2_1"
"234","ACGTAGTGTTCCGCAG-1_2_1"
"235","ACGTAGTGTTGCCTAA-1_2_1"
"236","ACGTCCTAGATGACAT-1_2_1"
"237","ACGTCCTCATCTGTTT-1_2_1"
"238","ACGTCCTGTGACACAG-1_2_1"
"239","ACGTTCCAGATAGTCA-1_2_1"
"240","ACGTTCCAGGGACTGT-1_2_1"
"241","ACGTTCCCACAGCTTA-1_2_1"
"242","ACGTTCCTCGCCGAAC-1_2_1"
"243","ACTACGAAGCCAGACA-1_2_1"
"244","ACTATCTAGATGCGAC-1_2_1"
"245","ACTATTCCAACACAGG-1_2_1"
"246","ACTATTCGTGTGTACT-1_2_1"
"247","ACTCCCACAATACGCT-1_2_1"
"248","ACTCTCGTCCACGAAT-1_2_1"
"249","ACTGATGAGTACCGGA-1_2_1"
"250","ACTGATGCACAAAGCG-1_2_1"
"251","ACTGCAACAAAGGGTC-1_2_1"
"252","ACTGCAACATGTGCTA-1_2_1"
"253","ACTGCAAGTATGGAGC-1_2_1"
"254","ACTGTGAAGCAAGTGC-1_2_1"
"255","ACTGTGACACTTGGCG-1_2_1"
"256","ACTGTGAGTGTGTTTG-1_2_1"
"257","ACTTAGGGTACCGTCG-1_2_1"
"258","ACTTAGGGTACGATCT-1_2_1"
"259","ACTTAGGGTGGCAGAT-1_2_1"
"260","ACTTCCGTCTAAGGAA-1_2_1"
"261","ACTTCGCCACCAGCTG-1_2_1"
"262","ACTTCGCGTAGAGATT-1_2_1"
"263","ACTTTCAGTGATACCT-1_2_1"
"264","ACTTTGTCAGACCCGT-1_2_1"
"265","ACTTTGTGTTGCTCAA-1_2_1"
"266","AGAAATGAGCCGTAAG-1_2_1"
"267","AGAAATGAGTTGCCCG-1_2_1"
"268","AGAACAAGTTACACTG-1_2_1"
"269","AGAACAATCTCCGAAA-1_2_1"
"270","AGAAGCGAGGTAAGAG-1_2_1"
"271","AGAAGCGGTGGCATCC-1_2_1"
"272","AGAAGCGGTTACCTGA-1_2_1"
"273","AGAAGTAAGAATTCAG-1_2_1"
"274","AGAAGTAAGATCGGTG-1_2_1"
"275","AGAAGTAAGTCAAGCG-1_2_1"
"276","AGACAAACAACTTGCA-1_2_1"
"277","AGACAAACACCCGTAG-1_2_1"
"278","AGACACTAGTAAATGC-1_2_1"
"279","AGACACTCAATACGCT-1_2_1"
"280","AGACACTCACTTTAGG-1_2_1"
"281","AGACAGGTCAGCGTCG-1_2_1"
"282","AGACCATAGCGACATG-1_2_1"
"283","AGACCATCAGACGATG-1_2_1"
"284","AGACCATCAGTGCGCT-1_2_1"
"285","AGACCATTCAAATAGG-1_2_1"
"286","AGACCCGGTTGAATCC-1_2_1"
"287","AGACCCGTCGGATTAC-1_2_1"
"288","AGACCCGTCTAAGCCA-1_2_1"
"289","AGACTCAAGATGCTTC-1_2_1"
"290","AGACTCACACGCAAAG-1_2_1"
"291","AGACTCAGTCCGACGT-1_2_1"
"292","AGACTCAGTCTCAGGC-1_2_1"
"293","AGAGAATCACAAATCC-1_2_1"
"294","AGAGAATCAGTGTACT-1_2_1"
"295","AGAGAATCATTCACCC-1_2_1"
"296","AGAGAATTCTCGTCGT-1_2_1"
"297","AGAGAGCCATAACCCA-1_2_1"
"298","AGAGAGCGTTAGCTAC-1_2_1"
"299","AGAGAGCTCGCATTGA-1_2_1"
"300","AGAGCAGAGAGTGGCT-1_2_1"
"301","AGAGCAGCAGAGTCAG-1_2_1"
"302","AGAGCAGCAGTCAACT-1_2_1"
"303","AGAGCCCAGAGCAGAA-1_2_1"
"304","AGATAGAAGCGGCTCT-1_2_1"
"305","AGATAGACAGCTGTAT-1_2_1"
"306","AGATAGATCGCAATGT-1_2_1"
"307","AGATCCACACACCAGC-1_2_1"
"308","AGATCCAGTCTTGCTC-1_2_1"
"309","AGATCGTCAGGTTCCG-1_2_1"
"310","AGATCGTGTCAGACGA-1_2_1"
"311","AGATGAACAATCAGCT-1_2_1"
"312","AGCATCACACCAGACC-1_2_1"
"313","AGCATCACATGTTCGA-1_2_1"
"314","AGCATCATCAATCCGA-1_2_1"
"315","AGCCAATGTATCGAAA-1_2_1"
"316","AGCCAATTCTATTGTC-1_2_1"
"317","AGCCAATTCTGGCCAG-1_2_1"
"318","AGCCACGGTGTTCCTC-1_2_1"
"319","AGCCACGTCGTTCAGA-1_2_1"
"320","AGCGATTAGTTTCAGC-1_2_1"
"321","AGCGATTTCGAGCCAC-1_2_1"
"322","AGCGCCAGTGTCCATA-1_2_1"
"323","AGCGCTGAGTTGTCAC-1_2_1"
"324","AGCGCTGCAACCTAAC-1_2_1"
"325","AGCGCTGCACTCGATA-1_2_1"
"326","AGCGCTGGTAATGCTC-1_2_1"
"327","AGCGTATAGACTTCAC-1_2_1"
"328","AGCGTATCACATCCCT-1_2_1"
"329","AGCGTATGTAACGGTG-1_2_1"
"330","AGCGTATGTCTCGACG-1_2_1"
"331","AGCGTATGTGACATCT-1_2_1"
"332","AGCGTATTCCAAGGGA-1_2_1"
"333","AGCGTCGCACGTACTA-1_2_1"
"334","AGCGTCGCATTCGATG-1_2_1"
"335","AGCGTCGTCGTTCAGA-1_2_1"
"336","AGCTACACACTGAGTT-1_2_1"
"337","AGCTACATCGCACTCT-1_2_1"
"338","AGCTCAAAGACTTCGT-1_2_1"
"339","AGCTCAACATGAGGGT-1_2_1"
"340","AGCTCAAGTAATTGGA-1_2_1"
"341","AGCTTCCCAGAGGTAC-1_2_1"
"342","AGCTTCCGTTGCACGC-1_2_1"
"343","AGCTTCCTCAGTGGGA-1_2_1"
"344","AGGAAATTCTCCCTAG-1_2_1"
"345","AGGACGAAGTGTCATC-1_2_1"
"346","AGGACGAGTGATTGGG-1_2_1"
"347","AGGACGAGTTCAGGTT-1_2_1"
"348","AGGACGATCCACTGAA-1_2_1"
"349","AGGACGATCCGATTAG-1_2_1"
"350","AGGACGATCTGCGATA-1_2_1"
"351","AGGACTTAGTGCTAGG-1_2_1"
"352","AGGACTTCACCACTGG-1_2_1"
"353","AGGACTTCATGCGGTC-1_2_1"
"354","AGGACTTTCACTTATC-1_2_1"
"355","AGGACTTTCGGAAGGT-1_2_1"
"356","AGGAGGTAGACGCATG-1_2_1"
"357","AGGAGGTCAATTGAGA-1_2_1"
"358","AGGAGGTGTGATTCTG-1_2_1"
"359","AGGATAAAGGACGCTA-1_2_1"
"360","AGGATAACAGAAGCTG-1_2_1"
"361","AGGATAATCGAGAAAT-1_2_1"
"362","AGGATCTAGAGCATCG-1_2_1"
"363","AGGATCTAGCTGACTT-1_2_1"
"364","AGGATCTCACTTGTCC-1_2_1"
"365","AGGATCTCAGACATCT-1_2_1"
"366","AGGATCTCAGCGAACA-1_2_1"
"367","AGGCATTAGGATCATA-1_2_1"
"368","AGGCATTCATTATGCG-1_2_1"
"369","AGGCATTCATTGTAGC-1_2_1"
"370","AGGCATTTCCTTCTAA-1_2_1"
"371","AGGCCACGTACAGAAT-1_2_1"
"372","AGGCCACGTAGCTGTT-1_2_1"
"373","AGGCTGCAGCCTGTCG-1_2_1"
"374","AGGCTGCAGGGTGAAA-1_2_1"
"375","AGGCTGCCAGAGCGTA-1_2_1"
"376","AGGCTGCCAGGTTCAT-1_2_1"
"377","AGGCTGCGTAGACGGT-1_2_1"
"378","AGGCTGCGTGTCATGT-1_2_1"
"379","AGGCTGCTCAACTGGT-1_2_1"
"380","AGGGAGTAGTCTACCA-1_2_1"
"381","AGGGCCTGTCAGCTTA-1_2_1"
"382","AGGGCTCAGATGTTGA-1_2_1"
"383","AGGGCTCAGCCTGTGC-1_2_1"
"384","AGGGCTCCACTGGCGT-1_2_1"
"385","AGGGCTCCAGTTGTTG-1_2_1"
"386","AGGGCTCGTGGCGTAA-1_2_1"
"387","AGGGTCCCACCTCTGT-1_2_1"
"388","AGGGTCCGTGCGAACA-1_2_1"
"389","AGGGTCCGTGTATTGC-1_2_1"
"390","AGGGTGAAGTCGAAAT-1_2_1"
"391","AGGGTGAGTTGCCTAA-1_2_1"
"392","AGGGTTTTCTATCACT-1_2_1"
"393","AGGTAGGCAACCGTAT-1_2_1"
"394","AGGTAGGGTGAATATG-1_2_1"
"395","AGGTAGGGTTTCGACA-1_2_1"
"396","AGGTCATAGATGACCG-1_2_1"
"397","AGGTCATAGATTACCC-1_2_1"
"398","AGGTCATAGGTAAGAG-1_2_1"
"399","AGGTCATCATTGTACG-1_2_1"
"400","AGGTCTAGTACCTAAC-1_2_1"
"401","AGGTCTAGTCTGTGGC-1_2_1"
"402","AGGTTACGTTCCATTT-1_2_1"
"403","AGGTTGTAGAACGTGC-1_2_1"
"404","AGTAACCAGCCGAATG-1_2_1"
"405","AGTAACCAGTGAATAC-1_2_1"
"406","AGTAACCGTATCTTCT-1_2_1"
"407","AGTAACCGTTTGGAAA-1_2_1"
"408","AGTACCAGTATGGTTC-1_2_1"
"409","AGTACTGAGCGCTGCT-1_2_1"
"410","AGTACTGTCCGCCTAT-1_2_1"
"411","AGTAGCTAGTGTGTTC-1_2_1"
"412","AGTAGCTTCCATTTAC-1_2_1"
"413","AGTAGCTTCGGAGTGA-1_2_1"
"414","AGTAGTCCAAGTCGTT-1_2_1"
"415","AGTCAACCAAATAGCA-1_2_1"
"416","AGTCACAAGAACGTGC-1_2_1"
"417","AGTCACAGTATCGTAC-1_2_1"
"418","AGTCATGAGCGCTGAA-1_2_1"
"419","AGTCATGCAAGATGGC-1_2_1"
"420","AGTCATGCATGGCTAT-1_2_1"
"421","AGTCATGGTCTTCAAG-1_2_1"
"422","AGTCTCCCATCCCGTT-1_2_1"
"423","AGTGACTCAGCATCTA-1_2_1"
"424","AGTGATCAGCAGCAGT-1_2_1"
"425","AGTGATCAGGTAAAGG-1_2_1"
"426","AGTGATCCAAATAAGC-1_2_1"
"427","AGTGATCCACACACTA-1_2_1"
"428","AGTGATCTCCCTCGTA-1_2_1"
"429","AGTGCCGTCCCTCGTA-1_2_1"
"430","AGTGTTGAGCTGGTGA-1_2_1"
"431","AGTGTTGAGGTTCTAC-1_2_1"
"432","AGTGTTGCAACTGATC-1_2_1"
"433","AGTGTTGGTAAGTCAA-1_2_1"
"434","AGTGTTGGTAGGAGTC-1_2_1"
"435","AGTGTTGGTGGTCCCA-1_2_1"
"436","AGTGTTGTCATGAAAG-1_2_1"
"437","AGTGTTGTCCAAATGC-1_2_1"
"438","AGTTAGCAGCGGGTAT-1_2_1"
"439","AGTTAGCCACTTTAGG-1_2_1"
"440","AGTTCCCCACAAAGCG-1_2_1"
"441","AGTTCCCGTCAACACT-1_2_1"
"442","AGTTCCCGTCATGACT-1_2_1"
"443","AGTTCCCGTTCTTGTT-1_2_1"
"444","AGTTCCCTCGGTAGGA-1_2_1"
"445","AGTTCGAAGCTCTGTA-1_2_1"
"446","AGTTCGACACTTGTGA-1_2_1"
"447","AGTTCGACATGACCCG-1_2_1"
"448","AGTTCGATCCATAGGT-1_2_1"
"449","ATACCGAAGATTGCGG-1_2_1"
"450","ATACCGAGTGGAACCA-1_2_1"
"451","ATACCGATCTGGAAGG-1_2_1"
"452","ATACCTTAGGCTAACG-1_2_1"
"453","ATACCTTCACCCGTAG-1_2_1"
"454","ATACCTTGTGACTGAG-1_2_1"
"455","ATACCTTGTTCTCACC-1_2_1"
"456","ATACTTCTCAACCTCC-1_2_1"
"457","ATACTTCTCTCTCGCA-1_2_1"
"458","ATAGACCAGCAATTAG-1_2_1"
"459","ATAGACCCAGAAACCG-1_2_1"
"460","ATAGACCGTAAGCAAT-1_2_1"
"461","ATAGAGACACCGCTAG-1_2_1"
"462","ATAGAGAGTCTGTCAA-1_2_1"
"463","ATAGGCTAGGGTTGCA-1_2_1"
"464","ATAGGCTTCCATATGG-1_2_1"
"465","ATAGGCTTCCTCAGAA-1_2_1"
"466","ATAGGCTTCCTTTGAT-1_2_1"
"467","ATATCCTAGGGTTTCT-1_2_1"
"468","ATATCCTAGTGGTTGG-1_2_1"
"469","ATCACAGAGCGAGAAA-1_2_1"
"470","ATCACAGAGCGCTGCT-1_2_1"
"471","ATCACAGCAAGACAAT-1_2_1"
"472","ATCACAGGTAGCACAG-1_2_1"
"473","ATCACAGGTCGCGTCA-1_2_1"
"474","ATCACAGTCATTTCCA-1_2_1"
"475","ATCACGAGTGGCCCAT-1_2_1"
"476","ATCACGATCAGTGGGA-1_2_1"
"477","ATCACTTAGGATTTAG-1_2_1"
"478","ATCACTTCAAATACAG-1_2_1"
"479","ATCACTTCAAATGCTC-1_2_1"
"480","ATCACTTCAGACCATT-1_2_1"
"481","ATCACTTTCACCACAA-1_2_1"
"482","ATCACTTTCGCTAAAC-1_2_1"
"483","ATCAGGTCATCGGCCA-1_2_1"
"484","ATCAGGTGTCAAAGTA-1_2_1"
"485","ATCAGGTGTTTGAAAG-1_2_1"
"486","ATCAGGTTCGGTAAGG-1_2_1"
"487","ATCAGGTTCTCCTACG-1_2_1"
"488","ATCATTCAGTGGTTAA-1_2_1"
"489","ATCATTCCAACACAGG-1_2_1"
"490","ATCATTCGTACATACC-1_2_1"
"491","ATCCACCAGCTCGCAC-1_2_1"
"492","ATCCACCCAGCAGAAC-1_2_1"
"493","ATCCATTAGGAACATT-1_2_1"
"494","ATCCATTCAAGGATGC-1_2_1"
"495","ATCCATTCAGCCTTCT-1_2_1"
"496","ATCCATTGTGCCCGTA-1_2_1"
"497","ATCCCTGGTATCTCTT-1_2_1"
"498","ATCCCTGGTCAGATTC-1_2_1"
"499","ATCGATGCACAATCTG-1_2_1"
"500","ATCGATGCACAGTCCG-1_2_1"
"501","ATCGATGCAGAAACCG-1_2_1"
"502","ATCGATGGTCACGTGC-1_2_1"
"503","ATCGCCTGTAGATCGG-1_2_1"
"504","ATCGCCTTCTCTCAAT-1_2_1"
"505","ATCGGATCATCCCACT-1_2_1"
"506","ATCGGCGCATTCATCT-1_2_1"
"507","ATCGGCGGTTCCCACT-1_2_1"
"508","ATCGTAGAGAGTCAAT-1_2_1"
"509","ATCGTAGAGGAGTCTG-1_2_1"
"510","ATCGTAGCACCTGCGA-1_2_1"
"511","ATCGTAGCAGGTACGA-1_2_1"
"512","ATCGTAGTCCTTATCA-1_2_1"
"513","ATCGTAGTCGAACCAT-1_2_1"
"514","ATCGTAGTCGTGGCTG-1_2_1"
"515","ATCGTCCAGCCTCTGG-1_2_1"
"516","ATCGTCCGTCTAACGT-1_2_1"
"517","ATCGTCCTCATGAGAA-1_2_1"
"518","ATCGTGAAGCATCAGG-1_2_1"
"519","ATCGTGAGTGATGGCA-1_2_1"
"520","ATCTCTAAGACATGCG-1_2_1"
"521","ATCTCTACAGGGCTTC-1_2_1"
"522","ATCTCTATCTTGGCTC-1_2_1"
"523","ATCTTCATCCGGCAGT-1_2_1"
"524","ATGAAAGAGAGCCTGA-1_2_1"
"525","ATGAAAGAGCTTAAGA-1_2_1"
"526","ATGAAAGCACTCTCGT-1_2_1"
"527","ATGAAAGTCAATCGGT-1_2_1"
"528","ATGACCACAGTCGGAA-1_2_1"
"529","ATGAGGGCAGGAGGAG-1_2_1"
"530","ATGAGGGGTGTGTGTT-1_2_1"
"531","ATGAGGGGTGTTAACC-1_2_1"
"532","ATGAGGGGTTAGGCTT-1_2_1"
"533","ATGATCGCACAATCTG-1_2_1"
"534","ATGATCGGTCCGACGT-1_2_1"
"535","ATGCATGAGTGTTCAC-1_2_1"
"536","ATGCATGCATGGAATA-1_2_1"
"537","ATGCCTCAGCTCGACC-1_2_1"
"538","ATGCCTCAGTATGTAG-1_2_1"
"539","ATGCCTCCAACTCGTA-1_2_1"
"540","ATGCCTCGTGATGGCA-1_2_1"
"541","ATGCCTCTCGATACTG-1_2_1"
"542","ATGCGATCATTGCCTC-1_2_1"
"543","ATGCGATTCCGACAGC-1_2_1"
"544","ATGGAGGCAGACGATG-1_2_1"
"545","ATGGAGGCATGAGTAA-1_2_1"
"546","ATGGGAGAGGAAAGAC-1_2_1"
"547","ATGGGAGCAATGGCAG-1_2_1"
"548","ATGGGTTAGACCTTTG-1_2_1"
"549","ATGGGTTAGGATATGT-1_2_1"
"550","ATGGGTTCACGTTCGG-1_2_1"
"551","ATGGGTTTCCAGCAAT-1_2_1"
"552","ATGGGTTTCCTTCTTC-1_2_1"
"553","ATGGGTTTCTCTATAC-1_2_1"
"554","ATGTCCCAGTGCGACA-1_2_1"
"555","ATGTCCCCAGAGGGTT-1_2_1"
"556","ATGTCCCCAGTTTCGA-1_2_1"
"557","ATGTCCCCATCGCCTT-1_2_1"
"558","ATTACCTCACCCTGTT-1_2_1"
"559","ATTACCTTCAACGTGT-1_2_1"
"560","ATTACCTTCGTGACTA-1_2_1"
"561","ATTACTCAGGAATCGC-1_2_1"
"562","ATTACTCAGGCTTAGG-1_2_1"
"563","ATTCACTCACGACGCT-1_2_1"
"564","ATTCACTGTACCCGAC-1_2_1"
"565","ATTCACTGTCACTCTC-1_2_1"
"566","ATTCACTGTGGGACAT-1_2_1"
"567","ATTCACTTCGACACCG-1_2_1"
"568","ATTCAGGAGGAGCTGT-1_2_1"
"569","ATTCATCAGCATCTTG-1_2_1"
"570","ATTCATCAGCCGAACA-1_2_1"
"571","ATTCATCAGTCTCGTA-1_2_1"
"572","ATTCATCGTTGGGTAG-1_2_1"
"573","ATTCATCGTTTACCTT-1_2_1"
"574","ATTCCATCAGAGGCAT-1_2_1"
"575","ATTCCATCAGGTAGTG-1_2_1"
"576","ATTCCATCATGGCACC-1_2_1"
"577","ATTCCATGTGAGTAGC-1_2_1"
"578","ATTCCCGAGCGCAATG-1_2_1"
"579","ATTCCCGCACGCTGCA-1_2_1"
"580","ATTCCCGGTCTCAAGT-1_2_1"
"581","ATTCCTAGTGAGTTGG-1_2_1"
"582","ATTCGTTCAAGTGGTG-1_2_1"
"583","ATTCTACAGAAACACT-1_2_1"
"584","ATTCTACCAAACACGG-1_2_1"
"585","ATTCTACCAACTACGT-1_2_1"
"586","ATTCTACCATTGTCGA-1_2_1"
"587","ATTCTACGTCTAATCG-1_2_1"
"588","ATTCTACGTGGTAACG-1_2_1"
"589","ATTCTACGTTGCGAAG-1_2_1"
"590","ATTCTACTCGAGCCTG-1_2_1"
"591","ATTCTACTCGGATACT-1_2_1"
"592","ATTCTTGAGAACTGAT-1_2_1"
"593","ATTCTTGAGAGCAAGA-1_2_1"
"594","ATTCTTGAGAGTGGCT-1_2_1"
"595","ATTCTTGCACAACGTT-1_2_1"
"596","ATTCTTGGTGTTAAAG-1_2_1"
"597","ATTGGGTAGATGCTAA-1_2_1"
"598","ATTGGGTCATCTCGTC-1_2_1"
"599","ATTGTTCTCCAGTACA-1_2_1"
"600","ATTGTTCTCGCCACTT-1_2_1"
"601","ATTTACCAGAGGGTGG-1_2_1"
"602","ATTTACCCATGACGAG-1_2_1"
"603","ATTTACCCATGACGTT-1_2_1"
"604","ATTTCACAGTGAGTTA-1_2_1"
"605","ATTTCACGTTATGACC-1_2_1"
"606","ATTTCACGTTGAGAGC-1_2_1"
"607","CAAAGAAAGAGGATGA-1_2_1"
"608","CAAAGAAAGTTCAACC-1_2_1"
"609","CAAAGAAGTCAGACGA-1_2_1"
"610","CAAAGAAGTGTTAAAG-1_2_1"
"611","CAACAGTAGCCGATAG-1_2_1"
"612","CAACAGTAGCCGTCGT-1_2_1"
"613","CAACAGTGTCAGTCCG-1_2_1"
"614","CAACAGTGTGACACGA-1_2_1"
"615","CAACAGTTCAGTGGGA-1_2_1"
"616","CAACAGTTCGTCAACA-1_2_1"
"617","CAACCAAAGCATGCAG-1_2_1"
"618","CAACCAAAGTGCAAAT-1_2_1"
"619","CAACCAAGTCCCTAAA-1_2_1"
"620","CAACCAATCCATCCGT-1_2_1"
"621","CAACCAATCGTAGTGT-1_2_1"
"622","CAACCTCAGCACTTTG-1_2_1"
"623","CAACCTCAGCGTGAAC-1_2_1"
"624","CAACCTCCAACCACGC-1_2_1"
"625","CAACCTCCAATCTCGA-1_2_1"
"626","CAACCTCCATGACCCG-1_2_1"
"627","CAACGATCACCAAATC-1_2_1"
"628","CAACGATCACTGAGTT-1_2_1"
"629","CAACGATGTCCTGTTC-1_2_1"
"630","CAACGGCGTAGGCAAC-1_2_1"
"631","CAAGACTAGCCATTTG-1_2_1"
"632","CAAGACTAGTCATGAA-1_2_1"
"633","CAAGACTAGTTAACGA-1_2_1"
"634","CAAGACTTCATTATCC-1_2_1"
"635","CAAGAGGCAAGGGCAT-1_2_1"
"636","CAAGAGGGTGTCCAAT-1_2_1"
"637","CAAGCTACATCACAGT-1_2_1"
"638","CAAGCTAGTATGAGCG-1_2_1"
"639","CAAGCTAGTCGTGCCA-1_2_1"
"640","CAAGGGAAGATTAGTG-1_2_1"
"641","CAAGGGAGTGCGAACA-1_2_1"
"642","CAATACGAGAGGGCGA-1_2_1"
"643","CAATACGCAGGTTCCG-1_2_1"
"644","CAATACGGTGTGTCGC-1_2_1"
"645","CAATACGGTTCAACGT-1_2_1"
"646","CAATCGAAGATGCAGC-1_2_1"
"647","CAATCGACATCAGTGT-1_2_1"
"648","CAATCGATCAAGAGGC-1_2_1"
"649","CAATCGATCGCTCTAC-1_2_1"
"650","CAATTTCCACGGGCTT-1_2_1"
"651","CACAACAGTAACCCTA-1_2_1"
"652","CACACAAAGGAATCGC-1_2_1"
"653","CACACAACACCAGCCA-1_2_1"
"654","CACACAACAGACAAGC-1_2_1"
"655","CACACAACAGCCGTTG-1_2_1"
"656","CACACAACAGGTTACT-1_2_1"
"657","CACACAACATATGCGT-1_2_1"
"658","CACACAAGTTGGAGAC-1_2_1"
"659","CACACAATCCTATGGA-1_2_1"
"660","CACACAATCGTTCCCA-1_2_1"
"661","CACACAATCTTCGACC-1_2_1"
"662","CACAGATAGACATACA-1_2_1"
"663","CACAGATCAAGATGTA-1_2_1"
"664","CACAGATCATAGAGGC-1_2_1"
"665","CACAGATGTAACACGG-1_2_1"
"666","CACAGATGTGGTCTAT-1_2_1"
"667","CACAGGCAGAGAGCGG-1_2_1"
"668","CACAGGCAGGTCGCCT-1_2_1"
"669","CACAGGCTCTGTCGTC-1_2_1"
"670","CACATGAAGCTCGCAC-1_2_1"
"671","CACATGAAGGACCCAA-1_2_1"
"672","CACCAAACAGTTACCA-1_2_1"
"673","CACCAAAGTAGCTCGC-1_2_1"
"674","CACCGTTAGGCTAACG-1_2_1"
"675","CACCGTTGTAGTGGCA-1_2_1"
"676","CACCGTTGTTATTCTC-1_2_1"
"677","CACCGTTTCTTCGGAA-1_2_1"
"678","CACGAATAGCATCTTG-1_2_1"
"679","CACGAATCACACGCCA-1_2_1"
"680","CACGAATCACGGTGAA-1_2_1"
"681","CACGAATGTACTGCGC-1_2_1"
"682","CACGAATGTCCACAGC-1_2_1"
"683","CACGAATGTCCTCATC-1_2_1"
"684","CACGAATGTGTTCGTA-1_2_1"
"685","CACGGGTAGAGAGCCT-1_2_1"
"686","CACGGGTAGCCGCTTG-1_2_1"
"687","CACGGGTAGCTTAAGA-1_2_1"
"688","CACGTGGAGCTAGATA-1_2_1"
"689","CACGTGGCACTTGGCG-1_2_1"
"690","CACGTGGGTACTCAAC-1_2_1"
"691","CACGTGGGTGAGATTA-1_2_1"
"692","CACGTTCTCCAGTACA-1_2_1"
"693","CACGTTCTCCTGTTGC-1_2_1"
"694","CACGTTCTCGCTGCGA-1_2_1"
"695","CACTAAGCAGTCGGAA-1_2_1"
"696","CACTGAAAGCTACGTT-1_2_1"
"697","CACTGGGAGCACGATG-1_2_1"
"698","CACTGGGGTCCTACGG-1_2_1"
"699","CACTGTCTCCGCACGA-1_2_1"
"700","CACTTCGCACGCGTGT-1_2_1"
"701","CACTTCGTCAAGTCGT-1_2_1"
"702","CAGAGCCAGATGAAGG-1_2_1"
"703","CAGATACAGAACAAGG-1_2_1"
"704","CAGATACAGGATGGCT-1_2_1"
"705","CAGATACTCGCCATAA-1_2_1"
"706","CAGATCACAGAGATGC-1_2_1"
"707","CAGATCACAGATCCTA-1_2_1"
"708","CAGATCAGTGGTTTAC-1_2_1"
"709","CAGATCATCAGCAGAG-1_2_1"
"710","CAGATTGGTGAACTAA-1_2_1"
"711","CAGATTGTCCAAGGGA-1_2_1"
"712","CAGATTGTCGGACCAC-1_2_1"
"713","CAGCAATGTTATCCAG-1_2_1"
"714","CAGCACGCAAGTATAG-1_2_1"
"715","CAGCACGCAGATTTCG-1_2_1"
"716","CAGCACGGTGACAGGT-1_2_1"
"717","CAGCAGCAGGCATCAG-1_2_1"
"718","CAGCAGCCAACACGTT-1_2_1"
"719","CAGCAGCGTTGAAGTA-1_2_1"
"720","CAGCCAGAGACATATG-1_2_1"
"721","CAGCCAGAGCAACAGC-1_2_1"
"722","CAGCCAGAGTAGCATA-1_2_1"
"723","CAGCCAGAGTGCACAG-1_2_1"
"724","CAGCCAGCAACTACGT-1_2_1"
"725","CAGCGTGCAAAGCGTG-1_2_1"
"726","CAGCGTGGTCACTTAG-1_2_1"
"727","CAGGCCAAGCGCAATG-1_2_1"
"728","CAGGCCACACGACAAG-1_2_1"
"729","CAGGGCTGTAGCTGAG-1_2_1"
"730","CAGGGCTGTTCTATCT-1_2_1"
"731","CAGGTATAGTCCCAGC-1_2_1"
"732","CAGTGCGAGTCCTACA-1_2_1"
"733","CAGTGCGAGTCGGGAT-1_2_1"
"734","CAGTGCGGTGAAAGTT-1_2_1"
"735","CAGTGCGGTGGAAGTC-1_2_1"
"736","CAGTTAGCAATCGCAT-1_2_1"
"737","CAGTTAGTCATGGTAC-1_2_1"
"738","CAGTTCCGTATCATGC-1_2_1"
"739","CAGTTCCTCACGGGAA-1_2_1"
"740","CAGTTCCTCCTCTAAT-1_2_1"
"741","CATAAGCAGACGGTTG-1_2_1"
"742","CATAAGCAGAGTGACC-1_2_1"
"743","CATAAGCAGCGAAACC-1_2_1"
"744","CATAAGCGTATCCCTC-1_2_1"
"745","CATAAGCGTCCCTCAT-1_2_1"
"746","CATACAGAGAGTCAAT-1_2_1"
"747","CATACAGCACCTGATA-1_2_1"
"748","CATACAGGTCAATGGG-1_2_1"
"749","CATACTTCAATACAGA-1_2_1"
"750","CATACTTCAGAAGCTG-1_2_1"
"751","CATACTTTCAGAGCGA-1_2_1"
"752","CATACTTTCGCCTTTG-1_2_1"
"753","CATACTTTCTATACTC-1_2_1"
"754","CATAGACAGTACAGCG-1_2_1"
"755","CATAGACGTCGTATGT-1_2_1"
"756","CATAGACGTTGCTGAT-1_2_1"
"757","CATCAAGCAGTGGTGA-1_2_1"
"758","CATCAAGTCATCTATC-1_2_1"
"759","CATCCACAGTCAGCCC-1_2_1"
"760","CATCCACGTCGGCCTA-1_2_1"
"761","CATCCGTCAGGTTCGC-1_2_1"
"762","CATCCGTCAGTCCGTG-1_2_1"
"763","CATCCGTCATCACCAA-1_2_1"
"764","CATCCGTGTTACCTGA-1_2_1"
"765","CATCCGTTCACCGCTT-1_2_1"
"766","CATCCGTTCGAGGCAA-1_2_1"
"767","CATCGCTAGGGATCAC-1_2_1"
"768","CATCGGGAGGAGAGGC-1_2_1"
"769","CATCGGGCAACGTAAA-1_2_1"
"770","CATCGGGCATCATCCC-1_2_1"
"771","CATCGGGTCAAGCTGT-1_2_1"
"772","CATCGTCAGATCCTAC-1_2_1"
"773","CATCGTCCAGTCTTCC-1_2_1"
"774","CATCGTCGTAGGCAGT-1_2_1"
"775","CATGAGTCATGACTGT-1_2_1"
"776","CATGCAAAGGTCACCC-1_2_1"
"777","CATGCAAGTCAACGCC-1_2_1"
"778","CATGCAAGTGCAAGAC-1_2_1"
"779","CATGCAATCCCTGGTT-1_2_1"
"780","CATGCCTAGGCTCAAG-1_2_1"
"781","CATGCCTCAAATGGTA-1_2_1"
"782","CATGCCTGTGGAACCA-1_2_1"
"783","CATGCGGAGTAGTCTC-1_2_1"
"784","CATGCGGGTAAGATAC-1_2_1"
"785","CATGCGGGTAGATGTA-1_2_1"
"786","CATGCGGGTTTGGGAG-1_2_1"
"787","CATGCGGTCTACTATC-1_2_1"
"788","CATGCTCAGAGCGACT-1_2_1"
"789","CATGCTCAGCAACCAG-1_2_1"
"790","CATGCTCGTGCAAGAC-1_2_1"
"791","CATGCTCTCCAAGCAT-1_2_1"
"792","CATGGATAGTGATAGT-1_2_1"
"793","CATGGATCAGGTGAGT-1_2_1"
"794","CATGGTACAAGGTACG-1_2_1"
"795","CATGGTATCCGATGTA-1_2_1"
"796","CATTCATCAGAAGCTG-1_2_1"
"797","CATTCATCAGATTTCG-1_2_1"
"798","CATTCCGCAGTAGAGC-1_2_1"
"799","CATTCTAGTCAACACT-1_2_1"
"800","CATTCTATCCCTGTTG-1_2_1"
"801","CATTGAGCAGCTCCTT-1_2_1"
"802","CATTGAGTCTACCCAC-1_2_1"
"803","CATTGCCCAAGGCGTA-1_2_1"
"804","CATTGCCGTAACATCC-1_2_1"
"805","CATTGTTCACATTACG-1_2_1"
"806","CATTGTTTCAAAGGAT-1_2_1"
"807","CATTGTTTCGAACGCC-1_2_1"
"808","CATTGTTTCTCGCTCA-1_2_1"
"809","CATTTCAGTGCCCTTT-1_2_1"
"810","CCAAGCGAGCTCGTGC-1_2_1"
"811","CCAAGCGAGTCTGTAC-1_2_1"
"812","CCAAGCGCAGCAAGAC-1_2_1"
"813","CCAAGCGCATGTCAGT-1_2_1"
"814","CCAAGCGTCGGCTGGT-1_2_1"
"815","CCAATGAGTCGTGCCA-1_2_1"
"816","CCAATGATCTCGTGAA-1_2_1"
"817","CCAATTTAGACCTGGA-1_2_1"
"818","CCAATTTAGCACTCGC-1_2_1"
"819","CCAATTTCAGGAGACT-1_2_1"
"820","CCAATTTGTTGGAGGT-1_2_1"
"821","CCACAAAAGAGCCGAT-1_2_1"
"822","CCACAAAGTCCTGTTC-1_2_1"
"823","CCACAAATCGATTGGT-1_2_1"
"824","CCACACTAGTCCCAAT-1_2_1"
"825","CCACACTGTCGCTCGA-1_2_1"
"826","CCACACTTCAGCGCAC-1_2_1"
"827","CCACCATAGGACGGAG-1_2_1"
"828","CCACCATTCCCAAGCG-1_2_1"
"829","CCACGAGAGGCTCACC-1_2_1"
"830","CCACGAGAGGGAGATA-1_2_1"
"831","CCACGAGAGGGCTAAC-1_2_1"
"832","CCACGAGGTGAATGTA-1_2_1"
"833","CCACGAGTCGCTCTAC-1_2_1"
"834","CCACGAGTCGGCACTG-1_2_1"
"835","CCACGTTAGAAATGGG-1_2_1"
"836","CCACGTTGTCCGTTTC-1_2_1"
"837","CCACGTTTCCAGCACG-1_2_1"
"838","CCACTTGGTTCGTTCC-1_2_1"
"839","CCACTTGTCCAAACCA-1_2_1"
"840","CCATAAGAGCCATATC-1_2_1"
"841","CCATAAGCAAGACTGG-1_2_1"
"842","CCATAAGTCCGTGCGA-1_2_1"
"843","CCATCACGTAGGATAT-1_2_1"
"844","CCATCACGTCATATGC-1_2_1"
"845","CCATCACTCTAGATCG-1_2_1"
"846","CCCAACTGTACCTAGT-1_2_1"
"847","CCCAACTGTATACGGG-1_2_1"
"848","CCCAACTGTCTCAGGC-1_2_1"
"849","CCCAACTTCGCAGATT-1_2_1"
"850","CCCATTGGTTTGGAGG-1_2_1"
"851","CCCATTGTCCCGAGTG-1_2_1"
"852","CCCGAAGCAACCGTAT-1_2_1"
"853","CCCGAAGCATTAAAGG-1_2_1"
"854","CCCGAAGGTAACAAGT-1_2_1"
"855","CCCGAAGGTTTCCCAC-1_2_1"
"856","CCCGGAATCGCCGAGT-1_2_1"
"857","CCCTAACAGAAGCTGC-1_2_1"
"858","CCCTAACTCGAGTGGA-1_2_1"
"859","CCCTCAAAGGTACTGG-1_2_1"
"860","CCCTCAAAGGTTGCCC-1_2_1"
"861","CCCTCAAGTCCCTAAA-1_2_1"
"862","CCCTCTCAGCGTTCCG-1_2_1"
"863","CCCTCTCAGTAGTGCG-1_2_1"
"864","CCCTCTCGTTCCGGTG-1_2_1"
"865","CCCTGATAGTCCCAAT-1_2_1"
"866","CCCTGATCAATAAGGT-1_2_1"
"867","CCCTGATCACGTACTA-1_2_1"
"868","CCCTGATTCATGAAAG-1_2_1"
"869","CCCTTAGAGGTCGTAG-1_2_1"
"870","CCCTTAGCAATGTCTG-1_2_1"
"871","CCGAACGAGCCTAGGA-1_2_1"
"872","CCGAACGAGTCTTCGA-1_2_1"
"873","CCGAACGGTAACGATA-1_2_1"
"874","CCGAACGGTATGAGGC-1_2_1"
"875","CCGATCTAGCTAGCCC-1_2_1"
"876","CCGATCTAGGATGGCT-1_2_1"
"877","CCGATCTCATGACACT-1_2_1"
"878","CCGATCTGTGAGCCAA-1_2_1"
"879","CCGATCTTCTCGTCAC-1_2_1"
"880","CCGATGGCAGCTCATA-1_2_1"
"881","CCGATGGGTGGGCTCT-1_2_1"
"882","CCGATGGGTTGCATAC-1_2_1"
"883","CCGCAAGAGTGTGTTC-1_2_1"
"884","CCGCAAGTCCTATTGT-1_2_1"
"885","CCGCAAGTCCTTTAGT-1_2_1"
"886","CCGGACAAGACAACTA-1_2_1"
"887","CCGGACACAAGCCTGC-1_2_1"
"888","CCGGACAGTCAGCTTA-1_2_1"
"889","CCGGGTACATGGGCAA-1_2_1"
"890","CCGGGTAGTCTTGAAC-1_2_1"
"891","CCGGGTAGTGGAAATT-1_2_1"
"892","CCGGTAGCACTGCTTC-1_2_1"
"893","CCGGTAGGTGGGACAT-1_2_1"
"894","CCGGTGAAGGCGCTCT-1_2_1"
"895","CCGTAGGAGCTTCTAG-1_2_1"
"896","CCGTAGGGTAACTTCG-1_2_1"
"897","CCGTGAGAGTGCTCAT-1_2_1"
"898","CCGTGAGGTTAGAGTA-1_2_1"
"899","CCGTTCACAACAGATA-1_2_1"
"900","CCGTTCACAGGCAATG-1_2_1"
"901","CCGTTCATCTGGACCG-1_2_1"
"902","CCTAACCCACCTGCTT-1_2_1"
"903","CCTAACCGTACAAGTA-1_2_1"
"904","CCTAACCGTGTGTGGA-1_2_1"
"905","CCTAAGACATAGTCGT-1_2_1"
"906","CCTAAGAGTTAAACCC-1_2_1"
"907","CCTACGTAGTATTGCC-1_2_1"
"908","CCTACGTTCATGAGGG-1_2_1"
"909","CCTACGTTCGCCGAAC-1_2_1"
"910","CCTATCGCAACGTAAA-1_2_1"
"911","CCTATCGGTCCTTTGC-1_2_1"
"912","CCTCAACCAAATGATG-1_2_1"
"913","CCTCAACCACTACTTT-1_2_1"
"914","CCTCAACTCTGCGAGC-1_2_1"
"915","CCTCACAAGGATCATA-1_2_1"
"916","CCTCAGTAGAAACCAT-1_2_1"
"917","CCTCAGTAGACTGAGC-1_2_1"
"918","CCTCAGTAGGCACTAG-1_2_1"
"919","CCTCAGTCACGTCGGT-1_2_1"
"920","CCTCAGTGTAATTGGA-1_2_1"
"921","CCTCATGAGCTACAAA-1_2_1"
"922","CCTCATGAGTCATTGC-1_2_1"
"923","CCTCATGGTCTGCGCA-1_2_1"
"924","CCTCCAAAGAAACTCA-1_2_1"
"925","CCTCCAAAGTCTTGGT-1_2_1"
"926","CCTCCAATCTTCGTAT-1_2_1"
"927","CCTCCTCAGAAAGTCT-1_2_1"
"928","CCTCCTCAGAAGCCTG-1_2_1"
"929","CCTCTAGAGTGCAGGT-1_2_1"
"930","CCTCTAGCACGCGCAT-1_2_1"
"931","CCTCTAGCAGTCGAGA-1_2_1"
"932","CCTCTAGTCCCAAGTA-1_2_1"
"933","CCTCTAGTCTCCGATC-1_2_1"
"934","CCTCTCCAGTTGGACG-1_2_1"
"935","CCTCTCCTCTTGTGCC-1_2_1"
"936","CCTGCATAGGATACGC-1_2_1"
"937","CCTGCATTCTTGCGCT-1_2_1"
"938","CCTGTTGCACTAGAGG-1_2_1"
"939","CCTGTTGCATGTACGT-1_2_1"
"940","CCTGTTGTCTCTAGGA-1_2_1"
"941","CCTTCAGAGTGACCTT-1_2_1"
"942","CCTTCAGCACGTCGGT-1_2_1"
"943","CCTTCAGTCACTTATC-1_2_1"
"944","CCTTTGGCAGCTATAC-1_2_1"
"945","CCTTTGGGTGGTCCGT-1_2_1"
"946","CGAAGGAAGCGGTAGT-1_2_1"
"947","CGAAGGACAACCGACC-1_2_1"
"948","CGAAGGAGTCCGAAGA-1_2_1"
"949","CGAAGTTAGTCCCTAA-1_2_1"
"950","CGAAGTTGTAAGTAGT-1_2_1"
"951","CGAATTGCAAGGCGTA-1_2_1"
"952","CGAATTGCACAAGCCC-1_2_1"
"953","CGACAGCAGACATATG-1_2_1"
"954","CGACAGCCACAAGCTT-1_2_1"
"955","CGACAGCCATGGAAGC-1_2_1"
"956","CGACAGCGTCTAGGCC-1_2_1"
"957","CGACAGCTCGTAGTCA-1_2_1"
"958","CGAGAAGAGTAGGCCA-1_2_1"
"959","CGAGAAGGTCGGAAAC-1_2_1"
"960","CGAGGAAAGCCTATTG-1_2_1"
"961","CGAGGAACACCCTAAA-1_2_1"
"962","CGAGGAAGTGACTGTT-1_2_1"
"963","CGAGGCTCAAGCTCTA-1_2_1"
"964","CGAGGCTCACAAAGCG-1_2_1"
"965","CGAGGCTCACTTACAG-1_2_1"
"966","CGAGGCTTCTGCCCTA-1_2_1"
"967","CGAGTTAAGTTGTACC-1_2_1"
"968","CGAGTTACAACTGCTA-1_2_1"
"969","CGAGTTACAGTTGGTT-1_2_1"
"970","CGATCGGGTTGTGCCG-1_2_1"
"971","CGATCGGTCGCGGTAC-1_2_1"
"972","CGATCGGTCTGTCAGA-1_2_1"
"973","CGATGCGCAAGCGAGT-1_2_1"
"974","CGATGCGCAAGTGACG-1_2_1"
"975","CGATGCGCAATTGAGA-1_2_1"
"976","CGATGCGCATCCGAAT-1_2_1"
"977","CGATGGCAGACAACTA-1_2_1"
"978","CGCAGGTCACTACCCT-1_2_1"
"979","CGCAGGTTCAAACGTC-1_2_1"
"980","CGCAGGTTCGTTCCTG-1_2_1"
"981","CGCATAAAGCGTCAAG-1_2_1"
"982","CGCATGGAGTAGTCAA-1_2_1"
"983","CGCATGGCAAGGCAAC-1_2_1"
"984","CGCATGGGTGTGGTCC-1_2_1"
"985","CGCATGGTCGTCAGAT-1_2_1"
"986","CGCCAGATCACGGTCG-1_2_1"
"987","CGCCATTAGCTAGATA-1_2_1"
"988","CGCCATTCATAGCTGT-1_2_1"
"989","CGCCATTTCCTACCAC-1_2_1"
"990","CGCCATTTCTTACCAT-1_2_1"
"991","CGCGTGAAGAAACCAT-1_2_1"
"992","CGCGTGAAGAAGTCTA-1_2_1"
"993","CGCGTGAAGATCCCAT-1_2_1"
"994","CGCGTGAAGCCTCGTG-1_2_1"
"995","CGCGTGACATGGGCAA-1_2_1"
"996","CGCGTGATCATGCAGT-1_2_1"
"997","CGGAACCAGTGGTGAC-1_2_1"
"998","CGGAACCCATGACGGA-1_2_1"
"999","CGGAGAAAGATACCAA-1_2_1"
"1000","CGGAGAACATGGGTCC-1_2_1"
"1001","CGGAGAAGTTTGACAC-1_2_1"
"1002","CGGCAGTAGTCATGCT-1_2_1"
"1003","CGGCAGTCAACCCTAA-1_2_1"
"1004","CGGCAGTCAACCGTAT-1_2_1"
"1005","CGGCAGTCATCTGTTT-1_2_1"
"1006","CGGCAGTGTCCATAGT-1_2_1"
"1007","CGGGACTCAAACTCGT-1_2_1"
"1008","CGGGACTCAACACGAG-1_2_1"
"1009","CGGGACTCAATGCAAA-1_2_1"
"1010","CGGGACTGTATAATGG-1_2_1"
"1011","CGGGACTTCCATCTCG-1_2_1"
"1012","CGGGCATCAGCTGTGC-1_2_1"
"1013","CGGGCATGTCGTCTCT-1_2_1"
"1014","CGGGTCAAGCGAGTCA-1_2_1"
"1015","CGGGTCAAGGTTTACC-1_2_1"
"1016","CGGGTCACACGACAAG-1_2_1"
"1017","CGGGTCAGTGGCTAGA-1_2_1"
"1018","CGGGTCATCGTAACAC-1_2_1"
"1019","CGGGTGTAGCTGCCAC-1_2_1"
"1020","CGGGTGTAGTCATGGG-1_2_1"
"1021","CGGGTGTCAAACGAGC-1_2_1"
"1022","CGGGTGTGTAGAGATT-1_2_1"
"1023","CGGGTGTGTGGATTTC-1_2_1"
"1024","CGGGTGTGTGTAGGAC-1_2_1"
"1025","CGGGTGTGTTGGGTTT-1_2_1"
"1026","CGGGTGTTCGCGTGCA-1_2_1"
"1027","CGGTCAGCAATACCCA-1_2_1"
"1028","CGGTCAGGTATTCTCT-1_2_1"
"1029","CGGTCAGGTGGTCTTA-1_2_1"
"1030","CGGTCAGTCACTCGAA-1_2_1"
"1031","CGTAAGTAGGCTGTAG-1_2_1"
"1032","CGTAAGTAGTCACGAG-1_2_1"
"1033","CGTAAGTCAATCGCCG-1_2_1"
"1034","CGTAAGTGTCCCTGTT-1_2_1"
"1035","CGTAATGGTGAGGAAA-1_2_1"
"1036","CGTAATGTCTCATTGT-1_2_1"
"1037","CGTAATGTCTCGGCTT-1_2_1"
"1038","CGTAATGTCTGTTGGA-1_2_1"
"1039","CGTAGTAAGCTACTAC-1_2_1"
"1040","CGTAGTACAGGAACCA-1_2_1"
"1041","CGTAGTAGTATGCTTG-1_2_1"
"1042","CGTCAAAAGAGCATCG-1_2_1"
"1043","CGTCAAAAGATTGGGC-1_2_1"
"1044","CGTCAAAAGTACTCGT-1_2_1"
"1045","CGTCAAACAGTAACCT-1_2_1"
"1046","CGTCCATGTAAGTTAG-1_2_1"
"1047","CGTGAATAGACATGCG-1_2_1"
"1048","CGTGAATAGTTGGGAC-1_2_1"
"1049","CGTGAATCAATCACGT-1_2_1"
"1050","CGTGAATTCACTACTT-1_2_1"
"1051","CGTGATATCTCCACTG-1_2_1"
"1052","CGTGATATCTTAGTTC-1_2_1"
"1053","CGTGCTTCACTGTGAT-1_2_1"
"1054","CGTGCTTTCGTGCTCT-1_2_1"
"1055","CGTGCTTTCTGAGCAT-1_2_1"
"1056","CGTGTCTAGACCCGCT-1_2_1"
"1057","CGTGTCTTCACCTTGC-1_2_1"
"1058","CGTGTCTTCATGGCCG-1_2_1"
"1059","CGTTCTGAGACGGATC-1_2_1"
"1060","CGTTCTGCAGGATCTT-1_2_1"
"1061","CGTTGGGCAAGAGTAT-1_2_1"
"1062","CGTTGGGCACATATCG-1_2_1"
"1063","CTAACCCCACTCCGGA-1_2_1"
"1064","CTAACCCGTTGGAGAC-1_2_1"
"1065","CTAACTTTCTTCGTGC-1_2_1"
"1066","CTACAGAGTGGTTTAC-1_2_1"
"1067","CTACAGAGTTAGGCCC-1_2_1"
"1068","CTACATTAGAGTCTTC-1_2_1"
"1069","CTACATTCAGTACTAC-1_2_1"
"1070","CTACATTGTTCTGAGT-1_2_1"
"1071","CTACCTGGTGGCTGAA-1_2_1"
"1072","CTACCTGTCGCGCCAA-1_2_1"
"1073","CTACGGGAGAAAGCGA-1_2_1"
"1074","CTACGGGAGAAAGTCT-1_2_1"
"1075","CTACGGGCATGCTGCG-1_2_1"
"1076","CTACTATAGTCGAGGT-1_2_1"
"1077","CTAGACACAAAGTGTA-1_2_1"
"1078","CTAGGTAGTGCCGTAC-1_2_1"
"1079","CTATAGGAGACTTCAC-1_2_1"
"1080","CTATAGGAGGCACTAG-1_2_1"
"1081","CTATAGGCAGTCAGCC-1_2_1"
"1082","CTATAGGCATCCTGTC-1_2_1"
"1083","CTATAGGTCTCAATCT-1_2_1"
"1084","CTATCCGAGAGCCGTA-1_2_1"
"1085","CTATCCGCAAGTGGAC-1_2_1"
"1086","CTATCCGCAATCCTAG-1_2_1"
"1087","CTATCCGTCTCTATGT-1_2_1"
"1088","CTATCTACACTAACCA-1_2_1"
"1089","CTATCTACAGCAGACA-1_2_1"
"1090","CTATCTATCCACGAAT-1_2_1"
"1091","CTCAACCAGGCAGCTA-1_2_1"
"1092","CTCAACCGTAGTTAGA-1_2_1"
"1093","CTCAACCGTGAATATG-1_2_1"
"1094","CTCAACCTCAGACCGC-1_2_1"
"1095","CTCAAGAGTGCTTATG-1_2_1"
"1096","CTCAAGATCACCGGTG-1_2_1"
"1097","CTCAAGATCCATTTCA-1_2_1"
"1098","CTCAAGATCCGATAGT-1_2_1"
"1099","CTCAATTAGGAGTACC-1_2_1"
"1100","CTCAATTAGGCTTTCA-1_2_1"
"1101","CTCAATTAGTCACGCC-1_2_1"
"1102","CTCAATTCAAAGCTCT-1_2_1"
"1103","CTCAATTCAGCCATTA-1_2_1"
"1104","CTCAATTGTGATGGCA-1_2_1"
"1105","CTCACTGAGCTAAATG-1_2_1"
"1106","CTCAGAAAGAAACACT-1_2_1"
"1107","CTCAGAAAGCTGGTGA-1_2_1"
"1108","CTCAGAAAGGCTTAAA-1_2_1"
"1109","CTCAGAAGTTTACCAG-1_2_1"
"1110","CTCAGAATCCTTACCG-1_2_1"
"1111","CTCAGAATCGCCACTT-1_2_1"
"1112","CTCAGGGCAAGAAATC-1_2_1"
"1113","CTCAGGGGTCCTGGGT-1_2_1"
"1114","CTCAGGGGTTTAAGGA-1_2_1"
"1115","CTCAGTCCAACCACAT-1_2_1"
"1116","CTCAGTCTCAGCGCGT-1_2_1"
"1117","CTCATGCAGCTTCATG-1_2_1"
"1118","CTCATTAGTCCAGCAC-1_2_1"
"1119","CTCATTAGTGACACAG-1_2_1"
"1120","CTCCAACAGCATAGGC-1_2_1"
"1121","CTCCAACAGCCACAAG-1_2_1"
"1122","CTCCAACCAGTATGAA-1_2_1"
"1123","CTCCAACGTGGCTACC-1_2_1"
"1124","CTCCATGCAACACGTT-1_2_1"
"1125","CTCCCAATCAGATTGC-1_2_1"
"1126","CTCCCAATCAGCGCGT-1_2_1"
"1127","CTCCCAATCGCTAGCG-1_2_1"
"1128","CTCCCTCAGATCGCCC-1_2_1"
"1129","CTCCCTCGTGATGGCA-1_2_1"
"1130","CTCCCTCGTTCGGACC-1_2_1"
"1131","CTCCCTCTCGTTACCC-1_2_1"
"1132","CTCCGATAGGTGCTTT-1_2_1"
"1133","CTCCGATCAAGCTACT-1_2_1"
"1134","CTCCGATCATAATGCC-1_2_1"
"1135","CTCCGATGTTTGTTGG-1_2_1"
"1136","CTCCGATTCGCTGATA-1_2_1"
"1137","CTCCGATTCTTTGCTA-1_2_1"
"1138","CTCCTCCGTGTAAATG-1_2_1"
"1139","CTCCTTTTCAGTCACA-1_2_1"
"1140","CTCCTTTTCTTACGGA-1_2_1"
"1141","CTCGAGGAGGCCTAAG-1_2_1"
"1142","CTCGAGGCAAAGGATT-1_2_1"
"1143","CTCTCAGGTACGTGTT-1_2_1"
"1144","CTCTCAGGTAGATTGA-1_2_1"
"1145","CTCTCAGGTCCCGTGA-1_2_1"
"1146","CTCTCAGGTTTATGCG-1_2_1"
"1147","CTCTCGAAGGCCATAG-1_2_1"
"1148","CTCTCGACAACATCGT-1_2_1"
"1149","CTCTCGAGTTATCCAG-1_2_1"
"1150","CTCTCGAGTTTCTATC-1_2_1"
"1151","CTCTCGATCCATAGAC-1_2_1"
"1152","CTCTGGTTCTGTCCGT-1_2_1"
"1153","CTGAATGAGACGAAGA-1_2_1"
"1154","CTGAATGAGCGATGAC-1_2_1"
"1155","CTGAGCGCACGACAAG-1_2_1"
"1156","CTGAGCGTCATTGGTG-1_2_1"
"1157","CTGAGGCAGAGATTCA-1_2_1"
"1158","CTGAGGCAGTTTGTCG-1_2_1"
"1159","CTGAGGCCAACACAGG-1_2_1"
"1160","CTGAGGCCATGTGTCA-1_2_1"
"1161","CTGAGGCTCCCGGTAG-1_2_1"
"1162","CTGATCCGTCGCTTGG-1_2_1"
"1163","CTGATCCGTCGTGGAA-1_2_1"
"1164","CTGCAGGAGCGCCATC-1_2_1"
"1165","CTGCAGGCACGTCATA-1_2_1"
"1166","CTGCATCAGATGGTCG-1_2_1"
"1167","CTGCATCTCTGTTGGA-1_2_1"
"1168","CTGCCATAGCTCGTGC-1_2_1"
"1169","CTGCCATCACGACGAA-1_2_1"
"1170","CTGCCTACACCATAAC-1_2_1"
"1171","CTGCCTACAGTATGAA-1_2_1"
"1172","CTGCGAGAGCCTGACC-1_2_1"
"1173","CTGCGAGGTCCGGTGT-1_2_1"
"1174","CTGCGAGTCTCCAAGA-1_2_1"
"1175","CTGCTCACAAACACCT-1_2_1"
"1176","CTGCTCAGTTTGAAAG-1_2_1"
"1177","CTGGACGAGACAACTA-1_2_1"
"1178","CTGGACGAGGATAATC-1_2_1"
"1179","CTGGCAGAGACCAACG-1_2_1"
"1180","CTGGCAGCACCCTTAC-1_2_1"
"1181","CTGGCAGCAGCGTAGA-1_2_1"
"1182","CTGGCAGCATACTGAC-1_2_1"
"1183","CTGGCAGGTCCCGCAA-1_2_1"
"1184","CTGGCAGGTTCCAGGC-1_2_1"
"1185","CTGGTCTCAATAGTAG-1_2_1"
"1186","CTGGTCTCAGGACTAG-1_2_1"
"1187","CTGGTCTGTGACTATC-1_2_1"
"1188","CTGGTCTGTGGTAACG-1_2_1"
"1189","CTGGTCTGTGGTCTCG-1_2_1"
"1190","CTGGTCTTCAGTCACA-1_2_1"
"1191","CTGGTCTTCATGTCTT-1_2_1"
"1192","CTGGTCTTCTCTGCTG-1_2_1"
"1193","CTGTACCCACTTCAGA-1_2_1"
"1194","CTGTACCGTTTCGGCG-1_2_1"
"1195","CTGTAGACAAGTGACG-1_2_1"
"1196","CTGTAGACATACTTTC-1_2_1"
"1197","CTGTAGACATCAGCAT-1_2_1"
"1198","CTGTAGAGTAGTCCTA-1_2_1"
"1199","CTGTAGAGTTAGGCTT-1_2_1"
"1200","CTGTAGAGTTGCAACT-1_2_1"
"1201","CTGTATTAGAGTGACC-1_2_1"
"1202","CTGTATTAGCGTGCCT-1_2_1"
"1203","CTGTATTCACCCTCTA-1_2_1"
"1204","CTGTATTTCATTCACT-1_2_1"
"1205","CTGTCGTAGAAACACT-1_2_1"
"1206","CTGTCGTGTGAGTTGG-1_2_1"
"1207","CTGTGAAAGCCTGCCA-1_2_1"
"1208","CTGTGAAAGCTGTACT-1_2_1"
"1209","CTGTGAAAGTAGAATC-1_2_1"
"1210","CTGTGAAGTAAGAACT-1_2_1"
"1211","CTGTGAATCAGGACGA-1_2_1"
"1212","CTGTGGGTCATTCATC-1_2_1"
"1213","CTTACCGAGCAGCAGT-1_2_1"
"1214","CTTACCGAGCCTGGAA-1_2_1"
"1215","CTTACCGAGGAAGTGA-1_2_1"
"1216","CTTACCGCAATGCTCA-1_2_1"
"1217","CTTACCGCACCTCTGT-1_2_1"
"1218","CTTACCGCACTCCCTA-1_2_1"
"1219","CTTACCGGTCCTGTTC-1_2_1"
"1220","CTTACCGGTTCCTAAG-1_2_1"
"1221","CTTACCGTCTAAGCGT-1_2_1"
"1222","CTTAGGACACGTCGTG-1_2_1"
"1223","CTTAGGAGTTCTCTCG-1_2_1"
"1224","CTTAGGATCTACGCGG-1_2_1"
"1225","CTTCAATCAAATGAGT-1_2_1"
"1226","CTTCAATCAGACCTAT-1_2_1"
"1227","CTTCAATCATACCAGT-1_2_1"
"1228","CTTCAATGTATCAAGA-1_2_1"
"1229","CTTCAATTCAGCATTG-1_2_1"
"1230","CTTCAATTCCACTTCG-1_2_1"
"1231","CTTCCGAGTGCCTATA-1_2_1"
"1232","CTTCCGAGTGTACAGG-1_2_1"
"1233","CTTCCGATCGCAGTGC-1_2_1"
"1234","CTTCCTTAGCTCGACC-1_2_1"
"1235","CTTCCTTCAACCAATC-1_2_1"
"1236","CTTCCTTCACCAGCCA-1_2_1"
"1237","CTTCCTTGTCATTCCC-1_2_1"
"1238","CTTCCTTTCACCTGTC-1_2_1"
"1239","CTTCCTTTCGCTACGG-1_2_1"
"1240","CTTCGGTGTTCCTTGC-1_2_1"
"1241","CTTCTAACAACTACGT-1_2_1"
"1242","CTTCTAAGTCCGGCAT-1_2_1"
"1243","CTTCTAATCCTACCAC-1_2_1"
"1244","CTTCTAATCGACGCTG-1_2_1"
"1245","CTTCTCTCACTGCGAC-1_2_1"
"1246","CTTCTCTCATAGGTAA-1_2_1"
"1247","CTTCTCTGTGTTCCTC-1_2_1"
"1248","CTTGAGAGTACACTCA-1_2_1"
"1249","CTTGATTAGAATCGCG-1_2_1"
"1250","CTTGATTCAAGACGGT-1_2_1"
"1251","CTTGATTTCCTGTACC-1_2_1"
"1252","CTTTCAAAGTCATCGT-1_2_1"
"1253","CTTTCAACACAGCATT-1_2_1"
"1254","CTTTCAACATGGAACG-1_2_1"
"1255","CTTTCAATCAAAGACA-1_2_1"
"1256","CTTTCAATCCTCAGGG-1_2_1"
"1257","CTTTCAATCGTCCTTG-1_2_1"
"1258","CTTTCGGAGGCAGGTT-1_2_1"
"1259","CTTTCGGAGTCCTACA-1_2_1"
"1260","CTTTCGGCACAATGTC-1_2_1"
"1261","CTTTCGGCAGACCGCT-1_2_1"
"1262","GAAACCTAGATCGCTT-1_2_1"
"1263","GAAACCTAGCGACTAG-1_2_1"
"1264","GAAACCTAGTCATGAA-1_2_1"
"1265","GAAACCTAGTCTTGGT-1_2_1"
"1266","GAAACCTCAAATACGA-1_2_1"
"1267","GAAACCTGTCAAGCGA-1_2_1"
"1268","GAAACCTTCCGATGTA-1_2_1"
"1269","GAAACCTTCCTACGAA-1_2_1"
"1270","GAAACCTTCGCTATTT-1_2_1"
"1271","GAAACCTTCTCCCAAC-1_2_1"
"1272","GAAATGAAGCATTGAA-1_2_1"
"1273","GAAATGACACACTGGC-1_2_1"
"1274","GAAATGACACGCGCAT-1_2_1"
"1275","GAAATGATCCCAAGCG-1_2_1"
"1276","GAACACTAGGTTATAG-1_2_1"
"1277","GAACACTAGTAGCATA-1_2_1"
"1278","GAACACTTCGGCCCAA-1_2_1"
"1279","GAACGTTTCTTACTGT-1_2_1"
"1280","GAACTGTAGCCGTTAT-1_2_1"
"1281","GAACTGTGTCTTCAAG-1_2_1"
"1282","GAACTGTTCCGACGGT-1_2_1"
"1283","GAAGAATAGAGGCGGA-1_2_1"
"1284","GAAGAATGTAGTCTTG-1_2_1"
"1285","GAAGAATGTATCGCTA-1_2_1"
"1286","GAAGAATGTCTGGTTA-1_2_1"
"1287","GAAGAATTCTTCGACC-1_2_1"
"1288","GAAGCCCAGCACTGGA-1_2_1"
"1289","GAAGCCCTCGTGTTCC-1_2_1"
"1290","GAAGCGAAGGATATAC-1_2_1"
"1291","GAAGCGAAGTCTAACC-1_2_1"
"1292","GAAGCGAGTGGTTTGT-1_2_1"
"1293","GAAGGACGTAACAGTA-1_2_1"
"1294","GAAGGGTAGACACACG-1_2_1"
"1295","GAAGGGTCAGGCACTC-1_2_1"
"1296","GAAGGGTCATACGCAT-1_2_1"
"1297","GAAGGGTGTCCAAATC-1_2_1"
"1298","GAAGGGTTCCGTATAG-1_2_1"
"1299","GAAGTAACAAAGTGTA-1_2_1"
"1300","GAAGTAAGTAGAGCTG-1_2_1"
"1301","GAAGTAAGTGGGACAT-1_2_1"
"1302","GAATAGAAGCGACAGT-1_2_1"
"1303","GAATAGACACGCGTGT-1_2_1"
"1304","GAATCACAGCGCACAA-1_2_1"
"1305","GAATCACCACATGGTT-1_2_1"
"1306","GAATCGTTCGTGTCAA-1_2_1"
"1307","GACACGCAGGACGGAG-1_2_1"
"1308","GACACGCCAAACGAGC-1_2_1"
"1309","GACACGCCACAAATAG-1_2_1"
"1310","GACAGCCCACGTCGTG-1_2_1"
"1311","GACAGCCTCCCTATTA-1_2_1"
"1312","GACAGCCTCGGAACTT-1_2_1"
"1313","GACAGCCTCGGACGTC-1_2_1"
"1314","GACATCAAGTGCAGGT-1_2_1"
"1315","GACATCAAGTTACGTC-1_2_1"
"1316","GACATCACATAGAAAC-1_2_1"
"1317","GACCAATAGATGCGAC-1_2_1"
"1318","GACCAATCAGTCAACT-1_2_1"
"1319","GACCAATCATGAAGGC-1_2_1"
"1320","GACCAATTCCCGTGTT-1_2_1"
"1321","GACCAATTCCGATCTC-1_2_1"
"1322","GACCAATTCCTAGCCT-1_2_1"
"1323","GACCCAGAGACTGAGC-1_2_1"
"1324","GACCCAGAGTAGACCG-1_2_1"
"1325","GACCCTTAGCTAAGTA-1_2_1"
"1326","GACCCTTCAGCGGATA-1_2_1"
"1327","GACCGTGAGCAGTACG-1_2_1"
"1328","GACCTTCAGAAACTGT-1_2_1"
"1329","GACCTTCCATCGGAGA-1_2_1"
"1330","GACCTTCGTATACGGG-1_2_1"
"1331","GACGCTGAGATGTTAG-1_2_1"
"1332","GACGCTGAGCCTCAAT-1_2_1"
"1333","GACGCTGCACACGGAA-1_2_1"
"1334","GACGCTGGTTTACACG-1_2_1"
"1335","GACGTTAAGCAGTCTT-1_2_1"
"1336","GACGTTAGTAATGCTC-1_2_1"
"1337","GACGTTAGTGCACATT-1_2_1"
"1338","GACGTTAGTGCCTAAT-1_2_1"
"1339","GACTATGCATGGGTTT-1_2_1"
"1340","GACTATGGTGAATAAC-1_2_1"
"1341","GACTCAACACATATCG-1_2_1"
"1342","GACTCAAGTCCGACGT-1_2_1"
"1343","GACTCTCAGTCACTCA-1_2_1"
"1344","GACTCTCCACTCTAGA-1_2_1"
"1345","GACTGATGTAAGTTGA-1_2_1"
"1346","GACTGATGTCGTGCCA-1_2_1"
"1347","GACTGATTCCTATGGA-1_2_1"
"1348","GACTGATTCGGCATAT-1_2_1"
"1349","GACTTCCGTATCCTTT-1_2_1"
"1350","GACTTCCGTTTACCTT-1_2_1"
"1351","GAGAAATAGGACTATA-1_2_1"
"1352","GAGAAATTCACCATAG-1_2_1"
"1353","GAGACCCCACACCGAC-1_2_1"
"1354","GAGACTTAGCTGGCCT-1_2_1"
"1355","GAGACTTCACTGCATA-1_2_1"
"1356","GAGACTTGTTCTAACG-1_2_1"
"1357","GAGAGGTCACAGCTTA-1_2_1"
"1358","GAGAGGTTCATCAGTG-1_2_1"
"1359","GAGATGGCAGGCTATT-1_2_1"
"1360","GAGATGGGTATTTCCT-1_2_1"
"1361","GAGATGGGTCGTGGTC-1_2_1"
"1362","GAGCTGCAGCTTGTTG-1_2_1"
"1363","GAGCTGCCATAACTCG-1_2_1"
"1364","GAGCTGCTCCATTGCC-1_2_1"
"1365","GAGGCAAAGTTAGTGA-1_2_1"
"1366","GAGGCAACATCAGCTA-1_2_1"
"1367","GAGGCAATCGGCTGGT-1_2_1"
"1368","GAGGCCTGTGGCTGAA-1_2_1"
"1369","GAGGCCTTCTTCGCTG-1_2_1"
"1370","GAGGGATCAAGTGGTG-1_2_1"
"1371","GAGGGATGTATTGCCA-1_2_1"
"1372","GAGGGTACAAGGCGTA-1_2_1"
"1373","GAGGGTACACTACAGT-1_2_1"
"1374","GAGGGTAGTCTGCCTT-1_2_1"
"1375","GAGTCATCAGATACCT-1_2_1"
"1376","GAGTCATCAGATGCGA-1_2_1"
"1377","GAGTCATGTTGATGTC-1_2_1"
"1378","GAGTCATTCTATACTC-1_2_1"
"1379","GAGTCTAAGCATTGTC-1_2_1"
"1380","GAGTCTACACAAATCC-1_2_1"
"1381","GAGTCTAGTTATTCTC-1_2_1"
"1382","GAGTGAGAGTGGAAGA-1_2_1"
"1383","GAGTGTTAGATTGGGC-1_2_1"
"1384","GAGTGTTTCCCTTTGG-1_2_1"
"1385","GAGTTACAGAAGTATC-1_2_1"
"1386","GAGTTACCAGTTGGTT-1_2_1"
"1387","GAGTTGTAGACAGCGT-1_2_1"
"1388","GAGTTGTAGCAGCACA-1_2_1"
"1389","GAGTTGTAGCGTGTCC-1_2_1"
"1390","GAGTTTGGTGTCTTCC-1_2_1"
"1391","GAGTTTGTCTCGCGTT-1_2_1"
"1392","GATAGAAGTGCAGGAT-1_2_1"
"1393","GATAGCTTCCCTCTTT-1_2_1"
"1394","GATAGCTTCTCGCTCA-1_2_1"
"1395","GATCACAAGCTACGTT-1_2_1"
"1396","GATCACACACACCGAC-1_2_1"
"1397","GATCACAGTGTAGCAG-1_2_1"
"1398","GATCAGTAGTTGTACC-1_2_1"
"1399","GATCAGTCACTGAGGA-1_2_1"
"1400","GATCAGTCAGTCGGAA-1_2_1"
"1401","GATCAGTGTATCATGC-1_2_1"
"1402","GATCATGAGTTTGCTG-1_2_1"
"1403","GATCATGCAAGTGACG-1_2_1"
"1404","GATCATGGTCTAGTGT-1_2_1"
"1405","GATCCCTAGTACTGTC-1_2_1"
"1406","GATCCCTCACCCTGTT-1_2_1"
"1407","GATCCCTGTGGTCTAT-1_2_1"
"1408","GATCGTACATGAAGGC-1_2_1"
"1409","GATGAGGGTGAGCTCC-1_2_1"
"1410","GATGAGGGTGTTCCTC-1_2_1"
"1411","GATGAGGTCTGCTTAT-1_2_1"
"1412","GATGATCAGATAGCAT-1_2_1"
"1413","GATGATCGTAGTGATA-1_2_1"
"1414","GATGATCTCAGCCTTC-1_2_1"
"1415","GATGCTACATCTGGGC-1_2_1"
"1416","GATGCTAGTGGGAGAG-1_2_1"
"1417","GATGCTATCAACTGGT-1_2_1"
"1418","GATGGAGTCGTGTCAA-1_2_1"
"1419","GATGTTGGTTACACTG-1_2_1"
"1420","GATGTTGGTTCTCGCT-1_2_1"
"1421","GATTCGAAGTCACACT-1_2_1"
"1422","GATTCGACATCAGTGT-1_2_1"
"1423","GATTCGAGTCGAGTGA-1_2_1"
"1424","GATTCTTAGCACACCC-1_2_1"
"1425","GATTCTTGTATTTCCT-1_2_1"
"1426","GATTCTTGTTCGGTTA-1_2_1"
"1427","GATTCTTTCTTGAGCA-1_2_1"
"1428","GATTGGTAGGACAGTC-1_2_1"
"1429","GATTGGTTCTCGCAGG-1_2_1"
"1430","GCAACATAGCATTTGC-1_2_1"
"1431","GCAACATGTCGAAGCA-1_2_1"
"1432","GCAACCGAGGAGTATT-1_2_1"
"1433","GCAACCGAGTTGTACC-1_2_1"
"1434","GCAACCGCAAGTCCAT-1_2_1"
"1435","GCACATAAGTTCTACG-1_2_1"
"1436","GCACATAGTCGTTATG-1_2_1"
"1437","GCACATAGTTCGTGCG-1_2_1"
"1438","GCACATATCCGCTTAC-1_2_1"
"1439","GCACGGTGTACTCGTA-1_2_1"
"1440","GCACGGTGTTCAGTAC-1_2_1"
"1441","GCACGTGAGAACAAGG-1_2_1"
"1442","GCACGTGAGTGCCCGT-1_2_1"
"1443","GCACGTGGTACTGGGA-1_2_1"
"1444","GCACGTGGTAGAAACT-1_2_1"
"1445","GCACGTGGTCTTCAAG-1_2_1"
"1446","GCACGTGTCCATATGG-1_2_1"
"1447","GCAGCCACATTGTGCA-1_2_1"
"1448","GCAGCCAGTGACTATC-1_2_1"
"1449","GCAGCTGCACCCTAAA-1_2_1"
"1450","GCAGCTGCACCTAAAC-1_2_1"
"1451","GCAGGCTGTGACAGCA-1_2_1"
"1452","GCAGGCTGTTGGGATG-1_2_1"
"1453","GCAGTTAAGGACAAGA-1_2_1"
"1454","GCAGTTACACAAATGA-1_2_1"
"1455","GCAGTTACAGCTGGTC-1_2_1"
"1456","GCAGTTATCAGGACAG-1_2_1"
"1457","GCATCGGAGAGAACCC-1_2_1"
"1458","GCATCGGAGCAGGGAG-1_2_1"
"1459","GCATCGGGTTCCTACC-1_2_1"
"1460","GCATCGGTCTAGCATG-1_2_1"
"1461","GCATCTCAGACAACAT-1_2_1"
"1462","GCATCTCAGCTGAAAT-1_2_1"
"1463","GCATCTCAGGCAGTCA-1_2_1"
"1464","GCATCTCGTGAAGCGT-1_2_1"
"1465","GCATCTCTCAATGTCG-1_2_1"
"1466","GCATGATAGCTGGAGT-1_2_1"
"1467","GCATGATAGTTTCTTC-1_2_1"
"1468","GCATTAGCATGACTAC-1_2_1"
"1469","GCATTAGGTGAATGAT-1_2_1"
"1470","GCATTAGGTTCAGCTA-1_2_1"
"1471","GCCAACGCAACGATTC-1_2_1"
"1472","GCCAACGCAACTTGGT-1_2_1"
"1473","GCCAACGGTACTCGTA-1_2_1"
"1474","GCCAACGGTCAAGCGA-1_2_1"
"1475","GCCAACGGTTCACGAT-1_2_1"
"1476","GCCAGCAAGTGATTCC-1_2_1"
"1477","GCCAGCAGTCGTTGGC-1_2_1"
"1478","GCCAGCATCAGCCCAG-1_2_1"
"1479","GCCAGGTTCTGGCCAG-1_2_1"
"1480","GCCAGTGAGTACCCTA-1_2_1"
"1481","GCCAGTGAGTCAGCCC-1_2_1"
"1482","GCCAGTGCAGTGTGGA-1_2_1"
"1483","GCCAGTGCATCTAGAC-1_2_1"
"1484","GCCAGTGTCAGGAAAT-1_2_1"
"1485","GCCAGTGTCATTGAGC-1_2_1"
"1486","GCCAGTGTCGCTGTCT-1_2_1"
"1487","GCCATGGAGAGAATCT-1_2_1"
"1488","GCCATTCTCTACTCAT-1_2_1"
"1489","GCCCAGAGTTCGAGCC-1_2_1"
"1490","GCCCGAAGTTTAGACC-1_2_1"
"1491","GCCGATGAGGCACCAA-1_2_1"
"1492","GCCGATGGTGTTGATC-1_2_1"
"1493","GCCGTGAAGAGAGCCT-1_2_1"
"1494","GCCGTGAGTCAGGTAG-1_2_1"
"1495","GCCGTGATCACACCCT-1_2_1"
"1496","GCCTGTTGTAGGACTG-1_2_1"
"1497","GCGAGAACAACTTGGT-1_2_1"
"1498","GCGAGAACATTCGATG-1_2_1"
"1499","GCGAGAATCAAGAATG-1_2_1"
"1500","GCGATCGAGTCTTCGA-1_2_1"
"1501","GCGATCGCAAGATGTA-1_2_1"
"1502","GCGATCGCAGTGTGGA-1_2_1"
"1503","GCGATCGTCATGCAGT-1_2_1"
"1504","GCGATCGTCTGAGAGG-1_2_1"
"1505","GCGGAAACAAATTGGA-1_2_1"
"1506","GCGGAAAGTATATGGA-1_2_1"
"1507","GCGGAAAGTGTATACC-1_2_1"
"1508","GCGGAAAGTTCAAGGG-1_2_1"
"1509","GCGGAAATCCACGTAA-1_2_1"
"1510","GCGGATCAGCATACTC-1_2_1"
"1511","GCGGATCCAGATCCAT-1_2_1"
"1512","GCGGATCTCTAGCAAC-1_2_1"
"1513","GCGTGCAAGGCTCAAG-1_2_1"
"1514","GCGTGCACAAAGCGTG-1_2_1"
"1515","GCGTGCATCCACCTCA-1_2_1"
"1516","GCGTTTCAGATACATG-1_2_1"
"1517","GCGTTTCCATTACGGT-1_2_1"
"1518","GCTACAAGTACTGCGC-1_2_1"
"1519","GCTACAATCAGACCCG-1_2_1"
"1520","GCTACCTGTCGATTAC-1_2_1"
"1521","GCTACCTTCAGAACCT-1_2_1"
"1522","GCTACCTTCTACCCAC-1_2_1"
"1523","GCTACCTTCTGCGTCT-1_2_1"
"1524","GCTCAAAAGTTTCGGT-1_2_1"
"1525","GCTCAAACAAGAAATC-1_2_1"
"1526","GCTGAATCAAAGCAAT-1_2_1"
"1527","GCTGCAGCAAACTGCT-1_2_1"
"1528","GCTGCAGCAGTAGAAT-1_2_1"
"1529","GCTGCAGTCGAGCCTG-1_2_1"
"1530","GCTTCACCAGGAAGTC-1_2_1"
"1531","GCTTGGGAGGTGCTAG-1_2_1"
"1532","GCTTGGGAGTTCTCTT-1_2_1"
"1533","GCTTGGGCAAATACAG-1_2_1"
"1534","GCTTGGGCAAATGCGG-1_2_1"
"1535","GCTTGGGGTAGGTACG-1_2_1"
"1536","GCTTGGGTCAAATAGG-1_2_1"
"1537","GCTTTCGCACAGTCAT-1_2_1"
"1538","GCTTTCGTCACTGGGC-1_2_1"
"1539","GGAACCCGTGTCCCTT-1_2_1"
"1540","GGAACCCTCCTAGCGG-1_2_1"
"1541","GGAAGTGAGCGTTGTT-1_2_1"
"1542","GGAAGTGTCCTCTTTC-1_2_1"
"1543","GGAATCTCAACTGCCG-1_2_1"
"1544","GGAATCTCACCTGTCT-1_2_1"
"1545","GGAATCTGTCACAGTT-1_2_1"
"1546","GGAATGGCAACGGCCT-1_2_1"
"1547","GGAATGGCAGCACCCA-1_2_1"
"1548","GGAATGGTCATTGAGC-1_2_1"
"1549","GGACGTCAGTGCGCTC-1_2_1"
"1550","GGACGTCGTCGTGATT-1_2_1"
"1551","GGAGATGAGGCTAACG-1_2_1"
"1552","GGAGATGTCTGAGGCC-1_2_1"
"1553","GGAGCAAAGAAGCGGG-1_2_1"
"1554","GGAGCAATCCGTGGCA-1_2_1"
"1555","GGAGGATAGCAATAGT-1_2_1"
"1556","GGAGGATAGTTTCAGC-1_2_1"
"1557","GGAGGATGTTATAGCC-1_2_1"
"1558","GGAGGTACAAACCATC-1_2_1"
"1559","GGAGGTATCGGACCAC-1_2_1"
"1560","GGATCTAAGAATAACC-1_2_1"
"1561","GGATCTATCAAGTCTG-1_2_1"
"1562","GGATCTATCGGTCGGT-1_2_1"
"1563","GGATGTTAGATGTTCC-1_2_1"
"1564","GGATGTTGTTGTGGAG-1_2_1"
"1565","GGATGTTTCTCGGTAA-1_2_1"
"1566","GGCACGTGTCAGATTC-1_2_1"
"1567","GGCACGTTCACAACCA-1_2_1"
"1568","GGCACGTTCGCGTCGA-1_2_1"
"1569","GGCAGTCAGGATTACA-1_2_1"
"1570","GGCAGTCGTACCCACG-1_2_1"
"1571","GGCAGTCTCCGAGCTG-1_2_1"
"1572","GGCGTCAAGGTTGTTC-1_2_1"
"1573","GGCGTCAAGTGGCCTC-1_2_1"
"1574","GGCTGTGAGCTGGTGA-1_2_1"
"1575","GGCTGTGAGGTTATAG-1_2_1"
"1576","GGCTGTGAGTAGGATT-1_2_1"
"1577","GGCTGTGCACGCCACA-1_2_1"
"1578","GGCTGTGCATCTAGAC-1_2_1"
"1579","GGCTGTGGTTATGTGC-1_2_1"
"1580","GGCTGTGTCGACGATT-1_2_1"
"1581","GGCTTGGGTAGCTGTT-1_2_1"
"1582","GGCTTTCAGATAGTGT-1_2_1"
"1583","GGCTTTCAGTAATACG-1_2_1"
"1584","GGCTTTCAGTGACCTT-1_2_1"
"1585","GGCTTTCCAGTGCCTG-1_2_1"
"1586","GGCTTTCTCTCTTAAC-1_2_1"
"1587","GGGAAGTAGTGGCCTC-1_2_1"
"1588","GGGACCTAGTCACAGG-1_2_1"
"1589","GGGACCTGTGGTCTCG-1_2_1"
"1590","GGGACTCAGCGGTAGT-1_2_1"
"1591","GGGACTCGTAGATTAG-1_2_1"
"1592","GGGACTCGTTCAAGGG-1_2_1"
"1593","GGGAGATAGGCGCTCT-1_2_1"
"1594","GGGAGATCAATTTCTC-1_2_1"
"1595","GGGAGATCATGGTGGA-1_2_1"
"1596","GGGAGATTCAGGACAG-1_2_1"
"1597","GGGAGATTCTGGACCG-1_2_1"
"1598","GGGAGTAAGAGAAGGT-1_2_1"
"1599","GGGAGTAAGATGGCAC-1_2_1"
"1600","GGGAGTAGTAGTCGGA-1_2_1"
"1601","GGGATGAGTATAATGG-1_2_1"
"1602","GGGATGAGTCTTGGTA-1_2_1"
"1603","GGGCCATCACGGCACT-1_2_1"
"1604","GGGCCATCAGAGAGGG-1_2_1"
"1605","GGGCCATTCATTGAGC-1_2_1"
"1606","GGGCCATTCGCAGTTA-1_2_1"
"1607","GGGCCATTCGGCTGAC-1_2_1"
"1608","GGGCCATTCTATCACT-1_2_1"
"1609","GGGCCATTCTGCTAGA-1_2_1"
"1610","GGGCGTTTCCGACGGT-1_2_1"
"1611","GGGCTACAGAGGCGGA-1_2_1"
"1612","GGGCTACGTCGGTAAG-1_2_1"
"1613","GGGCTACTCGAGAGCA-1_2_1"
"1614","GGGCTACTCTCATAGG-1_2_1"
"1615","GGGCTCAAGAGCCTGA-1_2_1"
"1616","GGGCTCAAGATTCGCT-1_2_1"
"1617","GGGCTCATCAAGTTGC-1_2_1"
"1618","GGGCTCATCAGTCAGT-1_2_1"
"1619","GGGTAGAGTCACTAGT-1_2_1"
"1620","GGGTAGAGTCTTCTAT-1_2_1"
"1621","GGGTAGATCACCGCTT-1_2_1"
"1622","GGGTATTGTCGAGATG-1_2_1"
"1623","GGGTATTGTTGTTTGG-1_2_1"
"1624","GGGTCACTCATAGCAC-1_2_1"
"1625","GGGTCACTCCGGACGT-1_2_1"
"1626","GGGTCTGCACGAAGAC-1_2_1"
"1627","GGGTCTGGTAATTGGA-1_2_1"
"1628","GGGTCTGGTTCAAGGG-1_2_1"
"1629","GGGTGAAAGGGTCTTT-1_2_1"
"1630","GGGTGTCAGAGATGCC-1_2_1"
"1631","GGGTGTCAGTAATCCC-1_2_1"
"1632","GGGTGTCGTTGACTGT-1_2_1"
"1633","GGGTTATCAGTCTGGC-1_2_1"
"1634","GGGTTATTCTCTTCAA-1_2_1"
"1635","GGGTTTAAGACATAAC-1_2_1"
"1636","GGGTTTATCATGAAAG-1_2_1"
"1637","GGGTTTATCCAAATGC-1_2_1"
"1638","GGGTTTATCCGATAAC-1_2_1"
"1639","GGTAATCCAAGACCGA-1_2_1"
"1640","GGTAATCGTAGAGCTG-1_2_1"
"1641","GGTAGAGCAAACACCT-1_2_1"
"1642","GGTAGAGCACGTTCGG-1_2_1"
"1643","GGTAGAGTCTCTCAAT-1_2_1"
"1644","GGTCACGTCACCCTTG-1_2_1"
"1645","GGTCTGGAGACGCCCT-1_2_1"
"1646","GGTCTGGCACAATGAA-1_2_1"
"1647","GGTCTGGCACATGGTT-1_2_1"
"1648","GGTCTGGGTAGGACCA-1_2_1"
"1649","GGTGAAGCAAGGTTGG-1_2_1"
"1650","GGTGAAGCACTACTTT-1_2_1"
"1651","GGTGAAGTCCCAATAG-1_2_1"
"1652","GGTGAAGTCCGGGACT-1_2_1"
"1653","GGTGATTAGACCACGA-1_2_1"
"1654","GGTGATTCACACCTAA-1_2_1"
"1655","GGTGATTGTAGCTTGT-1_2_1"
"1656","GGTGATTTCACCCTTG-1_2_1"
"1657","GGTGGCTGTCAATGGG-1_2_1"
"1658","GGTGGCTTCAGCGCGT-1_2_1"
"1659","GGTGTCGAGGGAGTGG-1_2_1"
"1660","GGTGTCGCAAATGAAC-1_2_1"
"1661","GGTGTCGGTTATTCTC-1_2_1"
"1662","GGTGTCGTCTAATTCC-1_2_1"
"1663","GGTGTCGTCTTCCAGC-1_2_1"
"1664","GGTGTTAAGCACTCCG-1_2_1"
"1665","GGTGTTAAGCTGCCAC-1_2_1"
"1666","GGTGTTAAGTAATCCC-1_2_1"
"1667","GGTTAACAGTCGCCCA-1_2_1"
"1668","GGTTAACCAAATAGCA-1_2_1"
"1669","GGTTCTCCAACTACGT-1_2_1"
"1670","GGTTCTCGTAACATCC-1_2_1"
"1671","GGTTCTCGTCTTGCGG-1_2_1"
"1672","GGTTCTCTCTCATGGA-1_2_1"
"1673","GGTTGTAAGTTTGGCT-1_2_1"
"1674","GGTTGTACATTGAGGG-1_2_1"
"1675","GTAACCATCTCGTGGG-1_2_1"
"1676","GTAACCATCTGCACCT-1_2_1"
"1677","GTAAGTCAGCTTGTGT-1_2_1"
"1678","GTAAGTCCACAACCGC-1_2_1"
"1679","GTAAGTCCAGCAGAAC-1_2_1"
"1680","GTAAGTCGTGCCTATA-1_2_1"
"1681","GTAATCGAGCGACTAG-1_2_1"
"1682","GTAATCGCAGTTGCGC-1_2_1"
"1683","GTAATCGGTACAGAAT-1_2_1"
"1684","GTAATCGGTGTATACC-1_2_1"
"1685","GTAATCGTCCTACACC-1_2_1"
"1686","GTAATGCTCGGTAACT-1_2_1"
"1687","GTACAACCAACTCATG-1_2_1"
"1688","GTACAACCACATGTTG-1_2_1"
"1689","GTACAACCAGGCACTC-1_2_1"
"1690","GTACAACGTCGTTTCC-1_2_1"
"1691","GTACAACTCAGAGCAG-1_2_1"
"1692","GTACAACTCTTGGAAC-1_2_1"
"1693","GTACAGTAGAGAGTTT-1_2_1"
"1694","GTACAGTTCCAAGCCG-1_2_1"
"1695","GTACAGTTCGACCACG-1_2_1"
"1696","GTAGAAAGTGTCCATA-1_2_1"
"1697","GTAGAAATCAACACCA-1_2_1"
"1698","GTAGAAATCACCATGA-1_2_1"
"1699","GTAGAGGAGCGAGTAC-1_2_1"
"1700","GTAGAGGTCACCGGTG-1_2_1"
"1701","GTAGAGGTCCCATGGG-1_2_1"
"1702","GTAGAGGTCTGACCCT-1_2_1"
"1703","GTAGAGGTCTGGCCAG-1_2_1"
"1704","GTAGCTACATAAGATG-1_2_1"
"1705","GTAGCTAGTATTGCCA-1_2_1"
"1706","GTAGGAGTCCATCTAT-1_2_1"
"1707","GTAGGTTAGAGAGGGC-1_2_1"
"1708","GTAGGTTAGCACTCAT-1_2_1"
"1709","GTAGGTTCACCAGCTG-1_2_1"
"1710","GTAGTACAGAACAGGA-1_2_1"
"1711","GTAGTACAGGATTCAA-1_2_1"
"1712","GTAGTACCACGCAAAG-1_2_1"
"1713","GTAGTACCAGGGAGAG-1_2_1"
"1714","GTAGTACTCCATGATG-1_2_1"
"1715","GTAGTACTCCTTATAC-1_2_1"
"1716","GTATTGGCAGGAATCG-1_2_1"
"1717","GTATTGGGTTCTAACG-1_2_1"
"1718","GTATTTCAGCCGATCC-1_2_1"
"1719","GTATTTCGTGAATTGA-1_2_1"
"1720","GTATTTCTCGACCATA-1_2_1"
"1721","GTATTTCTCTGAGATC-1_2_1"
"1722","GTATTTCTCTGCTGAA-1_2_1"
"1723","GTCAAGTGTCCTCCTA-1_2_1"
"1724","GTCAAGTGTCTGTGCG-1_2_1"
"1725","GTCACGGAGGCGACAT-1_2_1"
"1726","GTCACGGGTAACTGCT-1_2_1"
"1727","GTCACGGTCAGGAACG-1_2_1"
"1728","GTCACTCGTCGTAATC-1_2_1"
"1729","GTCACTCTCCTGGCTT-1_2_1"
"1730","GTCAGCGGTGGAAATT-1_2_1"
"1731","GTCATCCCACAACGTT-1_2_1"
"1732","GTCATCCTCTTCCAGC-1_2_1"
"1733","GTCATGAAGGTTAAAC-1_2_1"
"1734","GTCATGACATAGACTC-1_2_1"
"1735","GTCATTTCACACACGC-1_2_1"
"1736","GTCATTTGTCCAGTTA-1_2_1"
"1737","GTCATTTTCATTTGGG-1_2_1"
"1738","GTCATTTTCCACACCT-1_2_1"
"1739","GTCCACTAGAAGTCAT-1_2_1"
"1740","GTCCACTGTACCGCGT-1_2_1"
"1741","GTCCCATAGTTCATGC-1_2_1"
"1742","GTCCCATAGTTGTCGT-1_2_1"
"1743","GTCCCATCAGCGACAA-1_2_1"
"1744","GTCCCATGTCGTTTCC-1_2_1"
"1745","GTCCTCATCGCGTCGA-1_2_1"
"1746","GTCCTCATCTAGTTCT-1_2_1"
"1747","GTCGAATCAGTAGATA-1_2_1"
"1748","GTCGCGAGTTCCTACC-1_2_1"
"1749","GTCGCGATCATTCCTA-1_2_1"
"1750","GTCGTAAAGGGTGAGG-1_2_1"
"1751","GTCGTAACACGGATCC-1_2_1"
"1752","GTCGTAATCAAACGAA-1_2_1"
"1753","GTCGTTCAGACATCAA-1_2_1"
"1754","GTCGTTCAGTCCTGCG-1_2_1"
"1755","GTCGTTCGTACCTATG-1_2_1"
"1756","GTCTACCAGCCTGAGA-1_2_1"
"1757","GTCTACCCACGGCCAT-1_2_1"
"1758","GTCTACCGTCTTTATC-1_2_1"
"1759","GTCTAGACAAAGCAAT-1_2_1"
"1760","GTCTAGACACCACATA-1_2_1"
"1761","GTCTAGATCGTCCATC-1_2_1"
"1762","GTCTCACAGCCATGCC-1_2_1"
"1763","GTCTCACGTATTTCCT-1_2_1"
"1764","GTCTCACTCTTCCCGA-1_2_1"
"1765","GTCTGTCCATTACGGT-1_2_1"
"1766","GTCTGTCGTCCTGTTC-1_2_1"
"1767","GTCTGTCTCCTTGGAA-1_2_1"
"1768","GTCTGTCTCTCTCCGA-1_2_1"
"1769","GTCTTTAAGAGCTTTC-1_2_1"
"1770","GTCTTTAAGCGAGTCA-1_2_1"
"1771","GTCTTTAAGTCATCGT-1_2_1"
"1772","GTCTTTAGTCCACATA-1_2_1"
"1773","GTCTTTATCATACAGC-1_2_1"
"1774","GTGACGCAGACTTAAG-1_2_1"
"1775","GTGACGCCATGTGCCG-1_2_1"
"1776","GTGACGCGTATTTCCT-1_2_1"
"1777","GTGACGCGTCGTTGCG-1_2_1"
"1778","GTGAGCCCACGCTGCA-1_2_1"
"1779","GTGAGCCGTATAGCTC-1_2_1"
"1780","GTGAGCCGTTGAGGAC-1_2_1"
"1781","GTGAGGAAGTTACGAA-1_2_1"
"1782","GTGAGGACAGCACAAG-1_2_1"
"1783","GTGAGGATCTTCCACG-1_2_1"
"1784","GTGAGTTAGGGACACT-1_2_1"
"1785","GTGAGTTGTAACTTCG-1_2_1"
"1786","GTGAGTTGTTCCAGGC-1_2_1"
"1787","GTGAGTTGTTTGAACC-1_2_1"
"1788","GTGATGTTCCGCGGAT-1_2_1"
"1789","GTGCACGAGTAGGGTC-1_2_1"
"1790","GTGCACGAGTCACTAC-1_2_1"
"1791","GTGCACGAGTTGCATC-1_2_1"
"1792","GTGCACGCATATGGCT-1_2_1"
"1793","GTGCACGTCCTGGGTG-1_2_1"
"1794","GTGCAGCGTCGCACGT-1_2_1"
"1795","GTGCAGCTCGTCGATA-1_2_1"
"1796","GTGCGTGAGATGAACT-1_2_1"
"1797","GTGCGTGCACAAGTTC-1_2_1"
"1798","GTGCGTGTCATGACAC-1_2_1"
"1799","GTGCTGGGTACAGAGC-1_2_1"
"1800","GTGCTGGTCAACTTTC-1_2_1"
"1801","GTGCTTCAGCTAAGTA-1_2_1"
"1802","GTGCTTCAGTCACACT-1_2_1"
"1803","GTGCTTCCAGCTGCCA-1_2_1"
"1804","GTGGAAGAGAATAACC-1_2_1"
"1805","GTGGAAGTCCCAATAG-1_2_1"
"1806","GTGGAAGTCTAATTCC-1_2_1"
"1807","GTGGCGTAGCCTCAGC-1_2_1"
"1808","GTGGGAAAGAGATGCC-1_2_1"
"1809","GTGGGAAAGGCATTTC-1_2_1"
"1810","GTGGGAACAGATACTC-1_2_1"
"1811","GTGGGAAGTTACCTGA-1_2_1"
"1812","GTGGTTACAACTCCCT-1_2_1"
"1813","GTGGTTACACGCTGCA-1_2_1"
"1814","GTGGTTAGTTCCCACT-1_2_1"
"1815","GTGGTTATCCAAGCCG-1_2_1"
"1816","GTGGTTATCCCATTTA-1_2_1"
"1817","GTGGTTATCTTCGTAT-1_2_1"
"1818","GTGTAACAGCCAGTAG-1_2_1"
"1819","GTGTAACAGTTTGCTG-1_2_1"
"1820","GTGTAACCACATCCCT-1_2_1"
"1821","GTGTAACCATAAGATG-1_2_1"
"1822","GTGTAACTCGTTAGTG-1_2_1"
"1823","GTGTAACTCTTACACT-1_2_1"
"1824","GTGTGATAGATTGTGA-1_2_1"
"1825","GTGTGATAGCTGTGCC-1_2_1"
"1826","GTGTGATGTTCTCCAC-1_2_1"
"1827","GTGTGGCCAACCTAAC-1_2_1"
"1828","GTGTGGCGTTACACTG-1_2_1"
"1829","GTGTTAGCATCCCACT-1_2_1"
"1830","GTGTTAGGTGTGTCGC-1_2_1"
"1831","GTGTTCCAGACGGTCA-1_2_1"
"1832","GTGTTCCCAAAGCACG-1_2_1"
"1833","GTGTTCCCACCAACAT-1_2_1"
"1834","GTGTTCCGTCGTCGGT-1_2_1"
"1835","GTTACAGAGCTAATCC-1_2_1"
"1836","GTTACAGCAGGCCTGT-1_2_1"
"1837","GTTACAGGTAGCTTAC-1_2_1"
"1838","GTTACAGGTCAACCAT-1_2_1"
"1839","GTTACGAGTCCAGCAC-1_2_1"
"1840","GTTACGATCAGGTGTT-1_2_1"
"1841","GTTAGACGTTGGGCCT-1_2_1"
"1842","GTTAGACTCACGTAGT-1_2_1"
"1843","GTTAGTGCACTCCGGA-1_2_1"
"1844","GTTAGTGGTCGGTGTC-1_2_1"
"1845","GTTAGTGTCCGAAGGA-1_2_1"
"1846","GTTAGTGTCGCCAGAC-1_2_1"
"1847","GTTATGGAGCCTGTGC-1_2_1"
"1848","GTTATGGCACGCCAGT-1_2_1"
"1849","GTTATGGCACTCTAGA-1_2_1"
"1850","GTTATGGCAGGGACTA-1_2_1"
"1851","GTTCATTAGAGGGTCT-1_2_1"
"1852","GTTCATTCAGTTCTAG-1_2_1"
"1853","GTTCCGTCACTTGTGA-1_2_1"
"1854","GTTCCGTTCAAGTGGG-1_2_1"
"1855","GTTCCGTTCTGGTGGC-1_2_1"
"1856","GTTCGCTTCTTCACAT-1_2_1"
"1857","GTTCTATCACGATAGG-1_2_1"
"1858","GTTGAACCAGTTGGTT-1_2_1"
"1859","GTTGAACCATAAGCAA-1_2_1"
"1860","GTTGAACCATGACAGG-1_2_1"
"1861","GTTGAACTCTTTACAC-1_2_1"
"1862","GTTGCGGAGAAACTAC-1_2_1"
"1863","GTTGCGGCAATTGCAC-1_2_1"
"1864","GTTGCGGGTGTAAACA-1_2_1"
"1865","GTTGCTCAGAATACAC-1_2_1"
"1866","GTTGCTCCAATGAAAC-1_2_1"
"1867","GTTGCTCCATCCTAAG-1_2_1"
"1868","GTTGCTCGTAGAATGT-1_2_1"
"1869","GTTGCTCTCCATCACC-1_2_1"
"1870","GTTGCTCTCGATTTCT-1_2_1"
"1871","GTTGTAGAGCATGAAT-1_2_1"
"1872","GTTGTAGCAACGGCTC-1_2_1"
"1873","GTTGTAGCAAGGGTCA-1_2_1"
"1874","GTTGTAGCACACTTAG-1_2_1"
"1875","GTTGTAGTCAATGTCG-1_2_1"
"1876","GTTGTAGTCCGTGGGT-1_2_1"
"1877","GTTGTCCTCCTACCGT-1_2_1"
"1878","GTTGTCCTCCTGCTAC-1_2_1"
"1879","GTTGTGAAGCACGGAT-1_2_1"
"1880","GTTGTGACACAAGGTG-1_2_1"
"1881","GTTGTGACACCAATTG-1_2_1"
"1882","GTTGTGACACTCCCTA-1_2_1"
"1883","GTTGTGAGTCGTCAGC-1_2_1"
"1884","GTTGTGAGTTCAAACC-1_2_1"
"1885","GTTTACTTCGGCTGGT-1_2_1"
"1886","GTTTACTTCTCACTCG-1_2_1"
"1887","GTTTGGAAGAATGTTG-1_2_1"
"1888","GTTTGGACAAGACCTT-1_2_1"
"1889","TAACCAGAGATAACGT-1_2_1"
"1890","TAACCAGCAAGACAAT-1_2_1"
"1891","TAACGACAGCAAGGAA-1_2_1"
"1892","TAACGACCACAGAGAC-1_2_1"
"1893","TAACGACCAGTACTAC-1_2_1"
"1894","TAACGACCATACCACA-1_2_1"
"1895","TAACGACCATGCCGGT-1_2_1"
"1896","TAACGACGTCTCAGGC-1_2_1"
"1897","TAACTTCAGCGCCATC-1_2_1"
"1898","TAACTTCCAGTGTATC-1_2_1"
"1899","TAACTTCCATCGATGT-1_2_1"
"1900","TAACTTCGTCACTGAT-1_2_1"
"1901","TAAGCACAGTAACAGT-1_2_1"
"1902","TAAGCACCAACGGCTC-1_2_1"
"1903","TAAGCACGTATCGTGT-1_2_1"
"1904","TAAGCCACATGGCTGC-1_2_1"
"1905","TAAGCCAGTAGTCCTA-1_2_1"
"1906","TAAGCGTAGTGCAGGT-1_2_1"
"1907","TAAGTCGCACATACTG-1_2_1"
"1908","TAAGTCGCATACCATG-1_2_1"
"1909","TAAGTCGGTTGCAACT-1_2_1"
"1910","TAAGTCGGTTTGGAGG-1_2_1"
"1911","TAAGTCGTCACCTGGG-1_2_1"
"1912","TAAGTCGTCGGAACTT-1_2_1"
"1913","TAAGTCGTCGGTCAGC-1_2_1"
"1914","TAATCTCAGACTCTTG-1_2_1"
"1915","TAATCTCAGGCGAACT-1_2_1"
"1916","TAATCTCAGTAAGACT-1_2_1"
"1917","TAATCTCGTTAGGACG-1_2_1"
"1918","TAATTCCAGAACAAGG-1_2_1"
"1919","TAATTCCAGATCACCT-1_2_1"
"1920","TAATTCCCACAACGTT-1_2_1"
"1921","TAATTCCGTATGAAAC-1_2_1"
"1922","TACAACGAGACTGAGC-1_2_1"
"1923","TACAACGGTTGTGGCC-1_2_1"
"1924","TACAACGTCATTTGTC-1_2_1"
"1925","TACACCCGTAGAAACT-1_2_1"
"1926","TACAGGTCATACACCA-1_2_1"
"1927","TACATTCAGCGTCTGC-1_2_1"
"1928","TACATTCCAGCGAGTA-1_2_1"
"1929","TACATTCGTCATCCCT-1_2_1"
"1930","TACATTCGTTTCGTGA-1_2_1"
"1931","TACATTCTCGAGTCTA-1_2_1"
"1932","TACATTCTCTTTCCAA-1_2_1"
"1933","TACCCACAGGCTTAAA-1_2_1"
"1934","TACCCACCACAATCTG-1_2_1"
"1935","TACCCACCACCGTGCA-1_2_1"
"1936","TACCCACGTACAGTAA-1_2_1"
"1937","TACCCACGTACGATGG-1_2_1"
"1938","TACCCACGTCCTCCTA-1_2_1"
"1939","TACCCACGTCGTGCCA-1_2_1"
"1940","TACCCGTAGGATAATC-1_2_1"
"1941","TACCCGTCACCAGCGT-1_2_1"
"1942","TACCCGTGTCAATGGG-1_2_1"
"1943","TACCCGTTCAAGTGGG-1_2_1"
"1944","TACCCGTTCACTACTT-1_2_1"
"1945","TACCCGTTCCAACTAG-1_2_1"
"1946","TACCGAATCGCTGCGA-1_2_1"
"1947","TACCGAATCTGAGGTT-1_2_1"
"1948","TACCGGGCAAGCGATG-1_2_1"
"1949","TACCGGGCATGTGCTA-1_2_1"
"1950","TACCGGGGTTACCCAA-1_2_1"
"1951","TACCTCGCACAACCGC-1_2_1"
"1952","TACCTCGCAGTTCACA-1_2_1"
"1953","TACCTCGTCGAGCTGC-1_2_1"
"1954","TACCTCGTCGCCAACG-1_2_1"
"1955","TACCTGCAGCAGTCTT-1_2_1"
"1956","TACCTGCCAATCACGT-1_2_1"
"1957","TACCTGCGTCGCATCG-1_2_1"
"1958","TACGCTCGTGCGACAA-1_2_1"
"1959","TACGCTCGTTGGGTTT-1_2_1"
"1960","TACGGGCAGCCTGTGC-1_2_1"
"1961","TACGGGCCAACGTTAC-1_2_1"
"1962","TACGGGCCAGGCTTGC-1_2_1"
"1963","TACGGGCGTGACCGAA-1_2_1"
"1964","TACGGTAAGACCACGA-1_2_1"
"1965","TACGGTAAGTGACCTT-1_2_1"
"1966","TACGGTACAACACGAG-1_2_1"
"1967","TACGGTACAGGACTTT-1_2_1"
"1968","TACGGTACATGACGTT-1_2_1"
"1969","TACGTCCAGGGCTAAC-1_2_1"
"1970","TACGTCCGTGGATACG-1_2_1"
"1971","TACGTCCTCGTGGCGT-1_2_1"
"1972","TACTGCCAGAGGGTAA-1_2_1"
"1973","TACTGCCCATAGTCGT-1_2_1"
"1974","TACTGCCCATCGTGGC-1_2_1"
"1975","TACTGCCGTCGCGGTT-1_2_1"
"1976","TACTTCAAGAGATCGC-1_2_1"
"1977","TACTTCAGTGAATGTA-1_2_1"
"1978","TACTTGTCACTCAAGT-1_2_1"
"1979","TACTTGTTCGCGAAGA-1_2_1"
"1980","TAGACCAAGGATACGC-1_2_1"
"1981","TAGACCACAACGACTT-1_2_1"
"1982","TAGACCATCGGAATGG-1_2_1"
"1983","TAGACCATCGGCTTCT-1_2_1"
"1984","TAGACTGCAGTTTCAG-1_2_1"
"1985","TAGACTGGTGAGGATC-1_2_1"
"1986","TAGATCGAGGTGCGAT-1_2_1"
"1987","TAGATCGCAGCTCTGG-1_2_1"
"1988","TAGATCGCATAACCCA-1_2_1"
"1989","TAGATCGCATCGATAC-1_2_1"
"1990","TAGATCGCATGCGGTC-1_2_1"
"1991","TAGATCGCATGTCAGT-1_2_1"
"1992","TAGATCGGTCCTGAAT-1_2_1"
"1993","TAGATCGGTCGAATTC-1_2_1"
"1994","TAGATCGTCCATCTCG-1_2_1"
"1995","TAGCACACAATTGAGA-1_2_1"
"1996","TAGCACACACGGCGTT-1_2_1"
"1997","TAGCACAGTGCCTTCT-1_2_1"
"1998","TAGCACATCGCAGTGC-1_2_1"
"1999","TAGCACATCTCCTACG-1_2_1"
"2000","TAGGAGGCAGAACTCT-1_2_1"
"2001","TAGGAGGGTACCATAC-1_2_1"
"2002","TAGGAGGGTCGAACGA-1_2_1"
"2003","TAGGGTTAGATGCTGG-1_2_1"
"2004","TAGGGTTCATGACAAA-1_2_1"
"2005","TAGGGTTGTCATAAAG-1_2_1"
"2006","TAGGGTTGTGCAAGAC-1_2_1"
"2007","TAGGTACAGCACCGTC-1_2_1"
"2008","TAGGTACAGTCACACT-1_2_1"
"2009","TAGGTTGCAGCACGAA-1_2_1"
"2010","TAGGTTGGTTCTTCAT-1_2_1"
"2011","TAGGTTGTCTTCGGTC-1_2_1"
"2012","TAGTGCAGTCTCACGG-1_2_1"
"2013","TATACCTAGTCTAACC-1_2_1"
"2014","TATACCTTCCTGTAAG-1_2_1"
"2015","TATCAGGAGCATCAGG-1_2_1"
"2016","TATCAGGTCAAGGCTT-1_2_1"
"2017","TATCAGGTCGCTAAAC-1_2_1"
"2018","TATCCTAAGTCACTCA-1_2_1"
"2019","TATCCTAGTGTATACC-1_2_1"
"2020","TATCCTAGTTGTCTAG-1_2_1"
"2021","TATCCTATCAAGAGGC-1_2_1"
"2022","TATCGCCAGGTTATAG-1_2_1"
"2023","TATCGCCGTTCGTTCC-1_2_1"
"2024","TATCTGTAGAAGCGAA-1_2_1"
"2025","TATCTGTGTCCTCCTA-1_2_1"
"2026","TATCTGTGTGCCCTTT-1_2_1"
"2027","TATCTGTTCTAAGCGT-1_2_1"
"2028","TATCTTGCAAACTCGT-1_2_1"
"2029","TATCTTGCATATCGGT-1_2_1"
"2030","TATCTTGGTCCAATCA-1_2_1"
"2031","TATCTTGGTTCTCGTC-1_2_1"
"2032","TATGTTCAGTTGGCTT-1_2_1"
"2033","TATGTTCTCTACGCGG-1_2_1"
"2034","TATTCCACAGACCGCT-1_2_1"
"2035","TATTCCAGTGGTCCGT-1_2_1"
"2036","TATTCCATCGCCAACG-1_2_1"
"2037","TATTCCATCTGCAGCG-1_2_1"
"2038","TATTGCTCACACGGTC-1_2_1"
"2039","TATTGGGCAACGATCT-1_2_1"
"2040","TATTGGGGTGTTGAGG-1_2_1"
"2041","TATTTCGAGCTTAGTC-1_2_1"
"2042","TATTTCGCACTCTAGA-1_2_1"
"2043","TATTTCGGTCCACAGC-1_2_1"
"2044","TATTTCGTCCTCGATC-1_2_1"
"2045","TCAAGACCACTAGGCC-1_2_1"
"2046","TCAAGACGTGGGTATG-1_2_1"
"2047","TCAAGCAAGACGGTTG-1_2_1"
"2048","TCAAGCATCACCCTCA-1_2_1"
"2049","TCAAGTGGTCTGGTTA-1_2_1"
"2050","TCAAGTGTCATGAAAG-1_2_1"
"2051","TCAAGTGTCCGAGCTG-1_2_1"
"2052","TCAAGTGTCGTCCTTG-1_2_1"
"2053","TCAAGTGTCTCTATGT-1_2_1"
"2054","TCAATCTCAACGATTC-1_2_1"
"2055","TCAATCTGTATTGAGA-1_2_1"
"2056","TCAATCTGTCTCTCTG-1_2_1"
"2057","TCAATCTGTTCGAACT-1_2_1"
"2058","TCAATCTTCTCTCGCA-1_2_1"
"2059","TCAATTCAGAGTGACC-1_2_1"
"2060","TCAATTCCACAAGGTG-1_2_1"
"2061","TCAATTCCATATGGCT-1_2_1"
"2062","TCACAAGCACATTCTT-1_2_1"
"2063","TCACAAGTCGACATTG-1_2_1"
"2064","TCACACCTCAGGGATG-1_2_1"
"2065","TCACATTAGATCCGAG-1_2_1"
"2066","TCACATTAGTCCCAAT-1_2_1"
"2067","TCACATTCACTAGGTT-1_2_1"
"2068","TCACATTCAGAATCGG-1_2_1"
"2069","TCACGCTAGTCACAGG-1_2_1"
"2070","TCACGCTCATCATCCC-1_2_1"
"2071","TCACGCTCATCCCGTT-1_2_1"
"2072","TCACGGGTCGGATAAA-1_2_1"
"2073","TCACGGGTCGTCGACG-1_2_1"
"2074","TCACTATAGAGGCTGT-1_2_1"
"2075","TCACTCGCACTCATAG-1_2_1"
"2076","TCACTCGGTGGAATGC-1_2_1"
"2077","TCACTCGTCACAGAGG-1_2_1"
"2078","TCACTCGTCAGCTCTC-1_2_1"
"2079","TCAGCAAAGGTTGGAC-1_2_1"
"2080","TCAGCAACAAGGCGTA-1_2_1"
"2081","TCAGCAACACTTCCTG-1_2_1"
"2082","TCAGCAACAGTATTCG-1_2_1"
"2083","TCAGCCTCATGGCCAC-1_2_1"
"2084","TCAGCCTGTAGAATAC-1_2_1"
"2085","TCAGCCTTCTACGGTA-1_2_1"
"2086","TCAGGGCTCCAGGACC-1_2_1"
"2087","TCAGGTAAGGAAGTCC-1_2_1"
"2088","TCAGGTACAAGGCTTT-1_2_1"
"2089","TCAGGTATCCGCTAGG-1_2_1"
"2090","TCAGTCCAGCTGCCTG-1_2_1"
"2091","TCAGTCCCAGTATACC-1_2_1"
"2092","TCAGTCCTCAGCTGTA-1_2_1"
"2093","TCAGTGAGTTACCCAA-1_2_1"
"2094","TCAGTGATCGGTCACG-1_2_1"
"2095","TCAGTTTAGTACGTCT-1_2_1"
"2096","TCAGTTTCAACCGCCA-1_2_1"
"2097","TCAGTTTCACTCGATA-1_2_1"
"2098","TCAGTTTCATGGCCAC-1_2_1"
"2099","TCAGTTTTCTACGGTA-1_2_1"
"2100","TCATACTCAATGTCAC-1_2_1"
"2101","TCATACTGTACCGGAA-1_2_1"
"2102","TCATACTGTGCATTTG-1_2_1"
"2103","TCATACTTCAATCTCT-1_2_1"
"2104","TCATATCCAGGAATCG-1_2_1"
"2105","TCATATCTCGTAGTCA-1_2_1"
"2106","TCATATCTCGTCTAAG-1_2_1"
"2107","TCATCATCACGACCTG-1_2_1"
"2108","TCATCATCATCGATAC-1_2_1"
"2109","TCATCATGTTTACTTC-1_2_1"
"2110","TCATCATTCCGCACGA-1_2_1"
"2111","TCATCATTCGCTGACG-1_2_1"
"2112","TCATCCGGTTGTATGC-1_2_1"
"2113","TCATCCGTCCGAGTGC-1_2_1"
"2114","TCATGAGCACGTCGGT-1_2_1"
"2115","TCATGAGTCCCATGGG-1_2_1"
"2116","TCATGCCCAAACACCT-1_2_1"
"2117","TCATGCCCACTGGCCA-1_2_1"
"2118","TCATGCCCAGTGCCTG-1_2_1"
"2119","TCATGCCGTGGTAATA-1_2_1"
"2120","TCATGCCTCAGGTGTT-1_2_1"
"2121","TCATGGAAGACCGCCT-1_2_1"
"2122","TCATGGAAGGGTGGGA-1_2_1"
"2123","TCATGGACAACCACGC-1_2_1"
"2124","TCATGGAGTTCGAGCC-1_2_1"
"2125","TCATGTTAGTAAACAC-1_2_1"
"2126","TCATGTTCATTGACAC-1_2_1"
"2127","TCATGTTTCTGGCCAG-1_2_1"
"2128","TCATTACGTGTCCACG-1_2_1"
"2129","TCATTCAAGGATACCG-1_2_1"
"2130","TCATTCACAAGCTGCC-1_2_1"
"2131","TCATTCATCCGTGGTG-1_2_1"
"2132","TCATTGTAGTCATGGG-1_2_1"
"2133","TCATTGTCATGAGTAA-1_2_1"
"2134","TCATTGTTCGCAGTCG-1_2_1"
"2135","TCATTTGCACTGAGTT-1_2_1"
"2136","TCCACCAGTCCGGACT-1_2_1"
"2137","TCCACGTAGACTTCGT-1_2_1"
"2138","TCCACGTAGAGTTCGG-1_2_1"
"2139","TCCACGTAGCACTCTA-1_2_1"
"2140","TCCACGTCACGAGGAT-1_2_1"
"2141","TCCACGTGTACAAAGT-1_2_1"
"2142","TCCAGAAAGGTGGCTA-1_2_1"
"2143","TCCAGAAGTGAAAGTT-1_2_1"
"2144","TCCATGCAGGCCATAG-1_2_1"
"2145","TCCATGCCATCCTCAC-1_2_1"
"2146","TCCATGCCATTCAGGT-1_2_1"
"2147","TCCATGCGTCCCAAAT-1_2_1"
"2148","TCCCACACAGCTTCGG-1_2_1"
"2149","TCCCACACATGGGAAC-1_2_1"
"2150","TCCCACACATTGACAC-1_2_1"
"2151","TCCCAGTAGAAGCTCG-1_2_1"
"2152","TCCCAGTAGCACACAG-1_2_1"
"2153","TCCCAGTAGCATTGTC-1_2_1"
"2154","TCCCAGTCAGAACTCT-1_2_1"
"2155","TCCCAGTGTTAGGACG-1_2_1"
"2156","TCCCAGTTCACTGTTT-1_2_1"
"2157","TCCCAGTTCTGAACGT-1_2_1"
"2158","TCCGAAAGTCGGCACT-1_2_1"
"2159","TCCGATCCAGCGTGCT-1_2_1"
"2160","TCCGATCCAGGAATAT-1_2_1"
"2161","TCCGATCTCCACGTCT-1_2_1"
"2162","TCCGATCTCTAGACAC-1_2_1"
"2163","TCCGATCTCTTAGCAG-1_2_1"
"2164","TCCGGGAGTCAGTCTA-1_2_1"
"2165","TCCGTGTGTATGAGGC-1_2_1"
"2166","TCCTAATGTTCTCACC-1_2_1"
"2167","TCCTCCCAGCAAGGAA-1_2_1"
"2168","TCCTCCCCACATATCG-1_2_1"
"2169","TCCTCCCGTAGCGTTT-1_2_1"
"2170","TCCTCGACATCTTTCA-1_2_1"
"2171","TCCTCGAGTGAGCCAA-1_2_1"
"2172","TCCTCTTAGAAGTCTA-1_2_1"
"2173","TCCTCTTGTAATGATG-1_2_1"
"2174","TCCTCTTGTTATCCAG-1_2_1"
"2175","TCCTGCAAGCTAGCCC-1_2_1"
"2176","TCCTGCACAGTCTTCC-1_2_1"
"2177","TCCTGCAGTAGGCAGT-1_2_1"
"2178","TCCTGCAGTGCGAGTA-1_2_1"
"2179","TCCTTCTAGATGGCAC-1_2_1"
"2180","TCCTTCTCAGAGGAAA-1_2_1"
"2181","TCCTTCTGTAGCACGA-1_2_1"
"2182","TCCTTCTGTCACGACC-1_2_1"
"2183","TCCTTTCAGCCTTTCC-1_2_1"
"2184","TCCTTTCAGTCAACAA-1_2_1"
"2185","TCCTTTCGTTAGGCTT-1_2_1"
"2186","TCCTTTCTCACCTTAT-1_2_1"
"2187","TCCTTTCTCGGCCCAA-1_2_1"
"2188","TCCTTTCTCTGGTGCG-1_2_1"
"2189","TCGAACACAATAGTGA-1_2_1"
"2190","TCGACCTCATCTTCGC-1_2_1"
"2191","TCGACCTCATGTCAGT-1_2_1"
"2192","TCGACCTTCAGCACCG-1_2_1"
"2193","TCGACCTTCCACGTAA-1_2_1"
"2194","TCGACCTTCCGCGAGT-1_2_1"
"2195","TCGACGGGTCTCAGGC-1_2_1"
"2196","TCGCACTAGGTTACAA-1_2_1"
"2197","TCGCAGGAGACGGTTG-1_2_1"
"2198","TCGCAGGCAAGAATGT-1_2_1"
"2199","TCGCAGGCATCTGTTT-1_2_1"
"2200","TCGCAGGGTGGAAATT-1_2_1"
"2201","TCGCAGGTCGCCAATA-1_2_1"
"2202","TCGCTCAAGTGATAGT-1_2_1"
"2203","TCGCTCACAACCCTCT-1_2_1"
"2204","TCGCTCAGTGATAGAT-1_2_1"
"2205","TCGCTCAGTTCCGCTT-1_2_1"
"2206","TCGCTCAGTTTCGTAG-1_2_1"
"2207","TCGCTTGAGCGGTAAC-1_2_1"
"2208","TCGCTTGCAAATGCGG-1_2_1"
"2209","TCGCTTGCACCTGCGA-1_2_1"
"2210","TCGGATAAGAGAGGGC-1_2_1"
"2211","TCGGATAGTCGTACTA-1_2_1"
"2212","TCGGATATCCATGATG-1_2_1"
"2213","TCGGATATCGAGCACC-1_2_1"
"2214","TCGGGACAGAATTGCA-1_2_1"
"2215","TCGGGACAGCACCTGC-1_2_1"
"2216","TCGGGACAGCTCCCTT-1_2_1"
"2217","TCGGGACGTAGCGTCC-1_2_1"
"2218","TCGGGACTCATCTGTT-1_2_1"
"2219","TCGGGCACAGCGTATT-1_2_1"
"2220","TCGGGCATCCGTCAAA-1_2_1"
"2221","TCGGGTGGTGAGTTGG-1_2_1"
"2222","TCGGGTGTCCGGCAAC-1_2_1"
"2223","TCGGTCTAGTCAACAA-1_2_1"
"2224","TCGGTCTGTCAACATC-1_2_1"
"2225","TCGGTCTGTGCTCTTC-1_2_1"
"2226","TCGGTCTGTTTGACAC-1_2_1"
"2227","TCGTAGAAGTCCCGGT-1_2_1"
"2228","TCGTAGACAAGGAGTC-1_2_1"
"2229","TCGTAGACACAGTGTT-1_2_1"
"2230","TCGTAGACATAACAGA-1_2_1"
"2231","TCGTAGAGTCTGCCTT-1_2_1"
"2232","TCGTAGAGTGATTGGG-1_2_1"
"2233","TCGTAGATCCATTGCC-1_2_1"
"2234","TCGTAGATCTTAGCCC-1_2_1"
"2235","TCGTCCAAGGCCTAAG-1_2_1"
"2236","TCGTCCACATAAGATG-1_2_1"
"2237","TCGTCCAGTCCAGCGT-1_2_1"
"2238","TCGTCCAGTGGAACCA-1_2_1"
"2239","TCGTGCTCATGACGTT-1_2_1"
"2240","TCGTGCTGTGGGTATG-1_2_1"
"2241","TCGTGCTGTGTTAAAG-1_2_1"
"2242","TCGTGCTTCCCGAGTG-1_2_1"
"2243","TCGTGGGGTTGCGGCT-1_2_1"
"2244","TCGTGGGTCCCGAACG-1_2_1"
"2245","TCTAACTCATGTGGCC-1_2_1"
"2246","TCTAACTGTTGGCTAT-1_2_1"
"2247","TCTAACTGTTTCAGAC-1_2_1"
"2248","TCTACATAGGACGCAT-1_2_1"
"2249","TCTACATCAACCGCCA-1_2_1"
"2250","TCTACATGTGCCCGTA-1_2_1"
"2251","TCTACATGTTCCGGTG-1_2_1"
"2252","TCTACATGTTTACTGG-1_2_1"
"2253","TCTACCGAGAAACTCA-1_2_1"
"2254","TCTACCGAGCCTGAAG-1_2_1"
"2255","TCTACCGAGGTGGTTG-1_2_1"
"2256","TCTACCGCATCCGTGG-1_2_1"
"2257","TCTACCGGTACGCTAT-1_2_1"
"2258","TCTACCGGTGTACATC-1_2_1"
"2259","TCTACCGGTTGCTCGG-1_2_1"
"2260","TCTATACGTTGTGGCC-1_2_1"
"2261","TCTATACTCATTCGGA-1_2_1"
"2262","TCTATCAAGCCATCCG-1_2_1"
"2263","TCTATCATCCGCACGA-1_2_1"
"2264","TCTCACGAGATTACCC-1_2_1"
"2265","TCTCACGCAGAGTCTT-1_2_1"
"2266","TCTCAGCAGCATTGTC-1_2_1"
"2267","TCTCAGCAGCGACAGT-1_2_1"
"2268","TCTCAGCAGTCTGGAG-1_2_1"
"2269","TCTCAGCGTATGCGGA-1_2_1"
"2270","TCTCAGCGTCTTTCTA-1_2_1"
"2271","TCTCTGGAGAGAGGTA-1_2_1"
"2272","TCTCTGGCATGAGTAA-1_2_1"
"2273","TCTCTGGGTGGAAATT-1_2_1"
"2274","TCTGCCACAGGGAATC-1_2_1"
"2275","TCTGCCACAGTTGCGC-1_2_1"
"2276","TCTGCCAGTACGCGTC-1_2_1"
"2277","TCTGGCTCAACCTAAC-1_2_1"
"2278","TCTGGCTGTGTGAGCA-1_2_1"
"2279","TCTGTCGAGCAGCAGT-1_2_1"
"2280","TCTGTCGGTTCCACGG-1_2_1"
"2281","TCTGTCGGTTCCATTT-1_2_1"
"2282","TCTTAGTAGAGGGCGA-1_2_1"
"2283","TCTTAGTAGTACAGAT-1_2_1"
"2284","TCTTAGTCACGGGTAA-1_2_1"
"2285","TCTTAGTCAGAGGACT-1_2_1"
"2286","TCTTAGTCATGTGACT-1_2_1"
"2287","TCTTAGTGTACAAAGT-1_2_1"
"2288","TCTTCCTTCGTCGACG-1_2_1"
"2289","TCTTGCGCACCGTACG-1_2_1"
"2290","TCTTGCGCACGGTGAA-1_2_1"
"2291","TCTTGCGGTAACACGG-1_2_1"
"2292","TCTTGCGGTAGTCGGA-1_2_1"
"2293","TCTTGCGTCGAATCCA-1_2_1"
"2294","TCTTGCGTCGGCCCAA-1_2_1"
"2295","TCTTTGAGTTTGATCG-1_2_1"
"2296","TGAACGTCAAATAGCA-1_2_1"
"2297","TGAACGTCACCTCGTT-1_2_1"
"2298","TGAACGTGTGGTCTAT-1_2_1"
"2299","TGAATCGGTACTGACT-1_2_1"
"2300","TGAATCGTCGTCGGGT-1_2_1"
"2301","TGAATCGTCGTGTTCC-1_2_1"
"2302","TGAATGCAGAGAACCC-1_2_1"
"2303","TGAATGCCAAATCCCA-1_2_1"
"2304","TGACAGTAGGAGTCTG-1_2_1"
"2305","TGACAGTCAATAGGAT-1_2_1"
"2306","TGACAGTGTACAGAGC-1_2_1"
"2307","TGACCCTGTCTTCCGT-1_2_1"
"2308","TGACCCTGTTCTCACC-1_2_1"
"2309","TGACGCGCACCATAAC-1_2_1"
"2310","TGACGCGCAGCTGTGC-1_2_1"
"2311","TGACGCGGTAGCGCCT-1_2_1"
"2312","TGACTCCAGACTGGGT-1_2_1"
"2313","TGACTCCGTGAATGAT-1_2_1"
"2314","TGACTCCGTGTGCCTG-1_2_1"
"2315","TGACTCCGTTATAGAG-1_2_1"
"2316","TGAGACTGTGCATCTA-1_2_1"
"2317","TGAGCATGTTACTCAG-1_2_1"
"2318","TGAGCGCCAGGGATAC-1_2_1"
"2319","TGAGGAGAGCTGACTT-1_2_1"
"2320","TGAGGAGGTATTGAGA-1_2_1"
"2321","TGAGGAGGTCCTGGTG-1_2_1"
"2322","TGAGGAGGTGAGCGAT-1_2_1"
"2323","TGAGGAGGTTCCTTGC-1_2_1"
"2324","TGAGGGAAGCTAAACA-1_2_1"
"2325","TGAGGGAAGGCATCGA-1_2_1"
"2326","TGAGGGAGTGGAAATT-1_2_1"
"2327","TGAGGGAGTTGAAGTA-1_2_1"
"2328","TGAGGTTGTATCGATC-1_2_1"
"2329","TGAGTCAAGAAACCCG-1_2_1"
"2330","TGAGTCACATCTGCGG-1_2_1"
"2331","TGAGTCAGTGTATTCG-1_2_1"
"2332","TGATCAGGTATACAGA-1_2_1"
"2333","TGATCAGTCGTTCATT-1_2_1"
"2334","TGATCTTGTGTGAATA-1_2_1"
"2335","TGATCTTTCAACTGGT-1_2_1"
"2336","TGATCTTTCATAGACC-1_2_1"
"2337","TGATCTTTCGCCTTTG-1_2_1"
"2338","TGATGCAAGGTTAGTA-1_2_1"
"2339","TGATGCATCGAACGGA-1_2_1"
"2340","TGATGCATCGCACGGT-1_2_1"
"2341","TGATGGTGTCGATGCC-1_2_1"
"2342","TGATTCTCATTGAAGA-1_2_1"
"2343","TGATTCTGTACTGCGC-1_2_1"
"2344","TGATTCTGTGAGATAT-1_2_1"
"2345","TGATTCTTCCCGAGTG-1_2_1"
"2346","TGATTCTTCCTAAGTG-1_2_1"
"2347","TGATTCTTCTCCTGCA-1_2_1"
"2348","TGATTTCAGTATGAGT-1_2_1"
"2349","TGATTTCTCCATCTCG-1_2_1"
"2350","TGCACGGAGGGCGAAG-1_2_1"
"2351","TGCACGGAGTATTAGG-1_2_1"
"2352","TGCACGGAGTCCCAAT-1_2_1"
"2353","TGCACGGGTAGCCAGA-1_2_1"
"2354","TGCAGATGTCCTTAAG-1_2_1"
"2355","TGCAGGCCATCCGGCA-1_2_1"
"2356","TGCAGTAAGACTCTTG-1_2_1"
"2357","TGCAGTAAGGTCGTGA-1_2_1"
"2358","TGCAGTACACGTCGGT-1_2_1"
"2359","TGCAGTAGTTCTCTAT-1_2_1"
"2360","TGCAGTATCCGCCTAT-1_2_1"
"2361","TGCATCCAGCTGAAAT-1_2_1"
"2362","TGCATCCAGTCTTCCC-1_2_1"
"2363","TGCATCCCAAAGGGCT-1_2_1"
"2364","TGCATCCCAATGAACA-1_2_1"
"2365","TGCATCCCACGACGAA-1_2_1"
"2366","TGCATCCCACTAGGTT-1_2_1"
"2367","TGCATCCGTACATACC-1_2_1"
"2368","TGCATCCTCGGTTGTA-1_2_1"
"2369","TGCATGAAGATCGCCC-1_2_1"
"2370","TGCATGAAGCAGGTCA-1_2_1"
"2371","TGCATGAAGGAAAGGT-1_2_1"
"2372","TGCATGACAAGGCTTT-1_2_1"
"2373","TGCATGAGTCGGATTT-1_2_1"
"2374","TGCATGATCATTGAGC-1_2_1"
"2375","TGCCGAGAGAGCAGCT-1_2_1"
"2376","TGCCGAGAGGGTATAT-1_2_1"
"2377","TGCCGAGTCTTTCTAG-1_2_1"
"2378","TGCGACGAGAATCGCG-1_2_1"
"2379","TGCGACGGTATGCTTG-1_2_1"
"2380","TGCGACGTCTGATTCT-1_2_1"
"2381","TGCGATAAGCTCCATA-1_2_1"
"2382","TGCGATACAGACCTGC-1_2_1"
"2383","TGCGATAGTACCTATG-1_2_1"
"2384","TGCGATAGTAGTTACC-1_2_1"
"2385","TGCGGCAAGCGTCTCG-1_2_1"
"2386","TGCGGCACACGACGCT-1_2_1"
"2387","TGCGGCATCGGCCTTT-1_2_1"
"2388","TGCGGGTCACAGTATC-1_2_1"
"2389","TGCTCCAAGCCTGTGC-1_2_1"
"2390","TGCTCCAAGTTGCGCC-1_2_1"
"2391","TGCTCCACAAATCAAG-1_2_1"
"2392","TGCTCCATCGCCAATA-1_2_1"
"2393","TGCTCGTAGCCTGCCA-1_2_1"
"2394","TGCTCGTCAAACTAGA-1_2_1"
"2395","TGCTCGTGTGCGCTCA-1_2_1"
"2396","TGCTGAAAGGGACACT-1_2_1"
"2397","TGCTGAACATGGATCT-1_2_1"
"2398","TGCTGAAGTTCGGTAT-1_2_1"
"2399","TGCTGAATCGGTCATA-1_2_1"
"2400","TGCTTCGGTATTCTCT-1_2_1"
"2401","TGCTTGCAGGTCCCGT-1_2_1"
"2402","TGCTTGCCATAACCCA-1_2_1"
"2403","TGCTTGCGTCAACATC-1_2_1"
"2404","TGCTTGCGTTGTCCCT-1_2_1"
"2405","TGGAACTAGTCATTGC-1_2_1"
"2406","TGGAACTGTACCACGC-1_2_1"
"2407","TGGAACTGTGCTGCAC-1_2_1"
"2408","TGGAACTTCACCCTGT-1_2_1"
"2409","TGGAACTTCAGAGTGG-1_2_1"
"2410","TGGAGGAGTTGTGTAC-1_2_1"
"2411","TGGATCAAGTTGGCGA-1_2_1"
"2412","TGGATCACACTCCGGA-1_2_1"
"2413","TGGATCACACTTGAAC-1_2_1"
"2414","TGGATCAGTTCAAACC-1_2_1"
"2415","TGGATGTTCTGCTCTG-1_2_1"
"2416","TGGCGTGCAAGCAATA-1_2_1"
"2417","TGGCGTGGTCCAGCGT-1_2_1"
"2418","TGGCGTGGTCGTAATC-1_2_1"
"2419","TGGCGTGGTCTCAGGC-1_2_1"
"2420","TGGGAAGAGACATATG-1_2_1"
"2421","TGGGAAGAGCCTCACG-1_2_1"
"2422","TGGGAAGAGCGTGAAC-1_2_1"
"2423","TGGGAAGTCGTGCACG-1_2_1"
"2424","TGGGAGAAGACCAGAC-1_2_1"
"2425","TGGGAGATCAAGCCAT-1_2_1"
"2426","TGGGAGATCCTTTGAT-1_2_1"
"2427","TGGGATTAGGAAAGGT-1_2_1"
"2428","TGGGATTGTTCGGCTG-1_2_1"
"2429","TGGGCGTCAGCGGTTC-1_2_1"
"2430","TGGGCGTCAGTCAACT-1_2_1"
"2431","TGGGCGTGTACAAACA-1_2_1"
"2432","TGGGCGTGTCCAGCCA-1_2_1"
"2433","TGGGCTGAGGTAGACC-1_2_1"
"2434","TGGGCTGCAACTTGGT-1_2_1"
"2435","TGGGCTGCATGCTGCG-1_2_1"
"2436","TGGGTTAGTCGAATGG-1_2_1"
"2437","TGGTACAGTCTTACTT-1_2_1"
"2438","TGGTACAGTTCTCGTC-1_2_1"
"2439","TGGTAGTGTGATTAGA-1_2_1"
"2440","TGGTAGTTCGGCTCTT-1_2_1"
"2441","TGGTGATAGCTTGTGT-1_2_1"
"2442","TGGTGATTCTCATTTG-1_2_1"
"2443","TGGTTAGCAAGTATCC-1_2_1"
"2444","TGGTTAGGTGAGGCAT-1_2_1"
"2445","TGTAACGCACCTGCAG-1_2_1"
"2446","TGTAACGGTACGTACT-1_2_1"
"2447","TGTAACGGTTGTTGCA-1_2_1"
"2448","TGTAAGCGTCAGTTTG-1_2_1"
"2449","TGTAAGCTCAACGCTA-1_2_1"
"2450","TGTACAGAGATTGTGA-1_2_1"
"2451","TGTACAGCACCCTGAG-1_2_1"
"2452","TGTACAGCAGGCGAAT-1_2_1"
"2453","TGTACAGTCGGCATTA-1_2_1"
"2454","TGTACAGTCTATCCAT-1_2_1"
"2455","TGTAGACAGAGGACTC-1_2_1"
"2456","TGTAGACAGGGCGAGA-1_2_1"
"2457","TGTAGACCACAGCCAC-1_2_1"
"2458","TGTAGACCAGATCCTA-1_2_1"
"2459","TGTAGACCATAACAGA-1_2_1"
"2460","TGTAGACGTCTGTGGC-1_2_1"
"2461","TGTCAGACAAATTGGA-1_2_1"
"2462","TGTCAGACATGAAAGT-1_2_1"
"2463","TGTCAGAGTCGGTAAG-1_2_1"
"2464","TGTCAGATCACGATCA-1_2_1"
"2465","TGTCCACAGTAATCCC-1_2_1"
"2466","TGTCCACAGTCGAAGC-1_2_1"
"2467","TGTCCACCAACGACTT-1_2_1"
"2468","TGTCCCAGTGTATTCG-1_2_1"
"2469","TGTCCCATCCGCTGTT-1_2_1"
"2470","TGTCCTGCACATTCTT-1_2_1"
"2471","TGTCCTGGTAGCGTCC-1_2_1"
"2472","TGTGAGTAGTAGCCAG-1_2_1"
"2473","TGTGAGTCAAACTAGA-1_2_1"
"2474","TGTGAGTCACTTTAGG-1_2_1"
"2475","TGTGAGTTCTATTTCG-1_2_1"
"2476","TGTGATGAGTGCAGGT-1_2_1"
"2477","TGTGATGCAATTAGGA-1_2_1"
"2478","TGTGATGCAGGTGTTT-1_2_1"
"2479","TGTGATGGTACCTATG-1_2_1"
"2480","TGTGATGGTGGAATGC-1_2_1"
"2481","TGTGCGGAGAAATGGG-1_2_1"
"2482","TGTGCGGGTCGTTTCC-1_2_1"
"2483","TGTGCGGTCTGAGGTT-1_2_1"
"2484","TGTGGCGCAGGTGGAT-1_2_1"
"2485","TGTGGCGGTATCGCAT-1_2_1"
"2486","TGTGTGAGTCCGCAGT-1_2_1"
"2487","TGTGTGAGTCTCACGG-1_2_1"
"2488","TGTGTGAGTGTACGCC-1_2_1"
"2489","TGTTACTGTCAGGTGA-1_2_1"
"2490","TGTTACTGTCTCGCGA-1_2_1"
"2491","TGTTACTGTTTATGCG-1_2_1"
"2492","TGTTCATCACTACACA-1_2_1"
"2493","TGTTCATGTACTGCCG-1_2_1"
"2494","TGTTCCGCAGCTACAT-1_2_1"
"2495","TGTTCCGGTTAGAGTA-1_2_1"
"2496","TGTTCTAAGACGACGT-1_2_1"
"2497","TGTTCTAAGTCGTTAC-1_2_1"
"2498","TGTTCTAAGTTGCGCC-1_2_1"
"2499","TGTTGAGAGACCTTTG-1_2_1"
"2500","TGTTGAGGTTTCGACA-1_2_1"
"2501","TGTTGAGTCTATTTCG-1_2_1"
"2502","TGTTGGAAGCGTCTCG-1_2_1"
"2503","TGTTGGAAGTCGCTAT-1_2_1"
"2504","TGTTGGATCTGGACCG-1_2_1"
"2505","TGTTTGTAGCCTGCCA-1_2_1"
"2506","TGTTTGTGTACGACAG-1_2_1"
"2507","TGTTTGTTCCCGAACG-1_2_1"
"2508","TTAATCCAGACTTCAC-1_2_1"
"2509","TTAATCCTCAAGCCAT-1_2_1"
"2510","TTAATCCTCGCTGACG-1_2_1"
"2511","TTACCATAGAAACTGT-1_2_1"
"2512","TTACCATAGCACCCAC-1_2_1"
"2513","TTACCATAGTTGGGAC-1_2_1"
"2514","TTACCATTCAAACCCA-1_2_1"
"2515","TTACCATTCCACAGGC-1_2_1"
"2516","TTACGCCCAGCTTTGA-1_2_1"
"2517","TTACGTTAGGCTTTCA-1_2_1"
"2518","TTACGTTGTTATCCAG-1_2_1"
"2519","TTACGTTGTTGCCGCA-1_2_1"
"2520","TTACTGTTCCGTGGTG-1_2_1"
"2521","TTAGGCATCCGATGCG-1_2_1"
"2522","TTAGGGTGTAACCCGC-1_2_1"
"2523","TTAGTCTAGCTACGTT-1_2_1"
"2524","TTAGTCTCACTGGATT-1_2_1"
"2525","TTAGTCTGTCCTATAG-1_2_1"
"2526","TTAGTCTGTTATGACC-1_2_1"
"2527","TTATTGCCACACTTAG-1_2_1"
"2528","TTATTGCCAGCAGTAG-1_2_1"
"2529","TTATTGCGTCCAGCGT-1_2_1"
"2530","TTCAATCCAATTGAGA-1_2_1"
"2531","TTCAATCGTCGCAGTC-1_2_1"
"2532","TTCACCGGTCATCGGC-1_2_1"
"2533","TTCACCGTCCATTTCA-1_2_1"
"2534","TTCACGCAGGTCCAGA-1_2_1"
"2535","TTCAGGAAGATGATTG-1_2_1"
"2536","TTCAGGACAGCTAACT-1_2_1"
"2537","TTCAGGATCTGCAGCG-1_2_1"
"2538","TTCATGTAGCGACTGA-1_2_1"
"2539","TTCATGTCAATAAGGT-1_2_1"
"2540","TTCATGTCAATGCTCA-1_2_1"
"2541","TTCATGTTCAGCACCG-1_2_1"
"2542","TTCATTGAGTCTGGTT-1_2_1"
"2543","TTCCAATCACCAGCGT-1_2_1"
"2544","TTCCAATGTTAAGTCC-1_2_1"
"2545","TTCCAATGTTCGAAGG-1_2_1"
"2546","TTCCACGAGCTAGTTC-1_2_1"
"2547","TTCCACGAGGGCGAAG-1_2_1"
"2548","TTCCACGGTGTATTCG-1_2_1"
"2549","TTCCACGGTTGCCAAT-1_2_1"
"2550","TTCCACGGTTTGATCG-1_2_1"
"2551","TTCCGGTAGTCAGGGT-1_2_1"
"2552","TTCCGGTGTTAAGTCC-1_2_1"
"2553","TTCCGGTTCATGGGAG-1_2_1"
"2554","TTCCGGTTCGGTGAAG-1_2_1"
"2555","TTCCGTGTCTCACTCG-1_2_1"
"2556","TTCCTCTCAATCTCGA-1_2_1"
"2557","TTCCTCTCACAACGTT-1_2_1"
"2558","TTCCTCTCAGGATTCT-1_2_1"
"2559","TTCCTCTGTTAAACCC-1_2_1"
"2560","TTCCTTCAGTACCGGA-1_2_1"
"2561","TTCCTTCCAGACAATA-1_2_1"
"2562","TTCGATTAGCTTTCTT-1_2_1"
"2563","TTCGATTCAGCCTACG-1_2_1"
"2564","TTCGATTGTGTTCCAA-1_2_1"
"2565","TTCGATTGTTAGGACG-1_2_1"
"2566","TTCGCTGAGTGGAAGA-1_2_1"
"2567","TTCGCTGCACCGGAAA-1_2_1"
"2568","TTCGCTGTCAGAGTTC-1_2_1"
"2569","TTCGGTCAGCAATAAC-1_2_1"
"2570","TTCGGTCCAAAGGGCT-1_2_1"
"2571","TTCGGTCCACAAGTTC-1_2_1"
"2572","TTCTAACAGGTCGTAG-1_2_1"
"2573","TTCTAGTAGGAGTATT-1_2_1"
"2574","TTCTAGTCAGAGTAAT-1_2_1"
"2575","TTCTAGTCATTGTAGC-1_2_1"
"2576","TTCTAGTGTTATGTGC-1_2_1"
"2577","TTCTAGTTCACCGCTT-1_2_1"
"2578","TTCTAGTTCCGGCAGT-1_2_1"
"2579","TTCTAGTTCGAACGGA-1_2_1"
"2580","TTCTCTCAGCGCCCAT-1_2_1"
"2581","TTCTCTCGTGACGTCC-1_2_1"
"2582","TTCTCTCGTGGCTTGC-1_2_1"
"2583","TTCTCTCGTTGGATCT-1_2_1"
"2584","TTCTCTCTCATCTACT-1_2_1"
"2585","TTCTCTCTCGCGGTAC-1_2_1"
"2586","TTCTGTATCCACGAAT-1_2_1"
"2587","TTCTTCCAGGACTGGT-1_2_1"
"2588","TTCTTCCGTACCCAGC-1_2_1"
"2589","TTCTTCCGTAGGCTCC-1_2_1"
"2590","TTCTTGAAGCACTCGC-1_2_1"
"2591","TTCTTGACAAGTCCCG-1_2_1"
"2592","TTCTTGACATGCCATA-1_2_1"
"2593","TTCTTGATCATAGCAC-1_2_1"
"2594","TTCTTGATCCGGGACT-1_2_1"
"2595","TTGACCCAGGTTTACC-1_2_1"
"2596","TTGACCCGTGATATAG-1_2_1"
"2597","TTGACCCTCATGCAGT-1_2_1"
"2598","TTGAGTGCAAATGAGT-1_2_1"
"2599","TTGATGGAGTCACTAC-1_2_1"
"2600","TTGCATTAGAGTGTGC-1_2_1"
"2601","TTGCATTCACTGAGTT-1_2_1"
"2602","TTGCATTTCGAAGCAG-1_2_1"
"2603","TTGCCTGTCCATGATG-1_2_1"
"2604","TTGCGTCAGCGGACAT-1_2_1"
"2605","TTGCGTCAGTTCATGC-1_2_1"
"2606","TTGCGTCCACGTCATA-1_2_1"
"2607","TTGCGTCCATAGATGA-1_2_1"
"2608","TTGCGTCGTCACGCTG-1_2_1"
"2609","TTGCGTCTCCATAGAC-1_2_1"
"2610","TTGCTGCAGTAAGAGG-1_2_1"
"2611","TTGCTGCCAGGCTTGC-1_2_1"
"2612","TTGCTGCCATACAGGG-1_2_1"
"2613","TTGCTGCTCATCGACA-1_2_1"
"2614","TTGCTGCTCGGTAGAG-1_2_1"
"2615","TTGGATGCACTTGAAC-1_2_1"
"2616","TTGGATGCAGCCCAGT-1_2_1"
"2617","TTGGGATAGAAATGGG-1_2_1"
"2618","TTGGGATAGGCCATAG-1_2_1"
"2619","TTGGGATTCACCTGGG-1_2_1"
"2620","TTGGGATTCCGGCTTT-1_2_1"
"2621","TTGGGCGAGAGGCGGA-1_2_1"
"2622","TTGGGCGAGGTACATA-1_2_1"
"2623","TTGGGCGGTATACGGG-1_2_1"
"2624","TTGGGTACAAAGGAGA-1_2_1"
"2625","TTGGGTAGTATCGTAC-1_2_1"
"2626","TTGGGTATCTTACGGA-1_2_1"
"2627","TTGGTTTAGTTGTAGA-1_2_1"
"2628","TTGGTTTGTCCACTCT-1_2_1"
"2629","TTGTGGAAGAGTTGAT-1_2_1"
"2630","TTGTGGAGTCGAGTTT-1_2_1"
"2631","TTGTGGAGTCTGTCAA-1_2_1"
"2632","TTGTGGATCTGCCTCA-1_2_1"
"2633","TTGTGTTCAGAACATA-1_2_1"
"2634","TTGTTCACACACACTA-1_2_1"
"2635","TTGTTGTAGGACCCAA-1_2_1"
"2636","TTGTTGTAGGCCTGCT-1_2_1"
"2637","TTGTTTGGTCAGTCTA-1_2_1"
"2638","TTGTTTGGTCGTGATT-1_2_1"
"2639","TTGTTTGGTGGTCTCG-1_2_1"
"2640","TTGTTTGGTTACGATC-1_2_1"
"2641","TTGTTTGGTTCGTACA-1_2_1"
"2642","TTGTTTGGTTGCTTGA-1_2_1"
"2643","TTTACCAAGAGCATCG-1_2_1"
"2644","TTTACCAAGTAGATCA-1_2_1"
"2645","TTTACGTAGGTGAGAA-1_2_1"
"2646","TTTACGTTCCAGCCTT-1_2_1"
"2647","TTTACGTTCTGGCTGG-1_2_1"
"2648","TTTACTGAGGACCCAA-1_2_1"
"2649","TTTACTGAGGTGCATG-1_2_1"
"2650","TTTACTGAGTATGTAG-1_2_1"
"2651","TTTACTGGTCAAGTTC-1_2_1"
"2652","TTTAGTCGTCTGTGGC-1_2_1"
"2653","TTTAGTCGTGGATTTC-1_2_1"
"2654","TTTATGCCAAGATTGA-1_2_1"
"2655","TTTATGCCAGCTATTG-1_2_1"
"2656","TTTCACAAGCTCATAC-1_2_1"
"2657","TTTCACACACGACAGA-1_2_1"
"2658","TTTCACACATCAGCAT-1_2_1"
"2659","TTTCACAGTCGCCACA-1_2_1"
"2660","TTTCAGTAGCAACAGC-1_2_1"
"2661","TTTCAGTAGGCAATGC-1_2_1"
"2662","TTTCAGTGTACGATGG-1_2_1"
"2663","TTTCAGTGTCAATCTG-1_2_1"
"2664","TTTCAGTTCGGTAACT-1_2_1"
"2665","TTTCATGAGAAATTCG-1_2_1"
"2666","TTTCATGAGGTACAGC-1_2_1"
"2667","TTTCATGCATAGAGGC-1_2_1"
"2668","TTTCATGGTGTGTCGC-1_2_1"
"2669","TTTCCTCAGCCTCATA-1_2_1"
"2670","TTTCCTCAGCGTGAGT-1_2_1"
"2671","TTTCCTCGTGCCTTCT-1_2_1"
"2672","TTTCGATAGATTGGGC-1_2_1"
"2673","TTTCGATCAGGGACTA-1_2_1"
"2674","TTTCGATGTTCCTTGC-1_2_1"
"2675","TTTGACTCAATCGTCA-1_2_1"
"2676","TTTGACTCACTTTAGG-1_2_1"
"2677","TTTGACTGTCCTGTTC-1_2_1"
"2678","TTTGACTGTGGTCTTA-1_2_1"
"2679","TTTGACTTCGTCCTTG-1_2_1"
"2680","TTTGATCGTGCAGTGA-1_2_1"
"2681","TTTGGAGCATGACGGA-1_2_1"
"2682","TTTGGAGTCATCTACT-1_2_1"
"2683","TTTGGTTTCCAACTGA-1_2_1"
"2684","TTTGTTGCAACGAGGT-1_2_1"
"2685","TTTGTTGGTTGAGTCT-1_2_1"
