"","x"
"1","AAACCCAAGTTGCTCA-1_3_1"
"2","AAACCCAGTTGCCGCA-1_3_1"
"3","AAACCCATCAACTTTC-1_3_1"
"4","AAACCCATCGGACAAG-1_3_1"
"5","AAACGAATCCAAAGGG-1_3_1"
"6","AAACGAATCGGTATGT-1_3_1"
"7","AAACGAATCTGAGATC-1_3_1"
"8","AAACGCTCAAGGACAC-1_3_1"
"9","AAACGCTGTGAATATG-1_3_1"
"10","AAACGCTTCCCTCAAC-1_3_1"
"11","AAAGAACAGTAGATCA-1_3_1"
"12","AAAGAACCAACGACTT-1_3_1"
"13","AAAGAACGTCCTCATC-1_3_1"
"14","AAAGAACGTCGCACAC-1_3_1"
"15","AAAGGATAGTAAACGT-1_3_1"
"16","AAAGGATGTACGATGG-1_3_1"
"17","AAAGGGCCAACACGTT-1_3_1"
"18","AAAGGGCCAGCAGTGA-1_3_1"
"19","AAAGGTAAGTCGAAGC-1_3_1"
"20","AAAGGTACAACCAGAG-1_3_1"
"21","AAAGGTAGTATTCTCT-1_3_1"
"22","AAAGTGAAGACCACGA-1_3_1"
"23","AAAGTGAGTAGCGAGT-1_3_1"
"24","AAATGGATCGGAGTAG-1_3_1"
"25","AACAAAGAGTATAGGT-1_3_1"
"26","AACAAAGTCATCGACA-1_3_1"
"27","AACAACCAGAAATGGG-1_3_1"
"28","AACAACCCAAGCGAAC-1_3_1"
"29","AACAACCGTCGCGTCA-1_3_1"
"30","AACAACCGTGCCTGAC-1_3_1"
"31","AACAACCGTTGTGTTG-1_3_1"
"32","AACAAGATCGGTGTAT-1_3_1"
"33","AACAAGATCGTCACCT-1_3_1"
"34","AACACACAGCCGCTTG-1_3_1"
"35","AACACACAGTTAGTAG-1_3_1"
"36","AACACACTCAGGAAAT-1_3_1"
"37","AACAGGGAGTTACGTC-1_3_1"
"38","AACAGGGCACTCCGGA-1_3_1"
"39","AACAGGGCAGGCATTT-1_3_1"
"40","AACAGGGGTATGTCAC-1_3_1"
"41","AACAGGGGTTGGAGGT-1_3_1"
"42","AACAGGGTCACCCATC-1_3_1"
"43","AACCAACCACAGTATC-1_3_1"
"44","AACCAACCAGGGAATC-1_3_1"
"45","AACCACACAGCTGAGA-1_3_1"
"46","AACCACAGTGTCTCCT-1_3_1"
"47","AACCATGCAGAACGCA-1_3_1"
"48","AACCATGCAGTCACGC-1_3_1"
"49","AACCATGCATCCTGTC-1_3_1"
"50","AACCATGCATGTTACG-1_3_1"
"51","AACCATGTCGTGGGAA-1_3_1"
"52","AACCCAAAGTACCGGA-1_3_1"
"53","AACCCAAGTAGGCTGA-1_3_1"
"54","AACCCAAGTCCAGCCA-1_3_1"
"55","AACCTGACAATTGCTG-1_3_1"
"56","AACCTTTGTCCCAAAT-1_3_1"
"57","AACCTTTTCAGTGCGC-1_3_1"
"58","AACCTTTTCGGTGTAT-1_3_1"
"59","AACGAAAAGCTTAGTC-1_3_1"
"60","AACGAAAGTTCGGTCG-1_3_1"
"61","AACGGGAAGAAGAACG-1_3_1"
"62","AACGGGACATTCTTCA-1_3_1"
"63","AACGTCAAGGCCCACT-1_3_1"
"64","AACGTCAAGTCGGGAT-1_3_1"
"65","AACGTCAGTCACTACA-1_3_1"
"66","AACGTCAGTGACGTCC-1_3_1"
"67","AACTTCTAGATGACAT-1_3_1"
"68","AACTTCTAGCACACCC-1_3_1"
"69","AACTTCTAGGCCTTGC-1_3_1"
"70","AACTTCTCAAGGCCTC-1_3_1"
"71","AACTTCTGTGTTATCG-1_3_1"
"72","AAGAACAGTGGCAACA-1_3_1"
"73","AAGACAACAGAACTAA-1_3_1"
"74","AAGACAAGTTTCACTT-1_3_1"
"75","AAGACTCAGACCTCAT-1_3_1"
"76","AAGACTCAGATGATTG-1_3_1"
"77","AAGACTCGTCTAGATC-1_3_1"
"78","AAGACTCGTGAGTTGG-1_3_1"
"79","AAGACTCGTGCGCTCA-1_3_1"
"80","AAGCCATAGCAACTTC-1_3_1"
"81","AAGCCATCAGATCACT-1_3_1"
"82","AAGCCATGTGTCTTGA-1_3_1"
"83","AAGCGAGCACCGTCGA-1_3_1"
"84","AAGCGTTGTCCACTTC-1_3_1"
"85","AAGGTAAAGTAGCTCT-1_3_1"
"86","AAGGTAACACCTCTAC-1_3_1"
"87","AAGGTAACACTTGAGT-1_3_1"
"88","AAGGTAAGTACAGAGC-1_3_1"
"89","AAGGTAAGTATCACCA-1_3_1"
"90","AAGGTAAGTGTGAGCA-1_3_1"
"91","AAGGTAATCCAGCCTT-1_3_1"
"92","AAGGTAATCCCTCTTT-1_3_1"
"93","AAGTACCGTGCTCCGA-1_3_1"
"94","AAGTCGTCACCTTCGT-1_3_1"
"95","AAGTGAACACTTCTCG-1_3_1"
"96","AAGTGAATCGTACACA-1_3_1"
"97","AAGTTCGGTATAATGG-1_3_1"
"98","AAGTTCGTCGGAAGGT-1_3_1"
"99","AATAGAGAGCGCACAA-1_3_1"
"100","AATAGAGGTCGAAACG-1_3_1"
"101","AATAGAGGTTAATGAG-1_3_1"
"102","AATAGAGTCGAAGCCC-1_3_1"
"103","AATCACGAGATTGACA-1_3_1"
"104","AATCACGCACCGGCTA-1_3_1"
"105","AATCACGTCTATTCGT-1_3_1"
"106","AATCACGTCTCGCTCA-1_3_1"
"107","AATCGACGTCGTCATA-1_3_1"
"108","AATCGACGTGGGCTCT-1_3_1"
"109","AATGAAGAGAGTCGAC-1_3_1"
"110","AATGAAGAGTGCACCC-1_3_1"
"111","AATGAAGCACCTGCTT-1_3_1"
"112","AATGACCAGAGTGTGC-1_3_1"
"113","AATGACCCATCGTGGC-1_3_1"
"114","AATGCCACAGATCCTA-1_3_1"
"115","AATGCCAGTCACTACA-1_3_1"
"116","AATGCCAGTGCCCGTA-1_3_1"
"117","AATGCCATCGGCACTG-1_3_1"
"118","AATGGCTAGTTAACAG-1_3_1"
"119","AATGGCTTCCCTTTGG-1_3_1"
"120","AATTCCTAGAAGGGAT-1_3_1"
"121","AATTCCTGTGTGTACT-1_3_1"
"122","AATTCCTGTTTCGTTT-1_3_1"
"123","AATTCCTTCCGATCGG-1_3_1"
"124","AATTTCCCAATACGCT-1_3_1"
"125","AATTTCCGTAATACCC-1_3_1"
"126","AATTTCCTCCGTCACT-1_3_1"
"127","AATTTCCTCGTTAGTG-1_3_1"
"128","ACAAAGAAGCGTCTGC-1_3_1"
"129","ACAAAGACAGGACAGT-1_3_1"
"130","ACAACCACATGCGTGC-1_3_1"
"131","ACAACCAGTCCATACA-1_3_1"
"132","ACAACCATCAACACCA-1_3_1"
"133","ACAACCATCTAAGCCA-1_3_1"
"134","ACAAGCTAGACGCTCC-1_3_1"
"135","ACACAGTAGTGATAGT-1_3_1"
"136","ACACAGTAGTTGGCTT-1_3_1"
"137","ACACAGTCACTTGAGT-1_3_1"
"138","ACACCAACAGACTCTA-1_3_1"
"139","ACACCAATCATCGCTC-1_3_1"
"140","ACACGCGTCAATCAGC-1_3_1"
"141","ACACTGAAGATGTTGA-1_3_1"
"142","ACACTGACAACGTATC-1_3_1"
"143","ACACTGACACAGCCTG-1_3_1"
"144","ACACTGAGTACCAATC-1_3_1"
"145","ACACTGAGTACCCGCA-1_3_1"
"146","ACACTGAGTTAGGGTG-1_3_1"
"147","ACAGAAAGTAAGGCCA-1_3_1"
"148","ACAGAAATCACTGAAC-1_3_1"
"149","ACAGCCGAGAAGCGGG-1_3_1"
"150","ACAGCCGGTCTCTCTG-1_3_1"
"151","ACAGCCGTCCCGAAAT-1_3_1"
"152","ACATCCCCACAAGCCC-1_3_1"
"153","ACATCCCGTAGCTTGT-1_3_1"
"154","ACATCCCTCAACGCTA-1_3_1"
"155","ACATCCCTCTTACCAT-1_3_1"
"156","ACATCGAAGAGTCAGC-1_3_1"
"157","ACATCGAAGCACTCCG-1_3_1"
"158","ACATCGAAGTCATAGA-1_3_1"
"159","ACATCGACATATCTCT-1_3_1"
"160","ACATCGAGTCGCTTGG-1_3_1"
"161","ACATGCAAGATGTTCC-1_3_1"
"162","ACATGCACAGTCGGAA-1_3_1"
"163","ACATTTCCAGCCTACG-1_3_1"
"164","ACATTTCTCATTCCTA-1_3_1"
"165","ACATTTCTCTCTCGAC-1_3_1"
"166","ACCAAACAGCGAACTG-1_3_1"
"167","ACCAAACAGTGATAGT-1_3_1"
"168","ACCAAACAGTTGAAAC-1_3_1"
"169","ACCAAACCAATAAGGT-1_3_1"
"170","ACCAAACCACGATAGG-1_3_1"
"171","ACCAAACTCTGTTGGA-1_3_1"
"172","ACCAACAAGGACATCG-1_3_1"
"173","ACCAACAAGGAGAATG-1_3_1"
"174","ACCAACAGTATAGGGC-1_3_1"
"175","ACCAACAGTGCGCTCA-1_3_1"
"176","ACCACAAAGAATACAC-1_3_1"
"177","ACCACAAAGCCTGCCA-1_3_1"
"178","ACCACAACAAATTAGG-1_3_1"
"179","ACCACAACATGACCCG-1_3_1"
"180","ACCACAAGTTCTAAGC-1_3_1"
"181","ACCACAATCCACTAGA-1_3_1"
"182","ACCCAAAAGACATCAA-1_3_1"
"183","ACCCAAAAGACCTCCG-1_3_1"
"184","ACCCAAAGTCGAATGG-1_3_1"
"185","ACCCAAATCCATCTAT-1_3_1"
"186","ACCCAAATCGAAGAAT-1_3_1"
"187","ACCCTCACAGTCTACA-1_3_1"
"188","ACCCTCAGTGGTCTAT-1_3_1"
"189","ACCCTCAGTTCAGCGC-1_3_1"
"190","ACCCTCATCTTGCGCT-1_3_1"
"191","ACCCTTGCAGCCTTCT-1_3_1"
"192","ACCCTTGGTTCCTACC-1_3_1"
"193","ACCGTTCCACATATGC-1_3_1"
"194","ACCGTTCCAGCAATTC-1_3_1"
"195","ACCGTTCGTCACCTTC-1_3_1"
"196","ACCTACCAGTTCTCTT-1_3_1"
"197","ACCTACCCATCTCAAG-1_3_1"
"198","ACCTACCGTATCGGTT-1_3_1"
"199","ACCTACCGTTTGATCG-1_3_1"
"200","ACCTACCTCTGCGGAC-1_3_1"
"201","ACCTGAAAGCTGAAAT-1_3_1"
"202","ACCTGAAAGGACAGCT-1_3_1"
"203","ACCTGAACAACACGAG-1_3_1"
"204","ACCTGTCAGGCCCAAA-1_3_1"
"205","ACGATGTAGTGAATAC-1_3_1"
"206","ACGATGTCAATAACGA-1_3_1"
"207","ACGATGTCACAGAGAC-1_3_1"
"208","ACGATGTCACCGTGGT-1_3_1"
"209","ACGATGTGTGAATAAC-1_3_1"
"210","ACGATGTTCGATGCAT-1_3_1"
"211","ACGCACGCACATCCCT-1_3_1"
"212","ACGCACGGTCGAGTGA-1_3_1"
"213","ACGGAAGAGTCCTGCG-1_3_1"
"214","ACGGAAGCAGGTGTTT-1_3_1"
"215","ACGGAAGGTTGGTGTT-1_3_1"
"216","ACGGGTCCACTTCAGA-1_3_1"
"217","ACGGGTCTCGGTGTAT-1_3_1"
"218","ACGGTCGAGAGCTTTC-1_3_1"
"219","ACGGTCGTCAGAACCT-1_3_1"
"220","ACGGTTAAGTCCGCGT-1_3_1"
"221","ACGGTTACAGGACTTT-1_3_1"
"222","ACGGTTATCGCCACTT-1_3_1"
"223","ACGGTTATCTCATGGA-1_3_1"
"224","ACGGTTATCTGATGGT-1_3_1"
"225","ACGTAACAGCTAGCCC-1_3_1"
"226","ACGTAACAGTCCGTCG-1_3_1"
"227","ACGTAACCACTATCGA-1_3_1"
"228","ACGTAACCATTCCTAT-1_3_1"
"229","ACGTACACACAAGCAG-1_3_1"
"230","ACGTACACAGCGCTTG-1_3_1"
"231","ACGTAGTGTATGAGCG-1_3_1"
"232","ACGTAGTGTTACGTAC-1_3_1"
"233","ACGTTCCAGAGTGAAG-1_3_1"
"234","ACGTTCCAGTATTGCC-1_3_1"
"235","ACTACGAAGTAGAGTT-1_3_1"
"236","ACTACGACAGCATTGT-1_3_1"
"237","ACTACGAGTAGACGTG-1_3_1"
"238","ACTACGAGTTCTCGCT-1_3_1"
"239","ACTACGATCGAAACAA-1_3_1"
"240","ACTACGATCGCGTAGC-1_3_1"
"241","ACTATCTAGAACGCGT-1_3_1"
"242","ACTATCTAGCTGAGCA-1_3_1"
"243","ACTATCTAGGCCTGCT-1_3_1"
"244","ACTATCTAGTTTCAGC-1_3_1"
"245","ACTATCTCACCCATAA-1_3_1"
"246","ACTATCTGTTCGTTCC-1_3_1"
"247","ACTATCTTCAAAGACA-1_3_1"
"248","ACTATCTTCAGAGTTC-1_3_1"
"249","ACTATGGAGTACGAGC-1_3_1"
"250","ACTATGGCAATCACGT-1_3_1"
"251","ACTATTCAGCGGTATG-1_3_1"
"252","ACTATTCCACGTAGTT-1_3_1"
"253","ACTATTCCATAGGTTC-1_3_1"
"254","ACTCCCAAGTGGCGAT-1_3_1"
"255","ACTCCCACATCCGCGA-1_3_1"
"256","ACTCCCAGTACACGTT-1_3_1"
"257","ACTCTCGAGGGCAGGA-1_3_1"
"258","ACTCTCGAGTTTAGGA-1_3_1"
"259","ACTCTCGCAAATTGGA-1_3_1"
"260","ACTCTCGCACAACGTT-1_3_1"
"261","ACTCTCGTCATGCAGT-1_3_1"
"262","ACTCTCGTCCAAGCCG-1_3_1"
"263","ACTGATGAGAAATTGC-1_3_1"
"264","ACTGATGGTATGCAAA-1_3_1"
"265","ACTGATGGTTAAACCC-1_3_1"
"266","ACTGATGTCCGCAGTG-1_3_1"
"267","ACTGCAAAGAGGGTCT-1_3_1"
"268","ACTGCAATCCGAGAAG-1_3_1"
"269","ACTGTCCAGCATCGAG-1_3_1"
"270","ACTGTCCCAACAAGAT-1_3_1"
"271","ACTGTCCCACTACCCT-1_3_1"
"272","ACTGTCCTCCATCTCG-1_3_1"
"273","ACTGTCCTCTTTCTAG-1_3_1"
"274","ACTGTGAAGAGCAGTC-1_3_1"
"275","ACTGTGAAGCGACTGA-1_3_1"
"276","ACTGTGACAGTCAGTT-1_3_1"
"277","ACTGTGAGTTTGGAGG-1_3_1"
"278","ACTGTGATCCAAGAGG-1_3_1"
"279","ACTTAGGTCATAGAGA-1_3_1"
"280","ACTTAGGTCTGGACCG-1_3_1"
"281","ACTTATCAGTCACTGT-1_3_1"
"282","ACTTATCCACTGAGTT-1_3_1"
"283","ACTTATCGTAACACCT-1_3_1"
"284","ACTTATCGTATCATGC-1_3_1"
"285","ACTTATCGTCACGCTG-1_3_1"
"286","ACTTATCGTTAGAGTA-1_3_1"
"287","ACTTCCGAGATGGTCG-1_3_1"
"288","ACTTCCGAGCGTCTGC-1_3_1"
"289","ACTTCCGCACTGGACC-1_3_1"
"290","ACTTCCGCAGTACTAC-1_3_1"
"291","ACTTCCGTCGGCATCG-1_3_1"
"292","ACTTCGCCAAAGGGCT-1_3_1"
"293","ACTTCGCCACAGCCTG-1_3_1"
"294","ACTTCGCGTCTTCTAT-1_3_1"
"295","ACTTCGCGTGGCTTAT-1_3_1"
"296","ACTTCGCGTTTAAGGA-1_3_1"
"297","ACTTTGTAGACCGTTT-1_3_1"
"298","AGAACAAAGGTAGACC-1_3_1"
"299","AGAACCTAGTCAGAGC-1_3_1"
"300","AGAACCTCAACTGCCG-1_3_1"
"301","AGAACCTTCAGCTGAT-1_3_1"
"302","AGAACCTTCCAACACA-1_3_1"
"303","AGAAGCGCAGGACAGT-1_3_1"
"304","AGAAGCGTCATTCGTT-1_3_1"
"305","AGAAGCGTCTACCAGA-1_3_1"
"306","AGAAGTAAGCTGGCCT-1_3_1"
"307","AGAAGTAAGGAAGTCC-1_3_1"
"308","AGAAGTACAAGCTGTT-1_3_1"
"309","AGAAGTAGTACTCGCG-1_3_1"
"310","AGACAAACATGCCGCA-1_3_1"
"311","AGACAAATCTGGGATT-1_3_1"
"312","AGACACTAGCTGCCTG-1_3_1"
"313","AGACACTCAGGCCCTA-1_3_1"
"314","AGACACTGTGTTCGTA-1_3_1"
"315","AGACAGGAGGACTAAT-1_3_1"
"316","AGACAGGGTTGACTAC-1_3_1"
"317","AGACCATCAACGCATT-1_3_1"
"318","AGACCATCACCTATCC-1_3_1"
"319","AGACCATCACGTACTA-1_3_1"
"320","AGACCATCAGTCAACT-1_3_1"
"321","AGACCATTCCCATAGA-1_3_1"
"322","AGACCCGCACTGTCCT-1_3_1"
"323","AGACCCGCAGCGGTTC-1_3_1"
"324","AGACCCGGTAATTAGG-1_3_1"
"325","AGACCCGGTGCGTTTA-1_3_1"
"326","AGACCCGGTTTGCAGT-1_3_1"
"327","AGACTCAAGTGCAGGT-1_3_1"
"328","AGACTCACAATACCCA-1_3_1"
"329","AGACTCAGTAACGTTC-1_3_1"
"330","AGACTCAGTTACCCAA-1_3_1"
"331","AGACTCAGTTTACCAG-1_3_1"
"332","AGACTCATCCGGTAGC-1_3_1"
"333","AGAGAATAGAACGCGT-1_3_1"
"334","AGAGAATAGGTATAGT-1_3_1"
"335","AGAGAATCAAACTCTG-1_3_1"
"336","AGAGAATTCTGAGCAT-1_3_1"
"337","AGAGAGCCAACACGTT-1_3_1"
"338","AGAGAGCCAAGTGTCT-1_3_1"
"339","AGAGCAGAGAAGTGTT-1_3_1"
"340","AGAGCAGCAGAGAAAG-1_3_1"
"341","AGAGCAGCATCCCGTT-1_3_1"
"342","AGAGCAGGTGTCCACG-1_3_1"
"343","AGAGCCCAGGCCACCT-1_3_1"
"344","AGAGCCCGTCAGACGA-1_3_1"
"345","AGAGCCCGTTGTTGTG-1_3_1"
"346","AGATAGAAGACTGGGT-1_3_1"
"347","AGATCCATCGGTAAGG-1_3_1"
"348","AGATCGTAGTTTCAGC-1_3_1"
"349","AGATCGTCAACGCATT-1_3_1"
"350","AGATCGTCACCAGGTC-1_3_1"
"351","AGATCGTGTCCACACG-1_3_1"
"352","AGATCGTGTCCCTAAA-1_3_1"
"353","AGATCGTGTTATGTGC-1_3_1"
"354","AGATCGTTCATTGCCC-1_3_1"
"355","AGATCGTTCCAATCTT-1_3_1"
"356","AGATCGTTCTTACTGT-1_3_1"
"357","AGATGAACAAGACTGG-1_3_1"
"358","AGATGAAGTACTGAGG-1_3_1"
"359","AGATGAAGTGCGTGCT-1_3_1"
"360","AGATGCTAGACGACGT-1_3_1"
"361","AGATGCTAGGCATGGT-1_3_1"
"362","AGCATCAAGGTCCCTG-1_3_1"
"363","AGCATCACATTGCTGA-1_3_1"
"364","AGCATCAGTCACCACG-1_3_1"
"365","AGCATCATCCGCAAAT-1_3_1"
"366","AGCATCATCGCAGTCG-1_3_1"
"367","AGCATCATCTGTAAGC-1_3_1"
"368","AGCCAATCACCTCTGT-1_3_1"
"369","AGCCAATGTCGACTTA-1_3_1"
"370","AGCCAATGTGTGTACT-1_3_1"
"371","AGCCACGAGGCTCTAT-1_3_1"
"372","AGCCACGCAATAACGA-1_3_1"
"373","AGCCACGCACCGTGAC-1_3_1"
"374","AGCCACGGTCCCTCAT-1_3_1"
"375","AGCCAGCAGTCATGGG-1_3_1"
"376","AGCCAGCCAGATTCGT-1_3_1"
"377","AGCCAGCCATCAGCGC-1_3_1"
"378","AGCCAGCGTCCTCAGG-1_3_1"
"379","AGCCAGCTCCCATAGA-1_3_1"
"380","AGCGATTGTAGGAAAG-1_3_1"
"381","AGCGATTGTCGCTGCA-1_3_1"
"382","AGCGATTGTTACCCAA-1_3_1"
"383","AGCGCCAAGCAAATGT-1_3_1"
"384","AGCGCTGAGGGTACGT-1_3_1"
"385","AGCGCTGCAGCCCAGT-1_3_1"
"386","AGCGCTGTCACCTGTC-1_3_1"
"387","AGCGCTGTCGATCCCT-1_3_1"
"388","AGCGTATAGAGCATTA-1_3_1"
"389","AGCGTATCAAGCCCAC-1_3_1"
"390","AGCGTATGTGACTATC-1_3_1"
"391","AGCGTATGTTTACACG-1_3_1"
"392","AGCGTATTCCGTTGGG-1_3_1"
"393","AGCGTCGCATTACGGT-1_3_1"
"394","AGCTACAAGCGAGAAA-1_3_1"
"395","AGCTACAAGTACTGTC-1_3_1"
"396","AGCTCAAGTTGGCTAT-1_3_1"
"397","AGCTTCCAGATAGTGT-1_3_1"
"398","AGCTTCCGTCGGCACT-1_3_1"
"399","AGGAAATAGGGCCTCT-1_3_1"
"400","AGGAAATAGTGGCGAT-1_3_1"
"401","AGGAAATCAAGCTGCC-1_3_1"
"402","AGGAAATGTTCTCTAT-1_3_1"
"403","AGGACTTCAGAAGCGT-1_3_1"
"404","AGGACTTGTCACCACG-1_3_1"
"405","AGGACTTGTTCATCGA-1_3_1"
"406","AGGAGGTAGTAACGTA-1_3_1"
"407","AGGAGGTGTACATACC-1_3_1"
"408","AGGAGGTGTAGCGTTT-1_3_1"
"409","AGGAGGTGTATTGGCT-1_3_1"
"410","AGGAGGTTCACCCTGT-1_3_1"
"411","AGGAGGTTCGTCCATC-1_3_1"
"412","AGGATAAAGGCAGCTA-1_3_1"
"413","AGGATAACAGTTGAAA-1_3_1"
"414","AGGATCTAGGGAGGTG-1_3_1"
"415","AGGATCTCACCAGTTA-1_3_1"
"416","AGGATCTCATCCAACA-1_3_1"
"417","AGGATCTGTGTATCCA-1_3_1"
"418","AGGATCTTCCATATGG-1_3_1"
"419","AGGATCTTCTAGAGCT-1_3_1"
"420","AGGCATTCATCCGATA-1_3_1"
"421","AGGCATTGTTGGGACA-1_3_1"
"422","AGGCATTTCTGAGAAA-1_3_1"
"423","AGGCATTTCTGCTGAA-1_3_1"
"424","AGGCCACCAAGCACAG-1_3_1"
"425","AGGCCACGTATCGTAC-1_3_1"
"426","AGGCTGCAGCGTATGG-1_3_1"
"427","AGGCTGCAGGCTAACG-1_3_1"
"428","AGGCTGCAGGGACCAT-1_3_1"
"429","AGGCTGCCAGAACTCT-1_3_1"
"430","AGGGAGTAGGGCTAAC-1_3_1"
"431","AGGGAGTCACATGTTG-1_3_1"
"432","AGGGAGTGTATCCTTT-1_3_1"
"433","AGGGCCTAGTTGGCGA-1_3_1"
"434","AGGGCCTAGTTTGGCT-1_3_1"
"435","AGGGCCTGTTGCTCAA-1_3_1"
"436","AGGGCTCAGCGTCAGA-1_3_1"
"437","AGGGCTCAGTCAGCGA-1_3_1"
"438","AGGGCTCCAAGCTGCC-1_3_1"
"439","AGGGCTCCACTTGTCC-1_3_1"
"440","AGGGCTCTCCTCGCAT-1_3_1"
"441","AGGGTCCTCAGAATAG-1_3_1"
"442","AGGGTGACACCCTGTT-1_3_1"
"443","AGGGTTTAGAGGGCGA-1_3_1"
"444","AGGGTTTAGATACCAA-1_3_1"
"445","AGGGTTTAGTTGTAGA-1_3_1"
"446","AGGGTTTGTCGGATTT-1_3_1"
"447","AGGGTTTTCAGCAGAG-1_3_1"
"448","AGGGTTTTCGTGCACG-1_3_1"
"449","AGGGTTTTCGTGGACC-1_3_1"
"450","AGGTAGGCAACTGCTA-1_3_1"
"451","AGGTAGGCATCGAACT-1_3_1"
"452","AGGTAGGTCAACCTTT-1_3_1"
"453","AGGTCATCAGTCGGTC-1_3_1"
"454","AGGTCATCATACCAGT-1_3_1"
"455","AGGTCATGTGAGATCG-1_3_1"
"456","AGGTCATTCAGTGTTG-1_3_1"
"457","AGGTCTATCGCCAGAC-1_3_1"
"458","AGGTGTTGTTGCTAGT-1_3_1"
"459","AGGTGTTTCACAATGC-1_3_1"
"460","AGGTGTTTCATTGCGA-1_3_1"
"461","AGGTTACAGAGTCTGG-1_3_1"
"462","AGGTTACAGTTTGAGA-1_3_1"
"463","AGGTTACCAGCACCCA-1_3_1"
"464","AGGTTACGTCTTTCAT-1_3_1"
"465","AGGTTACTCTTAAGGC-1_3_1"
"466","AGGTTGTGTCGATTAC-1_3_1"
"467","AGTACCAAGCGTTCAT-1_3_1"
"468","AGTACTGAGTGCTACT-1_3_1"
"469","AGTACTGGTACGCTAT-1_3_1"
"470","AGTACTGGTGTGTCGC-1_3_1"
"471","AGTACTGTCATGGTAC-1_3_1"
"472","AGTACTGTCATTACTC-1_3_1"
"473","AGTACTGTCGAAACAA-1_3_1"
"474","AGTAGCTAGTAGCTCT-1_3_1"
"475","AGTAGCTGTGTTAACC-1_3_1"
"476","AGTAGTCAGACGCCCT-1_3_1"
"477","AGTAGTCCACAAATCC-1_3_1"
"478","AGTAGTCGTAGATCGG-1_3_1"
"479","AGTAGTCTCAACGTGT-1_3_1"
"480","AGTAGTCTCCCATACC-1_3_1"
"481","AGTCAACAGACGGTCA-1_3_1"
"482","AGTCAACCACCAAAGG-1_3_1"
"483","AGTCAACGTCGAACGA-1_3_1"
"484","AGTCAACGTGGCCCAT-1_3_1"
"485","AGTCACAAGAATGTTG-1_3_1"
"486","AGTCACAAGCAATTAG-1_3_1"
"487","AGTCACACAACGTTAC-1_3_1"
"488","AGTCACACAATACCTG-1_3_1"
"489","AGTCACAGTGAATAAC-1_3_1"
"490","AGTCACATCCGAAGGA-1_3_1"
"491","AGTCATGGTTCGATTG-1_3_1"
"492","AGTCATGTCTCGACGG-1_3_1"
"493","AGTCTCCGTGAGGCAT-1_3_1"
"494","AGTGACTAGTACGTCT-1_3_1"
"495","AGTGACTCACGCTGTG-1_3_1"
"496","AGTGACTCAGTCAGTT-1_3_1"
"497","AGTGACTGTCAAGGCA-1_3_1"
"498","AGTGACTGTGCGAGTA-1_3_1"
"499","AGTGACTTCTACTGAG-1_3_1"
"500","AGTGCCGAGAGGCCAT-1_3_1"
"501","AGTGCCGAGGATATAC-1_3_1"
"502","AGTGCCGCAAATGCTC-1_3_1"
"503","AGTGTTGCACTGTCCT-1_3_1"
"504","AGTGTTGGTACCTGTA-1_3_1"
"505","AGTGTTGGTAGATTAG-1_3_1"
"506","AGTGTTGGTGCATTTG-1_3_1"
"507","AGTGTTGGTTGGGTAG-1_3_1"
"508","AGTGTTGTCGCCAGTG-1_3_1"
"509","AGTTCCCCAATAAGGT-1_3_1"
"510","AGTTCCCGTCAAATCC-1_3_1"
"511","AGTTCGAAGACAACTA-1_3_1"
"512","AGTTCGACATTGACTG-1_3_1"
"513","ATACCGACACATATGC-1_3_1"
"514","ATACCGACAGTGCGCT-1_3_1"
"515","ATACCGAGTGCTGTCG-1_3_1"
"516","ATACCTTGTACCTGTA-1_3_1"
"517","ATACTTCAGAATCGCG-1_3_1"
"518","ATACTTCCAATCAAGA-1_3_1"
"519","ATAGACCAGGTGTGAC-1_3_1"
"520","ATAGACCCAGCTGCCA-1_3_1"
"521","ATAGACCGTACCTTCC-1_3_1"
"522","ATAGACCGTCGCTCGA-1_3_1"
"523","ATAGACCGTGATTCTG-1_3_1"
"524","ATAGACCTCGATACAC-1_3_1"
"525","ATAGGCTCAGGTTCGC-1_3_1"
"526","ATAGGCTCATTCTCTA-1_3_1"
"527","ATAGGCTGTTTGGGTT-1_3_1"
"528","ATCACAGCAAGAATAC-1_3_1"
"529","ATCACAGTCGAGAGCA-1_3_1"
"530","ATCACGAAGGATGAGA-1_3_1"
"531","ATCACGACAACTTGCA-1_3_1"
"532","ATCACGACACCCTGAG-1_3_1"
"533","ATCACGACATGGGCAA-1_3_1"
"534","ATCACGAGTCAGGTAG-1_3_1"
"535","ATCACGAGTCCCACGA-1_3_1"
"536","ATCACTTCAGCGTTGC-1_3_1"
"537","ATCACTTTCCATTGCC-1_3_1"
"538","ATCATTCGTTGAATCC-1_3_1"
"539","ATCCACCGTATATGGA-1_3_1"
"540","ATCCACCTCAGCTGAT-1_3_1"
"541","ATCCATTAGAGCACTG-1_3_1"
"542","ATCCATTAGCACCAGA-1_3_1"
"543","ATCCATTTCCCGGTAG-1_3_1"
"544","ATCCATTTCGACATTG-1_3_1"
"545","ATCCCTGAGAGGTTAT-1_3_1"
"546","ATCCCTGAGATGTTCC-1_3_1"
"547","ATCCCTGAGCTGAAGC-1_3_1"
"548","ATCCCTGTCAGCATTG-1_3_1"
"549","ATCCCTGTCCATTTGT-1_3_1"
"550","ATCCGTCAGCAGCCCT-1_3_1"
"551","ATCCGTCAGCTCCGAC-1_3_1"
"552","ATCCGTCCAACTTCTT-1_3_1"
"553","ATCCTATAGGGCGAAG-1_3_1"
"554","ATCCTATCACAGCGCT-1_3_1"
"555","ATCCTATTCTACGCAA-1_3_1"
"556","ATCGATGCACTTGACA-1_3_1"
"557","ATCGATGCATGACTAC-1_3_1"
"558","ATCGATGGTCCTTAAG-1_3_1"
"559","ATCGATGGTTATAGAG-1_3_1"
"560","ATCGCCTAGTACAGAT-1_3_1"
"561","ATCGCCTCACAAGGTG-1_3_1"
"562","ATCGGATGTGTAGGAC-1_3_1"
"563","ATCGGATTCCCTATTA-1_3_1"
"564","ATCGGCGAGGTTGACG-1_3_1"
"565","ATCGGCGAGTTACGGG-1_3_1"
"566","ATCGGCGGTTCTGACA-1_3_1"
"567","ATCGGCGTCCATTGCC-1_3_1"
"568","ATCGTAGCAACATACC-1_3_1"
"569","ATCGTAGGTCGCATTA-1_3_1"
"570","ATCGTCCCAAAGCGTG-1_3_1"
"571","ATCGTCCCAGAGTCAG-1_3_1"
"572","ATCGTGACATGCCATA-1_3_1"
"573","ATCGTGAGTGGTAATA-1_3_1"
"574","ATCGTGATCAGAATAG-1_3_1"
"575","ATCTCTACAGCGTAGA-1_3_1"
"576","ATCTCTACAGGCGTTC-1_3_1"
"577","ATCTCTATCCTCATAT-1_3_1"
"578","ATCTCTATCGTGAGAG-1_3_1"
"579","ATCTTCACAGTCGCTG-1_3_1"
"580","ATCTTCAGTGGCCTCA-1_3_1"
"581","ATCTTCAGTTTAGAGA-1_3_1"
"582","ATGAAAGGTGGCCCAT-1_3_1"
"583","ATGAAAGTCGCGTAGC-1_3_1"
"584","ATGACCAAGGCGCTTC-1_3_1"
"585","ATGACCACAGGCACAA-1_3_1"
"586","ATGACCACAGGCACTC-1_3_1"
"587","ATGACCAGTATGTCCA-1_3_1"
"588","ATGACCAGTCTCAGAT-1_3_1"
"589","ATGAGGGAGACCAGCA-1_3_1"
"590","ATGAGGGCATTGCTGA-1_3_1"
"591","ATGAGGGGTATGAGGC-1_3_1"
"592","ATGAGTCAGGATAATC-1_3_1"
"593","ATGAGTCCATCCAATG-1_3_1"
"594","ATGAGTCCATTCGATG-1_3_1"
"595","ATGATCGTCGTTCAGA-1_3_1"
"596","ATGCATGTCACATACG-1_3_1"
"597","ATGCCTCAGAATTCAG-1_3_1"
"598","ATGCCTCCAACACGAG-1_3_1"
"599","ATGCCTCCATCGCTGG-1_3_1"
"600","ATGCGATTCCATCTCG-1_3_1"
"601","ATGCGATTCCCTCAAC-1_3_1"
"602","ATGCGATTCGATTGAC-1_3_1"
"603","ATGGAGGGTGTGTGTT-1_3_1"
"604","ATGGATCGTTCTATCT-1_3_1"
"605","ATGGGAGAGCATCCCG-1_3_1"
"606","ATGGGAGAGTTGCGCC-1_3_1"
"607","ATGGGTTAGGTTCTTG-1_3_1"
"608","ATGGGTTCATGTACGT-1_3_1"
"609","ATGGGTTGTCAGGCAA-1_3_1"
"610","ATGGTTGAGGAAGTGA-1_3_1"
"611","ATGGTTGCACCTTCCA-1_3_1"
"612","ATGGTTGGTGCTCCGA-1_3_1"
"613","ATGGTTGGTTTGGGAG-1_3_1"
"614","ATGGTTGTCAGTCCGG-1_3_1"
"615","ATGGTTGTCGGCTCTT-1_3_1"
"616","ATGTCTTGTGAACGGT-1_3_1"
"617","ATGTCTTTCTCCCAAC-1_3_1"
"618","ATTACCTCATTCGGGC-1_3_1"
"619","ATTACCTGTAACAGTA-1_3_1"
"620","ATTACCTTCACTTGTT-1_3_1"
"621","ATTACTCAGGTAAGAG-1_3_1"
"622","ATTACTCCACTGTTCC-1_3_1"
"623","ATTACTCCATACCATG-1_3_1"
"624","ATTACTCGTACAGTCT-1_3_1"
"625","ATTACTCTCGGTCGAC-1_3_1"
"626","ATTATCCCACTAGGCC-1_3_1"
"627","ATTATCCGTAGGTAGC-1_3_1"
"628","ATTATCCGTCTGCGCA-1_3_1"
"629","ATTATCCGTTATGTGC-1_3_1"
"630","ATTCACTAGGCCTAGA-1_3_1"
"631","ATTCACTTCAAACGTC-1_3_1"
"632","ATTCAGGCATTCGATG-1_3_1"
"633","ATTCAGGTCAGCTCTC-1_3_1"
"634","ATTCATCAGGCCGCTT-1_3_1"
"635","ATTCATCTCGTTCCCA-1_3_1"
"636","ATTCCATAGAGTGTTA-1_3_1"
"637","ATTCCATCAACTTCTT-1_3_1"
"638","ATTCCATCAGAAATCA-1_3_1"
"639","ATTCCATCAGGTCCCA-1_3_1"
"640","ATTCCATGTACGGCAA-1_3_1"
"641","ATTCCATTCCTTATCA-1_3_1"
"642","ATTCCCGCATGTCAGT-1_3_1"
"643","ATTCCCGGTTTAGACC-1_3_1"
"644","ATTCCCGTCCTTCTTC-1_3_1"
"645","ATTCCTAAGGCCTAAG-1_3_1"
"646","ATTCCTACAACTGAAA-1_3_1"
"647","ATTCGTTAGACATCCT-1_3_1"
"648","ATTCTACCAGAGCCCT-1_3_1"
"649","ATTCTACGTCACCGAC-1_3_1"
"650","ATTCTACTCGCCTAGG-1_3_1"
"651","ATTCTTGGTCTGTCAA-1_3_1"
"652","ATTCTTGTCAGTCTTT-1_3_1"
"653","ATTGGGTAGAGTGAAG-1_3_1"
"654","ATTGTTCAGTTTGCTG-1_3_1"
"655","ATTGTTCCAAAGGAGA-1_3_1"
"656","ATTGTTCCAATTTCTC-1_3_1"
"657","ATTGTTCGTAGGAGGG-1_3_1"
"658","ATTGTTCTCTCACTCG-1_3_1"
"659","ATTTACCAGCTACTAC-1_3_1"
"660","ATTTACCTCAAGCCAT-1_3_1"
"661","ATTTCACAGGAACTAT-1_3_1"
"662","ATTTCACAGGAGAGTA-1_3_1"
"663","ATTTCACAGGTCATAA-1_3_1"
"664","ATTTCACGTCCAAATC-1_3_1"
"665","ATTTCACTCTCGTCGT-1_3_1"
"666","ATTTCTGAGAGATTCA-1_3_1"
"667","ATTTCTGCAACCTATG-1_3_1"
"668","ATTTCTGCAGCTTTGA-1_3_1"
"669","ATTTCTGTCTGTCTCG-1_3_1"
"670","CAAAGAACAGCACAAG-1_3_1"
"671","CAACAACTCGACGATT-1_3_1"
"672","CAACAGTGTTGGGCCT-1_3_1"
"673","CAACCAACACTACTTT-1_3_1"
"674","CAACCTCAGGAGATAG-1_3_1"
"675","CAACCTCGTGTTATCG-1_3_1"
"676","CAACCTCGTTTGGGTT-1_3_1"
"677","CAACGATCACTGAATC-1_3_1"
"678","CAACGATGTTAGGGAC-1_3_1"
"679","CAACGGCAGACGGTCA-1_3_1"
"680","CAACGGCCATAATCCG-1_3_1"
"681","CAACGGCTCTTTCAGT-1_3_1"
"682","CAAGACTAGCCGTTGC-1_3_1"
"683","CAAGAGGGTAATCAGA-1_3_1"
"684","CAAGCTAGTGCAGGAT-1_3_1"
"685","CAAGCTATCATGCGGC-1_3_1"
"686","CAAGGGACAGTCGAGA-1_3_1"
"687","CAAGGGAGTGTCCATA-1_3_1"
"688","CAAGGGATCGTAGAGG-1_3_1"
"689","CAATACGAGTCACGCC-1_3_1"
"690","CAATACGCACTGTGAT-1_3_1"
"691","CAATACGGTAAGATTG-1_3_1"
"692","CAATACGGTACTTGTG-1_3_1"
"693","CAATACGTCATCCTGC-1_3_1"
"694","CAATTTCCAAAGTGTA-1_3_1"
"695","CAATTTCCAAATCAGA-1_3_1"
"696","CACAACACAAGAGTTA-1_3_1"
"697","CACAACACAATTCGTG-1_3_1"
"698","CACACAAAGTAAACGT-1_3_1"
"699","CACACAACAAACGAGC-1_3_1"
"700","CACACAAGTACGACTT-1_3_1"
"701","CACACAAGTGCATGAG-1_3_1"
"702","CACAGATAGCATCAAA-1_3_1"
"703","CACAGATAGTCTGGTT-1_3_1"
"704","CACAGATTCCAGTTCC-1_3_1"
"705","CACAGATTCGTGTCAA-1_3_1"
"706","CACAGGCAGAGTTGCG-1_3_1"
"707","CACAGGCAGTCTAGAA-1_3_1"
"708","CACAGGCTCGACCAAT-1_3_1"
"709","CACATGAAGGAGGTTC-1_3_1"
"710","CACATGAGTCAAGCCC-1_3_1"
"711","CACATGATCGAACGCC-1_3_1"
"712","CACCAAAAGCGCTTCG-1_3_1"
"713","CACCAAATCACGAACT-1_3_1"
"714","CACCAAATCGCCTAGG-1_3_1"
"715","CACCGTTCAGAAGTTA-1_3_1"
"716","CACCGTTTCATCGACA-1_3_1"
"717","CACGAATAGAACGTGC-1_3_1"
"718","CACGAATAGCGTTGTT-1_3_1"
"719","CACGAATAGTCCCTAA-1_3_1"
"720","CACGGGTAGAGTCGAC-1_3_1"
"721","CACGGGTCACTGTCGG-1_3_1"
"722","CACGGGTCATGACTTG-1_3_1"
"723","CACGGGTGTACGAAAT-1_3_1"
"724","CACGTGGCAGACGGAT-1_3_1"
"725","CACGTGGTCCTACTGC-1_3_1"
"726","CACGTTCAGACCATAA-1_3_1"
"727","CACTAAGCATACCACA-1_3_1"
"728","CACTGAATCTCAGGCG-1_3_1"
"729","CACTGGGAGAGCTTTC-1_3_1"
"730","CACTGGGAGGACAGTC-1_3_1"
"731","CACTGGGCAATCTCTT-1_3_1"
"732","CACTGGGGTCGGCACT-1_3_1"
"733","CACTGGGGTCGGCCTA-1_3_1"
"734","CACTGTCCACTGAATC-1_3_1"
"735","CACTGTCGTCCGGCAT-1_3_1"
"736","CACTGTCGTGCATTTG-1_3_1"
"737","CACTTCGAGTAAGAGG-1_3_1"
"738","CACTTCGGTATCGAAA-1_3_1"
"739","CACTTCGTCTTAGCAG-1_3_1"
"740","CAGAGCCGTGAACTAA-1_3_1"
"741","CAGAGCCTCGAAGAAT-1_3_1"
"742","CAGATACAGCGGTAGT-1_3_1"
"743","CAGATACAGGCCTAAG-1_3_1"
"744","CAGATACCACCACTGG-1_3_1"
"745","CAGATCAGTCGCTCGA-1_3_1"
"746","CAGATCAGTTTGGGTT-1_3_1"
"747","CAGATTGCATAGAATG-1_3_1"
"748","CAGATTGGTTGCTTGA-1_3_1"
"749","CAGATTGTCCTTCTTC-1_3_1"
"750","CAGATTGTCTCATTAC-1_3_1"
"751","CAGCAATAGTAAATGC-1_3_1"
"752","CAGCAATTCAGACCGC-1_3_1"
"753","CAGCACGCAGCTCGGT-1_3_1"
"754","CAGCACGGTACAGGTG-1_3_1"
"755","CAGCACGGTCTCCTGT-1_3_1"
"756","CAGCACGGTGTGGTCC-1_3_1"
"757","CAGCACGGTGTTTGCA-1_3_1"
"758","CAGCACGTCTTCTCAA-1_3_1"
"759","CAGCAGCAGGGATCTG-1_3_1"
"760","CAGCAGCGTGGCACTC-1_3_1"
"761","CAGCAGCTCCTACCAC-1_3_1"
"762","CAGCAGCTCTGGAAGG-1_3_1"
"763","CAGCCAGAGGTTGCCC-1_3_1"
"764","CAGCCAGAGTGGCCTC-1_3_1"
"765","CAGCGTGAGCGCTGAA-1_3_1"
"766","CAGCGTGGTTGGAGGT-1_3_1"
"767","CAGCGTGTCGAGAAAT-1_3_1"
"768","CAGCGTGTCTTAGCTT-1_3_1"
"769","CAGGCCACAAGTCGTT-1_3_1"
"770","CAGGGCTGTGTCTTAG-1_3_1"
"771","CAGGTATAGCTAATGA-1_3_1"
"772","CAGGTATAGGACCCAA-1_3_1"
"773","CAGGTATTCCATTGTT-1_3_1"
"774","CAGGTATTCCGCATAA-1_3_1"
"775","CAGTGCGTCCCAATAG-1_3_1"
"776","CAGTTAGTCTCCTGCA-1_3_1"
"777","CAGTTCCAGAAGGCTC-1_3_1"
"778","CAGTTCCAGCAATTCC-1_3_1"
"779","CAGTTCCCACAATGCT-1_3_1"
"780","CAGTTCCGTCAGACGA-1_3_1"
"781","CATAAGCAGCCGGAAT-1_3_1"
"782","CATAAGCAGCGGACAT-1_3_1"
"783","CATAAGCCACGATAGG-1_3_1"
"784","CATACAGAGCCACCGT-1_3_1"
"785","CATACAGCACAATGCT-1_3_1"
"786","CATACAGCAGTATTCG-1_3_1"
"787","CATACAGTCGGAATTC-1_3_1"
"788","CATACAGTCTACAGGT-1_3_1"
"789","CATACCCAGTCACTGT-1_3_1"
"790","CATACCCCAGGTATGG-1_3_1"
"791","CATACCCTCAGTGATC-1_3_1"
"792","CATACCCTCTCCCAAC-1_3_1"
"793","CATACTTTCCATCTGC-1_3_1"
"794","CATAGACGTCCCTGAG-1_3_1"
"795","CATAGACTCTGGGCCA-1_3_1"
"796","CATCAAGGTAACTTCG-1_3_1"
"797","CATCCACGTATCGCGC-1_3_1"
"798","CATCCACTCCACGGAC-1_3_1"
"799","CATCCCACAGTGACCC-1_3_1"
"800","CATCCGTAGGGTCTTT-1_3_1"
"801","CATCGCTGTACAAGCG-1_3_1"
"802","CATCGCTTCTCTAGGA-1_3_1"
"803","CATCGGGCATCTGCGG-1_3_1"
"804","CATCGGGTCTCTTAAC-1_3_1"
"805","CATGAGTCACCCATAA-1_3_1"
"806","CATGAGTTCGCCATAA-1_3_1"
"807","CATGAGTTCGCTTACC-1_3_1"
"808","CATGAGTTCTGACAGT-1_3_1"
"809","CATGCAAGTGTGCCTG-1_3_1"
"810","CATGCCTAGAAGCTGC-1_3_1"
"811","CATGCCTCACATGGTT-1_3_1"
"812","CATGCCTCACTACGGC-1_3_1"
"813","CATGCCTCAGGATTCT-1_3_1"
"814","CATGCCTGTTACACAC-1_3_1"
"815","CATGCGGAGCAGTACG-1_3_1"
"816","CATGCGGAGCGAACTG-1_3_1"
"817","CATGCGGCAGTTCCAA-1_3_1"
"818","CATGCTCAGACTCAAA-1_3_1"
"819","CATGCTCCATAATGAG-1_3_1"
"820","CATGCTCTCTATCGTT-1_3_1"
"821","CATGGATCATGGGTTT-1_3_1"
"822","CATGGATGTTCAAGGG-1_3_1"
"823","CATTCATCAGCAGGAT-1_3_1"
"824","CATTCATTCAAGCTTG-1_3_1"
"825","CATTCCGAGCATCAGG-1_3_1"
"826","CATTCCGGTAGTCGGA-1_3_1"
"827","CATTCCGGTGAACTAA-1_3_1"
"828","CATTCCGTCATGCTAG-1_3_1"
"829","CATTCCGTCTTACCGC-1_3_1"
"830","CATTCTAAGCTCACTA-1_3_1"
"831","CATTCTACAGGTTCGC-1_3_1"
"832","CATTCTAGTCCAGTTA-1_3_1"
"833","CATTCTAGTTGCTCGG-1_3_1"
"834","CATTCTATCTGGTGCG-1_3_1"
"835","CATTGAGAGTGACCTT-1_3_1"
"836","CATTGAGCACTGTGAT-1_3_1"
"837","CATTGTTCACCTGATA-1_3_1"
"838","CATTGTTTCATTGCGA-1_3_1"
"839","CATTGTTTCTCCTACG-1_3_1"
"840","CATTTCAAGAGTCTGG-1_3_1"
"841","CATTTCACACAAACGG-1_3_1"
"842","CATTTCACATCTTTCA-1_3_1"
"843","CATTTCAGTATTCCGA-1_3_1"
"844","CATTTCATCCTACCAC-1_3_1"
"845","CATTTCATCGCTACGG-1_3_1"
"846","CCAAGCGAGCGTCAAG-1_3_1"
"847","CCAAGCGAGGCTCTCG-1_3_1"
"848","CCAAGCGGTGTCTCCT-1_3_1"
"849","CCAAGCGTCTGCGTCT-1_3_1"
"850","CCAATGACACCTAAAC-1_3_1"
"851","CCAATGACAGTCAGAG-1_3_1"
"852","CCAATGACATCACCAA-1_3_1"
"853","CCAATGATCTTCACGC-1_3_1"
"854","CCAATTTAGACCCGCT-1_3_1"
"855","CCAATTTCAATGTCAC-1_3_1"
"856","CCAATTTCACGAGGTA-1_3_1"
"857","CCAATTTGTCCCAAAT-1_3_1"
"858","CCAATTTGTCTCAGAT-1_3_1"
"859","CCACAAAAGATGAAGG-1_3_1"
"860","CCACAAACACTGCACG-1_3_1"
"861","CCACAAAGTAGGAGGG-1_3_1"
"862","CCACAAATCTCCTACG-1_3_1"
"863","CCACACTCAGACTCTA-1_3_1"
"864","CCACACTCAGTCAGTT-1_3_1"
"865","CCACACTCATAGACTC-1_3_1"
"866","CCACACTGTCCCGTGA-1_3_1"
"867","CCACACTGTCCTGTTC-1_3_1"
"868","CCACACTTCCACGTGG-1_3_1"
"869","CCACCATCACTGAATC-1_3_1"
"870","CCACCATGTGGATTTC-1_3_1"
"871","CCACCATGTTCGATTG-1_3_1"
"872","CCACCATGTTGTCAGT-1_3_1"
"873","CCACGAGCAACTGTGT-1_3_1"
"874","CCACGTTAGATGATTG-1_3_1"
"875","CCACGTTCAAGCGGAT-1_3_1"
"876","CCACGTTGTCCACACG-1_3_1"
"877","CCACGTTTCCGTAGTA-1_3_1"
"878","CCATAAGAGCCAGACA-1_3_1"
"879","CCATCACCACGCCAGT-1_3_1"
"880","CCATCACGTTAGCTAC-1_3_1"
"881","CCATCACTCTACCTTA-1_3_1"
"882","CCATCACTCTGTTGGA-1_3_1"
"883","CCCAACTCACAGAGCA-1_3_1"
"884","CCCAACTGTTTAGACC-1_3_1"
"885","CCCATTGCAAGATTGA-1_3_1"
"886","CCCATTGCAGCATCTA-1_3_1"
"887","CCCATTGGTAGCACAG-1_3_1"
"888","CCCATTGTCACCCTGT-1_3_1"
"889","CCCGAAGAGTTGCCCG-1_3_1"
"890","CCCGAAGTCAGCCCAG-1_3_1"
"891","CCCGGAACACTAACCA-1_3_1"
"892","CCCGGAAGTCAGTTTG-1_3_1"
"893","CCCTAACCATACCACA-1_3_1"
"894","CCCTAACGTTTCGTAG-1_3_1"
"895","CCCTCTCAGGAGTCTG-1_3_1"
"896","CCCTCTCCACTACTTT-1_3_1"
"897","CCCTGATCACCCTTAC-1_3_1"
"898","CCCTGATCAGGGTCTC-1_3_1"
"899","CCCTGATCATCATTGG-1_3_1"
"900","CCCTGATTCTACCTTA-1_3_1"
"901","CCCTTAGCACCTGTCT-1_3_1"
"902","CCCTTAGTCGGTGTAT-1_3_1"
"903","CCCTTAGTCTATTTCG-1_3_1"
"904","CCCTTAGTCTGCGTCT-1_3_1"
"905","CCGAACGGTATGTCAC-1_3_1"
"906","CCGATCTAGTAGGAAG-1_3_1"
"907","CCGATCTCAGTAGTGG-1_3_1"
"908","CCGATCTGTAAGGCCA-1_3_1"
"909","CCGATGGCATGTCTAG-1_3_1"
"910","CCGATGGGTTTGCAGT-1_3_1"
"911","CCGATGGTCATCAGTG-1_3_1"
"912","CCGCAAGCACTGTTCC-1_3_1"
"913","CCGCAAGCATCAACCA-1_3_1"
"914","CCGGACACACGTTCGG-1_3_1"
"915","CCGGACACATGTCTAG-1_3_1"
"916","CCGGGTACAGCGTTGC-1_3_1"
"917","CCGGGTATCGACCAAT-1_3_1"
"918","CCGGGTATCGGTAACT-1_3_1"
"919","CCGGTAGAGAGGGTGG-1_3_1"
"920","CCGGTAGAGCTCATAC-1_3_1"
"921","CCGGTAGAGTGCGACA-1_3_1"
"922","CCGGTAGGTGTTTGCA-1_3_1"
"923","CCGGTAGTCAGCAGAG-1_3_1"
"924","CCGGTGAAGGTTATAG-1_3_1"
"925","CCGGTGAGTGCTCCGA-1_3_1"
"926","CCGTAGGAGAAGATCT-1_3_1"
"927","CCGTAGGCAGTGTACT-1_3_1"
"928","CCGTGAGGTTGCAAGG-1_3_1"
"929","CCGTTCAGTGTCATGT-1_3_1"
"930","CCTAACCAGAGTAACT-1_3_1"
"931","CCTACGTCAAACGAGC-1_3_1"
"932","CCTACGTGTGGAACAC-1_3_1"
"933","CCTATCGAGAGGTCAC-1_3_1"
"934","CCTCAACAGAAACACT-1_3_1"
"935","CCTCAACAGGGTTGCA-1_3_1"
"936","CCTCAACAGTCACGCC-1_3_1"
"937","CCTCAACGTCCATACA-1_3_1"
"938","CCTCAACGTGTTCAGT-1_3_1"
"939","CCTCAACGTTTACTTC-1_3_1"
"940","CCTCACAGTACGCTAT-1_3_1"
"941","CCTCAGTAGCTACGTT-1_3_1"
"942","CCTCAGTGTTAAAGTG-1_3_1"
"943","CCTCAGTGTTGATGTC-1_3_1"
"944","CCTCAGTGTTTCTATC-1_3_1"
"945","CCTCATGAGAAAGTCT-1_3_1"
"946","CCTCATGAGGGTGGGA-1_3_1"
"947","CCTCATGGTCACTCTC-1_3_1"
"948","CCTCATGTCCCTCATG-1_3_1"
"949","CCTCCAACAGCTGTTA-1_3_1"
"950","CCTCCAAGTACGACAG-1_3_1"
"951","CCTCCAATCCGGTTCT-1_3_1"
"952","CCTCCAATCCTCACTG-1_3_1"
"953","CCTCCTCTCTCTGAGA-1_3_1"
"954","CCTCTAGCACCGCTAG-1_3_1"
"955","CCTCTAGGTAGAAACT-1_3_1"
"956","CCTCTCCAGCTGCGAA-1_3_1"
"957","CCTCTCCCACATTACG-1_3_1"
"958","CCTGCATAGCATCCTA-1_3_1"
"959","CCTGCATAGCCTGTGC-1_3_1"
"960","CCTGTTGCAATCGTCA-1_3_1"
"961","CCTGTTGGTCATTGCA-1_3_1"
"962","CCTTCAGAGCGTACAG-1_3_1"
"963","CCTTCAGTCCAAACCA-1_3_1"
"964","CCTTCAGTCCACTGGG-1_3_1"
"965","CCTTGTGAGTCCGCCA-1_3_1"
"966","CCTTGTGCATGGCCCA-1_3_1"
"967","CCTTTGGAGCTAATGA-1_3_1"
"968","CGAAGGAGTCTTGAAC-1_3_1"
"969","CGAAGTTCAACCCTAA-1_3_1"
"970","CGAAGTTGTATTGGCT-1_3_1"
"971","CGAATTGGTAAGATAC-1_3_1"
"972","CGAATTGTCCTTCTGG-1_3_1"
"973","CGACAGCAGAGGTTTA-1_3_1"
"974","CGAGAAGAGGGATCGT-1_3_1"
"975","CGAGAAGGTTGTGTTG-1_3_1"
"976","CGAGAAGTCCATTGCC-1_3_1"
"977","CGAGAAGTCGACCAAT-1_3_1"
"978","CGAGGAAAGGTAAGGA-1_3_1"
"979","CGAGGCTTCCATTGCC-1_3_1"
"980","CGAGGCTTCTAAACGC-1_3_1"
"981","CGAGTGCGTCTGTGAT-1_3_1"
"982","CGAGTTAGTCTGCGCA-1_3_1"
"983","CGATCGGAGCAACTCT-1_3_1"
"984","CGATGCGCAATCACGT-1_3_1"
"985","CGATGCGTCTCACCCA-1_3_1"
"986","CGATGGCCAAATGGCG-1_3_1"
"987","CGATGGCCAGCAGTTT-1_3_1"
"988","CGATGGCTCCCTGGTT-1_3_1"
"989","CGCAGGTTCGAGGCAA-1_3_1"
"990","CGCAGGTTCGTTGTGA-1_3_1"
"991","CGCATGGAGACCATGG-1_3_1"
"992","CGCATGGCAACTGCCG-1_3_1"
"993","CGCATGGTCGAACGCC-1_3_1"
"994","CGCCAGATCCCGTGTT-1_3_1"
"995","CGCCATTAGACGCCCT-1_3_1"
"996","CGCCATTAGGGACACT-1_3_1"
"997","CGCCATTCATCAGTGT-1_3_1"
"998","CGCGTGACAATAACCC-1_3_1"
"999","CGCGTGAGTACTAGCT-1_3_1"
"1000","CGCGTGAGTGCAGATG-1_3_1"
"1001","CGCGTGAGTGGCTACC-1_3_1"
"1002","CGCGTGATCGCCTCTA-1_3_1"
"1003","CGGAACCAGCACTCCG-1_3_1"
"1004","CGGAACCAGTAGTCCT-1_3_1"
"1005","CGGAACCCAACGTATC-1_3_1"
"1006","CGGAATTAGCGTGAAC-1_3_1"
"1007","CGGAATTGTAACACCT-1_3_1"
"1008","CGGAATTTCATCTGTT-1_3_1"
"1009","CGGACACGTACAACGG-1_3_1"
"1010","CGGACACTCATAAGGA-1_3_1"
"1011","CGGAGAAGTACAAAGT-1_3_1"
"1012","CGGAGAAGTACGTACT-1_3_1"
"1013","CGGAGAAGTGAGATCG-1_3_1"
"1014","CGGAGAAGTTGGGTAG-1_3_1"
"1015","CGGAGAATCAGACTGT-1_3_1"
"1016","CGGCAGTAGTATGAGT-1_3_1"
"1017","CGGGACTAGACTACCT-1_3_1"
"1018","CGGGACTGTTACGTAC-1_3_1"
"1019","CGGGACTTCAAGCTTG-1_3_1"
"1020","CGGGACTTCGTGAGAG-1_3_1"
"1021","CGGGCATAGGGTGAGG-1_3_1"
"1022","CGGGTCACAAATCCCA-1_3_1"
"1023","CGGGTCACATAGTCAC-1_3_1"
"1024","CGGGTCAGTCGAAACG-1_3_1"
"1025","CGGGTCAGTGTATTCG-1_3_1"
"1026","CGGGTCAGTGTCCCTT-1_3_1"
"1027","CGGGTGTGTCCTTGTC-1_3_1"
"1028","CGGTCAGGTCGGTGTC-1_3_1"
"1029","CGGTCAGGTGATAGTA-1_3_1"
"1030","CGGTCAGTCTTGAACG-1_3_1"
"1031","CGTAAGTCAACTCCAA-1_3_1"
"1032","CGTAAGTCATAGATGA-1_3_1"
"1033","CGTAAGTGTGAGCCAA-1_3_1"
"1034","CGTAAGTTCGAGTGAG-1_3_1"
"1035","CGTAAGTTCGAGTTGT-1_3_1"
"1036","CGTAATGAGCTGCGAA-1_3_1"
"1037","CGTAATGTCTGTGCTC-1_3_1"
"1038","CGTAGTAGTTAGCGGA-1_3_1"
"1039","CGTCAAAAGCGCCATC-1_3_1"
"1040","CGTCAAAAGGCCTAGA-1_3_1"
"1041","CGTCAAAGTCGCGGTT-1_3_1"
"1042","CGTCAAATCCGTCCTA-1_3_1"
"1043","CGTGAATAGAGCTTTC-1_3_1"
"1044","CGTGAATCAACTGCCG-1_3_1"
"1045","CGTGAATTCACGATAC-1_3_1"
"1046","CGTGATAAGAGAGCAA-1_3_1"
"1047","CGTGATAAGTCAGCGA-1_3_1"
"1048","CGTGATACAGCGGATA-1_3_1"
"1049","CGTGATAGTACCGGAA-1_3_1"
"1050","CGTGATATCTCGTCGT-1_3_1"
"1051","CGTGATATCTGACAGT-1_3_1"
"1052","CGTGCTTAGTTAACGA-1_3_1"
"1053","CGTGCTTGTGCATTAC-1_3_1"
"1054","CGTGTCTAGAGCAACC-1_3_1"
"1055","CGTGTCTAGGTCATAA-1_3_1"
"1056","CGTGTCTTCACGTAGT-1_3_1"
"1057","CGTTAGAAGGTCGACA-1_3_1"
"1058","CGTTAGACACGACGAA-1_3_1"
"1059","CGTTAGACAGATCACT-1_3_1"
"1060","CGTTAGACATCCTATT-1_3_1"
"1061","CGTTAGAGTATGAGAT-1_3_1"
"1062","CGTTCTGAGACCATAA-1_3_1"
"1063","CGTTCTGCAGTCGAGA-1_3_1"
"1064","CGTTCTGGTCTTGGTA-1_3_1"
"1065","CGTTCTGGTGGAAATT-1_3_1"
"1066","CGTTCTGTCGGTGTTA-1_3_1"
"1067","CGTTGGGTCGTCCTTG-1_3_1"
"1068","CTAAGTGAGCCGGAAT-1_3_1"
"1069","CTAAGTGCAATTCACG-1_3_1"
"1070","CTAAGTGCAGTCAGCC-1_3_1"
"1071","CTAAGTGGTACGTACT-1_3_1"
"1072","CTAAGTGGTGGCCACT-1_3_1"
"1073","CTAAGTGGTGGGAGAG-1_3_1"
"1074","CTACAGACAGACAAGC-1_3_1"
"1075","CTACATTCAGGTATGG-1_3_1"
"1076","CTACATTGTCACATTG-1_3_1"
"1077","CTACATTTCGAAGCCC-1_3_1"
"1078","CTACATTTCTCTTGCG-1_3_1"
"1079","CTACATTTCTTCGCTG-1_3_1"
"1080","CTACCCAAGAATTCAG-1_3_1"
"1081","CTACCCACACCGTCGA-1_3_1"
"1082","CTACCCAGTCGGCTAC-1_3_1"
"1083","CTACCTGGTCGTTGCG-1_3_1"
"1084","CTACCTGTCCAGCAAT-1_3_1"
"1085","CTACGGGGTGCAATAA-1_3_1"
"1086","CTACTATCACCACTGG-1_3_1"
"1087","CTACTATGTGCCCGTA-1_3_1"
"1088","CTACTATTCGCTAGCG-1_3_1"
"1089","CTAGACATCCATTGTT-1_3_1"
"1090","CTAGACATCTCCTGAC-1_3_1"
"1091","CTAGGTACAATCGCCG-1_3_1"
"1092","CTAGGTACACTCAGAT-1_3_1"
"1093","CTAGGTATCATGCGGC-1_3_1"
"1094","CTATAGGGTTCAAGGG-1_3_1"
"1095","CTATCCGCACCGGCTA-1_3_1"
"1096","CTATCCGCAGAGGCAT-1_3_1"
"1097","CTATCCGCATTATGCG-1_3_1"
"1098","CTCAACCCAACTCATG-1_3_1"
"1099","CTCAACCCATGGCCCA-1_3_1"
"1100","CTCAACCGTACTAACC-1_3_1"
"1101","CTCAACCGTGGTTTGT-1_3_1"
"1102","CTCAATTTCATTATCC-1_3_1"
"1103","CTCAATTTCTTTCCAA-1_3_1"
"1104","CTCACTGAGATGCGAC-1_3_1"
"1105","CTCACTGCACTCAGAT-1_3_1"
"1106","CTCACTGTCGGCATTA-1_3_1"
"1107","CTCACTGTCTCGTGGG-1_3_1"
"1108","CTCAGAAAGGATTACA-1_3_1"
"1109","CTCAGAAGTTCTTGCC-1_3_1"
"1110","CTCAGAATCAGTGCGC-1_3_1"
"1111","CTCAGGGGTACAAGTA-1_3_1"
"1112","CTCAGGGGTTTCACAG-1_3_1"
"1113","CTCAGGGTCTGAACGT-1_3_1"
"1114","CTCAGTCGTTGCTGAT-1_3_1"
"1115","CTCATGCAGTCTTGGT-1_3_1"
"1116","CTCATGCAGTGTACCT-1_3_1"
"1117","CTCATGCTCTAGCATG-1_3_1"
"1118","CTCATTACAAGGAGTC-1_3_1"
"1119","CTCATTAGTTATAGCC-1_3_1"
"1120","CTCCAACCATTGCCTC-1_3_1"
"1121","CTCCAACGTAGCCCTG-1_3_1"
"1122","CTCCACAGTAGACAGC-1_3_1"
"1123","CTCCACATCTCATTAC-1_3_1"
"1124","CTCCATGCAAGTGGGT-1_3_1"
"1125","CTCCCAAAGATGAAGG-1_3_1"
"1126","CTCCCAAGTGTAACGG-1_3_1"
"1127","CTCCCAAGTTTGAACC-1_3_1"
"1128","CTCCCTCAGGTCCCGT-1_3_1"
"1129","CTCCCTCGTGCTGATT-1_3_1"
"1130","CTCCCTCTCATGTCAG-1_3_1"
"1131","CTCCGATCACTGTCGG-1_3_1"
"1132","CTCCGATGTCGTTGGC-1_3_1"
"1133","CTCCGATGTTTGCCGG-1_3_1"
"1134","CTCCTCCAGTAGATCA-1_3_1"
"1135","CTCCTCCCAGCTCTGG-1_3_1"
"1136","CTCCTTTCACAAAGTA-1_3_1"
"1137","CTCCTTTGTAACATCC-1_3_1"
"1138","CTCGAGGAGTGTTCAC-1_3_1"
"1139","CTCGAGGCATCCTTGC-1_3_1"
"1140","CTCGAGGGTACAAAGT-1_3_1"
"1141","CTCGAGGTCCTCCACA-1_3_1"
"1142","CTCTCAGAGCGGTATG-1_3_1"
"1143","CTCTCAGAGGTTAAAC-1_3_1"
"1144","CTCTCAGCACAATGTC-1_3_1"
"1145","CTCTCAGGTACTGACT-1_3_1"
"1146","CTCTCAGGTGGATACG-1_3_1"
"1147","CTCTCAGTCCTGTAGA-1_3_1"
"1148","CTCTCAGTCGAACCAT-1_3_1"
"1149","CTCTCAGTCGGATTAC-1_3_1"
"1150","CTCTCAGTCTGTCAGA-1_3_1"
"1151","CTCTCGAAGCACACCC-1_3_1"
"1152","CTCTCGACAATACGCT-1_3_1"
"1153","CTCTGGTCACGGCCAT-1_3_1"
"1154","CTCTGGTGTAGGTAGC-1_3_1"
"1155","CTGAATGAGTATGGCG-1_3_1"
"1156","CTGAATGCAAGCGATG-1_3_1"
"1157","CTGAATGCAGACAAAT-1_3_1"
"1158","CTGAATGGTTCTTGCC-1_3_1"
"1159","CTGAGCGAGGCTAGCA-1_3_1"
"1160","CTGAGCGCACCTGCTT-1_3_1"
"1161","CTGAGGCAGGGTTAGC-1_3_1"
"1162","CTGAGGCCAGCCATTA-1_3_1"
"1163","CTGATCCAGCCAGACA-1_3_1"
"1164","CTGATCCAGGCATCGA-1_3_1"
"1165","CTGATCCTCCCTTCCC-1_3_1"
"1166","CTGCAGGGTATAGCTC-1_3_1"
"1167","CTGCAGGGTGTCATCA-1_3_1"
"1168","CTGCAGGTCCACAGGC-1_3_1"
"1169","CTGCATCCAACTGCTA-1_3_1"
"1170","CTGCATCGTACAATAG-1_3_1"
"1171","CTGCATCTCAAGTGGG-1_3_1"
"1172","CTGCCATAGCAGGCTA-1_3_1"
"1173","CTGCCATTCTTCGATT-1_3_1"
"1174","CTGCCTAAGTGTTGTC-1_3_1"
"1175","CTGCCTAAGTTGTAGA-1_3_1"
"1176","CTGCCTAGTCGGTACC-1_3_1"
"1177","CTGCCTATCGTCCTTG-1_3_1"
"1178","CTGCCTATCTAATTCC-1_3_1"
"1179","CTGCGAGAGCGCTGCT-1_3_1"
"1180","CTGCGAGTCCTGTAAG-1_3_1"
"1181","CTGCGAGTCTAGCATG-1_3_1"
"1182","CTGCTCACATAGGTAA-1_3_1"
"1183","CTGCTCATCGTTCTCG-1_3_1"
"1184","CTGGACGAGCCGAACA-1_3_1"
"1185","CTGGACGCACTCCTTG-1_3_1"
"1186","CTGGCAGAGAACTCCT-1_3_1"
"1187","CTGGCAGAGTAAAGCT-1_3_1"
"1188","CTGGCAGCATCGAACT-1_3_1"
"1189","CTGGCAGGTAGTAAGT-1_3_1"
"1190","CTGGCAGGTCACCACG-1_3_1"
"1191","CTGGCAGTCCGTGTCT-1_3_1"
"1192","CTGGTCTCAAGCAGGT-1_3_1"
"1193","CTGTACCGTGTGTCCG-1_3_1"
"1194","CTGTACCTCCCGTGTT-1_3_1"
"1195","CTGTACCTCGACGAGA-1_3_1"
"1196","CTGTAGAGTATAGGAT-1_3_1"
"1197","CTGTAGAGTGCGTTTA-1_3_1"
"1198","CTGTAGAGTTCCAAAC-1_3_1"
"1199","CTGTAGATCCTCTAAT-1_3_1"
"1200","CTGTAGATCCTTATCA-1_3_1"
"1201","CTGTAGATCGAAGCCC-1_3_1"
"1202","CTGTAGATCGCATTAG-1_3_1"
"1203","CTGTATTGTGCATTAC-1_3_1"
"1204","CTGTCGTCATGTACGT-1_3_1"
"1205","CTGTGAAAGTCGAAGC-1_3_1"
"1206","CTGTGAAGTACGATTC-1_3_1"
"1207","CTGTGGGGTGTCCGTG-1_3_1"
"1208","CTTACCGCAAGTGCTT-1_3_1"
"1209","CTTACCGCAGGACGAT-1_3_1"
"1210","CTTACCGGTGCGGATA-1_3_1"
"1211","CTTACCGGTTAGTCGT-1_3_1"
"1212","CTTAGGACAAACCACT-1_3_1"
"1213","CTTAGGACATCGTCCT-1_3_1"
"1214","CTTAGGAGTTCGTGCG-1_3_1"
"1215","CTTCAATAGTCTACCA-1_3_1"
"1216","CTTCAATGTTAAGACA-1_3_1"
"1217","CTTCCGATCTCCGTGT-1_3_1"
"1218","CTTCCTTAGCCGTTGC-1_3_1"
"1219","CTTCCTTAGGAGAATG-1_3_1"
"1220","CTTCCTTTCAGCGCAC-1_3_1"
"1221","CTTCGGTAGCAAGGAA-1_3_1"
"1222","CTTCTAACAAGGCCTC-1_3_1"
"1223","CTTCTAATCCTGGGTG-1_3_1"
"1224","CTTGAGAAGAGAGGTA-1_3_1"
"1225","CTTGAGAAGCTGGCCT-1_3_1"
"1226","CTTGAGAAGGCTAAAT-1_3_1"
"1227","CTTGATTGTCAACACT-1_3_1"
"1228","CTTGATTTCATGGGAG-1_3_1"
"1229","CTTTCAACAAATTGGA-1_3_1"
"1230","CTTTCAACACTATCGA-1_3_1"
"1231","CTTTCGGTCAGTCACA-1_3_1"
"1232","GAAACCTGTACGTGTT-1_3_1"
"1233","GAAATGACACTAGGTT-1_3_1"
"1234","GAAATGAGTAACACCT-1_3_1"
"1235","GAAATGATCAGCTGAT-1_3_1"
"1236","GAACACTCACTGAGGA-1_3_1"
"1237","GAACACTCATGCAGCC-1_3_1"
"1238","GAACACTGTAATTGGA-1_3_1"
"1239","GAACACTTCATTTGTC-1_3_1"
"1240","GAACACTTCCCTGGTT-1_3_1"
"1241","GAACGTTCAGTGTATC-1_3_1"
"1242","GAACGTTGTCGATTAC-1_3_1"
"1243","GAACTGTCAAACACCT-1_3_1"
"1244","GAACTGTTCCCGGTAG-1_3_1"
"1245","GAACTGTTCTCGTGAA-1_3_1"
"1246","GAACTGTTCTGGGATT-1_3_1"
"1247","GAAGAATAGCGCTGCT-1_3_1"
"1248","GAAGAATCAATTTCCT-1_3_1"
"1249","GAAGAATCACTAAACC-1_3_1"
"1250","GAAGAATCATAGACTC-1_3_1"
"1251","GAAGAATTCTACACTT-1_3_1"
"1252","GAAGCCCAGGTCCCGT-1_3_1"
"1253","GAAGCCCGTGATTCAC-1_3_1"
"1254","GAAGCCCTCGCGTCGA-1_3_1"
"1255","GAAGCGAAGGGAACAA-1_3_1"
"1256","GAAGCGAAGGTCGTGA-1_3_1"
"1257","GAAGCGACATCTAGAC-1_3_1"
"1258","GAAGCGAGTGAGCTCC-1_3_1"
"1259","GAAGGACAGACGCAGT-1_3_1"
"1260","GAAGGACAGGTTCACT-1_3_1"
"1261","GAAGGACCAGCTGTCG-1_3_1"
"1262","GAAGGGTAGCTGCCAC-1_3_1"
"1263","GAAGGGTCAAATGGCG-1_3_1"
"1264","GAAGGGTCAGGTACGA-1_3_1"
"1265","GAAGGGTCATCTAGAC-1_3_1"
"1266","GAAGGGTGTCATCCGG-1_3_1"
"1267","GAAGGGTTCTCACGAA-1_3_1"
"1268","GAAGGGTTCTCGACCT-1_3_1"
"1269","GAAGGGTTCTGGAGAG-1_3_1"
"1270","GAAGTAAGTACTAACC-1_3_1"
"1271","GAAGTAATCTACGGGC-1_3_1"
"1272","GAATAGAAGCATGATA-1_3_1"
"1273","GAATAGAAGTTAGAAC-1_3_1"
"1274","GAATAGAGTTCGCGTG-1_3_1"
"1275","GAATAGATCCCGAATA-1_3_1"
"1276","GAATCACAGTGACACG-1_3_1"
"1277","GAATCACTCCTACTGC-1_3_1"
"1278","GACACGCGTGGCATCC-1_3_1"
"1279","GACAGCCCAGAGAATT-1_3_1"
"1280","GACAGCCGTACATACC-1_3_1"
"1281","GACAGCCTCTAGCATG-1_3_1"
"1282","GACATCAAGAAGCCAC-1_3_1"
"1283","GACCAATCAACGCCCA-1_3_1"
"1284","GACCAATGTCTCGGAC-1_3_1"
"1285","GACCAATTCGTCAGAT-1_3_1"
"1286","GACCCAGAGACAACTA-1_3_1"
"1287","GACCCAGAGATTACCC-1_3_1"
"1288","GACCCTTCACTTACAG-1_3_1"
"1289","GACCCTTGTTTAGAGA-1_3_1"
"1290","GACCCTTTCTCAACGA-1_3_1"
"1291","GACCCTTTCTCGCGTT-1_3_1"
"1292","GACCGTGAGCACTCAT-1_3_1"
"1293","GACCGTGCAACATCGT-1_3_1"
"1294","GACCGTGGTAACATCC-1_3_1"
"1295","GACCGTGTCTGCGGGT-1_3_1"
"1296","GACCTTCAGGTCGACA-1_3_1"
"1297","GACGCTGAGAGCAGAA-1_3_1"
"1298","GACGCTGGTAGAGCTG-1_3_1"
"1299","GACGTTAAGAACTTCC-1_3_1"
"1300","GACGTTAAGCAGCACA-1_3_1"
"1301","GACGTTACATGGGATG-1_3_1"
"1302","GACGTTACATTGGGAG-1_3_1"
"1303","GACGTTAGTACCCAGC-1_3_1"
"1304","GACTATGAGAATCTAG-1_3_1"
"1305","GACTATGCACGCTATA-1_3_1"
"1306","GACTATGCAGGACTAG-1_3_1"
"1307","GACTATGTCCAAGCAT-1_3_1"
"1308","GACTCAATCTTCTTCC-1_3_1"
"1309","GACTCTCGTAATGCGG-1_3_1"
"1310","GACTCTCGTTGTCCCT-1_3_1"
"1311","GACTGATAGCGTGTTT-1_3_1"
"1312","GACTGATCACCAGCTG-1_3_1"
"1313","GACTGATTCCAAAGGG-1_3_1"
"1314","GACTTCCTCATTGAGC-1_3_1"
"1315","GACTTCCTCGCCGAGT-1_3_1"
"1316","GACTTCCTCTCAATCT-1_3_1"
"1317","GAGAAATAGACAGCGT-1_3_1"
"1318","GAGAAATAGATTCGCT-1_3_1"
"1319","GAGAAATCACGCGTGT-1_3_1"
"1320","GAGAAATGTCCTCCTA-1_3_1"
"1321","GAGAAATTCGATTTCT-1_3_1"
"1322","GAGACCCAGATTAGAC-1_3_1"
"1323","GAGACCCCAGTGCGCT-1_3_1"
"1324","GAGACCCGTAAGATAC-1_3_1"
"1325","GAGACCCGTCATAGTC-1_3_1"
"1326","GAGACCCGTTGTCATG-1_3_1"
"1327","GAGACCCTCGACATAC-1_3_1"
"1328","GAGACTTAGCCGTTAT-1_3_1"
"1329","GAGAGGTCACATCCCT-1_3_1"
"1330","GAGAGGTCATCATTGG-1_3_1"
"1331","GAGATGGAGTAAACGT-1_3_1"
"1332","GAGATGGTCAGCCCAG-1_3_1"
"1333","GAGATGGTCTGAGGCC-1_3_1"
"1334","GAGCCTGCAAGCGCTC-1_3_1"
"1335","GAGCCTGGTCCAGAAG-1_3_1"
"1336","GAGCTGCCAAGTATCC-1_3_1"
"1337","GAGCTGCCACCGCTGA-1_3_1"
"1338","GAGCTGCGTAACGTTC-1_3_1"
"1339","GAGGCAAAGGATCACG-1_3_1"
"1340","GAGGCAACAACTAGAA-1_3_1"
"1341","GAGGCAAGTCGTGTTA-1_3_1"
"1342","GAGGCAATCAGACCCG-1_3_1"
"1343","GAGGCCTAGCTTAGTC-1_3_1"
"1344","GAGGCCTAGGTGAGAA-1_3_1"
"1345","GAGGCCTCATTGAGGG-1_3_1"
"1346","GAGGCCTGTTCTCACC-1_3_1"
"1347","GAGGGATAGAGGGTGG-1_3_1"
"1348","GAGGGATAGAGTCGAC-1_3_1"
"1349","GAGGGATCACAGCTGC-1_3_1"
"1350","GAGGGATCACATGACT-1_3_1"
"1351","GAGGGATTCACAAGGG-1_3_1"
"1352","GAGGGATTCTTGGGCG-1_3_1"
"1353","GAGGGTAGTAGGACCA-1_3_1"
"1354","GAGGGTATCCGTAGGC-1_3_1"
"1355","GAGTCATTCTTCCACG-1_3_1"
"1356","GAGTGAGAGGTCCCGT-1_3_1"
"1357","GAGTGAGGTCATCCGG-1_3_1"
"1358","GAGTGTTCAATCGCGC-1_3_1"
"1359","GAGTGTTGTCACCGAC-1_3_1"
"1360","GAGTTACAGTTGGAGC-1_3_1"
"1361","GAGTTACCAATCTGCA-1_3_1"
"1362","GAGTTACTCCGAGAAG-1_3_1"
"1363","GAGTTACTCGGAACTT-1_3_1"
"1364","GAGTTGTTCACATCAG-1_3_1"
"1365","GAGTTTGCAAATGATG-1_3_1"
"1366","GAGTTTGGTCCCAAAT-1_3_1"
"1367","GAGTTTGGTTGTGTAC-1_3_1"
"1368","GATAGAAAGTAGAATC-1_3_1"
"1369","GATAGAACAATTCTTC-1_3_1"
"1370","GATAGAACAGAAATTG-1_3_1"
"1371","GATAGAAGTCCAGCCA-1_3_1"
"1372","GATAGCTAGCATCCTA-1_3_1"
"1373","GATCACAAGCTCCATA-1_3_1"
"1374","GATCACATCCGCGAGT-1_3_1"
"1375","GATCACATCTTTCCGG-1_3_1"
"1376","GATCAGTAGGACTGGT-1_3_1"
"1377","GATCAGTTCATGACAC-1_3_1"
"1378","GATCCCTTCTACCTTA-1_3_1"
"1379","GATCCCTTCTTCTGTA-1_3_1"
"1380","GATCGTAAGCTCGCAC-1_3_1"
"1381","GATCGTAAGGTTGGTG-1_3_1"
"1382","GATCGTACACTAGTAC-1_3_1"
"1383","GATCGTATCGCTGCGA-1_3_1"
"1384","GATGACTAGTAACCGG-1_3_1"
"1385","GATGACTGTGGAGGTT-1_3_1"
"1386","GATGAGGGTGGCAACA-1_3_1"
"1387","GATGAGGTCGAGTCTA-1_3_1"
"1388","GATGATCCAATAACCC-1_3_1"
"1389","GATGCTAAGATGCAGC-1_3_1"
"1390","GATGCTAGTGGACAGT-1_3_1"
"1391","GATGGAGGTATCGAGG-1_3_1"
"1392","GATGGAGTCGGCATTA-1_3_1"
"1393","GATGGAGTCTACTCAT-1_3_1"
"1394","GATGTTGCACGTAACT-1_3_1"
"1395","GATGTTGCACGTGAGA-1_3_1"
"1396","GATGTTGCAGACACCC-1_3_1"
"1397","GATGTTGGTTCACCGG-1_3_1"
"1398","GATGTTGTCACGATAC-1_3_1"
"1399","GATTCGAAGCATTTCG-1_3_1"
"1400","GATTCGAAGGGAGGTG-1_3_1"
"1401","GATTCGAAGGTATTGA-1_3_1"
"1402","GATTCGACAAGTGGAC-1_3_1"
"1403","GATTCGAGTAGCGAGT-1_3_1"
"1404","GATTCGAGTAGGCAAC-1_3_1"
"1405","GATTCGAGTCACCGAC-1_3_1"
"1406","GATTCTTAGGAAGTCC-1_3_1"
"1407","GATTCTTTCGCTGTCT-1_3_1"
"1408","GATTGGTTCACTTCTA-1_3_1"
"1409","GATTTCTCAAGGCCTC-1_3_1"
"1410","GATTTCTGTATGCAAA-1_3_1"
"1411","GATTTCTGTCGTTTCC-1_3_1"
"1412","GATTTCTGTTTACTTC-1_3_1"
"1413","GATTTCTTCGTTAGAC-1_3_1"
"1414","GCAACATCAGCTGTAT-1_3_1"
"1415","GCAACATGTAAGGCCA-1_3_1"
"1416","GCAACATGTCCGAAAG-1_3_1"
"1417","GCAACATTCTACTATC-1_3_1"
"1418","GCAACATTCTCATTTG-1_3_1"
"1419","GCAACCGAGAGACAAG-1_3_1"
"1420","GCAACCGAGATTGCGG-1_3_1"
"1421","GCAACCGAGCCTGACC-1_3_1"
"1422","GCAACCGCAGCCTATA-1_3_1"
"1423","GCAACCGGTGATTCAC-1_3_1"
"1424","GCAACCGTCGATTCCC-1_3_1"
"1425","GCACATACAGAGTGAC-1_3_1"
"1426","GCACATACATGTGTCA-1_3_1"
"1427","GCACATAGTACGTTCA-1_3_1"
"1428","GCACATAGTGTTAGCT-1_3_1"
"1429","GCACGGTAGTCCCGAC-1_3_1"
"1430","GCACGGTTCTGCGGCA-1_3_1"
"1431","GCACGGTTCTTTACAC-1_3_1"
"1432","GCACGTGAGTGCTACT-1_3_1"
"1433","GCACGTGCAAATCGGG-1_3_1"
"1434","GCACGTGTCGCTCCTA-1_3_1"
"1435","GCACTAACAGTAGGAC-1_3_1"
"1436","GCACTAAGTCGTCATA-1_3_1"
"1437","GCACTAAGTCTGTGAT-1_3_1"
"1438","GCACTAAGTTCCGCAG-1_3_1"
"1439","GCACTAATCATTCACT-1_3_1"
"1440","GCAGCCAAGACATACA-1_3_1"
"1441","GCAGCCAAGAGCATTA-1_3_1"
"1442","GCAGCCAAGGTGAGAA-1_3_1"
"1443","GCAGCCAAGTATGGAT-1_3_1"
"1444","GCAGCCAAGTGACCTT-1_3_1"
"1445","GCAGCCACAAGAAATC-1_3_1"
"1446","GCAGCCACACTATCGA-1_3_1"
"1447","GCAGCTGAGAAATTGC-1_3_1"
"1448","GCAGCTGAGTATTAGG-1_3_1"
"1449","GCAGCTGGTCAATGGG-1_3_1"
"1450","GCAGCTGGTCCACGCA-1_3_1"
"1451","GCAGCTGGTTGTGGAG-1_3_1"
"1452","GCAGGCTTCTGCCTGT-1_3_1"
"1453","GCAGTTAGTATTGGCT-1_3_1"
"1454","GCAGTTAGTCACATTG-1_3_1"
"1455","GCAGTTAGTCACTAGT-1_3_1"
"1456","GCAGTTATCCTTCTAA-1_3_1"
"1457","GCATCGGCAATTGAGA-1_3_1"
"1458","GCATCGGTCGCTTAAG-1_3_1"
"1459","GCATCTCCAAGCAATA-1_3_1"
"1460","GCATCTCCAGCTCATA-1_3_1"
"1461","GCATCTCGTCTTCATT-1_3_1"
"1462","GCATCTCTCCGATCGG-1_3_1"
"1463","GCATCTCTCCTCATAT-1_3_1"
"1464","GCATCTCTCGTCGCTT-1_3_1"
"1465","GCATCTCTCTAGATCG-1_3_1"
"1466","GCATGATAGAATCGAT-1_3_1"
"1467","GCATGATAGCACCGAA-1_3_1"
"1468","GCATGATAGTCGAGGT-1_3_1"
"1469","GCATGATGTATTAAGG-1_3_1"
"1470","GCATGATGTCGCCTAG-1_3_1"
"1471","GCATGATGTTCGTGCG-1_3_1"
"1472","GCATTAGCAGGATTCT-1_3_1"
"1473","GCATTAGGTCCAGGTC-1_3_1"
"1474","GCATTAGGTGGACCAA-1_3_1"
"1475","GCATTAGGTGGCTTAT-1_3_1"
"1476","GCCAACGCAAACCACT-1_3_1"
"1477","GCCAACGGTATGAGCG-1_3_1"
"1478","GCCAACGGTCTCGGGT-1_3_1"
"1479","GCCAGCACAGCAGTGA-1_3_1"
"1480","GCCAGCAGTTGTTGTG-1_3_1"
"1481","GCCAGCATCGGACAAG-1_3_1"
"1482","GCCAGGTCACTTTATC-1_3_1"
"1483","GCCAGGTCAGGTGTTT-1_3_1"
"1484","GCCAGGTCATCAGCGC-1_3_1"
"1485","GCCATGGGTATTTCCT-1_3_1"
"1486","GCCATGGTCATCCCGT-1_3_1"
"1487","GCCCAGAAGGATAATC-1_3_1"
"1488","GCCCAGAAGGCAGTCA-1_3_1"
"1489","GCCCAGACAGGTGACA-1_3_1"
"1490","GCCCAGACATTGTCGA-1_3_1"
"1491","GCCCGAAAGTCCCGGT-1_3_1"
"1492","GCCGATGGTCAAGGCA-1_3_1"
"1493","GCCGATGTCCACGTCT-1_3_1"
"1494","GCCGTGAAGTGGGAAA-1_3_1"
"1495","GCCGTGACAGAACTTC-1_3_1"
"1496","GCCGTGACAGAGTAAT-1_3_1"
"1497","GCCGTGATCGTGACTA-1_3_1"
"1498","GCCTGTTCAAACACGG-1_3_1"
"1499","GCCTGTTGTGTTAAAG-1_3_1"
"1500","GCCTGTTGTTGCGAAG-1_3_1"
"1501","GCCTGTTTCCGGCAGT-1_3_1"
"1502","GCGAGAAAGCGAATGC-1_3_1"
"1503","GCGAGAAGTGGATTTC-1_3_1"
"1504","GCGATCGAGGGAGGGT-1_3_1"
"1505","GCGATCGGTTAGGGTG-1_3_1"
"1506","GCGGAAATCGAGAACG-1_3_1"
"1507","GCGGATCTCGGCCAAC-1_3_1"
"1508","GCGGATCTCTGCGAGC-1_3_1"
"1509","GCGTTTCCATCGATCA-1_3_1"
"1510","GCGTTTCGTGGATTTC-1_3_1"
"1511","GCGTTTCTCTATGCCC-1_3_1"
"1512","GCTACAAAGATACCAA-1_3_1"
"1513","GCTACAAAGATCGCTT-1_3_1"
"1514","GCTACAATCGATACTG-1_3_1"
"1515","GCTACCTAGCTACGTT-1_3_1"
"1516","GCTACCTAGGATACAT-1_3_1"
"1517","GCTACCTAGGTAAACT-1_3_1"
"1518","GCTACCTGTACAATAG-1_3_1"
"1519","GCTACCTGTGTTACTG-1_3_1"
"1520","GCTACCTTCTTCCCGA-1_3_1"
"1521","GCTCAAAAGGATCACG-1_3_1"
"1522","GCTCAAAAGTGATGGC-1_3_1"
"1523","GCTCAAAGTACAACGG-1_3_1"
"1524","GCTCAAAGTACACGCC-1_3_1"
"1525","GCTGAATCAGCAGTCC-1_3_1"
"1526","GCTGAATGTTTATGCG-1_3_1"
"1527","GCTGAATTCACAGAGG-1_3_1"
"1528","GCTGCAGAGGTTGACG-1_3_1"
"1529","GCTGCAGCAATAGGAT-1_3_1"
"1530","GCTGCAGGTATGTCCA-1_3_1"
"1531","GCTGGGTAGCCATTTG-1_3_1"
"1532","GCTGGGTCATAATCGC-1_3_1"
"1533","GCTGGGTTCGTGTGAT-1_3_1"
"1534","GCTTCACCAGCGGTCT-1_3_1"
"1535","GCTTCACGTGCGCTCA-1_3_1"
"1536","GCTTCACGTGTTTCTT-1_3_1"
"1537","GCTTGGGCATCTCCCA-1_3_1"
"1538","GCTTGGGGTAGAATGT-1_3_1"
"1539","GCTTTCGAGCATTTCG-1_3_1"
"1540","GCTTTCGAGGCACTAG-1_3_1"
"1541","GCTTTCGAGTCTAGAA-1_3_1"
"1542","GCTTTCGCACCCTCTA-1_3_1"
"1543","GCTTTCGTCGCGTTTC-1_3_1"
"1544","GCTTTCGTCGCTTGCT-1_3_1"
"1545","GGAACCCAGTCAACAA-1_3_1"
"1546","GGAAGTGAGGCTGAAC-1_3_1"
"1547","GGAAGTGCACTTCAAG-1_3_1"
"1548","GGAAGTGTCACTCCGT-1_3_1"
"1549","GGAAGTGTCAGCTGAT-1_3_1"
"1550","GGAATCTAGTCTGCAT-1_3_1"
"1551","GGAATCTGTCAACACT-1_3_1"
"1552","GGAATGGGTCCGGCAT-1_3_1"
"1553","GGAGAACAGAGCACTG-1_3_1"
"1554","GGAGAACAGGCTTAAA-1_3_1"
"1555","GGAGAACCAGGAATAT-1_3_1"
"1556","GGAGAACGTTGCACGC-1_3_1"
"1557","GGAGATGAGAATTTGG-1_3_1"
"1558","GGAGATGCAAAGGCAC-1_3_1"
"1559","GGAGATGCAAGACGAC-1_3_1"
"1560","GGAGATGTCATGAGAA-1_3_1"
"1561","GGAGCAAAGACCACGA-1_3_1"
"1562","GGAGCAAAGTCTACCA-1_3_1"
"1563","GGAGCAAGTTACGATC-1_3_1"
"1564","GGAGCAATCACTACTT-1_3_1"
"1565","GGAGGATAGCCTCTTC-1_3_1"
"1566","GGAGGATGTACCCGAC-1_3_1"
"1567","GGAGGATGTAGCTTGT-1_3_1"
"1568","GGAGGATTCTCTGCCA-1_3_1"
"1569","GGAGGTAAGGATTCAA-1_3_1"
"1570","GGAGGTAAGGCCTGCT-1_3_1"
"1571","GGAGGTAGTGGGTCAA-1_3_1"
"1572","GGAGGTATCACGGACC-1_3_1"
"1573","GGAGGTATCCATCTAT-1_3_1"
"1574","GGATCTACAACGTTAC-1_3_1"
"1575","GGATCTACATGCGTGC-1_3_1"
"1576","GGATGTTAGCTAAGTA-1_3_1"
"1577","GGATGTTGTAGTCGGA-1_3_1"
"1578","GGATGTTGTCATGACT-1_3_1"
"1579","GGATGTTGTGCCTACG-1_3_1"
"1580","GGCACGTCACCGTCTT-1_3_1"
"1581","GGCACGTCAGTCGAGA-1_3_1"
"1582","GGCAGTCCATAGATCC-1_3_1"
"1583","GGCAGTCGTCTTCATT-1_3_1"
"1584","GGCAGTCTCCCAGGCA-1_3_1"
"1585","GGCAGTCTCTACAGGT-1_3_1"
"1586","GGCGTCAAGGCATTTC-1_3_1"
"1587","GGCGTCAGTGGTAATA-1_3_1"
"1588","GGCTGTGAGGCACAAC-1_3_1"
"1589","GGCTGTGAGGGATCGT-1_3_1"
"1590","GGCTGTGAGTATGGCG-1_3_1"
"1591","GGCTGTGCAATGCAAA-1_3_1"
"1592","GGCTGTGCACGTATAC-1_3_1"
"1593","GGCTGTGCACTTGGGC-1_3_1"
"1594","GGCTGTGTCATCACTT-1_3_1"
"1595","GGCTTGGAGATGACCG-1_3_1"
"1596","GGCTTTCAGATGGGCT-1_3_1"
"1597","GGCTTTCCACTCTAGA-1_3_1"
"1598","GGCTTTCTCGCTGTTC-1_3_1"
"1599","GGCTTTCTCTCTTGCG-1_3_1"
"1600","GGGAAGTAGAAGTCCG-1_3_1"
"1601","GGGAAGTAGACCCTTA-1_3_1"
"1602","GGGAAGTAGGGCTTCC-1_3_1"
"1603","GGGAAGTGTGATTAGA-1_3_1"
"1604","GGGACAAGTATAATGG-1_3_1"
"1605","GGGACAATCGTGGAAG-1_3_1"
"1606","GGGACTCAGAGCCCAA-1_3_1"
"1607","GGGACTCCACACCTAA-1_3_1"
"1608","GGGACTCCAGCGTATT-1_3_1"
"1609","GGGACTCCATGTGCCG-1_3_1"
"1610","GGGACTCGTGCACATT-1_3_1"
"1611","GGGAGATTCGTGGTAT-1_3_1"
"1612","GGGAGTAAGTCCCAAT-1_3_1"
"1613","GGGAGTACATGACGTT-1_3_1"
"1614","GGGATCCCAGTTAGGG-1_3_1"
"1615","GGGATCCTCCATCGTC-1_3_1"
"1616","GGGATGAAGACATAAC-1_3_1"
"1617","GGGATGAGTCCTGAAT-1_3_1"
"1618","GGGATGATCCTGCTAC-1_3_1"
"1619","GGGCCATAGAGCATCG-1_3_1"
"1620","GGGCCATTCTTGGAAC-1_3_1"
"1621","GGGCGTTAGTGTTCAC-1_3_1"
"1622","GGGCTACAGGCGATAC-1_3_1"
"1623","GGGCTACAGGCTTAAA-1_3_1"
"1624","GGGCTACCAAATTGCC-1_3_1"
"1625","GGGCTACGTTCGGGTC-1_3_1"
"1626","GGGCTCACACAGTCGC-1_3_1"
"1627","GGGCTCACAGACGGAT-1_3_1"
"1628","GGGCTCATCCCGAGTG-1_3_1"
"1629","GGGTAGAAGTCTAGCT-1_3_1"
"1630","GGGTAGACACTGAGGA-1_3_1"
"1631","GGGTAGACATAGGCGA-1_3_1"
"1632","GGGTATTAGAAGAACG-1_3_1"
"1633","GGGTATTAGAGATCGC-1_3_1"
"1634","GGGTATTTCCAATGCA-1_3_1"
"1635","GGGTATTTCTACGGGC-1_3_1"
"1636","GGGTCACCAAATGGCG-1_3_1"
"1637","GGGTCACGTTCCCACT-1_3_1"
"1638","GGGTCACTCGACATAC-1_3_1"
"1639","GGGTCACTCTTCGATT-1_3_1"
"1640","GGGTCTGCATGGGTTT-1_3_1"
"1641","GGGTCTGGTAAGATTG-1_3_1"
"1642","GGGTCTGGTTATTCTC-1_3_1"
"1643","GGGTCTGTCCGCAACG-1_3_1"
"1644","GGGTGAAGTACAAGCG-1_3_1"
"1645","GGGTTATTCACGGGAA-1_3_1"
"1646","GGGTTATTCCCTCAAC-1_3_1"
"1647","GGGTTTAAGCTAGAGC-1_3_1"
"1648","GGGTTTACAAGAGAGA-1_3_1"
"1649","GGGTTTAGTCTTCCGT-1_3_1"
"1650","GGGTTTAGTGTAGCAG-1_3_1"
"1651","GGTAACTCAATAGTGA-1_3_1"
"1652","GGTAACTGTCTGATAC-1_3_1"
"1653","GGTAATCAGACTACCT-1_3_1"
"1654","GGTAATCGTATCTTCT-1_3_1"
"1655","GGTAATCGTGAATGAT-1_3_1"
"1656","GGTAATCTCATCGACA-1_3_1"
"1657","GGTAATCTCGAGATGG-1_3_1"
"1658","GGTAGAGAGGGTGGGA-1_3_1"
"1659","GGTCACGAGAATGTTG-1_3_1"
"1660","GGTCACGAGGGTACAC-1_3_1"
"1661","GGTCACGGTACCATAC-1_3_1"
"1662","GGTCACGTCTCAGTCC-1_3_1"
"1663","GGTCTGGCACAGTCAT-1_3_1"
"1664","GGTCTGGCACCAGCTG-1_3_1"
"1665","GGTCTGGCAGTCAGCC-1_3_1"
"1666","GGTCTGGTCTGGTCAA-1_3_1"
"1667","GGTGAAGCACGCTGTG-1_3_1"
"1668","GGTGAAGCACGTCGTG-1_3_1"
"1669","GGTGAAGCACTGTCCT-1_3_1"
"1670","GGTGATTAGATGCTGG-1_3_1"
"1671","GGTGATTCAGGTTCGC-1_3_1"
"1672","GGTGATTGTAGCTGCC-1_3_1"
"1673","GGTGATTGTCGAGCTC-1_3_1"
"1674","GGTGGCTAGACCCGCT-1_3_1"
"1675","GGTGGCTAGTTCACTG-1_3_1"
"1676","GGTGGCTTCTTTCTAG-1_3_1"
"1677","GGTGTCGAGCCTGGAA-1_3_1"
"1678","GGTGTCGCAATGGGTG-1_3_1"
"1679","GGTGTCGGTGGCTGCT-1_3_1"
"1680","GGTGTCGTCTGGGATT-1_3_1"
"1681","GGTGTTACAGGACTTT-1_3_1"
"1682","GGTTAACCATGGAATA-1_3_1"
"1683","GGTTAACGTGTTGCCG-1_3_1"
"1684","GGTTGTAGTAATTAGG-1_3_1"
"1685","GGTTGTATCACTGCTC-1_3_1"
"1686","GTAACCATCCACGGAC-1_3_1"
"1687","GTAACCATCTGAATCG-1_3_1"
"1688","GTAACCATCTGCGATA-1_3_1"
"1689","GTAAGTCCATTAGGCT-1_3_1"
"1690","GTAAGTCTCCATTCAT-1_3_1"
"1691","GTAATGCTCGATCCCT-1_3_1"
"1692","GTACAACCAAGCACCC-1_3_1"
"1693","GTACAACGTACGCTAT-1_3_1"
"1694","GTACAACGTGTCTCCT-1_3_1"
"1695","GTACAACGTTCAACGT-1_3_1"
"1696","GTACAACTCACCTTGC-1_3_1"
"1697","GTACAGTAGCTTCATG-1_3_1"
"1698","GTACAGTCAGTATGAA-1_3_1"
"1699","GTAGAAAAGCCACCGT-1_3_1"
"1700","GTAGAAACAAACTCGT-1_3_1"
"1701","GTAGAAAGTCTAGATC-1_3_1"
"1702","GTAGAGGCACTAGGCC-1_3_1"
"1703","GTAGAGGCAGTTCTAG-1_3_1"
"1704","GTAGAGGGTCACAGAG-1_3_1"
"1705","GTAGAGGTCCGCTAGG-1_3_1"
"1706","GTAGAGGTCTGAGTCA-1_3_1"
"1707","GTAGATCCAGTCAGTT-1_3_1"
"1708","GTAGATCGTCCGTTTC-1_3_1"
"1709","GTAGATCGTCGATTTG-1_3_1"
"1710","GTAGATCGTTAAGGGC-1_3_1"
"1711","GTAGATCGTTGGTACT-1_3_1"
"1712","GTAGCTAGTACCCACG-1_3_1"
"1713","GTAGCTAGTCACGCTG-1_3_1"
"1714","GTAGCTATCGCCTATC-1_3_1"
"1715","GTAGGAGGTAGCGAGT-1_3_1"
"1716","GTAGGAGGTCGACTGC-1_3_1"
"1717","GTAGGAGGTTCCAAAC-1_3_1"
"1718","GTAGTACGTGGACTGA-1_3_1"
"1719","GTATTGGAGCCTTCTC-1_3_1"
"1720","GTATTGGGTCATAAAG-1_3_1"
"1721","GTATTGGGTTGTCATG-1_3_1"
"1722","GTATTTCAGCCGTAAG-1_3_1"
"1723","GTATTTCAGCGTGCCT-1_3_1"
"1724","GTATTTCCAGCGGTCT-1_3_1"
"1725","GTATTTCTCACCCTCA-1_3_1"
"1726","GTCACGGGTACGATGG-1_3_1"
"1727","GTCACGGTCCCGAAAT-1_3_1"
"1728","GTCACGGTCCTTCTGG-1_3_1"
"1729","GTCACTCAGCAGTACG-1_3_1"
"1730","GTCACTCAGCATGAAT-1_3_1"
"1731","GTCACTCAGCTGGCTC-1_3_1"
"1732","GTCACTCCATGCGTGC-1_3_1"
"1733","GTCAGCGAGATTGCGG-1_3_1"
"1734","GTCATCCCACAAGGTG-1_3_1"
"1735","GTCATCCCATCGTTCC-1_3_1"
"1736","GTCATCCGTTAAGTCC-1_3_1"
"1737","GTCATGAAGATGACCG-1_3_1"
"1738","GTCATGAAGCGAAACC-1_3_1"
"1739","GTCATGAGTAGACTGG-1_3_1"
"1740","GTCATTTGTGAGATCG-1_3_1"
"1741","GTCATTTGTTAGGGTG-1_3_1"
"1742","GTCCCATAGATAGCAT-1_3_1"
"1743","GTCCCATCAGGTCAAG-1_3_1"
"1744","GTCCCATGTGTATTGC-1_3_1"
"1745","GTCCCATTCAGTGGGA-1_3_1"
"1746","GTCCCATTCTTCGACC-1_3_1"
"1747","GTCCTCAGTGGCTGAA-1_3_1"
"1748","GTCCTCATCTATCACT-1_3_1"
"1749","GTCGAATAGTGTCATC-1_3_1"
"1750","GTCGAATTCCCAAGCG-1_3_1"
"1751","GTCGAATTCGCGTCGA-1_3_1"
"1752","GTCGCGAAGCATAGGC-1_3_1"
"1753","GTCGCGAGTATAGCTC-1_3_1"
"1754","GTCGCGAGTCCACTTC-1_3_1"
"1755","GTCGTAACAAACTCTG-1_3_1"
"1756","GTCGTAACAACAGCTT-1_3_1"
"1757","GTCGTAAGTACGTGTT-1_3_1"
"1758","GTCGTAAGTTAGAAGT-1_3_1"
"1759","GTCGTAATCCGCCTAT-1_3_1"
"1760","GTCTACCAGGCGAAGG-1_3_1"
"1761","GTCTACCAGTTGTCGT-1_3_1"
"1762","GTCTAGAAGGACACTG-1_3_1"
"1763","GTCTCACAGAAGGCTC-1_3_1"
"1764","GTCTTTAAGATGGCAC-1_3_1"
"1765","GTGACGCCAAATACGA-1_3_1"
"1766","GTGACGCGTCCGGTCA-1_3_1"
"1767","GTGAGGAAGGAACGTC-1_3_1"
"1768","GTGAGTTAGCTGAAAT-1_3_1"
"1769","GTGAGTTAGCTGACAG-1_3_1"
"1770","GTGAGTTAGGCCTAGA-1_3_1"
"1771","GTGAGTTGTGGAATGC-1_3_1"
"1772","GTGATGTAGGTCCTGC-1_3_1"
"1773","GTGATGTCAAACTGCT-1_3_1"
"1774","GTGATGTGTGTTACTG-1_3_1"
"1775","GTGATGTTCCCGATCT-1_3_1"
"1776","GTGCACGAGCAATTAG-1_3_1"
"1777","GTGCACGTCTAAGAAG-1_3_1"
"1778","GTGCACGTCTATTTCG-1_3_1"
"1779","GTGCAGCAGCGAGTCA-1_3_1"
"1780","GTGCAGCAGGATTCCT-1_3_1"
"1781","GTGCAGCCAGCTTTGA-1_3_1"
"1782","GTGCAGCGTTAAAGTG-1_3_1"
"1783","GTGCGTGTCACACCGG-1_3_1"
"1784","GTGCGTGTCCTTCTAA-1_3_1"
"1785","GTGCGTGTCTAGGAAA-1_3_1"
"1786","GTGCTGGCACCGAATT-1_3_1"
"1787","GTGCTGGCAGATCCTA-1_3_1"
"1788","GTGCTGGGTAGTATAG-1_3_1"
"1789","GTGCTGGGTGTTCCTC-1_3_1"
"1790","GTGCTGGGTTTACACG-1_3_1"
"1791","GTGCTTCGTAAGTTGA-1_3_1"
"1792","GTGCTTCTCCAGCAAT-1_3_1"
"1793","GTGGAAGAGAGGTATT-1_3_1"
"1794","GTGGAAGCAACGTTAC-1_3_1"
"1795","GTGGAAGTCCGATCGG-1_3_1"
"1796","GTGGAAGTCGGAGTGA-1_3_1"
"1797","GTGGAGAAGGACTTCT-1_3_1"
"1798","GTGGAGACATCTATCT-1_3_1"
"1799","GTGGAGAGTATGTCTG-1_3_1"
"1800","GTGGAGAGTCACGTGC-1_3_1"
"1801","GTGGCGTAGATACATG-1_3_1"
"1802","GTGGCGTAGCCTGACC-1_3_1"
"1803","GTGGCGTGTTCCGCAG-1_3_1"
"1804","GTGGCGTGTTTACACG-1_3_1"
"1805","GTGGGAAAGCTAGAGC-1_3_1"
"1806","GTGGGAAAGGCTCAAG-1_3_1"
"1807","GTGGGAACAGTATACC-1_3_1"
"1808","GTGGTTAAGGCGACAT-1_3_1"
"1809","GTGGTTACACACTTAG-1_3_1"
"1810","GTGGTTACATACCATG-1_3_1"
"1811","GTGGTTATCTTTGATC-1_3_1"
"1812","GTGTAACGTTGGCCTG-1_3_1"
"1813","GTGTGATAGACTCTTG-1_3_1"
"1814","GTGTGATAGGTCACAG-1_3_1"
"1815","GTGTGATCAAGAAACT-1_3_1"
"1816","GTGTGATCAATGGCCC-1_3_1"
"1817","GTGTGATCACAATGTC-1_3_1"
"1818","GTGTGATGTCAAGGCA-1_3_1"
"1819","GTGTGATGTGAATGTA-1_3_1"
"1820","GTGTTAGAGGTTCCGC-1_3_1"
"1821","GTGTTAGCACTCTAGA-1_3_1"
"1822","GTGTTAGTCACCGACG-1_3_1"
"1823","GTGTTAGTCCCTCAAC-1_3_1"
"1824","GTGTTCCCAAGGCTTT-1_3_1"
"1825","GTGTTCCTCCGAGCTG-1_3_1"
"1826","GTTACAGAGAATCGAT-1_3_1"
"1827","GTTACAGAGTATGTAG-1_3_1"
"1828","GTTACAGCAATAGTCC-1_3_1"
"1829","GTTACAGCATATGGCT-1_3_1"
"1830","GTTACCCAGATTAGTG-1_3_1"
"1831","GTTACCCAGTAATACG-1_3_1"
"1832","GTTACCCCATCTAGAC-1_3_1"
"1833","GTTACGACAGCACAGA-1_3_1"
"1834","GTTACGAGTAGTCTTG-1_3_1"
"1835","GTTACGATCATCACTT-1_3_1"
"1836","GTTACGATCCATCCGT-1_3_1"
"1837","GTTAGACAGTCTCTGA-1_3_1"
"1838","GTTAGACAGTGCGCTC-1_3_1"
"1839","GTTAGACGTCAATGGG-1_3_1"
"1840","GTTAGACGTCCTACGG-1_3_1"
"1841","GTTAGTGAGAGCGACT-1_3_1"
"1842","GTTAGTGCAACTGGTT-1_3_1"
"1843","GTTAGTGCAGGACTAG-1_3_1"
"1844","GTTAGTGGTGAGCAGT-1_3_1"
"1845","GTTAGTGGTTCAAACC-1_3_1"
"1846","GTTATGGGTACTGAGG-1_3_1"
"1847","GTTCATTAGCTCTGTA-1_3_1"
"1848","GTTCATTAGTGAGTGC-1_3_1"
"1849","GTTCATTGTAGGACCA-1_3_1"
"1850","GTTCATTTCTGGTCAA-1_3_1"
"1851","GTTCCGTAGAAGTATC-1_3_1"
"1852","GTTCCGTAGTTGTAGA-1_3_1"
"1853","GTTCCGTGTCGAGATG-1_3_1"
"1854","GTTCTATAGTGAATAC-1_3_1"
"1855","GTTCTATGTAAGTCAA-1_3_1"
"1856","GTTCTATGTCAGGTAG-1_3_1"
"1857","GTTCTATGTGCTGCAC-1_3_1"
"1858","GTTGAACCATTGACAC-1_3_1"
"1859","GTTGCGGGTAGGCAGT-1_3_1"
"1860","GTTGCGGGTGCAATAA-1_3_1"
"1861","GTTGCGGGTTAGCGGA-1_3_1"
"1862","GTTGCTCCACAAACGG-1_3_1"
"1863","GTTGCTCCAGCAGAAC-1_3_1"
"1864","GTTGCTCGTCTGTGTA-1_3_1"
"1865","GTTGCTCTCTTCGTGC-1_3_1"
"1866","GTTGTAGAGTCAATCC-1_3_1"
"1867","GTTGTGAGTGCTTCAA-1_3_1"
"1868","GTTGTGATCGCCAGAC-1_3_1"
"1869","GTTTACTTCGCTTGCT-1_3_1"
"1870","GTTTGGACACAGAGAC-1_3_1"
"1871","GTTTGGATCATTCGGA-1_3_1"
"1872","TAACCAGAGTAAACTG-1_3_1"
"1873","TAACGACAGGGAACAA-1_3_1"
"1874","TAACGACGTACACTCA-1_3_1"
"1875","TAACGACGTGGCATCC-1_3_1"
"1876","TAACTTCAGGTTCTAC-1_3_1"
"1877","TAACTTCGTAGCTGAG-1_3_1"
"1878","TAAGCACCACCGTCTT-1_3_1"
"1879","TAAGCACGTCGTGCCA-1_3_1"
"1880","TAAGCCACAGAGAGGG-1_3_1"
"1881","TAAGCGTAGCGCTGAA-1_3_1"
"1882","TAAGCGTCAAGAAACT-1_3_1"
"1883","TAAGCGTCAAGAGCTG-1_3_1"
"1884","TAAGCGTCAAGCACAG-1_3_1"
"1885","TAAGCGTCACGTCATA-1_3_1"
"1886","TAAGCGTGTACTGACT-1_3_1"
"1887","TAAGCGTGTCTAGGCC-1_3_1"
"1888","TAAGTCGAGGAACTAT-1_3_1"
"1889","TAAGTCGCACACAGCC-1_3_1"
"1890","TAAGTCGCAGGATGAC-1_3_1"
"1891","TAAGTCGTCAACCTCC-1_3_1"
"1892","TAAGTCGTCAGAATAG-1_3_1"
"1893","TAAGTCGTCTAGTGAC-1_3_1"
"1894","TAATCTCGTTCTAAGC-1_3_1"
"1895","TAATCTCGTTTAAGGA-1_3_1"
"1896","TAATTCCTCGTAGGGA-1_3_1"
"1897","TACAACGGTAATCAAG-1_3_1"
"1898","TACAACGTCACATTGG-1_3_1"
"1899","TACACCCAGCTTACGT-1_3_1"
"1900","TACACCCAGGCACCAA-1_3_1"
"1901","TACACCCCACACACGC-1_3_1"
"1902","TACACCCGTCGTCGGT-1_3_1"
"1903","TACACCCTCGGAGTGA-1_3_1"
"1904","TACACCCTCGTCCTCA-1_3_1"
"1905","TACAGGTCAGTAACAA-1_3_1"
"1906","TACAGGTCATACGCAT-1_3_1"
"1907","TACATTCAGACGCTCC-1_3_1"
"1908","TACATTCCAATTGTGC-1_3_1"
"1909","TACATTCGTCGTCAGC-1_3_1"
"1910","TACCCACAGTTTGAGA-1_3_1"
"1911","TACCCACCAACCTAAC-1_3_1"
"1912","TACCCACGTGCTATTG-1_3_1"
"1913","TACCCACTCGGTCTGG-1_3_1"
"1914","TACCCGTAGTCATGGG-1_3_1"
"1915","TACCCGTCATAACGGG-1_3_1"
"1916","TACCCGTTCCCATGGG-1_3_1"
"1917","TACCGAACAGTGCGCT-1_3_1"
"1918","TACCGAAGTATTCTCT-1_3_1"
"1919","TACCGAAGTGAATTAG-1_3_1"
"1920","TACCGGGAGAGGGTGG-1_3_1"
"1921","TACCGGGCATGGGCAA-1_3_1"
"1922","TACCTCGCATCCGATA-1_3_1"
"1923","TACCTCGGTATGCTTG-1_3_1"
"1924","TACCTCGGTCGCCTAG-1_3_1"
"1925","TACCTCGTCGGACGTC-1_3_1"
"1926","TACGCTCCACATTCGA-1_3_1"
"1927","TACGCTCTCGACCAAT-1_3_1"
"1928","TACGGGCCAAGTGGAC-1_3_1"
"1929","TACGGGCCATCATTGG-1_3_1"
"1930","TACGGGCTCCACTAGA-1_3_1"
"1931","TACGGGCTCCCTGTTG-1_3_1"
"1932","TACGGTACAAATCGGG-1_3_1"
"1933","TACGGTATCGCATTGA-1_3_1"
"1934","TACGTCCGTAGGCAGT-1_3_1"
"1935","TACGTCCTCCAACTGA-1_3_1"
"1936","TACTGCCTCATCACAG-1_3_1"
"1937","TACTGCCTCGTAGGAG-1_3_1"
"1938","TACTTACTCACCATAG-1_3_1"
"1939","TACTTACTCTCACCCA-1_3_1"
"1940","TACTTCAAGCATGAAT-1_3_1"
"1941","TACTTCAAGGGATGTC-1_3_1"
"1942","TACTTCAGTTCTATCT-1_3_1"
"1943","TACTTGTAGTTACTCG-1_3_1"
"1944","TACTTGTCACCAACAT-1_3_1"
"1945","TACTTGTGTACCTTCC-1_3_1"
"1946","TAGACCAAGCTGAGTG-1_3_1"
"1947","TAGACCAGTAATTAGG-1_3_1"
"1948","TAGACCAGTTCCGGTG-1_3_1"
"1949","TAGACCATCGCCCAGA-1_3_1"
"1950","TAGACTGAGAAGCTGC-1_3_1"
"1951","TAGACTGAGATACGAT-1_3_1"
"1952","TAGACTGCATGAAGCG-1_3_1"
"1953","TAGACTGGTGAGTAAT-1_3_1"
"1954","TAGACTGGTTCGGACC-1_3_1"
"1955","TAGAGTCGTCTGTGGC-1_3_1"
"1956","TAGATCGAGAGCACTG-1_3_1"
"1957","TAGATCGCAGTTGAAA-1_3_1"
"1958","TAGATCGCATCTAGAC-1_3_1"
"1959","TAGATCGTCTGAGAGG-1_3_1"
"1960","TAGCACAAGTCTGCGC-1_3_1"
"1961","TAGCACACAATATCCG-1_3_1"
"1962","TAGCACATCCCGAGAC-1_3_1"
"1963","TAGCACATCGCCAATA-1_3_1"
"1964","TAGGAGGCAGCTGCCA-1_3_1"
"1965","TAGGAGGGTTCTCGTC-1_3_1"
"1966","TAGGGTTCAGCAATTC-1_3_1"
"1967","TAGGTACCAGGGACTA-1_3_1"
"1968","TAGTGCAAGAGTACCG-1_3_1"
"1969","TAGTGCACACAACGAG-1_3_1"
"1970","TAGTGCACAGGTCCGT-1_3_1"
"1971","TAGTGCATCGTGCTCT-1_3_1"
"1972","TAGTGCATCGTTGTTT-1_3_1"
"1973","TAGTGCATCTCGACGG-1_3_1"
"1974","TAGTGCATCTGAGCAT-1_3_1"
"1975","TATACCTCAACAAGTA-1_3_1"
"1976","TATACCTGTATCTCTT-1_3_1"
"1977","TATACCTGTATGCGTT-1_3_1"
"1978","TATATCCAGAGTACCG-1_3_1"
"1979","TATATCCTCAATCCAG-1_3_1"
"1980","TATATCCTCCTCAGGG-1_3_1"
"1981","TATCAGGAGGGCAAGG-1_3_1"
"1982","TATCAGGAGTCTAACC-1_3_1"
"1983","TATCAGGCATTGTCGA-1_3_1"
"1984","TATCAGGGTGTCGCTG-1_3_1"
"1985","TATCAGGGTTAAACAG-1_3_1"
"1986","TATCCTAAGTTGTAGA-1_3_1"
"1987","TATCCTACAGTAGAAT-1_3_1"
"1988","TATCGCCCAACCAGAG-1_3_1"
"1989","TATCGCCGTGTCGCTG-1_3_1"
"1990","TATCGCCTCACTTATC-1_3_1"
"1991","TATCTGTAGGCTGTAG-1_3_1"
"1992","TATCTGTCAAGCTACT-1_3_1"
"1993","TATCTGTTCGATCCAA-1_3_1"
"1994","TATCTTGAGCGTATGG-1_3_1"
"1995","TATCTTGCATGAATAG-1_3_1"
"1996","TATCTTGCATGCAGGA-1_3_1"
"1997","TATGTTCAGCCAGAGT-1_3_1"
"1998","TATTGGGAGAGCCGAT-1_3_1"
"1999","TATTGGGTCACCTCTG-1_3_1"
"2000","TATTTCGAGGTCACCC-1_3_1"
"2001","TATTTCGCACATGAAA-1_3_1"
"2002","TATTTCGTCACCTCAC-1_3_1"
"2003","TCAAGACCAATTGCTG-1_3_1"
"2004","TCAAGACTCTTGAACG-1_3_1"
"2005","TCAAGCAAGTGCACAG-1_3_1"
"2006","TCAAGCACAAGCCATT-1_3_1"
"2007","TCAAGCACATGAGGGT-1_3_1"
"2008","TCAAGTGAGACCATGG-1_3_1"
"2009","TCAAGTGAGGGTGGGA-1_3_1"
"2010","TCAAGTGCACTGGATT-1_3_1"
"2011","TCAATCTAGATCGGTG-1_3_1"
"2012","TCAATCTAGCACCTGC-1_3_1"
"2013","TCAATCTAGCCAGAGT-1_3_1"
"2014","TCAATCTAGTGGTTCT-1_3_1"
"2015","TCAATCTCAGATGCGA-1_3_1"
"2016","TCAATTCAGGCCGCTT-1_3_1"
"2017","TCAATTCCAAGTGGCA-1_3_1"
"2018","TCAATTCGTGTTCCAA-1_3_1"
"2019","TCACAAGAGCTTTCCC-1_3_1"
"2020","TCACAAGCATCCCGTT-1_3_1"
"2021","TCACAAGCATTCATCT-1_3_1"
"2022","TCACAAGGTATCAAGA-1_3_1"
"2023","TCACAAGGTTGACTAC-1_3_1"
"2024","TCACACCAGACGACGT-1_3_1"
"2025","TCACACCTCCTCTAAT-1_3_1"
"2026","TCACATTAGAAATGGG-1_3_1"
"2027","TCACATTAGGATACAT-1_3_1"
"2028","TCACATTGTAGAGACC-1_3_1"
"2029","TCACATTGTCGAATTC-1_3_1"
"2030","TCACGCTCACACGGTC-1_3_1"
"2031","TCACGCTCACATATGC-1_3_1"
"2032","TCACGGGCAAAGGATT-1_3_1"
"2033","TCACGGGCAAGCGAAC-1_3_1"
"2034","TCACGGGCATGAAGGC-1_3_1"
"2035","TCACGGGGTGGAGAAA-1_3_1"
"2036","TCACTATAGAGGGTGG-1_3_1"
"2037","TCACTATGTCACAGAG-1_3_1"
"2038","TCACTATGTCAGGTGA-1_3_1"
"2039","TCACTATGTGCACGCT-1_3_1"
"2040","TCACTATTCCGCGAGT-1_3_1"
"2041","TCACTCGAGTGAGGCT-1_3_1"
"2042","TCACTCGCACATTGTG-1_3_1"
"2043","TCACTCGTCCGACGGT-1_3_1"
"2044","TCACTCGTCGTGTGAT-1_3_1"
"2045","TCAGCAAAGACATCCT-1_3_1"
"2046","TCAGCAAAGTCGAATA-1_3_1"
"2047","TCAGCCTAGGTTACAA-1_3_1"
"2048","TCAGCCTGTTCGTGCG-1_3_1"
"2049","TCAGCCTTCGCAGTGC-1_3_1"
"2050","TCAGCCTTCGCATTAG-1_3_1"
"2051","TCAGGGCAGGCGAACT-1_3_1"
"2052","TCAGGGCGTGAACTAA-1_3_1"
"2053","TCAGGTAGTTTGTTCT-1_3_1"
"2054","TCAGGTATCTGGGCCA-1_3_1"
"2055","TCAGTCCAGACAACTA-1_3_1"
"2056","TCAGTCCAGTCACGAG-1_3_1"
"2057","TCAGTCCCAACACGTT-1_3_1"
"2058","TCAGTCCGTTACGGAG-1_3_1"
"2059","TCAGTCCGTTTACGTG-1_3_1"
"2060","TCAGTGAAGAGGTCAC-1_3_1"
"2061","TCAGTGAGTAGATCCT-1_3_1"
"2062","TCAGTGAGTGGCTACC-1_3_1"
"2063","TCAGTTTGTTTGGGTT-1_3_1"
"2064","TCAGTTTTCAAACCTG-1_3_1"
"2065","TCAGTTTTCCGCAACG-1_3_1"
"2066","TCAGTTTTCGTTGTGA-1_3_1"
"2067","TCATATCAGCCAACCC-1_3_1"
"2068","TCATCATGTTGTCATG-1_3_1"
"2069","TCATCCGAGTGCTCAT-1_3_1"
"2070","TCATCCGCAACCACGC-1_3_1"
"2071","TCATCCGGTGGCCTCA-1_3_1"
"2072","TCATCCGGTGTGTCCG-1_3_1"
"2073","TCATGAGCAGGGTTGA-1_3_1"
"2074","TCATGCCCACGGTGCT-1_3_1"
"2075","TCATGCCGTTATCTGG-1_3_1"
"2076","TCATGCCTCGCGTGCA-1_3_1"
"2077","TCATGGAAGCCAAGGT-1_3_1"
"2078","TCATGGAGTCTAGATC-1_3_1"
"2079","TCATGGAGTGATACCT-1_3_1"
"2080","TCATGGAGTTTGATCG-1_3_1"
"2081","TCATGTTGTAGCTTTG-1_3_1"
"2082","TCATGTTGTTTGGAGG-1_3_1"
"2083","TCATGTTTCGGAACTT-1_3_1"
"2084","TCATTACAGAAACTAC-1_3_1"
"2085","TCATTACAGGAACGAA-1_3_1"
"2086","TCATTACCATGTCGTA-1_3_1"
"2087","TCATTACGTGATGGCA-1_3_1"
"2088","TCATTACTCCATCTCG-1_3_1"
"2089","TCATTCAAGTACCATC-1_3_1"
"2090","TCATTCACAGGGTCTC-1_3_1"
"2091","TCATTCATCACATCAG-1_3_1"
"2092","TCATTCATCCGTATGA-1_3_1"
"2093","TCATTCATCCTAGCGG-1_3_1"
"2094","TCATTCATCGGCCAAC-1_3_1"
"2095","TCATTGTTCTGGAAGG-1_3_1"
"2096","TCATTTGAGTTATGGA-1_3_1"
"2097","TCATTTGAGTTCCAGT-1_3_1"
"2098","TCATTTGCACAACGTT-1_3_1"
"2099","TCATTTGCACCAAATC-1_3_1"
"2100","TCATTTGGTTTCTTAC-1_3_1"
"2101","TCCACCAGTCTCAGAT-1_3_1"
"2102","TCCACCATCACGACTA-1_3_1"
"2103","TCCACGTCACGATAGG-1_3_1"
"2104","TCCACGTCAGTGGTGA-1_3_1"
"2105","TCCACGTTCATGCCCT-1_3_1"
"2106","TCCAGAAAGCGGTAGT-1_3_1"
"2107","TCCAGAACACTACAGT-1_3_1"
"2108","TCCAGAATCGGACTGC-1_3_1"
"2109","TCCATCGCAGAGTAAT-1_3_1"
"2110","TCCATCGCAGCAAGAC-1_3_1"
"2111","TCCATCGCATTGACAC-1_3_1"
"2112","TCCATCGTCTTCCAGC-1_3_1"
"2113","TCCATGCGTAGAGGAA-1_3_1"
"2114","TCCATGCTCGCGCCAA-1_3_1"
"2115","TCCATGCTCTCTATAC-1_3_1"
"2116","TCCCACACAATGGCAG-1_3_1"
"2117","TCCCACAGTGACATCT-1_3_1"
"2118","TCCCAGTCAAGTGGGT-1_3_1"
"2119","TCCCAGTGTAAGCGGT-1_3_1"
"2120","TCCCAGTTCACTTGGA-1_3_1"
"2121","TCCCAGTTCTGCTGAA-1_3_1"
"2122","TCCCATGCAAGTTCGT-1_3_1"
"2123","TCCCATGGTTGCGTAT-1_3_1"
"2124","TCCCATGTCATGAGGG-1_3_1"
"2125","TCCCATGTCCGCGAGT-1_3_1"
"2126","TCCGAAAGTCCTCAGG-1_3_1"
"2127","TCCGAAATCAAACTGC-1_3_1"
"2128","TCCGATCAGAGGGTCT-1_3_1"
"2129","TCCGATCCATAGGTAA-1_3_1"
"2130","TCCGGGAAGCGACTTT-1_3_1"
"2131","TCCGGGACACACGCCA-1_3_1"
"2132","TCCGGGAGTGACTCGC-1_3_1"
"2133","TCCGTGTTCTAACGGT-1_3_1"
"2134","TCCTAATCAGCCTTCT-1_3_1"
"2135","TCCTAATCAGTGTGCC-1_3_1"
"2136","TCCTAATTCCACTTTA-1_3_1"
"2137","TCCTCCCAGCTCCACG-1_3_1"
"2138","TCCTCGACACAGAGAC-1_3_1"
"2139","TCCTCGAGTACCATAC-1_3_1"
"2140","TCCTCGAGTATACGGG-1_3_1"
"2141","TCCTCGATCGCAATTG-1_3_1"
"2142","TCCTCTTCAAGAGGTC-1_3_1"
"2143","TCCTGCAAGAACCGCA-1_3_1"
"2144","TCCTGCACAGATCCAT-1_3_1"
"2145","TCCTGCAGTTCCGTTC-1_3_1"
"2146","TCCTTCTAGCTCCATA-1_3_1"
"2147","TCCTTCTAGTTGAAGT-1_3_1"
"2148","TCCTTCTGTAGCTGCC-1_3_1"
"2149","TCCTTCTTCAACTTTC-1_3_1"
"2150","TCCTTTCCAACCCTCT-1_3_1"
"2151","TCCTTTCTCCTTACCG-1_3_1"
"2152","TCGAACAGTAGAGATT-1_3_1"
"2153","TCGAACATCGTTCCCA-1_3_1"
"2154","TCGAACATCTGTGCAA-1_3_1"
"2155","TCGAAGTCACTGGACC-1_3_1"
"2156","TCGACCTAGCGGTAAC-1_3_1"
"2157","TCGACCTGTATCAGCT-1_3_1"
"2158","TCGACCTGTTCTGACA-1_3_1"
"2159","TCGACCTTCGACATTG-1_3_1"
"2160","TCGACCTTCTGGCCTT-1_3_1"
"2161","TCGACGGCATAATCGC-1_3_1"
"2162","TCGACGGTCGTCCATC-1_3_1"
"2163","TCGATTTAGAGGGTCT-1_3_1"
"2164","TCGATTTCACACGTGC-1_3_1"
"2165","TCGATTTGTACGTGAG-1_3_1"
"2166","TCGATTTGTATCACGT-1_3_1"
"2167","TCGATTTGTGGCCTCA-1_3_1"
"2168","TCGCACTAGGGTTAAT-1_3_1"
"2169","TCGCACTCACGTAACT-1_3_1"
"2170","TCGCACTCATGAGATA-1_3_1"
"2171","TCGCACTGTCGGTGAA-1_3_1"
"2172","TCGCAGGCACGTAGTT-1_3_1"
"2173","TCGCAGGCAGACACAG-1_3_1"
"2174","TCGCAGGCAGAGATGC-1_3_1"
"2175","TCGCTCACAAAGGATT-1_3_1"
"2176","TCGCTCACAAGGTTGG-1_3_1"
"2177","TCGCTCATCTGGGAGA-1_3_1"
"2178","TCGCTTGCATCGCCTT-1_3_1"
"2179","TCGCTTGCATCTCGTC-1_3_1"
"2180","TCGCTTGCATTGTAGC-1_3_1"
"2181","TCGCTTGGTAGTAAGT-1_3_1"
"2182","TCGCTTGGTCCGACGT-1_3_1"
"2183","TCGGATAAGGGTTAGC-1_3_1"
"2184","TCGGATACACTGCGAC-1_3_1"
"2185","TCGGATACACTGGCCA-1_3_1"
"2186","TCGGATACATGCACTA-1_3_1"
"2187","TCGGATATCACCGCTT-1_3_1"
"2188","TCGGGACAGTATGAAC-1_3_1"
"2189","TCGGGCAAGGACTAAT-1_3_1"
"2190","TCGGGCATCAATCTTC-1_3_1"
"2191","TCGGGCATCTGCTTTA-1_3_1"
"2192","TCGGGTGAGTCTCCTC-1_3_1"
"2193","TCGGGTGCACGCCACA-1_3_1"
"2194","TCGGGTGTCACAAGGG-1_3_1"
"2195","TCGGTCTAGCATTGTC-1_3_1"
"2196","TCGTAGAAGCGTTACT-1_3_1"
"2197","TCGTAGACAACATCGT-1_3_1"
"2198","TCGTAGAGTTCGAGCC-1_3_1"
"2199","TCGTCCACAGAGTTCT-1_3_1"
"2200","TCGTCCAGTCGCATCG-1_3_1"
"2201","TCGTCCAGTGTAAACA-1_3_1"
"2202","TCGTCCATCAGTCAGT-1_3_1"
"2203","TCGTGCTGTGAAGCTG-1_3_1"
"2204","TCGTGCTGTGAGTAGC-1_3_1"
"2205","TCGTGCTTCCAGTGTA-1_3_1"
"2206","TCGTGGGCAAATAAGC-1_3_1"
"2207","TCGTGGGTCCACCTCA-1_3_1"
"2208","TCTACATAGAAAGTCT-1_3_1"
"2209","TCTACATGTCTTTCTA-1_3_1"
"2210","TCTACATGTGGTCTTA-1_3_1"
"2211","TCTATACCACGACCTG-1_3_1"
"2212","TCTATACGTCACATTG-1_3_1"
"2213","TCTATACGTCACTACA-1_3_1"
"2214","TCTATCACAAACTCGT-1_3_1"
"2215","TCTATCAGTCTAACGT-1_3_1"
"2216","TCTATCAGTTGCGTAT-1_3_1"
"2217","TCTATCATCCAACCGG-1_3_1"
"2218","TCTCACGAGTGCAACG-1_3_1"
"2219","TCTCACGCACCTTCCA-1_3_1"
"2220","TCTCACGCATCGATAC-1_3_1"
"2221","TCTCCGAAGCCGGAAT-1_3_1"
"2222","TCTCCGAAGCCTGTGC-1_3_1"
"2223","TCTCCGACATCGGATT-1_3_1"
"2224","TCTCCGAGTCGGAACA-1_3_1"
"2225","TCTCCGATCAGAGCAG-1_3_1"
"2226","TCTCTGGTCACTACTT-1_3_1"
"2227","TCTGCCAAGCATCCTA-1_3_1"
"2228","TCTGCCACAGGTGAGT-1_3_1"
"2229","TCTGCCACATCAGTGT-1_3_1"
"2230","TCTGGCTAGAACTTCC-1_3_1"
"2231","TCTGGCTCATAACGGG-1_3_1"
"2232","TCTGGCTGTTCGGCCA-1_3_1"
"2233","TCTGTCGGTAGAGCTG-1_3_1"
"2234","TCTGTCGTCGTCTCAC-1_3_1"
"2235","TCTTAGTGTACAGCGA-1_3_1"
"2236","TCTTCCTTCACGTCCT-1_3_1"
"2237","TCTTCCTTCCTACGAA-1_3_1"
"2238","TCTTCCTTCTCGGGAC-1_3_1"
"2239","TCTTGCGAGTAACGTA-1_3_1"
"2240","TCTTGCGCAAAGAACT-1_3_1"
"2241","TCTTGCGTCGCTAGCG-1_3_1"
"2242","TGAACGTCAAGCCATT-1_3_1"
"2243","TGAACGTCAGAAATCA-1_3_1"
"2244","TGAATCGAGGCCTAAG-1_3_1"
"2245","TGAATCGCAAGCCATT-1_3_1"
"2246","TGAATGCAGACAAGCC-1_3_1"
"2247","TGAATGCGTGTTAGCT-1_3_1"
"2248","TGAATGCGTTATTCCT-1_3_1"
"2249","TGAATGCTCCCATAGA-1_3_1"
"2250","TGACAGTAGTGGCGAT-1_3_1"
"2251","TGACAGTCATGTTCAG-1_3_1"
"2252","TGACAGTCATTGCTGA-1_3_1"
"2253","TGACAGTGTTGTATGC-1_3_1"
"2254","TGACCCTGTAGCGTTT-1_3_1"
"2255","TGACCCTGTCCCACGA-1_3_1"
"2256","TGACCCTTCGCCTATC-1_3_1"
"2257","TGACGCGAGAAGCTGC-1_3_1"
"2258","TGACGCGCAGCCTTCT-1_3_1"
"2259","TGACTCCCAGAAGTGC-1_3_1"
"2260","TGAGACTAGCACCCAC-1_3_1"
"2261","TGAGACTAGTCCTACA-1_3_1"
"2262","TGAGACTGTACGATCT-1_3_1"
"2263","TGAGACTTCACCTGTC-1_3_1"
"2264","TGAGCATAGCCACTCG-1_3_1"
"2265","TGAGCATAGTAACGAT-1_3_1"
"2266","TGAGCGCTCCGTGGGT-1_3_1"
"2267","TGAGCGCTCTATTGTC-1_3_1"
"2268","TGAGGAGAGGTCACTT-1_3_1"
"2269","TGAGGGACACACGTGC-1_3_1"
"2270","TGAGGTTAGAGTTGTA-1_3_1"
"2271","TGAGGTTAGCCTATTG-1_3_1"
"2272","TGAGTCAAGGAACGTC-1_3_1"
"2273","TGAGTCAAGGCGTCCT-1_3_1"
"2274","TGAGTCAAGGTACAAT-1_3_1"
"2275","TGAGTCAAGTTCCAGT-1_3_1"
"2276","TGAGTCACAGCACACC-1_3_1"
"2277","TGAGTCAGTGCGGTAA-1_3_1"
"2278","TGAGTCAGTTGGGTTT-1_3_1"
"2279","TGATCAGAGTACTGTC-1_3_1"
"2280","TGATCAGGTTAAACAG-1_3_1"
"2281","TGATCTTCATTGTGCA-1_3_1"
"2282","TGATCTTTCAAGTCGT-1_3_1"
"2283","TGATGCATCACGATCA-1_3_1"
"2284","TGATGCATCAGGACAG-1_3_1"
"2285","TGATGGTCACAATTCG-1_3_1"
"2286","TGATGGTGTGAATTGA-1_3_1"
"2287","TGATGGTGTTGGCCGT-1_3_1"
"2288","TGATTCTAGCGGCTCT-1_3_1"
"2289","TGATTCTTCATTTCCA-1_3_1"
"2290","TGATTTCCACAGCTGC-1_3_1"
"2291","TGATTTCCACTAGGTT-1_3_1"
"2292","TGATTTCGTCTTGGTA-1_3_1"
"2293","TGCACGGAGCACCAGA-1_3_1"
"2294","TGCACGGCAGGACTAG-1_3_1"
"2295","TGCAGATAGGTAGTAT-1_3_1"
"2296","TGCAGATGTACCTATG-1_3_1"
"2297","TGCAGATTCTTCCTAA-1_3_1"
"2298","TGCAGGCCATCATTGG-1_3_1"
"2299","TGCAGTACAGGACGAT-1_3_1"
"2300","TGCAGTAGTACTCGAT-1_3_1"
"2301","TGCAGTATCGTTAGAC-1_3_1"
"2302","TGCAGTATCTCATGCC-1_3_1"
"2303","TGCATCCAGAGGACTC-1_3_1"
"2304","TGCATCCAGCACGTCC-1_3_1"
"2305","TGCATCCCAATGTGGG-1_3_1"
"2306","TGCATCCCAGTCAGAG-1_3_1"
"2307","TGCATCCCAGTTGGTT-1_3_1"
"2308","TGCATGAGTAACAAGT-1_3_1"
"2309","TGCCGAGCATCCTCAC-1_3_1"
"2310","TGCGACGAGTCGGCCT-1_3_1"
"2311","TGCGACGCAAGACGAC-1_3_1"
"2312","TGCGACGCACATATGC-1_3_1"
"2313","TGCGACGCATCCGGCA-1_3_1"
"2314","TGCGACGGTATTCCGA-1_3_1"
"2315","TGCGATAGTTCCGTTC-1_3_1"
"2316","TGCGATATCTCGTGAA-1_3_1"
"2317","TGCGGCAAGCACAAAT-1_3_1"
"2318","TGCGGGTAGATGGCAC-1_3_1"
"2319","TGCGGGTGTTTCGGCG-1_3_1"
"2320","TGCTCCACAGAAGTTA-1_3_1"
"2321","TGCTCCACAGGTGGAT-1_3_1"
"2322","TGCTCCAGTAGGACCA-1_3_1"
"2323","TGCTCCAGTCGCACAC-1_3_1"
"2324","TGCTCCATCTGCTCTG-1_3_1"
"2325","TGCTCGTAGACCAAAT-1_3_1"
"2326","TGCTCGTGTAACATAG-1_3_1"
"2327","TGCTCGTGTTGATCGT-1_3_1"
"2328","TGCTCGTTCCCGAACG-1_3_1"
"2329","TGCTGAAAGTATGTAG-1_3_1"
"2330","TGCTGAACACAATTCG-1_3_1"
"2331","TGCTGAAGTTCAGGTT-1_3_1"
"2332","TGCTGAATCTGCCTGT-1_3_1"
"2333","TGCTTCGAGGAAAGGT-1_3_1"
"2334","TGCTTCGCATCCGATA-1_3_1"
"2335","TGCTTCGTCCCTCATG-1_3_1"
"2336","TGCTTGCGTGACAGGT-1_3_1"
"2337","TGCTTGCGTGCCTGCA-1_3_1"
"2338","TGGAACTAGGCATGCA-1_3_1"
"2339","TGGAACTCATATCTCT-1_3_1"
"2340","TGGAGAGAGGCAGGGA-1_3_1"
"2341","TGGAGAGCACCACTGG-1_3_1"
"2342","TGGAGAGGTACGGTTT-1_3_1"
"2343","TGGAGGACAGTATGAA-1_3_1"
"2344","TGGATCAGTTACACTG-1_3_1"
"2345","TGGATCATCTATGTGG-1_3_1"
"2346","TGGATGTCACTACCCT-1_3_1"
"2347","TGGATGTGTATTCCGA-1_3_1"
"2348","TGGCGTGTCTAACGGT-1_3_1"
"2349","TGGCGTGTCTACCAGA-1_3_1"
"2350","TGGGAAGAGAAGGCTC-1_3_1"
"2351","TGGGAAGAGAGGATGA-1_3_1"
"2352","TGGGAAGAGTTCTCTT-1_3_1"
"2353","TGGGAAGCACACCAGC-1_3_1"
"2354","TGGGAGAAGTGAGTGC-1_3_1"
"2355","TGGGAGACACGGATCC-1_3_1"
"2356","TGGGCGTAGCAGGCAT-1_3_1"
"2357","TGGGCGTCAGGTGTGA-1_3_1"
"2358","TGGGCTGAGGAATCGC-1_3_1"
"2359","TGGGCTGCAGAAATCA-1_3_1"
"2360","TGGGCTGGTAGACACG-1_3_1"
"2361","TGGGTTAAGATAGGGA-1_3_1"
"2362","TGGGTTACAAAGCGTG-1_3_1"
"2363","TGGTACAAGTTTCAGC-1_3_1"
"2364","TGGTAGTCATGTTCGA-1_3_1"
"2365","TGGTAGTTCGTTCCCA-1_3_1"
"2366","TGGTGATCATCCGGCA-1_3_1"
"2367","TGGTGATCATCGGCCA-1_3_1"
"2368","TGGTTAGAGATGGGCT-1_3_1"
"2369","TGGTTAGCACGTAGTT-1_3_1"
"2370","TGGTTAGGTACGCTTA-1_3_1"
"2371","TGGTTAGTCTACGGGC-1_3_1"
"2372","TGGTTAGTCTCGTGGG-1_3_1"
"2373","TGTAACGGTCCCTCAT-1_3_1"
"2374","TGTAAGCAGCGGGTTA-1_3_1"
"2375","TGTAAGCGTGAAAGTT-1_3_1"
"2376","TGTAAGCTCTCAGAAC-1_3_1"
"2377","TGTAGACAGGGCAAGG-1_3_1"
"2378","TGTAGACCAGTGCCTG-1_3_1"
"2379","TGTAGACGTAATACCC-1_3_1"
"2380","TGTAGACTCGAAGAAT-1_3_1"
"2381","TGTCAGAAGTCCGCGT-1_3_1"
"2382","TGTCAGACAACAGTGG-1_3_1"
"2383","TGTCCACAGACGCCAA-1_3_1"
"2384","TGTCCACCAATTGCAC-1_3_1"
"2385","TGTCCACGTAGTTAGA-1_3_1"
"2386","TGTCCACGTCAGTCGC-1_3_1"
"2387","TGTCCCAGTGGTTTGT-1_3_1"
"2388","TGTCCCATCCACACAA-1_3_1"
"2389","TGTCCTGAGACATAAC-1_3_1"
"2390","TGTCCTGTCCTCCACA-1_3_1"
"2391","TGTGAGTCAACGATTC-1_3_1"
"2392","TGTGAGTCAGAACTAA-1_3_1"
"2393","TGTGAGTTCCTCCACA-1_3_1"
"2394","TGTGATGAGTAAGAGG-1_3_1"
"2395","TGTGATGGTCCCTGTT-1_3_1"
"2396","TGTGATGTCGAACACT-1_3_1"
"2397","TGTGATGTCGCCACTT-1_3_1"
"2398","TGTGCGGAGCAGTAAT-1_3_1"
"2399","TGTGGCGAGTATGCAA-1_3_1"
"2400","TGTGGCGGTCATAGTC-1_3_1"
"2401","TGTGGCGTCGACATCA-1_3_1"
"2402","TGTGGCGTCGTAGAGG-1_3_1"
"2403","TGTGTGAAGATAGGGA-1_3_1"
"2404","TGTGTGAGTCATCCGG-1_3_1"
"2405","TGTGTGAGTCCTACGG-1_3_1"
"2406","TGTGTGAGTGTGTGGA-1_3_1"
"2407","TGTTCATAGTGCGTCC-1_3_1"
"2408","TGTTCATGTGTTCAGT-1_3_1"
"2409","TGTTCATGTTGTGCCG-1_3_1"
"2410","TGTTCATTCGTGGAAG-1_3_1"
"2411","TGTTCCGAGGTCGAGT-1_3_1"
"2412","TGTTCCGCACCCTCTA-1_3_1"
"2413","TGTTCCGTCGTGACTA-1_3_1"
"2414","TGTTGAGAGCAGCCTC-1_3_1"
"2415","TGTTGAGCAATACGAA-1_3_1"
"2416","TGTTGAGCATGGAACG-1_3_1"
"2417","TGTTGAGTCCCTCTAG-1_3_1"
"2418","TGTTGAGTCTGGTCAA-1_3_1"
"2419","TGTTGGACACGACGCT-1_3_1"
"2420","TGTTGGACATCCTAAG-1_3_1"
"2421","TGTTGGAGTCTCGACG-1_3_1"
"2422","TGTTGGAGTTTCGTAG-1_3_1"
"2423","TGTTTGTAGGCTCTAT-1_3_1"
"2424","TGTTTGTCACCACATA-1_3_1"
"2425","TGTTTGTGTAGGTCAG-1_3_1"
"2426","TGTTTGTGTCCCTAAA-1_3_1"
"2427","TGTTTGTGTTGTACGT-1_3_1"
"2428","TGTTTGTGTTTGGGTT-1_3_1"
"2429","TTAATCCCACGATAGG-1_3_1"
"2430","TTAATCCCATCGGCCA-1_3_1"
"2431","TTACAGGAGACGGTTG-1_3_1"
"2432","TTACAGGAGCGTTGTT-1_3_1"
"2433","TTACAGGCATCGAACT-1_3_1"
"2434","TTACAGGTCCATCGTC-1_3_1"
"2435","TTACAGGTCTTACGGA-1_3_1"
"2436","TTACAGGTCTTCGGAA-1_3_1"
"2437","TTACCATAGAGTAACT-1_3_1"
"2438","TTACCATAGCTGCGAA-1_3_1"
"2439","TTACCATGTGTTCAGT-1_3_1"
"2440","TTACCGCAGACTGGGT-1_3_1"
"2441","TTACCGCAGCATTGAA-1_3_1"
"2442","TTACCGCTCGGCCAAC-1_3_1"
"2443","TTACTGTAGCCAAGGT-1_3_1"
"2444","TTACTGTCAGGTGTGA-1_3_1"
"2445","TTACTGTGTAAGATAC-1_3_1"
"2446","TTAGGCAAGCAGGCAT-1_3_1"
"2447","TTAGGCAAGTCTACCA-1_3_1"
"2448","TTAGGCAGTAACGATA-1_3_1"
"2449","TTAGGCATCCTTCACG-1_3_1"
"2450","TTAGGGTAGGCGTTAG-1_3_1"
"2451","TTAGGGTAGGTCCTGC-1_3_1"
"2452","TTAGGGTGTAGGTCAG-1_3_1"
"2453","TTAGGGTTCAATCCAG-1_3_1"
"2454","TTAGGGTTCGGCTCTT-1_3_1"
"2455","TTAGGGTTCTCTTGCG-1_3_1"
"2456","TTAGTCTAGGTGAGCT-1_3_1"
"2457","TTAGTCTAGTAGTCAA-1_3_1"
"2458","TTAGTCTAGTTGTAGA-1_3_1"
"2459","TTAGTCTGTCCTCATC-1_3_1"
"2460","TTAGTCTGTTTGTTGG-1_3_1"
"2461","TTATTGCAGGTTAAAC-1_3_1"
"2462","TTCAATCAGCGTCAGA-1_3_1"
"2463","TTCAATCGTAGATGTA-1_3_1"
"2464","TTCAATCGTCCATCTC-1_3_1"
"2465","TTCACCGAGACAACTA-1_3_1"
"2466","TTCACCGAGGTCACCC-1_3_1"
"2467","TTCAGGAGTGAAGCGT-1_3_1"
"2468","TTCAGGAGTGGAACCA-1_3_1"
"2469","TTCAGGATCCCGAGAC-1_3_1"
"2470","TTCATGTCACAACATC-1_3_1"
"2471","TTCATGTGTCCGCAGT-1_3_1"
"2472","TTCATGTTCGTTCATT-1_3_1"
"2473","TTCATTGGTCGAGTTT-1_3_1"
"2474","TTCATTGTCGCACGGT-1_3_1"
"2475","TTCCAATGTAACCCGC-1_3_1"
"2476","TTCCAATGTGTGCCTG-1_3_1"
"2477","TTCCAATTCTGTCGTC-1_3_1"
"2478","TTCCACGAGATTACCC-1_3_1"
"2479","TTCCACGCACCTGATA-1_3_1"
"2480","TTCCGGTCAGACACCC-1_3_1"
"2481","TTCCGGTCAGCGTAGA-1_3_1"
"2482","TTCCGGTCAGGGTTGA-1_3_1"
"2483","TTCCGGTCATCTGCGG-1_3_1"
"2484","TTCCGGTTCTGGAGAG-1_3_1"
"2485","TTCCGTGAGTCCTGTA-1_3_1"
"2486","TTCCGTGCACCCTCTA-1_3_1"
"2487","TTCCGTGCACGAGAAC-1_3_1"
"2488","TTCCGTGCATAACCCA-1_3_1"
"2489","TTCCGTGGTGACATCT-1_3_1"
"2490","TTCCGTGTCGATACTG-1_3_1"
"2491","TTCCTAAGTCAACCAT-1_3_1"
"2492","TTCCTTCCACTTCATT-1_3_1"
"2493","TTCCTTCGTTCAAACC-1_3_1"
"2494","TTCCTTCGTTCCAAAC-1_3_1"
"2495","TTCGATTAGCTAGAGC-1_3_1"
"2496","TTCGATTGTCCCGCAA-1_3_1"
"2497","TTCGCTGAGGGCAATC-1_3_1"
"2498","TTCGCTGCATGACGGA-1_3_1"
"2499","TTCTAACAGCGGACAT-1_3_1"
"2500","TTCTAACCAAACAGGC-1_3_1"
"2501","TTCTAACTCACACCCT-1_3_1"
"2502","TTCTAGTAGTAACAGT-1_3_1"
"2503","TTCTAGTGTCGTATGT-1_3_1"
"2504","TTCTAGTTCAGTGATC-1_3_1"
"2505","TTCTAGTTCGTTGTTT-1_3_1"
"2506","TTCTCTCGTCTCGCGA-1_3_1"
"2507","TTCTGTATCCGATCTC-1_3_1"
"2508","TTCTTCCGTACACGCC-1_3_1"
"2509","TTCTTCCGTGGTCTCG-1_3_1"
"2510","TTCTTCCTCGACGTCG-1_3_1"
"2511","TTCTTGAAGTAACCTC-1_3_1"
"2512","TTCTTGACAGACGGAT-1_3_1"
"2513","TTGAACGCACTTGTCC-1_3_1"
"2514","TTGAACGGTTCAAGTC-1_3_1"
"2515","TTGAACGGTTGTCAGT-1_3_1"
"2516","TTGACCCGTAGGTCAG-1_3_1"
"2517","TTGACCCTCCATGCAA-1_3_1"
"2518","TTGACCCTCCCTGTTG-1_3_1"
"2519","TTGACCCTCGACATTG-1_3_1"
"2520","TTGACCCTCGTCAAAC-1_3_1"
"2521","TTGAGTGAGTCGCGAA-1_3_1"
"2522","TTGAGTGGTTCCCAAA-1_3_1"
"2523","TTGAGTGTCACCCTGT-1_3_1"
"2524","TTGATGGAGGCTAAAT-1_3_1"
"2525","TTGATGGGTTACACAC-1_3_1"
"2526","TTGCATTCAGTGTGCC-1_3_1"
"2527","TTGCCTGCAAACCACT-1_3_1"
"2528","TTGCCTGCAAGGCGTA-1_3_1"
"2529","TTGCCTGCAGGCATGA-1_3_1"
"2530","TTGCGTCGTTCTAAGC-1_3_1"
"2531","TTGCGTCTCCGATAAC-1_3_1"
"2532","TTGCTGCAGCATGATA-1_3_1"
"2533","TTGCTGCAGGTGCCTC-1_3_1"
"2534","TTGCTGCGTATACGGG-1_3_1"
"2535","TTGCTGCGTGAAAGTT-1_3_1"
"2536","TTGGATGGTCACCTTC-1_3_1"
"2537","TTGGATGTCCATTTCA-1_3_1"
"2538","TTGGGATCAACAGAGC-1_3_1"
"2539","TTGGGATGTCGGAAAC-1_3_1"
"2540","TTGGGCGCATAGGTTC-1_3_1"
"2541","TTGGGCGTCCTCTCGA-1_3_1"
"2542","TTGGGTAAGGTCCCTG-1_3_1"
"2543","TTGGGTATCTTACGTT-1_3_1"
"2544","TTGGTTTCACCAGTAT-1_3_1"
"2545","TTGGTTTTCATTTCCA-1_3_1"
"2546","TTGGTTTTCCATACAG-1_3_1"
"2547","TTGTGGAAGACTTCCA-1_3_1"
"2548","TTGTGGACAGCATACT-1_3_1"
"2549","TTGTGTTAGTCTGGTT-1_3_1"
"2550","TTGTGTTCAATGACCT-1_3_1"
"2551","TTGTTCAGTACTCCCT-1_3_1"
"2552","TTGTTGTAGACTCATC-1_3_1"
"2553","TTGTTGTAGGGCTTCC-1_3_1"
"2554","TTGTTGTTCAATGTCG-1_3_1"
"2555","TTGTTGTTCCAATCCC-1_3_1"
"2556","TTGTTTGGTATCGAAA-1_3_1"
"2557","TTTACCATCCCTCATG-1_3_1"
"2558","TTTACGTGTCGAACGA-1_3_1"
"2559","TTTACGTTCAAGTCGT-1_3_1"
"2560","TTTACGTTCATTGTTC-1_3_1"
"2561","TTTACTGCACCAGGTC-1_3_1"
"2562","TTTACTGTCTCTGGTC-1_3_1"
"2563","TTTAGTCAGCCTCCAG-1_3_1"
"2564","TTTAGTCAGCTCAGAG-1_3_1"
"2565","TTTAGTCCACTTCAAG-1_3_1"
"2566","TTTAGTCCATATGGCT-1_3_1"
"2567","TTTAGTCGTCGAGTGA-1_3_1"
"2568","TTTATGCAGTGTTGAA-1_3_1"
"2569","TTTATGCCACCTTCCA-1_3_1"
"2570","TTTATGCGTCTCAGGC-1_3_1"
"2571","TTTCACAAGCTCGACC-1_3_1"
"2572","TTTCACAGTGTCCGTG-1_3_1"
"2573","TTTCACATCCTCATAT-1_3_1"
"2574","TTTCAGTAGGCTTTCA-1_3_1"
"2575","TTTCAGTCAATATCCG-1_3_1"
"2576","TTTCAGTCATTCTCTA-1_3_1"
"2577","TTTCATGCATGTTCAG-1_3_1"
"2578","TTTCCTCAGACGGATC-1_3_1"
"2579","TTTCCTCAGGGAGAAT-1_3_1"
"2580","TTTCCTCCACCAGACC-1_3_1"
"2581","TTTCGATCACGCAAAG-1_3_1"
"2582","TTTCGATTCTGTTCAT-1_3_1"
"2583","TTTGACTAGAATCGAT-1_3_1"
"2584","TTTGACTGTACTCCGG-1_3_1"
"2585","TTTGACTGTATGGAAT-1_3_1"
"2586","TTTGATCGTCTAATCG-1_3_1"
"2587","TTTGATCTCTTTCCGG-1_3_1"
"2588","TTTGGAGAGGGACACT-1_3_1"
"2589","TTTGGAGGTAACTTCG-1_3_1"
"2590","TTTGGAGGTAGGCTGA-1_3_1"
"2591","TTTGGTTAGCATGCAG-1_3_1"
"2592","TTTGGTTAGGATCATA-1_3_1"
"2593","TTTGGTTCAGCAATTC-1_3_1"
"2594","TTTGGTTTCAAATGCC-1_3_1"
"2595","TTTGGTTTCGTAGAGG-1_3_1"
"2596","TTTGTTGAGAACGTGC-1_3_1"
"2597","TTTGTTGAGATGGCGT-1_3_1"
"2598","TTTGTTGTCCGATCTC-1_3_1"
