"","x"
"1","AAACGAAGTGTCCTAA-1_1_2"
"2","AAACGAATCAGACTGT-1_1_2"
"3","AAACGAATCTGAGCAT-1_1_2"
"4","AAACGCTAGATCGACG-1_1_2"
"5","AAACGCTAGGCCCAAA-1_1_2"
"6","AAACGCTAGGTAGACC-1_1_2"
"7","AAACGCTAGGTGCTAG-1_1_2"
"8","AAACGCTGTACAGTCT-1_1_2"
"9","AAACGCTTCATTTACC-1_1_2"
"10","AAACGCTTCTGTCTCG-1_1_2"
"11","AAAGAACGTATAATGG-1_1_2"
"12","AAAGAACGTATCGAAA-1_1_2"
"13","AAAGAACGTCACATTG-1_1_2"
"14","AAAGGATAGCACTCTA-1_1_2"
"15","AAAGGATAGGTCCGAA-1_1_2"
"16","AAAGGATCAGTCTGGC-1_1_2"
"17","AAAGGATTCGTAGTCA-1_1_2"
"18","AAAGGGCAGCTGTTCA-1_1_2"
"19","AAAGGGCAGTTCCGGC-1_1_2"
"20","AAAGGGCCACGCTGCA-1_1_2"
"21","AAAGGTAAGCCGCACT-1_1_2"
"22","AAAGTCCAGGCCCAAA-1_1_2"
"23","AAAGTCCAGGTTAGTA-1_1_2"
"24","AAAGTCCGTTAACAGA-1_1_2"
"25","AAAGTGAAGTCTCGTA-1_1_2"
"26","AAAGTGAAGTGCACAG-1_1_2"
"27","AAAGTGACATATGGCT-1_1_2"
"28","AAAGTGAGTCAACACT-1_1_2"
"29","AAAGTGATCGACACCG-1_1_2"
"30","AAATGGACAAGTCATC-1_1_2"
"31","AAATGGATCATGTCTT-1_1_2"
"32","AACAAAGCAGGTAGTG-1_1_2"
"33","AACAAAGGTGGGCTCT-1_1_2"
"34","AACAAAGGTTCCCACT-1_1_2"
"35","AACAAAGTCCCTCTTT-1_1_2"
"36","AACAACCGTAGCGCTC-1_1_2"
"37","AACAACCGTCTACGAT-1_1_2"
"38","AACAACCTCGAACGGA-1_1_2"
"39","AACAACCTCTGCCTGT-1_1_2"
"40","AACAAGACAACGGCCT-1_1_2"
"41","AACAAGACATCAGCAT-1_1_2"
"42","AACAAGAGTGATTGGG-1_1_2"
"43","AACAAGAGTTGCATCA-1_1_2"
"44","AACAAGATCCATCTCG-1_1_2"
"45","AACACACAGCGCCCAT-1_1_2"
"46","AACACACCACAAATCC-1_1_2"
"47","AACACACGTATCCCAA-1_1_2"
"48","AACACACTCTCGTGAA-1_1_2"
"49","AACAGGGAGGGCAAGG-1_1_2"
"50","AACAGGGGTCAGGTAG-1_1_2"
"51","AACAGGGGTCCAGAAG-1_1_2"
"52","AACAGGGTCTCGACGG-1_1_2"
"53","AACCAACAGCCATATC-1_1_2"
"54","AACCAACAGCCATTCA-1_1_2"
"55","AACCAACCACGACTAT-1_1_2"
"56","AACCAACCATCGATCA-1_1_2"
"57","AACCAACGTATGTCTG-1_1_2"
"58","AACCAACGTTCTATCT-1_1_2"
"59","AACCAACGTTTGGAAA-1_1_2"
"60","AACCACAAGGAGACCT-1_1_2"
"61","AACCACAGTAGTATAG-1_1_2"
"62","AACCACAGTGCATACT-1_1_2"
"63","AACCCAAAGCATGATA-1_1_2"
"64","AACCTGACAGAAATCA-1_1_2"
"65","AACCTGAGTAACAGTA-1_1_2"
"66","AACCTGATCGCCAGAC-1_1_2"
"67","AACCTGATCGGCTGGT-1_1_2"
"68","AACCTGATCGGTCATA-1_1_2"
"69","AACCTTTCACCAAAGG-1_1_2"
"70","AACCTTTCACGGGCTT-1_1_2"
"71","AACCTTTGTATGGGAC-1_1_2"
"72","AACCTTTGTCGGAACA-1_1_2"
"73","AACCTTTGTTTCGTTT-1_1_2"
"74","AACGAAACACAGCATT-1_1_2"
"75","AACGAAACAGACCAGA-1_1_2"
"76","AACGAAACATACTGTG-1_1_2"
"77","AACGAAAGTCGAGCTC-1_1_2"
"78","AACGAAATCGGTCACG-1_1_2"
"79","AACGGGAAGGTGCGAT-1_1_2"
"80","AACGGGATCGTCCTCA-1_1_2"
"81","AACTTCTTCAAGCCGC-1_1_2"
"82","AACTTCTTCCATAGGT-1_1_2"
"83","AACTTCTTCCGATGTA-1_1_2"
"84","AACTTCTTCTGGGCAC-1_1_2"
"85","AAGAACACACATGTTG-1_1_2"
"86","AAGACAAAGACCATTC-1_1_2"
"87","AAGACAAAGCATCCTA-1_1_2"
"88","AAGACAAAGGGCATGT-1_1_2"
"89","AAGACAACAGAACGCA-1_1_2"
"90","AAGACTCAGTGATAGT-1_1_2"
"91","AAGACTCCAGCGAGTA-1_1_2"
"92","AAGACTCCATGTGCCG-1_1_2"
"93","AAGATAGAGGTCATTC-1_1_2"
"94","AAGATAGCAAATAAGC-1_1_2"
"95","AAGATAGCACCAGCTG-1_1_2"
"96","AAGATAGCAGGAACCA-1_1_2"
"97","AAGATAGGTTCACGAT-1_1_2"
"98","AAGATAGTCATCGACA-1_1_2"
"99","AAGCATCAGCGTATGG-1_1_2"
"100","AAGCATCCAGTAACAA-1_1_2"
"101","AAGCATCGTAGCGCTC-1_1_2"
"102","AAGCATCGTTGTGTAC-1_1_2"
"103","AAGCCATGTGGGTATG-1_1_2"
"104","AAGCCATTCGTAACTG-1_1_2"
"105","AAGCGTTAGCTCGAAG-1_1_2"
"106","AAGCGTTCACACCGAC-1_1_2"
"107","AAGGAATAGTTGCTGT-1_1_2"
"108","AAGGAATCACGGTAGA-1_1_2"
"109","AAGGAATCACTCCTTG-1_1_2"
"110","AAGGTAAAGTCACTAC-1_1_2"
"111","AAGGTAACAGCTGGTC-1_1_2"
"112","AAGGTAATCCGCCTAT-1_1_2"
"113","AAGTACCGTAACACCT-1_1_2"
"114","AAGTACCGTAACGCGA-1_1_2"
"115","AAGTACCTCATGCGGC-1_1_2"
"116","AAGTCGTAGCAACTTC-1_1_2"
"117","AAGTCGTTCGCGTGAC-1_1_2"
"118","AAGTGAAAGGCCCGTT-1_1_2"
"119","AAGTGAAAGTTCATGC-1_1_2"
"120","AAGTGAACATCAGTGT-1_1_2"
"121","AAGTGAAGTCGTCTCT-1_1_2"
"122","AAGTTCGCAACAGAGC-1_1_2"
"123","AAGTTCGGTTACACAC-1_1_2"
"124","AAGTTCGGTTGTCATG-1_1_2"
"125","AATAGAGAGACAGCGT-1_1_2"
"126","AATAGAGAGTGAGGCT-1_1_2"
"127","AATAGAGCAGTAACCT-1_1_2"
"128","AATAGAGCATGGCCAC-1_1_2"
"129","AATAGAGCATTCAGGT-1_1_2"
"130","AATAGAGGTGCCCGTA-1_1_2"
"131","AATAGAGTCAAATAGG-1_1_2"
"132","AATCACGAGTGCACCC-1_1_2"
"133","AATCACGGTCCTGTTC-1_1_2"
"134","AATCACGGTCTTCAAG-1_1_2"
"135","AATCGACAGAATACAC-1_1_2"
"136","AATCGACCACTAACCA-1_1_2"
"137","AATCGACCAGGCAATG-1_1_2"
"138","AATCGACGTCGCCTAG-1_1_2"
"139","AATCGACGTGGTCCCA-1_1_2"
"140","AATCGACTCTTTGCGC-1_1_2"
"141","AATCGTGAGGAGATAG-1_1_2"
"142","AATCGTGGTACCGCGT-1_1_2"
"143","AATCGTGTCTCCCAAC-1_1_2"
"144","AATGAAGCAACTGGTT-1_1_2"
"145","AATGCCATCGTGAGAG-1_1_2"
"146","AATGGAAGTGAGTCAG-1_1_2"
"147","AATGGAAGTTCTCCAC-1_1_2"
"148","AATGGAATCCCAAGCG-1_1_2"
"149","AATGGCTTCGTGCTCT-1_1_2"
"150","AATTCCTAGGAAGTCC-1_1_2"
"151","AATTCCTAGTCCCAGC-1_1_2"
"152","AATTCCTAGTGAGGTC-1_1_2"
"153","AATTCCTGTTCTGAGT-1_1_2"
"154","AATTCCTTCAGACATC-1_1_2"
"155","AATTCCTTCATCTACT-1_1_2"
"156","AATTCCTTCCGTATGA-1_1_2"
"157","AATTCCTTCTGGGATT-1_1_2"
"158","AATTTCCAGCACTCGC-1_1_2"
"159","ACAAAGAAGTAACGTA-1_1_2"
"160","ACAAAGACATAACAGA-1_1_2"
"161","ACAACCATCAAACGAA-1_1_2"
"162","ACAACCATCCAGCACG-1_1_2"
"163","ACAACCATCCATACAG-1_1_2"
"164","ACAAGCTCAACAGTGG-1_1_2"
"165","ACAAGCTCACTGCGTG-1_1_2"
"166","ACAAGCTTCTGGGAGA-1_1_2"
"167","ACACAGTAGCGCTTCG-1_1_2"
"168","ACACAGTCATATACCG-1_1_2"
"169","ACACAGTGTGGCGCTT-1_1_2"
"170","ACACCAAAGCATCCCG-1_1_2"
"171","ACACGCGCATCCTCAC-1_1_2"
"172","ACAGAAAGTTAACAGA-1_1_2"
"173","ACAGAAATCTACTATC-1_1_2"
"174","ACAGCCGAGTACAACA-1_1_2"
"175","ACAGGGAAGTTTCTTC-1_1_2"
"176","ACATCCCAGAAACCAT-1_1_2"
"177","ACATCCCGTGTGTACT-1_1_2"
"178","ACATCCCGTTAAAGTG-1_1_2"
"179","ACATCGAAGCGGTATG-1_1_2"
"180","ACATCGAAGCTCGTGC-1_1_2"
"181","ACATGCAAGCTAGTTC-1_1_2"
"182","ACATGCACACCGTGAC-1_1_2"
"183","ACATGCACACCTCAGG-1_1_2"
"184","ACATGCACATGTGGTT-1_1_2"
"185","ACATGCATCAACTGAC-1_1_2"
"186","ACATGCATCACTTTGT-1_1_2"
"187","ACATTTCCACTTCAAG-1_1_2"
"188","ACATTTCCAGCACGAA-1_1_2"
"189","ACATTTCGTATGAGAT-1_1_2"
"190","ACATTTCGTGAACTAA-1_1_2"
"191","ACATTTCTCAGTGGGA-1_1_2"
"192","ACATTTCTCTTCTAAC-1_1_2"
"193","ACCAAACAGACCGCCT-1_1_2"
"194","ACCAAACAGGAACGAA-1_1_2"
"195","ACCAAACAGTAAGACT-1_1_2"
"196","ACCAAACCAACACGTT-1_1_2"
"197","ACCAAACCACATATGC-1_1_2"
"198","ACCAAACGTCTGTAAC-1_1_2"
"199","ACCAACAGTCTCGCGA-1_1_2"
"200","ACCACAAAGGACACTG-1_1_2"
"201","ACCACAACACAAACGG-1_1_2"
"202","ACCACAAGTGTGATGG-1_1_2"
"203","ACCATTTAGTCGGCAA-1_1_2"
"204","ACCATTTCAAAGGATT-1_1_2"
"205","ACCATTTGTGTCGCTG-1_1_2"
"206","ACCCAAAAGACCAGAC-1_1_2"
"207","ACCCAAAAGTGCAGCA-1_1_2"
"208","ACCCAAACAAGTATAG-1_1_2"
"209","ACCCAAAGTGTCCATA-1_1_2"
"210","ACCCTCACAACACAGG-1_1_2"
"211","ACCCTTGAGCTGGCCT-1_1_2"
"212","ACCCTTGCAACTGAAA-1_1_2"
"213","ACCCTTGTCGTGCTCT-1_1_2"
"214","ACCGTTCGTAGCGTAG-1_1_2"
"215","ACCGTTCGTTCCCAAA-1_1_2"
"216","ACCTACCAGCCATTGT-1_1_2"
"217","ACCTACCGTGTCCCTT-1_1_2"
"218","ACCTACCTCGTAATGC-1_1_2"
"219","ACCTACCTCTTGAGCA-1_1_2"
"220","ACCTGAACACAGTGAG-1_1_2"
"221","ACCTGAAGTGATACAA-1_1_2"
"222","ACCTGAAGTGTTTCTT-1_1_2"
"223","ACCTGAATCATGCCGG-1_1_2"
"224","ACCTGAATCGTAGCCG-1_1_2"
"225","ACCTGTCGTCTCGGGT-1_1_2"
"226","ACCTGTCTCCGAGTGC-1_1_2"
"227","ACGATCACAGGCCTGT-1_1_2"
"228","ACGATCAGTTTGTTGG-1_1_2"
"229","ACGCACGAGCAGGCTA-1_1_2"
"230","ACGCACGAGCCAGTAG-1_1_2"
"231","ACGCACGTCACCTACC-1_1_2"
"232","ACGCACGTCCGTGTGG-1_1_2"
"233","ACGGAAGAGTCAGAGC-1_1_2"
"234","ACGGGTCAGATTCGAA-1_1_2"
"235","ACGGGTCAGCCGATTT-1_1_2"
"236","ACGGGTCCACTGAATC-1_1_2"
"237","ACGGGTCGTCCGATCG-1_1_2"
"238","ACGGGTCTCGGTAGGA-1_1_2"
"239","ACGGTCGAGTTAACGA-1_1_2"
"240","ACGGTCGGTCACGCTG-1_1_2"
"241","ACGGTCGGTGAGCGAT-1_1_2"
"242","ACGGTCGTCGCTTACC-1_1_2"
"243","ACGGTTAAGGCTATCT-1_1_2"
"244","ACGTAACCAACGGCCT-1_1_2"
"245","ACGTAACCAGTAACAA-1_1_2"
"246","ACGTAACTCTTAGTTC-1_1_2"
"247","ACGTACAAGGACAAGA-1_1_2"
"248","ACGTACAAGTCCGTCG-1_1_2"
"249","ACGTACATCAATCCAG-1_1_2"
"250","ACGTAGTCAAAGGCTG-1_1_2"
"251","ACGTCCTAGAAGCGGG-1_1_2"
"252","ACGTCCTGTACATACC-1_1_2"
"253","ACGTCCTTCAATGCAC-1_1_2"
"254","ACGTTCCGTGTGTCCG-1_1_2"
"255","ACTACGAAGGAACGAA-1_1_2"
"256","ACTACGACAACTACGT-1_1_2"
"257","ACTACGACATGTTCGA-1_1_2"
"258","ACTACGAGTCGAGCAA-1_1_2"
"259","ACTACGAGTCTTGAAC-1_1_2"
"260","ACTACGAGTTACAGCT-1_1_2"
"261","ACTACGATCCATAAGC-1_1_2"
"262","ACTATCTAGCATCCCG-1_1_2"
"263","ACTATCTGTAGCTTTG-1_1_2"
"264","ACTATCTTCTTCTGTA-1_1_2"
"265","ACTATCTTCTTGAACG-1_1_2"
"266","ACTATGGAGGGCTGAT-1_1_2"
"267","ACTATGGCAGGCGAAT-1_1_2"
"268","ACTATGGGTCCTGGTG-1_1_2"
"269","ACTATGGGTTAGAAGT-1_1_2"
"270","ACTATGGTCGTTCCTG-1_1_2"
"271","ACTATTCAGGGCAAGG-1_1_2"
"272","ACTATTCCAAGGTACG-1_1_2"
"273","ACTATTCCACCAAATC-1_1_2"
"274","ACTCCCACAAGTTGGG-1_1_2"
"275","ACTCTCGAGCATGGGT-1_1_2"
"276","ACTCTCGCACGATTCA-1_1_2"
"277","ACTCTCGGTGACCTGC-1_1_2"
"278","ACTCTCGGTTGTATGC-1_1_2"
"279","ACTGATGAGTCTAGAA-1_1_2"
"280","ACTGATGCAGTTAAAG-1_1_2"
"281","ACTGCAAAGACGCATG-1_1_2"
"282","ACTGCAACAACAGCTT-1_1_2"
"283","ACTGCAACAGAGGGTT-1_1_2"
"284","ACTGCAAGTACGGGAT-1_1_2"
"285","ACTGCAAGTCCACTTC-1_1_2"
"286","ACTGCAAGTTAGGACG-1_1_2"
"287","ACTGTCCAGGGATCTG-1_1_2"
"288","ACTGTCCCAACCGTGC-1_1_2"
"289","ACTGTCCCATAGGAGC-1_1_2"
"290","ACTGTCCGTGGGACAT-1_1_2"
"291","ACTGTCCGTGTTAAAG-1_1_2"
"292","ACTGTCCTCGGCGATC-1_1_2"
"293","ACTGTGAAGGAAACGA-1_1_2"
"294","ACTGTGAGTCAGTCCG-1_1_2"
"295","ACTGTGATCCGAGGCT-1_1_2"
"296","ACTTAGGCAACTGTGT-1_1_2"
"297","ACTTAGGGTCCACGCA-1_1_2"
"298","ACTTAGGGTCCACTCT-1_1_2"
"299","ACTTATCCAGTCGGAA-1_1_2"
"300","ACTTATCCATCGTCCT-1_1_2"
"301","ACTTATCCATGGAATA-1_1_2"
"302","ACTTATCGTAGCGTAG-1_1_2"
"303","ACTTATCGTTGCCAAT-1_1_2"
"304","ACTTATCTCGCCAACG-1_1_2"
"305","ACTTCCGCATCGAGCC-1_1_2"
"306","ACTTCGCAGCTGAAGC-1_1_2"
"307","ACTTCGCAGTTGAAAC-1_1_2"
"308","ACTTTCAGTACGTGAG-1_1_2"
"309","ACTTTCAGTATCAGCT-1_1_2"
"310","ACTTTGTAGAGAACCC-1_1_2"
"311","ACTTTGTAGCCTTTGA-1_1_2"
"312","ACTTTGTGTGTTAGCT-1_1_2"
"313","AGAAATGAGACTGAGC-1_1_2"
"314","AGAAATGAGTAGAATC-1_1_2"
"315","AGAAATGTCCGTGGCA-1_1_2"
"316","AGAACAAAGGTTAGTA-1_1_2"
"317","AGAACAAAGTTTGAGA-1_1_2"
"318","AGAACAAGTCCGGTCA-1_1_2"
"319","AGAACAATCTACACTT-1_1_2"
"320","AGAACAATCTGGTTGA-1_1_2"
"321","AGAACCTAGGTCTACT-1_1_2"
"322","AGAACCTCAGCAGGAT-1_1_2"
"323","AGAACCTGTGTGTACT-1_1_2"
"324","AGAAGCGAGTGGCAGT-1_1_2"
"325","AGAAGCGCAAGCGAAC-1_1_2"
"326","AGAAGCGGTTAGGACG-1_1_2"
"327","AGAAGCGTCCGGACTG-1_1_2"
"328","AGAAGTAGTCATTCCC-1_1_2"
"329","AGAAGTAGTTCTCGTC-1_1_2"
"330","AGACAAAAGCTCTGTA-1_1_2"
"331","AGACACTGTGAACGGT-1_1_2"
"332","AGACACTTCCATTTAC-1_1_2"
"333","AGACACTTCGTAACCA-1_1_2"
"334","AGACAGGAGCGTGTTT-1_1_2"
"335","AGACAGGCAATGGCAG-1_1_2"
"336","AGACAGGGTTCTTAGG-1_1_2"
"337","AGACAGGTCACTTCTA-1_1_2"
"338","AGACCATAGTACTGGG-1_1_2"
"339","AGACCATGTAGATTGA-1_1_2"
"340","AGACCATGTGCCTATA-1_1_2"
"341","AGACCCGAGCGTTGTT-1_1_2"
"342","AGACCCGAGCTGCGAA-1_1_2"
"343","AGACCCGCAGTTCACA-1_1_2"
"344","AGACCCGGTTAACAGA-1_1_2"
"345","AGACCCGGTTATAGAG-1_1_2"
"346","AGACCCGTCTCGCGTT-1_1_2"
"347","AGACTCAAGACGCATG-1_1_2"
"348","AGACTCACACGTACTA-1_1_2"
"349","AGAGAATCAGAAGTTA-1_1_2"
"350","AGAGAATCATAATCCG-1_1_2"
"351","AGAGAATTCTGGCCTT-1_1_2"
"352","AGAGAGCAGTAAGACT-1_1_2"
"353","AGAGAGCAGTCAACAA-1_1_2"
"354","AGAGAGCCAAAGCGTG-1_1_2"
"355","AGAGAGCCAACTTCTT-1_1_2"
"356","AGAGAGCCACACCGCA-1_1_2"
"357","AGAGAGCGTTCTAACG-1_1_2"
"358","AGAGAGCGTTGCGTAT-1_1_2"
"359","AGAGCAGCAGGCGATA-1_1_2"
"360","AGAGCAGTCCATATGG-1_1_2"
"361","AGAGCAGTCTGTCGCT-1_1_2"
"362","AGAGCCCAGAGCATAT-1_1_2"
"363","AGAGCCCAGTAACCGG-1_1_2"
"364","AGAGCCCCACGTCGGT-1_1_2"
"365","AGAGCCCCAGTATTCG-1_1_2"
"366","AGAGCCCGTCAGGCAA-1_1_2"
"367","AGAGCCCTCATTTGGG-1_1_2"
"368","AGAGCCCTCGCACGGT-1_1_2"
"369","AGATAGAAGCCAAGCA-1_1_2"
"370","AGATAGAAGCTTCGTA-1_1_2"
"371","AGATAGACATTGGCAT-1_1_2"
"372","AGATCCAAGAATGTTG-1_1_2"
"373","AGATCCATCCGTCAAA-1_1_2"
"374","AGATCGTCAGAAATTG-1_1_2"
"375","AGATCGTGTGTTCAGT-1_1_2"
"376","AGATGCTCACTGTCGG-1_1_2"
"377","AGATGCTCAGCTTCGG-1_1_2"
"378","AGCATCACAGCTGAAG-1_1_2"
"379","AGCATCATCAAACTGC-1_1_2"
"380","AGCATCATCAACCTTT-1_1_2"
"381","AGCCAATAGCAAACAT-1_1_2"
"382","AGCCAATCACAAAGCG-1_1_2"
"383","AGCCAATGTATCAAGA-1_1_2"
"384","AGCCAATGTATTAAGG-1_1_2"
"385","AGCCAATTCTGAGTCA-1_1_2"
"386","AGCCACGAGAGAGGTA-1_1_2"
"387","AGCCACGCATAGGTAA-1_1_2"
"388","AGCCAGCAGGAGGTTC-1_1_2"
"389","AGCCAGCGTTAGGGAC-1_1_2"
"390","AGCGATTTCTCAACCC-1_1_2"
"391","AGCGCTGCAACCAGAG-1_1_2"
"392","AGCGCTGCAACTGATC-1_1_2"
"393","AGCGCTGGTAGATGTA-1_1_2"
"394","AGCGCTGGTGTAGTGG-1_1_2"
"395","AGCGTATCAACTAGAA-1_1_2"
"396","AGCGTATGTACTGCCG-1_1_2"
"397","AGCGTATGTAGCGTCC-1_1_2"
"398","AGCGTCGGTCTACGAT-1_1_2"
"399","AGCGTCGTCACTCCGT-1_1_2"
"400","AGCTACAAGTATGAAC-1_1_2"
"401","AGCTACACAAGAGCTG-1_1_2"
"402","AGCTCAAAGGGTATAT-1_1_2"
"403","AGCTCAAGTCTACTGA-1_1_2"
"404","AGCTCAAGTTAAACAG-1_1_2"
"405","AGGAAATGTGCGAACA-1_1_2"
"406","AGGAAATGTGCGAGTA-1_1_2"
"407","AGGAAATTCAGCGCAC-1_1_2"
"408","AGGAAATTCCCATTTA-1_1_2"
"409","AGGAAATTCCCTCTCC-1_1_2"
"410","AGGAATACAGGTGGAT-1_1_2"
"411","AGGACGAAGATCGCTT-1_1_2"
"412","AGGACGAAGTCTGTAC-1_1_2"
"413","AGGACGACATCTTAGG-1_1_2"
"414","AGGACGAGTAACCCGC-1_1_2"
"415","AGGACGAGTCACAGTT-1_1_2"
"416","AGGACGATCGGAGCAA-1_1_2"
"417","AGGACTTAGTCCCAGC-1_1_2"
"418","AGGACTTGTACCGGAA-1_1_2"
"419","AGGACTTGTCGAACGA-1_1_2"
"420","AGGACTTGTTAAAGTG-1_1_2"
"421","AGGACTTTCACGATAC-1_1_2"
"422","AGGAGGTAGATGCTAA-1_1_2"
"423","AGGAGGTAGGCGCTCT-1_1_2"
"424","AGGAGGTGTAAGAACT-1_1_2"
"425","AGGAGGTTCAATCCGA-1_1_2"
"426","AGGAGGTTCCAGGACC-1_1_2"
"427","AGGATAAAGGCCTGCT-1_1_2"
"428","AGGATAAGTCCAAATC-1_1_2"
"429","AGGATAAGTTTACCAG-1_1_2"
"430","AGGATAATCGCCTCTA-1_1_2"
"431","AGGATCTAGCTCCCTT-1_1_2"
"432","AGGATCTCAATCGCAT-1_1_2"
"433","AGGATCTTCATCTGTT-1_1_2"
"434","AGGATCTTCGATCCAA-1_1_2"
"435","AGGCATTGTTAGCTAC-1_1_2"
"436","AGGCCACCAAGAAACT-1_1_2"
"437","AGGCCACCACAACGAG-1_1_2"
"438","AGGCCACCAGCAGGAT-1_1_2"
"439","AGGCCACTCGGCTATA-1_1_2"
"440","AGGCTGCCAAGAGTAT-1_1_2"
"441","AGGCTGCCATTCTCTA-1_1_2"
"442","AGGCTGCGTCAGTCGC-1_1_2"
"443","AGGCTGCTCATGAGAA-1_1_2"
"444","AGGGAGTGTACTCGTA-1_1_2"
"445","AGGGCCTCAAATCCCA-1_1_2"
"446","AGGGCCTCATCGTTCC-1_1_2"
"447","AGGGCCTGTAACACCT-1_1_2"
"448","AGGGCCTGTAGCCCTG-1_1_2"
"449","AGGGCTCAGTAGACCG-1_1_2"
"450","AGGGCTCTCCATCGTC-1_1_2"
"451","AGGGTCCAGCTGACCC-1_1_2"
"452","AGGGTCCGTCCACATA-1_1_2"
"453","AGGGTCCGTGTCATTG-1_1_2"
"454","AGGGTCCGTTCTTCAT-1_1_2"
"455","AGGGTCCTCACCCTTG-1_1_2"
"456","AGGGTCCTCGTTTACT-1_1_2"
"457","AGGGTGAAGCTGTGCC-1_1_2"
"458","AGGGTGAGTTGCATTG-1_1_2"
"459","AGGGTTTAGGTGCCAA-1_1_2"
"460","AGGGTTTAGTGGTTGG-1_1_2"
"461","AGGGTTTTCTGGACTA-1_1_2"
"462","AGGTAGGGTGCAATGG-1_1_2"
"463","AGGTCATCAACCAGAG-1_1_2"
"464","AGGTCATCATTACTCT-1_1_2"
"465","AGGTCATTCATGAGGG-1_1_2"
"466","AGGTCTACAGAAGTGC-1_1_2"
"467","AGGTCTATCTGCTGAA-1_1_2"
"468","AGGTGTTCAAGTAGTA-1_1_2"
"469","AGGTGTTGTAATCAGA-1_1_2"
"470","AGGTTACAGGGATCAC-1_1_2"
"471","AGGTTACGTTAAACAG-1_1_2"
"472","AGGTTACTCTCAACGA-1_1_2"
"473","AGGTTGTAGACCCGCT-1_1_2"
"474","AGGTTGTAGTTCTCTT-1_1_2"
"475","AGGTTGTCATTGTAGC-1_1_2"
"476","AGGTTGTGTGAGTTTC-1_1_2"
"477","AGGTTGTTCACTGGTA-1_1_2"
"478","AGGTTGTTCTCCCATG-1_1_2"
"479","AGTAACCGTGGATTTC-1_1_2"
"480","AGTACCAGTAACAAGT-1_1_2"
"481","AGTACTGGTTGCGGCT-1_1_2"
"482","AGTAGCTAGCTTTCCC-1_1_2"
"483","AGTAGCTCACAAAGTA-1_1_2"
"484","AGTAGCTCAGGACATG-1_1_2"
"485","AGTAGCTGTTTGGGAG-1_1_2"
"486","AGTAGTCAGCGGATCA-1_1_2"
"487","AGTAGTCGTCGTTGGC-1_1_2"
"488","AGTAGTCGTTCTCTAT-1_1_2"
"489","AGTAGTCTCTGCTGAA-1_1_2"
"490","AGTCAACCACGGTGTC-1_1_2"
"491","AGTCAACCATCACGGC-1_1_2"
"492","AGTCAACTCGGCATCG-1_1_2"
"493","AGTCAACTCTCGAACA-1_1_2"
"494","AGTCACACAAGATTGA-1_1_2"
"495","AGTCACAGTTGAAGTA-1_1_2"
"496","AGTCATGCAGATAAAC-1_1_2"
"497","AGTCATGTCAACACGT-1_1_2"
"498","AGTCTCCCATCAACCA-1_1_2"
"499","AGTCTCCGTTAAGGAT-1_1_2"
"500","AGTGACTTCCGGTAGC-1_1_2"
"501","AGTGACTTCGGTCTAA-1_1_2"
"502","AGTGATCGTACTTGTG-1_1_2"
"503","AGTGATCTCCTTCGAC-1_1_2"
"504","AGTGATCTCGGTTAGT-1_1_2"
"505","AGTGTTGAGGTTCTAC-1_1_2"
"506","AGTGTTGTCCATTCGC-1_1_2"
"507","AGTTAGCAGTTGAATG-1_1_2"
"508","AGTTAGCGTTCGAGCC-1_1_2"
"509","AGTTAGCTCGCCTTTG-1_1_2"
"510","AGTTCCCAGCAATTCC-1_1_2"
"511","AGTTCGAGTATCTTCT-1_1_2"
"512","AGTTCGAGTCGGCACT-1_1_2"
"513","AGTTCGAGTTACGTAC-1_1_2"
"514","ATACCGAAGGCAGGTT-1_1_2"
"515","ATACCGAGTACCCGAC-1_1_2"
"516","ATACCTTAGAGTGACC-1_1_2"
"517","ATACCTTCACAAGTGG-1_1_2"
"518","ATACCTTCACACGGAA-1_1_2"
"519","ATACCTTGTTCTTGTT-1_1_2"
"520","ATACCTTTCCGTTGAA-1_1_2"
"521","ATACCTTTCTATACTC-1_1_2"
"522","ATACTTCAGTTGCCTA-1_1_2"
"523","ATACTTCCACGTAACT-1_1_2"
"524","ATACTTCGTCCGAAGA-1_1_2"
"525","ATACTTCGTCTGTAGT-1_1_2"
"526","ATACTTCTCTGGGATT-1_1_2"
"527","ATAGACCAGCACCAGA-1_1_2"
"528","ATAGACCAGCCACAAG-1_1_2"
"529","ATAGACCCATCCGAAT-1_1_2"
"530","ATAGAGAAGAGAGCGG-1_1_2"
"531","ATAGAGACAATTGCGT-1_1_2"
"532","ATAGAGAGTTTCGATG-1_1_2"
"533","ATAGAGATCAAGTAAG-1_1_2"
"534","ATAGAGATCCTACGGG-1_1_2"
"535","ATAGAGATCTACTCAT-1_1_2"
"536","ATAGGCTAGGGTCAAC-1_1_2"
"537","ATAGGCTGTCCTACAA-1_1_2"
"538","ATAGGCTGTGAGATCG-1_1_2"
"539","ATATCCTAGCCGGATA-1_1_2"
"540","ATATCCTCAAGAGGTC-1_1_2"
"541","ATATCCTGTTCTCGTC-1_1_2"
"542","ATATCCTTCGATACTG-1_1_2"
"543","ATCACAGAGACAGTCG-1_1_2"
"544","ATCACAGTCAGGGATG-1_1_2"
"545","ATCACGAAGCAGGTCA-1_1_2"
"546","ATCACGAAGCTAAGTA-1_1_2"
"547","ATCACGATCATTCGGA-1_1_2"
"548","ATCACTTAGCCAGACA-1_1_2"
"549","ATCAGGTAGGAAGAAC-1_1_2"
"550","ATCATTCAGCAGAAAG-1_1_2"
"551","ATCATTCAGGCGAAGG-1_1_2"
"552","ATCATTCCACAAGTGG-1_1_2"
"553","ATCATTCCAGTCAGTT-1_1_2"
"554","ATCATTCCATGGAACG-1_1_2"
"555","ATCCACCAGAGCCATG-1_1_2"
"556","ATCCACCGTCCCTCAT-1_1_2"
"557","ATCCATTAGGGTTAGC-1_1_2"
"558","ATCCATTAGGTGCTTT-1_1_2"
"559","ATCCATTCAGAACCGA-1_1_2"
"560","ATCCATTTCCTTCTTC-1_1_2"
"561","ATCCCTGCAACCGCCA-1_1_2"
"562","ATCCCTGGTGGATACG-1_1_2"
"563","ATCCCTGGTTGCCGAC-1_1_2"
"564","ATCCTATAGCTCGAAG-1_1_2"
"565","ATCCTATAGTTACGGG-1_1_2"
"566","ATCCTATCAGCGTTTA-1_1_2"
"567","ATCCTATTCAGATTGC-1_1_2"
"568","ATCCTATTCAGTAGGG-1_1_2"
"569","ATCGATGAGGCCTTGC-1_1_2"
"570","ATCGATGAGGTATCTC-1_1_2"
"571","ATCGATGCATGTTCAG-1_1_2"
"572","ATCGCCTAGTGATCGG-1_1_2"
"573","ATCGCCTGTCATCCCT-1_1_2"
"574","ATCGCCTGTCCTACAA-1_1_2"
"575","ATCGCCTTCAACCGAT-1_1_2"
"576","ATCGGATCAGGTGTGA-1_1_2"
"577","ATCGGATCATGAATCC-1_1_2"
"578","ATCGGATGTAACATCC-1_1_2"
"579","ATCGGCGAGGCTAAAT-1_1_2"
"580","ATCGGCGGTGTTCATG-1_1_2"
"581","ATCGTAGCATCGGAAG-1_1_2"
"582","ATCGTAGGTGGATGAC-1_1_2"
"583","ATCGTCCGTGATTCAC-1_1_2"
"584","ATCGTCCTCGCGGACT-1_1_2"
"585","ATCGTGAAGCTGAAGC-1_1_2"
"586","ATCGTGAGTATCAGGG-1_1_2"
"587","ATCTCTAAGAGTGTTA-1_1_2"
"588","ATCTCTAAGGAAAGGT-1_1_2"
"589","ATCTCTAAGTGGCAGT-1_1_2"
"590","ATCTCTATCGCCCAGA-1_1_2"
"591","ATCTTCAAGCATGGGT-1_1_2"
"592","ATCTTCAGTTATGACC-1_1_2"
"593","ATGAAAGCAAGTTTGC-1_1_2"
"594","ATGAAAGTCCATATGG-1_1_2"
"595","ATGACCATCTCTCAAT-1_1_2"
"596","ATGAGGGAGGAGCTGT-1_1_2"
"597","ATGAGTCAGCGAATGC-1_1_2"
"598","ATGATCGAGGTTCCAT-1_1_2"
"599","ATGATCGCAAGTACCT-1_1_2"
"600","ATGATCGCAGCACAGA-1_1_2"
"601","ATGATCGGTGTAACGG-1_1_2"
"602","ATGCATGAGTCACTCA-1_1_2"
"603","ATGCATGCACTGGACC-1_1_2"
"604","ATGCCTCAGAGGTCAC-1_1_2"
"605","ATGCCTCGTCTGATAC-1_1_2"
"606","ATGCGATAGCTTTCCC-1_1_2"
"607","ATGGAGGCACGCTTAA-1_1_2"
"608","ATGGAGGGTGTGTCGC-1_1_2"
"609","ATGGAGGGTTAGGCTT-1_1_2"
"610","ATGGATCAGGACAGTC-1_1_2"
"611","ATGGATCCATCTTCGC-1_1_2"
"612","ATGGGAGGTATGCTAC-1_1_2"
"613","ATGGGAGTCCTATTTG-1_1_2"
"614","ATGGGAGTCGGACTGC-1_1_2"
"615","ATGGGAGTCTTTGCGC-1_1_2"
"616","ATGGGTTGTAGATCGG-1_1_2"
"617","ATGGGTTGTAGCTGTT-1_1_2"
"618","ATGGTTGTCCTTCGAC-1_1_2"
"619","ATGTCCCAGTGTTGTC-1_1_2"
"620","ATGTCCCGTTCAAAGA-1_1_2"
"621","ATGTCTTAGATGCTTC-1_1_2"
"622","ATGTCTTGTAGATCCT-1_1_2"
"623","ATGTCTTGTATGCTTG-1_1_2"
"624","ATGTCTTGTCTGTTAG-1_1_2"
"625","ATGTCTTGTGTTTCTT-1_1_2"
"626","ATTACCTCAGTAGAAT-1_1_2"
"627","ATTACCTCATCTCGTC-1_1_2"
"628","ATTACCTTCGACGCTG-1_1_2"
"629","ATTACTCAGACCTCAT-1_1_2"
"630","ATTACTCCAAATGAGT-1_1_2"
"631","ATTACTCCAAGAGCTG-1_1_2"
"632","ATTATCCAGTGTTCAC-1_1_2"
"633","ATTATCCGTACCGTCG-1_1_2"
"634","ATTATCCGTGATAGTA-1_1_2"
"635","ATTCACTAGTACAGAT-1_1_2"
"636","ATTCACTAGTCACGAG-1_1_2"
"637","ATTCACTCAGGTTACT-1_1_2"
"638","ATTCACTTCATCGTAG-1_1_2"
"639","ATTCAGGCAAGCGCAA-1_1_2"
"640","ATTCAGGCAGAAACCG-1_1_2"
"641","ATTCAGGTCCGAGCTG-1_1_2"
"642","ATTCATCAGATGCGAC-1_1_2"
"643","ATTCCATAGCGACAGT-1_1_2"
"644","ATTCCATCACGTATAC-1_1_2"
"645","ATTCCATCAGATACCT-1_1_2"
"646","ATTCCATCAGCAGGAT-1_1_2"
"647","ATTCCATTCGTGACTA-1_1_2"
"648","ATTCCCGAGAGCCATG-1_1_2"
"649","ATTCCTACAGGACGAT-1_1_2"
"650","ATTCCTAGTTAGTCGT-1_1_2"
"651","ATTCGTTAGGGACCAT-1_1_2"
"652","ATTCGTTAGGGTCTTT-1_1_2"
"653","ATTCTACAGTAGTCAA-1_1_2"
"654","ATTCTACGTAGTCGGA-1_1_2"
"655","ATTCTTGAGGCTGTAG-1_1_2"
"656","ATTCTTGAGTCATGCT-1_1_2"
"657","ATTCTTGCAAGAGGCT-1_1_2"
"658","ATTCTTGGTAGACAGC-1_1_2"
"659","ATTCTTGGTGTAGTGG-1_1_2"
"660","ATTGGGTGTGACATCT-1_1_2"
"661","ATTGTTCAGATCCGAG-1_1_2"
"662","ATTGTTCAGGCTCCCA-1_1_2"
"663","ATTGTTCAGTGGACGT-1_1_2"
"664","ATTGTTCGTGTCCGTG-1_1_2"
"665","ATTGTTCTCCTACTGC-1_1_2"
"666","ATTTACCCATCAGTGT-1_1_2"
"667","ATTTACCGTAGTATAG-1_1_2"
"668","ATTTCACAGGATCACG-1_1_2"
"669","ATTTCACCATATGAAG-1_1_2"
"670","ATTTCACTCCAAGCAT-1_1_2"
"671","ATTTCTGAGTGTTGAA-1_1_2"
"672","ATTTCTGCAGTTGGTT-1_1_2"
"673","ATTTCTGTCAATGTCG-1_1_2"
"674","ATTTCTGTCAGGGATG-1_1_2"
"675","CAAAGAACAACTGAAA-1_1_2"
"676","CAAAGAAGTAGGTAGC-1_1_2"
"677","CAAAGAAGTCGAGCAA-1_1_2"
"678","CAACAACAGGTGGCTA-1_1_2"
"679","CAACAACGTCCAAGAG-1_1_2"
"680","CAACAACTCACCACAA-1_1_2"
"681","CAACAGTAGACGAGCT-1_1_2"
"682","CAACAGTAGCCATCCG-1_1_2"
"683","CAACAGTTCTCCACTG-1_1_2"
"684","CAACCAACAAGAATGT-1_1_2"
"685","CAACCAACACAGAGAC-1_1_2"
"686","CAACCAACATAATCCG-1_1_2"
"687","CAACCAAGTCGCCTAG-1_1_2"
"688","CAACCAAGTCGCGTCA-1_1_2"
"689","CAACCTCGTCCTGGGT-1_1_2"
"690","CAACCTCGTCGTGGAA-1_1_2"
"691","CAACCTCGTGAATGAT-1_1_2"
"692","CAACCTCGTTCAGCGC-1_1_2"
"693","CAACCTCGTTTGGCTA-1_1_2"
"694","CAACCTCTCCCAAGCG-1_1_2"
"695","CAACCTCTCCTTGACC-1_1_2"
"696","CAACGATGTTCGTTCC-1_1_2"
"697","CAACGATTCATCGCCT-1_1_2"
"698","CAACGGCAGACTGTTC-1_1_2"
"699","CAACGGCGTGGTCTAT-1_1_2"
"700","CAACGGCTCTCGTCGT-1_1_2"
"701","CAAGACTGTACATACC-1_1_2"
"702","CAAGACTTCTAGGCAT-1_1_2"
"703","CAAGACTTCTCCGATC-1_1_2"
"704","CAAGAGGGTCTCGCGA-1_1_2"
"705","CAAGAGGGTGGGACAT-1_1_2"
"706","CAAGAGGGTTAATCGC-1_1_2"
"707","CAAGAGGTCGTTCATT-1_1_2"
"708","CAAGCTAGTGTCTTGA-1_1_2"
"709","CAAGCTATCACTACGA-1_1_2"
"710","CAATACGAGGGTCACA-1_1_2"
"711","CAATACGGTCACATTG-1_1_2"
"712","CAATCGAAGTCACACT-1_1_2"
"713","CAATCGAGTATCGCTA-1_1_2"
"714","CAATGACGTTGGACTT-1_1_2"
"715","CAATTTCAGCTAAATG-1_1_2"
"716","CAATTTCTCACTAGCA-1_1_2"
"717","CAATTTCTCGTTGTTT-1_1_2"
"718","CACAACAAGGCACTAG-1_1_2"
"719","CACAACACATGACACT-1_1_2"
"720","CACAACAGTAGAGATT-1_1_2"
"721","CACAACAGTGAGACGT-1_1_2"
"722","CACAACATCAAAGGAT-1_1_2"
"723","CACAACATCCCGTAAA-1_1_2"
"724","CACAGATAGATTACCC-1_1_2"
"725","CACAGATAGTCGGCCT-1_1_2"
"726","CACAGATCAGCAGTGA-1_1_2"
"727","CACAGATCATGCACTA-1_1_2"
"728","CACAGATGTGGCTAGA-1_1_2"
"729","CACAGGCAGACCACGA-1_1_2"
"730","CACATGAAGGCATCGA-1_1_2"
"731","CACATGAGTAGAATAC-1_1_2"
"732","CACCAAAAGTAATCCC-1_1_2"
"733","CACCAAATCATAGCAC-1_1_2"
"734","CACCAAATCCGCTAGG-1_1_2"
"735","CACCAAATCTCGACGG-1_1_2"
"736","CACCGTTAGGCATGCA-1_1_2"
"737","CACCGTTTCGACGAGA-1_1_2"
"738","CACGAATAGGTGCAGT-1_1_2"
"739","CACGAATGTAGTCTTG-1_1_2"
"740","CACGGGTTCGTCCATC-1_1_2"
"741","CACGTGGCACGAGGTA-1_1_2"
"742","CACGTGGCAGAGGACT-1_1_2"
"743","CACGTTCAGGGAGTGG-1_1_2"
"744","CACGTTCCACATTCTT-1_1_2"
"745","CACGTTCTCTGATGGT-1_1_2"
"746","CACTGAAAGCGAATGC-1_1_2"
"747","CACTGAATCTAAGGAA-1_1_2"
"748","CACTGGGAGCCTTTCC-1_1_2"
"749","CACTGGGTCGTCTACC-1_1_2"
"750","CACTGTCAGCGTTGTT-1_1_2"
"751","CACTGTCTCCGTAGTA-1_1_2"
"752","CACTTCGTCACCGGGT-1_1_2"
"753","CACTTCGTCTTCGATT-1_1_2"
"754","CAGAGCCAGGAATCGC-1_1_2"
"755","CAGAGCCCAGTATACC-1_1_2"
"756","CAGAGCCCAGTGTACT-1_1_2"
"757","CAGAGCCGTGTCTAAC-1_1_2"
"758","CAGAGCCGTTTAGACC-1_1_2"
"759","CAGATACAGAATCGAT-1_1_2"
"760","CAGATACAGTCATGAA-1_1_2"
"761","CAGATACCAAGCAATA-1_1_2"
"762","CAGATACGTCTGTCAA-1_1_2"
"763","CAGATACGTGGAGAAA-1_1_2"
"764","CAGATACTCGCAGAGA-1_1_2"
"765","CAGATACTCTCATGGA-1_1_2"
"766","CAGATCAAGCGCATCC-1_1_2"
"767","CAGATCAAGCTTGTTG-1_1_2"
"768","CAGATCATCCACGTCT-1_1_2"
"769","CAGATCATCGAATCCA-1_1_2"
"770","CAGATTGCACCTGCAG-1_1_2"
"771","CAGATTGCAGAGAAAG-1_1_2"
"772","CAGATTGCATCGTGCG-1_1_2"
"773","CAGCAATAGATCGGTG-1_1_2"
"774","CAGCAATTCGGCTGAC-1_1_2"
"775","CAGCACGAGTAAAGCT-1_1_2"
"776","CAGCAGCAGGTCATCT-1_1_2"
"777","CAGCAGCCACAGACGA-1_1_2"
"778","CAGCCAGAGAGTGTGC-1_1_2"
"779","CAGCCAGCACGTTCGG-1_1_2"
"780","CAGCCAGTCATAGAGA-1_1_2"
"781","CAGCCAGTCCTGCTAC-1_1_2"
"782","CAGCGTGCAAAGCAAT-1_1_2"
"783","CAGGCCACATTGCTGA-1_1_2"
"784","CAGGGCTGTCACGACC-1_1_2"
"785","CAGGGCTTCCCTTCCC-1_1_2"
"786","CAGGTATAGCAAACAT-1_1_2"
"787","CAGTGCGAGCCAGACA-1_1_2"
"788","CAGTGCGGTCGATTTG-1_1_2"
"789","CAGTGCGTCACTCTTA-1_1_2"
"790","CAGTTCCTCGGATACT-1_1_2"
"791","CATAAGCCATCGGTTA-1_1_2"
"792","CATAAGCGTTCAGCTA-1_1_2"
"793","CATACAGAGCACTAGG-1_1_2"
"794","CATACAGCAGGTGGAT-1_1_2"
"795","CATACAGTCTGGACCG-1_1_2"
"796","CATACCCAGCCACCGT-1_1_2"
"797","CATACCCAGTACCATC-1_1_2"
"798","CATACCCGTAGCTGAG-1_1_2"
"799","CATACCCGTATTGACC-1_1_2"
"800","CATACCCGTCGGTACC-1_1_2"
"801","CATACCCGTTGGGTTT-1_1_2"
"802","CATACCCTCTACCAGA-1_1_2"
"803","CATACTTCAGGCGATA-1_1_2"
"804","CATACTTCATGTGACT-1_1_2"
"805","CATACTTGTTTCGTGA-1_1_2"
"806","CATACTTTCAAACGAA-1_1_2"
"807","CATACTTTCCATACAG-1_1_2"
"808","CATAGACGTATGCGGA-1_1_2"
"809","CATAGACTCAAAGACA-1_1_2"
"810","CATAGACTCACGAACT-1_1_2"
"811","CATAGACTCGCGTAGC-1_1_2"
"812","CATAGACTCTCCAAGA-1_1_2"
"813","CATCAAGCAAATCGTC-1_1_2"
"814","CATCAAGCAAGATGGC-1_1_2"
"815","CATCAAGCATGACTTG-1_1_2"
"816","CATCAAGGTGACGCCT-1_1_2"
"817","CATCAAGTCGTAGCCG-1_1_2"
"818","CATCCACCACTGGAAG-1_1_2"
"819","CATCCACCATCTGTTT-1_1_2"
"820","CATCCACGTGGCCCAT-1_1_2"
"821","CATCCCAGTAGGAGTC-1_1_2"
"822","CATCCGTGTACGTGAG-1_1_2"
"823","CATCCGTTCGGACCAC-1_1_2"
"824","CATCGCTAGGCTTAGG-1_1_2"
"825","CATCGCTAGTTGGACG-1_1_2"
"826","CATCGCTCAGTTAAAG-1_1_2"
"827","CATCGCTCATCCCACT-1_1_2"
"828","CATCGGGCAATTTCCT-1_1_2"
"829","CATCGGGCACATATCG-1_1_2"
"830","CATCGTCGTCCACACG-1_1_2"
"831","CATGAGTGTGTCCGGT-1_1_2"
"832","CATGAGTTCATCAGTG-1_1_2"
"833","CATGAGTTCCCTCGTA-1_1_2"
"834","CATGCCTAGTACCGGA-1_1_2"
"835","CATGCCTTCGGCATCG-1_1_2"
"836","CATGCCTTCGTCTACC-1_1_2"
"837","CATGCGGAGAGTAACT-1_1_2"
"838","CATGCGGGTCTACGTA-1_1_2"
"839","CATGCGGTCGTAGTCA-1_1_2"
"840","CATGCTCAGATTACCC-1_1_2"
"841","CATGCTCCAGTAACAA-1_1_2"
"842","CATGCTCTCGCACGAC-1_1_2"
"843","CATGGATAGATGGGCT-1_1_2"
"844","CATGGATAGTCTAACC-1_1_2"
"845","CATGGATCACTGGCCA-1_1_2"
"846","CATGGTAAGGCATCTT-1_1_2"
"847","CATGGTATCCTGTAGA-1_1_2"
"848","CATGGTATCTAAGGAA-1_1_2"
"849","CATTCATCAAGGCAAC-1_1_2"
"850","CATTCATGTACAGAGC-1_1_2"
"851","CATTCATGTACGCTTA-1_1_2"
"852","CATTCCGAGCATTGTC-1_1_2"
"853","CATTCCGAGGAAGTAG-1_1_2"
"854","CATTCCGCATATCTGG-1_1_2"
"855","CATTCTAAGCCTCATA-1_1_2"
"856","CATTCTACAGCTGTCG-1_1_2"
"857","CATTCTAGTCACAGAG-1_1_2"
"858","CATTGAGCAAATGGAT-1_1_2"
"859","CATTGCCAGCTAAGTA-1_1_2"
"860","CATTGCCAGGGTTTCT-1_1_2"
"861","CATTGCCCAGTAACAA-1_1_2"
"862","CATTGCCTCCAAGCAT-1_1_2"
"863","CATTGTTGTTAGAAGT-1_1_2"
"864","CATTGTTTCACCGGTG-1_1_2"
"865","CATTGTTTCTACCTTA-1_1_2"
"866","CCAAGCGGTCTAATCG-1_1_2"
"867","CCAAGCGTCAGCAGAG-1_1_2"
"868","CCAAGCGTCTCATGCC-1_1_2"
"869","CCAATGAAGATACCAA-1_1_2"
"870","CCAATGAAGTGATAAC-1_1_2"
"871","CCAATGACATGTCGTA-1_1_2"
"872","CCAATTTAGCGATTCT-1_1_2"
"873","CCAATTTAGTGCACAG-1_1_2"
"874","CCAATTTTCTGTCGCT-1_1_2"
"875","CCACAAAGTATCAAGA-1_1_2"
"876","CCACAAATCGCAGATT-1_1_2"
"877","CCACACTAGTATTAGG-1_1_2"
"878","CCACACTCAGCGGTCT-1_1_2"
"879","CCACACTCATATGGCT-1_1_2"
"880","CCACCATTCAGCAATC-1_1_2"
"881","CCACCATTCCGATTAG-1_1_2"
"882","CCACCATTCCTTGAAG-1_1_2"
"883","CCACGAGCAGCGAACA-1_1_2"
"884","CCACGAGGTCACAGAG-1_1_2"
"885","CCACGAGGTGTTACAC-1_1_2"
"886","CCACGAGTCGATCCCT-1_1_2"
"887","CCACGTTGTTGGGCCT-1_1_2"
"888","CCACGTTGTTGTTGAC-1_1_2"
"889","CCACGTTTCAGACATC-1_1_2"
"890","CCACTTGCACTGCGTG-1_1_2"
"891","CCACTTGCAGGTTTAC-1_1_2"
"892","CCACTTGCATCTTCGC-1_1_2"
"893","CCACTTGTCAACCGAT-1_1_2"
"894","CCACTTGTCTCCTGCA-1_1_2"
"895","CCATAAGAGGGACAGG-1_1_2"
"896","CCATAAGCATTGTGCA-1_1_2"
"897","CCATAAGGTATTAAGG-1_1_2"
"898","CCATAAGTCCAACCGG-1_1_2"
"899","CCATAAGTCGCAAGAG-1_1_2"
"900","CCATCACAGTGGTTAA-1_1_2"
"901","CCATCACCATGTCTAG-1_1_2"
"902","CCATCACGTGGCAACA-1_1_2"
"903","CCCAACTAGGACAGTC-1_1_2"
"904","CCCATTGCAAGACCGA-1_1_2"
"905","CCCATTGGTTGGCCTG-1_1_2"
"906","CCCATTGTCTACTGCC-1_1_2"
"907","CCCGAAGAGAGCCGAT-1_1_2"
"908","CCCGAAGAGTCTTGGT-1_1_2"
"909","CCCGAAGCAAATTGCC-1_1_2"
"910","CCCGAAGCAACAGATA-1_1_2"
"911","CCCGAAGGTAGGCAAC-1_1_2"
"912","CCCGAAGTCTCATGCC-1_1_2"
"913","CCCGAAGTCTTTGGAG-1_1_2"
"914","CCCGGAAAGTCCCAAT-1_1_2"
"915","CCCGGAAGTATTCTCT-1_1_2"
"916","CCCGGAAGTCAAGTTC-1_1_2"
"917","CCCGGAATCATTGTGG-1_1_2"
"918","CCCGGAATCGCGATCG-1_1_2"
"919","CCCTAACAGAAGCCAC-1_1_2"
"920","CCCTAACAGCAGCACA-1_1_2"
"921","CCCTAACAGGCGTTGA-1_1_2"
"922","CCCTAACCAAATGGTA-1_1_2"
"923","CCCTAACGTCAGCTTA-1_1_2"
"924","CCCTCAACAGAAGTTA-1_1_2"
"925","CCCTCAAGTAATCAGA-1_1_2"
"926","CCCTCAATCGGACAAG-1_1_2"
"927","CCCTCTCCAGCACCCA-1_1_2"
"928","CCCTCTCGTTTCAGAC-1_1_2"
"929","CCCTCTCTCGCTGCGA-1_1_2"
"930","CCCTGATCAGATTAAG-1_1_2"
"931","CCCTTAGCAAAGCTAA-1_1_2"
"932","CCCTTAGCATGAAGCG-1_1_2"
"933","CCCTTAGTCATTACCT-1_1_2"
"934","CCGAACGCACTCCACT-1_1_2"
"935","CCGAACGGTACCCAGC-1_1_2"
"936","CCGAACGGTTTGTTCT-1_1_2"
"937","CCGATCTGTATCAGGG-1_1_2"
"938","CCGATGGAGGGTCTTT-1_1_2"
"939","CCGCAAGAGTACCATC-1_1_2"
"940","CCGCAAGGTAGATGTA-1_1_2"
"941","CCGGACACACGCTATA-1_1_2"
"942","CCGGTAGCAAGAAATC-1_1_2"
"943","CCGGTAGCACACGGTC-1_1_2"
"944","CCGGTGAAGCGTACAG-1_1_2"
"945","CCGGTGAAGGCAGCTA-1_1_2"
"946","CCGGTGACAAACTGCT-1_1_2"
"947","CCGGTGATCCACACAA-1_1_2"
"948","CCGTAGGCAGCTACTA-1_1_2"
"949","CCGTAGGGTTGGATCT-1_1_2"
"950","CCGTAGGTCTTCCCGA-1_1_2"
"951","CCGTGAGGTAGCGTTT-1_1_2"
"952","CCGTGAGGTTTACACG-1_1_2"
"953","CCGTGAGTCGGTAGAG-1_1_2"
"954","CCTAACCAGTAGCCAG-1_1_2"
"955","CCTAACCCAAGGAGTC-1_1_2"
"956","CCTAACCTCAAACGTC-1_1_2"
"957","CCTAAGACACTTTATC-1_1_2"
"958","CCTAAGAGTGTCCTAA-1_1_2"
"959","CCTAAGATCCTAGCTC-1_1_2"
"960","CCTACGTGTACAGTCT-1_1_2"
"961","CCTACGTGTCACCCTT-1_1_2"
"962","CCTATCGTCGTTCTGC-1_1_2"
"963","CCTATCGTCTTGTGCC-1_1_2"
"964","CCTCAACAGGGACTGT-1_1_2"
"965","CCTCAACAGTCGCCCA-1_1_2"
"966","CCTCACAAGTGGATTA-1_1_2"
"967","CCTCACATCCTGGGAC-1_1_2"
"968","CCTCAGTAGATTGAGT-1_1_2"
"969","CCTCATGAGTGAGTTA-1_1_2"
"970","CCTCATGCAGTGGGTA-1_1_2"
"971","CCTCATGTCAAGCTGT-1_1_2"
"972","CCTCATGTCATTGCGA-1_1_2"
"973","CCTCATGTCTGTGTGA-1_1_2"
"974","CCTCCAATCCACGGGT-1_1_2"
"975","CCTCCAATCCATATGG-1_1_2"
"976","CCTCCTCAGATGACAT-1_1_2"
"977","CCTCCTCGTTCGTAAC-1_1_2"
"978","CCTCCTCGTTCTGAGT-1_1_2"
"979","CCTCCTCTCCGTGTCT-1_1_2"
"980","CCTCCTCTCGGCTGGT-1_1_2"
"981","CCTCCTCTCTGGGTCG-1_1_2"
"982","CCTCTAGGTGTGCCTG-1_1_2"
"983","CCTGCATCAACTCCAA-1_1_2"
"984","CCTGCATTCATCGCAA-1_1_2"
"985","CCTGCATTCGCTTGAA-1_1_2"
"986","CCTGCATTCGGTTGTA-1_1_2"
"987","CCTGCATTCTTCTGGC-1_1_2"
"988","CCTGTTGCACTGTCGG-1_1_2"
"989","CCTTCAGCACAACATC-1_1_2"
"990","CCTTCAGCACACACTA-1_1_2"
"991","CCTTCAGCAGCATTGT-1_1_2"
"992","CCTTGTGAGCTGACTT-1_1_2"
"993","CCTTGTGAGGGACAGG-1_1_2"
"994","CCTTGTGCAAGCAATA-1_1_2"
"995","CCTTGTGCATGTGGTT-1_1_2"
"996","CCTTGTGGTACAATAG-1_1_2"
"997","CCTTGTGGTTGCGAAG-1_1_2"
"998","CCTTTGGCAATGAAAC-1_1_2"
"999","CCTTTGGCACGAAAGC-1_1_2"
"1000","CGAAGTTAGCGCAATG-1_1_2"
"1001","CGAAGTTGTGTGTGTT-1_1_2"
"1002","CGAAGTTTCATCTCTA-1_1_2"
"1003","CGAATTGCAACACACT-1_1_2"
"1004","CGAATTGCACTAAACC-1_1_2"
"1005","CGAATTGGTGGACAGT-1_1_2"
"1006","CGAATTGTCCGATAAC-1_1_2"
"1007","CGACAGCAGACGAAGA-1_1_2"
"1008","CGACAGCCACCAACAT-1_1_2"
"1009","CGACAGCCAGCGGTTC-1_1_2"
"1010","CGAGAAGAGCAAGTCG-1_1_2"
"1011","CGAGAAGAGTGGTCAG-1_1_2"
"1012","CGAGGAAAGGTAGCCA-1_1_2"
"1013","CGAGGAAGTTGGTGTT-1_1_2"
"1014","CGAGGAATCCCGAGAC-1_1_2"
"1015","CGAGGAATCGAGTACT-1_1_2"
"1016","CGAGGCTGTACGATCT-1_1_2"
"1017","CGAGTGCCAGCTGTAT-1_1_2"
"1018","CGAGTGCGTGCGTCGT-1_1_2"
"1019","CGAGTGCGTTATAGCC-1_1_2"
"1020","CGAGTGCTCAGTCCGG-1_1_2"
"1021","CGAGTTAAGCGACTTT-1_1_2"
"1022","CGAGTTACAACGTAAA-1_1_2"
"1023","CGAGTTAGTCGCTTGG-1_1_2"
"1024","CGAGTTATCGGTGAAG-1_1_2"
"1025","CGAGTTATCTGCTGAA-1_1_2"
"1026","CGAGTTATCTTGGTGA-1_1_2"
"1027","CGATCGGTCCGTGACG-1_1_2"
"1028","CGATGGCCAGACCTGC-1_1_2"
"1029","CGATGGCGTCAAAGTA-1_1_2"
"1030","CGATGGCTCAAGGAGC-1_1_2"
"1031","CGCAGGTAGCTCGCAC-1_1_2"
"1032","CGCAGGTCAGATACCT-1_1_2"
"1033","CGCATAACAAGCCTGC-1_1_2"
"1034","CGCATAACACGATAGG-1_1_2"
"1035","CGCATAACAGTATGAA-1_1_2"
"1036","CGCATAAGTTCCACGG-1_1_2"
"1037","CGCATAATCCGTGTAA-1_1_2"
"1038","CGCATAATCTTTCTAG-1_1_2"
"1039","CGCATGGAGTTTCTTC-1_1_2"
"1040","CGCATGGGTGTGACCC-1_1_2"
"1041","CGCATGGGTTGCTCGG-1_1_2"
"1042","CGCCAGAAGTGCGACA-1_1_2"
"1043","CGCCAGAGTAACAGGC-1_1_2"
"1044","CGCCAGAGTGATACCT-1_1_2"
"1045","CGCCAGATCACCTGTC-1_1_2"
"1046","CGCCAGATCCGTTGGG-1_1_2"
"1047","CGCCAGATCCTGTAGA-1_1_2"
"1048","CGCCATTGTATCGATC-1_1_2"
"1049","CGCCATTTCCTATTGT-1_1_2"
"1050","CGCGTGAGTTACTCAG-1_1_2"
"1051","CGCGTGATCTTAGCAG-1_1_2"
"1052","CGGAACCCAAACCACT-1_1_2"
"1053","CGGAATTAGAAAGCGA-1_1_2"
"1054","CGGAATTCAGCGTTTA-1_1_2"
"1055","CGGAATTCATGGCTAT-1_1_2"
"1056","CGGAGAACACAACGTT-1_1_2"
"1057","CGGAGAATCGATGGAG-1_1_2"
"1058","CGGAGAATCGCCGAGT-1_1_2"
"1059","CGGCAGTAGCAATTCC-1_1_2"
"1060","CGGCAGTTCAAAGAAC-1_1_2"
"1061","CGGCAGTTCATGGCCG-1_1_2"
"1062","CGGGACTAGCGCCTAC-1_1_2"
"1063","CGGGACTAGGTTATAG-1_1_2"
"1064","CGGGCATAGCTGAAGC-1_1_2"
"1065","CGGGCATAGTAACAGT-1_1_2"
"1066","CGGGCATGTTCTCTAT-1_1_2"
"1067","CGGGCATTCAACTTTC-1_1_2"
"1068","CGGGTGTAGTCGAAAT-1_1_2"
"1069","CGGGTGTAGTTGCGCC-1_1_2"
"1070","CGGGTGTGTGTTTGCA-1_1_2"
"1071","CGGGTGTTCACCTTAT-1_1_2"
"1072","CGGTCAGCAATGTTGC-1_1_2"
"1073","CGGTCAGCAGGCGATA-1_1_2"
"1074","CGTAAGTCATACTGAC-1_1_2"
"1075","CGTAATGCAAAGCTCT-1_1_2"
"1076","CGTAATGCACTCCCTA-1_1_2"
"1077","CGTAGTAAGAAGTATC-1_1_2"
"1078","CGTAGTAAGCGTTGTT-1_1_2"
"1079","CGTAGTACATTGCCGG-1_1_2"
"1080","CGTAGTATCCGTGGTG-1_1_2"
"1081","CGTAGTATCCTGTTGC-1_1_2"
"1082","CGTAGTATCTTAAGGC-1_1_2"
"1083","CGTCAAAAGAGAGTTT-1_1_2"
"1084","CGTCAAAAGCCTCTTC-1_1_2"
"1085","CGTCAAAAGGGATCAC-1_1_2"
"1086","CGTCCATAGCCTTTCC-1_1_2"
"1087","CGTCCATAGGGACACT-1_1_2"
"1088","CGTCCATTCTTCGCTG-1_1_2"
"1089","CGTGAATGTTCTTGCC-1_1_2"
"1090","CGTGAATGTTGCGTAT-1_1_2"
"1091","CGTGAATTCGTGTTCC-1_1_2"
"1092","CGTGATACACCCTTGT-1_1_2"
"1093","CGTGATACAGGCATTT-1_1_2"
"1094","CGTGATAGTGAATGAT-1_1_2"
"1095","CGTGCTTGTATCAAGA-1_1_2"
"1096","CGTGCTTGTTGTCATG-1_1_2"
"1097","CGTGCTTTCAGACCCG-1_1_2"
"1098","CGTGCTTTCCAATGCA-1_1_2"
"1099","CGTGCTTTCTGTGCAA-1_1_2"
"1100","CGTGTCTCAGAGTGAC-1_1_2"
"1101","CGTGTCTCATTCATCT-1_1_2"
"1102","CGTTAGACACTGGAAG-1_1_2"
"1103","CGTTAGAGTGTGCCTG-1_1_2"
"1104","CGTTAGAGTTGTTGTG-1_1_2"
"1105","CGTTCTGCAGACAAAT-1_1_2"
"1106","CGTTCTGGTACCCACG-1_1_2"
"1107","CGTTCTGGTTGACTGT-1_1_2"
"1108","CGTTCTGTCCACTTTA-1_1_2"
"1109","CGTTGGGAGATGGCGT-1_1_2"
"1110","CGTTGGGCATGACTGT-1_1_2"
"1111","CGTTGGGTCTTACGGA-1_1_2"
"1112","CTAACCCCAAGAGGTC-1_1_2"
"1113","CTAACCCCATCGCTAA-1_1_2"
"1114","CTAACCCTCCATCTGC-1_1_2"
"1115","CTAACTTAGTAGCTCT-1_1_2"
"1116","CTAACTTCAAGTCCCG-1_1_2"
"1117","CTAACTTCAGACATCT-1_1_2"
"1118","CTAAGTGCACCCTGTT-1_1_2"
"1119","CTAAGTGGTGTCATCA-1_1_2"
"1120","CTACAGATCTCCCAAC-1_1_2"
"1121","CTACCCAAGCCTCAAT-1_1_2"
"1122","CTACCCAAGGCATCAG-1_1_2"
"1123","CTACCTGGTGAGTCAG-1_1_2"
"1124","CTACGGGCAAGAATGT-1_1_2"
"1125","CTACGGGGTTACCCAA-1_1_2"
"1126","CTACGGGGTTGCTGAT-1_1_2"
"1127","CTACTATAGCACGGAT-1_1_2"
"1128","CTAGACAAGTCGTCTA-1_1_2"
"1129","CTAGACAGTGCATTAC-1_1_2"
"1130","CTAGGTACATTAAAGG-1_1_2"
"1131","CTAGGTAGTTCGATTG-1_1_2"
"1132","CTAGGTATCCGTTGGG-1_1_2"
"1133","CTAGGTATCGGAAACG-1_1_2"
"1134","CTATAGGAGTGCTACT-1_1_2"
"1135","CTATAGGCATGTGTCA-1_1_2"
"1136","CTATAGGTCGAAGAAT-1_1_2"
"1137","CTATCCGCAGCCGGTT-1_1_2"
"1138","CTATCCGTCGTAACCA-1_1_2"
"1139","CTATCCGTCTCCACTG-1_1_2"
"1140","CTATCTAAGTCGGGAT-1_1_2"
"1141","CTATCTATCTTACCGC-1_1_2"
"1142","CTCAACCCAACCTATG-1_1_2"
"1143","CTCAACCCATTGACCA-1_1_2"
"1144","CTCAACCTCCAGCAAT-1_1_2"
"1145","CTCAACCTCCATAAGC-1_1_2"
"1146","CTCAAGATCCATTTAC-1_1_2"
"1147","CTCAAGATCGACGACC-1_1_2"
"1148","CTCAATTCAACAAAGT-1_1_2"
"1149","CTCAATTCAAGATGGC-1_1_2"
"1150","CTCAATTCAGAAGCTG-1_1_2"
"1151","CTCAATTCAGGAGGTT-1_1_2"
"1152","CTCACTGAGAGGCGGA-1_1_2"
"1153","CTCACTGAGGTCATTC-1_1_2"
"1154","CTCACTGCATGACAAA-1_1_2"
"1155","CTCACTGGTGAGGCAT-1_1_2"
"1156","CTCACTGTCTCCCTAG-1_1_2"
"1157","CTCAGAACACCAGACC-1_1_2"
"1158","CTCAGAACAGTCGGTC-1_1_2"
"1159","CTCAGGGCAGGCACTC-1_1_2"
"1160","CTCAGGGTCGTCAGAT-1_1_2"
"1161","CTCAGTCCAAGAAACT-1_1_2"
"1162","CTCAGTCCACCATTCC-1_1_2"
"1163","CTCAGTCGTAGAATAC-1_1_2"
"1164","CTCAGTCGTTGCATGT-1_1_2"
"1165","CTCAGTCTCGAGCACC-1_1_2"
"1166","CTCATCGAGATGGTCG-1_1_2"
"1167","CTCATCGAGTCATCGT-1_1_2"
"1168","CTCATCGCATCTCCCA-1_1_2"
"1169","CTCATCGGTGTTAGCT-1_1_2"
"1170","CTCATGCCAAGTGGGT-1_1_2"
"1171","CTCATGCCAGTAACAA-1_1_2"
"1172","CTCATGCGTCCCAAAT-1_1_2"
"1173","CTCATTAGTGTTAAAG-1_1_2"
"1174","CTCATTATCACCCATC-1_1_2"
"1175","CTCATTATCGTAGTCA-1_1_2"
"1176","CTCATTATCTCGCTCA-1_1_2"
"1177","CTCCAACAGACCGTTT-1_1_2"
"1178","CTCCAACCATGAATAG-1_1_2"
"1179","CTCCAACGTGATTAGA-1_1_2"
"1180","CTCCACAAGGCCTAGA-1_1_2"
"1181","CTCCACACACACGTGC-1_1_2"
"1182","CTCCATGGTCGGTACC-1_1_2"
"1183","CTCCATGGTGCCCACA-1_1_2"
"1184","CTCCATGTCCGAGCTG-1_1_2"
"1185","CTCCCAATCATTCGGA-1_1_2"
"1186","CTCCCAATCTAGGAAA-1_1_2"
"1187","CTCCCTCAGACCCTTA-1_1_2"
"1188","CTCCCTCAGCCGAATG-1_1_2"
"1189","CTCCCTCTCAAGTTGC-1_1_2"
"1190","CTCCGATCACTAGGTT-1_1_2"
"1191","CTCCGATGTTGGATCT-1_1_2"
"1192","CTCCTTTAGATAACGT-1_1_2"
"1193","CTCCTTTAGCCGAATG-1_1_2"
"1194","CTCCTTTGTCCACATA-1_1_2"
"1195","CTCCTTTGTGACCTGC-1_1_2"
"1196","CTCCTTTTCTACGCAA-1_1_2"
"1197","CTCGAGGAGGGAGGCA-1_1_2"
"1198","CTCGAGGCAACTCCAA-1_1_2"
"1199","CTCGAGGCACTGTCCT-1_1_2"
"1200","CTCGAGGCATTGTAGC-1_1_2"
"1201","CTCGAGGGTTCGGCTG-1_1_2"
"1202","CTCTCAGCAAACGTGG-1_1_2"
"1203","CTCTCAGCAACGGGTA-1_1_2"
"1204","CTCTCAGCAAGCGCTC-1_1_2"
"1205","CTCTCAGCATATAGCC-1_1_2"
"1206","CTCTCAGTCACTACTT-1_1_2"
"1207","CTCTCAGTCAGCAATC-1_1_2"
"1208","CTCTCGAAGATCGCCC-1_1_2"
"1209","CTCTCGAAGGTAGTCG-1_1_2"
"1210","CTCTCGATCAATCGGT-1_1_2"
"1211","CTCTCGATCCGTGTAA-1_1_2"
"1212","CTCTCGATCCTTATAC-1_1_2"
"1213","CTCTGGTGTAGTGGCA-1_1_2"
"1214","CTCTGGTGTCGTACAT-1_1_2"
"1215","CTCTGGTTCAAATGAG-1_1_2"
"1216","CTCTGGTTCCGCGGAT-1_1_2"
"1217","CTGAATGAGTGCAACG-1_1_2"
"1218","CTGAATGCAAACTAGA-1_1_2"
"1219","CTGAATGGTAAGGAGA-1_1_2"
"1220","CTGAATGTCCTTGGAA-1_1_2"
"1221","CTGAGCGAGACCAAAT-1_1_2"
"1222","CTGAGCGAGTCGGGAT-1_1_2"
"1223","CTGAGCGCACCTCTGT-1_1_2"
"1224","CTGATCCAGTAAACTG-1_1_2"
"1225","CTGCAGGGTATGGGAC-1_1_2"
"1226","CTGCAGGTCGCTGATA-1_1_2"
"1227","CTGCATCCAAGGAGTC-1_1_2"
"1228","CTGCATCTCGCCGTGA-1_1_2"
"1229","CTGCATCTCTTCGGAA-1_1_2"
"1230","CTGCCATAGGATGCGT-1_1_2"
"1231","CTGCCATCACCTGTCT-1_1_2"
"1232","CTGCCATCACTACACA-1_1_2"
"1233","CTGCCTAAGGTCGAGT-1_1_2"
"1234","CTGCCTACAAAGCGTG-1_1_2"
"1235","CTGCCTACACAGCCTG-1_1_2"
"1236","CTGCCTATCTGGTTGA-1_1_2"
"1237","CTGCGAGAGAACGTGC-1_1_2"
"1238","CTGCGAGCACAGTGTT-1_1_2"
"1239","CTGCGAGGTCTGCAAT-1_1_2"
"1240","CTGCGAGGTGCCTGCA-1_1_2"
"1241","CTGCGAGGTGTTATCG-1_1_2"
"1242","CTGCTCAAGTGATCGG-1_1_2"
"1243","CTGCTCAAGTGGTGGT-1_1_2"
"1244","CTGCTCAGTTCCGCAG-1_1_2"
"1245","CTGGCAGCATCCGATA-1_1_2"
"1246","CTGGCAGGTACATTGC-1_1_2"
"1247","CTGGTCTCAGGCGAAT-1_1_2"
"1248","CTGGTCTCATGGCGCT-1_1_2"
"1249","CTGGTCTTCGTCCTCA-1_1_2"
"1250","CTGTACCGTCCGTACG-1_1_2"
"1251","CTGTACCGTTCATCGA-1_1_2"
"1252","CTGTACCTCCCTATTA-1_1_2"
"1253","CTGTAGAGTAGAATAC-1_1_2"
"1254","CTGTAGAGTAGTATAG-1_1_2"
"1255","CTGTATTCAATTGCAC-1_1_2"
"1256","CTGTATTGTCCACAGC-1_1_2"
"1257","CTGTATTGTTATGTCG-1_1_2"
"1258","CTGTATTTCAGGTGTT-1_1_2"
"1259","CTGTATTTCCTCTAAT-1_1_2"
"1260","CTGTCGTAGAATTTGG-1_1_2"
"1261","CTGTCGTAGTGGTGGT-1_1_2"
"1262","CTGTCGTCATCTGGGC-1_1_2"
"1263","CTGTCGTGTTCGGCCA-1_1_2"
"1264","CTGTCGTGTTTGGCTA-1_1_2"
"1265","CTGTCGTTCGGTGTAT-1_1_2"
"1266","CTGTGAAAGTAGATCA-1_1_2"
"1267","CTGTGAATCCACAAGT-1_1_2"
"1268","CTGTGGGAGACCAGAC-1_1_2"
"1269","CTGTGGGAGCTAAGTA-1_1_2"
"1270","CTGTGGGGTTACGCCG-1_1_2"
"1271","CTTACCGAGCGAATGC-1_1_2"
"1272","CTTACCGGTGCGGCTT-1_1_2"
"1273","CTTAGGAAGCTTACGT-1_1_2"
"1274","CTTAGGAGTTGGCCGT-1_1_2"
"1275","CTTAGGATCATCACAG-1_1_2"
"1276","CTTAGGATCCAGTACA-1_1_2"
"1277","CTTCAATAGGCCTTCG-1_1_2"
"1278","CTTCAATGTTGCAACT-1_1_2"
"1279","CTTCCGAGTAGCTTGT-1_1_2"
"1280","CTTCCGATCAAACGAA-1_1_2"
"1281","CTTCCGATCGTGGACC-1_1_2"
"1282","CTTCCTTAGAGAGCGG-1_1_2"
"1283","CTTCCTTCACTCACTC-1_1_2"
"1284","CTTCCTTTCGGAGCAA-1_1_2"
"1285","CTTCGGTAGATGAACT-1_1_2"
"1286","CTTCGGTAGGAAAGAC-1_1_2"
"1287","CTTCGGTGTTCCAGGC-1_1_2"
"1288","CTTCTAAAGTGCAGCA-1_1_2"
"1289","CTTCTAAAGTTAACAG-1_1_2"
"1290","CTTCTCTCAGGACTTT-1_1_2"
"1291","CTTGAGACAAGCGCTC-1_1_2"
"1292","CTTGAGAGTGAACCGA-1_1_2"
"1293","CTTGAGAGTTGGTACT-1_1_2"
"1294","CTTGATTAGAACTTCC-1_1_2"
"1295","CTTTCGGCATCGATAC-1_1_2"
"1296","CTTTCGGGTACGTGAG-1_1_2"
"1297","CTTTCGGTCATTCATC-1_1_2"
"1298","GAAACCTTCCATACAG-1_1_2"
"1299","GAAATGAGTGAGCCAA-1_1_2"
"1300","GAACACTAGATGCTGG-1_1_2"
"1301","GAACACTAGTGGACTG-1_1_2"
"1302","GAACACTTCGTTCTCG-1_1_2"
"1303","GAACGTTCACTTTATC-1_1_2"
"1304","GAACGTTGTACAAAGT-1_1_2"
"1305","GAACTGTGTGGTTTAC-1_1_2"
"1306","GAACTGTTCCTTATGT-1_1_2"
"1307","GAAGAATGTAGTACGG-1_1_2"
"1308","GAAGAATGTGCCTTCT-1_1_2"
"1309","GAAGCCCGTCGCACGT-1_1_2"
"1310","GAAGCCCGTTCCGCGA-1_1_2"
"1311","GAAGCCCTCCTCTAGC-1_1_2"
"1312","GAAGCGACACATTACG-1_1_2"
"1313","GAAGCGAGTTTGGCTA-1_1_2"
"1314","GAAGCGATCATTCATC-1_1_2"
"1315","GAAGCGATCTCATGCC-1_1_2"
"1316","GAAGGACAGGAGCAAA-1_1_2"
"1317","GAAGGACCAGGGTCTC-1_1_2"
"1318","GAAGGACTCAAGCCTA-1_1_2"
"1319","GAAGGACTCAGGAAGC-1_1_2"
"1320","GAAGGACTCATTTACC-1_1_2"
"1321","GAAGGGTAGCCTGCCA-1_1_2"
"1322","GAAGGGTGTAGTTACC-1_1_2"
"1323","GAAGGGTTCTGTCTCG-1_1_2"
"1324","GAAGTAAAGACCCTTA-1_1_2"
"1325","GAAGTAAAGGACAGCT-1_1_2"
"1326","GAAGTAACAAATGATG-1_1_2"
"1327","GAAGTAACAGCGCGTT-1_1_2"
"1328","GAAGTAAGTTTGTTCT-1_1_2"
"1329","GAAGTAATCGGCGATC-1_1_2"
"1330","GAATAGAGTACAGAAT-1_1_2"
"1331","GAATAGAGTTTCGATG-1_1_2"
"1332","GAATCACAGCTAAATG-1_1_2"
"1333","GAATCACAGTAAACGT-1_1_2"
"1334","GAATCACTCGGTCGGT-1_1_2"
"1335","GAATCGTAGAGCCGAT-1_1_2"
"1336","GAATCGTCAAGCCCAC-1_1_2"
"1337","GAATCGTGTCCCGCAA-1_1_2"
"1338","GAATCGTGTGTCTCCT-1_1_2"
"1339","GAATCGTTCGACGCTG-1_1_2"
"1340","GACACGCAGGCCTAAG-1_1_2"
"1341","GACACGCCATAGATCC-1_1_2"
"1342","GACAGCCCACATTCGA-1_1_2"
"1343","GACATCACAGCTCTGG-1_1_2"
"1344","GACATCAGTCCCGCAA-1_1_2"
"1345","GACATCATCATTTGCT-1_1_2"
"1346","GACCAATCACCCTGAG-1_1_2"
"1347","GACCAATGTCAAGTTC-1_1_2"
"1348","GACCAATGTGCTGCAC-1_1_2"
"1349","GACCCTTCAGGTGAGT-1_1_2"
"1350","GACCCTTCATTCCTAT-1_1_2"
"1351","GACCCTTGTTGTGCCG-1_1_2"
"1352","GACCGTGAGTTTGCTG-1_1_2"
"1353","GACCTTCCAAGACCGA-1_1_2"
"1354","GACCTTCCACCCTTAC-1_1_2"
"1355","GACGCTGAGTAAACTG-1_1_2"
"1356","GACGCTGTCACCCTCA-1_1_2"
"1357","GACGCTGTCAGGACGA-1_1_2"
"1358","GACGCTGTCCCGAATA-1_1_2"
"1359","GACGCTGTCTCAGAAC-1_1_2"
"1360","GACGCTGTCTGTTCAT-1_1_2"
"1361","GACTATGAGAGCAACC-1_1_2"
"1362","GACTATGAGATGAAGG-1_1_2"
"1363","GACTATGTCTGAGTCA-1_1_2"
"1364","GACTCTCAGATTAGCA-1_1_2"
"1365","GACTCTCCAGCATGCC-1_1_2"
"1366","GACTCTCGTATGGGAC-1_1_2"
"1367","GACTCTCGTGCCAAGA-1_1_2"
"1368","GACTGATAGATACGAT-1_1_2"
"1369","GACTGATGTAGCTGTT-1_1_2"
"1370","GACTGATTCATGCGGC-1_1_2"
"1371","GACTGATTCCTACCGT-1_1_2"
"1372","GACTTCCCAAATCAGA-1_1_2"
"1373","GACTTCCCAAGTCATC-1_1_2"
"1374","GACTTCCGTACTCGCG-1_1_2"
"1375","GAGAAATCACCGAATT-1_1_2"
"1376","GAGAAATGTCCTTTGC-1_1_2"
"1377","GAGAAATGTTACCTGA-1_1_2"
"1378","GAGAAATTCAGCTTCC-1_1_2"
"1379","GAGAAATTCGCCACTT-1_1_2"
"1380","GAGACCCGTGAATTGA-1_1_2"
"1381","GAGACCCGTGGAAATT-1_1_2"
"1382","GAGACCCGTGGAACAC-1_1_2"
"1383","GAGACCCGTTCGTGCG-1_1_2"
"1384","GAGACTTAGGAAGTAG-1_1_2"
"1385","GAGACTTAGGAGCTGT-1_1_2"
"1386","GAGACTTTCGCCTTTG-1_1_2"
"1387","GAGAGGTAGAATCGTA-1_1_2"
"1388","GAGAGGTAGGTGCCAA-1_1_2"
"1389","GAGAGGTCACAGTCCG-1_1_2"
"1390","GAGAGGTCATAGTCGT-1_1_2"
"1391","GAGATGGAGGTTCCGC-1_1_2"
"1392","GAGATGGCAACAGCTT-1_1_2"
"1393","GAGATGGCATCACGGC-1_1_2"
"1394","GAGATGGTCAGCGCAC-1_1_2"
"1395","GAGATGGTCATCACTT-1_1_2"
"1396","GAGATGGTCATCCCGT-1_1_2"
"1397","GAGATGGTCCATAGAC-1_1_2"
"1398","GAGCCTGAGCTTCATG-1_1_2"
"1399","GAGCCTGGTGTTCCAA-1_1_2"
"1400","GAGCTGCAGAGAGCCT-1_1_2"
"1401","GAGCTGCAGCCAGACA-1_1_2"
"1402","GAGCTGCGTACTGCCG-1_1_2"
"1403","GAGCTGCTCTGCGGAC-1_1_2"
"1404","GAGGCAAAGAATTGCA-1_1_2"
"1405","GAGGCAACAATGGCAG-1_1_2"
"1406","GAGGCAACAGTGGGTA-1_1_2"
"1407","GAGGCAAGTAGACAAT-1_1_2"
"1408","GAGGCAAGTCCTACGG-1_1_2"
"1409","GAGGCAATCTCGGTAA-1_1_2"
"1410","GAGGCCTAGAAAGCGA-1_1_2"
"1411","GAGGCCTAGTAAGGGA-1_1_2"
"1412","GAGGCCTGTACTTGTG-1_1_2"
"1413","GAGGCCTGTGAGATCG-1_1_2"
"1414","GAGGCCTTCGCTAGCG-1_1_2"
"1415","GAGGGATCAAGTATCC-1_1_2"
"1416","GAGGGATGTGACTCGC-1_1_2"
"1417","GAGGGATTCCGCACTT-1_1_2"
"1418","GAGGGTAAGACTTCCA-1_1_2"
"1419","GAGGGTACACTCAGAT-1_1_2"
"1420","GAGGGTAGTCCAGTTA-1_1_2"
"1421","GAGGGTAGTGTATCCA-1_1_2"
"1422","GAGTCATAGATGCCGA-1_1_2"
"1423","GAGTCATAGCGACATG-1_1_2"
"1424","GAGTCATCAGCGAACA-1_1_2"
"1425","GAGTCTACAAGATTGA-1_1_2"
"1426","GAGTCTAGTGACTATC-1_1_2"
"1427","GAGTCTATCTTAAGGC-1_1_2"
"1428","GAGTGAGAGAGTAACT-1_1_2"
"1429","GAGTGAGGTATCTTCT-1_1_2"
"1430","GAGTGTTCAAGGTCTT-1_1_2"
"1431","GAGTGTTCAGCTATAC-1_1_2"
"1432","GAGTGTTGTGGGTCAA-1_1_2"
"1433","GAGTTACAGATACATG-1_1_2"
"1434","GAGTTGTTCCATAGAC-1_1_2"
"1435","GAGTTGTTCCGTAGGC-1_1_2"
"1436","GAGTTGTTCTGGAAGG-1_1_2"
"1437","GAGTTTGAGGTGATCG-1_1_2"
"1438","GAGTTTGCAAGGCGTA-1_1_2"
"1439","GATAGAAAGTGGATAT-1_1_2"
"1440","GATAGAAGTATACGGG-1_1_2"
"1441","GATAGAATCAGTAGGG-1_1_2"
"1442","GATAGCTCACAAATCC-1_1_2"
"1443","GATAGCTCAGACGGAT-1_1_2"
"1444","GATAGCTGTGCCTACG-1_1_2"
"1445","GATAGCTTCAAAGGAT-1_1_2"
"1446","GATCACAAGGTTCTTG-1_1_2"
"1447","GATCACAAGTTTCGAC-1_1_2"
"1448","GATCACATCCACTGAA-1_1_2"
"1449","GATCAGTAGTCATAGA-1_1_2"
"1450","GATCATGCATCTCATT-1_1_2"
"1451","GATCATGGTCACGTGC-1_1_2"
"1452","GATCATGGTCCCTGTT-1_1_2"
"1453","GATCATGTCGCCTCTA-1_1_2"
"1454","GATCCCTAGATTACCC-1_1_2"
"1455","GATCCCTAGCGACTTT-1_1_2"
"1456","GATCCCTCACAGCTTA-1_1_2"
"1457","GATCCCTCATCCGGCA-1_1_2"
"1458","GATCCCTTCTGCTCTG-1_1_2"
"1459","GATCGTAAGTAGCATA-1_1_2"
"1460","GATCGTACAGGCTTGC-1_1_2"
"1461","GATCGTAGTTAACCTG-1_1_2"
"1462","GATGAGGTCGCTGTTC-1_1_2"
"1463","GATGATCGTCTAATCG-1_1_2"
"1464","GATGATCTCGAGTGGA-1_1_2"
"1465","GATGCTACAGTATACC-1_1_2"
"1466","GATGCTAGTCAGACGA-1_1_2"
"1467","GATGGAGAGAAGCCAC-1_1_2"
"1468","GATGGAGCAGCTCATA-1_1_2"
"1469","GATGGAGCAGGATTCT-1_1_2"
"1470","GATGGAGTCACCTGGG-1_1_2"
"1471","GATGGAGTCGCTGATA-1_1_2"
"1472","GATGTTGAGATTGGGC-1_1_2"
"1473","GATGTTGGTCTCGACG-1_1_2"
"1474","GATTCGAAGCGATGAC-1_1_2"
"1475","GATTCGACATTACGGT-1_1_2"
"1476","GATTCGATCCGCATAA-1_1_2"
"1477","GATTCTTAGCTTAGTC-1_1_2"
"1478","GATTGGTAGACGCCCT-1_1_2"
"1479","GATTGGTAGATGGTAT-1_1_2"
"1480","GATTGGTTCTCTGACC-1_1_2"
"1481","GATTTCTGTGTAGCAG-1_1_2"
"1482","GCAACATCAAGCCATT-1_1_2"
"1483","GCAACATGTACTGACT-1_1_2"
"1484","GCAACATTCTCTCTAA-1_1_2"
"1485","GCAACCGAGTGCAACG-1_1_2"
"1486","GCAACCGTCTCTAAGG-1_1_2"
"1487","GCACATACAATGAAAC-1_1_2"
"1488","GCACATATCATTTACC-1_1_2"
"1489","GCACATATCCGTTGGG-1_1_2"
"1490","GCACGGTCATATAGCC-1_1_2"
"1491","GCACGTGAGGTAGATT-1_1_2"
"1492","GCACGTGGTTAGGCCC-1_1_2"
"1493","GCACTAAAGGGACAGG-1_1_2"
"1494","GCACTAATCCTGCTAC-1_1_2"
"1495","GCAGCCATCGCTCATC-1_1_2"
"1496","GCAGCTGAGGCTGAAC-1_1_2"
"1497","GCAGCTGGTACACGCC-1_1_2"
"1498","GCAGCTGTCACAGTGT-1_1_2"
"1499","GCAGCTGTCACTTTGT-1_1_2"
"1500","GCAGGCTAGGCTTTCA-1_1_2"
"1501","GCAGGCTTCGGAATTC-1_1_2"
"1502","GCAGGCTTCGTAGAGG-1_1_2"
"1503","GCATCGGGTGACAACG-1_1_2"
"1504","GCATCGGGTTCATCTT-1_1_2"
"1505","GCATCGGTCACCGGGT-1_1_2"
"1506","GCATCGGTCCTATGGA-1_1_2"
"1507","GCATCGGTCGGAGTAG-1_1_2"
"1508","GCATCTCGTCGCAGTC-1_1_2"
"1509","GCATCTCGTGATTCAC-1_1_2"
"1510","GCATGATAGAAGCGCT-1_1_2"
"1511","GCATGATAGCTAGATA-1_1_2"
"1512","GCATGATAGTGCCCGT-1_1_2"
"1513","GCCAACGCAAAGGAGA-1_1_2"
"1514","GCCAACGGTACAGAAT-1_1_2"
"1515","GCCAACGGTTAGGCTT-1_1_2"
"1516","GCCAACGTCGGACCAC-1_1_2"
"1517","GCCAGCAAGTAGAATC-1_1_2"
"1518","GCCAGCACACGCCACA-1_1_2"
"1519","GCCAGCAGTAGAGCTG-1_1_2"
"1520","GCCAGCAGTTGTATGC-1_1_2"
"1521","GCCAGCATCGGCATTA-1_1_2"
"1522","GCCAGGTCACTTTAGG-1_1_2"
"1523","GCCAGGTCATTGACTG-1_1_2"
"1524","GCCAGGTGTCATCCCT-1_1_2"
"1525","GCCAGGTGTGCTCGTG-1_1_2"
"1526","GCCAGTGAGTCATGAA-1_1_2"
"1527","GCCAGTGCACTGCTTC-1_1_2"
"1528","GCCAGTGCATCATTTC-1_1_2"
"1529","GCCATGGAGTCTTGGT-1_1_2"
"1530","GCCATGGTCATAGAGA-1_1_2"
"1531","GCCATTCAGAGGACTC-1_1_2"
"1532","GCCATTCCACCAGCTG-1_1_2"
"1533","GCCATTCGTGGTCCCA-1_1_2"
"1534","GCCATTCGTTACCTGA-1_1_2"
"1535","GCCATTCGTTCACGAT-1_1_2"
"1536","GCCCAGAAGCTCGACC-1_1_2"
"1537","GCCCAGACACCAGCCA-1_1_2"
"1538","GCCCAGATCAAGAAAC-1_1_2"
"1539","GCCCAGATCAAGCTTG-1_1_2"
"1540","GCCCAGATCGGCAGTC-1_1_2"
"1541","GCCCGAATCCCTTGGT-1_1_2"
"1542","GCCGATGAGCCAAGCA-1_1_2"
"1543","GCCGATGCACATGACT-1_1_2"
"1544","GCCGATGCACTTCATT-1_1_2"
"1545","GCCGATGGTCGGTAAG-1_1_2"
"1546","GCCGATGGTCGTTTCC-1_1_2"
"1547","GCCGTGAAGCAAGTCG-1_1_2"
"1548","GCCGTGACATGATGCT-1_1_2"
"1549","GCCGTGATCGATCCCT-1_1_2"
"1550","GCCTGTTAGGGCCTCT-1_1_2"
"1551","GCCTGTTGTCGTCAGC-1_1_2"
"1552","GCCTGTTGTGCTCTTC-1_1_2"
"1553","GCCTGTTTCAACGAGG-1_1_2"
"1554","GCCTGTTTCATTACGG-1_1_2"
"1555","GCGAGAACAAGTGTCT-1_1_2"
"1556","GCGAGAAGTTATGACC-1_1_2"
"1557","GCGAGAATCACATACG-1_1_2"
"1558","GCGATCGAGATTTGCC-1_1_2"
"1559","GCGATCGGTCGTGGAA-1_1_2"
"1560","GCGGAAAAGATGCTAA-1_1_2"
"1561","GCGGAAAAGCTGCGAA-1_1_2"
"1562","GCGGAAACACCCTAAA-1_1_2"
"1563","GCGGAAATCCAGCTCT-1_1_2"
"1564","GCGGATCAGTCACACT-1_1_2"
"1565","GCGGATCCACACGTGC-1_1_2"
"1566","GCGGATCGTAGCTTTG-1_1_2"
"1567","GCGGATCGTAGGTGCA-1_1_2"
"1568","GCGGATCGTGTCATGT-1_1_2"
"1569","GCGGATCTCGCCAGAC-1_1_2"
"1570","GCGTGCAAGGGCAGAG-1_1_2"
"1571","GCGTGCACAAGAGTAT-1_1_2"
"1572","GCGTGCACATTCACAG-1_1_2"
"1573","GCGTGCAGTACTCCCT-1_1_2"
"1574","GCGTGCAGTATTCTCT-1_1_2"
"1575","GCGTGCAGTTGTAGCT-1_1_2"
"1576","GCGTGCATCCGTAATG-1_1_2"
"1577","GCGTGCATCCGTGCGA-1_1_2"
"1578","GCGTTTCAGTAACAGT-1_1_2"
"1579","GCGTTTCCATCTAGAC-1_1_2"
"1580","GCGTTTCGTATCCTCC-1_1_2"
"1581","GCGTTTCTCGGAGCAA-1_1_2"
"1582","GCTACAATCCATGCAA-1_1_2"
"1583","GCTACCTAGCATCAAA-1_1_2"
"1584","GCTACCTAGTAACCGG-1_1_2"
"1585","GCTACCTGTAATACCC-1_1_2"
"1586","GCTCAAACAGCTGCCA-1_1_2"
"1587","GCTCAAACAGGAGGAG-1_1_2"
"1588","GCTCAAAGTACAGAAT-1_1_2"
"1589","GCTCAAAGTCGGCTAC-1_1_2"
"1590","GCTCAAAGTGCATTAC-1_1_2"
"1591","GCTGAATAGGGATGTC-1_1_2"
"1592","GCTGAATCATCTTAGG-1_1_2"
"1593","GCTGAATGTCTTCATT-1_1_2"
"1594","GCTGCAGTCTCAATCT-1_1_2"
"1595","GCTGGGTTCCACTGGG-1_1_2"
"1596","GCTGGGTTCTCTGAGA-1_1_2"
"1597","GCTTCACAGAGGACTC-1_1_2"
"1598","GCTTCACAGTAACAGT-1_1_2"
"1599","GCTTCACTCTGGTGCG-1_1_2"
"1600","GCTTCACTCTTCACAT-1_1_2"
"1601","GCTTGGGGTGTCATCA-1_1_2"
"1602","GCTTTCGTCCTACGAA-1_1_2"
"1603","GGAACCCAGTCGGGAT-1_1_2"
"1604","GGAACCCTCGTCTCAC-1_1_2"
"1605","GGAACCCTCTCATGCC-1_1_2"
"1606","GGAACCCTCTGGGCCA-1_1_2"
"1607","GGAAGTGAGAGCCGAT-1_1_2"
"1608","GGAAGTGCATCTAGAC-1_1_2"
"1609","GGAATCTCATCCGCGA-1_1_2"
"1610","GGAATCTGTGTCACAT-1_1_2"
"1611","GGAATGGTCCGGTTCT-1_1_2"
"1612","GGAATGGTCGAATCCA-1_1_2"
"1613","GGACGTCCAAAGGAGA-1_1_2"
"1614","GGACGTCCAAGAGTGC-1_1_2"
"1615","GGAGAACAGAGAGTTT-1_1_2"
"1616","GGAGAACTCGAATGCT-1_1_2"
"1617","GGAGATGAGCTAATGA-1_1_2"
"1618","GGAGATGCAGGAGGAG-1_1_2"
"1619","GGAGGTAAGCGTGCTC-1_1_2"
"1620","GGATCTAGTCAGATTC-1_1_2"
"1621","GGATGTTAGTTACTCG-1_1_2"
"1622","GGATGTTAGTTGCTCA-1_1_2"
"1623","GGATGTTGTGCCAAGA-1_1_2"
"1624","GGATGTTTCTCATGCC-1_1_2"
"1625","GGATGTTTCTCCTGCA-1_1_2"
"1626","GGCACGTCATGTTCGA-1_1_2"
"1627","GGCACGTCATTGAAAG-1_1_2"
"1628","GGCACGTGTTCTAAGC-1_1_2"
"1629","GGCAGTCTCCCAGCGA-1_1_2"
"1630","GGCAGTCTCTACCTTA-1_1_2"
"1631","GGCGTCAAGATAGGGA-1_1_2"
"1632","GGCGTCAAGATGTTGA-1_1_2"
"1633","GGCGTCACAGCTCTGG-1_1_2"
"1634","GGCGTCATCCTACACC-1_1_2"
"1635","GGCGTCATCTTTGCTA-1_1_2"
"1636","GGCTGTGCATGTTACG-1_1_2"
"1637","GGCTGTGTCATTCGTT-1_1_2"
"1638","GGCTTGGCAGTCGGAA-1_1_2"
"1639","GGCTTGGTCAAACTGC-1_1_2"
"1640","GGCTTTCCAATTGAAG-1_1_2"
"1641","GGCTTTCCATACCAGT-1_1_2"
"1642","GGCTTTCCATGGTACT-1_1_2"
"1643","GGCTTTCGTCGGTACC-1_1_2"
"1644","GGCTTTCTCACTGTCC-1_1_2"
"1645","GGCTTTCTCCCTTCCC-1_1_2"
"1646","GGCTTTCTCCGTTGAA-1_1_2"
"1647","GGGAAGTAGCACTCAT-1_1_2"
"1648","GGGACAACACGTACTA-1_1_2"
"1649","GGGACAAGTAATGCGG-1_1_2"
"1650","GGGACAATCGGCATCG-1_1_2"
"1651","GGGACAATCTCGAACA-1_1_2"
"1652","GGGACCTCATCTCGTC-1_1_2"
"1653","GGGACCTTCATACAGC-1_1_2"
"1654","GGGACTCAGGTGCCAA-1_1_2"
"1655","GGGACTCGTCCACGCA-1_1_2"
"1656","GGGACTCGTGATACCT-1_1_2"
"1657","GGGAGATAGTCATAGA-1_1_2"
"1658","GGGAGATCACTTCATT-1_1_2"
"1659","GGGAGATTCATCACTT-1_1_2"
"1660","GGGAGTAGTACTTGTG-1_1_2"
"1661","GGGATCCAGAGTGTGC-1_1_2"
"1662","GGGATCCGTTGCCGCA-1_1_2"
"1663","GGGATCCTCTAAGAAG-1_1_2"
"1664","GGGATGACACAGTACT-1_1_2"
"1665","GGGATGACAGGAGACT-1_1_2"
"1666","GGGCCATTCGTTCCCA-1_1_2"
"1667","GGGCCATTCTCCGAGG-1_1_2"
"1668","GGGCGTTAGAAGTCCG-1_1_2"
"1669","GGGCGTTCAATTGCTG-1_1_2"
"1670","GGGCTACAGTAGTCTC-1_1_2"
"1671","GGGCTACTCGCTCCTA-1_1_2"
"1672","GGGCTCAAGGAACGCT-1_1_2"
"1673","GGGCTCAGTGTGCTTA-1_1_2"
"1674","GGGCTCATCTGCCTGT-1_1_2"
"1675","GGGTAGAAGATCACTC-1_1_2"
"1676","GGGTAGAAGGTTCCAT-1_1_2"
"1677","GGGTAGAGTACACGCC-1_1_2"
"1678","GGGTAGATCAACGCTA-1_1_2"
"1679","GGGTAGATCAGAACCT-1_1_2"
"1680","GGGTATTAGGTCCCGT-1_1_2"
"1681","GGGTATTGTATCACGT-1_1_2"
"1682","GGGTATTGTCGTCATA-1_1_2"
"1683","GGGTATTGTTCATCTT-1_1_2"
"1684","GGGTATTGTTCCCACT-1_1_2"
"1685","GGGTCACAGGTTTACC-1_1_2"
"1686","GGGTCACGTAGTCGGA-1_1_2"
"1687","GGGTCACGTGTGGACA-1_1_2"
"1688","GGGTCTGAGATACCAA-1_1_2"
"1689","GGGTCTGTCTGTCTCG-1_1_2"
"1690","GGGTGAAAGTACCCTA-1_1_2"
"1691","GGGTGAACAGTCTCTC-1_1_2"
"1692","GGGTGAACATAGCTGT-1_1_2"
"1693","GGGTGAAGTCACATTG-1_1_2"
"1694","GGGTGAATCTATGCCC-1_1_2"
"1695","GGGTGTCGTTTACTGG-1_1_2"
"1696","GGGTTATAGCACTAGG-1_1_2"
"1697","GGGTTATCAATAGGGC-1_1_2"
"1698","GGGTTATCACCCTTAC-1_1_2"
"1699","GGGTTATCACCGTCTT-1_1_2"
"1700","GGGTTATGTACAAGTA-1_1_2"
"1701","GGGTTATGTAGTTCCA-1_1_2"
"1702","GGGTTATGTGTTCAGT-1_1_2"
"1703","GGGTTTAAGAGGTCAC-1_1_2"
"1704","GGGTTTACAATAACGA-1_1_2"
"1705","GGTAACTCATTCAGGT-1_1_2"
"1706","GGTAACTGTCATAAAG-1_1_2"
"1707","GGTAACTGTCGCACGT-1_1_2"
"1708","GGTAACTGTCTTCATT-1_1_2"
"1709","GGTAATCCAGTTAGAA-1_1_2"
"1710","GGTAGAGGTTCTCTCG-1_1_2"
"1711","GGTAGAGTCGAGAATA-1_1_2"
"1712","GGTCACGAGTGGCCTC-1_1_2"
"1713","GGTCACGCATCTTAGG-1_1_2"
"1714","GGTCACGTCATCCTAT-1_1_2"
"1715","GGTCTGGCACCTCTAC-1_1_2"
"1716","GGTGAAGGTTCCGCAG-1_1_2"
"1717","GGTGAAGTCAAGTTGC-1_1_2"
"1718","GGTGAAGTCAGAGTTC-1_1_2"
"1719","GGTGATTCAGTCGAGA-1_1_2"
"1720","GGTGATTGTTCGGCTG-1_1_2"
"1721","GGTGGCTAGGAACGAA-1_1_2"
"1722","GGTGTCGAGCTCCACG-1_1_2"
"1723","GGTGTCGAGGTTATAG-1_1_2"
"1724","GGTGTCGCACACCTTC-1_1_2"
"1725","GGTGTCGTCCTCTCGA-1_1_2"
"1726","GGTGTTAAGCAGCACA-1_1_2"
"1727","GGTGTTACACAAACGG-1_1_2"
"1728","GGTGTTACACATGAAA-1_1_2"
"1729","GGTGTTACACGGAAGT-1_1_2"
"1730","GGTGTTAGTATTTCCT-1_1_2"
"1731","GGTGTTATCCATCCGT-1_1_2"
"1732","GGTTAACAGGCGATAC-1_1_2"
"1733","GGTTAACTCACGTCCT-1_1_2"
"1734","GGTTCTCAGGTCGTAG-1_1_2"
"1735","GGTTCTCAGTCTTGGT-1_1_2"
"1736","GGTTCTCGTACGTTCA-1_1_2"
"1737","GGTTGTAAGATGGGCT-1_1_2"
"1738","GGTTGTACAGCGTGAA-1_1_2"
"1739","GGTTGTACATCGTCCT-1_1_2"
"1740","GTAACACAGACGTCCC-1_1_2"
"1741","GTAACACCAAACCGGA-1_1_2"
"1742","GTAACACTCCTGGTCT-1_1_2"
"1743","GTAACCAAGAAGTGTT-1_1_2"
"1744","GTAACCAAGCAATAGT-1_1_2"
"1745","GTAACCAGTAGCTAAA-1_1_2"
"1746","GTAACCAGTAGGCAAC-1_1_2"
"1747","GTAACCATCCCTAGGG-1_1_2"
"1748","GTAAGTCCAGCGGTCT-1_1_2"
"1749","GTAAGTCCATCCTTGC-1_1_2"
"1750","GTAAGTCTCTCTTAAC-1_1_2"
"1751","GTAATCGGTCATACCA-1_1_2"
"1752","GTAATCGTCCATAGGT-1_1_2"
"1753","GTAATGCAGATAACAC-1_1_2"
"1754","GTAATGCAGGAACTAT-1_1_2"
"1755","GTACAACAGCAATTAG-1_1_2"
"1756","GTACAGTGTGGACAGT-1_1_2"
"1757","GTACAGTTCATTGTGG-1_1_2"
"1758","GTAGAAAAGCCGTAAG-1_1_2"
"1759","GTAGAAAAGTAAAGCT-1_1_2"
"1760","GTAGAAACACTCACTC-1_1_2"
"1761","GTAGAAAGTCTAACTG-1_1_2"
"1762","GTAGAAAGTGGTCAAG-1_1_2"
"1763","GTAGAGGCAACATACC-1_1_2"
"1764","GTAGAGGGTACTCGAT-1_1_2"
"1765","GTAGAGGTCAAACTGC-1_1_2"
"1766","GTAGATCAGCGTGAGT-1_1_2"
"1767","GTAGATCCAAATTAGG-1_1_2"
"1768","GTAGATCGTGTTCATG-1_1_2"
"1769","GTAGATCTCTTACGGA-1_1_2"
"1770","GTAGATCTCTTTGCGC-1_1_2"
"1771","GTAGCTACAGAATGTA-1_1_2"
"1772","GTAGCTAGTCTAACTG-1_1_2"
"1773","GTAGGAGCAAAGGCGT-1_1_2"
"1774","GTAGGAGCAGCGTACC-1_1_2"
"1775","GTAGGAGCATCCTGTC-1_1_2"
"1776","GTAGGAGGTACTGCCG-1_1_2"
"1777","GTAGGAGGTCCGGTCA-1_1_2"
"1778","GTAGGAGTCAGCTGAT-1_1_2"
"1779","GTAGGTTGTGGTGATG-1_1_2"
"1780","GTAGGTTGTTTGCAGT-1_1_2"
"1781","GTAGGTTTCGCGCTGA-1_1_2"
"1782","GTAGTACGTAGGTAGC-1_1_2"
"1783","GTAGTACTCAGTGTGT-1_1_2"
"1784","GTATTGGTCTGAGGTT-1_1_2"
"1785","GTATTTCGTAGTGATA-1_1_2"
"1786","GTATTTCTCTTACCAT-1_1_2"
"1787","GTCAAACGTGGATCGA-1_1_2"
"1788","GTCAAACTCGTAGTCA-1_1_2"
"1789","GTCAAGTGTTTGCAGT-1_1_2"
"1790","GTCAAGTTCGTGCATA-1_1_2"
"1791","GTCACGGTCCGAAGGA-1_1_2"
"1792","GTCACTCAGGTACCTT-1_1_2"
"1793","GTCACTCAGTACGTCT-1_1_2"
"1794","GTCACTCAGTTGCCCG-1_1_2"
"1795","GTCACTCGTGAGATCG-1_1_2"
"1796","GTCACTCGTGATACTC-1_1_2"
"1797","GTCACTCGTTCGTAAC-1_1_2"
"1798","GTCAGCGTCCTTCTGG-1_1_2"
"1799","GTCATCCAGCGATGAC-1_1_2"
"1800","GTCATCCCAGCGACAA-1_1_2"
"1801","GTCATCCGTGATAGAT-1_1_2"
"1802","GTCATCCGTGCCGGTT-1_1_2"
"1803","GTCATGACAATACGCT-1_1_2"
"1804","GTCATGACAGGTCCCA-1_1_2"
"1805","GTCATGAGTGAGAACC-1_1_2"
"1806","GTCATGATCACTGATG-1_1_2"
"1807","GTCATTTCATTGGATC-1_1_2"
"1808","GTCCACTCACGACAAG-1_1_2"
"1809","GTCCCATGTCCAGCCA-1_1_2"
"1810","GTCCCATTCACCCTTG-1_1_2"
"1811","GTCCCATTCATGTCTT-1_1_2"
"1812","GTCCTCAGTGCACATT-1_1_2"
"1813","GTCCTCAGTTATTCTC-1_1_2"
"1814","GTCCTCATCAATGTCG-1_1_2"
"1815","GTCCTCATCGGATACT-1_1_2"
"1816","GTCGAATGTCACATTG-1_1_2"
"1817","GTCGCGACAAAGGCTG-1_1_2"
"1818","GTCGCGACACAATGCT-1_1_2"
"1819","GTCGCGACAGCAGTAG-1_1_2"
"1820","GTCGCGACAGTTAGGG-1_1_2"
"1821","GTCGCGAGTATGACAA-1_1_2"
"1822","GTCGCGAGTTGGGATG-1_1_2"
"1823","GTCGCGATCTGTCGTC-1_1_2"
"1824","GTCGTAAAGACCATAA-1_1_2"
"1825","GTCGTAAAGCGATGGT-1_1_2"
"1826","GTCGTAACACCCAAGC-1_1_2"
"1827","GTCGTAAGTTCTGACA-1_1_2"
"1828","GTCGTTCAGATGCAGC-1_1_2"
"1829","GTCGTTCCAAAGGATT-1_1_2"
"1830","GTCGTTCGTGGATGAC-1_1_2"
"1831","GTCGTTCTCCGTGCGA-1_1_2"
"1832","GTCTACCCACCCATAA-1_1_2"
"1833","GTCTACCTCCTTATGT-1_1_2"
"1834","GTCTAGACAGCAGTAG-1_1_2"
"1835","GTCTAGACATGGGAAC-1_1_2"
"1836","GTCTAGAGTAATTGGA-1_1_2"
"1837","GTCTAGAGTCGGTGTC-1_1_2"
"1838","GTCTAGATCACCGGGT-1_1_2"
"1839","GTCTCACAGCTGTGCC-1_1_2"
"1840","GTCTCACCAGCCTTCT-1_1_2"
"1841","GTCTCACGTGGAATGC-1_1_2"
"1842","GTCTGTCGTAATGCTC-1_1_2"
"1843","GTCTGTCTCAAGATAG-1_1_2"
"1844","GTCTGTCTCCCGAAAT-1_1_2"
"1845","GTCTTTAAGCGGTAGT-1_1_2"
"1846","GTGACGCAGTTGGAGC-1_1_2"
"1847","GTGACGCTCTTCGGAA-1_1_2"
"1848","GTGAGCCGTCTACGAT-1_1_2"
"1849","GTGAGCCTCACTCACC-1_1_2"
"1850","GTGAGGAAGACGACGT-1_1_2"
"1851","GTGAGGACATGGTGGA-1_1_2"
"1852","GTGAGTTAGTTGGGAC-1_1_2"
"1853","GTGCACGAGTCCTGCG-1_1_2"
"1854","GTGCACGAGTCGCGAA-1_1_2"
"1855","GTGCACGTCGTCCTTG-1_1_2"
"1856","GTGCAGCAGAGTCACG-1_1_2"
"1857","GTGCAGCTCATGCCCT-1_1_2"
"1858","GTGCGTGCAGAATGTA-1_1_2"
"1859","GTGCGTGCAGACGGAT-1_1_2"
"1860","GTGCGTGGTGCATTAC-1_1_2"
"1861","GTGCGTGTCGCGCTGA-1_1_2"
"1862","GTGCTGGGTCCACTTC-1_1_2"
"1863","GTGCTTCAGAGTCAGC-1_1_2"
"1864","GTGCTTCCAATTGCAC-1_1_2"
"1865","GTGCTTCGTGCGGATA-1_1_2"
"1866","GTGCTTCTCTGTTGGA-1_1_2"
"1867","GTGGAAGTCCGGACTG-1_1_2"
"1868","GTGGAGAAGGGTATAT-1_1_2"
"1869","GTGGAGACACCCATAA-1_1_2"
"1870","GTGGAGACATTGCAAC-1_1_2"
"1871","GTGGAGAGTTACGCCG-1_1_2"
"1872","GTGGAGATCACACGAT-1_1_2"
"1873","GTGGAGATCAGGTAAA-1_1_2"
"1874","GTGGAGATCCGTGTCT-1_1_2"
"1875","GTGGCGTGTTCAGCTA-1_1_2"
"1876","GTGGTTAAGGTTCCAT-1_1_2"
"1877","GTGTAACTCGCGTAGC-1_1_2"
"1878","GTGTCCTGTCAATCTG-1_1_2"
"1879","GTGTGGCAGGTTCAGG-1_1_2"
"1880","GTGTGGCCAATCTAGC-1_1_2"
"1881","GTGTGGCCAGGATCTT-1_1_2"
"1882","GTGTTAGCAGAGGACT-1_1_2"
"1883","GTGTTAGGTTGCCGAC-1_1_2"
"1884","GTGTTAGTCTACAGGT-1_1_2"
"1885","GTGTTCCAGAGAAGGT-1_1_2"
"1886","GTGTTCCCATGAATAG-1_1_2"
"1887","GTGTTCCCATGACGAG-1_1_2"
"1888","GTGTTCCGTCACCGAC-1_1_2"
"1889","GTTACCCAGCCGAATG-1_1_2"
"1890","GTTACCCGTCGTCAGC-1_1_2"
"1891","GTTACGAAGGGTAGCT-1_1_2"
"1892","GTTACGACAACCGTAT-1_1_2"
"1893","GTTACGATCAAGCGTT-1_1_2"
"1894","GTTAGACAGCAACAGC-1_1_2"
"1895","GTTAGACAGTAAGACT-1_1_2"
"1896","GTTAGACCATACAGAA-1_1_2"
"1897","GTTAGACGTTAGGCCC-1_1_2"
"1898","GTTAGACTCCGATCTC-1_1_2"
"1899","GTTAGTGAGAAACCCG-1_1_2"
"1900","GTTAGTGAGTCCGTCG-1_1_2"
"1901","GTTAGTGCAGGTACGA-1_1_2"
"1902","GTTATGGCATGACGAG-1_1_2"
"1903","GTTCATTTCCGAGAAG-1_1_2"
"1904","GTTCATTTCCGTGGGT-1_1_2"
"1905","GTTCCGTCATCGATCA-1_1_2"
"1906","GTTCCGTTCCCTCAAC-1_1_2"
"1907","GTTCGCTAGCATGCAG-1_1_2"
"1908","GTTCGCTGTCTTAGTG-1_1_2"
"1909","GTTCTATCACGAAGAC-1_1_2"
"1910","GTTCTATGTGGCCTCA-1_1_2"
"1911","GTTGAACAGCGTCTCG-1_1_2"
"1912","GTTGAACCAAGTGCAG-1_1_2"
"1913","GTTGAACCAGGCATGA-1_1_2"
"1914","GTTGAACGTACGATTC-1_1_2"
"1915","GTTGAACGTGGATTTC-1_1_2"
"1916","GTTGAACTCAAAGCCT-1_1_2"
"1917","GTTGAACTCCTCACGT-1_1_2"
"1918","GTTGCGGAGGACACTG-1_1_2"
"1919","GTTGCTCAGACCACGA-1_1_2"
"1920","GTTGCTCTCTATACGG-1_1_2"
"1921","GTTGTAGAGATAGCTA-1_1_2"
"1922","GTTGTAGCAAGACCGA-1_1_2"
"1923","GTTGTAGTCAGGTAAA-1_1_2"
"1924","GTTGTAGTCATCGCCT-1_1_2"
"1925","GTTGTCCCATTCCTAT-1_1_2"
"1926","GTTGTCCGTACCTGTA-1_1_2"
"1927","GTTGTCCTCAAAGCCT-1_1_2"
"1928","GTTGTCCTCTCGACGG-1_1_2"
"1929","GTTGTGAAGAGTGAAG-1_1_2"
"1930","GTTGTGAGTAGCACGA-1_1_2"
"1931","GTTGTGAGTGTCCAAT-1_1_2"
"1932","GTTTACTAGGCCCACT-1_1_2"
"1933","GTTTACTAGTGGTGAC-1_1_2"
"1934","GTTTACTGTCAGACTT-1_1_2"
"1935","GTTTACTTCAATCCAG-1_1_2"
"1936","TAACACGAGCTCGAAG-1_1_2"
"1937","TAACACGGTAATCAGA-1_1_2"
"1938","TAACACGTCTCGTGGG-1_1_2"
"1939","TAACCAGGTACGCGTC-1_1_2"
"1940","TAACCAGTCCGGCTTT-1_1_2"
"1941","TAACCAGTCGATACGT-1_1_2"
"1942","TAACGACAGCCAGAGT-1_1_2"
"1943","TAACGACAGCTTGTTG-1_1_2"
"1944","TAACGACCACGGCCAT-1_1_2"
"1945","TAACGACCAGGCACTC-1_1_2"
"1946","TAACGACGTCGTTGCG-1_1_2"
"1947","TAACGACGTTAACCTG-1_1_2"
"1948","TAACGACTCAAACGAA-1_1_2"
"1949","TAACTTCAGACATGCG-1_1_2"
"1950","TAACTTCAGTCTTCGA-1_1_2"
"1951","TAACTTCGTTCGAACT-1_1_2"
"1952","TAACTTCTCGTCCTTG-1_1_2"
"1953","TAAGCACAGCTAGATA-1_1_2"
"1954","TAAGCACAGGATTTAG-1_1_2"
"1955","TAAGCACCAAACCATC-1_1_2"
"1956","TAAGCACGTCTCCTGT-1_1_2"
"1957","TAAGCCACATATGAAG-1_1_2"
"1958","TAAGCGTAGTTGCCCG-1_1_2"
"1959","TAAGTCGGTATGACAA-1_1_2"
"1960","TAATCTCAGATTGACA-1_1_2"
"1961","TAATCTCAGGCTAACG-1_1_2"
"1962","TAATCTCAGTAACGTA-1_1_2"
"1963","TAATCTCAGTTAGAAC-1_1_2"
"1964","TAATCTCTCCCGAAAT-1_1_2"
"1965","TAATTCCGTAATGTGA-1_1_2"
"1966","TAATTCCGTTTGCCGG-1_1_2"
"1967","TAATTCCTCTTCGATT-1_1_2"
"1968","TACAACGGTAGGGAGG-1_1_2"
"1969","TACAACGTCTGTCAGA-1_1_2"
"1970","TACACCCAGAAGCTCG-1_1_2"
"1971","TACACCCAGAAGGTAG-1_1_2"
"1972","TACACCCCAAGAAACT-1_1_2"
"1973","TACACCCGTTCTCCAC-1_1_2"
"1974","TACAGGTAGAAGTCAT-1_1_2"
"1975","TACATTCAGCACCGAA-1_1_2"
"1976","TACATTCTCGCCGAAC-1_1_2"
"1977","TACATTCTCGGAGTGA-1_1_2"
"1978","TACATTCTCTGTGTGA-1_1_2"
"1979","TACCCACAGGGCTTCC-1_1_2"
"1980","TACCCACCAGGTCAGA-1_1_2"
"1981","TACCCACTCGATTGGT-1_1_2"
"1982","TACCCGTCATGACAAA-1_1_2"
"1983","TACCCGTGTAAGATCA-1_1_2"
"1984","TACCCGTTCTGTCCCA-1_1_2"
"1985","TACCGAAAGCACTAGG-1_1_2"
"1986","TACCGAAAGCACTCCG-1_1_2"
"1987","TACCGAAAGGAACTAT-1_1_2"
"1988","TACCGAATCGTCTCAC-1_1_2"
"1989","TACCGGGGTCATATGC-1_1_2"
"1990","TACCGGGTCGGCGATC-1_1_2"
"1991","TACCTCGAGCCGCTTG-1_1_2"
"1992","TACCTCGCAACCGCTG-1_1_2"
"1993","TACCTCGGTACCTATG-1_1_2"
"1994","TACCTCGGTCGACGCT-1_1_2"
"1995","TACCTCGTCCTGGTCT-1_1_2"
"1996","TACCTGCCAAATGATG-1_1_2"
"1997","TACCTGCGTAGTCTGT-1_1_2"
"1998","TACCTGCGTCTGATCA-1_1_2"
"1999","TACCTGCTCGACCATA-1_1_2"
"2000","TACGCTCCACTGCGTG-1_1_2"
"2001","TACGGGCAGCGTCGAA-1_1_2"
"2002","TACGGGCCACCGCTAG-1_1_2"
"2003","TACGGGCCATACTGTG-1_1_2"
"2004","TACGGGCGTATTGAGA-1_1_2"
"2005","TACGGTAAGATGTTGA-1_1_2"
"2006","TACGGTACAATAAGGT-1_1_2"
"2007","TACGGTAGTAACTTCG-1_1_2"
"2008","TACGTCCGTTGTATGC-1_1_2"
"2009","TACGTCCTCATGCCAA-1_1_2"
"2010","TACTGCCTCCGACGGT-1_1_2"
"2011","TACTTACCAATAGTGA-1_1_2"
"2012","TACTTACCACCTATCC-1_1_2"
"2013","TACTTACCATGACACT-1_1_2"
"2014","TACTTACGTACCTTCC-1_1_2"
"2015","TACTTACTCGTGGTAT-1_1_2"
"2016","TACTTACTCTGCTAGA-1_1_2"
"2017","TACTTCAAGCTAATCC-1_1_2"
"2018","TACTTCATCGTGCATA-1_1_2"
"2019","TACTTGTAGGATTTAG-1_1_2"
"2020","TACTTGTTCTAGTGAC-1_1_2"
"2021","TAGACCAGTCCATCTC-1_1_2"
"2022","TAGACTGAGAAGCCAC-1_1_2"
"2023","TAGACTGGTCATACCA-1_1_2"
"2024","TAGACTGGTTCTCGTC-1_1_2"
"2025","TAGAGTCCAGCGCGTT-1_1_2"
"2026","TAGAGTCCAGGTTCCG-1_1_2"
"2027","TAGATCGAGAGGTGCT-1_1_2"
"2028","TAGATCGAGCGCTGAA-1_1_2"
"2029","TAGATCGTCAGCACCG-1_1_2"
"2030","TAGCACAAGTTCCGGC-1_1_2"
"2031","TAGCACAGTGAGATTA-1_1_2"
"2032","TAGCACATCAAGCCGC-1_1_2"
"2033","TAGGAGGCACCAACAT-1_1_2"
"2034","TAGGTACCAACCAATC-1_1_2"
"2035","TAGGTTGCATCAGCGC-1_1_2"
"2036","TAGTGCAGTAGTGATA-1_1_2"
"2037","TATACCTAGTCATCGT-1_1_2"
"2038","TATACCTCAGTTACCA-1_1_2"
"2039","TATACCTCATATCTCT-1_1_2"
"2040","TATACCTGTGGCCACT-1_1_2"
"2041","TATACCTTCATCGTAG-1_1_2"
"2042","TATACCTTCGACCTAA-1_1_2"
"2043","TATATCCCAGTTGCGC-1_1_2"
"2044","TATCAGGAGCGTCAAG-1_1_2"
"2045","TATCAGGGTCTGATCA-1_1_2"
"2046","TATCAGGGTGTCTCCT-1_1_2"
"2047","TATCAGGTCGCAGATT-1_1_2"
"2048","TATCCTAAGTAAACTG-1_1_2"
"2049","TATCCTACATACACCA-1_1_2"
"2050","TATCGCCGTAGCGTCC-1_1_2"
"2051","TATCGCCTCAAGCCAT-1_1_2"
"2052","TATCGCCTCTCGTCGT-1_1_2"
"2053","TATCTGTCAACAAGAT-1_1_2"
"2054","TATCTGTGTGAACGGT-1_1_2"
"2055","TATCTGTTCTTGGGCG-1_1_2"
"2056","TATCTTGAGCGAATGC-1_1_2"
"2057","TATCTTGCAAAGCTAA-1_1_2"
"2058","TATCTTGCAAGGGCAT-1_1_2"
"2059","TATCTTGTCATGGGAG-1_1_2"
"2060","TATCTTGTCGGCAGTC-1_1_2"
"2061","TATGTTCAGGTTACAA-1_1_2"
"2062","TATGTTCCAGGCGAAT-1_1_2"
"2063","TATTCCAGTAGCTTTG-1_1_2"
"2064","TATTCCAGTCGACTGC-1_1_2"
"2065","TATTCCAGTCGTTGCG-1_1_2"
"2066","TATTCCAGTGAGCAGT-1_1_2"
"2067","TATTGCTCATCCTAAG-1_1_2"
"2068","TATTGCTGTGTATCCA-1_1_2"
"2069","TATTGCTGTGTTACAC-1_1_2"
"2070","TATTGCTGTTCAGCTA-1_1_2"
"2071","TATTGGGCACCTGCGA-1_1_2"
"2072","TATTGGGTCAGGTAAA-1_1_2"
"2073","TATTGGGTCGCGCTGA-1_1_2"
"2074","TATTGGGTCTGGGATT-1_1_2"
"2075","TATTTCGGTATCGTAC-1_1_2"
"2076","TATTTCGGTCAAGTTC-1_1_2"
"2077","TATTTCGTCCGTGCGA-1_1_2"
"2078","TATTTCGTCGATTTCT-1_1_2"
"2079","TCAAGACCAAGTTCCA-1_1_2"
"2080","TCAAGACCAGCTATAC-1_1_2"
"2081","TCAAGACGTCACTAGT-1_1_2"
"2082","TCAAGACGTGACTATC-1_1_2"
"2083","TCAAGACGTGATTAGA-1_1_2"
"2084","TCAAGCACAATTGCGT-1_1_2"
"2085","TCAAGTGTCACTGGTA-1_1_2"
"2086","TCAATCTCACGAGGTA-1_1_2"
"2087","TCAATTCAGTTGAAAC-1_1_2"
"2088","TCAATTCCAGACGCTC-1_1_2"
"2089","TCAATTCGTTTACACG-1_1_2"
"2090","TCAATTCTCATCGTAG-1_1_2"
"2091","TCACAAGAGTGAATAC-1_1_2"
"2092","TCACAAGCATGACTAC-1_1_2"
"2093","TCACAAGGTAGCACAG-1_1_2"
"2094","TCACACCCAAAGCGTG-1_1_2"
"2095","TCACACCGTCATATGC-1_1_2"
"2096","TCACACCGTTCACGAT-1_1_2"
"2097","TCACGCTGTGTGTACT-1_1_2"
"2098","TCACTATAGCTAGCCC-1_1_2"
"2099","TCACTATCATACAGAA-1_1_2"
"2100","TCACTCGCACCCTTAC-1_1_2"
"2101","TCACTCGGTATCAAGA-1_1_2"
"2102","TCAGCAAAGAGAGTTT-1_1_2"
"2103","TCAGCAAAGTCTACCA-1_1_2"
"2104","TCAGCAACAATCCTAG-1_1_2"
"2105","TCAGCCTGTTGTCTAG-1_1_2"
"2106","TCAGGGCAGTACTGTC-1_1_2"
"2107","TCAGGGCAGTTATGGA-1_1_2"
"2108","TCAGGGCCATAGGCGA-1_1_2"
"2109","TCAGGGCTCCAGCAAT-1_1_2"
"2110","TCAGTCCGTTAGGCTT-1_1_2"
"2111","TCAGTGACACGCTATA-1_1_2"
"2112","TCAGTTTAGCAAGTGC-1_1_2"
"2113","TCAGTTTAGGGCAGGA-1_1_2"
"2114","TCAGTTTCATGGTGGA-1_1_2"
"2115","TCAGTTTTCTGTCAGA-1_1_2"
"2116","TCATATCAGTCTCGTA-1_1_2"
"2117","TCATATCAGTTTGCTG-1_1_2"
"2118","TCATATCTCCTTCAGC-1_1_2"
"2119","TCATATCTCTCTATAC-1_1_2"
"2120","TCATGAGGTAGATCGG-1_1_2"
"2121","TCATGAGGTGGTTCTA-1_1_2"
"2122","TCATGAGTCACCGCTT-1_1_2"
"2123","TCATGCCAGCACCAGA-1_1_2"
"2124","TCATGCCCAATACGAA-1_1_2"
"2125","TCATGCCGTTATGGTC-1_1_2"
"2126","TCATGGATCATTGAGC-1_1_2"
"2127","TCATGGATCCTGTAAG-1_1_2"
"2128","TCATGGATCTTGCAAG-1_1_2"
"2129","TCATGTTAGACATGCG-1_1_2"
"2130","TCATGTTAGTCCCGAC-1_1_2"
"2131","TCATGTTGTAGACTGG-1_1_2"
"2132","TCATGTTTCATGTCAG-1_1_2"
"2133","TCATTACAGTGTTCCA-1_1_2"
"2134","TCATTCAAGCTTCTAG-1_1_2"
"2135","TCATTCACAATTGCAC-1_1_2"
"2136","TCATTGTAGATTGGGC-1_1_2"
"2137","TCATTGTCAACACGAG-1_1_2"
"2138","TCATTGTCAAGTTCGT-1_1_2"
"2139","TCATTGTTCCATCACC-1_1_2"
"2140","TCATTGTTCGGCTGAC-1_1_2"
"2141","TCATTTGAGTCAGCGA-1_1_2"
"2142","TCCACCAAGAGTTGAT-1_1_2"
"2143","TCCACCATCACAGTGT-1_1_2"
"2144","TCCACCATCTCTCGCA-1_1_2"
"2145","TCCACGTGTGCAAGAC-1_1_2"
"2146","TCCACGTGTGGAGGTT-1_1_2"
"2147","TCCACGTTCGCTTTAT-1_1_2"
"2148","TCCACGTTCTTACGTT-1_1_2"
"2149","TCCAGAAAGACCGTTT-1_1_2"
"2150","TCCAGAACAATTGGTC-1_1_2"
"2151","TCCAGAATCCACGTAA-1_1_2"
"2152","TCCCACAAGATTGGGC-1_1_2"
"2153","TCCCACAAGGCTTTCA-1_1_2"
"2154","TCCCACAGTAACAAGT-1_1_2"
"2155","TCCCACATCGAGCCAC-1_1_2"
"2156","TCCCACATCGCTTGAA-1_1_2"
"2157","TCCCAGTCAAGGATGC-1_1_2"
"2158","TCCCAGTCACATAACC-1_1_2"
"2159","TCCCAGTGTACCCGAC-1_1_2"
"2160","TCCCAGTGTAGCTTGT-1_1_2"
"2161","TCCCAGTTCATTCACT-1_1_2"
"2162","TCCCATGAGCCGTTAT-1_1_2"
"2163","TCCCATGAGCTATCTG-1_1_2"
"2164","TCCGATCGTTGCATAC-1_1_2"
"2165","TCCGATCTCTTCTGTA-1_1_2"
"2166","TCCGTGTTCGAGAACG-1_1_2"
"2167","TCCTAATAGTGGCCTC-1_1_2"
"2168","TCCTAATGTCGCATCG-1_1_2"
"2169","TCCTAATGTGAATATG-1_1_2"
"2170","TCCTCCCTCGCTAGCG-1_1_2"
"2171","TCCTCGACAAGGCAAC-1_1_2"
"2172","TCCTCTTCAGACGGAT-1_1_2"
"2173","TCCTCTTTCGGCTATA-1_1_2"
"2174","TCCTGCAAGCCTATTG-1_1_2"
"2175","TCCTGCACACCGTCGA-1_1_2"
"2176","TCCTTCTCAGCGCTTG-1_1_2"
"2177","TCCTTCTCATGACGGA-1_1_2"
"2178","TCCTTTCAGAGCTGCA-1_1_2"
"2179","TCCTTTCAGTAGGAAG-1_1_2"
"2180","TCCTTTCAGTGGTTCT-1_1_2"
"2181","TCCTTTCTCCCAAGCG-1_1_2"
"2182","TCCTTTCTCGTCACCT-1_1_2"
"2183","TCGAACACAGTCGCTG-1_1_2"
"2184","TCGAAGTAGAGAGGTA-1_1_2"
"2185","TCGAAGTGTCTAACTG-1_1_2"
"2186","TCGACCTTCGCAGTCG-1_1_2"
"2187","TCGACGGAGCATGCGA-1_1_2"
"2188","TCGACGGGTGGACTAG-1_1_2"
"2189","TCGACGGTCATTCTTG-1_1_2"
"2190","TCGATTTGTAATGATG-1_1_2"
"2191","TCGATTTGTCGATTTG-1_1_2"
"2192","TCGATTTGTGTAGCAG-1_1_2"
"2193","TCGATTTGTTTGCCGG-1_1_2"
"2194","TCGATTTTCCATTTAC-1_1_2"
"2195","TCGATTTTCTATACTC-1_1_2"
"2196","TCGCACTAGATCGCTT-1_1_2"
"2197","TCGCACTAGCAAGCCA-1_1_2"
"2198","TCGCACTGTGGCTGAA-1_1_2"
"2199","TCGCACTGTTCGTGCG-1_1_2"
"2200","TCGCAGGTCCATTGTT-1_1_2"
"2201","TCGCAGGTCGAAGGAC-1_1_2"
"2202","TCGCTCACAGAAGTTA-1_1_2"
"2203","TCGCTCATCCCGAGAC-1_1_2"
"2204","TCGCTTGAGCCTAGGA-1_1_2"
"2205","TCGCTTGCAGCGTGCT-1_1_2"
"2206","TCGCTTGTCCTGGCTT-1_1_2"
"2207","TCGGGACAGGGATCAC-1_1_2"
"2208","TCGGGACAGGGTAATT-1_1_2"
"2209","TCGGGACCAGTCTACA-1_1_2"
"2210","TCGGGACGTACAGTAA-1_1_2"
"2211","TCGGGACGTGCAATAA-1_1_2"
"2212","TCGGGACTCACACCGG-1_1_2"
"2213","TCGGGACTCTGACGCG-1_1_2"
"2214","TCGGGCAAGCGTGCCT-1_1_2"
"2215","TCGGGCAGTCCTTGTC-1_1_2"
"2216","TCGGGCATCCTGTAAG-1_1_2"
"2217","TCGGGTGAGCCTATTG-1_1_2"
"2218","TCGGGTGAGTTCCATG-1_1_2"
"2219","TCGGGTGCAATACCTG-1_1_2"
"2220","TCGGTCTCACAAGCCC-1_1_2"
"2221","TCGGTCTCAGCACCCA-1_1_2"
"2222","TCGGTCTCAGGTCAAG-1_1_2"
"2223","TCGGTCTCATCTTAGG-1_1_2"
"2224","TCGGTCTTCCCTCATG-1_1_2"
"2225","TCGTAGAAGCTACAAA-1_1_2"
"2226","TCGTAGACATCGGAAG-1_1_2"
"2227","TCGTCCAAGTGAGGCT-1_1_2"
"2228","TCGTGCTCAGGGATAC-1_1_2"
"2229","TCGTGCTTCCTAGAGT-1_1_2"
"2230","TCGTGGGCACGTACAT-1_1_2"
"2231","TCGTGGGTCACTTGGA-1_1_2"
"2232","TCTAACTAGCTAAGTA-1_1_2"
"2233","TCTAACTCAAAGGTTA-1_1_2"
"2234","TCTAACTTCATAGACC-1_1_2"
"2235","TCTACATAGCTCGAAG-1_1_2"
"2236","TCTACATCAGAGTCTT-1_1_2"
"2237","TCTACATTCAAGGACG-1_1_2"
"2238","TCTACATTCGTTCAGA-1_1_2"
"2239","TCTACCGGTAGCGCTC-1_1_2"
"2240","TCTACCGGTATTGGCT-1_1_2"
"2241","TCTATACAGTAGTCCT-1_1_2"
"2242","TCTATACCACTAACGT-1_1_2"
"2243","TCTATACGTGCATACT-1_1_2"
"2244","TCTATACTCATTGCTT-1_1_2"
"2245","TCTATACTCCCAGGAC-1_1_2"
"2246","TCTATCAAGCTTAGTC-1_1_2"
"2247","TCTATCACAGAGGCTA-1_1_2"
"2248","TCTATCATCGACGTCG-1_1_2"
"2249","TCTATCATCGCCAACG-1_1_2"
"2250","TCTCACGAGGCCTAGA-1_1_2"
"2251","TCTCACGAGTAGTCTC-1_1_2"
"2252","TCTCACGCACAAGCTT-1_1_2"
"2253","TCTCACGCAGACCCGT-1_1_2"
"2254","TCTCACGCAGCCTATA-1_1_2"
"2255","TCTCAGCAGGGAGTGG-1_1_2"
"2256","TCTCAGCGTGTTGCCG-1_1_2"
"2257","TCTCAGCTCTGCTTTA-1_1_2"
"2258","TCTCCGAAGCACAAAT-1_1_2"
"2259","TCTCCGAAGGCGACAT-1_1_2"
"2260","TCTCCGAGTTGGCCGT-1_1_2"
"2261","TCTCCGATCTCTCCGA-1_1_2"
"2262","TCTCTGGAGCCGTAAG-1_1_2"
"2263","TCTCTGGGTGACTCTA-1_1_2"
"2264","TCTCTGGGTTGCATTG-1_1_2"
"2265","TCTCTGGTCATGAGTC-1_1_2"
"2266","TCTGCCAGTATTCCGA-1_1_2"
"2267","TCTGGCTAGCATGGGT-1_1_2"
"2268","TCTGGCTAGGGAGTGG-1_1_2"
"2269","TCTGGCTGTGGCGCTT-1_1_2"
"2270","TCTGTCGAGCGGATCA-1_1_2"
"2271","TCTGTCGAGCTAGTTC-1_1_2"
"2272","TCTGTCGCAAAGACGC-1_1_2"
"2273","TCTGTCGGTCTGATAC-1_1_2"
"2274","TCTGTCGTCAGGACGA-1_1_2"
"2275","TCTTAGTCAGAGGTAC-1_1_2"
"2276","TCTTAGTGTACAGTCT-1_1_2"
"2277","TCTTAGTGTACGGATG-1_1_2"
"2278","TCTTAGTGTCCGAAGA-1_1_2"
"2279","TCTTAGTTCGACGTCG-1_1_2"
"2280","TCTTCCTAGTGCCAGA-1_1_2"
"2281","TCTTCCTTCATGCCGG-1_1_2"
"2282","TCTTGCGAGCCTGAAG-1_1_2"
"2283","TCTTGCGAGGTAGACC-1_1_2"
"2284","TCTTGCGGTTGATGTC-1_1_2"
"2285","TCTTTGAAGATAGGGA-1_1_2"
"2286","TCTTTGAAGTCCGCGT-1_1_2"
"2287","TCTTTGACAGGTCTCG-1_1_2"
"2288","TCTTTGACAGTATTCG-1_1_2"
"2289","TGAACGTAGACTTCAC-1_1_2"
"2290","TGAACGTCACGGTCTG-1_1_2"
"2291","TGAACGTCAGTTGAAA-1_1_2"
"2292","TGAACGTTCTAGGCCG-1_1_2"
"2293","TGAATGCAGTGGTTCT-1_1_2"
"2294","TGAATGCCAGAGGACT-1_1_2"
"2295","TGAATGCCATATACCG-1_1_2"
"2296","TGAATGCCATTGAAGA-1_1_2"
"2297","TGAATGCGTGTTAGCT-1_1_2"
"2298","TGAATGCGTTCGAAGG-1_1_2"
"2299","TGACAGTCACCCTAAA-1_1_2"
"2300","TGACAGTGTCTTTATC-1_1_2"
"2301","TGACAGTGTTCGCGTG-1_1_2"
"2302","TGACCCTAGTAATTGG-1_1_2"
"2303","TGACCCTGTAGCTGTT-1_1_2"
"2304","TGACCCTTCCTCTCTT-1_1_2"
"2305","TGACGCGAGGCTTAGG-1_1_2"
"2306","TGACTCCCAGGTAGTG-1_1_2"
"2307","TGACTCCCATTCCTCG-1_1_2"
"2308","TGACTCCTCCCAAGTA-1_1_2"
"2309","TGACTCCTCCGCTTAC-1_1_2"
"2310","TGAGACTTCGTGGGAA-1_1_2"
"2311","TGAGCATCAGTCCCGA-1_1_2"
"2312","TGAGCATTCTGGGCAC-1_1_2"
"2313","TGAGCGCAGGGTTAAT-1_1_2"
"2314","TGAGCGCGTATTCCTT-1_1_2"
"2315","TGAGCGCTCTTAAGGC-1_1_2"
"2316","TGAGGGAAGAAACCAT-1_1_2"
"2317","TGAGGTTAGGGTGAAA-1_1_2"
"2318","TGAGGTTAGTAGTGCG-1_1_2"
"2319","TGAGGTTCAACCTATG-1_1_2"
"2320","TGAGGTTGTTCCGTTC-1_1_2"
"2321","TGAGTCAAGAGTTGAT-1_1_2"
"2322","TGAGTCAAGTGGGAAA-1_1_2"
"2323","TGAGTCACAAACTGCT-1_1_2"
"2324","TGAGTCATCACTGTTT-1_1_2"
"2325","TGAGTCATCGTTGTAG-1_1_2"
"2326","TGAGTCATCTTCCGTG-1_1_2"
"2327","TGATCAGCACATGGTT-1_1_2"
"2328","TGATCAGCAGTCGGAA-1_1_2"
"2329","TGATCAGTCTTACCGC-1_1_2"
"2330","TGATCTTCACATAGCT-1_1_2"
"2331","TGATCTTTCGGTGTAT-1_1_2"
"2332","TGATCTTTCTTGTGCC-1_1_2"
"2333","TGATGCAGTTGTATGC-1_1_2"
"2334","TGATGCATCGCAAGAG-1_1_2"
"2335","TGATGGTGTTTGACAC-1_1_2"
"2336","TGATGGTTCGTCCATC-1_1_2"
"2337","TGATGGTTCTTGCGCT-1_1_2"
"2338","TGATTCTCACCGGTCA-1_1_2"
"2339","TGATTCTGTGAATGTA-1_1_2"
"2340","TGATTCTTCAGGACAG-1_1_2"
"2341","TGATTTCAGGTCGTGA-1_1_2"
"2342","TGATTTCAGGTGCCAA-1_1_2"
"2343","TGATTTCCACACGTGC-1_1_2"
"2344","TGATTTCCACGTAGAG-1_1_2"
"2345","TGATTTCTCCATTGCC-1_1_2"
"2346","TGATTTCTCCCAACTC-1_1_2"
"2347","TGATTTCTCCGTTGGG-1_1_2"
"2348","TGATTTCTCTCGAGTA-1_1_2"
"2349","TGCACGGCACATTACG-1_1_2"
"2350","TGCACGGCAGCACCCA-1_1_2"
"2351","TGCACGGGTGTTAAAG-1_1_2"
"2352","TGCACGGTCATCAGTG-1_1_2"
"2353","TGCACGGTCGAGAACG-1_1_2"
"2354","TGCAGATCACACACGC-1_1_2"
"2355","TGCAGATTCCGGACGT-1_1_2"
"2356","TGCAGATTCGCTCCTA-1_1_2"
"2357","TGCAGGCAGGTCCTGC-1_1_2"
"2358","TGCAGGCCATGAGAAT-1_1_2"
"2359","TGCAGGCTCAAATGAG-1_1_2"
"2360","TGCAGGCTCTCACCCA-1_1_2"
"2361","TGCAGTAGTCAGGCAA-1_1_2"
"2362","TGCAGTAGTGTCATTG-1_1_2"
"2363","TGCAGTATCAACCTTT-1_1_2"
"2364","TGCAGTATCACTACGA-1_1_2"
"2365","TGCAGTATCTGGGCGT-1_1_2"
"2366","TGCATCCAGTCGAATA-1_1_2"
"2367","TGCATCCCAGCGTGCT-1_1_2"
"2368","TGCATCCCATGGGAAC-1_1_2"
"2369","TGCATGACACTTGTGA-1_1_2"
"2370","TGCCGAGAGTTTGTCG-1_1_2"
"2371","TGCCGAGCAGCAAGAC-1_1_2"
"2372","TGCCGAGGTTTCGTTT-1_1_2"
"2373","TGCGACGAGTTGCGCC-1_1_2"
"2374","TGCGACGCACGATAGG-1_1_2"
"2375","TGCGACGGTGAGCGAT-1_1_2"
"2376","TGCGATACAGGAGGAG-1_1_2"
"2377","TGCGATAGTTCAAACC-1_1_2"
"2378","TGCGGCAAGCATGGGT-1_1_2"
"2379","TGCGGCAAGGATACAT-1_1_2"
"2380","TGCGGCAAGTTGCGAG-1_1_2"
"2381","TGCGGCACACACCTTC-1_1_2"
"2382","TGCGGCAGTAGATGTA-1_1_2"
"2383","TGCGGCAGTCCGAAGA-1_1_2"
"2384","TGCGGCATCACTTCTA-1_1_2"
"2385","TGCGGGTAGATCCGAG-1_1_2"
"2386","TGCGGGTAGCTACTAC-1_1_2"
"2387","TGCGGGTAGTGGATTA-1_1_2"
"2388","TGCGGGTCACTGCGAC-1_1_2"
"2389","TGCGGGTGTATGCAAA-1_1_2"
"2390","TGCGGGTGTGAAGCTG-1_1_2"
"2391","TGCGGGTTCACTGGGC-1_1_2"
"2392","TGCGGGTTCGGCTTGG-1_1_2"
"2393","TGCTCCAAGGCCGCTT-1_1_2"
"2394","TGCTCCACACGGCACT-1_1_2"
"2395","TGCTCGTAGTCGAGGT-1_1_2"
"2396","TGCTCGTCACACAGCC-1_1_2"
"2397","TGCTCGTGTACGTGAG-1_1_2"
"2398","TGCTGAAAGTCTCCTC-1_1_2"
"2399","TGCTGAAGTGTCCACG-1_1_2"
"2400","TGCTTCGAGTTAGTGA-1_1_2"
"2401","TGCTTGCCAGCGCTTG-1_1_2"
"2402","TGCTTGCTCCGGCAGT-1_1_2"
"2403","TGCTTGCTCTTCCCAG-1_1_2"
"2404","TGGAACTAGAACTCCT-1_1_2"
"2405","TGGAACTCATATGGCT-1_1_2"
"2406","TGGAACTTCCTGGGTG-1_1_2"
"2407","TGGAGAGCAATCGAAA-1_1_2"
"2408","TGGAGAGGTGGCATCC-1_1_2"
"2409","TGGAGGAAGGCCTGCT-1_1_2"
"2410","TGGAGGAAGGGTATAT-1_1_2"
"2411","TGGAGGAGTATAGCTC-1_1_2"
"2412","TGGAGGAGTCGACGCT-1_1_2"
"2413","TGGAGGATCGTTCTCG-1_1_2"
"2414","TGGATCAGTGAGGCAT-1_1_2"
"2415","TGGATCATCACCGCTT-1_1_2"
"2416","TGGATCATCCGGGACT-1_1_2"
"2417","TGGATGTCACTCCTTG-1_1_2"
"2418","TGGATGTCATAGGAGC-1_1_2"
"2419","TGGATGTCATGGATCT-1_1_2"
"2420","TGGCGTGCATTCTCTA-1_1_2"
"2421","TGGCGTGTCGACGACC-1_1_2"
"2422","TGGGAAGAGAGTACCG-1_1_2"
"2423","TGGGAAGGTATTGACC-1_1_2"
"2424","TGGGAAGTCGGAGCAA-1_1_2"
"2425","TGGGAGATCCGGGACT-1_1_2"
"2426","TGGGAGATCCTAGCCT-1_1_2"
"2427","TGGGATTTCCTATTTG-1_1_2"
"2428","TGGGATTTCTCTGACC-1_1_2"
"2429","TGGGCGTAGTAGCAAT-1_1_2"
"2430","TGGGCTGAGTCTCGTA-1_1_2"
"2431","TGGGCTGTCGTTCTAT-1_1_2"
"2432","TGGGTTAAGCATGATA-1_1_2"
"2433","TGGGTTACAGTTGGTT-1_1_2"
"2434","TGGTACAGTGTATTGC-1_1_2"
"2435","TGGTACATCGTTCTCG-1_1_2"
"2436","TGGTGATGTAGGAGGG-1_1_2"
"2437","TGGTTAGGTCGCCTAG-1_1_2"
"2438","TGTAACGCAGTATGAA-1_1_2"
"2439","TGTAACGCATGGGCAA-1_1_2"
"2440","TGTAACGGTCAACATC-1_1_2"
"2441","TGTAACGTCTATACTC-1_1_2"
"2442","TGTAAGCGTATGGGAC-1_1_2"
"2443","TGTAAGCTCCGGGACT-1_1_2"
"2444","TGTAAGCTCTAAGAAG-1_1_2"
"2445","TGTACAGGTCCGTTTC-1_1_2"
"2446","TGTAGACAGGCATCGA-1_1_2"
"2447","TGTAGACCAAGTGGTG-1_1_2"
"2448","TGTCAGAGTAGCGTCC-1_1_2"
"2449","TGTCAGAGTATGTGTC-1_1_2"
"2450","TGTCAGAGTCGAAACG-1_1_2"
"2451","TGTCCACAGTGTGTTC-1_1_2"
"2452","TGTCCACTCAGTGTTG-1_1_2"
"2453","TGTCCACTCTATTGTC-1_1_2"
"2454","TGTCCCACACGATTCA-1_1_2"
"2455","TGTCCTGAGATCACTC-1_1_2"
"2456","TGTCCTGAGCATCAAA-1_1_2"
"2457","TGTCCTGCAATAACGA-1_1_2"
"2458","TGTCCTGCAGACTCTA-1_1_2"
"2459","TGTCCTGGTGGGCTCT-1_1_2"
"2460","TGTGAGTAGTCCCGGT-1_1_2"
"2461","TGTGAGTGTAACTGCT-1_1_2"
"2462","TGTGAGTGTACCGCGT-1_1_2"
"2463","TGTGAGTTCATCGCTC-1_1_2"
"2464","TGTGATGAGGCATCAG-1_1_2"
"2465","TGTGATGGTTTACCTT-1_1_2"
"2466","TGTGATGTCCAGGACC-1_1_2"
"2467","TGTGATGTCTCGACGG-1_1_2"
"2468","TGTGCGGCACATGGTT-1_1_2"
"2469","TGTGCGGCAGGAAGTC-1_1_2"
"2470","TGTGCGGGTCTTTATC-1_1_2"
"2471","TGTGCGGTCATCACAG-1_1_2"
"2472","TGTGCGGTCCAGGACC-1_1_2"
"2473","TGTGGCGAGTCATGCT-1_1_2"
"2474","TGTGGCGCACTTGAGT-1_1_2"
"2475","TGTGGCGGTATCAGGG-1_1_2"
"2476","TGTGGCGGTCAAATCC-1_1_2"
"2477","TGTGGCGTCATGCAGT-1_1_2"
"2478","TGTTACTCAATGTCAC-1_1_2"
"2479","TGTTACTCAGGACTAG-1_1_2"
"2480","TGTTACTGTATCATGC-1_1_2"
"2481","TGTTCATGTCTTGCTC-1_1_2"
"2482","TGTTCTAGTTACACAC-1_1_2"
"2483","TGTTCTATCCAAACCA-1_1_2"
"2484","TGTTGAGAGACTTCAC-1_1_2"
"2485","TGTTGAGAGATCGGTG-1_1_2"
"2486","TGTTGAGGTAGAATGT-1_1_2"
"2487","TGTTGAGGTCACGCTG-1_1_2"
"2488","TGTTGAGTCACTGGGC-1_1_2"
"2489","TGTTGGACAGACTGCC-1_1_2"
"2490","TGTTGGATCGTCCTCA-1_1_2"
"2491","TGTTTGTTCGTCCATC-1_1_2"
"2492","TTAATCCAGAAGCCAC-1_1_2"
"2493","TTAATCCCAATACCCA-1_1_2"
"2494","TTACAGGAGAGTGGCT-1_1_2"
"2495","TTACAGGCACTCCGAG-1_1_2"
"2496","TTACCATCACCCTATC-1_1_2"
"2497","TTACCGCAGCCATATC-1_1_2"
"2498","TTACCGCGTAGGAGGG-1_1_2"
"2499","TTACCGCGTCTACAGT-1_1_2"
"2500","TTACGCCAGCATAGGC-1_1_2"
"2501","TTACGCCCATTGCTTT-1_1_2"
"2502","TTACGCCGTCAAGCGA-1_1_2"
"2503","TTACGCCGTGAATTGA-1_1_2"
"2504","TTACGCCTCCATACAG-1_1_2"
"2505","TTACGTTAGTCTAACC-1_1_2"
"2506","TTACGTTAGTGCAAAT-1_1_2"
"2507","TTACGTTTCAGATTGC-1_1_2"
"2508","TTACTGTCACTTGTCC-1_1_2"
"2509","TTACTGTGTATGATCC-1_1_2"
"2510","TTAGGCAAGATCCCGC-1_1_2"
"2511","TTAGGCAAGATTAGTG-1_1_2"
"2512","TTAGGCAGTATTCCTT-1_1_2"
"2513","TTAGGCAGTTGCTCGG-1_1_2"
"2514","TTAGGGTAGGGTCTTT-1_1_2"
"2515","TTAGGGTCATCAGCAT-1_1_2"
"2516","TTAGGGTGTAACCAGG-1_1_2"
"2517","TTAGGGTTCAAAGGTA-1_1_2"
"2518","TTAGTCTAGTCACTCA-1_1_2"
"2519","TTAGTCTCATTGACCA-1_1_2"
"2520","TTAGTCTGTCACAGAG-1_1_2"
"2521","TTAGTCTTCACGAACT-1_1_2"
"2522","TTATTGCAGCATCTTG-1_1_2"
"2523","TTATTGCCATTCCTAT-1_1_2"
"2524","TTATTGCGTCCTGGGT-1_1_2"
"2525","TTCAATCTCAATCGGT-1_1_2"
"2526","TTCACCGGTTGGTGTT-1_1_2"
"2527","TTCACCGTCGATCCAA-1_1_2"
"2528","TTCACGCGTGATATAG-1_1_2"
"2529","TTCACGCTCAGTCCGG-1_1_2"
"2530","TTCACGCTCTAGCCAA-1_1_2"
"2531","TTCAGGAAGAGGGTGG-1_1_2"
"2532","TTCAGGAAGTGTTCCA-1_1_2"
"2533","TTCAGGAGTAAGTTGA-1_1_2"
"2534","TTCAGGATCAGCTAGT-1_1_2"
"2535","TTCATGTAGCCTATCA-1_1_2"
"2536","TTCATGTGTCCCAAAT-1_1_2"
"2537","TTCATGTGTGTTACTG-1_1_2"
"2538","TTCATGTTCCATTTGT-1_1_2"
"2539","TTCATTGGTCTGCCTT-1_1_2"
"2540","TTCCAATAGTTGGAAT-1_1_2"
"2541","TTCCAATTCCCATTCG-1_1_2"
"2542","TTCCAATTCGGTAACT-1_1_2"
"2543","TTCCACGCAACACGAG-1_1_2"
"2544","TTCCACGTCATTGTTC-1_1_2"
"2545","TTCCGGTGTTTGGAAA-1_1_2"
"2546","TTCCGTGAGCGTCAGA-1_1_2"
"2547","TTCCGTGAGTCATGCT-1_1_2"
"2548","TTCCGTGCAGCACGAA-1_1_2"
"2549","TTCCTAACACGGCGTT-1_1_2"
"2550","TTCCTCTCACTCAGAT-1_1_2"
"2551","TTCCTCTTCTTCGTAT-1_1_2"
"2552","TTCCTTCAGAGCCATG-1_1_2"
"2553","TTCCTTCAGTGCTCAT-1_1_2"
"2554","TTCCTTCGTTGCTCAA-1_1_2"
"2555","TTCCTTCTCAGAGTGG-1_1_2"
"2556","TTCGATTGTACGATGG-1_1_2"
"2557","TTCGATTGTCTATGAC-1_1_2"
"2558","TTCGATTTCCGATAGT-1_1_2"
"2559","TTCGATTTCGTGCGAC-1_1_2"
"2560","TTCGCTGAGAGGTCGT-1_1_2"
"2561","TTCGCTGCAAAGCTCT-1_1_2"
"2562","TTCGCTGGTGGGCTTC-1_1_2"
"2563","TTCGCTGGTGTTACAC-1_1_2"
"2564","TTCGGTCAGACATGCG-1_1_2"
"2565","TTCGGTCAGCTTAGTC-1_1_2"
"2566","TTCGGTCCAAATTGCC-1_1_2"
"2567","TTCGGTCTCACATTGG-1_1_2"
"2568","TTCTAGTAGATCCGAG-1_1_2"
"2569","TTCTAGTAGGAGGCAG-1_1_2"
"2570","TTCTAGTCACAAGGTG-1_1_2"
"2571","TTCTCTCTCCTACGAA-1_1_2"
"2572","TTCTCTCTCGAGCTGC-1_1_2"
"2573","TTCTGTAAGCGATGAC-1_1_2"
"2574","TTCTGTAAGCTCATAC-1_1_2"
"2575","TTCTGTAAGGCCTAGA-1_1_2"
"2576","TTCTGTATCACATCAG-1_1_2"
"2577","TTCTGTATCCAGCTCT-1_1_2"
"2578","TTCTTCCTCCTACCAC-1_1_2"
"2579","TTCTTGACAATCAAGA-1_1_2"
"2580","TTCTTGATCCATATGG-1_1_2"
"2581","TTCTTGATCCCATAGA-1_1_2"
"2582","TTCTTGATCGGTGCAC-1_1_2"
"2583","TTGAACGAGTATTAGG-1_1_2"
"2584","TTGAACGGTATCAGCT-1_1_2"
"2585","TTGAACGGTTAGGGTG-1_1_2"
"2586","TTGACCCAGTTCCTGA-1_1_2"
"2587","TTGACCCCACGACCTG-1_1_2"
"2588","TTGACCCTCATTTCCA-1_1_2"
"2589","TTGAGTGCACTTGTGA-1_1_2"
"2590","TTGAGTGGTCCTGGTG-1_1_2"
"2591","TTGAGTGTCTTAAGGC-1_1_2"
"2592","TTGATGGGTACGACTT-1_1_2"
"2593","TTGATGGGTAGTGTGG-1_1_2"
"2594","TTGATGGGTTGGACCC-1_1_2"
"2595","TTGATGGTCATTGCTT-1_1_2"
"2596","TTGCATTAGACGACGT-1_1_2"
"2597","TTGCATTAGGGTTTCT-1_1_2"
"2598","TTGCATTAGTGCAACG-1_1_2"
"2599","TTGCATTCAGCGGTCT-1_1_2"
"2600","TTGCATTGTTACGGAG-1_1_2"
"2601","TTGCATTGTTGTCATG-1_1_2"
"2602","TTGCATTTCCATAGGT-1_1_2"
"2603","TTGCCTGAGTCTTGGT-1_1_2"
"2604","TTGCGTCGTCCCTGAG-1_1_2"
"2605","TTGCGTCTCCGATAAC-1_1_2"
"2606","TTGCGTCTCTGGGATT-1_1_2"
"2607","TTGCTGCAGTCTCCTC-1_1_2"
"2608","TTGCTGCGTAACTGCT-1_1_2"
"2609","TTGCTGCGTGTACGCC-1_1_2"
"2610","TTGCTGCTCATACGAC-1_1_2"
"2611","TTGCTGCTCCAAAGGG-1_1_2"
"2612","TTGGATGCAAGCAATA-1_1_2"
"2613","TTGGATGCAATGCAGG-1_1_2"
"2614","TTGGATGCATAATCGC-1_1_2"
"2615","TTGGATGGTCCCGCAA-1_1_2"
"2616","TTGGATGTCATCACCC-1_1_2"
"2617","TTGGGATAGTGTTCCA-1_1_2"
"2618","TTGGGATGTAAGTTAG-1_1_2"
"2619","TTGGGATGTAGCTGTT-1_1_2"
"2620","TTGGGATTCAGTGTTG-1_1_2"
"2621","TTGGGATTCCCGAACG-1_1_2"
"2622","TTGGGATTCGATGGAG-1_1_2"
"2623","TTGGGCGCAACCGTAT-1_1_2"
"2624","TTGGGCGGTCGAACAG-1_1_2"
"2625","TTGGGCGGTTCTCCAC-1_1_2"
"2626","TTGGGTAAGGTTCTTG-1_1_2"
"2627","TTGGGTAAGTAACCTC-1_1_2"
"2628","TTGGGTAAGTGTTCAC-1_1_2"
"2629","TTGGGTACAATCCTTT-1_1_2"
"2630","TTGGGTACACCATAAC-1_1_2"
"2631","TTGGTTTAGGTGTGAC-1_1_2"
"2632","TTGGTTTCATAGGTAA-1_1_2"
"2633","TTGTGGAGTCGTTATG-1_1_2"
"2634","TTGTGGATCAATGTCG-1_1_2"
"2635","TTGTGTTAGAGCAGTC-1_1_2"
"2636","TTGTGTTAGAGCCGAT-1_1_2"
"2637","TTGTGTTAGGAACGCT-1_1_2"
"2638","TTGTGTTCACCCTAGG-1_1_2"
"2639","TTGTGTTTCCCAACTC-1_1_2"
"2640","TTGTTCAAGGAAACGA-1_1_2"
"2641","TTGTTCATCACTGGTA-1_1_2"
"2642","TTGTTCATCAGACATC-1_1_2"
"2643","TTGTTCATCCTCTCGA-1_1_2"
"2644","TTGTTGTAGTCGCCAC-1_1_2"
"2645","TTGTTGTCATTCGATG-1_1_2"
"2646","TTGTTGTGTGACGTCC-1_1_2"
"2647","TTGTTGTTCATACGAC-1_1_2"
"2648","TTGTTTGAGCTGAGTG-1_1_2"
"2649","TTGTTTGAGTGTAGTA-1_1_2"
"2650","TTGTTTGGTTTGAACC-1_1_2"
"2651","TTTACGTAGTATCCTG-1_1_2"
"2652","TTTACGTTCCCGAAAT-1_1_2"
"2653","TTTACTGAGACTTAAG-1_1_2"
"2654","TTTACTGAGCGTCTGC-1_1_2"
"2655","TTTACTGAGTAACAGT-1_1_2"
"2656","TTTACTGCATCTCGTC-1_1_2"
"2657","TTTAGTCAGCTGAAAT-1_1_2"
"2658","TTTAGTCCAAAGCACG-1_1_2"
"2659","TTTAGTCGTGAGAGGG-1_1_2"
"2660","TTTAGTCTCTGGTGGC-1_1_2"
"2661","TTTATGCAGCTAAATG-1_1_2"
"2662","TTTCACACAGACATCT-1_1_2"
"2663","TTTCACACATAGGAGC-1_1_2"
"2664","TTTCACAGTGGTCAAG-1_1_2"
"2665","TTTCAGTCAGTTGTCA-1_1_2"
"2666","TTTCATGTCGAGTGAG-1_1_2"
"2667","TTTCCTCCACCGTACG-1_1_2"
"2668","TTTCCTCTCGTTAGAC-1_1_2"
"2669","TTTCGATTCTGTACAG-1_1_2"
"2670","TTTGACTCAAATCAGA-1_1_2"
"2671","TTTGACTGTAGTCCTA-1_1_2"
"2672","TTTGATCAGTTAGAAC-1_1_2"
"2673","TTTGATCCAAGACCGA-1_1_2"
"2674","TTTGATCGTAGCGATG-1_1_2"
"2675","TTTGATCGTTCAAGTC-1_1_2"
"2676","TTTGATCTCGTTCCCA-1_1_2"
"2677","TTTGGAGAGGAAGTAG-1_1_2"
"2678","TTTGGAGGTAGATTAG-1_1_2"
"2679","TTTGGAGGTGTCATGT-1_1_2"
"2680","TTTGGTTCAATGAACA-1_1_2"
"2681","TTTGGTTCACCCTAGG-1_1_2"
"2682","TTTGGTTGTATTGGCT-1_1_2"
"2683","TTTGGTTTCCTTCACG-1_1_2"
"2684","TTTGGTTTCTGAGCAT-1_1_2"
"2685","TTTGTTGAGATCCAAA-1_1_2"
"2686","TTTGTTGCAGGCGATA-1_1_2"
