"","x"
"1","AAACGAACAGGTGTTT-1_1_1"
"2","AAACGAAGTAACAGTA-1_1_1"
"3","AAACGAATCCATTCAT-1_1_1"
"4","AAACGAATCGAAGGAC-1_1_1"
"5","AAACGCTAGAGACAAG-1_1_1"
"6","AAACGCTGTGGATCAG-1_1_1"
"7","AAACGCTTCTACGGGC-1_1_1"
"8","AAAGAACTCTTCGTAT-1_1_1"
"9","AAAGGATGTACGATGG-1_1_1"
"10","AAAGGATTCTGGACTA-1_1_1"
"11","AAAGGGCGTAAGATTG-1_1_1"
"12","AAAGGGCGTTGCTCAA-1_1_1"
"13","AAAGGTAAGCCGAATG-1_1_1"
"14","AAAGGTAAGTTCACTG-1_1_1"
"15","AAAGGTACACGTATAC-1_1_1"
"16","AAAGGTACAGCAAGAC-1_1_1"
"17","AAAGGTAGTCACTTCC-1_1_1"
"18","AAAGTCCAGCCGATAG-1_1_1"
"19","AAAGTCCAGGTTTACC-1_1_1"
"20","AAAGTCCCAAGAGGCT-1_1_1"
"21","AAAGTCCCACCAGCTG-1_1_1"
"22","AAAGTCCCATAGGCGA-1_1_1"
"23","AAAGTCCGTATTGAGA-1_1_1"
"24","AAAGTCCTCACCATGA-1_1_1"
"25","AAAGTGACATCTCCCA-1_1_1"
"26","AAAGTGACATTGCCGG-1_1_1"
"27","AAATGGAAGCTGGCCT-1_1_1"
"28","AAATGGACAAGTGACG-1_1_1"
"29","AAATGGAGTGCCTGCA-1_1_1"
"30","AACAAAGAGCAAATCA-1_1_1"
"31","AACAAAGAGTCTAGAA-1_1_1"
"32","AACAAAGTCATACAGC-1_1_1"
"33","AACAAAGTCGGAATTC-1_1_1"
"34","AACAACCAGGGCAATC-1_1_1"
"35","AACAACCCAACCTATG-1_1_1"
"36","AACAACCCAAGGAGTC-1_1_1"
"37","AACAACCCAGCTACTA-1_1_1"
"38","AACAAGAAGACACACG-1_1_1"
"39","AACAAGAAGACATATG-1_1_1"
"40","AACAAGAAGGGACCAT-1_1_1"
"41","AACAAGACATGTCGTA-1_1_1"
"42","AACACACCACCGCTGA-1_1_1"
"43","AACACACCACGTCATA-1_1_1"
"44","AACACACCAGCCCACA-1_1_1"
"45","AACACACGTGGCACTC-1_1_1"
"46","AACAGGGCAAGAGGTC-1_1_1"
"47","AACAGGGCAAGGCCTC-1_1_1"
"48","AACAGGGCAGGCTTGC-1_1_1"
"49","AACAGGGGTCGTAATC-1_1_1"
"50","AACAGGGTCTCCGTGT-1_1_1"
"51","AACCACAAGCGGTAAC-1_1_1"
"52","AACCACACACTGGACC-1_1_1"
"53","AACCATGCACTTCTCG-1_1_1"
"54","AACCATGGTAGTCGTT-1_1_1"
"55","AACCATGGTGCGTTTA-1_1_1"
"56","AACCCAAAGGCCGCTT-1_1_1"
"57","AACCCAATCACCTGGG-1_1_1"
"58","AACCCAATCCCAGCGA-1_1_1"
"59","AACCCAATCTGGGATT-1_1_1"
"60","AACCTGAAGCGAATGC-1_1_1"
"61","AACCTGACAGAAGTTA-1_1_1"
"62","AACCTGAGTTTCCATT-1_1_1"
"63","AACCTGATCACTGCTC-1_1_1"
"64","AACCTGATCAGCTTCC-1_1_1"
"65","AACCTGATCGCGGTAC-1_1_1"
"66","AACCTGATCGTTGCCT-1_1_1"
"67","AACCTTTAGGTTCTTG-1_1_1"
"68","AACCTTTCACACCTAA-1_1_1"
"69","AACCTTTCACTCCGGA-1_1_1"
"70","AACCTTTGTCTCCTGT-1_1_1"
"71","AACCTTTGTGTCCAAT-1_1_1"
"72","AACGAAATCGTTACCC-1_1_1"
"73","AACGGGAAGAGAGCAA-1_1_1"
"74","AACGTCACACCATATG-1_1_1"
"75","AACTTCTAGAGCCGAT-1_1_1"
"76","AACTTCTAGGTAAGTT-1_1_1"
"77","AACTTCTGTGACTGAG-1_1_1"
"78","AAGAACACAAAGGGTC-1_1_1"
"79","AAGAACACAAGTATCC-1_1_1"
"80","AAGAACATCGTGGTAT-1_1_1"
"81","AAGACAATCGGCAGTC-1_1_1"
"82","AAGACAATCTACGGTA-1_1_1"
"83","AAGACTCCAATACAGA-1_1_1"
"84","AAGATAGCAGGACGAT-1_1_1"
"85","AAGCATCCACATTACG-1_1_1"
"86","AAGCATCGTCCCTGTT-1_1_1"
"87","AAGCATCTCTGGCTGG-1_1_1"
"88","AAGCCATAGTGGATAT-1_1_1"
"89","AAGCCATGTGGTCCCA-1_1_1"
"90","AAGCCATTCCTAAACG-1_1_1"
"91","AAGCGAGTCCCTTCCC-1_1_1"
"92","AAGCGAGTCTGCTGAA-1_1_1"
"93","AAGCGTTAGCACTAGG-1_1_1"
"94","AAGCGTTAGCCGTCGT-1_1_1"
"95","AAGCGTTAGGTATTGA-1_1_1"
"96","AAGCGTTCAGCTGTCG-1_1_1"
"97","AAGCGTTGTCGCAACC-1_1_1"
"98","AAGGAATAGTGCGTCC-1_1_1"
"99","AAGGAATGTGAATTGA-1_1_1"
"100","AAGTACCAGGTTGACG-1_1_1"
"101","AAGTACCAGTCAGAGC-1_1_1"
"102","AAGTACCCACCTCAGG-1_1_1"
"103","AAGTACCGTATATGGA-1_1_1"
"104","AAGTACCTCGTAGGGA-1_1_1"
"105","AAGTACCTCTTAGCCC-1_1_1"
"106","AAGTCGTAGACCAAAT-1_1_1"
"107","AAGTCGTAGCCAGAGT-1_1_1"
"108","AAGTCGTAGGCGACAT-1_1_1"
"109","AAGTCGTAGGTACATA-1_1_1"
"110","AAGTCGTAGTAGGGTC-1_1_1"
"111","AAGTCGTCATGTGGTT-1_1_1"
"112","AAGTCGTGTCTTAGTG-1_1_1"
"113","AAGTTCGAGGTGGTTG-1_1_1"
"114","AAGTTCGGTACACTCA-1_1_1"
"115","AAGTTCGGTAGACGGT-1_1_1"
"116","AAGTTCGGTGCATGTT-1_1_1"
"117","AAGTTCGGTTCTAAGC-1_1_1"
"118","AAGTTCGGTTGGGCCT-1_1_1"
"119","AATAGAGTCCAGTTCC-1_1_1"
"120","AATAGAGTCCCACAGG-1_1_1"
"121","AATCACGAGGTTCCAT-1_1_1"
"122","AATCACGCAAGTCCAT-1_1_1"
"123","AATCACGCAGGCTTGC-1_1_1"
"124","AATCACGCAGGTGAGT-1_1_1"
"125","AATCGACCAGTCGGTC-1_1_1"
"126","AATCGTGCAAGAGGCT-1_1_1"
"127","AATCGTGTCTTACGTT-1_1_1"
"128","AATGACCCATTCTTCA-1_1_1"
"129","AATGACCGTCTGTCAA-1_1_1"
"130","AATGACCGTGATTCTG-1_1_1"
"131","AATGACCGTTGCTAGT-1_1_1"
"132","AATGACCTCCGTAGGC-1_1_1"
"133","AATGCCAAGAAAGTCT-1_1_1"
"134","AATGCCACAACCGTGC-1_1_1"
"135","AATGCCACAATATCCG-1_1_1"
"136","AATGCCACACAATGAA-1_1_1"
"137","AATGGAACATCGTCCT-1_1_1"
"138","AATGGCTCACTTGAAC-1_1_1"
"139","AATGGCTGTGGCAACA-1_1_1"
"140","AATTCCTAGGACTATA-1_1_1"
"141","AATTCCTCATCCCACT-1_1_1"
"142","AATTCCTTCCGAAATC-1_1_1"
"143","AATTTCCGTTATCCAG-1_1_1"
"144","AATTTCCTCAGAATAG-1_1_1"
"145","ACAAAGACACCGGCTA-1_1_1"
"146","ACAAAGAGTTGCTGAT-1_1_1"
"147","ACAACCAAGTCTGTAC-1_1_1"
"148","ACAACCAGTAAGAACT-1_1_1"
"149","ACAACCATCCGAGTGC-1_1_1"
"150","ACAAGCTAGAACAGGA-1_1_1"
"151","ACAAGCTAGAAGCCAC-1_1_1"
"152","ACAAGCTAGGGAGGGT-1_1_1"
"153","ACAAGCTCATAACAGA-1_1_1"
"154","ACAAGCTGTCCTGTTC-1_1_1"
"155","ACAAGCTGTGGCTTAT-1_1_1"
"156","ACAAGCTGTTCCTAAG-1_1_1"
"157","ACAAGCTTCGCTGTTC-1_1_1"
"158","ACACAGTAGCCATTCA-1_1_1"
"159","ACACAGTAGTTTCGAC-1_1_1"
"160","ACACAGTCAACAAAGT-1_1_1"
"161","ACACAGTGTCACGCTG-1_1_1"
"162","ACACCAAAGGTAAGGA-1_1_1"
"163","ACACCAACACGCCAGT-1_1_1"
"164","ACACCAACAGAGGCAT-1_1_1"
"165","ACACCAATCCTCCACA-1_1_1"
"166","ACACGCGCACGGCACT-1_1_1"
"167","ACACGCGCAGTCTCTC-1_1_1"
"168","ACACGCGGTAGGAAAG-1_1_1"
"169","ACACGCGGTGCATTAC-1_1_1"
"170","ACACGCGTCAAACGTC-1_1_1"
"171","ACACGCGTCAAGAAAC-1_1_1"
"172","ACACTGACAGTGTGCC-1_1_1"
"173","ACACTGACATGTTCAG-1_1_1"
"174","ACAGAAAGTTCTTCAT-1_1_1"
"175","ACAGCCGAGGAACTCG-1_1_1"
"176","ACAGCCGCAAAGGCTG-1_1_1"
"177","ACAGCCGCAAGACCGA-1_1_1"
"178","ACAGCCGCAATACGAA-1_1_1"
"179","ACAGCCGCACTTCAGA-1_1_1"
"180","ACAGCCGCATATAGCC-1_1_1"
"181","ACAGCCGCATTCGGGC-1_1_1"
"182","ACAGCCGGTCCTACGG-1_1_1"
"183","ACAGCCGGTTAAAGTG-1_1_1"
"184","ACAGGGACACAGTCAT-1_1_1"
"185","ACAGGGAGTGAGCCAA-1_1_1"
"186","ACAGGGATCTTTCTAG-1_1_1"
"187","ACATCCCTCTGAGTCA-1_1_1"
"188","ACATCGAGTCGAAGCA-1_1_1"
"189","ACATGCAGTAATGTGA-1_1_1"
"190","ACATTTCCATCTGCGG-1_1_1"
"191","ACATTTCGTTGCCATA-1_1_1"
"192","ACATTTCTCCGTATGA-1_1_1"
"193","ACCAAACCACCGGTCA-1_1_1"
"194","ACCAAACCAGTTGAAA-1_1_1"
"195","ACCAAACTCTACCACC-1_1_1"
"196","ACCACAAAGCCTCAGC-1_1_1"
"197","ACCACAACATCGGCCA-1_1_1"
"198","ACCACAAGTGCAGATG-1_1_1"
"199","ACCATTTCAATGGGTG-1_1_1"
"200","ACCATTTCACAGGATG-1_1_1"
"201","ACCCTCAAGCTTAGTC-1_1_1"
"202","ACCCTCATCTACGGTA-1_1_1"
"203","ACCCTCATCTCCGCAT-1_1_1"
"204","ACCCTTGAGAAACTGT-1_1_1"
"205","ACCCTTGCACAAGTTC-1_1_1"
"206","ACCCTTGCATGAGATA-1_1_1"
"207","ACCCTTGGTCTGTGTA-1_1_1"
"208","ACCGTTCTCACTTGGA-1_1_1"
"209","ACCGTTCTCAGCAGAG-1_1_1"
"210","ACCTACCAGGATTTGA-1_1_1"
"211","ACCTACCTCCACCTCA-1_1_1"
"212","ACCTGAACAGACGATG-1_1_1"
"213","ACCTGAAGTAACAGGC-1_1_1"
"214","ACCTGAATCGTCAGAT-1_1_1"
"215","ACCTGTCAGGCAGGGA-1_1_1"
"216","ACCTGTCAGTTGTCAC-1_1_1"
"217","ACCTGTCCATGTGTCA-1_1_1"
"218","ACCTGTCGTACGACTT-1_1_1"
"219","ACCTGTCGTCACTGAT-1_1_1"
"220","ACGATCACAATTCACG-1_1_1"
"221","ACGATGTAGCGACTTT-1_1_1"
"222","ACGATGTCAGACGATG-1_1_1"
"223","ACGATGTGTAGGTAGC-1_1_1"
"224","ACGCACGGTATCACCA-1_1_1"
"225","ACGGAAGAGCCAGACA-1_1_1"
"226","ACGGAAGAGTGAGTGC-1_1_1"
"227","ACGGAAGCAATAGGGC-1_1_1"
"228","ACGGGTCAGCAACTTC-1_1_1"
"229","ACGGTCGGTACGTGTT-1_1_1"
"230","ACGGTCGTCCGTCACT-1_1_1"
"231","ACGGTTAAGACTACCT-1_1_1"
"232","ACGGTTATCACGTCCT-1_1_1"
"233","ACGGTTATCAGACCGC-1_1_1"
"234","ACGGTTATCTTTGGAG-1_1_1"
"235","ACGTAACAGGCCATAG-1_1_1"
"236","ACGTAACAGGCCTAGA-1_1_1"
"237","ACGTAACGTATAGGAT-1_1_1"
"238","ACGTACAAGGCATGCA-1_1_1"
"239","ACGTACAGTGACAACG-1_1_1"
"240","ACGTACAGTTGCATCA-1_1_1"
"241","ACGTACATCACATACG-1_1_1"
"242","ACGTACATCTGAACGT-1_1_1"
"243","ACGTAGTAGACCATAA-1_1_1"
"244","ACGTAGTCAAACCGGA-1_1_1"
"245","ACGTAGTGTAGCTGTT-1_1_1"
"246","ACGTCCTAGTACCGGA-1_1_1"
"247","ACGTCCTAGTGTCATC-1_1_1"
"248","ACGTCCTCAAGCTACT-1_1_1"
"249","ACGTCCTCAGACGGAT-1_1_1"
"250","ACGTCCTGTCAGTTTG-1_1_1"
"251","ACGTTCCAGGCTATCT-1_1_1"
"252","ACGTTCCGTAACTTCG-1_1_1"
"253","ACTACGACAAATGGAT-1_1_1"
"254","ACTACGACAACGCCCA-1_1_1"
"255","ACTACGATCGTGTGGC-1_1_1"
"256","ACTATCTAGCATACTC-1_1_1"
"257","ACTATCTCACGGATCC-1_1_1"
"258","ACTATCTCAGTCACGC-1_1_1"
"259","ACTATCTCAGTCGCTG-1_1_1"
"260","ACTATCTGTCGAGATG-1_1_1"
"261","ACTATGGAGGGCAGTT-1_1_1"
"262","ACTATGGCATGACAAA-1_1_1"
"263","ACTCCCACACTGGCGT-1_1_1"
"264","ACTCCCACAGACCCGT-1_1_1"
"265","ACTCCCAGTGAACCGA-1_1_1"
"266","ACTCCCAGTTACAGCT-1_1_1"
"267","ACTCTCGAGGAGAATG-1_1_1"
"268","ACTGATGAGGACTATA-1_1_1"
"269","ACTGATGAGTACGAGC-1_1_1"
"270","ACTGATGGTTCCTTGC-1_1_1"
"271","ACTGCAAAGAGCATTA-1_1_1"
"272","ACTGCAAAGCTATCCA-1_1_1"
"273","ACTGCAAAGTGTACAA-1_1_1"
"274","ACTGTCCCACTATCCC-1_1_1"
"275","ACTGTCCGTCTGATAC-1_1_1"
"276","ACTGTCCGTTAGAGAT-1_1_1"
"277","ACTGTGAAGGCACAAC-1_1_1"
"278","ACTGTGAAGTCTGTAC-1_1_1"
"279","ACTGTGAAGTGCTCAT-1_1_1"
"280","ACTGTGAAGTTCCGGC-1_1_1"
"281","ACTGTGAGTGACTGTT-1_1_1"
"282","ACTTAGGGTCAACCAT-1_1_1"
"283","ACTTAGGTCCGAAGGA-1_1_1"
"284","ACTTAGGTCGCTCATC-1_1_1"
"285","ACTTATCAGTTGCGCC-1_1_1"
"286","ACTTATCTCGCCTATC-1_1_1"
"287","ACTTCGCCACCTCAGG-1_1_1"
"288","ACTTCGCTCAGACTGT-1_1_1"
"289","ACTTTGTAGTGCAAAT-1_1_1"
"290","ACTTTGTCACCAAAGG-1_1_1"
"291","ACTTTGTCATGACTAC-1_1_1"
"292","AGAAATGCACGTTCGG-1_1_1"
"293","AGAACAAAGTTTCGGT-1_1_1"
"294","AGAACAAGTTCTGAGT-1_1_1"
"295","AGAACAATCTGCGATA-1_1_1"
"296","AGAACCTAGAGAGAAC-1_1_1"
"297","AGAACCTAGTGGTTCT-1_1_1"
"298","AGAAGCGCATGCTGCG-1_1_1"
"299","AGAAGCGGTACGGGAT-1_1_1"
"300","AGAAGCGGTCCTTGTC-1_1_1"
"301","AGAAGCGTCATGCATG-1_1_1"
"302","AGAAGTATCGCGCCAA-1_1_1"
"303","AGAAGTATCGTGAGAG-1_1_1"
"304","AGACAAAAGGATGTTA-1_1_1"
"305","AGACAAATCCCGAGTG-1_1_1"
"306","AGACACTCATGAGGGT-1_1_1"
"307","AGACACTGTCCTCATC-1_1_1"
"308","AGACAGGGTACACGTT-1_1_1"
"309","AGACAGGGTCGCGGTT-1_1_1"
"310","AGACAGGTCCATTGTT-1_1_1"
"311","AGACCATCAACACAAA-1_1_1"
"312","AGACCATTCCTATTTG-1_1_1"
"313","AGACCCGAGACAACAT-1_1_1"
"314","AGACCCGAGTGCACTT-1_1_1"
"315","AGACCCGGTTCGTACA-1_1_1"
"316","AGACCCGTCTGGCCAG-1_1_1"
"317","AGACTCAGTGTACGCC-1_1_1"
"318","AGACTCAGTTTAGAGA-1_1_1"
"319","AGAGAATGTCCAAAGG-1_1_1"
"320","AGAGAGCAGCGATGCA-1_1_1"
"321","AGAGAGCCATCCGTGG-1_1_1"
"322","AGAGAGCTCACGGGCT-1_1_1"
"323","AGAGAGCTCCTAAACG-1_1_1"
"324","AGAGCAGCATCGTTCC-1_1_1"
"325","AGAGCCCCAGCTGTGC-1_1_1"
"326","AGAGCCCGTAGAGTTA-1_1_1"
"327","AGAGCCCGTGACAGCA-1_1_1"
"328","AGAGCCCTCTAAGAAG-1_1_1"
"329","AGATAGACATTCACAG-1_1_1"
"330","AGATAGAGTCCTTAAG-1_1_1"
"331","AGATAGAGTGCTCTTC-1_1_1"
"332","AGATCCATCAAGCGTT-1_1_1"
"333","AGATCCATCCCTTGTG-1_1_1"
"334","AGATCGTAGTAAGACT-1_1_1"
"335","AGATCGTCATGGCTAT-1_1_1"
"336","AGATCGTGTTGGGTAG-1_1_1"
"337","AGATGAACAGAGGTAC-1_1_1"
"338","AGATGAAGTCCGAAAG-1_1_1"
"339","AGATGAATCCTGATAG-1_1_1"
"340","AGATGCTAGATGTAGT-1_1_1"
"341","AGATGCTGTCGAATTC-1_1_1"
"342","AGCATCAAGAACAGGA-1_1_1"
"343","AGCATCATCCATCCGT-1_1_1"
"344","AGCCAATAGCAGAAAG-1_1_1"
"345","AGCCAATAGGTCCAGA-1_1_1"
"346","AGCCAATAGTCACACT-1_1_1"
"347","AGCCAATCAGCGCTTG-1_1_1"
"348","AGCCACGAGGAGTCTG-1_1_1"
"349","AGCCACGCAATGGCCC-1_1_1"
"350","AGCCACGGTCCAGCAC-1_1_1"
"351","AGCCACGTCAACACCA-1_1_1"
"352","AGCCACGTCTTGATTC-1_1_1"
"353","AGCCAGCAGGACACTG-1_1_1"
"354","AGCCAGCCATGAAGCG-1_1_1"
"355","AGCGATTGTGTATACC-1_1_1"
"356","AGCGCCACAGGAACCA-1_1_1"
"357","AGCGCTGCACGTCATA-1_1_1"
"358","AGCGTATTCAAGGTGG-1_1_1"
"359","AGCGTATTCCGCGAGT-1_1_1"
"360","AGCTACAAGCAGCAGT-1_1_1"
"361","AGCTACAGTCTTACTT-1_1_1"
"362","AGCTACAGTTTACCAG-1_1_1"
"363","AGCTCAAGTCCTGAAT-1_1_1"
"364","AGCTCAATCACGTAGT-1_1_1"
"365","AGCTTCCTCAAGATAG-1_1_1"
"366","AGGAAATAGGCTTTCA-1_1_1"
"367","AGGAAATCAGACTCTA-1_1_1"
"368","AGGAAATCAGAGCCCT-1_1_1"
"369","AGGAAATCAGCTGAGA-1_1_1"
"370","AGGAAATGTGCGGCTT-1_1_1"
"371","AGGAATAAGCGATGCA-1_1_1"
"372","AGGAATAAGTAGTCCT-1_1_1"
"373","AGGAATAAGTTCATGC-1_1_1"
"374","AGGAATATCTGGACCG-1_1_1"
"375","AGGACGACACAAGTTC-1_1_1"
"376","AGGACGATCGGCATTA-1_1_1"
"377","AGGACTTAGGTGATCG-1_1_1"
"378","AGGACTTCAGTCTACA-1_1_1"
"379","AGGAGGTAGTTGAAGT-1_1_1"
"380","AGGAGGTGTAGGACTG-1_1_1"
"381","AGGAGGTGTATGCTAC-1_1_1"
"382","AGGAGGTGTGTTGACT-1_1_1"
"383","AGGAGGTTCACTTGTT-1_1_1"
"384","AGGATAAGTTTACCAG-1_1_1"
"385","AGGATAATCTAGATCG-1_1_1"
"386","AGGATCTAGGGCCCTT-1_1_1"
"387","AGGCATTCACTGAATC-1_1_1"
"388","AGGCCACAGCCGATTT-1_1_1"
"389","AGGCCACCATCTCATT-1_1_1"
"390","AGGCCACGTCCAGCCA-1_1_1"
"391","AGGCTGCAGAGTGGCT-1_1_1"
"392","AGGCTGCCACGATTCA-1_1_1"
"393","AGGCTGCCACTAGGTT-1_1_1"
"394","AGGCTGCCATTGCCGG-1_1_1"
"395","AGGCTGCTCAAGCTGT-1_1_1"
"396","AGGCTGCTCCGCAGTG-1_1_1"
"397","AGGCTGCTCTATTTCG-1_1_1"
"398","AGGGAGTAGTTGGCGA-1_1_1"
"399","AGGGCCTCACTTCATT-1_1_1"
"400","AGGGCCTCAGTTAGAA-1_1_1"
"401","AGGGCTCGTGCGCTCA-1_1_1"
"402","AGGGTCCAGGACGCTA-1_1_1"
"403","AGGGTCCAGGATGCGT-1_1_1"
"404","AGGGTGAAGGAACGAA-1_1_1"
"405","AGGTAGGGTAATGTGA-1_1_1"
"406","AGGTAGGGTACAAACA-1_1_1"
"407","AGGTAGGGTAGATCCT-1_1_1"
"408","AGGTAGGGTCGCTTGG-1_1_1"
"409","AGGTAGGGTGCAGATG-1_1_1"
"410","AGGTAGGGTGGAAGTC-1_1_1"
"411","AGGTCATCAGCAGACA-1_1_1"
"412","AGGTCATGTCAAACGG-1_1_1"
"413","AGGTCATGTGTTAAAG-1_1_1"
"414","AGGTCATTCGGCTGTG-1_1_1"
"415","AGGTCTACAGTCGCTG-1_1_1"
"416","AGGTCTAGTCCAAGAG-1_1_1"
"417","AGGTGTTTCAATCTCT-1_1_1"
"418","AGGTGTTTCATGCCCT-1_1_1"
"419","AGGTGTTTCCACGTAA-1_1_1"
"420","AGGTTACCATACATCG-1_1_1"
"421","AGGTTACCATGACAGG-1_1_1"
"422","AGGTTACGTCCTGTTC-1_1_1"
"423","AGGTTACTCCTCTGCA-1_1_1"
"424","AGGTTGTTCTCGCTTG-1_1_1"
"425","AGTAACCGTACTGACT-1_1_1"
"426","AGTAACCGTCAAAGTA-1_1_1"
"427","AGTAACCGTTAAGGGC-1_1_1"
"428","AGTACCAAGACATAGT-1_1_1"
"429","AGTACCAGTGAATTGA-1_1_1"
"430","AGTACCAGTTCCGCAG-1_1_1"
"431","AGTACTGAGCCGATTT-1_1_1"
"432","AGTAGCTCAGTAGAAT-1_1_1"
"433","AGTAGCTCAGTGACCC-1_1_1"
"434","AGTAGCTCATATGGCT-1_1_1"
"435","AGTAGCTGTATGAGGC-1_1_1"
"436","AGTAGCTTCGTAGAGG-1_1_1"
"437","AGTCAACAGGATTTAG-1_1_1"
"438","AGTCAACCACACACGC-1_1_1"
"439","AGTCAACCACGCTTAA-1_1_1"
"440","AGTCAACGTAGCGTTT-1_1_1"
"441","AGTCAACGTCGTTTCC-1_1_1"
"442","AGTCAACGTTGATGTC-1_1_1"
"443","AGTCAACTCTCGCAGG-1_1_1"
"444","AGTCAACTCTTCACGC-1_1_1"
"445","AGTCACAAGGCTATCT-1_1_1"
"446","AGTCACACAAGCTGTT-1_1_1"
"447","AGTCATGAGAAATCCA-1_1_1"
"448","AGTCATGGTAGCTGCC-1_1_1"
"449","AGTCATGGTGGGACAT-1_1_1"
"450","AGTCATGTCGGAGTGA-1_1_1"
"451","AGTCTCCAGCTCTATG-1_1_1"
"452","AGTCTCCCAAGTATAG-1_1_1"
"453","AGTCTCCGTCTGTTAG-1_1_1"
"454","AGTCTCCGTTAACAGA-1_1_1"
"455","AGTGACTGTGATTCAC-1_1_1"
"456","AGTGACTGTGCCGAAA-1_1_1"
"457","AGTGATCCACAACCGC-1_1_1"
"458","AGTGATCTCATGCCGG-1_1_1"
"459","AGTGATCTCTCTTGCG-1_1_1"
"460","AGTGCCGCATCGGAAG-1_1_1"
"461","AGTGCCGTCACACGAT-1_1_1"
"462","AGTGTTGAGTCCGCCA-1_1_1"
"463","AGTGTTGCACTGTCCT-1_1_1"
"464","AGTGTTGTCCGGTTCT-1_1_1"
"465","AGTTAGCTCCCGAATA-1_1_1"
"466","AGTTAGCTCTATACTC-1_1_1"
"467","AGTTCCCCAAGTCCCG-1_1_1"
"468","AGTTCCCCATGGGTCC-1_1_1"
"469","AGTTCGATCACGGACC-1_1_1"
"470","AGTTCGATCTTGAACG-1_1_1"
"471","ATACCGAAGAGTCCGA-1_1_1"
"472","ATACCGAAGTCCTGTA-1_1_1"
"473","ATACCGACAAGGACAC-1_1_1"
"474","ATACCTTCATTATGCG-1_1_1"
"475","ATACCTTTCTTAGTTC-1_1_1"
"476","ATACTTCAGCTGTCCG-1_1_1"
"477","ATACTTCCAATTGGTC-1_1_1"
"478","ATACTTCCAGTGACCC-1_1_1"
"479","ATACTTCGTATCTTCT-1_1_1"
"480","ATACTTCGTTCGGTCG-1_1_1"
"481","ATAGACCGTTACCTTT-1_1_1"
"482","ATAGACCTCGTGCTCT-1_1_1"
"483","ATAGACCTCTCCCTAG-1_1_1"
"484","ATAGAGACAGGCTACC-1_1_1"
"485","ATAGAGAGTAAGTAGT-1_1_1"
"486","ATAGAGAGTCCTGTCT-1_1_1"
"487","ATAGGCTAGAAGCTCG-1_1_1"
"488","ATAGGCTAGTAGTGCG-1_1_1"
"489","ATAGGCTGTGCCGGTT-1_1_1"
"490","ATAGGCTGTGTTACAC-1_1_1"
"491","ATCACAGAGCTGGCTC-1_1_1"
"492","ATCACAGCAGACTGCC-1_1_1"
"493","ATCACAGTCTGATGGT-1_1_1"
"494","ATCACGAGTCTCCCTA-1_1_1"
"495","ATCACGATCGTGGGAA-1_1_1"
"496","ATCACTTTCTGGACCG-1_1_1"
"497","ATCAGGTAGATTCGCT-1_1_1"
"498","ATCAGGTAGGTTCCGC-1_1_1"
"499","ATCAGGTCAACATACC-1_1_1"
"500","ATCATTCAGAGGCCAT-1_1_1"
"501","ATCATTCGTTCTCCTG-1_1_1"
"502","ATCATTCTCTAAGCGT-1_1_1"
"503","ATCATTCTCTAGACAC-1_1_1"
"504","ATCCACCAGCTGTGCC-1_1_1"
"505","ATCCACCGTGCCCAGT-1_1_1"
"506","ATCCACCTCTTACCGC-1_1_1"
"507","ATCCATTCACTTGGGC-1_1_1"
"508","ATCCATTCAGACACAG-1_1_1"
"509","ATCCCTGAGGGCTGAT-1_1_1"
"510","ATCCCTGTCAAACGTC-1_1_1"
"511","ATCCCTGTCTCGCTCA-1_1_1"
"512","ATCCGTCAGATAGTCA-1_1_1"
"513","ATCCGTCCACCTGCGA-1_1_1"
"514","ATCCGTCGTCCGAAAG-1_1_1"
"515","ATCCGTCTCAACGCTA-1_1_1"
"516","ATCCTATGTAGGCTGA-1_1_1"
"517","ATCCTATTCCACGGGT-1_1_1"
"518","ATCCTATTCGACGACC-1_1_1"
"519","ATCGATGCAGCGTACC-1_1_1"
"520","ATCGCCTAGAGGGTCT-1_1_1"
"521","ATCGCCTCAAGAGGCT-1_1_1"
"522","ATCGCCTTCACGGACC-1_1_1"
"523","ATCGGATAGTGCAGCA-1_1_1"
"524","ATCGGATCATCCAACA-1_1_1"
"525","ATCGGATGTGCAATAA-1_1_1"
"526","ATCGGCGAGGAAACGA-1_1_1"
"527","ATCGGCGGTCCACTCT-1_1_1"
"528","ATCGTAGAGGTAGTAT-1_1_1"
"529","ATCGTAGGTCCGTTTC-1_1_1"
"530","ATCGTAGGTCTCACGG-1_1_1"
"531","ATCGTCCTCCGGTTCT-1_1_1"
"532","ATCGTGACACCTCTGT-1_1_1"
"533","ATCGTGACAGGGTCTC-1_1_1"
"534","ATCGTGAGTTGATCGT-1_1_1"
"535","ATCTCTAGTAAGTAGT-1_1_1"
"536","ATCTCTATCTTAGCTT-1_1_1"
"537","ATCTTCAGTTGACTAC-1_1_1"
"538","ATCTTCATCAGTGTGT-1_1_1"
"539","ATGAAAGAGGAGGGTG-1_1_1"
"540","ATGAAAGCAAATCAAG-1_1_1"
"541","ATGAAAGCAGTTAGAA-1_1_1"
"542","ATGACCAGTGTACATC-1_1_1"
"543","ATGACCAGTTGATGTC-1_1_1"
"544","ATGAGGGAGAAGTATC-1_1_1"
"545","ATGAGGGAGAGCTTTC-1_1_1"
"546","ATGAGGGAGGTAAACT-1_1_1"
"547","ATGAGTCAGCCGGATA-1_1_1"
"548","ATGAGTCAGTAGGAAG-1_1_1"
"549","ATGATCGCAGCGATTT-1_1_1"
"550","ATGATCGTCCATGCAA-1_1_1"
"551","ATGCATGAGCATCCTA-1_1_1"
"552","ATGCATGCAAGCCTGC-1_1_1"
"553","ATGCCTCAGACCAAGC-1_1_1"
"554","ATGCCTCAGGCTCAAG-1_1_1"
"555","ATGCCTCAGTTCTACG-1_1_1"
"556","ATGCCTCCAATGAGCG-1_1_1"
"557","ATGCCTCCATACATCG-1_1_1"
"558","ATGCCTCTCATTGTGG-1_1_1"
"559","ATGCCTCTCCGTGGTG-1_1_1"
"560","ATGGAGGCACTGCTTC-1_1_1"
"561","ATGGAGGCAGTTAAAG-1_1_1"
"562","ATGGAGGTCTCCGTGT-1_1_1"
"563","ATGGATCAGTGGATAT-1_1_1"
"564","ATGGATCGTTAAGACA-1_1_1"
"565","ATGGATCTCATCTACT-1_1_1"
"566","ATGGGAGCAACCCGCA-1_1_1"
"567","ATGGGAGGTCCACTTC-1_1_1"
"568","ATGGTTGCACGACCTG-1_1_1"
"569","ATGGTTGTCCCTGGTT-1_1_1"
"570","ATGTCCCAGAGTACCG-1_1_1"
"571","ATGTCCCAGGGCATGT-1_1_1"
"572","ATGTCTTCAAAGGGTC-1_1_1"
"573","ATGTCTTGTGTATTCG-1_1_1"
"574","ATGTCTTTCTCATGCC-1_1_1"
"575","ATTACCTCACCAGACC-1_1_1"
"576","ATTACCTGTCAGGAGT-1_1_1"
"577","ATTACCTTCATTGTGG-1_1_1"
"578","ATTACCTTCTCTCTTC-1_1_1"
"579","ATTACTCAGCATATGA-1_1_1"
"580","ATTACTCGTACGTAGG-1_1_1"
"581","ATTACTCTCTGACGCG-1_1_1"
"582","ATTATCCCAAGAATAC-1_1_1"
"583","ATTCACTCACCAGCGT-1_1_1"
"584","ATTCACTCAGAAGTGC-1_1_1"
"585","ATTCACTGTTATGACC-1_1_1"
"586","ATTCAGGAGCTGCCTG-1_1_1"
"587","ATTCATCAGAATCGTA-1_1_1"
"588","ATTCATCAGTTGCTCA-1_1_1"
"589","ATTCCCGAGACATAGT-1_1_1"
"590","ATTCCCGAGCATGCGA-1_1_1"
"591","ATTCCCGAGGAACTCG-1_1_1"
"592","ATTCCCGCAAGCAATA-1_1_1"
"593","ATTCCCGGTTCTGACA-1_1_1"
"594","ATTCCTACAGATCACT-1_1_1"
"595","ATTCCTACAGCCGGTT-1_1_1"
"596","ATTCCTACAGTTCACA-1_1_1"
"597","ATTCCTAGTTTCACTT-1_1_1"
"598","ATTCCTATCGCCTCTA-1_1_1"
"599","ATTCGTTCAGTTACCA-1_1_1"
"600","ATTCTACAGCACTCAT-1_1_1"
"601","ATTCTACAGGCGAACT-1_1_1"
"602","ATTCTACGTAACGGTG-1_1_1"
"603","ATTCTTGAGCCACTCG-1_1_1"
"604","ATTCTTGAGGGCCCTT-1_1_1"
"605","ATTCTTGCAGTATACC-1_1_1"
"606","ATTGGGTAGGAAAGTG-1_1_1"
"607","ATTGGGTCATATAGCC-1_1_1"
"608","ATTGGGTTCCAAGAGG-1_1_1"
"609","ATTGTTCAGTCTTGGT-1_1_1"
"610","ATTTACCAGTAGGGTC-1_1_1"
"611","ATTTACCCATCCGTGG-1_1_1"
"612","ATTTACCGTTAGGCCC-1_1_1"
"613","ATTTCACAGTTATGGA-1_1_1"
"614","ATTTCACAGTTCTACG-1_1_1"
"615","ATTTCACCAAGCTGCC-1_1_1"
"616","ATTTCACCAGACCGCT-1_1_1"
"617","ATTTCACCAGCATACT-1_1_1"
"618","ATTTCACCAGGCTCTG-1_1_1"
"619","ATTTCACGTTAGCTAC-1_1_1"
"620","ATTTCACTCTAAGCCA-1_1_1"
"621","ATTTCTGCACTACCGG-1_1_1"
"622","ATTTCTGGTCCGGTGT-1_1_1"
"623","ATTTCTGTCAACTGGT-1_1_1"
"624","CAAAGAAAGCCTCAAT-1_1_1"
"625","CAAAGAAGTCTCGACG-1_1_1"
"626","CAACAACGTGCACAAG-1_1_1"
"627","CAACAACTCGCGGTAC-1_1_1"
"628","CAACAGTAGACATAGT-1_1_1"
"629","CAACAGTGTTACTCAG-1_1_1"
"630","CAACCAACAAGCGCTC-1_1_1"
"631","CAACCAAGTCGTTTCC-1_1_1"
"632","CAACCTCGTAATCAGA-1_1_1"
"633","CAACCTCGTTACCTGA-1_1_1"
"634","CAACGATTCCATAAGC-1_1_1"
"635","CAACGGCTCCTTCTGG-1_1_1"
"636","CAAGACTAGAGTGTGC-1_1_1"
"637","CAAGACTCAATTGAAG-1_1_1"
"638","CAAGAGGCAACGCCCA-1_1_1"
"639","CAAGAGGCAATCTGCA-1_1_1"
"640","CAAGAGGCAGGCGAAT-1_1_1"
"641","CAAGAGGGTAGTACGG-1_1_1"
"642","CAAGCTACACGCAGTC-1_1_1"
"643","CAAGCTAGTGCTTATG-1_1_1"
"644","CAAGGGACAGACGATG-1_1_1"
"645","CAAGGGAGTAACATGA-1_1_1"
"646","CAAGGGATCAGGCGAA-1_1_1"
"647","CAATACGAGTTTAGGA-1_1_1"
"648","CAATACGTCTGTACAG-1_1_1"
"649","CAATCGAAGAGCCGTA-1_1_1"
"650","CAATCGACAGGTCCCA-1_1_1"
"651","CAATGACAGACTACCT-1_1_1"
"652","CAATGACAGATTGACA-1_1_1"
"653","CAATTTCAGCCTCGTG-1_1_1"
"654","CAATTTCAGTATAGGT-1_1_1"
"655","CAATTTCTCATGAGTC-1_1_1"
"656","CAATTTCTCCAACCAA-1_1_1"
"657","CACAACAAGGGAACAA-1_1_1"
"658","CACAACACACACGGAA-1_1_1"
"659","CACAACATCCACAGGC-1_1_1"
"660","CACACAAAGAACGTGC-1_1_1"
"661","CACACAATCCGTCCTA-1_1_1"
"662","CACACAATCGGCTTCT-1_1_1"
"663","CACAGATAGCATAGGC-1_1_1"
"664","CACAGATAGGCAGGGA-1_1_1"
"665","CACAGATCAACGTATC-1_1_1"
"666","CACAGATGTTCCGCTT-1_1_1"
"667","CACAGGCAGCATGCGA-1_1_1"
"668","CACAGGCCAGCGTGCT-1_1_1"
"669","CACAGGCCATGGCCCA-1_1_1"
"670","CACAGGCGTGTTATCG-1_1_1"
"671","CACATGAAGAAGATCT-1_1_1"
"672","CACATGAAGCACTCCG-1_1_1"
"673","CACATGACAATTGCAC-1_1_1"
"674","CACATGACACGACAAG-1_1_1"
"675","CACCAAAAGCGTGAAC-1_1_1"
"676","CACCAAACAACCGTAT-1_1_1"
"677","CACCAAATCGGAAACG-1_1_1"
"678","CACCGTTAGATAACAC-1_1_1"
"679","CACCGTTAGCGTATGG-1_1_1"
"680","CACCGTTGTCGATTTG-1_1_1"
"681","CACGAATCACTAACGT-1_1_1"
"682","CACGAATGTGGGCTTC-1_1_1"
"683","CACGAATTCACCGGTG-1_1_1"
"684","CACGAATTCCGCTGTT-1_1_1"
"685","CACGGGTCAATTCACG-1_1_1"
"686","CACGGGTGTATTGCCA-1_1_1"
"687","CACGTGGAGATTAGCA-1_1_1"
"688","CACGTGGAGGCTGTAG-1_1_1"
"689","CACGTGGCAATTCTCT-1_1_1"
"690","CACGTGGGTTCTCACC-1_1_1"
"691","CACGTTCAGGTGGGTT-1_1_1"
"692","CACGTTCCATCCTTCG-1_1_1"
"693","CACGTTCTCCGAAATC-1_1_1"
"694","CACTAAGAGACGATAT-1_1_1"
"695","CACTAAGAGCCTTTCC-1_1_1"
"696","CACTAAGAGTTGCTCA-1_1_1"
"697","CACTAAGCAAGTACCT-1_1_1"
"698","CACTAAGTCGCTAATG-1_1_1"
"699","CACTGAATCCATTTCA-1_1_1"
"700","CACTGGGGTTAAAGTG-1_1_1"
"701","CACTGGGGTTATCTTC-1_1_1"
"702","CACTGGGTCTTCTGGC-1_1_1"
"703","CACTGTCAGATCCAAA-1_1_1"
"704","CACTTCGAGGGCTGAT-1_1_1"
"705","CACTTCGCATCATCTT-1_1_1"
"706","CAGAGCCCAAATGAGT-1_1_1"
"707","CAGAGCCCAATCACGT-1_1_1"
"708","CAGAGCCTCGCTAAAC-1_1_1"
"709","CAGAGCCTCTCGCGTT-1_1_1"
"710","CAGATACCAGAACTTC-1_1_1"
"711","CAGATCAAGAGCCTGA-1_1_1"
"712","CAGATCAAGCTCAGAG-1_1_1"
"713","CAGATCAAGCTTACGT-1_1_1"
"714","CAGATCAGTGAGCAGT-1_1_1"
"715","CAGATCATCCAACTAG-1_1_1"
"716","CAGATCATCTTTGCAT-1_1_1"
"717","CAGATTGCACATTACG-1_1_1"
"718","CAGATTGGTATCGTAC-1_1_1"
"719","CAGATTGGTCATAACC-1_1_1"
"720","CAGATTGGTTTCACTT-1_1_1"
"721","CAGCAATCATCTTAGG-1_1_1"
"722","CAGCAATTCCTACGAA-1_1_1"
"723","CAGCAATTCGACTCCT-1_1_1"
"724","CAGCAATTCTAAGCGT-1_1_1"
"725","CAGCACGCACCAGTTA-1_1_1"
"726","CAGCAGCGTTTCGTAG-1_1_1"
"727","CAGCCAGGTGTAGCAG-1_1_1"
"728","CAGCCAGTCACGGAGA-1_1_1"
"729","CAGCGTGAGGATGTTA-1_1_1"
"730","CAGCGTGAGTCAGCCC-1_1_1"
"731","CAGCGTGCAAAGGCTG-1_1_1"
"732","CAGCGTGCACGTGTGC-1_1_1"
"733","CAGCGTGCATCATTGG-1_1_1"
"734","CAGCGTGCATTATGCG-1_1_1"
"735","CAGCGTGGTAGGCTCC-1_1_1"
"736","CAGCGTGGTCTGGTTA-1_1_1"
"737","CAGGCCAAGGCTTAAA-1_1_1"
"738","CAGGGCTGTAGCGTAG-1_1_1"
"739","CAGGTATAGCGTTAGG-1_1_1"
"740","CAGGTATCAAACACCT-1_1_1"
"741","CAGTGCGAGCACTCTA-1_1_1"
"742","CAGTGCGCAAATGGTA-1_1_1"
"743","CAGTGCGCATCCGTTC-1_1_1"
"744","CAGTTAGCAACGACAG-1_1_1"
"745","CAGTTAGCATCTCGTC-1_1_1"
"746","CAGTTAGGTAGGTTTC-1_1_1"
"747","CAGTTAGGTTCTCACC-1_1_1"
"748","CAGTTCCGTGACCTGC-1_1_1"
"749","CATAAGCAGACCATAA-1_1_1"
"750","CATAAGCAGATGTTCC-1_1_1"
"751","CATAAGCCATGCCGAC-1_1_1"
"752","CATAAGCGTGTTCATG-1_1_1"
"753","CATACAGGTTAGAAAC-1_1_1"
"754","CATACCCCATGAAGGC-1_1_1"
"755","CATACCCGTTCGAGCC-1_1_1"
"756","CATACCCTCATACGGT-1_1_1"
"757","CATACCCTCATTTGTC-1_1_1"
"758","CATACCCTCGTAGTGT-1_1_1"
"759","CATACTTGTCTTTATC-1_1_1"
"760","CATAGACAGAGGGTCT-1_1_1"
"761","CATAGACAGATGTAGT-1_1_1"
"762","CATAGACAGGTGCTTT-1_1_1"
"763","CATCAAGCAGGTATGG-1_1_1"
"764","CATCCACAGACATGCG-1_1_1"
"765","CATCCCAAGATTCGCT-1_1_1"
"766","CATCCCAGTATCATGC-1_1_1"
"767","CATCCCAGTCCACATA-1_1_1"
"768","CATCCGTAGCATCAGG-1_1_1"
"769","CATCCGTAGCGATTCT-1_1_1"
"770","CATCCGTAGGTAGTCG-1_1_1"
"771","CATCCGTAGGTGCTGA-1_1_1"
"772","CATCCGTCAGATCATC-1_1_1"
"773","CATCGCTCAGGACAGT-1_1_1"
"774","CATCGCTGTACTCGAT-1_1_1"
"775","CATCGCTGTCCCTGTT-1_1_1"
"776","CATCGCTTCGTTCAGA-1_1_1"
"777","CATCGGGAGCGACCCT-1_1_1"
"778","CATCGGGCATACCGTA-1_1_1"
"779","CATCGGGCATGAAGCG-1_1_1"
"780","CATCGGGGTACTCGAT-1_1_1"
"781","CATCGGGTCTTACTGT-1_1_1"
"782","CATCGTCAGATAGCTA-1_1_1"
"783","CATGAGTGTATGCGGA-1_1_1"
"784","CATGAGTGTTCGTTCC-1_1_1"
"785","CATGAGTTCGTTAGAC-1_1_1"
"786","CATGCCTAGACATACA-1_1_1"
"787","CATGCCTTCATTGCTT-1_1_1"
"788","CATGCGGAGCCGCACT-1_1_1"
"789","CATGCGGAGCCTGAGA-1_1_1"
"790","CATGCGGAGTCAGGGT-1_1_1"
"791","CATGCGGAGTTGTACC-1_1_1"
"792","CATGCGGGTGATGGCA-1_1_1"
"793","CATGCTCAGGCGTTAG-1_1_1"
"794","CATGCTCTCTCGTGAA-1_1_1"
"795","CATGGATAGATACGAT-1_1_1"
"796","CATGGATCAAGACGAC-1_1_1"
"797","CATGGATTCCCATTTA-1_1_1"
"798","CATGGTAAGCAAATCA-1_1_1"
"799","CATGGTAGTATCCCTC-1_1_1"
"800","CATGGTATCTCGCCTA-1_1_1"
"801","CATTCATAGAACGCGT-1_1_1"
"802","CATTCATCAACGGGTA-1_1_1"
"803","CATTCATCAGGACGAT-1_1_1"
"804","CATTCATCATCCTTCG-1_1_1"
"805","CATTCATGTCGCGTTG-1_1_1"
"806","CATTCATGTGCCGAAA-1_1_1"
"807","CATTCCGCACCGGCTA-1_1_1"
"808","CATTCTACAAATGCGG-1_1_1"
"809","CATTCTACAGATACTC-1_1_1"
"810","CATTCTAGTCTCCCTA-1_1_1"
"811","CATTCTATCAGGTAAA-1_1_1"
"812","CATTGAGCACACAGAG-1_1_1"
"813","CATTGCCAGTGCACTT-1_1_1"
"814","CATTGTTCACAAATAG-1_1_1"
"815","CATTGTTCATAACTCG-1_1_1"
"816","CATTGTTCATTAAAGG-1_1_1"
"817","CATTGTTTCTTGAGCA-1_1_1"
"818","CCAAGCGCAGTTAGGG-1_1_1"
"819","CCAAGCGGTAGATCCT-1_1_1"
"820","CCAAGCGGTCCGTTTC-1_1_1"
"821","CCAATGAAGCTGCCAC-1_1_1"
"822","CCAATGAGTCAATGGG-1_1_1"
"823","CCAATGATCACCTACC-1_1_1"
"824","CCAATGATCCCAGGAC-1_1_1"
"825","CCAATTTAGGAGGTTC-1_1_1"
"826","CCAATTTCACTCACTC-1_1_1"
"827","CCAATTTCACTCGATA-1_1_1"
"828","CCAATTTCAGACGATG-1_1_1"
"829","CCAATTTGTCCTGGTG-1_1_1"
"830","CCAATTTGTGTGAGCA-1_1_1"
"831","CCAATTTTCTCGGCTT-1_1_1"
"832","CCACAAACAGGTTACT-1_1_1"
"833","CCACAAATCAGATGCT-1_1_1"
"834","CCACACTCAGAAATCA-1_1_1"
"835","CCACACTGTAGCACAG-1_1_1"
"836","CCACACTTCTAGGCCG-1_1_1"
"837","CCACCATAGCCTAACT-1_1_1"
"838","CCACCATAGTAAGAGG-1_1_1"
"839","CCACCATCAGCTGAAG-1_1_1"
"840","CCACCATCATCTAGAC-1_1_1"
"841","CCACCATTCGTTACCC-1_1_1"
"842","CCACGAGAGCCTATTG-1_1_1"
"843","CCACGAGAGTTAGTAG-1_1_1"
"844","CCACGAGGTGTTGCCG-1_1_1"
"845","CCACGAGTCTCTTCAA-1_1_1"
"846","CCACGTTAGAAGTGTT-1_1_1"
"847","CCACGTTCATCGGAAG-1_1_1"
"848","CCACGTTCATCTAACG-1_1_1"
"849","CCACGTTGTGGTAATA-1_1_1"
"850","CCACGTTTCGATACGT-1_1_1"
"851","CCACTTGAGCGTATGG-1_1_1"
"852","CCACTTGAGGGTGAAA-1_1_1"
"853","CCACTTGCAAGGAGTC-1_1_1"
"854","CCACTTGCATCATCTT-1_1_1"
"855","CCACTTGTCTTAATCC-1_1_1"
"856","CCACTTGTCTTCGCTG-1_1_1"
"857","CCATAAGAGAACTGAT-1_1_1"
"858","CCATAAGCAAGTGGTG-1_1_1"
"859","CCATAAGCACTGCATA-1_1_1"
"860","CCATAAGGTACGATCT-1_1_1"
"861","CCATCACAGGGTGAGG-1_1_1"
"862","CCCAACTAGGTGGTTG-1_1_1"
"863","CCCAACTGTAGGTTTC-1_1_1"
"864","CCCAACTTCACGGGAA-1_1_1"
"865","CCCATTGGTGTCATGT-1_1_1"
"866","CCCGAAGCAATCACGT-1_1_1"
"867","CCCGAAGGTACACGCC-1_1_1"
"868","CCCGAAGGTAGCGCTC-1_1_1"
"869","CCCGGAAAGCTGTGCC-1_1_1"
"870","CCCGGAACAAATTGCC-1_1_1"
"871","CCCGGAACATGGGTTT-1_1_1"
"872","CCCGGAAGTAGGTACG-1_1_1"
"873","CCCGGAATCATTCGGA-1_1_1"
"874","CCCTAACCAACTTGGT-1_1_1"
"875","CCCTAACCATGGAGAC-1_1_1"
"876","CCCTCAACAGACAATA-1_1_1"
"877","CCCTCTCAGATACAGT-1_1_1"
"878","CCCTCTCGTATCCTTT-1_1_1"
"879","CCCTCTCGTCAGCGTC-1_1_1"
"880","CCCTGATCAACCAATC-1_1_1"
"881","CCCTGATTCGTACCTC-1_1_1"
"882","CCCTTAGCACAATCTG-1_1_1"
"883","CCCTTAGGTCAAAGAT-1_1_1"
"884","CCCTTAGTCGTGGTAT-1_1_1"
"885","CCGAACGAGCCAGTAG-1_1_1"
"886","CCGAACGAGGCTATCT-1_1_1"
"887","CCGAACGCAAGCGCAA-1_1_1"
"888","CCGATCTCAAAGCTAA-1_1_1"
"889","CCGATGGAGGTAGACC-1_1_1"
"890","CCGATGGGTGTATCCA-1_1_1"
"891","CCGCAAGGTCCAGGTC-1_1_1"
"892","CCGCAAGGTTTGGGAG-1_1_1"
"893","CCGCAAGTCAAACTGC-1_1_1"
"894","CCGGACACACTACACA-1_1_1"
"895","CCGGGTAAGAATAACC-1_1_1"
"896","CCGGGTACACAATTCG-1_1_1"
"897","CCGGGTACACATTCGA-1_1_1"
"898","CCGGTAGAGCGTTAGG-1_1_1"
"899","CCGGTAGGTGGAACCA-1_1_1"
"900","CCGGTAGGTGTTCCAA-1_1_1"
"901","CCGGTAGTCTTCCTAA-1_1_1"
"902","CCGTAGGAGTTGCGCC-1_1_1"
"903","CCGTAGGCAATGTCAC-1_1_1"
"904","CCGTAGGCACTTCTCG-1_1_1"
"905","CCGTAGGGTGGTATGG-1_1_1"
"906","CCGTAGGTCAGCGCGT-1_1_1"
"907","CCGTGAGAGAACAAGG-1_1_1"
"908","CCGTGAGAGGCATCAG-1_1_1"
"909","CCGTGAGAGTACAGAT-1_1_1"
"910","CCGTGAGGTCAAAGCG-1_1_1"
"911","CCGTGAGGTGCAAGAC-1_1_1"
"912","CCGTGAGGTGCGGTAA-1_1_1"
"913","CCGTTCAAGAAGCGCT-1_1_1"
"914","CCGTTCAAGAATCGCG-1_1_1"
"915","CCGTTCAAGAGTTGTA-1_1_1"
"916","CCTAAGAAGTATGAGT-1_1_1"
"917","CCTAAGAGTCACATTG-1_1_1"
"918","CCTACGTAGATGACCG-1_1_1"
"919","CCTATCGAGTAGCCAG-1_1_1"
"920","CCTATCGTCGGAAGGT-1_1_1"
"921","CCTCACACACGACAGA-1_1_1"
"922","CCTCACACAGCTCTGG-1_1_1"
"923","CCTCAGTAGAATACAC-1_1_1"
"924","CCTCAGTTCTGTAACG-1_1_1"
"925","CCTCATGGTAGCGCCT-1_1_1"
"926","CCTCATGTCCTCACCA-1_1_1"
"927","CCTCATGTCGCATTGA-1_1_1"
"928","CCTCCAAGTCCAGCCA-1_1_1"
"929","CCTCCAAGTGCGTTTA-1_1_1"
"930","CCTCCAAGTGTACAGG-1_1_1"
"931","CCTCCAATCCCGATCT-1_1_1"
"932","CCTCCAATCGTTCATT-1_1_1"
"933","CCTCCTCAGCCAAGTG-1_1_1"
"934","CCTCCTCCAACACAGG-1_1_1"
"935","CCTCCTCGTCTAGGCC-1_1_1"
"936","CCTCCTCTCGGTCGGT-1_1_1"
"937","CCTCCTCTCTCCCAAC-1_1_1"
"938","CCTCTAGAGTTGCGCC-1_1_1"
"939","CCTCTAGCACTTGGCG-1_1_1"
"940","CCTCTAGCAGGTTTAC-1_1_1"
"941","CCTCTAGCATGAGGGT-1_1_1"
"942","CCTCTAGTCCATATGG-1_1_1"
"943","CCTCTCCGTCATCGCG-1_1_1"
"944","CCTCTCCGTCGAACAG-1_1_1"
"945","CCTCTCCTCGGACCAC-1_1_1"
"946","CCTGCATAGACAACAT-1_1_1"
"947","CCTGTTGCAAACACCT-1_1_1"
"948","CCTTGTGAGTCCTACA-1_1_1"
"949","CCTTGTGAGTGATAGT-1_1_1"
"950","CCTTGTGCACCCTCTA-1_1_1"
"951","CCTTGTGTCATTGTTC-1_1_1"
"952","CCTTTGGGTAGACGTG-1_1_1"
"953","CCTTTGGGTCGTTGGC-1_1_1"
"954","CCTTTGGGTGCAATAA-1_1_1"
"955","CCTTTGGTCACTTGTT-1_1_1"
"956","CCTTTGGTCTTCGCTG-1_1_1"
"957","CGAAGGAAGCGCCGTT-1_1_1"
"958","CGAAGGAAGGTTGAGC-1_1_1"
"959","CGAAGGAGTAGTGTGG-1_1_1"
"960","CGAAGTTGTAACCCTA-1_1_1"
"961","CGAATTGCAACAACAA-1_1_1"
"962","CGAATTGGTACAGAGC-1_1_1"
"963","CGAATTGGTCCTGAAT-1_1_1"
"964","CGACAGCAGTTGGAAT-1_1_1"
"965","CGACAGCGTTAGTTCG-1_1_1"
"966","CGACAGCTCAAGTTGC-1_1_1"
"967","CGACAGCTCAGCAGAG-1_1_1"
"968","CGACAGCTCCATTTCA-1_1_1"
"969","CGAGAAGCAGCAGAAC-1_1_1"
"970","CGAGAAGTCCCATACC-1_1_1"
"971","CGAGGAAGTCTGGTTA-1_1_1"
"972","CGAGGAATCCACGGGT-1_1_1"
"973","CGAGGCTAGCGTTCCG-1_1_1"
"974","CGAGGCTCACAACGAG-1_1_1"
"975","CGAGGCTGTGAGATAT-1_1_1"
"976","CGAGTGCAGGGCAGAG-1_1_1"
"977","CGAGTGCGTTCGTTCC-1_1_1"
"978","CGAGTGCTCGGTCATA-1_1_1"
"979","CGAGTTAAGCCAAGGT-1_1_1"
"980","CGAGTTAGTCCTTAAG-1_1_1"
"981","CGATCGGAGACTTCAC-1_1_1"
"982","CGATGCGAGCGAACTG-1_1_1"
"983","CGATGCGGTAACCCTA-1_1_1"
"984","CGATGGCAGTGCCTCG-1_1_1"
"985","CGATGGCTCACGAACT-1_1_1"
"986","CGCAGGTAGAATCCCT-1_1_1"
"987","CGCAGGTAGCTCGCAC-1_1_1"
"988","CGCATAACACCTGTCT-1_1_1"
"989","CGCATAAGTTCGAAGG-1_1_1"
"990","CGCATGGAGGGCAGAG-1_1_1"
"991","CGCATGGAGGGTATAT-1_1_1"
"992","CGCATGGCACGATAGG-1_1_1"
"993","CGCATGGTCGTTGTGA-1_1_1"
"994","CGCCAGAAGGAGGCAG-1_1_1"
"995","CGCCAGAGTACTTGTG-1_1_1"
"996","CGCCAGATCGCTTAAG-1_1_1"
"997","CGCCATTAGACGCCAA-1_1_1"
"998","CGCCATTAGCCGATTT-1_1_1"
"999","CGCCATTAGGGCAGGA-1_1_1"
"1000","CGCCATTGTGACAGGT-1_1_1"
"1001","CGCCATTTCACCATCC-1_1_1"
"1002","CGCGTGACATAGAGGC-1_1_1"
"1003","CGGAACCCAAATAGCA-1_1_1"
"1004","CGGAACCGTTAGGAGC-1_1_1"
"1005","CGGAACCGTTCTCCAC-1_1_1"
"1006","CGGAACCTCAGACCTA-1_1_1"
"1007","CGGAATTAGTCATGAA-1_1_1"
"1008","CGGAATTCACGTGTGC-1_1_1"
"1009","CGGAATTGTACCTGTA-1_1_1"
"1010","CGGAATTGTCACTCAA-1_1_1"
"1011","CGGAATTGTTTGGGAG-1_1_1"
"1012","CGGACACAGCCAAGTG-1_1_1"
"1013","CGGACACGTATCCCTC-1_1_1"
"1014","CGGACACGTCGGTGAA-1_1_1"
"1015","CGGACACTCTCCGTGT-1_1_1"
"1016","CGGAGAAGTCAAATCC-1_1_1"
"1017","CGGAGAAGTCATAGTC-1_1_1"
"1018","CGGAGAAGTGCAACGA-1_1_1"
"1019","CGGAGAATCCCTAGGG-1_1_1"
"1020","CGGAGAATCTGGTGGC-1_1_1"
"1021","CGGCAGTGTAATGATG-1_1_1"
"1022","CGGGACTCAACTGATC-1_1_1"
"1023","CGGGACTGTCGAATGG-1_1_1"
"1024","CGGGACTTCAACACCA-1_1_1"
"1025","CGGGCATAGCACGATG-1_1_1"
"1026","CGGGCATAGGCCTTGC-1_1_1"
"1027","CGGGCATAGGTCGACA-1_1_1"
"1028","CGGGCATCAGAGTTCT-1_1_1"
"1029","CGGGCATCATGGCCCA-1_1_1"
"1030","CGGGCATTCGTAACCA-1_1_1"
"1031","CGGGTCACAAGTTTGC-1_1_1"
"1032","CGGGTCATCATCCTGC-1_1_1"
"1033","CGGGTGTCAGAGGTTG-1_1_1"
"1034","CGGTCAGCATCCTTCG-1_1_1"
"1035","CGGTCAGGTACTCGTA-1_1_1"
"1036","CGGTCAGGTCCAGTTA-1_1_1"
"1037","CGGTCAGTCACTACTT-1_1_1"
"1038","CGTAAGTCAGAGACTG-1_1_1"
"1039","CGTAAGTGTCATAGTC-1_1_1"
"1040","CGTAAGTGTCGAAACG-1_1_1"
"1041","CGTAAGTGTTACGATC-1_1_1"
"1042","CGTAATGAGCTGAGTG-1_1_1"
"1043","CGTAATGAGTTTCAGC-1_1_1"
"1044","CGTAATGCACTCAAGT-1_1_1"
"1045","CGTAATGGTACCCGAC-1_1_1"
"1046","CGTAGTACATAGAGGC-1_1_1"
"1047","CGTAGTAGTTGTCAGT-1_1_1"
"1048","CGTAGTAGTTTCGTGA-1_1_1"
"1049","CGTAGTATCCGAACGC-1_1_1"
"1050","CGTCAAAGTACGGATG-1_1_1"
"1051","CGTCAAAGTCCGGATC-1_1_1"
"1052","CGTCAAAGTTTGGGTT-1_1_1"
"1053","CGTGAATAGTGGACGT-1_1_1"
"1054","CGTGAATCAATCAGCT-1_1_1"
"1055","CGTGAATGTGAATGTA-1_1_1"
"1056","CGTGAATTCCACAGGC-1_1_1"
"1057","CGTGAATTCGACCAAT-1_1_1"
"1058","CGTGATAAGTGATCGG-1_1_1"
"1059","CGTGATACAAATCAAG-1_1_1"
"1060","CGTGATACACCTCAGG-1_1_1"
"1061","CGTGATACAGGGTTGA-1_1_1"
"1062","CGTGATAGTCACCTTC-1_1_1"
"1063","CGTGATAGTCTGATAC-1_1_1"
"1064","CGTGATATCGTAGCTA-1_1_1"
"1065","CGTGCTTCACGTAGAG-1_1_1"
"1066","CGTGCTTCAGCTTCGG-1_1_1"
"1067","CGTGCTTTCACCGGTG-1_1_1"
"1068","CGTTAGAAGTTCCGTA-1_1_1"
"1069","CGTTAGAGTCTTACAG-1_1_1"
"1070","CGTTAGAGTTAGTTCG-1_1_1"
"1071","CGTTAGAGTTCAGCTA-1_1_1"
"1072","CGTTCTGCACGATAGG-1_1_1"
"1073","CGTTGGGAGAGGCGGA-1_1_1"
"1074","CGTTGGGAGCGTTCCG-1_1_1"
"1075","CTAACCCAGTTCCGTA-1_1_1"
"1076","CTAACCCTCAGACTGT-1_1_1"
"1077","CTAACTTCAAGAAATC-1_1_1"
"1078","CTAACTTTCTTTGCAT-1_1_1"
"1079","CTAAGTGAGGGTCACA-1_1_1"
"1080","CTAAGTGAGTTAACGA-1_1_1"
"1081","CTAAGTGCAGTCGAGA-1_1_1"
"1082","CTACAGAAGAGCAGTC-1_1_1"
"1083","CTACAGAAGCGTTACT-1_1_1"
"1084","CTACAGACACGAGGAT-1_1_1"
"1085","CTACAGACAGTCTTCC-1_1_1"
"1086","CTACAGAGTGGTCTAT-1_1_1"
"1087","CTACAGAGTGTTAGCT-1_1_1"
"1088","CTACAGATCCGATGCG-1_1_1"
"1089","CTACAGATCTTTCAGT-1_1_1"
"1090","CTACATTCACCAGGTC-1_1_1"
"1091","CTACATTGTTTCGTGA-1_1_1"
"1092","CTACCCAAGCGTCTGC-1_1_1"
"1093","CTACCCACACTGCGTG-1_1_1"
"1094","CTACCCACAGAAATCA-1_1_1"
"1095","CTACCTGGTGGAGAAA-1_1_1"
"1096","CTACCTGGTTGCATAC-1_1_1"
"1097","CTACGGGGTTGGAGGT-1_1_1"
"1098","CTACGGGTCGGTTGTA-1_1_1"
"1099","CTACTATGTCCAAGAG-1_1_1"
"1100","CTACTATTCTCCTGCA-1_1_1"
"1101","CTAGACAAGCACGTCC-1_1_1"
"1102","CTAGACAAGTCATAGA-1_1_1"
"1103","CTAGACACACACTTAG-1_1_1"
"1104","CTAGGTAAGCCGTCGT-1_1_1"
"1105","CTAGGTATCCCGAGAC-1_1_1"
"1106","CTATAGGTCACTTTGT-1_1_1"
"1107","CTATCCGGTCACTCTC-1_1_1"
"1108","CTATCCGGTTCTCCTG-1_1_1"
"1109","CTATCTACAAGAGTTA-1_1_1"
"1110","CTATCTACACCAGGTC-1_1_1"
"1111","CTATCTACAGTCAGTT-1_1_1"
"1112","CTATCTACATGACTGT-1_1_1"
"1113","CTCAACCAGGATGAGA-1_1_1"
"1114","CTCAAGAAGGTAAGGA-1_1_1"
"1115","CTCAAGACACGCGGTT-1_1_1"
"1116","CTCAATTGTCTTCTAT-1_1_1"
"1117","CTCAATTTCAAATGAG-1_1_1"
"1118","CTCAATTTCATACGGT-1_1_1"
"1119","CTCACTGCAAATCGGG-1_1_1"
"1120","CTCAGAACAAGACGAC-1_1_1"
"1121","CTCAGTCAGGAGAGGC-1_1_1"
"1122","CTCATCGTCATTACCT-1_1_1"
"1123","CTCATGCCACTCTAGA-1_1_1"
"1124","CTCATTAAGGGATGTC-1_1_1"
"1125","CTCATTACACTTGAGT-1_1_1"
"1126","CTCATTAGTCTGCCTT-1_1_1"
"1127","CTCATTATCCATCAGA-1_1_1"
"1128","CTCCAACAGACTGAGC-1_1_1"
"1129","CTCCAACCACCCTGTT-1_1_1"
"1130","CTCCAACGTCCGAAAG-1_1_1"
"1131","CTCCAACGTTGTCCCT-1_1_1"
"1132","CTCCACAAGCTTAAGA-1_1_1"
"1133","CTCCATGCATTCGATG-1_1_1"
"1134","CTCCCTCAGAGGCGGA-1_1_1"
"1135","CTCCCTCCAGAGGTAC-1_1_1"
"1136","CTCCCTCGTACGTAGG-1_1_1"
"1137","CTCCCTCGTCTTCGAA-1_1_1"
"1138","CTCCGATCATCAGCGC-1_1_1"
"1139","CTCCGATGTGGTAATA-1_1_1"
"1140","CTCCTCCCACGATTCA-1_1_1"
"1141","CTCCTCCGTCTCTCCA-1_1_1"
"1142","CTCCTCCTCGTTTACT-1_1_1"
"1143","CTCCTTTAGACCTCCG-1_1_1"
"1144","CTCGAGGCACTCACTC-1_1_1"
"1145","CTCGAGGTCCCATTTA-1_1_1"
"1146","CTCTCAGAGACCCTTA-1_1_1"
"1147","CTCTCAGAGTCATACC-1_1_1"
"1148","CTCTCGAAGGCTCTCG-1_1_1"
"1149","CTCTCGACAGGCTCTG-1_1_1"
"1150","CTCTGGTCATAACCCA-1_1_1"
"1151","CTCTGGTGTTATTCTC-1_1_1"
"1152","CTCTGGTTCTATCACT-1_1_1"
"1153","CTGAATGCAAACGTGG-1_1_1"
"1154","CTGAATGTCCGTAATG-1_1_1"
"1155","CTGAGCGAGATACGAT-1_1_1"
"1156","CTGAGCGCACCTCTGT-1_1_1"
"1157","CTGAGCGCAGTGTATC-1_1_1"
"1158","CTGAGCGTCTCGGGAC-1_1_1"
"1159","CTGAGCGTCTGGTGGC-1_1_1"
"1160","CTGATCCAGTGTTGAA-1_1_1"
"1161","CTGATCCGTGAGGAAA-1_1_1"
"1162","CTGATCCTCAGAACCT-1_1_1"
"1163","CTGATCCTCAGATGCT-1_1_1"
"1164","CTGCAGGAGCGTGTCC-1_1_1"
"1165","CTGCAGGCAAATGGCG-1_1_1"
"1166","CTGCAGGGTGTTAGCT-1_1_1"
"1167","CTGCATCGTGGAGAAA-1_1_1"
"1168","CTGCCATGTAGATCCT-1_1_1"
"1169","CTGCCATGTCCAGAAG-1_1_1"
"1170","CTGCCTAAGTTTCGGT-1_1_1"
"1171","CTGCCTACAGAGCGTA-1_1_1"
"1172","CTGCCTACATGGCTAT-1_1_1"
"1173","CTGCGAGAGCGATGCA-1_1_1"
"1174","CTGCGAGCACTGGCCA-1_1_1"
"1175","CTGCGAGCATCATCTT-1_1_1"
"1176","CTGCGAGTCATTCCTA-1_1_1"
"1177","CTGCTCAAGGAAAGAC-1_1_1"
"1178","CTGCTCAAGTTCCAGT-1_1_1"
"1179","CTGCTCAGTCATGCAT-1_1_1"
"1180","CTGGACGAGATGAATC-1_1_1"
"1181","CTGGACGAGGTAGCAC-1_1_1"
"1182","CTGGACGCATTGCTGA-1_1_1"
"1183","CTGGCAGAGCACCCAC-1_1_1"
"1184","CTGGCAGAGGTATAGT-1_1_1"
"1185","CTGGCAGAGTAAACAC-1_1_1"
"1186","CTGGCAGAGTCCGTCG-1_1_1"
"1187","CTGGCAGCACCTGATA-1_1_1"
"1188","CTGGTCTAGCCTCTTC-1_1_1"
"1189","CTGGTCTAGTAGGTTA-1_1_1"
"1190","CTGGTCTGTGTCATGT-1_1_1"
"1191","CTGTACCAGTACTGGG-1_1_1"
"1192","CTGTACCGTCCGGTCA-1_1_1"
"1193","CTGTACCTCCGATGCG-1_1_1"
"1194","CTGTAGACAAGACGGT-1_1_1"
"1195","CTGTAGACAGGTCAGA-1_1_1"
"1196","CTGTAGATCTAACGGT-1_1_1"
"1197","CTGTATTTCTCGGCTT-1_1_1"
"1198","CTGTCGTAGATTGGGC-1_1_1"
"1199","CTGTCGTTCGTAACAC-1_1_1"
"1200","CTGTGAAAGGGTTTCT-1_1_1"
"1201","CTGTGAACACTTCATT-1_1_1"
"1202","CTGTGGGCAAGAGTTA-1_1_1"
"1203","CTGTGGGCAAGATCCT-1_1_1"
"1204","CTGTGGGCACATATCG-1_1_1"
"1205","CTGTGGGGTCGCATCG-1_1_1"
"1206","CTGTGGGGTGGTCCCA-1_1_1"
"1207","CTTACCGCAGGCATTT-1_1_1"
"1208","CTTACCGGTCAATCTG-1_1_1"
"1209","CTTAGGACAGCGACCT-1_1_1"
"1210","CTTAGGAGTGAGTAAT-1_1_1"
"1211","CTTCAATAGATGTTCC-1_1_1"
"1212","CTTCAATAGATTAGAC-1_1_1"
"1213","CTTCAATAGTGAGGTC-1_1_1"
"1214","CTTCAATCAGCGTTTA-1_1_1"
"1215","CTTCAATGTCGAACAG-1_1_1"
"1216","CTTCAATGTTCAGCGC-1_1_1"
"1217","CTTCAATTCGCTACAA-1_1_1"
"1218","CTTCCGACAGCATCTA-1_1_1"
"1219","CTTCCGAGTCTACGAT-1_1_1"
"1220","CTTCCGAGTTCAGTAC-1_1_1"
"1221","CTTCGGTAGCTAGAAT-1_1_1"
"1222","CTTCGGTTCCTACCGT-1_1_1"
"1223","CTTCGGTTCGTTGTGA-1_1_1"
"1224","CTTCTAACACCAGGTC-1_1_1"
"1225","CTTCTCTAGCCTCTCT-1_1_1"
"1226","CTTCTCTCAAGGTCTT-1_1_1"
"1227","CTTCTCTGTTGGCCGT-1_1_1"
"1228","CTTGAGAAGATTAGTG-1_1_1"
"1229","CTTGAGACAGGAGGTT-1_1_1"
"1230","CTTGAGACATGAATCC-1_1_1"
"1231","CTTGAGAGTTACCCAA-1_1_1"
"1232","CTTGAGATCTCTCGAC-1_1_1"
"1233","CTTGATTCACTGCTTC-1_1_1"
"1234","CTTGATTTCATAGACC-1_1_1"
"1235","CTTTCAAAGTCTAACC-1_1_1"
"1236","CTTTCAATCACCGCTT-1_1_1"
"1237","CTTTCGGAGAACAGGA-1_1_1"
"1238","CTTTCGGAGGCCTGAA-1_1_1"
"1239","CTTTCGGTCAGCTTCC-1_1_1"
"1240","GAAACCTAGCATAGGC-1_1_1"
"1241","GAAACCTAGGTGCTAG-1_1_1"
"1242","GAAACCTCACCACATA-1_1_1"
"1243","GAAACCTTCCGTTGGG-1_1_1"
"1244","GAAACCTTCGCCAACG-1_1_1"
"1245","GAAATGATCATTGTGG-1_1_1"
"1246","GAAATGATCCCTTGTG-1_1_1"
"1247","GAAATGATCGTCAAAC-1_1_1"
"1248","GAAATGATCTCTCGAC-1_1_1"
"1249","GAACACTAGCAAATGT-1_1_1"
"1250","GAACACTAGGCATCGA-1_1_1"
"1251","GAACACTCACTGATTG-1_1_1"
"1252","GAACACTGTATCGTGT-1_1_1"
"1253","GAACGTTAGCGAGTCA-1_1_1"
"1254","GAACGTTTCCGCACTT-1_1_1"
"1255","GAAGAATAGTACTGTC-1_1_1"
"1256","GAAGAATAGTCCCTAA-1_1_1"
"1257","GAAGAATCAACCGCCA-1_1_1"
"1258","GAAGAATTCGACATCA-1_1_1"
"1259","GAAGAATTCTCGCTCA-1_1_1"
"1260","GAAGCCCGTTATTCTC-1_1_1"
"1261","GAAGCGACAACACGTT-1_1_1"
"1262","GAAGCGAGTAGCGAGT-1_1_1"
"1263","GAAGCGAGTGTTTCTT-1_1_1"
"1264","GAAGGACAGGGCCCTT-1_1_1"
"1265","GAAGGGTGTCCAGCAC-1_1_1"
"1266","GAAGTAAAGCAATTAG-1_1_1"
"1267","GAAGTAAAGGCCTTCG-1_1_1"
"1268","GAAGTAATCAAGGACG-1_1_1"
"1269","GAATAGACATAACAGA-1_1_1"
"1270","GAATAGACATGGATCT-1_1_1"
"1271","GAATAGAGTGGCATCC-1_1_1"
"1272","GAATAGATCGGAGTAG-1_1_1"
"1273","GAATAGATCGGTGTAT-1_1_1"
"1274","GAATCACGTTTCACAG-1_1_1"
"1275","GAATCGTAGTAGTGCG-1_1_1"
"1276","GAATCGTCAGGGTTGA-1_1_1"
"1277","GAATCGTGTCTTAGTG-1_1_1"
"1278","GAATCGTTCTGCTTTA-1_1_1"
"1279","GACACGCCACAACGCC-1_1_1"
"1280","GACACGCCATAGATCC-1_1_1"
"1281","GACACGCGTCTCAGAT-1_1_1"
"1282","GACAGCCGTAATGCTC-1_1_1"
"1283","GACAGCCTCAAGAAAC-1_1_1"
"1284","GACATCACAGAGTTCT-1_1_1"
"1285","GACATCACAGTTTCAG-1_1_1"
"1286","GACATCAGTTCAGGTT-1_1_1"
"1287","GACCAATGTGTCACAT-1_1_1"
"1288","GACCAATTCCATGATG-1_1_1"
"1289","GACCAATTCTAGCCTC-1_1_1"
"1290","GACCCAGAGCTGCCAC-1_1_1"
"1291","GACCCAGAGGTTGGAC-1_1_1"
"1292","GACCCAGCATAGAAAC-1_1_1"
"1293","GACCCAGGTGCCTTCT-1_1_1"
"1294","GACCCAGTCACGGGCT-1_1_1"
"1295","GACCCTTAGTACAGCG-1_1_1"
"1296","GACCCTTCACATTCGA-1_1_1"
"1297","GACCCTTGTACAGGTG-1_1_1"
"1298","GACCGTGCACACGGAA-1_1_1"
"1299","GACCTTCGTACTAACC-1_1_1"
"1300","GACCTTCGTCATCTAG-1_1_1"
"1301","GACCTTCTCCATTTCA-1_1_1"
"1302","GACCTTCTCCGATGCG-1_1_1"
"1303","GACCTTCTCGGCCTTT-1_1_1"
"1304","GACGCTGAGACATACA-1_1_1"
"1305","GACGCTGAGATCCCAT-1_1_1"
"1306","GACGCTGTCACATACG-1_1_1"
"1307","GACGTTAAGAGGCGTT-1_1_1"
"1308","GACGTTAAGCACACAG-1_1_1"
"1309","GACGTTACACTGAATC-1_1_1"
"1310","GACGTTACACTGCATA-1_1_1"
"1311","GACGTTATCCCAAGTA-1_1_1"
"1312","GACTATGAGTTGTCAC-1_1_1"
"1313","GACTCAACAATTCTTC-1_1_1"
"1314","GACTCAACAGAGTCAG-1_1_1"
"1315","GACTCAATCCACGAAT-1_1_1"
"1316","GACTCAATCTGCGTCT-1_1_1"
"1317","GACTCTCCACTAGTAC-1_1_1"
"1318","GACTGATCACGAGGTA-1_1_1"
"1319","GACTGATTCTCATGGA-1_1_1"
"1320","GACTTCCAGTAGGCCA-1_1_1"
"1321","GACTTCCAGTGGATTA-1_1_1"
"1322","GACTTCCCAAGGCAAC-1_1_1"
"1323","GACTTCCCAGAGGAAA-1_1_1"
"1324","GAGAAATAGATTAGTG-1_1_1"
"1325","GAGAAATAGCGTTAGG-1_1_1"
"1326","GAGAAATAGGTACAAT-1_1_1"
"1327","GAGAAATCAATAGGGC-1_1_1"
"1328","GAGAAATGTGTTCAGT-1_1_1"
"1329","GAGAAATTCACCTTGC-1_1_1"
"1330","GAGACCCTCTTTGGAG-1_1_1"
"1331","GAGACTTCAAGTACCT-1_1_1"
"1332","GAGACTTGTACGATGG-1_1_1"
"1333","GAGACTTGTCAGGTAG-1_1_1"
"1334","GAGAGGTAGGGATGTC-1_1_1"
"1335","GAGAGGTTCATTATCC-1_1_1"
"1336","GAGATGGTCCGTCAAA-1_1_1"
"1337","GAGATGGTCGCCATAA-1_1_1"
"1338","GAGCCTGCAAGGGCAT-1_1_1"
"1339","GAGCCTGCAGATTCGT-1_1_1"
"1340","GAGCCTGTCTTCCGTG-1_1_1"
"1341","GAGCTGCGTACTGACT-1_1_1"
"1342","GAGCTGCTCGACGCTG-1_1_1"
"1343","GAGGCAAAGCGCTTCG-1_1_1"
"1344","GAGGCAAGTCTTCGAA-1_1_1"
"1345","GAGGCAATCTGTCAGA-1_1_1"
"1346","GAGGCCTCACGCTGTG-1_1_1"
"1347","GAGGCCTTCACAGTGT-1_1_1"
"1348","GAGGGATAGCGCCGTT-1_1_1"
"1349","GAGGGATCAGCCTTCT-1_1_1"
"1350","GAGGGATTCGGACAAG-1_1_1"
"1351","GAGGGTAAGATAGTGT-1_1_1"
"1352","GAGGGTACAGGGAGAG-1_1_1"
"1353","GAGTCTATCAGAGTTC-1_1_1"
"1354","GAGTCTATCTATGCCC-1_1_1"
"1355","GAGTGTTAGAAGATCT-1_1_1"
"1356","GAGTGTTAGGTGTGAC-1_1_1"
"1357","GAGTGTTCAGCAGTGA-1_1_1"
"1358","GAGTGTTGTCAGATTC-1_1_1"
"1359","GAGTGTTTCACTGAAC-1_1_1"
"1360","GAGTTACAGGGATCAC-1_1_1"
"1361","GAGTTACCATCAGTGT-1_1_1"
"1362","GAGTTGTAGATCGCTT-1_1_1"
"1363","GAGTTGTCATTGTGCA-1_1_1"
"1364","GAGTTTGAGGTAGCAC-1_1_1"
"1365","GAGTTTGCACGGAAGT-1_1_1"
"1366","GAGTTTGTCGGTAGGA-1_1_1"
"1367","GATAGAACAAACTGCT-1_1_1"
"1368","GATAGAACAGAGTGTG-1_1_1"
"1369","GATAGAAGTCGTTATG-1_1_1"
"1370","GATAGCTTCATAGACC-1_1_1"
"1371","GATAGCTTCATGAGTC-1_1_1"
"1372","GATCACAGTCCCTGTT-1_1_1"
"1373","GATCACATCTCTCAAT-1_1_1"
"1374","GATCAGTCATGCAGGA-1_1_1"
"1375","GATCAGTTCACTACTT-1_1_1"
"1376","GATCATGGTCGTATTG-1_1_1"
"1377","GATCATGTCGTGTTCC-1_1_1"
"1378","GATCCCTTCCACGGAC-1_1_1"
"1379","GATCGTACAAGTGCTT-1_1_1"
"1380","GATCGTATCCATAGAC-1_1_1"
"1381","GATGACTAGTGATCGG-1_1_1"
"1382","GATGACTGTAGAGACC-1_1_1"
"1383","GATGACTTCGTTGTTT-1_1_1"
"1384","GATGACTTCTACACTT-1_1_1"
"1385","GATGAGGAGACGGAAA-1_1_1"
"1386","GATGAGGAGTAGGGTC-1_1_1"
"1387","GATGAGGCAGCGAGTA-1_1_1"
"1388","GATGAGGGTCGGCACT-1_1_1"
"1389","GATGAGGGTTGACTGT-1_1_1"
"1390","GATGAGGTCATTTACC-1_1_1"
"1391","GATGATCAGCCTTCTC-1_1_1"
"1392","GATGATCGTACAAGCG-1_1_1"
"1393","GATGATCGTGGGTTGA-1_1_1"
"1394","GATGATCTCGTCTCAC-1_1_1"
"1395","GATGCTAAGAAGGGAT-1_1_1"
"1396","GATGCTACACATGGTT-1_1_1"
"1397","GATGCTAGTCACAATC-1_1_1"
"1398","GATGCTAGTGTCACAT-1_1_1"
"1399","GATGGAGAGCTCATAC-1_1_1"
"1400","GATGGAGGTAAGGCTG-1_1_1"
"1401","GATGGAGGTGAAAGTT-1_1_1"
"1402","GATGTTGAGAATTGCA-1_1_1"
"1403","GATGTTGAGCGGACAT-1_1_1"
"1404","GATGTTGTCGTTAGTG-1_1_1"
"1405","GATTCGAAGGTTATAG-1_1_1"
"1406","GATTCGAGTAGGCTCC-1_1_1"
"1407","GATTCTTCAAGAAATC-1_1_1"
"1408","GATTCTTCATCATCCC-1_1_1"
"1409","GATTCTTGTAATGCTC-1_1_1"
"1410","GATTCTTGTGTCGCTG-1_1_1"
"1411","GATTCTTTCATTCGTT-1_1_1"
"1412","GATTCTTTCCATCAGA-1_1_1"
"1413","GATTGGTTCTGCGAGC-1_1_1"
"1414","GATTGGTTCTGTGCGG-1_1_1"
"1415","GATTTCTAGAAGCCTG-1_1_1"
"1416","GATTTCTAGCCTTGAT-1_1_1"
"1417","GATTTCTGTCACCGAC-1_1_1"
"1418","GATTTCTGTTGGGCCT-1_1_1"
"1419","GATTTCTTCGTGTGGC-1_1_1"
"1420","GCAACATGTACCTTCC-1_1_1"
"1421","GCAACATGTGGTACAG-1_1_1"
"1422","GCAACCGAGCAGATAT-1_1_1"
"1423","GCAACCGAGTTACGAA-1_1_1"
"1424","GCAACCGCATGACACT-1_1_1"
"1425","GCAACCGGTTCCTACC-1_1_1"
"1426","GCACATAAGCCAGTAG-1_1_1"
"1427","GCACATACACTTGGGC-1_1_1"
"1428","GCACATACAGTGAGCA-1_1_1"
"1429","GCACATAGTAGTACGG-1_1_1"
"1430","GCACATAGTGAACCGA-1_1_1"
"1431","GCACATAGTGCCGTAC-1_1_1"
"1432","GCACGGTGTTCGTTCC-1_1_1"
"1433","GCACGGTGTTTAGAGA-1_1_1"
"1434","GCACGTGAGCCTCTGG-1_1_1"
"1435","GCACGTGAGTTCCGGC-1_1_1"
"1436","GCACGTGCAGAGGGTT-1_1_1"
"1437","GCACGTGGTACCAATC-1_1_1"
"1438","GCACGTGTCGAGAGCA-1_1_1"
"1439","GCACTAAGTCTAACGT-1_1_1"
"1440","GCACTAATCAGATTGC-1_1_1"
"1441","GCAGCCAGTAAGTCAA-1_1_1"
"1442","GCAGCCATCAACGTGT-1_1_1"
"1443","GCAGCCATCTCAACCC-1_1_1"
"1444","GCAGCTGGTATACCTG-1_1_1"
"1445","GCAGCTGGTCGCACAC-1_1_1"
"1446","GCAGCTGTCGAATGCT-1_1_1"
"1447","GCAGGCTGTTCTGACA-1_1_1"
"1448","GCATCGGCACGGCACT-1_1_1"
"1449","GCATCGGTCTCGCTTG-1_1_1"
"1450","GCATCGGTCTGTTGGA-1_1_1"
"1451","GCATCTCAGTGTTCCA-1_1_1"
"1452","GCATCTCCACTCTGCT-1_1_1"
"1453","GCATCTCGTAACATCC-1_1_1"
"1454","GCATCTCGTAATCAGA-1_1_1"
"1455","GCATGATCACGTCGTG-1_1_1"
"1456","GCATGATTCGTTCTAT-1_1_1"
"1457","GCATTAGGTGTGCCTG-1_1_1"
"1458","GCATTAGTCGAACTCA-1_1_1"
"1459","GCCAACGAGCCTCAGC-1_1_1"
"1460","GCCAACGCAACCGCCA-1_1_1"
"1461","GCCAGCAAGGCCTTGC-1_1_1"
"1462","GCCAGCACAACTCATG-1_1_1"
"1463","GCCAGCACACAGAGCA-1_1_1"
"1464","GCCAGCAGTACAATAG-1_1_1"
"1465","GCCAGCAGTTCGGCTG-1_1_1"
"1466","GCCAGGTAGCAATTCC-1_1_1"
"1467","GCCAGGTAGTGCAAAT-1_1_1"
"1468","GCCAGGTTCTCTCGCA-1_1_1"
"1469","GCCAGGTTCTGACCCT-1_1_1"
"1470","GCCAGTGCATGACTGT-1_1_1"
"1471","GCCAGTGTCTCGACCT-1_1_1"
"1472","GCCATGGCAAAGACTA-1_1_1"
"1473","GCCATTCCAGCTGAGA-1_1_1"
"1474","GCCCAGACATGACAAA-1_1_1"
"1475","GCCCGAACAAAGGATT-1_1_1"
"1476","GCCCGAAGTTCTAACG-1_1_1"
"1477","GCCGATGAGCTGGCTC-1_1_1"
"1478","GCCGTGAGTACTCCCT-1_1_1"
"1479","GCCGTGAGTTCTAAGC-1_1_1"
"1480","GCCTGTTCACCCTTGT-1_1_1"
"1481","GCCTGTTTCCCTCGTA-1_1_1"
"1482","GCCTGTTTCCGTACGG-1_1_1"
"1483","GCCTGTTTCCTTATGT-1_1_1"
"1484","GCGAGAAAGCCACCGT-1_1_1"
"1485","GCGAGAACATCGTTCC-1_1_1"
"1486","GCGAGAAGTTGACTAC-1_1_1"
"1487","GCGATCGAGGACACTG-1_1_1"
"1488","GCGATCGCAGAGGTTG-1_1_1"
"1489","GCGGAAAAGAACAAGG-1_1_1"
"1490","GCGGAAAAGCGGGTTA-1_1_1"
"1491","GCGGAAATCGCGTTTC-1_1_1"
"1492","GCGGATCAGCCTGACC-1_1_1"
"1493","GCGGATCCATGACTCA-1_1_1"
"1494","GCGGATCCATTGTAGC-1_1_1"
"1495","GCGGATCTCACGAACT-1_1_1"
"1496","GCGTGCACAACACAAA-1_1_1"
"1497","GCGTGCATCGGCTGTG-1_1_1"
"1498","GCGTTTCAGTGCTACT-1_1_1"
"1499","GCTACAAAGGGCCAAT-1_1_1"
"1500","GCTACAACACGACGAA-1_1_1"
"1501","GCTACCTTCACTGGGC-1_1_1"
"1502","GCTACCTTCCCTTGGT-1_1_1"
"1503","GCTACCTTCGCTGACG-1_1_1"
"1504","GCTACCTTCGGTGCAC-1_1_1"
"1505","GCTCAAAAGAATGTTG-1_1_1"
"1506","GCTCAAAAGGTAGTCG-1_1_1"
"1507","GCTCAAATCCGTACGG-1_1_1"
"1508","GCTCAAATCGAACACT-1_1_1"
"1509","GCTCAAATCGACATTG-1_1_1"
"1510","GCTGAATAGCACTCTA-1_1_1"
"1511","GCTGAATCACGAGGAT-1_1_1"
"1512","GCTGAATTCACCGACG-1_1_1"
"1513","GCTGAATTCACTGCTC-1_1_1"
"1514","GCTGAATTCGTGTTCC-1_1_1"
"1515","GCTGAATTCTAGGAAA-1_1_1"
"1516","GCTGCAGGTGTTGAGG-1_1_1"
"1517","GCTGCAGTCTGCTTTA-1_1_1"
"1518","GCTGGGTCACGAGGAT-1_1_1"
"1519","GCTGGGTGTGGCTTGC-1_1_1"
"1520","GCTGGGTGTGTGACCC-1_1_1"
"1521","GCTTCACAGAGGATGA-1_1_1"
"1522","GCTTGGGAGTCATGCT-1_1_1"
"1523","GCTTGGGCACCTTCCA-1_1_1"
"1524","GCTTGGGCACTGAGTT-1_1_1"
"1525","GCTTGGGCAGCGTAGA-1_1_1"
"1526","GCTTGGGCATATGGCT-1_1_1"
"1527","GCTTGGGGTATGAGGC-1_1_1"
"1528","GCTTGGGGTCCAGCAC-1_1_1"
"1529","GCTTTCGAGCAATAAC-1_1_1"
"1530","GCTTTCGCAGGCGTTC-1_1_1"
"1531","GCTTTCGGTGGCAGAT-1_1_1"
"1532","GGAACCCCAATGGGTG-1_1_1"
"1533","GGAAGTGGTTAAGCAA-1_1_1"
"1534","GGAAGTGGTTACGTAC-1_1_1"
"1535","GGAAGTGTCCGCAGTG-1_1_1"
"1536","GGAATCTAGCGCCTCA-1_1_1"
"1537","GGAATCTCAACCGGAA-1_1_1"
"1538","GGAATCTCAATTCTCT-1_1_1"
"1539","GGAATCTCAGAATCGG-1_1_1"
"1540","GGAATCTCATAAGCGG-1_1_1"
"1541","GGAATCTCATAATGAG-1_1_1"
"1542","GGAATCTGTCGTCATA-1_1_1"
"1543","GGAATCTTCATGCGGC-1_1_1"
"1544","GGAATCTTCTGTCAGA-1_1_1"
"1545","GGAATGGAGCGCCTTG-1_1_1"
"1546","GGACGTCCAACTACGT-1_1_1"
"1547","GGAGAACAGCCTGAGA-1_1_1"
"1548","GGAGAACAGTTCCATG-1_1_1"
"1549","GGAGAACGTGTTGCCG-1_1_1"
"1550","GGAGAACGTTTCGGCG-1_1_1"
"1551","GGAGATGAGTGAGTTA-1_1_1"
"1552","GGAGATGGTAGACACG-1_1_1"
"1553","GGAGATGGTCGAATTC-1_1_1"
"1554","GGAGATGTCATTCTTG-1_1_1"
"1555","GGAGATGTCGAACACT-1_1_1"
"1556","GGAGATGTCGGCTGAC-1_1_1"
"1557","GGAGCAAAGACTTCGT-1_1_1"
"1558","GGAGCAAAGAGAACCC-1_1_1"
"1559","GGAGCAATCGAGTGAG-1_1_1"
"1560","GGAGGATAGTGCTCAT-1_1_1"
"1561","GGAGGTACACCAACAT-1_1_1"
"1562","GGAGGTACAGTTAGAA-1_1_1"
"1563","GGAGGTATCCCTCAAC-1_1_1"
"1564","GGAGGTATCTTACTGT-1_1_1"
"1565","GGATCTAAGAAATCCA-1_1_1"
"1566","GGATCTAAGTTATGGA-1_1_1"
"1567","GGATCTAGTGTCACAT-1_1_1"
"1568","GGATCTATCATCAGTG-1_1_1"
"1569","GGATCTATCCATTTGT-1_1_1"
"1570","GGCACGTGTCTGTGCG-1_1_1"
"1571","GGCACGTTCTGACCCT-1_1_1"
"1572","GGCAGTCGTCGAACAG-1_1_1"
"1573","GGCAGTCGTCGCACGT-1_1_1"
"1574","GGCGTCAAGGTCCCTG-1_1_1"
"1575","GGCGTCAAGTTGGAGC-1_1_1"
"1576","GGCGTCACAAAGGTTA-1_1_1"
"1577","GGCGTCAGTCTTTATC-1_1_1"
"1578","GGCGTCAGTGATACAA-1_1_1"
"1579","GGCTGTGAGGGCCTCT-1_1_1"
"1580","GGCTGTGAGTGATAAC-1_1_1"
"1581","GGCTGTGCACACCGCA-1_1_1"
"1582","GGCTGTGCACCAAATC-1_1_1"
"1583","GGCTGTGCACCAGCGT-1_1_1"
"1584","GGCTGTGGTAATGATG-1_1_1"
"1585","GGCTGTGGTAGTGATA-1_1_1"
"1586","GGCTTGGAGATTGACA-1_1_1"
"1587","GGCTTGGCAAATTAGG-1_1_1"
"1588","GGCTTGGCAATGCAAA-1_1_1"
"1589","GGCTTGGGTGTTTCTT-1_1_1"
"1590","GGCTTGGTCTGCGATA-1_1_1"
"1591","GGCTTTCCATGGCACC-1_1_1"
"1592","GGCTTTCTCGTGGACC-1_1_1"
"1593","GGGACAACAATTCTCT-1_1_1"
"1594","GGGACAATCAAGAGTA-1_1_1"
"1595","GGGACAATCTGTAAGC-1_1_1"
"1596","GGGACCTAGGCTCAAG-1_1_1"
"1597","GGGACCTCAACGTTAC-1_1_1"
"1598","GGGACCTCACACCAGC-1_1_1"
"1599","GGGACCTCATTGTGCA-1_1_1"
"1600","GGGACTCAGACGACGT-1_1_1"
"1601","GGGACTCAGTCTCTGA-1_1_1"
"1602","GGGACTCGTGGCGTAA-1_1_1"
"1603","GGGAGATAGATTGACA-1_1_1"
"1604","GGGAGATAGCCTCGTG-1_1_1"
"1605","GGGAGATAGCCTCTTC-1_1_1"
"1606","GGGAGTAAGCAGGTCA-1_1_1"
"1607","GGGAGTAGTAGATTAG-1_1_1"
"1608","GGGAGTAGTGACTGTT-1_1_1"
"1609","GGGAGTATCATCGCTC-1_1_1"
"1610","GGGATCCAGCTAATGA-1_1_1"
"1611","GGGATCCAGGTACAAT-1_1_1"
"1612","GGGATCCCAATGTTGC-1_1_1"
"1613","GGGATCCGTCGAACAG-1_1_1"
"1614","GGGATCCGTTCTCGTC-1_1_1"
"1615","GGGATGACACAGTGAG-1_1_1"
"1616","GGGCCATAGAGAGGGC-1_1_1"
"1617","GGGCCATAGATGCAGC-1_1_1"
"1618","GGGCCATTCCACTGAA-1_1_1"
"1619","GGGCCATTCCACTGGG-1_1_1"
"1620","GGGCGTTCATGAGATA-1_1_1"
"1621","GGGCGTTGTCACTCTC-1_1_1"
"1622","GGGCGTTGTCCGTTTC-1_1_1"
"1623","GGGCGTTGTTTAGTCG-1_1_1"
"1624","GGGCGTTTCAACACGT-1_1_1"
"1625","GGGCGTTTCAAGTTGC-1_1_1"
"1626","GGGCGTTTCAGTGTTG-1_1_1"
"1627","GGGCTACGTGTATCCA-1_1_1"
"1628","GGGCTACGTTAGTTCG-1_1_1"
"1629","GGGCTACTCACATCAG-1_1_1"
"1630","GGGCTCACACCCAATA-1_1_1"
"1631","GGGCTCATCCGGCTTT-1_1_1"
"1632","GGGTAGAAGGCATCGA-1_1_1"
"1633","GGGTAGAAGTCACTAC-1_1_1"
"1634","GGGTAGATCTATACGG-1_1_1"
"1635","GGGTATTAGATTGATG-1_1_1"
"1636","GGGTATTCAAGGCAAC-1_1_1"
"1637","GGGTATTGTGATTGGG-1_1_1"
"1638","GGGTATTGTTCGGACC-1_1_1"
"1639","GGGTCACGTGAGCCAA-1_1_1"
"1640","GGGTCTGCATCTCATT-1_1_1"
"1641","GGGTCTGGTACGTACT-1_1_1"
"1642","GGGTCTGGTGCTGATT-1_1_1"
"1643","GGGTCTGTCGAACCAT-1_1_1"
"1644","GGGTGAAAGAGCATCG-1_1_1"
"1645","GGGTGAAAGCTTTCCC-1_1_1"
"1646","GGGTGAAAGTTCACTG-1_1_1"
"1647","GGGTGAATCCAAGGGA-1_1_1"
"1648","GGGTGTCGTCCACATA-1_1_1"
"1649","GGGTGTCGTCGTGCCA-1_1_1"
"1650","GGGTGTCTCTGCCCTA-1_1_1"
"1651","GGGTTATAGAATTCAG-1_1_1"
"1652","GGGTTATCATGGCTAT-1_1_1"
"1653","GGGTTATGTGATACTC-1_1_1"
"1654","GGGTTTAAGCTCGCAC-1_1_1"
"1655","GGGTTTACACAGAGAC-1_1_1"
"1656","GGTAACTAGATGTAGT-1_1_1"
"1657","GGTAACTAGCATTTCG-1_1_1"
"1658","GGTAACTGTCTGCATA-1_1_1"
"1659","GGTAATCAGGCTCCCA-1_1_1"
"1660","GGTAATCCAGACATCT-1_1_1"
"1661","GGTAATCGTGTGAATA-1_1_1"
"1662","GGTAGAGAGCTGAAAT-1_1_1"
"1663","GGTAGAGCAAATCAGA-1_1_1"
"1664","GGTAGAGCAGGATCTT-1_1_1"
"1665","GGTCACGAGTACAGCG-1_1_1"
"1666","GGTCACGCAAATGGCG-1_1_1"
"1667","GGTCACGTCATAGAGA-1_1_1"
"1668","GGTCTGGGTTCCAAAC-1_1_1"
"1669","GGTCTGGTCTTCCGTG-1_1_1"
"1670","GGTGAAGAGCTCCGAC-1_1_1"
"1671","GGTGAAGAGTAGTCCT-1_1_1"
"1672","GGTGAAGTCTGGCCAG-1_1_1"
"1673","GGTGATTCAGGAATCG-1_1_1"
"1674","GGTGATTGTCCACAGC-1_1_1"
"1675","GGTGATTTCATGAGGG-1_1_1"
"1676","GGTGATTTCCACTGGG-1_1_1"
"1677","GGTGATTTCTCCAATT-1_1_1"
"1678","GGTGGCTAGAGAGGGC-1_1_1"
"1679","GGTGGCTCAGCAGACA-1_1_1"
"1680","GGTGGCTCATGCAGGA-1_1_1"
"1681","GGTGGCTTCCACAAGT-1_1_1"
"1682","GGTGTCGAGAGAGGGC-1_1_1"
"1683","GGTGTCGAGGCACAAC-1_1_1"
"1684","GGTGTTACAAACTAAG-1_1_1"
"1685","GGTGTTACATGGAATA-1_1_1"
"1686","GGTGTTATCATGGGAG-1_1_1"
"1687","GGTTAACAGACATAGT-1_1_1"
"1688","GGTTAACAGCGCTTCG-1_1_1"
"1689","GGTTAACCAAAGACTA-1_1_1"
"1690","GGTTAACGTAGACAAT-1_1_1"
"1691","GGTTAACGTAGCGTAG-1_1_1"
"1692","GGTTAACGTAGTTAGA-1_1_1"
"1693","GGTTCTCCAACAAGTA-1_1_1"
"1694","GGTTCTCGTAGATCCT-1_1_1"
"1695","GGTTCTCGTTTCGTGA-1_1_1"
"1696","GGTTGTACATCCGAAT-1_1_1"
"1697","GGTTGTAGTGCGACAA-1_1_1"
"1698","GGTTGTATCTCATGGA-1_1_1"
"1699","GTAACACAGGGAGTTC-1_1_1"
"1700","GTAACACAGTTATGGA-1_1_1"
"1701","GTAACACCAGCGTAGA-1_1_1"
"1702","GTAACACTCTTCTCAA-1_1_1"
"1703","GTAACCACAGCTGTGC-1_1_1"
"1704","GTAACCATCACTTATC-1_1_1"
"1705","GTAAGTCCAGTCGGTC-1_1_1"
"1706","GTAATCGCATTAAAGG-1_1_1"
"1707","GTAATGCAGGGACCAT-1_1_1"
"1708","GTAATGCCAATACGCT-1_1_1"
"1709","GTAATGCGTAGGACTG-1_1_1"
"1710","GTAATGCGTCTACACA-1_1_1"
"1711","GTAATGCGTTCGAGCC-1_1_1"
"1712","GTAATGCTCATTGGTG-1_1_1"
"1713","GTAATGCTCCGTCACT-1_1_1"
"1714","GTAATGCTCTGAGATC-1_1_1"
"1715","GTACAACAGTCAATCC-1_1_1"
"1716","GTACAACCACAGAAGC-1_1_1"
"1717","GTACAACCATCCGATA-1_1_1"
"1718","GTACAACTCTAGTACG-1_1_1"
"1719","GTACAGTAGCGGATCA-1_1_1"
"1720","GTAGAAAAGGAATGTT-1_1_1"
"1721","GTAGAAAAGTGCAGCA-1_1_1"
"1722","GTAGAAACATGTGGTT-1_1_1"
"1723","GTAGAAAGTTCGGGTC-1_1_1"
"1724","GTAGAAATCTGTCCGT-1_1_1"
"1725","GTAGAGGAGCTTAAGA-1_1_1"
"1726","GTAGAGGCATGACGGA-1_1_1"
"1727","GTAGAGGGTGCCTGAC-1_1_1"
"1728","GTAGAGGTCCTGGTCT-1_1_1"
"1729","GTAGATCAGCGCGTTC-1_1_1"
"1730","GTAGATCAGTCACTCA-1_1_1"
"1731","GTAGATCCATATACCG-1_1_1"
"1732","GTAGATCTCACTGCTC-1_1_1"
"1733","GTAGATCTCAGACAAA-1_1_1"
"1734","GTAGCTACAATAGTGA-1_1_1"
"1735","GTAGCTACACGTCTCT-1_1_1"
"1736","GTAGCTACAGGCATGA-1_1_1"
"1737","GTAGCTAGTTATGACC-1_1_1"
"1738","GTAGGAGAGATGGGCT-1_1_1"
"1739","GTAGGAGAGGCACCAA-1_1_1"
"1740","GTAGGAGGTCCGAAGA-1_1_1"
"1741","GTAGGAGTCCACGGGT-1_1_1"
"1742","GTAGGAGTCGCGCCAA-1_1_1"
"1743","GTAGGTTAGAGCAACC-1_1_1"
"1744","GTAGGTTAGGTAAAGG-1_1_1"
"1745","GTAGGTTCACAAGCAG-1_1_1"
"1746","GTAGGTTGTCTACGTA-1_1_1"
"1747","GTAGGTTGTTACGTAC-1_1_1"
"1748","GTATTTCCAGGTTCAT-1_1_1"
"1749","GTCAAACCATGTCTAG-1_1_1"
"1750","GTCAAGTAGGAACTAT-1_1_1"
"1751","GTCAAGTAGTTGGAGC-1_1_1"
"1752","GTCAAGTCAAGGATGC-1_1_1"
"1753","GTCAAGTCACCTGCGA-1_1_1"
"1754","GTCAAGTCAGCGTTTA-1_1_1"
"1755","GTCACGGAGACGTCCC-1_1_1"
"1756","GTCACGGCATGAAGCG-1_1_1"
"1757","GTCACGGTCGAGTGAG-1_1_1"
"1758","GTCACTCCACAATCTG-1_1_1"
"1759","GTCACTCGTCTCAGGC-1_1_1"
"1760","GTCACTCGTCTTCGAA-1_1_1"
"1761","GTCACTCTCCGAAATC-1_1_1"
"1762","GTCACTCTCGATTGGT-1_1_1"
"1763","GTCAGCGCAGAGGTAC-1_1_1"
"1764","GTCAGCGGTAACAGGC-1_1_1"
"1765","GTCAGCGGTAGACACG-1_1_1"
"1766","GTCATCCTCCCAGGCA-1_1_1"
"1767","GTCATGACACAGAGAC-1_1_1"
"1768","GTCATGACAGAACATA-1_1_1"
"1769","GTCATTTAGCCGATCC-1_1_1"
"1770","GTCATTTAGGGTAGCT-1_1_1"
"1771","GTCATTTTCGACGATT-1_1_1"
"1772","GTCCACTAGTCCCTAA-1_1_1"
"1773","GTCCCATGTATAGCTC-1_1_1"
"1774","GTCCCATGTCAGACTT-1_1_1"
"1775","GTCCTCAAGGCACTAG-1_1_1"
"1776","GTCCTCACAATCACGT-1_1_1"
"1777","GTCCTCACAGAGCCCT-1_1_1"
"1778","GTCCTCACATTGACTG-1_1_1"
"1779","GTCCTCAGTGTTGATC-1_1_1"
"1780","GTCCTCATCTCCGATC-1_1_1"
"1781","GTCCTCATCTCTCGAC-1_1_1"
"1782","GTCGAATAGATAGTCA-1_1_1"
"1783","GTCGAATAGATTAGTG-1_1_1"
"1784","GTCGAATAGCTGAAGC-1_1_1"
"1785","GTCGAATAGGAGTCTG-1_1_1"
"1786","GTCGCGAAGGATTTAG-1_1_1"
"1787","GTCGTAAAGCTAGAGC-1_1_1"
"1788","GTCGTAACATCGTCCT-1_1_1"
"1789","GTCGTAAGTTGTTGAC-1_1_1"
"1790","GTCGTTCAGAGAGTGA-1_1_1"
"1791","GTCGTTCAGTCAATCC-1_1_1"
"1792","GTCGTTCCAGCACCCA-1_1_1"
"1793","GTCTACCAGCCAAGTG-1_1_1"
"1794","GTCTACCCACTTGGGC-1_1_1"
"1795","GTCTACCGTAAGCTCT-1_1_1"
"1796","GTCTACCGTCGTGGAA-1_1_1"
"1797","GTCTACCGTTGCCAAT-1_1_1"
"1798","GTCTAGAGTGGCAACA-1_1_1"
"1799","GTCTAGATCCATGAGT-1_1_1"
"1800","GTCTAGATCGCTTACC-1_1_1"
"1801","GTCTCACAGCGGTAAC-1_1_1"
"1802","GTCTCACAGTAGCAAT-1_1_1"
"1803","GTCTCACCAGCTCATA-1_1_1"
"1804","GTCTCACCAGTCGGAA-1_1_1"
"1805","GTCTCACCATCCCGTT-1_1_1"
"1806","GTCTCACGTCCGTTTC-1_1_1"
"1807","GTCTCACGTTCTCAGA-1_1_1"
"1808","GTCTCACGTTCTCGTC-1_1_1"
"1809","GTCTGTCAGCCTCATA-1_1_1"
"1810","GTCTGTCGTCTCGACG-1_1_1"
"1811","GTCTTTAAGGTGCAGT-1_1_1"
"1812","GTCTTTACACAAATCC-1_1_1"
"1813","GTCTTTACACCCAAGC-1_1_1"
"1814","GTGACGCTCAAACCCA-1_1_1"
"1815","GTGACGCTCAAACCTG-1_1_1"
"1816","GTGAGCCAGAGCCGAT-1_1_1"
"1817","GTGAGGAAGCATGCGA-1_1_1"
"1818","GTGAGGAGTTGCCGAC-1_1_1"
"1819","GTGAGTTTCATCTCTA-1_1_1"
"1820","GTGAGTTTCCTGATAG-1_1_1"
"1821","GTGATGTGTCACTCAA-1_1_1"
"1822","GTGCACGAGTTCATCG-1_1_1"
"1823","GTGCACGTCAGCTGAT-1_1_1"
"1824","GTGCAGCCACTTTAGG-1_1_1"
"1825","GTGCAGCGTGTGCCTG-1_1_1"
"1826","GTGCGTGAGCGAAACC-1_1_1"
"1827","GTGCGTGAGGTCGCCT-1_1_1"
"1828","GTGCGTGCAATTGAGA-1_1_1"
"1829","GTGCGTGGTTGGACTT-1_1_1"
"1830","GTGCTGGAGAGCCGAT-1_1_1"
"1831","GTGCTGGCAATGGGTG-1_1_1"
"1832","GTGCTTCAGGGCCAAT-1_1_1"
"1833","GTGCTTCAGTGCTACT-1_1_1"
"1834","GTGCTTCTCGACACCG-1_1_1"
"1835","GTGGAAGCAGCAGTAG-1_1_1"
"1836","GTGGAAGCAGTATGAA-1_1_1"
"1837","GTGGAAGGTAACACGG-1_1_1"
"1838","GTGGAGAAGACTAAGT-1_1_1"
"1839","GTGGAGACATTATGCG-1_1_1"
"1840","GTGGAGAGTCTGTCCT-1_1_1"
"1841","GTGGCGTCACAAAGCG-1_1_1"
"1842","GTGGCGTCACCCGTAG-1_1_1"
"1843","GTGGCGTTCACCCATC-1_1_1"
"1844","GTGGCGTTCCCGATCT-1_1_1"
"1845","GTGGCGTTCCGTGACG-1_1_1"
"1846","GTGGGAAAGAGCTGAC-1_1_1"
"1847","GTGGGAAGTCGAGTTT-1_1_1"
"1848","GTGGGAAGTCTGCCTT-1_1_1"
"1849","GTGGTTATCTACACTT-1_1_1"
"1850","GTGTAACAGCACCAGA-1_1_1"
"1851","GTGTAACCAGCGTGAA-1_1_1"
"1852","GTGTCCTAGAGCAGCT-1_1_1"
"1853","GTGTCCTAGTGGTTAA-1_1_1"
"1854","GTGTCCTTCGCCGTGA-1_1_1"
"1855","GTGTCCTTCTGGTGGC-1_1_1"
"1856","GTGTGGCAGGAGATAG-1_1_1"
"1857","GTGTTAGCAGAGCTAG-1_1_1"
"1858","GTGTTAGTCCCGTGTT-1_1_1"
"1859","GTGTTAGTCTGCATGA-1_1_1"
"1860","GTGTTCCCAATTGTGC-1_1_1"
"1861","GTGTTCCCATCGGATT-1_1_1"
"1862","GTGTTCCTCATTTGGG-1_1_1"
"1863","GTTACAGAGTGTTGAA-1_1_1"
"1864","GTTACAGGTTGACTAC-1_1_1"
"1865","GTTACAGGTTGCTCAA-1_1_1"
"1866","GTTACCCCAAGTATAG-1_1_1"
"1867","GTTACCCGTATTTCTC-1_1_1"
"1868","GTTACCCGTCTTCTAT-1_1_1"
"1869","GTTACGAAGTTTGCTG-1_1_1"
"1870","GTTACGAGTAGCGCCT-1_1_1"
"1871","GTTACGAGTCAAACGG-1_1_1"
"1872","GTTACGATCTTTGGAG-1_1_1"
"1873","GTTAGACAGGCCTAAG-1_1_1"
"1874","GTTAGACCACCTGAAT-1_1_1"
"1875","GTTAGACGTGAGAGGG-1_1_1"
"1876","GTTAGACTCATCACCC-1_1_1"
"1877","GTTAGTGCAATGAACA-1_1_1"
"1878","GTTAGTGCAATTAGGA-1_1_1"
"1879","GTTAGTGCATGTGCTA-1_1_1"
"1880","GTTAGTGGTAAGGCCA-1_1_1"
"1881","GTTAGTGGTAATTGGA-1_1_1"
"1882","GTTAGTGTCAGGGTAG-1_1_1"
"1883","GTTATGGAGAAGAGCA-1_1_1"
"1884","GTTATGGCACCTCAGG-1_1_1"
"1885","GTTATGGCACGACTAT-1_1_1"
"1886","GTTATGGGTTTACCAG-1_1_1"
"1887","GTTATGGTCAAGGCTT-1_1_1"
"1888","GTTCATTAGTAAGCAT-1_1_1"
"1889","GTTCATTCACTTGGCG-1_1_1"
"1890","GTTCATTCAGCCGTCA-1_1_1"
"1891","GTTCATTGTCATGGCC-1_1_1"
"1892","GTTCCGTCACAATCTG-1_1_1"
"1893","GTTCCGTGTAGCGTCC-1_1_1"
"1894","GTTCCGTGTCAATCTG-1_1_1"
"1895","GTTCCGTGTCAGGAGT-1_1_1"
"1896","GTTCGCTCACTACTTT-1_1_1"
"1897","GTTCGCTGTATGCTAC-1_1_1"
"1898","GTTCTATAGCCGCACT-1_1_1"
"1899","GTTGAACAGGGCTTCC-1_1_1"
"1900","GTTGAACGTACCTGTA-1_1_1"
"1901","GTTGCGGAGCGAGTCA-1_1_1"
"1902","GTTGCGGAGGGTAATT-1_1_1"
"1903","GTTGCTCCAAGTTGGG-1_1_1"
"1904","GTTGCTCCATGGGCAA-1_1_1"
"1905","GTTGCTCTCACTTGGA-1_1_1"
"1906","GTTGCTCTCCGCCTAT-1_1_1"
"1907","GTTGTAGCACAACGAG-1_1_1"
"1908","GTTGTAGCAGTCCGTG-1_1_1"
"1909","GTTGTAGGTATCACCA-1_1_1"
"1910","GTTGTAGGTCATCCGG-1_1_1"
"1911","GTTGTCCGTAGGCAAC-1_1_1"
"1912","GTTGTCCTCGCTCTAC-1_1_1"
"1913","GTTGTCCTCTCTGGTC-1_1_1"
"1914","GTTGTGAAGGCACAAC-1_1_1"
"1915","GTTGTGACACTTGTCC-1_1_1"
"1916","GTTGTGAGTACAGAAT-1_1_1"
"1917","GTTGTGAGTTGCTCAA-1_1_1"
"1918","GTTGTGATCGTTCTGC-1_1_1"
"1919","GTTTACTGTGAGTTTC-1_1_1"
"1920","GTTTACTTCGGTATGT-1_1_1"
"1921","GTTTGGAAGCAGCCTC-1_1_1"
"1922","TAACGACAGTGCCTCG-1_1_1"
"1923","TAACTTCAGACTAGAT-1_1_1"
"1924","TAACTTCCAGTTGCGC-1_1_1"
"1925","TAACTTCTCTGACGCG-1_1_1"
"1926","TAAGCACAGTTTCAGC-1_1_1"
"1927","TAAGCACCAGCAGTTT-1_1_1"
"1928","TAAGCCAAGAGATTCA-1_1_1"
"1929","TAAGCGTAGTGGAATT-1_1_1"
"1930","TAAGTCGGTTGCACGC-1_1_1"
"1931","TAAGTCGTCGTGGACC-1_1_1"
"1932","TAATCTCAGATTGGGC-1_1_1"
"1933","TAATCTCCATTGCCTC-1_1_1"
"1934","TAATTCCAGAAATTGC-1_1_1"
"1935","TAATTCCAGCCAAGTG-1_1_1"
"1936","TAATTCCAGCTGTCCG-1_1_1"
"1937","TACAACGAGTTCAACC-1_1_1"
"1938","TACACCCAGTGGTCAG-1_1_1"
"1939","TACACCCGTTCTCGTC-1_1_1"
"1940","TACAGGTAGATCACCT-1_1_1"
"1941","TACAGGTAGTTACGTC-1_1_1"
"1942","TACATTCAGTAACAGT-1_1_1"
"1943","TACATTCGTACGAGTG-1_1_1"
"1944","TACATTCTCCGTGTGG-1_1_1"
"1945","TACCCACAGTAGCAAT-1_1_1"
"1946","TACCCACAGTTACGGG-1_1_1"
"1947","TACCCACCAATTTCTC-1_1_1"
"1948","TACCCACTCTCGACGG-1_1_1"
"1949","TACCGAAAGCTCGACC-1_1_1"
"1950","TACCGAAAGCTGCCTG-1_1_1"
"1951","TACCGAATCAACCTTT-1_1_1"
"1952","TACCGGGGTCCAGTTA-1_1_1"
"1953","TACCTGCAGTATGAAC-1_1_1"
"1954","TACCTGCCAAAGCAAT-1_1_1"
"1955","TACCTGCCACCACATA-1_1_1"
"1956","TACCTGCGTGCTGTCG-1_1_1"
"1957","TACCTGCGTGGTGATG-1_1_1"
"1958","TACCTGCGTTTGGGTT-1_1_1"
"1959","TACCTGCTCAGTGATC-1_1_1"
"1960","TACCTGCTCCTTATAC-1_1_1"
"1961","TACGCTCAGTAGGGTC-1_1_1"
"1962","TACGCTCTCGGCCAAC-1_1_1"
"1963","TACGGGCTCTCGACGG-1_1_1"
"1964","TACGTCCAGCGTATAA-1_1_1"
"1965","TACGTCCCACTGGACC-1_1_1"
"1966","TACGTCCGTGGCTACC-1_1_1"
"1967","TACGTCCGTGTCCGTG-1_1_1"
"1968","TACGTCCGTTTAAGGA-1_1_1"
"1969","TACGTCCTCCCTCTCC-1_1_1"
"1970","TACGTCCTCTGTTGGA-1_1_1"
"1971","TACTGCCAGCTGGTGA-1_1_1"
"1972","TACTGCCCATGACACT-1_1_1"
"1973","TACTGCCCATGTGCTA-1_1_1"
"1974","TACTGCCGTCTAGATC-1_1_1"
"1975","TACTTACGTAGTAAGT-1_1_1"
"1976","TACTTCACAGAACGCA-1_1_1"
"1977","TACTTCAGTACTGGGA-1_1_1"
"1978","TACTTCAGTCTAACTG-1_1_1"
"1979","TACTTCAGTCTACACA-1_1_1"
"1980","TACTTCATCCGGACTG-1_1_1"
"1981","TACTTGTCACATGTTG-1_1_1"
"1982","TACTTGTTCAGCGTCG-1_1_1"
"1983","TACTTGTTCCCTCGAT-1_1_1"
"1984","TAGACCACACTCTAGA-1_1_1"
"1985","TAGACCAGTCATGCAT-1_1_1"
"1986","TAGACCAGTCCCACGA-1_1_1"
"1987","TAGACCATCGCATTGA-1_1_1"
"1988","TAGACTGAGTCTCGTA-1_1_1"
"1989","TAGACTGGTCATCACA-1_1_1"
"1990","TAGACTGTCAACCCGG-1_1_1"
"1991","TAGACTGTCCCGAATA-1_1_1"
"1992","TAGAGTCCAGACCTGC-1_1_1"
"1993","TAGAGTCTCATAGGCT-1_1_1"
"1994","TAGAGTCTCTGTCGCT-1_1_1"
"1995","TAGATCGAGTATGAGT-1_1_1"
"1996","TAGATCGCAGATCACT-1_1_1"
"1997","TAGATCGGTACTCGTA-1_1_1"
"1998","TAGATCGGTCATAGTC-1_1_1"
"1999","TAGATCGGTGCCAAGA-1_1_1"
"2000","TAGATCGGTTCCTACC-1_1_1"
"2001","TAGATCGTCTCTAGGA-1_1_1"
"2002","TAGCACAAGTCGAAAT-1_1_1"
"2003","TAGCACAGTCATACCA-1_1_1"
"2004","TAGGAGGAGAGCATTA-1_1_1"
"2005","TAGGAGGGTGAGAACC-1_1_1"
"2006","TAGGAGGGTGGACAGT-1_1_1"
"2007","TAGGTACCAGCTCTGG-1_1_1"
"2008","TAGGTTGAGATGTTAG-1_1_1"
"2009","TAGGTTGGTCACGACC-1_1_1"
"2010","TAGGTTGTCAAACGAA-1_1_1"
"2011","TAGGTTGTCATTACTC-1_1_1"
"2012","TAGGTTGTCGCTGTCT-1_1_1"
"2013","TATACCTAGCCGAATG-1_1_1"
"2014","TATACCTCACAGCCTG-1_1_1"
"2015","TATACCTTCGACGAGA-1_1_1"
"2016","TATATCCAGTGGAAAG-1_1_1"
"2017","TATATCCCAGTACTAC-1_1_1"
"2018","TATATCCCATAGAAAC-1_1_1"
"2019","TATATCCCATCCTGTC-1_1_1"
"2020","TATATCCGTCCCGCAA-1_1_1"
"2021","TATATCCTCGAATCCA-1_1_1"
"2022","TATCAGGAGATGAAGG-1_1_1"
"2023","TATCAGGAGGTCGTGA-1_1_1"
"2024","TATCAGGCATGACAGG-1_1_1"
"2025","TATCAGGGTCAGACGA-1_1_1"
"2026","TATCAGGTCAGGAACG-1_1_1"
"2027","TATCAGGTCAGGAAGC-1_1_1"
"2028","TATCAGGTCGAAATCC-1_1_1"
"2029","TATCAGGTCTACGCAA-1_1_1"
"2030","TATCCTAGTAAGTTAG-1_1_1"
"2031","TATCCTATCTAGACAC-1_1_1"
"2032","TATCCTATCTCTCAAT-1_1_1"
"2033","TATCGCCAGAGCGACT-1_1_1"
"2034","TATCGCCAGAGTCGAC-1_1_1"
"2035","TATCGCCAGCAGTCTT-1_1_1"
"2036","TATCGCCCAACAAAGT-1_1_1"
"2037","TATCGCCCAGCCATTA-1_1_1"
"2038","TATCGCCTCTGTCGTC-1_1_1"
"2039","TATCTGTCACGGTGTC-1_1_1"
"2040","TATCTGTTCAAGATAG-1_1_1"
"2041","TATCTTGAGGGAACAA-1_1_1"
"2042","TATCTTGCACGTCTCT-1_1_1"
"2043","TATCTTGGTAGCCCTG-1_1_1"
"2044","TATCTTGGTATTTCGG-1_1_1"
"2045","TATGTTCAGCTAGAAT-1_1_1"
"2046","TATGTTCCAGCTCTGG-1_1_1"
"2047","TATTCCAAGAGCAGCT-1_1_1"
"2048","TATTCCACAATAAGGT-1_1_1"
"2049","TATTCCACAATAGAGT-1_1_1"
"2050","TATTCCACAGAACTAA-1_1_1"
"2051","TATTCCATCGCGATCG-1_1_1"
"2052","TATTCCATCGGCAGTC-1_1_1"
"2053","TATTGCTCAGTCTTCC-1_1_1"
"2054","TATTGCTGTACGTACT-1_1_1"
"2055","TATTGCTGTTGTGGAG-1_1_1"
"2056","TATTGGGGTCTCGGAC-1_1_1"
"2057","TATTGGGGTGGATCGA-1_1_1"
"2058","TATTTCGAGTGCTCGC-1_1_1"
"2059","TATTTCGCACACCTTC-1_1_1"
"2060","TATTTCGGTCTGTCCT-1_1_1"
"2061","TCAAGACCAAGCAGGT-1_1_1"
"2062","TCAAGACCAGCTATTG-1_1_1"
"2063","TCAAGACTCAAGGACG-1_1_1"
"2064","TCAAGCACATTGTGCA-1_1_1"
"2065","TCAAGCAGTACCCAGC-1_1_1"
"2066","TCAAGCATCATCCTGC-1_1_1"
"2067","TCAAGCATCTCCAATT-1_1_1"
"2068","TCAAGTGCATGCTGCG-1_1_1"
"2069","TCAAGTGTCTTTGCGC-1_1_1"
"2070","TCAATCTAGTATGACA-1_1_1"
"2071","TCAATCTGTGTCCATA-1_1_1"
"2072","TCAATTCCACATGTTG-1_1_1"
"2073","TCAATTCCAGTTTCGA-1_1_1"
"2074","TCAATTCGTGTATACC-1_1_1"
"2075","TCAATTCTCCGGACTG-1_1_1"
"2076","TCACAAGAGGCATTTC-1_1_1"
"2077","TCACAAGCAAACAGGC-1_1_1"
"2078","TCACAAGGTTTGGGAG-1_1_1"
"2079","TCACAAGTCGTGTTCC-1_1_1"
"2080","TCACACCAGAGTTGCG-1_1_1"
"2081","TCACACCCAACAGAGC-1_1_1"
"2082","TCACACCGTCTGATCA-1_1_1"
"2083","TCACACCTCTCTATAC-1_1_1"
"2084","TCACATTCACGTCGTG-1_1_1"
"2085","TCACATTCATCCCACT-1_1_1"
"2086","TCACATTGTACTAACC-1_1_1"
"2087","TCACATTGTCGTCAGC-1_1_1"
"2088","TCACGCTAGAGGTCAC-1_1_1"
"2089","TCACGCTGTGAATTAG-1_1_1"
"2090","TCACGGGCACATGACT-1_1_1"
"2091","TCACTATGTCGTGATT-1_1_1"
"2092","TCACTCGAGGTACAAT-1_1_1"
"2093","TCACTCGCACAGTACT-1_1_1"
"2094","TCACTCGCATGTGACT-1_1_1"
"2095","TCAGCAAAGACTACCT-1_1_1"
"2096","TCAGCAAAGAGGCCAT-1_1_1"
"2097","TCAGCAAAGGTAGCAC-1_1_1"
"2098","TCAGCAAAGTCTGCAT-1_1_1"
"2099","TCAGCAACAAGTATCC-1_1_1"
"2100","TCAGCAAGTCGAATGG-1_1_1"
"2101","TCAGCCTAGTAAGACT-1_1_1"
"2102","TCAGCCTCAATTGCTG-1_1_1"
"2103","TCAGCCTCACTAGTAC-1_1_1"
"2104","TCAGGGCAGGCACAAC-1_1_1"
"2105","TCAGGGCGTTAGAAAC-1_1_1"
"2106","TCAGGGCTCGTAACCA-1_1_1"
"2107","TCAGGTAAGTTAACGA-1_1_1"
"2108","TCAGGTAGTGTTCATG-1_1_1"
"2109","TCAGTCCAGCACTGGA-1_1_1"
"2110","TCAGTCCCACTCTCGT-1_1_1"
"2111","TCAGTCCGTGCCTGAC-1_1_1"
"2112","TCAGTCCTCCTCACGT-1_1_1"
"2113","TCAGTGAAGATTGCGG-1_1_1"
"2114","TCAGTGAAGCGTTCAT-1_1_1"
"2115","TCAGTGAAGGAACTAT-1_1_1"
"2116","TCAGTGACAAATTGCC-1_1_1"
"2117","TCAGTGACAAGAGATT-1_1_1"
"2118","TCAGTGACAAGCAATA-1_1_1"
"2119","TCAGTGACACGCTATA-1_1_1"
"2120","TCAGTGACACGTAGTT-1_1_1"
"2121","TCAGTGAGTATGTCAC-1_1_1"
"2122","TCAGTGATCTGTAAGC-1_1_1"
"2123","TCATACTAGAGAGGTA-1_1_1"
"2124","TCATACTAGCTTAGTC-1_1_1"
"2125","TCATACTGTGAGAACC-1_1_1"
"2126","TCATATCAGGGTAATT-1_1_1"
"2127","TCATATCAGTCATGAA-1_1_1"
"2128","TCATATCGTGAGTTGG-1_1_1"
"2129","TCATCATCAAGTAGTA-1_1_1"
"2130","TCATCCGAGCATCAAA-1_1_1"
"2131","TCATCCGAGTATGATG-1_1_1"
"2132","TCATCCGGTCATCCGG-1_1_1"
"2133","TCATCCGTCCCAGCGA-1_1_1"
"2134","TCATGAGAGACTACCT-1_1_1"
"2135","TCATGAGAGTGGTTCT-1_1_1"
"2136","TCATGAGGTACTCGAT-1_1_1"
"2137","TCATGAGGTATACCCA-1_1_1"
"2138","TCATGAGTCGATAACC-1_1_1"
"2139","TCATGCCAGGTACAAT-1_1_1"
"2140","TCATGCCCATGGGCAA-1_1_1"
"2141","TCATGCCGTTGCGTAT-1_1_1"
"2142","TCATGCCTCTCGCGTT-1_1_1"
"2143","TCATGGAAGTATTCCG-1_1_1"
"2144","TCATGGACAGAACATA-1_1_1"
"2145","TCATGGACATTGCCGG-1_1_1"
"2146","TCATGGAGTGTGTGTT-1_1_1"
"2147","TCATGTTGTATGTCTG-1_1_1"
"2148","TCATGTTGTCTTGGTA-1_1_1"
"2149","TCATTACAGTTGAAAC-1_1_1"
"2150","TCATTACTCGGACTTA-1_1_1"
"2151","TCATTACTCTCCTGCA-1_1_1"
"2152","TCATTCAAGCATACTC-1_1_1"
"2153","TCATTCAGTGTGCTTA-1_1_1"
"2154","TCATTCATCATCTCTA-1_1_1"
"2155","TCATTGTCAAGCCATT-1_1_1"
"2156","TCATTTGCACACGCCA-1_1_1"
"2157","TCATTTGCAGAGTAAT-1_1_1"
"2158","TCATTTGTCCGTATAG-1_1_1"
"2159","TCATTTGTCTAGTTCT-1_1_1"
"2160","TCCACCACAAACACCT-1_1_1"
"2161","TCCACCAGTAGCGAGT-1_1_1"
"2162","TCCACCAGTTCTTAGG-1_1_1"
"2163","TCCACCAGTTGTTGAC-1_1_1"
"2164","TCCAGAACACCACTGG-1_1_1"
"2165","TCCATCGTCGCGATCG-1_1_1"
"2166","TCCATGCCACAGTATC-1_1_1"
"2167","TCCATGCCAGTGCCTG-1_1_1"
"2168","TCCATGCTCACGTAGT-1_1_1"
"2169","TCCATGCTCTAGGCCG-1_1_1"
"2170","TCCCACACACTTGGGC-1_1_1"
"2171","TCCCACACATATGCGT-1_1_1"
"2172","TCCCACATCATCGTAG-1_1_1"
"2173","TCCCACATCCCACAGG-1_1_1"
"2174","TCCCAGTCATTGGATC-1_1_1"
"2175","TCCCAGTGTTAGAGTA-1_1_1"
"2176","TCCCATGCAATGTCTG-1_1_1"
"2177","TCCCATGGTTGGGTAG-1_1_1"
"2178","TCCCATGTCCCTGTTG-1_1_1"
"2179","TCCGAAAAGATGCCGA-1_1_1"
"2180","TCCGAAAAGTTCTACG-1_1_1"
"2181","TCCGAAAGTCGCTTAA-1_1_1"
"2182","TCCGAAAGTCTCGCGA-1_1_1"
"2183","TCCGATCCACATGGTT-1_1_1"
"2184","TCCGATCCACCTGTCT-1_1_1"
"2185","TCCGATCGTGCTGATT-1_1_1"
"2186","TCCGGGAAGACCACGA-1_1_1"
"2187","TCCGGGAAGGCTCTAT-1_1_1"
"2188","TCCGGGACAGGGTTGA-1_1_1"
"2189","TCCGGGAGTGCTATTG-1_1_1"
"2190","TCCGGGATCCTTGAAG-1_1_1"
"2191","TCCGTGTCAGTATTCG-1_1_1"
"2192","TCCGTGTTCTAAGGAA-1_1_1"
"2193","TCCTCCCCAATACGCT-1_1_1"
"2194","TCCTCGAAGTCGAATA-1_1_1"
"2195","TCCTCGACAATCTCGA-1_1_1"
"2196","TCCTCGACACGACGTC-1_1_1"
"2197","TCCTCGAGTCCTTAAG-1_1_1"
"2198","TCCTCTTAGGAGCAAA-1_1_1"
"2199","TCCTCTTCAACTTCTT-1_1_1"
"2200","TCCTCTTGTACAAAGT-1_1_1"
"2201","TCCTCTTGTGCTTCAA-1_1_1"
"2202","TCCTCTTGTGTTAACC-1_1_1"
"2203","TCCTGCAAGACTAGAT-1_1_1"
"2204","TCCTGCAAGAGAAGGT-1_1_1"
"2205","TCCTTCTAGAGATGCC-1_1_1"
"2206","TCCTTCTGTCGCATCG-1_1_1"
"2207","TCCTTCTGTGAAGCGT-1_1_1"
"2208","TCCTTCTGTTAGGCTT-1_1_1"
"2209","TCCTTTCAGAGCCCAA-1_1_1"
"2210","TCCTTTCGTGCGAACA-1_1_1"
"2211","TCGAACAAGCACACAG-1_1_1"
"2212","TCGAACAAGCGACTTT-1_1_1"
"2213","TCGAACAAGTCTGGTT-1_1_1"
"2214","TCGAACATCCGTGTGG-1_1_1"
"2215","TCGAAGTAGCGATGCA-1_1_1"
"2216","TCGAAGTCAGCCTACG-1_1_1"
"2217","TCGAAGTCAGCGAACA-1_1_1"
"2218","TCGAAGTGTGAGATAT-1_1_1"
"2219","TCGAAGTGTGGAAGTC-1_1_1"
"2220","TCGACCTCAAGTGGGT-1_1_1"
"2221","TCGACCTCACCTGAAT-1_1_1"
"2222","TCGACCTCATAGCACT-1_1_1"
"2223","TCGACCTCATGTCAGT-1_1_1"
"2224","TCGACCTTCAACTTTC-1_1_1"
"2225","TCGACCTTCTGGGCCA-1_1_1"
"2226","TCGACGGCACCAGTAT-1_1_1"
"2227","TCGACGGCATCCTTCG-1_1_1"
"2228","TCGACGGGTGGGATTG-1_1_1"
"2229","TCGACGGGTTACCGTA-1_1_1"
"2230","TCGACGGTCCATGCAA-1_1_1"
"2231","TCGACGGTCGGAATTC-1_1_1"
"2232","TCGATTTCAATCGAAA-1_1_1"
"2233","TCGATTTGTGACATCT-1_1_1"
"2234","TCGATTTGTGCAATAA-1_1_1"
"2235","TCGATTTGTGGCTCTG-1_1_1"
"2236","TCGATTTTCCTGGTCT-1_1_1"
"2237","TCGCACTAGCAAACAT-1_1_1"
"2238","TCGCACTTCAGATTGC-1_1_1"
"2239","TCGCACTTCTGCTTTA-1_1_1"
"2240","TCGCAGGAGTTTAGGA-1_1_1"
"2241","TCGCAGGGTCCCTGTT-1_1_1"
"2242","TCGCTCAAGATTAGAC-1_1_1"
"2243","TCGCTCAGTACTAAGA-1_1_1"
"2244","TCGCTCAGTCGCATCG-1_1_1"
"2245","TCGCTTGCACCAGTTA-1_1_1"
"2246","TCGGATACACCTGAAT-1_1_1"
"2247","TCGGATATCGGAAGGT-1_1_1"
"2248","TCGGGACAGTAGCATA-1_1_1"
"2249","TCGGGACGTGCAAGAC-1_1_1"
"2250","TCGGGACTCCGAGATT-1_1_1"
"2251","TCGGGCACATCTTAGG-1_1_1"
"2252","TCGGGCAGTTCTGAGT-1_1_1"
"2253","TCGGGTGAGCAAATGT-1_1_1"
"2254","TCGGGTGTCGAGTTGT-1_1_1"
"2255","TCGGGTGTCTGTAACG-1_1_1"
"2256","TCGGTCTGTCACTAGT-1_1_1"
"2257","TCGGTCTTCGACGAGA-1_1_1"
"2258","TCGTAGAAGAGTTCGG-1_1_1"
"2259","TCGTAGAGTCGACTTA-1_1_1"
"2260","TCGTCCACAATTGCTG-1_1_1"
"2261","TCGTCCAGTAGCTTAC-1_1_1"
"2262","TCGTGCTAGGCTCAAG-1_1_1"
"2263","TCGTGCTGTTCTAAGC-1_1_1"
"2264","TCGTGCTGTTTACCTT-1_1_1"
"2265","TCGTGGGAGTGCTCGC-1_1_1"
"2266","TCGTGGGCACAGTCAT-1_1_1"
"2267","TCGTGGGGTACGACTT-1_1_1"
"2268","TCGTGGGGTCTTGCGG-1_1_1"
"2269","TCTACATGTATCGTAC-1_1_1"
"2270","TCTACATTCAAGTTGC-1_1_1"
"2271","TCTACATTCGCGTAGC-1_1_1"
"2272","TCTACATTCTAGCCTC-1_1_1"
"2273","TCTACCGAGCTGTTAC-1_1_1"
"2274","TCTACCGAGGTCGTCC-1_1_1"
"2275","TCTACCGTCGCTGATA-1_1_1"
"2276","TCTATACTCATTCACT-1_1_1"
"2277","TCTATACTCGTTCGCT-1_1_1"
"2278","TCTATCAAGCACACCC-1_1_1"
"2279","TCTATCACAAGCGAAC-1_1_1"
"2280","TCTCACGAGGTACTGG-1_1_1"
"2281","TCTCACGGTAGGCAGT-1_1_1"
"2282","TCTCACGTCAGCTTGA-1_1_1"
"2283","TCTCACGTCTCCAATT-1_1_1"
"2284","TCTCAGCAGCCAAGCA-1_1_1"
"2285","TCTCAGCAGGTTCCAT-1_1_1"
"2286","TCTCAGCGTATGAAAC-1_1_1"
"2287","TCTCCGACACACAGCC-1_1_1"
"2288","TCTCTGGTCGCTACGG-1_1_1"
"2289","TCTGCCAAGCCGGAAT-1_1_1"
"2290","TCTGCCAAGTGAGTTA-1_1_1"
"2291","TCTGCCAGTAGCGCCT-1_1_1"
"2292","TCTGCCAGTCAGTTTG-1_1_1"
"2293","TCTGGCTAGCTTACGT-1_1_1"
"2294","TCTGGCTGTGCTATTG-1_1_1"
"2295","TCTGGCTTCGCCGTGA-1_1_1"
"2296","TCTGGCTTCTCATTAC-1_1_1"
"2297","TCTGTCGAGATCGGTG-1_1_1"
"2298","TCTGTCGCAAACGTGG-1_1_1"
"2299","TCTGTCGCATGGAGAC-1_1_1"
"2300","TCTGTCGTCTCCGATC-1_1_1"
"2301","TCTGTCGTCTGAGAAA-1_1_1"
"2302","TCTTAGTAGCCTTTCC-1_1_1"
"2303","TCTTAGTCAGAGTGTG-1_1_1"
"2304","TCTTAGTGTCATAGTC-1_1_1"
"2305","TCTTAGTTCAAAGAAC-1_1_1"
"2306","TCTTAGTTCGGTTCAA-1_1_1"
"2307","TCTTCCTAGCAATTAG-1_1_1"
"2308","TCTTGCGAGTTCATCG-1_1_1"
"2309","TCTTGCGGTGGTTCTA-1_1_1"
"2310","TCTTGCGTCATGGCCG-1_1_1"
"2311","TCTTGCGTCGCCTTTG-1_1_1"
"2312","TCTTTGAAGCTATCTG-1_1_1"
"2313","TCTTTGAAGTGATGGC-1_1_1"
"2314","TCTTTGAGTCATGGCC-1_1_1"
"2315","TCTTTGAGTTGCGAAG-1_1_1"
"2316","TCTTTGATCTGAATGC-1_1_1"
"2317","TCTTTGATCTGGCCAG-1_1_1"
"2318","TGAACGTCAATGAACA-1_1_1"
"2319","TGAACGTCAGTACTAC-1_1_1"
"2320","TGAACGTTCACCCATC-1_1_1"
"2321","TGAATCGGTACTGTTG-1_1_1"
"2322","TGAATCGGTAGCTGCC-1_1_1"
"2323","TGAATCGGTTGCTCCT-1_1_1"
"2324","TGAATCGTCGATACGT-1_1_1"
"2325","TGAATCGTCTGTCGCT-1_1_1"
"2326","TGAATGCCATGTAACC-1_1_1"
"2327","TGAATGCGTTCCTTGC-1_1_1"
"2328","TGACAGTAGAGCAGAA-1_1_1"
"2329","TGACAGTAGAGGCTGT-1_1_1"
"2330","TGACAGTCACGGTGCT-1_1_1"
"2331","TGACAGTGTGCAACAG-1_1_1"
"2332","TGACAGTTCCCGGTAG-1_1_1"
"2333","TGACCCTCATTAAAGG-1_1_1"
"2334","TGACCCTGTCTTCTAT-1_1_1"
"2335","TGACGCGTCAACCTTT-1_1_1"
"2336","TGACGCGTCAGTGGGA-1_1_1"
"2337","TGACTCCAGAACTTCC-1_1_1"
"2338","TGACTCCGTAAGATAC-1_1_1"
"2339","TGACTCCTCCTACGAA-1_1_1"
"2340","TGAGACTGTGGAAATT-1_1_1"
"2341","TGAGACTGTGTCGATT-1_1_1"
"2342","TGAGCATCACAATGCT-1_1_1"
"2343","TGAGCATCATTCATCT-1_1_1"
"2344","TGAGCATTCTCCACTG-1_1_1"
"2345","TGAGCGCAGAGTTGAT-1_1_1"
"2346","TGAGCGCAGGATTTGA-1_1_1"
"2347","TGAGCGCGTTAGAGTA-1_1_1"
"2348","TGAGCGCTCTTCGGAA-1_1_1"
"2349","TGAGGAGTCATCGACA-1_1_1"
"2350","TGAGGAGTCGATCCAA-1_1_1"
"2351","TGAGGGACAAATTAGG-1_1_1"
"2352","TGAGGGAGTACAGAAT-1_1_1"
"2353","TGAGGTTAGTTGAAGT-1_1_1"
"2354","TGAGGTTCAAACACGG-1_1_1"
"2355","TGAGGTTGTTCTCCCA-1_1_1"
"2356","TGAGGTTTCTGTCAGA-1_1_1"
"2357","TGAGTCAAGAATCGAT-1_1_1"
"2358","TGAGTCACATTGTACG-1_1_1"
"2359","TGAGTCAGTCATTCCC-1_1_1"
"2360","TGAGTCAGTCGCAACC-1_1_1"
"2361","TGATCAGGTCGGTACC-1_1_1"
"2362","TGATCTTAGCAACCAG-1_1_1"
"2363","TGATCTTTCGCTGCGA-1_1_1"
"2364","TGATGCAAGATAGCTA-1_1_1"
"2365","TGATGCAAGGTGAGAA-1_1_1"
"2366","TGATGCAGTTCATCGA-1_1_1"
"2367","TGATGGTAGACTAAGT-1_1_1"
"2368","TGATGGTCAAATGGAT-1_1_1"
"2369","TGATTCTAGCAGCCCT-1_1_1"
"2370","TGATTCTAGGTAATCA-1_1_1"
"2371","TGATTCTCAAAGACGC-1_1_1"
"2372","TGATTCTCAATATCCG-1_1_1"
"2373","TGATTCTGTAGACAAT-1_1_1"
"2374","TGATTTCAGCAATAGT-1_1_1"
"2375","TGATTTCCACTCCGAG-1_1_1"
"2376","TGATTTCCAGACCAAG-1_1_1"
"2377","TGATTTCGTAGGTGCA-1_1_1"
"2378","TGATTTCTCAACTGGT-1_1_1"
"2379","TGCACGGAGATCCCAT-1_1_1"
"2380","TGCACGGGTACTGGGA-1_1_1"
"2381","TGCACGGGTCGGTACC-1_1_1"
"2382","TGCACGGGTTATCTGG-1_1_1"
"2383","TGCAGATCAACTTGCA-1_1_1"
"2384","TGCAGATGTGAATTAG-1_1_1"
"2385","TGCAGATTCGCCGAGT-1_1_1"
"2386","TGCAGGCAGGTCGAGT-1_1_1"
"2387","TGCAGGCGTGAGTAAT-1_1_1"
"2388","TGCAGGCTCGGCAGTC-1_1_1"
"2389","TGCAGTAGTCGTGGTC-1_1_1"
"2390","TGCATCCCACACCTAA-1_1_1"
"2391","TGCATCCGTCCCACGA-1_1_1"
"2392","TGCATCCTCCGGACGT-1_1_1"
"2393","TGCATGAAGGAAGAAC-1_1_1"
"2394","TGCATGAAGTGCCGAA-1_1_1"
"2395","TGCATGACAGCACCCA-1_1_1"
"2396","TGCATGAGTAGACACG-1_1_1"
"2397","TGCCGAGTCATGAGTC-1_1_1"
"2398","TGCGACGCAGTCACGC-1_1_1"
"2399","TGCGACGGTCACCCTT-1_1_1"
"2400","TGCGACGGTGATCGTT-1_1_1"
"2401","TGCGATAGTAGCCAGA-1_1_1"
"2402","TGCGATATCGTGGACC-1_1_1"
"2403","TGCGATATCTACCTTA-1_1_1"
"2404","TGCGGCAGTCACTTAG-1_1_1"
"2405","TGCGGCAGTCCTATAG-1_1_1"
"2406","TGCGGCATCTGCATAG-1_1_1"
"2407","TGCGGGTAGAAACCCG-1_1_1"
"2408","TGCGGGTAGAATTTGG-1_1_1"
"2409","TGCGGGTAGCGCCATC-1_1_1"
"2410","TGCGGGTCATACAGGG-1_1_1"
"2411","TGCGGGTTCGAGAACG-1_1_1"
"2412","TGCGGGTTCGGTAGGA-1_1_1"
"2413","TGCTCCAGTCACGACC-1_1_1"
"2414","TGCTCGTGTAATGCGG-1_1_1"
"2415","TGCTGAAAGTCCCGAC-1_1_1"
"2416","TGCTGAACACGCTTAA-1_1_1"
"2417","TGCTGAACACGGCACT-1_1_1"
"2418","TGCTGAAGTGCATGAG-1_1_1"
"2419","TGCTGAAGTTCGGCTG-1_1_1"
"2420","TGCTGAATCTGGGTCG-1_1_1"
"2421","TGCTTCGAGACCACGA-1_1_1"
"2422","TGCTTCGAGGCGAACT-1_1_1"
"2423","TGCTTGCAGCTGGTGA-1_1_1"
"2424","TGCTTGCCAAATGGAT-1_1_1"
"2425","TGGAACTAGCATGATA-1_1_1"
"2426","TGGAACTCAAAGAACT-1_1_1"
"2427","TGGAACTCAAGAGGTC-1_1_1"
"2428","TGGAACTCAGCGTGCT-1_1_1"
"2429","TGGAACTGTTCGATTG-1_1_1"
"2430","TGGAACTTCTCAATCT-1_1_1"
"2431","TGGAACTTCTGAGAGG-1_1_1"
"2432","TGGAGAGAGTGGATAT-1_1_1"
"2433","TGGAGGAAGGTCTTTG-1_1_1"
"2434","TGGAGGATCCATATGG-1_1_1"
"2435","TGGATCAAGATAACGT-1_1_1"
"2436","TGGATCATCTATCGCC-1_1_1"
"2437","TGGATGTTCACCCTTG-1_1_1"
"2438","TGGCGTGGTCGACTGC-1_1_1"
"2439","TGGCGTGGTTCACCGG-1_1_1"
"2440","TGGCGTGTCACGGACC-1_1_1"
"2441","TGGGAAGCACGGCCAT-1_1_1"
"2442","TGGGAAGCATGGCGCT-1_1_1"
"2443","TGGGAAGTCAAGTCTG-1_1_1"
"2444","TGGGAAGTCACGGACC-1_1_1"
"2445","TGGGAAGTCCACGTAA-1_1_1"
"2446","TGGGAGAAGAAGCGAA-1_1_1"
"2447","TGGGAGAAGATGGTCG-1_1_1"
"2448","TGGGAGACAACGACAG-1_1_1"
"2449","TGGGAGACAGTATTCG-1_1_1"
"2450","TGGGATTAGGAAGTAG-1_1_1"
"2451","TGGGATTCATCTCCCA-1_1_1"
"2452","TGGGATTGTCTATGAC-1_1_1"
"2453","TGGGCGTAGAGTATAC-1_1_1"
"2454","TGGGCGTTCGATGCAT-1_1_1"
"2455","TGGGCTGAGGAGCAAA-1_1_1"
"2456","TGGGCTGCACAAAGCG-1_1_1"
"2457","TGGGTTAAGACGCAGT-1_1_1"
"2458","TGGGTTAAGCTGTCCG-1_1_1"
"2459","TGGGTTAGTGTGTGTT-1_1_1"
"2460","TGGGTTATCTAGCCAA-1_1_1"
"2461","TGGTACAGTCGGAACA-1_1_1"
"2462","TGGTACAGTTGTCATG-1_1_1"
"2463","TGGTAGTAGTGAACAT-1_1_1"
"2464","TGGTAGTCACGCGTCA-1_1_1"
"2465","TGGTGATTCATACGAC-1_1_1"
"2466","TGGTGATTCTCACGAA-1_1_1"
"2467","TGGTTAGGTCCAATCA-1_1_1"
"2468","TGTAACGCAGCTGTGC-1_1_1"
"2469","TGTAACGTCCCAGCGA-1_1_1"
"2470","TGTAACGTCTTCTGTA-1_1_1"
"2471","TGTAAGCCAGTTCACA-1_1_1"
"2472","TGTAAGCGTATCAGCT-1_1_1"
"2473","TGTAAGCGTTGCCGCA-1_1_1"
"2474","TGTAAGCTCCATCTCG-1_1_1"
"2475","TGTAAGCTCGCTCATC-1_1_1"
"2476","TGTAGACAGACATGCG-1_1_1"
"2477","TGTCAGAAGGTATTGA-1_1_1"
"2478","TGTCAGAAGTTTCAGC-1_1_1"
"2479","TGTCAGACAGTCACGC-1_1_1"
"2480","TGTCAGACATGTCTAG-1_1_1"
"2481","TGTCAGAGTGGACTGA-1_1_1"
"2482","TGTCAGATCACCGGGT-1_1_1"
"2483","TGTCCACCAATCTCTT-1_1_1"
"2484","TGTCCACCAGAATCGG-1_1_1"
"2485","TGTCCACCAGATTAAG-1_1_1"
"2486","TGTCCCAGTATGACAA-1_1_1"
"2487","TGTCCCAGTGCCTTCT-1_1_1"
"2488","TGTCCTGCATCTGTTT-1_1_1"
"2489","TGTGAGTCAACCGGAA-1_1_1"
"2490","TGTGAGTCACCCTTAC-1_1_1"
"2491","TGTGAGTGTAGATCCT-1_1_1"
"2492","TGTGATGAGCCGATTT-1_1_1"
"2493","TGTGATGAGGTGGTTG-1_1_1"
"2494","TGTGATGAGTCAGGGT-1_1_1"
"2495","TGTGATGCAATGCAAA-1_1_1"
"2496","TGTGATGGTATGAGAT-1_1_1"
"2497","TGTGCGGAGACATACA-1_1_1"
"2498","TGTGCGGAGGGACACT-1_1_1"
"2499","TGTGCGGCATCGATGT-1_1_1"
"2500","TGTGTGACAGGAATAT-1_1_1"
"2501","TGTGTGAGTATGCTAC-1_1_1"
"2502","TGTGTGAGTGATATAG-1_1_1"
"2503","TGTGTGATCCAACTGA-1_1_1"
"2504","TGTGTGATCGACATCA-1_1_1"
"2505","TGTTCATAGGTAAGAG-1_1_1"
"2506","TGTTCATCACATATCG-1_1_1"
"2507","TGTTCTAAGTATGAAC-1_1_1"
"2508","TGTTCTAGTATCGATC-1_1_1"
"2509","TGTTCTATCTTCCTAA-1_1_1"
"2510","TGTTGAGAGCCTGGAA-1_1_1"
"2511","TGTTGAGAGTCTCCTC-1_1_1"
"2512","TGTTGAGTCACTCCGT-1_1_1"
"2513","TGTTGAGTCCAAGCCG-1_1_1"
"2514","TGTTGGAAGCGCTGAA-1_1_1"
"2515","TGTTGGAGTACACGCC-1_1_1"
"2516","TGTTGGAGTATCCCTC-1_1_1"
"2517","TGTTGGATCCAATCTT-1_1_1"
"2518","TGTTGGATCCACTTTA-1_1_1"
"2519","TGTTTGTCAGACCAAG-1_1_1"
"2520","TGTTTGTGTCACTCTC-1_1_1"
"2521","TGTTTGTGTCATCCGG-1_1_1"
"2522","TTAATCCAGGATATGT-1_1_1"
"2523","TTACAGGGTCTCAAGT-1_1_1"
"2524","TTACCATAGACTGGGT-1_1_1"
"2525","TTACCATTCGGCTATA-1_1_1"
"2526","TTACCGCTCATGAGTC-1_1_1"
"2527","TTACCGCTCCGCGATG-1_1_1"
"2528","TTACGTTCAATGGCAG-1_1_1"
"2529","TTACTGTAGCGCCTAC-1_1_1"
"2530","TTACTGTTCTGGCCTT-1_1_1"
"2531","TTAGGCAAGGGAGTGG-1_1_1"
"2532","TTAGGGTCAAGCAATA-1_1_1"
"2533","TTAGGGTGTTCCCACT-1_1_1"
"2534","TTAGGGTTCGGTCTAA-1_1_1"
"2535","TTAGTCTCAGATCCTA-1_1_1"
"2536","TTCAATCAGAACGCGT-1_1_1"
"2537","TTCAATCAGTTGTACC-1_1_1"
"2538","TTCAATCCAGACGGAT-1_1_1"
"2539","TTCAATCTCAGACAAA-1_1_1"
"2540","TTCACCGAGACAAGCC-1_1_1"
"2541","TTCACCGAGATGAATC-1_1_1"
"2542","TTCACCGGTCAAGCGA-1_1_1"
"2543","TTCACCGGTGCCCTTT-1_1_1"
"2544","TTCACGCGTGTTAACC-1_1_1"
"2545","TTCAGGACAAGAATAC-1_1_1"
"2546","TTCAGGACAGCCTTCT-1_1_1"
"2547","TTCAGGAGTAGTCGTT-1_1_1"
"2548","TTCATGTAGGCCTTGC-1_1_1"
"2549","TTCATGTCAACTGCTA-1_1_1"
"2550","TTCATGTTCAACCTTT-1_1_1"
"2551","TTCATTGAGGCTGGAT-1_1_1"
"2552","TTCATTGAGTATAGAC-1_1_1"
"2553","TTCATTGCACGCAAAG-1_1_1"
"2554","TTCATTGCAGGTGTTT-1_1_1"
"2555","TTCATTGTCCAAGGGA-1_1_1"
"2556","TTCCAATAGGCCTAGA-1_1_1"
"2557","TTCCAATAGGTAAGTT-1_1_1"
"2558","TTCCAATGTTTCAGAC-1_1_1"
"2559","TTCCACGGTGTCGATT-1_1_1"
"2560","TTCCACGTCACTCCGT-1_1_1"
"2561","TTCCACGTCAGGTGTT-1_1_1"
"2562","TTCCGGTAGGCTCAAG-1_1_1"
"2563","TTCCGGTTCCAGGACC-1_1_1"
"2564","TTCCGGTTCCTACACC-1_1_1"
"2565","TTCCGTGCACTCCTTG-1_1_1"
"2566","TTCCGTGCAGGTTCCG-1_1_1"
"2567","TTCCGTGGTACCACGC-1_1_1"
"2568","TTCCGTGGTCAGACGA-1_1_1"
"2569","TTCCGTGTCCACAGCG-1_1_1"
"2570","TTCCTAACAAGTTGGG-1_1_1"
"2571","TTCCTCTAGGATTTGA-1_1_1"
"2572","TTCCTCTAGTTGCGAG-1_1_1"
"2573","TTCCTCTGTATCGCGC-1_1_1"
"2574","TTCCTCTGTGGCTGAA-1_1_1"
"2575","TTCCTCTTCCCGAGAC-1_1_1"
"2576","TTCCTTCAGAACTTCC-1_1_1"
"2577","TTCCTTCAGAGGTATT-1_1_1"
"2578","TTCCTTCAGATCCTAC-1_1_1"
"2579","TTCCTTCAGTAGTGCG-1_1_1"
"2580","TTCCTTCGTATACCTG-1_1_1"
"2581","TTCCTTCGTTTCGTAG-1_1_1"
"2582","TTCGCTGTCTAAGCGT-1_1_1"
"2583","TTCGGTCAGAATTTGG-1_1_1"
"2584","TTCGGTCAGCAAGTCG-1_1_1"
"2585","TTCGGTCCACAGTATC-1_1_1"
"2586","TTCGGTCCAGAAATTG-1_1_1"
"2587","TTCGGTCGTGATGGCA-1_1_1"
"2588","TTCTAACGTGGAAGTC-1_1_1"
"2589","TTCTAGTCAACGTAAA-1_1_1"
"2590","TTCTAGTGTCTAGGCC-1_1_1"
"2591","TTCTAGTTCGCCTCTA-1_1_1"
"2592","TTCTAGTTCTTACCAT-1_1_1"
"2593","TTCTCTCCACTCATAG-1_1_1"
"2594","TTCTCTCTCTTAATCC-1_1_1"
"2595","TTCTTCCAGCGTATGG-1_1_1"
"2596","TTCTTCCAGCTAAATG-1_1_1"
"2597","TTCTTCCAGTCAGAGC-1_1_1"
"2598","TTCTTCCAGTGTTGTC-1_1_1"
"2599","TTCTTCCCAGCCCAGT-1_1_1"
"2600","TTCTTGAAGCTCAGAG-1_1_1"
"2601","TTCTTGAAGCTCCCTT-1_1_1"
"2602","TTCTTGAAGTAGATCA-1_1_1"
"2603","TTGAACGAGTTTGGCT-1_1_1"
"2604","TTGAACGCATACACCA-1_1_1"
"2605","TTGAACGGTCGTCATA-1_1_1"
"2606","TTGAACGGTTGTAGCT-1_1_1"
"2607","TTGACCCCAGGAGGTT-1_1_1"
"2608","TTGACCCTCGCTCTCA-1_1_1"
"2609","TTGACCCTCTTGAACG-1_1_1"
"2610","TTGATGGAGCATTGTC-1_1_1"
"2611","TTGATGGAGGAAGAAC-1_1_1"
"2612","TTGATGGGTCCAAGAG-1_1_1"
"2613","TTGATGGGTTGCCGAC-1_1_1"
"2614","TTGATGGTCTCAGAAC-1_1_1"
"2615","TTGATGGTCTTTGCGC-1_1_1"
"2616","TTGCATTAGCGGGTAT-1_1_1"
"2617","TTGCCTGCAACCTATG-1_1_1"
"2618","TTGCCTGCAATGTCAC-1_1_1"
"2619","TTGCCTGCATGGGTTT-1_1_1"
"2620","TTGCCTGCATGTTCGA-1_1_1"
"2621","TTGCCTGTCGCAGATT-1_1_1"
"2622","TTGCGTCTCCACTTTA-1_1_1"
"2623","TTGCTGCAGGCCTTCG-1_1_1"
"2624","TTGGATGGTCCACATA-1_1_1"
"2625","TTGGGATAGCAAGCCA-1_1_1"
"2626","TTGGGATCAGCTGTAT-1_1_1"
"2627","TTGGGATCATCCGATA-1_1_1"
"2628","TTGGGCGGTGCAATAA-1_1_1"
"2629","TTGGGCGTCTTACTGT-1_1_1"
"2630","TTGGGTAGTAGTATAG-1_1_1"
"2631","TTGGGTAGTCGGAAAC-1_1_1"
"2632","TTGGGTAGTCTTCATT-1_1_1"
"2633","TTGGGTAGTGACTGAG-1_1_1"
"2634","TTGGTTTCATAGACTC-1_1_1"
"2635","TTGTGGAAGGGCTAAC-1_1_1"
"2636","TTGTGGAGTCAGATTC-1_1_1"
"2637","TTGTGGATCTGGGTCG-1_1_1"
"2638","TTGTTCAAGAGCATAT-1_1_1"
"2639","TTGTTGTTCGTGAGAG-1_1_1"
"2640","TTTACCAAGCACCGAA-1_1_1"
"2641","TTTACCAGTACCTATG-1_1_1"
"2642","TTTACCATCGTGGCGT-1_1_1"
"2643","TTTACGTAGAGCAGAA-1_1_1"
"2644","TTTACGTAGGAGAATG-1_1_1"
"2645","TTTACTGGTAGTGTGG-1_1_1"
"2646","TTTACTGTCACTTATC-1_1_1"
"2647","TTTAGTCCAAATGGAT-1_1_1"
"2648","TTTAGTCGTATAGCTC-1_1_1"
"2649","TTTAGTCGTGTATTGC-1_1_1"
"2650","TTTAGTCTCACATCAG-1_1_1"
"2651","TTTAGTCTCTACTATC-1_1_1"
"2652","TTTATGCAGTGGGAAA-1_1_1"
"2653","TTTATGCCACATGGTT-1_1_1"
"2654","TTTATGCTCATGAGTC-1_1_1"
"2655","TTTCACACATGCAGGA-1_1_1"
"2656","TTTCACAGTCAGGTGA-1_1_1"
"2657","TTTCAGTAGGTTCCGC-1_1_1"
"2658","TTTCAGTCAACCGACC-1_1_1"
"2659","TTTCAGTCACACGTGC-1_1_1"
"2660","TTTCAGTCACTACAGT-1_1_1"
"2661","TTTCAGTGTTCAGCGC-1_1_1"
"2662","TTTCAGTTCCGAAATC-1_1_1"
"2663","TTTCATGGTCTGTGGC-1_1_1"
"2664","TTTCATGGTGGTACAG-1_1_1"
"2665","TTTCATGGTGTAGCAG-1_1_1"
"2666","TTTCGATAGCTAATGA-1_1_1"
"2667","TTTCGATAGTGCACAG-1_1_1"
"2668","TTTGACTCACATACTG-1_1_1"
"2669","TTTGACTGTCGTTCAA-1_1_1"
"2670","TTTGATCGTACGCTAT-1_1_1"
"2671","TTTGATCTCGCCAATA-1_1_1"
"2672","TTTGGAGGTTCGTACA-1_1_1"
"2673","TTTGGTTCAAAGCGTG-1_1_1"
"2674","TTTGGTTTCCTGATAG-1_1_1"
"2675","TTTGTTGCATCCGGTG-1_1_1"
